run_id,decision_id,clearance_cells,clearance_meters,count,reference_navigable_count
mpx_010,1,1.0,0.05,349,0
mpx_010,1,1.4142135623730951,0.07071067811865477,7,0
mpx_010,1,2.0,0.1,381,0
mpx_010,1,2.23606797749979,0.1118033988749895,15,0
mpx_010,1,2.8284271247461903,0.14142135623730953,8,0
mpx_010,1,3.0,0.15000000000000002,266,0
mpx_010,1,3.1622776601683795,0.158113883008419,10,0
mpx_010,1,3.605551275463989,0.18027756377319948,13,0
mpx_010,1,4.0,0.2,266,0
mpx_010,1,4.123105625617661,0.20615528128088303,7,0
mpx_010,1,4.242640687119285,0.21213203435596426,5,0
mpx_010,1,4.47213595499958,0.223606797749979,10,10
mpx_010,1,5.0,0.25,301,271
mpx_010,1,5.0990195135927845,0.25495097567963926,7,7
mpx_010,1,5.385164807134504,0.2692582403567252,11,11
mpx_010,1,5.656854249492381,0.28284271247461906,2,2
mpx_010,1,5.830951894845301,0.29154759474226505,8,8
mpx_010,1,6.0,0.30000000000000004,246,214
mpx_010,1,6.082762530298219,0.304138126514911,6,6
mpx_010,1,6.324555320336759,0.316227766016838,10,10
mpx_010,1,6.4031242374328485,0.32015621187164245,4,4
mpx_010,1,6.708203932499369,0.3354101966249685,8,8
mpx_010,1,7.0,0.35000000000000003,276,246
mpx_010,1,7.0710678118654755,0.3535533905932738,8,8
mpx_010,1,7.211102550927978,0.36055512754639896,4,4
mpx_010,1,7.280109889280518,0.3640054944640259,9,9
mpx_010,1,7.615773105863909,0.38078865529319544,7,7
mpx_010,1,7.810249675906654,0.3905124837953327,5,5
mpx_010,1,8.0,0.4,195,167
mpx_010,1,8.06225774829855,0.40311288741492746,10,10
mpx_010,1,8.246211251235321,0.41231056256176607,8,8
mpx_010,1,8.48528137423857,0.4242640687119285,2,2
mpx_010,1,8.54400374531753,0.42720018726587655,6,6
mpx_010,1,8.602325267042627,0.4301162633521314,5,5
mpx_010,1,8.94427190999916,0.447213595499958,4,4
mpx_010,1,9.0,0.45,175,129
mpx_010,1,9.055385138137417,0.45276925690687087,8,6
mpx_010,1,9.219544457292887,0.4609772228646444,14,13
mpx_010,1,9.433981132056603,0.4716990566028302,5,5
mpx_010,1,9.486832980505138,0.47434164902525694,8,7
mpx_010,1,9.848857801796104,0.49244289008980524,5,4
mpx_010,1,9.899494936611665,0.4949747468305833,2,2
mpx_010,1,10.0,0.5,169,125
mpx_010,1,10.04987562112089,0.5024937810560445,9,7
mpx_010,1,10.198039027185569,0.5099019513592785,11,10
mpx_010,1,10.295630140987,0.5147815070493501,6,5
mpx_010,1,10.44030650891055,0.5220153254455275,8,7
mpx_010,1,10.63014581273465,0.5315072906367325,4,4
mpx_010,1,10.770329614269007,0.5385164807134504,5,4
mpx_010,1,10.816653826391969,0.5408326913195984,6,5
mpx_010,1,11.0,0.55,163,77
mpx_010,1,11.045361017187261,0.552268050859363,8,6
mpx_010,1,11.180339887498949,0.5590169943749475,19,15
mpx_010,1,11.313708498984761,0.5656854249492381,2,2
mpx_010,1,11.40175425099138,0.570087712549569,15,11
mpx_010,1,11.661903789690601,0.5830951894845301,6,5
mpx_010,1,11.704699910719626,0.5852349955359814,7,4
mpx_010,1,12.0,0.6000000000000001,164,80
mpx_010,1,12.041594578792296,0.6020797289396148,11,8
mpx_010,1,12.083045973594572,0.6041522986797286,8,5
mpx_010,1,12.165525060596439,0.608276253029822,10,7
mpx_010,1,12.206555615733702,0.6103277807866851,5,4
mpx_010,1,12.36931687685298,0.6184658438426491,8,5
mpx_010,1,12.529964086141668,0.6264982043070835,8,5
mpx_010,1,12.649110640673518,0.632455532033676,5,2
mpx_010,1,12.727922061357855,0.6363961030678928,3,2
mpx_010,1,12.806248474865697,0.6403124237432849,5,4
mpx_010,1,13.0,0.65,153,77
mpx_010,1,13.038404810405298,0.651920240520265,10,6
mpx_010,1,13.152946437965905,0.6576473218982953,3,3
mpx_010,1,13.341664064126334,0.6670832032063168,1,1
mpx_010,1,13.416407864998739,0.670820393249937,6,3
mpx_010,1,13.45362404707371,0.6726812023536856,6,4
mpx_010,1,13.601470508735444,0.6800735254367722,9,4
mpx_010,1,13.892443989449804,0.6946221994724903,6,3
mpx_010,1,13.92838827718412,0.696419413859206,3,1
mpx_010,1,14.0,0.7000000000000001,130,61
mpx_010,1,14.035668847618199,0.70178344238091,3,2
mpx_010,1,14.142135623730951,0.7071067811865476,6,5
mpx_010,1,14.212670403551895,0.7106335201775948,8,4
mpx_010,1,14.317821063276353,0.7158910531638177,4,2
mpx_010,1,14.422205101855956,0.7211102550927979,5,2
mpx_010,1,14.560219778561036,0.7280109889280518,2,0
mpx_010,1,14.7648230602334,0.73824115301167,3,1
mpx_010,1,14.866068747318506,0.7433034373659253,11,5
mpx_010,1,15.0,0.75,110,87
mpx_010,1,15.033296378372908,0.7516648189186454,5,4
mpx_010,1,15.132745950421556,0.7566372975210779,5,5
mpx_010,1,15.231546211727817,0.7615773105863909,3,1
mpx_010,1,15.264337522473747,0.7632168761236874,2,0
mpx_010,1,15.297058540778355,0.7648529270389178,3,3
mpx_010,1,15.524174696260024,0.7762087348130012,3,2
mpx_010,1,15.556349186104045,0.7778174593052023,5,2
mpx_010,1,15.620499351813308,0.7810249675906654,6,2
mpx_010,1,15.652475842498529,0.7826237921249265,3,1
mpx_010,1,15.811388300841896,0.7905694150420949,7,3
mpx_010,1,16.0,0.8,72,55
mpx_010,1,16.0312195418814,0.8015609770940699,5,4
mpx_010,1,16.1245154965971,0.8062257748298549,7,5
mpx_010,1,16.15549442140351,0.8077747210701756,3,2
mpx_010,1,16.278820596099706,0.8139410298049854,11,5
mpx_010,1,16.401219466856727,0.8200609733428363,3,0
mpx_010,1,16.492422502470642,0.8246211251235321,3,2
mpx_010,1,16.55294535724685,0.8276472678623424,3,2
mpx_010,1,16.64331697709324,0.8321658488546619,3,0
mpx_010,1,16.76305461424021,0.8381527307120106,4,3
mpx_010,1,16.97056274847714,0.848528137423857,3,0
mpx_010,1,17.0,0.8500000000000001,70,54
mpx_010,1,17.029386365926403,0.8514693182963202,9,4
mpx_010,1,17.08800749063506,0.8544003745317531,3,2
mpx_010,1,17.11724276862369,0.8558621384311845,5,5
mpx_010,1,17.204650534085253,0.8602325267042628,2,0
mpx_010,1,17.26267650163207,0.8631338250816034,3,3
mpx_010,1,17.46424919657298,0.873212459828649,6,5
mpx_010,1,17.4928556845359,0.8746427842267951,2,1
mpx_010,1,17.69180601295413,0.8845903006477066,4,0
mpx_010,1,17.72004514666935,0.8860022573334675,3,3
mpx_010,1,17.804493814764857,0.890224690738243,4,0
mpx_010,1,17.88854381999832,0.894427190999916,4,3
mpx_010,1,18.0,0.9,62,52
mpx_010,1,18.027756377319946,0.9013878188659974,7,6
mpx_010,1,18.110770276274835,0.9055385138137417,4,4
mpx_010,1,18.24828759089466,0.912414379544733,3,3
mpx_010,1,18.35755975068582,0.9178779875342911,2,1
mpx_010,1,18.384776310850235,0.9192388155425117,4,3
mpx_010,1,18.439088914585774,0.9219544457292888,5,2
mpx_010,1,18.601075237738275,0.9300537618869138,3,1
mpx_010,1,18.681541692269406,0.9340770846134703,3,3
mpx_010,1,18.788294228055936,0.9394147114027969,3,3
mpx_010,1,18.867962264113206,0.9433981132056604,2,1
mpx_010,1,18.973665961010276,0.9486832980505139,2,2
mpx_010,1,19.0,0.9500000000000001,48,40
mpx_010,1,19.026297590440446,0.9513148795220223,1,1
mpx_010,1,19.1049731745428,0.95524865872714,5,2
mpx_010,1,19.209372712298546,0.9604686356149273,4,2
mpx_010,1,19.235384061671343,0.9617692030835672,2,2
mpx_010,1,19.313207915827967,0.9656603957913984,3,3
mpx_010,1,19.4164878389476,0.97082439194738,4,2
mpx_010,1,19.6468827043885,0.982344135219425,2,2
mpx_010,1,19.697715603592208,0.9848857801796105,3,3
mpx_010,1,19.72308292331602,0.9861541461658011,2,2
mpx_010,1,19.79898987322333,0.9899494936611666,2,0
mpx_010,1,19.849433241279208,0.9924716620639604,4,2
mpx_010,1,19.924858845171276,0.9962429422585638,2,2
mpx_010,1,20.0,1.0,52,42
mpx_010,1,20.024984394500787,1.0012492197250393,1,1
mpx_010,1,20.09975124224178,1.004987562112089,2,2
mpx_010,1,20.12461179749811,1.0062305898749055,1,1
mpx_010,1,20.223748416156685,1.0111874208078342,1,1
mpx_010,1,20.248456731316587,1.0124228365658294,7,5
mpx_010,1,20.396078054371138,1.019803902718557,1,1
mpx_010,1,20.518284528683193,1.0259142264341596,3,1
mpx_010,1,20.591260281974,1.0295630140987002,2,2
mpx_010,1,20.615528128088304,1.0307764064044151,9,7
mpx_010,1,20.808652046684813,1.0404326023342407,4,2
mpx_010,1,20.8806130178211,1.044030650891055,3,3
mpx_010,1,21.0,1.05,46,38
mpx_010,1,21.02379604162864,1.051189802081432,1,1
mpx_010,1,21.095023109728988,1.0547511554864495,6,4
mpx_010,1,21.18962010041709,1.0594810050208545,3,3
mpx_010,1,21.213203435596427,1.0606601717798214,2,2
mpx_010,1,21.2602916254693,1.063014581273465,3,1
mpx_010,1,21.37755832643195,1.0688779163215976,1,1
mpx_010,1,21.400934559032695,1.0700467279516348,4,2
mpx_010,1,21.470910553583888,1.0735455276791945,1,1
mpx_010,1,21.540659228538015,1.0770329614269007,1,1
mpx_010,1,21.587033144922902,1.0793516572461452,3,3
mpx_010,1,21.633307652783937,1.0816653826391969,4,2
mpx_010,1,21.840329667841555,1.0920164833920778,3,3
mpx_010,1,21.93171219946131,1.0965856099730655,1,1
mpx_010,1,21.95449840010015,1.0977249200050074,3,1
mpx_010,1,22.0,1.1,48,40
mpx_010,1,22.02271554554524,1.101135777277262,4,2
mpx_010,1,22.090722034374522,1.104536101718726,3,3
mpx_010,1,22.135943621178654,1.1067971810589328,1,1
mpx_010,1,22.20360331117452,1.110180165558726,5,3
mpx_010,1,22.360679774997898,1.118033988749895,3,3
mpx_010,1,22.47220505424423,1.1236102527122116,4,2
mpx_010,1,22.561028345356956,1.1280514172678477,2,2
mpx_010,1,22.80350850198276,1.140175425099138,4,2
mpx_010,1,22.825424421026653,1.1412712210513327,3,1
mpx_010,1,22.847319317591726,1.1423659658795864,1,1
mpx_010,1,23.0,1.1500000000000001,43,35
mpx_010,1,23.021728866442675,1.1510864433221337,3,1
mpx_010,1,23.08679276123039,1.1543396380615196,4,4
mpx_010,1,23.194827009486403,1.1597413504743201,2,2
mpx_010,1,23.259406699226016,1.1629703349613008,1,1
mpx_010,1,23.323807579381203,1.1661903789690602,2,0
mpx_010,1,23.345235059857504,1.1672617529928753,2,2
mpx_010,1,23.40939982143925,1.1704699910719627,1,1
mpx_010,1,23.53720459187964,1.176860229593982,2,2
mpx_010,1,23.600847442411894,1.1800423721205948,2,0
mpx_010,1,23.706539182259394,1.1853269591129698,3,1
mpx_010,1,23.769728648009426,1.1884864324004714,2,2
mpx_010,1,23.853720883753127,1.1926860441876563,2,0
mpx_010,1,24.0,1.2000000000000002,18,10
mpx_010,1,24.020824298928627,1.2010412149464313,1,1
mpx_010,1,24.041630560342615,1.2020815280171309,1,1
mpx_010,1,24.08318915758459,1.2041594578792296,1,1
mpx_010,1,24.166091947189145,1.2083045973594573,1,1
mpx_010,1,24.186773244895647,1.2093386622447824,2,0
mpx_010,1,24.331050121192877,1.216552506059644,2,2
mpx_010,1,24.351591323771842,1.2175795661885922,1,1
mpx_010,1,24.413111231467404,1.2206555615733703,2,0
mpx_010,1,24.515301344262525,1.2257650672131264,1,1
mpx_010,1,24.596747752497688,1.2298373876248845,2,0
mpx_010,1,24.698178070456937,1.2349089035228469,3,1
mpx_010,1,24.73863375370596,1.2369316876852983,1,1
mpx_010,1,25.0,1.25,34,20
mpx_010,1,25.019992006393608,1.2509996003196804,5,3
mpx_010,1,25.059928172283335,1.252996408614167,2,0
mpx_010,1,25.079872407968907,1.2539936203984454,6,4
mpx_010,1,25.179356624028344,1.2589678312014172,4,2
mpx_010,1,25.238858928247925,1.2619429464123963,2,0
mpx_010,1,25.298221281347036,1.264911064067352,1,1
mpx_010,1,25.317977802344327,1.2658988901172163,4,2
mpx_010,1,25.495097567963924,1.2747548783981963,6,2
mpx_010,1,25.553864678361276,1.2776932339180638,2,0
mpx_010,1,25.632011235952593,1.2816005617976298,1,1
mpx_010,1,25.709920264364882,1.2854960132182442,4,3
mpx_010,1,25.942243542145693,1.2971121771072847,2,0
mpx_010,1,25.96150997149434,1.2980754985747172,4,3
mpx_010,1,26.0,1.3,33,19
mpx_010,1,26.019223662515376,1.3009611831257688,5,3
mpx_010,1,26.076809620810597,1.30384048104053,7,3
mpx_010,1,26.1725046566048,1.3086252328302401,4,2
mpx_010,1,26.248809496813376,1.3124404748406688,4,3
mpx_010,1,26.30589287593181,1.3152946437965907,4,2
mpx_010,1,26.40075756488817,1.3200378782444087,1,0
mpx_010,1,26.419689627245813,1.3209844813622906,2,0
mpx_010,1,26.476404589747453,1.3238202294873727,4,2
mpx_010,1,26.570660511172846,1.3285330255586425,4,3
mpx_010,1,26.68332812825267,1.3341664064126335,3,2
mpx_010,1,26.832815729997478,1.341640786499874,1,0
mpx_010,1,26.92582403567252,1.3462912017836262,8,4
mpx_010,1,27.0,1.35,29,15
mpx_010,1,27.018512172212592,1.3509256086106296,5,3
mpx_010,1,27.073972741361768,1.3536986370680886,5,3
mpx_010,1,27.16615541441225,1.3583077707206126,4,2
mpx_010,1,27.202941017470888,1.3601470508735445,4,3
mpx_010,1,27.294688127912362,1.3647344063956182,6,2
mpx_010,1,27.313000567495326,1.3656500283747663,2,0
mpx_010,1,27.459060435491963,1.3729530217745982,3,2
mpx_010,1,27.51363298439521,1.3756816492197605,3,2
mpx_010,1,27.65863337187866,1.3829316685939332,3,2
mpx_010,1,27.730849247724095,1.3865424623862048,2,0
mpx_010,1,27.784887978899608,1.3892443989449805,2,0
mpx_010,1,27.85677655436824,1.392838827718412,2,1
mpx_010,1,27.892651361962706,1.3946325680981353,3,2
mpx_010,1,28.0,1.4000000000000001,28,14
mpx_010,1,28.0178514522438,1.4008925726121901,5,3
mpx_010,1,28.071337695236398,1.40356688476182,5,3
mpx_010,1,28.160255680657446,1.4080127840328724,6,4
mpx_010,1,28.178005607210743,1.4089002803605373,2,0
mpx_010,1,28.231188426986208,1.4115594213493106,2,0
mpx_010,1,28.284271247461902,1.4142135623730951,4,2
mpx_010,1,28.442925306655784,1.4221462653327892,3,2
mpx_010,1,28.635642126552707,1.4317821063276355,5,2
mpx_010,1,28.653097563788805,1.4326548781894404,2,0
mpx_010,1,28.792360097775937,1.439618004888797,1,1
mpx_010,1,28.861739379323623,1.4430869689661812,3,2
mpx_010,1,29.0,1.4500000000000002,8,0
mpx_010,1,29.068883707497267,1.4534441853748634,3,1
mpx_010,1,29.154759474226502,1.4577379737113252,2,0
mpx_010,1,29.5296461204668,1.47648230602334,2,0
mpx_010,1,29.546573405388315,1.477328670269416,1,0
mpx_010,1,29.68164415931166,1.484082207965583,1,0
mpx_010,1,29.966648127543394,1.4983324063771697,1,0
mpx_010,1,30.0,1.5,8,0
mpx_010,1,30.01666203960727,1.5008331019803636,1,0
mpx_010,1,30.083217912982647,1.5041608956491324,1,0
mpx_010,1,30.23243291566195,1.5116216457830975,1,0
mpx_010,1,30.4138126514911,1.520690632574555,1,0
mpx_010,1,30.463092423455635,1.5231546211727818,1,0
mpx_010,1,30.528675044947494,1.5264337522473748,1,0
mpx_010,1,30.805843601498726,1.5402921800749363,1,0
mpx_010,1,30.870698080866262,1.5435349040433133,1,0
mpx_010,1,31.0,1.55,8,0
mpx_010,1,31.016124838541646,1.5508062419270825,1,0
mpx_010,1,31.064449134018133,1.5532224567009068,1,0
mpx_010,1,31.304951684997057,1.565247584249853,1,0
mpx_010,1,31.38470965295043,1.5692354826475217,1,0
mpx_010,1,31.400636936215164,1.5700318468107584,1,0
mpx_010,1,31.622776601683793,1.5811388300841898,1,0
mpx_010,1,31.78049716414141,1.5890248582070705,1,0
mpx_010,1,31.953090617340916,1.5976545308670458,1,0
mpx_010,1,32.0,1.6,8,0
mpx_010,1,32.01562118716424,1.6007810593582121,1,0
mpx_010,1,32.202484376209235,1.6101242188104619,2,0
mpx_010,1,32.31098884280702,1.6155494421403511,1,0
mpx_010,1,32.449961479175904,1.6224980739587953,1,0
mpx_010,1,32.64965543462902,1.632482771731451,1,0
mpx_010,1,32.69556544854363,1.6347782724271818,1,0
mpx_010,1,32.802438933713454,1.6401219466856727,1,0
mpx_010,1,33.0,1.6500000000000001,14,0
mpx_010,1,33.015148038438355,1.6507574019219178,2,0
mpx_010,1,33.06055050963308,1.6530275254816542,1,0
mpx_010,1,33.13608305156178,1.6568041525780892,1,0
mpx_010,1,33.24154027718932,1.6620770138594663,1,0
mpx_010,1,33.301651610693426,1.6650825805346714,1,0
mpx_010,1,33.37663853655727,1.6688319268278637,1,0
mpx_010,1,33.421549934136806,1.6710774967068405,1,0
mpx_010,1,33.54101966249684,1.6770509831248424,1,0
mpx_010,1,33.60059523282288,1.6800297616411441,1,0
mpx_010,1,33.734255586866,1.6867127793433,1,0
mpx_010,1,33.95585369269929,1.6977926846349647,2,0
mpx_010,1,33.97057550292606,1.6985287751463032,1,0
mpx_010,1,34.0,1.7000000000000002,9,0
mpx_010,1,34.0147027033899,1.700735135169495,1,0
mpx_010,1,34.058772731852805,1.7029386365926404,2,0
mpx_010,1,34.132096331752024,1.7066048165876013,1,0
mpx_010,1,34.20526275297414,1.7102631376487072,2,0
mpx_010,1,34.23448553724738,1.711724276862369,1,0
mpx_010,1,34.36568055487916,1.7182840277439582,1,0
mpx_010,1,34.48187929913333,1.7240939649566667,2,0
mpx_010,1,34.52535300326414,1.7262676501632068,1,0
mpx_010,1,34.655446902326915,1.732772345116346,1,0
mpx_010,1,34.713109915419565,1.7356554957709784,2,0
mpx_010,1,34.785054261852174,1.7392527130926088,2,0
mpx_010,1,34.92849839314596,1.746424919657298,1,0
mpx_010,1,35.0,1.75,6,0
mpx_010,1,35.014282800023196,1.7507141400011599,1,0
mpx_010,1,35.05709628591621,1.7528548142958105,1,0
mpx_010,1,35.12833614050059,1.7564168070250297,1,0
mpx_010,1,35.17101079013795,1.7585505395068974,1,0
mpx_010,1,35.22782990761707,1.7613914953808536,1,0
mpx_010,1,35.35533905932738,1.7677669529663689,2,0
mpx_010,1,35.4400902933387,1.772004514666935,2,0
mpx_010,1,35.510561809129406,1.7755280904564703,1,0
mpx_010,1,35.6931365951495,1.784656829757475,1,0
mpx_010,1,35.73513677041127,1.7867568385205637,2,0
mpx_010,1,35.90264614203248,1.795132307101624,1,0
mpx_010,1,36.0,1.8,3,0
mpx_010,1,36.013886210738214,1.8006943105369109,1,0
mpx_010,1,36.05551275463989,1.8027756377319948,1,0
mpx_010,1,36.124783736376884,1.8062391868188443,1,0
mpx_010,1,36.138621999185304,1.8069310999592654,1,0
mpx_010,1,36.22154055254967,1.8110770276274835,1,0
mpx_010,1,36.345563690772494,1.8172781845386248,1,0
mpx_010,1,36.40054944640259,1.8200274723201297,1,0
mpx_010,1,36.49657518178932,1.824828759089466,1,0
mpx_010,1,36.6742416417845,1.833712082089225,1,0
mpx_010,1,36.68787265568828,1.8343936327844141,2,0
mpx_010,1,36.87817782917155,1.8439088914585775,1,0
mpx_010,1,37.0,1.85,1,0
mpx_010,1,37.107950630558946,1.8553975315279474,1,0
mpx_010,1,37.36308338453881,1.8681541692269406,1,0
mpx_010,1,37.64306044943742,1.8821530224718712,1,0
mpx_010,2,1.0,0.05,1168,0
mpx_010,2,1.4142135623730951,0.07071067811865477,19,0
mpx_010,2,2.0,0.1,871,0
mpx_010,2,2.23606797749979,0.1118033988749895,30,0
mpx_010,2,2.8284271247461903,0.14142135623730953,12,0
mpx_010,2,3.0,0.15000000000000002,795,0
mpx_010,2,3.1622776601683795,0.158113883008419,21,0
mpx_010,2,3.605551275463989,0.18027756377319948,20,0
mpx_010,2,4.0,0.2,524,2
mpx_010,2,4.123105625617661,0.20615528128088303,18,0
mpx_010,2,4.242640687119285,0.21213203435596426,8,0
mpx_010,2,4.47213595499958,0.223606797749979,14,14
mpx_010,2,5.0,0.25,560,431
mpx_010,2,5.0990195135927845,0.25495097567963926,18,18
mpx_010,2,5.385164807134504,0.2692582403567252,13,13
mpx_010,2,5.656854249492381,0.28284271247461906,10,8
mpx_010,2,5.830951894845301,0.29154759474226505,11,11
mpx_010,2,6.0,0.30000000000000004,270,212
mpx_010,2,6.082762530298219,0.304138126514911,18,18
mpx_010,2,6.324555320336759,0.316227766016838,13,13
mpx_010,2,6.4031242374328485,0.32015621187164245,13,11
mpx_010,2,6.708203932499369,0.3354101966249685,10,10
mpx_010,2,7.0,0.35000000000000003,163,109
mpx_010,2,7.0710678118654755,0.3535533905932738,20,20
mpx_010,2,7.211102550927978,0.36055512754639896,12,10
mpx_010,2,7.280109889280518,0.3640054944640259,11,11
mpx_010,2,7.615773105863909,0.38078865529319544,8,8
mpx_010,2,7.810249675906654,0.3905124837953327,11,9
mpx_010,2,8.0,0.4,111,103
mpx_010,2,8.06225774829855,0.40311288741492746,26,24
mpx_010,2,8.246211251235321,0.41231056256176607,12,12
mpx_010,2,8.48528137423857,0.4242640687119285,4,4
mpx_010,2,8.54400374531753,0.42720018726587655,6,6
mpx_010,2,8.602325267042627,0.4301162633521314,9,7
mpx_010,2,8.94427190999916,0.447213595499958,8,6
mpx_010,2,9.0,0.45,103,95
mpx_010,2,9.055385138137417,0.45276925690687087,14,14
mpx_010,2,9.219544457292887,0.4609772228646444,19,19
mpx_010,2,9.433981132056603,0.4716990566028302,6,4
mpx_010,2,9.486832980505138,0.47434164902525694,6,6
mpx_010,2,9.848857801796104,0.49244289008980524,8,6
mpx_010,2,9.899494936611665,0.4949747468305833,3,3
mpx_010,2,10.0,0.5,105,97
mpx_010,2,10.04987562112089,0.5024937810560445,16,16
mpx_010,2,10.198039027185569,0.5099019513592785,12,12
mpx_010,2,10.295630140987,0.5147815070493501,6,4
mpx_010,2,10.44030650891055,0.5220153254455275,9,9
mpx_010,2,10.63014581273465,0.5315072906367325,6,6
mpx_010,2,10.770329614269007,0.5385164807134504,11,9
mpx_010,2,10.816653826391969,0.5408326913195984,4,3
mpx_010,2,11.0,0.55,108,99
mpx_010,2,11.045361017187261,0.552268050859363,18,18
mpx_010,2,11.180339887498949,0.5590169943749475,21,19
mpx_010,2,11.313708498984761,0.5656854249492381,3,3
mpx_010,2,11.40175425099138,0.570087712549569,13,13
mpx_010,2,11.661903789690601,0.5830951894845301,6,5
mpx_010,2,11.704699910719626,0.5852349955359814,11,9
mpx_010,2,12.0,0.6000000000000001,72,63
mpx_010,2,12.041594578792296,0.6020797289396148,13,13
mpx_010,2,12.083045973594572,0.6041522986797286,8,6
mpx_010,2,12.165525060596439,0.608276253029822,3,3
mpx_010,2,12.206555615733702,0.6103277807866851,5,5
mpx_010,2,12.36931687685298,0.6184658438426491,3,3
mpx_010,2,12.529964086141668,0.6264982043070835,6,5
mpx_010,2,12.649110640673518,0.632455532033676,7,5
mpx_010,2,12.727922061357855,0.6363961030678928,3,3
mpx_010,2,12.806248474865697,0.6403124237432849,4,4
mpx_010,2,13.0,0.65,68,57
mpx_010,2,13.038404810405298,0.651920240520265,7,7
mpx_010,2,13.341664064126334,0.6670832032063168,1,1
mpx_010,2,13.416407864998739,0.670820393249937,6,5
mpx_010,2,13.45362404707371,0.6726812023536856,4,4
mpx_010,2,13.601470508735444,0.6800735254367722,6,4
mpx_010,2,13.892443989449804,0.6946221994724903,5,4
mpx_010,2,13.92838827718412,0.696419413859206,4,2
mpx_010,2,14.0,0.7000000000000001,65,57
mpx_010,2,14.035668847618199,0.70178344238091,6,6
mpx_010,2,14.142135623730951,0.7071067811865476,4,4
mpx_010,2,14.212670403551895,0.7106335201775948,3,3
mpx_010,2,14.317821063276353,0.7158910531638177,6,5
mpx_010,2,14.422205101855956,0.7211102550927979,3,3
mpx_010,2,14.560219778561036,0.7280109889280518,5,3
mpx_010,2,14.7648230602334,0.73824115301167,4,3
mpx_010,2,14.866068747318506,0.7433034373659253,8,6
mpx_010,2,15.0,0.75,64,56
mpx_010,2,15.033296378372908,0.7516648189186454,5,5
mpx_010,2,15.132745950421556,0.7566372975210779,2,2
mpx_010,2,15.231546211727817,0.7615773105863909,4,3
mpx_010,2,15.264337522473747,0.7632168761236874,2,2
mpx_010,2,15.297058540778355,0.7648529270389178,2,2
mpx_010,2,15.524174696260024,0.7762087348130012,5,3
mpx_010,2,15.556349186104045,0.7778174593052023,1,1
mpx_010,2,15.620499351813308,0.7810249675906654,2,2
mpx_010,2,15.652475842498529,0.7826237921249265,4,3
mpx_010,2,15.811388300841896,0.7905694150420949,7,5
mpx_010,2,16.0,0.8,73,51
mpx_010,2,16.0312195418814,0.8015609770940699,7,5
mpx_010,2,16.1245154965971,0.8062257748298549,8,6
mpx_010,2,16.15549442140351,0.8077747210701756,4,3
mpx_010,2,16.278820596099706,0.8139410298049854,6,4
mpx_010,2,16.401219466856727,0.8200609733428363,2,2
mpx_010,2,16.492422502470642,0.8246211251235321,6,2
mpx_010,2,16.55294535724685,0.8276472678623424,4,3
mpx_010,2,16.64331697709324,0.8321658488546619,4,4
mpx_010,2,16.76305461424021,0.8381527307120106,7,3
mpx_010,2,16.97056274847714,0.848528137423857,1,1
mpx_010,2,17.0,0.8500000000000001,78,56
mpx_010,2,17.029386365926403,0.8514693182963202,9,7
mpx_010,2,17.08800749063506,0.8544003745317531,6,3
mpx_010,2,17.11724276862369,0.8558621384311845,4,2
mpx_010,2,17.204650534085253,0.8602325267042628,4,4
mpx_010,2,17.26267650163207,0.8631338250816034,4,2
mpx_010,2,17.46424919657298,0.873212459828649,12,5
mpx_010,2,17.4928556845359,0.8746427842267951,3,3
mpx_010,2,17.69180601295413,0.8845903006477066,2,2
mpx_010,2,17.72004514666935,0.8860022573334675,7,3
mpx_010,2,17.804493814764857,0.890224690738243,4,4
mpx_010,2,17.88854381999832,0.894427190999916,5,3
mpx_010,2,18.0,0.9,67,45
mpx_010,2,18.027756377319946,0.9013878188659974,14,9
mpx_010,2,18.110770276274835,0.9055385138137417,2,0
mpx_010,2,18.24828759089466,0.912414379544733,2,0
mpx_010,2,18.35755975068582,0.9178779875342911,5,3
mpx_010,2,18.384776310850235,0.9192388155425117,7,4
mpx_010,2,18.439088914585774,0.9219544457292888,8,4
mpx_010,2,18.601075237738275,0.9300537618869138,3,3
mpx_010,2,18.681541692269406,0.9340770846134703,5,1
mpx_010,2,18.788294228055936,0.9394147114027969,5,3
mpx_010,2,18.867962264113206,0.9433981132056604,5,3
mpx_010,2,18.973665961010276,0.9486832980505139,4,1
mpx_010,2,19.0,0.9500000000000001,55,33
mpx_010,2,19.026297590440446,0.9513148795220223,5,3
mpx_010,2,19.1049731745428,0.95524865872714,6,4
mpx_010,2,19.209372712298546,0.9604686356149273,3,3
mpx_010,2,19.235384061671343,0.9617692030835672,7,3
mpx_010,2,19.313207915827967,0.9656603957913984,4,1
mpx_010,2,19.4164878389476,0.97082439194738,9,3
mpx_010,2,19.6468827043885,0.982344135219425,5,1
mpx_010,2,19.697715603592208,0.9848857801796105,3,1
mpx_010,2,19.72308292331602,0.9861541461658011,5,3
mpx_010,2,19.79898987322333,0.9899494936611666,3,3
mpx_010,2,19.849433241279208,0.9924716620639604,3,3
mpx_010,2,19.924858845171276,0.9962429422585638,4,1
mpx_010,2,20.0,1.0,44,34
mpx_010,2,20.024984394500787,1.0012492197250393,3,3
mpx_010,2,20.12461179749811,1.0062305898749055,3,1
mpx_010,2,20.248456731316587,1.0124228365658294,9,4
mpx_010,2,20.396078054371138,1.019803902718557,2,0
mpx_010,2,20.518284528683193,1.0259142264341596,4,4
mpx_010,2,20.591260281974,1.0295630140987002,3,1
mpx_010,2,20.615528128088304,1.0307764064044151,11,5
mpx_010,2,20.808652046684813,1.0404326023342407,5,3
mpx_010,2,20.8806130178211,1.044030650891055,2,1
mpx_010,2,21.0,1.05,37,29
mpx_010,2,21.02379604162864,1.051189802081432,4,2
mpx_010,2,21.095023109728988,1.0547511554864495,3,1
mpx_010,2,21.18962010041709,1.0594810050208545,2,1
mpx_010,2,21.213203435596427,1.0606601717798214,1,1
mpx_010,2,21.2602916254693,1.063014581273465,4,2
mpx_010,2,21.37755832643195,1.0688779163215976,2,0
mpx_010,2,21.400934559032695,1.0700467279516348,5,3
mpx_010,2,21.470910553583888,1.0735455276791945,3,1
mpx_010,2,21.540659228538015,1.0770329614269007,1,1
mpx_010,2,21.587033144922902,1.0793516572461452,3,1
mpx_010,2,21.633307652783937,1.0816653826391969,3,1
mpx_010,2,21.840329667841555,1.0920164833920778,2,1
mpx_010,2,21.93171219946131,1.0965856099730655,3,2
mpx_010,2,21.95449840010015,1.0977249200050074,3,1
mpx_010,2,22.0,1.1,47,34
mpx_010,2,22.02271554554524,1.101135777277262,6,4
mpx_010,2,22.090722034374522,1.104536101718726,2,1
mpx_010,2,22.135943621178654,1.1067971810589328,1,1
mpx_010,2,22.20360331117452,1.110180165558726,5,2
mpx_010,2,22.360679774997898,1.118033988749895,6,2
mpx_010,2,22.47220505424423,1.1236102527122116,4,2
mpx_010,2,22.561028345356956,1.1280514172678477,5,2
mpx_010,2,22.80350850198276,1.140175425099138,5,3
mpx_010,2,22.825424421026653,1.1412712210513327,1,1
mpx_010,2,22.847319317591726,1.1423659658795864,1,1
mpx_010,2,23.0,1.1500000000000001,43,33
mpx_010,2,23.021728866442675,1.1510864433221337,4,3
mpx_010,2,23.08679276123039,1.1543396380615196,6,3
mpx_010,2,23.194827009486403,1.1597413504743201,3,1
mpx_010,2,23.259406699226016,1.1629703349613008,1,1
mpx_010,2,23.323807579381203,1.1661903789690602,1,1
mpx_010,2,23.345235059857504,1.1672617529928753,4,1
mpx_010,2,23.40939982143925,1.1704699910719627,4,2
mpx_010,2,23.53720459187964,1.176860229593982,5,2
mpx_010,2,23.600847442411894,1.1800423721205948,1,1
mpx_010,2,23.706539182259394,1.1853269591129698,1,1
mpx_010,2,23.769728648009426,1.1884864324004714,9,4
mpx_010,2,23.853720883753127,1.1926860441876563,1,1
mpx_010,2,24.0,1.2000000000000002,43,27
mpx_010,2,24.020824298928627,1.2010412149464313,4,2
mpx_010,2,24.041630560342615,1.2020815280171309,4,1
mpx_010,2,24.08318915758459,1.2041594578792296,3,1
mpx_010,2,24.166091947189145,1.2083045973594573,4,2
mpx_010,2,24.186773244895647,1.2093386622447824,4,2
mpx_010,2,24.331050121192877,1.216552506059644,4,1
mpx_010,2,24.351591323771842,1.2175795661885922,3,1
mpx_010,2,24.413111231467404,1.2206555615733703,1,1
mpx_010,2,24.515301344262525,1.2257650672131264,4,1
mpx_010,2,24.596747752497688,1.2298373876248845,2,1
mpx_010,2,24.698178070456937,1.2349089035228469,4,2
mpx_010,2,24.73863375370596,1.2369316876852983,4,1
mpx_010,2,25.0,1.25,42,23
mpx_010,2,25.019992006393608,1.2509996003196804,3,1
mpx_010,2,25.079872407968907,1.2539936203984454,5,1
mpx_010,2,25.179356624028344,1.2589678312014172,3,1
mpx_010,2,25.238858928247925,1.2619429464123963,1,1
mpx_010,2,25.298221281347036,1.264911064067352,3,1
mpx_010,2,25.317977802344327,1.2658988901172163,3,1
mpx_010,2,25.495097567963924,1.2747548783981963,4,1
mpx_010,2,25.632011235952593,1.2816005617976298,3,1
mpx_010,2,25.709920264364882,1.2854960132182442,4,1
mpx_010,2,25.96150997149434,1.2980754985747172,4,1
mpx_010,2,26.0,1.3,12,9
mpx_010,2,26.248809496813376,1.3124404748406688,3,1
mpx_010,2,26.570660511172846,1.3285330255586425,2,0
mpx_010,2,26.92582403567252,1.3462912017836262,1,0
mpx_010,2,27.0,1.35,8,8
mpx_010,2,28.0,1.4000000000000001,8,8
mpx_010,3,1.0,0.05,803,0
mpx_010,3,1.4142135623730951,0.07071067811865477,13,0
mpx_010,3,2.0,0.1,721,0
mpx_010,3,2.23606797749979,0.1118033988749895,26,0
mpx_010,3,2.8284271247461903,0.14142135623730953,13,0
mpx_010,3,3.0,0.15000000000000002,214,1
mpx_010,3,3.1622776601683795,0.158113883008419,13,0
mpx_010,3,3.605551275463989,0.18027756377319948,17,0
mpx_010,3,4.0,0.2,205,6
mpx_010,3,4.123105625617661,0.20615528128088303,8,0
mpx_010,3,4.242640687119285,0.21213203435596426,4,0
mpx_010,3,4.47213595499958,0.223606797749979,11,10
mpx_010,3,5.0,0.25,270,260
mpx_010,3,5.0990195135927845,0.25495097567963926,7,6
mpx_010,3,5.385164807134504,0.2692582403567252,7,6
mpx_010,3,5.656854249492381,0.28284271247461906,4,4
mpx_010,3,5.830951894845301,0.29154759474226505,2,2
mpx_010,3,6.0,0.30000000000000004,254,244
mpx_010,3,6.082762530298219,0.304138126514911,7,6
mpx_010,3,6.324555320336759,0.316227766016838,7,6
mpx_010,3,6.4031242374328485,0.32015621187164245,2,2
mpx_010,3,6.708203932499369,0.3354101966249685,2,2
mpx_010,3,7.0,0.35000000000000003,113,103
mpx_010,3,7.0710678118654755,0.3535533905932738,7,6
mpx_010,3,7.211102550927978,0.36055512754639896,2,2
mpx_010,3,7.280109889280518,0.3640054944640259,6,5
mpx_010,3,7.615773105863909,0.38078865529319544,2,2
mpx_010,3,7.810249675906654,0.3905124837953327,2,2
mpx_010,3,8.0,0.4,103,93
mpx_010,3,8.06225774829855,0.40311288741492746,8,7
mpx_010,3,8.246211251235321,0.41231056256176607,6,5
mpx_010,3,8.48528137423857,0.4242640687119285,1,1
mpx_010,3,8.54400374531753,0.42720018726587655,2,2
mpx_010,3,8.602325267042627,0.4301162633521314,3,3
mpx_010,3,8.94427190999916,0.447213595499958,2,2
mpx_010,3,9.0,0.45,120,108
mpx_010,3,9.055385138137417,0.45276925690687087,6,5
mpx_010,3,9.219544457292887,0.4609772228646444,9,8
mpx_010,3,9.433981132056603,0.4716990566028302,3,3
mpx_010,3,9.486832980505138,0.47434164902525694,2,2
mpx_010,3,9.848857801796104,0.49244289008980524,2,2
mpx_010,3,9.899494936611665,0.4949747468305833,2,2
mpx_010,3,10.0,0.5,123,111
mpx_010,3,10.04987562112089,0.5024937810560445,6,5
mpx_010,3,10.198039027185569,0.5099019513592785,6,5
mpx_010,3,10.295630140987,0.5147815070493501,2,2
mpx_010,3,10.44030650891055,0.5220153254455275,2,2
mpx_010,3,10.63014581273465,0.5315072906367325,4,4
mpx_010,3,10.770329614269007,0.5385164807134504,2,2
mpx_010,3,10.816653826391969,0.5408326913195984,2,2
mpx_010,3,11.0,0.55,159,145
mpx_010,3,11.045361017187261,0.552268050859363,6,5
mpx_010,3,11.180339887498949,0.5590169943749475,8,7
mpx_010,3,11.313708498984761,0.5656854249492381,2,2
mpx_010,3,11.40175425099138,0.570087712549569,5,5
mpx_010,3,11.661903789690601,0.5830951894845301,2,2
mpx_010,3,11.704699910719626,0.5852349955359814,2,2
mpx_010,3,12.0,0.6000000000000001,121,115
mpx_010,3,12.041594578792296,0.6020797289396148,7,6
mpx_010,3,12.083045973594572,0.6041522986797286,2,2
mpx_010,3,12.165525060596439,0.608276253029822,4,3
mpx_010,3,12.206555615733702,0.6103277807866851,3,3
mpx_010,3,12.36931687685298,0.6184658438426491,2,2
mpx_010,3,12.529964086141668,0.6264982043070835,2,2
mpx_010,3,12.649110640673518,0.632455532033676,2,2
mpx_010,3,12.727922061357855,0.6363961030678928,1,1
mpx_010,3,12.806248474865697,0.6403124237432849,3,3
mpx_010,3,13.0,0.65,119,97
mpx_010,3,13.038404810405298,0.651920240520265,7,4
mpx_010,3,13.152946437965905,0.6576473218982953,3,1
mpx_010,3,13.341664064126334,0.6670832032063168,2,1
mpx_010,3,13.416407864998739,0.670820393249937,2,2
mpx_010,3,13.45362404707371,0.6726812023536856,2,2
mpx_010,3,13.601470508735444,0.6800735254367722,5,4
mpx_010,3,13.892443989449804,0.6946221994724903,3,3
mpx_010,3,13.92838827718412,0.696419413859206,3,2
mpx_010,3,14.0,0.7000000000000001,114,93
mpx_010,3,14.035668847618199,0.70178344238091,3,1
mpx_010,3,14.142135623730951,0.7071067811865476,4,2
mpx_010,3,14.212670403551895,0.7106335201775948,2,2
mpx_010,3,14.317821063276353,0.7158910531638177,5,3
mpx_010,3,14.422205101855956,0.7211102550927979,3,3
mpx_010,3,14.560219778561036,0.7280109889280518,2,1
mpx_010,3,14.7648230602334,0.73824115301167,5,4
mpx_010,3,14.866068747318506,0.7433034373659253,5,4
mpx_010,3,15.0,0.75,62,40
mpx_010,3,15.033296378372908,0.7516648189186454,2,0
mpx_010,3,15.132745950421556,0.7566372975210779,3,0
mpx_010,3,15.231546211727817,0.7615773105863909,3,2
mpx_010,3,15.264337522473747,0.7632168761236874,5,4
mpx_010,3,15.297058540778355,0.7648529270389178,2,0
mpx_010,3,15.524174696260024,0.7762087348130012,2,0
mpx_010,3,15.556349186104045,0.7778174593052023,1,1
mpx_010,3,15.620499351813308,0.7810249675906654,2,2
mpx_010,3,15.652475842498529,0.7826237921249265,5,4
mpx_010,3,15.811388300841896,0.7905694150420949,7,4
mpx_010,3,16.0,0.8,59,38
mpx_010,3,16.0312195418814,0.8015609770940699,2,0
mpx_010,3,16.1245154965971,0.8062257748298549,6,3
mpx_010,3,16.15549442140351,0.8077747210701756,3,1
mpx_010,3,16.278820596099706,0.8139410298049854,4,2
mpx_010,3,16.401219466856727,0.8200609733428363,3,2
mpx_010,3,16.492422502470642,0.8246211251235321,2,0
mpx_010,3,16.55294535724685,0.8276472678623424,4,2
mpx_010,3,16.64331697709324,0.8321658488546619,3,2
mpx_010,3,16.76305461424021,0.8381527307120106,3,1
mpx_010,3,16.97056274847714,0.848528137423857,1,1
mpx_010,3,17.0,0.8500000000000001,50,36
mpx_010,3,17.029386365926403,0.8514693182963202,4,2
mpx_010,3,17.08800749063506,0.8544003745317531,3,1
mpx_010,3,17.11724276862369,0.8558621384311845,1,0
mpx_010,3,17.204650534085253,0.8602325267042628,3,2
mpx_010,3,17.26267650163207,0.8631338250816034,1,0
mpx_010,3,17.46424919657298,0.873212459828649,5,2
mpx_010,3,17.4928556845359,0.8746427842267951,3,1
mpx_010,3,17.69180601295413,0.8845903006477066,3,2
mpx_010,3,17.72004514666935,0.8860022573334675,3,2
mpx_010,3,17.804493814764857,0.890224690738243,3,2
mpx_010,3,17.88854381999832,0.894427190999916,4,2
mpx_010,3,18.0,0.9,46,34
mpx_010,3,18.027756377319946,0.9013878188659974,7,3
mpx_010,3,18.110770276274835,0.9055385138137417,1,0
mpx_010,3,18.24828759089466,0.912414379544733,1,0
mpx_010,3,18.35755975068582,0.9178779875342911,3,1
mpx_010,3,18.384776310850235,0.9192388155425117,5,3
mpx_010,3,18.439088914585774,0.9219544457292888,4,2
mpx_010,3,18.601075237738275,0.9300537618869138,3,1
mpx_010,3,18.681541692269406,0.9340770846134703,3,2
mpx_010,3,18.788294228055936,0.9394147114027969,3,2
mpx_010,3,18.867962264113206,0.9433981132056604,3,1
mpx_010,3,18.973665961010276,0.9486832980505139,3,2
mpx_010,3,19.0,0.9500000000000001,32,32
mpx_010,3,19.1049731745428,0.95524865872714,4,2
mpx_010,3,19.209372712298546,0.9604686356149273,3,1
mpx_010,3,19.235384061671343,0.9617692030835672,2,1
mpx_010,3,19.313207915827967,0.9656603957913984,2,1
mpx_010,3,19.4164878389476,0.97082439194738,3,1
mpx_010,3,19.6468827043885,0.982344135219425,1,1
mpx_010,3,19.697715603592208,0.9848857801796105,2,1
mpx_010,3,19.72308292331602,0.9861541461658011,2,1
mpx_010,3,19.79898987322333,0.9899494936611666,2,1
mpx_010,3,19.849433241279208,0.9924716620639604,4,1
mpx_010,3,19.924858845171276,0.9962429422585638,1,1
mpx_010,3,20.0,1.0,31,29
mpx_010,3,20.12461179749811,1.0062305898749055,1,0
mpx_010,3,20.248456731316587,1.0124228365658294,4,3
mpx_010,3,20.518284528683193,1.0259142264341596,4,1
mpx_010,3,20.591260281974,1.0295630140987002,1,0
mpx_010,3,20.615528128088304,1.0307764064044151,5,4
mpx_010,3,20.808652046684813,1.0404326023342407,1,1
mpx_010,3,20.8806130178211,1.044030650891055,1,1
mpx_010,3,21.0,1.05,39,39
mpx_010,3,21.095023109728988,1.0547511554864495,1,1
mpx_010,3,21.18962010041709,1.0594810050208545,2,2
mpx_010,3,21.2602916254693,1.063014581273465,1,1
mpx_010,3,21.540659228538015,1.0770329614269007,2,2
mpx_010,3,21.587033144922902,1.0793516572461452,1,1
mpx_010,3,21.633307652783937,1.0816653826391969,1,1
mpx_010,3,21.840329667841555,1.0920164833920778,1,1
mpx_010,3,21.95449840010015,1.0977249200050074,1,1
mpx_010,3,22.0,1.1,37,37
mpx_010,3,22.135943621178654,1.1067971810589328,2,2
mpx_010,3,22.47220505424423,1.1236102527122116,3,3
mpx_010,3,22.561028345356956,1.1280514172678477,1,1
mpx_010,3,22.80350850198276,1.140175425099138,1,1
mpx_010,3,22.825424421026653,1.1412712210513327,1,1
mpx_010,3,22.847319317591726,1.1423659658795864,1,1
mpx_010,3,23.0,1.1500000000000001,35,35
mpx_010,3,23.08679276123039,1.1543396380615196,2,2
mpx_010,3,23.259406699226016,1.1629703349613008,1,1
mpx_010,3,23.323807579381203,1.1661903789690602,1,1
mpx_010,3,23.40939982143925,1.1704699910719627,2,2
mpx_010,3,23.53720459187964,1.176860229593982,1,1
mpx_010,3,23.706539182259394,1.1853269591129698,1,1
mpx_010,3,23.769728648009426,1.1884864324004714,2,2
mpx_010,3,24.0,1.2000000000000002,23,23
mpx_010,3,24.166091947189145,1.2083045973594573,1,1
mpx_010,3,24.186773244895647,1.2093386622447824,1,1
mpx_010,3,24.596747752497688,1.2298373876248845,1,1
mpx_010,3,24.698178070456937,1.2349089035228469,1,1
mpx_010,3,25.0,1.25,14,14
mpx_010,3,25.238858928247925,1.2619429464123963,1,1
mpx_010,3,26.0,1.3,9,9
mpx_010,4,1.0,0.05,942,0
mpx_010,4,1.4142135623730951,0.07071067811865477,8,0
mpx_010,4,2.0,0.1,582,0
mpx_010,4,2.23606797749979,0.1118033988749895,13,0
mpx_010,4,2.8284271247461903,0.14142135623730953,5,0
mpx_010,4,3.0,0.15000000000000002,296,0
mpx_010,4,3.1622776601683795,0.158113883008419,11,0
mpx_010,4,3.605551275463989,0.18027756377319948,8,0
mpx_010,4,4.0,0.2,149,3
mpx_010,4,4.123105625617661,0.20615528128088303,8,0
mpx_010,4,4.242640687119285,0.21213203435596426,3,0
mpx_010,4,4.47213595499958,0.223606797749979,4,4
mpx_010,4,5.0,0.25,135,132
mpx_010,4,5.0990195135927845,0.25495097567963926,8,7
mpx_010,4,5.385164807134504,0.2692582403567252,2,2
mpx_010,4,5.656854249492381,0.28284271247461906,2,2
mpx_010,4,5.830951894845301,0.29154759474226505,2,2
mpx_010,4,6.0,0.30000000000000004,90,88
mpx_010,4,6.082762530298219,0.304138126514911,9,8
mpx_010,4,6.324555320336759,0.316227766016838,3,3
mpx_010,4,6.4031242374328485,0.32015621187164245,2,2
mpx_010,4,6.708203932499369,0.3354101966249685,2,2
mpx_010,4,7.0,0.35000000000000003,124,124
mpx_010,4,7.0710678118654755,0.3535533905932738,7,7
mpx_010,4,7.211102550927978,0.36055512754639896,2,2
mpx_010,4,7.280109889280518,0.3640054944640259,2,2
mpx_010,4,7.615773105863909,0.38078865529319544,1,1
mpx_010,4,7.810249675906654,0.3905124837953327,3,3
mpx_010,4,8.0,0.4,128,128
mpx_010,4,8.06225774829855,0.40311288741492746,7,7
mpx_010,4,8.246211251235321,0.41231056256176607,2,2
mpx_010,4,8.48528137423857,0.4242640687119285,2,2
mpx_010,4,8.54400374531753,0.42720018726587655,1,1
mpx_010,4,8.602325267042627,0.4301162633521314,2,2
mpx_010,4,8.94427190999916,0.447213595499958,1,1
mpx_010,4,9.0,0.45,115,115
mpx_010,4,9.055385138137417,0.45276925690687087,5,5
mpx_010,4,9.219544457292887,0.4609772228646444,6,6
mpx_010,4,9.433981132056603,0.4716990566028302,2,2
mpx_010,4,9.486832980505138,0.47434164902525694,1,1
mpx_010,4,9.848857801796104,0.49244289008980524,1,1
mpx_010,4,9.899494936611665,0.4949747468305833,2,2
mpx_010,4,10.0,0.5,114,114
mpx_010,4,10.04987562112089,0.5024937810560445,8,8
mpx_010,4,10.198039027185569,0.5099019513592785,4,4
mpx_010,4,10.295630140987,0.5147815070493501,2,2
mpx_010,4,10.44030650891055,0.5220153254455275,2,2
mpx_010,4,10.63014581273465,0.5315072906367325,4,4
mpx_010,4,10.770329614269007,0.5385164807134504,2,2
mpx_010,4,10.816653826391969,0.5408326913195984,3,3
mpx_010,4,11.0,0.55,90,90
mpx_010,4,11.045361017187261,0.552268050859363,8,8
mpx_010,4,11.180339887498949,0.5590169943749475,9,9
mpx_010,4,11.313708498984761,0.5656854249492381,2,2
mpx_010,4,11.40175425099138,0.570087712549569,7,7
mpx_010,4,11.661903789690601,0.5830951894845301,4,4
mpx_010,4,11.704699910719626,0.5852349955359814,3,3
mpx_010,4,12.0,0.6000000000000001,70,70
mpx_010,4,12.041594578792296,0.6020797289396148,9,9
mpx_010,4,12.083045973594572,0.6041522986797286,4,4
mpx_010,4,12.165525060596439,0.608276253029822,4,4
mpx_010,4,12.206555615733702,0.6103277807866851,4,4
mpx_010,4,12.36931687685298,0.6184658438426491,4,4
mpx_010,4,12.529964086141668,0.6264982043070835,6,6
mpx_010,4,12.649110640673518,0.632455532033676,3,3
mpx_010,4,12.727922061357855,0.6363961030678928,1,1
mpx_010,4,12.806248474865697,0.6403124237432849,4,4
mpx_010,4,13.0,0.65,53,53
mpx_010,4,13.038404810405298,0.651920240520265,11,11
mpx_010,4,13.152946437965905,0.6576473218982953,4,4
mpx_010,4,13.341664064126334,0.6670832032063168,4,4
mpx_010,4,13.416407864998739,0.670820393249937,6,6
mpx_010,4,13.45362404707371,0.6726812023536856,3,3
mpx_010,4,13.601470508735444,0.6800735254367722,9,9
mpx_010,4,13.892443989449804,0.6946221994724903,6,6
mpx_010,4,13.92838827718412,0.696419413859206,4,4
mpx_010,4,14.0,0.7000000000000001,47,47
mpx_010,4,14.035668847618199,0.70178344238091,5,5
mpx_010,4,14.142135623730951,0.7071067811865476,6,6
mpx_010,4,14.212670403551895,0.7106335201775948,5,5
mpx_010,4,14.317821063276353,0.7158910531638177,9,9
mpx_010,4,14.422205101855956,0.7211102550927979,6,6
mpx_010,4,14.560219778561036,0.7280109889280518,3,3
mpx_010,4,14.7648230602334,0.73824115301167,5,5
mpx_010,4,14.866068747318506,0.7433034373659253,9,9
mpx_010,4,15.0,0.75,41,41
mpx_010,4,15.033296378372908,0.7516648189186454,4,4
mpx_010,4,15.132745950421556,0.7566372975210779,2,2
mpx_010,4,15.231546211727817,0.7615773105863909,5,5
mpx_010,4,15.264337522473747,0.7632168761236874,6,5
mpx_010,4,15.297058540778355,0.7648529270389178,2,2
mpx_010,4,15.524174696260024,0.7762087348130012,2,2
mpx_010,4,15.556349186104045,0.7778174593052023,3,3
mpx_010,4,15.620499351813308,0.7810249675906654,5,5
mpx_010,4,15.652475842498529,0.7826237921249265,5,5
mpx_010,4,15.811388300841896,0.7905694150420949,8,7
mpx_010,4,16.0,0.8,29,29
mpx_010,4,16.0312195418814,0.8015609770940699,2,2
mpx_010,4,16.1245154965971,0.8062257748298549,6,5
mpx_010,4,16.15549442140351,0.8077747210701756,3,3
mpx_010,4,16.278820596099706,0.8139410298049854,6,6
mpx_010,4,16.401219466856727,0.8200609733428363,6,5
mpx_010,4,16.55294535724685,0.8276472678623424,4,4
mpx_010,4,16.64331697709324,0.8321658488546619,5,4
mpx_010,4,16.97056274847714,0.848528137423857,3,3
mpx_010,4,17.0,0.8500000000000001,31,30
mpx_010,4,17.029386365926403,0.8514693182963202,9,8
mpx_010,4,17.08800749063506,0.8544003745317531,1,1
mpx_010,4,17.204650534085253,0.8602325267042628,6,5
mpx_010,4,17.46424919657298,0.873212459828649,2,2
mpx_010,4,17.4928556845359,0.8746427842267951,4,3
mpx_010,4,17.69180601295413,0.8845903006477066,6,6
mpx_010,4,17.804493814764857,0.890224690738243,7,6
mpx_010,4,17.88854381999832,0.894427190999916,3,2
mpx_010,4,18.0,0.9,24,24
mpx_010,4,18.027756377319946,0.9013878188659974,8,7
mpx_010,4,18.35755975068582,0.9178779875342911,2,1
mpx_010,4,18.384776310850235,0.9192388155425117,5,5
mpx_010,4,18.439088914585774,0.9219544457292888,6,6
mpx_010,4,18.601075237738275,0.9300537618869138,6,5
mpx_010,4,18.788294228055936,0.9394147114027969,3,3
mpx_010,4,18.867962264113206,0.9433981132056604,3,2
mpx_010,4,18.973665961010276,0.9486832980505139,1,1
mpx_010,4,19.0,0.9500000000000001,23,23
mpx_010,4,19.026297590440446,0.9513148795220223,3,3
mpx_010,4,19.1049731745428,0.95524865872714,7,7
mpx_010,4,19.209372712298546,0.9604686356149273,5,5
mpx_010,4,19.235384061671343,0.9617692030835672,3,3
mpx_010,4,19.313207915827967,0.9656603957913984,1,1
mpx_010,4,19.4164878389476,0.97082439194738,4,3
mpx_010,4,19.697715603592208,0.9848857801796105,2,2
mpx_010,4,19.72308292331602,0.9861541461658011,3,3
mpx_010,4,19.79898987322333,0.9899494936611666,3,3
mpx_010,4,19.849433241279208,0.9924716620639604,5,5
mpx_010,4,19.924858845171276,0.9962429422585638,1,1
mpx_010,4,20.0,1.0,24,24
mpx_010,4,20.024984394500787,1.0012492197250393,3,3
mpx_010,4,20.09975124224178,1.004987562112089,1,1
mpx_010,4,20.12461179749811,1.0062305898749055,2,2
mpx_010,4,20.223748416156685,1.0111874208078342,1,1
mpx_010,4,20.248456731316587,1.0124228365658294,5,5
mpx_010,4,20.518284528683193,1.0259142264341596,5,5
mpx_010,4,20.591260281974,1.0295630140987002,3,3
mpx_010,4,20.615528128088304,1.0307764064044151,5,5
mpx_010,4,20.808652046684813,1.0404326023342407,3,3
mpx_010,4,20.8806130178211,1.044030650891055,1,1
mpx_010,4,21.0,1.05,24,24
mpx_010,4,21.02379604162864,1.051189802081432,4,4
mpx_010,4,21.095023109728988,1.0547511554864495,5,5
mpx_010,4,21.18962010041709,1.0594810050208545,1,1
mpx_010,4,21.213203435596427,1.0606601717798214,3,3
mpx_010,4,21.2602916254693,1.063014581273465,2,2
mpx_010,4,21.37755832643195,1.0688779163215976,1,1
mpx_010,4,21.400934559032695,1.0700467279516348,3,3
mpx_010,4,21.470910553583888,1.0735455276791945,3,3
mpx_010,4,21.540659228538015,1.0770329614269007,2,2
mpx_010,4,21.587033144922902,1.0793516572461452,1,1
mpx_010,4,21.633307652783937,1.0816653826391969,3,3
mpx_010,4,21.840329667841555,1.0920164833920778,2,2
mpx_010,4,21.93171219946131,1.0965856099730655,4,4
mpx_010,4,21.95449840010015,1.0977249200050074,4,4
mpx_010,4,22.0,1.1,18,18
mpx_010,4,22.02271554554524,1.101135777277262,4,4
mpx_010,4,22.090722034374522,1.104536101718726,1,1
mpx_010,4,22.135943621178654,1.1067971810589328,2,2
mpx_010,4,22.20360331117452,1.110180165558726,3,3
mpx_010,4,22.360679774997898,1.118033988749895,4,4
mpx_010,4,22.47220505424423,1.1236102527122116,5,5
mpx_010,4,22.561028345356956,1.1280514172678477,1,1
mpx_010,4,22.67156809750927,1.1335784048754636,2,2
mpx_010,4,22.80350850198276,1.140175425099138,4,4
mpx_010,4,22.825424421026653,1.1412712210513327,4,4
mpx_010,4,22.847319317591726,1.1423659658795864,2,2
mpx_010,4,23.0,1.1500000000000001,13,13
mpx_010,4,23.021728866442675,1.1510864433221337,3,3
mpx_010,4,23.08679276123039,1.1543396380615196,3,3
mpx_010,4,23.194827009486403,1.1597413504743201,1,1
mpx_010,4,23.259406699226016,1.1629703349613008,3,3
mpx_010,4,23.323807579381203,1.1661903789690602,2,2
mpx_010,4,23.345235059857504,1.1672617529928753,1,1
mpx_010,4,23.40939982143925,1.1704699910719627,2,2
mpx_010,4,23.430749027719962,1.1715374513859982,2,2
mpx_010,4,23.53720459187964,1.176860229593982,1,1
mpx_010,4,23.600847442411894,1.1800423721205948,2,2
mpx_010,4,23.706539182259394,1.1853269591129698,4,4
mpx_010,4,23.769728648009426,1.1884864324004714,3,3
mpx_010,4,23.853720883753127,1.1926860441876563,2,2
mpx_010,4,24.0,1.2000000000000002,29,29
mpx_010,4,24.020824298928627,1.2010412149464313,3,3
mpx_010,4,24.041630560342615,1.2020815280171309,1,1
mpx_010,4,24.08318915758459,1.2041594578792296,2,2
mpx_010,4,24.166091947189145,1.2083045973594573,3,3
mpx_010,4,24.186773244895647,1.2093386622447824,4,4
mpx_010,4,24.20743687382041,1.2103718436910205,2,2
mpx_010,4,24.331050121192877,1.216552506059644,3,3
mpx_010,4,24.351591323771842,1.2175795661885922,1,1
mpx_010,4,24.413111231467404,1.2206555615733703,2,2
mpx_010,4,24.515301344262525,1.2257650672131264,2,2
mpx_010,4,24.596747752497688,1.2298373876248845,3,3
mpx_010,4,24.698178070456937,1.2349089035228469,3,3
mpx_010,4,24.73863375370596,1.2369316876852983,2,2
mpx_010,4,25.0,1.25,29,29
mpx_010,4,25.019992006393608,1.2509996003196804,3,3
mpx_010,4,25.059928172283335,1.252996408614167,1,1
mpx_010,4,25.079872407968907,1.2539936203984454,3,3
mpx_010,4,25.179356624028344,1.2589678312014172,2,2
mpx_010,4,25.238858928247925,1.2619429464123963,2,2
mpx_010,4,25.298221281347036,1.264911064067352,2,2
mpx_010,4,25.317977802344327,1.2658988901172163,2,2
mpx_010,4,25.495097567963924,1.2747548783981963,2,2
mpx_010,4,25.553864678361276,1.2776932339180638,1,1
mpx_010,4,25.632011235952593,1.2816005617976298,2,2
mpx_010,4,25.709920264364882,1.2854960132182442,2,2
mpx_010,4,25.80697580112788,1.2903487900563941,2,2
mpx_010,4,25.942243542145693,1.2971121771072847,1,1
mpx_010,4,25.96150997149434,1.2980754985747172,2,2
mpx_010,4,26.0,1.3,21,21
mpx_010,4,26.019223662515376,1.3009611831257688,2,2
mpx_010,4,26.076809620810597,1.30384048104053,3,3
mpx_010,4,26.1725046566048,1.3086252328302401,2,2
mpx_010,4,26.248809496813376,1.3124404748406688,2,2
mpx_010,4,26.30589287593181,1.3152946437965907,1,1
mpx_010,4,26.40075756488817,1.3200378782444087,1,1
mpx_010,4,26.419689627245813,1.3209844813622906,1,1
mpx_010,4,26.476404589747453,1.3238202294873727,1,1
mpx_010,4,26.570660511172846,1.3285330255586425,2,2
mpx_010,4,26.627053911388696,1.3313526955694348,1,1
mpx_010,4,26.68332812825267,1.3341664064126335,1,1
mpx_010,4,26.92582403567252,1.3462912017836262,3,3
mpx_010,4,27.0,1.35,20,20
mpx_010,4,27.018512172212592,1.3509256086106296,2,2
mpx_010,4,27.073972741361768,1.3536986370680886,2,2
mpx_010,4,27.16615541441225,1.3583077707206126,2,2
mpx_010,4,27.202941017470888,1.3601470508735445,2,2
mpx_010,4,27.294688127912362,1.3647344063956182,1,1
mpx_010,4,27.313000567495326,1.3656500283747663,1,1
mpx_010,4,27.459060435491963,1.3729530217745982,2,2
mpx_010,4,27.51363298439521,1.3756816492197605,1,1
mpx_010,4,27.65863337187866,1.3829316685939332,1,1
mpx_010,4,27.784887978899608,1.3892443989449805,1,1
mpx_010,4,27.85677655436824,1.392838827718412,1,1
mpx_010,4,27.892651361962706,1.3946325680981353,1,1
mpx_010,4,28.0,1.4000000000000001,18,18
mpx_010,4,28.0178514522438,1.4008925726121901,2,2
mpx_010,4,28.071337695236398,1.40356688476182,2,2
mpx_010,4,28.160255680657446,1.4080127840328724,2,2
mpx_010,4,28.231188426986208,1.4115594213493106,1,1
mpx_010,4,28.284271247461902,1.4142135623730951,1,1
mpx_010,4,28.30194339616981,1.4150971698084907,1,1
mpx_010,4,28.442925306655784,1.4221462653327892,1,1
mpx_010,4,28.635642126552707,1.4317821063276355,1,1
mpx_010,4,28.792360097775937,1.439618004888797,1,1
mpx_010,4,28.861739379323623,1.4430869689661812,1,1
mpx_010,4,29.0,1.4500000000000002,18,18
mpx_010,4,29.017236257093817,1.4508618128546908,2,2
mpx_010,4,29.068883707497267,1.4534441853748634,2,2
mpx_010,4,29.154759474226502,1.4577379737113252,2,2
mpx_010,4,29.274562336608895,1.4637281168304448,1,1
mpx_010,4,29.427877939124322,1.4713938969562161,1,1
mpx_010,4,29.614185789921695,1.480709289496085,1,1
mpx_010,4,29.832867780352597,1.49164338901763,1,1
mpx_010,5,1.0,0.05,873,0
mpx_010,5,1.4142135623730951,0.07071067811865477,4,0
mpx_010,5,2.0,0.1,819,0
mpx_010,5,2.23606797749979,0.1118033988749895,8,0
mpx_010,5,2.8284271247461903,0.14142135623730953,4,0
mpx_010,5,3.0,0.15000000000000002,143,0
mpx_010,5,3.1622776601683795,0.158113883008419,7,0
mpx_010,5,3.605551275463989,0.18027756377319948,9,0
mpx_010,5,4.0,0.2,136,1
mpx_010,5,4.123105625617661,0.20615528128088303,6,0
mpx_010,5,4.242640687119285,0.21213203435596426,3,0
mpx_010,5,4.47213595499958,0.223606797749979,7,7
mpx_010,5,5.0,0.25,116,112
mpx_010,5,5.0990195135927845,0.25495097567963926,4,4
mpx_010,5,5.385164807134504,0.2692582403567252,4,4
mpx_010,5,5.656854249492381,0.28284271247461906,3,3
mpx_010,5,5.830951894845301,0.29154759474226505,3,3
mpx_010,5,6.0,0.30000000000000004,110,107
mpx_010,5,6.082762530298219,0.304138126514911,4,4
mpx_010,5,6.324555320336759,0.316227766016838,4,4
mpx_010,5,6.4031242374328485,0.32015621187164245,4,4
mpx_010,5,6.708203932499369,0.3354101966249685,2,2
mpx_010,5,7.0,0.35000000000000003,82,82
mpx_010,5,7.0710678118654755,0.3535533905932738,3,3
mpx_010,5,7.211102550927978,0.36055512754639896,3,3
mpx_010,5,7.280109889280518,0.3640054944640259,2,2
mpx_010,5,7.615773105863909,0.38078865529319544,1,1
mpx_010,5,7.810249675906654,0.3905124837953327,2,2
mpx_010,5,8.0,0.4,82,82
mpx_010,5,8.06225774829855,0.40311288741492746,3,3
mpx_010,5,8.246211251235321,0.41231056256176607,2,2
mpx_010,5,8.48528137423857,0.4242640687119285,1,1
mpx_010,5,8.54400374531753,0.42720018726587655,1,1
mpx_010,5,8.602325267042627,0.4301162633521314,2,2
mpx_010,5,8.94427190999916,0.447213595499958,1,1
mpx_010,5,9.0,0.45,82,82
mpx_010,5,9.055385138137417,0.45276925690687087,4,4
mpx_010,5,9.219544457292887,0.4609772228646444,6,6
mpx_010,5,9.433981132056603,0.4716990566028302,2,2
mpx_010,5,9.486832980505138,0.47434164902525694,3,3
mpx_010,5,9.848857801796104,0.49244289008980524,3,3
mpx_010,5,10.0,0.5,84,84
mpx_010,5,10.04987562112089,0.5024937810560445,4,4
mpx_010,5,10.198039027185569,0.5099019513592785,4,4
mpx_010,5,10.295630140987,0.5147815070493501,3,3
mpx_010,5,10.44030650891055,0.5220153254455275,3,3
mpx_010,5,10.770329614269007,0.5385164807134504,3,3
mpx_010,5,10.816653826391969,0.5408326913195984,3,3
mpx_010,5,11.0,0.55,117,117
mpx_010,5,11.045361017187261,0.552268050859363,5,5
mpx_010,5,11.180339887498949,0.5590169943749475,8,8
mpx_010,5,11.40175425099138,0.570087712549569,6,6
mpx_010,5,11.661903789690601,0.5830951894845301,3,3
mpx_010,5,11.704699910719626,0.5852349955359814,4,4
mpx_010,5,12.0,0.6000000000000001,103,103
mpx_010,5,12.041594578792296,0.6020797289396148,5,5
mpx_010,5,12.083045973594572,0.6041522986797286,5,5
mpx_010,5,12.165525060596439,0.608276253029822,3,3
mpx_010,5,12.206555615733702,0.6103277807866851,2,2
mpx_010,5,12.36931687685298,0.6184658438426491,4,4
mpx_010,5,12.529964086141668,0.6264982043070835,5,5
mpx_010,5,12.649110640673518,0.632455532033676,4,4
mpx_010,5,12.727922061357855,0.6363961030678928,2,2
mpx_010,5,12.806248474865697,0.6403124237432849,2,2
mpx_010,5,13.0,0.65,91,91
mpx_010,5,13.038404810405298,0.651920240520265,7,7
mpx_010,5,13.152946437965905,0.6576473218982953,3,3
mpx_010,5,13.341664064126334,0.6670832032063168,4,4
mpx_010,5,13.416407864998739,0.670820393249937,5,5
mpx_010,5,13.45362404707371,0.6726812023536856,4,4
mpx_010,5,13.601470508735444,0.6800735254367722,8,8
mpx_010,5,13.892443989449804,0.6946221994724903,4,4
mpx_010,5,13.92838827718412,0.696419413859206,4,4
mpx_010,5,14.0,0.7000000000000001,66,66
mpx_010,5,14.035668847618199,0.70178344238091,3,3
mpx_010,5,14.142135623730951,0.7071067811865476,5,5
mpx_010,5,14.212670403551895,0.7106335201775948,5,5
mpx_010,5,14.317821063276353,0.7158910531638177,8,8
mpx_010,5,14.422205101855956,0.7211102550927979,4,4
mpx_010,5,14.560219778561036,0.7280109889280518,4,4
mpx_010,5,14.7648230602334,0.73824115301167,5,4
mpx_010,5,14.866068747318506,0.7433034373659253,9,9
mpx_010,5,15.0,0.75,55,55
mpx_010,5,15.231546211727817,0.7615773105863909,4,4
mpx_010,5,15.264337522473747,0.7632168761236874,5,4
mpx_010,5,15.297058540778355,0.7648529270389178,1,1
mpx_010,5,15.524174696260024,0.7762087348130012,1,1
mpx_010,5,15.556349186104045,0.7778174593052023,3,3
mpx_010,5,15.620499351813308,0.7810249675906654,5,5
mpx_010,5,15.652475842498529,0.7826237921249265,5,4
mpx_010,5,15.811388300841896,0.7905694150420949,8,7
mpx_010,5,16.0,0.8,31,31
mpx_010,5,16.1245154965971,0.8062257748298549,5,4
mpx_010,5,16.278820596099706,0.8139410298049854,6,6
mpx_010,5,16.401219466856727,0.8200609733428363,7,6
mpx_010,5,16.55294535724685,0.8276472678623424,1,0
mpx_010,5,16.64331697709324,0.8321658488546619,7,6
mpx_010,5,16.97056274847714,0.848528137423857,3,3
mpx_010,5,17.0,0.8500000000000001,27,26
mpx_010,5,17.029386365926403,0.8514693182963202,6,6
mpx_010,5,17.204650534085253,0.8602325267042628,7,6
mpx_010,5,17.46424919657298,0.873212459828649,1,0
mpx_010,5,17.4928556845359,0.8746427842267951,3,2
mpx_010,5,17.69180601295413,0.8845903006477066,6,6
mpx_010,5,17.804493814764857,0.890224690738243,6,6
mpx_010,5,17.88854381999832,0.894427190999916,1,0
mpx_010,5,18.0,0.9,26,26
mpx_010,5,18.027756377319946,0.9013878188659974,3,2
mpx_010,5,18.35755975068582,0.9178779875342911,3,2
mpx_010,5,18.384776310850235,0.9192388155425117,4,4
mpx_010,5,18.439088914585774,0.9219544457292888,6,6
mpx_010,5,18.601075237738275,0.9300537618869138,3,3
mpx_010,5,18.788294228055936,0.9394147114027969,1,1
mpx_010,5,18.867962264113206,0.9433981132056604,3,2
mpx_010,5,19.0,0.9500000000000001,20,20
mpx_010,5,19.1049731745428,0.95524865872714,6,6
mpx_010,5,19.209372712298546,0.9604686356149273,3,3
mpx_010,5,19.235384061671343,0.9617692030835672,3,3
mpx_010,5,19.313207915827967,0.9656603957913984,1,1
mpx_010,5,19.4164878389476,0.97082439194738,3,3
mpx_010,5,19.697715603592208,0.9848857801796105,1,1
mpx_010,5,19.72308292331602,0.9861541461658011,3,3
mpx_010,5,19.79898987322333,0.9899494936611666,3,3
mpx_010,5,19.849433241279208,0.9924716620639604,3,3
mpx_010,5,20.0,1.0,23,23
mpx_010,5,20.12461179749811,1.0062305898749055,3,3
mpx_010,5,20.248456731316587,1.0124228365658294,4,4
mpx_010,5,20.518284528683193,1.0259142264341596,3,3
mpx_010,5,20.591260281974,1.0295630140987002,3,3
mpx_010,5,20.615528128088304,1.0307764064044151,4,4
mpx_010,5,20.808652046684813,1.0404326023342407,3,3
mpx_010,5,21.0,1.05,23,23
mpx_010,5,21.02379604162864,1.051189802081432,4,4
mpx_010,5,21.095023109728988,1.0547511554864495,4,4
mpx_010,5,21.18962010041709,1.0594810050208545,1,1
mpx_010,5,21.2602916254693,1.063014581273465,2,2
mpx_010,5,21.400934559032695,1.0700467279516348,3,3
mpx_010,5,21.470910553583888,1.0735455276791945,3,3
mpx_010,5,21.540659228538015,1.0770329614269007,1,1
mpx_010,5,21.587033144922902,1.0793516572461452,1,1
mpx_010,5,21.633307652783937,1.0816653826391969,3,3
mpx_010,5,21.840329667841555,1.0920164833920778,1,1
mpx_010,5,21.93171219946131,1.0965856099730655,3,3
mpx_010,5,21.95449840010015,1.0977249200050074,3,3
mpx_010,5,22.0,1.1,17,17
mpx_010,5,22.02271554554524,1.101135777277262,3,3
mpx_010,5,22.090722034374522,1.104536101718726,1,1
mpx_010,5,22.135943621178654,1.1067971810589328,1,1
mpx_010,5,22.20360331117452,1.110180165558726,2,2
mpx_010,5,22.360679774997898,1.118033988749895,3,3
mpx_010,5,22.47220505424423,1.1236102527122116,4,4
mpx_010,5,22.561028345356956,1.1280514172678477,1,1
mpx_010,5,22.80350850198276,1.140175425099138,3,3
mpx_010,5,22.825424421026653,1.1412712210513327,3,3
mpx_010,5,22.847319317591726,1.1423659658795864,3,3
mpx_010,5,23.0,1.1500000000000001,28,28
mpx_010,5,23.021728866442675,1.1510864433221337,4,4
mpx_010,5,23.08679276123039,1.1543396380615196,4,4
mpx_010,5,23.194827009486403,1.1597413504743201,3,3
mpx_010,5,23.259406699226016,1.1629703349613008,3,3
mpx_010,5,23.323807579381203,1.1661903789690602,2,2
mpx_010,5,23.345235059857504,1.1672617529928753,3,3
mpx_010,5,23.40939982143925,1.1704699910719627,1,1
mpx_010,5,23.53720459187964,1.176860229593982,3,3
mpx_010,5,23.600847442411894,1.1800423721205948,2,2
mpx_010,5,23.706539182259394,1.1853269591129698,3,3
mpx_010,5,23.769728648009426,1.1884864324004714,4,4
mpx_010,5,23.853720883753127,1.1926860441876563,2,2
mpx_010,5,24.0,1.2000000000000002,28,28
mpx_010,5,24.020824298928627,1.2010412149464313,2,2
mpx_010,5,24.041630560342615,1.2020815280171309,2,2
mpx_010,5,24.08318915758459,1.2041594578792296,2,2
mpx_010,5,24.166091947189145,1.2083045973594573,3,3
mpx_010,5,24.186773244895647,1.2093386622447824,4,4
mpx_010,5,24.331050121192877,1.216552506059644,3,3
mpx_010,5,24.351591323771842,1.2175795661885922,2,2
mpx_010,5,24.413111231467404,1.2206555615733703,2,2
mpx_010,5,24.515301344262525,1.2257650672131264,2,2
mpx_010,5,24.596747752497688,1.2298373876248845,2,2
mpx_010,5,24.698178070456937,1.2349089035228469,4,4
mpx_010,5,24.73863375370596,1.2369316876852983,2,2
mpx_010,5,25.0,1.25,29,29
mpx_010,5,25.019992006393608,1.2509996003196804,2,2
mpx_010,5,25.059928172283335,1.252996408614167,1,1
mpx_010,5,25.079872407968907,1.2539936203984454,4,4
mpx_010,5,25.179356624028344,1.2589678312014172,2,2
mpx_010,5,25.238858928247925,1.2619429464123963,2,2
mpx_010,5,25.298221281347036,1.264911064067352,2,2
mpx_010,5,25.317977802344327,1.2658988901172163,2,2
mpx_010,5,25.495097567963924,1.2747548783981963,1,1
mpx_010,5,25.553864678361276,1.2776932339180638,1,1
mpx_010,5,25.632011235952593,1.2816005617976298,2,2
mpx_010,5,25.709920264364882,1.2854960132182442,2,2
mpx_010,5,25.942243542145693,1.2971121771072847,1,1
mpx_010,5,25.96150997149434,1.2980754985747172,2,2
mpx_010,5,26.0,1.3,25,25
mpx_010,5,26.019223662515376,1.3009611831257688,2,2
mpx_010,5,26.076809620810597,1.30384048104053,3,3
mpx_010,5,26.1725046566048,1.3086252328302401,2,2
mpx_010,5,26.248809496813376,1.3124404748406688,2,2
mpx_010,5,26.30589287593181,1.3152946437965907,1,1
mpx_010,5,26.419689627245813,1.3209844813622906,1,1
mpx_010,5,26.476404589747453,1.3238202294873727,1,1
mpx_010,5,26.570660511172846,1.3285330255586425,2,2
mpx_010,5,26.68332812825267,1.3341664064126335,1,1
mpx_010,5,26.92582403567252,1.3462912017836262,3,3
mpx_010,5,27.0,1.35,26,26
mpx_010,5,27.018512172212592,1.3509256086106296,2,2
mpx_010,5,27.073972741361768,1.3536986370680886,2,2
mpx_010,5,27.16615541441225,1.3583077707206126,2,2
mpx_010,5,27.202941017470888,1.3601470508735445,2,2
mpx_010,5,27.294688127912362,1.3647344063956182,1,1
mpx_010,5,27.459060435491963,1.3729530217745982,1,1
mpx_010,5,27.51363298439521,1.3756816492197605,1,1
mpx_010,5,27.65863337187866,1.3829316685939332,1,1
mpx_010,5,27.784887978899608,1.3892443989449805,1,1
mpx_010,5,27.85677655436824,1.392838827718412,1,1
mpx_010,5,27.892651361962706,1.3946325680981353,1,1
mpx_010,5,28.0,1.4000000000000001,26,26
mpx_010,5,28.0178514522438,1.4008925726121901,2,2
mpx_010,5,28.071337695236398,1.40356688476182,2,2
mpx_010,5,28.160255680657446,1.4080127840328724,2,2
mpx_010,5,28.284271247461902,1.4142135623730951,1,1
mpx_010,5,28.442925306655784,1.4221462653327892,1,1
mpx_010,5,28.635642126552707,1.4317821063276355,1,1
mpx_010,5,28.792360097775937,1.439618004888797,1,1
mpx_010,5,28.861739379323623,1.4430869689661812,1,1
mpx_010,5,29.0,1.4500000000000002,8,8
mpx_010,5,30.0,1.5,8,8
mpx_010,6,1.0,0.05,856,0
mpx_010,6,1.4142135623730951,0.07071067811865477,8,0
mpx_010,6,2.0,0.1,811,0
mpx_010,6,2.23606797749979,0.1118033988749895,14,0
mpx_010,6,2.8284271247461903,0.14142135623730953,7,0
mpx_010,6,3.0,0.15000000000000002,194,1
mpx_010,6,3.1622776601683795,0.158113883008419,5,0
mpx_010,6,3.605551275463989,0.18027756377319948,6,0
mpx_010,6,4.0,0.2,189,3
mpx_010,6,4.123105625617661,0.20615528128088303,5,0
mpx_010,6,4.242640687119285,0.21213203435596426,3,0
mpx_010,6,4.47213595499958,0.223606797749979,5,4
mpx_010,6,5.0,0.25,152,143
mpx_010,6,5.0990195135927845,0.25495097567963926,7,7
mpx_010,6,5.385164807134504,0.2692582403567252,7,7
mpx_010,6,5.656854249492381,0.28284271247461906,3,3
mpx_010,6,5.830951894845301,0.29154759474226505,6,6
mpx_010,6,6.0,0.30000000000000004,146,139
mpx_010,6,6.082762530298219,0.304138126514911,7,7
mpx_010,6,6.324555320336759,0.316227766016838,7,7
mpx_010,6,6.4031242374328485,0.32015621187164245,7,7
mpx_010,6,6.708203932499369,0.3354101966249685,5,5
mpx_010,6,7.0,0.35000000000000003,142,138
mpx_010,6,7.0710678118654755,0.3535533905932738,10,10
mpx_010,6,7.211102550927978,0.36055512754639896,6,6
mpx_010,6,7.280109889280518,0.3640054944640259,6,6
mpx_010,6,7.615773105863909,0.38078865529319544,6,6
mpx_010,6,7.810249675906654,0.3905124837953327,9,9
mpx_010,6,8.0,0.4,142,139
mpx_010,6,8.06225774829855,0.40311288741492746,11,11
mpx_010,6,8.246211251235321,0.41231056256176607,6,6
mpx_010,6,8.48528137423857,0.4242640687119285,4,4
mpx_010,6,8.54400374531753,0.42720018726587655,6,6
mpx_010,6,8.602325267042627,0.4301162633521314,9,9
mpx_010,6,8.94427190999916,0.447213595499958,6,6
mpx_010,6,9.0,0.45,108,108
mpx_010,6,9.055385138137417,0.45276925690687087,4,4
mpx_010,6,9.219544457292887,0.4609772228646444,14,14
mpx_010,6,9.433981132056603,0.4716990566028302,8,8
mpx_010,6,9.486832980505138,0.47434164902525694,7,7
mpx_010,6,9.848857801796104,0.49244289008980524,7,7
mpx_010,6,9.899494936611665,0.4949747468305833,4,4
mpx_010,6,10.0,0.5,115,115
mpx_010,6,10.04987562112089,0.5024937810560445,4,4
mpx_010,6,10.198039027185569,0.5099019513592785,4,4
mpx_010,6,10.295630140987,0.5147815070493501,9,9
mpx_010,6,10.44030650891055,0.5220153254455275,6,6
mpx_010,6,10.63014581273465,0.5315072906367325,8,8
mpx_010,6,10.770329614269007,0.5385164807134504,6,6
mpx_010,6,10.816653826391969,0.5408326913195984,9,9
mpx_010,6,11.0,0.55,113,113
mpx_010,6,11.045361017187261,0.552268050859363,4,4
mpx_010,6,11.180339887498949,0.5590169943749475,13,13
mpx_010,6,11.313708498984761,0.5656854249492381,3,3
mpx_010,6,11.40175425099138,0.570087712549569,12,12
mpx_010,6,11.661903789690601,0.5830951894845301,9,9
mpx_010,6,11.704699910719626,0.5852349955359814,5,5
mpx_010,6,12.0,0.6000000000000001,104,104
mpx_010,6,12.041594578792296,0.6020797289396148,9,9
mpx_010,6,12.083045973594572,0.6041522986797286,8,8
mpx_010,6,12.165525060596439,0.608276253029822,2,2
mpx_010,6,12.206555615733702,0.6103277807866851,7,7
mpx_010,6,12.36931687685298,0.6184658438426491,3,3
mpx_010,6,12.529964086141668,0.6264982043070835,8,8
mpx_010,6,12.649110640673518,0.632455532033676,3,3
mpx_010,6,12.727922061357855,0.6363961030678928,3,3
mpx_010,6,12.806248474865697,0.6403124237432849,7,7
mpx_010,6,13.0,0.65,107,107
mpx_010,6,13.038404810405298,0.651920240520265,12,12
mpx_010,6,13.152946437965905,0.6576473218982953,4,4
mpx_010,6,13.341664064126334,0.6670832032063168,3,3
mpx_010,6,13.416407864998739,0.670820393249937,5,5
mpx_010,6,13.45362404707371,0.6726812023536856,6,6
mpx_010,6,13.601470508735444,0.6800735254367722,11,11
mpx_010,6,13.892443989449804,0.6946221994724903,5,5
mpx_010,6,13.92838827718412,0.696419413859206,4,4
mpx_010,6,14.0,0.7000000000000001,90,90
mpx_010,6,14.035668847618199,0.70178344238091,4,4
mpx_010,6,14.142135623730951,0.7071067811865476,7,7
mpx_010,6,14.212670403551895,0.7106335201775948,9,9
mpx_010,6,14.317821063276353,0.7158910531638177,7,7
mpx_010,6,14.422205101855956,0.7211102550927979,5,5
mpx_010,6,14.560219778561036,0.7280109889280518,3,3
mpx_010,6,14.7648230602334,0.73824115301167,3,3
mpx_010,6,14.866068747318506,0.7433034373659253,13,13
mpx_010,6,15.0,0.75,99,99
mpx_010,6,15.033296378372908,0.7516648189186454,2,2
mpx_010,6,15.132745950421556,0.7566372975210779,2,2
mpx_010,6,15.231546211727817,0.7615773105863909,4,4
mpx_010,6,15.264337522473747,0.7632168761236874,3,3
mpx_010,6,15.297058540778355,0.7648529270389178,1,1
mpx_010,6,15.524174696260024,0.7762087348130012,1,1
mpx_010,6,15.556349186104045,0.7778174593052023,5,5
mpx_010,6,15.620499351813308,0.7810249675906654,7,7
mpx_010,6,15.652475842498529,0.7826237921249265,3,3
mpx_010,6,15.811388300841896,0.7905694150420949,8,8
mpx_010,6,16.0,0.8,84,84
mpx_010,6,16.0312195418814,0.8015609770940699,2,2
mpx_010,6,16.1245154965971,0.8062257748298549,5,5
mpx_010,6,16.15549442140351,0.8077747210701756,3,3
mpx_010,6,16.278820596099706,0.8139410298049854,9,9
mpx_010,6,16.401219466856727,0.8200609733428363,5,5
mpx_010,6,16.492422502470642,0.8246211251235321,1,1
mpx_010,6,16.55294535724685,0.8276472678623424,3,3
mpx_010,6,16.64331697709324,0.8321658488546619,5,5
mpx_010,6,16.76305461424021,0.8381527307120106,3,3
mpx_010,6,16.97056274847714,0.848528137423857,3,3
mpx_010,6,17.0,0.8500000000000001,87,87
mpx_010,6,17.029386365926403,0.8514693182963202,8,8
mpx_010,6,17.08800749063506,0.8544003745317531,3,3
mpx_010,6,17.11724276862369,0.8558621384311845,2,2
mpx_010,6,17.204650534085253,0.8602325267042628,5,5
mpx_010,6,17.26267650163207,0.8631338250816034,1,1
mpx_010,6,17.46424919657298,0.873212459828649,4,4
mpx_010,6,17.4928556845359,0.8746427842267951,4,4
mpx_010,6,17.69180601295413,0.8845903006477066,4,4
mpx_010,6,17.72004514666935,0.8860022573334675,3,3
mpx_010,6,17.804493814764857,0.890224690738243,6,6
mpx_010,6,17.88854381999832,0.894427190999916,3,3
mpx_010,6,18.0,0.9,74,74
mpx_010,6,18.027756377319946,0.9013878188659974,8,8
mpx_010,6,18.110770276274835,0.9055385138137417,1,1
mpx_010,6,18.24828759089466,0.912414379544733,1,1
mpx_010,6,18.35755975068582,0.9178779875342911,4,4
mpx_010,6,18.384776310850235,0.9192388155425117,4,4
mpx_010,6,18.439088914585774,0.9219544457292888,5,5
mpx_010,6,18.601075237738275,0.9300537618869138,5,5
mpx_010,6,18.681541692269406,0.9340770846134703,3,3
mpx_010,6,18.788294228055936,0.9394147114027969,3,3
mpx_010,6,18.867962264113206,0.9433981132056604,4,4
mpx_010,6,18.973665961010276,0.9486832980505139,3,3
mpx_010,6,19.0,0.9500000000000001,58,58
mpx_010,6,19.026297590440446,0.9513148795220223,1,1
mpx_010,6,19.1049731745428,0.95524865872714,3,3
mpx_010,6,19.209372712298546,0.9604686356149273,3,3
mpx_010,6,19.235384061671343,0.9617692030835672,6,6
mpx_010,6,19.313207915827967,0.9656603957913984,2,2
mpx_010,6,19.4164878389476,0.97082439194738,6,6
mpx_010,6,19.6468827043885,0.982344135219425,2,2
mpx_010,6,19.697715603592208,0.9848857801796105,2,2
mpx_010,6,19.72308292331602,0.9861541461658011,4,4
mpx_010,6,19.79898987322333,0.9899494936611666,1,1
mpx_010,6,19.849433241279208,0.9924716620639604,1,1
mpx_010,6,19.924858845171276,0.9962429422585638,2,2
mpx_010,6,20.0,1.0,56,56
mpx_010,6,20.024984394500787,1.0012492197250393,1,1
mpx_010,6,20.09975124224178,1.004987562112089,1,1
mpx_010,6,20.12461179749811,1.0062305898749055,3,3
mpx_010,6,20.223748416156685,1.0111874208078342,1,1
mpx_010,6,20.248456731316587,1.0124228365658294,5,5
mpx_010,6,20.396078054371138,1.019803902718557,1,1
mpx_010,6,20.518284528683193,1.0259142264341596,1,1
mpx_010,6,20.591260281974,1.0295630140987002,3,3
mpx_010,6,20.615528128088304,1.0307764064044151,5,5
mpx_010,6,20.808652046684813,1.0404326023342407,3,3
mpx_010,6,20.8806130178211,1.044030650891055,2,2
mpx_010,6,21.0,1.05,45,45
mpx_010,6,21.02379604162864,1.051189802081432,4,4
mpx_010,6,21.095023109728988,1.0547511554864495,4,4
mpx_010,6,21.18962010041709,1.0594810050208545,2,2
mpx_010,6,21.213203435596427,1.0606601717798214,1,1
mpx_010,6,21.2602916254693,1.063014581273465,1,1
mpx_010,6,21.37755832643195,1.0688779163215976,1,1
mpx_010,6,21.400934559032695,1.0700467279516348,2,2
mpx_010,6,21.470910553583888,1.0735455276791945,3,3
mpx_010,6,21.540659228538015,1.0770329614269007,1,1
mpx_010,6,21.587033144922902,1.0793516572461452,2,2
mpx_010,6,21.633307652783937,1.0816653826391969,3,3
mpx_010,6,21.840329667841555,1.0920164833920778,2,2
mpx_010,6,21.93171219946131,1.0965856099730655,3,3
mpx_010,6,21.95449840010015,1.0977249200050074,3,3
mpx_010,6,22.0,1.1,40,40
mpx_010,6,22.02271554554524,1.101135777277262,3,3
mpx_010,6,22.090722034374522,1.104536101718726,1,1
mpx_010,6,22.135943621178654,1.1067971810589328,1,1
mpx_010,6,22.20360331117452,1.110180165558726,3,3
mpx_010,6,22.360679774997898,1.118033988749895,4,4
mpx_010,6,22.47220505424423,1.1236102527122116,4,4
mpx_010,6,22.561028345356956,1.1280514172678477,2,2
mpx_010,6,22.80350850198276,1.140175425099138,4,4
mpx_010,6,22.825424421026653,1.1412712210513327,3,3
mpx_010,6,22.847319317591726,1.1423659658795864,3,3
mpx_010,6,23.0,1.1500000000000001,39,39
mpx_010,6,23.021728866442675,1.1510864433221337,2,2
mpx_010,6,23.08679276123039,1.1543396380615196,1,1
mpx_010,6,23.194827009486403,1.1597413504743201,1,1
mpx_010,6,23.259406699226016,1.1629703349613008,3,3
mpx_010,6,23.323807579381203,1.1661903789690602,3,3
mpx_010,6,23.345235059857504,1.1672617529928753,1,1
mpx_010,6,23.40939982143925,1.1704699910719627,1,1
mpx_010,6,23.53720459187964,1.176860229593982,3,3
mpx_010,6,23.600847442411894,1.1800423721205948,2,2
mpx_010,6,23.706539182259394,1.1853269591129698,3,3
mpx_010,6,23.769728648009426,1.1884864324004714,5,5
mpx_010,6,23.853720883753127,1.1926860441876563,2,2
mpx_010,6,24.0,1.2000000000000002,24,24
mpx_010,6,24.041630560342615,1.2020815280171309,2,2
mpx_010,6,24.166091947189145,1.2083045973594573,3,3
mpx_010,6,24.186773244895647,1.2093386622447824,4,4
mpx_010,6,24.331050121192877,1.216552506059644,1,1
mpx_010,6,24.351591323771842,1.2175795661885922,2,2
mpx_010,6,24.413111231467404,1.2206555615733703,2,2
mpx_010,6,24.515301344262525,1.2257650672131264,2,2
mpx_010,6,24.596747752497688,1.2298373876248845,3,3
mpx_010,6,24.698178070456937,1.2349089035228469,4,4
mpx_010,6,24.73863375370596,1.2369316876852983,2,2
mpx_010,6,25.0,1.25,33,33
mpx_010,6,25.019992006393608,1.2509996003196804,2,2
mpx_010,6,25.059928172283335,1.252996408614167,1,1
mpx_010,6,25.079872407968907,1.2539936203984454,4,4
mpx_010,6,25.179356624028344,1.2589678312014172,2,2
mpx_010,6,25.238858928247925,1.2619429464123963,2,2
mpx_010,6,25.298221281347036,1.264911064067352,2,2
mpx_010,6,25.317977802344327,1.2658988901172163,2,2
mpx_010,6,25.495097567963924,1.2747548783981963,1,1
mpx_010,6,25.553864678361276,1.2776932339180638,1,1
mpx_010,6,25.632011235952593,1.2816005617976298,2,2
mpx_010,6,25.709920264364882,1.2854960132182442,2,2
mpx_010,6,25.942243542145693,1.2971121771072847,1,1
mpx_010,6,25.96150997149434,1.2980754985747172,2,2
mpx_010,6,26.0,1.3,26,26
mpx_010,6,26.019223662515376,1.3009611831257688,2,2
mpx_010,6,26.076809620810597,1.30384048104053,3,3
mpx_010,6,26.1725046566048,1.3086252328302401,2,2
mpx_010,6,26.248809496813376,1.3124404748406688,2,2
mpx_010,6,26.30589287593181,1.3152946437965907,1,1
mpx_010,6,26.419689627245813,1.3209844813622906,1,1
mpx_010,6,26.476404589747453,1.3238202294873727,1,1
mpx_010,6,26.570660511172846,1.3285330255586425,2,2
mpx_010,6,26.68332812825267,1.3341664064126335,1,1
mpx_010,6,26.92582403567252,1.3462912017836262,3,3
mpx_010,6,27.0,1.35,18,18
mpx_010,6,27.018512172212592,1.3509256086106296,2,2
mpx_010,6,27.073972741361768,1.3536986370680886,2,2
mpx_010,6,27.16615541441225,1.3583077707206126,2,2
mpx_010,6,27.202941017470888,1.3601470508735445,2,2
mpx_010,6,27.294688127912362,1.3647344063956182,1,1
mpx_010,6,27.459060435491963,1.3729530217745982,1,1
mpx_010,6,27.51363298439521,1.3756816492197605,1,1
mpx_010,6,27.65863337187866,1.3829316685939332,1,1
mpx_010,6,27.784887978899608,1.3892443989449805,1,1
mpx_010,6,27.85677655436824,1.392838827718412,1,1
mpx_010,6,27.892651361962706,1.3946325680981353,1,1
mpx_010,6,28.0,1.4000000000000001,18,18
mpx_010,6,28.0178514522438,1.4008925726121901,2,2
mpx_010,6,28.071337695236398,1.40356688476182,2,2
mpx_010,6,28.160255680657446,1.4080127840328724,2,2
mpx_010,6,28.284271247461902,1.4142135623730951,1,1
mpx_010,6,28.442925306655784,1.4221462653327892,1,1
mpx_010,6,28.635642126552707,1.4317821063276355,1,1
mpx_010,6,28.792360097775937,1.439618004888797,1,1
mpx_010,6,28.861739379323623,1.4430869689661812,1,1
mpx_010,7,1.0,0.05,584,0
mpx_010,7,1.4142135623730951,0.07071067811865477,6,0
mpx_010,7,2.0,0.1,543,0
mpx_010,7,2.23606797749979,0.1118033988749895,10,0
mpx_010,7,2.8284271247461903,0.14142135623730953,5,0
mpx_010,7,3.0,0.15000000000000002,99,0
mpx_010,7,3.1622776601683795,0.158113883008419,3,0
mpx_010,7,3.605551275463989,0.18027756377319948,4,0
mpx_010,7,4.0,0.2,92,5
mpx_010,7,4.123105625617661,0.20615528128088303,3,0
mpx_010,7,4.242640687119285,0.21213203435596426,1,0
mpx_010,7,4.47213595499958,0.223606797749979,3,3
mpx_010,7,5.0,0.25,96,96
mpx_010,7,5.0990195135927845,0.25495097567963926,3,3
mpx_010,7,5.385164807134504,0.2692582403567252,3,3
mpx_010,7,5.656854249492381,0.28284271247461906,1,1
mpx_010,7,5.830951894845301,0.29154759474226505,2,2
mpx_010,7,6.0,0.30000000000000004,94,94
mpx_010,7,6.082762530298219,0.304138126514911,3,3
mpx_010,7,6.324555320336759,0.316227766016838,3,3
mpx_010,7,6.4031242374328485,0.32015621187164245,3,3
mpx_010,7,6.708203932499369,0.3354101966249685,1,1
mpx_010,7,7.0,0.35000000000000003,104,104
mpx_010,7,7.0710678118654755,0.3535533905932738,5,5
mpx_010,7,7.211102550927978,0.36055512754639896,2,2
mpx_010,7,7.280109889280518,0.3640054944640259,4,4
mpx_010,7,7.615773105863909,0.38078865529319544,1,1
mpx_010,7,7.810249675906654,0.3905124837953327,3,3
mpx_010,7,8.0,0.4,102,102
mpx_010,7,8.06225774829855,0.40311288741492746,3,3
mpx_010,7,8.246211251235321,0.41231056256176607,3,3
mpx_010,7,8.48528137423857,0.4242640687119285,1,1
mpx_010,7,8.54400374531753,0.42720018726587655,1,1
mpx_010,7,8.602325267042627,0.4301162633521314,5,5
mpx_010,7,8.94427190999916,0.447213595499958,1,1
mpx_010,7,9.0,0.45,102,102
mpx_010,7,9.055385138137417,0.45276925690687087,3,3
mpx_010,7,9.219544457292887,0.4609772228646444,9,9
mpx_010,7,9.433981132056603,0.4716990566028302,4,4
mpx_010,7,9.486832980505138,0.47434164902525694,3,3
mpx_010,7,9.848857801796104,0.49244289008980524,3,3
mpx_010,7,9.899494936611665,0.4949747468305833,3,3
mpx_010,7,10.0,0.5,107,107
mpx_010,7,10.04987562112089,0.5024937810560445,3,3
mpx_010,7,10.198039027185569,0.5099019513592785,3,3
mpx_010,7,10.295630140987,0.5147815070493501,5,5
mpx_010,7,10.44030650891055,0.5220153254455275,3,3
mpx_010,7,10.63014581273465,0.5315072906367325,6,6
mpx_010,7,10.770329614269007,0.5385164807134504,3,3
mpx_010,7,10.816653826391969,0.5408326913195984,5,5
mpx_010,7,11.0,0.55,102,102
mpx_010,7,11.045361017187261,0.552268050859363,2,2
mpx_010,7,11.180339887498949,0.5590169943749475,7,7
mpx_010,7,11.313708498984761,0.5656854249492381,3,3
mpx_010,7,11.40175425099138,0.570087712549569,9,9
mpx_010,7,11.661903789690601,0.5830951894845301,5,5
mpx_010,7,11.704699910719626,0.5852349955359814,2,2
mpx_010,7,12.0,0.6000000000000001,94,94
mpx_010,7,12.041594578792296,0.6020797289396148,10,10
mpx_010,7,12.083045973594572,0.6041522986797286,5,5
mpx_010,7,12.165525060596439,0.608276253029822,2,2
mpx_010,7,12.206555615733702,0.6103277807866851,6,6
mpx_010,7,12.36931687685298,0.6184658438426491,2,2
mpx_010,7,12.529964086141668,0.6264982043070835,5,5
mpx_010,7,12.649110640673518,0.632455532033676,2,2
mpx_010,7,12.727922061357855,0.6363961030678928,4,4
mpx_010,7,12.806248474865697,0.6403124237432849,7,7
mpx_010,7,13.0,0.65,61,61
mpx_010,7,13.038404810405298,0.651920240520265,6,6
mpx_010,7,13.416407864998739,0.670820393249937,5,5
mpx_010,7,13.45362404707371,0.6726812023536856,8,8
mpx_010,7,13.601470508735444,0.6800735254367722,6,6
mpx_010,7,13.892443989449804,0.6946221994724903,5,5
mpx_010,7,13.92838827718412,0.696419413859206,2,2
mpx_010,7,14.0,0.7000000000000001,54,54
mpx_010,7,14.142135623730951,0.7071067811865476,4,4
mpx_010,7,14.212670403551895,0.7106335201775948,8,8
mpx_010,7,14.317821063276353,0.7158910531638177,2,2
mpx_010,7,14.422205101855956,0.7211102550927979,5,5
mpx_010,7,14.7648230602334,0.73824115301167,4,4
mpx_010,7,14.866068747318506,0.7433034373659253,11,11
mpx_010,7,15.0,0.75,55,55
mpx_010,7,15.231546211727817,0.7615773105863909,1,1
mpx_010,7,15.264337522473747,0.7632168761236874,4,4
mpx_010,7,15.556349186104045,0.7778174593052023,5,5
mpx_010,7,15.620499351813308,0.7810249675906654,5,5
mpx_010,7,15.652475842498529,0.7826237921249265,3,3
mpx_010,7,15.811388300841896,0.7905694150420949,4,4
mpx_010,7,16.0,0.8,36,36
mpx_010,7,16.1245154965971,0.8062257748298549,3,3
mpx_010,7,16.15549442140351,0.8077747210701756,1,1
mpx_010,7,16.278820596099706,0.8139410298049854,6,6
mpx_010,7,16.401219466856727,0.8200609733428363,2,2
mpx_010,7,16.55294535724685,0.8276472678623424,2,2
mpx_010,7,16.64331697709324,0.8321658488546619,2,2
mpx_010,7,16.76305461424021,0.8381527307120106,1,1
mpx_010,7,16.97056274847714,0.848528137423857,2,2
mpx_010,7,17.0,0.8500000000000001,36,36
mpx_010,7,17.029386365926403,0.8514693182963202,5,5
mpx_010,7,17.08800749063506,0.8544003745317531,1,1
mpx_010,7,17.204650534085253,0.8602325267042628,2,2
mpx_010,7,17.46424919657298,0.873212459828649,2,2
mpx_010,7,17.4928556845359,0.8746427842267951,1,1
mpx_010,7,17.69180601295413,0.8845903006477066,3,3
mpx_010,7,17.72004514666935,0.8860022573334675,1,1
mpx_010,7,17.804493814764857,0.890224690738243,5,5
mpx_010,7,17.88854381999832,0.894427190999916,2,2
mpx_010,7,18.0,0.9,34,34
mpx_010,7,18.027756377319946,0.9013878188659974,2,2
mpx_010,7,18.35755975068582,0.9178779875342911,1,1
mpx_010,7,18.384776310850235,0.9192388155425117,2,2
mpx_010,7,18.439088914585774,0.9219544457292888,3,3
mpx_010,7,18.601075237738275,0.9300537618869138,4,4
mpx_010,7,18.681541692269406,0.9340770846134703,1,1
mpx_010,7,18.788294228055936,0.9394147114027969,1,1
mpx_010,7,18.867962264113206,0.9433981132056604,1,1
mpx_010,7,18.973665961010276,0.9486832980505139,1,1
mpx_010,7,19.0,0.9500000000000001,30,30
mpx_010,7,19.1049731745428,0.95524865872714,2,2
mpx_010,7,19.209372712298546,0.9604686356149273,2,2
mpx_010,7,19.313207915827967,0.9656603957913984,1,1
mpx_010,7,19.4164878389476,0.97082439194738,3,3
mpx_010,7,19.697715603592208,0.9848857801796105,1,1
mpx_010,7,19.79898987322333,0.9899494936611666,1,1
mpx_010,7,19.849433241279208,0.9924716620639604,1,1
mpx_010,7,20.0,1.0,29,29
mpx_010,7,20.248456731316587,1.0124228365658294,2,2
mpx_010,7,20.518284528683193,1.0259142264341596,1,1
mpx_010,7,20.615528128088304,1.0307764064044151,2,2
mpx_010,7,20.808652046684813,1.0404326023342407,1,1
mpx_010,7,21.0,1.05,20,20
mpx_010,7,21.095023109728988,1.0547511554864495,1,1
mpx_010,7,21.18962010041709,1.0594810050208545,1,1
mpx_010,7,21.2602916254693,1.063014581273465,1,1
mpx_010,7,21.400934559032695,1.0700467279516348,1,1
mpx_010,7,21.540659228538015,1.0770329614269007,1,1
mpx_010,7,21.633307652783937,1.0816653826391969,1,1
mpx_010,7,21.95449840010015,1.0977249200050074,1,1
mpx_010,7,22.0,1.1,20,20
mpx_010,7,22.02271554554524,1.101135777277262,1,1
mpx_010,7,22.135943621178654,1.1067971810589328,1,1
mpx_010,7,22.20360331117452,1.110180165558726,1,1
mpx_010,7,22.47220505424423,1.1236102527122116,2,2
mpx_010,7,22.80350850198276,1.140175425099138,1,1
mpx_010,7,22.825424421026653,1.1412712210513327,1,1
mpx_010,7,23.0,1.1500000000000001,22,22
mpx_010,7,23.021728866442675,1.1510864433221337,1,1
mpx_010,7,23.08679276123039,1.1543396380615196,1,1
mpx_010,7,23.323807579381203,1.1661903789690602,1,1
mpx_010,7,23.40939982143925,1.1704699910719627,1,1
mpx_010,7,23.600847442411894,1.1800423721205948,1,1
mpx_010,7,23.706539182259394,1.1853269591129698,1,1
mpx_010,7,23.853720883753127,1.1926860441876563,1,1
mpx_010,7,24.0,1.2000000000000002,6,6
mpx_010,7,24.186773244895647,1.2093386622447824,1,1
mpx_010,7,24.413111231467404,1.2206555615733703,1,1
mpx_010,7,24.596747752497688,1.2298373876248845,1,1
mpx_010,7,24.698178070456937,1.2349089035228469,1,1
mpx_010,7,25.0,1.25,3,3
mpx_010,7,25.238858928247925,1.2619429464123963,1,1
mpx_010,8,1.0,0.05,615,0
mpx_010,8,1.4142135623730951,0.07071067811865477,8,0
mpx_010,8,2.0,0.1,572,0
mpx_010,8,2.23606797749979,0.1118033988749895,14,0
mpx_010,8,2.8284271247461903,0.14142135623730953,7,0
mpx_010,8,3.0,0.15000000000000002,230,0
mpx_010,8,3.1622776601683795,0.158113883008419,9,0
mpx_010,8,3.605551275463989,0.18027756377319948,10,0
mpx_010,8,4.0,0.2,225,5
mpx_010,8,4.123105625617661,0.20615528128088303,9,0
mpx_010,8,4.242640687119285,0.21213203435596426,3,0
mpx_010,8,4.47213595499958,0.223606797749979,9,8
mpx_010,8,5.0,0.25,120,117
mpx_010,8,5.0990195135927845,0.25495097567963926,7,6
mpx_010,8,5.385164807134504,0.2692582403567252,7,6
mpx_010,8,5.656854249492381,0.28284271247461906,3,3
mpx_010,8,5.830951894845301,0.29154759474226505,4,4
mpx_010,8,6.0,0.30000000000000004,114,113
mpx_010,8,6.082762530298219,0.304138126514911,7,6
mpx_010,8,6.324555320336759,0.316227766016838,7,6
mpx_010,8,6.4031242374328485,0.32015621187164245,5,5
mpx_010,8,6.708203932499369,0.3354101966249685,3,3
mpx_010,8,7.0,0.35000000000000003,112,112
mpx_010,8,7.0710678118654755,0.3535533905932738,10,10
mpx_010,8,7.211102550927978,0.36055512754639896,4,4
mpx_010,8,7.280109889280518,0.3640054944640259,7,7
mpx_010,8,7.615773105863909,0.38078865529319544,3,3
mpx_010,8,7.810249675906654,0.3905124837953327,7,7
mpx_010,8,8.0,0.4,108,108
mpx_010,8,8.06225774829855,0.40311288741492746,7,7
mpx_010,8,8.246211251235321,0.41231056256176607,5,5
mpx_010,8,8.48528137423857,0.4242640687119285,3,3
mpx_010,8,8.54400374531753,0.42720018726587655,3,3
mpx_010,8,8.602325267042627,0.4301162633521314,4,4
mpx_010,8,8.94427190999916,0.447213595499958,3,3
mpx_010,8,9.0,0.45,74,74
mpx_010,8,9.055385138137417,0.45276925690687087,3,3
mpx_010,8,9.219544457292887,0.4609772228646444,8,8
mpx_010,8,9.433981132056603,0.4716990566028302,3,3
mpx_010,8,9.486832980505138,0.47434164902525694,2,2
mpx_010,8,9.848857801796104,0.49244289008980524,2,2
mpx_010,8,9.899494936611665,0.4949747468305833,2,2
mpx_010,8,10.0,0.5,78,78
mpx_010,8,10.04987562112089,0.5024937810560445,3,3
mpx_010,8,10.198039027185569,0.5099019513592785,3,3
mpx_010,8,10.295630140987,0.5147815070493501,2,2
mpx_010,8,10.44030650891055,0.5220153254455275,2,2
mpx_010,8,10.63014581273465,0.5315072906367325,4,4
mpx_010,8,10.770329614269007,0.5385164807134504,2,2
mpx_010,8,10.816653826391969,0.5408326913195984,2,2
mpx_010,8,11.0,0.55,86,86
mpx_010,8,11.045361017187261,0.552268050859363,4,4
mpx_010,8,11.180339887498949,0.5590169943749475,6,6
mpx_010,8,11.313708498984761,0.5656854249492381,2,2
mpx_010,8,11.40175425099138,0.570087712549569,4,4
mpx_010,8,11.661903789690601,0.5830951894845301,2,2
mpx_010,8,11.704699910719626,0.5852349955359814,2,2
mpx_010,8,12.0,0.6000000000000001,78,78
mpx_010,8,12.041594578792296,0.6020797289396148,6,6
mpx_010,8,12.083045973594572,0.6041522986797286,3,3
mpx_010,8,12.165525060596439,0.608276253029822,4,4
mpx_010,8,12.206555615733702,0.6103277807866851,2,2
mpx_010,8,12.36931687685298,0.6184658438426491,2,2
mpx_010,8,12.529964086141668,0.6264982043070835,3,3
mpx_010,8,12.649110640673518,0.632455532033676,2,2
mpx_010,8,12.806248474865697,0.6403124237432849,2,2
mpx_010,8,13.0,0.65,75,75
mpx_010,8,13.038404810405298,0.651920240520265,8,8
mpx_010,8,13.152946437965905,0.6576473218982953,4,4
mpx_010,8,13.341664064126334,0.6670832032063168,2,2
mpx_010,8,13.416407864998739,0.670820393249937,3,3
mpx_010,8,13.601470508735444,0.6800735254367722,6,6
mpx_010,8,13.892443989449804,0.6946221994724903,3,3
mpx_010,8,13.92838827718412,0.696419413859206,3,3
mpx_010,8,14.0,0.7000000000000001,70,70
mpx_010,8,14.035668847618199,0.70178344238091,4,4
mpx_010,8,14.142135623730951,0.7071067811865476,4,4
mpx_010,8,14.212670403551895,0.7106335201775948,3,3
mpx_010,8,14.317821063276353,0.7158910531638177,5,5
mpx_010,8,14.422205101855956,0.7211102550927979,3,3
mpx_010,8,14.560219778561036,0.7280109889280518,2,2
mpx_010,8,14.7648230602334,0.73824115301167,3,3
mpx_010,8,14.866068747318506,0.7433034373659253,6,6
mpx_010,8,15.0,0.75,64,64
mpx_010,8,15.033296378372908,0.7516648189186454,1,1
mpx_010,8,15.132745950421556,0.7566372975210779,1,1
mpx_010,8,15.231546211727817,0.7615773105863909,2,2
mpx_010,8,15.264337522473747,0.7632168761236874,3,3
mpx_010,8,15.556349186104045,0.7778174593052023,3,3
mpx_010,8,15.620499351813308,0.7810249675906654,1,1
mpx_010,8,15.652475842498529,0.7826237921249265,2,2
mpx_010,8,15.811388300841896,0.7905694150420949,2,2
mpx_010,8,16.0,0.8,54,54
mpx_010,8,16.1245154965971,0.8062257748298549,2,2
mpx_010,8,16.15549442140351,0.8077747210701756,1,1
mpx_010,8,16.278820596099706,0.8139410298049854,4,4
mpx_010,8,16.401219466856727,0.8200609733428363,1,1
mpx_010,8,16.55294535724685,0.8276472678623424,1,1
mpx_010,8,16.64331697709324,0.8321658488546619,1,1
mpx_010,8,16.76305461424021,0.8381527307120106,1,1
mpx_010,8,16.97056274847714,0.848528137423857,1,1
mpx_010,8,17.0,0.8500000000000001,53,53
mpx_010,8,17.029386365926403,0.8514693182963202,4,4
mpx_010,8,17.08800749063506,0.8544003745317531,1,1
mpx_010,8,17.204650534085253,0.8602325267042628,1,1
mpx_010,8,17.46424919657298,0.873212459828649,1,1
mpx_010,8,17.69180601295413,0.8845903006477066,2,2
mpx_010,8,17.72004514666935,0.8860022573334675,1,1
mpx_010,8,17.804493814764857,0.890224690738243,4,4
mpx_010,8,17.88854381999832,0.894427190999916,1,1
mpx_010,8,18.0,0.9,52,52
mpx_010,8,18.027756377319946,0.9013878188659974,1,1
mpx_010,8,18.384776310850235,0.9192388155425117,1,1
mpx_010,8,18.439088914585774,0.9219544457292888,2,2
mpx_010,8,18.601075237738275,0.9300537618869138,3,3
mpx_010,8,18.681541692269406,0.9340770846134703,1,1
mpx_010,8,18.973665961010276,0.9486832980505139,1,1
mpx_010,8,19.0,0.9500000000000001,24,24
mpx_010,8,19.1049731745428,0.95524865872714,2,2
mpx_010,8,19.209372712298546,0.9604686356149273,1,1
mpx_010,8,19.4164878389476,0.97082439194738,3,3
mpx_010,8,19.79898987322333,0.9899494936611666,1,1
mpx_010,8,19.849433241279208,0.9924716620639604,1,1
mpx_010,8,20.0,1.0,25,25
mpx_010,8,20.248456731316587,1.0124228365658294,2,2
mpx_010,8,20.518284528683193,1.0259142264341596,1,1
mpx_010,8,20.615528128088304,1.0307764064044151,2,2
mpx_010,8,20.808652046684813,1.0404326023342407,1,1
mpx_010,8,21.0,1.05,20,20
mpx_010,8,21.095023109728988,1.0547511554864495,1,1
mpx_010,8,21.18962010041709,1.0594810050208545,1,1
mpx_010,8,21.2602916254693,1.063014581273465,1,1
mpx_010,8,21.400934559032695,1.0700467279516348,1,1
mpx_010,8,21.540659228538015,1.0770329614269007,1,1
mpx_010,8,21.633307652783937,1.0816653826391969,1,1
mpx_010,8,21.95449840010015,1.0977249200050074,1,1
mpx_010,8,22.0,1.1,20,20
mpx_010,8,22.02271554554524,1.101135777277262,1,1
mpx_010,8,22.20360331117452,1.110180165558726,1,1
mpx_010,8,22.47220505424423,1.1236102527122116,1,1
mpx_010,8,22.80350850198276,1.140175425099138,1,1
mpx_010,8,22.825424421026653,1.1412712210513327,1,1
mpx_010,8,23.0,1.1500000000000001,25,25
mpx_010,8,23.021728866442675,1.1510864433221337,1,1
mpx_010,8,23.323807579381203,1.1661903789690602,1,1
mpx_010,8,23.600847442411894,1.1800423721205948,1,1
mpx_010,8,23.706539182259394,1.1853269591129698,1,1
mpx_010,8,23.853720883753127,1.1926860441876563,1,1
mpx_010,8,24.0,1.2000000000000002,7,7
mpx_010,8,24.186773244895647,1.2093386622447824,1,1
mpx_010,8,24.413111231467404,1.2206555615733703,1,1
mpx_010,8,24.596747752497688,1.2298373876248845,1,1
mpx_010,8,24.698178070456937,1.2349089035228469,1,1
mpx_010,8,25.0,1.25,3,3
mpx_010,8,25.238858928247925,1.2619429464123963,1,1
mpx_010,9,1.0,0.05,1117,0
mpx_010,9,1.4142135623730951,0.07071067811865477,13,0
mpx_010,9,2.0,0.1,609,0
mpx_010,9,2.23606797749979,0.1118033988749895,20,0
mpx_010,9,2.8284271247461903,0.14142135623730953,9,0
mpx_010,9,3.0,0.15000000000000002,473,0
mpx_010,9,3.1622776601683795,0.158113883008419,12,0
mpx_010,9,3.605551275463989,0.18027756377319948,14,0
mpx_010,9,4.0,0.2,151,0
mpx_010,9,4.123105625617661,0.20615528128088303,6,0
mpx_010,9,4.242640687119285,0.21213203435596426,5,0
mpx_010,9,4.47213595499958,0.223606797749979,8,7
mpx_010,9,5.0,0.25,197,96
mpx_010,9,5.0990195135927845,0.25495097567963926,7,6
mpx_010,9,5.385164807134504,0.2692582403567252,9,8
mpx_010,9,5.656854249492381,0.28284271247461906,1,0
mpx_010,9,5.830951894845301,0.29154759474226505,6,4
mpx_010,9,6.0,0.30000000000000004,163,76
mpx_010,9,6.082762530298219,0.304138126514911,7,6
mpx_010,9,6.324555320336759,0.316227766016838,9,8
mpx_010,9,6.4031242374328485,0.32015621187164245,2,0
mpx_010,9,6.708203932499369,0.3354101966249685,6,4
mpx_010,9,7.0,0.35000000000000003,79,75
mpx_010,9,7.0710678118654755,0.3535533905932738,6,5
mpx_010,9,7.211102550927978,0.36055512754639896,2,0
mpx_010,9,7.280109889280518,0.3640054944640259,4,4
mpx_010,9,7.615773105863909,0.38078865529319544,3,2
mpx_010,9,7.810249675906654,0.3905124837953327,2,0
mpx_010,9,8.0,0.4,69,65
mpx_010,9,8.06225774829855,0.40311288741492746,7,6
mpx_010,9,8.246211251235321,0.41231056256176607,4,4
mpx_010,9,8.48528137423857,0.4242640687119285,1,0
mpx_010,9,8.54400374531753,0.42720018726587655,3,2
mpx_010,9,8.602325267042627,0.4301162633521314,2,1
mpx_010,9,8.94427190999916,0.447213595499958,2,1
mpx_010,9,9.0,0.45,64,60
mpx_010,9,9.055385138137417,0.45276925690687087,4,4
mpx_010,9,9.219544457292887,0.4609772228646444,5,4
mpx_010,9,9.433981132056603,0.4716990566028302,2,1
mpx_010,9,9.486832980505138,0.47434164902525694,2,1
mpx_010,9,9.848857801796104,0.49244289008980524,1,0
mpx_010,9,9.899494936611665,0.4949747468305833,1,1
mpx_010,9,10.0,0.5,54,51
mpx_010,9,10.04987562112089,0.5024937810560445,3,3
mpx_010,9,10.198039027185569,0.5099019513592785,3,3
mpx_010,9,10.63014581273465,0.5315072906367325,2,2
mpx_010,9,11.0,0.55,46,46
mpx_010,9,11.045361017187261,0.552268050859363,3,3
mpx_010,9,11.180339887498949,0.5590169943749475,4,4
mpx_010,9,11.313708498984761,0.5656854249492381,1,1
mpx_010,9,11.40175425099138,0.570087712549569,1,1
mpx_010,9,11.661903789690601,0.5830951894845301,1,1
mpx_010,9,12.0,0.6000000000000001,44,44
mpx_010,9,12.041594578792296,0.6020797289396148,4,4
mpx_010,9,12.083045973594572,0.6041522986797286,1,1
mpx_010,9,12.165525060596439,0.608276253029822,3,3
mpx_010,9,12.206555615733702,0.6103277807866851,1,1
mpx_010,9,12.529964086141668,0.6264982043070835,1,1
mpx_010,9,12.806248474865697,0.6403124237432849,1,1
mpx_010,9,13.0,0.65,46,46
mpx_010,9,13.038404810405298,0.651920240520265,3,3
mpx_010,9,13.152946437965905,0.6576473218982953,2,2
mpx_010,9,13.341664064126334,0.6670832032063168,1,1
mpx_010,9,13.416407864998739,0.670820393249937,1,1
mpx_010,9,13.601470508735444,0.6800735254367722,2,2
mpx_010,9,13.892443989449804,0.6946221994724903,1,1
mpx_010,9,13.92838827718412,0.696419413859206,2,2
mpx_010,9,14.0,0.7000000000000001,45,45
mpx_010,9,14.035668847618199,0.70178344238091,2,2
mpx_010,9,14.142135623730951,0.7071067811865476,2,2
mpx_010,9,14.317821063276353,0.7158910531638177,3,3
mpx_010,9,14.422205101855956,0.7211102550927979,1,1
mpx_010,9,14.560219778561036,0.7280109889280518,1,1
mpx_010,9,14.7648230602334,0.73824115301167,2,2
mpx_010,9,14.866068747318506,0.7433034373659253,2,2
mpx_010,9,15.0,0.75,43,43
mpx_010,9,15.033296378372908,0.7516648189186454,2,2
mpx_010,9,15.132745950421556,0.7566372975210779,2,2
mpx_010,9,15.231546211727817,0.7615773105863909,2,2
mpx_010,9,15.264337522473747,0.7632168761236874,2,2
mpx_010,9,15.297058540778355,0.7648529270389178,1,1
mpx_010,9,15.524174696260024,0.7762087348130012,1,1
mpx_010,9,15.652475842498529,0.7826237921249265,2,2
mpx_010,9,15.811388300841896,0.7905694150420949,3,3
mpx_010,9,16.0,0.8,27,27
mpx_010,9,16.0312195418814,0.8015609770940699,2,2
mpx_010,9,16.1245154965971,0.8062257748298549,4,4
mpx_010,9,16.15549442140351,0.8077747210701756,2,2
mpx_010,9,16.278820596099706,0.8139410298049854,1,1
mpx_010,9,16.401219466856727,0.8200609733428363,1,1
mpx_010,9,16.492422502470642,0.8246211251235321,1,1
mpx_010,9,16.55294535724685,0.8276472678623424,2,2
mpx_010,9,16.64331697709324,0.8321658488546619,1,1
mpx_010,9,16.76305461424021,0.8381527307120106,2,2
mpx_010,9,17.0,0.8500000000000001,16,16
mpx_010,9,17.029386365926403,0.8514693182963202,2,2
mpx_010,9,17.08800749063506,0.8544003745317531,2,2
mpx_010,9,17.11724276862369,0.8558621384311845,1,1
mpx_010,9,17.204650534085253,0.8602325267042628,1,1
mpx_010,9,17.46424919657298,0.873212459828649,2,2
mpx_010,9,17.4928556845359,0.8746427842267951,1,1
mpx_010,9,17.69180601295413,0.8845903006477066,1,1
mpx_010,9,17.72004514666935,0.8860022573334675,1,1
mpx_010,9,17.804493814764857,0.890224690738243,1,1
mpx_010,9,17.88854381999832,0.894427190999916,2,2
mpx_010,9,18.0,0.9,14,14
mpx_010,9,18.027756377319946,0.9013878188659974,3,3
mpx_010,9,18.110770276274835,0.9055385138137417,1,1
mpx_010,9,18.35755975068582,0.9178779875342911,1,1
mpx_010,9,18.384776310850235,0.9192388155425117,2,2
mpx_010,9,18.439088914585774,0.9219544457292888,1,1
mpx_010,9,18.601075237738275,0.9300537618869138,1,1
mpx_010,9,18.681541692269406,0.9340770846134703,1,1
mpx_010,9,18.788294228055936,0.9394147114027969,1,1
mpx_010,9,18.867962264113206,0.9433981132056604,1,1
mpx_010,9,18.973665961010276,0.9486832980505139,1,1
mpx_010,9,19.0,0.9500000000000001,14,14
mpx_010,9,19.026297590440446,0.9513148795220223,1,1
mpx_010,9,19.1049731745428,0.95524865872714,3,3
mpx_010,9,19.209372712298546,0.9604686356149273,1,1
mpx_010,9,19.313207915827967,0.9656603957913984,1,1
mpx_010,9,19.4164878389476,0.97082439194738,1,1
mpx_010,9,19.6468827043885,0.982344135219425,1,1
mpx_010,9,19.697715603592208,0.9848857801796105,1,1
mpx_010,9,19.79898987322333,0.9899494936611666,1,1
mpx_010,9,19.849433241279208,0.9924716620639604,2,2
mpx_010,9,19.924858845171276,0.9962429422585638,1,1
mpx_010,9,20.0,1.0,17,17
mpx_010,9,20.024984394500787,1.0012492197250393,1,1
mpx_010,9,20.09975124224178,1.004987562112089,1,1
mpx_010,9,20.248456731316587,1.0124228365658294,1,1
mpx_010,9,20.518284528683193,1.0259142264341596,2,2
mpx_010,9,20.615528128088304,1.0307764064044151,3,3
mpx_010,9,21.0,1.05,16,16
mpx_010,9,21.02379604162864,1.051189802081432,1,1
mpx_010,9,21.095023109728988,1.0547511554864495,1,1
mpx_010,9,21.18962010041709,1.0594810050208545,1,1
mpx_010,9,21.213203435596427,1.0606601717798214,1,1
mpx_010,9,21.2602916254693,1.063014581273465,2,2
mpx_010,9,21.400934559032695,1.0700467279516348,1,1
mpx_010,9,21.540659228538015,1.0770329614269007,1,1
mpx_010,9,21.93171219946131,1.0965856099730655,2,2
mpx_010,9,22.0,1.1,16,16
mpx_010,9,22.02271554554524,1.101135777277262,2,2
mpx_010,9,22.090722034374522,1.104536101718726,1,1
mpx_010,9,22.135943621178654,1.1067971810589328,1,1
mpx_010,9,22.20360331117452,1.110180165558726,1,1
mpx_010,9,22.47220505424423,1.1236102527122116,1,1
mpx_010,9,22.627416997969522,1.1313708498984762,1,1
mpx_010,9,22.67156809750927,1.1335784048754636,1,1
mpx_010,9,22.80350850198276,1.140175425099138,1,1
mpx_010,9,23.0,1.1500000000000001,16,16
mpx_010,9,23.021728866442675,1.1510864433221337,2,2
mpx_010,9,23.08679276123039,1.1543396380615196,1,1
mpx_010,9,23.345235059857504,1.1672617529928753,1,1
mpx_010,9,23.430749027719962,1.1715374513859982,1,1
mpx_010,9,23.600847442411894,1.1800423721205948,1,1
mpx_010,9,23.853720883753127,1.1926860441876563,1,1
mpx_010,9,24.0,1.2000000000000002,2,2
mpx_010,9,24.020824298928627,1.2010412149464313,1,1
mpx_010,9,24.08318915758459,1.2041594578792296,2,2
mpx_010,9,24.20743687382041,1.2103718436910205,1,1
mpx_010,9,24.413111231467404,1.2206555615733703,1,1
mpx_010,9,24.698178070456937,1.2349089035228469,1,1
mpx_010,9,24.839484696748443,1.2419742348374223,1,1
mpx_010,9,25.0,1.25,3,3
mpx_010,9,25.019992006393608,1.2509996003196804,1,1
mpx_010,9,25.079872407968907,1.2539936203984454,1,1
mpx_010,9,25.238858928247925,1.2619429464123963,1,1
mpx_010,9,25.612496949731394,1.2806248474865698,1,1
mpx_010,9,25.80697580112788,1.2903487900563941,1,1
mpx_010,9,26.076809620810597,1.30384048104053,1,1
mpx_010,10,1.0,0.05,977,0
mpx_010,10,1.4142135623730951,0.07071067811865477,13,0
mpx_010,10,2.0,0.1,398,0
mpx_010,10,2.23606797749979,0.1118033988749895,21,0
mpx_010,10,2.8284271247461903,0.14142135623730953,9,0
mpx_010,10,3.0,0.15000000000000002,243,0
mpx_010,10,3.1622776601683795,0.158113883008419,14,0
mpx_010,10,3.605551275463989,0.18027756377319948,14,0
mpx_010,10,4.0,0.2,70,0
mpx_010,10,4.123105625617661,0.20615528128088303,7,0
mpx_010,10,4.242640687119285,0.21213203435596426,5,0
mpx_010,10,4.47213595499958,0.223606797749979,6,6
mpx_010,10,5.0,0.25,106,59
mpx_010,10,5.0990195135927845,0.25495097567963926,7,6
mpx_010,10,5.385164807134504,0.2692582403567252,7,6
mpx_010,10,5.830951894845301,0.29154759474226505,3,2
mpx_010,10,6.0,0.30000000000000004,93,56
mpx_010,10,6.082762530298219,0.304138126514911,7,6
mpx_010,10,6.324555320336759,0.316227766016838,7,6
mpx_010,10,6.4031242374328485,0.32015621187164245,1,0
mpx_010,10,6.708203932499369,0.3354101966249685,3,2
mpx_010,10,7.0,0.35000000000000003,83,81
mpx_010,10,7.0710678118654755,0.3535533905932738,6,5
mpx_010,10,7.211102550927978,0.36055512754639896,1,0
mpx_010,10,7.280109889280518,0.3640054944640259,3,3
mpx_010,10,7.615773105863909,0.38078865529319544,1,1
mpx_010,10,7.810249675906654,0.3905124837953327,2,0
mpx_010,10,8.0,0.4,77,75
mpx_010,10,8.06225774829855,0.40311288741492746,5,5
mpx_010,10,8.246211251235321,0.41231056256176607,3,3
mpx_010,10,8.48528137423857,0.4242640687119285,1,0
mpx_010,10,8.54400374531753,0.42720018726587655,1,1
mpx_010,10,8.602325267042627,0.4301162633521314,1,0
mpx_010,10,9.0,0.45,55,53
mpx_010,10,9.055385138137417,0.45276925690687087,5,5
mpx_010,10,9.219544457292887,0.4609772228646444,4,3
mpx_010,10,9.433981132056603,0.4716990566028302,1,0
mpx_010,10,9.486832980505138,0.47434164902525694,1,1
mpx_010,10,10.0,0.5,53,50
mpx_010,10,10.04987562112089,0.5024937810560445,4,4
mpx_010,10,10.198039027185569,0.5099019513592785,2,2
mpx_010,10,10.63014581273465,0.5315072906367325,1,1
mpx_010,10,11.0,0.55,41,41
mpx_010,10,11.045361017187261,0.552268050859363,3,3
mpx_010,10,11.180339887498949,0.5590169943749475,2,2
mpx_010,10,11.313708498984761,0.5656854249492381,1,1
mpx_010,10,11.40175425099138,0.570087712549569,1,1
mpx_010,10,12.0,0.6000000000000001,39,39
mpx_010,10,12.041594578792296,0.6020797289396148,4,4
mpx_010,10,12.165525060596439,0.608276253029822,2,2
mpx_010,10,12.206555615733702,0.6103277807866851,1,1
mpx_010,10,12.806248474865697,0.6403124237432849,1,1
mpx_010,10,13.0,0.65,27,27
mpx_010,10,13.038404810405298,0.651920240520265,2,2
mpx_010,10,13.601470508735444,0.6800735254367722,1,1
mpx_010,10,13.892443989449804,0.6946221994724903,1,1
mpx_010,10,14.0,0.7000000000000001,27,27
mpx_010,10,14.035668847618199,0.70178344238091,1,1
mpx_010,10,14.422205101855956,0.7211102550927979,1,1
mpx_010,10,14.7648230602334,0.73824115301167,1,1
mpx_010,10,15.0,0.75,27,27
mpx_010,10,15.033296378372908,0.7516648189186454,1,1
mpx_010,10,15.264337522473747,0.7632168761236874,1,1
mpx_010,10,15.652475842498529,0.7826237921249265,1,1
mpx_010,10,16.0,0.8,18,18
mpx_010,10,16.1245154965971,0.8062257748298549,1,1
mpx_010,10,16.55294535724685,0.8276472678623424,1,1
mpx_010,10,17.0,0.8500000000000001,19,19
mpx_010,10,17.46424919657298,0.873212459828649,1,1
mpx_010,10,17.88854381999832,0.894427190999916,1,1
mpx_010,10,18.0,0.9,18,18
mpx_010,10,18.384776310850235,0.9192388155425117,1,1
mpx_010,10,18.788294228055936,0.9394147114027969,1,1
mpx_010,10,19.0,0.9500000000000001,18,18
mpx_010,10,19.313207915827967,0.9656603957913984,1,1
mpx_010,10,19.697715603592208,0.9848857801796105,1,1
mpx_010,10,20.0,1.0,18,18
mpx_010,10,20.248456731316587,1.0124228365658294,1,1
mpx_010,10,20.615528128088304,1.0307764064044151,1,1
mpx_010,10,21.0,1.05,18,18
mpx_010,10,22.0,1.1,20,20
mpx_010,10,23.0,1.1500000000000001,20,20
mpx_010,11,1.0,0.05,596,0
mpx_010,11,1.4142135623730951,0.07071067811865477,12,0
mpx_010,11,2.0,0.1,543,0
mpx_010,11,2.23606797749979,0.1118033988749895,20,0
mpx_010,11,2.8284271247461903,0.14142135623730953,9,0
mpx_010,11,3.0,0.15000000000000002,111,0
mpx_010,11,3.1622776601683795,0.158113883008419,8,1
mpx_010,11,3.605551275463989,0.18027756377319948,9,1
mpx_010,11,4.0,0.2,104,0
mpx_010,11,4.123105625617661,0.20615528128088303,6,1
mpx_010,11,4.47213595499958,0.223606797749979,6,6
mpx_010,11,5.0,0.25,62,50
mpx_010,11,5.0990195135927845,0.25495097567963926,6,5
mpx_010,11,5.385164807134504,0.2692582403567252,6,5
mpx_010,11,6.0,0.30000000000000004,62,52
mpx_010,11,6.082762530298219,0.304138126514911,6,5
mpx_010,11,6.324555320336759,0.316227766016838,6,5
mpx_010,11,7.0,0.35000000000000003,54,46
mpx_010,11,7.0710678118654755,0.3535533905932738,5,4
mpx_010,11,7.280109889280518,0.3640054944640259,5,4
mpx_010,11,7.615773105863909,0.38078865529319544,1,1
mpx_010,11,8.0,0.4,52,48
mpx_010,11,8.06225774829855,0.40311288741492746,5,4
mpx_010,11,8.246211251235321,0.41231056256176607,4,3
mpx_010,11,8.54400374531753,0.42720018726587655,1,1
mpx_010,11,8.94427190999916,0.447213595499958,1,1
mpx_010,11,9.0,0.45,50,50
mpx_010,11,9.055385138137417,0.45276925690687087,4,4
mpx_010,11,9.219544457292887,0.4609772228646444,4,4
mpx_010,11,9.486832980505138,0.47434164902525694,1,1
mpx_010,11,9.848857801796104,0.49244289008980524,1,1
mpx_010,11,10.0,0.5,44,44
mpx_010,11,10.04987562112089,0.5024937810560445,3,3
mpx_010,11,10.198039027185569,0.5099019513592785,3,3
mpx_010,11,10.44030650891055,0.5220153254455275,1,1
mpx_010,11,10.770329614269007,0.5385164807134504,1,1
mpx_010,11,11.0,0.55,44,44
mpx_010,11,11.045361017187261,0.552268050859363,3,3
mpx_010,11,11.180339887498949,0.5590169943749475,3,3
mpx_010,11,11.40175425099138,0.570087712549569,2,2
mpx_010,11,11.704699910719626,0.5852349955359814,1,1
mpx_010,11,12.0,0.6000000000000001,44,44
mpx_010,11,12.041594578792296,0.6020797289396148,4,4
mpx_010,11,12.165525060596439,0.608276253029822,3,3
mpx_010,11,12.206555615733702,0.6103277807866851,1,1
mpx_010,11,12.36931687685298,0.6184658438426491,1,1
mpx_010,11,12.649110640673518,0.632455532033676,1,1
mpx_010,11,12.727922061357855,0.6363961030678928,1,1
mpx_010,11,12.806248474865697,0.6403124237432849,1,1
mpx_010,11,13.0,0.65,32,32
mpx_010,11,13.038404810405298,0.651920240520265,2,2
mpx_010,11,13.152946437965905,0.6576473218982953,1,1
mpx_010,11,13.341664064126334,0.6670832032063168,1,1
mpx_010,11,13.45362404707371,0.6726812023536856,2,2
mpx_010,11,13.601470508735444,0.6800735254367722,2,2
mpx_010,11,13.892443989449804,0.6946221994724903,1,1
mpx_010,11,14.0,0.7000000000000001,32,32
mpx_010,11,14.035668847618199,0.70178344238091,1,1
mpx_010,11,14.142135623730951,0.7071067811865476,2,2
mpx_010,11,14.212670403551895,0.7106335201775948,1,1
mpx_010,11,14.317821063276353,0.7158910531638177,1,1
mpx_010,11,14.422205101855956,0.7211102550927979,1,1
mpx_010,11,14.560219778561036,0.7280109889280518,1,1
mpx_010,11,14.866068747318506,0.7433034373659253,1,1
mpx_010,11,15.0,0.75,31,31
mpx_010,11,15.033296378372908,0.7516648189186454,1,1
mpx_010,11,15.132745950421556,0.7566372975210779,1,1
mpx_010,11,15.297058540778355,0.7648529270389178,1,1
mpx_010,11,15.524174696260024,0.7762087348130012,1,1
mpx_010,11,15.620499351813308,0.7810249675906654,1,1
mpx_010,11,15.811388300841896,0.7905694150420949,1,1
mpx_010,11,16.0,0.8,14,14
mpx_010,11,16.401219466856727,0.8200609733428363,1,1
mpx_010,11,16.64331697709324,0.8321658488546619,1,1
mpx_010,11,17.0,0.8500000000000001,14,14
mpx_010,11,17.204650534085253,0.8602325267042628,1,1
mpx_010,11,18.0,0.9,14,14
mpx_010,11,19.0,0.9500000000000001,16,16
mpx_010,12,1.0,0.05,472,0
mpx_010,12,1.4142135623730951,0.07071067811865477,10,0
mpx_010,12,2.0,0.1,427,0
mpx_010,12,2.23606797749979,0.1118033988749895,18,0
mpx_010,12,2.8284271247461903,0.14142135623730953,9,0
mpx_010,12,3.0,0.15000000000000002,87,0
mpx_010,12,3.1622776601683795,0.158113883008419,8,0
mpx_010,12,3.605551275463989,0.18027756377319948,9,0
mpx_010,12,4.0,0.2,80,0
mpx_010,12,4.123105625617661,0.20615528128088303,6,0
mpx_010,12,4.47213595499958,0.223606797749979,6,6
mpx_010,12,5.0,0.25,48,40
mpx_010,12,5.0990195135927845,0.25495097567963926,7,6
mpx_010,12,5.385164807134504,0.2692582403567252,7,6
mpx_010,12,6.0,0.30000000000000004,48,40
mpx_010,12,6.082762530298219,0.304138126514911,7,6
mpx_010,12,6.324555320336759,0.316227766016838,7,6
mpx_010,12,7.0,0.35000000000000003,38,34
mpx_010,12,7.0710678118654755,0.3535533905932738,6,5
mpx_010,12,7.280109889280518,0.3640054944640259,6,5
mpx_010,12,8.0,0.4,36,32
mpx_010,12,8.06225774829855,0.40311288741492746,5,4
mpx_010,12,8.246211251235321,0.41231056256176607,5,4
mpx_010,12,9.0,0.45,34,34
mpx_010,12,9.055385138137417,0.45276925690687087,5,5
mpx_010,12,9.219544457292887,0.4609772228646444,5,5
mpx_010,12,9.899494936611665,0.4949747468305833,1,1
mpx_010,12,10.0,0.5,28,28
mpx_010,12,10.04987562112089,0.5024937810560445,4,4
mpx_010,12,10.198039027185569,0.5099019513592785,4,4
mpx_010,12,10.295630140987,0.5147815070493501,1,1
mpx_010,12,10.63014581273465,0.5315072906367325,2,2
mpx_010,12,10.816653826391969,0.5408326913195984,1,1
mpx_010,12,11.0,0.55,28,28
mpx_010,12,11.045361017187261,0.552268050859363,4,4
mpx_010,12,11.180339887498949,0.5590169943749475,5,5
mpx_010,12,11.313708498984761,0.5656854249492381,1,1
mpx_010,12,11.40175425099138,0.570087712549569,2,2
mpx_010,12,11.661903789690601,0.5830951894845301,1,1
mpx_010,12,12.0,0.6000000000000001,28,28
mpx_010,12,12.041594578792296,0.6020797289396148,6,6
mpx_010,12,12.165525060596439,0.608276253029822,4,4
mpx_010,12,12.206555615733702,0.6103277807866851,2,2
mpx_010,12,12.727922061357855,0.6363961030678928,1,1
mpx_010,12,12.806248474865697,0.6403124237432849,2,2
mpx_010,12,13.0,0.65,20,20
mpx_010,12,13.038404810405298,0.651920240520265,1,1
mpx_010,12,13.45362404707371,0.6726812023536856,2,2
mpx_010,12,13.601470508735444,0.6800735254367722,1,1
mpx_010,12,13.892443989449804,0.6946221994724903,1,1
mpx_010,12,14.0,0.7000000000000001,20,20
mpx_010,12,14.142135623730951,0.7071067811865476,1,1
mpx_010,12,14.212670403551895,0.7106335201775948,1,1
mpx_010,12,14.422205101855956,0.7211102550927979,1,1
mpx_010,12,14.7648230602334,0.73824115301167,1,1
mpx_010,12,14.866068747318506,0.7433034373659253,1,1
mpx_010,12,15.0,0.75,19,19
mpx_010,12,15.264337522473747,0.7632168761236874,1,1
mpx_010,12,15.556349186104045,0.7778174593052023,1,1
mpx_010,12,15.620499351813308,0.7810249675906654,1,1
mpx_010,12,15.652475842498529,0.7826237921249265,1,1
mpx_010,12,15.811388300841896,0.7905694150420949,1,1
mpx_010,12,16.0,0.8,10,10
mpx_010,12,16.1245154965971,0.8062257748298549,1,1
mpx_010,12,16.278820596099706,0.8139410298049854,2,2
mpx_010,12,16.401219466856727,0.8200609733428363,1,1
mpx_010,12,16.55294535724685,0.8276472678623424,1,1
mpx_010,12,16.64331697709324,0.8321658488546619,1,1
mpx_010,12,16.97056274847714,0.848528137423857,1,1
mpx_010,12,17.0,0.8500000000000001,15,15
mpx_010,12,17.029386365926403,0.8514693182963202,1,1
mpx_010,12,17.204650534085253,0.8602325267042628,1,1
mpx_010,12,17.46424919657298,0.873212459828649,1,1
mpx_010,12,17.4928556845359,0.8746427842267951,1,1
mpx_010,12,17.69180601295413,0.8845903006477066,1,1
mpx_010,12,17.804493814764857,0.890224690738243,1,1
mpx_010,12,17.88854381999832,0.894427190999916,1,1
mpx_010,12,18.0,0.9,14,14
mpx_010,12,18.027756377319946,0.9013878188659974,1,1
mpx_010,12,18.35755975068582,0.9178779875342911,1,1
mpx_010,12,18.439088914585774,0.9219544457292888,1,1
mpx_010,12,18.601075237738275,0.9300537618869138,1,1
mpx_010,12,18.867962264113206,0.9433981132056604,1,1
mpx_010,12,19.0,0.9500000000000001,14,14
mpx_010,12,19.209372712298546,0.9604686356149273,1,1
mpx_010,13,1.0,0.05,388,0
mpx_010,13,1.4142135623730951,0.07071067811865477,9,0
mpx_010,13,2.0,0.1,351,0
mpx_010,13,2.23606797749979,0.1118033988749895,16,0
mpx_010,13,2.8284271247461903,0.14142135623730953,8,0
mpx_010,13,3.0,0.15000000000000002,86,0
mpx_010,13,3.1622776601683795,0.158113883008419,6,0
mpx_010,13,3.605551275463989,0.18027756377319948,7,0
mpx_010,13,4.0,0.2,81,0
mpx_010,13,4.123105625617661,0.20615528128088303,6,0
mpx_010,13,4.47213595499958,0.223606797749979,6,5
mpx_010,13,5.0,0.25,52,43
mpx_010,13,5.0990195135927845,0.25495097567963926,6,4
mpx_010,13,5.385164807134504,0.2692582403567252,6,4
mpx_010,13,6.0,0.30000000000000004,52,45
mpx_010,13,6.082762530298219,0.304138126514911,6,4
mpx_010,13,6.324555320336759,0.316227766016838,6,4
mpx_010,13,7.0,0.35000000000000003,46,43
mpx_010,13,7.0710678118654755,0.3535533905932738,5,4
mpx_010,13,7.280109889280518,0.3640054944640259,5,4
mpx_010,13,8.0,0.4,44,42
mpx_010,13,8.06225774829855,0.40311288741492746,4,3
mpx_010,13,8.246211251235321,0.41231056256176607,4,3
mpx_010,13,8.602325267042627,0.4301162633521314,1,1
mpx_010,13,9.0,0.45,46,46
mpx_010,13,9.055385138137417,0.45276925690687087,5,5
mpx_010,13,9.219544457292887,0.4609772228646444,6,6
mpx_010,13,9.433981132056603,0.4716990566028302,1,1
mpx_010,13,9.899494936611665,0.4949747468305833,1,1
mpx_010,13,10.0,0.5,33,33
mpx_010,13,10.04987562112089,0.5024937810560445,4,4
mpx_010,13,10.198039027185569,0.5099019513592785,4,4
mpx_010,13,10.295630140987,0.5147815070493501,1,1
mpx_010,13,10.63014581273465,0.5315072906367325,2,2
mpx_010,13,10.816653826391969,0.5408326913195984,1,1
mpx_010,13,11.0,0.55,30,30
mpx_010,13,11.045361017187261,0.552268050859363,3,3
mpx_010,13,11.180339887498949,0.5590169943749475,4,4
mpx_010,13,11.313708498984761,0.5656854249492381,1,1
mpx_010,13,11.40175425099138,0.570087712549569,2,2
mpx_010,13,11.661903789690601,0.5830951894845301,1,1
mpx_010,13,12.0,0.6000000000000001,30,30
mpx_010,13,12.041594578792296,0.6020797289396148,5,5
mpx_010,13,12.165525060596439,0.608276253029822,3,3
mpx_010,13,12.206555615733702,0.6103277807866851,2,2
mpx_010,13,12.727922061357855,0.6363961030678928,1,1
mpx_010,13,12.806248474865697,0.6403124237432849,2,2
mpx_010,13,13.0,0.65,18,18
mpx_010,13,13.038404810405298,0.651920240520265,3,3
mpx_010,13,13.152946437965905,0.6576473218982953,1,1
mpx_010,13,13.45362404707371,0.6726812023536856,2,2
mpx_010,13,13.601470508735444,0.6800735254367722,2,2
mpx_010,13,13.892443989449804,0.6946221994724903,2,2
mpx_010,13,14.0,0.7000000000000001,18,18
mpx_010,13,14.035668847618199,0.70178344238091,1,1
mpx_010,13,14.142135623730951,0.7071067811865476,2,2
mpx_010,13,14.212670403551895,0.7106335201775948,2,2
mpx_010,13,14.422205101855956,0.7211102550927979,2,2
mpx_010,13,14.7648230602334,0.73824115301167,1,1
mpx_010,13,14.866068747318506,0.7433034373659253,2,2
mpx_010,13,15.0,0.75,22,22
mpx_010,13,15.033296378372908,0.7516648189186454,1,1
mpx_010,13,15.132745950421556,0.7566372975210779,1,1
mpx_010,13,15.264337522473747,0.7632168761236874,1,1
mpx_010,13,15.556349186104045,0.7778174593052023,1,1
mpx_010,13,15.620499351813308,0.7810249675906654,2,2
mpx_010,13,15.652475842498529,0.7826237921249265,1,1
mpx_010,13,15.811388300841896,0.7905694150420949,1,1
mpx_010,13,16.0,0.8,12,12
mpx_010,13,16.0312195418814,0.8015609770940699,1,1
mpx_010,13,16.1245154965971,0.8062257748298549,2,2
mpx_010,13,16.278820596099706,0.8139410298049854,2,2
mpx_010,13,16.401219466856727,0.8200609733428363,1,1
mpx_010,13,16.55294535724685,0.8276472678623424,1,1
mpx_010,13,16.64331697709324,0.8321658488546619,1,1
mpx_010,13,16.97056274847714,0.848528137423857,1,1
mpx_010,13,17.0,0.8500000000000001,13,13
mpx_010,13,17.029386365926403,0.8514693182963202,2,2
mpx_010,13,17.11724276862369,0.8558621384311845,1,1
mpx_010,13,17.204650534085253,0.8602325267042628,1,1
mpx_010,13,17.46424919657298,0.873212459828649,1,1
mpx_010,13,17.4928556845359,0.8746427842267951,1,1
mpx_010,13,17.69180601295413,0.8845903006477066,1,1
mpx_010,13,17.804493814764857,0.890224690738243,1,1
mpx_010,13,17.88854381999832,0.894427190999916,1,1
mpx_010,13,18.0,0.9,12,12
mpx_010,13,18.027756377319946,0.9013878188659974,2,2
mpx_010,13,18.110770276274835,0.9055385138137417,1,1
mpx_010,13,18.35755975068582,0.9178779875342911,1,1
mpx_010,13,18.439088914585774,0.9219544457292888,1,1
mpx_010,13,18.601075237738275,0.9300537618869138,1,1
mpx_010,13,18.867962264113206,0.9433981132056604,1,1
mpx_010,13,19.0,0.9500000000000001,10,10
mpx_010,13,19.209372712298546,0.9604686356149273,1,1
mpx_010,14,1.0,0.05,358,0
mpx_010,14,1.4142135623730951,0.07071067811865477,9,0
mpx_010,14,2.0,0.1,321,0
mpx_010,14,2.23606797749979,0.1118033988749895,16,0
mpx_010,14,2.8284271247461903,0.14142135623730953,8,0
mpx_010,14,3.0,0.15000000000000002,82,0
mpx_010,14,3.1622776601683795,0.158113883008419,7,0
mpx_010,14,3.605551275463989,0.18027756377319948,8,0
mpx_010,14,4.0,0.2,77,0
mpx_010,14,4.123105625617661,0.20615528128088303,7,0
mpx_010,14,4.47213595499958,0.223606797749979,7,5
mpx_010,14,5.0,0.25,46,38
mpx_010,14,5.0990195135927845,0.25495097567963926,7,5
mpx_010,14,5.385164807134504,0.2692582403567252,7,5
mpx_010,14,6.0,0.30000000000000004,46,39
mpx_010,14,6.082762530298219,0.304138126514911,7,5
mpx_010,14,6.324555320336759,0.316227766016838,7,5
mpx_010,14,7.0,0.35000000000000003,40,37
mpx_010,14,7.0710678118654755,0.3535533905932738,5,4
mpx_010,14,7.280109889280518,0.3640054944640259,5,4
mpx_010,14,7.615773105863909,0.38078865529319544,1,1
mpx_010,14,8.0,0.4,38,36
mpx_010,14,8.06225774829855,0.40311288741492746,5,4
mpx_010,14,8.246211251235321,0.41231056256176607,4,3
mpx_010,14,8.54400374531753,0.42720018726587655,1,1
mpx_010,14,8.602325267042627,0.4301162633521314,1,1
mpx_010,14,8.94427190999916,0.447213595499958,1,1
mpx_010,14,9.0,0.45,38,38
mpx_010,14,9.055385138137417,0.45276925690687087,4,4
mpx_010,14,9.219544457292887,0.4609772228646444,5,5
mpx_010,14,9.433981132056603,0.4716990566028302,1,1
mpx_010,14,9.899494936611665,0.4949747468305833,1,1
mpx_010,14,10.0,0.5,33,33
mpx_010,14,10.04987562112089,0.5024937810560445,3,3
mpx_010,14,10.198039027185569,0.5099019513592785,3,3
mpx_010,14,10.295630140987,0.5147815070493501,1,1
mpx_010,14,10.63014581273465,0.5315072906367325,2,2
mpx_010,14,10.816653826391969,0.5408326913195984,1,1
mpx_010,14,11.0,0.55,30,30
mpx_010,14,11.045361017187261,0.552268050859363,3,3
mpx_010,14,11.180339887498949,0.5590169943749475,4,4
mpx_010,14,11.313708498984761,0.5656854249492381,1,1
mpx_010,14,11.40175425099138,0.570087712549569,2,2
mpx_010,14,11.661903789690601,0.5830951894845301,1,1
mpx_010,14,12.0,0.6000000000000001,30,30
mpx_010,14,12.041594578792296,0.6020797289396148,5,5
mpx_010,14,12.165525060596439,0.608276253029822,3,3
mpx_010,14,12.206555615733702,0.6103277807866851,2,2
mpx_010,14,12.727922061357855,0.6363961030678928,1,1
mpx_010,14,12.806248474865697,0.6403124237432849,2,2
mpx_010,14,13.0,0.65,18,18
mpx_010,14,13.038404810405298,0.651920240520265,3,3
mpx_010,14,13.152946437965905,0.6576473218982953,1,1
mpx_010,14,13.45362404707371,0.6726812023536856,2,2
mpx_010,14,13.601470508735444,0.6800735254367722,2,2
mpx_010,14,13.892443989449804,0.6946221994724903,2,2
mpx_010,14,14.0,0.7000000000000001,18,18
mpx_010,14,14.035668847618199,0.70178344238091,1,1
mpx_010,14,14.142135623730951,0.7071067811865476,2,2
mpx_010,14,14.212670403551895,0.7106335201775948,2,2
mpx_010,14,14.422205101855956,0.7211102550927979,2,2
mpx_010,14,14.7648230602334,0.73824115301167,1,1
mpx_010,14,14.866068747318506,0.7433034373659253,2,2
mpx_010,14,15.0,0.75,20,20
mpx_010,14,15.033296378372908,0.7516648189186454,1,1
mpx_010,14,15.132745950421556,0.7566372975210779,1,1
mpx_010,14,15.264337522473747,0.7632168761236874,1,1
mpx_010,14,15.556349186104045,0.7778174593052023,1,1
mpx_010,14,15.620499351813308,0.7810249675906654,2,2
mpx_010,14,15.652475842498529,0.7826237921249265,1,1
mpx_010,14,15.811388300841896,0.7905694150420949,1,1
mpx_010,14,16.0,0.8,10,10
mpx_010,14,16.0312195418814,0.8015609770940699,1,1
mpx_010,14,16.1245154965971,0.8062257748298549,2,2
mpx_010,14,16.278820596099706,0.8139410298049854,2,2
mpx_010,14,16.401219466856727,0.8200609733428363,1,1
mpx_010,14,16.55294535724685,0.8276472678623424,1,1
mpx_010,14,16.64331697709324,0.8321658488546619,1,1
mpx_010,14,16.97056274847714,0.848528137423857,1,1
mpx_010,14,17.0,0.8500000000000001,13,13
mpx_010,14,17.029386365926403,0.8514693182963202,2,2
mpx_010,14,17.11724276862369,0.8558621384311845,1,1
mpx_010,14,17.204650534085253,0.8602325267042628,1,1
mpx_010,14,17.46424919657298,0.873212459828649,1,1
mpx_010,14,17.4928556845359,0.8746427842267951,1,1
mpx_010,14,17.69180601295413,0.8845903006477066,1,1
mpx_010,14,17.804493814764857,0.890224690738243,1,1
mpx_010,14,17.88854381999832,0.894427190999916,1,1
mpx_010,14,18.0,0.9,12,12
mpx_010,14,18.027756377319946,0.9013878188659974,2,2
mpx_010,14,18.110770276274835,0.9055385138137417,1,1
mpx_010,14,18.35755975068582,0.9178779875342911,1,1
mpx_010,14,18.439088914585774,0.9219544457292888,1,1
mpx_010,14,18.601075237738275,0.9300537618869138,1,1
mpx_010,14,18.867962264113206,0.9433981132056604,1,1
mpx_010,14,19.0,0.9500000000000001,10,10
mpx_010,14,19.209372712298546,0.9604686356149273,1,1
mpx_010,15,1.0,0.05,355,0
mpx_010,15,1.4142135623730951,0.07071067811865477,8,0
mpx_010,15,2.0,0.1,312,0
mpx_010,15,2.23606797749979,0.1118033988749895,14,0
mpx_010,15,2.8284271247461903,0.14142135623730953,7,0
mpx_010,15,3.0,0.15000000000000002,60,0
mpx_010,15,3.1622776601683795,0.158113883008419,6,0
mpx_010,15,3.605551275463989,0.18027756377319948,7,0
mpx_010,15,4.0,0.2,55,0
mpx_010,15,4.123105625617661,0.20615528128088303,6,0
mpx_010,15,4.47213595499958,0.223606797749979,6,5
mpx_010,15,5.0,0.25,38,32
mpx_010,15,5.0990195135927845,0.25495097567963926,7,5
mpx_010,15,5.385164807134504,0.2692582403567252,7,5
mpx_010,15,6.0,0.30000000000000004,38,33
mpx_010,15,6.082762530298219,0.304138126514911,7,5
mpx_010,15,6.324555320336759,0.316227766016838,7,5
mpx_010,15,7.0,0.35000000000000003,32,31
mpx_010,15,7.0710678118654755,0.3535533905932738,5,4
mpx_010,15,7.280109889280518,0.3640054944640259,5,4
mpx_010,15,7.615773105863909,0.38078865529319544,1,1
mpx_010,15,8.0,0.4,30,30
mpx_010,15,8.06225774829855,0.40311288741492746,5,4
mpx_010,15,8.246211251235321,0.41231056256176607,4,3
mpx_010,15,8.54400374531753,0.42720018726587655,1,1
mpx_010,15,8.602325267042627,0.4301162633521314,1,1
mpx_010,15,8.94427190999916,0.447213595499958,1,1
mpx_010,15,9.0,0.45,32,32
mpx_010,15,9.055385138137417,0.45276925690687087,5,5
mpx_010,15,9.219544457292887,0.4609772228646444,6,6
mpx_010,15,9.433981132056603,0.4716990566028302,1,1
mpx_010,15,9.486832980505138,0.47434164902525694,1,1
mpx_010,15,9.848857801796104,0.49244289008980524,1,1
mpx_010,15,9.899494936611665,0.4949747468305833,1,1
mpx_010,15,10.0,0.5,27,27
mpx_010,15,10.04987562112089,0.5024937810560445,4,4
mpx_010,15,10.198039027185569,0.5099019513592785,4,4
mpx_010,15,10.295630140987,0.5147815070493501,1,1
mpx_010,15,10.44030650891055,0.5220153254455275,1,1
mpx_010,15,10.63014581273465,0.5315072906367325,2,2
mpx_010,15,10.770329614269007,0.5385164807134504,1,1
mpx_010,15,10.816653826391969,0.5408326913195984,1,1
mpx_010,15,11.0,0.55,22,22
mpx_010,15,11.045361017187261,0.552268050859363,3,3
mpx_010,15,11.180339887498949,0.5590169943749475,4,4
mpx_010,15,11.313708498984761,0.5656854249492381,1,1
mpx_010,15,11.40175425099138,0.570087712549569,2,2
mpx_010,15,11.661903789690601,0.5830951894845301,1,1
mpx_010,15,12.0,0.6000000000000001,22,22
mpx_010,15,12.041594578792296,0.6020797289396148,5,5
mpx_010,15,12.083045973594572,0.6041522986797286,1,1
mpx_010,15,12.165525060596439,0.608276253029822,3,3
mpx_010,15,12.206555615733702,0.6103277807866851,2,2
mpx_010,15,12.529964086141668,0.6264982043070835,1,1
mpx_010,15,12.727922061357855,0.6363961030678928,1,1
mpx_010,15,12.806248474865697,0.6403124237432849,2,2
mpx_010,15,13.0,0.65,11,11
mpx_010,15,13.038404810405298,0.651920240520265,4,4
mpx_010,15,13.152946437965905,0.6576473218982953,1,1
mpx_010,15,13.416407864998739,0.670820393249937,1,1
mpx_010,15,13.45362404707371,0.6726812023536856,2,2
mpx_010,15,13.601470508735444,0.6800735254367722,3,3
mpx_010,15,13.892443989449804,0.6946221994724903,3,3
mpx_010,15,14.0,0.7000000000000001,10,10
mpx_010,15,14.035668847618199,0.70178344238091,1,1
mpx_010,15,14.142135623730951,0.7071067811865476,2,2
mpx_010,15,14.212670403551895,0.7106335201775948,2,2
mpx_010,15,14.422205101855956,0.7211102550927979,3,3
mpx_010,15,14.7648230602334,0.73824115301167,1,1
mpx_010,15,14.866068747318506,0.7433034373659253,2,2
mpx_010,15,15.0,0.75,12,12
mpx_010,15,15.033296378372908,0.7516648189186454,1,1
mpx_010,15,15.132745950421556,0.7566372975210779,1,1
mpx_010,15,15.264337522473747,0.7632168761236874,1,1
mpx_010,15,15.556349186104045,0.7778174593052023,1,1
mpx_010,15,15.620499351813308,0.7810249675906654,2,2
mpx_010,15,15.652475842498529,0.7826237921249265,1,1
mpx_010,15,15.811388300841896,0.7905694150420949,1,1
mpx_010,15,16.0,0.8,2,2
mpx_010,15,16.0312195418814,0.8015609770940699,1,1
mpx_010,15,16.1245154965971,0.8062257748298549,2,2
mpx_010,15,16.278820596099706,0.8139410298049854,2,2
mpx_010,15,16.401219466856727,0.8200609733428363,1,1
mpx_010,15,16.55294535724685,0.8276472678623424,1,1
mpx_010,15,16.64331697709324,0.8321658488546619,1,1
mpx_010,15,16.97056274847714,0.848528137423857,1,1
mpx_010,15,17.0,0.8500000000000001,5,5
mpx_010,15,17.029386365926403,0.8514693182963202,2,2
mpx_010,15,17.11724276862369,0.8558621384311845,1,1
mpx_010,15,17.204650534085253,0.8602325267042628,1,1
mpx_010,15,17.46424919657298,0.873212459828649,1,1
mpx_010,15,17.4928556845359,0.8746427842267951,1,1
mpx_010,15,17.69180601295413,0.8845903006477066,1,1
mpx_010,15,17.804493814764857,0.890224690738243,1,1
mpx_010,15,17.88854381999832,0.894427190999916,1,1
mpx_010,15,18.0,0.9,4,4
mpx_010,15,18.027756377319946,0.9013878188659974,2,2
mpx_010,15,18.110770276274835,0.9055385138137417,1,1
mpx_010,15,18.35755975068582,0.9178779875342911,1,1
mpx_010,15,18.439088914585774,0.9219544457292888,1,1
mpx_010,15,18.601075237738275,0.9300537618869138,1,1
mpx_010,15,18.867962264113206,0.9433981132056604,1,1
mpx_010,15,19.0,0.9500000000000001,2,2
mpx_010,15,19.209372712298546,0.9604686356149273,1,1
mpx_010,16,1.0,0.05,292,0
mpx_010,16,1.4142135623730951,0.07071067811865477,6,0
mpx_010,16,2.0,0.1,250,0
mpx_010,16,2.23606797749979,0.1118033988749895,8,0
mpx_010,16,2.8284271247461903,0.14142135623730953,4,0
mpx_010,16,3.0,0.15000000000000002,26,0
mpx_010,16,3.1622776601683795,0.158113883008419,5,0
mpx_010,16,3.605551275463989,0.18027756377319948,5,0
mpx_010,16,4.0,0.2,22,0
mpx_010,16,4.123105625617661,0.20615528128088303,5,0
mpx_010,16,4.47213595499958,0.223606797749979,5,4
mpx_010,16,5.0,0.25,18,18
mpx_010,16,5.0990195135927845,0.25495097567963926,4,3
mpx_010,16,5.385164807134504,0.2692582403567252,4,3
mpx_010,16,6.0,0.30000000000000004,18,18
mpx_010,16,6.082762530298219,0.304138126514911,4,3
mpx_010,16,6.324555320336759,0.316227766016838,4,3
mpx_010,16,7.0,0.35000000000000003,18,18
mpx_010,16,7.0710678118654755,0.3535533905932738,2,2
mpx_010,16,7.280109889280518,0.3640054944640259,2,2
mpx_010,16,8.0,0.4,16,16
mpx_010,16,8.06225774829855,0.40311288741492746,1,1
mpx_010,16,8.246211251235321,0.41231056256176607,1,1
mpx_010,16,9.0,0.45,14,14
mpx_010,16,9.055385138137417,0.45276925690687087,1,1
mpx_010,16,9.219544457292887,0.4609772228646444,1,1
mpx_010,16,10.0,0.5,8,8
mpx_010,16,11.0,0.55,8,8
mpx_010,16,12.0,0.6000000000000001,8,8
mpx_010,16,13.0,0.65,8,8
mpx_010,16,14.0,0.7000000000000001,8,8
mpx_010,16,15.0,0.75,8,8
mpx_010,17,1.0,0.05,494,0
mpx_010,17,1.4142135623730951,0.07071067811865477,8,0
mpx_010,17,2.0,0.1,449,0
mpx_010,17,2.23606797749979,0.1118033988749895,14,0
mpx_010,17,2.8284271247461903,0.14142135623730953,7,0
mpx_010,17,3.0,0.15000000000000002,81,0
mpx_010,17,3.1622776601683795,0.158113883008419,8,0
mpx_010,17,3.605551275463989,0.18027756377319948,8,0
mpx_010,17,4.0,0.2,75,0
mpx_010,17,4.123105625617661,0.20615528128088303,8,0
mpx_010,17,4.242640687119285,0.21213203435596426,1,0
mpx_010,17,4.47213595499958,0.223606797749979,8,4
mpx_010,17,5.0,0.25,30,16
mpx_010,17,5.0990195135927845,0.25495097567963926,6,3
mpx_010,17,5.385164807134504,0.2692582403567252,6,3
mpx_010,17,5.656854249492381,0.28284271247461906,1,1
mpx_010,17,5.830951894845301,0.29154759474226505,2,1
mpx_010,17,6.0,0.30000000000000004,28,14
mpx_010,17,6.082762530298219,0.304138126514911,6,3
mpx_010,17,6.324555320336759,0.316227766016838,6,4
mpx_010,17,6.4031242374328485,0.32015621187164245,2,2
mpx_010,17,6.708203932499369,0.3354101966249685,2,2
mpx_010,17,7.0,0.35000000000000003,24,16
mpx_010,17,7.0710678118654755,0.3535533905932738,3,2
mpx_010,17,7.211102550927978,0.36055512754639896,2,2
mpx_010,17,7.280109889280518,0.3640054944640259,3,2
mpx_010,17,7.615773105863909,0.38078865529319544,2,2
mpx_010,17,8.0,0.4,24,16
mpx_010,17,8.06225774829855,0.40311288741492746,5,4
mpx_010,17,8.246211251235321,0.41231056256176607,3,2
mpx_010,17,8.54400374531753,0.42720018726587655,2,2
mpx_010,17,8.94427190999916,0.447213595499958,2,2
mpx_010,17,9.0,0.45,24,18
mpx_010,17,9.055385138137417,0.45276925690687087,3,2
mpx_010,17,9.219544457292887,0.4609772228646444,3,2
mpx_010,17,9.486832980505138,0.47434164902525694,2,2
mpx_010,17,9.848857801796104,0.49244289008980524,2,2
mpx_010,17,10.0,0.5,18,18
mpx_010,17,10.04987562112089,0.5024937810560445,2,2
mpx_010,17,10.198039027185569,0.5099019513592785,2,2
mpx_010,17,10.44030650891055,0.5220153254455275,2,2
mpx_010,17,10.770329614269007,0.5385164807134504,2,2
mpx_010,17,11.0,0.55,18,18
mpx_010,17,11.045361017187261,0.552268050859363,2,2
mpx_010,17,11.180339887498949,0.5590169943749475,2,2
mpx_010,17,11.40175425099138,0.570087712549569,2,2
mpx_010,17,11.704699910719626,0.5852349955359814,2,2
mpx_010,17,12.0,0.6000000000000001,14,14
mpx_010,17,13.0,0.65,14,14
mpx_010,17,14.0,0.7000000000000001,14,14
mpx_010,17,15.0,0.75,14,14
mpx_010,17,16.0,0.8,2,2
mpx_010,17,17.0,0.8500000000000001,2,2
mpx_010,17,18.0,0.9,2,2
mpx_010,17,19.0,0.9500000000000001,2,2
mpx_010,17,20.0,1.0,2,2
mpx_010,17,21.0,1.05,2,2
mpx_010,17,21.02379604162864,1.051189802081432,1,1
mpx_010,17,21.095023109728988,1.0547511554864495,1,1
mpx_010,17,22.0,1.1,2,2
mpx_010,17,22.02271554554524,1.101135777277262,1,1
mpx_010,17,22.090722034374522,1.104536101718726,1,1
mpx_010,17,23.0,1.1500000000000001,6,6
mpx_010,17,23.021728866442675,1.1510864433221337,1,1
mpx_010,17,23.08679276123039,1.1543396380615196,1,1
mpx_010,17,24.0,1.2000000000000002,6,6
mpx_010,17,24.020824298928627,1.2010412149464313,1,1
mpx_010,17,24.08318915758459,1.2041594578792296,1,1
mpx_010,17,25.0,1.25,6,6
mpx_010,17,25.019992006393608,1.2509996003196804,1,1
mpx_010,17,25.079872407968907,1.2539936203984454,1,1
mpx_010,18,1.0,0.05,388,0
mpx_010,18,1.4142135623730951,0.07071067811865477,6,0
mpx_010,18,2.0,0.1,347,0
mpx_010,18,2.23606797749979,0.1118033988749895,10,0
mpx_010,18,2.8284271247461903,0.14142135623730953,5,0
mpx_010,18,3.0,0.15000000000000002,46,0
mpx_010,18,3.1622776601683795,0.158113883008419,4,0
mpx_010,18,3.605551275463989,0.18027756377319948,4,0
mpx_010,18,4.0,0.2,42,0
mpx_010,18,4.123105625617661,0.20615528128088303,4,0
mpx_010,18,4.47213595499958,0.223606797749979,4,2
mpx_010,18,5.0,0.25,20,12
mpx_010,18,5.0990195135927845,0.25495097567963926,3,1
mpx_010,18,5.385164807134504,0.2692582403567252,3,1
mpx_010,18,6.0,0.30000000000000004,20,12
mpx_010,18,6.082762530298219,0.304138126514911,3,1
mpx_010,18,6.324555320336759,0.316227766016838,3,1
mpx_010,18,7.0,0.35000000000000003,18,12
mpx_010,18,7.0710678118654755,0.3535533905932738,1,0
mpx_010,18,7.280109889280518,0.3640054944640259,1,0
mpx_010,18,8.0,0.4,18,12
mpx_010,18,8.06225774829855,0.40311288741492746,1,0
mpx_010,18,8.246211251235321,0.41231056256176607,1,0
mpx_010,18,9.0,0.45,18,12
mpx_010,18,9.055385138137417,0.45276925690687087,1,0
mpx_010,18,9.219544457292887,0.4609772228646444,1,0
mpx_010,18,10.0,0.5,12,12
mpx_010,18,11.0,0.55,14,14
mpx_010,18,12.0,0.6000000000000001,14,14
mpx_010,18,13.0,0.65,14,14
mpx_010,18,14.0,0.7000000000000001,14,14
mpx_010,18,15.0,0.75,14,14
mpx_010,18,16.0,0.8,2,2
mpx_010,19,1.0,0.05,276,0
mpx_010,19,1.4142135623730951,0.07071067811865477,5,0
mpx_010,19,2.0,0.1,239,0
mpx_010,19,2.23606797749979,0.1118033988749895,8,0
mpx_010,19,2.8284271247461903,0.14142135623730953,4,0
mpx_010,19,3.0,0.15000000000000002,24,0
mpx_010,19,3.1622776601683795,0.158113883008419,3,0
mpx_010,19,3.605551275463989,0.18027756377319948,3,0
mpx_010,19,4.0,0.2,20,0
mpx_010,19,4.123105625617661,0.20615528128088303,3,0
mpx_010,19,4.47213595499958,0.223606797749979,3,2
mpx_010,19,5.0,0.25,14,12
mpx_010,19,5.0990195135927845,0.25495097567963926,2,1
mpx_010,19,5.385164807134504,0.2692582403567252,2,1
mpx_010,19,6.0,0.30000000000000004,14,12
mpx_010,19,6.082762530298219,0.304138126514911,2,1
mpx_010,19,6.324555320336759,0.316227766016838,2,1
mpx_010,19,7.0,0.35000000000000003,14,14
mpx_010,19,7.0710678118654755,0.3535533905932738,1,1
mpx_010,19,7.280109889280518,0.3640054944640259,1,1
mpx_010,19,8.0,0.4,12,12
mpx_010,19,9.0,0.45,12,12
mpx_010,19,10.0,0.5,12,12
mpx_010,19,11.0,0.55,12,12
mpx_010,19,12.0,0.6000000000000001,12,12
mpx_010,19,13.0,0.65,14,14
mpx_010,19,14.0,0.7000000000000001,14,14
mpx_010,19,15.0,0.75,14,14
mpx_010,19,16.0,0.8,2,2
mpx_010,20,1.0,0.05,188,0
mpx_010,20,1.4142135623730951,0.07071067811865477,5,0
mpx_010,20,2.0,0.1,150,0
mpx_010,20,2.23606797749979,0.1118033988749895,6,0
mpx_010,20,2.8284271247461903,0.14142135623730953,3,0
mpx_010,20,3.0,0.15000000000000002,16,0
mpx_010,20,3.1622776601683795,0.158113883008419,3,0
mpx_010,20,3.605551275463989,0.18027756377319948,3,0
mpx_010,20,4.0,0.2,12,0
mpx_010,20,4.123105625617661,0.20615528128088303,3,0
mpx_010,20,4.47213595499958,0.223606797749979,3,2
mpx_010,20,5.0,0.25,10,10
mpx_010,20,5.0990195135927845,0.25495097567963926,3,2
mpx_010,20,5.385164807134504,0.2692582403567252,3,2
mpx_010,20,6.0,0.30000000000000004,10,10
mpx_010,20,6.082762530298219,0.304138126514911,3,2
mpx_010,20,6.324555320336759,0.316227766016838,3,2
mpx_010,20,7.0,0.35000000000000003,12,12
mpx_010,20,7.0710678118654755,0.3535533905932738,1,1
mpx_010,20,7.280109889280518,0.3640054944640259,1,1
mpx_010,20,8.0,0.4,10,10
mpx_010,20,9.0,0.45,10,10
mpx_010,20,10.0,0.5,10,10
mpx_010,20,11.0,0.55,10,10
mpx_010,20,12.0,0.6000000000000001,10,10
mpx_010,20,13.0,0.65,12,12
mpx_010,20,14.0,0.7000000000000001,12,12
mpx_010,20,15.0,0.75,12,12
mpx_010,21,1.0,0.05,176,0
mpx_010,21,1.4142135623730951,0.07071067811865477,5,0
mpx_010,21,2.0,0.1,138,0
mpx_010,21,2.23606797749979,0.1118033988749895,6,0
mpx_010,21,2.8284271247461903,0.14142135623730953,3,0
mpx_010,21,3.0,0.15000000000000002,16,0
mpx_010,21,3.1622776601683795,0.158113883008419,3,0
mpx_010,21,3.605551275463989,0.18027756377319948,3,0
mpx_010,21,4.0,0.2,12,0
mpx_010,21,4.123105625617661,0.20615528128088303,3,0
mpx_010,21,4.47213595499958,0.223606797749979,3,2
mpx_010,21,5.0,0.25,12,10
mpx_010,21,5.0990195135927845,0.25495097567963926,3,2
mpx_010,21,5.385164807134504,0.2692582403567252,3,2
mpx_010,21,6.0,0.30000000000000004,12,10
mpx_010,21,6.082762530298219,0.304138126514911,3,2
mpx_010,21,6.324555320336759,0.316227766016838,3,2
mpx_010,21,7.0,0.35000000000000003,12,12
mpx_010,21,7.0710678118654755,0.3535533905932738,1,1
mpx_010,21,7.280109889280518,0.3640054944640259,1,1
mpx_010,21,8.0,0.4,10,10
mpx_010,21,9.0,0.45,10,10
mpx_010,21,10.0,0.5,10,10
mpx_010,21,11.0,0.55,10,10
mpx_010,21,12.0,0.6000000000000001,10,10
mpx_010,21,13.0,0.65,12,12
mpx_010,21,14.0,0.7000000000000001,12,12
mpx_010,21,15.0,0.75,12,12
mpx_010,22,1.0,0.05,170,0
mpx_010,22,1.4142135623730951,0.07071067811865477,4,0
mpx_010,22,2.0,0.1,137,0
mpx_010,22,2.23606797749979,0.1118033988749895,6,0
mpx_010,22,2.8284271247461903,0.14142135623730953,3,0
mpx_010,22,3.0,0.15000000000000002,16,0
mpx_010,22,3.1622776601683795,0.158113883008419,3,0
mpx_010,22,3.605551275463989,0.18027756377319948,3,0
mpx_010,22,4.0,0.2,12,0
mpx_010,22,4.123105625617661,0.20615528128088303,3,0
mpx_010,22,4.47213595499958,0.223606797749979,3,2
mpx_010,22,5.0,0.25,12,10
mpx_010,22,5.0990195135927845,0.25495097567963926,3,2
mpx_010,22,5.385164807134504,0.2692582403567252,3,2
mpx_010,22,6.0,0.30000000000000004,12,10
mpx_010,22,6.082762530298219,0.304138126514911,3,2
mpx_010,22,6.324555320336759,0.316227766016838,3,2
mpx_010,22,7.0,0.35000000000000003,12,12
mpx_010,22,7.0710678118654755,0.3535533905932738,1,1
mpx_010,22,7.280109889280518,0.3640054944640259,1,1
mpx_010,22,8.0,0.4,10,10
mpx_010,22,9.0,0.45,10,10
mpx_010,22,10.0,0.5,10,10
mpx_010,22,11.0,0.55,10,10
mpx_010,22,12.0,0.6000000000000001,10,10
mpx_010,22,13.0,0.65,12,12
mpx_010,22,14.0,0.7000000000000001,12,12
mpx_010,22,15.0,0.75,12,12
mpx_010,23,1.0,0.05,335,0
mpx_010,23,1.4142135623730951,0.07071067811865477,4,0
mpx_010,23,2.0,0.1,126,0
mpx_010,23,2.23606797749979,0.1118033988749895,3,0
mpx_010,23,3.0,0.15000000000000002,23,0
mpx_010,23,3.1622776601683795,0.158113883008419,1,0
mpx_010,23,4.0,0.2,11,0
mpx_010,23,4.123105625617661,0.20615528128088303,1,0
mpx_010,23,5.0,0.25,11,10
mpx_010,23,5.0990195135927845,0.25495097567963926,1,0
mpx_010,23,6.0,0.30000000000000004,13,12
mpx_010,23,6.082762530298219,0.304138126514911,1,0
mpx_010,23,7.0,0.35000000000000003,14,14
mpx_010,23,8.0,0.4,14,14
mpx_010,23,9.0,0.45,14,14
mpx_010,23,10.0,0.5,14,14
mpx_010,23,11.0,0.55,14,14
mpx_010,23,12.0,0.6000000000000001,14,14
mpx_010,23,13.0,0.65,12,12
mpx_010,23,14.0,0.7000000000000001,14,14
mpx_010,23,15.0,0.75,14,14
mpx_010,24,1.0,0.05,335,0
mpx_010,24,1.4142135623730951,0.07071067811865477,4,0
mpx_010,24,2.0,0.1,126,0
mpx_010,24,2.23606797749979,0.1118033988749895,3,0
mpx_010,24,3.0,0.15000000000000002,23,0
mpx_010,24,3.1622776601683795,0.158113883008419,1,0
mpx_010,24,4.0,0.2,11,0
mpx_010,24,4.123105625617661,0.20615528128088303,1,0
mpx_010,24,5.0,0.25,11,10
mpx_010,24,5.0990195135927845,0.25495097567963926,1,0
mpx_010,24,6.0,0.30000000000000004,13,12
mpx_010,24,6.082762530298219,0.304138126514911,1,0
mpx_010,24,7.0,0.35000000000000003,14,14
mpx_010,24,8.0,0.4,14,14
mpx_010,24,9.0,0.45,14,14
mpx_010,24,10.0,0.5,14,14
mpx_010,24,11.0,0.55,14,14
mpx_010,24,12.0,0.6000000000000001,14,14
mpx_010,24,13.0,0.65,12,12
mpx_010,24,14.0,0.7000000000000001,14,14
mpx_010,24,15.0,0.75,14,14
mpx_010,25,1.0,0.05,332,0
mpx_010,25,1.4142135623730951,0.07071067811865477,5,0
mpx_010,25,2.0,0.1,121,0
mpx_010,25,2.23606797749979,0.1118033988749895,4,0
mpx_010,25,3.0,0.15000000000000002,15,0
mpx_010,25,3.1622776601683795,0.158113883008419,1,0
mpx_010,25,4.0,0.2,13,0
mpx_010,25,4.123105625617661,0.20615528128088303,1,0
mpx_010,25,5.0,0.25,13,12
mpx_010,25,5.0990195135927845,0.25495097567963926,1,0
mpx_010,25,6.0,0.30000000000000004,13,12
mpx_010,25,6.082762530298219,0.304138126514911,1,0
mpx_010,25,7.0,0.35000000000000003,14,14
mpx_010,25,8.0,0.4,14,14
mpx_010,25,9.0,0.45,14,14
mpx_010,25,10.0,0.5,16,16
mpx_010,25,11.0,0.55,16,16
mpx_010,25,12.0,0.6000000000000001,18,18
mpx_010,25,13.0,0.65,16,16
mpx_010,25,14.0,0.7000000000000001,16,16
mpx_010,25,15.0,0.75,16,16
mpx_010,26,1.0,0.05,140,0
mpx_010,26,1.4142135623730951,0.07071067811865477,2,0
mpx_010,26,2.0,0.1,111,0
mpx_010,26,2.23606797749979,0.1118033988749895,2,0
mpx_010,26,2.8284271247461903,0.14142135623730953,1,0
mpx_010,26,3.0,0.15000000000000002,6,0
mpx_010,26,3.1622776601683795,0.158113883008419,1,0
mpx_010,26,3.605551275463989,0.18027756377319948,1,0
mpx_010,26,4.0,0.2,2,0
mpx_010,26,4.123105625617661,0.20615528128088303,1,0
mpx_010,26,4.47213595499958,0.223606797749979,1,0
mpx_010,26,5.0,0.25,2,0
mpx_010,26,5.0990195135927845,0.25495097567963926,1,0
mpx_010,26,5.385164807134504,0.2692582403567252,1,0
mpx_010,26,6.0,0.30000000000000004,2,0
mpx_010,26,6.082762530298219,0.304138126514911,1,0
mpx_010,26,6.324555320336759,0.316227766016838,1,0
mpx_010,27,1.0,0.05,138,0
mpx_010,27,1.4142135623730951,0.07071067811865477,2,0
mpx_010,27,2.0,0.1,109,0
mpx_010,27,2.23606797749979,0.1118033988749895,2,0
mpx_010,27,2.8284271247461903,0.14142135623730953,1,0
mpx_010,27,3.0,0.15000000000000002,6,0
mpx_010,27,3.1622776601683795,0.158113883008419,1,0
mpx_010,27,3.605551275463989,0.18027756377319948,1,0
mpx_010,27,4.0,0.2,2,0
mpx_010,27,4.123105625617661,0.20615528128088303,1,0
mpx_010,27,4.47213595499958,0.223606797749979,1,0
mpx_010,27,5.0,0.25,2,0
mpx_010,27,5.0990195135927845,0.25495097567963926,1,0
mpx_010,27,5.385164807134504,0.2692582403567252,1,0
mpx_010,27,6.0,0.30000000000000004,2,0
mpx_010,27,6.082762530298219,0.304138126514911,1,0
mpx_010,27,6.324555320336759,0.316227766016838,1,0
mpx_010,28,1.0,0.05,116,0
mpx_010,28,1.4142135623730951,0.07071067811865477,2,0
mpx_010,28,2.0,0.1,87,0
mpx_010,28,2.23606797749979,0.1118033988749895,2,0
mpx_010,28,2.8284271247461903,0.14142135623730953,1,0
mpx_010,28,3.0,0.15000000000000002,6,0
mpx_010,28,3.1622776601683795,0.158113883008419,1,0
mpx_010,28,3.605551275463989,0.18027756377319948,1,0
mpx_010,28,4.0,0.2,2,0
mpx_010,28,4.123105625617661,0.20615528128088303,1,0
mpx_010,28,4.47213595499958,0.223606797749979,1,0
mpx_010,28,5.0,0.25,2,0
mpx_010,28,5.0990195135927845,0.25495097567963926,1,0
mpx_010,28,5.385164807134504,0.2692582403567252,1,0
mpx_010,28,6.0,0.30000000000000004,2,0
mpx_010,28,6.082762530298219,0.304138126514911,1,0
mpx_010,28,6.324555320336759,0.316227766016838,1,0
mpx_010,29,1.0,0.05,110,0
mpx_010,29,1.4142135623730951,0.07071067811865477,2,0
mpx_010,29,2.0,0.1,85,0
mpx_010,29,2.23606797749979,0.1118033988749895,2,0
mpx_010,29,2.8284271247461903,0.14142135623730953,1,0
mpx_010,29,3.0,0.15000000000000002,6,0
mpx_010,29,3.1622776601683795,0.158113883008419,1,0
mpx_010,29,3.605551275463989,0.18027756377319948,1,0
mpx_010,29,4.0,0.2,2,0
mpx_010,29,4.123105625617661,0.20615528128088303,1,0
mpx_010,29,4.47213595499958,0.223606797749979,1,0
mpx_010,29,5.0,0.25,2,0
mpx_010,29,5.0990195135927845,0.25495097567963926,1,0
mpx_010,29,5.385164807134504,0.2692582403567252,1,0
mpx_010,29,6.0,0.30000000000000004,2,0
mpx_010,29,6.082762530298219,0.304138126514911,1,0
mpx_010,29,6.324555320336759,0.316227766016838,1,0
mpx_010,30,1.0,0.05,88,0
mpx_010,30,1.4142135623730951,0.07071067811865477,1,0
mpx_010,30,2.0,0.1,67,0
mpx_010,30,3.0,0.15000000000000002,6,0
mpx_010,30,4.0,0.2,2,0
mpx_010,30,5.0,0.25,2,0
mpx_010,30,5.0990195135927845,0.25495097567963926,1,0
mpx_010,30,5.385164807134504,0.2692582403567252,1,0
mpx_010,30,6.0,0.30000000000000004,2,0
mpx_010,30,6.082762530298219,0.304138126514911,1,0
mpx_010,30,6.324555320336759,0.316227766016838,1,0
mpx_010,31,1.0,0.05,6,0
mpx_010,31,2.0,0.1,2,0
