arm,outer_heldout,inner_heldout,run_id,decision_id,decision_index,T1,T1_evaluable,qhat_inner,R_le_05pct,R_le_06pct,R_le_08pct,R_le_10pct
F1,mpx_001,mpx_002,mpx_002,3,3,0.5828273244781784,1,0.6226944805531951,0,0,0,0
F1,mpx_001,mpx_002,mpx_002,4,4,0.5582010582010583,1,0.5442527031817848,0,0,0,0
F1,mpx_001,mpx_002,mpx_002,5,5,0.5757695343330702,1,0.49821311075083163,0,0,0,0
F1,mpx_001,mpx_002,mpx_002,6,6,0.4556597564988483,1,0.4779036174145095,0,0,0,0
F1,mpx_001,mpx_002,mpx_002,7,7,0.4472869360070776,1,0.41158448739746756,0,0,0,0
F1,mpx_001,mpx_002,mpx_002,8,8,0.45437150426847217,1,0.37557611084215897,0,0,0,0
F1,mpx_001,mpx_002,mpx_002,9,9,0.42563853863562884,1,0.3420352339968768,0,0,0,0
F1,mpx_001,mpx_002,mpx_002,10,10,0.3926126126126126,1,0.3213825513983298,0,0,0,0
F1,mpx_001,mpx_002,mpx_002,11,11,0.3585817888799355,1,0.3069209842436784,0,0,0,0
F1,mpx_001,mpx_002,mpx_002,12,12,0.34447916666666667,1,0.2938817426624696,0,0,0,0
F1,mpx_001,mpx_002,mpx_002,13,13,0.29640522875816994,1,0.2731764281664245,0,0,0,0
F1,mpx_001,mpx_002,mpx_002,14,14,0.2627577319587629,1,0.2298498558749011,0,0,0,1
F1,mpx_001,mpx_002,mpx_002,15,15,0.23790322580645162,1,0.2206697129735767,0,0,1,1
F1,mpx_001,mpx_002,mpx_002,16,16,0.2294352363413137,1,0.2053791133826733,0,0,1,1
F1,mpx_001,mpx_002,mpx_002,17,17,0.22189256714553404,1,0.1950213002110136,0,0,1,1
F1,mpx_001,mpx_002,mpx_002,18,18,0.12879362670713201,1,0.17854159694470448,1,1,1,1
F1,mpx_001,mpx_002,mpx_002,19,19,0.1507782101167315,1,0.16249142655713095,1,1,1,1
F1,mpx_001,mpx_002,mpx_002,20,20,0.07680457746478873,1,0.1378268677655596,1,1,1,1
F1,mpx_001,mpx_002,mpx_002,21,21,0.04848628192999054,1,0.12237199337039585,1,1,1,1
F1,mpx_001,mpx_002,mpx_002,22,22,0.031874405328258804,1,0.10695503185010008,1,1,1,1
F1,mpx_001,mpx_002,mpx_002,23,23,0.03125,1,0.1003498402063545,1,1,1,1
F1,mpx_001,mpx_002,mpx_002,24,24,0.03375337533753375,1,0.11411465552727568,1,1,1,1
F1,mpx_001,mpx_002,mpx_002,25,25,0.025257249766136577,1,0.08352748560505383,1,1,1,1
F1,mpx_001,mpx_002,mpx_002,26,26,0.025233644859813085,1,0.06990990409625991,1,1,1,1
F1,mpx_001,mpx_002,mpx_002,27,27,0.0254323499491353,1,0.07425875105266175,1,1,1,1
F1,mpx_001,mpx_002,mpx_002,28,28,0.03976190476190476,1,0.07203690723646282,1,1,1,1
F1,mpx_001,mpx_002,mpx_002,29,29,0.01708984375,1,0.06515865201499202,1,1,1,1
F1,mpx_001,mpx_002,mpx_002,30,30,0.01708984375,1,0.05488963018828531,1,1,1,1
F1,mpx_001,mpx_002,mpx_002,31,31,0.017123287671232876,1,0.05168086498159379,1,1,1,1
F1,mpx_001,mpx_002,mpx_002,32,32,0.017123287671232876,1,0.04997465612804854,1,1,1,1
F1,mpx_001,mpx_002,mpx_002,33,33,0.017123287671232876,1,0.048317713589888865,1,1,1,1
F1,mpx_001,mpx_002,mpx_002,34,34,0.017123287671232876,1,0.046707129500736154,1,1,1,1
F1,mpx_001,mpx_002,mpx_002,35,35,0.017123287671232876,1,0.045144689943773984,1,1,1,1
F1,mpx_001,mpx_002,mpx_002,36,36,0.017123287671232876,1,0.04362217833111328,1,1,1,1
F1,mpx_001,mpx_002,mpx_002,37,37,0.017123287671232876,1,0.04213927622856,1,1,1,1
F1,mpx_001,mpx_003,mpx_003,3,3,0.5955643707176344,1,0.6162337639473056,0,0,0,0
F1,mpx_001,mpx_003,mpx_003,4,4,0.5693963860053826,1,0.5438908740295376,0,0,0,0
F1,mpx_001,mpx_003,mpx_003,5,5,0.595224171539961,1,0.4980391517761826,0,0,0,0
F1,mpx_001,mpx_003,mpx_003,6,6,0.5647433747064743,1,0.4851989820550918,0,0,0,0
F1,mpx_001,mpx_003,mpx_003,7,7,0.5831946755407654,1,0.46080017152545605,0,0,0,0
F1,mpx_001,mpx_003,mpx_003,8,8,0.5078179291174427,1,0.4286459825133138,0,0,0,0
F1,mpx_001,mpx_003,mpx_003,9,9,0.5019812680115274,1,0.3984468739091102,0,0,0,0
F1,mpx_001,mpx_003,mpx_003,10,10,0.539460020768432,1,0.3848890536923732,0,0,0,0
F1,mpx_001,mpx_003,mpx_003,11,11,0.5115842204132749,1,0.36611125617041873,0,0,0,0
F1,mpx_001,mpx_003,mpx_003,12,12,0.4670428524697416,1,0.34247855124034454,0,0,0,0
F1,mpx_001,mpx_003,mpx_003,13,13,0.42064914376742335,1,0.305696371860223,0,0,0,0
F1,mpx_001,mpx_003,mpx_003,14,14,0.37399193548387094,1,0.28304038581125895,0,0,0,0
F1,mpx_001,mpx_003,mpx_003,15,15,0.3703125,1,0.26681233850628144,0,0,0,0
F1,mpx_001,mpx_003,mpx_003,16,16,0.37266059686393527,1,0.2575874411081358,0,0,0,0
F1,mpx_001,mpx_003,mpx_003,17,17,0.3661631419939577,1,0.2634324850219261,0,0,0,0
F1,mpx_001,mpx_003,mpx_003,18,18,0.2889531345100426,1,0.2571425863302965,0,0,0,0
F1,mpx_001,mpx_003,mpx_003,19,19,0.3002776064157927,1,0.2320858949788062,0,0,0,1
F1,mpx_001,mpx_003,mpx_003,20,20,0.3047153024911032,1,0.2152606310152964,0,0,0,1
F1,mpx_001,mpx_003,mpx_003,21,21,0.29255698005698005,1,0.1860435393759224,0,1,1,1
F1,mpx_001,mpx_003,mpx_003,22,22,0.2615881458966565,1,0.16846522629563948,1,1,1,1
F1,mpx_001,mpx_003,mpx_003,23,23,0.182062966031483,1,0.14820281679998173,1,1,1,1
F1,mpx_001,mpx_003,mpx_003,24,24,0.1799913569576491,1,0.12230495166771928,1,1,1,1
F1,mpx_001,mpx_003,mpx_003,25,25,0.14772727272727273,1,0.11265719200040619,1,1,1,1
F1,mpx_001,mpx_003,mpx_003,26,26,0.15691021126760563,1,0.10339745494035589,1,1,1,1
F1,mpx_001,mpx_003,mpx_003,27,27,0.14925373134328357,1,0.0918597229677955,1,1,1,1
F1,mpx_001,mpx_003,mpx_003,28,28,0.11656118143459916,1,0.08018322824739392,1,1,1,1
F1,mpx_001,mpx_003,mpx_003,29,29,0.01066925315227934,1,0.07293504141096135,1,1,1,1
F1,mpx_001,mpx_003,mpx_003,30,30,0.018649669499527857,1,0.07484120544715926,1,1,1,1
F1,mpx_001,mpx_003,mpx_003,31,31,0.011560693641618497,1,0.06190371835603184,1,1,1,1
F1,mpx_001,mpx_003,mpx_003,32,32,0.009471585244267198,1,0.046372471781811135,1,1,1,1
F1,mpx_001,mpx_003,mpx_003,33,33,0.008655804480651732,1,0.04132681576220942,1,1,1,1
F1,mpx_001,mpx_003,mpx_003,34,34,0.008655804480651732,1,0.03768418095552838,1,1,1,1
F1,mpx_001,mpx_003,mpx_003,35,35,0.008655804480651732,1,0.03545256174755103,1,1,1,1
F1,mpx_001,mpx_003,mpx_003,36,36,0.008655804480651732,1,0.033900735359977646,1,1,1,1
F1,mpx_001,mpx_003,mpx_003,37,37,0.008655804480651732,1,0.0323861285998879,1,1,1,1
F1,mpx_001,mpx_003,mpx_003,38,38,0.008655804480651732,1,0.030915212025964034,1,1,1,1
F1,mpx_001,mpx_003,mpx_003,39,39,0.008655804480651732,1,0.02947805394590139,1,1,1,1
F1,mpx_001,mpx_003,mpx_003,40,40,0.008655804480651732,1,0.028071575521934775,1,1,1,1
F1,mpx_001,mpx_003,mpx_003,41,41,0.008655804480651732,1,0.026702255509184328,1,1,1,1
F1,mpx_001,mpx_004,mpx_004,3,3,0.590662776156732,1,0.6220656726624777,0,0,0,0
F1,mpx_001,mpx_004,mpx_004,4,4,0.5101778193729527,1,0.5361095574142636,0,0,0,0
F1,mpx_001,mpx_004,mpx_004,5,5,0.5884559884559885,1,0.5210814003912814,0,0,0,0
F1,mpx_001,mpx_004,mpx_004,6,6,0.5170893906588309,1,0.466868677728779,0,0,0,0
F1,mpx_001,mpx_004,mpx_004,7,7,0.511353517364203,1,0.43284728685518514,0,0,0,0
F1,mpx_001,mpx_004,mpx_004,8,8,0.49756135934550033,1,0.40079730874855235,0,0,0,0
F1,mpx_001,mpx_004,mpx_004,9,9,0.4259229274611399,1,0.3826058813105048,0,0,0,0
F1,mpx_001,mpx_004,mpx_004,10,10,0.47587038952085486,1,0.3740641100001448,0,0,0,0
F1,mpx_001,mpx_004,mpx_004,11,11,0.3929170159262364,1,0.334364206687102,0,0,0,0
F1,mpx_001,mpx_004,mpx_004,12,12,0.3393089960886571,1,0.31410095685893136,0,0,0,0
F1,mpx_001,mpx_004,mpx_004,13,13,0.3075191355245385,1,0.2973760001186535,0,0,0,0
F1,mpx_001,mpx_004,mpx_004,14,14,0.26100151745068284,1,0.25516590919576,0,0,0,0
F1,mpx_001,mpx_004,mpx_004,15,15,0.23688524590163934,1,0.2217873703882686,0,0,0,1
F1,mpx_001,mpx_004,mpx_004,16,16,0.14719140083217752,1,0.24642645121279355,1,1,1,1
F1,mpx_001,mpx_004,mpx_004,17,17,0.12153790087463556,1,0.206295781813483,1,1,1,1
F1,mpx_001,mpx_004,mpx_004,18,18,0.08132279534109817,1,0.1812458415136277,1,1,1,1
F1,mpx_001,mpx_004,mpx_004,19,19,0.0518783542039356,1,0.17198747054289137,1,1,1,1
F1,mpx_001,mpx_004,mpx_004,20,20,0.03936269915651359,1,0.14788727732319373,1,1,1,1
F1,mpx_001,mpx_004,mpx_004,21,21,0.0413022351797862,1,0.1327896126546209,1,1,1,1
F1,mpx_001,mpx_004,mpx_004,22,22,0.023290386521308225,1,0.1360839159109807,1,1,1,1
F1,mpx_001,mpx_004,mpx_004,23,23,0.024594320486815417,1,0.14085283742218785,1,1,1,1
F1,mpx_001,mpx_004,mpx_004,24,24,0.02447023208879919,1,0.1133954988257058,1,1,1,1
F1,mpx_001,mpx_004,mpx_004,25,25,0.011059371362048894,1,0.11174587848697581,1,1,1,1
F1,mpx_001,mpx_004,mpx_004,26,26,0.007647058823529412,1,0.09615357572440719,1,1,1,1
F1,mpx_001,mpx_004,mpx_004,27,27,0.004146919431279621,1,0.0848127073889813,1,1,1,1
F1,mpx_001,mpx_004,mpx_004,28,28,0.0031605562579013905,1,0.08123865064041941,1,1,1,1
F1,mpx_001,mpx_004,mpx_004,29,29,0.0031645569620253164,1,0.0786502575435396,1,1,1,1
F1,mpx_001,mpx_004,mpx_004,30,30,0.007362784471218206,1,0.08659887693427915,1,1,1,1
F1,mpx_001,mpx_004,mpx_004,31,31,0.007362784471218206,1,0.08042962313721337,1,1,1,1
F1,mpx_001,mpx_004,mpx_004,32,32,0.007362784471218206,1,0.07420809885782675,1,1,1,1
F1,mpx_001,mpx_004,mpx_004,33,33,0.007362784471218206,1,0.07256709492407884,1,1,1,1
F1,mpx_001,mpx_004,mpx_004,34,34,0.007362784471218206,1,0.07096294376713724,1,1,1,1
F1,mpx_001,mpx_004,mpx_004,35,35,0.007362784471218206,1,0.06940788068196393,1,1,1,1
F1,mpx_001,mpx_004,mpx_004,36,36,0.007362784471218206,1,0.06790023185489982,1,1,1,1
F1,mpx_001,mpx_005,mpx_005,3,3,0.5628006872852234,1,0.6184988562206739,0,0,0,0
F1,mpx_001,mpx_005,mpx_005,4,4,0.5604651162790698,1,0.5534988248470507,0,0,0,0
F1,mpx_001,mpx_005,mpx_005,5,5,0.5696737817156665,1,0.49696359890923963,0,0,0,0
F1,mpx_001,mpx_005,mpx_005,6,6,0.5792553191489361,1,0.47557002764060863,0,0,0,0
F1,mpx_001,mpx_005,mpx_005,7,7,0.5131138392857143,1,0.44364229699136815,0,0,0,0
F1,mpx_001,mpx_005,mpx_005,8,8,0.5186228197674418,1,0.41560463756075516,0,0,0,0
F1,mpx_001,mpx_005,mpx_005,9,9,0.4543335635359116,1,0.3871527174677992,0,0,0,0
F1,mpx_001,mpx_005,mpx_005,10,10,0.40365448504983387,1,0.3650390976602505,0,0,0,0
F1,mpx_001,mpx_005,mpx_005,11,11,0.3359228753275927,1,0.3225660308408837,0,0,0,0
F1,mpx_001,mpx_005,mpx_005,12,12,0.3365584685809405,1,0.28976092558830296,0,0,0,0
F1,mpx_001,mpx_005,mpx_005,13,13,0.30169753086419754,1,0.24443667120398868,0,0,0,0
F1,mpx_001,mpx_005,mpx_005,14,14,0.2949571836346337,1,0.21149822184765782,0,0,0,1
F1,mpx_001,mpx_005,mpx_005,15,15,0.26784702549575073,1,0.2073419898170563,0,0,1,1
F1,mpx_001,mpx_005,mpx_005,16,16,0.18384714193962748,1,0.1879500686371164,0,1,1,1
F1,mpx_001,mpx_005,mpx_005,17,17,0.18648208469055375,1,0.1753401522585266,0,1,1,1
F1,mpx_001,mpx_005,mpx_005,18,18,0.15840118430792005,1,0.16963711170558307,1,1,1,1
F1,mpx_001,mpx_005,mpx_005,19,19,0.1282642089093702,1,0.1599893014587149,1,1,1,1
F1,mpx_001,mpx_005,mpx_005,20,20,0.10203252032520325,1,0.13943591447669634,1,1,1,1
F1,mpx_001,mpx_005,mpx_005,21,21,0.05615640599001664,1,0.11768792460961697,1,1,1,1
F1,mpx_001,mpx_005,mpx_005,22,22,0.05211864406779661,1,0.10148125683065201,1,1,1,1
F1,mpx_001,mpx_005,mpx_005,23,23,0.04287003610108303,1,0.09462791301328259,1,1,1,1
F1,mpx_001,mpx_005,mpx_005,24,24,0.04406307977736549,1,0.08851766585803851,1,1,1,1
F1,mpx_001,mpx_005,mpx_005,25,25,0.048676748582230624,1,0.08725031603047467,1,1,1,1
F1,mpx_001,mpx_005,mpx_005,26,26,0.04398826979472141,1,0.08453728375252867,1,1,1,1
F1,mpx_001,mpx_005,mpx_005,27,27,0.0006234413965087282,1,0.15550773951735905,1,1,1,1
F1,mpx_001,mpx_005,mpx_005,28,28,0.0006234413965087282,1,0.11373753132275882,1,1,1,1
F1,mpx_001,mpx_005,mpx_005,29,29,0.0006234413965087282,1,0.07153454908016425,1,1,1,1
F1,mpx_001,mpx_005,mpx_005,30,30,0.0006234413965087282,1,0.06975638575485922,1,1,1,1
F1,mpx_001,mpx_005,mpx_005,31,31,0.0006234413965087282,1,0.06803246938964304,1,1,1,1
F1,mpx_001,mpx_005,mpx_005,32,32,0.0006234413965087282,1,0.06635989701271032,1,1,1,1
F1,mpx_001,mpx_005,mpx_005,33,33,0.0006234413965087282,1,0.06473822879404385,1,1,1,1
F1,mpx_001,mpx_005,mpx_005,34,34,0.0006234413965087282,1,0.06316357321208836,1,1,1,1
F1,mpx_001,mpx_006,mpx_006,3,3,0.5522629310344828,1,0.61936405558599,0,0,0,0
F1,mpx_001,mpx_006,mpx_006,4,4,0.5293321299638989,1,0.5380734119620422,0,0,0,0
F1,mpx_001,mpx_006,mpx_006,5,5,0.5594879518072289,1,0.4928697843043089,0,0,0,0
F1,mpx_001,mpx_006,mpx_006,6,6,0.527581567440296,1,0.4619046354255749,0,0,0,0
F1,mpx_001,mpx_006,mpx_006,7,7,0.5314994793474488,1,0.42725149047318217,0,0,0,0
F1,mpx_001,mpx_006,mpx_006,8,8,0.4867296045600285,1,0.3836595213606818,0,0,0,0
F1,mpx_001,mpx_006,mpx_006,9,9,0.4996242014280346,1,0.38241429572348,0,0,0,0
F1,mpx_001,mpx_006,mpx_006,10,10,0.4318103149878851,1,0.3725371847593684,0,0,0,0
F1,mpx_001,mpx_006,mpx_006,11,11,0.4251808501991384,1,0.35388252842634244,0,0,0,0
F1,mpx_001,mpx_006,mpx_006,12,12,0.4153722009279806,1,0.32477458096195483,0,0,0,0
F1,mpx_001,mpx_006,mpx_006,13,13,0.37215391621129323,1,0.2885840026022682,0,0,0,0
F1,mpx_001,mpx_006,mpx_006,14,14,0.3720319920019995,1,0.2644464804284962,0,0,0,0
F1,mpx_001,mpx_006,mpx_006,15,15,0.3666317991631799,1,0.25419329824905085,0,0,0,0
F1,mpx_001,mpx_006,mpx_006,16,16,0.3573565406581452,1,0.24544726146381568,0,0,0,0
F1,mpx_001,mpx_006,mpx_006,17,17,0.3251412429378531,1,0.2510230223219023,0,0,0,0
F1,mpx_001,mpx_006,mpx_006,18,18,0.34622718605284664,1,0.24740430232908356,0,0,0,0
F1,mpx_001,mpx_006,mpx_006,19,19,0.33607860135818524,1,0.19559638483058037,0,0,1,1
F1,mpx_001,mpx_006,mpx_006,20,20,0.31627296587926507,1,0.1586690494951034,0,1,1,1
F1,mpx_001,mpx_006,mpx_006,21,21,0.2681145852836547,1,0.16181243720519717,1,1,1,1
F1,mpx_001,mpx_006,mpx_006,22,22,0.2399835627696733,1,0.13691430872745966,1,1,1,1
F1,mpx_001,mpx_006,mpx_006,23,23,0.24792485801660114,1,0.13540583680452353,1,1,1,1
F1,mpx_001,mpx_006,mpx_006,24,24,0.009059745347698335,1,0.1538324063362994,1,1,1,1
F1,mpx_001,mpx_006,mpx_006,25,25,0.0071499013806706115,1,0.10662344711125946,1,1,1,1
F1,mpx_001,mpx_006,mpx_006,26,26,0.008887614678899083,1,0.0983153366948449,1,1,1,1
F1,mpx_001,mpx_006,mpx_006,27,27,0.009548611111111112,1,0.08575237191247813,1,1,1,1
F1,mpx_001,mpx_006,mpx_006,28,28,0.009548611111111112,1,0.07114638778545315,1,1,1,1
F1,mpx_001,mpx_006,mpx_006,29,29,0.006815703380588877,1,0.07863459759367632,1,1,1,1
F1,mpx_001,mpx_006,mpx_006,30,30,0.006815703380588877,1,0.06749208972667775,1,1,1,1
F1,mpx_001,mpx_006,mpx_006,31,31,0.006815703380588877,1,0.05645070668065517,1,1,1,1
F1,mpx_001,mpx_006,mpx_006,32,32,0.006815703380588877,1,0.05474736821939769,1,1,1,1
F1,mpx_001,mpx_006,mpx_006,33,33,0.006815703380588877,1,0.053097519868653666,1,1,1,1
F1,mpx_001,mpx_006,mpx_006,34,34,0.006815703380588877,1,0.05148752389572107,1,1,1,1
F1,mpx_001,mpx_006,mpx_006,35,35,0.006815703380588877,1,0.04992539013044487,1,1,1,1
F1,mpx_001,mpx_006,mpx_006,36,36,0.006815703380588877,1,0.048407647502740854,1,1,1,1
F1,mpx_001,mpx_007,mpx_007,3,3,0.5713629684055841,1,0.5793673983372063,0,0,0,0
F1,mpx_001,mpx_007,mpx_007,4,4,0.5879883169039796,1,0.5214494049170126,0,0,0,0
F1,mpx_001,mpx_007,mpx_007,5,5,0.5646131339401821,1,0.49048264963682875,0,0,0,0
F1,mpx_001,mpx_007,mpx_007,6,6,0.5452755905511811,1,0.4528959004777488,0,0,0,0
F1,mpx_001,mpx_007,mpx_007,7,7,0.5093905031892275,1,0.41399574589829674,0,0,0,0
F1,mpx_001,mpx_007,mpx_007,8,8,0.5081967213114754,1,0.3780240371569942,0,0,0,0
F1,mpx_001,mpx_007,mpx_007,9,9,0.5191801119525847,1,0.36953803421546094,0,0,0,0
F1,mpx_001,mpx_007,mpx_007,10,10,0.41336971350613916,1,0.329510920316183,0,0,0,0
F1,mpx_001,mpx_007,mpx_007,11,11,0.3713063763608087,1,0.29880269556529865,0,0,0,0
F1,mpx_001,mpx_007,mpx_007,12,12,0.3737157534246575,1,0.2694699905458124,0,0,0,0
F1,mpx_001,mpx_007,mpx_007,13,13,0.3789752650176678,1,0.2587375034355314,0,0,0,0
F1,mpx_001,mpx_007,mpx_007,14,14,0.2511415525114155,1,0.2594197842361876,0,0,0,0
F1,mpx_001,mpx_007,mpx_007,15,15,0.2351413733410271,1,0.2361381948322418,0,0,0,1
F1,mpx_001,mpx_007,mpx_007,16,16,0.2286144578313253,1,0.20881073780330145,0,0,0,1
F1,mpx_001,mpx_007,mpx_007,17,17,0.24084967320261438,1,0.2202953274951206,0,0,0,1
F1,mpx_001,mpx_007,mpx_007,18,18,0.2018970189701897,1,0.18009322360343,0,1,1,1
F1,mpx_001,mpx_007,mpx_007,19,19,0.15934065934065933,1,0.14259061764430994,1,1,1,1
F1,mpx_001,mpx_007,mpx_007,20,20,0.13500816993464052,1,0.14363237653717906,1,1,1,1
F1,mpx_001,mpx_007,mpx_007,21,21,0.12793132328308207,1,0.13782523381162962,1,1,1,1
F1,mpx_001,mpx_007,mpx_007,22,22,0.05521032504780115,1,0.11363533538190834,1,1,1,1
F1,mpx_001,mpx_007,mpx_007,23,23,0.059591642924976256,1,0.10708000096808266,1,1,1,1
F1,mpx_001,mpx_007,mpx_007,24,24,0.049664107485604604,1,0.09801744680371575,1,1,1,1
F1,mpx_001,mpx_007,mpx_007,25,25,0.029572564612326043,1,0.09370914146273891,1,1,1,1
F1,mpx_001,mpx_007,mpx_007,26,26,0.006929637526652452,1,0.07673884599420155,1,1,1,1
F1,mpx_001,mpx_007,mpx_007,27,27,0.0054525627044711015,1,0.07063873708858247,1,1,1,1
F1,mpx_001,mpx_007,mpx_007,28,28,0.005580357142857143,1,0.06805301901972527,1,1,1,1
F1,mpx_001,mpx_007,mpx_007,29,29,0.005861664712778429,1,0.06672702066397826,1,1,1,1
F1,mpx_001,mpx_007,mpx_007,30,30,0.005861664712778429,1,0.06118958264279177,1,1,1,1
F1,mpx_001,mpx_007,mpx_007,31,31,0.005861664712778429,1,0.05763857713283223,1,1,1,1
F1,mpx_001,mpx_007,mpx_007,32,32,0.005861664712778429,1,0.055957139999598296,1,1,1,1
F1,mpx_001,mpx_007,mpx_007,33,33,0.005861664712778429,1,0.05432174899343793,1,1,1,1
F1,mpx_001,mpx_007,mpx_007,34,34,0.005861664712778429,1,0.052734816879414045,1,1,1,1
F1,mpx_001,mpx_007,mpx_007,35,35,0.005861664712778429,1,0.05115390490760584,1,1,1,1
F1,mpx_001,mpx_008,mpx_008,3,3,0.5806645316253003,1,0.6273219180774864,0,0,0,0
F1,mpx_001,mpx_008,mpx_008,4,4,0.5477707006369427,1,0.5496702281263187,0,0,0,0
F1,mpx_001,mpx_008,mpx_008,5,5,0.5409054805401112,1,0.49934310753844063,0,0,0,0
F1,mpx_001,mpx_008,mpx_008,6,6,0.48241539482415396,1,0.4745093496625087,0,0,0,0
F1,mpx_001,mpx_008,mpx_008,7,7,0.5043092018032352,1,0.42161718203548304,0,0,0,0
F1,mpx_001,mpx_008,mpx_008,8,8,0.5109121432568551,1,0.38820467550503984,0,0,0,0
F1,mpx_001,mpx_008,mpx_008,9,9,0.45834842448388263,1,0.35176115263452196,0,0,0,0
F1,mpx_001,mpx_008,mpx_008,10,10,0.44056992875890516,1,0.31591673511723184,0,0,0,0
F1,mpx_001,mpx_008,mpx_008,11,11,0.4366615561517823,1,0.29400507471420895,0,0,0,0
F1,mpx_001,mpx_008,mpx_008,12,12,0.4267362505018065,1,0.2866989236588667,0,0,0,0
F1,mpx_001,mpx_008,mpx_008,13,13,0.38734965635738833,1,0.2860694998380338,0,0,0,0
F1,mpx_001,mpx_008,mpx_008,14,14,0.3309228650137741,1,0.28761623418815213,0,0,0,0
F1,mpx_001,mpx_008,mpx_008,15,15,0.33606020942408377,1,0.2570575470892959,0,0,0,0
F1,mpx_001,mpx_008,mpx_008,16,16,0.31599903474903474,1,0.2202405265867048,0,0,0,0
F1,mpx_001,mpx_008,mpx_008,17,17,0.16896758703481393,1,0.22797136257213996,0,0,1,1
F1,mpx_001,mpx_008,mpx_008,18,18,0.16964285714285715,1,0.19738367248062838,0,0,1,1
F1,mpx_001,mpx_008,mpx_008,19,19,0.1518375241779497,1,0.16563116322628801,0,1,1,1
F1,mpx_001,mpx_008,mpx_008,20,20,0.16741935483870968,1,0.1590276978008386,1,1,1,1
F1,mpx_001,mpx_008,mpx_008,21,21,0.16293706293706295,1,0.14500903958822955,1,1,1,1
F1,mpx_001,mpx_008,mpx_008,22,22,0.13515037593984963,1,0.14763843247560443,1,1,1,1
F1,mpx_001,mpx_008,mpx_008,23,23,0.13372093023255813,1,0.14018568208696883,1,1,1,1
F1,mpx_001,mpx_008,mpx_008,24,24,0.08333333333333333,1,0.14496705465899298,1,1,1,1
F1,mpx_001,mpx_008,mpx_008,25,25,0.028110599078341014,1,0.10702428072735733,1,1,1,1
F1,mpx_001,mpx_008,mpx_008,26,26,0.014558232931726908,1,0.09089231769312614,1,1,1,1
F1,mpx_001,mpx_008,mpx_008,27,27,0.018819938962360123,1,0.0719510173273329,1,1,1,1
F1,mpx_001,mpx_008,mpx_008,28,28,0.021538461538461538,1,0.06861714623936481,1,1,1,1
F1,mpx_001,mpx_008,mpx_008,29,29,0.021538461538461538,1,0.06187177427365921,1,1,1,1
F1,mpx_001,mpx_008,mpx_008,30,30,0.021538461538461538,1,0.05663850669864086,1,1,1,1
F1,mpx_001,mpx_008,mpx_008,31,31,0.021538461538461538,1,0.05489734692881991,1,1,1,1
F1,mpx_001,mpx_008,mpx_008,32,32,0.021538461538461538,1,0.05321110191769722,1,1,1,1
F1,mpx_001,mpx_008,mpx_008,33,33,0.021538461538461538,1,0.05157356650929666,1,1,1,1
F1,mpx_001,mpx_008,mpx_008,34,34,0.021538461538461538,1,0.049982631475323266,1,1,1,1
F1,mpx_001,mpx_008,mpx_008,35,35,0.021538461538461538,1,0.04841852459658344,1,1,1,1
F1,mpx_001,mpx_009,mpx_009,3,3,0.6009525588345163,1,0.6219111066221266,0,0,0,0
F1,mpx_001,mpx_009,mpx_009,4,4,0.5832457062740974,1,0.5459098696120153,0,0,0,0
F1,mpx_001,mpx_009,mpx_009,5,5,0.5904588112617309,1,0.49812002492979357,0,0,0,0
F1,mpx_001,mpx_009,mpx_009,6,6,0.5553923263048738,1,0.48295516369693975,0,0,0,0
F1,mpx_001,mpx_009,mpx_009,7,7,0.5278614457831325,1,0.4457837020511244,0,0,0,0
F1,mpx_001,mpx_009,mpx_009,8,8,0.5185741088180112,1,0.4166835030416581,0,0,0,0
F1,mpx_001,mpx_009,mpx_009,9,9,0.4286544850498339,1,0.3811375750947835,0,0,0,0
F1,mpx_001,mpx_009,mpx_009,10,10,0.387208067940552,1,0.354846282423857,0,0,0,0
F1,mpx_001,mpx_009,mpx_009,11,11,0.36305408702724684,1,0.3140452365541525,0,0,0,0
F1,mpx_001,mpx_009,mpx_009,12,12,0.2995147772386414,1,0.29468167129745343,0,0,0,0
F1,mpx_001,mpx_009,mpx_009,13,13,0.2857637286571297,1,0.27639174882934275,0,0,0,0
F1,mpx_001,mpx_009,mpx_009,14,14,0.275997150997151,1,0.2573816994207376,0,0,0,0
F1,mpx_001,mpx_009,mpx_009,15,15,0.22767100056529113,1,0.2591320839034715,0,0,0,0
F1,mpx_001,mpx_009,mpx_009,16,16,0.22663316582914572,1,0.251791778572122,0,0,0,0
F1,mpx_001,mpx_009,mpx_009,17,17,0.21324324324324323,1,0.20053222838056248,0,0,1,1
F1,mpx_001,mpx_009,mpx_009,18,18,0.1872391174716756,1,0.16815018853197455,0,1,1,1
F1,mpx_001,mpx_009,mpx_009,19,19,0.1583956492182189,1,0.17194243086426061,1,1,1,1
F1,mpx_001,mpx_009,mpx_009,20,20,0.15264255910987481,1,0.16097920773943775,1,1,1,1
F1,mpx_001,mpx_009,mpx_009,21,21,0.15331010452961671,1,0.15197157072294507,1,1,1,1
F1,mpx_001,mpx_009,mpx_009,22,22,0.13173400673400673,1,0.1462868052082986,1,1,1,1
F1,mpx_001,mpx_009,mpx_009,23,23,0.05953533397870281,1,0.12354812403098557,1,1,1,1
F1,mpx_001,mpx_009,mpx_009,24,24,0.051521099116781155,1,0.10516849884467222,1,1,1,1
F1,mpx_001,mpx_009,mpx_009,25,25,0.030692549842602307,1,0.10457492122195611,1,1,1,1
F1,mpx_001,mpx_009,mpx_009,26,26,0.03054662379421222,1,0.1033929629095719,1,1,1,1
F1,mpx_001,mpx_009,mpx_009,27,27,0.025485436893203883,1,0.11226620777241422,1,1,1,1
F1,mpx_001,mpx_009,mpx_009,28,28,0.029069767441860465,1,0.09641453791037125,1,1,1,1
F1,mpx_001,mpx_009,mpx_009,29,29,0.029069767441860465,1,0.08973116918858912,1,1,1,1
F1,mpx_001,mpx_009,mpx_009,30,30,0.029069767441860465,1,0.07699864890447446,1,1,1,1
F1,mpx_001,mpx_009,mpx_009,31,31,0.029069767441860465,1,0.0752470007605593,1,1,1,1
F1,mpx_001,mpx_009,mpx_009,32,32,0.029069767441860465,1,0.073541476759642,1,1,1,1
F1,mpx_001,mpx_009,mpx_009,33,33,0.029069767441860465,1,0.07188538568111745,1,1,1,1
F1,mpx_001,mpx_009,mpx_009,34,34,0.029069767441860465,1,0.07027698245405349,1,1,1,1
F1,mpx_001,mpx_009,mpx_009,35,35,0.029069767441860465,1,0.06871336627367462,1,1,1,1
F1,mpx_001,mpx_009,mpx_009,36,36,0.029069767441860465,1,0.06719316600256718,1,1,1,1
F1,mpx_001,mpx_010,mpx_010,3,3,0.552521805081532,1,0.6324227360035631,0,0,0,0
F1,mpx_001,mpx_010,mpx_010,4,4,0.5508203281312525,1,0.5600818903985585,0,0,0,0
F1,mpx_001,mpx_010,mpx_010,5,5,0.5225806451612903,1,0.5078802365002679,0,0,0,0
F1,mpx_001,mpx_010,mpx_010,6,6,0.5197324966974901,1,0.4896010046628129,0,0,0,0
F1,mpx_001,mpx_010,mpx_010,7,7,0.44289844597036504,1,0.44665016659607076,0,0,0,0
F1,mpx_001,mpx_010,mpx_010,8,8,0.4455322178711285,1,0.4158363802826903,0,0,0,0
F1,mpx_001,mpx_010,mpx_010,9,9,0.4187617850408548,1,0.3882864478525866,0,0,0,0
F1,mpx_001,mpx_010,mpx_010,10,10,0.37011854951185497,1,0.3700129081251927,0,0,0,0
F1,mpx_001,mpx_010,mpx_010,11,11,0.29808037316110514,1,0.337633791636553,0,0,0,0
F1,mpx_001,mpx_010,mpx_010,12,12,0.27196485623003197,1,0.30739734362242843,0,0,0,0
F1,mpx_001,mpx_010,mpx_010,13,13,0.2615878843506195,1,0.2795653140457392,0,0,0,0
F1,mpx_001,mpx_010,mpx_010,14,14,0.2495287464655985,1,0.2647793298764522,0,0,0,0
F1,mpx_001,mpx_010,mpx_010,15,15,0.24621212121212122,1,0.25628327297791914,0,0,0,0
F1,mpx_001,mpx_010,mpx_010,16,16,0.18739205526770294,1,0.2592933960151132,0,0,0,0
F1,mpx_001,mpx_010,mpx_010,17,17,0.23773908778813144,1,0.24995623895432542,0,0,0,0
F1,mpx_001,mpx_010,mpx_010,18,18,0.20613079019073569,1,0.2008027210365296,0,0,1,1
F1,mpx_001,mpx_010,mpx_010,19,19,0.17786144578313254,1,0.16969732142880858,0,1,1,1
F1,mpx_001,mpx_010,mpx_010,20,20,0.14017800381436746,1,0.17324689963726006,0,1,1,1
F1,mpx_001,mpx_010,mpx_010,21,21,0.13618677042801555,1,0.15894128604035512,0,1,1,1
F1,mpx_001,mpx_010,mpx_010,22,22,0.13420195439739413,1,0.14714392023313785,0,1,1,1
F1,mpx_001,mpx_010,mpx_010,23,23,0.15037983425414364,1,0.1539543725397471,1,1,1,1
F1,mpx_001,mpx_010,mpx_010,24,24,0.15037983425414364,1,0.13907966608579256,1,1,1,1
F1,mpx_001,mpx_010,mpx_010,25,25,0.14086294416243655,1,0.11708739826772217,1,1,1,1
F1,mpx_001,mpx_010,mpx_010,26,26,0.0668429003021148,1,0.10789587680303007,1,1,1,1
F1,mpx_001,mpx_010,mpx_010,27,27,0.0583969465648855,1,0.09251211347620833,1,1,1,1
F1,mpx_001,mpx_010,mpx_010,28,28,0.041701244813278006,1,0.0875239779360012,1,1,1,1
F1,mpx_001,mpx_010,mpx_010,29,29,0.04515209125475285,1,0.08558859695217352,1,1,1,1
F1,mpx_001,mpx_010,mpx_010,30,30,0.036650485436893206,1,0.08313086876106594,1,1,1,1
F1,mpx_001,mpx_010,mpx_010,31,31,0.009746588693957114,1,0.11300283390483243,1,1,1,1
F1,mpx_001,mpx_010,mpx_010,32,32,0.009606147934678195,1,0.07796020872529869,1,1,1,1
F1,mpx_001,mpx_010,mpx_010,33,33,0.009606147934678195,1,0.04185479159602403,1,1,1,1
F1,mpx_001,mpx_010,mpx_010,34,34,0.009606147934678195,1,0.03939099883179229,1,1,1,1
F1,mpx_001,mpx_010,mpx_010,35,35,0.009606147934678195,1,0.037831127293267756,1,1,1,1
F1,mpx_001,mpx_010,mpx_010,36,36,0.009606147934678195,1,0.03630999566548596,1,1,1,1
F1,mpx_001,mpx_010,mpx_010,37,37,0.009606147934678195,1,0.034828266774399284,1,1,1,1
F1,mpx_001,mpx_010,mpx_010,38,38,0.009606147934678195,1,0.033386646526541365,1,1,1,1
F1,mpx_001,mpx_010,mpx_010,39,39,0.009606147934678195,1,0.03197970621233887,1,1,1,1
F1,mpx_001,mpx_010,mpx_010,40,40,0.009606147934678195,1,0.0305877366608134,1,1,1,1
F1,mpx_002,mpx_001,mpx_001,3,3,0.6065005620082428,1,0.6256759494240954,0,0,0,0
F1,mpx_002,mpx_001,mpx_001,4,4,0.5217815344603381,1,0.5464135961437975,0,0,0,0
F1,mpx_002,mpx_001,mpx_001,5,5,0.5769379097570382,1,0.5011376208941981,0,0,0,0
F1,mpx_002,mpx_001,mpx_001,6,6,0.5556057866184448,1,0.48812688356854916,0,0,0,0
F1,mpx_002,mpx_001,mpx_001,7,7,0.5194575471698113,1,0.4452325864263072,0,0,0,0
F1,mpx_002,mpx_001,mpx_001,8,8,0.5017568517217147,1,0.4155598040387526,0,0,0,0
F1,mpx_002,mpx_001,mpx_001,9,9,0.5049001814882033,1,0.37607621683436737,0,0,0,0
F1,mpx_002,mpx_001,mpx_001,10,10,0.4974719101123595,1,0.3490291084473058,0,0,0,0
F1,mpx_002,mpx_001,mpx_001,11,11,0.4577831827658096,1,0.3581640147958572,0,0,0,0
F1,mpx_002,mpx_001,mpx_001,12,12,0.4615817091454273,1,0.33337598512837036,0,0,0,0
F1,mpx_002,mpx_001,mpx_001,13,13,0.3973174030658251,1,0.3148645228026436,0,0,0,0
F1,mpx_002,mpx_001,mpx_001,14,14,0.3569379238393323,1,0.2908102238082953,0,0,0,0
F1,mpx_002,mpx_001,mpx_001,15,15,0.3658119658119658,1,0.26165966687574355,0,0,0,0
F1,mpx_002,mpx_001,mpx_001,16,16,0.3568019093078759,1,0.25034206402501463,0,0,0,0
F1,mpx_002,mpx_001,mpx_001,17,17,0.3432256059664388,1,0.24552708783221822,0,0,0,0
F1,mpx_002,mpx_001,mpx_001,18,18,0.3432256059664388,1,0.23501244506362778,0,0,0,0
F1,mpx_002,mpx_001,mpx_001,19,19,0.34108412322274884,1,0.2375236800390907,0,0,0,0
F1,mpx_002,mpx_001,mpx_001,20,20,0.2252106286454958,1,0.20770461063176882,0,1,1,1
F1,mpx_002,mpx_001,mpx_001,21,21,0.17652899126290708,1,0.15889804888317507,1,1,1,1
F1,mpx_002,mpx_001,mpx_001,22,22,0.10955518945634267,1,0.13784134528637348,1,1,1,1
F1,mpx_002,mpx_001,mpx_001,23,23,0.12847555129434324,1,0.12587503627604646,1,1,1,1
F1,mpx_002,mpx_001,mpx_001,24,24,0.11339937434827946,1,0.10304489095204972,1,1,1,1
F1,mpx_002,mpx_001,mpx_001,25,25,0.11037934668071654,1,0.09229479150329319,1,1,1,1
F1,mpx_002,mpx_001,mpx_001,26,26,0.10059012875536481,1,0.08701353056925791,1,1,1,1
F1,mpx_002,mpx_001,mpx_001,27,27,0.056598407281001135,1,0.086777988684875,1,1,1,1
F1,mpx_002,mpx_001,mpx_001,28,28,0.08451086956521739,1,0.07862441525962106,1,1,1,1
F1,mpx_002,mpx_001,mpx_001,29,29,0.07377049180327869,1,0.06992976376291869,1,1,1,1
F1,mpx_002,mpx_001,mpx_001,30,30,0.07377049180327869,1,0.06382320346152696,1,1,1,1
F1,mpx_002,mpx_001,mpx_001,31,31,0.07377049180327869,1,0.06071815884644229,1,1,1,1
F1,mpx_002,mpx_001,mpx_001,32,32,0.07377049180327869,1,0.059018426981363524,1,1,1,1
F1,mpx_002,mpx_001,mpx_001,33,33,0.07377049180327869,1,0.057368633976849485,1,1,1,1
F1,mpx_002,mpx_001,mpx_001,34,34,0.07377049180327869,1,0.05576633087610943,1,1,1,1
F1,mpx_002,mpx_001,mpx_001,35,35,0.07377049180327869,1,0.05420573042028994,1,1,1,1
F1,mpx_002,mpx_003,mpx_003,3,3,0.5955643707176344,1,0.6192443378974224,0,0,0,0
F1,mpx_002,mpx_003,mpx_003,4,4,0.5693963860053826,1,0.5488926556832416,0,0,0,0
F1,mpx_002,mpx_003,mpx_003,5,5,0.595224171539961,1,0.5040487428437506,0,0,0,0
F1,mpx_002,mpx_003,mpx_003,6,6,0.5647433747064743,1,0.4917377273007384,0,0,0,0
F1,mpx_002,mpx_003,mpx_003,7,7,0.5831946755407654,1,0.46744410308371187,0,0,0,0
F1,mpx_002,mpx_003,mpx_003,8,8,0.5078179291174427,1,0.4356662846364333,0,0,0,0
F1,mpx_002,mpx_003,mpx_003,9,9,0.5019812680115274,1,0.40606957273739663,0,0,0,0
F1,mpx_002,mpx_003,mpx_003,10,10,0.539460020768432,1,0.3924393486507847,0,0,0,0
F1,mpx_002,mpx_003,mpx_003,11,11,0.5115842204132749,1,0.3727205690617754,0,0,0,0
F1,mpx_002,mpx_003,mpx_003,12,12,0.4670428524697416,1,0.3496207447020996,0,0,0,0
F1,mpx_002,mpx_003,mpx_003,13,13,0.42064914376742335,1,0.3132259882324824,0,0,0,0
F1,mpx_002,mpx_003,mpx_003,14,14,0.37399193548387094,1,0.2911743513994142,0,0,0,0
F1,mpx_002,mpx_003,mpx_003,15,15,0.3703125,1,0.2752462407133247,0,0,0,0
F1,mpx_002,mpx_003,mpx_003,16,16,0.37266059686393527,1,0.2662324076325997,0,0,0,0
F1,mpx_002,mpx_003,mpx_003,17,17,0.3661631419939577,1,0.27207544310528153,0,0,0,0
F1,mpx_002,mpx_003,mpx_003,18,18,0.2889531345100426,1,0.264648460517011,0,0,0,0
F1,mpx_002,mpx_003,mpx_003,19,19,0.3002776064157927,1,0.2398992846676184,0,0,0,1
F1,mpx_002,mpx_003,mpx_003,20,20,0.3047153024911032,1,0.2233373199000327,0,0,0,1
F1,mpx_002,mpx_003,mpx_003,21,21,0.29255698005698005,1,0.19335935228978077,0,1,1,1
F1,mpx_002,mpx_003,mpx_003,22,22,0.2615881458966565,1,0.1746507069909629,1,1,1,1
F1,mpx_002,mpx_003,mpx_003,23,23,0.182062966031483,1,0.1546416183118062,1,1,1,1
F1,mpx_002,mpx_003,mpx_003,24,24,0.1799913569576491,1,0.1295546434292761,1,1,1,1
F1,mpx_002,mpx_003,mpx_003,25,25,0.14772727272727273,1,0.12001201964262605,1,1,1,1
F1,mpx_002,mpx_003,mpx_003,26,26,0.15691021126760563,1,0.11102829457021798,1,1,1,1
F1,mpx_002,mpx_003,mpx_003,27,27,0.14925373134328357,1,0.09924707769391848,1,1,1,1
F1,mpx_002,mpx_003,mpx_003,28,28,0.11656118143459916,1,0.08783402848764475,1,1,1,1
F1,mpx_002,mpx_003,mpx_003,29,29,0.01066925315227934,1,0.08008396221429412,1,1,1,1
F1,mpx_002,mpx_003,mpx_003,30,30,0.018649669499527857,1,0.08163439002289787,1,1,1,1
F1,mpx_002,mpx_003,mpx_003,31,31,0.011560693641618497,1,0.0692368677248877,1,1,1,1
F1,mpx_002,mpx_003,mpx_003,32,32,0.009471585244267198,1,0.053747913778134815,1,1,1,1
F1,mpx_002,mpx_003,mpx_003,33,33,0.008655804480651732,1,0.04904964502609943,1,1,1,1
F1,mpx_002,mpx_003,mpx_003,34,34,0.008655804480651732,1,0.04557537836925556,1,1,1,1
F1,mpx_002,mpx_003,mpx_003,35,35,0.008655804480651732,1,0.043411424002111766,1,1,1,1
F1,mpx_002,mpx_003,mpx_003,36,36,0.008655804480651732,1,0.041880112327782666,1,1,1,1
F1,mpx_002,mpx_003,mpx_003,37,37,0.008655804480651732,1,0.040385672911604366,1,1,1,1
F1,mpx_002,mpx_003,mpx_003,38,38,0.008655804480651732,1,0.038934252318194564,1,1,1,1
F1,mpx_002,mpx_003,mpx_003,39,39,0.008655804480651732,1,0.0375162640870468,1,1,1,1
F1,mpx_002,mpx_003,mpx_003,40,40,0.008655804480651732,1,0.03612870136061403,1,1,1,1
F1,mpx_002,mpx_003,mpx_003,41,41,0.008655804480651732,1,0.03477773163419557,1,1,1,1
F1,mpx_002,mpx_004,mpx_004,3,3,0.590662776156732,1,0.625459751249126,0,0,0,0
F1,mpx_002,mpx_004,mpx_004,4,4,0.5101778193729527,1,0.5412613418392586,0,0,0,0
F1,mpx_002,mpx_004,mpx_004,5,5,0.5884559884559885,1,0.5264894054118372,0,0,0,0
F1,mpx_002,mpx_004,mpx_004,6,6,0.5170893906588309,1,0.4730409078789994,0,0,0,0
F1,mpx_002,mpx_004,mpx_004,7,7,0.511353517364203,1,0.43939411607743867,0,0,0,0
F1,mpx_002,mpx_004,mpx_004,8,8,0.49756135934550033,1,0.40804151693593377,0,0,0,0
F1,mpx_002,mpx_004,mpx_004,9,9,0.4259229274611399,1,0.39005521827512457,0,0,0,0
F1,mpx_002,mpx_004,mpx_004,10,10,0.47587038952085486,1,0.38017470717646545,0,0,0,0
F1,mpx_002,mpx_004,mpx_004,11,11,0.3929170159262364,1,0.34095678339934193,0,0,0,0
F1,mpx_002,mpx_004,mpx_004,12,12,0.3393089960886571,1,0.3211971295521018,0,0,0,0
F1,mpx_002,mpx_004,mpx_004,13,13,0.3075191355245385,1,0.30372445426101996,0,0,0,0
F1,mpx_002,mpx_004,mpx_004,14,14,0.26100151745068284,1,0.2622795356528019,0,0,0,0
F1,mpx_002,mpx_004,mpx_004,15,15,0.23688524590163934,1,0.22987065010099053,0,0,0,1
F1,mpx_002,mpx_004,mpx_004,16,16,0.14719140083217752,1,0.2515125178854667,1,1,1,1
F1,mpx_002,mpx_004,mpx_004,17,17,0.12153790087463556,1,0.21295697245760298,1,1,1,1
F1,mpx_002,mpx_004,mpx_004,18,18,0.08132279534109817,1,0.1876462651679236,1,1,1,1
F1,mpx_002,mpx_004,mpx_004,19,19,0.0518783542039356,1,0.1786430996857886,1,1,1,1
F1,mpx_002,mpx_004,mpx_004,20,20,0.03936269915651359,1,0.1553043146499297,1,1,1,1
F1,mpx_002,mpx_004,mpx_004,21,21,0.0413022351797862,1,0.14001997214094683,1,1,1,1
F1,mpx_002,mpx_004,mpx_004,22,22,0.023290386521308225,1,0.142847428564034,1,1,1,1
F1,mpx_002,mpx_004,mpx_004,23,23,0.024594320486815417,1,0.1455805696309837,1,1,1,1
F1,mpx_002,mpx_004,mpx_004,24,24,0.02447023208879919,1,0.11938759362966253,1,1,1,1
F1,mpx_002,mpx_004,mpx_004,25,25,0.011059371362048894,1,0.118443565114891,1,1,1,1
F1,mpx_002,mpx_004,mpx_004,26,26,0.007647058823529412,1,0.10335601392808927,1,1,1,1
F1,mpx_002,mpx_004,mpx_004,27,27,0.004146919431279621,1,0.09255351908112588,1,1,1,1
F1,mpx_002,mpx_004,mpx_004,28,28,0.0031605562579013905,1,0.0892710015487175,1,1,1,1
F1,mpx_002,mpx_004,mpx_004,29,29,0.0031645569620253164,1,0.08674788984203424,1,1,1,1
F1,mpx_002,mpx_004,mpx_004,30,30,0.007362784471218206,1,0.09460001897281252,1,1,1,1
F1,mpx_002,mpx_004,mpx_004,31,31,0.007362784471218206,1,0.08868307536095625,1,1,1,1
F1,mpx_002,mpx_004,mpx_004,32,32,0.007362784471218206,1,0.08271924347806714,1,1,1,1
F1,mpx_002,mpx_004,mpx_004,33,33,0.007362784471218206,1,0.08109035519120056,1,1,1,1
F1,mpx_002,mpx_004,mpx_004,34,34,0.007362784471218206,1,0.0794983984722292,1,1,1,1
F1,mpx_002,mpx_004,mpx_004,35,35,0.007362784471218206,1,0.07795508253751521,1,1,1,1
F1,mpx_002,mpx_004,mpx_004,36,36,0.007362784471218206,1,0.07645871914333563,1,1,1,1
F1,mpx_002,mpx_005,mpx_005,3,3,0.5628006872852234,1,0.621378930827759,0,0,0,0
F1,mpx_002,mpx_005,mpx_005,4,4,0.5604651162790698,1,0.5581363842167627,0,0,0,0
F1,mpx_002,mpx_005,mpx_005,5,5,0.5696737817156665,1,0.5029901840060117,0,0,0,0
F1,mpx_002,mpx_005,mpx_005,6,6,0.5792553191489361,1,0.48215996131303673,0,0,0,0
F1,mpx_002,mpx_005,mpx_005,7,7,0.5131138392857143,1,0.4503293971012465,0,0,0,0
F1,mpx_002,mpx_005,mpx_005,8,8,0.5186228197674418,1,0.4226053637981544,0,0,0,0
F1,mpx_002,mpx_005,mpx_005,9,9,0.4543335635359116,1,0.3939288928872167,0,0,0,0
F1,mpx_002,mpx_005,mpx_005,10,10,0.40365448504983387,1,0.37174603855055016,0,0,0,0
F1,mpx_002,mpx_005,mpx_005,11,11,0.3359228753275927,1,0.32951368883817234,0,0,0,0
F1,mpx_002,mpx_005,mpx_005,12,12,0.3365584685809405,1,0.2966290523013868,0,0,0,0
F1,mpx_002,mpx_005,mpx_005,13,13,0.30169753086419754,1,0.25168534248184876,0,0,0,0
F1,mpx_002,mpx_005,mpx_005,14,14,0.2949571836346337,1,0.21953065329273405,0,0,0,1
F1,mpx_002,mpx_005,mpx_005,15,15,0.26784702549575073,1,0.21515255018896828,0,0,1,1
F1,mpx_002,mpx_005,mpx_005,16,16,0.18384714193962748,1,0.1953458949559692,0,1,1,1
F1,mpx_002,mpx_005,mpx_005,17,17,0.18648208469055375,1,0.18326802951498436,0,1,1,1
F1,mpx_002,mpx_005,mpx_005,18,18,0.15840118430792005,1,0.17770520526416048,1,1,1,1
F1,mpx_002,mpx_005,mpx_005,19,19,0.1282642089093702,1,0.16825975611493552,1,1,1,1
F1,mpx_002,mpx_005,mpx_005,20,20,0.10203252032520325,1,0.14701105101816705,1,1,1,1
F1,mpx_002,mpx_005,mpx_005,21,21,0.05615640599001664,1,0.12466870050357615,1,1,1,1
F1,mpx_002,mpx_005,mpx_005,22,22,0.05211864406779661,1,0.1089386064501179,1,1,1,1
F1,mpx_002,mpx_005,mpx_005,23,23,0.04287003610108303,1,0.10207491980944775,1,1,1,1
F1,mpx_002,mpx_005,mpx_005,24,24,0.04406307977736549,1,0.09621246252421142,1,1,1,1
F1,mpx_002,mpx_005,mpx_005,25,25,0.048676748582230624,1,0.09493846057958502,1,1,1,1
F1,mpx_002,mpx_005,mpx_005,26,26,0.04398826979472141,1,0.09241060653684768,1,1,1,1
F1,mpx_002,mpx_005,mpx_005,27,27,0.0006234413965087282,1,0.15912480284590183,1,1,1,1
F1,mpx_002,mpx_005,mpx_005,28,28,0.0006234413965087282,1,0.11978291489219879,1,1,1,1
F1,mpx_002,mpx_005,mpx_005,29,29,0.0006234413965087282,1,0.08004121062296884,1,1,1,1
F1,mpx_002,mpx_005,mpx_005,30,30,0.0006234413965087282,1,0.07827391705353659,1,1,1,1
F1,mpx_002,mpx_005,mpx_005,31,31,0.0006234413965087282,1,0.076560673982041,1,1,1,1
F1,mpx_002,mpx_005,mpx_005,32,32,0.0006234413965087282,1,0.07489856957027541,1,1,1,1
F1,mpx_002,mpx_005,mpx_005,33,33,0.0006234413965087282,1,0.07328706952832303,1,1,1,1
F1,mpx_002,mpx_005,mpx_005,34,34,0.0006234413965087282,1,0.07172233376746392,1,1,1,1
F1,mpx_002,mpx_006,mpx_006,3,3,0.5522629310344828,1,0.622554303358611,0,0,0,0
F1,mpx_002,mpx_006,mpx_006,4,4,0.5293321299638989,1,0.5432350850172711,0,0,0,0
F1,mpx_002,mpx_006,mpx_006,5,5,0.5594879518072289,1,0.4989642625705672,0,0,0,0
F1,mpx_002,mpx_006,mpx_006,6,6,0.527581567440296,1,0.46813065563776196,0,0,0,0
F1,mpx_002,mpx_006,mpx_006,7,7,0.5314994793474488,1,0.4340127821633433,0,0,0,0
F1,mpx_002,mpx_006,mpx_006,8,8,0.4867296045600285,1,0.3914758585038028,0,0,0,0
F1,mpx_002,mpx_006,mpx_006,9,9,0.4996242014280346,1,0.3902009971647765,0,0,0,0
F1,mpx_002,mpx_006,mpx_006,10,10,0.4318103149878851,1,0.3797873972652469,0,0,0,0
F1,mpx_002,mpx_006,mpx_006,11,11,0.4251808501991384,1,0.3607323913122377,0,0,0,0
F1,mpx_002,mpx_006,mpx_006,12,12,0.4153722009279806,1,0.33184819288344025,0,0,0,0
F1,mpx_002,mpx_006,mpx_006,13,13,0.37215391621129323,1,0.29654383999652345,0,0,0,0
F1,mpx_002,mpx_006,mpx_006,14,14,0.3720319920019995,1,0.27305341930861926,0,0,0,0
F1,mpx_002,mpx_006,mpx_006,15,15,0.3666317991631799,1,0.2630044639564627,0,0,0,0
F1,mpx_002,mpx_006,mpx_006,16,16,0.3573565406581452,1,0.25454571250387353,0,0,0,0
F1,mpx_002,mpx_006,mpx_006,17,17,0.3251412429378531,1,0.2598545072342294,0,0,0,0
F1,mpx_002,mpx_006,mpx_006,18,18,0.34622718605284664,1,0.25464311615640334,0,0,0,0
F1,mpx_002,mpx_006,mpx_006,19,19,0.33607860135818524,1,0.20279557584901226,0,0,1,1
F1,mpx_002,mpx_006,mpx_006,20,20,0.31627296587926507,1,0.1667035028039742,0,1,1,1
F1,mpx_002,mpx_006,mpx_006,21,21,0.2681145852836547,1,0.1691534022535923,1,1,1,1
F1,mpx_002,mpx_006,mpx_006,22,22,0.2399835627696733,1,0.14368472871164367,1,1,1,1
F1,mpx_002,mpx_006,mpx_006,23,23,0.24792485801660114,1,0.14159063574014014,1,1,1,1
F1,mpx_002,mpx_006,mpx_006,24,24,0.009059745347698335,1,0.15619786853013437,1,1,1,1
F1,mpx_002,mpx_006,mpx_006,25,25,0.0071499013806706115,1,0.11140588541658458,1,1,1,1
F1,mpx_002,mpx_006,mpx_006,26,26,0.008887614678899083,1,0.10481067015655528,1,1,1,1
F1,mpx_002,mpx_006,mpx_006,27,27,0.009548611111111112,1,0.09303844966501519,1,1,1,1
F1,mpx_002,mpx_006,mpx_006,28,28,0.009548611111111112,1,0.07918967695415056,1,1,1,1
F1,mpx_002,mpx_006,mpx_006,29,29,0.006815703380588877,1,0.08554425483721338,1,1,1,1
F1,mpx_002,mpx_006,mpx_006,30,30,0.006815703380588877,1,0.07494680151737537,1,1,1,1
F1,mpx_002,mpx_006,mpx_006,31,31,0.006815703380588877,1,0.06444816252010367,1,1,1,1
F1,mpx_002,mpx_006,mpx_006,32,32,0.006815703380588877,1,0.06276254751156647,1,1,1,1
F1,mpx_002,mpx_006,mpx_006,33,33,0.006815703380588877,1,0.06112983354470875,1,1,1,1
F1,mpx_002,mpx_006,mpx_006,34,34,0.006815703380588877,1,0.05953684353283643,1,1,1,1
F1,mpx_002,mpx_006,mpx_006,35,35,0.006815703380588877,1,0.05799117429140356,1,1,1,1
F1,mpx_002,mpx_006,mpx_006,36,36,0.006815703380588877,1,0.05648941679506646,1,1,1,1
F1,mpx_002,mpx_007,mpx_007,3,3,0.5713629684055841,1,0.5833943594161943,0,0,0,0
F1,mpx_002,mpx_007,mpx_007,4,4,0.5879883169039796,1,0.5269171389310545,0,0,0,0
F1,mpx_002,mpx_007,mpx_007,5,5,0.5646131339401821,1,0.49575980346940723,0,0,0,0
F1,mpx_002,mpx_007,mpx_007,6,6,0.5452755905511811,1,0.4589317117125123,0,0,0,0
F1,mpx_002,mpx_007,mpx_007,7,7,0.5093905031892275,1,0.42065844455367923,0,0,0,0
F1,mpx_002,mpx_007,mpx_007,8,8,0.5081967213114754,1,0.38551427749105,0,0,0,0
F1,mpx_002,mpx_007,mpx_007,9,9,0.5191801119525847,1,0.37656776510766654,0,0,0,0
F1,mpx_002,mpx_007,mpx_007,10,10,0.41336971350613916,1,0.33574191816130633,0,0,0,0
F1,mpx_002,mpx_007,mpx_007,11,11,0.3713063763608087,1,0.3060266669981283,0,0,0,0
F1,mpx_002,mpx_007,mpx_007,12,12,0.3737157534246575,1,0.27728858683949387,0,0,0,0
F1,mpx_002,mpx_007,mpx_007,13,13,0.3789752650176678,1,0.26678081052320346,0,0,0,0
F1,mpx_002,mpx_007,mpx_007,14,14,0.2511415525114155,1,0.26647157911022673,0,0,0,0
F1,mpx_002,mpx_007,mpx_007,15,15,0.2351413733410271,1,0.24402784178807602,0,0,0,1
F1,mpx_002,mpx_007,mpx_007,16,16,0.2286144578313253,1,0.2173206073574369,0,0,0,1
F1,mpx_002,mpx_007,mpx_007,17,17,0.24084967320261438,1,0.22830779452046326,0,0,0,1
F1,mpx_002,mpx_007,mpx_007,18,18,0.2018970189701897,1,0.18743385350256053,0,1,1,1
F1,mpx_002,mpx_007,mpx_007,19,19,0.15934065934065933,1,0.1502788289009856,1,1,1,1
F1,mpx_002,mpx_007,mpx_007,20,20,0.13500816993464052,1,0.15084737765013093,1,1,1,1
F1,mpx_002,mpx_007,mpx_007,21,21,0.12793132328308207,1,0.14541756237570858,1,1,1,1
F1,mpx_002,mpx_007,mpx_007,22,22,0.05521032504780115,1,0.12111482382613337,1,1,1,1
F1,mpx_002,mpx_007,mpx_007,23,23,0.059591642924976256,1,0.11462506927479787,1,1,1,1
F1,mpx_002,mpx_007,mpx_007,24,24,0.049664107485604604,1,0.10600745310446982,1,1,1,1
F1,mpx_002,mpx_007,mpx_007,25,25,0.029572564612326043,1,0.10141820926127838,1,1,1,1
F1,mpx_002,mpx_007,mpx_007,26,26,0.006929637526652452,1,0.08421721407720535,1,1,1,1
F1,mpx_002,mpx_007,mpx_007,27,27,0.0054525627044711015,1,0.07825728244745123,1,1,1,1
F1,mpx_002,mpx_007,mpx_007,28,28,0.005580357142857143,1,0.07587291633300706,1,1,1,1
F1,mpx_002,mpx_007,mpx_007,29,29,0.005861664712778429,1,0.07467175678978479,1,1,1,1
F1,mpx_002,mpx_007,mpx_007,30,30,0.005861664712778429,1,0.0694324148578537,1,1,1,1
F1,mpx_002,mpx_007,mpx_007,31,31,0.005861664712778429,1,0.06603144092784352,1,1,1,1
F1,mpx_002,mpx_007,mpx_007,32,32,0.005861664712778429,1,0.0643618902678772,1,1,1,1
F1,mpx_002,mpx_007,mpx_007,33,33,0.005861664712778429,1,0.06273824323292862,1,1,1,1
F1,mpx_002,mpx_007,mpx_007,34,34,0.005861664712778429,1,0.06116271881647974,1,1,1,1
F1,mpx_002,mpx_007,mpx_007,35,35,0.005861664712778429,1,0.05959445056303394,1,1,1,1
F1,mpx_002,mpx_008,mpx_008,3,3,0.5806645316253003,1,0.6301986709573112,0,0,0,0
F1,mpx_002,mpx_008,mpx_008,4,4,0.5477707006369427,1,0.5545963721309369,0,0,0,0
F1,mpx_002,mpx_008,mpx_008,5,5,0.5409054805401112,1,0.5053808901627911,0,0,0,0
F1,mpx_002,mpx_008,mpx_008,6,6,0.48241539482415396,1,0.47980601956399077,0,0,0,0
F1,mpx_002,mpx_008,mpx_008,7,7,0.5043092018032352,1,0.42711773902537753,0,0,0,0
F1,mpx_002,mpx_008,mpx_008,8,8,0.5109121432568551,1,0.39451326150228344,0,0,0,0
F1,mpx_002,mpx_008,mpx_008,9,9,0.45834842448388263,1,0.3588261748111052,0,0,0,0
F1,mpx_002,mpx_008,mpx_008,10,10,0.44056992875890516,1,0.3234496594166761,0,0,0,0
F1,mpx_002,mpx_008,mpx_008,11,11,0.4366615561517823,1,0.30217875621468104,0,0,0,0
F1,mpx_002,mpx_008,mpx_008,12,12,0.4267362505018065,1,0.2950046714756805,0,0,0,0
F1,mpx_002,mpx_008,mpx_008,13,13,0.38734965635738833,1,0.29423403318493035,0,0,0,0
F1,mpx_002,mpx_008,mpx_008,14,14,0.3309228650137741,1,0.2947996844782259,0,0,0,0
F1,mpx_002,mpx_008,mpx_008,15,15,0.33606020942408377,1,0.26451183058038846,0,0,0,0
F1,mpx_002,mpx_008,mpx_008,16,16,0.31599903474903474,1,0.22848056228067135,0,0,0,0
F1,mpx_002,mpx_008,mpx_008,17,17,0.16896758703481393,1,0.23422050943724096,0,0,1,1
F1,mpx_002,mpx_008,mpx_008,18,18,0.16964285714285715,1,0.20494372315824536,0,0,1,1
F1,mpx_002,mpx_008,mpx_008,19,19,0.1518375241779497,1,0.17368074188599272,0,1,1,1
F1,mpx_002,mpx_008,mpx_008,20,20,0.16741935483870968,1,0.16682357836762787,1,1,1,1
F1,mpx_002,mpx_008,mpx_008,21,21,0.16293706293706295,1,0.15316887076598446,1,1,1,1
F1,mpx_002,mpx_008,mpx_008,22,22,0.13515037593984963,1,0.1558516625851125,1,1,1,1
F1,mpx_002,mpx_008,mpx_008,23,23,0.13372093023255813,1,0.1485383839191349,1,1,1,1
F1,mpx_002,mpx_008,mpx_008,24,24,0.08333333333333333,1,0.15190814960239024,1,1,1,1
F1,mpx_002,mpx_008,mpx_008,25,25,0.028110599078341014,1,0.11375389463900025,1,1,1,1
F1,mpx_002,mpx_008,mpx_008,26,26,0.014558232931726908,1,0.09762200395237425,1,1,1,1
F1,mpx_002,mpx_008,mpx_008,27,27,0.018819938962360123,1,0.07944342829764929,1,1,1,1
F1,mpx_002,mpx_008,mpx_008,28,28,0.021538461538461538,1,0.07617543284746901,1,1,1,1
F1,mpx_002,mpx_008,mpx_008,29,29,0.021538461538461538,1,0.06977107281605296,1,1,1,1
F1,mpx_002,mpx_008,mpx_008,30,30,0.021538461538461538,1,0.06477965571837306,1,1,1,1
F1,mpx_002,mpx_008,mpx_008,31,31,0.021538461538461538,1,0.06305270118936708,1,1,1,1
F1,mpx_002,mpx_008,mpx_008,32,32,0.021538461538461538,1,0.06138022483555529,1,1,1,1
F1,mpx_002,mpx_008,mpx_008,33,33,0.021538461538461538,1,0.05975615884869813,1,1,1,1
F1,mpx_002,mpx_008,mpx_008,34,34,0.021538461538461538,1,0.058178380604667054,1,1,1,1
F1,mpx_002,mpx_008,mpx_008,35,35,0.021538461538461538,1,0.056627803567231974,1,1,1,1
F1,mpx_002,mpx_009,mpx_009,3,3,0.6009525588345163,1,0.6248746643842642,0,0,0,0
F1,mpx_002,mpx_009,mpx_009,4,4,0.5832457062740974,1,0.5506947330947659,0,0,0,0
F1,mpx_002,mpx_009,mpx_009,5,5,0.5904588112617309,1,0.5039229700990119,0,0,0,0
F1,mpx_002,mpx_009,mpx_009,6,6,0.5553923263048738,1,0.4892525172103821,0,0,0,0
F1,mpx_002,mpx_009,mpx_009,7,7,0.5278614457831325,1,0.4521918526125649,0,0,0,0
F1,mpx_002,mpx_009,mpx_009,8,8,0.5185741088180112,1,0.4237846345028891,0,0,0,0
F1,mpx_002,mpx_009,mpx_009,9,9,0.4286544850498339,1,0.38802203739117597,0,0,0,0
F1,mpx_002,mpx_009,mpx_009,10,10,0.387208067940552,1,0.36151288108394475,0,0,0,0
F1,mpx_002,mpx_009,mpx_009,11,11,0.36305408702724684,1,0.3217254699528898,0,0,0,0
F1,mpx_002,mpx_009,mpx_009,12,12,0.2995147772386414,1,0.3023170759295309,0,0,0,0
F1,mpx_002,mpx_009,mpx_009,13,13,0.2857637286571297,1,0.28462078082939657,0,0,0,0
F1,mpx_002,mpx_009,mpx_009,14,14,0.275997150997151,1,0.266061939242694,0,0,0,0
F1,mpx_002,mpx_009,mpx_009,15,15,0.22767100056529113,1,0.2676024076539271,0,0,0,0
F1,mpx_002,mpx_009,mpx_009,16,16,0.22663316582914572,1,0.2587001604329102,0,0,0,0
F1,mpx_002,mpx_009,mpx_009,17,17,0.21324324324324323,1,0.20773491624474744,0,0,1,1
F1,mpx_002,mpx_009,mpx_009,18,18,0.1872391174716756,1,0.1761422587121854,0,1,1,1
F1,mpx_002,mpx_009,mpx_009,19,19,0.1583956492182189,1,0.1795354899839203,1,1,1,1
F1,mpx_002,mpx_009,mpx_009,20,20,0.15264255910987481,1,0.1688926348615413,1,1,1,1
F1,mpx_002,mpx_009,mpx_009,21,21,0.15331010452961671,1,0.1601990580716913,1,1,1,1
F1,mpx_002,mpx_009,mpx_009,22,22,0.13173400673400673,1,0.15304413179317294,1,1,1,1
F1,mpx_002,mpx_009,mpx_009,23,23,0.05953533397870281,1,0.1303275545741451,1,1,1,1
F1,mpx_002,mpx_009,mpx_009,24,24,0.051521099116781155,1,0.11282341225753324,1,1,1,1
F1,mpx_002,mpx_009,mpx_009,25,25,0.030692549842602307,1,0.11113504241376665,1,1,1,1
F1,mpx_002,mpx_009,mpx_009,26,26,0.03054662379421222,1,0.11016741701711417,1,1,1,1
F1,mpx_002,mpx_009,mpx_009,27,27,0.025485436893203883,1,0.11940010145215174,1,1,1,1
F1,mpx_002,mpx_009,mpx_009,28,28,0.029069767441860465,1,0.10383189761583149,1,1,1,1
F1,mpx_002,mpx_009,mpx_009,29,29,0.029069767441860465,1,0.09747620798426491,1,1,1,1
F1,mpx_002,mpx_009,mpx_009,30,30,0.029069767441860465,1,0.08545063697380344,1,1,1,1
F1,mpx_002,mpx_009,mpx_009,31,31,0.029069767441860465,1,0.08371323433249266,1,1,1,1
F1,mpx_002,mpx_009,mpx_009,32,32,0.029069767441860465,1,0.08202186162918922,1,1,1,1
F1,mpx_002,mpx_009,mpx_009,33,33,0.029069767441860465,1,0.08037960152713917,1,1,1,1
F1,mpx_002,mpx_009,mpx_009,34,34,0.029069767441860465,1,0.07878468255868172,1,1,1,1
F1,mpx_002,mpx_009,mpx_009,35,35,0.029069767441860465,1,0.07723422914169385,1,1,1,1
F1,mpx_002,mpx_009,mpx_009,36,36,0.029069767441860465,1,0.07572684477597245,1,1,1,1
F1,mpx_002,mpx_010,mpx_010,3,3,0.552521805081532,1,0.6349899677696522,0,0,0,0
F1,mpx_002,mpx_010,mpx_010,4,4,0.5508203281312525,1,0.5645533602849239,0,0,0,0
F1,mpx_002,mpx_010,mpx_010,5,5,0.5225806451612903,1,0.5135924925440095,0,0,0,0
F1,mpx_002,mpx_010,mpx_010,6,6,0.5197324966974901,1,0.49568275186803545,0,0,0,0
F1,mpx_002,mpx_010,mpx_010,7,7,0.44289844597036504,1,0.45326321930048785,0,0,0,0
F1,mpx_002,mpx_010,mpx_010,8,8,0.4455322178711285,1,0.4227966138756116,0,0,0,0
F1,mpx_002,mpx_010,mpx_010,9,9,0.4187617850408548,1,0.3947996071731408,0,0,0,0
F1,mpx_002,mpx_010,mpx_010,10,10,0.37011854951185497,1,0.37715050357702057,0,0,0,0
F1,mpx_002,mpx_010,mpx_010,11,11,0.29808037316110514,1,0.34413191217256756,0,0,0,0
F1,mpx_002,mpx_010,mpx_010,12,12,0.27196485623003197,1,0.31467409261372753,0,0,0,0
F1,mpx_002,mpx_010,mpx_010,13,13,0.2615878843506195,1,0.2875850099636451,0,0,0,0
F1,mpx_002,mpx_010,mpx_010,14,14,0.2495287464655985,1,0.2732327260586123,0,0,0,0
F1,mpx_002,mpx_010,mpx_010,15,15,0.24621212121212122,1,0.26500263442750005,0,0,0,0
F1,mpx_002,mpx_010,mpx_010,16,16,0.18739205526770294,1,0.2679076653661235,0,0,0,0
F1,mpx_002,mpx_010,mpx_010,17,17,0.23773908778813144,1,0.2567445115992672,0,0,0,0
F1,mpx_002,mpx_010,mpx_010,18,18,0.20613079019073569,1,0.20802004106139851,0,0,1,1
F1,mpx_002,mpx_010,mpx_010,19,19,0.17786144578313254,1,0.17773597810682595,0,1,1,1
F1,mpx_002,mpx_010,mpx_010,20,20,0.14017800381436746,1,0.18076938283497165,0,1,1,1
F1,mpx_002,mpx_010,mpx_010,21,21,0.13618677042801555,1,0.1668834153426417,0,1,1,1
F1,mpx_002,mpx_010,mpx_010,22,22,0.13420195439739413,1,0.15558090507956376,0,1,1,1
F1,mpx_002,mpx_010,mpx_010,23,23,0.15037983425414364,1,0.16171455167655746,1,1,1,1
F1,mpx_002,mpx_010,mpx_010,24,24,0.15037983425414364,1,0.14747294735107086,1,1,1,1
F1,mpx_002,mpx_010,mpx_010,25,25,0.14086294416243655,1,0.1252450972423166,1,1,1,1
F1,mpx_002,mpx_010,mpx_010,26,26,0.0668429003021148,1,0.11507038776905192,1,1,1,1
F1,mpx_002,mpx_010,mpx_010,27,27,0.0583969465648855,1,0.10036559968143433,1,1,1,1
F1,mpx_002,mpx_010,mpx_010,28,28,0.041701244813278006,1,0.09501210020691639,1,1,1,1
F1,mpx_002,mpx_010,mpx_010,29,29,0.04515209125475285,1,0.09348124078237345,1,1,1,1
F1,mpx_002,mpx_010,mpx_010,30,30,0.036650485436893206,1,0.0911871797064023,1,1,1,1
F1,mpx_002,mpx_010,mpx_010,31,31,0.009746588693957114,1,0.1168016177972704,1,1,1,1
F1,mpx_002,mpx_010,mpx_010,32,32,0.009606147934678195,1,0.08385652629285537,1,1,1,1
F1,mpx_002,mpx_010,mpx_010,33,33,0.009606147934678195,1,0.049963792834804406,1,1,1,1
F1,mpx_002,mpx_010,mpx_010,34,34,0.009606147934678195,1,0.04757119876605514,1,1,1,1
F1,mpx_002,mpx_010,mpx_010,35,35,0.009606147934678195,1,0.046024863075720866,1,1,1,1
F1,mpx_002,mpx_010,mpx_010,36,36,0.009606147934678195,1,0.04451708889773042,1,1,1,1
F1,mpx_002,mpx_010,mpx_010,37,37,0.009606147934678195,1,0.04304844023094711,1,1,1,1
F1,mpx_002,mpx_010,mpx_010,38,38,0.009606147934678195,1,0.04161952831594378,1,1,1,1
F1,mpx_002,mpx_010,mpx_010,39,39,0.009606147934678195,1,0.040225074153678035,1,1,1,1
F1,mpx_002,mpx_010,mpx_010,40,40,0.009606147934678195,1,0.03884607967586353,1,1,1,1
F1,mpx_003,mpx_001,mpx_001,3,3,0.6065005620082428,1,0.6178624130821946,0,0,0,0
F1,mpx_003,mpx_001,mpx_001,4,4,0.5217815344603381,1,0.5394170127127327,0,0,0,0
F1,mpx_003,mpx_001,mpx_001,5,5,0.5769379097570382,1,0.49453667354964703,0,0,0,0
F1,mpx_003,mpx_001,mpx_001,6,6,0.5556057866184448,1,0.48098797352378175,0,0,0,0
F1,mpx_003,mpx_001,mpx_001,7,7,0.5194575471698113,1,0.43824937377964945,0,0,0,0
F1,mpx_003,mpx_001,mpx_001,8,8,0.5017568517217147,1,0.40879236027381016,0,0,0,0
F1,mpx_003,mpx_001,mpx_001,9,9,0.5049001814882033,1,0.3700248961298271,0,0,0,0
F1,mpx_003,mpx_001,mpx_001,10,10,0.4974719101123595,1,0.34355784493198616,0,0,0,0
F1,mpx_003,mpx_001,mpx_001,11,11,0.4577831827658096,1,0.35086806733967746,0,0,0,0
F1,mpx_003,mpx_001,mpx_001,12,12,0.4615817091454273,1,0.32675127036314383,0,0,0,0
F1,mpx_003,mpx_001,mpx_001,13,13,0.3973174030658251,1,0.30741593795040245,0,0,0,0
F1,mpx_003,mpx_001,mpx_001,14,14,0.3569379238393323,1,0.2841230187041887,0,0,0,0
F1,mpx_003,mpx_001,mpx_001,15,15,0.3658119658119658,1,0.25563964493314245,0,0,0,0
F1,mpx_003,mpx_001,mpx_001,16,16,0.3568019093078759,1,0.24455219084846624,0,0,0,0
F1,mpx_003,mpx_001,mpx_001,17,17,0.3432256059664388,1,0.23960211817987281,0,0,0,0
F1,mpx_003,mpx_001,mpx_001,18,18,0.3432256059664388,1,0.22934198910351902,0,0,0,0
F1,mpx_003,mpx_001,mpx_001,19,19,0.34108412322274884,1,0.23055235478501226,0,0,0,0
F1,mpx_003,mpx_001,mpx_001,20,20,0.2252106286454958,1,0.2002321119779346,0,1,1,1
F1,mpx_003,mpx_001,mpx_001,21,21,0.17652899126290708,1,0.1530330810326379,1,1,1,1
F1,mpx_003,mpx_001,mpx_001,22,22,0.10955518945634267,1,0.13173185096964027,1,1,1,1
F1,mpx_003,mpx_001,mpx_001,23,23,0.12847555129434324,1,0.11999877533392296,1,1,1,1
F1,mpx_003,mpx_001,mpx_001,24,24,0.11339937434827946,1,0.09753181436804126,1,1,1,1
F1,mpx_003,mpx_001,mpx_001,25,25,0.11037934668071654,1,0.0870998519977126,1,1,1,1
F1,mpx_003,mpx_001,mpx_001,26,26,0.10059012875536481,1,0.08176929830826725,1,1,1,1
F1,mpx_003,mpx_001,mpx_001,27,27,0.056598407281001135,1,0.08137022395643369,1,1,1,1
F1,mpx_003,mpx_001,mpx_001,28,28,0.08451086956521739,1,0.07323434840286025,1,1,1,1
F1,mpx_003,mpx_001,mpx_001,29,29,0.07377049180327869,1,0.06478060505634549,1,1,1,1
F1,mpx_003,mpx_001,mpx_001,30,30,0.07377049180327869,1,0.058880827844485895,1,1,1,1
F1,mpx_003,mpx_001,mpx_001,31,31,0.07377049180327869,1,0.055813435020086746,1,1,1,1
F1,mpx_003,mpx_001,mpx_001,32,32,0.07377049180327869,1,0.054073454442431626,1,1,1,1
F1,mpx_003,mpx_001,mpx_001,33,33,0.07377049180327869,1,0.052384668369870505,1,1,1,1
F1,mpx_003,mpx_001,mpx_001,34,34,0.07377049180327869,1,0.050744549033147804,1,1,1,1
F1,mpx_003,mpx_001,mpx_001,35,35,0.07377049180327869,1,0.049147262736960254,1,1,1,1
F1,mpx_003,mpx_002,mpx_002,3,3,0.5828273244781784,1,0.6183092914091438,0,0,0,0
F1,mpx_003,mpx_002,mpx_002,4,4,0.5582010582010583,1,0.5423444639624998,0,0,0,0
F1,mpx_003,mpx_002,mpx_002,5,5,0.5757695343330702,1,0.4979815912133369,0,0,0,0
F1,mpx_003,mpx_002,mpx_002,6,6,0.4556597564988483,1,0.4763721469958333,0,0,0,0
F1,mpx_003,mpx_002,mpx_002,7,7,0.4472869360070776,1,0.4100699389693207,0,0,0,0
F1,mpx_003,mpx_002,mpx_002,8,8,0.45437150426847217,1,0.3755589383622439,0,0,0,0
F1,mpx_003,mpx_002,mpx_002,9,9,0.42563853863562884,1,0.34327367285129584,0,0,0,0
F1,mpx_003,mpx_002,mpx_002,10,10,0.3926126126126126,1,0.3235858385775278,0,0,0,0
F1,mpx_003,mpx_002,mpx_002,11,11,0.3585817888799355,1,0.3090137275269879,0,0,0,0
F1,mpx_003,mpx_002,mpx_002,12,12,0.34447916666666667,1,0.2942237256710866,0,0,0,0
F1,mpx_003,mpx_002,mpx_002,13,13,0.29640522875816994,1,0.2740776191669612,0,0,0,0
F1,mpx_003,mpx_002,mpx_002,14,14,0.2627577319587629,1,0.23229941675167062,0,0,0,1
F1,mpx_003,mpx_002,mpx_002,15,15,0.23790322580645162,1,0.22252721204222012,0,0,1,1
F1,mpx_003,mpx_002,mpx_002,16,16,0.2294352363413137,1,0.20784882462336282,0,0,1,1
F1,mpx_003,mpx_002,mpx_002,17,17,0.22189256714553404,1,0.19777409938773896,0,0,1,1
F1,mpx_003,mpx_002,mpx_002,18,18,0.12879362670713201,1,0.17846935649777382,1,1,1,1
F1,mpx_003,mpx_002,mpx_002,19,19,0.1507782101167315,1,0.16330658558019798,1,1,1,1
F1,mpx_003,mpx_002,mpx_002,20,20,0.07680457746478873,1,0.1393509568442653,1,1,1,1
F1,mpx_003,mpx_002,mpx_002,21,21,0.04848628192999054,1,0.12439924219280506,1,1,1,1
F1,mpx_003,mpx_002,mpx_002,22,22,0.031874405328258804,1,0.10939043458897224,1,1,1,1
F1,mpx_003,mpx_002,mpx_002,23,23,0.03125,1,0.1032700267400046,1,1,1,1
F1,mpx_003,mpx_002,mpx_002,24,24,0.03375337533753375,1,0.11454740306557566,1,1,1,1
F1,mpx_003,mpx_002,mpx_002,25,25,0.025257249766136577,1,0.08450108360519537,1,1,1,1
F1,mpx_003,mpx_002,mpx_002,26,26,0.025233644859813085,1,0.07230595321851978,1,1,1,1
F1,mpx_003,mpx_002,mpx_002,27,27,0.0254323499491353,1,0.07639278801755928,1,1,1,1
F1,mpx_003,mpx_002,mpx_002,28,28,0.03976190476190476,1,0.07345973387690373,1,1,1,1
F1,mpx_003,mpx_002,mpx_002,29,29,0.01708984375,1,0.06706271113367206,1,1,1,1
F1,mpx_003,mpx_002,mpx_002,30,30,0.01708984375,1,0.057848796310403135,1,1,1,1
F1,mpx_003,mpx_002,mpx_002,31,31,0.017123287671232876,1,0.054826328159876946,1,1,1,1
F1,mpx_003,mpx_002,mpx_002,32,32,0.017123287671232876,1,0.05310293588242925,1,1,1,1
F1,mpx_003,mpx_002,mpx_002,33,33,0.017123287671232876,1,0.05142949234775678,1,1,1,1
F1,mpx_003,mpx_002,mpx_002,34,34,0.017123287671232876,1,0.04980304732262438,1,1,1,1
F1,mpx_003,mpx_002,mpx_002,35,35,0.017123287671232876,1,0.048225137695685726,1,1,1,1
F1,mpx_003,mpx_002,mpx_002,36,36,0.017123287671232876,1,0.046687785738349245,1,1,1,1
F1,mpx_003,mpx_002,mpx_002,37,37,0.017123287671232876,1,0.04519054987113654,1,1,1,1
F1,mpx_003,mpx_004,mpx_004,3,3,0.590662776156732,1,0.6180229380409444,0,0,0,0
F1,mpx_003,mpx_004,mpx_004,4,4,0.5101778193729527,1,0.5350774420098733,0,0,0,0
F1,mpx_003,mpx_004,mpx_004,5,5,0.5884559884559885,1,0.5195766581995508,0,0,0,0
F1,mpx_003,mpx_004,mpx_004,6,6,0.5170893906588309,1,0.46645711995782335,0,0,0,0
F1,mpx_003,mpx_004,mpx_004,7,7,0.511353517364203,1,0.43301645359379803,0,0,0,0
F1,mpx_003,mpx_004,mpx_004,8,8,0.49756135934550033,1,0.4023974386808952,0,0,0,0
F1,mpx_003,mpx_004,mpx_004,9,9,0.4259229274611399,1,0.3844160517632025,0,0,0,0
F1,mpx_003,mpx_004,mpx_004,10,10,0.47587038952085486,1,0.3724715569048279,0,0,0,0
F1,mpx_003,mpx_004,mpx_004,11,11,0.3929170159262364,1,0.3338434452636934,0,0,0,0
F1,mpx_003,mpx_004,mpx_004,12,12,0.3393089960886571,1,0.31457957737160164,0,0,0,0
F1,mpx_003,mpx_004,mpx_004,13,13,0.3075191355245385,1,0.2962835262026717,0,0,0,0
F1,mpx_003,mpx_004,mpx_004,14,14,0.26100151745068284,1,0.2559459048774095,0,0,0,0
F1,mpx_003,mpx_004,mpx_004,15,15,0.23688524590163934,1,0.22463759289753854,0,0,0,1
F1,mpx_003,mpx_004,mpx_004,16,16,0.14719140083217752,1,0.2430414637701737,1,1,1,1
F1,mpx_003,mpx_004,mpx_004,17,17,0.12153790087463556,1,0.2062736714157568,1,1,1,1
F1,mpx_003,mpx_004,mpx_004,18,18,0.08132279534109817,1,0.18092711769282813,1,1,1,1
F1,mpx_003,mpx_004,mpx_004,19,19,0.0518783542039356,1,0.17204875005304826,1,1,1,1
F1,mpx_003,mpx_004,mpx_004,20,20,0.03936269915651359,1,0.1495618761195794,1,1,1,1
F1,mpx_003,mpx_004,mpx_004,21,21,0.0413022351797862,1,0.13431262492377405,1,1,1,1
F1,mpx_003,mpx_004,mpx_004,22,22,0.023290386521308225,1,0.13657720315526828,1,1,1,1
F1,mpx_003,mpx_004,mpx_004,23,23,0.024594320486815417,1,0.13760678886818434,1,1,1,1
F1,mpx_003,mpx_004,mpx_004,24,24,0.02447023208879919,1,0.1127549347938761,1,1,1,1
F1,mpx_003,mpx_004,mpx_004,25,25,0.011059371362048894,1,0.11211920589140491,1,1,1,1
F1,mpx_003,mpx_004,mpx_004,26,26,0.007647058823529412,1,0.09757637546727681,1,1,1,1
F1,mpx_003,mpx_004,mpx_004,27,27,0.004146919431279621,1,0.08729623587302182,1,1,1,1
F1,mpx_003,mpx_004,mpx_004,28,28,0.0031605562579013905,1,0.0841220954007023,1,1,1,1
F1,mpx_003,mpx_004,mpx_004,29,29,0.0031645569620253164,1,0.08161797484188624,1,1,1,1
F1,mpx_003,mpx_004,mpx_004,30,30,0.007362784471218206,1,0.08906473414041485,1,1,1,1
F1,mpx_003,mpx_004,mpx_004,31,31,0.007362784471218206,1,0.08338065915857829,1,1,1,1
F1,mpx_003,mpx_004,mpx_004,32,32,0.007362784471218206,1,0.07765684222689141,1,1,1,1
F1,mpx_003,mpx_004,mpx_004,33,33,0.007362784471218206,1,0.07600129104623103,1,1,1,1
F1,mpx_003,mpx_004,mpx_004,34,34,0.007362784471218206,1,0.07438357864694013,1,1,1,1
F1,mpx_003,mpx_004,mpx_004,35,35,0.007362784471218206,1,0.07281523001011571,1,1,1,1
F1,mpx_003,mpx_004,mpx_004,36,36,0.007362784471218206,1,0.07129450614859505,1,1,1,1
F1,mpx_003,mpx_005,mpx_005,3,3,0.5628006872852234,1,0.6137469772055149,0,0,0,0
F1,mpx_003,mpx_005,mpx_005,4,4,0.5604651162790698,1,0.5507484128258567,0,0,0,0
F1,mpx_003,mpx_005,mpx_005,5,5,0.5696737817156665,1,0.49669981944446995,0,0,0,0
F1,mpx_003,mpx_005,mpx_005,6,6,0.5792553191489361,1,0.4756457968182246,0,0,0,0
F1,mpx_003,mpx_005,mpx_005,7,7,0.5131138392857143,1,0.4435053400588632,0,0,0,0
F1,mpx_003,mpx_005,mpx_005,8,8,0.5186228197674418,1,0.41594631738445953,0,0,0,0
F1,mpx_003,mpx_005,mpx_005,9,9,0.4543335635359116,1,0.386955804570336,0,0,0,0
F1,mpx_003,mpx_005,mpx_005,10,10,0.40365448504983387,1,0.3646532152398541,0,0,0,0
F1,mpx_003,mpx_005,mpx_005,11,11,0.3359228753275927,1,0.32283997311417967,0,0,0,0
F1,mpx_003,mpx_005,mpx_005,12,12,0.3365584685809405,1,0.28995211825358685,0,0,0,0
F1,mpx_003,mpx_005,mpx_005,13,13,0.30169753086419754,1,0.24583341055608754,0,0,0,0
F1,mpx_003,mpx_005,mpx_005,14,14,0.2949571836346337,1,0.21455799517226315,0,0,0,1
F1,mpx_003,mpx_005,mpx_005,15,15,0.26784702549575073,1,0.20964976679184488,0,0,1,1
F1,mpx_003,mpx_005,mpx_005,16,16,0.18384714193962748,1,0.18966563409850154,0,1,1,1
F1,mpx_003,mpx_005,mpx_005,17,17,0.18648208469055375,1,0.1780206293494385,0,1,1,1
F1,mpx_003,mpx_005,mpx_005,18,18,0.15840118430792005,1,0.17235008551154765,1,1,1,1
F1,mpx_003,mpx_005,mpx_005,19,19,0.1282642089093702,1,0.1628960155315386,1,1,1,1
F1,mpx_003,mpx_005,mpx_005,20,20,0.10203252032520325,1,0.14149492599313354,1,1,1,1
F1,mpx_003,mpx_005,mpx_005,21,21,0.05615640599001664,1,0.11903971367314847,1,1,1,1
F1,mpx_003,mpx_005,mpx_005,22,22,0.05211864406779661,1,0.10380674813239132,1,1,1,1
F1,mpx_003,mpx_005,mpx_005,23,23,0.04287003610108303,1,0.09683914892047182,1,1,1,1
F1,mpx_003,mpx_005,mpx_005,24,24,0.04406307977736549,1,0.09113680860493086,1,1,1,1
F1,mpx_003,mpx_005,mpx_005,25,25,0.048676748582230624,1,0.0897163223356612,1,1,1,1
F1,mpx_003,mpx_005,mpx_005,26,26,0.04398826979472141,1,0.08721563613672706,1,1,1,1
F1,mpx_003,mpx_005,mpx_005,27,27,0.0006234413965087282,1,0.14979400455501363,1,1,1,1
F1,mpx_003,mpx_005,mpx_005,28,28,0.0006234413965087282,1,0.11266009958888094,1,1,1,1
F1,mpx_003,mpx_005,mpx_005,29,29,0.0006234413965087282,1,0.07515706301793189,1,1,1,1
F1,mpx_003,mpx_005,mpx_005,30,30,0.0006234413965087282,1,0.07335914008414086,1,1,1,1
F1,mpx_003,mpx_005,mpx_005,31,31,0.0006234413965087282,1,0.07161630359499584,1,1,1,1
F1,mpx_003,mpx_005,mpx_005,32,32,0.0006234413965087282,1,0.0699255717154988,1,1,1,1
F1,mpx_003,mpx_005,mpx_005,33,33,0.0006234413965087282,1,0.06828632959665908,1,1,1,1
F1,mpx_003,mpx_005,mpx_005,34,34,0.0006234413965087282,1,0.06669469088499687,1,1,1,1
F1,mpx_003,mpx_006,mpx_006,3,3,0.5522629310344828,1,0.6147882723764887,0,0,0,0
F1,mpx_003,mpx_006,mpx_006,4,4,0.5293321299638989,1,0.5361857812019082,0,0,0,0
F1,mpx_003,mpx_006,mpx_006,5,5,0.5594879518072289,1,0.4926164979941172,0,0,0,0
F1,mpx_003,mpx_006,mpx_006,6,6,0.527581567440296,1,0.4608304565531055,0,0,0,0
F1,mpx_003,mpx_006,mpx_006,7,7,0.5314994793474488,1,0.4270744394062721,0,0,0,0
F1,mpx_003,mpx_006,mpx_006,8,8,0.4867296045600285,1,0.38589552275499484,0,0,0,0
F1,mpx_003,mpx_006,mpx_006,9,9,0.4996242014280346,1,0.3839449288392043,0,0,0,0
F1,mpx_003,mpx_006,mpx_006,10,10,0.4318103149878851,1,0.3724979633980952,0,0,0,0
F1,mpx_003,mpx_006,mpx_006,11,11,0.4251808501991384,1,0.3530509976461251,0,0,0,0
F1,mpx_003,mpx_006,mpx_006,12,12,0.4153722009279806,1,0.3243600392218138,0,0,0,0
F1,mpx_003,mpx_006,mpx_006,13,13,0.37215391621129323,1,0.29028770579692664,0,0,0,0
F1,mpx_003,mpx_006,mpx_006,14,14,0.3720319920019995,1,0.26747142482937075,0,0,0,0
F1,mpx_003,mpx_006,mpx_006,15,15,0.3666317991631799,1,0.2575356856188041,0,0,0,0
F1,mpx_003,mpx_006,mpx_006,16,16,0.3573565406581452,1,0.24910407882292238,0,0,0,0
F1,mpx_003,mpx_006,mpx_006,17,17,0.3251412429378531,1,0.25361041608375295,0,0,0,0
F1,mpx_003,mpx_006,mpx_006,18,18,0.34622718605284664,1,0.24696673305036881,0,0,0,0
F1,mpx_003,mpx_006,mpx_006,19,19,0.33607860135818524,1,0.19622225940141,0,0,1,1
F1,mpx_003,mpx_006,mpx_006,20,20,0.31627296587926507,1,0.16149937516220916,0,1,1,1
F1,mpx_003,mpx_006,mpx_006,21,21,0.2681145852836547,1,0.162861918647861,1,1,1,1
F1,mpx_003,mpx_006,mpx_006,22,22,0.2399835627696733,1,0.13735517999317018,1,1,1,1
F1,mpx_003,mpx_006,mpx_006,23,23,0.24792485801660114,1,0.13458463572232596,1,1,1,1
F1,mpx_003,mpx_006,mpx_006,24,24,0.009059745347698335,1,0.14567230782348672,1,1,1,1
F1,mpx_003,mpx_006,mpx_006,25,25,0.0071499013806706115,1,0.1037993536201408,1,1,1,1
F1,mpx_003,mpx_006,mpx_006,26,26,0.008887614678899083,1,0.09837182866617525,1,1,1,1
F1,mpx_003,mpx_006,mpx_006,27,27,0.009548611111111112,1,0.08735239809180936,1,1,1,1
F1,mpx_003,mpx_006,mpx_006,28,28,0.009548611111111112,1,0.07434536405018775,1,1,1,1
F1,mpx_003,mpx_006,mpx_006,29,29,0.006815703380588877,1,0.07955967208365838,1,1,1,1
F1,mpx_003,mpx_006,mpx_006,30,30,0.006815703380588877,1,0.0695597911862013,1,1,1,1
F1,mpx_003,mpx_006,mpx_006,31,31,0.006815703380588877,1,0.05965977959109107,1,1,1,1
F1,mpx_003,mpx_006,mpx_006,32,32,0.006815703380588877,1,0.057935568073985956,1,1,1,1
F1,mpx_003,mpx_006,mpx_006,33,33,0.006815703380588877,1,0.056265437715266244,1,1,1,1
F1,mpx_003,mpx_006,mpx_006,34,34,0.006815703380588877,1,0.05463621561735763,1,1,1,1
F1,mpx_003,mpx_006,mpx_006,35,35,0.006815703380588877,1,0.05305535614433455,1,1,1,1
F1,mpx_003,mpx_006,mpx_006,36,36,0.006815703380588877,1,0.05151939709649873,1,1,1,1
F1,mpx_003,mpx_007,mpx_007,3,3,0.5713629684055841,1,0.5761463720544477,0,0,0,0
F1,mpx_003,mpx_007,mpx_007,4,4,0.5879883169039796,1,0.5204843580059402,0,0,0,0
F1,mpx_003,mpx_007,mpx_007,5,5,0.5646131339401821,1,0.48841313030467803,0,0,0,0
F1,mpx_003,mpx_007,mpx_007,6,6,0.5452755905511811,1,0.4520117091149291,0,0,0,0
F1,mpx_003,mpx_007,mpx_007,7,7,0.5093905031892275,1,0.4140429595269323,0,0,0,0
F1,mpx_003,mpx_007,mpx_007,8,8,0.5081967213114754,1,0.3796477791475576,0,0,0,0
F1,mpx_003,mpx_007,mpx_007,9,9,0.5191801119525847,1,0.37017694203762064,0,0,0,0
F1,mpx_003,mpx_007,mpx_007,10,10,0.41336971350613916,1,0.328888754628749,0,0,0,0
F1,mpx_003,mpx_007,mpx_007,11,11,0.3713063763608087,1,0.29994028244236476,0,0,0,0
F1,mpx_003,mpx_007,mpx_007,12,12,0.3737157534246575,1,0.27165546152262166,0,0,0,0
F1,mpx_003,mpx_007,mpx_007,13,13,0.3789752650176678,1,0.2612160118422517,0,0,0,0
F1,mpx_003,mpx_007,mpx_007,14,14,0.2511415525114155,1,0.2599034186267105,0,0,0,0
F1,mpx_003,mpx_007,mpx_007,15,15,0.2351413733410271,1,0.23801401126804053,0,0,0,1
F1,mpx_003,mpx_007,mpx_007,16,16,0.2286144578313253,1,0.21193057861524425,0,0,0,1
F1,mpx_003,mpx_007,mpx_007,17,17,0.24084967320261438,1,0.22220915368418945,0,0,0,1
F1,mpx_003,mpx_007,mpx_007,18,18,0.2018970189701897,1,0.18147034030186118,0,1,1,1
F1,mpx_003,mpx_007,mpx_007,19,19,0.15934065934065933,1,0.145021594119234,1,1,1,1
F1,mpx_003,mpx_007,mpx_007,20,20,0.13500816993464052,1,0.1451027019416892,1,1,1,1
F1,mpx_003,mpx_007,mpx_007,21,21,0.12793132328308207,1,0.13978821523618176,1,1,1,1
F1,mpx_003,mpx_007,mpx_007,22,22,0.05521032504780115,1,0.11569692591092731,1,1,1,1
F1,mpx_003,mpx_007,mpx_007,23,23,0.059591642924976256,1,0.1092162488618557,1,1,1,1
F1,mpx_003,mpx_007,mpx_007,24,24,0.049664107485604604,1,0.1008730143130791,1,1,1,1
F1,mpx_003,mpx_007,mpx_007,25,25,0.029572564612326043,1,0.0960786916328736,1,1,1,1
F1,mpx_003,mpx_007,mpx_007,26,26,0.006929637526652452,1,0.07896391901749292,1,1,1,1
F1,mpx_003,mpx_007,mpx_007,27,27,0.0054525627044711015,1,0.07304775045436149,1,1,1,1
F1,mpx_003,mpx_007,mpx_007,28,28,0.005580357142857143,1,0.07067591729505251,1,1,1,1
F1,mpx_003,mpx_007,mpx_007,29,29,0.005861664712778429,1,0.06944493488739734,1,1,1,1
F1,mpx_003,mpx_007,mpx_007,30,30,0.005861664712778429,1,0.06437362408600313,1,1,1,1
F1,mpx_003,mpx_007,mpx_007,31,31,0.005861664712778429,1,0.06103902450970371,1,1,1,1
F1,mpx_003,mpx_007,mpx_007,32,32,0.005861664712778429,1,0.059339499343632404,1,1,1,1
F1,mpx_003,mpx_007,mpx_007,33,33,0.005861664712778429,1,0.057686850865912534,1,1,1,1
F1,mpx_003,mpx_007,mpx_007,34,34,0.005861664712778429,1,0.056083194104247655,1,1,1,1
F1,mpx_003,mpx_007,mpx_007,35,35,0.005861664712778429,1,0.05448796424371345,1,1,1,1
F1,mpx_003,mpx_008,mpx_008,3,3,0.5806645316253003,1,0.6224086102561663,0,0,0,0
F1,mpx_003,mpx_008,mpx_008,4,4,0.5477707006369427,1,0.5474264613086929,0,0,0,0
F1,mpx_003,mpx_008,mpx_008,5,5,0.5409054805401112,1,0.49897105376732376,0,0,0,0
F1,mpx_003,mpx_008,mpx_008,6,6,0.48241539482415396,1,0.4720209951091322,0,0,0,0
F1,mpx_003,mpx_008,mpx_008,7,7,0.5043092018032352,1,0.41977838788740096,0,0,0,0
F1,mpx_003,mpx_008,mpx_008,8,8,0.5109121432568551,1,0.38783125163851667,0,0,0,0
F1,mpx_003,mpx_008,mpx_008,9,9,0.45834842448388263,1,0.35257918022485973,0,0,0,0
F1,mpx_003,mpx_008,mpx_008,10,10,0.44056992875890516,1,0.31765568513300574,0,0,0,0
F1,mpx_003,mpx_008,mpx_008,11,11,0.4366615561517823,1,0.2969242271426725,0,0,0,0
F1,mpx_003,mpx_008,mpx_008,12,12,0.4267362505018065,1,0.28949619022615763,0,0,0,0
F1,mpx_003,mpx_008,mpx_008,13,13,0.38734965635738833,1,0.28823276941894677,0,0,0,0
F1,mpx_003,mpx_008,mpx_008,14,14,0.3309228650137741,1,0.2878191553937736,0,0,0,0
F1,mpx_003,mpx_008,mpx_008,15,15,0.33606020942408377,1,0.2581108005330582,0,0,0,0
F1,mpx_003,mpx_008,mpx_008,16,16,0.31599903474903474,1,0.22301394374145483,0,0,0,0
F1,mpx_003,mpx_008,mpx_008,17,17,0.16896758703481393,1,0.2269868967882648,0,0,1,1
F1,mpx_003,mpx_008,mpx_008,18,18,0.16964285714285715,1,0.19879552520141325,0,0,1,1
F1,mpx_003,mpx_008,mpx_008,19,19,0.1518375241779497,1,0.16828748468090204,0,1,1,1
F1,mpx_003,mpx_008,mpx_008,20,20,0.16741935483870968,1,0.16121244829113993,1,1,1,1
F1,mpx_003,mpx_008,mpx_008,21,21,0.16293706293706295,1,0.1478706067231232,1,1,1,1
F1,mpx_003,mpx_008,mpx_008,22,22,0.13515037593984963,1,0.15031296606031774,1,1,1,1
F1,mpx_003,mpx_008,mpx_008,23,23,0.13372093023255813,1,0.14310811101425092,1,1,1,1
F1,mpx_003,mpx_008,mpx_008,24,24,0.08333333333333333,1,0.14542444530261686,1,1,1,1
F1,mpx_003,mpx_008,mpx_008,25,25,0.028110599078341014,1,0.10772061452336572,1,1,1,1
F1,mpx_003,mpx_008,mpx_008,26,26,0.014558232931726908,1,0.09177565028243863,1,1,1,1
F1,mpx_003,mpx_008,mpx_008,27,27,0.018819938962360123,1,0.0742421030532949,1,1,1,1
F1,mpx_003,mpx_008,mpx_008,28,28,0.021538461538461538,1,0.07092913824705369,1,1,1,1
F1,mpx_003,mpx_008,mpx_008,29,29,0.021538461538461538,1,0.06476275321524928,1,1,1,1
F1,mpx_003,mpx_008,mpx_008,30,30,0.021538461538461538,1,0.059928275526747996,1,1,1,1
F1,mpx_003,mpx_008,mpx_008,31,31,0.021538461538461538,1,0.058167530868612136,1,1,1,1
F1,mpx_003,mpx_008,mpx_008,32,32,0.021538461538461538,1,0.05646234059728421,1,1,1,1
F1,mpx_003,mpx_008,mpx_008,33,33,0.021538461538461538,1,0.054806596081411765,1,1,1,1
F1,mpx_003,mpx_008,mpx_008,34,34,0.021538461538461538,1,0.05319810567403148,1,1,1,1
F1,mpx_003,mpx_008,mpx_008,35,35,0.021538461538461538,1,0.05161788041796335,1,1,1,1
F1,mpx_003,mpx_009,mpx_009,3,3,0.6009525588345163,1,0.6172505818251678,0,0,0,0
F1,mpx_003,mpx_009,mpx_009,4,4,0.5832457062740974,1,0.5435249154279673,0,0,0,0
F1,mpx_003,mpx_009,mpx_009,5,5,0.5904588112617309,1,0.4974645967486571,0,0,0,0
F1,mpx_003,mpx_009,mpx_009,6,6,0.5553923263048738,1,0.4823752709709533,0,0,0,0
F1,mpx_003,mpx_009,mpx_009,7,7,0.5278614457831325,1,0.44515876379506436,0,0,0,0
F1,mpx_003,mpx_009,mpx_009,8,8,0.5185741088180112,1,0.417106535932896,0,0,0,0
F1,mpx_003,mpx_009,mpx_009,9,9,0.4286544850498339,1,0.3811876785053287,0,0,0,0
F1,mpx_003,mpx_009,mpx_009,10,10,0.387208067940552,1,0.35441375470173725,0,0,0,0
F1,mpx_003,mpx_009,mpx_009,11,11,0.36305408702724684,1,0.3156646553215734,0,0,0,0
F1,mpx_003,mpx_009,mpx_009,12,12,0.2995147772386414,1,0.2961744312006368,0,0,0,0
F1,mpx_003,mpx_009,mpx_009,13,13,0.2857637286571297,1,0.278945157737739,0,0,0,0
F1,mpx_003,mpx_009,mpx_009,14,14,0.275997150997151,1,0.2606871013723036,0,0,0,0
F1,mpx_003,mpx_009,mpx_009,15,15,0.22767100056529113,1,0.26164031476910937,0,0,0,0
F1,mpx_003,mpx_009,mpx_009,16,16,0.22663316582914572,1,0.25169692098363444,0,0,0,0
F1,mpx_003,mpx_009,mpx_009,17,17,0.21324324324324323,1,0.20169458305024815,0,0,1,1
F1,mpx_003,mpx_009,mpx_009,18,18,0.1872391174716756,1,0.17100713776212112,0,1,1,1
F1,mpx_003,mpx_009,mpx_009,19,19,0.1583956492182189,1,0.17378582375334303,1,1,1,1
F1,mpx_003,mpx_009,mpx_009,20,20,0.15264255910987481,1,0.16333533629569388,1,1,1,1
F1,mpx_003,mpx_009,mpx_009,21,21,0.15331010452961671,1,0.154866152417525,1,1,1,1
F1,mpx_003,mpx_009,mpx_009,22,22,0.13173400673400673,1,0.14674492155258514,1,1,1,1
F1,mpx_003,mpx_009,mpx_009,23,23,0.05953533397870281,1,0.12429436604929985,1,1,1,1
F1,mpx_003,mpx_009,mpx_009,24,24,0.051521099116781155,1,0.10751940745052319,1,1,1,1
F1,mpx_003,mpx_009,mpx_009,25,25,0.030692549842602307,1,0.10509541909670907,1,1,1,1
F1,mpx_003,mpx_009,mpx_009,26,26,0.03054662379421222,1,0.10409890972232914,1,1,1,1
F1,mpx_003,mpx_009,mpx_009,27,27,0.025485436893203883,1,0.11319309051055185,1,1,1,1
F1,mpx_003,mpx_009,mpx_009,28,28,0.029069767441860465,1,0.09796475322597209,1,1,1,1
F1,mpx_003,mpx_009,mpx_009,29,29,0.029069767441860465,1,0.09184111529251855,1,1,1,1
F1,mpx_003,mpx_009,mpx_009,30,30,0.029069767441860465,1,0.08037922348351588,1,1,1,1
F1,mpx_003,mpx_009,mpx_009,31,31,0.029069767441860465,1,0.07860994789669463,1,1,1,1
F1,mpx_003,mpx_009,mpx_009,32,32,0.029069767441860465,1,0.07688779776858219,1,1,1,1
F1,mpx_003,mpx_009,mpx_009,33,33,0.029069767441860465,1,0.07521573424867968,1,1,1,1
F1,mpx_003,mpx_009,mpx_009,34,34,0.029069767441860465,1,0.07359191709029338,1,1,1,1
F1,mpx_003,mpx_009,mpx_009,35,35,0.029069767441860465,1,0.07201341941660065,1,1,1,1
F1,mpx_003,mpx_009,mpx_009,36,36,0.029069767441860465,1,0.07047878646973844,1,1,1,1
F1,mpx_003,mpx_010,mpx_010,3,3,0.552521805081532,1,0.6275120698410942,0,0,0,0
F1,mpx_003,mpx_010,mpx_010,4,4,0.5508203281312525,1,0.5574676460222145,0,0,0,0
F1,mpx_003,mpx_010,mpx_010,5,5,0.5225806451612903,1,0.5073694658751846,0,0,0,0
F1,mpx_003,mpx_010,mpx_010,6,6,0.5197324966974901,1,0.48899515868919075,0,0,0,0
F1,mpx_003,mpx_010,mpx_010,7,7,0.44289844597036504,1,0.44674064458301743,0,0,0,0
F1,mpx_003,mpx_010,mpx_010,8,8,0.4455322178711285,1,0.4164349103290908,0,0,0,0
F1,mpx_003,mpx_010,mpx_010,9,9,0.4187617850408548,1,0.38791698547189896,0,0,0,0
F1,mpx_003,mpx_010,mpx_010,10,10,0.37011854951185497,1,0.37067491868354374,0,0,0,0
F1,mpx_003,mpx_010,mpx_010,11,11,0.29808037316110514,1,0.33713570078921884,0,0,0,0
F1,mpx_003,mpx_010,mpx_010,12,12,0.27196485623003197,1,0.3084448857540183,0,0,0,0
F1,mpx_003,mpx_010,mpx_010,13,13,0.2615878843506195,1,0.2819561823975785,0,0,0,0
F1,mpx_003,mpx_010,mpx_010,14,14,0.2495287464655985,1,0.26793799676797364,0,0,0,0
F1,mpx_003,mpx_010,mpx_010,15,15,0.24621212121212122,1,0.2597137511619306,0,0,0,0
F1,mpx_003,mpx_010,mpx_010,16,16,0.18739205526770294,1,0.26207194411766294,0,0,0,0
F1,mpx_003,mpx_010,mpx_010,17,17,0.23773908778813144,1,0.24966934659480938,0,0,0,0
F1,mpx_003,mpx_010,mpx_010,18,18,0.20613079019073569,1,0.20193292720094347,0,0,1,1
F1,mpx_003,mpx_010,mpx_010,19,19,0.17786144578313254,1,0.17257627913721046,0,1,1,1
F1,mpx_003,mpx_010,mpx_010,20,20,0.14017800381436746,1,0.1748832999663889,0,1,1,1
F1,mpx_003,mpx_010,mpx_010,21,21,0.13618677042801555,1,0.16130575061495034,0,1,1,1
F1,mpx_003,mpx_010,mpx_010,22,22,0.13420195439739413,1,0.15041520303192113,0,1,1,1
F1,mpx_003,mpx_010,mpx_010,23,23,0.15037983425414364,1,0.1556567186570494,1,1,1,1
F1,mpx_003,mpx_010,mpx_010,24,24,0.15037983425414364,1,0.14191733671903037,1,1,1,1
F1,mpx_003,mpx_010,mpx_010,25,25,0.14086294416243655,1,0.1198316219223462,1,1,1,1
F1,mpx_003,mpx_010,mpx_010,26,26,0.0668429003021148,1,0.10905247313687223,1,1,1,1
F1,mpx_003,mpx_010,mpx_010,27,27,0.0583969465648855,1,0.09495395759206278,1,1,1,1
F1,mpx_003,mpx_010,mpx_010,28,28,0.041701244813278006,1,0.08932532957761102,1,1,1,1
F1,mpx_003,mpx_010,mpx_010,29,29,0.04515209125475285,1,0.08793388455398438,1,1,1,1
F1,mpx_003,mpx_010,mpx_010,30,30,0.036650485436893206,1,0.0856640305169494,1,1,1,1
F1,mpx_003,mpx_010,mpx_010,31,31,0.009746588693957114,1,0.1079993170048916,1,1,1,1
F1,mpx_003,mpx_010,mpx_010,32,32,0.009606147934678195,1,0.07687325726304273,1,1,1,1
F1,mpx_003,mpx_010,mpx_010,33,33,0.009606147934678195,1,0.044945548727533556,1,1,1,1
F1,mpx_003,mpx_010,mpx_010,34,34,0.009606147934678195,1,0.04257289217266428,1,1,1,1
F1,mpx_003,mpx_010,mpx_010,35,35,0.009606147934678195,1,0.04099638834308534,1,1,1,1
F1,mpx_003,mpx_010,mpx_010,36,36,0.009606147934678195,1,0.03945933643218159,1,1,1,1
F1,mpx_003,mpx_010,mpx_010,37,37,0.009606147934678195,1,0.03796222997443984,1,1,1,1
F1,mpx_003,mpx_010,mpx_010,38,38,0.009606147934678195,1,0.036505614637108504,1,1,1,1
F1,mpx_003,mpx_010,mpx_010,39,39,0.009606147934678195,1,0.03508419823763818,1,1,1,1
F1,mpx_003,mpx_010,mpx_010,40,40,0.009606147934678195,1,0.03367908478722965,1,1,1,1
F1,mpx_004,mpx_001,mpx_001,3,3,0.6065005620082428,1,0.6265924763936229,0,0,0,0
F1,mpx_004,mpx_001,mpx_001,4,4,0.5217815344603381,1,0.5458076171871271,0,0,0,0
F1,mpx_004,mpx_001,mpx_001,5,5,0.5769379097570382,1,0.5003860085631177,0,0,0,0
F1,mpx_004,mpx_001,mpx_001,6,6,0.5556057866184448,1,0.487901105184984,0,0,0,0
F1,mpx_004,mpx_001,mpx_001,7,7,0.5194575471698113,1,0.44545541014701495,0,0,0,0
F1,mpx_004,mpx_001,mpx_001,8,8,0.5017568517217147,1,0.4158235359328213,0,0,0,0
F1,mpx_004,mpx_001,mpx_001,9,9,0.5049001814882033,1,0.3757887820375919,0,0,0,0
F1,mpx_004,mpx_001,mpx_001,10,10,0.4974719101123595,1,0.34835717122021176,0,0,0,0
F1,mpx_004,mpx_001,mpx_001,11,11,0.4577831827658096,1,0.36004437035627707,0,0,0,0
F1,mpx_004,mpx_001,mpx_001,12,12,0.4615817091454273,1,0.33440895772940465,0,0,0,0
F1,mpx_004,mpx_001,mpx_001,13,13,0.3973174030658251,1,0.3178266497181296,0,0,0,0
F1,mpx_004,mpx_001,mpx_001,14,14,0.3569379238393323,1,0.29272340143237735,0,0,0,0
F1,mpx_004,mpx_001,mpx_001,15,15,0.3658119658119658,1,0.26297369962388606,0,0,0,0
F1,mpx_004,mpx_001,mpx_001,16,16,0.3568019093078759,1,0.2513571913386379,0,0,0,0
F1,mpx_004,mpx_001,mpx_001,17,17,0.3432256059664388,1,0.24661056742253462,0,0,0,0
F1,mpx_004,mpx_001,mpx_001,18,18,0.3432256059664388,1,0.2358111391643946,0,0,0,0
F1,mpx_004,mpx_001,mpx_001,19,19,0.34108412322274884,1,0.2406753795871889,0,0,0,0
F1,mpx_004,mpx_001,mpx_001,20,20,0.2252106286454958,1,0.21376599671754384,0,1,1,1
F1,mpx_004,mpx_001,mpx_001,21,21,0.17652899126290708,1,0.16300230578519856,1,1,1,1
F1,mpx_004,mpx_001,mpx_001,22,22,0.10955518945634267,1,0.14348716342067105,1,1,1,1
F1,mpx_004,mpx_001,mpx_001,23,23,0.12847555129434324,1,0.13111747071751748,1,1,1,1
F1,mpx_004,mpx_001,mpx_001,24,24,0.11339937434827946,1,0.1081810987097027,1,1,1,1
F1,mpx_004,mpx_001,mpx_001,25,25,0.11037934668071654,1,0.09667587688864335,1,1,1,1
F1,mpx_004,mpx_001,mpx_001,26,26,0.10059012875536481,1,0.09150625281888655,1,1,1,1
F1,mpx_004,mpx_001,mpx_001,27,27,0.056598407281001135,1,0.091426605428383,1,1,1,1
F1,mpx_004,mpx_001,mpx_001,28,28,0.08451086956521739,1,0.08339589615128536,1,1,1,1
F1,mpx_004,mpx_001,mpx_001,29,29,0.07377049180327869,1,0.07416432716157499,1,1,1,1
F1,mpx_004,mpx_001,mpx_001,30,30,0.07377049180327869,1,0.06754043887346728,1,1,1,1
F1,mpx_004,mpx_001,mpx_001,31,31,0.07377049180327869,1,0.06427965320106308,1,1,1,1
F1,mpx_004,mpx_001,mpx_001,32,32,0.07377049180327869,1,0.06259583777980132,1,1,1,1
F1,mpx_004,mpx_001,mpx_001,33,33,0.07377049180327869,1,0.06096146806939457,1,1,1,1
F1,mpx_004,mpx_001,mpx_001,34,34,0.07377049180327869,1,0.05937412531203574,1,1,1,1
F1,mpx_004,mpx_001,mpx_001,35,35,0.07377049180327869,1,0.057828044822401455,1,1,1,1
F1,mpx_004,mpx_002,mpx_002,3,3,0.5828273244781784,1,0.6264690838305924,0,0,0,0
F1,mpx_004,mpx_002,mpx_002,4,4,0.5582010582010583,1,0.5490921085473706,0,0,0,0
F1,mpx_004,mpx_002,mpx_002,5,5,0.5757695343330702,1,0.5032849742711948,0,0,0,0
F1,mpx_004,mpx_002,mpx_002,6,6,0.4556597564988483,1,0.48431190775430866,0,0,0,0
F1,mpx_004,mpx_002,mpx_002,7,7,0.4472869360070776,1,0.41982179738422604,0,0,0,0
F1,mpx_004,mpx_002,mpx_002,8,8,0.45437150426847217,1,0.38376272615562795,0,0,0,0
F1,mpx_004,mpx_002,mpx_002,9,9,0.42563853863562884,1,0.3503735223679765,0,0,0,0
F1,mpx_004,mpx_002,mpx_002,10,10,0.3926126126126126,1,0.3297260233639672,0,0,0,0
F1,mpx_004,mpx_002,mpx_002,11,11,0.3585817888799355,1,0.3156041652787043,0,0,0,0
F1,mpx_004,mpx_002,mpx_002,12,12,0.34447916666666667,1,0.303729004895465,0,0,0,0
F1,mpx_004,mpx_002,mpx_002,13,13,0.29640522875816994,1,0.28308000485494483,0,0,0,0
F1,mpx_004,mpx_002,mpx_002,14,14,0.2627577319587629,1,0.23961922554172754,0,0,0,1
F1,mpx_004,mpx_002,mpx_002,15,15,0.23790322580645162,1,0.23108843368405543,0,0,1,1
F1,mpx_004,mpx_002,mpx_002,16,16,0.2294352363413137,1,0.21570866962850108,0,0,1,1
F1,mpx_004,mpx_002,mpx_002,17,17,0.22189256714553404,1,0.20550266078141485,0,0,1,1
F1,mpx_004,mpx_002,mpx_002,18,18,0.12879362670713201,1,0.19083046946895704,1,1,1,1
F1,mpx_004,mpx_002,mpx_002,19,19,0.1507782101167315,1,0.1744905121909099,1,1,1,1
F1,mpx_004,mpx_002,mpx_002,20,20,0.07680457746478873,1,0.14971266866107655,1,1,1,1
F1,mpx_004,mpx_002,mpx_002,21,21,0.04848628192999054,1,0.13418596742373093,1,1,1,1
F1,mpx_004,mpx_002,mpx_002,22,22,0.031874405328258804,1,0.11872716643209408,1,1,1,1
F1,mpx_004,mpx_002,mpx_002,23,23,0.03125,1,0.11191159455684467,1,1,1,1
F1,mpx_004,mpx_002,mpx_002,24,24,0.03375337533753375,1,0.1270253870488487,1,1,1,1
F1,mpx_004,mpx_002,mpx_002,25,25,0.025257249766136577,1,0.09628378308258047,1,1,1,1
F1,mpx_004,mpx_002,mpx_002,26,26,0.025233644859813085,1,0.08188497256410615,1,1,1,1
F1,mpx_004,mpx_002,mpx_002,27,27,0.0254323499491353,1,0.08655121999260681,1,1,1,1
F1,mpx_004,mpx_002,mpx_002,28,28,0.03976190476190476,1,0.08482359311895028,1,1,1,1
F1,mpx_004,mpx_002,mpx_002,29,29,0.01708984375,1,0.0778411483288427,1,1,1,1
F1,mpx_004,mpx_002,mpx_002,30,30,0.01708984375,1,0.06699625205171253,1,1,1,1
F1,mpx_004,mpx_002,mpx_002,31,31,0.017123287671232876,1,0.0637008865409924,1,1,1,1
F1,mpx_004,mpx_002,mpx_002,32,32,0.017123287671232876,1,0.06202298351573063,1,1,1,1
F1,mpx_004,mpx_002,mpx_002,33,33,0.017123287671232876,1,0.060393588918964985,1,1,1,1
F1,mpx_004,mpx_002,mpx_002,34,34,0.017123287671232876,1,0.058809838951216026,1,1,1,1
F1,mpx_004,mpx_002,mpx_002,35,35,0.017123287671232876,1,0.05727340480627477,1,1,1,1
F1,mpx_004,mpx_002,mpx_002,36,36,0.017123287671232876,1,0.0557763088348584,1,1,1,1
F1,mpx_004,mpx_002,mpx_002,37,37,0.017123287671232876,1,0.0543181996130008,1,1,1,1
F1,mpx_004,mpx_003,mpx_003,3,3,0.5955643707176344,1,0.6201054386116828,0,0,0,0
F1,mpx_004,mpx_003,mpx_003,4,4,0.5693963860053826,1,0.5488590004500367,0,0,0,0
F1,mpx_004,mpx_003,mpx_003,5,5,0.595224171539961,1,0.5033754017814961,0,0,0,0
F1,mpx_004,mpx_003,mpx_003,6,6,0.5647433747064743,1,0.4912691561282355,0,0,0,0
F1,mpx_004,mpx_003,mpx_003,7,7,0.5831946755407654,1,0.46737607937051395,0,0,0,0
F1,mpx_004,mpx_003,mpx_003,8,8,0.5078179291174427,1,0.43561896896387586,0,0,0,0
F1,mpx_004,mpx_003,mpx_003,9,9,0.5019812680115274,1,0.4056326202675675,0,0,0,0
F1,mpx_004,mpx_003,mpx_003,10,10,0.539460020768432,1,0.39262388830522854,0,0,0,0
F1,mpx_004,mpx_003,mpx_003,11,11,0.5115842204132749,1,0.3752038103898086,0,0,0,0
F1,mpx_004,mpx_003,mpx_003,12,12,0.4670428524697416,1,0.35152995461222086,0,0,0,0
F1,mpx_004,mpx_003,mpx_003,13,13,0.42064914376742335,1,0.31512634830463265,0,0,0,0
F1,mpx_004,mpx_003,mpx_003,14,14,0.37399193548387094,1,0.292419455002408,0,0,0,0
F1,mpx_004,mpx_003,mpx_003,15,15,0.3703125,1,0.27634856160357996,0,0,0,0
F1,mpx_004,mpx_003,mpx_003,16,16,0.37266059686393527,1,0.26724085872274783,0,0,0,0
F1,mpx_004,mpx_003,mpx_003,17,17,0.3661631419939577,1,0.2735248170940491,0,0,0,0
F1,mpx_004,mpx_003,mpx_003,18,18,0.2889531345100426,1,0.2680113474579095,0,0,0,0
F1,mpx_004,mpx_003,mpx_003,19,19,0.3002776064157927,1,0.24284198277358066,0,0,0,1
F1,mpx_004,mpx_003,mpx_003,20,20,0.3047153024911032,1,0.22593710295674138,0,0,0,1
F1,mpx_004,mpx_003,mpx_003,21,21,0.29255698005698005,1,0.19721743562802974,0,1,1,1
F1,mpx_004,mpx_003,mpx_003,22,22,0.2615881458966565,1,0.1807815820096603,1,1,1,1
F1,mpx_004,mpx_003,mpx_003,23,23,0.182062966031483,1,0.16048352151205542,1,1,1,1
F1,mpx_004,mpx_003,mpx_003,24,24,0.1799913569576491,1,0.1340373320357053,1,1,1,1
F1,mpx_004,mpx_003,mpx_003,25,25,0.14772727272727273,1,0.12448732718990162,1,1,1,1
F1,mpx_004,mpx_003,mpx_003,26,26,0.15691021126760563,1,0.11517835348092496,1,1,1,1
F1,mpx_004,mpx_003,mpx_003,27,27,0.14925373134328357,1,0.10395191763349183,1,1,1,1
F1,mpx_004,mpx_003,mpx_003,28,28,0.11656118143459916,1,0.09214016964095795,1,1,1,1
F1,mpx_004,mpx_003,mpx_003,29,29,0.01066925315227934,1,0.08518978496885386,1,1,1,1
F1,mpx_004,mpx_003,mpx_003,30,30,0.018649669499527857,1,0.08748739676094225,1,1,1,1
F1,mpx_004,mpx_003,mpx_003,31,31,0.011560693641618497,1,0.07425607788067508,1,1,1,1
F1,mpx_004,mpx_003,mpx_003,32,32,0.009471585244267198,1,0.05866244963773672,1,1,1,1
F1,mpx_004,mpx_003,mpx_003,33,33,0.008655804480651732,1,0.053530762632347614,1,1,1,1
F1,mpx_004,mpx_003,mpx_003,34,34,0.008655804480651732,1,0.04978768515224861,1,1,1,1
F1,mpx_004,mpx_003,mpx_003,35,35,0.008655804480651732,1,0.047549487265977276,1,1,1,1
F1,mpx_004,mpx_003,mpx_003,36,36,0.008655804480651732,1,0.0460340990008005,1,1,1,1
F1,mpx_004,mpx_003,mpx_003,37,37,0.008655804480651732,1,0.04455512905582782,1,1,1,1
F1,mpx_004,mpx_003,mpx_003,38,38,0.008655804480651732,1,0.04311877632163481,1,1,1,1
F1,mpx_004,mpx_003,mpx_003,39,39,0.008655804480651732,1,0.04171544973336253,1,1,1,1
F1,mpx_004,mpx_003,mpx_003,40,40,0.008655804480651732,1,0.04034215845269717,1,1,1,1
F1,mpx_004,mpx_003,mpx_003,41,41,0.008655804480651732,1,0.03900511582278123,1,1,1,1
F1,mpx_004,mpx_005,mpx_005,3,3,0.5628006872852234,1,0.623016758592384,0,0,0,0
F1,mpx_004,mpx_005,mpx_005,4,4,0.5604651162790698,1,0.5588962031728648,0,0,0,0
F1,mpx_004,mpx_005,mpx_005,5,5,0.5696737817156665,1,0.5020286039220309,0,0,0,0
F1,mpx_004,mpx_005,mpx_005,6,6,0.5792553191489361,1,0.48147183927455284,0,0,0,0
F1,mpx_004,mpx_005,mpx_005,7,7,0.5131138392857143,1,0.45049418455402174,0,0,0,0
F1,mpx_004,mpx_005,mpx_005,8,8,0.5186228197674418,1,0.422941652349746,0,0,0,0
F1,mpx_004,mpx_005,mpx_005,9,9,0.4543335635359116,1,0.39582871534294195,0,0,0,0
F1,mpx_004,mpx_005,mpx_005,10,10,0.40365448504983387,1,0.37413729865662243,0,0,0,0
F1,mpx_004,mpx_005,mpx_005,11,11,0.3359228753275927,1,0.3321739972074774,0,0,0,0
F1,mpx_004,mpx_005,mpx_005,12,12,0.3365584685809405,1,0.30031328527411827,0,0,0,0
F1,mpx_004,mpx_005,mpx_005,13,13,0.30169753086419754,1,0.254666897305915,0,0,0,0
F1,mpx_004,mpx_005,mpx_005,14,14,0.2949571836346337,1,0.220923649142573,0,0,0,1
F1,mpx_004,mpx_005,mpx_005,15,15,0.26784702549575073,1,0.21778715118565042,0,0,1,1
F1,mpx_004,mpx_005,mpx_005,16,16,0.18384714193962748,1,0.19904918874059174,0,1,1,1
F1,mpx_004,mpx_005,mpx_005,17,17,0.18648208469055375,1,0.18586909989898964,0,1,1,1
F1,mpx_004,mpx_005,mpx_005,18,18,0.15840118430792005,1,0.1805090443097757,1,1,1,1
F1,mpx_004,mpx_005,mpx_005,19,19,0.1282642089093702,1,0.1711426679925403,1,1,1,1
F1,mpx_004,mpx_005,mpx_005,20,20,0.10203252032520325,1,0.1511745673250135,1,1,1,1
F1,mpx_004,mpx_005,mpx_005,21,21,0.05615640599001664,1,0.13005323826501966,1,1,1,1
F1,mpx_004,mpx_005,mpx_005,22,22,0.05211864406779661,1,0.11312988093218623,1,1,1,1
F1,mpx_004,mpx_005,mpx_005,23,23,0.04287003610108303,1,0.10667361968559483,1,1,1,1
F1,mpx_004,mpx_005,mpx_005,24,24,0.04406307977736549,1,0.10030179567819102,1,1,1,1
F1,mpx_004,mpx_005,mpx_005,25,25,0.048676748582230624,1,0.09934244408395494,1,1,1,1
F1,mpx_004,mpx_005,mpx_005,26,26,0.04398826979472141,1,0.09661054837948352,1,1,1,1
F1,mpx_004,mpx_005,mpx_005,27,27,0.0006234413965087282,1,0.17418655619688606,1,1,1,1
F1,mpx_004,mpx_005,mpx_005,28,28,0.0006234413965087282,1,0.12890082590996896,1,1,1,1
F1,mpx_004,mpx_005,mpx_005,29,29,0.0006234413965087282,1,0.08313016042163035,1,1,1,1
F1,mpx_004,mpx_005,mpx_005,30,30,0.0006234413965087282,1,0.08138364679101237,1,1,1,1
F1,mpx_004,mpx_005,mpx_005,31,31,0.0006234413965087282,1,0.07969050084586587,1,1,1,1
F1,mpx_004,mpx_005,mpx_005,32,32,0.0006234413965087282,1,0.07804785429639363,1,1,1,1
F1,mpx_004,mpx_005,mpx_005,33,33,0.0006234413965087282,1,0.07645521312463197,1,1,1,1
F1,mpx_004,mpx_005,mpx_005,34,34,0.0006234413965087282,1,0.07490877272182156,1,1,1,1
F1,mpx_004,mpx_006,mpx_006,3,3,0.5522629310344828,1,0.6240088619879129,0,0,0,0
F1,mpx_004,mpx_006,mpx_006,4,4,0.5293321299638989,1,0.5433698309921945,0,0,0,0
F1,mpx_004,mpx_006,mpx_006,5,5,0.5594879518072289,1,0.49809327317481283,0,0,0,0
F1,mpx_004,mpx_006,mpx_006,6,6,0.527581567440296,1,0.4690759935545537,0,0,0,0
F1,mpx_004,mpx_006,mpx_006,7,7,0.5314994793474488,1,0.4348408817398419,0,0,0,0
F1,mpx_004,mpx_006,mpx_006,8,8,0.4867296045600285,1,0.39057648887472884,0,0,0,0
F1,mpx_004,mpx_006,mpx_006,9,9,0.4996242014280346,1,0.39000575422081635,0,0,0,0
F1,mpx_004,mpx_006,mpx_006,10,10,0.4318103149878851,1,0.3819018684376914,0,0,0,0
F1,mpx_004,mpx_006,mpx_006,11,11,0.4251808501991384,1,0.36397464708142696,0,0,0,0
F1,mpx_004,mpx_006,mpx_006,12,12,0.4153722009279806,1,0.3354203129325492,0,0,0,0
F1,mpx_004,mpx_006,mpx_006,13,13,0.37215391621129323,1,0.2983373638525692,0,0,0,0
F1,mpx_004,mpx_006,mpx_006,14,14,0.3720319920019995,1,0.27369674081604856,0,0,0,0
F1,mpx_004,mpx_006,mpx_006,15,15,0.3666317991631799,1,0.2634584555488175,0,0,0,0
F1,mpx_004,mpx_006,mpx_006,16,16,0.3573565406581452,1,0.2548899172954463,0,0,0,0
F1,mpx_004,mpx_006,mpx_006,17,17,0.3251412429378531,1,0.26131728370455165,0,0,0,0
F1,mpx_004,mpx_006,mpx_006,18,18,0.34622718605284664,1,0.25990194204010764,0,0,0,0
F1,mpx_004,mpx_006,mpx_006,19,19,0.33607860135818524,1,0.2076434333456675,0,0,1,1
F1,mpx_004,mpx_006,mpx_006,20,20,0.31627296587926507,1,0.1691600825765266,0,1,1,1
F1,mpx_004,mpx_006,mpx_006,21,21,0.2681145852836547,1,0.17418937170849427,1,1,1,1
F1,mpx_004,mpx_006,mpx_006,22,22,0.2399835627696733,1,0.14995779183338867,1,1,1,1
F1,mpx_004,mpx_006,mpx_006,23,23,0.24792485801660114,1,0.1498083101762311,1,1,1,1
F1,mpx_004,mpx_006,mpx_006,24,24,0.009059745347698335,1,0.17465935018079248,1,1,1,1
F1,mpx_004,mpx_006,mpx_006,25,25,0.0071499013806706115,1,0.12274162927448892,1,1,1,1
F1,mpx_004,mpx_006,mpx_006,26,26,0.008887614678899083,1,0.11239946031517238,1,1,1,1
F1,mpx_004,mpx_006,mpx_006,27,27,0.009548611111111112,1,0.09858862269917364,1,1,1,1
F1,mpx_004,mpx_006,mpx_006,28,28,0.009548611111111112,1,0.08258127933074025,1,1,1,1
F1,mpx_004,mpx_006,mpx_006,29,29,0.006815703380588877,1,0.09199105636932364,1,1,1,1
F1,mpx_004,mpx_006,mpx_006,30,30,0.006815703380588877,1,0.07987281028982743,1,1,1,1
F1,mpx_004,mpx_006,mpx_006,31,31,0.006815703380588877,1,0.06785261907873748,1,1,1,1
F1,mpx_004,mpx_006,mpx_006,32,32,0.006815703380588877,1,0.0661882761022428,1,1,1,1
F1,mpx_004,mpx_006,mpx_006,33,33,0.006815703380588877,1,0.06457617916182685,1,1,1,1
F1,mpx_004,mpx_006,mpx_006,34,34,0.006815703380588877,1,0.06300319395588637,1,1,1,1
F1,mpx_004,mpx_006,mpx_006,35,35,0.006815703380588877,1,0.061476949170531134,1,1,1,1
F1,mpx_004,mpx_006,mpx_006,36,36,0.006815703380588877,1,0.059994068754972193,1,1,1,1
F1,mpx_004,mpx_007,mpx_007,3,3,0.5713629684055841,1,0.5839410920825213,0,0,0,0
F1,mpx_004,mpx_007,mpx_007,4,4,0.5879883169039796,1,0.5263799777890219,0,0,0,0
F1,mpx_004,mpx_007,mpx_007,5,5,0.5646131339401821,1,0.49702515758177634,0,0,0,0
F1,mpx_004,mpx_007,mpx_007,6,6,0.5452755905511811,1,0.4596715091280542,0,0,0,0
F1,mpx_004,mpx_007,mpx_007,7,7,0.5093905031892275,1,0.42149206929021715,0,0,0,0
F1,mpx_004,mpx_007,mpx_007,8,8,0.5081967213114754,1,0.385662621982035,0,0,0,0
F1,mpx_004,mpx_007,mpx_007,9,9,0.5191801119525847,1,0.3775751973311205,0,0,0,0
F1,mpx_004,mpx_007,mpx_007,10,10,0.41336971350613916,1,0.3388748177847559,0,0,0,0
F1,mpx_004,mpx_007,mpx_007,11,11,0.3713063763608087,1,0.30805280073479246,0,0,0,0
F1,mpx_004,mpx_007,mpx_007,12,12,0.3737157534246575,1,0.2788447655715769,0,0,0,0
F1,mpx_004,mpx_007,mpx_007,13,13,0.3789752650176678,1,0.2682199325008404,0,0,0,0
F1,mpx_004,mpx_007,mpx_007,14,14,0.2511415525114155,1,0.2698867368138009,0,0,0,0
F1,mpx_004,mpx_007,mpx_007,15,15,0.2351413733410271,1,0.2465685301933312,0,0,0,1
F1,mpx_004,mpx_007,mpx_007,16,16,0.2286144578313253,1,0.219054699421964,0,0,0,1
F1,mpx_004,mpx_007,mpx_007,17,17,0.24084967320261438,1,0.23103792279818663,0,0,0,1
F1,mpx_004,mpx_007,mpx_007,18,18,0.2018970189701897,1,0.1914223908330944,0,1,1,1
F1,mpx_004,mpx_007,mpx_007,19,19,0.15934065934065933,1,0.15362117381577708,1,1,1,1
F1,mpx_004,mpx_007,mpx_007,20,20,0.13500816993464052,1,0.15537125113389444,1,1,1,1
F1,mpx_004,mpx_007,mpx_007,21,21,0.12793132328308207,1,0.14952503009302492,1,1,1,1
F1,mpx_004,mpx_007,mpx_007,22,22,0.05521032504780115,1,0.12545062349286423,1,1,1,1
F1,mpx_004,mpx_007,mpx_007,23,23,0.059591642924976256,1,0.11898209407198095,1,1,1,1
F1,mpx_004,mpx_007,mpx_007,24,24,0.049664107485604604,1,0.10964857502197542,1,1,1,1
F1,mpx_004,mpx_007,mpx_007,25,25,0.029572564612326043,1,0.10570926018054552,1,1,1,1
F1,mpx_004,mpx_007,mpx_007,26,26,0.006929637526652452,1,0.08886894585340288,1,1,1,1
F1,mpx_004,mpx_007,mpx_007,27,27,0.0054525627044711015,1,0.08281109709638339,1,1,1,1
F1,mpx_004,mpx_007,mpx_007,28,28,0.005580357142857143,1,0.08026000626584165,1,1,1,1
F1,mpx_004,mpx_007,mpx_007,29,29,0.005861664712778429,1,0.07899596572462654,1,1,1,1
F1,mpx_004,mpx_007,mpx_007,30,30,0.005861664712778429,1,0.07326298748477753,1,1,1,1
F1,mpx_004,mpx_007,mpx_007,31,31,0.005861664712778429,1,0.06963117154620223,1,1,1,1
F1,mpx_004,mpx_007,mpx_007,32,32,0.005861664712778429,1,0.06797703465084108,1,1,1,1
F1,mpx_004,mpx_007,mpx_007,33,33,0.005861664712778429,1,0.06636831274115541,1,1,1,1
F1,mpx_004,mpx_007,mpx_007,34,34,0.005861664712778429,1,0.0648072669383513,1,1,1,1
F1,mpx_004,mpx_007,mpx_007,35,35,0.005861664712778429,1,0.06325295727889778,1,1,1,1
F1,mpx_004,mpx_008,mpx_008,3,3,0.5806645316253003,1,0.6315443765354278,0,0,0,0
F1,mpx_004,mpx_008,mpx_008,4,4,0.5477707006369427,1,0.5547633756166404,0,0,0,0
F1,mpx_004,mpx_008,mpx_008,5,5,0.5409054805401112,1,0.5046162172974138,0,0,0,0
F1,mpx_004,mpx_008,mpx_008,6,6,0.48241539482415396,1,0.481914828842078,0,0,0,0
F1,mpx_004,mpx_008,mpx_008,7,7,0.5043092018032352,1,0.42982455806701036,0,0,0,0
F1,mpx_004,mpx_008,mpx_008,8,8,0.5109121432568551,1,0.39630075177174034,0,0,0,0
F1,mpx_004,mpx_008,mpx_008,9,9,0.45834842448388263,1,0.3602525864041024,0,0,0,0
F1,mpx_004,mpx_008,mpx_008,10,10,0.44056992875890516,1,0.32463384094662595,0,0,0,0
F1,mpx_004,mpx_008,mpx_008,11,11,0.4366615561517823,1,0.3026023068017855,0,0,0,0
F1,mpx_004,mpx_008,mpx_008,12,12,0.4267362505018065,1,0.295751987602836,0,0,0,0
F1,mpx_004,mpx_008,mpx_008,13,13,0.38734965635738833,1,0.2956153586689271,0,0,0,0
F1,mpx_004,mpx_008,mpx_008,14,14,0.3309228650137741,1,0.29808969729133017,0,0,0,0
F1,mpx_004,mpx_008,mpx_008,15,15,0.33606020942408377,1,0.2674628982998549,0,0,0,0
F1,mpx_004,mpx_008,mpx_008,16,16,0.31599903474903474,1,0.23026492609141533,0,0,0,0
F1,mpx_004,mpx_008,mpx_008,17,17,0.16896758703481393,1,0.24006776024425813,0,0,1,1
F1,mpx_004,mpx_008,mpx_008,18,18,0.16964285714285715,1,0.20871994126734159,0,0,1,1
F1,mpx_004,mpx_008,mpx_008,19,19,0.1518375241779497,1,0.17653092211187327,0,1,1,1
F1,mpx_004,mpx_008,mpx_008,20,20,0.16741935483870968,1,0.17032139142906402,1,1,1,1
F1,mpx_004,mpx_008,mpx_008,21,21,0.16293706293706295,1,0.1561006282705323,1,1,1,1
F1,mpx_004,mpx_008,mpx_008,22,22,0.13515037593984963,1,0.15905507492792373,1,1,1,1
F1,mpx_004,mpx_008,mpx_008,23,23,0.13372093023255813,1,0.1515386226615321,1,1,1,1
F1,mpx_004,mpx_008,mpx_008,24,24,0.08333333333333333,1,0.15770209424480977,1,1,1,1
F1,mpx_004,mpx_008,mpx_008,25,25,0.028110599078341014,1,0.11984488109287449,1,1,1,1
F1,mpx_004,mpx_008,mpx_008,26,26,0.014558232931726908,1,0.10373427492713609,1,1,1,1
F1,mpx_004,mpx_008,mpx_008,27,27,0.018819938962360123,1,0.0840942857754846,1,1,1,1
F1,mpx_004,mpx_008,mpx_008,28,28,0.021538461538461538,1,0.08089493742617211,1,1,1,1
F1,mpx_004,mpx_008,mpx_008,29,29,0.021538461538461538,1,0.0738293695227187,1,1,1,1
F1,mpx_004,mpx_008,mpx_008,30,30,0.021538461538461538,1,0.06838325166233244,1,1,1,1
F1,mpx_004,mpx_008,mpx_008,31,31,0.021538461538461538,1,0.06667414503997221,1,1,1,1
F1,mpx_004,mpx_008,mpx_008,32,32,0.021538461538461538,1,0.06501894906848363,1,1,1,1
F1,mpx_004,mpx_008,mpx_008,33,33,0.021538461538461538,1,0.06341162454888002,1,1,1,1
F1,mpx_004,mpx_008,mpx_008,34,34,0.021538461538461538,1,0.06185008282814011,1,1,1,1
F1,mpx_004,mpx_008,mpx_008,35,35,0.021538461538461538,1,0.06031522843581291,1,1,1,1
F1,mpx_004,mpx_009,mpx_009,3,3,0.6009525588345163,1,0.6260361723376132,0,0,0,0
F1,mpx_004,mpx_009,mpx_009,4,4,0.5832457062740974,1,0.5510864821872007,0,0,0,0
F1,mpx_004,mpx_009,mpx_009,5,5,0.5904588112617309,1,0.5034537363842208,0,0,0,0
F1,mpx_004,mpx_009,mpx_009,6,6,0.5553923263048738,1,0.4891722491251084,0,0,0,0
F1,mpx_004,mpx_009,mpx_009,7,7,0.5278614457831325,1,0.452840440495109,0,0,0,0
F1,mpx_004,mpx_009,mpx_009,8,8,0.5185741088180112,1,0.4240280808592721,0,0,0,0
F1,mpx_004,mpx_009,mpx_009,9,9,0.4286544850498339,1,0.38966808854300183,0,0,0,0
F1,mpx_004,mpx_009,mpx_009,10,10,0.387208067940552,1,0.36405503066372563,0,0,0,0
F1,mpx_004,mpx_009,mpx_009,11,11,0.36305408702724684,1,0.32299167004173085,0,0,0,0
F1,mpx_004,mpx_009,mpx_009,12,12,0.2995147772386414,1,0.3041336422557982,0,0,0,0
F1,mpx_004,mpx_009,mpx_009,13,13,0.2857637286571297,1,0.2857103741280561,0,0,0,0
F1,mpx_004,mpx_009,mpx_009,14,14,0.275997150997151,1,0.26679587124019405,0,0,0,0
F1,mpx_004,mpx_009,mpx_009,15,15,0.22767100056529113,1,0.26912291654685166,0,0,0,0
F1,mpx_004,mpx_009,mpx_009,16,16,0.22663316582914572,1,0.26300201656677874,0,0,0,0
F1,mpx_004,mpx_009,mpx_009,17,17,0.21324324324324323,1,0.21155337766222404,0,0,1,1
F1,mpx_004,mpx_009,mpx_009,18,18,0.1872391174716756,1,0.17846497657034532,0,1,1,1
F1,mpx_004,mpx_009,mpx_009,19,19,0.1583956492182189,1,0.18312290525732117,1,1,1,1
F1,mpx_004,mpx_009,mpx_009,20,20,0.15264255910987481,1,0.1720934534216679,1,1,1,1
F1,mpx_004,mpx_009,mpx_009,21,21,0.15331010452961671,1,0.1628864542584562,1,1,1,1
F1,mpx_004,mpx_009,mpx_009,22,22,0.13173400673400673,1,0.15877475225133697,1,1,1,1
F1,mpx_004,mpx_009,mpx_009,23,23,0.05953533397870281,1,0.13606761268987042,1,1,1,1
F1,mpx_004,mpx_009,mpx_009,24,24,0.051521099116781155,1,0.11676931367366557,1,1,1,1
F1,mpx_004,mpx_009,mpx_009,25,25,0.030692549842602307,1,0.11738979651989877,1,1,1,1
F1,mpx_004,mpx_009,mpx_009,26,26,0.03054662379421222,1,0.11628512444571722,1,1,1,1
F1,mpx_004,mpx_009,mpx_009,27,27,0.025485436893203883,1,0.12522848673173764,1,1,1,1
F1,mpx_004,mpx_009,mpx_009,28,28,0.029069767441860465,1,0.10906381102429076,1,1,1,1
F1,mpx_004,mpx_009,mpx_009,29,29,0.029069767441860465,1,0.10207446073913544,1,1,1,1
F1,mpx_004,mpx_009,mpx_009,30,30,0.029069767441860465,1,0.08862951297071701,1,1,1,1
F1,mpx_004,mpx_009,mpx_009,31,31,0.029069767441860465,1,0.08691167139577873,1,1,1,1
F1,mpx_004,mpx_009,mpx_009,32,32,0.029069767441860465,1,0.08523921551777262,1,1,1,1
F1,mpx_004,mpx_009,mpx_009,33,33,0.029069767441860465,1,0.0836152826465648,1,1,1,1
F1,mpx_004,mpx_009,mpx_009,34,34,0.029069767441860465,1,0.0820381394650435,1,1,1,1
F1,mpx_004,mpx_009,mpx_009,35,35,0.029069767441860465,1,0.08050494203488738,1,1,1,1
F1,mpx_004,mpx_009,mpx_009,36,36,0.029069767441860465,1,0.07901432595693055,1,1,1,1
F1,mpx_004,mpx_010,mpx_010,3,3,0.552521805081532,1,0.6365519525539594,0,0,0,0
F1,mpx_004,mpx_010,mpx_010,4,4,0.5508203281312525,1,0.5651096562891615,0,0,0,0
F1,mpx_004,mpx_010,mpx_010,5,5,0.5225806451612903,1,0.5128149976708954,0,0,0,0
F1,mpx_004,mpx_010,mpx_010,6,6,0.5197324966974901,1,0.49555558374448405,0,0,0,0
F1,mpx_004,mpx_010,mpx_010,7,7,0.44289844597036504,1,0.45325966175428833,0,0,0,0
F1,mpx_004,mpx_010,mpx_010,8,8,0.4455322178711285,1,0.42302649072818893,0,0,0,0
F1,mpx_004,mpx_010,mpx_010,9,9,0.4187617850408548,1,0.39693330415534317,0,0,0,0
F1,mpx_004,mpx_010,mpx_010,10,10,0.37011854951185497,1,0.37840706019304665,0,0,0,0
F1,mpx_004,mpx_010,mpx_010,11,11,0.29808037316110514,1,0.34737794360122354,0,0,0,0
F1,mpx_004,mpx_010,mpx_010,12,12,0.27196485623003197,1,0.31673963140787353,0,0,0,0
F1,mpx_004,mpx_010,mpx_010,13,13,0.2615878843506195,1,0.28872944211093704,0,0,0,0
F1,mpx_004,mpx_010,mpx_010,14,14,0.2495287464655985,1,0.2738064099062435,0,0,0,0
F1,mpx_004,mpx_010,mpx_010,15,15,0.24621212121212122,1,0.26550917517106604,0,0,0,0
F1,mpx_004,mpx_010,mpx_010,16,16,0.18739205526770294,1,0.26910878710672564,0,0,0,0
F1,mpx_004,mpx_010,mpx_010,17,17,0.23773908778813144,1,0.2615695780752246,0,0,0,0
F1,mpx_004,mpx_010,mpx_010,18,18,0.20613079019073569,1,0.21200325982449977,0,0,1,1
F1,mpx_004,mpx_010,mpx_010,19,19,0.17786144578313254,1,0.17998180257837906,0,1,1,1
F1,mpx_004,mpx_010,mpx_010,20,20,0.14017800381436746,1,0.18466413102316273,0,1,1,1
F1,mpx_004,mpx_010,mpx_010,21,21,0.13618677042801555,1,0.17016639499583316,0,1,1,1
F1,mpx_004,mpx_010,mpx_010,22,22,0.13420195439739413,1,0.1578936386141142,0,1,1,1
F1,mpx_004,mpx_010,mpx_010,23,23,0.15037983425414364,1,0.1660959368499891,1,1,1,1
F1,mpx_004,mpx_010,mpx_010,24,24,0.15037983425414364,1,0.15071979231272106,1,1,1,1
F1,mpx_004,mpx_010,mpx_010,25,25,0.14086294416243655,1,0.1288270801916203,1,1,1,1
F1,mpx_004,mpx_010,mpx_010,26,26,0.0668429003021148,1,0.12085416090625742,1,1,1,1
F1,mpx_004,mpx_010,mpx_010,27,27,0.0583969465648855,1,0.10460926876734673,1,1,1,1
F1,mpx_004,mpx_010,mpx_010,28,28,0.041701244813278006,1,0.10019869435054933,1,1,1,1
F1,mpx_004,mpx_010,mpx_010,29,29,0.04515209125475285,1,0.09802955002378026,1,1,1,1
F1,mpx_004,mpx_010,mpx_010,30,30,0.036650485436893206,1,0.09554778748660978,1,1,1,1
F1,mpx_004,mpx_010,mpx_010,31,31,0.009746588693957114,1,0.13091750586271614,1,1,1,1
F1,mpx_004,mpx_010,mpx_010,32,32,0.009606147934678195,1,0.09308140715952122,1,1,1,1
F1,mpx_004,mpx_010,mpx_010,33,33,0.009606147934678195,1,0.053978707110427286,1,1,1,1
F1,mpx_004,mpx_010,mpx_010,34,34,0.009606147934678195,1,0.05146908175034813,1,1,1,1
F1,mpx_004,mpx_010,mpx_010,35,35,0.009606147934678195,1,0.049943000274854,1,1,1,1
F1,mpx_004,mpx_010,mpx_010,36,36,0.009606147934678195,1,0.0484549045867151,1,1,1,1
F1,mpx_004,mpx_010,mpx_010,37,37,0.009606147934678195,1,0.04700539297052479,1,1,1,1
F1,mpx_004,mpx_010,mpx_010,38,38,0.009606147934678195,1,0.04559510830334389,1,1,1,1
F1,mpx_004,mpx_010,mpx_010,39,39,0.009606147934678195,1,0.04421879479271533,1,1,1,1
F1,mpx_004,mpx_010,mpx_010,40,40,0.009606147934678195,1,0.04285746140018139,1,1,1,1
F1,mpx_005,mpx_001,mpx_001,3,3,0.6065005620082428,1,0.6252349339654653,0,0,0,0
F1,mpx_005,mpx_001,mpx_001,4,4,0.5217815344603381,1,0.5441887427671013,0,0,0,0
F1,mpx_005,mpx_001,mpx_001,5,5,0.5769379097570382,1,0.4985337021204509,0,0,0,0
F1,mpx_005,mpx_001,mpx_001,6,6,0.5556057866184448,1,0.486548723797923,0,0,0,0
F1,mpx_005,mpx_001,mpx_001,7,7,0.5194575471698113,1,0.4436251747032609,0,0,0,0
F1,mpx_005,mpx_001,mpx_001,8,8,0.5017568517217147,1,0.41381557437256117,0,0,0,0
F1,mpx_005,mpx_001,mpx_001,9,9,0.5049001814882033,1,0.3736068753253338,0,0,0,0
F1,mpx_005,mpx_001,mpx_001,10,10,0.4974719101123595,1,0.34583362656036765,0,0,0,0
F1,mpx_005,mpx_001,mpx_001,11,11,0.4577831827658096,1,0.35811016092044606,0,0,0,0
F1,mpx_005,mpx_001,mpx_001,12,12,0.4615817091454273,1,0.33213923251877564,0,0,0,0
F1,mpx_005,mpx_001,mpx_001,13,13,0.3973174030658251,1,0.31546833306625477,0,0,0,0
F1,mpx_005,mpx_001,mpx_001,14,14,0.3569379238393323,1,0.29000883937164534,0,0,0,0
F1,mpx_005,mpx_001,mpx_001,15,15,0.3658119658119658,1,0.25991891304520975,0,0,0,0
F1,mpx_005,mpx_001,mpx_001,16,16,0.3568019093078759,1,0.24819077915654683,0,0,0,0
F1,mpx_005,mpx_001,mpx_001,17,17,0.3432256059664388,1,0.24355005928821766,0,0,0,0
F1,mpx_005,mpx_001,mpx_001,18,18,0.3432256059664388,1,0.23263240817430741,0,0,0,0
F1,mpx_005,mpx_001,mpx_001,19,19,0.34108412322274884,1,0.2379332499269601,0,0,0,0
F1,mpx_005,mpx_001,mpx_001,20,20,0.2252106286454958,1,0.2108194906898224,0,1,1,1
F1,mpx_005,mpx_001,mpx_001,21,21,0.17652899126290708,1,0.15947626548916494,1,1,1,1
F1,mpx_005,mpx_001,mpx_001,22,22,0.10955518945634267,1,0.1399868596956769,1,1,1,1
F1,mpx_005,mpx_001,mpx_001,23,23,0.12847555129434324,1,0.1275876346884043,1,1,1,1
F1,mpx_005,mpx_001,mpx_001,24,24,0.11339937434827946,1,0.10456527908646109,1,1,1,1
F1,mpx_005,mpx_001,mpx_001,25,25,0.11037934668071654,1,0.09305434249332338,1,1,1,1
F1,mpx_005,mpx_001,mpx_001,26,26,0.10059012875536481,1,0.08793303131759471,1,1,1,1
F1,mpx_005,mpx_001,mpx_001,27,27,0.056598407281001135,1,0.08793549767644768,1,1,1,1
F1,mpx_005,mpx_001,mpx_001,28,28,0.08451086956521739,1,0.07992759628854726,1,1,1,1
F1,mpx_005,mpx_001,mpx_001,29,29,0.07377049180327869,1,0.070683692913274,1,1,1,1
F1,mpx_005,mpx_001,mpx_001,30,30,0.07377049180327869,1,0.06403636444931915,1,1,1,1
F1,mpx_005,mpx_001,mpx_001,31,31,0.07377049180327869,1,0.06078154153345476,1,1,1,1
F1,mpx_005,mpx_001,mpx_001,32,32,0.07377049180327869,1,0.05911603934279132,1,1,1,1
F1,mpx_005,mpx_001,mpx_001,33,33,0.07377049180327869,1,0.05749944454783788,1,1,1,1
F1,mpx_005,mpx_001,mpx_001,34,34,0.07377049180327869,1,0.055929364851623156,1,1,1,1
F1,mpx_005,mpx_001,mpx_001,35,35,0.07377049180327869,1,0.05440009759412856,1,1,1,1
F1,mpx_005,mpx_002,mpx_002,3,3,0.5828273244781784,1,0.624941361947873,0,0,0,0
F1,mpx_005,mpx_002,mpx_002,4,4,0.5582010582010583,1,0.5474589583021602,0,0,0,0
F1,mpx_005,mpx_002,mpx_002,5,5,0.5757695343330702,1,0.5014164726682444,0,0,0,0
F1,mpx_005,mpx_002,mpx_002,6,6,0.4556597564988483,1,0.48284844196219545,0,0,0,0
F1,mpx_005,mpx_002,mpx_002,7,7,0.4472869360070776,1,0.4176189934393202,0,0,0,0
F1,mpx_005,mpx_002,mpx_002,8,8,0.45437150426847217,1,0.38120586833083886,0,0,0,0
F1,mpx_005,mpx_002,mpx_002,9,9,0.42563853863562884,1,0.34749626513944454,0,0,0,0
F1,mpx_005,mpx_002,mpx_002,10,10,0.3926126126126126,1,0.3266863626059203,0,0,0,0
F1,mpx_005,mpx_002,mpx_002,11,11,0.3585817888799355,1,0.31250188784798394,0,0,0,0
F1,mpx_005,mpx_002,mpx_002,12,12,0.34447916666666667,1,0.30071215916425115,0,0,0,0
F1,mpx_005,mpx_002,mpx_002,13,13,0.29640522875816994,1,0.2798808219494767,0,0,0,0
F1,mpx_005,mpx_002,mpx_002,14,14,0.2627577319587629,1,0.23598769807401476,0,0,0,1
F1,mpx_005,mpx_002,mpx_002,15,15,0.23790322580645162,1,0.2275673975343237,0,0,1,1
F1,mpx_005,mpx_002,mpx_002,16,16,0.2294352363413137,1,0.2121173087874107,0,0,1,1
F1,mpx_005,mpx_002,mpx_002,17,17,0.22189256714553404,1,0.2019571900312958,0,0,1,1
F1,mpx_005,mpx_002,mpx_002,18,18,0.12879362670713201,1,0.1871873287810283,1,1,1,1
F1,mpx_005,mpx_002,mpx_002,19,19,0.1507782101167315,1,0.17084826975426745,1,1,1,1
F1,mpx_005,mpx_002,mpx_002,20,20,0.07680457746478873,1,0.1459962802345639,1,1,1,1
F1,mpx_005,mpx_002,mpx_002,21,21,0.04848628192999054,1,0.1304550934711237,1,1,1,1
F1,mpx_005,mpx_002,mpx_002,22,22,0.031874405328258804,1,0.11499922688495084,1,1,1,1
F1,mpx_005,mpx_002,mpx_002,23,23,0.03125,1,0.10820002843506261,1,1,1,1
F1,mpx_005,mpx_002,mpx_002,24,24,0.03375337533753375,1,0.12336528906844864,1,1,1,1
F1,mpx_005,mpx_002,mpx_002,25,25,0.025257249766136577,1,0.0924899388508673,1,1,1,1
F1,mpx_005,mpx_002,mpx_002,26,26,0.025233644859813085,1,0.07811583770712786,1,1,1,1
F1,mpx_005,mpx_002,mpx_002,27,27,0.0254323499491353,1,0.08285538639797134,1,1,1,1
F1,mpx_005,mpx_002,mpx_002,28,28,0.03976190476190476,1,0.08114354405957162,1,1,1,1
F1,mpx_005,mpx_002,mpx_002,29,29,0.01708984375,1,0.0742115826396861,1,1,1,1
F1,mpx_005,mpx_002,mpx_002,30,30,0.01708984375,1,0.06338609628121145,1,1,1,1
F1,mpx_005,mpx_002,mpx_002,31,31,0.017123287671232876,1,0.06010948301917307,1,1,1,1
F1,mpx_005,mpx_002,mpx_002,32,32,0.017123287671232876,1,0.0584480060379364,1,1,1,1
F1,mpx_005,mpx_002,mpx_002,33,33,0.017123287671232876,1,0.05683457517864399,1,1,1,1
F1,mpx_005,mpx_002,mpx_002,34,34,0.017123287671232876,1,0.05526635379433162,1,1,1,1
F1,mpx_005,mpx_002,mpx_002,35,35,0.017123287671232876,1,0.053744978683257644,1,1,1,1
F1,mpx_005,mpx_002,mpx_002,36,36,0.017123287671232876,1,0.05226257200341941,1,1,1,1
F1,mpx_005,mpx_002,mpx_002,37,37,0.017123287671232876,1,0.05081877767516396,1,1,1,1
F1,mpx_005,mpx_003,mpx_003,3,3,0.5955643707176344,1,0.6186397452905481,0,0,0,0
F1,mpx_005,mpx_003,mpx_003,4,4,0.5693963860053826,1,0.547357914391295,0,0,0,0
F1,mpx_005,mpx_003,mpx_003,5,5,0.595224171539961,1,0.5016407885243663,0,0,0,0
F1,mpx_005,mpx_003,mpx_003,6,6,0.5647433747064743,1,0.48993754731005373,0,0,0,0
F1,mpx_005,mpx_003,mpx_003,7,7,0.5831946755407654,1,0.46593440332463315,0,0,0,0
F1,mpx_005,mpx_003,mpx_003,8,8,0.5078179291174427,1,0.43388489284929066,0,0,0,0
F1,mpx_005,mpx_003,mpx_003,9,9,0.5019812680115274,1,0.4035713684777365,0,0,0,0
F1,mpx_005,mpx_003,mpx_003,10,10,0.539460020768432,1,0.39066538760675024,0,0,0,0
F1,mpx_005,mpx_003,mpx_003,11,11,0.5115842204132749,1,0.3731989549500928,0,0,0,0
F1,mpx_005,mpx_003,mpx_003,12,12,0.4670428524697416,1,0.3493124766390943,0,0,0,0
F1,mpx_005,mpx_003,mpx_003,13,13,0.42064914376742335,1,0.31246346278610365,0,0,0,0
F1,mpx_005,mpx_003,mpx_003,14,14,0.37399193548387094,1,0.28950197528800614,0,0,0,0
F1,mpx_005,mpx_003,mpx_003,15,15,0.3703125,1,0.2733544230123476,0,0,0,0
F1,mpx_005,mpx_003,mpx_003,16,16,0.37266059686393527,1,0.26421825491021544,0,0,0,0
F1,mpx_005,mpx_003,mpx_003,17,17,0.3661631419939577,1,0.2707746669784999,0,0,0,0
F1,mpx_005,mpx_003,mpx_003,18,18,0.2889531345100426,1,0.2653260421222849,0,0,0,0
F1,mpx_005,mpx_003,mpx_003,19,19,0.3002776064157927,1,0.23988712588919672,0,0,0,1
F1,mpx_005,mpx_003,mpx_003,20,20,0.3047153024911032,1,0.22282518047963823,0,0,0,1
F1,mpx_005,mpx_003,mpx_003,21,21,0.29255698005698005,1,0.1938551518444946,0,1,1,1
F1,mpx_005,mpx_003,mpx_003,22,22,0.2615881458966565,1,0.17739537154269383,1,1,1,1
F1,mpx_005,mpx_003,mpx_003,23,23,0.182062966031483,1,0.15702992186246847,1,1,1,1
F1,mpx_005,mpx_003,mpx_003,24,24,0.1799913569576491,1,0.13048326532344615,1,1,1,1
F1,mpx_005,mpx_003,mpx_003,25,25,0.14772727272727273,1,0.12095258566844012,1,1,1,1
F1,mpx_005,mpx_003,mpx_003,26,26,0.15691021126760563,1,0.11165951603221867,1,1,1,1
F1,mpx_005,mpx_003,mpx_003,27,27,0.14925373134328357,1,0.10042983344159144,1,1,1,1
F1,mpx_005,mpx_003,mpx_003,28,28,0.11656118143459916,1,0.08861195880300834,1,1,1,1
F1,mpx_005,mpx_003,mpx_003,29,29,0.01066925315227934,1,0.0816475479945946,1,1,1,1
F1,mpx_005,mpx_003,mpx_003,30,30,0.018649669499527857,1,0.08398096655137831,1,1,1,1
F1,mpx_005,mpx_003,mpx_003,31,31,0.011560693641618497,1,0.07075197391158498,1,1,1,1
F1,mpx_005,mpx_003,mpx_003,32,32,0.009471585244267198,1,0.0551356249897378,1,1,1,1
F1,mpx_005,mpx_003,mpx_003,33,33,0.008655804480651732,1,0.05004020282648067,1,1,1,1
F1,mpx_005,mpx_003,mpx_003,34,34,0.008655804480651732,1,0.046307322828390104,1,1,1,1
F1,mpx_005,mpx_003,mpx_003,35,35,0.008655804480651732,1,0.044081817173431376,1,1,1,1
F1,mpx_005,mpx_003,mpx_003,36,36,0.008655804480651732,1,0.042580056673439365,1,1,1,1
F1,mpx_005,mpx_003,mpx_003,37,37,0.008655804480651732,1,0.04111440430745403,1,1,1,1
F1,mpx_005,mpx_003,mpx_003,38,38,0.008655804480651732,1,0.03969097466930119,1,1,1,1
F1,mpx_005,mpx_003,mpx_003,39,39,0.008655804480651732,1,0.038300288560903145,1,1,1,1
F1,mpx_005,mpx_003,mpx_003,40,40,0.008655804480651732,1,0.036939385785382736,1,1,1,1
F1,mpx_005,mpx_003,mpx_003,41,41,0.008655804480651732,1,0.03561439679682772,1,1,1,1
F1,mpx_005,mpx_004,mpx_004,3,3,0.590662776156732,1,0.6246398522736145,0,0,0,0
F1,mpx_005,mpx_004,mpx_004,4,4,0.5101778193729527,1,0.5381099641535343,0,0,0,0
F1,mpx_005,mpx_004,mpx_004,5,5,0.5884559884559885,1,0.5253042452095598,0,0,0,0
F1,mpx_005,mpx_004,mpx_004,6,6,0.5170893906588309,1,0.4712047062469932,0,0,0,0
F1,mpx_005,mpx_004,mpx_004,7,7,0.511353517364203,1,0.43750708872081423,0,0,0,0
F1,mpx_005,mpx_004,mpx_004,8,8,0.49756135934550033,1,0.40489381745497927,0,0,0,0
F1,mpx_005,mpx_004,mpx_004,9,9,0.4259229274611399,1,0.3869781379838174,0,0,0,0
F1,mpx_005,mpx_004,mpx_004,10,10,0.47587038952085486,1,0.3816555306715362,0,0,0,0
F1,mpx_005,mpx_004,mpx_004,11,11,0.3929170159262364,1,0.3415329179451754,0,0,0,0
F1,mpx_005,mpx_004,mpx_004,12,12,0.3393089960886571,1,0.3208122534562431,0,0,0,0
F1,mpx_005,mpx_004,mpx_004,13,13,0.3075191355245385,1,0.3057722902339411,0,0,0,0
F1,mpx_005,mpx_004,mpx_004,14,14,0.26100151745068284,1,0.26228230408099523,0,0,0,0
F1,mpx_005,mpx_004,mpx_004,15,15,0.23688524590163934,1,0.22760715205421142,0,0,0,1
F1,mpx_005,mpx_004,mpx_004,16,16,0.14719140083217752,1,0.2575775201093343,1,1,1,1
F1,mpx_005,mpx_004,mpx_004,17,17,0.12153790087463556,1,0.21487779993968034,1,1,1,1
F1,mpx_005,mpx_004,mpx_004,18,18,0.08132279534109817,1,0.19051012590104083,1,1,1,1
F1,mpx_005,mpx_004,mpx_004,19,19,0.0518783542039356,1,0.181267805360802,1,1,1,1
F1,mpx_005,mpx_004,mpx_004,20,20,0.03936269915651359,1,0.15597532505254252,1,1,1,1
F1,mpx_005,mpx_004,mpx_004,21,21,0.0413022351797862,1,0.14098838915692297,1,1,1,1
F1,mpx_005,mpx_004,mpx_004,22,22,0.023290386521308225,1,0.14533308206872148,1,1,1,1
F1,mpx_005,mpx_004,mpx_004,23,23,0.024594320486815417,1,0.15335111623030323,1,1,1,1
F1,mpx_005,mpx_004,mpx_004,24,24,0.02447023208879919,1,0.12369627202284983,1,1,1,1
F1,mpx_005,mpx_004,mpx_004,25,25,0.011059371362048894,1,0.1215828090080392,1,1,1,1
F1,mpx_005,mpx_004,mpx_004,26,26,0.007647058823529412,1,0.10519513925912692,1,1,1,1
F1,mpx_005,mpx_004,mpx_004,27,27,0.004146919431279621,1,0.09300290721326604,1,1,1,1
F1,mpx_005,mpx_004,mpx_004,28,28,0.0031605562579013905,1,0.0893655796959579,1,1,1,1
F1,mpx_005,mpx_004,mpx_004,29,29,0.0031645569620253164,1,0.08674998946483312,1,1,1,1
F1,mpx_005,mpx_004,mpx_004,30,30,0.007362784471218206,1,0.09548394873343306,1,1,1,1
F1,mpx_005,mpx_004,mpx_004,31,31,0.007362784471218206,1,0.08892831586798337,1,1,1,1
F1,mpx_005,mpx_004,mpx_004,32,32,0.007362784471218206,1,0.08230855955611036,1,1,1,1
F1,mpx_005,mpx_004,mpx_004,33,33,0.007362784471218206,1,0.08071448637942771,1,1,1,1
F1,mpx_005,mpx_004,mpx_004,34,34,0.007362784471218206,1,0.07915646284405906,1,1,1,1
F1,mpx_005,mpx_004,mpx_004,35,35,0.007362784471218206,1,0.0776460628566486,1,1,1,1
F1,mpx_005,mpx_004,mpx_004,36,36,0.007362784471218206,1,0.07618164132438901,1,1,1,1
F1,mpx_005,mpx_006,mpx_006,3,3,0.5522629310344828,1,0.6224477998989868,0,0,0,0
F1,mpx_005,mpx_006,mpx_006,4,4,0.5293321299638989,1,0.5417089980132341,0,0,0,0
F1,mpx_005,mpx_006,mpx_006,5,5,0.5594879518072289,1,0.49622688976135354,0,0,0,0
F1,mpx_005,mpx_006,mpx_006,6,6,0.527581567440296,1,0.4673653289919464,0,0,0,0
F1,mpx_005,mpx_006,mpx_006,7,7,0.5314994793474488,1,0.4329101738509397,0,0,0,0
F1,mpx_005,mpx_006,mpx_006,8,8,0.4867296045600285,1,0.38823486895040427,0,0,0,0
F1,mpx_005,mpx_006,mpx_006,9,9,0.4996242014280346,1,0.3879312129125526,0,0,0,0
F1,mpx_005,mpx_006,mpx_006,10,10,0.4318103149878851,1,0.3798495872601032,0,0,0,0
F1,mpx_005,mpx_006,mpx_006,11,11,0.4251808501991384,1,0.36184193251566926,0,0,0,0
F1,mpx_005,mpx_006,mpx_006,12,12,0.4153722009279806,1,0.3329081660481986,0,0,0,0
F1,mpx_005,mpx_006,mpx_006,13,13,0.37215391621129323,1,0.29542331379069087,0,0,0,0
F1,mpx_005,mpx_006,mpx_006,14,14,0.3720319920019995,1,0.27064317575884955,0,0,0,0
F1,mpx_005,mpx_006,mpx_006,15,15,0.3666317991631799,1,0.26037474933961535,0,0,0,0
F1,mpx_005,mpx_006,mpx_006,16,16,0.3573565406581452,1,0.2518659756144262,0,0,0,0
F1,mpx_005,mpx_006,mpx_006,17,17,0.3251412429378531,1,0.2585669699483389,0,0,0,0
F1,mpx_005,mpx_006,mpx_006,18,18,0.34622718605284664,1,0.2570771277998057,0,0,0,0
F1,mpx_005,mpx_006,mpx_006,19,19,0.33607860135818524,1,0.20424961420936258,0,0,1,1
F1,mpx_005,mpx_006,mpx_006,20,20,0.31627296587926507,1,0.16555164914962106,0,1,1,1
F1,mpx_005,mpx_006,mpx_006,21,21,0.2681145852836547,1,0.17069041824995274,1,1,1,1
F1,mpx_005,mpx_006,mpx_006,22,22,0.2399835627696733,1,0.14629265173564387,1,1,1,1
F1,mpx_005,mpx_006,mpx_006,23,23,0.24792485801660114,1,0.1461113164002057,1,1,1,1
F1,mpx_005,mpx_006,mpx_006,24,24,0.009059745347698335,1,0.17065931713518578,1,1,1,1
F1,mpx_005,mpx_006,mpx_006,25,25,0.0071499013806706115,1,0.11883416985664091,1,1,1,1
F1,mpx_005,mpx_006,mpx_006,26,26,0.008887614678899083,1,0.10867572701442373,1,1,1,1
F1,mpx_005,mpx_006,mpx_006,27,27,0.009548611111111112,1,0.09493510405774953,1,1,1,1
F1,mpx_005,mpx_006,mpx_006,28,28,0.009548611111111112,1,0.07897416252708822,1,1,1,1
F1,mpx_005,mpx_006,mpx_006,29,29,0.006815703380588877,1,0.08834727934992544,1,1,1,1
F1,mpx_005,mpx_006,mpx_006,30,30,0.006815703380588877,1,0.07625850827159628,1,1,1,1
F1,mpx_005,mpx_006,mpx_006,31,31,0.006815703380588877,1,0.06426670094163317,1,1,1,1
F1,mpx_005,mpx_006,mpx_006,32,32,0.006815703380588877,1,0.06261939588876145,1,1,1,1
F1,mpx_005,mpx_006,mpx_006,33,33,0.006815703380588877,1,0.06102379977244657,1,1,1,1
F1,mpx_005,mpx_006,mpx_006,34,34,0.006815703380588877,1,0.05946693486935167,1,1,1,1
F1,mpx_005,mpx_006,mpx_006,35,35,0.006815703380588877,1,0.057956328890046926,1,1,1,1
F1,mpx_005,mpx_006,mpx_006,36,36,0.006815703380588877,1,0.05648864214395843,1,1,1,1
F1,mpx_005,mpx_007,mpx_007,3,3,0.5713629684055841,1,0.582287522144855,0,0,0,0
F1,mpx_005,mpx_007,mpx_007,4,4,0.5879883169039796,1,0.5244499709209147,0,0,0,0
F1,mpx_005,mpx_007,mpx_007,5,5,0.5646131339401821,1,0.49539219914553917,0,0,0,0
F1,mpx_005,mpx_007,mpx_007,6,6,0.5452755905511811,1,0.45777008872190633,0,0,0,0
F1,mpx_005,mpx_007,mpx_007,7,7,0.5093905031892275,1,0.4192830184561991,0,0,0,0
F1,mpx_005,mpx_007,mpx_007,8,8,0.5081967213114754,1,0.3830433847496446,0,0,0,0
F1,mpx_005,mpx_007,mpx_007,9,9,0.5191801119525847,1,0.37509887766122585,0,0,0,0
F1,mpx_005,mpx_007,mpx_007,10,10,0.41336971350613916,1,0.3360449072017375,0,0,0,0
F1,mpx_005,mpx_007,mpx_007,11,11,0.3713063763608087,1,0.30487901686272795,0,0,0,0
F1,mpx_005,mpx_007,mpx_007,12,12,0.3737157534246575,1,0.27545628590032323,0,0,0,0
F1,mpx_005,mpx_007,mpx_007,13,13,0.3789752650176678,1,0.2648266130825916,0,0,0,0
F1,mpx_005,mpx_007,mpx_007,14,14,0.2511415525114155,1,0.26668034952887876,0,0,0,0
F1,mpx_005,mpx_007,mpx_007,15,15,0.2351413733410271,1,0.24327809483753293,0,0,0,1
F1,mpx_005,mpx_007,mpx_007,16,16,0.2286144578313253,1,0.21553405637735007,0,0,0,1
F1,mpx_005,mpx_007,mpx_007,17,17,0.24084967320261438,1,0.22779455634009058,0,0,0,1
F1,mpx_005,mpx_007,mpx_007,18,18,0.2018970189701897,1,0.1879086113239238,0,1,1,1
F1,mpx_005,mpx_007,mpx_007,19,19,0.15934065934065933,1,0.14985227756669378,1,1,1,1
F1,mpx_005,mpx_007,mpx_007,20,20,0.13500816993464052,1,0.15172412953760905,1,1,1,1
F1,mpx_005,mpx_007,mpx_007,21,21,0.12793132328308207,1,0.14592977711085414,1,1,1,1
F1,mpx_005,mpx_007,mpx_007,22,22,0.05521032504780115,1,0.12177354029116434,1,1,1,1
F1,mpx_005,mpx_007,mpx_007,23,23,0.059591642924976256,1,0.11534058167649743,1,1,1,1
F1,mpx_005,mpx_007,mpx_007,24,24,0.049664107485604604,1,0.10601011708234463,1,1,1,1
F1,mpx_005,mpx_007,mpx_007,25,25,0.029572564612326043,1,0.10210847137184662,1,1,1,1
F1,mpx_005,mpx_007,mpx_007,26,26,0.006929637526652452,1,0.08521808744867757,1,1,1,1
F1,mpx_005,mpx_007,mpx_007,27,27,0.0054525627044711015,1,0.07919695482547992,1,1,1,1
F1,mpx_005,mpx_007,mpx_007,28,28,0.005580357142857143,1,0.07669710553333738,1,1,1,1
F1,mpx_005,mpx_007,mpx_007,29,29,0.005861664712778429,1,0.07547644906352237,1,1,1,1
F1,mpx_005,mpx_007,mpx_007,30,30,0.005861664712778429,1,0.06975552324176718,1,1,1,1
F1,mpx_005,mpx_007,mpx_007,31,31,0.005861664712778429,1,0.06613734903338502,1,1,1,1
F1,mpx_005,mpx_007,mpx_007,32,32,0.005861664712778429,1,0.06449985057788678,1,1,1,1
F1,mpx_005,mpx_007,mpx_007,33,33,0.005861664712778429,1,0.06290732657835017,1,1,1,1
F1,mpx_005,mpx_007,mpx_007,34,34,0.005861664712778429,1,0.06136199968686147,1,1,1,1
F1,mpx_005,mpx_007,mpx_007,35,35,0.005861664712778429,1,0.05982345495786999,1,1,1,1
F1,mpx_005,mpx_008,mpx_008,3,3,0.5806645316253003,1,0.6301209766619527,0,0,0,0
F1,mpx_005,mpx_008,mpx_008,4,4,0.5477707006369427,1,0.5532625686872797,0,0,0,0
F1,mpx_005,mpx_008,mpx_008,5,5,0.5409054805401112,1,0.5027870510546064,0,0,0,0
F1,mpx_005,mpx_008,mpx_008,6,6,0.48241539482415396,1,0.4803472387120773,0,0,0,0
F1,mpx_005,mpx_008,mpx_008,7,7,0.5043092018032352,1,0.42770765394002025,0,0,0,0
F1,mpx_005,mpx_008,mpx_008,8,8,0.5109121432568551,1,0.39388260834873157,0,0,0,0
F1,mpx_005,mpx_008,mpx_008,9,9,0.45834842448388263,1,0.35744337743924226,0,0,0,0
F1,mpx_005,mpx_008,mpx_008,10,10,0.44056992875890516,1,0.32151944769375895,0,0,0,0
F1,mpx_005,mpx_008,mpx_008,11,11,0.4366615561517823,1,0.29929156817838976,0,0,0,0
F1,mpx_005,mpx_008,mpx_008,12,12,0.4267362505018065,1,0.29263681628385163,0,0,0,0
F1,mpx_005,mpx_008,mpx_008,13,13,0.38734965635738833,1,0.2927426902694891,0,0,0,0
F1,mpx_005,mpx_008,mpx_008,14,14,0.3309228650137741,1,0.2953711154350074,0,0,0,0
F1,mpx_005,mpx_008,mpx_008,15,15,0.33606020942408377,1,0.2644112148486216,0,0,0,0
F1,mpx_005,mpx_008,mpx_008,16,16,0.31599903474903474,1,0.22679448684460127,0,0,0,0
F1,mpx_005,mpx_008,mpx_008,17,17,0.16896758703481393,1,0.23688337928046635,0,0,1,1
F1,mpx_005,mpx_008,mpx_008,18,18,0.16964285714285715,1,0.20535574630032533,0,0,1,1
F1,mpx_005,mpx_008,mpx_008,19,19,0.1518375241779497,1,0.17290572497238335,0,1,1,1
F1,mpx_005,mpx_008,mpx_008,20,20,0.16741935483870968,1,0.16675888253941015,1,1,1,1
F1,mpx_005,mpx_008,mpx_008,21,21,0.16293706293706295,1,0.15248387607850283,1,1,1,1
F1,mpx_005,mpx_008,mpx_008,22,22,0.13515037593984963,1,0.15555331949697965,1,1,1,1
F1,mpx_005,mpx_008,mpx_008,23,23,0.13372093023255813,1,0.14802936323498087,1,1,1,1
F1,mpx_005,mpx_008,mpx_008,24,24,0.08333333333333333,1,0.15428758474240656,1,1,1,1
F1,mpx_005,mpx_008,mpx_008,25,25,0.028110599078341014,1,0.11625896279691941,1,1,1,1
F1,mpx_005,mpx_008,mpx_008,26,26,0.014558232931726908,1,0.10009423958508362,1,1,1,1
F1,mpx_005,mpx_008,mpx_008,27,27,0.018819938962360123,1,0.08044405251324042,1,1,1,1
F1,mpx_005,mpx_008,mpx_008,28,28,0.021538461538461538,1,0.07729207862018882,1,1,1,1
F1,mpx_005,mpx_008,mpx_008,29,29,0.021538461538461538,1,0.07023083213488188,1,1,1,1
F1,mpx_005,mpx_008,mpx_008,30,30,0.021538461538461538,1,0.06479186144748524,1,1,1,1
F1,mpx_005,mpx_008,mpx_008,31,31,0.021538461538461538,1,0.06310038462937324,1,1,1,1
F1,mpx_005,mpx_008,mpx_008,32,32,0.021538461538461538,1,0.06146226347997606,1,1,1,1
F1,mpx_005,mpx_008,mpx_008,33,33,0.021538461538461538,1,0.05987152957142462,1,1,1,1
F1,mpx_005,mpx_008,mpx_008,34,34,0.021538461538461538,1,0.05832611280466789,1,1,1,1
F1,mpx_005,mpx_008,mpx_008,35,35,0.021538461538461538,1,0.05680716593019143,1,1,1,1
F1,mpx_005,mpx_009,mpx_009,3,3,0.6009525588345163,1,0.6244964787468097,0,0,0,0
F1,mpx_005,mpx_009,mpx_009,4,4,0.5832457062740974,1,0.5495226064697053,0,0,0,0
F1,mpx_005,mpx_009,mpx_009,5,5,0.5904588112617309,1,0.5016204294552611,0,0,0,0
F1,mpx_005,mpx_009,mpx_009,6,6,0.5553923263048738,1,0.4877836144760604,0,0,0,0
F1,mpx_005,mpx_009,mpx_009,7,7,0.5278614457831325,1,0.45122643026462944,0,0,0,0
F1,mpx_005,mpx_009,mpx_009,8,8,0.5185741088180112,1,0.42225296558745096,0,0,0,0
F1,mpx_005,mpx_009,mpx_009,9,9,0.4286544850498339,1,0.38752921546916647,0,0,0,0
F1,mpx_005,mpx_009,mpx_009,10,10,0.387208067940552,1,0.36169373826244605,0,0,0,0
F1,mpx_005,mpx_009,mpx_009,11,11,0.36305408702724684,1,0.32014089617302866,0,0,0,0
F1,mpx_005,mpx_009,mpx_009,12,12,0.2995147772386414,1,0.30114698771739795,0,0,0,0
F1,mpx_005,mpx_009,mpx_009,13,13,0.2857637286571297,1,0.28260217001492194,0,0,0,0
F1,mpx_005,mpx_009,mpx_009,14,14,0.275997150997151,1,0.2636302591281394,0,0,0,0
F1,mpx_005,mpx_009,mpx_009,15,15,0.22767100056529113,1,0.26614516478456174,0,0,0,0
F1,mpx_005,mpx_009,mpx_009,16,16,0.22663316582914572,1,0.26001785891043955,0,0,0,0
F1,mpx_005,mpx_009,mpx_009,17,17,0.21324324324324323,1,0.20805685581361227,0,0,1,1
F1,mpx_005,mpx_009,mpx_009,18,18,0.1872391174716756,1,0.17477183360183426,0,1,1,1
F1,mpx_005,mpx_009,mpx_009,19,19,0.1583956492182189,1,0.1795618240018574,1,1,1,1
F1,mpx_005,mpx_009,mpx_009,20,20,0.15264255910987481,1,0.16855510222851178,1,1,1,1
F1,mpx_005,mpx_009,mpx_009,21,21,0.15331010452961671,1,0.15934778806856428,1,1,1,1
F1,mpx_005,mpx_009,mpx_009,22,22,0.13173400673400673,1,0.15518576627916114,1,1,1,1
F1,mpx_005,mpx_009,mpx_009,23,23,0.05953533397870281,1,0.13239892941264905,1,1,1,1
F1,mpx_005,mpx_009,mpx_009,24,24,0.051521099116781155,1,0.11312083926514176,1,1,1,1
F1,mpx_005,mpx_009,mpx_009,25,25,0.030692549842602307,1,0.11368946378425702,1,1,1,1
F1,mpx_005,mpx_009,mpx_009,26,26,0.03054662379421222,1,0.11266344558794203,1,1,1,1
F1,mpx_005,mpx_009,mpx_009,27,27,0.025485436893203883,1,0.12172749294002934,1,1,1,1
F1,mpx_005,mpx_009,mpx_009,28,28,0.029069767441860465,1,0.10557383919215059,1,1,1,1
F1,mpx_005,mpx_009,mpx_009,29,29,0.029069767441860465,1,0.09860073505615327,1,1,1,1
F1,mpx_005,mpx_009,mpx_009,30,30,0.029069767441860465,1,0.08516311617984293,1,1,1,1
F1,mpx_005,mpx_009,mpx_009,31,31,0.029069767441860465,1,0.08346045756225942,1,1,1,1
F1,mpx_005,mpx_009,mpx_009,32,32,0.029069767441860465,1,0.08180282657443691,1,1,1,1
F1,mpx_005,mpx_009,mpx_009,33,33,0.029069767441860465,1,0.08019330225434207,1,1,1,1
F1,mpx_005,mpx_009,mpx_009,34,34,0.029069767441860465,1,0.0786301603813917,1,1,1,1
F1,mpx_005,mpx_009,mpx_009,35,35,0.029069767441860465,1,0.0771105824032518,1,1,1,1
F1,mpx_005,mpx_009,mpx_009,36,36,0.029069767441860465,1,0.07563321038143697,1,1,1,1
F1,mpx_005,mpx_010,mpx_010,3,3,0.552521805081532,1,0.6351235837267046,0,0,0,0
F1,mpx_005,mpx_010,mpx_010,4,4,0.5508203281312525,1,0.5636931782384037,0,0,0,0
F1,mpx_005,mpx_010,mpx_010,5,5,0.5225806451612903,1,0.5111131125295271,0,0,0,0
F1,mpx_005,mpx_010,mpx_010,6,6,0.5197324966974901,1,0.4943090162874106,0,0,0,0
F1,mpx_005,mpx_010,mpx_010,7,7,0.44289844597036504,1,0.451664468590026,0,0,0,0
F1,mpx_005,mpx_010,mpx_010,8,8,0.4455322178711285,1,0.4212192398634342,0,0,0,0
F1,mpx_005,mpx_010,mpx_010,9,9,0.4187617850408548,1,0.3948867615378553,0,0,0,0
F1,mpx_005,mpx_010,mpx_010,10,10,0.37011854951185497,1,0.3762437697850185,0,0,0,0
F1,mpx_005,mpx_010,mpx_010,11,11,0.29808037316110514,1,0.34485564385870854,0,0,0,0
F1,mpx_005,mpx_010,mpx_010,12,12,0.27196485623003197,1,0.3138869226240815,0,0,0,0
F1,mpx_005,mpx_010,mpx_010,13,13,0.2615878843506195,1,0.2856442384463322,0,0,0,0
F1,mpx_005,mpx_010,mpx_010,14,14,0.2495287464655985,1,0.2706348273467456,0,0,0,0
F1,mpx_005,mpx_010,mpx_010,15,15,0.24621212121212122,1,0.26240366727442693,0,0,0,0
F1,mpx_005,mpx_010,mpx_010,16,16,0.18739205526770294,1,0.266214456167232,0,0,0,0
F1,mpx_005,mpx_010,mpx_010,17,17,0.23773908778813144,1,0.2586392736679203,0,0,0,0
F1,mpx_005,mpx_010,mpx_010,18,18,0.20613079019073569,1,0.20856362223643363,0,0,1,1
F1,mpx_005,mpx_010,mpx_010,19,19,0.17786144578313254,1,0.17634522487478943,0,1,1,1
F1,mpx_005,mpx_010,mpx_010,20,20,0.14017800381436746,1,0.18117823614791262,0,1,1,1
F1,mpx_005,mpx_010,mpx_010,21,21,0.13618677042801555,1,0.16668151696382652,0,1,1,1
F1,mpx_005,mpx_010,mpx_010,22,22,0.13420195439739413,1,0.15437797633014552,0,1,1,1
F1,mpx_005,mpx_010,mpx_010,23,23,0.15037983425414364,1,0.16276822033695143,1,1,1,1
F1,mpx_005,mpx_010,mpx_010,24,24,0.15037983425414364,1,0.14737670428581315,1,1,1,1
F1,mpx_005,mpx_010,mpx_010,25,25,0.14086294416243655,1,0.1253552967155812,1,1,1,1
F1,mpx_005,mpx_010,mpx_010,26,26,0.0668429003021148,1,0.11731695834455086,1,1,1,1
F1,mpx_005,mpx_010,mpx_010,27,27,0.0583969465648855,1,0.10107534374804902,1,1,1,1
F1,mpx_005,mpx_010,mpx_010,28,28,0.041701244813278006,1,0.09665012621772497,1,1,1,1
F1,mpx_005,mpx_010,mpx_010,29,29,0.04515209125475285,1,0.0945384617904317,1,1,1,1
F1,mpx_005,mpx_010,mpx_010,30,30,0.036650485436893206,1,0.09209765039484816,1,1,1,1
F1,mpx_005,mpx_010,mpx_010,31,31,0.009746588693957114,1,0.12728292171347833,1,1,1,1
F1,mpx_005,mpx_010,mpx_010,32,32,0.009606147934678195,1,0.08953264130897885,1,1,1,1
F1,mpx_005,mpx_010,mpx_010,33,33,0.009606147934678195,1,0.05046351777485966,1,1,1,1
F1,mpx_005,mpx_010,mpx_010,34,34,0.009606147934678195,1,0.047969328731407176,1,1,1,1
F1,mpx_005,mpx_010,mpx_010,35,35,0.009606147934678195,1,0.04645646564189489,1,1,1,1
F1,mpx_005,mpx_010,mpx_010,36,36,0.009606147934678195,1,0.04498128217569382,1,1,1,1
F1,mpx_005,mpx_010,mpx_010,37,37,0.009606147934678195,1,0.043544357951637705,1,1,1,1
F1,mpx_005,mpx_010,mpx_010,38,38,0.009606147934678195,1,0.04214631745175333,1,1,1,1
F1,mpx_005,mpx_010,mpx_010,39,39,0.009606147934678195,1,0.04078196527125154,1,1,1,1
F1,mpx_005,mpx_010,mpx_010,40,40,0.009606147934678195,1,0.03943255310499107,1,1,1,1
F1,mpx_006,mpx_001,mpx_001,3,3,0.6065005620082428,1,0.6237148436477882,0,0,0,0
F1,mpx_006,mpx_001,mpx_001,4,4,0.5217815344603381,1,0.5414813325286048,0,0,0,0
F1,mpx_006,mpx_001,mpx_001,5,5,0.5769379097570382,1,0.4954566488786927,0,0,0,0
F1,mpx_006,mpx_001,mpx_001,6,6,0.5556057866184448,1,0.4832943366206461,0,0,0,0
F1,mpx_006,mpx_001,mpx_001,7,7,0.5194575471698113,1,0.4400157545942601,0,0,0,0
F1,mpx_006,mpx_001,mpx_001,8,8,0.5017568517217147,1,0.4099076467557883,0,0,0,0
F1,mpx_006,mpx_001,mpx_001,9,9,0.5049001814882033,1,0.36921808101771936,0,0,0,0
F1,mpx_006,mpx_001,mpx_001,10,10,0.4974719101123595,1,0.3411835981728429,0,0,0,0
F1,mpx_006,mpx_001,mpx_001,11,11,0.4577831827658096,1,0.35369182544198335,0,0,0,0
F1,mpx_006,mpx_001,mpx_001,12,12,0.4615817091454273,1,0.32743857645674307,0,0,0,0
F1,mpx_006,mpx_001,mpx_001,13,13,0.3973174030658251,1,0.3108628738715506,0,0,0,0
F1,mpx_006,mpx_001,mpx_001,14,14,0.3569379238393323,1,0.28506929758583843,0,0,0,0
F1,mpx_006,mpx_001,mpx_001,15,15,0.3658119658119658,1,0.25475972261160534,0,0,0,0
F1,mpx_006,mpx_001,mpx_001,16,16,0.3568019093078759,1,0.2428921980607334,0,0,0,0
F1,mpx_006,mpx_001,mpx_001,17,17,0.3432256059664388,1,0.23813952980444847,0,0,0,0
F1,mpx_006,mpx_001,mpx_001,18,18,0.3432256059664388,1,0.22711282427604404,0,0,0,0
F1,mpx_006,mpx_001,mpx_001,19,19,0.34108412322274884,1,0.23284823949383446,0,0,0,0
F1,mpx_006,mpx_001,mpx_001,20,20,0.2252106286454958,1,0.20638793861810006,0,1,1,1
F1,mpx_006,mpx_001,mpx_001,21,21,0.17652899126290708,1,0.15482760700421355,1,1,1,1
F1,mpx_006,mpx_001,mpx_001,22,22,0.10955518945634267,1,0.13566626080221825,1,1,1,1
F1,mpx_006,mpx_001,mpx_001,23,23,0.12847555129434324,1,0.12314349260628267,1,1,1,1
F1,mpx_006,mpx_001,mpx_001,24,24,0.11339937434827946,1,0.10020419064442743,1,1,1,1
F1,mpx_006,mpx_001,mpx_001,25,25,0.11037934668071654,1,0.08854782694332408,1,1,1,1
F1,mpx_006,mpx_001,mpx_001,26,26,0.10059012875536481,1,0.08339141188607868,1,1,1,1
F1,mpx_006,mpx_001,mpx_001,27,27,0.056598407281001135,1,0.08329370688445889,1,1,1,1
F1,mpx_006,mpx_001,mpx_001,28,28,0.08451086956521739,1,0.07531185465995956,1,1,1,1
F1,mpx_006,mpx_001,mpx_001,29,29,0.07377049180327869,1,0.06596270341940515,1,1,1,1
F1,mpx_006,mpx_001,mpx_001,30,30,0.07377049180327869,1,0.05922354827815189,1,1,1,1
F1,mpx_006,mpx_001,mpx_001,31,31,0.07377049180327869,1,0.055922777013013396,1,1,1,1
F1,mpx_006,mpx_001,mpx_001,32,32,0.07377049180327869,1,0.054233277832605224,1,1,1,1
F1,mpx_006,mpx_001,mpx_001,33,33,0.07377049180327869,1,0.05259338902795296,1,1,1,1
F1,mpx_006,mpx_001,mpx_001,34,34,0.07377049180327869,1,0.051000684314643545,1,1,1,1
F1,mpx_006,mpx_001,mpx_001,35,35,0.07377049180327869,1,0.04944937677260013,1,1,1,1
F1,mpx_006,mpx_002,mpx_002,3,3,0.5828273244781784,1,0.6235653232244882,0,0,0,0
F1,mpx_006,mpx_002,mpx_002,4,4,0.5582010582010583,1,0.5450549970318446,0,0,0,0
F1,mpx_006,mpx_002,mpx_002,5,5,0.5757695343330702,1,0.4984592577754268,0,0,0,0
F1,mpx_006,mpx_002,mpx_002,6,6,0.4556597564988483,1,0.47983219741969324,0,0,0,0
F1,mpx_006,mpx_002,mpx_002,7,7,0.4472869360070776,1,0.41431232137873353,0,0,0,0
F1,mpx_006,mpx_002,mpx_002,8,8,0.45437150426847217,1,0.37752758665335234,0,0,0,0
F1,mpx_006,mpx_002,mpx_002,9,9,0.42563853863562884,1,0.3434418572148989,0,0,0,0
F1,mpx_006,mpx_002,mpx_002,10,10,0.3926126126126126,1,0.3223230711599474,0,0,0,0
F1,mpx_006,mpx_002,mpx_002,11,11,0.3585817888799355,1,0.3080260421952481,0,0,0,0
F1,mpx_006,mpx_002,mpx_002,12,12,0.34447916666666667,1,0.2964754250920263,0,0,0,0
F1,mpx_006,mpx_002,mpx_002,13,13,0.29640522875816994,1,0.27549585573213137,0,0,0,0
F1,mpx_006,mpx_002,mpx_002,14,14,0.2627577319587629,1,0.2312867340070842,0,0,0,1
F1,mpx_006,mpx_002,mpx_002,15,15,0.23790322580645162,1,0.22291119194279618,0,0,1,1
F1,mpx_006,mpx_002,mpx_002,16,16,0.2294352363413137,1,0.20731529385823275,0,0,1,1
F1,mpx_006,mpx_002,mpx_002,17,17,0.22189256714553404,1,0.19705606862644615,0,0,1,1
F1,mpx_006,mpx_002,mpx_002,18,18,0.12879362670713201,1,0.1829362021933924,1,1,1,1
F1,mpx_006,mpx_002,mpx_002,19,19,0.1507782101167315,1,0.1664253182698357,1,1,1,1
F1,mpx_006,mpx_002,mpx_002,20,20,0.07680457746478873,1,0.141490727991831,1,1,1,1
F1,mpx_006,mpx_002,mpx_002,21,21,0.04848628192999054,1,0.12586625602373905,1,1,1,1
F1,mpx_006,mpx_002,mpx_002,22,22,0.031874405328258804,1,0.1103618290041674,1,1,1,1
F1,mpx_006,mpx_002,mpx_002,23,23,0.03125,1,0.1034443767112286,1,1,1,1
F1,mpx_006,mpx_002,mpx_002,24,24,0.03375337533753375,1,0.11906603237110375,1,1,1,1
F1,mpx_006,mpx_002,mpx_002,25,25,0.025257249766136577,1,0.08825156269793198,1,1,1,1
F1,mpx_006,mpx_002,mpx_002,26,26,0.025233644859813085,1,0.0736008661386249,1,1,1,1
F1,mpx_006,mpx_002,mpx_002,27,27,0.0254323499491353,1,0.07829692330866192,1,1,1,1
F1,mpx_006,mpx_002,mpx_002,28,28,0.03976190476190476,1,0.0767288544704823,1,1,1,1
F1,mpx_006,mpx_002,mpx_002,29,29,0.01708984375,1,0.06967280191391684,1,1,1,1
F1,mpx_006,mpx_002,mpx_002,30,30,0.01708984375,1,0.05863803246200297,1,1,1,1
F1,mpx_006,mpx_002,mpx_002,31,31,0.017123287671232876,1,0.05530603744305529,1,1,1,1
F1,mpx_006,mpx_002,mpx_002,32,32,0.017123287671232876,1,0.05362744916482945,1,1,1,1
F1,mpx_006,mpx_002,mpx_002,33,33,0.017123287671232876,1,0.05199739140885817,1,1,1,1
F1,mpx_006,mpx_002,mpx_002,34,34,0.017123287671232876,1,0.0504129990457525,1,1,1,1
F1,mpx_006,mpx_002,mpx_002,35,35,0.017123287671232876,1,0.04887594067696929,1,1,1,1
F1,mpx_006,mpx_002,mpx_002,36,36,0.017123287671232876,1,0.04737823933712498,1,1,1,1
F1,mpx_006,mpx_002,mpx_002,37,37,0.017123287671232876,1,0.045919541988652,1,1,1,1
F1,mpx_006,mpx_003,mpx_003,3,3,0.5955643707176344,1,0.6171496348722988,0,0,0,0
F1,mpx_006,mpx_003,mpx_003,4,4,0.5693963860053826,1,0.54490416830422,0,0,0,0
F1,mpx_006,mpx_003,mpx_003,5,5,0.595224171539961,1,0.49874318117118394,0,0,0,0
F1,mpx_006,mpx_003,mpx_003,6,6,0.5647433747064743,1,0.4867758322649692,0,0,0,0
F1,mpx_006,mpx_003,mpx_003,7,7,0.5831946755407654,1,0.4625529607445612,0,0,0,0
F1,mpx_006,mpx_003,mpx_003,8,8,0.5078179291174427,1,0.43022786839313587,0,0,0,0
F1,mpx_006,mpx_003,mpx_003,9,9,0.5019812680115274,1,0.3996535365128031,0,0,0,0
F1,mpx_006,mpx_003,mpx_003,10,10,0.539460020768432,1,0.38663161765195564,0,0,0,0
F1,mpx_006,mpx_003,mpx_003,11,11,0.5115842204132749,1,0.3691389391532624,0,0,0,0
F1,mpx_006,mpx_003,mpx_003,12,12,0.4670428524697416,1,0.34505817544486833,0,0,0,0
F1,mpx_006,mpx_003,mpx_003,13,13,0.42064914376742335,1,0.3079478615786196,0,0,0,0
F1,mpx_006,mpx_003,mpx_003,14,14,0.37399193548387094,1,0.2847719300008178,0,0,0,0
F1,mpx_006,mpx_003,mpx_003,15,15,0.3703125,1,0.2684850114904932,0,0,0,0
F1,mpx_006,mpx_003,mpx_003,16,16,0.37266059686393527,1,0.2592374063239675,0,0,0,0
F1,mpx_006,mpx_003,mpx_003,17,17,0.3661631419939577,1,0.26564892896749076,0,0,0,0
F1,mpx_006,mpx_003,mpx_003,18,18,0.2889531345100426,1,0.2604060496648867,0,0,0,0
F1,mpx_006,mpx_003,mpx_003,19,19,0.3002776064157927,1,0.23491953199129015,0,0,0,1
F1,mpx_006,mpx_003,mpx_003,20,20,0.3047153024911032,1,0.21780937371729514,0,0,0,1
F1,mpx_006,mpx_003,mpx_003,21,21,0.29255698005698005,1,0.189058731334767,0,1,1,1
F1,mpx_006,mpx_003,mpx_003,22,22,0.2615881458966565,1,0.17285147194827707,1,1,1,1
F1,mpx_006,mpx_003,mpx_003,23,23,0.182062966031483,1,0.1524668023714095,1,1,1,1
F1,mpx_006,mpx_003,mpx_003,24,24,0.1799913569576491,1,0.12582655130273734,1,1,1,1
F1,mpx_006,mpx_003,mpx_003,25,25,0.14772727272727273,1,0.11626711843629098,1,1,1,1
F1,mpx_006,mpx_003,mpx_003,26,26,0.15691021126760563,1,0.10691077446881284,1,1,1,1
F1,mpx_006,mpx_003,mpx_003,27,27,0.14925373134328357,1,0.0957478836931795,1,1,1,1
F1,mpx_006,mpx_003,mpx_003,28,28,0.11656118143459916,1,0.08389789354251932,1,1,1,1
F1,mpx_006,mpx_003,mpx_003,29,29,0.01066925315227934,1,0.0770816847445893,1,1,1,1
F1,mpx_006,mpx_003,mpx_003,30,30,0.018649669499527857,1,0.07944377429106231,1,1,1,1
F1,mpx_006,mpx_003,mpx_003,31,31,0.011560693641618497,1,0.06612291498064306,1,1,1,1
F1,mpx_006,mpx_003,mpx_003,32,32,0.009471585244267198,1,0.05056815294849115,1,1,1,1
F1,mpx_006,mpx_003,mpx_003,33,33,0.008655804480651732,1,0.045373051167706895,1,1,1,1
F1,mpx_006,mpx_003,mpx_003,34,34,0.008655804480651732,1,0.04159744119677834,1,1,1,1
F1,mpx_006,mpx_003,mpx_003,35,35,0.008655804480651732,1,0.03934166897241769,1,1,1,1
F1,mpx_006,mpx_003,mpx_003,36,36,0.008655804480651732,1,0.03781580766258238,1,1,1,1
F1,mpx_006,mpx_003,mpx_003,37,37,0.008655804480651732,1,0.036326642716426986,1,1,1,1
F1,mpx_006,mpx_003,mpx_003,38,38,0.008655804480651732,1,0.03488037242923244,1,1,1,1
F1,mpx_006,mpx_003,mpx_003,39,39,0.008655804480651732,1,0.033467378421608025,1,1,1,1
F1,mpx_006,mpx_003,mpx_003,40,40,0.008655804480651732,1,0.03208465488287674,1,1,1,1
F1,mpx_006,mpx_003,mpx_003,41,41,0.008655804480651732,1,0.030738417000159047,1,1,1,1
F1,mpx_006,mpx_004,mpx_004,3,3,0.590662776156732,1,0.6232430913479311,0,0,0,0
F1,mpx_006,mpx_004,mpx_004,4,4,0.5101778193729527,1,0.5354890980252678,0,0,0,0
F1,mpx_006,mpx_004,mpx_004,5,5,0.5884559884559885,1,0.5227324060790931,0,0,0,0
F1,mpx_006,mpx_004,mpx_004,6,6,0.5170893906588309,1,0.46795957331171695,0,0,0,0
F1,mpx_006,mpx_004,mpx_004,7,7,0.511353517364203,1,0.4339850725142959,0,0,0,0
F1,mpx_006,mpx_004,mpx_004,8,8,0.49756135934550033,1,0.40089811114455065,0,0,0,0
F1,mpx_006,mpx_004,mpx_004,9,9,0.4259229274611399,1,0.3828080984305126,0,0,0,0
F1,mpx_006,mpx_004,mpx_004,10,10,0.47587038952085486,1,0.37811488268140825,0,0,0,0
F1,mpx_006,mpx_004,mpx_004,11,11,0.3929170159262364,1,0.3375666270172328,0,0,0,0
F1,mpx_006,mpx_004,mpx_004,12,12,0.3393089960886571,1,0.3165239714616386,0,0,0,0
F1,mpx_006,mpx_004,mpx_004,13,13,0.3075191355245385,1,0.30189809924475436,0,0,0,0
F1,mpx_006,mpx_004,mpx_004,14,14,0.26100151745068284,1,0.2579046602759079,0,0,0,0
F1,mpx_006,mpx_004,mpx_004,15,15,0.23688524590163934,1,0.22264467124020562,0,0,0,1
F1,mpx_006,mpx_004,mpx_004,16,16,0.14719140083217752,1,0.25439738487360103,1,1,1,1
F1,mpx_006,mpx_004,mpx_004,17,17,0.12153790087463556,1,0.2107625133215085,1,1,1,1
F1,mpx_006,mpx_004,mpx_004,18,18,0.08132279534109817,1,0.18659861996507063,1,1,1,1
F1,mpx_006,mpx_004,mpx_004,19,19,0.0518783542039356,1,0.17721742314319275,1,1,1,1
F1,mpx_006,mpx_004,mpx_004,20,20,0.03936269915651359,1,0.15149227195876735,1,1,1,1
F1,mpx_006,mpx_004,mpx_004,21,21,0.0413022351797862,1,0.13663617523087665,1,1,1,1
F1,mpx_006,mpx_004,mpx_004,22,22,0.023290386521308225,1,0.14125843046774603,1,1,1,1
F1,mpx_006,mpx_004,mpx_004,23,23,0.024594320486815417,1,0.15051969576209853,1,1,1,1
F1,mpx_006,mpx_004,mpx_004,24,24,0.02447023208879919,1,0.12013389797717813,1,1,1,1
F1,mpx_006,mpx_004,mpx_004,25,25,0.011059371362048894,1,0.11759422210010696,1,1,1,1
F1,mpx_006,mpx_004,mpx_004,26,26,0.007647058823529412,1,0.10092444202045277,1,1,1,1
F1,mpx_006,mpx_004,mpx_004,27,27,0.004146919431279621,1,0.08841135313667985,1,1,1,1
F1,mpx_006,mpx_004,mpx_004,28,28,0.0031605562579013905,1,0.08460355019543778,1,1,1,1
F1,mpx_006,mpx_004,mpx_004,29,29,0.0031645569620253164,1,0.08194094833050314,1,1,1,1
F1,mpx_006,mpx_004,mpx_004,30,30,0.007362784471218206,1,0.09072049233930553,1,1,1,1
F1,mpx_006,mpx_004,mpx_004,31,31,0.007362784471218206,1,0.08401023132893659,1,1,1,1
F1,mpx_006,mpx_004,mpx_004,32,32,0.007362784471218206,1,0.07723301393175792,1,1,1,1
F1,mpx_006,mpx_004,mpx_004,33,33,0.007362784471218206,1,0.07562407819042914,1,1,1,1
F1,mpx_006,mpx_004,mpx_004,34,34,0.007362784471218206,1,0.074051486376645,1,1,1,1
F1,mpx_006,mpx_004,mpx_004,35,35,0.007362784471218206,1,0.07252697225250206,1,1,1,1
F1,mpx_006,mpx_004,mpx_004,36,36,0.007362784471218206,1,0.071048878580294,1,1,1,1
F1,mpx_006,mpx_005,mpx_005,3,3,0.5628006872852234,1,0.6202106370759315,0,0,0,0
F1,mpx_006,mpx_005,mpx_005,4,4,0.5604651162790698,1,0.5550953885483592,0,0,0,0
F1,mpx_006,mpx_005,mpx_005,5,5,0.5696737817156665,1,0.497069395317963,0,0,0,0
F1,mpx_006,mpx_005,mpx_005,6,6,0.5792553191489361,1,0.4766554822640854,0,0,0,0
F1,mpx_006,mpx_005,mpx_005,7,7,0.5131138392857143,1,0.44528626845229385,0,0,0,0
F1,mpx_006,mpx_005,mpx_005,8,8,0.5186228197674418,1,0.4173477949729306,0,0,0,0
F1,mpx_006,mpx_005,mpx_005,9,9,0.4543335635359116,1,0.38992899526292585,0,0,0,0
F1,mpx_006,mpx_005,mpx_005,10,10,0.40365448504983387,1,0.36807955506313517,0,0,0,0
F1,mpx_006,mpx_005,mpx_005,11,11,0.3359228753275927,1,0.3252924450676729,0,0,0,0
F1,mpx_006,mpx_005,mpx_005,12,12,0.3365584685809405,1,0.29308894229845484,0,0,0,0
F1,mpx_006,mpx_005,mpx_005,13,13,0.30169753086419754,1,0.24673516679087615,0,0,0,0
F1,mpx_006,mpx_005,mpx_005,14,14,0.2949571836346337,1,0.2123475793212729,0,0,0,1
F1,mpx_006,mpx_005,mpx_005,15,15,0.26784702549575073,1,0.20945402840214294,0,0,1,1
F1,mpx_006,mpx_005,mpx_005,16,16,0.18384714193962748,1,0.19084340752206944,0,1,1,1
F1,mpx_006,mpx_005,mpx_005,17,17,0.18648208469055375,1,0.17735989569312494,0,1,1,1
F1,mpx_006,mpx_005,mpx_005,18,18,0.15840118430792005,1,0.1719973857344624,1,1,1,1
F1,mpx_006,mpx_005,mpx_005,19,19,0.1282642089093702,1,0.16263704915241262,1,1,1,1
F1,mpx_006,mpx_005,mpx_005,20,20,0.10203252032520325,1,0.14292571721539715,1,1,1,1
F1,mpx_006,mpx_005,mpx_005,21,21,0.05615640599001664,1,0.12207000439438234,1,1,1,1
F1,mpx_006,mpx_005,mpx_005,22,22,0.05211864406779661,1,0.10489869632499953,1,1,1,1
F1,mpx_006,mpx_005,mpx_005,23,23,0.04287003610108303,1,0.09850812455147925,1,1,1,1
F1,mpx_006,mpx_005,mpx_005,24,24,0.04406307977736549,1,0.09202796466896812,1,1,1,1
F1,mpx_006,mpx_005,mpx_005,25,25,0.048676748582230624,1,0.0911272623554428,1,1,1,1
F1,mpx_006,mpx_005,mpx_005,26,26,0.04398826979472141,1,0.08833760180970103,1,1,1,1
F1,mpx_006,mpx_005,mpx_005,27,27,0.0006234413965087282,1,0.1681173077528136,1,1,1,1
F1,mpx_006,mpx_005,mpx_005,28,28,0.0006234413965087282,1,0.12159952457486028,1,1,1,1
F1,mpx_006,mpx_005,mpx_005,29,29,0.0006234413965087282,1,0.07458148366803583,1,1,1,1
F1,mpx_006,mpx_005,mpx_005,30,30,0.0006234413965087282,1,0.07283673506448016,1,1,1,1
F1,mpx_006,mpx_005,mpx_005,31,31,0.0006234413965087282,1,0.07114529488325627,1,1,1,1
F1,mpx_006,mpx_005,mpx_005,32,32,0.0006234413965087282,1,0.06950429878276723,1,1,1,1
F1,mpx_006,mpx_005,mpx_005,33,33,0.0006234413965087282,1,0.06791325707558138,1,1,1,1
F1,mpx_006,mpx_005,mpx_005,34,34,0.0006234413965087282,1,0.06636836790766065,1,1,1,1
F1,mpx_006,mpx_007,mpx_007,3,3,0.5713629684055841,1,0.580331043526893,0,0,0,0
F1,mpx_006,mpx_007,mpx_007,4,4,0.5879883169039796,1,0.5218152548688889,0,0,0,0
F1,mpx_006,mpx_007,mpx_007,5,5,0.5646131339401821,1,0.49255845801710507,0,0,0,0
F1,mpx_006,mpx_007,mpx_007,6,6,0.5452755905511811,1,0.4545163081205581,0,0,0,0
F1,mpx_006,mpx_007,mpx_007,7,7,0.5093905031892275,1,0.4156090209258152,0,0,0,0
F1,mpx_006,mpx_007,mpx_007,8,8,0.5081967213114754,1,0.3789848546523307,0,0,0,0
F1,mpx_006,mpx_007,mpx_007,9,9,0.5191801119525847,1,0.3711314995913511,0,0,0,0
F1,mpx_006,mpx_007,mpx_007,10,10,0.41336971350613916,1,0.33214372064154213,0,0,0,0
F1,mpx_006,mpx_007,mpx_007,11,11,0.3713063763608087,1,0.3005481645257356,0,0,0,0
F1,mpx_006,mpx_007,mpx_007,12,12,0.3737157534246575,1,0.270854097271983,0,0,0,0
F1,mpx_006,mpx_007,mpx_007,13,13,0.3789752650176678,1,0.26010532595314373,0,0,0,0
F1,mpx_006,mpx_007,mpx_007,14,14,0.2511415525114155,1,0.2621723855213517,0,0,0,0
F1,mpx_006,mpx_007,mpx_007,15,15,0.2351413733410271,1,0.23846552889422984,0,0,0,1
F1,mpx_006,mpx_007,mpx_007,16,16,0.2286144578313253,1,0.21050974319503912,0,0,0,1
F1,mpx_006,mpx_007,mpx_007,17,17,0.24084967320261438,1,0.22287164345731764,0,0,0,1
F1,mpx_006,mpx_007,mpx_007,18,18,0.2018970189701897,1,0.18328961870625474,0,1,1,1
F1,mpx_006,mpx_007,mpx_007,19,19,0.15934065934065933,1,0.1452100215979282,1,1,1,1
F1,mpx_006,mpx_007,mpx_007,20,20,0.13500816993464052,1,0.14718523169598638,1,1,1,1
F1,mpx_006,mpx_007,mpx_007,21,21,0.12793132328308207,1,0.14123706191642263,1,1,1,1
F1,mpx_006,mpx_007,mpx_007,22,22,0.05521032504780115,1,0.11718983766639164,1,1,1,1
F1,mpx_006,mpx_007,mpx_007,23,23,0.059591642924976256,1,0.11073061950051603,1,1,1,1
F1,mpx_006,mpx_007,mpx_007,24,24,0.049664107485604604,1,0.10125781574224758,1,1,1,1
F1,mpx_006,mpx_007,mpx_007,25,25,0.029572564612326043,1,0.09743679397492695,1,1,1,1
F1,mpx_006,mpx_007,mpx_007,26,26,0.006929637526652452,1,0.08068643753034536,1,1,1,1
F1,mpx_006,mpx_007,mpx_007,27,27,0.0054525627044711015,1,0.07461272337488466,1,1,1,1
F1,mpx_006,mpx_007,mpx_007,28,28,0.005580357142857143,1,0.07201825320390788,1,1,1,1
F1,mpx_006,mpx_007,mpx_007,29,29,0.005861664712778429,1,0.07072556965156503,1,1,1,1
F1,mpx_006,mpx_007,mpx_007,30,30,0.005861664712778429,1,0.06490681425743694,1,1,1,1
F1,mpx_006,mpx_007,mpx_007,31,31,0.005861664712778429,1,0.06123245484139934,1,1,1,1
F1,mpx_006,mpx_007,mpx_007,32,32,0.005861664712778429,1,0.05957768629006389,1,1,1,1
F1,mpx_006,mpx_007,mpx_007,33,33,0.005861664712778429,1,0.0579683435881225,1,1,1,1
F1,mpx_006,mpx_007,mpx_007,34,34,0.005861664712778429,1,0.056406694976070954,1,1,1,1
F1,mpx_006,mpx_007,mpx_007,35,35,0.005861664712778429,1,0.054851739817036504,1,1,1,1
F1,mpx_006,mpx_008,mpx_008,3,3,0.5806645316253003,1,0.6287267082268376,0,0,0,0
F1,mpx_006,mpx_008,mpx_008,4,4,0.5477707006369427,1,0.5507861002551266,0,0,0,0
F1,mpx_006,mpx_008,mpx_008,5,5,0.5409054805401112,1,0.49974279741019806,0,0,0,0
F1,mpx_006,mpx_008,mpx_008,6,6,0.48241539482415396,1,0.47734422129627374,0,0,0,0
F1,mpx_006,mpx_008,mpx_008,7,7,0.5043092018032352,1,0.4244970049825799,0,0,0,0
F1,mpx_006,mpx_008,mpx_008,8,8,0.5109121432568551,1,0.3902716905862183,0,0,0,0
F1,mpx_006,mpx_008,mpx_008,9,9,0.45834842448388263,1,0.35335131004771275,0,0,0,0
F1,mpx_006,mpx_008,mpx_008,10,10,0.44056992875890516,1,0.31716585423930854,0,0,0,0
F1,mpx_006,mpx_008,mpx_008,11,11,0.4366615561517823,1,0.2946496031118618,0,0,0,0
F1,mpx_006,mpx_008,mpx_008,12,12,0.4267362505018065,1,0.2878961487316753,0,0,0,0
F1,mpx_006,mpx_008,mpx_008,13,13,0.38734965635738833,1,0.28799856839492916,0,0,0,0
F1,mpx_006,mpx_008,mpx_008,14,14,0.3309228650137741,1,0.2909150408256047,0,0,0,0
F1,mpx_006,mpx_008,mpx_008,15,15,0.33606020942408377,1,0.25985165200735855,0,0,0,0
F1,mpx_006,mpx_008,mpx_008,16,16,0.31599903474903474,1,0.22191083597021222,0,0,0,0
F1,mpx_006,mpx_008,mpx_008,17,17,0.16896758703481393,1,0.23268704029452636,0,0,1,1
F1,mpx_006,mpx_008,mpx_008,18,18,0.16964285714285715,1,0.20067407258741854,0,0,1,1
F1,mpx_006,mpx_008,mpx_008,19,19,0.1518375241779497,1,0.16808080840269313,0,1,1,1
F1,mpx_006,mpx_008,mpx_008,20,20,0.16741935483870968,1,0.16203068353831895,1,1,1,1
F1,mpx_006,mpx_008,mpx_008,21,21,0.16293706293706295,1,0.14761629250778152,1,1,1,1
F1,mpx_006,mpx_008,mpx_008,22,22,0.13515037593984963,1,0.15061016511735856,1,1,1,1
F1,mpx_006,mpx_008,mpx_008,23,23,0.13372093023255813,1,0.14302925762981486,1,1,1,1
F1,mpx_006,mpx_008,mpx_008,24,24,0.08333333333333333,1,0.14980455147501368,1,1,1,1
F1,mpx_006,mpx_008,mpx_008,25,25,0.028110599078341014,1,0.11199635114037433,1,1,1,1
F1,mpx_006,mpx_008,mpx_008,26,26,0.014558232931726908,1,0.09587235505169711,1,1,1,1
F1,mpx_006,mpx_008,mpx_008,27,27,0.018819938962360123,1,0.07597800661764711,1,1,1,1
F1,mpx_006,mpx_008,mpx_008,28,28,0.021538461538461538,1,0.07278574056395452,1,1,1,1
F1,mpx_006,mpx_008,mpx_008,29,29,0.021538461538461538,1,0.06559561593296212,1,1,1,1
F1,mpx_006,mpx_008,mpx_008,30,30,0.021538461538461538,1,0.060060952986504976,1,1,1,1
F1,mpx_006,mpx_008,mpx_008,31,31,0.021538461538461538,1,0.058349510960760444,1,1,1,1
F1,mpx_006,mpx_008,mpx_008,32,32,0.021538461538461538,1,0.05669205357171107,1,1,1,1
F1,mpx_006,mpx_008,mpx_008,33,33,0.021538461538461538,1,0.05508253579268469,1,1,1,1
F1,mpx_006,mpx_008,mpx_008,34,34,0.021538461538461538,1,0.05351886526101638,1,1,1,1
F1,mpx_006,mpx_008,mpx_008,35,35,0.021538461538461538,1,0.051981935073427306,1,1,1,1
F1,mpx_006,mpx_009,mpx_009,3,3,0.6009525588345163,1,0.623140687264386,0,0,0,0
F1,mpx_006,mpx_009,mpx_009,4,4,0.5832457062740974,1,0.5471556065942769,0,0,0,0
F1,mpx_006,mpx_009,mpx_009,5,5,0.5904588112617309,1,0.49871987324048983,0,0,0,0
F1,mpx_006,mpx_009,mpx_009,6,6,0.5553923263048738,1,0.48461233066935316,0,0,0,0
F1,mpx_006,mpx_009,mpx_009,7,7,0.5278614457831325,1,0.4478084822749178,0,0,0,0
F1,mpx_006,mpx_009,mpx_009,8,8,0.5185741088180112,1,0.41844046847863103,0,0,0,0
F1,mpx_006,mpx_009,mpx_009,9,9,0.4286544850498339,1,0.3836236425254162,0,0,0,0
F1,mpx_006,mpx_009,mpx_009,10,10,0.387208067940552,1,0.35771297845018213,0,0,0,0
F1,mpx_006,mpx_009,mpx_009,11,11,0.36305408702724684,1,0.3156624889092779,0,0,0,0
F1,mpx_006,mpx_009,mpx_009,12,12,0.2995147772386414,1,0.29659576017289124,0,0,0,0
F1,mpx_006,mpx_009,mpx_009,13,13,0.2857637286571297,1,0.27778091701797647,0,0,0,0
F1,mpx_006,mpx_009,mpx_009,14,14,0.275997150997151,1,0.25860170861250736,0,0,0,0
F1,mpx_006,mpx_009,mpx_009,15,15,0.22767100056529113,1,0.26111448086030403,0,0,0,0
F1,mpx_006,mpx_009,mpx_009,16,16,0.22663316582914572,1,0.2555824996594292,0,0,0,0
F1,mpx_006,mpx_009,mpx_009,17,17,0.21324324324324323,1,0.2035432941837893,0,0,1,1
F1,mpx_006,mpx_009,mpx_009,18,18,0.1872391174716756,1,0.169987730697047,0,1,1,1
F1,mpx_006,mpx_009,mpx_009,19,19,0.1583956492182189,1,0.17486644523143507,1,1,1,1
F1,mpx_006,mpx_009,mpx_009,20,20,0.15264255910987481,1,0.16373210741828284,1,1,1,1
F1,mpx_006,mpx_009,mpx_009,21,21,0.15331010452961671,1,0.15439985870003833,1,1,1,1
F1,mpx_006,mpx_009,mpx_009,22,22,0.13173400673400673,1,0.15079438957696087,1,1,1,1
F1,mpx_006,mpx_009,mpx_009,23,23,0.05953533397870281,1,0.12804947305692424,1,1,1,1
F1,mpx_006,mpx_009,mpx_009,24,24,0.051521099116781155,1,0.10848142585001365,1,1,1,1
F1,mpx_006,mpx_009,mpx_009,25,25,0.030692549842602307,1,0.10945146541067478,1,1,1,1
F1,mpx_006,mpx_009,mpx_009,26,26,0.03054662379421222,1,0.10831220178323811,1,1,1,1
F1,mpx_006,mpx_009,mpx_009,27,27,0.025485436893203883,1,0.11715044150848077,1,1,1,1
F1,mpx_006,mpx_009,mpx_009,28,28,0.029069767441860465,1,0.10094011282980052,1,1,1,1
F1,mpx_006,mpx_009,mpx_009,29,29,0.029069767441860465,1,0.09384446701079567,1,1,1,1
F1,mpx_006,mpx_009,mpx_009,30,30,0.029069767441860465,1,0.08015959721454655,1,1,1,1
F1,mpx_006,mpx_009,mpx_009,31,31,0.029069767441860465,1,0.07843796808859335,1,1,1,1
F1,mpx_006,mpx_009,mpx_009,32,32,0.029069767441860465,1,0.0767618426302035,1,1,1,1
F1,mpx_006,mpx_009,mpx_009,33,33,0.029069767441860465,1,0.07513435237050853,1,1,1,1
F1,mpx_006,mpx_009,mpx_009,34,34,0.029069767441860465,1,0.07355375758390104,1,1,1,1
F1,mpx_006,mpx_009,mpx_009,35,35,0.029069767441860465,1,0.07201720816563406,1,1,1,1
F1,mpx_006,mpx_009,mpx_009,36,36,0.029069767441860465,1,0.07052333438115796,1,1,1,1
F1,mpx_006,mpx_010,mpx_010,3,3,0.552521805081532,1,0.6338746962362501,0,0,0,0
F1,mpx_006,mpx_010,mpx_010,4,4,0.5508203281312525,1,0.5613970147714684,0,0,0,0
F1,mpx_006,mpx_010,mpx_010,5,5,0.5225806451612903,1,0.5081913719870533,0,0,0,0
F1,mpx_006,mpx_010,mpx_010,6,6,0.5197324966974901,1,0.49119888100458997,0,0,0,0
F1,mpx_006,mpx_010,mpx_010,7,7,0.44289844597036504,1,0.4481366621255825,0,0,0,0
F1,mpx_006,mpx_010,mpx_010,8,8,0.4455322178711285,1,0.4174495242038904,0,0,0,0
F1,mpx_006,mpx_010,mpx_010,9,9,0.4187617850408548,1,0.3911527716129623,0,0,0,0
F1,mpx_006,mpx_010,mpx_010,10,10,0.37011854951185497,1,0.37218744554122973,0,0,0,0
F1,mpx_006,mpx_010,mpx_010,11,11,0.29808037316110514,1,0.3408960794716199,0,0,0,0
F1,mpx_006,mpx_010,mpx_010,12,12,0.27196485623003197,1,0.3095457411832854,0,0,0,0
F1,mpx_006,mpx_010,mpx_010,13,13,0.2615878843506195,1,0.2809380886955672,0,0,0,0
F1,mpx_006,mpx_010,mpx_010,14,14,0.2495287464655985,1,0.26572395314224617,0,0,0,0
F1,mpx_006,mpx_010,mpx_010,15,15,0.24621212121212122,1,0.25735590563831184,0,0,0,0
F1,mpx_006,mpx_010,mpx_010,16,16,0.18739205526770294,1,0.2611389454689435,0,0,0,0
F1,mpx_006,mpx_010,mpx_010,17,17,0.23773908778813144,1,0.2542987620349055,0,0,0,0
F1,mpx_006,mpx_010,mpx_010,18,18,0.20613079019073569,1,0.20405972379463297,0,0,1,1
F1,mpx_006,mpx_010,mpx_010,19,19,0.17786144578313254,1,0.17152076614494802,0,1,1,1
F1,mpx_006,mpx_010,mpx_010,20,20,0.14017800381436746,1,0.1765248293467325,0,1,1,1
F1,mpx_006,mpx_010,mpx_010,21,21,0.13618677042801555,1,0.16185945517627306,0,1,1,1
F1,mpx_006,mpx_010,mpx_010,22,22,0.13420195439739413,1,0.14934996278104165,0,1,1,1
F1,mpx_006,mpx_010,mpx_010,23,23,0.15037983425414364,1,0.15798275922135802,1,1,1,1
F1,mpx_006,mpx_010,mpx_010,24,24,0.15037983425414364,1,0.14233881669205298,1,1,1,1
F1,mpx_006,mpx_010,mpx_010,25,25,0.14086294416243655,1,0.12044941924507542,1,1,1,1
F1,mpx_006,mpx_010,mpx_010,26,26,0.0668429003021148,1,0.11282620962972358,1,1,1,1
F1,mpx_006,mpx_010,mpx_010,27,27,0.0583969465648855,1,0.0963272967625943,1,1,1,1
F1,mpx_006,mpx_010,mpx_010,28,28,0.041701244813278006,1,0.09204475804043362,1,1,1,1
F1,mpx_006,mpx_010,mpx_010,29,29,0.04515209125475285,1,0.08973886853750171,1,1,1,1
F1,mpx_006,mpx_010,mpx_010,30,30,0.036650485436893206,1,0.08721486154465659,1,1,1,1
F1,mpx_006,mpx_010,mpx_010,31,31,0.009746588693957114,1,0.12406583666137311,1,1,1,1
F1,mpx_006,mpx_010,mpx_010,32,32,0.009606147934678195,1,0.08554473106012435,1,1,1,1
F1,mpx_006,mpx_010,mpx_010,33,33,0.009606147934678195,1,0.04565401447393855,1,1,1,1
F1,mpx_006,mpx_010,mpx_010,34,34,0.009606147934678195,1,0.04312027337856372,1,1,1,1
F1,mpx_006,mpx_010,mpx_010,35,35,0.009606147934678195,1,0.04158923099861361,1,1,1,1
F1,mpx_006,mpx_010,mpx_010,36,36,0.009606147934678195,1,0.040096309900987864,1,1,1,1
F1,mpx_006,mpx_010,mpx_010,37,37,0.009606147934678195,1,0.038642103228225505,1,1,1,1
F1,mpx_006,mpx_010,mpx_010,38,38,0.009606147934678195,1,0.037227249205592006,1,1,1,1
F1,mpx_006,mpx_010,mpx_010,39,39,0.009606147934678195,1,0.035846482767730975,1,1,1,1
F1,mpx_006,mpx_010,mpx_010,40,40,0.009606147934678195,1,0.034480792263443194,1,1,1,1
F1,mpx_007,mpx_001,mpx_001,3,3,0.6065005620082428,1,0.6181124751405586,0,0,0,0
F1,mpx_007,mpx_001,mpx_001,4,4,0.5217815344603381,1,0.5401913637131989,0,0,0,0
F1,mpx_007,mpx_001,mpx_001,5,5,0.5769379097570382,1,0.4955611815138368,0,0,0,0
F1,mpx_007,mpx_001,mpx_001,6,6,0.5556057866184448,1,0.48274119840495205,0,0,0,0
F1,mpx_007,mpx_001,mpx_001,7,7,0.5194575471698113,1,0.4403071980344131,0,0,0,0
F1,mpx_007,mpx_001,mpx_001,8,8,0.5017568517217147,1,0.41101650697233433,0,0,0,0
F1,mpx_007,mpx_001,mpx_001,9,9,0.5049001814882033,1,0.37215156395384635,0,0,0,0
F1,mpx_007,mpx_001,mpx_001,10,10,0.4974719101123595,1,0.34547951527823656,0,0,0,0
F1,mpx_007,mpx_001,mpx_001,11,11,0.4577831827658096,1,0.35419294609424473,0,0,0,0
F1,mpx_007,mpx_001,mpx_001,12,12,0.4615817091454273,1,0.3298342631255258,0,0,0,0
F1,mpx_007,mpx_001,mpx_001,13,13,0.3973174030658251,1,0.31129558439714433,0,0,0,0
F1,mpx_007,mpx_001,mpx_001,14,14,0.3569379238393323,1,0.28768079912925676,0,0,0,0
F1,mpx_007,mpx_001,mpx_001,15,15,0.3658119658119658,1,0.25900713713124157,0,0,0,0
F1,mpx_007,mpx_001,mpx_001,16,16,0.3568019093078759,1,0.24787170734675054,0,0,0,0
F1,mpx_007,mpx_001,mpx_001,17,17,0.3432256059664388,1,0.2431231452217999,0,0,0,0
F1,mpx_007,mpx_001,mpx_001,18,18,0.3432256059664388,1,0.23277811330675943,0,0,0,0
F1,mpx_007,mpx_001,mpx_001,19,19,0.34108412322274884,1,0.23501773743432008,0,0,0,0
F1,mpx_007,mpx_001,mpx_001,20,20,0.2252106286454958,1,0.2052536017477945,0,1,1,1
F1,mpx_007,mpx_001,mpx_001,21,21,0.17652899126290708,1,0.15746868118549698,1,1,1,1
F1,mpx_007,mpx_001,mpx_001,22,22,0.10955518945634267,1,0.13655892409868928,1,1,1,1
F1,mpx_007,mpx_001,mpx_001,23,23,0.12847555129434324,1,0.12483888538423965,1,1,1,1
F1,mpx_007,mpx_001,mpx_001,24,24,0.11339937434827946,1,0.10242017001749198,1,1,1,1
F1,mpx_007,mpx_001,mpx_001,25,25,0.11037934668071654,1,0.09196531918513651,1,1,1,1
F1,mpx_007,mpx_001,mpx_001,26,26,0.10059012875536481,1,0.0867539922789206,1,1,1,1
F1,mpx_007,mpx_001,mpx_001,27,27,0.056598407281001135,1,0.08648566997258823,1,1,1,1
F1,mpx_007,mpx_001,mpx_001,28,28,0.08451086956521739,1,0.0784576682060819,1,1,1,1
F1,mpx_007,mpx_001,mpx_001,29,29,0.07377049180327869,1,0.06998734348263569,1,1,1,1
F1,mpx_007,mpx_001,mpx_001,30,30,0.07377049180327869,1,0.06405563515761695,1,1,1,1
F1,mpx_007,mpx_001,mpx_001,31,31,0.07377049180327869,1,0.06102083965558853,1,1,1,1
F1,mpx_007,mpx_001,mpx_001,32,32,0.07377049180327869,1,0.05934169995209844,1,1,1,1
F1,mpx_007,mpx_001,mpx_001,33,33,0.07377049180327869,1,0.05771190701854105,1,1,1,1
F1,mpx_007,mpx_001,mpx_001,34,34,0.07377049180327869,1,0.05612903788898145,1,1,1,1
F1,mpx_007,mpx_001,mpx_001,35,35,0.07377049180327869,1,0.05458739142110976,1,1,1,1
F1,mpx_007,mpx_002,mpx_002,3,3,0.5828273244781784,1,0.6183209188040519,0,0,0,0
F1,mpx_007,mpx_002,mpx_002,4,4,0.5582010582010583,1,0.5430367077808608,0,0,0,0
F1,mpx_007,mpx_002,mpx_002,5,5,0.5757695343330702,1,0.49881598107951214,0,0,0,0
F1,mpx_007,mpx_002,mpx_002,6,6,0.4556597564988483,1,0.47831968561166194,0,0,0,0
F1,mpx_007,mpx_002,mpx_002,7,7,0.4472869360070776,1,0.4125005075724736,0,0,0,0
F1,mpx_007,mpx_002,mpx_002,8,8,0.45437150426847217,1,0.37787013555664295,0,0,0,0
F1,mpx_007,mpx_002,mpx_002,9,9,0.42563853863562884,1,0.34555083826020455,0,0,0,0
F1,mpx_007,mpx_002,mpx_002,10,10,0.3926126126126126,1,0.3258431252721562,0,0,0,0
F1,mpx_007,mpx_002,mpx_002,11,11,0.3585817888799355,1,0.3115494404692696,0,0,0,0
F1,mpx_007,mpx_002,mpx_002,12,12,0.34447916666666667,1,0.2975168308282022,0,0,0,0
F1,mpx_007,mpx_002,mpx_002,13,13,0.29640522875816994,1,0.27740121221383485,0,0,0,0
F1,mpx_007,mpx_002,mpx_002,14,14,0.2627577319587629,1,0.23554181548350056,0,0,0,1
F1,mpx_007,mpx_002,mpx_002,15,15,0.23790322580645162,1,0.22614233413075055,0,0,1,1
F1,mpx_007,mpx_002,mpx_002,16,16,0.2294352363413137,1,0.2114877193385614,0,0,1,1
F1,mpx_007,mpx_002,mpx_002,17,17,0.22189256714553404,1,0.20152342864946787,0,0,1,1
F1,mpx_007,mpx_002,mpx_002,18,18,0.12879362670713201,1,0.18295711269785106,1,1,1,1
F1,mpx_007,mpx_002,mpx_002,19,19,0.1507782101167315,1,0.16780890184359504,1,1,1,1
F1,mpx_007,mpx_002,mpx_002,20,20,0.07680457746478873,1,0.14394320772520003,1,1,1,1
F1,mpx_007,mpx_002,mpx_002,21,21,0.04848628192999054,1,0.1290639820205734,1,1,1,1
F1,mpx_007,mpx_002,mpx_002,22,22,0.031874405328258804,1,0.11415324038259471,1,1,1,1
F1,mpx_007,mpx_002,mpx_002,23,23,0.03125,1,0.10804103220014073,1,1,1,1
F1,mpx_007,mpx_002,mpx_002,24,24,0.03375337533753375,1,0.11971986613260815,1,1,1,1
F1,mpx_007,mpx_002,mpx_002,25,25,0.025257249766136577,1,0.08978928686281566,1,1,1,1
F1,mpx_007,mpx_002,mpx_002,26,26,0.025233644859813085,1,0.07750084801808835,1,1,1,1
F1,mpx_007,mpx_002,mpx_002,27,27,0.0254323499491353,1,0.08166857176264794,1,1,1,1
F1,mpx_007,mpx_002,mpx_002,28,28,0.03976190476190476,1,0.0789179211012908,1,1,1,1
F1,mpx_007,mpx_002,mpx_002,29,29,0.01708984375,1,0.07255138914394324,1,1,1,1
F1,mpx_007,mpx_002,mpx_002,30,30,0.01708984375,1,0.06327326611601058,1,1,1,1
F1,mpx_007,mpx_002,mpx_002,31,31,0.017123287671232876,1,0.06027973805096217,1,1,1,1
F1,mpx_007,mpx_002,mpx_002,32,32,0.017123287671232876,1,0.05860628092525887,1,1,1,1
F1,mpx_007,mpx_002,mpx_002,33,33,0.017123287671232876,1,0.05698126389620519,1,1,1,1
F1,mpx_007,mpx_002,mpx_002,34,34,0.017123287671232876,1,0.05540182652453126,1,1,1,1
F1,mpx_007,mpx_002,mpx_002,35,35,0.017123287671232876,1,0.05386954922210809,1,1,1,1
F1,mpx_007,mpx_002,mpx_002,36,36,0.017123287671232876,1,0.05237657942257281,1,1,1,1
F1,mpx_007,mpx_002,mpx_002,37,37,0.017123287671232876,1,0.05092252786885778,1,1,1,1
F1,mpx_007,mpx_003,mpx_003,3,3,0.5955643707176344,1,0.6118067599977706,0,0,0,0
F1,mpx_007,mpx_003,mpx_003,4,4,0.5693963860053826,1,0.5426078290323071,0,0,0,0
F1,mpx_007,mpx_003,mpx_003,5,5,0.595224171539961,1,0.49848360544257453,0,0,0,0
F1,mpx_007,mpx_003,mpx_003,6,6,0.5647433747064743,1,0.48636314979402623,0,0,0,0
F1,mpx_007,mpx_003,mpx_003,7,7,0.5831946755407654,1,0.46232730935838195,0,0,0,0
F1,mpx_007,mpx_003,mpx_003,8,8,0.5078179291174427,1,0.43095105809255485,0,0,0,0
F1,mpx_007,mpx_003,mpx_003,9,9,0.5019812680115274,1,0.4017830253273791,0,0,0,0
F1,mpx_007,mpx_003,mpx_003,10,10,0.539460020768432,1,0.38826844142353995,0,0,0,0
F1,mpx_007,mpx_003,mpx_003,11,11,0.5115842204132749,1,0.36844177036438125,0,0,0,0
F1,mpx_007,mpx_003,mpx_003,12,12,0.4670428524697416,1,0.3457490515620868,0,0,0,0
F1,mpx_007,mpx_003,mpx_003,13,13,0.42064914376742335,1,0.3098154941439528,0,0,0,0
F1,mpx_007,mpx_003,mpx_003,14,14,0.37399193548387094,1,0.28814981322918826,0,0,0,0
F1,mpx_007,mpx_003,mpx_003,15,15,0.3703125,1,0.2724703997218439,0,0,0,0
F1,mpx_007,mpx_003,mpx_003,16,16,0.37266059686393527,1,0.26359043707356866,0,0,0,0
F1,mpx_007,mpx_003,mpx_003,17,17,0.3661631419939577,1,0.26927374656897995,0,0,0,0
F1,mpx_007,mpx_003,mpx_003,18,18,0.2889531345100426,1,0.26168833426512106,0,0,0,0
F1,mpx_007,mpx_003,mpx_003,19,19,0.3002776064157927,1,0.23737355491498868,0,0,0,1
F1,mpx_007,mpx_003,mpx_003,20,20,0.3047153024911032,1,0.22111282966506898,0,0,0,1
F1,mpx_007,mpx_003,mpx_003,21,21,0.29255698005698005,1,0.19142611156146191,0,1,1,1
F1,mpx_007,mpx_003,mpx_003,22,22,0.2615881458966565,1,0.17267331269675046,1,1,1,1
F1,mpx_007,mpx_003,mpx_003,23,23,0.182062966031483,1,0.1530552166873298,1,1,1,1
F1,mpx_007,mpx_003,mpx_003,24,24,0.1799913569576491,1,0.12863074557752419,1,1,1,1
F1,mpx_007,mpx_003,mpx_003,25,25,0.14772727272727273,1,0.11925525621995667,1,1,1,1
F1,mpx_007,mpx_003,mpx_003,26,26,0.15691021126760563,1,0.11047980784205252,1,1,1,1
F1,mpx_007,mpx_003,mpx_003,27,27,0.14925373134328357,1,0.09881811892289322,1,1,1,1
F1,mpx_007,mpx_003,mpx_003,28,28,0.11656118143459916,1,0.0876757577027541,1,1,1,1
F1,mpx_007,mpx_003,mpx_003,29,29,0.01066925315227934,1,0.07994374686312399,1,1,1,1
F1,mpx_007,mpx_003,mpx_003,30,30,0.018649669499527857,1,0.08133251456862564,1,1,1,1
F1,mpx_007,mpx_003,mpx_003,31,31,0.011560693641618497,1,0.06929458641021614,1,1,1,1
F1,mpx_007,mpx_003,mpx_003,32,32,0.009471585244267198,1,0.054116004900793685,1,1,1,1
F1,mpx_007,mpx_003,mpx_003,33,33,0.008655804480651732,1,0.04956584608238652,1,1,1,1
F1,mpx_007,mpx_003,mpx_003,34,34,0.008655804480651732,1,0.046194340391122794,1,1,1,1
F1,mpx_007,mpx_003,mpx_003,35,35,0.008655804480651732,1,0.04407532155061318,1,1,1,1
F1,mpx_007,mpx_003,mpx_003,36,36,0.008655804480651732,1,0.04256179207617007,1,1,1,1
F1,mpx_007,mpx_003,mpx_003,37,37,0.008655804480651732,1,0.04108474046229295,1,1,1,1
F1,mpx_007,mpx_003,mpx_003,38,38,0.008655804480651732,1,0.03965018622006547,1,1,1,1
F1,mpx_007,mpx_003,mpx_003,39,39,0.008655804480651732,1,0.03824870416333338,1,1,1,1
F1,mpx_007,mpx_003,mpx_003,40,40,0.008655804480651732,1,0.03687732965471123,1,1,1,1
F1,mpx_007,mpx_003,mpx_003,41,41,0.008655804480651732,1,0.03554210589154348,1,1,1,1
F1,mpx_007,mpx_004,mpx_004,3,3,0.590662776156732,1,0.6180800213021329,0,0,0,0
F1,mpx_007,mpx_004,mpx_004,4,4,0.5101778193729527,1,0.5353211763384044,0,0,0,0
F1,mpx_007,mpx_004,mpx_004,5,5,0.5884559884559885,1,0.520730193537859,0,0,0,0
F1,mpx_007,mpx_004,mpx_004,6,6,0.5170893906588309,1,0.46803538810915457,0,0,0,0
F1,mpx_007,mpx_004,mpx_004,7,7,0.511353517364203,1,0.4348233962471623,0,0,0,0
F1,mpx_007,mpx_004,mpx_004,8,8,0.49756135934550033,1,0.4039967784932147,0,0,0,0
F1,mpx_007,mpx_004,mpx_004,9,9,0.4259229274611399,1,0.3862348688718197,0,0,0,0
F1,mpx_007,mpx_004,mpx_004,10,10,0.47587038952085486,1,0.3758430911587754,0,0,0,0
F1,mpx_007,mpx_004,mpx_004,11,11,0.3929170159262364,1,0.33716196789133135,0,0,0,0
F1,mpx_007,mpx_004,mpx_004,12,12,0.3393089960886571,1,0.31779614555951763,0,0,0,0
F1,mpx_007,mpx_004,mpx_004,13,13,0.3075191355245385,1,0.3001805983364902,0,0,0,0
F1,mpx_007,mpx_004,mpx_004,14,14,0.26100151745068284,1,0.2595549867527787,0,0,0,0
F1,mpx_007,mpx_004,mpx_004,15,15,0.23688524590163934,1,0.22793082023614678,0,0,0,1
F1,mpx_007,mpx_004,mpx_004,16,16,0.14719140083217752,1,0.24795375259267802,1,1,1,1
F1,mpx_007,mpx_004,mpx_004,17,17,0.12153790087463556,1,0.21061378313454954,1,1,1,1
F1,mpx_007,mpx_004,mpx_004,18,18,0.08132279534109817,1,0.18549837146215337,1,1,1,1
F1,mpx_007,mpx_004,mpx_004,19,19,0.0518783542039356,1,0.17668666487228954,1,1,1,1
F1,mpx_007,mpx_004,mpx_004,20,20,0.03936269915651359,1,0.15403618261171273,1,1,1,1
F1,mpx_007,mpx_004,mpx_004,21,21,0.0413022351797862,1,0.1389287291523864,1,1,1,1
F1,mpx_007,mpx_004,mpx_004,22,22,0.023290386521308225,1,0.14145729829178907,1,1,1,1
F1,mpx_007,mpx_004,mpx_004,23,23,0.024594320486815417,1,0.14319544890249603,1,1,1,1
F1,mpx_007,mpx_004,mpx_004,24,24,0.02447023208879919,1,0.11802760814127891,1,1,1,1
F1,mpx_007,mpx_004,mpx_004,25,25,0.011059371362048894,1,0.1173399097578648,1,1,1,1
F1,mpx_007,mpx_004,mpx_004,26,26,0.007647058823529412,1,0.10272133932154133,1,1,1,1
F1,mpx_007,mpx_004,mpx_004,27,27,0.004146919431279621,1,0.09233012404555768,1,1,1,1
F1,mpx_007,mpx_004,mpx_004,28,28,0.0031605562579013905,1,0.08917419875920372,1,1,1,1
F1,mpx_007,mpx_004,mpx_004,29,29,0.0031645569620253164,1,0.08670675147185208,1,1,1,1
F1,mpx_007,mpx_004,mpx_004,30,30,0.007362784471218206,1,0.09429384192830187,1,1,1,1
F1,mpx_007,mpx_004,mpx_004,31,31,0.007362784471218206,1,0.08858075119386304,1,1,1,1
F1,mpx_007,mpx_004,mpx_004,32,32,0.007362784471218206,1,0.0828245311380877,1,1,1,1
F1,mpx_007,mpx_004,mpx_004,33,33,0.007362784471218206,1,0.08121493217373192,1,1,1,1
F1,mpx_007,mpx_004,mpx_004,34,34,0.007362784471218206,1,0.07964191520126064,1,1,1,1
F1,mpx_007,mpx_004,mpx_004,35,35,0.007362784471218206,1,0.0781169417795451,1,1,1,1
F1,mpx_007,mpx_004,mpx_004,36,36,0.007362784471218206,1,0.07663833695635987,1,1,1,1
F1,mpx_007,mpx_005,mpx_005,3,3,0.5628006872852234,1,0.6138712320204692,0,0,0,0
F1,mpx_007,mpx_005,mpx_005,4,4,0.5604651162790698,1,0.551727463059073,0,0,0,0
F1,mpx_007,mpx_005,mpx_005,5,5,0.5696737817156665,1,0.4975994746301745,0,0,0,0
F1,mpx_007,mpx_005,mpx_005,6,6,0.5792553191489361,1,0.47710203722582895,0,0,0,0
F1,mpx_007,mpx_005,mpx_005,7,7,0.5131138392857143,1,0.4455816107255774,0,0,0,0
F1,mpx_007,mpx_005,mpx_005,8,8,0.5186228197674418,1,0.41820265000575035,0,0,0,0
F1,mpx_007,mpx_005,mpx_005,9,9,0.4543335635359116,1,0.3896386560671939,0,0,0,0
F1,mpx_007,mpx_005,mpx_005,10,10,0.40365448504983387,1,0.3677025493538849,0,0,0,0
F1,mpx_007,mpx_005,mpx_005,11,11,0.3359228753275927,1,0.3259574125599921,0,0,0,0
F1,mpx_007,mpx_005,mpx_005,12,12,0.3365584685809405,1,0.2933537984272326,0,0,0,0
F1,mpx_007,mpx_005,mpx_005,13,13,0.30169753086419754,1,0.2491481346205179,0,0,0,0
F1,mpx_007,mpx_005,mpx_005,14,14,0.2949571836346337,1,0.21771310914190842,0,0,0,1
F1,mpx_007,mpx_005,mpx_005,15,15,0.26784702549575073,1,0.213217800094462,0,0,1,1
F1,mpx_007,mpx_005,mpx_005,16,16,0.18384714193962748,1,0.1935494495884973,0,1,1,1
F1,mpx_007,mpx_005,mpx_005,17,17,0.18648208469055375,1,0.1818275285470969,0,1,1,1
F1,mpx_007,mpx_005,mpx_005,18,18,0.15840118430792005,1,0.17631944315579073,1,1,1,1
F1,mpx_007,mpx_005,mpx_005,19,19,0.1282642089093702,1,0.16702053548796952,1,1,1,1
F1,mpx_007,mpx_005,mpx_005,20,20,0.10203252032520325,1,0.14590748521547975,1,1,1,1
F1,mpx_007,mpx_005,mpx_005,21,21,0.05615640599001664,1,0.12373481991729449,1,1,1,1
F1,mpx_007,mpx_005,mpx_005,22,22,0.05211864406779661,1,0.10845425087666793,1,1,1,1
F1,mpx_007,mpx_005,mpx_005,23,23,0.04287003610108303,1,0.10163584832350617,1,1,1,1
F1,mpx_007,mpx_005,mpx_005,24,24,0.04406307977736549,1,0.09594924297887802,1,1,1,1
F1,mpx_007,mpx_005,mpx_005,25,25,0.048676748582230624,1,0.0946433832651918,1,1,1,1
F1,mpx_007,mpx_005,mpx_005,26,26,0.04398826979472141,1,0.09218617084707466,1,1,1,1
F1,mpx_007,mpx_005,mpx_005,27,27,0.0006234413965087282,1,0.15601590752028235,1,1,1,1
F1,mpx_007,mpx_005,mpx_005,28,28,0.0006234413965087282,1,0.11829074177104862,1,1,1,1
F1,mpx_007,mpx_005,mpx_005,29,29,0.0006234413965087282,1,0.08018697308846591,1,1,1,1
F1,mpx_007,mpx_005,mpx_005,30,30,0.0006234413965087282,1,0.07844102912954225,1,1,1,1
F1,mpx_007,mpx_005,mpx_005,31,31,0.0006234413965087282,1,0.07674850803002468,1,1,1,1
F1,mpx_007,mpx_005,mpx_005,32,32,0.0006234413965087282,1,0.07510652814336148,1,1,1,1
F1,mpx_007,mpx_005,mpx_005,33,33,0.0006234413965087282,1,0.07351454343785303,1,1,1,1
F1,mpx_007,mpx_005,mpx_005,34,34,0.0006234413965087282,1,0.07196876539244414,1,1,1,1
F1,mpx_007,mpx_006,mpx_006,3,3,0.5522629310344828,1,0.6150320434234032,0,0,0,0
F1,mpx_007,mpx_006,mpx_006,4,4,0.5293321299638989,1,0.5370517308871016,0,0,0,0
F1,mpx_007,mpx_006,mpx_006,5,5,0.5594879518072289,1,0.49352037717108305,0,0,0,0
F1,mpx_007,mpx_006,mpx_006,6,6,0.527581567440296,1,0.4628955604441725,0,0,0,0
F1,mpx_007,mpx_006,mpx_006,7,7,0.5314994793474488,1,0.4292297833189461,0,0,0,0
F1,mpx_007,mpx_006,mpx_006,8,8,0.4867296045600285,1,0.3874746994390374,0,0,0,0
F1,mpx_007,mpx_006,mpx_006,9,9,0.4996242014280346,1,0.38615206189958357,0,0,0,0
F1,mpx_007,mpx_006,mpx_006,10,10,0.4318103149878851,1,0.3755356762628493,0,0,0,0
F1,mpx_007,mpx_006,mpx_006,11,11,0.4251808501991384,1,0.35661060581330034,0,0,0,0
F1,mpx_007,mpx_006,mpx_006,12,12,0.4153722009279806,1,0.3280042486135497,0,0,0,0
F1,mpx_007,mpx_006,mpx_006,13,13,0.37215391621129323,1,0.2934034598354169,0,0,0,0
F1,mpx_007,mpx_006,mpx_006,14,14,0.3720319920019995,1,0.2704074612617103,0,0,0,0
F1,mpx_007,mpx_006,mpx_006,15,15,0.3666317991631799,1,0.2605194846599485,0,0,0,0
F1,mpx_007,mpx_006,mpx_006,16,16,0.3573565406581452,1,0.25220066116810674,0,0,0,0
F1,mpx_007,mpx_006,mpx_006,17,17,0.3251412429378531,1,0.2573130617689921,0,0,0,0
F1,mpx_007,mpx_006,mpx_006,18,18,0.34622718605284664,1,0.2516351694319728,0,0,0,0
F1,mpx_007,mpx_006,mpx_006,19,19,0.33607860135818524,1,0.20060376148232037,0,0,1,1
F1,mpx_007,mpx_006,mpx_006,20,20,0.31627296587926507,1,0.16543163236617855,0,1,1,1
F1,mpx_007,mpx_006,mpx_006,21,21,0.2681145852836547,1,0.1674573878259329,1,1,1,1
F1,mpx_007,mpx_006,mpx_006,22,22,0.2399835627696733,1,0.14222032654523334,1,1,1,1
F1,mpx_007,mpx_006,mpx_006,23,23,0.24792485801660114,1,0.13984237491828444,1,1,1,1
F1,mpx_007,mpx_006,mpx_006,24,24,0.009059745347698335,1,0.15259056750628858,1,1,1,1
F1,mpx_007,mpx_006,mpx_006,25,25,0.0071499013806706115,1,0.1096948828484607,1,1,1,1
F1,mpx_007,mpx_006,mpx_006,26,26,0.008887614678899083,1,0.10377022469816738,1,1,1,1
F1,mpx_007,mpx_006,mpx_006,27,27,0.009548611111111112,1,0.0925155210026988,1,1,1,1
F1,mpx_007,mpx_006,mpx_006,28,28,0.009548611111111112,1,0.07924154137710349,1,1,1,1
F1,mpx_007,mpx_006,mpx_006,29,29,0.006815703380588877,1,0.08501580986945613,1,1,1,1
F1,mpx_007,mpx_006,mpx_006,30,30,0.006815703380588877,1,0.07483327547899608,1,1,1,1
F1,mpx_007,mpx_006,mpx_006,31,31,0.006815703380588877,1,0.06474815820687507,1,1,1,1
F1,mpx_007,mpx_006,mpx_006,32,32,0.006815703380588877,1,0.06308256308559554,1,1,1,1
F1,mpx_007,mpx_006,mpx_006,33,33,0.006815703380588877,1,0.06146923493063395,1,1,1,1
F1,mpx_007,mpx_006,mpx_006,34,34,0.006815703380588877,1,0.05989520979887137,1,1,1,1
F1,mpx_007,mpx_006,mpx_006,35,35,0.006815703380588877,1,0.058367935696733264,1,1,1,1
F1,mpx_007,mpx_006,mpx_006,36,36,0.006815703380588877,1,0.05688404869490138,1,1,1,1
F1,mpx_007,mpx_008,mpx_008,3,3,0.5806645316253003,1,0.6226104117208069,0,0,0,0
F1,mpx_007,mpx_008,mpx_008,4,4,0.5477707006369427,1,0.5483187282388735,0,0,0,0
F1,mpx_007,mpx_008,mpx_008,5,5,0.5409054805401112,1,0.4999203521252651,0,0,0,0
F1,mpx_007,mpx_008,mpx_008,6,6,0.48241539482415396,1,0.47427521150449775,0,0,0,0
F1,mpx_007,mpx_008,mpx_008,7,7,0.5043092018032352,1,0.4221759810113137,0,0,0,0
F1,mpx_007,mpx_008,mpx_008,8,8,0.5109121432568551,1,0.3901504135388543,0,0,0,0
F1,mpx_007,mpx_008,mpx_008,9,9,0.45834842448388263,1,0.35495383504838174,0,0,0,0
F1,mpx_007,mpx_008,mpx_008,10,10,0.44056992875890516,1,0.32010012715241043,0,0,0,0
F1,mpx_007,mpx_008,mpx_008,11,11,0.4366615561517823,1,0.2992286910431913,0,0,0,0
F1,mpx_007,mpx_008,mpx_008,12,12,0.4267362505018065,1,0.2921341329517475,0,0,0,0
F1,mpx_007,mpx_008,mpx_008,13,13,0.38734965635738833,1,0.29130231447092764,0,0,0,0
F1,mpx_007,mpx_008,mpx_008,14,14,0.3309228650137741,1,0.29156155042409926,0,0,0,0
F1,mpx_007,mpx_008,mpx_008,15,15,0.33606020942408377,1,0.2617501524161326,0,0,0,0
F1,mpx_007,mpx_008,mpx_008,16,16,0.31599903474903474,1,0.2264034893534995,0,0,0,0
F1,mpx_007,mpx_008,mpx_008,17,17,0.16896758703481393,1,0.231416872260396,0,0,1,1
F1,mpx_007,mpx_008,mpx_008,18,18,0.16964285714285715,1,0.20292424345638244,0,0,1,1
F1,mpx_007,mpx_008,mpx_008,19,19,0.1518375241779497,1,0.17229098857716285,0,1,1,1
F1,mpx_007,mpx_008,mpx_008,20,20,0.16741935483870968,1,0.16544694277708566,1,1,1,1
F1,mpx_007,mpx_008,mpx_008,21,21,0.16293706293706295,1,0.15209790130595927,1,1,1,1
F1,mpx_007,mpx_008,mpx_008,22,22,0.13515037593984963,1,0.15468619716994883,1,1,1,1
F1,mpx_007,mpx_008,mpx_008,23,23,0.13372093023255813,1,0.14752151503040387,1,1,1,1
F1,mpx_007,mpx_008,mpx_008,24,24,0.08333333333333333,1,0.1503754499477864,1,1,1,1
F1,mpx_007,mpx_008,mpx_008,25,25,0.028110599078341014,1,0.11281474651310433,1,1,1,1
F1,mpx_007,mpx_008,mpx_008,26,26,0.014558232931726908,1,0.0969461738387323,1,1,1,1
F1,mpx_007,mpx_008,mpx_008,27,27,0.018819938962360123,1,0.07933104476749746,1,1,1,1
F1,mpx_007,mpx_008,mpx_008,28,28,0.021538461538461538,1,0.07610428331869347,1,1,1,1
F1,mpx_007,mpx_008,mpx_008,29,29,0.021538461538461538,1,0.06991880242994891,1,1,1,1
F1,mpx_007,mpx_008,mpx_008,30,30,0.021538461538461538,1,0.06508616282287805,1,1,1,1
F1,mpx_007,mpx_008,mpx_008,31,31,0.021538461538461538,1,0.06338072565087768,1,1,1,1
F1,mpx_007,mpx_008,mpx_008,32,32,0.021538461538461538,1,0.06172909012113348,1,1,1,1
F1,mpx_007,mpx_008,mpx_008,33,33,0.021538461538461538,1,0.06012528108371046,1,1,1,1
F1,mpx_007,mpx_008,mpx_008,34,34,0.021538461538461538,1,0.05856719634311755,1,1,1,1
F1,mpx_007,mpx_008,mpx_008,35,35,0.021538461538461538,1,0.05703609030004131,1,1,1,1
F1,mpx_007,mpx_009,mpx_009,3,3,0.6009525588345163,1,0.6174394283589535,0,0,0,0
F1,mpx_007,mpx_009,mpx_009,4,4,0.5832457062740974,1,0.544485915948853,0,0,0,0
F1,mpx_007,mpx_009,mpx_009,5,5,0.5904588112617309,1,0.49849020072072553,0,0,0,0
F1,mpx_007,mpx_009,mpx_009,6,6,0.5553923263048738,1,0.48403440624682664,0,0,0,0
F1,mpx_007,mpx_009,mpx_009,7,7,0.5278614457831325,1,0.44736624373671724,0,0,0,0
F1,mpx_007,mpx_009,mpx_009,8,8,0.5185741088180112,1,0.4194015123207677,0,0,0,0
F1,mpx_007,mpx_009,mpx_009,9,9,0.4286544850498339,1,0.3838670176011748,0,0,0,0
F1,mpx_007,mpx_009,mpx_009,10,10,0.387208067940552,1,0.35757247800233644,0,0,0,0
F1,mpx_007,mpx_009,mpx_009,11,11,0.36305408702724684,1,0.3184939486642339,0,0,0,0
F1,mpx_007,mpx_009,mpx_009,12,12,0.2995147772386414,1,0.2992580017126294,0,0,0,0
F1,mpx_007,mpx_009,mpx_009,13,13,0.2857637286571297,1,0.2819143405335816,0,0,0,0
F1,mpx_007,mpx_009,mpx_009,14,14,0.275997150997151,1,0.2636794839559955,0,0,0,0
F1,mpx_007,mpx_009,mpx_009,15,15,0.22767100056529113,1,0.26508755093480946,0,0,0,0
F1,mpx_007,mpx_009,mpx_009,16,16,0.22663316582914572,1,0.2558907638274716,0,0,0,0
F1,mpx_007,mpx_009,mpx_009,17,17,0.21324324324324323,1,0.2057325058109805,0,0,1,1
F1,mpx_007,mpx_009,mpx_009,18,18,0.1872391174716756,1,0.17486207657000832,0,1,1,1
F1,mpx_007,mpx_009,mpx_009,19,19,0.1583956492182189,1,0.17799511858871397,1,1,1,1
F1,mpx_007,mpx_009,mpx_009,20,20,0.15264255910987481,1,0.16758372739969074,1,1,1,1
F1,mpx_007,mpx_009,mpx_009,21,21,0.15331010452961671,1,0.15910815045004215,1,1,1,1
F1,mpx_007,mpx_009,mpx_009,22,22,0.13173400673400673,1,0.15155635161939485,1,1,1,1
F1,mpx_007,mpx_009,mpx_009,23,23,0.05953533397870281,1,0.1292003379565351,1,1,1,1
F1,mpx_007,mpx_009,mpx_009,24,24,0.051521099116781155,1,0.11229033207061534,1,1,1,1
F1,mpx_007,mpx_009,mpx_009,25,25,0.030692549842602307,1,0.11022761975252576,1,1,1,1
F1,mpx_007,mpx_009,mpx_009,26,26,0.03054662379421222,1,0.10929882080381,1,1,1,1
F1,mpx_007,mpx_009,mpx_009,27,27,0.025485436893203883,1,0.11842266669191173,1,1,1,1
F1,mpx_007,mpx_009,mpx_009,28,28,0.029069767441860465,1,0.1032190537571029,1,1,1,1
F1,mpx_007,mpx_009,mpx_009,29,29,0.029069767441860465,1,0.09707216600663729,1,1,1,1
F1,mpx_007,mpx_009,mpx_009,30,30,0.029069767441860465,1,0.08548085832340119,1,1,1,1
F1,mpx_007,mpx_009,mpx_009,31,31,0.029069767441860465,1,0.08376471918943312,1,1,1,1
F1,mpx_007,mpx_009,mpx_009,32,32,0.029069767441860465,1,0.08209410320530491,1,1,1,1
F1,mpx_007,mpx_009,mpx_009,33,33,0.029069767441860465,1,0.0804720151983371,1,1,1,1
F1,mpx_007,mpx_009,mpx_009,34,34,0.029069767441860465,1,0.0788966972091788,1,1,1,1
F1,mpx_007,mpx_009,mpx_009,35,35,0.029069767441860465,1,0.07736530917750625,1,1,1,1
F1,mpx_007,mpx_009,mpx_009,36,36,0.029069767441860465,1,0.07587646434277912,1,1,1,1
F1,mpx_007,mpx_010,mpx_010,3,3,0.552521805081532,1,0.6275160333946813,0,0,0,0
F1,mpx_007,mpx_010,mpx_010,4,4,0.5508203281312525,1,0.5582589302259774,0,0,0,0
F1,mpx_007,mpx_010,mpx_010,5,5,0.5225806451612903,1,0.5081834672622477,0,0,0,0
F1,mpx_007,mpx_010,mpx_010,6,6,0.5197324966974901,1,0.49052155008509785,0,0,0,0
F1,mpx_007,mpx_010,mpx_010,7,7,0.44289844597036504,1,0.44862369449815676,0,0,0,0
F1,mpx_007,mpx_010,mpx_010,8,8,0.4455322178711285,1,0.4185107960583568,0,0,0,0
F1,mpx_007,mpx_010,mpx_010,9,9,0.4187617850408548,1,0.3905759548382712,0,0,0,0
F1,mpx_007,mpx_010,mpx_010,10,10,0.37011854951185497,1,0.37327935384030203,0,0,0,0
F1,mpx_007,mpx_010,mpx_010,11,11,0.29808037316110514,1,0.3403882615208879,0,0,0,0
F1,mpx_007,mpx_010,mpx_010,12,12,0.27196485623003197,1,0.31147510760671515,0,0,0,0
F1,mpx_007,mpx_010,mpx_010,13,13,0.2615878843506195,1,0.2848746779814413,0,0,0,0
F1,mpx_007,mpx_010,mpx_010,14,14,0.2495287464655985,1,0.2707951874779436,0,0,0,0
F1,mpx_007,mpx_010,mpx_010,15,15,0.24621212121212122,1,0.26269760686153465,0,0,0,0
F1,mpx_007,mpx_010,mpx_010,16,16,0.18739205526770294,1,0.26547347356313994,0,0,0,0
F1,mpx_007,mpx_010,mpx_010,17,17,0.23773908778813144,1,0.2539680970432893,0,0,0,0
F1,mpx_007,mpx_010,mpx_010,18,18,0.20613079019073569,1,0.20606280302038602,0,0,1,1
F1,mpx_007,mpx_010,mpx_010,19,19,0.17786144578313254,1,0.17650257688913748,0,1,1,1
F1,mpx_007,mpx_010,mpx_010,20,20,0.14017800381436746,1,0.17924276381272597,0,1,1,1
F1,mpx_007,mpx_010,mpx_010,21,21,0.13618677042801555,1,0.16566916755576494,0,1,1,1
F1,mpx_007,mpx_010,mpx_010,22,22,0.13420195439739413,1,0.15468548203108484,0,1,1,1
F1,mpx_007,mpx_010,mpx_010,23,23,0.15037983425414364,1,0.16041796233056574,1,1,1,1
F1,mpx_007,mpx_010,mpx_010,24,24,0.15037983425414364,1,0.1465721010794433,1,1,1,1
F1,mpx_007,mpx_010,mpx_010,25,25,0.14086294416243655,1,0.1246544747570779,1,1,1,1
F1,mpx_007,mpx_010,mpx_010,26,26,0.0668429003021148,1,0.11430205934022515,1,1,1,1
F1,mpx_007,mpx_010,mpx_010,27,27,0.0583969465648855,1,0.10008660680231696,1,1,1,1
F1,mpx_007,mpx_010,mpx_010,28,28,0.041701244813278006,1,0.09466678432418628,1,1,1,1
F1,mpx_007,mpx_010,mpx_010,29,29,0.04515209125475285,1,0.09325339326037954,1,1,1,1
F1,mpx_007,mpx_010,mpx_010,30,30,0.036650485436893206,1,0.09102284460167566,1,1,1,1
F1,mpx_007,mpx_010,mpx_010,31,31,0.009746588693957114,1,0.11462483193557989,1,1,1,1
F1,mpx_007,mpx_010,mpx_010,32,32,0.009606147934678195,1,0.08304326065388806,1,1,1,1
F1,mpx_007,mpx_010,mpx_010,33,33,0.009606147934678195,1,0.0505647926324657,1,1,1,1
F1,mpx_007,mpx_010,mpx_010,34,34,0.009606147934678195,1,0.04822690962108561,1,1,1,1
F1,mpx_007,mpx_010,mpx_010,35,35,0.009606147934678195,1,0.046698356280042874,1,1,1,1
F1,mpx_007,mpx_010,mpx_010,36,36,0.009606147934678195,1,0.045207953930014616,1,1,1,1
F1,mpx_007,mpx_010,mpx_010,37,37,0.009606147934678195,1,0.0437562406610113,1,1,1,1
F1,mpx_007,mpx_010,mpx_010,38,38,0.009606147934678195,1,0.042343802207848585,1,1,1,1
F1,mpx_007,mpx_010,mpx_010,39,39,0.009606147934678195,1,0.04096544168944449,1,1,1,1
F1,mpx_007,mpx_010,mpx_010,40,40,0.009606147934678195,1,0.039602492212450824,1,1,1,1
F1,mpx_008,mpx_001,mpx_001,3,3,0.6065005620082428,1,0.6241428768485053,0,0,0,0
F1,mpx_008,mpx_001,mpx_001,4,4,0.5217815344603381,1,0.5435230136032343,0,0,0,0
F1,mpx_008,mpx_001,mpx_001,5,5,0.5769379097570382,1,0.49776727536073767,0,0,0,0
F1,mpx_008,mpx_001,mpx_001,6,6,0.5556057866184448,1,0.48549750174988915,0,0,0,0
F1,mpx_008,mpx_001,mpx_001,7,7,0.5194575471698113,1,0.44231990136343874,0,0,0,0
F1,mpx_008,mpx_001,mpx_001,8,8,0.5017568517217147,1,0.41232738145758824,0,0,0,0
F1,mpx_008,mpx_001,mpx_001,9,9,0.5049001814882033,1,0.3719535999747431,0,0,0,0
F1,mpx_008,mpx_001,mpx_001,10,10,0.4974719101123595,1,0.3440885853789983,0,0,0,0
F1,mpx_008,mpx_001,mpx_001,11,11,0.4577831827658096,1,0.3556841128334989,0,0,0,0
F1,mpx_008,mpx_001,mpx_001,12,12,0.4615817091454273,1,0.3299266096945095,0,0,0,0
F1,mpx_008,mpx_001,mpx_001,13,13,0.3973174030658251,1,0.3126714418981843,0,0,0,0
F1,mpx_008,mpx_001,mpx_001,14,14,0.3569379238393323,1,0.28747581653096504,0,0,0,0
F1,mpx_008,mpx_001,mpx_001,15,15,0.3658119658119658,1,0.25753746756760676,0,0,0,0
F1,mpx_008,mpx_001,mpx_001,16,16,0.3568019093078759,1,0.2458469003153693,0,0,0,0
F1,mpx_008,mpx_001,mpx_001,17,17,0.3432256059664388,1,0.2411385085012004,0,0,0,0
F1,mpx_008,mpx_001,mpx_001,18,18,0.3432256059664388,1,0.2302478255935477,0,0,0,0
F1,mpx_008,mpx_001,mpx_001,19,19,0.34108412322274884,1,0.23492228431716217,0,0,0,0
F1,mpx_008,mpx_001,mpx_001,20,20,0.2252106286454958,1,0.2067985324942261,0,1,1,1
F1,mpx_008,mpx_001,mpx_001,21,21,0.17652899126290708,1,0.1563402532671256,1,1,1,1
F1,mpx_008,mpx_001,mpx_001,22,22,0.10955518945634267,1,0.13629592704221252,1,1,1,1
F1,mpx_008,mpx_001,mpx_001,23,23,0.12847555129434324,1,0.1240605246336871,1,1,1,1
F1,mpx_008,mpx_001,mpx_001,24,24,0.11339937434827946,1,0.10121081607007937,1,1,1,1
F1,mpx_008,mpx_001,mpx_001,25,25,0.11037934668071654,1,0.09006000269602785,1,1,1,1
F1,mpx_008,mpx_001,mpx_001,26,26,0.10059012875536481,1,0.08487353682183679,1,1,1,1
F1,mpx_008,mpx_001,mpx_001,27,27,0.056598407281001135,1,0.08472453093178182,1,1,1,1
F1,mpx_008,mpx_001,mpx_001,28,28,0.08451086956521739,1,0.07669629737341202,1,1,1,1
F1,mpx_008,mpx_001,mpx_001,29,29,0.07377049180327869,1,0.06770361010649549,1,1,1,1
F1,mpx_008,mpx_001,mpx_001,30,30,0.07377049180327869,1,0.061299222694576966,1,1,1,1
F1,mpx_008,mpx_001,mpx_001,31,31,0.07377049180327869,1,0.05811259833326317,1,1,1,1
F1,mpx_008,mpx_001,mpx_001,32,32,0.07377049180327869,1,0.05643147487787685,1,1,1,1
F1,mpx_008,mpx_001,mpx_001,33,33,0.07377049180327869,1,0.05479972044134447,1,1,1,1
F1,mpx_008,mpx_001,mpx_001,34,34,0.07377049180327869,1,0.053214919461211804,1,1,1,1
F1,mpx_008,mpx_001,mpx_001,35,35,0.07377049180327869,1,0.05167131939053034,1,1,1,1
F1,mpx_008,mpx_002,mpx_002,3,3,0.5828273244781784,1,0.6239655310096446,0,0,0,0
F1,mpx_008,mpx_002,mpx_002,4,4,0.5582010582010583,1,0.5465926481484917,0,0,0,0
F1,mpx_008,mpx_002,mpx_002,5,5,0.5757695343330702,1,0.5006665675791079,0,0,0,0
F1,mpx_008,mpx_002,mpx_002,6,6,0.4556597564988483,1,0.4816456098358234,0,0,0,0
F1,mpx_008,mpx_002,mpx_002,7,7,0.4472869360070776,1,0.41543190153243753,0,0,0,0
F1,mpx_008,mpx_002,mpx_002,8,8,0.45437150426847217,1,0.37915929485048633,0,0,0,0
F1,mpx_008,mpx_002,mpx_002,9,9,0.42563853863562884,1,0.34548630685126663,0,0,0,0
F1,mpx_008,mpx_002,mpx_002,10,10,0.3926126126126126,1,0.32477203315685044,0,0,0,0
F1,mpx_008,mpx_002,mpx_002,11,11,0.3585817888799355,1,0.31047926413781046,0,0,0,0
F1,mpx_008,mpx_002,mpx_002,12,12,0.34447916666666667,1,0.2980530150790824,0,0,0,0
F1,mpx_008,mpx_002,mpx_002,13,13,0.29640522875816994,1,0.27725788386089395,0,0,0,0
F1,mpx_008,mpx_002,mpx_002,14,14,0.2627577319587629,1,0.2336687212966268,0,0,0,1
F1,mpx_008,mpx_002,mpx_002,15,15,0.23790322580645162,1,0.22490832931620944,0,0,1,1
F1,mpx_008,mpx_002,mpx_002,16,16,0.2294352363413137,1,0.2096130004166424,0,0,1,1
F1,mpx_008,mpx_002,mpx_002,17,17,0.22189256714553404,1,0.19943862917034022,0,0,1,1
F1,mpx_008,mpx_002,mpx_002,18,18,0.12879362670713201,1,0.18334733736683667,1,1,1,1
F1,mpx_008,mpx_002,mpx_002,19,19,0.1507782101167315,1,0.16736198733133398,1,1,1,1
F1,mpx_008,mpx_002,mpx_002,20,20,0.07680457746478873,1,0.14276631179649174,1,1,1,1
F1,mpx_008,mpx_002,mpx_002,21,21,0.04848628192999054,1,0.12739578177386868,1,1,1,1
F1,mpx_008,mpx_002,mpx_002,22,22,0.031874405328258804,1,0.11209090486841786,1,1,1,1
F1,mpx_008,mpx_002,mpx_002,23,23,0.03125,1,0.10550869373876462,1,1,1,1
F1,mpx_008,mpx_002,mpx_002,24,24,0.03375337533753375,1,0.11948003761293267,1,1,1,1
F1,mpx_008,mpx_002,mpx_002,25,25,0.025257249766136577,1,0.0888813902794338,1,1,1,1
F1,mpx_008,mpx_002,mpx_002,26,26,0.025233644859813085,1,0.0752485622443971,1,1,1,1
F1,mpx_008,mpx_002,mpx_002,27,27,0.0254323499491353,1,0.0797400492619737,1,1,1,1
F1,mpx_008,mpx_002,mpx_002,28,28,0.03976190476190476,1,0.07764128365645069,1,1,1,1
F1,mpx_008,mpx_002,mpx_002,29,29,0.01708984375,1,0.0708766912313534,1,1,1,1
F1,mpx_008,mpx_002,mpx_002,30,30,0.01708984375,1,0.060598177904837666,1,1,1,1
F1,mpx_008,mpx_002,mpx_002,31,31,0.017123287671232876,1,0.057415576425977236,1,1,1,1
F1,mpx_008,mpx_002,mpx_002,32,32,0.017123287671232876,1,0.055741805045306056,1,1,1,1
F1,mpx_008,mpx_002,mpx_002,33,33,0.017123287671232876,1,0.0541164321843146,1,1,1,1
F1,mpx_008,mpx_002,mpx_002,34,34,0.017123287671232876,1,0.052536600425457505,1,1,1,1
F1,mpx_008,mpx_002,mpx_002,35,35,0.017123287671232876,1,0.05100396316608492,1,1,1,1
F1,mpx_008,mpx_002,mpx_002,36,36,0.017123287671232876,1,0.04951057886927128,1,1,1,1
F1,mpx_008,mpx_002,mpx_002,37,37,0.017123287671232876,1,0.048056090834842094,1,1,1,1
F1,mpx_008,mpx_003,mpx_003,3,3,0.5955643707176344,1,0.6176271056743527,0,0,0,0
F1,mpx_008,mpx_003,mpx_003,4,4,0.5693963860053826,1,0.5465415444924803,0,0,0,0
F1,mpx_008,mpx_003,mpx_003,5,5,0.595224171539961,1,0.5008512349907219,0,0,0,0
F1,mpx_008,mpx_003,mpx_003,6,6,0.5647433747064743,1,0.4888906857300533,0,0,0,0
F1,mpx_008,mpx_003,mpx_003,7,7,0.5831946755407654,1,0.464718058335157,0,0,0,0
F1,mpx_008,mpx_003,mpx_003,8,8,0.5078179291174427,1,0.4325473735615634,0,0,0,0
F1,mpx_008,mpx_003,mpx_003,9,9,0.5019812680115274,1,0.40212308824621706,0,0,0,0
F1,mpx_008,mpx_003,mpx_003,10,10,0.539460020768432,1,0.38903726268760336,0,0,0,0
F1,mpx_008,mpx_003,mpx_003,11,11,0.5115842204132749,1,0.3707692534179031,0,0,0,0
F1,mpx_008,mpx_003,mpx_003,12,12,0.4670428524697416,1,0.3470272536361564,0,0,0,0
F1,mpx_008,mpx_003,mpx_003,13,13,0.42064914376742335,1,0.31005649950607744,0,0,0,0
F1,mpx_008,mpx_003,mpx_003,14,14,0.37399193548387094,1,0.28720539699936126,0,0,0,0
F1,mpx_008,mpx_003,mpx_003,15,15,0.3703125,1,0.27106171539890067,0,0,0,0
F1,mpx_008,mpx_003,mpx_003,16,16,0.37266059686393527,1,0.2619038745936867,0,0,0,0
F1,mpx_008,mpx_003,mpx_003,17,17,0.3661631419939577,1,0.2683189591090163,0,0,0,0
F1,mpx_008,mpx_003,mpx_003,18,18,0.2889531345100426,1,0.2623651685621067,0,0,0,0
F1,mpx_008,mpx_003,mpx_003,19,19,0.3002776064157927,1,0.23703869317631301,0,0,0,1
F1,mpx_008,mpx_003,mpx_003,20,20,0.3047153024911032,1,0.22005486654926543,0,0,0,1
F1,mpx_008,mpx_003,mpx_003,21,21,0.29255698005698005,1,0.1907514661177445,0,1,1,1
F1,mpx_008,mpx_003,mpx_003,22,22,0.2615881458966565,1,0.17343922945172163,1,1,1,1
F1,mpx_008,mpx_003,mpx_003,23,23,0.182062966031483,1,0.1532337029992955,1,1,1,1
F1,mpx_008,mpx_003,mpx_003,24,24,0.1799913569576491,1,0.12730485580877743,1,1,1,1
F1,mpx_008,mpx_003,mpx_003,25,25,0.14772727272727273,1,0.11779026814391635,1,1,1,1
F1,mpx_008,mpx_003,mpx_003,26,26,0.15691021126760563,1,0.10863284237540476,1,1,1,1
F1,mpx_008,mpx_003,mpx_003,27,27,0.14925373134328357,1,0.09722475454185651,1,1,1,1
F1,mpx_008,mpx_003,mpx_003,28,28,0.11656118143459916,1,0.08561420277986062,1,1,1,1
F1,mpx_008,mpx_003,mpx_003,29,29,0.01066925315227934,1,0.07839727342966313,1,1,1,1
F1,mpx_008,mpx_003,mpx_003,30,30,0.018649669499527857,1,0.08039163717673999,1,1,1,1
F1,mpx_008,mpx_003,mpx_003,31,31,0.011560693641618497,1,0.06753621580303779,1,1,1,1
F1,mpx_008,mpx_003,mpx_003,32,32,0.009471585244267198,1,0.052066251812243926,1,1,1,1
F1,mpx_008,mpx_003,mpx_003,33,33,0.008655804480651732,1,0.04712994112607348,1,1,1,1
F1,mpx_008,mpx_003,mpx_003,34,34,0.008655804480651732,1,0.04351608430108533,1,1,1,1
F1,mpx_008,mpx_003,mpx_003,35,35,0.008655804480651732,1,0.04131826040019303,1,1,1,1
F1,mpx_008,mpx_003,mpx_003,36,36,0.008655804480651732,1,0.03980196529372611,1,1,1,1
F1,mpx_008,mpx_003,mpx_003,37,37,0.008655804480651732,1,0.038322140780495714,1,1,1,1
F1,mpx_008,mpx_003,mpx_003,38,38,0.008655804480651732,1,0.03688493922002738,1,1,1,1
F1,mpx_008,mpx_003,mpx_003,39,39,0.008655804480651732,1,0.035480808882919906,1,1,1,1
F1,mpx_008,mpx_003,mpx_003,40,40,0.008655804480651732,1,0.0341067637312811,1,1,1,1
F1,mpx_008,mpx_003,mpx_003,41,41,0.008655804480651732,1,0.032768973291686126,1,1,1,1
F1,mpx_008,mpx_004,mpx_004,3,3,0.590662776156732,1,0.6235719006190131,0,0,0,0
F1,mpx_008,mpx_004,mpx_004,4,4,0.5101778193729527,1,0.5376511336834383,0,0,0,0
F1,mpx_008,mpx_004,mpx_004,5,5,0.5884559884559885,1,0.5241965641666101,0,0,0,0
F1,mpx_008,mpx_004,mpx_004,6,6,0.5170893906588309,1,0.47017222713252993,0,0,0,0
F1,mpx_008,mpx_004,mpx_004,7,7,0.511353517364203,1,0.4362937569385653,0,0,0,0
F1,mpx_008,mpx_004,mpx_004,8,8,0.49756135934550033,1,0.40387986570546097,0,0,0,0
F1,mpx_008,mpx_004,mpx_004,9,9,0.4259229274611399,1,0.38585235376161187,0,0,0,0
F1,mpx_008,mpx_004,mpx_004,10,10,0.47587038952085486,1,0.3787859295319871,0,0,0,0
F1,mpx_008,mpx_004,mpx_004,11,11,0.3929170159262364,1,0.33872110706603675,0,0,0,0
F1,mpx_008,mpx_004,mpx_004,12,12,0.3393089960886571,1,0.31829455909815035,0,0,0,0
F1,mpx_008,mpx_004,mpx_004,13,13,0.3075191355245385,1,0.30214813632085796,0,0,0,0
F1,mpx_008,mpx_004,mpx_004,14,14,0.26100151745068284,1,0.2594002912511027,0,0,0,0
F1,mpx_008,mpx_004,mpx_004,15,15,0.23688524590163934,1,0.2256340724284556,0,0,0,1
F1,mpx_008,mpx_004,mpx_004,16,16,0.14719140083217752,1,0.2518266653063145,1,1,1,1
F1,mpx_008,mpx_004,mpx_004,17,17,0.12153790087463556,1,0.21105758113636267,1,1,1,1
F1,mpx_008,mpx_004,mpx_004,18,18,0.08132279534109817,1,0.1861670435030929,1,1,1,1
F1,mpx_008,mpx_004,mpx_004,19,19,0.0518783542039356,1,0.17703573276589946,1,1,1,1
F1,mpx_008,mpx_004,mpx_004,20,20,0.03936269915651359,1,0.15276060463344782,1,1,1,1
F1,mpx_008,mpx_004,mpx_004,21,21,0.0413022351797862,1,0.13769161496775462,1,1,1,1
F1,mpx_008,mpx_004,mpx_004,22,22,0.023290386521308225,1,0.1412478402777516,1,1,1,1
F1,mpx_008,mpx_004,mpx_004,23,23,0.024594320486815417,1,0.1465121351321859,1,1,1,1
F1,mpx_008,mpx_004,mpx_004,24,24,0.02447023208879919,1,0.11875779021192907,1,1,1,1
F1,mpx_008,mpx_004,mpx_004,25,25,0.011059371362048894,1,0.1172376807864614,1,1,1,1
F1,mpx_008,mpx_004,mpx_004,26,26,0.007647058823529412,1,0.10157473890616675,1,1,1,1
F1,mpx_008,mpx_004,mpx_004,27,27,0.004146919431279621,1,0.09012658118894568,1,1,1,1
F1,mpx_008,mpx_004,mpx_004,28,28,0.0031605562579013905,1,0.08665247626845257,1,1,1,1
F1,mpx_008,mpx_004,mpx_004,29,29,0.0031645569620253164,1,0.0840897815770932,1,1,1,1
F1,mpx_008,mpx_004,mpx_004,30,30,0.007362784471218206,1,0.09228393960547679,1,1,1,1
F1,mpx_008,mpx_004,mpx_004,31,31,0.007362784471218206,1,0.08607644447036837,1,1,1,1
F1,mpx_008,mpx_004,mpx_004,32,32,0.007362784471218206,1,0.07981392198037794,1,1,1,1
F1,mpx_008,mpx_004,mpx_004,33,33,0.007362784471218206,1,0.07820579223427603,1,1,1,1
F1,mpx_008,mpx_004,mpx_004,34,34,0.007362784471218206,1,0.07663401168431792,1,1,1,1
F1,mpx_008,mpx_004,mpx_004,35,35,0.007362784471218206,1,0.0751102790615993,1,1,1,1
F1,mpx_008,mpx_004,mpx_004,36,36,0.007362784471218206,1,0.07363293616638951,1,1,1,1
F1,mpx_008,mpx_005,mpx_005,3,3,0.5628006872852234,1,0.6199620671250612,0,0,0,0
F1,mpx_008,mpx_005,mpx_005,4,4,0.5604651162790698,1,0.5562350306647454,0,0,0,0
F1,mpx_008,mpx_005,mpx_005,5,5,0.5696737817156665,1,0.49955209379374194,0,0,0,0
F1,mpx_008,mpx_005,mpx_005,6,6,0.5792553191489361,1,0.479141029266098,0,0,0,0
F1,mpx_008,mpx_005,mpx_005,7,7,0.5131138392857143,1,0.4476813811984632,0,0,0,0
F1,mpx_008,mpx_005,mpx_005,8,8,0.5186228197674418,1,0.4197567919063493,0,0,0,0
F1,mpx_008,mpx_005,mpx_005,9,9,0.4543335635359116,1,0.3915340056739178,0,0,0,0
F1,mpx_008,mpx_005,mpx_005,10,10,0.40365448504983387,1,0.3696155510794741,0,0,0,0
F1,mpx_008,mpx_005,mpx_005,11,11,0.3359228753275927,1,0.32687059578564354,0,0,0,0
F1,mpx_008,mpx_005,mpx_005,12,12,0.3365584685809405,1,0.2941752016467309,0,0,0,0
F1,mpx_008,mpx_005,mpx_005,13,13,0.30169753086419754,1,0.24843591124714232,0,0,0,0
F1,mpx_008,mpx_005,mpx_005,14,14,0.2949571836346337,1,0.21523142233499634,0,0,0,1
F1,mpx_008,mpx_005,mpx_005,15,15,0.26784702549575073,1,0.21161085802502377,0,0,1,1
F1,mpx_008,mpx_005,mpx_005,16,16,0.18384714193962748,1,0.19238815672351184,0,1,1,1
F1,mpx_008,mpx_005,mpx_005,17,17,0.18648208469055375,1,0.17970021015419996,0,1,1,1
F1,mpx_008,mpx_005,mpx_005,18,18,0.15840118430792005,1,0.174258657044966,1,1,1,1
F1,mpx_008,mpx_005,mpx_005,19,19,0.1282642089093702,1,0.16489833984102573,1,1,1,1
F1,mpx_008,mpx_005,mpx_005,20,20,0.10203252032520325,1,0.14437701536961875,1,1,1,1
F1,mpx_008,mpx_005,mpx_005,21,21,0.05615640599001664,1,0.12273588961833866,1,1,1,1
F1,mpx_008,mpx_005,mpx_005,22,22,0.05211864406779661,1,0.10645699558177667,1,1,1,1
F1,mpx_008,mpx_005,mpx_005,23,23,0.04287003610108303,1,0.09981446253085521,1,1,1,1
F1,mpx_008,mpx_005,mpx_005,24,24,0.04406307977736549,1,0.09372565899610878,1,1,1,1
F1,mpx_008,mpx_005,mpx_005,25,25,0.048676748582230624,1,0.09262371812737617,1,1,1,1
F1,mpx_008,mpx_005,mpx_005,26,26,0.04398826979472141,1,0.09000049816032157,1,1,1,1
F1,mpx_008,mpx_005,mpx_005,27,27,0.0006234413965087282,1,0.16200964302327697,1,1,1,1
F1,mpx_008,mpx_005,mpx_005,28,28,0.0006234413965087282,1,0.11977957526315519,1,1,1,1
F1,mpx_008,mpx_005,mpx_005,29,29,0.0006234413965087282,1,0.07711065857576828,1,1,1,1
F1,mpx_008,mpx_005,mpx_005,30,30,0.0006234413965087282,1,0.07536691773919708,1,1,1,1
F1,mpx_008,mpx_005,mpx_005,31,31,0.0006234413965087282,1,0.07367646611597183,1,1,1,1
F1,mpx_008,mpx_005,mpx_005,32,32,0.0006234413965087282,1,0.0720364387382783,1,1,1,1
F1,mpx_008,mpx_005,mpx_005,33,33,0.0006234413965087282,1,0.07044633787585468,1,1,1,1
F1,mpx_008,mpx_005,mpx_005,34,34,0.0006234413965087282,1,0.06890236623974376,1,1,1,1
F1,mpx_008,mpx_006,mpx_006,3,3,0.5522629310344828,1,0.6209890154539177,0,0,0,0
F1,mpx_008,mpx_006,mpx_006,4,4,0.5293321299638989,1,0.5407645554494476,0,0,0,0
F1,mpx_008,mpx_006,mpx_006,5,5,0.5594879518072289,1,0.4955676559789492,0,0,0,0
F1,mpx_008,mpx_006,mpx_006,6,6,0.527581567440296,1,0.46591142271855196,0,0,0,0
F1,mpx_008,mpx_006,mpx_006,7,7,0.5314994793474488,1,0.4313063590876012,0,0,0,0
F1,mpx_008,mpx_006,mpx_006,8,8,0.4867296045600285,1,0.3871081814997881,0,0,0,0
F1,mpx_008,mpx_006,mpx_006,9,9,0.4996242014280346,1,0.38654784091375616,0,0,0,0
F1,mpx_008,mpx_006,mpx_006,10,10,0.4318103149878851,1,0.3773807937387641,0,0,0,0
F1,mpx_008,mpx_006,mpx_006,11,11,0.4251808501991384,1,0.35900794507974193,0,0,0,0
F1,mpx_008,mpx_006,mpx_006,12,12,0.4153722009279806,1,0.32978767562578365,0,0,0,0
F1,mpx_008,mpx_006,mpx_006,13,13,0.37215391621129323,1,0.29298022791780975,0,0,0,0
F1,mpx_008,mpx_006,mpx_006,14,14,0.3720319920019995,1,0.2686880791897265,0,0,0,0
F1,mpx_008,mpx_006,mpx_006,15,15,0.3666317991631799,1,0.2584602319248603,0,0,0,0
F1,mpx_008,mpx_006,mpx_006,16,16,0.3573565406581452,1,0.24992811437515677,0,0,0,0
F1,mpx_008,mpx_006,mpx_006,17,17,0.3251412429378531,1,0.2561858791045025,0,0,0,0
F1,mpx_008,mpx_006,mpx_006,18,18,0.34622718605284664,1,0.25308272920768776,0,0,0,0
F1,mpx_008,mpx_006,mpx_006,19,19,0.33607860135818524,1,0.20058580928722447,0,0,1,1
F1,mpx_008,mpx_006,mpx_006,20,20,0.31627296587926507,1,0.16318042638376115,0,1,1,1
F1,mpx_008,mpx_006,mpx_006,21,21,0.2681145852836547,1,0.16698386114095828,1,1,1,1
F1,mpx_008,mpx_006,mpx_006,22,22,0.2399835627696733,1,0.14213008514555506,1,1,1,1
F1,mpx_008,mpx_006,mpx_006,23,23,0.24792485801660114,1,0.1409073172126615,1,1,1,1
F1,mpx_008,mpx_006,mpx_006,24,24,0.009059745347698335,1,0.1601853164343416,1,1,1,1
F1,mpx_008,mpx_006,mpx_006,25,25,0.0071499013806706115,1,0.11231339164051402,1,1,1,1
F1,mpx_008,mpx_006,mpx_006,26,26,0.008887614678899083,1,0.10393353019581102,1,1,1,1
F1,mpx_008,mpx_006,mpx_006,27,27,0.009548611111111112,1,0.09127453026855903,1,1,1,1
F1,mpx_008,mpx_006,mpx_006,28,28,0.009548611111111112,1,0.07649851036476286,1,1,1,1
F1,mpx_008,mpx_006,mpx_006,29,29,0.006815703380588877,1,0.08430347741316777,1,1,1,1
F1,mpx_008,mpx_006,mpx_006,30,30,0.006815703380588877,1,0.07304058506337735,1,1,1,1
F1,mpx_008,mpx_006,mpx_006,31,31,0.006815703380588877,1,0.06187571618701242,1,1,1,1
F1,mpx_008,mpx_006,mpx_006,32,32,0.006815703380588877,1,0.060209950334201415,1,1,1,1
F1,mpx_008,mpx_006,mpx_006,33,33,0.006815703380588877,1,0.058596472207663716,1,1,1,1
F1,mpx_008,mpx_006,mpx_006,34,34,0.006815703380588877,1,0.05702216546515625,1,1,1,1
F1,mpx_008,mpx_006,mpx_006,35,35,0.006815703380588877,1,0.05549463512593019,1,1,1,1
F1,mpx_008,mpx_006,mpx_006,36,36,0.006815703380588877,1,0.05401050462722198,1,1,1,1
F1,mpx_008,mpx_007,mpx_007,3,3,0.5713629684055841,1,0.5814139508328612,0,0,0,0
F1,mpx_008,mpx_007,mpx_007,4,4,0.5879883169039796,1,0.5236824960710195,0,0,0,0
F1,mpx_008,mpx_007,mpx_007,5,5,0.5646131339401821,1,0.4939699968153174,0,0,0,0
F1,mpx_008,mpx_007,mpx_007,6,6,0.5452755905511811,1,0.4564123063512361,0,0,0,0
F1,mpx_008,mpx_007,mpx_007,7,7,0.5093905031892275,1,0.41762652990556565,0,0,0,0
F1,mpx_008,mpx_007,mpx_007,8,8,0.5081967213114754,1,0.38134564277688177,0,0,0,0
F1,mpx_008,mpx_007,mpx_007,9,9,0.5191801119525847,1,0.3732523933156886,0,0,0,0
F1,mpx_008,mpx_007,mpx_007,10,10,0.41336971350613916,1,0.3334616212876027,0,0,0,0
F1,mpx_008,mpx_007,mpx_007,11,11,0.3713063763608087,1,0.3025127672324514,0,0,0,0
F1,mpx_008,mpx_007,mpx_007,12,12,0.3737157534246575,1,0.2731849034676392,0,0,0,0
F1,mpx_008,mpx_007,mpx_007,13,13,0.3789752650176678,1,0.2625536559031442,0,0,0,0
F1,mpx_008,mpx_007,mpx_007,14,14,0.2511415525114155,1,0.2637804900635843,0,0,0,0
F1,mpx_008,mpx_007,mpx_007,15,15,0.2351413733410271,1,0.24058741943433282,0,0,0,1
F1,mpx_008,mpx_007,mpx_007,16,16,0.2286144578313253,1,0.21311300341731435,0,0,0,1
F1,mpx_008,mpx_007,mpx_007,17,17,0.24084967320261438,1,0.22501944903487553,0,0,0,1
F1,mpx_008,mpx_007,mpx_007,18,18,0.2018970189701897,1,0.18480699691838787,0,1,1,1
F1,mpx_008,mpx_007,mpx_007,19,19,0.15934065934065933,1,0.14715637248262659,1,1,1,1
F1,mpx_008,mpx_007,mpx_007,20,20,0.13500816993464052,1,0.14848790989919458,1,1,1,1
F1,mpx_008,mpx_007,mpx_007,21,21,0.12793132328308207,1,0.14281900817054233,1,1,1,1
F1,mpx_008,mpx_007,mpx_007,22,22,0.05521032504780115,1,0.1186965907022121,1,1,1,1
F1,mpx_008,mpx_007,mpx_007,23,23,0.059591642924976256,1,0.11225640149839716,1,1,1,1
F1,mpx_008,mpx_007,mpx_007,24,24,0.049664107485604604,1,0.10323235659345452,1,1,1,1
F1,mpx_008,mpx_007,mpx_007,25,25,0.029572564612326043,1,0.09906085175001968,1,1,1,1
F1,mpx_008,mpx_007,mpx_007,26,26,0.006929637526652452,1,0.082134079884388,1,1,1,1
F1,mpx_008,mpx_007,mpx_007,27,27,0.0054525627044711015,1,0.07614963893703144,1,1,1,1
F1,mpx_008,mpx_007,mpx_007,28,28,0.005580357142857143,1,0.07368156188979332,1,1,1,1
F1,mpx_008,mpx_007,mpx_007,29,29,0.005861664712778429,1,0.0724498915701818,1,1,1,1
F1,mpx_008,mpx_007,mpx_007,30,30,0.005861664712778429,1,0.06694423332966526,1,1,1,1
F1,mpx_008,mpx_007,mpx_007,31,31,0.005861664712778429,1,0.06342395244494968,1,1,1,1
F1,mpx_008,mpx_007,mpx_007,32,32,0.005861664712778429,1,0.061774943487954634,1,1,1,1
F1,mpx_008,mpx_007,mpx_007,33,33,0.005861664712778429,1,0.060171218903533705,1,1,1,1
F1,mpx_008,mpx_007,mpx_007,34,34,0.005861664712778429,1,0.05861502297674452,1,1,1,1
F1,mpx_008,mpx_007,mpx_007,35,35,0.005861664712778429,1,0.0570656134081083,1,1,1,1
F1,mpx_008,mpx_009,mpx_009,3,3,0.6009525588345163,1,0.6234044750176564,0,0,0,0
F1,mpx_008,mpx_009,mpx_009,4,4,0.5832457062740974,1,0.5485777009030317,0,0,0,0
F1,mpx_008,mpx_009,mpx_009,5,5,0.5904588112617309,1,0.5007752491312719,0,0,0,0
F1,mpx_008,mpx_009,mpx_009,6,6,0.5553923263048738,1,0.4866888077540002,0,0,0,0
F1,mpx_008,mpx_009,mpx_009,7,7,0.5278614457831325,1,0.44987232852830655,0,0,0,0
F1,mpx_008,mpx_009,mpx_009,8,8,0.5185741088180112,1,0.42086940463944633,0,0,0,0
F1,mpx_008,mpx_009,mpx_009,9,9,0.4286544850498339,1,0.3854560597476672,0,0,0,0
F1,mpx_008,mpx_009,mpx_009,10,10,0.387208067940552,1,0.3593697055668428,0,0,0,0
F1,mpx_008,mpx_009,mpx_009,11,11,0.36305408702724684,1,0.31807125632986555,0,0,0,0
F1,mpx_008,mpx_009,mpx_009,12,12,0.2995147772386414,1,0.2988341645199486,0,0,0,0
F1,mpx_008,mpx_009,mpx_009,13,13,0.2857637286571297,1,0.2804322655072999,0,0,0,0
F1,mpx_008,mpx_009,mpx_009,14,14,0.275997150997151,1,0.2614987371136134,0,0,0,0
F1,mpx_008,mpx_009,mpx_009,15,15,0.22767100056529113,1,0.2637670415173109,0,0,0,0
F1,mpx_008,mpx_009,mpx_009,16,16,0.22663316582914572,1,0.2568053063432411,0,0,0,0
F1,mpx_008,mpx_009,mpx_009,17,17,0.21324324324324323,1,0.2050526396914301,0,0,1,1
F1,mpx_008,mpx_009,mpx_009,18,18,0.1872391174716756,1,0.17241662595992027,0,1,1,1
F1,mpx_008,mpx_009,mpx_009,19,19,0.1583956492182189,1,0.17662863011814328,1,1,1,1
F1,mpx_008,mpx_009,mpx_009,20,20,0.15264255910987481,1,0.16575995897188534,1,1,1,1
F1,mpx_008,mpx_009,mpx_009,21,21,0.15331010452961671,1,0.15675524249532713,1,1,1,1
F1,mpx_008,mpx_009,mpx_009,22,22,0.13173400673400673,1,0.1513982531421071,1,1,1,1
F1,mpx_008,mpx_009,mpx_009,23,23,0.05953533397870281,1,0.12868363304240069,1,1,1,1
F1,mpx_008,mpx_009,mpx_009,24,24,0.051521099116781155,1,0.11024133379194179,1,1,1,1
F1,mpx_008,mpx_009,mpx_009,25,25,0.030692549842602307,1,0.10982478090350194,1,1,1,1
F1,mpx_008,mpx_009,mpx_009,26,26,0.03054662379421222,1,0.10880333416437822,1,1,1,1
F1,mpx_008,mpx_009,mpx_009,27,27,0.025485436893203883,1,0.11785789670923875,1,1,1,1
F1,mpx_008,mpx_009,mpx_009,28,28,0.029069767441860465,1,0.10204132964391713,1,1,1,1
F1,mpx_008,mpx_009,mpx_009,29,29,0.029069767441860465,1,0.09535075764616897,1,1,1,1
F1,mpx_008,mpx_009,mpx_009,30,30,0.029069767441860465,1,0.08254533792059289,1,1,1,1
F1,mpx_008,mpx_009,mpx_009,31,31,0.029069767441860465,1,0.0808289515529149,1,1,1,1
F1,mpx_008,mpx_009,mpx_009,32,32,0.029069767441860465,1,0.07915795051580747,1,1,1,1
F1,mpx_008,mpx_009,mpx_009,33,33,0.029069767441860465,1,0.07753544245630205,1,1,1,1
F1,mpx_008,mpx_009,mpx_009,34,34,0.029069767441860465,1,0.07595969002325846,1,1,1,1
F1,mpx_008,mpx_009,mpx_009,35,35,0.029069767441860465,1,0.07442785190866462,1,1,1,1
F1,mpx_008,mpx_009,mpx_009,36,36,0.029069767441860465,1,0.0729385599192313,1,1,1,1
F1,mpx_008,mpx_010,mpx_010,3,3,0.552521805081532,1,0.6338219410058755,0,0,0,0
F1,mpx_008,mpx_010,mpx_010,4,4,0.5508203281312525,1,0.562669058681306,0,0,0,0
F1,mpx_008,mpx_010,mpx_010,5,5,0.5225806451612903,1,0.5104219724732169,0,0,0,0
F1,mpx_008,mpx_010,mpx_010,6,6,0.5197324966974901,1,0.49328483296623554,0,0,0,0
F1,mpx_008,mpx_010,mpx_010,7,7,0.44289844597036504,1,0.4505118000259488,0,0,0,0
F1,mpx_008,mpx_010,mpx_010,8,8,0.4455322178711285,1,0.4198088226131919,0,0,0,0
F1,mpx_008,mpx_010,mpx_010,9,9,0.4187617850408548,1,0.39263455222149096,0,0,0,0
F1,mpx_008,mpx_010,mpx_010,10,10,0.37011854951185497,1,0.37425275694749044,0,0,0,0
F1,mpx_008,mpx_010,mpx_010,11,11,0.29808037316110514,1,0.34214311956126436,0,0,0,0
F1,mpx_008,mpx_010,mpx_010,12,12,0.27196485623003197,1,0.3115315157222698,0,0,0,0
F1,mpx_008,mpx_010,mpx_010,13,13,0.2615878843506195,1,0.28354215701862234,0,0,0,0
F1,mpx_008,mpx_010,mpx_010,14,14,0.2495287464655985,1,0.26867267308931164,0,0,0,0
F1,mpx_008,mpx_010,mpx_010,15,15,0.24621212121212122,1,0.26039807598635406,0,0,0,0
F1,mpx_008,mpx_010,mpx_010,16,16,0.18739205526770294,1,0.26394724853022666,0,0,0,0
F1,mpx_008,mpx_010,mpx_010,17,17,0.23773908778813144,1,0.2551320092951925,0,0,0,0
F1,mpx_008,mpx_010,mpx_010,18,18,0.20613079019073569,1,0.20545812599850816,0,0,1,1
F1,mpx_008,mpx_010,mpx_010,19,19,0.17786144578313254,1,0.17404099752869753,0,1,1,1
F1,mpx_008,mpx_010,mpx_010,20,20,0.14017800381436746,1,0.17811790593232382,0,1,1,1
F1,mpx_008,mpx_010,mpx_010,21,21,0.13618677042801555,1,0.1638667706886151,0,1,1,1
F1,mpx_008,mpx_010,mpx_010,22,22,0.13420195439739413,1,0.15197136528162367,0,1,1,1
F1,mpx_008,mpx_010,mpx_010,23,23,0.15037983425414364,1,0.15940452742038894,1,1,1,1
F1,mpx_008,mpx_010,mpx_010,24,24,0.15037983425414364,1,0.14447934737042673,1,1,1,1
F1,mpx_008,mpx_010,mpx_010,25,25,0.14086294416243655,1,0.12246209831249023,1,1,1,1
F1,mpx_008,mpx_010,mpx_010,26,26,0.0668429003021148,1,0.11353161053402433,1,1,1,1
F1,mpx_008,mpx_010,mpx_010,27,27,0.0583969465648855,1,0.09803917947245155,1,1,1,1
F1,mpx_008,mpx_010,mpx_010,28,28,0.041701244813278006,1,0.09320451941229346,1,1,1,1
F1,mpx_008,mpx_010,mpx_010,29,29,0.04515209125475285,1,0.0913266434074464,1,1,1,1
F1,mpx_008,mpx_010,mpx_010,30,30,0.036650485436893206,1,0.08894411441600274,1,1,1,1
F1,mpx_008,mpx_010,mpx_010,31,31,0.009746588693957114,1,0.11963831572602832,1,1,1,1
F1,mpx_008,mpx_010,mpx_010,32,32,0.009606147934678195,1,0.08428871657604256,1,1,1,1
F1,mpx_008,mpx_010,mpx_010,33,33,0.009606147934678195,1,0.047743581735560106,1,1,1,1
F1,mpx_008,mpx_010,mpx_010,34,34,0.009606147934678195,1,0.04530207180732124,1,1,1,1
F1,mpx_008,mpx_010,mpx_010,35,35,0.009606147934678195,1,0.04377435609404254,1,1,1,1
F1,mpx_008,mpx_010,mpx_010,36,36,0.009606147934678195,1,0.04228468813846456,1,1,1,1
F1,mpx_008,mpx_010,mpx_010,37,37,0.009606147934678195,1,0.04083365430443353,1,1,1,1
F1,mpx_008,mpx_010,mpx_010,38,38,0.009606147934678195,1,0.03942188620805337,1,1,1,1
F1,mpx_008,mpx_010,mpx_010,39,39,0.009606147934678195,1,0.03804413627582123,1,1,1,1
F1,mpx_008,mpx_010,mpx_010,40,40,0.009606147934678195,1,0.03668146602078434,1,1,1,1
F1,mpx_009,mpx_001,mpx_001,3,3,0.6065005620082428,1,0.6230989463045624,0,0,0,0
F1,mpx_009,mpx_001,mpx_001,4,4,0.5217815344603381,1,0.5441722001235562,0,0,0,0
F1,mpx_009,mpx_001,mpx_001,5,5,0.5769379097570382,1,0.49920437764720055,0,0,0,0
F1,mpx_009,mpx_001,mpx_001,6,6,0.5556057866184448,1,0.4861651692394523,0,0,0,0
F1,mpx_009,mpx_001,mpx_001,7,7,0.5194575471698113,1,0.4435746995017043,0,0,0,0
F1,mpx_009,mpx_001,mpx_001,8,8,0.5017568517217147,1,0.4141137139481509,0,0,0,0
F1,mpx_009,mpx_001,mpx_001,9,9,0.5049001814882033,1,0.3749265183999835,0,0,0,0
F1,mpx_009,mpx_001,mpx_001,10,10,0.4974719101123595,1,0.34815088908521197,0,0,0,0
F1,mpx_009,mpx_001,mpx_001,11,11,0.4577831827658096,1,0.3570307494858986,0,0,0,0
F1,mpx_009,mpx_001,mpx_001,12,12,0.4615817091454273,1,0.3324556566521949,0,0,0,0
F1,mpx_009,mpx_001,mpx_001,13,13,0.3973174030658251,1,0.3140113000372014,0,0,0,0
F1,mpx_009,mpx_001,mpx_001,14,14,0.3569379238393323,1,0.2901688982148241,0,0,0,0
F1,mpx_009,mpx_001,mpx_001,15,15,0.3658119658119658,1,0.26124768027245343,0,0,0,0
F1,mpx_009,mpx_001,mpx_001,16,16,0.3568019093078759,1,0.250028992197449,0,0,0,0
F1,mpx_009,mpx_001,mpx_001,17,17,0.3432256059664388,1,0.24521579634022003,0,0,0,0
F1,mpx_009,mpx_001,mpx_001,18,18,0.3432256059664388,1,0.2348042867345307,0,0,0,0
F1,mpx_009,mpx_001,mpx_001,19,19,0.34108412322274884,1,0.23717621625957375,0,0,0,0
F1,mpx_009,mpx_001,mpx_001,20,20,0.2252106286454958,1,0.207628175682191,0,1,1,1
F1,mpx_009,mpx_001,mpx_001,21,21,0.17652899126290708,1,0.15914945284897106,1,1,1,1
F1,mpx_009,mpx_001,mpx_001,22,22,0.10955518945634267,1,0.1382381236381877,1,1,1,1
F1,mpx_009,mpx_001,mpx_001,23,23,0.12847555129434324,1,0.12632469975577662,1,1,1,1
F1,mpx_009,mpx_001,mpx_001,24,24,0.11339937434827946,1,0.10361329334621733,1,1,1,1
F1,mpx_009,mpx_001,mpx_001,25,25,0.11037934668071654,1,0.09288321030381376,1,1,1,1
F1,mpx_009,mpx_001,mpx_001,26,26,0.10059012875536481,1,0.08762438415801262,1,1,1,1
F1,mpx_009,mpx_001,mpx_001,27,27,0.056598407281001135,1,0.08738648768956243,1,1,1,1
F1,mpx_009,mpx_001,mpx_001,28,28,0.08451086956521739,1,0.07927152950262235,1,1,1,1
F1,mpx_009,mpx_001,mpx_001,29,29,0.07377049180327869,1,0.07060107429128537,1,1,1,1
F1,mpx_009,mpx_001,mpx_001,30,30,0.07377049180327869,1,0.06451130227081037,1,1,1,1
F1,mpx_009,mpx_001,mpx_001,31,31,0.07377049180327869,1,0.06141780330925685,1,1,1,1
F1,mpx_009,mpx_001,mpx_001,32,32,0.07377049180327869,1,0.05972781402164194,1,1,1,1
F1,mpx_009,mpx_001,mpx_001,33,33,0.07377049180327869,1,0.05808746845413819,1,1,1,1
F1,mpx_009,mpx_001,mpx_001,34,34,0.07377049180327869,1,0.056494334221237216,1,1,1,1
F1,mpx_009,mpx_001,mpx_001,35,35,0.07377049180327869,1,0.054942646208586396,1,1,1,1
F1,mpx_009,mpx_002,mpx_002,3,3,0.5828273244781784,1,0.6232819421107445,0,0,0,0
F1,mpx_009,mpx_002,mpx_002,4,4,0.5582010582010583,1,0.5470760288067388,0,0,0,0
F1,mpx_009,mpx_002,mpx_002,5,5,0.5757695343330702,1,0.5023986840328298,0,0,0,0
F1,mpx_009,mpx_002,mpx_002,6,6,0.4556597564988483,1,0.4817456976997206,0,0,0,0
F1,mpx_009,mpx_002,mpx_002,7,7,0.4472869360070776,1,0.4159055486247653,0,0,0,0
F1,mpx_009,mpx_002,mpx_002,8,8,0.45437150426847217,1,0.38095591404341517,0,0,0,0
F1,mpx_009,mpx_002,mpx_002,9,9,0.42563853863562884,1,0.34837262411859016,0,0,0,0
F1,mpx_009,mpx_002,mpx_002,10,10,0.3926126126126126,1,0.3284667620235605,0,0,0,0
F1,mpx_009,mpx_002,mpx_002,11,11,0.3585817888799355,1,0.314106441368938,0,0,0,0
F1,mpx_009,mpx_002,mpx_002,12,12,0.34447916666666667,1,0.3002048850855375,0,0,0,0
F1,mpx_009,mpx_002,mpx_002,13,13,0.29640522875816994,1,0.27992112187796936,0,0,0,0
F1,mpx_009,mpx_002,mpx_002,14,14,0.2627577319587629,1,0.23758590976060334,0,0,0,1
F1,mpx_009,mpx_002,mpx_002,15,15,0.23790322580645162,1,0.2282033853758764,0,0,1,1
F1,mpx_009,mpx_002,mpx_002,16,16,0.2294352363413137,1,0.21333931305596635,0,0,1,1
F1,mpx_009,mpx_002,mpx_002,17,17,0.22189256714553404,1,0.20325042846867153,0,0,1,1
F1,mpx_009,mpx_002,mpx_002,18,18,0.12879362670713201,1,0.18515815315747658,1,1,1,1
F1,mpx_009,mpx_002,mpx_002,19,19,0.1507782101167315,1,0.16966344236871875,1,1,1,1
F1,mpx_009,mpx_002,mpx_002,20,20,0.07680457746478873,1,0.14541971767156114,1,1,1,1
F1,mpx_009,mpx_002,mpx_002,21,21,0.04848628192999054,1,0.13029113135743622,1,1,1,1
F1,mpx_009,mpx_002,mpx_002,22,22,0.031874405328258804,1,0.11513262055109148,1,1,1,1
F1,mpx_009,mpx_002,mpx_002,23,23,0.03125,1,0.10884799339125317,1,1,1,1
F1,mpx_009,mpx_002,mpx_002,24,24,0.03375337533753375,1,0.12125137897149249,1,1,1,1
F1,mpx_009,mpx_002,mpx_002,25,25,0.025257249766136577,1,0.09088571105795791,1,1,1,1
F1,mpx_009,mpx_002,mpx_002,26,26,0.025233644859813085,1,0.07808892061984693,1,1,1,1
F1,mpx_009,mpx_002,mpx_002,27,27,0.0254323499491353,1,0.08240522059713638,1,1,1,1
F1,mpx_009,mpx_002,mpx_002,28,28,0.03976190476190476,1,0.07981361742600283,1,1,1,1
F1,mpx_009,mpx_002,mpx_002,29,29,0.01708984375,1,0.07327197528710412,1,1,1,1
F1,mpx_009,mpx_002,mpx_002,30,30,0.01708984375,1,0.0636175775542527,1,1,1,1
F1,mpx_009,mpx_002,mpx_002,31,31,0.017123287671232876,1,0.06054614394614822,1,1,1,1
F1,mpx_009,mpx_002,mpx_002,32,32,0.017123287671232876,1,0.058863499596566345,1,1,1,1
F1,mpx_009,mpx_002,mpx_002,33,33,0.017123287671232876,1,0.057229524797455585,1,1,1,1
F1,mpx_009,mpx_002,mpx_002,34,34,0.017123287671232876,1,0.05564134596793028,1,1,1,1
F1,mpx_009,mpx_002,mpx_002,35,35,0.017123287671232876,1,0.054100604526141245,1,1,1,1
F1,mpx_009,mpx_002,mpx_002,36,36,0.017123287671232876,1,0.05259934180552767,1,1,1,1
F1,mpx_009,mpx_002,mpx_002,37,37,0.017123287671232876,1,0.05113718990291786,1,1,1,1
F1,mpx_009,mpx_003,mpx_003,3,3,0.5955643707176344,1,0.6167365543627463,0,0,0,0
F1,mpx_009,mpx_003,mpx_003,4,4,0.5693963860053826,1,0.5466201520163348,0,0,0,0
F1,mpx_009,mpx_003,mpx_003,5,5,0.595224171539961,1,0.5020847652131083,0,0,0,0
F1,mpx_009,mpx_003,mpx_003,6,6,0.5647433747064743,1,0.48977918690618927,0,0,0,0
F1,mpx_009,mpx_003,mpx_003,7,7,0.5831946755407654,1,0.46562069568925424,0,0,0,0
F1,mpx_009,mpx_003,mpx_003,8,8,0.5078179291174427,1,0.43407720142469075,0,0,0,0
F1,mpx_009,mpx_003,mpx_003,9,9,0.5019812680115274,1,0.40476890067564536,0,0,0,0
F1,mpx_009,mpx_003,mpx_003,10,10,0.539460020768432,1,0.39115406608996134,0,0,0,0
F1,mpx_009,mpx_003,mpx_003,11,11,0.5115842204132749,1,0.3715187468478359,0,0,0,0
F1,mpx_009,mpx_003,mpx_003,12,12,0.4670428524697416,1,0.3485907063642489,0,0,0,0
F1,mpx_009,mpx_003,mpx_003,13,13,0.42064914376742335,1,0.31248406690185293,0,0,0,0
F1,mpx_009,mpx_003,mpx_003,14,14,0.37399193548387094,1,0.2906239573636131,0,0,0,0
F1,mpx_009,mpx_003,mpx_003,15,15,0.3703125,1,0.2747956793712584,0,0,0,0
F1,mpx_009,mpx_003,mpx_003,16,16,0.37266059686393527,1,0.2658434639949411,0,0,0,0
F1,mpx_009,mpx_003,mpx_003,17,17,0.3661631419939577,1,0.271552362729269,0,0,0,0
F1,mpx_009,mpx_003,mpx_003,18,18,0.2889531345100426,1,0.2641238920160007,0,0,0,0
F1,mpx_009,mpx_003,mpx_003,19,19,0.3002776064157927,1,0.23959028693186685,0,0,0,1
F1,mpx_009,mpx_003,mpx_003,20,20,0.3047153024911032,1,0.22317474479415905,0,0,0,1
F1,mpx_009,mpx_003,mpx_003,21,21,0.29255698005698005,1,0.19342328465652528,0,1,1,1
F1,mpx_009,mpx_003,mpx_003,22,22,0.2615881458966565,1,0.17487598910657828,1,1,1,1
F1,mpx_009,mpx_003,mpx_003,23,23,0.182062966031483,1,0.15497755396842924,1,1,1,1
F1,mpx_009,mpx_003,mpx_003,24,24,0.1799913569576491,1,0.13000508866728333,1,1,1,1
F1,mpx_009,mpx_003,mpx_003,25,25,0.14772727272727273,1,0.12050539760375872,1,1,1,1
F1,mpx_009,mpx_003,mpx_003,26,26,0.15691021126760563,1,0.11155574260110936,1,1,1,1
F1,mpx_009,mpx_003,mpx_003,27,27,0.14925373134328357,1,0.09984853425116796,1,1,1,1
F1,mpx_009,mpx_003,mpx_003,28,28,0.11656118143459916,1,0.08848024890279758,1,1,1,1
F1,mpx_009,mpx_003,mpx_003,29,29,0.01066925315227934,1,0.08079966437130252,1,1,1,1
F1,mpx_009,mpx_003,mpx_003,30,30,0.018649669499527857,1,0.08236444316186138,1,1,1,1
F1,mpx_009,mpx_003,mpx_003,31,31,0.011560693641618497,1,0.07000030184739704,1,1,1,1
F1,mpx_009,mpx_003,mpx_003,32,32,0.009471585244267198,1,0.05458522388193471,1,1,1,1
F1,mpx_009,mpx_003,mpx_003,33,33,0.008655804480651732,1,0.049888691122414515,1,1,1,1
F1,mpx_009,mpx_003,mpx_003,34,34,0.008655804480651732,1,0.04642263855842953,1,1,1,1
F1,mpx_009,mpx_003,mpx_003,35,35,0.008655804480651732,1,0.04426737079090896,1,1,1,1
F1,mpx_009,mpx_003,mpx_003,36,36,0.008655804480651732,1,0.04274483746585329,1,1,1,1
F1,mpx_009,mpx_003,mpx_003,37,37,0.008655804480651732,1,0.04125894120956237,1,1,1,1
F1,mpx_009,mpx_003,mpx_003,38,38,0.008655804480651732,1,0.039815832608957616,1,1,1,1
F1,mpx_009,mpx_003,mpx_003,39,39,0.008655804480651732,1,0.038405944937090195,1,1,1,1
F1,mpx_009,mpx_003,mpx_003,40,40,0.008655804480651732,1,0.03702628342385775,1,1,1,1
F1,mpx_009,mpx_003,mpx_003,41,41,0.008655804480651732,1,0.03568301735254323,1,1,1,1
F1,mpx_009,mpx_004,mpx_004,3,3,0.590662776156732,1,0.6231369064273112,0,0,0,0
F1,mpx_009,mpx_004,mpx_004,4,4,0.5101778193729527,1,0.5393798719115859,0,0,0,0
F1,mpx_009,mpx_004,mpx_004,5,5,0.5884559884559885,1,0.524616005814889,0,0,0,0
F1,mpx_009,mpx_004,mpx_004,6,6,0.5170893906588309,1,0.4714527551538224,0,0,0,0
F1,mpx_009,mpx_004,mpx_004,7,7,0.511353517364203,1,0.4380261000411287,0,0,0,0
F1,mpx_009,mpx_004,mpx_004,8,8,0.49756135934550033,1,0.4069176521399709,0,0,0,0
F1,mpx_009,mpx_004,mpx_004,9,9,0.4259229274611399,1,0.3890491254428934,0,0,0,0
F1,mpx_009,mpx_004,mpx_004,10,10,0.47587038952085486,1,0.37922064429789715,0,0,0,0
F1,mpx_009,mpx_004,mpx_004,11,11,0.3929170159262364,1,0.34027544251506936,0,0,0,0
F1,mpx_009,mpx_004,mpx_004,12,12,0.3393089960886571,1,0.32063094995522384,0,0,0,0
F1,mpx_009,mpx_004,mpx_004,13,13,0.3075191355245385,1,0.30330307271521906,0,0,0,0
F1,mpx_009,mpx_004,mpx_004,14,14,0.26100151745068284,1,0.2620467299085589,0,0,0,0
F1,mpx_009,mpx_004,mpx_004,15,15,0.23688524590163934,1,0.22975139849102816,0,0,0,1
F1,mpx_009,mpx_004,mpx_004,16,16,0.14719140083217752,1,0.2515509763433372,1,1,1,1
F1,mpx_009,mpx_004,mpx_004,17,17,0.12153790087463556,1,0.2130214953263402,1,1,1,1
F1,mpx_009,mpx_004,mpx_004,18,18,0.08132279534109817,1,0.18787337300573967,1,1,1,1
F1,mpx_009,mpx_004,mpx_004,19,19,0.0518783542039356,1,0.178899810360359,1,1,1,1
F1,mpx_009,mpx_004,mpx_004,20,20,0.03936269915651359,1,0.1555572858287566,1,1,1,1
F1,mpx_009,mpx_004,mpx_004,21,21,0.0413022351797862,1,0.14033632326196444,1,1,1,1
F1,mpx_009,mpx_004,mpx_004,22,22,0.023290386521308225,1,0.14323837534360576,1,1,1,1
F1,mpx_009,mpx_004,mpx_004,23,23,0.024594320486815417,1,0.1462529594100845,1,1,1,1
F1,mpx_009,mpx_004,mpx_004,24,24,0.02447023208879919,1,0.1199536821747448,1,1,1,1
F1,mpx_009,mpx_004,mpx_004,25,25,0.011059371362048894,1,0.11895180486298947,1,1,1,1
F1,mpx_009,mpx_004,mpx_004,26,26,0.007647058823529412,1,0.10384392886683255,1,1,1,1
F1,mpx_009,mpx_004,mpx_004,27,27,0.004146919431279621,1,0.09301099600946537,1,1,1,1
F1,mpx_009,mpx_004,mpx_004,28,28,0.0031605562579013905,1,0.08972966507060932,1,1,1,1
F1,mpx_009,mpx_004,mpx_004,29,29,0.0031645569620253164,1,0.08721762983926293,1,1,1,1
F1,mpx_009,mpx_004,mpx_004,30,30,0.007362784471218206,1,0.09511090489405397,1,1,1,1
F1,mpx_009,mpx_004,mpx_004,31,31,0.007362784471218206,1,0.089185481148561,1,1,1,1
F1,mpx_009,mpx_004,mpx_004,32,32,0.007362784471218206,1,0.08321215788957641,1,1,1,1
F1,mpx_009,mpx_004,mpx_004,33,33,0.007362784471218206,1,0.08159703644079795,1,1,1,1
F1,mpx_009,mpx_004,mpx_004,34,34,0.007362784471218206,1,0.08001846294634256,1,1,1,1
F1,mpx_009,mpx_004,mpx_004,35,35,0.007362784471218206,1,0.07848813642878279,1,1,1,1
F1,mpx_009,mpx_004,mpx_004,36,36,0.007362784471218206,1,0.07700438837005637,1,1,1,1
F1,mpx_009,mpx_005,mpx_005,3,3,0.5628006872852234,1,0.619082478121685,0,0,0,0
F1,mpx_009,mpx_005,mpx_005,4,4,0.5604651162790698,1,0.5560353855265878,0,0,0,0
F1,mpx_009,mpx_005,mpx_005,5,5,0.5696737817156665,1,0.5012282436511851,0,0,0,0
F1,mpx_009,mpx_005,mpx_005,6,6,0.5792553191489361,1,0.4804489825937182,0,0,0,0
F1,mpx_009,mpx_005,mpx_005,7,7,0.5131138392857143,1,0.4487709794530913,0,0,0,0
F1,mpx_009,mpx_005,mpx_005,8,8,0.5186228197674418,1,0.42124633849442256,0,0,0,0
F1,mpx_009,mpx_005,mpx_005,9,9,0.4543335635359116,1,0.3928157631463812,0,0,0,0
F1,mpx_009,mpx_005,mpx_005,10,10,0.40365448504983387,1,0.37073332949908056,0,0,0,0
F1,mpx_009,mpx_005,mpx_005,11,11,0.3359228753275927,1,0.3288195410669054,0,0,0,0
F1,mpx_009,mpx_005,mpx_005,12,12,0.3365584685809405,1,0.2961726927846114,0,0,0,0
F1,mpx_009,mpx_005,mpx_005,13,13,0.30169753086419754,1,0.2514837859523958,0,0,0,0
F1,mpx_009,mpx_005,mpx_005,14,14,0.2949571836346337,1,0.21945882252589094,0,0,0,1
F1,mpx_009,mpx_005,mpx_005,15,15,0.26784702549575073,1,0.2151179134457583,0,0,1,1
F1,mpx_009,mpx_005,mpx_005,16,16,0.18384714193962748,1,0.19542416485210792,0,1,1,1
F1,mpx_009,mpx_005,mpx_005,17,17,0.18648208469055375,1,0.18337610387895198,0,1,1,1
F1,mpx_009,mpx_005,mpx_005,18,18,0.15840118430792005,1,0.1778455898645313,1,1,1,1
F1,mpx_009,mpx_005,mpx_005,19,19,0.1282642089093702,1,0.16843611147463539,1,1,1,1
F1,mpx_009,mpx_005,mpx_005,20,20,0.10203252032520325,1,0.14731077255517155,1,1,1,1
F1,mpx_009,mpx_005,mpx_005,21,21,0.05615640599001664,1,0.12509263072737514,1,1,1,1
F1,mpx_009,mpx_005,mpx_005,22,22,0.05211864406779661,1,0.10937144079985824,1,1,1,1
F1,mpx_009,mpx_005,mpx_005,23,23,0.04287003610108303,1,0.10255452675903147,1,1,1,1
F1,mpx_009,mpx_005,mpx_005,24,24,0.04406307977736549,1,0.09669607885562101,1,1,1,1
F1,mpx_009,mpx_005,mpx_005,25,25,0.048676748582230624,1,0.09544527565728,1,1,1,1
F1,mpx_009,mpx_005,mpx_005,26,26,0.04398826979472141,1,0.09292529967357775,1,1,1,1
F1,mpx_009,mpx_005,mpx_005,27,27,0.0006234413965087282,1,0.15988829371270863,1,1,1,1
F1,mpx_009,mpx_005,mpx_005,28,28,0.0006234413965087282,1,0.120431403709941,1,1,1,1
F1,mpx_009,mpx_005,mpx_005,29,29,0.0006234413965087282,1,0.0805713476593547,1,1,1,1
F1,mpx_009,mpx_005,mpx_005,30,30,0.0006234413965087282,1,0.07881736400872805,1,1,1,1
F1,mpx_009,mpx_005,mpx_005,31,31,0.0006234413965087282,1,0.07711700246892425,1,1,1,1
F1,mpx_009,mpx_005,mpx_005,32,32,0.0006234413965087282,1,0.07546737732965375,1,1,1,1
F1,mpx_009,mpx_005,mpx_005,33,33,0.0006234413965087282,1,0.0738679736504464,1,1,1,1
F1,mpx_009,mpx_005,mpx_005,34,34,0.0006234413965087282,1,0.07231497590222458,1,1,1,1
F1,mpx_009,mpx_006,mpx_006,3,3,0.5522629310344828,1,0.6201847752266852,0,0,0,0
F1,mpx_009,mpx_006,mpx_006,4,4,0.5293321299638989,1,0.5411427590867792,0,0,0,0
F1,mpx_009,mpx_006,mpx_006,5,5,0.5594879518072289,1,0.49714326540168713,0,0,0,0
F1,mpx_009,mpx_006,mpx_006,6,6,0.527581567440296,1,0.466387337805681,0,0,0,0
F1,mpx_009,mpx_006,mpx_006,7,7,0.5314994793474488,1,0.4325189308823114,0,0,0,0
F1,mpx_009,mpx_006,mpx_006,8,8,0.4867296045600285,1,0.3903252308159617,0,0,0,0
F1,mpx_009,mpx_006,mpx_006,9,9,0.4996242014280346,1,0.38898726379675297,0,0,0,0
F1,mpx_009,mpx_006,mpx_006,10,10,0.4318103149878851,1,0.37865748474682964,0,0,0,0
F1,mpx_009,mpx_006,mpx_006,11,11,0.4251808501991384,1,0.3596968601464758,0,0,0,0
F1,mpx_009,mpx_006,mpx_006,12,12,0.4153722009279806,1,0.3310486078671204,0,0,0,0
F1,mpx_009,mpx_006,mpx_006,13,13,0.37215391621129323,1,0.29599199585440067,0,0,0,0
F1,mpx_009,mpx_006,mpx_006,14,14,0.3720319920019995,1,0.2726198221939375,0,0,0,0
F1,mpx_009,mpx_006,mpx_006,15,15,0.3666317991631799,1,0.26263473906731744,0,0,0,0
F1,mpx_009,mpx_006,mpx_006,16,16,0.3573565406581452,1,0.2542136496179536,0,0,0,0
F1,mpx_009,mpx_006,mpx_006,17,17,0.3251412429378531,1,0.25943579593547433,0,0,0,0
F1,mpx_009,mpx_006,mpx_006,18,18,0.34622718605284664,1,0.25434015543971006,0,0,0,0
F1,mpx_009,mpx_006,mpx_006,19,19,0.33607860135818524,1,0.20284383641122505,0,0,1,1
F1,mpx_009,mpx_006,mpx_006,20,20,0.31627296587926507,1,0.16686926319392698,0,1,1,1
F1,mpx_009,mpx_006,mpx_006,21,21,0.2681145852836547,1,0.1693793291701244,1,1,1,1
F1,mpx_009,mpx_006,mpx_006,22,22,0.2399835627696733,1,0.14409232382521583,1,1,1,1
F1,mpx_009,mpx_006,mpx_006,23,23,0.24792485801660114,1,0.14210748951426025,1,1,1,1
F1,mpx_009,mpx_006,mpx_006,24,24,0.009059745347698335,1,0.15716399438112652,1,1,1,1
F1,mpx_009,mpx_006,mpx_006,25,25,0.0071499013806706115,1,0.11221030423497264,1,1,1,1
F1,mpx_009,mpx_006,mpx_006,26,26,0.008887614678899083,1,0.1054648593900738,1,1,1,1
F1,mpx_009,mpx_006,mpx_006,27,27,0.009548611111111112,1,0.09364149668075158,1,1,1,1
F1,mpx_009,mpx_006,mpx_006,28,28,0.009548611111111112,1,0.07974670646623651,1,1,1,1
F1,mpx_009,mpx_006,mpx_006,29,29,0.006815703380588877,1,0.08621641116879711,1,1,1,1
F1,mpx_009,mpx_006,mpx_006,30,30,0.006815703380588877,1,0.07559470340863317,1,1,1,1
F1,mpx_009,mpx_006,mpx_006,31,31,0.006815703380588877,1,0.0650713463192385,1,1,1,1
F1,mpx_009,mpx_006,mpx_006,32,32,0.006815703380588877,1,0.06339695923798688,1,1,1,1
F1,mpx_009,mpx_006,mpx_006,33,33,0.006815703380588877,1,0.061775125847833935,1,1,1,1
F1,mpx_009,mpx_006,mpx_006,34,34,0.006815703380588877,1,0.06019270755149179,1,1,1,1
F1,mpx_009,mpx_006,mpx_006,35,35,0.006815703380588877,1,0.05865730153492361,1,1,1,1
F1,mpx_009,mpx_006,mpx_006,36,36,0.006815703380588877,1,0.05716551747148758,1,1,1,1
F1,mpx_009,mpx_007,mpx_007,3,3,0.5713629684055841,1,0.5810623028831438,0,0,0,0
F1,mpx_009,mpx_007,mpx_007,4,4,0.5879883169039796,1,0.5249732276313555,0,0,0,0
F1,mpx_009,mpx_007,mpx_007,5,5,0.5646131339401821,1,0.4938677144026067,0,0,0,0
F1,mpx_009,mpx_007,mpx_007,6,6,0.5452755905511811,1,0.45729188913519114,0,0,0,0
F1,mpx_009,mpx_007,mpx_007,7,7,0.5093905031892275,1,0.4193168887778145,0,0,0,0
F1,mpx_009,mpx_007,mpx_007,8,8,0.5081967213114754,1,0.3845077668647233,0,0,0,0
F1,mpx_009,mpx_007,mpx_007,9,9,0.5191801119525847,1,0.37554014723385637,0,0,0,0
F1,mpx_009,mpx_007,mpx_007,10,10,0.41336971350613916,1,0.3349615190584946,0,0,0,0
F1,mpx_009,mpx_007,mpx_007,11,11,0.3713063763608087,1,0.30549133428565795,0,0,0,0
F1,mpx_009,mpx_007,mpx_007,12,12,0.3737157534246575,1,0.27693659554968875,0,0,0,0
F1,mpx_009,mpx_007,mpx_007,13,13,0.3789752650176678,1,0.26649411829117015,0,0,0,0
F1,mpx_009,mpx_007,mpx_007,14,14,0.2511415525114155,1,0.26613302378547726,0,0,0,0
F1,mpx_009,mpx_007,mpx_007,15,15,0.2351413733410271,1,0.24382171238451322,0,0,0,1
F1,mpx_009,mpx_007,mpx_007,16,16,0.2286144578313253,1,0.21728415892678984,0,0,0,1
F1,mpx_009,mpx_007,mpx_007,17,17,0.24084967320261438,1,0.22817478135491062,0,0,0,1
F1,mpx_009,mpx_007,mpx_007,18,18,0.2018970189701897,1,0.18753571780361594,0,1,1,1
F1,mpx_009,mpx_007,mpx_007,19,19,0.15934065934065933,1,0.15055534369551307,1,1,1,1
F1,mpx_009,mpx_007,mpx_007,20,20,0.13500816993464052,1,0.15114573305130524,1,1,1,1
F1,mpx_009,mpx_007,mpx_007,21,21,0.12793132328308207,1,0.14572884557421734,1,1,1,1
F1,mpx_009,mpx_007,mpx_007,22,22,0.05521032504780115,1,0.12153164532150494,1,1,1,1
F1,mpx_009,mpx_007,mpx_007,23,23,0.059591642924976256,1,0.11506766210234015,1,1,1,1
F1,mpx_009,mpx_007,mpx_007,24,24,0.049664107485604604,1,0.10646707273420815,1,1,1,1
F1,mpx_009,mpx_007,mpx_007,25,25,0.029572564612326043,1,0.10191518474518559,1,1,1,1
F1,mpx_009,mpx_007,mpx_007,26,26,0.006929637526652452,1,0.0847924895237361,1,1,1,1
F1,mpx_009,mpx_007,mpx_007,27,27,0.0054525627044711015,1,0.07885084128680765,1,1,1,1
F1,mpx_009,mpx_007,mpx_007,28,28,0.005580357142857143,1,0.07647090002911984,1,1,1,1
F1,mpx_009,mpx_007,mpx_007,29,29,0.005861664712778429,1,0.07527517588049155,1,1,1,1
F1,mpx_009,mpx_007,mpx_007,30,30,0.005861664712778429,1,0.07004233067792401,1,1,1,1
F1,mpx_009,mpx_007,mpx_007,31,31,0.005861664712778429,1,0.06665072246220181,1,1,1,1
F1,mpx_009,mpx_007,mpx_007,32,32,0.005861664712778429,1,0.06499257521706249,1,1,1,1
F1,mpx_009,mpx_007,mpx_007,33,33,0.005861664712778429,1,0.06337998798011325,1,1,1,1
F1,mpx_009,mpx_007,mpx_007,34,34,0.005861664712778429,1,0.06181519363851652,1,1,1,1
F1,mpx_009,mpx_007,mpx_007,35,35,0.005861664712778429,1,0.060257395715241815,1,1,1,1
F1,mpx_009,mpx_008,mpx_008,3,3,0.5806645316253003,1,0.627790656671111,0,0,0,0
F1,mpx_009,mpx_008,mpx_008,4,4,0.5477707006369427,1,0.5524725491806509,0,0,0,0
F1,mpx_009,mpx_008,mpx_008,5,5,0.5409054805401112,1,0.503586544065626,0,0,0,0
F1,mpx_009,mpx_008,mpx_008,6,6,0.48241539482415396,1,0.4780638601806846,0,0,0,0
F1,mpx_009,mpx_008,mpx_008,7,7,0.5043092018032352,1,0.42578192220763894,0,0,0,0
F1,mpx_009,mpx_008,mpx_008,8,8,0.5109121432568551,1,0.393403675011297,0,0,0,0
F1,mpx_009,mpx_008,mpx_008,9,9,0.45834842448388263,1,0.35797076309792664,0,0,0,0
F1,mpx_009,mpx_008,mpx_008,10,10,0.44056992875890516,1,0.322820207194192,0,0,0,0
F1,mpx_009,mpx_008,mpx_008,11,11,0.4366615561517823,1,0.3017192379201811,0,0,0,0
F1,mpx_009,mpx_008,mpx_008,12,12,0.4267362505018065,1,0.2945481071725081,0,0,0,0
F1,mpx_009,mpx_008,mpx_008,13,13,0.38734965635738833,1,0.2937312030605305,0,0,0,0
F1,mpx_009,mpx_008,mpx_008,14,14,0.3309228650137741,1,0.2942626883170574,0,0,0,0
F1,mpx_009,mpx_008,mpx_008,15,15,0.33606020942408377,1,0.26419089128062645,0,0,0,0
F1,mpx_009,mpx_008,mpx_008,16,16,0.31599903474903474,1,0.22839330208602726,0,0,0,0
F1,mpx_009,mpx_008,mpx_008,17,17,0.16896758703481393,1,0.234111285495183,0,0,1,1
F1,mpx_009,mpx_008,mpx_008,18,18,0.16964285714285715,1,0.2049598942543183,0,0,1,1
F1,mpx_009,mpx_008,mpx_008,19,19,0.1518375241779497,1,0.17385613550273285,0,1,1,1
F1,mpx_009,mpx_008,mpx_008,20,20,0.16741935483870968,1,0.16703551356988333,1,1,1,1
F1,mpx_009,mpx_008,mpx_008,21,21,0.16293706293706295,1,0.15343697989017133,1,1,1,1
F1,mpx_009,mpx_008,mpx_008,22,22,0.13515037593984963,1,0.15611346834743972,1,1,1,1
F1,mpx_009,mpx_008,mpx_008,23,23,0.13372093023255813,1,0.1488334517330683,1,1,1,1
F1,mpx_009,mpx_008,mpx_008,24,24,0.08333333333333333,1,0.15225483914316748,1,1,1,1
F1,mpx_009,mpx_008,mpx_008,25,25,0.028110599078341014,1,0.11427483996299756,1,1,1,1
F1,mpx_009,mpx_008,mpx_008,26,26,0.014558232931726908,1,0.09821807539882212,1,1,1,1
F1,mpx_009,mpx_008,mpx_008,27,27,0.018819938962360123,1,0.08005275502000178,1,1,1,1
F1,mpx_009,mpx_008,mpx_008,28,28,0.021538461538461538,1,0.0768008603913953,1,1,1,1
F1,mpx_009,mpx_008,mpx_008,29,29,0.021538461538461538,1,0.07040003688631181,1,1,1,1
F1,mpx_009,mpx_008,mpx_008,30,30,0.021538461538461538,1,0.0654150809223221,1,1,1,1
F1,mpx_009,mpx_008,mpx_008,31,31,0.021538461538461538,1,0.06369997664820848,1,1,1,1
F1,mpx_009,mpx_008,mpx_008,32,32,0.021538461538461538,1,0.06203897493766531,1,1,1,1
F1,mpx_009,mpx_008,mpx_008,33,33,0.021538461538461538,1,0.060426036079941715,1,1,1,1
F1,mpx_009,mpx_008,mpx_008,34,34,0.021538461538461538,1,0.05885905679419862,1,1,1,1
F1,mpx_009,mpx_008,mpx_008,35,35,0.021538461538461538,1,0.057318999648521725,1,1,1,1
F1,mpx_009,mpx_010,mpx_010,3,3,0.552521805081532,1,0.6327077068952545,0,0,0,0
F1,mpx_009,mpx_010,mpx_010,4,4,0.5508203281312525,1,0.5625081449245988,0,0,0,0
F1,mpx_009,mpx_010,mpx_010,5,5,0.5225806451612903,1,0.5118448807953779,0,0,0,0
F1,mpx_009,mpx_010,mpx_010,6,6,0.5197324966974901,1,0.49396895010706343,0,0,0,0
F1,mpx_009,mpx_010,mpx_010,7,7,0.44289844597036504,1,0.4517865211581229,0,0,0,0
F1,mpx_009,mpx_010,mpx_010,8,8,0.4455322178711285,1,0.42153565048713737,0,0,0,0
F1,mpx_009,mpx_010,mpx_010,9,9,0.4187617850408548,1,0.3937550317345362,0,0,0,0
F1,mpx_009,mpx_010,mpx_010,10,10,0.37011854951185497,1,0.37621058848351874,0,0,0,0
F1,mpx_009,mpx_010,mpx_010,11,11,0.29808037316110514,1,0.3434062071288042,0,0,0,0
F1,mpx_009,mpx_010,mpx_010,12,12,0.27196485623003197,1,0.31413657845125637,0,0,0,0
F1,mpx_009,mpx_010,mpx_010,13,13,0.2615878843506195,1,0.28720624353890983,0,0,0,0
F1,mpx_009,mpx_010,mpx_010,14,14,0.2495287464655985,1,0.2729489945239077,0,0,0,0
F1,mpx_009,mpx_010,mpx_010,15,15,0.24621212121212122,1,0.26476083654440774,0,0,0,0
F1,mpx_009,mpx_010,mpx_010,16,16,0.18739205526770294,1,0.2676177932195369,0,0,0,0
F1,mpx_009,mpx_010,mpx_010,17,17,0.23773908778813144,1,0.25657276208296853,0,0,0,0
F1,mpx_009,mpx_010,mpx_010,18,18,0.20613079019073569,1,0.20812600080853433,0,0,1,1
F1,mpx_009,mpx_010,mpx_010,19,19,0.17786144578313254,1,0.1779460743480648,0,1,1,1
F1,mpx_009,mpx_010,mpx_010,20,20,0.14017800381436746,1,0.18100418699591636,0,1,1,1
F1,mpx_009,mpx_010,mpx_010,21,21,0.13618677042801555,1,0.16716642618379013,0,1,1,1
F1,mpx_009,mpx_010,mpx_010,22,22,0.13420195439739413,1,0.15589574827097444,0,1,1,1
F1,mpx_009,mpx_010,mpx_010,23,23,0.15037983425414364,1,0.16205245517538927,1,1,1,1
F1,mpx_009,mpx_010,mpx_010,24,24,0.15037983425414364,1,0.14784628671079847,1,1,1,1
F1,mpx_009,mpx_010,mpx_010,25,25,0.14086294416243655,1,0.12573057112102215,1,1,1,1
F1,mpx_009,mpx_010,mpx_010,26,26,0.0668429003021148,1,0.1156895121262742,1,1,1,1
F1,mpx_009,mpx_010,mpx_010,27,27,0.0583969465648855,1,0.1009816059576779,1,1,1,1
F1,mpx_009,mpx_010,mpx_010,28,28,0.041701244813278006,1,0.09569528496118576,1,1,1,1
F1,mpx_009,mpx_010,mpx_010,29,29,0.04515209125475285,1,0.09414629874758171,1,1,1,1
F1,mpx_009,mpx_010,mpx_010,30,30,0.036650485436893206,1,0.09185630402155835,1,1,1,1
F1,mpx_009,mpx_010,mpx_010,31,31,0.009746588693957114,1,0.11782771235821901,1,1,1,1
F1,mpx_009,mpx_010,mpx_010,32,32,0.009606147934678195,1,0.08477328469382776,1,1,1,1
F1,mpx_009,mpx_010,mpx_010,33,33,0.009606147934678195,1,0.05077882708157512,1,1,1,1
F1,mpx_009,mpx_010,mpx_010,34,34,0.009606147934678195,1,0.04839478956318318,1,1,1,1
F1,mpx_009,mpx_010,mpx_010,35,35,0.009606147934678195,1,0.04686039185806381,1,1,1,1
F1,mpx_009,mpx_010,mpx_010,36,36,0.009606147934678195,1,0.04536423212188483,1,1,1,1
F1,mpx_009,mpx_010,mpx_010,37,37,0.009606147934678195,1,0.043906885244605835,1,1,1,1
F1,mpx_009,mpx_010,mpx_010,38,38,0.009606147934678195,1,0.04248897225037831,1,1,1,1
F1,mpx_009,mpx_010,mpx_010,39,39,0.009606147934678195,1,0.041105238089177924,1,1,1,1
F1,mpx_009,mpx_010,mpx_010,40,40,0.009606147934678195,1,0.03973674289958467,1,1,1,1
F1,mpx_010,mpx_001,mpx_001,3,3,0.6065005620082428,1,0.6315013816993991,0,0,0,0
F1,mpx_010,mpx_001,mpx_001,4,4,0.5217815344603381,1,0.5509499094979866,0,0,0,0
F1,mpx_010,mpx_001,mpx_001,5,5,0.5769379097570382,1,0.5050184858240562,0,0,0,0
F1,mpx_010,mpx_001,mpx_001,6,6,0.5556057866184448,1,0.49219849896758167,0,0,0,0
F1,mpx_010,mpx_001,mpx_001,7,7,0.5194575471698113,1,0.4489373041199723,0,0,0,0
F1,mpx_010,mpx_001,mpx_001,8,8,0.5017568517217147,1,0.41895066222947863,0,0,0,0
F1,mpx_010,mpx_001,mpx_001,9,9,0.5049001814882033,1,0.37886254891997856,0,0,0,0
F1,mpx_010,mpx_001,mpx_001,10,10,0.4974719101123595,1,0.3513103700403495,0,0,0,0
F1,mpx_010,mpx_001,mpx_001,11,11,0.4577831827658096,1,0.36166240852156617,0,0,0,0
F1,mpx_010,mpx_001,mpx_001,12,12,0.4615817091454273,1,0.336199534508061,0,0,0,0
F1,mpx_010,mpx_001,mpx_001,13,13,0.3973174030658251,1,0.31814483656634773,0,0,0,0
F1,mpx_010,mpx_001,mpx_001,14,14,0.3569379238393323,1,0.29337780170937033,0,0,0,0
F1,mpx_010,mpx_001,mpx_001,15,15,0.3658119658119658,1,0.2635379495162178,0,0,0,0
F1,mpx_010,mpx_001,mpx_001,16,16,0.3568019093078759,1,0.25196596586091197,0,0,0,0
F1,mpx_010,mpx_001,mpx_001,17,17,0.3432256059664388,1,0.2471918570533839,0,0,0,0
F1,mpx_010,mpx_001,mpx_001,18,18,0.3432256059664388,1,0.23642077872512768,0,0,0,0
F1,mpx_010,mpx_001,mpx_001,19,19,0.34108412322274884,1,0.2397589527750563,0,0,0,0
F1,mpx_010,mpx_001,mpx_001,20,20,0.2252106286454958,1,0.210197411190252,0,1,1,1
F1,mpx_010,mpx_001,mpx_001,21,21,0.17652899126290708,1,0.15964581002768993,1,1,1,1
F1,mpx_010,mpx_001,mpx_001,22,22,0.10955518945634267,1,0.13865795946736023,1,1,1,1
F1,mpx_010,mpx_001,mpx_001,23,23,0.12847555129434324,1,0.12636744440446873,1,1,1,1
F1,mpx_010,mpx_001,mpx_001,24,24,0.11339937434827946,1,0.10296765749454637,1,1,1,1
F1,mpx_010,mpx_001,mpx_001,25,25,0.11037934668071654,1,0.09176400301317912,1,1,1,1
F1,mpx_010,mpx_001,mpx_001,26,26,0.10059012875536481,1,0.086468110371932,1,1,1,1
F1,mpx_010,mpx_001,mpx_001,27,27,0.056598407281001135,1,0.08639593464850609,1,1,1,1
F1,mpx_010,mpx_001,mpx_001,28,28,0.08451086956521739,1,0.07812307689450747,1,1,1,1
F1,mpx_010,mpx_001,mpx_001,29,29,0.07377049180327869,1,0.06908651093198129,1,1,1,1
F1,mpx_010,mpx_001,mpx_001,30,30,0.07377049180327869,1,0.0626832221348102,1,1,1,1
F1,mpx_010,mpx_001,mpx_001,31,31,0.07377049180327869,1,0.05947860090851403,1,1,1,1
F1,mpx_010,mpx_001,mpx_001,32,32,0.07377049180327869,1,0.057772364085785614,1,1,1,1
F1,mpx_010,mpx_001,mpx_001,33,33,0.07377049180327869,1,0.056116254733734265,1,1,1,1
F1,mpx_010,mpx_001,mpx_001,34,34,0.07377049180327869,1,0.05450781523760508,1,1,1,1
F1,mpx_010,mpx_001,mpx_001,35,35,0.07377049180327869,1,0.0529412330823058,1,1,1,1
F1,mpx_010,mpx_002,mpx_002,3,3,0.5828273244781784,1,0.631139485652691,0,0,0,0
F1,mpx_010,mpx_002,mpx_002,4,4,0.5582010582010583,1,0.5536238438111508,0,0,0,0
F1,mpx_010,mpx_002,mpx_002,5,5,0.5757695343330702,1,0.5078113123542621,0,0,0,0
F1,mpx_010,mpx_002,mpx_002,6,6,0.4556597564988483,1,0.48778685965862273,0,0,0,0
F1,mpx_010,mpx_002,mpx_002,7,7,0.4472869360070776,1,0.42118698953233025,0,0,0,0
F1,mpx_010,mpx_002,mpx_002,8,8,0.45437150426847217,1,0.38510164839652844,0,0,0,0
F1,mpx_010,mpx_002,mpx_002,9,9,0.42563853863562884,1,0.35161940324593166,0,0,0,0
F1,mpx_010,mpx_002,mpx_002,10,10,0.3926126126126126,1,0.33112576871700083,0,0,0,0
F1,mpx_010,mpx_002,mpx_002,11,11,0.3585817888799355,1,0.316655426665112,0,0,0,0
F1,mpx_010,mpx_002,mpx_002,12,12,0.34447916666666667,1,0.30328385548224085,0,0,0,0
F1,mpx_010,mpx_002,mpx_002,13,13,0.29640522875816994,1,0.2824256841117168,0,0,0,0
F1,mpx_010,mpx_002,mpx_002,14,14,0.2627577319587629,1,0.23869931624284405,0,0,0,1
F1,mpx_010,mpx_002,mpx_002,15,15,0.23790322580645162,1,0.22954197651527453,0,0,1,1
F1,mpx_010,mpx_002,mpx_002,16,16,0.2294352363413137,1,0.21418867923107465,0,0,1,1
F1,mpx_010,mpx_002,mpx_002,17,17,0.22189256714553404,1,0.20392440865476683,0,0,1,1
F1,mpx_010,mpx_002,mpx_002,18,18,0.12879362670713201,1,0.18649002977565943,1,1,1,1
F1,mpx_010,mpx_002,mpx_002,19,19,0.1507782101167315,1,0.170373424721007,1,1,1,1
F1,mpx_010,mpx_002,mpx_002,20,20,0.07680457746478873,1,0.14534954858661484,1,1,1,1
F1,mpx_010,mpx_002,mpx_002,21,21,0.04848628192999054,1,0.12974375841256514,1,1,1,1
F1,mpx_010,mpx_002,mpx_002,22,22,0.031874405328258804,1,0.114128538164621,1,1,1,1
F1,mpx_010,mpx_002,mpx_002,23,23,0.03125,1,0.1075477101314524,1,1,1,1
F1,mpx_010,mpx_002,mpx_002,24,24,0.03375337533753375,1,0.12119098169795653,1,1,1,1
F1,mpx_010,mpx_002,mpx_002,25,25,0.025257249766136577,1,0.08981282339362928,1,1,1,1
F1,mpx_010,mpx_002,mpx_002,26,26,0.025233644859813085,1,0.07617933625673932,1,1,1,1
F1,mpx_010,mpx_002,mpx_002,27,27,0.0254323499491353,1,0.08084910414861737,1,1,1,1
F1,mpx_010,mpx_002,mpx_002,28,28,0.03976190476190476,1,0.07850204718616481,1,1,1,1
F1,mpx_010,mpx_002,mpx_002,29,29,0.01708984375,1,0.07172654388374447,1,1,1,1
F1,mpx_010,mpx_002,mpx_002,30,30,0.01708984375,1,0.061450894681493534,1,1,1,1
F1,mpx_010,mpx_002,mpx_002,31,31,0.017123287671232876,1,0.058253712697122394,1,1,1,1
F1,mpx_010,mpx_002,mpx_002,32,32,0.017123287671232876,1,0.056555959692100415,1,1,1,1
F1,mpx_010,mpx_002,mpx_002,33,33,0.017123287671232876,1,0.05490732389970559,1,1,1,1
F1,mpx_010,mpx_002,mpx_002,34,34,0.017123287671232876,1,0.0533049051886838,1,1,1,1
F1,mpx_010,mpx_002,mpx_002,35,35,0.017123287671232876,1,0.051750344434841104,1,1,1,1
F1,mpx_010,mpx_002,mpx_002,36,36,0.017123287671232876,1,0.05023562990349,1,1,1,1
F1,mpx_010,mpx_002,mpx_002,37,37,0.017123287671232876,1,0.04876038352844441,1,1,1,1
F1,mpx_010,mpx_003,mpx_003,3,3,0.5955643707176344,1,0.6249377731183267,0,0,0,0
F1,mpx_010,mpx_003,mpx_003,4,4,0.5693963860053826,1,0.5536763410844572,0,0,0,0
F1,mpx_010,mpx_003,mpx_003,5,5,0.595224171539961,1,0.5080498963306662,0,0,0,0
F1,mpx_010,mpx_003,mpx_003,6,6,0.5647433747064743,1,0.49583252365461755,0,0,0,0
F1,mpx_010,mpx_003,mpx_003,7,7,0.5831946755407654,1,0.47139759656614655,0,0,0,0
F1,mpx_010,mpx_003,mpx_003,8,8,0.5078179291174427,1,0.4392240198935311,0,0,0,0
F1,mpx_010,mpx_003,mpx_003,9,9,0.5019812680115274,1,0.4090985160877414,0,0,0,0
F1,mpx_010,mpx_003,mpx_003,10,10,0.539460020768432,1,0.3955556574584819,0,0,0,0
F1,mpx_010,mpx_003,mpx_003,11,11,0.5115842204132749,1,0.3764321358839769,0,0,0,0
F1,mpx_010,mpx_003,mpx_003,12,12,0.4670428524697416,1,0.3527904774269865,0,0,0,0
F1,mpx_010,mpx_003,mpx_003,13,13,0.42064914376742335,1,0.3158906159322871,0,0,0,0
F1,mpx_010,mpx_003,mpx_003,14,14,0.37399193548387094,1,0.2933057319447332,0,0,0,0
F1,mpx_010,mpx_003,mpx_003,15,15,0.3703125,1,0.2771205699290689,0,0,0,0
F1,mpx_010,mpx_003,mpx_003,16,16,0.37266059686393527,1,0.2679812729738229,0,0,0,0
F1,mpx_010,mpx_003,mpx_003,17,17,0.3661631419939577,1,0.2742565564993576,0,0,0,0
F1,mpx_010,mpx_003,mpx_003,18,18,0.2889531345100426,1,0.26729154789468795,0,0,0,0
F1,mpx_010,mpx_003,mpx_003,19,19,0.3002776064157927,1,0.24190604667502522,0,0,0,1
F1,mpx_010,mpx_003,mpx_003,20,20,0.3047153024911032,1,0.22490616607332906,0,0,0,1
F1,mpx_010,mpx_003,mpx_003,21,21,0.29255698005698005,1,0.19465678125213992,0,1,1,1
F1,mpx_010,mpx_003,mpx_003,22,22,0.2615881458966565,1,0.17632382160497506,1,1,1,1
F1,mpx_010,mpx_003,mpx_003,23,23,0.182062966031483,1,0.15581091858724982,1,1,1,1
F1,mpx_010,mpx_003,mpx_003,24,24,0.1799913569576491,1,0.12972872855996906,1,1,1,1
F1,mpx_010,mpx_003,mpx_003,25,25,0.14772727272727273,1,0.1200189391636847,1,1,1,1
F1,mpx_010,mpx_003,mpx_003,26,26,0.15691021126760563,1,0.11077421866626369,1,1,1,1
F1,mpx_010,mpx_003,mpx_003,27,27,0.14925373134328357,1,0.09893509747766283,1,1,1,1
F1,mpx_010,mpx_003,mpx_003,28,28,0.11656118143459916,1,0.08715137689057575,1,1,1,1
F1,mpx_010,mpx_003,mpx_003,29,29,0.01066925315227934,1,0.07944834992523658,1,1,1,1
F1,mpx_010,mpx_003,mpx_003,30,30,0.018649669499527857,1,0.08131867102916306,1,1,1,1
F1,mpx_010,mpx_003,mpx_003,31,31,0.011560693641618497,1,0.06840194650546187,1,1,1,1
F1,mpx_010,mpx_003,mpx_003,32,32,0.009471585244267198,1,0.05250288997297423,1,1,1,1
F1,mpx_010,mpx_003,mpx_003,33,33,0.008655804480651732,1,0.04761618346144705,1,1,1,1
F1,mpx_010,mpx_003,mpx_003,34,34,0.008655804480651732,1,0.043991357521103565,1,1,1,1
F1,mpx_010,mpx_003,mpx_003,35,35,0.008655804480651732,1,0.04177510038862326,1,1,1,1
F1,mpx_010,mpx_003,mpx_003,36,36,0.008655804480651732,1,0.04023723817703396,1,1,1,1
F1,mpx_010,mpx_003,mpx_003,37,37,0.008655804480651732,1,0.038736399410666485,1,1,1,1
F1,mpx_010,mpx_003,mpx_003,38,38,0.008655804480651732,1,0.03727876773170762,1,1,1,1
F1,mpx_010,mpx_003,mpx_003,39,39,0.008655804480651732,1,0.035854705995950815,1,1,1,1
F1,mpx_010,mpx_003,mpx_003,40,40,0.008655804480651732,1,0.03446119306872738,1,1,1,1
F1,mpx_010,mpx_003,mpx_003,41,41,0.008655804480651732,1,0.03310443303162975,1,1,1,1
F1,mpx_010,mpx_004,mpx_004,3,3,0.590662776156732,1,0.6310294520496502,0,0,0,0
F1,mpx_010,mpx_004,mpx_004,4,4,0.5101778193729527,1,0.5450285500931047,0,0,0,0
F1,mpx_010,mpx_004,mpx_004,5,5,0.5884559884559885,1,0.5309589435513924,0,0,0,0
F1,mpx_010,mpx_004,mpx_004,6,6,0.5170893906588309,1,0.4767487137112518,0,0,0,0
F1,mpx_010,mpx_004,mpx_004,7,7,0.511353517364203,1,0.44271544620159464,0,0,0,0
F1,mpx_010,mpx_004,mpx_004,8,8,0.49756135934550033,1,0.41054125819057924,0,0,0,0
F1,mpx_010,mpx_004,mpx_004,9,9,0.4259229274611399,1,0.3924219764178849,0,0,0,0
F1,mpx_010,mpx_004,mpx_004,10,10,0.47587038952085486,1,0.3843611321633749,0,0,0,0
F1,mpx_010,mpx_004,mpx_004,11,11,0.3929170159262364,1,0.3443354373184155,0,0,0,0
F1,mpx_010,mpx_004,mpx_004,12,12,0.3393089960886571,1,0.323954900502844,0,0,0,0
F1,mpx_010,mpx_004,mpx_004,13,13,0.3075191355245385,1,0.3071952925669757,0,0,0,0
F1,mpx_010,mpx_004,mpx_004,14,14,0.26100151745068284,1,0.26425619852059884,0,0,0,0
F1,mpx_010,mpx_004,mpx_004,15,15,0.23688524590163934,1,0.23044465916371917,0,0,0,1
F1,mpx_010,mpx_004,mpx_004,16,16,0.14719140083217752,1,0.25578697461674077,1,1,1,1
F1,mpx_010,mpx_004,mpx_004,17,17,0.12153790087463556,1,0.21487989539958538,1,1,1,1
F1,mpx_010,mpx_004,mpx_004,18,18,0.08132279534109817,1,0.1894696246928737,1,1,1,1
F1,mpx_010,mpx_004,mpx_004,19,19,0.0518783542039356,1,0.18026856605591202,1,1,1,1
F1,mpx_010,mpx_004,mpx_004,20,20,0.03936269915651359,1,0.15568296871961093,1,1,1,1
F1,mpx_010,mpx_004,mpx_004,21,21,0.0413022351797862,1,0.14014961521260733,1,1,1,1
F1,mpx_010,mpx_004,mpx_004,22,22,0.023290386521308225,1,0.14369724791932983,1,1,1,1
F1,mpx_010,mpx_004,mpx_004,23,23,0.024594320486815417,1,0.14856901816526816,1,1,1,1
F1,mpx_010,mpx_004,mpx_004,24,24,0.02447023208879919,1,0.12040476449742663,1,1,1,1
F1,mpx_010,mpx_004,mpx_004,25,25,0.011059371362048894,1,0.11910984489648124,1,1,1,1
F1,mpx_010,mpx_004,mpx_004,26,26,0.007647058823529412,1,0.10318284238829872,1,1,1,1
F1,mpx_010,mpx_004,mpx_004,27,27,0.004146919431279621,1,0.09161313182438403,1,1,1,1
F1,mpx_010,mpx_004,mpx_004,28,28,0.0031605562579013905,1,0.08820440426877606,1,1,1,1
F1,mpx_010,mpx_004,mpx_004,29,29,0.0031645569620253164,1,0.08561779385068476,1,1,1,1
F1,mpx_010,mpx_004,mpx_004,30,30,0.007362784471218206,1,0.09412715672512204,1,1,1,1
F1,mpx_010,mpx_004,mpx_004,31,31,0.007362784471218206,1,0.08784458879324238,1,1,1,1
F1,mpx_010,mpx_004,mpx_004,32,32,0.007362784471218206,1,0.08150628971994286,1,1,1,1
F1,mpx_010,mpx_004,mpx_004,33,33,0.007362784471218206,1,0.07987965463615745,1,1,1,1
F1,mpx_010,mpx_004,mpx_004,34,34,0.007362784471218206,1,0.0782898641102232,1,1,1,1
F1,mpx_010,mpx_004,mpx_004,35,35,0.007362784471218206,1,0.07674865577370132,1,1,1,1
F1,mpx_010,mpx_004,mpx_004,36,36,0.007362784471218206,1,0.07525434646077339,1,1,1,1
F1,mpx_010,mpx_005,mpx_005,3,3,0.5628006872852234,1,0.627281744070438,0,0,0,0
F1,mpx_010,mpx_005,mpx_005,4,4,0.5604651162790698,1,0.5632542377811619,0,0,0,0
F1,mpx_010,mpx_005,mpx_005,5,5,0.5696737817156665,1,0.5066569671361244,0,0,0,0
F1,mpx_010,mpx_005,mpx_005,6,6,0.5792553191489361,1,0.4859330145589699,0,0,0,0
F1,mpx_010,mpx_005,mpx_005,7,7,0.5131138392857143,1,0.45409403040825896,0,0,0,0
F1,mpx_010,mpx_005,mpx_005,8,8,0.5186228197674418,1,0.4260858390048011,0,0,0,0
F1,mpx_010,mpx_005,mpx_005,9,9,0.4543335635359116,1,0.39767825733307277,0,0,0,0
F1,mpx_010,mpx_005,mpx_005,10,10,0.40365448504983387,1,0.3753267738092202,0,0,0,0
F1,mpx_010,mpx_005,mpx_005,11,11,0.3359228753275927,1,0.3324761976289374,0,0,0,0
F1,mpx_010,mpx_005,mpx_005,12,12,0.3365584685809405,1,0.29946663522241146,0,0,0,0
F1,mpx_010,mpx_005,mpx_005,13,13,0.30169753086419754,1,0.25327054538922555,0,0,0,0
F1,mpx_010,mpx_005,mpx_005,14,14,0.2949571836346337,1,0.2198463267963323,0,0,0,1
F1,mpx_010,mpx_005,mpx_005,15,15,0.26784702549575073,1,0.21606436978380578,0,0,1,1
F1,mpx_010,mpx_005,mpx_005,16,16,0.18384714193962748,1,0.19624648543739415,0,1,1,1
F1,mpx_010,mpx_005,mpx_005,17,17,0.18648208469055375,1,0.18353601441394649,0,1,1,1
F1,mpx_010,mpx_005,mpx_005,18,18,0.15840118430792005,1,0.17808735345819537,1,1,1,1
F1,mpx_010,mpx_005,mpx_005,19,19,0.1282642089093702,1,0.16861030995470042,1,1,1,1
F1,mpx_010,mpx_005,mpx_005,20,20,0.10203252032520325,1,0.14726272852205546,1,1,1,1
F1,mpx_010,mpx_005,mpx_005,21,21,0.05615640599001664,1,0.12480768266424068,1,1,1,1
F1,mpx_010,mpx_005,mpx_005,22,22,0.05211864406779661,1,0.10825543603310063,1,1,1,1
F1,mpx_010,mpx_005,mpx_005,23,23,0.04287003610108303,1,0.10149779563650194,1,1,1,1
F1,mpx_010,mpx_005,mpx_005,24,24,0.04406307977736549,1,0.09534909075924955,1,1,1,1
F1,mpx_010,mpx_005,mpx_005,25,25,0.048676748582230624,1,0.09426375603943468,1,1,1,1
F1,mpx_010,mpx_005,mpx_005,26,26,0.04398826979472141,1,0.09168309914472218,1,1,1,1
F1,mpx_010,mpx_005,mpx_005,27,27,0.0006234413965087282,1,0.16436117418284615,1,1,1,1
F1,mpx_010,mpx_005,mpx_005,28,28,0.0006234413965087282,1,0.12178695524995942,1,1,1,1
F1,mpx_010,mpx_005,mpx_005,29,29,0.0006234413965087282,1,0.07876836743974037,1,1,1,1
F1,mpx_010,mpx_005,mpx_005,30,30,0.0006234413965087282,1,0.07700155434388346,1,1,1,1
F1,mpx_010,mpx_005,mpx_005,31,31,0.0006234413965087282,1,0.07528876708565736,1,1,1,1
F1,mpx_010,mpx_005,mpx_005,32,32,0.0006234413965087282,1,0.07362709658087375,1,1,1,1
F1,mpx_010,mpx_005,mpx_005,33,33,0.0006234413965087282,1,0.07201601584863522,1,1,1,1
F1,mpx_010,mpx_005,mpx_005,34,34,0.0006234413965087282,1,0.07045168380572629,1,1,1,1
F1,mpx_010,mpx_006,mpx_006,3,3,0.5522629310344828,1,0.6284471868940804,0,0,0,0
F1,mpx_010,mpx_006,mpx_006,4,4,0.5293321299638989,1,0.5478663961068091,0,0,0,0
F1,mpx_010,mpx_006,mpx_006,5,5,0.5594879518072289,1,0.5026657568941828,0,0,0,0
F1,mpx_010,mpx_006,mpx_006,6,6,0.527581567440296,1,0.47236407954766746,0,0,0,0
F1,mpx_010,mpx_006,mpx_006,7,7,0.5314994793474488,1,0.4378023141412461,0,0,0,0
F1,mpx_010,mpx_006,mpx_006,8,8,0.4867296045600285,1,0.3939772558912909,0,0,0,0
F1,mpx_010,mpx_006,mpx_006,9,9,0.4996242014280346,1,0.3931055202041976,0,0,0,0
F1,mpx_010,mpx_006,mpx_006,10,10,0.4318103149878851,1,0.3835597054017821,0,0,0,0
F1,mpx_010,mpx_006,mpx_006,11,11,0.4251808501991384,1,0.36458035490770274,0,0,0,0
F1,mpx_010,mpx_006,mpx_006,12,12,0.4153722009279806,1,0.33547436172597667,0,0,0,0
F1,mpx_010,mpx_006,mpx_006,13,13,0.37215391621129323,1,0.29892544382120456,0,0,0,0
F1,mpx_010,mpx_006,mpx_006,14,14,0.3720319920019995,1,0.27465444725692006,0,0,0,0
F1,mpx_010,mpx_006,mpx_006,15,15,0.3666317991631799,1,0.26441974988765293,0,0,0,0
F1,mpx_010,mpx_006,mpx_006,16,16,0.3573565406581452,1,0.255882668344359,0,0,0,0
F1,mpx_010,mpx_006,mpx_006,17,17,0.3251412429378531,1,0.2618134800440364,0,0,0,0
F1,mpx_010,mpx_006,mpx_006,18,18,0.34622718605284664,1,0.2578322896918033,0,0,0,0
F1,mpx_010,mpx_006,mpx_006,19,19,0.33607860135818524,1,0.20463441972041546,0,0,1,1
F1,mpx_010,mpx_006,mpx_006,20,20,0.31627296587926507,1,0.16686385278109972,0,1,1,1
F1,mpx_010,mpx_006,mpx_006,21,21,0.2681145852836547,1,0.17046328951244064,1,1,1,1
F1,mpx_010,mpx_006,mpx_006,22,22,0.2399835627696733,1,0.144832848956682,1,1,1,1
F1,mpx_010,mpx_006,mpx_006,23,23,0.24792485801660114,1,0.14349445157886978,1,1,1,1
F1,mpx_010,mpx_006,mpx_006,24,24,0.009059745347698335,1,0.16219180748113046,1,1,1,1
F1,mpx_010,mpx_006,mpx_006,25,25,0.0071499013806706115,1,0.11366264291907706,1,1,1,1
F1,mpx_010,mpx_006,mpx_006,26,26,0.008887614678899083,1,0.10573593749702946,1,1,1,1
F1,mpx_010,mpx_006,mpx_006,27,27,0.009548611111111112,1,0.09298209454860729,1,1,1,1
F1,mpx_010,mpx_006,mpx_006,28,28,0.009548611111111112,1,0.07801967744564961,1,1,1,1
F1,mpx_010,mpx_006,mpx_006,29,29,0.006815703380588877,1,0.08564877440669366,1,1,1,1
F1,mpx_010,mpx_006,mpx_006,30,30,0.006815703380588877,1,0.07425789143052984,1,1,1,1
F1,mpx_010,mpx_006,mpx_006,31,31,0.006815703380588877,1,0.06296602223656894,1,1,1,1
F1,mpx_010,mpx_006,mpx_006,32,32,0.006815703380588877,1,0.06127796470498753,1,1,1,1
F1,mpx_010,mpx_006,mpx_006,33,33,0.006815703380588877,1,0.0596428863241682,1,1,1,1
F1,mpx_010,mpx_006,mpx_006,34,34,0.006815703380588877,1,0.0580475766582175,1,1,1,1
F1,mpx_010,mpx_006,mpx_006,35,35,0.006815703380588877,1,0.05649965827445841,1,1,1,1
F1,mpx_010,mpx_006,mpx_006,36,36,0.006815703380588877,1,0.054995716048172216,1,1,1,1
F1,mpx_010,mpx_007,mpx_007,3,3,0.5713629684055841,1,0.5885605351492851,0,0,0,0
F1,mpx_010,mpx_007,mpx_007,4,4,0.5879883169039796,1,0.5309672783844852,0,0,0,0
F1,mpx_010,mpx_007,mpx_007,5,5,0.5646131339401821,1,0.5003658497784081,0,0,0,0
F1,mpx_010,mpx_007,mpx_007,6,6,0.5452755905511811,1,0.4628580089786583,0,0,0,0
F1,mpx_010,mpx_007,mpx_007,7,7,0.5093905031892275,1,0.4241973101203931,0,0,0,0
F1,mpx_010,mpx_007,mpx_007,8,8,0.5081967213114754,1,0.388271986534717,0,0,0,0
F1,mpx_010,mpx_007,mpx_007,9,9,0.5191801119525847,1,0.37952721501633174,0,0,0,0
F1,mpx_010,mpx_007,mpx_007,10,10,0.41336971350613916,1,0.33882894026212573,0,0,0,0
F1,mpx_010,mpx_007,mpx_007,11,11,0.3713063763608087,1,0.3082715784495115,0,0,0,0
F1,mpx_010,mpx_007,mpx_007,12,12,0.3737157534246575,1,0.27891526347308954,0,0,0,0
F1,mpx_010,mpx_007,mpx_007,13,13,0.3789752650176678,1,0.26824786882218815,0,0,0,0
F1,mpx_010,mpx_007,mpx_007,14,14,0.2511415525114155,1,0.2687957657583169,0,0,0,0
F1,mpx_010,mpx_007,mpx_007,15,15,0.2351413733410271,1,0.2457150581471702,0,0,0,1
F1,mpx_010,mpx_007,mpx_007,16,16,0.2286144578313253,1,0.21819358180592677,0,0,0,1
F1,mpx_010,mpx_007,mpx_007,17,17,0.24084967320261438,1,0.22989082836491512,0,0,0,1
F1,mpx_010,mpx_007,mpx_007,18,18,0.2018970189701897,1,0.18848653705124394,0,1,1,1
F1,mpx_010,mpx_007,mpx_007,19,19,0.15934065934065933,1,0.15019259511316715,1,1,1,1
F1,mpx_010,mpx_007,mpx_007,20,20,0.13500816993464052,1,0.15132732841646565,1,1,1,1
F1,mpx_010,mpx_007,mpx_007,21,21,0.12793132328308207,1,0.14572860067399757,1,1,1,1
F1,mpx_010,mpx_007,mpx_007,22,22,0.05521032504780115,1,0.12092277365002765,1,1,1,1
F1,mpx_010,mpx_007,mpx_007,23,23,0.059591642924976256,1,0.11434569007167109,1,1,1,1
F1,mpx_010,mpx_007,mpx_007,24,24,0.049664107485604604,1,0.10531168234317302,1,1,1,1
F1,mpx_010,mpx_007,mpx_007,25,25,0.029572564612326043,1,0.10090386126326234,1,1,1,1
F1,mpx_010,mpx_007,mpx_007,26,26,0.006929637526652452,1,0.08339304117613033,1,1,1,1
F1,mpx_010,mpx_007,mpx_007,27,27,0.0054525627044711015,1,0.07731908808469795,1,1,1,1
F1,mpx_010,mpx_007,mpx_007,28,28,0.005580357142857143,1,0.07490218380024583,1,1,1,1
F1,mpx_010,mpx_007,mpx_007,29,29,0.005861664712778429,1,0.07372409716403275,1,1,1,1
F1,mpx_010,mpx_007,mpx_007,30,30,0.005861664712778429,1,0.06821375395815125,1,1,1,1
F1,mpx_010,mpx_007,mpx_007,31,31,0.005861664712778429,1,0.0646789457928901,1,1,1,1
F1,mpx_010,mpx_007,mpx_007,32,32,0.005861664712778429,1,0.06300466784395639,1,1,1,1
F1,mpx_010,mpx_007,mpx_007,33,33,0.005861664712778429,1,0.061376413970525984,1,1,1,1
F1,mpx_010,mpx_007,mpx_007,34,34,0.005861664712778429,1,0.05979641864598634,1,1,1,1
F1,mpx_010,mpx_007,mpx_007,35,35,0.005861664712778429,1,0.05822363348832921,1,1,1,1
F1,mpx_010,mpx_008,mpx_008,3,3,0.5806645316253003,1,0.6362135799551875,0,0,0,0
F1,mpx_010,mpx_008,mpx_008,4,4,0.5477707006369427,1,0.5594436786246016,0,0,0,0
F1,mpx_010,mpx_008,mpx_008,5,5,0.5409054805401112,1,0.5092016202838231,0,0,0,0
F1,mpx_010,mpx_008,mpx_008,6,6,0.48241539482415396,1,0.4846888461434836,0,0,0,0
F1,mpx_010,mpx_008,mpx_008,7,7,0.5043092018032352,1,0.4313614668458975,0,0,0,0
F1,mpx_010,mpx_008,mpx_008,8,8,0.5109121432568551,1,0.39791432379650954,0,0,0,0
F1,mpx_010,mpx_008,mpx_008,9,9,0.45834842448388263,1,0.36168559045347876,0,0,0,0
F1,mpx_010,mpx_008,mpx_008,10,10,0.44056992875890516,1,0.3256498052555655,0,0,0,0
F1,mpx_010,mpx_008,mpx_008,11,11,0.4366615561517823,1,0.30377287012471954,0,0,0,0
F1,mpx_010,mpx_008,mpx_008,12,12,0.4267362505018065,1,0.2967663065441143,0,0,0,0
F1,mpx_010,mpx_008,mpx_008,13,13,0.38734965635738833,1,0.2963750294260987,0,0,0,0
F1,mpx_010,mpx_008,mpx_008,14,14,0.3309228650137741,1,0.29774329506554215,0,0,0,0
F1,mpx_010,mpx_008,mpx_008,15,15,0.33606020942408377,1,0.2666934364766757,0,0,0,0
F1,mpx_010,mpx_008,mpx_008,16,16,0.31599903474903474,1,0.22951930422889505,0,0,0,0
F1,mpx_010,mpx_008,mpx_008,17,17,0.16896758703481393,1,0.2370108265354913,0,0,1,1
F1,mpx_010,mpx_008,mpx_008,18,18,0.16964285714285715,1,0.20643267964306405,0,0,1,1
F1,mpx_010,mpx_008,mpx_008,19,19,0.1518375241779497,1,0.17411236851644238,0,1,1,1
F1,mpx_010,mpx_008,mpx_008,20,20,0.16741935483870968,1,0.16739588823407064,1,1,1,1
F1,mpx_010,mpx_008,mpx_008,21,21,0.16293706293706295,1,0.1532741563718788,1,1,1,1
F1,mpx_010,mpx_008,mpx_008,22,22,0.13515037593984963,1,0.15625783199805687,1,1,1,1
F1,mpx_010,mpx_008,mpx_008,23,23,0.13372093023255813,1,0.1487365585192946,1,1,1,1
F1,mpx_010,mpx_008,mpx_008,24,24,0.08333333333333333,1,0.15324564003154983,1,1,1,1
F1,mpx_010,mpx_008,mpx_008,25,25,0.028110599078341014,1,0.11424686853061489,1,1,1,1
F1,mpx_010,mpx_008,mpx_008,26,26,0.014558232931726908,1,0.09775319662832449,1,1,1,1
F1,mpx_010,mpx_008,mpx_008,27,27,0.018819938962360123,1,0.07862742225844348,1,1,1,1
F1,mpx_010,mpx_008,mpx_008,28,28,0.021538461538461538,1,0.07538062402006133,1,1,1,1
F1,mpx_010,mpx_008,mpx_008,29,29,0.021538461538461538,1,0.06860182433114138,1,1,1,1
F1,mpx_010,mpx_008,mpx_008,30,30,0.021538461538461538,1,0.06334828942335831,1,1,1,1
F1,mpx_010,mpx_008,mpx_008,31,31,0.021538461538461538,1,0.06161764529167331,1,1,1,1
F1,mpx_010,mpx_008,mpx_008,32,32,0.021538461538461538,1,0.059941595052303356,1,1,1,1
F1,mpx_010,mpx_008,mpx_008,33,33,0.021538461538461538,1,0.05831405282023468,1,1,1,1
F1,mpx_010,mpx_008,mpx_008,34,34,0.021538461538461538,1,0.05673289324074858,1,1,1,1
F1,mpx_010,mpx_008,mpx_008,35,35,0.021538461538461538,1,0.05517895808366087,1,1,1,1
F1,mpx_010,mpx_009,mpx_009,3,3,0.6009525588345163,1,0.6305938486048247,0,0,0,0
F1,mpx_010,mpx_009,mpx_009,4,4,0.5832457062740974,1,0.5554818480657718,0,0,0,0
F1,mpx_010,mpx_009,mpx_009,5,5,0.5904588112617309,1,0.507772398715203,0,0,0,0
F1,mpx_010,mpx_009,mpx_009,6,6,0.5553923263048738,1,0.4934057163756885,0,0,0,0
F1,mpx_010,mpx_009,mpx_009,7,7,0.5278614457831325,1,0.4561458299997632,0,0,0,0
F1,mpx_010,mpx_009,mpx_009,8,8,0.5185741088180112,1,0.42730024978916126,0,0,0,0
F1,mpx_010,mpx_009,mpx_009,9,9,0.4286544850498339,1,0.39155521243094216,0,0,0,0
F1,mpx_010,mpx_009,mpx_009,10,10,0.387208067940552,1,0.3649779030333048,0,0,0,0
F1,mpx_010,mpx_009,mpx_009,11,11,0.36305408702724684,1,0.3240780567540902,0,0,0,0
F1,mpx_010,mpx_009,mpx_009,12,12,0.2995147772386414,1,0.3046018340602733,0,0,0,0
F1,mpx_010,mpx_009,mpx_009,13,13,0.2857637286571297,1,0.28640450737370216,0,0,0,0
F1,mpx_010,mpx_009,mpx_009,14,14,0.275997150997151,1,0.2674787675602519,0,0,0,0
F1,mpx_010,mpx_009,mpx_009,15,15,0.22767100056529113,1,0.2695077856088503,0,0,0,0
F1,mpx_010,mpx_009,mpx_009,16,16,0.22663316582914572,1,0.26130384710212295,0,0,0,0
F1,mpx_010,mpx_009,mpx_009,17,17,0.21324324324324323,1,0.2090017687340227,0,0,1,1
F1,mpx_010,mpx_009,mpx_009,18,18,0.1872391174716756,1,0.176189199378551,0,1,1,1
F1,mpx_010,mpx_009,mpx_009,19,19,0.1583956492182189,1,0.18027541108069145,1,1,1,1
F1,mpx_010,mpx_009,mpx_009,20,20,0.15264255910987481,1,0.16934629602756207,1,1,1,1
F1,mpx_010,mpx_009,mpx_009,21,21,0.15331010452961671,1,0.16032729582907224,1,1,1,1
F1,mpx_010,mpx_009,mpx_009,22,22,0.13173400673400673,1,0.1540958424849011,1,1,1,1
F1,mpx_010,mpx_009,mpx_009,23,23,0.05953533397870281,1,0.13086759272663173,1,1,1,1
F1,mpx_010,mpx_009,mpx_009,24,24,0.051521099116781155,1,0.11233901201181315,1,1,1,1
F1,mpx_010,mpx_009,mpx_009,25,25,0.030692549842602307,1,0.11144877740227017,1,1,1,1
F1,mpx_010,mpx_009,mpx_009,26,26,0.03054662379421222,1,0.1105225097863144,1,1,1,1
F1,mpx_010,mpx_009,mpx_009,27,27,0.025485436893203883,1,0.12004036731993066,1,1,1,1
F1,mpx_010,mpx_009,mpx_009,28,28,0.029069767441860465,1,0.1038986382513485,1,1,1,1
F1,mpx_010,mpx_009,mpx_009,29,29,0.029069767441860465,1,0.09719977885313634,1,1,1,1
F1,mpx_010,mpx_009,mpx_009,30,30,0.029069767441860465,1,0.08441648130254932,1,1,1,1
F1,mpx_010,mpx_009,mpx_009,31,31,0.029069767441860465,1,0.08267699057591076,1,1,1,1
F1,mpx_010,mpx_009,mpx_009,32,32,0.029069767441860465,1,0.08098356879813083,1,1,1,1
F1,mpx_010,mpx_009,mpx_009,33,33,0.029069767441860465,1,0.07933931390367703,1,1,1,1
F1,mpx_010,mpx_009,mpx_009,34,34,0.029069767441860465,1,0.07774245465252232,1,1,1,1
F1,mpx_010,mpx_009,mpx_009,35,35,0.029069767441860465,1,0.07619011191181803,1,1,1,1
F1,mpx_010,mpx_009,mpx_009,36,36,0.029069767441860465,1,0.07468088962304455,1,1,1,1
F2,mpx_001,mpx_002,mpx_002,3,3,0.5828273244781784,1,0.5919239324269566,0,0,0,0
F2,mpx_001,mpx_002,mpx_002,4,4,0.5582010582010583,1,0.5054443938611725,0,0,0,0
F2,mpx_001,mpx_002,mpx_002,5,5,0.5757695343330702,1,0.4693265602678282,0,0,0,0
F2,mpx_001,mpx_002,mpx_002,6,6,0.4556597564988483,1,0.45389383351128637,0,0,0,0
F2,mpx_001,mpx_002,mpx_002,7,7,0.4472869360070776,1,0.42656919638010954,0,0,0,0
F2,mpx_001,mpx_002,mpx_002,8,8,0.45437150426847217,1,0.37392165317639475,0,0,0,0
F2,mpx_001,mpx_002,mpx_002,9,9,0.42563853863562884,1,0.3537015444286154,0,0,0,0
F2,mpx_001,mpx_002,mpx_002,10,10,0.3926126126126126,1,0.3341435645893774,0,0,0,0
F2,mpx_001,mpx_002,mpx_002,11,11,0.3585817888799355,1,0.3420752313438199,0,0,0,0
F2,mpx_001,mpx_002,mpx_002,12,12,0.34447916666666667,1,0.35510473295581835,0,0,0,0
F2,mpx_001,mpx_002,mpx_002,13,13,0.29640522875816994,1,0.3101871043370099,0,0,0,0
F2,mpx_001,mpx_002,mpx_002,14,14,0.2627577319587629,1,0.29769223137388295,0,0,0,1
F2,mpx_001,mpx_002,mpx_002,15,15,0.23790322580645162,1,0.29160240930961134,0,0,1,1
F2,mpx_001,mpx_002,mpx_002,16,16,0.2294352363413137,1,0.26796147493609773,0,0,1,1
F2,mpx_001,mpx_002,mpx_002,17,17,0.22189256714553404,1,0.24982342290282397,0,0,1,1
F2,mpx_001,mpx_002,mpx_002,18,18,0.12879362670713201,1,0.215979277458135,1,1,1,1
F2,mpx_001,mpx_002,mpx_002,19,19,0.1507782101167315,1,0.18954677989058502,1,1,1,1
F2,mpx_001,mpx_002,mpx_002,20,20,0.07680457746478873,1,0.14889167081891955,1,1,1,1
F2,mpx_001,mpx_002,mpx_002,21,21,0.04848628192999054,1,0.12860889455951405,1,1,1,1
F2,mpx_001,mpx_002,mpx_002,22,22,0.031874405328258804,1,0.09920162589921609,1,1,1,1
F2,mpx_001,mpx_002,mpx_002,23,23,0.03125,1,0.08543405025262209,1,1,1,1
F2,mpx_001,mpx_002,mpx_002,24,24,0.03375337533753375,1,0.09698641046772662,1,1,1,1
F2,mpx_001,mpx_002,mpx_002,25,25,0.025257249766136577,1,0.05089281268562253,1,1,1,1
F2,mpx_001,mpx_002,mpx_002,26,26,0.025233644859813085,1,0.03674204216925706,1,1,1,1
F2,mpx_001,mpx_002,mpx_002,27,27,0.0254323499491353,1,0.03679086992432546,1,1,1,1
F2,mpx_001,mpx_002,mpx_002,28,28,0.03976190476190476,1,0.03313850933049359,1,1,1,1
F2,mpx_001,mpx_002,mpx_002,29,29,0.01708984375,1,0.023303048998032073,1,1,1,1
F2,mpx_001,mpx_002,mpx_002,30,30,0.01708984375,1,0.013912154861452794,1,1,1,1
F2,mpx_001,mpx_002,mpx_002,31,31,0.017123287671232876,1,0.01015232793267595,1,1,1,1
F2,mpx_001,mpx_002,mpx_002,32,32,0.017123287671232876,1,0.008410568229909762,1,1,1,1
F2,mpx_001,mpx_002,mpx_002,33,33,0.017123287671232876,1,0.006716621646956352,1,1,1,1
F2,mpx_001,mpx_002,mpx_002,34,34,0.017123287671232876,1,0.005149746051690465,1,1,1,1
F2,mpx_001,mpx_002,mpx_002,35,35,0.017123287671232876,1,0.0036297574713218296,1,1,1,1
F2,mpx_001,mpx_002,mpx_002,36,36,0.017123287671232876,1,0.002148473940273985,1,1,1,1
F2,mpx_001,mpx_002,mpx_002,37,37,0.017123287671232876,1,0.0007056563568377285,1,1,1,1
F2,mpx_001,mpx_003,mpx_003,3,3,0.5955643707176344,1,0.5841119301752217,0,0,0,0
F2,mpx_001,mpx_003,mpx_003,4,4,0.5693963860053826,1,0.5146542751703193,0,0,0,0
F2,mpx_001,mpx_003,mpx_003,5,5,0.595224171539961,1,0.4695961012178623,0,0,0,0
F2,mpx_001,mpx_003,mpx_003,6,6,0.5647433747064743,1,0.4713498473660695,0,0,0,0
F2,mpx_001,mpx_003,mpx_003,7,7,0.5831946755407654,1,0.44350914521569723,0,0,0,0
F2,mpx_001,mpx_003,mpx_003,8,8,0.5078179291174427,1,0.4141914622692038,0,0,0,0
F2,mpx_001,mpx_003,mpx_003,9,9,0.5019812680115274,1,0.40007562059844837,0,0,0,0
F2,mpx_001,mpx_003,mpx_003,10,10,0.539460020768432,1,0.4087698114255884,0,0,0,0
F2,mpx_001,mpx_003,mpx_003,11,11,0.5115842204132749,1,0.3764072860944744,0,0,0,0
F2,mpx_001,mpx_003,mpx_003,12,12,0.4670428524697416,1,0.33864012821751427,0,0,0,0
F2,mpx_001,mpx_003,mpx_003,13,13,0.42064914376742335,1,0.33133497828967373,0,0,0,0
F2,mpx_001,mpx_003,mpx_003,14,14,0.37399193548387094,1,0.31594331836007367,0,0,0,0
F2,mpx_001,mpx_003,mpx_003,15,15,0.3703125,1,0.2924605388995702,0,0,0,0
F2,mpx_001,mpx_003,mpx_003,16,16,0.37266059686393527,1,0.2777299518632303,0,0,0,0
F2,mpx_001,mpx_003,mpx_003,17,17,0.3661631419939577,1,0.28670648270902854,0,0,0,0
F2,mpx_001,mpx_003,mpx_003,18,18,0.2889531345100426,1,0.30008768160391386,0,0,0,0
F2,mpx_001,mpx_003,mpx_003,19,19,0.3002776064157927,1,0.2526524280240182,0,0,0,1
F2,mpx_001,mpx_003,mpx_003,20,20,0.3047153024911032,1,0.23810825368768665,0,0,0,1
F2,mpx_001,mpx_003,mpx_003,21,21,0.29255698005698005,1,0.2110628078169528,0,1,1,1
F2,mpx_001,mpx_003,mpx_003,22,22,0.2615881458966565,1,0.20593785799200431,1,1,1,1
F2,mpx_001,mpx_003,mpx_003,23,23,0.182062966031483,1,0.17285542529435044,1,1,1,1
F2,mpx_001,mpx_003,mpx_003,24,24,0.1799913569576491,1,0.1462204190922079,1,1,1,1
F2,mpx_001,mpx_003,mpx_003,25,25,0.14772727272727273,1,0.11503250910066865,1,1,1,1
F2,mpx_001,mpx_003,mpx_003,26,26,0.15691021126760563,1,0.10523810358253737,1,1,1,1
F2,mpx_001,mpx_003,mpx_003,27,27,0.14925373134328357,1,0.09092298365098139,1,1,1,1
F2,mpx_001,mpx_003,mpx_003,28,28,0.11656118143459916,1,0.060495350288617175,1,1,1,1
F2,mpx_001,mpx_003,mpx_003,29,29,0.01066925315227934,1,0.051849533678383186,1,1,1,1
F2,mpx_001,mpx_003,mpx_003,30,30,0.018649669499527857,1,0.03316267295233523,1,1,1,1
F2,mpx_001,mpx_003,mpx_003,31,31,0.011560693641618497,1,0.030900899762009035,1,1,1,1
F2,mpx_001,mpx_003,mpx_003,32,32,0.009471585244267198,1,0.021209146648686884,1,1,1,1
F2,mpx_001,mpx_003,mpx_003,33,33,0.008655804480651732,1,0.017246796807633285,1,1,1,1
F2,mpx_001,mpx_003,mpx_003,34,34,0.008655804480651732,1,0.013263285427167855,1,1,1,1
F2,mpx_001,mpx_003,mpx_003,35,35,0.008655804480651732,1,0.010404675117203279,1,1,1,1
F2,mpx_001,mpx_003,mpx_003,36,36,0.008655804480651732,1,0.008891749528493255,1,1,1,1
F2,mpx_001,mpx_003,mpx_003,37,37,0.008655804480651732,1,0.007414923798414229,1,1,1,1
F2,mpx_001,mpx_003,mpx_003,38,38,0.008655804480651732,1,0.005980814121396146,1,1,1,1
F2,mpx_001,mpx_003,mpx_003,39,39,0.008655804480651732,1,0.004579461583544832,1,1,1,1
F2,mpx_001,mpx_003,mpx_003,40,40,0.008655804480651732,1,0.00320782414662517,1,1,1,1
F2,mpx_001,mpx_003,mpx_003,41,41,0.008655804480651732,1,0.0018725094166430496,1,1,1,1
F2,mpx_001,mpx_004,mpx_004,3,3,0.590662776156732,1,0.5867065114136881,0,0,0,0
F2,mpx_001,mpx_004,mpx_004,4,4,0.5101778193729527,1,0.5166261095758566,0,0,0,0
F2,mpx_001,mpx_004,mpx_004,5,5,0.5884559884559885,1,0.4993871289718933,0,0,0,0
F2,mpx_001,mpx_004,mpx_004,6,6,0.5170893906588309,1,0.4561641062130642,0,0,0,0
F2,mpx_001,mpx_004,mpx_004,7,7,0.511353517364203,1,0.4304133208662063,0,0,0,0
F2,mpx_001,mpx_004,mpx_004,8,8,0.49756135934550033,1,0.39386767769593967,0,0,0,0
F2,mpx_001,mpx_004,mpx_004,9,9,0.4259229274611399,1,0.36704875146454274,0,0,0,0
F2,mpx_001,mpx_004,mpx_004,10,10,0.47587038952085486,1,0.3832028311170274,0,0,0,0
F2,mpx_001,mpx_004,mpx_004,11,11,0.3929170159262364,1,0.34640137681343963,0,0,0,0
F2,mpx_001,mpx_004,mpx_004,12,12,0.3393089960886571,1,0.3235172231046731,0,0,0,0
F2,mpx_001,mpx_004,mpx_004,13,13,0.3075191355245385,1,0.3007572310817376,0,0,0,0
F2,mpx_001,mpx_004,mpx_004,14,14,0.26100151745068284,1,0.26221366230873705,0,0,0,0
F2,mpx_001,mpx_004,mpx_004,15,15,0.23688524590163934,1,0.23544702776791543,0,0,0,1
F2,mpx_001,mpx_004,mpx_004,16,16,0.14719140083217752,1,0.2685628601422527,1,1,1,1
F2,mpx_001,mpx_004,mpx_004,17,17,0.12153790087463556,1,0.22769535222916354,1,1,1,1
F2,mpx_001,mpx_004,mpx_004,18,18,0.08132279534109817,1,0.2151637142438649,1,1,1,1
F2,mpx_001,mpx_004,mpx_004,19,19,0.0518783542039356,1,0.18840205991363562,1,1,1,1
F2,mpx_001,mpx_004,mpx_004,20,20,0.03936269915651359,1,0.15839458941505308,1,1,1,1
F2,mpx_001,mpx_004,mpx_004,21,21,0.0413022351797862,1,0.14121981323047117,1,1,1,1
F2,mpx_001,mpx_004,mpx_004,22,22,0.023290386521308225,1,0.129118693791025,1,1,1,1
F2,mpx_001,mpx_004,mpx_004,23,23,0.024594320486815417,1,0.11060451113972869,1,1,1,1
F2,mpx_001,mpx_004,mpx_004,24,24,0.02447023208879919,1,0.08318985208700205,1,1,1,1
F2,mpx_001,mpx_004,mpx_004,25,25,0.011059371362048894,1,0.08197511538469887,1,1,1,1
F2,mpx_001,mpx_004,mpx_004,26,26,0.007647058823529412,1,0.05896574841136179,1,1,1,1
F2,mpx_001,mpx_004,mpx_004,27,27,0.004146919431279621,1,0.04249514595597333,1,1,1,1
F2,mpx_001,mpx_004,mpx_004,28,28,0.0031605562579013905,1,0.039124136611999566,1,1,1,1
F2,mpx_001,mpx_004,mpx_004,29,29,0.0031645569620253164,1,0.034661883204217966,1,1,1,1
F2,mpx_001,mpx_004,mpx_004,30,30,0.007362784471218206,1,0.041987117643347664,1,1,1,1
F2,mpx_001,mpx_004,mpx_004,31,31,0.007362784471218206,1,0.03660510191910963,1,1,1,1
F2,mpx_001,mpx_004,mpx_004,32,32,0.007362784471218206,1,0.031446989179893234,1,1,1,1
F2,mpx_001,mpx_004,mpx_004,33,33,0.007362784471218206,1,0.02984497391011236,1,1,1,1
F2,mpx_001,mpx_004,mpx_004,34,34,0.007362784471218206,1,0.02827856970981037,1,1,1,1
F2,mpx_001,mpx_004,mpx_004,35,35,0.007362784471218206,1,0.02676017584998643,1,1,1,1
F2,mpx_001,mpx_004,mpx_004,36,36,0.007362784471218206,1,0.025288186236879857,1,1,1,1
F2,mpx_001,mpx_005,mpx_005,3,3,0.5628006872852234,1,0.593836688946702,0,0,0,0
F2,mpx_001,mpx_005,mpx_005,4,4,0.5604651162790698,1,0.509504408362986,0,0,0,0
F2,mpx_001,mpx_005,mpx_005,5,5,0.5696737817156665,1,0.47517570561636696,0,0,0,0
F2,mpx_001,mpx_005,mpx_005,6,6,0.5792553191489361,1,0.4620360464693196,0,0,0,0
F2,mpx_001,mpx_005,mpx_005,7,7,0.5131138392857143,1,0.41785488197601106,0,0,0,0
F2,mpx_001,mpx_005,mpx_005,8,8,0.5186228197674418,1,0.41887910659953587,0,0,0,0
F2,mpx_001,mpx_005,mpx_005,9,9,0.4543335635359116,1,0.37147496990205436,0,0,0,0
F2,mpx_001,mpx_005,mpx_005,10,10,0.40365448504983387,1,0.3605189516387304,0,0,0,0
F2,mpx_001,mpx_005,mpx_005,11,11,0.3359228753275927,1,0.3250012249354444,0,0,0,0
F2,mpx_001,mpx_005,mpx_005,12,12,0.3365584685809405,1,0.3074679624218595,0,0,0,0
F2,mpx_001,mpx_005,mpx_005,13,13,0.30169753086419754,1,0.2597649048092937,0,0,0,0
F2,mpx_001,mpx_005,mpx_005,14,14,0.2949571836346337,1,0.2345435279279311,0,0,0,1
F2,mpx_001,mpx_005,mpx_005,15,15,0.26784702549575073,1,0.21727005563058904,0,0,1,1
F2,mpx_001,mpx_005,mpx_005,16,16,0.18384714193962748,1,0.19386630286727635,0,1,1,1
F2,mpx_001,mpx_005,mpx_005,17,17,0.18648208469055375,1,0.17825570043887987,0,1,1,1
F2,mpx_001,mpx_005,mpx_005,18,18,0.15840118430792005,1,0.18484139140080597,1,1,1,1
F2,mpx_001,mpx_005,mpx_005,19,19,0.1282642089093702,1,0.1928566423692512,1,1,1,1
F2,mpx_001,mpx_005,mpx_005,20,20,0.10203252032520325,1,0.16957670605684375,1,1,1,1
F2,mpx_001,mpx_005,mpx_005,21,21,0.05615640599001664,1,0.1415641290091723,1,1,1,1
F2,mpx_001,mpx_005,mpx_005,22,22,0.05211864406779661,1,0.11248263454284634,1,1,1,1
F2,mpx_001,mpx_005,mpx_005,23,23,0.04287003610108303,1,0.0889488782763092,1,1,1,1
F2,mpx_001,mpx_005,mpx_005,24,24,0.04406307977736549,1,0.07967717482120605,1,1,1,1
F2,mpx_001,mpx_005,mpx_005,25,25,0.048676748582230624,1,0.07187689868575428,1,1,1,1
F2,mpx_001,mpx_005,mpx_005,26,26,0.04398826979472141,1,0.062188175825887725,1,1,1,1
F2,mpx_001,mpx_005,mpx_005,27,27,0.0006234413965087282,1,0.11482678849971549,1,1,1,1
F2,mpx_001,mpx_005,mpx_005,28,28,0.0006234413965087282,1,0.08628482061607012,1,1,1,1
F2,mpx_001,mpx_005,mpx_005,29,29,0.0006234413965087282,1,0.058654340494089185,1,1,1,1
F2,mpx_001,mpx_005,mpx_005,30,30,0.0006234413965087282,1,0.056909732180211975,1,1,1,1
F2,mpx_001,mpx_005,mpx_005,31,31,0.0006234413965087282,1,0.05521820511473602,1,1,1,1
F2,mpx_001,mpx_005,mpx_005,32,32,0.0006234413965087282,1,0.05357693907625985,1,1,1,1
F2,mpx_001,mpx_005,mpx_005,33,33,0.0006234413965087282,1,0.051985604639036426,1,1,1,1
F2,mpx_001,mpx_005,mpx_005,34,34,0.0006234413965087282,1,0.050440354662327935,1,1,1,1
F2,mpx_001,mpx_006,mpx_006,3,3,0.5522629310344828,1,0.5952427195283824,0,0,0,0
F2,mpx_001,mpx_006,mpx_006,4,4,0.5293321299638989,1,0.509566309223157,0,0,0,0
F2,mpx_001,mpx_006,mpx_006,5,5,0.5594879518072289,1,0.46375671633288046,0,0,0,0
F2,mpx_001,mpx_006,mpx_006,6,6,0.527581567440296,1,0.42629204601090076,0,0,0,0
F2,mpx_001,mpx_006,mpx_006,7,7,0.5314994793474488,1,0.4389973501717794,0,0,0,0
F2,mpx_001,mpx_006,mpx_006,8,8,0.4867296045600285,1,0.41084532736642565,0,0,0,0
F2,mpx_001,mpx_006,mpx_006,9,9,0.4996242014280346,1,0.40624917549413825,0,0,0,0
F2,mpx_001,mpx_006,mpx_006,10,10,0.4318103149878851,1,0.3553075655545903,0,0,0,0
F2,mpx_001,mpx_006,mpx_006,11,11,0.4251808501991384,1,0.34682975685704576,0,0,0,0
F2,mpx_001,mpx_006,mpx_006,12,12,0.4153722009279806,1,0.3310711303027217,0,0,0,0
F2,mpx_001,mpx_006,mpx_006,13,13,0.37215391621129323,1,0.31043583317739815,0,0,0,0
F2,mpx_001,mpx_006,mpx_006,14,14,0.3720319920019995,1,0.2871949525219981,0,0,0,0
F2,mpx_001,mpx_006,mpx_006,15,15,0.3666317991631799,1,0.27246938062476833,0,0,0,0
F2,mpx_001,mpx_006,mpx_006,16,16,0.3573565406581452,1,0.2579424417955633,0,0,0,0
F2,mpx_001,mpx_006,mpx_006,17,17,0.3251412429378531,1,0.2548984379647513,0,0,0,0
F2,mpx_001,mpx_006,mpx_006,18,18,0.34622718605284664,1,0.26374307643199363,0,0,0,0
F2,mpx_001,mpx_006,mpx_006,19,19,0.33607860135818524,1,0.2301037145507523,0,0,1,1
F2,mpx_001,mpx_006,mpx_006,20,20,0.31627296587926507,1,0.20495681931555607,0,1,1,1
F2,mpx_001,mpx_006,mpx_006,21,21,0.2681145852836547,1,0.2205186669956633,1,1,1,1
F2,mpx_001,mpx_006,mpx_006,22,22,0.2399835627696733,1,0.20582131251642233,1,1,1,1
F2,mpx_001,mpx_006,mpx_006,23,23,0.24792485801660114,1,0.20338265539044972,1,1,1,1
F2,mpx_001,mpx_006,mpx_006,24,24,0.009059745347698335,1,0.12744178373071974,1,1,1,1
F2,mpx_001,mpx_006,mpx_006,25,25,0.0071499013806706115,1,0.08886326475387495,1,1,1,1
F2,mpx_001,mpx_006,mpx_006,26,26,0.008887614678899083,1,0.11090038963004105,1,1,1,1
F2,mpx_001,mpx_006,mpx_006,27,27,0.009548611111111112,1,0.09604728051220021,1,1,1,1
F2,mpx_001,mpx_006,mpx_006,28,28,0.009548611111111112,1,0.08120566616635,1,1,1,1
F2,mpx_001,mpx_006,mpx_006,29,29,0.006815703380588877,1,0.06593644464670266,1,1,1,1
F2,mpx_001,mpx_006,mpx_006,30,30,0.006815703380588877,1,0.05391784958495881,1,1,1,1
F2,mpx_001,mpx_006,mpx_006,31,31,0.006815703380588877,1,0.04200013322544457,1,1,1,1
F2,mpx_001,mpx_006,mpx_006,32,32,0.006815703380588877,1,0.040323293191380026,1,1,1,1
F2,mpx_001,mpx_006,mpx_006,33,33,0.006815703380588877,1,0.038699145408696185,1,1,1,1
F2,mpx_001,mpx_006,mpx_006,34,34,0.006815703380588877,1,0.03711392813836332,1,1,1,1
F2,mpx_001,mpx_006,mpx_006,35,35,0.006815703380588877,1,0.03557587429317347,1,1,1,1
F2,mpx_001,mpx_006,mpx_006,36,36,0.006815703380588877,1,0.03408153945669184,1,1,1,1
F2,mpx_001,mpx_007,mpx_007,3,3,0.5713629684055841,1,0.5607794782690522,0,0,0,0
F2,mpx_001,mpx_007,mpx_007,4,4,0.5879883169039796,1,0.5260515345618043,0,0,0,0
F2,mpx_001,mpx_007,mpx_007,5,5,0.5646131339401821,1,0.4808254901043747,0,0,0,0
F2,mpx_001,mpx_007,mpx_007,6,6,0.5452755905511811,1,0.4386670229135634,0,0,0,0
F2,mpx_001,mpx_007,mpx_007,7,7,0.5093905031892275,1,0.41001792375440216,0,0,0,0
F2,mpx_001,mpx_007,mpx_007,8,8,0.5081967213114754,1,0.3870178465965189,0,0,0,0
F2,mpx_001,mpx_007,mpx_007,9,9,0.5191801119525847,1,0.37150974061013387,0,0,0,0
F2,mpx_001,mpx_007,mpx_007,10,10,0.41336971350613916,1,0.3503960096081263,0,0,0,0
F2,mpx_001,mpx_007,mpx_007,11,11,0.3713063763608087,1,0.3302653412692106,0,0,0,0
F2,mpx_001,mpx_007,mpx_007,12,12,0.3737157534246575,1,0.30898815804770025,0,0,0,0
F2,mpx_001,mpx_007,mpx_007,13,13,0.3789752650176678,1,0.29106533886535324,0,0,0,0
F2,mpx_001,mpx_007,mpx_007,14,14,0.2511415525114155,1,0.28072863754139493,0,0,0,0
F2,mpx_001,mpx_007,mpx_007,15,15,0.2351413733410271,1,0.2600613899177079,0,0,0,1
F2,mpx_001,mpx_007,mpx_007,16,16,0.2286144578313253,1,0.24771770862829484,0,0,0,1
F2,mpx_001,mpx_007,mpx_007,17,17,0.24084967320261438,1,0.26462015035079883,0,0,0,1
F2,mpx_001,mpx_007,mpx_007,18,18,0.2018970189701897,1,0.22769340786179806,0,1,1,1
F2,mpx_001,mpx_007,mpx_007,19,19,0.15934065934065933,1,0.21350522750058612,1,1,1,1
F2,mpx_001,mpx_007,mpx_007,20,20,0.13500816993464052,1,0.18722695197942024,1,1,1,1
F2,mpx_001,mpx_007,mpx_007,21,21,0.12793132328308207,1,0.18022534673704926,1,1,1,1
F2,mpx_001,mpx_007,mpx_007,22,22,0.05521032504780115,1,0.1391424924772494,1,1,1,1
F2,mpx_001,mpx_007,mpx_007,23,23,0.059591642924976256,1,0.13165688366316633,1,1,1,1
F2,mpx_001,mpx_007,mpx_007,24,24,0.049664107485604604,1,0.11377091583020421,1,1,1,1
F2,mpx_001,mpx_007,mpx_007,25,25,0.029572564612326043,1,0.0916314305763413,1,1,1,1
F2,mpx_001,mpx_007,mpx_007,26,26,0.006929637526652452,1,0.06722982919387079,1,1,1,1
F2,mpx_001,mpx_007,mpx_007,27,27,0.0054525627044711015,1,0.054338513346661795,1,1,1,1
F2,mpx_001,mpx_007,mpx_007,28,28,0.005580357142857143,1,0.05124199149805961,1,1,1,1
F2,mpx_001,mpx_007,mpx_007,29,29,0.005861664712778429,1,0.04216739863147233,1,1,1,1
F2,mpx_001,mpx_007,mpx_007,30,30,0.005861664712778429,1,0.03658559890712503,1,1,1,1
F2,mpx_001,mpx_007,mpx_007,31,31,0.005861664712778429,1,0.03259638142480475,1,1,1,1
F2,mpx_001,mpx_007,mpx_007,32,32,0.005861664712778429,1,0.030950016484119207,1,1,1,1
F2,mpx_001,mpx_007,mpx_007,33,33,0.005861664712778429,1,0.02934853250261931,1,1,1,1
F2,mpx_001,mpx_007,mpx_007,34,34,0.005861664712778429,1,0.027794489595141574,1,1,1,1
F2,mpx_001,mpx_007,mpx_007,35,35,0.005861664712778429,1,0.026244911021124355,1,1,1,1
F2,mpx_001,mpx_008,mpx_008,3,3,0.5806645316253003,1,0.60474100622138,0,0,0,0
F2,mpx_001,mpx_008,mpx_008,4,4,0.5477707006369427,1,0.5381107051461652,0,0,0,0
F2,mpx_001,mpx_008,mpx_008,5,5,0.5409054805401112,1,0.49261025785045753,0,0,0,0
F2,mpx_001,mpx_008,mpx_008,6,6,0.48241539482415396,1,0.4605688917934779,0,0,0,0
F2,mpx_001,mpx_008,mpx_008,7,7,0.5043092018032352,1,0.44043716624022483,0,0,0,0
F2,mpx_001,mpx_008,mpx_008,8,8,0.5109121432568551,1,0.38844244620900925,0,0,0,0
F2,mpx_001,mpx_008,mpx_008,9,9,0.45834842448388263,1,0.35948551565765324,0,0,0,0
F2,mpx_001,mpx_008,mpx_008,10,10,0.44056992875890516,1,0.3485234919703623,0,0,0,0
F2,mpx_001,mpx_008,mpx_008,11,11,0.4366615561517823,1,0.32960019292356135,0,0,0,0
F2,mpx_001,mpx_008,mpx_008,12,12,0.4267362505018065,1,0.32016201512218334,0,0,0,0
F2,mpx_001,mpx_008,mpx_008,13,13,0.38734965635738833,1,0.3086790264303541,0,0,0,0
F2,mpx_001,mpx_008,mpx_008,14,14,0.3309228650137741,1,0.3085723934712317,0,0,0,0
F2,mpx_001,mpx_008,mpx_008,15,15,0.33606020942408377,1,0.2589259888469375,0,0,0,0
F2,mpx_001,mpx_008,mpx_008,16,16,0.31599903474903474,1,0.23724494286021,0,0,0,0
F2,mpx_001,mpx_008,mpx_008,17,17,0.16896758703481393,1,0.2227290673967637,0,0,1,1
F2,mpx_001,mpx_008,mpx_008,18,18,0.16964285714285715,1,0.21497645873663038,0,0,1,1
F2,mpx_001,mpx_008,mpx_008,19,19,0.1518375241779497,1,0.19262204915280462,0,1,1,1
F2,mpx_001,mpx_008,mpx_008,20,20,0.16741935483870968,1,0.18925378970995865,1,1,1,1
F2,mpx_001,mpx_008,mpx_008,21,21,0.16293706293706295,1,0.17314219817229531,1,1,1,1
F2,mpx_001,mpx_008,mpx_008,22,22,0.13515037593984963,1,0.1600744232093432,1,1,1,1
F2,mpx_001,mpx_008,mpx_008,23,23,0.13372093023255813,1,0.14952633863313486,1,1,1,1
F2,mpx_001,mpx_008,mpx_008,24,24,0.08333333333333333,1,0.1709697607197531,1,1,1,1
F2,mpx_001,mpx_008,mpx_008,25,25,0.028110599078341014,1,0.12042287742280262,1,1,1,1
F2,mpx_001,mpx_008,mpx_008,26,26,0.014558232931726908,1,0.09999473882687378,1,1,1,1
F2,mpx_001,mpx_008,mpx_008,27,27,0.018819938962360123,1,0.07530655724270877,1,1,1,1
F2,mpx_001,mpx_008,mpx_008,28,28,0.021538461538461538,1,0.06615736252117721,1,1,1,1
F2,mpx_001,mpx_008,mpx_008,29,29,0.021538461538461538,1,0.05893775121778178,1,1,1,1
F2,mpx_001,mpx_008,mpx_008,30,30,0.021538461538461538,1,0.053167452772531314,1,1,1,1
F2,mpx_001,mpx_008,mpx_008,31,31,0.021538461538461538,1,0.051461646596236164,1,1,1,1
F2,mpx_001,mpx_008,mpx_008,32,32,0.021538461538461538,1,0.049809628336263144,1,1,1,1
F2,mpx_001,mpx_008,mpx_008,33,33,0.021538461538461538,1,0.04820522922074818,1,1,1,1
F2,mpx_001,mpx_008,mpx_008,34,34,0.021538461538461538,1,0.04664641447097353,1,1,1,1
F2,mpx_001,mpx_008,mpx_008,35,35,0.021538461538461538,1,0.04511327151214314,1,1,1,1
F2,mpx_001,mpx_009,mpx_009,3,3,0.6009525588345163,1,0.5982411275794284,0,0,0,0
F2,mpx_001,mpx_009,mpx_009,4,4,0.5832457062740974,1,0.5273411206455629,0,0,0,0
F2,mpx_001,mpx_009,mpx_009,5,5,0.5904588112617309,1,0.4995569569963246,0,0,0,0
F2,mpx_001,mpx_009,mpx_009,6,6,0.5553923263048738,1,0.47728443360208905,0,0,0,0
F2,mpx_001,mpx_009,mpx_009,7,7,0.5278614457831325,1,0.41583359167559536,0,0,0,0
F2,mpx_001,mpx_009,mpx_009,8,8,0.5185741088180112,1,0.4209872490230334,0,0,0,0
F2,mpx_001,mpx_009,mpx_009,9,9,0.4286544850498339,1,0.38896661151993195,0,0,0,0
F2,mpx_001,mpx_009,mpx_009,10,10,0.387208067940552,1,0.3585722577527627,0,0,0,0
F2,mpx_001,mpx_009,mpx_009,11,11,0.36305408702724684,1,0.3281869194554166,0,0,0,0
F2,mpx_001,mpx_009,mpx_009,12,12,0.2995147772386414,1,0.30068651857955236,0,0,0,0
F2,mpx_001,mpx_009,mpx_009,13,13,0.2857637286571297,1,0.2807231049810074,0,0,0,0
F2,mpx_001,mpx_009,mpx_009,14,14,0.275997150997151,1,0.258495988951732,0,0,0,0
F2,mpx_001,mpx_009,mpx_009,15,15,0.22767100056529113,1,0.24504352527062928,0,0,0,0
F2,mpx_001,mpx_009,mpx_009,16,16,0.22663316582914572,1,0.23328427572608845,0,0,0,0
F2,mpx_001,mpx_009,mpx_009,17,17,0.21324324324324323,1,0.20419751893785418,0,0,1,1
F2,mpx_001,mpx_009,mpx_009,18,18,0.1872391174716756,1,0.17746751606920927,0,1,1,1
F2,mpx_001,mpx_009,mpx_009,19,19,0.1583956492182189,1,0.1923531594461117,1,1,1,1
F2,mpx_001,mpx_009,mpx_009,20,20,0.15264255910987481,1,0.17066844837925857,1,1,1,1
F2,mpx_001,mpx_009,mpx_009,21,21,0.15331010452961671,1,0.15464582497437718,1,1,1,1
F2,mpx_001,mpx_009,mpx_009,22,22,0.13173400673400673,1,0.1581833202128458,1,1,1,1
F2,mpx_001,mpx_009,mpx_009,23,23,0.05953533397870281,1,0.13968690230683284,1,1,1,1
F2,mpx_001,mpx_009,mpx_009,24,24,0.051521099116781155,1,0.11427719570652599,1,1,1,1
F2,mpx_001,mpx_009,mpx_009,25,25,0.030692549842602307,1,0.11863864832867162,1,1,1,1
F2,mpx_001,mpx_009,mpx_009,26,26,0.03054662379421222,1,0.12092863454343264,1,1,1,1
F2,mpx_001,mpx_009,mpx_009,27,27,0.025485436893203883,1,0.1292126338434147,1,1,1,1
F2,mpx_001,mpx_009,mpx_009,28,28,0.029069767441860465,1,0.10473115350805258,1,1,1,1
F2,mpx_001,mpx_009,mpx_009,29,29,0.029069767441860465,1,0.09735515287378836,1,1,1,1
F2,mpx_001,mpx_009,mpx_009,30,30,0.029069767441860465,1,0.08810100839189491,1,1,1,1
F2,mpx_001,mpx_009,mpx_009,31,31,0.029069767441860465,1,0.0862371688996501,1,1,1,1
F2,mpx_001,mpx_009,mpx_009,32,32,0.029069767441860465,1,0.08441757077040116,1,1,1,1
F2,mpx_001,mpx_009,mpx_009,33,33,0.029069767441860465,1,0.08281565403583038,1,1,1,1
F2,mpx_001,mpx_009,mpx_009,34,34,0.029069767441860465,1,0.08125979893302165,1,1,1,1
F2,mpx_001,mpx_009,mpx_009,35,35,0.029069767441860465,1,0.0797471982684651,1,1,1,1
F2,mpx_001,mpx_009,mpx_009,36,36,0.029069767441860465,1,0.07827657306586255,1,1,1,1
F2,mpx_001,mpx_010,mpx_010,3,3,0.552521805081532,1,0.5975697034837107,0,0,0,0
F2,mpx_001,mpx_010,mpx_010,4,4,0.5508203281312525,1,0.5209918913830776,0,0,0,0
F2,mpx_001,mpx_010,mpx_010,5,5,0.5225806451612903,1,0.4814284312005426,0,0,0,0
F2,mpx_001,mpx_010,mpx_010,6,6,0.5197324966974901,1,0.469831987586642,0,0,0,0
F2,mpx_001,mpx_010,mpx_010,7,7,0.44289844597036504,1,0.4138301252501082,0,0,0,0
F2,mpx_001,mpx_010,mpx_010,8,8,0.4455322178711285,1,0.43264314637527507,0,0,0,0
F2,mpx_001,mpx_010,mpx_010,9,9,0.4187617850408548,1,0.4004417041077295,0,0,0,0
F2,mpx_001,mpx_010,mpx_010,10,10,0.37011854951185497,1,0.38356515564423094,0,0,0,0
F2,mpx_001,mpx_010,mpx_010,11,11,0.29808037316110514,1,0.34367662759770984,0,0,0,0
F2,mpx_001,mpx_010,mpx_010,12,12,0.27196485623003197,1,0.3211345473552862,0,0,0,0
F2,mpx_001,mpx_010,mpx_010,13,13,0.2615878843506195,1,0.30184938511958764,0,0,0,0
F2,mpx_001,mpx_010,mpx_010,14,14,0.2495287464655985,1,0.27672375577277514,0,0,0,0
F2,mpx_001,mpx_010,mpx_010,15,15,0.24621212121212122,1,0.2625421500022389,0,0,0,0
F2,mpx_001,mpx_010,mpx_010,16,16,0.18739205526770294,1,0.24952869164979505,0,0,0,0
F2,mpx_001,mpx_010,mpx_010,17,17,0.23773908778813144,1,0.26121287831383955,0,0,0,0
F2,mpx_001,mpx_010,mpx_010,18,18,0.20613079019073569,1,0.2389714361476364,0,0,1,1
F2,mpx_001,mpx_010,mpx_010,19,19,0.17786144578313254,1,0.22089641759438325,0,1,1,1
F2,mpx_001,mpx_010,mpx_010,20,20,0.14017800381436746,1,0.21161245385508293,0,1,1,1
F2,mpx_001,mpx_010,mpx_010,21,21,0.13618677042801555,1,0.18575983257646095,0,1,1,1
F2,mpx_001,mpx_010,mpx_010,22,22,0.13420195439739413,1,0.17271296153170557,0,1,1,1
F2,mpx_001,mpx_010,mpx_010,23,23,0.15037983425414364,1,0.17437712649789863,1,1,1,1
F2,mpx_001,mpx_010,mpx_010,24,24,0.15037983425414364,1,0.1609277978125957,1,1,1,1
F2,mpx_001,mpx_010,mpx_010,25,25,0.14086294416243655,1,0.1509917533836017,1,1,1,1
F2,mpx_001,mpx_010,mpx_010,26,26,0.0668429003021148,1,0.15295429315789108,1,1,1,1
F2,mpx_001,mpx_010,mpx_010,27,27,0.0583969465648855,1,0.13189967051227386,1,1,1,1
F2,mpx_001,mpx_010,mpx_010,28,28,0.041701244813278006,1,0.13809851144482907,1,1,1,1
F2,mpx_001,mpx_010,mpx_010,29,29,0.04515209125475285,1,0.13266572454830058,1,1,1,1
F2,mpx_001,mpx_010,mpx_010,30,30,0.036650485436893206,1,0.11941944674424705,1,1,1,1
F2,mpx_001,mpx_010,mpx_010,31,31,0.009746588693957114,1,0.059104091743688705,1,1,1,1
F2,mpx_001,mpx_010,mpx_010,32,32,0.009606147934678195,1,0.027563949578998048,1,1,1,1
F2,mpx_001,mpx_010,mpx_010,33,33,0.009606147934678195,1,0.00322351084582192,1,1,1,1
F2,mpx_001,mpx_010,mpx_010,34,34,0.009606147934678195,1,0.0004844689213313047,1,1,1,1
F2,mpx_001,mpx_010,mpx_010,35,35,0.009606147934678195,1,0.0,1,1,1,1
F2,mpx_001,mpx_010,mpx_010,36,36,0.009606147934678195,1,0.0,1,1,1,1
F2,mpx_001,mpx_010,mpx_010,37,37,0.009606147934678195,1,0.0,1,1,1,1
F2,mpx_001,mpx_010,mpx_010,38,38,0.009606147934678195,1,0.0,1,1,1,1
F2,mpx_001,mpx_010,mpx_010,39,39,0.009606147934678195,1,0.0,1,1,1,1
F2,mpx_001,mpx_010,mpx_010,40,40,0.009606147934678195,1,0.0,1,1,1,1
F2,mpx_002,mpx_001,mpx_001,3,3,0.6065005620082428,1,0.5885383148338587,0,0,0,0
F2,mpx_002,mpx_001,mpx_001,4,4,0.5217815344603381,1,0.5036001677405815,0,0,0,0
F2,mpx_002,mpx_001,mpx_001,5,5,0.5769379097570382,1,0.47032535337745585,0,0,0,0
F2,mpx_002,mpx_001,mpx_001,6,6,0.5556057866184448,1,0.4631890245309133,0,0,0,0
F2,mpx_002,mpx_001,mpx_001,7,7,0.5194575471698113,1,0.42958990954281145,0,0,0,0
F2,mpx_002,mpx_001,mpx_001,8,8,0.5017568517217147,1,0.43502186571521195,0,0,0,0
F2,mpx_002,mpx_001,mpx_001,9,9,0.5049001814882033,1,0.3952860212760901,0,0,0,0
F2,mpx_002,mpx_001,mpx_001,10,10,0.4974719101123595,1,0.37516306529740223,0,0,0,0
F2,mpx_002,mpx_001,mpx_001,11,11,0.4577831827658096,1,0.3657412117968848,0,0,0,0
F2,mpx_002,mpx_001,mpx_001,12,12,0.4615817091454273,1,0.35164463886142905,0,0,0,0
F2,mpx_002,mpx_001,mpx_001,13,13,0.3973174030658251,1,0.33371451974733124,0,0,0,0
F2,mpx_002,mpx_001,mpx_001,14,14,0.3569379238393323,1,0.313052542868227,0,0,0,0
F2,mpx_002,mpx_001,mpx_001,15,15,0.3658119658119658,1,0.2837631633369475,0,0,0,0
F2,mpx_002,mpx_001,mpx_001,16,16,0.3568019093078759,1,0.2704682213348306,0,0,0,0
F2,mpx_002,mpx_001,mpx_001,17,17,0.3432256059664388,1,0.2678024554294761,0,0,0,0
F2,mpx_002,mpx_001,mpx_001,18,18,0.3432256059664388,1,0.2595188111257002,0,0,0,0
F2,mpx_002,mpx_001,mpx_001,19,19,0.34108412322274884,1,0.2585796430481998,0,0,0,0
F2,mpx_002,mpx_001,mpx_001,20,20,0.2252106286454958,1,0.21270393953897687,0,1,1,1
F2,mpx_002,mpx_001,mpx_001,21,21,0.17652899126290708,1,0.16746692327516025,1,1,1,1
F2,mpx_002,mpx_001,mpx_001,22,22,0.10955518945634267,1,0.14334298479770266,1,1,1,1
F2,mpx_002,mpx_001,mpx_001,23,23,0.12847555129434324,1,0.12203346887833677,1,1,1,1
F2,mpx_002,mpx_001,mpx_001,24,24,0.11339937434827946,1,0.10111613572925919,1,1,1,1
F2,mpx_002,mpx_001,mpx_001,25,25,0.11037934668071654,1,0.09215101263615874,1,1,1,1
F2,mpx_002,mpx_001,mpx_001,26,26,0.10059012875536481,1,0.08892612845143683,1,1,1,1
F2,mpx_002,mpx_001,mpx_001,27,27,0.056598407281001135,1,0.06964623879655409,1,1,1,1
F2,mpx_002,mpx_001,mpx_001,28,28,0.08451086956521739,1,0.07068213624443274,1,1,1,1
F2,mpx_002,mpx_001,mpx_001,29,29,0.07377049180327869,1,0.055684171866750676,1,1,1,1
F2,mpx_002,mpx_001,mpx_001,30,30,0.07377049180327869,1,0.04900094982034055,1,1,1,1
F2,mpx_002,mpx_001,mpx_001,31,31,0.07377049180327869,1,0.045545956027270074,1,1,1,1
F2,mpx_002,mpx_001,mpx_001,32,32,0.07377049180327869,1,0.04389279469185753,1,1,1,1
F2,mpx_002,mpx_001,mpx_001,33,33,0.07377049180327869,1,0.04228812344972724,1,1,1,1
F2,mpx_002,mpx_001,mpx_001,34,34,0.07377049180327869,1,0.04072958336801456,1,1,1,1
F2,mpx_002,mpx_001,mpx_001,35,35,0.07377049180327869,1,0.03921144599812182,1,1,1,1
F2,mpx_002,mpx_003,mpx_003,3,3,0.5955643707176344,1,0.5860148951533314,0,0,0,0
F2,mpx_002,mpx_003,mpx_003,4,4,0.5693963860053826,1,0.5187742812397382,0,0,0,0
F2,mpx_002,mpx_003,mpx_003,5,5,0.595224171539961,1,0.4741378476536875,0,0,0,0
F2,mpx_002,mpx_003,mpx_003,6,6,0.5647433747064743,1,0.4779511030044048,0,0,0,0
F2,mpx_002,mpx_003,mpx_003,7,7,0.5831946755407654,1,0.4501421986237456,0,0,0,0
F2,mpx_002,mpx_003,mpx_003,8,8,0.5078179291174427,1,0.42142516621282394,0,0,0,0
F2,mpx_002,mpx_003,mpx_003,9,9,0.5019812680115274,1,0.40854252887764764,0,0,0,0
F2,mpx_002,mpx_003,mpx_003,10,10,0.539460020768432,1,0.4206701394427949,0,0,0,0
F2,mpx_002,mpx_003,mpx_003,11,11,0.5115842204132749,1,0.38643928594666915,0,0,0,0
F2,mpx_002,mpx_003,mpx_003,12,12,0.4670428524697416,1,0.3464280275522765,0,0,0,0
F2,mpx_002,mpx_003,mpx_003,13,13,0.42064914376742335,1,0.34278399424749123,0,0,0,0
F2,mpx_002,mpx_003,mpx_003,14,14,0.37399193548387094,1,0.3287280709367,0,0,0,0
F2,mpx_002,mpx_003,mpx_003,15,15,0.3703125,1,0.30441677800811195,0,0,0,0
F2,mpx_002,mpx_003,mpx_003,16,16,0.37266059686393527,1,0.2892637522372655,0,0,0,0
F2,mpx_002,mpx_003,mpx_003,17,17,0.3661631419939577,1,0.2990530754622041,0,0,0,0
F2,mpx_002,mpx_003,mpx_003,18,18,0.2889531345100426,1,0.31476781950613464,0,0,0,0
F2,mpx_002,mpx_003,mpx_003,19,19,0.3002776064157927,1,0.26397114455798637,0,0,0,1
F2,mpx_002,mpx_003,mpx_003,20,20,0.3047153024911032,1,0.24923781560601607,0,0,0,1
F2,mpx_002,mpx_003,mpx_003,21,21,0.29255698005698005,1,0.22155448564152447,0,1,1,1
F2,mpx_002,mpx_003,mpx_003,22,22,0.2615881458966565,1,0.21666467164671355,1,1,1,1
F2,mpx_002,mpx_003,mpx_003,23,23,0.182062966031483,1,0.18160167055838292,1,1,1,1
F2,mpx_002,mpx_003,mpx_003,24,24,0.1799913569576491,1,0.154888574448937,1,1,1,1
F2,mpx_002,mpx_003,mpx_003,25,25,0.14772727272727273,1,0.12068664592998668,1,1,1,1
F2,mpx_002,mpx_003,mpx_003,26,26,0.15691021126760563,1,0.11126338354477629,1,1,1,1
F2,mpx_002,mpx_003,mpx_003,27,27,0.14925373134328357,1,0.09545000230319418,1,1,1,1
F2,mpx_002,mpx_003,mpx_003,28,28,0.11656118143459916,1,0.062465049504784105,1,1,1,1
F2,mpx_002,mpx_003,mpx_003,29,29,0.01066925315227934,1,0.053314270099444304,1,1,1,1
F2,mpx_002,mpx_003,mpx_003,30,30,0.018649669499527857,1,0.03180601593323493,1,1,1,1
F2,mpx_002,mpx_003,mpx_003,31,31,0.011560693641618497,1,0.03131963266495389,1,1,1,1
F2,mpx_002,mpx_003,mpx_003,32,32,0.009471585244267198,1,0.022210015900614555,1,1,1,1
F2,mpx_002,mpx_003,mpx_003,33,33,0.008655804480651732,1,0.018731384919946078,1,1,1,1
F2,mpx_002,mpx_003,mpx_003,34,34,0.008655804480651732,1,0.01493582378552341,1,1,1,1
F2,mpx_002,mpx_003,mpx_003,35,35,0.008655804480651732,1,0.01218974504419569,1,1,1,1
F2,mpx_002,mpx_003,mpx_003,36,36,0.008655804480651732,1,0.010698583460791236,1,1,1,1
F2,mpx_002,mpx_003,mpx_003,37,37,0.008655804480651732,1,0.009243134044534737,1,1,1,1
F2,mpx_002,mpx_003,mpx_003,38,38,0.008655804480651732,1,0.007829700861230048,1,1,1,1
F2,mpx_002,mpx_003,mpx_003,39,39,0.008655804480651732,1,0.006448662905286388,1,1,1,1
F2,mpx_002,mpx_003,mpx_003,40,40,0.008655804480651732,1,0.005097050357577536,1,1,1,1
F2,mpx_002,mpx_003,mpx_003,41,41,0.008655804480651732,1,0.0037811705035361784,1,1,1,1
F2,mpx_002,mpx_004,mpx_004,3,3,0.590662776156732,1,0.5880210460579535,0,0,0,0
F2,mpx_002,mpx_004,mpx_004,4,4,0.5101778193729527,1,0.5203688588728196,0,0,0,0
F2,mpx_002,mpx_004,mpx_004,5,5,0.5884559884559885,1,0.5042040036697556,0,0,0,0
F2,mpx_002,mpx_004,mpx_004,6,6,0.5170893906588309,1,0.46279493237190394,0,0,0,0
F2,mpx_002,mpx_004,mpx_004,7,7,0.511353517364203,1,0.4381877916890938,0,0,0,0
F2,mpx_002,mpx_004,mpx_004,8,8,0.49756135934550033,1,0.40052848261149093,0,0,0,0
F2,mpx_002,mpx_004,mpx_004,9,9,0.4259229274611399,1,0.3724673611349793,0,0,0,0
F2,mpx_002,mpx_004,mpx_004,10,10,0.47587038952085486,1,0.3932586084845706,0,0,0,0
F2,mpx_002,mpx_004,mpx_004,11,11,0.3929170159262364,1,0.35601696895628465,0,0,0,0
F2,mpx_002,mpx_004,mpx_004,12,12,0.3393089960886571,1,0.3325754558777464,0,0,0,0
F2,mpx_002,mpx_004,mpx_004,13,13,0.3075191355245385,1,0.30940600455073286,0,0,0,0
F2,mpx_002,mpx_004,mpx_004,14,14,0.26100151745068284,1,0.2709568438961717,0,0,0,0
F2,mpx_002,mpx_004,mpx_004,15,15,0.23688524590163934,1,0.24426430100379481,0,0,0,1
F2,mpx_002,mpx_004,mpx_004,16,16,0.14719140083217752,1,0.2783863022815358,1,1,1,1
F2,mpx_002,mpx_004,mpx_004,17,17,0.12153790087463556,1,0.2379098250437211,1,1,1,1
F2,mpx_002,mpx_004,mpx_004,18,18,0.08132279534109817,1,0.22475723092610217,1,1,1,1
F2,mpx_002,mpx_004,mpx_004,19,19,0.0518783542039356,1,0.1961908389231145,1,1,1,1
F2,mpx_002,mpx_004,mpx_004,20,20,0.03936269915651359,1,0.16546630362954845,1,1,1,1
F2,mpx_002,mpx_004,mpx_004,21,21,0.0413022351797862,1,0.14764598082241295,1,1,1,1
F2,mpx_002,mpx_004,mpx_004,22,22,0.023290386521308225,1,0.1335093851243582,1,1,1,1
F2,mpx_002,mpx_004,mpx_004,23,23,0.024594320486815417,1,0.11039716571410481,1,1,1,1
F2,mpx_002,mpx_004,mpx_004,24,24,0.02447023208879919,1,0.08385735964611701,1,1,1,1
F2,mpx_002,mpx_004,mpx_004,25,25,0.011059371362048894,1,0.08349149866242452,1,1,1,1
F2,mpx_002,mpx_004,mpx_004,26,26,0.007647058823529412,1,0.05928365077433003,1,1,1,1
F2,mpx_002,mpx_004,mpx_004,27,27,0.004146919431279621,1,0.04209414579989107,1,1,1,1
F2,mpx_002,mpx_004,mpx_004,28,28,0.0031605562579013905,1,0.038931858829727314,1,1,1,1
F2,mpx_002,mpx_004,mpx_004,29,29,0.0031645569620253164,1,0.034444979659276766,1,1,1,1
F2,mpx_002,mpx_004,mpx_004,30,30,0.007362784471218206,1,0.04225710670148325,1,1,1,1
F2,mpx_002,mpx_004,mpx_004,31,31,0.007362784471218206,1,0.0370901183468796,1,1,1,1
F2,mpx_002,mpx_004,mpx_004,32,32,0.007362784471218206,1,0.032137246071914344,1,1,1,1
F2,mpx_002,mpx_004,mpx_004,33,33,0.007362784471218206,1,0.030547749551915995,1,1,1,1
F2,mpx_002,mpx_004,mpx_004,34,34,0.007362784471218206,1,0.028993923176477417,1,1,1,1
F2,mpx_002,mpx_004,mpx_004,35,35,0.007362784471218206,1,0.02748765037495565,1,1,1,1
F2,mpx_002,mpx_004,mpx_004,36,36,0.007362784471218206,1,0.026027311848787035,1,1,1,1
F2,mpx_002,mpx_005,mpx_005,3,3,0.5628006872852234,1,0.5967957349649545,0,0,0,0
F2,mpx_002,mpx_005,mpx_005,4,4,0.5604651162790698,1,0.5121824256652497,0,0,0,0
F2,mpx_002,mpx_005,mpx_005,5,5,0.5696737817156665,1,0.48002776056010193,0,0,0,0
F2,mpx_002,mpx_005,mpx_005,6,6,0.5792553191489361,1,0.4686379738760739,0,0,0,0
F2,mpx_002,mpx_005,mpx_005,7,7,0.5131138392857143,1,0.4241718039305243,0,0,0,0
F2,mpx_002,mpx_005,mpx_005,8,8,0.5186228197674418,1,0.428631496505326,0,0,0,0
F2,mpx_002,mpx_005,mpx_005,9,9,0.4543335635359116,1,0.37755083384712407,0,0,0,0
F2,mpx_002,mpx_005,mpx_005,10,10,0.40365448504983387,1,0.3684869632660458,0,0,0,0
F2,mpx_002,mpx_005,mpx_005,11,11,0.3359228753275927,1,0.3329585614923166,0,0,0,0
F2,mpx_002,mpx_005,mpx_005,12,12,0.3365584685809405,1,0.3166381756233801,0,0,0,0
F2,mpx_002,mpx_005,mpx_005,13,13,0.30169753086419754,1,0.2683147176920424,0,0,0,0
F2,mpx_002,mpx_005,mpx_005,14,14,0.2949571836346337,1,0.24414921256535632,0,0,0,1
F2,mpx_002,mpx_005,mpx_005,15,15,0.26784702549575073,1,0.22520861524416907,0,0,1,1
F2,mpx_002,mpx_005,mpx_005,16,16,0.18384714193962748,1,0.20073560273303612,0,1,1,1
F2,mpx_002,mpx_005,mpx_005,17,17,0.18648208469055375,1,0.18500605086603744,0,1,1,1
F2,mpx_002,mpx_005,mpx_005,18,18,0.15840118430792005,1,0.19268093413578935,1,1,1,1
F2,mpx_002,mpx_005,mpx_005,19,19,0.1282642089093702,1,0.20294774706283628,1,1,1,1
F2,mpx_002,mpx_005,mpx_005,20,20,0.10203252032520325,1,0.17893174132268144,1,1,1,1
F2,mpx_002,mpx_005,mpx_005,21,21,0.05615640599001664,1,0.14857558015004624,1,1,1,1
F2,mpx_002,mpx_005,mpx_005,22,22,0.05211864406779661,1,0.11874599895393886,1,1,1,1
F2,mpx_002,mpx_005,mpx_005,23,23,0.04287003610108303,1,0.09307860346161122,1,1,1,1
F2,mpx_002,mpx_005,mpx_005,24,24,0.04406307977736549,1,0.08403348490459775,1,1,1,1
F2,mpx_002,mpx_005,mpx_005,25,25,0.048676748582230624,1,0.07546241699587479,1,1,1,1
F2,mpx_002,mpx_005,mpx_005,26,26,0.04398826979472141,1,0.06514915567810468,1,1,1,1
F2,mpx_002,mpx_005,mpx_005,27,27,0.0006234413965087282,1,0.1162149996137658,1,1,1,1
F2,mpx_002,mpx_005,mpx_005,28,28,0.0006234413965087282,1,0.08940794515072044,1,1,1,1
F2,mpx_002,mpx_005,mpx_005,29,29,0.0006234413965087282,1,0.06345728566921673,1,1,1,1
F2,mpx_002,mpx_005,mpx_005,30,30,0.0006234413965087282,1,0.06172321896575657,1,1,1,1
F2,mpx_002,mpx_005,mpx_005,31,31,0.0006234413965087282,1,0.06004203832462422,1,1,1,1
F2,mpx_002,mpx_005,mpx_005,32,32,0.0006234413965087282,1,0.05841091584230031,1,1,1,1
F2,mpx_002,mpx_005,mpx_005,33,33,0.0006234413965087282,1,0.056829433830931766,1,1,1,1
F2,mpx_002,mpx_005,mpx_005,34,34,0.0006234413965087282,1,0.05529379407774486,1,1,1,1
F2,mpx_002,mpx_006,mpx_006,3,3,0.5522629310344828,1,0.5979894713378856,0,0,0,0
F2,mpx_002,mpx_006,mpx_006,4,4,0.5293321299638989,1,0.5133280101226665,0,0,0,0
F2,mpx_002,mpx_006,mpx_006,5,5,0.5594879518072289,1,0.4678142513395932,0,0,0,0
F2,mpx_002,mpx_006,mpx_006,6,6,0.527581567440296,1,0.43097417205828686,0,0,0,0
F2,mpx_002,mpx_006,mpx_006,7,7,0.5314994793474488,1,0.45010752417702415,0,0,0,0
F2,mpx_002,mpx_006,mpx_006,8,8,0.4867296045600285,1,0.42295168431631686,0,0,0,0
F2,mpx_002,mpx_006,mpx_006,9,9,0.4996242014280346,1,0.4184399219849117,0,0,0,0
F2,mpx_002,mpx_006,mpx_006,10,10,0.4318103149878851,1,0.36120073813816683,0,0,0,0
F2,mpx_002,mpx_006,mpx_006,11,11,0.4251808501991384,1,0.3546437236115004,0,0,0,0
F2,mpx_002,mpx_006,mpx_006,12,12,0.4153722009279806,1,0.34136705477658963,0,0,0,0
F2,mpx_002,mpx_006,mpx_006,13,13,0.37215391621129323,1,0.32209712596229734,0,0,0,0
F2,mpx_002,mpx_006,mpx_006,14,14,0.3720319920019995,1,0.29905232214741434,0,0,0,0
F2,mpx_002,mpx_006,mpx_006,15,15,0.3666317991631799,1,0.2840693548326121,0,0,0,0
F2,mpx_002,mpx_006,mpx_006,16,16,0.3573565406581452,1,0.2690496731915159,0,0,0,0
F2,mpx_002,mpx_006,mpx_006,17,17,0.3251412429378531,1,0.2653656753494708,0,0,0,0
F2,mpx_002,mpx_006,mpx_006,18,18,0.34622718605284664,1,0.2754537782922013,0,0,0,0
F2,mpx_002,mpx_006,mpx_006,19,19,0.33607860135818524,1,0.2424611283272449,0,0,1,1
F2,mpx_002,mpx_006,mpx_006,20,20,0.31627296587926507,1,0.2184351392329681,0,1,1,1
F2,mpx_002,mpx_006,mpx_006,21,21,0.2681145852836547,1,0.234945208527247,1,1,1,1
F2,mpx_002,mpx_006,mpx_006,22,22,0.2399835627696733,1,0.22072554520208787,1,1,1,1
F2,mpx_002,mpx_006,mpx_006,23,23,0.24792485801660114,1,0.2174168682826702,1,1,1,1
F2,mpx_002,mpx_006,mpx_006,24,24,0.009059745347698335,1,0.12805801999839347,1,1,1,1
F2,mpx_002,mpx_006,mpx_006,25,25,0.0071499013806706115,1,0.09053863421550004,1,1,1,1
F2,mpx_002,mpx_006,mpx_006,26,26,0.008887614678899083,1,0.11621541333037105,1,1,1,1
F2,mpx_002,mpx_006,mpx_006,27,27,0.009548611111111112,1,0.1022929288722817,1,1,1,1
F2,mpx_002,mpx_006,mpx_006,28,28,0.009548611111111112,1,0.08824832738334328,1,1,1,1
F2,mpx_002,mpx_006,mpx_006,29,29,0.006815703380588877,1,0.06819522442296376,1,1,1,1
F2,mpx_002,mpx_006,mpx_006,30,30,0.006815703380588877,1,0.05680960478579586,1,1,1,1
F2,mpx_002,mpx_006,mpx_006,31,31,0.006815703380588877,1,0.04552254800481116,1,1,1,1
F2,mpx_002,mpx_006,mpx_006,32,32,0.006815703380588877,1,0.04386474852172774,1,1,1,1
F2,mpx_002,mpx_006,mpx_006,33,33,0.006815703380588877,1,0.042259012741619736,1,1,1,1
F2,mpx_002,mpx_006,mpx_006,34,34,0.006815703380588877,1,0.04069203166351247,1,1,1,1
F2,mpx_002,mpx_006,mpx_006,35,35,0.006815703380588877,1,0.03917163807813841,1,1,1,1
F2,mpx_002,mpx_006,mpx_006,36,36,0.006815703380588877,1,0.03769445079673307,1,1,1,1
F2,mpx_002,mpx_007,mpx_007,3,3,0.5713629684055841,1,0.566157290485274,0,0,0,0
F2,mpx_002,mpx_007,mpx_007,4,4,0.5879883169039796,1,0.5345234903619134,0,0,0,0
F2,mpx_002,mpx_007,mpx_007,5,5,0.5646131339401821,1,0.48773917541528045,0,0,0,0
F2,mpx_002,mpx_007,mpx_007,6,6,0.5452755905511811,1,0.44543178116210236,0,0,0,0
F2,mpx_002,mpx_007,mpx_007,7,7,0.5093905031892275,1,0.41783368607863947,0,0,0,0
F2,mpx_002,mpx_007,mpx_007,8,8,0.5081967213114754,1,0.3960198522292491,0,0,0,0
F2,mpx_002,mpx_007,mpx_007,9,9,0.5191801119525847,1,0.3799899336899245,0,0,0,0
F2,mpx_002,mpx_007,mpx_007,10,10,0.41336971350613916,1,0.3610132582070471,0,0,0,0
F2,mpx_002,mpx_007,mpx_007,11,11,0.3713063763608087,1,0.3424966989440837,0,0,0,0
F2,mpx_002,mpx_007,mpx_007,12,12,0.3737157534246575,1,0.3221904060034916,0,0,0,0
F2,mpx_002,mpx_007,mpx_007,13,13,0.3789752650176678,1,0.3035215256782,0,0,0,0
F2,mpx_002,mpx_007,mpx_007,14,14,0.2511415525114155,1,0.2916442237514143,0,0,0,0
F2,mpx_002,mpx_007,mpx_007,15,15,0.2351413733410271,1,0.2713719849493879,0,0,0,1
F2,mpx_002,mpx_007,mpx_007,16,16,0.2286144578313253,1,0.26097494022985185,0,0,0,1
F2,mpx_002,mpx_007,mpx_007,17,17,0.24084967320261438,1,0.2784808488173918,0,0,0,1
F2,mpx_002,mpx_007,mpx_007,18,18,0.2018970189701897,1,0.24092284890367882,0,1,1,1
F2,mpx_002,mpx_007,mpx_007,19,19,0.15934065934065933,1,0.22963392863064913,1,1,1,1
F2,mpx_002,mpx_007,mpx_007,20,20,0.13500816993464052,1,0.1985461314080978,1,1,1,1
F2,mpx_002,mpx_007,mpx_007,21,21,0.12793132328308207,1,0.19221547314761453,1,1,1,1
F2,mpx_002,mpx_007,mpx_007,22,22,0.05521032504780115,1,0.14819375563276155,1,1,1,1
F2,mpx_002,mpx_007,mpx_007,23,23,0.059591642924976256,1,0.14042155810218426,1,1,1,1
F2,mpx_002,mpx_007,mpx_007,24,24,0.049664107485604604,1,0.12201093439582891,1,1,1,1
F2,mpx_002,mpx_007,mpx_007,25,25,0.029572564612326043,1,0.09675256135169279,1,1,1,1
F2,mpx_002,mpx_007,mpx_007,26,26,0.006929637526652452,1,0.07026804204781698,1,1,1,1
F2,mpx_002,mpx_007,mpx_007,27,27,0.0054525627044711015,1,0.05654745872495711,1,1,1,1
F2,mpx_002,mpx_007,mpx_007,28,28,0.005580357142857143,1,0.05392276431692118,1,1,1,1
F2,mpx_002,mpx_007,mpx_007,29,29,0.005861664712778429,1,0.044067018103153575,1,1,1,1
F2,mpx_002,mpx_007,mpx_007,30,30,0.005861664712778429,1,0.03879921351901139,1,1,1,1
F2,mpx_002,mpx_007,mpx_007,31,31,0.005861664712778429,1,0.035003397673188594,1,1,1,1
F2,mpx_002,mpx_007,mpx_007,32,32,0.005861664712778429,1,0.03336844025085332,1,1,1,1
F2,mpx_002,mpx_007,mpx_007,33,33,0.005861664712778429,1,0.03177822081480304,1,1,1,1
F2,mpx_002,mpx_007,mpx_007,34,34,0.005861664712778429,1,0.030235119515328493,1,1,1,1
F2,mpx_002,mpx_007,mpx_007,35,35,0.005861664712778429,1,0.02869762536016214,1,1,1,1
F2,mpx_002,mpx_008,mpx_008,3,3,0.5806645316253003,1,0.6081216089711395,0,0,0,0
F2,mpx_002,mpx_008,mpx_008,4,4,0.5477707006369427,1,0.5443661604192892,0,0,0,0
F2,mpx_002,mpx_008,mpx_008,5,5,0.5409054805401112,1,0.4993822873683875,0,0,0,0
F2,mpx_002,mpx_008,mpx_008,6,6,0.48241539482415396,1,0.46811809659348474,0,0,0,0
F2,mpx_002,mpx_008,mpx_008,7,7,0.5043092018032352,1,0.45037420133840206,0,0,0,0
F2,mpx_002,mpx_008,mpx_008,8,8,0.5109121432568551,1,0.3956957705457671,0,0,0,0
F2,mpx_002,mpx_008,mpx_008,9,9,0.45834842448388263,1,0.368397670386001,0,0,0,0
F2,mpx_002,mpx_008,mpx_008,10,10,0.44056992875890516,1,0.3605274608064325,0,0,0,0
F2,mpx_002,mpx_008,mpx_008,11,11,0.4366615561517823,1,0.34204116444719573,0,0,0,0
F2,mpx_002,mpx_008,mpx_008,12,12,0.4267362505018065,1,0.33296280327041816,0,0,0,0
F2,mpx_002,mpx_008,mpx_008,13,13,0.38734965635738833,1,0.32025574878929386,0,0,0,0
F2,mpx_002,mpx_008,mpx_008,14,14,0.3309228650137741,1,0.31946470327195853,0,0,0,0
F2,mpx_002,mpx_008,mpx_008,15,15,0.33606020942408377,1,0.267147723253426,0,0,0,0
F2,mpx_002,mpx_008,mpx_008,16,16,0.31599903474903474,1,0.2470162296338895,0,0,0,0
F2,mpx_002,mpx_008,mpx_008,17,17,0.16896758703481393,1,0.22961034962627594,0,0,1,1
F2,mpx_002,mpx_008,mpx_008,18,18,0.16964285714285715,1,0.22475742138500435,0,0,1,1
F2,mpx_002,mpx_008,mpx_008,19,19,0.1518375241779497,1,0.20347718622244731,0,1,1,1
F2,mpx_002,mpx_008,mpx_008,20,20,0.16741935483870968,1,0.19977746700299118,1,1,1,1
F2,mpx_002,mpx_008,mpx_008,21,21,0.16293706293706295,1,0.18387344199267303,1,1,1,1
F2,mpx_002,mpx_008,mpx_008,22,22,0.13515037593984963,1,0.16862407994402892,1,1,1,1
F2,mpx_002,mpx_008,mpx_008,23,23,0.13372093023255813,1,0.15817585236183146,1,1,1,1
F2,mpx_002,mpx_008,mpx_008,24,24,0.08333333333333333,1,0.18004274355650035,1,1,1,1
F2,mpx_002,mpx_008,mpx_008,25,25,0.028110599078341014,1,0.12637965420906655,1,1,1,1
F2,mpx_002,mpx_008,mpx_008,26,26,0.014558232931726908,1,0.10584253832611594,1,1,1,1
F2,mpx_002,mpx_008,mpx_008,27,27,0.018819938962360123,1,0.08108588246348869,1,1,1,1
F2,mpx_002,mpx_008,mpx_008,28,28,0.021538461538461538,1,0.07137554503310847,1,1,1,1
F2,mpx_002,mpx_008,mpx_008,29,29,0.021538461538461538,1,0.06455569110929292,1,1,1,1
F2,mpx_002,mpx_008,mpx_008,30,30,0.021538461538461538,1,0.05908579210486359,1,1,1,1
F2,mpx_002,mpx_008,mpx_008,31,31,0.021538461538461538,1,0.05739463630649927,1,1,1,1
F2,mpx_002,mpx_008,mpx_008,32,32,0.021538461538461538,1,0.05575681711593472,1,1,1,1
F2,mpx_002,mpx_008,mpx_008,33,33,0.021538461538461538,1,0.0541662994961033,1,1,1,1
F2,mpx_002,mpx_008,mpx_008,34,34,0.021538461538461538,1,0.05262103764649459,1,1,1,1
F2,mpx_002,mpx_008,mpx_008,35,35,0.021538461538461538,1,0.05110177829241,1,1,1,1
F2,mpx_002,mpx_009,mpx_009,3,3,0.6009525588345163,1,0.601550422178901,0,0,0,0
F2,mpx_002,mpx_009,mpx_009,4,4,0.5832457062740974,1,0.5329192429247205,0,0,0,0
F2,mpx_002,mpx_009,mpx_009,5,5,0.5904588112617309,1,0.5073663012900018,0,0,0,0
F2,mpx_002,mpx_009,mpx_009,6,6,0.5553923263048738,1,0.48534307124841897,0,0,0,0
F2,mpx_002,mpx_009,mpx_009,7,7,0.5278614457831325,1,0.4209689700028911,0,0,0,0
F2,mpx_002,mpx_009,mpx_009,8,8,0.5185741088180112,1,0.43061041544037343,0,0,0,0
F2,mpx_002,mpx_009,mpx_009,9,9,0.4286544850498339,1,0.3978322263321314,0,0,0,0
F2,mpx_002,mpx_009,mpx_009,10,10,0.387208067940552,1,0.36733414126983677,0,0,0,0
F2,mpx_002,mpx_009,mpx_009,11,11,0.36305408702724684,1,0.3378912181463563,0,0,0,0
F2,mpx_002,mpx_009,mpx_009,12,12,0.2995147772386414,1,0.30882661521147914,0,0,0,0
F2,mpx_002,mpx_009,mpx_009,13,13,0.2857637286571297,1,0.2891378392193649,0,0,0,0
F2,mpx_002,mpx_009,mpx_009,14,14,0.275997150997151,1,0.2668941442977452,0,0,0,0
F2,mpx_002,mpx_009,mpx_009,15,15,0.22767100056529113,1,0.2520354598346166,0,0,0,0
F2,mpx_002,mpx_009,mpx_009,16,16,0.22663316582914572,1,0.23857289538632345,0,0,0,0
F2,mpx_002,mpx_009,mpx_009,17,17,0.21324324324324323,1,0.2108476236747878,0,0,1,1
F2,mpx_002,mpx_009,mpx_009,18,18,0.1872391174716756,1,0.18518226300618126,0,1,1,1
F2,mpx_002,mpx_009,mpx_009,19,19,0.1583956492182189,1,0.20083622669202034,1,1,1,1
F2,mpx_002,mpx_009,mpx_009,20,20,0.15264255910987481,1,0.1779621619930981,1,1,1,1
F2,mpx_002,mpx_009,mpx_009,21,21,0.15331010452961671,1,0.16188464176714953,1,1,1,1
F2,mpx_002,mpx_009,mpx_009,22,22,0.13173400673400673,1,0.16466917662001845,1,1,1,1
F2,mpx_002,mpx_009,mpx_009,23,23,0.05953533397870281,1,0.14623611251126767,1,1,1,1
F2,mpx_002,mpx_009,mpx_009,24,24,0.051521099116781155,1,0.12082411933928458,1,1,1,1
F2,mpx_002,mpx_009,mpx_009,25,25,0.030692549842602307,1,0.12401860486696833,1,1,1,1
F2,mpx_002,mpx_009,mpx_009,26,26,0.03054662379421222,1,0.12730525193632636,1,1,1,1
F2,mpx_002,mpx_009,mpx_009,27,27,0.025485436893203883,1,0.1369301365338324,1,1,1,1
F2,mpx_002,mpx_009,mpx_009,28,28,0.029069767441860465,1,0.11159466016703175,1,1,1,1
F2,mpx_002,mpx_009,mpx_009,29,29,0.029069767441860465,1,0.10462219364060879,1,1,1,1
F2,mpx_002,mpx_009,mpx_009,30,30,0.029069767441860465,1,0.09609014146418378,1,1,1,1
F2,mpx_002,mpx_009,mpx_009,31,31,0.029069767441860465,1,0.09425212611012306,1,1,1,1
F2,mpx_002,mpx_009,mpx_009,32,32,0.029069767441860465,1,0.09245824711245561,1,1,1,1
F2,mpx_002,mpx_009,mpx_009,33,33,0.029069767441860465,1,0.09086986269846041,1,1,1,1
F2,mpx_002,mpx_009,mpx_009,34,34,0.029069767441860465,1,0.08932719841128471,1,1,1,1
F2,mpx_002,mpx_009,mpx_009,35,35,0.029069767441860465,1,0.08782747169148421,1,1,1,1
F2,mpx_002,mpx_009,mpx_009,36,36,0.029069767441860465,1,0.0863693803714491,1,1,1,1
F2,mpx_002,mpx_010,mpx_010,3,3,0.552521805081532,1,0.5987006236104376,0,0,0,0
F2,mpx_002,mpx_010,mpx_010,4,4,0.5508203281312525,1,0.5239563093501517,0,0,0,0
F2,mpx_002,mpx_010,mpx_010,5,5,0.5225806451612903,1,0.48571670628052477,0,0,0,0
F2,mpx_002,mpx_010,mpx_010,6,6,0.5197324966974901,1,0.4759727060396735,0,0,0,0
F2,mpx_002,mpx_010,mpx_010,7,7,0.44289844597036504,1,0.4179815781475553,0,0,0,0
F2,mpx_002,mpx_010,mpx_010,8,8,0.4455322178711285,1,0.44394726113755495,0,0,0,0
F2,mpx_002,mpx_010,mpx_010,9,9,0.4187617850408548,1,0.41017386265394007,0,0,0,0
F2,mpx_002,mpx_010,mpx_010,10,10,0.37011854951185497,1,0.393731845982171,0,0,0,0
F2,mpx_002,mpx_010,mpx_010,11,11,0.29808037316110514,1,0.35258284498674763,0,0,0,0
F2,mpx_002,mpx_010,mpx_010,12,12,0.27196485623003197,1,0.3311511094320641,0,0,0,0
F2,mpx_002,mpx_010,mpx_010,13,13,0.2615878843506195,1,0.31350578659219197,0,0,0,0
F2,mpx_002,mpx_010,mpx_010,14,14,0.2495287464655985,1,0.28648955992871417,0,0,0,0
F2,mpx_002,mpx_010,mpx_010,15,15,0.24621212121212122,1,0.27174716343393485,0,0,0,0
F2,mpx_002,mpx_010,mpx_010,16,16,0.18739205526770294,1,0.2565487665187312,0,0,0,0
F2,mpx_002,mpx_010,mpx_010,17,17,0.23773908778813144,1,0.27119588051333254,0,0,0,0
F2,mpx_002,mpx_010,mpx_010,18,18,0.20613079019073569,1,0.2517034352529754,0,0,1,1
F2,mpx_002,mpx_010,mpx_010,19,19,0.17786144578313254,1,0.23522012699563252,0,1,1,1
F2,mpx_002,mpx_010,mpx_010,20,20,0.14017800381436746,1,0.22356109516301187,0,1,1,1
F2,mpx_002,mpx_010,mpx_010,21,21,0.13618677042801555,1,0.19593308570077494,0,1,1,1
F2,mpx_002,mpx_010,mpx_010,22,22,0.13420195439739413,1,0.18326813008291304,0,1,1,1
F2,mpx_002,mpx_010,mpx_010,23,23,0.15037983425414364,1,0.18398804387879275,1,1,1,1
F2,mpx_002,mpx_010,mpx_010,24,24,0.15037983425414364,1,0.17132924474425956,1,1,1,1
F2,mpx_002,mpx_010,mpx_010,25,25,0.14086294416243655,1,0.16253041505852212,1,1,1,1
F2,mpx_002,mpx_010,mpx_010,26,26,0.0668429003021148,1,0.16466526485252614,1,1,1,1
F2,mpx_002,mpx_010,mpx_010,27,27,0.0583969465648855,1,0.14335900391423936,1,1,1,1
F2,mpx_002,mpx_010,mpx_010,28,28,0.041701244813278006,1,0.151211886563096,1,1,1,1
F2,mpx_002,mpx_010,mpx_010,29,29,0.04515209125475285,1,0.14568646177157052,1,1,1,1
F2,mpx_002,mpx_010,mpx_010,30,30,0.036650485436893206,1,0.1307140110223879,1,1,1,1
F2,mpx_002,mpx_010,mpx_010,31,31,0.009746588693957114,1,0.056095857245577974,1,1,1,1
F2,mpx_002,mpx_010,mpx_010,32,32,0.009606147934678195,1,0.025255871908187816,1,1,1,1
F2,mpx_002,mpx_010,mpx_010,33,33,0.009606147934678195,1,0.00267132035329078,1,1,1,1
F2,mpx_002,mpx_010,mpx_010,34,34,0.009606147934678195,1,3.8157993334978976e-05,1,1,1,1
F2,mpx_002,mpx_010,mpx_010,35,35,0.009606147934678195,1,0.0,1,1,1,1
F2,mpx_002,mpx_010,mpx_010,36,36,0.009606147934678195,1,0.0,1,1,1,1
F2,mpx_002,mpx_010,mpx_010,37,37,0.009606147934678195,1,0.0,1,1,1,1
F2,mpx_002,mpx_010,mpx_010,38,38,0.009606147934678195,1,0.0,1,1,1,1
F2,mpx_002,mpx_010,mpx_010,39,39,0.009606147934678195,1,0.0,1,1,1,1
F2,mpx_002,mpx_010,mpx_010,40,40,0.009606147934678195,1,0.0,1,1,1,1
F2,mpx_003,mpx_001,mpx_001,3,3,0.6065005620082428,1,0.583355838095614,0,0,0,0
F2,mpx_003,mpx_001,mpx_001,4,4,0.5217815344603381,1,0.49974920479479573,0,0,0,0
F2,mpx_003,mpx_001,mpx_001,5,5,0.5769379097570382,1,0.46582758428575416,0,0,0,0
F2,mpx_003,mpx_001,mpx_001,6,6,0.5556057866184448,1,0.4573099004030976,0,0,0,0
F2,mpx_003,mpx_001,mpx_001,7,7,0.5194575471698113,1,0.4230027636220424,0,0,0,0
F2,mpx_003,mpx_001,mpx_001,8,8,0.5017568517217147,1,0.42516526453423786,0,0,0,0
F2,mpx_003,mpx_001,mpx_001,9,9,0.5049001814882033,1,0.3867472844718851,0,0,0,0
F2,mpx_003,mpx_001,mpx_001,10,10,0.4974719101123595,1,0.36706314586513916,0,0,0,0
F2,mpx_003,mpx_001,mpx_001,11,11,0.4577831827658096,1,0.3566821308318465,0,0,0,0
F2,mpx_003,mpx_001,mpx_001,12,12,0.4615817091454273,1,0.34245847020402914,0,0,0,0
F2,mpx_003,mpx_001,mpx_001,13,13,0.3973174030658251,1,0.3232777901244453,0,0,0,0
F2,mpx_003,mpx_001,mpx_001,14,14,0.3569379238393323,1,0.3032175528822219,0,0,0,0
F2,mpx_003,mpx_001,mpx_001,15,15,0.3658119658119658,1,0.2749542988522148,0,0,0,0
F2,mpx_003,mpx_001,mpx_001,16,16,0.3568019093078759,1,0.262331417474607,0,0,0,0
F2,mpx_003,mpx_001,mpx_001,17,17,0.3432256059664388,1,0.25926893760139225,0,0,0,0
F2,mpx_003,mpx_001,mpx_001,18,18,0.3432256059664388,1,0.2511508036159003,0,0,0,0
F2,mpx_003,mpx_001,mpx_001,19,19,0.34108412322274884,1,0.24901378603717472,0,0,0,0
F2,mpx_003,mpx_001,mpx_001,20,20,0.2252106286454958,1,0.20435103435908214,0,1,1,1
F2,mpx_003,mpx_001,mpx_001,21,21,0.17652899126290708,1,0.16105067993491642,1,1,1,1
F2,mpx_003,mpx_001,mpx_001,22,22,0.10955518945634267,1,0.137423431575803,1,1,1,1
F2,mpx_003,mpx_001,mpx_001,23,23,0.12847555129434324,1,0.1172667673902538,1,1,1,1
F2,mpx_003,mpx_001,mpx_001,24,24,0.11339937434827946,1,0.0966652702286461,1,1,1,1
F2,mpx_003,mpx_001,mpx_001,25,25,0.11037934668071654,1,0.08770772800223048,1,1,1,1
F2,mpx_003,mpx_001,mpx_001,26,26,0.10059012875536481,1,0.08428065116740442,1,1,1,1
F2,mpx_003,mpx_001,mpx_001,27,27,0.056598407281001135,1,0.06679513182105155,1,1,1,1
F2,mpx_003,mpx_001,mpx_001,28,28,0.08451086956521739,1,0.06696321141752158,1,1,1,1
F2,mpx_003,mpx_001,mpx_001,29,29,0.07377049180327869,1,0.05283844551764156,1,1,1,1
F2,mpx_003,mpx_001,mpx_001,30,30,0.07377049180327869,1,0.04633986745727319,1,1,1,1
F2,mpx_003,mpx_001,mpx_001,31,31,0.07377049180327869,1,0.04292243748342834,1,1,1,1
F2,mpx_003,mpx_001,mpx_001,32,32,0.07377049180327869,1,0.04122638903565124,1,1,1,1
F2,mpx_003,mpx_001,mpx_001,33,33,0.07377049180327869,1,0.03958015922511449,1,1,1,1
F2,mpx_003,mpx_001,mpx_001,34,34,0.07377049180327869,1,0.03798130782015958,1,1,1,1
F2,mpx_003,mpx_001,mpx_001,35,35,0.07377049180327869,1,0.03642404523046509,1,1,1,1
F2,mpx_003,mpx_002,mpx_002,3,3,0.5828273244781784,1,0.588717257829788,0,0,0,0
F2,mpx_003,mpx_002,mpx_002,4,4,0.5582010582010583,1,0.5036341239284013,0,0,0,0
F2,mpx_003,mpx_002,mpx_002,5,5,0.5757695343330702,1,0.46927020502916444,0,0,0,0
F2,mpx_003,mpx_002,mpx_002,6,6,0.4556597564988483,1,0.45364327377171326,0,0,0,0
F2,mpx_003,mpx_002,mpx_002,7,7,0.4472869360070776,1,0.4262499551186355,0,0,0,0
F2,mpx_003,mpx_002,mpx_002,8,8,0.45437150426847217,1,0.37378196064444197,0,0,0,0
F2,mpx_003,mpx_002,mpx_002,9,9,0.42563853863562884,1,0.35487892800230764,0,0,0,0
F2,mpx_003,mpx_002,mpx_002,10,10,0.3926126126126126,1,0.3360812131940782,0,0,0,0
F2,mpx_003,mpx_002,mpx_002,11,11,0.3585817888799355,1,0.3449408093909008,0,0,0,0
F2,mpx_003,mpx_002,mpx_002,12,12,0.34447916666666667,1,0.35699259646377973,0,0,0,0
F2,mpx_003,mpx_002,mpx_002,13,13,0.29640522875816994,1,0.31198604994768064,0,0,0,0
F2,mpx_003,mpx_002,mpx_002,14,14,0.2627577319587629,1,0.3011684170805959,0,0,0,1
F2,mpx_003,mpx_002,mpx_002,15,15,0.23790322580645162,1,0.29440982661389437,0,0,1,1
F2,mpx_003,mpx_002,mpx_002,16,16,0.2294352363413137,1,0.27109687554775846,0,0,1,1
F2,mpx_003,mpx_002,mpx_002,17,17,0.22189256714553404,1,0.2532519063610336,0,0,1,1
F2,mpx_003,mpx_002,mpx_002,18,18,0.12879362670713201,1,0.21622836883121885,1,1,1,1
F2,mpx_003,mpx_002,mpx_002,19,19,0.1507782101167315,1,0.19033293583676628,1,1,1,1
F2,mpx_003,mpx_002,mpx_002,20,20,0.07680457746478873,1,0.14947300137359448,1,1,1,1
F2,mpx_003,mpx_002,mpx_002,21,21,0.04848628192999054,1,0.12949454353394485,1,1,1,1
F2,mpx_003,mpx_002,mpx_002,22,22,0.031874405328258804,1,0.09995843871486235,1,1,1,1
F2,mpx_003,mpx_002,mpx_002,23,23,0.03125,1,0.0865608586727733,1,1,1,1
F2,mpx_003,mpx_002,mpx_002,24,24,0.03375337533753375,1,0.09601738931082993,1,1,1,1
F2,mpx_003,mpx_002,mpx_002,25,25,0.025257249766136577,1,0.04951564070890479,1,1,1,1
F2,mpx_003,mpx_002,mpx_002,26,26,0.025233644859813085,1,0.03663802781514074,1,1,1,1
F2,mpx_003,mpx_002,mpx_002,27,27,0.0254323499491353,1,0.03640002632630024,1,1,1,1
F2,mpx_003,mpx_002,mpx_002,28,28,0.03976190476190476,1,0.03223813032824616,1,1,1,1
F2,mpx_003,mpx_002,mpx_002,29,29,0.01708984375,1,0.0226542059713343,1,1,1,1
F2,mpx_003,mpx_002,mpx_002,30,30,0.01708984375,1,0.01410341826594107,1,1,1,1
F2,mpx_003,mpx_002,mpx_002,31,31,0.017123287671232876,1,0.01062061557340747,1,1,1,1
F2,mpx_003,mpx_002,mpx_002,32,32,0.017123287671232876,1,0.008869682337057065,1,1,1,1
F2,mpx_003,mpx_002,mpx_002,33,33,0.017123287671232876,1,0.007167268078693376,1,1,1,1
F2,mpx_003,mpx_002,mpx_002,34,34,0.017123287671232876,1,0.005583326922672258,1,1,1,1
F2,mpx_003,mpx_002,mpx_002,35,35,0.017123287671232876,1,0.004046705320264257,1,1,1,1
F2,mpx_003,mpx_002,mpx_002,36,36,0.017123287671232876,1,0.0025494322680641585,1,1,1,1
F2,mpx_003,mpx_002,mpx_002,37,37,0.017123287671232876,1,0.0010911534441102738,1,1,1,1
F2,mpx_003,mpx_004,mpx_004,3,3,0.590662776156732,1,0.5836124582538805,0,0,0,0
F2,mpx_003,mpx_004,mpx_004,4,4,0.5101778193729527,1,0.5159097476469428,0,0,0,0
F2,mpx_003,mpx_004,mpx_004,5,5,0.5884559884559885,1,0.4986341943718612,0,0,0,0
F2,mpx_003,mpx_004,mpx_004,6,6,0.5170893906588309,1,0.45625256553939253,0,0,0,0
F2,mpx_003,mpx_004,mpx_004,7,7,0.511353517364203,1,0.4311564342740506,0,0,0,0
F2,mpx_003,mpx_004,mpx_004,8,8,0.49756135934550033,1,0.3955044570930001,0,0,0,0
F2,mpx_003,mpx_004,mpx_004,9,9,0.4259229274611399,1,0.36861483303123393,0,0,0,0
F2,mpx_003,mpx_004,mpx_004,10,10,0.47587038952085486,1,0.3828407076141195,0,0,0,0
F2,mpx_003,mpx_004,mpx_004,11,11,0.3929170159262364,1,0.34653195607549186,0,0,0,0
F2,mpx_003,mpx_004,mpx_004,12,12,0.3393089960886571,1,0.3242668120777384,0,0,0,0
F2,mpx_003,mpx_004,mpx_004,13,13,0.3075191355245385,1,0.30059659639567554,0,0,0,0
F2,mpx_003,mpx_004,mpx_004,14,14,0.26100151745068284,1,0.263547326339334,0,0,0,0
F2,mpx_003,mpx_004,mpx_004,15,15,0.23688524590163934,1,0.23796945487429844,0,0,0,1
F2,mpx_003,mpx_004,mpx_004,16,16,0.14719140083217752,1,0.26667747424272076,1,1,1,1
F2,mpx_003,mpx_004,mpx_004,17,17,0.12153790087463556,1,0.22848921092924204,1,1,1,1
F2,mpx_003,mpx_004,mpx_004,18,18,0.08132279534109817,1,0.21478878008447863,1,1,1,1
F2,mpx_003,mpx_004,mpx_004,19,19,0.0518783542039356,1,0.1882826216966635,1,1,1,1
F2,mpx_003,mpx_004,mpx_004,20,20,0.03936269915651359,1,0.15933922458259875,1,1,1,1
F2,mpx_003,mpx_004,mpx_004,21,21,0.0413022351797862,1,0.14192853108629186,1,1,1,1
F2,mpx_003,mpx_004,mpx_004,22,22,0.023290386521308225,1,0.12895745695020444,1,1,1,1
F2,mpx_003,mpx_004,mpx_004,23,23,0.024594320486815417,1,0.1071406105410424,1,1,1,1
F2,mpx_003,mpx_004,mpx_004,24,24,0.02447023208879919,1,0.08183787581406268,1,1,1,1
F2,mpx_003,mpx_004,mpx_004,25,25,0.011059371362048894,1,0.08147816898120552,1,1,1,1
F2,mpx_003,mpx_004,mpx_004,26,26,0.007647058823529412,1,0.05889507875498593,1,1,1,1
F2,mpx_003,mpx_004,mpx_004,27,27,0.004146919431279621,1,0.04296527483616805,1,1,1,1
F2,mpx_003,mpx_004,mpx_004,28,28,0.0031605562579013905,1,0.039885286712680934,1,1,1,1
F2,mpx_003,mpx_004,mpx_004,29,29,0.0031645569620253164,1,0.03556598332523973,1,1,1,1
F2,mpx_003,mpx_004,mpx_004,30,30,0.007362784471218206,1,0.04278263233908273,1,1,1,1
F2,mpx_003,mpx_004,mpx_004,31,31,0.007362784471218206,1,0.0377623566659377,1,1,1,1
F2,mpx_003,mpx_004,mpx_004,32,32,0.007362784471218206,1,0.03294884991663604,1,1,1,1
F2,mpx_003,mpx_004,mpx_004,33,33,0.007362784471218206,1,0.03132927707381055,1,1,1,1
F2,mpx_003,mpx_004,mpx_004,34,34,0.007362784471218206,1,0.02974634238751605,1,1,1,1
F2,mpx_003,mpx_004,mpx_004,35,35,0.007362784471218206,1,0.02821179019643357,1,1,1,1
F2,mpx_003,mpx_004,mpx_004,36,36,0.007362784471218206,1,0.026723948187604978,1,1,1,1
F2,mpx_003,mpx_005,mpx_005,3,3,0.5628006872852234,1,0.5905004704066135,0,0,0,0
F2,mpx_003,mpx_005,mpx_005,4,4,0.5604651162790698,1,0.5075866610321939,0,0,0,0
F2,mpx_003,mpx_005,mpx_005,5,5,0.5696737817156665,1,0.47508032204204137,0,0,0,0
F2,mpx_003,mpx_005,mpx_005,6,6,0.5792553191489361,1,0.46225443689387374,0,0,0,0
F2,mpx_003,mpx_005,mpx_005,7,7,0.5131138392857143,1,0.418327963002555,0,0,0,0
F2,mpx_003,mpx_005,mpx_005,8,8,0.5186228197674418,1,0.4200981546910286,0,0,0,0
F2,mpx_003,mpx_005,mpx_005,9,9,0.4543335635359116,1,0.3713387354597405,0,0,0,0
F2,mpx_003,mpx_005,mpx_005,10,10,0.40365448504983387,1,0.36068531910681834,0,0,0,0
F2,mpx_003,mpx_005,mpx_005,11,11,0.3359228753275927,1,0.3253908467662198,0,0,0,0
F2,mpx_003,mpx_005,mpx_005,12,12,0.3365584685809405,1,0.30753954953209617,0,0,0,0
F2,mpx_003,mpx_005,mpx_005,13,13,0.30169753086419754,1,0.2609236818975887,0,0,0,0
F2,mpx_003,mpx_005,mpx_005,14,14,0.2949571836346337,1,0.23715875121664826,0,0,0,1
F2,mpx_003,mpx_005,mpx_005,15,15,0.26784702549575073,1,0.21899999988640967,0,0,1,1
F2,mpx_003,mpx_005,mpx_005,16,16,0.18384714193962748,1,0.19490049098974482,0,1,1,1
F2,mpx_003,mpx_005,mpx_005,17,17,0.18648208469055375,1,0.1800545612378944,0,1,1,1
F2,mpx_003,mpx_005,mpx_005,18,18,0.15840118430792005,1,0.186383148154102,1,1,1,1
F2,mpx_003,mpx_005,mpx_005,19,19,0.1282642089093702,1,0.19497660383663787,1,1,1,1
F2,mpx_003,mpx_005,mpx_005,20,20,0.10203252032520325,1,0.17134053283847747,1,1,1,1
F2,mpx_003,mpx_005,mpx_005,21,21,0.05615640599001664,1,0.1418449038268089,1,1,1,1
F2,mpx_003,mpx_005,mpx_005,22,22,0.05211864406779661,1,0.11368230246211618,1,1,1,1
F2,mpx_003,mpx_005,mpx_005,23,23,0.04287003610108303,1,0.08962159275736693,1,1,1,1
F2,mpx_003,mpx_005,mpx_005,24,24,0.04406307977736549,1,0.08090373798353387,1,1,1,1
F2,mpx_003,mpx_005,mpx_005,25,25,0.048676748582230624,1,0.07289625923803081,1,1,1,1
F2,mpx_003,mpx_005,mpx_005,26,26,0.04398826979472141,1,0.06326375970397884,1,1,1,1
F2,mpx_003,mpx_005,mpx_005,27,27,0.0006234413965087282,1,0.11118695895169864,1,1,1,1
F2,mpx_003,mpx_005,mpx_005,28,28,0.0006234413965087282,1,0.08563074281917805,1,1,1,1
F2,mpx_003,mpx_005,mpx_005,29,29,0.0006234413965087282,1,0.060891315406906524,1,1,1,1
F2,mpx_003,mpx_005,mpx_005,30,30,0.0006234413965087282,1,0.05912562039308779,1,1,1,1
F2,mpx_003,mpx_005,mpx_005,31,31,0.0006234413965087282,1,0.0574138707652528,1,1,1,1
F2,mpx_003,mpx_005,mpx_005,32,32,0.0006234413965087282,1,0.055753168389984634,1,1,1,1
F2,mpx_003,mpx_005,mpx_005,33,33,0.0006234413965087282,1,0.05414301987579252,1,1,1,1
F2,mpx_003,mpx_005,mpx_005,34,34,0.0006234413965087282,1,0.052579577106983286,1,1,1,1
F2,mpx_003,mpx_006,mpx_006,3,3,0.5522629310344828,1,0.5920198470351519,0,0,0,0
F2,mpx_003,mpx_006,mpx_006,4,4,0.5293321299638989,1,0.5082144293795254,0,0,0,0
F2,mpx_003,mpx_006,mpx_006,5,5,0.5594879518072289,1,0.4638785073650048,0,0,0,0
F2,mpx_003,mpx_006,mpx_006,6,6,0.527581567440296,1,0.42607094004338053,0,0,0,0
F2,mpx_003,mpx_006,mpx_006,7,7,0.5314994793474488,1,0.4397021523704644,0,0,0,0
F2,mpx_003,mpx_006,mpx_006,8,8,0.4867296045600285,1,0.41321890729491173,0,0,0,0
F2,mpx_003,mpx_006,mpx_006,9,9,0.4996242014280346,1,0.40811154777601205,0,0,0,0
F2,mpx_003,mpx_006,mpx_006,10,10,0.4318103149878851,1,0.35495702555115777,0,0,0,0
F2,mpx_003,mpx_006,mpx_006,11,11,0.4251808501991384,1,0.3467259698551054,0,0,0,0
F2,mpx_003,mpx_006,mpx_006,12,12,0.4153722009279806,1,0.33148555998464746,0,0,0,0
F2,mpx_003,mpx_006,mpx_006,13,13,0.37215391621129323,1,0.312259983583743,0,0,0,0
F2,mpx_003,mpx_006,mpx_006,14,14,0.3720319920019995,1,0.29004063523977447,0,0,0,0
F2,mpx_003,mpx_006,mpx_006,15,15,0.3666317991631799,1,0.27567389283625815,0,0,0,0
F2,mpx_003,mpx_006,mpx_006,16,16,0.3573565406581452,1,0.2614183138776394,0,0,0,0
F2,mpx_003,mpx_006,mpx_006,17,17,0.3251412429378531,1,0.2574172659846924,0,0,0,0
F2,mpx_003,mpx_006,mpx_006,18,18,0.34622718605284664,1,0.2643010532240551,0,0,0,0
F2,mpx_003,mpx_006,mpx_006,19,19,0.33607860135818524,1,0.23145358876738792,0,0,1,1
F2,mpx_003,mpx_006,mpx_006,20,20,0.31627296587926507,1,0.20778083117198098,0,1,1,1
F2,mpx_003,mpx_006,mpx_006,21,21,0.2681145852836547,1,0.22200540506606356,1,1,1,1
F2,mpx_003,mpx_006,mpx_006,22,22,0.2399835627696733,1,0.20667898079608832,1,1,1,1
F2,mpx_003,mpx_006,mpx_006,23,23,0.24792485801660114,1,0.20328340490589125,1,1,1,1
F2,mpx_003,mpx_006,mpx_006,24,24,0.009059745347698335,1,0.12218880170380694,1,1,1,1
F2,mpx_003,mpx_006,mpx_006,25,25,0.0071499013806706115,1,0.08680390298175761,1,1,1,1
F2,mpx_003,mpx_006,mpx_006,26,26,0.008887614678899083,1,0.11064063843249182,1,1,1,1
F2,mpx_003,mpx_006,mpx_006,27,27,0.009548611111111112,1,0.09727608854201694,1,1,1,1
F2,mpx_003,mpx_006,mpx_006,28,28,0.009548611111111112,1,0.08387604393548896,1,1,1,1
F2,mpx_003,mpx_006,mpx_006,29,29,0.006815703380588877,1,0.06542520158963623,1,1,1,1
F2,mpx_003,mpx_006,mpx_006,30,30,0.006815703380588877,1,0.05454085188045367,1,1,1,1
F2,mpx_003,mpx_006,mpx_006,31,31,0.006815703380588877,1,0.04375634808543607,1,1,1,1
F2,mpx_003,mpx_006,mpx_006,32,32,0.006815703380588877,1,0.042057865557315714,1,1,1,1
F2,mpx_003,mpx_006,mpx_006,33,33,0.006815703380588877,1,0.04041269506383945,1,1,1,1
F2,mpx_003,mpx_006,mpx_006,34,34,0.006815703380588877,1,0.03880748869089192,1,1,1,1
F2,mpx_003,mpx_006,mpx_006,35,35,0.006815703380588877,1,0.03724997389102585,1,1,1,1
F2,mpx_003,mpx_006,mpx_006,36,36,0.006815703380588877,1,0.03573670990198132,1,1,1,1
F2,mpx_003,mpx_007,mpx_007,3,3,0.5713629684055841,1,0.5590152522596157,0,0,0,0
F2,mpx_003,mpx_007,mpx_007,4,4,0.5879883169039796,1,0.5261784730825014,0,0,0,0
F2,mpx_003,mpx_007,mpx_007,5,5,0.5646131339401821,1,0.4796054243203498,0,0,0,0
F2,mpx_003,mpx_007,mpx_007,6,6,0.5452755905511811,1,0.43856478188633313,0,0,0,0
F2,mpx_003,mpx_007,mpx_007,7,7,0.5093905031892275,1,0.41052685509699444,0,0,0,0
F2,mpx_003,mpx_007,mpx_007,8,8,0.5081967213114754,1,0.3887966939222102,0,0,0,0
F2,mpx_003,mpx_007,mpx_007,9,9,0.5191801119525847,1,0.37259963288108217,0,0,0,0
F2,mpx_003,mpx_007,mpx_007,10,10,0.41336971350613916,1,0.3507474937693817,0,0,0,0
F2,mpx_003,mpx_007,mpx_007,11,11,0.3713063763608087,1,0.3321852389833455,0,0,0,0
F2,mpx_003,mpx_007,mpx_007,12,12,0.3737157534246575,1,0.3117200169917914,0,0,0,0
F2,mpx_003,mpx_007,mpx_007,13,13,0.3789752650176678,1,0.2940257988824783,0,0,0,0
F2,mpx_003,mpx_007,mpx_007,14,14,0.2511415525114155,1,0.28182554586620817,0,0,0,0
F2,mpx_003,mpx_007,mpx_007,15,15,0.2351413733410271,1,0.2621652518028025,0,0,0,1
F2,mpx_003,mpx_007,mpx_007,16,16,0.2286144578313253,1,0.25100752709896307,0,0,0,1
F2,mpx_003,mpx_007,mpx_007,17,17,0.24084967320261438,1,0.26682572987926156,0,0,0,1
F2,mpx_003,mpx_007,mpx_007,18,18,0.2018970189701897,1,0.2294853828761383,0,1,1,1
F2,mpx_003,mpx_007,mpx_007,19,19,0.15934065934065933,1,0.21634800474785476,1,1,1,1
F2,mpx_003,mpx_007,mpx_007,20,20,0.13500816993464052,1,0.1884687339584938,1,1,1,1
F2,mpx_003,mpx_007,mpx_007,21,21,0.12793132328308207,1,0.18212142694059932,1,1,1,1
F2,mpx_003,mpx_007,mpx_007,22,22,0.05521032504780115,1,0.14063802674130407,1,1,1,1
F2,mpx_003,mpx_007,mpx_007,23,23,0.059591642924976256,1,0.13312098197750213,1,1,1,1
F2,mpx_003,mpx_007,mpx_007,24,24,0.049664107485604604,1,0.11588710608056765,1,1,1,1
F2,mpx_003,mpx_007,mpx_007,25,25,0.029572564612326043,1,0.09283400294127038,1,1,1,1
F2,mpx_003,mpx_007,mpx_007,26,26,0.006929637526652452,1,0.06777169110328458,1,1,1,1
F2,mpx_003,mpx_007,mpx_007,27,27,0.0054525627044711015,1,0.05494700458590085,1,1,1,1
F2,mpx_003,mpx_007,mpx_007,28,28,0.005580357142857143,1,0.05215180761514344,1,1,1,1
F2,mpx_003,mpx_007,mpx_007,29,29,0.005861664712778429,1,0.04313005734115176,1,1,1,1
F2,mpx_003,mpx_007,mpx_007,30,30,0.005861664712778429,1,0.03797452484328736,1,1,1,1
F2,mpx_003,mpx_007,mpx_007,31,31,0.005861664712778429,1,0.034234444973083755,1,1,1,1
F2,mpx_003,mpx_007,mpx_007,32,32,0.005861664712778429,1,0.03256852592056714,1,1,1,1
F2,mpx_003,mpx_007,mpx_007,33,33,0.005861664712778429,1,0.030948331264843115,1,1,1,1
F2,mpx_003,mpx_007,mpx_007,34,34,0.005861664712778429,1,0.029376151821461,1,1,1,1
F2,mpx_003,mpx_007,mpx_007,35,35,0.005861664712778429,1,0.02781065818403844,1,1,1,1
F2,mpx_003,mpx_008,mpx_008,3,3,0.5806645316253003,1,0.601450376522574,0,0,0,0
F2,mpx_003,mpx_008,mpx_008,4,4,0.5477707006369427,1,0.5368706085581477,0,0,0,0
F2,mpx_003,mpx_008,mpx_008,5,5,0.5409054805401112,1,0.49274458955888617,0,0,0,0
F2,mpx_003,mpx_008,mpx_008,6,6,0.48241539482415396,1,0.45956944158230484,0,0,0,0
F2,mpx_003,mpx_008,mpx_008,7,7,0.5043092018032352,1,0.43956450061903357,0,0,0,0
F2,mpx_003,mpx_008,mpx_008,8,8,0.5109121432568551,1,0.3882785483842668,0,0,0,0
F2,mpx_003,mpx_008,mpx_008,9,9,0.45834842448388263,1,0.360668547990966,0,0,0,0
F2,mpx_003,mpx_008,mpx_008,10,10,0.44056992875890516,1,0.3506625190973014,0,0,0,0
F2,mpx_003,mpx_008,mpx_008,11,11,0.4366615561517823,1,0.3327867601736434,0,0,0,0
F2,mpx_003,mpx_008,mpx_008,12,12,0.4267362505018065,1,0.3233932767379013,0,0,0,0
F2,mpx_003,mpx_008,mpx_008,13,13,0.38734965635738833,1,0.3111270621771804,0,0,0,0
F2,mpx_003,mpx_008,mpx_008,14,14,0.3309228650137741,1,0.30921813472093407,0,0,0,0
F2,mpx_003,mpx_008,mpx_008,15,15,0.33606020942408377,1,0.26012000817537434,0,0,0,0
F2,mpx_003,mpx_008,mpx_008,16,16,0.31599903474903474,1,0.23978005488987036,0,0,0,0
F2,mpx_003,mpx_008,mpx_008,17,17,0.16896758703481393,1,0.22238832485910115,0,0,1,1
F2,mpx_003,mpx_008,mpx_008,18,18,0.16964285714285715,1,0.2164983799354031,0,0,1,1
F2,mpx_003,mpx_008,mpx_008,19,19,0.1518375241779497,1,0.1952069565520995,0,1,1,1
F2,mpx_003,mpx_008,mpx_008,20,20,0.16741935483870968,1,0.19107273124270852,1,1,1,1
F2,mpx_003,mpx_008,mpx_008,21,21,0.16293706293706295,1,0.17566993321080207,1,1,1,1
F2,mpx_003,mpx_008,mpx_008,22,22,0.13515037593984963,1,0.16211181913998013,1,1,1,1
F2,mpx_003,mpx_008,mpx_008,23,23,0.13372093023255813,1,0.15201288828743129,1,1,1,1
F2,mpx_003,mpx_008,mpx_008,24,24,0.08333333333333333,1,0.17115936158602651,1,1,1,1
F2,mpx_003,mpx_008,mpx_008,25,25,0.028110599078341014,1,0.12001249357088205,1,1,1,1
F2,mpx_003,mpx_008,mpx_008,26,26,0.014558232931726908,1,0.10007766347834283,1,1,1,1
F2,mpx_003,mpx_008,mpx_008,27,27,0.018819938962360123,1,0.07649829556640775,1,1,1,1
F2,mpx_003,mpx_008,mpx_008,28,28,0.021538461538461538,1,0.06735373773386205,1,1,1,1
F2,mpx_003,mpx_008,mpx_008,29,29,0.021538461538461538,1,0.060720905404023064,1,1,1,1
F2,mpx_003,mpx_008,mpx_008,30,30,0.021538461538461538,1,0.05538143077305908,1,1,1,1
F2,mpx_003,mpx_008,mpx_008,31,31,0.021538461538461538,1,0.053654898888975185,1,1,1,1
F2,mpx_003,mpx_008,mpx_008,32,32,0.021538461538461538,1,0.05198282897991175,1,1,1,1
F2,mpx_003,mpx_008,mpx_008,33,33,0.021538461538461538,1,0.05035913298161838,1,1,1,1
F2,mpx_003,mpx_008,mpx_008,34,34,0.021538461538461538,1,0.048781696461699976,1,1,1,1
F2,mpx_003,mpx_008,mpx_008,35,35,0.021538461538461538,1,0.04723130609784202,1,1,1,1
F2,mpx_003,mpx_009,mpx_009,3,3,0.6009525588345163,1,0.5950931205408989,0,0,0,0
F2,mpx_003,mpx_009,mpx_009,4,4,0.5832457062740974,1,0.5260439653490169,0,0,0,0
F2,mpx_003,mpx_009,mpx_009,5,5,0.5904588112617309,1,0.49977129672411735,0,0,0,0
F2,mpx_003,mpx_009,mpx_009,6,6,0.5553923263048738,1,0.47741638135429076,0,0,0,0
F2,mpx_003,mpx_009,mpx_009,7,7,0.5278614457831325,1,0.4156001284547007,0,0,0,0
F2,mpx_003,mpx_009,mpx_009,8,8,0.5185741088180112,1,0.4220394349778219,0,0,0,0
F2,mpx_003,mpx_009,mpx_009,9,9,0.4286544850498339,1,0.3892961705428004,0,0,0,0
F2,mpx_003,mpx_009,mpx_009,10,10,0.387208067940552,1,0.3586295005181215,0,0,0,0
F2,mpx_003,mpx_009,mpx_009,11,11,0.36305408702724684,1,0.32994473988273154,0,0,0,0
F2,mpx_003,mpx_009,mpx_009,12,12,0.2995147772386414,1,0.30192088646352694,0,0,0,0
F2,mpx_003,mpx_009,mpx_009,13,13,0.2857637286571297,1,0.2830506627490661,0,0,0,0
F2,mpx_003,mpx_009,mpx_009,14,14,0.275997150997151,1,0.2615866120449047,0,0,0,0
F2,mpx_003,mpx_009,mpx_009,15,15,0.22767100056529113,1,0.24723123012973613,0,0,0,0
F2,mpx_003,mpx_009,mpx_009,16,16,0.22663316582914572,1,0.23304155215934136,0,0,0,0
F2,mpx_003,mpx_009,mpx_009,17,17,0.21324324324324323,1,0.2049054611621222,0,0,1,1
F2,mpx_003,mpx_009,mpx_009,18,18,0.1872391174716756,1,0.17972711446821102,0,1,1,1
F2,mpx_003,mpx_009,mpx_009,19,19,0.1583956492182189,1,0.1935835141618741,1,1,1,1
F2,mpx_003,mpx_009,mpx_009,20,20,0.15264255910987481,1,0.17212408807462026,1,1,1,1
F2,mpx_003,mpx_009,mpx_009,21,21,0.15331010452961671,1,0.15687598166025002,1,1,1,1
F2,mpx_003,mpx_009,mpx_009,22,22,0.13173400673400673,1,0.1581530920924274,1,1,1,1
F2,mpx_003,mpx_009,mpx_009,23,23,0.05953533397870281,1,0.13966776003760248,1,1,1,1
F2,mpx_003,mpx_009,mpx_009,24,24,0.051521099116781155,1,0.11563299929579726,1,1,1,1
F2,mpx_003,mpx_009,mpx_009,25,25,0.030692549842602307,1,0.11785165511617586,1,1,1,1
F2,mpx_003,mpx_009,mpx_009,26,26,0.03054662379421222,1,0.12064130092501985,1,1,1,1
F2,mpx_003,mpx_009,mpx_009,27,27,0.025485436893203883,1,0.12966322408417486,1,1,1,1
F2,mpx_003,mpx_009,mpx_009,28,28,0.029069767441860465,1,0.10570803215137344,1,1,1,1
F2,mpx_003,mpx_009,mpx_009,29,29,0.029069767441860465,1,0.0989558689405328,1,1,1,1
F2,mpx_003,mpx_009,mpx_009,30,30,0.029069767441860465,1,0.09067070092929297,1,1,1,1
F2,mpx_003,mpx_009,mpx_009,31,31,0.029069767441860465,1,0.08880726240103344,1,1,1,1
F2,mpx_003,mpx_009,mpx_009,32,32,0.029069767441860465,1,0.0869890679761487,1,1,1,1
F2,mpx_003,mpx_009,mpx_009,33,33,0.029069767441860465,1,0.0853695606279581,1,1,1,1
F2,mpx_003,mpx_009,mpx_009,34,34,0.029069767441860465,1,0.08379671228618417,1,1,1,1
F2,mpx_003,mpx_009,mpx_009,35,35,0.029069767441860465,1,0.082267686701456,1,1,1,1
F2,mpx_003,mpx_009,mpx_009,36,36,0.029069767441860465,1,0.08078112545845494,1,1,1,1
F2,mpx_003,mpx_010,mpx_010,3,3,0.552521805081532,1,0.5939586888030179,0,0,0,0
F2,mpx_003,mpx_010,mpx_010,4,4,0.5508203281312525,1,0.5193711962826196,0,0,0,0
F2,mpx_003,mpx_010,mpx_010,5,5,0.5225806451612903,1,0.4812912317786623,0,0,0,0
F2,mpx_003,mpx_010,mpx_010,6,6,0.5197324966974901,1,0.46984130387151324,0,0,0,0
F2,mpx_003,mpx_010,mpx_010,7,7,0.44289844597036504,1,0.413801487252717,0,0,0,0
F2,mpx_003,mpx_010,mpx_010,8,8,0.4455322178711285,1,0.43410848315332023,0,0,0,0
F2,mpx_003,mpx_010,mpx_010,9,9,0.4187617850408548,1,0.4007168524527896,0,0,0,0
F2,mpx_003,mpx_010,mpx_010,10,10,0.37011854951185497,1,0.3846794603765643,0,0,0,0
F2,mpx_003,mpx_010,mpx_010,11,11,0.29808037316110514,1,0.34387864871743407,0,0,0,0
F2,mpx_003,mpx_010,mpx_010,12,12,0.27196485623003197,1,0.32269869549359903,0,0,0,0
F2,mpx_003,mpx_010,mpx_010,13,13,0.2615878843506195,1,0.3047777981131919,0,0,0,0
F2,mpx_003,mpx_010,mpx_010,14,14,0.2495287464655985,1,0.2797819375474657,0,0,0,0
F2,mpx_003,mpx_010,mpx_010,15,15,0.24621212121212122,1,0.2657107303390796,0,0,0,0
F2,mpx_003,mpx_010,mpx_010,16,16,0.18739205526770294,1,0.25145724593647534,0,0,0,0
F2,mpx_003,mpx_010,mpx_010,17,17,0.23773908778813144,1,0.26195438631218826,0,0,0,0
F2,mpx_003,mpx_010,mpx_010,18,18,0.20613079019073569,1,0.241056508391986,0,0,1,1
F2,mpx_003,mpx_010,mpx_010,19,19,0.17786144578313254,1,0.22425609038012123,0,1,1,1
F2,mpx_003,mpx_010,mpx_010,20,20,0.14017800381436746,1,0.21334633818056753,0,1,1,1
F2,mpx_003,mpx_010,mpx_010,21,21,0.13618677042801555,1,0.187720858080422,0,1,1,1
F2,mpx_003,mpx_010,mpx_010,22,22,0.13420195439739413,1,0.1755352761408785,0,1,1,1
F2,mpx_003,mpx_010,mpx_010,23,23,0.15037983425414364,1,0.17586055736888961,1,1,1,1
F2,mpx_003,mpx_010,mpx_010,24,24,0.15037983425414364,1,0.1634987198530342,1,1,1,1
F2,mpx_003,mpx_010,mpx_010,25,25,0.14086294416243655,1,0.15347327590692608,1,1,1,1
F2,mpx_003,mpx_010,mpx_010,26,26,0.0668429003021148,1,0.154161143275276,1,1,1,1
F2,mpx_003,mpx_010,mpx_010,27,27,0.0583969465648855,1,0.13404600527143432,1,1,1,1
F2,mpx_003,mpx_010,mpx_010,28,28,0.041701244813278006,1,0.14020254435554735,1,1,1,1
F2,mpx_003,mpx_010,mpx_010,29,29,0.04515209125475285,1,0.13508832375149746,1,1,1,1
F2,mpx_003,mpx_010,mpx_010,30,30,0.036650485436893206,1,0.1215041108218652,1,1,1,1
F2,mpx_003,mpx_010,mpx_010,31,31,0.009746588693957114,1,0.054723526165110115,1,1,1,1
F2,mpx_003,mpx_010,mpx_010,32,32,0.009606147934678195,1,0.02545422889686188,1,1,1,1
F2,mpx_003,mpx_010,mpx_010,33,33,0.009606147934678195,1,0.0036955594202640035,1,1,1,1
F2,mpx_003,mpx_010,mpx_010,34,34,0.009606147934678195,1,0.0010737040764939813,1,1,1,1
F2,mpx_003,mpx_010,mpx_010,35,35,0.009606147934678195,1,0.0,1,1,1,1
F2,mpx_003,mpx_010,mpx_010,36,36,0.009606147934678195,1,0.0,1,1,1,1
F2,mpx_003,mpx_010,mpx_010,37,37,0.009606147934678195,1,0.0,1,1,1,1
F2,mpx_003,mpx_010,mpx_010,38,38,0.009606147934678195,1,0.0,1,1,1,1
F2,mpx_003,mpx_010,mpx_010,39,39,0.009606147934678195,1,0.0,1,1,1,1
F2,mpx_003,mpx_010,mpx_010,40,40,0.009606147934678195,1,0.0,1,1,1,1
F2,mpx_004,mpx_001,mpx_001,3,3,0.6065005620082428,1,0.5903501747478453,0,0,0,0
F2,mpx_004,mpx_001,mpx_001,4,4,0.5217815344603381,1,0.5054425788423337,0,0,0,0
F2,mpx_004,mpx_001,mpx_001,5,5,0.5769379097570382,1,0.46995034024731597,0,0,0,0
F2,mpx_004,mpx_001,mpx_001,6,6,0.5556057866184448,1,0.4631150717183225,0,0,0,0
F2,mpx_004,mpx_001,mpx_001,7,7,0.5194575471698113,1,0.4292022863793594,0,0,0,0
F2,mpx_004,mpx_001,mpx_001,8,8,0.5017568517217147,1,0.4321846607280613,0,0,0,0
F2,mpx_004,mpx_001,mpx_001,9,9,0.5049001814882033,1,0.391948755721567,0,0,0,0
F2,mpx_004,mpx_001,mpx_001,10,10,0.4974719101123595,1,0.3710130928115206,0,0,0,0
F2,mpx_004,mpx_001,mpx_001,11,11,0.4577831827658096,1,0.3658914749736313,0,0,0,0
F2,mpx_004,mpx_001,mpx_001,12,12,0.4615817091454273,1,0.34982063638750366,0,0,0,0
F2,mpx_004,mpx_001,mpx_001,13,13,0.3973174030658251,1,0.333862111922656,0,0,0,0
F2,mpx_004,mpx_001,mpx_001,14,14,0.3569379238393323,1,0.31144253439269604,0,0,0,0
F2,mpx_004,mpx_001,mpx_001,15,15,0.3658119658119658,1,0.2812394533858363,0,0,0,0
F2,mpx_004,mpx_001,mpx_001,16,16,0.3568019093078759,1,0.267955417821345,0,0,0,0
F2,mpx_004,mpx_001,mpx_001,17,17,0.3432256059664388,1,0.2653963795988654,0,0,0,0
F2,mpx_004,mpx_001,mpx_001,18,18,0.3432256059664388,1,0.25632879825479965,0,0,0,0
F2,mpx_004,mpx_001,mpx_001,19,19,0.34108412322274884,1,0.2596226977914993,0,0,0,0
F2,mpx_004,mpx_001,mpx_001,20,20,0.2252106286454958,1,0.2162308341054323,0,1,1,1
F2,mpx_004,mpx_001,mpx_001,21,21,0.17652899126290708,1,0.1696597683525357,1,1,1,1
F2,mpx_004,mpx_001,mpx_001,22,22,0.10955518945634267,1,0.1484671077398539,1,1,1,1
F2,mpx_004,mpx_001,mpx_001,23,23,0.12847555129434324,1,0.1271780422146636,1,1,1,1
F2,mpx_004,mpx_001,mpx_001,24,24,0.11339937434827946,1,0.10597151464792748,1,1,1,1
F2,mpx_004,mpx_001,mpx_001,25,25,0.11037934668071654,1,0.09570303089436584,1,1,1,1
F2,mpx_004,mpx_001,mpx_001,26,26,0.10059012875536481,1,0.0923587823917766,1,1,1,1
F2,mpx_004,mpx_001,mpx_001,27,27,0.056598407281001135,1,0.07464200360619849,1,1,1,1
F2,mpx_004,mpx_001,mpx_001,28,28,0.08451086956521739,1,0.0753958586079434,1,1,1,1
F2,mpx_004,mpx_001,mpx_001,29,29,0.07377049180327869,1,0.06004676336429974,1,1,1,1
F2,mpx_004,mpx_001,mpx_001,30,30,0.07377049180327869,1,0.052611668664884786,1,1,1,1
F2,mpx_004,mpx_001,mpx_001,31,31,0.07377049180327869,1,0.048895894406546875,1,1,1,1
F2,mpx_004,mpx_001,mpx_001,32,32,0.07377049180327869,1,0.04725236505851055,1,1,1,1
F2,mpx_004,mpx_001,mpx_001,33,33,0.07377049180327869,1,0.04565702646909617,1,1,1,1
F2,mpx_004,mpx_001,mpx_001,34,34,0.07377049180327869,1,0.04410753823705671,1,1,1,1
F2,mpx_004,mpx_001,mpx_001,35,35,0.07377049180327869,1,0.04259818445866978,1,1,1,1
F2,mpx_004,mpx_002,mpx_002,3,3,0.5828273244781784,1,0.5956185536419607,0,0,0,0
F2,mpx_004,mpx_002,mpx_002,4,4,0.5582010582010583,1,0.5095324032728948,0,0,0,0
F2,mpx_004,mpx_002,mpx_002,5,5,0.5757695343330702,1,0.4730260738616146,0,0,0,0
F2,mpx_004,mpx_002,mpx_002,6,6,0.4556597564988483,1,0.4607585610687534,0,0,0,0
F2,mpx_004,mpx_002,mpx_002,7,7,0.4472869360070776,1,0.43604756862131777,0,0,0,0
F2,mpx_004,mpx_002,mpx_002,8,8,0.45437150426847217,1,0.381889515514729,0,0,0,0
F2,mpx_004,mpx_002,mpx_002,9,9,0.42563853863562884,1,0.3613211078241242,0,0,0,0
F2,mpx_004,mpx_002,mpx_002,10,10,0.3926126126126126,1,0.3415209220270676,0,0,0,0
F2,mpx_004,mpx_002,mpx_002,11,11,0.3585817888799355,1,0.35088295070194675,0,0,0,0
F2,mpx_004,mpx_002,mpx_002,12,12,0.34447916666666667,1,0.36729541708074476,0,0,0,0
F2,mpx_004,mpx_002,mpx_002,13,13,0.29640522875816994,1,0.32079449013403155,0,0,0,0
F2,mpx_004,mpx_002,mpx_002,14,14,0.2627577319587629,1,0.30886914332623655,0,0,0,1
F2,mpx_004,mpx_002,mpx_002,15,15,0.23790322580645162,1,0.3038163243231103,0,0,1,1
F2,mpx_004,mpx_002,mpx_002,16,16,0.2294352363413137,1,0.2792321785366198,0,0,1,1
F2,mpx_004,mpx_002,mpx_002,17,17,0.22189256714553404,1,0.2605566761841163,0,0,1,1
F2,mpx_004,mpx_002,mpx_002,18,18,0.12879362670713201,1,0.228026569959331,1,1,1,1
F2,mpx_004,mpx_002,mpx_002,19,19,0.1507782101167315,1,0.1998014470026974,1,1,1,1
F2,mpx_004,mpx_002,mpx_002,20,20,0.07680457746478873,1,0.15884674947351732,1,1,1,1
F2,mpx_004,mpx_002,mpx_002,21,21,0.04848628192999054,1,0.13814716814626465,1,1,1,1
F2,mpx_004,mpx_002,mpx_002,22,22,0.031874405328258804,1,0.10783695828929096,1,1,1,1
F2,mpx_004,mpx_002,mpx_002,23,23,0.03125,1,0.09327076668097707,1,1,1,1
F2,mpx_004,mpx_002,mpx_002,24,24,0.03375337533753375,1,0.1063900197626069,1,1,1,1
F2,mpx_004,mpx_002,mpx_002,25,25,0.025257249766136577,1,0.059128640412926974,1,1,1,1
F2,mpx_004,mpx_002,mpx_002,26,26,0.025233644859813085,1,0.04391713478304905,1,1,1,1
F2,mpx_004,mpx_002,mpx_002,27,27,0.0254323499491353,1,0.04414814335914033,1,1,1,1
F2,mpx_004,mpx_002,mpx_002,28,28,0.03976190476190476,1,0.04088695641772365,1,1,1,1
F2,mpx_004,mpx_002,mpx_002,29,29,0.01708984375,1,0.030934026983409336,1,1,1,1
F2,mpx_004,mpx_002,mpx_002,30,30,0.01708984375,1,0.02087005793511993,1,1,1,1
F2,mpx_004,mpx_002,mpx_002,31,31,0.017123287671232876,1,0.016883262011087946,1,1,1,1
F2,mpx_004,mpx_002,mpx_002,32,32,0.017123287671232876,1,0.015156437882586651,1,1,1,1
F2,mpx_004,mpx_002,mpx_002,33,33,0.017123287671232876,1,0.013476848013049793,1,1,1,1
F2,mpx_004,mpx_002,mpx_002,34,34,0.017123287671232876,1,0.011931288275305315,1,1,1,1
F2,mpx_004,mpx_002,mpx_002,35,35,0.017123287671232876,1,0.01043194748149234,1,1,1,1
F2,mpx_004,mpx_002,mpx_002,36,36,0.017123287671232876,1,0.008970871032309449,1,1,1,1
F2,mpx_004,mpx_002,mpx_002,37,37,0.017123287671232876,1,0.007547779522987293,1,1,1,1
F2,mpx_004,mpx_003,mpx_003,3,3,0.5955643707176344,1,0.5877509866502687,0,0,0,0
F2,mpx_004,mpx_003,mpx_003,4,4,0.5693963860053826,1,0.5197694822651919,0,0,0,0
F2,mpx_004,mpx_003,mpx_003,5,5,0.595224171539961,1,0.4741744571456913,0,0,0,0
F2,mpx_004,mpx_003,mpx_003,6,6,0.5647433747064743,1,0.4776414269562198,0,0,0,0
F2,mpx_004,mpx_003,mpx_003,7,7,0.5831946755407654,1,0.44994142134962184,0,0,0,0
F2,mpx_004,mpx_003,mpx_003,8,8,0.5078179291174427,1,0.4206676336449344,0,0,0,0
F2,mpx_004,mpx_003,mpx_003,9,9,0.5019812680115274,1,0.40680190186841614,0,0,0,0
F2,mpx_004,mpx_003,mpx_003,10,10,0.539460020768432,1,0.417488820525144,0,0,0,0
F2,mpx_004,mpx_003,mpx_003,11,11,0.5115842204132749,1,0.3859345955537996,0,0,0,0
F2,mpx_004,mpx_003,mpx_003,12,12,0.4670428524697416,1,0.347352679918479,0,0,0,0
F2,mpx_004,mpx_003,mpx_003,13,13,0.42064914376742335,1,0.3416711525737613,0,0,0,0
F2,mpx_004,mpx_003,mpx_003,14,14,0.37399193548387094,1,0.32574470997943283,0,0,0,0
F2,mpx_004,mpx_003,mpx_003,15,15,0.3703125,1,0.30159534034747204,0,0,0,0
F2,mpx_004,mpx_003,mpx_003,16,16,0.37266059686393527,1,0.2864957008062196,0,0,0,0
F2,mpx_004,mpx_003,mpx_003,17,17,0.3661631419939577,1,0.29690003282796856,0,0,0,0
F2,mpx_004,mpx_003,mpx_003,18,18,0.2889531345100426,1,0.31286882660730964,0,0,0,0
F2,mpx_004,mpx_003,mpx_003,19,19,0.3002776064157927,1,0.26311904607123215,0,0,0,1
F2,mpx_004,mpx_003,mpx_003,20,20,0.3047153024911032,1,0.24818344336116202,0,0,0,1
F2,mpx_004,mpx_003,mpx_003,21,21,0.29255698005698005,1,0.22172857947503646,0,1,1,1
F2,mpx_004,mpx_003,mpx_003,22,22,0.2615881458966565,1,0.21796115156947035,1,1,1,1
F2,mpx_004,mpx_003,mpx_003,23,23,0.182062966031483,1,0.18443944963496153,1,1,1,1
F2,mpx_004,mpx_003,mpx_003,24,24,0.1799913569576491,1,0.15649268658693932,1,1,1,1
F2,mpx_004,mpx_003,mpx_003,25,25,0.14772727272727273,1,0.12460640795428604,1,1,1,1
F2,mpx_004,mpx_003,mpx_003,26,26,0.15691021126760563,1,0.11452665376993103,1,1,1,1
F2,mpx_004,mpx_003,mpx_003,27,27,0.14925373134328357,1,0.10064350622347314,1,1,1,1
F2,mpx_004,mpx_003,mpx_003,28,28,0.11656118143459916,1,0.06887181885292186,1,1,1,1
F2,mpx_004,mpx_003,mpx_003,29,29,0.01066925315227934,1,0.06027149288589348,1,1,1,1
F2,mpx_004,mpx_003,mpx_003,30,30,0.018649669499527857,1,0.04115457149941394,1,1,1,1
F2,mpx_004,mpx_003,mpx_003,31,31,0.011560693641618497,1,0.03896872083739965,1,1,1,1
F2,mpx_004,mpx_003,mpx_003,32,32,0.009471585244267198,1,0.029133754625802658,1,1,1,1
F2,mpx_004,mpx_003,mpx_003,33,33,0.008655804480651732,1,0.025130764736193963,1,1,1,1
F2,mpx_004,mpx_003,mpx_003,34,34,0.008655804480651732,1,0.020974407558994893,1,1,1,1
F2,mpx_004,mpx_003,mpx_003,35,35,0.008655804480651732,1,0.018035140076893573,1,1,1,1
F2,mpx_004,mpx_003,mpx_003,36,36,0.008655804480651732,1,0.016552691901703408,1,1,1,1
F2,mpx_004,mpx_003,mpx_003,37,37,0.008655804480651732,1,0.015105703749794662,1,1,1,1
F2,mpx_004,mpx_003,mpx_003,38,38,0.008655804480651732,1,0.013700514494208747,1,1,1,1
F2,mpx_004,mpx_003,mpx_003,39,39,0.008655804480651732,1,0.012327495070542947,1,1,1,1
F2,mpx_004,mpx_003,mpx_003,40,40,0.008655804480651732,1,0.010983683615642552,1,1,1,1
F2,mpx_004,mpx_003,mpx_003,41,41,0.008655804480651732,1,0.009675418344784407,1,1,1,1
F2,mpx_004,mpx_005,mpx_005,3,3,0.5628006872852234,1,0.5985375009077382,0,0,0,0
F2,mpx_004,mpx_005,mpx_005,4,4,0.5604651162790698,1,0.5147222128292741,0,0,0,0
F2,mpx_004,mpx_005,mpx_005,5,5,0.5696737817156665,1,0.47995296163955803,0,0,0,0
F2,mpx_004,mpx_005,mpx_005,6,6,0.5792553191489361,1,0.4684166048648087,0,0,0,0
F2,mpx_004,mpx_005,mpx_005,7,7,0.5131138392857143,1,0.4244999111924608,0,0,0,0
F2,mpx_004,mpx_005,mpx_005,8,8,0.5186228197674418,1,0.42672111483809194,0,0,0,0
F2,mpx_004,mpx_005,mpx_005,9,9,0.4543335635359116,1,0.37961214451425523,0,0,0,0
F2,mpx_004,mpx_005,mpx_005,10,10,0.40365448504983387,1,0.3694760774501134,0,0,0,0
F2,mpx_004,mpx_005,mpx_005,11,11,0.3359228753275927,1,0.3341713378060271,0,0,0,0
F2,mpx_004,mpx_005,mpx_005,12,12,0.3365584685809405,1,0.31835230392858715,0,0,0,0
F2,mpx_004,mpx_005,mpx_005,13,13,0.30169753086419754,1,0.2690475245171203,0,0,0,0
F2,mpx_004,mpx_005,mpx_005,14,14,0.2949571836346337,1,0.24274812507795943,0,0,0,1
F2,mpx_004,mpx_005,mpx_005,15,15,0.26784702549575073,1,0.22618276270528995,0,0,1,1
F2,mpx_004,mpx_005,mpx_005,16,16,0.18384714193962748,1,0.2032225594737035,0,1,1,1
F2,mpx_004,mpx_005,mpx_005,17,17,0.18648208469055375,1,0.18665682034899322,0,1,1,1
F2,mpx_004,mpx_005,mpx_005,18,18,0.15840118430792005,1,0.19445999679391457,1,1,1,1
F2,mpx_004,mpx_005,mpx_005,19,19,0.1282642089093702,1,0.20291152115815922,1,1,1,1
F2,mpx_004,mpx_005,mpx_005,20,20,0.10203252032520325,1,0.17939323423830397,1,1,1,1
F2,mpx_004,mpx_005,mpx_005,21,21,0.05615640599001664,1,0.15215647020748285,1,1,1,1
F2,mpx_004,mpx_005,mpx_005,22,22,0.05211864406779661,1,0.12173827526598889,1,1,1,1
F2,mpx_004,mpx_005,mpx_005,23,23,0.04287003610108303,1,0.09820251459464369,1,1,1,1
F2,mpx_004,mpx_005,mpx_005,24,24,0.04406307977736549,1,0.088435716358248,1,1,1,1
F2,mpx_004,mpx_005,mpx_005,25,25,0.048676748582230624,1,0.0807400351435831,1,1,1,1
F2,mpx_004,mpx_005,mpx_005,26,26,0.04398826979472141,1,0.07082453362184052,1,1,1,1
F2,mpx_004,mpx_005,mpx_005,27,27,0.0006234413965087282,1,0.12814629956142076,1,1,1,1
F2,mpx_004,mpx_005,mpx_005,28,28,0.0006234413965087282,1,0.09699814292326076,1,1,1,1
F2,mpx_004,mpx_005,mpx_005,29,29,0.0006234413965087282,1,0.06684420817030995,1,1,1,1
F2,mpx_004,mpx_005,mpx_005,30,30,0.0006234413965087282,1,0.06512231364916188,1,1,1,1
F2,mpx_004,mpx_005,mpx_005,31,31,0.0006234413965087282,1,0.06345290283817767,1,1,1,1
F2,mpx_004,mpx_005,mpx_005,32,32,0.0006234413965087282,1,0.06183317381242547,1,1,1,1
F2,mpx_004,mpx_005,mpx_005,33,33,0.0006234413965087282,1,0.060262734187595944,1,1,1,1
F2,mpx_004,mpx_005,mpx_005,34,34,0.0006234413965087282,1,0.05873780604625355,1,1,1,1
F2,mpx_004,mpx_006,mpx_006,3,3,0.5522629310344828,1,0.5996238328313133,0,0,0,0
F2,mpx_004,mpx_006,mpx_006,4,4,0.5293321299638989,1,0.5146372037201327,0,0,0,0
F2,mpx_004,mpx_006,mpx_006,5,5,0.5594879518072289,1,0.4678420606123721,0,0,0,0
F2,mpx_004,mpx_006,mpx_006,6,6,0.527581567440296,1,0.43253334029325224,0,0,0,0
F2,mpx_004,mpx_006,mpx_006,7,7,0.5314994793474488,1,0.44819839664132316,0,0,0,0
F2,mpx_004,mpx_006,mpx_006,8,8,0.4867296045600285,1,0.4189053934659443,0,0,0,0
F2,mpx_004,mpx_006,mpx_006,9,9,0.4996242014280346,1,0.4152840029217559,0,0,0,0
F2,mpx_004,mpx_006,mpx_006,10,10,0.4318103149878851,1,0.3641075368701234,0,0,0,0
F2,mpx_004,mpx_006,mpx_006,11,11,0.4251808501991384,1,0.35653448072718263,0,0,0,0
F2,mpx_004,mpx_006,mpx_006,12,12,0.4153722009279806,1,0.34200802159832666,0,0,0,0
F2,mpx_004,mpx_006,mpx_006,13,13,0.37215391621129323,1,0.320622941861786,0,0,0,0
F2,mpx_004,mpx_006,mpx_006,14,14,0.3720319920019995,1,0.2965592574708221,0,0,0,0
F2,mpx_004,mpx_006,mpx_006,15,15,0.3666317991631799,1,0.2813880701938194,0,0,0,0
F2,mpx_004,mpx_006,mpx_006,16,16,0.3573565406581452,1,0.26656948191563073,0,0,0,0
F2,mpx_004,mpx_006,mpx_006,17,17,0.3251412429378531,1,0.2645999224489341,0,0,0,0
F2,mpx_004,mpx_006,mpx_006,18,18,0.34622718605284664,1,0.27639306208345416,0,0,0,0
F2,mpx_004,mpx_006,mpx_006,19,19,0.33607860135818524,1,0.24210157224161827,0,0,1,1
F2,mpx_004,mpx_006,mpx_006,20,20,0.31627296587926507,1,0.21587429094740587,0,1,1,1
F2,mpx_004,mpx_006,mpx_006,21,21,0.2681145852836547,1,0.2338931408289589,1,1,1,1
F2,mpx_004,mpx_006,mpx_006,22,22,0.2399835627696733,1,0.22027051861406743,1,1,1,1
F2,mpx_004,mpx_006,mpx_006,23,23,0.24792485801660114,1,0.218593469580093,1,1,1,1
F2,mpx_004,mpx_006,mpx_006,24,24,0.009059745347698335,1,0.14140889270546841,1,1,1,1
F2,mpx_004,mpx_006,mpx_006,25,25,0.0071499013806706115,1,0.09965208315782698,1,1,1,1
F2,mpx_004,mpx_006,mpx_006,26,26,0.008887614678899083,1,0.1218408494784393,1,1,1,1
F2,mpx_004,mpx_006,mpx_006,27,27,0.009548611111111112,1,0.10580985506282367,1,1,1,1
F2,mpx_004,mpx_006,mpx_006,28,28,0.009548611111111112,1,0.08970053328827006,1,1,1,1
F2,mpx_004,mpx_006,mpx_006,29,29,0.006815703380588877,1,0.07561812808503884,1,1,1,1
F2,mpx_004,mpx_006,mpx_006,30,30,0.006815703380588877,1,0.06260771205024353,1,1,1,1
F2,mpx_004,mpx_006,mpx_006,31,31,0.006815703380588877,1,0.049695478345968144,1,1,1,1
F2,mpx_004,mpx_006,mpx_006,32,32,0.006815703380588877,1,0.04804982535196349,1,1,1,1
F2,mpx_004,mpx_006,mpx_006,33,33,0.006815703380588877,1,0.046455863419984186,1,1,1,1
F2,mpx_004,mpx_006,mpx_006,34,34,0.006815703380588877,1,0.04490029452137377,1,1,1,1
F2,mpx_004,mpx_006,mpx_006,35,35,0.006815703380588877,1,0.043390983564922894,1,1,1,1
F2,mpx_004,mpx_006,mpx_006,36,36,0.006815703380588877,1,0.04192456709583585,1,1,1,1
F2,mpx_004,mpx_007,mpx_007,3,3,0.5713629684055841,1,0.5663952091334764,0,0,0,0
F2,mpx_004,mpx_007,mpx_007,4,4,0.5879883169039796,1,0.5318519468248504,0,0,0,0
F2,mpx_004,mpx_007,mpx_007,5,5,0.5646131339401821,1,0.48872566899394165,0,0,0,0
F2,mpx_004,mpx_007,mpx_007,6,6,0.5452755905511811,1,0.4455453737149481,0,0,0,0
F2,mpx_004,mpx_007,mpx_007,7,7,0.5093905031892275,1,0.41752560262843047,0,0,0,0
F2,mpx_004,mpx_007,mpx_007,8,8,0.5081967213114754,1,0.3939407756250401,0,0,0,0
F2,mpx_004,mpx_007,mpx_007,9,9,0.5191801119525847,1,0.3790118519242746,0,0,0,0
F2,mpx_004,mpx_007,mpx_007,10,10,0.41336971350613916,1,0.3604161352723431,0,0,0,0
F2,mpx_004,mpx_007,mpx_007,11,11,0.3713063763608087,1,0.3396678216160158,0,0,0,0
F2,mpx_004,mpx_007,mpx_007,12,12,0.3737157534246575,1,0.318301931008642,0,0,0,0
F2,mpx_004,mpx_007,mpx_007,13,13,0.3789752650176678,1,0.2999093736294799,0,0,0,0
F2,mpx_004,mpx_007,mpx_007,14,14,0.2511415525114155,1,0.29128973012746096,0,0,0,0
F2,mpx_004,mpx_007,mpx_007,15,15,0.2351413733410271,1,0.27011102817186494,0,0,0,1
F2,mpx_004,mpx_007,mpx_007,16,16,0.2286144578313253,1,0.25751090815351774,0,0,0,1
F2,mpx_004,mpx_007,mpx_007,17,17,0.24084967320261438,1,0.2760245623289526,0,0,0,1
F2,mpx_004,mpx_007,mpx_007,18,18,0.2018970189701897,1,0.23932314567392876,0,1,1,1
F2,mpx_004,mpx_007,mpx_007,19,19,0.15934065934065933,1,0.22539557012958056,1,1,1,1
F2,mpx_004,mpx_007,mpx_007,20,20,0.13500816993464052,1,0.19865512187288611,1,1,1,1
F2,mpx_004,mpx_007,mpx_007,21,21,0.12793132328308207,1,0.19148892225268957,1,1,1,1
F2,mpx_004,mpx_007,mpx_007,22,22,0.05521032504780115,1,0.1495446742597339,1,1,1,1
F2,mpx_004,mpx_007,mpx_007,23,23,0.059591642924976256,1,0.141903090241979,1,1,1,1
F2,mpx_004,mpx_007,mpx_007,24,24,0.049664107485604604,1,0.12312919008250738,1,1,1,1
F2,mpx_004,mpx_007,mpx_007,25,25,0.029572564612326043,1,0.10059079048417041,1,1,1,1
F2,mpx_004,mpx_007,mpx_007,26,26,0.006929637526652452,1,0.0758655744515363,1,1,1,1
F2,mpx_004,mpx_007,mpx_007,27,27,0.0054525627044711015,1,0.06262161740043784,1,1,1,1
F2,mpx_004,mpx_007,mpx_007,28,28,0.005580357142857143,1,0.05953506603556427,1,1,1,1
F2,mpx_004,mpx_007,mpx_007,29,29,0.005861664712778429,1,0.05011307829974329,1,1,1,1
F2,mpx_004,mpx_007,mpx_007,30,30,0.005861664712778429,1,0.04423663225957005,1,1,1,1
F2,mpx_004,mpx_007,mpx_007,31,31,0.005861664712778429,1,0.0400767185563278,1,1,1,1
F2,mpx_004,mpx_007,mpx_007,32,32,0.005861664712778429,1,0.03845141888094908,1,1,1,1
F2,mpx_004,mpx_007,mpx_007,33,33,0.005861664712778429,1,0.03687055039199558,1,1,1,1
F2,mpx_004,mpx_007,mpx_007,34,34,0.005861664712778429,1,0.03533652024860898,1,1,1,1
F2,mpx_004,mpx_007,mpx_007,35,35,0.005861664712778429,1,0.033807766987231064,1,1,1,1
F2,mpx_004,mpx_008,mpx_008,3,3,0.5806645316253003,1,0.6096829761322957,0,0,0,0
F2,mpx_004,mpx_008,mpx_008,4,4,0.5477707006369427,1,0.5447769741596659,0,0,0,0
F2,mpx_004,mpx_008,mpx_008,5,5,0.5409054805401112,1,0.49855213369273094,0,0,0,0
F2,mpx_004,mpx_008,mpx_008,6,6,0.48241539482415396,1,0.4688965914341581,0,0,0,0
F2,mpx_004,mpx_008,mpx_008,7,7,0.5043092018032352,1,0.44963557415847705,0,0,0,0
F2,mpx_004,mpx_008,mpx_008,8,8,0.5109121432568551,1,0.39609220471146456,0,0,0,0
F2,mpx_004,mpx_008,mpx_008,9,9,0.45834842448388263,1,0.36731440258001063,0,0,0,0
F2,mpx_004,mpx_008,mpx_008,10,10,0.44056992875890516,1,0.35657364456333707,0,0,0,0
F2,mpx_004,mpx_008,mpx_008,11,11,0.4366615561517823,1,0.33694445719448723,0,0,0,0
F2,mpx_004,mpx_008,mpx_008,12,12,0.4267362505018065,1,0.32802499986181277,0,0,0,0
F2,mpx_004,mpx_008,mpx_008,13,13,0.38734965635738833,1,0.31689561420953694,0,0,0,0
F2,mpx_004,mpx_008,mpx_008,14,14,0.3309228650137741,1,0.31942779644309327,0,0,0,0
F2,mpx_004,mpx_008,mpx_008,15,15,0.33606020942408377,1,0.2677498305550163,0,0,0,0
F2,mpx_004,mpx_008,mpx_008,16,16,0.31599903474903474,1,0.2452337158008433,0,0,0,0
F2,mpx_004,mpx_008,mpx_008,17,17,0.16896758703481393,1,0.23373818598989052,0,0,1,1
F2,mpx_004,mpx_008,mpx_008,18,18,0.16964285714285715,1,0.22557931138097198,0,0,1,1
F2,mpx_004,mpx_008,mpx_008,19,19,0.1518375241779497,1,0.20249341461829243,0,1,1,1
F2,mpx_004,mpx_008,mpx_008,20,20,0.16741935483870968,1,0.1994429910352948,1,1,1,1
F2,mpx_004,mpx_008,mpx_008,21,21,0.16293706293706295,1,0.18251459696090847,1,1,1,1
F2,mpx_004,mpx_008,mpx_008,22,22,0.13515037593984963,1,0.16969338071805656,1,1,1,1
F2,mpx_004,mpx_008,mpx_008,23,23,0.13372093023255813,1,0.1587668146621529,1,1,1,1
F2,mpx_004,mpx_008,mpx_008,24,24,0.08333333333333333,1,0.1838107660172078,1,1,1,1
F2,mpx_004,mpx_008,mpx_008,25,25,0.028110599078341014,1,0.1323350655612684,1,1,1,1
F2,mpx_004,mpx_008,mpx_008,26,26,0.014558232931726908,1,0.11177508826927647,1,1,1,1
F2,mpx_004,mpx_008,mpx_008,27,27,0.018819938962360123,1,0.08566095652644609,1,1,1,1
F2,mpx_004,mpx_008,mpx_008,28,28,0.021538461538461538,1,0.0762672372059058,1,1,1,1
F2,mpx_004,mpx_008,mpx_008,29,29,0.021538461538461538,1,0.06862514349611402,1,1,1,1
F2,mpx_004,mpx_008,mpx_008,30,30,0.021538461538461538,1,0.06254775200289141,1,1,1,1
F2,mpx_004,mpx_008,mpx_008,31,31,0.021538461538461538,1,0.06086953226495741,1,1,1,1
F2,mpx_004,mpx_008,mpx_008,32,32,0.021538461538461538,1,0.05924423795759905,1,1,1,1
F2,mpx_004,mpx_008,mpx_008,33,33,0.021538461538461538,1,0.05766585600140413,1,1,1,1
F2,mpx_004,mpx_008,mpx_008,34,34,0.021538461538461538,1,0.05613236478674992,1,1,1,1
F2,mpx_004,mpx_008,mpx_008,35,35,0.021538461538461538,1,0.05462451195128322,1,1,1,1
F2,mpx_004,mpx_009,mpx_009,3,3,0.6009525588345163,1,0.602793947648528,0,0,0,0
F2,mpx_004,mpx_009,mpx_009,4,4,0.5832457062740974,1,0.5331767297860556,0,0,0,0
F2,mpx_004,mpx_009,mpx_009,5,5,0.5904588112617309,1,0.5050982380694053,0,0,0,0
F2,mpx_004,mpx_009,mpx_009,6,6,0.5553923263048738,1,0.4845476118040052,0,0,0,0
F2,mpx_004,mpx_009,mpx_009,7,7,0.5278614457831325,1,0.42250140660687224,0,0,0,0
F2,mpx_004,mpx_009,mpx_009,8,8,0.5185741088180112,1,0.4290496318384702,0,0,0,0
F2,mpx_004,mpx_009,mpx_009,9,9,0.4286544850498339,1,0.3979332698555201,0,0,0,0
F2,mpx_004,mpx_009,mpx_009,10,10,0.387208067940552,1,0.3682947050594596,0,0,0,0
F2,mpx_004,mpx_009,mpx_009,11,11,0.36305408702724684,1,0.33651938411540505,0,0,0,0
F2,mpx_004,mpx_009,mpx_009,12,12,0.2995147772386414,1,0.3090977709996566,0,0,0,0
F2,mpx_004,mpx_009,mpx_009,13,13,0.2857637286571297,1,0.2881978955947099,0,0,0,0
F2,mpx_004,mpx_009,mpx_009,14,14,0.275997150997151,1,0.26536566823677354,0,0,0,0
F2,mpx_004,mpx_009,mpx_009,15,15,0.22767100056529113,1,0.2528346745563176,0,0,0,0
F2,mpx_004,mpx_009,mpx_009,16,16,0.22663316582914572,1,0.24299936266946806,0,0,0,0
F2,mpx_004,mpx_009,mpx_009,17,17,0.21324324324324323,1,0.2132993341079849,0,0,1,1
F2,mpx_004,mpx_009,mpx_009,18,18,0.1872391174716756,1,0.1853986952320351,0,1,1,1
F2,mpx_004,mpx_009,mpx_009,19,19,0.1583956492182189,1,0.20216623848101747,1,1,1,1
F2,mpx_004,mpx_009,mpx_009,20,20,0.15264255910987481,1,0.17984044957654055,1,1,1,1
F2,mpx_004,mpx_009,mpx_009,21,21,0.15331010452961671,1,0.16296442250588514,1,1,1,1
F2,mpx_004,mpx_009,mpx_009,22,22,0.13173400673400673,1,0.16848585452302858,1,1,1,1
F2,mpx_004,mpx_009,mpx_009,23,23,0.05953533397870281,1,0.15035567053486737,1,1,1,1
F2,mpx_004,mpx_009,mpx_009,24,24,0.051521099116781155,1,0.12346871843798156,1,1,1,1
F2,mpx_004,mpx_009,mpx_009,25,25,0.030692549842602307,1,0.12992391301448708,1,1,1,1
F2,mpx_004,mpx_009,mpx_009,26,26,0.03054662379421222,1,0.13230950933878347,1,1,1,1
F2,mpx_004,mpx_009,mpx_009,27,27,0.025485436893203883,1,0.14068607449171067,1,1,1,1
F2,mpx_004,mpx_009,mpx_009,28,28,0.029069767441860465,1,0.11512179799621566,1,1,1,1
F2,mpx_004,mpx_009,mpx_009,29,29,0.029069767441860465,1,0.10723633454697117,1,1,1,1
F2,mpx_004,mpx_009,mpx_009,30,30,0.029069767441860465,1,0.09724602207739128,1,1,1,1
F2,mpx_004,mpx_009,mpx_009,31,31,0.029069767441860465,1,0.09539237786453836,1,1,1,1
F2,mpx_004,mpx_009,mpx_009,32,32,0.029069767441860465,1,0.09358245186442236,1,1,1,1
F2,mpx_004,mpx_009,mpx_009,33,33,0.029069767441860465,1,0.09200592846864773,1,1,1,1
F2,mpx_004,mpx_009,mpx_009,34,34,0.029069767441860465,1,0.09047476810296569,1,1,1,1
F2,mpx_004,mpx_009,mpx_009,35,35,0.029069767441860465,1,0.08898620868304798,1,1,1,1
F2,mpx_004,mpx_009,mpx_009,36,36,0.029069767441860465,1,0.0875389689687094,1,1,1,1
F2,mpx_004,mpx_010,mpx_010,3,3,0.552521805081532,1,0.6014378369400356,0,0,0,0
F2,mpx_004,mpx_010,mpx_010,4,4,0.5508203281312525,1,0.5258111465577432,0,0,0,0
F2,mpx_004,mpx_010,mpx_010,5,5,0.5225806451612903,1,0.4856869900627737,0,0,0,0
F2,mpx_004,mpx_010,mpx_010,6,6,0.5197324966974901,1,0.47593335696674127,0,0,0,0
F2,mpx_004,mpx_010,mpx_010,7,7,0.44289844597036504,1,0.41978683231359043,0,0,0,0
F2,mpx_004,mpx_010,mpx_010,8,8,0.4455322178711285,1,0.4410808325974847,0,0,0,0
F2,mpx_004,mpx_010,mpx_010,9,9,0.4187617850408548,1,0.4099779965775141,0,0,0,0
F2,mpx_004,mpx_010,mpx_010,10,10,0.37011854951185497,1,0.3924677009242583,0,0,0,0
F2,mpx_004,mpx_010,mpx_010,11,11,0.29808037316110514,1,0.35329301362773186,0,0,0,0
F2,mpx_004,mpx_010,mpx_010,12,12,0.27196485623003197,1,0.32988941303692176,0,0,0,0
F2,mpx_004,mpx_010,mpx_010,13,13,0.2615878843506195,1,0.31021989425391905,0,0,0,0
F2,mpx_004,mpx_010,mpx_010,14,14,0.2495287464655985,1,0.2840358636021592,0,0,0,0
F2,mpx_004,mpx_010,mpx_010,15,15,0.24621212121212122,1,0.2697494171097742,0,0,0,0
F2,mpx_004,mpx_010,mpx_010,16,16,0.18739205526770294,1,0.2577870278702405,0,0,0,0
F2,mpx_004,mpx_010,mpx_010,17,17,0.23773908778813144,1,0.2720731205310905,0,0,0,0
F2,mpx_004,mpx_010,mpx_010,18,18,0.20613079019073569,1,0.24953789282924269,0,0,1,1
F2,mpx_004,mpx_010,mpx_010,19,19,0.17786144578313254,1,0.2309192729132881,0,1,1,1
F2,mpx_004,mpx_010,mpx_010,20,20,0.14017800381436746,1,0.22290867987720644,0,1,1,1
F2,mpx_004,mpx_010,mpx_010,21,21,0.13618677042801555,1,0.19581207971826972,0,1,1,1
F2,mpx_004,mpx_010,mpx_010,22,22,0.13420195439739413,1,0.18203877130052123,0,1,1,1
F2,mpx_004,mpx_010,mpx_010,23,23,0.15037983425414364,1,0.18516666248865407,1,1,1,1
F2,mpx_004,mpx_010,mpx_010,24,24,0.15037983425414364,1,0.17096866322036494,1,1,1,1
F2,mpx_004,mpx_010,mpx_010,25,25,0.14086294416243655,1,0.16179085327798545,1,1,1,1
F2,mpx_004,mpx_010,mpx_010,26,26,0.0668429003021148,1,0.16544746770795862,1,1,1,1
F2,mpx_004,mpx_010,mpx_010,27,27,0.0583969465648855,1,0.14310921869460114,1,1,1,1
F2,mpx_004,mpx_010,mpx_010,28,28,0.041701244813278006,1,0.15017250714697628,1,1,1,1
F2,mpx_004,mpx_010,mpx_010,29,29,0.04515209125475285,1,0.14454316137008927,1,1,1,1
F2,mpx_004,mpx_010,mpx_010,30,30,0.036650485436893206,1,0.1308981618108621,1,1,1,1
F2,mpx_004,mpx_010,mpx_010,31,31,0.009746588693957114,1,0.07085413938592483,1,1,1,1
F2,mpx_004,mpx_010,mpx_010,32,32,0.009606147934678195,1,0.03696493808485884,1,1,1,1
F2,mpx_004,mpx_010,mpx_010,33,33,0.009606147934678195,1,0.010422864540459098,1,1,1,1
F2,mpx_004,mpx_010,mpx_010,34,34,0.009606147934678195,1,0.00759435858889301,1,1,1,1
F2,mpx_004,mpx_010,mpx_010,35,35,0.009606147934678195,1,0.006105653851886019,1,1,1,1
F2,mpx_004,mpx_010,mpx_010,36,36,0.009606147934678195,1,0.004653848903371557,1,1,1,1
F2,mpx_004,mpx_010,mpx_010,37,37,0.009606147934678195,1,0.0032396192015050236,1,1,1,1
F2,mpx_004,mpx_010,mpx_010,38,38,0.009606147934678195,1,0.0018636792306294288,1,1,1,1
F2,mpx_004,mpx_010,mpx_010,39,39,0.009606147934678195,1,0.0005208006967783625,1,1,1,1
F2,mpx_004,mpx_010,mpx_010,40,40,0.009606147934678195,1,0.0,1,1,1,1
F2,mpx_005,mpx_001,mpx_001,3,3,0.6065005620082428,1,0.5872910994022845,0,0,0,0
F2,mpx_005,mpx_001,mpx_001,4,4,0.5217815344603381,1,0.5016041586919213,0,0,0,0
F2,mpx_005,mpx_001,mpx_001,5,5,0.5769379097570382,1,0.4693433354889068,0,0,0,0
F2,mpx_005,mpx_001,mpx_001,6,6,0.5556057866184448,1,0.46141779219221774,0,0,0,0
F2,mpx_005,mpx_001,mpx_001,7,7,0.5194575471698113,1,0.4275568963668705,0,0,0,0
F2,mpx_005,mpx_001,mpx_001,8,8,0.5017568517217147,1,0.42897733151688794,0,0,0,0
F2,mpx_005,mpx_001,mpx_001,9,9,0.5049001814882033,1,0.3900414035610983,0,0,0,0
F2,mpx_005,mpx_001,mpx_001,10,10,0.4974719101123595,1,0.3697255402615739,0,0,0,0
F2,mpx_005,mpx_001,mpx_001,11,11,0.4577831827658096,1,0.3617198978451818,0,0,0,0
F2,mpx_005,mpx_001,mpx_001,12,12,0.4615817091454273,1,0.3468614867036906,0,0,0,0
F2,mpx_005,mpx_001,mpx_001,13,13,0.3973174030658251,1,0.33007665896155647,0,0,0,0
F2,mpx_005,mpx_001,mpx_001,14,14,0.3569379238393323,1,0.30745426454989533,0,0,0,0
F2,mpx_005,mpx_001,mpx_001,15,15,0.3658119658119658,1,0.2790564272955697,0,0,0,0
F2,mpx_005,mpx_001,mpx_001,16,16,0.3568019093078759,1,0.266193914345951,0,0,0,0
F2,mpx_005,mpx_001,mpx_001,17,17,0.3432256059664388,1,0.2635263084122369,0,0,0,0
F2,mpx_005,mpx_001,mpx_001,18,18,0.3432256059664388,1,0.25500330928895254,0,0,0,0
F2,mpx_005,mpx_001,mpx_001,19,19,0.34108412322274884,1,0.2555977490036862,0,0,0,0
F2,mpx_005,mpx_001,mpx_001,20,20,0.2252106286454958,1,0.2132266823465825,0,1,1,1
F2,mpx_005,mpx_001,mpx_001,21,21,0.17652899126290708,1,0.16775221184513361,1,1,1,1
F2,mpx_005,mpx_001,mpx_001,22,22,0.10955518945634267,1,0.14521893566698582,1,1,1,1
F2,mpx_005,mpx_001,mpx_001,23,23,0.12847555129434324,1,0.12409536311632163,1,1,1,1
F2,mpx_005,mpx_001,mpx_001,24,24,0.11339937434827946,1,0.10365652479566394,1,1,1,1
F2,mpx_005,mpx_001,mpx_001,25,25,0.11037934668071654,1,0.094235523603603,1,1,1,1
F2,mpx_005,mpx_001,mpx_001,26,26,0.10059012875536481,1,0.09195499296387125,1,1,1,1
F2,mpx_005,mpx_001,mpx_001,27,27,0.056598407281001135,1,0.07431451318611258,1,1,1,1
F2,mpx_005,mpx_001,mpx_001,28,28,0.08451086956521739,1,0.07496289314477678,1,1,1,1
F2,mpx_005,mpx_001,mpx_001,29,29,0.07377049180327869,1,0.06082566188433515,1,1,1,1
F2,mpx_005,mpx_001,mpx_001,30,30,0.07377049180327869,1,0.05390242870847855,1,1,1,1
F2,mpx_005,mpx_001,mpx_001,31,31,0.07377049180327869,1,0.05037464818612705,1,1,1,1
F2,mpx_005,mpx_001,mpx_001,32,32,0.07377049180327869,1,0.048740566015775894,1,1,1,1
F2,mpx_005,mpx_001,mpx_001,33,33,0.07377049180327869,1,0.04715438657808271,1,1,1,1
F2,mpx_005,mpx_001,mpx_001,34,34,0.07377049180327869,1,0.04561378606299579,1,1,1,1
F2,mpx_005,mpx_001,mpx_001,35,35,0.07377049180327869,1,0.04411306776696593,1,1,1,1
F2,mpx_005,mpx_002,mpx_002,3,3,0.5828273244781784,1,0.5923219338725408,0,0,0,0
F2,mpx_005,mpx_002,mpx_002,4,4,0.5582010582010583,1,0.5070313918769279,0,0,0,0
F2,mpx_005,mpx_002,mpx_002,5,5,0.5757695343330702,1,0.471936117863538,0,0,0,0
F2,mpx_005,mpx_002,mpx_002,6,6,0.4556597564988483,1,0.4568663835272599,0,0,0,0
F2,mpx_005,mpx_002,mpx_002,7,7,0.4472869360070776,1,0.4325773919647465,0,0,0,0
F2,mpx_005,mpx_002,mpx_002,8,8,0.45437150426847217,1,0.37802268424071184,0,0,0,0
F2,mpx_005,mpx_002,mpx_002,9,9,0.42563853863562884,1,0.3591276551951869,0,0,0,0
F2,mpx_005,mpx_002,mpx_002,10,10,0.3926126126126126,1,0.3387022126674972,0,0,0,0
F2,mpx_005,mpx_002,mpx_002,11,11,0.3585817888799355,1,0.34748233551046226,0,0,0,0
F2,mpx_005,mpx_002,mpx_002,12,12,0.34447916666666667,1,0.3617704302042422,0,0,0,0
F2,mpx_005,mpx_002,mpx_002,13,13,0.29640522875816994,1,0.31596228378015995,0,0,0,0
F2,mpx_005,mpx_002,mpx_002,14,14,0.2627577319587629,1,0.3039895773286037,0,0,0,1
F2,mpx_005,mpx_002,mpx_002,15,15,0.23790322580645162,1,0.2987245589470516,0,0,1,1
F2,mpx_005,mpx_002,mpx_002,16,16,0.2294352363413137,1,0.2753772203706372,0,0,1,1
F2,mpx_005,mpx_002,mpx_002,17,17,0.22189256714553404,1,0.2577281187074535,0,0,1,1
F2,mpx_005,mpx_002,mpx_002,18,18,0.12879362670713201,1,0.22404983136184456,1,1,1,1
F2,mpx_005,mpx_002,mpx_002,19,19,0.1507782101167315,1,0.19997840644464956,1,1,1,1
F2,mpx_005,mpx_002,mpx_002,20,20,0.07680457746478873,1,0.15618578359079152,1,1,1,1
F2,mpx_005,mpx_002,mpx_002,21,21,0.04848628192999054,1,0.1357153088154966,1,1,1,1
F2,mpx_005,mpx_002,mpx_002,22,22,0.031874405328258804,1,0.10626196629742095,1,1,1,1
F2,mpx_005,mpx_002,mpx_002,23,23,0.03125,1,0.09272380763903834,1,1,1,1
F2,mpx_005,mpx_002,mpx_002,24,24,0.03375337533753375,1,0.10462500324801853,1,1,1,1
F2,mpx_005,mpx_002,mpx_002,25,25,0.025257249766136577,1,0.05783206732497429,1,1,1,1
F2,mpx_005,mpx_002,mpx_002,26,26,0.025233644859813085,1,0.04390946943026869,1,1,1,1
F2,mpx_005,mpx_002,mpx_002,27,27,0.0254323499491353,1,0.04402235150714825,1,1,1,1
F2,mpx_005,mpx_002,mpx_002,28,28,0.03976190476190476,1,0.0405791580552971,1,1,1,1
F2,mpx_005,mpx_002,mpx_002,29,29,0.01708984375,1,0.0302339638488443,1,1,1,1
F2,mpx_005,mpx_002,mpx_002,30,30,0.01708984375,1,0.020989628843560256,1,1,1,1
F2,mpx_005,mpx_002,mpx_002,31,31,0.017123287671232876,1,0.01746749806357124,1,1,1,1
F2,mpx_005,mpx_002,mpx_002,32,32,0.017123287671232876,1,0.015756180163886385,1,1,1,1
F2,mpx_005,mpx_002,mpx_002,33,33,0.017123287671232876,1,0.014091895452376064,1,1,1,1
F2,mpx_005,mpx_002,mpx_002,34,34,0.017123287671232876,1,0.01255270326546275,1,1,1,1
F2,mpx_005,mpx_002,mpx_002,35,35,0.017123287671232876,1,0.011059542336123985,1,1,1,1
F2,mpx_005,mpx_002,mpx_002,36,36,0.017123287671232876,1,0.009604480347909412,1,1,1,1
F2,mpx_005,mpx_002,mpx_002,37,37,0.017123287671232876,1,0.008187242983721744,1,1,1,1
F2,mpx_005,mpx_003,mpx_003,3,3,0.5955643707176344,1,0.5847775515352893,0,0,0,0
F2,mpx_005,mpx_003,mpx_003,4,4,0.5693963860053826,1,0.5160527701088731,0,0,0,0
F2,mpx_005,mpx_003,mpx_003,5,5,0.595224171539961,1,0.4718914671283634,0,0,0,0
F2,mpx_005,mpx_003,mpx_003,6,6,0.5647433747064743,1,0.4742605674323982,0,0,0,0
F2,mpx_005,mpx_003,mpx_003,7,7,0.5831946755407654,1,0.4473347554790612,0,0,0,0
F2,mpx_005,mpx_003,mpx_003,8,8,0.5078179291174427,1,0.4183832888414217,0,0,0,0
F2,mpx_005,mpx_003,mpx_003,9,9,0.5019812680115274,1,0.4042341809954365,0,0,0,0
F2,mpx_005,mpx_003,mpx_003,10,10,0.539460020768432,1,0.41446973338740994,0,0,0,0
F2,mpx_005,mpx_003,mpx_003,11,11,0.5115842204132749,1,0.3845172063205313,0,0,0,0
F2,mpx_005,mpx_003,mpx_003,12,12,0.4670428524697416,1,0.3443244538511782,0,0,0,0
F2,mpx_005,mpx_003,mpx_003,13,13,0.42064914376742335,1,0.3365942131180435,0,0,0,0
F2,mpx_005,mpx_003,mpx_003,14,14,0.37399193548387094,1,0.32211837789775927,0,0,0,0
F2,mpx_005,mpx_003,mpx_003,15,15,0.3703125,1,0.299524994192507,0,0,0,0
F2,mpx_005,mpx_003,mpx_003,16,16,0.37266059686393527,1,0.28480149559416157,0,0,0,0
F2,mpx_005,mpx_003,mpx_003,17,17,0.3661631419939577,1,0.29385884198928186,0,0,0,0
F2,mpx_005,mpx_003,mpx_003,18,18,0.2889531345100426,1,0.30776039755752327,0,0,0,0
F2,mpx_005,mpx_003,mpx_003,19,19,0.3002776064157927,1,0.261132748418142,0,0,0,1
F2,mpx_005,mpx_003,mpx_003,20,20,0.3047153024911032,1,0.24639281128670543,0,0,0,1
F2,mpx_005,mpx_003,mpx_003,21,21,0.29255698005698005,1,0.21861921330267478,0,1,1,1
F2,mpx_005,mpx_003,mpx_003,22,22,0.2615881458966565,1,0.21661328006079494,1,1,1,1
F2,mpx_005,mpx_003,mpx_003,23,23,0.182062966031483,1,0.18082120911343996,1,1,1,1
F2,mpx_005,mpx_003,mpx_003,24,24,0.1799913569576491,1,0.1559529381217483,1,1,1,1
F2,mpx_005,mpx_003,mpx_003,25,25,0.14772727272727273,1,0.1224786102313845,1,1,1,1
F2,mpx_005,mpx_003,mpx_003,26,26,0.15691021126760563,1,0.11323328793225992,1,1,1,1
F2,mpx_005,mpx_003,mpx_003,27,27,0.14925373134328357,1,0.09782195642852277,1,1,1,1
F2,mpx_005,mpx_003,mpx_003,28,28,0.11656118143459916,1,0.06764184056831203,1,1,1,1
F2,mpx_005,mpx_003,mpx_003,29,29,0.01066925315227934,1,0.05951064156642149,1,1,1,1
F2,mpx_005,mpx_003,mpx_003,30,30,0.018649669499527857,1,0.03928312656540988,1,1,1,1
F2,mpx_005,mpx_003,mpx_003,31,31,0.011560693641618497,1,0.037753185899755515,1,1,1,1
F2,mpx_005,mpx_003,mpx_003,32,32,0.009471585244267198,1,0.029898335200223485,1,1,1,1
F2,mpx_005,mpx_003,mpx_003,33,33,0.008655804480651732,1,0.02578744612086615,1,1,1,1
F2,mpx_005,mpx_003,mpx_003,34,34,0.008655804480651732,1,0.021891538910821115,1,1,1,1
F2,mpx_005,mpx_003,mpx_003,35,35,0.008655804480651732,1,0.019097845551833074,1,1,1,1
F2,mpx_005,mpx_003,mpx_003,36,36,0.008655804480651732,1,0.017622696541251114,1,1,1,1
F2,mpx_005,mpx_003,mpx_003,37,37,0.008655804480651732,1,0.016182816864620468,1,1,1,1
F2,mpx_005,mpx_003,mpx_003,38,38,0.008655804480651732,1,0.014784540712485325,1,1,1,1
F2,mpx_005,mpx_003,mpx_003,39,39,0.008655804480651732,1,0.013418262630526636,1,1,1,1
F2,mpx_005,mpx_003,mpx_003,40,40,0.008655804480651732,1,0.012081031859183028,1,1,1,1
F2,mpx_005,mpx_003,mpx_003,41,41,0.008655804480651732,1,0.010779180505721206,1,1,1,1
F2,mpx_005,mpx_004,mpx_004,3,3,0.590662776156732,1,0.5876249395800676,0,0,0,0
F2,mpx_005,mpx_004,mpx_004,4,4,0.5101778193729527,1,0.5177405108948324,0,0,0,0
F2,mpx_005,mpx_004,mpx_004,5,5,0.5884559884559885,1,0.5029632758175393,0,0,0,0
F2,mpx_005,mpx_004,mpx_004,6,6,0.5170893906588309,1,0.4597465202665633,0,0,0,0
F2,mpx_005,mpx_004,mpx_004,7,7,0.511353517364203,1,0.4352526940398024,0,0,0,0
F2,mpx_005,mpx_004,mpx_004,8,8,0.49756135934550033,1,0.3982665537942863,0,0,0,0
F2,mpx_005,mpx_004,mpx_004,9,9,0.4259229274611399,1,0.3721327768783388,0,0,0,0
F2,mpx_005,mpx_004,mpx_004,10,10,0.47587038952085486,1,0.3897240260090767,0,0,0,0
F2,mpx_005,mpx_004,mpx_004,11,11,0.3929170159262364,1,0.35250145211496114,0,0,0,0
F2,mpx_005,mpx_004,mpx_004,12,12,0.3393089960886571,1,0.3294375655330798,0,0,0,0
F2,mpx_005,mpx_004,mpx_004,13,13,0.3075191355245385,1,0.3080962448657303,0,0,0,0
F2,mpx_005,mpx_004,mpx_004,14,14,0.26100151745068284,1,0.2705659593697943,0,0,0,0
F2,mpx_005,mpx_004,mpx_004,15,15,0.23688524590163934,1,0.24426794448625955,0,0,0,1
F2,mpx_005,mpx_004,mpx_004,16,16,0.14719140083217752,1,0.27552802759128914,1,1,1,1
F2,mpx_005,mpx_004,mpx_004,17,17,0.12153790087463556,1,0.2346846298787353,1,1,1,1
F2,mpx_005,mpx_004,mpx_004,18,18,0.08132279534109817,1,0.22203627857566682,1,1,1,1
F2,mpx_005,mpx_004,mpx_004,19,19,0.0518783542039356,1,0.1965131262170267,1,1,1,1
F2,mpx_005,mpx_004,mpx_004,20,20,0.03936269915651359,1,0.16721354320053383,1,1,1,1
F2,mpx_005,mpx_004,mpx_004,21,21,0.0413022351797862,1,0.14893345355058693,1,1,1,1
F2,mpx_005,mpx_004,mpx_004,22,22,0.023290386521308225,1,0.13685241222971237,1,1,1,1
F2,mpx_005,mpx_004,mpx_004,23,23,0.024594320486815417,1,0.11811200630118529,1,1,1,1
F2,mpx_005,mpx_004,mpx_004,24,24,0.02447023208879919,1,0.09083670328622934,1,1,1,1
F2,mpx_005,mpx_004,mpx_004,25,25,0.011059371362048894,1,0.08893731426093249,1,1,1,1
F2,mpx_005,mpx_004,mpx_004,26,26,0.007647058823529412,1,0.06579709324124422,1,1,1,1
F2,mpx_005,mpx_004,mpx_004,27,27,0.004146919431279621,1,0.049744024743386635,1,1,1,1
F2,mpx_005,mpx_004,mpx_004,28,28,0.0031605562579013905,1,0.046511346034061846,1,1,1,1
F2,mpx_005,mpx_004,mpx_004,29,29,0.0031645569620253164,1,0.04201849078409875,1,1,1,1
F2,mpx_005,mpx_004,mpx_004,30,30,0.007362784471218206,1,0.04901892695725443,1,1,1,1
F2,mpx_005,mpx_004,mpx_004,31,31,0.007362784471218206,1,0.04366287803801821,1,1,1,1
F2,mpx_005,mpx_004,mpx_004,32,32,0.007362784471218206,1,0.03853009442145046,1,1,1,1
F2,mpx_005,mpx_004,mpx_004,33,33,0.007362784471218206,1,0.03695819468896967,1,1,1,1
F2,mpx_005,mpx_004,mpx_004,34,34,0.007362784471218206,1,0.03542145609905541,1,1,1,1
F2,mpx_005,mpx_004,mpx_004,35,35,0.007362784471218206,1,0.033931772232975485,1,1,1,1
F2,mpx_005,mpx_004,mpx_004,36,36,0.007362784471218206,1,0.03248755043064701,1,1,1,1
F2,mpx_005,mpx_006,mpx_006,3,3,0.5522629310344828,1,0.5962967809261281,0,0,0,0
F2,mpx_005,mpx_006,mpx_006,4,4,0.5293321299638989,1,0.5112092681857752,0,0,0,0
F2,mpx_005,mpx_006,mpx_006,5,5,0.5594879518072289,1,0.46584686886450494,0,0,0,0
F2,mpx_005,mpx_006,mpx_006,6,6,0.527581567440296,1,0.43019290760021317,0,0,0,0
F2,mpx_005,mpx_006,mpx_006,7,7,0.5314994793474488,1,0.44320036143599406,0,0,0,0
F2,mpx_005,mpx_006,mpx_006,8,8,0.4867296045600285,1,0.41492969112659905,0,0,0,0
F2,mpx_005,mpx_006,mpx_006,9,9,0.4996242014280346,1,0.4118036991637789,0,0,0,0
F2,mpx_005,mpx_006,mpx_006,10,10,0.4318103149878851,1,0.3597245524707087,0,0,0,0
F2,mpx_005,mpx_006,mpx_006,11,11,0.4251808501991384,1,0.3545836406795234,0,0,0,0
F2,mpx_005,mpx_006,mpx_006,12,12,0.4153722009279806,1,0.3368384966734787,0,0,0,0
F2,mpx_005,mpx_006,mpx_006,13,13,0.37215391621129323,1,0.3157984576006921,0,0,0,0
F2,mpx_005,mpx_006,mpx_006,14,14,0.3720319920019995,1,0.29235312106744193,0,0,0,0
F2,mpx_005,mpx_006,mpx_006,15,15,0.3666317991631799,1,0.27739664880822085,0,0,0,0
F2,mpx_005,mpx_006,mpx_006,16,16,0.3573565406581452,1,0.2630019725979786,0,0,0,0
F2,mpx_005,mpx_006,mpx_006,17,17,0.3251412429378531,1,0.25995531325986104,0,0,0,0
F2,mpx_005,mpx_006,mpx_006,18,18,0.34622718605284664,1,0.2705958076027996,0,0,0,0
F2,mpx_005,mpx_006,mpx_006,19,19,0.33607860135818524,1,0.2383703662348743,0,0,1,1
F2,mpx_005,mpx_006,mpx_006,20,20,0.31627296587926507,1,0.2132804395245245,0,1,1,1
F2,mpx_005,mpx_006,mpx_006,21,21,0.2681145852836547,1,0.2311908835712781,1,1,1,1
F2,mpx_005,mpx_006,mpx_006,22,22,0.2399835627696733,1,0.21608548744528963,1,1,1,1
F2,mpx_005,mpx_006,mpx_006,23,23,0.24792485801660114,1,0.2157370344654968,1,1,1,1
F2,mpx_005,mpx_006,mpx_006,24,24,0.009059745347698335,1,0.13672668192820867,1,1,1,1
F2,mpx_005,mpx_006,mpx_006,25,25,0.0071499013806706115,1,0.0981245993198324,1,1,1,1
F2,mpx_005,mpx_006,mpx_006,26,26,0.008887614678899083,1,0.12368223798866224,1,1,1,1
F2,mpx_005,mpx_006,mpx_006,27,27,0.009548611111111112,1,0.10873750675130091,1,1,1,1
F2,mpx_005,mpx_006,mpx_006,28,28,0.009548611111111112,1,0.09393995299956143,1,1,1,1
F2,mpx_005,mpx_006,mpx_006,29,29,0.006815703380588877,1,0.07344297128485651,1,1,1,1
F2,mpx_005,mpx_006,mpx_006,30,30,0.006815703380588877,1,0.06146761958296212,1,1,1,1
F2,mpx_005,mpx_006,mpx_006,31,31,0.006815703380588877,1,0.049590041577658894,1,1,1,1
F2,mpx_005,mpx_006,mpx_006,32,32,0.006815703380588877,1,0.04795301781605066,1,1,1,1
F2,mpx_005,mpx_006,mpx_006,33,33,0.006815703380588877,1,0.04636741680931572,1,1,1,1
F2,mpx_005,mpx_006,mpx_006,34,34,0.006815703380588877,1,0.044819983356792714,1,1,1,1
F2,mpx_005,mpx_006,mpx_006,35,35,0.006815703380588877,1,0.04331856895095393,1,1,1,1
F2,mpx_005,mpx_006,mpx_006,36,36,0.006815703380588877,1,0.04185982558546142,1,1,1,1
F2,mpx_005,mpx_007,mpx_007,3,3,0.5713629684055841,1,0.5616150860680182,0,0,0,0
F2,mpx_005,mpx_007,mpx_007,4,4,0.5879883169039796,1,0.5287415671227962,0,0,0,0
F2,mpx_005,mpx_007,mpx_007,5,5,0.5646131339401821,1,0.4832890142311641,0,0,0,0
F2,mpx_005,mpx_007,mpx_007,6,6,0.5452755905511811,1,0.4434725889980155,0,0,0,0
F2,mpx_005,mpx_007,mpx_007,7,7,0.5093905031892275,1,0.41434406835236,0,0,0,0
F2,mpx_005,mpx_007,mpx_007,8,8,0.5081967213114754,1,0.39177503751930265,0,0,0,0
F2,mpx_005,mpx_007,mpx_007,9,9,0.5191801119525847,1,0.37733050946340335,0,0,0,0
F2,mpx_005,mpx_007,mpx_007,10,10,0.41336971350613916,1,0.35782343414150264,0,0,0,0
F2,mpx_005,mpx_007,mpx_007,11,11,0.3713063763608087,1,0.33745858041913296,0,0,0,0
F2,mpx_005,mpx_007,mpx_007,12,12,0.3737157534246575,1,0.3171938233100951,0,0,0,0
F2,mpx_005,mpx_007,mpx_007,13,13,0.3789752650176678,1,0.29900113790826505,0,0,0,0
F2,mpx_005,mpx_007,mpx_007,14,14,0.2511415525114155,1,0.28694214167601184,0,0,0,0
F2,mpx_005,mpx_007,mpx_007,15,15,0.2351413733410271,1,0.2662769995136866,0,0,0,1
F2,mpx_005,mpx_007,mpx_007,16,16,0.2286144578313253,1,0.25548810892090595,0,0,0,1
F2,mpx_005,mpx_007,mpx_007,17,17,0.24084967320261438,1,0.2727918397814525,0,0,0,1
F2,mpx_005,mpx_007,mpx_007,18,18,0.2018970189701897,1,0.23736961472793855,0,1,1,1
F2,mpx_005,mpx_007,mpx_007,19,19,0.15934065934065933,1,0.2250987320300882,1,1,1,1
F2,mpx_005,mpx_007,mpx_007,20,20,0.13500816993464052,1,0.19819424186068496,1,1,1,1
F2,mpx_005,mpx_007,mpx_007,21,21,0.12793132328308207,1,0.1907884699400623,1,1,1,1
F2,mpx_005,mpx_007,mpx_007,22,22,0.05521032504780115,1,0.14807993230020455,1,1,1,1
F2,mpx_005,mpx_007,mpx_007,23,23,0.059591642924976256,1,0.142704886273708,1,1,1,1
F2,mpx_005,mpx_007,mpx_007,24,24,0.049664107485604604,1,0.12416094916787279,1,1,1,1
F2,mpx_005,mpx_007,mpx_007,25,25,0.029572564612326043,1,0.10035046818672747,1,1,1,1
F2,mpx_005,mpx_007,mpx_007,26,26,0.006929637526652452,1,0.07572228789733773,1,1,1,1
F2,mpx_005,mpx_007,mpx_007,27,27,0.0054525627044711015,1,0.06243702491966888,1,1,1,1
F2,mpx_005,mpx_007,mpx_007,28,28,0.005580357142857143,1,0.05973787459668582,1,1,1,1
F2,mpx_005,mpx_007,mpx_007,29,29,0.005861664712778429,1,0.050315182531691635,1,1,1,1
F2,mpx_005,mpx_007,mpx_007,30,30,0.005861664712778429,1,0.04486915793751093,1,1,1,1
F2,mpx_005,mpx_007,mpx_007,31,31,0.005861664712778429,1,0.040972786908821675,1,1,1,1
F2,mpx_005,mpx_007,mpx_007,32,32,0.005861664712778429,1,0.03935642921458938,1,1,1,1
F2,mpx_005,mpx_007,mpx_007,33,33,0.005861664712778429,1,0.037784247584288506,1,1,1,1
F2,mpx_005,mpx_007,mpx_007,34,34,0.005861664712778429,1,0.03625864623995357,1,1,1,1
F2,mpx_005,mpx_007,mpx_007,35,35,0.005861664712778429,1,0.03473821817573087,1,1,1,1
F2,mpx_005,mpx_008,mpx_008,3,3,0.5806645316253003,1,0.6048432044136229,0,0,0,0
F2,mpx_005,mpx_008,mpx_008,4,4,0.5477707006369427,1,0.5390425093711245,0,0,0,0
F2,mpx_005,mpx_008,mpx_008,5,5,0.5409054805401112,1,0.4945125888954367,0,0,0,0
F2,mpx_005,mpx_008,mpx_008,6,6,0.48241539482415396,1,0.4645887203400482,0,0,0,0
F2,mpx_005,mpx_008,mpx_008,7,7,0.5043092018032352,1,0.4467469888667031,0,0,0,0
F2,mpx_005,mpx_008,mpx_008,8,8,0.5109121432568551,1,0.3942053854007069,0,0,0,0
F2,mpx_005,mpx_008,mpx_008,9,9,0.45834842448388263,1,0.3654489790369112,0,0,0,0
F2,mpx_005,mpx_008,mpx_008,10,10,0.44056992875890516,1,0.3567870073920101,0,0,0,0
F2,mpx_005,mpx_008,mpx_008,11,11,0.4366615561517823,1,0.3380312197914577,0,0,0,0
F2,mpx_005,mpx_008,mpx_008,12,12,0.4267362505018065,1,0.32909034802237486,0,0,0,0
F2,mpx_005,mpx_008,mpx_008,13,13,0.38734965635738833,1,0.3181866339605043,0,0,0,0
F2,mpx_005,mpx_008,mpx_008,14,14,0.3309228650137741,1,0.315778205751934,0,0,0,0
F2,mpx_005,mpx_008,mpx_008,15,15,0.33606020942408377,1,0.2665615703557425,0,0,0,0
F2,mpx_005,mpx_008,mpx_008,16,16,0.31599903474903474,1,0.24605568334498687,0,0,0,0
F2,mpx_005,mpx_008,mpx_008,17,17,0.16896758703481393,1,0.2288693611289129,0,0,1,1
F2,mpx_005,mpx_008,mpx_008,18,18,0.16964285714285715,1,0.22208558783082208,0,0,1,1
F2,mpx_005,mpx_008,mpx_008,19,19,0.1518375241779497,1,0.2004683375566671,0,1,1,1
F2,mpx_005,mpx_008,mpx_008,20,20,0.16741935483870968,1,0.19828508493349034,1,1,1,1
F2,mpx_005,mpx_008,mpx_008,21,21,0.16293706293706295,1,0.1830224988182625,1,1,1,1
F2,mpx_005,mpx_008,mpx_008,22,22,0.13515037593984963,1,0.16841386741566344,1,1,1,1
F2,mpx_005,mpx_008,mpx_008,23,23,0.13372093023255813,1,0.1579524186719845,1,1,1,1
F2,mpx_005,mpx_008,mpx_008,24,24,0.08333333333333333,1,0.17710975589684524,1,1,1,1
F2,mpx_005,mpx_008,mpx_008,25,25,0.028110599078341014,1,0.12696700793730606,1,1,1,1
F2,mpx_005,mpx_008,mpx_008,26,26,0.014558232931726908,1,0.10583164695084889,1,1,1,1
F2,mpx_005,mpx_008,mpx_008,27,27,0.018819938962360123,1,0.08220053449482188,1,1,1,1
F2,mpx_005,mpx_008,mpx_008,28,28,0.021538461538461538,1,0.0733164403187633,1,1,1,1
F2,mpx_005,mpx_008,mpx_008,29,29,0.021538461538461538,1,0.06623443007236551,1,1,1,1
F2,mpx_005,mpx_008,mpx_008,30,30,0.021538461538461538,1,0.06057463165793045,1,1,1,1
F2,mpx_005,mpx_008,mpx_008,31,31,0.021538461538461538,1,0.05890343125156844,1,1,1,1
F2,mpx_005,mpx_008,mpx_008,32,32,0.021538461538461538,1,0.057284934366774426,1,1,1,1
F2,mpx_005,mpx_008,mpx_008,33,33,0.021538461538461538,1,0.05571314895906601,1,1,1,1
F2,mpx_005,mpx_008,mpx_008,34,34,0.021538461538461538,1,0.05418606332671702,1,1,1,1
F2,mpx_005,mpx_008,mpx_008,35,35,0.021538461538461538,1,0.052684480748549256,1,1,1,1
F2,mpx_005,mpx_009,mpx_009,3,3,0.6009525588345163,1,0.5993247001274017,0,0,0,0
F2,mpx_005,mpx_009,mpx_009,4,4,0.5832457062740974,1,0.5296637026441675,0,0,0,0
F2,mpx_005,mpx_009,mpx_009,5,5,0.5904588112617309,1,0.5040958426664673,0,0,0,0
F2,mpx_005,mpx_009,mpx_009,6,6,0.5553923263048738,1,0.47951328609243965,0,0,0,0
F2,mpx_005,mpx_009,mpx_009,7,7,0.5278614457831325,1,0.42008913913574425,0,0,0,0
F2,mpx_005,mpx_009,mpx_009,8,8,0.5185741088180112,1,0.4255826336879739,0,0,0,0
F2,mpx_005,mpx_009,mpx_009,9,9,0.4286544850498339,1,0.39494203702337005,0,0,0,0
F2,mpx_005,mpx_009,mpx_009,10,10,0.387208067940552,1,0.3642694864795458,0,0,0,0
F2,mpx_005,mpx_009,mpx_009,11,11,0.36305408702724684,1,0.33529471891478235,0,0,0,0
F2,mpx_005,mpx_009,mpx_009,12,12,0.2995147772386414,1,0.3080683999038736,0,0,0,0
F2,mpx_005,mpx_009,mpx_009,13,13,0.2857637286571297,1,0.28817707057800235,0,0,0,0
F2,mpx_005,mpx_009,mpx_009,14,14,0.275997150997151,1,0.26646266563021365,0,0,0,0
F2,mpx_005,mpx_009,mpx_009,15,15,0.22767100056529113,1,0.25149224384079355,0,0,0,0
F2,mpx_005,mpx_009,mpx_009,16,16,0.22663316582914572,1,0.2393904735077668,0,0,0,0
F2,mpx_005,mpx_009,mpx_009,17,17,0.21324324324324323,1,0.21221710030017726,0,0,1,1
F2,mpx_005,mpx_009,mpx_009,18,18,0.1872391174716756,1,0.1856088291008126,0,1,1,1
F2,mpx_005,mpx_009,mpx_009,19,19,0.1583956492182189,1,0.20076794803001755,1,1,1,1
F2,mpx_005,mpx_009,mpx_009,20,20,0.15264255910987481,1,0.1787848213423464,1,1,1,1
F2,mpx_005,mpx_009,mpx_009,21,21,0.15331010452961671,1,0.1627621037157692,1,1,1,1
F2,mpx_005,mpx_009,mpx_009,22,22,0.13173400673400673,1,0.16864490915211974,1,1,1,1
F2,mpx_005,mpx_009,mpx_009,23,23,0.05953533397870281,1,0.14871763966790685,1,1,1,1
F2,mpx_005,mpx_009,mpx_009,24,24,0.051521099116781155,1,0.12298479485776681,1,1,1,1
F2,mpx_005,mpx_009,mpx_009,25,25,0.030692549842602307,1,0.12590445778756532,1,1,1,1
F2,mpx_005,mpx_009,mpx_009,26,26,0.03054662379421222,1,0.12855965581093518,1,1,1,1
F2,mpx_005,mpx_009,mpx_009,27,27,0.025485436893203883,1,0.1366799291534787,1,1,1,1
F2,mpx_005,mpx_009,mpx_009,28,28,0.029069767441860465,1,0.11295720595320524,1,1,1,1
F2,mpx_005,mpx_009,mpx_009,29,29,0.029069767441860465,1,0.10570507412786945,1,1,1,1
F2,mpx_005,mpx_009,mpx_009,30,30,0.029069767441860465,1,0.09659577699884497,1,1,1,1
F2,mpx_005,mpx_009,mpx_009,31,31,0.029069767441860465,1,0.0947692348939531,1,1,1,1
F2,mpx_005,mpx_009,mpx_009,32,32,0.029069767441860465,1,0.0929861930942886,1,1,1,1
F2,mpx_005,mpx_009,mpx_009,33,33,0.029069767441860465,1,0.09141725008553467,1,1,1,1
F2,mpx_005,mpx_009,mpx_009,34,34,0.029069767441860465,1,0.08989345062451176,1,1,1,1
F2,mpx_005,mpx_009,mpx_009,35,35,0.029069767441860465,1,0.08841204588144844,1,1,1,1
F2,mpx_005,mpx_009,mpx_009,36,36,0.029069767441860465,1,0.08697176175052398,1,1,1,1
F2,mpx_005,mpx_010,mpx_010,3,3,0.552521805081532,1,0.5977553091920506,0,0,0,0
F2,mpx_005,mpx_010,mpx_010,4,4,0.5508203281312525,1,0.521751038440029,0,0,0,0
F2,mpx_005,mpx_010,mpx_010,5,5,0.5225806451612903,1,0.4834253077854648,0,0,0,0
F2,mpx_005,mpx_010,mpx_010,6,6,0.5197324966974901,1,0.47287804920330834,0,0,0,0
F2,mpx_005,mpx_010,mpx_010,7,7,0.44289844597036504,1,0.4165055970371972,0,0,0,0
F2,mpx_005,mpx_010,mpx_010,8,8,0.4455322178711285,1,0.43710910590298324,0,0,0,0
F2,mpx_005,mpx_010,mpx_010,9,9,0.4187617850408548,1,0.40557382501402783,0,0,0,0
F2,mpx_005,mpx_010,mpx_010,10,10,0.37011854951185497,1,0.38883855069190587,0,0,0,0
F2,mpx_005,mpx_010,mpx_010,11,11,0.29808037316110514,1,0.3502125383858347,0,0,0,0
F2,mpx_005,mpx_010,mpx_010,12,12,0.27196485623003197,1,0.3277197530710737,0,0,0,0
F2,mpx_005,mpx_010,mpx_010,13,13,0.2615878843506195,1,0.30860086820529053,0,0,0,0
F2,mpx_005,mpx_010,mpx_010,14,14,0.2495287464655985,1,0.2832566195622618,0,0,0,0
F2,mpx_005,mpx_010,mpx_010,15,15,0.24621212121212122,1,0.26893229360419496,0,0,0,0
F2,mpx_005,mpx_010,mpx_010,16,16,0.18739205526770294,1,0.2538067733587609,0,0,0,0
F2,mpx_005,mpx_010,mpx_010,17,17,0.23773908778813144,1,0.2683361390079804,0,0,0,0
F2,mpx_005,mpx_010,mpx_010,18,18,0.20613079019073569,1,0.24772313236316054,0,0,1,1
F2,mpx_005,mpx_010,mpx_010,19,19,0.17786144578313254,1,0.22946639559894777,0,1,1,1
F2,mpx_005,mpx_010,mpx_010,20,20,0.14017800381436746,1,0.21872324964899106,0,1,1,1
F2,mpx_005,mpx_010,mpx_010,21,21,0.13618677042801555,1,0.19387069289091247,0,1,1,1
F2,mpx_005,mpx_010,mpx_010,22,22,0.13420195439739413,1,0.18049025400156263,0,1,1,1
F2,mpx_005,mpx_010,mpx_010,23,23,0.15037983425414364,1,0.18248173865547748,1,1,1,1
F2,mpx_005,mpx_010,mpx_010,24,24,0.15037983425414364,1,0.16929129081382874,1,1,1,1
F2,mpx_005,mpx_010,mpx_010,25,25,0.14086294416243655,1,0.1592538141261063,1,1,1,1
F2,mpx_005,mpx_010,mpx_010,26,26,0.0668429003021148,1,0.16155165498104318,1,1,1,1
F2,mpx_005,mpx_010,mpx_010,27,27,0.0583969465648855,1,0.1406092392651803,1,1,1,1
F2,mpx_005,mpx_010,mpx_010,28,28,0.041701244813278006,1,0.1479904680677645,1,1,1,1
F2,mpx_005,mpx_010,mpx_010,29,29,0.04515209125475285,1,0.14194748813454486,1,1,1,1
F2,mpx_005,mpx_010,mpx_010,30,30,0.036650485436893206,1,0.12824078546577264,1,1,1,1
F2,mpx_005,mpx_010,mpx_010,31,31,0.009746588693957114,1,0.0650855936631502,1,1,1,1
F2,mpx_005,mpx_010,mpx_010,32,32,0.009606147934678195,1,0.03395467148323775,1,1,1,1
F2,mpx_005,mpx_010,mpx_010,33,33,0.009606147934678195,1,0.009965629219136695,1,1,1,1
F2,mpx_005,mpx_010,mpx_010,34,34,0.009606147934678195,1,0.007274969760562525,1,1,1,1
F2,mpx_005,mpx_010,mpx_010,35,35,0.009606147934678195,1,0.005791673254354427,1,1,1,1
F2,mpx_005,mpx_010,mpx_010,36,36,0.009606147934678195,1,0.004345135688585303,1,1,1,1
F2,mpx_005,mpx_010,mpx_010,37,37,0.009606147934678195,1,0.0029360340774020645,1,1,1,1
F2,mpx_005,mpx_010,mpx_010,38,38,0.009606147934678195,1,0.0015650841239903436,1,1,1,1
F2,mpx_005,mpx_010,mpx_010,39,39,0.009606147934678195,1,0.0002270721076807515,1,1,1,1
F2,mpx_005,mpx_010,mpx_010,40,40,0.009606147934678195,1,0.0,1,1,1,1
F2,mpx_006,mpx_001,mpx_001,3,3,0.6065005620082428,1,0.5881312089005133,0,0,0,0
F2,mpx_006,mpx_001,mpx_001,4,4,0.5217815344603381,1,0.5005056413481388,0,0,0,0
F2,mpx_006,mpx_001,mpx_001,5,5,0.5769379097570382,1,0.4686786186125088,0,0,0,0
F2,mpx_006,mpx_001,mpx_001,6,6,0.5556057866184448,1,0.46002162372183963,0,0,0,0
F2,mpx_006,mpx_001,mpx_001,7,7,0.5194575471698113,1,0.4257786121379117,0,0,0,0
F2,mpx_006,mpx_001,mpx_001,8,8,0.5017568517217147,1,0.424639603703626,0,0,0,0
F2,mpx_006,mpx_001,mpx_001,9,9,0.5049001814882033,1,0.38547920162525845,0,0,0,0
F2,mpx_006,mpx_001,mpx_001,10,10,0.4974719101123595,1,0.3646217930283388,0,0,0,0
F2,mpx_006,mpx_001,mpx_001,11,11,0.4577831827658096,1,0.35777884667755927,0,0,0,0
F2,mpx_006,mpx_001,mpx_001,12,12,0.4615817091454273,1,0.34216137613878006,0,0,0,0
F2,mpx_006,mpx_001,mpx_001,13,13,0.3973174030658251,1,0.3264324722360701,0,0,0,0
F2,mpx_006,mpx_001,mpx_001,14,14,0.3569379238393323,1,0.3018740100966374,0,0,0,0
F2,mpx_006,mpx_001,mpx_001,15,15,0.3658119658119658,1,0.2736486099503758,0,0,0,0
F2,mpx_006,mpx_001,mpx_001,16,16,0.3568019093078759,1,0.26079219401341364,0,0,0,0
F2,mpx_006,mpx_001,mpx_001,17,17,0.3432256059664388,1,0.2580998555582409,0,0,0,0
F2,mpx_006,mpx_001,mpx_001,18,18,0.3432256059664388,1,0.24921207447535654,0,0,0,0
F2,mpx_006,mpx_001,mpx_001,19,19,0.34108412322274884,1,0.2511655038509747,0,0,0,0
F2,mpx_006,mpx_001,mpx_001,20,20,0.2252106286454958,1,0.2108139551054411,0,1,1,1
F2,mpx_006,mpx_001,mpx_001,21,21,0.17652899126290708,1,0.16424769889519142,1,1,1,1
F2,mpx_006,mpx_001,mpx_001,22,22,0.10955518945634267,1,0.1424905921875671,1,1,1,1
F2,mpx_006,mpx_001,mpx_001,23,23,0.12847555129434324,1,0.12099854696987884,1,1,1,1
F2,mpx_006,mpx_001,mpx_001,24,24,0.11339937434827946,1,0.10059004754350785,1,1,1,1
F2,mpx_006,mpx_001,mpx_001,25,25,0.11037934668071654,1,0.0906745600229221,1,1,1,1
F2,mpx_006,mpx_001,mpx_001,26,26,0.10059012875536481,1,0.0891100709541004,1,1,1,1
F2,mpx_006,mpx_001,mpx_001,27,27,0.056598407281001135,1,0.07214100423258604,1,1,1,1
F2,mpx_006,mpx_001,mpx_001,28,28,0.08451086956521739,1,0.07261453971624875,1,1,1,1
F2,mpx_006,mpx_001,mpx_001,29,29,0.07377049180327869,1,0.05879231104867352,1,1,1,1
F2,mpx_006,mpx_001,mpx_001,30,30,0.07377049180327869,1,0.051542572379377205,1,1,1,1
F2,mpx_006,mpx_001,mpx_001,31,31,0.07377049180327869,1,0.04788005287919632,1,1,1,1
F2,mpx_006,mpx_001,mpx_001,32,32,0.07377049180327869,1,0.04621727958881762,1,1,1,1
F2,mpx_006,mpx_001,mpx_001,33,33,0.07377049180327869,1,0.04460325504762486,1,1,1,1
F2,mpx_006,mpx_001,mpx_001,34,34,0.07377049180327869,1,0.0430356132365787,1,1,1,1
F2,mpx_006,mpx_001,mpx_001,35,35,0.07377049180327869,1,0.04150856355475249,1,1,1,1
F2,mpx_006,mpx_002,mpx_002,3,3,0.5828273244781784,1,0.5924742642708877,0,0,0,0
F2,mpx_006,mpx_002,mpx_002,4,4,0.5582010582010583,1,0.5065273618284155,0,0,0,0
F2,mpx_006,mpx_002,mpx_002,5,5,0.5757695343330702,1,0.47043731200410516,0,0,0,0
F2,mpx_006,mpx_002,mpx_002,6,6,0.4556597564988483,1,0.4545536900549386,0,0,0,0
F2,mpx_006,mpx_002,mpx_002,7,7,0.4472869360070776,1,0.43147175536799814,0,0,0,0
F2,mpx_006,mpx_002,mpx_002,8,8,0.45437150426847217,1,0.37557224629831737,0,0,0,0
F2,mpx_006,mpx_002,mpx_002,9,9,0.42563853863562884,1,0.35642715505460587,0,0,0,0
F2,mpx_006,mpx_002,mpx_002,10,10,0.3926126126126126,1,0.33459412296547747,0,0,0,0
F2,mpx_006,mpx_002,mpx_002,11,11,0.3585817888799355,1,0.34252729749283817,0,0,0,0
F2,mpx_006,mpx_002,mpx_002,12,12,0.34447916666666667,1,0.35729835816655414,0,0,0,0
F2,mpx_006,mpx_002,mpx_002,13,13,0.29640522875816994,1,0.31126123036419123,0,0,0,0
F2,mpx_006,mpx_002,mpx_002,14,14,0.2627577319587629,1,0.2977196268550067,0,0,0,1
F2,mpx_006,mpx_002,mpx_002,15,15,0.23790322580645162,1,0.29325432712009325,0,0,1,1
F2,mpx_006,mpx_002,mpx_002,16,16,0.2294352363413137,1,0.270026172136878,0,0,1,1
F2,mpx_006,mpx_002,mpx_002,17,17,0.22189256714553404,1,0.2525938286289706,0,0,1,1
F2,mpx_006,mpx_002,mpx_002,18,18,0.12879362670713201,1,0.2211627041855418,1,1,1,1
F2,mpx_006,mpx_002,mpx_002,19,19,0.1507782101167315,1,0.19891637855115687,1,1,1,1
F2,mpx_006,mpx_002,mpx_002,20,20,0.07680457746478873,1,0.15283144823702913,1,1,1,1
F2,mpx_006,mpx_002,mpx_002,21,21,0.04848628192999054,1,0.13195084572816107,1,1,1,1
F2,mpx_006,mpx_002,mpx_002,22,22,0.031874405328258804,1,0.10275832596680819,1,1,1,1
F2,mpx_006,mpx_002,mpx_002,23,23,0.03125,1,0.08925858564345084,1,1,1,1
F2,mpx_006,mpx_002,mpx_002,24,24,0.03375337533753375,1,0.1026960261882072,1,1,1,1
F2,mpx_006,mpx_002,mpx_002,25,25,0.025257249766136577,1,0.05586911957556542,1,1,1,1
F2,mpx_006,mpx_002,mpx_002,26,26,0.025233644859813085,1,0.04124372311774123,1,1,1,1
F2,mpx_006,mpx_002,mpx_002,27,27,0.0254323499491353,1,0.0416291386784895,1,1,1,1
F2,mpx_006,mpx_002,mpx_002,28,28,0.03976190476190476,1,0.038583301595988245,1,1,1,1
F2,mpx_006,mpx_002,mpx_002,29,29,0.01708984375,1,0.027627762720888842,1,1,1,1
F2,mpx_006,mpx_002,mpx_002,30,30,0.01708984375,1,0.0178939331904851,1,1,1,1
F2,mpx_006,mpx_002,mpx_002,31,31,0.017123287671232876,1,0.01432120719856183,1,1,1,1
F2,mpx_006,mpx_002,mpx_002,32,32,0.017123287671232876,1,0.012584687494066028,1,1,1,1
F2,mpx_006,mpx_002,mpx_002,33,33,0.017123287671232876,1,0.010895781609884435,1,1,1,1
F2,mpx_006,mpx_002,mpx_002,34,34,0.017123287671232876,1,0.00933755430322971,1,1,1,1
F2,mpx_006,mpx_002,mpx_002,35,35,0.017123287671232876,1,0.007825927953320592,1,1,1,1
F2,mpx_006,mpx_002,mpx_002,36,36,0.017123287671232876,1,0.006352870483201704,1,1,1,1
F2,mpx_006,mpx_002,mpx_002,37,37,0.017123287671232876,1,0.004918104807009986,1,1,1,1
F2,mpx_006,mpx_003,mpx_003,3,3,0.5955643707176344,1,0.5855931647463347,0,0,0,0
F2,mpx_006,mpx_003,mpx_003,4,4,0.5693963860053826,1,0.5149623829071108,0,0,0,0
F2,mpx_006,mpx_003,mpx_003,5,5,0.595224171539961,1,0.4703207970185159,0,0,0,0
F2,mpx_006,mpx_003,mpx_003,6,6,0.5647433747064743,1,0.4717643725835494,0,0,0,0
F2,mpx_006,mpx_003,mpx_003,7,7,0.5831946755407654,1,0.44512959851198497,0,0,0,0
F2,mpx_006,mpx_003,mpx_003,8,8,0.5078179291174427,1,0.41564473196379254,0,0,0,0
F2,mpx_006,mpx_003,mpx_003,9,9,0.5019812680115274,1,0.40041751394331526,0,0,0,0
F2,mpx_006,mpx_003,mpx_003,10,10,0.539460020768432,1,0.41008231990864086,0,0,0,0
F2,mpx_006,mpx_003,mpx_003,11,11,0.5115842204132749,1,0.3830041339789946,0,0,0,0
F2,mpx_006,mpx_003,mpx_003,12,12,0.4670428524697416,1,0.3415120497999743,0,0,0,0
F2,mpx_006,mpx_003,mpx_003,13,13,0.42064914376742335,1,0.33128793432630965,0,0,0,0
F2,mpx_006,mpx_003,mpx_003,14,14,0.37399193548387094,1,0.31637604459368346,0,0,0,0
F2,mpx_006,mpx_003,mpx_003,15,15,0.3703125,1,0.29454284113048596,0,0,0,0
F2,mpx_006,mpx_003,mpx_003,16,16,0.37266059686393527,1,0.27975856452754866,0,0,0,0
F2,mpx_006,mpx_003,mpx_003,17,17,0.3661631419939577,1,0.2886222197248603,0,0,0,0
F2,mpx_006,mpx_003,mpx_003,18,18,0.2889531345100426,1,0.30210020945055066,0,0,0,0
F2,mpx_006,mpx_003,mpx_003,19,19,0.3002776064157927,1,0.25722354248804186,0,0,0,1
F2,mpx_006,mpx_003,mpx_003,20,20,0.3047153024911032,1,0.24212617072205106,0,0,0,1
F2,mpx_006,mpx_003,mpx_003,21,21,0.29255698005698005,1,0.21390254072041148,0,1,1,1
F2,mpx_006,mpx_003,mpx_003,22,22,0.2615881458966565,1,0.2144038239632151,1,1,1,1
F2,mpx_006,mpx_003,mpx_003,23,23,0.182062966031483,1,0.17701692294576465,1,1,1,1
F2,mpx_006,mpx_003,mpx_003,24,24,0.1799913569576491,1,0.1530163131014025,1,1,1,1
F2,mpx_006,mpx_003,mpx_003,25,25,0.14772727272727273,1,0.11894108877263813,1,1,1,1
F2,mpx_006,mpx_003,mpx_003,26,26,0.15691021126760563,1,0.10966570127229353,1,1,1,1
F2,mpx_006,mpx_003,mpx_003,27,27,0.14925373134328357,1,0.0941051889998627,1,1,1,1
F2,mpx_006,mpx_003,mpx_003,28,28,0.11656118143459916,1,0.06506470886474483,1,1,1,1
F2,mpx_006,mpx_003,mpx_003,29,29,0.01066925315227934,1,0.05753697084910137,1,1,1,1
F2,mpx_006,mpx_003,mpx_003,30,30,0.018649669499527857,1,0.037454415581682984,1,1,1,1
F2,mpx_006,mpx_003,mpx_003,31,31,0.011560693641618497,1,0.035320844697274985,1,1,1,1
F2,mpx_006,mpx_003,mpx_003,32,32,0.009471585244267198,1,0.028416205032235825,1,1,1,1
F2,mpx_006,mpx_003,mpx_003,33,33,0.008655804480651732,1,0.02375456348206917,1,1,1,1
F2,mpx_006,mpx_003,mpx_003,34,34,0.008655804480651732,1,0.019697709224119023,1,1,1,1
F2,mpx_006,mpx_003,mpx_003,35,35,0.008655804480651732,1,0.016803559483108306,1,1,1,1
F2,mpx_006,mpx_003,mpx_003,36,36,0.008655804480651732,1,0.0153006176057543,1,1,1,1
F2,mpx_006,mpx_003,mpx_003,37,37,0.008655804480651732,1,0.013833630462898764,1,1,1,1
F2,mpx_006,mpx_003,mpx_003,38,38,0.008655804480651732,1,0.012409017133891479,1,1,1,1
F2,mpx_006,mpx_003,mpx_003,39,39,0.008655804480651732,1,0.01101702210037182,1,1,1,1
F2,mpx_006,mpx_003,mpx_003,40,40,0.008655804480651732,1,0.009654643527503181,1,1,1,1
F2,mpx_006,mpx_003,mpx_003,41,41,0.008655804480651732,1,0.008328300227600848,1,1,1,1
F2,mpx_006,mpx_004,mpx_004,3,3,0.590662776156732,1,0.5881077033435288,0,0,0,0
F2,mpx_006,mpx_004,mpx_004,4,4,0.5101778193729527,1,0.5157747634023243,0,0,0,0
F2,mpx_006,mpx_004,mpx_004,5,5,0.5884559884559885,1,0.5022168284706529,0,0,0,0
F2,mpx_006,mpx_004,mpx_004,6,6,0.5170893906588309,1,0.45747159113593944,0,0,0,0
F2,mpx_006,mpx_004,mpx_004,7,7,0.511353517364203,1,0.43308488349166885,0,0,0,0
F2,mpx_006,mpx_004,mpx_004,8,8,0.49756135934550033,1,0.39534404234043186,0,0,0,0
F2,mpx_006,mpx_004,mpx_004,9,9,0.4259229274611399,1,0.3699031640766392,0,0,0,0
F2,mpx_006,mpx_004,mpx_004,10,10,0.47587038952085486,1,0.38767856335583284,0,0,0,0
F2,mpx_006,mpx_004,mpx_004,11,11,0.3929170159262364,1,0.3496556125705205,0,0,0,0
F2,mpx_006,mpx_004,mpx_004,12,12,0.3393089960886571,1,0.3261310916968051,0,0,0,0
F2,mpx_006,mpx_004,mpx_004,13,13,0.3075191355245385,1,0.3061644228989493,0,0,0,0
F2,mpx_006,mpx_004,mpx_004,14,14,0.26100151745068284,1,0.26869468986506506,0,0,0,0
F2,mpx_006,mpx_004,mpx_004,15,15,0.23688524590163934,1,0.2421260631744478,0,0,0,1
F2,mpx_006,mpx_004,mpx_004,16,16,0.14719140083217752,1,0.2727452229213531,1,1,1,1
F2,mpx_006,mpx_004,mpx_004,17,17,0.12153790087463556,1,0.23058748890948236,1,1,1,1
F2,mpx_006,mpx_004,mpx_004,18,18,0.08132279534109817,1,0.2181568210260222,1,1,1,1
F2,mpx_006,mpx_004,mpx_004,19,19,0.0518783542039356,1,0.1940076267049773,1,1,1,1
F2,mpx_006,mpx_004,mpx_004,20,20,0.03936269915651359,1,0.164971694860728,1,1,1,1
F2,mpx_006,mpx_004,mpx_004,21,21,0.0413022351797862,1,0.145764100967304,1,1,1,1
F2,mpx_006,mpx_004,mpx_004,22,22,0.023290386521308225,1,0.13449410842298384,1,1,1,1
F2,mpx_006,mpx_004,mpx_004,23,23,0.024594320486815417,1,0.11789663471380524,1,1,1,1
F2,mpx_006,mpx_004,mpx_004,24,24,0.02447023208879919,1,0.08954327480809608,1,1,1,1
F2,mpx_006,mpx_004,mpx_004,25,25,0.011059371362048894,1,0.08636317052555302,1,1,1,1
F2,mpx_006,mpx_004,mpx_004,26,26,0.007647058823529412,1,0.06314440542314499,1,1,1,1
F2,mpx_006,mpx_004,mpx_004,27,27,0.004146919431279621,1,0.04738737884403725,1,1,1,1
F2,mpx_006,mpx_004,mpx_004,28,28,0.0031605562579013905,1,0.04402346048834379,1,1,1,1
F2,mpx_006,mpx_004,mpx_004,29,29,0.0031645569620253164,1,0.039392505734750734,1,1,1,1
F2,mpx_006,mpx_004,mpx_004,30,30,0.007362784471218206,1,0.04594229441049558,1,1,1,1
F2,mpx_006,mpx_004,mpx_004,31,31,0.007362784471218206,1,0.04034846128959275,1,1,1,1
F2,mpx_006,mpx_004,mpx_004,32,32,0.007362784471218206,1,0.03498870397675316,1,1,1,1
F2,mpx_006,mpx_004,mpx_004,33,33,0.007362784471218206,1,0.03339796538797837,1,1,1,1
F2,mpx_006,mpx_004,mpx_004,34,34,0.007362784471218206,1,0.03184279761498485,1,1,1,1
F2,mpx_006,mpx_004,mpx_004,35,35,0.007362784471218206,1,0.030335251341777277,1,1,1,1
F2,mpx_006,mpx_004,mpx_004,36,36,0.007362784471218206,1,0.02887371571575847,1,1,1,1
F2,mpx_006,mpx_005,mpx_005,3,3,0.5628006872852234,1,0.5942692704149204,0,0,0,0
F2,mpx_006,mpx_005,mpx_005,4,4,0.5604651162790698,1,0.5101089433705864,0,0,0,0
F2,mpx_006,mpx_005,mpx_005,5,5,0.5696737817156665,1,0.47565462203670433,0,0,0,0
F2,mpx_006,mpx_005,mpx_005,6,6,0.5792553191489361,1,0.4616540079362323,0,0,0,0
F2,mpx_006,mpx_005,mpx_005,7,7,0.5131138392857143,1,0.419195396710638,0,0,0,0
F2,mpx_006,mpx_005,mpx_005,8,8,0.5186228197674418,1,0.4199778235015609,0,0,0,0
F2,mpx_006,mpx_005,mpx_005,9,9,0.4543335635359116,1,0.375779391356102,0,0,0,0
F2,mpx_006,mpx_005,mpx_005,10,10,0.40365448504983387,1,0.364639182582916,0,0,0,0
F2,mpx_006,mpx_005,mpx_005,11,11,0.3359228753275927,1,0.32850669072988775,0,0,0,0
F2,mpx_006,mpx_005,mpx_005,12,12,0.3365584685809405,1,0.3080762960856076,0,0,0,0
F2,mpx_006,mpx_005,mpx_005,13,13,0.30169753086419754,1,0.26179770462989543,0,0,0,0
F2,mpx_006,mpx_005,mpx_005,14,14,0.2949571836346337,1,0.23607809025015092,0,0,0,1
F2,mpx_006,mpx_005,mpx_005,15,15,0.26784702549575073,1,0.2200673108546152,0,0,1,1
F2,mpx_006,mpx_005,mpx_005,16,16,0.18384714193962748,1,0.19711401872856993,0,1,1,1
F2,mpx_006,mpx_005,mpx_005,17,17,0.18648208469055375,1,0.18182020505865173,0,1,1,1
F2,mpx_006,mpx_005,mpx_005,18,18,0.15840118430792005,1,0.18742539475389183,1,1,1,1
F2,mpx_006,mpx_005,mpx_005,19,19,0.1282642089093702,1,0.19941512473265158,1,1,1,1
F2,mpx_006,mpx_005,mpx_005,20,20,0.10203252032520325,1,0.17879469150679653,1,1,1,1
F2,mpx_006,mpx_005,mpx_005,21,21,0.05615640599001664,1,0.14931699474069562,1,1,1,1
F2,mpx_006,mpx_005,mpx_005,22,22,0.05211864406779661,1,0.11875600172622236,1,1,1,1
F2,mpx_006,mpx_005,mpx_005,23,23,0.04287003610108303,1,0.09366886183361874,1,1,1,1
F2,mpx_006,mpx_005,mpx_005,24,24,0.04406307977736549,1,0.08400762373647386,1,1,1,1
F2,mpx_006,mpx_005,mpx_005,25,25,0.048676748582230624,1,0.0755904075884511,1,1,1,1
F2,mpx_006,mpx_005,mpx_005,26,26,0.04398826979472141,1,0.06559169349136487,1,1,1,1
F2,mpx_006,mpx_005,mpx_005,27,27,0.0006234413965087282,1,0.12254114154923296,1,1,1,1
F2,mpx_006,mpx_005,mpx_005,28,28,0.0006234413965087282,1,0.0924861037201681,1,1,1,1
F2,mpx_006,mpx_005,mpx_005,29,29,0.0006234413965087282,1,0.06339059951027379,1,1,1,1
F2,mpx_006,mpx_005,mpx_005,30,30,0.0006234413965087282,1,0.061657254057930266,1,1,1,1
F2,mpx_006,mpx_005,mpx_005,31,31,0.0006234413965087282,1,0.05997672672141077,1,1,1,1
F2,mpx_006,mpx_005,mpx_005,32,32,0.0006234413965087282,1,0.058346199821564,1,1,1,1
F2,mpx_006,mpx_005,mpx_005,33,33,0.0006234413965087282,1,0.05676528887503576,1,1,1,1
F2,mpx_006,mpx_005,mpx_005,34,34,0.0006234413965087282,1,0.05523018784970493,1,1,1,1
F2,mpx_006,mpx_007,mpx_007,3,3,0.5713629684055841,1,0.5602719528608185,0,0,0,0
F2,mpx_006,mpx_007,mpx_007,4,4,0.5879883169039796,1,0.5262389410538001,0,0,0,0
F2,mpx_006,mpx_007,mpx_007,5,5,0.5646131339401821,1,0.48112672114620086,0,0,0,0
F2,mpx_006,mpx_007,mpx_007,6,6,0.5452755905511811,1,0.442346555659308,0,0,0,0
F2,mpx_006,mpx_007,mpx_007,7,7,0.5093905031892275,1,0.4117091778908837,0,0,0,0
F2,mpx_006,mpx_007,mpx_007,8,8,0.5081967213114754,1,0.3881399877907237,0,0,0,0
F2,mpx_006,mpx_007,mpx_007,9,9,0.5191801119525847,1,0.37481339542753905,0,0,0,0
F2,mpx_006,mpx_007,mpx_007,10,10,0.41336971350613916,1,0.3557168011972648,0,0,0,0
F2,mpx_006,mpx_007,mpx_007,11,11,0.3713063763608087,1,0.33357434400615577,0,0,0,0
F2,mpx_006,mpx_007,mpx_007,12,12,0.3737157534246575,1,0.3131275668535863,0,0,0,0
F2,mpx_006,mpx_007,mpx_007,13,13,0.3789752650176678,1,0.29468928214417156,0,0,0,0
F2,mpx_006,mpx_007,mpx_007,14,14,0.2511415525114155,1,0.2824087060825157,0,0,0,0
F2,mpx_006,mpx_007,mpx_007,15,15,0.2351413733410271,1,0.260892689518859,0,0,0,1
F2,mpx_006,mpx_007,mpx_007,16,16,0.2286144578313253,1,0.2499041111933183,0,0,0,1
F2,mpx_006,mpx_007,mpx_007,17,17,0.24084967320261438,1,0.26780221104228735,0,0,0,1
F2,mpx_006,mpx_007,mpx_007,18,18,0.2018970189701897,1,0.2335792369605617,0,1,1,1
F2,mpx_006,mpx_007,mpx_007,19,19,0.15934065934065933,1,0.2209956299551184,1,1,1,1
F2,mpx_006,mpx_007,mpx_007,20,20,0.13500816993464052,1,0.19596202711539668,1,1,1,1
F2,mpx_006,mpx_007,mpx_007,21,21,0.12793132328308207,1,0.1875512138968008,1,1,1,1
F2,mpx_006,mpx_007,mpx_007,22,22,0.05521032504780115,1,0.1444152349841698,1,1,1,1
F2,mpx_006,mpx_007,mpx_007,23,23,0.059591642924976256,1,0.14081588972931042,1,1,1,1
F2,mpx_006,mpx_007,mpx_007,24,24,0.049664107485604604,1,0.12147755811217766,1,1,1,1
F2,mpx_006,mpx_007,mpx_007,25,25,0.029572564612326043,1,0.09770602527592044,1,1,1,1
F2,mpx_006,mpx_007,mpx_007,26,26,0.006929637526652452,1,0.07372905127235752,1,1,1,1
F2,mpx_006,mpx_007,mpx_007,27,27,0.0054525627044711015,1,0.06027728177863416,1,1,1,1
F2,mpx_006,mpx_007,mpx_007,28,28,0.005580357142857143,1,0.05751782469666456,1,1,1,1
F2,mpx_006,mpx_007,mpx_007,29,29,0.005861664712778429,1,0.048003792762705444,1,1,1,1
F2,mpx_006,mpx_007,mpx_007,30,30,0.005861664712778429,1,0.04228106810257925,1,1,1,1
F2,mpx_006,mpx_007,mpx_007,31,31,0.005861664712778429,1,0.038209775053798675,1,1,1,1
F2,mpx_006,mpx_007,mpx_007,32,32,0.005861664712778429,1,0.03657280927626748,1,1,1,1
F2,mpx_006,mpx_007,mpx_007,33,33,0.005861664712778429,1,0.03498057477360485,1,1,1,1
F2,mpx_006,mpx_007,mpx_007,34,34,0.005861664712778429,1,0.033435514165964644,1,1,1,1
F2,mpx_006,mpx_007,mpx_007,35,35,0.005861664712778429,1,0.031895636759227894,1,1,1,1
F2,mpx_006,mpx_008,mpx_008,3,3,0.5806645316253003,1,0.6045264935505412,0,0,0,0
F2,mpx_006,mpx_008,mpx_008,4,4,0.5477707006369427,1,0.5366263265918294,0,0,0,0
F2,mpx_006,mpx_008,mpx_008,5,5,0.5409054805401112,1,0.49163260058000785,0,0,0,0
F2,mpx_006,mpx_008,mpx_008,6,6,0.48241539482415396,1,0.46258244244270136,0,0,0,0
F2,mpx_006,mpx_008,mpx_008,7,7,0.5043092018032352,1,0.44477553312175244,0,0,0,0
F2,mpx_006,mpx_008,mpx_008,8,8,0.5109121432568551,1,0.3925130875357859,0,0,0,0
F2,mpx_006,mpx_008,mpx_008,9,9,0.45834842448388263,1,0.3624865264239591,0,0,0,0
F2,mpx_006,mpx_008,mpx_008,10,10,0.44056992875890516,1,0.35346508130035564,0,0,0,0
F2,mpx_006,mpx_008,mpx_008,11,11,0.4366615561517823,1,0.3341378560759257,0,0,0,0
F2,mpx_006,mpx_008,mpx_008,12,12,0.4267362505018065,1,0.325170732802909,0,0,0,0
F2,mpx_006,mpx_008,mpx_008,13,13,0.38734965635738833,1,0.31526449734850265,0,0,0,0
F2,mpx_006,mpx_008,mpx_008,14,14,0.3309228650137741,1,0.3119492337859471,0,0,0,0
F2,mpx_006,mpx_008,mpx_008,15,15,0.33606020942408377,1,0.26375406789446465,0,0,0,0
F2,mpx_006,mpx_008,mpx_008,16,16,0.31599903474903474,1,0.2427562711330879,0,0,0,0
F2,mpx_006,mpx_008,mpx_008,17,17,0.16896758703481393,1,0.22558804095028506,0,0,1,1
F2,mpx_006,mpx_008,mpx_008,18,18,0.16964285714285715,1,0.21749252080645784,0,0,1,1
F2,mpx_006,mpx_008,mpx_008,19,19,0.1518375241779497,1,0.19535421603066738,0,1,1,1
F2,mpx_006,mpx_008,mpx_008,20,20,0.16741935483870968,1,0.1942044323343021,1,1,1,1
F2,mpx_006,mpx_008,mpx_008,21,21,0.16293706293706295,1,0.17908161684309779,1,1,1,1
F2,mpx_006,mpx_008,mpx_008,22,22,0.13515037593984963,1,0.16447038152633772,1,1,1,1
F2,mpx_006,mpx_008,mpx_008,23,23,0.13372093023255813,1,0.15378838519173596,1,1,1,1
F2,mpx_006,mpx_008,mpx_008,24,24,0.08333333333333333,1,0.17175773485333087,1,1,1,1
F2,mpx_006,mpx_008,mpx_008,25,25,0.028110599078341014,1,0.12302038917672783,1,1,1,1
F2,mpx_006,mpx_008,mpx_008,26,26,0.014558232931726908,1,0.10111203784207554,1,1,1,1
F2,mpx_006,mpx_008,mpx_008,27,27,0.018819938962360123,1,0.0777426374735467,1,1,1,1
F2,mpx_006,mpx_008,mpx_008,28,28,0.021538461538461538,1,0.06920154632974565,1,1,1,1
F2,mpx_006,mpx_008,mpx_008,29,29,0.021538461538461538,1,0.06179808256984589,1,1,1,1
F2,mpx_006,mpx_008,mpx_008,30,30,0.021538461538461538,1,0.05589391627632445,1,1,1,1
F2,mpx_006,mpx_008,mpx_008,31,31,0.021538461538461538,1,0.05419911374678546,1,1,1,1
F2,mpx_006,mpx_008,mpx_008,32,32,0.021538461538461538,1,0.05255775901260007,1,1,1,1
F2,mpx_006,mpx_008,mpx_008,33,33,0.021538461538461538,1,0.05096377502180216,1,1,1,1
F2,mpx_006,mpx_008,mpx_008,34,34,0.021538461538461538,1,0.049415121796743594,1,1,1,1
F2,mpx_006,mpx_008,mpx_008,35,35,0.021538461538461538,1,0.047892329189709676,1,1,1,1
F2,mpx_006,mpx_009,mpx_009,3,3,0.6009525588345163,1,0.599813436076313,0,0,0,0
F2,mpx_006,mpx_009,mpx_009,4,4,0.5832457062740974,1,0.5285124527979743,0,0,0,0
F2,mpx_006,mpx_009,mpx_009,5,5,0.5904588112617309,1,0.5027974110390782,0,0,0,0
F2,mpx_006,mpx_009,mpx_009,6,6,0.5553923263048738,1,0.4756104620531096,0,0,0,0
F2,mpx_006,mpx_009,mpx_009,7,7,0.5278614457831325,1,0.41876552245799914,0,0,0,0
F2,mpx_006,mpx_009,mpx_009,8,8,0.5185741088180112,1,0.42186613599617423,0,0,0,0
F2,mpx_006,mpx_009,mpx_009,9,9,0.4286544850498339,1,0.39259007616076674,0,0,0,0
F2,mpx_006,mpx_009,mpx_009,10,10,0.387208067940552,1,0.36145239444595456,0,0,0,0
F2,mpx_006,mpx_009,mpx_009,11,11,0.36305408702724684,1,0.33235920913145145,0,0,0,0
F2,mpx_006,mpx_009,mpx_009,12,12,0.2995147772386414,1,0.305946563777587,0,0,0,0
F2,mpx_006,mpx_009,mpx_009,13,13,0.2857637286571297,1,0.28536998437339134,0,0,0,0
F2,mpx_006,mpx_009,mpx_009,14,14,0.275997150997151,1,0.2635614320725113,0,0,0,0
F2,mpx_006,mpx_009,mpx_009,15,15,0.22767100056529113,1,0.24803544193365706,0,0,0,0
F2,mpx_006,mpx_009,mpx_009,16,16,0.22663316582914572,1,0.23701257827701816,0,0,0,0
F2,mpx_006,mpx_009,mpx_009,17,17,0.21324324324324323,1,0.2101844945826187,0,0,1,1
F2,mpx_006,mpx_009,mpx_009,18,18,0.1872391174716756,1,0.18236688782019547,0,1,1,1
F2,mpx_006,mpx_009,mpx_009,19,19,0.1583956492182189,1,0.19775659994464614,1,1,1,1
F2,mpx_006,mpx_009,mpx_009,20,20,0.15264255910987481,1,0.17575037943792865,1,1,1,1
F2,mpx_006,mpx_009,mpx_009,21,21,0.15331010452961671,1,0.15931059839961162,1,1,1,1
F2,mpx_006,mpx_009,mpx_009,22,22,0.13173400673400673,1,0.16821138423305265,1,1,1,1
F2,mpx_006,mpx_009,mpx_009,23,23,0.05953533397870281,1,0.14674962980629047,1,1,1,1
F2,mpx_006,mpx_009,mpx_009,24,24,0.051521099116781155,1,0.12002892887023994,1,1,1,1
F2,mpx_006,mpx_009,mpx_009,25,25,0.030692549842602307,1,0.12288497663585321,1,1,1,1
F2,mpx_006,mpx_009,mpx_009,26,26,0.03054662379421222,1,0.1251898089301888,1,1,1,1
F2,mpx_006,mpx_009,mpx_009,27,27,0.025485436893203883,1,0.1323405427140118,1,1,1,1
F2,mpx_006,mpx_009,mpx_009,28,28,0.029069767441860465,1,0.1092372907904103,1,1,1,1
F2,mpx_006,mpx_009,mpx_009,29,29,0.029069767441860465,1,0.10159835837290895,1,1,1,1
F2,mpx_006,mpx_009,mpx_009,30,30,0.029069767441860465,1,0.09184334402328906,1,1,1,1
F2,mpx_006,mpx_009,mpx_009,31,31,0.029069767441860465,1,0.08998346250300707,1,1,1,1
F2,mpx_006,mpx_009,mpx_009,32,32,0.029069767441860465,1,0.08816765832059459,1,1,1,1
F2,mpx_006,mpx_009,mpx_009,33,33,0.029069767441860465,1,0.08657766284837029,1,1,1,1
F2,mpx_006,mpx_009,mpx_009,34,34,0.029069767441860465,1,0.08503341549038854,1,1,1,1
F2,mpx_006,mpx_009,mpx_009,35,35,0.029069767441860465,1,0.08353213050958302,1,1,1,1
F2,mpx_006,mpx_009,mpx_009,36,36,0.029069767441860465,1,0.08207251754705358,1,1,1,1
F2,mpx_006,mpx_010,mpx_010,3,3,0.552521805081532,1,0.5981859527243844,0,0,0,0
F2,mpx_006,mpx_010,mpx_010,4,4,0.5508203281312525,1,0.520187908539625,0,0,0,0
F2,mpx_006,mpx_010,mpx_010,5,5,0.5225806451612903,1,0.48134245709234114,0,0,0,0
F2,mpx_006,mpx_010,mpx_010,6,6,0.5197324966974901,1,0.47062034532728786,0,0,0,0
F2,mpx_006,mpx_010,mpx_010,7,7,0.44289844597036504,1,0.41385533801040497,0,0,0,0
F2,mpx_006,mpx_010,mpx_010,8,8,0.4455322178711285,1,0.43329786473158466,0,0,0,0
F2,mpx_006,mpx_010,mpx_010,9,9,0.4187617850408548,1,0.402864513663837,0,0,0,0
F2,mpx_006,mpx_010,mpx_010,10,10,0.37011854951185497,1,0.38552916914637403,0,0,0,0
F2,mpx_006,mpx_010,mpx_010,11,11,0.29808037316110514,1,0.34835457337203224,0,0,0,0
F2,mpx_006,mpx_010,mpx_010,12,12,0.27196485623003197,1,0.3247502703684207,0,0,0,0
F2,mpx_006,mpx_010,mpx_010,13,13,0.2615878843506195,1,0.3044734620685815,0,0,0,0
F2,mpx_006,mpx_010,mpx_010,14,14,0.2495287464655985,1,0.27913020448380615,0,0,0,0
F2,mpx_006,mpx_010,mpx_010,15,15,0.24621212121212122,1,0.26455155732527513,0,0,0,0
F2,mpx_006,mpx_010,mpx_010,16,16,0.18739205526770294,1,0.24841419421146366,0,0,0,0
F2,mpx_006,mpx_010,mpx_010,17,17,0.23773908778813144,1,0.2650969060999945,0,0,0,0
F2,mpx_006,mpx_010,mpx_010,18,18,0.20613079019073569,1,0.2443349020093499,0,0,1,1
F2,mpx_006,mpx_010,mpx_010,19,19,0.17786144578313254,1,0.22469495562111713,0,1,1,1
F2,mpx_006,mpx_010,mpx_010,20,20,0.14017800381436746,1,0.21376277733566285,0,1,1,1
F2,mpx_006,mpx_010,mpx_010,21,21,0.13618677042801555,1,0.18995917056808298,0,1,1,1
F2,mpx_006,mpx_010,mpx_010,22,22,0.13420195439739413,1,0.17564628150965966,0,1,1,1
F2,mpx_006,mpx_010,mpx_010,23,23,0.15037983425414364,1,0.17863067000373672,1,1,1,1
F2,mpx_006,mpx_010,mpx_010,24,24,0.15037983425414364,1,0.16481978353468138,1,1,1,1
F2,mpx_006,mpx_010,mpx_010,25,25,0.14086294416243655,1,0.15419639109783748,1,1,1,1
F2,mpx_006,mpx_010,mpx_010,26,26,0.0668429003021148,1,0.15715432385252914,1,1,1,1
F2,mpx_006,mpx_010,mpx_010,27,27,0.0583969465648855,1,0.13578897634890605,1,1,1,1
F2,mpx_006,mpx_010,mpx_010,28,28,0.041701244813278006,1,0.14374289084560377,1,1,1,1
F2,mpx_006,mpx_010,mpx_010,29,29,0.04515209125475285,1,0.13695423949964453,1,1,1,1
F2,mpx_006,mpx_010,mpx_010,30,30,0.036650485436893206,1,0.12331466373742854,1,1,1,1
F2,mpx_006,mpx_010,mpx_010,31,31,0.009746588693957114,1,0.06377199747768986,1,1,1,1
F2,mpx_006,mpx_010,mpx_010,32,32,0.009606147934678195,1,0.031593270918242086,1,1,1,1
F2,mpx_006,mpx_010,mpx_010,33,33,0.009606147934678195,1,0.006143637034017872,1,1,1,1
F2,mpx_006,mpx_010,mpx_010,34,34,0.009606147934678195,1,0.003358244029651663,1,1,1,1
F2,mpx_006,mpx_010,mpx_010,35,35,0.009606147934678195,1,0.001855559768753439,1,1,1,1
F2,mpx_006,mpx_010,mpx_010,36,36,0.009606147934678195,1,0.0003901143791886878,1,1,1,1
F2,mpx_006,mpx_010,mpx_010,37,37,0.009606147934678195,1,0.0,1,1,1,1
F2,mpx_006,mpx_010,mpx_010,38,38,0.009606147934678195,1,0.0,1,1,1,1
F2,mpx_006,mpx_010,mpx_010,39,39,0.009606147934678195,1,0.0,1,1,1,1
F2,mpx_006,mpx_010,mpx_010,40,40,0.009606147934678195,1,0.0,1,1,1,1
F2,mpx_007,mpx_001,mpx_001,3,3,0.6065005620082428,1,0.5834408472333231,0,0,0,0
F2,mpx_007,mpx_001,mpx_001,4,4,0.5217815344603381,1,0.4991352947501786,0,0,0,0
F2,mpx_007,mpx_001,mpx_001,5,5,0.5769379097570382,1,0.4672696687638414,0,0,0,0
F2,mpx_007,mpx_001,mpx_001,6,6,0.5556057866184448,1,0.45935262960407974,0,0,0,0
F2,mpx_007,mpx_001,mpx_001,7,7,0.5194575471698113,1,0.42595133902890064,0,0,0,0
F2,mpx_007,mpx_001,mpx_001,8,8,0.5017568517217147,1,0.42918471669500324,0,0,0,0
F2,mpx_007,mpx_001,mpx_001,9,9,0.5049001814882033,1,0.39063528807582526,0,0,0,0
F2,mpx_007,mpx_001,mpx_001,10,10,0.4974719101123595,1,0.37091222243049077,0,0,0,0
F2,mpx_007,mpx_001,mpx_001,11,11,0.4577831827658096,1,0.3609850309749562,0,0,0,0
F2,mpx_007,mpx_001,mpx_001,12,12,0.4615817091454273,1,0.34714892361866023,0,0,0,0
F2,mpx_007,mpx_001,mpx_001,13,13,0.3973174030658251,1,0.3293198997365609,0,0,0,0
F2,mpx_007,mpx_001,mpx_001,14,14,0.3569379238393323,1,0.30838893010437984,0,0,0,0
F2,mpx_007,mpx_001,mpx_001,15,15,0.3658119658119658,1,0.28036530215757643,0,0,0,0
F2,mpx_007,mpx_001,mpx_001,16,16,0.3568019093078759,1,0.26755363223928375,0,0,0,0
F2,mpx_007,mpx_001,mpx_001,17,17,0.3432256059664388,1,0.26478329805420725,0,0,0,0
F2,mpx_007,mpx_001,mpx_001,18,18,0.3432256059664388,1,0.2566982694569816,0,0,0,0
F2,mpx_007,mpx_001,mpx_001,19,19,0.34108412322274884,1,0.2552404119720972,0,0,0,0
F2,mpx_007,mpx_001,mpx_001,20,20,0.2252106286454958,1,0.21146194281465241,0,1,1,1
F2,mpx_007,mpx_001,mpx_001,21,21,0.17652899126290708,1,0.1673773512797834,1,1,1,1
F2,mpx_007,mpx_001,mpx_001,22,22,0.10955518945634267,1,0.14370898849779212,1,1,1,1
F2,mpx_007,mpx_001,mpx_001,23,23,0.12847555129434324,1,0.12292636143975218,1,1,1,1
F2,mpx_007,mpx_001,mpx_001,24,24,0.11339937434827946,1,0.10268510587196283,1,1,1,1
F2,mpx_007,mpx_001,mpx_001,25,25,0.11037934668071654,1,0.09392892629688021,1,1,1,1
F2,mpx_007,mpx_001,mpx_001,26,26,0.10059012875536481,1,0.09124795254392368,1,1,1,1
F2,mpx_007,mpx_001,mpx_001,27,27,0.056598407281001135,1,0.0729279040684784,1,1,1,1
F2,mpx_007,mpx_001,mpx_001,28,28,0.08451086956521739,1,0.07367009434967581,1,1,1,1
F2,mpx_007,mpx_001,mpx_001,29,29,0.07377049180327869,1,0.0595613232426357,1,1,1,1
F2,mpx_007,mpx_001,mpx_001,30,30,0.07377049180327869,1,0.0530599516041841,1,1,1,1
F2,mpx_007,mpx_001,mpx_001,31,31,0.07377049180327869,1,0.04967552513541014,1,1,1,1
F2,mpx_007,mpx_001,mpx_001,32,32,0.07377049180327869,1,0.04803149223510393,1,1,1,1
F2,mpx_007,mpx_001,mpx_001,33,33,0.07377049180327869,1,0.046435690660820886,1,1,1,1
F2,mpx_007,mpx_001,mpx_001,34,34,0.07377049180327869,1,0.04488577194641445,1,1,1,1
F2,mpx_007,mpx_001,mpx_001,35,35,0.07377049180327869,1,0.04337605040869626,1,1,1,1
F2,mpx_007,mpx_002,mpx_002,3,3,0.5828273244781784,1,0.5886813244134042,0,0,0,0
F2,mpx_007,mpx_002,mpx_002,4,4,0.5582010582010583,1,0.503630284020841,0,0,0,0
F2,mpx_007,mpx_002,mpx_002,5,5,0.5757695343330702,1,0.47007834280929456,0,0,0,0
F2,mpx_007,mpx_002,mpx_002,6,6,0.4556597564988483,1,0.45559436574817946,0,0,0,0
F2,mpx_007,mpx_002,mpx_002,7,7,0.4472869360070776,1,0.43165012705216865,0,0,0,0
F2,mpx_007,mpx_002,mpx_002,8,8,0.45437150426847217,1,0.37685536264933334,0,0,0,0
F2,mpx_007,mpx_002,mpx_002,9,9,0.42563853863562884,1,0.3591082367757149,0,0,0,0
F2,mpx_007,mpx_002,mpx_002,10,10,0.3926126126126126,1,0.33957172647196504,0,0,0,0
F2,mpx_007,mpx_002,mpx_002,11,11,0.3585817888799355,1,0.35011169933468916,0,0,0,0
F2,mpx_007,mpx_002,mpx_002,12,12,0.34447916666666667,1,0.3645991977900882,0,0,0,0
F2,mpx_007,mpx_002,mpx_002,13,13,0.29640522875816994,1,0.31803196476906703,0,0,0,0
F2,mpx_007,mpx_002,mpx_002,14,14,0.2627577319587629,1,0.3085627954891365,0,0,0,1
F2,mpx_007,mpx_002,mpx_002,15,15,0.23790322580645162,1,0.3025620976296296,0,0,1,1
F2,mpx_007,mpx_002,mpx_002,16,16,0.2294352363413137,1,0.2790830110050044,0,0,1,1
F2,mpx_007,mpx_002,mpx_002,17,17,0.22189256714553404,1,0.2612523877443201,0,0,1,1
F2,mpx_007,mpx_002,mpx_002,18,18,0.12879362670713201,1,0.22431774843585978,1,1,1,1
F2,mpx_007,mpx_002,mpx_002,19,19,0.1507782101167315,1,0.19951037512253714,1,1,1,1
F2,mpx_007,mpx_002,mpx_002,20,20,0.07680457746478873,1,0.1558871502396609,1,1,1,1
F2,mpx_007,mpx_002,mpx_002,21,21,0.04848628192999054,1,0.13561624217850884,1,1,1,1
F2,mpx_007,mpx_002,mpx_002,22,22,0.031874405328258804,1,0.10550873251260882,1,1,1,1
F2,mpx_007,mpx_002,mpx_002,23,23,0.03125,1,0.09198126065890251,1,1,1,1
F2,mpx_007,mpx_002,mpx_002,24,24,0.03375337533753375,1,0.10200850521793338,1,1,1,1
F2,mpx_007,mpx_002,mpx_002,25,25,0.025257249766136577,1,0.05445046694179064,1,1,1,1
F2,mpx_007,mpx_002,mpx_002,26,26,0.025233644859813085,1,0.04159792298558607,1,1,1,1
F2,mpx_007,mpx_002,mpx_002,27,27,0.0254323499491353,1,0.04121543433383814,1,1,1,1
F2,mpx_007,mpx_002,mpx_002,28,28,0.03976190476190476,1,0.03728753237697378,1,1,1,1
F2,mpx_007,mpx_002,mpx_002,29,29,0.01708984375,1,0.02716521744618422,1,1,1,1
F2,mpx_007,mpx_002,mpx_002,30,30,0.01708984375,1,0.0186464443015536,1,1,1,1
F2,mpx_007,mpx_002,mpx_002,31,31,0.017123287671232876,1,0.015334322789263664,1,1,1,1
F2,mpx_007,mpx_002,mpx_002,32,32,0.017123287671232876,1,0.01362246254294517,1,1,1,1
F2,mpx_007,mpx_002,mpx_002,33,33,0.017123287671232876,1,0.011957923570799849,1,1,1,1
F2,mpx_007,mpx_002,mpx_002,34,34,0.017123287671232876,1,0.010410837093760965,1,1,1,1
F2,mpx_007,mpx_002,mpx_002,35,35,0.017123287671232876,1,0.008909998183105354,1,1,1,1
F2,mpx_007,mpx_002,mpx_002,36,36,0.017123287671232876,1,0.007447509804057855,1,1,1,1
F2,mpx_007,mpx_002,mpx_002,37,37,0.017123287671232876,1,0.006023067723379532,1,1,1,1
F2,mpx_007,mpx_003,mpx_003,3,3,0.5955643707176344,1,0.5811253329801757,0,0,0,0
F2,mpx_007,mpx_003,mpx_003,4,4,0.5693963860053826,1,0.5137914471867343,0,0,0,0
F2,mpx_007,mpx_003,mpx_003,5,5,0.595224171539961,1,0.4703010037845222,0,0,0,0
F2,mpx_007,mpx_003,mpx_003,6,6,0.5647433747064743,1,0.47285756056498385,0,0,0,0
F2,mpx_007,mpx_003,mpx_003,7,7,0.5831946755407654,1,0.4458207406544294,0,0,0,0
F2,mpx_007,mpx_003,mpx_003,8,8,0.5078179291174427,1,0.417444739903303,0,0,0,0
F2,mpx_007,mpx_003,mpx_003,9,9,0.5019812680115274,1,0.4041404266730067,0,0,0,0
F2,mpx_007,mpx_003,mpx_003,10,10,0.539460020768432,1,0.41480138381711273,0,0,0,0
F2,mpx_007,mpx_003,mpx_003,11,11,0.5115842204132749,1,0.38267704224903987,0,0,0,0
F2,mpx_007,mpx_003,mpx_003,12,12,0.4670428524697416,1,0.3430715799525824,0,0,0,0
F2,mpx_007,mpx_003,mpx_003,13,13,0.42064914376742335,1,0.33722766074512994,0,0,0,0
F2,mpx_007,mpx_003,mpx_003,14,14,0.37399193548387094,1,0.3235990571616448,0,0,0,0
F2,mpx_007,mpx_003,mpx_003,15,15,0.3703125,1,0.3006888367207419,0,0,0,0
F2,mpx_007,mpx_003,mpx_003,16,16,0.37266059686393527,1,0.28604799112734924,0,0,0,0
F2,mpx_007,mpx_003,mpx_003,17,17,0.3661631419939577,1,0.2948051191254521,0,0,0,0
F2,mpx_007,mpx_003,mpx_003,18,18,0.2889531345100426,1,0.30860476645945123,0,0,0,0
F2,mpx_007,mpx_003,mpx_003,19,19,0.3002776064157927,1,0.2611799962739421,0,0,0,1
F2,mpx_007,mpx_003,mpx_003,20,20,0.3047153024911032,1,0.24677822259775592,0,0,0,1
F2,mpx_007,mpx_003,mpx_003,21,21,0.29255698005698005,1,0.21909069599849712,0,1,1,1
F2,mpx_007,mpx_003,mpx_003,22,22,0.2615881458966565,1,0.21529593130687238,1,1,1,1
F2,mpx_007,mpx_003,mpx_003,23,23,0.182062966031483,1,0.18018862646837344,1,1,1,1
F2,mpx_007,mpx_003,mpx_003,24,24,0.1799913569576491,1,0.15541583442665738,1,1,1,1
F2,mpx_007,mpx_003,mpx_003,25,25,0.14772727272727273,1,0.12185869256932833,1,1,1,1
F2,mpx_007,mpx_003,mpx_003,26,26,0.15691021126760563,1,0.11285236744232295,1,1,1,1
F2,mpx_007,mpx_003,mpx_003,27,27,0.14925373134328357,1,0.0970278339111167,1,1,1,1
F2,mpx_007,mpx_003,mpx_003,28,28,0.11656118143459916,1,0.06615042270519465,1,1,1,1
F2,mpx_007,mpx_003,mpx_003,29,29,0.01066925315227934,1,0.05756522483055049,1,1,1,1
F2,mpx_007,mpx_003,mpx_003,30,30,0.018649669499527857,1,0.036722877508001815,1,1,1,1
F2,mpx_007,mpx_003,mpx_003,31,31,0.011560693641618497,1,0.03596709358789941,1,1,1,1
F2,mpx_007,mpx_003,mpx_003,32,32,0.009471585244267198,1,0.02783792965231493,1,1,1,1
F2,mpx_007,mpx_003,mpx_003,33,33,0.008655804480651732,1,0.0241649475146654,1,1,1,1
F2,mpx_007,mpx_003,mpx_003,34,34,0.008655804480651732,1,0.02046632097875563,1,1,1,1
F2,mpx_007,mpx_003,mpx_003,35,35,0.008655804480651732,1,0.017776509998787694,1,1,1,1
F2,mpx_007,mpx_003,mpx_003,36,36,0.008655804480651732,1,0.01629267918324382,1,1,1,1
F2,mpx_007,mpx_003,mpx_003,37,37,0.008655804480651732,1,0.014844403750021475,1,1,1,1
F2,mpx_007,mpx_003,mpx_003,38,38,0.008655804480651732,1,0.013437925815094648,1,1,1,1
F2,mpx_007,mpx_003,mpx_003,39,39,0.008655804480651732,1,0.01206369944620786,1,1,1,1
F2,mpx_007,mpx_003,mpx_003,40,40,0.008655804480651732,1,0.010718773485165034,1,1,1,1
F2,mpx_007,mpx_003,mpx_003,41,41,0.008655804480651732,1,0.009409394919068476,1,1,1,1
F2,mpx_007,mpx_004,mpx_004,3,3,0.590662776156732,1,0.5833757158706665,0,0,0,0
F2,mpx_007,mpx_004,mpx_004,4,4,0.5101778193729527,1,0.5158675017959069,0,0,0,0
F2,mpx_007,mpx_004,mpx_004,5,5,0.5884559884559885,1,0.5003491053909545,0,0,0,0
F2,mpx_007,mpx_004,mpx_004,6,6,0.5170893906588309,1,0.4583662616695487,0,0,0,0
F2,mpx_007,mpx_004,mpx_004,7,7,0.511353517364203,1,0.4344404349717097,0,0,0,0
F2,mpx_007,mpx_004,mpx_004,8,8,0.49756135934550033,1,0.39787415476063814,0,0,0,0
F2,mpx_007,mpx_004,mpx_004,9,9,0.4259229274611399,1,0.3711382792249614,0,0,0,0
F2,mpx_007,mpx_004,mpx_004,10,10,0.47587038952085486,1,0.3885857414979602,0,0,0,0
F2,mpx_007,mpx_004,mpx_004,11,11,0.3929170159262364,1,0.35183796076993684,0,0,0,0
F2,mpx_007,mpx_004,mpx_004,12,12,0.3393089960886571,1,0.32909871313508793,0,0,0,0
F2,mpx_007,mpx_004,mpx_004,13,13,0.3075191355245385,1,0.3068116225021067,0,0,0,0
F2,mpx_007,mpx_004,mpx_004,14,14,0.26100151745068284,1,0.2703792314604308,0,0,0,0
F2,mpx_007,mpx_004,mpx_004,15,15,0.23688524590163934,1,0.24489882369690594,0,0,0,1
F2,mpx_007,mpx_004,mpx_004,16,16,0.14719140083217752,1,0.27390241144388344,1,1,1,1
F2,mpx_007,mpx_004,mpx_004,17,17,0.12153790087463556,1,0.23520673128402908,1,1,1,1
F2,mpx_007,mpx_004,mpx_004,18,18,0.08132279534109817,1,0.22167013768086502,1,1,1,1
F2,mpx_007,mpx_004,mpx_004,19,19,0.0518783542039356,1,0.19544876832976601,1,1,1,1
F2,mpx_007,mpx_004,mpx_004,20,20,0.03936269915651359,1,0.16660273799998804,1,1,1,1
F2,mpx_007,mpx_004,mpx_004,21,21,0.0413022351797862,1,0.1483889714782825,1,1,1,1
F2,mpx_007,mpx_004,mpx_004,22,22,0.023290386521308225,1,0.13502097828881598,1,1,1,1
F2,mpx_007,mpx_004,mpx_004,23,23,0.024594320486815417,1,0.11276909072255265,1,1,1,1
F2,mpx_007,mpx_004,mpx_004,24,24,0.02447023208879919,1,0.08735294306867726,1,1,1,1
F2,mpx_007,mpx_004,mpx_004,25,25,0.011059371362048894,1,0.0862622018171553,1,1,1,1
F2,mpx_007,mpx_004,mpx_004,26,26,0.007647058823529412,1,0.06312176912559028,1,1,1,1
F2,mpx_007,mpx_004,mpx_004,27,27,0.004146919431279621,1,0.04715357891699601,1,1,1,1
F2,mpx_007,mpx_004,mpx_004,28,28,0.0031605562579013905,1,0.04406017339143069,1,1,1,1
F2,mpx_007,mpx_004,mpx_004,29,29,0.0031645569620253164,1,0.03967766112740133,1,1,1,1
F2,mpx_007,mpx_004,mpx_004,30,30,0.007362784471218206,1,0.04665163033651823,1,1,1,1
F2,mpx_007,mpx_004,mpx_004,31,31,0.007362784471218206,1,0.04163698519326728,1,1,1,1
F2,mpx_007,mpx_004,mpx_004,32,32,0.007362784471218206,1,0.0368294628331025,1,1,1,1
F2,mpx_007,mpx_004,mpx_004,33,33,0.007362784471218206,1,0.03524770189496819,1,1,1,1
F2,mpx_007,mpx_004,mpx_004,34,34,0.007362784471218206,1,0.03370149045784192,1,1,1,1
F2,mpx_007,mpx_004,mpx_004,35,35,0.007362784471218206,1,0.032202588358801285,1,1,1,1
F2,mpx_007,mpx_004,mpx_004,36,36,0.007362784471218206,1,0.03074938013726274,1,1,1,1
F2,mpx_007,mpx_005,mpx_005,3,3,0.5628006872852234,1,0.5906792952591028,0,0,0,0
F2,mpx_007,mpx_005,mpx_005,4,4,0.5604651162790698,1,0.5074983604915742,0,0,0,0
F2,mpx_007,mpx_005,mpx_005,5,5,0.5696737817156665,1,0.4759123366750753,0,0,0,0
F2,mpx_007,mpx_005,mpx_005,6,6,0.5792553191489361,1,0.4634916551827809,0,0,0,0
F2,mpx_007,mpx_005,mpx_005,7,7,0.5131138392857143,1,0.42032165676065325,0,0,0,0
F2,mpx_007,mpx_005,mpx_005,8,8,0.5186228197674418,1,0.42370476192100087,0,0,0,0
F2,mpx_007,mpx_005,mpx_005,9,9,0.4543335635359116,1,0.3748149262299306,0,0,0,0
F2,mpx_007,mpx_005,mpx_005,10,10,0.40365448504983387,1,0.36527393638230615,0,0,0,0
F2,mpx_007,mpx_005,mpx_005,11,11,0.3359228753275927,1,0.33010060800291946,0,0,0,0
F2,mpx_007,mpx_005,mpx_005,12,12,0.3365584685809405,1,0.31215898066214054,0,0,0,0
F2,mpx_007,mpx_005,mpx_005,13,13,0.30169753086419754,1,0.26609564600289565,0,0,0,0
F2,mpx_007,mpx_005,mpx_005,14,14,0.2949571836346337,1,0.2426728673551108,0,0,0,1
F2,mpx_007,mpx_005,mpx_005,15,15,0.26784702549575073,1,0.22429769164606284,0,0,1,1
F2,mpx_007,mpx_005,mpx_005,16,16,0.18384714193962748,1,0.20031179770096888,0,1,1,1
F2,mpx_007,mpx_005,mpx_005,17,17,0.18648208469055375,1,0.18546117310437524,0,1,1,1
F2,mpx_007,mpx_005,mpx_005,18,18,0.15840118430792005,1,0.1919472647626789,1,1,1,1
F2,mpx_007,mpx_005,mpx_005,19,19,0.1282642089093702,1,0.2029528632225046,1,1,1,1
F2,mpx_007,mpx_005,mpx_005,20,20,0.10203252032520325,1,0.18047879803754974,1,1,1,1
F2,mpx_007,mpx_005,mpx_005,21,21,0.05615640599001664,1,0.15002660645174135,1,1,1,1
F2,mpx_007,mpx_005,mpx_005,22,22,0.05211864406779661,1,0.12099945043532559,1,1,1,1
F2,mpx_007,mpx_005,mpx_005,23,23,0.04287003610108303,1,0.09547731693290752,1,1,1,1
F2,mpx_007,mpx_005,mpx_005,24,24,0.04406307977736549,1,0.08669264165431076,1,1,1,1
F2,mpx_007,mpx_005,mpx_005,25,25,0.048676748582230624,1,0.07807774451758752,1,1,1,1
F2,mpx_007,mpx_005,mpx_005,26,26,0.04398826979472141,1,0.06801154601729174,1,1,1,1
F2,mpx_007,mpx_005,mpx_005,27,27,0.0006234413965087282,1,0.11728451510591603,1,1,1,1
F2,mpx_007,mpx_005,mpx_005,28,28,0.0006234413965087282,1,0.09165156770220381,1,1,1,1
F2,mpx_007,mpx_005,mpx_005,29,29,0.0006234413965087282,1,0.06683770044085258,1,1,1,1
F2,mpx_007,mpx_005,mpx_005,30,30,0.0006234413965087282,1,0.06511440148630099,1,1,1,1
F2,mpx_007,mpx_005,mpx_005,31,31,0.0006234413965087282,1,0.06344367827347752,1,1,1,1
F2,mpx_007,mpx_005,mpx_005,32,32,0.0006234413965087282,1,0.06182271689914332,1,1,1,1
F2,mpx_007,mpx_005,mpx_005,33,33,0.0006234413965087282,1,0.06025108927426954,1,1,1,1
F2,mpx_007,mpx_005,mpx_005,34,34,0.0006234413965087282,1,0.05872502446898898,1,1,1,1
F2,mpx_007,mpx_006,mpx_006,3,3,0.5522629310344828,1,0.5924572105872865,0,0,0,0
F2,mpx_007,mpx_006,mpx_006,4,4,0.5293321299638989,1,0.508536973697723,0,0,0,0
F2,mpx_007,mpx_006,mpx_006,5,5,0.5594879518072289,1,0.464165114438145,0,0,0,0
F2,mpx_007,mpx_006,mpx_006,6,6,0.527581567440296,1,0.4278218674306985,0,0,0,0
F2,mpx_007,mpx_006,mpx_006,7,7,0.5314994793474488,1,0.4433498518097554,0,0,0,0
F2,mpx_007,mpx_006,mpx_006,8,8,0.4867296045600285,1,0.41657360981050023,0,0,0,0
F2,mpx_007,mpx_006,mpx_006,9,9,0.4996242014280346,1,0.4126066877153165,0,0,0,0
F2,mpx_007,mpx_006,mpx_006,10,10,0.4318103149878851,1,0.3575095047021294,0,0,0,0
F2,mpx_007,mpx_006,mpx_006,11,11,0.4251808501991384,1,0.35231884795977153,0,0,0,0
F2,mpx_007,mpx_006,mpx_006,12,12,0.4153722009279806,1,0.33643277231909885,0,0,0,0
F2,mpx_007,mpx_006,mpx_006,13,13,0.37215391621129323,1,0.3169884491667229,0,0,0,0
F2,mpx_007,mpx_006,mpx_006,14,14,0.3720319920019995,1,0.2943745254785812,0,0,0,0
F2,mpx_007,mpx_006,mpx_006,15,15,0.3666317991631799,1,0.279677398393376,0,0,0,0
F2,mpx_007,mpx_006,mpx_006,16,16,0.3573565406581452,1,0.26519642884773775,0,0,0,0
F2,mpx_007,mpx_006,mpx_006,17,17,0.3251412429378531,1,0.26124809183316566,0,0,0,0
F2,mpx_007,mpx_006,mpx_006,18,18,0.34622718605284664,1,0.270751475573425,0,0,0,0
F2,mpx_007,mpx_006,mpx_006,19,19,0.33607860135818524,1,0.2393224868084201,0,0,1,1
F2,mpx_007,mpx_006,mpx_006,20,20,0.31627296587926507,1,0.21577387282511595,0,1,1,1
F2,mpx_007,mpx_006,mpx_006,21,21,0.2681145852836547,1,0.23224971666554087,1,1,1,1
F2,mpx_007,mpx_006,mpx_006,22,22,0.2399835627696733,1,0.21731860631320202,1,1,1,1
F2,mpx_007,mpx_006,mpx_006,23,23,0.24792485801660114,1,0.21544842412063253,1,1,1,1
F2,mpx_007,mpx_006,mpx_006,24,24,0.009059745347698335,1,0.13022333340953854,1,1,1,1
F2,mpx_007,mpx_006,mpx_006,25,25,0.0071499013806706115,1,0.09425823151953733,1,1,1,1
F2,mpx_007,mpx_006,mpx_006,26,26,0.008887614678899083,1,0.12069378028514063,1,1,1,1
F2,mpx_007,mpx_006,mpx_006,27,27,0.009548611111111112,1,0.10708972289696228,1,1,1,1
F2,mpx_007,mpx_006,mpx_006,28,28,0.009548611111111112,1,0.09355029814710317,1,1,1,1
F2,mpx_007,mpx_006,mpx_006,29,29,0.006815703380588877,1,0.07116134856554301,1,1,1,1
F2,mpx_007,mpx_006,mpx_006,30,30,0.006815703380588877,1,0.060175781859892086,1,1,1,1
F2,mpx_007,mpx_006,mpx_006,31,31,0.006815703380588877,1,0.04928806212730573,1,1,1,1
F2,mpx_007,mpx_006,mpx_006,32,32,0.006815703380588877,1,0.0476399808969762,1,1,1,1
F2,mpx_007,mpx_006,mpx_006,33,33,0.006815703380588877,1,0.04604365459837491,1,1,1,1
F2,mpx_007,mpx_006,mpx_006,34,34,0.006815703380588877,1,0.04448588723121939,1,1,1,1
F2,mpx_007,mpx_006,mpx_006,35,35,0.006815703380588877,1,0.042974429488598684,1,1,1,1
F2,mpx_007,mpx_006,mpx_006,36,36,0.006815703380588877,1,0.041505922848275104,1,1,1,1
F2,mpx_007,mpx_008,mpx_008,3,3,0.5806645316253003,1,0.6014214839322622,0,0,0,0
F2,mpx_007,mpx_008,mpx_008,4,4,0.5477707006369427,1,0.5373768252079562,0,0,0,0
F2,mpx_007,mpx_008,mpx_008,5,5,0.5409054805401112,1,0.493625611350174,0,0,0,0
F2,mpx_007,mpx_008,mpx_008,6,6,0.48241539482415396,1,0.46260075780448595,0,0,0,0
F2,mpx_007,mpx_008,mpx_008,7,7,0.5043092018032352,1,0.44514184241669996,0,0,0,0
F2,mpx_007,mpx_008,mpx_008,8,8,0.5109121432568551,1,0.3924192809388444,0,0,0,0
F2,mpx_007,mpx_008,mpx_008,9,9,0.45834842448388263,1,0.3650197371829879,0,0,0,0
F2,mpx_007,mpx_008,mpx_008,10,10,0.44056992875890516,1,0.35737150132217665,0,0,0,0
F2,mpx_007,mpx_008,mpx_008,11,11,0.4366615561517823,1,0.33937821810407365,0,0,0,0
F2,mpx_007,mpx_008,mpx_008,12,12,0.4267362505018065,1,0.3303291329455112,0,0,0,0
F2,mpx_007,mpx_008,mpx_008,13,13,0.38734965635738833,1,0.3182859265031454,0,0,0,0
F2,mpx_007,mpx_008,mpx_008,14,14,0.3309228650137741,1,0.3154086769530833,0,0,0,0
F2,mpx_007,mpx_008,mpx_008,15,15,0.33606020942408377,1,0.265740177212405,0,0,0,0
F2,mpx_007,mpx_008,mpx_008,16,16,0.31599903474903474,1,0.2463775135294975,0,0,0,0
F2,mpx_007,mpx_008,mpx_008,17,17,0.16896758703481393,1,0.22747212548582674,0,0,1,1
F2,mpx_007,mpx_008,mpx_008,18,18,0.16964285714285715,1,0.22247256206680271,0,0,1,1
F2,mpx_007,mpx_008,mpx_008,19,19,0.1518375241779497,1,0.20186808583788543,0,1,1,1
F2,mpx_007,mpx_008,mpx_008,20,20,0.16741935483870968,1,0.19876565851060313,1,1,1,1
F2,mpx_007,mpx_008,mpx_008,21,21,0.16293706293706295,1,0.18379665238449652,1,1,1,1
F2,mpx_007,mpx_008,mpx_008,22,22,0.13515037593984963,1,0.1685278284776248,1,1,1,1
F2,mpx_007,mpx_008,mpx_008,23,23,0.13372093023255813,1,0.15839528444816603,1,1,1,1
F2,mpx_007,mpx_008,mpx_008,24,24,0.08333333333333333,1,0.1771236254559158,1,1,1,1
F2,mpx_007,mpx_008,mpx_008,25,25,0.028110599078341014,1,0.12582229568994846,1,1,1,1
F2,mpx_007,mpx_008,mpx_008,26,26,0.014558232931726908,1,0.10533066672153699,1,1,1,1
F2,mpx_007,mpx_008,mpx_008,27,27,0.018819938962360123,1,0.08209889284668782,1,1,1,1
F2,mpx_007,mpx_008,mpx_008,28,28,0.021538461538461538,1,0.0729254635363361,1,1,1,1
F2,mpx_007,mpx_008,mpx_008,29,29,0.021538461538461538,1,0.06632280597751397,1,1,1,1
F2,mpx_007,mpx_008,mpx_008,30,30,0.021538461538461538,1,0.06101669875675221,1,1,1,1
F2,mpx_007,mpx_008,mpx_008,31,31,0.021538461538461538,1,0.059335968453589225,1,1,1,1
F2,mpx_007,mpx_008,mpx_008,32,32,0.021538461538461538,1,0.05770824740936774,1,1,1,1
F2,mpx_007,mpx_008,mpx_008,33,33,0.021538461538461538,1,0.056127548831891486,1,1,1,1
F2,mpx_007,mpx_008,mpx_008,34,34,0.021538461538461538,1,0.054591835636283545,1,1,1,1
F2,mpx_007,mpx_008,mpx_008,35,35,0.021538461538461538,1,0.053082039995783745,1,1,1,1
F2,mpx_007,mpx_009,mpx_009,3,3,0.6009525588345163,1,0.5957695049560223,0,0,0,0
F2,mpx_007,mpx_009,mpx_009,4,4,0.5832457062740974,1,0.5274670470274121,0,0,0,0
F2,mpx_007,mpx_009,mpx_009,5,5,0.5904588112617309,1,0.503139398858815,0,0,0,0
F2,mpx_007,mpx_009,mpx_009,6,6,0.5553923263048738,1,0.47877147324972164,0,0,0,0
F2,mpx_007,mpx_009,mpx_009,7,7,0.5278614457831325,1,0.4177709483694999,0,0,0,0
F2,mpx_007,mpx_009,mpx_009,8,8,0.5185741088180112,1,0.42547114715920353,0,0,0,0
F2,mpx_007,mpx_009,mpx_009,9,9,0.4286544850498339,1,0.3939001082109355,0,0,0,0
F2,mpx_007,mpx_009,mpx_009,10,10,0.387208067940552,1,0.3633051573620622,0,0,0,0
F2,mpx_007,mpx_009,mpx_009,11,11,0.36305408702724684,1,0.3355375179596464,0,0,0,0
F2,mpx_007,mpx_009,mpx_009,12,12,0.2995147772386414,1,0.3074578927110247,0,0,0,0
F2,mpx_007,mpx_009,mpx_009,13,13,0.2857637286571297,1,0.2883557634088941,0,0,0,0
F2,mpx_007,mpx_009,mpx_009,14,14,0.275997150997151,1,0.2669864348226807,0,0,0,0
F2,mpx_007,mpx_009,mpx_009,15,15,0.22767100056529113,1,0.25122515956083113,0,0,0,0
F2,mpx_007,mpx_009,mpx_009,16,16,0.22663316582914572,1,0.2374029045968329,0,0,0,0
F2,mpx_007,mpx_009,mpx_009,17,17,0.21324324324324323,1,0.21129259422355512,0,0,1,1
F2,mpx_007,mpx_009,mpx_009,18,18,0.1872391174716756,1,0.18624502195340184,0,1,1,1
F2,mpx_007,mpx_009,mpx_009,19,19,0.1583956492182189,1,0.200770814065581,1,1,1,1
F2,mpx_007,mpx_009,mpx_009,20,20,0.15264255910987481,1,0.1785935559163523,1,1,1,1
F2,mpx_007,mpx_009,mpx_009,21,21,0.15331010452961671,1,0.16309224684436358,1,1,1,1
F2,mpx_007,mpx_009,mpx_009,22,22,0.13173400673400673,1,0.16685473330917486,1,1,1,1
F2,mpx_007,mpx_009,mpx_009,23,23,0.05953533397870281,1,0.1474811967269195,1,1,1,1
F2,mpx_007,mpx_009,mpx_009,24,24,0.051521099116781155,1,0.12281082616984518,1,1,1,1
F2,mpx_007,mpx_009,mpx_009,25,25,0.030692549842602307,1,0.1243752961381115,1,1,1,1
F2,mpx_007,mpx_009,mpx_009,26,26,0.03054662379421222,1,0.12748727129346232,1,1,1,1
F2,mpx_007,mpx_009,mpx_009,27,27,0.025485436893203883,1,0.13636372449459214,1,1,1,1
F2,mpx_007,mpx_009,mpx_009,28,28,0.029069767441860465,1,0.11262255025392864,1,1,1,1
F2,mpx_007,mpx_009,mpx_009,29,29,0.029069767441860465,1,0.10591226582179399,1,1,1,1
F2,mpx_007,mpx_009,mpx_009,30,30,0.029069767441860465,1,0.09768291268443627,1,1,1,1
F2,mpx_007,mpx_009,mpx_009,31,31,0.029069767441860465,1,0.09586352072857775,1,1,1,1
F2,mpx_007,mpx_009,mpx_009,32,32,0.029069767441860465,1,0.09408800960855894,1,1,1,1
F2,mpx_007,mpx_009,mpx_009,33,33,0.029069767441860465,1,0.09251004542502271,1,1,1,1
F2,mpx_007,mpx_009,mpx_009,34,34,0.029069767441860465,1,0.09097750745956558,1,1,1,1
F2,mpx_007,mpx_009,mpx_009,35,35,0.029069767441860465,1,0.08948763152358301,1,1,1,1
F2,mpx_007,mpx_009,mpx_009,36,36,0.029069767441860465,1,0.08803911968754448,1,1,1,1
F2,mpx_007,mpx_010,mpx_010,3,3,0.552521805081532,1,0.593549104683176,0,0,0,0
F2,mpx_007,mpx_010,mpx_010,4,4,0.5508203281312525,1,0.5190024777561162,0,0,0,0
F2,mpx_007,mpx_010,mpx_010,5,5,0.5225806451612903,1,0.4817992808668783,0,0,0,0
F2,mpx_007,mpx_010,mpx_010,6,6,0.5197324966974901,1,0.4713622515034897,0,0,0,0
F2,mpx_007,mpx_010,mpx_010,7,7,0.44289844597036504,1,0.4145194308296965,0,0,0,0
F2,mpx_007,mpx_010,mpx_010,8,8,0.4455322178711285,1,0.437971106297132,0,0,0,0
F2,mpx_007,mpx_010,mpx_010,9,9,0.4187617850408548,1,0.405086973079611,0,0,0,0
F2,mpx_007,mpx_010,mpx_010,10,10,0.37011854951185497,1,0.38902679825089537,0,0,0,0
F2,mpx_007,mpx_010,mpx_010,11,11,0.29808037316110514,1,0.34939052754739175,0,0,0,0
F2,mpx_007,mpx_010,mpx_010,12,12,0.27196485623003197,1,0.328265038170447,0,0,0,0
F2,mpx_007,mpx_010,mpx_010,13,13,0.2615878843506195,1,0.3105779910180043,0,0,0,0
F2,mpx_007,mpx_010,mpx_010,14,14,0.2495287464655985,1,0.28477079629864216,0,0,0,0
F2,mpx_007,mpx_010,mpx_010,15,15,0.24621212121212122,1,0.27029145354835843,0,0,0,0
F2,mpx_007,mpx_010,mpx_010,16,16,0.18739205526770294,1,0.25405192308776625,0,0,0,0
F2,mpx_007,mpx_010,mpx_010,17,17,0.23773908778813144,1,0.26843750357132584,0,0,0,0
F2,mpx_007,mpx_010,mpx_010,18,18,0.20613079019073569,1,0.24962183919934258,0,0,1,1
F2,mpx_007,mpx_010,mpx_010,19,19,0.17786144578313254,1,0.23297659749893515,0,1,1,1
F2,mpx_007,mpx_010,mpx_010,20,20,0.14017800381436746,1,0.2206450834773962,0,1,1,1
F2,mpx_007,mpx_010,mpx_010,21,21,0.13618677042801555,1,0.19511582614209932,0,1,1,1
F2,mpx_007,mpx_010,mpx_010,22,22,0.13420195439739413,1,0.18256269514317325,0,1,1,1
F2,mpx_007,mpx_010,mpx_010,23,23,0.15037983425414364,1,0.18311351123284977,1,1,1,1
F2,mpx_007,mpx_010,mpx_010,24,24,0.15037983425414364,1,0.17084406790015952,1,1,1,1
F2,mpx_007,mpx_010,mpx_010,25,25,0.14086294416243655,1,0.1614578900098258,1,1,1,1
F2,mpx_007,mpx_010,mpx_010,26,26,0.0668429003021148,1,0.16302649109478104,1,1,1,1
F2,mpx_007,mpx_010,mpx_010,27,27,0.0583969465648855,1,0.1427002211980202,1,1,1,1
F2,mpx_007,mpx_010,mpx_010,28,28,0.041701244813278006,1,0.1503509090239831,1,1,1,1
F2,mpx_007,mpx_010,mpx_010,29,29,0.04515209125475285,1,0.1445612246893468,1,1,1,1
F2,mpx_007,mpx_010,mpx_010,30,30,0.036650485436893206,1,0.13016195982163917,1,1,1,1
F2,mpx_007,mpx_010,mpx_010,31,31,0.009746588693957114,1,0.05902511608653363,1,1,1,1
F2,mpx_007,mpx_010,mpx_010,32,32,0.009606147934678195,1,0.0296574650593167,1,1,1,1
F2,mpx_007,mpx_010,mpx_010,33,33,0.009606147934678195,1,0.008003023075801585,1,1,1,1
F2,mpx_007,mpx_010,mpx_010,34,34,0.009606147934678195,1,0.005424793475035303,1,1,1,1
F2,mpx_007,mpx_010,mpx_010,35,35,0.009606147934678195,1,0.003932472254440576,1,1,1,1
F2,mpx_007,mpx_010,mpx_010,36,36,0.009606147934678195,1,0.002477206723405543,1,1,1,1
F2,mpx_007,mpx_010,mpx_010,37,37,0.009606147934678195,1,0.0010596348903585719,1,1,1,1
F2,mpx_007,mpx_010,mpx_010,38,38,0.009606147934678195,1,0.0,1,1,1,1
F2,mpx_007,mpx_010,mpx_010,39,39,0.009606147934678195,1,0.0,1,1,1,1
F2,mpx_007,mpx_010,mpx_010,40,40,0.009606147934678195,1,0.0,1,1,1,1
F2,mpx_008,mpx_001,mpx_001,3,3,0.6065005620082428,1,0.5895810808125365,0,0,0,0
F2,mpx_008,mpx_001,mpx_001,4,4,0.5217815344603381,1,0.506700384856152,0,0,0,0
F2,mpx_008,mpx_001,mpx_001,5,5,0.5769379097570382,1,0.4691335811502787,0,0,0,0
F2,mpx_008,mpx_001,mpx_001,6,6,0.5556057866184448,1,0.4617476868435875,0,0,0,0
F2,mpx_008,mpx_001,mpx_001,7,7,0.5194575471698113,1,0.4267537680663509,0,0,0,0
F2,mpx_008,mpx_001,mpx_001,8,8,0.5017568517217147,1,0.42880056738991823,0,0,0,0
F2,mpx_008,mpx_001,mpx_001,9,9,0.5049001814882033,1,0.38948217886451314,0,0,0,0
F2,mpx_008,mpx_001,mpx_001,10,10,0.4974719101123595,1,0.36921197372917897,0,0,0,0
F2,mpx_008,mpx_001,mpx_001,11,11,0.4577831827658096,1,0.3622811083280349,0,0,0,0
F2,mpx_008,mpx_001,mpx_001,12,12,0.4615817091454273,1,0.3463785357062323,0,0,0,0
F2,mpx_008,mpx_001,mpx_001,13,13,0.3973174030658251,1,0.32775496565892254,0,0,0,0
F2,mpx_008,mpx_001,mpx_001,14,14,0.3569379238393323,1,0.30754953991509076,0,0,0,0
F2,mpx_008,mpx_001,mpx_001,15,15,0.3658119658119658,1,0.2775829221720953,0,0,0,0
F2,mpx_008,mpx_001,mpx_001,16,16,0.3568019093078759,1,0.264845975701143,0,0,0,0
F2,mpx_008,mpx_001,mpx_001,17,17,0.3432256059664388,1,0.2618972085022547,0,0,0,0
F2,mpx_008,mpx_001,mpx_001,18,18,0.3432256059664388,1,0.2532014932148734,0,0,0,0
F2,mpx_008,mpx_001,mpx_001,19,19,0.34108412322274884,1,0.2544093614227778,0,0,0,0
F2,mpx_008,mpx_001,mpx_001,20,20,0.2252106286454958,1,0.20967903426728365,0,1,1,1
F2,mpx_008,mpx_001,mpx_001,21,21,0.17652899126290708,1,0.16544551636793123,1,1,1,1
F2,mpx_008,mpx_001,mpx_001,22,22,0.10955518945634267,1,0.1440612426281665,1,1,1,1
F2,mpx_008,mpx_001,mpx_001,23,23,0.12847555129434324,1,0.12409657832407293,1,1,1,1
F2,mpx_008,mpx_001,mpx_001,24,24,0.11339937434827946,1,0.10282311268911437,1,1,1,1
F2,mpx_008,mpx_001,mpx_001,25,25,0.11037934668071654,1,0.0927631500238894,1,1,1,1
F2,mpx_008,mpx_001,mpx_001,26,26,0.10059012875536481,1,0.08833148021856932,1,1,1,1
F2,mpx_008,mpx_001,mpx_001,27,27,0.056598407281001135,1,0.07175658959081552,1,1,1,1
F2,mpx_008,mpx_001,mpx_001,28,28,0.08451086956521739,1,0.07177927058189604,1,1,1,1
F2,mpx_008,mpx_001,mpx_001,29,29,0.07377049180327869,1,0.05671634698206937,1,1,1,1
F2,mpx_008,mpx_001,mpx_001,30,30,0.07377049180327869,1,0.04963751747169194,1,1,1,1
F2,mpx_008,mpx_001,mpx_001,31,31,0.07377049180327869,1,0.046046129487776026,1,1,1,1
F2,mpx_008,mpx_001,mpx_001,32,32,0.07377049180327869,1,0.0443992925696768,1,1,1,1
F2,mpx_008,mpx_001,mpx_001,33,33,0.07377049180327869,1,0.04280074190981746,1,1,1,1
F2,mpx_008,mpx_001,mpx_001,34,34,0.07377049180327869,1,0.04124813281934962,1,1,1,1
F2,mpx_008,mpx_001,mpx_001,35,35,0.07377049180327869,1,0.03973573605342624,1,1,1,1
F2,mpx_008,mpx_002,mpx_002,3,3,0.5828273244781784,1,0.5953136383428356,0,0,0,0
F2,mpx_008,mpx_002,mpx_002,4,4,0.5582010582010583,1,0.5099916018723281,0,0,0,0
F2,mpx_008,mpx_002,mpx_002,5,5,0.5757695343330702,1,0.4737789458322436,0,0,0,0
F2,mpx_008,mpx_002,mpx_002,6,6,0.4556597564988483,1,0.45934921744694385,0,0,0,0
F2,mpx_008,mpx_002,mpx_002,7,7,0.4472869360070776,1,0.429539712605384,0,0,0,0
F2,mpx_008,mpx_002,mpx_002,8,8,0.45437150426847217,1,0.37953630514108866,0,0,0,0
F2,mpx_008,mpx_002,mpx_002,9,9,0.42563853863562884,1,0.35834514015987123,0,0,0,0
F2,mpx_008,mpx_002,mpx_002,10,10,0.3926126126126126,1,0.3402328492023904,0,0,0,0
F2,mpx_008,mpx_002,mpx_002,11,11,0.3585817888799355,1,0.34758279699599187,0,0,0,0
F2,mpx_008,mpx_002,mpx_002,12,12,0.34447916666666667,1,0.35962472112460603,0,0,0,0
F2,mpx_008,mpx_002,mpx_002,13,13,0.29640522875816994,1,0.31596032220746173,0,0,0,0
F2,mpx_008,mpx_002,mpx_002,14,14,0.2627577319587629,1,0.303349473487984,0,0,0,1
F2,mpx_008,mpx_002,mpx_002,15,15,0.23790322580645162,1,0.29676761318263856,0,0,1,1
F2,mpx_008,mpx_002,mpx_002,16,16,0.2294352363413137,1,0.2730230411074513,0,0,1,1
F2,mpx_008,mpx_002,mpx_002,17,17,0.22189256714553404,1,0.2547247147574103,0,0,1,1
F2,mpx_008,mpx_002,mpx_002,18,18,0.12879362670713201,1,0.22082391422875935,1,1,1,1
F2,mpx_008,mpx_002,mpx_002,19,19,0.1507782101167315,1,0.1918941840025649,1,1,1,1
F2,mpx_008,mpx_002,mpx_002,20,20,0.07680457746478873,1,0.1552947242514737,1,1,1,1
F2,mpx_008,mpx_002,mpx_002,21,21,0.04848628192999054,1,0.13554487242363256,1,1,1,1
F2,mpx_008,mpx_002,mpx_002,22,22,0.031874405328258804,1,0.106464420102949,1,1,1,1
F2,mpx_008,mpx_002,mpx_002,23,23,0.03125,1,0.0925645157179849,1,1,1,1
F2,mpx_008,mpx_002,mpx_002,24,24,0.03375337533753375,1,0.1035656368083618,1,1,1,1
F2,mpx_008,mpx_002,mpx_002,25,25,0.025257249766136577,1,0.058494478134381134,1,1,1,1
F2,mpx_008,mpx_002,mpx_002,26,26,0.025233644859813085,1,0.04429640651477728,1,1,1,1
F2,mpx_008,mpx_002,mpx_002,27,27,0.0254323499491353,1,0.0444337042415363,1,1,1,1
F2,mpx_008,mpx_002,mpx_002,28,28,0.03976190476190476,1,0.04065855012061464,1,1,1,1
F2,mpx_008,mpx_002,mpx_002,29,29,0.01708984375,1,0.031691060014618584,1,1,1,1
F2,mpx_008,mpx_002,mpx_002,30,30,0.01708984375,1,0.022285839801269566,1,1,1,1
F2,mpx_008,mpx_002,mpx_002,31,31,0.017123287671232876,1,0.018334366287009792,1,1,1,1
F2,mpx_008,mpx_002,mpx_002,32,32,0.017123287671232876,1,0.01661276617750412,1,1,1,1
F2,mpx_008,mpx_002,mpx_002,33,33,0.017123287671232876,1,0.014938455627805436,1,1,1,1
F2,mpx_008,mpx_002,mpx_002,34,34,0.017123287671232876,1,0.013391111897332192,1,1,1,1
F2,mpx_008,mpx_002,mpx_002,35,35,0.017123287671232876,1,0.01189004013078715,1,1,1,1
F2,mpx_008,mpx_002,mpx_002,36,36,0.017123287671232876,1,0.010427277811219549,1,1,1,1
F2,mpx_008,mpx_002,mpx_002,37,37,0.017123287671232876,1,0.009002544736943341,1,1,1,1
F2,mpx_008,mpx_003,mpx_003,3,3,0.5955643707176344,1,0.5868813042885451,0,0,0,0
F2,mpx_008,mpx_003,mpx_003,4,4,0.5693963860053826,1,0.519314249773077,0,0,0,0
F2,mpx_008,mpx_003,mpx_003,5,5,0.595224171539961,1,0.47441572858585734,0,0,0,0
F2,mpx_008,mpx_003,mpx_003,6,6,0.5647433747064743,1,0.47706037123949097,0,0,0,0
F2,mpx_008,mpx_003,mpx_003,7,7,0.5831946755407654,1,0.4486974051698046,0,0,0,0
F2,mpx_008,mpx_003,mpx_003,8,8,0.5078179291174427,1,0.41951507459677323,0,0,0,0
F2,mpx_008,mpx_003,mpx_003,9,9,0.5019812680115274,1,0.4060265417318987,0,0,0,0
F2,mpx_008,mpx_003,mpx_003,10,10,0.539460020768432,1,0.4138040923945246,0,0,0,0
F2,mpx_008,mpx_003,mpx_003,11,11,0.5115842204132749,1,0.3789718625867622,0,0,0,0
F2,mpx_008,mpx_003,mpx_003,12,12,0.4670428524697416,1,0.3440493667158647,0,0,0,0
F2,mpx_008,mpx_003,mpx_003,13,13,0.42064914376742335,1,0.33786331369599626,0,0,0,0
F2,mpx_008,mpx_003,mpx_003,14,14,0.37399193548387094,1,0.321895250073642,0,0,0,0
F2,mpx_008,mpx_003,mpx_003,15,15,0.3703125,1,0.297743011293442,0,0,0,0
F2,mpx_008,mpx_003,mpx_003,16,16,0.37266059686393527,1,0.28325785579215024,0,0,0,0
F2,mpx_008,mpx_003,mpx_003,17,17,0.3661631419939577,1,0.29262299669340064,0,0,0,0
F2,mpx_008,mpx_003,mpx_003,18,18,0.2889531345100426,1,0.3055194862566317,0,0,0,0
F2,mpx_008,mpx_003,mpx_003,19,19,0.3002776064157927,1,0.25707950490264525,0,0,0,1
F2,mpx_008,mpx_003,mpx_003,20,20,0.3047153024911032,1,0.2428997452217959,0,0,0,1
F2,mpx_008,mpx_003,mpx_003,21,21,0.29255698005698005,1,0.2165897188311443,0,1,1,1
F2,mpx_008,mpx_003,mpx_003,22,22,0.2615881458966565,1,0.2082848338860754,1,1,1,1
F2,mpx_008,mpx_003,mpx_003,23,23,0.182062966031483,1,0.17839946017541483,1,1,1,1
F2,mpx_008,mpx_003,mpx_003,24,24,0.1799913569576491,1,0.15014521823930183,1,1,1,1
F2,mpx_008,mpx_003,mpx_003,25,25,0.14772727272727273,1,0.12154455860945532,1,1,1,1
F2,mpx_008,mpx_003,mpx_003,26,26,0.15691021126760563,1,0.11145280065824203,1,1,1,1
F2,mpx_008,mpx_003,mpx_003,27,27,0.14925373134328357,1,0.0984284975287881,1,1,1,1
F2,mpx_008,mpx_003,mpx_003,28,28,0.11656118143459916,1,0.06773510344406489,1,1,1,1
F2,mpx_008,mpx_003,mpx_003,29,29,0.01066925315227934,1,0.05848848860279854,1,1,1,1
F2,mpx_008,mpx_003,mpx_003,30,30,0.018649669499527857,1,0.04136188370494837,1,1,1,1
F2,mpx_008,mpx_003,mpx_003,31,31,0.011560693641618497,1,0.038727754465022045,1,1,1,1
F2,mpx_008,mpx_003,mpx_003,32,32,0.009471585244267198,1,0.02720509634568658,1,1,1,1
F2,mpx_008,mpx_003,mpx_003,33,33,0.008655804480651732,1,0.023705407343271055,1,1,1,1
F2,mpx_008,mpx_003,mpx_003,34,34,0.008655804480651732,1,0.019733124169870817,1,1,1,1
F2,mpx_008,mpx_003,mpx_003,35,35,0.008655804480651732,1,0.016892384540245824,1,1,1,1
F2,mpx_008,mpx_003,mpx_003,36,36,0.008655804480651732,1,0.015405420710980937,1,1,1,1
F2,mpx_008,mpx_003,mpx_003,37,37,0.008655804480651732,1,0.013954035653599144,1,1,1,1
F2,mpx_008,mpx_003,mpx_003,38,38,0.008655804480651732,1,0.012544569855624459,1,1,1,1
F2,mpx_008,mpx_003,mpx_003,39,39,0.008655804480651732,1,0.011167380796703118,1,1,1,1
F2,mpx_008,mpx_003,mpx_003,40,40,0.008655804480651732,1,0.009819499912613987,1,1,1,1
F2,mpx_008,mpx_003,mpx_003,41,41,0.008655804480651732,1,0.008507267984080018,1,1,1,1
F2,mpx_008,mpx_004,mpx_004,3,3,0.590662776156732,1,0.5903096066566076,0,0,0,0
F2,mpx_008,mpx_004,mpx_004,4,4,0.5101778193729527,1,0.5216031726411279,0,0,0,0
F2,mpx_008,mpx_004,mpx_004,5,5,0.5884559884559885,1,0.5032954095776997,0,0,0,0
F2,mpx_008,mpx_004,mpx_004,6,6,0.5170893906588309,1,0.46114543980280115,0,0,0,0
F2,mpx_008,mpx_004,mpx_004,7,7,0.511353517364203,1,0.43440047469033993,0,0,0,0
F2,mpx_008,mpx_004,mpx_004,8,8,0.49756135934550033,1,0.3988001078560252,0,0,0,0
F2,mpx_008,mpx_004,mpx_004,9,9,0.4259229274611399,1,0.3715912487593482,0,0,0,0
F2,mpx_008,mpx_004,mpx_004,10,10,0.47587038952085486,1,0.3871169437685626,0,0,0,0
F2,mpx_008,mpx_004,mpx_004,11,11,0.3929170159262364,1,0.3511941880854553,0,0,0,0
F2,mpx_008,mpx_004,mpx_004,12,12,0.3393089960886571,1,0.32879960379227235,0,0,0,0
F2,mpx_008,mpx_004,mpx_004,13,13,0.3075191355245385,1,0.30481790773913026,0,0,0,0
F2,mpx_008,mpx_004,mpx_004,14,14,0.26100151745068284,1,0.26478666249115335,0,0,0,0
F2,mpx_008,mpx_004,mpx_004,15,15,0.23688524590163934,1,0.2375218897263854,0,0,0,1
F2,mpx_008,mpx_004,mpx_004,16,16,0.14719140083217752,1,0.27451874396080944,1,1,1,1
F2,mpx_008,mpx_004,mpx_004,17,17,0.12153790087463556,1,0.23336813713888244,1,1,1,1
F2,mpx_008,mpx_004,mpx_004,18,18,0.08132279534109817,1,0.22169620470570028,1,1,1,1
F2,mpx_008,mpx_004,mpx_004,19,19,0.0518783542039356,1,0.19354844433045296,1,1,1,1
F2,mpx_008,mpx_004,mpx_004,20,20,0.03936269915651359,1,0.16261501592850522,1,1,1,1
F2,mpx_008,mpx_004,mpx_004,21,21,0.0413022351797862,1,0.1471194714729872,1,1,1,1
F2,mpx_008,mpx_004,mpx_004,22,22,0.023290386521308225,1,0.13536296262726163,1,1,1,1
F2,mpx_008,mpx_004,mpx_004,23,23,0.024594320486815417,1,0.11781730788349212,1,1,1,1
F2,mpx_008,mpx_004,mpx_004,24,24,0.02447023208879919,1,0.08999264114686692,1,1,1,1
F2,mpx_008,mpx_004,mpx_004,25,25,0.011059371362048894,1,0.09005322745759564,1,1,1,1
F2,mpx_008,mpx_004,mpx_004,26,26,0.007647058823529412,1,0.06734363771193294,1,1,1,1
F2,mpx_008,mpx_004,mpx_004,27,27,0.004146919431279621,1,0.05030178736578907,1,1,1,1
F2,mpx_008,mpx_004,mpx_004,28,28,0.0031605562579013905,1,0.0469998219234167,1,1,1,1
F2,mpx_008,mpx_004,mpx_004,29,29,0.0031645569620253164,1,0.042634088026490574,1,1,1,1
F2,mpx_008,mpx_004,mpx_004,30,30,0.007362784471218206,1,0.05077566897921111,1,1,1,1
F2,mpx_008,mpx_004,mpx_004,31,31,0.007362784471218206,1,0.04536245593804911,1,1,1,1
F2,mpx_008,mpx_004,mpx_004,32,32,0.007362784471218206,1,0.04017506144401492,1,1,1,1
F2,mpx_008,mpx_004,mpx_004,33,33,0.007362784471218206,1,0.03859586404385196,1,1,1,1
F2,mpx_008,mpx_004,mpx_004,34,34,0.007362784471218206,1,0.03705200408010276,1,1,1,1
F2,mpx_008,mpx_004,mpx_004,35,35,0.007362784471218206,1,0.035555414137697944,1,1,1,1
F2,mpx_008,mpx_004,mpx_004,36,36,0.007362784471218206,1,0.03410449316577721,1,1,1,1
F2,mpx_008,mpx_005,mpx_005,3,3,0.5628006872852234,1,0.5972396590664356,0,0,0,0
F2,mpx_008,mpx_005,mpx_005,4,4,0.5604651162790698,1,0.5142614168431728,0,0,0,0
F2,mpx_008,mpx_005,mpx_005,5,5,0.5696737817156665,1,0.4798538120254434,0,0,0,0
F2,mpx_008,mpx_005,mpx_005,6,6,0.5792553191489361,1,0.4681036604609942,0,0,0,0
F2,mpx_008,mpx_005,mpx_005,7,7,0.5131138392857143,1,0.4233242864247511,0,0,0,0
F2,mpx_008,mpx_005,mpx_005,8,8,0.5186228197674418,1,0.42427602617822213,0,0,0,0
F2,mpx_008,mpx_005,mpx_005,9,9,0.4543335635359116,1,0.37618744720265207,0,0,0,0
F2,mpx_008,mpx_005,mpx_005,10,10,0.40365448504983387,1,0.36515235157709275,0,0,0,0
F2,mpx_008,mpx_005,mpx_005,11,11,0.3359228753275927,1,0.33003053225910534,0,0,0,0
F2,mpx_008,mpx_005,mpx_005,12,12,0.3365584685809405,1,0.3144400513853323,0,0,0,0
F2,mpx_008,mpx_005,mpx_005,13,13,0.30169753086419754,1,0.2655653394396354,0,0,0,0
F2,mpx_008,mpx_005,mpx_005,14,14,0.2949571836346337,1,0.24014679604780403,0,0,0,1
F2,mpx_008,mpx_005,mpx_005,15,15,0.26784702549575073,1,0.2230770040607327,0,0,1,1
F2,mpx_008,mpx_005,mpx_005,16,16,0.18384714193962748,1,0.1998158708420461,0,1,1,1
F2,mpx_008,mpx_005,mpx_005,17,17,0.18648208469055375,1,0.18387910972711705,0,1,1,1
F2,mpx_008,mpx_005,mpx_005,18,18,0.15840118430792005,1,0.19132882526940279,1,1,1,1
F2,mpx_008,mpx_005,mpx_005,19,19,0.1282642089093702,1,0.19700612763386796,1,1,1,1
F2,mpx_008,mpx_005,mpx_005,20,20,0.10203252032520325,1,0.17222190237091195,1,1,1,1
F2,mpx_008,mpx_005,mpx_005,21,21,0.05615640599001664,1,0.14574696668307163,1,1,1,1
F2,mpx_008,mpx_005,mpx_005,22,22,0.05211864406779661,1,0.11733521583152062,1,1,1,1
F2,mpx_008,mpx_005,mpx_005,23,23,0.04287003610108303,1,0.09535905509375324,1,1,1,1
F2,mpx_008,mpx_005,mpx_005,24,24,0.04406307977736549,1,0.08617544972332371,1,1,1,1
F2,mpx_008,mpx_005,mpx_005,25,25,0.048676748582230624,1,0.07908087736152014,1,1,1,1
F2,mpx_008,mpx_005,mpx_005,26,26,0.04398826979472141,1,0.06975865779225239,1,1,1,1
F2,mpx_008,mpx_005,mpx_005,27,27,0.0006234413965087282,1,0.12169472329468811,1,1,1,1
F2,mpx_008,mpx_005,mpx_005,28,28,0.0006234413965087282,1,0.09295706444673602,1,1,1,1
F2,mpx_008,mpx_005,mpx_005,29,29,0.0006234413965087282,1,0.06513707289823703,1,1,1,1
F2,mpx_008,mpx_005,mpx_005,30,30,0.0006234413965087282,1,0.06341441672395232,1,1,1,1
F2,mpx_008,mpx_005,mpx_005,31,31,0.0006234413965087282,1,0.06174426586422249,1,1,1,1
F2,mpx_008,mpx_005,mpx_005,32,32,0.0006234413965087282,1,0.06012381747194978,1,1,1,1
F2,mpx_008,mpx_005,mpx_005,33,33,0.0006234413965087282,1,0.05855268014729373,1,1,1,1
F2,mpx_008,mpx_005,mpx_005,34,34,0.0006234413965087282,1,0.057027073972189424,1,1,1,1
F2,mpx_008,mpx_006,mpx_006,3,3,0.5522629310344828,1,0.5978063216418935,0,0,0,0
F2,mpx_008,mpx_006,mpx_006,4,4,0.5293321299638989,1,0.5139297873248498,0,0,0,0
F2,mpx_008,mpx_006,mpx_006,5,5,0.5594879518072289,1,0.4683312493394425,0,0,0,0
F2,mpx_008,mpx_006,mpx_006,6,6,0.527581567440296,1,0.4306885991843203,0,0,0,0
F2,mpx_008,mpx_006,mpx_006,7,7,0.5314994793474488,1,0.44548281713239246,0,0,0,0
F2,mpx_008,mpx_006,mpx_006,8,8,0.4867296045600285,1,0.4179352107938493,0,0,0,0
F2,mpx_008,mpx_006,mpx_006,9,9,0.4996242014280346,1,0.4124105369258049,0,0,0,0
F2,mpx_008,mpx_006,mpx_006,10,10,0.4318103149878851,1,0.3619950251491184,0,0,0,0
F2,mpx_008,mpx_006,mpx_006,11,11,0.4251808501991384,1,0.35057432911763914,0,0,0,0
F2,mpx_008,mpx_006,mpx_006,12,12,0.4153722009279806,1,0.3379479539576833,0,0,0,0
F2,mpx_008,mpx_006,mpx_006,13,13,0.37215391621129323,1,0.3180520427456641,0,0,0,0
F2,mpx_008,mpx_006,mpx_006,14,14,0.3720319920019995,1,0.2952334515031882,0,0,0,0
F2,mpx_008,mpx_006,mpx_006,15,15,0.3666317991631799,1,0.2808411762591514,0,0,0,0
F2,mpx_008,mpx_006,mpx_006,16,16,0.3573565406581452,1,0.2664267082967713,0,0,0,0
F2,mpx_008,mpx_006,mpx_006,17,17,0.3251412429378531,1,0.2638357298318638,0,0,0,0
F2,mpx_008,mpx_006,mpx_006,18,18,0.34622718605284664,1,0.2714692562746814,0,0,0,0
F2,mpx_008,mpx_006,mpx_006,19,19,0.33607860135818524,1,0.23622881348708377,0,0,1,1
F2,mpx_008,mpx_006,mpx_006,20,20,0.31627296587926507,1,0.21113255173374296,0,1,1,1
F2,mpx_008,mpx_006,mpx_006,21,21,0.2681145852836547,1,0.22522038538063893,1,1,1,1
F2,mpx_008,mpx_006,mpx_006,22,22,0.2399835627696733,1,0.2114362312157865,1,1,1,1
F2,mpx_008,mpx_006,mpx_006,23,23,0.24792485801660114,1,0.20691482776795758,1,1,1,1
F2,mpx_008,mpx_006,mpx_006,24,24,0.009059745347698335,1,0.13170038043801413,1,1,1,1
F2,mpx_008,mpx_006,mpx_006,25,25,0.0071499013806706115,1,0.09285967198257043,1,1,1,1
F2,mpx_008,mpx_006,mpx_006,26,26,0.008887614678899083,1,0.11207971968608052,1,1,1,1
F2,mpx_008,mpx_006,mpx_006,27,27,0.009548611111111112,1,0.09742399696332363,1,1,1,1
F2,mpx_008,mpx_006,mpx_006,28,28,0.009548611111111112,1,0.08252112058414453,1,1,1,1
F2,mpx_008,mpx_006,mpx_006,29,29,0.006815703380588877,1,0.07237115827329517,1,1,1,1
F2,mpx_008,mpx_006,mpx_006,30,30,0.006815703380588877,1,0.06031048398506261,1,1,1,1
F2,mpx_008,mpx_006,mpx_006,31,31,0.006815703380588877,1,0.04834822513079998,1,1,1,1
F2,mpx_008,mpx_006,mpx_006,32,32,0.006815703380588877,1,0.046698363324029935,1,1,1,1
F2,mpx_008,mpx_006,mpx_006,33,33,0.006815703380588877,1,0.045100324315998225,1,1,1,1
F2,mpx_008,mpx_006,mpx_006,34,34,0.006815703380588877,1,0.0435407806278853,1,1,1,1
F2,mpx_008,mpx_006,mpx_006,35,35,0.006815703380588877,1,0.042027612566929134,1,1,1,1
F2,mpx_008,mpx_006,mpx_006,36,36,0.006815703380588877,1,0.04055744844711254,1,1,1,1
F2,mpx_008,mpx_007,mpx_007,3,3,0.5713629684055841,1,0.564874717552602,0,0,0,0
F2,mpx_008,mpx_007,mpx_007,4,4,0.5879883169039796,1,0.5300316325949374,0,0,0,0
F2,mpx_008,mpx_007,mpx_007,5,5,0.5646131339401821,1,0.4861100557464354,0,0,0,0
F2,mpx_008,mpx_007,mpx_007,6,6,0.5452755905511811,1,0.44226951440459666,0,0,0,0
F2,mpx_008,mpx_007,mpx_007,7,7,0.5093905031892275,1,0.41503079009137683,0,0,0,0
F2,mpx_008,mpx_007,mpx_007,8,8,0.5081967213114754,1,0.3922766643421387,0,0,0,0
F2,mpx_008,mpx_007,mpx_007,9,9,0.5191801119525847,1,0.375847862127422,0,0,0,0
F2,mpx_008,mpx_007,mpx_007,10,10,0.41336971350613916,1,0.35386686399319267,0,0,0,0
F2,mpx_008,mpx_007,mpx_007,11,11,0.3713063763608087,1,0.3346465393190498,0,0,0,0
F2,mpx_008,mpx_007,mpx_007,12,12,0.3737157534246575,1,0.3129881717856397,0,0,0,0
F2,mpx_008,mpx_007,mpx_007,13,13,0.3789752650176678,1,0.2955151341617289,0,0,0,0
F2,mpx_008,mpx_007,mpx_007,14,14,0.2511415525114155,1,0.28680004639945567,0,0,0,0
F2,mpx_008,mpx_007,mpx_007,15,15,0.2351413733410271,1,0.26678088984261733,0,0,0,1
F2,mpx_008,mpx_007,mpx_007,16,16,0.2286144578313253,1,0.2535120214846875,0,0,0,1
F2,mpx_008,mpx_007,mpx_007,17,17,0.24084967320261438,1,0.27019711422221915,0,0,0,1
F2,mpx_008,mpx_007,mpx_007,18,18,0.2018970189701897,1,0.23200577601260164,0,1,1,1
F2,mpx_008,mpx_007,mpx_007,19,19,0.15934065934065933,1,0.21661853557848998,1,1,1,1
F2,mpx_008,mpx_007,mpx_007,20,20,0.13500816993464052,1,0.1904553503722413,1,1,1,1
F2,mpx_008,mpx_007,mpx_007,21,21,0.12793132328308207,1,0.184258526258051,1,1,1,1
F2,mpx_008,mpx_007,mpx_007,22,22,0.05521032504780115,1,0.14460823373407303,1,1,1,1
F2,mpx_008,mpx_007,mpx_007,23,23,0.059591642924976256,1,0.13518170628589504,1,1,1,1
F2,mpx_008,mpx_007,mpx_007,24,24,0.049664107485604604,1,0.1180734965525235,1,1,1,1
F2,mpx_008,mpx_007,mpx_007,25,25,0.029572564612326043,1,0.09725880054584972,1,1,1,1
F2,mpx_008,mpx_007,mpx_007,26,26,0.006929637526652452,1,0.07288980945936163,1,1,1,1
F2,mpx_008,mpx_007,mpx_007,27,27,0.0054525627044711015,1,0.060472200217541267,1,1,1,1
F2,mpx_008,mpx_007,mpx_007,28,28,0.005580357142857143,1,0.05725520009697828,1,1,1,1
F2,mpx_008,mpx_007,mpx_007,29,29,0.005861664712778429,1,0.04855891325951079,1,1,1,1
F2,mpx_008,mpx_007,mpx_007,30,30,0.005861664712778429,1,0.043007329330509485,1,1,1,1
F2,mpx_008,mpx_007,mpx_007,31,31,0.005861664712778429,1,0.03904387329678402,1,1,1,1
F2,mpx_008,mpx_007,mpx_007,32,32,0.005861664712778429,1,0.03741883840458257,1,1,1,1
F2,mpx_008,mpx_007,mpx_007,33,33,0.005861664712778429,1,0.03583822619577906,1,1,1,1
F2,mpx_008,mpx_007,mpx_007,34,34,0.005861664712778429,1,0.03430444465845703,1,1,1,1
F2,mpx_008,mpx_007,mpx_007,35,35,0.005861664712778429,1,0.03277593030850093,1,1,1,1
F2,mpx_008,mpx_009,mpx_009,3,3,0.6009525588345163,1,0.6007616006318144,0,0,0,0
F2,mpx_008,mpx_009,mpx_009,4,4,0.5832457062740974,1,0.531261591756549,0,0,0,0
F2,mpx_008,mpx_009,mpx_009,5,5,0.5904588112617309,1,0.5022321446560554,0,0,0,0
F2,mpx_008,mpx_009,mpx_009,6,6,0.5553923263048738,1,0.48410371146542863,0,0,0,0
F2,mpx_008,mpx_009,mpx_009,7,7,0.5278614457831325,1,0.42053666780518545,0,0,0,0
F2,mpx_008,mpx_009,mpx_009,8,8,0.5185741088180112,1,0.4268010376276063,0,0,0,0
F2,mpx_008,mpx_009,mpx_009,9,9,0.4286544850498339,1,0.39370684389329025,0,0,0,0
F2,mpx_008,mpx_009,mpx_009,10,10,0.387208067940552,1,0.36394561742464204,0,0,0,0
F2,mpx_008,mpx_009,mpx_009,11,11,0.36305408702724684,1,0.33239153478073247,0,0,0,0
F2,mpx_008,mpx_009,mpx_009,12,12,0.2995147772386414,1,0.3046496723182314,0,0,0,0
F2,mpx_008,mpx_009,mpx_009,13,13,0.2857637286571297,1,0.28494303730693127,0,0,0,0
F2,mpx_008,mpx_009,mpx_009,14,14,0.275997150997151,1,0.2625837228634627,0,0,0,0
F2,mpx_008,mpx_009,mpx_009,15,15,0.22767100056529113,1,0.2510077939828079,0,0,0,0
F2,mpx_008,mpx_009,mpx_009,16,16,0.22663316582914572,1,0.23942358947587558,0,0,0,0
F2,mpx_008,mpx_009,mpx_009,17,17,0.21324324324324323,1,0.20854320868214743,0,0,1,1
F2,mpx_008,mpx_009,mpx_009,18,18,0.1872391174716756,1,0.18200946556483846,0,1,1,1
F2,mpx_008,mpx_009,mpx_009,19,19,0.1583956492182189,1,0.19716733911690523,1,1,1,1
F2,mpx_008,mpx_009,mpx_009,20,20,0.15264255910987481,1,0.17588016592961028,1,1,1,1
F2,mpx_008,mpx_009,mpx_009,21,21,0.15331010452961671,1,0.15998550455518493,1,1,1,1
F2,mpx_008,mpx_009,mpx_009,22,22,0.13173400673400673,1,0.16104289796721374,1,1,1,1
F2,mpx_008,mpx_009,mpx_009,23,23,0.05953533397870281,1,0.1444373844952923,1,1,1,1
F2,mpx_008,mpx_009,mpx_009,24,24,0.051521099116781155,1,0.11950293661881843,1,1,1,1
F2,mpx_008,mpx_009,mpx_009,25,25,0.030692549842602307,1,0.12547708358659035,1,1,1,1
F2,mpx_008,mpx_009,mpx_009,26,26,0.03054662379421222,1,0.12778579638460696,1,1,1,1
F2,mpx_008,mpx_009,mpx_009,27,27,0.025485436893203883,1,0.13670707704470944,1,1,1,1
F2,mpx_008,mpx_009,mpx_009,28,28,0.029069767441860465,1,0.11138361787003921,1,1,1,1
F2,mpx_008,mpx_009,mpx_009,29,29,0.029069767441860465,1,0.10400839612340557,1,1,1,1
F2,mpx_008,mpx_009,mpx_009,30,30,0.029069767441860465,1,0.09478856891410822,1,1,1,1
F2,mpx_008,mpx_009,mpx_009,31,31,0.029069767441860465,1,0.09294927379926508,1,1,1,1
F2,mpx_008,mpx_009,mpx_009,32,32,0.029069767441860465,1,0.09115373943319674,1,1,1,1
F2,mpx_008,mpx_009,mpx_009,33,33,0.029069767441860465,1,0.08957602567036815,1,1,1,1
F2,mpx_008,mpx_009,mpx_009,34,34,0.029069767441860465,1,0.08804371087692339,1,1,1,1
F2,mpx_008,mpx_009,mpx_009,35,35,0.029069767441860465,1,0.08655403091561581,1,1,1,1
F2,mpx_008,mpx_009,mpx_009,36,36,0.029069767441860465,1,0.0851057023737182,1,1,1,1
F2,mpx_008,mpx_010,mpx_010,3,3,0.552521805081532,1,0.6006599270396821,0,0,0,0
F2,mpx_008,mpx_010,mpx_010,4,4,0.5508203281312525,1,0.526148444809093,0,0,0,0
F2,mpx_008,mpx_010,mpx_010,5,5,0.5225806451612903,1,0.4862643599960674,0,0,0,0
F2,mpx_008,mpx_010,mpx_010,6,6,0.5197324966974901,1,0.4752203660116675,0,0,0,0
F2,mpx_008,mpx_010,mpx_010,7,7,0.44289844597036504,1,0.4202330024945406,0,0,0,0
F2,mpx_008,mpx_010,mpx_010,8,8,0.4455322178711285,1,0.43845947601960555,0,0,0,0
F2,mpx_008,mpx_010,mpx_010,9,9,0.4187617850408548,1,0.405922921741735,0,0,0,0
F2,mpx_008,mpx_010,mpx_010,10,10,0.37011854951185497,1,0.38922383410508743,0,0,0,0
F2,mpx_008,mpx_010,mpx_010,11,11,0.29808037316110514,1,0.3480542709050454,0,0,0,0
F2,mpx_008,mpx_010,mpx_010,12,12,0.27196485623003197,1,0.3258245940406203,0,0,0,0
F2,mpx_008,mpx_010,mpx_010,13,13,0.2615878843506195,1,0.30696761678132223,0,0,0,0
F2,mpx_008,mpx_010,mpx_010,14,14,0.2495287464655985,1,0.2821420106792839,0,0,0,0
F2,mpx_008,mpx_010,mpx_010,15,15,0.24621212121212122,1,0.26852249841320935,0,0,0,0
F2,mpx_008,mpx_010,mpx_010,16,16,0.18739205526770294,1,0.25827241789763017,0,0,0,0
F2,mpx_008,mpx_010,mpx_010,17,17,0.23773908778813144,1,0.26700282368368977,0,0,0,0
F2,mpx_008,mpx_010,mpx_010,18,18,0.20613079019073569,1,0.24327886940243676,0,0,1,1
F2,mpx_008,mpx_010,mpx_010,19,19,0.17786144578313254,1,0.2257921551339012,0,1,1,1
F2,mpx_008,mpx_010,mpx_010,20,20,0.14017800381436746,1,0.21849489973192285,0,1,1,1
F2,mpx_008,mpx_010,mpx_010,21,21,0.13618677042801555,1,0.1915316043840477,0,1,1,1
F2,mpx_008,mpx_010,mpx_010,22,22,0.13420195439739413,1,0.17907281163241848,0,1,1,1
F2,mpx_008,mpx_010,mpx_010,23,23,0.15037983425414364,1,0.1807751329517564,1,1,1,1
F2,mpx_008,mpx_010,mpx_010,24,24,0.15037983425414364,1,0.16737161414050764,1,1,1,1
F2,mpx_008,mpx_010,mpx_010,25,25,0.14086294416243655,1,0.15785143359921577,1,1,1,1
F2,mpx_008,mpx_010,mpx_010,26,26,0.0668429003021148,1,0.15969385698457914,1,1,1,1
F2,mpx_008,mpx_010,mpx_010,27,27,0.0583969465648855,1,0.13857811252021562,1,1,1,1
F2,mpx_008,mpx_010,mpx_010,28,28,0.041701244813278006,1,0.14373921173206128,1,1,1,1
F2,mpx_008,mpx_010,mpx_010,29,29,0.04515209125475285,1,0.13920271473623808,1,1,1,1
F2,mpx_008,mpx_010,mpx_010,30,30,0.036650485436893206,1,0.12645568973764415,1,1,1,1
F2,mpx_008,mpx_010,mpx_010,31,31,0.009746588693957114,1,0.06807976181216906,1,1,1,1
F2,mpx_008,mpx_010,mpx_010,32,32,0.009606147934678195,1,0.036289209674832325,1,1,1,1
F2,mpx_008,mpx_010,mpx_010,33,33,0.009606147934678195,1,0.011796069699484065,1,1,1,1
F2,mpx_008,mpx_010,mpx_010,34,34,0.009606147934678195,1,0.00907123043624114,1,1,1,1
F2,mpx_008,mpx_010,mpx_010,35,35,0.009606147934678195,1,0.007579721004218769,1,1,1,1
F2,mpx_008,mpx_010,mpx_010,36,36,0.009606147934678195,1,0.0061251849467212,1,1,1,1
F2,mpx_008,mpx_010,mpx_010,37,37,0.009606147934678195,1,0.004708296594874754,1,1,1,1
F2,mpx_008,mpx_010,mpx_010,38,38,0.009606147934678195,1,0.003329769496434258,1,1,1,1
F2,mpx_008,mpx_010,mpx_010,39,39,0.009606147934678195,1,0.0019843681526188414,1,1,1,1
F2,mpx_008,mpx_010,mpx_010,40,40,0.009606147934678195,1,0.0006530118401020177,1,1,1,1
F2,mpx_009,mpx_001,mpx_001,3,3,0.6065005620082428,1,0.5866352395297828,0,0,0,0
F2,mpx_009,mpx_001,mpx_001,4,4,0.5217815344603381,1,0.5021243480411617,0,0,0,0
F2,mpx_009,mpx_001,mpx_001,5,5,0.5769379097570382,1,0.4695553108033738,0,0,0,0
F2,mpx_009,mpx_001,mpx_001,6,6,0.5556057866184448,1,0.4616651600515367,0,0,0,0
F2,mpx_009,mpx_001,mpx_001,7,7,0.5194575471698113,1,0.4279029052761416,0,0,0,0
F2,mpx_009,mpx_001,mpx_001,8,8,0.5017568517217147,1,0.4304036195629806,0,0,0,0
F2,mpx_009,mpx_001,mpx_001,9,9,0.5049001814882033,1,0.3917338179669567,0,0,0,0
F2,mpx_009,mpx_001,mpx_001,10,10,0.4974719101123595,1,0.3718380316950233,0,0,0,0
F2,mpx_009,mpx_001,mpx_001,11,11,0.4577831827658096,1,0.36262384614081655,0,0,0,0
F2,mpx_009,mpx_001,mpx_001,12,12,0.4615817091454273,1,0.3483200594021796,0,0,0,0
F2,mpx_009,mpx_001,mpx_001,13,13,0.3973174030658251,1,0.3305482536876405,0,0,0,0
F2,mpx_009,mpx_001,mpx_001,14,14,0.3569379238393323,1,0.30929633794977873,0,0,0,0
F2,mpx_009,mpx_001,mpx_001,15,15,0.3658119658119658,1,0.28101354520589933,0,0,0,0
F2,mpx_009,mpx_001,mpx_001,16,16,0.3568019093078759,1,0.26824155212320927,0,0,0,0
F2,mpx_009,mpx_001,mpx_001,17,17,0.3432256059664388,1,0.26547137798273046,0,0,0,0
F2,mpx_009,mpx_001,mpx_001,18,18,0.3432256059664388,1,0.257235508085767,0,0,0,0
F2,mpx_009,mpx_001,mpx_001,19,19,0.34108412322274884,1,0.25648527596923554,0,0,0,0
F2,mpx_009,mpx_001,mpx_001,20,20,0.2252106286454958,1,0.21295282207829608,0,1,1,1
F2,mpx_009,mpx_001,mpx_001,21,21,0.17652899126290708,1,0.16856095343941088,1,1,1,1
F2,mpx_009,mpx_001,mpx_001,22,22,0.10955518945634267,1,0.14540425202822022,1,1,1,1
F2,mpx_009,mpx_001,mpx_001,23,23,0.12847555129434324,1,0.1246708937311564,1,1,1,1
F2,mpx_009,mpx_001,mpx_001,24,24,0.11339937434827946,1,0.10427084800463177,1,1,1,1
F2,mpx_009,mpx_001,mpx_001,25,25,0.11037934668071654,1,0.0952174955343308,1,1,1,1
F2,mpx_009,mpx_001,mpx_001,26,26,0.10059012875536481,1,0.09245505290832191,1,1,1,1
F2,mpx_009,mpx_001,mpx_001,27,27,0.056598407281001135,1,0.07457668013341062,1,1,1,1
F2,mpx_009,mpx_001,mpx_001,28,28,0.08451086956521739,1,0.07518220558263372,1,1,1,1
F2,mpx_009,mpx_001,mpx_001,29,29,0.07377049180327869,1,0.06101282121180167,1,1,1,1
F2,mpx_009,mpx_001,mpx_001,30,30,0.07377049180327869,1,0.05436223051112503,1,1,1,1
F2,mpx_009,mpx_001,mpx_001,31,31,0.07377049180327869,1,0.050931351511410955,1,1,1,1
F2,mpx_009,mpx_001,mpx_001,32,32,0.07377049180327869,1,0.04929735068648897,1,1,1,1
F2,mpx_009,mpx_001,mpx_001,33,33,0.07377049180327869,1,0.04771125868748388,1,1,1,1
F2,mpx_009,mpx_001,mpx_001,34,34,0.07377049180327869,1,0.046170749405757994,1,1,1,1
F2,mpx_009,mpx_001,mpx_001,35,35,0.07377049180327869,1,0.04467013692626773,1,1,1,1
F2,mpx_009,mpx_002,mpx_002,3,3,0.5828273244781784,1,0.5919910850297821,0,0,0,0
F2,mpx_009,mpx_002,mpx_002,4,4,0.5582010582010583,1,0.5069896443043492,0,0,0,0
F2,mpx_009,mpx_002,mpx_002,5,5,0.5757695343330702,1,0.47264052686637104,0,0,0,0
F2,mpx_009,mpx_002,mpx_002,6,6,0.4556597564988483,1,0.4576525078063416,0,0,0,0
F2,mpx_009,mpx_002,mpx_002,7,7,0.4472869360070776,1,0.43236487592546236,0,0,0,0
F2,mpx_009,mpx_002,mpx_002,8,8,0.45437150426847217,1,0.3787274247249488,0,0,0,0
F2,mpx_009,mpx_002,mpx_002,9,9,0.42563853863562884,1,0.36012665127972754,0,0,0,0
F2,mpx_009,mpx_002,mpx_002,10,10,0.3926126126126126,1,0.34060843913650757,0,0,0,0
F2,mpx_009,mpx_002,mpx_002,11,11,0.3585817888799355,1,0.34985894523526556,0,0,0,0
F2,mpx_009,mpx_002,mpx_002,12,12,0.34447916666666667,1,0.3634510124140307,0,0,0,0
F2,mpx_009,mpx_002,mpx_002,13,13,0.29640522875816994,1,0.31789085764793507,0,0,0,0
F2,mpx_009,mpx_002,mpx_002,14,14,0.2627577319587629,1,0.30699934329522593,0,0,0,1
F2,mpx_009,mpx_002,mpx_002,15,15,0.23790322580645162,1,0.3010578193315622,0,0,1,1
F2,mpx_009,mpx_002,mpx_002,16,16,0.2294352363413137,1,0.27774511919334377,0,0,1,1
F2,mpx_009,mpx_002,mpx_002,17,17,0.22189256714553404,1,0.26001373623641716,0,0,1,1
F2,mpx_009,mpx_002,mpx_002,18,18,0.12879362670713201,1,0.22455660986827436,1,1,1,1
F2,mpx_009,mpx_002,mpx_002,19,19,0.1507782101167315,1,0.19960060966924917,1,1,1,1
F2,mpx_009,mpx_002,mpx_002,20,20,0.07680457746478873,1,0.15716275116541997,1,1,1,1
F2,mpx_009,mpx_002,mpx_002,21,21,0.04848628192999054,1,0.1369969532396907,1,1,1,1
F2,mpx_009,mpx_002,mpx_002,22,22,0.031874405328258804,1,0.10744122098566983,1,1,1,1
F2,mpx_009,mpx_002,mpx_002,23,23,0.03125,1,0.09398047335384165,1,1,1,1
F2,mpx_009,mpx_002,mpx_002,24,24,0.03375337533753375,1,0.10460635055287816,1,1,1,1
F2,mpx_009,mpx_002,mpx_002,25,25,0.025257249766136577,1,0.05791207128099819,1,1,1,1
F2,mpx_009,mpx_002,mpx_002,26,26,0.025233644859813085,1,0.04463484661400855,1,1,1,1
F2,mpx_009,mpx_002,mpx_002,27,27,0.0254323499491353,1,0.04450594194351673,1,1,1,1
F2,mpx_009,mpx_002,mpx_002,28,28,0.03976190476190476,1,0.04073292597827374,1,1,1,1
F2,mpx_009,mpx_002,mpx_002,29,29,0.01708984375,1,0.03076545437308312,1,1,1,1
F2,mpx_009,mpx_002,mpx_002,30,30,0.01708984375,1,0.021959134922651537,1,1,1,1
F2,mpx_009,mpx_002,mpx_002,31,31,0.017123287671232876,1,0.01851351540881069,1,1,1,1
F2,mpx_009,mpx_002,mpx_002,32,32,0.017123287671232876,1,0.016810386177632156,1,1,1,1
F2,mpx_009,mpx_002,mpx_002,33,33,0.017123287671232876,1,0.015154190089708384,1,1,1,1
F2,mpx_009,mpx_002,mpx_002,34,34,0.017123287671232876,1,0.013618315964104198,1,1,1,1
F2,mpx_009,mpx_002,mpx_002,35,35,0.017123287671232876,1,0.01212837329793267,1,1,1,1
F2,mpx_009,mpx_002,mpx_002,36,36,0.017123287671232876,1,0.01067644905542877,1,1,1,1
F2,mpx_009,mpx_002,mpx_002,37,37,0.017123287671232876,1,0.009262268692383828,1,1,1,1
F2,mpx_009,mpx_003,mpx_003,3,3,0.5955643707176344,1,0.5842270424880774,0,0,0,0
F2,mpx_009,mpx_003,mpx_003,4,4,0.5693963860053826,1,0.5164229530266604,0,0,0,0
F2,mpx_009,mpx_003,mpx_003,5,5,0.595224171539961,1,0.47267361596646434,0,0,0,0
F2,mpx_009,mpx_003,mpx_003,6,6,0.5647433747064743,1,0.47513485799156663,0,0,0,0
F2,mpx_009,mpx_003,mpx_003,7,7,0.5831946755407654,1,0.44798561726681135,0,0,0,0
F2,mpx_009,mpx_003,mpx_003,8,8,0.5078179291174427,1,0.4193674840344753,0,0,0,0
F2,mpx_009,mpx_003,mpx_003,9,9,0.5019812680115274,1,0.4058152236872069,0,0,0,0
F2,mpx_009,mpx_003,mpx_003,10,10,0.539460020768432,1,0.41586096265396316,0,0,0,0
F2,mpx_009,mpx_003,mpx_003,11,11,0.5115842204132749,1,0.38394628150389243,0,0,0,0
F2,mpx_009,mpx_003,mpx_003,12,12,0.4670428524697416,1,0.3448496443970281,0,0,0,0
F2,mpx_009,mpx_003,mpx_003,13,13,0.42064914376742335,1,0.3383014439815277,0,0,0,0
F2,mpx_009,mpx_003,mpx_003,14,14,0.37399193548387094,1,0.324199595198895,0,0,0,0
F2,mpx_009,mpx_003,mpx_003,15,15,0.3703125,1,0.3012935882671693,0,0,0,0
F2,mpx_009,mpx_003,mpx_003,16,16,0.37266059686393527,1,0.2866987468685356,0,0,0,0
F2,mpx_009,mpx_003,mpx_003,17,17,0.3661631419939577,1,0.29552615810214744,0,0,0,0
F2,mpx_009,mpx_003,mpx_003,18,18,0.2889531345100426,1,0.3090340785455181,0,0,0,0
F2,mpx_009,mpx_003,mpx_003,19,19,0.3002776064157927,1,0.26189978326938035,0,0,0,1
F2,mpx_009,mpx_003,mpx_003,20,20,0.3047153024911032,1,0.24747577252189382,0,0,0,1
F2,mpx_009,mpx_003,mpx_003,21,21,0.29255698005698005,1,0.21988164590228337,0,1,1,1
F2,mpx_009,mpx_003,mpx_003,22,22,0.2615881458966565,1,0.2159201070806296,1,1,1,1
F2,mpx_009,mpx_003,mpx_003,23,23,0.182062966031483,1,0.18132152405505045,1,1,1,1
F2,mpx_009,mpx_003,mpx_003,24,24,0.1799913569576491,1,0.15619789995112782,1,1,1,1
F2,mpx_009,mpx_003,mpx_003,25,25,0.14772727272727273,1,0.12335627163459045,1,1,1,1
F2,mpx_009,mpx_003,mpx_003,26,26,0.15691021126760563,1,0.11418176371403593,1,1,1,1
F2,mpx_009,mpx_003,mpx_003,27,27,0.14925373134328357,1,0.09880092357007918,1,1,1,1
F2,mpx_009,mpx_003,mpx_003,28,28,0.11656118143459916,1,0.06826061775653006,1,1,1,1
F2,mpx_009,mpx_003,mpx_003,29,29,0.01066925315227934,1,0.05972394196666063,1,1,1,1
F2,mpx_009,mpx_003,mpx_003,30,30,0.018649669499527857,1,0.03956872272864265,1,1,1,1
F2,mpx_009,mpx_003,mpx_003,31,31,0.011560693641618497,1,0.03836260985110571,1,1,1,1
F2,mpx_009,mpx_003,mpx_003,32,32,0.009471585244267198,1,0.029900531393264634,1,1,1,1
F2,mpx_009,mpx_003,mpx_003,33,33,0.008655804480651732,1,0.02614157322097521,1,1,1,1
F2,mpx_009,mpx_003,mpx_003,34,34,0.008655804480651732,1,0.02237673754791506,1,1,1,1
F2,mpx_009,mpx_003,mpx_003,35,35,0.008655804480651732,1,0.019655022575930322,1,1,1,1
F2,mpx_009,mpx_003,mpx_003,36,36,0.008655804480651732,1,0.018180693102833292,1,1,1,1
F2,mpx_009,mpx_003,mpx_003,37,37,0.008655804480651732,1,0.01674162437935078,1,1,1,1
F2,mpx_009,mpx_003,mpx_003,38,38,0.008655804480651732,1,0.015344128928795619,1,1,1,1
F2,mpx_009,mpx_003,mpx_003,39,39,0.008655804480651732,1,0.013978622915509619,1,1,1,1
F2,mpx_009,mpx_003,mpx_003,40,40,0.008655804480651732,1,0.012642159599813376,1,1,1,1
F2,mpx_009,mpx_003,mpx_003,41,41,0.008655804480651732,1,0.011341050400316282,1,1,1,1
F2,mpx_009,mpx_004,mpx_004,3,3,0.590662776156732,1,0.5869546680916583,0,0,0,0
F2,mpx_009,mpx_004,mpx_004,4,4,0.5101778193729527,1,0.5185659096369358,0,0,0,0
F2,mpx_009,mpx_004,mpx_004,5,5,0.5884559884559885,1,0.5028991399804023,0,0,0,0
F2,mpx_009,mpx_004,mpx_004,6,6,0.5170893906588309,1,0.4604491078093878,0,0,0,0
F2,mpx_009,mpx_004,mpx_004,7,7,0.511353517364203,1,0.4359767084371853,0,0,0,0
F2,mpx_009,mpx_004,mpx_004,8,8,0.49756135934550033,1,0.39954575355944794,0,0,0,0
F2,mpx_009,mpx_004,mpx_004,9,9,0.4259229274611399,1,0.373018315362772,0,0,0,0
F2,mpx_009,mpx_004,mpx_004,10,10,0.47587038952085486,1,0.3898598246985567,0,0,0,0
F2,mpx_009,mpx_004,mpx_004,11,11,0.3929170159262364,1,0.35311048813318374,0,0,0,0
F2,mpx_009,mpx_004,mpx_004,12,12,0.3393089960886571,1,0.33039949850648237,0,0,0,0
F2,mpx_009,mpx_004,mpx_004,13,13,0.3075191355245385,1,0.30812524392311125,0,0,0,0
F2,mpx_009,mpx_004,mpx_004,14,14,0.26100151745068284,1,0.27095719294701626,0,0,0,0
F2,mpx_009,mpx_004,mpx_004,15,15,0.23688524590163934,1,0.2450608924298114,0,0,0,1
F2,mpx_009,mpx_004,mpx_004,16,16,0.14719140083217752,1,0.2754562458010864,1,1,1,1
F2,mpx_009,mpx_004,mpx_004,17,17,0.12153790087463556,1,0.2359120099566635,1,1,1,1
F2,mpx_009,mpx_004,mpx_004,18,18,0.08132279534109817,1,0.2228321046344751,1,1,1,1
F2,mpx_009,mpx_004,mpx_004,19,19,0.0518783542039356,1,0.19669374102852516,1,1,1,1
F2,mpx_009,mpx_004,mpx_004,20,20,0.03936269915651359,1,0.16753444757850958,1,1,1,1
F2,mpx_009,mpx_004,mpx_004,21,21,0.0413022351797862,1,0.14966036419044065,1,1,1,1
F2,mpx_009,mpx_004,mpx_004,22,22,0.023290386521308225,1,0.136966886673027,1,1,1,1
F2,mpx_009,mpx_004,mpx_004,23,23,0.024594320486815417,1,0.1164369543071241,1,1,1,1
F2,mpx_009,mpx_004,mpx_004,24,24,0.02447023208879919,1,0.0902068836588432,1,1,1,1
F2,mpx_009,mpx_004,mpx_004,25,25,0.011059371362048894,1,0.08904323558749404,1,1,1,1
F2,mpx_009,mpx_004,mpx_004,26,26,0.007647058823529412,1,0.06604572726891575,1,1,1,1
F2,mpx_009,mpx_004,mpx_004,27,27,0.004146919431279621,1,0.04999169222619308,1,1,1,1
F2,mpx_009,mpx_004,mpx_004,28,28,0.0031605562579013905,1,0.04684835887575461,1,1,1,1
F2,mpx_009,mpx_004,mpx_004,29,29,0.0031645569620253164,1,0.04245628038757679,1,1,1,1
F2,mpx_009,mpx_004,mpx_004,30,30,0.007362784471218206,1,0.04957954690498406,1,1,1,1
F2,mpx_009,mpx_004,mpx_004,31,31,0.007362784471218206,1,0.044428025885392256,1,1,1,1
F2,mpx_009,mpx_004,mpx_004,32,32,0.007362784471218206,1,0.03949025532682997,1,1,1,1
F2,mpx_009,mpx_004,mpx_004,33,33,0.007362784471218206,1,0.03792260183466824,1,1,1,1
F2,mpx_009,mpx_004,mpx_004,34,34,0.007362784471218206,1,0.036390001663102065,1,1,1,1
F2,mpx_009,mpx_004,mpx_004,35,35,0.007362784471218206,1,0.03490433220995352,1,1,1,1
F2,mpx_009,mpx_004,mpx_004,36,36,0.007362784471218206,1,0.03346400609771204,1,1,1,1
F2,mpx_009,mpx_005,mpx_005,3,3,0.5628006872852234,1,0.593952541466871,0,0,0,0
F2,mpx_009,mpx_005,mpx_005,4,4,0.5604651162790698,1,0.5107748326018987,0,0,0,0
F2,mpx_009,mpx_005,mpx_005,5,5,0.5696737817156665,1,0.4783706293270888,0,0,0,0
F2,mpx_009,mpx_005,mpx_005,6,6,0.5792553191489361,1,0.46594275018646913,0,0,0,0
F2,mpx_009,mpx_005,mpx_005,7,7,0.5131138392857143,1,0.42254568601051584,0,0,0,0
F2,mpx_009,mpx_005,mpx_005,8,8,0.5186228197674418,1,0.42513639046354834,0,0,0,0
F2,mpx_009,mpx_005,mpx_005,9,9,0.4543335635359116,1,0.37697267635070286,0,0,0,0
F2,mpx_009,mpx_005,mpx_005,10,10,0.40365448504983387,1,0.36692951790365386,0,0,0,0
F2,mpx_009,mpx_005,mpx_005,11,11,0.3359228753275927,1,0.33164160868601644,0,0,0,0
F2,mpx_009,mpx_005,mpx_005,12,12,0.3365584685809405,1,0.3138330237895877,0,0,0,0
F2,mpx_009,mpx_005,mpx_005,13,13,0.30169753086419754,1,0.26720290434486627,0,0,0,0
F2,mpx_009,mpx_005,mpx_005,14,14,0.2949571836346337,1,0.24314394926984548,0,0,0,1
F2,mpx_009,mpx_005,mpx_005,15,15,0.26784702549575073,1,0.22532167936562572,0,0,1,1
F2,mpx_009,mpx_005,mpx_005,16,16,0.18384714193962748,1,0.20158827487170985,0,1,1,1
F2,mpx_009,mpx_005,mpx_005,17,17,0.18648208469055375,1,0.18651798390385538,0,1,1,1
F2,mpx_009,mpx_005,mpx_005,18,18,0.15840118430792005,1,0.1930917375693698,1,1,1,1
F2,mpx_009,mpx_005,mpx_005,19,19,0.1282642089093702,1,0.20314112067996895,1,1,1,1
F2,mpx_009,mpx_005,mpx_005,20,20,0.10203252032520325,1,0.18040314224258316,1,1,1,1
F2,mpx_009,mpx_005,mpx_005,21,21,0.05615640599001664,1,0.15083549165440707,1,1,1,1
F2,mpx_009,mpx_005,mpx_005,22,22,0.05211864406779661,1,0.12179808594227451,1,1,1,1
F2,mpx_009,mpx_005,mpx_005,23,23,0.04287003610108303,1,0.09706528498225561,1,1,1,1
F2,mpx_009,mpx_005,mpx_005,24,24,0.04406307977736549,1,0.08812732535446294,1,1,1,1
F2,mpx_009,mpx_005,mpx_005,25,25,0.048676748582230624,1,0.07986652992201025,1,1,1,1
F2,mpx_009,mpx_005,mpx_005,26,26,0.04398826979472141,1,0.06998711352114988,1,1,1,1
F2,mpx_009,mpx_005,mpx_005,27,27,0.0006234413965087282,1,0.12061754399928999,1,1,1,1
F2,mpx_009,mpx_005,mpx_005,28,28,0.0006234413965087282,1,0.09391089274349444,1,1,1,1
F2,mpx_009,mpx_005,mpx_005,29,29,0.0006234413965087282,1,0.06805736359962476,1,1,1,1
F2,mpx_009,mpx_005,mpx_005,30,30,0.0006234413965087282,1,0.06634840396794435,1,1,1,1
F2,mpx_009,mpx_005,mpx_005,31,31,0.0006234413965087282,1,0.06469152622266079,1,1,1,1
F2,mpx_009,mpx_005,mpx_005,32,32,0.0006234413965087282,1,0.06308395097670942,1,1,1,1
F2,mpx_009,mpx_005,mpx_005,33,33,0.0006234413965087282,1,0.06152529423188795,1,1,1,1
F2,mpx_009,mpx_005,mpx_005,34,34,0.0006234413965087282,1,0.06001180490294862,1,1,1,1
F2,mpx_009,mpx_006,mpx_006,3,3,0.5522629310344828,1,0.5956544407750046,0,0,0,0
F2,mpx_009,mpx_006,mpx_006,4,4,0.5293321299638989,1,0.5114504583220434,0,0,0,0
F2,mpx_009,mpx_006,mpx_006,5,5,0.5594879518072289,1,0.4666936362797073,0,0,0,0
F2,mpx_009,mpx_006,mpx_006,6,6,0.527581567440296,1,0.43023280045375845,0,0,0,0
F2,mpx_009,mpx_006,mpx_006,7,7,0.5314994793474488,1,0.44510004177982826,0,0,0,0
F2,mpx_009,mpx_006,mpx_006,8,8,0.4867296045600285,1,0.41790605717049767,0,0,0,0
F2,mpx_009,mpx_006,mpx_006,9,9,0.4996242014280346,1,0.4138688580309305,0,0,0,0
F2,mpx_009,mpx_006,mpx_006,10,10,0.4318103149878851,1,0.36020753554757573,0,0,0,0
F2,mpx_009,mpx_006,mpx_006,11,11,0.4251808501991384,1,0.3539377049590988,0,0,0,0
F2,mpx_009,mpx_006,mpx_006,12,12,0.4153722009279806,1,0.33819101802166984,0,0,0,0
F2,mpx_009,mpx_006,mpx_006,13,13,0.37215391621129323,1,0.3183374779431269,0,0,0,0
F2,mpx_009,mpx_006,mpx_006,14,14,0.3720319920019995,1,0.2955206688853768,0,0,0,0
F2,mpx_009,mpx_006,mpx_006,15,15,0.3666317991631799,1,0.28083709162270626,0,0,0,0
F2,mpx_009,mpx_006,mpx_006,16,16,0.3573565406581452,1,0.26640011717564044,0,0,0,0
F2,mpx_009,mpx_006,mpx_006,17,17,0.3251412429378531,1,0.2628809709093598,0,0,0,0
F2,mpx_009,mpx_006,mpx_006,18,18,0.34622718605284664,1,0.2722655948553767,0,0,0,0
F2,mpx_009,mpx_006,mpx_006,19,19,0.33607860135818524,1,0.23997640194134612,0,0,1,1
F2,mpx_009,mpx_006,mpx_006,20,20,0.31627296587926507,1,0.2158291060556541,0,1,1,1
F2,mpx_009,mpx_006,mpx_006,21,21,0.2681145852836547,1,0.23218780869146619,1,1,1,1
F2,mpx_009,mpx_006,mpx_006,22,22,0.2399835627696733,1,0.2173900743001856,1,1,1,1
F2,mpx_009,mpx_006,mpx_006,23,23,0.24792485801660114,1,0.21538414089187857,1,1,1,1
F2,mpx_009,mpx_006,mpx_006,24,24,0.009059745347698335,1,0.13318224235349851,1,1,1,1
F2,mpx_009,mpx_006,mpx_006,25,25,0.0071499013806706115,1,0.09617558337807154,1,1,1,1
F2,mpx_009,mpx_006,mpx_006,26,26,0.008887614678899083,1,0.12120936519264228,1,1,1,1
F2,mpx_009,mpx_006,mpx_006,27,27,0.009548611111111112,1,0.10715240155201644,1,1,1,1
F2,mpx_009,mpx_006,mpx_006,28,28,0.009548611111111112,1,0.09312449522990551,1,1,1,1
F2,mpx_009,mpx_006,mpx_006,29,29,0.006815703380588877,1,0.07324754896258723,1,1,1,1
F2,mpx_009,mpx_006,mpx_006,30,30,0.006815703380588877,1,0.06187890573157491,1,1,1,1
F2,mpx_009,mpx_006,mpx_006,31,31,0.006815703380588877,1,0.0506079110961566,1,1,1,1
F2,mpx_009,mpx_006,mpx_006,32,32,0.006815703380588877,1,0.04897228814093359,1,1,1,1
F2,mpx_009,mpx_006,mpx_006,33,33,0.006815703380588877,1,0.04738804286781635,1,1,1,1
F2,mpx_009,mpx_006,mpx_006,34,34,0.006815703380588877,1,0.04584194191502034,1,1,1,1
F2,mpx_009,mpx_006,mpx_006,35,35,0.006815703380588877,1,0.04434181920026648,1,1,1,1
F2,mpx_009,mpx_006,mpx_006,36,36,0.006815703380588877,1,0.042884330435929936,1,1,1,1
F2,mpx_009,mpx_007,mpx_007,3,3,0.5713629684055841,1,0.5620195831320726,0,0,0,0
F2,mpx_009,mpx_007,mpx_007,4,4,0.5879883169039796,1,0.5299199679623696,0,0,0,0
F2,mpx_009,mpx_007,mpx_007,5,5,0.5646131339401821,1,0.4837682893844456,0,0,0,0
F2,mpx_009,mpx_007,mpx_007,6,6,0.5452755905511811,1,0.44360156494399006,0,0,0,0
F2,mpx_009,mpx_007,mpx_007,7,7,0.5093905031892275,1,0.4152280006888521,0,0,0,0
F2,mpx_009,mpx_007,mpx_007,8,8,0.5081967213114754,1,0.39338481961623767,0,0,0,0
F2,mpx_009,mpx_007,mpx_007,9,9,0.5191801119525847,1,0.37820606013122865,0,0,0,0
F2,mpx_009,mpx_007,mpx_007,10,10,0.41336971350613916,1,0.35819024584055537,0,0,0,0
F2,mpx_009,mpx_007,mpx_007,11,11,0.3713063763608087,1,0.33900427059310556,0,0,0,0
F2,mpx_009,mpx_007,mpx_007,12,12,0.3737157534246575,1,0.31892966189572547,0,0,0,0
F2,mpx_009,mpx_007,mpx_007,13,13,0.3789752650176678,1,0.30090339002088035,0,0,0,0
F2,mpx_009,mpx_007,mpx_007,14,14,0.2511415525114155,1,0.28853146401075036,0,0,0,0
F2,mpx_009,mpx_007,mpx_007,15,15,0.2351413733410271,1,0.2684374496056714,0,0,0,1
F2,mpx_009,mpx_007,mpx_007,16,16,0.2286144578313253,1,0.2579472838855947,0,0,0,1
F2,mpx_009,mpx_007,mpx_007,17,17,0.24084967320261438,1,0.27464112111416766,0,0,0,1
F2,mpx_009,mpx_007,mpx_007,18,18,0.2018970189701897,1,0.23854111038046188,0,1,1,1
F2,mpx_009,mpx_007,mpx_007,19,19,0.15934065934065933,1,0.22661455665617614,1,1,1,1
F2,mpx_009,mpx_007,mpx_007,20,20,0.13500816993464052,1,0.19846970282037926,1,1,1,1
F2,mpx_009,mpx_007,mpx_007,21,21,0.12793132328308207,1,0.19166653871473252,1,1,1,1
F2,mpx_009,mpx_007,mpx_007,22,22,0.05521032504780115,1,0.14917555534562485,1,1,1,1
F2,mpx_009,mpx_007,mpx_007,23,23,0.059591642924976256,1,0.14286595412875183,1,1,1,1
F2,mpx_009,mpx_007,mpx_007,24,24,0.049664107485604604,1,0.12488218626643019,1,1,1,1
F2,mpx_009,mpx_007,mpx_007,25,25,0.029572564612326043,1,0.10091531561562796,1,1,1,1
F2,mpx_009,mpx_007,mpx_007,26,26,0.006929637526652452,1,0.07587781654418362,1,1,1,1
F2,mpx_009,mpx_007,mpx_007,27,27,0.0054525627044711015,1,0.06268995217241521,1,1,1,1
F2,mpx_009,mpx_007,mpx_007,28,28,0.005580357142857143,1,0.06004652844061413,1,1,1,1
F2,mpx_009,mpx_007,mpx_007,29,29,0.005861664712778429,1,0.05068052087655069,1,1,1,1
F2,mpx_009,mpx_007,mpx_007,30,30,0.005861664712778429,1,0.045458450007026904,1,1,1,1
F2,mpx_009,mpx_007,mpx_007,31,31,0.005861664712778429,1,0.041698943130026596,1,1,1,1
F2,mpx_009,mpx_007,mpx_007,32,32,0.005861664712778429,1,0.04008656730740507,1,1,1,1
F2,mpx_009,mpx_007,mpx_007,33,33,0.005861664712778429,1,0.03851825560162148,1,1,1,1
F2,mpx_009,mpx_007,mpx_007,34,34,0.005861664712778429,1,0.03699640932470805,1,1,1,1
F2,mpx_009,mpx_007,mpx_007,35,35,0.005861664712778429,1,0.035479701785535424,1,1,1,1
F2,mpx_009,mpx_008,mpx_008,3,3,0.5806645316253003,1,0.6044802477456344,0,0,0,0
F2,mpx_009,mpx_008,mpx_008,4,4,0.5477707006369427,1,0.5398280461622008,0,0,0,0
F2,mpx_009,mpx_008,mpx_008,5,5,0.5409054805401112,1,0.49572676709822,0,0,0,0
F2,mpx_009,mpx_008,mpx_008,6,6,0.48241539482415396,1,0.4647167650917056,0,0,0,0
F2,mpx_009,mpx_008,mpx_008,7,7,0.5043092018032352,1,0.4466615152228412,0,0,0,0
F2,mpx_009,mpx_008,mpx_008,8,8,0.5109121432568551,1,0.3942077127239821,0,0,0,0
F2,mpx_009,mpx_008,mpx_008,9,9,0.45834842448388263,1,0.36632230057228515,0,0,0,0
F2,mpx_009,mpx_008,mpx_008,10,10,0.44056992875890516,1,0.3578480959377499,0,0,0,0
F2,mpx_009,mpx_008,mpx_008,11,11,0.4366615561517823,1,0.33961251226815886,0,0,0,0
F2,mpx_009,mpx_008,mpx_008,12,12,0.4267362505018065,1,0.3305709565051919,0,0,0,0
F2,mpx_009,mpx_008,mpx_008,13,13,0.38734965635738833,1,0.3188727648981781,0,0,0,0
F2,mpx_009,mpx_008,mpx_008,14,14,0.3309228650137741,1,0.316636214337045,0,0,0,0
F2,mpx_009,mpx_008,mpx_008,15,15,0.33606020942408377,1,0.2670752464674857,0,0,0,0
F2,mpx_009,mpx_008,mpx_008,16,16,0.31599903474903474,1,0.24706708196528132,0,0,0,0
F2,mpx_009,mpx_008,mpx_008,17,17,0.16896758703481393,1,0.22933487386117096,0,0,1,1
F2,mpx_009,mpx_008,mpx_008,18,18,0.16964285714285715,1,0.2235399016875598,0,0,1,1
F2,mpx_009,mpx_008,mpx_008,19,19,0.1518375241779497,1,0.20242507673090884,0,1,1,1
F2,mpx_009,mpx_008,mpx_008,20,20,0.16741935483870968,1,0.19942669950038897,1,1,1,1
F2,mpx_009,mpx_008,mpx_008,21,21,0.16293706293706295,1,0.18420481015303608,1,1,1,1
F2,mpx_009,mpx_008,mpx_008,22,22,0.13515037593984963,1,0.16955580645782323,1,1,1,1
F2,mpx_009,mpx_008,mpx_008,23,23,0.13372093023255813,1,0.1593144004464388,1,1,1,1
F2,mpx_009,mpx_008,mpx_008,24,24,0.08333333333333333,1,0.17865537231737738,1,1,1,1
F2,mpx_009,mpx_008,mpx_008,25,25,0.028110599078341014,1,0.1276966077744999,1,1,1,1
F2,mpx_009,mpx_008,mpx_008,26,26,0.014558232931726908,1,0.10714239817223017,1,1,1,1
F2,mpx_009,mpx_008,mpx_008,27,27,0.018819938962360123,1,0.08358084722162754,1,1,1,1
F2,mpx_009,mpx_008,mpx_008,28,28,0.021538461538461538,1,0.07448907369959716,1,1,1,1
F2,mpx_009,mpx_008,mpx_008,29,29,0.021538461538461538,1,0.06770741605596785,1,1,1,1
F2,mpx_009,mpx_008,mpx_008,30,30,0.021538461538461538,1,0.06227161228325802,1,1,1,1
F2,mpx_009,mpx_008,mpx_008,31,31,0.021538461538461538,1,0.06060439852140563,1,1,1,1
F2,mpx_009,mpx_008,mpx_008,32,32,0.021538461538461538,1,0.05898976266631202,1,1,1,1
F2,mpx_009,mpx_008,mpx_008,33,33,0.021538461538461538,1,0.05742172779630324,1,1,1,1
F2,mpx_009,mpx_008,mpx_008,34,34,0.021538461538461538,1,0.05589828671608442,1,1,1,1
F2,mpx_009,mpx_008,mpx_008,35,35,0.021538461538461538,1,0.05440029350956073,1,1,1,1
F2,mpx_009,mpx_010,mpx_010,3,3,0.552521805081532,1,0.5971179530515678,0,0,0,0
F2,mpx_009,mpx_010,mpx_010,4,4,0.5508203281312525,1,0.5222141183435113,0,0,0,0
F2,mpx_009,mpx_010,mpx_010,5,5,0.5225806451612903,1,0.4843691283883371,0,0,0,0
F2,mpx_009,mpx_010,mpx_010,6,6,0.5197324966974901,1,0.4737029156054137,0,0,0,0
F2,mpx_009,mpx_010,mpx_010,7,7,0.44289844597036504,1,0.4174496095963452,0,0,0,0
F2,mpx_009,mpx_010,mpx_010,8,8,0.4455322178711285,1,0.43881324689853785,0,0,0,0
F2,mpx_009,mpx_010,mpx_010,9,9,0.4187617850408548,1,0.4063552625987242,0,0,0,0
F2,mpx_009,mpx_010,mpx_010,10,10,0.37011854951185497,1,0.39009685369017566,0,0,0,0
F2,mpx_009,mpx_010,mpx_010,11,11,0.29808037316110514,1,0.3504620883201129,0,0,0,0
F2,mpx_009,mpx_010,mpx_010,12,12,0.27196485623003197,1,0.3288442929135154,0,0,0,0
F2,mpx_009,mpx_010,mpx_010,13,13,0.2615878843506195,1,0.310580165987587,0,0,0,0
F2,mpx_009,mpx_010,mpx_010,14,14,0.2495287464655985,1,0.2852719207971538,0,0,0,0
F2,mpx_009,mpx_010,mpx_010,15,15,0.24621212121212122,1,0.2710583124039284,0,0,0,0
F2,mpx_009,mpx_010,mpx_010,16,16,0.18739205526770294,1,0.2561602424986881,0,0,0,0
F2,mpx_009,mpx_010,mpx_010,17,17,0.23773908778813144,1,0.2692601890399704,0,0,0,0
F2,mpx_009,mpx_010,mpx_010,18,18,0.20613079019073569,1,0.24902918676162228,0,0,1,1
F2,mpx_009,mpx_010,mpx_010,19,19,0.17786144578313254,1,0.23179576332723212,0,1,1,1
F2,mpx_009,mpx_010,mpx_010,20,20,0.14017800381436746,1,0.22075622970986009,0,1,1,1
F2,mpx_009,mpx_010,mpx_010,21,21,0.13618677042801555,1,0.19538215152661406,0,1,1,1
F2,mpx_009,mpx_010,mpx_010,22,22,0.13420195439739413,1,0.18269053265561594,0,1,1,1
F2,mpx_009,mpx_010,mpx_010,23,23,0.15037983425414364,1,0.18377409240561215,1,1,1,1
F2,mpx_009,mpx_010,mpx_010,24,24,0.15037983425414364,1,0.17112574222551374,1,1,1,1
F2,mpx_009,mpx_010,mpx_010,25,25,0.14086294416243655,1,0.16140820624713834,1,1,1,1
F2,mpx_009,mpx_010,mpx_010,26,26,0.0668429003021148,1,0.16306094942492091,1,1,1,1
F2,mpx_009,mpx_010,mpx_010,27,27,0.0583969465648855,1,0.14257082382069378,1,1,1,1
F2,mpx_009,mpx_010,mpx_010,28,28,0.041701244813278006,1,0.14959912496737685,1,1,1,1
F2,mpx_009,mpx_010,mpx_010,29,29,0.04515209125475285,1,0.1440005134407874,1,1,1,1
F2,mpx_009,mpx_010,mpx_010,30,30,0.036650485436893206,1,0.1301911417612899,1,1,1,1
F2,mpx_009,mpx_010,mpx_010,31,31,0.009746588693957114,1,0.06388251407282092,1,1,1,1
F2,mpx_009,mpx_010,mpx_010,32,32,0.009606147934678195,1,0.03382208393011113,1,1,1,1
F2,mpx_009,mpx_010,mpx_010,33,33,0.009606147934678195,1,0.011192393475741382,1,1,1,1
F2,mpx_009,mpx_010,mpx_010,34,34,0.009606147934678195,1,0.008576556108677564,1,1,1,1
F2,mpx_009,mpx_010,mpx_010,35,35,0.009606147934678195,1,0.007097604063101682,1,1,1,1
F2,mpx_009,mpx_010,mpx_010,36,36,0.009606147934678195,1,0.005655303780939714,1,1,1,1
F2,mpx_009,mpx_010,mpx_010,37,37,0.009606147934678195,1,0.004250330006072984,1,1,1,1
F2,mpx_009,mpx_010,mpx_010,38,38,0.009606147934678195,1,0.002883396072104789,1,1,1,1
F2,mpx_009,mpx_010,mpx_010,39,39,0.009606147934678195,1,0.0015493038457062413,1,1,1,1
F2,mpx_009,mpx_010,mpx_010,40,40,0.009606147934678195,1,0.00022909791061377464,1,1,1,1
F2,mpx_010,mpx_001,mpx_001,3,3,0.6065005620082428,1,0.5922685925774162,0,0,0,0
F2,mpx_010,mpx_001,mpx_001,4,4,0.5217815344603381,1,0.5064070882508386,0,0,0,0
F2,mpx_010,mpx_001,mpx_001,5,5,0.5769379097570382,1,0.473936435347148,0,0,0,0
F2,mpx_010,mpx_001,mpx_001,6,6,0.5556057866184448,1,0.4665283353883484,0,0,0,0
F2,mpx_010,mpx_001,mpx_001,7,7,0.5194575471698113,1,0.43278304721728456,0,0,0,0
F2,mpx_010,mpx_001,mpx_001,8,8,0.5017568517217147,1,0.43744971057424414,0,0,0,0
F2,mpx_010,mpx_001,mpx_001,9,9,0.5049001814882033,1,0.3977936220487261,0,0,0,0
F2,mpx_010,mpx_001,mpx_001,10,10,0.4974719101123595,1,0.3775644727424457,0,0,0,0
F2,mpx_010,mpx_001,mpx_001,11,11,0.4577831827658096,1,0.36790455533250727,0,0,0,0
F2,mpx_010,mpx_001,mpx_001,12,12,0.4615817091454273,1,0.3538238068267588,0,0,0,0
F2,mpx_010,mpx_001,mpx_001,13,13,0.3973174030658251,1,0.33601422177763063,0,0,0,0
F2,mpx_010,mpx_001,mpx_001,14,14,0.3569379238393323,1,0.314642774450939,0,0,0,0
F2,mpx_010,mpx_001,mpx_001,15,15,0.3658119658119658,1,0.28560613191771883,0,0,0,0
F2,mpx_010,mpx_001,mpx_001,16,16,0.3568019093078759,1,0.2723216160567379,0,0,0,0
F2,mpx_010,mpx_001,mpx_001,17,17,0.3432256059664388,1,0.2696876632223422,0,0,0,0
F2,mpx_010,mpx_001,mpx_001,18,18,0.3432256059664388,1,0.26137977501069687,0,0,0,0
F2,mpx_010,mpx_001,mpx_001,19,19,0.34108412322274884,1,0.2602706732631395,0,0,0,0
F2,mpx_010,mpx_001,mpx_001,20,20,0.2252106286454958,1,0.21472665222348142,0,1,1,1
F2,mpx_010,mpx_001,mpx_001,21,21,0.17652899126290708,1,0.168994810343309,1,1,1,1
F2,mpx_010,mpx_001,mpx_001,22,22,0.10955518945634267,1,0.1445781761654269,1,1,1,1
F2,mpx_010,mpx_001,mpx_001,23,23,0.12847555129434324,1,0.12303953456063901,1,1,1,1
F2,mpx_010,mpx_001,mpx_001,24,24,0.11339937434827946,1,0.10212365367444692,1,1,1,1
F2,mpx_010,mpx_001,mpx_001,25,25,0.11037934668071654,1,0.0931767047935879,1,1,1,1
F2,mpx_010,mpx_001,mpx_001,26,26,0.10059012875536481,1,0.09041320462685865,1,1,1,1
F2,mpx_010,mpx_001,mpx_001,27,27,0.056598407281001135,1,0.07118373237444066,1,1,1,1
F2,mpx_010,mpx_001,mpx_001,28,28,0.08451086956521739,1,0.07219806777269938,1,1,1,1
F2,mpx_010,mpx_001,mpx_001,29,29,0.07377049180327869,1,0.05744220847689835,1,1,1,1
F2,mpx_010,mpx_001,mpx_001,30,30,0.07377049180327869,1,0.05073824372512536,1,1,1,1
F2,mpx_010,mpx_001,mpx_001,31,31,0.07377049180327869,1,0.0472738561231706,1,1,1,1
F2,mpx_010,mpx_001,mpx_001,32,32,0.07377049180327869,1,0.04561759756487009,1,1,1,1
F2,mpx_010,mpx_001,mpx_001,33,33,0.07377049180327869,1,0.04400991852025922,1,1,1,1
F2,mpx_010,mpx_001,mpx_001,34,34,0.07377049180327869,1,0.04244845604321003,1,1,1,1
F2,mpx_010,mpx_001,mpx_001,35,35,0.07377049180327869,1,0.040927469185192855,1,1,1,1
F2,mpx_010,mpx_002,mpx_002,3,3,0.5828273244781784,1,0.5969357700225413,0,0,0,0
F2,mpx_010,mpx_002,mpx_002,4,4,0.5582010582010583,1,0.5100677702448299,0,0,0,0
F2,mpx_010,mpx_002,mpx_002,5,5,0.5757695343330702,1,0.4760421395943136,0,0,0,0
F2,mpx_010,mpx_002,mpx_002,6,6,0.4556597564988483,1,0.46279989474300903,0,0,0,0
F2,mpx_010,mpx_002,mpx_002,7,7,0.4472869360070776,1,0.4394309610888308,0,0,0,0
F2,mpx_010,mpx_002,mpx_002,8,8,0.45437150426847217,1,0.38251620562966343,0,0,0,0
F2,mpx_010,mpx_002,mpx_002,9,9,0.42563853863562884,1,0.3645374146524219,0,0,0,0
F2,mpx_010,mpx_002,mpx_002,10,10,0.3926126126126126,1,0.34471396510233077,0,0,0,0
F2,mpx_010,mpx_002,mpx_002,11,11,0.3585817888799355,1,0.35670296631302056,0,0,0,0
F2,mpx_010,mpx_002,mpx_002,12,12,0.34447916666666667,1,0.373065893600325,0,0,0,0
F2,mpx_010,mpx_002,mpx_002,13,13,0.29640522875816994,1,0.3243746252524336,0,0,0,0
F2,mpx_010,mpx_002,mpx_002,14,14,0.2627577319587629,1,0.31552935562151957,0,0,0,1
F2,mpx_010,mpx_002,mpx_002,15,15,0.23790322580645162,1,0.30964360041615085,0,0,1,1
F2,mpx_010,mpx_002,mpx_002,16,16,0.2294352363413137,1,0.2851148500340391,0,0,1,1
F2,mpx_010,mpx_002,mpx_002,17,17,0.22189256714553404,1,0.2665618003605589,0,0,1,1
F2,mpx_010,mpx_002,mpx_002,18,18,0.12879362670713201,1,0.22812505414371145,1,1,1,1
F2,mpx_010,mpx_002,mpx_002,19,19,0.1507782101167315,1,0.20169540394897534,1,1,1,1
F2,mpx_010,mpx_002,mpx_002,20,20,0.07680457746478873,1,0.15673867810763442,1,1,1,1
F2,mpx_010,mpx_002,mpx_002,21,21,0.04848628192999054,1,0.13577551143245206,1,1,1,1
F2,mpx_010,mpx_002,mpx_002,22,22,0.031874405328258804,1,0.10425993355511026,1,1,1,1
F2,mpx_010,mpx_002,mpx_002,23,23,0.03125,1,0.09006304717090041,1,1,1,1
F2,mpx_010,mpx_002,mpx_002,24,24,0.03375337533753375,1,0.10053724685192929,1,1,1,1
F2,mpx_010,mpx_002,mpx_002,25,25,0.025257249766136577,1,0.050837718801833263,1,1,1,1
F2,mpx_010,mpx_002,mpx_002,26,26,0.025233644859813085,1,0.03749607030683441,1,1,1,1
F2,mpx_010,mpx_002,mpx_002,27,27,0.0254323499491353,1,0.03713053757705986,1,1,1,1
F2,mpx_010,mpx_002,mpx_002,28,28,0.03976190476190476,1,0.03312755580703323,1,1,1,1
F2,mpx_010,mpx_002,mpx_002,29,29,0.01708984375,1,0.022771332250857625,1,1,1,1
F2,mpx_010,mpx_002,mpx_002,30,30,0.01708984375,1,0.013953210757898791,1,1,1,1
F2,mpx_010,mpx_002,mpx_002,31,31,0.017123287671232876,1,0.010539077245925746,1,1,1,1
F2,mpx_010,mpx_002,mpx_002,32,32,0.017123287671232876,1,0.008816934526133916,1,1,1,1
F2,mpx_010,mpx_002,mpx_002,33,33,0.017123287671232876,1,0.007142302154496063,1,1,1,1
F2,mpx_010,mpx_002,mpx_002,34,34,0.017123287671232876,1,0.005588442119738071,1,1,1,1
F2,mpx_010,mpx_002,mpx_002,35,35,0.017123287671232876,1,0.004081039780005532,1,1,1,1
F2,mpx_010,mpx_002,mpx_002,36,36,0.017123287671232876,1,0.0026121341647157206,1,1,1,1
F2,mpx_010,mpx_002,mpx_002,37,37,0.017123287671232876,1,0.001181430727375912,1,1,1,1
F2,mpx_010,mpx_003,mpx_003,3,3,0.5955643707176344,1,0.5897612489012746,0,0,0,0
F2,mpx_010,mpx_003,mpx_003,4,4,0.5693963860053826,1,0.5217398031662157,0,0,0,0
F2,mpx_010,mpx_003,mpx_003,5,5,0.595224171539961,1,0.47711437172429394,0,0,0,0
F2,mpx_010,mpx_003,mpx_003,6,6,0.5647433747064743,1,0.48066048528897093,0,0,0,0
F2,mpx_010,mpx_003,mpx_003,7,7,0.5831946755407654,1,0.4530394419399035,0,0,0,0
F2,mpx_010,mpx_003,mpx_003,8,8,0.5078179291174427,1,0.42414520506564574,0,0,0,0
F2,mpx_010,mpx_003,mpx_003,9,9,0.5019812680115274,1,0.4108831318650433,0,0,0,0
F2,mpx_010,mpx_003,mpx_003,10,10,0.539460020768432,1,0.42305037534670753,0,0,0,0
F2,mpx_010,mpx_003,mpx_003,11,11,0.5115842204132749,1,0.38993785895645794,0,0,0,0
F2,mpx_010,mpx_003,mpx_003,12,12,0.4670428524697416,1,0.3488390226856075,0,0,0,0
F2,mpx_010,mpx_003,mpx_003,13,13,0.42064914376742335,1,0.34414336862143563,0,0,0,0
F2,mpx_010,mpx_003,mpx_003,14,14,0.37399193548387094,1,0.33024730527856966,0,0,0,0
F2,mpx_010,mpx_003,mpx_003,15,15,0.3703125,1,0.3063716740018207,0,0,0,0
F2,mpx_010,mpx_003,mpx_003,16,16,0.37266059686393527,1,0.2911977396296496,0,0,0,0
F2,mpx_010,mpx_003,mpx_003,17,17,0.3661631419939577,1,0.30083757591583365,0,0,0,0
F2,mpx_010,mpx_003,mpx_003,18,18,0.2889531345100426,1,0.31621717157236306,0,0,0,0
F2,mpx_010,mpx_003,mpx_003,19,19,0.3002776064157927,1,0.26617504667906106,0,0,0,1
F2,mpx_010,mpx_003,mpx_003,20,20,0.3047153024911032,1,0.25126230030581015,0,0,0,1
F2,mpx_010,mpx_003,mpx_003,21,21,0.29255698005698005,1,0.222926952578611,0,1,1,1
F2,mpx_010,mpx_003,mpx_003,22,22,0.2615881458966565,1,0.21925421070794768,1,1,1,1
F2,mpx_010,mpx_003,mpx_003,23,23,0.182062966031483,1,0.18287213082541293,1,1,1,1
F2,mpx_010,mpx_003,mpx_003,24,24,0.1799913569576491,1,0.15690911880241168,1,1,1,1
F2,mpx_010,mpx_003,mpx_003,25,25,0.14772727272727273,1,0.12183810049246138,1,1,1,1
F2,mpx_010,mpx_003,mpx_003,26,26,0.15691021126760563,1,0.11254984690432994,1,1,1,1
F2,mpx_010,mpx_003,mpx_003,27,27,0.14925373134328357,1,0.0962195153244628,1,1,1,1
F2,mpx_010,mpx_003,mpx_003,28,28,0.11656118143459916,1,0.06362926805811846,1,1,1,1
F2,mpx_010,mpx_003,mpx_003,29,29,0.01066925315227934,1,0.05468823168953474,1,1,1,1
F2,mpx_010,mpx_003,mpx_003,30,30,0.018649669499527857,1,0.03275184816470597,1,1,1,1
F2,mpx_010,mpx_003,mpx_003,31,31,0.011560693641618497,1,0.032285120861481345,1,1,1,1
F2,mpx_010,mpx_003,mpx_003,32,32,0.009471585244267198,1,0.023864368066861014,1,1,1,1
F2,mpx_010,mpx_003,mpx_003,33,33,0.008655804480651732,1,0.02020276805794799,1,1,1,1
F2,mpx_010,mpx_003,mpx_003,34,34,0.008655804480651732,1,0.016400002454265192,1,1,1,1
F2,mpx_010,mpx_003,mpx_003,35,35,0.008655804480651732,1,0.013648610947913338,1,1,1,1
F2,mpx_010,mpx_003,mpx_003,36,36,0.008655804480651732,1,0.012154400683145996,1,1,1,1
F2,mpx_010,mpx_003,mpx_003,37,37,0.008655804480651732,1,0.01069596863883346,1,1,1,1
F2,mpx_010,mpx_003,mpx_003,38,38,0.008655804480651732,1,0.009279643242313453,1,1,1,1
F2,mpx_010,mpx_003,mpx_003,39,39,0.008655804480651732,1,0.007895773524592366,1,1,1,1
F2,mpx_010,mpx_003,mpx_003,40,40,0.008655804480651732,1,0.006541382089817029,1,1,1,1
F2,mpx_010,mpx_003,mpx_003,41,41,0.008655804480651732,1,0.0052227999736365344,1,1,1,1
F2,mpx_010,mpx_004,mpx_004,3,3,0.590662776156732,1,0.5916574088683175,0,0,0,0
F2,mpx_010,mpx_004,mpx_004,4,4,0.5101778193729527,1,0.5231128313990456,0,0,0,0
F2,mpx_010,mpx_004,mpx_004,5,5,0.5884559884559885,1,0.507729313989626,0,0,0,0
F2,mpx_010,mpx_004,mpx_004,6,6,0.5170893906588309,1,0.4655562854225301,0,0,0,0
F2,mpx_010,mpx_004,mpx_004,7,7,0.511353517364203,1,0.44116777421686004,0,0,0,0
F2,mpx_010,mpx_004,mpx_004,8,8,0.49756135934550033,1,0.40325827784202817,0,0,0,0
F2,mpx_010,mpx_004,mpx_004,9,9,0.4259229274611399,1,0.3755276925154197,0,0,0,0
F2,mpx_010,mpx_004,mpx_004,10,10,0.47587038952085486,1,0.39591905773560115,0,0,0,0
F2,mpx_010,mpx_004,mpx_004,11,11,0.3929170159262364,1,0.358210315810684,0,0,0,0
F2,mpx_010,mpx_004,mpx_004,12,12,0.3393089960886571,1,0.3346376126119978,0,0,0,0
F2,mpx_010,mpx_004,mpx_004,13,13,0.3075191355245385,1,0.3118684297251794,0,0,0,0
F2,mpx_010,mpx_004,mpx_004,14,14,0.26100151745068284,1,0.2737180596391734,0,0,0,0
F2,mpx_010,mpx_004,mpx_004,15,15,0.23688524590163934,1,0.24712663401487353,0,0,0,1
F2,mpx_010,mpx_004,mpx_004,16,16,0.14719140083217752,1,0.27968726225704704,1,1,1,1
F2,mpx_010,mpx_004,mpx_004,17,17,0.12153790087463556,1,0.23907538787491653,1,1,1,1
F2,mpx_010,mpx_004,mpx_004,18,18,0.08132279534109817,1,0.22561977021036236,1,1,1,1
F2,mpx_010,mpx_004,mpx_004,19,19,0.0518783542039356,1,0.19782855155145238,1,1,1,1
F2,mpx_010,mpx_004,mpx_004,20,20,0.03936269915651359,1,0.16744331469541268,1,1,1,1
F2,mpx_010,mpx_004,mpx_004,21,21,0.0413022351797862,1,0.1489230728807095,1,1,1,1
F2,mpx_010,mpx_004,mpx_004,22,22,0.023290386521308225,1,0.13497060575524317,1,1,1,1
F2,mpx_010,mpx_004,mpx_004,23,23,0.024594320486815417,1,0.11198157802747569,1,1,1,1
F2,mpx_010,mpx_004,mpx_004,24,24,0.02447023208879919,1,0.08532556815009437,1,1,1,1
F2,mpx_010,mpx_004,mpx_004,25,25,0.011059371362048894,1,0.08453822010001871,1,1,1,1
F2,mpx_010,mpx_004,mpx_004,26,26,0.007647058823529412,1,0.06031537845040145,1,1,1,1
F2,mpx_010,mpx_004,mpx_004,27,27,0.004146919431279621,1,0.04340667603515715,1,1,1,1
F2,mpx_010,mpx_004,mpx_004,28,28,0.0031605562579013905,1,0.040281061724124115,1,1,1,1
F2,mpx_010,mpx_004,mpx_004,29,29,0.0031645569620253164,1,0.03576452873171382,1,1,1,1
F2,mpx_010,mpx_004,mpx_004,30,30,0.007362784471218206,1,0.043375131506555344,1,1,1,1
F2,mpx_010,mpx_004,mpx_004,31,31,0.007362784471218206,1,0.038177445263041204,1,1,1,1
F2,mpx_010,mpx_004,mpx_004,32,32,0.007362784471218206,1,0.03319535184486219,1,1,1,1
F2,mpx_010,mpx_004,mpx_004,33,33,0.007362784471218206,1,0.031608350306575494,1,1,1,1
F2,mpx_010,mpx_004,mpx_004,34,34,0.007362784471218206,1,0.030056932857064175,1,1,1,1
F2,mpx_010,mpx_004,mpx_004,35,35,0.007362784471218206,1,0.02855300161009688,1,1,1,1
F2,mpx_010,mpx_004,mpx_004,36,36,0.007362784471218206,1,0.027094942104237987,1,1,1,1
F2,mpx_010,mpx_005,mpx_005,3,3,0.5628006872852234,1,0.6000033802036943,0,0,0,0
F2,mpx_010,mpx_005,mpx_005,4,4,0.5604651162790698,1,0.5150540375157816,0,0,0,0
F2,mpx_010,mpx_005,mpx_005,5,5,0.5696737817156665,1,0.48286695010673536,0,0,0,0
F2,mpx_010,mpx_005,mpx_005,6,6,0.5792553191489361,1,0.471158938185535,0,0,0,0
F2,mpx_010,mpx_005,mpx_005,7,7,0.5131138392857143,1,0.42681049096147217,0,0,0,0
F2,mpx_010,mpx_005,mpx_005,8,8,0.5186228197674418,1,0.4311838513927014,0,0,0,0
F2,mpx_010,mpx_005,mpx_005,9,9,0.4543335635359116,1,0.3804300655094623,0,0,0,0
F2,mpx_010,mpx_005,mpx_005,10,10,0.40365448504983387,1,0.3711941648656337,0,0,0,0
F2,mpx_010,mpx_005,mpx_005,11,11,0.3359228753275927,1,0.335285787542539,0,0,0,0
F2,mpx_010,mpx_005,mpx_005,12,12,0.3365584685809405,1,0.31802668435486836,0,0,0,0
F2,mpx_010,mpx_005,mpx_005,13,13,0.30169753086419754,1,0.2698722601488951,0,0,0,0
F2,mpx_010,mpx_005,mpx_005,14,14,0.2949571836346337,1,0.245607835131743,0,0,0,1
F2,mpx_010,mpx_005,mpx_005,15,15,0.26784702549575073,1,0.2267565648464569,0,0,1,1
F2,mpx_010,mpx_005,mpx_005,16,16,0.18384714193962748,1,0.20212321352245669,0,1,1,1
F2,mpx_010,mpx_005,mpx_005,17,17,0.18648208469055375,1,0.1865162763321801,0,1,1,1
F2,mpx_010,mpx_005,mpx_005,18,18,0.15840118430792005,1,0.1939252702056075,1,1,1,1
F2,mpx_010,mpx_005,mpx_005,19,19,0.1282642089093702,1,0.20512118077174676,1,1,1,1
F2,mpx_010,mpx_005,mpx_005,20,20,0.10203252032520325,1,0.18147641532994901,1,1,1,1
F2,mpx_010,mpx_005,mpx_005,21,21,0.05615640599001664,1,0.15040888510700365,1,1,1,1
F2,mpx_010,mpx_005,mpx_005,22,22,0.05211864406779661,1,0.1202378428908703,1,1,1,1
F2,mpx_010,mpx_005,mpx_005,23,23,0.04287003610108303,1,0.09406849233095131,1,1,1,1
F2,mpx_010,mpx_005,mpx_005,24,24,0.04406307977736549,1,0.08496779994147276,1,1,1,1
F2,mpx_010,mpx_005,mpx_005,25,25,0.048676748582230624,1,0.07622185835840552,1,1,1,1
F2,mpx_010,mpx_005,mpx_005,26,26,0.04398826979472141,1,0.06582736825847932,1,1,1,1
F2,mpx_010,mpx_005,mpx_005,27,27,0.0006234413965087282,1,0.11754548492924535,1,1,1,1
F2,mpx_010,mpx_005,mpx_005,28,28,0.0006234413965087282,1,0.09062307316698666,1,1,1,1
F2,mpx_010,mpx_005,mpx_005,29,29,0.0006234413965087282,1,0.06456071231257135,1,1,1,1
F2,mpx_010,mpx_005,mpx_005,30,30,0.0006234413965087282,1,0.06282852257678992,1,1,1,1
F2,mpx_010,mpx_005,mpx_005,31,31,0.0006234413965087282,1,0.06114915383157907,1,1,1,1
F2,mpx_010,mpx_005,mpx_005,32,32,0.0006234413965087282,1,0.059519782775708296,1,1,1,1
F2,mpx_010,mpx_005,mpx_005,33,33,0.0006234413965087282,1,0.05793999780018819,1,1,1,1
F2,mpx_010,mpx_005,mpx_005,34,34,0.0006234413965087282,1,0.05640600320232789,1,1,1,1
F2,mpx_010,mpx_006,mpx_006,3,3,0.5522629310344828,1,0.60151248218312,0,0,0,0
F2,mpx_010,mpx_006,mpx_006,4,4,0.5293321299638989,1,0.5162018828409415,0,0,0,0
F2,mpx_010,mpx_006,mpx_006,5,5,0.5594879518072289,1,0.47053883422503495,0,0,0,0
F2,mpx_010,mpx_006,mpx_006,6,6,0.527581567440296,1,0.43384758944340973,0,0,0,0
F2,mpx_010,mpx_006,mpx_006,7,7,0.5314994793474488,1,0.4523745307879517,0,0,0,0
F2,mpx_010,mpx_006,mpx_006,8,8,0.4867296045600285,1,0.4249382428699314,0,0,0,0
F2,mpx_010,mpx_006,mpx_006,9,9,0.4996242014280346,1,0.42089167332796174,0,0,0,0
F2,mpx_010,mpx_006,mpx_006,10,10,0.4318103149878851,1,0.3633609824072166,0,0,0,0
F2,mpx_010,mpx_006,mpx_006,11,11,0.4251808501991384,1,0.3577787365098014,0,0,0,0
F2,mpx_010,mpx_006,mpx_006,12,12,0.4153722009279806,1,0.3432598577650757,0,0,0,0
F2,mpx_010,mpx_006,mpx_006,13,13,0.37215391621129323,1,0.32359589291440416,0,0,0,0
F2,mpx_010,mpx_006,mpx_006,14,14,0.3720319920019995,1,0.30032517532890063,0,0,0,0
F2,mpx_010,mpx_006,mpx_006,15,15,0.3666317991631799,1,0.28519005847101914,0,0,0,0
F2,mpx_010,mpx_006,mpx_006,16,16,0.3573565406581452,1,0.27017059323239095,0,0,0,0
F2,mpx_010,mpx_006,mpx_006,17,17,0.3251412429378531,1,0.2664284784245497,0,0,0,0
F2,mpx_010,mpx_006,mpx_006,18,18,0.34622718605284664,1,0.2768950921211158,0,0,0,0
F2,mpx_010,mpx_006,mpx_006,19,19,0.33607860135818524,1,0.2441023710326515,0,0,1,1
F2,mpx_010,mpx_006,mpx_006,20,20,0.31627296587926507,1,0.21984334690381588,0,1,1,1
F2,mpx_010,mpx_006,mpx_006,21,21,0.2681145852836547,1,0.23711026948555175,1,1,1,1
F2,mpx_010,mpx_006,mpx_006,22,22,0.2399835627696733,1,0.22240584911866626,1,1,1,1
F2,mpx_010,mpx_006,mpx_006,23,23,0.24792485801660114,1,0.21990057474655023,1,1,1,1
F2,mpx_010,mpx_006,mpx_006,24,24,0.009059745347698335,1,0.1299291608777109,1,1,1,1
F2,mpx_010,mpx_006,mpx_006,25,25,0.0071499013806706115,1,0.09222095033191754,1,1,1,1
F2,mpx_010,mpx_006,mpx_006,26,26,0.008887614678899083,1,0.11918703562016256,1,1,1,1
F2,mpx_010,mpx_006,mpx_006,27,27,0.009548611111111112,1,0.10511379835972288,1,1,1,1
F2,mpx_010,mpx_006,mpx_006,28,28,0.009548611111111112,1,0.09099096355638142,1,1,1,1
F2,mpx_010,mpx_006,mpx_006,29,29,0.006815703380588877,1,0.06906839638328316,1,1,1,1
F2,mpx_010,mpx_006,mpx_006,30,30,0.006815703380588877,1,0.057621176169149926,1,1,1,1
F2,mpx_010,mpx_006,mpx_006,31,31,0.006815703380588877,1,0.046272553274400635,1,1,1,1
F2,mpx_010,mpx_006,mpx_006,32,32,0.006815703380588877,1,0.04461536889457418,1,1,1,1
F2,mpx_010,mpx_006,mpx_006,33,33,0.006815703380588877,1,0.04301023073478899,1,1,1,1
F2,mpx_010,mpx_006,mpx_006,34,34,0.006815703380588877,1,0.04144381673820721,1,1,1,1
F2,mpx_010,mpx_006,mpx_006,35,35,0.006815703380588877,1,0.039923975400179584,1,1,1,1
F2,mpx_010,mpx_006,mpx_006,36,36,0.006815703380588877,1,0.03844732532278586,1,1,1,1
F2,mpx_010,mpx_007,mpx_007,3,3,0.5713629684055841,1,0.5687688679412277,0,0,0,0
F2,mpx_010,mpx_007,mpx_007,4,4,0.5879883169039796,1,0.5373292441647434,0,0,0,0
F2,mpx_010,mpx_007,mpx_007,5,5,0.5646131339401821,1,0.48999782465592523,0,0,0,0
F2,mpx_010,mpx_007,mpx_007,6,6,0.5452755905511811,1,0.44859583011368886,0,0,0,0
F2,mpx_010,mpx_007,mpx_007,7,7,0.5093905031892275,1,0.42032374953850327,0,0,0,0
F2,mpx_010,mpx_007,mpx_007,8,8,0.5081967213114754,1,0.3984325101665293,0,0,0,0
F2,mpx_010,mpx_007,mpx_007,9,9,0.5191801119525847,1,0.3827784133025658,0,0,0,0
F2,mpx_010,mpx_007,mpx_007,10,10,0.41336971350613916,1,0.36381647510649684,0,0,0,0
F2,mpx_010,mpx_007,mpx_007,11,11,0.3713063763608087,1,0.3448837934080801,0,0,0,0
F2,mpx_010,mpx_007,mpx_007,12,12,0.3737157534246575,1,0.32475577746332485,0,0,0,0
F2,mpx_010,mpx_007,mpx_007,13,13,0.3789752650176678,1,0.3059438343220813,0,0,0,0
F2,mpx_010,mpx_007,mpx_007,14,14,0.2511415525114155,1,0.29314475171084187,0,0,0,0
F2,mpx_010,mpx_007,mpx_007,15,15,0.2351413733410271,1,0.27268195158104647,0,0,0,1
F2,mpx_010,mpx_007,mpx_007,16,16,0.2286144578313253,1,0.2626917395057135,0,0,0,1
F2,mpx_010,mpx_007,mpx_007,17,17,0.24084967320261438,1,0.2803181837121415,0,0,0,1
F2,mpx_010,mpx_007,mpx_007,18,18,0.2018970189701897,1,0.2430945661273322,0,1,1,1
F2,mpx_010,mpx_007,mpx_007,19,19,0.15934065934065933,1,0.23213383190040876,1,1,1,1
F2,mpx_010,mpx_007,mpx_007,20,20,0.13500816993464052,1,0.2011575202981646,1,1,1,1
F2,mpx_010,mpx_007,mpx_007,21,21,0.12793132328308207,1,0.19450790504306412,1,1,1,1
F2,mpx_010,mpx_007,mpx_007,22,22,0.05521032504780115,1,0.14971848570279944,1,1,1,1
F2,mpx_010,mpx_007,mpx_007,23,23,0.059591642924976256,1,0.1429461379685116,1,1,1,1
F2,mpx_010,mpx_007,mpx_007,24,24,0.049664107485604604,1,0.12421388537472447,1,1,1,1
F2,mpx_010,mpx_007,mpx_007,25,25,0.029572564612326043,1,0.098367163051562,1,1,1,1
F2,mpx_010,mpx_007,mpx_007,26,26,0.006929637526652452,1,0.07179409329461492,1,1,1,1
F2,mpx_010,mpx_007,mpx_007,27,27,0.0054525627044711015,1,0.057904439898849726,1,1,1,1
F2,mpx_010,mpx_007,mpx_007,28,28,0.005580357142857143,1,0.05538734936666302,1,1,1,1
F2,mpx_010,mpx_007,mpx_007,29,29,0.005861664712778429,1,0.045426863604563286,1,1,1,1
F2,mpx_010,mpx_007,mpx_007,30,30,0.005861664712778429,1,0.04016904895418319,1,1,1,1
F2,mpx_010,mpx_007,mpx_007,31,31,0.005861664712778429,1,0.036379439723913845,1,1,1,1
F2,mpx_010,mpx_007,mpx_007,32,32,0.005861664712778429,1,0.034744843235879716,1,1,1,1
F2,mpx_010,mpx_007,mpx_007,33,33,0.005861664712778429,1,0.03315496619922019,1,1,1,1
F2,mpx_010,mpx_007,mpx_007,34,34,0.005861664712778429,1,0.03161219659954019,1,1,1,1
F2,mpx_010,mpx_007,mpx_007,35,35,0.005861664712778429,1,0.03007497241415442,1,1,1,1
F2,mpx_010,mpx_008,mpx_008,3,3,0.5806645316253003,1,0.6112326764476766,0,0,0,0
F2,mpx_010,mpx_008,mpx_008,4,4,0.5477707006369427,1,0.5467226139881912,0,0,0,0
F2,mpx_010,mpx_008,mpx_008,5,5,0.5409054805401112,1,0.5017628151137408,0,0,0,0
F2,mpx_010,mpx_008,mpx_008,6,6,0.48241539482415396,1,0.4709444815916356,0,0,0,0
F2,mpx_010,mpx_008,mpx_008,7,7,0.5043092018032352,1,0.45368449246022313,0,0,0,0
F2,mpx_010,mpx_008,mpx_008,8,8,0.5109121432568551,1,0.39875747747391516,0,0,0,0
F2,mpx_010,mpx_008,mpx_008,9,9,0.45834842448388263,1,0.37105271464227496,0,0,0,0
F2,mpx_010,mpx_008,mpx_008,10,10,0.44056992875890516,1,0.3637144519303908,0,0,0,0
F2,mpx_010,mpx_008,mpx_008,11,11,0.4366615561517823,1,0.3451186000028754,0,0,0,0
F2,mpx_010,mpx_008,mpx_008,12,12,0.4267362505018065,1,0.33610779988242545,0,0,0,0
F2,mpx_010,mpx_008,mpx_008,13,13,0.38734965635738833,1,0.3237452398436393,0,0,0,0
F2,mpx_010,mpx_008,mpx_008,14,14,0.3309228650137741,1,0.3217417779072008,0,0,0,0
F2,mpx_010,mpx_008,mpx_008,15,15,0.33606020942408377,1,0.26965805002657284,0,0,0,0
F2,mpx_010,mpx_008,mpx_008,16,16,0.31599903474903474,1,0.24969785541070488,0,0,0,0
F2,mpx_010,mpx_008,mpx_008,17,17,0.16896758703481393,1,0.23101652612641768,0,0,1,1
F2,mpx_010,mpx_008,mpx_008,18,18,0.16964285714285715,1,0.2261490244665136,0,0,1,1
F2,mpx_010,mpx_008,mpx_008,19,19,0.1518375241779497,1,0.2048516728477718,0,1,1,1
F2,mpx_010,mpx_008,mpx_008,20,20,0.16741935483870968,1,0.2017074635038896,1,1,1,1
F2,mpx_010,mpx_008,mpx_008,21,21,0.16293706293706295,1,0.18607945878695353,1,1,1,1
F2,mpx_010,mpx_008,mpx_008,22,22,0.13515037593984963,1,0.1702870939765572,1,1,1,1
F2,mpx_010,mpx_008,mpx_008,23,23,0.13372093023255813,1,0.159785153144447,1,1,1,1
F2,mpx_010,mpx_008,mpx_008,24,24,0.08333333333333333,1,0.18038552162068355,1,1,1,1
F2,mpx_010,mpx_008,mpx_008,25,25,0.028110599078341014,1,0.12683186615590752,1,1,1,1
F2,mpx_010,mpx_008,mpx_008,26,26,0.014558232931726908,1,0.10572887218288415,1,1,1,1
F2,mpx_010,mpx_008,mpx_008,27,27,0.018819938962360123,1,0.08133516291107187,1,1,1,1
F2,mpx_010,mpx_008,mpx_008,28,28,0.021538461538461538,1,0.0717682599957125,1,1,1,1
F2,mpx_010,mpx_008,mpx_008,29,29,0.021538461538461538,1,0.06491699861049896,1,1,1,1
F2,mpx_010,mpx_008,mpx_008,30,30,0.021538461538461538,1,0.05942411993152897,1,1,1,1
F2,mpx_010,mpx_008,mpx_008,31,31,0.021538461538461538,1,0.05773440361132979,1,1,1,1
F2,mpx_010,mpx_008,mpx_008,32,32,0.021538461538461538,1,0.05609797778394313,1,1,1,1
F2,mpx_010,mpx_008,mpx_008,33,33,0.021538461538461538,1,0.05450880712112969,1,1,1,1
F2,mpx_010,mpx_008,mpx_008,34,34,0.021538461538461538,1,0.052964849479254845,1,1,1,1
F2,mpx_010,mpx_008,mpx_008,35,35,0.021538461538461538,1,0.0514468351507155,1,1,1,1
F2,mpx_010,mpx_009,mpx_009,3,3,0.6009525588345163,1,0.6050130261365076,0,0,0,0
F2,mpx_010,mpx_009,mpx_009,4,4,0.5832457062740974,1,0.5359469494507927,0,0,0,0
F2,mpx_010,mpx_009,mpx_009,5,5,0.5904588112617309,1,0.5109445560581818,0,0,0,0
F2,mpx_010,mpx_009,mpx_009,6,6,0.5553923263048738,1,0.4874848661225569,0,0,0,0
F2,mpx_010,mpx_009,mpx_009,7,7,0.5278614457831325,1,0.4239242905423398,0,0,0,0
F2,mpx_010,mpx_009,mpx_009,8,8,0.5185741088180112,1,0.4330976608034715,0,0,0,0
F2,mpx_010,mpx_009,mpx_009,9,9,0.4286544850498339,1,0.4006602569094985,0,0,0,0
F2,mpx_010,mpx_009,mpx_009,10,10,0.387208067940552,1,0.3696833242711464,0,0,0,0
F2,mpx_010,mpx_009,mpx_009,11,11,0.36305408702724684,1,0.3406467248869016,0,0,0,0
F2,mpx_010,mpx_009,mpx_009,12,12,0.2995147772386414,1,0.31164548626109684,0,0,0,0
F2,mpx_010,mpx_009,mpx_009,13,13,0.2857637286571297,1,0.2918802502414039,0,0,0,0
F2,mpx_010,mpx_009,mpx_009,14,14,0.275997150997151,1,0.26973532870779493,0,0,0,0
F2,mpx_010,mpx_009,mpx_009,15,15,0.22767100056529113,1,0.2541625424601494,0,0,0,0
F2,mpx_010,mpx_009,mpx_009,16,16,0.22663316582914572,1,0.24037633293061916,0,0,0,0
F2,mpx_010,mpx_009,mpx_009,17,17,0.21324324324324323,1,0.21306284453950838,0,0,1,1
F2,mpx_010,mpx_009,mpx_009,18,18,0.1872391174716756,1,0.18715078598581028,0,1,1,1
F2,mpx_010,mpx_009,mpx_009,19,19,0.1583956492182189,1,0.2028068233135867,1,1,1,1
F2,mpx_010,mpx_009,mpx_009,20,20,0.15264255910987481,1,0.1798106894435632,1,1,1,1
F2,mpx_010,mpx_009,mpx_009,21,21,0.15331010452961671,1,0.16368013198720835,1,1,1,1
F2,mpx_010,mpx_009,mpx_009,22,22,0.13173400673400673,1,0.16741372096777912,1,1,1,1
F2,mpx_010,mpx_009,mpx_009,23,23,0.05953533397870281,1,0.14804455170908057,1,1,1,1
F2,mpx_010,mpx_009,mpx_009,24,24,0.051521099116781155,1,0.12238587778600536,1,1,1,1
F2,mpx_010,mpx_009,mpx_009,25,25,0.030692549842602307,1,0.12485342732708757,1,1,1,1
F2,mpx_010,mpx_009,mpx_009,26,26,0.03054662379421222,1,0.12822426420984534,1,1,1,1
F2,mpx_010,mpx_009,mpx_009,27,27,0.025485436893203883,1,0.13773631270524067,1,1,1,1
F2,mpx_010,mpx_009,mpx_009,28,28,0.029069767441860465,1,0.11271189617653335,1,1,1,1
F2,mpx_010,mpx_009,mpx_009,29,29,0.029069767441860465,1,0.1057326517967363,1,1,1,1
F2,mpx_010,mpx_009,mpx_009,30,30,0.029069767441860465,1,0.0971664320364504,1,1,1,1
F2,mpx_010,mpx_009,mpx_009,31,31,0.029069767441860465,1,0.0953312175440576,1,1,1,1
F2,mpx_010,mpx_009,mpx_009,32,32,0.029069767441860465,1,0.09354003685275794,1,1,1,1
F2,mpx_010,mpx_009,mpx_009,33,33,0.029069767441860465,1,0.09195456557765877,1,1,1,1
F2,mpx_010,mpx_009,mpx_009,34,34,0.029069767441860465,1,0.09041472674962461,1,1,1,1
F2,mpx_010,mpx_009,mpx_009,35,35,0.029069767441860465,1,0.08891774283851622,1,1,1,1
F2,mpx_010,mpx_009,mpx_009,36,36,0.029069767441860465,1,0.0874623167984932,1,1,1,1
