time_s,distance_m,known_fraction,coverage,occupied_iou,tu,frontiers_selected,main_attempts,main_succeeded,main_failed,main_interrupted,abandoned_206,abandoned_208,planner_blocked_abandoned_total,main_success_rate,subgoal_attempts,subgoal_succeeded,subgoal_failed,subgoal_interrupted
1.619903088,0.000000000,0.001847797,0.017731566,0.040992482,0.460000000,1,0,0,0,0,0,0,0,nan,0,0,0,0
2.043799877,0.040241115,0.001847797,0.017731566,0.040992482,0.460000000,1,0,0,0,0,0,0,0,nan,0,0,0,0
3.046999693,0.345713573,0.007433780,0.062004781,0.040992482,0.460000000,1,0,0,0,0,0,0,0,nan,0,0,0,0
8.416831017,0.566962576,0.021647408,0.222953559,0.078747689,0.480000000,2,1,1,0,0,0,0,0,1.000000000,0,0,0,0
9.045184374,0.710572861,0.025158848,0.267918398,0.078747689,0.480000000,2,1,1,0,0,0,0,0,1.000000000,0,0,0,0
10.043027639,1.059443490,0.028621431,0.312711491,0.078747689,0.480000000,2,1,1,0,0,0,0,0,1.000000000,0,0,0,0
11.043043613,1.402407141,0.030649623,0.340724580,0.078747689,0.480000000,2,1,1,0,0,0,0,0,1.000000000,0,0,0,0
12.043813229,1.751795547,0.031238412,0.348114280,0.078747689,0.480000000,2,1,1,0,0,0,0,0,1.000000000,0,0,0,0
13.041596889,2.101775776,0.032007597,0.358804280,0.078747689,0.480000000,2,1,1,0,0,0,0,0,1.000000000,0,0,0,0
14.045741081,2.451775759,0.032110322,0.359820828,0.078747689,0.480000000,2,1,1,0,0,0,0,0,1.000000000,0,0,0,0
15.042616606,2.801620308,0.032211794,0.360925569,0.078747689,0.480000000,2,1,1,0,0,0,0,0,1.000000000,0,0,0,0
16.042804480,3.151133127,0.032255640,0.361371179,0.078747689,0.480000000,2,1,1,0,0,0,0,0,1.000000000,0,0,0,0
17.044441700,3.501229724,0.032294475,0.361816789,0.078747689,0.480000000,2,1,1,0,0,0,0,0,1.000000000,0,0,0,0
18.044699669,3.841938000,0.032301991,0.361872491,0.078747689,0.480000000,2,1,1,0,0,0,0,0,1.000000000,0,0,0,0
19.043652773,4.121070652,0.032301991,0.361872491,0.078747689,0.480000000,2,1,1,0,0,0,0,0,1.000000000,0,0,0,0
20.045512676,4.346222318,0.032304497,0.361891058,0.078747689,0.480000000,2,1,1,0,0,0,0,0,1.000000000,0,0,0,0
23.830336809,4.447177684,0.032309508,0.361928192,0.146633371,0.410000000,3,2,2,0,0,0,0,0,1.000000000,0,0,0,0
24.044948578,4.464745619,0.032309508,0.361928192,0.146633371,0.410000000,3,2,2,0,0,0,0,0,1.000000000,0,0,0,0
25.044452667,4.572821755,0.032309508,0.361928192,0.146633371,0.410000000,3,2,2,0,0,0,0,0,1.000000000,0,0,0,0
26.040793896,4.721418660,0.032309508,0.361928192,0.146633371,0.410000000,3,2,2,0,0,0,0,0,1.000000000,0,0,0,0
27.045691967,5.215286314,0.032310761,0.361928192,0.146633371,0.410000000,3,2,2,0,0,0,0,0,1.000000000,0,0,0,0
28.044315815,5.712613125,0.032318277,0.362002460,0.146633371,0.410000000,3,2,2,0,0,0,0,0,1.000000000,0,0,0,0
29.042060614,6.211020495,0.032327046,0.362067445,0.146633371,0.410000000,3,2,2,0,0,0,0,0,1.000000000,0,0,0,0
30.045144558,6.710761929,0.032357112,0.362202056,0.146633371,0.410000000,3,2,2,0,0,0,0,0,1.000000000,0,0,0,0
31.043169975,7.156009665,0.032454826,0.362202056,0.146633371,0.410000000,3,2,2,0,0,0,0,0,1.000000000,0,0,0,0
32.041485071,7.433551671,0.033224011,0.362164922,0.146633371,0.410000000,3,2,2,0,0,0,0,0,1.000000000,0,0,0,0
33.045397758,7.651185290,0.034040799,0.362480563,0.146633371,0.410000000,3,2,2,0,0,0,0,0,1.000000000,0,0,0,0
34.043988943,7.875402413,0.034293854,0.362480563,0.146633371,0.410000000,3,3,3,0,0,0,0,0,1.000000000,0,0,0,0
37.545381546,7.924288113,0.034432908,0.362517697,0.134167493,0.470000000,4,3,3,0,0,0,0,0,1.000000000,0,0,0,0
38.042229414,7.985014326,0.034432908,0.362517697,0.134167493,0.470000000,4,3,3,0,0,0,0,0,1.000000000,0,0,0,0
39.045453548,8.316838655,0.034432908,0.362517697,0.134167493,0.470000000,4,3,3,0,0,0,0,0,1.000000000,0,0,0,0
40.044891357,8.659619081,0.034439172,0.362517697,0.134167493,0.470000000,4,3,3,0,0,0,0,0,1.000000000,0,0,0,0
41.043587208,9.002623286,0.034445436,0.362517697,0.134167493,0.470000000,4,3,3,0,0,0,0,0,1.000000000,0,0,0,0
42.043738365,9.352469850,0.034447941,0.362536264,0.134167493,0.470000000,4,3,3,0,0,0,0,0,1.000000000,0,0,0,0
43.043988466,9.694850412,0.034452952,0.362573398,0.134167493,0.470000000,4,3,3,0,0,0,0,0,1.000000000,0,0,0,0
44.047030687,10.037852359,0.034466732,0.362721935,0.134167493,0.470000000,4,3,3,0,0,0,0,0,1.000000000,0,0,0,0
45.045051336,10.380852339,0.034501809,0.363204679,0.134167493,0.470000000,4,3,3,0,0,0,0,0,1.000000000,0,0,0,0
46.040704489,10.730841872,0.034556930,0.363965929,0.134167493,0.470000000,4,3,3,0,0,0,0,0,1.000000000,0,0,0,0
47.044430256,11.072635952,0.034741083,0.366342516,0.134167493,0.470000000,4,3,3,0,0,0,0,0,1.000000000,0,0,0,0
48.043496370,11.410444918,0.034965324,0.368301344,0.134167493,0.470000000,4,3,3,0,0,0,0,0,1.000000000,0,0,0,0
49.043451548,11.643774234,0.035252202,0.369731009,0.134167493,0.470000000,4,3,3,0,0,0,0,0,1.000000000,0,0,0,0
50.045644045,11.701876725,0.035585432,0.370975004,0.134167493,0.470000000,4,3,3,0,0,0,0,0,1.000000000,0,0,0,0
51.042075872,12.120459850,0.035967519,0.371536658,0.134167493,0.470000000,4,3,3,0,0,0,0,0,1.000000000,0,0,0,0
52.043595791,12.609492514,0.036912087,0.372590340,0.134167493,0.470000000,4,3,3,0,0,0,0,0,1.000000000,0,0,0,0
53.044430733,13.104103458,0.038217446,0.372850280,0.134167493,0.470000000,4,3,3,0,0,0,0,0,1.000000000,0,0,0,0
54.044759274,13.599367260,0.038266303,0.373054518,0.134167493,0.470000000,4,3,3,0,0,0,0,0,1.000000000,0,0,0,0
55.045527458,14.084956941,0.038317666,0.373537262,0.134167493,0.470000000,4,3,3,0,0,0,0,0,1.000000000,0,0,0,0
56.046605110,14.581818110,0.038404105,0.374632720,0.134167493,0.470000000,4,3,3,0,0,0,0,0,1.000000000,0,0,0,0
57.040791035,15.070999019,0.038653401,0.377733423,0.134167493,0.470000000,4,3,3,0,0,0,0,0,1.000000000,0,0,0,0
58.046761274,15.570997687,0.039245949,0.384645021,0.134167493,0.470000000,4,3,3,0,0,0,0,0,1.000000000,0,0,0,0
59.044090033,16.016008483,0.039279773,0.384793557,0.134167493,0.470000000,4,3,3,0,0,0,0,0,1.000000000,0,0,0,0
60.046989679,16.367344519,0.039279773,0.384793557,0.134167493,0.470000000,4,3,3,0,0,0,0,0,1.000000000,0,0,0,0
61.043236494,16.619249831,0.039279773,0.384793557,0.134167493,0.470000000,4,3,3,0,0,0,0,0,1.000000000,0,0,0,0
64.746315956,16.740121565,0.039279773,0.384793557,0.173040094,0.480000000,5,4,4,0,0,0,0,0,1.000000000,0,0,0,0
65.048132896,16.752525561,0.039279773,0.384793557,0.173040094,0.480000000,5,4,4,0,0,0,0,0,1.000000000,0,0,0,0
66.046311617,17.063731626,0.039279773,0.384793557,0.173040094,0.480000000,5,4,4,0,0,0,0,0,1.000000000,0,0,0,0
67.044747829,17.406207216,0.039279773,0.384793557,0.173040094,0.480000000,5,4,4,0,0,0,0,0,1.000000000,0,0,0,0
68.041090012,17.741618946,0.039279773,0.384793557,0.173040094,0.480000000,5,4,4,0,0,0,0,0,1.000000000,0,0,0,0
69.045948744,17.954329354,0.039279773,0.384793557,0.173040094,0.480000000,5,4,4,0,0,0,0,0,1.000000000,0,0,0,0
70.045193195,18.050711605,0.039279773,0.384793557,0.173040094,0.480000000,5,4,4,0,0,0,0,0,1.000000000,0,0,0,0
71.042408228,18.494070300,0.039279773,0.384793557,0.173040094,0.480000000,5,4,4,0,0,0,0,0,1.000000000,0,0,0,0
72.045811892,18.983209967,0.039279773,0.384793557,0.173040094,0.480000000,5,4,4,0,0,0,0,0,1.000000000,0,0,0,0
73.045629263,19.479846718,0.039279773,0.384793557,0.173040094,0.480000000,5,4,4,0,0,0,0,0,1.000000000,0,0,0,0
74.046099901,19.979841041,0.039287289,0.384904960,0.173040094,0.480000000,5,4,4,0,0,0,0,0,1.000000000,0,0,0,0
75.045444489,20.474751881,0.039292300,0.384923527,0.173040094,0.480000000,5,4,4,0,0,0,0,0,1.000000000,0,0,0,0
76.046047688,20.974218913,0.039298564,0.384960661,0.173040094,0.480000000,5,4,4,0,0,0,0,0,1.000000000,0,0,0,0
77.041192532,21.464161461,0.039402542,0.385350570,0.173040094,0.480000000,5,4,4,0,0,0,0,0,1.000000000,0,0,0,0
78.042793751,21.964160793,0.040233111,0.388135633,0.173040094,0.480000000,5,4,4,0,0,0,0,0,1.000000000,0,0,0,0
79.048803091,22.464111944,0.040330825,0.388525541,0.173040094,0.480000000,5,4,4,0,0,0,0,0,1.000000000,0,0,0,0
80.047133923,22.953474484,0.040335835,0.388525541,0.173040094,0.480000000,5,4,4,0,0,0,0,0,1.000000000,0,0,0,0
81.046324492,23.453466048,0.040335835,0.388525541,0.173040094,0.480000000,5,4,4,0,0,0,0,0,1.000000000,0,0,0,0
82.042403936,23.944611494,0.040340846,0.388525541,0.173040094,0.480000000,5,4,4,0,0,0,0,0,1.000000000,0,0,0,0
83.045047760,24.318852597,0.040343352,0.388525541,0.173040094,0.480000000,5,4,4,0,0,0,0,0,1.000000000,0,0,0,0
84.045713186,24.598865416,0.040343352,0.388525541,0.173040094,0.480000000,5,4,4,0,0,0,0,0,1.000000000,0,0,0,0
87.646751404,24.745578427,0.040344605,0.388525541,0.172671271,0.480000000,6,5,5,0,0,0,0,0,1.000000000,0,0,0,0
88.043588161,24.796700812,0.040344605,0.388525541,0.172671271,0.480000000,6,5,5,0,0,0,0,0,1.000000000,0,0,0,0
89.042375088,25.139387113,0.040344605,0.388525541,0.172671271,0.480000000,6,5,5,0,0,0,0,0,1.000000000,0,0,0,0
90.043851614,25.488810872,0.040348363,0.388525541,0.172671271,0.480000000,6,5,5,0,0,0,0,0,1.000000000,0,0,0,0
91.042460918,25.838617205,0.040350868,0.388525541,0.172671271,0.480000000,6,5,5,0,0,0,0,0,1.000000000,0,0,0,0
92.042016268,26.188625482,0.040352121,0.388525541,0.172671271,0.480000000,6,5,5,0,0,0,0,0,1.000000000,0,0,0,0
93.044839859,26.538625450,0.040357132,0.388525541,0.172671271,0.480000000,6,5,5,0,0,0,0,0,1.000000000,0,0,0,0
94.042385340,26.888623909,0.040359638,0.388525541,0.172671271,0.480000000,6,5,5,0,0,0,0,0,1.000000000,0,0,0,0
95.044752836,27.231621532,0.040362143,0.388525541,0.172671271,0.480000000,6,5,5,0,0,0,0,0,1.000000000,0,0,0,0
96.040902376,27.568531555,0.040368407,0.388525541,0.172671271,0.480000000,6,5,5,0,0,0,0,0,1.000000000,0,0,0,0
97.044045448,27.747475171,0.040409747,0.388646227,0.172671271,0.480000000,6,5,5,0,0,0,0,0,1.000000000,0,0,0,0
98.042399645,27.858936283,0.040409747,0.388646227,0.172671271,0.480000000,6,5,5,0,0,0,0,0,1.000000000,0,0,0,0
99.041118860,28.300421392,0.040419769,0.388646227,0.172671271,0.480000000,6,5,5,0,0,0,0,0,1.000000000,0,0,0,0
100.042812586,28.795108489,0.040407242,0.388794764,0.172671271,0.480000000,6,5,5,0,0,0,0,0,1.000000000,0,0,0,0
101.045039892,29.293385532,0.040408495,0.388794764,0.172671271,0.480000000,6,5,5,0,0,0,0,0,1.000000000,0,0,0,0
102.041671276,29.792724682,0.040422275,0.388321303,0.172671271,0.480000000,6,5,5,0,0,0,0,0,1.000000000,0,0,0,0
103.043325186,30.290806250,0.040452341,0.388460557,0.172671271,0.480000000,6,5,5,0,0,0,0,0,1.000000000,0,0,0,0
104.043941259,30.775437278,0.040477395,0.388581243,0.172671271,0.480000000,6,5,5,0,0,0,0,0,1.000000000,0,0,0,0
105.042277575,31.263406381,0.040489923,0.389272867,0.172671271,0.480000000,6,5,5,0,0,0,0,0,1.000000000,0,0,0,0
106.043463707,31.751389044,0.040489923,0.389272867,0.172671271,0.480000000,6,5,5,0,0,0,0,0,1.000000000,0,0,0,0
107.041435957,32.249971984,0.040489923,0.389272867,0.172671271,0.480000000,6,5,5,0,0,0,0,0,1.000000000,0,0,0,0
108.044179440,32.736371008,0.040489923,0.389272867,0.172671271,0.480000000,6,5,5,0,0,0,0,0,1.000000000,0,0,0,0
109.043775797,33.221848099,0.040489923,0.389272867,0.172671271,0.480000000,6,5,5,0,0,0,0,0,1.000000000,0,0,0,0
110.044807673,33.711775358,0.040489923,0.389272867,0.172671271,0.480000000,6,5,5,0,0,0,0,0,1.000000000,0,0,0,0
111.046157360,34.210484668,0.040567593,0.388581243,0.172671271,0.480000000,6,5,5,0,0,0,0,0,1.000000000,0,0,0,0
112.046205997,34.709901297,0.040595153,0.388581243,0.172671271,0.480000000,6,5,5,0,0,0,0,0,1.000000000,0,0,0,0
113.045424461,35.209901184,0.040657791,0.388581243,0.172671271,0.480000000,6,5,5,0,0,0,0,0,1.000000000,0,0,0,0
114.041414499,35.709609061,0.040864493,0.388581243,0.172671271,0.480000000,6,5,5,0,0,0,0,0,1.000000000,0,0,0,0
115.046836138,36.135871372,0.041374360,0.388581243,0.172671271,0.480000000,6,5,5,0,0,0,0,0,1.000000000,0,0,0,0
116.041833878,36.436080900,0.042029545,0.388581243,0.172671271,0.480000000,6,5,5,0,0,0,0,0,1.000000000,0,0,0,0
117.044027567,36.681901967,0.042098446,0.388581243,0.172671271,0.480000000,6,5,5,0,0,0,0,0,1.000000000,0,0,0,0
120.404906988,36.757166782,0.042104709,0.388581243,0.169103722,0.480000000,7,6,6,0,0,0,0,0,1.000000000,0,0,0,0
121.043945789,36.856118076,0.042104709,0.388581243,0.169103722,0.480000000,7,6,6,0,0,0,0,0,1.000000000,0,0,0,0
122.046366692,37.206422061,0.042105962,0.388581243,0.169103722,0.480000000,7,6,6,0,0,0,0,0,1.000000000,0,0,0,0
123.043599129,37.549199443,0.042113479,0.388581243,0.169103722,0.480000000,7,6,6,0,0,0,0,0,1.000000000,0,0,0,0
124.043362141,37.892195378,0.042114731,0.388581243,0.169103722,0.480000000,7,6,6,0,0,0,0,0,1.000000000,0,0,0,0
125.044342756,38.242195136,0.042114731,0.388581243,0.169103722,0.480000000,7,6,6,0,0,0,0,0,1.000000000,0,0,0,0
126.043945551,38.592008074,0.042114731,0.388581243,0.169103722,0.480000000,7,6,6,0,0,0,0,0,1.000000000,0,0,0,0
127.044958115,38.941859088,0.042114731,0.388581243,0.169103722,0.480000000,7,6,6,0,0,0,0,0,1.000000000,0,0,0,0
128.043998718,39.291577949,0.042114731,0.388581243,0.169103722,0.480000000,7,6,6,0,0,0,0,0,1.000000000,0,0,0,0
129.044878960,39.640616387,0.042114731,0.388581243,0.169103722,0.480000000,7,6,6,0,0,0,0,0,1.000000000,0,0,0,0
130.041262150,39.983480755,0.042114731,0.388581243,0.169103722,0.480000000,7,6,6,0,0,0,0,0,1.000000000,0,0,0,0
131.040706396,40.326480674,0.042114731,0.388581243,0.169103722,0.480000000,7,6,6,0,0,0,0,0,1.000000000,0,0,0,0
132.045646667,40.669480350,0.042108468,0.388590526,0.169103722,0.480000000,7,6,6,0,0,0,0,0,1.000000000,0,0,0,0
133.042731285,41.012480018,0.042108468,0.388590526,0.169103722,0.480000000,7,6,6,0,0,0,0,0,1.000000000,0,0,0,0
134.042476654,41.355480005,0.042108468,0.388590526,0.169103722,0.480000000,7,6,6,0,0,0,0,0,1.000000000,0,0,0,0
135.042369604,41.698379260,0.042109720,0.388590526,0.169103722,0.480000000,7,6,6,0,0,0,0,0,1.000000000,0,0,0,0
136.046458006,42.048278643,0.042109720,0.388590526,0.169103722,0.480000000,7,6,6,0,0,0,0,0,1.000000000,0,0,0,0
137.042256594,42.398278634,0.042112226,0.388590526,0.169103722,0.480000000,7,6,6,0,0,0,0,0,1.000000000,0,0,0,0
138.045414686,42.748148610,0.042115984,0.388590526,0.169103722,0.480000000,7,6,6,0,0,0,0,0,1.000000000,0,0,0,0
139.042284727,43.097687374,0.042126006,0.388711212,0.169103722,0.480000000,7,6,6,0,0,0,0,0,1.000000000,0,0,0,0
140.045536280,43.447173509,0.042134775,0.388813331,0.169103722,0.480000000,7,6,6,0,0,0,0,0,1.000000000,0,0,0,0
141.044984102,43.796812859,0.042141039,0.388906167,0.169103722,0.480000000,7,6,6,0,0,0,0,0,1.000000000,0,0,0,0
142.042585135,44.146504487,0.042166094,0.389240374,0.169103722,0.480000000,7,6,6,0,0,0,0,0,1.000000000,0,0,0,0
143.043920040,44.496510709,0.042194907,0.389556015,0.169103722,0.480000000,7,6,6,0,0,0,0,0,1.000000000,0,0,0,0
144.042426825,44.844808964,0.042242511,0.390150161,0.169103722,0.480000000,7,6,6,0,0,0,0,0,1.000000000,0,0,0,0
145.043369770,45.194708945,0.042291368,0.390623622,0.169103722,0.480000000,7,6,6,0,0,0,0,0,1.000000000,0,0,0,0
146.044096470,45.544376581,0.042405368,0.391988303,0.169103722,0.480000000,7,6,6,0,0,0,0,0,1.000000000,0,0,0,0
147.043533802,45.894399133,0.042673455,0.395492840,0.169103722,0.480000000,7,6,6,0,0,0,0,0,1.000000000,0,0,0,0
148.041214228,46.244399115,0.042895190,0.398096874,0.169103722,0.480000000,7,6,6,0,0,0,0,0,1.000000000,0,0,0,0
149.045028210,46.594399103,0.043116926,0.400714833,0.169103722,0.480000000,7,6,6,0,0,0,0,0,1.000000000,0,0,0,0
150.045082569,46.943945944,0.043348684,0.403434911,0.169103722,0.480000000,7,6,6,0,0,0,0,0,1.000000000,0,0,0,0
151.046327829,47.293709240,0.043698199,0.407343282,0.169103722,0.480000000,7,6,6,0,0,0,0,0,1.000000000,0,0,0,0
152.041101456,47.643729637,0.043996352,0.411158818,0.169103722,0.480000000,7,6,6,0,0,0,0,0,1.000000000,0,0,0,0
153.045367002,47.993145407,0.044437318,0.416366886,0.169103722,0.480000000,7,6,6,0,0,0,0,0,1.000000000,0,0,0,0
154.045730352,48.336145396,0.044816899,0.420200989,0.169103722,0.480000000,7,6,6,0,0,0,0,0,1.000000000,0,0,0,0
155.045311928,48.686145377,0.045132590,0.423431662,0.169103722,0.480000000,7,6,6,0,0,0,0,0,1.000000000,0,0,0,0
156.043232441,49.036131747,0.045430743,0.426866572,0.169103722,0.480000000,7,6,6,0,0,0,0,0,1.000000000,0,0,0,0
157.042631149,49.386131730,0.045708852,0.429493815,0.169103722,0.480000000,7,6,6,0,0,0,0,0,1.000000000,0,0,0,0
158.043712139,49.736131705,0.045921819,0.431396941,0.169103722,0.480000000,7,6,6,0,0,0,0,0,1.000000000,0,0,0,0
159.043219805,50.086131670,0.046216214,0.434822568,0.169103722,0.480000000,7,6,6,0,0,0,0,0,1.000000000,0,0,0,0
160.043982267,50.435898977,0.046571993,0.438396732,0.169103722,0.480000000,7,6,6,0,0,0,0,0,1.000000000,0,0,0,0
161.041574240,50.786027027,0.046758651,0.440086337,0.169103722,0.480000000,7,6,6,0,0,0,0,0,1.000000000,0,0,0,0
162.044879436,51.136027014,0.046895200,0.441423167,0.169103722,0.480000000,7,6,6,0,0,0,0,0,1.000000000,0,0,0,0
163.043947697,51.485959643,0.047059310,0.442862116,0.169103722,0.480000000,7,6,6,0,0,0,0,0,1.000000000,0,0,0,0
164.046099424,51.835411583,0.047149507,0.443400562,0.169103722,0.480000000,7,6,6,0,0,0,0,0,1.000000000,0,0,0,0
165.046332359,52.185413292,0.047230936,0.443846172,0.169103722,0.480000000,7,6,6,0,0,0,0,0,1.000000000,0,0,0,0
166.045863867,52.535336772,0.047418847,0.445452225,0.169103722,0.480000000,7,6,6,0,0,0,0,0,1.000000000,0,0,0,0
167.044570923,52.885336734,0.047500276,0.446259893,0.169103722,0.480000000,7,6,6,0,0,0,0,0,1.000000000,0,0,0,0
168.046021700,53.235016613,0.047674407,0.448302272,0.169103722,0.480000000,7,6,6,0,0,0,0,0,1.000000000,0,0,0,0
169.047456503,53.578016421,0.047825989,0.449657669,0.169103722,0.480000000,7,6,6,0,0,0,0,0,1.000000000,0,0,0,0
170.048460007,53.927643252,0.048006384,0.451727899,0.169103722,0.480000000,7,6,6,0,0,0,0,0,1.000000000,0,0,0,0
171.048571110,54.270608675,0.048307042,0.455186019,0.169103722,0.480000000,7,6,6,0,0,0,0,0,1.000000000,0,0,0,0
172.048222065,54.620580633,0.048879546,0.462854225,0.169103722,0.480000000,7,6,6,0,0,0,0,0,1.000000000,0,0,0,0
173.046405792,54.969391180,0.049300468,0.468702857,0.169103722,0.480000000,7,6,6,0,0,0,0,0,1.000000000,0,0,0,0
174.047293186,55.319003413,0.049879236,0.477011628,0.169103722,0.480000000,7,6,6,0,0,0,0,0,1.000000000,0,0,0,0
175.045552731,55.668706118,0.050573255,0.486378722,0.169103722,0.480000000,7,6,6,0,0,0,0,0,1.000000000,0,0,0,0
176.045867920,56.011102507,0.051438901,0.497853181,0.169103722,0.480000000,7,6,6,0,0,0,0,0,1.000000000,0,0,0,0
177.042634249,56.260313147,0.051679428,0.500874974,0.169103722,0.480000000,7,6,6,0,0,0,0,0,1.000000000,0,0,0,0
178.045652151,56.466860932,0.051883625,0.503223710,0.169103722,0.480000000,7,6,6,0,0,0,0,0,1.000000000,0,0,0,0
181.961404324,56.551688789,0.052105361,0.506152668,0.398346811,0.440000000,8,7,7,0,0,0,0,0,1.000000000,0,0,0,0
182.046237230,56.553012597,0.052105361,0.506152668,0.398346811,0.440000000,8,7,7,0,0,0,0,0,1.000000000,0,0,0,0
183.043365002,56.662319930,0.052105361,0.506152668,0.398346811,0.440000000,8,7,7,0,0,0,0,0,1.000000000,0,0,0,0
184.043307543,57.124617371,0.052240657,0.507758721,0.398346811,0.440000000,8,7,7,0,0,0,0,0,1.000000000,0,0,0,0
185.044471264,57.613921626,0.052299536,0.508482837,0.398346811,0.440000000,8,7,7,0,0,0,0,0,1.000000000,0,0,0,0
186.044804811,58.110188995,0.052334613,0.508798477,0.398346811,0.440000000,8,7,7,0,0,0,0,0,1.000000000,0,0,0,0
187.041331291,58.609767631,0.052370942,0.509114118,0.398346811,0.440000000,8,7,7,0,0,0,0,0,1.000000000,0,0,0,0
188.040343761,59.106894838,0.052412283,0.509318356,0.398346811,0.440000000,8,7,7,0,0,0,0,0,1.000000000,0,0,0,0
189.045428276,59.605746183,0.052501228,0.509522594,0.398346811,0.440000000,8,7,7,0,0,0,0,0,1.000000000,0,0,0,0
190.047250032,60.104914710,0.052561359,0.509522594,0.398346811,0.440000000,8,7,7,0,0,0,0,0,1.000000000,0,0,0,0
191.046108723,60.601392743,0.052722963,0.509633996,0.398346811,0.440000000,8,7,7,0,0,0,0,0,1.000000000,0,0,0,0
192.044756651,61.100009970,0.052848238,0.509633996,0.398346811,0.440000000,8,7,7,0,0,0,0,0,1.000000000,0,0,0,0
193.043609381,61.584864149,0.053009842,0.509791817,0.398346811,0.440000000,8,7,7,0,0,0,0,0,1.000000000,0,0,0,0
194.045558929,62.081263832,0.053102545,0.509791817,0.398346811,0.440000000,8,7,7,0,0,0,0,0,1.000000000,0,0,0,0
195.045603752,62.578758761,0.053235335,0.509791817,0.398346811,0.440000000,8,7,7,0,0,0,0,0,1.000000000,0,0,0,0
196.043015480,63.076348345,0.053373137,0.509810384,0.398346811,0.440000000,8,7,7,0,0,0,0,0,1.000000000,0,0,0,0
197.044522047,63.572473571,0.053460829,0.509828951,0.398346811,0.440000000,8,7,7,0,0,0,0,0,1.000000000,0,0,0,0
198.046622038,64.071802250,0.053612411,0.509838234,0.398346811,0.440000000,8,7,7,0,0,0,0,0,1.000000000,0,0,0,0
199.047856569,64.570950873,0.053786543,0.509856801,0.398346811,0.440000000,8,7,7,0,0,0,0,0,1.000000000,0,0,0,0
200.041951656,65.069075584,0.053880498,0.509856801,0.398346811,0.440000000,8,7,7,0,0,0,0,0,1.000000000,0,0,0,0
201.045141220,65.566224684,0.054070915,0.509949637,0.398346811,0.440000000,8,7,7,0,0,0,0,0,1.000000000,0,0,0,0
202.046288013,66.060837146,0.054359046,0.510265277,0.398346811,0.440000000,8,7,7,0,0,0,0,0,1.000000000,0,0,0,0
203.042688370,66.544948122,0.054628386,0.510724813,0.398346811,0.440000000,8,7,7,0,0,0,0,0,1.000000000,0,0,0,0
204.046782970,67.017375454,0.054782474,0.511281825,0.398346811,0.440000000,8,7,7,0,0,0,0,0,1.000000000,0,0,0,0
205.045423508,67.510626796,0.055147022,0.512507253,0.398346811,0.440000000,8,7,7,0,0,0,0,0,1.000000000,0,0,0,0
206.045220375,68.003867630,0.055990118,0.514076171,0.398346811,0.440000000,8,7,7,0,0,0,0,0,1.000000000,0,0,0,0
207.045563698,68.491691654,0.056859522,0.516099984,0.398346811,0.440000000,8,7,7,0,0,0,0,0,1.000000000,0,0,0,0
208.044196606,68.991551136,0.056870797,0.516099984,0.398346811,0.440000000,8,7,7,0,0,0,0,0,1.000000000,0,0,0,0
209.047789335,69.466992039,0.056873303,0.516099984,0.398346811,0.440000000,8,7,7,0,0,0,0,0,1.000000000,0,0,0,0
210.047750235,69.820737945,0.056873303,0.516099984,0.398346811,0.440000000,8,7,7,0,0,0,0,0,1.000000000,0,0,0,0
211.048316240,70.064244969,0.056873303,0.516099984,0.398346811,0.440000000,8,7,7,0,0,0,0,0,1.000000000,0,0,0,0
214.755898476,70.113126181,0.056873303,0.516099984,0.399540202,0.430000000,9,8,8,0,0,0,0,0,1.000000000,0,0,0,0
215.048080921,70.140062172,0.056873303,0.516099984,0.399540202,0.430000000,9,8,8,0,0,0,0,0,1.000000000,0,0,0,0
216.047065973,70.476331883,0.056873303,0.516099984,0.399540202,0.430000000,9,8,8,0,0,0,0,0,1.000000000,0,0,0,0
217.046374321,70.826341138,0.056873303,0.516099984,0.399540202,0.430000000,9,8,8,0,0,0,0,0,1.000000000,0,0,0,0
218.044075489,71.176212074,0.056873303,0.516099984,0.399540202,0.430000000,9,8,8,0,0,0,0,0,1.000000000,0,0,0,0
219.043523550,71.522153728,0.056873303,0.516099984,0.399540202,0.430000000,9,8,8,0,0,0,0,0,1.000000000,0,0,0,0
220.041862488,71.815999658,0.056873303,0.516099984,0.399540202,0.430000000,9,8,8,0,0,0,0,0,1.000000000,0,0,0,0
221.043988943,71.914578312,0.056873303,0.516099984,0.399540202,0.430000000,9,8,8,0,0,0,0,0,1.000000000,0,0,0,0
222.044378281,72.017547225,0.056873303,0.516099984,0.399540202,0.430000000,9,8,8,0,0,0,0,0,1.000000000,0,0,0,0
223.045709133,72.432175830,0.056873303,0.516099984,0.399540202,0.430000000,9,8,8,0,0,0,0,0,1.000000000,0,0,0,0
224.045276403,72.867659452,0.056873303,0.516099984,0.399540202,0.430000000,9,8,8,0,0,0,0,0,1.000000000,0,0,0,0
225.041427374,73.350315306,0.056885830,0.516267088,0.399540202,0.430000000,9,8,8,0,0,0,0,0,1.000000000,0,0,0,0
226.046138048,73.829053065,0.056949720,0.517084039,0.399540202,0.430000000,9,8,8,0,0,0,0,0,1.000000000,0,0,0,0
227.044050932,74.328663125,0.056950973,0.517084039,0.399540202,0.430000000,9,8,8,0,0,0,0,0,1.000000000,0,0,0,0
228.046544075,74.818655491,0.057222818,0.517102606,0.399540202,0.430000000,9,8,8,0,0,0,0,0,1.000000000,0,0,0,0
229.043419600,75.310418940,0.057350598,0.517102606,0.399540202,0.430000000,9,8,8,0,0,0,0,0,1.000000000,0,0,0,0
230.042516470,75.801335677,0.057444554,0.517102606,0.399540202,0.430000000,9,8,8,0,0,0,0,0,1.000000000,0,0,0,0
231.044838190,76.295356938,0.057503433,0.517102606,0.399540202,0.430000000,9,8,8,0,0,0,0,0,1.000000000,0,0,0,0
232.041473627,76.779796625,0.057533498,0.517102606,0.399540202,0.430000000,9,8,8,0,0,0,0,0,1.000000000,0,0,0,0
233.040575981,77.275738522,0.057548531,0.517102606,0.399540202,0.430000000,9,8,8,0,0,0,0,0,1.000000000,0,0,0,0
234.047203779,77.760586991,0.057597388,0.517102606,0.399540202,0.430000000,9,8,8,0,0,0,0,0,1.000000000,0,0,0,0
235.040798903,78.238947242,0.057774025,0.517102606,0.399540202,0.430000000,9,8,8,0,0,0,0,0,1.000000000,0,0,0,0
236.046907902,78.728618413,0.058024574,0.517102606,0.399540202,0.430000000,9,8,8,0,0,0,0,0,1.000000000,0,0,0,0
237.041898727,79.227348002,0.058207474,0.517214009,0.399540202,0.430000000,9,8,8,0,0,0,0,0,1.000000000,0,0,0,0
238.044919729,79.725882402,0.058256331,0.517214009,0.399540202,0.430000000,9,8,8,0,0,0,0,0,1.000000000,0,0,0,0
239.044938326,80.225598544,0.058345276,0.517214009,0.399540202,0.430000000,9,8,8,0,0,0,0,0,1.000000000,0,0,0,0
240.045368671,80.725147428,0.058668484,0.517214009,0.399540202,0.430000000,9,8,8,0,0,0,0,0,1.000000000,0,0,0,0
241.044727564,81.215139730,0.059595514,0.517214009,0.399540202,0.430000000,9,8,8,0,0,0,0,0,1.000000000,0,0,0,0
242.043016434,81.710670249,0.059760876,0.517214009,0.399540202,0.430000000,9,8,8,0,0,0,0,0,1.000000000,0,0,0,0
243.046171427,82.096167849,0.059775909,0.517214009,0.399540202,0.430000000,9,8,8,0,0,0,0,0,1.000000000,0,0,0,0
244.042312860,82.366313603,0.059783426,0.517214009,0.399540202,0.430000000,9,8,8,0,0,0,0,0,1.000000000,0,0,0,0
247.682183027,82.505093814,0.059784678,0.517214009,0.421540155,0.490000000,10,9,9,0,0,0,0,0,1.000000000,0,0,0,0
248.043948174,82.555033266,0.059787184,0.517214009,0.421540155,0.490000000,10,9,9,0,0,0,0,0,1.000000000,0,0,0,0
249.041400671,82.894984417,0.059787184,0.517214009,0.421540155,0.490000000,10,9,9,0,0,0,0,0,1.000000000,0,0,0,0
250.041123867,83.176924347,0.059789689,0.517214009,0.421540155,0.490000000,10,9,9,0,0,0,0,0,1.000000000,0,0,0,0
251.041349888,83.223881221,0.059789689,0.517214009,0.421540155,0.490000000,10,9,9,0,0,0,0,0,1.000000000,0,0,0,0
252.042502880,83.487231938,0.059789689,0.517214009,0.421540155,0.490000000,10,9,9,0,0,0,0,0,1.000000000,0,0,0,0
253.041659355,83.987214647,0.059793448,0.517195442,0.421540155,0.490000000,10,9,9,0,0,0,0,0,1.000000000,0,0,0,0
254.044152260,84.486920092,0.059794700,0.517195442,0.421540155,0.490000000,10,9,9,0,0,0,0,0,1.000000000,0,0,0,0
255.041750193,84.986904002,0.059798459,0.517195442,0.421540155,0.490000000,10,9,9,0,0,0,0,0,1.000000000,0,0,0,0
256.041874409,85.486649892,0.059802217,0.517195442,0.421540155,0.490000000,10,9,9,0,0,0,0,0,1.000000000,0,0,0,0
257.042794228,85.982795409,0.059802217,0.517195442,0.421540155,0.490000000,10,9,9,0,0,0,0,0,1.000000000,0,0,0,0
258.042735815,86.479790218,0.059804722,0.517065472,0.421540155,0.490000000,10,9,9,0,0,0,0,0,1.000000000,0,0,0,0
259.040902615,86.959681522,0.059807228,0.517065472,0.421540155,0.490000000,10,9,9,0,0,0,0,0,1.000000000,0,0,0,0
260.043373108,87.446521791,0.059832283,0.516879801,0.421540155,0.490000000,10,9,9,0,0,0,0,0,1.000000000,0,0,0,0
261.042042255,87.935712684,0.059841052,0.516898368,0.421540155,0.490000000,10,9,9,0,0,0,0,0,1.000000000,0,0,0,0
262.042568207,88.433676372,0.059841052,0.516916936,0.421540155,0.490000000,10,9,9,0,0,0,0,0,1.000000000,0,0,0,0
263.043818712,88.923308815,0.059843557,0.516916936,0.421540155,0.490000000,10,9,9,0,0,0,0,0,1.000000000,0,0,0,0
264.043109179,89.423030707,0.059846063,0.516916936,0.421540155,0.490000000,10,9,9,0,0,0,0,0,1.000000000,0,0,0,0
265.045363426,89.923026638,0.059856085,0.516916936,0.421540155,0.490000000,10,9,9,0,0,0,0,0,1.000000000,0,0,0,0
266.046087980,90.412807914,0.059864854,0.517009771,0.421540155,0.490000000,10,9,9,0,0,0,0,0,1.000000000,0,0,0,0
267.043778419,90.904343240,0.059868612,0.517009771,0.421540155,0.490000000,10,9,9,0,0,0,0,0,1.000000000,0,0,0,0
268.044743776,91.402972483,0.059868612,0.517009771,0.421540155,0.490000000,10,9,9,0,0,0,0,0,1.000000000,0,0,0,0
269.042916298,91.902406118,0.059868612,0.517009771,0.421540155,0.490000000,10,9,9,0,0,0,0,0,1.000000000,0,0,0,0
270.042381525,92.402258816,0.059868612,0.517009771,0.421540155,0.490000000,10,9,9,0,0,0,0,0,1.000000000,0,0,0,0
271.047004223,92.894825469,0.059869865,0.517009771,0.421540155,0.490000000,10,9,9,0,0,0,0,0,1.000000000,0,0,0,0
272.045019627,93.392587749,0.059892414,0.517306844,0.421540155,0.490000000,10,9,9,0,0,0,0,0,1.000000000,0,0,0,0
273.042133808,93.891190896,0.060067798,0.519674148,0.421540155,0.490000000,10,9,9,0,0,0,0,0,1.000000000,0,0,0,0
274.046143770,94.390080529,0.060598962,0.526047300,0.421540155,0.490000000,10,9,9,0,0,0,0,0,1.000000000,0,0,0,0
275.044445992,94.889300836,0.060700434,0.526919953,0.421540155,0.490000000,10,9,9,0,0,0,0,0,1.000000000,0,0,0,0
276.045974255,95.363044330,0.060700434,0.526919953,0.421540155,0.490000000,10,9,9,0,0,0,0,0,1.000000000,0,0,0,0
277.042403936,95.734028540,0.060700434,0.526919953,0.421540155,0.490000000,10,9,9,0,0,0,0,0,1.000000000,0,0,0,0
278.040547848,95.996511276,0.060701687,0.526919953,0.421540155,0.490000000,10,9,9,0,0,0,0,0,1.000000000,0,0,0,0
281.622828245,96.112495544,0.060701687,0.526919953,0.429465930,0.490000000,11,10,10,0,0,0,0,0,1.000000000,0,0,0,0
282.045584679,96.167282671,0.060701687,0.526919953,0.429465930,0.490000000,11,10,10,0,0,0,0,0,1.000000000,0,0,0,0
283.045173168,96.514571884,0.060701687,0.526919953,0.429465930,0.490000000,11,10,10,0,0,0,0,0,1.000000000,0,0,0,0
284.044815779,96.864834251,0.060701687,0.526919953,0.429465930,0.490000000,11,10,10,0,0,0,0,0,1.000000000,0,0,0,0
285.044470787,97.214798947,0.060701687,0.526919953,0.429465930,0.490000000,11,10,10,0,0,0,0,0,1.000000000,0,0,0,0
286.045537710,97.549389847,0.060701687,0.526919953,0.429465930,0.490000000,11,10,10,0,0,0,0,0,1.000000000,0,0,0,0
287.044588089,97.742852481,0.060701687,0.526919953,0.429465930,0.490000000,11,10,10,0,0,0,0,0,1.000000000,0,0,0,0
288.043152094,97.787823431,0.060701687,0.526919953,0.429465930,0.490000000,11,10,10,0,0,0,0,0,1.000000000,0,0,0,0
289.047098398,98.091043931,0.060701687,0.526919953,0.429465930,0.490000000,11,10,10,0,0,0,0,0,1.000000000,0,0,0,0
290.048053265,98.576326909,0.060702939,0.526919953,0.429465930,0.490000000,11,10,10,0,0,0,0,0,1.000000000,0,0,0,0
291.047261238,99.071297871,0.060704192,0.526919953,0.429465930,0.490000000,11,10,10,0,0,0,0,0,1.000000000,0,0,0,0
292.046434879,99.569407475,0.060704192,0.526919953,0.429465930,0.490000000,11,10,10,0,0,0,0,0,1.000000000,0,0,0,0
293.047366619,100.069271041,0.060704192,0.526919953,0.429465930,0.490000000,11,10,10,0,0,0,0,0,1.000000000,0,0,0,0
294.045195580,100.569228608,0.060704192,0.526919953,0.429465930,0.490000000,11,10,10,0,0,0,0,0,1.000000000,0,0,0,0
295.046063185,101.068973808,0.060704192,0.526919953,0.429465930,0.490000000,11,10,10,0,0,0,0,0,1.000000000,0,0,0,0
296.045062304,101.567697373,0.060704192,0.526919953,0.429465930,0.490000000,11,10,10,0,0,0,0,0,1.000000000,0,0,0,0
297.042694092,102.066932963,0.060704192,0.526919953,0.429465930,0.490000000,11,10,10,0,0,0,0,0,1.000000000,0,0,0,0
298.041369200,102.566101125,0.060705445,0.526938520,0.429465930,0.490000000,11,10,10,0,0,0,0,0,1.000000000,0,0,0,0
299.047598362,103.064253592,0.060717972,0.527124191,0.429465930,0.490000000,11,10,10,0,0,0,0,0,1.000000000,0,0,0,0
300.041059017,103.564032554,0.060721731,0.527152041,0.429465930,0.490000000,11,10,10,0,0,0,0,0,1.000000000,0,0,0,0
301.044386148,104.053475254,0.060736764,0.527374846,0.429465930,0.490000000,11,10,10,0,0,0,0,0,1.000000000,0,0,0,0
302.045813084,104.553340476,0.060744280,0.527486249,0.429465930,0.490000000,11,10,10,0,0,0,0,0,1.000000000,0,0,0,0
303.041467190,105.052139399,0.060760566,0.527634785,0.429465930,0.490000000,11,10,10,0,0,0,0,0,1.000000000,0,0,0,0
304.045573235,105.551121189,0.060770588,0.527671920,0.429465930,0.490000000,11,10,10,0,0,0,0,0,1.000000000,0,0,0,0
305.041384935,106.047736148,0.060783115,0.527764755,0.429465930,0.490000000,11,10,10,0,0,0,0,0,1.000000000,0,0,0,0
306.041343689,106.542669404,0.060805664,0.527950426,0.429465930,0.490000000,11,10,10,0,0,0,0,0,1.000000000,0,0,0,0
307.044966221,107.040897928,0.060833225,0.528210365,0.429465930,0.490000000,11,10,10,0,0,0,0,0,1.000000000,0,0,0,0
308.042697906,107.537998302,0.060854521,0.528433170,0.429465930,0.490000000,11,10,10,0,0,0,0,0,1.000000000,0,0,0,0
309.046315432,108.025697875,0.060874565,0.528581707,0.429465930,0.490000000,11,10,10,0,0,0,0,0,1.000000000,0,0,0,0
310.043734789,108.525202510,0.060836983,0.528600274,0.429465930,0.490000000,11,10,10,0,0,0,0,0,1.000000000,0,0,0,0
311.045048714,109.024569542,0.060894609,0.529287256,0.429465930,0.490000000,11,10,10,0,0,0,0,0,1.000000000,0,0,0,0
312.045219421,109.523267780,0.061002345,0.530568385,0.429465930,0.490000000,11,10,10,0,0,0,0,0,1.000000000,0,0,0,0
313.045492411,110.020234373,0.061111334,0.531928424,0.429465930,0.490000000,11,10,10,0,0,0,0,0,1.000000000,0,0,0,0
314.044530869,110.519765333,0.061201531,0.533051733,0.429465930,0.490000000,11,10,10,0,0,0,0,0,1.000000000,0,0,0,0
315.046887636,111.014963578,0.061305509,0.534291085,0.429465930,0.490000000,11,10,10,0,0,0,0,0,1.000000000,0,0,0,0
316.045563459,111.514241545,0.061497179,0.536621255,0.429465930,0.490000000,11,10,10,0,0,0,0,0,1.000000000,0,0,0,0
317.045945406,112.013348964,0.061587376,0.537786339,0.429465930,0.490000000,11,10,10,0,0,0,0,0,1.000000000,0,0,0,0
318.043631792,112.511225593,0.061815376,0.540692088,0.429465930,0.490000000,11,10,10,0,0,0,0,0,1.000000000,0,0,0,0
319.047002554,113.009878315,0.061987002,0.542367768,0.429465930,0.490000000,11,10,10,0,0,0,0,0,1.000000000,0,0,0,0
320.046153307,113.508452882,0.062171155,0.543546777,0.429465930,0.490000000,11,10,10,0,0,0,0,0,1.000000000,0,0,0,0
321.045274019,114.007504866,0.062339022,0.544437998,0.429465930,0.490000000,11,10,10,0,0,0,0,0,1.000000000,0,0,0,0
322.042995930,114.506700224,0.062533198,0.546178662,0.429465930,0.490000000,11,10,10,0,0,0,0,0,1.000000000,0,0,0,0
323.046785831,115.005847288,0.062825087,0.547534059,0.429465930,0.490000000,11,10,10,0,0,0,0,0,1.000000000,0,0,0,0
324.046346188,115.504669034,0.063006735,0.548290668,0.429465930,0.490000000,11,10,10,0,0,0,0,0,1.000000000,0,0,0,0
325.042530775,116.002600256,0.063354997,0.550351614,0.429465930,0.490000000,11,10,10,0,0,0,0,0,1.000000000,0,0,0,0
326.044887304,116.497904026,0.063552931,0.551521341,0.429465930,0.490000000,11,10,10,0,0,0,0,0,1.000000000,0,0,0,0
327.041161537,116.997108939,0.063973853,0.555086221,0.429465930,0.490000000,11,10,10,0,0,0,0,0,1.000000000,0,0,0,0
328.045176506,117.496228386,0.064720488,0.561408313,0.429465930,0.490000000,11,10,10,0,0,0,0,0,1.000000000,0,0,0,0
329.043947697,117.995480354,0.065705144,0.569549980,0.429465930,0.490000000,11,10,10,0,0,0,0,0,1.000000000,0,0,0,0
330.045494556,118.495358523,0.067887423,0.594429874,0.429465930,0.490000000,11,10,10,0,0,0,0,0,1.000000000,0,0,0,0
331.045995474,118.991398458,0.069282980,0.606902314,0.429465930,0.490000000,11,10,10,0,0,0,0,0,1.000000000,0,0,0,0
332.044277906,119.368466720,0.070417965,0.617935804,0.429465930,0.490000000,11,10,10,0,0,0,0,0,1.000000000,0,0,0,0
333.047586441,119.642306371,0.071669456,0.632213893,0.429465930,0.490000000,11,10,10,0,0,0,0,0,1.000000000,0,0,0,0
337.548515320,119.855670012,0.072044026,0.636669993,0.471423730,0.490000000,12,11,11,0,0,0,0,0,1.000000000,0,0,0,0
338.047857046,119.964706058,0.073007386,0.646306310,0.471423730,0.490000000,12,11,11,0,0,0,0,0,1.000000000,0,0,0,0
339.045287132,120.422380603,0.074644722,0.666470165,0.471423730,0.490000000,12,11,11,0,0,0,0,0,1.000000000,0,0,0,0
340.045897245,120.920747611,0.077617482,0.706918560,0.471423730,0.490000000,12,11,11,0,0,0,0,0,1.000000000,0,0,0,0
341.043638945,121.419841516,0.078623435,0.720347204,0.471423730,0.490000000,12,11,11,0,0,0,0,0,1.000000000,0,0,0,0
342.042433977,121.909410267,0.079248554,0.728442454,0.471423730,0.490000000,12,11,11,0,0,0,0,0,1.000000000,0,0,0,0
343.043504715,122.407305195,0.079520400,0.731492097,0.471423730,0.490000000,12,11,11,0,0,0,0,0,1.000000000,0,0,0,0
344.044298410,122.906069000,0.079630641,0.732847495,0.471423730,0.490000000,12,11,11,0,0,0,0,0,1.000000000,0,0,0,0
345.043201447,123.404694343,0.079712069,0.733812983,0.471423730,0.490000000,12,11,11,0,0,0,0,0,1.000000000,0,0,0,0
346.042199850,123.901696044,0.079763432,0.734388563,0.471423730,0.490000000,12,11,11,0,0,0,0,0,1.000000000,0,0,0,0
347.042258263,124.391654530,0.079807278,0.734741337,0.471423730,0.490000000,12,11,11,0,0,0,0,0,1.000000000,0,0,0,0
348.046216249,124.830497024,0.079868662,0.735251932,0.471423730,0.490000000,12,11,11,0,0,0,0,0,1.000000000,0,0,0,0
349.043900967,125.136780781,0.079878684,0.735307633,0.471423730,0.490000000,12,11,11,0,0,0,0,0,1.000000000,0,0,0,0
350.044142962,125.355672362,0.079886201,0.735419036,0.471423730,0.490000000,12,11,11,0,0,0,0,0,1.000000000,0,0,0,0
354.563070536,125.407185133,0.079893717,0.735474737,0.499781441,0.490000000,13,12,12,0,0,0,0,0,1.000000000,0,0,0,0
355.047494650,125.479888957,0.079893717,0.735474737,0.499781441,0.490000000,13,12,12,0,0,0,0,0,1.000000000,0,0,0,0
356.048639297,125.830148484,0.079896223,0.735493304,0.499781441,0.490000000,13,12,12,0,0,0,0,0,1.000000000,0,0,0,0
357.046696663,126.173121478,0.079916267,0.735530438,0.499781441,0.490000000,13,12,12,0,0,0,0,0,1.000000000,0,0,0,0
358.046383381,126.523351503,0.079920025,0.735530438,0.499781441,0.490000000,13,12,12,0,0,0,0,0,1.000000000,0,0,0,0
359.046032190,126.873351489,0.079925036,0.735549006,0.499781441,0.490000000,13,12,12,0,0,0,0,0,1.000000000,0,0,0,0
360.045571804,127.216351479,0.079928794,0.735549006,0.499781441,0.490000000,13,12,12,0,0,0,0,0,1.000000000,0,0,0,0
361.044694901,127.564861392,0.079935058,0.735549006,0.499781441,0.490000000,13,12,12,0,0,0,0,0,1.000000000,0,0,0,0
362.044195414,127.914861979,0.079935058,0.735549006,0.499781441,0.490000000,13,12,12,0,0,0,0,0,1.000000000,0,0,0,0
363.043398857,128.264790150,0.079941321,0.735567573,0.499781441,0.490000000,13,12,12,0,0,0,0,0,1.000000000,0,0,0,0
364.041964054,128.606342741,0.079950091,0.735604707,0.499781441,0.490000000,13,12,12,0,0,0,0,0,1.000000000,0,0,0,0
365.043968916,128.956219525,0.079952596,0.735604707,0.499781441,0.490000000,13,12,12,0,0,0,0,0,1.000000000,0,0,0,0
366.044113398,129.305632200,0.079963871,0.735604707,0.499781441,0.490000000,13,12,12,0,0,0,0,0,1.000000000,0,0,0,0
367.044887066,129.655062670,0.079996442,0.735920347,0.499781441,0.490000000,13,12,12,0,0,0,0,0,1.000000000,0,0,0,0
368.044230938,130.004930272,0.080013981,0.736143152,0.499781441,0.490000000,13,12,12,0,0,0,0,0,1.000000000,0,0,0,0
369.046751976,130.355151510,0.080050310,0.736449509,0.499781441,0.490000000,13,12,12,0,0,0,0,0,1.000000000,0,0,0,0
370.044056177,130.705126240,0.080166815,0.736542345,0.499781441,0.490000000,13,12,12,0,0,0,0,0,1.000000000,0,0,0,0
371.045387983,131.048123021,0.080292090,0.736579479,0.499781441,0.490000000,13,12,12,0,0,0,0,0,1.000000000,0,0,0,0
372.047176361,131.398121815,0.080392309,0.736672314,0.499781441,0.490000000,13,12,12,0,0,0,0,0,1.000000000,0,0,0,0
373.043998957,131.748121415,0.080602770,0.736802284,0.499781441,0.490000000,13,12,12,0,0,0,0,0,1.000000000,0,0,0,0
374.044793129,132.098120753,0.080989868,0.736913686,0.499781441,0.490000000,13,12,12,0,0,0,0,0,1.000000000,0,0,0,0
375.045045137,132.439991674,0.081259208,0.737080790,0.499781441,0.490000000,13,12,12,0,0,0,0,0,1.000000000,0,0,0,0
376.043175697,132.632561389,0.081470921,0.737285028,0.499781441,0.490000000,13,12,12,0,0,0,0,0,1.000000000,0,0,0,0
377.041581869,132.693837961,0.081470921,0.737285028,0.499781441,0.490000000,13,12,12,0,0,0,0,0,1.000000000,0,0,0,0
378.045771837,133.134701919,0.081516020,0.737396430,0.499781441,0.490000000,13,12,12,0,0,0,0,0,1.000000000,0,0,0,0
379.045453310,133.634232467,0.081690151,0.737396430,0.499781441,0.490000000,13,12,12,0,0,0,0,0,1.000000000,0,0,0,0
380.044937134,134.133996071,0.081859272,0.737396430,0.499781441,0.490000000,13,12,12,0,0,0,0,0,1.000000000,0,0,0,0
381.046364307,134.633995051,0.082235095,0.737396430,0.499781441,0.490000000,13,12,12,0,0,0,0,0,1.000000000,0,0,0,0
382.045676231,135.133994965,0.082846434,0.737396430,0.499781441,0.490000000,13,12,12,0,0,0,0,0,1.000000000,0,0,0,0
383.047149420,135.633107863,0.083728365,0.737396430,0.499781441,0.490000000,13,12,12,0,0,0,0,0,1.000000000,0,0,0,0
384.047486305,136.132826827,0.085286778,0.737396430,0.499781441,0.490000000,13,12,12,0,0,0,0,0,1.000000000,0,0,0,0
385.048200130,136.631896823,0.086331566,0.737396430,0.499781441,0.490000000,13,12,12,0,0,0,0,0,1.000000000,0,0,0,0
386.047883034,137.069184635,0.086996773,0.737396430,0.499781441,0.490000000,13,12,12,0,0,0,0,0,1.000000000,0,0,0,0
387.047772884,137.368575351,0.087599343,0.737396430,0.499781441,0.490000000,13,12,12,0,0,0,0,0,1.000000000,0,0,0,0
392.205742359,137.548436649,0.087791012,0.737396430,0.496779896,0.490000000,14,13,13,0,0,0,0,0,1.000000000,0,0,0,0
393.046691179,137.782363602,0.087963891,0.737396430,0.496779896,0.490000000,14,13,13,0,0,0,0,0,1.000000000,0,0,0,0
394.045424938,138.281542890,0.088180616,0.737405714,0.496779896,0.490000000,14,13,13,0,0,0,0,0,1.000000000,0,0,0,0
395.042795181,138.781535047,0.088236989,0.737591385,0.496779896,0.490000000,14,13,13,0,0,0,0,0,1.000000000,0,0,0,0
396.043849945,139.280495563,0.088255780,0.737674937,0.496779896,0.490000000,14,13,13,0,0,0,0,0,1.000000000,0,0,0,0
397.045616865,139.779544148,0.088279582,0.737897742,0.496779896,0.490000000,14,13,13,0,0,0,0,0,1.000000000,0,0,0,0
398.042654991,140.278664226,0.088308395,0.738166965,0.496779896,0.490000000,14,13,13,0,0,0,0,0,1.000000000,0,0,0,0
399.048069954,140.778476208,0.088362263,0.738770395,0.496779896,0.490000000,14,13,13,0,0,0,0,0,1.000000000,0,0,0,0
400.041348934,141.267213093,0.088394835,0.739132453,0.496779896,0.490000000,14,13,13,0,0,0,0,0,1.000000000,0,0,0,0
401.044832706,141.766743547,0.088448703,0.739754450,0.496779896,0.490000000,14,13,13,0,0,0,0,0,1.000000000,0,0,0,0
402.045350075,142.265335422,0.088515098,0.740357881,0.496779896,0.490000000,14,13,13,0,0,0,0,0,1.000000000,0,0,0,0
403.046771526,142.751897727,0.088666680,0.741592592,0.496779896,0.490000000,14,13,13,0,0,0,0,0,1.000000000,0,0,0,0
404.042582273,143.162831488,0.088928503,0.742934064,0.496779896,0.490000000,14,13,13,0,0,0,0,0,1.000000000,0,0,0,0
405.042727232,143.383279856,0.090396719,0.748081788,0.496779896,0.490000000,14,13,13,0,0,0,0,0,1.000000000,0,0,0,0
406.045677662,143.605456168,0.091381375,0.751145357,0.496779896,0.490000000,14,13,13,0,0,0,0,0,1.000000000,0,0,0,0
410.844348192,143.814477013,0.092031549,0.752983499,0.507723347,0.490000000,15,14,14,0,0,0,0,0,1.000000000,0,0,0,0
411.042914152,143.846824258,0.092481284,0.755016594,0.507723347,0.490000000,15,14,14,0,0,0,0,0,1.000000000,0,0,0,0
412.044303894,144.154583440,0.092481284,0.755016594,0.507723347,0.490000000,15,14,14,0,0,0,0,0,1.000000000,0,0,0,0
413.040976286,144.304993437,0.092661679,0.756780467,0.507723347,0.490000000,15,14,14,0,0,0,0,0,1.000000000,0,0,0,0
414.042886972,144.332699876,0.092706778,0.757077541,0.507723347,0.490000000,15,14,14,0,0,0,0,0,1.000000000,0,0,0,0
415.046528339,144.592470999,0.092706778,0.757077541,0.507723347,0.490000000,15,14,14,0,0,0,0,0,1.000000000,0,0,0,0
416.045134783,145.091047204,0.093001173,0.758785713,0.507723347,0.490000000,15,14,14,0,0,0,0,0,1.000000000,0,0,0,0
417.048438311,145.589374260,0.095472836,0.761088031,0.507723347,0.490000000,15,14,14,0,0,0,0,0,1.000000000,0,0,0,0
418.045713663,146.086178724,0.097013710,0.762652308,0.507723347,0.490000000,15,14,14,0,0,0,0,0,1.000000000,0,0,0,0
419.046908379,146.499530113,0.097330654,0.763524961,0.507723347,0.490000000,15,14,14,0,0,0,0,0,1.000000000,0,0,0,0
420.046441555,146.776364610,0.097762851,0.768649477,0.507723347,0.490000000,15,14,14,0,0,0,0,0,1.000000000,0,0,0,0
425.219980240,146.983706272,0.097980828,0.769522130,0.498991404,0.490000000,16,15,15,0,0,0,0,0,1.000000000,0,0,0,0
426.045411110,147.194615100,0.098035949,0.769819203,0.498991404,0.490000000,16,15,15,0,0,0,0,0,1.000000000,0,0,0,0
427.044097900,147.528167870,0.098198805,0.770376216,0.498991404,0.490000000,16,15,15,0,0,0,0,0,1.000000000,0,0,0,0
428.044512510,147.681157873,0.098263948,0.770617588,0.498991404,0.490000000,16,15,15,0,0,0,0,0,1.000000000,0,0,0,0
429.043109894,147.784045749,0.098263948,0.770617588,0.498991404,0.490000000,16,15,15,0,0,0,0,0,1.000000000,0,0,0,0
430.043658018,148.265876275,0.098299025,0.770673289,0.498991404,0.490000000,16,15,15,0,0,0,0,0,1.000000000,0,0,0,0
431.042317629,148.763609923,0.098342871,0.770766124,0.498991404,0.490000000,16,15,15,0,0,0,0,0,1.000000000,0,0,0,0
432.043095589,149.263145738,0.098389222,0.771193167,0.498991404,0.490000000,16,15,15,0,0,0,0,0,1.000000000,0,0,0,0
433.045208931,149.753101863,0.098485684,0.772418595,0.498991404,0.490000000,16,15,15,0,0,0,0,0,1.000000000,0,0,0,0
434.044677973,150.253085732,0.098707419,0.775482164,0.498991404,0.490000000,16,15,15,0,0,0,0,0,1.000000000,0,0,0,0
435.041435480,150.752725539,0.098812650,0.776693666,0.498991404,0.490000000,16,15,15,0,0,0,0,0,1.000000000,0,0,0,0
436.046547651,151.252725473,0.099026869,0.779673683,0.498991404,0.490000000,16,15,15,0,0,0,0,0,1.000000000,0,0,0,0
437.044373751,151.752587675,0.099227308,0.782338060,0.498991404,0.490000000,16,15,15,0,0,0,0,0,1.000000000,0,0,0,0
438.043482780,152.252415196,0.099475351,0.785772971,0.498991404,0.490000000,16,15,15,0,0,0,0,0,1.000000000,0,0,0,0
439.041802168,152.752413646,0.099788537,0.790145520,0.498991404,0.490000000,16,15,15,0,0,0,0,0,1.000000000,0,0,0,0
440.043104410,153.251825560,0.100398623,0.799484763,0.498991404,0.490000000,16,15,15,0,0,0,0,0,1.000000000,0,0,0,0
441.043808222,153.751825494,0.100802006,0.804910994,0.498991404,0.490000000,16,15,15,0,0,0,0,0,1.000000000,0,0,0,0
442.043380976,154.251800471,0.101308115,0.811743681,0.498991404,0.490000000,16,15,15,0,0,0,0,0,1.000000000,0,0,0,0
443.042366266,154.751549079,0.102513254,0.825306937,0.498991404,0.490000000,16,15,15,0,0,0,0,0,1.000000000,0,0,0,0
444.041751623,155.250876146,0.102703671,0.828658296,0.498991404,0.490000000,16,15,15,0,0,0,0,0,1.000000000,0,0,0,0
445.041478872,155.750669646,0.103006835,0.832529533,0.498991404,0.490000000,16,15,15,0,0,0,0,0,1.000000000,0,0,0,0
446.043700218,156.240573771,0.104791994,0.856833848,0.498991404,0.490000000,16,15,15,0,0,0,0,0,1.000000000,0,0,0,0
447.044237852,156.739859899,0.106147463,0.875744424,0.498991404,0.490000000,16,15,15,0,0,0,0,0,1.000000000,0,0,0,0
448.042746067,157.194825451,0.106374210,0.878798710,0.498991404,0.490000000,16,15,15,0,0,0,0,0,1.000000000,0,0,0,0
449.046397209,157.531067435,0.106785109,0.884294567,0.498991404,0.490000000,16,15,15,0,0,0,0,0,1.000000000,0,0,0,0
454.236626387,157.758319013,0.107103306,0.888156521,0.547286248,0.480000000,17,16,16,0,0,0,0,0,1.000000000,0,0,0,0
455.048511744,157.955360744,0.107103306,0.888156521,0.547286248,0.480000000,17,16,16,0,0,0,0,0,1.000000000,0,0,0,0
456.047960043,158.305335394,0.107249877,0.889827558,0.547286248,0.480000000,17,16,16,0,0,0,0,0,1.000000000,0,0,0,0
457.047348261,158.655410078,0.107336317,0.890755912,0.547286248,0.480000000,17,16,16,0,0,0,0,0,1.000000000,0,0,0,0
458.046039581,159.005407170,0.107366382,0.891052986,0.547286248,0.480000000,17,16,16,0,0,0,0,0,1.000000000,0,0,0,0
459.043394089,159.346320350,0.107402712,0.891442895,0.547286248,0.480000000,17,16,16,0,0,0,0,0,1.000000000,0,0,0,0
460.040678024,159.696359836,0.107411481,0.891517163,0.547286248,0.480000000,17,16,16,0,0,0,0,0,1.000000000,0,0,0,0
461.044433832,160.046359295,0.107415239,0.891554297,0.547286248,0.480000000,17,16,16,0,0,0,0,0,1.000000000,0,0,0,0
462.040910959,160.389359080,0.107462844,0.892074176,0.547286248,0.480000000,17,16,16,0,0,0,0,0,1.000000000,0,0,0,0
463.042546034,160.739359031,0.107470360,0.892120593,0.547286248,0.480000000,17,16,16,0,0,0,0,0,1.000000000,0,0,0,0
464.044422150,161.089359021,0.107470360,0.892120593,0.547286248,0.480000000,17,16,16,0,0,0,0,0,1.000000000,0,0,0,0
465.045728683,161.439026090,0.107500426,0.892436234,0.547286248,0.480000000,17,16,16,0,0,0,0,0,1.000000000,0,0,0,0
466.044617414,161.789027226,0.107536755,0.892881844,0.547286248,0.480000000,17,16,16,0,0,0,0,0,1.000000000,0,0,0,0
467.047378063,162.138995822,0.107593129,0.893587393,0.547286248,0.480000000,17,16,16,0,0,0,0,0,1.000000000,0,0,0,0
468.046112537,162.488987250,0.107705876,0.895035626,0.547286248,0.480000000,17,16,16,0,0,0,0,0,1.000000000,0,0,0,0
469.045771837,162.838958847,0.107848689,0.896873767,0.547286248,0.480000000,17,16,16,0,0,0,0,0,1.000000000,0,0,0,0
470.042384624,163.188959430,0.108084204,0.899491726,0.547286248,0.480000000,17,16,16,0,0,0,0,0,1.000000000,0,0,0,0
471.044880629,163.537705305,0.108349786,0.902211804,0.547286248,0.480000000,17,16,16,0,0,0,0,0,1.000000000,0,0,0,0
472.047217846,163.838723290,0.108540203,0.903799290,0.547286248,0.480000000,17,16,16,0,0,0,0,0,1.000000000,0,0,0,0
473.047117710,163.968821576,0.108553983,0.903817857,0.547286248,0.480000000,17,16,16,0,0,0,0,0,1.000000000,0,0,0,0
474.047297955,164.116662616,0.108556489,0.903817857,0.547286248,0.480000000,17,16,16,0,0,0,0,0,1.000000000,0,0,0,0
475.040647984,164.598408655,0.108556489,0.903817857,0.547286248,0.480000000,17,16,16,0,0,0,0,0,1.000000000,0,0,0,0
476.043330669,165.087617438,0.108625390,0.904476988,0.547286248,0.480000000,17,16,16,0,0,0,0,0,1.000000000,0,0,0,0
477.040873289,165.441249078,0.108652950,0.904653376,0.547286248,0.480000000,17,16,16,0,0,0,0,0,1.000000000,0,0,0,0
478.043425083,165.710259031,0.108652950,0.904653376,0.547286248,0.480000000,17,16,16,0,0,0,0,0,1.000000000,0,0,0,0
479.040800810,165.938060939,0.108654203,0.904653376,0.547286248,0.480000000,17,16,16,0,0,0,0,0,1.000000000,0,0,0,0
483.936415672,166.065428602,0.108654203,0.904653376,0.543126726,0.480000000,18,17,17,0,0,0,0,0,1.000000000,0,0,0,0
484.040462732,166.070355939,0.108654203,0.904653376,0.543126726,0.480000000,18,17,17,0,0,0,0,0,1.000000000,0,0,0,0
485.040484428,166.333625705,0.108654203,0.904653376,0.543126726,0.480000000,18,17,17,0,0,0,0,0,1.000000000,0,0,0,0
486.040788174,166.422426508,0.108655455,0.904653376,0.543126726,0.480000000,18,17,17,0,0,0,0,0,1.000000000,0,0,0,0
487.041524172,166.461778136,0.108655455,0.904653376,0.543126726,0.480000000,18,17,17,0,0,0,0,0,1.000000000,0,0,0,0
488.040611029,166.475464866,0.108655455,0.904653376,0.543126726,0.480000000,18,17,17,0,0,0,0,0,1.000000000,0,0,0,0
489.043154716,166.640224169,0.108655455,0.904653376,0.543126726,0.480000000,18,17,17,0,0,0,0,0,1.000000000,0,0,0,0
490.042384624,167.119811263,0.108655455,0.904653376,0.543126726,0.480000000,18,17,17,0,0,0,0,0,1.000000000,0,0,0,0
491.040774822,167.598583619,0.108655455,0.904653376,0.543126726,0.480000000,18,17,17,0,0,0,0,0,1.000000000,0,0,0,0
492.045860529,168.097779850,0.108655455,0.904653376,0.543126726,0.480000000,18,17,17,0,0,0,0,0,1.000000000,0,0,0,0
493.047026157,168.567420210,0.108655455,0.904653376,0.543126726,0.480000000,18,17,17,0,0,0,0,0,1.000000000,0,0,0,0
494.045285940,169.067113668,0.108657961,0.904653376,0.543126726,0.480000000,18,17,17,0,0,0,0,0,1.000000000,0,0,0,0
495.044629812,169.565793434,0.108708071,0.905284657,0.543126726,0.480000000,18,17,17,0,0,0,0,0,1.000000000,0,0,0,0
496.047053576,170.065529140,0.108778224,0.906231578,0.543126726,0.480000000,18,17,17,0,0,0,0,0,1.000000000,0,0,0,0
497.044579268,170.565363181,0.108780730,0.906231578,0.543126726,0.480000000,18,17,17,0,0,0,0,0,1.000000000,0,0,0,0
498.047655821,171.065362599,0.108783235,0.906231578,0.543126726,0.480000000,18,17,17,0,0,0,0,0,1.000000000,0,0,0,0
499.048137903,171.564345604,0.108783235,0.906231578,0.543126726,0.480000000,18,17,17,0,0,0,0,0,1.000000000,0,0,0,0
500.049807310,172.064058471,0.108788246,0.906250145,0.543126726,0.480000000,18,17,17,0,0,0,0,0,1.000000000,0,0,0,0
501.047266245,172.563394961,0.108790752,0.906268712,0.543126726,0.480000000,18,17,17,0,0,0,0,0,1.000000000,0,0,0,0
502.046197414,173.061486464,0.108804532,0.906342980,0.543126726,0.480000000,18,17,17,0,0,0,0,0,1.000000000,0,0,0,0
503.046775341,173.529275743,0.108961125,0.907726228,0.543126726,0.480000000,18,17,17,0,0,0,0,0,1.000000000,0,0,0,0
504.044439316,174.009298046,0.109021257,0.908116137,0.543126726,0.480000000,18,17,17,0,0,0,0,0,1.000000000,0,0,0,0
505.040997744,174.489295547,0.109048817,0.908422494,0.543126726,0.480000000,18,17,17,0,0,0,0,0,1.000000000,0,0,0,0
506.040523052,174.977797407,0.109106443,0.908937731,0.543126726,0.480000000,18,17,17,0,0,0,0,0,1.000000000,0,0,0,0
507.040886879,175.427076255,0.109106443,0.908937731,0.543126726,0.480000000,18,17,17,0,0,0,0,0,1.000000000,0,0,0,0
508.041102648,175.857077026,0.109106443,0.908937731,0.543126726,0.480000000,18,17,17,0,0,0,0,0,1.000000000,0,0,0,0
509.046889305,176.192001445,0.109106443,0.908937731,0.543126726,0.480000000,18,17,17,0,0,0,0,0,1.000000000,0,0,0,0
510.040614605,176.432981374,0.109106443,0.908937731,0.543126726,0.480000000,18,17,17,0,0,0,0,0,1.000000000,0,0,0,0
514.901579380,176.614438190,0.109106443,0.908937731,0.544731735,0.480000000,19,18,18,0,0,0,0,0,1.000000000,0,0,0,0
515.043292761,176.624110187,0.109106443,0.908937731,0.544731735,0.480000000,19,18,18,0,0,0,0,0,1.000000000,0,0,0,0
516.040726185,176.886697695,0.109106443,0.908937731,0.544731735,0.480000000,19,18,18,0,0,0,0,0,1.000000000,0,0,0,0
517.041049004,177.200566674,0.109106443,0.908937731,0.544731735,0.480000000,19,18,18,0,0,0,0,0,1.000000000,0,0,0,0
518.040544271,177.451276394,0.109106443,0.908937731,0.544731735,0.480000000,19,18,18,0,0,0,0,0,1.000000000,0,0,0,0
519.040701628,177.491726623,0.109106443,0.908937731,0.544731735,0.480000000,19,18,18,0,0,0,0,0,1.000000000,0,0,0,0
520.040800571,177.589808421,0.109106443,0.908937731,0.544731735,0.480000000,19,18,18,0,0,0,0,0,1.000000000,0,0,0,0
521.040753841,178.019237463,0.109106443,0.908937731,0.544731735,0.480000000,19,18,18,0,0,0,0,0,1.000000000,0,0,0,0
522.048265457,178.491845729,0.109106443,0.908937731,0.544731735,0.480000000,19,18,18,0,0,0,0,0,1.000000000,0,0,0,0
523.045663118,178.978537539,0.109106443,0.908937731,0.544731735,0.480000000,19,18,18,0,0,0,0,0,1.000000000,0,0,0,0
524.043774605,179.468337735,0.109106443,0.908937731,0.544731735,0.480000000,19,18,18,0,0,0,0,0,1.000000000,0,0,0,0
525.044450760,179.962419211,0.109106443,0.908937731,0.544731735,0.480000000,19,18,18,0,0,0,0,0,1.000000000,0,0,0,0
526.040675402,180.459667206,0.109106443,0.908937731,0.544731735,0.480000000,19,18,18,0,0,0,0,0,1.000000000,0,0,0,0
527.044022083,180.959439840,0.109106443,0.908937731,0.544731735,0.480000000,19,18,18,0,0,0,0,0,1.000000000,0,0,0,0
528.042810917,181.459439757,0.109106443,0.908937731,0.544731735,0.480000000,19,18,18,0,0,0,0,0,1.000000000,0,0,0,0
529.043349266,181.959360927,0.109106443,0.908937731,0.544731735,0.480000000,19,18,18,0,0,0,0,0,1.000000000,0,0,0,0
530.047465563,182.458684234,0.109106443,0.908937731,0.544731735,0.480000000,19,18,18,0,0,0,0,0,1.000000000,0,0,0,0
531.046505690,182.958495515,0.109106443,0.908937731,0.544731735,0.480000000,19,18,18,0,0,0,0,0,1.000000000,0,0,0,0
532.046117306,183.457504071,0.109106443,0.908937731,0.544731735,0.480000000,19,18,18,0,0,0,0,0,1.000000000,0,0,0,0
533.041148901,183.957501976,0.109115212,0.908919164,0.544731735,0.480000000,19,18,18,0,0,0,0,0,1.000000000,0,0,0,0
534.041607380,184.457501911,0.109115212,0.908919164,0.544731735,0.480000000,19,18,18,0,0,0,0,0,1.000000000,0,0,0,0
535.045969009,184.947436710,0.109115212,0.908919164,0.544731735,0.480000000,19,18,18,0,0,0,0,0,1.000000000,0,0,0,0
536.044422150,185.446999223,0.109115212,0.908919164,0.544731735,0.480000000,19,18,18,0,0,0,0,0,1.000000000,0,0,0,0
537.043903589,185.946998025,0.109090157,0.908844895,0.544731735,0.480000000,19,18,18,0,0,0,0,0,1.000000000,0,0,0,0
538.040606976,186.445370167,0.109091410,0.908844895,0.544731735,0.480000000,19,18,18,0,0,0,0,0,1.000000000,0,0,0,0
539.044874191,186.944704024,0.109092663,0.908844895,0.544731735,0.480000000,19,18,18,0,0,0,0,0,1.000000000,0,0,0,0
540.043303013,187.444698117,0.109096421,0.908844895,0.544731735,0.480000000,19,18,18,0,0,0,0,0,1.000000000,0,0,0,0
541.042403936,187.944122146,0.109100179,0.908844895,0.544731735,0.480000000,19,18,18,0,0,0,0,0,1.000000000,0,0,0,0
542.041242361,188.443852520,0.109100179,0.908844895,0.544731735,0.480000000,19,18,18,0,0,0,0,0,1.000000000,0,0,0,0
543.043043137,188.943686700,0.109100179,0.908844895,0.544731735,0.480000000,19,18,18,0,0,0,0,0,1.000000000,0,0,0,0
544.043367863,189.443548520,0.109100179,0.908844895,0.544731735,0.480000000,19,18,18,0,0,0,0,0,1.000000000,0,0,0,0
545.043014050,189.943429696,0.109103938,0.908844895,0.544731735,0.480000000,19,18,18,0,0,0,0,0,1.000000000,0,0,0,0
546.043109417,190.441895315,0.109240487,0.908566389,0.544731735,0.480000000,19,18,18,0,0,0,0,0,1.000000000,0,0,0,0
547.045206070,190.941701843,0.109240487,0.908566389,0.544731735,0.480000000,19,18,18,0,0,0,0,0,1.000000000,0,0,0,0
548.044565916,191.441701777,0.109242992,0.908566389,0.544731735,0.480000000,19,18,18,0,0,0,0,0,1.000000000,0,0,0,0
549.044397116,191.941178739,0.109242992,0.908566389,0.544731735,0.480000000,19,18,18,0,0,0,0,0,1.000000000,0,0,0,0
550.044015169,192.440924163,0.109098927,0.908649941,0.544731735,0.480000000,19,18,18,0,0,0,0,0,1.000000000,0,0,0,0
551.041869164,192.940475862,0.109100179,0.908649941,0.544731735,0.480000000,19,18,18,0,0,0,0,0,1.000000000,0,0,0,0
552.045010805,193.440358351,0.109108949,0.908649941,0.544731735,0.480000000,19,18,18,0,0,0,0,0,1.000000000,0,0,0,0
553.043984413,193.940192853,0.109125234,0.908649941,0.544731735,0.480000000,19,18,18,0,0,0,0,0,1.000000000,0,0,0,0
554.043634653,194.439949003,0.109137762,0.908649941,0.544731735,0.480000000,19,18,18,0,0,0,0,0,1.000000000,0,0,0,0
555.045852184,194.939428571,0.109338201,0.908649941,0.544731735,0.480000000,19,18,18,0,0,0,0,0,1.000000000,0,0,0,0
556.042861462,195.438534211,0.109445937,0.908649941,0.544731735,0.480000000,19,18,18,0,0,0,0,0,1.000000000,0,0,0,0
557.043846607,195.937659915,0.109726551,0.908649941,0.544731735,0.480000000,19,18,18,0,0,0,0,0,1.000000000,0,0,0,0
558.042460203,196.436649463,0.109973342,0.908649941,0.544731735,0.480000000,19,18,18,0,0,0,0,0,1.000000000,0,0,0,0
559.041764259,196.935732361,0.110289033,0.908649941,0.544731735,0.480000000,19,18,18,0,0,0,0,0,1.000000000,0,0,0,0
560.044283867,197.434633804,0.110585933,0.908649941,0.544731735,0.480000000,19,18,18,0,0,0,0,0,1.000000000,0,0,0,0
561.043341398,197.933767756,0.110788878,0.908649941,0.544731735,0.480000000,19,18,18,0,0,0,0,0,1.000000000,0,0,0,0
562.043266058,198.433013230,0.111185997,0.908649941,0.544731735,0.480000000,19,18,18,0,0,0,0,0,1.000000000,0,0,0,0
563.045296431,198.931664178,0.111520480,0.908649941,0.544731735,0.480000000,19,18,18,0,0,0,0,0,1.000000000,0,0,0,0
564.044884682,199.431536357,0.111844940,0.908649941,0.544731735,0.480000000,19,18,18,0,0,0,0,0,1.000000000,0,0,0,0
565.044389725,199.919100671,0.112537708,0.908649941,0.544731735,0.480000000,19,18,18,0,0,0,0,0,1.000000000,0,0,0,0
566.046417952,200.264970149,0.113670188,0.908649941,0.544731735,0.480000000,19,18,18,0,0,0,0,0,1.000000000,0,0,0,0
567.044082403,200.514319103,0.114885349,0.908649941,0.544731735,0.480000000,19,18,18,0,0,0,0,0,1.000000000,0,0,0,0
572.593289137,200.714283226,0.115434051,0.908649941,0.527820687,0.480000000,20,19,19,0,0,0,0,0,1.000000000,0,0,0,0
573.043197393,200.768425701,0.117065123,0.908649941,0.527820687,0.480000000,20,19,19,0,0,0,0,0,1.000000000,0,0,0,0
574.040115356,201.155797003,0.117921999,0.908649941,0.527820687,0.480000000,20,19,19,0,0,0,0,0,1.000000000,0,0,0,0
575.041642189,201.654993025,0.121780449,0.908649941,0.527820687,0.480000000,20,19,19,0,0,0,0,0,1.000000000,0,0,0,0
576.038653851,202.143608312,0.123167236,0.908649941,0.527820687,0.480000000,20,19,19,0,0,0,0,0,1.000000000,0,0,0,0
577.039947033,202.640717999,0.123648290,0.908649941,0.527820687,0.480000000,20,19,19,0,0,0,0,0,1.000000000,0,0,0,0
578.039702177,203.139309589,0.124090508,0.908649941,0.527820687,0.480000000,20,19,19,0,0,0,0,0,1.000000000,0,0,0,0
579.040910959,203.627033014,0.124258376,0.908649941,0.527820687,0.480000000,20,19,19,0,0,0,0,0,1.000000000,0,0,0,0
580.039524555,204.097079687,0.124555276,0.908649941,0.527820687,0.480000000,20,19,19,0,0,0,0,0,1.000000000,0,0,0,0
581.039237022,204.439537438,0.124787034,0.908649941,0.527820687,0.480000000,20,19,19,0,0,0,0,0,1.000000000,0,0,0,0
582.039703608,204.680580135,0.124864704,0.908649941,0.527820687,0.480000000,20,20,20,0,0,0,0,0,1.000000000,0,0,0,0
587.979374409,204.737513176,0.124884748,0.908649941,0.522172536,0.490000000,21,20,20,0,0,0,0,0,1.000000000,0,0,0,0
588.043296576,204.737513176,0.124884748,0.908649941,0.522172536,0.490000000,21,20,20,0,0,0,0,0,1.000000000,0,0,0,0
589.044957161,205.019987392,0.124884748,0.908649941,0.522172536,0.490000000,21,20,20,0,0,0,0,0,1.000000000,0,0,0,0
590.041854143,205.369601239,0.124943627,0.908649941,0.522172536,0.490000000,21,20,20,0,0,0,0,0,1.000000000,0,0,0,0
591.043606043,205.719601151,0.124952396,0.908649941,0.522172536,0.490000000,21,20,20,0,0,0,0,0,1.000000000,0,0,0,0
592.045202255,206.069293156,0.124961165,0.908649941,0.522172536,0.490000000,21,20,20,0,0,0,0,0,1.000000000,0,0,0,0
593.043346405,206.412299041,0.124961165,0.908649941,0.522172536,0.490000000,21,20,20,0,0,0,0,0,1.000000000,0,0,0,0
594.046094418,206.762299029,0.124962418,0.908649941,0.522172536,0.490000000,21,20,20,0,0,0,0,0,1.000000000,0,0,0,0
595.043048620,207.111052657,0.124963670,0.908649941,0.522172536,0.490000000,21,20,20,0,0,0,0,0,1.000000000,0,0,0,0
596.045400143,207.461137396,0.124964923,0.908649941,0.522172536,0.490000000,21,20,20,0,0,0,0,0,1.000000000,0,0,0,0
597.046017885,207.804137364,0.124964923,0.908649941,0.522172536,0.490000000,21,20,20,0,0,0,0,0,1.000000000,0,0,0,0
598.046842575,208.154106388,0.124977451,0.908649941,0.522172536,0.490000000,21,20,20,0,0,0,0,0,1.000000000,0,0,0,0
599.046280146,208.504004150,0.124979956,0.908649941,0.522172536,0.490000000,21,20,20,0,0,0,0,0,1.000000000,0,0,0,0
600.043283224,208.853892923,0.125060132,0.908649941,0.522172536,0.490000000,21,20,20,0,0,0,0,0,1.000000000,0,0,0,0
601.043428898,209.203510460,0.125285626,0.908649941,0.522172536,0.490000000,21,20,20,0,0,0,0,0,1.000000000,0,0,0,0
602.043643236,209.553240877,0.125601317,0.908649941,0.522172536,0.490000000,21,20,20,0,0,0,0,0,1.000000000,0,0,0,0
603.043730497,209.903240467,0.126821489,0.908649941,0.522172536,0.490000000,21,20,20,0,0,0,0,0,1.000000000,0,0,0,0
604.043744802,210.252954677,0.128412473,0.908649941,0.522172536,0.490000000,21,20,20,0,0,0,0,0,1.000000000,0,0,0,0
605.045720577,210.602893281,0.129910755,0.908649941,0.522172536,0.490000000,21,20,20,0,0,0,0,0,1.000000000,0,0,0,0
606.045035839,210.952893252,0.130029765,0.908649941,0.522172536,0.490000000,21,20,20,0,0,0,0,0,1.000000000,0,0,0,0
607.046088457,211.302530167,0.130037282,0.908649941,0.522172536,0.490000000,21,20,20,0,0,0,0,0,1.000000000,0,0,0,0
608.044206619,211.651809012,0.130042293,0.908649941,0.522172536,0.490000000,21,20,20,0,0,0,0,0,1.000000000,0,0,0,0
609.041279078,212.001332906,0.130057326,0.908649941,0.522172536,0.490000000,21,20,20,0,0,0,0,0,1.000000000,0,0,0,0
610.045207500,212.351335351,0.130067347,0.908649941,0.522172536,0.490000000,21,20,20,0,0,0,0,0,1.000000000,0,0,0,0
611.041322947,212.701335333,0.130077369,0.908649941,0.522172536,0.490000000,21,20,20,0,0,0,0,0,1.000000000,0,0,0,0
612.041082859,213.051541417,0.130089897,0.908649941,0.522172536,0.490000000,21,20,20,0,0,0,0,0,1.000000000,0,0,0,0
613.046868086,213.400334350,0.130096161,0.908649941,0.522172536,0.490000000,21,20,20,0,0,0,0,0,1.000000000,0,0,0,0
614.043207169,213.750332447,0.130133743,0.908649941,0.522172536,0.490000000,21,20,20,0,0,0,0,0,1.000000000,0,0,0,0
615.045028210,214.100027896,0.130140007,0.908649941,0.522172536,0.490000000,21,20,20,0,0,0,0,0,1.000000000,0,0,0,0
616.044739246,214.450027879,0.130178842,0.908649941,0.522172536,0.490000000,21,20,20,0,0,0,0,0,1.000000000,0,0,0,0
617.043315887,214.799483904,0.130222688,0.908649941,0.522172536,0.490000000,21,20,20,0,0,0,0,0,1.000000000,0,0,0,0
618.042290449,215.149483900,0.130261523,0.908649941,0.522172536,0.490000000,21,20,20,0,0,0,0,0,1.000000000,0,0,0,0
619.045588493,215.499175252,0.130310380,0.908649941,0.522172536,0.490000000,21,20,20,0,0,0,0,0,1.000000000,0,0,0,0
620.043886423,215.849175246,0.130376775,0.908649941,0.522172536,0.490000000,21,20,20,0,0,0,0,0,1.000000000,0,0,0,0
621.042556763,216.199175235,0.130446929,0.908649941,0.522172536,0.490000000,21,20,20,0,0,0,0,0,1.000000000,0,0,0,0
622.045411825,216.548003856,0.130608533,0.908649941,0.522172536,0.490000000,21,20,20,0,0,0,0,0,1.000000000,0,0,0,0
623.042960167,216.898003929,0.130813983,0.908649941,0.522172536,0.490000000,21,20,20,0,0,0,0,0,1.000000000,0,0,0,0
624.046054125,217.247880119,0.131089586,0.908649941,0.522172536,0.490000000,21,20,20,0,0,0,0,0,1.000000000,0,0,0,0
625.044026136,217.597867409,0.131566881,0.908649941,0.522172536,0.490000000,21,20,20,0,0,0,0,0,1.000000000,0,0,0,0
626.045853853,217.947537976,0.132749471,0.908649941,0.522172536,0.490000000,21,20,20,0,0,0,0,0,1.000000000,0,0,0,0
627.044038773,218.292670752,0.134523356,0.908649941,0.522172536,0.490000000,21,20,20,0,0,0,0,0,1.000000000,0,0,0,0
628.044523239,218.568117506,0.135100871,0.908649941,0.522172536,0.490000000,21,20,20,0,0,0,0,0,1.000000000,0,0,0,0
629.042250156,218.842800493,0.135420321,0.908649941,0.522172536,0.490000000,21,20,20,0,0,0,0,0,1.000000000,0,0,0,0
630.041963100,219.093223227,0.135713462,0.908649941,0.522172536,0.490000000,21,20,20,0,0,0,0,0,1.000000000,0,0,0,0
635.740705729,219.181496663,0.135991572,0.908649941,0.520933275,0.490000000,22,21,21,0,0,0,0,0,1.000000000,0,0,0,0
636.044841528,219.193708203,0.135991572,0.908649941,0.520933275,0.490000000,22,21,21,0,0,0,0,0,1.000000000,0,0,0,0
637.041160345,219.366126358,0.135991572,0.908649941,0.520933275,0.490000000,22,21,21,0,0,0,0,0,1.000000000,0,0,0,0
638.041597366,219.864643932,0.136466361,0.908649941,0.520933275,0.490000000,22,21,21,0,0,0,0,0,1.000000000,0,0,0,0
639.041140795,220.364643471,0.137033854,0.908649941,0.520933275,0.490000000,22,21,21,0,0,0,0,0,1.000000000,0,0,0,0
640.042515755,220.864637732,0.137856907,0.908649941,0.520933275,0.490000000,22,21,21,0,0,0,0,0,1.000000000,0,0,0,0
641.043726683,221.363243267,0.138736333,0.908649941,0.520933275,0.490000000,22,21,21,0,0,0,0,0,1.000000000,0,0,0,0
642.041055202,221.853023095,0.140118109,0.908649941,0.520933275,0.490000000,22,21,21,0,0,0,0,0,1.000000000,0,0,0,0
643.039953709,222.347764102,0.141661489,0.908649941,0.520933275,0.490000000,22,21,21,0,0,0,0,0,1.000000000,0,0,0,0
644.039067745,222.842586135,0.142460739,0.908649941,0.520933275,0.490000000,22,21,21,0,0,0,0,0,1.000000000,0,0,0,0
645.038770914,223.342278616,0.142830298,0.908649941,0.520933275,0.490000000,22,21,21,0,0,0,0,0,1.000000000,0,0,0,0
646.038844347,223.841923491,0.145296950,0.908649941,0.520933275,0.490000000,22,21,21,0,0,0,0,0,1.000000000,0,0,0,0
647.043313980,224.331534756,0.146201431,0.908649941,0.520933275,0.490000000,22,21,21,0,0,0,0,0,1.000000000,0,0,0,0
648.039074421,224.831516235,0.146558463,0.908649941,0.520933275,0.490000000,22,21,21,0,0,0,0,0,1.000000000,0,0,0,0
649.039032221,225.279417739,0.146882924,0.908649941,0.520933275,0.490000000,22,21,21,0,0,0,0,0,1.000000000,0,0,0,0
650.041099787,225.599567095,0.147208637,0.908649941,0.520933275,0.490000000,22,21,21,0,0,0,0,0,1.000000000,0,0,0,0
651.039752245,225.821325113,0.147525581,0.908649941,0.520933275,0.490000000,22,21,21,0,0,0,0,0,1.000000000,0,0,0,0
656.796353579,225.867296271,0.147678416,0.908649941,0.520352275,0.490000000,23,22,22,0,0,0,0,0,1.000000000,0,0,0,0
657.044830322,225.886037036,0.147678416,0.908649941,0.520352275,0.490000000,23,22,22,0,0,0,0,0,1.000000000,0,0,0,0
658.045146704,226.314972893,0.147857558,0.908649941,0.520352275,0.490000000,23,22,22,0,0,0,0,0,1.000000000,0,0,0,0
659.040771246,226.814968030,0.148288502,0.908649941,0.520352275,0.490000000,23,22,22,0,0,0,0,0,1.000000000,0,0,0,0
660.043459415,227.314852634,0.149051423,0.908649941,0.520352275,0.490000000,23,22,22,0,0,0,0,0,1.000000000,0,0,0,0
661.043869495,227.814194342,0.149271905,0.908649941,0.520352275,0.490000000,23,22,22,0,0,0,0,0,1.000000000,0,0,0,0
662.042232990,228.313723025,0.149449795,0.908649941,0.520352275,0.490000000,23,22,22,0,0,0,0,0,1.000000000,0,0,0,0
663.042643547,228.533130451,0.149664014,0.908649941,0.520352275,0.490000000,23,22,22,0,0,0,0,0,1.000000000,0,0,0,0
664.043069124,228.723107971,0.149664014,0.908649941,0.520352275,0.490000000,23,22,22,0,0,0,0,0,1.000000000,0,0,0,0
665.042754412,229.215639854,0.149744190,0.908649941,0.520352275,0.490000000,23,22,22,0,0,0,0,0,1.000000000,0,0,0,0
666.043726683,229.715531920,0.149868211,0.908649941,0.520352275,0.490000000,23,22,22,0,0,0,0,0,1.000000000,0,0,0,0
667.042006254,230.215491872,0.149909552,0.908649941,0.520352275,0.490000000,23,22,22,0,0,0,0,0,1.000000000,0,0,0,0
668.043628693,230.715491803,0.149930849,0.908649941,0.520352275,0.490000000,23,22,22,0,0,0,0,0,1.000000000,0,0,0,0
669.043635130,231.215325962,0.149972189,0.908649941,0.520352275,0.490000000,23,22,22,0,0,0,0,0,1.000000000,0,0,0,0
670.042966366,231.715216121,0.150007266,0.908649941,0.520352275,0.490000000,23,22,22,0,0,0,0,0,1.000000000,0,0,0,0
671.042962074,232.215209821,0.150034826,0.908649941,0.520352275,0.490000000,23,22,22,0,0,0,0,0,1.000000000,0,0,0,0
672.041436672,232.714981383,0.150062387,0.908649941,0.520352275,0.490000000,23,22,22,0,0,0,0,0,1.000000000,0,0,0,0
673.044993162,232.954276426,0.150082431,0.908649941,0.520352275,0.490000000,23,22,22,0,0,0,0,0,1.000000000,0,0,0,0
678.636126280,233.203115307,0.150082431,0.908649941,0.520730872,0.490000000,24,23,22,1,0,0,1,1,0.956521739,0,0,0,0
679.040995359,233.250499173,0.150082431,0.908649941,0.520730872,0.490000000,24,23,22,1,0,0,1,1,0.956521739,0,0,0,0
680.039558172,233.309760287,0.150082431,0.908649941,0.520730872,0.490000000,24,23,22,1,0,0,1,1,0.956521739,0,0,0,0
681.039590359,233.692606286,0.150103727,0.908649941,0.520730872,0.490000000,24,23,22,1,0,0,1,1,0.956521739,0,0,0,0
682.041222811,234.192469776,0.150103727,0.908649941,0.520730872,0.490000000,24,23,22,1,0,0,1,1,0.956521739,0,0,0,0
683.040981293,234.691225764,0.150104980,0.908649941,0.520730872,0.490000000,24,23,22,1,0,0,1,1,0.956521739,0,0,0,0
684.040067673,235.190212797,0.150106233,0.908649941,0.520730872,0.490000000,24,23,22,1,0,0,1,1,0.956521739,0,0,0,0
685.040189028,235.690054645,0.150108738,0.908649941,0.520730872,0.490000000,24,23,22,1,0,0,1,1,0.956521739,0,0,0,0
686.041471958,236.190053948,0.150111244,0.908649941,0.520730872,0.490000000,24,23,22,1,0,0,1,1,0.956521739,0,0,0,0
687.038916826,236.679904952,0.150112496,0.908649941,0.520730872,0.490000000,24,23,22,1,0,0,1,1,0.956521739,0,0,0,0
688.040439367,237.179904788,0.150112496,0.908649941,0.520730872,0.490000000,24,23,22,1,0,0,1,1,0.956521739,0,0,0,0
689.039180994,237.679904722,0.150140057,0.908649941,0.520730872,0.490000000,24,23,22,1,0,0,1,1,0.956521739,0,0,0,0
690.044436216,238.179888556,0.150188914,0.908649941,0.520730872,0.490000000,24,23,22,1,0,0,1,1,0.956521739,0,0,0,0
691.038763523,238.679714229,0.150353023,0.908649941,0.520730872,0.490000000,24,23,22,1,0,0,1,1,0.956521739,0,0,0,0
692.041188240,239.179409316,0.150642407,0.908649941,0.520730872,0.490000000,24,23,22,1,0,0,1,1,0.956521739,0,0,0,0
693.040895700,239.679351203,0.151097153,0.908649941,0.520730872,0.490000000,24,23,22,1,0,0,1,1,0.956521739,0,0,0,0
694.041093349,240.179015386,0.151868843,0.908649941,0.520730872,0.490000000,24,23,22,1,0,0,1,1,0.956521739,0,0,0,0
695.039115191,240.678845827,0.152421303,0.908649941,0.520730872,0.490000000,24,23,22,1,0,0,1,1,0.956521739,0,0,0,0
696.040370464,241.176107594,0.154831581,0.908649941,0.520730872,0.490000000,24,23,22,1,0,0,1,1,0.956521739,0,0,0,0
697.040787458,241.552169106,0.156168258,0.908649941,0.520730872,0.490000000,24,23,22,1,0,0,1,1,0.956521739,0,0,0,0
698.040691853,241.802075953,0.156381225,0.908649941,0.520730872,0.490000000,24,23,22,1,0,0,1,1,0.956521739,0,0,0,0
703.724447489,242.031339433,0.156516521,0.908649941,0.524384160,0.490000000,25,24,23,1,0,0,1,1,0.958333333,0,0,0,0
704.044189930,242.051304315,0.156967509,0.908649941,0.524384160,0.490000000,25,24,23,1,0,0,1,1,0.958333333,0,0,0,0
705.043818951,242.206380361,0.156967509,0.908649941,0.524384160,0.490000000,25,24,23,1,0,0,1,1,0.958333333,0,0,0,0
706.047721624,242.696577798,0.158167637,0.908649941,0.524384160,0.490000000,25,24,23,1,0,0,1,1,0.958333333,0,0,0,0
707.042414904,243.187829898,0.158725108,0.908649941,0.524384160,0.490000000,25,24,23,1,0,0,1,1,0.958333333,0,0,0,0
708.042384148,243.684216934,0.159037041,0.908649941,0.524384160,0.490000000,25,24,23,1,0,0,1,1,0.958333333,0,0,0,0
709.044511557,244.172374280,0.159204909,0.908649941,0.524384160,0.490000000,25,24,23,1,0,0,1,1,0.958333333,0,0,0,0
710.042612553,244.669911194,0.159593259,0.908649941,0.524384160,0.490000000,25,24,23,1,0,0,1,1,0.958333333,0,0,0,0
711.041444063,245.158113793,0.159811237,0.908649941,0.524384160,0.490000000,25,24,23,1,0,0,1,1,0.958333333,0,0,0,0
712.044279575,245.656965360,0.159951544,0.908649941,0.524384160,0.490000000,25,24,23,1,0,0,1,1,0.958333333,0,0,0,0
713.041895866,246.154830142,0.159967830,0.908649941,0.524384160,0.490000000,25,24,23,1,0,0,1,1,0.958333333,0,0,0,0
714.043580055,246.645729539,0.159980357,0.908649941,0.524384160,0.490000000,25,24,23,1,0,0,1,1,0.958333333,0,0,0,0
715.044802666,247.144160226,0.159986621,0.908649941,0.524384160,0.490000000,25,24,23,1,0,0,1,1,0.958333333,0,0,0,0
716.042774200,247.641096034,0.159990379,0.908649941,0.524384160,0.490000000,25,24,23,1,0,0,1,1,0.958333333,0,0,0,0
717.042908430,248.138378743,0.160017939,0.908649941,0.524384160,0.490000000,25,24,23,1,0,0,1,1,0.958333333,0,0,0,0
718.040564537,248.635728061,0.160032972,0.908649941,0.524384160,0.490000000,25,24,23,1,0,0,1,1,0.958333333,0,0,0,0
719.044054985,249.116910302,0.160084335,0.908649941,0.524384160,0.490000000,25,24,23,1,0,0,1,1,0.958333333,0,0,0,0
720.043349981,249.506333499,0.160085587,0.908649941,0.524384160,0.490000000,25,24,23,1,0,0,1,1,0.958333333,0,0,0,0
721.040859938,249.760618276,0.160095609,0.908649941,0.524384160,0.490000000,25,25,24,1,0,0,1,1,0.960000000,0,0,0,0
726.617069006,249.822153391,0.160098115,0.908649941,0.524787977,0.490000000,26,25,24,1,0,0,1,1,0.960000000,0,0,0,0
727.043925047,249.889634699,0.160098115,0.908649941,0.524787977,0.490000000,26,25,24,1,0,0,1,1,0.960000000,0,0,0,0
728.040776253,250.235684456,0.160108137,0.908649941,0.524787977,0.490000000,26,25,24,1,0,0,1,1,0.960000000,0,0,0,0
729.043828726,250.567640839,0.160110642,0.908649941,0.524787977,0.490000000,26,25,24,1,0,0,1,1,0.960000000,0,0,0,0
730.044230223,250.644752140,0.160110642,0.908649941,0.524787977,0.490000000,26,25,24,1,0,0,1,1,0.960000000,0,0,0,0
731.046226740,250.858036642,0.160110642,0.908649941,0.524787977,0.490000000,26,25,24,1,0,0,1,1,0.960000000,0,0,0,0
732.042088747,251.356793148,0.160110642,0.908649941,0.524787977,0.490000000,26,25,24,1,0,0,1,1,0.960000000,0,0,0,0
733.046344757,251.856469907,0.160110642,0.908649941,0.524787977,0.490000000,26,25,24,1,0,0,1,1,0.960000000,0,0,0,0
734.043215513,252.355740520,0.160110642,0.908649941,0.524787977,0.490000000,26,25,24,1,0,0,1,1,0.960000000,0,0,0,0
735.041894197,252.855083456,0.160110642,0.908649941,0.524787977,0.490000000,26,25,24,1,0,0,1,1,0.960000000,0,0,0,0
736.042277813,253.354459239,0.160110642,0.908649941,0.524787977,0.490000000,26,25,24,1,0,0,1,1,0.960000000,0,0,0,0
737.040904284,253.851582434,0.160110642,0.908649941,0.524787977,0.490000000,26,25,24,1,0,0,1,1,0.960000000,0,0,0,0
738.044963837,254.349363390,0.160110642,0.908649941,0.524787977,0.490000000,26,25,24,1,0,0,1,1,0.960000000,0,0,0,0
739.043362856,254.847435595,0.160110642,0.908649941,0.524787977,0.490000000,26,25,24,1,0,0,1,1,0.960000000,0,0,0,0
740.043781996,255.335579710,0.160110642,0.908649941,0.524787977,0.490000000,26,25,24,1,0,0,1,1,0.960000000,0,0,0,0
741.042147636,255.834366624,0.160110642,0.908649941,0.524787977,0.490000000,26,25,24,1,0,0,1,1,0.960000000,0,0,0,0
742.041365385,256.333931096,0.160110642,0.908649941,0.524787977,0.490000000,26,25,24,1,0,0,1,1,0.960000000,0,0,0,0
743.043602943,256.833896198,0.160110642,0.908649941,0.524787977,0.490000000,26,25,24,1,0,0,1,1,0.960000000,0,0,0,0
744.047427654,257.333166013,0.160119412,0.908649941,0.524787977,0.490000000,26,25,24,1,0,0,1,1,0.960000000,0,0,0,0
745.046192884,257.831716384,0.160120664,0.908649941,0.524787977,0.490000000,26,25,24,1,0,0,1,1,0.960000000,0,0,0,0
746.045597076,258.330678193,0.160120664,0.908649941,0.524787977,0.490000000,26,25,24,1,0,0,1,1,0.960000000,0,0,0,0
747.044595957,258.829237333,0.160120664,0.908649941,0.524787977,0.490000000,26,25,24,1,0,0,1,1,0.960000000,0,0,0,0
748.045660734,259.328021619,0.160120664,0.908649941,0.524787977,0.490000000,26,25,24,1,0,0,1,1,0.960000000,0,0,0,0
749.045370579,259.827998172,0.160120664,0.908649941,0.524787977,0.490000000,26,25,24,1,0,0,1,1,0.960000000,0,0,0,0
750.041693211,260.326640393,0.160120664,0.908649941,0.524787977,0.490000000,26,25,24,1,0,0,1,1,0.960000000,0,0,0,0
751.044156075,260.823219955,0.160120664,0.908649941,0.524787977,0.490000000,26,25,24,1,0,0,1,1,0.960000000,0,0,0,0
752.044456720,261.322080821,0.160120664,0.908649941,0.524787977,0.490000000,26,25,24,1,0,0,1,1,0.960000000,0,0,0,0
753.043998957,261.820725712,0.160120664,0.908649941,0.524787977,0.490000000,26,25,24,1,0,0,1,1,0.960000000,0,0,0,0
754.046092749,262.320238575,0.160120664,0.908649941,0.524787977,0.490000000,26,25,24,1,0,0,1,1,0.960000000,0,0,0,0
755.047092199,262.819561409,0.160120664,0.908649941,0.524787977,0.490000000,26,25,24,1,0,0,1,1,0.960000000,0,0,0,0
756.042797565,263.308324837,0.160120664,0.908649941,0.524787977,0.490000000,26,25,24,1,0,0,1,1,0.960000000,0,0,0,0
757.044442892,263.807485342,0.160120664,0.908649941,0.524787977,0.490000000,26,25,24,1,0,0,1,1,0.960000000,0,0,0,0
758.046340942,264.306372210,0.160120664,0.908649941,0.524787977,0.490000000,26,25,24,1,0,0,1,1,0.960000000,0,0,0,0
759.047814846,264.805534791,0.160120664,0.908649941,0.524787977,0.490000000,26,25,24,1,0,0,1,1,0.960000000,0,0,0,0
760.046670675,265.301640029,0.160120664,0.908649941,0.524787977,0.490000000,26,25,24,1,0,0,1,1,0.960000000,0,0,0,0
761.045084715,265.798922341,0.160120664,0.908649941,0.524787977,0.490000000,26,25,24,1,0,0,1,1,0.960000000,0,0,0,0
762.047071218,266.297566171,0.160123170,0.908649941,0.524787977,0.490000000,26,25,24,1,0,0,1,1,0.960000000,0,0,0,0
763.045783281,266.796947629,0.160173279,0.908649941,0.524787977,0.490000000,26,25,24,1,0,0,1,1,0.960000000,0,0,0,0
764.044700623,267.296452266,0.160259719,0.908649941,0.524787977,0.490000000,26,25,24,1,0,0,1,1,0.960000000,0,0,0,0
765.047187090,267.796023432,0.160321103,0.908649941,0.524787977,0.490000000,26,25,24,1,0,0,1,1,0.960000000,0,0,0,0
766.044279337,268.295375492,0.160403784,0.908649941,0.524787977,0.490000000,26,25,24,1,0,0,1,1,0.960000000,0,0,0,0
767.048904657,268.794502662,0.160422575,0.908649941,0.524787977,0.490000000,26,25,24,1,0,0,1,1,0.960000000,0,0,0,0
768.043033838,269.293517470,0.160440114,0.908649941,0.524787977,0.490000000,26,25,24,1,0,0,1,1,0.960000000,0,0,0,0
769.041239023,269.793420421,0.160446378,0.908649941,0.524787977,0.490000000,26,25,24,1,0,0,1,1,0.960000000,0,0,0,0
770.047357082,270.292753911,0.160446378,0.908649941,0.524787977,0.490000000,26,25,24,1,0,0,1,1,0.960000000,0,0,0,0
771.048173904,270.791837543,0.160446378,0.908649941,0.524787977,0.490000000,26,25,24,1,0,0,1,1,0.960000000,0,0,0,0
772.048346043,271.290993346,0.160446378,0.908649941,0.524787977,0.490000000,26,25,24,1,0,0,1,1,0.960000000,0,0,0,0
773.047311783,271.789078606,0.160539081,0.909002715,0.524787977,0.490000000,26,25,24,1,0,0,1,1,0.960000000,0,0,0,0
774.047619104,272.287956403,0.160539081,0.909002715,0.524787977,0.490000000,26,25,24,1,0,0,1,1,0.960000000,0,0,0,0
775.047966957,272.786651963,0.160539081,0.909002715,0.524787977,0.490000000,26,25,24,1,0,0,1,1,0.960000000,0,0,0,0
776.047488213,273.285258460,0.160539081,0.909002715,0.524787977,0.490000000,26,25,24,1,0,0,1,1,0.960000000,0,0,0,0
777.047186136,273.775078981,0.160539081,0.909039850,0.524787977,0.490000000,26,25,24,1,0,0,1,1,0.960000000,0,0,0,0
778.048643351,274.274218905,0.160539081,0.909039850,0.524787977,0.490000000,26,25,24,1,0,0,1,1,0.960000000,0,0,0,0
779.047779799,274.773654772,0.160539081,0.909039850,0.524787977,0.490000000,26,25,24,1,0,0,1,1,0.960000000,0,0,0,0
780.045783758,275.273574091,0.160539081,0.909039850,0.524787977,0.490000000,26,25,24,1,0,0,1,1,0.960000000,0,0,0,0
781.046592236,275.772793919,0.160539081,0.909039850,0.524787977,0.490000000,26,25,24,1,0,0,1,1,0.960000000,0,0,0,0
782.044193983,276.269499142,0.160539081,0.909039850,0.524787977,0.490000000,26,25,24,1,0,0,1,1,0.960000000,0,0,0,0
783.047265768,276.769100046,0.160539081,0.909039850,0.524787977,0.490000000,26,25,24,1,0,0,1,1,0.960000000,0,0,0,0
784.042251825,277.268856908,0.160539081,0.909039850,0.524787977,0.490000000,26,25,24,1,0,0,1,1,0.960000000,0,0,0,0
785.044590235,277.768789651,0.160539081,0.909039850,0.524787977,0.490000000,26,25,24,1,0,0,1,1,0.960000000,0,0,0,0
786.042958260,278.268789307,0.160539081,0.909039850,0.524787977,0.490000000,26,25,24,1,0,0,1,1,0.960000000,0,0,0,0
787.046403646,278.768669212,0.160539081,0.909039850,0.524787977,0.490000000,26,25,24,1,0,0,1,1,0.960000000,0,0,0,0
788.045190573,279.268669125,0.160539081,0.909039850,0.524787977,0.490000000,26,25,24,1,0,0,1,1,0.960000000,0,0,0,0
789.045744419,279.768662558,0.160539081,0.909039850,0.524787977,0.490000000,26,25,24,1,0,0,1,1,0.960000000,0,0,0,0
790.045373201,280.268613438,0.160539081,0.909039850,0.524787977,0.490000000,26,25,24,1,0,0,1,1,0.960000000,0,0,0,0
791.046550274,280.768613146,0.160539081,0.909039850,0.524787977,0.490000000,26,25,24,1,0,0,1,1,0.960000000,0,0,0,0
792.042519331,281.268352605,0.160539081,0.909039850,0.524787977,0.490000000,26,25,24,1,0,0,1,1,0.960000000,0,0,0,0
793.045258999,281.768258514,0.160539081,0.909039850,0.524787977,0.490000000,26,25,24,1,0,0,1,1,0.960000000,0,0,0,0
794.042602777,282.256203897,0.160616751,0.909949637,0.524787977,0.490000000,26,25,24,1,0,0,1,1,0.960000000,0,0,0,0
795.042495012,282.734975427,0.160618003,0.909949637,0.524787977,0.490000000,26,25,24,1,0,0,1,1,0.960000000,0,0,0,0
796.044076681,283.149046552,0.160618003,0.909949637,0.524787977,0.490000000,26,25,24,1,0,0,1,1,0.960000000,0,0,0,0
797.043754101,283.546865060,0.160623014,0.910023905,0.524787977,0.490000000,26,25,24,1,0,0,1,1,0.960000000,0,0,0,0
798.043197393,284.016175390,0.160633036,0.910144591,0.524787977,0.490000000,26,25,24,1,0,0,1,1,0.960000000,0,0,0,0
799.041512012,284.503099916,0.160723234,0.910924409,0.524787977,0.490000000,26,25,24,1,0,0,1,1,0.960000000,0,0,0,0
800.044595718,284.952192195,0.160723234,0.910924409,0.524787977,0.490000000,26,25,24,1,0,0,1,1,0.960000000,0,0,0,0
801.045085907,285.430374414,0.160829717,0.911764569,0.524787977,0.490000000,26,25,24,1,0,0,1,1,0.960000000,0,0,0,0
802.043740749,285.918589701,0.160863541,0.912135911,0.524787977,0.490000000,26,25,24,1,0,0,1,1,0.960000000,0,0,0,0
803.044887304,286.417951308,0.160878574,0.912293731,0.524787977,0.490000000,26,25,24,1,0,0,1,1,0.960000000,0,0,0,0
804.046496630,286.907927131,0.160902376,0.912609372,0.524787977,0.490000000,26,25,24,1,0,0,1,1,0.960000000,0,0,0,0
805.046417952,287.397923058,0.160914904,0.912767192,0.524787977,0.490000000,26,25,24,1,0,0,1,1,0.960000000,0,0,0,0
806.040964365,287.887740612,0.160937453,0.913045698,0.524787977,0.490000000,26,25,24,1,0,0,1,1,0.960000000,0,0,0,0
807.040783405,288.377151661,0.160970024,0.913444891,0.524787977,0.490000000,26,25,24,1,0,0,1,1,0.960000000,0,0,0,0
808.041166067,288.866477002,0.161016376,0.913946202,0.524787977,0.490000000,26,25,24,1,0,0,1,1,0.960000000,0,0,0,0
809.043466806,289.255234256,0.161050200,0.914243275,0.524787977,0.490000000,26,25,24,1,0,0,1,1,0.960000000,0,0,0,0
810.040651083,289.496466525,0.161074002,0.914354678,0.524787977,0.490000000,26,25,24,1,0,0,1,1,0.960000000,0,0,0,0
815.570403337,289.582356651,0.161075255,0.914354678,0.558105454,0.480000000,27,26,25,1,0,0,1,1,0.961538462,0,0,0,0
816.042335033,289.641180675,0.161075255,0.914354678,0.558105454,0.480000000,27,26,25,1,0,0,1,1,0.961538462,0,0,0,0
817.040541410,289.982380239,0.161075255,0.914354678,0.558105454,0.480000000,27,26,25,1,0,0,1,1,0.961538462,0,0,0,0
818.041666508,290.332261712,0.161075255,0.914354678,0.558105454,0.480000000,27,26,25,1,0,0,1,1,0.961538462,0,0,0,0
819.040593624,290.682261700,0.161075255,0.914354678,0.558105454,0.480000000,27,26,25,1,0,0,1,1,0.961538462,0,0,0,0
820.041585922,291.032014891,0.161075255,0.914354678,0.558105454,0.480000000,27,26,25,1,0,0,1,1,0.961538462,0,0,0,0
821.044324398,291.374721051,0.161075255,0.914354678,0.558105454,0.480000000,27,26,25,1,0,0,1,1,0.961538462,0,0,0,0
822.043418169,291.717674363,0.161075255,0.914354678,0.558105454,0.480000000,27,26,25,1,0,0,1,1,0.961538462,0,0,0,0
823.047082424,292.067674205,0.161075255,0.914354678,0.558105454,0.480000000,27,26,25,1,0,0,1,1,0.961538462,0,0,0,0
824.045087576,292.410674179,0.161075255,0.914354678,0.558105454,0.480000000,27,26,25,1,0,0,1,1,0.961538462,0,0,0,0
825.040892839,292.753674165,0.161075255,0.914354678,0.558105454,0.480000000,27,26,25,1,0,0,1,1,0.961538462,0,0,0,0
826.040420294,293.096095621,0.161075255,0.914354678,0.558105454,0.480000000,27,26,25,1,0,0,1,1,0.961538462,0,0,0,0
827.040772915,293.446106897,0.161080266,0.914354678,0.558105454,0.480000000,27,26,25,1,0,0,1,1,0.961538462,0,0,0,0
828.043022156,293.789106600,0.161085277,0.914354678,0.558105454,0.480000000,27,26,25,1,0,0,1,1,0.961538462,0,0,0,0
829.045224428,294.132049867,0.161086529,0.914354678,0.558105454,0.480000000,27,26,25,1,0,0,1,1,0.961538462,0,0,0,0
830.040882826,294.475036058,0.161089035,0.914354678,0.558105454,0.480000000,27,26,25,1,0,0,1,1,0.961538462,0,0,0,0
831.040529013,294.792771696,0.161114090,0.914354678,0.558105454,0.480000000,27,26,25,1,0,0,1,1,0.961538462,0,0,0,0
832.044103146,295.022627835,0.161115343,0.914354678,0.558105454,0.480000000,27,26,25,1,0,0,1,1,0.961538462,0,0,0,0
833.042234421,295.070004765,0.161115343,0.914354678,0.558105454,0.480000000,27,26,25,1,0,0,1,1,0.961538462,0,0,0,0
834.040611267,295.184389794,0.161115343,0.914354678,0.558105454,0.480000000,27,26,25,1,0,0,1,1,0.961538462,0,0,0,0
835.040652514,295.605517057,0.161116595,0.914354678,0.558105454,0.480000000,27,26,25,1,0,0,1,1,0.961538462,0,0,0,0
836.043953657,296.074739317,0.161119101,0.914354678,0.558105454,0.480000000,27,26,25,1,0,0,1,1,0.961538462,0,0,0,0
837.046898842,296.561661417,0.161125365,0.914354678,0.558105454,0.480000000,27,26,25,1,0,0,1,1,0.961538462,0,0,0,0
838.041353941,297.045363831,0.161072749,0.914224708,0.558105454,0.480000000,27,26,25,1,0,0,1,1,0.961538462,0,0,0,0
839.042306900,297.544872681,0.161072749,0.914224708,0.558105454,0.480000000,27,26,25,1,0,0,1,1,0.961538462,0,0,0,0
840.043015957,298.043954660,0.161074002,0.914224708,0.558105454,0.480000000,27,26,25,1,0,0,1,1,0.961538462,0,0,0,0
841.047528744,298.542730326,0.161074002,0.914224708,0.558105454,0.480000000,27,26,25,1,0,0,1,1,0.961538462,0,0,0,0
842.042781353,299.042316677,0.161074002,0.914224708,0.558105454,0.480000000,27,26,25,1,0,0,1,1,0.961538462,0,0,0,0
843.045282125,299.540632324,0.161074002,0.914224708,0.558105454,0.480000000,27,26,25,1,0,0,1,1,0.961538462,0,0,0,0
844.046081543,300.040388397,0.161074002,0.914224708,0.558105454,0.480000000,27,26,25,1,0,0,1,1,0.961538462,0,0,0,0
845.047111750,300.540158946,0.161075255,0.914243275,0.558105454,0.480000000,27,26,25,1,0,0,1,1,0.961538462,0,0,0,0
846.046645164,301.039628227,0.161075255,0.914243275,0.558105454,0.480000000,27,26,25,1,0,0,1,1,0.961538462,0,0,0,0
847.046131372,301.539612618,0.161075255,0.914243275,0.558105454,0.480000000,27,26,25,1,0,0,1,1,0.961538462,0,0,0,0
848.043219566,302.029612522,0.161679077,0.922431360,0.558105454,0.480000000,27,26,25,1,0,0,1,1,0.961538462,0,0,0,0
849.046334028,302.529337832,0.162443251,0.933102792,0.558105454,0.480000000,27,26,25,1,0,0,1,1,0.961538462,0,0,0,0
850.041296482,303.028132150,0.162728876,0.936704807,0.558105454,0.480000000,27,26,25,1,0,0,1,1,0.961538462,0,0,0,0
851.043784618,303.525405288,0.162849140,0.938097338,0.558105454,0.480000000,27,26,25,1,0,0,1,1,0.961538462,0,0,0,0
852.045292616,304.024895871,0.162899249,0.938645067,0.558105454,0.480000000,27,26,25,1,0,0,1,1,0.961538462,0,0,0,0
853.046775103,304.524721291,0.162925557,0.938849305,0.558105454,0.480000000,27,26,25,1,0,0,1,1,0.961538462,0,0,0,0
854.042542696,305.014721221,0.162958128,0.938886439,0.558105454,0.480000000,27,26,25,1,0,0,1,1,0.961538462,0,0,0,0
855.046296358,305.514111698,0.162960634,0.938886439,0.558105454,0.480000000,27,26,25,1,0,0,1,1,0.961538462,0,0,0,0
856.044175148,306.014110777,0.162961887,0.938886439,0.558105454,0.480000000,27,26,25,1,0,0,1,1,0.961538462,0,0,0,0
857.045889139,306.514030320,0.162963139,0.938886439,0.558105454,0.480000000,27,26,25,1,0,0,1,1,0.961538462,0,0,0,0
858.046118498,307.014021861,0.162966898,0.938886439,0.558105454,0.480000000,27,26,25,1,0,0,1,1,0.961538462,0,0,0,0
859.041485071,307.465493377,0.162968150,0.938886439,0.558105454,0.480000000,27,26,25,1,0,0,1,1,0.961538462,0,0,0,0
860.041604280,307.792463300,0.162968150,0.938886439,0.558105454,0.480000000,27,26,25,1,0,0,1,1,0.961538462,0,0,0,0
861.041535854,308.012354163,0.162968150,0.938886439,0.558105454,0.480000000,27,26,25,1,0,0,1,1,0.961538462,0,0,0,0
866.471342087,308.120939953,0.162968150,0.938886439,0.561494961,0.480000000,28,27,26,1,0,0,1,1,0.962962963,0,0,0,0
867.040759802,308.197694905,0.162968150,0.938886439,0.561494961,0.480000000,28,27,26,1,0,0,1,1,0.962962963,0,0,0,0
868.043476820,308.533882357,0.162968150,0.938886439,0.561494961,0.480000000,28,27,26,1,0,0,1,1,0.962962963,0,0,0,0
869.042565584,308.856439369,0.162968150,0.938886439,0.561494961,0.480000000,28,27,26,1,0,0,1,1,0.962962963,0,0,0,0
870.043991089,308.927649582,0.162968150,0.938886439,0.561494961,0.480000000,28,27,26,1,0,0,1,1,0.962962963,0,0,0,0
871.045713186,309.137747626,0.162968150,0.938886439,0.561494961,0.480000000,28,27,26,1,0,0,1,1,0.962962963,0,0,0,0
872.043947458,309.637676400,0.162968150,0.938886439,0.561494961,0.480000000,28,27,26,1,0,0,1,1,0.962962963,0,0,0,0
873.043730736,310.137568008,0.162968150,0.938886439,0.561494961,0.480000000,28,27,26,1,0,0,1,1,0.962962963,0,0,0,0
874.048666000,310.637567928,0.162968150,0.938886439,0.561494961,0.480000000,28,27,26,1,0,0,1,1,0.962962963,0,0,0,0
875.044776440,311.136447353,0.162968150,0.938886439,0.561494961,0.480000000,28,27,26,1,0,0,1,1,0.962962963,0,0,0,0
876.046577215,311.636158867,0.162968150,0.938886439,0.561494961,0.480000000,28,27,26,1,0,0,1,1,0.962962963,0,0,0,0
877.047728777,312.134923989,0.162968150,0.938886439,0.561494961,0.480000000,28,27,26,1,0,0,1,1,0.962962963,0,0,0,0
878.047193050,312.634541412,0.162968150,0.938886439,0.561494961,0.480000000,28,27,26,1,0,0,1,1,0.962962963,0,0,0,0
879.046873331,313.134398733,0.162969403,0.938886439,0.561494961,0.480000000,28,27,26,1,0,0,1,1,0.962962963,0,0,0,0
880.049541950,313.627385120,0.162995711,0.939248497,0.561494961,0.480000000,28,27,26,1,0,0,1,1,0.962962963,0,0,0,0
881.048049450,314.124136856,0.162999469,0.939257781,0.561494961,0.480000000,28,27,26,1,0,0,1,1,0.962962963,0,0,0,0
882.047736883,314.604568129,0.163005733,0.939341333,0.561494961,0.480000000,28,27,26,1,0,0,1,1,0.962962963,0,0,0,0
883.044775963,315.085230412,0.163006985,0.939359900,0.561494961,0.480000000,28,27,26,1,0,0,1,1,0.962962963,0,0,0,0
884.040896654,315.555207391,0.163019513,0.939508436,0.561494961,0.480000000,28,27,26,1,0,0,1,1,0.962962963,0,0,0,0
885.042120695,316.034351303,0.163098436,0.940204702,0.561494961,0.480000000,28,27,26,1,0,0,1,1,0.962962963,0,0,0,0
886.044151545,316.504167524,0.163119732,0.940483208,0.561494961,0.480000000,28,27,26,1,0,0,1,1,0.962962963,0,0,0,0
887.043931961,316.994153367,0.163251270,0.941676144,0.561494961,0.480000000,28,27,26,1,0,0,1,1,0.962962963,0,0,0,0
888.042554855,317.484099257,0.163296369,0.942112470,0.561494961,0.480000000,28,27,26,1,0,0,1,1,0.962962963,0,0,0,0
889.044237852,317.974026860,0.163310149,0.942288857,0.561494961,0.480000000,28,27,26,1,0,0,1,1,0.962962963,0,0,0,0
890.045208931,318.463718968,0.163328940,0.942520946,0.561494961,0.480000000,28,27,26,1,0,0,1,1,0.962962963,0,0,0,0
891.042876720,318.953272480,0.163336457,0.942623065,0.561494961,0.480000000,28,27,26,1,0,0,1,1,0.962962963,0,0,0,0
892.044500113,319.443217718,0.163372786,0.943059391,0.561494961,0.480000000,28,27,26,1,0,0,1,1,0.962962963,0,0,0,0
893.043086529,319.898794457,0.163394083,0.943300764,0.561494961,0.480000000,28,27,26,1,0,0,1,1,0.962962963,0,0,0,0
894.047306299,320.217688297,0.163441687,0.943746374,0.561494961,0.480000000,28,27,26,1,0,0,1,1,0.962962963,0,0,0,0
895.045484066,320.435592034,0.163461731,0.943913477,0.561494961,0.480000000,28,27,26,1,0,0,1,1,0.962962963,0,0,0,0
900.412986279,320.510671933,0.163489292,0.944136282,0.561754252,0.480000000,29,28,27,1,0,0,1,1,0.964285714,0,0,0,0
901.043505907,320.651246408,0.163489292,0.944136282,0.561754252,0.480000000,29,28,27,1,0,0,1,1,0.964285714,0,0,0,0
902.041027546,320.993815977,0.163489292,0.944136282,0.561754252,0.480000000,29,28,27,1,0,0,1,1,0.964285714,0,0,0,0
903.046527147,321.327247918,0.163489292,0.944136282,0.561754252,0.480000000,29,28,27,1,0,0,1,1,0.964285714,0,0,0,0
904.043987274,321.570268238,0.163489292,0.944136282,0.561754252,0.480000000,29,28,27,1,0,0,1,1,0.964285714,0,0,0,0
905.043762207,321.620348447,0.163489292,0.944136282,0.561754252,0.480000000,29,28,27,1,0,0,1,1,0.964285714,0,0,0,0
906.043465137,321.968444210,0.163489292,0.944136282,0.561754252,0.480000000,29,28,27,1,0,0,1,1,0.964285714,0,0,0,0
907.040573835,322.458352256,0.163489292,0.944136282,0.561754252,0.480000000,29,28,27,1,0,0,1,1,0.964285714,0,0,0,0
908.043666601,322.958269630,0.163489292,0.944136282,0.561754252,0.480000000,29,28,27,1,0,0,1,1,0.964285714,0,0,0,0
909.046576500,323.448196749,0.163489292,0.944136282,0.561754252,0.480000000,29,28,27,1,0,0,1,1,0.964285714,0,0,0,0
910.040610552,323.937997878,0.163489292,0.944136282,0.561754252,0.480000000,29,28,27,1,0,0,1,1,0.964285714,0,0,0,0
911.042555571,324.427848005,0.163489292,0.944136282,0.561754252,0.480000000,29,28,27,1,0,0,1,1,0.964285714,0,0,0,0
912.041215181,324.917463505,0.163489292,0.944136282,0.561754252,0.480000000,29,28,27,1,0,0,1,1,0.964285714,0,0,0,0
913.043955088,325.407054777,0.163489292,0.944136282,0.561754252,0.480000000,29,28,27,1,0,0,1,1,0.964285714,0,0,0,0
914.042844772,325.885499904,0.163489292,0.944136282,0.561754252,0.480000000,29,28,27,1,0,0,1,1,0.964285714,0,0,0,0
915.046281576,326.355402852,0.163489292,0.944136282,0.561754252,0.480000000,29,28,27,1,0,0,1,1,0.964285714,0,0,0,0
916.044803619,326.855323774,0.163489292,0.944136282,0.561754252,0.480000000,29,28,27,1,0,0,1,1,0.964285714,0,0,0,0
917.046547651,327.354951310,0.163489292,0.944136282,0.561754252,0.480000000,29,28,27,1,0,0,1,1,0.964285714,0,0,0,0
918.046346664,327.854090399,0.163489292,0.944136282,0.561754252,0.480000000,29,28,27,1,0,0,1,1,0.964285714,0,0,0,0
919.046285152,328.354082551,0.163489292,0.944136282,0.561754252,0.480000000,29,28,27,1,0,0,1,1,0.964285714,0,0,0,0
920.046925068,328.854068504,0.163489292,0.944136282,0.561754252,0.480000000,29,28,27,1,0,0,1,1,0.964285714,0,0,0,0
921.044393301,329.353818359,0.163489292,0.944136282,0.561754252,0.480000000,29,28,27,1,0,0,1,1,0.964285714,0,0,0,0
922.047169447,329.843816629,0.163489292,0.944136282,0.561754252,0.480000000,29,28,27,1,0,0,1,1,0.964285714,0,0,0,0
923.044907808,330.343813815,0.163489292,0.944136282,0.561754252,0.480000000,29,28,27,1,0,0,1,1,0.964285714,0,0,0,0
924.042176008,330.843419428,0.163516852,0.944489057,0.561754252,0.480000000,29,28,27,1,0,0,1,1,0.964285714,0,0,0,0
925.047183037,331.343291496,0.163734829,0.947552626,0.561754252,0.480000000,29,28,27,1,0,0,1,1,0.964285714,0,0,0,0
926.046213150,331.841529763,0.163871378,0.949372200,0.561754252,0.480000000,29,28,27,1,0,0,1,1,0.964285714,0,0,0,0
927.046634912,332.340663874,0.163910213,0.949892079,0.561754252,0.480000000,29,28,27,1,0,0,1,1,0.964285714,0,0,0,0
928.047644615,332.839744255,0.163918983,0.949975631,0.561754252,0.480000000,29,28,27,1,0,0,1,1,0.964285714,0,0,0,0
929.048316479,333.339345613,0.163922741,0.950022048,0.561754252,0.480000000,29,28,27,1,0,0,1,1,0.964285714,0,0,0,0
930.047728777,333.837017635,0.163923994,0.950040615,0.561754252,0.480000000,29,28,27,1,0,0,1,1,0.964285714,0,0,0,0
931.047731638,334.336323085,0.163966587,0.950634762,0.561754252,0.480000000,29,28,27,1,0,0,1,1,0.964285714,0,0,0,0
932.045531273,334.836074156,0.164190828,0.953735465,0.561754252,0.480000000,29,28,27,1,0,0,1,1,0.964285714,0,0,0,0
933.045741558,335.335617788,0.164719486,0.960136468,0.561754252,0.480000000,29,28,27,1,0,0,1,1,0.964285714,0,0,0,0
934.048848391,335.793156190,0.164763332,0.960331422,0.561754252,0.480000000,29,28,27,1,0,0,1,1,0.964285714,0,0,0,0
935.049719572,336.122922740,0.164763332,0.960331422,0.561754252,0.480000000,29,28,27,1,0,0,1,1,0.964285714,0,0,0,0
936.049947739,336.363663639,0.164763332,0.960331422,0.561754252,0.480000000,29,28,27,1,0,0,1,1,0.964285714,0,0,0,0
941.472883940,336.430049719,0.164763332,0.960331422,0.558315335,0.480000000,30,29,28,1,0,0,1,1,0.965517241,0,0,0,0
942.046032429,336.546289497,0.164763332,0.960331422,0.558315335,0.480000000,30,29,28,1,0,0,1,1,0.965517241,0,0,0,0
943.042473793,336.896349276,0.164763332,0.960331422,0.558315335,0.480000000,30,29,28,1,0,0,1,1,0.965517241,0,0,0,0
944.044610262,337.246349261,0.164763332,0.960331422,0.558315335,0.480000000,30,29,28,1,0,0,1,1,0.965517241,0,0,0,0
945.045643568,337.595842698,0.164763332,0.960331422,0.558315335,0.480000000,30,29,28,1,0,0,1,1,0.965517241,0,0,0,0
946.045297623,337.945308881,0.164763332,0.960331422,0.558315335,0.480000000,30,29,28,1,0,0,1,1,0.965517241,0,0,0,0
947.043370247,338.295174690,0.164763332,0.960331422,0.558315335,0.480000000,30,29,28,1,0,0,1,1,0.965517241,0,0,0,0
948.043791294,338.645068832,0.164763332,0.960331422,0.558315335,0.480000000,30,29,28,1,0,0,1,1,0.965517241,0,0,0,0
949.045269489,338.995068561,0.164763332,0.960331422,0.558315335,0.480000000,30,29,28,1,0,0,1,1,0.965517241,0,0,0,0
950.045286894,339.345050957,0.164763332,0.960331422,0.558315335,0.480000000,30,29,28,1,0,0,1,1,0.965517241,0,0,0,0
951.042778969,339.695050949,0.164763332,0.960331422,0.558315335,0.480000000,30,29,28,1,0,0,1,1,0.965517241,0,0,0,0
952.043282270,340.044980283,0.164763332,0.960331422,0.558315335,0.480000000,30,29,28,1,0,0,1,1,0.965517241,0,0,0,0
953.044975758,340.394980214,0.164763332,0.960331422,0.558315335,0.480000000,30,29,28,1,0,0,1,1,0.965517241,0,0,0,0
954.045742512,340.744979771,0.164763332,0.960331422,0.558315335,0.480000000,30,29,28,1,0,0,1,1,0.965517241,0,0,0,0
955.045242310,341.094978858,0.164763332,0.960331422,0.558315335,0.480000000,30,29,28,1,0,0,1,1,0.965517241,0,0,0,0
956.042828083,341.444724913,0.164763332,0.960331422,0.558315335,0.480000000,30,29,28,1,0,0,1,1,0.965517241,0,0,0,0
957.044706583,341.794163975,0.164763332,0.960331422,0.558315335,0.480000000,30,29,28,1,0,0,1,1,0.965517241,0,0,0,0
958.043244123,342.144039103,0.164763332,0.960331422,0.558315335,0.480000000,30,29,28,1,0,0,1,1,0.965517241,0,0,0,0
959.043198824,342.494039078,0.164763332,0.960331422,0.558315335,0.480000000,30,29,28,1,0,0,1,1,0.965517241,0,0,0,0
960.045624971,342.844045515,0.164763332,0.960331422,0.558315335,0.480000000,30,29,28,1,0,0,1,1,0.965517241,0,0,0,0
961.045554876,343.193791654,0.164763332,0.960331422,0.558315335,0.480000000,30,29,28,1,0,0,1,1,0.965517241,0,0,0,0
962.046040535,343.543317103,0.164763332,0.960331422,0.558315335,0.480000000,30,29,28,1,0,0,1,1,0.965517241,0,0,0,0
963.045703173,343.886305126,0.164763332,0.960331422,0.558315335,0.480000000,30,29,28,1,0,0,1,1,0.965517241,0,0,0,0
964.044920921,344.241752626,0.164763332,0.960331422,0.558315335,0.480000000,30,29,28,1,0,0,1,1,0.965517241,0,0,0,0
965.043606758,344.591497925,0.164763332,0.960331422,0.558315335,0.480000000,30,29,28,1,0,0,1,1,0.965517241,0,0,0,0
966.041488171,344.941397211,0.164763332,0.960331422,0.558315335,0.480000000,30,29,28,1,0,0,1,1,0.965517241,0,0,0,0
967.054301500,345.284255776,0.164763332,0.960331422,0.558315335,0.480000000,30,29,28,1,0,0,1,1,0.965517241,0,0,0,0
968.045780897,345.633025498,0.164763332,0.960331422,0.558315335,0.480000000,30,29,28,1,0,0,1,1,0.965517241,0,0,0,0
969.044471741,345.981245413,0.164764584,0.960331422,0.558315335,0.480000000,30,29,28,1,0,0,1,1,0.965517241,0,0,0,0
970.045578480,346.331239855,0.164768343,0.960331422,0.558315335,0.480000000,30,29,28,1,0,0,1,1,0.965517241,0,0,0,0
971.043064356,346.681116941,0.164759573,0.960331422,0.558315335,0.480000000,30,29,28,1,0,0,1,1,0.965517241,0,0,0,0
972.043770552,347.031011291,0.164759573,0.960331422,0.558315335,0.480000000,30,29,28,1,0,0,1,1,0.965517241,0,0,0,0
973.044888973,347.381011846,0.164759573,0.960331422,0.558315335,0.480000000,30,29,28,1,0,0,1,1,0.965517241,0,0,0,0
974.042850971,347.730956082,0.164759573,0.960331422,0.558315335,0.480000000,30,29,28,1,0,0,1,1,0.965517241,0,0,0,0
975.045304537,348.080506324,0.164759573,0.960331422,0.558315335,0.480000000,30,29,28,1,0,0,1,1,0.965517241,0,0,0,0
976.042450190,348.430286876,0.164759573,0.960331422,0.558315335,0.480000000,30,29,28,1,0,0,1,1,0.965517241,0,0,0,0
977.045424938,348.780223159,0.164759573,0.960331422,0.558315335,0.480000000,30,29,28,1,0,0,1,1,0.965517241,0,0,0,0
978.043246508,349.130217862,0.164759573,0.960331422,0.558315335,0.480000000,30,29,28,1,0,0,1,1,0.965517241,0,0,0,0
979.042411089,349.479728926,0.164759573,0.960331422,0.558315335,0.480000000,30,29,28,1,0,0,1,1,0.965517241,0,0,0,0
980.043569088,349.829656351,0.164759573,0.960331422,0.558315335,0.480000000,30,29,28,1,0,0,1,1,0.965517241,0,0,0,0
981.044421911,350.179656978,0.164759573,0.960331422,0.558315335,0.480000000,30,29,28,1,0,0,1,1,0.965517241,0,0,0,0
982.042139053,350.529656962,0.164759573,0.960331422,0.558315335,0.480000000,30,29,28,1,0,0,1,1,0.965517241,0,0,0,0
983.044439077,350.879656946,0.164759573,0.960331422,0.558315335,0.480000000,30,29,28,1,0,0,1,1,0.965517241,0,0,0,0
984.045188904,351.229592470,0.164759573,0.960331422,0.558315335,0.480000000,30,29,28,1,0,0,1,1,0.965517241,0,0,0,0
985.043429852,351.579592364,0.164759573,0.960331422,0.558315335,0.480000000,30,29,28,1,0,0,1,1,0.965517241,0,0,0,0
986.044530869,351.928786151,0.164759573,0.960331422,0.558315335,0.480000000,30,29,28,1,0,0,1,1,0.965517241,0,0,0,0
987.046712637,352.278557752,0.164759573,0.960331422,0.558315335,0.480000000,30,29,28,1,0,0,1,1,0.965517241,0,0,0,0
988.041030169,352.626987478,0.164759573,0.960331422,0.558315335,0.480000000,30,29,28,1,0,0,1,1,0.965517241,0,0,0,0
989.043239594,352.976987441,0.164759573,0.960331422,0.558315335,0.480000000,30,29,28,1,0,0,1,1,0.965517241,0,0,0,0
990.043343782,353.326946394,0.164868562,0.960396407,0.558315335,0.480000000,30,29,28,1,0,0,1,1,0.965517241,0,0,0,0
991.046022415,353.676910185,0.164868562,0.960396407,0.558315335,0.480000000,30,29,28,1,0,0,1,1,0.965517241,0,0,0,0
992.041470051,354.026911293,0.164869815,0.960396407,0.558315335,0.480000000,30,29,28,1,0,0,1,1,0.965517241,0,0,0,0
993.044414759,354.375797950,0.164869815,0.960396407,0.558315335,0.480000000,30,29,28,1,0,0,1,1,0.965517241,0,0,0,0
994.047155380,354.718778621,0.164869815,0.960396407,0.558315335,0.480000000,30,29,28,1,0,0,1,1,0.965517241,0,0,0,0
995.042101622,355.068759952,0.164872320,0.960396407,0.558315335,0.480000000,30,29,28,1,0,0,1,1,0.965517241,0,0,0,0
996.043898344,355.418758893,0.164877331,0.960396407,0.558315335,0.480000000,30,29,28,1,0,0,1,1,0.965517241,0,0,0,0
997.042787552,355.768758160,0.164886101,0.960396407,0.558315335,0.480000000,30,29,28,1,0,0,1,1,0.965517241,0,0,0,0
998.044598103,356.118709861,0.164891112,0.960396407,0.558315335,0.480000000,30,29,28,1,0,0,1,1,0.965517241,0,0,0,0
999.047856331,356.468520608,0.164878584,0.960247871,0.558315335,0.480000000,30,29,28,1,0,0,1,1,0.965517241,0,0,0,0
1000.044564009,356.818525356,0.164878584,0.960247871,0.558315335,0.480000000,30,29,28,1,0,0,1,1,0.965517241,0,0,0,0
1001.047787189,357.168525323,0.164888606,0.960396407,0.558315335,0.480000000,30,29,28,1,0,0,1,1,0.965517241,0,0,0,0
1002.046783924,357.511525225,0.164793398,0.960674914,0.558315335,0.480000000,30,29,28,1,0,0,1,1,0.965517241,0,0,0,0
1003.045639277,357.861530846,0.164864804,0.961287627,0.558315335,0.480000000,30,29,28,1,0,0,1,1,0.965517241,0,0,0,0
1004.046954632,358.211530844,0.164904892,0.961733237,0.558315335,0.480000000,30,29,28,1,0,0,1,1,0.965517241,0,0,0,0
1005.043230772,358.561519829,0.164996342,0.962879755,0.558315335,0.480000000,30,29,28,1,0,0,1,1,0.965517241,0,0,0,0
1006.043656588,358.904519820,0.165130386,0.964337271,0.558315335,0.480000000,30,29,28,1,0,0,1,1,0.965517241,0,0,0,0
1007.044456720,359.254519800,0.165218078,0.965284192,0.558315335,0.480000000,30,29,28,1,0,0,1,1,0.965517241,0,0,0,0
1008.043885231,359.604404491,0.165264429,0.965859772,0.558315335,0.480000000,30,29,28,1,0,0,1,1,0.965517241,0,0,0,0
1009.045294523,359.954181728,0.165269440,0.965859772,0.558315335,0.480000000,30,29,28,1,0,0,1,1,0.965517241,0,0,0,0
1010.042376518,360.296620331,0.165278209,0.965971175,0.558315335,0.480000000,30,29,28,1,0,0,1,1,0.965517241,0,0,0,0
1011.042284727,360.646280542,0.165286978,0.966064010,0.558315335,0.480000000,30,29,28,1,0,0,1,1,0.965517241,0,0,0,0
1012.041684151,360.995922264,0.165288231,0.966082577,0.558315335,0.480000000,30,29,28,1,0,0,1,1,0.965517241,0,0,0,0
1013.043541431,361.345922130,0.165294495,0.966138278,0.558315335,0.480000000,30,29,28,1,0,0,1,1,0.965517241,0,0,0,0
1014.041274071,361.695794336,0.165302011,0.966212547,0.558315335,0.480000000,30,29,28,1,0,0,1,1,0.965517241,0,0,0,0
1015.044184685,362.045487492,0.165307022,0.966249681,0.558315335,0.480000000,30,29,28,1,0,0,1,1,0.965517241,0,0,0,0
1016.044368744,362.395152647,0.165327066,0.966509620,0.558315335,0.480000000,30,29,28,1,0,0,1,1,0.965517241,0,0,0,0
1017.043633938,362.738001941,0.165328319,0.966528187,0.558315335,0.480000000,30,29,28,1,0,0,1,1,0.965517241,0,0,0,0
1018.045823812,363.088001911,0.165339594,0.966676724,0.558315335,0.480000000,30,29,28,1,0,0,1,1,0.965517241,0,0,0,0
1019.042383194,363.438001889,0.165360890,0.966955230,0.558315335,0.480000000,30,29,28,1,0,0,1,1,0.965517241,0,0,0,0
1020.045110941,363.787979170,0.165367154,0.967048066,0.558315335,0.480000000,30,29,28,1,0,0,1,1,0.965517241,0,0,0,0
1021.045392275,364.137931586,0.165367154,0.967048066,0.558315335,0.480000000,30,29,28,1,0,0,1,1,0.965517241,0,0,0,0
1022.044653416,364.487931931,0.165405989,0.967567944,0.558315335,0.480000000,30,29,28,1,0,0,1,1,0.965517241,0,0,0,0
1023.044084311,364.837839652,0.165426033,0.967827883,0.558315335,0.480000000,30,29,28,1,0,0,1,1,0.965517241,0,0,0,0
1024.044012547,365.187839471,0.165459857,0.968227075,0.558315335,0.480000000,30,29,28,1,0,0,1,1,0.965517241,0,0,0,0
1025.046143055,365.537528523,0.165502450,0.968709820,0.558315335,0.480000000,30,29,28,1,0,0,1,1,0.965517241,0,0,0,0
1026.045162678,365.879971902,0.165528758,0.968997609,0.558315335,0.480000000,30,29,28,1,0,0,1,1,0.965517241,0,0,0,0
1027.044923067,366.229970517,0.165546296,0.969183280,0.558315335,0.480000000,30,29,28,1,0,0,1,1,0.965517241,0,0,0,0
1028.050037146,366.579873941,0.165583879,0.969591756,0.558315335,0.480000000,30,29,28,1,0,0,1,1,0.965517241,0,0,0,0
1029.048103333,366.929873731,0.165591395,0.969647457,0.558315335,0.480000000,30,29,28,1,0,0,1,1,0.965517241,0,0,0,0
1030.048987389,367.278104694,0.165611439,0.969814561,0.558315335,0.480000000,30,29,28,1,0,0,1,1,0.965517241,0,0,0,0
1031.046273708,367.617065970,0.165623966,0.969842412,0.558315335,0.480000000,30,29,28,1,0,0,1,1,0.965517241,0,0,0,0
1032.045480967,367.947509802,0.165632736,0.969842412,0.558315335,0.480000000,30,29,28,1,0,0,1,1,0.965517241,0,0,0,0
1033.046553612,368.249324238,0.165632736,0.969842412,0.558315335,0.480000000,30,29,28,1,0,0,1,1,0.965517241,0,0,0,0
1038.449055433,368.371306239,0.165633988,0.969842412,0.537106435,0.480000000,31,30,29,1,0,0,1,1,0.966666667,0,0,0,0
1039.042267084,368.496075019,0.165633988,0.969842412,0.537106435,0.480000000,31,30,29,1,0,0,1,1,0.966666667,0,0,0,0
1040.044524431,368.993879516,0.165633988,0.969842412,0.537106435,0.480000000,31,30,29,1,0,0,1,1,0.966666667,0,0,0,0
1041.044897556,369.493477979,0.165633988,0.969842412,0.537106435,0.480000000,31,30,29,1,0,0,1,1,0.966666667,0,0,0,0
1042.040776968,369.993477059,0.165633988,0.969842412,0.537106435,0.480000000,31,30,29,1,0,0,1,1,0.966666667,0,0,0,0
1043.041929483,370.493248756,0.165637747,0.969842412,0.537106435,0.480000000,31,30,29,1,0,0,1,1,0.966666667,0,0,0,0
1044.042576551,370.992948921,0.165637747,0.969842412,0.537106435,0.480000000,31,30,29,1,0,0,1,1,0.966666667,0,0,0,0
1045.041536093,371.492627865,0.165637747,0.969842412,0.537106435,0.480000000,31,30,29,1,0,0,1,1,0.966666667,0,0,0,0
1046.043240309,371.992550426,0.165637747,0.969842412,0.537106435,0.480000000,31,30,29,1,0,0,1,1,0.966666667,0,0,0,0
1047.042994499,372.492550251,0.165637747,0.969842412,0.537106435,0.480000000,31,30,29,1,0,0,1,1,0.966666667,0,0,0,0
1048.041745663,372.986823016,0.165637747,0.969842412,0.537106435,0.480000000,31,30,29,1,0,0,1,1,0.966666667,0,0,0,0
1049.043264627,373.476440524,0.165637747,0.969842412,0.537106435,0.480000000,31,30,29,1,0,0,1,1,0.966666667,0,0,0,0
1050.046268463,373.976440081,0.165637747,0.969842412,0.537106435,0.480000000,31,30,29,1,0,0,1,1,0.966666667,0,0,0,0
1051.047257423,374.475928217,0.165637747,0.969842412,0.537106435,0.480000000,31,30,29,1,0,0,1,1,0.966666667,0,0,0,0
1052.045327902,374.975925844,0.165637747,0.969842412,0.537106435,0.480000000,31,30,29,1,0,0,1,1,0.966666667,0,0,0,0
1053.048873186,375.475913098,0.165640252,0.969842412,0.537106435,0.480000000,31,30,29,1,0,0,1,1,0.966666667,0,0,0,0
1054.045856953,375.965911989,0.165640252,0.969842412,0.537106435,0.480000000,31,30,29,1,0,0,1,1,0.966666667,0,0,0,0
1055.043067932,376.465809132,0.165641505,0.969842412,0.537106435,0.480000000,31,30,29,1,0,0,1,1,0.966666667,0,0,0,0
1056.044481277,376.965471689,0.165641505,0.969842412,0.537106435,0.480000000,31,30,29,1,0,0,1,1,0.966666667,0,0,0,0
1057.045512915,377.465415245,0.165642758,0.969842412,0.537106435,0.480000000,31,30,29,1,0,0,1,1,0.966666667,0,0,0,0
1058.045430422,377.954764363,0.165642758,0.969842412,0.537106435,0.480000000,31,30,29,1,0,0,1,1,0.966666667,0,0,0,0
1059.042633295,378.454337155,0.165642758,0.969842412,0.537106435,0.480000000,31,30,29,1,0,0,1,1,0.966666667,0,0,0,0
1060.041577101,378.953731389,0.165642758,0.969842412,0.537106435,0.480000000,31,30,29,1,0,0,1,1,0.966666667,0,0,0,0
1061.044932127,379.443727227,0.165642758,0.969842412,0.537106435,0.480000000,31,30,29,1,0,0,1,1,0.966666667,0,0,0,0
1062.041367531,379.943099551,0.165824405,0.969842412,0.537106435,0.480000000,31,30,29,1,0,0,1,1,0.966666667,0,0,0,0
1063.041353703,380.443088252,0.165824405,0.969842412,0.537106435,0.480000000,31,30,29,1,0,0,1,1,0.966666667,0,0,0,0
1064.043367147,380.942699511,0.165824405,0.969842412,0.537106435,0.480000000,31,30,29,1,0,0,1,1,0.966666667,0,0,0,0
1065.046321392,381.442115468,0.165824405,0.969842412,0.537106435,0.480000000,31,30,29,1,0,0,1,1,0.966666667,0,0,0,0
1066.043413401,381.928680347,0.165824405,0.969842412,0.537106435,0.480000000,31,30,29,1,0,0,1,1,0.966666667,0,0,0,0
1067.042006731,382.388011401,0.165824405,0.969842412,0.537106435,0.480000000,31,30,29,1,0,0,1,1,0.966666667,0,0,0,0
1072.360145807,382.494656655,0.165824405,0.969842412,0.567386091,0.480000000,32,31,29,2,0,0,2,2,0.935483871,0,0,0,0
1073.045249224,382.645344799,0.165824405,0.969842412,0.567386091,0.480000000,32,31,29,2,0,0,2,2,0.935483871,0,0,0,0
1074.041117191,382.995427547,0.165824405,0.969842412,0.567386091,0.480000000,32,31,29,2,0,0,2,2,0.935483871,0,0,0,0
1075.046496630,383.338427527,0.165825658,0.969842412,0.567386091,0.480000000,32,31,29,2,0,0,2,2,0.935483871,0,0,0,0
1076.044465780,383.688427498,0.165825658,0.969842412,0.567386091,0.480000000,32,31,29,2,0,0,2,2,0.935483871,0,0,0,0
1077.047702312,384.038427477,0.165825658,0.969842412,0.567386091,0.480000000,32,31,29,2,0,0,2,2,0.935483871,0,0,0,0
1078.044609070,384.388165561,0.165825658,0.969842412,0.567386091,0.480000000,32,31,29,2,0,0,2,2,0.935483871,0,0,0,0
1079.042048216,384.729199781,0.165825658,0.969842412,0.567386091,0.480000000,32,31,29,2,0,0,2,2,0.935483871,0,0,0,0
1080.046001196,385.079199755,0.165825658,0.969842412,0.567386091,0.480000000,32,31,29,2,0,0,2,2,0.935483871,0,0,0,0
1081.041027308,385.428177138,0.165826911,0.969842412,0.567386091,0.480000000,32,31,29,2,0,0,2,2,0.935483871,0,0,0,0
1082.045341015,385.778212273,0.165828164,0.969842412,0.567386091,0.480000000,32,31,29,2,0,0,2,2,0.935483871,0,0,0,0
1083.041382313,386.127649284,0.165828164,0.969842412,0.567386091,0.480000000,32,31,29,2,0,0,2,2,0.935483871,0,0,0,0
1084.044952393,386.477568452,0.165828164,0.969842412,0.567386091,0.480000000,32,31,29,2,0,0,2,2,0.935483871,0,0,0,0
1085.043175220,386.827568358,0.165828164,0.969842412,0.567386091,0.480000000,32,31,29,2,0,0,2,2,0.935483871,0,0,0,0
1086.043650389,387.177371299,0.165839438,0.969888830,0.567386091,0.480000000,32,31,29,2,0,0,2,2,0.935483871,0,0,0,0
1087.041522026,387.520371250,0.165843197,0.969888830,0.567386091,0.480000000,32,31,29,2,0,0,2,2,0.935483871,0,0,0,0
1088.042432070,387.870327213,0.165843197,0.969888830,0.567386091,0.480000000,32,31,29,2,0,0,2,2,0.935483871,0,0,0,0
1089.043106318,388.220013113,0.165845702,0.969888830,0.567386091,0.480000000,32,31,29,2,0,0,2,2,0.935483871,0,0,0,0
1090.046807528,388.569978479,0.165846955,0.969888830,0.567386091,0.480000000,32,31,29,2,0,0,2,2,0.935483871,0,0,0,0
1091.041920662,388.919805362,0.165846955,0.969888830,0.567386091,0.480000000,32,31,29,2,0,0,2,2,0.935483871,0,0,0,0
1092.042715311,389.269845983,0.165684098,0.969888830,0.567386091,0.480000000,32,31,29,2,0,0,2,2,0.935483871,0,0,0,0
1093.047556877,389.619456532,0.165685351,0.969888830,0.567386091,0.480000000,32,31,29,2,0,0,2,2,0.935483871,0,0,0,0
1094.044315338,389.969456577,0.165685351,0.969888830,0.567386091,0.480000000,32,31,29,2,0,0,2,2,0.935483871,0,0,0,0
1095.046408892,390.319186440,0.165685351,0.969888830,0.567386091,0.480000000,32,31,29,2,0,0,2,2,0.935483871,0,0,0,0
1096.045860529,390.668327370,0.165685351,0.969888830,0.567386091,0.480000000,32,31,29,2,0,0,2,2,0.935483871,0,0,0,0
1097.045806408,391.018380163,0.165685351,0.969888830,0.567386091,0.480000000,32,31,29,2,0,0,2,2,0.935483871,0,0,0,0
1098.044552088,391.368359541,0.165685351,0.969888830,0.567386091,0.480000000,32,31,29,2,0,0,2,2,0.935483871,0,0,0,0
1099.042981148,391.717589957,0.165685351,0.969888830,0.567386091,0.480000000,32,31,29,2,0,0,2,2,0.935483871,0,0,0,0
1100.055707455,392.067380457,0.165681593,0.969907397,0.567386091,0.480000000,32,31,29,2,0,0,2,2,0.935483871,0,0,0,0
1101.046310663,392.417004825,0.165681593,0.969907397,0.567386091,0.480000000,32,31,29,2,0,0,2,2,0.935483871,0,0,0,0
1102.046358347,392.766507106,0.165681593,0.969907397,0.567386091,0.480000000,32,31,29,2,0,0,2,2,0.935483871,0,0,0,0
1103.047139883,393.114990765,0.165681593,0.969907397,0.567386091,0.480000000,32,31,29,2,0,0,2,2,0.935483871,0,0,0,0
1104.045619011,393.464029950,0.165681593,0.969907397,0.567386091,0.480000000,32,31,29,2,0,0,2,2,0.935483871,0,0,0,0
1105.044853210,393.814032535,0.165681593,0.969907397,0.567386091,0.480000000,32,31,29,2,0,0,2,2,0.935483871,0,0,0,0
1106.045922995,394.164018889,0.165687856,0.969907397,0.567386091,0.480000000,32,31,29,2,0,0,2,2,0.935483871,0,0,0,0
1107.046500206,394.513189678,0.165694120,0.969907397,0.567386091,0.480000000,32,31,29,2,0,0,2,2,0.935483871,0,0,0,0
1108.043426275,394.863197279,0.165694120,0.969907397,0.567386091,0.480000000,32,31,29,2,0,0,2,2,0.935483871,0,0,0,0
1109.043389320,395.212946457,0.165694120,0.969907397,0.567386091,0.480000000,32,31,29,2,0,0,2,2,0.935483871,0,0,0,0
1110.045443058,395.562946305,0.165694120,0.969907397,0.567386091,0.480000000,32,31,29,2,0,0,2,2,0.935483871,0,0,0,0
1111.044508457,395.912946287,0.165694120,0.969907397,0.567386091,0.480000000,32,31,29,2,0,0,2,2,0.935483871,0,0,0,0
1112.043973684,396.262946263,0.165694120,0.969907397,0.567386091,0.480000000,32,31,29,2,0,0,2,2,0.935483871,0,0,0,0
1113.045099497,396.612946255,0.165694120,0.969907397,0.567386091,0.480000000,32,31,29,2,0,0,2,2,0.935483871,0,0,0,0
1114.043708563,396.962946243,0.165694120,0.969907397,0.567386091,0.480000000,32,31,29,2,0,0,2,2,0.935483871,0,0,0,0
1115.044064999,397.312794777,0.165710406,0.969907397,0.567386091,0.480000000,32,31,29,2,0,0,2,2,0.935483871,0,0,0,0
1116.044207573,397.662806414,0.165710406,0.969907397,0.567386091,0.480000000,32,31,29,2,0,0,2,2,0.935483871,0,0,0,0
1117.043869257,398.012427770,0.165710406,0.969907397,0.567386091,0.480000000,32,31,29,2,0,0,2,2,0.935483871,0,0,0,0
1118.047116518,398.362049205,0.165710406,0.969907397,0.567386091,0.480000000,32,31,29,2,0,0,2,2,0.935483871,0,0,0,0
1119.043030500,398.711800594,0.165736713,0.969907397,0.567386091,0.480000000,32,31,29,2,0,0,2,2,0.935483871,0,0,0,0
1120.046045780,399.062036219,0.165740472,0.969907397,0.567386091,0.480000000,32,31,29,2,0,0,2,2,0.935483871,0,0,0,0
1121.044918299,399.411773125,0.165740472,0.969907397,0.567386091,0.480000000,32,31,29,2,0,0,2,2,0.935483871,0,0,0,0
1122.043585539,399.761773107,0.165764274,0.969907397,0.567386091,0.480000000,32,31,29,2,0,0,2,2,0.935483871,0,0,0,0
1123.043631315,400.111773099,0.165768032,0.969907397,0.567386091,0.480000000,32,31,29,2,0,0,2,2,0.935483871,0,0,0,0
1124.045255184,400.461773091,0.165768032,0.969907397,0.567386091,0.480000000,32,31,29,2,0,0,2,2,0.935483871,0,0,0,0
1125.046061277,400.811756036,0.165768032,0.969907397,0.567386091,0.480000000,32,31,29,2,0,0,2,2,0.935483871,0,0,0,0
1126.042303085,401.161413553,0.165768032,0.969907397,0.567386091,0.480000000,32,31,29,2,0,0,2,2,0.935483871,0,0,0,0
1127.046010256,401.504392031,0.165768032,0.969907397,0.567386091,0.480000000,32,31,29,2,0,0,2,2,0.935483871,0,0,0,0
1128.048154593,401.853262009,0.165780559,0.969907397,0.567386091,0.480000000,32,31,29,2,0,0,2,2,0.935483871,0,0,0,0
1129.043606758,402.203339337,0.165791834,0.969902755,0.567386091,0.480000000,32,31,29,2,0,0,2,2,0.935483871,0,0,0,0
1130.044513464,402.553338125,0.165850713,0.969977023,0.567386091,0.480000000,32,31,29,2,0,0,2,2,0.935483871,0,0,0,0
1131.046238899,402.902594163,0.165851966,0.969977023,0.567386091,0.480000000,32,31,29,2,0,0,2,2,0.935483871,0,0,0,0
1132.043341875,403.252502512,0.165854471,0.969977023,0.567386091,0.480000000,32,31,29,2,0,0,2,2,0.935483871,0,0,0,0
1133.048509598,403.595413354,0.165860735,0.969977023,0.567386091,0.480000000,32,31,29,2,0,0,2,2,0.935483871,0,0,0,0
1134.041225910,403.938132302,0.165924625,0.970032724,0.567386091,0.480000000,32,31,29,2,0,0,2,2,0.935483871,0,0,0,0
1135.042765379,404.288048568,0.165924625,0.970032724,0.567386091,0.480000000,32,31,29,2,0,0,2,2,0.935483871,0,0,0,0
1136.045037508,404.631023156,0.165924625,0.970032724,0.567386091,0.480000000,32,31,29,2,0,0,2,2,0.935483871,0,0,0,0
1137.041102171,404.980931092,0.165924625,0.970032724,0.567386091,0.480000000,32,31,29,2,0,0,2,2,0.935483871,0,0,0,0
1138.041324377,405.330931075,0.165927130,0.970032724,0.567386091,0.480000000,32,31,29,2,0,0,2,2,0.935483871,0,0,0,0
1139.041027784,405.678773641,0.165927130,0.970032724,0.567386091,0.480000000,32,31,29,2,0,0,2,2,0.935483871,0,0,0,0
1140.043175459,406.026956375,0.165927130,0.970032724,0.567386091,0.480000000,32,31,29,2,0,0,2,2,0.935483871,0,0,0,0
1141.042133093,406.376130454,0.165927130,0.970032724,0.567386091,0.480000000,32,31,29,2,0,0,2,2,0.935483871,0,0,0,0
1142.042561293,406.726129967,0.165927130,0.970032724,0.567386091,0.480000000,32,31,29,2,0,0,2,2,0.935483871,0,0,0,0
1143.041250706,407.075598706,0.165927130,0.970032724,0.567386091,0.480000000,32,31,29,2,0,0,2,2,0.935483871,0,0,0,0
1144.044404030,407.417708201,0.165927130,0.970032724,0.567386091,0.480000000,32,31,29,2,0,0,2,2,0.935483871,0,0,0,0
1145.041662931,407.767329074,0.165927130,0.970032724,0.567386091,0.480000000,32,31,29,2,0,0,2,2,0.935483871,0,0,0,0
1146.042477846,408.117330229,0.165928383,0.970032724,0.567386091,0.480000000,32,31,29,2,0,0,2,2,0.935483871,0,0,0,0
1147.043218136,408.467202894,0.165937152,0.970032724,0.567386091,0.480000000,32,31,29,2,0,0,2,2,0.935483871,0,0,0,0
1148.043323755,408.817202892,0.165937152,0.970032724,0.567386091,0.480000000,32,31,29,2,0,0,2,2,0.935483871,0,0,0,0
1149.043668509,409.159944946,0.165937152,0.970032724,0.567386091,0.480000000,32,31,29,2,0,0,2,2,0.935483871,0,0,0,0
1150.042342663,409.509001223,0.165944669,0.970032724,0.567386091,0.480000000,32,31,29,2,0,0,2,2,0.935483871,0,0,0,0
1151.045519352,409.859003115,0.165953438,0.970032724,0.567386091,0.480000000,32,31,29,2,0,0,2,2,0.935483871,0,0,0,0
1152.049991608,410.196177857,0.165957196,0.970032724,0.567386091,0.480000000,32,31,29,2,0,0,2,2,0.935483871,0,0,0,0
1153.048834324,410.398169361,0.165963460,0.970032724,0.567386091,0.480000000,32,31,29,2,0,0,2,2,0.935483871,0,0,0,0
1154.044673204,410.456365143,0.165967218,0.970032724,0.567386091,0.480000000,32,31,29,2,0,0,2,2,0.935483871,0,0,0,0
1155.045213938,410.707866060,0.165967218,0.970032724,0.567386091,0.480000000,32,31,29,2,0,0,2,2,0.935483871,0,0,0,0
1156.041065693,411.176236258,0.165970976,0.970032724,0.567386091,0.480000000,32,31,29,2,0,0,2,2,0.935483871,0,0,0,0
1157.041310549,411.533832560,0.165974735,0.970032724,0.567386091,0.480000000,32,31,29,2,0,0,2,2,0.935483871,0,0,0,0
1158.040975332,411.771486641,0.165974735,0.970032724,0.567386091,0.480000000,32,31,29,2,0,0,2,2,0.935483871,0,0,0,0
1159.040714025,411.960436857,0.165974735,0.970032724,0.567386091,0.480000000,32,32,30,2,0,0,2,2,0.937500000,0,0,0,0
1164.182003021,411.988833030,0.165974735,0.970032724,0.573044479,0.490000000,33,32,30,2,0,0,2,2,0.937500000,0,0,0,0
1165.041349173,412.164487633,0.165974735,0.970032724,0.573044479,0.490000000,33,32,30,2,0,0,2,2,0.937500000,0,0,0,0
1166.040696383,412.409791765,0.165974735,0.970032724,0.573044479,0.490000000,33,32,30,2,0,0,2,2,0.937500000,0,0,0,0
1167.040660381,412.535784017,0.165974735,0.970032724,0.573044479,0.490000000,33,32,30,2,0,0,2,2,0.937500000,0,0,0,0
1168.040946007,412.562599646,0.165974735,0.970032724,0.573044479,0.490000000,33,32,30,2,0,0,2,2,0.937500000,0,0,0,0
1169.044783354,412.691974863,0.165974735,0.970032724,0.573044479,0.490000000,33,32,30,2,0,0,2,2,0.937500000,0,0,0,0
1170.041926146,413.099193910,0.165975987,0.970032724,0.573044479,0.490000000,33,32,30,2,0,0,2,2,0.937500000,0,0,0,0
1171.043120384,413.580014904,0.165975987,0.970032724,0.573044479,0.490000000,33,32,30,2,0,0,2,2,0.937500000,0,0,0,0
1172.044389486,414.069145569,0.165977240,0.970032724,0.573044479,0.490000000,33,32,30,2,0,0,2,2,0.937500000,0,0,0,0
1173.041292906,414.558704438,0.165978493,0.970032724,0.573044479,0.490000000,33,32,30,2,0,0,2,2,0.937500000,0,0,0,0
1174.043355227,415.058579216,0.165979746,0.970032724,0.573044479,0.490000000,33,32,30,2,0,0,2,2,0.937500000,0,0,0,0
1175.041339397,415.558573603,0.165979746,0.970032724,0.573044479,0.490000000,33,32,30,2,0,0,2,2,0.937500000,0,0,0,0
1176.042555094,416.058296561,0.165988515,0.970032724,0.573044479,0.490000000,33,32,30,2,0,0,2,2,0.937500000,0,0,0,0
1177.041119576,416.557322313,0.165996031,0.970032724,0.573044479,0.490000000,33,32,30,2,0,0,2,2,0.937500000,0,0,0,0
1178.042693853,417.056610968,0.166034866,0.970032724,0.573044479,0.490000000,33,32,30,2,0,0,2,2,0.937500000,0,0,0,0
1179.042241573,417.546185940,0.166077460,0.970032724,0.573044479,0.490000000,33,32,30,2,0,0,2,2,0.937500000,0,0,0,0
1180.041004181,418.045391157,0.166171415,0.970032724,0.573044479,0.490000000,33,32,30,2,0,0,2,2,0.937500000,0,0,0,0
1181.045453310,418.488765223,0.166276646,0.970032724,0.573044479,0.490000000,33,32,30,2,0,0,2,2,0.937500000,0,0,0,0
1182.045434713,418.794394934,0.166295437,0.970032724,0.573044479,0.490000000,33,32,30,2,0,0,2,2,0.937500000,0,0,0,0
1183.043741703,419.030853245,0.166295437,0.970032724,0.573044479,0.490000000,33,32,30,2,0,0,2,2,0.937500000,0,0,0,0
1188.175439358,419.170893161,0.166295437,0.970032724,0.575864052,0.490000000,34,33,31,2,0,0,2,2,0.939393939,0,0,0,0
1189.044985056,419.391720268,0.166295437,0.970032724,0.575864052,0.490000000,34,33,31,2,0,0,2,2,0.939393939,0,0,0,0
1190.041272163,419.720305259,0.166295437,0.970032724,0.575864052,0.490000000,34,33,31,2,0,0,2,2,0.939393939,0,0,0,0
1191.041746140,419.903979786,0.166295437,0.970032724,0.575864052,0.490000000,34,33,31,2,0,0,2,2,0.939393939,0,0,0,0
1192.046598434,419.979874547,0.166295437,0.970032724,0.575864052,0.490000000,34,33,31,2,0,0,2,2,0.939393939,0,0,0,0
1193.040716648,420.438576811,0.166297942,0.970032724,0.575864052,0.490000000,34,33,31,2,0,0,2,2,0.939393939,0,0,0,0
1194.044429302,420.937588137,0.166297942,0.970032724,0.575864052,0.490000000,34,33,31,2,0,0,2,2,0.939393939,0,0,0,0
1195.043531179,421.437141058,0.166301701,0.970032724,0.575864052,0.490000000,34,33,31,2,0,0,2,2,0.939393939,0,0,0,0
1196.043740273,421.936832726,0.166302953,0.970032724,0.575864052,0.490000000,34,33,31,2,0,0,2,2,0.939393939,0,0,0,0
1197.041662931,422.436375688,0.166304206,0.970032724,0.575864052,0.490000000,34,33,31,2,0,0,2,2,0.939393939,0,0,0,0
1198.045019388,422.936300412,0.166304206,0.970032724,0.575864052,0.490000000,34,33,31,2,0,0,2,2,0.939393939,0,0,0,0
1199.042352676,423.426223014,0.166305459,0.970032724,0.575864052,0.490000000,34,33,31,2,0,0,2,2,0.939393939,0,0,0,0
1200.047946215,423.926166224,0.166305459,0.970032724,0.575864052,0.490000000,34,33,31,2,0,0,2,2,0.939393939,0,0,0,0
1201.047349930,424.425886156,0.166305459,0.970032724,0.575864052,0.490000000,34,33,31,2,0,0,2,2,0.939393939,0,0,0,0
1202.048588514,424.915722433,0.166305459,0.970032724,0.575864052,0.490000000,34,33,31,2,0,0,2,2,0.939393939,0,0,0,0
1203.045526981,425.413448661,0.166305459,0.970032724,0.575864052,0.490000000,34,33,31,2,0,0,2,2,0.939393939,0,0,0,0
1204.044991493,425.913275031,0.166305459,0.970032724,0.575864052,0.490000000,34,33,31,2,0,0,2,2,0.939393939,0,0,0,0
1205.044637918,426.412709281,0.166305459,0.970032724,0.575864052,0.490000000,34,33,31,2,0,0,2,2,0.939393939,0,0,0,0
1206.041665077,426.911916693,0.166305459,0.970032724,0.575864052,0.490000000,34,33,31,2,0,0,2,2,0.939393939,0,0,0,0
1207.041111946,427.411915348,0.166305459,0.970032724,0.575864052,0.490000000,34,33,31,2,0,0,2,2,0.939393939,0,0,0,0
1208.043854237,427.898568490,0.166305459,0.970032724,0.575864052,0.490000000,34,33,31,2,0,0,2,2,0.939393939,0,0,0,0
1209.044460773,428.397449092,0.166305459,0.970032724,0.575864052,0.490000000,34,33,31,2,0,0,2,2,0.939393939,0,0,0,0
1210.041131258,428.895671760,0.166305459,0.970032724,0.575864052,0.490000000,34,33,31,2,0,0,2,2,0.939393939,0,0,0,0
1211.045339823,429.395661421,0.166306712,0.970032724,0.575864052,0.490000000,34,33,31,2,0,0,2,2,0.939393939,0,0,0,0
1212.043637753,429.895661098,0.166307964,0.970032724,0.575864052,0.490000000,34,33,31,2,0,0,2,2,0.939393939,0,0,0,0
1213.041634560,430.395643046,0.166307964,0.970032724,0.575864052,0.490000000,34,33,31,2,0,0,2,2,0.939393939,0,0,0,0
1214.041602850,430.885469374,0.166307964,0.970032724,0.575864052,0.490000000,34,33,31,2,0,0,2,2,0.939393939,0,0,0,0
1215.042466640,431.385324206,0.166309217,0.970032724,0.575864052,0.490000000,34,33,31,2,0,0,2,2,0.939393939,0,0,0,0
1216.040940285,431.883207445,0.166311723,0.970032724,0.575864052,0.490000000,34,33,31,2,0,0,2,2,0.939393939,0,0,0,0
1217.042078972,432.381734304,0.166301701,0.970032724,0.575864052,0.490000000,34,33,31,2,0,0,2,2,0.939393939,0,0,0,0
1218.044152498,432.876066479,0.166307964,0.970032724,0.575864052,0.490000000,34,33,31,2,0,0,2,2,0.939393939,0,0,0,0
1219.043450356,433.374810233,0.166307964,0.970032724,0.575864052,0.490000000,34,33,31,2,0,0,2,2,0.939393939,0,0,0,0
1220.044322729,433.874147179,0.166307964,0.970032724,0.575864052,0.490000000,34,33,31,2,0,0,2,2,0.939393939,0,0,0,0
1221.041123629,434.373280415,0.166307964,0.970032724,0.575864052,0.490000000,34,33,31,2,0,0,2,2,0.939393939,0,0,0,0
1222.045058966,434.853026391,0.166324250,0.970065217,0.575864052,0.490000000,34,33,31,2,0,0,2,2,0.939393939,0,0,0,0
1223.041656733,435.351180105,0.166324250,0.970065217,0.575864052,0.490000000,34,33,31,2,0,0,2,2,0.939393939,0,0,0,0
1224.043878794,435.849676686,0.166324250,0.970065217,0.575864052,0.490000000,34,33,31,2,0,0,2,2,0.939393939,0,0,0,0
1225.044514418,436.339639347,0.166324250,0.970065217,0.575864052,0.490000000,34,33,31,2,0,0,2,2,0.939393939,0,0,0,0
1226.044062614,436.838574204,0.166334272,0.969944531,0.575864052,0.490000000,34,33,31,2,0,0,2,2,0.939393939,0,0,0,0
1227.042653084,437.336754439,0.166334272,0.969944531,0.575864052,0.490000000,34,33,31,2,0,0,2,2,0.939393939,0,0,0,0
1228.045319796,437.828386347,0.166334272,0.969944531,0.575864052,0.490000000,34,33,31,2,0,0,2,2,0.939393939,0,0,0,0
1229.041737318,438.325443748,0.166334272,0.969944531,0.575864052,0.490000000,34,33,31,2,0,0,2,2,0.939393939,0,0,0,0
1230.044400215,438.823396988,0.166346799,0.969944531,0.575864052,0.490000000,34,33,31,2,0,0,2,2,0.939393939,0,0,0,0
1231.044848442,439.322080364,0.166346799,0.969944531,0.575864052,0.490000000,34,33,31,2,0,0,2,2,0.939393939,0,0,0,0
1232.043880224,439.822079732,0.166346799,0.969944531,0.575864052,0.490000000,34,33,31,2,0,0,2,2,0.939393939,0,0,0,0
1233.045103073,440.322007982,0.166346799,0.969944531,0.575864052,0.490000000,34,33,31,2,0,0,2,2,0.939393939,0,0,0,0
1234.042427301,440.821700951,0.166354316,0.969944531,0.575864052,0.490000000,34,33,31,2,0,0,2,2,0.939393939,0,0,0,0
1235.042711735,441.321458342,0.166354316,0.969944531,0.575864052,0.490000000,34,33,31,2,0,0,2,2,0.939393939,0,0,0,0
1236.045103788,441.821341979,0.166354316,0.969944531,0.575864052,0.490000000,34,33,31,2,0,0,2,2,0.939393939,0,0,0,0
1237.041044474,442.321163506,0.166354316,0.969944531,0.575864052,0.490000000,34,33,31,2,0,0,2,2,0.939393939,0,0,0,0
1238.042388678,442.821120818,0.166354316,0.969944531,0.575864052,0.490000000,34,33,31,2,0,0,2,2,0.939393939,0,0,0,0
1239.042497873,443.320896508,0.166354316,0.969944531,0.575864052,0.490000000,34,33,31,2,0,0,2,2,0.939393939,0,0,0,0
1240.046523571,443.820758799,0.166354316,0.969944531,0.575864052,0.490000000,34,33,31,2,0,0,2,2,0.939393939,0,0,0,0
1241.043175697,444.320667425,0.166354316,0.969944531,0.575864052,0.490000000,34,33,31,2,0,0,2,2,0.939393939,0,0,0,0
1242.046334982,444.820112094,0.166354316,0.969944531,0.575864052,0.490000000,34,33,31,2,0,0,2,2,0.939393939,0,0,0,0
1243.043144464,445.319626569,0.166354316,0.969944531,0.575864052,0.490000000,34,33,31,2,0,0,2,2,0.939393939,0,0,0,0
1244.047185898,445.819351624,0.166354316,0.969944531,0.575864052,0.490000000,34,33,31,2,0,0,2,2,0.939393939,0,0,0,0
1245.046559334,446.308971154,0.166360580,0.969981665,0.575864052,0.490000000,34,33,31,2,0,0,2,2,0.939393939,0,0,0,0
1246.042120695,446.808971042,0.166360580,0.969981665,0.575864052,0.490000000,34,33,31,2,0,0,2,2,0.939393939,0,0,0,0
1247.044054508,447.308772322,0.166360580,0.969981665,0.575864052,0.490000000,34,33,31,2,0,0,2,2,0.939393939,0,0,0,0
1248.043267012,447.808445447,0.166360580,0.969981665,0.575864052,0.490000000,34,33,31,2,0,0,2,2,0.939393939,0,0,0,0
1249.041985035,448.308385387,0.166360580,0.969981665,0.575864052,0.490000000,34,33,31,2,0,0,2,2,0.939393939,0,0,0,0
1250.041337013,448.806705309,0.166360580,0.969981665,0.575864052,0.490000000,34,33,31,2,0,0,2,2,0.939393939,0,0,0,0
1251.042058706,449.303787182,0.166371854,0.969963098,0.575864052,0.490000000,34,33,31,2,0,0,2,2,0.939393939,0,0,0,0
1252.045706749,449.802193086,0.166371854,0.969963098,0.575864052,0.490000000,34,33,31,2,0,0,2,2,0.939393939,0,0,0,0
1253.043398619,450.300101989,0.166371854,0.969963098,0.575864052,0.490000000,34,33,31,2,0,0,2,2,0.939393939,0,0,0,0
1254.042081356,450.798612812,0.166371854,0.969963098,0.575864052,0.490000000,34,33,31,2,0,0,2,2,0.939393939,0,0,0,0
1255.041249752,451.296914435,0.166371854,0.969963098,0.575864052,0.490000000,34,33,31,2,0,0,2,2,0.939393939,0,0,0,0
1256.041539431,451.795103107,0.166371854,0.969963098,0.575864052,0.490000000,34,33,31,2,0,0,2,2,0.939393939,0,0,0,0
1257.042598248,452.293772953,0.166371854,0.969963098,0.575864052,0.490000000,34,33,31,2,0,0,2,2,0.939393939,0,0,0,0
1258.040603161,452.793772444,0.166371854,0.969963098,0.575864052,0.490000000,34,33,31,2,0,0,2,2,0.939393939,0,0,0,0
1259.044946671,453.283640284,0.166356821,0.970018799,0.575864052,0.490000000,34,33,31,2,0,0,2,2,0.939393939,0,0,0,0
1260.045537710,453.774784065,0.166356821,0.970018799,0.575864052,0.490000000,34,33,31,2,0,0,2,2,0.939393939,0,0,0,0
1261.046849251,454.274402397,0.166356821,0.970018799,0.575864052,0.490000000,34,33,31,2,0,0,2,2,0.939393939,0,0,0,0
1262.048824310,454.771063304,0.166368096,0.970037366,0.575864052,0.490000000,34,33,31,2,0,0,2,2,0.939393939,0,0,0,0
1263.044935942,455.259090771,0.166344294,0.970120918,0.575864052,0.490000000,34,33,31,2,0,0,2,2,0.939393939,0,0,0,0
1264.045411110,455.757719542,0.166385635,0.970733632,0.575864052,0.490000000,34,33,31,2,0,0,2,2,0.939393939,0,0,0,0
1265.043340683,456.253585860,0.166485854,0.972135447,0.575864052,0.490000000,34,33,31,2,0,0,2,2,0.939393939,0,0,0,0
1266.042819500,456.751585362,0.166653722,0.974122125,0.575864052,0.490000000,34,33,31,2,0,0,2,2,0.939393939,0,0,0,0
1267.045406818,457.250242726,0.166767721,0.975338269,0.575864052,0.490000000,34,33,31,2,0,0,2,2,0.939393939,0,0,0,0
1268.041662931,457.748181197,0.166826600,0.975923132,0.575864052,0.490000000,34,33,31,2,0,0,2,2,0.939393939,0,0,0,0
1269.042051077,458.240810549,0.166847897,0.976183071,0.575864052,0.490000000,34,33,31,2,0,0,2,2,0.939393939,0,0,0,0
1270.042374372,458.726427584,0.166876710,0.976489428,0.575864052,0.490000000,34,33,31,2,0,0,2,2,0.939393939,0,0,0,0
1271.044662476,459.221224318,0.166882974,0.976563697,0.575864052,0.490000000,34,33,31,2,0,0,2,2,0.939393939,0,0,0,0
1272.044517279,459.716488727,0.166886732,0.976600831,0.575864052,0.490000000,34,33,31,2,0,0,2,2,0.939393939,0,0,0,0
1273.042285204,460.213608233,0.166898007,0.976740084,0.575864052,0.490000000,34,33,31,2,0,0,2,2,0.939393939,0,0,0,0
1274.042105436,460.701406157,0.166898007,0.976740084,0.575864052,0.490000000,34,33,31,2,0,0,2,2,0.939393939,0,0,0,0
1275.042218924,461.196996374,0.166898007,0.976740084,0.575864052,0.490000000,34,33,31,2,0,0,2,2,0.939393939,0,0,0,0
1276.042128325,461.688496218,0.166908029,0.976842203,0.575864052,0.490000000,34,33,31,2,0,0,2,2,0.939393939,0,0,0,0
1277.042016268,462.181781026,0.166915545,0.976944322,0.575864052,0.490000000,34,33,31,2,0,0,2,2,0.939393939,0,0,0,0
1278.044171095,462.679153848,0.166916798,0.976962889,0.575864052,0.490000000,34,33,31,2,0,0,2,2,0.939393939,0,0,0,0
1279.041338205,463.175572547,0.166925567,0.977046441,0.575864052,0.490000000,34,33,31,2,0,0,2,2,0.939393939,0,0,0,0
1280.044138432,463.672509852,0.166936842,0.977208903,0.575864052,0.490000000,34,33,31,2,0,0,2,2,0.939393939,0,0,0,0
1281.045259714,464.169800044,0.166956886,0.977468842,0.575864052,0.490000000,34,33,31,2,0,0,2,2,0.939393939,0,0,0,0
1282.042501450,464.667681774,0.166989457,0.977895885,0.575864052,0.490000000,34,33,31,2,0,0,2,2,0.939393939,0,0,0,0
1283.045149088,465.165231965,0.167058358,0.978814956,0.575864052,0.490000000,34,33,31,2,0,0,2,2,0.939393939,0,0,0,0
1284.041014194,465.655865356,0.167147303,0.979910414,0.575864052,0.490000000,34,33,31,2,0,0,2,2,0.939393939,0,0,0,0
1285.041717052,466.019648289,0.167206182,0.980541695,0.575864052,0.490000000,34,33,31,2,0,0,2,2,0.939393939,0,0,0,0
1286.041808605,466.261989312,0.167222467,0.980560262,0.575864052,0.490000000,34,33,31,2,0,0,2,2,0.939393939,0,0,0,0
1291.232014656,466.314143679,0.167222467,0.980560262,0.571129909,0.490000000,35,34,32,2,0,0,2,2,0.941176471,0,0,0,0
1292.041425228,466.483972279,0.167222467,0.980560262,0.571129909,0.490000000,35,34,32,2,0,0,2,2,0.941176471,0,0,0,0
1293.041285515,466.824049473,0.167222467,0.980560262,0.571129909,0.490000000,35,34,32,2,0,0,2,2,0.941176471,0,0,0,0
1294.042416096,467.173948086,0.167222467,0.980560262,0.571129909,0.490000000,35,34,32,2,0,0,2,2,0.941176471,0,0,0,0
1295.041701555,467.493953462,0.167222467,0.980560262,0.571129909,0.490000000,35,34,32,2,0,0,2,2,0.941176471,0,0,0,0
1296.042222738,467.579595345,0.167222467,0.980560262,0.571129909,0.490000000,35,34,32,2,0,0,2,2,0.941176471,0,0,0,0
1297.043210268,467.759547301,0.167222467,0.980560262,0.571129909,0.490000000,35,34,32,2,0,0,2,2,0.941176471,0,0,0,0
1298.046103716,468.243788980,0.167222467,0.980560262,0.571129909,0.490000000,35,34,32,2,0,0,2,2,0.941176471,0,0,0,0
1299.041115046,468.743372065,0.167222467,0.980560262,0.571129909,0.490000000,35,34,32,2,0,0,2,2,0.941176471,0,0,0,0
1300.042853832,469.242831249,0.167222467,0.980560262,0.571129909,0.490000000,35,34,32,2,0,0,2,2,0.941176471,0,0,0,0
1301.041907310,469.742415840,0.167222467,0.980560262,0.571129909,0.490000000,35,34,32,2,0,0,2,2,0.941176471,0,0,0,0
1302.045784712,470.240843389,0.167222467,0.980560262,0.571129909,0.490000000,35,34,32,2,0,0,2,2,0.941176471,0,0,0,0
1303.043309450,470.740514914,0.167222467,0.980560262,0.571129909,0.490000000,35,34,32,2,0,0,2,2,0.941176471,0,0,0,0
1304.046365738,471.239409195,0.167222467,0.980560262,0.571129909,0.490000000,35,34,32,2,0,0,2,2,0.941176471,0,0,0,0
1305.047620773,471.738033562,0.167222467,0.980560262,0.571129909,0.490000000,35,34,32,2,0,0,2,2,0.941176471,0,0,0,0
1306.041051865,472.237694282,0.167222467,0.980560262,0.571129909,0.490000000,35,34,32,2,0,0,2,2,0.941176471,0,0,0,0
1307.042898417,472.737314609,0.167224973,0.980560262,0.571129909,0.490000000,35,34,32,2,0,0,2,2,0.941176471,0,0,0,0
1308.042693138,473.236579298,0.167226225,0.980560262,0.571129909,0.490000000,35,34,32,2,0,0,2,2,0.941176471,0,0,0,0
1309.044672489,473.736260786,0.167228731,0.980560262,0.571129909,0.490000000,35,34,32,2,0,0,2,2,0.941176471,0,0,0,0
1310.044121027,474.236161169,0.167229984,0.980560262,0.571129909,0.490000000,35,34,32,2,0,0,2,2,0.941176471,0,0,0,0
1311.043775320,474.735813563,0.167231236,0.980560262,0.571129909,0.490000000,35,34,32,2,0,0,2,2,0.941176471,0,0,0,0
1312.043521643,475.224738749,0.167232489,0.980560262,0.571129909,0.490000000,35,34,32,2,0,0,2,2,0.941176471,0,0,0,0
1313.042257071,475.723601610,0.167233742,0.980560262,0.571129909,0.490000000,35,34,32,2,0,0,2,2,0.941176471,0,0,0,0
1314.043515205,476.223051289,0.167237500,0.980560262,0.571129909,0.490000000,35,34,32,2,0,0,2,2,0.941176471,0,0,0,0
1315.045085192,476.722704252,0.167240006,0.980560262,0.571129909,0.490000000,35,34,32,2,0,0,2,2,0.941176471,0,0,0,0
1316.044234753,477.222704189,0.167223720,0.980560262,0.571129909,0.490000000,35,34,32,2,0,0,2,2,0.941176471,0,0,0,0
1317.044601917,477.722632158,0.167224973,0.980560262,0.571129909,0.490000000,35,34,32,2,0,0,2,2,0.941176471,0,0,0,0
1318.041815281,478.221481461,0.167227478,0.980560262,0.571129909,0.490000000,35,34,32,2,0,0,2,2,0.941176471,0,0,0,0
1319.043258905,478.720294183,0.167227478,0.980560262,0.571129909,0.490000000,35,34,32,2,0,0,2,2,0.941176471,0,0,0,0
1320.041121721,479.199185482,0.167228731,0.980578829,0.571129909,0.490000000,35,34,32,2,0,0,2,2,0.941176471,0,0,0,0
1321.041103601,479.697290392,0.167232489,0.980578829,0.571129909,0.490000000,35,34,32,2,0,0,2,2,0.941176471,0,0,0,0
1322.041319370,480.195529048,0.167232489,0.980578829,0.571129909,0.490000000,35,34,32,2,0,0,2,2,0.941176471,0,0,0,0
1323.041854858,480.694263604,0.167232489,0.980578829,0.571129909,0.490000000,35,34,32,2,0,0,2,2,0.941176471,0,0,0,0
1324.045428276,481.182705468,0.167237500,0.980597396,0.571129909,0.490000000,35,34,32,2,0,0,2,2,0.941176471,0,0,0,0
1325.041943789,481.689407237,0.167237500,0.980597396,0.571129909,0.490000000,35,34,32,2,0,0,2,2,0.941176471,0,0,0,0
1326.041198492,482.187851173,0.167237500,0.980597396,0.571129909,0.490000000,35,34,32,2,0,0,2,2,0.941176471,0,0,0,0
1327.043819666,482.686383981,0.167237500,0.980597396,0.571129909,0.490000000,35,34,32,2,0,0,2,2,0.941176471,0,0,0,0
1328.041690350,483.184534251,0.167237500,0.980597396,0.571129909,0.490000000,35,34,32,2,0,0,2,2,0.941176471,0,0,0,0
1329.044384956,483.682710403,0.167227478,0.980597396,0.571129909,0.490000000,35,34,32,2,0,0,2,2,0.941176471,0,0,0,0
1330.043337584,484.181469767,0.167227478,0.980597396,0.571129909,0.490000000,35,34,32,2,0,0,2,2,0.941176471,0,0,0,0
1331.042675972,484.680501382,0.167227478,0.980597396,0.571129909,0.490000000,35,34,32,2,0,0,2,2,0.941176471,0,0,0,0
1332.043914557,485.179205345,0.167227478,0.980597396,0.571129909,0.490000000,35,34,32,2,0,0,2,2,0.941176471,0,0,0,0
1333.042116165,485.677967368,0.167227478,0.980597396,0.571129909,0.490000000,35,34,32,2,0,0,2,2,0.941176471,0,0,0,0
1334.045676947,486.177021911,0.167222467,0.980829485,0.571129909,0.490000000,35,34,32,2,0,0,2,2,0.941176471,0,0,0,0
1335.044142485,486.674818352,0.167222467,0.980829485,0.571129909,0.490000000,35,34,32,2,0,0,2,2,0.941176471,0,0,0,0
1336.042989969,487.173706777,0.167222467,0.980829485,0.571129909,0.490000000,35,34,32,2,0,0,2,2,0.941176471,0,0,0,0
1337.041741610,487.672263551,0.167222467,0.980829485,0.571129909,0.490000000,35,34,32,2,0,0,2,2,0.941176471,0,0,0,0
1338.043535471,488.171712421,0.167222467,0.980829485,0.571129909,0.490000000,35,34,32,2,0,0,2,2,0.941176471,0,0,0,0
1339.043638706,488.660143812,0.167222467,0.980829485,0.571129909,0.490000000,35,34,32,2,0,0,2,2,0.941176471,0,0,0,0
1340.041581392,489.157988586,0.167222467,0.980829485,0.571129909,0.490000000,35,34,32,2,0,0,2,2,0.941176471,0,0,0,0
1341.043129683,489.656110242,0.167222467,0.980829485,0.571129909,0.490000000,35,34,32,2,0,0,2,2,0.941176471,0,0,0,0
1342.042827845,490.154294200,0.167222467,0.980829485,0.571129909,0.490000000,35,34,32,2,0,0,2,2,0.941176471,0,0,0,0
1343.043002367,490.652964650,0.167218709,0.980736649,0.571129909,0.490000000,35,34,32,2,0,0,2,2,0.941176471,0,0,0,0
1344.048090696,491.150989837,0.167218709,0.980736649,0.571129909,0.490000000,35,34,32,2,0,0,2,2,0.941176471,0,0,0,0
1345.046724081,491.650009635,0.167218709,0.980736649,0.571129909,0.490000000,35,34,32,2,0,0,2,2,0.941176471,0,0,0,0
1346.047218084,492.149703668,0.167218709,0.980736649,0.571129909,0.490000000,35,34,32,2,0,0,2,2,0.941176471,0,0,0,0
1347.047276735,492.649248076,0.167227478,0.980792350,0.571129909,0.490000000,35,34,32,2,0,0,2,2,0.941176471,0,0,0,0
1348.043845415,493.148432603,0.167232489,0.980792350,0.571129909,0.490000000,35,34,32,2,0,0,2,2,0.941176471,0,0,0,0
1349.044738293,493.647167798,0.167234995,0.980792350,0.571129909,0.490000000,35,34,32,2,0,0,2,2,0.941176471,0,0,0,0
1350.047544479,494.146370804,0.167234995,0.980792350,0.571129909,0.490000000,35,34,32,2,0,0,2,2,0.941176471,0,0,0,0
1351.046876192,494.641392112,0.167234995,0.980792350,0.571129909,0.490000000,35,34,32,2,0,0,2,2,0.941176471,0,0,0,0
1352.045671940,495.139326034,0.167234995,0.980792350,0.571129909,0.490000000,35,34,32,2,0,0,2,2,0.941176471,0,0,0,0
1353.045475006,495.639270601,0.167293874,0.981544317,0.571129909,0.490000000,35,34,32,2,0,0,2,2,0.941176471,0,0,0,0
1354.047741175,496.139270211,0.167797476,0.988093857,0.571129909,0.490000000,35,34,32,2,0,0,2,2,0.941176471,0,0,0,0
1355.047543287,496.638925993,0.168109410,0.991551976,0.571129909,0.490000000,35,34,32,2,0,0,2,2,0.941176471,0,0,0,0
1356.046255112,497.064219679,0.168110662,0.991551976,0.571129909,0.490000000,35,34,32,2,0,0,2,2,0.941176471,0,0,0,0
1357.047777891,497.365673154,0.168110662,0.991551976,0.571129909,0.490000000,35,34,32,2,0,0,2,2,0.941176471,0,0,0,0
1362.163374424,497.588271793,0.168110662,0.991551976,0.582360738,0.490000000,36,35,33,2,0,0,2,2,0.942857143,0,0,0,0
1363.044151545,497.805822125,0.168110662,0.991551976,0.582360738,0.490000000,36,35,33,2,0,0,2,2,0.942857143,0,0,0,0
1364.043333292,498.155723527,0.168110662,0.991551976,0.582360738,0.490000000,36,35,33,2,0,0,2,2,0.942857143,0,0,0,0
1365.045123816,498.503155758,0.168110662,0.991551976,0.582360738,0.490000000,36,35,33,2,0,0,2,2,0.942857143,0,0,0,0
1366.042483091,498.809175794,0.168110662,0.991551976,0.582360738,0.490000000,36,35,33,2,0,0,2,2,0.942857143,0,0,0,0
1367.044667482,498.913034734,0.168110662,0.991551976,0.582360738,0.490000000,36,35,33,2,0,0,2,2,0.942857143,0,0,0,0
1368.042394876,499.107288256,0.168110662,0.991551976,0.582360738,0.490000000,36,35,33,2,0,0,2,2,0.942857143,0,0,0,0
1369.044130802,499.607191761,0.168110662,0.991551976,0.582360738,0.490000000,36,35,33,2,0,0,2,2,0.942857143,0,0,0,0
1370.042612076,500.106460404,0.168110662,0.991551976,0.582360738,0.490000000,36,35,33,2,0,0,2,2,0.942857143,0,0,0,0
1371.042165518,500.605399607,0.168110662,0.991551976,0.582360738,0.490000000,36,35,33,2,0,0,2,2,0.942857143,0,0,0,0
1372.045890570,501.104228252,0.168110662,0.991551976,0.582360738,0.490000000,36,35,33,2,0,0,2,2,0.942857143,0,0,0,0
1373.044100523,501.604186673,0.168110662,0.991551976,0.582360738,0.490000000,36,35,33,2,0,0,2,2,0.942857143,0,0,0,0
1374.044585705,502.103990492,0.168110662,0.991551976,0.582360738,0.490000000,36,35,33,2,0,0,2,2,0.942857143,0,0,0,0
1375.043310165,502.603588984,0.168110662,0.991551976,0.582360738,0.490000000,36,35,33,2,0,0,2,2,0.942857143,0,0,0,0
1376.043290138,503.099388433,0.168110662,0.991551976,0.582360738,0.490000000,36,35,33,2,0,0,2,2,0.942857143,0,0,0,0
1377.045231819,503.597830783,0.168110662,0.991551976,0.582360738,0.490000000,36,35,33,2,0,0,2,2,0.942857143,0,0,0,0
1378.046433210,504.097073120,0.168110662,0.991551976,0.582360738,0.490000000,36,35,33,2,0,0,2,2,0.942857143,0,0,0,0
1379.041030169,504.596604306,0.168110662,0.991551976,0.582360738,0.490000000,36,35,33,2,0,0,2,2,0.942857143,0,0,0,0
1380.044971943,505.095852470,0.168113168,0.991551976,0.582360738,0.490000000,36,35,33,2,0,0,2,2,0.942857143,0,0,0,0
1381.042492628,505.595491264,0.168113168,0.991551976,0.582360738,0.490000000,36,35,33,2,0,0,2,2,0.942857143,0,0,0,0
1382.044908285,506.094990083,0.168113168,0.991551976,0.582360738,0.490000000,36,35,33,2,0,0,2,2,0.942857143,0,0,0,0
1383.043633223,506.593431336,0.168113168,0.991551976,0.582360738,0.490000000,36,35,33,2,0,0,2,2,0.942857143,0,0,0,0
1384.043743849,507.092155556,0.168113168,0.991551976,0.582360738,0.490000000,36,35,33,2,0,0,2,2,0.942857143,0,0,0,0
1385.045904160,507.590499125,0.168113168,0.991551976,0.582360738,0.490000000,36,35,33,2,0,0,2,2,0.942857143,0,0,0,0
1386.043373346,508.088421610,0.168113168,0.991551976,0.582360738,0.490000000,36,35,33,2,0,0,2,2,0.942857143,0,0,0,0
1387.045015097,508.588379164,0.168101893,0.991533409,0.582360738,0.490000000,36,35,33,2,0,0,2,2,0.942857143,0,0,0,0
1388.044733763,509.086917778,0.168111915,0.991533409,0.582360738,0.490000000,36,35,33,2,0,0,2,2,0.942857143,0,0,0,0
1389.045001030,509.585916213,0.168111915,0.991533409,0.582360738,0.490000000,36,35,33,2,0,0,2,2,0.942857143,0,0,0,0
1390.043562889,510.084330903,0.168111915,0.991533409,0.582360738,0.490000000,36,35,33,2,0,0,2,2,0.942857143,0,0,0,0
1391.041402102,510.584206748,0.168111915,0.991533409,0.582360738,0.490000000,36,35,33,2,0,0,2,2,0.942857143,0,0,0,0
1392.042218685,511.082257303,0.168111915,0.991533409,0.582360738,0.490000000,36,35,33,2,0,0,2,2,0.942857143,0,0,0,0
1393.040733337,511.581366840,0.168111915,0.991533409,0.582360738,0.490000000,36,35,33,2,0,0,2,2,0.942857143,0,0,0,0
1394.045255661,512.079666880,0.168111915,0.991533409,0.582360738,0.490000000,36,35,33,2,0,0,2,2,0.942857143,0,0,0,0
1395.045324564,512.577654982,0.168111915,0.991533409,0.582360738,0.490000000,36,35,33,2,0,0,2,2,0.942857143,0,0,0,0
1396.042438507,513.075327999,0.168111915,0.991533409,0.582360738,0.490000000,36,35,33,2,0,0,2,2,0.942857143,0,0,0,0
1397.046086311,513.573316887,0.168111915,0.991533409,0.582360738,0.490000000,36,35,33,2,0,0,2,2,0.942857143,0,0,0,0
1398.042133808,514.072719198,0.168111915,0.991533409,0.582360738,0.490000000,36,35,33,2,0,0,2,2,0.942857143,0,0,0,0
1399.046025038,514.572215960,0.168111915,0.991533409,0.582360738,0.490000000,36,35,33,2,0,0,2,2,0.942857143,0,0,0,0
1400.041807175,515.061901728,0.168105651,0.991468424,0.582360738,0.490000000,36,35,33,2,0,0,2,2,0.942857143,0,0,0,0
1401.047778845,515.561165105,0.168105651,0.991468424,0.582360738,0.490000000,36,35,33,2,0,0,2,2,0.942857143,0,0,0,0
1402.044512987,516.060774924,0.168105651,0.991468424,0.582360738,0.490000000,36,35,33,2,0,0,2,2,0.942857143,0,0,0,0
1403.044832945,516.559325980,0.168105651,0.991468424,0.582360738,0.490000000,36,35,33,2,0,0,2,2,0.942857143,0,0,0,0
1404.041337967,517.057294078,0.168105651,0.991468424,0.582360738,0.490000000,36,35,33,2,0,0,2,2,0.942857143,0,0,0,0
1405.043575048,517.556980472,0.168105651,0.991468424,0.582360738,0.490000000,36,35,33,2,0,0,2,2,0.942857143,0,0,0,0
1406.044004679,518.054197817,0.168106904,0.991468424,0.582360738,0.490000000,36,35,33,2,0,0,2,2,0.942857143,0,0,0,0
1407.045556784,518.551515871,0.168108157,0.991468424,0.582360738,0.490000000,36,35,33,2,0,0,2,2,0.942857143,0,0,0,0
1408.042918205,519.049920382,0.168108157,0.991468424,0.582360738,0.490000000,36,35,33,2,0,0,2,2,0.942857143,0,0,0,0
1409.047281742,519.548675199,0.168109410,0.991468424,0.582360738,0.490000000,36,35,33,2,0,0,2,2,0.942857143,0,0,0,0
1410.044408321,520.047359683,0.168111915,0.991468424,0.582360738,0.490000000,36,35,33,2,0,0,2,2,0.942857143,0,0,0,0
1411.043912172,520.544844482,0.168111915,0.991468424,0.582360738,0.490000000,36,35,33,2,0,0,2,2,0.942857143,0,0,0,0
1412.043998003,521.043104251,0.168115673,0.991468424,0.582360738,0.490000000,36,35,33,2,0,0,2,2,0.942857143,0,0,0,0
1413.041172743,521.542676568,0.168124443,0.991468424,0.582360738,0.490000000,36,35,33,2,0,0,2,2,0.942857143,0,0,0,0
1414.044564962,522.042546891,0.168140728,0.991468424,0.582360738,0.490000000,36,35,33,2,0,0,2,2,0.942857143,0,0,0,0
1415.043502808,522.541163452,0.168154508,0.991468424,0.582360738,0.490000000,36,35,33,2,0,0,2,2,0.942857143,0,0,0,0
1416.041723967,523.040425376,0.168174552,0.991468424,0.582360738,0.490000000,36,35,33,2,0,0,2,2,0.942857143,0,0,0,0
1417.042903662,523.539231504,0.168184574,0.991468424,0.582360738,0.490000000,36,35,33,2,0,0,2,2,0.942857143,0,0,0,0
1418.044109821,524.037814483,0.168184574,0.991468424,0.582360738,0.490000000,36,35,33,2,0,0,2,2,0.942857143,0,0,0,0
1419.042502165,524.537028567,0.168184574,0.991468424,0.582360738,0.490000000,36,35,33,2,0,0,2,2,0.942857143,0,0,0,0
1420.040809155,525.035970668,0.168184574,0.991468424,0.582360738,0.490000000,36,35,33,2,0,0,2,2,0.942857143,0,0,0,0
1421.041624546,525.535553815,0.168184574,0.991468424,0.582360738,0.490000000,36,35,33,2,0,0,2,2,0.942857143,0,0,0,0
1422.042154551,526.034180794,0.168184574,0.991468424,0.582360738,0.490000000,36,35,33,2,0,0,2,2,0.942857143,0,0,0,0
1423.043924809,526.531792619,0.168184574,0.991468424,0.582360738,0.490000000,36,35,33,2,0,0,2,2,0.942857143,0,0,0,0
1424.044499874,527.030725942,0.168184574,0.991468424,0.582360738,0.490000000,36,35,33,2,0,0,2,2,0.942857143,0,0,0,0
1425.041485071,527.530289174,0.168184574,0.991468424,0.582360738,0.490000000,36,35,33,2,0,0,2,2,0.942857143,0,0,0,0
1426.040953398,528.029500354,0.168184574,0.991468424,0.582360738,0.490000000,36,35,33,2,0,0,2,2,0.942857143,0,0,0,0
1427.042363405,528.528651983,0.168184574,0.991468424,0.582360738,0.490000000,36,35,33,2,0,0,2,2,0.942857143,0,0,0,0
1428.043069839,529.027738376,0.168184574,0.991468424,0.582360738,0.490000000,36,35,33,2,0,0,2,2,0.942857143,0,0,0,0
1429.045079231,529.526937574,0.168184574,0.991468424,0.582360738,0.490000000,36,35,33,2,0,0,2,2,0.942857143,0,0,0,0
1430.042262554,530.024774731,0.168184574,0.991468424,0.582360738,0.490000000,36,35,33,2,0,0,2,2,0.942857143,0,0,0,0
1431.044154644,530.522976116,0.168184574,0.991468424,0.582360738,0.490000000,36,35,33,2,0,0,2,2,0.942857143,0,0,0,0
1432.041981459,531.020905944,0.168184574,0.991468424,0.582360738,0.490000000,36,35,33,2,0,0,2,2,0.942857143,0,0,0,0
1433.041836977,531.519082934,0.168184574,0.991468424,0.582360738,0.490000000,36,35,33,2,0,0,2,2,0.942857143,0,0,0,0
1434.041456699,532.018855847,0.168184574,0.991468424,0.582360738,0.490000000,36,35,33,2,0,0,2,2,0.942857143,0,0,0,0
1435.043290377,532.517604800,0.168189585,0.991468424,0.582360738,0.490000000,36,35,33,2,0,0,2,2,0.942857143,0,0,0,0
1436.046277046,533.017354623,0.168189585,0.991468424,0.582360738,0.490000000,36,35,33,2,0,0,2,2,0.942857143,0,0,0,0
1437.044932365,533.516917565,0.168192091,0.991486991,0.582360738,0.490000000,36,35,33,2,0,0,2,2,0.942857143,0,0,0,0
1438.042389154,534.016861884,0.168192091,0.991486991,0.582360738,0.490000000,36,35,33,2,0,0,2,2,0.942857143,0,0,0,0
1439.042349339,534.516525366,0.168192091,0.991486991,0.582360738,0.490000000,36,35,33,2,0,0,2,2,0.942857143,0,0,0,0
1440.046080828,535.016525176,0.168192091,0.991486991,0.582360738,0.490000000,36,35,33,2,0,0,2,2,0.942857143,0,0,0,0
1441.040750265,535.516524378,0.168192091,0.991486991,0.582360738,0.490000000,36,35,33,2,0,0,2,2,0.942857143,0,0,0,0
1442.042802572,536.016418812,0.168205871,0.991468424,0.582360738,0.490000000,36,35,33,2,0,0,2,2,0.942857143,0,0,0,0
1443.042959690,536.516403745,0.168205871,0.991468424,0.582360738,0.490000000,36,35,33,2,0,0,2,2,0.942857143,0,0,0,0
1444.042577744,537.016400397,0.168205871,0.991468424,0.582360738,0.490000000,36,35,33,2,0,0,2,2,0.942857143,0,0,0,0
1445.042480946,537.516222874,0.168208376,0.991468424,0.582360738,0.490000000,36,35,33,2,0,0,2,2,0.942857143,0,0,0,0
1446.042651176,538.016135510,0.168208376,0.991468424,0.582360738,0.490000000,36,35,33,2,0,0,2,2,0.942857143,0,0,0,0
1447.043792725,538.516077371,0.168208376,0.991468424,0.582360738,0.490000000,36,35,33,2,0,0,2,2,0.942857143,0,0,0,0
1448.042562485,539.015712616,0.168210882,0.991468424,0.582360738,0.490000000,36,35,33,2,0,0,2,2,0.942857143,0,0,0,0
1449.042553186,539.515433600,0.168210882,0.991468424,0.582360738,0.490000000,36,35,33,2,0,0,2,2,0.942857143,0,0,0,0
1450.041281462,540.015420563,0.168213387,0.991468424,0.582360738,0.490000000,36,35,33,2,0,0,2,2,0.942857143,0,0,0,0
1451.043788433,540.515420470,0.168213387,0.991468424,0.582360738,0.490000000,36,35,33,2,0,0,2,2,0.942857143,0,0,0,0
1452.040917158,541.012421128,0.168213387,0.991468424,0.582360738,0.490000000,36,35,33,2,0,0,2,2,0.942857143,0,0,0,0
1453.045424461,541.512321417,0.168213387,0.991468424,0.582360738,0.490000000,36,35,33,2,0,0,2,2,0.942857143,0,0,0,0
1454.044781685,542.012321354,0.168213387,0.991468424,0.582360738,0.490000000,36,35,33,2,0,0,2,2,0.942857143,0,0,0,0
1455.047282457,542.502300456,0.168213387,0.991468424,0.582360738,0.490000000,36,35,33,2,0,0,2,2,0.942857143,0,0,0,0
1456.041486025,543.001810451,0.168213387,0.991468424,0.582360738,0.490000000,36,35,33,2,0,0,2,2,0.942857143,0,0,0,0
1457.047299623,543.491036793,0.168218398,0.991468424,0.582360738,0.490000000,36,35,33,2,0,0,2,2,0.942857143,0,0,0,0
1458.048563957,543.990134057,0.168475211,0.991468424,0.582360738,0.490000000,36,35,33,2,0,0,2,2,0.942857143,0,0,0,0
1459.048265457,544.488133986,0.168630551,0.991468424,0.582360738,0.490000000,36,35,33,2,0,0,2,2,0.942857143,0,0,0,0
1460.046233177,544.985204048,0.168690683,0.991468424,0.582360738,0.490000000,36,35,33,2,0,0,2,2,0.942857143,0,0,0,0
1461.047657728,545.484687869,0.168829737,0.991468424,0.582360738,0.490000000,36,35,33,2,0,0,2,2,0.942857143,0,0,0,0
1462.046212435,545.983872932,0.168995099,0.991468424,0.582360738,0.490000000,36,35,33,2,0,0,2,2,0.942857143,0,0,0,0
1463.047704935,546.482977567,0.169115363,0.991468424,0.582360738,0.490000000,36,35,33,2,0,0,2,2,0.942857143,0,0,0,0
1464.048650026,546.982621204,0.169299516,0.991468424,0.582360738,0.490000000,36,35,33,2,0,0,2,2,0.942857143,0,0,0,0
1465.049324751,547.472479162,0.169464878,0.991468424,0.582360738,0.490000000,36,35,33,2,0,0,2,2,0.942857143,0,0,0,0
1466.047924519,547.971704794,0.169699141,0.991468424,0.582360738,0.490000000,36,35,33,2,0,0,2,2,0.942857143,0,0,0,0
1467.047601938,548.469946526,0.169737976,0.991468424,0.582360738,0.490000000,36,35,33,2,0,0,2,2,0.942857143,0,0,0,0
1468.044098377,548.968384320,0.169737976,0.991468424,0.582360738,0.490000000,36,35,33,2,0,0,2,2,0.942857143,0,0,0,0
1469.043373108,549.467883275,0.169750504,0.991468424,0.582360738,0.490000000,36,35,33,2,0,0,2,2,0.942857143,0,0,0,0
1470.042425632,549.967267337,0.169753009,0.991468424,0.582360738,0.490000000,36,35,33,2,0,0,2,2,0.942857143,0,0,0,0
1471.045415640,550.466847082,0.169756767,0.991468424,0.582360738,0.490000000,36,35,33,2,0,0,2,2,0.942857143,0,0,0,0
1472.044215202,550.965837607,0.169758020,0.991468424,0.582360738,0.490000000,36,35,33,2,0,0,2,2,0.942857143,0,0,0,0
1473.046011686,551.462977226,0.169760526,0.991468424,0.582360738,0.490000000,36,35,33,2,0,0,2,2,0.942857143,0,0,0,0
1474.045634985,551.961177918,0.169761778,0.991468424,0.582360738,0.490000000,36,35,33,2,0,0,2,2,0.942857143,0,0,0,0
1475.045956612,552.449325800,0.169761778,0.991468424,0.582360738,0.490000000,36,35,33,2,0,0,2,2,0.942857143,0,0,0,0
1476.043627501,552.948934772,0.169761778,0.991468424,0.582360738,0.490000000,36,35,33,2,0,0,2,2,0.942857143,0,0,0,0
1477.047654867,553.434116543,0.169761778,0.991468424,0.582360738,0.490000000,36,35,33,2,0,0,2,2,0.942857143,0,0,0,0
1478.042535305,553.809588084,0.169761778,0.991468424,0.582360738,0.490000000,36,35,33,2,0,0,2,2,0.942857143,0,0,0,0
1479.041780472,554.051724937,0.169761778,0.991468424,0.582360738,0.490000000,36,35,33,2,0,0,2,2,0.942857143,0,0,0,0
1484.187590837,554.153377984,0.169761778,0.991468424,0.588767470,0.490000000,37,36,34,2,0,0,2,2,0.944444444,0,0,0,0
1485.043763399,554.354788229,0.169761778,0.991468424,0.588767470,0.490000000,37,36,34,2,0,0,2,2,0.944444444,0,0,0,0
1486.041189194,554.584229188,0.169761778,0.991468424,0.588767470,0.490000000,37,36,34,2,0,0,2,2,0.944444444,0,0,0,0
1487.041846275,554.623337422,0.169761778,0.991468424,0.588767470,0.490000000,37,36,34,2,0,0,2,2,0.944444444,0,0,0,0
1488.041327477,555.017068568,0.169763031,0.991468424,0.588767470,0.490000000,37,36,34,2,0,0,2,2,0.944444444,0,0,0,0
1489.044560671,555.510424791,0.169763031,0.991468424,0.588767470,0.490000000,37,36,34,2,0,0,2,2,0.944444444,0,0,0,0
1490.046481848,556.009438683,0.169763031,0.991468424,0.588767470,0.490000000,37,36,34,2,0,0,2,2,0.944444444,0,0,0,0
1491.044600248,556.508276467,0.169764284,0.991468424,0.588767470,0.490000000,37,36,34,2,0,0,2,2,0.944444444,0,0,0,0
1492.046515465,557.006350456,0.169764284,0.991468424,0.588767470,0.490000000,37,36,34,2,0,0,2,2,0.944444444,0,0,0,0
1493.047411442,557.504197357,0.169764284,0.991468424,0.588767470,0.490000000,37,36,34,2,0,0,2,2,0.944444444,0,0,0,0
1494.044551373,557.993614241,0.169764284,0.991468424,0.588767470,0.490000000,37,36,34,2,0,0,2,2,0.944444444,0,0,0,0
1495.045709133,558.490354054,0.169764284,0.991468424,0.588767470,0.490000000,37,36,34,2,0,0,2,2,0.944444444,0,0,0,0
1496.041445971,558.987494471,0.169764284,0.991468424,0.588767470,0.490000000,37,36,34,2,0,0,2,2,0.944444444,0,0,0,0
1497.045435667,559.483865086,0.169764284,0.991468424,0.588767470,0.490000000,37,36,34,2,0,0,2,2,0.944444444,0,0,0,0
1498.046222687,559.982979160,0.169764284,0.991468424,0.588767470,0.490000000,37,36,34,2,0,0,2,2,0.944444444,0,0,0,0
1499.042956352,560.479732898,0.169764284,0.991468424,0.588767470,0.490000000,37,36,34,2,0,0,2,2,0.944444444,0,0,0,0
1500.048675776,560.978259668,0.169764284,0.991468424,0.588767470,0.490000000,37,36,34,2,0,0,2,2,0.944444444,0,0,0,0
1501.046133518,561.476631260,0.169764284,0.991468424,0.588767470,0.490000000,37,36,34,2,0,0,2,2,0.944444444,0,0,0,0
1502.042685509,561.974431580,0.169764284,0.991468424,0.588767470,0.490000000,37,36,34,2,0,0,2,2,0.944444444,0,0,0,0
1503.046667814,562.473702786,0.169764284,0.991468424,0.588767470,0.490000000,37,36,34,2,0,0,2,2,0.944444444,0,0,0,0
1504.048452139,562.973109387,0.169764284,0.991468424,0.588767470,0.490000000,37,36,34,2,0,0,2,2,0.944444444,0,0,0,0
1505.047861099,563.472930595,0.169764284,0.991468424,0.588767470,0.490000000,37,36,34,2,0,0,2,2,0.944444444,0,0,0,0
1506.047116041,563.972930316,0.169764284,0.991468424,0.588767470,0.490000000,37,36,34,2,0,0,2,2,0.944444444,0,0,0,0
1507.047935247,564.472859775,0.169764284,0.991468424,0.588767470,0.490000000,37,36,34,2,0,0,2,2,0.944444444,0,0,0,0
1508.046620131,564.972764521,0.169765537,0.991468424,0.588767470,0.490000000,37,36,34,2,0,0,2,2,0.944444444,0,0,0,0
1509.043943882,565.461486828,0.169761778,0.991486991,0.588767470,0.490000000,37,36,34,2,0,0,2,2,0.944444444,0,0,0,0
1510.044855833,565.960186022,0.169764284,0.991486991,0.588767470,0.490000000,37,36,34,2,0,0,2,2,0.944444444,0,0,0,0
1511.043838501,566.460183956,0.169770547,0.991486991,0.588767470,0.490000000,37,36,34,2,0,0,2,2,0.944444444,0,0,0,0
1512.042243242,566.960183832,0.169770547,0.991486991,0.588767470,0.490000000,37,36,34,2,0,0,2,2,0.944444444,0,0,0,0
1513.044124365,567.460183766,0.169778064,0.991505559,0.588767470,0.490000000,37,36,34,2,0,0,2,2,0.944444444,0,0,0,0
1514.044206858,567.960183631,0.169781822,0.991505559,0.588767470,0.490000000,37,36,34,2,0,0,2,2,0.944444444,0,0,0,0
1515.044286013,568.459491837,0.169783075,0.991505559,0.588767470,0.490000000,37,36,34,2,0,0,2,2,0.944444444,0,0,0,0
1516.044286489,568.959312293,0.169785580,0.991505559,0.588767470,0.490000000,37,36,34,2,0,0,2,2,0.944444444,0,0,0,0
1517.041599751,569.458744012,0.169785580,0.991505559,0.588767470,0.490000000,37,36,34,2,0,0,2,2,0.944444444,0,0,0,0
1518.047340393,569.948743766,0.169768042,0.991440574,0.588767470,0.490000000,37,36,34,2,0,0,2,2,0.944444444,0,0,0,0
1519.044475555,570.448563595,0.169768042,0.991440574,0.588767470,0.490000000,37,36,34,2,0,0,2,2,0.944444444,0,0,0,0
1520.044548512,570.948526764,0.169768042,0.991440574,0.588767470,0.490000000,37,36,34,2,0,0,2,2,0.944444444,0,0,0,0
1521.042687654,571.448042711,0.169771800,0.991440574,0.588767470,0.490000000,37,36,34,2,0,0,2,2,0.944444444,0,0,0,0
1522.042237759,571.947583394,0.169768042,0.991440574,0.588767470,0.490000000,37,36,34,2,0,0,2,2,0.944444444,0,0,0,0
1523.042790890,572.447579563,0.169768042,0.991440574,0.588767470,0.490000000,37,36,34,2,0,0,2,2,0.944444444,0,0,0,0
1524.043863535,572.946591427,0.169768042,0.991440574,0.588767470,0.490000000,37,36,34,2,0,0,2,2,0.944444444,0,0,0,0
1525.045016289,573.427318668,0.169768042,0.991440574,0.588767470,0.490000000,37,36,34,2,0,0,2,2,0.944444444,0,0,0,0
1526.043667793,573.751940976,0.169768042,0.991440574,0.588767470,0.490000000,37,36,34,2,0,0,2,2,0.944444444,0,0,0,0
1527.044482708,574.251742925,0.169768042,0.991440574,0.588767470,0.490000000,37,36,34,2,0,0,2,2,0.944444444,0,0,0,0
1528.043072224,574.751609102,0.169768042,0.991440574,0.588767470,0.490000000,37,36,34,2,0,0,2,2,0.944444444,0,0,0,0
1529.043221951,575.217131651,0.169768042,0.991440574,0.588767470,0.490000000,37,37,34,3,0,0,2,2,0.918918919,0,0,0,0
1530.041492224,575.430900363,0.169768042,0.991440574,0.588767470,0.490000000,37,37,34,3,0,0,2,2,0.918918919,0,0,0,0
1531.042309284,575.730385128,0.169768042,0.991440574,0.588767470,0.490000000,37,37,34,3,0,0,2,2,0.918918919,1,1,0,0
1532.044898272,576.228315164,0.169768042,0.991440574,0.588767470,0.490000000,37,37,34,3,0,0,2,2,0.918918919,1,1,0,0
1533.042158365,576.726504139,0.169768042,0.991440574,0.588767470,0.490000000,37,37,34,3,0,0,2,2,0.918918919,1,1,0,0
1534.044971466,577.224270174,0.169768042,0.991440574,0.588767470,0.490000000,37,37,34,3,0,0,2,2,0.918918919,1,1,0,0
1535.043902397,577.723288320,0.169769295,0.991440574,0.588767470,0.490000000,37,37,34,3,0,0,2,2,0.918918919,1,1,0,0
1536.043512583,578.220109991,0.169769295,0.991440574,0.588767470,0.490000000,37,37,34,3,0,0,2,2,0.918918919,1,1,0,0
1537.043627977,578.717968368,0.169769295,0.991440574,0.588767470,0.490000000,37,37,34,3,0,0,2,2,0.918918919,1,1,0,0
1538.045295954,579.215788569,0.169769295,0.991440574,0.588767470,0.490000000,37,37,34,3,0,0,2,2,0.918918919,1,1,0,0
1539.044798613,579.711271378,0.169773053,0.991440574,0.588767470,0.490000000,37,37,34,3,0,0,2,2,0.918918919,1,1,0,0
1540.043784618,580.208298999,0.169773053,0.991440574,0.588767470,0.490000000,37,37,34,3,0,0,2,2,0.918918919,1,1,0,0
1541.042398930,580.704448296,0.169773053,0.991440574,0.588767470,0.490000000,37,37,34,3,0,0,2,2,0.918918919,1,1,0,0
1542.042283773,581.201693845,0.169773053,0.991440574,0.588767470,0.490000000,37,37,34,3,0,0,2,2,0.918918919,1,1,0,0
1543.044445038,581.699508272,0.169773053,0.991440574,0.588767470,0.490000000,37,37,34,3,0,0,2,2,0.918918919,1,1,0,0
1544.046019077,582.198926363,0.169773053,0.991440574,0.588767470,0.490000000,37,37,34,3,0,0,2,2,0.918918919,1,1,0,0
1545.043750286,582.698294031,0.169774306,0.991440574,0.588767470,0.490000000,37,37,34,3,0,0,2,2,0.918918919,1,1,0,0
1546.044004202,583.198135065,0.169778064,0.991440574,0.588767470,0.490000000,37,37,34,3,0,0,2,2,0.918918919,1,1,0,0
1547.043939352,583.698070013,0.169779317,0.991440574,0.588767470,0.490000000,37,37,34,3,0,0,2,2,0.918918919,1,1,0,0
1548.046772003,584.197926234,0.169781822,0.991440574,0.588767470,0.490000000,37,37,34,3,0,0,2,2,0.918918919,1,1,0,0
1549.044970512,584.697200585,0.169783075,0.991440574,0.588767470,0.490000000,37,37,34,3,0,0,2,2,0.918918919,1,1,0,0
1550.043231010,585.197179937,0.169783075,0.991440574,0.588767470,0.490000000,37,37,34,3,0,0,2,2,0.918918919,1,1,0,0
1551.043020248,585.697179407,0.169784328,0.991440574,0.588767470,0.490000000,37,37,34,3,0,0,2,2,0.918918919,1,1,0,0
1552.043951273,586.196476907,0.169786833,0.991440574,0.588767470,0.490000000,37,37,34,3,0,0,2,2,0.918918919,1,1,0,0
1553.043577194,586.686355004,0.169791844,0.991440574,0.588767470,0.490000000,37,37,34,3,0,0,2,2,0.918918919,1,1,0,0
1554.043330669,587.141949171,0.169791844,0.991440574,0.588767470,0.490000000,37,37,34,3,0,0,2,2,0.918918919,1,1,0,0
1555.046210527,587.456962984,0.169793097,0.991440574,0.588767470,0.490000000,37,37,34,3,0,0,2,2,0.918918919,1,1,0,0
1556.043143511,587.944524578,0.169793097,0.991440574,0.588767470,0.490000000,37,37,34,3,0,0,2,2,0.918918919,1,1,0,0
1557.041238070,588.438163288,0.169850723,0.991440574,0.588767470,0.490000000,37,37,34,3,0,0,2,2,0.918918919,1,1,0,0
1558.043323994,588.919428762,0.169887053,0.991440574,0.588767470,0.490000000,37,37,34,3,0,0,2,2,0.918918919,1,1,0,0
1559.043740749,589.334945555,0.169887053,0.991440574,0.588767470,0.490000000,37,37,34,3,0,0,2,2,0.918918919,1,1,0,0
1560.043762922,589.613398947,0.169887053,0.991440574,0.588767470,0.490000000,37,37,34,3,0,0,2,2,0.918918919,1,1,0,0
1565.147043467,589.806941400,0.169887053,0.991440574,0.590157557,0.490000000,38,38,35,3,0,0,2,2,0.921052632,1,1,0,0
1566.049319029,590.060291231,0.169887053,0.991440574,0.590157557,0.490000000,38,38,35,3,0,0,2,2,0.921052632,1,1,0,0
1567.048074245,590.410291139,0.169887053,0.991440574,0.590157557,0.490000000,38,38,35,3,0,0,2,2,0.921052632,1,1,0,0
1568.047771931,590.751338275,0.169887053,0.991440574,0.590157557,0.490000000,38,38,35,3,0,0,2,2,0.921052632,1,1,0,0
1569.047928572,591.070896433,0.169887053,0.991440574,0.590157557,0.490000000,38,38,35,3,0,0,2,2,0.921052632,1,1,0,0
1570.044674873,591.272262367,0.169887053,0.991440574,0.590157557,0.490000000,38,38,35,3,0,0,2,2,0.921052632,1,1,0,0
1571.048262596,591.303246695,0.169887053,0.991440574,0.590157557,0.490000000,38,38,35,3,0,0,2,2,0.921052632,1,1,0,0
1572.043723345,591.536598879,0.169887053,0.991440574,0.590157557,0.490000000,38,38,35,3,0,0,2,2,0.921052632,1,1,0,0
1573.041035414,592.025193612,0.169887053,0.991440574,0.590157557,0.490000000,38,38,35,3,0,0,2,2,0.921052632,1,1,0,0
1574.045478821,592.506495560,0.169887053,0.991440574,0.590157557,0.490000000,38,38,35,3,0,0,2,2,0.921052632,1,1,0,0
1575.045035839,592.973093054,0.169887053,0.991440574,0.590157557,0.490000000,38,38,35,3,0,0,2,2,0.921052632,1,1,0,0
1576.042039394,593.471668966,0.169887053,0.991440574,0.590157557,0.490000000,38,38,35,3,0,0,2,2,0.921052632,1,1,0,0
1577.041502714,593.960746566,0.169887053,0.991440574,0.590157557,0.490000000,38,38,35,3,0,0,2,2,0.921052632,1,1,0,0
1578.045778751,594.459729580,0.169885800,0.991440574,0.590157557,0.490000000,38,38,35,3,0,0,2,2,0.921052632,1,1,0,0
1579.043432236,594.956090478,0.169885800,0.991440574,0.590157557,0.490000000,38,38,35,3,0,0,2,2,0.921052632,1,1,0,0
1580.046399593,595.453893785,0.169885800,0.991440574,0.590157557,0.490000000,38,38,35,3,0,0,2,2,0.921052632,1,1,0,0
1581.043438196,595.951327745,0.169885800,0.991440574,0.590157557,0.490000000,38,38,35,3,0,0,2,2,0.921052632,1,1,0,0
1582.046390772,596.450765458,0.169885800,0.991440574,0.590157557,0.490000000,38,38,35,3,0,0,2,2,0.921052632,1,1,0,0
1583.047308207,596.949638374,0.169888305,0.991440574,0.590157557,0.490000000,38,38,35,3,0,0,2,2,0.921052632,1,1,0,0
1584.041498184,597.443729728,0.169888305,0.991440574,0.590157557,0.490000000,38,38,35,3,0,0,2,2,0.921052632,1,1,0,0
1585.043173552,597.914715836,0.169888305,0.991440574,0.590157557,0.490000000,38,38,35,3,0,0,2,2,0.921052632,1,1,0,0
1586.041248083,598.366922666,0.169888305,0.991440574,0.590157557,0.490000000,38,38,35,3,0,0,2,2,0.921052632,1,1,0,0
1587.047088385,598.665576773,0.169888305,0.991440574,0.590157557,0.490000000,38,38,35,3,0,0,2,2,0.921052632,1,1,0,0
1588.044252157,599.155017175,0.169888305,0.991440574,0.590157557,0.490000000,38,38,35,3,0,0,2,2,0.921052632,1,1,0,0
1589.042776108,599.633837601,0.169978503,0.991440574,0.590157557,0.490000000,38,38,35,3,0,0,2,2,0.921052632,1,1,0,0
1590.043975353,600.060054320,0.169978503,0.991440574,0.590157557,0.490000000,38,38,35,3,0,0,2,2,0.921052632,1,1,0,0
1591.044024229,600.349392941,0.169978503,0.991440574,0.590157557,0.490000000,38,39,35,4,0,0,2,2,0.897435897,2,2,0,0
1596.096711159,600.532555023,0.169978503,0.991440574,0.590912037,0.490000000,39,40,36,4,0,0,2,2,0.900000000,2,2,0,0
1597.044463873,600.803924449,0.169978503,0.991440574,0.590912037,0.490000000,39,40,36,4,0,0,2,2,0.900000000,2,2,0,0
1598.047017813,601.151704783,0.169978503,0.991440574,0.590912037,0.490000000,39,40,36,4,0,0,2,2,0.900000000,2,2,0,0
1599.046137810,601.425737052,0.169978503,0.991440574,0.590912037,0.490000000,39,40,36,4,0,0,2,2,0.900000000,2,2,0,0
1600.046875715,601.537715269,0.169978503,0.991440574,0.590912037,0.490000000,39,40,36,4,0,0,2,2,0.900000000,2,2,0,0
1601.046815395,601.567492646,0.169978503,0.991440574,0.590912037,0.490000000,39,40,36,4,0,0,2,2,0.900000000,2,2,0,0
1602.047074795,601.904569574,0.169978503,0.991440574,0.590912037,0.490000000,39,40,36,4,0,0,2,2,0.900000000,2,2,0,0
1603.045593023,602.393502584,0.169978503,0.991440574,0.590912037,0.490000000,39,40,36,4,0,0,2,2,0.900000000,2,2,0,0
1604.042825699,602.860398822,0.169978503,0.991440574,0.590912037,0.490000000,39,40,36,4,0,0,2,2,0.900000000,2,2,0,0
1605.047255278,603.356196101,0.169978503,0.991440574,0.590912037,0.490000000,39,40,36,4,0,0,2,2,0.900000000,2,2,0,0
1606.042586803,603.851243086,0.169978503,0.991440574,0.590912037,0.490000000,39,40,36,4,0,0,2,2,0.900000000,2,2,0,0
1607.045476437,604.350456266,0.169978503,0.991440574,0.590912037,0.490000000,39,40,36,4,0,0,2,2,0.900000000,2,2,0,0
1608.043005466,604.848658495,0.169978503,0.991440574,0.590912037,0.490000000,39,40,36,4,0,0,2,2,0.900000000,2,2,0,0
1609.043066025,605.348348706,0.169978503,0.991440574,0.590912037,0.490000000,39,40,36,4,0,0,2,2,0.900000000,2,2,0,0
1610.043008566,605.847621579,0.169978503,0.991440574,0.590912037,0.490000000,39,40,36,4,0,0,2,2,0.900000000,2,2,0,0
1611.042822361,606.346907390,0.169986019,0.991338455,0.590912037,0.490000000,39,40,36,4,0,0,2,2,0.900000000,2,2,0,0
1612.041480780,606.846675761,0.169986019,0.991338455,0.590912037,0.490000000,39,40,36,4,0,0,2,2,0.900000000,2,2,0,0
1613.044881821,607.346203233,0.169986019,0.991338455,0.590912037,0.490000000,39,40,36,4,0,0,2,2,0.900000000,2,2,0,0
1614.045413017,607.844584209,0.169986019,0.991338455,0.590912037,0.490000000,39,40,36,4,0,0,2,2,0.900000000,2,2,0,0
1615.045469522,608.343167936,0.169986019,0.991338455,0.590912037,0.490000000,39,40,36,4,0,0,2,2,0.900000000,2,2,0,0
1616.044527531,608.842659302,0.169986019,0.991338455,0.590912037,0.490000000,39,40,36,4,0,0,2,2,0.900000000,2,2,0,0
1617.044418335,609.332102322,0.169986019,0.991338455,0.590912037,0.490000000,39,40,36,4,0,0,2,2,0.900000000,2,2,0,0
1618.043447018,609.831179650,0.169986019,0.991338455,0.590912037,0.490000000,39,40,36,4,0,0,2,2,0.900000000,2,2,0,0
1619.043887615,610.330018360,0.169986019,0.991338455,0.590912037,0.490000000,39,40,36,4,0,0,2,2,0.900000000,2,2,0,0
1620.041968107,610.657844323,0.169994789,0.991338455,0.590912037,0.490000000,39,40,36,4,0,0,2,2,0.900000000,2,2,0,0
1621.042638540,611.156653129,0.169994789,0.991338455,0.590912037,0.490000000,39,40,36,4,0,0,2,2,0.900000000,2,2,0,0
1622.044775009,611.635407247,0.169994789,0.991338455,0.590912037,0.490000000,39,40,36,4,0,0,2,2,0.900000000,2,2,0,0
1623.043381214,612.133080926,0.169994789,0.991338455,0.590912037,0.490000000,39,40,36,4,0,0,2,2,0.900000000,2,2,0,0
1624.041934490,612.632843845,0.169994789,0.991338455,0.590912037,0.490000000,39,40,36,4,0,0,2,2,0.900000000,2,2,0,0
1625.044409037,613.132525361,0.169994789,0.991338455,0.590912037,0.490000000,39,40,36,4,0,0,2,2,0.900000000,2,2,0,0
1626.043595314,613.632145705,0.169994789,0.991338455,0.590912037,0.490000000,39,40,36,4,0,0,2,2,0.900000000,2,2,0,0
1627.043894529,614.131425080,0.169994789,0.991338455,0.590912037,0.490000000,39,40,36,4,0,0,2,2,0.900000000,2,2,0,0
1628.043108940,614.631125539,0.169994789,0.991338455,0.590912037,0.490000000,39,40,36,4,0,0,2,2,0.900000000,2,2,0,0
1629.045268774,615.131125454,0.169994789,0.991338455,0.590912037,0.490000000,39,40,36,4,0,0,2,2,0.900000000,2,2,0,0
1630.043440580,615.630920720,0.169994789,0.991338455,0.590912037,0.490000000,39,40,36,4,0,0,2,2,0.900000000,2,2,0,0
1631.042814970,616.130919535,0.169994789,0.991338455,0.590912037,0.490000000,39,40,36,4,0,0,2,2,0.900000000,2,2,0,0
1632.043436050,616.630602475,0.169994789,0.991338455,0.590912037,0.490000000,39,40,36,4,0,0,2,2,0.900000000,2,2,0,0
1633.045392752,617.130528384,0.169994789,0.991338455,0.590912037,0.490000000,39,40,36,4,0,0,2,2,0.900000000,2,2,0,0
1634.045191765,617.628299130,0.169994789,0.991338455,0.590912037,0.490000000,39,40,36,4,0,0,2,2,0.900000000,2,2,0,0
1635.041452169,618.115561977,0.169994789,0.991338455,0.590912037,0.490000000,39,40,36,4,0,0,2,2,0.900000000,2,2,0,0
1636.042231083,618.615403686,0.170006063,0.991338455,0.590912037,0.490000000,39,40,36,4,0,0,2,2,0.900000000,2,2,0,0
1637.046225548,619.111056307,0.170006063,0.991338455,0.590912037,0.490000000,39,40,36,4,0,0,2,2,0.900000000,2,2,0,0
1638.043491602,619.608698448,0.170006063,0.991338455,0.590912037,0.490000000,39,40,36,4,0,0,2,2,0.900000000,2,2,0,0
1639.045375586,620.107006914,0.170006063,0.991338455,0.590912037,0.490000000,39,40,36,4,0,0,2,2,0.900000000,2,2,0,0
1640.041502953,620.602963894,0.170006063,0.991338455,0.590912037,0.490000000,39,40,36,4,0,0,2,2,0.900000000,2,2,0,0
1641.041324377,621.097074751,0.170006063,0.991338455,0.590912037,0.490000000,39,40,36,4,0,0,2,2,0.900000000,2,2,0,0
1642.041974783,621.594547214,0.170006063,0.991338455,0.590912037,0.490000000,39,40,36,4,0,0,2,2,0.900000000,2,2,0,0
1643.041794300,622.083085368,0.170006063,0.991338455,0.590912037,0.490000000,39,40,36,4,0,0,2,2,0.900000000,2,2,0,0
1644.041902065,622.581736798,0.170006063,0.991338455,0.590912037,0.490000000,39,40,36,4,0,0,2,2,0.900000000,2,2,0,0
1645.040943861,623.072830510,0.170002305,0.991338455,0.590912037,0.490000000,39,40,36,4,0,0,2,2,0.900000000,2,2,0,0
1646.044337749,623.569669741,0.170002305,0.991338455,0.590912037,0.490000000,39,40,36,4,0,0,2,2,0.900000000,2,2,0,0
1647.041273832,624.068525511,0.170002305,0.991338455,0.590912037,0.490000000,39,40,36,4,0,0,2,2,0.900000000,2,2,0,0
1648.040879011,624.567376870,0.170002305,0.991338455,0.590912037,0.490000000,39,40,36,4,0,0,2,2,0.900000000,2,2,0,0
1649.045146704,625.061708246,0.170002305,0.991338455,0.590912037,0.490000000,39,40,36,4,0,0,2,2,0.900000000,2,2,0,0
1650.041177034,625.558471049,0.170002305,0.991338455,0.590912037,0.490000000,39,40,36,4,0,0,2,2,0.900000000,2,2,0,0
1651.043711662,626.055337315,0.170002305,0.991338455,0.590912037,0.490000000,39,40,36,4,0,0,2,2,0.900000000,2,2,0,0
1652.042556047,626.543910236,0.170003558,0.991338455,0.590912037,0.490000000,39,40,36,4,0,0,2,2,0.900000000,2,2,0,0
1653.045818329,627.039531262,0.170003558,0.991338455,0.590912037,0.490000000,39,40,36,4,0,0,2,2,0.900000000,2,2,0,0
1654.047137260,627.536805687,0.170014832,0.991338455,0.590912037,0.490000000,39,40,36,4,0,0,2,2,0.900000000,2,2,0,0
1655.049679518,628.034281700,0.170026107,0.991338455,0.590912037,0.490000000,39,40,36,4,0,0,2,2,0.900000000,2,2,0,0
1656.044101477,628.523617819,0.170059931,0.991338455,0.590912037,0.490000000,39,40,36,4,0,0,2,2,0.900000000,2,2,0,0
1657.044230700,629.023608990,0.170117557,0.991338455,0.590912037,0.490000000,39,40,36,4,0,0,2,2,0.900000000,2,2,0,0
1658.041670322,629.522612943,0.170171425,0.991338455,0.590912037,0.490000000,39,40,36,4,0,0,2,2,0.900000000,2,2,0,0
1659.044903517,629.957752769,0.170296700,0.991338455,0.590912037,0.490000000,39,40,36,4,0,0,2,2,0.900000000,2,2,0,0
1660.042692184,630.273186280,0.170350568,0.991338455,0.590912037,0.490000000,39,40,36,4,0,0,2,2,0.900000000,2,2,0,0
1661.043612480,630.511843088,0.170350568,0.991338455,0.590912037,0.490000000,39,40,36,4,0,0,2,2,0.900000000,2,2,0,0
1666.106022120,630.596736558,0.170350568,0.991338455,0.589125433,0.490000000,40,41,37,4,0,0,2,2,0.902439024,2,2,0,0
1667.042163610,630.823484107,0.170350568,0.991338455,0.589125433,0.490000000,40,41,37,4,0,0,2,2,0.902439024,2,2,0,0
1668.042561531,631.097242625,0.170350568,0.991338455,0.589125433,0.490000000,40,41,37,4,0,0,2,2,0.902439024,2,2,0,0
1669.039115429,631.142592295,0.170350568,0.991338455,0.589125433,0.490000000,40,41,37,4,0,0,2,2,0.902439024,2,2,0,0
1670.038838625,631.499182712,0.170350568,0.991338455,0.589125433,0.490000000,40,41,37,4,0,0,2,2,0.902439024,2,2,0,0
1671.040343046,631.998493798,0.170350568,0.991338455,0.589125433,0.490000000,40,41,37,4,0,0,2,2,0.902439024,2,2,0,0
1672.039628029,632.498471443,0.170350568,0.991338455,0.589125433,0.490000000,40,41,37,4,0,0,2,2,0.902439024,2,2,0,0
1673.040249825,632.997560368,0.170350568,0.991338455,0.589125433,0.490000000,40,41,37,4,0,0,2,2,0.902439024,2,2,0,0
1674.039560556,633.487273532,0.170350568,0.991338455,0.589125433,0.490000000,40,41,37,4,0,0,2,2,0.902439024,2,2,0,0
1675.039371729,633.977151939,0.170350568,0.991338455,0.589125433,0.490000000,40,41,37,4,0,0,2,2,0.902439024,2,2,0,0
1676.038181305,634.476870007,0.170350568,0.991338455,0.589125433,0.490000000,40,41,37,4,0,0,2,2,0.902439024,2,2,0,0
1677.038626194,634.974536983,0.170350568,0.991338455,0.589125433,0.490000000,40,41,37,4,0,0,2,2,0.902439024,2,2,0,0
1678.042688847,635.470851993,0.170354326,0.991338455,0.589125433,0.490000000,40,41,37,4,0,0,2,2,0.902439024,2,2,0,0
1679.039725065,635.958548858,0.170354326,0.991338455,0.589125433,0.490000000,40,41,37,4,0,0,2,2,0.902439024,2,2,0,0
1684.076211691,636.332460951,0.170398172,0.991338455,0.587051619,0.490000000,41,42,37,5,0,0,3,3,0.880952381,2,2,0,0
1685.045818329,636.592718846,0.170404436,0.991338455,0.587051619,0.490000000,41,42,37,5,0,0,3,3,0.880952381,2,2,0,0
1686.041547060,636.942720477,0.170404436,0.991338455,0.587051619,0.490000000,41,42,37,5,0,0,3,3,0.880952381,2,2,0,0
1687.046049356,637.273185948,0.170404436,0.991338455,0.587051619,0.490000000,41,42,37,5,0,0,3,3,0.880952381,2,2,0,0
1688.043437243,637.507120695,0.170404436,0.991338455,0.587051619,0.490000000,41,42,37,5,0,0,3,3,0.880952381,2,2,0,0
1689.042802572,637.856076322,0.170404436,0.991338455,0.587051619,0.490000000,41,42,37,5,0,0,3,3,0.880952381,2,2,0,0
1690.041985035,638.199073469,0.170404436,0.991338455,0.587051619,0.490000000,41,42,37,5,0,0,3,3,0.880952381,2,2,0,0
1691.042880297,638.543961983,0.170404436,0.991338455,0.587051619,0.490000000,41,43,37,6,0,0,3,3,0.860465116,2,2,0,0
1692.041685581,638.776386362,0.170404436,0.991338455,0.587051619,0.490000000,41,43,37,6,0,0,3,3,0.860465116,2,2,0,0
1693.044198513,639.056157389,0.170404436,0.991338455,0.587051619,0.490000000,41,43,37,6,0,0,3,3,0.860465116,3,3,0,0
1694.041375399,639.405668808,0.170404436,0.991338455,0.587051619,0.490000000,41,43,37,6,0,0,3,3,0.860465116,3,3,0,0
1695.040637970,639.754701259,0.170404436,0.991338455,0.587051619,0.490000000,41,43,37,6,0,0,3,3,0.860465116,3,3,0,0
1696.043477535,640.104768233,0.170404436,0.991338455,0.587051619,0.490000000,41,43,37,6,0,0,3,3,0.860465116,3,3,0,0
1697.042871475,640.453967925,0.170404436,0.991338455,0.587051619,0.490000000,41,43,37,6,0,0,3,3,0.860465116,3,3,0,0
1698.040806770,640.803883739,0.170404436,0.991338455,0.587051619,0.490000000,41,43,37,6,0,0,3,3,0.860465116,3,3,0,0
1699.042876959,641.153552585,0.170404436,0.991338455,0.587051619,0.490000000,41,43,37,6,0,0,3,3,0.860465116,3,3,0,0
1700.043324471,641.501867804,0.170404436,0.991338455,0.587051619,0.490000000,41,43,37,6,0,0,3,3,0.860465116,3,3,0,0
1701.042521238,641.851875352,0.170404436,0.991338455,0.587051619,0.490000000,41,43,37,6,0,0,3,3,0.860465116,3,3,0,0
1702.042697430,642.201871126,0.170404436,0.991338455,0.587051619,0.490000000,41,43,37,6,0,0,3,3,0.860465116,3,3,0,0
1703.041319132,642.551871107,0.170404436,0.991338455,0.587051619,0.490000000,41,43,37,6,0,0,3,3,0.860465116,3,3,0,0
1704.044322014,642.894871915,0.170406941,0.991338455,0.587051619,0.490000000,41,43,37,6,0,0,3,3,0.860465116,3,3,0,0
1705.041869164,643.244876837,0.170406941,0.991338455,0.587051619,0.490000000,41,43,37,6,0,0,3,3,0.860465116,3,3,0,0
1706.041846275,643.594876800,0.170408194,0.991338455,0.587051619,0.490000000,41,43,37,6,0,0,3,3,0.860465116,3,3,0,0
1707.040851116,643.943992430,0.170408194,0.991338455,0.587051619,0.490000000,41,43,37,6,0,0,3,3,0.860465116,3,3,0,0
1708.043001175,644.294003803,0.170409447,0.991338455,0.587051619,0.490000000,41,43,37,6,0,0,3,3,0.860465116,3,3,0,0
1709.046115160,644.644002897,0.170410699,0.991338455,0.587051619,0.490000000,41,43,37,6,0,0,3,3,0.860465116,3,3,0,0
1710.041793108,644.994002049,0.170411952,0.991338455,0.587051619,0.490000000,41,43,37,6,0,0,3,3,0.860465116,3,3,0,0
1711.043048859,645.343214700,0.170413205,0.991338455,0.587051619,0.490000000,41,43,37,6,0,0,3,3,0.860465116,3,3,0,0
1712.042972565,645.659403978,0.170413205,0.991338455,0.587051619,0.490000000,41,43,37,6,0,0,3,3,0.860465116,3,3,0,0
1713.042907476,645.744736618,0.170413205,0.991338455,0.587051619,0.490000000,41,43,37,6,0,0,3,3,0.860465116,3,3,0,0
1714.045131922,645.961595265,0.170413205,0.991338455,0.587051619,0.490000000,41,43,37,6,0,0,3,3,0.860465116,3,3,0,0
1715.041970491,646.461463674,0.170413205,0.991338455,0.587051619,0.490000000,41,43,37,6,0,0,3,3,0.860465116,3,3,0,0
1716.044573784,646.961459924,0.170413205,0.991338455,0.587051619,0.490000000,41,43,37,6,0,0,3,3,0.860465116,3,3,0,0
1717.042618036,647.461366705,0.170413205,0.991338455,0.587051619,0.490000000,41,43,37,6,0,0,3,3,0.860465116,3,3,0,0
1718.042553186,647.959584006,0.170413205,0.991338455,0.587051619,0.490000000,41,43,37,6,0,0,3,3,0.860465116,3,3,0,0
1719.043265820,648.457420908,0.170413205,0.991338455,0.587051619,0.490000000,41,43,37,6,0,0,3,3,0.860465116,3,3,0,0
1720.042974472,648.955859414,0.170413205,0.991338455,0.587051619,0.490000000,41,43,37,6,0,0,3,3,0.860465116,3,3,0,0
1721.044454575,649.455600136,0.170413205,0.991338455,0.587051619,0.490000000,41,43,37,6,0,0,3,3,0.860465116,3,3,0,0
1722.042851925,649.954893791,0.170413205,0.991338455,0.587051619,0.490000000,41,43,37,6,0,0,3,3,0.860465116,3,3,0,0
1723.042045355,650.454074688,0.170413205,0.991338455,0.587051619,0.490000000,41,43,37,6,0,0,3,3,0.860465116,3,3,0,0
1724.044234276,650.953892578,0.170413205,0.991338455,0.587051619,0.490000000,41,43,37,6,0,0,3,3,0.860465116,3,3,0,0
1725.041851282,651.451603559,0.170413205,0.991338455,0.587051619,0.490000000,41,43,37,6,0,0,3,3,0.860465116,3,3,0,0
1726.047479391,651.950951927,0.170413205,0.991338455,0.587051619,0.490000000,41,43,37,6,0,0,3,3,0.860465116,3,3,0,0
1727.043792486,652.450494544,0.170413205,0.991338455,0.587051619,0.490000000,41,43,37,6,0,0,3,3,0.860465116,3,3,0,0
1728.044409275,652.949429771,0.170413205,0.991338455,0.587051619,0.490000000,41,43,37,6,0,0,3,3,0.860465116,3,3,0,0
1729.042170286,653.448570068,0.170413205,0.991338455,0.587051619,0.490000000,41,43,37,6,0,0,3,3,0.860465116,3,3,0,0
1730.045250416,653.947580010,0.170415710,0.991338455,0.587051619,0.490000000,41,43,37,6,0,0,3,3,0.860465116,3,3,0,0
1731.045261621,654.447355510,0.170415710,0.991338455,0.587051619,0.490000000,41,43,37,6,0,0,3,3,0.860465116,3,3,0,0
1732.046151638,654.947172025,0.170415710,0.991338455,0.587051619,0.490000000,41,43,37,6,0,0,3,3,0.860465116,3,3,0,0
1733.046649694,655.447169530,0.170415710,0.991338455,0.587051619,0.490000000,41,43,37,6,0,0,3,3,0.860465116,3,3,0,0
1734.045505524,655.936764868,0.170393161,0.991338455,0.587051619,0.490000000,41,43,37,6,0,0,3,3,0.860465116,3,3,0,0
1735.042883396,656.435855134,0.170393161,0.991338455,0.587051619,0.490000000,41,43,37,6,0,0,3,3,0.860465116,3,3,0,0
1736.043506622,656.933629372,0.170394414,0.991338455,0.587051619,0.490000000,41,43,37,6,0,0,3,3,0.860465116,3,3,0,0
1737.043388367,657.433572476,0.170399425,0.991338455,0.587051619,0.490000000,41,43,37,6,0,0,3,3,0.860465116,3,3,0,0
1738.042454481,657.933572283,0.170395667,0.991338455,0.587051619,0.490000000,41,43,37,6,0,0,3,3,0.860465116,3,3,0,0
1739.047418118,658.433514813,0.170379381,0.991412723,0.587051619,0.490000000,41,43,37,6,0,0,3,3,0.860465116,3,3,0,0
1740.046379805,658.922866828,0.170537227,0.991412723,0.587051619,0.490000000,41,43,37,6,0,0,3,3,0.860465116,3,3,0,0
1741.047602415,659.420687405,0.170686303,0.991412723,0.587051619,0.490000000,41,43,37,6,0,0,3,3,0.860465116,3,3,0,0
1742.041277885,659.919215644,0.170688808,0.991412723,0.587051619,0.490000000,41,43,37,6,0,0,3,3,0.860465116,3,3,0,0
1743.045051813,660.418349599,0.170688808,0.991412723,0.587051619,0.490000000,41,43,37,6,0,0,3,3,0.860465116,3,3,0,0
1744.043534994,660.908302920,0.170688808,0.991412723,0.587051619,0.490000000,41,43,37,6,0,0,3,3,0.860465116,3,3,0,0
1745.042301178,661.407615281,0.170688808,0.991412723,0.587051619,0.490000000,41,43,37,6,0,0,3,3,0.860465116,3,3,0,0
1746.042356253,661.906405150,0.170688808,0.991412723,0.587051619,0.490000000,41,43,37,6,0,0,3,3,0.860465116,3,3,0,0
1747.043226480,662.330188637,0.170688808,0.991412723,0.587051619,0.490000000,41,43,37,6,0,0,3,3,0.860465116,3,3,0,0
1748.042352676,662.559113771,0.170688808,0.991412723,0.587051619,0.490000000,41,43,37,6,0,0,3,3,0.860465116,3,3,0,0
1749.045534134,662.804570800,0.170688808,0.991412723,0.587051619,0.490000000,41,43,37,6,0,0,3,3,0.860465116,3,3,0,0
1754.068429470,662.929611555,0.170688808,0.991412723,0.587005155,0.480000000,42,44,38,6,0,0,3,3,0.863636364,3,3,0,0
1755.049696922,663.173243433,0.170688808,0.991412723,0.587005155,0.480000000,42,44,38,6,0,0,3,3,0.863636364,3,3,0,0
1756.043237686,663.523268643,0.170688808,0.991412723,0.587005155,0.480000000,42,44,38,6,0,0,3,3,0.863636364,3,3,0,0
1757.042111635,663.866268813,0.170688808,0.991412723,0.587005155,0.480000000,42,44,38,6,0,0,3,3,0.863636364,3,3,0,0
1758.044445753,664.216268795,0.170688808,0.991412723,0.587005155,0.480000000,42,44,38,6,0,0,3,3,0.863636364,3,3,0,0
1759.044313192,664.560789971,0.170688808,0.991412723,0.587005155,0.480000000,42,44,38,6,0,0,3,3,0.863636364,3,3,0,0
1760.045543671,664.799356557,0.170688808,0.991412723,0.587005155,0.480000000,42,44,38,6,0,0,3,3,0.863636364,3,3,0,0
1761.042906761,665.149337603,0.170688808,0.991412723,0.587005155,0.480000000,42,44,38,6,0,0,3,3,0.863636364,3,3,0,0
1762.043622732,665.499395078,0.170688808,0.991412723,0.587005155,0.480000000,42,44,38,6,0,0,3,3,0.863636364,3,3,0,0
1763.040961504,665.849395030,0.170688808,0.991412723,0.587005155,0.480000000,42,44,38,6,0,0,3,3,0.863636364,3,3,0,0
1764.045076847,666.192263249,0.170688808,0.991412723,0.587005155,0.480000000,42,44,38,6,0,0,3,3,0.863636364,3,3,0,0
1765.045084238,666.540717595,0.170688808,0.991412723,0.587005155,0.480000000,42,44,38,6,0,0,3,3,0.863636364,3,3,0,0
1766.042217731,666.882146692,0.170688808,0.991412723,0.587005155,0.480000000,42,44,38,6,0,0,3,3,0.863636364,3,3,0,0
1767.043973923,667.071416564,0.170688808,0.991412723,0.587005155,0.480000000,42,44,38,6,0,0,3,3,0.863636364,3,3,0,0
1768.042461157,667.185508632,0.170688808,0.991412723,0.587005155,0.480000000,42,44,38,6,0,0,3,3,0.863636364,3,3,0,0
1769.044538260,667.665192187,0.170688808,0.991412723,0.587005155,0.480000000,42,45,38,7,0,0,3,3,0.844444444,3,3,0,0
1770.043701410,667.924295236,0.170688808,0.991412723,0.587005155,0.480000000,42,45,38,7,0,0,3,3,0.844444444,3,3,0,0
1771.042692661,668.251196272,0.170688808,0.991412723,0.587005155,0.480000000,42,45,38,7,0,0,3,3,0.844444444,4,4,0,0
1772.040886879,668.749850930,0.170688808,0.991412723,0.587005155,0.480000000,42,45,38,7,0,0,3,3,0.844444444,4,4,0,0
1773.044058323,669.249262985,0.170688808,0.991412723,0.587005155,0.480000000,42,45,38,7,0,0,3,3,0.844444444,4,4,0,0
1774.042367220,669.748597955,0.170681292,0.991394156,0.587005155,0.480000000,42,45,38,7,0,0,3,3,0.844444444,4,4,0,0
1775.045364380,670.246766516,0.170681292,0.991394156,0.587005155,0.480000000,42,45,38,7,0,0,3,3,0.844444444,4,4,0,0
1776.046328545,670.745608530,0.170681292,0.991394156,0.587005155,0.480000000,42,45,38,7,0,0,3,3,0.844444444,4,4,0,0
1777.042029619,671.235191147,0.170668765,0.991375589,0.587005155,0.480000000,42,45,38,7,0,0,3,3,0.844444444,4,4,0,0
1778.042790890,671.734223732,0.170668765,0.991375589,0.587005155,0.480000000,42,45,38,7,0,0,3,3,0.844444444,4,4,0,0
1779.044795990,672.233793189,0.170668765,0.991375589,0.587005155,0.480000000,42,45,38,7,0,0,3,3,0.844444444,4,4,0,0
1780.043511629,672.732190621,0.170668765,0.991375589,0.587005155,0.480000000,42,45,38,7,0,0,3,3,0.844444444,4,4,0,0
1781.047035694,673.230650242,0.170661248,0.991375589,0.587005155,0.480000000,42,45,38,7,0,0,3,3,0.844444444,4,4,0,0
1782.046890497,673.729592160,0.170661248,0.991375589,0.587005155,0.480000000,42,45,38,7,0,0,3,3,0.844444444,4,4,0,0
1783.045726061,674.229127487,0.170661248,0.991375589,0.587005155,0.480000000,42,45,38,7,0,0,3,3,0.844444444,4,4,0,0
1784.041368246,674.727912270,0.170661248,0.991375589,0.587005155,0.480000000,42,45,38,7,0,0,3,3,0.844444444,4,4,0,0
1785.043678045,675.227058842,0.170661248,0.991375589,0.587005155,0.480000000,42,45,38,7,0,0,3,3,0.844444444,4,4,0,0
1786.042652607,675.725793223,0.170661248,0.991375589,0.587005155,0.480000000,42,45,38,7,0,0,3,3,0.844444444,4,4,0,0
1787.045625925,676.224231192,0.170661248,0.991375589,0.587005155,0.480000000,42,45,38,7,0,0,3,3,0.844444444,4,4,0,0
1788.044656754,676.723969457,0.170661248,0.991375589,0.587005155,0.480000000,42,45,38,7,0,0,3,3,0.844444444,4,4,0,0
1789.044858456,677.223109618,0.170658743,0.991412723,0.587005155,0.480000000,42,45,38,7,0,0,3,3,0.844444444,4,4,0,0
1790.044410467,677.722543599,0.170658743,0.991412723,0.587005155,0.480000000,42,45,38,7,0,0,3,3,0.844444444,4,4,0,0
1791.046162128,678.220824646,0.170658743,0.991412723,0.587005155,0.480000000,42,45,38,7,0,0,3,3,0.844444444,4,4,0,0
1792.044116974,678.719513229,0.170658743,0.991412723,0.587005155,0.480000000,42,45,38,7,0,0,3,3,0.844444444,4,4,0,0
1793.047479630,679.218188307,0.170658743,0.991412723,0.587005155,0.480000000,42,45,38,7,0,0,3,3,0.844444444,4,4,0,0
1794.048653603,679.717912061,0.170658743,0.991412723,0.587005155,0.480000000,42,45,38,7,0,0,3,3,0.844444444,4,4,0,0
1795.041893005,680.216804878,0.170658743,0.991412723,0.587005155,0.480000000,42,45,38,7,0,0,3,3,0.844444444,4,4,0,0
1796.046738386,680.716327773,0.170658743,0.991412723,0.587005155,0.480000000,42,45,38,7,0,0,3,3,0.844444444,4,4,0,0
1797.048764467,681.215710491,0.170658743,0.991412723,0.587005155,0.480000000,42,45,38,7,0,0,3,3,0.844444444,4,4,0,0
1798.046284199,681.715272839,0.170654984,0.991403440,0.587005155,0.480000000,42,45,38,7,0,0,3,3,0.844444444,4,4,0,0
1799.047214746,682.215125249,0.170654984,0.991403440,0.587005155,0.480000000,42,45,38,7,0,0,3,3,0.844444444,4,4,0,0
1800.047776222,682.715121586,0.170654984,0.991403440,0.587005155,0.480000000,42,45,38,7,0,0,3,3,0.844444444,4,4,0,0
1801.048024654,683.215121195,0.170647468,0.991403440,0.587005155,0.480000000,42,45,38,7,0,0,3,3,0.844444444,4,4,0,0
1802.047996759,683.700849847,0.170647468,0.991403440,0.587005155,0.480000000,42,45,38,7,0,0,3,3,0.844444444,4,4,0,0
1803.044661522,684.200518040,0.170647468,0.991403440,0.587005155,0.480000000,42,45,38,7,0,0,3,3,0.844444444,4,4,0,0
1804.047374249,684.700487363,0.170647468,0.991403440,0.587005155,0.480000000,42,45,38,7,0,0,3,3,0.844444444,4,4,0,0
1805.043161154,685.186888183,0.170662501,0.991384872,0.587005155,0.480000000,42,45,38,7,0,0,3,3,0.844444444,4,4,0,0
1806.045713425,685.685400284,0.170662501,0.991384872,0.587005155,0.480000000,42,45,38,7,0,0,3,3,0.844444444,4,4,0,0
1807.044874907,686.184990281,0.170662501,0.991384872,0.587005155,0.480000000,42,45,38,7,0,0,3,3,0.844444444,4,4,0,0
1808.042421579,686.683831664,0.170662501,0.991384872,0.587005155,0.480000000,42,45,38,7,0,0,3,3,0.844444444,4,4,0,0
1809.044659376,687.182295276,0.170662501,0.991384872,0.587005155,0.480000000,42,45,38,7,0,0,3,3,0.844444444,4,4,0,0
1810.045031309,687.680958394,0.170668765,0.991319888,0.587005155,0.480000000,42,45,38,7,0,0,3,3,0.844444444,4,4,0,0
1811.043664217,688.179801193,0.170668765,0.991319888,0.587005155,0.480000000,42,45,38,7,0,0,3,3,0.844444444,4,4,0,0
1812.046364069,688.679097451,0.170668765,0.991319888,0.587005155,0.480000000,42,45,38,7,0,0,3,3,0.844444444,4,4,0,0
1813.043996572,689.177135697,0.170670017,0.991338455,0.587005155,0.480000000,42,45,38,7,0,0,3,3,0.844444444,4,4,0,0
1814.042549610,689.675605957,0.170670017,0.991338455,0.587005155,0.480000000,42,45,38,7,0,0,3,3,0.844444444,4,4,0,0
1815.043910742,690.174579629,0.170673776,0.991357022,0.587005155,0.480000000,42,45,38,7,0,0,3,3,0.844444444,4,4,0,0
1816.045615196,690.673600214,0.170676281,0.991375589,0.587005155,0.480000000,42,45,38,7,0,0,3,3,0.844444444,4,4,0,0
1817.043430328,691.173015330,0.170687556,0.991394156,0.587005155,0.480000000,42,45,38,7,0,0,3,3,0.844444444,4,4,0,0
1818.045165300,691.670543162,0.170687556,0.991394156,0.587005155,0.480000000,42,45,38,7,0,0,3,3,0.844444444,4,4,0,0
1819.043975115,692.165129653,0.170696325,0.991403440,0.587005155,0.480000000,42,45,38,7,0,0,3,3,0.844444444,4,4,0,0
1820.046311140,692.653598467,0.170705094,0.991412723,0.587005155,0.480000000,42,45,38,7,0,0,3,3,0.844444444,4,4,0,0
1821.041813850,693.153557048,0.170712611,0.991417365,0.587005155,0.480000000,42,45,38,7,0,0,3,3,0.844444444,4,4,0,0
1822.043202162,693.608743648,0.170717622,0.991417365,0.587005155,0.480000000,42,45,38,7,0,0,3,3,0.844444444,4,4,0,0
1823.042612076,693.886951564,0.170718874,0.991435932,0.587005155,0.480000000,42,45,38,7,0,0,3,3,0.844444444,4,4,0,0
1824.045349360,694.107126785,0.170718874,0.991435932,0.587005155,0.480000000,42,45,38,7,0,0,3,3,0.844444444,4,4,0,0
1829.004047394,694.155447071,0.170718874,0.991435932,0.583130576,0.480000000,43,46,39,7,0,0,3,3,0.847826087,4,4,0,0
1829.041086912,694.155447071,0.170718874,0.991435932,0.583130576,0.480000000,43,46,39,7,0,0,3,3,0.847826087,4,4,0,0
1830.042732000,694.394827634,0.170718874,0.991435932,0.583130576,0.480000000,43,46,39,7,0,0,3,3,0.847826087,4,4,0,0
1831.043863297,694.603913126,0.170718874,0.991435932,0.583130576,0.480000000,43,46,39,7,0,0,3,3,0.847826087,4,4,0,0
1832.040943384,694.658595662,0.170718874,0.991435932,0.583130576,0.480000000,43,46,39,7,0,0,3,3,0.847826087,4,4,0,0
1833.043884039,695.039377189,0.170718874,0.991435932,0.583130576,0.480000000,43,46,39,7,0,0,3,3,0.847826087,4,4,0,0
1834.045470715,695.539244832,0.170718874,0.991435932,0.583130576,0.480000000,43,46,39,7,0,0,3,3,0.847826087,4,4,0,0
1835.043806791,696.038826474,0.170718874,0.991435932,0.583130576,0.480000000,43,46,39,7,0,0,3,3,0.847826087,4,4,0,0
1836.044071913,696.538602661,0.170718874,0.991435932,0.583130576,0.480000000,43,46,39,7,0,0,3,3,0.847826087,4,4,0,0
1837.044195890,697.027274090,0.170718874,0.991435932,0.583130576,0.480000000,43,46,39,7,0,0,3,3,0.847826087,4,4,0,0
1838.043454647,697.380287391,0.170718874,0.991435932,0.583130576,0.480000000,43,46,39,7,0,0,3,3,0.847826087,4,4,0,0
1839.044692278,697.880208712,0.170718874,0.991435932,0.583130576,0.480000000,43,46,39,7,0,0,3,3,0.847826087,4,4,0,0
1840.044077873,698.379947186,0.170718874,0.991435932,0.583130576,0.480000000,43,46,39,7,0,0,3,3,0.847826087,4,4,0,0
1841.044977427,698.879890518,0.170718874,0.991435932,0.583130576,0.480000000,43,46,39,7,0,0,3,3,0.847826087,4,4,0,0
1842.046391487,699.379406674,0.170718874,0.991435932,0.583130576,0.480000000,43,46,39,7,0,0,3,3,0.847826087,4,4,0,0
1843.046934843,699.879154817,0.170718874,0.991435932,0.583130576,0.480000000,43,46,39,7,0,0,3,3,0.847826087,4,4,0,0
1844.047528982,700.377905006,0.170718874,0.991435932,0.583130576,0.480000000,43,46,39,7,0,0,3,3,0.847826087,4,4,0,0
1845.046874285,700.877809383,0.170718874,0.991435932,0.583130576,0.480000000,43,46,39,7,0,0,3,3,0.847826087,4,4,0,0
1846.043181896,701.366803478,0.170718874,0.991435932,0.583130576,0.480000000,43,46,39,7,0,0,3,3,0.847826087,4,4,0,0
1847.042735100,701.866612196,0.170718874,0.991435932,0.583130576,0.480000000,43,46,39,7,0,0,3,3,0.847826087,4,4,0,0
1848.048494577,702.366611735,0.170718874,0.991435932,0.583130576,0.480000000,43,46,39,7,0,0,3,3,0.847826087,4,4,0,0
1849.047481537,702.866376416,0.170735160,0.991528767,0.583130576,0.480000000,43,46,39,7,0,0,3,3,0.847826087,4,4,0,0
1850.046143770,703.356346832,0.170735160,0.991528767,0.583130576,0.480000000,43,46,39,7,0,0,3,3,0.847826087,4,4,0,0
1851.049195766,703.853041123,0.170735160,0.991528767,0.583130576,0.480000000,43,46,39,7,0,0,3,3,0.847826087,4,4,0,0
1852.043132067,704.351236191,0.170735160,0.991528767,0.583130576,0.480000000,43,46,39,7,0,0,3,3,0.847826087,4,4,0,0
1853.043971300,704.840855905,0.170735160,0.991528767,0.583130576,0.480000000,43,46,39,7,0,0,3,3,0.847826087,4,4,0,0
1854.043837786,705.333960985,0.170735160,0.991528767,0.583130576,0.480000000,43,46,39,7,0,0,3,3,0.847826087,4,4,0,0
1855.046645641,705.832382288,0.170735160,0.991528767,0.583130576,0.480000000,43,46,39,7,0,0,3,3,0.847826087,4,4,0,0
1856.043956757,706.327203955,0.170735160,0.991528767,0.583130576,0.480000000,43,46,39,7,0,0,3,3,0.847826087,4,4,0,0
1857.045361757,706.825928626,0.170735160,0.991528767,0.583130576,0.480000000,43,46,39,7,0,0,3,3,0.847826087,4,4,0,0
1858.042758942,707.323425040,0.170735160,0.991528767,0.583130576,0.480000000,43,46,39,7,0,0,3,3,0.847826087,4,4,0,0
1859.043663025,707.819812079,0.170735160,0.991528767,0.583130576,0.480000000,43,46,39,7,0,0,3,3,0.847826087,4,4,0,0
1860.045273781,708.314009212,0.170735160,0.991528767,0.583130576,0.480000000,43,46,39,7,0,0,3,3,0.847826087,4,4,0,0
1861.041927099,708.809532786,0.170735160,0.991528767,0.583130576,0.480000000,43,46,39,7,0,0,3,3,0.847826087,4,4,0,0
1862.046587944,709.308739706,0.170735160,0.991528767,0.583130576,0.480000000,43,46,39,7,0,0,3,3,0.847826087,4,4,0,0
1863.045508862,709.808031884,0.170735160,0.991528767,0.583130576,0.480000000,43,46,39,7,0,0,3,3,0.847826087,4,4,0,0
1864.047506332,710.295909134,0.170735160,0.991528767,0.583130576,0.480000000,43,46,39,7,0,0,3,3,0.847826087,4,4,0,0
1865.043919086,710.793487974,0.170735160,0.991528767,0.583130576,0.480000000,43,46,39,7,0,0,3,3,0.847826087,4,4,0,0
1866.047370672,711.282076305,0.170735160,0.991528767,0.583130576,0.480000000,43,46,39,7,0,0,3,3,0.847826087,4,4,0,0
1867.043350220,711.691431546,0.170735160,0.991528767,0.583130576,0.480000000,43,46,39,7,0,0,3,3,0.847826087,4,4,0,0
1868.045652390,712.186370112,0.170735160,0.991528767,0.583130576,0.480000000,43,46,39,7,0,0,3,3,0.847826087,4,4,0,0
1869.042434216,712.683946759,0.170735160,0.991528767,0.583130576,0.480000000,43,46,39,7,0,0,3,3,0.847826087,4,4,0,0
1870.044409037,713.182655952,0.170735160,0.991528767,0.583130576,0.480000000,43,46,39,7,0,0,3,3,0.847826087,4,4,0,0
1871.044382572,713.682618515,0.170735160,0.991528767,0.583130576,0.480000000,43,46,39,7,0,0,3,3,0.847826087,4,4,0,0
1872.045841217,714.181404841,0.170735160,0.991528767,0.583130576,0.480000000,43,46,39,7,0,0,3,3,0.847826087,4,4,0,0
1873.043534040,714.680515122,0.170726391,0.991454499,0.583130576,0.480000000,43,46,39,7,0,0,3,3,0.847826087,4,4,0,0
1874.042540789,715.174554614,0.170726391,0.991454499,0.583130576,0.480000000,43,46,39,7,0,0,3,3,0.847826087,4,4,0,0
1875.045289278,715.644261256,0.170726391,0.991454499,0.583130576,0.480000000,43,46,39,7,0,0,3,3,0.847826087,4,4,0,0
1876.041759729,716.119341943,0.170726391,0.991454499,0.583130576,0.480000000,43,46,39,7,0,0,3,3,0.847826087,4,4,0,0
1877.040847301,716.609328750,0.170726391,0.991454499,0.583130576,0.480000000,43,46,39,7,0,0,3,3,0.847826087,4,4,0,0
1878.042465448,717.088161519,0.170718874,0.991435932,0.583130576,0.480000000,43,46,39,7,0,0,3,3,0.847826087,4,4,0,0
1879.043525219,717.558991676,0.170718874,0.991435932,0.583130576,0.480000000,43,47,39,8,0,0,3,3,0.829787234,4,4,0,0
1880.041313171,717.791472257,0.170718874,0.991435932,0.583130576,0.480000000,43,47,39,8,0,0,3,3,0.829787234,5,5,0,0
1881.042237043,718.240278266,0.170718874,0.991435932,0.583130576,0.480000000,43,47,39,8,0,0,3,3,0.829787234,5,5,0,0
1882.044630289,718.729886082,0.170718874,0.991435932,0.583130576,0.480000000,43,47,39,8,0,0,3,3,0.829787234,5,5,0,0
1883.047722101,719.229861872,0.170718874,0.991435932,0.583130576,0.480000000,43,47,39,8,0,0,3,3,0.829787234,5,5,0,0
1884.045491695,719.719663371,0.170718874,0.991435932,0.583130576,0.480000000,43,47,39,8,0,0,3,3,0.829787234,5,5,0,0
1885.042096376,720.209662905,0.170718874,0.991435932,0.583130576,0.480000000,43,47,39,8,0,0,3,3,0.829787234,5,5,0,0
1886.041387796,720.709292131,0.170718874,0.991435932,0.583130576,0.480000000,43,47,39,8,0,0,3,3,0.829787234,5,5,0,0
1887.042336702,721.198714700,0.170718874,0.991435932,0.583130576,0.480000000,43,47,39,8,0,0,3,3,0.829787234,5,5,0,0
1888.045742989,721.689055470,0.170718874,0.991435932,0.583130576,0.480000000,43,47,39,8,0,0,3,3,0.829787234,5,5,0,0
1889.045566797,721.972129602,0.170741424,0.991547334,0.583130576,0.480000000,43,47,39,8,0,0,3,3,0.829787234,5,5,0,0
1890.045869827,722.328470189,0.170741424,0.991547334,0.583130576,0.480000000,43,47,39,8,0,0,3,3,0.829787234,5,5,0,0
1891.041676760,722.532317133,0.170741424,0.991547334,0.583130576,0.480000000,43,47,39,8,0,0,3,3,0.829787234,5,5,0,0
1892.045476437,722.687412398,0.170741424,0.991547334,0.583130576,0.480000000,43,47,39,8,0,0,3,3,0.829787234,5,5,0,0
