time_s,goal_id,decision_id,poses,path_length_m,endpoint_x,endpoint_y,frontier_x,frontier_y,endpoint_error_m,usable
4.337499619,1,1,17,0.929798918,0.880994347,0.208417130,0.880994347,0.208417130,0.000000000,1
5.319289207,1,1,14,0.690022553,0.880994347,0.208417130,0.880994347,0.208417130,0.000000000,1
6.332835913,1,1,10,0.498774247,0.880994347,0.208417130,0.880994347,0.208417130,0.000000000,1
17.322170019,2,2,98,4.894119482,3.462080658,3.808417183,3.462080658,3.808417183,0.000000000,1
18.085040808,2,2,94,4.693357058,3.462080658,3.808417183,3.462080658,3.808417183,0.000000000,1
19.104604959,2,2,84,4.173045232,3.462080658,3.808417183,3.462080658,3.808417183,0.000000000,1
20.140014410,2,2,76,3.802819569,3.462080658,3.808417183,3.462080658,3.808417183,0.000000000,1
21.167315960,2,2,66,3.302571466,3.462080658,3.808417183,3.462080658,3.808417183,0.000000000,1
22.196744919,2,2,57,2.858382568,3.462080658,3.808417183,3.462080658,3.808417183,0.000000000,1
23.219534397,2,2,49,2.443854771,3.462080658,3.808417183,3.462080658,3.808417183,0.000000000,1
24.234776020,2,2,40,1.997582538,3.462080658,3.808417183,3.462080658,3.808417183,0.000000000,1
25.260942936,2,2,30,1.496777606,3.462080658,3.808417183,3.462080658,3.808417183,0.000000000,1
26.298141241,2,2,22,1.081256175,3.462080658,3.808417183,3.462080658,3.808417183,0.000000000,1
27.338994026,2,2,14,0.715575702,3.462080658,3.808417183,3.462080658,3.808417183,0.000000000,1
28.353868723,2,2,9,0.442829165,3.462080658,3.808417183,3.462080658,3.808417183,0.000000000,1
35.004683018,3,3,186,9.382851152,-5.404114219,5.708417212,-5.404114219,5.708417212,0.000000000,1
35.885113001,3,3,184,9.265884018,-5.404114219,5.708417212,-5.404114219,5.708417212,0.000000000,1
36.927756548,3,3,185,9.315663301,-5.404114219,5.708417212,-5.404114219,5.708417212,0.000000000,1
37.944777966,3,3,181,9.152249612,-5.404114219,5.708417212,-5.404114219,5.708417212,0.000000000,1
38.984933138,3,3,170,8.515354005,-5.404114219,5.708417212,-5.404114219,5.708417212,0.000000000,1
40.024589777,3,3,168,8.426335767,-5.404114219,5.708417212,-5.404114219,5.708417212,0.000000000,1
41.022092581,3,3,154,7.765733697,-5.404114219,5.708417212,-5.404114219,5.708417212,0.000000000,1
42.044759750,3,3,142,7.228871054,-5.404114219,5.708417212,-5.404114219,5.708417212,0.000000000,1
43.074063301,3,3,135,6.843799406,-5.404114219,5.708417212,-5.404114219,5.708417212,0.000000000,1
44.100172997,3,3,126,6.373305853,-5.404114219,5.708417212,-5.404114219,5.708417212,0.000000000,1
45.134532213,3,3,118,5.970860715,-5.404114219,5.708417212,-5.404114219,5.708417212,0.000000000,1
46.156338692,3,3,110,5.560600291,-5.404114219,5.708417212,-5.404114219,5.708417212,0.000000000,1
47.172112465,3,3,98,4.971601834,-5.404114219,5.708417212,-5.404114219,5.708417212,0.000000000,1
48.202668905,3,3,90,4.545285534,-5.404114219,5.708417212,-5.404114219,5.708417212,0.000000000,1
49.222871304,3,3,82,4.147629043,-5.404114219,5.708417212,-5.404114219,5.708417212,0.000000000,1
50.254642010,3,3,72,3.733463485,-5.404114219,5.708417212,-5.404114219,5.708417212,0.000000000,1
51.275181055,3,3,66,3.437267354,-5.404114219,5.708417212,-5.404114219,5.708417212,0.000000000,1
52.280097961,3,3,58,3.080320352,-5.404114219,5.708417212,-5.404114219,5.708417212,0.000000000,1
53.313156366,3,3,52,2.724530819,-5.404114219,5.708417212,-5.404114219,5.708417212,0.000000000,1
54.348060846,3,3,46,2.299570428,-5.404114219,5.708417212,-5.404114219,5.708417212,0.000000000,1
55.365582705,3,3,36,1.783549702,-5.404114219,5.708417212,-5.404114219,5.708417212,0.000000000,1
56.385209084,3,3,28,1.387462547,-5.404114219,5.708417212,-5.404114219,5.708417212,0.000000000,1
57.417239904,3,3,22,1.111900956,-5.404114219,5.708417212,-5.404114219,5.708417212,0.000000000,1
58.434751749,3,3,17,0.825788922,-5.404114219,5.708417212,-5.404114219,5.708417212,0.000000000,1
59.459144592,3,3,14,0.703646467,-5.404114219,5.708417212,-5.404114219,5.708417212,0.000000000,1
67.836790085,4,4,180,9.463712210,-2.304814729,8.708417256,-2.304814729,8.708417256,0.000000000,1
68.707726955,4,4,181,9.208322384,-2.304814729,8.708417256,-2.304814729,8.708417256,0.000000000,1
69.721736431,4,4,170,8.623498451,-2.304814729,8.708417256,-2.304814729,8.708417256,0.000000000,1
70.752635241,4,4,166,8.438754124,-2.304814729,8.708417256,-2.304814729,8.708417256,0.000000000,1
71.766424179,4,4,162,8.408063196,-2.304814729,8.708417256,-2.304814729,8.708417256,0.000000000,1
72.798954725,4,4,156,8.152167190,-2.304814729,8.708417256,-2.304814729,8.708417256,0.000000000,1
73.827260733,4,4,150,7.849377057,-2.304814729,8.708417256,-2.304814729,8.708417256,0.000000000,1
74.861118555,4,4,266,13.405887389,-2.304814729,8.708417256,-2.304814729,8.708417256,0.000000000,1
75.880017042,4,4,269,13.544435122,-2.304814729,8.708417256,-2.304814729,8.708417256,0.000000000,1
76.927171946,4,4,268,13.487301501,-2.304814729,8.708417256,-2.304814729,8.708417256,0.000000000,1
77.945820570,4,4,263,13.241495811,-2.304814729,8.708417256,-2.304814729,8.708417256,0.000000000,1
78.969878912,4,4,261,13.150435738,-2.304814729,8.708417256,-2.304814729,8.708417256,0.000000000,1
79.981208086,4,4,263,13.222451957,-2.304814729,8.708417256,-2.304814729,8.708417256,0.000000000,1
81.001611710,4,4,262,13.186128783,-2.304814729,8.708417256,-2.304814729,8.708417256,0.000000000,1
82.036414146,4,4,255,12.832757868,-2.304814729,8.708417256,-2.304814729,8.708417256,0.000000000,1
83.059603930,4,4,248,12.492774744,-2.304814729,8.708417256,-2.304814729,8.708417256,0.000000000,1
84.084205389,4,4,243,12.234782300,-2.304814729,8.708417256,-2.304814729,8.708417256,0.000000000,1
85.115827084,4,4,234,11.780047715,-2.304814729,8.708417256,-2.304814729,8.708417256,0.000000000,1
86.143618584,4,4,225,11.322127501,-2.304814729,8.708417256,-2.304814729,8.708417256,0.000000000,1
87.179825068,4,4,216,10.908366603,-2.304814729,8.708417256,-2.304814729,8.708417256,0.000000000,1
88.203960896,4,4,208,10.471944154,-2.304814729,8.708417256,-2.304814729,8.708417256,0.000000000,1
89.233959675,4,4,197,9.941375224,-2.304814729,8.708417256,-2.304814729,8.708417256,0.000000000,1
90.247369766,4,4,189,9.538827873,-2.304814729,8.708417256,-2.304814729,8.708417256,0.000000000,1
91.261720419,4,4,181,9.141710182,-2.304814729,8.708417256,-2.304814729,8.708417256,0.000000000,1
92.291145802,4,4,173,8.741850970,-2.304814729,8.708417256,-2.304814729,8.708417256,0.000000000,1
93.328442574,4,4,165,8.336913286,-2.304814729,8.708417256,-2.304814729,8.708417256,0.000000000,1
94.344669580,4,4,157,7.939076830,-2.304814729,8.708417256,-2.304814729,8.708417256,0.000000000,1
95.361137390,4,4,152,7.663335091,-2.304814729,8.708417256,-2.304814729,8.708417256,0.000000000,1
96.368671894,4,4,144,7.271787777,-2.304814729,8.708417256,-2.304814729,8.708417256,0.000000000,1
97.394278049,4,4,136,6.873061775,-2.304814729,8.708417256,-2.304814729,8.708417256,0.000000000,1
98.427607059,4,4,130,6.573202206,-2.304814729,8.708417256,-2.304814729,8.708417256,0.000000000,1
99.447487354,4,4,124,6.282405477,-2.304814729,8.708417256,-2.304814729,8.708417256,0.000000000,1
100.477308989,4,4,114,5.777318543,-2.304814729,8.708417256,-2.304814729,8.708417256,0.000000000,1
101.496127367,4,4,104,5.314245999,-2.304814729,8.708417256,-2.304814729,8.708417256,0.000000000,1
102.507576704,4,4,94,4.784655671,-2.304814729,8.708417256,-2.304814729,8.708417256,0.000000000,1
103.546454668,4,4,87,4.438582672,-2.304814729,8.708417256,-2.304814729,8.708417256,0.000000000,1
104.566346645,4,4,77,3.941608068,-2.304814729,8.708417256,-2.304814729,8.708417256,0.000000000,1
105.587758064,4,4,67,3.450389961,-2.304814729,8.708417256,-2.304814729,8.708417256,0.000000000,1
106.606193542,4,4,62,3.176076284,-2.304814729,8.708417256,-2.304814729,8.708417256,0.000000000,1
107.625279665,4,4,46,2.410922821,-2.304814729,8.708417256,-2.304814729,8.708417256,0.000000000,1
108.647470236,4,4,38,1.989867572,-2.304814729,8.708417256,-2.304814729,8.708417256,0.000000000,1
109.675409317,4,4,28,1.489561607,-2.304814729,8.708417256,-2.304814729,8.708417256,0.000000000,1
110.685288191,4,4,21,1.130041488,-2.304814729,8.708417256,-2.304814729,8.708417256,0.000000000,1
111.711843014,4,4,14,0.774185399,-2.304814729,8.708417256,-2.304814729,8.708417256,0.000000000,1
112.741945982,4,4,10,0.569520943,-2.304814729,8.708417256,-2.304814729,8.708417256,0.000000000,1
119.296577930,5,5,164,8.263200174,1.988610464,10.808417288,1.988610464,10.808417288,0.000000000,1
120.198003769,5,5,161,8.119766452,1.988610464,10.808417288,1.988610464,10.808417288,0.000000000,1
121.211792231,5,5,153,7.743381759,1.988610464,10.808417288,1.988610464,10.808417288,0.000000000,1
122.233396769,5,5,148,7.475310307,1.988610464,10.808417288,1.988610464,10.808417288,0.000000000,1
123.249892950,5,5,140,7.100386839,1.988610464,10.808417288,1.988610464,10.808417288,0.000000000,1
124.277189732,5,5,134,6.805907509,1.988610464,10.808417288,1.988610464,10.808417288,0.000000000,1
125.322648287,5,5,131,6.556337690,1.988610464,10.808417288,1.988610464,10.808417288,0.000000000,1
126.322818756,5,5,125,6.249048556,1.988610464,10.808417288,1.988610464,10.808417288,0.000000000,1
127.347695827,5,5,115,5.838151895,1.988610464,10.808417288,1.988610464,10.808417288,0.000000000,1
128.375742435,5,5,108,5.481314775,1.988610464,10.808417288,1.988610464,10.808417288,0.000000000,1
129.397596359,5,5,104,5.289112561,1.988610464,10.808417288,1.988610464,10.808417288,0.000000000,1
130.425500393,5,5,105,5.255280077,1.988610464,10.808417288,1.988610464,10.808417288,0.000000000,1
131.452540159,5,5,101,5.067143137,1.988610464,10.808417288,1.988610464,10.808417288,0.000000000,1
132.480752230,5,5,91,4.532185748,1.988610464,10.808417288,1.988610464,10.808417288,0.000000000,1
133.505530119,5,5,83,4.169114210,1.988610464,10.808417288,1.988610464,10.808417288,0.000000000,1
134.523999929,5,5,73,3.655630849,1.988610464,10.808417288,1.988610464,10.808417288,0.000000000,1
135.556927443,5,5,64,3.175867829,1.988610464,10.808417288,1.988610464,10.808417288,0.000000000,1
136.584334373,5,5,53,2.653134421,1.988610464,10.808417288,1.988610464,10.808417288,0.000000000,1
137.614455462,5,5,45,2.247864921,1.988610464,10.808417288,1.988610464,10.808417288,0.000000000,1
138.637314558,5,5,34,1.700163870,1.988610464,10.808417288,1.988610464,10.808417288,0.000000000,1
139.644268751,5,5,24,1.202081605,1.988610464,10.808417288,1.988610464,10.808417288,0.000000000,1
140.674366474,5,5,18,0.919238829,1.988610464,10.808417288,1.988610464,10.808417288,0.000000000,1
141.694216728,5,5,13,0.642123291,1.988610464,10.808417288,1.988610464,10.808417288,0.000000000,1
148.407681704,6,6,214,10.707153536,7.388610545,9.808417273,7.388610545,9.808417273,0.000000000,1
149.335818052,6,6,212,10.592793717,7.388610545,9.808417273,7.388610545,9.808417273,0.000000000,1
150.318971872,6,6,206,10.307778251,7.388610545,9.808417273,7.388610545,9.808417273,0.000000000,1
151.335136175,6,6,199,9.939019003,7.388610545,9.808417273,7.388610545,9.808417273,0.000000000,1
152.361512184,6,6,191,9.576451937,7.388610545,9.808417273,7.388610545,9.808417273,0.000000000,1
153.385241747,6,6,191,9.560262085,7.388610545,9.808417273,7.388610545,9.808417273,0.000000000,1
154.417872667,6,6,191,9.560262085,7.388610545,9.808417273,7.388610545,9.808417273,0.000000000,1
155.422920704,6,6,188,9.405663946,7.388610545,9.808417273,7.388610545,9.808417273,0.000000000,1
156.443999290,6,6,181,9.075031463,7.388610545,9.808417273,7.388610545,9.808417273,0.000000000,1
157.477187872,6,6,170,8.500999223,7.388610545,9.808417273,7.388610545,9.808417273,0.000000000,1
158.494738817,6,6,162,8.105575200,7.388610545,9.808417273,7.388610545,9.808417273,0.000000000,1
159.525051594,6,6,151,7.553823994,7.388610545,9.808417273,7.388610545,9.808417273,0.000000000,1
160.541581154,6,6,142,7.119081423,7.388610545,9.808417273,7.388610545,9.808417273,0.000000000,1
161.554782391,6,6,131,6.553895875,7.388610545,9.808417273,7.388610545,9.808417273,0.000000000,1
162.582710743,6,6,125,6.228669594,7.388610545,9.808417273,7.388610545,9.808417273,0.000000000,1
163.618972301,6,6,113,5.654502854,7.388610545,9.808417273,7.388610545,9.808417273,0.000000000,1
164.635628223,6,6,105,5.228928797,7.388610545,9.808417273,7.388610545,9.808417273,0.000000000,1
165.672051668,6,6,97,4.829141317,7.388610545,9.808417273,7.388610545,9.808417273,0.000000000,1
166.688339233,6,6,85,4.240502492,7.388610545,9.808417273,7.388610545,9.808417273,0.000000000,1
167.693954468,6,6,79,3.920824074,7.388610545,9.808417273,7.388610545,9.808417273,0.000000000,1
168.717718124,6,6,67,3.341634321,7.388610545,9.808417273,7.388610545,9.808417273,0.000000000,1
169.751030207,6,6,58,2.912674813,7.388610545,9.808417273,7.388610545,9.808417273,0.000000000,1
170.779282570,6,6,48,2.414623281,7.388610545,9.808417273,7.388610545,9.808417273,0.000000000,1
171.810727596,6,6,38,1.999210495,7.388610545,9.808417273,7.388610545,9.808417273,0.000000000,1
172.818116665,6,6,28,1.393815639,7.388610545,9.808417273,7.388610545,9.808417273,0.000000000,1
173.849942446,6,6,21,1.070505174,7.388610545,9.808417273,7.388610545,9.808417273,0.000000000,1
174.872717857,6,6,15,0.770290357,7.388610545,9.808417273,7.388610545,9.808417273,0.000000000,1
175.887149811,6,6,11,0.533721766,7.388610545,9.808417273,7.388610545,9.808417273,0.000000000,1
182.325089455,7,7,289,14.520450929,12.688610624,-2.791582915,12.688610624,-2.791582915,0.000000000,1
183.232767344,7,7,289,14.522088302,12.688610624,-2.791582915,12.688610624,-2.791582915,0.000000000,1
184.255094767,7,7,289,14.520127445,12.688610624,-2.791582915,12.688610624,-2.791582915,0.000000000,1
185.289797306,7,7,289,14.454365236,12.688610624,-2.791582915,12.688610624,-2.791582915,0.000000000,1
186.316586018,7,7,285,14.233274094,12.688610624,-2.791582915,12.688610624,-2.791582915,0.000000000,1
187.345875978,7,7,272,13.641952640,12.688610624,-2.791582915,12.688610624,-2.791582915,0.000000000,1
188.357634783,7,7,264,13.239939465,12.688610624,-2.791582915,12.688610624,-2.791582915,0.000000000,1
189.395221472,7,7,257,12.803733756,12.688610624,-2.791582915,12.688610624,-2.791582915,0.000000000,1
190.410891771,7,7,249,12.393736518,12.688610624,-2.791582915,12.688610624,-2.791582915,0.000000000,1
191.432599306,7,7,237,11.856912003,12.688610624,-2.791582915,12.688610624,-2.791582915,0.000000000,1
192.467235327,7,7,228,11.398794280,12.688610624,-2.791582915,12.688610624,-2.791582915,0.000000000,1
193.494224548,7,7,220,10.995724716,12.688610624,-2.791582915,12.688610624,-2.791582915,0.000000000,1
194.520040274,7,7,212,10.550575498,12.688610624,-2.791582915,12.688610624,-2.791582915,0.000000000,1
195.553584576,7,7,204,10.144458391,12.688610624,-2.791582915,12.688610624,-2.791582915,0.000000000,1
196.563910007,7,7,191,9.559767844,12.688610624,-2.791582915,12.688610624,-2.791582915,0.000000000,1
197.605879307,7,7,183,9.156208160,12.688610624,-2.791582915,12.688610624,-2.791582915,0.000000000,1
198.641746759,7,7,171,8.611628329,12.688610624,-2.791582915,12.688610624,-2.791582915,0.000000000,1
199.655392885,7,7,164,8.232702294,12.688610624,-2.791582915,12.688610624,-2.791582915,0.000000000,1
200.675715685,7,7,153,7.710492006,12.688610624,-2.791582915,12.688610624,-2.791582915,0.000000000,1
201.698306561,7,7,144,7.253626220,12.688610624,-2.791582915,12.688610624,-2.791582915,0.000000000,1
202.724685431,7,7,140,6.942547999,12.688610624,-2.791582915,12.688610624,-2.791582915,0.000000000,1
203.755318642,7,7,130,6.486297409,12.688610624,-2.791582915,12.688610624,-2.791582915,0.000000000,1
204.773793697,7,7,116,5.809727518,12.688610624,-2.791582915,12.688610624,-2.791582915,0.000000000,1
205.804349899,7,7,111,5.507785650,12.688610624,-2.791582915,12.688610624,-2.791582915,0.000000000,1
206.827027798,7,7,98,4.925396429,12.688610624,-2.791582915,12.688610624,-2.791582915,0.000000000,1
207.857335567,7,7,88,4.425754572,12.688610624,-2.791582915,12.688610624,-2.791582915,0.000000000,1
208.884041309,7,7,83,4.101352039,12.688610624,-2.791582915,12.688610624,-2.791582915,0.000000000,1
209.918481112,7,7,70,3.610835092,12.688610624,-2.791582915,12.688610624,-2.791582915,0.000000000,1
210.939832926,7,7,63,3.126793993,12.688610624,-2.791582915,12.688610624,-2.791582915,0.000000000,1
211.968715191,7,7,51,2.654676227,12.688610624,-2.791582915,12.688610624,-2.791582915,0.000000000,1
212.995402336,7,7,44,2.168540768,12.688610624,-2.791582915,12.688610624,-2.791582915,0.000000000,1
214.010536194,7,7,32,1.569800136,12.688610624,-2.791582915,12.688610624,-2.791582915,0.000000000,1
215.031202793,7,7,22,1.114795178,12.688610624,-2.791582915,12.688610624,-2.791582915,0.000000000,1
216.060557127,7,7,16,0.814160116,12.688610624,-2.791582915,12.688610624,-2.791582915,0.000000000,1
217.088040352,7,7,12,0.614147441,12.688610624,-2.791582915,12.688610624,-2.791582915,0.000000000,1
218.110300779,7,7,10,0.518140875,12.688610624,-2.791582915,12.688610624,-2.791582915,0.000000000,1
224.652244568,8,8,78,4.067502417,12.888610627,-5.028905647,12.888610627,-5.028905647,0.000000000,1
225.541181326,8,8,78,4.067502417,12.888610627,-5.028905647,12.888610627,-5.028905647,0.000000000,1
226.565754175,8,8,78,4.067502417,12.888610627,-5.028905647,12.888610627,-5.028905647,0.000000000,1
227.595211983,8,8,78,4.067502417,12.888610627,-5.028905647,12.888610627,-5.028905647,0.000000000,1
228.680967569,8,8,78,4.067502417,12.888610627,-5.028905647,12.888610627,-5.028905647,0.000000000,1
229.670406342,8,8,80,4.112120635,12.888610627,-5.028905647,12.888610627,-5.028905647,0.000000000,1
230.676533699,8,8,74,3.877747872,12.888610627,-5.028905647,12.888610627,-5.028905647,0.000000000,1
231.705345154,8,8,68,3.586357096,12.888610627,-5.028905647,12.888610627,-5.028905647,0.000000000,1
232.739663601,8,8,63,3.136788424,12.888610627,-5.028905647,12.888610627,-5.028905647,0.000000000,1
233.751665115,8,8,54,2.812619165,12.888610627,-5.028905647,12.888610627,-5.028905647,0.000000000,1
234.776287556,8,8,46,2.376660069,12.888610627,-5.028905647,12.888610627,-5.028905647,0.000000000,1
235.813392401,8,8,37,1.933469206,12.888610627,-5.028905647,12.888610627,-5.028905647,0.000000000,1
236.834464550,8,8,29,1.519845779,12.888610627,-5.028905647,12.888610627,-5.028905647,0.000000000,1
237.872512102,8,8,20,1.073357096,12.888610627,-5.028905647,12.888610627,-5.028905647,0.000000000,1
238.897791862,8,8,13,0.754125372,12.888610627,-5.028905647,12.888610627,-5.028905647,0.000000000,1
239.922829390,8,8,9,0.530318678,12.888610627,-5.028905647,12.888610627,-5.028905647,0.000000000,1
247.943484306,9,9,160,8.019726533,20.488610740,-5.228905650,20.488610740,-5.228905650,0.000000000,1
248.813868523,9,9,156,7.820573307,20.488610740,-5.228905650,20.488610740,-5.228905650,0.000000000,1
249.849306345,9,9,146,7.319175612,20.488610740,-5.228905650,20.488610740,-5.228905650,0.000000000,1
250.874615431,9,9,138,6.919207453,20.488610740,-5.228905650,20.488610740,-5.228905650,0.000000000,1
251.906637192,9,9,130,6.519251043,20.488610740,-5.228905650,20.488610740,-5.228905650,0.000000000,1
252.943635941,9,9,120,6.020667568,20.488610740,-5.228905650,20.488610740,-5.228905650,0.000000000,1
253.952562332,9,9,112,5.620602070,20.488610740,-5.228905650,20.488610740,-5.228905650,0.000000000,1
254.973738432,9,9,102,5.119589096,20.488610740,-5.228905650,20.488610740,-5.228905650,0.000000000,1
255.999561787,9,9,94,4.719586041,20.488610740,-5.228905650,20.488610740,-5.228905650,0.000000000,1
257.025122881,9,9,85,4.229879485,20.488610740,-5.228905650,20.488610740,-5.228905650,0.000000000,1
258.056134462,9,9,77,3.836738335,20.488610740,-5.228905650,20.488610740,-5.228905650,0.000000000,1
259.073115587,9,9,66,3.362760682,20.488610740,-5.228905650,20.488610740,-5.228905650,0.000000000,1
260.102711678,9,9,57,2.926409393,20.488610740,-5.228905650,20.488610740,-5.228905650,0.000000000,1
261.120067835,9,9,48,2.400117297,20.488610740,-5.228905650,20.488610740,-5.228905650,0.000000000,1
262.142011404,9,9,40,1.978588334,20.488610740,-5.228905650,20.488610740,-5.228905650,0.000000000,1
263.160113811,9,9,26,1.370710699,20.488610740,-5.228905650,20.488610740,-5.228905650,0.000000000,1
264.199602842,9,9,18,0.970710693,20.488610740,-5.228905650,20.488610740,-5.228905650,0.000000000,1
265.224544764,9,9,12,0.670710688,20.488610740,-5.228905650,20.488610740,-5.228905650,0.000000000,1
266.238658190,9,9,9,0.478502359,20.488610740,-5.228905650,20.488610740,-5.228905650,0.000000000,1
276.322664022,10,10,66,3.361652745,21.188610750,-8.346201235,21.188610750,-8.346201235,0.000000000,1
277.136676311,10,10,66,3.361652745,21.188610750,-8.346201235,21.188610750,-8.346201235,0.000000000,1
278.164926529,10,10,60,3.061269278,21.188610750,-8.346201235,21.188610750,-8.346201235,0.000000000,1
279.184450626,10,10,52,2.644275687,21.188610750,-8.346201235,21.188610750,-8.346201235,0.000000000,1
280.203867912,10,10,41,2.110115642,21.188610750,-8.346201235,21.188610750,-8.346201235,0.000000000,1
281.227680206,10,10,33,1.707501839,21.188610750,-8.346201235,21.188610750,-8.346201235,0.000000000,1
282.254547834,10,10,24,1.285838072,21.188610750,-8.346201235,21.188610750,-8.346201235,0.000000000,1
283.272731543,10,10,19,0.994282251,21.188610750,-8.346201235,21.188610750,-8.346201235,0.000000000,1
284.297718763,10,10,12,0.650882776,21.188610750,-8.346201235,21.188610750,-8.346201235,0.000000000,1
285.330830097,10,10,8,0.474687406,21.188610750,-8.346201235,21.188610750,-8.346201235,0.000000000,1
309.828872204,11,11,170,8.481763656,26.588610831,-2.869875857,26.588610831,-2.869875857,0.000000000,1
310.644552469,11,11,166,8.280943755,26.588610831,-2.869875857,26.588610831,-2.869875857,0.000000000,1
311.656988382,11,11,160,7.983271352,26.588610831,-2.869875857,26.588610831,-2.869875857,0.000000000,1
312.673686266,11,11,157,7.869550095,26.588610831,-2.869875857,26.588610831,-2.869875857,0.000000000,1
313.697540045,11,11,156,7.812671161,26.588610831,-2.869875857,26.588610831,-2.869875857,0.000000000,1
314.730748653,11,11,153,7.631347311,26.588610831,-2.869875857,26.588610831,-2.869875857,0.000000000,1
315.760399342,11,11,145,7.258720692,26.588610831,-2.869875857,26.588610831,-2.869875857,0.000000000,1
316.779108286,11,11,134,6.694336624,26.588610831,-2.869875857,26.588610831,-2.869875857,0.000000000,1
317.820189714,11,11,124,6.199939240,26.588610831,-2.869875857,26.588610831,-2.869875857,0.000000000,1
318.835906029,11,11,115,5.746268596,26.588610831,-2.869875857,26.588610831,-2.869875857,0.000000000,1
319.858578920,11,11,107,5.354071813,26.588610831,-2.869875857,26.588610831,-2.869875857,0.000000000,1
320.876693726,11,11,98,4.894668529,26.588610831,-2.869875857,26.588610831,-2.869875857,0.000000000,1
321.930066347,11,11,87,4.363821519,26.588610831,-2.869875857,26.588610831,-2.869875857,0.000000000,1
322.927226782,11,11,79,3.934142943,26.588610831,-2.869875857,26.588610831,-2.869875857,0.000000000,1
323.950274944,11,11,69,3.471393212,26.588610831,-2.869875857,26.588610831,-2.869875857,0.000000000,1
324.972288132,11,11,63,3.167329660,26.588610831,-2.869875857,26.588610831,-2.869875857,0.000000000,1
325.996165037,11,11,54,2.713201305,26.588610831,-2.869875857,26.588610831,-2.869875857,0.000000000,1
327.035248041,11,11,45,2.275098333,26.588610831,-2.869875857,26.588610831,-2.869875857,0.000000000,1
328.047506332,11,11,35,1.784736146,26.588610831,-2.869875857,26.588610831,-2.869875857,0.000000000,1
329.076115131,11,11,27,1.363967969,26.588610831,-2.869875857,26.588610831,-2.869875857,0.000000000,1
330.096735239,11,11,22,1.088906312,26.588610831,-2.869875857,26.588610831,-2.869875857,0.000000000,1
331.128195524,11,11,16,0.810240994,26.588610831,-2.869875857,26.588610831,-2.869875857,0.000000000,1
332.159925938,11,11,12,0.585928388,26.588610831,-2.869875857,26.588610831,-2.869875857,0.000000000,1
333.176811457,11,11,9,0.446019244,26.588610831,-2.869875857,26.588610831,-2.869875857,0.000000000,1
345.667279243,12,12,216,10.937595682,22.388610768,5.016401658,22.388610768,5.016401658,0.000000000,1
346.444966555,12,12,215,10.826836881,22.388610768,5.016401658,22.388610768,5.016401658,0.000000000,1
347.468987942,12,12,207,10.459637970,22.388610768,5.016401658,22.388610768,5.016401658,0.000000000,1
348.496409893,12,12,197,9.959868574,22.388610768,5.016401658,22.388610768,5.016401658,0.000000000,1
349.517033100,12,12,186,9.374117091,22.388610768,5.016401658,22.388610768,5.016401658,0.000000000,1
350.539251089,12,12,178,9.067452034,22.388610768,5.016401658,22.388610768,5.016401658,0.000000000,1
351.569057465,12,12,173,8.746476315,22.388610768,5.016401658,22.388610768,5.016401658,0.000000000,1
352.586826324,12,12,161,8.207098312,22.388610768,5.016401658,22.388610768,5.016401658,0.000000000,1
353.613482952,12,12,155,7.826884899,22.388610768,5.016401658,22.388610768,5.016401658,0.000000000,1
354.637418747,12,12,151,7.572467661,22.388610768,5.016401658,22.388610768,5.016401658,0.000000000,1
355.671786308,12,12,136,6.907599102,22.388610768,5.016401658,22.388610768,5.016401658,0.000000000,1
356.688119173,12,12,123,6.259806029,22.388610768,5.016401658,22.388610768,5.016401658,0.000000000,1
357.709821701,12,12,120,6.080650694,22.388610768,5.016401658,22.388610768,5.016401658,0.000000000,1
358.734493732,12,12,112,5.714421716,22.388610768,5.016401658,22.388610768,5.016401658,0.000000000,1
359.762355804,12,12,101,5.153391039,22.388610768,5.016401658,22.388610768,5.016401658,0.000000000,1
360.771432638,12,12,86,4.411863083,22.388610768,5.016401658,22.388610768,5.016401658,0.000000000,1
361.804654360,12,12,72,3.676314293,22.388610768,5.016401658,22.388610768,5.016401658,0.000000000,1
362.835012674,12,12,63,3.239560314,22.388610768,5.016401658,22.388610768,5.016401658,0.000000000,1
363.860009670,12,12,53,2.809694086,22.388610768,5.016401658,22.388610768,5.016401658,0.000000000,1
364.874342203,12,12,45,2.348076389,22.388610768,5.016401658,22.388610768,5.016401658,0.000000000,1
365.899674892,12,12,37,1.943521369,22.388610768,5.016401658,22.388610768,5.016401658,0.000000000,1
366.932109594,12,12,26,1.403119669,22.388610768,5.016401658,22.388610768,5.016401658,0.000000000,1
367.960172415,12,12,18,0.996305289,22.388610768,5.016401658,22.388610768,5.016401658,0.000000000,1
369.000462055,12,12,12,0.684193286,22.388610768,5.016401658,22.388610768,5.016401658,0.000000000,1
370.034661293,12,12,7,0.442613264,22.388610768,5.016401658,22.388610768,5.016401658,0.000000000,1
380.340108871,13,13,168,8.476610505,16.488610680,10.316401737,16.488610680,10.316401737,0.000000000,1
381.086312532,13,13,162,8.199325043,16.488610680,10.316401737,16.488610680,10.316401737,0.000000000,1
382.124985695,13,13,153,7.737124707,16.488610680,10.316401737,16.488610680,10.316401737,0.000000000,1
383.131791592,13,13,142,7.201466009,16.488610680,10.316401737,16.488610680,10.316401737,0.000000000,1
384.149725914,13,13,132,6.677156780,16.488610680,10.316401737,16.488610680,10.316401737,0.000000000,1
385.171648264,13,13,122,6.207739264,16.488610680,10.316401737,16.488610680,10.316401737,0.000000000,1
386.192825317,13,13,113,5.755784035,16.488610680,10.316401737,16.488610680,10.316401737,0.000000000,1
387.225000620,13,13,104,5.266820576,16.488610680,10.316401737,16.488610680,10.316401737,0.000000000,1
388.247465611,13,13,95,4.840469037,16.488610680,10.316401737,16.488610680,10.316401737,0.000000000,1
389.269214153,13,13,85,4.340368100,16.488610680,10.316401737,16.488610680,10.316401737,0.000000000,1
390.285240173,13,13,77,3.922964114,16.488610680,10.316401737,16.488610680,10.316401737,0.000000000,1
391.307160378,13,13,67,3.422907894,16.488610680,10.316401737,16.488610680,10.316401737,0.000000000,1
392.327935219,13,13,58,2.999474199,16.488610680,10.316401737,16.488610680,10.316401737,0.000000000,1
393.348583460,13,13,48,2.499089595,16.488610680,10.316401737,16.488610680,10.316401737,0.000000000,1
394.376732111,13,13,38,1.998444007,16.488610680,10.316401737,16.488610680,10.316401737,0.000000000,1
395.410827398,13,13,30,1.583604950,16.488610680,10.316401737,16.488610680,10.316401737,0.000000000,1
396.417032003,13,13,21,1.136502988,16.488610680,10.316401737,16.488610680,10.316401737,0.000000000,1
397.455500364,13,13,16,0.863073128,16.488610680,10.316401737,16.488610680,10.316401737,0.000000000,1
398.480624676,13,13,10,0.580289599,16.488610680,10.316401737,16.488610680,10.316401737,0.000000000,1
408.186753273,14,14,298,14.981540862,17.788610700,1.416401605,17.788610700,1.416401605,0.000000000,1
409.019306183,14,14,293,14.766076810,17.788610700,1.416401605,17.788610700,1.416401605,0.000000000,1
410.017722368,14,14,291,14.567974823,17.788610700,1.416401605,17.788610700,1.416401605,0.000000000,1
411.056192398,14,14,283,14.171180295,17.788610700,1.416401605,17.788610700,1.416401605,0.000000000,1
412.063995838,14,14,276,13.811122442,17.788610700,1.416401605,17.788610700,1.416401605,0.000000000,1
413.095270395,14,14,264,13.375300093,17.788610700,1.416401605,17.788610700,1.416401605,0.000000000,1
414.128028154,14,14,261,13.148621007,17.788610700,1.416401605,17.788610700,1.416401605,0.000000000,1
415.157677174,14,14,254,12.781000602,17.788610700,1.416401605,17.788610700,1.416401605,0.000000000,1
416.184844255,14,14,252,12.615834325,17.788610700,1.416401605,17.788610700,1.416401605,0.000000000,1
417.216017485,14,14,245,12.286427064,17.788610700,1.416401605,17.788610700,1.416401605,0.000000000,1
418.251364708,14,14,235,11.841211451,17.788610700,1.416401605,17.788610700,1.416401605,0.000000000,1
419.272841930,14,14,227,11.426787316,17.788610700,1.416401605,17.788610700,1.416401605,0.000000000,1
420.304476261,14,14,221,11.151893740,17.788610700,1.416401605,17.788610700,1.416401605,0.000000000,1
421.319614172,14,14,214,10.793526852,17.788610700,1.416401605,17.788610700,1.416401605,0.000000000,1
422.347283125,14,14,212,10.622082261,17.788610700,1.416401605,17.788610700,1.416401605,0.000000000,1
423.369643927,14,14,205,10.269812108,17.788610700,1.416401605,17.788610700,1.416401605,0.000000000,1
424.385693312,14,14,195,9.851937205,17.788610700,1.416401605,17.788610700,1.416401605,0.000000000,1
425.413666010,14,14,189,9.525597704,17.788610700,1.416401605,17.788610700,1.416401605,0.000000000,1
426.434148073,14,14,184,9.289352145,17.788610700,1.416401605,17.788610700,1.416401605,0.000000000,1
427.465743303,14,14,181,9.125064227,17.788610700,1.416401605,17.788610700,1.416401605,0.000000000,1
428.516137600,14,14,184,9.201646247,17.788610700,1.416401605,17.788610700,1.416401605,0.000000000,1
429.515150547,14,14,172,8.759216834,17.788610700,1.416401605,17.788610700,1.416401605,0.000000000,1
430.542175293,14,14,161,8.150549992,17.788610700,1.416401605,17.788610700,1.416401605,0.000000000,1
431.580374956,14,14,157,7.863669813,17.788610700,1.416401605,17.788610700,1.416401605,0.000000000,1
432.592157841,14,14,143,7.253850950,17.788610700,1.416401605,17.788610700,1.416401605,0.000000000,1
433.618802071,14,14,133,6.754192980,17.788610700,1.416401605,17.788610700,1.416401605,0.000000000,1
434.645702124,14,14,130,6.472890200,17.788610700,1.416401605,17.788610700,1.416401605,0.000000000,1
435.672045946,14,14,116,5.904608361,17.788610700,1.416401605,17.788610700,1.416401605,0.000000000,1
436.696812391,14,14,106,5.369884620,17.788610700,1.416401605,17.788610700,1.416401605,0.000000000,1
437.709457397,14,14,97,4.906617389,17.788610700,1.416401605,17.788610700,1.416401605,0.000000000,1
438.743679762,14,14,275,13.857563359,17.788610700,1.416401605,17.788610700,1.416401605,0.000000000,1
439.766655922,14,14,268,13.473406437,17.788610700,1.416401605,17.788610700,1.416401605,0.000000000,1
440.784659863,14,14,260,13.073461588,17.788610700,1.416401605,17.788610700,1.416401605,0.000000000,1
441.815968990,14,14,252,12.664670050,17.788610700,1.416401605,17.788610700,1.416401605,0.000000000,1
442.843885183,14,14,244,12.264843430,17.788610700,1.416401605,17.788610700,1.416401605,0.000000000,1
443.848402023,14,14,238,11.929709104,17.788610700,1.416401605,17.788610700,1.416401605,0.000000000,1
444.866579056,14,14,222,11.210731066,17.788610700,1.416401605,17.788610700,1.416401605,0.000000000,1
445.893698454,14,14,222,11.087060244,17.788610700,1.416401605,17.788610700,1.416401605,0.000000000,1
446.938636780,14,14,213,10.625218319,17.788610700,1.416401605,17.788610700,1.416401605,0.000000000,1
447.944896460,14,14,205,10.239926547,17.788610700,1.416401605,17.788610700,1.416401605,0.000000000,1
448.971835852,14,14,189,9.521321562,17.788610700,1.416401605,17.788610700,1.416401605,0.000000000,1
449.988672256,14,14,178,8.989278352,17.788610700,1.416401605,17.788610700,1.416401605,0.000000000,1
451.012280703,14,14,175,8.769705523,17.788610700,1.416401605,17.788610700,1.416401605,0.000000000,1
452.044279099,14,14,162,8.194545347,17.788610700,1.416401605,17.788610700,1.416401605,0.000000000,1
453.086374521,14,14,163,8.239593913,17.788610700,1.416401605,17.788610700,1.416401605,0.000000000,1
454.107350111,14,14,153,7.744669279,17.788610700,1.416401605,17.788610700,1.416401605,0.000000000,1
455.114344597,14,14,135,6.934378853,17.788610700,1.416401605,17.788610700,1.416401605,0.000000000,1
456.140116215,14,14,129,6.567545839,17.788610700,1.416401605,17.788610700,1.416401605,0.000000000,1
457.174493074,14,14,121,6.251142866,17.788610700,1.416401605,17.788610700,1.416401605,0.000000000,1
458.190740347,14,14,117,6.017298175,17.788610700,1.416401605,17.788610700,1.416401605,0.000000000,1
459.209882975,14,14,112,5.782307496,17.788610700,1.416401605,17.788610700,1.416401605,0.000000000,1
460.250627279,14,14,106,5.506416415,17.788610700,1.416401605,17.788610700,1.416401605,0.000000000,1
461.271006823,14,14,100,5.072072346,17.788610700,1.416401605,17.788610700,1.416401605,0.000000000,1
462.301735878,14,14,88,4.534220858,17.788610700,1.416401605,17.788610700,1.416401605,0.000000000,1
463.318355083,14,14,76,3.870710736,17.788610700,1.416401605,17.788610700,1.416401605,0.000000000,1
464.344338417,14,14,68,3.470710730,17.788610700,1.416401605,17.788610700,1.416401605,0.000000000,1
465.372498035,14,14,58,2.970710722,17.788610700,1.416401605,17.788610700,1.416401605,0.000000000,1
466.390933752,14,14,50,2.570710716,17.788610700,1.416401605,17.788610700,1.416401605,0.000000000,1
467.414348364,14,14,42,2.170710710,17.788610700,1.416401605,17.788610700,1.416401605,0.000000000,1
468.436850309,14,14,34,1.770710705,17.788610700,1.416401605,17.788610700,1.416401605,0.000000000,1
469.475059032,14,14,24,1.270710697,17.788610700,1.416401605,17.788610700,1.416401605,0.000000000,1
470.496300459,14,14,16,0.870710691,17.788610700,1.416401605,17.788610700,1.416401605,0.000000000,1
471.505644321,14,14,10,0.570710687,17.788610700,1.416401605,17.788610700,1.416401605,0.000000000,1
481.707842827,15,15,434,21.765464786,9.188610572,-9.783598562,9.188610572,-9.783598562,0.000000000,1
482.533546925,15,15,432,21.664987960,9.188610572,-9.783598562,9.188610572,-9.783598562,0.000000000,1
483.560817003,15,15,424,21.265762144,9.188610572,-9.783598562,9.188610572,-9.783598562,0.000000000,1
484.589557171,15,15,420,21.072310475,9.188610572,-9.783598562,9.188610572,-9.783598562,0.000000000,1
485.621013403,15,15,413,20.772908275,9.188610572,-9.783598562,9.188610572,-9.783598562,0.000000000,1
486.645148754,15,15,408,20.468735115,9.188610572,-9.783598562,9.188610572,-9.783598562,0.000000000,1
487.673148870,15,15,401,20.190135628,9.188610572,-9.783598562,9.188610572,-9.783598562,0.000000000,1
488.696442366,15,15,396,19.863974521,9.188610572,-9.783598562,9.188610572,-9.783598562,0.000000000,1
489.735421896,15,15,388,19.494567259,9.188610572,-9.783598562,9.188610572,-9.783598562,0.000000000,1
490.742485285,15,15,382,19.191724610,9.188610572,-9.783598562,9.188610572,-9.783598562,0.000000000,1
491.775014639,15,15,376,18.897202023,9.188610572,-9.783598562,9.188610572,-9.783598562,0.000000000,1
492.797825813,15,15,370,18.583876138,9.188610572,-9.783598562,9.188610572,-9.783598562,0.000000000,1
493.827787399,15,15,364,18.289470781,9.188610572,-9.783598562,9.188610572,-9.783598562,0.000000000,1
494.856962442,15,15,359,18.083852004,9.188610572,-9.783598562,9.188610572,-9.783598562,0.000000000,1
495.874046326,15,15,353,17.743428888,9.188610572,-9.783598562,9.188610572,-9.783598562,0.000000000,1
496.913233757,15,15,347,17.458360736,9.188610572,-9.783598562,9.188610572,-9.783598562,0.000000000,1
497.932451010,15,15,341,17.172732359,9.188610572,-9.783598562,9.188610572,-9.783598562,0.000000000,1
498.958376169,15,15,336,16.882563499,9.188610572,-9.783598562,9.188610572,-9.783598562,0.000000000,1
500.024270058,15,15,333,16.738999697,9.188610572,-9.783598562,9.188610572,-9.783598562,0.000000000,1
500.998407841,15,15,329,16.529134364,9.188610572,-9.783598562,9.188610572,-9.783598562,0.000000000,1
502.055928946,15,15,327,16.450571890,9.188610572,-9.783598562,9.188610572,-9.783598562,0.000000000,1
503.068505287,15,15,327,16.450571890,9.188610572,-9.783598562,9.188610572,-9.783598562,0.000000000,1
504.095587969,15,15,330,16.566387624,9.188610572,-9.783598562,9.188610572,-9.783598562,0.000000000,1
505.127567053,15,15,323,16.263646554,9.188610572,-9.783598562,9.188610572,-9.783598562,0.000000000,1
506.144930124,15,15,320,16.094316128,9.188610572,-9.783598562,9.188610572,-9.783598562,0.000000000,1
507.160607100,15,15,315,15.814779312,9.188610572,-9.783598562,9.188610572,-9.783598562,0.000000000,1
508.196849108,15,15,302,15.174943746,9.188610572,-9.783598562,9.188610572,-9.783598562,0.000000000,1
509.225672483,15,15,293,14.751010167,9.188610572,-9.783598562,9.188610572,-9.783598562,0.000000000,1
510.258751869,15,15,285,14.345114145,9.188610572,-9.783598562,9.188610572,-9.783598562,0.000000000,1
511.267030954,15,15,277,13.939763652,9.188610572,-9.783598562,9.188610572,-9.783598562,0.000000000,1
512.286222458,15,15,267,13.444938750,9.188610572,-9.783598562,9.188610572,-9.783598562,0.000000000,1
513.328487873,15,15,259,13.041554474,9.188610572,-9.783598562,9.188610572,-9.783598562,0.000000000,1
514.335180044,15,15,250,12.600969881,9.188610572,-9.783598562,9.188610572,-9.783598562,0.000000000,1
515.370599031,15,15,240,12.110094210,9.188610572,-9.783598562,9.188610572,-9.783598562,0.000000000,1
516.407121420,15,15,231,11.662266408,9.188610572,-9.783598562,9.188610572,-9.783598562,0.000000000,1
517.426706791,15,15,223,11.214703478,9.188610572,-9.783598562,9.188610572,-9.783598562,0.000000000,1
518.461264610,15,15,213,10.727354590,9.188610572,-9.783598562,9.188610572,-9.783598562,0.000000000,1
519.489310741,15,15,204,10.280241334,9.188610572,-9.783598562,9.188610572,-9.783598562,0.000000000,1
520.520524740,15,15,195,9.819639557,9.188610572,-9.783598562,9.188610572,-9.783598562,0.000000000,1
521.535636187,15,15,184,9.294032452,9.188610572,-9.783598562,9.188610572,-9.783598562,0.000000000,1
522.572527647,15,15,175,8.848137690,9.188610572,-9.783598562,9.188610572,-9.783598562,0.000000000,1
523.599445105,15,15,167,8.436708556,9.188610572,-9.783598562,9.188610572,-9.783598562,0.000000000,1
524.638286352,15,15,160,8.075570658,9.188610572,-9.783598562,9.188610572,-9.783598562,0.000000000,1
525.692236423,15,15,150,7.573888160,9.188610572,-9.783598562,9.188610572,-9.783598562,0.000000000,1
526.678684235,15,15,143,7.229870300,9.188610572,-9.783598562,9.188610572,-9.783598562,0.000000000,1
527.707204103,15,15,134,6.785365718,9.188610572,-9.783598562,9.188610572,-9.783598562,0.000000000,1
528.730996370,15,15,125,6.364982226,9.188610572,-9.783598562,9.188610572,-9.783598562,0.000000000,1
529.746079922,15,15,121,6.142312095,9.188610572,-9.783598562,9.188610572,-9.783598562,0.000000000,1
530.767168522,15,15,112,5.717601930,9.188610572,-9.783598562,9.188610572,-9.783598562,0.000000000,1
531.791185141,15,15,104,5.300198776,9.188610572,-9.783598562,9.188610572,-9.783598562,0.000000000,1
532.813347578,15,15,102,5.164293409,9.188610572,-9.783598562,9.188610572,-9.783598562,0.000000000,1
533.830936193,15,15,93,4.724573818,9.188610572,-9.783598562,9.188610572,-9.783598562,0.000000000,1
534.852005959,15,15,85,4.357912405,9.188610572,-9.783598562,9.188610572,-9.783598562,0.000000000,1
535.889734507,15,15,75,3.861941578,9.188610572,-9.783598562,9.188610572,-9.783598562,0.000000000,1
536.910382748,15,15,60,3.378450380,9.188610572,-9.783598562,9.188610572,-9.783598562,0.000000000,1
537.965226412,15,15,594,29.681282345,9.188610572,-9.783598562,9.188610572,-9.783598562,0.000000000,1
538.973008871,15,15,600,30.104109960,9.188610572,-9.783598562,9.188610572,-9.783598562,0.000000000,1
540.014606476,15,15,595,29.745914667,9.188610572,-9.783598562,9.188610572,-9.783598562,0.000000000,1
541.054481506,15,15,594,29.671051304,9.188610572,-9.783598562,9.188610572,-9.783598562,0.000000000,1
542.076972961,15,15,589,29.435308866,9.188610572,-9.783598562,9.188610572,-9.783598562,0.000000000,1
543.108921528,15,15,579,29.069471355,9.188610572,-9.783598562,9.188610572,-9.783598562,0.000000000,1
544.136650324,15,15,573,28.673876734,9.188610572,-9.783598562,9.188610572,-9.783598562,0.000000000,1
545.159963608,15,15,561,28.144260743,9.188610572,-9.783598562,9.188610572,-9.783598562,0.000000000,1
546.184067488,15,15,558,27.917535013,9.188610572,-9.783598562,9.188610572,-9.783598562,0.000000000,1
547.207715273,15,15,545,27.328974138,9.188610572,-9.783598562,9.188610572,-9.783598562,0.000000000,1
548.236893892,15,15,535,26.743587547,9.188610572,-9.783598562,9.188610572,-9.783598562,0.000000000,1
549.267582178,15,15,525,26.338252785,9.188610572,-9.783598562,9.188610572,-9.783598562,0.000000000,1
550.284778357,15,15,519,25.937269209,9.188610572,-9.783598562,9.188610572,-9.783598562,0.000000000,1
551.312822104,15,15,508,25.417697738,9.188610572,-9.783598562,9.188610572,-9.783598562,0.000000000,1
552.347510338,15,15,500,25.017698389,9.188610572,-9.783598562,9.188610572,-9.783598562,0.000000000,1
553.376124382,15,15,490,24.515412111,9.188610572,-9.783598562,9.188610572,-9.783598562,0.000000000,1
554.399396181,15,15,482,24.115414458,9.188610572,-9.783598562,9.188610572,-9.783598562,0.000000000,1
555.443833828,15,15,472,23.617707131,9.188610572,-9.783598562,9.188610572,-9.783598562,0.000000000,1
556.465345383,15,15,464,23.217710038,9.188610572,-9.783598562,9.188610572,-9.783598562,0.000000000,1
557.510051012,15,15,454,22.715430114,9.188610572,-9.783598562,9.188610572,-9.783598562,0.000000000,1
558.497843266,15,15,446,22.315440889,9.188610572,-9.783598562,9.188610572,-9.783598562,0.000000000,1
559.538075686,15,15,436,21.817748216,9.188610572,-9.783598562,9.188610572,-9.783598562,0.000000000,1
560.538904667,15,15,428,21.419326638,9.188610572,-9.783598562,9.188610572,-9.783598562,0.000000000,1
561.576009035,15,15,418,20.915518690,9.188610572,-9.783598562,9.188610572,-9.783598562,0.000000000,1
562.599488497,15,15,410,20.515562690,9.188610572,-9.783598562,9.188610572,-9.783598562,0.000000000,1
563.620863199,15,15,401,20.023114326,9.188610572,-9.783598562,9.188610572,-9.783598562,0.000000000,1
564.649089575,15,15,393,19.623198662,9.188610572,-9.783598562,9.188610572,-9.783598562,0.000000000,1
565.675448418,15,15,384,19.213218516,9.188610572,-9.783598562,9.188610572,-9.783598562,0.000000000,1
566.693773985,15,15,376,18.815417429,9.188610572,-9.783598562,9.188610572,-9.783598562,0.000000000,1
567.726536989,15,15,366,18.317936811,9.188610572,-9.783598562,9.188610572,-9.783598562,0.000000000,1
568.746260405,15,15,359,17.926891377,9.188610572,-9.783598562,9.188610572,-9.783598562,0.000000000,1
569.780966997,15,15,350,17.512131740,9.188610572,-9.783598562,9.188610572,-9.783598562,0.000000000,1
570.814112186,15,15,343,17.124833842,9.188610572,-9.783598562,9.188610572,-9.783598562,0.000000000,1
571.833158970,15,15,333,16.634068311,9.188610572,-9.783598562,9.188610572,-9.783598562,0.000000000,1
572.859765530,15,15,322,16.117388781,9.188610572,-9.783598562,9.188610572,-9.783598562,0.000000000,1
573.876701832,15,15,314,15.766048421,9.188610572,-9.783598562,9.188610572,-9.783598562,0.000000000,1
574.905214548,15,15,305,15.267438753,9.188610572,-9.783598562,9.188610572,-9.783598562,0.000000000,1
575.931424379,15,15,297,14.858802569,9.188610572,-9.783598562,9.188610572,-9.783598562,0.000000000,1
576.967227459,15,15,286,14.373656477,9.188610572,-9.783598562,9.188610572,-9.783598562,0.000000000,1
577.993013144,15,15,279,13.925514501,9.188610572,-9.783598562,9.188610572,-9.783598562,0.000000000,1
579.029312134,15,15,268,13.392889692,9.188610572,-9.783598562,9.188610572,-9.783598562,0.000000000,1
580.037636518,15,15,260,13.124018555,9.188610572,-9.783598562,9.188610572,-9.783598562,0.000000000,1
581.062068701,15,15,252,12.688170428,9.188610572,-9.783598562,9.188610572,-9.783598562,0.000000000,1
582.091531754,15,15,244,12.259626176,9.188610572,-9.783598562,9.188610572,-9.783598562,0.000000000,1
583.115241766,15,15,234,11.799626049,9.188610572,-9.783598562,9.188610572,-9.783598562,0.000000000,1
584.140801668,15,15,226,11.362681378,9.188610572,-9.783598562,9.188610572,-9.783598562,0.000000000,1
585.170673609,15,15,218,10.968875248,9.188610572,-9.783598562,9.188610572,-9.783598562,0.000000000,1
586.195407629,15,15,208,10.477656471,9.188610572,-9.783598562,9.188610572,-9.783598562,0.000000000,1
587.228896856,15,15,201,10.092198634,9.188610572,-9.783598562,9.188610572,-9.783598562,0.000000000,1
588.245795488,15,15,189,9.623916631,9.188610572,-9.783598562,9.188610572,-9.783598562,0.000000000,1
589.257420301,15,15,180,9.136162974,9.188610572,-9.783598562,9.188610572,-9.783598562,0.000000000,1
590.288842440,15,15,172,8.745362845,9.188610572,-9.783598562,9.188610572,-9.783598562,0.000000000,1
591.316428423,15,15,162,8.249498936,9.188610572,-9.783598562,9.188610572,-9.783598562,0.000000000,1
592.334429264,15,15,155,7.815933910,9.188610572,-9.783598562,9.188610572,-9.783598562,0.000000000,1
593.349917650,15,15,145,7.305761593,9.188610572,-9.783598562,9.188610572,-9.783598562,0.000000000,1
594.385761738,15,15,137,6.896032581,9.188610572,-9.783598562,9.188610572,-9.783598562,0.000000000,1
595.393621206,15,15,127,6.497912429,9.188610572,-9.783598562,9.188610572,-9.783598562,0.000000000,1
596.427031994,15,15,120,6.066566757,9.188610572,-9.783598562,9.188610572,-9.783598562,0.000000000,1
597.444279194,15,15,109,5.540384936,9.188610572,-9.783598562,9.188610572,-9.783598562,0.000000000,1
598.452863455,15,15,100,5.147919504,9.188610572,-9.783598562,9.188610572,-9.783598562,0.000000000,1
599.484053612,15,15,92,4.688871396,9.188610572,-9.783598562,9.188610572,-9.783598562,0.000000000,1
600.519392729,15,15,84,4.271232508,9.188610572,-9.783598562,9.188610572,-9.783598562,0.000000000,1
601.528830290,15,15,75,3.829018844,9.188610572,-9.783598562,9.188610572,-9.783598562,0.000000000,1
602.560495377,15,15,67,3.433694731,9.188610572,-9.783598562,9.188610572,-9.783598562,0.000000000,1
603.590151310,15,15,59,3.007222528,9.188610572,-9.783598562,9.188610572,-9.783598562,0.000000000,1
604.640237808,15,15,49,2.510452686,9.188610572,-9.783598562,9.188610572,-9.783598562,0.000000000,1
605.649967194,15,15,41,2.098120250,9.188610572,-9.783598562,9.188610572,-9.783598562,0.000000000,1
606.677741766,15,15,31,1.592860950,9.188610572,-9.783598562,9.188610572,-9.783598562,0.000000000,1
607.705880165,15,15,22,1.184178388,9.188610572,-9.783598562,9.188610572,-9.783598562,0.000000000,1
608.718583107,15,15,15,0.829754200,9.188610572,-9.783598562,9.188610572,-9.783598562,0.000000000,1
609.739919901,15,15,10,0.553692104,9.188610572,-9.783598562,9.188610572,-9.783598562,0.000000000,1
621.031291485,16,16,743,37.241745984,-3.211416312,-7.831835907,-3.211416312,-7.831835907,0.000000000,1
621.833051205,16,16,741,37.156468938,-3.211416312,-7.831835907,-3.211416312,-7.831835907,0.000000000,1
622.855743408,16,16,735,36.854596725,-3.211416312,-7.831835907,-3.211416312,-7.831835907,0.000000000,1
623.890985489,16,16,732,36.757934813,-3.211416312,-7.831835907,-3.211416312,-7.831835907,0.000000000,1
624.916676760,16,16,734,36.769977271,-3.211416312,-7.831835907,-3.211416312,-7.831835907,0.000000000,1
625.947506428,16,16,724,36.393727535,-3.211416312,-7.831835907,-3.211416312,-7.831835907,0.000000000,1
626.968413353,16,16,717,35.931516716,-3.211416312,-7.831835907,-3.211416312,-7.831835907,0.000000000,1
628.014802933,16,16,706,35.383383821,-3.211416312,-7.831835907,-3.211416312,-7.831835907,0.000000000,1
629.017625093,16,16,698,35.002097667,-3.211416312,-7.831835907,-3.211416312,-7.831835907,0.000000000,1
630.039873600,16,16,691,34.630881139,-3.211416312,-7.831835907,-3.211416312,-7.831835907,0.000000000,1
631.069865942,16,16,680,34.097953450,-3.211416312,-7.831835907,-3.211416312,-7.831835907,0.000000000,1
632.094370842,16,16,674,33.789284778,-3.211416312,-7.831835907,-3.211416312,-7.831835907,0.000000000,1
633.124575853,16,16,664,33.303124095,-3.211416312,-7.831835907,-3.211416312,-7.831835907,0.000000000,1
634.142039537,16,16,657,32.924568151,-3.211416312,-7.831835907,-3.211416312,-7.831835907,0.000000000,1
635.173749924,16,16,648,32.479489123,-3.211416312,-7.831835907,-3.211416312,-7.831835907,0.000000000,1
636.188907385,16,16,638,31.998151943,-3.211416312,-7.831835907,-3.211416312,-7.831835907,0.000000000,1
637.232554436,16,16,629,31.531154349,-3.211416312,-7.831835907,-3.211416312,-7.831835907,0.000000000,1
638.253547192,16,16,619,31.125042540,-3.211416312,-7.831835907,-3.211416312,-7.831835907,0.000000000,1
639.289125443,16,16,611,30.725932120,-3.211416312,-7.831835907,-3.211416312,-7.831835907,0.000000000,1
640.319923878,16,16,603,30.215001476,-3.211416312,-7.831835907,-3.211416312,-7.831835907,0.000000000,1
641.361413956,16,16,595,29.836234729,-3.211416312,-7.831835907,-3.211416312,-7.831835907,0.000000000,1
642.358972549,16,16,585,29.417744435,-3.211416312,-7.831835907,-3.211416312,-7.831835907,0.000000000,1
643.395295620,16,16,578,28.968242102,-3.211416312,-7.831835907,-3.211416312,-7.831835907,0.000000000,1
644.420900106,16,16,568,28.511652725,-3.211416312,-7.831835907,-3.211416312,-7.831835907,0.000000000,1
645.452728987,16,16,559,28.058993839,-3.211416312,-7.831835907,-3.211416312,-7.831835907,0.000000000,1
646.488640547,16,16,549,27.515290367,-3.211416312,-7.831835907,-3.211416312,-7.831835907,0.000000000,1
647.507942438,16,16,541,27.115733849,-3.211416312,-7.831835907,-3.211416312,-7.831835907,0.000000000,1
648.550391674,16,16,532,26.666948098,-3.211416312,-7.831835907,-3.211416312,-7.831835907,0.000000000,1
649.559940338,16,16,522,26.163261364,-3.211416312,-7.831835907,-3.211416312,-7.831835907,0.000000000,1
650.592928171,16,16,511,25.716853222,-3.211416312,-7.831835907,-3.211416312,-7.831835907,0.000000000,1
651.636170149,16,16,503,25.212123641,-3.211416312,-7.831835907,-3.211416312,-7.831835907,0.000000000,1
652.648838043,16,16,494,24.788954318,-3.211416312,-7.831835907,-3.211416312,-7.831835907,0.000000000,1
653.707214594,16,16,485,24.339738265,-3.211416312,-7.831835907,-3.211416312,-7.831835907,0.000000000,1
654.694681168,16,16,476,23.881751576,-3.211416312,-7.831835907,-3.211416312,-7.831835907,0.000000000,1
655.718840122,16,16,467,23.435736853,-3.211416312,-7.831835907,-3.211416312,-7.831835907,0.000000000,1
656.740584135,16,16,457,22.928865191,-3.211416312,-7.831835907,-3.211416312,-7.831835907,0.000000000,1
657.807023764,16,16,447,22.435789324,-3.211416312,-7.831835907,-3.211416312,-7.831835907,0.000000000,1
658.793369532,16,16,439,22.041869315,-3.211416312,-7.831835907,-3.211416312,-7.831835907,0.000000000,1
659.821573257,16,16,431,21.641885769,-3.211416312,-7.831835907,-3.211416312,-7.831835907,0.000000000,1
660.843901873,16,16,421,21.148684934,-3.211416312,-7.831835907,-3.211416312,-7.831835907,0.000000000,1
661.864933491,16,16,413,20.748715535,-3.211416312,-7.831835907,-3.211416312,-7.831835907,0.000000000,1
662.880157709,16,16,403,20.241995330,-3.211416312,-7.831835907,-3.211416312,-7.831835907,0.000000000,1
663.925566912,16,16,393,19.748837104,-3.211416312,-7.831835907,-3.211416312,-7.831835907,0.000000000,1
664.933515072,16,16,385,19.348911354,-3.211416312,-7.831835907,-3.211416312,-7.831835907,0.000000000,1
665.948514223,16,16,375,18.842261742,-3.211416312,-7.831835907,-3.211416312,-7.831835907,0.000000000,1
666.980374336,16,16,367,18.442387867,-3.211416312,-7.831835907,-3.211416312,-7.831835907,0.000000000,1
668.015180349,16,16,357,17.949364402,-3.211416312,-7.831835907,-3.211416312,-7.831835907,0.000000000,1
669.041039944,16,16,349,17.549575045,-3.211416312,-7.831835907,-3.211416312,-7.831835907,0.000000000,1
670.076483965,16,16,339,17.043139812,-3.211416312,-7.831835907,-3.211416312,-7.831835907,0.000000000,1
671.094333649,16,16,331,16.643484889,-3.211416312,-7.831835907,-3.211416312,-7.831835907,0.000000000,1
672.128067017,16,16,321,16.131956810,-3.211416312,-7.831835907,-3.211416312,-7.831835907,0.000000000,1
673.148201227,16,16,313,15.732467211,-3.211416312,-7.831835907,-3.211416312,-7.831835907,0.000000000,1
674.187455893,16,16,305,15.333075024,-3.211416312,-7.831835907,-3.211416312,-7.831835907,0.000000000,1
675.210587978,16,16,295,14.839247957,-3.211416312,-7.831835907,-3.211416312,-7.831835907,0.000000000,1
676.250857115,16,16,285,14.329544009,-3.211416312,-7.831835907,-3.211416312,-7.831835907,0.000000000,1
677.274821043,16,16,275,13.922396011,-3.211416312,-7.831835907,-3.211416312,-7.831835907,0.000000000,1
678.304793596,16,16,267,13.415441798,-3.211416312,-7.831835907,-3.211416312,-7.831835907,0.000000000,1
679.331331015,16,16,259,13.027831693,-3.211416312,-7.831835907,-3.211416312,-7.831835907,0.000000000,1
680.356143951,16,16,249,12.525212055,-3.211416312,-7.831835907,-3.211416312,-7.831835907,0.000000000,1
681.378261089,16,16,241,12.134354823,-3.211416312,-7.831835907,-3.211416312,-7.831835907,0.000000000,1
682.423269033,16,16,231,11.633469521,-3.211416312,-7.831835907,-3.211416312,-7.831835907,0.000000000,1
683.437065363,16,16,223,11.231587025,-3.211416312,-7.831835907,-3.211416312,-7.831835907,0.000000000,1
684.467590094,16,16,213,10.732955860,-3.211416312,-7.831835907,-3.211416312,-7.831835907,0.000000000,1
685.485253334,16,16,205,10.334978847,-3.211416312,-7.831835907,-3.211416312,-7.831835907,0.000000000,1
686.519015551,16,16,195,9.837509322,-3.211416312,-7.831835907,-3.211416312,-7.831835907,0.000000000,1
687.541039467,16,16,187,9.439455188,-3.211416312,-7.831835907,-3.211416312,-7.831835907,0.000000000,1
688.571155548,16,16,177,8.944600762,-3.211416312,-7.831835907,-3.211416312,-7.831835907,0.000000000,1
689.598124981,16,16,169,8.550207042,-3.211416312,-7.831835907,-3.211416312,-7.831835907,0.000000000,1
690.616310120,16,16,160,8.075109452,-3.211416312,-7.831835907,-3.211416312,-7.831835907,0.000000000,1
691.642026186,16,16,152,7.688152498,-3.211416312,-7.831835907,-3.211416312,-7.831835907,0.000000000,1
692.677298069,16,16,142,7.178394747,-3.211416312,-7.831835907,-3.211416312,-7.831835907,0.000000000,1
693.699667215,16,16,134,6.787461459,-3.211416312,-7.831835907,-3.211416312,-7.831835907,0.000000000,1
694.732764482,16,16,125,6.303746622,-3.211416312,-7.831835907,-3.211416312,-7.831835907,0.000000000,1
695.764580250,16,16,116,5.869715456,-3.211416312,-7.831835907,-3.211416312,-7.831835907,0.000000000,1
696.787667513,16,16,105,5.335792710,-3.211416312,-7.831835907,-3.211416312,-7.831835907,0.000000000,1
697.798218250,16,16,97,4.926030476,-3.211416312,-7.831835907,-3.211416312,-7.831835907,0.000000000,1
698.837800026,16,16,88,4.462015950,-3.211416312,-7.831835907,-3.211416312,-7.831835907,0.000000000,1
699.847789526,16,16,80,4.049627653,-3.211416312,-7.831835907,-3.211416312,-7.831835907,0.000000000,1
700.875288010,16,16,69,3.524945081,-3.211416312,-7.831835907,-3.211416312,-7.831835907,0.000000000,1
701.889273882,16,16,63,3.227713345,-3.211416312,-7.831835907,-3.211416312,-7.831835907,0.000000000,1
702.908881187,16,16,55,2.807979246,-3.211416312,-7.831835907,-3.211416312,-7.831835907,0.000000000,1
703.927315235,16,16,47,2.390317416,-3.211416312,-7.831835907,-3.211416312,-7.831835907,0.000000000,1
704.957698107,16,16,38,1.985522534,-3.211416312,-7.831835907,-3.211416312,-7.831835907,0.000000000,1
705.996376514,16,16,31,1.628292792,-3.211416312,-7.831835907,-3.211416312,-7.831835907,0.000000000,1
707.008220911,16,16,23,1.224442436,-3.211416312,-7.831835907,-3.211416312,-7.831835907,0.000000000,1
708.039372444,16,16,17,0.912723770,-3.211416312,-7.831835907,-3.211416312,-7.831835907,0.000000000,1
709.057474375,16,16,11,0.639004479,-3.211416312,-7.831835907,-3.211416312,-7.831835907,0.000000000,1
710.079781294,16,16,8,0.471102518,-3.211416312,-7.831835907,-3.211416312,-7.831835907,0.000000000,1
722.479324579,17,17,237,12.015427687,-6.431255862,-5.417671384,-6.431255862,-5.417671384,0.000000000,1
723.287398577,17,17,234,11.769701275,-6.431255862,-5.417671384,-6.431255862,-5.417671384,0.000000000,1
724.319395781,17,17,229,11.552511143,-6.431255862,-5.417671384,-6.431255862,-5.417671384,0.000000000,1
725.339347601,17,17,222,11.259835839,-6.431255862,-5.417671384,-6.431255862,-5.417671384,0.000000000,1
726.357000589,17,17,217,10.940168307,-6.431255862,-5.417671384,-6.431255862,-5.417671384,0.000000000,1
727.388001442,17,17,209,10.650668884,-6.431255862,-5.417671384,-6.431255862,-5.417671384,0.000000000,1
728.414379835,17,17,205,10.428670371,-6.431255862,-5.417671384,-6.431255862,-5.417671384,0.000000000,1
729.430129051,17,17,200,10.080470101,-6.431255862,-5.417671384,-6.431255862,-5.417671384,0.000000000,1
730.450761795,17,17,195,9.845022593,-6.431255862,-5.417671384,-6.431255862,-5.417671384,0.000000000,1
731.473522186,17,17,189,9.638466099,-6.431255862,-5.417671384,-6.431255862,-5.417671384,0.000000000,1
732.492374659,17,17,188,9.494361702,-6.431255862,-5.417671384,-6.431255862,-5.417671384,0.000000000,1
733.517982960,17,17,188,9.494361702,-6.431255862,-5.417671384,-6.431255862,-5.417671384,0.000000000,1
734.545464039,17,17,184,9.304384610,-6.431255862,-5.417671384,-6.431255862,-5.417671384,0.000000000,1
735.568703890,17,17,176,8.895518236,-6.431255862,-5.417671384,-6.431255862,-5.417671384,0.000000000,1
736.602858305,17,17,166,8.484721443,-6.431255862,-5.417671384,-6.431255862,-5.417671384,0.000000000,1
737.635507822,17,17,157,7.957919437,-6.431255862,-5.417671384,-6.431255862,-5.417671384,0.000000000,1
738.662704468,17,17,150,7.590625409,-6.431255862,-5.417671384,-6.431255862,-5.417671384,0.000000000,1
739.693813324,17,17,140,7.199550602,-6.431255862,-5.417671384,-6.431255862,-5.417671384,0.000000000,1
740.726897478,17,17,131,6.630885044,-6.431255862,-5.417671384,-6.431255862,-5.417671384,0.000000000,1
741.743867159,17,17,123,6.217244623,-6.431255862,-5.417671384,-6.431255862,-5.417671384,0.000000000,1
742.752434969,17,17,115,5.811215243,-6.431255862,-5.417671384,-6.431255862,-5.417671384,0.000000000,1
743.784663439,17,17,109,5.514537947,-6.431255862,-5.417671384,-6.431255862,-5.417671384,0.000000000,1
744.817360640,17,17,100,5.160155716,-6.431255862,-5.417671384,-6.431255862,-5.417671384,0.000000000,1
745.849907160,17,17,94,4.860145817,-6.431255862,-5.417671384,-6.431255862,-5.417671384,0.000000000,1
746.876500607,17,17,88,4.560079601,-6.431255862,-5.417671384,-6.431255862,-5.417671384,0.000000000,1
747.880419254,17,17,82,4.261015549,-6.431255862,-5.417671384,-6.431255862,-5.417671384,0.000000000,1
748.908765078,17,17,74,3.847867571,-6.431255862,-5.417671384,-6.431255862,-5.417671384,0.000000000,1
749.920187473,17,17,68,3.553089282,-6.431255862,-5.417671384,-6.431255862,-5.417671384,0.000000000,1
750.954544306,17,17,67,3.529955646,-6.431255862,-5.417671384,-6.431255862,-5.417671384,0.000000000,1
751.969438553,17,17,57,2.914272152,-6.431255862,-5.417671384,-6.431255862,-5.417671384,0.000000000,1
752.995709181,17,17,49,2.505048195,-6.431255862,-5.417671384,-6.431255862,-5.417671384,0.000000000,1
754.009198427,17,17,41,2.105012937,-6.431255862,-5.417671384,-6.431255862,-5.417671384,0.000000000,1
755.043446302,17,17,33,1.705819831,-6.431255862,-5.417671384,-6.431255862,-5.417671384,0.000000000,1
756.074577570,17,17,25,1.306925870,-6.431255862,-5.417671384,-6.431255862,-5.417671384,0.000000000,1
757.085830688,17,17,19,1.008852269,-6.431255862,-5.417671384,-6.431255862,-5.417671384,0.000000000,1
758.109398365,17,17,13,0.711913283,-6.431255862,-5.417671384,-6.431255862,-5.417671384,0.000000000,1
759.128501892,17,17,8,0.498118064,-6.431255862,-5.417671384,-6.431255862,-5.417671384,0.000000000,1
771.469072104,18,18,848,42.383142284,35.945475198,-5.317671382,35.945475198,-5.317671382,0.000000000,1
772.295012236,18,18,847,42.340659895,35.945475198,-5.317671382,35.945475198,-5.317671382,0.000000000,1
773.319863796,18,18,839,41.935867291,35.945475198,-5.317671382,35.945475198,-5.317671382,0.000000000,1
774.404785872,18,18,835,41.754298986,35.945475198,-5.317671382,35.945475198,-5.317671382,0.000000000,1
775.362024307,18,18,834,41.690634437,35.945475198,-5.317671382,35.945475198,-5.317671382,0.000000000,1
776.389291525,18,18,828,41.387476851,35.945475198,-5.317671382,35.945475198,-5.317671382,0.000000000,1
777.422188997,18,18,824,41.186804853,35.945475198,-5.317671382,35.945475198,-5.317671382,0.000000000,1
778.433176994,18,18,818,40.890725688,35.945475198,-5.317671382,35.945475198,-5.317671382,0.000000000,1
779.463077545,18,18,812,40.586805237,35.945475198,-5.317671382,35.945475198,-5.317671382,0.000000000,1
780.487345695,18,18,806,40.290075798,35.945475198,-5.317671382,35.945475198,-5.317671382,0.000000000,1
781.511131763,18,18,800,39.989751762,35.945475198,-5.317671382,35.945475198,-5.317671382,0.000000000,1
782.536556005,18,18,801,40.021427260,35.945475198,-5.317671382,35.945475198,-5.317671382,0.000000000,1
783.565064430,18,18,787,39.430087111,35.945475198,-5.317671382,35.945475198,-5.317671382,0.000000000,1
784.589649916,18,18,786,39.290923004,35.945475198,-5.317671382,35.945475198,-5.317671382,0.000000000,1
785.620365143,18,18,782,39.090923017,35.945475198,-5.317671382,35.945475198,-5.317671382,0.000000000,1
786.655956507,18,18,778,38.891358027,35.945475198,-5.317671382,35.945475198,-5.317671382,0.000000000,1
787.686781406,18,18,769,38.514384621,35.945475198,-5.317671382,35.945475198,-5.317671382,0.000000000,1
788.698930979,18,18,762,38.197550009,35.945475198,-5.317671382,35.945475198,-5.317671382,0.000000000,1
789.729995012,18,18,757,37.945905158,35.945475198,-5.317671382,35.945475198,-5.317671382,0.000000000,1
790.758451939,18,18,753,37.746719641,35.945475198,-5.317671382,35.945475198,-5.317671382,0.000000000,1
791.783540726,18,18,749,37.555458468,35.945475198,-5.317671382,35.945475198,-5.317671382,0.000000000,1
792.797672510,18,18,743,37.211140427,35.945475198,-5.317671382,35.945475198,-5.317671382,0.000000000,1
793.834787846,18,18,739,37.048280494,35.945475198,-5.317671382,35.945475198,-5.317671382,0.000000000,1
794.860223770,18,18,735,36.844983135,35.945475198,-5.317671382,35.945475198,-5.317671382,0.000000000,1
795.929053068,18,18,729,36.556558474,35.945475198,-5.317671382,35.945475198,-5.317671382,0.000000000,1
796.890644312,18,18,723,36.219958183,35.945475198,-5.317671382,35.945475198,-5.317671382,0.000000000,1
797.910201073,18,18,717,35.919613424,35.945475198,-5.317671382,35.945475198,-5.317671382,0.000000000,1
798.932548046,18,18,711,35.619582394,35.945475198,-5.317671382,35.945475198,-5.317671382,0.000000000,1
799.960355043,18,18,705,35.319613986,35.945475198,-5.317671382,35.945475198,-5.317671382,0.000000000,1
800.986802578,18,18,699,35.019582999,35.945475198,-5.317671382,35.945475198,-5.317671382,0.000000000,1
802.023657322,18,18,693,34.719613668,35.945475198,-5.317671382,35.945475198,-5.317671382,0.000000000,1
803.055137396,18,18,685,34.319613593,35.945475198,-5.317671382,35.945475198,-5.317671382,0.000000000,1
804.075821638,18,18,679,34.019581846,35.945475198,-5.317671382,35.945475198,-5.317671382,0.000000000,1
805.096320868,18,18,673,33.719613585,35.945475198,-5.317671382,35.945475198,-5.317671382,0.000000000,1
806.119109869,18,18,667,33.419581837,35.945475198,-5.317671382,35.945475198,-5.317671382,0.000000000,1
807.154119015,18,18,661,33.119615852,35.945475198,-5.317671382,35.945475198,-5.317671382,0.000000000,1
808.167734146,18,18,655,32.819580111,35.945475198,-5.317671382,35.945475198,-5.317671382,0.000000000,1
809.186288834,18,18,649,32.519613179,35.945475198,-5.317671382,35.945475198,-5.317671382,0.000000000,1
810.219454050,18,18,643,32.219581950,35.945475198,-5.317671382,35.945475198,-5.317671382,0.000000000,1
811.257736444,18,18,635,31.819581945,35.945475198,-5.317671382,35.945475198,-5.317671382,0.000000000,1
812.273907661,18,18,629,31.519613164,35.945475198,-5.317671382,35.945475198,-5.317671382,0.000000000,1
813.298223734,18,18,623,31.219581936,35.945475198,-5.317671382,35.945475198,-5.317671382,0.000000000,1
814.316719294,18,18,617,30.919613155,35.945475198,-5.317671382,35.945475198,-5.317671382,0.000000000,1
815.349077225,18,18,611,30.619581927,35.945475198,-5.317671382,35.945475198,-5.317671382,0.000000000,1
816.390864372,18,18,603,30.219581921,35.945475198,-5.317671382,35.945475198,-5.317671382,0.000000000,1
817.399772167,18,18,597,29.919613140,35.945475198,-5.317671382,35.945475198,-5.317671382,0.000000000,1
818.433366299,18,18,591,29.619581912,35.945475198,-5.317671382,35.945475198,-5.317671382,0.000000000,1
819.467485666,18,18,585,29.319613131,35.945475198,-5.317671382,35.945475198,-5.317671382,0.000000000,1
820.482822418,18,18,579,29.019581903,35.945475198,-5.317671382,35.945475198,-5.317671382,0.000000000,1
821.546360016,18,18,573,28.719613122,35.945475198,-5.317671382,35.945475198,-5.317671382,0.000000000,1
822.527207136,18,18,567,28.419581894,35.945475198,-5.317671382,35.945475198,-5.317671382,0.000000000,1
823.567977905,18,18,559,28.019581888,35.945475198,-5.317671382,35.945475198,-5.317671382,0.000000000,1
824.590610027,18,18,552,27.693202058,35.945475198,-5.317671382,35.945475198,-5.317671382,0.000000000,1
825.617890596,18,18,547,27.424056346,35.945475198,-5.317671382,35.945475198,-5.317671382,0.000000000,1
826.650944948,18,18,541,27.142345363,35.945475198,-5.317671382,35.945475198,-5.317671382,0.000000000,1
827.687803268,18,18,535,26.824056337,35.945475198,-5.317671382,35.945475198,-5.317671382,0.000000000,1
828.715864420,18,18,529,26.542345354,35.945475198,-5.317671382,35.945475198,-5.317671382,0.000000000,1
829.744110584,18,18,521,26.142345348,35.945475198,-5.317671382,35.945475198,-5.317671382,0.000000000,1
830.773480415,18,18,515,25.824056322,35.945475198,-5.317671382,35.945475198,-5.317671382,0.000000000,1
831.792360306,18,18,509,25.542345339,35.945475198,-5.317671382,35.945475198,-5.317671382,0.000000000,1
832.804959774,18,18,503,25.224056313,35.945475198,-5.317671382,35.945475198,-5.317671382,0.000000000,1
833.834115744,18,18,497,24.942345330,35.945475198,-5.317671382,35.945475198,-5.317671382,0.000000000,1
834.868436098,18,18,489,24.542345324,35.945475198,-5.317671382,35.945475198,-5.317671382,0.000000000,1
835.882887363,18,18,482,24.199556477,35.945475198,-5.317671382,35.945475198,-5.317671382,0.000000000,1
836.908879042,18,18,476,23.900052217,35.945475198,-5.317671382,35.945475198,-5.317671382,0.000000000,1
837.939178705,18,18,470,23.599556468,35.945475198,-5.317671382,35.945475198,-5.317671382,0.000000000,1
838.952149153,18,18,464,23.300052208,35.945475198,-5.317671382,35.945475198,-5.317671382,0.000000000,1
839.983711243,18,18,458,22.999556459,35.945475198,-5.317671382,35.945475198,-5.317671382,0.000000000,1
841.001065731,18,18,450,22.599556453,35.945475198,-5.317671382,35.945475198,-5.317671382,0.000000000,1
842.031263828,18,18,444,22.300052193,35.945475198,-5.317671382,35.945475198,-5.317671382,0.000000000,1
843.064297676,18,18,438,21.999556444,35.945475198,-5.317671382,35.945475198,-5.317671382,0.000000000,1
844.088718176,18,18,432,21.700052184,35.945475198,-5.317671382,35.945475198,-5.317671382,0.000000000,1
845.122355700,18,18,426,21.399556436,35.945475198,-5.317671382,35.945475198,-5.317671382,0.000000000,1
846.144672632,18,18,420,21.100052176,35.945475198,-5.317671382,35.945475198,-5.317671382,0.000000000,1
847.170724154,18,18,414,20.799556428,35.945475198,-5.317671382,35.945475198,-5.317671382,0.000000000,1
848.197309017,18,18,408,20.500052168,35.945475198,-5.317671382,35.945475198,-5.317671382,0.000000000,1
849.213260889,18,18,402,20.199556420,35.945475198,-5.317671382,35.945475198,-5.317671382,0.000000000,1
850.240255594,18,18,394,19.799556415,35.945475198,-5.317671382,35.945475198,-5.317671382,0.000000000,1
851.249663115,18,18,388,19.500052156,35.945475198,-5.317671382,35.945475198,-5.317671382,0.000000000,1
852.279706955,18,18,382,19.199556408,35.945475198,-5.317671382,35.945475198,-5.317671382,0.000000000,1
853.310502768,18,18,376,18.900052135,35.945475198,-5.317671382,35.945475198,-5.317671382,0.000000000,1
854.348650694,18,18,368,18.500052053,35.945475198,-5.317671382,35.945475198,-5.317671382,0.000000000,1
855.372801781,18,18,362,18.199556626,35.945475198,-5.317671382,35.945475198,-5.317671382,0.000000000,1
856.395294905,18,18,356,17.900052311,35.945475198,-5.317671382,35.945475198,-5.317671382,0.000000000,1
857.431909323,18,18,350,17.599557041,35.945475198,-5.317671382,35.945475198,-5.317671382,0.000000000,1
858.468827963,18,18,342,17.199557331,35.945475198,-5.317671382,35.945475198,-5.317671382,0.000000000,1
859.488522053,18,18,336,16.900051634,35.945475198,-5.317671382,35.945475198,-5.317671382,0.000000000,1
860.529289961,18,18,330,16.599557401,35.945475198,-5.317671382,35.945475198,-5.317671382,0.000000000,1
861.535062075,18,18,324,16.300051693,35.945475198,-5.317671382,35.945475198,-5.317671382,0.000000000,1
862.534910202,18,18,318,15.999557766,35.945475198,-5.317671382,35.945475198,-5.317671382,0.000000000,1
863.578917265,18,18,575,28.824810199,35.945475198,-5.317671382,35.945475198,-5.317671382,0.000000000,1
864.599164486,18,18,407,20.428530322,35.945475198,-5.317671382,35.945475198,-5.317671382,0.000000000,1
865.643183470,18,18,555,27.824824693,35.945475198,-5.317671382,35.945475198,-5.317671382,0.000000000,1
866.659260035,18,18,395,19.828530535,35.945475198,-5.317671382,35.945475198,-5.317671382,0.000000000,1
867.671532393,18,18,387,19.428530786,35.945475198,-5.317671382,35.945475198,-5.317671382,0.000000000,1
868.717452765,18,18,535,26.824825347,35.945475198,-5.317671382,35.945475198,-5.317671382,0.000000000,1
869.725139618,18,18,375,18.828470896,35.945475198,-5.317671382,35.945475198,-5.317671382,0.000000000,1
870.749043941,18,18,487,24.431357147,35.945475198,-5.317671382,35.945475198,-5.317671382,0.000000000,1
871.769260168,18,18,479,24.029445346,35.945475198,-5.317671382,35.945475198,-5.317671382,0.000000000,1
872.800221443,18,18,269,13.525066599,35.945475198,-5.317671382,35.945475198,-5.317671382,0.000000000,1
873.839092731,18,18,246,12.341361218,35.945475198,-5.317671382,35.945475198,-5.317671382,0.000000000,1
874.856172800,18,18,241,12.092411677,35.945475198,-5.317671382,35.945475198,-5.317671382,0.000000000,1
875.868429422,18,18,233,11.704238981,35.945475198,-5.317671382,35.945475198,-5.317671382,0.000000000,1
876.900314093,18,18,224,11.333989326,35.945475198,-5.317671382,35.945475198,-5.317671382,0.000000000,1
877.922490597,18,18,218,10.966580284,35.945475198,-5.317671382,35.945475198,-5.317671382,0.000000000,1
878.938339472,18,18,212,10.666580280,35.945475198,-5.317671382,35.945475198,-5.317671382,0.000000000,1
879.964789629,18,18,206,10.366580275,35.945475198,-5.317671382,35.945475198,-5.317671382,0.000000000,1
880.987963915,18,18,200,10.066580271,35.945475198,-5.317671382,35.945475198,-5.317671382,0.000000000,1
882.016847372,18,18,194,9.766580266,35.945475198,-5.317671382,35.945475198,-5.317671382,0.000000000,1
883.049854755,18,18,188,9.466580262,35.945475198,-5.317671382,35.945475198,-5.317671382,0.000000000,1
884.067326069,18,18,182,9.166580257,35.945475198,-5.317671382,35.945475198,-5.317671382,0.000000000,1
885.093959093,18,18,176,8.866580253,35.945475198,-5.317671382,35.945475198,-5.317671382,0.000000000,1
886.114827394,18,18,170,8.566580248,35.945475198,-5.317671382,35.945475198,-5.317671382,0.000000000,1
887.133020163,18,18,164,8.266580244,35.945475198,-5.317671382,35.945475198,-5.317671382,0.000000000,1
888.153084278,18,18,160,8.066580241,35.945475198,-5.317671382,35.945475198,-5.317671382,0.000000000,1
889.184464216,18,18,152,7.666580235,35.945475198,-5.317671382,35.945475198,-5.317671382,0.000000000,1
890.189162970,18,18,148,7.466580232,35.945475198,-5.317671382,35.945475198,-5.317671382,0.000000000,1
891.227466822,18,18,142,7.166580227,35.945475198,-5.317671382,35.945475198,-5.317671382,0.000000000,1
892.239887238,18,18,136,6.866580223,35.945475198,-5.317671382,35.945475198,-5.317671382,0.000000000,1
893.267603636,18,18,130,6.566580218,35.945475198,-5.317671382,35.945475198,-5.317671382,0.000000000,1
894.307121277,18,18,124,6.266580214,35.945475198,-5.317671382,35.945475198,-5.317671382,0.000000000,1
895.317437887,18,18,118,5.966580210,35.945475198,-5.317671382,35.945475198,-5.317671382,0.000000000,1
896.338664055,18,18,112,5.666580205,35.945475198,-5.317671382,35.945475198,-5.317671382,0.000000000,1
897.376310587,18,18,106,5.366580201,35.945475198,-5.317671382,35.945475198,-5.317671382,0.000000000,1
898.400277376,18,18,100,5.066580196,35.945475198,-5.317671382,35.945475198,-5.317671382,0.000000000,1
899.428020716,18,18,94,4.766580192,35.945475198,-5.317671382,35.945475198,-5.317671382,0.000000000,1
900.453854799,18,18,90,4.566580189,35.945475198,-5.317671382,35.945475198,-5.317671382,0.000000000,1
901.458180189,18,18,82,4.166580183,35.945475198,-5.317671382,35.945475198,-5.317671382,0.000000000,1
902.496285439,18,18,78,3.966580180,35.945475198,-5.317671382,35.945475198,-5.317671382,0.000000000,1
903.517432690,18,18,72,3.666580175,35.945475198,-5.317671382,35.945475198,-5.317671382,0.000000000,1
904.545604706,18,18,66,3.366580171,35.945475198,-5.317671382,35.945475198,-5.317671382,0.000000000,1
905.566345930,18,18,60,3.066580166,35.945475198,-5.317671382,35.945475198,-5.317671382,0.000000000,1
906.577054977,18,18,54,2.766580162,35.945475198,-5.317671382,35.945475198,-5.317671382,0.000000000,1
907.595686436,18,18,48,2.466580157,35.945475198,-5.317671382,35.945475198,-5.317671382,0.000000000,1
908.627321959,18,18,42,2.166580153,35.945475198,-5.317671382,35.945475198,-5.317671382,0.000000000,1
909.652477264,18,18,36,1.866580148,35.945475198,-5.317671382,35.945475198,-5.317671382,0.000000000,1
910.653820992,18,18,30,1.561231481,35.945475198,-5.317671382,35.945475198,-5.317671382,0.000000000,1
911.686705351,18,18,24,1.259937401,35.945475198,-5.317671382,35.945475198,-5.317671382,0.000000000,1
912.705452919,18,18,18,0.969909832,35.945475198,-5.317671382,35.945475198,-5.317671382,0.000000000,1
913.724895477,18,18,14,0.770556837,35.945475198,-5.317671382,35.945475198,-5.317671382,0.000000000,1
914.751276970,18,18,10,0.570556834,35.945475198,-5.317671382,35.945475198,-5.317671382,0.000000000,1
915.764851570,18,18,6,0.370556831,35.945475198,-5.317671382,35.945475198,-5.317671382,0.000000000,1
928.720098495,19,19,120,6.110407502,32.435698759,-10.505155447,32.435698759,-10.505155447,0.000000000,1
929.536048889,19,19,120,6.110407502,32.435698759,-10.505155447,32.435698759,-10.505155447,0.000000000,1
930.567024469,19,19,115,5.842974461,32.435698759,-10.505155447,32.435698759,-10.505155447,0.000000000,1
931.592857838,19,19,109,5.529993273,32.435698759,-10.505155447,32.435698759,-10.505155447,0.000000000,1
932.611572027,19,19,100,5.095014995,32.435698759,-10.505155447,32.435698759,-10.505155447,0.000000000,1
933.645933628,19,19,91,4.652737024,32.435698759,-10.505155447,32.435698759,-10.505155447,0.000000000,1
934.660863161,19,19,83,4.241140182,32.435698759,-10.505155447,32.435698759,-10.505155447,0.000000000,1
935.687477350,19,19,76,3.879240601,32.435698759,-10.505155447,32.435698759,-10.505155447,0.000000000,1
936.715501308,19,19,67,3.427950753,32.435698759,-10.505155447,32.435698759,-10.505155447,0.000000000,1
937.730602741,19,19,60,3.067400315,32.435698759,-10.505155447,32.435698759,-10.505155447,0.000000000,1
938.766056061,19,19,52,2.706640636,32.435698759,-10.505155447,32.435698759,-10.505155447,0.000000000,1
939.797888994,19,19,45,2.346110640,32.435698759,-10.505155447,32.435698759,-10.505155447,0.000000000,1
940.809682131,19,19,35,1.845750268,32.435698759,-10.505155447,32.435698759,-10.505155447,0.000000000,1
941.838507652,19,19,28,1.485400155,32.435698759,-10.505155447,32.435698759,-10.505155447,0.000000000,1
942.869333029,19,19,21,1.125807953,32.435698759,-10.505155447,32.435698759,-10.505155447,0.000000000,1
943.876479626,19,19,15,0.844310488,32.435698759,-10.505155447,32.435698759,-10.505155447,0.000000000,1
944.908827782,19,19,11,0.627152774,32.435698759,-10.505155447,32.435698759,-10.505155447,0.000000000,1
945.936964035,19,19,8,0.485731416,32.435698759,-10.505155447,32.435698759,-10.505155447,0.000000000,1
958.955648661,20,20,238,11.978373838,39.335698862,-11.319403062,39.335698862,-11.319403062,0.000000000,1
959.774969816,20,20,235,11.833424070,39.335698862,-11.319403062,39.335698862,-11.319403062,0.000000000,1
960.796434402,20,20,231,11.622472417,39.335698862,-11.319403062,39.335698862,-11.319403062,0.000000000,1
961.813279152,20,20,224,11.269554625,39.335698862,-11.319403062,39.335698862,-11.319403062,0.000000000,1
962.847635984,20,20,219,11.031985170,39.335698862,-11.319403062,39.335698862,-11.319403062,0.000000000,1
963.873487473,20,20,215,10.817031886,39.335698862,-11.319403062,39.335698862,-11.319403062,0.000000000,1
964.896173716,20,20,207,10.445004003,39.335698862,-11.319403062,39.335698862,-11.319403062,0.000000000,1
965.934648752,20,20,203,10.222884714,39.335698862,-11.319403062,39.335698862,-11.319403062,0.000000000,1
966.942638874,20,20,197,9.947967866,39.335698862,-11.319403062,39.335698862,-11.319403062,0.000000000,1
967.975748777,20,20,193,9.739860495,39.335698862,-11.319403062,39.335698862,-11.319403062,0.000000000,1
969.005502701,20,20,186,9.373663265,39.335698862,-11.319403062,39.335698862,-11.319403062,0.000000000,1
970.026619673,20,20,181,9.157281238,39.335698862,-11.319403062,39.335698862,-11.319403062,0.000000000,1
971.059032679,20,20,176,8.866898158,39.335698862,-11.319403062,39.335698862,-11.319403062,0.000000000,1
972.089537859,20,20,173,8.728499629,39.335698862,-11.319403062,39.335698862,-11.319403062,0.000000000,1
973.093270779,20,20,166,8.375890805,39.335698862,-11.319403062,39.335698862,-11.319403062,0.000000000,1
974.130094290,20,20,160,8.085722484,39.335698862,-11.319403062,39.335698862,-11.319403062,0.000000000,1
975.151243448,20,20,160,8.078478251,39.335698862,-11.319403062,39.335698862,-11.319403062,0.000000000,1
976.164422512,20,20,158,7.998181559,39.335698862,-11.319403062,39.335698862,-11.319403062,0.000000000,1
977.187334299,20,20,153,7.754072199,39.335698862,-11.319403062,39.335698862,-11.319403062,0.000000000,1
978.217942715,20,20,146,7.377159102,39.335698862,-11.319403062,39.335698862,-11.319403062,0.000000000,1
979.235299826,20,20,137,6.940543444,39.335698862,-11.319403062,39.335698862,-11.319403062,0.000000000,1
980.259584427,20,20,129,6.539341117,39.335698862,-11.319403062,39.335698862,-11.319403062,0.000000000,1
981.291754723,20,20,120,6.058343715,39.335698862,-11.319403062,39.335698862,-11.319403062,0.000000000,1
982.309072495,20,20,111,5.617625056,39.335698862,-11.319403062,39.335698862,-11.319403062,0.000000000,1
983.336421728,20,20,104,5.266866595,39.335698862,-11.319403062,39.335698862,-11.319403062,0.000000000,1
984.360158443,20,20,96,4.850138077,39.335698862,-11.319403062,39.335698862,-11.319403062,0.000000000,1
985.396900892,20,20,87,4.450856872,39.335698862,-11.319403062,39.335698862,-11.319403062,0.000000000,1
986.416595936,20,20,81,4.140504683,39.335698862,-11.319403062,39.335698862,-11.319403062,0.000000000,1
987.449529171,20,20,72,3.690373378,39.335698862,-11.319403062,39.335698862,-11.319403062,0.000000000,1
988.466969728,20,20,63,3.241282363,39.335698862,-11.319403062,39.335698862,-11.319403062,0.000000000,1
989.500702143,20,20,56,2.882504674,39.335698862,-11.319403062,39.335698862,-11.319403062,0.000000000,1
990.509514332,20,20,47,2.432641980,39.335698862,-11.319403062,39.335698862,-11.319403062,0.000000000,1
991.535497665,20,20,40,2.072476954,39.335698862,-11.319403062,39.335698862,-11.319403062,0.000000000,1
992.556866646,20,20,31,1.625849102,39.335698862,-11.319403062,39.335698862,-11.319403062,0.000000000,1
993.588787317,20,20,23,1.210152935,39.335698862,-11.319403062,39.335698862,-11.319403062,0.000000000,1
994.604075432,20,20,16,0.850756256,39.335698862,-11.319403062,39.335698862,-11.319403062,0.000000000,1
995.619160175,20,20,11,0.624470480,39.335698862,-11.319403062,39.335698862,-11.319403062,0.000000000,1
996.646623611,20,20,7,0.430295020,39.335698862,-11.319403062,39.335698862,-11.319403062,0.000000000,1
1008.648077488,21,21,155,7.845638465,45.636812204,-8.737469050,45.636812204,-8.737469050,0.000000000,1
1009.446434975,21,21,155,7.845638465,45.636812204,-8.737469050,45.636812204,-8.737469050,0.000000000,1
1010.468001127,21,21,152,7.687125482,45.636812204,-8.737469050,45.636812204,-8.737469050,0.000000000,1
1011.491610527,21,21,145,7.327547451,45.636812204,-8.737469050,45.636812204,-8.737469050,0.000000000,1
1012.515824080,21,21,136,6.874324855,45.636812204,-8.737469050,45.636812204,-8.737469050,0.000000000,1
1013.544405699,21,21,128,6.466341440,45.636812204,-8.737469050,45.636812204,-8.737469050,0.000000000,1
1014.566139460,21,21,119,6.017990566,45.636812204,-8.737469050,45.636812204,-8.737469050,0.000000000,1
1015.592591524,21,21,112,5.666171295,45.636812204,-8.737469050,45.636812204,-8.737469050,0.000000000,1
1016.608263254,21,21,103,5.235321127,45.636812204,-8.737469050,45.636812204,-8.737469050,0.000000000,1
1017.633878946,21,21,94,4.794261975,45.636812204,-8.737469050,45.636812204,-8.737469050,0.000000000,1
1018.650062084,21,21,87,4.463688669,45.636812204,-8.737469050,45.636812204,-8.737469050,0.000000000,1
1019.679316998,21,21,80,4.092188459,45.636812204,-8.737469050,45.636812204,-8.737469050,0.000000000,1
1020.695141077,21,21,72,3.682667024,45.636812204,-8.737469050,45.636812204,-8.737469050,0.000000000,1
1021.726939917,21,21,63,3.342306473,45.636812204,-8.737469050,45.636812204,-8.737469050,0.000000000,1
1022.754450560,21,21,57,2.933706536,45.636812204,-8.737469050,45.636812204,-8.737469050,0.000000000,1
1023.783496618,21,21,48,2.493953450,45.636812204,-8.737469050,45.636812204,-8.737469050,0.000000000,1
1024.805879354,21,21,39,2.039609853,45.636812204,-8.737469050,45.636812204,-8.737469050,0.000000000,1
1025.832211971,21,21,33,1.745125191,45.636812204,-8.737469050,45.636812204,-8.737469050,0.000000000,1
1026.852854490,21,21,25,1.337334335,45.636812204,-8.737469050,45.636812204,-8.737469050,0.000000000,1
1027.872893572,21,21,16,0.887896142,45.636812204,-8.737469050,45.636812204,-8.737469050,0.000000000,1
1028.908564806,21,21,11,0.661470591,45.636812204,-8.737469050,45.636812204,-8.737469050,0.000000000,1
1029.919749022,21,21,7,0.436788707,45.636812204,-8.737469050,45.636812204,-8.737469050,0.000000000,1
1041.886540890,22,22,119,6.027781216,44.036812180,-2.837468963,44.036812180,-2.837468963,0.000000000,1
1042.663257599,22,22,118,6.011709315,44.036812180,-2.837468963,44.036812180,-2.837468963,0.000000000,1
1043.672246456,22,22,116,5.897488228,44.036812180,-2.837468963,44.036812180,-2.837468963,0.000000000,1
1044.707156897,22,22,116,5.911702522,44.036812180,-2.837468963,44.036812180,-2.837468963,0.000000000,1
1045.719659090,22,22,109,5.516773042,44.036812180,-2.837468963,44.036812180,-2.837468963,0.000000000,1
1046.750611305,22,22,101,5.123352858,44.036812180,-2.837468963,44.036812180,-2.837468963,0.000000000,1
1047.782583952,22,22,93,4.730612176,44.036812180,-2.837468963,44.036812180,-2.837468963,0.000000000,1
1048.799569130,22,22,85,4.339433458,44.036812180,-2.837468963,44.036812180,-2.837468963,0.000000000,1
1049.827946186,22,22,77,3.950253961,44.036812180,-2.837468963,44.036812180,-2.837468963,0.000000000,1
1050.848041058,22,22,67,3.440494346,44.036812180,-2.837468963,44.036812180,-2.837468963,0.000000000,1
1051.870918512,22,22,59,3.056478527,44.036812180,-2.837468963,44.036812180,-2.837468963,0.000000000,1
1052.900100470,22,22,51,2.643756974,44.036812180,-2.837468963,44.036812180,-2.837468963,0.000000000,1
1053.934513569,22,22,44,2.264247457,44.036812180,-2.837468963,44.036812180,-2.837468963,0.000000000,1
1054.937718630,22,22,35,1.855325409,44.036812180,-2.837468963,44.036812180,-2.837468963,0.000000000,1
1055.975070715,22,22,26,1.404970402,44.036812180,-2.837468963,44.036812180,-2.837468963,0.000000000,1
1057.006326437,22,22,18,0.998557584,44.036812180,-2.837468963,44.036812180,-2.837468963,0.000000000,1
1058.034535170,22,22,13,0.778082097,44.036812180,-2.837468963,44.036812180,-2.837468963,0.000000000,1
1059.067184448,22,22,10,0.574861968,44.036812180,-2.837468963,44.036812180,-2.837468963,0.000000000,1
1072.687475204,23,23,124,6.297301399,39.036812106,0.262531084,39.036812106,0.262531084,0.000000000,1
1073.518489361,23,23,122,6.182714800,39.036812106,0.262531084,39.036812106,0.262531084,0.000000000,1
1074.539518356,23,23,119,6.040531973,39.036812106,0.262531084,39.036812106,0.262531084,0.000000000,1
1075.564847946,23,23,107,5.440433914,39.036812106,0.262531084,39.036812106,0.262531084,0.000000000,1
1076.592383623,23,23,99,5.030231687,39.036812106,0.262531084,39.036812106,0.262531084,0.000000000,1
1077.615478516,23,23,90,4.583931117,39.036812106,0.262531084,39.036812106,0.262531084,0.000000000,1
1078.645082951,23,23,83,4.225297629,39.036812106,0.262531084,39.036812106,0.262531084,0.000000000,1
1079.674660921,23,23,73,3.725266940,39.036812106,0.262531084,39.036812106,0.262531084,0.000000000,1
1080.705780029,23,23,66,3.368372297,39.036812106,0.262531084,39.036812106,0.262531084,0.000000000,1
1081.719185352,23,23,56,2.868031711,39.036812106,0.262531084,39.036812106,0.262531084,0.000000000,1
1082.763017416,23,23,46,2.367552367,39.036812106,0.262531084,39.036812106,0.262531084,0.000000000,1
1083.765699148,23,23,38,1.998443985,39.036812106,0.262531084,39.036812106,0.262531084,0.000000000,1
1084.789128542,23,23,28,1.497385977,39.036812106,0.262531084,39.036812106,0.262531084,0.000000000,1
1085.815794945,23,23,20,1.082463197,39.036812106,0.262531084,39.036812106,0.262531084,0.000000000,1
1086.830420256,23,23,13,0.720502506,39.036812106,0.262531084,39.036812106,0.262531084,0.000000000,1
1087.861567974,23,23,8,0.495108152,39.036812106,0.262531084,39.036812106,0.262531084,0.000000000,1
1099.688599586,24,24,184,9.202459561,35.236812049,6.562531178,35.236812049,6.562531178,0.000000000,1
1100.523586988,24,24,184,9.202459561,35.236812049,6.562531178,35.236812049,6.562531178,0.000000000,1
1101.538762093,24,24,176,8.801318331,35.236812049,6.562531178,35.236812049,6.562531178,0.000000000,1
1102.582182407,24,24,166,8.282629005,35.236812049,6.562531178,35.236812049,6.562531178,0.000000000,1
1103.595035553,24,24,159,7.933232440,35.236812049,6.562531178,35.236812049,6.562531178,0.000000000,1
1104.620207548,24,24,149,7.434858063,35.236812049,6.562531178,35.236812049,6.562531178,0.000000000,1
1105.649646997,24,24,141,7.052361888,35.236812049,6.562531178,35.236812049,6.562531178,0.000000000,1
1106.674526930,24,24,131,6.534154325,35.236812049,6.562531178,35.236812049,6.562531178,0.000000000,1
1107.695020914,24,24,123,6.143754514,35.236812049,6.562531178,35.236812049,6.562531178,0.000000000,1
1108.716870308,24,24,112,5.600069136,35.236812049,6.562531178,35.236812049,6.562531178,0.000000000,1
1109.748949528,24,24,104,5.186552666,35.236812049,6.562531178,35.236812049,6.562531178,0.000000000,1
1110.782834053,24,24,95,4.757744161,35.236812049,6.562531178,35.236812049,6.562531178,0.000000000,1
1111.803253174,24,24,86,4.294072487,35.236812049,6.562531178,35.236812049,6.562531178,0.000000000,1
1112.834484577,24,24,79,3.943327508,35.236812049,6.562531178,35.236812049,6.562531178,0.000000000,1
1113.851784945,24,24,69,3.430501337,35.236812049,6.562531178,35.236812049,6.562531178,0.000000000,1
1114.875828028,24,24,61,3.042008121,35.236812049,6.562531178,35.236812049,6.562531178,0.000000000,1
1115.910361052,24,24,52,2.610326650,35.236812049,6.562531178,35.236812049,6.562531178,0.000000000,1
1116.923851728,24,24,43,2.128018038,35.236812049,6.562531178,35.236812049,6.562531178,0.000000000,1
1117.942991495,24,24,34,1.678203111,35.236812049,6.562531178,35.236812049,6.562531178,0.000000000,1
1118.989781380,24,24,24,1.206905357,35.236812049,6.562531178,35.236812049,6.562531178,0.000000000,1
1120.002492666,24,24,17,0.865811328,35.236812049,6.562531178,35.236812049,6.562531178,0.000000000,1
1121.029947519,24,24,14,0.694412938,35.236812049,6.562531178,35.236812049,6.562531178,0.000000000,1
1132.749212265,25,25,164,8.290844266,37.036812076,8.762531210,37.036812076,8.762531210,0.000000000,1
1133.559033632,25,25,159,8.052073612,37.036812076,8.762531210,37.036812076,8.762531210,0.000000000,1
1134.583857298,25,25,156,7.862610575,37.036812076,8.762531210,37.036812076,8.762531210,0.000000000,1
1135.608743668,25,25,154,7.785424474,37.036812076,8.762531210,37.036812076,8.762531210,0.000000000,1
1136.636097193,25,25,154,7.786442593,37.036812076,8.762531210,37.036812076,8.762531210,0.000000000,1
1137.654695749,25,25,147,7.448326872,37.036812076,8.762531210,37.036812076,8.762531210,0.000000000,1
1138.685866594,25,25,134,6.810068672,37.036812076,8.762531210,37.036812076,8.762531210,0.000000000,1
1139.713752031,25,25,126,6.380739525,37.036812076,8.762531210,37.036812076,8.762531210,0.000000000,1
1140.744618654,25,25,116,5.884863147,37.036812076,8.762531210,37.036812076,8.762531210,0.000000000,1
1141.765566826,25,25,108,5.468656882,37.036812076,8.762531210,37.036812076,8.762531210,0.000000000,1
1142.789966822,25,25,98,4.977710365,37.036812076,8.762531210,37.036812076,8.762531210,0.000000000,1
1143.827945709,25,25,89,4.538799522,37.036812076,8.762531210,37.036812076,8.762531210,0.000000000,1
1144.865491629,25,25,80,4.073378586,37.036812076,8.762531210,37.036812076,8.762531210,0.000000000,1
1145.888119459,25,25,71,3.633121166,37.036812076,8.762531210,37.036812076,8.762531210,0.000000000,1
1146.907097816,25,25,61,3.126045141,37.036812076,8.762531210,37.036812076,8.762531210,0.000000000,1
1147.925817728,25,25,52,2.695774335,37.036812076,8.762531210,37.036812076,8.762531210,0.000000000,1
1148.949827433,25,25,43,2.242988783,37.036812076,8.762531210,37.036812076,8.762531210,0.000000000,1
1149.980553150,25,25,34,1.797211799,37.036812076,8.762531210,37.036812076,8.762531210,0.000000000,1
1151.002149343,25,25,24,1.297483550,37.036812076,8.762531210,37.036812076,8.762531210,0.000000000,1
1152.031892300,25,25,17,0.936104121,37.036812076,8.762531210,37.036812076,8.762531210,0.000000000,1
1153.051141739,25,25,12,0.712889950,37.036812076,8.762531210,37.036812076,8.762531210,0.000000000,1
1154.067570686,25,25,7,0.436789296,37.036812076,8.762531210,37.036812076,8.762531210,0.000000000,1
1165.347846508,26,26,336,16.890674744,26.336811917,8.962531213,26.336811917,8.962531213,0.000000000,1
1166.178874493,26,26,332,16.790205644,26.336811917,8.962531213,26.336811917,8.962531213,0.000000000,1
1167.221171856,26,26,324,16.401281847,26.336811917,8.962531213,26.336811917,8.962531213,0.000000000,1
1168.239573240,26,26,319,16.132640213,26.336811917,8.962531213,26.336811917,8.962531213,0.000000000,1
1169.269269228,26,26,313,15.728883529,26.336811917,8.962531213,26.336811917,8.962531213,0.000000000,1
1170.300499678,26,26,309,15.514667679,26.336811917,8.962531213,26.336811917,8.962531213,0.000000000,1
1171.309079647,26,26,301,15.117156646,26.336811917,8.962531213,26.336811917,8.962531213,0.000000000,1
1172.337008953,26,26,292,14.778295349,26.336811917,8.962531213,26.336811917,8.962531213,0.000000000,1
1173.364269972,26,26,289,14.526974897,26.336811917,8.962531213,26.336811917,8.962531213,0.000000000,1
1174.375983238,26,26,280,14.111590170,26.336811917,8.962531213,26.336811917,8.962531213,0.000000000,1
1175.403130293,26,26,274,13.766246731,26.336811917,8.962531213,26.336811917,8.962531213,0.000000000,1
1176.443049431,26,26,266,13.489752768,26.336811917,8.962531213,26.336811917,8.962531213,0.000000000,1
1177.468142033,26,26,262,13.214368114,26.336811917,8.962531213,26.336811917,8.962531213,0.000000000,1
1178.493356228,26,26,259,13.023549083,26.336811917,8.962531213,26.336811917,8.962531213,0.000000000,1
1179.512705088,26,26,259,13.023549083,26.336811917,8.962531213,26.336811917,8.962531213,0.000000000,1
1180.544061184,26,26,256,12.900068573,26.336811917,8.962531213,26.336811917,8.962531213,0.000000000,1
1181.563436031,26,26,243,12.250071225,26.336811917,8.962531213,26.336811917,8.962531213,0.000000000,1
1182.591112375,26,26,234,11.895916645,26.336811917,8.962531213,26.336811917,8.962531213,0.000000000,1
1183.614595413,26,26,226,11.397939777,26.336811917,8.962531213,26.336811917,8.962531213,0.000000000,1
1184.643518209,26,26,218,10.963790981,26.336811917,8.962531213,26.336811917,8.962531213,0.000000000,1
1185.662077188,26,26,208,10.466870600,26.336811917,8.962531213,26.336811917,8.962531213,0.000000000,1
1186.693905830,26,26,199,10.038414734,26.336811917,8.962531213,26.336811917,8.962531213,0.000000000,1
1187.710119247,26,26,190,9.585664427,26.336811917,8.962531213,26.336811917,8.962531213,0.000000000,1
1188.744162321,26,26,179,9.113844689,26.336811917,8.962531213,26.336811917,8.962531213,0.000000000,1
1189.771546602,26,26,172,8.689395190,26.336811917,8.962531213,26.336811917,8.962531213,0.000000000,1
1190.780580282,26,26,165,8.308258037,26.336811917,8.962531213,26.336811917,8.962531213,0.000000000,1
1191.814606667,26,26,154,7.768128087,26.336811917,8.962531213,26.336811917,8.962531213,0.000000000,1
1192.833764076,26,26,146,7.359620945,26.336811917,8.962531213,26.336811917,8.962531213,0.000000000,1
1193.844092369,26,26,137,6.952565605,26.336811917,8.962531213,26.336811917,8.962531213,0.000000000,1
1194.869944811,26,26,128,6.552795471,26.336811917,8.962531213,26.336811917,8.962531213,0.000000000,1
1195.896350384,26,26,121,6.113348759,26.336811917,8.962531213,26.336811917,8.962531213,0.000000000,1
1196.909924030,26,26,110,5.604475808,26.336811917,8.962531213,26.336811917,8.962531213,0.000000000,1
1197.939880848,26,26,101,5.208145178,26.336811917,8.962531213,26.336811917,8.962531213,0.000000000,1
1198.957540751,26,26,93,4.834166872,26.336811917,8.962531213,26.336811917,8.962531213,0.000000000,1
1199.974070549,26,26,84,4.289328311,26.336811917,8.962531213,26.336811917,8.962531213,0.000000000,1
1200.995232582,26,26,77,3.910908025,26.336811917,8.962531213,26.336811917,8.962531213,0.000000000,1
1202.012950659,26,26,68,3.496887645,26.336811917,8.962531213,26.336811917,8.962531213,0.000000000,1
1203.037791014,26,26,58,3.090363159,26.336811917,8.962531213,26.336811917,8.962531213,0.000000000,1
1204.053026676,26,26,52,2.664203007,26.336811917,8.962531213,26.336811917,8.962531213,0.000000000,1
1205.084676027,26,26,42,2.158513383,26.336811917,8.962531213,26.336811917,8.962531213,0.000000000,1
1206.114691973,26,26,33,1.713904663,26.336811917,8.962531213,26.336811917,8.962531213,0.000000000,1
1207.143450022,26,26,24,1.302651850,26.336811917,8.962531213,26.336811917,8.962531213,0.000000000,1
1208.177241087,26,26,16,0.902565518,26.336811917,8.962531213,26.336811917,8.962531213,0.000000000,1
1209.203566790,26,26,12,0.680141343,26.336811917,8.962531213,26.336811917,8.962531213,0.000000000,1
1219.838615894,27,27,430,21.565080051,29.937808278,0.967342323,29.937808278,0.967342323,0.000000000,1
1220.672232866,27,27,425,21.346398628,29.937808278,0.967342323,29.937808278,0.967342323,0.000000000,1
1221.709282875,27,27,420,21.075792592,29.937808278,0.967342323,29.937808278,0.967342323,0.000000000,1
1222.732091427,27,27,415,20.847254521,29.937808278,0.967342323,29.937808278,0.967342323,0.000000000,1
1223.751269341,27,27,417,20.950786054,29.937808278,0.967342323,29.937808278,0.967342323,0.000000000,1
1224.779165030,27,27,412,20.684278506,29.937808278,0.967342323,29.937808278,0.967342323,0.000000000,1
1225.807037354,27,27,402,20.178217879,29.937808278,0.967342323,29.937808278,0.967342323,0.000000000,1
1226.837206125,27,27,394,19.796457900,29.937808278,0.967342323,29.937808278,0.967342323,0.000000000,1
1227.890676498,27,27,387,19.414379819,29.937808278,0.967342323,29.937808278,0.967342323,0.000000000,1
1228.879118443,27,27,377,18.913814970,29.937808278,0.967342323,29.937808278,0.967342323,0.000000000,1
1229.899329424,27,27,369,18.522854928,29.937808278,0.967342323,29.937808278,0.967342323,0.000000000,1
1230.933793783,27,27,361,18.115245346,29.937808278,0.967342323,29.937808278,0.967342323,0.000000000,1
1231.972207308,27,27,350,17.596692266,29.937808278,0.967342323,29.937808278,0.967342323,0.000000000,1
1232.989236355,27,27,342,17.182457533,29.937808278,0.967342323,29.937808278,0.967342323,0.000000000,1
1234.016613007,27,27,333,16.762030900,29.937808278,0.967342323,29.937808278,0.967342323,0.000000000,1
1235.036116838,27,27,325,16.350756306,29.937808278,0.967342323,29.937808278,0.967342323,0.000000000,1
1236.066395998,27,27,315,15.845263234,29.937808278,0.967342323,29.937808278,0.967342323,0.000000000,1
1237.093158484,27,27,306,15.401047819,29.937808278,0.967342323,29.937808278,0.967342323,0.000000000,1
1238.100783348,27,27,298,14.998697281,29.937808278,0.967342323,29.937808278,0.967342323,0.000000000,1
1239.132362843,27,27,290,14.573783157,29.937808278,0.967342323,29.937808278,0.967342323,0.000000000,1
1240.163407087,27,27,281,14.156272366,29.937808278,0.967342323,29.937808278,0.967342323,0.000000000,1
1241.191437960,27,27,273,13.731425404,29.937808278,0.967342323,29.937808278,0.967342323,0.000000000,1
1242.206580400,27,27,264,13.280607496,29.937808278,0.967342323,29.937808278,0.967342323,0.000000000,1
1243.232712507,27,27,255,12.870526141,29.937808278,0.967342323,29.937808278,0.967342323,0.000000000,1
1244.269120693,27,27,247,12.451298510,29.937808278,0.967342323,29.937808278,0.967342323,0.000000000,1
1245.290726423,27,27,236,11.908223919,29.937808278,0.967342323,29.937808278,0.967342323,0.000000000,1
1246.324527264,27,27,229,11.548604911,29.937808278,0.967342323,29.937808278,0.967342323,0.000000000,1
1247.352653265,27,27,219,11.058382762,29.937808278,0.967342323,29.937808278,0.967342323,0.000000000,1
1248.372191429,27,27,210,10.577838306,29.937808278,0.967342323,29.937808278,0.967342323,0.000000000,1
1249.411435366,27,27,202,10.180865863,29.937808278,0.967342323,29.937808278,0.967342323,0.000000000,1
1250.434415579,27,27,192,9.684680445,29.937808278,0.967342323,29.937808278,0.967342323,0.000000000,1
1251.467079639,27,27,184,9.277215516,29.937808278,0.967342323,29.937808278,0.967342323,0.000000000,1
1252.483079433,27,27,174,8.772115121,29.937808278,0.967342323,29.937808278,0.967342323,0.000000000,1
1253.505429029,27,27,166,8.362504117,29.937808278,0.967342323,29.937808278,0.967342323,0.000000000,1
1254.535188437,27,27,155,7.850653349,29.937808278,0.967342323,29.937808278,0.967342323,0.000000000,1
1255.557634592,27,27,147,7.455531295,29.937808278,0.967342323,29.937808278,0.967342323,0.000000000,1
1256.583472252,27,27,139,7.025450662,29.937808278,0.967342323,29.937808278,0.967342323,0.000000000,1
1257.593793631,27,27,128,6.488402477,29.937808278,0.967342323,29.937808278,0.967342323,0.000000000,1
1258.614170313,27,27,121,6.119807546,29.937808278,0.967342323,29.937808278,0.967342323,0.000000000,1
1259.649803162,27,27,112,5.675068063,29.937808278,0.967342323,29.937808278,0.967342323,0.000000000,1
1260.671803236,27,27,104,5.271984610,29.937808278,0.967342323,29.937808278,0.967342323,0.000000000,1
1261.705479622,27,27,94,4.816113419,29.937808278,0.967342323,29.937808278,0.967342323,0.000000000,1
1262.712960243,27,27,88,4.489907136,29.937808278,0.967342323,29.937808278,0.967342323,0.000000000,1
1263.731173038,27,27,82,4.207873322,29.937808278,0.967342323,29.937808278,0.967342323,0.000000000,1
1264.755955696,27,27,71,3.634341586,29.937808278,0.967342323,29.937808278,0.967342323,0.000000000,1
1265.787997246,27,27,61,3.140344665,29.937808278,0.967342323,29.937808278,0.967342323,0.000000000,1
1266.818133831,27,27,55,2.837417060,29.937808278,0.967342323,29.937808278,0.967342323,0.000000000,1
1267.858267546,27,27,44,2.299143309,29.937808278,0.967342323,29.937808278,0.967342323,0.000000000,1
1268.859868765,27,27,35,1.839619296,29.937808278,0.967342323,29.937808278,0.967342323,0.000000000,1
1269.891113281,27,27,27,1.418017296,29.937808278,0.967342323,29.937808278,0.967342323,0.000000000,1
1270.912555456,27,27,18,0.994613648,29.937808278,0.967342323,29.937808278,0.967342323,0.000000000,1
1271.940520287,27,27,13,0.718415406,29.937808278,0.967342323,29.937808278,0.967342323,0.000000000,1
1272.970221281,27,27,8,0.493021526,29.937808278,0.967342323,29.937808278,0.967342323,0.000000000,1
1284.452982187,28,28,290,14.617752346,24.238693170,0.169415639,24.238693170,0.169415639,0.000000000,1
1285.244221449,28,28,285,14.379408789,24.238693170,0.169415639,24.238693170,0.169415639,0.000000000,1
1286.278537989,28,28,280,14.120708581,24.238693170,0.169415639,24.238693170,0.169415639,0.000000000,1
1287.309473515,28,28,275,13.837335238,24.238693170,0.169415639,24.238693170,0.169415639,0.000000000,1
1288.320057154,28,28,268,13.471550111,24.238693170,0.169415639,24.238693170,0.169415639,0.000000000,1
1289.348499537,28,28,262,13.191167272,24.238693170,0.169415639,24.238693170,0.169415639,0.000000000,1
1290.383488655,28,28,260,13.105838591,24.238693170,0.169415639,24.238693170,0.169415639,0.000000000,1
1291.396686316,28,28,261,13.158899049,24.238693170,0.169415639,24.238693170,0.169415639,0.000000000,1
1292.431217909,28,28,258,13.020901038,24.238693170,0.169415639,24.238693170,0.169415639,0.000000000,1
1293.445284605,28,28,251,12.627211569,24.238693170,0.169415639,24.238693170,0.169415639,0.000000000,1
1294.471634626,28,28,243,12.231480103,24.238693170,0.169415639,24.238693170,0.169415639,0.000000000,1
1295.508446455,28,28,233,11.723692536,24.238693170,0.169415639,24.238693170,0.169415639,0.000000000,1
1296.519698858,28,28,224,11.277320017,24.238693170,0.169415639,24.238693170,0.169415639,0.000000000,1
1297.551754236,28,28,214,10.778011374,24.238693170,0.169415639,24.238693170,0.169415639,0.000000000,1
1298.588664293,28,28,207,10.415108871,24.238693170,0.169415639,24.238693170,0.169415639,0.000000000,1
1299.612536192,28,28,197,9.912641885,24.238693170,0.169415639,24.238693170,0.169415639,0.000000000,1
1300.640836000,28,28,186,9.402663314,24.238693170,0.169415639,24.238693170,0.169415639,0.000000000,1
1301.662703037,28,28,178,8.989038453,24.238693170,0.169415639,24.238693170,0.169415639,0.000000000,1
1302.679397821,28,28,170,8.577865485,24.238693170,0.169415639,24.238693170,0.169415639,0.000000000,1
1303.714091539,28,28,160,8.080582030,24.238693170,0.169415639,24.238693170,0.169415639,0.000000000,1
1304.733918190,28,28,150,7.575366597,24.238693170,0.169415639,24.238693170,0.169415639,0.000000000,1
1305.767257690,28,28,142,7.176041243,24.238693170,0.169415639,24.238693170,0.169415639,0.000000000,1
1306.783106565,28,28,132,6.683263155,24.238693170,0.169415639,24.238693170,0.169415639,0.000000000,1
1307.804968596,28,28,122,6.182824485,24.238693170,0.169415639,24.238693170,0.169415639,0.000000000,1
1308.638444185,28,28,114,5.764099493,24.238693170,0.169415639,24.238693170,0.169415639,0.000000000,1
1309.658200026,28,28,109,5.568958233,24.238693170,0.169415639,24.238693170,0.169415639,0.000000000,1
1310.667555094,28,28,103,5.260379991,24.238693170,0.169415639,24.238693170,0.169415639,0.000000000,1
1311.695590734,28,28,97,4.928393870,24.238693170,0.169415639,24.238693170,0.169415639,0.000000000,1
1312.728516579,28,28,85,4.347177183,24.238693170,0.169415639,24.238693170,0.169415639,0.000000000,1
1313.759900093,28,28,78,4.014846809,24.238693170,0.169415639,24.238693170,0.169415639,0.000000000,1
1314.785043716,28,28,70,3.609962391,24.238693170,0.169415639,24.238693170,0.169415639,0.000000000,1
1315.815615416,28,28,62,3.209713777,24.238693170,0.169415639,24.238693170,0.169415639,0.000000000,1
1316.838754416,28,28,53,2.728416989,24.238693170,0.169415639,24.238693170,0.169415639,0.000000000,1
1317.870373011,28,28,45,2.317636925,24.238693170,0.169415639,24.238693170,0.169415639,0.000000000,1
1318.886713982,28,28,40,2.083869631,24.238693170,0.169415639,24.238693170,0.169415639,0.000000000,1
1319.917680025,28,28,35,1.815059173,24.238693170,0.169415639,24.238693170,0.169415639,0.000000000,1
1320.929104805,28,28,30,1.581676141,24.238693170,0.169415639,24.238693170,0.169415639,0.000000000,1
1321.945835352,28,28,26,1.363899425,24.238693170,0.169415639,24.238693170,0.169415639,0.000000000,1
1322.978418589,28,28,20,1.082710719,24.238693170,0.169415639,24.238693170,0.169415639,0.000000000,1
1323.985894918,28,28,17,0.943903763,24.238693170,0.169415639,24.238693170,0.169415639,0.000000000,1
1325.007274389,28,28,15,0.817637453,24.238693170,0.169415639,24.238693170,0.169415639,0.000000000,1
1326.024718523,28,28,13,0.718403210,24.238693170,0.169415639,24.238693170,0.169415639,0.000000000,1
1327.069131851,28,28,10,0.583458542,24.238693170,0.169415639,24.238693170,0.169415639,0.000000000,1
1336.690299988,29,29,246,12.416611600,22.338693142,-1.230584382,22.338693142,-1.230584382,0.000000000,1
1337.607066870,29,29,245,12.337146503,22.338693142,-1.230584382,22.338693142,-1.230584382,0.000000000,1
1338.692385674,29,29,243,12.233687048,22.338693142,-1.230584382,22.338693142,-1.230584382,0.000000000,1
1339.654392958,29,29,239,12.060682971,22.338693142,-1.230584382,22.338693142,-1.230584382,0.000000000,1
1340.673977613,29,29,237,11.920477191,22.338693142,-1.230584382,22.338693142,-1.230584382,0.000000000,1
1341.708923578,29,29,232,11.703657012,22.338693142,-1.230584382,22.338693142,-1.230584382,0.000000000,1
1342.725445271,29,29,230,11.615696711,22.338693142,-1.230584382,22.338693142,-1.230584382,0.000000000,1
1343.751690388,29,29,226,11.381956505,22.338693142,-1.230584382,22.338693142,-1.230584382,0.000000000,1
1344.776322842,29,29,223,11.233440877,22.338693142,-1.230584382,22.338693142,-1.230584382,0.000000000,1
1345.797206163,29,29,221,11.124604146,22.338693142,-1.230584382,22.338693142,-1.230584382,0.000000000,1
1346.819194078,29,29,216,10.914528315,22.338693142,-1.230584382,22.338693142,-1.230584382,0.000000000,1
1347.839169502,29,29,213,10.734592037,22.338693142,-1.230584382,22.338693142,-1.230584382,0.000000000,1
1348.868750572,29,29,210,10.600125136,22.338693142,-1.230584382,22.338693142,-1.230584382,0.000000000,1
1349.894082785,29,29,207,10.453217996,22.338693142,-1.230584382,22.338693142,-1.230584382,0.000000000,1
1350.920479059,29,29,204,10.278478313,22.338693142,-1.230584382,22.338693142,-1.230584382,0.000000000,1
1351.945814371,29,29,203,10.250715649,22.338693142,-1.230584382,22.338693142,-1.230584382,0.000000000,1
1352.971979618,29,29,201,10.157477166,22.338693142,-1.230584382,22.338693142,-1.230584382,0.000000000,1
1354.006171942,29,29,195,9.860574979,22.338693142,-1.230584382,22.338693142,-1.230584382,0.000000000,1
1355.039466858,29,29,187,9.459011500,22.338693142,-1.230584382,22.338693142,-1.230584382,0.000000000,1
1356.064299345,29,29,180,9.068414448,22.338693142,-1.230584382,22.338693142,-1.230584382,0.000000000,1
1357.093370199,29,29,169,8.569178916,22.338693142,-1.230584382,22.338693142,-1.230584382,0.000000000,1
1358.155588865,29,29,160,8.110304105,22.338693142,-1.230584382,22.338693142,-1.230584382,0.000000000,1
1359.134895086,29,29,150,7.585854623,22.338693142,-1.230584382,22.338693142,-1.230584382,0.000000000,1
1360.158580542,29,29,140,7.078622157,22.338693142,-1.230584382,22.338693142,-1.230584382,0.000000000,1
1361.202277660,29,29,132,6.680119126,22.338693142,-1.230584382,22.338693142,-1.230584382,0.000000000,1
1362.209186316,29,29,125,6.241868544,22.338693142,-1.230584382,22.338693142,-1.230584382,0.000000000,1
1363.228831291,29,29,115,5.757199990,22.338693142,-1.230584382,22.338693142,-1.230584382,0.000000000,1
1364.256449938,29,29,108,5.476639610,22.338693142,-1.230584382,22.338693142,-1.230584382,0.000000000,1
1365.293401003,29,29,98,5.008555154,22.338693142,-1.230584382,22.338693142,-1.230584382,0.000000000,1
1366.306648254,29,29,90,4.516227034,22.338693142,-1.230584382,22.338693142,-1.230584382,0.000000000,1
1367.609780073,29,29,78,3.991180860,22.338693142,-1.230584382,22.338693142,-1.230584382,0.000000000,1
1368.632053137,29,29,72,3.698919218,22.338693142,-1.230584382,22.338693142,-1.230584382,0.000000000,1
1369.637886524,29,29,61,3.132068996,22.338693142,-1.230584382,22.338693142,-1.230584382,0.000000000,1
1370.663272858,29,29,54,2.782466264,22.338693142,-1.230584382,22.338693142,-1.230584382,0.000000000,1
1371.694848537,29,29,48,2.409723044,22.338693142,-1.230584382,22.338693142,-1.230584382,0.000000000,1
1372.728559971,29,29,40,2.001009531,22.338693142,-1.230584382,22.338693142,-1.230584382,0.000000000,1
1373.754126787,29,29,30,1.539514397,22.338693142,-1.230584382,22.338693142,-1.230584382,0.000000000,1
1374.786735296,29,29,22,1.210536135,22.338693142,-1.230584382,22.338693142,-1.230584382,0.000000000,1
1375.794325113,29,29,21,1.040265643,22.338693142,-1.230584382,22.338693142,-1.230584382,0.000000000,1
1376.827832460,29,29,17,0.842865362,22.338693142,-1.230584382,22.338693142,-1.230584382,0.000000000,1
1377.851051807,29,29,13,0.648316416,22.338693142,-1.230584382,22.338693142,-1.230584382,0.000000000,1
1378.862360001,29,29,10,0.531077974,22.338693142,-1.230584382,22.338693142,-1.230584382,0.000000000,1
1388.332033634,30,30,553,27.790222132,2.049908282,-10.938946395,2.049908282,-10.938946395,0.000000000,1
1389.183594942,30,30,552,27.680304242,2.049908282,-10.938946395,2.049908282,-10.938946395,0.000000000,1
1390.208088636,30,30,548,27.479411612,2.049908282,-10.938946395,2.049908282,-10.938946395,0.000000000,1
1391.249087095,30,30,545,27.307882539,2.049908282,-10.938946395,2.049908282,-10.938946395,0.000000000,1
1392.280201435,30,30,540,27.076698146,2.049908282,-10.938946395,2.049908282,-10.938946395,0.000000000,1
1393.292247534,30,30,537,26.901532040,2.049908282,-10.938946395,2.049908282,-10.938946395,0.000000000,1
1394.305173635,30,30,536,26.823504300,2.049908282,-10.938946395,2.049908282,-10.938946395,0.000000000,1
1395.343840361,30,30,528,26.454471447,2.049908282,-10.938946395,2.049908282,-10.938946395,0.000000000,1
1396.370605230,30,30,527,26.433349652,2.049908282,-10.938946395,2.049908282,-10.938946395,0.000000000,1
1397.393069267,30,30,527,26.412537395,2.049908282,-10.938946395,2.049908282,-10.938946395,0.000000000,1
1398.425164938,30,30,523,26.189793409,2.049908282,-10.938946395,2.049908282,-10.938946395,0.000000000,1
1399.456149340,30,30,512,25.699013095,2.049908282,-10.938946395,2.049908282,-10.938946395,0.000000000,1
1400.478058577,30,30,504,25.262383321,2.049908282,-10.938946395,2.049908282,-10.938946395,0.000000000,1
1401.512103796,30,30,496,24.827737397,2.049908282,-10.938946395,2.049908282,-10.938946395,0.000000000,1
1402.535181046,30,30,487,24.388404312,2.049908282,-10.938946395,2.049908282,-10.938946395,0.000000000,1
1403.553578138,30,30,476,23.903542996,2.049908282,-10.938946395,2.049908282,-10.938946395,0.000000000,1
1404.584410906,30,30,468,23.456040276,2.049908282,-10.938946395,2.049908282,-10.938946395,0.000000000,1
1405.611512899,30,30,457,22.951394036,2.049908282,-10.938946395,2.049908282,-10.938946395,0.000000000,1
1406.622963428,30,30,442,22.207787372,2.049908282,-10.938946395,2.049908282,-10.938946395,0.000000000,1
1407.635389328,30,30,434,21.812244558,2.049908282,-10.938946395,2.049908282,-10.938946395,0.000000000,1
1408.656129122,30,30,424,21.277951935,2.049908282,-10.938946395,2.049908282,-10.938946395,0.000000000,1
1409.711190462,30,30,416,20.881496008,2.049908282,-10.938946395,2.049908282,-10.938946395,0.000000000,1
1410.698282003,30,30,406,20.397133891,2.049908282,-10.938946395,2.049908282,-10.938946395,0.000000000,1
1411.727958918,30,30,398,19.997576723,2.049908282,-10.938946395,2.049908282,-10.938946395,0.000000000,1
1412.753643274,30,30,388,19.469648640,2.049908282,-10.938946395,2.049908282,-10.938946395,0.000000000,1
1413.780216694,30,30,380,19.070653780,2.049908282,-10.938946395,2.049908282,-10.938946395,0.000000000,1
1414.807549715,30,30,370,18.601130296,2.049908282,-10.938946395,2.049908282,-10.938946395,0.000000000,1
1415.843155622,30,30,362,18.208074338,2.049908282,-10.938946395,2.049908282,-10.938946395,0.000000000,1
1416.866161346,30,30,352,17.677670467,2.049908282,-10.938946395,2.049908282,-10.938946395,0.000000000,1
1417.884936094,30,30,344,17.273189960,2.049908282,-10.938946395,2.049908282,-10.938946395,0.000000000,1
1418.922615767,30,30,334,16.801086535,2.049908282,-10.938946395,2.049908282,-10.938946395,0.000000000,1
1419.656308889,30,30,328,16.489256685,2.049908282,-10.938946395,2.049908282,-10.938946395,0.000000000,1
1420.684890509,30,30,322,16.199755515,2.049908282,-10.938946395,2.049908282,-10.938946395,0.000000000,1
1421.713585615,30,30,313,15.720094442,2.049908282,-10.938946395,2.049908282,-10.938946395,0.000000000,1
1422.751624107,30,30,305,15.319076879,2.049908282,-10.938946395,2.049908282,-10.938946395,0.000000000,1
1423.773096561,30,30,295,14.830818467,2.049908282,-10.938946395,2.049908282,-10.938946395,0.000000000,1
1424.838212490,30,30,287,14.448665601,2.049908282,-10.938946395,2.049908282,-10.938946395,0.000000000,1
1425.830993891,30,30,279,13.991049365,2.049908282,-10.938946395,2.049908282,-10.938946395,0.000000000,1
1426.848099709,30,30,269,13.585614025,2.049908282,-10.938946395,2.049908282,-10.938946395,0.000000000,1
1427.869878054,30,30,260,13.148770480,2.049908282,-10.938946395,2.049908282,-10.938946395,0.000000000,1
1428.885873556,30,30,252,12.746386369,2.049908282,-10.938946395,2.049908282,-10.938946395,0.000000000,1
1429.913530111,30,30,244,12.233734609,2.049908282,-10.938946395,2.049908282,-10.938946395,0.000000000,1
1430.937378168,30,30,233,11.786933513,2.049908282,-10.938946395,2.049908282,-10.938946395,0.000000000,1
1431.976139784,30,30,225,11.381574843,2.049908282,-10.938946395,2.049908282,-10.938946395,0.000000000,1
1433.002636671,30,30,218,10.950053510,2.049908282,-10.938946395,2.049908282,-10.938946395,0.000000000,1
1434.029099703,30,30,208,10.461213015,2.049908282,-10.938946395,2.049908282,-10.938946395,0.000000000,1
1435.047262430,30,30,199,9.997926132,2.049908282,-10.938946395,2.049908282,-10.938946395,0.000000000,1
1436.068848610,30,30,191,9.583648076,2.049908282,-10.938946395,2.049908282,-10.938946395,0.000000000,1
1437.091463566,30,30,182,9.140737990,2.049908282,-10.938946395,2.049908282,-10.938946395,0.000000000,1
1438.109634638,30,30,174,8.746563378,2.049908282,-10.938946395,2.049908282,-10.938946395,0.000000000,1
1439.134899616,30,30,163,8.196122050,2.049908282,-10.938946395,2.049908282,-10.938946395,0.000000000,1
1440.163923264,30,30,155,7.799153193,2.049908282,-10.938946395,2.049908282,-10.938946395,0.000000000,1
1441.177951336,30,30,144,7.349577669,2.049908282,-10.938946395,2.049908282,-10.938946395,0.000000000,1
1441.383485794,31,30,13,0.737879953,3.733813864,-7.104934105,2.049908282,-10.938946395,4.187503821,0
1442.406928778,31,30,9,0.512576636,3.733813864,-7.104934105,2.049908282,-10.938946395,4.187503821,0
1442.692213058,32,30,136,6.918034285,2.049908282,-10.938946395,2.049908282,-10.938946395,0.000000000,1
1443.718796968,32,30,131,6.588106543,2.049908282,-10.938946395,2.049908282,-10.938946395,0.000000000,1
1444.733589649,32,30,123,6.184574586,2.049908282,-10.938946395,2.049908282,-10.938946395,0.000000000,1
1445.750766754,32,30,114,5.759062923,2.049908282,-10.938946395,2.049908282,-10.938946395,0.000000000,1
1446.777903080,32,30,105,5.312515921,2.049908282,-10.938946395,2.049908282,-10.938946395,0.000000000,1
1447.813032389,32,30,97,4.912298089,2.049908282,-10.938946395,2.049908282,-10.938946395,0.000000000,1
1448.844975471,32,30,84,4.360354084,2.049908282,-10.938946395,2.049908282,-10.938946395,0.000000000,1
1449.852488995,32,30,76,3.961730983,2.049908282,-10.938946395,2.049908282,-10.938946395,0.000000000,1
1450.895124197,32,30,68,3.536384027,2.049908282,-10.938946395,2.049908282,-10.938946395,0.000000000,1
1451.907836676,32,30,60,3.076212307,2.049908282,-10.938946395,2.049908282,-10.938946395,0.000000000,1
1452.932858229,32,30,52,2.648276479,2.049908282,-10.938946395,2.049908282,-10.938946395,0.000000000,1
1453.948566675,32,30,56,2.847199083,2.049908282,-10.938946395,2.049908282,-10.938946395,0.000000000,1
1454.977803469,32,30,34,1.752583261,2.049908282,-10.938946395,2.049908282,-10.938946395,0.000000000,1
1456.007281542,32,30,25,1.328882563,2.049908282,-10.938946395,2.049908282,-10.938946395,0.000000000,1
1457.027193069,32,30,17,0.906226793,2.049908282,-10.938946395,2.049908282,-10.938946395,0.000000000,1
1458.047022343,32,30,13,0.691835623,2.049908282,-10.938946395,2.049908282,-10.938946395,0.000000000,1
1459.077495098,32,30,7,0.407558284,2.049908282,-10.938946395,2.049908282,-10.938946395,0.000000000,1
1470.797369003,33,31,251,12.617420135,5.015994670,-9.496863767,5.015994670,-9.496863767,0.000000000,1
1471.620085001,33,31,247,12.464650077,5.015994670,-9.496863767,5.015994670,-9.496863767,0.000000000,1
1472.655413628,33,31,242,12.182835682,5.015994670,-9.496863767,5.015994670,-9.496863767,0.000000000,1
1473.677510023,33,31,238,11.994886891,5.015994670,-9.496863767,5.015994670,-9.496863767,0.000000000,1
1474.705095768,33,31,230,11.614289788,5.015994670,-9.496863767,5.015994670,-9.496863767,0.000000000,1
1475.735454798,33,31,227,11.430333977,5.015994670,-9.496863767,5.015994670,-9.496863767,0.000000000,1
1476.751660109,33,31,222,11.200872784,5.015994670,-9.496863767,5.015994670,-9.496863767,0.000000000,1
1477.775413513,33,31,220,11.090617314,5.015994670,-9.496863767,5.015994670,-9.496863767,0.000000000,1
1478.798430920,33,31,218,10.962331567,5.015994670,-9.496863767,5.015994670,-9.496863767,0.000000000,1
1479.836069584,33,31,214,10.793770603,5.015994670,-9.496863767,5.015994670,-9.496863767,0.000000000,1
1480.851156473,33,31,206,10.416186101,5.015994670,-9.496863767,5.015994670,-9.496863767,0.000000000,1
1481.875757694,33,31,198,10.010785279,5.015994670,-9.496863767,5.015994670,-9.496863767,0.000000000,1
1482.902952433,33,31,187,9.462099368,5.015994670,-9.496863767,5.015994670,-9.496863767,0.000000000,1
1483.932311773,33,31,177,8.958887310,5.015994670,-9.496863767,5.015994670,-9.496863767,0.000000000,1
1484.945908546,33,31,169,8.559067762,5.015994670,-9.496863767,5.015994670,-9.496863767,0.000000000,1
1485.970589161,33,31,161,8.159309648,5.015994670,-9.496863767,5.015994670,-9.496863767,0.000000000,1
1486.690367937,33,31,155,7.852831658,5.015994670,-9.496863767,5.015994670,-9.496863767,0.000000000,1
1487.704372406,33,31,146,7.394977345,5.015994670,-9.496863767,5.015994670,-9.496863767,0.000000000,1
1488.725086212,33,31,138,6.995534705,5.015994670,-9.496863767,5.015994670,-9.496863767,0.000000000,1
1489.749287367,33,31,128,6.500131623,5.015994670,-9.496863767,5.015994670,-9.496863767,0.000000000,1
1490.789949417,33,31,120,6.100393492,5.015994670,-9.496863767,5.015994670,-9.496863767,0.000000000,1
1491.811311722,33,31,110,5.592414619,5.015994670,-9.496863767,5.015994670,-9.496863767,0.000000000,1
1492.834844351,33,31,102,5.194928615,5.015994670,-9.496863767,5.015994670,-9.496863767,0.000000000,1
1493.366909981,34,31,11,0.643004405,5.897937954,-8.173802733,5.015994670,-9.496863767,1.590067437,0
1494.157966852,35,31,94,4.776303815,5.015994670,-9.496863767,5.015994670,-9.496863767,0.000000000,1
1495.193965435,35,31,86,4.384965746,5.015994670,-9.496863767,5.015994670,-9.496863767,0.000000000,1
1495.694200039,35,31,82,4.199414913,5.015994670,-9.496863767,5.015994670,-9.496863767,0.000000000,1
1496.727615595,35,31,76,3.873092883,5.015994670,-9.496863767,5.015994670,-9.496863767,0.000000000,1
1497.762266397,35,31,66,3.382416411,5.015994670,-9.496863767,5.015994670,-9.496863767,0.000000000,1
1498.352612972,36,31,14,0.719772018,6.955100403,-9.255006475,5.015994670,-9.496863767,1.954130496,0
1499.371170521,36,31,8,0.412469640,6.955100403,-9.255006475,5.015994670,-9.496863767,1.954130496,0
1499.632101059,37,31,55,2.816850723,5.015994670,-9.496863767,5.015994670,-9.496863767,0.000000000,1
1500.646133423,37,31,49,2.519787273,5.015994670,-9.496863767,5.015994670,-9.496863767,0.000000000,1
1501.666470766,37,31,40,2.064089219,5.015994670,-9.496863767,5.015994670,-9.496863767,0.000000000,1
1502.648755550,37,31,34,1.767838833,5.015994670,-9.496863767,5.015994670,-9.496863767,0.000000000,1
1503.686145782,37,31,25,1.333520414,5.015994670,-9.496863767,5.015994670,-9.496863767,0.000000000,1
1504.707191229,37,31,17,0.929126532,5.015994670,-9.496863767,5.015994670,-9.496863767,0.000000000,1
1505.737741232,37,31,13,0.725244211,5.015994670,-9.496863767,5.015994670,-9.496863767,0.000000000,1
1506.759658098,37,31,11,0.615064583,5.015994670,-9.496863767,5.015994670,-9.496863767,0.000000000,1
1517.790053368,38,32,592,29.717797263,11.313691167,-7.896313523,11.313691167,-7.896313523,0.000000000,1
1518.617291212,38,32,589,29.520409508,11.313691167,-7.896313523,11.313691167,-7.896313523,0.000000000,1
1519.636998415,38,32,585,29.313967100,11.313691167,-7.896313523,11.313691167,-7.896313523,0.000000000,1
1520.668021679,38,32,579,29.040679368,11.313691167,-7.896313523,11.313691167,-7.896313523,0.000000000,1
1521.701997280,38,32,578,29.007905480,11.313691167,-7.896313523,11.313691167,-7.896313523,0.000000000,1
1522.711285114,38,32,577,28.919442080,11.313691167,-7.896313523,11.313691167,-7.896313523,0.000000000,1
1523.747406006,38,32,576,28.904076436,11.313691167,-7.896313523,11.313691167,-7.896313523,0.000000000,1
1524.770133734,38,32,566,28.404592033,11.313691167,-7.896313523,11.313691167,-7.896313523,0.000000000,1
1525.716747522,38,32,556,27.866886777,11.313691167,-7.896313523,11.313691167,-7.896313523,0.000000000,1
1526.718145370,38,32,553,27.750457238,11.313691167,-7.896313523,11.313691167,-7.896313523,0.000000000,1
1527.744319916,38,32,546,27.382767780,11.313691167,-7.896313523,11.313691167,-7.896313523,0.000000000,1
1528.778687716,38,32,536,26.903058792,11.313691167,-7.896313523,11.313691167,-7.896313523,0.000000000,1
1529.794324875,38,32,528,26.478719298,11.313691167,-7.896313523,11.313691167,-7.896313523,0.000000000,1
1530.810957670,38,32,520,26.064615491,11.313691167,-7.896313523,11.313691167,-7.896313523,0.000000000,1
1531.374521255,39,32,13,0.712244148,6.951641236,-6.744141035,11.313691167,-7.896313523,4.511649481,0
1532.400619268,39,32,7,0.412244143,6.951641236,-6.744141035,11.313691167,-7.896313523,4.511649481,0
1532.622800589,40,32,509,25.532700347,11.313691167,-7.896313523,11.313691167,-7.896313523,0.000000000,1
1533.623477459,40,32,502,25.169816699,11.313691167,-7.896313523,11.313691167,-7.896313523,0.000000000,1
1534.653952837,40,32,496,24.872278297,11.313691167,-7.896313523,11.313691167,-7.896313523,0.000000000,1
1535.676440954,40,32,481,24.149253034,11.313691167,-7.896313523,11.313691167,-7.896313523,0.000000000,1
1536.706529140,40,32,472,23.686006296,11.313691167,-7.896313523,11.313691167,-7.896313523,0.000000000,1
1537.725393057,40,32,465,23.345334029,11.313691167,-7.896313523,11.313691167,-7.896313523,0.000000000,1
1538.763788223,40,32,455,22.843092020,11.313691167,-7.896313523,11.313691167,-7.896313523,0.000000000,1
1539.790803671,40,32,447,22.436363341,11.313691167,-7.896313523,11.313691167,-7.896313523,0.000000000,1
1540.805991173,40,32,439,22.036363499,11.313691167,-7.896313523,11.313691167,-7.896313523,0.000000000,1
1541.850788593,40,32,429,21.559203941,11.313691167,-7.896313523,11.313691167,-7.896313523,0.000000000,1
1542.670307875,40,32,421,21.159204660,11.313691167,-7.896313523,11.313691167,-7.896313523,0.000000000,1
1543.692767859,40,32,415,20.860447087,11.313691167,-7.896313523,11.313691167,-7.896313523,0.000000000,1
1544.712481499,40,32,405,20.359210001,11.313691167,-7.896313523,11.313691167,-7.896313523,0.000000000,1
1545.751793385,40,32,398,19.980060950,11.313691167,-7.896313523,11.313691167,-7.896313523,0.000000000,1
1546.775804043,40,32,390,19.580068973,11.313691167,-7.896313523,11.313691167,-7.896313523,0.000000000,1
1547.805547476,40,32,380,19.079344660,11.313691167,-7.896313523,11.313691167,-7.896313523,0.000000000,1
1548.843160152,40,32,372,18.679363280,11.313691167,-7.896313523,11.313691167,-7.896313523,0.000000000,1
1549.339608908,41,32,12,0.668730175,13.831480509,-5.845148424,11.313691167,-7.896313523,3.247543908,0
1550.071619034,42,32,362,18.179782865,11.313691167,-7.896313523,11.313691167,-7.896313523,0.000000000,1
1551.096653461,42,32,354,17.779829536,11.313691167,-7.896313523,11.313691167,-7.896313523,0.000000000,1
1552.133550882,42,32,346,17.379898787,11.313691167,-7.896313523,11.313691167,-7.896313523,0.000000000,1
1553.151784420,42,32,336,16.879287863,11.313691167,-7.896313523,11.313691167,-7.896313523,0.000000000,1
1554.182992220,42,32,328,16.479431339,11.313691167,-7.896313523,11.313691167,-7.896313523,0.000000000,1
1555.208520651,42,32,318,15.978678232,11.313691167,-7.896313523,11.313691167,-7.896313523,0.000000000,1
1556.235337734,42,32,310,15.578957813,11.313691167,-7.896313523,11.313691167,-7.896313523,0.000000000,1
1557.264795780,42,32,302,15.179332673,11.313691167,-7.896313523,11.313691167,-7.896313523,0.000000000,1
1558.286927700,42,32,292,14.680997762,11.313691167,-7.896313523,11.313691167,-7.896313523,0.000000000,1
1559.315527678,42,32,284,14.281752599,11.313691167,-7.896313523,11.313691167,-7.896313523,0.000000000,1
1559.650972843,42,32,280,14.082236182,11.313691167,-7.896313523,11.313691167,-7.896313523,0.000000000,1
1560.678683758,42,32,274,13.782016751,11.313691167,-7.896313523,11.313691167,-7.896313523,0.000000000,1
1561.705856085,42,32,264,13.275231384,11.313691167,-7.896313523,11.313691167,-7.896313523,0.000000000,1
1562.732120275,42,32,254,12.791331632,11.313691167,-7.896313523,11.313691167,-7.896313523,0.000000000,1
1563.755686998,42,32,243,12.208028558,11.313691167,-7.896313523,11.313691167,-7.896313523,0.000000000,1
1564.771993160,42,32,235,11.824877255,11.313691167,-7.896313523,11.313691167,-7.896313523,0.000000000,1
1565.804790735,42,32,225,11.308594843,11.313691167,-7.896313523,11.313691167,-7.896313523,0.000000000,1
1566.824775696,42,32,217,10.896961227,11.313691167,-7.896313523,11.313691167,-7.896313523,0.000000000,1
1567.387702465,43,32,13,0.738235959,20.788169293,-6.954070759,11.313691167,-7.896313523,9.521216161,0
1568.315699577,44,32,207,10.439923625,11.313691167,-7.896313523,11.313691167,-7.896313523,0.000000000,1
1569.345400333,44,32,203,10.230557540,11.313691167,-7.896313523,11.313691167,-7.896313523,0.000000000,1
1570.382980585,44,32,195,9.804816216,11.313691167,-7.896313523,11.313691167,-7.896313523,0.000000000,1
1571.397514343,44,32,185,9.313148376,11.313691167,-7.896313523,11.313691167,-7.896313523,0.000000000,1
1572.428313732,44,32,175,8.825916167,11.313691167,-7.896313523,11.313691167,-7.896313523,0.000000000,1
1573.710164070,44,32,165,8.302099263,11.313691167,-7.896313523,11.313691167,-7.896313523,0.000000000,1
1574.735555172,44,32,159,8.001470804,11.313691167,-7.896313523,11.313691167,-7.896313523,0.000000000,1
1575.769653082,44,32,149,7.493391363,11.313691167,-7.896313523,11.313691167,-7.896313523,0.000000000,1
1576.792682409,44,32,141,7.093430954,11.313691167,-7.896313523,11.313691167,-7.896313523,0.000000000,1
1577.812165976,44,32,131,6.593707053,11.313691167,-7.896313523,11.313691167,-7.896313523,0.000000000,1
1578.839730501,44,32,123,6.193812062,11.313691167,-7.896313523,11.313691167,-7.896313523,0.000000000,1
1579.874894857,44,32,113,5.693847019,11.313691167,-7.896313523,11.313691167,-7.896313523,0.000000000,1
1580.887858868,44,32,105,5.293114969,11.313691167,-7.896313523,11.313691167,-7.896313523,0.000000000,1
1581.910714626,44,32,95,4.790095833,11.313691167,-7.896313523,11.313691167,-7.896313523,0.000000000,1
1582.932011843,44,32,87,4.397569465,11.313691167,-7.896313523,11.313691167,-7.896313523,0.000000000,1
1583.400315762,45,32,13,0.718495189,14.467696425,-7.470594911,11.313691167,-7.896313523,3.182606715,0
1584.425420761,45,32,7,0.418495184,14.467696425,-7.470594911,11.313691167,-7.896313523,3.182606715,0
1584.794107676,46,32,77,3.907388574,11.313691167,-7.896313523,11.313691167,-7.896313523,0.000000000,1
1585.818078995,46,32,69,3.508278064,11.313691167,-7.896313523,11.313691167,-7.896313523,0.000000000,1
1586.850481987,46,32,61,3.109940686,11.313691167,-7.896313523,11.313691167,-7.896313523,0.000000000,1
1587.878615618,46,32,51,2.602411599,11.313691167,-7.896313523,11.313691167,-7.896313523,0.000000000,1
1588.896672249,46,32,43,2.213536042,11.313691167,-7.896313523,11.313691167,-7.896313523,0.000000000,1
1589.916169167,46,32,33,1.725378228,11.313691167,-7.896313523,11.313691167,-7.896313523,0.000000000,1
1590.948248386,46,32,25,1.319721549,11.313691167,-7.896313523,11.313691167,-7.896313523,0.000000000,1
1591.977821112,46,32,19,1.017577473,11.313691167,-7.896313523,11.313691167,-7.896313523,0.000000000,1
1592.998076439,46,32,15,0.822820781,11.313691167,-7.896313523,11.313691167,-7.896313523,0.000000000,1
1594.025291681,46,32,13,0.701061464,11.313691167,-7.896313523,11.313691167,-7.896313523,0.000000000,1
1595.048929930,46,32,9,0.486753111,11.313691167,-7.896313523,11.313691167,-7.896313523,0.000000000,1
1606.493725538,47,33,572,28.683458108,17.836191653,-2.520594075,17.836191653,-2.520594075,0.000000000,1
1607.329779148,47,33,569,28.550877633,17.836191653,-2.520594075,17.836191653,-2.520594075,0.000000000,1
1608.357666016,47,33,568,28.484790373,17.836191653,-2.520594075,17.836191653,-2.520594075,0.000000000,1
1609.377329826,47,33,567,28.429849202,17.836191653,-2.520594075,17.836191653,-2.520594075,0.000000000,1
1610.387747049,47,33,564,28.290350668,17.836191653,-2.520594075,17.836191653,-2.520594075,0.000000000,1
1611.461389303,47,33,555,27.834882690,17.836191653,-2.520594075,17.836191653,-2.520594075,0.000000000,1
1612.449110270,47,33,547,27.438406202,17.836191653,-2.520594075,17.836191653,-2.520594075,0.000000000,1
1613.482492924,47,33,536,26.921266363,17.836191653,-2.520594075,17.836191653,-2.520594075,0.000000000,1
1614.734510422,47,33,527,26.416218459,17.836191653,-2.520594075,17.836191653,-2.520594075,0.000000000,1
1615.745663643,47,33,522,26.171496779,17.836191653,-2.520594075,17.836191653,-2.520594075,0.000000000,1
1616.356451988,48,33,13,0.709365855,14.795557452,-7.470594148,17.836191653,-2.520594075,5.809299189,0
1617.175788164,49,33,511,25.615646256,17.836191653,-2.520594075,17.836191653,-2.520594075,0.000000000,1
1618.194637537,49,33,503,25.215658431,17.836191653,-2.520594075,17.836191653,-2.520594075,0.000000000,1
1619.241386652,49,33,495,24.815909639,17.836191653,-2.520594075,17.836191653,-2.520594075,0.000000000,1
1620.270758629,49,33,487,24.415933600,17.836191653,-2.520594075,17.836191653,-2.520594075,0.000000000,1
1621.292299986,49,33,478,23.991441540,17.836191653,-2.520594075,17.836191653,-2.520594075,0.000000000,1
1622.320579052,49,33,469,23.557261726,17.836191653,-2.520594075,17.836191653,-2.520594075,0.000000000,1
1623.353335381,49,33,461,23.157366749,17.836191653,-2.520594075,17.836191653,-2.520594075,0.000000000,1
1624.380673170,49,33,450,22.605254241,17.836191653,-2.520594075,17.836191653,-2.520594075,0.000000000,1
1625.671938658,49,33,438,22.008685120,17.836191653,-2.520594075,17.836191653,-2.520594075,0.000000000,1
1626.706168652,49,33,433,21.727242542,17.836191653,-2.520594075,17.836191653,-2.520594075,0.000000000,1
1627.740056038,49,33,426,21.368893852,17.836191653,-2.520594075,17.836191653,-2.520594075,0.000000000,1
1628.372340441,50,33,13,0.723650773,19.683875396,-7.547057086,17.836191653,-2.520594075,5.355302570,0
1629.395132542,50,33,7,0.423650768,19.683875396,-7.547057086,17.836191653,-2.520594075,5.355302570,0
1629.519569874,51,33,414,20.784622593,17.836191653,-2.520594075,17.836191653,-2.520594075,0.000000000,1
1630.553189993,51,33,404,20.279044573,17.836191653,-2.520594075,17.836191653,-2.520594075,0.000000000,1
1631.580077171,51,33,395,19.858352902,17.836191653,-2.520594075,17.836191653,-2.520594075,0.000000000,1
1632.599419117,51,33,386,19.418659662,17.836191653,-2.520594075,17.836191653,-2.520594075,0.000000000,1
1633.626973629,51,33,376,18.897989768,17.836191653,-2.520594075,17.836191653,-2.520594075,0.000000000,1
1634.665247202,51,33,368,18.482946368,17.836191653,-2.520594075,17.836191653,-2.520594075,0.000000000,1
1635.685719013,51,33,359,18.038225762,17.836191653,-2.520594075,17.836191653,-2.520594075,0.000000000,1
1636.715667725,51,33,350,17.604305807,17.836191653,-2.520594075,17.836191653,-2.520594075,0.000000000,1
1637.684090614,51,33,342,17.167773876,17.836191653,-2.520594075,17.836191653,-2.520594075,0.000000000,1
1638.708787680,51,33,336,16.861037797,17.836191653,-2.520594075,17.836191653,-2.520594075,0.000000000,1
1639.735790730,51,33,325,16.350037949,17.836191653,-2.520594075,17.836191653,-2.520594075,0.000000000,1
1640.763263464,51,33,317,15.958486780,17.836191653,-2.520594075,17.836191653,-2.520594075,0.000000000,1
1641.779071331,51,33,309,15.543234419,17.836191653,-2.520594075,17.836191653,-2.520594075,0.000000000,1
1642.818452120,51,33,299,15.026249071,17.836191653,-2.520594075,17.836191653,-2.520594075,0.000000000,1
1643.836228609,51,33,291,14.643692289,17.836191653,-2.520594075,17.836191653,-2.520594075,0.000000000,1
1644.870194912,51,33,280,14.081478184,17.836191653,-2.520594075,17.836191653,-2.520594075,0.000000000,1
1645.874041319,51,33,272,13.682732428,17.836191653,-2.520594075,17.836191653,-2.520594075,0.000000000,1
1646.345115423,52,33,14,0.772811451,15.516692213,-5.251869248,17.836191653,-2.520594075,3.583286442,0
1647.268256903,53,33,262,13.206502128,17.836191653,-2.520594075,17.836191653,-2.520594075,0.000000000,1
1648.296938658,53,33,256,12.899839607,17.836191653,-2.520594075,17.836191653,-2.520594075,0.000000000,1
1649.306667805,53,33,249,12.512331167,17.836191653,-2.520594075,17.836191653,-2.520594075,0.000000000,1
1650.326160669,53,33,240,12.067012574,17.836191653,-2.520594075,17.836191653,-2.520594075,0.000000000,1
1650.658285856,53,33,236,11.874711120,17.836191653,-2.520594075,17.836191653,-2.520594075,0.000000000,1
1651.693699837,53,33,229,11.532318390,17.836191653,-2.520594075,17.836191653,-2.520594075,0.000000000,1
1652.710612059,53,33,221,11.116191198,17.836191653,-2.520594075,17.836191653,-2.520594075,0.000000000,1
1653.732580185,53,33,211,10.628030907,17.836191653,-2.520594075,17.836191653,-2.520594075,0.000000000,1
1654.760426760,53,33,202,10.205320325,17.836191653,-2.520594075,17.836191653,-2.520594075,0.000000000,1
1655.806598425,53,33,192,9.694145540,17.836191653,-2.520594075,17.836191653,-2.520594075,0.000000000,1
1656.408170700,54,33,15,0.796452725,11.596344559,-4.333819613,17.836191653,-2.520594075,6.497959572,0
1657.433590651,54,33,8,0.481108993,11.596344559,-4.333819613,17.836191653,-2.520594075,6.497959572,0
1657.796632767,55,33,182,9.177411087,17.836191653,-2.520594075,17.836191653,-2.520594075,0.000000000,1
1658.831613064,55,33,175,8.827508293,17.836191653,-2.520594075,17.836191653,-2.520594075,0.000000000,1
1659.695909023,55,33,167,8.439766967,17.836191653,-2.520594075,17.836191653,-2.520594075,0.000000000,1
1660.707531691,55,33,162,8.204580814,17.836191653,-2.520594075,17.836191653,-2.520594075,0.000000000,1
1661.719367027,55,33,154,7.787594362,17.836191653,-2.520594075,17.836191653,-2.520594075,0.000000000,1
1662.738496542,55,33,145,7.327999748,17.836191653,-2.520594075,17.836191653,-2.520594075,0.000000000,1
1663.440609455,56,33,14,0.752164350,12.080605629,-2.930151698,17.836191653,-2.520594075,5.770139334,0
1664.467010498,57,33,132,6.699719394,17.836191653,-2.520594075,17.836191653,-2.520594075,0.000000000,1
1665.476013660,57,33,128,6.505746558,17.836191653,-2.520594075,17.836191653,-2.520594075,0.000000000,1
1666.493337870,57,33,122,6.213848954,17.836191653,-2.520594075,17.836191653,-2.520594075,0.000000000,1
1667.523143530,57,33,115,5.825617473,17.836191653,-2.520594075,17.836191653,-2.520594075,0.000000000,1
1668.551622629,57,33,108,5.499648582,17.836191653,-2.520594075,17.836191653,-2.520594075,0.000000000,1
1669.575260878,57,33,103,5.233300682,17.836191653,-2.520594075,17.836191653,-2.520594075,0.000000000,1
1670.596246243,57,33,94,4.795461376,17.836191653,-2.520594075,17.836191653,-2.520594075,0.000000000,1
1671.679332495,57,33,84,4.310097884,17.836191653,-2.520594075,17.836191653,-2.520594075,0.000000000,1
1672.655934572,57,33,77,3.918895126,17.836191653,-2.520594075,17.836191653,-2.520594075,0.000000000,1
1673.691731453,57,33,67,3.464565909,17.836191653,-2.520594075,17.836191653,-2.520594075,0.000000000,1
1674.714888573,57,33,59,3.057524344,17.836191653,-2.520594075,17.836191653,-2.520594075,0.000000000,1
1675.702745914,57,33,52,2.661138114,17.836191653,-2.520594075,17.836191653,-2.520594075,0.000000000,1
1676.731796503,57,33,44,2.279678702,17.836191653,-2.520594075,17.836191653,-2.520594075,0.000000000,1
1677.768352509,57,33,36,1.880916593,17.836191653,-2.520594075,17.836191653,-2.520594075,0.000000000,1
1678.791562557,57,33,26,1.387071006,17.836191653,-2.520594075,17.836191653,-2.520594075,0.000000000,1
1679.818892479,57,33,18,0.961498809,17.836191653,-2.520594075,17.836191653,-2.520594075,0.000000000,1
1680.848121405,57,33,11,0.635933447,17.836191653,-2.520594075,17.836191653,-2.520594075,0.000000000,1
1681.856286049,57,33,8,0.493810918,17.836191653,-2.520594075,17.836191653,-2.520594075,0.000000000,1
1692.187636375,58,34,902,45.211366689,22.937693498,-8.220933942,22.937693498,-8.220933942,0.000000000,1
1692.999925613,58,34,899,45.063367139,22.937693498,-8.220933942,22.937693498,-8.220933942,0.000000000,1
1693.732562065,58,34,898,44.963781586,22.937693498,-8.220933942,22.937693498,-8.220933942,0.000000000,1
1694.758750200,58,34,893,44.737313377,22.937693498,-8.220933942,22.937693498,-8.220933942,0.000000000,1
1695.782972813,58,34,887,44.417125346,22.937693498,-8.220933942,22.937693498,-8.220933942,0.000000000,1
1696.820490837,58,34,881,44.160851302,22.937693498,-8.220933942,22.937693498,-8.220933942,0.000000000,1
1697.857580662,58,34,881,44.146363509,22.937693498,-8.220933942,22.937693498,-8.220933942,0.000000000,1
1698.889192820,58,34,881,44.146363509,22.937693498,-8.220933942,22.937693498,-8.220933942,0.000000000,1
1699.916002035,58,34,873,43.761307779,22.937693498,-8.220933942,22.937693498,-8.220933942,0.000000000,1
1700.952096224,58,34,865,43.341616422,22.937693498,-8.220933942,22.937693498,-8.220933942,0.000000000,1
1701.973961830,58,34,856,42.871412386,22.937693498,-8.220933942,22.937693498,-8.220933942,0.000000000,1
1703.000721216,58,34,846,42.390937583,22.937693498,-8.220933942,22.937693498,-8.220933942,0.000000000,1
1703.369094610,59,34,15,0.810048055,14.015117987,-1.753658608,22.937693498,-8.220933942,11.019891288,0
1704.393094301,59,34,7,0.410048049,14.015117987,-1.753658608,22.937693498,-8.220933942,11.019891288,0
1704.456056356,60,34,838,41.982052898,22.937693498,-8.220933942,22.937693498,-8.220933942,0.000000000,1
1705.483722687,60,34,833,41.743475744,22.937693498,-8.220933942,22.937693498,-8.220933942,0.000000000,1
1706.513150215,60,34,822,41.207680180,22.937693498,-8.220933942,22.937693498,-8.220933942,0.000000000,1
1707.548578501,60,34,814,40.806828648,22.937693498,-8.220933942,22.937693498,-8.220933942,0.000000000,1
1708.752014160,60,34,804,40.295147892,22.937693498,-8.220933942,22.937693498,-8.220933942,0.000000000,1
1709.769108295,60,34,799,40.046739922,22.937693498,-8.220933942,22.937693498,-8.220933942,0.000000000,1
1710.832689047,60,34,792,39.680601770,22.937693498,-8.220933942,22.937693498,-8.220933942,0.000000000,1
1711.830622911,60,34,787,39.443970045,22.937693498,-8.220933942,22.937693498,-8.220933942,0.000000000,1
1712.864521980,60,34,781,39.140261816,22.937693498,-8.220933942,22.937693498,-8.220933942,0.000000000,1
1713.896757603,60,34,772,38.710519779,22.937693498,-8.220933942,22.937693498,-8.220933942,0.000000000,1
1714.481356144,61,34,12,0.683000953,11.145176286,-3.692108337,22.937693498,-8.220933942,12.632249347,0
1715.495903969,61,34,8,0.477807027,11.145176286,-3.692108337,22.937693498,-8.220933942,12.632249347,0
1715.833624601,62,34,761,38.150909878,22.937693498,-8.220933942,22.937693498,-8.220933942,0.000000000,1
1716.859190941,62,34,753,37.735267075,22.937693498,-8.220933942,22.937693498,-8.220933942,0.000000000,1
1717.881432056,62,34,747,37.421840039,22.937693498,-8.220933942,22.937693498,-8.220933942,0.000000000,1
1718.709854126,62,34,739,37.040435663,22.937693498,-8.220933942,22.937693498,-8.220933942,0.000000000,1
1719.751158953,62,34,732,36.684053951,22.937693498,-8.220933942,22.937693498,-8.220933942,0.000000000,1
1720.768947124,62,34,721,36.150958329,22.937693498,-8.220933942,22.937693498,-8.220933942,0.000000000,1
1721.813931704,62,34,713,35.738237469,22.937693498,-8.220933942,22.937693498,-8.220933942,0.000000000,1
1722.372657299,63,34,13,0.727699355,13.616270951,-4.469615576,22.937693498,-8.220933942,10.047950428,0
1723.342286825,64,34,703,35.251335127,22.937693498,-8.220933942,22.937693498,-8.220933942,0.000000000,1
1724.369677782,64,34,697,34.938237917,22.937693498,-8.220933942,22.937693498,-8.220933942,0.000000000,1
1725.393689156,64,34,689,34.538241726,22.937693498,-8.220933942,22.937693498,-8.220933942,0.000000000,1
1726.715313911,64,34,677,33.938245331,22.937693498,-8.220933942,22.937693498,-8.220933942,0.000000000,1
1727.748819828,64,34,669,33.538249350,22.937693498,-8.220933942,22.937693498,-8.220933942,0.000000000,1
1728.777411938,64,34,659,33.051365873,22.937693498,-8.220933942,22.937693498,-8.220933942,0.000000000,1
1729.793490410,64,34,651,32.651381453,22.937693498,-8.220933942,22.937693498,-8.220933942,0.000000000,1
1730.417370796,65,34,12,0.690842211,16.679413391,-4.469865057,22.937693498,-8.220933942,7.296340705,0
1731.347012758,66,34,641,32.138305313,22.937693498,-8.220933942,22.937693498,-8.220933942,0.000000000,1
1732.380779743,66,34,635,31.851429291,22.937693498,-8.220933942,22.937693498,-8.220933942,0.000000000,1
1733.414228916,66,34,628,31.462057025,22.937693498,-8.220933942,22.937693498,-8.220933942,0.000000000,1
1734.678322554,66,34,616,30.862158386,22.937693498,-8.220933942,22.937693498,-8.220933942,0.000000000,1
1735.708761930,66,34,608,30.462254659,22.937693498,-8.220933942,22.937693498,-8.220933942,0.000000000,1
1736.759188652,66,34,600,30.062393967,22.937693498,-8.220933942,22.937693498,-8.220933942,0.000000000,1
1737.758109808,66,34,589,29.539845676,22.937693498,-8.220933942,22.937693498,-8.220933942,0.000000000,1
1738.786577940,66,34,581,29.140278585,22.937693498,-8.220933942,22.937693498,-8.220933942,0.000000000,1
1739.794774294,66,34,572,28.662843935,22.937693498,-8.220933942,22.937693498,-8.220933942,0.000000000,1
1740.324895144,67,34,13,0.704239991,20.690866698,-4.473121282,22.937693498,-8.220933942,4.369705986,0
1741.341248035,67,34,7,0.404239986,20.690866698,-4.473121282,22.937693498,-8.220933942,4.369705986,0
1741.480624199,68,34,561,28.153832078,22.937693498,-8.220933942,22.937693498,-8.220933942,0.000000000,1
1742.508578300,68,34,556,27.881714006,22.937693498,-8.220933942,22.937693498,-8.220933942,0.000000000,1
1743.540588140,68,34,545,27.355095284,22.937693498,-8.220933942,22.937693498,-8.220933942,0.000000000,1
1744.691718340,68,34,536,26.883345189,22.937693498,-8.220933942,22.937693498,-8.220933942,0.000000000,1
1745.712967873,68,34,529,26.561766716,22.937693498,-8.220933942,22.937693498,-8.220933942,0.000000000,1
1746.730413914,68,34,519,26.038440620,22.937693498,-8.220933942,22.937693498,-8.220933942,0.000000000,1
1747.432242632,69,34,13,0.727956831,23.416474039,-4.571302436,22.937693498,-8.220933942,3.680902191,0
1748.460740328,69,34,7,0.427956826,23.416474039,-4.571302436,22.937693498,-8.220933942,3.680902191,0
1748.711828709,70,34,505,25.345739736,22.937693498,-8.220933942,22.937693498,-8.220933942,0.000000000,1
1749.749515772,70,34,499,25.038970846,22.937693498,-8.220933942,22.937693498,-8.220933942,0.000000000,1
1750.781898975,70,34,489,24.546396424,22.937693498,-8.220933942,22.937693498,-8.220933942,0.000000000,1
1751.798344135,70,34,481,24.131588157,22.937693498,-8.220933942,22.937693498,-8.220933942,0.000000000,1
1752.827342987,70,34,473,23.732284674,22.937693498,-8.220933942,22.937693498,-8.220933942,0.000000000,1
1753.872628689,70,34,465,23.333177645,22.937693498,-8.220933942,22.937693498,-8.220933942,0.000000000,1
1754.892083406,70,34,457,22.933961914,22.937693498,-8.220933942,22.937693498,-8.220933942,0.000000000,1
1755.383234739,71,34,14,0.784294480,26.273486774,-4.560408528,22.937693498,-8.220933942,4.952470402,0
1756.410301208,71,34,8,0.484021677,26.273486774,-4.560408528,22.937693498,-8.220933942,4.952470402,0
1756.796676159,72,34,449,22.535441883,22.937693498,-8.220933942,22.937693498,-8.220933942,0.000000000,1
1757.816150427,72,34,443,22.235123919,22.937693498,-8.220933942,22.937693498,-8.220933942,0.000000000,1
1758.690122128,72,34,437,21.940303133,22.937693498,-8.220933942,22.937693498,-8.220933942,0.000000000,1
1759.711265564,72,34,431,21.639659771,22.937693498,-8.220933942,22.937693498,-8.220933942,0.000000000,1
1760.460459948,73,34,13,0.750556289,27.828998975,-4.585771745,22.937693498,-8.220933942,6.094199986,0
1761.473050594,73,34,7,0.450556285,27.828998975,-4.585771745,22.937693498,-8.220933942,6.094199986,0
1761.868160248,74,34,418,20.957590420,22.937693498,-8.220933942,22.937693498,-8.220933942,0.000000000,1
1762.892283678,74,34,412,20.668547574,22.937693498,-8.220933942,22.937693498,-8.220933942,0.000000000,1
1763.929163694,74,34,404,20.290259243,22.937693498,-8.220933942,22.937693498,-8.220933942,0.000000000,1
1764.953767061,74,34,396,19.897446933,22.937693498,-8.220933942,22.937693498,-8.220933942,0.000000000,1
1765.986647367,74,34,388,19.485116774,22.937693498,-8.220933942,22.937693498,-8.220933942,0.000000000,1
1767.010962725,74,34,380,19.094446609,22.937693498,-8.220933942,22.937693498,-8.220933942,0.000000000,1
1768.045909643,74,34,372,18.690194314,22.937693498,-8.220933942,22.937693498,-8.220933942,0.000000000,1
1768.878242493,74,34,364,18.277051318,22.937693498,-8.220933942,22.937693498,-8.220933942,0.000000000,1
1769.911708117,74,34,358,17.972497846,22.937693498,-8.220933942,22.937693498,-8.220933942,0.000000000,1
1770.938574076,74,34,348,17.479006195,22.937693498,-8.220933942,22.937693498,-8.220933942,0.000000000,1
1771.979533195,74,34,342,17.159730109,22.937693498,-8.220933942,22.937693498,-8.220933942,0.000000000,1
1772.989045620,74,34,333,16.748853609,22.937693498,-8.220933942,22.937693498,-8.220933942,0.000000000,1
1774.005745649,74,34,324,16.285297679,22.937693498,-8.220933942,22.937693498,-8.220933942,0.000000000,1
1775.033555984,74,34,315,15.816535915,22.937693498,-8.220933942,22.937693498,-8.220933942,0.000000000,1
1776.068225861,74,34,307,15.408296455,22.937693498,-8.220933942,22.937693498,-8.220933942,0.000000000,1
1777.085651159,74,34,298,14.982799786,22.937693498,-8.220933942,22.937693498,-8.220933942,0.000000000,1
1778.120089531,74,34,290,14.551165616,22.937693498,-8.220933942,22.937693498,-8.220933942,0.000000000,1
1779.145910740,74,34,281,14.121074411,22.937693498,-8.220933942,22.937693498,-8.220933942,0.000000000,1
1780.166701078,74,34,275,13.800967529,22.937693498,-8.220933942,22.937693498,-8.220933942,0.000000000,1
1781.229038715,74,34,266,13.357776864,22.937693498,-8.220933942,22.937693498,-8.220933942,0.000000000,1
1782.206333876,74,34,260,13.073203604,22.937693498,-8.220933942,22.937693498,-8.220933942,0.000000000,1
1783.234500647,74,34,252,12.647049154,22.937693498,-8.220933942,22.937693498,-8.220933942,0.000000000,1
1784.252543449,74,34,244,12.273779289,22.937693498,-8.220933942,22.937693498,-8.220933942,0.000000000,1
1785.284898281,74,34,234,11.793143525,22.937693498,-8.220933942,22.937693498,-8.220933942,0.000000000,1
1786.299424410,74,34,228,11.457802988,22.937693498,-8.220933942,22.937693498,-8.220933942,0.000000000,1
1787.319821119,74,34,218,10.962625261,22.937693498,-8.220933942,22.937693498,-8.220933942,0.000000000,1
1788.344475746,74,34,212,10.667117866,22.937693498,-8.220933942,22.937693498,-8.220933942,0.000000000,1
1789.365078926,74,34,204,10.276765955,22.937693498,-8.220933942,22.937693498,-8.220933942,0.000000000,1
1790.398868799,74,34,197,9.892084884,22.937693498,-8.220933942,22.937693498,-8.220933942,0.000000000,1
1791.426709175,74,34,189,9.495026081,22.937693498,-8.220933942,22.937693498,-8.220933942,0.000000000,1
1792.445815563,75,34,13,0.725216849,30.785701998,-7.715039101,22.937693498,-8.220933942,7.864296981,0
1793.488186598,75,34,9,0.525216846,30.785701998,-7.715039101,22.937693498,-8.220933942,7.864296981,0
1794.198196173,76,34,175,8.802462439,22.937693498,-8.220933942,22.937693498,-8.220933942,0.000000000,1
1795.212732315,76,34,168,8.483860341,22.937693498,-8.220933942,22.937693498,-8.220933942,0.000000000,1
1795.818532228,76,34,165,8.289984064,22.937693498,-8.220933942,22.937693498,-8.220933942,0.000000000,1
1796.849589109,76,34,159,7.999537013,22.937693498,-8.220933942,22.937693498,-8.220933942,0.000000000,1
1797.871854067,76,34,151,7.597596897,22.937693498,-8.220933942,22.937693498,-8.220933942,0.000000000,1
1798.399222851,77,34,13,0.683587105,29.261834177,-8.041695447,22.937693498,-8.220933942,6.326680154,0
1799.138203382,78,34,142,7.172536668,22.937693498,-8.220933942,22.937693498,-8.220933942,0.000000000,1
1800.165598869,78,34,138,6.947963863,22.937693498,-8.220933942,22.937693498,-8.220933942,0.000000000,1
1800.868195057,78,34,132,6.677768453,22.937693498,-8.220933942,22.937693498,-8.220933942,0.000000000,1
1801.898741722,78,34,126,6.354668740,22.937693498,-8.220933942,22.937693498,-8.220933942,0.000000000,1
1802.907790661,78,34,119,6.036607553,22.937693498,-8.220933942,22.937693498,-8.220933942,0.000000000,1
1803.946645737,78,34,112,5.639547576,22.937693498,-8.220933942,22.937693498,-8.220933942,0.000000000,1
1804.965895414,78,34,103,5.202180109,22.937693498,-8.220933942,22.937693498,-8.220933942,0.000000000,1
1805.999500513,78,34,97,4.894458632,22.937693498,-8.220933942,22.937693498,-8.220933942,0.000000000,1
1806.435897827,79,34,12,0.737113147,26.664998812,-8.991969738,22.937693498,-8.220933942,3.806218740,0
1807.227642298,80,34,88,4.453525692,22.937693498,-8.220933942,22.937693498,-8.220933942,0.000000000,1
1808.251046658,80,34,82,4.195955404,22.937693498,-8.220933942,22.937693498,-8.220933942,0.000000000,1
1809.283603907,80,34,75,3.815437618,22.937693498,-8.220933942,22.937693498,-8.220933942,0.000000000,1
1810.310144424,80,34,68,3.482673540,22.937693498,-8.220933942,22.937693498,-8.220933942,0.000000000,1
1811.337136745,80,34,60,3.078248946,22.937693498,-8.220933942,22.937693498,-8.220933942,0.000000000,1
1812.360041857,80,34,52,2.679971708,22.937693498,-8.220933942,22.937693498,-8.220933942,0.000000000,1
1813.390694380,80,34,47,2.429490492,22.937693498,-8.220933942,22.937693498,-8.220933942,0.000000000,1
1813.835728645,80,34,43,2.230559860,22.937693498,-8.220933942,22.937693498,-8.220933942,0.000000000,1
1814.859931469,80,34,37,1.933212510,22.937693498,-8.220933942,22.937693498,-8.220933942,0.000000000,1
1815.437140465,81,34,12,0.677463199,23.561449571,-9.067889081,22.937693498,-8.220933942,1.051857712,0
1816.465320110,81,34,8,0.477463196,23.561449571,-9.067889081,22.937693498,-8.220933942,1.051857712,0
1816.504521847,82,34,29,1.534310484,22.937693498,-8.220933942,22.937693498,-8.220933942,0.000000000,1
1817.794052362,82,34,21,1.117898831,22.937693498,-8.220933942,22.937693498,-8.220933942,0.000000000,1
1818.824869871,82,34,16,0.871792546,22.937693498,-8.220933942,22.937693498,-8.220933942,0.000000000,1
1819.860932350,82,34,11,0.639655402,22.937693498,-8.220933942,22.937693498,-8.220933942,0.000000000,1
1820.878946304,82,34,8,0.454988125,22.937693498,-8.220933942,22.937693498,-8.220933942,0.000000000,1
1831.848827600,83,35,504,25.306327397,28.440819761,-1.396998540,28.440819761,-1.396998540,0.000000000,1
1832.649196625,83,35,503,25.236555672,28.440819761,-1.396998540,28.440819761,-1.396998540,0.000000000,1
1833.708191156,83,35,495,24.848562240,28.440819761,-1.396998540,28.440819761,-1.396998540,0.000000000,1
1834.727508545,83,35,497,24.928430986,28.440819761,-1.396998540,28.440819761,-1.396998540,0.000000000,1
1835.752697229,83,35,496,24.872822689,28.440819761,-1.396998540,28.440819761,-1.396998540,0.000000000,1
1836.780852795,83,35,492,24.719065951,28.440819761,-1.396998540,28.440819761,-1.396998540,0.000000000,1
1837.404820442,84,35,15,0.867894341,24.358690794,-9.107680952,28.440819761,-1.396998540,8.724585959,0
1838.371680975,85,35,481,24.169455036,28.440819761,-1.396998540,28.440819761,-1.396998540,0.000000000,1
1839.385379314,85,35,476,23.919445420,28.440819761,-1.396998540,28.440819761,-1.396998540,0.000000000,1
1840.412179708,85,35,469,23.529310870,28.440819761,-1.396998540,28.440819761,-1.396998540,0.000000000,1
1841.821072340,85,35,456,22.908761174,28.440819761,-1.396998540,28.440819761,-1.396998540,0.000000000,1
1842.838445425,85,35,451,22.658981691,28.440819761,-1.396998540,28.440819761,-1.396998540,0.000000000,1
1843.856837749,85,35,446,22.385766717,28.440819761,-1.396998540,28.440819761,-1.396998540,0.000000000,1
1844.878162146,85,35,434,21.799249048,28.440819761,-1.396998540,28.440819761,-1.396998540,0.000000000,1
1845.451757193,86,35,13,0.714856308,27.168242838,-9.062159787,28.440819761,-1.396998540,7.770080371,0
1846.480072975,86,35,8,0.478893579,27.168242838,-9.062159787,28.440819761,-1.396998540,7.770080371,0
1846.805823803,87,35,428,21.465190028,28.440819761,-1.396998540,28.440819761,-1.396998540,0.000000000,1
1847.821929693,87,35,420,21.090673406,28.440819761,-1.396998540,28.440819761,-1.396998540,0.000000000,1
1848.835595369,87,35,413,20.719903566,28.440819761,-1.396998540,28.440819761,-1.396998540,0.000000000,1
1849.861015797,87,35,406,20.380257250,28.440819761,-1.396998540,28.440819761,-1.396998540,0.000000000,1
1850.896413803,87,35,397,19.916425482,28.440819761,-1.396998540,28.440819761,-1.396998540,0.000000000,1
1851.916076422,87,35,389,19.558153281,28.440819761,-1.396998540,28.440819761,-1.396998540,0.000000000,1
1852.932986021,87,35,382,19.167991140,28.440819761,-1.396998540,28.440819761,-1.396998540,0.000000000,1
1853.838049889,87,35,374,18.795747175,28.440819761,-1.396998540,28.440819761,-1.396998540,0.000000000,1
1854.863999605,87,35,367,18.434981873,28.440819761,-1.396998540,28.440819761,-1.396998540,0.000000000,1
1855.894992828,87,35,359,18.057085211,28.440819761,-1.396998540,28.440819761,-1.396998540,0.000000000,1
1856.906818151,87,35,353,17.743530575,28.440819761,-1.396998540,28.440819761,-1.396998540,0.000000000,1
1857.940599203,87,35,343,17.235559254,28.440819761,-1.396998540,28.440819761,-1.396998540,0.000000000,1
1858.956093073,87,35,337,16.956905764,28.440819761,-1.396998540,28.440819761,-1.396998540,0.000000000,1
1859.990902901,87,35,327,16.457205036,28.440819761,-1.396998540,28.440819761,-1.396998540,0.000000000,1
1860.475025892,88,35,14,0.737315743,32.257515985,-7.749650994,28.440819761,-1.396998540,7.411029838,0
1861.479400873,88,35,8,0.454295138,32.257515985,-7.749650994,28.440819761,-1.396998540,7.411029838,0
1861.794216156,89,35,319,16.040021548,28.440819761,-1.396998540,28.440819761,-1.396998540,0.000000000,1
1862.785912752,89,35,318,15.981274214,28.440819761,-1.396998540,28.440819761,-1.396998540,0.000000000,1
1863.819157600,89,35,314,15.801939396,28.440819761,-1.396998540,28.440819761,-1.396998540,0.000000000,1
1864.834213257,89,35,303,15.252427264,28.440819761,-1.396998540,28.440819761,-1.396998540,0.000000000,1
1865.904394627,89,35,294,14.806979446,28.440819761,-1.396998540,28.440819761,-1.396998540,0.000000000,1
1866.888558865,89,35,289,14.560107353,28.440819761,-1.396998540,28.440819761,-1.396998540,0.000000000,1
1867.918004513,89,35,281,14.157003961,28.440819761,-1.396998540,28.440819761,-1.396998540,0.000000000,1
1868.939720631,89,35,274,13.768016641,28.440819761,-1.396998540,28.440819761,-1.396998540,0.000000000,1
1869.954069853,89,35,264,13.283059941,28.440819761,-1.396998540,28.440819761,-1.396998540,0.000000000,1
1870.989051819,89,35,256,12.875690098,28.440819761,-1.396998540,28.440819761,-1.396998540,0.000000000,1
1872.019238234,89,35,247,12.457457100,28.440819761,-1.396998540,28.440819761,-1.396998540,0.000000000,1
1873.048112869,89,35,242,12.186215161,28.440819761,-1.396998540,28.440819761,-1.396998540,0.000000000,1
1874.084478617,89,35,231,11.628031217,28.440819761,-1.396998540,28.440819761,-1.396998540,0.000000000,1
1875.097162008,89,35,226,11.374180826,28.440819761,-1.396998540,28.440819761,-1.396998540,0.000000000,1
1876.119580746,89,35,217,10.958644611,28.440819761,-1.396998540,28.440819761,-1.396998540,0.000000000,1
1876.494428158,90,35,16,0.826151630,32.739639920,-5.478442731,28.440819761,-1.396998540,5.927734933,0
1877.522245884,90,35,10,0.509045946,32.739639920,-5.478442731,28.440819761,-1.396998540,5.927734933,0
1878.245357513,91,35,207,10.414290336,28.440819761,-1.396998540,28.440819761,-1.396998540,0.000000000,1
1878.814857721,91,35,207,10.413776755,28.440819761,-1.396998540,28.440819761,-1.396998540,0.000000000,1
1879.835511923,91,35,200,10.098652408,28.440819761,-1.396998540,28.440819761,-1.396998540,0.000000000,1
1880.465086222,92,35,14,0.785755588,31.954840714,-5.518584791,28.440819761,-1.396998540,5.416254839,0
1881.489070415,92,35,6,0.385755582,31.954840714,-5.518584791,28.440819761,-1.396998540,5.416254839,0
1881.581322193,93,35,188,9.474687185,28.440819761,-1.396998540,28.440819761,-1.396998540,0.000000000,1
1882.819146395,93,35,182,9.185240110,28.440819761,-1.396998540,28.440819761,-1.396998540,0.000000000,1
1883.848187923,93,35,177,8.924953760,28.440819761,-1.396998540,28.440819761,-1.396998540,0.000000000,1
1884.476157904,94,35,12,0.669249389,30.729254758,-5.512894788,28.440819761,-1.396998540,4.709303203,0
1885.521767378,94,35,9,0.492371575,30.729254758,-5.512894788,28.440819761,-1.396998540,4.709303203,0
1885.873489857,95,35,165,8.312649567,28.440819761,-1.396998540,28.440819761,-1.396998540,0.000000000,1
1886.900141239,95,35,159,8.022588628,28.440819761,-1.396998540,28.440819761,-1.396998540,0.000000000,1
1887.933892250,95,35,150,7.577454592,28.440819761,-1.396998540,28.440819761,-1.396998540,0.000000000,1
1888.953473806,95,35,142,7.186171893,28.440819761,-1.396998540,28.440819761,-1.396998540,0.000000000,1
1889.966494083,95,35,135,6.835444120,28.440819761,-1.396998540,28.440819761,-1.396998540,0.000000000,1
1890.995722055,95,35,125,6.329112541,28.440819761,-1.396998540,28.440819761,-1.396998540,0.000000000,1
1892.010553360,95,35,117,5.912362221,28.440819761,-1.396998540,28.440819761,-1.396998540,0.000000000,1
1892.798303843,95,35,111,5.623987231,28.440819761,-1.396998540,28.440819761,-1.396998540,0.000000000,1
1893.385676861,96,35,14,0.758088528,27.717167835,-4.621567729,28.440819761,-1.396998540,3.304772089,0
1894.409442425,96,35,9,0.540221280,27.717167835,-4.621567729,28.440819761,-1.396998540,3.304772089,0
1894.660233498,97,35,102,5.207217351,28.440819761,-1.396998540,28.440819761,-1.396998540,0.000000000,1
1895.672188520,97,35,96,4.879356361,28.440819761,-1.396998540,28.440819761,-1.396998540,0.000000000,1
1896.675043344,97,35,91,4.635543360,28.440819761,-1.396998540,28.440819761,-1.396998540,0.000000000,1
1897.695801020,97,35,80,4.082464281,28.440819761,-1.396998540,28.440819761,-1.396998540,0.000000000,1
1898.716407299,97,35,73,3.716492385,28.440819761,-1.396998540,28.440819761,-1.396998540,0.000000000,1
1899.736489296,97,35,64,3.290649930,28.440819761,-1.396998540,28.440819761,-1.396998540,0.000000000,1
1900.757148504,97,35,55,2.835603941,28.440819761,-1.396998540,28.440819761,-1.396998540,0.000000000,1
1901.782492399,97,35,48,2.494742702,28.440819761,-1.396998540,28.440819761,-1.396998540,0.000000000,1
1902.810713053,97,35,42,2.199068591,28.440819761,-1.396998540,28.440819761,-1.396998540,0.000000000,1
1903.839240313,97,35,30,1.619775699,28.440819761,-1.396998540,28.440819761,-1.396998540,0.000000000,1
1904.458974123,98,35,13,0.755165028,28.662275882,-2.034471285,28.440819761,-1.396998540,0.674843918,0
1905.461323738,98,35,7,0.429528514,28.662275882,-2.034471285,28.440819761,-1.396998540,0.674843918,0
1905.706264734,99,35,22,1.192114347,28.440819761,-1.396998540,28.440819761,-1.396998540,0.000000000,1
1906.724172354,99,35,16,0.894638757,28.440819761,-1.396998540,28.440819761,-1.396998540,0.000000000,1
1907.648467779,99,35,12,0.698226482,28.440819761,-1.396998540,28.440819761,-1.396998540,0.000000000,1
1908.678453207,99,35,6,0.462352967,28.440819761,-1.396998540,28.440819761,-1.396998540,0.000000000,1
1919.025204182,100,36,682,34.105303191,45.841142715,8.509311678,45.841142715,8.509311678,0.000000000,1
1919.769881725,100,36,678,33.909443936,45.841142715,8.509311678,45.841142715,8.509311678,0.000000000,1
1920.794019461,100,36,672,33.596134440,45.841142715,8.509311678,45.841142715,8.509311678,0.000000000,1
1921.828890324,100,36,666,33.295236323,45.841142715,8.509311678,45.841142715,8.509311678,0.000000000,1
1922.854704618,100,36,662,33.082799949,45.841142715,8.509311678,45.841142715,8.509311678,0.000000000,1
1923.891070604,100,36,657,32.844482873,45.841142715,8.509311678,45.841142715,8.509311678,0.000000000,1
1924.483576536,101,36,16,0.764889089,27.738508778,-3.133796863,45.841142715,8.509311678,21.523645880,0
1925.506979227,101,36,15,0.754959898,27.738508778,-3.133796863,45.841142715,8.509311678,21.523645880,0
1926.539999723,101,36,13,0.667743327,27.738508778,-3.133796863,45.841142715,8.509311678,21.523645880,0
1927.579442024,101,36,12,0.635716234,27.738508778,-3.133796863,45.841142715,8.509311678,21.523645880,0
1928.505015373,102,36,648,32.392550643,45.841142715,8.509311678,45.841142715,8.509311678,0.000000000,1
1929.520109653,102,36,642,32.098381975,45.841142715,8.509311678,45.841142715,8.509311678,0.000000000,1
1930.900332451,102,36,634,31.688898438,45.841142715,8.509311678,45.841142715,8.509311678,0.000000000,1
1931.919881105,102,36,629,31.465580841,45.841142715,8.509311678,45.841142715,8.509311678,0.000000000,1
1932.387872934,103,36,14,0.766029845,27.207902691,-4.246592900,45.841142715,8.509311678,22.581203143,0
1933.395263910,103,36,8,0.459191223,27.207902691,-4.246592900,45.841142715,8.509311678,22.581203143,0
1933.692523003,104,36,621,31.027306056,45.841142715,8.509311678,45.841142715,8.509311678,0.000000000,1
1934.705872536,104,36,614,30.671047776,45.841142715,8.509311678,45.841142715,8.509311678,0.000000000,1
1935.866340637,104,36,604,30.224125217,45.841142715,8.509311678,45.841142715,8.509311678,0.000000000,1
1936.910339832,104,36,598,29.891068083,45.841142715,8.509311678,45.841142715,8.509311678,0.000000000,1
1937.421611071,105,36,14,0.759506474,28.644236941,-4.613818553,45.841142715,8.509311678,21.632154660,0
1938.444339514,105,36,6,0.359506468,28.644236941,-4.613818553,45.841142715,8.509311678,21.632154660,0
1938.518237114,106,36,588,29.403462578,45.841142715,8.509311678,45.841142715,8.509311678,0.000000000,1
1939.681261301,106,36,579,29.015612033,45.841142715,8.509311678,45.841142715,8.509311678,0.000000000,1
1940.706623554,106,36,573,28.717229556,45.841142715,8.509311678,45.841142715,8.509311678,0.000000000,1
1941.427233934,107,36,13,0.706073009,29.897244143,-4.639327102,45.841142715,8.509311678,20.666267284,0
1942.441376686,108,36,561,28.117229643,45.841142715,8.509311678,45.841142715,8.509311678,0.000000000,1
1943.508089781,108,36,555,27.815611490,45.841142715,8.509311678,45.841142715,8.509311678,0.000000000,1
1944.514337301,108,36,547,27.415612165,45.841142715,8.509311678,45.841142715,8.509311678,0.000000000,1
1945.513071060,108,36,537,26.916495654,45.841142715,8.509311678,45.841142715,8.509311678,0.000000000,1
1946.552976370,108,36,529,26.516495648,45.841142715,8.509311678,45.841142715,8.509311678,0.000000000,1
1947.573626518,108,36,521,26.116496871,45.841142715,8.509311678,45.841142715,8.509311678,0.000000000,1
1948.821376085,108,36,511,25.614880958,45.841142715,8.509311678,45.841142715,8.509311678,0.000000000,1
1949.388227940,109,36,12,0.654455576,32.745623341,-4.638270541,45.841142715,8.509311678,18.556711613,0
1949.967726946,109,36,8,0.454455573,32.745623341,-4.638270541,45.841142715,8.509311678,18.556711613,0
1950.865157843,110,36,503,25.214881224,45.841142715,8.509311678,45.841142715,8.509311678,0.000000000,1
1951.878494740,110,36,497,24.916499673,45.841142715,8.509311678,45.841142715,8.509311678,0.000000000,1
1952.872328520,110,36,491,24.614881127,45.841142715,8.509311678,45.841142715,8.509311678,0.000000000,1
1953.885277510,110,36,485,24.316501834,45.841142715,8.509311678,45.841142715,8.509311678,0.000000000,1
1954.427053928,111,36,12,0.656076060,34.147243845,-4.638270541,45.841142715,8.509311678,17.595629826,0
1955.298219681,112,36,475,23.814880988,45.841142715,8.509311678,45.841142715,8.509311678,0.000000000,1
1956.336711884,112,36,471,23.614879162,45.841142715,8.509311678,45.841142715,8.509311678,0.000000000,1
1957.367205381,112,36,461,23.116504088,45.841142715,8.509311678,45.841142715,8.509311678,0.000000000,1
1958.388608694,112,36,453,22.716504935,45.841142715,8.509311678,45.841142715,8.509311678,0.000000000,1
1959.400166035,112,36,445,22.316502900,45.841142715,8.509311678,45.841142715,8.509311678,0.000000000,1
1960.435455561,112,36,437,21.916504443,45.841142715,8.509311678,45.841142715,8.509311678,0.000000000,1
1961.449829340,112,36,429,21.516500745,45.841142715,8.509311678,45.841142715,8.509311678,0.000000000,1
1962.478264332,112,36,421,21.116503031,45.841142715,8.509311678,45.841142715,8.509311678,0.000000000,1
1963.488371849,112,36,411,20.614883957,45.841142715,8.509311678,45.841142715,8.509311678,0.000000000,1
1964.811777115,112,36,401,20.116508248,45.841142715,8.509311678,45.841142715,8.509311678,0.000000000,1
1965.839919806,112,36,395,19.814890580,45.841142715,8.509311678,45.841142715,8.509311678,0.000000000,1
1966.872080803,112,36,387,19.414904548,45.841142715,8.509311678,45.841142715,8.509311678,0.000000000,1
1967.901172876,112,36,379,19.014914745,45.841142715,8.509311678,45.841142715,8.509311678,0.000000000,1
1968.927930593,112,36,371,18.614930521,45.841142715,8.509311678,45.841142715,8.509311678,0.000000000,1
1969.961970568,112,36,361,18.116581306,45.841142715,8.509311678,45.841142715,8.509311678,0.000000000,1
1970.986434221,112,36,353,17.716622174,45.841142715,8.509311678,45.841142715,8.509311678,0.000000000,1
1972.000965834,112,36,345,17.316688151,45.841142715,8.509311678,45.841142715,8.509311678,0.000000000,1
1973.025605440,112,36,337,16.916785646,45.841142715,8.509311678,45.841142715,8.509311678,0.000000000,1
1974.056602478,112,36,329,16.516936635,45.841142715,8.509311678,45.841142715,8.509311678,0.000000000,1
1975.078531265,112,36,321,16.117170825,45.841142715,8.509311678,45.841142715,8.509311678,0.000000000,1
1976.099890471,112,36,313,15.717222714,45.841142715,8.509311678,45.841142715,8.509311678,0.000000000,1
1977.131118059,112,36,305,15.318192240,45.841142715,8.509311678,45.841142715,8.509311678,0.000000000,1
1978.151468515,112,36,295,14.819454652,45.841142715,8.509311678,45.841142715,8.509311678,0.000000000,1
1978.530381918,113,36,13,0.709187031,43.600195036,-4.639977236,45.841142715,8.509311678,13.338877219,0
1979.554016829,113,36,7,0.409187026,43.600195036,-4.639977236,45.841142715,8.509311678,13.338877219,0
1979.873248339,114,36,286,14.409872233,45.841142715,8.509311678,45.841142715,8.509311678,0.000000000,1
1980.794767618,114,36,283,14.211524259,45.841142715,8.509311678,45.841142715,8.509311678,0.000000000,1
1981.823066711,114,36,279,14.014658486,45.841142715,8.509311678,45.841142715,8.509311678,0.000000000,1
1982.575143337,115,36,13,0.703831032,44.468542216,-4.324175993,45.841142715,8.509311678,12.906681910,0
1983.717178822,115,36,9,0.491872674,44.468542216,-4.324175993,45.841142715,8.509311678,12.906681910,0
1984.205838919,116,36,265,13.317897797,45.841142715,8.509311678,45.841142715,8.509311678,0.000000000,1
1985.215936422,116,36,262,13.186947313,45.841142715,8.509311678,45.841142715,8.509311678,0.000000000,1
1986.266732454,116,36,255,12.816537221,45.841142715,8.509311678,45.841142715,8.509311678,0.000000000,1
1986.850739002,116,36,251,12.632507414,45.841142715,8.509311678,45.841142715,8.509311678,0.000000000,1
1987.876169682,116,36,245,12.293255394,45.841142715,8.509311678,45.841142715,8.509311678,0.000000000,1
1988.890427589,116,36,235,11.795787401,45.841142715,8.509311678,45.841142715,8.509311678,0.000000000,1
1989.908702850,116,36,227,11.398063291,45.841142715,8.509311678,45.841142715,8.509311678,0.000000000,1
1990.531546593,117,36,13,0.711369582,44.688045779,-1.907415685,45.841142715,8.509311678,10.480355028,0
1991.777387381,117,36,8,0.430027207,44.688045779,-1.907415685,45.841142715,8.509311678,10.480355028,0
1992.324786186,118,36,217,10.914215620,45.841142715,8.509311678,45.841142715,8.509311678,0.000000000,1
1993.351898193,118,36,211,10.602779248,45.841142715,8.509311678,45.841142715,8.509311678,0.000000000,1
1994.367703915,118,36,201,10.106284138,45.841142715,8.509311678,45.841142715,8.509311678,0.000000000,1
1995.397891998,118,36,193,9.709095827,45.841142715,8.509311678,45.841142715,8.509311678,0.000000000,1
1996.676758528,118,36,181,9.114111321,45.841142715,8.509311678,45.841142715,8.509311678,0.000000000,1
1997.672386646,118,36,175,8.827893974,45.841142715,8.509311678,45.841142715,8.509311678,0.000000000,1
1998.701711893,118,36,165,8.334176398,45.841142715,8.509311678,45.841142715,8.509311678,0.000000000,1
1999.485860825,119,36,13,0.702611033,44.697622196,1.265223827,45.841142715,8.509311678,7.333788105,0
2000.499592543,119,36,7,0.391959324,44.697622196,1.265223827,45.841142715,8.509311678,7.333788105,0
2000.743654490,120,36,154,7.758672306,45.841142715,8.509311678,45.841142715,8.509311678,0.000000000,1
2001.745526075,120,36,147,7.417256915,45.841142715,8.509311678,45.841142715,8.509311678,0.000000000,1
2002.675278425,120,36,139,7.021593807,45.841142715,8.509311678,45.841142715,8.509311678,0.000000000,1
2003.696374655,120,36,131,6.627126251,45.841142715,8.509311678,45.841142715,8.509311678,0.000000000,1
2004.717447519,120,36,123,6.233824420,45.841142715,8.509311678,45.841142715,8.509311678,0.000000000,1
2005.740472794,120,36,116,5.840769396,45.841142715,8.509311678,45.841142715,8.509311678,0.000000000,1
2006.400165558,121,36,13,0.762325146,44.828798955,3.731298998,45.841142715,8.509311678,4.884080779,0
2007.246261597,122,36,104,5.253475333,45.841142715,8.509311678,45.841142715,8.509311678,0.000000000,1
2008.277010918,122,36,98,4.959716804,45.841142715,8.509311678,45.841142715,8.509311678,0.000000000,1
2009.300884962,122,36,90,4.547462280,45.841142715,8.509311678,45.841142715,8.509311678,0.000000000,1
2010.329117298,122,36,82,4.159643634,45.841142715,8.509311678,45.841142715,8.509311678,0.000000000,1
2011.648713827,122,36,70,3.579868436,45.841142715,8.509311678,45.841142715,8.509311678,0.000000000,1
2012.682678223,122,36,64,3.263845315,45.841142715,8.509311678,45.841142715,8.509311678,0.000000000,1
2013.699455261,122,36,54,2.756117144,45.841142715,8.509311678,45.841142715,8.509311678,0.000000000,1
2014.409116030,123,36,15,0.812308955,45.257839489,6.823091342,45.841142715,8.509311678,1.784259420,0
2015.436867476,123,36,9,0.530875503,45.257839489,6.823091342,45.841142715,8.509311678,1.784259420,0
2015.558989286,124,36,42,2.151395670,45.841142715,8.509311678,45.841142715,8.509311678,0.000000000,1
2016.758531809,124,36,34,1.740791203,45.841142715,8.509311678,45.841142715,8.509311678,0.000000000,1
2017.797082663,124,36,27,1.422404806,45.841142715,8.509311678,45.841142715,8.509311678,0.000000000,1
2018.478495598,125,36,11,0.620766731,45.646847063,8.011874624,45.841142715,8.509311678,0.534035976,0
2019.134899139,126,36,17,0.915288637,45.841142715,8.509311678,45.841142715,8.509311678,0.000000000,1
2020.165028572,126,36,13,0.697196587,45.841142715,8.509311678,45.841142715,8.509311678,0.000000000,1
2020.750622988,126,36,10,0.562837400,45.841142715,8.509311678,45.841142715,8.509311678,0.000000000,1
2021.763031960,126,36,8,0.473402997,45.841142715,8.509311678,45.841142715,8.509311678,0.000000000,1
2031.845783949,127,37,757,37.948923004,23.041133836,7.631642379,23.041133836,7.631642379,0.000000000,1
2032.655730963,127,37,753,37.740986564,23.041133836,7.631642379,23.041133836,7.631642379,0.000000000,1
2033.685509920,127,37,747,37.444178938,23.041133836,7.631642379,23.041133836,7.631642379,0.000000000,1
2034.707476139,127,37,743,37.221607513,23.041133836,7.631642379,23.041133836,7.631642379,0.000000000,1
2035.629991293,127,37,738,36.985625782,23.041133836,7.631642379,23.041133836,7.631642379,0.000000000,1
2036.475482941,128,37,14,0.764954366,45.189779185,6.558148406,23.041133836,7.631642379,22.174644983,0
2037.481710434,128,37,14,0.764954366,45.189779185,6.558148406,23.041133836,7.631642379,22.174644983,0
2038.512431622,128,37,12,0.664954365,45.189779185,6.558148406,23.041133836,7.631642379,22.174644983,0
2039.535257816,128,37,9,0.523533006,45.189779185,6.558148406,23.041133836,7.631642379,22.174644983,0
2040.413531065,129,37,731,36.629842988,23.041133836,7.631642379,23.041133836,7.631642379,0.000000000,1
2041.417901516,129,37,727,36.436360528,23.041133836,7.631642379,23.041133836,7.631642379,0.000000000,1
2042.439795494,129,37,719,36.037227839,23.041133836,7.631642379,23.041133836,7.631642379,0.000000000,1
2043.743294954,129,37,705,35.359924480,23.041133836,7.631642379,23.041133836,7.631642379,0.000000000,1
2044.771881819,129,37,699,35.021630118,23.041133836,7.631642379,23.041133836,7.631642379,0.000000000,1
2045.794967651,129,37,691,34.637937888,23.041133836,7.631642379,23.041133836,7.631642379,0.000000000,1
2046.482852221,130,37,13,0.728268198,45.279378796,3.855934315,23.041133836,7.631642379,22.556495967,0
2047.751436472,130,37,7,0.428268194,45.279378796,3.855934315,23.041133836,7.631642379,22.556495967,0
2047.845438719,131,37,679,34.025275120,23.041133836,7.631642379,23.041133836,7.631642379,0.000000000,1
2048.868404388,131,37,673,33.736962585,23.041133836,7.631642379,23.041133836,7.631642379,0.000000000,1
2049.720868587,131,37,666,33.365886764,23.041133836,7.631642379,23.041133836,7.631642379,0.000000000,1
2050.726845980,131,37,658,33.009592856,23.041133836,7.631642379,23.041133836,7.631642379,0.000000000,1
2051.749221325,131,37,650,32.562279008,23.041133836,7.631642379,23.041133836,7.631642379,0.000000000,1
2052.449070215,132,37,13,0.753888386,45.270608044,1.831816243,23.041133836,7.631642379,22.973626331,0
2053.468563557,132,37,7,0.453888382,45.270608044,1.831816243,23.041133836,7.631642379,22.973626331,0
2053.549010277,133,37,639,32.048756864,23.041133836,7.631642379,23.041133836,7.631642379,0.000000000,1
2054.553331375,133,37,631,31.653686964,23.041133836,7.631642379,23.041133836,7.631642379,0.000000000,1
2055.824434280,133,37,622,31.179757578,23.041133836,7.631642379,23.041133836,7.631642379,0.000000000,1
2056.840352058,133,37,613,30.745669448,23.041133836,7.631642379,23.041133836,7.631642379,0.000000000,1
2057.418231487,134,37,13,0.751435187,45.250997448,0.149476740,23.041133836,7.631642379,23.436314649,0
2058.238880157,135,37,603,30.236082383,23.041133836,7.631642379,23.041133836,7.631642379,0.000000000,1
2059.294368029,135,37,598,29.978836417,23.041133836,7.631642379,23.041133836,7.631642379,0.000000000,1
2059.774964809,135,37,595,29.854885815,23.041133836,7.631642379,23.041133836,7.631642379,0.000000000,1
2060.817032337,135,37,588,29.485357694,23.041133836,7.631642379,23.041133836,7.631642379,0.000000000,1
2061.401894093,136,37,14,0.731849579,45.129384897,-1.222133540,23.041133836,7.631642379,23.796642263,0
2062.330422163,137,37,578,28.976811486,23.041133836,7.631642379,23.041133836,7.631642379,0.000000000,1
2063.371788025,137,37,573,28.747955596,23.041133836,7.631642379,23.041133836,7.631642379,0.000000000,1
2064.399342060,137,37,565,28.314589288,23.041133836,7.631642379,23.041133836,7.631642379,0.000000000,1
2065.413422823,137,37,555,27.814668990,23.041133836,7.631642379,23.041133836,7.631642379,0.000000000,1
2066.437018394,137,37,547,27.430933273,23.041133836,7.631642379,23.041133836,7.631642379,0.000000000,1
2067.457658768,137,37,540,27.069496902,23.041133836,7.631642379,23.041133836,7.631642379,0.000000000,1
2067.877801657,137,37,536,26.917164207,23.041133836,7.631642379,23.041133836,7.631642379,0.000000000,1
2068.901109219,137,37,533,26.742329412,23.041133836,7.631642379,23.041133836,7.631642379,0.000000000,1
2069.480391741,138,37,16,0.868123372,43.390163680,-2.544915695,23.041133836,7.631642379,22.751820803,0
2070.881960869,138,37,6,0.359841646,43.390163680,-2.544915695,23.041133836,7.631642379,22.751820803,0
2070.980440140,139,37,522,26.177102624,23.041133836,7.631642379,23.041133836,7.631642379,0.000000000,1
2071.993262053,139,37,516,25.897287575,23.041133836,7.631642379,23.041133836,7.631642379,0.000000000,1
2072.947728634,139,37,511,25.633269779,23.041133836,7.631642379,23.041133836,7.631642379,0.000000000,1
2073.469235182,140,37,13,0.680530952,42.940670265,-1.738382632,23.041133836,7.631642379,21.995202177,0
2074.821974993,140,37,8,0.412751871,42.940670265,-1.738382632,23.041133836,7.631642379,21.995202177,0
2075.445504427,141,37,504,25.298000132,23.041133836,7.631642379,23.041133836,7.631642379,0.000000000,1
2076.460705280,141,37,499,25.025289654,23.041133836,7.631642379,23.041133836,7.631642379,0.000000000,1
2077.811973095,141,37,487,24.429453335,23.041133836,7.631642379,23.041133836,7.631642379,0.000000000,1
2078.849601030,141,37,482,24.193669516,23.041133836,7.631642379,23.041133836,7.631642379,0.000000000,1
2079.393515348,142,37,15,0.840955069,42.146131055,-0.257598498,23.041133836,7.631642379,20.669809877,0
2080.345400572,143,37,472,23.708653121,23.041133836,7.631642379,23.041133836,7.631642379,0.000000000,1
2081.383792400,143,37,466,23.375078892,23.041133836,7.631642379,23.041133836,7.631642379,0.000000000,1
2082.395066261,143,37,459,23.027459435,23.041133836,7.631642379,23.041133836,7.631642379,0.000000000,1
2083.424045324,143,37,451,22.636840732,23.041133836,7.631642379,23.041133836,7.631642379,0.000000000,1
2084.453400612,143,37,440,22.103322952,23.041133836,7.631642379,23.041133836,7.631642379,0.000000000,1
2085.747489452,143,37,429,21.546456545,23.041133836,7.631642379,23.041133836,7.631642379,0.000000000,1
2086.769693851,143,37,422,21.192623257,23.041133836,7.631642379,23.041133836,7.631642379,0.000000000,1
2087.799066782,143,37,413,20.745724102,23.041133836,7.631642379,23.041133836,7.631642379,0.000000000,1
2088.445881605,144,37,14,0.750234626,40.275952804,2.702318996,23.041133836,7.631642379,17.925881119,0
2089.468934774,144,37,7,0.389503541,40.275952804,2.702318996,23.041133836,7.631642379,17.925881119,0
2089.611596346,145,37,403,20.253084861,23.041133836,7.631642379,23.041133836,7.631642379,0.000000000,1
2090.641039848,145,37,395,19.840138696,23.041133836,7.631642379,23.041133836,7.631642379,0.000000000,1
2091.595932484,145,37,387,19.464849446,23.041133836,7.631642379,23.041133836,7.631642379,0.000000000,1
2092.645122528,145,37,381,19.146597597,23.041133836,7.631642379,23.041133836,7.631642379,0.000000000,1
2093.506873846,146,37,12,0.685385583,39.205218061,4.124345162,23.041133836,7.631642379,16.540216221,0
2094.531826496,146,37,8,0.467603785,39.205218061,4.124345162,23.041133836,7.631642379,16.540216221,0
2094.785849094,147,37,367,18.438593116,23.041133836,7.631642379,23.041133836,7.631642379,0.000000000,1
2095.797067881,147,37,360,18.088021018,23.041133836,7.631642379,23.041133836,7.631642379,0.000000000,1
2096.780847073,147,37,351,17.640863016,23.041133836,7.631642379,23.041133836,7.631642379,0.000000000,1
2097.819251537,147,37,346,17.386029391,23.041133836,7.631642379,23.041133836,7.631642379,0.000000000,1
2098.413041830,148,37,13,0.746628658,37.898159326,4.999186484,23.041133836,7.631642379,15.088440293,0
2099.430524349,148,37,8,0.437128393,37.898159326,4.999186484,23.041133836,7.631642379,15.088440293,0
2099.690742970,149,37,334,16.768895816,23.041133836,7.631642379,23.041133836,7.631642379,0.000000000,1
2100.718962431,149,37,328,16.489602324,23.041133836,7.631642379,23.041133836,7.631642379,0.000000000,1
2101.717412472,149,37,321,16.157998424,23.041133836,7.631642379,23.041133836,7.631642379,0.000000000,1
2102.381463766,150,37,13,0.714504418,36.796871468,5.118351524,23.041133836,7.631642379,13.983452675,0
2103.407192945,151,37,311,15.635054806,23.041133836,7.631642379,23.041133836,7.631642379,0.000000000,1
2104.426388979,151,37,304,15.303093047,23.041133836,7.631642379,23.041133836,7.631642379,0.000000000,1
2105.445415258,151,37,297,14.912224618,23.041133836,7.631642379,23.041133836,7.631642379,0.000000000,1
2106.725948334,151,37,284,14.287296354,23.041133836,7.631642379,23.041133836,7.631642379,0.000000000,1
2107.751496553,151,37,278,13.991225788,23.041133836,7.631642379,23.041133836,7.631642379,0.000000000,1
2108.770291090,151,37,268,13.508531768,23.041133836,7.631642379,23.041133836,7.631642379,0.000000000,1
2109.443096638,152,37,13,0.703390947,34.849597187,6.610921613,23.041133836,7.631642379,11.852496682,0
2110.440103769,153,37,257,12.916854629,23.041133836,7.631642379,23.041133836,7.631642379,0.000000000,1
2111.462352514,153,37,252,12.670744542,23.041133836,7.631642379,23.041133836,7.631642379,0.000000000,1
2112.774360418,153,37,241,12.139616679,23.041133836,7.631642379,23.041133836,7.631642379,0.000000000,1
2113.801996469,153,37,234,11.799768954,23.041133836,7.631642379,23.041133836,7.631642379,0.000000000,1
2114.827425003,153,37,226,11.385357944,23.041133836,7.631642379,23.041133836,7.631642379,0.000000000,1
2115.495785713,154,37,12,0.659203389,32.869168081,7.342118218,23.041133836,7.631642379,9.832297868,0
2116.541434765,154,37,8,0.463166581,32.869168081,7.342118218,23.041133836,7.631642379,9.832297868,0
2116.708501339,155,37,214,10.769791274,23.041133836,7.631642379,23.041133836,7.631642379,0.000000000,1
2117.710086823,155,37,209,10.537821699,23.041133836,7.631642379,23.041133836,7.631642379,0.000000000,1
2118.736295938,155,37,199,10.038631221,23.041133836,7.631642379,23.041133836,7.631642379,0.000000000,1
2119.749867678,155,37,191,9.640710165,23.041133836,7.631642379,23.041133836,7.631642379,0.000000000,1
2120.743589878,155,37,184,9.264226786,23.041133836,7.631642379,23.041133836,7.631642379,0.000000000,1
2121.779179096,155,37,178,8.983525250,23.041133836,7.631642379,23.041133836,7.631642379,0.000000000,1
2122.460668564,156,37,14,0.777030509,30.421789504,7.316634514,23.041133836,7.631642379,7.387374909,0
2123.464110613,156,37,6,0.377030503,30.421789504,7.316634514,23.041133836,7.631642379,7.387374909,0
2123.594799042,157,37,166,8.370061126,23.041133836,7.631642379,23.041133836,7.631642379,0.000000000,1
2124.632656574,157,37,159,8.057551559,23.041133836,7.631642379,23.041133836,7.631642379,0.000000000,1
2125.641166925,157,37,151,7.628165869,23.041133836,7.631642379,23.041133836,7.631642379,0.000000000,1
2126.665427446,157,37,143,7.218164582,23.041133836,7.631642379,23.041133836,7.631642379,0.000000000,1
2127.746248007,157,37,132,6.710642539,23.041133836,7.631642379,23.041133836,7.631642379,0.000000000,1
2128.766008139,157,37,126,6.382561038,23.041133836,7.631642379,23.041133836,7.631642379,0.000000000,1
2129.485885620,158,37,15,0.799385996,28.016541325,8.012729777,23.041133836,7.631642379,4.989980690,0
2130.408082008,159,37,116,5.884583851,23.041133836,7.631642379,23.041133836,7.631642379,0.000000000,1
2131.427684069,159,37,110,5.563722721,23.041133836,7.631642379,23.041133836,7.631642379,0.000000000,1
2132.453527689,159,37,101,5.155849380,23.041133836,7.631642379,23.041133836,7.631642379,0.000000000,1
2133.477427959,159,37,93,4.742672025,23.041133836,7.631642379,23.041133836,7.631642379,0.000000000,1
2133.820680857,159,37,88,4.507731004,23.041133836,7.631642379,23.041133836,7.631642379,0.000000000,1
2134.840182781,159,37,82,4.186650742,23.041133836,7.631642379,23.041133836,7.631642379,0.000000000,1
2135.387361526,160,37,14,0.728645538,25.923194126,8.455144639,23.041133836,7.631642379,2.997403457,0
2136.098211050,161,37,72,3.683643848,23.041133836,7.631642379,23.041133836,7.631642379,0.000000000,1
2137.127419472,161,37,64,3.283909376,23.041133836,7.631642379,23.041133836,7.631642379,0.000000000,1
2137.774624586,161,37,60,3.084100197,23.041133836,7.631642379,23.041133836,7.631642379,0.000000000,1
2138.806124926,161,37,53,2.738716136,23.041133836,7.631642379,23.041133836,7.631642379,0.000000000,1
2139.399843931,162,37,12,0.677005295,24.413840465,8.481740709,23.041133836,7.631642379,1.614617807,0
2140.265562296,163,37,43,2.240518030,23.041133836,7.631642379,23.041133836,7.631642379,0.000000000,1
2141.297346830,163,37,37,1.942076010,23.041133836,7.631642379,23.041133836,7.631642379,0.000000000,1
2141.767707825,163,37,33,1.743906991,23.041133836,7.631642379,23.041133836,7.631642379,0.000000000,1
2142.800453663,163,37,25,1.321535893,23.041133836,7.631642379,23.041133836,7.631642379,0.000000000,1
2143.409967899,164,37,13,0.656245598,23.324723018,8.004157389,23.041133836,7.631642379,0.468177591,0
2144.066898823,165,37,18,0.982871175,23.041133836,7.631642379,23.041133836,7.631642379,0.000000000,1
2145.075159073,165,37,13,0.754264205,23.041133836,7.631642379,23.041133836,7.631642379,0.000000000,1
2145.752006531,165,37,11,0.625443285,23.041133836,7.631642379,23.041133836,7.631642379,0.000000000,1
2166.219304323,167,39,806,40.388876917,9.040845241,7.831948219,9.040845241,7.831948219,0.000000000,1
2167.014100075,167,39,802,40.181354776,9.040845241,7.831948219,9.040845241,7.831948219,0.000000000,1
2167.731347561,167,39,798,40.006261719,9.040845241,7.831948219,9.040845241,7.831948219,0.000000000,1
2168.752620220,167,39,796,39.876899565,9.040845241,7.831948219,9.040845241,7.831948219,0.000000000,1
2169.797256947,167,39,796,39.876899565,9.040845241,7.831948219,9.040845241,7.831948219,0.000000000,1
2170.816297054,167,39,790,39.614975567,9.040845241,7.831948219,9.040845241,7.831948219,0.000000000,1
2171.467911243,168,39,15,0.822263808,24.635370620,8.456577440,9.040845241,7.831948219,15.607029937,0
2172.416515589,169,39,778,39.018228033,9.040845241,7.831948219,9.040845241,7.831948219,0.000000000,1
2173.444904566,169,39,773,38.748292924,9.040845241,7.831948219,9.040845241,7.831948219,0.000000000,1
2174.460772753,169,39,765,38.326778105,9.040845241,7.831948219,9.040845241,7.831948219,0.000000000,1
2174.792005301,169,39,761,38.142912263,9.040845241,7.831948219,9.040845241,7.831948219,0.000000000,1
2175.814626932,169,39,755,37.826101795,9.040845241,7.831948219,9.040845241,7.831948219,0.000000000,1
2176.851094961,169,39,745,37.325422609,9.040845241,7.831948219,9.040845241,7.831948219,0.000000000,1
2177.870455027,169,39,738,36.969530741,9.040845241,7.831948219,9.040845241,7.831948219,0.000000000,1
2178.460392714,170,39,14,0.759833282,27.347992731,8.464222093,9.040845241,7.831948219,18.318062656,0
2179.510414839,171,39,725,36.326635952,9.040845241,7.831948219,9.040845241,7.831948219,0.000000000,1
2180.758491039,171,39,718,35.967288475,9.040845241,7.831948219,9.040845241,7.831948219,0.000000000,1
2181.773638487,171,39,711,35.647604335,9.040845241,7.831948219,9.040845241,7.831948219,0.000000000,1
2182.441476345,172,39,14,0.792832302,28.675211378,8.443215318,9.040845241,7.831948219,19.643878972,0
2183.466015577,172,39,6,0.392704908,28.675211378,8.443215318,9.040845241,7.831948219,19.643878972,0
2183.542979240,173,39,700,35.106978457,9.040845241,7.831948219,9.040845241,7.831948219,0.000000000,1
2184.864783049,173,39,690,34.595830272,9.040845241,7.831948219,9.040845241,7.831948219,0.000000000,1
2185.907724857,173,39,684,34.305630648,9.040845241,7.831948219,9.040845241,7.831948219,0.000000000,1
2186.495682478,174,39,15,0.769157727,30.106630517,8.276104407,9.040845241,7.831948219,21.070467104,0
2187.526356220,174,39,10,0.558168019,30.106630517,8.276104407,9.040845241,7.831948219,21.070467104,0
2188.130663872,175,39,673,33.722707951,9.040845241,7.831948219,9.040845241,7.831948219,0.000000000,1
2189.144750357,175,39,663,33.247837884,9.040845241,7.831948219,9.040845241,7.831948219,0.000000000,1
2189.794573069,175,39,659,33.061745333,9.040845241,7.831948219,9.040845241,7.831948219,0.000000000,1
2190.820582867,175,39,654,32.772168724,9.040845241,7.831948219,9.040845241,7.831948219,0.000000000,1
2191.410331964,176,39,15,0.788778263,31.465486738,7.955317354,9.040845241,7.831948219,22.424980852,0
2192.296354771,177,39,644,32.278350194,9.040845241,7.831948219,9.040845241,7.831948219,0.000000000,1
2193.323180676,177,39,637,31.949358002,9.040845241,7.831948219,9.040845241,7.831948219,0.000000000,1
2193.817843676,177,39,633,31.733843911,9.040845241,7.831948219,9.040845241,7.831948219,0.000000000,1
2194.846888781,177,39,627,31.412740055,9.040845241,7.831948219,9.040845241,7.831948219,0.000000000,1
2195.510442257,178,39,13,0.699749725,32.830169262,7.558078369,9.040845241,7.831948219,23.790900405,0
2196.524723053,178,39,9,0.505357331,32.830169262,7.558078369,9.040845241,7.831948219,23.790900405,0
2196.921273708,179,39,614,30.809532040,9.040845241,7.831948219,9.040845241,7.831948219,0.000000000,1
2197.674739838,179,39,611,30.614477349,9.040845241,7.831948219,9.040845241,7.831948219,0.000000000,1
2198.436534166,180,39,12,0.657539708,33.391701863,7.425091916,9.040845241,7.831948219,24.354255281,0
2199.275257587,181,39,605,30.315996433,9.040845241,7.831948219,9.040845241,7.831948219,0.000000000,1
2199.788565874,181,39,603,30.224431192,9.040845241,7.831948219,9.040845241,7.831948219,0.000000000,1
2200.817666769,181,39,599,30.021267681,9.040845241,7.831948219,9.040845241,7.831948219,0.000000000,1
2201.842844009,181,39,588,29.502253375,9.040845241,7.831948219,9.040845241,7.831948219,0.000000000,1
2202.431840181,182,39,13,0.731116788,34.533590308,6.902037404,9.040845241,7.831948219,25.509699825,0
2203.314221144,183,39,579,29.029678873,9.040845241,7.831948219,9.040845241,7.831948219,0.000000000,1
2204.349216938,183,39,572,28.683942573,9.040845241,7.831948219,9.040845241,7.831948219,0.000000000,1
2204.831469297,183,39,567,28.429650454,9.040845241,7.831948219,9.040845241,7.831948219,0.000000000,1
2205.856303215,183,39,562,28.176050615,9.040845241,7.831948219,9.040845241,7.831948219,0.000000000,1
2206.315925360,184,39,16,0.794541920,34.829446025,5.723924594,9.040845241,7.831948219,25.874614857,0
2206.808291912,184,39,13,0.634126213,34.829446025,5.723924594,9.040845241,7.831948219,25.874614857,0
2207.826285124,184,39,10,0.499974884,34.829446025,5.723924594,9.040845241,7.831948219,25.874614857,0
2208.356372356,185,39,552,27.676915462,9.040845241,7.831948219,9.040845241,7.831948219,0.000000000,1
2209.409502029,185,39,548,27.505178022,9.040845241,7.831948219,9.040845241,7.831948219,0.000000000,1
2210.412561178,185,39,542,27.216795648,9.040845241,7.831948219,9.040845241,7.831948219,0.000000000,1
2211.427392483,185,39,533,26.764360258,9.040845241,7.831948219,9.040845241,7.831948219,0.000000000,1
2212.456351519,185,39,526,26.368405262,9.040845241,7.831948219,9.040845241,7.831948219,0.000000000,1
2213.771113157,185,39,514,25.768408290,9.040845241,7.831948219,9.040845241,7.831948219,0.000000000,1
2214.818915367,185,39,507,25.449411928,9.040845241,7.831948219,9.040845241,7.831948219,0.000000000,1
2215.468371630,186,39,12,0.687927256,32.102758363,5.381187772,9.040845241,7.831948219,23.191767151,0
2216.423321962,187,39,495,24.849345918,9.040845241,7.831948219,9.040845241,7.831948219,0.000000000,1
2217.438689232,187,39,490,24.568431033,9.040845241,7.831948219,9.040845241,7.831948219,0.000000000,1
2218.474862814,187,39,482,24.168443087,9.040845241,7.831948219,9.040845241,7.831948219,0.000000000,1
2218.810737610,187,39,478,23.968452326,9.040845241,7.831948219,9.040845241,7.831948219,0.000000000,1
2219.842997074,187,39,470,23.568477976,9.040845241,7.831948219,9.040845241,7.831948219,0.000000000,1
2220.867584944,187,39,462,23.168478554,9.040845241,7.831948219,9.040845241,7.831948219,0.000000000,1
2221.434362888,188,39,13,0.706997691,29.883687895,5.381187772,9.040845241,7.831948219,20.986431728,0
2222.328461170,189,39,451,22.649507756,9.040845241,7.831948219,9.040845241,7.831948219,0.000000000,1
2223.345736027,189,39,446,22.368622107,9.040845241,7.831948219,9.040845241,7.831948219,0.000000000,1
2224.688124657,189,39,434,21.769155515,9.040845241,7.831948219,9.040845241,7.831948219,0.000000000,1
2225.719074726,189,39,426,21.373553375,9.040845241,7.831948219,9.040845241,7.831948219,0.000000000,1
2226.524985313,190,39,13,0.711994405,28.078615847,5.381183195,9.040845241,7.831948219,19.194868034,0
2227.326445580,191,39,414,20.773542786,9.040845241,7.831948219,9.040845241,7.831948219,0.000000000,1
2228.348108292,191,39,407,20.450144266,9.040845241,7.831948219,9.040845241,7.831948219,0.000000000,1
2228.858550787,191,39,403,20.247810241,9.040845241,7.831948219,9.040845241,7.831948219,0.000000000,1
2229.344477177,192,39,13,0.736477672,27.154131835,5.381050803,9.040845241,7.831948219,18.278349197,0
2229.820545673,192,39,9,0.536477669,27.154131835,5.381050803,9.040845241,7.831948219,18.278349197,0
2230.840295792,192,39,7,0.436477668,27.154131835,5.381050803,9.040845241,7.831948219,18.278349197,0
2231.058248997,193,39,395,19.850057144,9.040845241,7.831948219,9.040845241,7.831948219,0.000000000,1
2232.075215101,193,39,389,19.548767507,9.040845241,7.831948219,9.040845241,7.831948219,0.000000000,1
2233.099942684,193,39,381,19.158140882,9.040845241,7.831948219,9.040845241,7.831948219,0.000000000,1
2233.691954136,193,39,375,18.831309014,9.040845241,7.831948219,9.040845241,7.831948219,0.000000000,1
2234.727506161,193,39,369,18.559505628,9.040845241,7.831948219,9.040845241,7.831948219,0.000000000,1
2235.532295227,194,39,12,0.698172008,25.092437469,5.381044699,9.040845241,7.831948219,16.237627323,0
2236.563368797,194,39,6,0.398172003,25.092437469,5.381044699,9.040845241,7.831948219,16.237627323,0
2236.750365734,195,39,355,17.825910591,9.040845241,7.831948219,9.040845241,7.831948219,0.000000000,1
2237.769993305,195,39,349,17.528854280,9.040845241,7.831948219,9.040845241,7.831948219,0.000000000,1
2238.673865080,195,39,341,17.148947209,9.040845241,7.831948219,9.040845241,7.831948219,0.000000000,1
2239.699233770,195,39,333,16.725801299,9.040845241,7.831948219,9.040845241,7.831948219,0.000000000,1
2240.446528435,196,39,14,0.764471469,23.426138005,5.380997397,9.040845241,7.831948219,14.592594281,0
2241.459046602,197,39,321,16.118866656,9.040845241,7.831948219,9.040845241,7.831948219,0.000000000,1
2242.788497925,197,39,312,15.693109163,9.040845241,7.831948219,9.040845241,7.831948219,0.000000000,1
2243.815309763,197,39,307,15.455717769,9.040845241,7.831948219,9.040845241,7.831948219,0.000000000,1
2244.356855631,198,39,12,0.699348868,22.099725022,5.421178367,9.040845241,7.831948219,13.279538862,0
2245.237415075,199,39,297,14.945959364,9.040845241,7.831948219,9.040845241,7.831948219,0.000000000,1
2246.256624699,199,39,290,14.608439718,9.040845241,7.831948219,9.040845241,7.831948219,0.000000000,1
2247.321861982,199,39,282,14.174825720,9.040845241,7.831948219,9.040845241,7.831948219,0.000000000,1
2247.797802687,199,39,276,13.873248964,9.040845241,7.831948219,9.040845241,7.831948219,0.000000000,1
2248.816435814,199,39,268,13.487009109,9.040845241,7.831948219,9.040845241,7.831948219,0.000000000,1
2249.433938980,200,39,13,0.686124381,20.915203520,6.602748819,9.040845241,7.831948219,11.937810339,0
2250.232783079,201,39,257,12.940466603,9.040845241,7.831948219,9.040845241,7.831948219,0.000000000,1
2251.254791021,201,39,250,12.599973695,9.040845241,7.831948219,9.040845241,7.831948219,0.000000000,1
2251.760108948,201,39,247,12.418391790,9.040845241,7.831948219,9.040845241,7.831948219,0.000000000,1
2252.785986900,201,39,241,12.153450589,9.040845241,7.831948219,9.040845241,7.831948219,0.000000000,1
2253.452118874,202,39,14,0.719441978,19.703332585,7.233035866,9.040845241,7.831948219,10.679294563,0
2254.203363419,203,39,231,11.618287952,9.040845241,7.831948219,9.040845241,7.831948219,0.000000000,1
2255.216995716,203,39,224,11.304023762,9.040845241,7.831948219,9.040845241,7.831948219,0.000000000,1
2255.738679647,203,39,220,11.104117368,9.040845241,7.831948219,9.040845241,7.831948219,0.000000000,1
2256.746427298,203,39,212,10.685094542,9.040845241,7.831948219,9.040845241,7.831948219,0.000000000,1
2257.503857136,204,39,13,0.736455530,18.169808621,7.417149019,9.040845241,7.831948219,9.138382284,0
2258.526049852,204,39,7,0.436455525,18.169808621,7.417149019,9.040845241,7.831948219,9.138382284,0
2258.720162630,205,39,199,10.054827851,9.040845241,7.831948219,9.040845241,7.831948219,0.000000000,1
2259.714668274,205,39,192,9.685635044,9.040845241,7.831948219,9.040845241,7.831948219,0.000000000,1
2260.759522915,205,39,183,9.259151190,9.040845241,7.831948219,9.040845241,7.831948219,0.000000000,1
2261.667714596,205,39,177,8.915806012,9.040845241,7.831948219,9.040845241,7.831948219,0.000000000,1
2262.566020250,206,39,15,0.848914607,16.290162291,7.429772615,9.040845241,7.831948219,7.260464373,0
2263.631142139,206,39,9,0.548914602,16.290162291,7.429772615,9.040845241,7.831948219,7.260464373,0
2264.372408390,207,39,162,8.191870411,9.040845241,7.831948219,9.040845241,7.831948219,0.000000000,1
2265.692873240,207,39,152,7.682418003,9.040845241,7.831948219,9.040845241,7.831948219,0.000000000,1
2266.712725163,207,39,146,7.401192563,9.040845241,7.831948219,9.040845241,7.831948219,0.000000000,1
2267.553785563,208,39,14,0.769383644,14.913276285,7.875361306,9.040845241,7.831948219,5.872591511,0
2268.466542006,209,39,134,6.783814349,9.040845241,7.831948219,9.040845241,7.831948219,0.000000000,1
2269.471043110,209,39,127,6.446580337,9.040845241,7.831948219,9.040845241,7.831948219,0.000000000,1
2270.796006680,209,39,115,5.832309680,9.040845241,7.831948219,9.040845241,7.831948219,0.000000000,1
2271.811855793,209,39,109,5.511239830,9.040845241,7.831948219,9.040845241,7.831948219,0.000000000,1
2272.431354046,210,39,14,0.765362651,13.197771804,8.353873886,9.040845241,7.831948219,4.189563801,0
2273.451104879,210,39,8,0.445675881,13.197771804,8.353873886,9.040845241,7.831948219,4.189563801,0
2273.509200573,211,39,98,4.997142359,9.040845241,7.831948219,9.040845241,7.831948219,0.000000000,1
2274.527531147,211,39,92,4.663372811,9.040845241,7.831948219,9.040845241,7.831948219,0.000000000,1
2275.728559732,211,39,81,4.136326851,9.040845241,7.831948219,9.040845241,7.831948219,0.000000000,1
2276.749414206,211,39,75,3.861861694,9.040845241,7.831948219,9.040845241,7.831948219,0.000000000,1
2277.516442537,212,39,12,0.627569794,11.512633839,8.642663258,9.040845241,7.831948219,2.601345372,0
2278.374707937,213,39,62,3.207992038,9.040845241,7.831948219,9.040845241,7.831948219,0.000000000,1
2279.406496286,213,39,56,2.901029035,9.040845241,7.831948219,9.040845241,7.831948219,0.000000000,1
2280.420072079,213,39,48,2.501696057,9.040845241,7.831948219,9.040845241,7.831948219,0.000000000,1
2281.456157923,213,39,38,2.004344588,9.040845241,7.831948219,9.040845241,7.831948219,0.000000000,1
2282.729616642,213,39,29,1.516343589,9.040845241,7.831948219,9.040845241,7.831948219,0.000000000,1
2283.751524925,213,39,20,1.093671039,9.040845241,7.831948219,9.040845241,7.831948219,0.000000000,1
2284.435901403,214,39,8,0.460076832,9.299489885,8.148537885,9.040845241,7.831948219,0.408810553,0
2284.625387192,215,39,14,0.795092549,9.040845241,7.831948219,9.040845241,7.831948219,0.000000000,1
2285.628435850,215,39,9,0.572920491,9.040845241,7.831948219,9.040845241,7.831948219,0.000000000,1
2306.820712805,217,41,892,44.709658940,25.340478283,-7.969141188,25.340478283,-7.969141188,0.000000000,1
2307.626981735,217,41,889,44.527500797,25.340478283,-7.969141188,25.340478283,-7.969141188,0.000000000,1
2308.656883955,217,41,884,44.307110676,25.340478283,-7.969141188,25.340478283,-7.969141188,0.000000000,1
2309.795690298,217,41,882,44.194998260,25.340478283,-7.969141188,25.340478283,-7.969141188,0.000000000,1
2310.845685720,217,41,882,44.194998260,25.340478283,-7.969141188,25.340478283,-7.969141188,0.000000000,1
2311.865788698,217,41,876,43.910176200,25.340478283,-7.969141188,25.340478283,-7.969141188,0.000000000,1
2312.884299994,217,41,867,43.431361714,25.340478283,-7.969141188,25.340478283,-7.969141188,0.000000000,1
2313.462158680,218,41,14,0.758241868,11.142139754,8.653966969,25.340478283,-7.969141188,21.861393867,0
2314.426404238,219,41,856,42.912132087,25.340478283,-7.969141188,25.340478283,-7.969141188,0.000000000,1
2315.482019186,219,41,851,42.613649135,25.340478283,-7.969141188,25.340478283,-7.969141188,0.000000000,1
2316.475398779,219,41,843,42.216169051,25.340478283,-7.969141188,25.340478283,-7.969141188,0.000000000,1
2317.820855379,219,41,830,41.599119270,25.340478283,-7.969141188,25.340478283,-7.969141188,0.000000000,1
2318.832451820,219,41,825,41.325164340,25.340478283,-7.969141188,25.340478283,-7.969141188,0.000000000,1
2319.840687990,219,41,815,40.812921919,25.340478283,-7.969141188,25.340478283,-7.969141188,0.000000000,1
2320.447207928,220,41,14,0.754453127,13.740920615,8.660348195,25.340478283,-7.969141188,20.275345996,0
2321.267386436,221,41,805,40.315840607,25.340478283,-7.969141188,25.340478283,-7.969141188,0.000000000,1
2322.299046516,221,41,799,40.022695061,25.340478283,-7.969141188,25.340478283,-7.969141188,0.000000000,1
2322.854077816,221,41,795,39.830139181,25.340478283,-7.969141188,25.340478283,-7.969141188,0.000000000,1
2323.886006594,221,41,789,39.529169614,25.340478283,-7.969141188,25.340478283,-7.969141188,0.000000000,1
2324.475919962,222,41,14,0.781587137,15.155798343,8.631935254,25.340478283,-7.969141188,19.476227677,0
2325.493918657,222,41,6,0.381587131,15.155798343,8.631935254,25.340478283,-7.969141188,19.476227677,0
2325.569905043,223,41,777,38.929303611,25.340478283,-7.969141188,25.340478283,-7.969141188,0.000000000,1
2326.589561701,223,41,771,38.649140609,25.340478283,-7.969141188,25.340478283,-7.969141188,0.000000000,1
2327.614368200,223,41,761,38.160471667,25.340478283,-7.969141188,25.340478283,-7.969141188,0.000000000,1
2328.705351830,223,41,753,37.756256290,25.340478283,-7.969141188,25.340478283,-7.969141188,0.000000000,1
2329.727368116,223,41,747,37.434404688,25.340478283,-7.969141188,25.340478283,-7.969141188,0.000000000,1
2330.538649797,224,41,15,0.793339584,17.403228796,8.041867191,25.340478283,-7.969141188,17.870431409,0
2331.550085306,224,41,8,0.482349874,17.403228796,8.041867191,25.340478283,-7.969141188,17.870431409,0
2332.106106997,225,41,730,36.584948684,25.340478283,-7.969141188,25.340478283,-7.969141188,0.000000000,1
2333.110328436,225,41,724,36.269582202,25.340478283,-7.969141188,25.340478283,-7.969141188,0.000000000,1
2333.755821705,225,41,720,36.077657536,25.340478283,-7.969141188,25.340478283,-7.969141188,0.000000000,1
2334.789290667,225,41,712,35.671926366,25.340478283,-7.969141188,25.340478283,-7.969141188,0.000000000,1
2335.517303705,226,41,14,0.743926078,18.979328266,7.621392744,25.340478283,-7.969141188,16.838318736,0
2336.536922693,226,41,8,0.425082542,18.979328266,7.621392744,25.340478283,-7.969141188,16.838318736,0
2336.990195513,227,41,699,35.042386944,25.340478283,-7.969141188,25.340478283,-7.969141188,0.000000000,1
2337.960663795,227,41,691,34.650710319,25.340478283,-7.969141188,25.340478283,-7.969141188,0.000000000,1
2338.990825415,227,41,682,34.191337302,25.340478283,-7.969141188,25.340478283,-7.969141188,0.000000000,1
2339.725541115,227,41,676,33.897758308,25.340478283,-7.969141188,25.340478283,-7.969141188,0.000000000,1
2340.747915745,227,41,669,33.558578622,25.340478283,-7.969141188,25.340478283,-7.969141188,0.000000000,1
2341.476910591,228,41,13,0.700829274,20.793604416,6.729360870,25.340478283,-7.969141188,15.385708457,0
2342.365800142,229,41,659,33.034051809,25.340478283,-7.969141188,25.340478283,-7.969141188,0.000000000,1
2343.403253794,229,41,652,32.676425450,25.340478283,-7.969141188,25.340478283,-7.969141188,0.000000000,1
2344.416734695,229,41,643,32.261019008,25.340478283,-7.969141188,25.340478283,-7.969141188,0.000000000,1
2344.758881569,229,41,641,32.150383436,25.340478283,-7.969141188,25.340478283,-7.969141188,0.000000000,1
2345.786634445,229,41,633,31.729699767,25.340478283,-7.969141188,25.340478283,-7.969141188,0.000000000,1
2346.378429651,230,41,16,0.916179677,21.901831972,5.465223583,25.340478283,-7.969141188,13.867459943,0
2347.414656401,231,41,620,31.107820049,25.340478283,-7.969141188,25.340478283,-7.969141188,0.000000000,1
2348.677165985,231,41,612,30.674899040,25.340478283,-7.969141188,25.340478283,-7.969141188,0.000000000,1
2349.713156223,231,41,605,30.353171104,25.340478283,-7.969141188,25.340478283,-7.969141188,0.000000000,1
2350.463445902,232,41,14,0.726440839,23.149191551,4.913301512,25.340478283,-7.969141188,13.067481298,0
2351.089128017,233,41,595,29.818210017,25.340478283,-7.969141188,25.340478283,-7.969141188,0.000000000,1
2352.109179735,233,41,588,29.504953382,25.340478283,-7.969141188,25.340478283,-7.969141188,0.000000000,1
2352.807083130,233,41,582,29.194492014,25.340478283,-7.969141188,25.340478283,-7.969141188,0.000000000,1
2353.846908808,233,41,573,28.754928087,25.340478283,-7.969141188,25.340478283,-7.969141188,0.000000000,1
2354.869776726,233,41,564,28.289425067,25.340478283,-7.969141188,25.340478283,-7.969141188,0.000000000,1
2355.402145624,234,41,15,0.789905144,24.975934132,4.105115160,25.340478283,-7.969141188,12.079758226,0
2356.405309439,235,41,556,27.879984822,25.340478283,-7.969141188,25.340478283,-7.969141188,0.000000000,1
2357.723255873,235,41,545,27.334531014,25.340478283,-7.969141188,25.340478283,-7.969141188,0.000000000,1
2358.754169703,235,41,539,27.023576699,25.340478283,-7.969141188,25.340478283,-7.969141188,0.000000000,1
2359.561206818,236,41,16,0.831142787,25.718414612,2.910550323,25.340478283,-7.969141188,10.886253866,0
2360.633584738,236,41,9,0.497554120,25.718414612,2.910550323,25.340478283,-7.969141188,10.886253866,0
2361.626701117,237,41,523,26.265119297,25.340478283,-7.969141188,25.340478283,-7.969141188,0.000000000,1
2362.706411123,237,41,517,25.925540106,25.340478283,-7.969141188,25.340478283,-7.969141188,0.000000000,1
2363.782480240,237,41,509,25.543304789,25.340478283,-7.969141188,25.340478283,-7.969141188,0.000000000,1
2364.548990965,238,41,14,0.782787528,25.857272646,1.555647654,25.340478283,-7.969141188,9.538798609,0
2365.577308178,238,41,8,0.482787523,25.857272646,1.555647654,25.340478283,-7.969141188,9.538798609,0
2365.912108183,239,41,497,24.939528908,25.340478283,-7.969141188,25.340478283,-7.969141188,0.000000000,1
2366.926215887,239,41,489,24.556773165,25.340478283,-7.969141188,25.340478283,-7.969141188,0.000000000,1
2367.780837059,239,41,483,24.245832418,25.340478283,-7.969141188,25.340478283,-7.969141188,0.000000000,1
2368.803028345,239,41,477,23.939069959,25.340478283,-7.969141188,25.340478283,-7.969141188,0.000000000,1
2369.537521124,240,41,12,0.669457658,26.024460225,-0.079969205,25.340478283,-7.969141188,7.918766689,0
2370.560374260,240,41,6,0.369457654,26.024460225,-0.079969205,25.340478283,-7.969141188,7.918766689,0
2370.717372656,241,41,463,23.261602475,25.340478283,-7.969141188,25.340478283,-7.969141188,0.000000000,1
2371.740555286,241,41,457,22.937023456,25.340478283,-7.969141188,25.340478283,-7.969141188,0.000000000,1
2372.799125671,241,41,447,22.452125528,25.340478283,-7.969141188,25.340478283,-7.969141188,0.000000000,1
2373.819758177,241,41,441,22.139878304,25.340478283,-7.969141188,25.340478283,-7.969141188,0.000000000,1
2374.424211025,242,41,14,0.740367406,26.360794458,-1.719666495,25.340478283,-7.969141188,6.332217545,0
2375.402999878,243,41,431,21.634387893,25.340478283,-7.969141188,25.340478283,-7.969141188,0.000000000,1
2376.422426939,243,41,425,21.321003657,25.340478283,-7.969141188,25.340478283,-7.969141188,0.000000000,1
2377.442594528,243,41,417,20.911952921,25.340478283,-7.969141188,25.340478283,-7.969141188,0.000000000,1
2378.469110250,243,41,408,20.499420373,25.340478283,-7.969141188,25.340478283,-7.969141188,0.000000000,1
2379.829437733,243,41,399,20.060105613,25.340478283,-7.969141188,25.340478283,-7.969141188,0.000000000,1
2380.849611998,243,41,394,19.781667944,25.340478283,-7.969141188,25.340478283,-7.969141188,0.000000000,1
2381.477988243,244,41,15,0.804114858,27.133019728,-4.106526483,25.340478283,-7.969141188,4.258285711,0
2382.493341208,244,41,8,0.486247978,27.133019728,-4.106526483,25.340478283,-7.969141188,4.258285711,0
2382.567619801,245,41,382,19.180039197,25.340478283,-7.969141188,25.340478283,-7.969141188,0.000000000,1
2383.594340801,245,41,375,18.859916602,25.340478283,-7.969141188,25.340478283,-7.969141188,0.000000000,1
2384.898067236,245,41,363,18.257148286,25.340478283,-7.969141188,25.340478283,-7.969141188,0.000000000,1
2385.920768261,245,41,359,18.030345981,25.340478283,-7.969141188,25.340478283,-7.969141188,0.000000000,1
2386.950918674,245,41,351,17.612016856,25.340478283,-7.969141188,25.340478283,-7.969141188,0.000000000,1
2387.597705364,246,41,15,0.841123751,29.090320502,-4.662099484,25.340478283,-7.969141188,4.999784146,0
2388.747387171,246,41,9,0.541123747,29.090320502,-4.662099484,25.340478283,-7.969141188,4.999784146,0
2389.629670382,247,41,339,17.034799281,25.340478283,-7.969141188,25.340478283,-7.969141188,0.000000000,1
2390.647372723,247,41,333,16.744802811,25.340478283,-7.969141188,25.340478283,-7.969141188,0.000000000,1
2391.842038393,247,41,325,16.335143661,25.340478283,-7.969141188,25.340478283,-7.969141188,0.000000000,1
2392.856043339,247,41,319,16.044851404,25.340478283,-7.969141188,25.340478283,-7.969141188,0.000000000,1
2393.867427349,247,41,309,15.536104040,25.340478283,-7.969141188,25.340478283,-7.969141188,0.000000000,1
2394.614989996,248,41,13,0.704814526,31.122315162,-4.981671175,25.340478283,-7.969141188,6.508042315,0
2395.852501869,248,41,9,0.510784639,31.122315162,-4.981671175,25.340478283,-7.969141188,6.508042315,0
2396.796446562,249,41,297,14.934454947,25.340478283,-7.969141188,25.340478283,-7.969141188,0.000000000,1
2397.807345629,249,41,291,14.613944958,25.340478283,-7.969141188,25.340478283,-7.969141188,0.000000000,1
2398.867472410,249,41,282,14.198066406,25.340478283,-7.969141188,25.340478283,-7.969141188,0.000000000,1
2399.897422075,249,41,278,13.979206352,25.340478283,-7.969141188,25.340478283,-7.969141188,0.000000000,1
2400.462280512,250,41,14,0.739016729,32.559267322,-5.396334500,25.340478283,-7.969141188,7.663566366,0
2401.037679911,250,41,10,0.516764627,32.559267322,-5.396334500,25.340478283,-7.969141188,7.663566366,0
2401.774159431,251,41,268,13.469164740,25.340478283,-7.969141188,25.340478283,-7.969141188,0.000000000,1
2402.802784204,251,41,262,13.166832859,25.340478283,-7.969141188,25.340478283,-7.969141188,0.000000000,1
2403.956662893,251,41,253,12.755472160,25.340478283,-7.969141188,25.340478283,-7.969141188,0.000000000,1
2404.401266813,252,41,14,0.747536041,33.579529150,-5.686236419,25.340478283,-7.969141188,8.549480298,0
2405.785502434,252,41,8,0.428692361,33.579529150,-5.686236419,25.340478283,-7.969141188,8.549480298,0
2406.476581097,253,41,247,12.442512865,25.340478283,-7.969141188,25.340478283,-7.969141188,0.000000000,1
2407.760918379,253,41,239,12.047258122,25.340478283,-7.969141188,25.340478283,-7.969141188,0.000000000,1
2408.788630962,253,41,230,11.590870420,25.340478283,-7.969141188,25.340478283,-7.969141188,0.000000000,1
2409.420035362,254,41,15,0.793594066,34.696072746,-6.329874276,25.340478283,-7.969141188,9.498123170,0
2410.428690434,254,41,8,0.436085736,34.696072746,-6.329874276,25.340478283,-7.969141188,9.498123170,0
2410.605032682,255,41,219,11.073336121,25.340478283,-7.969141188,25.340478283,-7.969141188,0.000000000,1
2411.745893955,255,41,212,10.673970398,25.340478283,-7.969141188,25.340478283,-7.969141188,0.000000000,1
2412.540941715,256,41,14,0.769367797,34.809979829,-7.035072958,25.340478283,-7.969141188,9.515458107,0
2413.557505369,256,41,8,0.442804401,34.809979829,-7.035072958,25.340478283,-7.969141188,9.515458107,0
2413.817758799,257,41,206,10.388686674,25.340478283,-7.969141188,25.340478283,-7.969141188,0.000000000,1
2414.875291586,257,41,201,10.157272958,25.340478283,-7.969141188,25.340478283,-7.969141188,0.000000000,1
2415.898694992,257,41,196,9.865164180,25.340478283,-7.969141188,25.340478283,-7.969141188,0.000000000,1
2416.551084042,258,41,14,0.807480983,34.149289512,-7.571925993,25.340478283,-7.969141188,8.817762481,0
2417.843615770,258,41,8,0.582537410,34.149289512,-7.571925993,25.340478283,-7.969141188,8.817762481,0
2418.582894802,259,41,185,9.352796811,25.340478283,-7.969141188,25.340478283,-7.969141188,0.000000000,1
2419.596327066,259,41,181,9.144488423,25.340478283,-7.969141188,25.340478283,-7.969141188,0.000000000,1
2420.974598408,259,41,171,8.644359494,25.340478283,-7.969141188,25.340478283,-7.969141188,0.000000000,1
2421.494991779,260,41,13,0.734146129,33.055974213,-7.621519819,25.340478283,-7.969141188,7.723322993,0
2422.814527988,260,41,7,0.434146125,33.055974213,-7.621519819,25.340478283,-7.969141188,7.723322993,0
2423.044338703,261,41,165,8.342369402,25.340478283,-7.969141188,25.340478283,-7.969141188,0.000000000,1
2424.064061642,261,41,161,8.144469514,25.340478283,-7.969141188,25.340478283,-7.969141188,0.000000000,1
2424.967269897,261,41,153,7.744814450,25.340478283,-7.969141188,25.340478283,-7.969141188,0.000000000,1
2425.475446701,262,41,13,0.734921276,32.155275849,-7.622060372,25.340478283,-7.969141188,6.823630335,0
2426.498477221,262,41,9,0.534921273,32.155275849,-7.622060372,25.340478283,-7.969141188,6.823630335,0
2426.936677694,262,41,7,0.434921271,32.155275849,-7.622060372,25.340478283,-7.969141188,6.823630335,0
2427.618142128,263,41,147,7.444017579,25.340478283,-7.969141188,25.340478283,-7.969141188,0.000000000,1
2428.629840374,263,41,141,7.144222693,25.340478283,-7.969141188,25.340478283,-7.969141188,0.000000000,1
2429.855952740,263,41,131,6.643506497,25.340478283,-7.969141188,25.340478283,-7.969141188,0.000000000,1
2430.378285170,264,41,13,0.733612071,31.056585037,-7.622060754,25.340478283,-7.969141188,5.726634373,0
2430.974620581,264,41,9,0.533612069,31.056585037,-7.622060754,25.340478283,-7.969141188,5.726634373,0
2431.988398314,264,41,7,0.433612067,31.056585037,-7.622060754,25.340478283,-7.969141188,5.726634373,0
2432.255186319,265,41,123,6.244209475,25.340478283,-7.969141188,25.340478283,-7.969141188,0.000000000,1
2433.265281677,265,41,119,6.043618973,25.340478283,-7.969141188,25.340478283,-7.969141188,0.000000000,1
2434.284288883,265,41,111,5.641687532,25.340478283,-7.969141188,25.340478283,-7.969141188,0.000000000,1
2434.946631908,265,41,107,5.441806281,25.340478283,-7.969141188,25.340478283,-7.969141188,0.000000000,1
2435.972916842,265,41,103,5.244120717,25.340478283,-7.969141188,25.340478283,-7.969141188,0.000000000,1
2436.704234123,266,41,12,0.684225474,29.505971610,-7.622060372,25.340478283,-7.969141188,4.179928199,0
2438.014140368,266,41,6,0.384327164,29.505971610,-7.622060372,25.340478283,-7.969141188,4.179928199,0
2438.097147942,267,41,93,4.747208743,25.340478283,-7.969141188,25.340478283,-7.969141188,0.000000000,1
2439.093255520,267,41,89,4.548543075,25.340478283,-7.969141188,25.340478283,-7.969141188,0.000000000,1
2440.115139723,267,41,81,4.157606401,25.340478283,-7.969141188,25.340478283,-7.969141188,0.000000000,1
2441.134902239,267,41,73,3.751567843,25.340478283,-7.969141188,25.340478283,-7.969141188,0.000000000,1
2441.847330570,267,41,70,3.562923852,25.340478283,-7.969141188,25.340478283,-7.969141188,0.000000000,1
2442.872081995,267,41,64,3.267261195,25.340478283,-7.969141188,25.340478283,-7.969141188,0.000000000,1
2443.581667900,268,41,12,0.657046533,27.533251473,-7.621743206,25.340478283,-7.969141188,2.220121533,0
2444.908167601,268,41,6,0.357046528,27.533251473,-7.621743206,25.340478283,-7.969141188,2.220121533,0
2444.984505177,269,41,54,2.765860598,25.340478283,-7.969141188,25.340478283,-7.969141188,0.000000000,1
2446.003526688,269,41,49,2.555377476,25.340478283,-7.969141188,25.340478283,-7.969141188,0.000000000,1
2446.892017365,269,41,44,2.269220935,25.340478283,-7.969141188,25.340478283,-7.969141188,0.000000000,1
2447.913918734,269,41,38,1.972253972,25.340478283,-7.969141188,25.340478283,-7.969141188,0.000000000,1
2448.948698997,269,41,30,1.573259166,25.340478283,-7.969141188,25.340478283,-7.969141188,0.000000000,1
2449.975714922,269,41,24,1.272476955,25.340478283,-7.969141188,25.340478283,-7.969141188,0.000000000,1
2450.990838766,269,41,20,1.069311780,25.340478283,-7.969141188,25.340478283,-7.969141188,0.000000000,1
2452.029319286,269,41,18,0.969080955,25.340478283,-7.969141188,25.340478283,-7.969141188,0.000000000,1
2453.055652857,269,41,15,0.813630307,25.340478283,-7.969141188,25.340478283,-7.969141188,0.000000000,1
2454.073330641,269,41,11,0.652539809,25.340478283,-7.969141188,25.340478283,-7.969141188,0.000000000,1
2455.106853247,269,41,9,0.541527467,25.340478283,-7.969141188,25.340478283,-7.969141188,0.000000000,1
2456.118062258,269,41,7,0.441940556,25.340478283,-7.969141188,25.340478283,-7.969141188,0.000000000,1
2466.986266375,270,42,841,42.134476557,11.440297742,7.628297075,11.440297742,7.628297075,0.000000000,1
2467.824506283,270,42,841,42.134476557,11.440297742,7.628297075,11.440297742,7.628297075,0.000000000,1
2468.857117891,270,42,839,42.022127049,11.440297742,7.628297075,11.440297742,7.628297075,0.000000000,1
2469.889257431,270,42,836,41.893504993,11.440297742,7.628297075,11.440297742,7.628297075,0.000000000,1
2470.898207188,270,42,839,42.029988165,11.440297742,7.628297075,11.440297742,7.628297075,0.000000000,1
2471.937199116,270,42,840,42.080125087,11.440297742,7.628297075,11.440297742,7.628297075,0.000000000,1
2472.976119041,270,42,839,42.029775899,11.440297742,7.628297075,11.440297742,7.628297075,0.000000000,1
2473.997854233,270,42,836,41.867206384,11.440297742,7.628297075,11.440297742,7.628297075,0.000000000,1
2475.014396191,270,42,830,41.597074017,11.440297742,7.628297075,11.440297742,7.628297075,0.000000000,1
2476.040985346,270,42,824,41.283545722,11.440297742,7.628297075,11.440297742,7.628297075,0.000000000,1
2477.061013937,270,42,820,41.073017927,11.440297742,7.628297075,11.440297742,7.628297075,0.000000000,1
2477.956994534,270,42,816,40.896322302,11.440297742,7.628297075,11.440297742,7.628297075,0.000000000,1
2478.951968193,270,42,810,40.590697184,11.440297742,7.628297075,11.440297742,7.628297075,0.000000000,1
2479.500692129,271,42,14,0.792647431,27.903472426,-7.593987468,11.440297742,7.628297075,22.422178025,0
2480.524242640,271,42,7,0.430687543,27.903472426,-7.593987468,11.440297742,7.628297075,22.422178025,0
2480.631120443,272,42,800,40.071699923,11.440297742,7.628297075,11.440297742,7.628297075,0.000000000,1
2482.037394762,272,42,792,39.673999790,11.440297742,7.628297075,11.440297742,7.628297075,0.000000000,1
2483.060265541,272,42,787,39.414674184,11.440297742,7.628297075,11.440297742,7.628297075,0.000000000,1
2483.477320433,273,42,14,0.752542125,28.942840117,-7.621704678,11.440297742,7.628297075,23.214253015,0
2484.478635788,274,42,779,39.018210937,11.440297742,7.628297075,11.440297742,7.628297075,0.000000000,1
2485.496589661,274,42,776,38.873621870,11.440297742,7.628297075,11.440297742,7.628297075,0.000000000,1
2485.922673702,274,42,772,38.673502630,11.440297742,7.628297075,11.440297742,7.628297075,0.000000000,1
2486.959516525,274,42,767,38.417560707,11.440297742,7.628297075,11.440297742,7.628297075,0.000000000,1
2487.978989124,274,42,759,38.014585433,11.440297742,7.628297075,11.440297742,7.628297075,0.000000000,1
2488.455904007,275,42,12,0.652453623,30.342751637,-7.621704678,11.440297742,7.628297075,24.287143033,0
2489.410327911,276,42,751,37.618325243,11.440297742,7.628297075,11.440297742,7.628297075,0.000000000,1
2490.426879168,276,42,747,37.418106074,11.440297742,7.628297075,11.440297742,7.628297075,0.000000000,1
2491.455498934,276,42,740,37.075801084,11.440297742,7.628297075,11.440297742,7.628297075,0.000000000,1
2491.870979309,276,42,736,36.875932530,11.440297742,7.628297075,11.440297742,7.628297075,0.000000000,1
2492.898852348,276,42,729,36.538669251,11.440297742,7.628297075,11.440297742,7.628297075,0.000000000,1
2493.450040340,277,42,12,0.676531993,31.866830029,-7.621703152,11.440297742,7.628297075,25.491287300,0
2494.754507065,277,42,6,0.376531988,31.866830029,-7.621703152,11.440297742,7.628297075,25.491287300,0
2495.074859381,278,42,719,36.048464920,11.440297742,7.628297075,11.440297742,7.628297075,0.000000000,1
2496.088030100,278,42,715,35.859457259,11.440297742,7.628297075,11.440297742,7.628297075,0.000000000,1
2496.931090832,278,42,711,35.625194013,11.440297742,7.628297075,11.440297742,7.628297075,0.000000000,1
2497.424093962,279,42,14,0.763064587,32.753362635,-7.621703152,11.440297742,7.628297075,26.207045657,0
2498.012005568,279,42,10,0.563064584,32.753362635,-7.621703152,11.440297742,7.628297075,26.207045657,0
2499.054361582,279,42,8,0.463064582,32.753362635,-7.621703152,11.440297742,7.628297075,26.207045657,0
2500.111272573,280,42,703,35.227182574,11.440297742,7.628297075,11.440297742,7.628297075,0.000000000,1
2501.074164391,280,42,700,35.062300256,11.440297742,7.628297075,11.440297742,7.628297075,0.000000000,1
2501.975402594,280,42,692,34.662683266,11.440297742,7.628297075,11.440297742,7.628297075,0.000000000,1
2502.547602415,281,42,13,0.701674626,33.691808116,-7.621552068,11.440297742,7.628297075,26.975685585,0
2503.795920372,281,42,7,0.401674622,33.691808116,-7.621552068,11.440297742,7.628297075,26.975685585,0
2504.407855272,282,42,684,34.273527483,11.440297742,7.628297075,11.440297742,7.628297075,0.000000000,1
2505.437446594,282,42,681,34.155280319,11.440297742,7.628297075,11.440297742,7.628297075,0.000000000,1
2506.477180958,282,42,671,33.636881003,11.440297742,7.628297075,11.440297742,7.628297075,0.000000000,1
2507.496710777,282,42,666,33.387666950,11.440297742,7.628297075,11.440297742,7.628297075,0.000000000,1
2507.915759087,282,42,663,33.236234981,11.440297742,7.628297075,11.440297742,7.628297075,0.000000000,1
2508.935271263,282,42,658,32.972574819,11.440297742,7.628297075,11.440297742,7.628297075,0.000000000,1
2509.421879768,283,42,14,0.756184970,34.813860134,-6.640900198,11.440297742,7.628297075,27.384912082,0
2510.432623863,283,42,7,0.402822863,34.813860134,-6.640900198,11.440297742,7.628297075,27.384912082,0
2510.739372015,284,42,647,32.432074464,11.440297742,7.628297075,11.440297742,7.628297075,0.000000000,1
2512.127927065,284,42,644,32.292506258,11.440297742,7.628297075,11.440297742,7.628297075,0.000000000,1
2513.146832228,284,42,635,31.841131538,11.440297742,7.628297075,11.440297742,7.628297075,0.000000000,1
2513.498707056,285,42,17,0.805558257,34.065594213,-6.072767027,11.440297742,7.628297075,26.450391262,0
2514.505524397,285,42,11,0.589796711,34.065594213,-6.072767027,11.440297742,7.628297075,26.450391262,0
2515.378382683,286,42,626,31.363851384,11.440297742,7.628297075,11.440297742,7.628297075,0.000000000,1
2516.815966368,286,42,620,31.067632305,11.440297742,7.628297075,11.440297742,7.628297075,0.000000000,1
2517.850559473,286,42,613,30.730051116,11.440297742,7.628297075,11.440297742,7.628297075,0.000000000,1
2518.395339966,287,42,15,0.832796875,32.962435627,-5.469306324,11.440297742,7.628297075,25.194238110,0
2518.962178946,287,42,9,0.506468765,32.962435627,-5.469306324,11.440297742,7.628297075,25.194238110,0
2519.998395681,288,42,603,30.215553285,11.440297742,7.628297075,11.440297742,7.628297075,0.000000000,1
2521.018136501,288,42,597,29.928443195,11.440297742,7.628297075,11.440297742,7.628297075,0.000000000,1
2521.775994539,288,42,594,29.778718109,11.440297742,7.628297075,11.440297742,7.628297075,0.000000000,1
2522.802390337,288,42,586,29.396866335,11.440297742,7.628297075,11.440297742,7.628297075,0.000000000,1
2523.483098269,289,42,14,0.783039478,31.657999224,-5.295721657,11.440297742,7.628297075,23.995535280,0
2524.494657040,289,42,6,0.383039472,31.657999224,-5.295721657,11.440297742,7.628297075,23.995535280,0
2524.607566118,290,42,574,28.780655558,11.440297742,7.628297075,11.440297742,7.628297075,0.000000000,1
2525.619670630,290,42,567,28.452036001,11.440297742,7.628297075,11.440297742,7.628297075,0.000000000,1
2526.926131725,290,42,560,28.081479536,11.440297742,7.628297075,11.440297742,7.628297075,0.000000000,1
2527.951140165,290,42,554,27.772194666,11.440297742,7.628297075,11.440297742,7.628297075,0.000000000,1
2528.441214323,291,42,12,0.661947161,30.132517023,-5.200167304,11.440297742,7.628297075,22.670874707,0
2529.430421591,292,42,545,27.259875875,11.440297742,7.628297075,11.440297742,7.628297075,0.000000000,1
2530.457727194,292,42,540,26.977055723,11.440297742,7.628297075,11.440297742,7.628297075,0.000000000,1
2531.878404379,292,42,529,26.457104650,11.440297742,7.628297075,11.440297742,7.628297075,0.000000000,1
2532.905182838,292,42,525,26.255359281,11.440297742,7.628297075,11.440297742,7.628297075,0.000000000,1
2533.469969034,293,42,13,0.721934735,28.584990074,-4.762110903,11.440297742,7.628297075,21.153313807,0
2534.471690655,293,42,7,0.421934730,28.584990074,-4.762110903,11.440297742,7.628297075,21.153313807,0
2534.687343359,294,42,515,25.765038734,11.440297742,7.628297075,11.440297742,7.628297075,0.000000000,1
2535.713243723,294,42,508,25.374949079,11.440297742,7.628297075,11.440297742,7.628297075,0.000000000,1
2536.854837418,294,42,499,24.934035570,11.440297742,7.628297075,11.440297742,7.628297075,0.000000000,1
2537.884037256,294,42,494,24.693026838,11.440297742,7.628297075,11.440297742,7.628297075,0.000000000,1
2538.417202234,295,42,14,0.722939706,27.328117903,-4.126899352,11.440297742,7.628297075,19.763791957,0
2539.007825851,295,42,12,0.679515524,27.328117903,-4.126899352,11.440297742,7.628297075,19.763791957,0
2539.570346832,296,42,490,24.510161026,11.440297742,7.628297075,11.440297742,7.628297075,0.000000000,1
2540.572505474,296,42,486,24.289775875,11.440297742,7.628297075,11.440297742,7.628297075,0.000000000,1
2541.598634720,296,42,485,24.271994482,11.440297742,7.628297075,11.440297742,7.628297075,0.000000000,1
2542.940889835,296,42,474,23.700038609,11.440297742,7.628297075,11.440297742,7.628297075,0.000000000,1
2543.374343157,297,42,14,0.773423174,27.159402305,-3.355989736,11.440297742,7.628297075,19.176673460,0
2543.951356649,297,42,12,0.648087674,27.159402305,-3.355989736,11.440297742,7.628297075,19.176673460,0
2544.978168726,297,42,11,0.589992589,27.159402305,-3.355989736,11.440297742,7.628297075,19.176673460,0
2545.448339224,298,42,467,23.339604835,11.440297742,7.628297075,11.440297742,7.628297075,0.000000000,1
2546.474428892,298,42,462,23.074431993,11.440297742,7.628297075,11.440297742,7.628297075,0.000000000,1
2547.905103683,298,42,451,22.559942464,11.440297742,7.628297075,11.440297742,7.628297075,0.000000000,1
2548.910969734,298,42,446,22.296550122,11.440297742,7.628297075,11.440297742,7.628297075,0.000000000,1
2549.465073824,299,42,16,0.852766746,27.115414267,-1.770612210,11.440297742,7.628297075,18.277001226,0
2550.028999090,299,42,8,0.460489907,27.115414267,-1.770612210,11.440297742,7.628297075,18.277001226,0
2550.788800716,300,42,436,21.789901852,11.440297742,7.628297075,11.440297742,7.628297075,0.000000000,1
2551.855846405,300,42,430,21.486894188,11.440297742,7.628297075,11.440297742,7.628297075,0.000000000,1
2552.434912682,301,42,15,0.795036485,27.014667411,-0.971350742,11.440297742,7.628297075,17.790866566,0
2553.455607891,301,42,9,0.495036480,27.014667411,-0.971350742,11.440297742,7.628297075,17.790866566,0
2553.699214935,302,42,421,21.039654873,11.440297742,7.628297075,11.440297742,7.628297075,0.000000000,1
2554.716006041,302,42,414,20.718626772,11.440297742,7.628297075,11.440297742,7.628297075,0.000000000,1
2555.694182634,302,42,406,20.307021967,11.440297742,7.628297075,11.440297742,7.628297075,0.000000000,1
2556.735236645,302,42,398,19.904797876,11.440297742,7.628297075,11.440297742,7.628297075,0.000000000,1
2557.522481680,303,42,15,0.807455760,26.798203174,0.726146842,11.440297742,7.628297075,16.837604851,0
2558.514492035,303,42,7,0.407455754,26.798203174,0.726146842,11.440297742,7.628297075,16.837604851,0
2558.597565651,304,42,387,19.356455120,11.440297742,7.628297075,11.440297742,7.628297075,0.000000000,1
2559.620653391,304,42,381,19.047759335,11.440297742,7.628297075,11.440297742,7.628297075,0.000000000,1
2560.871881962,304,42,371,18.570886178,11.440297742,7.628297075,11.440297742,7.628297075,0.000000000,1
2561.910338163,304,42,365,18.241565229,11.440297742,7.628297075,11.440297742,7.628297075,0.000000000,1
2562.536555290,305,42,13,0.706006123,26.368213189,2.318149089,11.440297742,7.628297075,15.844252308,0
2563.349000692,306,42,354,17.695425052,11.440297742,7.628297075,11.440297742,7.628297075,0.000000000,1
2564.366914272,306,42,348,17.399891838,11.440297742,7.628297075,11.440297742,7.628297075,0.000000000,1
2565.418957233,306,42,340,17.002695552,11.440297742,7.628297075,11.440297742,7.628297075,0.000000000,1
2565.938038111,306,42,334,16.710214483,11.440297742,7.628297075,11.440297742,7.628297075,0.000000000,1
2566.964061260,306,42,330,16.493415876,11.440297742,7.628297075,11.440297742,7.628297075,0.000000000,1
2567.439474583,307,42,14,0.775261111,25.455913258,3.795236128,11.440297742,7.628297075,14.530307447,0
2568.451006174,307,42,7,0.412072434,25.455913258,3.795236128,11.440297742,7.628297075,14.530307447,0
2568.593383789,308,42,319,15.974549424,11.440297742,7.628297075,11.440297742,7.628297075,0.000000000,1
2569.715319395,308,42,313,15.676141487,11.440297742,7.628297075,11.440297742,7.628297075,0.000000000,1
2570.744271278,308,42,308,15.405324250,11.440297742,7.628297075,11.440297742,7.628297075,0.000000000,1
2571.550819159,309,42,14,0.721616055,24.379454501,4.282682730,11.440297742,7.628297075,13.364689034,0
2572.564890146,310,42,295,14.736298666,11.440297742,7.628297075,11.440297742,7.628297075,0.000000000,1
2573.879650116,310,42,286,14.281343579,11.440297742,7.628297075,11.440297742,7.628297075,0.000000000,1
2574.401716709,311,42,14,0.757484455,23.656902000,4.627413875,11.440297742,7.628297075,12.579774226,0
2574.870975971,311,42,10,0.563642214,23.656902000,4.627413875,11.440297742,7.628297075,12.579774226,0
2575.905684233,312,42,279,13.968195460,11.440297742,7.628297075,11.440297742,7.628297075,0.000000000,1
2576.760348320,312,42,275,13.738978943,11.440297742,7.628297075,11.440297742,7.628297075,0.000000000,1
2577.334653378,313,42,14,0.734886933,23.061272109,4.877917419,11.440297742,7.628297075,11.942011283,0
2577.791553259,313,42,11,0.598475754,23.061272109,4.877917419,11.440297742,7.628297075,11.942011283,0
2578.825200319,313,42,8,0.472887136,23.061272109,4.877917419,11.440297742,7.628297075,11.942011283,0
2578.974409103,314,42,266,13.303153167,11.440297742,7.628297075,11.440297742,7.628297075,0.000000000,1
2579.689080477,314,42,264,13.203936531,11.440297742,7.628297075,11.440297742,7.628297075,0.000000000,1
2580.716811180,314,42,260,12.989949309,11.440297742,7.628297075,11.440297742,7.628297075,0.000000000,1
2581.473267555,315,42,14,0.754150338,22.140477417,5.262846319,11.440297742,7.628297075,10.958521906,0
2582.346310616,316,42,246,12.302074015,11.440297742,7.628297075,11.440297742,7.628297075,0.000000000,1
2583.352419615,316,42,240,11.993477716,11.440297742,7.628297075,11.440297742,7.628297075,0.000000000,1
2584.395315409,316,42,232,11.601486104,11.440297742,7.628297075,11.440297742,7.628297075,0.000000000,1
2585.430077791,316,42,227,11.352067675,11.440297742,7.628297075,11.440297742,7.628297075,0.000000000,1
2586.430046082,316,42,212,10.596303130,11.440297742,7.628297075,11.440297742,7.628297075,0.000000000,1
2587.450673580,316,42,205,10.245191127,11.440297742,7.628297075,11.440297742,7.628297075,0.000000000,1
2588.465150833,316,42,196,9.791394947,11.440297742,7.628297075,11.440297742,7.628297075,0.000000000,1
2589.500174284,316,42,186,9.318957584,11.440297742,7.628297075,11.440297742,7.628297075,0.000000000,1
2590.834746838,316,42,174,8.685709550,11.440297742,7.628297075,11.440297742,7.628297075,0.000000000,1
2591.853230000,316,42,166,8.286746181,11.440297742,7.628297075,11.440297742,7.628297075,0.000000000,1
2592.417872667,317,42,13,0.706140147,18.585602924,7.066243694,11.440297742,7.628297075,7.167376796,0
2593.139989853,318,42,158,7.886746258,11.440297742,7.628297075,11.440297742,7.628297075,0.000000000,1
2593.869832039,318,42,154,7.686746258,11.440297742,7.628297075,11.440297742,7.628297075,0.000000000,1
2594.896624565,318,42,148,7.382524507,11.440297742,7.628297075,11.440297742,7.628297075,0.000000000,1
2595.453604937,319,42,14,0.751919567,17.639823491,7.066245220,11.440297742,7.628297075,6.224951549,0
2596.359993219,320,42,138,6.886746257,11.440297742,7.628297075,11.440297742,7.628297075,0.000000000,1
2597.358274460,320,42,132,6.582524509,11.440297742,7.628297075,11.440297742,7.628297075,0.000000000,1
2598.387897253,320,42,124,6.182524524,11.440297742,7.628297075,11.440297742,7.628297075,0.000000000,1
2599.424700260,320,42,116,5.781827453,11.440297742,7.628297075,11.440297742,7.628297075,0.000000000,1
2600.462142467,320,42,108,5.381827460,11.440297742,7.628297075,11.440297742,7.628297075,0.000000000,1
2600.790013075,320,42,102,5.086102659,11.440297742,7.628297075,11.440297742,7.628297075,0.000000000,1
2601.822828531,320,42,96,4.781828321,11.440297742,7.628297075,11.440297742,7.628297075,0.000000000,1
2602.373079777,321,42,13,0.701222255,14.990520778,7.066249798,11.440297742,7.628297075,3.594437472,0
2602.842729807,321,42,9,0.501222252,14.990520778,7.066249798,11.440297742,7.628297075,3.594437472,0
2603.523013592,322,42,86,4.286104559,11.440297742,7.628297075,11.440297742,7.628297075,0.000000000,1
2604.539509058,322,42,80,3.981828449,11.440297742,7.628297075,11.440297742,7.628297075,0.000000000,1
2605.859291553,322,42,69,3.431971834,11.440297742,7.628297075,11.440297742,7.628297075,0.000000000,1
2606.889926672,322,42,60,3.003587037,11.440297742,7.628297075,11.440297742,7.628297075,0.000000000,1
2607.462504387,323,42,14,0.773123728,13.218780029,7.061397503,11.440297742,7.628297075,1.866647896,0
2608.518360138,324,42,50,2.527254422,11.440297742,7.628297075,11.440297742,7.628297075,0.000000000,1
2619.434783936,,,668,33.480293713,25.441904003,7.515232668,nan,nan,nan,0
2629.563171864,325,44,668,33.480293713,25.441904003,7.515232668,25.441904003,7.515232668,0.000000000,1
2630.332548380,325,44,664,33.280295122,25.441904003,7.515232668,25.441904003,7.515232668,0.000000000,1
2630.847517252,325,44,662,33.168940887,25.441904003,7.515232668,25.441904003,7.515232668,0.000000000,1
2631.875550032,325,44,656,32.880294345,25.441904003,7.515232668,25.441904003,7.515232668,0.000000000,1
2632.487871170,326,44,13,0.718164073,14.510067903,7.065232661,25.441904003,7.515232668,10.941094120,0
2633.493904352,326,44,7,0.418164069,14.510067903,7.065232661,25.441904003,7.515232668,10.941094120,0
2633.680283785,327,44,646,32.368948002,25.441904003,7.515232668,25.441904003,7.515232668,0.000000000,1
2634.940639734,327,44,640,32.080302208,25.441904003,7.515232668,25.441904003,7.515232668,0.000000000,1
2635.425694466,328,44,13,0.718173228,15.210077068,7.065232661,25.441904003,7.515232668,10.241717748,0
2635.874752998,328,44,9,0.518173225,15.210077068,7.065232661,25.441904003,7.515232668,10.241717748,0
2636.900542736,328,44,7,0.418173224,15.210077068,7.065232661,25.441904003,7.515232668,10.241717748,0
2637.053992271,329,44,632,31.680310560,25.441904003,7.515232668,25.441904003,7.515232668,0.000000000,1
2638.067280531,329,44,628,31.480314624,25.441904003,7.515232668,25.441904003,7.515232668,0.000000000,1
2638.774059772,329,44,624,31.280320096,25.441904003,7.515232668,25.441904003,7.515232668,0.000000000,1
2639.815181494,329,44,618,30.968978324,25.441904003,7.515232668,25.441904003,7.515232668,0.000000000,1
2640.436462402,330,44,13,0.706845103,16.398748961,7.065232661,25.441904003,7.515232668,9.054344433,0
2640.882301807,330,44,11,0.606845102,16.398748961,7.065232661,25.441904003,7.515232668,9.054344433,0
2641.913788319,330,44,7,0.406845099,16.398748961,7.065232661,25.441904003,7.515232668,9.054344433,0
2642.083699226,331,44,610,30.568999605,25.441904003,7.515232668,25.441904003,7.515232668,0.000000000,1
2642.751717091,331,44,608,30.480358373,25.441904003,7.515232668,25.441904003,7.515232668,0.000000000,1
2643.450221777,332,44,12,0.668228159,16.860132025,7.065232661,25.441904003,7.515232668,8.593562142,0
2644.469086170,332,44,6,0.368228155,16.860132025,7.065232661,25.441904003,7.515232668,8.593562142,0
2644.689550161,333,44,600,30.080391555,25.441904003,7.515232668,25.441904003,7.515232668,0.000000000,1
2645.696101189,333,44,594,29.769075304,25.441904003,7.515232668,25.441904003,7.515232668,0.000000000,1
2646.726938009,333,44,588,29.480478371,25.441904003,7.515232668,25.441904003,7.515232668,0.000000000,1
2647.891066551,333,44,580,29.080576834,25.441904003,7.515232668,25.441904003,7.515232668,0.000000000,1
2648.381598711,334,44,13,0.718444835,18.210348720,7.065232661,25.441904003,7.515232668,7.245542894,0
2648.850175619,334,44,11,0.618444833,18.210348720,7.065232661,25.441904003,7.515232668,7.245542894,0
2649.877598524,334,44,9,0.518444832,18.210348720,7.065232661,25.441904003,7.515232668,7.245542894,0
2650.417415619,335,44,574,28.769379228,25.441904003,7.515232668,25.441904003,7.515232668,0.000000000,1
2650.885353565,335,44,572,28.680729639,25.441904003,7.515232668,25.441904003,7.515232668,0.000000000,1
2651.908237696,335,44,568,28.480836455,25.441904003,7.515232668,25.441904003,7.515232668,0.000000000,1
2652.567180157,336,44,12,0.668707285,18.960611182,7.065232661,25.441904003,7.515232668,6.496895923,0
2653.691141129,336,44,6,0.368707281,18.960611182,7.065232661,25.441904003,7.515232668,6.496895923,0
2653.865529537,337,44,558,28.006235661,25.441904003,7.515232668,25.441904003,7.515232668,0.000000000,1
2654.868832588,337,44,554,27.806431974,25.441904003,7.515232668,25.441904003,7.515232668,0.000000000,1
2655.890660763,337,44,548,27.471825989,25.441904003,7.515232668,25.441904003,7.515232668,0.000000000,1
2656.910965919,337,44,543,27.227386773,25.441904003,7.515232668,25.441904003,7.515232668,0.000000000,1
2657.946911812,337,44,539,27.043792439,25.441904003,7.515232668,25.441904003,7.515232668,0.000000000,1
2658.846119404,337,44,538,26.994793275,25.441904003,7.515232668,25.441904003,7.515232668,0.000000000,1
2659.873101234,337,44,538,26.994793275,25.441904003,7.515232668,25.441904003,7.515232668,0.000000000,1
2660.887591839,337,44,533,26.713048169,25.441904003,7.515232668,25.441904003,7.515232668,0.000000000,1
2661.497328281,338,44,13,0.687484573,20.710821779,6.839979362,25.441904003,7.515232668,4.779027729,0
2662.246089935,339,44,521,26.150170724,25.441904003,7.515232668,25.441904003,7.515232668,0.000000000,1
2663.260528326,339,44,515,25.847884928,25.441904003,7.515232668,25.441904003,7.515232668,0.000000000,1
2663.799366474,339,44,513,25.732435646,25.441904003,7.515232668,25.441904003,7.515232668,0.000000000,1
2664.796473742,339,44,505,25.350312818,25.441904003,7.515232668,25.441904003,7.515232668,0.000000000,1
2665.459637403,340,44,14,0.713800334,21.392972058,5.657121068,25.441904003,7.515232668,4.454933065,0
2666.177099466,341,44,495,24.753073713,25.441904003,7.515232668,25.441904003,7.515232668,0.000000000,1
2667.198019028,341,44,487,24.373481658,25.441904003,7.515232668,25.441904003,7.515232668,0.000000000,1
2667.750724316,341,44,483,24.142760054,25.441904003,7.515232668,25.441904003,7.515232668,0.000000000,1
2668.785225391,341,44,477,23.824140759,25.441904003,7.515232668,25.441904003,7.515232668,0.000000000,1
2669.556765795,342,44,12,0.652725267,22.844796641,5.464342717,25.441904003,7.515232668,3.309247080,0
2670.358978987,343,44,465,23.224142692,25.441904003,7.515232668,25.441904003,7.515232668,0.000000000,1
2671.377801657,343,44,459,22.924539131,25.441904003,7.515232668,25.441904003,7.515232668,0.000000000,1
2671.893584728,343,44,455,22.728749097,25.441904003,7.515232668,25.441904003,7.515232668,0.000000000,1
2672.912417173,343,44,449,22.428463530,25.441904003,7.515232668,25.441904003,7.515232668,0.000000000,1
2673.406398296,344,44,13,0.714406060,24.198995880,5.451772526,25.441904003,7.515232668,2.408876991,0
2673.873801708,344,44,9,0.514406057,24.198995880,5.451772526,25.441904003,7.515232668,2.408876991,0
2674.648309946,345,44,439,21.932553081,25.441904003,7.515232668,25.441904003,7.515232668,0.000000000,1
2675.767900944,345,44,431,21.532476522,25.441904003,7.515232668,25.441904003,7.515232668,0.000000000,1
2676.455052137,346,44,13,0.731680066,25.002361981,5.434443119,25.441904003,7.515232668,2.126706923,0
2677.383197308,347,44,423,21.133144814,25.441904003,7.515232668,25.441904003,7.515232668,0.000000000,1
2678.376421452,347,44,417,20.832701042,25.441904003,7.515232668,25.441904003,7.515232668,0.000000000,1
2679.408580303,347,44,406,20.319886040,25.441904003,7.515232668,25.441904003,7.515232668,0.000000000,1
2680.422529459,347,44,398,19.919886034,25.441904003,7.515232668,25.441904003,7.515232668,0.000000000,1
2681.446177244,347,44,390,19.519886035,25.441904003,7.515232668,25.441904003,7.515232668,0.000000000,1
2682.480823994,347,44,382,19.119886860,25.441904003,7.515232668,25.441904003,7.515232668,0.000000000,1
2683.711205721,347,44,370,18.519889822,25.441904003,7.515232668,25.441904003,7.515232668,0.000000000,1
2684.687511444,347,44,365,18.224470149,25.441904003,7.515232668,25.441904003,7.515232668,0.000000000,1
2685.385427952,348,44,13,0.703054820,28.395126314,5.364405276,25.441904003,7.515232668,3.653434068,0
2685.848071337,348,44,9,0.503054817,28.395126314,5.364405276,25.441904003,7.515232668,3.653434068,0
2686.466882706,349,44,354,17.719898707,25.441904003,7.515232668,25.441904003,7.515232668,0.000000000,1
2687.473787546,349,44,349,17.424482241,25.441904003,7.515232668,25.441904003,7.515232668,0.000000000,1
2688.667792082,349,44,338,16.920585298,25.441904003,7.515232668,25.441904003,7.515232668,0.000000000,1
2689.692673206,349,44,330,16.520598697,25.441904003,7.515232668,25.441904003,7.515232668,0.000000000,1
2690.423952818,350,44,12,0.698513804,30.090755229,5.363632542,25.441904003,7.515232668,5.122616599,0
2690.874615669,350,44,8,0.498513801,30.090755229,5.363632542,25.441904003,7.515232668,5.122616599,0
2691.527954817,351,44,321,16.025211238,25.441904003,7.515232668,25.441904003,7.515232668,0.000000000,1
2692.519198418,351,44,314,15.720662730,25.441904003,7.515232668,25.441904003,7.515232668,0.000000000,1
2693.690461874,351,44,305,15.225309045,25.441904003,7.515232668,25.441904003,7.515232668,0.000000000,1
2694.705975771,351,44,297,14.825398732,25.441904003,7.515232668,25.441904003,7.515232668,0.000000000,1
2695.558452606,352,44,12,0.653314219,31.845555670,5.363632542,25.441904003,7.515232668,6.755452448,0
2696.225896835,353,44,285,14.225632785,25.441904003,7.515232668,25.441904003,7.515232668,0.000000000,1
2697.249261856,353,44,279,13.926556860,25.441904003,7.515232668,25.441904003,7.515232668,0.000000000,1
2697.765192509,353,44,275,13.726724316,25.441904003,7.515232668,25.441904003,7.515232668,0.000000000,1
2698.792403698,353,44,267,13.327222152,25.441904003,7.515232668,25.441904003,7.515232668,0.000000000,1
2699.572354794,354,44,14,0.755136121,33.347377592,5.363620335,25.441904003,7.515232668,8.193042676,0
2700.627864122,354,44,6,0.355136115,33.347377592,5.363620335,25.441904003,7.515232668,8.193042676,0
2700.908196688,355,44,255,12.728770115,25.441904003,7.515232668,25.441904003,7.515232668,0.000000000,1
2701.918656111,355,44,251,12.529704844,25.441904003,7.515232668,25.441904003,7.515232668,0.000000000,1
2702.679860830,355,44,244,12.219888191,25.441904003,7.515232668,25.441904003,7.515232668,0.000000000,1
2703.664342165,355,44,237,11.825269798,25.441904003,7.515232668,25.441904003,7.515232668,0.000000000,1
2704.478302717,356,44,13,0.654273123,34.750801685,5.629716836,25.441904003,7.515232668,9.497933776,0
2705.116453648,357,44,226,11.302823603,25.441904003,7.515232668,25.441904003,7.515232668,0.000000000,1
2706.115446329,357,44,219,10.949211581,25.441904003,7.515232668,25.441904003,7.515232668,0.000000000,1
2706.951143742,357,44,214,10.695764068,25.441904003,7.515232668,25.441904003,7.515232668,0.000000000,1
2707.401270151,358,44,14,0.761298775,34.850083977,6.563577633,25.441904003,7.515232668,9.456188330,0
2707.860195160,358,44,12,0.665465219,34.850083977,6.563577633,25.441904003,7.515232668,9.456188330,0
2708.888104439,358,44,10,0.572240672,34.850083977,6.563577633,25.441904003,7.515232668,9.456188330,0
2710.034153461,359,44,206,10.295716380,25.441904003,7.515232668,25.441904003,7.515232668,0.000000000,1
2711.037106037,359,44,201,10.072686333,25.441904003,7.515232668,25.441904003,7.515232668,0.000000000,1
2711.769358873,359,44,195,9.757775698,25.441904003,7.515232668,25.441904003,7.515232668,0.000000000,1
2712.794171572,359,44,190,9.503006228,25.441904003,7.515232668,25.441904003,7.515232668,0.000000000,1
2713.567076445,360,44,15,0.805086674,33.567469822,6.938779054,25.441904003,7.515232668,8.145987887,0
2714.813941002,360,44,7,0.434691357,33.567469822,6.938779054,25.441904003,7.515232668,8.145987887,0
2715.294799089,361,44,178,8.910144028,25.441904003,7.515232668,25.441904003,7.515232668,0.000000000,1
2716.299061537,361,44,172,8.610134269,25.441904003,7.515232668,25.441904003,7.515232668,0.000000000,1
2716.801705360,361,44,168,8.410125915,25.441904003,7.515232668,25.441904003,7.515232668,0.000000000,1
2717.831325293,361,44,162,8.110110850,25.441904003,7.515232668,25.441904003,7.515232668,0.000000000,1
2718.462674141,362,44,12,0.687374888,32.305036942,6.962890993,25.441904003,7.515232668,6.885323163,0
2719.031488419,362,44,8,0.487374885,32.305036942,6.962890993,25.441904003,7.515232668,6.885323163,0
2719.589708805,363,44,152,7.610074937,25.441904003,7.515232668,25.441904003,7.515232668,0.000000000,1
2720.611125946,363,44,146,7.310044558,25.441904003,7.515232668,25.441904003,7.515232668,0.000000000,1
2721.870717049,363,44,136,6.809971789,25.441904003,7.515232668,25.441904003,7.515232668,0.000000000,1
2722.389343262,364,44,12,0.687234507,31.105177305,6.962890993,25.441904003,7.515232668,5.690144622,0
2722.858059883,364,44,10,0.587234506,31.105177305,6.962890993,25.441904003,7.515232668,5.690144622,0
2724.032388687,365,44,130,6.510528605,25.441904003,7.515232668,25.441904003,7.515232668,0.000000000,1
2725.029021263,365,44,124,6.210446726,25.441904003,7.515232668,25.441904003,7.515232668,0.000000000,1
2725.876552582,365,44,118,5.910340101,25.441904003,7.515232668,25.441904003,7.515232668,0.000000000,1
2726.411984205,366,44,12,0.686984263,30.205597962,6.962195896,25.441904003,7.515232668,4.795688668,0
2726.893191099,366,44,10,0.586984262,30.205597962,6.962195896,25.441904003,7.515232668,4.795688668,0
2727.924285173,366,44,6,0.386984259,30.205597962,6.962195896,25.441904003,7.515232668,4.795688668,0
2728.066887856,367,44,110,5.509659630,25.441904003,7.515232668,25.441904003,7.515232668,0.000000000,1
2728.934132814,367,44,106,5.309531549,25.441904003,7.515232668,25.441904003,7.515232668,0.000000000,1
2729.594300985,368,44,12,0.686175547,29.506406667,6.962195896,25.441904003,7.515232668,4.101954605,0
2730.844169617,368,44,8,0.486175544,29.506406667,6.962195896,25.441904003,7.515232668,4.101954605,0
2731.475405455,369,44,96,4.809089212,25.441904003,7.515232668,25.441904003,7.515232668,0.000000000,1
2732.754338264,369,44,88,4.408553550,25.441904003,7.515232668,25.441904003,7.515232668,0.000000000,1
2733.778858185,369,44,82,4.107998047,25.441904003,7.515232668,25.441904003,7.515232668,0.000000000,1
2734.483203173,370,44,11,0.634640512,28.257941683,6.962194370,25.441904003,7.515232668,2.869829189,0
2734.949291229,370,44,7,0.434640509,28.257941683,6.962194370,25.441904003,7.515232668,2.869829189,0
2735.436331749,371,44,72,3.609529382,25.441904003,7.515232668,25.441904003,7.515232668,0.000000000,1
2736.773842573,371,44,63,3.127392073,25.441904003,7.515232668,25.441904003,7.515232668,0.000000000,1
2737.807863712,371,44,57,2.826647960,25.441904003,7.515232668,25.441904003,7.515232668,0.000000000,1
2738.502796650,372,44,14,0.777741338,26.963923109,6.884507296,25.441904003,7.515232668,1.647530471,0
2739.817496538,372,44,6,0.377741332,26.963923109,6.884507296,25.441904003,7.515232668,1.647530471,0
