ROS isolation: domain=42, localhost_only=1


==============================
Method : MapEx
Map    : Hospital
Record : yes
Run ID : hpx_005
Python : /usr/bin/python3
MapEx  : /home/com1/MapEx
LaMa   : /work/conda-envs/lama/bin/python
Weights: /work/com1/mapex_weights/weights/lama_ensemble
Device : cpu
Launch : mapex_lab/launch/slam.launch.py
Headless: True
RViz    : True
==============================


Dang cho /map, Nav2 lifecycle active va /clock on dinh...
[INFO] [launch]: All log files can be found below /home/com1/.ros/log/2026-10-02-14-43-12-987026-com1-4245
[INFO] [launch]: Default logging verbosity is set to INFO
[INFO] [launch.user]: Simulation world: hospital; path=/work/com1/turtlebot4_project_mx029/mapex_lab/map/hospital_aws_flat.sdf; spawn=(0.0, 12.0, -1.57)
[INFO] [xacro-1]: process started with pid [4265]
[INFO] [parameter_bridge-2]: process started with pid [4266]
[INFO] [image_bridge-3]: process started with pid [4267]
[INFO] [image_bridge-4]: process started with pid [4268]
[INFO] [create-5]: process started with pid [4269]
[INFO] [robot_state_publisher-6]: process started with pid [4270]
[INFO] [rviz2-7]: process started with pid [4271]
[robot_state_publisher-6] [WARN] [1790926993.259951590] [rcl]: ROS_LOCALHOST_ONLY is deprecated but still honored if it is enabled. Use ROS_AUTOMATIC_DISCOVERY_RANGE and ROS_STATIC_PEERS instead.
[robot_state_publisher-6] [WARN] [1790926993.259963447] [rcl]: 'localhost_only' is enabled, 'automatic_discovery_range' and 'static_peers' will be ignored.
[create-5] [WARN] [1790926993.266801012] [rcl]: ROS_LOCALHOST_ONLY is deprecated but still honored if it is enabled. Use ROS_AUTOMATIC_DISCOVERY_RANGE and ROS_STATIC_PEERS instead.
[create-5] [WARN] [1790926993.266813155] [rcl]: 'localhost_only' is enabled, 'automatic_discovery_range' and 'static_peers' will be ignored.
[create-5] [INFO] [1790926993.280723579] [ros_gz_sim]: Requesting list of world names.
[robot_state_publisher-6] [WARN] [1790926993.286943768] [kdl_parser]: The root link base_link has an inertia specified in the URDF, but KDL does not support a root link with an inertia.  As a workaround, you can add an extra dummy link to your URDF.
[robot_state_publisher-6] [INFO] [1790926993.287080610] [robot_state_publisher]: Robot initialized
[image_bridge-4] [WARN] [1790926993.288175706] [rcl]: ROS_LOCALHOST_ONLY is deprecated but still honored if it is enabled. Use ROS_AUTOMATIC_DISCOVERY_RANGE and ROS_STATIC_PEERS instead.
[image_bridge-4] [WARN] [1790926993.288186141] [rcl]: 'localhost_only' is enabled, 'automatic_discovery_range' and 'static_peers' will be ignored.
[image_bridge-3] [WARN] [1790926993.290080946] [rcl]: ROS_LOCALHOST_ONLY is deprecated but still honored if it is enabled. Use ROS_AUTOMATIC_DISCOVERY_RANGE and ROS_STATIC_PEERS instead.
[image_bridge-3] [WARN] [1790926993.290097829] [rcl]: 'localhost_only' is enabled, 'automatic_discovery_range' and 'static_peers' will be ignored.
[parameter_bridge-2] [WARN] [1790926993.293250541] [rcl]: ROS_LOCALHOST_ONLY is deprecated but still honored if it is enabled. Use ROS_AUTOMATIC_DISCOVERY_RANGE and ROS_STATIC_PEERS instead.
[parameter_bridge-2] [WARN] [1790926993.293262173] [rcl]: 'localhost_only' is enabled, 'automatic_discovery_range' and 'static_peers' will be ignored.
[INFO] [xacro-1]: process has finished cleanly [pid 4265]
[INFO] [gz-8]: process started with pid [4374]
[rviz2-7] [WARN] [1790926993.369896372] [rcl]: ROS_LOCALHOST_ONLY is deprecated but still honored if it is enabled. Use ROS_AUTOMATIC_DISCOVERY_RANGE and ROS_STATIC_PEERS instead.
[rviz2-7] [WARN] [1790926993.369910497] [rcl]: 'localhost_only' is enabled, 'automatic_discovery_range' and 'static_peers' will be ignored.
[rviz2-7] [INFO] [1790926993.531890704] [rviz2]: Stereo is NOT SUPPORTED
[rviz2-7] [INFO] [1790926993.531999662] [rviz2]: OpenGl version: 4.6 (GLSL 4.6)
[rviz2-7] [INFO] [1790926993.547663583] [rviz2]: Stereo is NOT SUPPORTED
[rviz2-7] [INFO] [1790926993.611926930] [rviz2]: Subscribing to: /frontier/frontier_points
[rviz2-7] 
[rviz2-7] [INFO] [1790926993.612439531] [rviz2]: Subscribing to: /map_cloud
[rviz2-7] 
[rviz2-7] [INFO] [1790926993.612779631] [rviz2]: Subscribing to: /map_cloud
[rviz2-7] 
[rviz2-7] [INFO] [1790926993.613036278] [rviz2]: Subscribing to: /map_cloud
[rviz2-7] 
[rviz2-7] [INFO] [1790926993.626093649] [rviz2]: Subscribing to: /frontier/frontier_points
[rviz2-7] 
[rviz2-7] [INFO] [1790926993.626399090] [rviz2]: Subscribing to: /map_cloud
[rviz2-7] 
[gz-8] [1;32m[Msg] [0m[1;32mGazebo Sim Server v[0m[1;32m8.11.0[0m[1;32m[0m
[gz-8] [1;32m[Msg] [0m[1;32mLoading SDF world file[[0m[1;32m/tmp/nav2_kxs6gpp3.sdf[0m[1;32m].[0m
[gz-8] [1;32m[Msg] [0m[1;32mServing entity system service on [[0m[1;32m/[0m[1;32mentity/system/add[0m[1;32m][0m[1;32m[0m
[gz-8] [1;36m[Dbg] [Physics.cc:906] [0m[1;36mLoaded [[0m[1;36mgz::physics::dartsim::Plugin[0m[1;36m] from library [[0m[1;36m/opt/ros/jazzy/opt/gz_physics_vendor/lib/gz-physics-7/engine-plugins/libgz-physics-dartsim-plugin.so[0m[1;36m][0m[1;36m[0m
[gz-8] [1;36m[Dbg] [SystemManager.cc:80] [0m[1;36mLoaded system [[0m[1;36mgz::sim::systems::Physics[0m[1;36m] for entity [[0m[1;36m1[0m[1;36m][0m[1;36m[0m
[gz-8] [1;32m[Msg] [0m[1;32mCreate[0m[1;32m service on [[0m[1;32m/world/hospital_flat_world/create_multiple[0m[1;32m] (async)[0m[1;32m[0m
[gz-8] [1;32m[Msg] [0m[1;32mCreate[0m[1;32m service on [[0m[1;32m/world/hospital_flat_world/create_multiple/blocking[0m[1;32m] (blocking)[0m[1;32m[0m
[gz-8] [1;32m[Msg] [0m[1;32mRemove[0m[1;32m service on [[0m[1;32m/world/hospital_flat_world/remove[0m[1;32m] (async)[0m[1;32m[0m
[gz-8] [1;32m[Msg] [0m[1;32mRemove[0m[1;32m service on [[0m[1;32m/world/hospital_flat_world/remove/blocking[0m[1;32m] (blocking)[0m[1;32m[0m
[gz-8] [1;32m[Msg] [0m[1;32mPose[0m[1;32m service on [[0m[1;32m/world/hospital_flat_world/set_pose[0m[1;32m] (async)[0m[1;32m[0m
[gz-8] [1;32m[Msg] [0m[1;32mPose[0m[1;32m service on [[0m[1;32m/world/hospital_flat_world/set_pose/blocking[0m[1;32m] (blocking)[0m[1;32m[0m
[gz-8] [1;32m[Msg] [0m[1;32mPose[0m[1;32m service on [[0m[1;32m/world/hospital_flat_world/set_pose_vector[0m[1;32m] (async)[0m[1;32m[0m
[gz-8] [1;32m[Msg] [0m[1;32mPose[0m[1;32m service on [[0m[1;32m/world/hospital_flat_world/set_pose_vector/blocking[0m[1;32m] (blocking)[0m[1;32m[0m
[gz-8] [1;32m[Msg] [0m[1;32mLight configuration[0m[1;32m service on [[0m[1;32m/world/hospital_flat_world/light_config[0m[1;32m] (async)[0m[1;32m[0m
[gz-8] [1;32m[Msg] [0m[1;32mLight configuration[0m[1;32m service on [[0m[1;32m/world/hospital_flat_world/light_config/blocking[0m[1;32m] (blocking)[0m[1;32m[0m
[gz-8] [1;32m[Msg] [0m[1;32mPhysics[0m[1;32m service on [[0m[1;32m/world/hospital_flat_world/set_physics[0m[1;32m] (async)[0m[1;32m[0m
[gz-8] [1;32m[Msg] [0m[1;32mPhysics[0m[1;32m service on [[0m[1;32m/world/hospital_flat_world/set_physics/blocking[0m[1;32m] (blocking)[0m[1;32m[0m
[gz-8] [1;32m[Msg] [0m[1;32mSphericalCoordinates[0m[1;32m service on [[0m[1;32m/world/hospital_flat_world/set_spherical_coordinates[0m[1;32m] (async)[0m[1;32m[0m
[gz-8] [1;32m[Msg] [0m[1;32mSphericalCoordinates[0m[1;32m service on [[0m[1;32m/world/hospital_flat_world/set_spherical_coordinates/blocking[0m[1;32m] (blocking)[0m[1;32m[0m
[gz-8] [1;32m[Msg] [0m[1;32mEnable collision[0m[1;32m service on [[0m[1;32m/world/hospital_flat_world/enable_collision[0m[1;32m] (async)[0m[1;32m[0m
[gz-8] [1;32m[Msg] [0m[1;32mEnable collision[0m[1;32m service on [[0m[1;32m/world/hospital_flat_world/enable_collision/blocking[0m[1;32m] (blocking)[0m[1;32m[0m
[gz-8] [1;32m[Msg] [0m[1;32mDisable collision[0m[1;32m service on [[0m[1;32m/world/hospital_flat_world/disable_collision[0m[1;32m] (async)[0m[1;32m[0m
[gz-8] [1;32m[Msg] [0m[1;32mDisable collision[0m[1;32m service on [[0m[1;32m/world/hospital_flat_world/disable_collision/blocking[0m[1;32m] (blocking)[0m[1;32m[0m
[gz-8] [1;32m[Msg] [0m[1;32mMaterial[0m[1;32m service on [[0m[1;32m/world/hospital_flat_world/visual_config[0m[1;32m] (async)[0m[1;32m[0m
[gz-8] [1;32m[Msg] [0m[1;32mMaterial[0m[1;32m service on [[0m[1;32m/world/hospital_flat_world/visual_config/blocking[0m[1;32m] (blocking)[0m[1;32m[0m
[gz-8] [1;32m[Msg] [0m[1;32mMaterial[0m[1;32m service on [[0m[1;32m/world/hospital_flat_world/wheel_slip[0m[1;32m] (async)[0m[1;32m[0m
[gz-8] [1;32m[Msg] [0m[1;32mMaterial[0m[1;32m service on [[0m[1;32m/world/hospital_flat_world/wheel_slip/blocking[0m[1;32m] (blocking)[0m[1;32m[0m
[create-5] [INFO] [1790926993.892027029] [ros_gz_sim]: Waiting messages on topic [robot_description].
[create-5] [INFO] [1790926993.903575396] [ros_gz_sim]: Entity creation successful.
[INFO] [create-5]: process has finished cleanly [pid 4269]
[parameter_bridge-2] [INFO] [1790926994.305353957] [bridge_ros_gz]: Creating GZ->ROS Bridge: [/clock (gz.msgs.Clock) -> clock (rosgraph_msgs/msg/Clock)] (Lazy 0)
[parameter_bridge-2] [INFO] [1790926994.306663189] [bridge_ros_gz]: Creating GZ->ROS Bridge: [joint_states (gz.msgs.Model) -> joint_states (sensor_msgs/msg/JointState)] (Lazy 0)
[parameter_bridge-2] [INFO] [1790926994.308452614] [bridge_ros_gz]: Creating GZ->ROS Bridge: [/odom (gz.msgs.Odometry) -> odom (nav_msgs/msg/Odometry)] (Lazy 0)
[parameter_bridge-2] [INFO] [1790926994.309472245] [bridge_ros_gz]: Creating GZ->ROS Bridge: [/tf (gz.msgs.Pose_V) -> tf (tf2_msgs/msg/TFMessage)] (Lazy 0)
[parameter_bridge-2] [INFO] [1790926994.310849748] [bridge_ros_gz]: Creating GZ->ROS Bridge: [/imu (gz.msgs.IMU) -> imu (sensor_msgs/msg/Imu)] (Lazy 0)
[parameter_bridge-2] [INFO] [1790926994.311227924] [bridge_ros_gz]: Creating GZ->ROS Bridge: [/scan (gz.msgs.LaserScan) -> scan (sensor_msgs/msg/LaserScan)] (Lazy 0)
[parameter_bridge-2] [INFO] [1790926994.311573673] [bridge_ros_gz]: Creating ROS->GZ Bridge: [cmd_vel (geometry_msgs/msg/Twist) -> /cmd_vel (gz.msgs.Twist)] (Lazy 0)
[parameter_bridge-2] [INFO] [1790926994.312607813] [bridge_ros_gz]: Creating GZ->ROS Bridge: [/rgbd_camera/camera_info (gz.msgs.CameraInfo) -> /rgbd_camera/camera_info (sensor_msgs/msg/CameraInfo)] (Lazy 0)
[gz-8] [1;36m[Dbg] [SystemManager.cc:80] [0m[1;36mLoaded system [[0m[1;36mgz::sim::systems::UserCommands[0m[1;36m] for entity [[0m[1;36m1[0m[1;36m][0m[1;36m[0m
[gz-8] [1;36m[Dbg] [SystemManager.cc:80] [0m[1;36mLoaded system [[0m[1;36mgz::sim::systems::SceneBroadcaster[0m[1;36m] for entity [[0m[1;36m1[0m[1;36m][0m[1;36m[0m
[gz-8] [1;36m[Dbg] [Sensors.cc:697] [0m[1;36mConfiguring Sensors system[0m[1;36m[0m
[gz-8] [1;36m[Dbg] [Sensors.cc:557] [0m[1;36mSensorsPrivate::Run[0m[1;36m[0m
[gz-8] [1;36m[Dbg] [SystemManager.cc:80] [0m[1;36mLoaded system [[0m[1;36mgz::sim::systems::Sensors[0m[1;36m] for entity [[0m[1;36m1[0m[1;36m][0m[1;36m[0m
[gz-8] [1;36m[Dbg] [Sensors.cc:532] [0m[1;36mSensorsPrivate::RenderThread started[0m[1;36m[0m
[gz-8] [1;36m[Dbg] [Sensors.cc:337] [0m[1;36mWaiting for init[0m[1;36m[0m
[gz-8] [1;36m[Dbg] [SystemManager.cc:80] [0m[1;36mLoaded system [[0m[1;36mgz::sim::systems::Imu[0m[1;36m] for entity [[0m[1;36m1[0m[1;36m][0m[1;36m[0m
[gz-8] [1;32m[Msg] [0m[1;32mLoaded level [[0m[1;32mdefault[0m[1;32m][0m[1;32m[0m
[gz-8] [1;32m[Msg] [0m[1;32mServing world controls on [[0m[1;32m/world/hospital_flat_world[0m[1;32m/control], [[0m[1;32m/world/hospital_flat_world[0m[1;32m/control/state] and [[0m[1;32m/world/hospital_flat_world[0m[1;32m/playback/control][0m[1;32m[0m
[gz-8] [1;32m[Msg] [0m[1;32mServing GUI information on [[0m[1;32m/world/hospital_flat_world[0m[1;32m/[0m[1;32mgui/info[0m[1;32m][0m[1;32m[0m
[gz-8] [1;32m[Msg] [0m[1;32mWorld [[0m[1;32mhospital_flat_world[0m[1;32m] initialized with [[0m[1;32mhospital_realtime[0m[1;32m] physics profile.[0m[1;32m[0m
[gz-8] [1;32m[Msg] [0m[1;32mServing world SDF generation service on [[0m[1;32m/world/hospital_flat_world[0m[1;32m/[0m[1;32mgenerate_world_sdf[0m[1;32m][0m[1;32m[0m
[gz-8] [1;32m[Msg] [0m[1;32mServing world names on [[0m[1;32m/gazebo/worlds[0m[1;32m][0m[1;32m[0m
[gz-8] [1;32m[Msg] [0m[1;32mResource path add service on [[0m[1;32m/gazebo/resource_paths/add[0m[1;32m].[0m[1;32m[0m
[gz-8] [1;32m[Msg] [0m[1;32mResource path get service on [[0m[1;32m/gazebo/resource_paths/get[0m[1;32m].[0m[1;32m[0m
[gz-8] [1;32m[Msg] [0m[1;32mResource path resolve service on [[0m[1;32m/gazebo/resource_paths/resolve[0m[1;32m].[0m[1;32m[0m
[gz-8] [1;32m[Msg] [0m[1;32mResource paths published on [[0m[1;32m/gazebo/resource_paths[0m[1;32m].[0m[1;32m[0m
[gz-8] [1;32m[Msg] [0m[1;32mServer control service on [[0m[1;32m/server_control[0m[1;32m].[0m[1;32m[0m
[gz-8] [1;32m[Msg] [0m[1;32mFound no publishers on /stats, adding root stats topic[0m[1;32m[0m
[gz-8] [1;32m[Msg] [0m[1;32mFound no publishers on /clock, adding root clock topic[0m[1;32m[0m
[gz-8] [1;36m[Dbg] [SimulationRunner.cc:551] [0m[1;36mCreating PostUpdate worker threads: [0m[1;36m4[0m[1;36m[0m
[gz-8] [1;36m[Dbg] [SimulationRunner.cc:562] [0m[1;36mCreating postupdate worker thread ([0m[1;36m0[0m[1;36m)[0m[1;36m[0m
[gz-8] [1;36m[Dbg] [SimulationRunner.cc:562] [0m[1;36mCreating postupdate worker thread ([0m[1;36m1[0m[1;36m)[0m[1;36m[0m
[gz-8] [1;36m[Dbg] [SimulationRunner.cc:562] [0m[1;36mCreating postupdate worker thread ([0m[1;36m2[0m[1;36m)[0m[1;36m[0m
[gz-8] [1;33mWarning [Utils.cc:132][0m [/sdf/model[@name="turtlebot4"]/link[@name="rplidar_link"]/sensor[@name="rplidar"]/gz_frame_id:<urdf-string>:L0]: XML Element[gz_frame_id], child of element[sensor], not defined in SDF. Copying[gz_frame_id] as children of [sensor].
[gz-8] [1;33m[Wrn] [SdfEntityCreator.cc:933] [0m[1;33mGazebo does not support Ogre material scripts. See [0m[1;33mhttps://gazebosim.org/api/sim/8/migrationsdf.html#:~:text=Materials [0m[1;33mfor details.[0m[1;33m[0m
[gz-8] [1;33m[Wrn] [SdfEntityCreator.cc:949] [0m[1;33mUsing an internal gazebo.material to parse [0m[1;33mGazebo/DarkGrey[0m[1;33m[0m
[gz-8] [1;33m[Wrn] [SdfEntityCreator.cc:933] [0m[1;33mGazebo does not support Ogre material scripts. See [0m[1;33mhttps://gazebosim.org/api/sim/8/migrationsdf.html#:~:text=Materials [0m[1;33mfor details.[0m[1;33m[0m
[gz-8] [1;33m[Wrn] [SdfEntityCreator.cc:949] [0m[1;33mUsing an internal gazebo.material to parse [0m[1;33mGazebo/DarkGrey[0m[1;33m[0m
[gz-8] [1;33m[Wrn] [SdfEntityCreator.cc:933] [0m[1;33mGazebo does not support Ogre material scripts. See [0m[1;33mhttps://gazebosim.org/api/sim/8/migrationsdf.html#:~:text=Materials [0m[1;33mfor details.[0m[1;33m[0m
[gz-8] [1;33m[Wrn] [SdfEntityCreator.cc:949] [0m[1;33mUsing an internal gazebo.material to parse [0m[1;33mGazebo/DarkGrey[0m[1;33m[0m
[gz-8] [1;33m[Wrn] [ColladaLoader.cc:1993] [0m[1;33mUnable to add material[[0m[1;33m][0m
[gz-8] [1;33m[Wrn] [ColladaLoader.cc:1993] [0m[1;33mUnable to add material[[0m[1;33m][0m
[gz-8] [1;33m[Wrn] [ColladaLoader.cc:1993] [0m[1;33mUnable to add material[[0m[1;33m][0m
[gz-8] [1;33m[Wrn] [ColladaLoader.cc:1993] [0m[1;33mUnable to add material[[0m[1;33m][0m
[gz-8] [1;33m[Wrn] [ColladaLoader.cc:1993] [0m[1;33mUnable to add material[[0m[1;33m][0m
[gz-8] [1;33m[Wrn] [ColladaLoader.cc:1993] [0m[1;33mUnable to add material[[0m[1;33m][0m
[gz-8] [1;33m[Wrn] [ColladaLoader.cc:1993] [0m[1;33mUnable to add material[[0m[1;33m][0m
[gz-8] [1;32m[Msg] [0m[1;32mDiffDrive subscribing to twist messages on [[0m[1;32m/cmd_vel[0m[1;32m][0m[1;32m[0m
[gz-8] [1;36m[Dbg] [SystemManager.cc:80] [0m[1;36mLoaded system [[0m[1;36mgz::sim::systems::DiffDrive[0m[1;36m] for entity [[0m[1;36m26[0m[1;36m][0m[1;36m[0m
[gz-8] [1;36m[Dbg] [SystemManager.cc:80] [0m[1;36mLoaded system [[0m[1;36mgz::sim::systems::JointStatePublisher[0m[1;36m] for entity [[0m[1;36m26[0m[1;36m][0m[1;36m[0m
[gz-8] [1;36m[Dbg] [UserCommands.cc:1094] [0m[1;36mCreated entity [[0m[1;36m26[0m[1;36m] named [[0m[1;36mturtlebot4[0m[1;36m][0m[1;36m[0m
[gz-8] [1;36m[Dbg] [SDFFeatures.cc:332] [0m[1;36mMesh construction from an SDF has not been implemented yet for [0m[1;36mdartsim. Use AttachMeshShapeFeature to use mesh shapes.[0m
[gz-8] [1;36m[Dbg] [SDFFeatures.cc:864] [0m[1;36mThe geometry element of collision [[0m[1;36mcollision[0m[1;36m] [0m[1;36mcouldn't be created[0m
[gz-8] [1;36m[Dbg] [SDFFeatures.cc:332] [0m[1;36mMesh construction from an SDF has not been implemented yet for [0m[1;36mdartsim. Use AttachMeshShapeFeature to use mesh shapes.[0m
[gz-8] [1;36m[Dbg] [SDFFeatures.cc:864] [0m[1;36mThe geometry element of collision [[0m[1;36mcollision[0m[1;36m] [0m[1;36mcouldn't be created[0m
[gz-8] [1;36m[Dbg] [SDFFeatures.cc:332] [0m[1;36mMesh construction from an SDF has not been implemented yet for [0m[1;36mdartsim. Use AttachMeshShapeFeature to use mesh shapes.[0m
[gz-8] [1;36m[Dbg] [SDFFeatures.cc:864] [0m[1;36mThe geometry element of collision [[0m[1;36mbase_link_fixed_joint_lump__bumper_collision_1[0m[1;36m] [0m[1;36mcouldn't be created[0m
[gz-8] [1;36m[Dbg] [SDFFeatures.cc:332] [0m[1;36mMesh construction from an SDF has not been implemented yet for [0m[1;36mdartsim. Use AttachMeshShapeFeature to use mesh shapes.[0m
[gz-8] [1;36m[Dbg] [SDFFeatures.cc:864] [0m[1;36mThe geometry element of collision [[0m[1;36mbase_link_fixed_joint_lump__shell_collision_collision_2[0m[1;36m] [0m[1;36mcouldn't be created[0m
[gz-8] [1;36m[Dbg] [Sensors.cc:953] [0m[1;36mInitialization needed[0m[1;36m[0m
[gz-8] [1;36m[Dbg] [Sensors.cc:349] [0m[1;36mInitializing render context[0m[1;36m[0m
[gz-8] [1;32m[Msg] [0m[1;32mLoading plugin [[0m[1;32mgz-rendering-ogre2[0m[1;32m][0m[1;32m[0m
[gz-8] [1;36m[Dbg] [ImuSensor.cc:150] [0m[1;36mIMU data for [[0m[1;36mturtlebot4::imu_link::imu[0m[1;36m] advertised on [[0m[1;36mimu[0m[1;36m][0m[1;36m[0m
[gz-8] [1;32m[Msg] [0m[1;32mServing scene information on [[0m[1;32m/world/hospital_flat_world[0m[1;32m/[0m[1;32mscene/info[0m[1;32m][0m[1;32m[0m
[gz-8] [1;32m[Msg] [0m[1;32mServing graph information on [[0m[1;32m/world/hospital_flat_world[0m[1;32m/[0m[1;32mscene/graph[0m[1;32m][0m[1;32m[0m
[gz-8] [1;32m[Msg] [0m[1;32mServing full state on [[0m[1;32m/world/hospital_flat_world[0m[1;32m/[0m[1;32mstate[0m[1;32m][0m[1;32m[0m
[gz-8] [1;32m[Msg] [0m[1;32mServing full state (async) on [[0m[1;32m/world/hospital_flat_world[0m[1;32m/[0m[1;32mstate_async[0m[1;32m][0m[1;32m[0m
[gz-8] [1;32m[Msg] [0m[1;32mPublishing scene information on [[0m[1;32m/world/hospital_flat_world/scene/info[0m[1;32m][0m[1;32m[0m
[gz-8] [1;32m[Msg] [0m[1;32mPublishing entity deletions on [[0m[1;32m/world/hospital_flat_world/scene/deletion[0m[1;32m][0m[1;32m[0m
[gz-8] [1;32m[Msg] [0m[1;32mPublishing state changes on [[0m[1;32m/world/hospital_flat_world/state[0m[1;32m][0m[1;32m[0m
[gz-8] [1;32m[Msg] [0m[1;32mPublishing pose messages on [[0m[1;32m/world/hospital_flat_world[0m[1;32m/[0m[1;32mpose/info[0m[1;32m][0m[1;32m[0m
[gz-8] [1;32m[Msg] [0m[1;32mPublishing dynamic pose messages on [[0m[1;32m/world/hospital_flat_world[0m[1;32m/[0m[1;32mdynamic_pose/info[0m[1;32m][0m[1;32m[0m
[WARN] [1790927003.281710270] [rcl]: ROS_LOCALHOST_ONLY is deprecated but still honored if it is enabled. Use ROS_AUTOMATIC_DISCOVERY_RANGE and ROS_STATIC_PEERS instead.
[WARN] [1790927003.281728192] [rcl]: 'localhost_only' is enabled, 'automatic_discovery_range' and 'static_peers' will be ignored.
[INFO] [async_slam_toolbox_node-9]: process started with pid [4595]
[async_slam_toolbox_node-9] [WARN] [1790927003.442114519] [rcl]: ROS_LOCALHOST_ONLY is deprecated but still honored if it is enabled. Use ROS_AUTOMATIC_DISCOVERY_RANGE and ROS_STATIC_PEERS instead.
[async_slam_toolbox_node-9] [WARN] [1790927003.442125946] [rcl]: 'localhost_only' is enabled, 'automatic_discovery_range' and 'static_peers' will be ignored.
[async_slam_toolbox_node-9] [INFO] [1790927003.459715957] [slam_toolbox]: Node using stack size 40000000
[async_slam_toolbox_node-9] [INFO] [1790927003.661904717] [slam_toolbox]: Configuring
[async_slam_toolbox_node-9] [INFO] [1790927003.662165230] [slam_toolbox]: Old-map sequential matcher: enabled=false, min_conf=0.25, decay=70.0, keep_first=true, keyframe_dist=1.00, history_radius=1.50, history_max=6
[async_slam_toolbox_node-9] [INFO] [1790927003.666982783] [slam_toolbox]: Using solver plugin solver_plugins::CeresSolver
[async_slam_toolbox_node-9] [INFO] [1790927003.667136257] [slam_toolbox]: CeresSolver adaptive anchor V1: enabled=true, weight=5.00->1.00, decay=70.0, local_gap<=5, loop_gap>=30, evidence=3, mahal_sq>=9.00, release=1.00->1.00
[async_slam_toolbox_node-9] [INFO] [1790927003.667277532] [slam_toolbox]: CeresSolver: Using SCHUR_JACOBI preconditioner.
[INFO] [launch.user]: [LifecycleLaunch] Slamtoolbox node is activating.
[async_slam_toolbox_node-9] [INFO] [1790927003.679980871] [slam_toolbox]: Activating
[async_slam_toolbox_node-9] Registering sensor: [Custom Described Lidar]
[rviz2-7] [INFO] [1790927006.711441772] [rviz2]: Trying to create a map of size 193 x 180 using 1 swatches
[rviz2-7] [ERROR] [1790927006.744125839] [rviz2]: rviz/glsl120/indexed_8bit_image.vert
[rviz2-7] rviz/glsl120/indexed_8bit_image.frag
[rviz2-7]  GLSL link result : 
[rviz2-7] active samplers with a different type refer to the same texture image unit
[INFO] [controller_server-10]: process started with pid [4730]
[INFO] [smoother_server-11]: process started with pid [4731]
[INFO] [planner_server-12]: process started with pid [4732]
[INFO] [route_server-13]: process started with pid [4733]
[INFO] [behavior_server-14]: process started with pid [4734]
[INFO] [bt_navigator-15]: process started with pid [4735]
[INFO] [waypoint_follower-16]: process started with pid [4736]
[INFO] [velocity_smoother-17]: process started with pid [4737]
[INFO] [collision_monitor-18]: process started with pid [4738]
[INFO] [opennav_docking-19]: process started with pid [4739]
[INFO] [lifecycle_manager-20]: process started with pid [4740]
[velocity_smoother-17] [WARN] [1790927013.334888943] [rcl]: ROS_LOCALHOST_ONLY is deprecated but still honored if it is enabled. Use ROS_AUTOMATIC_DISCOVERY_RANGE and ROS_STATIC_PEERS instead.
[velocity_smoother-17] [WARN] [1790927013.334903440] [rcl]: 'localhost_only' is enabled, 'automatic_discovery_range' and 'static_peers' will be ignored.
[lifecycle_manager-20] [WARN] [1790927013.337076477] [rcl]: ROS_LOCALHOST_ONLY is deprecated but still honored if it is enabled. Use ROS_AUTOMATIC_DISCOVERY_RANGE and ROS_STATIC_PEERS instead.
[lifecycle_manager-20] [WARN] [1790927013.337097474] [rcl]: 'localhost_only' is enabled, 'automatic_discovery_range' and 'static_peers' will be ignored.
[bt_navigator-15] [WARN] [1790927013.338123502] [rcl]: ROS_LOCALHOST_ONLY is deprecated but still honored if it is enabled. Use ROS_AUTOMATIC_DISCOVERY_RANGE and ROS_STATIC_PEERS instead.
[bt_navigator-15] [WARN] [1790927013.338140898] [rcl]: 'localhost_only' is enabled, 'automatic_discovery_range' and 'static_peers' will be ignored.
[waypoint_follower-16] [WARN] [1790927013.340942661] [rcl]: ROS_LOCALHOST_ONLY is deprecated but still honored if it is enabled. Use ROS_AUTOMATIC_DISCOVERY_RANGE and ROS_STATIC_PEERS instead.
[waypoint_follower-16] [WARN] [1790927013.340959488] [rcl]: 'localhost_only' is enabled, 'automatic_discovery_range' and 'static_peers' will be ignored.
[planner_server-12] [WARN] [1790927013.341306888] [rcl]: ROS_LOCALHOST_ONLY is deprecated but still honored if it is enabled. Use ROS_AUTOMATIC_DISCOVERY_RANGE and ROS_STATIC_PEERS instead.
[planner_server-12] [WARN] [1790927013.341322652] [rcl]: 'localhost_only' is enabled, 'automatic_discovery_range' and 'static_peers' will be ignored.
[behavior_server-14] [WARN] [1790927013.341904980] [rcl]: ROS_LOCALHOST_ONLY is deprecated but still honored if it is enabled. Use ROS_AUTOMATIC_DISCOVERY_RANGE and ROS_STATIC_PEERS instead.
[behavior_server-14] [WARN] [1790927013.341920570] [rcl]: 'localhost_only' is enabled, 'automatic_discovery_range' and 'static_peers' will be ignored.
[collision_monitor-18] [WARN] [1790927013.342138690] [rcl]: ROS_LOCALHOST_ONLY is deprecated but still honored if it is enabled. Use ROS_AUTOMATIC_DISCOVERY_RANGE and ROS_STATIC_PEERS instead.
[collision_monitor-18] [WARN] [1790927013.342149298] [rcl]: 'localhost_only' is enabled, 'automatic_discovery_range' and 'static_peers' will be ignored.
[controller_server-10] [WARN] [1790927013.342456220] [rcl]: ROS_LOCALHOST_ONLY is deprecated but still honored if it is enabled. Use ROS_AUTOMATIC_DISCOVERY_RANGE and ROS_STATIC_PEERS instead.
[controller_server-10] [WARN] [1790927013.342470237] [rcl]: 'localhost_only' is enabled, 'automatic_discovery_range' and 'static_peers' will be ignored.
[route_server-13] [WARN] [1790927013.344627353] [rcl]: ROS_LOCALHOST_ONLY is deprecated but still honored if it is enabled. Use ROS_AUTOMATIC_DISCOVERY_RANGE and ROS_STATIC_PEERS instead.
[route_server-13] [WARN] [1790927013.344651057] [rcl]: 'localhost_only' is enabled, 'automatic_discovery_range' and 'static_peers' will be ignored.
[opennav_docking-19] [WARN] [1790927013.345828815] [rcl]: ROS_LOCALHOST_ONLY is deprecated but still honored if it is enabled. Use ROS_AUTOMATIC_DISCOVERY_RANGE and ROS_STATIC_PEERS instead.
[opennav_docking-19] [WARN] [1790927013.345844801] [rcl]: 'localhost_only' is enabled, 'automatic_discovery_range' and 'static_peers' will be ignored.
[smoother_server-11] [WARN] [1790927013.349182140] [rcl]: ROS_LOCALHOST_ONLY is deprecated but still honored if it is enabled. Use ROS_AUTOMATIC_DISCOVERY_RANGE and ROS_STATIC_PEERS instead.
[smoother_server-11] [WARN] [1790927013.349207835] [rcl]: 'localhost_only' is enabled, 'automatic_discovery_range' and 'static_peers' will be ignored.
[velocity_smoother-17] [INFO] [1790927013.367081561] [velocity_smoother]: 
[velocity_smoother-17] 	velocity_smoother lifecycle node launched. 
[velocity_smoother-17] 	Waiting on external lifecycle transitions to activate
[velocity_smoother-17] 	See https://design.ros2.org/articles/node_lifecycle.html for more information.
[bt_navigator-15] [INFO] [1790927013.374398503] [bt_navigator]: 
[bt_navigator-15] 	bt_navigator lifecycle node launched. 
[bt_navigator-15] 	Waiting on external lifecycle transitions to activate
[bt_navigator-15] 	See https://design.ros2.org/articles/node_lifecycle.html for more information.
[lifecycle_manager-20] [INFO] [1790927013.380796586] [lifecycle_manager_navigation]: Creating
[controller_server-10] [INFO] [1790927013.384350998] [controller_server]: 
[controller_server-10] 	controller_server lifecycle node launched. 
[controller_server-10] 	Waiting on external lifecycle transitions to activate
[controller_server-10] 	See https://design.ros2.org/articles/node_lifecycle.html for more information.
[bt_navigator-15] [INFO] [1790927013.384444187] [bt_navigator]: Creating
[waypoint_follower-16] [INFO] [1790927013.388052817] [waypoint_follower]: 
[waypoint_follower-16] 	waypoint_follower lifecycle node launched. 
[waypoint_follower-16] 	Waiting on external lifecycle transitions to activate
[waypoint_follower-16] 	See https://design.ros2.org/articles/node_lifecycle.html for more information.
[lifecycle_manager-20] [INFO] [1790927013.388199688] [lifecycle_manager_navigation]: [34m[1mCreating and initializing lifecycle service clients[0m[0m
[planner_server-12] [INFO] [1790927013.388935132] [planner_server]: 
[planner_server-12] 	planner_server lifecycle node launched. 
[planner_server-12] 	Waiting on external lifecycle transitions to activate
[planner_server-12] 	See https://design.ros2.org/articles/node_lifecycle.html for more information.
[waypoint_follower-16] [INFO] [1790927013.389462141] [waypoint_follower]: Creating
[opennav_docking-19] [INFO] [1790927013.389683550] [docking_server]: 
[opennav_docking-19] 	docking_server lifecycle node launched. 
[opennav_docking-19] 	Waiting on external lifecycle transitions to activate
[opennav_docking-19] 	See https://design.ros2.org/articles/node_lifecycle.html for more information.
[opennav_docking-19] [INFO] [1790927013.389788801] [docking_server]: Creating docking_server
[planner_server-12] [INFO] [1790927013.389852794] [planner_server]: Creating
[controller_server-10] [INFO] [1790927013.390880499] [controller_server]: Creating controller server
[smoother_server-11] [INFO] [1790927013.391924522] [smoother_server]: 
[smoother_server-11] 	smoother_server lifecycle node launched. 
[smoother_server-11] 	Waiting on external lifecycle transitions to activate
[smoother_server-11] 	See https://design.ros2.org/articles/node_lifecycle.html for more information.
[smoother_server-11] [INFO] [1790927013.392914786] [smoother_server]: Creating smoother server
[behavior_server-14] [INFO] [1790927013.393408215] [behavior_server]: 
[behavior_server-14] 	behavior_server lifecycle node launched. 
[behavior_server-14] 	Waiting on external lifecycle transitions to activate
[behavior_server-14] 	See https://design.ros2.org/articles/node_lifecycle.html for more information.
[collision_monitor-18] [INFO] [1790927013.396389868] [collision_monitor]: 
[collision_monitor-18] 	collision_monitor lifecycle node launched. 
[collision_monitor-18] 	Waiting on external lifecycle transitions to activate
[collision_monitor-18] 	See https://design.ros2.org/articles/node_lifecycle.html for more information.
[route_server-13] [INFO] [1790927013.404627275] [route_server]: 
[route_server-13] 	route_server lifecycle node launched. 
[route_server-13] 	Waiting on external lifecycle transitions to activate
[route_server-13] 	See https://design.ros2.org/articles/node_lifecycle.html for more information.
[planner_server-12] [INFO] [1790927013.405035773] [global_costmap.global_costmap]: 
[planner_server-12] 	global_costmap lifecycle node launched. 
[planner_server-12] 	Waiting on external lifecycle transitions to activate
[planner_server-12] 	See https://design.ros2.org/articles/node_lifecycle.html for more information.
[controller_server-10] [INFO] [1790927013.406727519] [local_costmap.local_costmap]: 
[controller_server-10] 	local_costmap lifecycle node launched. 
[controller_server-10] 	Waiting on external lifecycle transitions to activate
[controller_server-10] 	See https://design.ros2.org/articles/node_lifecycle.html for more information.
[planner_server-12] [INFO] [1790927013.406783416] [global_costmap.global_costmap]: Creating Costmap
[controller_server-10] [INFO] [1790927013.407403332] [local_costmap.local_costmap]: Creating Costmap
[lifecycle_manager-20] [INFO] [1790927014.873825672] [lifecycle_manager_navigation]: [34m[1mStarting managed nodes bringup...[0m[0m
[lifecycle_manager-20] [INFO] [1790927014.873877778] [lifecycle_manager_navigation]: [34m[1mConfiguring controller_server[0m[0m
[controller_server-10] [INFO] [1790927014.874201102] [controller_server]: Configuring controller interface
[controller_server-10] [INFO] [1790927014.874218092] [controller_server]: getting progress checker plugins..
[controller_server-10] [INFO] [1790927014.874335040] [controller_server]: getting goal checker plugins..
[controller_server-10] [INFO] [1790927014.874414243] [controller_server]: Controller frequency set to 15.0000Hz
[controller_server-10] [INFO] [1790927014.874445151] [local_costmap.local_costmap]: Configuring
[controller_server-10] [INFO] [1790927014.880867349] [local_costmap.local_costmap]: Using plugin "static_layer"
[controller_server-10] [INFO] [1790927014.884306456] [local_costmap.local_costmap]: Subscribing to the map topic (/map) with transient local durability
[controller_server-10] [INFO] [1790927014.885596400] [local_costmap.local_costmap]: Initialized plugin "static_layer"
[controller_server-10] [INFO] [1790927014.885613074] [local_costmap.local_costmap]: Using plugin "voxel_layer"
[controller_server-10] [INFO] [1790927014.886045492] [local_costmap.local_costmap]: Subscribed to Topics: scan
[controller_server-10] [INFO] [1790927014.894422185] [local_costmap.local_costmap]: Initialized plugin "voxel_layer"
[controller_server-10] [INFO] [1790927014.894447629] [local_costmap.local_costmap]: Using plugin "inflation_layer"
[controller_server-10] [INFO] [1790927014.894873399] [local_costmap.local_costmap]: Initialized plugin "inflation_layer"
[controller_server-10] [INFO] [1790927014.909461159] [local_costmap.local_costmap]: StaticLayer: Resizing static layer to 193 X 180 at 0.100000 m/pix
[controller_server-10] [INFO] [1790927014.909599044] [controller_server]: Created progress_checker : progress_checker of type nav2_controller::SimpleProgressChecker
[controller_server-10] [INFO] [1790927014.909888110] [controller_server]: Controller Server has progress_checker  progress checkers available.
[controller_server-10] [INFO] [1790927014.910785384] [controller_server]: Created goal checker : general_goal_checker of type nav2_controller::SimpleGoalChecker
[controller_server-10] [INFO] [1790927014.911229302] [controller_server]: Controller Server has general_goal_checker  goal checkers available.
[controller_server-10] [INFO] [1790927014.913134771] [controller_server]: Created controller : FollowPath of type nav2_mppi_controller::MPPIController
[controller_server-10] [INFO] [1790927014.914508520] [controller_server]: Controller period is equal to model dt. Control sequence shifting is ON
[controller_server-10] [INFO] [1790927014.916839862] [controller_server]: ConstraintCritic instantiated with 1 power and 4.000000 weight.
[controller_server-10] [INFO] [1790927014.916884419] [controller_server]: Critic loaded : mppi::critics::ConstraintCritic
[controller_server-10] [INFO] [1790927014.917684573] [controller_server]: InflationCostCritic instantiated with 1 power and 300.000000 / 0.015000 weights. Critic will collision check based on footprint cost.
[controller_server-10] [INFO] [1790927014.917707348] [controller_server]: Critic loaded : mppi::critics::CostCritic
[controller_server-10] [INFO] [1790927014.917905394] [controller_server]: GoalCritic instantiated with 1 power and 5.000000 weight.
[controller_server-10] [INFO] [1790927014.917916700] [controller_server]: Critic loaded : mppi::critics::GoalCritic
[controller_server-10] [INFO] [1790927014.918137136] [controller_server]: GoalAngleCritic instantiated with 1 power, 3.000000 weight, 0.500000 angular threshold and symmetric_yaw_tolerance disabled
[controller_server-10] [INFO] [1790927014.918149106] [controller_server]: Critic loaded : mppi::critics::GoalAngleCritic
[controller_server-10] [INFO] [1790927014.918659043] [controller_server]: ReferenceTrajectoryCritic instantiated with 1 power and 20.000000 weight
[controller_server-10] [INFO] [1790927014.918679405] [controller_server]: Critic loaded : mppi::critics::PathAlignCritic
[controller_server-10] [INFO] [1790927014.919090106] [controller_server]: Critic loaded : mppi::critics::PathFollowCritic
[controller_server-10] [INFO] [1790927014.919508095] [controller_server]: PathAngleCritic instantiated with 1 power and 4.000000 weight. Mode set to: Forward Preference
[controller_server-10] [INFO] [1790927014.919547806] [controller_server]: Critic loaded : mppi::critics::PathAngleCritic
[controller_server-10] [INFO] [1790927014.919785987] [controller_server]: PreferForwardCritic instantiated with 1 power and 5.000000 weight.
[controller_server-10] [INFO] [1790927014.919797760] [controller_server]: Critic loaded : mppi::critics::PreferForwardCritic
[controller_server-10] [INFO] [1790927014.920540008] [controller_server]: Optimizer reset
[controller_server-10] [INFO] [1790927014.923474598] [MPPIController]: Configured MPPI Controller: FollowPath
[controller_server-10] [INFO] [1790927014.923499590] [controller_server]: Controller Server has FollowPath  controllers available.
[lifecycle_manager-20] [INFO] [1790927014.929555540] [lifecycle_manager_navigation]: [34m[1mConfiguring smoother_server[0m[0m
[smoother_server-11] [INFO] [1790927014.929724240] [smoother_server]: Configuring smoother server
[smoother_server-11] [INFO] [1790927014.939267494] [smoother_server]: Created smoother : simple_smoother of type nav2_smoother::SimpleSmoother
[smoother_server-11] [INFO] [1790927014.939733645] [smoother_server]: Smoother Server has simple_smoother  smoothers available.
[lifecycle_manager-20] [INFO] [1790927014.946101536] [lifecycle_manager_navigation]: [34m[1mConfiguring planner_server[0m[0m
[planner_server-12] [INFO] [1790927014.946264694] [planner_server]: Configuring
[planner_server-12] [INFO] [1790927014.946288594] [global_costmap.global_costmap]: Configuring
[planner_server-12] [INFO] [1790927014.952850510] [global_costmap.global_costmap]: Using plugin "static_layer"
[planner_server-12] [INFO] [1790927014.955569503] [global_costmap.global_costmap]: Subscribing to the map topic (/map) with transient local durability
[planner_server-12] [INFO] [1790927014.957058870] [global_costmap.global_costmap]: Initialized plugin "static_layer"
[planner_server-12] [INFO] [1790927014.957082423] [global_costmap.global_costmap]: Using plugin "obstacle_layer"
[planner_server-12] [INFO] [1790927014.957499789] [global_costmap.global_costmap]: Subscribed to Topics: scan
[planner_server-12] [INFO] [1790927014.960610090] [global_costmap.global_costmap]: Initialized plugin "obstacle_layer"
[planner_server-12] [INFO] [1790927014.960646358] [global_costmap.global_costmap]: Using plugin "inflation_layer"
[planner_server-12] [INFO] [1790927014.961478400] [global_costmap.global_costmap]: Initialized plugin "inflation_layer"
[planner_server-12] [INFO] [1790927014.980905637] [global_costmap.global_costmap]: StaticLayer: Resizing costmap to 193 X 180 at 0.100000 m/pix
[planner_server-12] [INFO] [1790927014.981106293] [planner_server]: Created global planner plugin GridBased of type nav2_navfn_planner::NavfnPlanner
[planner_server-12] [INFO] [1790927014.981126861] [planner_server]: Configuring plugin GridBased of type NavfnPlanner
[planner_server-12] [INFO] [1790927014.981674414] [planner_server]: Planner Server has GridBased  planners available.
[lifecycle_manager-20] [INFO] [1790927014.990295118] [lifecycle_manager_navigation]: [34m[1mConfiguring route_server[0m[0m
[route_server-13] [INFO] [1790927014.990473062] [route_server]: Configuring
[route_server-13] [INFO] [1790927015.014977816] [route_server]: Created GraphFileLoader GeoJsonGraphFileLoader of type nav2_route::GeoJsonGraphFileLoader
[route_server-13] [INFO] [1790927015.015012840] [route_server]: Configuring geojson graph file loader
[route_server-13] [INFO] [1790927015.015019699] [route_server]: No graph file provided to load yet.
[route_server-13] [INFO] [1790927015.016683970] [route_server]: Created edge cost function plugin DistanceScorer of type nav2_route::DistanceScorer
[route_server-13] [INFO] [1790927015.016718631] [route_server]: Configuring distance scorer.
[route_server-13] [INFO] [1790927015.016907752] [route_server]: Created edge cost function plugin DynamicEdgesScorer of type nav2_route::DynamicEdgesScorer
[route_server-13] [INFO] [1790927015.016918147] [route_server]: Configuring adjust edges scorer.
[route_server-13] [INFO] [1790927015.019789929] [route_server]: Created route operation AdjustSpeedLimit of type nav2_route::AdjustSpeedLimit
[route_server-13] [INFO] [1790927015.019817211] [route_server]: Configuring Adjust speed limit operation.
[route_server-13] [INFO] [1790927015.020744829] [route_server]: Created route operation ReroutingService of type nav2_route::ReroutingService
[route_server-13] [INFO] [1790927015.020766612] [route_server]: Configuring Rerouting service operation.
[lifecycle_manager-20] [INFO] [1790927015.022977622] [lifecycle_manager_navigation]: [34m[1mConfiguring behavior_server[0m[0m
[behavior_server-14] [INFO] [1790927015.023169222] [behavior_server]: Configuring
[behavior_server-14] [INFO] [1790927015.026446099] [behavior_server]: Creating behavior plugin spin of type nav2_behaviors::Spin
[behavior_server-14] [INFO] [1790927015.027733308] [behavior_server]: Creating behavior plugin backup of type nav2_behaviors::BackUp
[behavior_server-14] [INFO] [1790927015.028394757] [behavior_server]: Creating behavior plugin drive_on_heading of type nav2_behaviors::DriveOnHeading
[behavior_server-14] [INFO] [1790927015.029247864] [behavior_server]: Creating behavior plugin assisted_teleop of type nav2_behaviors::AssistedTeleop
[behavior_server-14] [INFO] [1790927015.030900745] [behavior_server]: Creating behavior plugin wait of type nav2_behaviors::Wait
[behavior_server-14] [INFO] [1790927015.038430619] [behavior_server]: Configuring spin
[behavior_server-14] [INFO] [1790927015.043440009] [behavior_server]: Configuring backup
[behavior_server-14] [INFO] [1790927015.046730862] [behavior_server]: Configuring drive_on_heading
[behavior_server-14] [INFO] [1790927015.050249114] [behavior_server]: Configuring assisted_teleop
[behavior_server-14] [INFO] [1790927015.055887434] [behavior_server]: Configuring wait
[lifecycle_manager-20] [INFO] [1790927015.059593741] [lifecycle_manager_navigation]: [34m[1mConfiguring velocity_smoother[0m[0m
[velocity_smoother-17] [INFO] [1790927015.059831523] [velocity_smoother]: Configuring velocity smoother
[lifecycle_manager-20] [INFO] [1790927015.063065736] [lifecycle_manager_navigation]: [34m[1mConfiguring collision_monitor[0m[0m
[collision_monitor-18] [INFO] [1790927015.063334018] [collision_monitor]: Configuring
[collision_monitor-18] [INFO] [1790927015.068029113] [collision_monitor]: [scan]: Creating Scan
[collision_monitor-18] [INFO] [1790927015.069758477] [collision_monitor]: [FootprintApproach]: Creating Polygon
[collision_monitor-18] [INFO] [1790927015.070756014] [collision_monitor]: [FootprintApproach]: Polygon points are not defined. Using dynamic subscription instead.
[collision_monitor-18] [INFO] [1790927015.071260897] [collision_monitor]: [FootprintApproach]: Making footprint subscriber on local_costmap/published_footprint topic
[lifecycle_manager-20] [INFO] [1790927015.080424036] [lifecycle_manager_navigation]: [34m[1mConfiguring bt_navigator[0m[0m
[bt_navigator-15] [INFO] [1790927015.080668655] [bt_navigator]: Configuring
[bt_navigator-15] [INFO] [1790927015.085653800] [bt_navigator]: Creating navigator id navigate_to_pose of type nav2_bt_navigator::NavigateToPoseNavigator
[bt_navigator-15] [INFO] [1790927015.143977387] [bt_navigator]: Creating navigator id navigate_through_poses of type nav2_bt_navigator::NavigateThroughPosesNavigator
[lifecycle_manager-20] [INFO] [1790927015.162857152] [lifecycle_manager_navigation]: [34m[1mConfiguring waypoint_follower[0m[0m
[waypoint_follower-16] [INFO] [1790927015.163055325] [waypoint_follower]: Configuring
[waypoint_follower-16] [INFO] [1790927015.182277055] [waypoint_follower]: Created waypoint_task_executor : wait_at_waypoint of type nav2_waypoint_follower::WaitAtWaypoint
[lifecycle_manager-20] [INFO] [1790927015.183164836] [lifecycle_manager_navigation]: [34m[1mConfiguring docking_server[0m[0m
[opennav_docking-19] [INFO] [1790927015.183443090] [docking_server]: Configuring docking_server
[opennav_docking-19] [INFO] [1790927015.183470365] [docking_server]: Controller frequency set to 50.0000Hz
[opennav_docking-19] [INFO] [1790927015.204025229] [docking_server]: Created charging dock plugin simple_charging_dock of type opennav_docking::SimpleChargingDock
[opennav_docking-19] [WARN] [1790927015.207028501] [docking_server]: Dock database filepath nor dock parameters set. Docking actions can only be executed specifying the dock pose via the action request. Or update the dock database via the reload_database service.
[opennav_docking-19] [INFO] [1790927015.207071871] [docking_server]: Docking Server has 1 dock types and 0 dock instances available.
[lifecycle_manager-20] [INFO] [1790927015.208476879] [lifecycle_manager_navigation]: [34m[1mActivating controller_server[0m[0m
[controller_server-10] [INFO] [1790927015.208716726] [controller_server]: Activating
[controller_server-10] [INFO] [1790927015.208750900] [local_costmap.local_costmap]: Activating
[controller_server-10] [INFO] [1790927015.208757927] [local_costmap.local_costmap]: Checking transform
[controller_server-10] [INFO] [1790927015.208886608] [local_costmap.local_costmap]: start
[controller_server-10] [WARN] [1790927015.459791815] [controller_server]: Parameter controller_server.verbose not found
[controller_server-10] [INFO] [1790927015.460303789] [controller_server]: Optimizer reset
[controller_server-10] [INFO] [1790927015.460460769] [MPPIController]: Activated MPPI Controller: FollowPath
[controller_server-10] [INFO] [1790927015.460485618] [controller_server]: Creating bond (controller_server) to lifecycle manager.
[lifecycle_manager-20] [INFO] [1790927015.568391855] [lifecycle_manager_navigation]: Server controller_server connected with bond.
[lifecycle_manager-20] [INFO] [1790927015.568422098] [lifecycle_manager_navigation]: [34m[1mActivating smoother_server[0m[0m
[smoother_server-11] [INFO] [1790927015.568664867] [smoother_server]: Activating
[smoother_server-11] [INFO] [1790927015.568697788] [smoother_server]: Creating bond (smoother_server) to lifecycle manager.
[lifecycle_manager-20] [INFO] [1790927015.674593974] [lifecycle_manager_navigation]: Server smoother_server connected with bond.
[lifecycle_manager-20] [INFO] [1790927015.674638018] [lifecycle_manager_navigation]: [34m[1mActivating planner_server[0m[0m
[planner_server-12] [INFO] [1790927015.674878277] [planner_server]: Activating
[planner_server-12] [INFO] [1790927015.674907022] [global_costmap.global_costmap]: Activating
[planner_server-12] [INFO] [1790927015.674913811] [global_costmap.global_costmap]: Checking transform
[planner_server-12] [INFO] [1790927015.675034939] [global_costmap.global_costmap]: start
[planner_server-12] [INFO] [1790927016.676069730] [planner_server]: Activating plugin GridBased of type NavfnPlanner
[planner_server-12] [INFO] [1790927016.677959635] [planner_server]: Creating bond (planner_server) to lifecycle manager.
[lifecycle_manager-20] [INFO] [1790927016.784855217] [lifecycle_manager_navigation]: Server planner_server connected with bond.
[lifecycle_manager-20] [INFO] [1790927016.784905920] [lifecycle_manager_navigation]: [34m[1mActivating route_server[0m[0m
[route_server-13] [INFO] [1790927016.785255152] [route_server]: Activating
[route_server-13] [INFO] [1790927016.785457205] [route_server]: Creating bond (route_server) to lifecycle manager.
[lifecycle_manager-20] [INFO] [1790927016.890557461] [lifecycle_manager_navigation]: Server route_server connected with bond.
[lifecycle_manager-20] [INFO] [1790927016.890609330] [lifecycle_manager_navigation]: [34m[1mActivating behavior_server[0m[0m
[behavior_server-14] [INFO] [1790927016.890913106] [behavior_server]: Activating
[behavior_server-14] [INFO] [1790927016.890935222] [behavior_server]: Activating spin
[behavior_server-14] [INFO] [1790927016.890942859] [behavior_server]: Activating backup
[behavior_server-14] [INFO] [1790927016.890948502] [behavior_server]: Activating drive_on_heading
[behavior_server-14] [INFO] [1790927016.890954358] [behavior_server]: Activating assisted_teleop
[behavior_server-14] [INFO] [1790927016.890958951] [behavior_server]: Activating wait
[behavior_server-14] [INFO] [1790927016.890966836] [behavior_server]: Creating bond (behavior_server) to lifecycle manager.
[lifecycle_manager-20] [INFO] [1790927016.998627117] [lifecycle_manager_navigation]: Server behavior_server connected with bond.
[lifecycle_manager-20] [INFO] [1790927016.998672489] [lifecycle_manager_navigation]: [34m[1mActivating velocity_smoother[0m[0m
[velocity_smoother-17] [INFO] [1790927016.998949117] [velocity_smoother]: Activating
[velocity_smoother-17] [INFO] [1790927016.999000186] [velocity_smoother]: Creating bond (velocity_smoother) to lifecycle manager.
[lifecycle_manager-20] [INFO] [1790927017.108697330] [lifecycle_manager_navigation]: Server velocity_smoother connected with bond.
[lifecycle_manager-20] [INFO] [1790927017.108739461] [lifecycle_manager_navigation]: [34m[1mActivating collision_monitor[0m[0m
[collision_monitor-18] [INFO] [1790927017.109026179] [collision_monitor]: Activating
[collision_monitor-18] [INFO] [1790927017.109061488] [collision_monitor]: Creating bond (collision_monitor) to lifecycle manager.
[lifecycle_manager-20] [INFO] [1790927017.218347766] [lifecycle_manager_navigation]: Server collision_monitor connected with bond.
[lifecycle_manager-20] [INFO] [1790927017.218390759] [lifecycle_manager_navigation]: [34m[1mActivating bt_navigator[0m[0m
[bt_navigator-15] [INFO] [1790927017.218701567] [bt_navigator]: Activating
[bt_navigator-15] [INFO] [1790927017.280278372] [bt_navigator]: Creating bond (bt_navigator) to lifecycle manager.
[lifecycle_manager-20] [INFO] [1790927017.384857456] [lifecycle_manager_navigation]: Server bt_navigator connected with bond.
[lifecycle_manager-20] [INFO] [1790927017.384902618] [lifecycle_manager_navigation]: [34m[1mActivating waypoint_follower[0m[0m
[waypoint_follower-16] [INFO] [1790927017.385286281] [waypoint_follower]: Activating
[waypoint_follower-16] [INFO] [1790927017.385336929] [waypoint_follower]: Creating bond (waypoint_follower) to lifecycle manager.
[lifecycle_manager-20] [INFO] [1790927017.495320488] [lifecycle_manager_navigation]: Server waypoint_follower connected with bond.
[lifecycle_manager-20] [INFO] [1790927017.495374367] [lifecycle_manager_navigation]: [34m[1mActivating docking_server[0m[0m
[opennav_docking-19] [INFO] [1790927017.496012808] [docking_server]: Activating docking_server
[opennav_docking-19] [INFO] [1790927017.513442104] [docking_server]: Creating bond (docking_server) to lifecycle manager.
[lifecycle_manager-20] [INFO] [1790927017.622856493] [lifecycle_manager_navigation]: Server docking_server connected with bond.
[lifecycle_manager-20] [INFO] [1790927017.622885971] [lifecycle_manager_navigation]: [34m[1mManaged nodes are active[0m[0m
[lifecycle_manager-20] [INFO] [1790927017.622891636] [lifecycle_manager_navigation]: [34m[1mCreating bond timer...[0m[0m
Nav2 active; kiem tra /clock lien tuc trong 5 giay...
[WARN] [1790927033.058908119] [rcl]: ROS_LOCALHOST_ONLY is deprecated but still honored if it is enabled. Use ROS_AUTOMATIC_DISCOVERY_RANGE and ROS_STATIC_PEERS instead.
[WARN] [1790927033.058929685] [rcl]: 'localhost_only' is enabled, 'automatic_discovery_range' and 'static_peers' will be ignored.
SLAM/Nav2 san sang; /clock on dinh, khong co buoc nhay lui trong 5 giay.

Starting MapEx on Hospital...
Command: /usr/bin/python3 /work/com1/turtlebot4_project_mx029/mapex_lab/scripts/mapex_run.py --run-id hpx_005 --environment hospital --runtime-profile hospital_slam
Run hoan tat se tu dong dung exploration, SLAM, Nav2 va Gazebo.
Nhan Ctrl+C mot lan neu muon dung som.

[WARN] [1790927038.983962276] [rcl]: ROS_LOCALHOST_ONLY is deprecated but still honored if it is enabled. Use ROS_AUTOMATIC_DISCOVERY_RANGE and ROS_STATIC_PEERS instead.
[WARN] [1790927038.983981988] [rcl]: 'localhost_only' is enabled, 'automatic_discovery_range' and 'static_peers' will be ignored.
[INFO] [1790927039.077109011] [mapex_explorer]: Loading official MapEx LaMa ensemble...
[INFO] [1790927046.696882140] [mapex_explorer]: MapEx Explorer started (config=/work/com1/turtlebot4_project_mx029/mapex_lab/config/mapex.yaml, commit=53636bd1c79153acc3c74a532837d78c926bae5e, grid=0.10 m, visibility=20.0 m/250 rays, epsilon=0.80, preferred min distance=1.00 m, near fallback=all-frontiers-close, shared execution=nf_basic)
[INFO] [1790927046.697628420] [mapex_explorer]: MapEx G1: /work/com1/mapex_weights/weights/lama_ensemble/train_1/models/best.ckpt
[INFO] [1790927046.697904646] [mapex_explorer]: MapEx G2: /work/com1/mapex_weights/weights/lama_ensemble/train_2/models/best.ckpt
[INFO] [1790927046.698196151] [mapex_explorer]: MapEx G3: /work/com1/mapex_weights/weights/lama_ensemble/train_3/models/best.ckpt
[WARN] [1790927050.241502406] [mapex_explorer]: MAPEX RECORDING: env=hospital, profile=hospital_slam, output=/work/com1/turtlebot4_project_mx029/mapex_lab/experiments/mapex/hpx_005
[WARN] [1790927054.091705699] [mapex_explorer]: MAPEX READY: Nav2 stable for >= 3.0s; benchmark clock will start at first frontier decision
[INFO] [1790927055.569518707] [mapex_explorer]: All current MapEx frontier representatives are closer than 1.00 m; enabling near-frontier fallback.
[INFO] [1790927055.571629420] [mapex_explorer]: MapEx decision 1: selected x=0.88, y=0.21, IG=315.060852, distance=0.91 m, score=348.006926, region=593, candidates=1, near_fallback=True, compute=1.48 s
[bt_navigator-15] [INFO] [1790927055.614120162] [bt_navigator]: Begin navigating from current location (0.00, -0.00) to (0.88, 0.21)
[controller_server-10] [INFO] [1790927055.635363687] [controller_server]: Received a goal, begin computing control effort.
[controller_server-10] [WARN] [1790927055.635415104] [controller_server]: No goal checker was specified in parameter 'current_goal_checker'. Server will use only plugin loaded general_goal_checker . This warning will appear once.
[controller_server-10] [WARN] [1790927055.635429674] [controller_server]: No progress checker was specified in parameter 'current_progress_checker'. Server will use only plugin loaded progress_checker . This warning will appear once.
[parameter_bridge-2] [INFO] [1790927055.670438627] [bridge_ros_gz]: Passing message from ROS geometry_msgs/msg/Twist to Gazebo gz.msgs.Twist (showing msg only once per type)
[INFO] [1790927055.711319513] [mapex_explorer]: Main goal accepted
[INFO] [1790927055.798339651] [mapex_explorer]: Main /plan diagnostic: poses=17, endpoint=(0.88, 0.21), frontier=(0.88, 0.21), endpoint_to_frontier=0.000 m, limit=0.10 m -> usable
[controller_server-10] [INFO] [1790927056.702195935] [controller_server]: Passing new path to controller.
[INFO] [1790927056.794938117] [mapex_explorer]: Main /plan diagnostic: poses=14, endpoint=(0.88, 0.21), frontier=(0.88, 0.21), endpoint_to_frontier=0.000 m, limit=0.10 m -> usable
[controller_server-10] [INFO] [1790927056.809019596] [local_costmap.local_costmap]: StaticLayer: Resizing static layer to 193 X 180 at 0.100000 m/pix
[INFO] [1790927057.656937400] [mapex_explorer]: Main /plan diagnostic: poses=10, endpoint=(0.88, 0.21), frontier=(0.88, 0.21), endpoint_to_frontier=0.000 m, limit=0.10 m -> usable
[planner_server-12] [INFO] [1790927057.675211539] [global_costmap.global_costmap]: StaticLayer: Resizing costmap to 193 X 180 at 0.100000 m/pix
[controller_server-10] [INFO] [1790927057.702202513] [controller_server]: Passing new path to controller.
[controller_server-10] [INFO] [1790927057.809056068] [local_costmap.local_costmap]: StaticLayer: Resizing static layer to 193 X 180 at 0.100000 m/pix
[controller_server-10] [INFO] [1790927057.905110004] [controller_server]: Reached the goal!
[controller_server-10] [INFO] [1790927057.906127548] [controller_server]: Optimizer reset
[bt_navigator-15] [INFO] [1790927057.934747491] [bt_navigator]: Goal succeeded
[INFO] [1790927057.989212374] [mapex_explorer]: Goal reached
[planner_server-12] [INFO] [1790927058.675215693] [global_costmap.global_costmap]: StaticLayer: Resizing costmap to 193 X 180 at 0.100000 m/pix
[rviz2-7] [INFO] [1790927058.711317566] [rviz2]: Trying to create a map of size 194 x 180 using 1 swatches
[controller_server-10] [INFO] [1790927058.809063046] [local_costmap.local_costmap]: StaticLayer: Resizing static layer to 194 X 180 at 0.100000 m/pix
[planner_server-12] [INFO] [1790927059.675220313] [global_costmap.global_costmap]: StaticLayer: Resizing costmap to 194 X 180 at 0.100000 m/pix
[INFO] [1790927062.317131077] [mapex_explorer]: MapEx decision 2: selected x=6.06, y=0.21, IG=66.073380, distance=5.51 m, score=12.000405, region=5836, candidates=11, near_fallback=False, compute=4.19 s
[bt_navigator-15] [INFO] [1790927062.317812497] [bt_navigator]: Begin navigating from current location (0.59, 0.09) to (6.06, 0.21)
[controller_server-10] [INFO] [1790927062.338497578] [controller_server]: Received a goal, begin computing control effort.
[INFO] [1790927062.482341607] [mapex_explorer]: Main goal accepted
[INFO] [1790927062.496332652] [mapex_explorer]: Main /plan diagnostic: poses=109, endpoint=(6.06, 0.21), frontier=(6.06, 0.21), endpoint_to_frontier=0.000 m, limit=0.10 m -> usable
[INFO] [1790927063.369800985] [mapex_explorer]: Main /plan diagnostic: poses=103, endpoint=(6.06, 0.21), frontier=(6.06, 0.21), endpoint_to_frontier=0.000 m, limit=0.10 m -> usable
[controller_server-10] [INFO] [1790927063.405363309] [controller_server]: Passing new path to controller.
[rviz2-7] [INFO] [1790927063.704916451] [rviz2]: Trying to create a map of size 194 x 193 using 1 swatches
[controller_server-10] [INFO] [1790927063.809034931] [local_costmap.local_costmap]: StaticLayer: Resizing static layer to 194 X 193 at 0.100000 m/pix
[controller_server-10] [INFO] [1790927064.405328750] [controller_server]: Passing new path to controller.
[INFO] [1790927064.460202176] [mapex_explorer]: Main /plan diagnostic: poses=93, endpoint=(6.06, 0.21), frontier=(6.06, 0.21), endpoint_to_frontier=0.000 m, limit=0.10 m -> usable
[planner_server-12] [INFO] [1790927064.675540458] [global_costmap.global_costmap]: StaticLayer: Resizing costmap to 194 X 193 at 0.100000 m/pix
[rviz2-7] [INFO] [1790927064.696905549] [rviz2]: Trying to create a map of size 204 x 199 using 1 swatches
[controller_server-10] [INFO] [1790927064.809023273] [local_costmap.local_costmap]: StaticLayer: Resizing static layer to 204 X 199 at 0.100000 m/pix
[INFO] [1790927065.419221859] [mapex_explorer]: Main /plan diagnostic: poses=83, endpoint=(6.06, 0.21), frontier=(6.06, 0.21), endpoint_to_frontier=0.000 m, limit=0.10 m -> usable
[controller_server-10] [INFO] [1790927065.471987682] [controller_server]: Passing new path to controller.
[planner_server-12] [INFO] [1790927065.675219680] [global_costmap.global_costmap]: StaticLayer: Resizing costmap to 204 X 199 at 0.100000 m/pix
[rviz2-7] [INFO] [1790927065.720188189] [rviz2]: Trying to create a map of size 207 x 225 using 1 swatches
[controller_server-10] [INFO] [1790927065.809020084] [local_costmap.local_costmap]: StaticLayer: Resizing static layer to 207 X 225 at 0.100000 m/pix
[INFO] [1790927066.452324329] [mapex_explorer]: Main /plan diagnostic: poses=73, endpoint=(6.06, 0.21), frontier=(6.06, 0.21), endpoint_to_frontier=0.000 m, limit=0.10 m -> usable
[controller_server-10] [INFO] [1790927066.471971265] [controller_server]: Passing new path to controller.
[planner_server-12] [INFO] [1790927066.675216955] [global_costmap.global_costmap]: StaticLayer: Resizing costmap to 207 X 225 at 0.100000 m/pix
[rviz2-7] [INFO] [1790927066.712015206] [rviz2]: Trying to create a map of size 213 x 229 using 1 swatches
[controller_server-10] [INFO] [1790927066.809069829] [local_costmap.local_costmap]: StaticLayer: Resizing static layer to 213 X 229 at 0.100000 m/pix
[INFO] [1790927067.454778439] [mapex_explorer]: Main /plan diagnostic: poses=63, endpoint=(6.06, 0.21), frontier=(6.06, 0.21), endpoint_to_frontier=0.000 m, limit=0.10 m -> usable
[controller_server-10] [INFO] [1790927067.471985319] [controller_server]: Passing new path to controller.
[planner_server-12] [INFO] [1790927067.675448573] [global_costmap.global_costmap]: StaticLayer: Resizing costmap to 213 X 229 at 0.100000 m/pix
[controller_server-10] [INFO] [1790927067.809027954] [local_costmap.local_costmap]: StaticLayer: Resizing static layer to 213 X 229 at 0.100000 m/pix
[INFO] [1790927068.513864199] [mapex_explorer]: Main /plan diagnostic: poses=53, endpoint=(6.06, 0.21), frontier=(6.06, 0.21), endpoint_to_frontier=0.000 m, limit=0.10 m -> usable
[controller_server-10] [INFO] [1790927068.538638953] [controller_server]: Passing new path to controller.
[planner_server-12] [INFO] [1790927068.675358949] [global_costmap.global_costmap]: StaticLayer: Resizing costmap to 213 X 229 at 0.100000 m/pix
[rviz2-7] [INFO] [1790927068.695244161] [rviz2]: Trying to create a map of size 213 x 231 using 1 swatches
[controller_server-10] [INFO] [1790927068.809064971] [local_costmap.local_costmap]: StaticLayer: Resizing static layer to 213 X 231 at 0.100000 m/pix
[INFO] [1790927069.514965251] [mapex_explorer]: Main /plan diagnostic: poses=44, endpoint=(6.06, 0.21), frontier=(6.06, 0.21), endpoint_to_frontier=0.000 m, limit=0.10 m -> usable
[controller_server-10] [INFO] [1790927069.538632091] [controller_server]: Passing new path to controller.
[planner_server-12] [INFO] [1790927069.675348594] [global_costmap.global_costmap]: StaticLayer: Resizing costmap to 213 X 231 at 0.100000 m/pix
[INFO] [1790927070.547926673] [mapex_explorer]: Main /plan diagnostic: poses=33, endpoint=(6.06, 0.21), frontier=(6.06, 0.21), endpoint_to_frontier=0.000 m, limit=0.10 m -> usable
[controller_server-10] [INFO] [1790927070.605450639] [controller_server]: Passing new path to controller.
[rviz2-7] [INFO] [1790927070.712149447] [rviz2]: Trying to create a map of size 219 x 231 using 1 swatches
[controller_server-10] [INFO] [1790927070.809041570] [local_costmap.local_costmap]: StaticLayer: Resizing static layer to 219 X 231 at 0.100000 m/pix
[INFO] [1790927071.575288138] [mapex_explorer]: Main /plan diagnostic: poses=23, endpoint=(6.06, 0.21), frontier=(6.06, 0.21), endpoint_to_frontier=0.000 m, limit=0.10 m -> usable
[controller_server-10] [INFO] [1790927071.605318977] [controller_server]: Passing new path to controller.
[planner_server-12] [INFO] [1790927071.675255361] [global_costmap.global_costmap]: StaticLayer: Resizing costmap to 219 X 231 at 0.100000 m/pix
[rviz2-7] [INFO] [1790927071.709951579] [rviz2]: Trying to create a map of size 221 x 231 using 1 swatches
[controller_server-10] [INFO] [1790927071.809826149] [local_costmap.local_costmap]: StaticLayer: Resizing static layer to 221 X 231 at 0.100000 m/pix
[INFO] [1790927072.594068351] [mapex_explorer]: Main /plan diagnostic: poses=15, endpoint=(6.06, 0.21), frontier=(6.06, 0.21), endpoint_to_frontier=0.000 m, limit=0.10 m -> usable
[controller_server-10] [INFO] [1790927072.671983826] [controller_server]: Passing new path to controller.
[planner_server-12] [INFO] [1790927072.675241476] [global_costmap.global_costmap]: StaticLayer: Resizing costmap to 221 X 231 at 0.100000 m/pix
[rviz2-7] [INFO] [1790927072.696738995] [rviz2]: Trying to create a map of size 227 x 231 using 1 swatches
[controller_server-10] [INFO] [1790927072.809445757] [local_costmap.local_costmap]: StaticLayer: Resizing static layer to 227 X 231 at 0.100000 m/pix
[INFO] [1790927073.621508015] [mapex_explorer]: Main /plan diagnostic: poses=9, endpoint=(6.06, 0.21), frontier=(6.06, 0.21), endpoint_to_frontier=0.000 m, limit=0.10 m -> usable
[controller_server-10] [INFO] [1790927073.671986771] [controller_server]: Passing new path to controller.
[planner_server-12] [INFO] [1790927073.675214470] [global_costmap.global_costmap]: StaticLayer: Resizing costmap to 227 X 231 at 0.100000 m/pix
[rviz2-7] [INFO] [1790927073.722705710] [rviz2]: Trying to create a map of size 229 x 231 using 1 swatches
[controller_server-10] [INFO] [1790927073.809097371] [controller_server]: Reached the goal!
[controller_server-10] [INFO] [1790927073.809457425] [controller_server]: Optimizer reset
[controller_server-10] [INFO] [1790927073.809591204] [local_costmap.local_costmap]: StaticLayer: Resizing static layer to 229 X 231 at 0.100000 m/pix
[bt_navigator-15] [INFO] [1790927073.838072592] [bt_navigator]: Goal succeeded
[INFO] [1790927073.840502573] [mapex_explorer]: Goal reached
[planner_server-12] [INFO] [1790927074.675227894] [global_costmap.global_costmap]: StaticLayer: Resizing costmap to 229 X 231 at 0.100000 m/pix
[rviz2-7] [INFO] [1790927074.711936964] [rviz2]: Trying to create a map of size 231 x 231 using 1 swatches
[controller_server-10] [INFO] [1790927074.809475257] [local_costmap.local_costmap]: StaticLayer: Resizing static layer to 231 X 231 at 0.100000 m/pix
[planner_server-12] [INFO] [1790927075.675209286] [global_costmap.global_costmap]: StaticLayer: Resizing costmap to 231 X 231 at 0.100000 m/pix
[INFO] [1790927077.306141676] [mapex_explorer]: MapEx decision 3: selected x=-1.14, y=-8.44, IG=119.955406, distance=10.99 m, score=10.917607, region=162, candidates=12, near_fallback=False, compute=3.22 s
[bt_navigator-15] [INFO] [1790927077.307069726] [bt_navigator]: Begin navigating from current location (5.73, 0.15) to (-1.14, -8.44)
[controller_server-10] [INFO] [1790927077.327839913] [controller_server]: Received a goal, begin computing control effort.
[INFO] [1790927077.449930700] [mapex_explorer]: Main goal accepted
[INFO] [1790927077.690576199] [mapex_explorer]: Main /plan diagnostic: poses=222, endpoint=(-1.14, -8.44), frontier=(-1.14, -8.44), endpoint_to_frontier=0.000 m, limit=0.10 m -> usable
[INFO] [1790927078.366689451] [mapex_explorer]: Main /plan diagnostic: poses=220, endpoint=(-1.14, -8.44), frontier=(-1.14, -8.44), endpoint_to_frontier=0.000 m, limit=0.10 m -> usable
[controller_server-10] [INFO] [1790927078.394742200] [controller_server]: Passing new path to controller.
[rviz2-7] [INFO] [1790927078.711837856] [rviz2]: Trying to create a map of size 231 x 232 using 1 swatches
[controller_server-10] [INFO] [1790927078.809041560] [local_costmap.local_costmap]: StaticLayer: Resizing static layer to 231 X 232 at 0.100000 m/pix
[INFO] [1790927079.354678330] [mapex_explorer]: Main /plan diagnostic: poses=220, endpoint=(-1.14, -8.44), frontier=(-1.14, -8.44), endpoint_to_frontier=0.000 m, limit=0.10 m -> usable
[controller_server-10] [INFO] [1790927079.394763738] [controller_server]: Passing new path to controller.
[planner_server-12] [INFO] [1790927079.675229825] [global_costmap.global_costmap]: StaticLayer: Resizing costmap to 231 X 232 at 0.100000 m/pix
[INFO] [1790927080.397574186] [mapex_explorer]: Main /plan diagnostic: poses=216, endpoint=(-1.14, -8.44), frontier=(-1.14, -8.44), endpoint_to_frontier=0.000 m, limit=0.10 m -> usable
[controller_server-10] [INFO] [1790927080.461418523] [controller_server]: Passing new path to controller.
[rviz2-7] [INFO] [1790927080.733801773] [rviz2]: Trying to create a map of size 231 x 236 using 1 swatches
[controller_server-10] [INFO] [1790927080.809009421] [local_costmap.local_costmap]: StaticLayer: Resizing static layer to 231 X 236 at 0.100000 m/pix
[INFO] [1790927081.419516288] [mapex_explorer]: Main /plan diagnostic: poses=206, endpoint=(-1.14, -8.44), frontier=(-1.14, -8.44), endpoint_to_frontier=0.000 m, limit=0.10 m -> usable
[controller_server-10] [INFO] [1790927081.461432410] [controller_server]: Passing new path to controller.
[planner_server-12] [INFO] [1790927081.675211735] [global_costmap.global_costmap]: StaticLayer: Resizing costmap to 231 X 236 at 0.100000 m/pix
[rviz2-7] [INFO] [1790927081.723045144] [rviz2]: Trying to create a map of size 231 x 237 using 1 swatches
[controller_server-10] [INFO] [1790927081.809008135] [local_costmap.local_costmap]: StaticLayer: Resizing static layer to 231 X 237 at 0.100000 m/pix
[controller_server-10] [INFO] [1790927082.461436879] [controller_server]: Passing new path to controller.
[INFO] [1790927082.487592789] [mapex_explorer]: Main /plan diagnostic: poses=196, endpoint=(-1.14, -8.44), frontier=(-1.14, -8.44), endpoint_to_frontier=0.000 m, limit=0.10 m -> usable
[planner_server-12] [INFO] [1790927082.675217483] [global_costmap.global_costmap]: StaticLayer: Resizing costmap to 231 X 237 at 0.100000 m/pix
[rviz2-7] [INFO] [1790927082.711104125] [rviz2]: Trying to create a map of size 231 x 242 using 1 swatches
[controller_server-10] [INFO] [1790927082.809038174] [local_costmap.local_costmap]: StaticLayer: Resizing static layer to 231 X 242 at 0.100000 m/pix
[INFO] [1790927083.491417638] [mapex_explorer]: Main /plan diagnostic: poses=188, endpoint=(-1.14, -8.44), frontier=(-1.14, -8.44), endpoint_to_frontier=0.000 m, limit=0.10 m -> usable
[controller_server-10] [INFO] [1790927083.528085384] [controller_server]: Passing new path to controller.
[planner_server-12] [INFO] [1790927083.675221102] [global_costmap.global_costmap]: StaticLayer: Resizing costmap to 231 X 242 at 0.100000 m/pix
[controller_server-10] [INFO] [1790927083.809011137] [local_costmap.local_costmap]: StaticLayer: Resizing static layer to 231 X 242 at 0.100000 m/pix
[controller_server-10] [INFO] [1790927084.528071131] [controller_server]: Passing new path to controller.
[INFO] [1790927084.533191836] [mapex_explorer]: Main /plan diagnostic: poses=176, endpoint=(-1.14, -8.44), frontier=(-1.14, -8.44), endpoint_to_frontier=0.000 m, limit=0.10 m -> usable
[planner_server-12] [INFO] [1790927084.675318580] [global_costmap.global_costmap]: StaticLayer: Resizing costmap to 231 X 242 at 0.100000 m/pix
[controller_server-10] [INFO] [1790927084.809290986] [local_costmap.local_costmap]: StaticLayer: Resizing static layer to 231 X 242 at 0.100000 m/pix
[INFO] [1790927085.552472885] [mapex_explorer]: Main /plan diagnostic: poses=167, endpoint=(-1.14, -8.44), frontier=(-1.14, -8.44), endpoint_to_frontier=0.000 m, limit=0.10 m -> usable
[controller_server-10] [INFO] [1790927085.594776598] [controller_server]: Passing new path to controller.
[planner_server-12] [INFO] [1790927085.675273534] [global_costmap.global_costmap]: StaticLayer: Resizing costmap to 231 X 242 at 0.100000 m/pix
[rviz2-7] [INFO] [1790927085.722125381] [rviz2]: Trying to create a map of size 232 x 242 using 1 swatches
[controller_server-10] [INFO] [1790927085.809020825] [local_costmap.local_costmap]: StaticLayer: Resizing static layer to 232 X 242 at 0.100000 m/pix
[INFO] [1790927086.581708779] [mapex_explorer]: Main /plan diagnostic: poses=156, endpoint=(-1.14, -8.44), frontier=(-1.14, -8.44), endpoint_to_frontier=0.000 m, limit=0.10 m -> usable
[controller_server-10] [INFO] [1790927086.594733960] [controller_server]: Passing new path to controller.
[planner_server-12] [INFO] [1790927086.675218584] [global_costmap.global_costmap]: StaticLayer: Resizing costmap to 232 X 242 at 0.100000 m/pix
[INFO] [1790927087.587917330] [mapex_explorer]: Main /plan diagnostic: poses=147, endpoint=(-1.14, -8.44), frontier=(-1.14, -8.44), endpoint_to_frontier=0.000 m, limit=0.10 m -> usable
[controller_server-10] [INFO] [1790927087.594763600] [controller_server]: Passing new path to controller.
[INFO] [1790927088.613706664] [mapex_explorer]: Main /plan diagnostic: poses=137, endpoint=(-1.14, -8.44), frontier=(-1.14, -8.44), endpoint_to_frontier=0.000 m, limit=0.10 m -> usable
[controller_server-10] [INFO] [1790927088.661403581] [controller_server]: Passing new path to controller.
[rviz2-7] [INFO] [1790927088.730542960] [rviz2]: Trying to create a map of size 239 x 242 using 1 swatches
[controller_server-10] [INFO] [1790927088.809016072] [local_costmap.local_costmap]: StaticLayer: Resizing static layer to 239 X 242 at 0.100000 m/pix
[INFO] [1790927089.638801041] [mapex_explorer]: Main /plan diagnostic: poses=127, endpoint=(-1.14, -8.44), frontier=(-1.14, -8.44), endpoint_to_frontier=0.000 m, limit=0.10 m -> usable
[controller_server-10] [INFO] [1790927089.661435656] [controller_server]: Passing new path to controller.
[planner_server-12] [INFO] [1790927089.675251826] [global_costmap.global_costmap]: StaticLayer: Resizing costmap to 239 X 242 at 0.100000 m/pix
[rviz2-7] [INFO] [1790927089.721930544] [rviz2]: Trying to create a map of size 248 x 242 using 1 swatches
[controller_server-10] [INFO] [1790927089.809007305] [local_costmap.local_costmap]: StaticLayer: Resizing static layer to 248 X 242 at 0.100000 m/pix
[planner_server-12] [INFO] [1790927090.675212451] [global_costmap.global_costmap]: StaticLayer: Resizing costmap to 248 X 242 at 0.100000 m/pix
[INFO] [1790927090.715347123] [mapex_explorer]: Main /plan diagnostic: poses=118, endpoint=(-1.14, -8.44), frontier=(-1.14, -8.44), endpoint_to_frontier=0.000 m, limit=0.10 m -> usable
[controller_server-10] [INFO] [1790927090.728070316] [controller_server]: Passing new path to controller.
[controller_server-10] [INFO] [1790927090.809193724] [local_costmap.local_costmap]: StaticLayer: Resizing static layer to 248 X 242 at 0.100000 m/pix
[planner_server-12] [INFO] [1790927091.675451499] [global_costmap.global_costmap]: StaticLayer: Resizing costmap to 248 X 242 at 0.100000 m/pix
[INFO] [1790927091.702490026] [mapex_explorer]: Main /plan diagnostic: poses=107, endpoint=(-1.14, -8.44), frontier=(-1.14, -8.44), endpoint_to_frontier=0.000 m, limit=0.10 m -> usable
[controller_server-10] [INFO] [1790927091.728071304] [controller_server]: Passing new path to controller.
[controller_server-10] [INFO] [1790927092.728074468] [controller_server]: Passing new path to controller.
[INFO] [1790927092.755552615] [mapex_explorer]: Main /plan diagnostic: poses=97, endpoint=(-1.14, -8.44), frontier=(-1.14, -8.44), endpoint_to_frontier=0.000 m, limit=0.10 m -> usable
[controller_server-10] [INFO] [1790927092.809065288] [local_costmap.local_costmap]: StaticLayer: Resizing static layer to 248 X 242 at 0.100000 m/pix
[planner_server-12] [INFO] [1790927093.675210396] [global_costmap.global_costmap]: StaticLayer: Resizing costmap to 248 X 242 at 0.100000 m/pix
[INFO] [1790927093.732867993] [mapex_explorer]: Main /plan diagnostic: poses=90, endpoint=(-1.14, -8.44), frontier=(-1.14, -8.44), endpoint_to_frontier=0.000 m, limit=0.10 m -> usable
[controller_server-10] [INFO] [1790927093.794760121] [controller_server]: Passing new path to controller.
[INFO] [1790927094.755985703] [mapex_explorer]: Main /plan diagnostic: poses=80, endpoint=(-1.14, -8.44), frontier=(-1.14, -8.44), endpoint_to_frontier=0.000 m, limit=0.10 m -> usable
[controller_server-10] [INFO] [1790927094.794785672] [controller_server]: Passing new path to controller.
[controller_server-10] [INFO] [1790927095.794735529] [controller_server]: Passing new path to controller.
[INFO] [1790927095.804640206] [mapex_explorer]: Main /plan diagnostic: poses=70, endpoint=(-1.14, -8.44), frontier=(-1.14, -8.44), endpoint_to_frontier=0.000 m, limit=0.10 m -> usable
[INFO] [1790927096.821461826] [mapex_explorer]: Main /plan diagnostic: poses=59, endpoint=(-1.14, -8.44), frontier=(-1.14, -8.44), endpoint_to_frontier=0.000 m, limit=0.10 m -> usable
[controller_server-10] [INFO] [1790927096.861431475] [controller_server]: Passing new path to controller.
[INFO] [1790927097.845484656] [mapex_explorer]: Main /plan diagnostic: poses=47, endpoint=(-1.14, -8.44), frontier=(-1.14, -8.44), endpoint_to_frontier=0.000 m, limit=0.10 m -> usable
[controller_server-10] [INFO] [1790927097.861438887] [controller_server]: Passing new path to controller.
[INFO] [1790927098.859897230] [mapex_explorer]: Main /plan diagnostic: poses=39, endpoint=(-1.14, -8.44), frontier=(-1.14, -8.44), endpoint_to_frontier=0.000 m, limit=0.10 m -> usable
[controller_server-10] [INFO] [1790927098.861418044] [controller_server]: Passing new path to controller.
[INFO] [1790927099.879678342] [mapex_explorer]: Main /plan diagnostic: poses=27, endpoint=(-1.14, -8.44), frontier=(-1.14, -8.44), endpoint_to_frontier=0.000 m, limit=0.10 m -> usable
[controller_server-10] [INFO] [1790927099.928103368] [controller_server]: Passing new path to controller.
[INFO] [1790927100.898279658] [mapex_explorer]: Main /plan diagnostic: poses=19, endpoint=(-1.14, -8.44), frontier=(-1.14, -8.44), endpoint_to_frontier=0.000 m, limit=0.10 m -> usable
[controller_server-10] [INFO] [1790927100.928099778] [controller_server]: Passing new path to controller.
[INFO] [1790927101.928263554] [mapex_explorer]: Main /plan diagnostic: poses=11, endpoint=(-1.14, -8.44), frontier=(-1.14, -8.44), endpoint_to_frontier=0.000 m, limit=0.10 m -> usable
[controller_server-10] [INFO] [1790927101.994763366] [controller_server]: Passing new path to controller.
[controller_server-10] [INFO] [1790927102.929575873] [controller_server]: Reached the goal!
[controller_server-10] [INFO] [1790927102.929779073] [controller_server]: Optimizer reset
[bt_navigator-15] [INFO] [1790927102.957271854] [bt_navigator]: Goal succeeded
[INFO] [1790927102.976833831] [mapex_explorer]: Main /plan diagnostic: poses=7, endpoint=(-1.14, -8.44), frontier=(-1.14, -8.44), endpoint_to_frontier=0.000 m, limit=0.10 m -> usable
[INFO] [1790927102.981487740] [mapex_explorer]: Goal reached
[INFO] [1790927106.418071861] [mapex_explorer]: MapEx decision 4: selected x=-6.00, y=-6.25, IG=88.188675, distance=5.35 m, score=16.491728, region=24, candidates=13, near_fallback=False, compute=3.34 s
[bt_navigator-15] [INFO] [1790927106.418768275] [bt_navigator]: Begin navigating from current location (-0.99, -8.13) to (-6.00, -6.25)
[controller_server-10] [INFO] [1790927106.439364290] [controller_server]: Received a goal, begin computing control effort.
[INFO] [1790927106.501266089] [mapex_explorer]: Main goal accepted
[INFO] [1790927106.518222669] [mapex_explorer]: Main /plan diagnostic: poses=218, endpoint=(-6.00, -6.25), frontier=(-6.00, -6.25), endpoint_to_frontier=0.000 m, limit=0.10 m -> usable
[INFO] [1790927107.473587175] [mapex_explorer]: Main /plan diagnostic: poses=215, endpoint=(-6.00, -6.25), frontier=(-6.00, -6.25), endpoint_to_frontier=0.000 m, limit=0.10 m -> usable
[controller_server-10] [INFO] [1790927107.507081770] [controller_server]: Passing new path to controller.
[INFO] [1790927108.499983414] [mapex_explorer]: Main /plan diagnostic: poses=209, endpoint=(-6.00, -6.25), frontier=(-6.00, -6.25), endpoint_to_frontier=0.000 m, limit=0.10 m -> usable
[controller_server-10] [INFO] [1790927108.506176568] [controller_server]: Passing new path to controller.
[INFO] [1790927109.529496119] [mapex_explorer]: Main /plan diagnostic: poses=208, endpoint=(-6.00, -6.25), frontier=(-6.00, -6.25), endpoint_to_frontier=0.000 m, limit=0.10 m -> usable
[controller_server-10] [INFO] [1790927109.572830128] [controller_server]: Passing new path to controller.
[INFO] [1790927110.537146587] [mapex_explorer]: Main /plan diagnostic: poses=204, endpoint=(-6.00, -6.25), frontier=(-6.00, -6.25), endpoint_to_frontier=0.000 m, limit=0.10 m -> usable
[controller_server-10] [INFO] [1790927110.572847913] [controller_server]: Passing new path to controller.
[INFO] [1790927111.572334595] [mapex_explorer]: Main /plan diagnostic: poses=202, endpoint=(-6.00, -6.25), frontier=(-6.00, -6.25), endpoint_to_frontier=0.000 m, limit=0.10 m -> usable
[controller_server-10] [INFO] [1790927111.639586627] [controller_server]: Passing new path to controller.
[INFO] [1790927112.600417259] [mapex_explorer]: Main /plan diagnostic: poses=193, endpoint=(-6.00, -6.25), frontier=(-6.00, -6.25), endpoint_to_frontier=0.000 m, limit=0.10 m -> usable
[controller_server-10] [INFO] [1790927112.639501635] [controller_server]: Passing new path to controller.
[INFO] [1790927113.611805963] [mapex_explorer]: Main /plan diagnostic: poses=182, endpoint=(-6.00, -6.25), frontier=(-6.00, -6.25), endpoint_to_frontier=0.000 m, limit=0.10 m -> usable
[controller_server-10] [INFO] [1790927113.639495315] [controller_server]: Passing new path to controller.
[controller_server-10] [INFO] [1790927114.639494353] [controller_server]: Passing new path to controller.
[INFO] [1790927114.693079868] [mapex_explorer]: Main /plan diagnostic: poses=174, endpoint=(-6.00, -6.25), frontier=(-6.00, -6.25), endpoint_to_frontier=0.000 m, limit=0.10 m -> usable
[INFO] [1790927115.653616449] [mapex_explorer]: Main /plan diagnostic: poses=161, endpoint=(-6.00, -6.25), frontier=(-6.00, -6.25), endpoint_to_frontier=0.000 m, limit=0.10 m -> usable
[controller_server-10] [INFO] [1790927115.706177467] [controller_server]: Passing new path to controller.
[INFO] [1790927116.689404430] [mapex_explorer]: Main /plan diagnostic: poses=152, endpoint=(-6.00, -6.25), frontier=(-6.00, -6.25), endpoint_to_frontier=0.000 m, limit=0.10 m -> usable
[controller_server-10] [INFO] [1790927116.706160958] [controller_server]: Passing new path to controller.
[INFO] [1790927117.720638541] [mapex_explorer]: Main /plan diagnostic: poses=142, endpoint=(-6.00, -6.25), frontier=(-6.00, -6.25), endpoint_to_frontier=0.000 m, limit=0.10 m -> usable
[controller_server-10] [INFO] [1790927117.772871094] [controller_server]: Passing new path to controller.
[INFO] [1790927118.770638167] [mapex_explorer]: Main /plan diagnostic: poses=132, endpoint=(-6.00, -6.25), frontier=(-6.00, -6.25), endpoint_to_frontier=0.000 m, limit=0.10 m -> usable
[controller_server-10] [INFO] [1790927118.772829906] [controller_server]: Passing new path to controller.
[INFO] [1790927119.786083017] [mapex_explorer]: Main /plan diagnostic: poses=122, endpoint=(-6.00, -6.25), frontier=(-6.00, -6.25), endpoint_to_frontier=0.000 m, limit=0.10 m -> usable
[controller_server-10] [INFO] [1790927119.839503471] [controller_server]: Passing new path to controller.
[INFO] [1790927120.807158482] [mapex_explorer]: Main /plan diagnostic: poses=111, endpoint=(-6.00, -6.25), frontier=(-6.00, -6.25), endpoint_to_frontier=0.000 m, limit=0.10 m -> usable
[controller_server-10] [INFO] [1790927120.839505633] [controller_server]: Passing new path to controller.
[INFO] [1790927121.826053177] [mapex_explorer]: Main /plan diagnostic: poses=101, endpoint=(-6.00, -6.25), frontier=(-6.00, -6.25), endpoint_to_frontier=0.000 m, limit=0.10 m -> usable
[controller_server-10] [INFO] [1790927121.839492954] [controller_server]: Passing new path to controller.
[INFO] [1790927122.852616716] [mapex_explorer]: Main /plan diagnostic: poses=91, endpoint=(-6.00, -6.25), frontier=(-6.00, -6.25), endpoint_to_frontier=0.000 m, limit=0.10 m -> usable
[controller_server-10] [INFO] [1790927122.906200952] [controller_server]: Passing new path to controller.
[INFO] [1790927123.905444979] [mapex_explorer]: Main /plan diagnostic: poses=81, endpoint=(-6.00, -6.25), frontier=(-6.00, -6.25), endpoint_to_frontier=0.000 m, limit=0.10 m -> usable
[controller_server-10] [INFO] [1790927123.906179538] [controller_server]: Passing new path to controller.
[controller_server-10] [INFO] [1790927124.809014314] [local_costmap.local_costmap]: StaticLayer: Resizing static layer to 248 X 242 at 0.100000 m/pix
[INFO] [1790927124.915798099] [mapex_explorer]: Main /plan diagnostic: poses=71, endpoint=(-6.00, -6.25), frontier=(-6.00, -6.25), endpoint_to_frontier=0.000 m, limit=0.10 m -> usable
[controller_server-10] [INFO] [1790927124.972833686] [controller_server]: Passing new path to controller.
[planner_server-12] [INFO] [1790927125.675230835] [global_costmap.global_costmap]: StaticLayer: Resizing costmap to 248 X 242 at 0.100000 m/pix
[controller_server-10] [INFO] [1790927125.809012928] [local_costmap.local_costmap]: StaticLayer: Resizing static layer to 248 X 242 at 0.100000 m/pix
[INFO] [1790927125.952493547] [mapex_explorer]: Main /plan diagnostic: poses=61, endpoint=(-6.00, -6.25), frontier=(-6.00, -6.25), endpoint_to_frontier=0.000 m, limit=0.10 m -> usable
[controller_server-10] [INFO] [1790927125.972843135] [controller_server]: Passing new path to controller.
[planner_server-12] [INFO] [1790927126.675213985] [global_costmap.global_costmap]: StaticLayer: Resizing costmap to 248 X 242 at 0.100000 m/pix
[INFO] [1790927126.979533368] [mapex_explorer]: Main /plan diagnostic: poses=51, endpoint=(-6.00, -6.25), frontier=(-6.00, -6.25), endpoint_to_frontier=0.000 m, limit=0.10 m -> usable
[controller_server-10] [INFO] [1790927127.039518912] [controller_server]: Passing new path to controller.
[INFO] [1790927127.999799514] [mapex_explorer]: Main /plan diagnostic: poses=41, endpoint=(-6.00, -6.25), frontier=(-6.00, -6.25), endpoint_to_frontier=0.000 m, limit=0.10 m -> usable
[controller_server-10] [INFO] [1790927128.039455797] [controller_server]: Passing new path to controller.
[controller_server-10] [INFO] [1790927129.039508358] [controller_server]: Passing new path to controller.
[INFO] [1790927129.074813988] [mapex_explorer]: Main /plan diagnostic: poses=32, endpoint=(-6.00, -6.25), frontier=(-6.00, -6.25), endpoint_to_frontier=0.000 m, limit=0.10 m -> usable
[INFO] [1790927130.049362743] [mapex_explorer]: Main /plan diagnostic: poses=21, endpoint=(-6.00, -6.25), frontier=(-6.00, -6.25), endpoint_to_frontier=0.000 m, limit=0.10 m -> usable
[controller_server-10] [INFO] [1790927130.106204486] [controller_server]: Passing new path to controller.
[INFO] [1790927131.061948283] [mapex_explorer]: Main /plan diagnostic: poses=13, endpoint=(-6.00, -6.25), frontier=(-6.00, -6.25), endpoint_to_frontier=0.000 m, limit=0.10 m -> usable
[controller_server-10] [INFO] [1790927131.106162296] [controller_server]: Passing new path to controller.
[INFO] [1790927132.095369494] [mapex_explorer]: Main /plan diagnostic: poses=9, endpoint=(-6.00, -6.25), frontier=(-6.00, -6.25), endpoint_to_frontier=0.000 m, limit=0.10 m -> usable
[controller_server-10] [INFO] [1790927132.172828392] [controller_server]: Passing new path to controller.
[controller_server-10] [INFO] [1790927132.508831091] [controller_server]: Reached the goal!
[controller_server-10] [INFO] [1790927132.509105054] [controller_server]: Optimizer reset
[bt_navigator-15] [INFO] [1790927132.529559734] [bt_navigator]: Goal succeeded
[INFO] [1790927132.535422569] [mapex_explorer]: Goal reached
[INFO] [1790927136.341300095] [mapex_explorer]: MapEx decision 5: selected x=-1.42, y=8.35, IG=130.994659, distance=14.98 m, score=8.744299, region=130, candidates=10, near_fallback=False, compute=3.27 s
[bt_navigator-15] [INFO] [1790927136.343238606] [bt_navigator]: Begin navigating from current location (-5.89, -5.95) to (-1.42, 8.35)
[controller_server-10] [INFO] [1790927136.365935063] [controller_server]: Received a goal, begin computing control effort.
[INFO] [1790927136.571285639] [mapex_explorer]: Main goal accepted
[INFO] [1790927136.605862237] [mapex_explorer]: Main /plan diagnostic: poses=383, endpoint=(-1.42, 8.35), frontier=(-1.42, 8.35), endpoint_to_frontier=0.000 m, limit=0.10 m -> usable
[INFO] [1790927137.418398257] [mapex_explorer]: Main /plan diagnostic: poses=377, endpoint=(-1.42, 8.35), frontier=(-1.42, 8.35), endpoint_to_frontier=0.000 m, limit=0.10 m -> usable
[controller_server-10] [INFO] [1790927137.432798755] [controller_server]: Passing new path to controller.
[controller_server-10] [INFO] [1790927138.432836693] [controller_server]: Passing new path to controller.
[INFO] [1790927138.441016362] [mapex_explorer]: Main /plan diagnostic: poses=370, endpoint=(-1.42, 8.35), frontier=(-1.42, 8.35), endpoint_to_frontier=0.000 m, limit=0.10 m -> usable
[INFO] [1790927139.446621295] [mapex_explorer]: Main /plan diagnostic: poses=365, endpoint=(-1.42, 8.35), frontier=(-1.42, 8.35), endpoint_to_frontier=0.000 m, limit=0.10 m -> usable
[controller_server-10] [INFO] [1790927139.499514966] [controller_server]: Passing new path to controller.
[controller_server-10] [INFO] [1790927140.499504184] [controller_server]: Passing new path to controller.
[INFO] [1790927140.569373016] [mapex_explorer]: Main /plan diagnostic: poses=363, endpoint=(-1.42, 8.35), frontier=(-1.42, 8.35), endpoint_to_frontier=0.000 m, limit=0.10 m -> usable
[INFO] [1790927141.530173661] [mapex_explorer]: Main /plan diagnostic: poses=363, endpoint=(-1.42, 8.35), frontier=(-1.42, 8.35), endpoint_to_frontier=0.000 m, limit=0.10 m -> usable
[controller_server-10] [INFO] [1790927141.566128296] [controller_server]: Passing new path to controller.
[controller_server-10] [INFO] [1790927142.566130445] [controller_server]: Passing new path to controller.
[INFO] [1790927142.567282218] [mapex_explorer]: Main /plan diagnostic: poses=353, endpoint=(-1.42, 8.35), frontier=(-1.42, 8.35), endpoint_to_frontier=0.000 m, limit=0.10 m -> usable
[INFO] [1790927143.559814979] [mapex_explorer]: Main /plan diagnostic: poses=343, endpoint=(-1.42, 8.35), frontier=(-1.42, 8.35), endpoint_to_frontier=0.000 m, limit=0.10 m -> usable
[controller_server-10] [INFO] [1790927143.566125102] [controller_server]: Passing new path to controller.
[INFO] [1790927144.594894731] [mapex_explorer]: Main /plan diagnostic: poses=333, endpoint=(-1.42, 8.35), frontier=(-1.42, 8.35), endpoint_to_frontier=0.000 m, limit=0.10 m -> usable
[controller_server-10] [INFO] [1790927144.632801611] [controller_server]: Passing new path to controller.
[INFO] [1790927145.597912658] [mapex_explorer]: Main /plan diagnostic: poses=323, endpoint=(-1.42, 8.35), frontier=(-1.42, 8.35), endpoint_to_frontier=0.000 m, limit=0.10 m -> usable
[controller_server-10] [INFO] [1790927145.632818914] [controller_server]: Passing new path to controller.
[controller_server-10] [INFO] [1790927146.632824547] [controller_server]: Passing new path to controller.
[INFO] [1790927146.943762350] [mapex_explorer]: Main /plan diagnostic: poses=313, endpoint=(-1.42, 8.35), frontier=(-1.42, 8.35), endpoint_to_frontier=0.000 m, limit=0.10 m -> usable
[INFO] [1790927147.656049978] [mapex_explorer]: Main /plan diagnostic: poses=302, endpoint=(-1.42, 8.35), frontier=(-1.42, 8.35), endpoint_to_frontier=0.000 m, limit=0.10 m -> usable
[controller_server-10] [INFO] [1790927147.699524324] [controller_server]: Passing new path to controller.
[controller_server-10] [INFO] [1790927148.699471570] [controller_server]: Passing new path to controller.
[INFO] [1790927148.744032341] [mapex_explorer]: Main /plan diagnostic: poses=292, endpoint=(-1.42, 8.35), frontier=(-1.42, 8.35), endpoint_to_frontier=0.000 m, limit=0.10 m -> usable
[INFO] [1790927149.701575490] [mapex_explorer]: Main /plan diagnostic: poses=282, endpoint=(-1.42, 8.35), frontier=(-1.42, 8.35), endpoint_to_frontier=0.000 m, limit=0.10 m -> usable
[controller_server-10] [INFO] [1790927149.766127444] [controller_server]: Passing new path to controller.
[controller_server-10] [INFO] [1790927150.766125028] [controller_server]: Passing new path to controller.
[INFO] [1790927150.778073645] [mapex_explorer]: Main /plan diagnostic: poses=272, endpoint=(-1.42, 8.35), frontier=(-1.42, 8.35), endpoint_to_frontier=0.000 m, limit=0.10 m -> usable
[controller_server-10] [INFO] [1790927151.766152565] [controller_server]: Passing new path to controller.
[INFO] [1790927151.768399435] [mapex_explorer]: Main /plan diagnostic: poses=263, endpoint=(-1.42, 8.35), frontier=(-1.42, 8.35), endpoint_to_frontier=0.000 m, limit=0.10 m -> usable
[INFO] [1790927152.775848433] [mapex_explorer]: Main /plan diagnostic: poses=253, endpoint=(-1.42, 8.35), frontier=(-1.42, 8.35), endpoint_to_frontier=0.000 m, limit=0.10 m -> usable
[controller_server-10] [INFO] [1790927152.832977443] [controller_server]: Passing new path to controller.
[INFO] [1790927153.819567806] [mapex_explorer]: Main /plan diagnostic: poses=243, endpoint=(-1.42, 8.35), frontier=(-1.42, 8.35), endpoint_to_frontier=0.000 m, limit=0.10 m -> usable
[controller_server-10] [INFO] [1790927153.832792787] [controller_server]: Passing new path to controller.
[INFO] [1790927154.831518536] [mapex_explorer]: Main /plan diagnostic: poses=233, endpoint=(-1.42, 8.35), frontier=(-1.42, 8.35), endpoint_to_frontier=0.000 m, limit=0.10 m -> usable
[controller_server-10] [INFO] [1790927154.832935446] [controller_server]: Passing new path to controller.
[INFO] [1790927155.847831878] [mapex_explorer]: Main /plan diagnostic: poses=223, endpoint=(-1.42, 8.35), frontier=(-1.42, 8.35), endpoint_to_frontier=0.000 m, limit=0.10 m -> usable
[controller_server-10] [INFO] [1790927155.899462491] [controller_server]: Passing new path to controller.
[INFO] [1790927156.866584313] [mapex_explorer]: Main /plan diagnostic: poses=214, endpoint=(-1.42, 8.35), frontier=(-1.42, 8.35), endpoint_to_frontier=0.000 m, limit=0.10 m -> usable
[controller_server-10] [INFO] [1790927156.899468559] [controller_server]: Passing new path to controller.
[INFO] [1790927157.931787889] [mapex_explorer]: Main /plan diagnostic: poses=203, endpoint=(-1.42, 8.35), frontier=(-1.42, 8.35), endpoint_to_frontier=0.000 m, limit=0.10 m -> usable
[controller_server-10] [INFO] [1790927157.966144220] [controller_server]: Passing new path to controller.
[INFO] [1790927158.917813250] [mapex_explorer]: Main /plan diagnostic: poses=193, endpoint=(-1.42, 8.35), frontier=(-1.42, 8.35), endpoint_to_frontier=0.000 m, limit=0.10 m -> usable
[controller_server-10] [INFO] [1790927158.966149692] [controller_server]: Passing new path to controller.
[INFO] [1790927159.950843924] [mapex_explorer]: Main /plan diagnostic: poses=183, endpoint=(-1.42, 8.35), frontier=(-1.42, 8.35), endpoint_to_frontier=0.000 m, limit=0.10 m -> usable
[controller_server-10] [INFO] [1790927159.966132620] [controller_server]: Passing new path to controller.
[rviz2-7] [INFO] [1790927160.760120519] [rviz2]: Trying to create a map of size 248 x 249 using 1 swatches
[controller_server-10] [INFO] [1790927160.809071337] [local_costmap.local_costmap]: StaticLayer: Resizing static layer to 248 X 249 at 0.100000 m/pix
[INFO] [1790927160.989376594] [mapex_explorer]: Main /plan diagnostic: poses=173, endpoint=(-1.42, 8.35), frontier=(-1.42, 8.35), endpoint_to_frontier=0.000 m, limit=0.10 m -> usable
[controller_server-10] [INFO] [1790927161.032798264] [controller_server]: Passing new path to controller.
[planner_server-12] [INFO] [1790927161.675241844] [global_costmap.global_costmap]: StaticLayer: Resizing costmap to 248 X 249 at 0.100000 m/pix
[INFO] [1790927161.996755037] [mapex_explorer]: Main /plan diagnostic: poses=162, endpoint=(-1.42, 8.35), frontier=(-1.42, 8.35), endpoint_to_frontier=0.000 m, limit=0.10 m -> usable
[controller_server-10] [INFO] [1790927162.032804344] [controller_server]: Passing new path to controller.
[controller_server-10] [INFO] [1790927163.032797365] [controller_server]: Passing new path to controller.
[INFO] [1790927163.073278095] [mapex_explorer]: Main /plan diagnostic: poses=153, endpoint=(-1.42, 8.35), frontier=(-1.42, 8.35), endpoint_to_frontier=0.000 m, limit=0.10 m -> usable
[INFO] [1790927164.033892930] [mapex_explorer]: Main /plan diagnostic: poses=144, endpoint=(-1.42, 8.35), frontier=(-1.42, 8.35), endpoint_to_frontier=0.000 m, limit=0.10 m -> usable
[controller_server-10] [INFO] [1790927164.099463349] [controller_server]: Passing new path to controller.
[INFO] [1790927165.055938340] [mapex_explorer]: Main /plan diagnostic: poses=134, endpoint=(-1.42, 8.35), frontier=(-1.42, 8.35), endpoint_to_frontier=0.000 m, limit=0.10 m -> usable
[controller_server-10] [INFO] [1790927165.099489364] [controller_server]: Passing new path to controller.
[INFO] [1790927166.093444167] [mapex_explorer]: Main /plan diagnostic: poses=124, endpoint=(-1.42, 8.35), frontier=(-1.42, 8.35), endpoint_to_frontier=0.000 m, limit=0.10 m -> usable
[controller_server-10] [INFO] [1790927166.099484803] [controller_server]: Passing new path to controller.
[INFO] [1790927167.110937374] [mapex_explorer]: Main /plan diagnostic: poses=113, endpoint=(-1.42, 8.35), frontier=(-1.42, 8.35), endpoint_to_frontier=0.000 m, limit=0.10 m -> usable
[controller_server-10] [INFO] [1790927167.166175227] [controller_server]: Passing new path to controller.
[INFO] [1790927168.149302271] [mapex_explorer]: Main /plan diagnostic: poses=103, endpoint=(-1.42, 8.35), frontier=(-1.42, 8.35), endpoint_to_frontier=0.000 m, limit=0.10 m -> usable
[controller_server-10] [INFO] [1790927168.166124511] [controller_server]: Passing new path to controller.
[INFO] [1790927169.163317588] [mapex_explorer]: Main /plan diagnostic: poses=93, endpoint=(-1.42, 8.35), frontier=(-1.42, 8.35), endpoint_to_frontier=0.000 m, limit=0.10 m -> usable
[controller_server-10] [INFO] [1790927169.232794014] [controller_server]: Passing new path to controller.
[INFO] [1790927170.195209539] [mapex_explorer]: Main /plan diagnostic: poses=83, endpoint=(-1.42, 8.35), frontier=(-1.42, 8.35), endpoint_to_frontier=0.000 m, limit=0.10 m -> usable
[controller_server-10] [INFO] [1790927170.232792745] [controller_server]: Passing new path to controller.
[rviz2-7] [INFO] [1790927170.711837911] [rviz2]: Trying to create a map of size 248 x 250 using 1 swatches
[controller_server-10] [INFO] [1790927170.809052268] [local_costmap.local_costmap]: StaticLayer: Resizing static layer to 248 X 250 at 0.100000 m/pix
[INFO] [1790927171.208609878] [mapex_explorer]: Main /plan diagnostic: poses=73, endpoint=(-1.42, 8.35), frontier=(-1.42, 8.35), endpoint_to_frontier=0.000 m, limit=0.10 m -> usable
[controller_server-10] [INFO] [1790927171.232810147] [controller_server]: Passing new path to controller.
[planner_server-12] [INFO] [1790927171.675254896] [global_costmap.global_costmap]: StaticLayer: Resizing costmap to 248 X 250 at 0.100000 m/pix
[INFO] [1790927172.258507988] [mapex_explorer]: Main /plan diagnostic: poses=66, endpoint=(-1.42, 8.35), frontier=(-1.42, 8.35), endpoint_to_frontier=0.000 m, limit=0.10 m -> usable
[controller_server-10] [INFO] [1790927172.299489315] [controller_server]: Passing new path to controller.
[INFO] [1790927173.297984018] [mapex_explorer]: Main /plan diagnostic: poses=56, endpoint=(-1.42, 8.35), frontier=(-1.42, 8.35), endpoint_to_frontier=0.000 m, limit=0.10 m -> usable
[controller_server-10] [INFO] [1790927173.299458872] [controller_server]: Passing new path to controller.
[INFO] [1790927174.289601968] [mapex_explorer]: Main /plan diagnostic: poses=49, endpoint=(-1.42, 8.35), frontier=(-1.42, 8.35), endpoint_to_frontier=0.000 m, limit=0.10 m -> usable
[controller_server-10] [INFO] [1790927174.366123702] [controller_server]: Passing new path to controller.
[INFO] [1790927175.352511636] [mapex_explorer]: Main /plan diagnostic: poses=34, endpoint=(-1.42, 8.35), frontier=(-1.42, 8.35), endpoint_to_frontier=0.000 m, limit=0.10 m -> usable
[controller_server-10] [INFO] [1790927175.366154568] [controller_server]: Passing new path to controller.
[INFO] [1790927176.336744047] [mapex_explorer]: Main /plan diagnostic: poses=24, endpoint=(-1.42, 8.35), frontier=(-1.42, 8.35), endpoint_to_frontier=0.000 m, limit=0.10 m -> usable
[controller_server-10] [INFO] [1790927176.366186426] [controller_server]: Passing new path to controller.
[INFO] [1790927177.358873409] [mapex_explorer]: Main /plan diagnostic: poses=16, endpoint=(-1.42, 8.35), frontier=(-1.42, 8.35), endpoint_to_frontier=0.000 m, limit=0.10 m -> usable
[controller_server-10] [INFO] [1790927177.432830414] [controller_server]: Passing new path to controller.
[INFO] [1790927178.378342378] [mapex_explorer]: Main /plan diagnostic: poses=11, endpoint=(-1.42, 8.35), frontier=(-1.42, 8.35), endpoint_to_frontier=0.000 m, limit=0.10 m -> usable
[controller_server-10] [INFO] [1790927178.432817660] [controller_server]: Passing new path to controller.
[controller_server-10] [INFO] [1790927179.102174040] [controller_server]: Reached the goal!
[controller_server-10] [INFO] [1790927179.102366941] [controller_server]: Optimizer reset
[bt_navigator-15] [INFO] [1790927179.124223808] [bt_navigator]: Goal succeeded
[INFO] [1790927179.127331760] [mapex_explorer]: Goal reached
[INFO] [1790927182.936203210] [mapex_explorer]: MapEx decision 6: selected x=-5.92, y=6.35, IG=76.816956, distance=5.04 m, score=15.226575, region=28, candidates=11, near_fallback=False, compute=2.84 s
[bt_navigator-15] [INFO] [1790927182.937808136] [bt_navigator]: Begin navigating from current location (-1.19, 8.09) to (-5.92, 6.35)
[controller_server-10] [INFO] [1790927182.958484501] [controller_server]: Received a goal, begin computing control effort.
[INFO] [1790927183.025855950] [mapex_explorer]: Main goal accepted
[INFO] [1790927183.037704919] [mapex_explorer]: Main /plan diagnostic: poses=223, endpoint=(-5.92, 6.35), frontier=(-5.92, 6.35), endpoint_to_frontier=0.000 m, limit=0.10 m -> usable
[INFO] [1790927183.991499119] [mapex_explorer]: Main /plan diagnostic: poses=219, endpoint=(-5.92, 6.35), frontier=(-5.92, 6.35), endpoint_to_frontier=0.000 m, limit=0.10 m -> usable
[controller_server-10] [INFO] [1790927184.025333888] [controller_server]: Passing new path to controller.
[INFO] [1790927185.024892636] [mapex_explorer]: Main /plan diagnostic: poses=210, endpoint=(-5.92, 6.35), frontier=(-5.92, 6.35), endpoint_to_frontier=0.000 m, limit=0.10 m -> usable
[controller_server-10] [INFO] [1790927185.025282251] [controller_server]: Passing new path to controller.
[INFO] [1790927186.036989473] [mapex_explorer]: Main /plan diagnostic: poses=204, endpoint=(-5.92, 6.35), frontier=(-5.92, 6.35), endpoint_to_frontier=0.000 m, limit=0.10 m -> usable
[controller_server-10] [INFO] [1790927186.091968532] [controller_server]: Passing new path to controller.
[INFO] [1790927187.078564124] [mapex_explorer]: Main /plan diagnostic: poses=204, endpoint=(-5.92, 6.35), frontier=(-5.92, 6.35), endpoint_to_frontier=0.000 m, limit=0.10 m -> usable
[controller_server-10] [INFO] [1790927187.092034015] [controller_server]: Passing new path to controller.
[INFO] [1790927188.138539776] [mapex_explorer]: Main /plan diagnostic: poses=202, endpoint=(-5.92, 6.35), frontier=(-5.92, 6.35), endpoint_to_frontier=0.000 m, limit=0.10 m -> usable
[controller_server-10] [INFO] [1790927188.158665031] [controller_server]: Passing new path to controller.
[INFO] [1790927189.126819674] [mapex_explorer]: Main /plan diagnostic: poses=197, endpoint=(-5.92, 6.35), frontier=(-5.92, 6.35), endpoint_to_frontier=0.000 m, limit=0.10 m -> usable
[controller_server-10] [INFO] [1790927189.158619478] [controller_server]: Passing new path to controller.
[INFO] [1790927190.149776039] [mapex_explorer]: Main /plan diagnostic: poses=189, endpoint=(-5.92, 6.35), frontier=(-5.92, 6.35), endpoint_to_frontier=0.000 m, limit=0.10 m -> usable
[controller_server-10] [INFO] [1790927190.158617293] [controller_server]: Passing new path to controller.
[controller_server-10] [INFO] [1790927191.225287624] [controller_server]: Passing new path to controller.
[INFO] [1790927191.231917462] [mapex_explorer]: Main /plan diagnostic: poses=176, endpoint=(-5.92, 6.35), frontier=(-5.92, 6.35), endpoint_to_frontier=0.000 m, limit=0.10 m -> usable
[INFO] [1790927192.217398808] [mapex_explorer]: Main /plan diagnostic: poses=166, endpoint=(-5.92, 6.35), frontier=(-5.92, 6.35), endpoint_to_frontier=0.000 m, limit=0.10 m -> usable
[controller_server-10] [INFO] [1790927192.225317692] [controller_server]: Passing new path to controller.
[INFO] [1790927193.257975624] [mapex_explorer]: Main /plan diagnostic: poses=156, endpoint=(-5.92, 6.35), frontier=(-5.92, 6.35), endpoint_to_frontier=0.000 m, limit=0.10 m -> usable
[controller_server-10] [INFO] [1790927193.291975545] [controller_server]: Passing new path to controller.
[controller_server-10] [INFO] [1790927193.809013265] [local_costmap.local_costmap]: StaticLayer: Resizing static layer to 248 X 250 at 0.100000 m/pix
[INFO] [1790927194.265900777] [mapex_explorer]: Main /plan diagnostic: poses=145, endpoint=(-5.92, 6.35), frontier=(-5.92, 6.35), endpoint_to_frontier=0.000 m, limit=0.10 m -> usable
[controller_server-10] [INFO] [1790927194.291950670] [controller_server]: Passing new path to controller.
[planner_server-12] [INFO] [1790927194.675255041] [global_costmap.global_costmap]: StaticLayer: Resizing costmap to 248 X 250 at 0.100000 m/pix
[INFO] [1790927195.276894338] [mapex_explorer]: Main /plan diagnostic: poses=134, endpoint=(-5.92, 6.35), frontier=(-5.92, 6.35), endpoint_to_frontier=0.000 m, limit=0.10 m -> usable
[controller_server-10] [INFO] [1790927195.291959383] [controller_server]: Passing new path to controller.
[async_slam_toolbox_node-9] WARNING: Logging before InitGoogleLogging() is written to STDERR
[async_slam_toolbox_node-9] W20261002 14:46:36.205291  4595 preprocessor.cc:67] Specified options.num_threads: 50 exceeds maximum available from the threading model Ceres was compiled with: 16.  Bounding to maximum number available.
[async_slam_toolbox_node-9] [INFO] [1790927196.213784243] [slam_toolbox]: Adaptive anchor summary: latest_node=361, local_edges=375, loop_history=0, avg_effective_weight=1.788, release_regions=0
[INFO] [1790927196.307409666] [mapex_explorer]: Main /plan diagnostic: poses=129, endpoint=(-5.92, 6.35), frontier=(-5.92, 6.35), endpoint_to_frontier=0.000 m, limit=0.10 m -> usable
[controller_server-10] [INFO] [1790927196.358641741] [controller_server]: Passing new path to controller.
[controller_server-10] [INFO] [1790927196.809017663] [local_costmap.local_costmap]: StaticLayer: Resizing static layer to 248 X 250 at 0.100000 m/pix
[controller_server-10] [INFO] [1790927197.358614666] [controller_server]: Passing new path to controller.
[INFO] [1790927197.379354981] [mapex_explorer]: Main /plan diagnostic: poses=116, endpoint=(-5.92, 6.35), frontier=(-5.92, 6.35), endpoint_to_frontier=0.000 m, limit=0.10 m -> usable
[planner_server-12] [INFO] [1790927197.675202369] [global_costmap.global_costmap]: StaticLayer: Resizing costmap to 248 X 250 at 0.100000 m/pix
[INFO] [1790927198.366108636] [mapex_explorer]: Main /plan diagnostic: poses=106, endpoint=(-5.92, 6.35), frontier=(-5.92, 6.35), endpoint_to_frontier=0.000 m, limit=0.10 m -> usable
[controller_server-10] [INFO] [1790927198.425313996] [controller_server]: Passing new path to controller.
[INFO] [1790927199.386627405] [mapex_explorer]: Main /plan diagnostic: poses=96, endpoint=(-5.92, 6.35), frontier=(-5.92, 6.35), endpoint_to_frontier=0.000 m, limit=0.10 m -> usable
[controller_server-10] [INFO] [1790927199.425289879] [controller_server]: Passing new path to controller.
[INFO] [1790927200.418248077] [mapex_explorer]: Main /plan diagnostic: poses=88, endpoint=(-5.92, 6.35), frontier=(-5.92, 6.35), endpoint_to_frontier=0.000 m, limit=0.10 m -> usable
[controller_server-10] [INFO] [1790927200.492047417] [controller_server]: Passing new path to controller.
[INFO] [1790927201.435280139] [mapex_explorer]: Main /plan diagnostic: poses=78, endpoint=(-5.92, 6.35), frontier=(-5.92, 6.35), endpoint_to_frontier=0.000 m, limit=0.10 m -> usable
[controller_server-10] [INFO] [1790927201.491976813] [controller_server]: Passing new path to controller.
[INFO] [1790927202.465532476] [mapex_explorer]: Main /plan diagnostic: poses=69, endpoint=(-5.92, 6.35), frontier=(-5.92, 6.35), endpoint_to_frontier=0.000 m, limit=0.10 m -> usable
[controller_server-10] [INFO] [1790927202.492035970] [controller_server]: Passing new path to controller.
[INFO] [1790927203.498992663] [mapex_explorer]: Main /plan diagnostic: poses=58, endpoint=(-5.92, 6.35), frontier=(-5.92, 6.35), endpoint_to_frontier=0.000 m, limit=0.10 m -> usable
[controller_server-10] [INFO] [1790927203.558638991] [controller_server]: Passing new path to controller.
[INFO] [1790927204.540372351] [mapex_explorer]: Main /plan diagnostic: poses=48, endpoint=(-5.92, 6.35), frontier=(-5.92, 6.35), endpoint_to_frontier=0.000 m, limit=0.10 m -> usable
[controller_server-10] [INFO] [1790927204.558616605] [controller_server]: Passing new path to controller.
[INFO] [1790927205.546866635] [mapex_explorer]: Main /plan diagnostic: poses=36, endpoint=(-5.92, 6.35), frontier=(-5.92, 6.35), endpoint_to_frontier=0.000 m, limit=0.10 m -> usable
[controller_server-10] [INFO] [1790927205.558625179] [controller_server]: Passing new path to controller.
[INFO] [1790927206.571101529] [mapex_explorer]: Main /plan diagnostic: poses=27, endpoint=(-5.92, 6.35), frontier=(-5.92, 6.35), endpoint_to_frontier=0.000 m, limit=0.10 m -> usable
[controller_server-10] [INFO] [1790927206.625284850] [controller_server]: Passing new path to controller.
[INFO] [1790927207.618962360] [mapex_explorer]: Main /plan diagnostic: poses=17, endpoint=(-5.92, 6.35), frontier=(-5.92, 6.35), endpoint_to_frontier=0.000 m, limit=0.10 m -> usable
[controller_server-10] [INFO] [1790927207.625282010] [controller_server]: Passing new path to controller.
[INFO] [1790927208.639048793] [mapex_explorer]: Main /plan diagnostic: poses=13, endpoint=(-5.92, 6.35), frontier=(-5.92, 6.35), endpoint_to_frontier=0.000 m, limit=0.10 m -> usable
[controller_server-10] [INFO] [1790927208.691970646] [controller_server]: Passing new path to controller.
[controller_server-10] [INFO] [1790927209.560646132] [controller_server]: Reached the goal!
[controller_server-10] [INFO] [1790927209.560988509] [controller_server]: Optimizer reset
[bt_navigator-15] [INFO] [1790927209.588800838] [bt_navigator]: Goal succeeded
[INFO] [1790927209.590705627] [mapex_explorer]: Goal reached
[INFO] [1790927212.842299543] [mapex_explorer]: MapEx decision 7: selected x=2.28, y=11.05, IG=41.180737, distance=9.53 m, score=4.321550, region=76, candidates=8, near_fallback=False, compute=2.75 s
[bt_navigator-15] [INFO] [1790927212.844004936] [bt_navigator]: Begin navigating from current location (-5.83, 6.04) to (2.28, 11.05)
[controller_server-10] [INFO] [1790927212.864575599] [controller_server]: Received a goal, begin computing control effort.
[INFO] [1790927213.032269587] [mapex_explorer]: Main goal accepted
[INFO] [1790927213.040740346] [mapex_explorer]: Main /plan diagnostic: poses=264, endpoint=(2.28, 11.05), frontier=(2.28, 11.05), endpoint_to_frontier=0.000 m, limit=0.10 m -> usable
[controller_server-10] [INFO] [1790927213.931374724] [controller_server]: Passing new path to controller.
[INFO] [1790927213.966978781] [mapex_explorer]: Main /plan diagnostic: poses=260, endpoint=(2.28, 11.05), frontier=(2.28, 11.05), endpoint_to_frontier=0.000 m, limit=0.10 m -> usable
[controller_server-10] [INFO] [1790927214.809093082] [local_costmap.local_costmap]: StaticLayer: Resizing static layer to 248 X 250 at 0.100000 m/pix
[INFO] [1790927214.907755280] [mapex_explorer]: Main /plan diagnostic: poses=250, endpoint=(2.28, 11.05), frontier=(2.28, 11.05), endpoint_to_frontier=0.000 m, limit=0.10 m -> usable
[controller_server-10] [INFO] [1790927214.931376786] [controller_server]: Passing new path to controller.
[planner_server-12] [INFO] [1790927215.675210099] [global_costmap.global_costmap]: StaticLayer: Resizing costmap to 248 X 250 at 0.100000 m/pix
[INFO] [1790927215.940000463] [mapex_explorer]: Main /plan diagnostic: poses=246, endpoint=(2.28, 11.05), frontier=(2.28, 11.05), endpoint_to_frontier=0.000 m, limit=0.10 m -> usable
[controller_server-10] [INFO] [1790927215.998070231] [controller_server]: Passing new path to controller.
[INFO] [1790927216.959675697] [mapex_explorer]: Main /plan diagnostic: poses=246, endpoint=(2.28, 11.05), frontier=(2.28, 11.05), endpoint_to_frontier=0.000 m, limit=0.10 m -> usable
[controller_server-10] [INFO] [1790927216.998084681] [controller_server]: Passing new path to controller.
[controller_server-10] [INFO] [1790927217.998039357] [controller_server]: Passing new path to controller.
[INFO] [1790927218.086022090] [mapex_explorer]: Main /plan diagnostic: poses=244, endpoint=(2.28, 11.05), frontier=(2.28, 11.05), endpoint_to_frontier=0.000 m, limit=0.10 m -> usable
[INFO] [1790927219.015513467] [mapex_explorer]: Main /plan diagnostic: poses=236, endpoint=(2.28, 11.05), frontier=(2.28, 11.05), endpoint_to_frontier=0.000 m, limit=0.10 m -> usable
[controller_server-10] [INFO] [1790927219.064742791] [controller_server]: Passing new path to controller.
[INFO] [1790927220.055375900] [mapex_explorer]: Main /plan diagnostic: poses=226, endpoint=(2.28, 11.05), frontier=(2.28, 11.05), endpoint_to_frontier=0.000 m, limit=0.10 m -> usable
[controller_server-10] [INFO] [1790927220.064733757] [controller_server]: Passing new path to controller.
[INFO] [1790927221.058016217] [mapex_explorer]: Main /plan diagnostic: poses=214, endpoint=(2.28, 11.05), frontier=(2.28, 11.05), endpoint_to_frontier=0.000 m, limit=0.10 m -> usable
[controller_server-10] [INFO] [1790927221.131374510] [controller_server]: Passing new path to controller.
[controller_server-10] [INFO] [1790927222.131405940] [controller_server]: Passing new path to controller.
[INFO] [1790927222.145504629] [mapex_explorer]: Main /plan diagnostic: poses=206, endpoint=(2.28, 11.05), frontier=(2.28, 11.05), endpoint_to_frontier=0.000 m, limit=0.10 m -> usable
[INFO] [1790927223.113615671] [mapex_explorer]: Main /plan diagnostic: poses=194, endpoint=(2.28, 11.05), frontier=(2.28, 11.05), endpoint_to_frontier=0.000 m, limit=0.10 m -> usable
[controller_server-10] [INFO] [1790927223.131395049] [controller_server]: Passing new path to controller.
[INFO] [1790927224.151890867] [mapex_explorer]: Main /plan diagnostic: poses=186, endpoint=(2.28, 11.05), frontier=(2.28, 11.05), endpoint_to_frontier=0.000 m, limit=0.10 m -> usable
[controller_server-10] [INFO] [1790927224.198048597] [controller_server]: Passing new path to controller.
[INFO] [1790927225.192968511] [mapex_explorer]: Main /plan diagnostic: poses=174, endpoint=(2.28, 11.05), frontier=(2.28, 11.05), endpoint_to_frontier=0.000 m, limit=0.10 m -> usable
[controller_server-10] [INFO] [1790927225.198039769] [controller_server]: Passing new path to controller.
[async_slam_toolbox_node-9] W20261002 14:47:06.014947  4595 preprocessor.cc:67] Specified options.num_threads: 50 exceeds maximum available from the threading model Ceres was compiled with: 16.  Bounding to maximum number available.
[async_slam_toolbox_node-9] [INFO] [1790927226.019334870] [slam_toolbox]: Adaptive anchor summary: latest_node=426, local_edges=444, loop_history=0, avg_effective_weight=1.668, release_regions=0
[INFO] [1790927226.207580340] [mapex_explorer]: Main /plan diagnostic: poses=166, endpoint=(2.28, 11.05), frontier=(2.28, 11.05), endpoint_to_frontier=0.000 m, limit=0.10 m -> usable
[controller_server-10] [INFO] [1790927226.264729404] [controller_server]: Passing new path to controller.
[controller_server-10] [INFO] [1790927226.809050524] [local_costmap.local_costmap]: StaticLayer: Resizing static layer to 248 X 250 at 0.100000 m/pix
[INFO] [1790927227.220977882] [mapex_explorer]: Main /plan diagnostic: poses=156, endpoint=(2.28, 11.05), frontier=(2.28, 11.05), endpoint_to_frontier=0.000 m, limit=0.10 m -> usable
[controller_server-10] [INFO] [1790927227.264739558] [controller_server]: Passing new path to controller.
[planner_server-12] [INFO] [1790927227.675211425] [global_costmap.global_costmap]: StaticLayer: Resizing costmap to 248 X 250 at 0.100000 m/pix
[controller_server-10] [INFO] [1790927228.264708059] [controller_server]: Passing new path to controller.
[INFO] [1790927228.266217249] [mapex_explorer]: Main /plan diagnostic: poses=147, endpoint=(2.28, 11.05), frontier=(2.28, 11.05), endpoint_to_frontier=0.000 m, limit=0.10 m -> usable
[INFO] [1790927229.313438446] [mapex_explorer]: Main /plan diagnostic: poses=136, endpoint=(2.28, 11.05), frontier=(2.28, 11.05), endpoint_to_frontier=0.000 m, limit=0.10 m -> usable
[controller_server-10] [INFO] [1790927229.331375819] [controller_server]: Passing new path to controller.
[INFO] [1790927230.325140085] [mapex_explorer]: Main /plan diagnostic: poses=127, endpoint=(2.28, 11.05), frontier=(2.28, 11.05), endpoint_to_frontier=0.000 m, limit=0.10 m -> usable
[controller_server-10] [INFO] [1790927230.331377348] [controller_server]: Passing new path to controller.
[INFO] [1790927231.325275641] [mapex_explorer]: Main /plan diagnostic: poses=115, endpoint=(2.28, 11.05), frontier=(2.28, 11.05), endpoint_to_frontier=0.000 m, limit=0.10 m -> usable
[controller_server-10] [INFO] [1790927231.398071231] [controller_server]: Passing new path to controller.
[INFO] [1790927232.352788465] [mapex_explorer]: Main /plan diagnostic: poses=104, endpoint=(2.28, 11.05), frontier=(2.28, 11.05), endpoint_to_frontier=0.000 m, limit=0.10 m -> usable
[controller_server-10] [INFO] [1790927232.398056707] [controller_server]: Passing new path to controller.
[controller_server-10] [INFO] [1790927233.398076892] [controller_server]: Passing new path to controller.
[INFO] [1790927233.405296775] [mapex_explorer]: Main /plan diagnostic: poses=96, endpoint=(2.28, 11.05), frontier=(2.28, 11.05), endpoint_to_frontier=0.000 m, limit=0.10 m -> usable
[INFO] [1790927234.409810634] [mapex_explorer]: Main /plan diagnostic: poses=83, endpoint=(2.28, 11.05), frontier=(2.28, 11.05), endpoint_to_frontier=0.000 m, limit=0.10 m -> usable
[controller_server-10] [INFO] [1790927234.464719151] [controller_server]: Passing new path to controller.
[controller_server-10] [INFO] [1790927235.464713741] [controller_server]: Passing new path to controller.
[INFO] [1790927235.500332791] [mapex_explorer]: Main /plan diagnostic: poses=76, endpoint=(2.28, 11.05), frontier=(2.28, 11.05), endpoint_to_frontier=0.000 m, limit=0.10 m -> usable
[INFO] [1790927236.479794516] [mapex_explorer]: Main /plan diagnostic: poses=64, endpoint=(2.28, 11.05), frontier=(2.28, 11.05), endpoint_to_frontier=0.000 m, limit=0.10 m -> usable
[controller_server-10] [INFO] [1790927236.531394377] [controller_server]: Passing new path to controller.
[INFO] [1790927237.492521816] [mapex_explorer]: Main /plan diagnostic: poses=53, endpoint=(2.28, 11.05), frontier=(2.28, 11.05), endpoint_to_frontier=0.000 m, limit=0.10 m -> usable
[controller_server-10] [INFO] [1790927237.531406696] [controller_server]: Passing new path to controller.
[INFO] [1790927238.542403846] [mapex_explorer]: Main /plan diagnostic: poses=41, endpoint=(2.28, 11.05), frontier=(2.28, 11.05), endpoint_to_frontier=0.000 m, limit=0.10 m -> usable
[controller_server-10] [INFO] [1790927238.598047125] [controller_server]: Passing new path to controller.
[INFO] [1790927239.571516052] [mapex_explorer]: Main /plan diagnostic: poses=31, endpoint=(2.28, 11.05), frontier=(2.28, 11.05), endpoint_to_frontier=0.000 m, limit=0.10 m -> usable
[controller_server-10] [INFO] [1790927239.598039977] [controller_server]: Passing new path to controller.
[controller_server-10] [INFO] [1790927240.598058746] [controller_server]: Passing new path to controller.
[INFO] [1790927240.607800167] [mapex_explorer]: Main /plan diagnostic: poses=21, endpoint=(2.28, 11.05), frontier=(2.28, 11.05), endpoint_to_frontier=0.000 m, limit=0.10 m -> usable
[INFO] [1790927241.605529061] [mapex_explorer]: Main /plan diagnostic: poses=13, endpoint=(2.28, 11.05), frontier=(2.28, 11.05), endpoint_to_frontier=0.000 m, limit=0.10 m -> usable
[controller_server-10] [INFO] [1790927241.664729883] [controller_server]: Passing new path to controller.
[controller_server-10] [INFO] [1790927242.601558117] [controller_server]: Reached the goal!
[controller_server-10] [INFO] [1790927242.601830886] [controller_server]: Optimizer reset
[INFO] [1790927242.609704230] [mapex_explorer]: Main /plan diagnostic: poses=7, endpoint=(2.28, 11.05), frontier=(2.28, 11.05), endpoint_to_frontier=0.000 m, limit=0.10 m -> usable
[bt_navigator-15] [INFO] [1790927242.624562863] [bt_navigator]: Goal succeeded
[INFO] [1790927242.625662173] [mapex_explorer]: Goal reached
[INFO] [1790927246.253107530] [mapex_explorer]: MapEx decision 8: selected x=7.18, y=10.85, IG=22.161001, distance=5.12 m, score=4.325827, region=45, candidates=7, near_fallback=False, compute=3.17 s
[bt_navigator-15] [INFO] [1790927246.255002388] [bt_navigator]: Begin navigating from current location (2.05, 10.80) to (7.18, 10.85)
[controller_server-10] [INFO] [1790927246.275518939] [controller_server]: Received a goal, begin computing control effort.
[INFO] [1790927246.530438311] [mapex_explorer]: Main goal accepted
[INFO] [1790927246.540458342] [mapex_explorer]: Main /plan diagnostic: poses=236, endpoint=(7.18, 10.85), frontier=(7.18, 10.85), endpoint_to_frontier=0.000 m, limit=0.10 m -> usable
[INFO] [1790927247.302280537] [mapex_explorer]: Main /plan diagnostic: poses=231, endpoint=(7.18, 10.85), frontier=(7.18, 10.85), endpoint_to_frontier=0.000 m, limit=0.10 m -> usable
[controller_server-10] [INFO] [1790927247.342360911] [controller_server]: Passing new path to controller.
[INFO] [1790927248.327094211] [mapex_explorer]: Main /plan diagnostic: poses=224, endpoint=(7.18, 10.85), frontier=(7.18, 10.85), endpoint_to_frontier=0.000 m, limit=0.10 m -> usable
[controller_server-10] [INFO] [1790927248.342327440] [controller_server]: Passing new path to controller.
[INFO] [1790927249.336183653] [mapex_explorer]: Main /plan diagnostic: poses=217, endpoint=(7.18, 10.85), frontier=(7.18, 10.85), endpoint_to_frontier=0.000 m, limit=0.10 m -> usable
[controller_server-10] [INFO] [1790927249.408982200] [controller_server]: Passing new path to controller.
[controller_server-10] [INFO] [1790927250.408998859] [controller_server]: Passing new path to controller.
[INFO] [1790927250.426113255] [mapex_explorer]: Main /plan diagnostic: poses=209, endpoint=(7.18, 10.85), frontier=(7.18, 10.85), endpoint_to_frontier=0.000 m, limit=0.10 m -> usable
[INFO] [1790927251.396647226] [mapex_explorer]: Main /plan diagnostic: poses=201, endpoint=(7.18, 10.85), frontier=(7.18, 10.85), endpoint_to_frontier=0.000 m, limit=0.10 m -> usable
[controller_server-10] [INFO] [1790927251.408988038] [controller_server]: Passing new path to controller.
[INFO] [1790927252.417604573] [mapex_explorer]: Main /plan diagnostic: poses=196, endpoint=(7.18, 10.85), frontier=(7.18, 10.85), endpoint_to_frontier=0.000 m, limit=0.10 m -> usable
[controller_server-10] [INFO] [1790927252.475662808] [controller_server]: Passing new path to controller.
[INFO] [1790927253.446849225] [mapex_explorer]: Main /plan diagnostic: poses=193, endpoint=(7.18, 10.85), frontier=(7.18, 10.85), endpoint_to_frontier=0.000 m, limit=0.10 m -> usable
[controller_server-10] [INFO] [1790927253.475683944] [controller_server]: Passing new path to controller.
[INFO] [1790927254.465520229] [mapex_explorer]: Main /plan diagnostic: poses=184, endpoint=(7.18, 10.85), frontier=(7.18, 10.85), endpoint_to_frontier=0.000 m, limit=0.10 m -> usable
[controller_server-10] [INFO] [1790927254.475677988] [controller_server]: Passing new path to controller.
[controller_server-10] [INFO] [1790927255.542343915] [controller_server]: Passing new path to controller.
[INFO] [1790927255.547349848] [mapex_explorer]: Main /plan diagnostic: poses=174, endpoint=(7.18, 10.85), frontier=(7.18, 10.85), endpoint_to_frontier=0.000 m, limit=0.10 m -> usable
[INFO] [1790927256.527593560] [mapex_explorer]: Main /plan diagnostic: poses=165, endpoint=(7.18, 10.85), frontier=(7.18, 10.85), endpoint_to_frontier=0.000 m, limit=0.10 m -> usable
[controller_server-10] [INFO] [1790927256.542367601] [controller_server]: Passing new path to controller.
[INFO] [1790927257.579711969] [mapex_explorer]: Main /plan diagnostic: poses=157, endpoint=(7.18, 10.85), frontier=(7.18, 10.85), endpoint_to_frontier=0.000 m, limit=0.10 m -> usable
[controller_server-10] [INFO] [1790927257.608984277] [controller_server]: Passing new path to controller.
[INFO] [1790927258.591755836] [mapex_explorer]: Main /plan diagnostic: poses=150, endpoint=(7.18, 10.85), frontier=(7.18, 10.85), endpoint_to_frontier=0.000 m, limit=0.10 m -> usable
[controller_server-10] [INFO] [1790927258.608984484] [controller_server]: Passing new path to controller.
[INFO] [1790927259.614515631] [mapex_explorer]: Main /plan diagnostic: poses=146, endpoint=(7.18, 10.85), frontier=(7.18, 10.85), endpoint_to_frontier=0.000 m, limit=0.10 m -> usable
[controller_server-10] [INFO] [1790927259.675666172] [controller_server]: Passing new path to controller.
[INFO] [1790927260.635966877] [mapex_explorer]: Main /plan diagnostic: poses=142, endpoint=(7.18, 10.85), frontier=(7.18, 10.85), endpoint_to_frontier=0.000 m, limit=0.10 m -> usable
[controller_server-10] [INFO] [1790927260.675651767] [controller_server]: Passing new path to controller.
[INFO] [1790927261.662151189] [mapex_explorer]: Main /plan diagnostic: poses=143, endpoint=(7.18, 10.85), frontier=(7.18, 10.85), endpoint_to_frontier=0.000 m, limit=0.10 m -> usable
[controller_server-10] [INFO] [1790927261.675674312] [controller_server]: Passing new path to controller.
[INFO] [1790927262.699376591] [mapex_explorer]: Main /plan diagnostic: poses=137, endpoint=(7.18, 10.85), frontier=(7.18, 10.85), endpoint_to_frontier=0.000 m, limit=0.10 m -> usable
[controller_server-10] [INFO] [1790927262.742324730] [controller_server]: Passing new path to controller.
[INFO] [1790927263.706283229] [mapex_explorer]: Main /plan diagnostic: poses=126, endpoint=(7.18, 10.85), frontier=(7.18, 10.85), endpoint_to_frontier=0.000 m, limit=0.10 m -> usable
[controller_server-10] [INFO] [1790927263.742321329] [controller_server]: Passing new path to controller.
[INFO] [1790927264.721281982] [mapex_explorer]: Main /plan diagnostic: poses=117, endpoint=(7.18, 10.85), frontier=(7.18, 10.85), endpoint_to_frontier=0.000 m, limit=0.10 m -> usable
[controller_server-10] [INFO] [1790927264.742318524] [controller_server]: Passing new path to controller.
[INFO] [1790927265.768134329] [mapex_explorer]: Main /plan diagnostic: poses=106, endpoint=(7.18, 10.85), frontier=(7.18, 10.85), endpoint_to_frontier=0.000 m, limit=0.10 m -> usable
[controller_server-10] [INFO] [1790927265.808989836] [controller_server]: Passing new path to controller.
[INFO] [1790927266.791594384] [mapex_explorer]: Main /plan diagnostic: poses=98, endpoint=(7.18, 10.85), frontier=(7.18, 10.85), endpoint_to_frontier=0.000 m, limit=0.10 m -> usable
[controller_server-10] [INFO] [1790927266.809018918] [controller_server]: Passing new path to controller.
[INFO] [1790927267.791900112] [mapex_explorer]: Main /plan diagnostic: poses=86, endpoint=(7.18, 10.85), frontier=(7.18, 10.85), endpoint_to_frontier=0.000 m, limit=0.10 m -> usable
[controller_server-10] [INFO] [1790927267.809002344] [controller_server]: Passing new path to controller.
[INFO] [1790927268.826370378] [mapex_explorer]: Main /plan diagnostic: poses=78, endpoint=(7.18, 10.85), frontier=(7.18, 10.85), endpoint_to_frontier=0.000 m, limit=0.10 m -> usable
[controller_server-10] [INFO] [1790927268.875657116] [controller_server]: Passing new path to controller.
[INFO] [1790927269.825821081] [mapex_explorer]: Main /plan diagnostic: poses=69, endpoint=(7.18, 10.85), frontier=(7.18, 10.85), endpoint_to_frontier=0.000 m, limit=0.10 m -> usable
[controller_server-10] [INFO] [1790927269.875648293] [controller_server]: Passing new path to controller.
[controller_server-10] [INFO] [1790927270.875652279] [controller_server]: Passing new path to controller.
[INFO] [1790927270.912807617] [mapex_explorer]: Main /plan diagnostic: poses=58, endpoint=(7.18, 10.85), frontier=(7.18, 10.85), endpoint_to_frontier=0.000 m, limit=0.10 m -> usable
[INFO] [1790927271.891220922] [mapex_explorer]: Main /plan diagnostic: poses=46, endpoint=(7.18, 10.85), frontier=(7.18, 10.85), endpoint_to_frontier=0.000 m, limit=0.10 m -> usable
[controller_server-10] [INFO] [1790927271.942335129] [controller_server]: Passing new path to controller.
[INFO] [1790927272.937669400] [mapex_explorer]: Main /plan diagnostic: poses=36, endpoint=(7.18, 10.85), frontier=(7.18, 10.85), endpoint_to_frontier=0.000 m, limit=0.10 m -> usable
[controller_server-10] [INFO] [1790927272.942333562] [controller_server]: Passing new path to controller.
[INFO] [1790927273.929008881] [mapex_explorer]: Main /plan diagnostic: poses=24, endpoint=(7.18, 10.85), frontier=(7.18, 10.85), endpoint_to_frontier=0.000 m, limit=0.10 m -> usable
[controller_server-10] [INFO] [1790927274.009000069] [controller_server]: Passing new path to controller.
[INFO] [1790927274.952195475] [mapex_explorer]: Main /plan diagnostic: poses=16, endpoint=(7.18, 10.85), frontier=(7.18, 10.85), endpoint_to_frontier=0.000 m, limit=0.10 m -> usable
[controller_server-10] [INFO] [1790927275.009002799] [controller_server]: Passing new path to controller.
[INFO] [1790927275.980336683] [mapex_explorer]: Main /plan diagnostic: poses=10, endpoint=(7.18, 10.85), frontier=(7.18, 10.85), endpoint_to_frontier=0.000 m, limit=0.10 m -> usable
[controller_server-10] [INFO] [1790927276.009007027] [controller_server]: Passing new path to controller.
[controller_server-10] [INFO] [1790927276.544804658] [controller_server]: Reached the goal!
[controller_server-10] [INFO] [1790927276.544945746] [controller_server]: Optimizer reset
[bt_navigator-15] [INFO] [1790927276.566197841] [bt_navigator]: Goal succeeded
[INFO] [1790927276.568896224] [mapex_explorer]: Goal reached
[INFO] [1790927279.915101079] [mapex_explorer]: MapEx decision 9: selected x=13.68, y=1.35, IG=47.614098, distance=11.20 m, score=4.250966, region=148, candidates=6, near_fallback=False, compute=2.85 s
[bt_navigator-15] [INFO] [1790927279.916920843] [bt_navigator]: Begin navigating from current location (7.22, 10.50) to (13.68, 1.35)
[controller_server-10] [INFO] [1790927279.937503755] [controller_server]: Received a goal, begin computing control effort.
[INFO] [1790927280.050668974] [mapex_explorer]: Main goal accepted
[INFO] [1790927280.111420935] [mapex_explorer]: Main /plan diagnostic: poses=253, endpoint=(13.68, 1.35), frontier=(13.68, 1.35), endpoint_to_frontier=0.000 m, limit=0.10 m -> usable
[INFO] [1790927280.952738976] [mapex_explorer]: Main /plan diagnostic: poses=249, endpoint=(13.68, 1.35), frontier=(13.68, 1.35), endpoint_to_frontier=0.000 m, limit=0.10 m -> usable
[controller_server-10] [INFO] [1790927281.004307525] [controller_server]: Passing new path to controller.
[INFO] [1790927281.970673267] [mapex_explorer]: Main /plan diagnostic: poses=245, endpoint=(13.68, 1.35), frontier=(13.68, 1.35), endpoint_to_frontier=0.000 m, limit=0.10 m -> usable
[controller_server-10] [INFO] [1790927282.004321715] [controller_server]: Passing new path to controller.
[controller_server-10] [INFO] [1790927283.004296158] [controller_server]: Passing new path to controller.
[INFO] [1790927283.010926332] [mapex_explorer]: Main /plan diagnostic: poses=245, endpoint=(13.68, 1.35), frontier=(13.68, 1.35), endpoint_to_frontier=0.000 m, limit=0.10 m -> usable
[INFO] [1790927284.015391378] [mapex_explorer]: Main /plan diagnostic: poses=230, endpoint=(13.68, 1.35), frontier=(13.68, 1.35), endpoint_to_frontier=0.000 m, limit=0.10 m -> usable
[controller_server-10] [INFO] [1790927284.070995261] [controller_server]: Passing new path to controller.
[INFO] [1790927285.055051923] [mapex_explorer]: Main /plan diagnostic: poses=225, endpoint=(13.68, 1.35), frontier=(13.68, 1.35), endpoint_to_frontier=0.000 m, limit=0.10 m -> usable
[controller_server-10] [INFO] [1790927285.070963028] [controller_server]: Passing new path to controller.
[INFO] [1790927286.080918940] [mapex_explorer]: Main /plan diagnostic: poses=218, endpoint=(13.68, 1.35), frontier=(13.68, 1.35), endpoint_to_frontier=0.000 m, limit=0.10 m -> usable
[controller_server-10] [INFO] [1790927286.137694874] [controller_server]: Passing new path to controller.
[INFO] [1790927287.119765252] [mapex_explorer]: Main /plan diagnostic: poses=208, endpoint=(13.68, 1.35), frontier=(13.68, 1.35), endpoint_to_frontier=0.000 m, limit=0.10 m -> usable
[controller_server-10] [INFO] [1790927287.137631134] [controller_server]: Passing new path to controller.
[controller_server-10] [INFO] [1790927288.137631902] [controller_server]: Passing new path to controller.
[INFO] [1790927288.171335268] [mapex_explorer]: Main /plan diagnostic: poses=205, endpoint=(13.68, 1.35), frontier=(13.68, 1.35), endpoint_to_frontier=0.000 m, limit=0.10 m -> usable
[INFO] [1790927289.186508696] [mapex_explorer]: Main /plan diagnostic: poses=192, endpoint=(13.68, 1.35), frontier=(13.68, 1.35), endpoint_to_frontier=0.000 m, limit=0.10 m -> usable
[controller_server-10] [INFO] [1790927289.204295475] [controller_server]: Passing new path to controller.
[INFO] [1790927290.179291052] [mapex_explorer]: Main /plan diagnostic: poses=186, endpoint=(13.68, 1.35), frontier=(13.68, 1.35), endpoint_to_frontier=0.000 m, limit=0.10 m -> usable
[controller_server-10] [INFO] [1790927290.204315352] [controller_server]: Passing new path to controller.
[rviz2-7] [INFO] [1790927290.771695060] [rviz2]: Trying to create a map of size 249 x 250 using 1 swatches
[controller_server-10] [INFO] [1790927290.809052338] [local_costmap.local_costmap]: StaticLayer: Resizing static layer to 249 X 250 at 0.100000 m/pix
[INFO] [1790927291.240075342] [mapex_explorer]: Main /plan diagnostic: poses=181, endpoint=(13.68, 1.35), frontier=(13.68, 1.35), endpoint_to_frontier=0.000 m, limit=0.10 m -> usable
[controller_server-10] [INFO] [1790927291.270994275] [controller_server]: Passing new path to controller.
[planner_server-12] [INFO] [1790927291.675291681] [global_costmap.global_costmap]: StaticLayer: Resizing costmap to 249 X 250 at 0.100000 m/pix
[rviz2-7] [INFO] [1790927291.764540498] [rviz2]: Trying to create a map of size 271 x 250 using 1 swatches
[controller_server-10] [INFO] [1790927291.809105519] [local_costmap.local_costmap]: StaticLayer: Resizing static layer to 271 X 250 at 0.100000 m/pix
[controller_server-10] [INFO] [1790927292.270977712] [controller_server]: Passing new path to controller.
[INFO] [1790927292.284827495] [mapex_explorer]: Main /plan diagnostic: poses=174, endpoint=(13.68, 1.35), frontier=(13.68, 1.35), endpoint_to_frontier=0.000 m, limit=0.10 m -> usable
[planner_server-12] [INFO] [1790927292.675215639] [global_costmap.global_costmap]: StaticLayer: Resizing costmap to 271 X 250 at 0.100000 m/pix
[rviz2-7] [INFO] [1790927292.755969209] [rviz2]: Trying to create a map of size 278 x 250 using 1 swatches
[controller_server-10] [INFO] [1790927292.809080341] [local_costmap.local_costmap]: StaticLayer: Resizing static layer to 278 X 250 at 0.100000 m/pix
[controller_server-10] [INFO] [1790927293.270967321] [controller_server]: Passing new path to controller.
[INFO] [1790927293.308137278] [mapex_explorer]: Main /plan diagnostic: poses=166, endpoint=(13.68, 1.35), frontier=(13.68, 1.35), endpoint_to_frontier=0.000 m, limit=0.10 m -> usable
[planner_server-12] [INFO] [1790927293.675208287] [global_costmap.global_costmap]: StaticLayer: Resizing costmap to 278 X 250 at 0.100000 m/pix
[rviz2-7] [INFO] [1790927293.780330830] [rviz2]: Trying to create a map of size 279 x 250 using 1 swatches
[controller_server-10] [INFO] [1790927293.809034271] [local_costmap.local_costmap]: StaticLayer: Resizing static layer to 279 X 250 at 0.100000 m/pix
[INFO] [1790927294.272326288] [mapex_explorer]: Main /plan diagnostic: poses=155, endpoint=(13.68, 1.35), frontier=(13.68, 1.35), endpoint_to_frontier=0.000 m, limit=0.10 m -> usable
[controller_server-10] [INFO] [1790927294.337635497] [controller_server]: Passing new path to controller.
[planner_server-12] [INFO] [1790927294.675208653] [global_costmap.global_costmap]: StaticLayer: Resizing costmap to 279 X 250 at 0.100000 m/pix
[rviz2-7] [INFO] [1790927294.773178738] [rviz2]: Trying to create a map of size 285 x 250 using 1 swatches
[controller_server-10] [INFO] [1790927294.809063085] [local_costmap.local_costmap]: StaticLayer: Resizing static layer to 285 X 250 at 0.100000 m/pix
[INFO] [1790927295.293230660] [mapex_explorer]: Main /plan diagnostic: poses=147, endpoint=(13.68, 1.35), frontier=(13.68, 1.35), endpoint_to_frontier=0.000 m, limit=0.10 m -> usable
[controller_server-10] [INFO] [1790927295.337627433] [controller_server]: Passing new path to controller.
[planner_server-12] [INFO] [1790927295.675247953] [global_costmap.global_costmap]: StaticLayer: Resizing costmap to 285 X 250 at 0.100000 m/pix
[INFO] [1790927296.337149904] [mapex_explorer]: Main /plan diagnostic: poses=140, endpoint=(13.68, 1.35), frontier=(13.68, 1.35), endpoint_to_frontier=0.000 m, limit=0.10 m -> usable
[controller_server-10] [INFO] [1790927296.337634112] [controller_server]: Passing new path to controller.
[rviz2-7] [INFO] [1790927296.755320066] [rviz2]: Trying to create a map of size 289 x 250 using 1 swatches
[controller_server-10] [INFO] [1790927296.809014581] [local_costmap.local_costmap]: StaticLayer: Resizing static layer to 289 X 250 at 0.100000 m/pix
[INFO] [1790927297.353734994] [mapex_explorer]: Main /plan diagnostic: poses=133, endpoint=(13.68, 1.35), frontier=(13.68, 1.35), endpoint_to_frontier=0.000 m, limit=0.10 m -> usable
[controller_server-10] [INFO] [1790927297.404308950] [controller_server]: Passing new path to controller.
[planner_server-12] [INFO] [1790927297.675218288] [global_costmap.global_costmap]: StaticLayer: Resizing costmap to 289 X 250 at 0.100000 m/pix
[INFO] [1790927298.392519358] [mapex_explorer]: Main /plan diagnostic: poses=126, endpoint=(13.68, 1.35), frontier=(13.68, 1.35), endpoint_to_frontier=0.000 m, limit=0.10 m -> usable
[controller_server-10] [INFO] [1790927298.404299973] [controller_server]: Passing new path to controller.
[INFO] [1790927299.416254353] [mapex_explorer]: Main /plan diagnostic: poses=118, endpoint=(13.68, 1.35), frontier=(13.68, 1.35), endpoint_to_frontier=0.000 m, limit=0.10 m -> usable
[controller_server-10] [INFO] [1790927299.470980341] [controller_server]: Passing new path to controller.
[rviz2-7] [INFO] [1790927299.763452505] [rviz2]: Trying to create a map of size 292 x 250 using 1 swatches
[controller_server-10] [INFO] [1790927299.809023203] [local_costmap.local_costmap]: StaticLayer: Resizing static layer to 292 X 250 at 0.100000 m/pix
[controller_server-10] [INFO] [1790927300.470985479] [controller_server]: Passing new path to controller.
[INFO] [1790927300.482389799] [mapex_explorer]: Main /plan diagnostic: poses=111, endpoint=(13.68, 1.35), frontier=(13.68, 1.35), endpoint_to_frontier=0.000 m, limit=0.10 m -> usable
[planner_server-12] [INFO] [1790927300.675210458] [global_costmap.global_costmap]: StaticLayer: Resizing costmap to 292 X 250 at 0.100000 m/pix
[INFO] [1790927301.496484429] [mapex_explorer]: Main /plan diagnostic: poses=104, endpoint=(13.68, 1.35), frontier=(13.68, 1.35), endpoint_to_frontier=0.000 m, limit=0.10 m -> usable
[controller_server-10] [INFO] [1790927301.537661193] [controller_server]: Passing new path to controller.
[INFO] [1790927302.497929287] [mapex_explorer]: Main /plan diagnostic: poses=97, endpoint=(13.68, 1.35), frontier=(13.68, 1.35), endpoint_to_frontier=0.000 m, limit=0.10 m -> usable
[controller_server-10] [INFO] [1790927302.537635432] [controller_server]: Passing new path to controller.
[INFO] [1790927303.535442460] [mapex_explorer]: Main /plan diagnostic: poses=93, endpoint=(13.68, 1.35), frontier=(13.68, 1.35), endpoint_to_frontier=0.000 m, limit=0.10 m -> usable
[controller_server-10] [INFO] [1790927303.537638514] [controller_server]: Passing new path to controller.
[rviz2-7] [INFO] [1790927303.765497248] [rviz2]: Trying to create a map of size 310 x 250 using 1 swatches
[controller_server-10] [INFO] [1790927303.809033885] [local_costmap.local_costmap]: StaticLayer: Resizing static layer to 310 X 250 at 0.100000 m/pix
[INFO] [1790927304.549763971] [mapex_explorer]: Main /plan diagnostic: poses=85, endpoint=(13.68, 1.35), frontier=(13.68, 1.35), endpoint_to_frontier=0.000 m, limit=0.10 m -> usable
[controller_server-10] [INFO] [1790927304.604280851] [controller_server]: Passing new path to controller.
[planner_server-12] [INFO] [1790927304.675209535] [global_costmap.global_costmap]: StaticLayer: Resizing costmap to 310 X 250 at 0.100000 m/pix
[INFO] [1790927305.571889806] [mapex_explorer]: Main /plan diagnostic: poses=78, endpoint=(13.68, 1.35), frontier=(13.68, 1.35), endpoint_to_frontier=0.000 m, limit=0.10 m -> usable
[controller_server-10] [INFO] [1790927305.604300702] [controller_server]: Passing new path to controller.
[INFO] [1790927306.583878344] [mapex_explorer]: Main /plan diagnostic: poses=71, endpoint=(13.68, 1.35), frontier=(13.68, 1.35), endpoint_to_frontier=0.000 m, limit=0.10 m -> usable
[controller_server-10] [INFO] [1790927306.604324603] [controller_server]: Passing new path to controller.
[rviz2-7] [INFO] [1790927306.771602584] [rviz2]: Trying to create a map of size 312 x 250 using 1 swatches
[controller_server-10] [INFO] [1790927306.809048572] [local_costmap.local_costmap]: StaticLayer: Resizing static layer to 312 X 250 at 0.100000 m/pix
[INFO] [1790927307.641074395] [mapex_explorer]: Main /plan diagnostic: poses=64, endpoint=(13.68, 1.35), frontier=(13.68, 1.35), endpoint_to_frontier=0.000 m, limit=0.10 m -> usable
[controller_server-10] [INFO] [1790927307.670981248] [controller_server]: Passing new path to controller.
[planner_server-12] [INFO] [1790927307.675257500] [global_costmap.global_costmap]: StaticLayer: Resizing costmap to 312 X 250 at 0.100000 m/pix
[INFO] [1790927308.665310202] [mapex_explorer]: Main /plan diagnostic: poses=55, endpoint=(13.68, 1.35), frontier=(13.68, 1.35), endpoint_to_frontier=0.000 m, limit=0.10 m -> usable
[controller_server-10] [INFO] [1790927308.670963637] [controller_server]: Passing new path to controller.
[INFO] [1790927309.676340350] [mapex_explorer]: Main /plan diagnostic: poses=47, endpoint=(13.68, 1.35), frontier=(13.68, 1.35), endpoint_to_frontier=0.000 m, limit=0.10 m -> usable
[controller_server-10] [INFO] [1790927309.737670179] [controller_server]: Passing new path to controller.
[INFO] [1790927310.680511674] [mapex_explorer]: Main /plan diagnostic: poses=40, endpoint=(13.68, 1.35), frontier=(13.68, 1.35), endpoint_to_frontier=0.000 m, limit=0.10 m -> usable
[controller_server-10] [INFO] [1790927310.737627122] [controller_server]: Passing new path to controller.
[INFO] [1790927311.709972126] [mapex_explorer]: Main /plan diagnostic: poses=35, endpoint=(13.68, 1.35), frontier=(13.68, 1.35), endpoint_to_frontier=0.000 m, limit=0.10 m -> usable
[controller_server-10] [INFO] [1790927311.737628370] [controller_server]: Passing new path to controller.
[INFO] [1790927312.741773253] [mapex_explorer]: Main /plan diagnostic: poses=32, endpoint=(13.68, 1.35), frontier=(13.68, 1.35), endpoint_to_frontier=0.000 m, limit=0.10 m -> usable
[controller_server-10] [INFO] [1790927312.804287610] [controller_server]: Passing new path to controller.
[INFO] [1790927313.761675867] [mapex_explorer]: Main /plan diagnostic: poses=32, endpoint=(13.68, 1.35), frontier=(13.68, 1.35), endpoint_to_frontier=0.000 m, limit=0.10 m -> usable
[controller_server-10] [INFO] [1790927313.804293596] [controller_server]: Passing new path to controller.
[INFO] [1790927314.790587853] [mapex_explorer]: Main /plan diagnostic: poses=24, endpoint=(13.68, 1.35), frontier=(13.68, 1.35), endpoint_to_frontier=0.000 m, limit=0.10 m -> usable
[controller_server-10] [INFO] [1790927314.870971626] [controller_server]: Passing new path to controller.
[INFO] [1790927315.826605745] [mapex_explorer]: Main /plan diagnostic: poses=16, endpoint=(13.68, 1.35), frontier=(13.68, 1.35), endpoint_to_frontier=0.000 m, limit=0.10 m -> usable
[controller_server-10] [INFO] [1790927315.870993142] [controller_server]: Passing new path to controller.
[INFO] [1790927316.858511229] [mapex_explorer]: Main /plan diagnostic: poses=11, endpoint=(13.68, 1.35), frontier=(13.68, 1.35), endpoint_to_frontier=0.000 m, limit=0.10 m -> usable
[controller_server-10] [INFO] [1790927316.870975540] [controller_server]: Passing new path to controller.
[controller_server-10] [INFO] [1790927317.405936252] [controller_server]: Reached the goal!
[controller_server-10] [INFO] [1790927317.406180999] [controller_server]: Optimizer reset
[bt_navigator-15] [INFO] [1790927317.427957968] [bt_navigator]: Goal succeeded
[INFO] [1790927317.443785923] [mapex_explorer]: Goal reached
[INFO] [1790927321.606499485] [mapex_explorer]: MapEx decision 10: selected x=14.08, y=-2.05, IG=46.769287, distance=3.71 m, score=12.616222, region=56, candidates=9, near_fallback=False, compute=3.53 s
[bt_navigator-15] [INFO] [1790927321.608409995] [bt_navigator]: Begin navigating from current location (13.49, 1.61) to (14.08, -2.05)
[controller_server-10] [INFO] [1790927321.629032338] [controller_server]: Received a goal, begin computing control effort.
[INFO] [1790927321.899706386] [mapex_explorer]: Main goal accepted
[INFO] [1790927322.020349046] [mapex_explorer]: Main /plan diagnostic: poses=221, endpoint=(14.08, -2.05), frontier=(14.08, -2.05), endpoint_to_frontier=0.000 m, limit=0.10 m -> usable
[INFO] [1790927322.667867700] [mapex_explorer]: Main /plan diagnostic: poses=215, endpoint=(14.08, -2.05), frontier=(14.08, -2.05), endpoint_to_frontier=0.000 m, limit=0.10 m -> usable
[controller_server-10] [INFO] [1790927322.695848999] [controller_server]: Passing new path to controller.
[INFO] [1790927323.673237315] [mapex_explorer]: Main /plan diagnostic: poses=208, endpoint=(14.08, -2.05), frontier=(14.08, -2.05), endpoint_to_frontier=0.000 m, limit=0.10 m -> usable
[controller_server-10] [INFO] [1790927323.695820434] [controller_server]: Passing new path to controller.
[INFO] [1790927324.701038347] [mapex_explorer]: Main /plan diagnostic: poses=201, endpoint=(14.08, -2.05), frontier=(14.08, -2.05), endpoint_to_frontier=0.000 m, limit=0.10 m -> usable
[controller_server-10] [INFO] [1790927324.762488622] [controller_server]: Passing new path to controller.
[INFO] [1790927325.714415522] [mapex_explorer]: Main /plan diagnostic: poses=196, endpoint=(14.08, -2.05), frontier=(14.08, -2.05), endpoint_to_frontier=0.000 m, limit=0.10 m -> usable
[controller_server-10] [INFO] [1790927325.762487879] [controller_server]: Passing new path to controller.
[controller_server-10] [INFO] [1790927326.762497926] [controller_server]: Passing new path to controller.
[INFO] [1790927326.801903822] [mapex_explorer]: Main /plan diagnostic: poses=193, endpoint=(14.08, -2.05), frontier=(14.08, -2.05), endpoint_to_frontier=0.000 m, limit=0.10 m -> usable
[INFO] [1790927327.819769974] [mapex_explorer]: Main /plan diagnostic: poses=193, endpoint=(14.08, -2.05), frontier=(14.08, -2.05), endpoint_to_frontier=0.000 m, limit=0.10 m -> usable
[controller_server-10] [INFO] [1790927327.829168303] [controller_server]: Passing new path to controller.
[INFO] [1790927328.801068893] [mapex_explorer]: Main /plan diagnostic: poses=192, endpoint=(14.08, -2.05), frontier=(14.08, -2.05), endpoint_to_frontier=0.000 m, limit=0.10 m -> usable
[controller_server-10] [INFO] [1790927328.829156836] [controller_server]: Passing new path to controller.
[INFO] [1790927329.818354321] [mapex_explorer]: Main /plan diagnostic: poses=184, endpoint=(14.08, -2.05), frontier=(14.08, -2.05), endpoint_to_frontier=0.000 m, limit=0.10 m -> usable
[controller_server-10] [INFO] [1790927329.829149787] [controller_server]: Passing new path to controller.
[INFO] [1790927330.874651112] [mapex_explorer]: Main /plan diagnostic: poses=172, endpoint=(14.08, -2.05), frontier=(14.08, -2.05), endpoint_to_frontier=0.000 m, limit=0.10 m -> usable
[controller_server-10] [INFO] [1790927330.895843632] [controller_server]: Passing new path to controller.
[INFO] [1790927331.889484123] [mapex_explorer]: Main /plan diagnostic: poses=165, endpoint=(14.08, -2.05), frontier=(14.08, -2.05), endpoint_to_frontier=0.000 m, limit=0.10 m -> usable
[controller_server-10] [INFO] [1790927331.895822757] [controller_server]: Passing new path to controller.
[INFO] [1790927332.920430568] [mapex_explorer]: Main /plan diagnostic: poses=157, endpoint=(14.08, -2.05), frontier=(14.08, -2.05), endpoint_to_frontier=0.000 m, limit=0.10 m -> usable
[controller_server-10] [INFO] [1790927332.962523567] [controller_server]: Passing new path to controller.
[INFO] [1790927333.939664706] [mapex_explorer]: Main /plan diagnostic: poses=147, endpoint=(14.08, -2.05), frontier=(14.08, -2.05), endpoint_to_frontier=0.000 m, limit=0.10 m -> usable
[controller_server-10] [INFO] [1790927333.962489425] [controller_server]: Passing new path to controller.
[controller_server-10] [INFO] [1790927334.962489624] [controller_server]: Passing new path to controller.
[INFO] [1790927334.987332835] [mapex_explorer]: Main /plan diagnostic: poses=137, endpoint=(14.08, -2.05), frontier=(14.08, -2.05), endpoint_to_frontier=0.000 m, limit=0.10 m -> usable
[INFO] [1790927335.974296615] [mapex_explorer]: Main /plan diagnostic: poses=127, endpoint=(14.08, -2.05), frontier=(14.08, -2.05), endpoint_to_frontier=0.000 m, limit=0.10 m -> usable
[controller_server-10] [INFO] [1790927336.029156766] [controller_server]: Passing new path to controller.
[INFO] [1790927337.011073720] [mapex_explorer]: Main /plan diagnostic: poses=117, endpoint=(14.08, -2.05), frontier=(14.08, -2.05), endpoint_to_frontier=0.000 m, limit=0.10 m -> usable
[controller_server-10] [INFO] [1790927337.029328054] [controller_server]: Passing new path to controller.
[INFO] [1790927338.016376182] [mapex_explorer]: Main /plan diagnostic: poses=107, endpoint=(14.08, -2.05), frontier=(14.08, -2.05), endpoint_to_frontier=0.000 m, limit=0.10 m -> usable
[controller_server-10] [INFO] [1790927338.029164192] [controller_server]: Passing new path to controller.
[INFO] [1790927339.066626375] [mapex_explorer]: Main /plan diagnostic: poses=95, endpoint=(14.08, -2.05), frontier=(14.08, -2.05), endpoint_to_frontier=0.000 m, limit=0.10 m -> usable
[controller_server-10] [INFO] [1790927339.095843046] [controller_server]: Passing new path to controller.
[INFO] [1790927340.053344088] [mapex_explorer]: Main /plan diagnostic: poses=87, endpoint=(14.08, -2.05), frontier=(14.08, -2.05), endpoint_to_frontier=0.000 m, limit=0.10 m -> usable
[controller_server-10] [INFO] [1790927340.095848790] [controller_server]: Passing new path to controller.
[INFO] [1790927341.137817744] [mapex_explorer]: Main /plan diagnostic: poses=77, endpoint=(14.08, -2.05), frontier=(14.08, -2.05), endpoint_to_frontier=0.000 m, limit=0.10 m -> usable
[controller_server-10] [INFO] [1790927341.162489663] [controller_server]: Passing new path to controller.
[INFO] [1790927342.123888558] [mapex_explorer]: Main /plan diagnostic: poses=69, endpoint=(14.08, -2.05), frontier=(14.08, -2.05), endpoint_to_frontier=0.000 m, limit=0.10 m -> usable
[controller_server-10] [INFO] [1790927342.162494500] [controller_server]: Passing new path to controller.
[INFO] [1790927343.132672631] [mapex_explorer]: Main /plan diagnostic: poses=62, endpoint=(14.08, -2.05), frontier=(14.08, -2.05), endpoint_to_frontier=0.000 m, limit=0.10 m -> usable
[controller_server-10] [INFO] [1790927343.162491958] [controller_server]: Passing new path to controller.
[INFO] [1790927344.163696714] [mapex_explorer]: Main /plan diagnostic: poses=49, endpoint=(14.08, -2.05), frontier=(14.08, -2.05), endpoint_to_frontier=0.000 m, limit=0.10 m -> usable
[controller_server-10] [INFO] [1790927344.229153384] [controller_server]: Passing new path to controller.
[INFO] [1790927345.185195472] [mapex_explorer]: Main /plan diagnostic: poses=39, endpoint=(14.08, -2.05), frontier=(14.08, -2.05), endpoint_to_frontier=0.000 m, limit=0.10 m -> usable
[controller_server-10] [INFO] [1790927345.229155716] [controller_server]: Passing new path to controller.
[INFO] [1790927346.213365489] [mapex_explorer]: Main /plan diagnostic: poses=30, endpoint=(14.08, -2.05), frontier=(14.08, -2.05), endpoint_to_frontier=0.000 m, limit=0.10 m -> usable
[controller_server-10] [INFO] [1790927346.229158571] [controller_server]: Passing new path to controller.
[INFO] [1790927347.235233465] [mapex_explorer]: Main /plan diagnostic: poses=21, endpoint=(14.08, -2.05), frontier=(14.08, -2.05), endpoint_to_frontier=0.000 m, limit=0.10 m -> usable
[controller_server-10] [INFO] [1790927347.295824210] [controller_server]: Passing new path to controller.
[INFO] [1790927348.250953271] [mapex_explorer]: Main /plan diagnostic: poses=16, endpoint=(14.08, -2.05), frontier=(14.08, -2.05), endpoint_to_frontier=0.000 m, limit=0.10 m -> usable
[controller_server-10] [INFO] [1790927348.295826409] [controller_server]: Passing new path to controller.
[INFO] [1790927349.290450409] [mapex_explorer]: Main /plan diagnostic: poses=14, endpoint=(14.08, -2.05), frontier=(14.08, -2.05), endpoint_to_frontier=0.000 m, limit=0.10 m -> usable
[controller_server-10] [INFO] [1790927349.362487869] [controller_server]: Passing new path to controller.
[controller_server-10] [INFO] [1790927349.630604774] [controller_server]: Reached the goal!
[controller_server-10] [INFO] [1790927349.630809774] [controller_server]: Optimizer reset
[bt_navigator-15] [INFO] [1790927349.658641245] [bt_navigator]: Goal succeeded
[INFO] [1790927349.659910146] [mapex_explorer]: Goal reached
[INFO] [1790927353.492217652] [mapex_explorer]: MapEx decision 11: selected x=15.08, y=-4.65, IG=47.800945, distance=2.94 m, score=16.253439, region=98, candidates=9, near_fallback=False, compute=3.36 s
[bt_navigator-15] [INFO] [1790927353.493888554] [bt_navigator]: Begin navigating from current location (13.74, -2.03) to (15.08, -4.65)
[controller_server-10] [INFO] [1790927353.514439964] [controller_server]: Received a goal, begin computing control effort.
[INFO] [1790927353.627985369] [mapex_explorer]: Main goal accepted
[INFO] [1790927353.661296919] [mapex_explorer]: Main /plan diagnostic: poses=156, endpoint=(15.08, -4.65), frontier=(15.08, -4.65), endpoint_to_frontier=0.000 m, limit=0.10 m -> usable
[INFO] [1790927354.536566290] [mapex_explorer]: Main /plan diagnostic: poses=153, endpoint=(15.08, -4.65), frontier=(15.08, -4.65), endpoint_to_frontier=0.000 m, limit=0.10 m -> usable
[controller_server-10] [INFO] [1790927354.581245006] [controller_server]: Passing new path to controller.
[INFO] [1790927355.568233159] [mapex_explorer]: Main /plan diagnostic: poses=146, endpoint=(15.08, -4.65), frontier=(15.08, -4.65), endpoint_to_frontier=0.000 m, limit=0.10 m -> usable
[controller_server-10] [INFO] [1790927355.581231857] [controller_server]: Passing new path to controller.
[INFO] [1790927356.612961228] [mapex_explorer]: Main /plan diagnostic: poses=144, endpoint=(15.08, -4.65), frontier=(15.08, -4.65), endpoint_to_frontier=0.000 m, limit=0.10 m -> usable
[controller_server-10] [INFO] [1790927356.647911784] [controller_server]: Passing new path to controller.
[INFO] [1790927357.620684999] [mapex_explorer]: Main /plan diagnostic: poses=143, endpoint=(15.08, -4.65), frontier=(15.08, -4.65), endpoint_to_frontier=0.000 m, limit=0.10 m -> usable
[controller_server-10] [INFO] [1790927357.647932105] [controller_server]: Passing new path to controller.
[INFO] [1790927358.650505084] [mapex_explorer]: Main /plan diagnostic: poses=135, endpoint=(15.08, -4.65), frontier=(15.08, -4.65), endpoint_to_frontier=0.000 m, limit=0.10 m -> usable
[controller_server-10] [INFO] [1790927358.714574791] [controller_server]: Passing new path to controller.
[INFO] [1790927359.667746759] [mapex_explorer]: Main /plan diagnostic: poses=126, endpoint=(15.08, -4.65), frontier=(15.08, -4.65), endpoint_to_frontier=0.000 m, limit=0.10 m -> usable
[controller_server-10] [INFO] [1790927359.714564914] [controller_server]: Passing new path to controller.
[INFO] [1790927360.697616335] [mapex_explorer]: Main /plan diagnostic: poses=116, endpoint=(15.08, -4.65), frontier=(15.08, -4.65), endpoint_to_frontier=0.000 m, limit=0.10 m -> usable
[controller_server-10] [INFO] [1790927360.714564034] [controller_server]: Passing new path to controller.
[INFO] [1790927361.738807177] [mapex_explorer]: Main /plan diagnostic: poses=111, endpoint=(15.08, -4.65), frontier=(15.08, -4.65), endpoint_to_frontier=0.000 m, limit=0.10 m -> usable
[controller_server-10] [INFO] [1790927361.781244016] [controller_server]: Passing new path to controller.
[INFO] [1790927362.738847958] [mapex_explorer]: Main /plan diagnostic: poses=96, endpoint=(15.08, -4.65), frontier=(15.08, -4.65), endpoint_to_frontier=0.000 m, limit=0.10 m -> usable
[controller_server-10] [INFO] [1790927362.781328811] [controller_server]: Passing new path to controller.
[rviz2-7] [INFO] [1790927363.764346540] [rviz2]: Trying to create a map of size 313 x 250 using 1 swatches
[INFO] [1790927363.772234550] [mapex_explorer]: Main /plan diagnostic: poses=85, endpoint=(15.08, -4.65), frontier=(15.08, -4.65), endpoint_to_frontier=0.000 m, limit=0.10 m -> usable
[controller_server-10] [INFO] [1790927363.781238576] [controller_server]: Passing new path to controller.
[controller_server-10] [INFO] [1790927363.809062722] [local_costmap.local_costmap]: StaticLayer: Resizing static layer to 313 X 250 at 0.100000 m/pix
[planner_server-12] [INFO] [1790927364.675211724] [global_costmap.global_costmap]: StaticLayer: Resizing costmap to 313 X 250 at 0.100000 m/pix
[rviz2-7] [INFO] [1790927364.788501123] [rviz2]: Trying to create a map of size 317 x 250 using 1 swatches
[INFO] [1790927364.790924429] [mapex_explorer]: Main /plan diagnostic: poses=76, endpoint=(15.08, -4.65), frontier=(15.08, -4.65), endpoint_to_frontier=0.000 m, limit=0.10 m -> usable
[controller_server-10] [INFO] [1790927364.809152739] [local_costmap.local_costmap]: StaticLayer: Resizing static layer to 317 X 250 at 0.100000 m/pix
[controller_server-10] [INFO] [1790927364.847925544] [controller_server]: Passing new path to controller.
[planner_server-12] [INFO] [1790927365.675221509] [global_costmap.global_costmap]: StaticLayer: Resizing costmap to 317 X 250 at 0.100000 m/pix
[rviz2-7] [INFO] [1790927365.779651991] [rviz2]: Trying to create a map of size 320 x 250 using 1 swatches
[controller_server-10] [INFO] [1790927365.809047157] [local_costmap.local_costmap]: StaticLayer: Resizing static layer to 320 X 250 at 0.100000 m/pix
[INFO] [1790927365.818961096] [mapex_explorer]: Main /plan diagnostic: poses=66, endpoint=(15.08, -4.65), frontier=(15.08, -4.65), endpoint_to_frontier=0.000 m, limit=0.10 m -> usable
[controller_server-10] [INFO] [1790927365.847915096] [controller_server]: Passing new path to controller.
[planner_server-12] [INFO] [1790927366.675199664] [global_costmap.global_costmap]: StaticLayer: Resizing costmap to 320 X 250 at 0.100000 m/pix
[rviz2-7] [INFO] [1790927366.772551915] [rviz2]: Trying to create a map of size 326 x 250 using 1 swatches
[controller_server-10] [INFO] [1790927366.809115378] [local_costmap.local_costmap]: StaticLayer: Resizing static layer to 326 X 250 at 0.100000 m/pix
[INFO] [1790927366.839115842] [mapex_explorer]: Main /plan diagnostic: poses=55, endpoint=(15.08, -4.65), frontier=(15.08, -4.65), endpoint_to_frontier=0.000 m, limit=0.10 m -> usable
[controller_server-10] [INFO] [1790927366.847901640] [controller_server]: Passing new path to controller.
[planner_server-12] [INFO] [1790927367.675207132] [global_costmap.global_costmap]: StaticLayer: Resizing costmap to 326 X 250 at 0.100000 m/pix
[rviz2-7] [INFO] [1790927367.762974058] [rviz2]: Trying to create a map of size 328 x 250 using 1 swatches
[controller_server-10] [INFO] [1790927367.809002507] [local_costmap.local_costmap]: StaticLayer: Resizing static layer to 328 X 250 at 0.100000 m/pix
[INFO] [1790927367.848723731] [mapex_explorer]: Main /plan diagnostic: poses=45, endpoint=(15.08, -4.65), frontier=(15.08, -4.65), endpoint_to_frontier=0.000 m, limit=0.10 m -> usable
[controller_server-10] [INFO] [1790927367.914579536] [controller_server]: Passing new path to controller.
[planner_server-12] [INFO] [1790927368.675209991] [global_costmap.global_costmap]: StaticLayer: Resizing costmap to 328 X 250 at 0.100000 m/pix
[rviz2-7] [INFO] [1790927368.790012379] [rviz2]: Trying to create a map of size 338 x 250 using 1 swatches
[controller_server-10] [INFO] [1790927368.809027147] [local_costmap.local_costmap]: StaticLayer: Resizing static layer to 338 X 250 at 0.100000 m/pix
[INFO] [1790927368.869692574] [mapex_explorer]: Main /plan diagnostic: poses=35, endpoint=(15.08, -4.65), frontier=(15.08, -4.65), endpoint_to_frontier=0.000 m, limit=0.10 m -> usable
[controller_server-10] [INFO] [1790927368.914574573] [controller_server]: Passing new path to controller.
[planner_server-12] [INFO] [1790927369.675234561] [global_costmap.global_costmap]: StaticLayer: Resizing costmap to 338 X 250 at 0.100000 m/pix
[rviz2-7] [INFO] [1790927369.779535292] [rviz2]: Trying to create a map of size 345 x 250 using 1 swatches
[controller_server-10] [INFO] [1790927369.809024784] [local_costmap.local_costmap]: StaticLayer: Resizing static layer to 345 X 250 at 0.100000 m/pix
[INFO] [1790927369.892718565] [mapex_explorer]: Main /plan diagnostic: poses=25, endpoint=(15.08, -4.65), frontier=(15.08, -4.65), endpoint_to_frontier=0.000 m, limit=0.10 m -> usable
[controller_server-10] [INFO] [1790927369.914570492] [controller_server]: Passing new path to controller.
[planner_server-12] [INFO] [1790927370.675284108] [global_costmap.global_costmap]: StaticLayer: Resizing costmap to 345 X 250 at 0.100000 m/pix
[rviz2-7] [INFO] [1790927370.771909862] [rviz2]: Trying to create a map of size 348 x 250 using 1 swatches
[controller_server-10] [INFO] [1790927370.809071015] [local_costmap.local_costmap]: StaticLayer: Resizing static layer to 348 X 250 at 0.100000 m/pix
[INFO] [1790927370.921787482] [mapex_explorer]: Main /plan diagnostic: poses=15, endpoint=(15.08, -4.65), frontier=(15.08, -4.65), endpoint_to_frontier=0.000 m, limit=0.10 m -> usable
[controller_server-10] [INFO] [1790927370.981293245] [controller_server]: Passing new path to controller.
[planner_server-12] [INFO] [1790927371.675238695] [global_costmap.global_costmap]: StaticLayer: Resizing costmap to 348 X 250 at 0.100000 m/pix
[rviz2-7] [INFO] [1790927371.763809311] [rviz2]: Trying to create a map of size 350 x 250 using 1 swatches
[controller_server-10] [INFO] [1790927371.809004413] [local_costmap.local_costmap]: StaticLayer: Resizing static layer to 350 X 250 at 0.100000 m/pix
[INFO] [1790927371.955433018] [mapex_explorer]: Main /plan diagnostic: poses=10, endpoint=(15.08, -4.65), frontier=(15.08, -4.65), endpoint_to_frontier=0.000 m, limit=0.10 m -> usable
[controller_server-10] [INFO] [1790927371.981264767] [controller_server]: Passing new path to controller.
[controller_server-10] [INFO] [1790927372.251409033] [controller_server]: Reached the goal!
[controller_server-10] [INFO] [1790927372.251752088] [controller_server]: Optimizer reset
[bt_navigator-15] [INFO] [1790927372.274159510] [bt_navigator]: Goal succeeded
[INFO] [1790927372.275763049] [mapex_explorer]: Goal reached
[planner_server-12] [INFO] [1790927372.675248876] [global_costmap.global_costmap]: StaticLayer: Resizing costmap to 350 X 250 at 0.100000 m/pix
[INFO] [1790927376.827018126] [mapex_explorer]: MapEx decision 12: selected x=21.08, y=-6.85, IG=99.796387, distance=6.74 m, score=14.805250, region=19, candidates=10, near_fallback=False, compute=3.69 s
[bt_navigator-15] [INFO] [1790927376.828572413] [bt_navigator]: Begin navigating from current location (14.76, -4.50) to (21.08, -6.85)
[controller_server-10] [INFO] [1790927376.849794661] [controller_server]: Received a goal, begin computing control effort.
[INFO] [1790927377.009096136] [mapex_explorer]: Main goal accepted
[INFO] [1790927377.040959386] [mapex_explorer]: Main /plan diagnostic: poses=140, endpoint=(21.08, -6.85), frontier=(21.08, -6.85), endpoint_to_frontier=0.000 m, limit=0.10 m -> usable
[INFO] [1790927377.890322900] [mapex_explorer]: Main /plan diagnostic: poses=133, endpoint=(21.08, -6.85), frontier=(21.08, -6.85), endpoint_to_frontier=0.000 m, limit=0.10 m -> usable
[controller_server-10] [INFO] [1790927377.916737851] [controller_server]: Passing new path to controller.
[rviz2-7] [INFO] [1790927378.771298851] [rviz2]: Trying to create a map of size 355 x 250 using 1 swatches
[controller_server-10] [INFO] [1790927378.809032202] [local_costmap.local_costmap]: StaticLayer: Resizing static layer to 355 X 250 at 0.100000 m/pix
[INFO] [1790927378.904411739] [mapex_explorer]: Main /plan diagnostic: poses=123, endpoint=(21.08, -6.85), frontier=(21.08, -6.85), endpoint_to_frontier=0.000 m, limit=0.10 m -> usable
[controller_server-10] [INFO] [1790927378.916736295] [controller_server]: Passing new path to controller.
[planner_server-12] [INFO] [1790927379.675236035] [global_costmap.global_costmap]: StaticLayer: Resizing costmap to 355 X 250 at 0.100000 m/pix
[rviz2-7] [INFO] [1790927379.795447501] [rviz2]: Trying to create a map of size 363 x 250 using 1 swatches
[controller_server-10] [INFO] [1790927379.809021554] [local_costmap.local_costmap]: StaticLayer: Resizing static layer to 363 X 250 at 0.100000 m/pix
[INFO] [1790927379.967023459] [mapex_explorer]: Main /plan diagnostic: poses=113, endpoint=(21.08, -6.85), frontier=(21.08, -6.85), endpoint_to_frontier=0.000 m, limit=0.10 m -> usable
[controller_server-10] [INFO] [1790927379.983390011] [controller_server]: Passing new path to controller.
[planner_server-12] [INFO] [1790927380.675244366] [global_costmap.global_costmap]: StaticLayer: Resizing costmap to 363 X 250 at 0.100000 m/pix
[rviz2-7] [INFO] [1790927380.756762432] [rviz2]: Trying to create a map of size 369 x 250 using 1 swatches
[controller_server-10] [INFO] [1790927380.809018480] [local_costmap.local_costmap]: StaticLayer: Resizing static layer to 369 X 250 at 0.100000 m/pix
[controller_server-10] [INFO] [1790927380.983439317] [controller_server]: Passing new path to controller.
[INFO] [1790927381.012940002] [mapex_explorer]: Main /plan diagnostic: poses=103, endpoint=(21.08, -6.85), frontier=(21.08, -6.85), endpoint_to_frontier=0.000 m, limit=0.10 m -> usable
[planner_server-12] [INFO] [1790927381.675271702] [global_costmap.global_costmap]: StaticLayer: Resizing costmap to 369 X 250 at 0.100000 m/pix
[rviz2-7] [INFO] [1790927381.779627667] [rviz2]: Trying to create a map of size 377 x 250 using 1 swatches
[controller_server-10] [INFO] [1790927381.809030273] [local_costmap.local_costmap]: StaticLayer: Resizing static layer to 377 X 250 at 0.100000 m/pix
[INFO] [1790927382.039653876] [mapex_explorer]: Main /plan diagnostic: poses=93, endpoint=(21.08, -6.85), frontier=(21.08, -6.85), endpoint_to_frontier=0.000 m, limit=0.10 m -> usable
[controller_server-10] [INFO] [1790927382.050036662] [controller_server]: Passing new path to controller.
[planner_server-12] [INFO] [1790927382.675251129] [global_costmap.global_costmap]: StaticLayer: Resizing costmap to 377 X 250 at 0.100000 m/pix
[INFO] [1790927383.049638116] [mapex_explorer]: Main /plan diagnostic: poses=83, endpoint=(21.08, -6.85), frontier=(21.08, -6.85), endpoint_to_frontier=0.000 m, limit=0.10 m -> usable
[controller_server-10] [INFO] [1790927383.050039046] [controller_server]: Passing new path to controller.
[rviz2-7] [INFO] [1790927383.796579036] [rviz2]: Trying to create a map of size 380 x 250 using 1 swatches
[controller_server-10] [INFO] [1790927383.809039938] [local_costmap.local_costmap]: StaticLayer: Resizing static layer to 380 X 250 at 0.100000 m/pix
[INFO] [1790927384.028994622] [mapex_explorer]: Main /plan diagnostic: poses=73, endpoint=(21.08, -6.85), frontier=(21.08, -6.85), endpoint_to_frontier=0.000 m, limit=0.10 m -> usable
[controller_server-10] [INFO] [1790927384.050043496] [controller_server]: Passing new path to controller.
[planner_server-12] [INFO] [1790927384.675235049] [global_costmap.global_costmap]: StaticLayer: Resizing costmap to 380 X 250 at 0.100000 m/pix
[rviz2-7] [INFO] [1790927384.756235181] [rviz2]: Trying to create a map of size 387 x 250 using 1 swatches
[controller_server-10] [INFO] [1790927384.809030110] [local_costmap.local_costmap]: StaticLayer: Resizing static layer to 387 X 250 at 0.100000 m/pix
[INFO] [1790927385.093250390] [mapex_explorer]: Main /plan diagnostic: poses=62, endpoint=(21.08, -6.85), frontier=(21.08, -6.85), endpoint_to_frontier=0.000 m, limit=0.10 m -> usable
[controller_server-10] [INFO] [1790927385.116756651] [controller_server]: Passing new path to controller.
[planner_server-12] [INFO] [1790927385.675222673] [global_costmap.global_costmap]: StaticLayer: Resizing costmap to 387 X 250 at 0.100000 m/pix
[rviz2-7] [INFO] [1790927385.780674579] [rviz2]: Trying to create a map of size 394 x 250 using 1 swatches
[controller_server-10] [INFO] [1790927385.809040429] [local_costmap.local_costmap]: StaticLayer: Resizing static layer to 394 X 250 at 0.100000 m/pix
[INFO] [1790927386.106085524] [mapex_explorer]: Main /plan diagnostic: poses=52, endpoint=(21.08, -6.85), frontier=(21.08, -6.85), endpoint_to_frontier=0.000 m, limit=0.10 m -> usable
[controller_server-10] [INFO] [1790927386.116727696] [controller_server]: Passing new path to controller.
[planner_server-12] [INFO] [1790927386.675253280] [global_costmap.global_costmap]: StaticLayer: Resizing costmap to 394 X 250 at 0.100000 m/pix
[rviz2-7] [INFO] [1790927386.807446610] [rviz2]: Trying to create a map of size 400 x 250 using 1 swatches
[controller_server-10] [INFO] [1790927386.809092840] [local_costmap.local_costmap]: StaticLayer: Resizing static layer to 400 X 250 at 0.100000 m/pix
[INFO] [1790927387.095584720] [mapex_explorer]: Main /plan diagnostic: poses=41, endpoint=(21.08, -6.85), frontier=(21.08, -6.85), endpoint_to_frontier=0.000 m, limit=0.10 m -> usable
[controller_server-10] [INFO] [1790927387.116709458] [controller_server]: Passing new path to controller.
[planner_server-12] [INFO] [1790927387.675247686] [global_costmap.global_costmap]: StaticLayer: Resizing costmap to 400 X 250 at 0.100000 m/pix
[INFO] [1790927388.129596726] [mapex_explorer]: Main /plan diagnostic: poses=31, endpoint=(21.08, -6.85), frontier=(21.08, -6.85), endpoint_to_frontier=0.000 m, limit=0.10 m -> usable
[controller_server-10] [INFO] [1790927388.183436203] [controller_server]: Passing new path to controller.
[rviz2-7] [INFO] [1790927388.787594917] [rviz2]: Trying to create a map of size 409 x 250 using 1 swatches
[controller_server-10] [INFO] [1790927388.809091922] [local_costmap.local_costmap]: StaticLayer: Resizing static layer to 409 X 250 at 0.100000 m/pix
[controller_server-10] [INFO] [1790927389.183371105] [controller_server]: Passing new path to controller.
[INFO] [1790927389.243922880] [mapex_explorer]: Main /plan diagnostic: poses=21, endpoint=(21.08, -6.85), frontier=(21.08, -6.85), endpoint_to_frontier=0.000 m, limit=0.10 m -> usable
[planner_server-12] [INFO] [1790927389.675237485] [global_costmap.global_costmap]: StaticLayer: Resizing costmap to 409 X 250 at 0.100000 m/pix
[rviz2-7] [INFO] [1790927389.779549581] [rviz2]: Trying to create a map of size 409 x 252 using 1 swatches
[controller_server-10] [INFO] [1790927389.809024570] [local_costmap.local_costmap]: StaticLayer: Resizing static layer to 409 X 252 at 0.100000 m/pix
[controller_server-10] [INFO] [1790927390.183368143] [controller_server]: Passing new path to controller.
[INFO] [1790927390.201437078] [mapex_explorer]: Main /plan diagnostic: poses=14, endpoint=(21.08, -6.85), frontier=(21.08, -6.85), endpoint_to_frontier=0.000 m, limit=0.10 m -> usable
[planner_server-12] [INFO] [1790927390.675243993] [global_costmap.global_costmap]: StaticLayer: Resizing costmap to 409 X 252 at 0.100000 m/pix
[rviz2-7] [INFO] [1790927390.770961532] [rviz2]: Trying to create a map of size 412 x 252 using 1 swatches
[controller_server-10] [INFO] [1790927390.809013409] [local_costmap.local_costmap]: StaticLayer: Resizing static layer to 412 X 252 at 0.100000 m/pix
[INFO] [1790927391.193193827] [mapex_explorer]: Main /plan diagnostic: poses=11, endpoint=(21.08, -6.85), frontier=(21.08, -6.85), endpoint_to_frontier=0.000 m, limit=0.10 m -> usable
[controller_server-10] [INFO] [1790927391.250050306] [controller_server]: Passing new path to controller.
[controller_server-10] [INFO] [1790927391.585449453] [controller_server]: Reached the goal!
[controller_server-10] [INFO] [1790927391.585816610] [controller_server]: Optimizer reset
[bt_navigator-15] [INFO] [1790927391.608932500] [bt_navigator]: Goal succeeded
[INFO] [1790927391.613926409] [mapex_explorer]: Goal reached
[planner_server-12] [INFO] [1790927391.675208687] [global_costmap.global_costmap]: StaticLayer: Resizing costmap to 412 X 252 at 0.100000 m/pix
[rviz2-7] [INFO] [1790927391.763376969] [rviz2]: Trying to create a map of size 416 x 252 using 1 swatches
[controller_server-10] [INFO] [1790927391.809043401] [local_costmap.local_costmap]: StaticLayer: Resizing static layer to 416 X 252 at 0.100000 m/pix
[planner_server-12] [INFO] [1790927392.675282110] [global_costmap.global_costmap]: StaticLayer: Resizing costmap to 416 X 252 at 0.100000 m/pix
[INFO] [1790927397.241985085] [mapex_explorer]: MapEx decision 13: selected x=18.98, y=-8.45, IG=55.804535, distance=2.74 m, score=20.340438, region=104, candidates=15, near_fallback=False, compute=5.17 s
[bt_navigator-15] [INFO] [1790927397.321218602] [bt_navigator]: Begin navigating from current location (20.93, -6.52) to (18.98, -8.45)
[controller_server-10] [INFO] [1790927397.341718889] [controller_server]: Received a goal, begin computing control effort.
[INFO] [1790927397.618604828] [mapex_explorer]: Main goal accepted
[INFO] [1790927397.729439797] [mapex_explorer]: Main /plan diagnostic: poses=57, endpoint=(18.98, -8.45), frontier=(18.98, -8.45), endpoint_to_frontier=0.000 m, limit=0.10 m -> usable
[INFO] [1790927398.359308554] [mapex_explorer]: Main /plan diagnostic: poses=53, endpoint=(18.98, -8.45), frontier=(18.98, -8.45), endpoint_to_frontier=0.000 m, limit=0.10 m -> usable
[controller_server-10] [INFO] [1790927398.408518347] [controller_server]: Passing new path to controller.
[INFO] [1790927399.364533560] [mapex_explorer]: Main /plan diagnostic: poses=45, endpoint=(18.98, -8.45), frontier=(18.98, -8.45), endpoint_to_frontier=0.000 m, limit=0.10 m -> usable
[controller_server-10] [INFO] [1790927399.408522729] [controller_server]: Passing new path to controller.
[controller_server-10] [INFO] [1790927399.810010980] [local_costmap.local_costmap]: StaticLayer: Resizing static layer to 416 X 252 at 0.100000 m/pix
[INFO] [1790927400.440139136] [mapex_explorer]: Main /plan diagnostic: poses=33, endpoint=(18.98, -8.45), frontier=(18.98, -8.45), endpoint_to_frontier=0.000 m, limit=0.10 m -> usable
[controller_server-10] [INFO] [1790927400.475178231] [controller_server]: Passing new path to controller.
[planner_server-12] [INFO] [1790927400.675211114] [global_costmap.global_costmap]: StaticLayer: Resizing costmap to 416 X 252 at 0.100000 m/pix
[controller_server-10] [INFO] [1790927400.809886591] [local_costmap.local_costmap]: StaticLayer: Resizing static layer to 416 X 252 at 0.100000 m/pix
[INFO] [1790927401.439927801] [mapex_explorer]: Main /plan diagnostic: poses=23, endpoint=(18.98, -8.45), frontier=(18.98, -8.45), endpoint_to_frontier=0.000 m, limit=0.10 m -> usable
[controller_server-10] [INFO] [1790927401.475199032] [controller_server]: Passing new path to controller.
[planner_server-12] [INFO] [1790927401.675207097] [global_costmap.global_costmap]: StaticLayer: Resizing costmap to 416 X 252 at 0.100000 m/pix
[INFO] [1790927402.449322588] [mapex_explorer]: Main /plan diagnostic: poses=14, endpoint=(18.98, -8.45), frontier=(18.98, -8.45), endpoint_to_frontier=0.000 m, limit=0.10 m -> usable
[controller_server-10] [INFO] [1790927402.475202284] [controller_server]: Passing new path to controller.
[INFO] [1790927403.474739682] [mapex_explorer]: Main /plan diagnostic: poses=8, endpoint=(18.98, -8.45), frontier=(18.98, -8.45), endpoint_to_frontier=0.000 m, limit=0.10 m -> usable
[controller_server-10] [INFO] [1790927403.541865145] [controller_server]: Passing new path to controller.
[controller_server-10] [INFO] [1790927403.945515671] [controller_server]: Reached the goal!
[controller_server-10] [INFO] [1790927403.945966957] [controller_server]: Optimizer reset
[bt_navigator-15] [INFO] [1790927403.971443325] [bt_navigator]: Goal succeeded
[INFO] [1790927403.973745158] [mapex_explorer]: Goal reached
[controller_server-10] [INFO] [1790927404.809052375] [local_costmap.local_costmap]: StaticLayer: Resizing static layer to 416 X 252 at 0.100000 m/pix
[planner_server-12] [INFO] [1790927405.675233318] [global_costmap.global_costmap]: StaticLayer: Resizing costmap to 416 X 252 at 0.100000 m/pix
[INFO] [1790927409.080640410] [mapex_explorer]: MapEx decision 14: selected x=16.48, y=-11.05, IG=40.336426, distance=3.97 m, score=10.154019, region=53, candidates=18, near_fallback=False, compute=5.01 s
[bt_navigator-15] [INFO] [1790927409.081652959] [bt_navigator]: Begin navigating from current location (19.24, -8.24) to (16.48, -11.05)
[controller_server-10] [INFO] [1790927409.102145026] [controller_server]: Received a goal, begin computing control effort.
[INFO] [1790927409.450509724] [mapex_explorer]: Main goal accepted
[INFO] [1790927409.519161067] [mapex_explorer]: Main /plan diagnostic: poses=81, endpoint=(16.48, -11.05), frontier=(16.48, -11.05), endpoint_to_frontier=0.000 m, limit=0.10 m -> usable
[INFO] [1790927410.161651522] [mapex_explorer]: Main /plan diagnostic: poses=76, endpoint=(16.48, -11.05), frontier=(16.48, -11.05), endpoint_to_frontier=0.000 m, limit=0.10 m -> usable
[controller_server-10] [INFO] [1790927410.168973623] [controller_server]: Passing new path to controller.
[controller_server-10] [INFO] [1790927410.809023991] [local_costmap.local_costmap]: StaticLayer: Resizing static layer to 416 X 252 at 0.100000 m/pix
[INFO] [1790927411.138799951] [mapex_explorer]: Main /plan diagnostic: poses=65, endpoint=(16.48, -11.05), frontier=(16.48, -11.05), endpoint_to_frontier=0.000 m, limit=0.10 m -> usable
[controller_server-10] [INFO] [1790927411.168965414] [controller_server]: Passing new path to controller.
[planner_server-12] [INFO] [1790927411.675205698] [global_costmap.global_costmap]: StaticLayer: Resizing costmap to 416 X 252 at 0.100000 m/pix
[INFO] [1790927412.168492167] [mapex_explorer]: Main /plan diagnostic: poses=55, endpoint=(16.48, -11.05), frontier=(16.48, -11.05), endpoint_to_frontier=0.000 m, limit=0.10 m -> usable
[controller_server-10] [INFO] [1790927412.235602604] [controller_server]: Passing new path to controller.
[INFO] [1790927413.194777089] [mapex_explorer]: Main /plan diagnostic: poses=45, endpoint=(16.48, -11.05), frontier=(16.48, -11.05), endpoint_to_frontier=0.000 m, limit=0.10 m -> usable
[controller_server-10] [INFO] [1790927413.235604775] [controller_server]: Passing new path to controller.
[INFO] [1790927414.217149583] [mapex_explorer]: Main /plan diagnostic: poses=35, endpoint=(16.48, -11.05), frontier=(16.48, -11.05), endpoint_to_frontier=0.000 m, limit=0.10 m -> usable
[controller_server-10] [INFO] [1790927414.235601199] [controller_server]: Passing new path to controller.
[INFO] [1790927415.263491924] [mapex_explorer]: Main /plan diagnostic: poses=24, endpoint=(16.48, -11.05), frontier=(16.48, -11.05), endpoint_to_frontier=0.000 m, limit=0.10 m -> usable
[controller_server-10] [INFO] [1790927415.302270595] [controller_server]: Passing new path to controller.
[INFO] [1790927416.280590175] [mapex_explorer]: Main /plan diagnostic: poses=16, endpoint=(16.48, -11.05), frontier=(16.48, -11.05), endpoint_to_frontier=0.000 m, limit=0.10 m -> usable
[controller_server-10] [INFO] [1790927416.302270817] [controller_server]: Passing new path to controller.
[INFO] [1790927417.331639961] [mapex_explorer]: Main /plan diagnostic: poses=10, endpoint=(16.48, -11.05), frontier=(16.48, -11.05), endpoint_to_frontier=0.000 m, limit=0.10 m -> usable
[controller_server-10] [INFO] [1790927417.368941447] [controller_server]: Passing new path to controller.
[controller_server-10] [INFO] [1790927418.104840594] [controller_server]: Reached the goal!
[controller_server-10] [INFO] [1790927418.105296670] [controller_server]: Optimizer reset
[bt_navigator-15] [INFO] [1790927418.132338093] [bt_navigator]: Goal succeeded
[INFO] [1790927418.134702643] [mapex_explorer]: Goal reached
[INFO] [1790927423.880244607] [mapex_explorer]: MapEx decision 15: selected x=21.18, y=6.45, IG=72.738770, distance=17.80 m, score=4.087328, region=19, candidates=15, near_fallback=False, compute=4.77 s
[bt_navigator-15] [INFO] [1790927423.882906282] [bt_navigator]: Begin navigating from current location (16.68, -10.77) to (21.18, 6.45)
[controller_server-10] [INFO] [1790927423.903672878] [controller_server]: Received a goal, begin computing control effort.
[INFO] [1790927424.216837317] [mapex_explorer]: Main goal accepted
[INFO] [1790927424.413439978] [mapex_explorer]: Main /plan diagnostic: poses=388, endpoint=(21.18, 6.45), frontier=(21.18, 6.45), endpoint_to_frontier=0.000 m, limit=0.10 m -> usable
[INFO] [1790927424.938220158] [mapex_explorer]: Main /plan diagnostic: poses=384, endpoint=(21.18, 6.45), frontier=(21.18, 6.45), endpoint_to_frontier=0.000 m, limit=0.10 m -> usable
[controller_server-10] [INFO] [1790927424.970943477] [controller_server]: Passing new path to controller.
[controller_server-10] [INFO] [1790927425.970953493] [controller_server]: Passing new path to controller.
[INFO] [1790927426.057812806] [mapex_explorer]: Main /plan diagnostic: poses=376, endpoint=(21.18, 6.45), frontier=(21.18, 6.45), endpoint_to_frontier=0.000 m, limit=0.10 m -> usable
[controller_server-10] [INFO] [1790927427.037618618] [controller_server]: Passing new path to controller.
[INFO] [1790927427.039093825] [mapex_explorer]: Main /plan diagnostic: poses=369, endpoint=(21.18, 6.45), frontier=(21.18, 6.45), endpoint_to_frontier=0.000 m, limit=0.10 m -> usable
[INFO] [1790927428.032790898] [mapex_explorer]: Main /plan diagnostic: poses=362, endpoint=(21.18, 6.45), frontier=(21.18, 6.45), endpoint_to_frontier=0.000 m, limit=0.10 m -> usable
[controller_server-10] [INFO] [1790927428.037616735] [controller_server]: Passing new path to controller.
[controller_server-10] [INFO] [1790927429.037610115] [controller_server]: Passing new path to controller.
[INFO] [1790927429.047179632] [mapex_explorer]: Main /plan diagnostic: poses=355, endpoint=(21.18, 6.45), frontier=(21.18, 6.45), endpoint_to_frontier=0.000 m, limit=0.10 m -> usable
[INFO] [1790927430.055686899] [mapex_explorer]: Main /plan diagnostic: poses=348, endpoint=(21.18, 6.45), frontier=(21.18, 6.45), endpoint_to_frontier=0.000 m, limit=0.10 m -> usable
[controller_server-10] [INFO] [1790927430.104276137] [controller_server]: Passing new path to controller.
[INFO] [1790927431.091351615] [mapex_explorer]: Main /plan diagnostic: poses=341, endpoint=(21.18, 6.45), frontier=(21.18, 6.45), endpoint_to_frontier=0.000 m, limit=0.10 m -> usable
[controller_server-10] [INFO] [1790927431.104274873] [controller_server]: Passing new path to controller.
[INFO] [1790927432.115652301] [mapex_explorer]: Main /plan diagnostic: poses=334, endpoint=(21.18, 6.45), frontier=(21.18, 6.45), endpoint_to_frontier=0.000 m, limit=0.10 m -> usable
[controller_server-10] [INFO] [1790927432.170950417] [controller_server]: Passing new path to controller.
[INFO] [1790927433.131347582] [mapex_explorer]: Main /plan diagnostic: poses=326, endpoint=(21.18, 6.45), frontier=(21.18, 6.45), endpoint_to_frontier=0.000 m, limit=0.10 m -> usable
[controller_server-10] [INFO] [1790927433.170970744] [controller_server]: Passing new path to controller.
[controller_server-10] [INFO] [1790927433.809033163] [local_costmap.local_costmap]: StaticLayer: Resizing static layer to 416 X 252 at 0.100000 m/pix
[controller_server-10] [INFO] [1790927434.237626342] [controller_server]: Passing new path to controller.
[INFO] [1790927434.285363575] [mapex_explorer]: Main /plan diagnostic: poses=319, endpoint=(21.18, 6.45), frontier=(21.18, 6.45), endpoint_to_frontier=0.000 m, limit=0.10 m -> usable
[planner_server-12] [INFO] [1790927434.675210281] [global_costmap.global_costmap]: StaticLayer: Resizing costmap to 416 X 252 at 0.100000 m/pix
[INFO] [1790927435.198741683] [mapex_explorer]: Main /plan diagnostic: poses=313, endpoint=(21.18, 6.45), frontier=(21.18, 6.45), endpoint_to_frontier=0.000 m, limit=0.10 m -> usable
[controller_server-10] [INFO] [1790927435.237618575] [controller_server]: Passing new path to controller.
[controller_server-10] [INFO] [1790927435.809029082] [local_costmap.local_costmap]: StaticLayer: Resizing static layer to 416 X 252 at 0.100000 m/pix
[controller_server-10] [INFO] [1790927436.237635268] [controller_server]: Passing new path to controller.
[INFO] [1790927436.347879877] [mapex_explorer]: Main /plan diagnostic: poses=307, endpoint=(21.18, 6.45), frontier=(21.18, 6.45), endpoint_to_frontier=0.000 m, limit=0.10 m -> usable
[planner_server-12] [INFO] [1790927436.675206267] [global_costmap.global_costmap]: StaticLayer: Resizing costmap to 416 X 252 at 0.100000 m/pix
[INFO] [1790927437.271375392] [mapex_explorer]: Main /plan diagnostic: poses=297, endpoint=(21.18, 6.45), frontier=(21.18, 6.45), endpoint_to_frontier=0.000 m, limit=0.10 m -> usable
[controller_server-10] [INFO] [1790927437.304321175] [controller_server]: Passing new path to controller.
[INFO] [1790927438.281394028] [mapex_explorer]: Main /plan diagnostic: poses=289, endpoint=(21.18, 6.45), frontier=(21.18, 6.45), endpoint_to_frontier=0.000 m, limit=0.10 m -> usable
[controller_server-10] [INFO] [1790927438.304275713] [controller_server]: Passing new path to controller.
[INFO] [1790927439.349523685] [mapex_explorer]: Main /plan diagnostic: poses=282, endpoint=(21.18, 6.45), frontier=(21.18, 6.45), endpoint_to_frontier=0.000 m, limit=0.10 m -> usable
[controller_server-10] [INFO] [1790927439.370944645] [controller_server]: Passing new path to controller.
[INFO] [1790927440.336842611] [mapex_explorer]: Main /plan diagnostic: poses=277, endpoint=(21.18, 6.45), frontier=(21.18, 6.45), endpoint_to_frontier=0.000 m, limit=0.10 m -> usable
[controller_server-10] [INFO] [1790927440.370968212] [controller_server]: Passing new path to controller.
[INFO] [1790927441.380600827] [mapex_explorer]: Main /plan diagnostic: poses=270, endpoint=(21.18, 6.45), frontier=(21.18, 6.45), endpoint_to_frontier=0.000 m, limit=0.10 m -> usable
[controller_server-10] [INFO] [1790927441.437659859] [controller_server]: Passing new path to controller.
[INFO] [1790927442.436790114] [mapex_explorer]: Main /plan diagnostic: poses=270, endpoint=(21.18, 6.45), frontier=(21.18, 6.45), endpoint_to_frontier=0.000 m, limit=0.10 m -> usable
[controller_server-10] [INFO] [1790927442.437610453] [controller_server]: Passing new path to controller.
[INFO] [1790927443.424256108] [mapex_explorer]: Main /plan diagnostic: poses=266, endpoint=(21.18, 6.45), frontier=(21.18, 6.45), endpoint_to_frontier=0.000 m, limit=0.10 m -> usable
[controller_server-10] [INFO] [1790927443.437610724] [controller_server]: Passing new path to controller.
[async_slam_toolbox_node-9] W20261002 14:50:43.514456  4595 preprocessor.cc:67] Specified options.num_threads: 50 exceeds maximum available from the threading model Ceres was compiled with: 16.  Bounding to maximum number available.
[async_slam_toolbox_node-9] [INFO] [1790927443.519089659] [slam_toolbox]: Adaptive anchor summary: latest_node=950, local_edges=986, loop_history=0, avg_effective_weight=1.301, release_regions=0
[controller_server-10] [INFO] [1790927443.809014110] [local_costmap.local_costmap]: StaticLayer: Resizing static layer to 416 X 252 at 0.100000 m/pix
[INFO] [1790927444.457648148] [mapex_explorer]: Main /plan diagnostic: poses=256, endpoint=(21.18, 6.45), frontier=(21.18, 6.45), endpoint_to_frontier=0.000 m, limit=0.10 m -> usable
[controller_server-10] [INFO] [1790927444.504277629] [controller_server]: Passing new path to controller.
[planner_server-12] [INFO] [1790927444.675226394] [global_costmap.global_costmap]: StaticLayer: Resizing costmap to 416 X 252 at 0.100000 m/pix
[INFO] [1790927445.461374309] [mapex_explorer]: Main /plan diagnostic: poses=247, endpoint=(21.18, 6.45), frontier=(21.18, 6.45), endpoint_to_frontier=0.000 m, limit=0.10 m -> usable
[controller_server-10] [INFO] [1790927445.504275136] [controller_server]: Passing new path to controller.
[INFO] [1790927446.480776846] [mapex_explorer]: Main /plan diagnostic: poses=237, endpoint=(21.18, 6.45), frontier=(21.18, 6.45), endpoint_to_frontier=0.000 m, limit=0.10 m -> usable
[controller_server-10] [INFO] [1790927446.504274445] [controller_server]: Passing new path to controller.
[rviz2-7] [INFO] [1790927446.806570583] [rviz2]: Trying to create a map of size 417 x 252 using 1 swatches
[controller_server-10] [INFO] [1790927446.809072287] [local_costmap.local_costmap]: StaticLayer: Resizing static layer to 417 X 252 at 0.100000 m/pix
[INFO] [1790927447.530437789] [mapex_explorer]: Main /plan diagnostic: poses=227, endpoint=(21.18, 6.45), frontier=(21.18, 6.45), endpoint_to_frontier=0.000 m, limit=0.10 m -> usable
[controller_server-10] [INFO] [1790927447.570969576] [controller_server]: Passing new path to controller.
[planner_server-12] [INFO] [1790927447.675214824] [global_costmap.global_costmap]: StaticLayer: Resizing costmap to 417 X 252 at 0.100000 m/pix
[INFO] [1790927448.542144796] [mapex_explorer]: Main /plan diagnostic: poses=217, endpoint=(21.18, 6.45), frontier=(21.18, 6.45), endpoint_to_frontier=0.000 m, limit=0.10 m -> usable
[controller_server-10] [INFO] [1790927448.570947847] [controller_server]: Passing new path to controller.
[rviz2-7] [INFO] [1790927448.788251615] [rviz2]: Trying to create a map of size 418 x 252 using 1 swatches
[controller_server-10] [INFO] [1790927448.809036201] [local_costmap.local_costmap]: StaticLayer: Resizing static layer to 418 X 252 at 0.100000 m/pix
[INFO] [1790927449.556789818] [mapex_explorer]: Main /plan diagnostic: poses=207, endpoint=(21.18, 6.45), frontier=(21.18, 6.45), endpoint_to_frontier=0.000 m, limit=0.10 m -> usable
[controller_server-10] [INFO] [1790927449.570952811] [controller_server]: Passing new path to controller.
[planner_server-12] [INFO] [1790927449.675205301] [global_costmap.global_costmap]: StaticLayer: Resizing costmap to 418 X 252 at 0.100000 m/pix
[INFO] [1790927450.575547006] [mapex_explorer]: Main /plan diagnostic: poses=197, endpoint=(21.18, 6.45), frontier=(21.18, 6.45), endpoint_to_frontier=0.000 m, limit=0.10 m -> usable
[controller_server-10] [INFO] [1790927450.637611564] [controller_server]: Passing new path to controller.
[controller_server-10] [INFO] [1790927451.637621784] [controller_server]: Passing new path to controller.
[INFO] [1790927451.641652697] [mapex_explorer]: Main /plan diagnostic: poses=187, endpoint=(21.18, 6.45), frontier=(21.18, 6.45), endpoint_to_frontier=0.000 m, limit=0.10 m -> usable
[controller_server-10] [INFO] [1790927452.637612603] [controller_server]: Passing new path to controller.
[INFO] [1790927452.686685114] [mapex_explorer]: Main /plan diagnostic: poses=175, endpoint=(21.18, 6.45), frontier=(21.18, 6.45), endpoint_to_frontier=0.000 m, limit=0.10 m -> usable
[INFO] [1790927453.673282532] [mapex_explorer]: Main /plan diagnostic: poses=167, endpoint=(21.18, 6.45), frontier=(21.18, 6.45), endpoint_to_frontier=0.000 m, limit=0.10 m -> usable
[controller_server-10] [INFO] [1790927453.704282796] [controller_server]: Passing new path to controller.
[controller_server-10] [INFO] [1790927454.704296993] [controller_server]: Passing new path to controller.
[INFO] [1790927454.733130110] [mapex_explorer]: Main /plan diagnostic: poses=155, endpoint=(21.18, 6.45), frontier=(21.18, 6.45), endpoint_to_frontier=0.000 m, limit=0.10 m -> usable
[INFO] [1790927455.708736117] [mapex_explorer]: Main /plan diagnostic: poses=145, endpoint=(21.18, 6.45), frontier=(21.18, 6.45), endpoint_to_frontier=0.000 m, limit=0.10 m -> usable
[controller_server-10] [INFO] [1790927455.770965761] [controller_server]: Passing new path to controller.
[INFO] [1790927456.737792981] [mapex_explorer]: Main /plan diagnostic: poses=133, endpoint=(21.18, 6.45), frontier=(21.18, 6.45), endpoint_to_frontier=0.000 m, limit=0.10 m -> usable
[controller_server-10] [INFO] [1790927456.770969499] [controller_server]: Passing new path to controller.
[INFO] [1790927457.757761341] [mapex_explorer]: Main /plan diagnostic: poses=123, endpoint=(21.18, 6.45), frontier=(21.18, 6.45), endpoint_to_frontier=0.000 m, limit=0.10 m -> usable
[controller_server-10] [INFO] [1790927457.837621312] [controller_server]: Passing new path to controller.
[INFO] [1790927458.800336153] [mapex_explorer]: Main /plan diagnostic: poses=113, endpoint=(21.18, 6.45), frontier=(21.18, 6.45), endpoint_to_frontier=0.000 m, limit=0.10 m -> usable
[controller_server-10] [INFO] [1790927458.837663183] [controller_server]: Passing new path to controller.
[INFO] [1790927459.807716518] [mapex_explorer]: Main /plan diagnostic: poses=103, endpoint=(21.18, 6.45), frontier=(21.18, 6.45), endpoint_to_frontier=0.000 m, limit=0.10 m -> usable
[controller_server-10] [INFO] [1790927459.837625384] [controller_server]: Passing new path to controller.
[INFO] [1790927460.834551721] [mapex_explorer]: Main /plan diagnostic: poses=93, endpoint=(21.18, 6.45), frontier=(21.18, 6.45), endpoint_to_frontier=0.000 m, limit=0.10 m -> usable
[controller_server-10] [INFO] [1790927460.904294773] [controller_server]: Passing new path to controller.
[INFO] [1790927461.849091405] [mapex_explorer]: Main /plan diagnostic: poses=83, endpoint=(21.18, 6.45), frontier=(21.18, 6.45), endpoint_to_frontier=0.000 m, limit=0.10 m -> usable
[controller_server-10] [INFO] [1790927461.904275543] [controller_server]: Passing new path to controller.
[INFO] [1790927462.877608064] [mapex_explorer]: Main /plan diagnostic: poses=73, endpoint=(21.18, 6.45), frontier=(21.18, 6.45), endpoint_to_frontier=0.000 m, limit=0.10 m -> usable
[controller_server-10] [INFO] [1790927462.904280935] [controller_server]: Passing new path to controller.
[controller_server-10] [INFO] [1790927463.970968302] [controller_server]: Passing new path to controller.
[INFO] [1790927463.975056198] [mapex_explorer]: Main /plan diagnostic: poses=61, endpoint=(21.18, 6.45), frontier=(21.18, 6.45), endpoint_to_frontier=0.000 m, limit=0.10 m -> usable
[INFO] [1790927464.929650365] [mapex_explorer]: Main /plan diagnostic: poses=51, endpoint=(21.18, 6.45), frontier=(21.18, 6.45), endpoint_to_frontier=0.000 m, limit=0.10 m -> usable
[controller_server-10] [INFO] [1790927464.970974455] [controller_server]: Passing new path to controller.
[INFO] [1790927465.975521353] [mapex_explorer]: Main /plan diagnostic: poses=41, endpoint=(21.18, 6.45), frontier=(21.18, 6.45), endpoint_to_frontier=0.000 m, limit=0.10 m -> usable
[controller_server-10] [INFO] [1790927466.037624298] [controller_server]: Passing new path to controller.
[INFO] [1790927466.996298603] [mapex_explorer]: Main /plan diagnostic: poses=31, endpoint=(21.18, 6.45), frontier=(21.18, 6.45), endpoint_to_frontier=0.000 m, limit=0.10 m -> usable
[controller_server-10] [INFO] [1790927467.037609883] [controller_server]: Passing new path to controller.
[INFO] [1790927468.019071953] [mapex_explorer]: Main /plan diagnostic: poses=21, endpoint=(21.18, 6.45), frontier=(21.18, 6.45), endpoint_to_frontier=0.000 m, limit=0.10 m -> usable
[controller_server-10] [INFO] [1790927468.037611332] [controller_server]: Passing new path to controller.
[rviz2-7] [INFO] [1790927468.787824478] [rviz2]: Trying to create a map of size 419 x 252 using 1 swatches
[controller_server-10] [INFO] [1790927468.809010540] [local_costmap.local_costmap]: StaticLayer: Resizing static layer to 419 X 252 at 0.100000 m/pix
[INFO] [1790927469.042023367] [mapex_explorer]: Main /plan diagnostic: poses=14, endpoint=(21.18, 6.45), frontier=(21.18, 6.45), endpoint_to_frontier=0.000 m, limit=0.10 m -> usable
[controller_server-10] [INFO] [1790927469.104274655] [controller_server]: Passing new path to controller.
[planner_server-12] [INFO] [1790927469.675232441] [global_costmap.global_costmap]: StaticLayer: Resizing costmap to 419 X 252 at 0.100000 m/pix
[INFO] [1790927470.061873735] [mapex_explorer]: Main /plan diagnostic: poses=9, endpoint=(21.18, 6.45), frontier=(21.18, 6.45), endpoint_to_frontier=0.000 m, limit=0.10 m -> usable
[controller_server-10] [INFO] [1790927470.104303832] [controller_server]: Passing new path to controller.
[controller_server-10] [INFO] [1790927470.307218533] [controller_server]: Reached the goal!
[controller_server-10] [INFO] [1790927470.307348199] [controller_server]: Optimizer reset
[bt_navigator-15] [INFO] [1790927470.333200217] [bt_navigator]: Goal succeeded
[INFO] [1790927470.335021696] [mapex_explorer]: Goal reached
[INFO] [1790927475.772077190] [mapex_explorer]: MapEx decision 16: selected x=18.18, y=10.03, IG=72.824890, distance=4.88 m, score=14.925688, region=263, candidates=20, near_fallback=False, compute=4.69 s
[bt_navigator-15] [INFO] [1790927475.774378009] [bt_navigator]: Begin navigating from current location (21.09, 6.12) to (18.18, 10.03)
[controller_server-10] [INFO] [1790927475.794964373] [controller_server]: Received a goal, begin computing control effort.
[INFO] [1790927475.878378362] [mapex_explorer]: Main goal accepted
[INFO] [1790927475.887857263] [mapex_explorer]: Main /plan diagnostic: poses=101, endpoint=(18.18, 10.03), frontier=(18.18, 10.03), endpoint_to_frontier=0.000 m, limit=0.10 m -> usable
[INFO] [1790927476.839835624] [mapex_explorer]: Main /plan diagnostic: poses=93, endpoint=(18.18, 10.03), frontier=(18.18, 10.03), endpoint_to_frontier=0.000 m, limit=0.10 m -> usable
[controller_server-10] [INFO] [1790927476.861771509] [controller_server]: Passing new path to controller.
[INFO] [1790927477.839735352] [mapex_explorer]: Main /plan diagnostic: poses=83, endpoint=(18.18, 10.03), frontier=(18.18, 10.03), endpoint_to_frontier=0.000 m, limit=0.10 m -> usable
[controller_server-10] [INFO] [1790927477.861787792] [controller_server]: Passing new path to controller.
[INFO] [1790927478.875931065] [mapex_explorer]: Main /plan diagnostic: poses=73, endpoint=(18.18, 10.03), frontier=(18.18, 10.03), endpoint_to_frontier=0.000 m, limit=0.10 m -> usable
[controller_server-10] [INFO] [1790927478.928490530] [controller_server]: Passing new path to controller.
[INFO] [1790927479.914906621] [mapex_explorer]: Main /plan diagnostic: poses=63, endpoint=(18.18, 10.03), frontier=(18.18, 10.03), endpoint_to_frontier=0.000 m, limit=0.10 m -> usable
[controller_server-10] [INFO] [1790927479.928441794] [controller_server]: Passing new path to controller.
[INFO] [1790927480.935344548] [mapex_explorer]: Main /plan diagnostic: poses=52, endpoint=(18.18, 10.03), frontier=(18.18, 10.03), endpoint_to_frontier=0.000 m, limit=0.10 m -> usable
[controller_server-10] [INFO] [1790927480.995137421] [controller_server]: Passing new path to controller.
[controller_server-10] [INFO] [1790927481.995094336] [controller_server]: Passing new path to controller.
[INFO] [1790927482.052523114] [mapex_explorer]: Main /plan diagnostic: poses=42, endpoint=(18.18, 10.03), frontier=(18.18, 10.03), endpoint_to_frontier=0.000 m, limit=0.10 m -> usable
[INFO] [1790927482.993636110] [mapex_explorer]: Main /plan diagnostic: poses=32, endpoint=(18.18, 10.03), frontier=(18.18, 10.03), endpoint_to_frontier=0.000 m, limit=0.10 m -> usable
[controller_server-10] [INFO] [1790927482.995137159] [controller_server]: Passing new path to controller.
[INFO] [1790927484.007391568] [mapex_explorer]: Main /plan diagnostic: poses=22, endpoint=(18.18, 10.03), frontier=(18.18, 10.03), endpoint_to_frontier=0.000 m, limit=0.10 m -> usable
[controller_server-10] [INFO] [1790927484.061776156] [controller_server]: Passing new path to controller.
[INFO] [1790927485.037987334] [mapex_explorer]: Main /plan diagnostic: poses=14, endpoint=(18.18, 10.03), frontier=(18.18, 10.03), endpoint_to_frontier=0.000 m, limit=0.10 m -> usable
[controller_server-10] [INFO] [1790927485.061765617] [controller_server]: Passing new path to controller.
[INFO] [1790927486.098835474] [mapex_explorer]: Main /plan diagnostic: poses=10, endpoint=(18.18, 10.03), frontier=(18.18, 10.03), endpoint_to_frontier=0.000 m, limit=0.10 m -> usable
[controller_server-10] [INFO] [1790927486.128438176] [controller_server]: Passing new path to controller.
[controller_server-10] [INFO] [1790927486.533439365] [controller_server]: Reached the goal!
[controller_server-10] [INFO] [1790927486.533591454] [controller_server]: Optimizer reset
[bt_navigator-15] [INFO] [1790927486.555080925] [bt_navigator]: Goal succeeded
[INFO] [1790927486.556365847] [mapex_explorer]: Goal reached
[INFO] [1790927491.794235209] [mapex_explorer]: MapEx decision 17: selected x=30.88, y=1.43, IG=46.267689, distance=14.99 m, score=3.085851, region=254, candidates=20, near_fallback=False, compute=4.69 s
[bt_navigator-15] [INFO] [1790927491.796454916] [bt_navigator]: Begin navigating from current location (18.45, 9.82) to (30.88, 1.43)
[controller_server-10] [INFO] [1790927491.817084923] [controller_server]: Received a goal, begin computing control effort.
[INFO] [1790927492.148032641] [mapex_explorer]: Main goal accepted
[INFO] [1790927492.284161419] [mapex_explorer]: Main /plan diagnostic: poses=315, endpoint=(30.88, 1.43), frontier=(30.88, 1.43), endpoint_to_frontier=0.000 m, limit=0.10 m -> usable
[INFO] [1790927492.835425692] [mapex_explorer]: Main /plan diagnostic: poses=311, endpoint=(30.88, 1.43), frontier=(30.88, 1.43), endpoint_to_frontier=0.000 m, limit=0.10 m -> usable
[controller_server-10] [INFO] [1790927492.883917776] [controller_server]: Passing new path to controller.
[INFO] [1790927493.858828795] [mapex_explorer]: Main /plan diagnostic: poses=304, endpoint=(30.88, 1.43), frontier=(30.88, 1.43), endpoint_to_frontier=0.000 m, limit=0.10 m -> usable
[controller_server-10] [INFO] [1790927493.883900040] [controller_server]: Passing new path to controller.
[INFO] [1790927494.876350469] [mapex_explorer]: Main /plan diagnostic: poses=299, endpoint=(30.88, 1.43), frontier=(30.88, 1.43), endpoint_to_frontier=0.000 m, limit=0.10 m -> usable
[controller_server-10] [INFO] [1790927494.950563676] [controller_server]: Passing new path to controller.
[INFO] [1790927495.901844937] [mapex_explorer]: Main /plan diagnostic: poses=298, endpoint=(30.88, 1.43), frontier=(30.88, 1.43), endpoint_to_frontier=0.000 m, limit=0.10 m -> usable
[controller_server-10] [INFO] [1790927495.950561540] [controller_server]: Passing new path to controller.
[controller_server-10] [INFO] [1790927496.950563633] [controller_server]: Passing new path to controller.
[INFO] [1790927496.952637641] [mapex_explorer]: Main /plan diagnostic: poses=295, endpoint=(30.88, 1.43), frontier=(30.88, 1.43), endpoint_to_frontier=0.000 m, limit=0.10 m -> usable
[INFO] [1790927497.963812881] [mapex_explorer]: Main /plan diagnostic: poses=284, endpoint=(30.88, 1.43), frontier=(30.88, 1.43), endpoint_to_frontier=0.000 m, limit=0.10 m -> usable
[controller_server-10] [INFO] [1790927498.017236677] [controller_server]: Passing new path to controller.
[INFO] [1790927498.973669069] [mapex_explorer]: Main /plan diagnostic: poses=272, endpoint=(30.88, 1.43), frontier=(30.88, 1.43), endpoint_to_frontier=0.000 m, limit=0.10 m -> usable
[controller_server-10] [INFO] [1790927499.017228124] [controller_server]: Passing new path to controller.
[controller_server-10] [INFO] [1790927500.017254092] [controller_server]: Passing new path to controller.
[INFO] [1790927500.026866113] [mapex_explorer]: Main /plan diagnostic: poses=263, endpoint=(30.88, 1.43), frontier=(30.88, 1.43), endpoint_to_frontier=0.000 m, limit=0.10 m -> usable
[INFO] [1790927501.038481329] [mapex_explorer]: Main /plan diagnostic: poses=254, endpoint=(30.88, 1.43), frontier=(30.88, 1.43), endpoint_to_frontier=0.000 m, limit=0.10 m -> usable
[controller_server-10] [INFO] [1790927501.083895532] [controller_server]: Passing new path to controller.
[INFO] [1790927502.079281731] [mapex_explorer]: Main /plan diagnostic: poses=244, endpoint=(30.88, 1.43), frontier=(30.88, 1.43), endpoint_to_frontier=0.000 m, limit=0.10 m -> usable
[controller_server-10] [INFO] [1790927502.083925615] [controller_server]: Passing new path to controller.
[controller_server-10] [INFO] [1790927503.150559665] [controller_server]: Passing new path to controller.
[INFO] [1790927503.168018849] [mapex_explorer]: Main /plan diagnostic: poses=235, endpoint=(30.88, 1.43), frontier=(30.88, 1.43), endpoint_to_frontier=0.000 m, limit=0.10 m -> usable
[controller_server-10] [INFO] [1790927504.150562873] [controller_server]: Passing new path to controller.
[INFO] [1790927504.205983207] [mapex_explorer]: Main /plan diagnostic: poses=225, endpoint=(30.88, 1.43), frontier=(30.88, 1.43), endpoint_to_frontier=0.000 m, limit=0.10 m -> usable
[INFO] [1790927505.164263338] [mapex_explorer]: Main /plan diagnostic: poses=213, endpoint=(30.88, 1.43), frontier=(30.88, 1.43), endpoint_to_frontier=0.000 m, limit=0.10 m -> usable
[controller_server-10] [INFO] [1790927505.217228349] [controller_server]: Passing new path to controller.
[rviz2-7] [INFO] [1790927505.780661660] [rviz2]: Trying to create a map of size 421 x 252 using 1 swatches
[controller_server-10] [INFO] [1790927505.809012065] [local_costmap.local_costmap]: StaticLayer: Resizing static layer to 421 X 252 at 0.100000 m/pix
[controller_server-10] [INFO] [1790927506.217226323] [controller_server]: Passing new path to controller.
[INFO] [1790927506.229634401] [mapex_explorer]: Main /plan diagnostic: poses=203, endpoint=(30.88, 1.43), frontier=(30.88, 1.43), endpoint_to_frontier=0.000 m, limit=0.10 m -> usable
[planner_server-12] [INFO] [1790927506.675236518] [global_costmap.global_costmap]: StaticLayer: Resizing costmap to 421 X 252 at 0.100000 m/pix
[INFO] [1790927507.270379971] [mapex_explorer]: Main /plan diagnostic: poses=190, endpoint=(30.88, 1.43), frontier=(30.88, 1.43), endpoint_to_frontier=0.000 m, limit=0.10 m -> usable
[controller_server-10] [INFO] [1790927507.283897271] [controller_server]: Passing new path to controller.
[rviz2-7] [INFO] [1790927507.798563624] [rviz2]: Trying to create a map of size 431 x 252 using 1 swatches
[controller_server-10] [INFO] [1790927507.809022001] [local_costmap.local_costmap]: StaticLayer: Resizing static layer to 431 X 252 at 0.100000 m/pix
[INFO] [1790927508.232074790] [mapex_explorer]: Main /plan diagnostic: poses=181, endpoint=(30.88, 1.43), frontier=(30.88, 1.43), endpoint_to_frontier=0.000 m, limit=0.10 m -> usable
[controller_server-10] [INFO] [1790927508.283905650] [controller_server]: Passing new path to controller.
[planner_server-12] [INFO] [1790927508.675243136] [global_costmap.global_costmap]: StaticLayer: Resizing costmap to 431 X 252 at 0.100000 m/pix
[controller_server-10] [INFO] [1790927508.809055474] [local_costmap.local_costmap]: StaticLayer: Resizing static layer to 433 X 252 at 0.100000 m/pix
[rviz2-7] [INFO] [1790927508.821329758] [rviz2]: Trying to create a map of size 433 x 252 using 1 swatches
[controller_server-10] [INFO] [1790927509.283899310] [controller_server]: Passing new path to controller.
[INFO] [1790927509.292446742] [mapex_explorer]: Main /plan diagnostic: poses=170, endpoint=(30.88, 1.43), frontier=(30.88, 1.43), endpoint_to_frontier=0.000 m, limit=0.10 m -> usable
[planner_server-12] [INFO] [1790927509.675258450] [global_costmap.global_costmap]: StaticLayer: Resizing costmap to 433 X 252 at 0.100000 m/pix
[controller_server-10] [INFO] [1790927509.809171539] [local_costmap.local_costmap]: StaticLayer: Resizing static layer to 434 X 252 at 0.100000 m/pix
[rviz2-7] [INFO] [1790927509.813455127] [rviz2]: Trying to create a map of size 434 x 252 using 1 swatches
[INFO] [1790927510.313716799] [mapex_explorer]: Main /plan diagnostic: poses=162, endpoint=(30.88, 1.43), frontier=(30.88, 1.43), endpoint_to_frontier=0.000 m, limit=0.10 m -> usable
[controller_server-10] [INFO] [1790927510.350571770] [controller_server]: Passing new path to controller.
[planner_server-12] [INFO] [1790927510.675273058] [global_costmap.global_costmap]: StaticLayer: Resizing costmap to 434 X 252 at 0.100000 m/pix
[rviz2-7] [INFO] [1790927510.803688604] [rviz2]: Trying to create a map of size 439 x 252 using 1 swatches
[controller_server-10] [INFO] [1790927510.809007307] [local_costmap.local_costmap]: StaticLayer: Resizing static layer to 439 X 252 at 0.100000 m/pix
[INFO] [1790927511.341552638] [mapex_explorer]: Main /plan diagnostic: poses=151, endpoint=(30.88, 1.43), frontier=(30.88, 1.43), endpoint_to_frontier=0.000 m, limit=0.10 m -> usable
[controller_server-10] [INFO] [1790927511.350562715] [controller_server]: Passing new path to controller.
[planner_server-12] [INFO] [1790927511.675277016] [global_costmap.global_costmap]: StaticLayer: Resizing costmap to 439 X 252 at 0.100000 m/pix
[rviz2-7] [INFO] [1790927511.795677052] [rviz2]: Trying to create a map of size 450 x 252 using 1 swatches
[controller_server-10] [INFO] [1790927511.809010142] [local_costmap.local_costmap]: StaticLayer: Resizing static layer to 450 X 252 at 0.100000 m/pix
[INFO] [1790927512.367227836] [mapex_explorer]: Main /plan diagnostic: poses=141, endpoint=(30.88, 1.43), frontier=(30.88, 1.43), endpoint_to_frontier=0.000 m, limit=0.10 m -> usable
[controller_server-10] [INFO] [1790927512.417236308] [controller_server]: Passing new path to controller.
[planner_server-12] [INFO] [1790927512.675270690] [global_costmap.global_costmap]: StaticLayer: Resizing costmap to 450 X 252 at 0.100000 m/pix
[rviz2-7] [INFO] [1790927512.787843413] [rviz2]: Trying to create a map of size 455 x 252 using 1 swatches
[controller_server-10] [INFO] [1790927512.809007954] [local_costmap.local_costmap]: StaticLayer: Resizing static layer to 455 X 252 at 0.100000 m/pix
[INFO] [1790927513.374577854] [mapex_explorer]: Main /plan diagnostic: poses=130, endpoint=(30.88, 1.43), frontier=(30.88, 1.43), endpoint_to_frontier=0.000 m, limit=0.10 m -> usable
[controller_server-10] [INFO] [1790927513.417253523] [controller_server]: Passing new path to controller.
[planner_server-12] [INFO] [1790927513.675232508] [global_costmap.global_costmap]: StaticLayer: Resizing costmap to 455 X 252 at 0.100000 m/pix
[rviz2-7] [INFO] [1790927513.779329787] [rviz2]: Trying to create a map of size 460 x 252 using 1 swatches
[controller_server-10] [INFO] [1790927513.809013685] [local_costmap.local_costmap]: StaticLayer: Resizing static layer to 460 X 252 at 0.100000 m/pix
[controller_server-10] [INFO] [1790927514.417233564] [controller_server]: Passing new path to controller.
[INFO] [1790927514.417629448] [mapex_explorer]: Main /plan diagnostic: poses=121, endpoint=(30.88, 1.43), frontier=(30.88, 1.43), endpoint_to_frontier=0.000 m, limit=0.10 m -> usable
[planner_server-12] [INFO] [1790927514.675227795] [global_costmap.global_costmap]: StaticLayer: Resizing costmap to 460 X 252 at 0.100000 m/pix
[rviz2-7] [INFO] [1790927514.806579144] [rviz2]: Trying to create a map of size 461 x 252 using 1 swatches
[controller_server-10] [INFO] [1790927514.809049545] [local_costmap.local_costmap]: StaticLayer: Resizing static layer to 461 X 252 at 0.100000 m/pix
[INFO] [1790927515.441951106] [mapex_explorer]: Main /plan diagnostic: poses=111, endpoint=(30.88, 1.43), frontier=(30.88, 1.43), endpoint_to_frontier=0.000 m, limit=0.10 m -> usable
[controller_server-10] [INFO] [1790927515.483918227] [controller_server]: Passing new path to controller.
[planner_server-12] [INFO] [1790927515.675207936] [global_costmap.global_costmap]: StaticLayer: Resizing costmap to 461 X 252 at 0.100000 m/pix
[rviz2-7] [INFO] [1790927515.796003546] [rviz2]: Trying to create a map of size 470 x 252 using 1 swatches
[controller_server-10] [INFO] [1790927515.809018521] [local_costmap.local_costmap]: StaticLayer: Resizing static layer to 470 X 252 at 0.100000 m/pix
[controller_server-10] [INFO] [1790927516.483920696] [controller_server]: Passing new path to controller.
[INFO] [1790927516.520359691] [mapex_explorer]: Main /plan diagnostic: poses=101, endpoint=(30.88, 1.43), frontier=(30.88, 1.43), endpoint_to_frontier=0.000 m, limit=0.10 m -> usable
[planner_server-12] [INFO] [1790927516.675229798] [global_costmap.global_costmap]: StaticLayer: Resizing costmap to 470 X 252 at 0.100000 m/pix
[controller_server-10] [INFO] [1790927516.809007053] [local_costmap.local_costmap]: StaticLayer: Resizing static layer to 471 X 252 at 0.100000 m/pix
[rviz2-7] [INFO] [1790927516.822225147] [rviz2]: Trying to create a map of size 471 x 252 using 1 swatches
[INFO] [1790927517.473503711] [mapex_explorer]: Main /plan diagnostic: poses=89, endpoint=(30.88, 1.43), frontier=(30.88, 1.43), endpoint_to_frontier=0.000 m, limit=0.10 m -> usable
[controller_server-10] [INFO] [1790927517.550618064] [controller_server]: Passing new path to controller.
[planner_server-12] [INFO] [1790927517.675217785] [global_costmap.global_costmap]: StaticLayer: Resizing costmap to 471 X 252 at 0.100000 m/pix
[INFO] [1790927518.502203630] [mapex_explorer]: Main /plan diagnostic: poses=79, endpoint=(30.88, 1.43), frontier=(30.88, 1.43), endpoint_to_frontier=0.000 m, limit=0.10 m -> usable
[controller_server-10] [INFO] [1790927518.550580597] [controller_server]: Passing new path to controller.
[INFO] [1790927519.549531447] [mapex_explorer]: Main /plan diagnostic: poses=68, endpoint=(30.88, 1.43), frontier=(30.88, 1.43), endpoint_to_frontier=0.000 m, limit=0.10 m -> usable
[controller_server-10] [INFO] [1790927519.550561458] [controller_server]: Passing new path to controller.
[INFO] [1790927520.564493193] [mapex_explorer]: Main /plan diagnostic: poses=56, endpoint=(30.88, 1.43), frontier=(30.88, 1.43), endpoint_to_frontier=0.000 m, limit=0.10 m -> usable
[controller_server-10] [INFO] [1790927520.617224902] [controller_server]: Passing new path to controller.
[INFO] [1790927521.594633894] [mapex_explorer]: Main /plan diagnostic: poses=47, endpoint=(30.88, 1.43), frontier=(30.88, 1.43), endpoint_to_frontier=0.000 m, limit=0.10 m -> usable
[controller_server-10] [INFO] [1790927521.617228988] [controller_server]: Passing new path to controller.
[INFO] [1790927522.630431621] [mapex_explorer]: Main /plan diagnostic: poses=38, endpoint=(30.88, 1.43), frontier=(30.88, 1.43), endpoint_to_frontier=0.000 m, limit=0.10 m -> usable
[controller_server-10] [INFO] [1790927522.683916169] [controller_server]: Passing new path to controller.
[INFO] [1790927523.629950733] [mapex_explorer]: Main /plan diagnostic: poses=27, endpoint=(30.88, 1.43), frontier=(30.88, 1.43), endpoint_to_frontier=0.000 m, limit=0.10 m -> usable
[controller_server-10] [INFO] [1790927523.683925879] [controller_server]: Passing new path to controller.
[controller_server-10] [INFO] [1790927524.683892556] [controller_server]: Passing new path to controller.
[INFO] [1790927524.693201123] [mapex_explorer]: Main /plan diagnostic: poses=18, endpoint=(30.88, 1.43), frontier=(30.88, 1.43), endpoint_to_frontier=0.000 m, limit=0.10 m -> usable
[INFO] [1790927525.711616053] [mapex_explorer]: Main /plan diagnostic: poses=11, endpoint=(30.88, 1.43), frontier=(30.88, 1.43), endpoint_to_frontier=0.000 m, limit=0.10 m -> usable
[controller_server-10] [INFO] [1790927525.750564732] [controller_server]: Passing new path to controller.
[controller_server-10] [INFO] [1790927526.486689395] [controller_server]: Reached the goal!
[controller_server-10] [INFO] [1790927526.486971032] [controller_server]: Optimizer reset
[bt_navigator-15] [INFO] [1790927526.497091708] [bt_navigator]: Goal succeeded
[INFO] [1790927526.499227362] [mapex_explorer]: Goal reached
[INFO] [1790927532.610878384] [mapex_explorer]: MapEx decision 18: selected x=31.08, y=-2.67, IG=48.455017, distance=4.36 m, score=11.111332, region=170, candidates=17, near_fallback=False, compute=5.51 s
[bt_navigator-15] [INFO] [1790927532.612037578] [bt_navigator]: Begin navigating from current location (30.62, 1.66) to (31.08, -2.67)
[controller_server-10] [INFO] [1790927532.632684474] [controller_server]: Received a goal, begin computing control effort.
[INFO] [1790927532.769205865] [mapex_explorer]: Main goal accepted
[INFO] [1790927532.796975796] [mapex_explorer]: Main /plan diagnostic: poses=253, endpoint=(31.08, -2.67), frontier=(31.08, -2.67), endpoint_to_frontier=0.000 m, limit=0.10 m -> usable
[INFO] [1790927533.651607487] [mapex_explorer]: Main /plan diagnostic: poses=249, endpoint=(31.08, -2.67), frontier=(31.08, -2.67), endpoint_to_frontier=0.000 m, limit=0.10 m -> usable
[controller_server-10] [INFO] [1790927533.699503875] [controller_server]: Passing new path to controller.
[INFO] [1790927534.694598682] [mapex_explorer]: Main /plan diagnostic: poses=238, endpoint=(31.08, -2.67), frontier=(31.08, -2.67), endpoint_to_frontier=0.000 m, limit=0.10 m -> usable
[controller_server-10] [INFO] [1790927534.699495219] [controller_server]: Passing new path to controller.
[controller_server-10] [INFO] [1790927535.766163255] [controller_server]: Passing new path to controller.
[INFO] [1790927535.784575770] [mapex_explorer]: Main /plan diagnostic: poses=231, endpoint=(31.08, -2.67), frontier=(31.08, -2.67), endpoint_to_frontier=0.000 m, limit=0.10 m -> usable
[INFO] [1790927536.736312776] [mapex_explorer]: Main /plan diagnostic: poses=224, endpoint=(31.08, -2.67), frontier=(31.08, -2.67), endpoint_to_frontier=0.000 m, limit=0.10 m -> usable
[controller_server-10] [INFO] [1790927536.766190379] [controller_server]: Passing new path to controller.
[INFO] [1790927537.757886178] [mapex_explorer]: Main /plan diagnostic: poses=215, endpoint=(31.08, -2.67), frontier=(31.08, -2.67), endpoint_to_frontier=0.000 m, limit=0.10 m -> usable
[controller_server-10] [INFO] [1790927537.832820078] [controller_server]: Passing new path to controller.
[INFO] [1790927538.813623425] [mapex_explorer]: Main /plan diagnostic: poses=208, endpoint=(31.08, -2.67), frontier=(31.08, -2.67), endpoint_to_frontier=0.000 m, limit=0.10 m -> usable
[controller_server-10] [INFO] [1790927538.832827072] [controller_server]: Passing new path to controller.
[INFO] [1790927539.810358177] [mapex_explorer]: Main /plan diagnostic: poses=212, endpoint=(31.08, -2.67), frontier=(31.08, -2.67), endpoint_to_frontier=0.000 m, limit=0.10 m -> usable
[controller_server-10] [INFO] [1790927539.832825875] [controller_server]: Passing new path to controller.
[INFO] [1790927540.868403776] [mapex_explorer]: Main /plan diagnostic: poses=210, endpoint=(31.08, -2.67), frontier=(31.08, -2.67), endpoint_to_frontier=0.000 m, limit=0.10 m -> usable
[controller_server-10] [INFO] [1790927540.899488469] [controller_server]: Passing new path to controller.
[INFO] [1790927541.871681421] [mapex_explorer]: Main /plan diagnostic: poses=203, endpoint=(31.08, -2.67), frontier=(31.08, -2.67), endpoint_to_frontier=0.000 m, limit=0.10 m -> usable
[controller_server-10] [INFO] [1790927541.899488859] [controller_server]: Passing new path to controller.
[controller_server-10] [INFO] [1790927542.899486245] [controller_server]: Passing new path to controller.
[INFO] [1790927542.919695973] [mapex_explorer]: Main /plan diagnostic: poses=194, endpoint=(31.08, -2.67), frontier=(31.08, -2.67), endpoint_to_frontier=0.000 m, limit=0.10 m -> usable
[INFO] [1790927543.914258207] [mapex_explorer]: Main /plan diagnostic: poses=181, endpoint=(31.08, -2.67), frontier=(31.08, -2.67), endpoint_to_frontier=0.000 m, limit=0.10 m -> usable
[controller_server-10] [INFO] [1790927543.966161068] [controller_server]: Passing new path to controller.
[INFO] [1790927544.929865984] [mapex_explorer]: Main /plan diagnostic: poses=172, endpoint=(31.08, -2.67), frontier=(31.08, -2.67), endpoint_to_frontier=0.000 m, limit=0.10 m -> usable
[controller_server-10] [INFO] [1790927544.966151841] [controller_server]: Passing new path to controller.
[INFO] [1790927545.957971466] [mapex_explorer]: Main /plan diagnostic: poses=165, endpoint=(31.08, -2.67), frontier=(31.08, -2.67), endpoint_to_frontier=0.000 m, limit=0.10 m -> usable
[controller_server-10] [INFO] [1790927545.966138526] [controller_server]: Passing new path to controller.
[INFO] [1790927546.991924289] [mapex_explorer]: Main /plan diagnostic: poses=152, endpoint=(31.08, -2.67), frontier=(31.08, -2.67), endpoint_to_frontier=0.000 m, limit=0.10 m -> usable
[controller_server-10] [INFO] [1790927547.032821020] [controller_server]: Passing new path to controller.
[INFO] [1790927548.012024972] [mapex_explorer]: Main /plan diagnostic: poses=144, endpoint=(31.08, -2.67), frontier=(31.08, -2.67), endpoint_to_frontier=0.000 m, limit=0.10 m -> usable
[controller_server-10] [INFO] [1790927548.032817526] [controller_server]: Passing new path to controller.
[INFO] [1790927549.059102025] [mapex_explorer]: Main /plan diagnostic: poses=132, endpoint=(31.08, -2.67), frontier=(31.08, -2.67), endpoint_to_frontier=0.000 m, limit=0.10 m -> usable
[controller_server-10] [INFO] [1790927549.099495177] [controller_server]: Passing new path to controller.
[INFO] [1790927550.080332432] [mapex_explorer]: Main /plan diagnostic: poses=125, endpoint=(31.08, -2.67), frontier=(31.08, -2.67), endpoint_to_frontier=0.000 m, limit=0.10 m -> usable
[controller_server-10] [INFO] [1790927550.099487200] [controller_server]: Passing new path to controller.
[INFO] [1790927551.098669848] [mapex_explorer]: Main /plan diagnostic: poses=118, endpoint=(31.08, -2.67), frontier=(31.08, -2.67), endpoint_to_frontier=0.000 m, limit=0.10 m -> usable
[controller_server-10] [INFO] [1790927551.166191827] [controller_server]: Passing new path to controller.
[INFO] [1790927552.113359681] [mapex_explorer]: Main /plan diagnostic: poses=105, endpoint=(31.08, -2.67), frontier=(31.08, -2.67), endpoint_to_frontier=0.000 m, limit=0.10 m -> usable
[controller_server-10] [INFO] [1790927552.166176001] [controller_server]: Passing new path to controller.
[INFO] [1790927553.137454388] [mapex_explorer]: Main /plan diagnostic: poses=96, endpoint=(31.08, -2.67), frontier=(31.08, -2.67), endpoint_to_frontier=0.000 m, limit=0.10 m -> usable
[controller_server-10] [INFO] [1790927553.166153925] [controller_server]: Passing new path to controller.
[INFO] [1790927554.178474348] [mapex_explorer]: Main /plan diagnostic: poses=84, endpoint=(31.08, -2.67), frontier=(31.08, -2.67), endpoint_to_frontier=0.000 m, limit=0.10 m -> usable
[controller_server-10] [INFO] [1790927554.232821554] [controller_server]: Passing new path to controller.
[INFO] [1790927555.221635501] [mapex_explorer]: Main /plan diagnostic: poses=74, endpoint=(31.08, -2.67), frontier=(31.08, -2.67), endpoint_to_frontier=0.000 m, limit=0.10 m -> usable
[controller_server-10] [INFO] [1790927555.232827784] [controller_server]: Passing new path to controller.
[INFO] [1790927556.219177945] [mapex_explorer]: Main /plan diagnostic: poses=65, endpoint=(31.08, -2.67), frontier=(31.08, -2.67), endpoint_to_frontier=0.000 m, limit=0.10 m -> usable
[controller_server-10] [INFO] [1790927556.232798149] [controller_server]: Passing new path to controller.
[controller_server-10] [INFO] [1790927557.299484881] [controller_server]: Passing new path to controller.
[INFO] [1790927557.324888335] [mapex_explorer]: Main /plan diagnostic: poses=55, endpoint=(31.08, -2.67), frontier=(31.08, -2.67), endpoint_to_frontier=0.000 m, limit=0.10 m -> usable
[INFO] [1790927558.276020245] [mapex_explorer]: Main /plan diagnostic: poses=45, endpoint=(31.08, -2.67), frontier=(31.08, -2.67), endpoint_to_frontier=0.000 m, limit=0.10 m -> usable
[controller_server-10] [INFO] [1790927558.299510441] [controller_server]: Passing new path to controller.
[INFO] [1790927559.308102264] [mapex_explorer]: Main /plan diagnostic: poses=33, endpoint=(31.08, -2.67), frontier=(31.08, -2.67), endpoint_to_frontier=0.000 m, limit=0.10 m -> usable
[controller_server-10] [INFO] [1790927559.366165897] [controller_server]: Passing new path to controller.
[INFO] [1790927560.342327257] [mapex_explorer]: Main /plan diagnostic: poses=23, endpoint=(31.08, -2.67), frontier=(31.08, -2.67), endpoint_to_frontier=0.000 m, limit=0.10 m -> usable
[controller_server-10] [INFO] [1790927560.366151599] [controller_server]: Passing new path to controller.
[INFO] [1790927561.388793835] [mapex_explorer]: Main /plan diagnostic: poses=14, endpoint=(31.08, -2.67), frontier=(31.08, -2.67), endpoint_to_frontier=0.000 m, limit=0.10 m -> usable
[controller_server-10] [INFO] [1790927561.432877308] [controller_server]: Passing new path to controller.
[INFO] [1790927562.390688529] [mapex_explorer]: Main /plan diagnostic: poses=10, endpoint=(31.08, -2.67), frontier=(31.08, -2.67), endpoint_to_frontier=0.000 m, limit=0.10 m -> usable
[controller_server-10] [INFO] [1790927562.432822964] [controller_server]: Passing new path to controller.
[controller_server-10] [INFO] [1790927562.567788768] [controller_server]: Reached the goal!
[controller_server-10] [INFO] [1790927562.568021336] [controller_server]: Optimizer reset
[bt_navigator-15] [INFO] [1790927562.592674828] [bt_navigator]: Goal succeeded
[INFO] [1790927562.641048912] [mapex_explorer]: Goal reached
[INFO] [1790927567.876049430] [mapex_explorer]: MapEx decision 19: selected x=31.38, y=-5.87, IG=40.221611, distance=3.12 m, score=12.883974, region=154, candidates=16, near_fallback=False, compute=4.81 s
[bt_navigator-15] [INFO] [1790927567.882198941] [bt_navigator]: Begin navigating from current location (30.78, -2.81) to (31.38, -5.87)
[controller_server-10] [INFO] [1790927567.902681199] [controller_server]: Received a goal, begin computing control effort.
[INFO] [1790927568.161417703] [mapex_explorer]: Main goal accepted
[INFO] [1790927568.321832668] [mapex_explorer]: Main /plan diagnostic: poses=191, endpoint=(31.38, -5.87), frontier=(31.38, -5.87), endpoint_to_frontier=0.000 m, limit=0.10 m -> usable
[INFO] [1790927568.921758054] [mapex_explorer]: Main /plan diagnostic: poses=187, endpoint=(31.38, -5.87), frontier=(31.38, -5.87), endpoint_to_frontier=0.000 m, limit=0.10 m -> usable
[controller_server-10] [INFO] [1790927568.969472019] [controller_server]: Passing new path to controller.
[INFO] [1790927569.954484715] [mapex_explorer]: Main /plan diagnostic: poses=182, endpoint=(31.38, -5.87), frontier=(31.38, -5.87), endpoint_to_frontier=0.000 m, limit=0.10 m -> usable
[controller_server-10] [INFO] [1790927569.969489391] [controller_server]: Passing new path to controller.
[INFO] [1790927570.962010235] [mapex_explorer]: Main /plan diagnostic: poses=171, endpoint=(31.38, -5.87), frontier=(31.38, -5.87), endpoint_to_frontier=0.000 m, limit=0.10 m -> usable
[controller_server-10] [INFO] [1790927571.036186266] [controller_server]: Passing new path to controller.
[INFO] [1790927572.025620777] [mapex_explorer]: Main /plan diagnostic: poses=167, endpoint=(31.38, -5.87), frontier=(31.38, -5.87), endpoint_to_frontier=0.000 m, limit=0.10 m -> usable
[controller_server-10] [INFO] [1790927572.036158982] [controller_server]: Passing new path to controller.
[INFO] [1790927573.010712425] [mapex_explorer]: Main /plan diagnostic: poses=160, endpoint=(31.38, -5.87), frontier=(31.38, -5.87), endpoint_to_frontier=0.000 m, limit=0.10 m -> usable
[controller_server-10] [INFO] [1790927573.036170477] [controller_server]: Passing new path to controller.
[INFO] [1790927574.050873720] [mapex_explorer]: Main /plan diagnostic: poses=152, endpoint=(31.38, -5.87), frontier=(31.38, -5.87), endpoint_to_frontier=0.000 m, limit=0.10 m -> usable
[controller_server-10] [INFO] [1790927574.102833621] [controller_server]: Passing new path to controller.
[INFO] [1790927575.060210893] [mapex_explorer]: Main /plan diagnostic: poses=145, endpoint=(31.38, -5.87), frontier=(31.38, -5.87), endpoint_to_frontier=0.000 m, limit=0.10 m -> usable
[controller_server-10] [INFO] [1790927575.102822995] [controller_server]: Passing new path to controller.
[controller_server-10] [INFO] [1790927576.102804041] [controller_server]: Passing new path to controller.
[INFO] [1790927576.104715851] [mapex_explorer]: Main /plan diagnostic: poses=139, endpoint=(31.38, -5.87), frontier=(31.38, -5.87), endpoint_to_frontier=0.000 m, limit=0.10 m -> usable
[INFO] [1790927577.121466910] [mapex_explorer]: Main /plan diagnostic: poses=129, endpoint=(31.38, -5.87), frontier=(31.38, -5.87), endpoint_to_frontier=0.000 m, limit=0.10 m -> usable
[controller_server-10] [INFO] [1790927577.169497384] [controller_server]: Passing new path to controller.
[INFO] [1790927578.124793561] [mapex_explorer]: Main /plan diagnostic: poses=122, endpoint=(31.38, -5.87), frontier=(31.38, -5.87), endpoint_to_frontier=0.000 m, limit=0.10 m -> usable
[controller_server-10] [INFO] [1790927578.169490502] [controller_server]: Passing new path to controller.
[INFO] [1790927579.149889363] [mapex_explorer]: Main /plan diagnostic: poses=114, endpoint=(31.38, -5.87), frontier=(31.38, -5.87), endpoint_to_frontier=0.000 m, limit=0.10 m -> usable
[controller_server-10] [INFO] [1790927579.169474273] [controller_server]: Passing new path to controller.
[rviz2-7] [INFO] [1790927579.826934968] [rviz2]: Trying to create a map of size 474 x 252 using 1 swatches
[controller_server-10] [INFO] [1790927580.009031972] [local_costmap.local_costmap]: StaticLayer: Resizing static layer to 474 X 252 at 0.100000 m/pix
[INFO] [1790927580.217287529] [mapex_explorer]: Main /plan diagnostic: poses=102, endpoint=(31.38, -5.87), frontier=(31.38, -5.87), endpoint_to_frontier=0.000 m, limit=0.10 m -> usable
[controller_server-10] [INFO] [1790927580.236142734] [controller_server]: Passing new path to controller.
[planner_server-12] [INFO] [1790927580.675203902] [global_costmap.global_costmap]: StaticLayer: Resizing costmap to 474 X 252 at 0.100000 m/pix
[rviz2-7] [INFO] [1790927580.789230219] [rviz2]: Trying to create a map of size 476 x 252 using 1 swatches
[controller_server-10] [INFO] [1790927580.809005816] [local_costmap.local_costmap]: StaticLayer: Resizing static layer to 476 X 252 at 0.100000 m/pix
[INFO] [1790927581.218821717] [mapex_explorer]: Main /plan diagnostic: poses=85, endpoint=(31.38, -5.87), frontier=(31.38, -5.87), endpoint_to_frontier=0.000 m, limit=0.10 m -> usable
[controller_server-10] [INFO] [1790927581.236141554] [controller_server]: Passing new path to controller.
[planner_server-12] [INFO] [1790927581.675215725] [global_costmap.global_costmap]: StaticLayer: Resizing costmap to 476 X 252 at 0.100000 m/pix
[controller_server-10] [INFO] [1790927581.809114406] [local_costmap.local_costmap]: StaticLayer: Resizing static layer to 482 X 252 at 0.100000 m/pix
[rviz2-7] [INFO] [1790927581.811421492] [rviz2]: Trying to create a map of size 482 x 252 using 1 swatches
[INFO] [1790927582.240682965] [mapex_explorer]: Main /plan diagnostic: poses=78, endpoint=(31.38, -5.87), frontier=(31.38, -5.87), endpoint_to_frontier=0.000 m, limit=0.10 m -> usable
[controller_server-10] [INFO] [1790927582.302846872] [controller_server]: Passing new path to controller.
[planner_server-12] [INFO] [1790927582.675210208] [global_costmap.global_costmap]: StaticLayer: Resizing costmap to 482 X 252 at 0.100000 m/pix
[rviz2-7] [INFO] [1790927582.806203637] [rviz2]: Trying to create a map of size 486 x 252 using 1 swatches
[controller_server-10] [INFO] [1790927582.809031527] [local_costmap.local_costmap]: StaticLayer: Resizing static layer to 486 X 252 at 0.100000 m/pix
[INFO] [1790927583.259065931] [mapex_explorer]: Main /plan diagnostic: poses=70, endpoint=(31.38, -5.87), frontier=(31.38, -5.87), endpoint_to_frontier=0.000 m, limit=0.10 m -> usable
[controller_server-10] [INFO] [1790927583.302852416] [controller_server]: Passing new path to controller.
[planner_server-12] [INFO] [1790927583.675309599] [global_costmap.global_costmap]: StaticLayer: Resizing costmap to 486 X 252 at 0.100000 m/pix
[controller_server-10] [INFO] [1790927583.809055233] [local_costmap.local_costmap]: StaticLayer: Resizing static layer to 488 X 252 at 0.100000 m/pix
[rviz2-7] [INFO] [1790927583.827779669] [rviz2]: Trying to create a map of size 488 x 252 using 1 swatches
[INFO] [1790927584.294790417] [mapex_explorer]: Main /plan diagnostic: poses=62, endpoint=(31.38, -5.87), frontier=(31.38, -5.87), endpoint_to_frontier=0.000 m, limit=0.10 m -> usable
[controller_server-10] [INFO] [1790927584.369491128] [controller_server]: Passing new path to controller.
[planner_server-12] [INFO] [1790927584.675208665] [global_costmap.global_costmap]: StaticLayer: Resizing costmap to 488 X 252 at 0.100000 m/pix
[INFO] [1790927585.328761661] [mapex_explorer]: Main /plan diagnostic: poses=56, endpoint=(31.38, -5.87), frontier=(31.38, -5.87), endpoint_to_frontier=0.000 m, limit=0.10 m -> usable
[controller_server-10] [INFO] [1790927585.369473598] [controller_server]: Passing new path to controller.
[controller_server-10] [INFO] [1790927585.809019015] [local_costmap.local_costmap]: StaticLayer: Resizing static layer to 497 X 252 at 0.100000 m/pix
[rviz2-7] [INFO] [1790927585.813564344] [rviz2]: Trying to create a map of size 497 x 252 using 1 swatches
[INFO] [1790927586.349534113] [mapex_explorer]: Main /plan diagnostic: poses=49, endpoint=(31.38, -5.87), frontier=(31.38, -5.87), endpoint_to_frontier=0.000 m, limit=0.10 m -> usable
[controller_server-10] [INFO] [1790927586.369480056] [controller_server]: Passing new path to controller.
[planner_server-12] [INFO] [1790927586.675200679] [global_costmap.global_costmap]: StaticLayer: Resizing costmap to 497 X 252 at 0.100000 m/pix
[rviz2-7] [INFO] [1790927586.804320562] [rviz2]: Trying to create a map of size 499 x 252 using 1 swatches
[controller_server-10] [INFO] [1790927586.809036642] [local_costmap.local_costmap]: StaticLayer: Resizing static layer to 499 X 252 at 0.100000 m/pix
[INFO] [1790927587.377152685] [mapex_explorer]: Main /plan diagnostic: poses=41, endpoint=(31.38, -5.87), frontier=(31.38, -5.87), endpoint_to_frontier=0.000 m, limit=0.10 m -> usable
[controller_server-10] [INFO] [1790927587.436169513] [controller_server]: Passing new path to controller.
[planner_server-12] [INFO] [1790927587.675239781] [global_costmap.global_costmap]: StaticLayer: Resizing costmap to 499 X 252 at 0.100000 m/pix
[rviz2-7] [INFO] [1790927587.795857013] [rviz2]: Trying to create a map of size 504 x 252 using 1 swatches
[controller_server-10] [INFO] [1790927587.809008811] [local_costmap.local_costmap]: StaticLayer: Resizing static layer to 504 X 252 at 0.100000 m/pix
[INFO] [1790927588.412156533] [mapex_explorer]: Main /plan diagnostic: poses=35, endpoint=(31.38, -5.87), frontier=(31.38, -5.87), endpoint_to_frontier=0.000 m, limit=0.10 m -> usable
[controller_server-10] [INFO] [1790927588.436160402] [controller_server]: Passing new path to controller.
[planner_server-12] [INFO] [1790927588.675208643] [global_costmap.global_costmap]: StaticLayer: Resizing costmap to 504 X 252 at 0.100000 m/pix
[controller_server-10] [INFO] [1790927588.809033031] [local_costmap.local_costmap]: StaticLayer: Resizing static layer to 507 X 252 at 0.100000 m/pix
[rviz2-7] [INFO] [1790927588.821551594] [rviz2]: Trying to create a map of size 507 x 252 using 1 swatches
[INFO] [1790927589.479086544] [mapex_explorer]: Main /plan diagnostic: poses=29, endpoint=(31.38, -5.87), frontier=(31.38, -5.87), endpoint_to_frontier=0.000 m, limit=0.10 m -> usable
[controller_server-10] [INFO] [1790927589.502810583] [controller_server]: Passing new path to controller.
[planner_server-12] [INFO] [1790927589.675215002] [global_costmap.global_costmap]: StaticLayer: Resizing costmap to 507 X 252 at 0.100000 m/pix
[INFO] [1790927590.458981970] [mapex_explorer]: Main /plan diagnostic: poses=20, endpoint=(31.38, -5.87), frontier=(31.38, -5.87), endpoint_to_frontier=0.000 m, limit=0.10 m -> usable
[controller_server-10] [INFO] [1790927590.502814128] [controller_server]: Passing new path to controller.
[rviz2-7] [INFO] [1790927590.803554577] [rviz2]: Trying to create a map of size 508 x 252 using 1 swatches
[controller_server-10] [INFO] [1790927590.809029359] [local_costmap.local_costmap]: StaticLayer: Resizing static layer to 508 X 252 at 0.100000 m/pix
[controller_server-10] [INFO] [1790927591.502803044] [controller_server]: Passing new path to controller.
[INFO] [1790927591.532153191] [mapex_explorer]: Main /plan diagnostic: poses=13, endpoint=(31.38, -5.87), frontier=(31.38, -5.87), endpoint_to_frontier=0.000 m, limit=0.10 m -> usable
[planner_server-12] [INFO] [1790927591.675347216] [global_costmap.global_costmap]: StaticLayer: Resizing costmap to 508 X 252 at 0.100000 m/pix
[rviz2-7] [INFO] [1790927591.795660287] [rviz2]: Trying to create a map of size 514 x 252 using 1 swatches
[controller_server-10] [INFO] [1790927591.809011372] [local_costmap.local_costmap]: StaticLayer: Resizing static layer to 514 X 252 at 0.100000 m/pix
[INFO] [1790927592.508441848] [mapex_explorer]: Main /plan diagnostic: poses=9, endpoint=(31.38, -5.87), frontier=(31.38, -5.87), endpoint_to_frontier=0.000 m, limit=0.10 m -> usable
[controller_server-10] [INFO] [1790927592.569496381] [controller_server]: Passing new path to controller.
[planner_server-12] [INFO] [1790927592.675209118] [global_costmap.global_costmap]: StaticLayer: Resizing costmap to 514 X 252 at 0.100000 m/pix
[controller_server-10] [INFO] [1790927592.837652619] [controller_server]: Reached the goal!
[controller_server-10] [INFO] [1790927592.837846690] [controller_server]: Optimizer reset
[INFO] [1790927592.863852238] [mapex_explorer]: Goal reached
[bt_navigator-15] [INFO] [1790927592.865055403] [bt_navigator]: Goal succeeded
[INFO] [1790927599.249820228] [mapex_explorer]: MapEx decision 20: selected x=35.08, y=-7.17, IG=58.246834, distance=4.29 m, score=13.572630, region=23, candidates=21, near_fallback=False, compute=6.09 s
[bt_navigator-15] [INFO] [1790927599.252181674] [bt_navigator]: Begin navigating from current location (31.06, -5.67) to (35.08, -7.17)
[controller_server-10] [INFO] [1790927599.272839287] [controller_server]: Received a goal, begin computing control effort.
[INFO] [1790927599.542492520] [mapex_explorer]: Main goal accepted
[INFO] [1790927599.560774972] [mapex_explorer]: Main /plan diagnostic: poses=91, endpoint=(35.08, -7.17), frontier=(35.08, -7.17), endpoint_to_frontier=0.000 m, limit=0.10 m -> usable
[INFO] [1790927600.298190358] [mapex_explorer]: Main /plan diagnostic: poses=86, endpoint=(35.08, -7.17), frontier=(35.08, -7.17), endpoint_to_frontier=0.000 m, limit=0.10 m -> usable
[controller_server-10] [INFO] [1790927600.339706369] [controller_server]: Passing new path to controller.
[rviz2-7] [INFO] [1790927600.787051797] [rviz2]: Trying to create a map of size 515 x 252 using 1 swatches
[controller_server-10] [INFO] [1790927600.808999678] [local_costmap.local_costmap]: StaticLayer: Resizing static layer to 515 X 252 at 0.100000 m/pix
[controller_server-10] [INFO] [1790927601.339716385] [controller_server]: Passing new path to controller.
[INFO] [1790927601.366593331] [mapex_explorer]: Main /plan diagnostic: poses=80, endpoint=(35.08, -7.17), frontier=(35.08, -7.17), endpoint_to_frontier=0.000 m, limit=0.10 m -> usable
[planner_server-12] [INFO] [1790927601.675311036] [global_costmap.global_costmap]: StaticLayer: Resizing costmap to 515 X 252 at 0.100000 m/pix
[controller_server-10] [INFO] [1790927601.809002995] [local_costmap.local_costmap]: StaticLayer: Resizing static layer to 520 X 252 at 0.100000 m/pix
[rviz2-7] [INFO] [1790927601.812237411] [rviz2]: Trying to create a map of size 520 x 252 using 1 swatches
[INFO] [1790927602.337638790] [mapex_explorer]: Main /plan diagnostic: poses=77, endpoint=(35.08, -7.17), frontier=(35.08, -7.17), endpoint_to_frontier=0.000 m, limit=0.10 m -> usable
[controller_server-10] [INFO] [1790927602.406373915] [controller_server]: Passing new path to controller.
[planner_server-12] [INFO] [1790927602.675434967] [global_costmap.global_costmap]: StaticLayer: Resizing costmap to 520 X 252 at 0.100000 m/pix
[INFO] [1790927603.381492288] [mapex_explorer]: Main /plan diagnostic: poses=75, endpoint=(35.08, -7.17), frontier=(35.08, -7.17), endpoint_to_frontier=0.000 m, limit=0.10 m -> usable
[controller_server-10] [INFO] [1790927603.406348647] [controller_server]: Passing new path to controller.
[INFO] [1790927604.391628396] [mapex_explorer]: Main /plan diagnostic: poses=66, endpoint=(35.08, -7.17), frontier=(35.08, -7.17), endpoint_to_frontier=0.000 m, limit=0.10 m -> usable
[controller_server-10] [INFO] [1790927604.406366538] [controller_server]: Passing new path to controller.
[controller_server-10] [INFO] [1790927604.809001589] [local_costmap.local_costmap]: StaticLayer: Resizing static layer to 528 X 252 at 0.100000 m/pix
[rviz2-7] [INFO] [1790927604.819807725] [rviz2]: Trying to create a map of size 528 x 252 using 1 swatches
[INFO] [1790927605.412251244] [mapex_explorer]: Main /plan diagnostic: poses=55, endpoint=(35.08, -7.17), frontier=(35.08, -7.17), endpoint_to_frontier=0.000 m, limit=0.10 m -> usable
[controller_server-10] [INFO] [1790927605.473011829] [controller_server]: Passing new path to controller.
[planner_server-12] [INFO] [1790927605.675200091] [global_costmap.global_costmap]: StaticLayer: Resizing costmap to 528 X 252 at 0.100000 m/pix
[INFO] [1790927606.432609905] [mapex_explorer]: Main /plan diagnostic: poses=45, endpoint=(35.08, -7.17), frontier=(35.08, -7.17), endpoint_to_frontier=0.000 m, limit=0.10 m -> usable
[controller_server-10] [INFO] [1790927606.473014613] [controller_server]: Passing new path to controller.
[INFO] [1790927607.456004445] [mapex_explorer]: Main /plan diagnostic: poses=36, endpoint=(35.08, -7.17), frontier=(35.08, -7.17), endpoint_to_frontier=0.000 m, limit=0.10 m -> usable
[controller_server-10] [INFO] [1790927607.473052831] [controller_server]: Passing new path to controller.
[INFO] [1790927608.477497732] [mapex_explorer]: Main /plan diagnostic: poses=25, endpoint=(35.08, -7.17), frontier=(35.08, -7.17), endpoint_to_frontier=0.000 m, limit=0.10 m -> usable
[controller_server-10] [INFO] [1790927608.539672841] [controller_server]: Passing new path to controller.
[rviz2-7] [INFO] [1790927608.788012191] [rviz2]: Trying to create a map of size 530 x 255 using 1 swatches
[controller_server-10] [INFO] [1790927608.809967556] [local_costmap.local_costmap]: StaticLayer: Resizing static layer to 530 X 255 at 0.100000 m/pix
[INFO] [1790927609.533831706] [mapex_explorer]: Main /plan diagnostic: poses=17, endpoint=(35.08, -7.17), frontier=(35.08, -7.17), endpoint_to_frontier=0.000 m, limit=0.10 m -> usable
[controller_server-10] [INFO] [1790927609.539676521] [controller_server]: Passing new path to controller.
[planner_server-12] [INFO] [1790927609.675214936] [global_costmap.global_costmap]: StaticLayer: Resizing costmap to 530 X 255 at 0.100000 m/pix
[INFO] [1790927610.536597409] [mapex_explorer]: Main /plan diagnostic: poses=12, endpoint=(35.08, -7.17), frontier=(35.08, -7.17), endpoint_to_frontier=0.000 m, limit=0.10 m -> usable
[controller_server-10] [INFO] [1790927610.606343251] [controller_server]: Passing new path to controller.
[controller_server-10] [INFO] [1790927611.278582392] [controller_server]: Reached the goal!
[controller_server-10] [INFO] [1790927611.279891265] [controller_server]: Optimizer reset
[bt_navigator-15] [INFO] [1790927611.302454559] [bt_navigator]: Goal succeeded
[INFO] [1790927611.305296872] [mapex_explorer]: Goal reached
[rviz2-7] [INFO] [1790927611.828889979] [rviz2]: Trying to create a map of size 558 x 255 using 1 swatches
[controller_server-10] [INFO] [1790927612.009027519] [local_costmap.local_costmap]: StaticLayer: Resizing static layer to 558 X 255 at 0.100000 m/pix
[planner_server-12] [INFO] [1790927612.675222555] [global_costmap.global_costmap]: StaticLayer: Resizing costmap to 558 X 255 at 0.100000 m/pix
[INFO] [1790927617.700062766] [mapex_explorer]: MapEx decision 21: selected x=32.08, y=-10.55, IG=96.645500, distance=4.66 m, score=20.744800, region=387, candidates=19, near_fallback=False, compute=5.63 s
[bt_navigator-15] [INFO] [1790927617.701849007] [bt_navigator]: Begin navigating from current location (34.93, -6.87) to (32.08, -10.55)
[controller_server-10] [INFO] [1790927617.722356574] [controller_server]: Received a goal, begin computing control effort.
[INFO] [1790927618.019944114] [mapex_explorer]: Main goal accepted
[INFO] [1790927618.159300388] [mapex_explorer]: Main /plan diagnostic: poses=93, endpoint=(32.08, -10.55), frontier=(32.08, -10.55), endpoint_to_frontier=0.000 m, limit=0.10 m -> usable
[INFO] [1790927618.762190418] [mapex_explorer]: Main /plan diagnostic: poses=89, endpoint=(32.08, -10.55), frontier=(32.08, -10.55), endpoint_to_frontier=0.000 m, limit=0.10 m -> usable
[controller_server-10] [INFO] [1790927618.789178747] [controller_server]: Passing new path to controller.
[INFO] [1790927619.774946776] [mapex_explorer]: Main /plan diagnostic: poses=82, endpoint=(32.08, -10.55), frontier=(32.08, -10.55), endpoint_to_frontier=0.000 m, limit=0.10 m -> usable
[controller_server-10] [INFO] [1790927619.789177273] [controller_server]: Passing new path to controller.
[controller_server-10] [INFO] [1790927619.809047888] [local_costmap.local_costmap]: StaticLayer: Resizing static layer to 558 X 255 at 0.100000 m/pix
[planner_server-12] [INFO] [1790927620.675223077] [global_costmap.global_costmap]: StaticLayer: Resizing costmap to 558 X 255 at 0.100000 m/pix
[INFO] [1790927620.805301982] [mapex_explorer]: Main /plan diagnostic: poses=72, endpoint=(32.08, -10.55), frontier=(32.08, -10.55), endpoint_to_frontier=0.000 m, limit=0.10 m -> usable
[controller_server-10] [INFO] [1790927620.855843799] [controller_server]: Passing new path to controller.
[controller_server-10] [INFO] [1790927621.009054119] [local_costmap.local_costmap]: StaticLayer: Resizing static layer to 558 X 255 at 0.100000 m/pix
[planner_server-12] [INFO] [1790927621.675220245] [global_costmap.global_costmap]: StaticLayer: Resizing costmap to 558 X 255 at 0.100000 m/pix
[controller_server-10] [INFO] [1790927621.855842230] [controller_server]: Passing new path to controller.
[INFO] [1790927621.895814456] [mapex_explorer]: Main /plan diagnostic: poses=62, endpoint=(32.08, -10.55), frontier=(32.08, -10.55), endpoint_to_frontier=0.000 m, limit=0.10 m -> usable
[INFO] [1790927622.871324511] [mapex_explorer]: Main /plan diagnostic: poses=50, endpoint=(32.08, -10.55), frontier=(32.08, -10.55), endpoint_to_frontier=0.000 m, limit=0.10 m -> usable
[controller_server-10] [INFO] [1790927622.922514199] [controller_server]: Passing new path to controller.
[INFO] [1790927623.921457057] [mapex_explorer]: Main /plan diagnostic: poses=42, endpoint=(32.08, -10.55), frontier=(32.08, -10.55), endpoint_to_frontier=0.000 m, limit=0.10 m -> usable
[controller_server-10] [INFO] [1790927623.922564158] [controller_server]: Passing new path to controller.
[INFO] [1790927624.898342918] [mapex_explorer]: Main /plan diagnostic: poses=32, endpoint=(32.08, -10.55), frontier=(32.08, -10.55), endpoint_to_frontier=0.000 m, limit=0.10 m -> usable
[controller_server-10] [INFO] [1790927624.922500372] [controller_server]: Passing new path to controller.
[controller_server-10] [INFO] [1790927625.989178174] [controller_server]: Passing new path to controller.
[INFO] [1790927626.000691154] [mapex_explorer]: Main /plan diagnostic: poses=21, endpoint=(32.08, -10.55), frontier=(32.08, -10.55), endpoint_to_frontier=0.000 m, limit=0.10 m -> usable
[controller_server-10] [INFO] [1790927626.809038633] [local_costmap.local_costmap]: StaticLayer: Resizing static layer to 558 X 255 at 0.100000 m/pix
[INFO] [1790927626.956122532] [mapex_explorer]: Main /plan diagnostic: poses=13, endpoint=(32.08, -10.55), frontier=(32.08, -10.55), endpoint_to_frontier=0.000 m, limit=0.10 m -> usable
[controller_server-10] [INFO] [1790927626.989165088] [controller_server]: Passing new path to controller.
[planner_server-12] [INFO] [1790927627.675214065] [global_costmap.global_costmap]: StaticLayer: Resizing costmap to 558 X 255 at 0.100000 m/pix
[INFO] [1790927627.996923571] [mapex_explorer]: Main /plan diagnostic: poses=8, endpoint=(32.08, -10.55), frontier=(32.08, -10.55), endpoint_to_frontier=0.000 m, limit=0.10 m -> usable
[controller_server-10] [INFO] [1790927628.055833632] [controller_server]: Passing new path to controller.
[controller_server-10] [INFO] [1790927628.259856596] [controller_server]: Reached the goal!
[controller_server-10] [INFO] [1790927628.260216005] [controller_server]: Optimizer reset
[bt_navigator-15] [INFO] [1790927628.282857432] [bt_navigator]: Goal succeeded
[INFO] [1790927628.342259506] [mapex_explorer]: Goal reached
[INFO] [1790927635.184717690] [mapex_explorer]: MapEx decision 22: selected x=39.98, y=-8.27, IG=80.341736, distance=7.92 m, score=10.142321, region=106, candidates=21, near_fallback=False, compute=6.11 s
[bt_navigator-15] [INFO] [1790927635.192131579] [bt_navigator]: Begin navigating from current location (32.32, -10.31) to (39.98, -8.27)
[controller_server-10] [INFO] [1790927635.213110132] [controller_server]: Received a goal, begin computing control effort.
[INFO] [1790927635.485411572] [mapex_explorer]: Main goal accepted
[INFO] [1790927635.516092658] [mapex_explorer]: Main /plan diagnostic: poses=202, endpoint=(39.98, -8.27), frontier=(39.98, -8.27), endpoint_to_frontier=0.000 m, limit=0.10 m -> usable
[INFO] [1790927636.239106142] [mapex_explorer]: Main /plan diagnostic: poses=197, endpoint=(39.98, -8.27), frontier=(39.98, -8.27), endpoint_to_frontier=0.000 m, limit=0.10 m -> usable
[controller_server-10] [INFO] [1790927636.280077163] [controller_server]: Passing new path to controller.
[INFO] [1790927637.274683963] [mapex_explorer]: Main /plan diagnostic: poses=189, endpoint=(39.98, -8.27), frontier=(39.98, -8.27), endpoint_to_frontier=0.000 m, limit=0.10 m -> usable
[controller_server-10] [INFO] [1790927637.280047879] [controller_server]: Passing new path to controller.
[INFO] [1790927638.313815842] [mapex_explorer]: Main /plan diagnostic: poses=182, endpoint=(39.98, -8.27), frontier=(39.98, -8.27), endpoint_to_frontier=0.000 m, limit=0.10 m -> usable
[controller_server-10] [INFO] [1790927638.346742477] [controller_server]: Passing new path to controller.
[INFO] [1790927639.336900190] [mapex_explorer]: Main /plan diagnostic: poses=177, endpoint=(39.98, -8.27), frontier=(39.98, -8.27), endpoint_to_frontier=0.000 m, limit=0.10 m -> usable
[controller_server-10] [INFO] [1790927639.346739168] [controller_server]: Passing new path to controller.
[INFO] [1790927640.353486384] [mapex_explorer]: Main /plan diagnostic: poses=168, endpoint=(39.98, -8.27), frontier=(39.98, -8.27), endpoint_to_frontier=0.000 m, limit=0.10 m -> usable
[controller_server-10] [INFO] [1790927640.413379765] [controller_server]: Passing new path to controller.
[INFO] [1790927641.359079997] [mapex_explorer]: Main /plan diagnostic: poses=161, endpoint=(39.98, -8.27), frontier=(39.98, -8.27), endpoint_to_frontier=0.000 m, limit=0.10 m -> usable
[controller_server-10] [INFO] [1790927641.413416761] [controller_server]: Passing new path to controller.
[controller_server-10] [INFO] [1790927642.413389490] [controller_server]: Passing new path to controller.
[INFO] [1790927642.474794210] [mapex_explorer]: Main /plan diagnostic: poses=154, endpoint=(39.98, -8.27), frontier=(39.98, -8.27), endpoint_to_frontier=0.000 m, limit=0.10 m -> usable
[INFO] [1790927643.417159128] [mapex_explorer]: Main /plan diagnostic: poses=146, endpoint=(39.98, -8.27), frontier=(39.98, -8.27), endpoint_to_frontier=0.000 m, limit=0.10 m -> usable
[controller_server-10] [INFO] [1790927643.480075363] [controller_server]: Passing new path to controller.
[INFO] [1790927644.453636118] [mapex_explorer]: Main /plan diagnostic: poses=141, endpoint=(39.98, -8.27), frontier=(39.98, -8.27), endpoint_to_frontier=0.000 m, limit=0.10 m -> usable
[controller_server-10] [INFO] [1790927644.480074485] [controller_server]: Passing new path to controller.
[INFO] [1790927645.458402275] [mapex_explorer]: Main /plan diagnostic: poses=132, endpoint=(39.98, -8.27), frontier=(39.98, -8.27), endpoint_to_frontier=0.000 m, limit=0.10 m -> usable
[controller_server-10] [INFO] [1790927645.480059190] [controller_server]: Passing new path to controller.
[INFO] [1790927646.480293576] [mapex_explorer]: Main /plan diagnostic: poses=125, endpoint=(39.98, -8.27), frontier=(39.98, -8.27), endpoint_to_frontier=0.000 m, limit=0.10 m -> usable
[controller_server-10] [INFO] [1790927646.546716539] [controller_server]: Passing new path to controller.
[async_slam_toolbox_node-9] W20261002 14:54:06.841471  4595 preprocessor.cc:67] Specified options.num_threads: 50 exceeds maximum available from the threading model Ceres was compiled with: 16.  Bounding to maximum number available.
[async_slam_toolbox_node-9] [INFO] [1790927646.850452196] [slam_toolbox]: Adaptive anchor summary: latest_node=1422, local_edges=1470, loop_history=0, avg_effective_weight=1.202, release_regions=0
[controller_server-10] [INFO] [1790927647.546719527] [controller_server]: Passing new path to controller.
[INFO] [1790927647.576195085] [mapex_explorer]: Main /plan diagnostic: poses=118, endpoint=(39.98, -8.27), frontier=(39.98, -8.27), endpoint_to_frontier=0.000 m, limit=0.10 m -> usable
[controller_server-10] [INFO] [1790927647.809015973] [local_costmap.local_costmap]: StaticLayer: Resizing static layer to 558 X 255 at 0.100000 m/pix
[INFO] [1790927648.534024300] [mapex_explorer]: Main /plan diagnostic: poses=109, endpoint=(39.98, -8.27), frontier=(39.98, -8.27), endpoint_to_frontier=0.000 m, limit=0.10 m -> usable
[controller_server-10] [INFO] [1790927648.546721557] [controller_server]: Passing new path to controller.
[planner_server-12] [INFO] [1790927648.675250278] [global_costmap.global_costmap]: StaticLayer: Resizing costmap to 558 X 255 at 0.100000 m/pix
[INFO] [1790927649.599759051] [mapex_explorer]: Main /plan diagnostic: poses=104, endpoint=(39.98, -8.27), frontier=(39.98, -8.27), endpoint_to_frontier=0.000 m, limit=0.10 m -> usable
[controller_server-10] [INFO] [1790927649.613414065] [controller_server]: Passing new path to controller.
[rviz2-7] [INFO] [1790927649.811473218] [rviz2]: Trying to create a map of size 559 x 255 using 1 swatches
[controller_server-10] [INFO] [1790927650.009117429] [local_costmap.local_costmap]: StaticLayer: Resizing static layer to 559 X 255 at 0.100000 m/pix
[INFO] [1790927650.578229643] [mapex_explorer]: Main /plan diagnostic: poses=107, endpoint=(39.98, -8.27), frontier=(39.98, -8.27), endpoint_to_frontier=0.000 m, limit=0.10 m -> usable
[controller_server-10] [INFO] [1790927650.613430769] [controller_server]: Passing new path to controller.
[planner_server-12] [INFO] [1790927650.675237420] [global_costmap.global_costmap]: StaticLayer: Resizing costmap to 559 X 255 at 0.100000 m/pix
[controller_server-10] [INFO] [1790927650.809016486] [local_costmap.local_costmap]: StaticLayer: Resizing static layer to 559 X 257 at 0.100000 m/pix
[rviz2-7] [INFO] [1790927650.837264583] [rviz2]: Trying to create a map of size 559 x 257 using 1 swatches
[controller_server-10] [INFO] [1790927651.613379238] [controller_server]: Passing new path to controller.
[INFO] [1790927651.634169152] [mapex_explorer]: Main /plan diagnostic: poses=95, endpoint=(39.98, -8.27), frontier=(39.98, -8.27), endpoint_to_frontier=0.000 m, limit=0.10 m -> usable
[planner_server-12] [INFO] [1790927651.675214811] [global_costmap.global_costmap]: StaticLayer: Resizing costmap to 559 X 257 at 0.100000 m/pix
[INFO] [1790927652.649743921] [mapex_explorer]: Main /plan diagnostic: poses=87, endpoint=(39.98, -8.27), frontier=(39.98, -8.27), endpoint_to_frontier=0.000 m, limit=0.10 m -> usable
[controller_server-10] [INFO] [1790927652.680049883] [controller_server]: Passing new path to controller.
[controller_server-10] [INFO] [1790927652.809012493] [local_costmap.local_costmap]: StaticLayer: Resizing static layer to 559 X 257 at 0.100000 m/pix
[INFO] [1790927653.664330022] [mapex_explorer]: Main /plan diagnostic: poses=78, endpoint=(39.98, -8.27), frontier=(39.98, -8.27), endpoint_to_frontier=0.000 m, limit=0.10 m -> usable
[planner_server-12] [INFO] [1790927653.675200801] [global_costmap.global_costmap]: StaticLayer: Resizing costmap to 559 X 257 at 0.100000 m/pix
[controller_server-10] [INFO] [1790927653.680052841] [controller_server]: Passing new path to controller.
[controller_server-10] [INFO] [1790927653.809125039] [local_costmap.local_costmap]: StaticLayer: Resizing static layer to 559 X 257 at 0.100000 m/pix
[planner_server-12] [INFO] [1790927654.675202158] [global_costmap.global_costmap]: StaticLayer: Resizing costmap to 559 X 257 at 0.100000 m/pix
[INFO] [1790927654.676700347] [mapex_explorer]: Main /plan diagnostic: poses=73, endpoint=(39.98, -8.27), frontier=(39.98, -8.27), endpoint_to_frontier=0.000 m, limit=0.10 m -> usable
[controller_server-10] [INFO] [1790927654.746724277] [controller_server]: Passing new path to controller.
[INFO] [1790927655.715963096] [mapex_explorer]: Main /plan diagnostic: poses=65, endpoint=(39.98, -8.27), frontier=(39.98, -8.27), endpoint_to_frontier=0.000 m, limit=0.10 m -> usable
[controller_server-10] [INFO] [1790927655.746713394] [controller_server]: Passing new path to controller.
[INFO] [1790927656.715812035] [mapex_explorer]: Main /plan diagnostic: poses=58, endpoint=(39.98, -8.27), frontier=(39.98, -8.27), endpoint_to_frontier=0.000 m, limit=0.10 m -> usable
[controller_server-10] [INFO] [1790927656.746716419] [controller_server]: Passing new path to controller.
[INFO] [1790927657.751189581] [mapex_explorer]: Main /plan diagnostic: poses=57, endpoint=(39.98, -8.27), frontier=(39.98, -8.27), endpoint_to_frontier=0.000 m, limit=0.10 m -> usable
[controller_server-10] [INFO] [1790927657.813506124] [controller_server]: Passing new path to controller.
[INFO] [1790927658.759465420] [mapex_explorer]: Main /plan diagnostic: poses=54, endpoint=(39.98, -8.27), frontier=(39.98, -8.27), endpoint_to_frontier=0.000 m, limit=0.10 m -> usable
[controller_server-10] [INFO] [1790927658.813385210] [controller_server]: Passing new path to controller.
[INFO] [1790927659.790868668] [mapex_explorer]: Main /plan diagnostic: poses=46, endpoint=(39.98, -8.27), frontier=(39.98, -8.27), endpoint_to_frontier=0.000 m, limit=0.10 m -> usable
[controller_server-10] [INFO] [1790927659.813377733] [controller_server]: Passing new path to controller.
[INFO] [1790927660.811594237] [mapex_explorer]: Main /plan diagnostic: poses=35, endpoint=(39.98, -8.27), frontier=(39.98, -8.27), endpoint_to_frontier=0.000 m, limit=0.10 m -> usable
[controller_server-10] [INFO] [1790927660.880064516] [controller_server]: Passing new path to controller.
[INFO] [1790927661.833800399] [mapex_explorer]: Main /plan diagnostic: poses=25, endpoint=(39.98, -8.27), frontier=(39.98, -8.27), endpoint_to_frontier=0.000 m, limit=0.10 m -> usable
[controller_server-10] [INFO] [1790927661.880063931] [controller_server]: Passing new path to controller.
[INFO] [1790927662.855517350] [mapex_explorer]: Main /plan diagnostic: poses=15, endpoint=(39.98, -8.27), frontier=(39.98, -8.27), endpoint_to_frontier=0.000 m, limit=0.10 m -> usable
[controller_server-10] [INFO] [1790927662.880050734] [controller_server]: Passing new path to controller.
[INFO] [1790927663.888690702] [mapex_explorer]: Main /plan diagnostic: poses=9, endpoint=(39.98, -8.27), frontier=(39.98, -8.27), endpoint_to_frontier=0.000 m, limit=0.10 m -> usable
[controller_server-10] [INFO] [1790927663.946728413] [controller_server]: Passing new path to controller.
[controller_server-10] [INFO] [1790927664.481249512] [controller_server]: Reached the goal!
[controller_server-10] [INFO] [1790927664.481364212] [controller_server]: Optimizer reset
[bt_navigator-15] [INFO] [1790927664.502346523] [bt_navigator]: Goal succeeded
[INFO] [1790927664.511838573] [mapex_explorer]: Goal reached
[INFO] [1790927671.764810144] [mapex_explorer]: MapEx decision 23: selected x=45.38, y=-9.25, IG=97.423195, distance=5.81 m, score=16.762206, region=34, candidates=19, near_fallback=False, compute=6.68 s
[bt_navigator-15] [INFO] [1790927671.765488723] [bt_navigator]: Begin navigating from current location (39.67, -8.13) to (45.38, -9.25)
[controller_server-10] [INFO] [1790927671.785990903] [controller_server]: Received a goal, begin computing control effort.
[INFO] [1790927672.039677006] [mapex_explorer]: Main goal accepted
[INFO] [1790927672.212890472] [mapex_explorer]: Main /plan diagnostic: poses=122, endpoint=(45.38, -9.25), frontier=(45.38, -9.25), endpoint_to_frontier=0.000 m, limit=0.10 m -> usable
[INFO] [1790927672.805351232] [mapex_explorer]: Main /plan diagnostic: poses=116, endpoint=(45.38, -9.25), frontier=(45.38, -9.25), endpoint_to_frontier=0.000 m, limit=0.10 m -> usable
[controller_server-10] [INFO] [1790927672.852824887] [controller_server]: Passing new path to controller.
[INFO] [1790927673.810755123] [mapex_explorer]: Main /plan diagnostic: poses=106, endpoint=(45.38, -9.25), frontier=(45.38, -9.25), endpoint_to_frontier=0.000 m, limit=0.10 m -> usable
[controller_server-10] [INFO] [1790927673.852791515] [controller_server]: Passing new path to controller.
[INFO] [1790927674.840235724] [mapex_explorer]: Main /plan diagnostic: poses=94, endpoint=(45.38, -9.25), frontier=(45.38, -9.25), endpoint_to_frontier=0.000 m, limit=0.10 m -> usable
[controller_server-10] [INFO] [1790927674.919461767] [controller_server]: Passing new path to controller.
[INFO] [1790927675.877928635] [mapex_explorer]: Main /plan diagnostic: poses=84, endpoint=(45.38, -9.25), frontier=(45.38, -9.25), endpoint_to_frontier=0.000 m, limit=0.10 m -> usable
[controller_server-10] [INFO] [1790927675.919448602] [controller_server]: Passing new path to controller.
[INFO] [1790927676.895638642] [mapex_explorer]: Main /plan diagnostic: poses=74, endpoint=(45.38, -9.25), frontier=(45.38, -9.25), endpoint_to_frontier=0.000 m, limit=0.10 m -> usable
[controller_server-10] [INFO] [1790927676.919450902] [controller_server]: Passing new path to controller.
[INFO] [1790927677.963926521] [mapex_explorer]: Main /plan diagnostic: poses=64, endpoint=(45.38, -9.25), frontier=(45.38, -9.25), endpoint_to_frontier=0.000 m, limit=0.10 m -> usable
[controller_server-10] [INFO] [1790927677.986143502] [controller_server]: Passing new path to controller.
[INFO] [1790927678.940210939] [mapex_explorer]: Main /plan diagnostic: poses=54, endpoint=(45.38, -9.25), frontier=(45.38, -9.25), endpoint_to_frontier=0.000 m, limit=0.10 m -> usable
[controller_server-10] [INFO] [1790927678.986117873] [controller_server]: Passing new path to controller.
[INFO] [1790927679.975124383] [mapex_explorer]: Main /plan diagnostic: poses=44, endpoint=(45.38, -9.25), frontier=(45.38, -9.25), endpoint_to_frontier=0.000 m, limit=0.10 m -> usable
[controller_server-10] [INFO] [1790927679.986119386] [controller_server]: Passing new path to controller.
[controller_server-10] [INFO] [1790927680.809069506] [local_costmap.local_costmap]: StaticLayer: Resizing static layer to 560 X 257 at 0.100000 m/pix
[rviz2-7] [INFO] [1790927680.818823618] [rviz2]: Trying to create a map of size 560 x 257 using 1 swatches
[INFO] [1790927681.013701752] [mapex_explorer]: Main /plan diagnostic: poses=34, endpoint=(45.38, -9.25), frontier=(45.38, -9.25), endpoint_to_frontier=0.000 m, limit=0.10 m -> usable
[controller_server-10] [INFO] [1790927681.052786502] [controller_server]: Passing new path to controller.
[planner_server-12] [INFO] [1790927681.675222924] [global_costmap.global_costmap]: StaticLayer: Resizing costmap to 560 X 257 at 0.100000 m/pix
[controller_server-10] [INFO] [1790927681.809008211] [local_costmap.local_costmap]: StaticLayer: Resizing static layer to 561 X 258 at 0.100000 m/pix
[rviz2-7] [INFO] [1790927681.811050486] [rviz2]: Trying to create a map of size 561 x 258 using 1 swatches
[INFO] [1790927682.022487828] [mapex_explorer]: Main /plan diagnostic: poses=22, endpoint=(45.38, -9.25), frontier=(45.38, -9.25), endpoint_to_frontier=0.000 m, limit=0.10 m -> usable
[controller_server-10] [INFO] [1790927682.052787162] [controller_server]: Passing new path to controller.
[planner_server-12] [INFO] [1790927682.675233652] [global_costmap.global_costmap]: StaticLayer: Resizing costmap to 561 X 258 at 0.100000 m/pix
[INFO] [1790927683.072403248] [mapex_explorer]: Main /plan diagnostic: poses=15, endpoint=(45.38, -9.25), frontier=(45.38, -9.25), endpoint_to_frontier=0.000 m, limit=0.10 m -> usable
[controller_server-10] [INFO] [1790927683.119452818] [controller_server]: Passing new path to controller.
[INFO] [1790927684.075438811] [mapex_explorer]: Main /plan diagnostic: poses=10, endpoint=(45.38, -9.25), frontier=(45.38, -9.25), endpoint_to_frontier=0.000 m, limit=0.10 m -> usable
[controller_server-10] [INFO] [1790927684.119464179] [controller_server]: Passing new path to controller.
[controller_server-10] [INFO] [1790927684.656140154] [controller_server]: Reached the goal!
[controller_server-10] [INFO] [1790927684.656527849] [controller_server]: Optimizer reset
[bt_navigator-15] [INFO] [1790927684.685917805] [bt_navigator]: Goal succeeded
[INFO] [1790927684.692184182] [mapex_explorer]: Goal reached
[INFO] [1790927691.498099624] [mapex_explorer]: MapEx decision 24: selected x=44.08, y=-3.22, IG=44.273399, distance=5.86 m, score=7.555090, region=15, candidates=20, near_fallback=False, compute=6.40 s
[bt_navigator-15] [INFO] [1790927691.499470764] [bt_navigator]: Begin navigating from current location (45.16, -8.98) to (44.08, -3.22)
[controller_server-10] [INFO] [1790927691.520011946] [controller_server]: Received a goal, begin computing control effort.
[INFO] [1790927691.750825011] [mapex_explorer]: Main goal accepted
[INFO] [1790927691.754930522] [mapex_explorer]: Main /plan diagnostic: poses=120, endpoint=(44.08, -3.22), frontier=(44.08, -3.22), endpoint_to_frontier=0.000 m, limit=0.10 m -> usable
[INFO] [1790927692.552829123] [mapex_explorer]: Main /plan diagnostic: poses=118, endpoint=(44.08, -3.22), frontier=(44.08, -3.22), endpoint_to_frontier=0.000 m, limit=0.10 m -> usable
[controller_server-10] [INFO] [1790927692.586854259] [controller_server]: Passing new path to controller.
[controller_server-10] [INFO] [1790927693.586895665] [controller_server]: Passing new path to controller.
[INFO] [1790927693.638871308] [mapex_explorer]: Main /plan diagnostic: poses=114, endpoint=(44.08, -3.22), frontier=(44.08, -3.22), endpoint_to_frontier=0.000 m, limit=0.10 m -> usable
[INFO] [1790927694.612628954] [mapex_explorer]: Main /plan diagnostic: poses=111, endpoint=(44.08, -3.22), frontier=(44.08, -3.22), endpoint_to_frontier=0.000 m, limit=0.10 m -> usable
[controller_server-10] [INFO] [1790927694.653542735] [controller_server]: Passing new path to controller.
[INFO] [1790927695.612575671] [mapex_explorer]: Main /plan diagnostic: poses=110, endpoint=(44.08, -3.22), frontier=(44.08, -3.22), endpoint_to_frontier=0.000 m, limit=0.10 m -> usable
[controller_server-10] [INFO] [1790927695.653526651] [controller_server]: Passing new path to controller.
[INFO] [1790927696.642450095] [mapex_explorer]: Main /plan diagnostic: poses=100, endpoint=(44.08, -3.22), frontier=(44.08, -3.22), endpoint_to_frontier=0.000 m, limit=0.10 m -> usable
[controller_server-10] [INFO] [1790927696.653521386] [controller_server]: Passing new path to controller.
[INFO] [1790927697.671074807] [mapex_explorer]: Main /plan diagnostic: poses=90, endpoint=(44.08, -3.22), frontier=(44.08, -3.22), endpoint_to_frontier=0.000 m, limit=0.10 m -> usable
[controller_server-10] [INFO] [1790927697.720174397] [controller_server]: Passing new path to controller.
[controller_server-10] [INFO] [1790927697.809007558] [local_costmap.local_costmap]: StaticLayer: Resizing static layer to 562 X 258 at 0.100000 m/pix
[rviz2-7] [INFO] [1790927697.811412461] [rviz2]: Trying to create a map of size 562 x 258 using 1 swatches
[planner_server-12] [INFO] [1790927698.675254688] [global_costmap.global_costmap]: StaticLayer: Resizing costmap to 562 X 258 at 0.100000 m/pix
[INFO] [1790927698.706836005] [mapex_explorer]: Main /plan diagnostic: poses=80, endpoint=(44.08, -3.22), frontier=(44.08, -3.22), endpoint_to_frontier=0.000 m, limit=0.10 m -> usable
[controller_server-10] [INFO] [1790927698.720177269] [controller_server]: Passing new path to controller.
[INFO] [1790927699.730455102] [mapex_explorer]: Main /plan diagnostic: poses=70, endpoint=(44.08, -3.22), frontier=(44.08, -3.22), endpoint_to_frontier=0.000 m, limit=0.10 m -> usable
[controller_server-10] [INFO] [1790927699.786849222] [controller_server]: Passing new path to controller.
[INFO] [1790927700.753713098] [mapex_explorer]: Main /plan diagnostic: poses=60, endpoint=(44.08, -3.22), frontier=(44.08, -3.22), endpoint_to_frontier=0.000 m, limit=0.10 m -> usable
[controller_server-10] [INFO] [1790927700.786848751] [controller_server]: Passing new path to controller.
[INFO] [1790927701.784485937] [mapex_explorer]: Main /plan diagnostic: poses=50, endpoint=(44.08, -3.22), frontier=(44.08, -3.22), endpoint_to_frontier=0.000 m, limit=0.10 m -> usable
[controller_server-10] [INFO] [1790927701.853506429] [controller_server]: Passing new path to controller.
[INFO] [1790927702.795886176] [mapex_explorer]: Main /plan diagnostic: poses=40, endpoint=(44.08, -3.22), frontier=(44.08, -3.22), endpoint_to_frontier=0.000 m, limit=0.10 m -> usable
[controller_server-10] [INFO] [1790927702.853504853] [controller_server]: Passing new path to controller.
[INFO] [1790927703.826906727] [mapex_explorer]: Main /plan diagnostic: poses=30, endpoint=(44.08, -3.22), frontier=(44.08, -3.22), endpoint_to_frontier=0.000 m, limit=0.10 m -> usable
[controller_server-10] [INFO] [1790927703.853502080] [controller_server]: Passing new path to controller.
[INFO] [1790927704.854193589] [mapex_explorer]: Main /plan diagnostic: poses=20, endpoint=(44.08, -3.22), frontier=(44.08, -3.22), endpoint_to_frontier=0.000 m, limit=0.10 m -> usable
[controller_server-10] [INFO] [1790927704.920184419] [controller_server]: Passing new path to controller.
[INFO] [1790927705.908314354] [mapex_explorer]: Main /plan diagnostic: poses=12, endpoint=(44.08, -3.22), frontier=(44.08, -3.22), endpoint_to_frontier=0.000 m, limit=0.10 m -> usable
[controller_server-10] [INFO] [1790927705.920174250] [controller_server]: Passing new path to controller.
[INFO] [1790927706.892870102] [mapex_explorer]: Main /plan diagnostic: poses=8, endpoint=(44.08, -3.22), frontier=(44.08, -3.22), endpoint_to_frontier=0.000 m, limit=0.10 m -> usable
[controller_server-10] [INFO] [1790927706.920199296] [controller_server]: Passing new path to controller.
[controller_server-10] [INFO] [1790927706.990483754] [controller_server]: Reached the goal!
[controller_server-10] [INFO] [1790927706.990594640] [controller_server]: Optimizer reset
[bt_navigator-15] [INFO] [1790927707.019787482] [bt_navigator]: Goal succeeded
[INFO] [1790927707.029284273] [mapex_explorer]: Goal reached
[INFO] [1790927713.885777063] [mapex_explorer]: MapEx decision 25: selected x=38.58, y=-0.32, IG=81.523041, distance=6.58 m, score=12.392184, region=17, candidates=23, near_fallback=False, compute=6.76 s
[bt_navigator-15] [INFO] [1790927713.887546859] [bt_navigator]: Begin navigating from current location (44.34, -3.43) to (38.58, -0.32)
[controller_server-10] [INFO] [1790927713.908151266] [controller_server]: Received a goal, begin computing control effort.
[INFO] [1790927714.005597718] [mapex_explorer]: Main goal accepted
[INFO] [1790927714.048686820] [mapex_explorer]: Main /plan diagnostic: poses=130, endpoint=(38.58, -0.32), frontier=(38.58, -0.32), endpoint_to_frontier=0.000 m, limit=0.10 m -> usable
[INFO] [1790927714.928314489] [mapex_explorer]: Main /plan diagnostic: poses=126, endpoint=(38.58, -0.32), frontier=(38.58, -0.32), endpoint_to_frontier=0.000 m, limit=0.10 m -> usable
[controller_server-10] [INFO] [1790927714.974982262] [controller_server]: Passing new path to controller.
[controller_server-10] [INFO] [1790927715.809049373] [local_costmap.local_costmap]: StaticLayer: Resizing static layer to 563 X 258 at 0.100000 m/pix
[rviz2-7] [INFO] [1790927715.826643824] [rviz2]: Trying to create a map of size 563 x 258 using 1 swatches
[INFO] [1790927715.954196836] [mapex_explorer]: Main /plan diagnostic: poses=115, endpoint=(38.58, -0.32), frontier=(38.58, -0.32), endpoint_to_frontier=0.000 m, limit=0.10 m -> usable
[controller_server-10] [INFO] [1790927715.974989398] [controller_server]: Passing new path to controller.
[planner_server-12] [INFO] [1790927716.675224614] [global_costmap.global_costmap]: StaticLayer: Resizing costmap to 563 X 258 at 0.100000 m/pix
[INFO] [1790927716.991727597] [mapex_explorer]: Main /plan diagnostic: poses=105, endpoint=(38.58, -0.32), frontier=(38.58, -0.32), endpoint_to_frontier=0.000 m, limit=0.10 m -> usable
[controller_server-10] [INFO] [1790927717.041638114] [controller_server]: Passing new path to controller.
[INFO] [1790927718.020322157] [mapex_explorer]: Main /plan diagnostic: poses=96, endpoint=(38.58, -0.32), frontier=(38.58, -0.32), endpoint_to_frontier=0.000 m, limit=0.10 m -> usable
[controller_server-10] [INFO] [1790927718.041653413] [controller_server]: Passing new path to controller.
[INFO] [1790927719.047994543] [mapex_explorer]: Main /plan diagnostic: poses=85, endpoint=(38.58, -0.32), frontier=(38.58, -0.32), endpoint_to_frontier=0.000 m, limit=0.10 m -> usable
[controller_server-10] [INFO] [1790927719.108308285] [controller_server]: Passing new path to controller.
[INFO] [1790927720.061622177] [mapex_explorer]: Main /plan diagnostic: poses=76, endpoint=(38.58, -0.32), frontier=(38.58, -0.32), endpoint_to_frontier=0.000 m, limit=0.10 m -> usable
[controller_server-10] [INFO] [1790927720.108310026] [controller_server]: Passing new path to controller.
[INFO] [1790927721.086590863] [mapex_explorer]: Main /plan diagnostic: poses=64, endpoint=(38.58, -0.32), frontier=(38.58, -0.32), endpoint_to_frontier=0.000 m, limit=0.10 m -> usable
[controller_server-10] [INFO] [1790927721.108323331] [controller_server]: Passing new path to controller.
[INFO] [1790927722.125888882] [mapex_explorer]: Main /plan diagnostic: poses=55, endpoint=(38.58, -0.32), frontier=(38.58, -0.32), endpoint_to_frontier=0.000 m, limit=0.10 m -> usable
[controller_server-10] [INFO] [1790927722.174994168] [controller_server]: Passing new path to controller.
[INFO] [1790927723.131885052] [mapex_explorer]: Main /plan diagnostic: poses=43, endpoint=(38.58, -0.32), frontier=(38.58, -0.32), endpoint_to_frontier=0.000 m, limit=0.10 m -> usable
[controller_server-10] [INFO] [1790927723.174992785] [controller_server]: Passing new path to controller.
[INFO] [1790927724.161866451] [mapex_explorer]: Main /plan diagnostic: poses=35, endpoint=(38.58, -0.32), frontier=(38.58, -0.32), endpoint_to_frontier=0.000 m, limit=0.10 m -> usable
[controller_server-10] [INFO] [1790927724.241640771] [controller_server]: Passing new path to controller.
[INFO] [1790927725.196723440] [mapex_explorer]: Main /plan diagnostic: poses=25, endpoint=(38.58, -0.32), frontier=(38.58, -0.32), endpoint_to_frontier=0.000 m, limit=0.10 m -> usable
[controller_server-10] [INFO] [1790927725.241671857] [controller_server]: Passing new path to controller.
[INFO] [1790927726.232132957] [mapex_explorer]: Main /plan diagnostic: poses=16, endpoint=(38.58, -0.32), frontier=(38.58, -0.32), endpoint_to_frontier=0.000 m, limit=0.10 m -> usable
[controller_server-10] [INFO] [1790927726.241641174] [controller_server]: Passing new path to controller.
[INFO] [1790927727.266634003] [mapex_explorer]: Main /plan diagnostic: poses=10, endpoint=(38.58, -0.32), frontier=(38.58, -0.32), endpoint_to_frontier=0.000 m, limit=0.10 m -> usable
[controller_server-10] [INFO] [1790927727.308304665] [controller_server]: Passing new path to controller.
[controller_server-10] [INFO] [1790927727.911503477] [controller_server]: Reached the goal!
[controller_server-10] [INFO] [1790927727.911790897] [controller_server]: Optimizer reset
[bt_navigator-15] [INFO] [1790927727.937779089] [bt_navigator]: Goal succeeded
[INFO] [1790927727.939836196] [mapex_explorer]: Goal reached
[INFO] [1790927734.519376361] [mapex_explorer]: MapEx decision 26: selected x=39.48, y=10.28, IG=96.273651, distance=10.79 m, score=8.919253, region=300, candidates=18, near_fallback=False, compute=6.41 s
[bt_navigator-15] [INFO] [1790927734.531349624] [bt_navigator]: Begin navigating from current location (38.86, -0.47) to (39.48, 10.28)
[controller_server-10] [INFO] [1790927734.551968156] [controller_server]: Received a goal, begin computing control effort.
[INFO] [1790927734.717004548] [mapex_explorer]: Main goal accepted
[INFO] [1790927734.737267244] [mapex_explorer]: Main /plan diagnostic: poses=217, endpoint=(39.48, 10.28), frontier=(39.48, 10.28), endpoint_to_frontier=0.000 m, limit=0.10 m -> usable
[INFO] [1790927735.591369891] [mapex_explorer]: Main /plan diagnostic: poses=215, endpoint=(39.48, 10.28), frontier=(39.48, 10.28), endpoint_to_frontier=0.000 m, limit=0.10 m -> usable
[controller_server-10] [INFO] [1790927735.618799330] [controller_server]: Passing new path to controller.
[controller_server-10] [INFO] [1790927736.618747288] [controller_server]: Passing new path to controller.
[INFO] [1790927736.648433431] [mapex_explorer]: Main /plan diagnostic: poses=209, endpoint=(39.48, 10.28), frontier=(39.48, 10.28), endpoint_to_frontier=0.000 m, limit=0.10 m -> usable
[INFO] [1790927737.612773226] [mapex_explorer]: Main /plan diagnostic: poses=196, endpoint=(39.48, 10.28), frontier=(39.48, 10.28), endpoint_to_frontier=0.000 m, limit=0.10 m -> usable
[controller_server-10] [INFO] [1790927737.685486618] [controller_server]: Passing new path to controller.
[INFO] [1790927738.653657652] [mapex_explorer]: Main /plan diagnostic: poses=186, endpoint=(39.48, 10.28), frontier=(39.48, 10.28), endpoint_to_frontier=0.000 m, limit=0.10 m -> usable
[controller_server-10] [INFO] [1790927738.685431691] [controller_server]: Passing new path to controller.
[controller_server-10] [INFO] [1790927739.685408791] [controller_server]: Passing new path to controller.
[INFO] [1790927739.711403079] [mapex_explorer]: Main /plan diagnostic: poses=176, endpoint=(39.48, 10.28), frontier=(39.48, 10.28), endpoint_to_frontier=0.000 m, limit=0.10 m -> usable
[INFO] [1790927740.713836867] [mapex_explorer]: Main /plan diagnostic: poses=166, endpoint=(39.48, 10.28), frontier=(39.48, 10.28), endpoint_to_frontier=0.000 m, limit=0.10 m -> usable
[controller_server-10] [INFO] [1790927740.752339347] [controller_server]: Passing new path to controller.
[INFO] [1790927741.708281283] [mapex_explorer]: Main /plan diagnostic: poses=156, endpoint=(39.48, 10.28), frontier=(39.48, 10.28), endpoint_to_frontier=0.000 m, limit=0.10 m -> usable
[controller_server-10] [INFO] [1790927741.752083100] [controller_server]: Passing new path to controller.
[INFO] [1790927742.736230877] [mapex_explorer]: Main /plan diagnostic: poses=146, endpoint=(39.48, 10.28), frontier=(39.48, 10.28), endpoint_to_frontier=0.000 m, limit=0.10 m -> usable
[controller_server-10] [INFO] [1790927742.752081079] [controller_server]: Passing new path to controller.
[INFO] [1790927743.776464662] [mapex_explorer]: Main /plan diagnostic: poses=136, endpoint=(39.48, 10.28), frontier=(39.48, 10.28), endpoint_to_frontier=0.000 m, limit=0.10 m -> usable
[controller_server-10] [INFO] [1790927743.818752313] [controller_server]: Passing new path to controller.
[INFO] [1790927744.798718254] [mapex_explorer]: Main /plan diagnostic: poses=126, endpoint=(39.48, 10.28), frontier=(39.48, 10.28), endpoint_to_frontier=0.000 m, limit=0.10 m -> usable
[controller_server-10] [INFO] [1790927744.818750855] [controller_server]: Passing new path to controller.
[INFO] [1790927745.826638506] [mapex_explorer]: Main /plan diagnostic: poses=116, endpoint=(39.48, 10.28), frontier=(39.48, 10.28), endpoint_to_frontier=0.000 m, limit=0.10 m -> usable
[controller_server-10] [INFO] [1790927745.885439540] [controller_server]: Passing new path to controller.
[INFO] [1790927746.879313231] [mapex_explorer]: Main /plan diagnostic: poses=106, endpoint=(39.48, 10.28), frontier=(39.48, 10.28), endpoint_to_frontier=0.000 m, limit=0.10 m -> usable
[controller_server-10] [INFO] [1790927746.885405994] [controller_server]: Passing new path to controller.
[INFO] [1790927747.901888593] [mapex_explorer]: Main /plan diagnostic: poses=96, endpoint=(39.48, 10.28), frontier=(39.48, 10.28), endpoint_to_frontier=0.000 m, limit=0.10 m -> usable
[controller_server-10] [INFO] [1790927747.952088562] [controller_server]: Passing new path to controller.
[controller_server-10] [INFO] [1790927748.952105766] [controller_server]: Passing new path to controller.
[INFO] [1790927748.978509808] [mapex_explorer]: Main /plan diagnostic: poses=84, endpoint=(39.48, 10.28), frontier=(39.48, 10.28), endpoint_to_frontier=0.000 m, limit=0.10 m -> usable
[INFO] [1790927749.941322553] [mapex_explorer]: Main /plan diagnostic: poses=74, endpoint=(39.48, 10.28), frontier=(39.48, 10.28), endpoint_to_frontier=0.000 m, limit=0.10 m -> usable
[controller_server-10] [INFO] [1790927749.952080890] [controller_server]: Passing new path to controller.
[INFO] [1790927750.972266793] [mapex_explorer]: Main /plan diagnostic: poses=65, endpoint=(39.48, 10.28), frontier=(39.48, 10.28), endpoint_to_frontier=0.000 m, limit=0.10 m -> usable
[controller_server-10] [INFO] [1790927751.018755709] [controller_server]: Passing new path to controller.
[INFO] [1790927751.998187790] [mapex_explorer]: Main /plan diagnostic: poses=55, endpoint=(39.48, 10.28), frontier=(39.48, 10.28), endpoint_to_frontier=0.000 m, limit=0.10 m -> usable
[controller_server-10] [INFO] [1790927752.018839280] [controller_server]: Passing new path to controller.
[INFO] [1790927753.041126964] [mapex_explorer]: Main /plan diagnostic: poses=45, endpoint=(39.48, 10.28), frontier=(39.48, 10.28), endpoint_to_frontier=0.000 m, limit=0.10 m -> usable
[controller_server-10] [INFO] [1790927753.085422837] [controller_server]: Passing new path to controller.
[INFO] [1790927754.034701763] [mapex_explorer]: Main /plan diagnostic: poses=35, endpoint=(39.48, 10.28), frontier=(39.48, 10.28), endpoint_to_frontier=0.000 m, limit=0.10 m -> usable
[controller_server-10] [INFO] [1790927754.085431559] [controller_server]: Passing new path to controller.
[INFO] [1790927755.067062260] [mapex_explorer]: Main /plan diagnostic: poses=25, endpoint=(39.48, 10.28), frontier=(39.48, 10.28), endpoint_to_frontier=0.000 m, limit=0.10 m -> usable
[controller_server-10] [INFO] [1790927755.085412058] [controller_server]: Passing new path to controller.
[INFO] [1790927756.098370038] [mapex_explorer]: Main /plan diagnostic: poses=17, endpoint=(39.48, 10.28), frontier=(39.48, 10.28), endpoint_to_frontier=0.000 m, limit=0.10 m -> usable
[controller_server-10] [INFO] [1790927756.152090774] [controller_server]: Passing new path to controller.
[controller_server-10] [INFO] [1790927757.152081424] [controller_server]: Passing new path to controller.
[INFO] [1790927757.219226878] [mapex_explorer]: Main /plan diagnostic: poses=11, endpoint=(39.48, 10.28), frontier=(39.48, 10.28), endpoint_to_frontier=0.000 m, limit=0.10 m -> usable
[controller_server-10] [INFO] [1790927757.423096592] [controller_server]: Reached the goal!
[controller_server-10] [INFO] [1790927757.423431556] [controller_server]: Optimizer reset
[bt_navigator-15] [INFO] [1790927757.451728271] [bt_navigator]: Goal succeeded
[INFO] [1790927757.455098348] [mapex_explorer]: Goal reached
[INFO] [1790927764.287656131] [mapex_explorer]: MapEx decision 27: selected x=32.58, y=7.38, IG=187.155258, distance=7.23 m, score=25.888391, region=294, candidates=17, near_fallback=False, compute=6.17 s
[bt_navigator-15] [INFO] [1790927764.288930900] [bt_navigator]: Begin navigating from current location (39.32, 9.98) to (32.58, 7.38)
[controller_server-10] [INFO] [1790927764.309492258] [controller_server]: Received a goal, begin computing control effort.
[INFO] [1790927764.556553859] [mapex_explorer]: Main goal accepted
[INFO] [1790927764.657665732] [mapex_explorer]: Main /plan diagnostic: poses=242, endpoint=(32.58, 7.38), frontier=(32.58, 7.38), endpoint_to_frontier=0.000 m, limit=0.10 m -> usable
[INFO] [1790927765.376394683] [mapex_explorer]: Main /plan diagnostic: poses=237, endpoint=(32.58, 7.38), frontier=(32.58, 7.38), endpoint_to_frontier=0.000 m, limit=0.10 m -> usable
[controller_server-10] [INFO] [1790927765.376290551] [controller_server]: Passing new path to controller.
[INFO] [1790927766.360442376] [mapex_explorer]: Main /plan diagnostic: poses=235, endpoint=(32.58, 7.38), frontier=(32.58, 7.38), endpoint_to_frontier=0.000 m, limit=0.10 m -> usable
[controller_server-10] [INFO] [1790927766.376274818] [controller_server]: Passing new path to controller.
[INFO] [1790927767.430761400] [mapex_explorer]: Main /plan diagnostic: poses=231, endpoint=(32.58, 7.38), frontier=(32.58, 7.38), endpoint_to_frontier=0.000 m, limit=0.10 m -> usable
[controller_server-10] [INFO] [1790927767.442959921] [controller_server]: Passing new path to controller.
[INFO] [1790927768.409059349] [mapex_explorer]: Main /plan diagnostic: poses=226, endpoint=(32.58, 7.38), frontier=(32.58, 7.38), endpoint_to_frontier=0.000 m, limit=0.10 m -> usable
[controller_server-10] [INFO] [1790927768.442969613] [controller_server]: Passing new path to controller.
[INFO] [1790927769.433904192] [mapex_explorer]: Main /plan diagnostic: poses=227, endpoint=(32.58, 7.38), frontier=(32.58, 7.38), endpoint_to_frontier=0.000 m, limit=0.10 m -> usable
[controller_server-10] [INFO] [1790927769.442942498] [controller_server]: Passing new path to controller.
[INFO] [1790927770.478917108] [mapex_explorer]: Main /plan diagnostic: poses=217, endpoint=(32.58, 7.38), frontier=(32.58, 7.38), endpoint_to_frontier=0.000 m, limit=0.10 m -> usable
[controller_server-10] [INFO] [1790927770.509611907] [controller_server]: Passing new path to controller.
[INFO] [1790927771.506578377] [mapex_explorer]: Main /plan diagnostic: poses=207, endpoint=(32.58, 7.38), frontier=(32.58, 7.38), endpoint_to_frontier=0.000 m, limit=0.10 m -> usable
[controller_server-10] [INFO] [1790927771.509606788] [controller_server]: Passing new path to controller.
[INFO] [1790927772.559043637] [mapex_explorer]: Main /plan diagnostic: poses=197, endpoint=(32.58, 7.38), frontier=(32.58, 7.38), endpoint_to_frontier=0.000 m, limit=0.10 m -> usable
[controller_server-10] [INFO] [1790927772.576273411] [controller_server]: Passing new path to controller.
[INFO] [1790927773.539555757] [mapex_explorer]: Main /plan diagnostic: poses=185, endpoint=(32.58, 7.38), frontier=(32.58, 7.38), endpoint_to_frontier=0.000 m, limit=0.10 m -> usable
[controller_server-10] [INFO] [1790927773.576279281] [controller_server]: Passing new path to controller.
[INFO] [1790927774.570141051] [mapex_explorer]: Main /plan diagnostic: poses=177, endpoint=(32.58, 7.38), frontier=(32.58, 7.38), endpoint_to_frontier=0.000 m, limit=0.10 m -> usable
[controller_server-10] [INFO] [1790927774.576277632] [controller_server]: Passing new path to controller.
[INFO] [1790927775.595099805] [mapex_explorer]: Main /plan diagnostic: poses=167, endpoint=(32.58, 7.38), frontier=(32.58, 7.38), endpoint_to_frontier=0.000 m, limit=0.10 m -> usable
[controller_server-10] [INFO] [1790927775.642972215] [controller_server]: Passing new path to controller.
[INFO] [1790927776.639552232] [mapex_explorer]: Main /plan diagnostic: poses=153, endpoint=(32.58, 7.38), frontier=(32.58, 7.38), endpoint_to_frontier=0.000 m, limit=0.10 m -> usable
[controller_server-10] [INFO] [1790927776.642944075] [controller_server]: Passing new path to controller.
[INFO] [1790927777.664479896] [mapex_explorer]: Main /plan diagnostic: poses=146, endpoint=(32.58, 7.38), frontier=(32.58, 7.38), endpoint_to_frontier=0.000 m, limit=0.10 m -> usable
[controller_server-10] [INFO] [1790927777.709606735] [controller_server]: Passing new path to controller.
[INFO] [1790927778.658864078] [mapex_explorer]: Main /plan diagnostic: poses=131, endpoint=(32.58, 7.38), frontier=(32.58, 7.38), endpoint_to_frontier=0.000 m, limit=0.10 m -> usable
[controller_server-10] [INFO] [1790927778.709608335] [controller_server]: Passing new path to controller.
[INFO] [1790927779.690401828] [mapex_explorer]: Main /plan diagnostic: poses=122, endpoint=(32.58, 7.38), frontier=(32.58, 7.38), endpoint_to_frontier=0.000 m, limit=0.10 m -> usable
[controller_server-10] [INFO] [1790927779.709612873] [controller_server]: Passing new path to controller.
[INFO] [1790927780.713588535] [mapex_explorer]: Main /plan diagnostic: poses=111, endpoint=(32.58, 7.38), frontier=(32.58, 7.38), endpoint_to_frontier=0.000 m, limit=0.10 m -> usable
[controller_server-10] [INFO] [1790927780.776296949] [controller_server]: Passing new path to controller.
[INFO] [1790927781.740861832] [mapex_explorer]: Main /plan diagnostic: poses=100, endpoint=(32.58, 7.38), frontier=(32.58, 7.38), endpoint_to_frontier=0.000 m, limit=0.10 m -> usable
[controller_server-10] [INFO] [1790927781.776275646] [controller_server]: Passing new path to controller.
[INFO] [1790927782.756280352] [mapex_explorer]: Main /plan diagnostic: poses=92, endpoint=(32.58, 7.38), frontier=(32.58, 7.38), endpoint_to_frontier=0.000 m, limit=0.10 m -> usable
[controller_server-10] [INFO] [1790927782.776307211] [controller_server]: Passing new path to controller.
[INFO] [1790927783.784223144] [mapex_explorer]: Main /plan diagnostic: poses=81, endpoint=(32.58, 7.38), frontier=(32.58, 7.38), endpoint_to_frontier=0.000 m, limit=0.10 m -> usable
[controller_server-10] [INFO] [1790927783.842946388] [controller_server]: Passing new path to controller.
[INFO] [1790927784.813424974] [mapex_explorer]: Main /plan diagnostic: poses=69, endpoint=(32.58, 7.38), frontier=(32.58, 7.38), endpoint_to_frontier=0.000 m, limit=0.10 m -> usable
[controller_server-10] [INFO] [1790927784.843010432] [controller_server]: Passing new path to controller.
[INFO] [1790927785.835497554] [mapex_explorer]: Main /plan diagnostic: poses=60, endpoint=(32.58, 7.38), frontier=(32.58, 7.38), endpoint_to_frontier=0.000 m, limit=0.10 m -> usable
[controller_server-10] [INFO] [1790927785.909610898] [controller_server]: Passing new path to controller.
[INFO] [1790927786.857525407] [mapex_explorer]: Main /plan diagnostic: poses=50, endpoint=(32.58, 7.38), frontier=(32.58, 7.38), endpoint_to_frontier=0.000 m, limit=0.10 m -> usable
[controller_server-10] [INFO] [1790927786.909625112] [controller_server]: Passing new path to controller.
[INFO] [1790927787.882153107] [mapex_explorer]: Main /plan diagnostic: poses=38, endpoint=(32.58, 7.38), frontier=(32.58, 7.38), endpoint_to_frontier=0.000 m, limit=0.10 m -> usable
[controller_server-10] [INFO] [1790927787.909608862] [controller_server]: Passing new path to controller.
[INFO] [1790927788.933191142] [mapex_explorer]: Main /plan diagnostic: poses=28, endpoint=(32.58, 7.38), frontier=(32.58, 7.38), endpoint_to_frontier=0.000 m, limit=0.10 m -> usable
[controller_server-10] [INFO] [1790927788.976274249] [controller_server]: Passing new path to controller.
[INFO] [1790927789.935232813] [mapex_explorer]: Main /plan diagnostic: poses=20, endpoint=(32.58, 7.38), frontier=(32.58, 7.38), endpoint_to_frontier=0.000 m, limit=0.10 m -> usable
[controller_server-10] [INFO] [1790927789.976272784] [controller_server]: Passing new path to controller.
[controller_server-10] [INFO] [1790927790.976278779] [controller_server]: Passing new path to controller.
[INFO] [1790927790.992313795] [mapex_explorer]: Main /plan diagnostic: poses=12, endpoint=(32.58, 7.38), frontier=(32.58, 7.38), endpoint_to_frontier=0.000 m, limit=0.10 m -> usable
[controller_server-10] [INFO] [1790927791.844332745] [controller_server]: Reached the goal!
[controller_server-10] [INFO] [1790927791.844489025] [controller_server]: Optimizer reset
[bt_navigator-15] [INFO] [1790927791.869215335] [bt_navigator]: Goal succeeded
[INFO] [1790927791.873072866] [mapex_explorer]: Goal reached
[INFO] [1790927798.413778088] [mapex_explorer]: MapEx decision 28: selected x=45.98, y=8.18, IG=25.988983, distance=13.12 m, score=1.980755, region=117, candidates=21, near_fallback=False, compute=6.34 s
[bt_navigator-15] [INFO] [1790927798.415117980] [bt_navigator]: Begin navigating from current location (32.88, 7.25) to (45.98, 8.18)
[controller_server-10] [INFO] [1790927798.436778730] [controller_server]: Received a goal, begin computing control effort.
[INFO] [1790927798.670302486] [mapex_explorer]: Main goal accepted
[INFO] [1790927798.800983079] [mapex_explorer]: Main /plan diagnostic: poses=576, endpoint=(45.98, 8.18), frontier=(45.98, 8.18), endpoint_to_frontier=0.000 m, limit=0.10 m -> usable
[controller_server-10] [INFO] [1790927799.503569935] [controller_server]: Passing new path to controller.
[INFO] [1790927799.517131580] [mapex_explorer]: Main /plan diagnostic: poses=572, endpoint=(45.98, 8.18), frontier=(45.98, 8.18), endpoint_to_frontier=0.000 m, limit=0.10 m -> usable
[controller_server-10] [INFO] [1790927800.503593032] [controller_server]: Passing new path to controller.
[INFO] [1790927800.540865007] [mapex_explorer]: Main /plan diagnostic: poses=561, endpoint=(45.98, 8.18), frontier=(45.98, 8.18), endpoint_to_frontier=0.000 m, limit=0.10 m -> usable
[INFO] [1790927801.522176889] [mapex_explorer]: Main /plan diagnostic: poses=553, endpoint=(45.98, 8.18), frontier=(45.98, 8.18), endpoint_to_frontier=0.000 m, limit=0.10 m -> usable
[controller_server-10] [INFO] [1790927801.570240705] [controller_server]: Passing new path to controller.
[controller_server-10] [INFO] [1790927802.570239348] [controller_server]: Passing new path to controller.
[INFO] [1790927802.607043337] [mapex_explorer]: Main /plan diagnostic: poses=550, endpoint=(45.98, 8.18), frontier=(45.98, 8.18), endpoint_to_frontier=0.000 m, limit=0.10 m -> usable
[INFO] [1790927803.630080155] [mapex_explorer]: Main /plan diagnostic: poses=544, endpoint=(45.98, 8.18), frontier=(45.98, 8.18), endpoint_to_frontier=0.000 m, limit=0.10 m -> usable
[controller_server-10] [INFO] [1790927803.636938969] [controller_server]: Passing new path to controller.
[INFO] [1790927804.634054174] [mapex_explorer]: Main /plan diagnostic: poses=536, endpoint=(45.98, 8.18), frontier=(45.98, 8.18), endpoint_to_frontier=0.000 m, limit=0.10 m -> usable
[controller_server-10] [INFO] [1790927804.636910909] [controller_server]: Passing new path to controller.
[controller_server-10] [INFO] [1790927805.636933882] [controller_server]: Passing new path to controller.
[INFO] [1790927805.656203637] [mapex_explorer]: Main /plan diagnostic: poses=531, endpoint=(45.98, 8.18), frontier=(45.98, 8.18), endpoint_to_frontier=0.000 m, limit=0.10 m -> usable
[INFO] [1790927806.701528707] [mapex_explorer]: Main /plan diagnostic: poses=524, endpoint=(45.98, 8.18), frontier=(45.98, 8.18), endpoint_to_frontier=0.000 m, limit=0.10 m -> usable
[controller_server-10] [INFO] [1790927806.703572077] [controller_server]: Passing new path to controller.
[INFO] [1790927807.733515631] [mapex_explorer]: Main /plan diagnostic: poses=512, endpoint=(45.98, 8.18), frontier=(45.98, 8.18), endpoint_to_frontier=0.000 m, limit=0.10 m -> usable
[controller_server-10] [INFO] [1790927807.770239331] [controller_server]: Passing new path to controller.
[INFO] [1790927808.720610910] [mapex_explorer]: Main /plan diagnostic: poses=507, endpoint=(45.98, 8.18), frontier=(45.98, 8.18), endpoint_to_frontier=0.000 m, limit=0.10 m -> usable
[controller_server-10] [INFO] [1790927808.770235880] [controller_server]: Passing new path to controller.
[controller_server-10] [INFO] [1790927809.770237963] [controller_server]: Passing new path to controller.
[INFO] [1790927809.775851955] [mapex_explorer]: Main /plan diagnostic: poses=497, endpoint=(45.98, 8.18), frontier=(45.98, 8.18), endpoint_to_frontier=0.000 m, limit=0.10 m -> usable
[INFO] [1790927810.796812497] [mapex_explorer]: Main /plan diagnostic: poses=489, endpoint=(45.98, 8.18), frontier=(45.98, 8.18), endpoint_to_frontier=0.000 m, limit=0.10 m -> usable
[controller_server-10] [INFO] [1790927810.837079282] [controller_server]: Passing new path to controller.
[INFO] [1790927811.799620241] [mapex_explorer]: Main /plan diagnostic: poses=489, endpoint=(45.98, 8.18), frontier=(45.98, 8.18), endpoint_to_frontier=0.000 m, limit=0.10 m -> usable
[controller_server-10] [INFO] [1790927811.836903345] [controller_server]: Passing new path to controller.
[INFO] [1790927812.831394472] [mapex_explorer]: Main /plan diagnostic: poses=489, endpoint=(45.98, 8.18), frontier=(45.98, 8.18), endpoint_to_frontier=0.000 m, limit=0.10 m -> usable
[controller_server-10] [INFO] [1790927812.836910158] [controller_server]: Passing new path to controller.
[INFO] [1790927813.857281760] [mapex_explorer]: Main /plan diagnostic: poses=478, endpoint=(45.98, 8.18), frontier=(45.98, 8.18), endpoint_to_frontier=0.000 m, limit=0.10 m -> usable
[controller_server-10] [INFO] [1790927813.903585887] [controller_server]: Passing new path to controller.
[controller_server-10] [INFO] [1790927814.903604739] [controller_server]: Passing new path to controller.
[INFO] [1790927814.912086211] [mapex_explorer]: Main /plan diagnostic: poses=468, endpoint=(45.98, 8.18), frontier=(45.98, 8.18), endpoint_to_frontier=0.000 m, limit=0.10 m -> usable
[INFO] [1790927815.939309278] [mapex_explorer]: Main /plan diagnostic: poses=464, endpoint=(45.98, 8.18), frontier=(45.98, 8.18), endpoint_to_frontier=0.000 m, limit=0.10 m -> usable
[controller_server-10] [INFO] [1790927815.970244338] [controller_server]: Passing new path to controller.
[controller_server-10] [INFO] [1790927816.970265023] [controller_server]: Passing new path to controller.
[INFO] [1790927816.972645408] [mapex_explorer]: Main /plan diagnostic: poses=448, endpoint=(45.98, 8.18), frontier=(45.98, 8.18), endpoint_to_frontier=0.000 m, limit=0.10 m -> usable
[INFO] [1790927817.971749821] [mapex_explorer]: Main /plan diagnostic: poses=437, endpoint=(45.98, 8.18), frontier=(45.98, 8.18), endpoint_to_frontier=0.000 m, limit=0.10 m -> usable
[controller_server-10] [INFO] [1790927818.036928765] [controller_server]: Passing new path to controller.
[controller_server-10] [INFO] [1790927819.036903710] [controller_server]: Passing new path to controller.
[INFO] [1790927819.050938790] [mapex_explorer]: Main /plan diagnostic: poses=428, endpoint=(45.98, 8.18), frontier=(45.98, 8.18), endpoint_to_frontier=0.000 m, limit=0.10 m -> usable
[controller_server-10] [INFO] [1790927820.036901983] [controller_server]: Passing new path to controller.
[INFO] [1790927820.043943683] [mapex_explorer]: Main /plan diagnostic: poses=419, endpoint=(45.98, 8.18), frontier=(45.98, 8.18), endpoint_to_frontier=0.000 m, limit=0.10 m -> usable
[INFO] [1790927821.096499422] [mapex_explorer]: Main /plan diagnostic: poses=407, endpoint=(45.98, 8.18), frontier=(45.98, 8.18), endpoint_to_frontier=0.000 m, limit=0.10 m -> usable
[controller_server-10] [INFO] [1790927821.103571622] [controller_server]: Passing new path to controller.
[INFO] [1790927822.101196698] [mapex_explorer]: Main /plan diagnostic: poses=402, endpoint=(45.98, 8.18), frontier=(45.98, 8.18), endpoint_to_frontier=0.000 m, limit=0.10 m -> usable
[controller_server-10] [INFO] [1790927822.103597117] [controller_server]: Passing new path to controller.
[INFO] [1790927823.145151227] [mapex_explorer]: Main /plan diagnostic: poses=387, endpoint=(45.98, 8.18), frontier=(45.98, 8.18), endpoint_to_frontier=0.000 m, limit=0.10 m -> usable
[controller_server-10] [INFO] [1790927823.170264476] [controller_server]: Passing new path to controller.
[INFO] [1790927824.150182176] [mapex_explorer]: Main /plan diagnostic: poses=383, endpoint=(45.98, 8.18), frontier=(45.98, 8.18), endpoint_to_frontier=0.000 m, limit=0.10 m -> usable
[controller_server-10] [INFO] [1790927824.170273508] [controller_server]: Passing new path to controller.
[controller_server-10] [INFO] [1790927825.170265021] [controller_server]: Passing new path to controller.
[INFO] [1790927825.229538338] [mapex_explorer]: Main /plan diagnostic: poses=366, endpoint=(45.98, 8.18), frontier=(45.98, 8.18), endpoint_to_frontier=0.000 m, limit=0.10 m -> usable
[INFO] [1790927826.207325657] [mapex_explorer]: Main /plan diagnostic: poses=363, endpoint=(45.98, 8.18), frontier=(45.98, 8.18), endpoint_to_frontier=0.000 m, limit=0.10 m -> usable
[controller_server-10] [INFO] [1790927826.236903216] [controller_server]: Passing new path to controller.
[INFO] [1790927827.235865461] [mapex_explorer]: Main /plan diagnostic: poses=351, endpoint=(45.98, 8.18), frontier=(45.98, 8.18), endpoint_to_frontier=0.000 m, limit=0.10 m -> usable
[controller_server-10] [INFO] [1790927827.236905421] [controller_server]: Passing new path to controller.
[controller_server-10] [INFO] [1790927828.303568968] [controller_server]: Passing new path to controller.
[INFO] [1790927828.314711393] [mapex_explorer]: Main /plan diagnostic: poses=336, endpoint=(45.98, 8.18), frontier=(45.98, 8.18), endpoint_to_frontier=0.000 m, limit=0.10 m -> usable
[async_slam_toolbox_node-9] W20261002 14:57:08.969537  4595 preprocessor.cc:67] Specified options.num_threads: 50 exceeds maximum available from the threading model Ceres was compiled with: 16.  Bounding to maximum number available.
[async_slam_toolbox_node-9] [INFO] [1790927828.984199188] [slam_toolbox]: Adaptive anchor summary: latest_node=1830, local_edges=1887, loop_history=0, avg_effective_weight=1.157, release_regions=0
[INFO] [1790927829.289473656] [mapex_explorer]: Main /plan diagnostic: poses=327, endpoint=(45.98, 8.18), frontier=(45.98, 8.18), endpoint_to_frontier=0.000 m, limit=0.10 m -> usable
[controller_server-10] [INFO] [1790927829.303572133] [controller_server]: Passing new path to controller.
[controller_server-10] [INFO] [1790927830.009040886] [local_costmap.local_costmap]: StaticLayer: Resizing static layer to 563 X 258 at 0.100000 m/pix
[INFO] [1790927830.317078080] [mapex_explorer]: Main /plan diagnostic: poses=317, endpoint=(45.98, 8.18), frontier=(45.98, 8.18), endpoint_to_frontier=0.000 m, limit=0.10 m -> usable
[controller_server-10] [INFO] [1790927830.370255987] [controller_server]: Passing new path to controller.
[planner_server-12] [INFO] [1790927830.675219319] [global_costmap.global_costmap]: StaticLayer: Resizing costmap to 563 X 258 at 0.100000 m/pix
[INFO] [1790927831.318111370] [mapex_explorer]: Main /plan diagnostic: poses=304, endpoint=(45.98, 8.18), frontier=(45.98, 8.18), endpoint_to_frontier=0.000 m, limit=0.10 m -> usable
[controller_server-10] [INFO] [1790927831.370262632] [controller_server]: Passing new path to controller.
[INFO] [1790927832.357949160] [mapex_explorer]: Main /plan diagnostic: poses=292, endpoint=(45.98, 8.18), frontier=(45.98, 8.18), endpoint_to_frontier=0.000 m, limit=0.10 m -> usable
[controller_server-10] [INFO] [1790927832.370263643] [controller_server]: Passing new path to controller.
[INFO] [1790927833.387427654] [mapex_explorer]: Main /plan diagnostic: poses=284, endpoint=(45.98, 8.18), frontier=(45.98, 8.18), endpoint_to_frontier=0.000 m, limit=0.10 m -> usable
[controller_server-10] [INFO] [1790927833.436946197] [controller_server]: Passing new path to controller.
[INFO] [1790927834.407644861] [mapex_explorer]: Main /plan diagnostic: poses=273, endpoint=(45.98, 8.18), frontier=(45.98, 8.18), endpoint_to_frontier=0.000 m, limit=0.10 m -> usable
[controller_server-10] [INFO] [1790927834.436957990] [controller_server]: Passing new path to controller.
[controller_server-10] [INFO] [1790927835.436910621] [controller_server]: Passing new path to controller.
[INFO] [1790927835.437822059] [mapex_explorer]: Main /plan diagnostic: poses=265, endpoint=(45.98, 8.18), frontier=(45.98, 8.18), endpoint_to_frontier=0.000 m, limit=0.10 m -> usable
[INFO] [1790927836.476183648] [mapex_explorer]: Main /plan diagnostic: poses=253, endpoint=(45.98, 8.18), frontier=(45.98, 8.18), endpoint_to_frontier=0.000 m, limit=0.10 m -> usable
[controller_server-10] [INFO] [1790927836.503573107] [controller_server]: Passing new path to controller.
[INFO] [1790927837.493199085] [mapex_explorer]: Main /plan diagnostic: poses=243, endpoint=(45.98, 8.18), frontier=(45.98, 8.18), endpoint_to_frontier=0.000 m, limit=0.10 m -> usable
[controller_server-10] [INFO] [1790927837.503569885] [controller_server]: Passing new path to controller.
[INFO] [1790927838.518324154] [mapex_explorer]: Main /plan diagnostic: poses=232, endpoint=(45.98, 8.18), frontier=(45.98, 8.18), endpoint_to_frontier=0.000 m, limit=0.10 m -> usable
[controller_server-10] [INFO] [1790927838.570247391] [controller_server]: Passing new path to controller.
[controller_server-10] [INFO] [1790927839.570319285] [controller_server]: Passing new path to controller.
[INFO] [1790927839.616837745] [mapex_explorer]: Main /plan diagnostic: poses=222, endpoint=(45.98, 8.18), frontier=(45.98, 8.18), endpoint_to_frontier=0.000 m, limit=0.10 m -> usable
[controller_server-10] [INFO] [1790927840.570252786] [controller_server]: Passing new path to controller.
[INFO] [1790927840.574275584] [mapex_explorer]: Main /plan diagnostic: poses=210, endpoint=(45.98, 8.18), frontier=(45.98, 8.18), endpoint_to_frontier=0.000 m, limit=0.10 m -> usable
[INFO] [1790927841.611748427] [mapex_explorer]: Main /plan diagnostic: poses=200, endpoint=(45.98, 8.18), frontier=(45.98, 8.18), endpoint_to_frontier=0.000 m, limit=0.10 m -> usable
[controller_server-10] [INFO] [1790927841.636929614] [controller_server]: Passing new path to controller.
[INFO] [1790927842.621538846] [mapex_explorer]: Main /plan diagnostic: poses=188, endpoint=(45.98, 8.18), frontier=(45.98, 8.18), endpoint_to_frontier=0.000 m, limit=0.10 m -> usable
[controller_server-10] [INFO] [1790927842.636906567] [controller_server]: Passing new path to controller.
[INFO] [1790927843.672368078] [mapex_explorer]: Main /plan diagnostic: poses=180, endpoint=(45.98, 8.18), frontier=(45.98, 8.18), endpoint_to_frontier=0.000 m, limit=0.10 m -> usable
[controller_server-10] [INFO] [1790927843.703689711] [controller_server]: Passing new path to controller.
[INFO] [1790927844.670343938] [mapex_explorer]: Main /plan diagnostic: poses=168, endpoint=(45.98, 8.18), frontier=(45.98, 8.18), endpoint_to_frontier=0.000 m, limit=0.10 m -> usable
[controller_server-10] [INFO] [1790927844.703589977] [controller_server]: Passing new path to controller.
[INFO] [1790927845.756935111] [mapex_explorer]: Main /plan diagnostic: poses=158, endpoint=(45.98, 8.18), frontier=(45.98, 8.18), endpoint_to_frontier=0.000 m, limit=0.10 m -> usable
[controller_server-10] [INFO] [1790927845.770270836] [controller_server]: Passing new path to controller.
[controller_server-10] [INFO] [1790927846.770237280] [controller_server]: Passing new path to controller.
[INFO] [1790927846.801316698] [mapex_explorer]: Main /plan diagnostic: poses=148, endpoint=(45.98, 8.18), frontier=(45.98, 8.18), endpoint_to_frontier=0.000 m, limit=0.10 m -> usable
[controller_server-10] [INFO] [1790927847.770241861] [controller_server]: Passing new path to controller.
[INFO] [1790927847.788094969] [mapex_explorer]: Main /plan diagnostic: poses=139, endpoint=(45.98, 8.18), frontier=(45.98, 8.18), endpoint_to_frontier=0.000 m, limit=0.10 m -> usable
[INFO] [1790927848.780907814] [mapex_explorer]: Main /plan diagnostic: poses=129, endpoint=(45.98, 8.18), frontier=(45.98, 8.18), endpoint_to_frontier=0.000 m, limit=0.10 m -> usable
[controller_server-10] [INFO] [1790927848.836902683] [controller_server]: Passing new path to controller.
[INFO] [1790927849.813104593] [mapex_explorer]: Main /plan diagnostic: poses=119, endpoint=(45.98, 8.18), frontier=(45.98, 8.18), endpoint_to_frontier=0.000 m, limit=0.10 m -> usable
[controller_server-10] [INFO] [1790927849.836909776] [controller_server]: Passing new path to controller.
[INFO] [1790927850.842213021] [mapex_explorer]: Main /plan diagnostic: poses=109, endpoint=(45.98, 8.18), frontier=(45.98, 8.18), endpoint_to_frontier=0.000 m, limit=0.10 m -> usable
[controller_server-10] [INFO] [1790927850.903578506] [controller_server]: Passing new path to controller.
[INFO] [1790927851.864360970] [mapex_explorer]: Main /plan diagnostic: poses=99, endpoint=(45.98, 8.18), frontier=(45.98, 8.18), endpoint_to_frontier=0.000 m, limit=0.10 m -> usable
[controller_server-10] [INFO] [1790927851.903572308] [controller_server]: Passing new path to controller.
[INFO] [1790927852.890515405] [mapex_explorer]: Main /plan diagnostic: poses=89, endpoint=(45.98, 8.18), frontier=(45.98, 8.18), endpoint_to_frontier=0.000 m, limit=0.10 m -> usable
[controller_server-10] [INFO] [1790927852.970267684] [controller_server]: Passing new path to controller.
[INFO] [1790927853.966877625] [mapex_explorer]: Main /plan diagnostic: poses=79, endpoint=(45.98, 8.18), frontier=(45.98, 8.18), endpoint_to_frontier=0.000 m, limit=0.10 m -> usable
[controller_server-10] [INFO] [1790927853.970245398] [controller_server]: Passing new path to controller.
[INFO] [1790927854.950589423] [mapex_explorer]: Main /plan diagnostic: poses=67, endpoint=(45.98, 8.18), frontier=(45.98, 8.18), endpoint_to_frontier=0.000 m, limit=0.10 m -> usable
[controller_server-10] [INFO] [1790927854.970242492] [controller_server]: Passing new path to controller.
[INFO] [1790927856.005098355] [mapex_explorer]: Main /plan diagnostic: poses=57, endpoint=(45.98, 8.18), frontier=(45.98, 8.18), endpoint_to_frontier=0.000 m, limit=0.10 m -> usable
[controller_server-10] [INFO] [1790927856.037069060] [controller_server]: Passing new path to controller.
[INFO] [1790927857.012060639] [mapex_explorer]: Main /plan diagnostic: poses=47, endpoint=(45.98, 8.18), frontier=(45.98, 8.18), endpoint_to_frontier=0.000 m, limit=0.10 m -> usable
[controller_server-10] [INFO] [1790927857.036945482] [controller_server]: Passing new path to controller.
[controller_server-10] [INFO] [1790927858.103572078] [controller_server]: Passing new path to controller.
[INFO] [1790927858.116118728] [mapex_explorer]: Main /plan diagnostic: poses=37, endpoint=(45.98, 8.18), frontier=(45.98, 8.18), endpoint_to_frontier=0.000 m, limit=0.10 m -> usable
[INFO] [1790927859.066122173] [mapex_explorer]: Main /plan diagnostic: poses=27, endpoint=(45.98, 8.18), frontier=(45.98, 8.18), endpoint_to_frontier=0.000 m, limit=0.10 m -> usable
[controller_server-10] [INFO] [1790927859.103589379] [controller_server]: Passing new path to controller.
[INFO] [1790927860.094747192] [mapex_explorer]: Main /plan diagnostic: poses=18, endpoint=(45.98, 8.18), frontier=(45.98, 8.18), endpoint_to_frontier=0.000 m, limit=0.10 m -> usable
[controller_server-10] [INFO] [1790927860.170256524] [controller_server]: Passing new path to controller.
[INFO] [1790927861.122187428] [mapex_explorer]: Main /plan diagnostic: poses=12, endpoint=(45.98, 8.18), frontier=(45.98, 8.18), endpoint_to_frontier=0.000 m, limit=0.10 m -> usable
[controller_server-10] [INFO] [1790927861.170336294] [controller_server]: Passing new path to controller.
[controller_server-10] [INFO] [1790927861.906882831] [controller_server]: Reached the goal!
[controller_server-10] [INFO] [1790927861.907561606] [controller_server]: Optimizer reset
[bt_navigator-15] [INFO] [1790927861.935324107] [bt_navigator]: Goal succeeded
[INFO] [1790927861.992639173] [mapex_explorer]: Goal reached
[INFO] [1790927868.394020430] [mapex_explorer]: MapEx decision 29: selected x=22.88, y=12.08, IG=18.302784, distance=23.23 m, score=0.787737, region=17, candidates=20, near_fallback=False, compute=6.33 s
[bt_navigator-15] [INFO] [1790927868.394814008] [bt_navigator]: Begin navigating from current location (45.77, 7.98) to (22.88, 12.08)
[controller_server-10] [INFO] [1790927868.415684254] [controller_server]: Received a goal, begin computing control effort.
[INFO] [1790927868.554682638] [mapex_explorer]: Main goal accepted
[INFO] [1790927868.633844586] [mapex_explorer]: Main /plan diagnostic: poses=786, endpoint=(22.88, 12.08), frontier=(22.88, 12.08), endpoint_to_frontier=0.000 m, limit=0.10 m -> usable
[controller_server-10] [INFO] [1790927869.482503398] [controller_server]: Passing new path to controller.
[INFO] [1790927869.499641145] [mapex_explorer]: Main /plan diagnostic: poses=786, endpoint=(22.88, 12.08), frontier=(22.88, 12.08), endpoint_to_frontier=0.000 m, limit=0.10 m -> usable
[controller_server-10] [INFO] [1790927870.482506984] [controller_server]: Passing new path to controller.
[INFO] [1790927870.509907775] [mapex_explorer]: Main /plan diagnostic: poses=781, endpoint=(22.88, 12.08), frontier=(22.88, 12.08), endpoint_to_frontier=0.000 m, limit=0.10 m -> usable
[controller_server-10] [INFO] [1790927871.549175589] [controller_server]: Passing new path to controller.
[INFO] [1790927871.568148946] [mapex_explorer]: Main /plan diagnostic: poses=781, endpoint=(22.88, 12.08), frontier=(22.88, 12.08), endpoint_to_frontier=0.000 m, limit=0.10 m -> usable
[INFO] [1790927872.545533401] [mapex_explorer]: Main /plan diagnostic: poses=776, endpoint=(22.88, 12.08), frontier=(22.88, 12.08), endpoint_to_frontier=0.000 m, limit=0.10 m -> usable
[controller_server-10] [INFO] [1790927872.549170502] [controller_server]: Passing new path to controller.
[INFO] [1790927873.568414932] [mapex_explorer]: Main /plan diagnostic: poses=765, endpoint=(22.88, 12.08), frontier=(22.88, 12.08), endpoint_to_frontier=0.000 m, limit=0.10 m -> usable
[controller_server-10] [INFO] [1790927873.615864181] [controller_server]: Passing new path to controller.
[INFO] [1790927874.598286105] [mapex_explorer]: Main /plan diagnostic: poses=757, endpoint=(22.88, 12.08), frontier=(22.88, 12.08), endpoint_to_frontier=0.000 m, limit=0.10 m -> usable
[controller_server-10] [INFO] [1790927874.615860380] [controller_server]: Passing new path to controller.
[controller_server-10] [INFO] [1790927875.615861155] [controller_server]: Passing new path to controller.
[INFO] [1790927875.629221389] [mapex_explorer]: Main /plan diagnostic: poses=746, endpoint=(22.88, 12.08), frontier=(22.88, 12.08), endpoint_to_frontier=0.000 m, limit=0.10 m -> usable
[controller_server-10] [INFO] [1790927876.682518765] [controller_server]: Passing new path to controller.
[INFO] [1790927876.739716016] [mapex_explorer]: Main /plan diagnostic: poses=735, endpoint=(22.88, 12.08), frontier=(22.88, 12.08), endpoint_to_frontier=0.000 m, limit=0.10 m -> usable
[controller_server-10] [INFO] [1790927877.682634300] [controller_server]: Passing new path to controller.
[INFO] [1790927877.688471628] [mapex_explorer]: Main /plan diagnostic: poses=725, endpoint=(22.88, 12.08), frontier=(22.88, 12.08), endpoint_to_frontier=0.000 m, limit=0.10 m -> usable
[controller_server-10] [INFO] [1790927878.749172319] [controller_server]: Passing new path to controller.
[INFO] [1790927878.765530237] [mapex_explorer]: Main /plan diagnostic: poses=713, endpoint=(22.88, 12.08), frontier=(22.88, 12.08), endpoint_to_frontier=0.000 m, limit=0.10 m -> usable
[INFO] [1790927879.746619124] [mapex_explorer]: Main /plan diagnostic: poses=704, endpoint=(22.88, 12.08), frontier=(22.88, 12.08), endpoint_to_frontier=0.000 m, limit=0.10 m -> usable
[controller_server-10] [INFO] [1790927879.749234039] [controller_server]: Passing new path to controller.
[INFO] [1790927880.760031355] [mapex_explorer]: Main /plan diagnostic: poses=696, endpoint=(22.88, 12.08), frontier=(22.88, 12.08), endpoint_to_frontier=0.000 m, limit=0.10 m -> usable
[controller_server-10] [INFO] [1790927880.815859840] [controller_server]: Passing new path to controller.
[INFO] [1790927881.807592082] [mapex_explorer]: Main /plan diagnostic: poses=684, endpoint=(22.88, 12.08), frontier=(22.88, 12.08), endpoint_to_frontier=0.000 m, limit=0.10 m -> usable
[controller_server-10] [INFO] [1790927881.815856431] [controller_server]: Passing new path to controller.
[controller_server-10] [INFO] [1790927882.815839054] [controller_server]: Passing new path to controller.
[INFO] [1790927882.819976332] [mapex_explorer]: Main /plan diagnostic: poses=673, endpoint=(22.88, 12.08), frontier=(22.88, 12.08), endpoint_to_frontier=0.000 m, limit=0.10 m -> usable
[INFO] [1790927883.836354265] [mapex_explorer]: Main /plan diagnostic: poses=665, endpoint=(22.88, 12.08), frontier=(22.88, 12.08), endpoint_to_frontier=0.000 m, limit=0.10 m -> usable
[controller_server-10] [INFO] [1790927883.882513202] [controller_server]: Passing new path to controller.
[INFO] [1790927884.855725877] [mapex_explorer]: Main /plan diagnostic: poses=653, endpoint=(22.88, 12.08), frontier=(22.88, 12.08), endpoint_to_frontier=0.000 m, limit=0.10 m -> usable
[controller_server-10] [INFO] [1790927884.882520979] [controller_server]: Passing new path to controller.
[rviz2-7] [INFO] [1790927885.844971151] [rviz2]: Trying to create a map of size 564 x 258 using 1 swatches
[INFO] [1790927885.900511423] [mapex_explorer]: Main /plan diagnostic: poses=642, endpoint=(22.88, 12.08), frontier=(22.88, 12.08), endpoint_to_frontier=0.000 m, limit=0.10 m -> usable
[controller_server-10] [INFO] [1790927885.949195344] [controller_server]: Passing new path to controller.
[controller_server-10] [INFO] [1790927886.009074969] [local_costmap.local_costmap]: StaticLayer: Resizing static layer to 564 X 258 at 0.100000 m/pix
[planner_server-12] [INFO] [1790927886.675248014] [global_costmap.global_costmap]: StaticLayer: Resizing costmap to 564 X 258 at 0.100000 m/pix
[INFO] [1790927886.916073804] [mapex_explorer]: Main /plan diagnostic: poses=633, endpoint=(22.88, 12.08), frontier=(22.88, 12.08), endpoint_to_frontier=0.000 m, limit=0.10 m -> usable
[controller_server-10] [INFO] [1790927886.949179920] [controller_server]: Passing new path to controller.
[controller_server-10] [INFO] [1790927887.949170269] [controller_server]: Passing new path to controller.
[INFO] [1790927887.956808114] [mapex_explorer]: Main /plan diagnostic: poses=622, endpoint=(22.88, 12.08), frontier=(22.88, 12.08), endpoint_to_frontier=0.000 m, limit=0.10 m -> usable
[INFO] [1790927889.008486430] [mapex_explorer]: Main /plan diagnostic: poses=611, endpoint=(22.88, 12.08), frontier=(22.88, 12.08), endpoint_to_frontier=0.000 m, limit=0.10 m -> usable
[controller_server-10] [INFO] [1790927889.015836879] [controller_server]: Passing new path to controller.
[INFO] [1790927890.011224620] [mapex_explorer]: Main /plan diagnostic: poses=602, endpoint=(22.88, 12.08), frontier=(22.88, 12.08), endpoint_to_frontier=0.000 m, limit=0.10 m -> usable
[controller_server-10] [INFO] [1790927890.015896197] [controller_server]: Passing new path to controller.
[controller_server-10] [INFO] [1790927891.082520772] [controller_server]: Passing new path to controller.
[INFO] [1790927891.107099050] [mapex_explorer]: Main /plan diagnostic: poses=592, endpoint=(22.88, 12.08), frontier=(22.88, 12.08), endpoint_to_frontier=0.000 m, limit=0.10 m -> usable
[INFO] [1790927892.065589812] [mapex_explorer]: Main /plan diagnostic: poses=582, endpoint=(22.88, 12.08), frontier=(22.88, 12.08), endpoint_to_frontier=0.000 m, limit=0.10 m -> usable
[controller_server-10] [INFO] [1790927892.082516929] [controller_server]: Passing new path to controller.
[controller_server-10] [INFO] [1790927893.082508785] [controller_server]: Passing new path to controller.
[INFO] [1790927893.112069457] [mapex_explorer]: Main /plan diagnostic: poses=572, endpoint=(22.88, 12.08), frontier=(22.88, 12.08), endpoint_to_frontier=0.000 m, limit=0.10 m -> usable
[INFO] [1790927894.116246960] [mapex_explorer]: Main /plan diagnostic: poses=564, endpoint=(22.88, 12.08), frontier=(22.88, 12.08), endpoint_to_frontier=0.000 m, limit=0.10 m -> usable
[controller_server-10] [INFO] [1790927894.149175154] [controller_server]: Passing new path to controller.
[async_slam_toolbox_node-9] W20261002 14:58:14.480515  4595 preprocessor.cc:67] Specified options.num_threads: 50 exceeds maximum available from the threading model Ceres was compiled with: 16.  Bounding to maximum number available.
[async_slam_toolbox_node-9] [INFO] [1790927894.503566333] [slam_toolbox]: Adaptive anchor summary: latest_node=2018, local_edges=2078, loop_history=0, avg_effective_weight=1.143, release_regions=0
[rviz2-7] [INFO] [1790927894.834860495] [rviz2]: Trying to create a map of size 563 x 258 using 1 swatches
[controller_server-10] [INFO] [1790927895.009006508] [local_costmap.local_costmap]: StaticLayer: Resizing static layer to 563 X 258 at 0.100000 m/pix
[INFO] [1790927895.133931632] [mapex_explorer]: Main /plan diagnostic: poses=552, endpoint=(22.88, 12.08), frontier=(22.88, 12.08), endpoint_to_frontier=0.000 m, limit=0.10 m -> usable
[controller_server-10] [INFO] [1790927895.149185463] [controller_server]: Passing new path to controller.
[planner_server-12] [INFO] [1790927895.675273486] [global_costmap.global_costmap]: StaticLayer: Resizing costmap to 563 X 258 at 0.100000 m/pix
[INFO] [1790927896.172259735] [mapex_explorer]: Main /plan diagnostic: poses=544, endpoint=(22.88, 12.08), frontier=(22.88, 12.08), endpoint_to_frontier=0.000 m, limit=0.10 m -> usable
[controller_server-10] [INFO] [1790927896.215862190] [controller_server]: Passing new path to controller.
[controller_server-10] [INFO] [1790927897.215834185] [controller_server]: Passing new path to controller.
[INFO] [1790927897.248077129] [mapex_explorer]: Main /plan diagnostic: poses=533, endpoint=(22.88, 12.08), frontier=(22.88, 12.08), endpoint_to_frontier=0.000 m, limit=0.10 m -> usable
[controller_server-10] [INFO] [1790927898.215837472] [controller_server]: Passing new path to controller.
[INFO] [1790927898.218573631] [mapex_explorer]: Main /plan diagnostic: poses=524, endpoint=(22.88, 12.08), frontier=(22.88, 12.08), endpoint_to_frontier=0.000 m, limit=0.10 m -> usable
[async_slam_toolbox_node-9] W20261002 14:58:18.352478  4595 preprocessor.cc:67] Specified options.num_threads: 50 exceeds maximum available from the threading model Ceres was compiled with: 16.  Bounding to maximum number available.
[controller_server-10] [INFO] [1790927899.009159673] [local_costmap.local_costmap]: StaticLayer: Resizing static layer to 563 X 258 at 0.100000 m/pix
[INFO] [1790927899.246509520] [mapex_explorer]: Main /plan diagnostic: poses=514, endpoint=(22.88, 12.08), frontier=(22.88, 12.08), endpoint_to_frontier=0.000 m, limit=0.10 m -> usable
[controller_server-10] [INFO] [1790927899.282583019] [controller_server]: Passing new path to controller.
[planner_server-12] [INFO] [1790927899.675207014] [global_costmap.global_costmap]: StaticLayer: Resizing costmap to 563 X 258 at 0.100000 m/pix
[controller_server-10] [INFO] [1790927900.282584954] [controller_server]: Passing new path to controller.
[INFO] [1790927900.296475997] [mapex_explorer]: Main /plan diagnostic: poses=502, endpoint=(22.88, 12.08), frontier=(22.88, 12.08), endpoint_to_frontier=0.000 m, limit=0.10 m -> usable
[controller_server-10] [INFO] [1790927901.349168737] [controller_server]: Passing new path to controller.
[INFO] [1790927901.377494473] [mapex_explorer]: Main /plan diagnostic: poses=492, endpoint=(22.88, 12.08), frontier=(22.88, 12.08), endpoint_to_frontier=0.000 m, limit=0.10 m -> usable
[INFO] [1790927902.336722797] [mapex_explorer]: Main /plan diagnostic: poses=485, endpoint=(22.88, 12.08), frontier=(22.88, 12.08), endpoint_to_frontier=0.000 m, limit=0.10 m -> usable
[controller_server-10] [INFO] [1790927902.349174506] [controller_server]: Passing new path to controller.
[INFO] [1790927903.356313580] [mapex_explorer]: Main /plan diagnostic: poses=476, endpoint=(22.88, 12.08), frontier=(22.88, 12.08), endpoint_to_frontier=0.000 m, limit=0.10 m -> usable
[controller_server-10] [INFO] [1790927903.415856560] [controller_server]: Passing new path to controller.
[async_slam_toolbox_node-9] W20261002 14:58:23.975189  4595 preprocessor.cc:67] Specified options.num_threads: 50 exceeds maximum available from the threading model Ceres was compiled with: 16.  Bounding to maximum number available.
[INFO] [1790927904.369684335] [mapex_explorer]: Main /plan diagnostic: poses=462, endpoint=(22.88, 12.08), frontier=(22.88, 12.08), endpoint_to_frontier=0.000 m, limit=0.10 m -> usable
[controller_server-10] [INFO] [1790927904.415841044] [controller_server]: Passing new path to controller.
[controller_server-10] [INFO] [1790927905.009025247] [local_costmap.local_costmap]: StaticLayer: Resizing static layer to 563 X 258 at 0.100000 m/pix
[INFO] [1790927905.411085807] [mapex_explorer]: Main /plan diagnostic: poses=452, endpoint=(22.88, 12.08), frontier=(22.88, 12.08), endpoint_to_frontier=0.000 m, limit=0.10 m -> usable
[controller_server-10] [INFO] [1790927905.415839462] [controller_server]: Passing new path to controller.
[planner_server-12] [INFO] [1790927905.675230237] [global_costmap.global_costmap]: StaticLayer: Resizing costmap to 563 X 258 at 0.100000 m/pix
[INFO] [1790927906.475314035] [mapex_explorer]: Main /plan diagnostic: poses=441, endpoint=(22.88, 12.08), frontier=(22.88, 12.08), endpoint_to_frontier=0.000 m, limit=0.10 m -> usable
[controller_server-10] [INFO] [1790927906.482515894] [controller_server]: Passing new path to controller.
[INFO] [1790927907.476882481] [mapex_explorer]: Main /plan diagnostic: poses=432, endpoint=(22.88, 12.08), frontier=(22.88, 12.08), endpoint_to_frontier=0.000 m, limit=0.10 m -> usable
[controller_server-10] [INFO] [1790927907.482503604] [controller_server]: Passing new path to controller.
[INFO] [1790927908.515399543] [mapex_explorer]: Main /plan diagnostic: poses=420, endpoint=(22.88, 12.08), frontier=(22.88, 12.08), endpoint_to_frontier=0.000 m, limit=0.10 m -> usable
[controller_server-10] [INFO] [1790927908.549322065] [controller_server]: Passing new path to controller.
[async_slam_toolbox_node-9] W20261002 14:58:29.011873  4595 preprocessor.cc:67] Specified options.num_threads: 50 exceeds maximum available from the threading model Ceres was compiled with: 16.  Bounding to maximum number available.
[async_slam_toolbox_node-9] [INFO] [1790927909.028671046] [slam_toolbox]: Adaptive anchor summary: latest_node=2080, local_edges=2141, loop_history=0, avg_effective_weight=1.139, release_regions=0
[INFO] [1790927909.505012481] [mapex_explorer]: Main /plan diagnostic: poses=411, endpoint=(22.88, 12.08), frontier=(22.88, 12.08), endpoint_to_frontier=0.000 m, limit=0.10 m -> usable
[controller_server-10] [INFO] [1790927909.549175184] [controller_server]: Passing new path to controller.
[controller_server-10] [INFO] [1790927910.009006993] [local_costmap.local_costmap]: StaticLayer: Resizing static layer to 563 X 258 at 0.100000 m/pix
[INFO] [1790927910.536946892] [mapex_explorer]: Main /plan diagnostic: poses=401, endpoint=(22.88, 12.08), frontier=(22.88, 12.08), endpoint_to_frontier=0.000 m, limit=0.10 m -> usable
[controller_server-10] [INFO] [1790927910.549205953] [controller_server]: Passing new path to controller.
[planner_server-12] [INFO] [1790927910.675393473] [global_costmap.global_costmap]: StaticLayer: Resizing costmap to 563 X 258 at 0.100000 m/pix
[INFO] [1790927911.581625151] [mapex_explorer]: Main /plan diagnostic: poses=391, endpoint=(22.88, 12.08), frontier=(22.88, 12.08), endpoint_to_frontier=0.000 m, limit=0.10 m -> usable
[controller_server-10] [INFO] [1790927911.615849054] [controller_server]: Passing new path to controller.
[INFO] [1790927912.614989931] [mapex_explorer]: Main /plan diagnostic: poses=380, endpoint=(22.88, 12.08), frontier=(22.88, 12.08), endpoint_to_frontier=0.000 m, limit=0.10 m -> usable
[controller_server-10] [INFO] [1790927912.615835182] [controller_server]: Passing new path to controller.
[controller_server-10] [INFO] [1790927913.615853400] [controller_server]: Passing new path to controller.
[INFO] [1790927913.698792399] [mapex_explorer]: Main /plan diagnostic: poses=372, endpoint=(22.88, 12.08), frontier=(22.88, 12.08), endpoint_to_frontier=0.000 m, limit=0.10 m -> usable
[INFO] [1790927914.653952119] [mapex_explorer]: Main /plan diagnostic: poses=362, endpoint=(22.88, 12.08), frontier=(22.88, 12.08), endpoint_to_frontier=0.000 m, limit=0.10 m -> usable
[controller_server-10] [INFO] [1790927914.682547204] [controller_server]: Passing new path to controller.
[controller_server-10] [INFO] [1790927915.682503884] [controller_server]: Passing new path to controller.
[INFO] [1790927915.714107613] [mapex_explorer]: Main /plan diagnostic: poses=351, endpoint=(22.88, 12.08), frontier=(22.88, 12.08), endpoint_to_frontier=0.000 m, limit=0.10 m -> usable
[INFO] [1790927916.707505295] [mapex_explorer]: Main /plan diagnostic: poses=343, endpoint=(22.88, 12.08), frontier=(22.88, 12.08), endpoint_to_frontier=0.000 m, limit=0.10 m -> usable
[controller_server-10] [INFO] [1790927916.749167096] [controller_server]: Passing new path to controller.
[INFO] [1790927917.713629933] [mapex_explorer]: Main /plan diagnostic: poses=333, endpoint=(22.88, 12.08), frontier=(22.88, 12.08), endpoint_to_frontier=0.000 m, limit=0.10 m -> usable
[controller_server-10] [INFO] [1790927917.749170709] [controller_server]: Passing new path to controller.
[INFO] [1790927918.749178609] [mapex_explorer]: Main /plan diagnostic: poses=322, endpoint=(22.88, 12.08), frontier=(22.88, 12.08), endpoint_to_frontier=0.000 m, limit=0.10 m -> usable
[controller_server-10] [INFO] [1790927918.815836829] [controller_server]: Passing new path to controller.
[INFO] [1790927919.781730382] [mapex_explorer]: Main /plan diagnostic: poses=310, endpoint=(22.88, 12.08), frontier=(22.88, 12.08), endpoint_to_frontier=0.000 m, limit=0.10 m -> usable
[controller_server-10] [INFO] [1790927919.815868009] [controller_server]: Passing new path to controller.
[controller_server-10] [INFO] [1790927920.815832980] [controller_server]: Passing new path to controller.
[INFO] [1790927920.846147804] [mapex_explorer]: Main /plan diagnostic: poses=302, endpoint=(22.88, 12.08), frontier=(22.88, 12.08), endpoint_to_frontier=0.000 m, limit=0.10 m -> usable
[async_slam_toolbox_node-9] W20261002 14:58:41.485852  4595 preprocessor.cc:67] Specified options.num_threads: 50 exceeds maximum available from the threading model Ceres was compiled with: 16.  Bounding to maximum number available.
[INFO] [1790927921.838623538] [mapex_explorer]: Main /plan diagnostic: poses=288, endpoint=(22.88, 12.08), frontier=(22.88, 12.08), endpoint_to_frontier=0.000 m, limit=0.10 m -> usable
[controller_server-10] [INFO] [1790927921.882514639] [controller_server]: Passing new path to controller.
[controller_server-10] [INFO] [1790927922.009048431] [local_costmap.local_costmap]: StaticLayer: Resizing static layer to 563 X 258 at 0.100000 m/pix
[planner_server-12] [INFO] [1790927922.675207219] [global_costmap.global_costmap]: StaticLayer: Resizing costmap to 563 X 258 at 0.100000 m/pix
[planner_server-12] [WARN] [1790927922.841470297] [planner_server]: GridBased plugin failed to plan from (35.14, 6.24) to (22.88, 12.08): "Failed to create plan with tolerance of: 0.000000"
[planner_server-12] [WARN] [1790927922.842396138] [planner_server]: [compute_path_to_pose] [ActionServer] Aborting handle.
[bt_navigator-15] [ERROR] [1790927922.908798159] [bt_navigator_navigate_to_pose_rclcpp_node]: Failed to get result for follow_path in node halt!
[behavior_server-14] [INFO] [1790927922.934262159] [behavior_server]: Running wait
[controller_server-10] [INFO] [1790927922.949661853] [controller_server]: Cancellation was successful. Stopping the robot.
[controller_server-10] [INFO] [1790927922.950017278] [controller_server]: [follow_path] [ActionServer] Client requested to cancel the goal. Cancelling.
[controller_server-10] [INFO] [1790927922.950748312] [controller_server]: Optimizer reset
[behavior_server-14] [INFO] [1790927923.237491368] [behavior_server]: wait completed successfully
[planner_server-12] [WARN] [1790927923.267082304] [planner_server]: GridBased plugin failed to plan from (35.05, 6.39) to (22.88, 12.08): "Failed to create plan with tolerance of: 0.000000"
[planner_server-12] [WARN] [1790927923.267143430] [planner_server]: [compute_path_to_pose] [ActionServer] Aborting handle.
[bt_navigator-15] [WARN] [1790927923.292479264] [bt_navigator]: [navigate_to_pose] [ActionServer] Aborting handle.
[bt_navigator-15] [ERROR] [1790927923.293091634] [bt_navigator]: Goal failed
[WARN] [1790927923.350048312] [mapex_explorer]: Main goal failed (status=6, error_code=208)
[WARN] [1790927923.350321199] [mapex_explorer]: Main frontier abandoned after NO_VALID_PATH (208): x=22.88, y=12.08; candidates within 0.10 m are skipped during normal selection but will be checked again by terminal planner revalidation.
[INFO] [1790927930.815734846] [mapex_explorer]: MapEx decision 30: selected x=2.18, y=-10.93, IG=31.529285, distance=37.16 m, score=0.848479, region=62, candidates=18, near_fallback=False, compute=6.73 s
[bt_navigator-15] [INFO] [1790927930.816636115] [bt_navigator]: Begin navigating from current location (35.02, 6.46) to (2.18, -10.93)
[controller_server-10] [INFO] [1790927930.838043669] [controller_server]: Received a goal, begin computing control effort.
[INFO] [1790927931.093906874] [mapex_explorer]: Main goal accepted
[INFO] [1790927931.118606310] [mapex_explorer]: Main /plan diagnostic: poses=883, endpoint=(2.18, -10.93), frontier=(2.18, -10.93), endpoint_to_frontier=0.000 m, limit=0.10 m -> usable
[INFO] [1790927931.871063505] [mapex_explorer]: Main /plan diagnostic: poses=882, endpoint=(2.18, -10.93), frontier=(2.18, -10.93), endpoint_to_frontier=0.000 m, limit=0.10 m -> usable
[controller_server-10] [INFO] [1790927931.904904517] [controller_server]: Passing new path to controller.
[controller_server-10] [INFO] [1790927932.904903724] [controller_server]: Passing new path to controller.
[INFO] [1790927932.912901898] [mapex_explorer]: Main /plan diagnostic: poses=881, endpoint=(2.18, -10.93), frontier=(2.18, -10.93), endpoint_to_frontier=0.000 m, limit=0.10 m -> usable
[controller_server-10] [INFO] [1790927933.971548179] [controller_server]: Passing new path to controller.
[INFO] [1790927933.980750878] [mapex_explorer]: Main /plan diagnostic: poses=878, endpoint=(2.18, -10.93), frontier=(2.18, -10.93), endpoint_to_frontier=0.000 m, limit=0.10 m -> usable
[controller_server-10] [INFO] [1790927934.971548103] [controller_server]: Passing new path to controller.
[INFO] [1790927934.990084455] [mapex_explorer]: Main /plan diagnostic: poses=874, endpoint=(2.18, -10.93), frontier=(2.18, -10.93), endpoint_to_frontier=0.000 m, limit=0.10 m -> usable
[INFO] [1790927936.014898103] [mapex_explorer]: Main /plan diagnostic: poses=863, endpoint=(2.18, -10.93), frontier=(2.18, -10.93), endpoint_to_frontier=0.000 m, limit=0.10 m -> usable
[controller_server-10] [INFO] [1790927936.038306687] [controller_server]: Passing new path to controller.
[INFO] [1790927937.053236254] [mapex_explorer]: Main /plan diagnostic: poses=858, endpoint=(2.18, -10.93), frontier=(2.18, -10.93), endpoint_to_frontier=0.000 m, limit=0.10 m -> usable
[controller_server-10] [INFO] [1790927937.104906424] [controller_server]: Passing new path to controller.
[INFO] [1790927938.072081496] [mapex_explorer]: Main /plan diagnostic: poses=843, endpoint=(2.18, -10.93), frontier=(2.18, -10.93), endpoint_to_frontier=0.000 m, limit=0.10 m -> usable
[controller_server-10] [INFO] [1790927938.104900940] [controller_server]: Passing new path to controller.
[INFO] [1790927939.101484488] [mapex_explorer]: Main /plan diagnostic: poses=833, endpoint=(2.18, -10.93), frontier=(2.18, -10.93), endpoint_to_frontier=0.000 m, limit=0.10 m -> usable
[controller_server-10] [INFO] [1790927939.104898989] [controller_server]: Passing new path to controller.
[controller_server-10] [INFO] [1790927940.171544696] [controller_server]: Passing new path to controller.
[INFO] [1790927940.207754598] [mapex_explorer]: Main /plan diagnostic: poses=823, endpoint=(2.18, -10.93), frontier=(2.18, -10.93), endpoint_to_frontier=0.000 m, limit=0.10 m -> usable
[controller_server-10] [INFO] [1790927941.171545727] [controller_server]: Passing new path to controller.
[INFO] [1790927941.233787013] [mapex_explorer]: Main /plan diagnostic: poses=811, endpoint=(2.18, -10.93), frontier=(2.18, -10.93), endpoint_to_frontier=0.000 m, limit=0.10 m -> usable
[INFO] [1790927942.208500590] [mapex_explorer]: Main /plan diagnostic: poses=801, endpoint=(2.18, -10.93), frontier=(2.18, -10.93), endpoint_to_frontier=0.000 m, limit=0.10 m -> usable
[controller_server-10] [INFO] [1790927942.238236232] [controller_server]: Passing new path to controller.
[controller_server-10] [INFO] [1790927943.238235317] [controller_server]: Passing new path to controller.
[INFO] [1790927943.258288492] [mapex_explorer]: Main /plan diagnostic: poses=791, endpoint=(2.18, -10.93), frontier=(2.18, -10.93), endpoint_to_frontier=0.000 m, limit=0.10 m -> usable
[INFO] [1790927944.303198307] [mapex_explorer]: Main /plan diagnostic: poses=781, endpoint=(2.18, -10.93), frontier=(2.18, -10.93), endpoint_to_frontier=0.000 m, limit=0.10 m -> usable
[controller_server-10] [INFO] [1790927944.304905456] [controller_server]: Passing new path to controller.
[controller_server-10] [INFO] [1790927945.304880285] [controller_server]: Passing new path to controller.
[INFO] [1790927945.431805835] [mapex_explorer]: Main /plan diagnostic: poses=771, endpoint=(2.18, -10.93), frontier=(2.18, -10.93), endpoint_to_frontier=0.000 m, limit=0.10 m -> usable
[INFO] [1790927946.333402537] [mapex_explorer]: Main /plan diagnostic: poses=761, endpoint=(2.18, -10.93), frontier=(2.18, -10.93), endpoint_to_frontier=0.000 m, limit=0.10 m -> usable
[controller_server-10] [INFO] [1790927946.371550999] [controller_server]: Passing new path to controller.
[INFO] [1790927947.365155665] [mapex_explorer]: Main /plan diagnostic: poses=751, endpoint=(2.18, -10.93), frontier=(2.18, -10.93), endpoint_to_frontier=0.000 m, limit=0.10 m -> usable
[controller_server-10] [INFO] [1790927947.371554551] [controller_server]: Passing new path to controller.
[INFO] [1790927948.432834563] [mapex_explorer]: Main /plan diagnostic: poses=741, endpoint=(2.18, -10.93), frontier=(2.18, -10.93), endpoint_to_frontier=0.000 m, limit=0.10 m -> usable
[controller_server-10] [INFO] [1790927948.438217377] [controller_server]: Passing new path to controller.
[controller_server-10] [INFO] [1790927949.438238685] [controller_server]: Passing new path to controller.
[INFO] [1790927949.486444683] [mapex_explorer]: Main /plan diagnostic: poses=731, endpoint=(2.18, -10.93), frontier=(2.18, -10.93), endpoint_to_frontier=0.000 m, limit=0.10 m -> usable
[INFO] [1790927950.476877807] [mapex_explorer]: Main /plan diagnostic: poses=719, endpoint=(2.18, -10.93), frontier=(2.18, -10.93), endpoint_to_frontier=0.000 m, limit=0.10 m -> usable
[controller_server-10] [INFO] [1790927950.504893799] [controller_server]: Passing new path to controller.
[INFO] [1790927951.504065968] [mapex_explorer]: Main /plan diagnostic: poses=709, endpoint=(2.18, -10.93), frontier=(2.18, -10.93), endpoint_to_frontier=0.000 m, limit=0.10 m -> usable
[controller_server-10] [INFO] [1790927951.504879391] [controller_server]: Passing new path to controller.
[INFO] [1790927952.516596636] [mapex_explorer]: Main /plan diagnostic: poses=699, endpoint=(2.18, -10.93), frontier=(2.18, -10.93), endpoint_to_frontier=0.000 m, limit=0.10 m -> usable
[controller_server-10] [INFO] [1790927952.571544054] [controller_server]: Passing new path to controller.
[INFO] [1790927953.541195752] [mapex_explorer]: Main /plan diagnostic: poses=689, endpoint=(2.18, -10.93), frontier=(2.18, -10.93), endpoint_to_frontier=0.000 m, limit=0.10 m -> usable
[controller_server-10] [INFO] [1790927953.571548972] [controller_server]: Passing new path to controller.
[INFO] [1790927954.610650810] [mapex_explorer]: Main /plan diagnostic: poses=679, endpoint=(2.18, -10.93), frontier=(2.18, -10.93), endpoint_to_frontier=0.000 m, limit=0.10 m -> usable
[controller_server-10] [INFO] [1790927954.638240250] [controller_server]: Passing new path to controller.
[INFO] [1790927955.598048826] [mapex_explorer]: Main /plan diagnostic: poses=669, endpoint=(2.18, -10.93), frontier=(2.18, -10.93), endpoint_to_frontier=0.000 m, limit=0.10 m -> usable
[controller_server-10] [INFO] [1790927955.638220818] [controller_server]: Passing new path to controller.
[controller_server-10] [INFO] [1790927956.638239539] [controller_server]: Passing new path to controller.
[INFO] [1790927956.651195434] [mapex_explorer]: Main /plan diagnostic: poses=657, endpoint=(2.18, -10.93), frontier=(2.18, -10.93), endpoint_to_frontier=0.000 m, limit=0.10 m -> usable
[controller_server-10] [INFO] [1790927957.704896376] [controller_server]: Passing new path to controller.
[INFO] [1790927957.762180565] [mapex_explorer]: Main /plan diagnostic: poses=647, endpoint=(2.18, -10.93), frontier=(2.18, -10.93), endpoint_to_frontier=0.000 m, limit=0.10 m -> usable
[INFO] [1790927958.771690529] [mapex_explorer]: Main /plan diagnostic: poses=637, endpoint=(2.18, -10.93), frontier=(2.18, -10.93), endpoint_to_frontier=0.000 m, limit=0.10 m -> usable
[controller_server-10] [INFO] [1790927958.771547582] [controller_server]: Passing new path to controller.
[controller_server-10] [INFO] [1790927959.771575582] [controller_server]: Passing new path to controller.
[INFO] [1790927959.772494962] [mapex_explorer]: Main /plan diagnostic: poses=627, endpoint=(2.18, -10.93), frontier=(2.18, -10.93), endpoint_to_frontier=0.000 m, limit=0.10 m -> usable
[rviz2-7] [INFO] [1790927959.860397656] [rviz2]: Trying to create a map of size 563 x 259 using 1 swatches
[controller_server-10] [INFO] [1790927960.009015438] [local_costmap.local_costmap]: StaticLayer: Resizing static layer to 563 X 259 at 0.100000 m/pix
[planner_server-12] [INFO] [1790927960.675262207] [global_costmap.global_costmap]: StaticLayer: Resizing costmap to 563 X 259 at 0.100000 m/pix
[controller_server-10] [INFO] [1790927960.771547052] [controller_server]: Passing new path to controller.
[INFO] [1790927960.778954960] [mapex_explorer]: Main /plan diagnostic: poses=617, endpoint=(2.18, -10.93), frontier=(2.18, -10.93), endpoint_to_frontier=0.000 m, limit=0.10 m -> usable
[INFO] [1790927961.813617927] [mapex_explorer]: Main /plan diagnostic: poses=607, endpoint=(2.18, -10.93), frontier=(2.18, -10.93), endpoint_to_frontier=0.000 m, limit=0.10 m -> usable
[controller_server-10] [INFO] [1790927961.838237469] [controller_server]: Passing new path to controller.
[controller_server-10] [INFO] [1790927962.838218498] [controller_server]: Passing new path to controller.
[INFO] [1790927962.854939134] [mapex_explorer]: Main /plan diagnostic: poses=595, endpoint=(2.18, -10.93), frontier=(2.18, -10.93), endpoint_to_frontier=0.000 m, limit=0.10 m -> usable
[rviz2-7] [INFO] [1790927962.870143632] [rviz2]: Trying to create a map of size 563 x 260 using 1 swatches
[controller_server-10] [INFO] [1790927963.009020653] [local_costmap.local_costmap]: StaticLayer: Resizing static layer to 563 X 260 at 0.100000 m/pix
[planner_server-12] [INFO] [1790927963.675398132] [global_costmap.global_costmap]: StaticLayer: Resizing costmap to 563 X 260 at 0.100000 m/pix
[INFO] [1790927963.881337859] [mapex_explorer]: Main /plan diagnostic: poses=586, endpoint=(2.18, -10.93), frontier=(2.18, -10.93), endpoint_to_frontier=0.000 m, limit=0.10 m -> usable
[controller_server-10] [INFO] [1790927963.904917223] [controller_server]: Passing new path to controller.
[controller_server-10] [INFO] [1790927964.904880526] [controller_server]: Passing new path to controller.
[INFO] [1790927964.906423521] [mapex_explorer]: Main /plan diagnostic: poses=575, endpoint=(2.18, -10.93), frontier=(2.18, -10.93), endpoint_to_frontier=0.000 m, limit=0.10 m -> usable
[INFO] [1790927965.910636847] [mapex_explorer]: Main /plan diagnostic: poses=566, endpoint=(2.18, -10.93), frontier=(2.18, -10.93), endpoint_to_frontier=0.000 m, limit=0.10 m -> usable
[controller_server-10] [INFO] [1790927965.971574858] [controller_server]: Passing new path to controller.
[controller_server-10] [INFO] [1790927966.971547839] [controller_server]: Passing new path to controller.
[INFO] [1790927966.981208452] [mapex_explorer]: Main /plan diagnostic: poses=555, endpoint=(2.18, -10.93), frontier=(2.18, -10.93), endpoint_to_frontier=0.000 m, limit=0.10 m -> usable
[controller_server-10] [INFO] [1790927967.971544954] [controller_server]: Passing new path to controller.
[INFO] [1790927967.973458298] [mapex_explorer]: Main /plan diagnostic: poses=546, endpoint=(2.18, -10.93), frontier=(2.18, -10.93), endpoint_to_frontier=0.000 m, limit=0.10 m -> usable
[controller_server-10] [INFO] [1790927969.038240055] [controller_server]: Passing new path to controller.
[INFO] [1790927969.078215689] [mapex_explorer]: Main /plan diagnostic: poses=535, endpoint=(2.18, -10.93), frontier=(2.18, -10.93), endpoint_to_frontier=0.000 m, limit=0.10 m -> usable
[INFO] [1790927970.035102423] [mapex_explorer]: Main /plan diagnostic: poses=526, endpoint=(2.18, -10.93), frontier=(2.18, -10.93), endpoint_to_frontier=0.000 m, limit=0.10 m -> usable
[controller_server-10] [INFO] [1790927970.038211290] [controller_server]: Passing new path to controller.
[INFO] [1790927971.071773392] [mapex_explorer]: Main /plan diagnostic: poses=514, endpoint=(2.18, -10.93), frontier=(2.18, -10.93), endpoint_to_frontier=0.000 m, limit=0.10 m -> usable
[controller_server-10] [INFO] [1790927971.104900707] [controller_server]: Passing new path to controller.
[controller_server-10] [INFO] [1790927972.104909877] [controller_server]: Passing new path to controller.
[INFO] [1790927972.139244337] [mapex_explorer]: Main /plan diagnostic: poses=506, endpoint=(2.18, -10.93), frontier=(2.18, -10.93), endpoint_to_frontier=0.000 m, limit=0.10 m -> usable
[INFO] [1790927973.135274594] [mapex_explorer]: Main /plan diagnostic: poses=494, endpoint=(2.18, -10.93), frontier=(2.18, -10.93), endpoint_to_frontier=0.000 m, limit=0.10 m -> usable
[controller_server-10] [INFO] [1790927973.171548436] [controller_server]: Passing new path to controller.
[controller_server-10] [INFO] [1790927974.171594087] [controller_server]: Passing new path to controller.
[INFO] [1790927974.173990309] [mapex_explorer]: Main /plan diagnostic: poses=484, endpoint=(2.18, -10.93), frontier=(2.18, -10.93), endpoint_to_frontier=0.000 m, limit=0.10 m -> usable
[INFO] [1790927975.191607216] [mapex_explorer]: Main /plan diagnostic: poses=479, endpoint=(2.18, -10.93), frontier=(2.18, -10.93), endpoint_to_frontier=0.000 m, limit=0.10 m -> usable
[controller_server-10] [INFO] [1790927975.238224764] [controller_server]: Passing new path to controller.
[INFO] [1790927976.210051079] [mapex_explorer]: Main /plan diagnostic: poses=464, endpoint=(2.18, -10.93), frontier=(2.18, -10.93), endpoint_to_frontier=0.000 m, limit=0.10 m -> usable
[controller_server-10] [INFO] [1790927976.238213499] [controller_server]: Passing new path to controller.
[INFO] [1790927977.234001306] [mapex_explorer]: Main /plan diagnostic: poses=458, endpoint=(2.18, -10.93), frontier=(2.18, -10.93), endpoint_to_frontier=0.000 m, limit=0.10 m -> usable
[controller_server-10] [INFO] [1790927977.238214791] [controller_server]: Passing new path to controller.
[controller_server-10] [INFO] [1790927978.304879407] [controller_server]: Passing new path to controller.
[INFO] [1790927978.331379143] [mapex_explorer]: Main /plan diagnostic: poses=444, endpoint=(2.18, -10.93), frontier=(2.18, -10.93), endpoint_to_frontier=0.000 m, limit=0.10 m -> usable
[INFO] [1790927979.298611869] [mapex_explorer]: Main /plan diagnostic: poses=435, endpoint=(2.18, -10.93), frontier=(2.18, -10.93), endpoint_to_frontier=0.000 m, limit=0.10 m -> usable
[controller_server-10] [INFO] [1790927979.304888628] [controller_server]: Passing new path to controller.
[INFO] [1790927980.371429560] [mapex_explorer]: Main /plan diagnostic: poses=425, endpoint=(2.18, -10.93), frontier=(2.18, -10.93), endpoint_to_frontier=0.000 m, limit=0.10 m -> usable
[controller_server-10] [INFO] [1790927980.371548053] [controller_server]: Passing new path to controller.
[INFO] [1790927981.352039400] [mapex_explorer]: Main /plan diagnostic: poses=418, endpoint=(2.18, -10.93), frontier=(2.18, -10.93), endpoint_to_frontier=0.000 m, limit=0.10 m -> usable
[controller_server-10] [INFO] [1790927981.371566901] [controller_server]: Passing new path to controller.
[controller_server-10] [INFO] [1790927982.371546733] [controller_server]: Passing new path to controller.
[INFO] [1790927982.372353574] [mapex_explorer]: Main /plan diagnostic: poses=409, endpoint=(2.18, -10.93), frontier=(2.18, -10.93), endpoint_to_frontier=0.000 m, limit=0.10 m -> usable
[controller_server-10] [INFO] [1790927983.438219475] [controller_server]: Passing new path to controller.
[INFO] [1790927983.440031481] [mapex_explorer]: Main /plan diagnostic: poses=393, endpoint=(2.18, -10.93), frontier=(2.18, -10.93), endpoint_to_frontier=0.000 m, limit=0.10 m -> usable
[async_slam_toolbox_node-9] W20261002 14:59:43.571131  4595 preprocessor.cc:67] Specified options.num_threads: 50 exceeds maximum available from the threading model Ceres was compiled with: 16.  Bounding to maximum number available.
[async_slam_toolbox_node-9] [INFO] [1790927983.620821431] [slam_toolbox]: Adaptive anchor summary: latest_node=2261, local_edges=2325, loop_history=1, avg_effective_weight=1.128, release_regions=0
[rviz2-7] [INFO] [1790927983.893144512] [rviz2]: Trying to create a map of size 562 x 257 using 1 swatches
[controller_server-10] [INFO] [1790927984.009033641] [local_costmap.local_costmap]: StaticLayer: Resizing static layer to 562 X 257 at 0.100000 m/pix
[INFO] [1790927984.414501684] [mapex_explorer]: Main /plan diagnostic: poses=376, endpoint=(2.18, -10.93), frontier=(2.18, -10.93), endpoint_to_frontier=0.000 m, limit=0.10 m -> usable
[controller_server-10] [INFO] [1790927984.438240966] [controller_server]: Passing new path to controller.
[planner_server-12] [INFO] [1790927984.675294237] [global_costmap.global_costmap]: StaticLayer: Resizing costmap to 562 X 257 at 0.100000 m/pix
[INFO] [1790927985.438579386] [mapex_explorer]: Main /plan diagnostic: poses=369, endpoint=(2.18, -10.93), frontier=(2.18, -10.93), endpoint_to_frontier=0.000 m, limit=0.10 m -> usable
[controller_server-10] [INFO] [1790927985.504881722] [controller_server]: Passing new path to controller.
[INFO] [1790927986.478191857] [mapex_explorer]: Main /plan diagnostic: poses=357, endpoint=(2.18, -10.93), frontier=(2.18, -10.93), endpoint_to_frontier=0.000 m, limit=0.10 m -> usable
[controller_server-10] [INFO] [1790927986.504894821] [controller_server]: Passing new path to controller.
[controller_server-10] [INFO] [1790927987.504878279] [controller_server]: Passing new path to controller.
[INFO] [1790927987.562038780] [mapex_explorer]: Main /plan diagnostic: poses=346, endpoint=(2.18, -10.93), frontier=(2.18, -10.93), endpoint_to_frontier=0.000 m, limit=0.10 m -> usable
[INFO] [1790927988.538341368] [mapex_explorer]: Main /plan diagnostic: poses=338, endpoint=(2.18, -10.93), frontier=(2.18, -10.93), endpoint_to_frontier=0.000 m, limit=0.10 m -> usable
[controller_server-10] [INFO] [1790927988.571560742] [controller_server]: Passing new path to controller.
[INFO] [1790927989.571090309] [mapex_explorer]: Main /plan diagnostic: poses=329, endpoint=(2.18, -10.93), frontier=(2.18, -10.93), endpoint_to_frontier=0.000 m, limit=0.10 m -> usable
[controller_server-10] [INFO] [1790927989.571552262] [controller_server]: Passing new path to controller.
[controller_server-10] [INFO] [1790927990.638212286] [controller_server]: Passing new path to controller.
[INFO] [1790927990.679874029] [mapex_explorer]: Main /plan diagnostic: poses=317, endpoint=(2.18, -10.93), frontier=(2.18, -10.93), endpoint_to_frontier=0.000 m, limit=0.10 m -> usable
[INFO] [1790927991.615068343] [mapex_explorer]: Main /plan diagnostic: poses=306, endpoint=(2.18, -10.93), frontier=(2.18, -10.93), endpoint_to_frontier=0.000 m, limit=0.10 m -> usable
[controller_server-10] [INFO] [1790927991.638219729] [controller_server]: Passing new path to controller.
[controller_server-10] [INFO] [1790927992.638212521] [controller_server]: Passing new path to controller.
[INFO] [1790927992.657143584] [mapex_explorer]: Main /plan diagnostic: poses=298, endpoint=(2.18, -10.93), frontier=(2.18, -10.93), endpoint_to_frontier=0.000 m, limit=0.10 m -> usable
[INFO] [1790927993.661824026] [mapex_explorer]: Main /plan diagnostic: poses=286, endpoint=(2.18, -10.93), frontier=(2.18, -10.93), endpoint_to_frontier=0.000 m, limit=0.10 m -> usable
[controller_server-10] [INFO] [1790927993.704904952] [controller_server]: Passing new path to controller.
[INFO] [1790927994.667755719] [mapex_explorer]: Main /plan diagnostic: poses=277, endpoint=(2.18, -10.93), frontier=(2.18, -10.93), endpoint_to_frontier=0.000 m, limit=0.10 m -> usable
[controller_server-10] [INFO] [1790927994.704901297] [controller_server]: Passing new path to controller.
[controller_server-10] [INFO] [1790927995.704904392] [controller_server]: Passing new path to controller.
[INFO] [1790927995.717313434] [mapex_explorer]: Main /plan diagnostic: poses=266, endpoint=(2.18, -10.93), frontier=(2.18, -10.93), endpoint_to_frontier=0.000 m, limit=0.10 m -> usable
[INFO] [1790927996.715048064] [mapex_explorer]: Main /plan diagnostic: poses=257, endpoint=(2.18, -10.93), frontier=(2.18, -10.93), endpoint_to_frontier=0.000 m, limit=0.10 m -> usable
[controller_server-10] [INFO] [1790927996.771543459] [controller_server]: Passing new path to controller.
[controller_server-10] [INFO] [1790927997.771542984] [controller_server]: Passing new path to controller.
[INFO] [1790927997.804587910] [mapex_explorer]: Main /plan diagnostic: poses=246, endpoint=(2.18, -10.93), frontier=(2.18, -10.93), endpoint_to_frontier=0.000 m, limit=0.10 m -> usable
[INFO] [1790927998.776089156] [mapex_explorer]: Main /plan diagnostic: poses=237, endpoint=(2.18, -10.93), frontier=(2.18, -10.93), endpoint_to_frontier=0.000 m, limit=0.10 m -> usable
[controller_server-10] [INFO] [1790927998.838252753] [controller_server]: Passing new path to controller.
[INFO] [1790927999.816243762] [mapex_explorer]: Main /plan diagnostic: poses=226, endpoint=(2.18, -10.93), frontier=(2.18, -10.93), endpoint_to_frontier=0.000 m, limit=0.10 m -> usable
[controller_server-10] [INFO] [1790927999.838225589] [controller_server]: Passing new path to controller.
[controller_server-10] [INFO] [1790928000.838209349] [controller_server]: Passing new path to controller.
[INFO] [1790928000.846752290] [mapex_explorer]: Main /plan diagnostic: poses=217, endpoint=(2.18, -10.93), frontier=(2.18, -10.93), endpoint_to_frontier=0.000 m, limit=0.10 m -> usable
[INFO] [1790928001.861341263] [mapex_explorer]: Main /plan diagnostic: poses=205, endpoint=(2.18, -10.93), frontier=(2.18, -10.93), endpoint_to_frontier=0.000 m, limit=0.10 m -> usable
[controller_server-10] [INFO] [1790928001.904899033] [controller_server]: Passing new path to controller.
[INFO] [1790928002.900162321] [mapex_explorer]: Main /plan diagnostic: poses=193, endpoint=(2.18, -10.93), frontier=(2.18, -10.93), endpoint_to_frontier=0.000 m, limit=0.10 m -> usable
[controller_server-10] [INFO] [1790928002.904880195] [controller_server]: Passing new path to controller.
[INFO] [1790928003.912945521] [mapex_explorer]: Main /plan diagnostic: poses=185, endpoint=(2.18, -10.93), frontier=(2.18, -10.93), endpoint_to_frontier=0.000 m, limit=0.10 m -> usable
[controller_server-10] [INFO] [1790928003.971688098] [controller_server]: Passing new path to controller.
[INFO] [1790928004.930747768] [mapex_explorer]: Main /plan diagnostic: poses=174, endpoint=(2.18, -10.93), frontier=(2.18, -10.93), endpoint_to_frontier=0.000 m, limit=0.10 m -> usable
[controller_server-10] [INFO] [1790928004.971578643] [controller_server]: Passing new path to controller.
[INFO] [1790928005.956046130] [mapex_explorer]: Main /plan diagnostic: poses=166, endpoint=(2.18, -10.93), frontier=(2.18, -10.93), endpoint_to_frontier=0.000 m, limit=0.10 m -> usable
[controller_server-10] [INFO] [1790928005.971545947] [controller_server]: Passing new path to controller.
[INFO] [1790928007.038264219] [mapex_explorer]: Main /plan diagnostic: poses=154, endpoint=(2.18, -10.93), frontier=(2.18, -10.93), endpoint_to_frontier=0.000 m, limit=0.10 m -> usable
[controller_server-10] [INFO] [1790928007.038213638] [controller_server]: Passing new path to controller.
[INFO] [1790928008.033110021] [mapex_explorer]: Main /plan diagnostic: poses=142, endpoint=(2.18, -10.93), frontier=(2.18, -10.93), endpoint_to_frontier=0.000 m, limit=0.10 m -> usable
[controller_server-10] [INFO] [1790928008.038211501] [controller_server]: Passing new path to controller.
[INFO] [1790928009.061660800] [mapex_explorer]: Main /plan diagnostic: poses=134, endpoint=(2.18, -10.93), frontier=(2.18, -10.93), endpoint_to_frontier=0.000 m, limit=0.10 m -> usable
[controller_server-10] [INFO] [1790928009.104906398] [controller_server]: Passing new path to controller.
[INFO] [1790928010.072075167] [mapex_explorer]: Main /plan diagnostic: poses=125, endpoint=(2.18, -10.93), frontier=(2.18, -10.93), endpoint_to_frontier=0.000 m, limit=0.10 m -> usable
[controller_server-10] [INFO] [1790928010.104896466] [controller_server]: Passing new path to controller.
[rviz2-7] [INFO] [1790928010.900480131] [rviz2]: Trying to create a map of size 563 x 257 using 1 swatches
[controller_server-10] [INFO] [1790928011.009129431] [local_costmap.local_costmap]: StaticLayer: Resizing static layer to 563 X 257 at 0.100000 m/pix
[INFO] [1790928011.134235945] [mapex_explorer]: Main /plan diagnostic: poses=116, endpoint=(2.18, -10.93), frontier=(2.18, -10.93), endpoint_to_frontier=0.000 m, limit=0.10 m -> usable
[controller_server-10] [INFO] [1790928011.171587256] [controller_server]: Passing new path to controller.
[planner_server-12] [INFO] [1790928011.675235768] [global_costmap.global_costmap]: StaticLayer: Resizing costmap to 563 X 257 at 0.100000 m/pix
[INFO] [1790928012.138918555] [mapex_explorer]: Main /plan diagnostic: poses=107, endpoint=(2.18, -10.93), frontier=(2.18, -10.93), endpoint_to_frontier=0.000 m, limit=0.10 m -> usable
[controller_server-10] [INFO] [1790928012.171626893] [controller_server]: Passing new path to controller.
[INFO] [1790928013.159102302] [mapex_explorer]: Main /plan diagnostic: poses=97, endpoint=(2.18, -10.93), frontier=(2.18, -10.93), endpoint_to_frontier=0.000 m, limit=0.10 m -> usable
[controller_server-10] [INFO] [1790928013.171545120] [controller_server]: Passing new path to controller.
[INFO] [1790928014.192267330] [mapex_explorer]: Main /plan diagnostic: poses=84, endpoint=(2.18, -10.93), frontier=(2.18, -10.93), endpoint_to_frontier=0.000 m, limit=0.10 m -> usable
[controller_server-10] [INFO] [1790928014.238218156] [controller_server]: Passing new path to controller.
[INFO] [1790928015.232471016] [mapex_explorer]: Main /plan diagnostic: poses=78, endpoint=(2.18, -10.93), frontier=(2.18, -10.93), endpoint_to_frontier=0.000 m, limit=0.10 m -> usable
[controller_server-10] [INFO] [1790928015.238210025] [controller_server]: Passing new path to controller.
[INFO] [1790928016.233020364] [mapex_explorer]: Main /plan diagnostic: poses=66, endpoint=(2.18, -10.93), frontier=(2.18, -10.93), endpoint_to_frontier=0.000 m, limit=0.10 m -> usable
[controller_server-10] [INFO] [1790928016.304894408] [controller_server]: Passing new path to controller.
[INFO] [1790928017.275948158] [mapex_explorer]: Main /plan diagnostic: poses=84, endpoint=(2.18, -10.93), frontier=(2.18, -10.93), endpoint_to_frontier=0.000 m, limit=0.10 m -> usable
[controller_server-10] [INFO] [1790928017.304878002] [controller_server]: Passing new path to controller.
[INFO] [1790928018.297016000] [mapex_explorer]: Main /plan diagnostic: poses=51, endpoint=(2.18, -10.93), frontier=(2.18, -10.93), endpoint_to_frontier=0.000 m, limit=0.10 m -> usable
[controller_server-10] [INFO] [1790928018.304879844] [controller_server]: Passing new path to controller.
[INFO] [1790928019.320874293] [mapex_explorer]: Main /plan diagnostic: poses=53, endpoint=(2.18, -10.93), frontier=(2.18, -10.93), endpoint_to_frontier=0.000 m, limit=0.10 m -> usable
[controller_server-10] [INFO] [1790928019.371560978] [controller_server]: Passing new path to controller.
[INFO] [1790928020.335614705] [mapex_explorer]: Main /plan diagnostic: poses=40, endpoint=(2.18, -10.93), frontier=(2.18, -10.93), endpoint_to_frontier=0.000 m, limit=0.10 m -> usable
[controller_server-10] [INFO] [1790928020.371547643] [controller_server]: Passing new path to controller.
[INFO] [1790928021.361618207] [mapex_explorer]: Main /plan diagnostic: poses=29, endpoint=(2.18, -10.93), frontier=(2.18, -10.93), endpoint_to_frontier=0.000 m, limit=0.10 m -> usable
[controller_server-10] [INFO] [1790928021.438230114] [controller_server]: Passing new path to controller.
[INFO] [1790928022.393531261] [mapex_explorer]: Main /plan diagnostic: poses=19, endpoint=(2.18, -10.93), frontier=(2.18, -10.93), endpoint_to_frontier=0.000 m, limit=0.10 m -> usable
[controller_server-10] [INFO] [1790928022.438212419] [controller_server]: Passing new path to controller.
[INFO] [1790928023.402286337] [mapex_explorer]: Main /plan diagnostic: poses=12, endpoint=(2.18, -10.93), frontier=(2.18, -10.93), endpoint_to_frontier=0.000 m, limit=0.10 m -> usable
[controller_server-10] [INFO] [1790928023.438219858] [controller_server]: Passing new path to controller.
[controller_server-10] [INFO] [1790928024.438239465] [controller_server]: Passing new path to controller.
[controller_server-10] [INFO] [1790928024.439699685] [controller_server]: Reached the goal!
[controller_server-10] [INFO] [1790928024.439912686] [controller_server]: Optimizer reset
[bt_navigator-15] [INFO] [1790928024.477097974] [bt_navigator]: Goal succeeded
[INFO] [1790928024.501964602] [mapex_explorer]: Main /plan diagnostic: poses=8, endpoint=(2.18, -10.93), frontier=(2.18, -10.93), endpoint_to_frontier=0.000 m, limit=0.10 m -> usable
[INFO] [1790928024.519917464] [mapex_explorer]: Goal reached
[INFO] [1790928031.418267341] [mapex_explorer]: MapEx decision 31: selected x=6.39, y=-10.71, IG=7.317221, distance=4.49 m, score=1.631250, region=40, candidates=14, near_fallback=False, compute=6.34 s
[bt_navigator-15] [INFO] [1790928031.419166663] [bt_navigator]: Begin navigating from current location (1.91, -10.72) to (6.39, -10.71)
[controller_server-10] [INFO] [1790928031.439707126] [controller_server]: Received a goal, begin computing control effort.
[INFO] [1790928031.568172069] [mapex_explorer]: Main goal accepted
[INFO] [1790928031.709668005] [mapex_explorer]: Main /plan diagnostic: poses=236, endpoint=(6.39, -10.71), frontier=(6.39, -10.71), endpoint_to_frontier=0.000 m, limit=0.10 m -> usable
[INFO] [1790928032.460367479] [mapex_explorer]: Main /plan diagnostic: poses=230, endpoint=(6.39, -10.71), frontier=(6.39, -10.71), endpoint_to_frontier=0.000 m, limit=0.10 m -> usable
[controller_server-10] [INFO] [1790928032.506503614] [controller_server]: Passing new path to controller.
[INFO] [1790928033.497591181] [mapex_explorer]: Main /plan diagnostic: poses=224, endpoint=(6.39, -10.71), frontier=(6.39, -10.71), endpoint_to_frontier=0.000 m, limit=0.10 m -> usable
[controller_server-10] [INFO] [1790928033.506502706] [controller_server]: Passing new path to controller.
[INFO] [1790928034.557211748] [mapex_explorer]: Main /plan diagnostic: poses=217, endpoint=(6.39, -10.71), frontier=(6.39, -10.71), endpoint_to_frontier=0.000 m, limit=0.10 m -> usable
[controller_server-10] [INFO] [1790928034.573166839] [controller_server]: Passing new path to controller.
[INFO] [1790928035.535643823] [mapex_explorer]: Main /plan diagnostic: poses=210, endpoint=(6.39, -10.71), frontier=(6.39, -10.71), endpoint_to_frontier=0.000 m, limit=0.10 m -> usable
[controller_server-10] [INFO] [1790928035.573194832] [controller_server]: Passing new path to controller.
[controller_server-10] [INFO] [1790928036.573188117] [controller_server]: Passing new path to controller.
[INFO] [1790928036.680272908] [mapex_explorer]: Main /plan diagnostic: poses=207, endpoint=(6.39, -10.71), frontier=(6.39, -10.71), endpoint_to_frontier=0.000 m, limit=0.10 m -> usable
[INFO] [1790928037.610863550] [mapex_explorer]: Main /plan diagnostic: poses=201, endpoint=(6.39, -10.71), frontier=(6.39, -10.71), endpoint_to_frontier=0.000 m, limit=0.10 m -> usable
[controller_server-10] [INFO] [1790928037.639839756] [controller_server]: Passing new path to controller.
[INFO] [1790928038.615478155] [mapex_explorer]: Main /plan diagnostic: poses=199, endpoint=(6.39, -10.71), frontier=(6.39, -10.71), endpoint_to_frontier=0.000 m, limit=0.10 m -> usable
[controller_server-10] [INFO] [1790928038.639840618] [controller_server]: Passing new path to controller.
[INFO] [1790928039.654138087] [mapex_explorer]: Main /plan diagnostic: poses=197, endpoint=(6.39, -10.71), frontier=(6.39, -10.71), endpoint_to_frontier=0.000 m, limit=0.10 m -> usable
[controller_server-10] [INFO] [1790928039.706499532] [controller_server]: Passing new path to controller.
[INFO] [1790928040.679372416] [mapex_explorer]: Main /plan diagnostic: poses=186, endpoint=(6.39, -10.71), frontier=(6.39, -10.71), endpoint_to_frontier=0.000 m, limit=0.10 m -> usable
[controller_server-10] [INFO] [1790928040.706496511] [controller_server]: Passing new path to controller.
[INFO] [1790928041.767065820] [mapex_explorer]: Main /plan diagnostic: poses=175, endpoint=(6.39, -10.71), frontier=(6.39, -10.71), endpoint_to_frontier=0.000 m, limit=0.10 m -> usable
[controller_server-10] [INFO] [1790928041.773192534] [controller_server]: Passing new path to controller.
[INFO] [1790928042.719245144] [mapex_explorer]: Main /plan diagnostic: poses=163, endpoint=(6.39, -10.71), frontier=(6.39, -10.71), endpoint_to_frontier=0.000 m, limit=0.10 m -> usable
[controller_server-10] [INFO] [1790928042.773165572] [controller_server]: Passing new path to controller.
[async_slam_toolbox_node-9] W20261002 15:00:43.617796  4595 preprocessor.cc:67] Specified options.num_threads: 50 exceeds maximum available from the threading model Ceres was compiled with: 16.  Bounding to maximum number available.
[async_slam_toolbox_node-9] [INFO] [1790928043.637090562] [slam_toolbox]: Adaptive anchor summary: latest_node=2437, local_edges=2510, loop_history=0, avg_effective_weight=1.118, release_regions=0
[controller_server-10] [INFO] [1790928043.773189553] [controller_server]: Passing new path to controller.
[INFO] [1790928043.776806768] [mapex_explorer]: Main /plan diagnostic: poses=152, endpoint=(6.39, -10.71), frontier=(6.39, -10.71), endpoint_to_frontier=0.000 m, limit=0.10 m -> usable
[controller_server-10] [INFO] [1790928044.009085782] [local_costmap.local_costmap]: StaticLayer: Resizing static layer to 563 X 257 at 0.100000 m/pix
[planner_server-12] [INFO] [1790928044.675251074] [global_costmap.global_costmap]: StaticLayer: Resizing costmap to 563 X 257 at 0.100000 m/pix
[INFO] [1790928044.773029271] [mapex_explorer]: Main /plan diagnostic: poses=144, endpoint=(6.39, -10.71), frontier=(6.39, -10.71), endpoint_to_frontier=0.000 m, limit=0.10 m -> usable
[controller_server-10] [INFO] [1790928044.839838379] [controller_server]: Passing new path to controller.
[INFO] [1790928045.788579158] [mapex_explorer]: Main /plan diagnostic: poses=134, endpoint=(6.39, -10.71), frontier=(6.39, -10.71), endpoint_to_frontier=0.000 m, limit=0.10 m -> usable
[controller_server-10] [INFO] [1790928045.839829912] [controller_server]: Passing new path to controller.
[INFO] [1790928046.814297962] [mapex_explorer]: Main /plan diagnostic: poses=124, endpoint=(6.39, -10.71), frontier=(6.39, -10.71), endpoint_to_frontier=0.000 m, limit=0.10 m -> usable
[controller_server-10] [INFO] [1790928046.839832968] [controller_server]: Passing new path to controller.
[INFO] [1790928047.835874904] [mapex_explorer]: Main /plan diagnostic: poses=114, endpoint=(6.39, -10.71), frontier=(6.39, -10.71), endpoint_to_frontier=0.000 m, limit=0.10 m -> usable
[controller_server-10] [INFO] [1790928047.906503772] [controller_server]: Passing new path to controller.
[INFO] [1790928048.868700154] [mapex_explorer]: Main /plan diagnostic: poses=105, endpoint=(6.39, -10.71), frontier=(6.39, -10.71), endpoint_to_frontier=0.000 m, limit=0.10 m -> usable
[controller_server-10] [INFO] [1790928048.906534972] [controller_server]: Passing new path to controller.
[INFO] [1790928049.893389083] [mapex_explorer]: Main /plan diagnostic: poses=94, endpoint=(6.39, -10.71), frontier=(6.39, -10.71), endpoint_to_frontier=0.000 m, limit=0.10 m -> usable
[controller_server-10] [INFO] [1790928049.906527517] [controller_server]: Passing new path to controller.
[INFO] [1790928050.964659671] [mapex_explorer]: Main /plan diagnostic: poses=81, endpoint=(6.39, -10.71), frontier=(6.39, -10.71), endpoint_to_frontier=0.000 m, limit=0.10 m -> usable
[controller_server-10] [INFO] [1790928050.973166039] [controller_server]: Passing new path to controller.
[INFO] [1790928051.939929730] [mapex_explorer]: Main /plan diagnostic: poses=72, endpoint=(6.39, -10.71), frontier=(6.39, -10.71), endpoint_to_frontier=0.000 m, limit=0.10 m -> usable
[controller_server-10] [INFO] [1790928051.973191268] [controller_server]: Passing new path to controller.
[INFO] [1790928052.957599621] [mapex_explorer]: Main /plan diagnostic: poses=62, endpoint=(6.39, -10.71), frontier=(6.39, -10.71), endpoint_to_frontier=0.000 m, limit=0.10 m -> usable
[controller_server-10] [INFO] [1790928052.973173163] [controller_server]: Passing new path to controller.
[INFO] [1790928053.987464792] [mapex_explorer]: Main /plan diagnostic: poses=54, endpoint=(6.39, -10.71), frontier=(6.39, -10.71), endpoint_to_frontier=0.000 m, limit=0.10 m -> usable
[controller_server-10] [INFO] [1790928054.039838599] [controller_server]: Passing new path to controller.
[controller_server-10] [INFO] [1790928055.039830620] [controller_server]: Passing new path to controller.
[INFO] [1790928055.086025069] [mapex_explorer]: Main /plan diagnostic: poses=43, endpoint=(6.39, -10.71), frontier=(6.39, -10.71), endpoint_to_frontier=0.000 m, limit=0.10 m -> usable
[INFO] [1790928056.050211779] [mapex_explorer]: Main /plan diagnostic: poses=33, endpoint=(6.39, -10.71), frontier=(6.39, -10.71), endpoint_to_frontier=0.000 m, limit=0.10 m -> usable
[controller_server-10] [INFO] [1790928056.106525085] [controller_server]: Passing new path to controller.
[INFO] [1790928057.073075579] [mapex_explorer]: Main /plan diagnostic: poses=22, endpoint=(6.39, -10.71), frontier=(6.39, -10.71), endpoint_to_frontier=0.000 m, limit=0.10 m -> usable
[controller_server-10] [INFO] [1790928057.106536703] [controller_server]: Passing new path to controller.
[INFO] [1790928058.096540119] [mapex_explorer]: Main /plan diagnostic: poses=14, endpoint=(6.39, -10.71), frontier=(6.39, -10.71), endpoint_to_frontier=0.000 m, limit=0.10 m -> usable
[controller_server-10] [INFO] [1790928058.173169122] [controller_server]: Passing new path to controller.
[INFO] [1790928059.111755232] [mapex_explorer]: Main /plan diagnostic: poses=10, endpoint=(6.39, -10.71), frontier=(6.39, -10.71), endpoint_to_frontier=0.000 m, limit=0.10 m -> usable
[controller_server-10] [INFO] [1790928059.173191736] [controller_server]: Passing new path to controller.
[controller_server-10] [INFO] [1790928059.510697344] [controller_server]: Reached the goal!
[controller_server-10] [INFO] [1790928059.511042412] [controller_server]: Optimizer reset
[bt_navigator-15] [INFO] [1790928059.539574865] [bt_navigator]: Goal succeeded
[INFO] [1790928059.546448728] [mapex_explorer]: Goal reached
[INFO] [1790928066.191075602] [mapex_explorer]: MapEx decision 32: selected x=19.69, y=-11.51, IG=11.305901, distance=13.10 m, score=0.863012, region=23, candidates=13, near_fallback=False, compute=6.12 s
[bt_navigator-15] [INFO] [1790928066.191814250] [bt_navigator]: Begin navigating from current location (6.63, -10.46) to (19.69, -11.51)
[planner_server-12] [WARN] [1790928066.202224206] [planner_server]: GridBased plugin failed to plan from (6.63, -10.46) to (19.69, -11.51): "Failed to create plan with tolerance of: 0.000000"
[planner_server-12] [WARN] [1790928066.202290635] [planner_server]: [compute_path_to_pose] [ActionServer] Aborting handle.
[behavior_server-14] [INFO] [1790928066.222339288] [behavior_server]: Running wait
[INFO] [1790928066.392842205] [mapex_explorer]: Main goal accepted
[behavior_server-14] [INFO] [1790928066.522493398] [behavior_server]: wait completed successfully
[planner_server-12] [WARN] [1790928066.548226113] [planner_server]: GridBased plugin failed to plan from (6.63, -10.46) to (19.69, -11.51): "Failed to create plan with tolerance of: 0.000000"
[planner_server-12] [WARN] [1790928066.548283940] [planner_server]: [compute_path_to_pose] [ActionServer] Aborting handle.
[bt_navigator-15] [WARN] [1790928066.571951708] [bt_navigator]: [navigate_to_pose] [ActionServer] Aborting handle.
[bt_navigator-15] [ERROR] [1790928066.572067016] [bt_navigator]: Goal failed
[WARN] [1790928066.579461436] [mapex_explorer]: Main goal failed (status=6, error_code=208)
[WARN] [1790928066.580081458] [mapex_explorer]: Main frontier abandoned after NO_VALID_PATH (208): x=19.69, y=-11.51; candidates within 0.10 m are skipped during normal selection but will be checked again by terminal planner revalidation.
[INFO] [1790928072.890493761] [mapex_explorer]: MapEx decision 33: selected x=9.29, y=7.89, IG=15.338809, distance=18.55 m, score=0.827050, region=22, candidates=12, near_fallback=False, compute=5.82 s
[bt_navigator-15] [INFO] [1790928072.891404172] [bt_navigator]: Begin navigating from current location (6.63, -10.46) to (9.29, 7.89)
[controller_server-10] [INFO] [1790928072.912180788] [controller_server]: Received a goal, begin computing control effort.
[INFO] [1790928073.086063771] [mapex_explorer]: Main goal accepted
[INFO] [1790928073.129256166] [mapex_explorer]: Main /plan diagnostic: poses=768, endpoint=(9.29, 7.89), frontier=(9.29, 7.89), endpoint_to_frontier=0.000 m, limit=0.10 m -> usable
[INFO] [1790928073.973198223] [mapex_explorer]: Main /plan diagnostic: poses=764, endpoint=(9.29, 7.89), frontier=(9.29, 7.89), endpoint_to_frontier=0.000 m, limit=0.10 m -> usable
[controller_server-10] [INFO] [1790928073.978992869] [controller_server]: Passing new path to controller.
[controller_server-10] [INFO] [1790928074.979014904] [controller_server]: Passing new path to controller.
[INFO] [1790928075.020545008] [mapex_explorer]: Main /plan diagnostic: poses=757, endpoint=(9.29, 7.89), frontier=(9.29, 7.89), endpoint_to_frontier=0.000 m, limit=0.10 m -> usable
[controller_server-10] [INFO] [1790928076.045640709] [controller_server]: Passing new path to controller.
[INFO] [1790928076.105624766] [mapex_explorer]: Main /plan diagnostic: poses=749, endpoint=(9.29, 7.89), frontier=(9.29, 7.89), endpoint_to_frontier=0.000 m, limit=0.10 m -> usable
[controller_server-10] [INFO] [1790928077.045645031] [controller_server]: Passing new path to controller.
[INFO] [1790928077.091041886] [mapex_explorer]: Main /plan diagnostic: poses=741, endpoint=(9.29, 7.89), frontier=(9.29, 7.89), endpoint_to_frontier=0.000 m, limit=0.10 m -> usable
[INFO] [1790928078.076143757] [mapex_explorer]: Main /plan diagnostic: poses=734, endpoint=(9.29, 7.89), frontier=(9.29, 7.89), endpoint_to_frontier=0.000 m, limit=0.10 m -> usable
[controller_server-10] [INFO] [1790928078.112308845] [controller_server]: Passing new path to controller.
[controller_server-10] [INFO] [1790928079.112310905] [controller_server]: Passing new path to controller.
[INFO] [1790928079.162854767] [mapex_explorer]: Main /plan diagnostic: poses=727, endpoint=(9.29, 7.89), frontier=(9.29, 7.89), endpoint_to_frontier=0.000 m, limit=0.10 m -> usable
[INFO] [1790928080.145791159] [mapex_explorer]: Main /plan diagnostic: poses=721, endpoint=(9.29, 7.89), frontier=(9.29, 7.89), endpoint_to_frontier=0.000 m, limit=0.10 m -> usable
[controller_server-10] [INFO] [1790928080.178999232] [controller_server]: Passing new path to controller.
[INFO] [1790928081.171151093] [mapex_explorer]: Main /plan diagnostic: poses=712, endpoint=(9.29, 7.89), frontier=(9.29, 7.89), endpoint_to_frontier=0.000 m, limit=0.10 m -> usable
[controller_server-10] [INFO] [1790928081.179001242] [controller_server]: Passing new path to controller.
[controller_server-10] [INFO] [1790928082.245645117] [controller_server]: Passing new path to controller.
[INFO] [1790928082.266882771] [mapex_explorer]: Main /plan diagnostic: poses=707, endpoint=(9.29, 7.89), frontier=(9.29, 7.89), endpoint_to_frontier=0.000 m, limit=0.10 m -> usable
[INFO] [1790928083.237677334] [mapex_explorer]: Main /plan diagnostic: poses=699, endpoint=(9.29, 7.89), frontier=(9.29, 7.89), endpoint_to_frontier=0.000 m, limit=0.10 m -> usable
[controller_server-10] [INFO] [1790928083.245639602] [controller_server]: Passing new path to controller.
[controller_server-10] [INFO] [1790928084.245646122] [controller_server]: Passing new path to controller.
[INFO] [1790928084.326399383] [mapex_explorer]: Main /plan diagnostic: poses=690, endpoint=(9.29, 7.89), frontier=(9.29, 7.89), endpoint_to_frontier=0.000 m, limit=0.10 m -> usable
[INFO] [1790928085.287248803] [mapex_explorer]: Main /plan diagnostic: poses=684, endpoint=(9.29, 7.89), frontier=(9.29, 7.89), endpoint_to_frontier=0.000 m, limit=0.10 m -> usable
[controller_server-10] [INFO] [1790928085.312312902] [controller_server]: Passing new path to controller.
[controller_server-10] [INFO] [1790928086.312352316] [controller_server]: Passing new path to controller.
[INFO] [1790928086.329534368] [mapex_explorer]: Main /plan diagnostic: poses=676, endpoint=(9.29, 7.89), frontier=(9.29, 7.89), endpoint_to_frontier=0.000 m, limit=0.10 m -> usable
[INFO] [1790928087.341575816] [mapex_explorer]: Main /plan diagnostic: poses=672, endpoint=(9.29, 7.89), frontier=(9.29, 7.89), endpoint_to_frontier=0.000 m, limit=0.10 m -> usable
[controller_server-10] [INFO] [1790928087.378976581] [controller_server]: Passing new path to controller.
[controller_server-10] [INFO] [1790928088.378976719] [controller_server]: Passing new path to controller.
[INFO] [1790928088.405566544] [mapex_explorer]: Main /plan diagnostic: poses=664, endpoint=(9.29, 7.89), frontier=(9.29, 7.89), endpoint_to_frontier=0.000 m, limit=0.10 m -> usable
[controller_server-10] [INFO] [1790928089.445639698] [controller_server]: Passing new path to controller.
[INFO] [1790928089.487263829] [mapex_explorer]: Main /plan diagnostic: poses=657, endpoint=(9.29, 7.89), frontier=(9.29, 7.89), endpoint_to_frontier=0.000 m, limit=0.10 m -> usable
[controller_server-10] [INFO] [1790928090.445760136] [controller_server]: Passing new path to controller.
[INFO] [1790928090.471691613] [mapex_explorer]: Main /plan diagnostic: poses=649, endpoint=(9.29, 7.89), frontier=(9.29, 7.89), endpoint_to_frontier=0.000 m, limit=0.10 m -> usable
[INFO] [1790928091.486096040] [mapex_explorer]: Main /plan diagnostic: poses=642, endpoint=(9.29, 7.89), frontier=(9.29, 7.89), endpoint_to_frontier=0.000 m, limit=0.10 m -> usable
[controller_server-10] [INFO] [1790928091.512334743] [controller_server]: Passing new path to controller.
[controller_server-10] [INFO] [1790928092.512309643] [controller_server]: Passing new path to controller.
[INFO] [1790928092.571720581] [mapex_explorer]: Main /plan diagnostic: poses=635, endpoint=(9.29, 7.89), frontier=(9.29, 7.89), endpoint_to_frontier=0.000 m, limit=0.10 m -> usable
[controller_server-10] [INFO] [1790928093.512330408] [controller_server]: Passing new path to controller.
[INFO] [1790928093.630891150] [mapex_explorer]: Main /plan diagnostic: poses=628, endpoint=(9.29, 7.89), frontier=(9.29, 7.89), endpoint_to_frontier=0.000 m, limit=0.10 m -> usable
[INFO] [1790928094.566803170] [mapex_explorer]: Main /plan diagnostic: poses=620, endpoint=(9.29, 7.89), frontier=(9.29, 7.89), endpoint_to_frontier=0.000 m, limit=0.10 m -> usable
[controller_server-10] [INFO] [1790928094.579016106] [controller_server]: Passing new path to controller.
[controller_server-10] [INFO] [1790928095.578982617] [controller_server]: Passing new path to controller.
[INFO] [1790928095.606501641] [mapex_explorer]: Main /plan diagnostic: poses=614, endpoint=(9.29, 7.89), frontier=(9.29, 7.89), endpoint_to_frontier=0.000 m, limit=0.10 m -> usable
[INFO] [1790928096.615305008] [mapex_explorer]: Main /plan diagnostic: poses=608, endpoint=(9.29, 7.89), frontier=(9.29, 7.89), endpoint_to_frontier=0.000 m, limit=0.10 m -> usable
[controller_server-10] [INFO] [1790928096.645669082] [controller_server]: Passing new path to controller.
[INFO] [1790928097.638786752] [mapex_explorer]: Main /plan diagnostic: poses=600, endpoint=(9.29, 7.89), frontier=(9.29, 7.89), endpoint_to_frontier=0.000 m, limit=0.10 m -> usable
[controller_server-10] [INFO] [1790928097.645641237] [controller_server]: Passing new path to controller.
[INFO] [1790928098.664094954] [mapex_explorer]: Main /plan diagnostic: poses=593, endpoint=(9.29, 7.89), frontier=(9.29, 7.89), endpoint_to_frontier=0.000 m, limit=0.10 m -> usable
[controller_server-10] [INFO] [1790928098.712329247] [controller_server]: Passing new path to controller.
[controller_server-10] [INFO] [1790928099.712324439] [controller_server]: Passing new path to controller.
[INFO] [1790928099.735830712] [mapex_explorer]: Main /plan diagnostic: poses=585, endpoint=(9.29, 7.89), frontier=(9.29, 7.89), endpoint_to_frontier=0.000 m, limit=0.10 m -> usable
[controller_server-10] [INFO] [1790928100.712304411] [controller_server]: Passing new path to controller.
[INFO] [1790928100.720519598] [mapex_explorer]: Main /plan diagnostic: poses=580, endpoint=(9.29, 7.89), frontier=(9.29, 7.89), endpoint_to_frontier=0.000 m, limit=0.10 m -> usable
[INFO] [1790928101.779198778] [mapex_explorer]: Main /plan diagnostic: poses=572, endpoint=(9.29, 7.89), frontier=(9.29, 7.89), endpoint_to_frontier=0.000 m, limit=0.10 m -> usable
[controller_server-10] [INFO] [1790928101.778982111] [controller_server]: Passing new path to controller.
[INFO] [1790928102.768176172] [mapex_explorer]: Main /plan diagnostic: poses=565, endpoint=(9.29, 7.89), frontier=(9.29, 7.89), endpoint_to_frontier=0.000 m, limit=0.10 m -> usable
[controller_server-10] [INFO] [1790928102.779002743] [controller_server]: Passing new path to controller.
[INFO] [1790928103.812664205] [mapex_explorer]: Main /plan diagnostic: poses=556, endpoint=(9.29, 7.89), frontier=(9.29, 7.89), endpoint_to_frontier=0.000 m, limit=0.10 m -> usable
[controller_server-10] [INFO] [1790928103.845639263] [controller_server]: Passing new path to controller.
[INFO] [1790928104.807556926] [mapex_explorer]: Main /plan diagnostic: poses=550, endpoint=(9.29, 7.89), frontier=(9.29, 7.89), endpoint_to_frontier=0.000 m, limit=0.10 m -> usable
[controller_server-10] [INFO] [1790928104.845651146] [controller_server]: Passing new path to controller.
[INFO] [1790928105.835087542] [mapex_explorer]: Main /plan diagnostic: poses=543, endpoint=(9.29, 7.89), frontier=(9.29, 7.89), endpoint_to_frontier=0.000 m, limit=0.10 m -> usable
[controller_server-10] [INFO] [1790928105.845641102] [controller_server]: Passing new path to controller.
[INFO] [1790928106.872527183] [mapex_explorer]: Main /plan diagnostic: poses=536, endpoint=(9.29, 7.89), frontier=(9.29, 7.89), endpoint_to_frontier=0.000 m, limit=0.10 m -> usable
[controller_server-10] [INFO] [1790928106.912310172] [controller_server]: Passing new path to controller.
[INFO] [1790928107.906310097] [mapex_explorer]: Main /plan diagnostic: poses=529, endpoint=(9.29, 7.89), frontier=(9.29, 7.89), endpoint_to_frontier=0.000 m, limit=0.10 m -> usable
[controller_server-10] [INFO] [1790928107.912334246] [controller_server]: Passing new path to controller.
[controller_server-10] [INFO] [1790928108.978975767] [controller_server]: Passing new path to controller.
[INFO] [1790928109.044865050] [mapex_explorer]: Main /plan diagnostic: poses=522, endpoint=(9.29, 7.89), frontier=(9.29, 7.89), endpoint_to_frontier=0.000 m, limit=0.10 m -> usable
[INFO] [1790928109.975818869] [mapex_explorer]: Main /plan diagnostic: poses=516, endpoint=(9.29, 7.89), frontier=(9.29, 7.89), endpoint_to_frontier=0.000 m, limit=0.10 m -> usable
[controller_server-10] [INFO] [1790928109.978973388] [controller_server]: Passing new path to controller.
[async_slam_toolbox_node-9] W20261002 15:01:50.033166  4595 preprocessor.cc:67] Specified options.num_threads: 50 exceeds maximum available from the threading model Ceres was compiled with: 16.  Bounding to maximum number available.
[async_slam_toolbox_node-9] [INFO] [1790928110.048081492] [slam_toolbox]: Adaptive anchor summary: latest_node=2606, local_edges=2686, loop_history=0, avg_effective_weight=1.111, release_regions=0
[async_slam_toolbox_node-9] W20261002 15:01:50.647349  4595 preprocessor.cc:67] Specified options.num_threads: 50 exceeds maximum available from the threading model Ceres was compiled with: 16.  Bounding to maximum number available.
[controller_server-10] [INFO] [1790928111.009016440] [local_costmap.local_costmap]: StaticLayer: Resizing static layer to 563 X 257 at 0.100000 m/pix
[INFO] [1790928111.020411762] [mapex_explorer]: Main /plan diagnostic: poses=508, endpoint=(9.29, 7.89), frontier=(9.29, 7.89), endpoint_to_frontier=0.000 m, limit=0.10 m -> usable
[controller_server-10] [INFO] [1790928111.045642993] [controller_server]: Passing new path to controller.
[planner_server-12] [INFO] [1790928111.675230017] [global_costmap.global_costmap]: StaticLayer: Resizing costmap to 563 X 257 at 0.100000 m/pix
[controller_server-10] [INFO] [1790928112.045642383] [controller_server]: Passing new path to controller.
[INFO] [1790928112.091510328] [mapex_explorer]: Main /plan diagnostic: poses=502, endpoint=(9.29, 7.89), frontier=(9.29, 7.89), endpoint_to_frontier=0.000 m, limit=0.10 m -> usable
[controller_server-10] [INFO] [1790928113.045654121] [controller_server]: Passing new path to controller.
[INFO] [1790928113.049748528] [mapex_explorer]: Main /plan diagnostic: poses=496, endpoint=(9.29, 7.89), frontier=(9.29, 7.89), endpoint_to_frontier=0.000 m, limit=0.10 m -> usable
[INFO] [1790928114.104700595] [mapex_explorer]: Main /plan diagnostic: poses=488, endpoint=(9.29, 7.89), frontier=(9.29, 7.89), endpoint_to_frontier=0.000 m, limit=0.10 m -> usable
[controller_server-10] [INFO] [1790928114.112310808] [controller_server]: Passing new path to controller.
[INFO] [1790928115.111973067] [mapex_explorer]: Main /plan diagnostic: poses=480, endpoint=(9.29, 7.89), frontier=(9.29, 7.89), endpoint_to_frontier=0.000 m, limit=0.10 m -> usable
[controller_server-10] [INFO] [1790928115.112308555] [controller_server]: Passing new path to controller.
[controller_server-10] [INFO] [1790928116.112372505] [controller_server]: Passing new path to controller.
[INFO] [1790928116.161684341] [mapex_explorer]: Main /plan diagnostic: poses=472, endpoint=(9.29, 7.89), frontier=(9.29, 7.89), endpoint_to_frontier=0.000 m, limit=0.10 m -> usable
[INFO] [1790928117.154390407] [mapex_explorer]: Main /plan diagnostic: poses=466, endpoint=(9.29, 7.89), frontier=(9.29, 7.89), endpoint_to_frontier=0.000 m, limit=0.10 m -> usable
[controller_server-10] [INFO] [1790928117.179009929] [controller_server]: Passing new path to controller.
[INFO] [1790928118.176221041] [mapex_explorer]: Main /plan diagnostic: poses=460, endpoint=(9.29, 7.89), frontier=(9.29, 7.89), endpoint_to_frontier=0.000 m, limit=0.10 m -> usable
[controller_server-10] [INFO] [1790928118.178974305] [controller_server]: Passing new path to controller.
[INFO] [1790928119.177398622] [mapex_explorer]: Main /plan diagnostic: poses=451, endpoint=(9.29, 7.89), frontier=(9.29, 7.89), endpoint_to_frontier=0.000 m, limit=0.10 m -> usable
[controller_server-10] [INFO] [1790928119.245651964] [controller_server]: Passing new path to controller.
[INFO] [1790928120.198371298] [mapex_explorer]: Main /plan diagnostic: poses=443, endpoint=(9.29, 7.89), frontier=(9.29, 7.89), endpoint_to_frontier=0.000 m, limit=0.10 m -> usable
[controller_server-10] [INFO] [1790928120.245665285] [controller_server]: Passing new path to controller.
[controller_server-10] [INFO] [1790928121.245644042] [controller_server]: Passing new path to controller.
[INFO] [1790928121.266562354] [mapex_explorer]: Main /plan diagnostic: poses=437, endpoint=(9.29, 7.89), frontier=(9.29, 7.89), endpoint_to_frontier=0.000 m, limit=0.10 m -> usable
[INFO] [1790928122.292736922] [mapex_explorer]: Main /plan diagnostic: poses=429, endpoint=(9.29, 7.89), frontier=(9.29, 7.89), endpoint_to_frontier=0.000 m, limit=0.10 m -> usable
[controller_server-10] [INFO] [1790928122.312320648] [controller_server]: Passing new path to controller.
[controller_server-10] [INFO] [1790928123.312305531] [controller_server]: Passing new path to controller.
[INFO] [1790928123.336777662] [mapex_explorer]: Main /plan diagnostic: poses=421, endpoint=(9.29, 7.89), frontier=(9.29, 7.89), endpoint_to_frontier=0.000 m, limit=0.10 m -> usable
[controller_server-10] [INFO] [1790928124.312317719] [controller_server]: Passing new path to controller.
[INFO] [1790928124.314389350] [mapex_explorer]: Main /plan diagnostic: poses=416, endpoint=(9.29, 7.89), frontier=(9.29, 7.89), endpoint_to_frontier=0.000 m, limit=0.10 m -> usable
[INFO] [1790928125.339325449] [mapex_explorer]: Main /plan diagnostic: poses=410, endpoint=(9.29, 7.89), frontier=(9.29, 7.89), endpoint_to_frontier=0.000 m, limit=0.10 m -> usable
[controller_server-10] [INFO] [1790928125.378975350] [controller_server]: Passing new path to controller.
[INFO] [1790928126.356079485] [mapex_explorer]: Main /plan diagnostic: poses=401, endpoint=(9.29, 7.89), frontier=(9.29, 7.89), endpoint_to_frontier=0.000 m, limit=0.10 m -> usable
[controller_server-10] [INFO] [1790928126.379003728] [controller_server]: Passing new path to controller.
[controller_server-10] [INFO] [1790928127.445645612] [controller_server]: Passing new path to controller.
[INFO] [1790928127.462557315] [mapex_explorer]: Main /plan diagnostic: poses=395, endpoint=(9.29, 7.89), frontier=(9.29, 7.89), endpoint_to_frontier=0.000 m, limit=0.10 m -> usable
[controller_server-10] [INFO] [1790928128.445639214] [controller_server]: Passing new path to controller.
[INFO] [1790928128.459980718] [mapex_explorer]: Main /plan diagnostic: poses=387, endpoint=(9.29, 7.89), frontier=(9.29, 7.89), endpoint_to_frontier=0.000 m, limit=0.10 m -> usable
[INFO] [1790928129.442051107] [mapex_explorer]: Main /plan diagnostic: poses=381, endpoint=(9.29, 7.89), frontier=(9.29, 7.89), endpoint_to_frontier=0.000 m, limit=0.10 m -> usable
[controller_server-10] [INFO] [1790928129.445666735] [controller_server]: Passing new path to controller.
[INFO] [1790928130.491202239] [mapex_explorer]: Main /plan diagnostic: poses=374, endpoint=(9.29, 7.89), frontier=(9.29, 7.89), endpoint_to_frontier=0.000 m, limit=0.10 m -> usable
[controller_server-10] [INFO] [1790928130.512371857] [controller_server]: Passing new path to controller.
[controller_server-10] [INFO] [1790928131.512324430] [controller_server]: Passing new path to controller.
[INFO] [1790928131.528714785] [mapex_explorer]: Main /plan diagnostic: poses=368, endpoint=(9.29, 7.89), frontier=(9.29, 7.89), endpoint_to_frontier=0.000 m, limit=0.10 m -> usable
[INFO] [1790928132.549503657] [mapex_explorer]: Main /plan diagnostic: poses=359, endpoint=(9.29, 7.89), frontier=(9.29, 7.89), endpoint_to_frontier=0.000 m, limit=0.10 m -> usable
[controller_server-10] [INFO] [1790928132.578997072] [controller_server]: Passing new path to controller.
[controller_server-10] [INFO] [1790928133.578942198] [controller_server]: Passing new path to controller.
[INFO] [1790928133.580093754] [mapex_explorer]: Main /plan diagnostic: poses=353, endpoint=(9.29, 7.89), frontier=(9.29, 7.89), endpoint_to_frontier=0.000 m, limit=0.10 m -> usable
[controller_server-10] [INFO] [1790928134.578979618] [controller_server]: Passing new path to controller.
[INFO] [1790928134.642451576] [mapex_explorer]: Main /plan diagnostic: poses=346, endpoint=(9.29, 7.89), frontier=(9.29, 7.89), endpoint_to_frontier=0.000 m, limit=0.10 m -> usable
[INFO] [1790928135.608268345] [mapex_explorer]: Main /plan diagnostic: poses=338, endpoint=(9.29, 7.89), frontier=(9.29, 7.89), endpoint_to_frontier=0.000 m, limit=0.10 m -> usable
[controller_server-10] [INFO] [1790928135.645661030] [controller_server]: Passing new path to controller.
[INFO] [1790928136.636016889] [mapex_explorer]: Main /plan diagnostic: poses=332, endpoint=(9.29, 7.89), frontier=(9.29, 7.89), endpoint_to_frontier=0.000 m, limit=0.10 m -> usable
[controller_server-10] [INFO] [1790928136.645721219] [controller_server]: Passing new path to controller.
[INFO] [1790928137.677219991] [mapex_explorer]: Main /plan diagnostic: poses=324, endpoint=(9.29, 7.89), frontier=(9.29, 7.89), endpoint_to_frontier=0.000 m, limit=0.10 m -> usable
[controller_server-10] [INFO] [1790928137.712334911] [controller_server]: Passing new path to controller.
[controller_server-10] [INFO] [1790928138.712334150] [controller_server]: Passing new path to controller.
[INFO] [1790928138.718837015] [mapex_explorer]: Main /plan diagnostic: poses=317, endpoint=(9.29, 7.89), frontier=(9.29, 7.89), endpoint_to_frontier=0.000 m, limit=0.10 m -> usable
[controller_server-10] [INFO] [1790928139.712304224] [controller_server]: Passing new path to controller.
[INFO] [1790928139.717910033] [mapex_explorer]: Main /plan diagnostic: poses=311, endpoint=(9.29, 7.89), frontier=(9.29, 7.89), endpoint_to_frontier=0.000 m, limit=0.10 m -> usable
[INFO] [1790928140.733905605] [mapex_explorer]: Main /plan diagnostic: poses=303, endpoint=(9.29, 7.89), frontier=(9.29, 7.89), endpoint_to_frontier=0.000 m, limit=0.10 m -> usable
[controller_server-10] [INFO] [1790928140.778972925] [controller_server]: Passing new path to controller.
[INFO] [1790928141.763086039] [mapex_explorer]: Main /plan diagnostic: poses=296, endpoint=(9.29, 7.89), frontier=(9.29, 7.89), endpoint_to_frontier=0.000 m, limit=0.10 m -> usable
[controller_server-10] [INFO] [1790928141.778976131] [controller_server]: Passing new path to controller.
[INFO] [1790928142.824572227] [mapex_explorer]: Main /plan diagnostic: poses=289, endpoint=(9.29, 7.89), frontier=(9.29, 7.89), endpoint_to_frontier=0.000 m, limit=0.10 m -> usable
[controller_server-10] [INFO] [1790928142.845646896] [controller_server]: Passing new path to controller.
[INFO] [1790928143.819917073] [mapex_explorer]: Main /plan diagnostic: poses=280, endpoint=(9.29, 7.89), frontier=(9.29, 7.89), endpoint_to_frontier=0.000 m, limit=0.10 m -> usable
[controller_server-10] [INFO] [1790928143.845638233] [controller_server]: Passing new path to controller.
[controller_server-10] [INFO] [1790928144.912305763] [controller_server]: Passing new path to controller.
[INFO] [1790928144.940814580] [mapex_explorer]: Main /plan diagnostic: poses=273, endpoint=(9.29, 7.89), frontier=(9.29, 7.89), endpoint_to_frontier=0.000 m, limit=0.10 m -> usable
[INFO] [1790928145.877741566] [mapex_explorer]: Main /plan diagnostic: poses=268, endpoint=(9.29, 7.89), frontier=(9.29, 7.89), endpoint_to_frontier=0.000 m, limit=0.10 m -> usable
[controller_server-10] [INFO] [1790928145.912323445] [controller_server]: Passing new path to controller.
[INFO] [1790928146.899843446] [mapex_explorer]: Main /plan diagnostic: poses=268, endpoint=(9.29, 7.89), frontier=(9.29, 7.89), endpoint_to_frontier=0.000 m, limit=0.10 m -> usable
[controller_server-10] [INFO] [1790928146.912310665] [controller_server]: Passing new path to controller.
[INFO] [1790928147.944713935] [mapex_explorer]: Main /plan diagnostic: poses=266, endpoint=(9.29, 7.89), frontier=(9.29, 7.89), endpoint_to_frontier=0.000 m, limit=0.10 m -> usable
[controller_server-10] [INFO] [1790928147.978947962] [controller_server]: Passing new path to controller.
[INFO] [1790928148.961582132] [mapex_explorer]: Main /plan diagnostic: poses=261, endpoint=(9.29, 7.89), frontier=(9.29, 7.89), endpoint_to_frontier=0.000 m, limit=0.10 m -> usable
[controller_server-10] [INFO] [1790928148.978988119] [controller_server]: Passing new path to controller.
[INFO] [1790928150.027072714] [mapex_explorer]: Main /plan diagnostic: poses=250, endpoint=(9.29, 7.89), frontier=(9.29, 7.89), endpoint_to_frontier=0.000 m, limit=0.10 m -> usable
[controller_server-10] [INFO] [1790928150.045641276] [controller_server]: Passing new path to controller.
[INFO] [1790928151.021103035] [mapex_explorer]: Main /plan diagnostic: poses=239, endpoint=(9.29, 7.89), frontier=(9.29, 7.89), endpoint_to_frontier=0.000 m, limit=0.10 m -> usable
[controller_server-10] [INFO] [1790928151.045642039] [controller_server]: Passing new path to controller.
[INFO] [1790928152.070276716] [mapex_explorer]: Main /plan diagnostic: poses=231, endpoint=(9.29, 7.89), frontier=(9.29, 7.89), endpoint_to_frontier=0.000 m, limit=0.10 m -> usable
[controller_server-10] [INFO] [1790928152.112327813] [controller_server]: Passing new path to controller.
[async_slam_toolbox_node-9] W20261002 15:02:32.352973  4595 preprocessor.cc:67] Specified options.num_threads: 50 exceeds maximum available from the threading model Ceres was compiled with: 16.  Bounding to maximum number available.
[async_slam_toolbox_node-9] [INFO] [1790928152.366455958] [slam_toolbox]: Adaptive anchor summary: latest_node=2739, local_edges=2819, loop_history=1, avg_effective_weight=1.105, release_regions=0
[controller_server-10] [INFO] [1790928153.009040295] [local_costmap.local_costmap]: StaticLayer: Resizing static layer to 563 X 257 at 0.100000 m/pix
[controller_server-10] [INFO] [1790928153.112310026] [controller_server]: Passing new path to controller.
[INFO] [1790928153.113840651] [mapex_explorer]: Main /plan diagnostic: poses=222, endpoint=(9.29, 7.89), frontier=(9.29, 7.89), endpoint_to_frontier=0.000 m, limit=0.10 m -> usable
[planner_server-12] [INFO] [1790928153.675233591] [global_costmap.global_costmap]: StaticLayer: Resizing costmap to 563 X 257 at 0.100000 m/pix
[INFO] [1790928154.109666573] [mapex_explorer]: Main /plan diagnostic: poses=212, endpoint=(9.29, 7.89), frontier=(9.29, 7.89), endpoint_to_frontier=0.000 m, limit=0.10 m -> usable
[controller_server-10] [INFO] [1790928154.112323041] [controller_server]: Passing new path to controller.
[controller_server-10] [INFO] [1790928155.179005251] [controller_server]: Passing new path to controller.
[INFO] [1790928155.191488896] [mapex_explorer]: Main /plan diagnostic: poses=201, endpoint=(9.29, 7.89), frontier=(9.29, 7.89), endpoint_to_frontier=0.000 m, limit=0.10 m -> usable
[INFO] [1790928156.169737321] [mapex_explorer]: Main /plan diagnostic: poses=191, endpoint=(9.29, 7.89), frontier=(9.29, 7.89), endpoint_to_frontier=0.000 m, limit=0.10 m -> usable
[controller_server-10] [INFO] [1790928156.178981794] [controller_server]: Passing new path to controller.
[INFO] [1790928157.198985562] [mapex_explorer]: Main /plan diagnostic: poses=182, endpoint=(9.29, 7.89), frontier=(9.29, 7.89), endpoint_to_frontier=0.000 m, limit=0.10 m -> usable
[controller_server-10] [INFO] [1790928157.245647091] [controller_server]: Passing new path to controller.
[controller_server-10] [INFO] [1790928158.245753280] [controller_server]: Passing new path to controller.
[INFO] [1790928158.295861312] [mapex_explorer]: Main /plan diagnostic: poses=172, endpoint=(9.29, 7.89), frontier=(9.29, 7.89), endpoint_to_frontier=0.000 m, limit=0.10 m -> usable
[INFO] [1790928159.295630563] [mapex_explorer]: Main /plan diagnostic: poses=162, endpoint=(9.29, 7.89), frontier=(9.29, 7.89), endpoint_to_frontier=0.000 m, limit=0.10 m -> usable
[controller_server-10] [INFO] [1790928159.312312773] [controller_server]: Passing new path to controller.
[INFO] [1790928160.294591247] [mapex_explorer]: Main /plan diagnostic: poses=150, endpoint=(9.29, 7.89), frontier=(9.29, 7.89), endpoint_to_frontier=0.000 m, limit=0.10 m -> usable
[controller_server-10] [INFO] [1790928160.312345312] [controller_server]: Passing new path to controller.
[controller_server-10] [INFO] [1790928161.312306049] [controller_server]: Passing new path to controller.
[INFO] [1790928161.342177774] [mapex_explorer]: Main /plan diagnostic: poses=141, endpoint=(9.29, 7.89), frontier=(9.29, 7.89), endpoint_to_frontier=0.000 m, limit=0.10 m -> usable
[INFO] [1790928162.353864818] [mapex_explorer]: Main /plan diagnostic: poses=131, endpoint=(9.29, 7.89), frontier=(9.29, 7.89), endpoint_to_frontier=0.000 m, limit=0.10 m -> usable
[controller_server-10] [INFO] [1790928162.379025730] [controller_server]: Passing new path to controller.
[INFO] [1790928163.354812469] [mapex_explorer]: Main /plan diagnostic: poses=120, endpoint=(9.29, 7.89), frontier=(9.29, 7.89), endpoint_to_frontier=0.000 m, limit=0.10 m -> usable
[controller_server-10] [INFO] [1790928163.378983941] [controller_server]: Passing new path to controller.
[INFO] [1790928164.433151495] [mapex_explorer]: Main /plan diagnostic: poses=110, endpoint=(9.29, 7.89), frontier=(9.29, 7.89), endpoint_to_frontier=0.000 m, limit=0.10 m -> usable
[controller_server-10] [INFO] [1790928164.445641608] [controller_server]: Passing new path to controller.
[controller_server-10] [INFO] [1790928165.445646387] [controller_server]: Passing new path to controller.
[INFO] [1790928165.451810806] [mapex_explorer]: Main /plan diagnostic: poses=100, endpoint=(9.29, 7.89), frontier=(9.29, 7.89), endpoint_to_frontier=0.000 m, limit=0.10 m -> usable
[INFO] [1790928166.439025627] [mapex_explorer]: Main /plan diagnostic: poses=89, endpoint=(9.29, 7.89), frontier=(9.29, 7.89), endpoint_to_frontier=0.000 m, limit=0.10 m -> usable
[controller_server-10] [INFO] [1790928166.445642464] [controller_server]: Passing new path to controller.
[INFO] [1790928167.458339081] [mapex_explorer]: Main /plan diagnostic: poses=79, endpoint=(9.29, 7.89), frontier=(9.29, 7.89), endpoint_to_frontier=0.000 m, limit=0.10 m -> usable
[controller_server-10] [INFO] [1790928167.512309633] [controller_server]: Passing new path to controller.
[INFO] [1790928168.467761704] [mapex_explorer]: Main /plan diagnostic: poses=68, endpoint=(9.29, 7.89), frontier=(9.29, 7.89), endpoint_to_frontier=0.000 m, limit=0.10 m -> usable
[controller_server-10] [INFO] [1790928168.512310235] [controller_server]: Passing new path to controller.
[controller_server-10] [INFO] [1790928169.512303727] [controller_server]: Passing new path to controller.
[INFO] [1790928169.552447582] [mapex_explorer]: Main /plan diagnostic: poses=59, endpoint=(9.29, 7.89), frontier=(9.29, 7.89), endpoint_to_frontier=0.000 m, limit=0.10 m -> usable
[INFO] [1790928170.520000467] [mapex_explorer]: Main /plan diagnostic: poses=49, endpoint=(9.29, 7.89), frontier=(9.29, 7.89), endpoint_to_frontier=0.000 m, limit=0.10 m -> usable
[controller_server-10] [INFO] [1790928170.579000365] [controller_server]: Passing new path to controller.
[INFO] [1790928171.536571086] [mapex_explorer]: Main /plan diagnostic: poses=39, endpoint=(9.29, 7.89), frontier=(9.29, 7.89), endpoint_to_frontier=0.000 m, limit=0.10 m -> usable
[controller_server-10] [INFO] [1790928171.578972237] [controller_server]: Passing new path to controller.
[INFO] [1790928172.581369876] [mapex_explorer]: Main /plan diagnostic: poses=31, endpoint=(9.29, 7.89), frontier=(9.29, 7.89), endpoint_to_frontier=0.000 m, limit=0.10 m -> usable
[controller_server-10] [INFO] [1790928172.645641184] [controller_server]: Passing new path to controller.
[INFO] [1790928173.597961793] [mapex_explorer]: Main /plan diagnostic: poses=20, endpoint=(9.29, 7.89), frontier=(9.29, 7.89), endpoint_to_frontier=0.000 m, limit=0.10 m -> usable
[controller_server-10] [INFO] [1790928173.645643487] [controller_server]: Passing new path to controller.
[INFO] [1790928174.628345734] [mapex_explorer]: Main /plan diagnostic: poses=13, endpoint=(9.29, 7.89), frontier=(9.29, 7.89), endpoint_to_frontier=0.000 m, limit=0.10 m -> usable
[controller_server-10] [INFO] [1790928174.645668639] [controller_server]: Passing new path to controller.
[controller_server-10] [INFO] [1790928175.712316717] [controller_server]: Passing new path to controller.
[INFO] [1790928175.715180160] [mapex_explorer]: Main /plan diagnostic: poses=9, endpoint=(9.29, 7.89), frontier=(9.29, 7.89), endpoint_to_frontier=0.000 m, limit=0.10 m -> usable
[controller_server-10] [INFO] [1790928175.847037099] [controller_server]: Reached the goal!
[controller_server-10] [INFO] [1790928175.847208096] [controller_server]: Optimizer reset
[bt_navigator-15] [INFO] [1790928175.871722202] [bt_navigator]: Goal succeeded
[INFO] [1790928175.873664287] [mapex_explorer]: Goal reached
[INFO] [1790928182.030325144] [mapex_explorer]: MapEx decision 34: selected x=9.09, y=-7.91, IG=10.075516, distance=16.11 m, score=0.625249, region=25, candidates=11, near_fallback=False, compute=5.96 s
[bt_navigator-15] [INFO] [1790928182.031474307] [bt_navigator]: Begin navigating from current location (9.42, 8.19) to (9.09, -7.91)
[controller_server-10] [INFO] [1790928182.052209581] [controller_server]: Received a goal, begin computing control effort.
[INFO] [1790928182.306819291] [mapex_explorer]: Main goal accepted
[INFO] [1790928182.358918013] [mapex_explorer]: Main /plan diagnostic: poses=769, endpoint=(9.09, -7.91), frontier=(9.09, -7.91), endpoint_to_frontier=0.000 m, limit=0.10 m -> usable
[INFO] [1790928183.100898279] [mapex_explorer]: Main /plan diagnostic: poses=765, endpoint=(9.09, -7.91), frontier=(9.09, -7.91), endpoint_to_frontier=0.000 m, limit=0.10 m -> usable
[controller_server-10] [INFO] [1790928183.119076599] [controller_server]: Passing new path to controller.
[controller_server-10] [INFO] [1790928184.119072962] [controller_server]: Passing new path to controller.
[INFO] [1790928184.222182099] [mapex_explorer]: Main /plan diagnostic: poses=761, endpoint=(9.09, -7.91), frontier=(9.09, -7.91), endpoint_to_frontier=0.000 m, limit=0.10 m -> usable
[INFO] [1790928185.153325468] [mapex_explorer]: Main /plan diagnostic: poses=760, endpoint=(9.09, -7.91), frontier=(9.09, -7.91), endpoint_to_frontier=0.000 m, limit=0.10 m -> usable
[controller_server-10] [INFO] [1790928185.185732196] [controller_server]: Passing new path to controller.
[controller_server-10] [INFO] [1790928186.185740219] [controller_server]: Passing new path to controller.
[INFO] [1790928186.236106116] [mapex_explorer]: Main /plan diagnostic: poses=757, endpoint=(9.09, -7.91), frontier=(9.09, -7.91), endpoint_to_frontier=0.000 m, limit=0.10 m -> usable
[INFO] [1790928187.217843651] [mapex_explorer]: Main /plan diagnostic: poses=751, endpoint=(9.09, -7.91), frontier=(9.09, -7.91), endpoint_to_frontier=0.000 m, limit=0.10 m -> usable
[controller_server-10] [INFO] [1790928187.252434104] [controller_server]: Passing new path to controller.
[controller_server-10] [INFO] [1790928188.252434915] [controller_server]: Passing new path to controller.
[INFO] [1790928188.265533083] [mapex_explorer]: Main /plan diagnostic: poses=741, endpoint=(9.09, -7.91), frontier=(9.09, -7.91), endpoint_to_frontier=0.000 m, limit=0.10 m -> usable
[INFO] [1790928189.280096217] [mapex_explorer]: Main /plan diagnostic: poses=731, endpoint=(9.09, -7.91), frontier=(9.09, -7.91), endpoint_to_frontier=0.000 m, limit=0.10 m -> usable
[controller_server-10] [INFO] [1790928189.319067557] [controller_server]: Passing new path to controller.
[INFO] [1790928190.280010549] [mapex_explorer]: Main /plan diagnostic: poses=720, endpoint=(9.09, -7.91), frontier=(9.09, -7.91), endpoint_to_frontier=0.000 m, limit=0.10 m -> usable
[controller_server-10] [INFO] [1790928190.319076903] [controller_server]: Passing new path to controller.
[controller_server-10] [INFO] [1790928191.319108917] [controller_server]: Passing new path to controller.
[INFO] [1790928191.336868368] [mapex_explorer]: Main /plan diagnostic: poses=711, endpoint=(9.09, -7.91), frontier=(9.09, -7.91), endpoint_to_frontier=0.000 m, limit=0.10 m -> usable
[controller_server-10] [INFO] [1790928192.385759340] [controller_server]: Passing new path to controller.
[INFO] [1790928192.391652547] [mapex_explorer]: Main /plan diagnostic: poses=700, endpoint=(9.09, -7.91), frontier=(9.09, -7.91), endpoint_to_frontier=0.000 m, limit=0.10 m -> usable
[INFO] [1790928193.376712835] [mapex_explorer]: Main /plan diagnostic: poses=691, endpoint=(9.09, -7.91), frontier=(9.09, -7.91), endpoint_to_frontier=0.000 m, limit=0.10 m -> usable
[controller_server-10] [INFO] [1790928193.385742469] [controller_server]: Passing new path to controller.
[INFO] [1790928194.433840953] [mapex_explorer]: Main /plan diagnostic: poses=681, endpoint=(9.09, -7.91), frontier=(9.09, -7.91), endpoint_to_frontier=0.000 m, limit=0.10 m -> usable
[controller_server-10] [INFO] [1790928194.452583460] [controller_server]: Passing new path to controller.
[async_slam_toolbox_node-9] W20261002 15:03:14.930673  4595 preprocessor.cc:67] Specified options.num_threads: 50 exceeds maximum available from the threading model Ceres was compiled with: 16.  Bounding to maximum number available.
[async_slam_toolbox_node-9] [INFO] [1790928194.963499766] [slam_toolbox]: Adaptive anchor summary: latest_node=2846, local_edges=2929, loop_history=1, avg_effective_weight=1.101, release_regions=0
[INFO] [1790928195.418026939] [mapex_explorer]: Main /plan diagnostic: poses=672, endpoint=(9.09, -7.91), frontier=(9.09, -7.91), endpoint_to_frontier=0.000 m, limit=0.10 m -> usable
[controller_server-10] [INFO] [1790928195.452475317] [controller_server]: Passing new path to controller.
[controller_server-10] [INFO] [1790928196.009007626] [local_costmap.local_costmap]: StaticLayer: Resizing static layer to 563 X 257 at 0.100000 m/pix
[INFO] [1790928196.469546343] [mapex_explorer]: Main /plan diagnostic: poses=662, endpoint=(9.09, -7.91), frontier=(9.09, -7.91), endpoint_to_frontier=0.000 m, limit=0.10 m -> usable
[controller_server-10] [INFO] [1790928196.519067437] [controller_server]: Passing new path to controller.
[planner_server-12] [INFO] [1790928196.675213997] [global_costmap.global_costmap]: StaticLayer: Resizing costmap to 563 X 257 at 0.100000 m/pix
[INFO] [1790928197.507929230] [mapex_explorer]: Main /plan diagnostic: poses=650, endpoint=(9.09, -7.91), frontier=(9.09, -7.91), endpoint_to_frontier=0.000 m, limit=0.10 m -> usable
[controller_server-10] [INFO] [1790928197.519068067] [controller_server]: Passing new path to controller.
[INFO] [1790928198.517213320] [mapex_explorer]: Main /plan diagnostic: poses=639, endpoint=(9.09, -7.91), frontier=(9.09, -7.91), endpoint_to_frontier=0.000 m, limit=0.10 m -> usable
[controller_server-10] [INFO] [1790928198.519068882] [controller_server]: Passing new path to controller.
[INFO] [1790928199.543935462] [mapex_explorer]: Main /plan diagnostic: poses=629, endpoint=(9.09, -7.91), frontier=(9.09, -7.91), endpoint_to_frontier=0.000 m, limit=0.10 m -> usable
[controller_server-10] [INFO] [1790928199.585755828] [controller_server]: Passing new path to controller.
[INFO] [1790928200.573544449] [mapex_explorer]: Main /plan diagnostic: poses=619, endpoint=(9.09, -7.91), frontier=(9.09, -7.91), endpoint_to_frontier=0.000 m, limit=0.10 m -> usable
[controller_server-10] [INFO] [1790928200.585765801] [controller_server]: Passing new path to controller.
[controller_server-10] [INFO] [1790928201.652435671] [controller_server]: Passing new path to controller.
[INFO] [1790928201.700456170] [mapex_explorer]: Main /plan diagnostic: poses=609, endpoint=(9.09, -7.91), frontier=(9.09, -7.91), endpoint_to_frontier=0.000 m, limit=0.10 m -> usable
[controller_server-10] [INFO] [1790928202.652416589] [controller_server]: Passing new path to controller.
[INFO] [1790928202.660466696] [mapex_explorer]: Main /plan diagnostic: poses=598, endpoint=(9.09, -7.91), frontier=(9.09, -7.91), endpoint_to_frontier=0.000 m, limit=0.10 m -> usable
[INFO] [1790928203.673801708] [mapex_explorer]: Main /plan diagnostic: poses=588, endpoint=(9.09, -7.91), frontier=(9.09, -7.91), endpoint_to_frontier=0.000 m, limit=0.10 m -> usable
[controller_server-10] [INFO] [1790928203.719074620] [controller_server]: Passing new path to controller.
[controller_server-10] [INFO] [1790928204.719066233] [controller_server]: Passing new path to controller.
[INFO] [1790928204.729522781] [mapex_explorer]: Main /plan diagnostic: poses=578, endpoint=(9.09, -7.91), frontier=(9.09, -7.91), endpoint_to_frontier=0.000 m, limit=0.10 m -> usable
[INFO] [1790928205.737111612] [mapex_explorer]: Main /plan diagnostic: poses=567, endpoint=(9.09, -7.91), frontier=(9.09, -7.91), endpoint_to_frontier=0.000 m, limit=0.10 m -> usable
[controller_server-10] [INFO] [1790928205.785777316] [controller_server]: Passing new path to controller.
[INFO] [1790928206.755048177] [mapex_explorer]: Main /plan diagnostic: poses=556, endpoint=(9.09, -7.91), frontier=(9.09, -7.91), endpoint_to_frontier=0.000 m, limit=0.10 m -> usable
[controller_server-10] [INFO] [1790928206.785742563] [controller_server]: Passing new path to controller.
[controller_server-10] [INFO] [1790928207.785732783] [controller_server]: Passing new path to controller.
[INFO] [1790928207.809186778] [mapex_explorer]: Main /plan diagnostic: poses=548, endpoint=(9.09, -7.91), frontier=(9.09, -7.91), endpoint_to_frontier=0.000 m, limit=0.10 m -> usable
[controller_server-10] [INFO] [1790928208.852406115] [controller_server]: Passing new path to controller.
[INFO] [1790928208.872861969] [mapex_explorer]: Main /plan diagnostic: poses=536, endpoint=(9.09, -7.91), frontier=(9.09, -7.91), endpoint_to_frontier=0.000 m, limit=0.10 m -> usable
[controller_server-10] [INFO] [1790928209.852403690] [controller_server]: Passing new path to controller.
[INFO] [1790928209.853289573] [mapex_explorer]: Main /plan diagnostic: poses=527, endpoint=(9.09, -7.91), frontier=(9.09, -7.91), endpoint_to_frontier=0.000 m, limit=0.10 m -> usable
[async_slam_toolbox_node-9] W20261002 15:03:30.340404  4595 preprocessor.cc:67] Specified options.num_threads: 50 exceeds maximum available from the threading model Ceres was compiled with: 16.  Bounding to maximum number available.
[async_slam_toolbox_node-9] [INFO] [1790928210.365475657] [slam_toolbox]: Adaptive anchor summary: latest_node=2909, local_edges=2992, loop_history=0, avg_effective_weight=1.099, release_regions=0
[INFO] [1790928210.879037495] [mapex_explorer]: Main /plan diagnostic: poses=516, endpoint=(9.09, -7.91), frontier=(9.09, -7.91), endpoint_to_frontier=0.000 m, limit=0.10 m -> usable
[controller_server-10] [INFO] [1790928210.919083862] [controller_server]: Passing new path to controller.
[controller_server-10] [INFO] [1790928211.009199318] [local_costmap.local_costmap]: StaticLayer: Resizing static layer to 563 X 257 at 0.100000 m/pix
[planner_server-12] [INFO] [1790928211.675225460] [global_costmap.global_costmap]: StaticLayer: Resizing costmap to 563 X 257 at 0.100000 m/pix
[INFO] [1790928211.893886283] [mapex_explorer]: Main /plan diagnostic: poses=507, endpoint=(9.09, -7.91), frontier=(9.09, -7.91), endpoint_to_frontier=0.000 m, limit=0.10 m -> usable
[controller_server-10] [INFO] [1790928211.919066186] [controller_server]: Passing new path to controller.
[INFO] [1790928212.937557317] [mapex_explorer]: Main /plan diagnostic: poses=496, endpoint=(9.09, -7.91), frontier=(9.09, -7.91), endpoint_to_frontier=0.000 m, limit=0.10 m -> usable
[controller_server-10] [INFO] [1790928212.985764547] [controller_server]: Passing new path to controller.
[INFO] [1790928213.950163770] [mapex_explorer]: Main /plan diagnostic: poses=487, endpoint=(9.09, -7.91), frontier=(9.09, -7.91), endpoint_to_frontier=0.000 m, limit=0.10 m -> usable
[controller_server-10] [INFO] [1790928213.985738324] [controller_server]: Passing new path to controller.
[controller_server-10] [INFO] [1790928214.985739118] [controller_server]: Passing new path to controller.
[INFO] [1790928215.016552837] [mapex_explorer]: Main /plan diagnostic: poses=476, endpoint=(9.09, -7.91), frontier=(9.09, -7.91), endpoint_to_frontier=0.000 m, limit=0.10 m -> usable
[controller_server-10] [INFO] [1790928216.052429270] [controller_server]: Passing new path to controller.
[INFO] [1790928216.054698712] [mapex_explorer]: Main /plan diagnostic: poses=467, endpoint=(9.09, -7.91), frontier=(9.09, -7.91), endpoint_to_frontier=0.000 m, limit=0.10 m -> usable
[INFO] [1790928217.051277209] [mapex_explorer]: Main /plan diagnostic: poses=455, endpoint=(9.09, -7.91), frontier=(9.09, -7.91), endpoint_to_frontier=0.000 m, limit=0.10 m -> usable
[controller_server-10] [INFO] [1790928217.052402326] [controller_server]: Passing new path to controller.
[INFO] [1790928218.094365074] [mapex_explorer]: Main /plan diagnostic: poses=444, endpoint=(9.09, -7.91), frontier=(9.09, -7.91), endpoint_to_frontier=0.000 m, limit=0.10 m -> usable
[controller_server-10] [INFO] [1790928218.119073876] [controller_server]: Passing new path to controller.
[INFO] [1790928219.097842957] [mapex_explorer]: Main /plan diagnostic: poses=435, endpoint=(9.09, -7.91), frontier=(9.09, -7.91), endpoint_to_frontier=0.000 m, limit=0.10 m -> usable
[controller_server-10] [INFO] [1790928219.119079585] [controller_server]: Passing new path to controller.
[INFO] [1790928220.137995136] [mapex_explorer]: Main /plan diagnostic: poses=424, endpoint=(9.09, -7.91), frontier=(9.09, -7.91), endpoint_to_frontier=0.000 m, limit=0.10 m -> usable
[controller_server-10] [INFO] [1790928220.185736575] [controller_server]: Passing new path to controller.
[controller_server-10] [INFO] [1790928221.185760067] [controller_server]: Passing new path to controller.
[INFO] [1790928221.197934051] [mapex_explorer]: Main /plan diagnostic: poses=415, endpoint=(9.09, -7.91), frontier=(9.09, -7.91), endpoint_to_frontier=0.000 m, limit=0.10 m -> usable
[INFO] [1790928222.179840780] [mapex_explorer]: Main /plan diagnostic: poses=404, endpoint=(9.09, -7.91), frontier=(9.09, -7.91), endpoint_to_frontier=0.000 m, limit=0.10 m -> usable
[controller_server-10] [INFO] [1790928222.185775078] [controller_server]: Passing new path to controller.
[INFO] [1790928223.214761419] [mapex_explorer]: Main /plan diagnostic: poses=395, endpoint=(9.09, -7.91), frontier=(9.09, -7.91), endpoint_to_frontier=0.000 m, limit=0.10 m -> usable
[controller_server-10] [INFO] [1790928223.252407946] [controller_server]: Passing new path to controller.
[controller_server-10] [INFO] [1790928224.252400623] [controller_server]: Passing new path to controller.
[INFO] [1790928224.285925485] [mapex_explorer]: Main /plan diagnostic: poses=384, endpoint=(9.09, -7.91), frontier=(9.09, -7.91), endpoint_to_frontier=0.000 m, limit=0.10 m -> usable
[controller_server-10] [INFO] [1790928225.252415760] [controller_server]: Passing new path to controller.
[INFO] [1790928225.252861004] [mapex_explorer]: Main /plan diagnostic: poses=375, endpoint=(9.09, -7.91), frontier=(9.09, -7.91), endpoint_to_frontier=0.000 m, limit=0.10 m -> usable
[controller_server-10] [INFO] [1790928226.319072239] [controller_server]: Passing new path to controller.
[INFO] [1790928226.391130235] [mapex_explorer]: Main /plan diagnostic: poses=365, endpoint=(9.09, -7.91), frontier=(9.09, -7.91), endpoint_to_frontier=0.000 m, limit=0.10 m -> usable
[controller_server-10] [INFO] [1790928227.319075604] [controller_server]: Passing new path to controller.
[INFO] [1790928227.336307119] [mapex_explorer]: Main /plan diagnostic: poses=353, endpoint=(9.09, -7.91), frontier=(9.09, -7.91), endpoint_to_frontier=0.000 m, limit=0.10 m -> usable
[controller_server-10] [INFO] [1790928228.385733352] [controller_server]: Passing new path to controller.
[INFO] [1790928228.388946657] [mapex_explorer]: Main /plan diagnostic: poses=343, endpoint=(9.09, -7.91), frontier=(9.09, -7.91), endpoint_to_frontier=0.000 m, limit=0.10 m -> usable
[controller_server-10] [INFO] [1790928229.385749568] [controller_server]: Passing new path to controller.
[INFO] [1790928229.388066666] [mapex_explorer]: Main /plan diagnostic: poses=333, endpoint=(9.09, -7.91), frontier=(9.09, -7.91), endpoint_to_frontier=0.000 m, limit=0.10 m -> usable
[INFO] [1790928230.436295329] [mapex_explorer]: Main /plan diagnostic: poses=323, endpoint=(9.09, -7.91), frontier=(9.09, -7.91), endpoint_to_frontier=0.000 m, limit=0.10 m -> usable
[controller_server-10] [INFO] [1790928230.452404600] [controller_server]: Passing new path to controller.
[INFO] [1790928231.430550177] [mapex_explorer]: Main /plan diagnostic: poses=313, endpoint=(9.09, -7.91), frontier=(9.09, -7.91), endpoint_to_frontier=0.000 m, limit=0.10 m -> usable
[controller_server-10] [INFO] [1790928231.452432473] [controller_server]: Passing new path to controller.
[controller_server-10] [INFO] [1790928232.452436110] [controller_server]: Passing new path to controller.
[INFO] [1790928232.456767545] [mapex_explorer]: Main /plan diagnostic: poses=303, endpoint=(9.09, -7.91), frontier=(9.09, -7.91), endpoint_to_frontier=0.000 m, limit=0.10 m -> usable
[INFO] [1790928233.508093644] [mapex_explorer]: Main /plan diagnostic: poses=293, endpoint=(9.09, -7.91), frontier=(9.09, -7.91), endpoint_to_frontier=0.000 m, limit=0.10 m -> usable
[controller_server-10] [INFO] [1790928233.519067267] [controller_server]: Passing new path to controller.
[INFO] [1790928234.489150935] [mapex_explorer]: Main /plan diagnostic: poses=283, endpoint=(9.09, -7.91), frontier=(9.09, -7.91), endpoint_to_frontier=0.000 m, limit=0.10 m -> usable
[controller_server-10] [INFO] [1790928234.519072338] [controller_server]: Passing new path to controller.
[INFO] [1790928235.522645489] [mapex_explorer]: Main /plan diagnostic: poses=273, endpoint=(9.09, -7.91), frontier=(9.09, -7.91), endpoint_to_frontier=0.000 m, limit=0.10 m -> usable
[controller_server-10] [INFO] [1790928235.585844677] [controller_server]: Passing new path to controller.
[async_slam_toolbox_node-9] W20261002 15:03:55.921196  4595 preprocessor.cc:67] Specified options.num_threads: 50 exceeds maximum available from the threading model Ceres was compiled with: 16.  Bounding to maximum number available.
[async_slam_toolbox_node-9] [INFO] [1790928235.939258202] [slam_toolbox]: Adaptive anchor summary: latest_node=2973, local_edges=3056, loop_history=0, avg_effective_weight=1.097, release_regions=0
[INFO] [1790928236.539203470] [mapex_explorer]: Main /plan diagnostic: poses=261, endpoint=(9.09, -7.91), frontier=(9.09, -7.91), endpoint_to_frontier=0.000 m, limit=0.10 m -> usable
[controller_server-10] [INFO] [1790928236.585739179] [controller_server]: Passing new path to controller.
[controller_server-10] [INFO] [1790928237.009008684] [local_costmap.local_costmap]: StaticLayer: Resizing static layer to 563 X 257 at 0.100000 m/pix
[controller_server-10] [INFO] [1790928237.585763383] [controller_server]: Passing new path to controller.
[INFO] [1790928237.604469877] [mapex_explorer]: Main /plan diagnostic: poses=252, endpoint=(9.09, -7.91), frontier=(9.09, -7.91), endpoint_to_frontier=0.000 m, limit=0.10 m -> usable
[planner_server-12] [INFO] [1790928237.675201249] [global_costmap.global_costmap]: StaticLayer: Resizing costmap to 563 X 257 at 0.100000 m/pix
[controller_server-10] [INFO] [1790928238.652398434] [controller_server]: Passing new path to controller.
[INFO] [1790928238.658316565] [mapex_explorer]: Main /plan diagnostic: poses=240, endpoint=(9.09, -7.91), frontier=(9.09, -7.91), endpoint_to_frontier=0.000 m, limit=0.10 m -> usable
[INFO] [1790928239.632144967] [mapex_explorer]: Main /plan diagnostic: poses=232, endpoint=(9.09, -7.91), frontier=(9.09, -7.91), endpoint_to_frontier=0.000 m, limit=0.10 m -> usable
[controller_server-10] [INFO] [1790928239.652403488] [controller_server]: Passing new path to controller.
[async_slam_toolbox_node-9] W20261002 15:03:59.942771  4595 preprocessor.cc:67] Specified options.num_threads: 50 exceeds maximum available from the threading model Ceres was compiled with: 16.  Bounding to maximum number available.
[INFO] [1790928240.673937791] [mapex_explorer]: Main /plan diagnostic: poses=222, endpoint=(9.09, -7.91), frontier=(9.09, -7.91), endpoint_to_frontier=0.000 m, limit=0.10 m -> usable
[controller_server-10] [INFO] [1790928240.719069896] [controller_server]: Passing new path to controller.
[controller_server-10] [INFO] [1790928241.009011387] [local_costmap.local_costmap]: StaticLayer: Resizing static layer to 563 X 257 at 0.100000 m/pix
[planner_server-12] [INFO] [1790928241.675227739] [global_costmap.global_costmap]: StaticLayer: Resizing costmap to 563 X 257 at 0.100000 m/pix
[controller_server-10] [INFO] [1790928241.719141379] [controller_server]: Passing new path to controller.
[INFO] [1790928241.760974959] [mapex_explorer]: Main /plan diagnostic: poses=212, endpoint=(9.09, -7.91), frontier=(9.09, -7.91), endpoint_to_frontier=0.000 m, limit=0.10 m -> usable
[async_slam_toolbox_node-9] W20261002 15:04:02.647956  4595 preprocessor.cc:67] Specified options.num_threads: 50 exceeds maximum available from the threading model Ceres was compiled with: 16.  Bounding to maximum number available.
[INFO] [1790928242.713714294] [mapex_explorer]: Main /plan diagnostic: poses=203, endpoint=(9.09, -7.91), frontier=(9.09, -7.91), endpoint_to_frontier=0.000 m, limit=0.10 m -> usable
[controller_server-10] [INFO] [1790928242.785732088] [controller_server]: Passing new path to controller.
[controller_server-10] [INFO] [1790928243.009064585] [local_costmap.local_costmap]: StaticLayer: Resizing static layer to 563 X 257 at 0.100000 m/pix
[planner_server-12] [INFO] [1790928243.675201528] [global_costmap.global_costmap]: StaticLayer: Resizing costmap to 563 X 257 at 0.100000 m/pix
[INFO] [1790928243.750149501] [mapex_explorer]: Main /plan diagnostic: poses=193, endpoint=(9.09, -7.91), frontier=(9.09, -7.91), endpoint_to_frontier=0.000 m, limit=0.10 m -> usable
[controller_server-10] [INFO] [1790928243.785741468] [controller_server]: Passing new path to controller.
[INFO] [1790928244.747292126] [mapex_explorer]: Main /plan diagnostic: poses=181, endpoint=(9.09, -7.91), frontier=(9.09, -7.91), endpoint_to_frontier=0.000 m, limit=0.10 m -> usable
[controller_server-10] [INFO] [1790928244.785765308] [controller_server]: Passing new path to controller.
[INFO] [1790928245.779278696] [mapex_explorer]: Main /plan diagnostic: poses=171, endpoint=(9.09, -7.91), frontier=(9.09, -7.91), endpoint_to_frontier=0.000 m, limit=0.10 m -> usable
[controller_server-10] [INFO] [1790928245.852399336] [controller_server]: Passing new path to controller.
[INFO] [1790928246.814243486] [mapex_explorer]: Main /plan diagnostic: poses=161, endpoint=(9.09, -7.91), frontier=(9.09, -7.91), endpoint_to_frontier=0.000 m, limit=0.10 m -> usable
[controller_server-10] [INFO] [1790928246.852406672] [controller_server]: Passing new path to controller.
[INFO] [1790928247.837279140] [mapex_explorer]: Main /plan diagnostic: poses=152, endpoint=(9.09, -7.91), frontier=(9.09, -7.91), endpoint_to_frontier=0.000 m, limit=0.10 m -> usable
[controller_server-10] [INFO] [1790928247.852400943] [controller_server]: Passing new path to controller.
[INFO] [1790928248.848964866] [mapex_explorer]: Main /plan diagnostic: poses=142, endpoint=(9.09, -7.91), frontier=(9.09, -7.91), endpoint_to_frontier=0.000 m, limit=0.10 m -> usable
[controller_server-10] [INFO] [1790928248.919067161] [controller_server]: Passing new path to controller.
[INFO] [1790928249.866986244] [mapex_explorer]: Main /plan diagnostic: poses=132, endpoint=(9.09, -7.91), frontier=(9.09, -7.91), endpoint_to_frontier=0.000 m, limit=0.10 m -> usable
[controller_server-10] [INFO] [1790928249.919089694] [controller_server]: Passing new path to controller.
[INFO] [1790928250.915948987] [mapex_explorer]: Main /plan diagnostic: poses=121, endpoint=(9.09, -7.91), frontier=(9.09, -7.91), endpoint_to_frontier=0.000 m, limit=0.10 m -> usable
[controller_server-10] [INFO] [1790928250.919066827] [controller_server]: Passing new path to controller.
[controller_server-10] [INFO] [1790928251.985755158] [controller_server]: Passing new path to controller.
[INFO] [1790928251.987671805] [mapex_explorer]: Main /plan diagnostic: poses=111, endpoint=(9.09, -7.91), frontier=(9.09, -7.91), endpoint_to_frontier=0.000 m, limit=0.10 m -> usable
[INFO] [1790928252.983124276] [mapex_explorer]: Main /plan diagnostic: poses=100, endpoint=(9.09, -7.91), frontier=(9.09, -7.91), endpoint_to_frontier=0.000 m, limit=0.10 m -> usable
[controller_server-10] [INFO] [1790928252.985739542] [controller_server]: Passing new path to controller.
[INFO] [1790928254.011004097] [mapex_explorer]: Main /plan diagnostic: poses=91, endpoint=(9.09, -7.91), frontier=(9.09, -7.91), endpoint_to_frontier=0.000 m, limit=0.10 m -> usable
[controller_server-10] [INFO] [1790928254.052399051] [controller_server]: Passing new path to controller.
[INFO] [1790928255.008833400] [mapex_explorer]: Main /plan diagnostic: poses=81, endpoint=(9.09, -7.91), frontier=(9.09, -7.91), endpoint_to_frontier=0.000 m, limit=0.10 m -> usable
[controller_server-10] [INFO] [1790928255.052400848] [controller_server]: Passing new path to controller.
[INFO] [1790928256.036009712] [mapex_explorer]: Main /plan diagnostic: poses=72, endpoint=(9.09, -7.91), frontier=(9.09, -7.91), endpoint_to_frontier=0.000 m, limit=0.10 m -> usable
[controller_server-10] [INFO] [1790928256.052401015] [controller_server]: Passing new path to controller.
[INFO] [1790928257.072417655] [mapex_explorer]: Main /plan diagnostic: poses=64, endpoint=(9.09, -7.91), frontier=(9.09, -7.91), endpoint_to_frontier=0.000 m, limit=0.10 m -> usable
[controller_server-10] [INFO] [1790928257.119093312] [controller_server]: Passing new path to controller.
[INFO] [1790928258.099332712] [mapex_explorer]: Main /plan diagnostic: poses=54, endpoint=(9.09, -7.91), frontier=(9.09, -7.91), endpoint_to_frontier=0.000 m, limit=0.10 m -> usable
[controller_server-10] [INFO] [1790928258.119072273] [controller_server]: Passing new path to controller.
[INFO] [1790928259.139576156] [mapex_explorer]: Main /plan diagnostic: poses=44, endpoint=(9.09, -7.91), frontier=(9.09, -7.91), endpoint_to_frontier=0.000 m, limit=0.10 m -> usable
[controller_server-10] [INFO] [1790928259.185762327] [controller_server]: Passing new path to controller.
[INFO] [1790928260.153557094] [mapex_explorer]: Main /plan diagnostic: poses=32, endpoint=(9.09, -7.91), frontier=(9.09, -7.91), endpoint_to_frontier=0.000 m, limit=0.10 m -> usable
[controller_server-10] [INFO] [1790928260.185738177] [controller_server]: Passing new path to controller.
[INFO] [1790928261.180035486] [mapex_explorer]: Main /plan diagnostic: poses=23, endpoint=(9.09, -7.91), frontier=(9.09, -7.91), endpoint_to_frontier=0.000 m, limit=0.10 m -> usable
[controller_server-10] [INFO] [1790928261.252428998] [controller_server]: Passing new path to controller.
[INFO] [1790928262.201288217] [mapex_explorer]: Main /plan diagnostic: poses=15, endpoint=(9.09, -7.91), frontier=(9.09, -7.91), endpoint_to_frontier=0.000 m, limit=0.10 m -> usable
[controller_server-10] [INFO] [1790928262.252414379] [controller_server]: Passing new path to controller.
[INFO] [1790928263.230528689] [mapex_explorer]: Main /plan diagnostic: poses=8, endpoint=(9.09, -7.91), frontier=(9.09, -7.91), endpoint_to_frontier=0.000 m, limit=0.10 m -> usable
[controller_server-10] [INFO] [1790928263.252419124] [controller_server]: Passing new path to controller.
[controller_server-10] [INFO] [1790928263.720485256] [controller_server]: Reached the goal!
[controller_server-10] [INFO] [1790928263.720593016] [controller_server]: Optimizer reset
[bt_navigator-15] [INFO] [1790928263.741682257] [bt_navigator]: Goal succeeded
[INFO] [1790928263.833311942] [mapex_explorer]: Goal reached
[INFO] [1790928270.053398791] [mapex_explorer]: MapEx decision 35: selected x=17.99, y=-2.71, IG=4.953366, distance=10.44 m, score=0.474686, region=20, candidates=12, near_fallback=False, compute=5.98 s
[bt_navigator-15] [INFO] [1790928270.054833030] [bt_navigator]: Begin navigating from current location (9.13, -8.22) to (17.99, -2.71)
[controller_server-10] [INFO] [1790928270.075510814] [controller_server]: Received a goal, begin computing control effort.
[INFO] [1790928270.315486530] [mapex_explorer]: Main goal accepted
[INFO] [1790928270.373275075] [mapex_explorer]: Main /plan diagnostic: poses=632, endpoint=(17.99, -2.71), frontier=(17.99, -2.71), endpoint_to_frontier=0.000 m, limit=0.10 m -> usable
[INFO] [1790928271.108260470] [mapex_explorer]: Main /plan diagnostic: poses=629, endpoint=(17.99, -2.71), frontier=(17.99, -2.71), endpoint_to_frontier=0.000 m, limit=0.10 m -> usable
[controller_server-10] [INFO] [1790928271.142325636] [controller_server]: Passing new path to controller.
[INFO] [1790928272.139760822] [mapex_explorer]: Main /plan diagnostic: poses=624, endpoint=(17.99, -2.71), frontier=(17.99, -2.71), endpoint_to_frontier=0.000 m, limit=0.10 m -> usable
[controller_server-10] [INFO] [1790928272.142323350] [controller_server]: Passing new path to controller.
[controller_server-10] [INFO] [1790928273.208986934] [controller_server]: Passing new path to controller.
[INFO] [1790928273.214718966] [mapex_explorer]: Main /plan diagnostic: poses=624, endpoint=(17.99, -2.71), frontier=(17.99, -2.71), endpoint_to_frontier=0.000 m, limit=0.10 m -> usable
[controller_server-10] [INFO] [1790928274.208982453] [controller_server]: Passing new path to controller.
[INFO] [1790928274.227236744] [mapex_explorer]: Main /plan diagnostic: poses=617, endpoint=(17.99, -2.71), frontier=(17.99, -2.71), endpoint_to_frontier=0.000 m, limit=0.10 m -> usable
[INFO] [1790928275.235858812] [mapex_explorer]: Main /plan diagnostic: poses=607, endpoint=(17.99, -2.71), frontier=(17.99, -2.71), endpoint_to_frontier=0.000 m, limit=0.10 m -> usable
[controller_server-10] [INFO] [1790928275.275655004] [controller_server]: Passing new path to controller.
[INFO] [1790928276.249823632] [mapex_explorer]: Main /plan diagnostic: poses=597, endpoint=(17.99, -2.71), frontier=(17.99, -2.71), endpoint_to_frontier=0.000 m, limit=0.10 m -> usable
[controller_server-10] [INFO] [1790928276.275670114] [controller_server]: Passing new path to controller.
[controller_server-10] [INFO] [1790928277.275649181] [controller_server]: Passing new path to controller.
[INFO] [1790928277.279206465] [mapex_explorer]: Main /plan diagnostic: poses=586, endpoint=(17.99, -2.71), frontier=(17.99, -2.71), endpoint_to_frontier=0.000 m, limit=0.10 m -> usable
[INFO] [1790928278.336585287] [mapex_explorer]: Main /plan diagnostic: poses=577, endpoint=(17.99, -2.71), frontier=(17.99, -2.71), endpoint_to_frontier=0.000 m, limit=0.10 m -> usable
[controller_server-10] [INFO] [1790928278.342324238] [controller_server]: Passing new path to controller.
[INFO] [1790928279.341653930] [mapex_explorer]: Main /plan diagnostic: poses=566, endpoint=(17.99, -2.71), frontier=(17.99, -2.71), endpoint_to_frontier=0.000 m, limit=0.10 m -> usable
[controller_server-10] [INFO] [1790928279.342324095] [controller_server]: Passing new path to controller.
[INFO] [1790928280.360142962] [mapex_explorer]: Main /plan diagnostic: poses=557, endpoint=(17.99, -2.71), frontier=(17.99, -2.71), endpoint_to_frontier=0.000 m, limit=0.10 m -> usable
[controller_server-10] [INFO] [1790928280.409007229] [controller_server]: Passing new path to controller.
[controller_server-10] [INFO] [1790928281.408980617] [controller_server]: Passing new path to controller.
[INFO] [1790928281.510077360] [mapex_explorer]: Main /plan diagnostic: poses=546, endpoint=(17.99, -2.71), frontier=(17.99, -2.71), endpoint_to_frontier=0.000 m, limit=0.10 m -> usable
[INFO] [1790928282.417916478] [mapex_explorer]: Main /plan diagnostic: poses=536, endpoint=(17.99, -2.71), frontier=(17.99, -2.71), endpoint_to_frontier=0.000 m, limit=0.10 m -> usable
[controller_server-10] [INFO] [1790928282.475663355] [controller_server]: Passing new path to controller.
[controller_server-10] [INFO] [1790928283.475658537] [controller_server]: Passing new path to controller.
[INFO] [1790928283.491401915] [mapex_explorer]: Main /plan diagnostic: poses=526, endpoint=(17.99, -2.71), frontier=(17.99, -2.71), endpoint_to_frontier=0.000 m, limit=0.10 m -> usable
[controller_server-10] [INFO] [1790928284.475653665] [controller_server]: Passing new path to controller.
[INFO] [1790928284.577566064] [mapex_explorer]: Main /plan diagnostic: poses=516, endpoint=(17.99, -2.71), frontier=(17.99, -2.71), endpoint_to_frontier=0.000 m, limit=0.10 m -> usable
[async_slam_toolbox_node-9] W20261002 15:04:45.067912  4595 preprocessor.cc:67] Specified options.num_threads: 50 exceeds maximum available from the threading model Ceres was compiled with: 16.  Bounding to maximum number available.
[async_slam_toolbox_node-9] [INFO] [1790928285.088609785] [slam_toolbox]: Adaptive anchor summary: latest_node=3090, local_edges=3175, loop_history=0, avg_effective_weight=1.094, release_regions=0
[controller_server-10] [INFO] [1790928285.542345069] [controller_server]: Passing new path to controller.
[INFO] [1790928285.621882358] [mapex_explorer]: Main /plan diagnostic: poses=506, endpoint=(17.99, -2.71), frontier=(17.99, -2.71), endpoint_to_frontier=0.000 m, limit=0.10 m -> usable
[controller_server-10] [INFO] [1790928286.009028698] [local_costmap.local_costmap]: StaticLayer: Resizing static layer to 563 X 257 at 0.100000 m/pix
[controller_server-10] [INFO] [1790928286.542348939] [controller_server]: Passing new path to controller.
[INFO] [1790928286.601487380] [mapex_explorer]: Main /plan diagnostic: poses=495, endpoint=(17.99, -2.71), frontier=(17.99, -2.71), endpoint_to_frontier=0.000 m, limit=0.10 m -> usable
[planner_server-12] [INFO] [1790928286.675249510] [global_costmap.global_costmap]: StaticLayer: Resizing costmap to 563 X 257 at 0.100000 m/pix
[controller_server-10] [INFO] [1790928287.608985582] [controller_server]: Passing new path to controller.
[INFO] [1790928287.729289795] [mapex_explorer]: Main /plan diagnostic: poses=485, endpoint=(17.99, -2.71), frontier=(17.99, -2.71), endpoint_to_frontier=0.000 m, limit=0.10 m -> usable
[INFO] [1790928288.593809603] [mapex_explorer]: Main /plan diagnostic: poses=475, endpoint=(17.99, -2.71), frontier=(17.99, -2.71), endpoint_to_frontier=0.000 m, limit=0.10 m -> usable
[controller_server-10] [INFO] [1790928288.608983842] [controller_server]: Passing new path to controller.
[controller_server-10] [INFO] [1790928289.608981204] [controller_server]: Passing new path to controller.
[INFO] [1790928289.647682392] [mapex_explorer]: Main /plan diagnostic: poses=466, endpoint=(17.99, -2.71), frontier=(17.99, -2.71), endpoint_to_frontier=0.000 m, limit=0.10 m -> usable
[INFO] [1790928290.670186155] [mapex_explorer]: Main /plan diagnostic: poses=456, endpoint=(17.99, -2.71), frontier=(17.99, -2.71), endpoint_to_frontier=0.000 m, limit=0.10 m -> usable
[controller_server-10] [INFO] [1790928290.675651618] [controller_server]: Passing new path to controller.
[INFO] [1790928291.671248680] [mapex_explorer]: Main /plan diagnostic: poses=446, endpoint=(17.99, -2.71), frontier=(17.99, -2.71), endpoint_to_frontier=0.000 m, limit=0.10 m -> usable
[controller_server-10] [INFO] [1790928291.675647631] [controller_server]: Passing new path to controller.
[controller_server-10] [INFO] [1790928292.675748151] [controller_server]: Passing new path to controller.
[INFO] [1790928292.699994499] [mapex_explorer]: Main /plan diagnostic: poses=436, endpoint=(17.99, -2.71), frontier=(17.99, -2.71), endpoint_to_frontier=0.000 m, limit=0.10 m -> usable
[INFO] [1790928293.708791044] [mapex_explorer]: Main /plan diagnostic: poses=427, endpoint=(17.99, -2.71), frontier=(17.99, -2.71), endpoint_to_frontier=0.000 m, limit=0.10 m -> usable
[controller_server-10] [INFO] [1790928293.742317585] [controller_server]: Passing new path to controller.
[controller_server-10] [INFO] [1790928294.742369937] [controller_server]: Passing new path to controller.
[INFO] [1790928294.776184634] [mapex_explorer]: Main /plan diagnostic: poses=413, endpoint=(17.99, -2.71), frontier=(17.99, -2.71), endpoint_to_frontier=0.000 m, limit=0.10 m -> usable
[async_slam_toolbox_node-9] W20261002 15:04:55.532300  4595 preprocessor.cc:67] Specified options.num_threads: 50 exceeds maximum available from the threading model Ceres was compiled with: 16.  Bounding to maximum number available.
[INFO] [1790928295.762128081] [mapex_explorer]: Main /plan diagnostic: poses=404, endpoint=(17.99, -2.71), frontier=(17.99, -2.71), endpoint_to_frontier=0.000 m, limit=0.10 m -> usable
[controller_server-10] [INFO] [1790928295.808981213] [controller_server]: Passing new path to controller.
[controller_server-10] [INFO] [1790928296.009016335] [local_costmap.local_costmap]: StaticLayer: Resizing static layer to 563 X 257 at 0.100000 m/pix
[planner_server-12] [INFO] [1790928296.675242881] [global_costmap.global_costmap]: StaticLayer: Resizing costmap to 563 X 257 at 0.100000 m/pix
[controller_server-10] [INFO] [1790928296.808981142] [controller_server]: Passing new path to controller.
[INFO] [1790928296.818208504] [mapex_explorer]: Main /plan diagnostic: poses=394, endpoint=(17.99, -2.71), frontier=(17.99, -2.71), endpoint_to_frontier=0.000 m, limit=0.10 m -> usable
[INFO] [1790928297.830668816] [mapex_explorer]: Main /plan diagnostic: poses=384, endpoint=(17.99, -2.71), frontier=(17.99, -2.71), endpoint_to_frontier=0.000 m, limit=0.10 m -> usable
[controller_server-10] [INFO] [1790928297.875650176] [controller_server]: Passing new path to controller.
[INFO] [1790928298.837761552] [mapex_explorer]: Main /plan diagnostic: poses=372, endpoint=(17.99, -2.71), frontier=(17.99, -2.71), endpoint_to_frontier=0.000 m, limit=0.10 m -> usable
[controller_server-10] [INFO] [1790928298.875648732] [controller_server]: Passing new path to controller.
[async_slam_toolbox_node-9] W20261002 15:04:58.935405  4595 preprocessor.cc:67] Specified options.num_threads: 50 exceeds maximum available from the threading model Ceres was compiled with: 16.  Bounding to maximum number available.
[INFO] [1790928299.854737072] [mapex_explorer]: Main /plan diagnostic: poses=363, endpoint=(17.99, -2.71), frontier=(17.99, -2.71), endpoint_to_frontier=0.000 m, limit=0.10 m -> usable
[controller_server-10] [INFO] [1790928299.875649293] [controller_server]: Passing new path to controller.
[controller_server-10] [INFO] [1790928300.009037239] [local_costmap.local_costmap]: StaticLayer: Resizing static layer to 563 X 257 at 0.100000 m/pix
[planner_server-12] [INFO] [1790928300.675215392] [global_costmap.global_costmap]: StaticLayer: Resizing costmap to 563 X 257 at 0.100000 m/pix
[INFO] [1790928300.927895773] [mapex_explorer]: Main /plan diagnostic: poses=352, endpoint=(17.99, -2.71), frontier=(17.99, -2.71), endpoint_to_frontier=0.000 m, limit=0.10 m -> usable
[controller_server-10] [INFO] [1790928300.942320511] [controller_server]: Passing new path to controller.
[controller_server-10] [INFO] [1790928301.942327450] [controller_server]: Passing new path to controller.
[INFO] [1790928302.009930377] [mapex_explorer]: Main /plan diagnostic: poses=342, endpoint=(17.99, -2.71), frontier=(17.99, -2.71), endpoint_to_frontier=0.000 m, limit=0.10 m -> usable
[INFO] [1790928302.959492184] [mapex_explorer]: Main /plan diagnostic: poses=332, endpoint=(17.99, -2.71), frontier=(17.99, -2.71), endpoint_to_frontier=0.000 m, limit=0.10 m -> usable
[controller_server-10] [INFO] [1790928303.008984628] [controller_server]: Passing new path to controller.
[INFO] [1790928303.969852774] [mapex_explorer]: Main /plan diagnostic: poses=322, endpoint=(17.99, -2.71), frontier=(17.99, -2.71), endpoint_to_frontier=0.000 m, limit=0.10 m -> usable
[controller_server-10] [INFO] [1790928304.008990607] [controller_server]: Passing new path to controller.
[controller_server-10] [INFO] [1790928305.008980723] [controller_server]: Passing new path to controller.
[INFO] [1790928305.026129286] [mapex_explorer]: Main /plan diagnostic: poses=312, endpoint=(17.99, -2.71), frontier=(17.99, -2.71), endpoint_to_frontier=0.000 m, limit=0.10 m -> usable
[controller_server-10] [INFO] [1790928306.075650252] [controller_server]: Passing new path to controller.
[INFO] [1790928306.084779842] [mapex_explorer]: Main /plan diagnostic: poses=302, endpoint=(17.99, -2.71), frontier=(17.99, -2.71), endpoint_to_frontier=0.000 m, limit=0.10 m -> usable
[controller_server-10] [INFO] [1790928307.075650114] [controller_server]: Passing new path to controller.
[INFO] [1790928307.076537325] [mapex_explorer]: Main /plan diagnostic: poses=291, endpoint=(17.99, -2.71), frontier=(17.99, -2.71), endpoint_to_frontier=0.000 m, limit=0.10 m -> usable
[controller_server-10] [INFO] [1790928308.075643717] [controller_server]: Passing new path to controller.
[INFO] [1790928308.138755311] [mapex_explorer]: Main /plan diagnostic: poses=281, endpoint=(17.99, -2.71), frontier=(17.99, -2.71), endpoint_to_frontier=0.000 m, limit=0.10 m -> usable
[INFO] [1790928309.114345438] [mapex_explorer]: Main /plan diagnostic: poses=271, endpoint=(17.99, -2.71), frontier=(17.99, -2.71), endpoint_to_frontier=0.000 m, limit=0.10 m -> usable
[controller_server-10] [INFO] [1790928309.142343292] [controller_server]: Passing new path to controller.
[INFO] [1790928310.142022445] [mapex_explorer]: Main /plan diagnostic: poses=261, endpoint=(17.99, -2.71), frontier=(17.99, -2.71), endpoint_to_frontier=0.000 m, limit=0.10 m -> usable
[controller_server-10] [INFO] [1790928310.142339020] [controller_server]: Passing new path to controller.
[controller_server-10] [INFO] [1790928311.208987055] [controller_server]: Passing new path to controller.
[INFO] [1790928311.239217464] [mapex_explorer]: Main /plan diagnostic: poses=252, endpoint=(17.99, -2.71), frontier=(17.99, -2.71), endpoint_to_frontier=0.000 m, limit=0.10 m -> usable
[controller_server-10] [INFO] [1790928312.208982465] [controller_server]: Passing new path to controller.
[INFO] [1790928312.264234313] [mapex_explorer]: Main /plan diagnostic: poses=241, endpoint=(17.99, -2.71), frontier=(17.99, -2.71), endpoint_to_frontier=0.000 m, limit=0.10 m -> usable
[controller_server-10] [INFO] [1790928313.275649050] [controller_server]: Passing new path to controller.
[INFO] [1790928313.278644601] [mapex_explorer]: Main /plan diagnostic: poses=230, endpoint=(17.99, -2.71), frontier=(17.99, -2.71), endpoint_to_frontier=0.000 m, limit=0.10 m -> usable
[INFO] [1790928314.246455689] [mapex_explorer]: Main /plan diagnostic: poses=218, endpoint=(17.99, -2.71), frontier=(17.99, -2.71), endpoint_to_frontier=0.000 m, limit=0.10 m -> usable
[controller_server-10] [INFO] [1790928314.275650448] [controller_server]: Passing new path to controller.
[controller_server-10] [INFO] [1790928315.275657195] [controller_server]: Passing new path to controller.
[INFO] [1790928315.281005711] [mapex_explorer]: Main /plan diagnostic: poses=209, endpoint=(17.99, -2.71), frontier=(17.99, -2.71), endpoint_to_frontier=0.000 m, limit=0.10 m -> usable
[INFO] [1790928316.324458647] [mapex_explorer]: Main /plan diagnostic: poses=199, endpoint=(17.99, -2.71), frontier=(17.99, -2.71), endpoint_to_frontier=0.000 m, limit=0.10 m -> usable
[controller_server-10] [INFO] [1790928316.342338423] [controller_server]: Passing new path to controller.
[INFO] [1790928317.305004413] [mapex_explorer]: Main /plan diagnostic: poses=189, endpoint=(17.99, -2.71), frontier=(17.99, -2.71), endpoint_to_frontier=0.000 m, limit=0.10 m -> usable
[controller_server-10] [INFO] [1790928317.342344110] [controller_server]: Passing new path to controller.
[async_slam_toolbox_node-9] W20261002 15:05:18.177446  4595 preprocessor.cc:67] Specified options.num_threads: 50 exceeds maximum available from the threading model Ceres was compiled with: 16.  Bounding to maximum number available.
[async_slam_toolbox_node-9] [INFO] [1790928318.207130531] [slam_toolbox]: Adaptive anchor summary: latest_node=3202, local_edges=3287, loop_history=0, avg_effective_weight=1.090, release_regions=0
[controller_server-10] [INFO] [1790928318.342320831] [controller_server]: Passing new path to controller.
[INFO] [1790928318.384603946] [mapex_explorer]: Main /plan diagnostic: poses=178, endpoint=(17.99, -2.71), frontier=(17.99, -2.71), endpoint_to_frontier=0.000 m, limit=0.10 m -> usable
[controller_server-10] [INFO] [1790928319.009011650] [local_costmap.local_costmap]: StaticLayer: Resizing static layer to 563 X 257 at 0.100000 m/pix
[INFO] [1790928319.371408295] [mapex_explorer]: Main /plan diagnostic: poses=167, endpoint=(17.99, -2.71), frontier=(17.99, -2.71), endpoint_to_frontier=0.000 m, limit=0.10 m -> usable
[controller_server-10] [INFO] [1790928319.408996116] [controller_server]: Passing new path to controller.
[planner_server-12] [INFO] [1790928319.675241410] [global_costmap.global_costmap]: StaticLayer: Resizing costmap to 563 X 257 at 0.100000 m/pix
[controller_server-10] [INFO] [1790928320.408985112] [controller_server]: Passing new path to controller.
[INFO] [1790928320.416815899] [mapex_explorer]: Main /plan diagnostic: poses=159, endpoint=(17.99, -2.71), frontier=(17.99, -2.71), endpoint_to_frontier=0.000 m, limit=0.10 m -> usable
[INFO] [1790928321.457639625] [mapex_explorer]: Main /plan diagnostic: poses=148, endpoint=(17.99, -2.71), frontier=(17.99, -2.71), endpoint_to_frontier=0.000 m, limit=0.10 m -> usable
[controller_server-10] [INFO] [1790928321.475648528] [controller_server]: Passing new path to controller.
[INFO] [1790928322.430261116] [mapex_explorer]: Main /plan diagnostic: poses=138, endpoint=(17.99, -2.71), frontier=(17.99, -2.71), endpoint_to_frontier=0.000 m, limit=0.10 m -> usable
[controller_server-10] [INFO] [1790928322.475647016] [controller_server]: Passing new path to controller.
[INFO] [1790928323.471428592] [mapex_explorer]: Main /plan diagnostic: poses=128, endpoint=(17.99, -2.71), frontier=(17.99, -2.71), endpoint_to_frontier=0.000 m, limit=0.10 m -> usable
[controller_server-10] [INFO] [1790928323.475649305] [controller_server]: Passing new path to controller.
[async_slam_toolbox_node-9] W20261002 15:05:23.924166  4595 preprocessor.cc:67] Specified options.num_threads: 50 exceeds maximum available from the threading model Ceres was compiled with: 16.  Bounding to maximum number available.
[INFO] [1790928324.480511590] [mapex_explorer]: Main /plan diagnostic: poses=118, endpoint=(17.99, -2.71), frontier=(17.99, -2.71), endpoint_to_frontier=0.000 m, limit=0.10 m -> usable
[controller_server-10] [INFO] [1790928324.542332798] [controller_server]: Passing new path to controller.
[controller_server-10] [INFO] [1790928325.009017224] [local_costmap.local_costmap]: StaticLayer: Resizing static layer to 563 X 257 at 0.100000 m/pix
[INFO] [1790928325.499662927] [mapex_explorer]: Main /plan diagnostic: poses=108, endpoint=(17.99, -2.71), frontier=(17.99, -2.71), endpoint_to_frontier=0.000 m, limit=0.10 m -> usable
[controller_server-10] [INFO] [1790928325.542346288] [controller_server]: Passing new path to controller.
[planner_server-12] [INFO] [1790928325.675209759] [global_costmap.global_costmap]: StaticLayer: Resizing costmap to 563 X 257 at 0.100000 m/pix
[INFO] [1790928326.533493016] [mapex_explorer]: Main /plan diagnostic: poses=98, endpoint=(17.99, -2.71), frontier=(17.99, -2.71), endpoint_to_frontier=0.000 m, limit=0.10 m -> usable
[controller_server-10] [INFO] [1790928326.542371332] [controller_server]: Passing new path to controller.
[INFO] [1790928327.597435531] [mapex_explorer]: Main /plan diagnostic: poses=85, endpoint=(17.99, -2.71), frontier=(17.99, -2.71), endpoint_to_frontier=0.000 m, limit=0.10 m -> usable
[controller_server-10] [INFO] [1790928327.608990266] [controller_server]: Passing new path to controller.
[INFO] [1790928328.574428982] [mapex_explorer]: Main /plan diagnostic: poses=76, endpoint=(17.99, -2.71), frontier=(17.99, -2.71), endpoint_to_frontier=0.000 m, limit=0.10 m -> usable
[controller_server-10] [INFO] [1790928328.608991090] [controller_server]: Passing new path to controller.
[INFO] [1790928329.601878102] [mapex_explorer]: Main /plan diagnostic: poses=66, endpoint=(17.99, -2.71), frontier=(17.99, -2.71), endpoint_to_frontier=0.000 m, limit=0.10 m -> usable
[controller_server-10] [INFO] [1790928329.675677027] [controller_server]: Passing new path to controller.
[INFO] [1790928330.635727567] [mapex_explorer]: Main /plan diagnostic: poses=56, endpoint=(17.99, -2.71), frontier=(17.99, -2.71), endpoint_to_frontier=0.000 m, limit=0.10 m -> usable
[controller_server-10] [INFO] [1790928330.675649902] [controller_server]: Passing new path to controller.
[INFO] [1790928331.672772124] [mapex_explorer]: Main /plan diagnostic: poses=46, endpoint=(17.99, -2.71), frontier=(17.99, -2.71), endpoint_to_frontier=0.000 m, limit=0.10 m -> usable
[controller_server-10] [INFO] [1790928331.675649570] [controller_server]: Passing new path to controller.
[INFO] [1790928332.688857701] [mapex_explorer]: Main /plan diagnostic: poses=36, endpoint=(17.99, -2.71), frontier=(17.99, -2.71), endpoint_to_frontier=0.000 m, limit=0.10 m -> usable
[controller_server-10] [INFO] [1790928332.742329280] [controller_server]: Passing new path to controller.
[INFO] [1790928333.701825180] [mapex_explorer]: Main /plan diagnostic: poses=26, endpoint=(17.99, -2.71), frontier=(17.99, -2.71), endpoint_to_frontier=0.000 m, limit=0.10 m -> usable
[controller_server-10] [INFO] [1790928333.742356646] [controller_server]: Passing new path to controller.
[INFO] [1790928334.726225062] [mapex_explorer]: Main /plan diagnostic: poses=17, endpoint=(17.99, -2.71), frontier=(17.99, -2.71), endpoint_to_frontier=0.000 m, limit=0.10 m -> usable
[controller_server-10] [INFO] [1790928334.742325503] [controller_server]: Passing new path to controller.
[INFO] [1790928335.748412905] [mapex_explorer]: Main /plan diagnostic: poses=12, endpoint=(17.99, -2.71), frontier=(17.99, -2.71), endpoint_to_frontier=0.000 m, limit=0.10 m -> usable
[controller_server-10] [INFO] [1790928335.808981772] [controller_server]: Passing new path to controller.
[controller_server-10] [INFO] [1790928336.610605543] [controller_server]: Reached the goal!
[controller_server-10] [INFO] [1790928336.610824625] [controller_server]: Optimizer reset
[bt_navigator-15] [INFO] [1790928336.635099370] [bt_navigator]: Goal succeeded
[INFO] [1790928336.717549463] [mapex_explorer]: Goal reached
[INFO] [1790928342.735420427] [mapex_explorer]: MapEx decision 36: selected x=22.99, y=-8.20, IG=9.936337, distance=7.77 m, score=1.278882, region=22, candidates=11, near_fallback=False, compute=5.61 s
[bt_navigator-15] [INFO] [1790928342.736113773] [bt_navigator]: Begin navigating from current location (17.79, -2.44) to (22.99, -8.20)
[controller_server-10] [INFO] [1790928342.757137835] [controller_server]: Received a goal, begin computing control effort.
[INFO] [1790928342.865930864] [mapex_explorer]: Main goal accepted
[INFO] [1790928342.911296677] [mapex_explorer]: Main /plan diagnostic: poses=903, endpoint=(22.99, -8.20), frontier=(22.99, -8.20), endpoint_to_frontier=0.000 m, limit=0.10 m -> usable
[INFO] [1790928343.819793717] [mapex_explorer]: Main /plan diagnostic: poses=898, endpoint=(22.99, -8.20), frontier=(22.99, -8.20), endpoint_to_frontier=0.000 m, limit=0.10 m -> usable
[controller_server-10] [INFO] [1790928343.823992006] [controller_server]: Passing new path to controller.
[INFO] [1790928344.852750425] [mapex_explorer]: Main /plan diagnostic: poses=892, endpoint=(22.99, -8.20), frontier=(22.99, -8.20), endpoint_to_frontier=0.000 m, limit=0.10 m -> usable
[controller_server-10] [INFO] [1790928344.890690314] [controller_server]: Passing new path to controller.
[INFO] [1790928345.887278353] [mapex_explorer]: Main /plan diagnostic: poses=884, endpoint=(22.99, -8.20), frontier=(22.99, -8.20), endpoint_to_frontier=0.000 m, limit=0.10 m -> usable
[controller_server-10] [INFO] [1790928345.890661309] [controller_server]: Passing new path to controller.
[controller_server-10] [INFO] [1790928346.890662053] [controller_server]: Passing new path to controller.
[INFO] [1790928346.891226635] [mapex_explorer]: Main /plan diagnostic: poses=877, endpoint=(22.99, -8.20), frontier=(22.99, -8.20), endpoint_to_frontier=0.000 m, limit=0.10 m -> usable
[INFO] [1790928347.918149345] [mapex_explorer]: Main /plan diagnostic: poses=869, endpoint=(22.99, -8.20), frontier=(22.99, -8.20), endpoint_to_frontier=0.000 m, limit=0.10 m -> usable
[controller_server-10] [INFO] [1790928347.957327171] [controller_server]: Passing new path to controller.
[controller_server-10] [INFO] [1790928348.957340880] [controller_server]: Passing new path to controller.
[INFO] [1790928348.969967042] [mapex_explorer]: Main /plan diagnostic: poses=865, endpoint=(22.99, -8.20), frontier=(22.99, -8.20), endpoint_to_frontier=0.000 m, limit=0.10 m -> usable
[INFO] [1790928350.014247627] [mapex_explorer]: Main /plan diagnostic: poses=857, endpoint=(22.99, -8.20), frontier=(22.99, -8.20), endpoint_to_frontier=0.000 m, limit=0.10 m -> usable
[controller_server-10] [INFO] [1790928350.023992412] [controller_server]: Passing new path to controller.
[controller_server-10] [INFO] [1790928351.023998207] [controller_server]: Passing new path to controller.
[INFO] [1790928351.032851741] [mapex_explorer]: Main /plan diagnostic: poses=850, endpoint=(22.99, -8.20), frontier=(22.99, -8.20), endpoint_to_frontier=0.000 m, limit=0.10 m -> usable
[INFO] [1790928352.044107388] [mapex_explorer]: Main /plan diagnostic: poses=842, endpoint=(22.99, -8.20), frontier=(22.99, -8.20), endpoint_to_frontier=0.000 m, limit=0.10 m -> usable
[controller_server-10] [INFO] [1790928352.090662144] [controller_server]: Passing new path to controller.
[INFO] [1790928353.057564812] [mapex_explorer]: Main /plan diagnostic: poses=836, endpoint=(22.99, -8.20), frontier=(22.99, -8.20), endpoint_to_frontier=0.000 m, limit=0.10 m -> usable
[controller_server-10] [INFO] [1790928353.090664320] [controller_server]: Passing new path to controller.
[controller_server-10] [INFO] [1790928354.090626060] [controller_server]: Passing new path to controller.
[INFO] [1790928354.097126958] [mapex_explorer]: Main /plan diagnostic: poses=828, endpoint=(22.99, -8.20), frontier=(22.99, -8.20), endpoint_to_frontier=0.000 m, limit=0.10 m -> usable
[INFO] [1790928355.139366137] [mapex_explorer]: Main /plan diagnostic: poses=820, endpoint=(22.99, -8.20), frontier=(22.99, -8.20), endpoint_to_frontier=0.000 m, limit=0.10 m -> usable
[controller_server-10] [INFO] [1790928355.157352758] [controller_server]: Passing new path to controller.
[async_slam_toolbox_node-9] W20261002 15:05:55.281742  4595 preprocessor.cc:67] Specified options.num_threads: 50 exceeds maximum available from the threading model Ceres was compiled with: 16.  Bounding to maximum number available.
[async_slam_toolbox_node-9] [INFO] [1790928355.313285078] [slam_toolbox]: Adaptive anchor summary: latest_node=3306, local_edges=3394, loop_history=0, avg_effective_weight=1.088, release_regions=0
[controller_server-10] [INFO] [1790928356.009010826] [local_costmap.local_costmap]: StaticLayer: Resizing static layer to 563 X 257 at 0.100000 m/pix
[controller_server-10] [INFO] [1790928356.157342247] [controller_server]: Passing new path to controller.
[INFO] [1790928356.166950167] [mapex_explorer]: Main /plan diagnostic: poses=813, endpoint=(22.99, -8.20), frontier=(22.99, -8.20), endpoint_to_frontier=0.000 m, limit=0.10 m -> usable
[planner_server-12] [INFO] [1790928356.675219840] [global_costmap.global_costmap]: StaticLayer: Resizing costmap to 563 X 257 at 0.100000 m/pix
[controller_server-10] [INFO] [1790928357.157323820] [controller_server]: Passing new path to controller.
[INFO] [1790928357.200588873] [mapex_explorer]: Main /plan diagnostic: poses=807, endpoint=(22.99, -8.20), frontier=(22.99, -8.20), endpoint_to_frontier=0.000 m, limit=0.10 m -> usable
[INFO] [1790928358.186596715] [mapex_explorer]: Main /plan diagnostic: poses=803, endpoint=(22.99, -8.20), frontier=(22.99, -8.20), endpoint_to_frontier=0.000 m, limit=0.10 m -> usable
[controller_server-10] [INFO] [1790928358.223992426] [controller_server]: Passing new path to controller.
[controller_server-10] [INFO] [1790928359.224070522] [controller_server]: Passing new path to controller.
[INFO] [1790928359.276333555] [mapex_explorer]: Main /plan diagnostic: poses=802, endpoint=(22.99, -8.20), frontier=(22.99, -8.20), endpoint_to_frontier=0.000 m, limit=0.10 m -> usable
[controller_server-10] [INFO] [1790928360.290694603] [controller_server]: Passing new path to controller.
[INFO] [1790928360.353077447] [mapex_explorer]: Main /plan diagnostic: poses=795, endpoint=(22.99, -8.20), frontier=(22.99, -8.20), endpoint_to_frontier=0.000 m, limit=0.10 m -> usable
[INFO] [1790928361.281007910] [mapex_explorer]: Main /plan diagnostic: poses=784, endpoint=(22.99, -8.20), frontier=(22.99, -8.20), endpoint_to_frontier=0.000 m, limit=0.10 m -> usable
[controller_server-10] [INFO] [1790928361.290661335] [controller_server]: Passing new path to controller.
[INFO] [1790928362.315194090] [mapex_explorer]: Main /plan diagnostic: poses=776, endpoint=(22.99, -8.20), frontier=(22.99, -8.20), endpoint_to_frontier=0.000 m, limit=0.10 m -> usable
[controller_server-10] [INFO] [1790928362.357332465] [controller_server]: Passing new path to controller.
[controller_server-10] [INFO] [1790928363.357352437] [controller_server]: Passing new path to controller.
[INFO] [1790928363.386799305] [mapex_explorer]: Main /plan diagnostic: poses=764, endpoint=(22.99, -8.20), frontier=(22.99, -8.20), endpoint_to_frontier=0.000 m, limit=0.10 m -> usable
[controller_server-10] [INFO] [1790928364.423992867] [controller_server]: Passing new path to controller.
[INFO] [1790928364.441122275] [mapex_explorer]: Main /plan diagnostic: poses=758, endpoint=(22.99, -8.20), frontier=(22.99, -8.20), endpoint_to_frontier=0.000 m, limit=0.10 m -> usable
[INFO] [1790928365.394035859] [mapex_explorer]: Main /plan diagnostic: poses=746, endpoint=(22.99, -8.20), frontier=(22.99, -8.20), endpoint_to_frontier=0.000 m, limit=0.10 m -> usable
[controller_server-10] [INFO] [1790928365.424006762] [controller_server]: Passing new path to controller.
[async_slam_toolbox_node-9] W20261002 15:06:05.682945  4595 preprocessor.cc:67] Specified options.num_threads: 50 exceeds maximum available from the threading model Ceres was compiled with: 16.  Bounding to maximum number available.
[controller_server-10] [INFO] [1790928366.009008202] [local_costmap.local_costmap]: StaticLayer: Resizing static layer to 563 X 257 at 0.100000 m/pix
[controller_server-10] [INFO] [1790928366.424018914] [controller_server]: Passing new path to controller.
[INFO] [1790928366.451545221] [mapex_explorer]: Main /plan diagnostic: poses=735, endpoint=(22.99, -8.20), frontier=(22.99, -8.20), endpoint_to_frontier=0.000 m, limit=0.10 m -> usable
[planner_server-12] [INFO] [1790928366.675227821] [global_costmap.global_costmap]: StaticLayer: Resizing costmap to 563 X 257 at 0.100000 m/pix
[INFO] [1790928367.479728097] [mapex_explorer]: Main /plan diagnostic: poses=725, endpoint=(22.99, -8.20), frontier=(22.99, -8.20), endpoint_to_frontier=0.000 m, limit=0.10 m -> usable
[controller_server-10] [INFO] [1790928367.490666190] [controller_server]: Passing new path to controller.
[controller_server-10] [INFO] [1790928368.490668577] [controller_server]: Passing new path to controller.
[INFO] [1790928368.528714420] [mapex_explorer]: Main /plan diagnostic: poses=716, endpoint=(22.99, -8.20), frontier=(22.99, -8.20), endpoint_to_frontier=0.000 m, limit=0.10 m -> usable
[async_slam_toolbox_node-9] W20261002 15:06:08.997901  4595 preprocessor.cc:67] Specified options.num_threads: 50 exceeds maximum available from the threading model Ceres was compiled with: 16.  Bounding to maximum number available.
[INFO] [1790928369.499765463] [mapex_explorer]: Main /plan diagnostic: poses=704, endpoint=(22.99, -8.20), frontier=(22.99, -8.20), endpoint_to_frontier=0.000 m, limit=0.10 m -> usable
[controller_server-10] [INFO] [1790928369.557366627] [controller_server]: Passing new path to controller.
[controller_server-10] [INFO] [1790928370.009159469] [local_costmap.local_costmap]: StaticLayer: Resizing static layer to 563 X 257 at 0.100000 m/pix
[INFO] [1790928370.546930879] [mapex_explorer]: Main /plan diagnostic: poses=693, endpoint=(22.99, -8.20), frontier=(22.99, -8.20), endpoint_to_frontier=0.000 m, limit=0.10 m -> usable
[controller_server-10] [INFO] [1790928370.557351205] [controller_server]: Passing new path to controller.
[planner_server-12] [INFO] [1790928370.675232406] [global_costmap.global_costmap]: StaticLayer: Resizing costmap to 563 X 257 at 0.100000 m/pix
[controller_server-10] [INFO] [1790928371.557324988] [controller_server]: Passing new path to controller.
[INFO] [1790928371.573848666] [mapex_explorer]: Main /plan diagnostic: poses=684, endpoint=(22.99, -8.20), frontier=(22.99, -8.20), endpoint_to_frontier=0.000 m, limit=0.10 m -> usable
[INFO] [1790928372.587484349] [mapex_explorer]: Main /plan diagnostic: poses=673, endpoint=(22.99, -8.20), frontier=(22.99, -8.20), endpoint_to_frontier=0.000 m, limit=0.10 m -> usable
[controller_server-10] [INFO] [1790928372.624007743] [controller_server]: Passing new path to controller.
[INFO] [1790928373.616320351] [mapex_explorer]: Main /plan diagnostic: poses=663, endpoint=(22.99, -8.20), frontier=(22.99, -8.20), endpoint_to_frontier=0.000 m, limit=0.10 m -> usable
[controller_server-10] [INFO] [1790928373.623992648] [controller_server]: Passing new path to controller.
[INFO] [1790928374.674825467] [mapex_explorer]: Main /plan diagnostic: poses=651, endpoint=(22.99, -8.20), frontier=(22.99, -8.20), endpoint_to_frontier=0.000 m, limit=0.10 m -> usable
[controller_server-10] [INFO] [1790928374.690692811] [controller_server]: Passing new path to controller.
[async_slam_toolbox_node-9] W20261002 15:06:15.099458  4595 preprocessor.cc:67] Specified options.num_threads: 50 exceeds maximum available from the threading model Ceres was compiled with: 16.  Bounding to maximum number available.
[async_slam_toolbox_node-9] [INFO] [1790928375.120440222] [slam_toolbox]: Adaptive anchor summary: latest_node=3367, local_edges=3455, loop_history=0, avg_effective_weight=1.086, release_regions=0
[controller_server-10] [INFO] [1790928375.690689049] [controller_server]: Passing new path to controller.
[INFO] [1790928375.702207908] [mapex_explorer]: Main /plan diagnostic: poses=641, endpoint=(22.99, -8.20), frontier=(22.99, -8.20), endpoint_to_frontier=0.000 m, limit=0.10 m -> usable
[controller_server-10] [INFO] [1790928376.009013001] [local_costmap.local_costmap]: StaticLayer: Resizing static layer to 563 X 257 at 0.100000 m/pix
[planner_server-12] [INFO] [1790928376.675210784] [global_costmap.global_costmap]: StaticLayer: Resizing costmap to 563 X 257 at 0.100000 m/pix
[INFO] [1790928376.753029989] [mapex_explorer]: Main /plan diagnostic: poses=631, endpoint=(22.99, -8.20), frontier=(22.99, -8.20), endpoint_to_frontier=0.000 m, limit=0.10 m -> usable
[controller_server-10] [INFO] [1790928376.757347821] [controller_server]: Passing new path to controller.
[INFO] [1790928377.743685995] [mapex_explorer]: Main /plan diagnostic: poses=621, endpoint=(22.99, -8.20), frontier=(22.99, -8.20), endpoint_to_frontier=0.000 m, limit=0.10 m -> usable
[controller_server-10] [INFO] [1790928377.757338189] [controller_server]: Passing new path to controller.
[controller_server-10] [INFO] [1790928378.823993639] [controller_server]: Passing new path to controller.
[INFO] [1790928378.830575710] [mapex_explorer]: Main /plan diagnostic: poses=612, endpoint=(22.99, -8.20), frontier=(22.99, -8.20), endpoint_to_frontier=0.000 m, limit=0.10 m -> usable
[INFO] [1790928379.805992185] [mapex_explorer]: Main /plan diagnostic: poses=601, endpoint=(22.99, -8.20), frontier=(22.99, -8.20), endpoint_to_frontier=0.000 m, limit=0.10 m -> usable
[controller_server-10] [INFO] [1790928379.823992881] [controller_server]: Passing new path to controller.
[INFO] [1790928380.829303561] [mapex_explorer]: Main /plan diagnostic: poses=591, endpoint=(22.99, -8.20), frontier=(22.99, -8.20), endpoint_to_frontier=0.000 m, limit=0.10 m -> usable
[controller_server-10] [INFO] [1790928380.890683834] [controller_server]: Passing new path to controller.
[INFO] [1790928381.859113348] [mapex_explorer]: Main /plan diagnostic: poses=579, endpoint=(22.99, -8.20), frontier=(22.99, -8.20), endpoint_to_frontier=0.000 m, limit=0.10 m -> usable
[controller_server-10] [INFO] [1790928381.890663697] [controller_server]: Passing new path to controller.
[INFO] [1790928382.887980557] [mapex_explorer]: Main /plan diagnostic: poses=569, endpoint=(22.99, -8.20), frontier=(22.99, -8.20), endpoint_to_frontier=0.000 m, limit=0.10 m -> usable
[controller_server-10] [INFO] [1790928382.890665901] [controller_server]: Passing new path to controller.
[INFO] [1790928383.911984978] [mapex_explorer]: Main /plan diagnostic: poses=560, endpoint=(22.99, -8.20), frontier=(22.99, -8.20), endpoint_to_frontier=0.000 m, limit=0.10 m -> usable
[controller_server-10] [WARN] [1790928383.973856933] [controller_server]: Control loop missed its desired rate of 15.0000 Hz. Current loop rate is 12.0482 Hz.
[controller_server-10] [INFO] [1790928383.973922566] [controller_server]: Passing new path to controller.
[controller_server-10] [INFO] [1790928384.973985256] [controller_server]: Passing new path to controller.
[INFO] [1790928385.016345306] [mapex_explorer]: Main /plan diagnostic: poses=549, endpoint=(22.99, -8.20), frontier=(22.99, -8.20), endpoint_to_frontier=0.000 m, limit=0.10 m -> usable
[INFO] [1790928386.024310601] [mapex_explorer]: Main /plan diagnostic: poses=539, endpoint=(22.99, -8.20), frontier=(22.99, -8.20), endpoint_to_frontier=0.000 m, limit=0.10 m -> usable
[controller_server-10] [INFO] [1790928386.040650228] [controller_server]: Passing new path to controller.
[INFO] [1790928387.009671979] [mapex_explorer]: Main /plan diagnostic: poses=529, endpoint=(22.99, -8.20), frontier=(22.99, -8.20), endpoint_to_frontier=0.000 m, limit=0.10 m -> usable
[controller_server-10] [INFO] [1790928387.040650142] [controller_server]: Passing new path to controller.
[INFO] [1790928388.039298641] [mapex_explorer]: Main /plan diagnostic: poses=520, endpoint=(22.99, -8.20), frontier=(22.99, -8.20), endpoint_to_frontier=0.000 m, limit=0.10 m -> usable
[controller_server-10] [INFO] [1790928388.040647918] [controller_server]: Passing new path to controller.
[INFO] [1790928389.063646748] [mapex_explorer]: Main /plan diagnostic: poses=509, endpoint=(22.99, -8.20), frontier=(22.99, -8.20), endpoint_to_frontier=0.000 m, limit=0.10 m -> usable
[controller_server-10] [INFO] [1790928389.107320381] [controller_server]: Passing new path to controller.
[controller_server-10] [INFO] [1790928390.107339777] [controller_server]: Passing new path to controller.
[INFO] [1790928390.117440667] [mapex_explorer]: Main /plan diagnostic: poses=497, endpoint=(22.99, -8.20), frontier=(22.99, -8.20), endpoint_to_frontier=0.000 m, limit=0.10 m -> usable
[INFO] [1790928391.165714878] [mapex_explorer]: Main /plan diagnostic: poses=489, endpoint=(22.99, -8.20), frontier=(22.99, -8.20), endpoint_to_frontier=0.000 m, limit=0.10 m -> usable
[controller_server-10] [INFO] [1790928391.174008851] [controller_server]: Passing new path to controller.
[controller_server-10] [INFO] [1790928392.174007047] [controller_server]: Passing new path to controller.
[INFO] [1790928392.198031296] [mapex_explorer]: Main /plan diagnostic: poses=477, endpoint=(22.99, -8.20), frontier=(22.99, -8.20), endpoint_to_frontier=0.000 m, limit=0.10 m -> usable
[controller_server-10] [INFO] [1790928393.240648004] [controller_server]: Passing new path to controller.
[INFO] [1790928393.251575292] [mapex_explorer]: Main /plan diagnostic: poses=468, endpoint=(22.99, -8.20), frontier=(22.99, -8.20), endpoint_to_frontier=0.000 m, limit=0.10 m -> usable
[controller_server-10] [INFO] [1790928394.240647042] [controller_server]: Passing new path to controller.
[INFO] [1790928394.273326478] [mapex_explorer]: Main /plan diagnostic: poses=457, endpoint=(22.99, -8.20), frontier=(22.99, -8.20), endpoint_to_frontier=0.000 m, limit=0.10 m -> usable
[INFO] [1790928395.237912383] [mapex_explorer]: Main /plan diagnostic: poses=448, endpoint=(22.99, -8.20), frontier=(22.99, -8.20), endpoint_to_frontier=0.000 m, limit=0.10 m -> usable
[controller_server-10] [INFO] [1790928395.307389423] [controller_server]: Passing new path to controller.
[INFO] [1790928396.306680296] [mapex_explorer]: Main /plan diagnostic: poses=437, endpoint=(22.99, -8.20), frontier=(22.99, -8.20), endpoint_to_frontier=0.000 m, limit=0.10 m -> usable
[controller_server-10] [INFO] [1790928396.307314533] [controller_server]: Passing new path to controller.
[INFO] [1790928397.298765916] [mapex_explorer]: Main /plan diagnostic: poses=428, endpoint=(22.99, -8.20), frontier=(22.99, -8.20), endpoint_to_frontier=0.000 m, limit=0.10 m -> usable
[controller_server-10] [INFO] [1790928397.307319056] [controller_server]: Passing new path to controller.
[async_slam_toolbox_node-9] W20261002 15:06:37.944185  4595 preprocessor.cc:67] Specified options.num_threads: 50 exceeds maximum available from the threading model Ceres was compiled with: 16.  Bounding to maximum number available.
[async_slam_toolbox_node-9] [INFO] [1790928397.963784116] [slam_toolbox]: Adaptive anchor summary: latest_node=3435, local_edges=3523, loop_history=0, avg_effective_weight=1.084, release_regions=0
[INFO] [1790928398.351918257] [mapex_explorer]: Main /plan diagnostic: poses=418, endpoint=(22.99, -8.20), frontier=(22.99, -8.20), endpoint_to_frontier=0.000 m, limit=0.10 m -> usable
[controller_server-10] [INFO] [1790928398.374006494] [controller_server]: Passing new path to controller.
[controller_server-10] [INFO] [1790928399.009012621] [local_costmap.local_costmap]: StaticLayer: Resizing static layer to 563 X 257 at 0.100000 m/pix
[controller_server-10] [INFO] [1790928399.373980467] [controller_server]: Passing new path to controller.
[INFO] [1790928399.446174616] [mapex_explorer]: Main /plan diagnostic: poses=408, endpoint=(22.99, -8.20), frontier=(22.99, -8.20), endpoint_to_frontier=0.000 m, limit=0.10 m -> usable
[planner_server-12] [INFO] [1790928399.675225252] [global_costmap.global_costmap]: StaticLayer: Resizing costmap to 563 X 257 at 0.100000 m/pix
[INFO] [1790928400.397676332] [mapex_explorer]: Main /plan diagnostic: poses=399, endpoint=(22.99, -8.20), frontier=(22.99, -8.20), endpoint_to_frontier=0.000 m, limit=0.10 m -> usable
[controller_server-10] [INFO] [1790928400.440650761] [controller_server]: Passing new path to controller.
[async_slam_toolbox_node-9] W20261002 15:06:41.350889  4595 preprocessor.cc:67] Specified options.num_threads: 50 exceeds maximum available from the threading model Ceres was compiled with: 16.  Bounding to maximum number available.
[INFO] [1790928401.399349746] [mapex_explorer]: Main /plan diagnostic: poses=388, endpoint=(22.99, -8.20), frontier=(22.99, -8.20), endpoint_to_frontier=0.000 m, limit=0.10 m -> usable
[controller_server-10] [INFO] [1790928401.440650951] [controller_server]: Passing new path to controller.
[controller_server-10] [INFO] [1790928402.009044763] [local_costmap.local_costmap]: StaticLayer: Resizing static layer to 563 X 257 at 0.100000 m/pix
[controller_server-10] [INFO] [1790928402.440646590] [controller_server]: Passing new path to controller.
[INFO] [1790928402.445078864] [mapex_explorer]: Main /plan diagnostic: poses=376, endpoint=(22.99, -8.20), frontier=(22.99, -8.20), endpoint_to_frontier=0.000 m, limit=0.10 m -> usable
[planner_server-12] [INFO] [1790928402.675215795] [global_costmap.global_costmap]: StaticLayer: Resizing costmap to 563 X 257 at 0.100000 m/pix
[INFO] [1790928403.458476173] [mapex_explorer]: Main /plan diagnostic: poses=366, endpoint=(22.99, -8.20), frontier=(22.99, -8.20), endpoint_to_frontier=0.000 m, limit=0.10 m -> usable
[controller_server-10] [INFO] [1790928403.507317989] [controller_server]: Passing new path to controller.
[INFO] [1790928404.491019749] [mapex_explorer]: Main /plan diagnostic: poses=355, endpoint=(22.99, -8.20), frontier=(22.99, -8.20), endpoint_to_frontier=0.000 m, limit=0.10 m -> usable
[controller_server-10] [INFO] [1790928404.507345042] [controller_server]: Passing new path to controller.
[INFO] [1790928405.531406447] [mapex_explorer]: Main /plan diagnostic: poses=345, endpoint=(22.99, -8.20), frontier=(22.99, -8.20), endpoint_to_frontier=0.000 m, limit=0.10 m -> usable
[async_slam_toolbox_node-9] W20261002 15:06:45.559367  4595 preprocessor.cc:67] Specified options.num_threads: 50 exceeds maximum available from the threading model Ceres was compiled with: 16.  Bounding to maximum number available.
[controller_server-10] [INFO] [1790928405.573980542] [controller_server]: Passing new path to controller.
[controller_server-10] [INFO] [1790928406.009071982] [local_costmap.local_costmap]: StaticLayer: Resizing static layer to 563 X 257 at 0.100000 m/pix
[controller_server-10] [INFO] [1790928406.573978955] [controller_server]: Passing new path to controller.
[INFO] [1790928406.599601759] [mapex_explorer]: Main /plan diagnostic: poses=335, endpoint=(22.99, -8.20), frontier=(22.99, -8.20), endpoint_to_frontier=0.000 m, limit=0.10 m -> usable
[planner_server-12] [INFO] [1790928406.675214138] [global_costmap.global_costmap]: StaticLayer: Resizing costmap to 563 X 257 at 0.100000 m/pix
[controller_server-10] [INFO] [1790928407.573986505] [controller_server]: Passing new path to controller.
[INFO] [1790928407.586206359] [mapex_explorer]: Main /plan diagnostic: poses=327, endpoint=(22.99, -8.20), frontier=(22.99, -8.20), endpoint_to_frontier=0.000 m, limit=0.10 m -> usable
[INFO] [1790928408.613224931] [mapex_explorer]: Main /plan diagnostic: poses=316, endpoint=(22.99, -8.20), frontier=(22.99, -8.20), endpoint_to_frontier=0.000 m, limit=0.10 m -> usable
[controller_server-10] [INFO] [1790928408.640674802] [controller_server]: Passing new path to controller.
[INFO] [1790928409.616205847] [mapex_explorer]: Main /plan diagnostic: poses=306, endpoint=(22.99, -8.20), frontier=(22.99, -8.20), endpoint_to_frontier=0.000 m, limit=0.10 m -> usable
[controller_server-10] [INFO] [1790928409.640649101] [controller_server]: Passing new path to controller.
[async_slam_toolbox_node-9] W20261002 15:06:50.373538  4595 preprocessor.cc:67] Specified options.num_threads: 50 exceeds maximum available from the threading model Ceres was compiled with: 16.  Bounding to maximum number available.
[INFO] [1790928410.678238950] [mapex_explorer]: Main /plan diagnostic: poses=295, endpoint=(22.99, -8.20), frontier=(22.99, -8.20), endpoint_to_frontier=0.000 m, limit=0.10 m -> usable
[controller_server-10] [INFO] [1790928410.707347728] [controller_server]: Passing new path to controller.
[rviz2-7] [INFO] [1790928410.934862510] [rviz2]: Trying to create a map of size 563 x 256 using 1 swatches
[controller_server-10] [INFO] [1790928411.009014106] [local_costmap.local_costmap]: StaticLayer: Resizing static layer to 563 X 256 at 0.100000 m/pix
[INFO] [1790928411.675337966] [mapex_explorer]: Main /plan diagnostic: poses=285, endpoint=(22.99, -8.20), frontier=(22.99, -8.20), endpoint_to_frontier=0.000 m, limit=0.10 m -> usable
[planner_server-12] [INFO] [1790928411.675215636] [global_costmap.global_costmap]: StaticLayer: Resizing costmap to 563 X 256 at 0.100000 m/pix
[controller_server-10] [INFO] [1790928411.707337682] [controller_server]: Passing new path to controller.
[controller_server-10] [INFO] [1790928412.707328421] [controller_server]: Passing new path to controller.
[INFO] [1790928412.713771252] [mapex_explorer]: Main /plan diagnostic: poses=276, endpoint=(22.99, -8.20), frontier=(22.99, -8.20), endpoint_to_frontier=0.000 m, limit=0.10 m -> usable
[INFO] [1790928413.733371771] [mapex_explorer]: Main /plan diagnostic: poses=264, endpoint=(22.99, -8.20), frontier=(22.99, -8.20), endpoint_to_frontier=0.000 m, limit=0.10 m -> usable
[controller_server-10] [INFO] [1790928413.773980669] [controller_server]: Passing new path to controller.
[INFO] [1790928414.754377715] [mapex_explorer]: Main /plan diagnostic: poses=255, endpoint=(22.99, -8.20), frontier=(22.99, -8.20), endpoint_to_frontier=0.000 m, limit=0.10 m -> usable
[controller_server-10] [INFO] [1790928414.774008752] [controller_server]: Passing new path to controller.
[async_slam_toolbox_node-9] W20261002 15:06:55.199637  4595 preprocessor.cc:67] Specified options.num_threads: 50 exceeds maximum available from the threading model Ceres was compiled with: 16.  Bounding to maximum number available.
[async_slam_toolbox_node-9] [INFO] [1790928415.221149392] [slam_toolbox]: Adaptive anchor summary: latest_node=3503, local_edges=3593, loop_history=0, avg_effective_weight=1.083, release_regions=0
[INFO] [1790928415.808533417] [mapex_explorer]: Main /plan diagnostic: poses=244, endpoint=(22.99, -8.20), frontier=(22.99, -8.20), endpoint_to_frontier=0.000 m, limit=0.10 m -> usable
[controller_server-10] [INFO] [1790928415.840646626] [controller_server]: Passing new path to controller.
[controller_server-10] [INFO] [1790928416.009098366] [local_costmap.local_costmap]: StaticLayer: Resizing static layer to 563 X 256 at 0.100000 m/pix
[planner_server-12] [INFO] [1790928416.675249840] [global_costmap.global_costmap]: StaticLayer: Resizing costmap to 563 X 256 at 0.100000 m/pix
[INFO] [1790928416.837499436] [mapex_explorer]: Main /plan diagnostic: poses=233, endpoint=(22.99, -8.20), frontier=(22.99, -8.20), endpoint_to_frontier=0.000 m, limit=0.10 m -> usable
[controller_server-10] [INFO] [1790928416.840645363] [controller_server]: Passing new path to controller.
[INFO] [1790928417.860374719] [mapex_explorer]: Main /plan diagnostic: poses=223, endpoint=(22.99, -8.20), frontier=(22.99, -8.20), endpoint_to_frontier=0.000 m, limit=0.10 m -> usable
[controller_server-10] [INFO] [1790928417.907314409] [controller_server]: Passing new path to controller.
[async_slam_toolbox_node-9] W20261002 15:06:58.608873  4595 preprocessor.cc:67] Specified options.num_threads: 50 exceeds maximum available from the threading model Ceres was compiled with: 16.  Bounding to maximum number available.
[INFO] [1790928418.871162908] [mapex_explorer]: Main /plan diagnostic: poses=213, endpoint=(22.99, -8.20), frontier=(22.99, -8.20), endpoint_to_frontier=0.000 m, limit=0.10 m -> usable
[controller_server-10] [INFO] [1790928418.907311299] [controller_server]: Passing new path to controller.
[controller_server-10] [INFO] [1790928419.009017005] [local_costmap.local_costmap]: StaticLayer: Resizing static layer to 563 X 256 at 0.100000 m/pix
[planner_server-12] [INFO] [1790928419.675345251] [global_costmap.global_costmap]: StaticLayer: Resizing costmap to 563 X 256 at 0.100000 m/pix
[INFO] [1790928419.892327878] [mapex_explorer]: Main /plan diagnostic: poses=204, endpoint=(22.99, -8.20), frontier=(22.99, -8.20), endpoint_to_frontier=0.000 m, limit=0.10 m -> usable
[controller_server-10] [INFO] [1790928419.907311304] [controller_server]: Passing new path to controller.
[INFO] [1790928420.934689241] [mapex_explorer]: Main /plan diagnostic: poses=194, endpoint=(22.99, -8.20), frontier=(22.99, -8.20), endpoint_to_frontier=0.000 m, limit=0.10 m -> usable
[controller_server-10] [INFO] [1790928420.974019794] [controller_server]: Passing new path to controller.
[INFO] [1790928421.960207828] [mapex_explorer]: Main /plan diagnostic: poses=184, endpoint=(22.99, -8.20), frontier=(22.99, -8.20), endpoint_to_frontier=0.000 m, limit=0.10 m -> usable
[controller_server-10] [INFO] [1790928421.974008887] [controller_server]: Passing new path to controller.
[INFO] [1790928422.978114760] [mapex_explorer]: Main /plan diagnostic: poses=174, endpoint=(22.99, -8.20), frontier=(22.99, -8.20), endpoint_to_frontier=0.000 m, limit=0.10 m -> usable
[controller_server-10] [INFO] [1790928423.040668687] [controller_server]: Passing new path to controller.
[INFO] [1790928423.995366139] [mapex_explorer]: Main /plan diagnostic: poses=164, endpoint=(22.99, -8.20), frontier=(22.99, -8.20), endpoint_to_frontier=0.000 m, limit=0.10 m -> usable
[controller_server-10] [INFO] [1790928424.040649604] [controller_server]: Passing new path to controller.
[INFO] [1790928425.021876062] [mapex_explorer]: Main /plan diagnostic: poses=154, endpoint=(22.99, -8.20), frontier=(22.99, -8.20), endpoint_to_frontier=0.000 m, limit=0.10 m -> usable
[controller_server-10] [INFO] [1790928425.040653654] [controller_server]: Passing new path to controller.
[INFO] [1790928426.054590057] [mapex_explorer]: Main /plan diagnostic: poses=144, endpoint=(22.99, -8.20), frontier=(22.99, -8.20), endpoint_to_frontier=0.000 m, limit=0.10 m -> usable
[controller_server-10] [INFO] [1790928426.107357510] [controller_server]: Passing new path to controller.
[INFO] [1790928427.106429448] [mapex_explorer]: Main /plan diagnostic: poses=133, endpoint=(22.99, -8.20), frontier=(22.99, -8.20), endpoint_to_frontier=0.000 m, limit=0.10 m -> usable
[controller_server-10] [INFO] [1790928427.107319911] [controller_server]: Passing new path to controller.
[controller_server-10] [INFO] [1790928428.107310470] [controller_server]: Passing new path to controller.
[INFO] [1790928428.137241245] [mapex_explorer]: Main /plan diagnostic: poses=123, endpoint=(22.99, -8.20), frontier=(22.99, -8.20), endpoint_to_frontier=0.000 m, limit=0.10 m -> usable
[INFO] [1790928429.130656947] [mapex_explorer]: Main /plan diagnostic: poses=113, endpoint=(22.99, -8.20), frontier=(22.99, -8.20), endpoint_to_frontier=0.000 m, limit=0.10 m -> usable
[controller_server-10] [INFO] [1790928429.173987074] [controller_server]: Passing new path to controller.
[INFO] [1790928430.135899942] [mapex_explorer]: Main /plan diagnostic: poses=102, endpoint=(22.99, -8.20), frontier=(22.99, -8.20), endpoint_to_frontier=0.000 m, limit=0.10 m -> usable
[controller_server-10] [INFO] [1790928430.173985381] [controller_server]: Passing new path to controller.
[INFO] [1790928431.171695647] [mapex_explorer]: Main /plan diagnostic: poses=93, endpoint=(22.99, -8.20), frontier=(22.99, -8.20), endpoint_to_frontier=0.000 m, limit=0.10 m -> usable
[controller_server-10] [INFO] [1790928431.240651832] [controller_server]: Passing new path to controller.
[INFO] [1790928432.196396091] [mapex_explorer]: Main /plan diagnostic: poses=82, endpoint=(22.99, -8.20), frontier=(22.99, -8.20), endpoint_to_frontier=0.000 m, limit=0.10 m -> usable
[controller_server-10] [INFO] [1790928432.240649304] [controller_server]: Passing new path to controller.
[INFO] [1790928433.211132896] [mapex_explorer]: Main /plan diagnostic: poses=73, endpoint=(22.99, -8.20), frontier=(22.99, -8.20), endpoint_to_frontier=0.000 m, limit=0.10 m -> usable
[controller_server-10] [INFO] [1790928433.240656570] [controller_server]: Passing new path to controller.
[INFO] [1790928434.261724817] [mapex_explorer]: Main /plan diagnostic: poses=64, endpoint=(22.99, -8.20), frontier=(22.99, -8.20), endpoint_to_frontier=0.000 m, limit=0.10 m -> usable
[controller_server-10] [INFO] [1790928434.307314165] [controller_server]: Passing new path to controller.
[INFO] [1790928435.250495178] [mapex_explorer]: Main /plan diagnostic: poses=56, endpoint=(22.99, -8.20), frontier=(22.99, -8.20), endpoint_to_frontier=0.000 m, limit=0.10 m -> usable
[controller_server-10] [INFO] [1790928435.307313333] [controller_server]: Passing new path to controller.
[INFO] [1790928436.295138057] [mapex_explorer]: Main /plan diagnostic: poses=46, endpoint=(22.99, -8.20), frontier=(22.99, -8.20), endpoint_to_frontier=0.000 m, limit=0.10 m -> usable
[controller_server-10] [INFO] [1790928436.307313250] [controller_server]: Passing new path to controller.
[INFO] [1790928437.311521753] [mapex_explorer]: Main /plan diagnostic: poses=36, endpoint=(22.99, -8.20), frontier=(22.99, -8.20), endpoint_to_frontier=0.000 m, limit=0.10 m -> usable
[controller_server-10] [INFO] [1790928437.374126938] [controller_server]: Passing new path to controller.
[INFO] [1790928438.343305572] [mapex_explorer]: Main /plan diagnostic: poses=25, endpoint=(22.99, -8.20), frontier=(22.99, -8.20), endpoint_to_frontier=0.000 m, limit=0.10 m -> usable
[controller_server-10] [INFO] [1790928438.374007350] [controller_server]: Passing new path to controller.
[controller_server-10] [INFO] [1790928439.374008791] [controller_server]: Passing new path to controller.
[INFO] [1790928439.384648941] [mapex_explorer]: Main /plan diagnostic: poses=16, endpoint=(22.99, -8.20), frontier=(22.99, -8.20), endpoint_to_frontier=0.000 m, limit=0.10 m -> usable
[INFO] [1790928440.384841334] [mapex_explorer]: Main /plan diagnostic: poses=11, endpoint=(22.99, -8.20), frontier=(22.99, -8.20), endpoint_to_frontier=0.000 m, limit=0.10 m -> usable
[controller_server-10] [INFO] [1790928440.440648548] [controller_server]: Passing new path to controller.
[controller_server-10] [INFO] [1790928441.177546915] [controller_server]: Reached the goal!
[controller_server-10] [INFO] [1790928441.178215571] [controller_server]: Optimizer reset
[bt_navigator-15] [INFO] [1790928441.206434826] [bt_navigator]: Goal succeeded
[INFO] [1790928441.212372491] [mapex_explorer]: Goal reached
[INFO] [1790928448.040481176] [mapex_explorer]: MapEx decision 37: selected x=25.40, y=-8.09, IG=4.235332, distance=2.38 m, score=1.780010, region=23, candidates=10, near_fallback=False, compute=5.97 s
[bt_navigator-15] [INFO] [1790928448.041177553] [bt_navigator]: Begin navigating from current location (23.06, -8.52) to (25.40, -8.09)
[controller_server-10] [INFO] [1790928448.062063195] [controller_server]: Received a goal, begin computing control effort.
[INFO] [1790928448.318902389] [mapex_explorer]: Main goal accepted
[INFO] [1790928448.589477913] [mapex_explorer]: Main /plan diagnostic: poses=144, endpoint=(25.40, -8.09), frontier=(25.40, -8.09), endpoint_to_frontier=0.000 m, limit=0.10 m -> usable
[controller_server-10] [WARN] [1790928449.031277002] [controller_server]: Control loop missed its desired rate of 15.0000 Hz. Current loop rate is 10.0000 Hz.
[INFO] [1790928449.082267710] [mapex_explorer]: Main /plan diagnostic: poses=140, endpoint=(25.40, -8.09), frontier=(25.40, -8.09), endpoint_to_frontier=0.000 m, limit=0.10 m -> usable
[controller_server-10] [INFO] [1790928449.098084711] [controller_server]: Passing new path to controller.
[INFO] [1790928450.156991557] [mapex_explorer]: Main /plan diagnostic: poses=137, endpoint=(25.40, -8.09), frontier=(25.40, -8.09), endpoint_to_frontier=0.000 m, limit=0.10 m -> usable
[controller_server-10] [INFO] [1790928450.164735677] [controller_server]: Passing new path to controller.
[INFO] [1790928451.144056998] [mapex_explorer]: Main /plan diagnostic: poses=137, endpoint=(25.40, -8.09), frontier=(25.40, -8.09), endpoint_to_frontier=0.000 m, limit=0.10 m -> usable
[controller_server-10] [INFO] [1790928451.164757066] [controller_server]: Passing new path to controller.
[INFO] [1790928452.185221637] [mapex_explorer]: Main /plan diagnostic: poses=131, endpoint=(25.40, -8.09), frontier=(25.40, -8.09), endpoint_to_frontier=0.000 m, limit=0.10 m -> usable
[controller_server-10] [INFO] [1790928452.231410831] [controller_server]: Passing new path to controller.
[INFO] [1790928453.187564630] [mapex_explorer]: Main /plan diagnostic: poses=119, endpoint=(25.40, -8.09), frontier=(25.40, -8.09), endpoint_to_frontier=0.000 m, limit=0.10 m -> usable
[controller_server-10] [INFO] [1790928453.231412780] [controller_server]: Passing new path to controller.
[controller_server-10] [INFO] [1790928454.231374061] [controller_server]: Passing new path to controller.
[INFO] [1790928454.232412619] [mapex_explorer]: Main /plan diagnostic: poses=109, endpoint=(25.40, -8.09), frontier=(25.40, -8.09), endpoint_to_frontier=0.000 m, limit=0.10 m -> usable
[INFO] [1790928455.238428771] [mapex_explorer]: Main /plan diagnostic: poses=99, endpoint=(25.40, -8.09), frontier=(25.40, -8.09), endpoint_to_frontier=0.000 m, limit=0.10 m -> usable
[controller_server-10] [INFO] [1790928455.298039439] [controller_server]: Passing new path to controller.
[INFO] [1790928456.260236669] [mapex_explorer]: Main /plan diagnostic: poses=89, endpoint=(25.40, -8.09), frontier=(25.40, -8.09), endpoint_to_frontier=0.000 m, limit=0.10 m -> usable
[controller_server-10] [INFO] [1790928456.298063089] [controller_server]: Passing new path to controller.
[INFO] [1790928457.325085550] [mapex_explorer]: Main /plan diagnostic: poses=79, endpoint=(25.40, -8.09), frontier=(25.40, -8.09), endpoint_to_frontier=0.000 m, limit=0.10 m -> usable
[controller_server-10] [INFO] [1790928457.364705580] [controller_server]: Passing new path to controller.
[INFO] [1790928458.308086696] [mapex_explorer]: Main /plan diagnostic: poses=68, endpoint=(25.40, -8.09), frontier=(25.40, -8.09), endpoint_to_frontier=0.000 m, limit=0.10 m -> usable
[controller_server-10] [INFO] [1790928458.364734188] [controller_server]: Passing new path to controller.
[INFO] [1790928459.338902551] [mapex_explorer]: Main /plan diagnostic: poses=57, endpoint=(25.40, -8.09), frontier=(25.40, -8.09), endpoint_to_frontier=0.000 m, limit=0.10 m -> usable
[controller_server-10] [INFO] [1790928459.364706232] [controller_server]: Passing new path to controller.
[INFO] [1790928460.365353089] [mapex_explorer]: Main /plan diagnostic: poses=48, endpoint=(25.40, -8.09), frontier=(25.40, -8.09), endpoint_to_frontier=0.000 m, limit=0.10 m -> usable
[controller_server-10] [INFO] [1790928460.431372229] [controller_server]: Passing new path to controller.
[INFO] [1790928461.388600446] [mapex_explorer]: Main /plan diagnostic: poses=38, endpoint=(25.40, -8.09), frontier=(25.40, -8.09), endpoint_to_frontier=0.000 m, limit=0.10 m -> usable
[controller_server-10] [INFO] [1790928461.431378903] [controller_server]: Passing new path to controller.
[INFO] [1790928462.415286056] [mapex_explorer]: Main /plan diagnostic: poses=29, endpoint=(25.40, -8.09), frontier=(25.40, -8.09), endpoint_to_frontier=0.000 m, limit=0.10 m -> usable
[controller_server-10] [INFO] [1790928462.498044464] [controller_server]: Passing new path to controller.
[controller_server-10] [INFO] [1790928463.498036918] [controller_server]: Passing new path to controller.
[INFO] [1790928463.558788935] [mapex_explorer]: Main /plan diagnostic: poses=19, endpoint=(25.40, -8.09), frontier=(25.40, -8.09), endpoint_to_frontier=0.000 m, limit=0.10 m -> usable
[INFO] [1790928464.475986929] [mapex_explorer]: Main /plan diagnostic: poses=13, endpoint=(25.40, -8.09), frontier=(25.40, -8.09), endpoint_to_frontier=0.000 m, limit=0.10 m -> usable
[controller_server-10] [INFO] [1790928464.498058324] [controller_server]: Passing new path to controller.
[INFO] [1790928465.530765815] [mapex_explorer]: Main /plan diagnostic: poses=11, endpoint=(25.40, -8.09), frontier=(25.40, -8.09), endpoint_to_frontier=0.000 m, limit=0.10 m -> usable
[controller_server-10] [INFO] [1790928465.564711626] [controller_server]: Passing new path to controller.
[controller_server-10] [INFO] [1790928466.299908748] [controller_server]: Reached the goal!
[controller_server-10] [INFO] [1790928466.300050624] [controller_server]: Optimizer reset
[bt_navigator-15] [INFO] [1790928466.321445445] [bt_navigator]: Goal succeeded
[INFO] [1790928466.324052276] [mapex_explorer]: Goal reached
[INFO] [1790928472.351553493] [mapex_explorer]: MapEx decision 38: selected x=22.50, y=-1.39, IG=5.150427, distance=7.09 m, score=0.726283, region=26, candidates=9, near_fallback=False, compute=5.26 s
[bt_navigator-15] [INFO] [1790928472.352577108] [bt_navigator]: Begin navigating from current location (25.57, -7.78) to (22.50, -1.39)
[controller_server-10] [INFO] [1790928472.373224944] [controller_server]: Received a goal, begin computing control effort.
[INFO] [1790928472.679365088] [mapex_explorer]: Main goal accepted
[INFO] [1790928472.783512778] [mapex_explorer]: Main /plan diagnostic: poses=568, endpoint=(22.50, -1.39), frontier=(22.50, -1.39), endpoint_to_frontier=0.000 m, limit=0.10 m -> usable
[controller_server-10] [INFO] [1790928473.440035024] [controller_server]: Passing new path to controller.
[INFO] [1790928473.447265322] [mapex_explorer]: Main /plan diagnostic: poses=562, endpoint=(22.50, -1.39), frontier=(22.50, -1.39), endpoint_to_frontier=0.000 m, limit=0.10 m -> usable
[INFO] [1790928474.436182000] [mapex_explorer]: Main /plan diagnostic: poses=564, endpoint=(22.50, -1.39), frontier=(22.50, -1.39), endpoint_to_frontier=0.000 m, limit=0.10 m -> usable
[controller_server-10] [INFO] [1790928474.440034187] [controller_server]: Passing new path to controller.
[INFO] [1790928475.493726231] [mapex_explorer]: Main /plan diagnostic: poses=564, endpoint=(22.50, -1.39), frontier=(22.50, -1.39), endpoint_to_frontier=0.000 m, limit=0.10 m -> usable
[controller_server-10] [INFO] [1790928475.506745345] [controller_server]: Passing new path to controller.
[controller_server-10] [INFO] [1790928476.506701994] [controller_server]: Passing new path to controller.
[INFO] [1790928476.526246203] [mapex_explorer]: Main /plan diagnostic: poses=553, endpoint=(22.50, -1.39), frontier=(22.50, -1.39), endpoint_to_frontier=0.000 m, limit=0.10 m -> usable
[INFO] [1790928477.526186240] [mapex_explorer]: Main /plan diagnostic: poses=543, endpoint=(22.50, -1.39), frontier=(22.50, -1.39), endpoint_to_frontier=0.000 m, limit=0.10 m -> usable
[controller_server-10] [INFO] [1790928477.573372790] [controller_server]: Passing new path to controller.
[controller_server-10] [INFO] [1790928478.573370718] [controller_server]: Passing new path to controller.
[INFO] [1790928478.586495566] [mapex_explorer]: Main /plan diagnostic: poses=533, endpoint=(22.50, -1.39), frontier=(22.50, -1.39), endpoint_to_frontier=0.000 m, limit=0.10 m -> usable
[controller_server-10] [INFO] [1790928479.573425733] [controller_server]: Passing new path to controller.
[INFO] [1790928479.600223635] [mapex_explorer]: Main /plan diagnostic: poses=523, endpoint=(22.50, -1.39), frontier=(22.50, -1.39), endpoint_to_frontier=0.000 m, limit=0.10 m -> usable
[INFO] [1790928480.630200096] [mapex_explorer]: Main /plan diagnostic: poses=513, endpoint=(22.50, -1.39), frontier=(22.50, -1.39), endpoint_to_frontier=0.000 m, limit=0.10 m -> usable
[controller_server-10] [INFO] [1790928480.640055445] [controller_server]: Passing new path to controller.
[controller_server-10] [INFO] [1790928481.640061110] [controller_server]: Passing new path to controller.
[INFO] [1790928481.652267225] [mapex_explorer]: Main /plan diagnostic: poses=501, endpoint=(22.50, -1.39), frontier=(22.50, -1.39), endpoint_to_frontier=0.000 m, limit=0.10 m -> usable
[controller_server-10] [INFO] [1790928482.706730784] [controller_server]: Passing new path to controller.
[INFO] [1790928482.799137946] [mapex_explorer]: Main /plan diagnostic: poses=490, endpoint=(22.50, -1.39), frontier=(22.50, -1.39), endpoint_to_frontier=0.000 m, limit=0.10 m -> usable
[async_slam_toolbox_node-9] W20261002 15:08:03.105566  4595 preprocessor.cc:67] Specified options.num_threads: 50 exceeds maximum available from the threading model Ceres was compiled with: 16.  Bounding to maximum number available.
[async_slam_toolbox_node-9] [INFO] [1790928483.131058197] [slam_toolbox]: Adaptive anchor summary: latest_node=3667, local_edges=3761, loop_history=0, avg_effective_weight=1.079, release_regions=0
[controller_server-10] [INFO] [1790928483.706733522] [controller_server]: Passing new path to controller.
[INFO] [1790928483.718365315] [mapex_explorer]: Main /plan diagnostic: poses=481, endpoint=(22.50, -1.39), frontier=(22.50, -1.39), endpoint_to_frontier=0.000 m, limit=0.10 m -> usable
[controller_server-10] [WARN] [1790928483.990591356] [controller_server]: Control loop missed its desired rate of 15.0000 Hz. Current loop rate is 12.1951 Hz.
[controller_server-10] [INFO] [1790928484.009021428] [local_costmap.local_costmap]: StaticLayer: Resizing static layer to 563 X 256 at 0.100000 m/pix
[planner_server-12] [INFO] [1790928484.675236732] [global_costmap.global_costmap]: StaticLayer: Resizing costmap to 563 X 256 at 0.100000 m/pix
[controller_server-10] [INFO] [1790928484.724076101] [controller_server]: Passing new path to controller.
[INFO] [1790928484.724713719] [mapex_explorer]: Main /plan diagnostic: poses=471, endpoint=(22.50, -1.39), frontier=(22.50, -1.39), endpoint_to_frontier=0.000 m, limit=0.10 m -> usable
[INFO] [1790928485.761848200] [mapex_explorer]: Main /plan diagnostic: poses=460, endpoint=(22.50, -1.39), frontier=(22.50, -1.39), endpoint_to_frontier=0.000 m, limit=0.10 m -> usable
[controller_server-10] [INFO] [1790928485.790756363] [controller_server]: Passing new path to controller.
[controller_server-10] [WARN] [1790928486.008189633] [controller_server]: Control loop missed its desired rate of 15.0000 Hz. Current loop rate is 12.1951 Hz.
[INFO] [1790928486.774062826] [mapex_explorer]: Main /plan diagnostic: poses=449, endpoint=(22.50, -1.39), frontier=(22.50, -1.39), endpoint_to_frontier=0.000 m, limit=0.10 m -> usable
[controller_server-10] [INFO] [1790928486.808486577] [controller_server]: Passing new path to controller.
[INFO] [1790928487.794681803] [mapex_explorer]: Main /plan diagnostic: poses=440, endpoint=(22.50, -1.39), frontier=(22.50, -1.39), endpoint_to_frontier=0.000 m, limit=0.10 m -> usable
[controller_server-10] [INFO] [1790928487.808487069] [controller_server]: Passing new path to controller.
[INFO] [1790928488.830678288] [mapex_explorer]: Main /plan diagnostic: poses=431, endpoint=(22.50, -1.39), frontier=(22.50, -1.39), endpoint_to_frontier=0.000 m, limit=0.10 m -> usable
[controller_server-10] [INFO] [1790928488.875176498] [controller_server]: Passing new path to controller.
[async_slam_toolbox_node-9] W20261002 15:08:08.969713  4595 preprocessor.cc:67] Specified options.num_threads: 50 exceeds maximum available from the threading model Ceres was compiled with: 16.  Bounding to maximum number available.
[INFO] [1790928489.854748614] [mapex_explorer]: Main /plan diagnostic: poses=420, endpoint=(22.50, -1.39), frontier=(22.50, -1.39), endpoint_to_frontier=0.000 m, limit=0.10 m -> usable
[controller_server-10] [INFO] [1790928489.875151994] [controller_server]: Passing new path to controller.
[controller_server-10] [INFO] [1790928490.010069942] [local_costmap.local_costmap]: StaticLayer: Resizing static layer to 563 X 256 at 0.100000 m/pix
[planner_server-12] [INFO] [1790928490.675241113] [global_costmap.global_costmap]: StaticLayer: Resizing costmap to 563 X 256 at 0.100000 m/pix
[INFO] [1790928490.891415752] [mapex_explorer]: Main /plan diagnostic: poses=411, endpoint=(22.50, -1.39), frontier=(22.50, -1.39), endpoint_to_frontier=0.000 m, limit=0.10 m -> usable
[controller_server-10] [INFO] [1790928490.941822449] [controller_server]: Passing new path to controller.
[controller_server-10] [INFO] [1790928491.941817222] [controller_server]: Passing new path to controller.
[INFO] [1790928491.960131856] [mapex_explorer]: Main /plan diagnostic: poses=400, endpoint=(22.50, -1.39), frontier=(22.50, -1.39), endpoint_to_frontier=0.000 m, limit=0.10 m -> usable
[INFO] [1790928492.979000751] [mapex_explorer]: Main /plan diagnostic: poses=390, endpoint=(22.50, -1.39), frontier=(22.50, -1.39), endpoint_to_frontier=0.000 m, limit=0.10 m -> usable
[controller_server-10] [INFO] [1790928493.008493152] [controller_server]: Passing new path to controller.
[INFO] [1790928493.961975955] [mapex_explorer]: Main /plan diagnostic: poses=378, endpoint=(22.50, -1.39), frontier=(22.50, -1.39), endpoint_to_frontier=0.000 m, limit=0.10 m -> usable
[controller_server-10] [INFO] [1790928494.008527814] [controller_server]: Passing new path to controller.
[controller_server-10] [INFO] [1790928495.008483054] [controller_server]: Passing new path to controller.
[INFO] [1790928495.097763554] [mapex_explorer]: Main /plan diagnostic: poses=369, endpoint=(22.50, -1.39), frontier=(22.50, -1.39), endpoint_to_frontier=0.000 m, limit=0.10 m -> usable
[async_slam_toolbox_node-9] W20261002 15:08:15.241546  4595 preprocessor.cc:67] Specified options.num_threads: 50 exceeds maximum available from the threading model Ceres was compiled with: 16.  Bounding to maximum number available.
[controller_server-10] [INFO] [1790928496.010065536] [local_costmap.local_costmap]: StaticLayer: Resizing static layer to 563 X 256 at 0.100000 m/pix
[INFO] [1790928496.029222928] [mapex_explorer]: Main /plan diagnostic: poses=357, endpoint=(22.50, -1.39), frontier=(22.50, -1.39), endpoint_to_frontier=0.000 m, limit=0.10 m -> usable
[controller_server-10] [INFO] [1790928496.075178430] [controller_server]: Passing new path to controller.
[planner_server-12] [INFO] [1790928496.675236289] [global_costmap.global_costmap]: StaticLayer: Resizing costmap to 563 X 256 at 0.100000 m/pix
[controller_server-10] [INFO] [1790928497.075153375] [controller_server]: Passing new path to controller.
[INFO] [1790928497.085298020] [mapex_explorer]: Main /plan diagnostic: poses=348, endpoint=(22.50, -1.39), frontier=(22.50, -1.39), endpoint_to_frontier=0.000 m, limit=0.10 m -> usable
[INFO] [1790928498.081883171] [mapex_explorer]: Main /plan diagnostic: poses=337, endpoint=(22.50, -1.39), frontier=(22.50, -1.39), endpoint_to_frontier=0.000 m, limit=0.10 m -> usable
[controller_server-10] [INFO] [1790928498.141844708] [controller_server]: Passing new path to controller.
[controller_server-10] [INFO] [1790928499.141822814] [controller_server]: Passing new path to controller.
[INFO] [1790928499.186620792] [mapex_explorer]: Main /plan diagnostic: poses=327, endpoint=(22.50, -1.39), frontier=(22.50, -1.39), endpoint_to_frontier=0.000 m, limit=0.10 m -> usable
[async_slam_toolbox_node-9] W20261002 15:08:19.249809  4595 preprocessor.cc:67] Specified options.num_threads: 50 exceeds maximum available from the threading model Ceres was compiled with: 16.  Bounding to maximum number available.
[async_slam_toolbox_node-9] [INFO] [1790928499.270511541] [slam_toolbox]: Adaptive anchor summary: latest_node=3720, local_edges=3815, loop_history=0, avg_effective_weight=1.078, release_regions=0
[controller_server-10] [INFO] [1790928500.012368058] [local_costmap.local_costmap]: StaticLayer: Resizing static layer to 563 X 256 at 0.100000 m/pix
[INFO] [1790928500.157491060] [mapex_explorer]: Main /plan diagnostic: poses=318, endpoint=(22.50, -1.39), frontier=(22.50, -1.39), endpoint_to_frontier=0.000 m, limit=0.10 m -> usable
[controller_server-10] [INFO] [1790928500.208494719] [controller_server]: Passing new path to controller.
[planner_server-12] [INFO] [1790928500.675214345] [global_costmap.global_costmap]: StaticLayer: Resizing costmap to 563 X 256 at 0.100000 m/pix
[INFO] [1790928501.186760737] [mapex_explorer]: Main /plan diagnostic: poses=306, endpoint=(22.50, -1.39), frontier=(22.50, -1.39), endpoint_to_frontier=0.000 m, limit=0.10 m -> usable
[controller_server-10] [INFO] [1790928501.208533531] [controller_server]: Passing new path to controller.
[INFO] [1790928502.208041334] [mapex_explorer]: Main /plan diagnostic: poses=299, endpoint=(22.50, -1.39), frontier=(22.50, -1.39), endpoint_to_frontier=0.000 m, limit=0.10 m -> usable
[controller_server-10] [INFO] [1790928502.208511139] [controller_server]: Passing new path to controller.
[INFO] [1790928503.240003175] [mapex_explorer]: Main /plan diagnostic: poses=287, endpoint=(22.50, -1.39), frontier=(22.50, -1.39), endpoint_to_frontier=0.000 m, limit=0.10 m -> usable
[controller_server-10] [INFO] [1790928503.275199504] [controller_server]: Passing new path to controller.
[async_slam_toolbox_node-9] W20261002 15:08:23.960337  4595 preprocessor.cc:67] Specified options.num_threads: 50 exceeds maximum available from the threading model Ceres was compiled with: 16.  Bounding to maximum number available.
[INFO] [1790928504.260068529] [mapex_explorer]: Main /plan diagnostic: poses=277, endpoint=(22.50, -1.39), frontier=(22.50, -1.39), endpoint_to_frontier=0.000 m, limit=0.10 m -> usable
[controller_server-10] [INFO] [1790928504.275166242] [controller_server]: Passing new path to controller.
[controller_server-10] [INFO] [1790928505.011447907] [local_costmap.local_costmap]: StaticLayer: Resizing static layer to 563 X 256 at 0.100000 m/pix
[controller_server-10] [INFO] [1790928505.341824795] [controller_server]: Passing new path to controller.
[INFO] [1790928505.370652417] [mapex_explorer]: Main /plan diagnostic: poses=267, endpoint=(22.50, -1.39), frontier=(22.50, -1.39), endpoint_to_frontier=0.000 m, limit=0.10 m -> usable
[planner_server-12] [INFO] [1790928505.675204396] [global_costmap.global_costmap]: StaticLayer: Resizing costmap to 563 X 256 at 0.100000 m/pix
[INFO] [1790928506.305839713] [mapex_explorer]: Main /plan diagnostic: poses=256, endpoint=(22.50, -1.39), frontier=(22.50, -1.39), endpoint_to_frontier=0.000 m, limit=0.10 m -> usable
[controller_server-10] [INFO] [1790928506.341820463] [controller_server]: Passing new path to controller.
[INFO] [1790928507.359794722] [mapex_explorer]: Main /plan diagnostic: poses=246, endpoint=(22.50, -1.39), frontier=(22.50, -1.39), endpoint_to_frontier=0.000 m, limit=0.10 m -> usable
[controller_server-10] [INFO] [1790928507.408528063] [controller_server]: Passing new path to controller.
[async_slam_toolbox_node-9] W20261002 15:08:27.668183  4595 preprocessor.cc:67] Specified options.num_threads: 50 exceeds maximum available from the threading model Ceres was compiled with: 16.  Bounding to maximum number available.
[controller_server-10] [INFO] [1790928508.010423920] [local_costmap.local_costmap]: StaticLayer: Resizing static layer to 563 X 256 at 0.100000 m/pix
[INFO] [1790928508.362244718] [mapex_explorer]: Main /plan diagnostic: poses=237, endpoint=(22.50, -1.39), frontier=(22.50, -1.39), endpoint_to_frontier=0.000 m, limit=0.10 m -> usable
[controller_server-10] [INFO] [1790928508.408501896] [controller_server]: Passing new path to controller.
[planner_server-12] [INFO] [1790928508.675212303] [global_costmap.global_costmap]: StaticLayer: Resizing costmap to 563 X 256 at 0.100000 m/pix
[controller_server-10] [INFO] [1790928509.408482214] [controller_server]: Passing new path to controller.
[INFO] [1790928509.420457996] [mapex_explorer]: Main /plan diagnostic: poses=227, endpoint=(22.50, -1.39), frontier=(22.50, -1.39), endpoint_to_frontier=0.000 m, limit=0.10 m -> usable
[INFO] [1790928510.452608754] [mapex_explorer]: Main /plan diagnostic: poses=217, endpoint=(22.50, -1.39), frontier=(22.50, -1.39), endpoint_to_frontier=0.000 m, limit=0.10 m -> usable
[controller_server-10] [INFO] [1790928510.475178893] [controller_server]: Passing new path to controller.
[INFO] [1790928511.474537483] [mapex_explorer]: Main /plan diagnostic: poses=207, endpoint=(22.50, -1.39), frontier=(22.50, -1.39), endpoint_to_frontier=0.000 m, limit=0.10 m -> usable
[controller_server-10] [INFO] [1790928511.475151609] [controller_server]: Passing new path to controller.
[async_slam_toolbox_node-9] W20261002 15:08:31.959914  4595 preprocessor.cc:67] Specified options.num_threads: 50 exceeds maximum available from the threading model Ceres was compiled with: 16.  Bounding to maximum number available.
[INFO] [1790928512.494789778] [mapex_explorer]: Main /plan diagnostic: poses=194, endpoint=(22.50, -1.39), frontier=(22.50, -1.39), endpoint_to_frontier=0.000 m, limit=0.10 m -> usable
[controller_server-10] [INFO] [1790928512.541842774] [controller_server]: Passing new path to controller.
[controller_server-10] [INFO] [1790928513.011472757] [local_costmap.local_costmap]: StaticLayer: Resizing static layer to 563 X 256 at 0.100000 m/pix
[INFO] [1790928513.516782630] [mapex_explorer]: Main /plan diagnostic: poses=185, endpoint=(22.50, -1.39), frontier=(22.50, -1.39), endpoint_to_frontier=0.000 m, limit=0.10 m -> usable
[controller_server-10] [INFO] [1790928513.541856371] [controller_server]: Passing new path to controller.
[planner_server-12] [INFO] [1790928513.675211986] [global_costmap.global_costmap]: StaticLayer: Resizing costmap to 563 X 256 at 0.100000 m/pix
[INFO] [1790928514.554190764] [mapex_explorer]: Main /plan diagnostic: poses=174, endpoint=(22.50, -1.39), frontier=(22.50, -1.39), endpoint_to_frontier=0.000 m, limit=0.10 m -> usable
[controller_server-10] [INFO] [1790928514.608488490] [controller_server]: Passing new path to controller.
[INFO] [1790928515.548751401] [mapex_explorer]: Main /plan diagnostic: poses=165, endpoint=(22.50, -1.39), frontier=(22.50, -1.39), endpoint_to_frontier=0.000 m, limit=0.10 m -> usable
[controller_server-10] [INFO] [1790928515.608487491] [controller_server]: Passing new path to controller.
[INFO] [1790928516.576710464] [mapex_explorer]: Main /plan diagnostic: poses=155, endpoint=(22.50, -1.39), frontier=(22.50, -1.39), endpoint_to_frontier=0.000 m, limit=0.10 m -> usable
[controller_server-10] [INFO] [1790928516.608486769] [controller_server]: Passing new path to controller.
[INFO] [1790928517.614186505] [mapex_explorer]: Main /plan diagnostic: poses=146, endpoint=(22.50, -1.39), frontier=(22.50, -1.39), endpoint_to_frontier=0.000 m, limit=0.10 m -> usable
[controller_server-10] [INFO] [1790928517.675152541] [controller_server]: Passing new path to controller.
[INFO] [1790928518.632665120] [mapex_explorer]: Main /plan diagnostic: poses=135, endpoint=(22.50, -1.39), frontier=(22.50, -1.39), endpoint_to_frontier=0.000 m, limit=0.10 m -> usable
[controller_server-10] [INFO] [1790928518.675188431] [controller_server]: Passing new path to controller.
[controller_server-10] [INFO] [1790928519.675177890] [controller_server]: Passing new path to controller.
[INFO] [1790928519.719673232] [mapex_explorer]: Main /plan diagnostic: poses=126, endpoint=(22.50, -1.39), frontier=(22.50, -1.39), endpoint_to_frontier=0.000 m, limit=0.10 m -> usable
[INFO] [1790928520.711579756] [mapex_explorer]: Main /plan diagnostic: poses=117, endpoint=(22.50, -1.39), frontier=(22.50, -1.39), endpoint_to_frontier=0.000 m, limit=0.10 m -> usable
[controller_server-10] [INFO] [1790928520.741859147] [controller_server]: Passing new path to controller.
[INFO] [1790928521.727911047] [mapex_explorer]: Main /plan diagnostic: poses=106, endpoint=(22.50, -1.39), frontier=(22.50, -1.39), endpoint_to_frontier=0.000 m, limit=0.10 m -> usable
[controller_server-10] [INFO] [1790928521.741842014] [controller_server]: Passing new path to controller.
[INFO] [1790928522.757338262] [mapex_explorer]: Main /plan diagnostic: poses=97, endpoint=(22.50, -1.39), frontier=(22.50, -1.39), endpoint_to_frontier=0.000 m, limit=0.10 m -> usable
[controller_server-10] [INFO] [1790928522.808483936] [controller_server]: Passing new path to controller.
[INFO] [1790928523.774820855] [mapex_explorer]: Main /plan diagnostic: poses=93, endpoint=(22.50, -1.39), frontier=(22.50, -1.39), endpoint_to_frontier=0.000 m, limit=0.10 m -> usable
[controller_server-10] [INFO] [1790928523.808484622] [controller_server]: Passing new path to controller.
[INFO] [1790928524.789403145] [mapex_explorer]: Main /plan diagnostic: poses=78, endpoint=(22.50, -1.39), frontier=(22.50, -1.39), endpoint_to_frontier=0.000 m, limit=0.10 m -> usable
[controller_server-10] [INFO] [1790928524.808485029] [controller_server]: Passing new path to controller.
[INFO] [1790928525.829125377] [mapex_explorer]: Main /plan diagnostic: poses=64, endpoint=(22.50, -1.39), frontier=(22.50, -1.39), endpoint_to_frontier=0.000 m, limit=0.10 m -> usable
[controller_server-10] [INFO] [1790928525.875167290] [controller_server]: Passing new path to controller.
[INFO] [1790928526.846241490] [mapex_explorer]: Main /plan diagnostic: poses=57, endpoint=(22.50, -1.39), frontier=(22.50, -1.39), endpoint_to_frontier=0.000 m, limit=0.10 m -> usable
[controller_server-10] [INFO] [1790928526.875237634] [controller_server]: Passing new path to controller.
[INFO] [1790928527.877359242] [mapex_explorer]: Main /plan diagnostic: poses=46, endpoint=(22.50, -1.39), frontier=(22.50, -1.39), endpoint_to_frontier=0.000 m, limit=0.10 m -> usable
[controller_server-10] [INFO] [1790928527.941821807] [controller_server]: Passing new path to controller.
[INFO] [1790928528.891178108] [mapex_explorer]: Main /plan diagnostic: poses=38, endpoint=(22.50, -1.39), frontier=(22.50, -1.39), endpoint_to_frontier=0.000 m, limit=0.10 m -> usable
[controller_server-10] [INFO] [1790928528.941839317] [controller_server]: Passing new path to controller.
[INFO] [1790928529.917229126] [mapex_explorer]: Main /plan diagnostic: poses=25, endpoint=(22.50, -1.39), frontier=(22.50, -1.39), endpoint_to_frontier=0.000 m, limit=0.10 m -> usable
[controller_server-10] [INFO] [1790928529.941843348] [controller_server]: Passing new path to controller.
[INFO] [1790928530.951955036] [mapex_explorer]: Main /plan diagnostic: poses=17, endpoint=(22.50, -1.39), frontier=(22.50, -1.39), endpoint_to_frontier=0.000 m, limit=0.10 m -> usable
[controller_server-10] [INFO] [1790928531.008483060] [controller_server]: Passing new path to controller.
[INFO] [1790928531.955747141] [mapex_explorer]: Main /plan diagnostic: poses=11, endpoint=(22.50, -1.39), frontier=(22.50, -1.39), endpoint_to_frontier=0.000 m, limit=0.10 m -> usable
[controller_server-10] [INFO] [1790928532.008482872] [controller_server]: Passing new path to controller.
[controller_server-10] [INFO] [1790928532.943172250] [controller_server]: Reached the goal!
[controller_server-10] [INFO] [1790928532.943347008] [controller_server]: Optimizer reset
[bt_navigator-15] [INFO] [1790928532.972802050] [bt_navigator]: Goal succeeded
[INFO] [1790928532.974582997] [mapex_explorer]: Goal reached
[INFO] [1790928538.316859503] [mapex_explorer]: MapEx decision 39: selected x=22.50, y=0.72, IG=3.863162, distance=2.42 m, score=1.596122, region=21, candidates=8, near_fallback=False, compute=5.21 s
[bt_navigator-15] [INFO] [1790928538.318622671] [bt_navigator]: Begin navigating from current location (22.69, -1.66) to (22.50, 0.72)
[controller_server-10] [INFO] [1790928538.339201912] [controller_server]: Received a goal, begin computing control effort.
[INFO] [1790928538.795694997] [mapex_explorer]: Main goal accepted
[INFO] [1790928538.832892508] [mapex_explorer]: Main /plan diagnostic: poses=225, endpoint=(22.50, 0.72), frontier=(22.50, 0.72), endpoint_to_frontier=0.000 m, limit=0.10 m -> usable
[controller_server-10] [INFO] [1790928539.405982624] [controller_server]: Passing new path to controller.
[INFO] [1790928539.415671929] [mapex_explorer]: Main /plan diagnostic: poses=219, endpoint=(22.50, 0.72), frontier=(22.50, 0.72), endpoint_to_frontier=0.000 m, limit=0.10 m -> usable
[INFO] [1790928540.392060574] [mapex_explorer]: Main /plan diagnostic: poses=217, endpoint=(22.50, 0.72), frontier=(22.50, 0.72), endpoint_to_frontier=0.000 m, limit=0.10 m -> usable
[controller_server-10] [INFO] [1790928540.406014923] [controller_server]: Passing new path to controller.
[INFO] [1790928541.446775920] [mapex_explorer]: Main /plan diagnostic: poses=213, endpoint=(22.50, 0.72), frontier=(22.50, 0.72), endpoint_to_frontier=0.000 m, limit=0.10 m -> usable
[controller_server-10] [INFO] [1790928541.472649416] [controller_server]: Passing new path to controller.
[INFO] [1790928542.424213389] [mapex_explorer]: Main /plan diagnostic: poses=211, endpoint=(22.50, 0.72), frontier=(22.50, 0.72), endpoint_to_frontier=0.000 m, limit=0.10 m -> usable
[controller_server-10] [INFO] [1790928542.472649787] [controller_server]: Passing new path to controller.
[INFO] [1790928543.459741813] [mapex_explorer]: Main /plan diagnostic: poses=211, endpoint=(22.50, 0.72), frontier=(22.50, 0.72), endpoint_to_frontier=0.000 m, limit=0.10 m -> usable
[controller_server-10] [INFO] [1790928543.472649498] [controller_server]: Passing new path to controller.
[INFO] [1790928544.474060963] [mapex_explorer]: Main /plan diagnostic: poses=207, endpoint=(22.50, 0.72), frontier=(22.50, 0.72), endpoint_to_frontier=0.000 m, limit=0.10 m -> usable
[controller_server-10] [INFO] [1790928544.539316051] [controller_server]: Passing new path to controller.
[INFO] [1790928545.497909757] [mapex_explorer]: Main /plan diagnostic: poses=196, endpoint=(22.50, 0.72), frontier=(22.50, 0.72), endpoint_to_frontier=0.000 m, limit=0.10 m -> usable
[controller_server-10] [INFO] [1790928545.539318276] [controller_server]: Passing new path to controller.
[INFO] [1790928546.520925509] [mapex_explorer]: Main /plan diagnostic: poses=186, endpoint=(22.50, 0.72), frontier=(22.50, 0.72), endpoint_to_frontier=0.000 m, limit=0.10 m -> usable
[controller_server-10] [INFO] [1790928546.539321286] [controller_server]: Passing new path to controller.
[INFO] [1790928547.560167635] [mapex_explorer]: Main /plan diagnostic: poses=178, endpoint=(22.50, 0.72), frontier=(22.50, 0.72), endpoint_to_frontier=0.000 m, limit=0.10 m -> usable
[controller_server-10] [INFO] [1790928547.606004846] [controller_server]: Passing new path to controller.
[controller_server-10] [INFO] [1790928548.605990844] [controller_server]: Passing new path to controller.
[INFO] [1790928548.849098299] [mapex_explorer]: Main /plan diagnostic: poses=166, endpoint=(22.50, 0.72), frontier=(22.50, 0.72), endpoint_to_frontier=0.000 m, limit=0.10 m -> usable
[INFO] [1790928549.605643566] [mapex_explorer]: Main /plan diagnostic: poses=153, endpoint=(22.50, 0.72), frontier=(22.50, 0.72), endpoint_to_frontier=0.000 m, limit=0.10 m -> usable
[controller_server-10] [INFO] [1790928549.672654145] [controller_server]: Passing new path to controller.
[INFO] [1790928550.624849992] [mapex_explorer]: Main /plan diagnostic: poses=146, endpoint=(22.50, 0.72), frontier=(22.50, 0.72), endpoint_to_frontier=0.000 m, limit=0.10 m -> usable
[controller_server-10] [INFO] [1790928550.672667215] [controller_server]: Passing new path to controller.
[INFO] [1790928551.653388256] [mapex_explorer]: Main /plan diagnostic: poses=133, endpoint=(22.50, 0.72), frontier=(22.50, 0.72), endpoint_to_frontier=0.000 m, limit=0.10 m -> usable
[controller_server-10] [INFO] [1790928551.672679290] [controller_server]: Passing new path to controller.
[INFO] [1790928552.677765053] [mapex_explorer]: Main /plan diagnostic: poses=123, endpoint=(22.50, 0.72), frontier=(22.50, 0.72), endpoint_to_frontier=0.000 m, limit=0.10 m -> usable
[controller_server-10] [INFO] [1790928552.739319588] [controller_server]: Passing new path to controller.
[INFO] [1790928553.721624512] [mapex_explorer]: Main /plan diagnostic: poses=114, endpoint=(22.50, 0.72), frontier=(22.50, 0.72), endpoint_to_frontier=0.000 m, limit=0.10 m -> usable
[controller_server-10] [INFO] [1790928553.739317749] [controller_server]: Passing new path to controller.
[controller_server-10] [INFO] [1790928554.739318882] [controller_server]: Passing new path to controller.
[INFO] [1790928554.761587149] [mapex_explorer]: Main /plan diagnostic: poses=104, endpoint=(22.50, 0.72), frontier=(22.50, 0.72), endpoint_to_frontier=0.000 m, limit=0.10 m -> usable
[INFO] [1790928555.769767675] [mapex_explorer]: Main /plan diagnostic: poses=93, endpoint=(22.50, 0.72), frontier=(22.50, 0.72), endpoint_to_frontier=0.000 m, limit=0.10 m -> usable
[controller_server-10] [INFO] [1790928555.805985804] [controller_server]: Passing new path to controller.
[INFO] [1790928556.786156040] [mapex_explorer]: Main /plan diagnostic: poses=83, endpoint=(22.50, 0.72), frontier=(22.50, 0.72), endpoint_to_frontier=0.000 m, limit=0.10 m -> usable
[controller_server-10] [INFO] [1790928556.806010076] [controller_server]: Passing new path to controller.
[INFO] [1790928557.815346890] [mapex_explorer]: Main /plan diagnostic: poses=71, endpoint=(22.50, 0.72), frontier=(22.50, 0.72), endpoint_to_frontier=0.000 m, limit=0.10 m -> usable
[controller_server-10] [INFO] [1790928557.872668202] [controller_server]: Passing new path to controller.
[INFO] [1790928558.827367713] [mapex_explorer]: Main /plan diagnostic: poses=62, endpoint=(22.50, 0.72), frontier=(22.50, 0.72), endpoint_to_frontier=0.000 m, limit=0.10 m -> usable
[controller_server-10] [INFO] [1790928558.872655152] [controller_server]: Passing new path to controller.
[INFO] [1790928559.858026424] [mapex_explorer]: Main /plan diagnostic: poses=52, endpoint=(22.50, 0.72), frontier=(22.50, 0.72), endpoint_to_frontier=0.000 m, limit=0.10 m -> usable
[controller_server-10] [INFO] [1790928559.872658961] [controller_server]: Passing new path to controller.
[INFO] [1790928560.889302539] [mapex_explorer]: Main /plan diagnostic: poses=41, endpoint=(22.50, 0.72), frontier=(22.50, 0.72), endpoint_to_frontier=0.000 m, limit=0.10 m -> usable
[controller_server-10] [INFO] [1790928560.939317475] [controller_server]: Passing new path to controller.
[INFO] [1790928561.914075959] [mapex_explorer]: Main /plan diagnostic: poses=30, endpoint=(22.50, 0.72), frontier=(22.50, 0.72), endpoint_to_frontier=0.000 m, limit=0.10 m -> usable
[controller_server-10] [INFO] [1790928561.939317048] [controller_server]: Passing new path to controller.
[INFO] [1790928562.951762542] [mapex_explorer]: Main /plan diagnostic: poses=22, endpoint=(22.50, 0.72), frontier=(22.50, 0.72), endpoint_to_frontier=0.000 m, limit=0.10 m -> usable
[controller_server-10] [INFO] [1790928563.005990669] [controller_server]: Passing new path to controller.
[INFO] [1790928563.971792462] [mapex_explorer]: Main /plan diagnostic: poses=14, endpoint=(22.50, 0.72), frontier=(22.50, 0.72), endpoint_to_frontier=0.000 m, limit=0.10 m -> usable
[controller_server-10] [INFO] [1790928564.005990644] [controller_server]: Passing new path to controller.
[INFO] [1790928564.991503103] [mapex_explorer]: Main /plan diagnostic: poses=10, endpoint=(22.50, 0.72), frontier=(22.50, 0.72), endpoint_to_frontier=0.000 m, limit=0.10 m -> usable
[controller_server-10] [INFO] [1790928565.072653178] [controller_server]: Passing new path to controller.
[controller_server-10] [INFO] [1790928565.473980536] [controller_server]: Reached the goal!
[controller_server-10] [INFO] [1790928565.474094913] [controller_server]: Optimizer reset
[bt_navigator-15] [INFO] [1790928565.498865511] [bt_navigator]: Goal succeeded
[INFO] [1790928565.500468650] [mapex_explorer]: Goal reached
[INFO] [1790928571.450580721] [mapex_explorer]: MapEx decision 40: selected x=22.70, y=11.52, IG=15.521431, distance=10.52 m, score=1.474970, region=17, candidates=7, near_fallback=False, compute=5.37 s
[bt_navigator-15] [INFO] [1790928571.451632653] [bt_navigator]: Begin navigating from current location (22.70, 1.00) to (22.70, 11.52)
[controller_server-10] [INFO] [1790928571.472324807] [controller_server]: Received a goal, begin computing control effort.
[INFO] [1790928571.721852132] [mapex_explorer]: Main goal accepted
[INFO] [1790928571.810060331] [mapex_explorer]: Main /plan diagnostic: poses=642, endpoint=(22.70, 11.52), frontier=(22.70, 11.52), endpoint_to_frontier=0.000 m, limit=0.10 m -> usable
[INFO] [1790928572.503925287] [mapex_explorer]: Main /plan diagnostic: poses=637, endpoint=(22.70, 11.52), frontier=(22.70, 11.52), endpoint_to_frontier=0.000 m, limit=0.10 m -> usable
[controller_server-10] [INFO] [1790928572.539156150] [controller_server]: Passing new path to controller.
[controller_server-10] [INFO] [1790928573.539131492] [controller_server]: Passing new path to controller.
[INFO] [1790928573.609482930] [mapex_explorer]: Main /plan diagnostic: poses=635, endpoint=(22.70, 11.52), frontier=(22.70, 11.52), endpoint_to_frontier=0.000 m, limit=0.10 m -> usable
[INFO] [1790928574.574908167] [mapex_explorer]: Main /plan diagnostic: poses=635, endpoint=(22.70, 11.52), frontier=(22.70, 11.52), endpoint_to_frontier=0.000 m, limit=0.10 m -> usable
[controller_server-10] [INFO] [1790928574.605828150] [controller_server]: Passing new path to controller.
[INFO] [1790928575.589355081] [mapex_explorer]: Main /plan diagnostic: poses=632, endpoint=(22.70, 11.52), frontier=(22.70, 11.52), endpoint_to_frontier=0.000 m, limit=0.10 m -> usable
[controller_server-10] [INFO] [1790928575.605809582] [controller_server]: Passing new path to controller.
[INFO] [1790928576.620282344] [mapex_explorer]: Main /plan diagnostic: poses=629, endpoint=(22.70, 11.52), frontier=(22.70, 11.52), endpoint_to_frontier=0.000 m, limit=0.10 m -> usable
[controller_server-10] [INFO] [1790928576.672474170] [controller_server]: Passing new path to controller.
[INFO] [1790928577.640987377] [mapex_explorer]: Main /plan diagnostic: poses=619, endpoint=(22.70, 11.52), frontier=(22.70, 11.52), endpoint_to_frontier=0.000 m, limit=0.10 m -> usable
[controller_server-10] [INFO] [1790928577.672474097] [controller_server]: Passing new path to controller.
[controller_server-10] [INFO] [1790928578.672463117] [controller_server]: Passing new path to controller.
[INFO] [1790928578.675093613] [mapex_explorer]: Main /plan diagnostic: poses=610, endpoint=(22.70, 11.52), frontier=(22.70, 11.52), endpoint_to_frontier=0.000 m, limit=0.10 m -> usable
[INFO] [1790928579.710008070] [mapex_explorer]: Main /plan diagnostic: poses=606, endpoint=(22.70, 11.52), frontier=(22.70, 11.52), endpoint_to_frontier=0.000 m, limit=0.10 m -> usable
[controller_server-10] [INFO] [1790928579.739141517] [controller_server]: Passing new path to controller.
[controller_server-10] [INFO] [1790928580.739138061] [controller_server]: Passing new path to controller.
[INFO] [1790928580.759910900] [mapex_explorer]: Main /plan diagnostic: poses=598, endpoint=(22.70, 11.52), frontier=(22.70, 11.52), endpoint_to_frontier=0.000 m, limit=0.10 m -> usable
[INFO] [1790928581.763981184] [mapex_explorer]: Main /plan diagnostic: poses=583, endpoint=(22.70, 11.52), frontier=(22.70, 11.52), endpoint_to_frontier=0.000 m, limit=0.10 m -> usable
[controller_server-10] [INFO] [1790928581.805797197] [controller_server]: Passing new path to controller.
[controller_server-10] [INFO] [1790928582.805824964] [controller_server]: Passing new path to controller.
[INFO] [1790928582.824001213] [mapex_explorer]: Main /plan diagnostic: poses=575, endpoint=(22.70, 11.52), frontier=(22.70, 11.52), endpoint_to_frontier=0.000 m, limit=0.10 m -> usable
[INFO] [1790928583.816442103] [mapex_explorer]: Main /plan diagnostic: poses=563, endpoint=(22.70, 11.52), frontier=(22.70, 11.52), endpoint_to_frontier=0.000 m, limit=0.10 m -> usable
[controller_server-10] [INFO] [1790928583.872465958] [controller_server]: Passing new path to controller.
[INFO] [1790928584.836683340] [mapex_explorer]: Main /plan diagnostic: poses=553, endpoint=(22.70, 11.52), frontier=(22.70, 11.52), endpoint_to_frontier=0.000 m, limit=0.10 m -> usable
[controller_server-10] [INFO] [1790928584.872462808] [controller_server]: Passing new path to controller.
[controller_server-10] [INFO] [1790928585.872460264] [controller_server]: Passing new path to controller.
[INFO] [1790928585.919614886] [mapex_explorer]: Main /plan diagnostic: poses=542, endpoint=(22.70, 11.52), frontier=(22.70, 11.52), endpoint_to_frontier=0.000 m, limit=0.10 m -> usable
[INFO] [1790928586.897404626] [mapex_explorer]: Main /plan diagnostic: poses=533, endpoint=(22.70, 11.52), frontier=(22.70, 11.52), endpoint_to_frontier=0.000 m, limit=0.10 m -> usable
[controller_server-10] [INFO] [1790928586.939130269] [controller_server]: Passing new path to controller.
[INFO] [1790928587.927991724] [mapex_explorer]: Main /plan diagnostic: poses=522, endpoint=(22.70, 11.52), frontier=(22.70, 11.52), endpoint_to_frontier=0.000 m, limit=0.10 m -> usable
[controller_server-10] [INFO] [1790928587.939129663] [controller_server]: Passing new path to controller.
[INFO] [1790928588.959421360] [mapex_explorer]: Main /plan diagnostic: poses=513, endpoint=(22.70, 11.52), frontier=(22.70, 11.52), endpoint_to_frontier=0.000 m, limit=0.10 m -> usable
[controller_server-10] [INFO] [1790928589.005799561] [controller_server]: Passing new path to controller.
[INFO] [1790928589.993482575] [mapex_explorer]: Main /plan diagnostic: poses=503, endpoint=(22.70, 11.52), frontier=(22.70, 11.52), endpoint_to_frontier=0.000 m, limit=0.10 m -> usable
[controller_server-10] [INFO] [1790928590.005806569] [controller_server]: Passing new path to controller.
[INFO] [1790928591.024514377] [mapex_explorer]: Main /plan diagnostic: poses=494, endpoint=(22.70, 11.52), frontier=(22.70, 11.52), endpoint_to_frontier=0.000 m, limit=0.10 m -> usable
[controller_server-10] [INFO] [1790928591.072467059] [controller_server]: Passing new path to controller.
[async_slam_toolbox_node-9] W20261002 15:09:52.008291  4595 preprocessor.cc:67] Specified options.num_threads: 50 exceeds maximum available from the threading model Ceres was compiled with: 16.  Bounding to maximum number available.
[async_slam_toolbox_node-9] [INFO] [1790928592.031803597] [slam_toolbox]: Adaptive anchor summary: latest_node=3957, local_edges=4057, loop_history=0, avg_effective_weight=1.073, release_regions=0
[INFO] [1790928592.039979055] [mapex_explorer]: Main /plan diagnostic: poses=483, endpoint=(22.70, 11.52), frontier=(22.70, 11.52), endpoint_to_frontier=0.000 m, limit=0.10 m -> usable
[controller_server-10] [INFO] [1790928592.072463142] [controller_server]: Passing new path to controller.
[controller_server-10] [INFO] [1790928593.009002640] [local_costmap.local_costmap]: StaticLayer: Resizing static layer to 563 X 256 at 0.100000 m/pix
[INFO] [1790928593.096412169] [mapex_explorer]: Main /plan diagnostic: poses=471, endpoint=(22.70, 11.52), frontier=(22.70, 11.52), endpoint_to_frontier=0.000 m, limit=0.10 m -> usable
[controller_server-10] [INFO] [1790928593.139153274] [controller_server]: Passing new path to controller.
[planner_server-12] [INFO] [1790928593.675250899] [global_costmap.global_costmap]: StaticLayer: Resizing costmap to 563 X 256 at 0.100000 m/pix
[controller_server-10] [INFO] [1790928594.139142338] [controller_server]: Passing new path to controller.
[INFO] [1790928594.155812279] [mapex_explorer]: Main /plan diagnostic: poses=460, endpoint=(22.70, 11.52), frontier=(22.70, 11.52), endpoint_to_frontier=0.000 m, limit=0.10 m -> usable
[INFO] [1790928595.163088696] [mapex_explorer]: Main /plan diagnostic: poses=449, endpoint=(22.70, 11.52), frontier=(22.70, 11.52), endpoint_to_frontier=0.000 m, limit=0.10 m -> usable
[controller_server-10] [INFO] [1790928595.205814644] [controller_server]: Passing new path to controller.
[INFO] [1790928596.204894379] [mapex_explorer]: Main /plan diagnostic: poses=440, endpoint=(22.70, 11.52), frontier=(22.70, 11.52), endpoint_to_frontier=0.000 m, limit=0.10 m -> usable
[controller_server-10] [INFO] [1790928596.205831095] [controller_server]: Passing new path to controller.
[INFO] [1790928597.199814319] [mapex_explorer]: Main /plan diagnostic: poses=428, endpoint=(22.70, 11.52), frontier=(22.70, 11.52), endpoint_to_frontier=0.000 m, limit=0.10 m -> usable
[controller_server-10] [INFO] [1790928597.205827125] [controller_server]: Passing new path to controller.
[INFO] [1790928598.221349008] [mapex_explorer]: Main /plan diagnostic: poses=417, endpoint=(22.70, 11.52), frontier=(22.70, 11.52), endpoint_to_frontier=0.000 m, limit=0.10 m -> usable
[controller_server-10] [INFO] [1790928598.272466162] [controller_server]: Passing new path to controller.
[controller_server-10] [INFO] [1790928599.272461848] [controller_server]: Passing new path to controller.
[INFO] [1790928599.315182315] [mapex_explorer]: Main /plan diagnostic: poses=408, endpoint=(22.70, 11.52), frontier=(22.70, 11.52), endpoint_to_frontier=0.000 m, limit=0.10 m -> usable
[controller_server-10] [INFO] [1790928600.272481946] [controller_server]: Passing new path to controller.
[INFO] [1790928600.330635153] [mapex_explorer]: Main /plan diagnostic: poses=397, endpoint=(22.70, 11.52), frontier=(22.70, 11.52), endpoint_to_frontier=0.000 m, limit=0.10 m -> usable
[controller_server-10] [INFO] [1790928601.339135601] [controller_server]: Passing new path to controller.
[INFO] [1790928601.357706708] [mapex_explorer]: Main /plan diagnostic: poses=388, endpoint=(22.70, 11.52), frontier=(22.70, 11.52), endpoint_to_frontier=0.000 m, limit=0.10 m -> usable
[INFO] [1790928602.326213014] [mapex_explorer]: Main /plan diagnostic: poses=378, endpoint=(22.70, 11.52), frontier=(22.70, 11.52), endpoint_to_frontier=0.000 m, limit=0.10 m -> usable
[controller_server-10] [INFO] [1790928602.339128599] [controller_server]: Passing new path to controller.
[INFO] [1790928603.367140700] [mapex_explorer]: Main /plan diagnostic: poses=370, endpoint=(22.70, 11.52), frontier=(22.70, 11.52), endpoint_to_frontier=0.000 m, limit=0.10 m -> usable
[controller_server-10] [INFO] [1790928603.405817003] [controller_server]: Passing new path to controller.
[INFO] [1790928604.381696391] [mapex_explorer]: Main /plan diagnostic: poses=360, endpoint=(22.70, 11.52), frontier=(22.70, 11.52), endpoint_to_frontier=0.000 m, limit=0.10 m -> usable
[controller_server-10] [INFO] [1790928604.405812800] [controller_server]: Passing new path to controller.
[controller_server-10] [INFO] [1790928605.405813419] [controller_server]: Passing new path to controller.
[INFO] [1790928605.413664636] [mapex_explorer]: Main /plan diagnostic: poses=347, endpoint=(22.70, 11.52), frontier=(22.70, 11.52), endpoint_to_frontier=0.000 m, limit=0.10 m -> usable
[INFO] [1790928606.412331857] [mapex_explorer]: Main /plan diagnostic: poses=337, endpoint=(22.70, 11.52), frontier=(22.70, 11.52), endpoint_to_frontier=0.000 m, limit=0.10 m -> usable
[controller_server-10] [INFO] [1790928606.472468855] [controller_server]: Passing new path to controller.
[INFO] [1790928607.427888281] [mapex_explorer]: Main /plan diagnostic: poses=330, endpoint=(22.70, 11.52), frontier=(22.70, 11.52), endpoint_to_frontier=0.000 m, limit=0.10 m -> usable
[controller_server-10] [INFO] [1790928607.472468171] [controller_server]: Passing new path to controller.
[controller_server-10] [INFO] [1790928608.472488234] [controller_server]: Passing new path to controller.
[INFO] [1790928608.496292013] [mapex_explorer]: Main /plan diagnostic: poses=315, endpoint=(22.70, 11.52), frontier=(22.70, 11.52), endpoint_to_frontier=0.000 m, limit=0.10 m -> usable
[INFO] [1790928609.501030003] [mapex_explorer]: Main /plan diagnostic: poses=305, endpoint=(22.70, 11.52), frontier=(22.70, 11.52), endpoint_to_frontier=0.000 m, limit=0.10 m -> usable
[controller_server-10] [INFO] [1790928609.539161060] [controller_server]: Passing new path to controller.
[async_slam_toolbox_node-9] W20261002 15:10:10.413906  4595 preprocessor.cc:67] Specified options.num_threads: 50 exceeds maximum available from the threading model Ceres was compiled with: 16.  Bounding to maximum number available.
[async_slam_toolbox_node-9] [INFO] [1790928610.435293052] [slam_toolbox]: Adaptive anchor summary: latest_node=4011, local_edges=4111, loop_history=0, avg_effective_weight=1.072, release_regions=0
[controller_server-10] [INFO] [1790928610.539149906] [controller_server]: Passing new path to controller.
[INFO] [1790928610.566966474] [mapex_explorer]: Main /plan diagnostic: poses=296, endpoint=(22.70, 11.52), frontier=(22.70, 11.52), endpoint_to_frontier=0.000 m, limit=0.10 m -> usable
[controller_server-10] [INFO] [1790928611.009015305] [local_costmap.local_costmap]: StaticLayer: Resizing static layer to 563 X 256 at 0.100000 m/pix
[INFO] [1790928611.527143365] [mapex_explorer]: Main /plan diagnostic: poses=287, endpoint=(22.70, 11.52), frontier=(22.70, 11.52), endpoint_to_frontier=0.000 m, limit=0.10 m -> usable
[controller_server-10] [INFO] [1790928611.539133580] [controller_server]: Passing new path to controller.
[planner_server-12] [INFO] [1790928611.675341826] [global_costmap.global_costmap]: StaticLayer: Resizing costmap to 563 X 256 at 0.100000 m/pix
[controller_server-10] [INFO] [1790928612.605848549] [controller_server]: Passing new path to controller.
[INFO] [1790928612.637703576] [mapex_explorer]: Main /plan diagnostic: poses=275, endpoint=(22.70, 11.52), frontier=(22.70, 11.52), endpoint_to_frontier=0.000 m, limit=0.10 m -> usable
[controller_server-10] [INFO] [1790928613.605797466] [controller_server]: Passing new path to controller.
[INFO] [1790928613.619743197] [mapex_explorer]: Main /plan diagnostic: poses=263, endpoint=(22.70, 11.52), frontier=(22.70, 11.52), endpoint_to_frontier=0.000 m, limit=0.10 m -> usable
[async_slam_toolbox_node-9] W20261002 15:10:13.634887  4595 preprocessor.cc:67] Specified options.num_threads: 50 exceeds maximum available from the threading model Ceres was compiled with: 16.  Bounding to maximum number available.
[controller_server-10] [INFO] [1790928614.009054288] [local_costmap.local_costmap]: StaticLayer: Resizing static layer to 563 X 256 at 0.100000 m/pix
[INFO] [1790928614.646701392] [mapex_explorer]: Main /plan diagnostic: poses=255, endpoint=(22.70, 11.52), frontier=(22.70, 11.52), endpoint_to_frontier=0.000 m, limit=0.10 m -> usable
[controller_server-10] [INFO] [1790928614.672483974] [controller_server]: Passing new path to controller.
[planner_server-12] [INFO] [1790928614.675270300] [global_costmap.global_costmap]: StaticLayer: Resizing costmap to 563 X 256 at 0.100000 m/pix
[INFO] [1790928615.639041632] [mapex_explorer]: Main /plan diagnostic: poses=244, endpoint=(22.70, 11.52), frontier=(22.70, 11.52), endpoint_to_frontier=0.000 m, limit=0.10 m -> usable
[controller_server-10] [INFO] [1790928615.672465172] [controller_server]: Passing new path to controller.
[async_slam_toolbox_node-9] W20261002 15:10:16.646106  4595 preprocessor.cc:67] Specified options.num_threads: 50 exceeds maximum available from the threading model Ceres was compiled with: 16.  Bounding to maximum number available.
[INFO] [1790928616.661998486] [mapex_explorer]: Main /plan diagnostic: poses=235, endpoint=(22.70, 11.52), frontier=(22.70, 11.52), endpoint_to_frontier=0.000 m, limit=0.10 m -> usable
[controller_server-10] [INFO] [1790928616.672489011] [controller_server]: Passing new path to controller.
[controller_server-10] [INFO] [1790928617.009008295] [local_costmap.local_costmap]: StaticLayer: Resizing static layer to 563 X 256 at 0.100000 m/pix
[planner_server-12] [INFO] [1790928617.675254752] [global_costmap.global_costmap]: StaticLayer: Resizing costmap to 563 X 256 at 0.100000 m/pix
[controller_server-10] [INFO] [1790928617.739215780] [controller_server]: Passing new path to controller.
[INFO] [1790928617.740942929] [mapex_explorer]: Main /plan diagnostic: poses=224, endpoint=(22.70, 11.52), frontier=(22.70, 11.52), endpoint_to_frontier=0.000 m, limit=0.10 m -> usable
[INFO] [1790928618.719436426] [mapex_explorer]: Main /plan diagnostic: poses=214, endpoint=(22.70, 11.52), frontier=(22.70, 11.52), endpoint_to_frontier=0.000 m, limit=0.10 m -> usable
[controller_server-10] [INFO] [1790928618.739141694] [controller_server]: Passing new path to controller.
[INFO] [1790928619.756031862] [mapex_explorer]: Main /plan diagnostic: poses=204, endpoint=(22.70, 11.52), frontier=(22.70, 11.52), endpoint_to_frontier=0.000 m, limit=0.10 m -> usable
[controller_server-10] [INFO] [1790928619.805824544] [controller_server]: Passing new path to controller.
[controller_server-10] [INFO] [1790928620.805820807] [controller_server]: Passing new path to controller.
[INFO] [1790928620.812609901] [mapex_explorer]: Main /plan diagnostic: poses=195, endpoint=(22.70, 11.52), frontier=(22.70, 11.52), endpoint_to_frontier=0.000 m, limit=0.10 m -> usable
[INFO] [1790928621.813336077] [mapex_explorer]: Main /plan diagnostic: poses=180, endpoint=(22.70, 11.52), frontier=(22.70, 11.52), endpoint_to_frontier=0.000 m, limit=0.10 m -> usable
[controller_server-10] [INFO] [1790928621.872489046] [controller_server]: Passing new path to controller.
[INFO] [1790928622.836281865] [mapex_explorer]: Main /plan diagnostic: poses=175, endpoint=(22.70, 11.52), frontier=(22.70, 11.52), endpoint_to_frontier=0.000 m, limit=0.10 m -> usable
[controller_server-10] [INFO] [1790928622.872464133] [controller_server]: Passing new path to controller.
[controller_server-10] [INFO] [1790928623.872466191] [controller_server]: Passing new path to controller.
[INFO] [1790928623.956228486] [mapex_explorer]: Main /plan diagnostic: poses=162, endpoint=(22.70, 11.52), frontier=(22.70, 11.52), endpoint_to_frontier=0.000 m, limit=0.10 m -> usable
[controller_server-10] [INFO] [1790928624.939129850] [controller_server]: Passing new path to controller.
[INFO] [1790928624.970160693] [mapex_explorer]: Main /plan diagnostic: poses=153, endpoint=(22.70, 11.52), frontier=(22.70, 11.52), endpoint_to_frontier=0.000 m, limit=0.10 m -> usable
[controller_server-10] [WARN] [1790928625.011720687] [controller_server]: Control loop missed its desired rate of 15.0000 Hz. Current loop rate is 13.8889 Hz.
[INFO] [1790928625.911160335] [mapex_explorer]: Main /plan diagnostic: poses=144, endpoint=(22.70, 11.52), frontier=(22.70, 11.52), endpoint_to_frontier=0.000 m, limit=0.10 m -> usable
[controller_server-10] [INFO] [1790928625.945171457] [controller_server]: Passing new path to controller.
[INFO] [1790928626.950998776] [mapex_explorer]: Main /plan diagnostic: poses=130, endpoint=(22.70, 11.52), frontier=(22.70, 11.52), endpoint_to_frontier=0.000 m, limit=0.10 m -> usable
[controller_server-10] [INFO] [1790928627.011833586] [controller_server]: Passing new path to controller.
[INFO] [1790928627.967097272] [mapex_explorer]: Main /plan diagnostic: poses=122, endpoint=(22.70, 11.52), frontier=(22.70, 11.52), endpoint_to_frontier=0.000 m, limit=0.10 m -> usable
[controller_server-10] [INFO] [1790928628.011833606] [controller_server]: Passing new path to controller.
[INFO] [1790928628.998705027] [mapex_explorer]: Main /plan diagnostic: poses=110, endpoint=(22.70, 11.52), frontier=(22.70, 11.52), endpoint_to_frontier=0.000 m, limit=0.10 m -> usable
[controller_server-10] [INFO] [1790928629.078575574] [controller_server]: Passing new path to controller.
[INFO] [1790928630.026761989] [mapex_explorer]: Main /plan diagnostic: poses=99, endpoint=(22.70, 11.52), frontier=(22.70, 11.52), endpoint_to_frontier=0.000 m, limit=0.10 m -> usable
[controller_server-10] [INFO] [1790928630.078504036] [controller_server]: Passing new path to controller.
[INFO] [1790928631.059985526] [mapex_explorer]: Main /plan diagnostic: poses=88, endpoint=(22.70, 11.52), frontier=(22.70, 11.52), endpoint_to_frontier=0.000 m, limit=0.10 m -> usable
[controller_server-10] [INFO] [1790928631.078508894] [controller_server]: Passing new path to controller.
[INFO] [1790928632.076515264] [mapex_explorer]: Main /plan diagnostic: poses=81, endpoint=(22.70, 11.52), frontier=(22.70, 11.52), endpoint_to_frontier=0.000 m, limit=0.10 m -> usable
[controller_server-10] [INFO] [1790928632.145189213] [controller_server]: Passing new path to controller.
[INFO] [1790928633.128036440] [mapex_explorer]: Main /plan diagnostic: poses=67, endpoint=(22.70, 11.52), frontier=(22.70, 11.52), endpoint_to_frontier=0.000 m, limit=0.10 m -> usable
[controller_server-10] [INFO] [1790928633.145171150] [controller_server]: Passing new path to controller.
[INFO] [1790928634.134956386] [mapex_explorer]: Main /plan diagnostic: poses=58, endpoint=(22.70, 11.52), frontier=(22.70, 11.52), endpoint_to_frontier=0.000 m, limit=0.10 m -> usable
[controller_server-10] [INFO] [1790928634.145173472] [controller_server]: Passing new path to controller.
[INFO] [1790928635.159667028] [mapex_explorer]: Main /plan diagnostic: poses=50, endpoint=(22.70, 11.52), frontier=(22.70, 11.52), endpoint_to_frontier=0.000 m, limit=0.10 m -> usable
[controller_server-10] [INFO] [1790928635.211836995] [controller_server]: Passing new path to controller.
[controller_server-10] [INFO] [1790928636.211837198] [controller_server]: Passing new path to controller.
[INFO] [1790928636.293319419] [mapex_explorer]: Main /plan diagnostic: poses=39, endpoint=(22.70, 11.52), frontier=(22.70, 11.52), endpoint_to_frontier=0.000 m, limit=0.10 m -> usable
[INFO] [1790928637.220671580] [mapex_explorer]: Main /plan diagnostic: poses=28, endpoint=(22.70, 11.52), frontier=(22.70, 11.52), endpoint_to_frontier=0.000 m, limit=0.10 m -> usable
[controller_server-10] [INFO] [1790928637.278502188] [controller_server]: Passing new path to controller.
[INFO] [1790928638.240055044] [mapex_explorer]: Main /plan diagnostic: poses=18, endpoint=(22.70, 11.52), frontier=(22.70, 11.52), endpoint_to_frontier=0.000 m, limit=0.10 m -> usable
[controller_server-10] [INFO] [1790928638.278502315] [controller_server]: Passing new path to controller.
[INFO] [1790928639.262032103] [mapex_explorer]: Main /plan diagnostic: poses=13, endpoint=(22.70, 11.52), frontier=(22.70, 11.52), endpoint_to_frontier=0.000 m, limit=0.10 m -> usable
[controller_server-10] [INFO] [1790928639.278504335] [controller_server]: Passing new path to controller.
[INFO] [1790928640.293097717] [mapex_explorer]: Main /plan diagnostic: poses=6, endpoint=(22.70, 11.52), frontier=(22.70, 11.52), endpoint_to_frontier=0.000 m, limit=0.10 m -> usable
[controller_server-10] [INFO] [1790928640.345173357] [controller_server]: Passing new path to controller.
[controller_server-10] [INFO] [1790928640.414689117] [controller_server]: Reached the goal!
[controller_server-10] [INFO] [1790928640.415055377] [controller_server]: Optimizer reset
[bt_navigator-15] [INFO] [1790928640.441876490] [bt_navigator]: Goal succeeded
[INFO] [1790928640.443919116] [mapex_explorer]: Goal reached
[INFO] [1790928646.333234895] [mapex_explorer]: MapEx decision 41: selected x=25.60, y=7.43, IG=2.438979, distance=4.74 m, score=0.514955, region=24, candidates=5, near_fallback=False, compute=5.26 s
[bt_navigator-15] [INFO] [1790928646.334853450] [bt_navigator]: Begin navigating from current location (23.00, 11.39) to (25.60, 7.43)
[controller_server-10] [INFO] [1790928646.357856440] [controller_server]: Received a goal, begin computing control effort.
[INFO] [1790928646.456197441] [mapex_explorer]: Main goal accepted
[INFO] [1790928646.462303234] [mapex_explorer]: Main /plan diagnostic: poses=170, endpoint=(25.60, 7.43), frontier=(25.60, 7.43), endpoint_to_frontier=0.000 m, limit=0.10 m -> usable
[INFO] [1790928647.382626593] [mapex_explorer]: Main /plan diagnostic: poses=165, endpoint=(25.60, 7.43), frontier=(25.60, 7.43), endpoint_to_frontier=0.000 m, limit=0.10 m -> usable
[controller_server-10] [INFO] [1790928647.425181704] [controller_server]: Passing new path to controller.
[controller_server-10] [WARN] [1790928648.031376918] [controller_server]: Control loop missed its desired rate of 15.0000 Hz. Current loop rate is 13.6986 Hz.
[controller_server-10] [INFO] [1790928648.431485828] [controller_server]: Passing new path to controller.
[INFO] [1790928648.434316009] [mapex_explorer]: Main /plan diagnostic: poses=158, endpoint=(25.60, 7.43), frontier=(25.60, 7.43), endpoint_to_frontier=0.000 m, limit=0.10 m -> usable
[INFO] [1790928649.432291311] [mapex_explorer]: Main /plan diagnostic: poses=152, endpoint=(25.60, 7.43), frontier=(25.60, 7.43), endpoint_to_frontier=0.000 m, limit=0.10 m -> usable
[controller_server-10] [INFO] [1790928649.498198680] [controller_server]: Passing new path to controller.
[INFO] [1790928650.440263720] [mapex_explorer]: Main /plan diagnostic: poses=145, endpoint=(25.60, 7.43), frontier=(25.60, 7.43), endpoint_to_frontier=0.000 m, limit=0.10 m -> usable
[controller_server-10] [INFO] [1790928650.498153705] [controller_server]: Passing new path to controller.
[controller_server-10] [WARN] [1790928651.068761217] [controller_server]: Control loop missed its desired rate of 15.0000 Hz. Current loop rate is 9.7087 Hz.
[INFO] [1790928651.488886404] [mapex_explorer]: Main /plan diagnostic: poses=137, endpoint=(25.60, 7.43), frontier=(25.60, 7.43), endpoint_to_frontier=0.000 m, limit=0.10 m -> usable
[controller_server-10] [INFO] [1790928651.535554337] [controller_server]: Passing new path to controller.
[INFO] [1790928652.522127007] [mapex_explorer]: Main /plan diagnostic: poses=131, endpoint=(25.60, 7.43), frontier=(25.60, 7.43), endpoint_to_frontier=0.000 m, limit=0.10 m -> usable
[controller_server-10] [INFO] [1790928652.535585410] [controller_server]: Passing new path to controller.
[controller_server-10] [INFO] [1790928653.535610466] [controller_server]: Passing new path to controller.
[INFO] [1790928653.546024417] [mapex_explorer]: Main /plan diagnostic: poses=124, endpoint=(25.60, 7.43), frontier=(25.60, 7.43), endpoint_to_frontier=0.000 m, limit=0.10 m -> usable
[INFO] [1790928654.539093987] [mapex_explorer]: Main /plan diagnostic: poses=117, endpoint=(25.60, 7.43), frontier=(25.60, 7.43), endpoint_to_frontier=0.000 m, limit=0.10 m -> usable
[controller_server-10] [INFO] [1790928654.602217954] [controller_server]: Passing new path to controller.
[INFO] [1790928655.560813121] [mapex_explorer]: Main /plan diagnostic: poses=110, endpoint=(25.60, 7.43), frontier=(25.60, 7.43), endpoint_to_frontier=0.000 m, limit=0.10 m -> usable
[controller_server-10] [INFO] [1790928655.602233817] [controller_server]: Passing new path to controller.
[controller_server-10] [INFO] [1790928656.602238441] [controller_server]: Passing new path to controller.
[INFO] [1790928656.612562635] [mapex_explorer]: Main /plan diagnostic: poses=103, endpoint=(25.60, 7.43), frontier=(25.60, 7.43), endpoint_to_frontier=0.000 m, limit=0.10 m -> usable
[INFO] [1790928657.626522063] [mapex_explorer]: Main /plan diagnostic: poses=95, endpoint=(25.60, 7.43), frontier=(25.60, 7.43), endpoint_to_frontier=0.000 m, limit=0.10 m -> usable
[controller_server-10] [INFO] [1790928657.668916125] [controller_server]: Passing new path to controller.
[controller_server-10] [WARN] [1790928658.008277132] [controller_server]: Control loop missed its desired rate of 15.0000 Hz. Current loop rate is 13.6986 Hz.
[INFO] [1790928658.622579900] [mapex_explorer]: Main /plan diagnostic: poses=88, endpoint=(25.60, 7.43), frontier=(25.60, 7.43), endpoint_to_frontier=0.000 m, limit=0.10 m -> usable
[controller_server-10] [INFO] [1790928658.675065858] [controller_server]: Passing new path to controller.
[async_slam_toolbox_node-9] W20261002 15:10:59.021911  4595 preprocessor.cc:67] Specified options.num_threads: 50 exceeds maximum available from the threading model Ceres was compiled with: 16.  Bounding to maximum number available.
[async_slam_toolbox_node-9] [INFO] [1790928659.047636644] [slam_toolbox]: Adaptive anchor summary: latest_node=4168, local_edges=4270, loop_history=0, avg_effective_weight=1.070, release_regions=0
[INFO] [1790928659.659992711] [mapex_explorer]: Main /plan diagnostic: poses=83, endpoint=(25.60, 7.43), frontier=(25.60, 7.43), endpoint_to_frontier=0.000 m, limit=0.10 m -> usable
[controller_server-10] [INFO] [1790928659.675049303] [controller_server]: Passing new path to controller.
[controller_server-10] [INFO] [1790928660.009920624] [local_costmap.local_costmap]: StaticLayer: Resizing static layer to 563 X 256 at 0.100000 m/pix
[controller_server-10] [INFO] [1790928660.675043884] [controller_server]: Passing new path to controller.
[planner_server-12] [INFO] [1790928660.675200292] [global_costmap.global_costmap]: StaticLayer: Resizing costmap to 563 X 256 at 0.100000 m/pix
[INFO] [1790928660.743512321] [mapex_explorer]: Main /plan diagnostic: poses=74, endpoint=(25.60, 7.43), frontier=(25.60, 7.43), endpoint_to_frontier=0.000 m, limit=0.10 m -> usable
[INFO] [1790928661.680762592] [mapex_explorer]: Main /plan diagnostic: poses=65, endpoint=(25.60, 7.43), frontier=(25.60, 7.43), endpoint_to_frontier=0.000 m, limit=0.10 m -> usable
[controller_server-10] [INFO] [1790928661.741742652] [controller_server]: Passing new path to controller.
[INFO] [1790928662.720738719] [mapex_explorer]: Main /plan diagnostic: poses=59, endpoint=(25.60, 7.43), frontier=(25.60, 7.43), endpoint_to_frontier=0.000 m, limit=0.10 m -> usable
[controller_server-10] [INFO] [1790928662.741742240] [controller_server]: Passing new path to controller.
[INFO] [1790928663.731025198] [mapex_explorer]: Main /plan diagnostic: poses=50, endpoint=(25.60, 7.43), frontier=(25.60, 7.43), endpoint_to_frontier=0.000 m, limit=0.10 m -> usable
[controller_server-10] [INFO] [1790928663.808432249] [controller_server]: Passing new path to controller.
[INFO] [1790928664.748208922] [mapex_explorer]: Main /plan diagnostic: poses=44, endpoint=(25.60, 7.43), frontier=(25.60, 7.43), endpoint_to_frontier=0.000 m, limit=0.10 m -> usable
[controller_server-10] [INFO] [1790928664.808378818] [controller_server]: Passing new path to controller.
[controller_server-10] [INFO] [1790928665.808384521] [controller_server]: Passing new path to controller.
[INFO] [1790928665.815022754] [mapex_explorer]: Main /plan diagnostic: poses=42, endpoint=(25.60, 7.43), frontier=(25.60, 7.43), endpoint_to_frontier=0.000 m, limit=0.10 m -> usable
[planner_server-12] [WARN] [1790928666.813338613] [planner_server]: GridBased plugin failed to plan from (27.34, 6.98) to (25.60, 7.43): "Failed to create plan with tolerance of: 0.000000"
[planner_server-12] [WARN] [1790928666.813439001] [planner_server]: [compute_path_to_pose] [ActionServer] Aborting handle.
[bt_navigator-15] [ERROR] [1790928666.835703128] [bt_navigator_navigate_to_pose_rclcpp_node]: Failed to get result for follow_path in node halt!
[behavior_server-14] [INFO] [1790928666.836271547] [behavior_server]: Running wait
[controller_server-10] [INFO] [1790928666.875044873] [controller_server]: Cancellation was successful. Stopping the robot.
[controller_server-10] [INFO] [1790928666.875077923] [controller_server]: [follow_path] [ActionServer] Client requested to cancel the goal. Cancelling.
[controller_server-10] [INFO] [1790928666.875375091] [controller_server]: Optimizer reset
[behavior_server-14] [INFO] [1790928667.136430543] [behavior_server]: wait completed successfully
[planner_server-12] [WARN] [1790928667.156346024] [planner_server]: GridBased plugin failed to plan from (27.32, 6.98) to (25.60, 7.43): "Failed to create plan with tolerance of: 0.000000"
[planner_server-12] [WARN] [1790928667.156435026] [planner_server]: [compute_path_to_pose] [ActionServer] Aborting handle.
[bt_navigator-15] [WARN] [1790928667.176777704] [bt_navigator]: [navigate_to_pose] [ActionServer] Aborting handle.
[bt_navigator-15] [ERROR] [1790928667.177055595] [bt_navigator]: Goal failed
[WARN] [1790928667.195177603] [mapex_explorer]: Main goal failed (status=6, error_code=208)
[WARN] [1790928667.195524901] [mapex_explorer]: Main frontier abandoned after NO_VALID_PATH (208): x=25.60, y=7.43; candidates within 0.10 m are skipped during normal selection but will be checked again by terminal planner revalidation.
[INFO] [1790928673.303919021] [mapex_explorer]: MapEx decision 42: selected x=17.99, y=2.33, IG=2.991468, distance=10.42 m, score=0.286995, region=20, candidates=4, near_fallback=False, compute=5.19 s
[bt_navigator-15] [INFO] [1790928673.304620237] [bt_navigator]: Begin navigating from current location (27.32, 6.98) to (17.99, 2.33)
[controller_server-10] [INFO] [1790928673.325439031] [controller_server]: Received a goal, begin computing control effort.
[INFO] [1790928673.472798113] [mapex_explorer]: Main goal accepted
[INFO] [1790928673.588515068] [mapex_explorer]: Main /plan diagnostic: poses=819, endpoint=(17.99, 2.33), frontier=(17.99, 2.33), endpoint_to_frontier=0.000 m, limit=0.10 m -> usable
[INFO] [1790928674.354481370] [mapex_explorer]: Main /plan diagnostic: poses=815, endpoint=(17.99, 2.33), frontier=(17.99, 2.33), endpoint_to_frontier=0.000 m, limit=0.10 m -> usable
[controller_server-10] [INFO] [1790928674.392289541] [controller_server]: Passing new path to controller.
[controller_server-10] [INFO] [1790928675.392280906] [controller_server]: Passing new path to controller.
[INFO] [1790928675.402036401] [mapex_explorer]: Main /plan diagnostic: poses=807, endpoint=(17.99, 2.33), frontier=(17.99, 2.33), endpoint_to_frontier=0.000 m, limit=0.10 m -> usable
[controller_server-10] [INFO] [1790928676.458928507] [controller_server]: Passing new path to controller.
[INFO] [1790928676.471037695] [mapex_explorer]: Main /plan diagnostic: poses=802, endpoint=(17.99, 2.33), frontier=(17.99, 2.33), endpoint_to_frontier=0.000 m, limit=0.10 m -> usable
[controller_server-10] [INFO] [1790928677.458928128] [controller_server]: Passing new path to controller.
[INFO] [1790928677.487334807] [mapex_explorer]: Main /plan diagnostic: poses=794, endpoint=(17.99, 2.33), frontier=(17.99, 2.33), endpoint_to_frontier=0.000 m, limit=0.10 m -> usable
[INFO] [1790928678.486775041] [mapex_explorer]: Main /plan diagnostic: poses=788, endpoint=(17.99, 2.33), frontier=(17.99, 2.33), endpoint_to_frontier=0.000 m, limit=0.10 m -> usable
[controller_server-10] [INFO] [1790928678.525611047] [controller_server]: Passing new path to controller.
[INFO] [1790928679.520160399] [mapex_explorer]: Main /plan diagnostic: poses=780, endpoint=(17.99, 2.33), frontier=(17.99, 2.33), endpoint_to_frontier=0.000 m, limit=0.10 m -> usable
[controller_server-10] [INFO] [1790928679.525594352] [controller_server]: Passing new path to controller.
[INFO] [1790928680.549327742] [mapex_explorer]: Main /plan diagnostic: poses=772, endpoint=(17.99, 2.33), frontier=(17.99, 2.33), endpoint_to_frontier=0.000 m, limit=0.10 m -> usable
[controller_server-10] [INFO] [1790928680.592296924] [controller_server]: Passing new path to controller.
[controller_server-10] [WARN] [1790928681.007904560] [controller_server]: Control loop missed its desired rate of 15.0000 Hz. Current loop rate is 12.1951 Hz.
[INFO] [1790928681.601836260] [mapex_explorer]: Main /plan diagnostic: poses=766, endpoint=(17.99, 2.33), frontier=(17.99, 2.33), endpoint_to_frontier=0.000 m, limit=0.10 m -> usable
[controller_server-10] [INFO] [1790928681.608057550] [controller_server]: Passing new path to controller.
[controller_server-10] [INFO] [1790928682.608041736] [controller_server]: Passing new path to controller.
[INFO] [1790928682.689234960] [mapex_explorer]: Main /plan diagnostic: poses=759, endpoint=(17.99, 2.33), frontier=(17.99, 2.33), endpoint_to_frontier=0.000 m, limit=0.10 m -> usable
[INFO] [1790928683.636985251] [mapex_explorer]: Main /plan diagnostic: poses=752, endpoint=(17.99, 2.33), frontier=(17.99, 2.33), endpoint_to_frontier=0.000 m, limit=0.10 m -> usable
[controller_server-10] [INFO] [1790928683.674707958] [controller_server]: Passing new path to controller.
[INFO] [1790928684.672622043] [mapex_explorer]: Main /plan diagnostic: poses=746, endpoint=(17.99, 2.33), frontier=(17.99, 2.33), endpoint_to_frontier=0.000 m, limit=0.10 m -> usable
[controller_server-10] [INFO] [1790928684.674729985] [controller_server]: Passing new path to controller.
[controller_server-10] [WARN] [1790928685.013775374] [controller_server]: Control loop missed its desired rate of 15.0000 Hz. Current loop rate is 13.8889 Hz.
[controller_server-10] [INFO] [1790928685.680604756] [controller_server]: Passing new path to controller.
[INFO] [1790928685.700182334] [mapex_explorer]: Main /plan diagnostic: poses=738, endpoint=(17.99, 2.33), frontier=(17.99, 2.33), endpoint_to_frontier=0.000 m, limit=0.10 m -> usable
[INFO] [1790928686.716698288] [mapex_explorer]: Main /plan diagnostic: poses=730, endpoint=(17.99, 2.33), frontier=(17.99, 2.33), endpoint_to_frontier=0.000 m, limit=0.10 m -> usable
[controller_server-10] [INFO] [1790928686.747237054] [controller_server]: Passing new path to controller.
[controller_server-10] [INFO] [1790928687.747242217] [controller_server]: Passing new path to controller.
[INFO] [1790928687.831507877] [mapex_explorer]: Main /plan diagnostic: poses=724, endpoint=(17.99, 2.33), frontier=(17.99, 2.33), endpoint_to_frontier=0.000 m, limit=0.10 m -> usable
[INFO] [1790928688.764145934] [mapex_explorer]: Main /plan diagnostic: poses=716, endpoint=(17.99, 2.33), frontier=(17.99, 2.33), endpoint_to_frontier=0.000 m, limit=0.10 m -> usable
[controller_server-10] [INFO] [1790928688.813877401] [controller_server]: Passing new path to controller.
[INFO] [1790928689.795752627] [mapex_explorer]: Main /plan diagnostic: poses=711, endpoint=(17.99, 2.33), frontier=(17.99, 2.33), endpoint_to_frontier=0.000 m, limit=0.10 m -> usable
[controller_server-10] [INFO] [1790928689.813896361] [controller_server]: Passing new path to controller.
[INFO] [1790928690.812479180] [mapex_explorer]: Main /plan diagnostic: poses=702, endpoint=(17.99, 2.33), frontier=(17.99, 2.33), endpoint_to_frontier=0.000 m, limit=0.10 m -> usable
[controller_server-10] [INFO] [1790928690.880538952] [controller_server]: Passing new path to controller.
[controller_server-10] [WARN] [1790928691.031998452] [controller_server]: Control loop missed its desired rate of 15.0000 Hz. Current loop rate is 11.9048 Hz.
[INFO] [1790928691.852912599] [mapex_explorer]: Main /plan diagnostic: poses=696, endpoint=(17.99, 2.33), frontier=(17.99, 2.33), endpoint_to_frontier=0.000 m, limit=0.10 m -> usable
[controller_server-10] [INFO] [1790928691.898807817] [controller_server]: Passing new path to controller.
[async_slam_toolbox_node-9] W20261002 15:11:32.293485  4595 preprocessor.cc:67] Specified options.num_threads: 50 exceeds maximum available from the threading model Ceres was compiled with: 16.  Bounding to maximum number available.
[async_slam_toolbox_node-9] [INFO] [1790928692.321677643] [slam_toolbox]: Adaptive anchor summary: latest_node=4249, local_edges=4351, loop_history=0, avg_effective_weight=1.068, release_regions=0
[INFO] [1790928692.867734281] [mapex_explorer]: Main /plan diagnostic: poses=688, endpoint=(17.99, 2.33), frontier=(17.99, 2.33), endpoint_to_frontier=0.000 m, limit=0.10 m -> usable
[controller_server-10] [INFO] [1790928692.898803245] [controller_server]: Passing new path to controller.
[controller_server-10] [INFO] [1790928693.009021190] [local_costmap.local_costmap]: StaticLayer: Resizing static layer to 563 X 256 at 0.100000 m/pix
[planner_server-12] [INFO] [1790928693.675256557] [global_costmap.global_costmap]: StaticLayer: Resizing costmap to 563 X 256 at 0.100000 m/pix
[INFO] [1790928693.894765652] [mapex_explorer]: Main /plan diagnostic: poses=681, endpoint=(17.99, 2.33), frontier=(17.99, 2.33), endpoint_to_frontier=0.000 m, limit=0.10 m -> usable
[controller_server-10] [INFO] [1790928693.898818014] [controller_server]: Passing new path to controller.
[INFO] [1790928694.932792336] [mapex_explorer]: Main /plan diagnostic: poses=672, endpoint=(17.99, 2.33), frontier=(17.99, 2.33), endpoint_to_frontier=0.000 m, limit=0.10 m -> usable
[controller_server-10] [INFO] [1790928694.965490149] [controller_server]: Passing new path to controller.
[INFO] [1790928695.954750830] [mapex_explorer]: Main /plan diagnostic: poses=666, endpoint=(17.99, 2.33), frontier=(17.99, 2.33), endpoint_to_frontier=0.000 m, limit=0.10 m -> usable
[controller_server-10] [INFO] [1790928695.965472654] [controller_server]: Passing new path to controller.
[INFO] [1790928696.990112100] [mapex_explorer]: Main /plan diagnostic: poses=659, endpoint=(17.99, 2.33), frontier=(17.99, 2.33), endpoint_to_frontier=0.000 m, limit=0.10 m -> usable
[async_slam_toolbox_node-9] W20261002 15:11:36.998637  4595 preprocessor.cc:67] Specified options.num_threads: 50 exceeds maximum available from the threading model Ceres was compiled with: 16.  Bounding to maximum number available.
[controller_server-10] [INFO] [1790928697.032143859] [controller_server]: Passing new path to controller.
[INFO] [1790928698.003801824] [mapex_explorer]: Main /plan diagnostic: poses=653, endpoint=(17.99, 2.33), frontier=(17.99, 2.33), endpoint_to_frontier=0.000 m, limit=0.10 m -> usable
[controller_server-10] [INFO] [1790928698.009004533] [local_costmap.local_costmap]: StaticLayer: Resizing static layer to 563 X 256 at 0.100000 m/pix
[controller_server-10] [INFO] [1790928698.032136441] [controller_server]: Passing new path to controller.
[planner_server-12] [INFO] [1790928698.675241142] [global_costmap.global_costmap]: StaticLayer: Resizing costmap to 563 X 256 at 0.100000 m/pix
[INFO] [1790928699.050823602] [mapex_explorer]: Main /plan diagnostic: poses=643, endpoint=(17.99, 2.33), frontier=(17.99, 2.33), endpoint_to_frontier=0.000 m, limit=0.10 m -> usable
[controller_server-10] [INFO] [1790928699.098832878] [controller_server]: Passing new path to controller.
[INFO] [1790928700.093338647] [mapex_explorer]: Main /plan diagnostic: poses=637, endpoint=(17.99, 2.33), frontier=(17.99, 2.33), endpoint_to_frontier=0.000 m, limit=0.10 m -> usable
[controller_server-10] [INFO] [1790928700.098805348] [controller_server]: Passing new path to controller.
[controller_server-10] [WARN] [1790928701.047593261] [controller_server]: Control loop missed its desired rate of 15.0000 Hz. Current loop rate is 12.0482 Hz.
[controller_server-10] [INFO] [1790928701.114398435] [controller_server]: Passing new path to controller.
[INFO] [1790928701.122916990] [mapex_explorer]: Main /plan diagnostic: poses=628, endpoint=(17.99, 2.33), frontier=(17.99, 2.33), endpoint_to_frontier=0.000 m, limit=0.10 m -> usable
[INFO] [1790928702.138454930] [mapex_explorer]: Main /plan diagnostic: poses=622, endpoint=(17.99, 2.33), frontier=(17.99, 2.33), endpoint_to_frontier=0.000 m, limit=0.10 m -> usable
[controller_server-10] [INFO] [1790928702.181037701] [controller_server]: Passing new path to controller.
[INFO] [1790928703.160099854] [mapex_explorer]: Main /plan diagnostic: poses=614, endpoint=(17.99, 2.33), frontier=(17.99, 2.33), endpoint_to_frontier=0.000 m, limit=0.10 m -> usable
[controller_server-10] [INFO] [1790928703.181056125] [controller_server]: Passing new path to controller.
[async_slam_toolbox_node-9] W20261002 15:11:44.017496  4595 preprocessor.cc:67] Specified options.num_threads: 50 exceeds maximum available from the threading model Ceres was compiled with: 16.  Bounding to maximum number available.
[controller_server-10] [ERROR] [1790928704.083805014] [controller_server]: Exception in transformPose: Lookup would require extrapolation into the future.  Requested time 1687.060000 but the latest data is at time 1687.000000, when looking up transform from frame [map] to frame [odom]
[controller_server-10] [ERROR] [1790928704.084574678] [controller_server]: Unable to transform goal pose into costmap frame
[controller_server-10] [INFO] [1790928704.085143746] [controller_server]: Optimizer reset
[controller_server-10] [WARN] [1790928704.085182629] [controller_server]: [follow_path] [ActionServer] Aborting handle.
[behavior_server-14] [INFO] [1790928704.105047865] [behavior_server]: Running wait
[behavior_server-14] [INFO] [1790928704.405265926] [behavior_server]: wait completed successfully
[controller_server-10] [INFO] [1790928704.445285943] [controller_server]: Received a goal, begin computing control effort.
[INFO] [1790928704.450648968] [mapex_explorer]: Main /plan diagnostic: poses=606, endpoint=(17.99, 2.33), frontier=(17.99, 2.33), endpoint_to_frontier=0.000 m, limit=0.10 m -> usable
[controller_server-10] [INFO] [1790928705.009007018] [local_costmap.local_costmap]: StaticLayer: Resizing static layer to 563 X 256 at 0.100000 m/pix
[INFO] [1790928705.501506274] [mapex_explorer]: Main /plan diagnostic: poses=600, endpoint=(17.99, 2.33), frontier=(17.99, 2.33), endpoint_to_frontier=0.000 m, limit=0.10 m -> usable
[controller_server-10] [INFO] [1790928705.512121610] [controller_server]: Passing new path to controller.
[planner_server-12] [INFO] [1790928705.675234178] [global_costmap.global_costmap]: StaticLayer: Resizing costmap to 563 X 256 at 0.100000 m/pix
[controller_server-10] [INFO] [1790928706.512134271] [controller_server]: Passing new path to controller.
[INFO] [1790928706.531993157] [mapex_explorer]: Main /plan diagnostic: poses=595, endpoint=(17.99, 2.33), frontier=(17.99, 2.33), endpoint_to_frontier=0.000 m, limit=0.10 m -> usable
[INFO] [1790928707.556291979] [mapex_explorer]: Main /plan diagnostic: poses=587, endpoint=(17.99, 2.33), frontier=(17.99, 2.33), endpoint_to_frontier=0.000 m, limit=0.10 m -> usable
[controller_server-10] [INFO] [1790928707.578764306] [controller_server]: Passing new path to controller.
[INFO] [1790928708.568751798] [mapex_explorer]: Main /plan diagnostic: poses=579, endpoint=(17.99, 2.33), frontier=(17.99, 2.33), endpoint_to_frontier=0.000 m, limit=0.10 m -> usable
[controller_server-10] [INFO] [1790928708.578766637] [controller_server]: Passing new path to controller.
[INFO] [1790928709.617192746] [mapex_explorer]: Main /plan diagnostic: poses=572, endpoint=(17.99, 2.33), frontier=(17.99, 2.33), endpoint_to_frontier=0.000 m, limit=0.10 m -> usable
[controller_server-10] [INFO] [1790928709.645401228] [controller_server]: Passing new path to controller.
[INFO] [1790928710.634756923] [mapex_explorer]: Main /plan diagnostic: poses=564, endpoint=(17.99, 2.33), frontier=(17.99, 2.33), endpoint_to_frontier=0.000 m, limit=0.10 m -> usable
[controller_server-10] [INFO] [1790928710.645534875] [controller_server]: Passing new path to controller.
[controller_server-10] [INFO] [1790928711.712124318] [controller_server]: Passing new path to controller.
[INFO] [1790928711.722195690] [mapex_explorer]: Main /plan diagnostic: poses=559, endpoint=(17.99, 2.33), frontier=(17.99, 2.33), endpoint_to_frontier=0.000 m, limit=0.10 m -> usable
[INFO] [1790928712.694295898] [mapex_explorer]: Main /plan diagnostic: poses=551, endpoint=(17.99, 2.33), frontier=(17.99, 2.33), endpoint_to_frontier=0.000 m, limit=0.10 m -> usable
[controller_server-10] [INFO] [1790928712.712122853] [controller_server]: Passing new path to controller.
[controller_server-10] [INFO] [1790928713.712100445] [controller_server]: Passing new path to controller.
[INFO] [1790928713.718687502] [mapex_explorer]: Main /plan diagnostic: poses=544, endpoint=(17.99, 2.33), frontier=(17.99, 2.33), endpoint_to_frontier=0.000 m, limit=0.10 m -> usable
[INFO] [1790928714.735180051] [mapex_explorer]: Main /plan diagnostic: poses=536, endpoint=(17.99, 2.33), frontier=(17.99, 2.33), endpoint_to_frontier=0.000 m, limit=0.10 m -> usable
[controller_server-10] [INFO] [1790928714.778789247] [controller_server]: Passing new path to controller.
[INFO] [1790928715.774467950] [mapex_explorer]: Main /plan diagnostic: poses=531, endpoint=(17.99, 2.33), frontier=(17.99, 2.33), endpoint_to_frontier=0.000 m, limit=0.10 m -> usable
[controller_server-10] [INFO] [1790928715.778792874] [controller_server]: Passing new path to controller.
[INFO] [1790928716.780742663] [mapex_explorer]: Main /plan diagnostic: poses=523, endpoint=(17.99, 2.33), frontier=(17.99, 2.33), endpoint_to_frontier=0.000 m, limit=0.10 m -> usable
[controller_server-10] [INFO] [1790928716.845411206] [controller_server]: Passing new path to controller.
[controller_server-10] [INFO] [1790928717.845412509] [controller_server]: Passing new path to controller.
[INFO] [1790928717.867439038] [mapex_explorer]: Main /plan diagnostic: poses=515, endpoint=(17.99, 2.33), frontier=(17.99, 2.33), endpoint_to_frontier=0.000 m, limit=0.10 m -> usable
[INFO] [1790928718.830576850] [mapex_explorer]: Main /plan diagnostic: poses=508, endpoint=(17.99, 2.33), frontier=(17.99, 2.33), endpoint_to_frontier=0.000 m, limit=0.10 m -> usable
[controller_server-10] [INFO] [1790928718.845404668] [controller_server]: Passing new path to controller.
[INFO] [1790928719.863837674] [mapex_explorer]: Main /plan diagnostic: poses=500, endpoint=(17.99, 2.33), frontier=(17.99, 2.33), endpoint_to_frontier=0.000 m, limit=0.10 m -> usable
[controller_server-10] [INFO] [1790928719.912098432] [controller_server]: Passing new path to controller.
[INFO] [1790928720.898744018] [mapex_explorer]: Main /plan diagnostic: poses=495, endpoint=(17.99, 2.33), frontier=(17.99, 2.33), endpoint_to_frontier=0.000 m, limit=0.10 m -> usable
[controller_server-10] [INFO] [1790928720.912097401] [controller_server]: Passing new path to controller.
[INFO] [1790928721.914630282] [mapex_explorer]: Main /plan diagnostic: poses=487, endpoint=(17.99, 2.33), frontier=(17.99, 2.33), endpoint_to_frontier=0.000 m, limit=0.10 m -> usable
[controller_server-10] [INFO] [1790928721.978764152] [controller_server]: Passing new path to controller.
[INFO] [1790928722.952147678] [mapex_explorer]: Main /plan diagnostic: poses=479, endpoint=(17.99, 2.33), frontier=(17.99, 2.33), endpoint_to_frontier=0.000 m, limit=0.10 m -> usable
[controller_server-10] [INFO] [1790928722.979405014] [controller_server]: Passing new path to controller.
[INFO] [1790928723.957686439] [mapex_explorer]: Main /plan diagnostic: poses=472, endpoint=(17.99, 2.33), frontier=(17.99, 2.33), endpoint_to_frontier=0.000 m, limit=0.10 m -> usable
[controller_server-10] [INFO] [1790928723.978790722] [controller_server]: Passing new path to controller.
[INFO] [1790928724.999827556] [mapex_explorer]: Main /plan diagnostic: poses=464, endpoint=(17.99, 2.33), frontier=(17.99, 2.33), endpoint_to_frontier=0.000 m, limit=0.10 m -> usable
[controller_server-10] [INFO] [1790928725.045401374] [controller_server]: Passing new path to controller.
[INFO] [1790928726.038983092] [mapex_explorer]: Main /plan diagnostic: poses=459, endpoint=(17.99, 2.33), frontier=(17.99, 2.33), endpoint_to_frontier=0.000 m, limit=0.10 m -> usable
[controller_server-10] [INFO] [1790928726.045399641] [controller_server]: Passing new path to controller.
[controller_server-10] [INFO] [1790928727.045403019] [controller_server]: Passing new path to controller.
[INFO] [1790928727.062413584] [mapex_explorer]: Main /plan diagnostic: poses=451, endpoint=(17.99, 2.33), frontier=(17.99, 2.33), endpoint_to_frontier=0.000 m, limit=0.10 m -> usable
[INFO] [1790928728.078246775] [mapex_explorer]: Main /plan diagnostic: poses=443, endpoint=(17.99, 2.33), frontier=(17.99, 2.33), endpoint_to_frontier=0.000 m, limit=0.10 m -> usable
[controller_server-10] [INFO] [1790928728.112110676] [controller_server]: Passing new path to controller.
[controller_server-10] [ERROR] [1790928729.013062326] [controller_server]: Exception in transformPose: Lookup would require extrapolation into the future.  Requested time 1711.920000 but the latest data is at time 1711.900000, when looking up transform from frame [map] to frame [odom]
[controller_server-10] [ERROR] [1790928729.013219861] [controller_server]: Unable to transform goal pose into costmap frame
[controller_server-10] [INFO] [1790928729.013656820] [controller_server]: Optimizer reset
[controller_server-10] [WARN] [1790928729.013693318] [controller_server]: [follow_path] [ActionServer] Aborting handle.
[bt_navigator-15] [WARN] [1790928729.034753813] [bt_navigator]: [navigate_to_pose] [ActionServer] Aborting handle.
[bt_navigator-15] [ERROR] [1790928729.034848408] [bt_navigator]: Goal failed
[WARN] [1790928729.036748662] [mapex_explorer]: Main goal failed (status=6, error_code=102)
[WARN] [1790928729.037791096] [mapex_explorer]: Path-guided recovery #1: temporary subgoal x=23.91, y=5.18, 0.70 m ahead on main path (remaining main path=22.01 m, trigger_error=102)
[bt_navigator-15] [INFO] [1790928729.039198560] [bt_navigator]: Begin navigating from current location (24.61, 5.17) to (23.91, 5.18)
[INFO] [1790928729.056332279] [mapex_explorer]: Subgoal goal accepted
[controller_server-10] [INFO] [1790928729.059782589] [controller_server]: Received a goal, begin computing control effort.
[controller_server-10] [INFO] [1790928729.927899113] [controller_server]: Reached the goal!
[controller_server-10] [INFO] [1790928729.928006545] [controller_server]: Optimizer reset
[bt_navigator-15] [INFO] [1790928729.949448948] [bt_navigator]: Goal succeeded
[INFO] [1790928729.951287232] [mapex_explorer]: Recovery subgoal reached; retrying the same main frontier.
[bt_navigator-15] [INFO] [1790928729.952111228] [bt_navigator]: Begin navigating from current location (24.29, 5.16) to (17.99, 2.33)
[INFO] [1790928729.954862808] [mapex_explorer]: Main goal accepted
[controller_server-10] [INFO] [1790928729.973037407] [controller_server]: Received a goal, begin computing control effort.
[INFO] [1790928730.015688315] [mapex_explorer]: Main /plan diagnostic: poses=431, endpoint=(17.99, 2.33), frontier=(17.99, 2.33), endpoint_to_frontier=0.000 m, limit=0.10 m -> usable
[INFO] [1790928731.012713844] [mapex_explorer]: Main /plan diagnostic: poses=427, endpoint=(17.99, 2.33), frontier=(17.99, 2.33), endpoint_to_frontier=0.000 m, limit=0.10 m -> usable
[controller_server-10] [INFO] [1790928731.039897661] [controller_server]: Passing new path to controller.
[INFO] [1790928732.024736041] [mapex_explorer]: Main /plan diagnostic: poses=419, endpoint=(17.99, 2.33), frontier=(17.99, 2.33), endpoint_to_frontier=0.000 m, limit=0.10 m -> usable
[controller_server-10] [INFO] [1790928732.039866185] [controller_server]: Passing new path to controller.
[controller_server-10] [INFO] [1790928733.106537053] [controller_server]: Passing new path to controller.
[INFO] [1790928733.107535937] [mapex_explorer]: Main /plan diagnostic: poses=411, endpoint=(17.99, 2.33), frontier=(17.99, 2.33), endpoint_to_frontier=0.000 m, limit=0.10 m -> usable
[INFO] [1790928734.094866873] [mapex_explorer]: Main /plan diagnostic: poses=404, endpoint=(17.99, 2.33), frontier=(17.99, 2.33), endpoint_to_frontier=0.000 m, limit=0.10 m -> usable
[controller_server-10] [INFO] [1790928734.106561106] [controller_server]: Passing new path to controller.
[INFO] [1790928735.133305674] [mapex_explorer]: Main /plan diagnostic: poses=396, endpoint=(17.99, 2.33), frontier=(17.99, 2.33), endpoint_to_frontier=0.000 m, limit=0.10 m -> usable
[controller_server-10] [INFO] [1790928735.173198154] [controller_server]: Passing new path to controller.
[controller_server-10] [ERROR] [1790928736.074087729] [controller_server]: Exception in transformPose: Lookup would require extrapolation into the future.  Requested time 1718.960000 but the latest data is at time 1718.900000, when looking up transform from frame [map] to frame [odom]
[controller_server-10] [ERROR] [1790928736.074179968] [controller_server]: Unable to transform goal pose into costmap frame
[controller_server-10] [INFO] [1790928736.074527412] [controller_server]: Optimizer reset
[controller_server-10] [WARN] [1790928736.074559099] [controller_server]: [follow_path] [ActionServer] Aborting handle.
[behavior_server-14] [INFO] [1790928736.092591703] [behavior_server]: Running wait
[behavior_server-14] [INFO] [1790928736.392739695] [behavior_server]: wait completed successfully
[INFO] [1790928736.432651645] [mapex_explorer]: Main /plan diagnostic: poses=388, endpoint=(17.99, 2.33), frontier=(17.99, 2.33), endpoint_to_frontier=0.000 m, limit=0.10 m -> usable
[controller_server-10] [INFO] [1790928736.432704751] [controller_server]: Received a goal, begin computing control effort.
[INFO] [1790928737.469863153] [mapex_explorer]: Main /plan diagnostic: poses=383, endpoint=(17.99, 2.33), frontier=(17.99, 2.33), endpoint_to_frontier=0.000 m, limit=0.10 m -> usable
[controller_server-10] [INFO] [1790928737.499562558] [controller_server]: Passing new path to controller.
[async_slam_toolbox_node-9] W20261002 15:12:18.073350  4595 preprocessor.cc:67] Specified options.num_threads: 50 exceeds maximum available from the threading model Ceres was compiled with: 16.  Bounding to maximum number available.
[async_slam_toolbox_node-9] [INFO] [1790928738.108062794] [slam_toolbox]: Adaptive anchor summary: latest_node=4394, local_edges=4497, loop_history=0, avg_effective_weight=1.066, release_regions=0
[INFO] [1790928738.493661701] [mapex_explorer]: Main /plan diagnostic: poses=376, endpoint=(17.99, 2.33), frontier=(17.99, 2.33), endpoint_to_frontier=0.000 m, limit=0.10 m -> usable
[controller_server-10] [INFO] [1790928738.499534519] [controller_server]: Passing new path to controller.
[controller_server-10] [INFO] [1790928739.209042325] [local_costmap.local_costmap]: StaticLayer: Resizing static layer to 563 X 256 at 0.100000 m/pix
[controller_server-10] [INFO] [1790928739.566166428] [controller_server]: Passing new path to controller.
[INFO] [1790928739.592037507] [mapex_explorer]: Main /plan diagnostic: poses=371, endpoint=(17.99, 2.33), frontier=(17.99, 2.33), endpoint_to_frontier=0.000 m, limit=0.10 m -> usable
[planner_server-12] [INFO] [1790928739.675289823] [global_costmap.global_costmap]: StaticLayer: Resizing costmap to 563 X 256 at 0.100000 m/pix
[controller_server-10] [INFO] [1790928740.566175650] [controller_server]: Passing new path to controller.
[INFO] [1790928740.592504013] [mapex_explorer]: Main /plan diagnostic: poses=363, endpoint=(17.99, 2.33), frontier=(17.99, 2.33), endpoint_to_frontier=0.000 m, limit=0.10 m -> usable
[INFO] [1790928741.594123452] [mapex_explorer]: Main /plan diagnostic: poses=356, endpoint=(17.99, 2.33), frontier=(17.99, 2.33), endpoint_to_frontier=0.000 m, limit=0.10 m -> usable
[controller_server-10] [INFO] [1790928741.632893190] [controller_server]: Passing new path to controller.
[INFO] [1790928742.598801714] [mapex_explorer]: Main /plan diagnostic: poses=348, endpoint=(17.99, 2.33), frontier=(17.99, 2.33), endpoint_to_frontier=0.000 m, limit=0.10 m -> usable
[controller_server-10] [INFO] [1790928742.633010329] [controller_server]: Passing new path to controller.
[INFO] [1790928743.633099592] [mapex_explorer]: Main /plan diagnostic: poses=340, endpoint=(17.99, 2.33), frontier=(17.99, 2.33), endpoint_to_frontier=0.000 m, limit=0.10 m -> usable
[controller_server-10] [INFO] [1790928743.699518218] [controller_server]: Passing new path to controller.
[INFO] [1790928744.685241869] [mapex_explorer]: Main /plan diagnostic: poses=335, endpoint=(17.99, 2.33), frontier=(17.99, 2.33), endpoint_to_frontier=0.000 m, limit=0.10 m -> usable
[controller_server-10] [INFO] [1790928744.699504946] [controller_server]: Passing new path to controller.
[controller_server-10] [INFO] [1790928745.699471963] [controller_server]: Passing new path to controller.
[INFO] [1790928745.707538700] [mapex_explorer]: Main /plan diagnostic: poses=327, endpoint=(17.99, 2.33), frontier=(17.99, 2.33), endpoint_to_frontier=0.000 m, limit=0.10 m -> usable
[async_slam_toolbox_node-9] W20261002 15:12:26.019043  4595 preprocessor.cc:67] Specified options.num_threads: 50 exceeds maximum available from the threading model Ceres was compiled with: 16.  Bounding to maximum number available.
[controller_server-10] [ERROR] [1790928746.067183037] [controller_server]: Exception in transformPose: Lookup would require extrapolation into the future.  Requested time 1728.920000 but the latest data is at time 1728.900000, when looking up transform from frame [map] to frame [odom]
[controller_server-10] [ERROR] [1790928746.067311085] [controller_server]: Unable to transform goal pose into costmap frame
[controller_server-10] [INFO] [1790928746.067552509] [controller_server]: Optimizer reset
[controller_server-10] [WARN] [1790928746.067569086] [controller_server]: [follow_path] [ActionServer] Aborting handle.
[bt_navigator-15] [WARN] [1790928746.093321798] [bt_navigator]: [navigate_to_pose] [ActionServer] Aborting handle.
[bt_navigator-15] [ERROR] [1790928746.093553878] [bt_navigator]: Goal failed
[WARN] [1790928746.097835693] [mapex_explorer]: Main goal failed (status=6, error_code=102)
[WARN] [1790928746.098717265] [mapex_explorer]: Path-guided recovery #2: temporary subgoal x=18.26, y=5.18, 0.70 m ahead on main path (remaining main path=16.36 m, trigger_error=102)
[bt_navigator-15] [INFO] [1790928746.099807149] [bt_navigator]: Begin navigating from current location (18.97, 5.19) to (18.26, 5.18)
[INFO] [1790928746.111934020] [mapex_explorer]: Subgoal goal accepted
[controller_server-10] [INFO] [1790928746.120339413] [controller_server]: Received a goal, begin computing control effort.
[controller_server-10] [INFO] [1790928747.009011315] [local_costmap.local_costmap]: StaticLayer: Resizing static layer to 563 X 256 at 0.100000 m/pix
[controller_server-10] [INFO] [1790928747.055179733] [controller_server]: Reached the goal!
[controller_server-10] [INFO] [1790928747.055329305] [controller_server]: Optimizer reset
[bt_navigator-15] [INFO] [1790928747.080077226] [bt_navigator]: Goal succeeded
[INFO] [1790928747.084740656] [mapex_explorer]: Recovery subgoal reached; retrying the same main frontier.
[bt_navigator-15] [INFO] [1790928747.087144845] [bt_navigator]: Begin navigating from current location (18.64, 5.19) to (17.99, 2.33)
[INFO] [1790928747.094305591] [mapex_explorer]: Main goal accepted
[controller_server-10] [INFO] [1790928747.107834301] [controller_server]: Received a goal, begin computing control effort.
[INFO] [1790928747.120956462] [mapex_explorer]: Main /plan diagnostic: poses=319, endpoint=(17.99, 2.33), frontier=(17.99, 2.33), endpoint_to_frontier=0.000 m, limit=0.10 m -> usable
[planner_server-12] [INFO] [1790928747.675235690] [global_costmap.global_costmap]: StaticLayer: Resizing costmap to 563 X 256 at 0.100000 m/pix
[INFO] [1790928748.139468025] [mapex_explorer]: Main /plan diagnostic: poses=313, endpoint=(17.99, 2.33), frontier=(17.99, 2.33), endpoint_to_frontier=0.000 m, limit=0.10 m -> usable
[controller_server-10] [INFO] [1790928748.174624252] [controller_server]: Passing new path to controller.
[INFO] [1790928749.167651920] [mapex_explorer]: Main /plan diagnostic: poses=305, endpoint=(17.99, 2.33), frontier=(17.99, 2.33), endpoint_to_frontier=0.000 m, limit=0.10 m -> usable
[controller_server-10] [INFO] [1790928749.174626677] [controller_server]: Passing new path to controller.
[INFO] [1790928750.207829889] [mapex_explorer]: Main /plan diagnostic: poses=299, endpoint=(17.99, 2.33), frontier=(17.99, 2.33), endpoint_to_frontier=0.000 m, limit=0.10 m -> usable
[controller_server-10] [INFO] [1790928750.241313275] [controller_server]: Passing new path to controller.
[controller_server-10] [INFO] [1790928751.241317286] [controller_server]: Passing new path to controller.
[INFO] [1790928751.256896477] [mapex_explorer]: Main /plan diagnostic: poses=291, endpoint=(17.99, 2.33), frontier=(17.99, 2.33), endpoint_to_frontier=0.000 m, limit=0.10 m -> usable
[INFO] [1790928752.274641619] [mapex_explorer]: Main /plan diagnostic: poses=284, endpoint=(17.99, 2.33), frontier=(17.99, 2.33), endpoint_to_frontier=0.000 m, limit=0.10 m -> usable
[controller_server-10] [INFO] [1790928752.307971024] [controller_server]: Passing new path to controller.
[INFO] [1790928753.296107860] [mapex_explorer]: Main /plan diagnostic: poses=277, endpoint=(17.99, 2.33), frontier=(17.99, 2.33), endpoint_to_frontier=0.000 m, limit=0.10 m -> usable
[controller_server-10] [INFO] [1790928753.308025256] [controller_server]: Passing new path to controller.
[INFO] [1790928754.308080550] [mapex_explorer]: Main /plan diagnostic: poses=269, endpoint=(17.99, 2.33), frontier=(17.99, 2.33), endpoint_to_frontier=0.000 m, limit=0.10 m -> usable
[controller_server-10] [INFO] [1790928754.307961251] [controller_server]: Passing new path to controller.
[controller_server-10] [INFO] [1790928755.374635730] [controller_server]: Passing new path to controller.
[INFO] [1790928755.387641852] [mapex_explorer]: Main /plan diagnostic: poses=264, endpoint=(17.99, 2.33), frontier=(17.99, 2.33), endpoint_to_frontier=0.000 m, limit=0.10 m -> usable
[INFO] [1790928756.359134459] [mapex_explorer]: Main /plan diagnostic: poses=255, endpoint=(17.99, 2.33), frontier=(17.99, 2.33), endpoint_to_frontier=0.000 m, limit=0.10 m -> usable
[controller_server-10] [INFO] [1790928756.374672763] [controller_server]: Passing new path to controller.
[INFO] [1790928757.393141331] [mapex_explorer]: Main /plan diagnostic: poses=248, endpoint=(17.99, 2.33), frontier=(17.99, 2.33), endpoint_to_frontier=0.000 m, limit=0.10 m -> usable
[controller_server-10] [INFO] [1790928757.441323300] [controller_server]: Passing new path to controller.
[INFO] [1790928758.421111931] [mapex_explorer]: Main /plan diagnostic: poses=241, endpoint=(17.99, 2.33), frontier=(17.99, 2.33), endpoint_to_frontier=0.000 m, limit=0.10 m -> usable
[controller_server-10] [INFO] [1790928758.441289696] [controller_server]: Passing new path to controller.
[controller_server-10] [ERROR] [1790928759.008959140] [controller_server]: Exception in transformPose: Lookup would require extrapolation into the future.  Requested time 1741.820000 but the latest data is at time 1741.800000, when looking up transform from frame [map] to frame [odom]
[controller_server-10] [ERROR] [1790928759.009060766] [controller_server]: Unable to transform goal pose into costmap frame
[controller_server-10] [INFO] [1790928759.009301407] [controller_server]: Optimizer reset
[controller_server-10] [WARN] [1790928759.009317102] [controller_server]: [follow_path] [ActionServer] Aborting handle.
[behavior_server-14] [INFO] [1790928759.027728438] [behavior_server]: Running wait
[behavior_server-14] [INFO] [1790928759.327885604] [behavior_server]: wait completed successfully
[INFO] [1790928759.364836395] [mapex_explorer]: Main /plan diagnostic: poses=235, endpoint=(17.99, 2.33), frontier=(17.99, 2.33), endpoint_to_frontier=0.000 m, limit=0.10 m -> usable
[controller_server-10] [INFO] [1790928759.367818163] [controller_server]: Received a goal, begin computing control effort.
[controller_server-10] [INFO] [1790928760.434617552] [controller_server]: Passing new path to controller.
[INFO] [1790928760.473268403] [mapex_explorer]: Main /plan diagnostic: poses=231, endpoint=(17.99, 2.33), frontier=(17.99, 2.33), endpoint_to_frontier=0.000 m, limit=0.10 m -> usable
[controller_server-10] [INFO] [1790928761.434660946] [controller_server]: Passing new path to controller.
[INFO] [1790928761.438387246] [mapex_explorer]: Main /plan diagnostic: poses=222, endpoint=(17.99, 2.33), frontier=(17.99, 2.33), endpoint_to_frontier=0.000 m, limit=0.10 m -> usable
[INFO] [1790928762.491310240] [mapex_explorer]: Main /plan diagnostic: poses=216, endpoint=(17.99, 2.33), frontier=(17.99, 2.33), endpoint_to_frontier=0.000 m, limit=0.10 m -> usable
[controller_server-10] [INFO] [1790928762.501321465] [controller_server]: Passing new path to controller.
[controller_server-10] [INFO] [1790928763.501324368] [controller_server]: Passing new path to controller.
[INFO] [1790928763.509493303] [mapex_explorer]: Main /plan diagnostic: poses=208, endpoint=(17.99, 2.33), frontier=(17.99, 2.33), endpoint_to_frontier=0.000 m, limit=0.10 m -> usable
[INFO] [1790928764.523697109] [mapex_explorer]: Main /plan diagnostic: poses=202, endpoint=(17.99, 2.33), frontier=(17.99, 2.33), endpoint_to_frontier=0.000 m, limit=0.10 m -> usable
[controller_server-10] [INFO] [1790928764.567960568] [controller_server]: Passing new path to controller.
[INFO] [1790928765.535167207] [mapex_explorer]: Main /plan diagnostic: poses=196, endpoint=(17.99, 2.33), frontier=(17.99, 2.33), endpoint_to_frontier=0.000 m, limit=0.10 m -> usable
[controller_server-10] [INFO] [1790928765.567956113] [controller_server]: Passing new path to controller.
[controller_server-10] [INFO] [1790928766.567954391] [controller_server]: Passing new path to controller.
[INFO] [1790928766.580975438] [mapex_explorer]: Main /plan diagnostic: poses=187, endpoint=(17.99, 2.33), frontier=(17.99, 2.33), endpoint_to_frontier=0.000 m, limit=0.10 m -> usable
[INFO] [1790928767.615909982] [mapex_explorer]: Main /plan diagnostic: poses=180, endpoint=(17.99, 2.33), frontier=(17.99, 2.33), endpoint_to_frontier=0.000 m, limit=0.10 m -> usable
[controller_server-10] [INFO] [1790928767.634618042] [controller_server]: Passing new path to controller.
[async_slam_toolbox_node-9] W20261002 15:12:48.036125  4595 preprocessor.cc:67] Specified options.num_threads: 50 exceeds maximum available from the threading model Ceres was compiled with: 16.  Bounding to maximum number available.
[async_slam_toolbox_node-9] [INFO] [1790928768.066584195] [slam_toolbox]: Adaptive anchor summary: latest_node=4488, local_edges=4593, loop_history=0, avg_effective_weight=1.065, release_regions=0
[controller_server-10] [ERROR] [1790928768.080439628] [controller_server]: Exception in transformPose: Lookup would require extrapolation into the future.  Requested time 1750.840000 but the latest data is at time 1750.800000, when looking up transform from frame [map] to frame [odom]
[controller_server-10] [ERROR] [1790928768.080539077] [controller_server]: Unable to transform goal pose into costmap frame
[controller_server-10] [INFO] [1790928768.080786294] [controller_server]: Optimizer reset
[controller_server-10] [WARN] [1790928768.080803468] [controller_server]: [follow_path] [ActionServer] Aborting handle.
[bt_navigator-15] [WARN] [1790928768.107340882] [bt_navigator]: [navigate_to_pose] [ActionServer] Aborting handle.
[bt_navigator-15] [ERROR] [1790928768.107509839] [bt_navigator]: Goal failed
[WARN] [1790928768.108909058] [mapex_explorer]: Main goal failed (status=6, error_code=102)
[WARN] [1790928768.109366409] [mapex_explorer]: Path-guided recovery #3: temporary subgoal x=11.30, y=3.44, 0.70 m ahead on main path (remaining main path=8.91 m, trigger_error=102)
[bt_navigator-15] [INFO] [1790928768.110500024] [bt_navigator]: Begin navigating from current location (11.69, 3.98) to (11.30, 3.44)
[INFO] [1790928768.120714690] [mapex_explorer]: Subgoal goal accepted
[controller_server-10] [INFO] [1790928768.131027540] [controller_server]: Received a goal, begin computing control effort.
[controller_server-10] [INFO] [1790928769.009016857] [local_costmap.local_costmap]: StaticLayer: Resizing static layer to 563 X 256 at 0.100000 m/pix
[controller_server-10] [INFO] [1790928769.197816589] [controller_server]: Passing new path to controller.
[controller_server-10] [INFO] [1790928769.265903126] [controller_server]: Reached the goal!
[controller_server-10] [INFO] [1790928769.266093587] [controller_server]: Optimizer reset
[bt_navigator-15] [INFO] [1790928769.290749190] [bt_navigator]: Goal succeeded
[INFO] [1790928769.297022843] [mapex_explorer]: Recovery subgoal reached; retrying the same main frontier.
[bt_navigator-15] [INFO] [1790928769.298610439] [bt_navigator]: Begin navigating from current location (11.47, 3.79) to (17.99, 2.33)
[controller_server-10] [INFO] [1790928769.319685531] [controller_server]: Received a goal, begin computing control effort.
[INFO] [1790928769.329003203] [mapex_explorer]: Main /plan diagnostic: poses=170, endpoint=(17.99, 2.33), frontier=(17.99, 2.33), endpoint_to_frontier=0.000 m, limit=0.10 m -> usable
[INFO] [1790928769.330797803] [mapex_explorer]: Main goal accepted
[planner_server-12] [INFO] [1790928769.675235703] [global_costmap.global_costmap]: StaticLayer: Resizing costmap to 563 X 256 at 0.100000 m/pix
[INFO] [1790928770.361290167] [mapex_explorer]: Main /plan diagnostic: poses=165, endpoint=(17.99, 2.33), frontier=(17.99, 2.33), endpoint_to_frontier=0.000 m, limit=0.10 m -> usable
[controller_server-10] [INFO] [1790928770.386564626] [controller_server]: Passing new path to controller.
[controller_server-10] [INFO] [1790928771.386581298] [controller_server]: Passing new path to controller.
[INFO] [1790928771.396177801] [mapex_explorer]: Main /plan diagnostic: poses=161, endpoint=(17.99, 2.33), frontier=(17.99, 2.33), endpoint_to_frontier=0.000 m, limit=0.10 m -> usable
[INFO] [1790928772.415833379] [mapex_explorer]: Main /plan diagnostic: poses=161, endpoint=(17.99, 2.33), frontier=(17.99, 2.33), endpoint_to_frontier=0.000 m, limit=0.10 m -> usable
[controller_server-10] [INFO] [1790928772.453226565] [controller_server]: Passing new path to controller.
[INFO] [1790928773.434859085] [mapex_explorer]: Main /plan diagnostic: poses=161, endpoint=(17.99, 2.33), frontier=(17.99, 2.33), endpoint_to_frontier=0.000 m, limit=0.10 m -> usable
[controller_server-10] [INFO] [1790928773.453226272] [controller_server]: Passing new path to controller.
[INFO] [1790928774.458881074] [mapex_explorer]: Main /plan diagnostic: poses=162, endpoint=(17.99, 2.33), frontier=(17.99, 2.33), endpoint_to_frontier=0.000 m, limit=0.10 m -> usable
[controller_server-10] [INFO] [1790928774.519897491] [controller_server]: Passing new path to controller.
[INFO] [1790928775.494880168] [mapex_explorer]: Main /plan diagnostic: poses=155, endpoint=(17.99, 2.33), frontier=(17.99, 2.33), endpoint_to_frontier=0.000 m, limit=0.10 m -> usable
[controller_server-10] [INFO] [1790928775.519906488] [controller_server]: Passing new path to controller.
[controller_server-10] [INFO] [1790928776.519901771] [controller_server]: Passing new path to controller.
[INFO] [1790928776.550713086] [mapex_explorer]: Main /plan diagnostic: poses=149, endpoint=(17.99, 2.33), frontier=(17.99, 2.33), endpoint_to_frontier=0.000 m, limit=0.10 m -> usable
[INFO] [1790928777.566913435] [mapex_explorer]: Main /plan diagnostic: poses=135, endpoint=(17.99, 2.33), frontier=(17.99, 2.33), endpoint_to_frontier=0.000 m, limit=0.10 m -> usable
[controller_server-10] [INFO] [1790928777.586539011] [controller_server]: Passing new path to controller.
[async_slam_toolbox_node-9] W20261002 15:12:58.400703  4595 preprocessor.cc:67] Specified options.num_threads: 50 exceeds maximum available from the threading model Ceres was compiled with: 16.  Bounding to maximum number available.
[INFO] [1790928778.584662132] [mapex_explorer]: Main /plan diagnostic: poses=125, endpoint=(17.99, 2.33), frontier=(17.99, 2.33), endpoint_to_frontier=0.000 m, limit=0.10 m -> usable
[controller_server-10] [INFO] [1790928778.586661226] [controller_server]: Passing new path to controller.
[controller_server-10] [INFO] [1790928779.009011554] [local_costmap.local_costmap]: StaticLayer: Resizing static layer to 563 X 256 at 0.100000 m/pix
[INFO] [1790928779.594731947] [mapex_explorer]: Main /plan diagnostic: poses=115, endpoint=(17.99, 2.33), frontier=(17.99, 2.33), endpoint_to_frontier=0.000 m, limit=0.10 m -> usable
[controller_server-10] [INFO] [1790928779.653247389] [controller_server]: Passing new path to controller.
[planner_server-12] [INFO] [1790928779.675208189] [global_costmap.global_costmap]: StaticLayer: Resizing costmap to 563 X 256 at 0.100000 m/pix
[INFO] [1790928780.617901653] [mapex_explorer]: Main /plan diagnostic: poses=106, endpoint=(17.99, 2.33), frontier=(17.99, 2.33), endpoint_to_frontier=0.000 m, limit=0.10 m -> usable
[controller_server-10] [INFO] [1790928780.653253953] [controller_server]: Passing new path to controller.
[INFO] [1790928781.692560915] [mapex_explorer]: Main /plan diagnostic: poses=96, endpoint=(17.99, 2.33), frontier=(17.99, 2.33), endpoint_to_frontier=0.000 m, limit=0.10 m -> usable
[controller_server-10] [INFO] [1790928781.719900261] [controller_server]: Passing new path to controller.
[INFO] [1790928782.715020944] [mapex_explorer]: Main /plan diagnostic: poses=84, endpoint=(17.99, 2.33), frontier=(17.99, 2.33), endpoint_to_frontier=0.000 m, limit=0.10 m -> usable
[controller_server-10] [INFO] [1790928782.719892638] [controller_server]: Passing new path to controller.
[INFO] [1790928783.714894964] [mapex_explorer]: Main /plan diagnostic: poses=74, endpoint=(17.99, 2.33), frontier=(17.99, 2.33), endpoint_to_frontier=0.000 m, limit=0.10 m -> usable
[controller_server-10] [INFO] [1790928783.719894489] [controller_server]: Passing new path to controller.
[controller_server-10] [ERROR] [1790928784.030924391] [controller_server]: Exception in transformPose: Lookup would require extrapolation into the future.  Requested time 1766.640000 but the latest data is at time 1766.600000, when looking up transform from frame [map] to frame [odom]
[controller_server-10] [ERROR] [1790928784.030989359] [controller_server]: Unable to transform goal pose into costmap frame
[controller_server-10] [INFO] [1790928784.031182375] [controller_server]: Optimizer reset
[controller_server-10] [WARN] [1790928784.031193366] [controller_server]: [follow_path] [ActionServer] Aborting handle.
[behavior_server-14] [INFO] [1790928784.049211063] [behavior_server]: Running wait
[behavior_server-14] [INFO] [1790928784.349372441] [behavior_server]: wait completed successfully
[INFO] [1790928784.378203627] [mapex_explorer]: Main /plan diagnostic: poses=68, endpoint=(17.99, 2.33), frontier=(17.99, 2.33), endpoint_to_frontier=0.000 m, limit=0.10 m -> usable
[controller_server-10] [INFO] [1790928784.389533523] [controller_server]: Received a goal, begin computing control effort.
[INFO] [1790928785.456148299] [mapex_explorer]: Main /plan diagnostic: poses=60, endpoint=(17.99, 2.33), frontier=(17.99, 2.33), endpoint_to_frontier=0.000 m, limit=0.10 m -> usable
[controller_server-10] [INFO] [1790928785.456597591] [controller_server]: Passing new path to controller.
[INFO] [1790928786.438955592] [mapex_explorer]: Main /plan diagnostic: poses=50, endpoint=(17.99, 2.33), frontier=(17.99, 2.33), endpoint_to_frontier=0.000 m, limit=0.10 m -> usable
[controller_server-10] [INFO] [1790928786.456619354] [controller_server]: Passing new path to controller.
[INFO] [1790928787.513852800] [mapex_explorer]: Main /plan diagnostic: poses=40, endpoint=(17.99, 2.33), frontier=(17.99, 2.33), endpoint_to_frontier=0.000 m, limit=0.10 m -> usable
[controller_server-10] [INFO] [1790928787.523263038] [controller_server]: Passing new path to controller.
[controller_server-10] [INFO] [1790928788.523259999] [controller_server]: Passing new path to controller.
[INFO] [1790928788.541394224] [mapex_explorer]: Main /plan diagnostic: poses=30, endpoint=(17.99, 2.33), frontier=(17.99, 2.33), endpoint_to_frontier=0.000 m, limit=0.10 m -> usable
[INFO] [1790928789.522074931] [mapex_explorer]: Main /plan diagnostic: poses=20, endpoint=(17.99, 2.33), frontier=(17.99, 2.33), endpoint_to_frontier=0.000 m, limit=0.10 m -> usable
[controller_server-10] [INFO] [1790928789.589945442] [controller_server]: Passing new path to controller.
[controller_server-10] [INFO] [1790928790.589961466] [controller_server]: Passing new path to controller.
[INFO] [1790928790.608514151] [mapex_explorer]: Main /plan diagnostic: poses=13, endpoint=(17.99, 2.33), frontier=(17.99, 2.33), endpoint_to_frontier=0.000 m, limit=0.10 m -> usable
[INFO] [1790928791.573700887] [mapex_explorer]: Main /plan diagnostic: poses=8, endpoint=(17.99, 2.33), frontier=(17.99, 2.33), endpoint_to_frontier=0.000 m, limit=0.10 m -> usable
[controller_server-10] [INFO] [1790928791.589928412] [controller_server]: Passing new path to controller.
[controller_server-10] [INFO] [1790928791.791416949] [controller_server]: Reached the goal!
[controller_server-10] [INFO] [1790928791.791609658] [controller_server]: Optimizer reset
[bt_navigator-15] [INFO] [1790928791.819139368] [bt_navigator]: Goal succeeded
[INFO] [1790928791.821538183] [mapex_explorer]: Goal reached
[INFO] [1790928796.930996240] [mapex_explorer]: MapEx decision 43: selected x=11.39, y=-7.87, IG=1.498798, distance=11.80 m, score=0.127019, region=22, candidates=3, near_fallback=False, compute=4.86 s
[bt_navigator-15] [INFO] [1790928796.931765632] [bt_navigator]: Begin navigating from current location (17.82, 2.03) to (11.39, -7.87)
[controller_server-10] [INFO] [1790928796.952595414] [controller_server]: Received a goal, begin computing control effort.
[INFO] [1790928797.339862856] [mapex_explorer]: Main goal accepted
[INFO] [1790928797.512432422] [mapex_explorer]: Main /plan diagnostic: poses=679, endpoint=(11.39, -7.87), frontier=(11.39, -7.87), endpoint_to_frontier=0.000 m, limit=0.10 m -> usable
[INFO] [1790928797.980928315] [mapex_explorer]: Main /plan diagnostic: poses=676, endpoint=(11.39, -7.87), frontier=(11.39, -7.87), endpoint_to_frontier=0.000 m, limit=0.10 m -> usable
[controller_server-10] [INFO] [1790928798.019405079] [controller_server]: Passing new path to controller.
[controller_server-10] [INFO] [1790928799.019420392] [controller_server]: Passing new path to controller.
[INFO] [1790928799.070946368] [mapex_explorer]: Main /plan diagnostic: poses=670, endpoint=(11.39, -7.87), frontier=(11.39, -7.87), endpoint_to_frontier=0.000 m, limit=0.10 m -> usable
[INFO] [1790928800.053020373] [mapex_explorer]: Main /plan diagnostic: poses=668, endpoint=(11.39, -7.87), frontier=(11.39, -7.87), endpoint_to_frontier=0.000 m, limit=0.10 m -> usable
[controller_server-10] [INFO] [1790928800.086076744] [controller_server]: Passing new path to controller.
[INFO] [1790928801.071482755] [mapex_explorer]: Main /plan diagnostic: poses=667, endpoint=(11.39, -7.87), frontier=(11.39, -7.87), endpoint_to_frontier=0.000 m, limit=0.10 m -> usable
[controller_server-10] [INFO] [1790928801.086083301] [controller_server]: Passing new path to controller.
[INFO] [1790928802.145415507] [mapex_explorer]: Main /plan diagnostic: poses=655, endpoint=(11.39, -7.87), frontier=(11.39, -7.87), endpoint_to_frontier=0.000 m, limit=0.10 m -> usable
[controller_server-10] [INFO] [1790928802.152726916] [controller_server]: Passing new path to controller.
[INFO] [1790928803.134796750] [mapex_explorer]: Main /plan diagnostic: poses=646, endpoint=(11.39, -7.87), frontier=(11.39, -7.87), endpoint_to_frontier=0.000 m, limit=0.10 m -> usable
[controller_server-10] [INFO] [1790928803.152721847] [controller_server]: Passing new path to controller.
[controller_server-10] [INFO] [1790928804.152721775] [controller_server]: Passing new path to controller.
[INFO] [1790928804.198295011] [mapex_explorer]: Main /plan diagnostic: poses=636, endpoint=(11.39, -7.87), frontier=(11.39, -7.87), endpoint_to_frontier=0.000 m, limit=0.10 m -> usable
[controller_server-10] [INFO] [1790928805.219388580] [controller_server]: Passing new path to controller.
[INFO] [1790928805.236720258] [mapex_explorer]: Main /plan diagnostic: poses=627, endpoint=(11.39, -7.87), frontier=(11.39, -7.87), endpoint_to_frontier=0.000 m, limit=0.10 m -> usable
[INFO] [1790928806.218502072] [mapex_explorer]: Main /plan diagnostic: poses=617, endpoint=(11.39, -7.87), frontier=(11.39, -7.87), endpoint_to_frontier=0.000 m, limit=0.10 m -> usable
[controller_server-10] [INFO] [1790928806.219388902] [controller_server]: Passing new path to controller.
[INFO] [1790928807.253854107] [mapex_explorer]: Main /plan diagnostic: poses=607, endpoint=(11.39, -7.87), frontier=(11.39, -7.87), endpoint_to_frontier=0.000 m, limit=0.10 m -> usable
[controller_server-10] [INFO] [1790928807.286065328] [controller_server]: Passing new path to controller.
[controller_server-10] [INFO] [1790928808.286078969] [controller_server]: Passing new path to controller.
[INFO] [1790928808.326968742] [mapex_explorer]: Main /plan diagnostic: poses=596, endpoint=(11.39, -7.87), frontier=(11.39, -7.87), endpoint_to_frontier=0.000 m, limit=0.10 m -> usable
[async_slam_toolbox_node-9] W20261002 15:13:29.075959  4595 preprocessor.cc:67] Specified options.num_threads: 50 exceeds maximum available from the threading model Ceres was compiled with: 16.  Bounding to maximum number available.
[async_slam_toolbox_node-9] [INFO] [1790928809.108428803] [slam_toolbox]: Adaptive anchor summary: latest_node=4580, local_edges=4687, loop_history=0, avg_effective_weight=1.063, release_regions=0
[controller_server-10] [INFO] [1790928809.352719807] [controller_server]: Passing new path to controller.
[INFO] [1790928809.371998740] [mapex_explorer]: Main /plan diagnostic: poses=585, endpoint=(11.39, -7.87), frontier=(11.39, -7.87), endpoint_to_frontier=0.000 m, limit=0.10 m -> usable
[controller_server-10] [INFO] [1790928810.009033227] [local_costmap.local_costmap]: StaticLayer: Resizing static layer to 563 X 256 at 0.100000 m/pix
[controller_server-10] [INFO] [1790928810.352745396] [controller_server]: Passing new path to controller.
[INFO] [1790928810.410086401] [mapex_explorer]: Main /plan diagnostic: poses=574, endpoint=(11.39, -7.87), frontier=(11.39, -7.87), endpoint_to_frontier=0.000 m, limit=0.10 m -> usable
[planner_server-12] [INFO] [1790928810.675202138] [global_costmap.global_costmap]: StaticLayer: Resizing costmap to 563 X 256 at 0.100000 m/pix
[controller_server-10] [INFO] [1790928811.352719190] [controller_server]: Passing new path to controller.
[INFO] [1790928811.372343111] [mapex_explorer]: Main /plan diagnostic: poses=568, endpoint=(11.39, -7.87), frontier=(11.39, -7.87), endpoint_to_frontier=0.000 m, limit=0.10 m -> usable
[controller_server-10] [WARN] [1790928812.025169779] [controller_server]: Control loop missed its desired rate of 15.0000 Hz. Current loop rate is 14.0845 Hz.
[INFO] [1790928812.372035734] [mapex_explorer]: Main /plan diagnostic: poses=557, endpoint=(11.39, -7.87), frontier=(11.39, -7.87), endpoint_to_frontier=0.000 m, limit=0.10 m -> usable
[controller_server-10] [INFO] [1790928812.425269373] [controller_server]: Passing new path to controller.
[INFO] [1790928813.419214212] [mapex_explorer]: Main /plan diagnostic: poses=550, endpoint=(11.39, -7.87), frontier=(11.39, -7.87), endpoint_to_frontier=0.000 m, limit=0.10 m -> usable
[controller_server-10] [INFO] [1790928813.425272626] [controller_server]: Passing new path to controller.
[controller_server-10] [INFO] [1790928814.425299784] [controller_server]: Passing new path to controller.
[INFO] [1790928814.511690221] [mapex_explorer]: Main /plan diagnostic: poses=537, endpoint=(11.39, -7.87), frontier=(11.39, -7.87), endpoint_to_frontier=0.000 m, limit=0.10 m -> usable
[controller_server-10] [INFO] [1790928815.491937365] [controller_server]: Passing new path to controller.
[INFO] [1790928815.517759030] [mapex_explorer]: Main /plan diagnostic: poses=527, endpoint=(11.39, -7.87), frontier=(11.39, -7.87), endpoint_to_frontier=0.000 m, limit=0.10 m -> usable
[controller_server-10] [INFO] [1790928816.491936730] [controller_server]: Passing new path to controller.
[INFO] [1790928816.509008234] [mapex_explorer]: Main /plan diagnostic: poses=517, endpoint=(11.39, -7.87), frontier=(11.39, -7.87), endpoint_to_frontier=0.000 m, limit=0.10 m -> usable
[controller_server-10] [INFO] [1790928817.491937855] [controller_server]: Passing new path to controller.
[INFO] [1790928817.493270471] [mapex_explorer]: Main /plan diagnostic: poses=507, endpoint=(11.39, -7.87), frontier=(11.39, -7.87), endpoint_to_frontier=0.000 m, limit=0.10 m -> usable
[async_slam_toolbox_node-9] W20261002 15:13:38.049803  4595 preprocessor.cc:67] Specified options.num_threads: 50 exceeds maximum available from the threading model Ceres was compiled with: 16.  Bounding to maximum number available.
[INFO] [1790928818.546596257] [mapex_explorer]: Main /plan diagnostic: poses=497, endpoint=(11.39, -7.87), frontier=(11.39, -7.87), endpoint_to_frontier=0.000 m, limit=0.10 m -> usable
[controller_server-10] [INFO] [1790928818.558604000] [controller_server]: Passing new path to controller.
[controller_server-10] [INFO] [1790928819.009154140] [local_costmap.local_costmap]: StaticLayer: Resizing static layer to 563 X 256 at 0.100000 m/pix
[INFO] [1790928819.545851709] [mapex_explorer]: Main /plan diagnostic: poses=487, endpoint=(11.39, -7.87), frontier=(11.39, -7.87), endpoint_to_frontier=0.000 m, limit=0.10 m -> usable
[controller_server-10] [INFO] [1790928819.558618382] [controller_server]: Passing new path to controller.
[planner_server-12] [INFO] [1790928819.675253145] [global_costmap.global_costmap]: StaticLayer: Resizing costmap to 563 X 256 at 0.100000 m/pix
[INFO] [1790928820.558325158] [mapex_explorer]: Main /plan diagnostic: poses=476, endpoint=(11.39, -7.87), frontier=(11.39, -7.87), endpoint_to_frontier=0.000 m, limit=0.10 m -> usable
[controller_server-10] [INFO] [1790928820.625278704] [controller_server]: Passing new path to controller.
[INFO] [1790928821.615451129] [mapex_explorer]: Main /plan diagnostic: poses=466, endpoint=(11.39, -7.87), frontier=(11.39, -7.87), endpoint_to_frontier=0.000 m, limit=0.10 m -> usable
[controller_server-10] [INFO] [1790928821.625280591] [controller_server]: Passing new path to controller.
[controller_server-10] [INFO] [1790928822.625292920] [controller_server]: Passing new path to controller.
[INFO] [1790928822.632319746] [mapex_explorer]: Main /plan diagnostic: poses=456, endpoint=(11.39, -7.87), frontier=(11.39, -7.87), endpoint_to_frontier=0.000 m, limit=0.10 m -> usable
[INFO] [1790928823.653828716] [mapex_explorer]: Main /plan diagnostic: poses=444, endpoint=(11.39, -7.87), frontier=(11.39, -7.87), endpoint_to_frontier=0.000 m, limit=0.10 m -> usable
[controller_server-10] [INFO] [1790928823.691938362] [controller_server]: Passing new path to controller.
[controller_server-10] [INFO] [1790928824.691949033] [controller_server]: Passing new path to controller.
[INFO] [1790928824.796344917] [mapex_explorer]: Main /plan diagnostic: poses=434, endpoint=(11.39, -7.87), frontier=(11.39, -7.87), endpoint_to_frontier=0.000 m, limit=0.10 m -> usable
[async_slam_toolbox_node-9] W20261002 15:13:45.068506  4595 preprocessor.cc:67] Specified options.num_threads: 50 exceeds maximum available from the threading model Ceres was compiled with: 16.  Bounding to maximum number available.
[async_slam_toolbox_node-9] [INFO] [1790928825.096790131] [slam_toolbox]: Adaptive anchor summary: latest_node=4633, local_edges=4740, loop_history=0, avg_effective_weight=1.063, release_regions=0
[INFO] [1790928825.749930446] [mapex_explorer]: Main /plan diagnostic: poses=424, endpoint=(11.39, -7.87), frontier=(11.39, -7.87), endpoint_to_frontier=0.000 m, limit=0.10 m -> usable
[controller_server-10] [INFO] [1790928825.758605989] [controller_server]: Passing new path to controller.
[controller_server-10] [INFO] [1790928826.209057038] [local_costmap.local_costmap]: StaticLayer: Resizing static layer to 563 X 256 at 0.100000 m/pix
[planner_server-12] [INFO] [1790928826.675230780] [global_costmap.global_costmap]: StaticLayer: Resizing costmap to 563 X 256 at 0.100000 m/pix
[INFO] [1790928826.734979040] [mapex_explorer]: Main /plan diagnostic: poses=414, endpoint=(11.39, -7.87), frontier=(11.39, -7.87), endpoint_to_frontier=0.000 m, limit=0.10 m -> usable
[controller_server-10] [INFO] [1790928826.758606770] [controller_server]: Passing new path to controller.
[INFO] [1790928827.775155892] [mapex_explorer]: Main /plan diagnostic: poses=404, endpoint=(11.39, -7.87), frontier=(11.39, -7.87), endpoint_to_frontier=0.000 m, limit=0.10 m -> usable
[controller_server-10] [INFO] [1790928827.825305058] [controller_server]: Passing new path to controller.
[INFO] [1790928828.825032401] [mapex_explorer]: Main /plan diagnostic: poses=393, endpoint=(11.39, -7.87), frontier=(11.39, -7.87), endpoint_to_frontier=0.000 m, limit=0.10 m -> usable
[controller_server-10] [INFO] [1790928828.825273663] [controller_server]: Passing new path to controller.
[async_slam_toolbox_node-9] W20261002 15:13:49.062608  4595 preprocessor.cc:67] Specified options.num_threads: 50 exceeds maximum available from the threading model Ceres was compiled with: 16.  Bounding to maximum number available.
[INFO] [1790928829.804663049] [mapex_explorer]: Main /plan diagnostic: poses=383, endpoint=(11.39, -7.87), frontier=(11.39, -7.87), endpoint_to_frontier=0.000 m, limit=0.10 m -> usable
[controller_server-10] [INFO] [1790928829.825270459] [controller_server]: Passing new path to controller.
[controller_server-10] [INFO] [1790928830.209022836] [local_costmap.local_costmap]: StaticLayer: Resizing static layer to 563 X 256 at 0.100000 m/pix
[planner_server-12] [INFO] [1790928830.675240074] [global_costmap.global_costmap]: StaticLayer: Resizing costmap to 563 X 256 at 0.100000 m/pix
[INFO] [1790928830.826310580] [mapex_explorer]: Main /plan diagnostic: poses=373, endpoint=(11.39, -7.87), frontier=(11.39, -7.87), endpoint_to_frontier=0.000 m, limit=0.10 m -> usable
[controller_server-10] [INFO] [1790928830.891936577] [controller_server]: Passing new path to controller.
[INFO] [1790928831.848181396] [mapex_explorer]: Main /plan diagnostic: poses=364, endpoint=(11.39, -7.87), frontier=(11.39, -7.87), endpoint_to_frontier=0.000 m, limit=0.10 m -> usable
[controller_server-10] [INFO] [1790928831.891937407] [controller_server]: Passing new path to controller.
[INFO] [1790928832.872106187] [mapex_explorer]: Main /plan diagnostic: poses=352, endpoint=(11.39, -7.87), frontier=(11.39, -7.87), endpoint_to_frontier=0.000 m, limit=0.10 m -> usable
[controller_server-10] [INFO] [1790928832.891953757] [controller_server]: Passing new path to controller.
[async_slam_toolbox_node-9] W20261002 15:13:53.271613  4595 preprocessor.cc:67] Specified options.num_threads: 50 exceeds maximum available from the threading model Ceres was compiled with: 16.  Bounding to maximum number available.
[INFO] [1790928833.902278512] [mapex_explorer]: Main /plan diagnostic: poses=342, endpoint=(11.39, -7.87), frontier=(11.39, -7.87), endpoint_to_frontier=0.000 m, limit=0.10 m -> usable
[controller_server-10] [INFO] [1790928833.958610354] [controller_server]: Passing new path to controller.
[controller_server-10] [INFO] [1790928834.009026812] [local_costmap.local_costmap]: StaticLayer: Resizing static layer to 563 X 256 at 0.100000 m/pix
[planner_server-12] [INFO] [1790928834.675241505] [global_costmap.global_costmap]: StaticLayer: Resizing costmap to 563 X 256 at 0.100000 m/pix
[INFO] [1790928834.921282578] [mapex_explorer]: Main /plan diagnostic: poses=332, endpoint=(11.39, -7.87), frontier=(11.39, -7.87), endpoint_to_frontier=0.000 m, limit=0.10 m -> usable
[controller_server-10] [INFO] [1790928834.958602758] [controller_server]: Passing new path to controller.
[controller_server-10] [INFO] [1790928836.025270460] [controller_server]: Passing new path to controller.
[INFO] [1790928836.038439065] [mapex_explorer]: Main /plan diagnostic: poses=322, endpoint=(11.39, -7.87), frontier=(11.39, -7.87), endpoint_to_frontier=0.000 m, limit=0.10 m -> usable
[INFO] [1790928836.971757581] [mapex_explorer]: Main /plan diagnostic: poses=312, endpoint=(11.39, -7.87), frontier=(11.39, -7.87), endpoint_to_frontier=0.000 m, limit=0.10 m -> usable
[controller_server-10] [INFO] [1790928837.025306284] [controller_server]: Passing new path to controller.
[INFO] [1790928838.001037634] [mapex_explorer]: Main /plan diagnostic: poses=302, endpoint=(11.39, -7.87), frontier=(11.39, -7.87), endpoint_to_frontier=0.000 m, limit=0.10 m -> usable
[controller_server-10] [INFO] [1790928838.025304316] [controller_server]: Passing new path to controller.
[INFO] [1790928839.054618732] [mapex_explorer]: Main /plan diagnostic: poses=292, endpoint=(11.39, -7.87), frontier=(11.39, -7.87), endpoint_to_frontier=0.000 m, limit=0.10 m -> usable
[controller_server-10] [INFO] [1790928839.091955607] [controller_server]: Passing new path to controller.
[INFO] [1790928840.062152480] [mapex_explorer]: Main /plan diagnostic: poses=281, endpoint=(11.39, -7.87), frontier=(11.39, -7.87), endpoint_to_frontier=0.000 m, limit=0.10 m -> usable
[controller_server-10] [INFO] [1790928840.091942992] [controller_server]: Passing new path to controller.
[INFO] [1790928841.073015226] [mapex_explorer]: Main /plan diagnostic: poses=271, endpoint=(11.39, -7.87), frontier=(11.39, -7.87), endpoint_to_frontier=0.000 m, limit=0.10 m -> usable
[controller_server-10] [INFO] [1790928841.091939295] [controller_server]: Passing new path to controller.
[INFO] [1790928842.144940078] [mapex_explorer]: Main /plan diagnostic: poses=262, endpoint=(11.39, -7.87), frontier=(11.39, -7.87), endpoint_to_frontier=0.000 m, limit=0.10 m -> usable
[controller_server-10] [INFO] [1790928842.158602826] [controller_server]: Passing new path to controller.
[async_slam_toolbox_node-9] W20261002 15:14:03.012372  4595 preprocessor.cc:67] Specified options.num_threads: 50 exceeds maximum available from the threading model Ceres was compiled with: 16.  Bounding to maximum number available.
[async_slam_toolbox_node-9] [INFO] [1790928843.046053293] [slam_toolbox]: Adaptive anchor summary: latest_node=4708, local_edges=4815, loop_history=0, avg_effective_weight=1.062, release_regions=0
[async_slam_toolbox_node-9] W20261002 15:14:03.088020  4595 preprocessor.cc:67] Specified options.num_threads: 50 exceeds maximum available from the threading model Ceres was compiled with: 16.  Bounding to maximum number available.
[controller_server-10] [WARN] [1790928843.164310281] [controller_server]: Control loop missed its desired rate of 15.0000 Hz. Current loop rate is 13.8889 Hz.
[controller_server-10] [INFO] [1790928843.164713793] [controller_server]: Passing new path to controller.
[INFO] [1790928843.166690230] [mapex_explorer]: Main /plan diagnostic: poses=252, endpoint=(11.39, -7.87), frontier=(11.39, -7.87), endpoint_to_frontier=0.000 m, limit=0.10 m -> usable
[controller_server-10] [INFO] [1790928844.009014863] [local_costmap.local_costmap]: StaticLayer: Resizing static layer to 563 X 256 at 0.100000 m/pix
[controller_server-10] [INFO] [1790928844.164777431] [controller_server]: Passing new path to controller.
[INFO] [1790928844.184140642] [mapex_explorer]: Main /plan diagnostic: poses=240, endpoint=(11.39, -7.87), frontier=(11.39, -7.87), endpoint_to_frontier=0.000 m, limit=0.10 m -> usable
[planner_server-12] [INFO] [1790928844.675202671] [global_costmap.global_costmap]: StaticLayer: Resizing costmap to 563 X 256 at 0.100000 m/pix
[INFO] [1790928845.188278185] [mapex_explorer]: Main /plan diagnostic: poses=231, endpoint=(11.39, -7.87), frontier=(11.39, -7.87), endpoint_to_frontier=0.000 m, limit=0.10 m -> usable
[controller_server-10] [INFO] [1790928845.231409550] [controller_server]: Passing new path to controller.
[INFO] [1790928846.231007608] [mapex_explorer]: Main /plan diagnostic: poses=219, endpoint=(11.39, -7.87), frontier=(11.39, -7.87), endpoint_to_frontier=0.000 m, limit=0.10 m -> usable
[controller_server-10] [INFO] [1790928846.231400458] [controller_server]: Passing new path to controller.
[INFO] [1790928847.237529129] [mapex_explorer]: Main /plan diagnostic: poses=211, endpoint=(11.39, -7.87), frontier=(11.39, -7.87), endpoint_to_frontier=0.000 m, limit=0.10 m -> usable
[async_slam_toolbox_node-9] W20261002 15:14:07.294113  4595 preprocessor.cc:67] Specified options.num_threads: 50 exceeds maximum available from the threading model Ceres was compiled with: 16.  Bounding to maximum number available.
[controller_server-10] [INFO] [1790928847.298138279] [controller_server]: Passing new path to controller.
[controller_server-10] [INFO] [1790928848.009003838] [local_costmap.local_costmap]: StaticLayer: Resizing static layer to 563 X 256 at 0.100000 m/pix
[controller_server-10] [INFO] [1790928848.298136262] [controller_server]: Passing new path to controller.
[INFO] [1790928848.309392081] [mapex_explorer]: Main /plan diagnostic: poses=200, endpoint=(11.39, -7.87), frontier=(11.39, -7.87), endpoint_to_frontier=0.000 m, limit=0.10 m -> usable
[planner_server-12] [INFO] [1790928848.675242620] [global_costmap.global_costmap]: StaticLayer: Resizing costmap to 563 X 256 at 0.100000 m/pix
[INFO] [1790928849.282225084] [mapex_explorer]: Main /plan diagnostic: poses=190, endpoint=(11.39, -7.87), frontier=(11.39, -7.87), endpoint_to_frontier=0.000 m, limit=0.10 m -> usable
[controller_server-10] [INFO] [1790928849.298109734] [controller_server]: Passing new path to controller.
[INFO] [1790928850.315432112] [mapex_explorer]: Main /plan diagnostic: poses=180, endpoint=(11.39, -7.87), frontier=(11.39, -7.87), endpoint_to_frontier=0.000 m, limit=0.10 m -> usable
[controller_server-10] [INFO] [1790928850.364776366] [controller_server]: Passing new path to controller.
[async_slam_toolbox_node-9] W20261002 15:14:11.095377  4595 preprocessor.cc:67] Specified options.num_threads: 50 exceeds maximum available from the threading model Ceres was compiled with: 16.  Bounding to maximum number available.
[controller_server-10] [INFO] [1790928851.364794494] [controller_server]: Passing new path to controller.
[INFO] [1790928851.415586566] [mapex_explorer]: Main /plan diagnostic: poses=170, endpoint=(11.39, -7.87), frontier=(11.39, -7.87), endpoint_to_frontier=0.000 m, limit=0.10 m -> usable
[controller_server-10] [INFO] [1790928852.209012640] [local_costmap.local_costmap]: StaticLayer: Resizing static layer to 563 X 256 at 0.100000 m/pix
[INFO] [1790928852.358203723] [mapex_explorer]: Main /plan diagnostic: poses=160, endpoint=(11.39, -7.87), frontier=(11.39, -7.87), endpoint_to_frontier=0.000 m, limit=0.10 m -> usable
[controller_server-10] [INFO] [1790928852.364788613] [controller_server]: Passing new path to controller.
[planner_server-12] [INFO] [1790928852.675227338] [global_costmap.global_costmap]: StaticLayer: Resizing costmap to 563 X 256 at 0.100000 m/pix
[controller_server-10] [INFO] [1790928853.431436464] [controller_server]: Passing new path to controller.
[INFO] [1790928853.457151522] [mapex_explorer]: Main /plan diagnostic: poses=150, endpoint=(11.39, -7.87), frontier=(11.39, -7.87), endpoint_to_frontier=0.000 m, limit=0.10 m -> usable
[async_slam_toolbox_node-9] W20261002 15:14:14.090454  4595 preprocessor.cc:67] Specified options.num_threads: 50 exceeds maximum available from the threading model Ceres was compiled with: 16.  Bounding to maximum number available.
[INFO] [1790928854.417741042] [mapex_explorer]: Main /plan diagnostic: poses=137, endpoint=(11.39, -7.87), frontier=(11.39, -7.87), endpoint_to_frontier=0.000 m, limit=0.10 m -> usable
[controller_server-10] [INFO] [1790928854.431450709] [controller_server]: Passing new path to controller.
[controller_server-10] [INFO] [1790928855.209014882] [local_costmap.local_costmap]: StaticLayer: Resizing static layer to 563 X 256 at 0.100000 m/pix
[INFO] [1790928855.430532962] [mapex_explorer]: Main /plan diagnostic: poses=127, endpoint=(11.39, -7.87), frontier=(11.39, -7.87), endpoint_to_frontier=0.000 m, limit=0.10 m -> usable
[controller_server-10] [INFO] [1790928855.498110457] [controller_server]: Passing new path to controller.
[planner_server-12] [INFO] [1790928855.675215273] [global_costmap.global_costmap]: StaticLayer: Resizing costmap to 563 X 256 at 0.100000 m/pix
[INFO] [1790928856.449734515] [mapex_explorer]: Main /plan diagnostic: poses=117, endpoint=(11.39, -7.87), frontier=(11.39, -7.87), endpoint_to_frontier=0.000 m, limit=0.10 m -> usable
[controller_server-10] [INFO] [1790928856.498121638] [controller_server]: Passing new path to controller.
[controller_server-10] [ERROR] [1790928856.999242087] [controller_server]: Exception in transformPose: Lookup would require extrapolation into the future.  Requested time 1838.920000 but the latest data is at time 1838.900000, when looking up transform from frame [map] to frame [odom]
[controller_server-10] [ERROR] [1790928856.999354614] [controller_server]: Unable to transform goal pose into costmap frame
[controller_server-10] [INFO] [1790928856.999774845] [controller_server]: Optimizer reset
[controller_server-10] [WARN] [1790928856.999798646] [controller_server]: [follow_path] [ActionServer] Aborting handle.
[behavior_server-14] [INFO] [1790928857.012327583] [behavior_server]: Running wait
[behavior_server-14] [INFO] [1790928857.312550734] [behavior_server]: wait completed successfully
[INFO] [1790928857.341655745] [mapex_explorer]: Main /plan diagnostic: poses=109, endpoint=(11.39, -7.87), frontier=(11.39, -7.87), endpoint_to_frontier=0.000 m, limit=0.10 m -> usable
[controller_server-10] [INFO] [1790928857.352376347] [controller_server]: Received a goal, begin computing control effort.
[INFO] [1790928858.360739156] [mapex_explorer]: Main /plan diagnostic: poses=101, endpoint=(11.39, -7.87), frontier=(11.39, -7.87), endpoint_to_frontier=0.000 m, limit=0.10 m -> usable
[controller_server-10] [INFO] [1790928858.419198077] [controller_server]: Passing new path to controller.
[controller_server-10] [ERROR] [1790928859.053403326] [controller_server]: Exception in transformPose: Lookup would require extrapolation into the future.  Requested time 1840.980000 but the latest data is at time 1840.900000, when looking up transform from frame [map] to frame [odom]
[controller_server-10] [ERROR] [1790928859.053472214] [controller_server]: Unable to transform goal pose into costmap frame
[controller_server-10] [INFO] [1790928859.053704409] [controller_server]: Optimizer reset
[controller_server-10] [WARN] [1790928859.053717009] [controller_server]: [follow_path] [ActionServer] Aborting handle.
[bt_navigator-15] [WARN] [1790928859.081921466] [bt_navigator]: [navigate_to_pose] [ActionServer] Aborting handle.
[bt_navigator-15] [ERROR] [1790928859.082069492] [bt_navigator]: Goal failed
[WARN] [1790928859.084726991] [mapex_explorer]: Main goal failed (status=6, error_code=102)
[WARN] [1790928859.085345083] [mapex_explorer]: Path-guided recovery #1: temporary subgoal x=15.21, y=-7.51, 0.70 m ahead on main path (remaining main path=4.73 m, trigger_error=102)
[bt_navigator-15] [INFO] [1790928859.086398039] [bt_navigator]: Begin navigating from current location (15.92, -7.50) to (15.21, -7.51)
[INFO] [1790928859.105616262] [mapex_explorer]: Subgoal goal accepted
[controller_server-10] [INFO] [1790928859.107295221] [controller_server]: Received a goal, begin computing control effort.
[controller_server-10] [INFO] [1790928860.174098696] [controller_server]: Passing new path to controller.
[controller_server-10] [INFO] [1790928860.175514037] [controller_server]: Reached the goal!
[controller_server-10] [INFO] [1790928860.176251821] [controller_server]: Optimizer reset
[bt_navigator-15] [INFO] [1790928860.206726369] [bt_navigator]: Goal succeeded
[INFO] [1790928860.212404357] [mapex_explorer]: Recovery subgoal reached; retrying the same main frontier.
[bt_navigator-15] [INFO] [1790928860.214139480] [bt_navigator]: Begin navigating from current location (15.59, -7.50) to (11.39, -7.87)
[INFO] [1790928860.229189987] [mapex_explorer]: Main /plan diagnostic: poses=87, endpoint=(11.39, -7.87), frontier=(11.39, -7.87), endpoint_to_frontier=0.000 m, limit=0.10 m -> usable
[INFO] [1790928860.231729956] [mapex_explorer]: Main goal accepted
[controller_server-10] [INFO] [1790928860.234906873] [controller_server]: Received a goal, begin computing control effort.
[INFO] [1790928861.258408490] [mapex_explorer]: Main /plan diagnostic: poses=82, endpoint=(11.39, -7.87), frontier=(11.39, -7.87), endpoint_to_frontier=0.000 m, limit=0.10 m -> usable
[controller_server-10] [INFO] [1790928861.301875940] [controller_server]: Passing new path to controller.
[controller_server-10] [INFO] [1790928862.301745320] [controller_server]: Passing new path to controller.
[INFO] [1790928862.329348080] [mapex_explorer]: Main /plan diagnostic: poses=72, endpoint=(11.39, -7.87), frontier=(11.39, -7.87), endpoint_to_frontier=0.000 m, limit=0.10 m -> usable
[INFO] [1790928863.310063584] [mapex_explorer]: Main /plan diagnostic: poses=60, endpoint=(11.39, -7.87), frontier=(11.39, -7.87), endpoint_to_frontier=0.000 m, limit=0.10 m -> usable
[controller_server-10] [INFO] [1790928863.368454707] [controller_server]: Passing new path to controller.
[INFO] [1790928864.349942772] [mapex_explorer]: Main /plan diagnostic: poses=50, endpoint=(11.39, -7.87), frontier=(11.39, -7.87), endpoint_to_frontier=0.000 m, limit=0.10 m -> usable
[controller_server-10] [INFO] [1790928864.368427873] [controller_server]: Passing new path to controller.
[INFO] [1790928865.359606739] [mapex_explorer]: Main /plan diagnostic: poses=40, endpoint=(11.39, -7.87), frontier=(11.39, -7.87), endpoint_to_frontier=0.000 m, limit=0.10 m -> usable
[controller_server-10] [INFO] [1790928865.435071833] [controller_server]: Passing new path to controller.
[INFO] [1790928866.390207323] [mapex_explorer]: Main /plan diagnostic: poses=30, endpoint=(11.39, -7.87), frontier=(11.39, -7.87), endpoint_to_frontier=0.000 m, limit=0.10 m -> usable
[controller_server-10] [INFO] [1790928866.435087430] [controller_server]: Passing new path to controller.
[INFO] [1790928867.408509202] [mapex_explorer]: Main /plan diagnostic: poses=21, endpoint=(11.39, -7.87), frontier=(11.39, -7.87), endpoint_to_frontier=0.000 m, limit=0.10 m -> usable
[controller_server-10] [INFO] [1790928867.435097722] [controller_server]: Passing new path to controller.
[INFO] [1790928868.488288880] [mapex_explorer]: Main /plan diagnostic: poses=17, endpoint=(11.39, -7.87), frontier=(11.39, -7.87), endpoint_to_frontier=0.000 m, limit=0.10 m -> usable
[controller_server-10] [INFO] [1790928868.501742775] [controller_server]: Passing new path to controller.
[controller_server-10] [WARN] [1790928869.051293959] [controller_server]: Control loop missed its desired rate of 15.0000 Hz. Current loop rate is 12.0482 Hz.
[INFO] [1790928869.477780041] [mapex_explorer]: Main /plan diagnostic: poses=10, endpoint=(11.39, -7.87), frontier=(11.39, -7.87), endpoint_to_frontier=0.000 m, limit=0.10 m -> usable
[controller_server-10] [INFO] [1790928869.518117088] [controller_server]: Passing new path to controller.
[controller_server-10] [INFO] [1790928869.986303697] [controller_server]: Reached the goal!
[controller_server-10] [INFO] [1790928869.986494393] [controller_server]: Optimizer reset
[bt_navigator-15] [INFO] [1790928870.014458591] [bt_navigator]: Goal succeeded
[INFO] [1790928870.018001204] [mapex_explorer]: Goal reached
[INFO] [1790928874.952730840] [mapex_explorer]: MapEx decision 44: selected x=18.50, y=-11.16, IG=1.126479, distance=7.79 m, score=0.144592, region=290, candidates=2, near_fallback=False, compute=4.88 s
[bt_navigator-15] [INFO] [1790928874.953911294] [bt_navigator]: Begin navigating from current location (11.57, -7.58) to (18.50, -11.16)
[planner_server-12] [ERROR] [1790928874.955761825] [planner_server]: Failed to create a plan from potential when a legal potential was found. This shouldn't happen.
[planner_server-12] [WARN] [1790928874.955828836] [planner_server]: GridBased plugin failed to plan from (11.57, -7.58) to (18.50, -11.16): "Failed to create plan with tolerance of: 0.000000"
[planner_server-12] [WARN] [1790928874.955837859] [planner_server]: [compute_path_to_pose] [ActionServer] Aborting handle.
[behavior_server-14] [INFO] [1790928874.974418603] [behavior_server]: Running wait
[INFO] [1790928875.071705364] [mapex_explorer]: Main goal accepted
[behavior_server-14] [INFO] [1790928875.274562542] [behavior_server]: wait completed successfully
[planner_server-12] [ERROR] [1790928875.296161202] [planner_server]: Failed to create a plan from potential when a legal potential was found. This shouldn't happen.
[planner_server-12] [WARN] [1790928875.296327055] [planner_server]: GridBased plugin failed to plan from (11.57, -7.58) to (18.50, -11.16): "Failed to create plan with tolerance of: 0.000000"
[planner_server-12] [WARN] [1790928875.296367067] [planner_server]: [compute_path_to_pose] [ActionServer] Aborting handle.
[bt_navigator-15] [WARN] [1790928875.324065897] [bt_navigator]: [navigate_to_pose] [ActionServer] Aborting handle.
[bt_navigator-15] [ERROR] [1790928875.324165724] [bt_navigator]: Goal failed
[WARN] [1790928875.326037288] [mapex_explorer]: Main goal failed (status=6, error_code=208)
[WARN] [1790928875.326274465] [mapex_explorer]: Main frontier abandoned after NO_VALID_PATH (208): x=18.50, y=-11.16; candidates within 0.10 m are skipped during normal selection but will be checked again by terminal planner revalidation.
[INFO] [1790928881.546212228] [mapex_explorer]: MapEx decision 45: selected x=11.60, y=7.64, IG=0.446663, distance=15.22 m, score=0.029338, region=25, candidates=1, near_fallback=False, compute=5.47 s
[bt_navigator-15] [INFO] [1790928881.552743192] [bt_navigator]: Begin navigating from current location (11.57, -7.58) to (11.60, 7.64)
[controller_server-10] [INFO] [1790928881.573403219] [controller_server]: Received a goal, begin computing control effort.
[INFO] [1790928881.850906505] [mapex_explorer]: Main goal accepted
[INFO] [1790928881.914253023] [mapex_explorer]: Main /plan diagnostic: poses=664, endpoint=(11.60, 7.64), frontier=(11.60, 7.64), endpoint_to_frontier=0.000 m, limit=0.10 m -> usable
[controller_server-10] [INFO] [1790928882.640242747] [controller_server]: Passing new path to controller.
[INFO] [1790928882.699413932] [mapex_explorer]: Main /plan diagnostic: poses=658, endpoint=(11.60, 7.64), frontier=(11.60, 7.64), endpoint_to_frontier=0.000 m, limit=0.10 m -> usable
[controller_server-10] [INFO] [1790928883.640212243] [controller_server]: Passing new path to controller.
[INFO] [1790928883.650122298] [mapex_explorer]: Main /plan diagnostic: poses=658, endpoint=(11.60, 7.64), frontier=(11.60, 7.64), endpoint_to_frontier=0.000 m, limit=0.10 m -> usable
[INFO] [1790928884.673248630] [mapex_explorer]: Main /plan diagnostic: poses=656, endpoint=(11.60, 7.64), frontier=(11.60, 7.64), endpoint_to_frontier=0.000 m, limit=0.10 m -> usable
[controller_server-10] [INFO] [1790928884.706908848] [controller_server]: Passing new path to controller.
[controller_server-10] [INFO] [1790928885.706901854] [controller_server]: Passing new path to controller.
[INFO] [1790928885.793751016] [mapex_explorer]: Main /plan diagnostic: poses=646, endpoint=(11.60, 7.64), frontier=(11.60, 7.64), endpoint_to_frontier=0.000 m, limit=0.10 m -> usable
[INFO] [1790928886.741202520] [mapex_explorer]: Main /plan diagnostic: poses=635, endpoint=(11.60, 7.64), frontier=(11.60, 7.64), endpoint_to_frontier=0.000 m, limit=0.10 m -> usable
[controller_server-10] [INFO] [1790928886.773555907] [controller_server]: Passing new path to controller.
[INFO] [1790928887.747245911] [mapex_explorer]: Main /plan diagnostic: poses=625, endpoint=(11.60, 7.64), frontier=(11.60, 7.64), endpoint_to_frontier=0.000 m, limit=0.10 m -> usable
[controller_server-10] [INFO] [1790928887.773549928] [controller_server]: Passing new path to controller.
[controller_server-10] [INFO] [1790928888.773553281] [controller_server]: Passing new path to controller.
[INFO] [1790928888.795536783] [mapex_explorer]: Main /plan diagnostic: poses=616, endpoint=(11.60, 7.64), frontier=(11.60, 7.64), endpoint_to_frontier=0.000 m, limit=0.10 m -> usable
[INFO] [1790928889.801091843] [mapex_explorer]: Main /plan diagnostic: poses=605, endpoint=(11.60, 7.64), frontier=(11.60, 7.64), endpoint_to_frontier=0.000 m, limit=0.10 m -> usable
[controller_server-10] [INFO] [1790928889.840236450] [controller_server]: Passing new path to controller.
[controller_server-10] [INFO] [1790928890.840222682] [controller_server]: Passing new path to controller.
[INFO] [1790928890.915596628] [mapex_explorer]: Main /plan diagnostic: poses=593, endpoint=(11.60, 7.64), frontier=(11.60, 7.64), endpoint_to_frontier=0.000 m, limit=0.10 m -> usable
[controller_server-10] [INFO] [1790928891.906905869] [controller_server]: Passing new path to controller.
[INFO] [1790928891.918814738] [mapex_explorer]: Main /plan diagnostic: poses=584, endpoint=(11.60, 7.64), frontier=(11.60, 7.64), endpoint_to_frontier=0.000 m, limit=0.10 m -> usable
[INFO] [1790928892.892935518] [mapex_explorer]: Main /plan diagnostic: poses=574, endpoint=(11.60, 7.64), frontier=(11.60, 7.64), endpoint_to_frontier=0.000 m, limit=0.10 m -> usable
[controller_server-10] [INFO] [1790928892.906907834] [controller_server]: Passing new path to controller.
[INFO] [1790928893.937502695] [mapex_explorer]: Main /plan diagnostic: poses=564, endpoint=(11.60, 7.64), frontier=(11.60, 7.64), endpoint_to_frontier=0.000 m, limit=0.10 m -> usable
[controller_server-10] [INFO] [1790928893.973557657] [controller_server]: Passing new path to controller.
[INFO] [1790928894.951840784] [mapex_explorer]: Main /plan diagnostic: poses=553, endpoint=(11.60, 7.64), frontier=(11.60, 7.64), endpoint_to_frontier=0.000 m, limit=0.10 m -> usable
[controller_server-10] [INFO] [1790928894.973547728] [controller_server]: Passing new path to controller.
[INFO] [1790928895.969727255] [mapex_explorer]: Main /plan diagnostic: poses=544, endpoint=(11.60, 7.64), frontier=(11.60, 7.64), endpoint_to_frontier=0.000 m, limit=0.10 m -> usable
[controller_server-10] [INFO] [1790928895.973546567] [controller_server]: Passing new path to controller.
[INFO] [1790928897.019976708] [mapex_explorer]: Main /plan diagnostic: poses=534, endpoint=(11.60, 7.64), frontier=(11.60, 7.64), endpoint_to_frontier=0.000 m, limit=0.10 m -> usable
[controller_server-10] [INFO] [1790928897.040243891] [controller_server]: Passing new path to controller.
[INFO] [1790928898.030288583] [mapex_explorer]: Main /plan diagnostic: poses=521, endpoint=(11.60, 7.64), frontier=(11.60, 7.64), endpoint_to_frontier=0.000 m, limit=0.10 m -> usable
[controller_server-10] [INFO] [1790928898.040242574] [controller_server]: Passing new path to controller.
[INFO] [1790928899.079228251] [mapex_explorer]: Main /plan diagnostic: poses=512, endpoint=(11.60, 7.64), frontier=(11.60, 7.64), endpoint_to_frontier=0.000 m, limit=0.10 m -> usable
[controller_server-10] [INFO] [1790928899.106882606] [controller_server]: Passing new path to controller.
[INFO] [1790928900.095133322] [mapex_explorer]: Main /plan diagnostic: poses=502, endpoint=(11.60, 7.64), frontier=(11.60, 7.64), endpoint_to_frontier=0.000 m, limit=0.10 m -> usable
[controller_server-10] [INFO] [1790928900.106886188] [controller_server]: Passing new path to controller.
[async_slam_toolbox_node-9] W20261002 15:15:00.476717  4595 preprocessor.cc:67] Specified options.num_threads: 50 exceeds maximum available from the threading model Ceres was compiled with: 16.  Bounding to maximum number available.
[async_slam_toolbox_node-9] [INFO] [1790928900.518685418] [slam_toolbox]: Adaptive anchor summary: latest_node=4854, local_edges=4966, loop_history=0, avg_effective_weight=1.060, release_regions=0
[INFO] [1790928901.131784328] [mapex_explorer]: Main /plan diagnostic: poses=492, endpoint=(11.60, 7.64), frontier=(11.60, 7.64), endpoint_to_frontier=0.000 m, limit=0.10 m -> usable
[controller_server-10] [INFO] [1790928901.173565385] [controller_server]: Passing new path to controller.
[controller_server-10] [INFO] [1790928901.209085527] [local_costmap.local_costmap]: StaticLayer: Resizing static layer to 563 X 256 at 0.100000 m/pix
[planner_server-12] [INFO] [1790928901.675202060] [global_costmap.global_costmap]: StaticLayer: Resizing costmap to 563 X 256 at 0.100000 m/pix
[INFO] [1790928902.149414099] [mapex_explorer]: Main /plan diagnostic: poses=480, endpoint=(11.60, 7.64), frontier=(11.60, 7.64), endpoint_to_frontier=0.000 m, limit=0.10 m -> usable
[controller_server-10] [INFO] [1790928902.173549340] [controller_server]: Passing new path to controller.
[controller_server-10] [INFO] [1790928903.173559776] [controller_server]: Passing new path to controller.
[INFO] [1790928903.232091727] [mapex_explorer]: Main /plan diagnostic: poses=470, endpoint=(11.60, 7.64), frontier=(11.60, 7.64), endpoint_to_frontier=0.000 m, limit=0.10 m -> usable
[async_slam_toolbox_node-9] W20261002 15:15:04.026439  4595 preprocessor.cc:67] Specified options.num_threads: 50 exceeds maximum available from the threading model Ceres was compiled with: 16.  Bounding to maximum number available.
[INFO] [1790928904.207824621] [mapex_explorer]: Main /plan diagnostic: poses=460, endpoint=(11.60, 7.64), frontier=(11.60, 7.64), endpoint_to_frontier=0.000 m, limit=0.10 m -> usable
[controller_server-10] [INFO] [1790928904.240241361] [controller_server]: Passing new path to controller.
[controller_server-10] [INFO] [1790928905.209022605] [local_costmap.local_costmap]: StaticLayer: Resizing static layer to 563 X 256 at 0.100000 m/pix
[controller_server-10] [INFO] [1790928905.240259287] [controller_server]: Passing new path to controller.
[INFO] [1790928905.241317191] [mapex_explorer]: Main /plan diagnostic: poses=450, endpoint=(11.60, 7.64), frontier=(11.60, 7.64), endpoint_to_frontier=0.000 m, limit=0.10 m -> usable
[planner_server-12] [INFO] [1790928905.675212048] [global_costmap.global_costmap]: StaticLayer: Resizing costmap to 563 X 256 at 0.100000 m/pix
[controller_server-10] [INFO] [1790928906.306883444] [controller_server]: Passing new path to controller.
[INFO] [1790928906.370132569] [mapex_explorer]: Main /plan diagnostic: poses=440, endpoint=(11.60, 7.64), frontier=(11.60, 7.64), endpoint_to_frontier=0.000 m, limit=0.10 m -> usable
[controller_server-10] [INFO] [1790928907.306882681] [controller_server]: Passing new path to controller.
[INFO] [1790928907.354706688] [mapex_explorer]: Main /plan diagnostic: poses=430, endpoint=(11.60, 7.64), frontier=(11.60, 7.64), endpoint_to_frontier=0.000 m, limit=0.10 m -> usable
[async_slam_toolbox_node-9] W20261002 15:15:08.280110  4595 preprocessor.cc:67] Specified options.num_threads: 50 exceeds maximum available from the threading model Ceres was compiled with: 16.  Bounding to maximum number available.
[INFO] [1790928908.319832683] [mapex_explorer]: Main /plan diagnostic: poses=418, endpoint=(11.60, 7.64), frontier=(11.60, 7.64), endpoint_to_frontier=0.000 m, limit=0.10 m -> usable
[controller_server-10] [INFO] [1790928908.373560917] [controller_server]: Passing new path to controller.
[controller_server-10] [INFO] [1790928909.209022704] [local_costmap.local_costmap]: StaticLayer: Resizing static layer to 563 X 256 at 0.100000 m/pix
[INFO] [1790928909.359895454] [mapex_explorer]: Main /plan diagnostic: poses=408, endpoint=(11.60, 7.64), frontier=(11.60, 7.64), endpoint_to_frontier=0.000 m, limit=0.10 m -> usable
[controller_server-10] [INFO] [1790928909.373549573] [controller_server]: Passing new path to controller.
[planner_server-12] [INFO] [1790928909.675232647] [global_costmap.global_costmap]: StaticLayer: Resizing costmap to 563 X 256 at 0.100000 m/pix
[controller_server-10] [INFO] [1790928910.373579286] [controller_server]: Passing new path to controller.
[INFO] [1790928910.401376221] [mapex_explorer]: Main /plan diagnostic: poses=398, endpoint=(11.60, 7.64), frontier=(11.60, 7.64), endpoint_to_frontier=0.000 m, limit=0.10 m -> usable
[INFO] [1790928911.407575312] [mapex_explorer]: Main /plan diagnostic: poses=388, endpoint=(11.60, 7.64), frontier=(11.60, 7.64), endpoint_to_frontier=0.000 m, limit=0.10 m -> usable
[controller_server-10] [INFO] [1790928911.440224227] [controller_server]: Passing new path to controller.
[controller_server-10] [ERROR] [1790928912.007755333] [controller_server]: Exception in transformPose: Lookup would require extrapolation into the future.  Requested time 1893.340000 but the latest data is at time 1893.300000, when looking up transform from frame [map] to frame [odom]
[controller_server-10] [ERROR] [1790928912.007869023] [controller_server]: Unable to transform goal pose into costmap frame
[controller_server-10] [INFO] [1790928912.008212869] [controller_server]: Optimizer reset
[controller_server-10] [WARN] [1790928912.008230127] [controller_server]: [follow_path] [ActionServer] Aborting handle.
[behavior_server-14] [INFO] [1790928912.023336837] [behavior_server]: Running wait
[behavior_server-14] [INFO] [1790928912.323451325] [behavior_server]: wait completed successfully
[controller_server-10] [INFO] [1790928912.363283083] [controller_server]: Received a goal, begin computing control effort.
[INFO] [1790928912.377373521] [mapex_explorer]: Main /plan diagnostic: poses=380, endpoint=(11.60, 7.64), frontier=(11.60, 7.64), endpoint_to_frontier=0.000 m, limit=0.10 m -> usable
[controller_server-10] [INFO] [1790928913.430102005] [controller_server]: Passing new path to controller.
[INFO] [1790928913.432034965] [mapex_explorer]: Main /plan diagnostic: poses=372, endpoint=(11.60, 7.64), frontier=(11.60, 7.64), endpoint_to_frontier=0.000 m, limit=0.10 m -> usable
[async_slam_toolbox_node-9] W20261002 15:15:14.045249  4595 preprocessor.cc:67] Specified options.num_threads: 50 exceeds maximum available from the threading model Ceres was compiled with: 16.  Bounding to maximum number available.
[controller_server-10] [WARN] [1790928914.132923754] [controller_server]: Control loop missed its desired rate of 15.0000 Hz. Current loop rate is 9.8039 Hz.
[INFO] [1790928914.421425434] [mapex_explorer]: Main /plan diagnostic: poses=360, endpoint=(11.60, 7.64), frontier=(11.60, 7.64), endpoint_to_frontier=0.000 m, limit=0.10 m -> usable
[controller_server-10] [INFO] [1790928914.466435713] [controller_server]: Passing new path to controller.
[controller_server-10] [INFO] [1790928915.209691580] [local_costmap.local_costmap]: StaticLayer: Resizing static layer to 563 X 256 at 0.100000 m/pix
[INFO] [1790928915.427094076] [mapex_explorer]: Main /plan diagnostic: poses=350, endpoint=(11.60, 7.64), frontier=(11.60, 7.64), endpoint_to_frontier=0.000 m, limit=0.10 m -> usable
[controller_server-10] [INFO] [1790928915.466420027] [controller_server]: Passing new path to controller.
[planner_server-12] [INFO] [1790928915.675240461] [global_costmap.global_costmap]: StaticLayer: Resizing costmap to 563 X 256 at 0.100000 m/pix
[INFO] [1790928916.456202010] [mapex_explorer]: Main /plan diagnostic: poses=340, endpoint=(11.60, 7.64), frontier=(11.60, 7.64), endpoint_to_frontier=0.000 m, limit=0.10 m -> usable
[controller_server-10] [INFO] [1790928916.466377422] [controller_server]: Passing new path to controller.
[INFO] [1790928917.510488146] [mapex_explorer]: Main /plan diagnostic: poses=330, endpoint=(11.60, 7.64), frontier=(11.60, 7.64), endpoint_to_frontier=0.000 m, limit=0.10 m -> usable
[controller_server-10] [INFO] [1790928917.533064569] [controller_server]: Passing new path to controller.
[INFO] [1790928918.532907226] [mapex_explorer]: Main /plan diagnostic: poses=320, endpoint=(11.60, 7.64), frontier=(11.60, 7.64), endpoint_to_frontier=0.000 m, limit=0.10 m -> usable
[controller_server-10] [INFO] [1790928918.533072476] [controller_server]: Passing new path to controller.
[async_slam_toolbox_node-9] W20261002 15:15:18.632370  4595 preprocessor.cc:67] Specified options.num_threads: 50 exceeds maximum available from the threading model Ceres was compiled with: 16.  Bounding to maximum number available.
[async_slam_toolbox_node-9] [INFO] [1790928918.652115361] [slam_toolbox]: Adaptive anchor summary: latest_node=4912, local_edges=5025, loop_history=0, avg_effective_weight=1.059, release_regions=0
[INFO] [1790928919.589408143] [mapex_explorer]: Main /plan diagnostic: poses=310, endpoint=(11.60, 7.64), frontier=(11.60, 7.64), endpoint_to_frontier=0.000 m, limit=0.10 m -> usable
[controller_server-10] [INFO] [1790928919.599713225] [controller_server]: Passing new path to controller.
[controller_server-10] [INFO] [1790928920.599749969] [controller_server]: Passing new path to controller.
[INFO] [1790928920.611731527] [mapex_explorer]: Main /plan diagnostic: poses=300, endpoint=(11.60, 7.64), frontier=(11.60, 7.64), endpoint_to_frontier=0.000 m, limit=0.10 m -> usable
[INFO] [1790928921.609675036] [mapex_explorer]: Main /plan diagnostic: poses=290, endpoint=(11.60, 7.64), frontier=(11.60, 7.64), endpoint_to_frontier=0.000 m, limit=0.10 m -> usable
[controller_server-10] [INFO] [1790928921.666379714] [controller_server]: Passing new path to controller.
[INFO] [1790928922.635035412] [mapex_explorer]: Main /plan diagnostic: poses=278, endpoint=(11.60, 7.64), frontier=(11.60, 7.64), endpoint_to_frontier=0.000 m, limit=0.10 m -> usable
[controller_server-10] [INFO] [1790928922.666375593] [controller_server]: Passing new path to controller.
[controller_server-10] [INFO] [1790928923.666373579] [controller_server]: Passing new path to controller.
[INFO] [1790928923.807464105] [mapex_explorer]: Main /plan diagnostic: poses=268, endpoint=(11.60, 7.64), frontier=(11.60, 7.64), endpoint_to_frontier=0.000 m, limit=0.10 m -> usable
[async_slam_toolbox_node-9] W20261002 15:15:24.039161  4595 preprocessor.cc:67] Specified options.num_threads: 50 exceeds maximum available from the threading model Ceres was compiled with: 16.  Bounding to maximum number available.
[async_slam_toolbox_node-9] W20261002 15:15:24.113234  4595 preprocessor.cc:67] Specified options.num_threads: 50 exceeds maximum available from the threading model Ceres was compiled with: 16.  Bounding to maximum number available.
[controller_server-10] [ERROR] [1790928924.167447936] [controller_server]: Exception in transformPose: Lookup would require extrapolation into the future.  Requested time 1905.460000 but the latest data is at time 1905.400000, when looking up transform from frame [map] to frame [odom]
[controller_server-10] [ERROR] [1790928924.167540111] [controller_server]: Unable to transform goal pose into costmap frame
[controller_server-10] [INFO] [1790928924.167767152] [controller_server]: Optimizer reset
[controller_server-10] [WARN] [1790928924.167783942] [controller_server]: [follow_path] [ActionServer] Aborting handle.
[bt_navigator-15] [WARN] [1790928924.192897138] [bt_navigator]: [navigate_to_pose] [ActionServer] Aborting handle.
[bt_navigator-15] [ERROR] [1790928924.192988838] [bt_navigator]: Goal failed
[WARN] [1790928924.194994723] [mapex_explorer]: Main goal failed (status=6, error_code=102)
[WARN] [1790928924.195766201] [mapex_explorer]: Path-guided recovery #1: temporary subgoal x=20.95, y=4.11, 0.75 m ahead on main path (remaining main path=13.21 m, trigger_error=102)
[bt_navigator-15] [INFO] [1790928924.196485156] [bt_navigator]: Begin navigating from current location (20.95, 3.34) to (20.95, 4.11)
[INFO] [1790928924.204784143] [mapex_explorer]: Subgoal goal accepted
[controller_server-10] [INFO] [1790928924.217233584] [controller_server]: Received a goal, begin computing control effort.
[controller_server-10] [INFO] [1790928925.209066604] [local_costmap.local_costmap]: StaticLayer: Resizing static layer to 563 X 256 at 0.100000 m/pix
[controller_server-10] [INFO] [1790928925.284087091] [controller_server]: Passing new path to controller.
[planner_server-12] [INFO] [1790928925.675211579] [global_costmap.global_costmap]: StaticLayer: Resizing costmap to 563 X 256 at 0.100000 m/pix
[controller_server-10] [INFO] [1790928925.687755950] [controller_server]: Reached the goal!
[controller_server-10] [INFO] [1790928925.688009554] [controller_server]: Optimizer reset
[bt_navigator-15] [INFO] [1790928925.716799683] [bt_navigator]: Goal succeeded
[INFO] [1790928925.719842770] [mapex_explorer]: Recovery subgoal reached; retrying the same main frontier.
[bt_navigator-15] [INFO] [1790928925.721166591] [bt_navigator]: Begin navigating from current location (20.96, 3.75) to (11.60, 7.64)
[INFO] [1790928925.733811909] [mapex_explorer]: Main goal accepted
[INFO] [1790928925.739488675] [mapex_explorer]: Main /plan diagnostic: poses=256, endpoint=(11.60, 7.64), frontier=(11.60, 7.64), endpoint_to_frontier=0.000 m, limit=0.10 m -> usable
[controller_server-10] [INFO] [1790928925.741711693] [controller_server]: Received a goal, begin computing control effort.
[INFO] [1790928926.763512811] [mapex_explorer]: Main /plan diagnostic: poses=248, endpoint=(11.60, 7.64), frontier=(11.60, 7.64), endpoint_to_frontier=0.000 m, limit=0.10 m -> usable
[controller_server-10] [INFO] [1790928926.808494894] [controller_server]: Passing new path to controller.
[INFO] [1790928927.799304985] [mapex_explorer]: Main /plan diagnostic: poses=238, endpoint=(11.60, 7.64), frontier=(11.60, 7.64), endpoint_to_frontier=0.000 m, limit=0.10 m -> usable
[controller_server-10] [INFO] [1790928927.808499481] [controller_server]: Passing new path to controller.
[INFO] [1790928928.827133654] [mapex_explorer]: Main /plan diagnostic: poses=226, endpoint=(11.60, 7.64), frontier=(11.60, 7.64), endpoint_to_frontier=0.000 m, limit=0.10 m -> usable
[controller_server-10] [INFO] [1790928928.875194875] [controller_server]: Passing new path to controller.
[controller_server-10] [INFO] [1790928929.875162455] [controller_server]: Passing new path to controller.
[INFO] [1790928929.877655220] [mapex_explorer]: Main /plan diagnostic: poses=216, endpoint=(11.60, 7.64), frontier=(11.60, 7.64), endpoint_to_frontier=0.000 m, limit=0.10 m -> usable
[INFO] [1790928930.877578904] [mapex_explorer]: Main /plan diagnostic: poses=206, endpoint=(11.60, 7.64), frontier=(11.60, 7.64), endpoint_to_frontier=0.000 m, limit=0.10 m -> usable
[controller_server-10] [INFO] [1790928930.941826137] [controller_server]: Passing new path to controller.
[INFO] [1790928931.898927580] [mapex_explorer]: Main /plan diagnostic: poses=196, endpoint=(11.60, 7.64), frontier=(11.60, 7.64), endpoint_to_frontier=0.000 m, limit=0.10 m -> usable
[controller_server-10] [INFO] [1790928931.941831018] [controller_server]: Passing new path to controller.
[INFO] [1790928932.938133151] [mapex_explorer]: Main /plan diagnostic: poses=186, endpoint=(11.60, 7.64), frontier=(11.60, 7.64), endpoint_to_frontier=0.000 m, limit=0.10 m -> usable
[controller_server-10] [INFO] [1790928932.941841870] [controller_server]: Passing new path to controller.
[async_slam_toolbox_node-9] W20261002 15:15:33.673141  4595 preprocessor.cc:67] Specified options.num_threads: 50 exceeds maximum available from the threading model Ceres was compiled with: 16.  Bounding to maximum number available.
[INFO] [1790928933.958182469] [mapex_explorer]: Main /plan diagnostic: poses=175, endpoint=(11.60, 7.64), frontier=(11.60, 7.64), endpoint_to_frontier=0.000 m, limit=0.10 m -> usable
[controller_server-10] [INFO] [1790928934.008497377] [controller_server]: Passing new path to controller.
[controller_server-10] [INFO] [1790928934.211187698] [local_costmap.local_costmap]: StaticLayer: Resizing static layer to 563 X 256 at 0.100000 m/pix
[planner_server-12] [INFO] [1790928934.675199906] [global_costmap.global_costmap]: StaticLayer: Resizing costmap to 563 X 256 at 0.100000 m/pix
[INFO] [1790928935.006767515] [mapex_explorer]: Main /plan diagnostic: poses=163, endpoint=(11.60, 7.64), frontier=(11.60, 7.64), endpoint_to_frontier=0.000 m, limit=0.10 m -> usable
[controller_server-10] [INFO] [1790928935.008492813] [controller_server]: Passing new path to controller.
[INFO] [1790928936.016929100] [mapex_explorer]: Main /plan diagnostic: poses=153, endpoint=(11.60, 7.64), frontier=(11.60, 7.64), endpoint_to_frontier=0.000 m, limit=0.10 m -> usable
[controller_server-10] [INFO] [1790928936.075162293] [controller_server]: Passing new path to controller.
[INFO] [1790928937.055289738] [mapex_explorer]: Main /plan diagnostic: poses=143, endpoint=(11.60, 7.64), frontier=(11.60, 7.64), endpoint_to_frontier=0.000 m, limit=0.10 m -> usable
[controller_server-10] [INFO] [1790928937.075205595] [controller_server]: Passing new path to controller.
[INFO] [1790928938.116309126] [mapex_explorer]: Main /plan diagnostic: poses=133, endpoint=(11.60, 7.64), frontier=(11.60, 7.64), endpoint_to_frontier=0.000 m, limit=0.10 m -> usable
[controller_server-10] [INFO] [1790928938.141827847] [controller_server]: Passing new path to controller.
[INFO] [1790928939.110379929] [mapex_explorer]: Main /plan diagnostic: poses=123, endpoint=(11.60, 7.64), frontier=(11.60, 7.64), endpoint_to_frontier=0.000 m, limit=0.10 m -> usable
[controller_server-10] [INFO] [1790928939.141834954] [controller_server]: Passing new path to controller.
[INFO] [1790928940.183970317] [mapex_explorer]: Main /plan diagnostic: poses=113, endpoint=(11.60, 7.64), frontier=(11.60, 7.64), endpoint_to_frontier=0.000 m, limit=0.10 m -> usable
[controller_server-10] [INFO] [1790928940.208498609] [controller_server]: Passing new path to controller.
[INFO] [1790928941.167304292] [mapex_explorer]: Main /plan diagnostic: poses=103, endpoint=(11.60, 7.64), frontier=(11.60, 7.64), endpoint_to_frontier=0.000 m, limit=0.10 m -> usable
[controller_server-10] [INFO] [1790928941.208521962] [controller_server]: Passing new path to controller.
[INFO] [1790928942.201226895] [mapex_explorer]: Main /plan diagnostic: poses=94, endpoint=(11.60, 7.64), frontier=(11.60, 7.64), endpoint_to_frontier=0.000 m, limit=0.10 m -> usable
[controller_server-10] [INFO] [1790928942.208514674] [controller_server]: Passing new path to controller.
[controller_server-10] [ERROR] [1790928943.042830387] [controller_server]: Exception in transformPose: Lookup would require extrapolation into the future.  Requested time 1924.260000 but the latest data is at time 1924.200000, when looking up transform from frame [map] to frame [odom]
[controller_server-10] [ERROR] [1790928943.042934813] [controller_server]: Unable to transform goal pose into costmap frame
[controller_server-10] [INFO] [1790928943.043193346] [controller_server]: Optimizer reset
[controller_server-10] [WARN] [1790928943.043206159] [controller_server]: [follow_path] [ActionServer] Aborting handle.
[behavior_server-14] [INFO] [1790928943.061807045] [behavior_server]: Running wait
[behavior_server-14] [INFO] [1790928943.362063510] [behavior_server]: wait completed successfully
[controller_server-10] [INFO] [1790928943.402529854] [controller_server]: Received a goal, begin computing control effort.
[INFO] [1790928943.453161466] [mapex_explorer]: Main /plan diagnostic: poses=82, endpoint=(11.60, 7.64), frontier=(11.60, 7.64), endpoint_to_frontier=0.000 m, limit=0.10 m -> usable
[INFO] [1790928944.440763824] [mapex_explorer]: Main /plan diagnostic: poses=75, endpoint=(11.60, 7.64), frontier=(11.60, 7.64), endpoint_to_frontier=0.000 m, limit=0.10 m -> usable
[controller_server-10] [INFO] [1790928944.469412795] [controller_server]: Passing new path to controller.
[controller_server-10] [ERROR] [1790928945.037194696] [controller_server]: Exception in transformPose: Lookup would require extrapolation into the future.  Requested time 1926.220000 but the latest data is at time 1926.200000, when looking up transform from frame [map] to frame [odom]
[controller_server-10] [ERROR] [1790928945.037258439] [controller_server]: Unable to transform goal pose into costmap frame
[controller_server-10] [INFO] [1790928945.037500083] [controller_server]: Optimizer reset
[controller_server-10] [WARN] [1790928945.037523333] [controller_server]: [follow_path] [ActionServer] Aborting handle.
[bt_navigator-15] [WARN] [1790928945.061366494] [bt_navigator]: [navigate_to_pose] [ActionServer] Aborting handle.
[bt_navigator-15] [ERROR] [1790928945.061747670] [bt_navigator]: Goal failed
[WARN] [1790928945.071275413] [mapex_explorer]: Main goal failed (status=6, error_code=102)
[WARN] [1790928945.072468656] [mapex_explorer]: Path-guided recovery #2: temporary subgoal x=14.06, y=7.10, 0.70 m ahead on main path (remaining main path=3.56 m, trigger_error=102)
[bt_navigator-15] [INFO] [1790928945.074467059] [bt_navigator]: Begin navigating from current location (14.77, 7.10) to (14.06, 7.10)
[INFO] [1790928945.085283729] [mapex_explorer]: Subgoal goal accepted
[controller_server-10] [INFO] [1790928945.095787125] [controller_server]: Received a goal, begin computing control effort.
[controller_server-10] [INFO] [1790928945.897182419] [controller_server]: Reached the goal!
[controller_server-10] [INFO] [1790928945.897359976] [controller_server]: Optimizer reset
[bt_navigator-15] [INFO] [1790928945.924723516] [bt_navigator]: Goal succeeded
[INFO] [1790928945.926588404] [mapex_explorer]: Recovery subgoal reached; retrying the same main frontier.
[bt_navigator-15] [INFO] [1790928945.927918446] [bt_navigator]: Begin navigating from current location (14.43, 7.10) to (11.60, 7.64)
[INFO] [1790928945.930189824] [mapex_explorer]: Main goal accepted
[INFO] [1790928945.936583443] [mapex_explorer]: Main /plan diagnostic: poses=63, endpoint=(11.60, 7.64), frontier=(11.60, 7.64), endpoint_to_frontier=0.000 m, limit=0.10 m -> usable
[controller_server-10] [INFO] [1790928945.948504285] [controller_server]: Received a goal, begin computing control effort.
[INFO] [1790928946.962002823] [mapex_explorer]: Main /plan diagnostic: poses=55, endpoint=(11.60, 7.64), frontier=(11.60, 7.64), endpoint_to_frontier=0.000 m, limit=0.10 m -> usable
[controller_server-10] [ERROR] [1790928947.049706078] [controller_server]: Exception in transformPose: Lookup would require extrapolation into the future.  Requested time 1928.220000 but the latest data is at time 1928.200000, when looking up transform from frame [map] to frame [odom]
[controller_server-10] [ERROR] [1790928947.049840434] [controller_server]: Unable to transform goal pose into costmap frame
[controller_server-10] [INFO] [1790928947.050175615] [controller_server]: Optimizer reset
[controller_server-10] [WARN] [1790928947.050202000] [controller_server]: [follow_path] [ActionServer] Aborting handle.
[controller_server-10] [INFO] [1790928947.050269221] [controller_server]: Received a goal, begin computing control effort.
[planner_server-12] [WARN] [1790928947.996806530] [planner_server]: GridBased plugin failed to plan from (13.57, 7.06) to (11.60, 7.64): "Failed to create plan with tolerance of: 0.000000"
[planner_server-12] [WARN] [1790928947.996860952] [planner_server]: [compute_path_to_pose] [ActionServer] Aborting handle.
[bt_navigator-15] [ERROR] [1790928948.028505811] [bt_navigator_navigate_to_pose_rclcpp_node]: Failed to get result for follow_path in node halt!
[behavior_server-14] [INFO] [1790928948.028824048] [behavior_server]: Running wait
[controller_server-10] [WARN] [1790928948.066260181] [controller_server]: Control loop missed its desired rate of 15.0000 Hz. Current loop rate is 12.0482 Hz.
[controller_server-10] [INFO] [1790928948.066287620] [controller_server]: Cancellation was successful. Stopping the robot.
[controller_server-10] [INFO] [1790928948.066291290] [controller_server]: [follow_path] [ActionServer] Client requested to cancel the goal. Cancelling.
[controller_server-10] [INFO] [1790928948.066404601] [controller_server]: Optimizer reset
[behavior_server-14] [INFO] [1790928948.328972427] [behavior_server]: wait completed successfully
[planner_server-12] [WARN] [1790928948.355616271] [planner_server]: GridBased plugin failed to plan from (13.39, 7.05) to (11.60, 7.64): "Failed to create plan with tolerance of: 0.000000"
[planner_server-12] [WARN] [1790928948.355657235] [planner_server]: [compute_path_to_pose] [ActionServer] Aborting handle.
[bt_navigator-15] [WARN] [1790928948.379172695] [bt_navigator]: [navigate_to_pose] [ActionServer] Aborting handle.
[bt_navigator-15] [ERROR] [1790928948.379327302] [bt_navigator]: Goal failed
[WARN] [1790928948.381141425] [mapex_explorer]: Main goal failed (status=6, error_code=208)
[WARN] [1790928948.381402907] [mapex_explorer]: Main frontier abandoned after NO_VALID_PATH (208): x=11.60, y=7.64; candidates within 0.10 m are skipped during normal selection but will be checked again by terminal planner revalidation.
[WARN] [1790928954.126452091] [mapex_explorer]: No normally selectable frontier remains; starting planner revalidation sweep over 1 candidates.
[planner_server-12] [ERROR] [1790928954.135280493] [planner_server]: Failed to create a plan from potential when a legal potential was found. This shouldn't happen.
[planner_server-12] [WARN] [1790928954.135357708] [planner_server]: GridBased plugin failed to plan from (13.33, 7.04) to (18.50, -11.15): "Failed to create plan with tolerance of: 0.000000"
[planner_server-12] [WARN] [1790928954.135367575] [planner_server]: [compute_path_to_pose] [ActionServer] Aborting handle.
[WARN] [1790928954.356355858] [mapex_explorer]: Planner-reachability completion verification: 1/5 exhausted sweeps across 1 candidates, idle=6.0s, age=1915.3s
[WARN] [1790928959.738265583] [mapex_explorer]: No normally selectable frontier remains; starting planner revalidation sweep over 1 candidates.
[planner_server-12] [ERROR] [1790928959.742341090] [planner_server]: Failed to create a plan from potential when a legal potential was found. This shouldn't happen.
[planner_server-12] [WARN] [1790928959.742407549] [planner_server]: GridBased plugin failed to plan from (13.33, 7.04) to (18.50, -11.15): "Failed to create plan with tolerance of: 0.000000"
[planner_server-12] [WARN] [1790928959.742416913] [planner_server]: [compute_path_to_pose] [ActionServer] Aborting handle.
[WARN] [1790928959.933770120] [mapex_explorer]: Planner-reachability completion verification: 2/5 exhausted sweeps across 1 candidates, idle=11.5s, age=1920.9s
[WARN] [1790928965.131084959] [mapex_explorer]: No normally selectable frontier remains; starting planner revalidation sweep over 1 candidates.
[planner_server-12] [ERROR] [1790928965.135260445] [planner_server]: Failed to create a plan from potential when a legal potential was found. This shouldn't happen.
[planner_server-12] [WARN] [1790928965.135325679] [planner_server]: GridBased plugin failed to plan from (13.33, 7.04) to (18.50, -11.15): "Failed to create plan with tolerance of: 0.000000"
[planner_server-12] [WARN] [1790928965.135334348] [planner_server]: [compute_path_to_pose] [ActionServer] Aborting handle.
[WARN] [1790928965.358579492] [mapex_explorer]: Planner-reachability completion verification: 3/5 exhausted sweeps across 1 candidates, idle=17.0s, age=1926.3s
[WARN] [1790928971.858641306] [mapex_explorer]: No normally selectable frontier remains; starting planner revalidation sweep over 1 candidates.
[planner_server-12] [ERROR] [1790928971.863267337] [planner_server]: Failed to create a plan from potential when a legal potential was found. This shouldn't happen.
[planner_server-12] [WARN] [1790928971.863363727] [planner_server]: GridBased plugin failed to plan from (13.33, 7.04) to (18.50, -11.15): "Failed to create plan with tolerance of: 0.000000"
[planner_server-12] [WARN] [1790928971.863389786] [planner_server]: [compute_path_to_pose] [ActionServer] Aborting handle.
[WARN] [1790928972.237528936] [mapex_explorer]: Planner-reachability completion verification: 4/5 exhausted sweeps across 1 candidates, idle=23.9s, age=1933.2s
[WARN] [1790928979.277179149] [mapex_explorer]: No normally selectable frontier remains; starting planner revalidation sweep over 1 candidates.
[planner_server-12] [ERROR] [1790928979.280640857] [planner_server]: Failed to create a plan from potential when a legal potential was found. This shouldn't happen.
[planner_server-12] [WARN] [1790928979.280718287] [planner_server]: GridBased plugin failed to plan from (13.33, 7.04) to (18.50, -11.15): "Failed to create plan with tolerance of: 0.000000"
[planner_server-12] [WARN] [1790928979.280728141] [planner_server]: [compute_path_to_pose] [ActionServer] Aborting handle.
[WARN] [1790928979.502967118] [mapex_explorer]: Planner-reachability completion verification: 5/5 exhausted sweeps across 1 candidates, idle=31.1s, age=1940.5s
[WARN] [1790928979.505217087] [mapex_explorer]: ================ EXPLORATION COMPLETE ================
Reason: frontier regions remain, but no eligible frontier was planner-reachable across repeated ComputePathToPose sweeps.
Evidence: 5 stable sweeps, idle >= 10 s.
No further navigation goals will be issued.
======================================================
[WARN] [1790928979.544082470] [mapex_explorer]: MAPEX SAVED: env=hospital, profile=hospital_slam, coverage=0.997827651, distance=697.72m, output=/work/com1/turtlebot4_project_mx029/mapex_lab/experiments/mapex/hpx_005
MAPEX OFFLINE EVAL: env=hospital, IoU=0.396717, TU=0.520000, decisions=50

Stopping experiment...
[controller_server-10] [INFO] [1790929010.692119507] [rclcpp]: signal_handler(SIGINT/SIGTERM)
[async_slam_toolbox_node-9] [INFO] [1790929010.692232168] [rclcpp]: signal_handler(SIGINT/SIGTERM)
[bt_navigator-15] [INFO] [1790929010.692279764] [rclcpp]: signal_handler(SIGINT/SIGTERM)
[rviz2-7] [INFO] [1790929010.692436582] [rclcpp]: signal_handler(SIGINT/SIGTERM)
[planner_server-12] [INFO] [1790929010.692643495] [rclcpp]: signal_handler(SIGINT/SIGTERM)
[behavior_server-14] [INFO] [1790929010.692709384] [rclcpp]: signal_handler(SIGINT/SIGTERM)
[waypoint_follower-16] [INFO] [1790929010.692916868] [rclcpp]: signal_handler(SIGINT/SIGTERM)
[smoother_server-11] [INFO] [1790929010.692806616] [rclcpp]: signal_handler(SIGINT/SIGTERM)
[route_server-13] [INFO] [1790929010.692998519] [rclcpp]: signal_handler(SIGINT/SIGTERM)
[bt_navigator-15] [INFO] [1790929010.694748186] [bt_navigator]: Running Nav2 LifecycleNode rcl preshutdown (bt_navigator)
[controller_server-10] [INFO] [1790929010.694259308] [controller_server]: Running Nav2 LifecycleNode rcl preshutdown (controller_server)
[planner_server-12] [INFO] [1790929010.694277032] [planner_server]: Running Nav2 LifecycleNode rcl preshutdown (planner_server)
[behavior_server-14] [INFO] [1790929010.694951952] [behavior_server]: Running Nav2 LifecycleNode rcl preshutdown (behavior_server)
[lifecycle_manager-20] [INFO] [1790929010.694949194] [rclcpp]: signal_handler(SIGINT/SIGTERM)
[route_server-13] [INFO] [1790929010.695465949] [route_server]: Running Nav2 LifecycleNode rcl preshutdown (route_server)
[waypoint_follower-16] [INFO] [1790929010.695774570] [waypoint_follower]: Running Nav2 LifecycleNode rcl preshutdown (waypoint_follower)
[velocity_smoother-17] [INFO] [1790929010.695324920] [rclcpp]: signal_handler(SIGINT/SIGTERM)
[collision_monitor-18] [INFO] [1790929010.696075341] [rclcpp]: signal_handler(SIGINT/SIGTERM)
[smoother_server-11] [INFO] [1790929010.696392916] [smoother_server]: Running Nav2 LifecycleNode rcl preshutdown (smoother_server)
[opennav_docking-19] [INFO] [1790929010.696552684] [rclcpp]: signal_handler(SIGINT/SIGTERM)
[robot_state_publisher-6] [INFO] [1790929010.697253627] [rclcpp]: signal_handler(SIGINT/SIGTERM)
[parameter_bridge-2] [INFO] [1790929010.696633320] [rclcpp]: signal_handler(SIGINT/SIGTERM)
[lifecycle_manager-20] [INFO] [1790929010.697788699] [lifecycle_manager_navigation]: Running Nav2 LifecycleManager rcl preshutdown (lifecycle_manager_navigation)
[collision_monitor-18] [INFO] [1790929010.698033377] [collision_monitor]: Running Nav2 LifecycleNode rcl preshutdown (collision_monitor)
[velocity_smoother-17] [INFO] [1790929010.698232292] [velocity_smoother]: Running Nav2 LifecycleNode rcl preshutdown (velocity_smoother)
[opennav_docking-19] [INFO] [1790929010.698335737] [docking_server]: Running Nav2 LifecycleNode rcl preshutdown (docking_server)
[controller_server-10] [INFO] [1790929010.698845052] [controller_server]: Deactivating
[controller_server-10] [INFO] [1790929010.698991328] [MPPIController]: Deactivated MPPI Controller: FollowPath
[planner_server-12] [INFO] [1790929010.698865858] [planner_server]: Deactivating
[image_bridge-3] [INFO] [1790929010.698311144] [rclcpp]: signal_handler(SIGINT/SIGTERM)
[image_bridge-4] [INFO] [1790929010.698453590] [rclcpp]: signal_handler(SIGINT/SIGTERM)
[bt_navigator-15] [INFO] [1790929010.699213016] [bt_navigator]: Deactivating
[planner_server-12] [INFO] [1790929010.700894931] [global_costmap.global_costmap]: Deactivating
[behavior_server-14] [INFO] [1790929010.699747974] [behavior_server]: Deactivating
[lifecycle_manager-20] [INFO] [1790929010.702074055] [lifecycle_manager_navigation]: [34m[1mTerminating bond timer...[0m[0m
[controller_server-10] [INFO] [1790929010.702378956] [local_costmap.local_costmap]: Deactivating
[route_server-13] [INFO] [1790929010.703083932] [route_server]: Deactivating
[route_server-13] [INFO] [1790929010.705864569] [route_server]: Destroying bond (route_server) to lifecycle manager.
[smoother_server-11] [INFO] [1790929010.704286036] [smoother_server]: Deactivating
[collision_monitor-18] [INFO] [1790929010.706290246] [collision_monitor]: Deactivating
[bt_navigator-15] [INFO] [1790929010.706574134] [bt_navigator]: Destroying bond (bt_navigator) to lifecycle manager.
[smoother_server-11] [INFO] [1790929010.707995462] [smoother_server]: Destroying bond (smoother_server) to lifecycle manager.
[velocity_smoother-17] [INFO] [1790929010.707971664] [velocity_smoother]: Deactivating
[velocity_smoother-17] [INFO] [1790929010.708952224] [velocity_smoother]: Destroying bond (velocity_smoother) to lifecycle manager.
[collision_monitor-18] [INFO] [1790929010.708658139] [collision_monitor]: Destroying bond (collision_monitor) to lifecycle manager.
[opennav_docking-19] [INFO] [1790929010.711134161] [docking_server]: Deactivating docking_server
[behavior_server-14] [INFO] [1790929010.711943098] [behavior_server]: Destroying bond (behavior_server) to lifecycle manager.
[waypoint_follower-16] [INFO] [1790929010.714694031] [waypoint_follower]: Deactivating
[waypoint_follower-16] [INFO] [1790929010.715725909] [waypoint_follower]: Destroying bond (waypoint_follower) to lifecycle manager.
[bt_navigator-15] [INFO] [1790929010.717843785] [bt_navigator]: Cleaning up
[route_server-13] [INFO] [1790929010.718592567] [route_server]: Cleaning up
[smoother_server-11] [INFO] [1790929010.718798960] [smoother_server]: Cleaning up
[behavior_server-14] [INFO] [1790929010.722284129] [behavior_server]: Cleaning up
[velocity_smoother-17] [INFO] [1790929010.725874883] [velocity_smoother]: Cleaning up
[velocity_smoother-17] [INFO] [1790929010.725906648] [velocity_smoother]: Destroying bond (velocity_smoother) to lifecycle manager.
[collision_monitor-18] [INFO] [1790929010.727656060] [collision_monitor]: Cleaning up
[collision_monitor-18] [INFO] [1790929010.728389436] [collision_monitor]: [FootprintApproach]: Destroying Polygon
[collision_monitor-18] [INFO] [1790929010.729632738] [collision_monitor]: [scan]: Destroying Scan
[waypoint_follower-16] [INFO] [1790929010.731727891] [waypoint_follower]: Cleaning up
[collision_monitor-18] [INFO] [1790929010.771703641] [collision_monitor]: Destroying bond (collision_monitor) to lifecycle manager.
[velocity_smoother-17] [INFO] [1790929010.773050273] [velocity_smoother]: Destroying
[smoother_server-11] [INFO] [1790929010.807904811] [smoother_server]: Destroying bond (smoother_server) to lifecycle manager.
[controller_server-10] [INFO] [1790929010.810810808] [controller_server]: Destroying bond (controller_server) to lifecycle manager.
[opennav_docking-19] [INFO] [1790929010.811708668] [docking_server]: Destroying bond (docking_server) to lifecycle manager.
[collision_monitor-18] [INFO] [1790929010.821835282] [collision_monitor]: Destroying
[opennav_docking-19] [INFO] [1790929010.822239201] [docking_server]: Cleaning up docking_server
[controller_server-10] [INFO] [1790929010.822352054] [controller_server]: Cleaning up
[smoother_server-11] [INFO] [1790929010.824177354] [smoother_server]: Destroying
[controller_server-10] [INFO] [1790929010.825582273] [MPPIController]: Cleaned up MPPI Controller: FollowPath
[controller_server-10] [INFO] [1790929010.828375020] [local_costmap.local_costmap]: Cleaning up
[route_server-13] [INFO] [1790929010.837535837] [route_server]: Destroying bond (route_server) to lifecycle manager.
[behavior_server-14] [INFO] [1790929010.842303424] [behavior_server]: Destroying bond (behavior_server) to lifecycle manager.
[waypoint_follower-16] [INFO] [1790929010.844286904] [waypoint_follower]: Destroying bond (waypoint_follower) to lifecycle manager.
[waypoint_follower-16] [INFO] [1790929010.848880249] [waypoint_follower]: Destroying
[opennav_docking-19] [INFO] [1790929010.862995128] [docking_server]: Destroying bond (docking_server) to lifecycle manager.
[route_server-13] [INFO] [1790929010.865709480] [route_server]: Destroying
[behavior_server-14] [INFO] [1790929010.887951551] [behavior_server]: Destroying
[opennav_docking-19] [INFO] [1790929010.891897355] [docking_server]: Destroying
[controller_server-10] [INFO] [1790929010.925945774] [controller_server]: Destroying bond (controller_server) to lifecycle manager.
[controller_server-10] [INFO] [1790929010.935728767] [local_costmap.local_costmap]: Destroying
[controller_server-10] [INFO] [1790929010.962458691] [controller_server]: Destroying
[lifecycle_manager-20] [INFO] [1790929010.974735858] [lifecycle_manager_navigation]: Destroying lifecycle_manager_navigation
[bt_navigator-15] [INFO] [1790929010.986332514] [bt_navigator]: Completed Cleaning up
[bt_navigator-15] [INFO] [1790929010.986372461] [bt_navigator]: Destroying bond (bt_navigator) to lifecycle manager.
[bt_navigator-15] [INFO] [1790929011.006498131] [bt_navigator]: Destroying
[async_slam_toolbox_node-9] terminate called after throwing an instance of 'std::runtime_error'
[async_slam_toolbox_node-9]   what():  context cannot be slept with because it's invalid
[INFO] [robot_state_publisher-6]: process has finished cleanly [pid 4270]
[INFO] [velocity_smoother-17]: process has finished cleanly [pid 4737]
[INFO] [image_bridge-3]: process has finished cleanly [pid 4267]
[INFO] [image_bridge-4]: process has finished cleanly [pid 4268]
[INFO] [parameter_bridge-2]: process has finished cleanly [pid 4266]
[INFO] [waypoint_follower-16]: process has finished cleanly [pid 4736]
[INFO] [smoother_server-11]: process has finished cleanly [pid 4731]
[INFO] [collision_monitor-18]: process has finished cleanly [pid 4738]
[INFO] [behavior_server-14]: process has finished cleanly [pid 4734]
[INFO] [route_server-13]: process has finished cleanly [pid 4733]
[INFO] [opennav_docking-19]: process has finished cleanly [pid 4739]
[INFO] [lifecycle_manager-20]: process has finished cleanly [pid 4740]
[INFO] [controller_server-10]: process has finished cleanly [pid 4730]
[INFO] [bt_navigator-15]: process has finished cleanly [pid 4735]
[INFO] [rviz2-7]: process has finished cleanly [pid 4271]
[planner_server-12] [INFO] [1790929011.675829595] [planner_server]: Deactivating plugin GridBased of type NavfnPlanner
[planner_server-12] [INFO] [1790929011.676118158] [planner_server]: Destroying bond (planner_server) to lifecycle manager.
[planner_server-12] [INFO] [1790929011.686717265] [planner_server]: Cleaning up
[planner_server-12] [INFO] [1790929011.712124175] [global_costmap.global_costmap]: Cleaning up
[planner_server-12] [INFO] [1790929011.723724764] [planner_server]: Cleaning up plugin GridBased of type NavfnPlanner
[planner_server-12] [INFO] [1790929011.724107212] [planner_server]: Destroying plugin GridBased of type NavfnPlanner
[planner_server-12] [INFO] [1790929011.745079946] [planner_server]: Destroying bond (planner_server) to lifecycle manager.
[planner_server-12] [INFO] [1790929011.753091170] [global_costmap.global_costmap]: Destroying
[planner_server-12] [INFO] [1790929011.778324175] [planner_server]: Destroying
[INFO] [planner_server-12]: process has finished cleanly [pid 4732]
[gz-8] [1;36m[Dbg] [SimulationRunner.cc:578] [Dbg] [SimulationRunner.cc:578] [0m[1;36mExiting postupdate worker thread ([0m[1;36m1[0m[1;36m[Dbg] [SimulationRunner.cc:578] [0m[1;36mExiting postupdate worker thread ([Dbg] [SimulationRunner.cc:578] [0m[1;36mExiting postupdate worker thread ([0m[1;36m2[0m[1;36m)[0m[1;36mExiting postupdate worker thread ([0m[1;36m)[0m[1;36m[0m
[gz-8] [1;36m0[0m[1;36m)[0m[1;36m[0m
[gz-8] [1;36m[0m
[gz-8] [1;36m[Dbg] [SimulationRunner.cc:551] [0m[1;36mCreating PostUpdate worker threads: [0m[1;36m6[0m[1;36m[0m
[gz-8] [1;36m[Dbg] [SimulationRunner.cc:562] [0m[1;36mCreating postupdate worker thread ([0m[1;36m0[0m[1;36m)[0m[1;36m[0m
[gz-8] [1;36m[Dbg] [SimulationRunner.cc:562] [0m[1;36mCreating postupdate worker thread ([0m[1;36m1[0m[1;36m)[0m[1;36m[0m
[gz-8] [1;36m[Dbg] [SimulationRunner.cc:562] [0m[1;36mCreating postupdate worker thread ([0m[1;36m2[0m[1;36m)[0m[1;36m[0m
[gz-8] [1;36m[Dbg] [SimulationRunner.cc:562] [0m[1;36mCreating postupdate worker thread ([0m[1;36m3[0m[1;36m)[0m[1;36m[0m
[gz-8] [1;36m[Dbg] [SimulationRunner.cc:562] [0m[1;36mCreating postupdate worker thread ([0m[1;36m4[0m[1;36m)[0m[1;36m[0m
[gz-8] [1;36m[Dbg] [RenderUtil.cc:2646] [0m[1;36mCreate scene [[0m[1;36mscene[0m[1;36m][0m[1;36m[0m
[gz-8] [1;36m[Dbg] [Sensors.cc:391] [0m[1;36mRendering Thread initialized[0m[1;36m[0m
[gz-8] [1;36m[Dbg] [Sensors.cc:953] [0m[1;36mInitialization needed[0m[1;36m[0m
[gz-8] [1;36m[Dbg] [RgbdCameraSensor.cc:210] [0m[1;36mRGB images for [[0m[1;36mturtlebot4::oakd_rgb_camera_frame::rgbd_camera[0m[1;36m] advertised on [[0m[1;36mrgbd_camera[0m[1;36m/image][0m[1;36m[0m
[gz-8] [1;36m[Dbg] [RgbdCameraSensor.cc:224] [0m[1;36mDepth images for [[0m[1;36mturtlebot4::oakd_rgb_camera_frame::rgbd_camera[0m[1;36m] advertised on [[0m[1;36mrgbd_camera[0m[1;36m/depth_image][0m[1;36m[0m
[gz-8] [1;36m[Dbg] [RgbdCameraSensor.cc:238] [0m[1;36mPoints for [[0m[1;36mturtlebot4::oakd_rgb_camera_frame::rgbd_camera[0m[1;36m] advertised on [[0m[1;36mrgbd_camera[0m[1;36m/points][0m[1;36m[0m
[gz-8] [1;36m[Dbg] [CameraSensor.cc:695] [0m[1;36mCamera info for [[0m[1;36mturtlebot4::oakd_rgb_camera_frame::rgbd_camera[0m[1;36m] advertised on [[0m[1;36mrgbd_camera/camera_info[0m[1;36m][0m[1;36m[0m
[gz-8] [1;36m[Dbg] [Lidar.cc:139] [0m[1;36mLaser scans for [[0m[1;36mturtlebot4::rplidar_link::rplidar[0m[1;36m] advertised on [[0m[1;36mscan[0m[1;36m][0m[1;36m[0m
[gz-8] [1;36m[Dbg] [GpuLidarSensor.cc:164] [0m[1;36mLidar points for [[0m[1;36mturtlebot4::rplidar_link::rplidar[0m[1;36m] advertised on [[0m[1;36mscan/points[0m[1;36m][0m[1;36m[0m
[gz-8] [1;36m[Dbg] [SignalHandler.cc:142] [0m[1;36mReceived signal[[0m[1;36m2[0m[1;36m].[0m
[gz-8] [1;36m[Dbg] [ServerPrivate.cc:122] [0m[1;36mServer received signal[[0m[1;36m2[0m[1;36m][0m
[gz-8] [1;36m[Dbg] [Sensors.cc:565] [0m[1;36mSensorsPrivate::Stop[0m[1;36m[0m
[gz-8] [1;36m[Dbg] [Sensors.cc:551] [0m[1;36mSensorsPrivate::RenderThread stopped[0m[1;36m[0m
[gz-8] [1;36m[Dbg] [gz.cc:434] [0m[1;36mShutting down gz-sim-server[0m[1;36m[0m
[gz-8] [1;36m[Dbg] [SimulationRunner.cc:578] [0m[1;36mExiting postupdate worker thread ([0m[1;36mExiting postupdate worker thread ([Dbg] [SimulationRunner.cc:578] [0m[1;36mExiting postupdate worker thread ([0m[1;36m1[0m[1;36m[Dbg] [SimulationRunner.cc:578] [0m[1;36mExiting postupdate worker thread ([0m[1;36m0[0m[1;36m)[0m[1;36m1[Dbg] [SimulationRunner.cc:578] [0m[1;36mExiting postupdate worker thread ([0m[1;36m[Dbg] [SimulationRunner.cc:578] [Dbg] [SimulationRunner.cc:578] [0m[1;36mExiting postupdate worker thread ([0m[1;36m3[0m[1;36m[0m
[gz-8] [1;36m[0m
[gz-8] [1;36m)[0m[1;36m)[0m[1;36m[0m
[gz-8] [1;36m4[0m[1;36m[0m
[gz-8] [1;36m[0m
[gz-8] [1;36m[Dbg] [Sensors.cc:565] [0m[1;36mSensorsPrivate::Stop[0m[1;36m[0m
[ERROR] [async_slam_toolbox_node-9]: process has died [pid 4595, exit code -6, cmd '/work/com1/turtlebot4_project_mx029/ros2_ws/install/slam_toolbox/lib/slam_toolbox/async_slam_toolbox_node --ros-args -r __node:=slam_toolbox -r __ns:=/ --params-file /tmp/launch_params_jtave1j3 --params-file /tmp/launch_params_hxqgkr80'].
[INFO] [gz-8]: process has finished cleanly [pid 4374]
Experiment stopped.
