ROS isolation: domain=42, localhost_only=1


==============================
Method : MapEx
Map    : Hospital
Record : yes
Run ID : hpx_004
Python : /usr/bin/python3
MapEx  : /home/com1/MapEx
LaMa   : /work/conda-envs/lama/bin/python
Weights: /work/com1/mapex_weights/weights/lama_ensemble
Device : cpu
Launch : mapex_lab/launch/slam.launch.py
Headless: True
RViz    : True
==============================


Dang cho /map, Nav2 lifecycle active va /clock on dinh...
[INFO] [launch]: All log files can be found below /home/com1/.ros/log/2026-10-02-13-47-31-026178-com1-26631
[INFO] [launch]: Default logging verbosity is set to INFO
[INFO] [launch.user]: Simulation world: hospital; path=/work/com1/turtlebot4_project_mx029/mapex_lab/map/hospital_aws_flat.sdf; spawn=(0.0, 12.0, -1.57)
[INFO] [xacro-1]: process started with pid [26651]
[INFO] [parameter_bridge-2]: process started with pid [26652]
[INFO] [image_bridge-3]: process started with pid [26653]
[INFO] [image_bridge-4]: process started with pid [26654]
[INFO] [create-5]: process started with pid [26655]
[INFO] [robot_state_publisher-6]: process started with pid [26656]
[INFO] [rviz2-7]: process started with pid [26657]
[robot_state_publisher-6] [WARN] [1790923651.298760870] [rcl]: ROS_LOCALHOST_ONLY is deprecated but still honored if it is enabled. Use ROS_AUTOMATIC_DISCOVERY_RANGE and ROS_STATIC_PEERS instead.
[robot_state_publisher-6] [WARN] [1790923651.298773804] [rcl]: 'localhost_only' is enabled, 'automatic_discovery_range' and 'static_peers' will be ignored.
[create-5] [WARN] [1790923651.299756674] [rcl]: ROS_LOCALHOST_ONLY is deprecated but still honored if it is enabled. Use ROS_AUTOMATIC_DISCOVERY_RANGE and ROS_STATIC_PEERS instead.
[create-5] [WARN] [1790923651.299765153] [rcl]: 'localhost_only' is enabled, 'automatic_discovery_range' and 'static_peers' will be ignored.
[image_bridge-3] [WARN] [1790923651.321941263] [rcl]: ROS_LOCALHOST_ONLY is deprecated but still honored if it is enabled. Use ROS_AUTOMATIC_DISCOVERY_RANGE and ROS_STATIC_PEERS instead.
[image_bridge-3] [WARN] [1790923651.321952959] [rcl]: 'localhost_only' is enabled, 'automatic_discovery_range' and 'static_peers' will be ignored.
[parameter_bridge-2] [WARN] [1790923651.323079358] [rcl]: ROS_LOCALHOST_ONLY is deprecated but still honored if it is enabled. Use ROS_AUTOMATIC_DISCOVERY_RANGE and ROS_STATIC_PEERS instead.
[parameter_bridge-2] [WARN] [1790923651.323088806] [rcl]: 'localhost_only' is enabled, 'automatic_discovery_range' and 'static_peers' will be ignored.
[image_bridge-4] [WARN] [1790923651.323606247] [rcl]: ROS_LOCALHOST_ONLY is deprecated but still honored if it is enabled. Use ROS_AUTOMATIC_DISCOVERY_RANGE and ROS_STATIC_PEERS instead.
[image_bridge-4] [WARN] [1790923651.323614620] [rcl]: 'localhost_only' is enabled, 'automatic_discovery_range' and 'static_peers' will be ignored.
[create-5] [INFO] [1790923651.323926593] [ros_gz_sim]: Requesting list of world names.
[robot_state_publisher-6] [WARN] [1790923651.336059939] [kdl_parser]: The root link base_link has an inertia specified in the URDF, but KDL does not support a root link with an inertia.  As a workaround, you can add an extra dummy link to your URDF.
[robot_state_publisher-6] [INFO] [1790923651.336211371] [robot_state_publisher]: Robot initialized
[INFO] [xacro-1]: process has finished cleanly [pid 26651]
[INFO] [gz-8]: process started with pid [26760]
[rviz2-7] [WARN] [1790923651.407718234] [rcl]: ROS_LOCALHOST_ONLY is deprecated but still honored if it is enabled. Use ROS_AUTOMATIC_DISCOVERY_RANGE and ROS_STATIC_PEERS instead.
[rviz2-7] [WARN] [1790923651.407730868] [rcl]: 'localhost_only' is enabled, 'automatic_discovery_range' and 'static_peers' will be ignored.
[rviz2-7] [INFO] [1790923651.565958088] [rviz2]: Stereo is NOT SUPPORTED
[rviz2-7] [INFO] [1790923651.566047699] [rviz2]: OpenGl version: 4.6 (GLSL 4.6)
[rviz2-7] [INFO] [1790923651.582382817] [rviz2]: Stereo is NOT SUPPORTED
[rviz2-7] [INFO] [1790923651.656621895] [rviz2]: Subscribing to: /frontier/frontier_points
[rviz2-7] 
[rviz2-7] [INFO] [1790923651.656978310] [rviz2]: Subscribing to: /map_cloud
[rviz2-7] 
[rviz2-7] [INFO] [1790923651.657281383] [rviz2]: Subscribing to: /map_cloud
[rviz2-7] 
[rviz2-7] [INFO] [1790923651.657550779] [rviz2]: Subscribing to: /map_cloud
[rviz2-7] 
[rviz2-7] [INFO] [1790923651.667992308] [rviz2]: Subscribing to: /frontier/frontier_points
[rviz2-7] 
[rviz2-7] [INFO] [1790923651.668238901] [rviz2]: Subscribing to: /map_cloud
[rviz2-7] 
[gz-8] [1;32m[Msg] [0m[1;32mGazebo Sim Server v[0m[1;32m8.11.0[0m[1;32m[0m
[gz-8] [1;32m[Msg] [0m[1;32mLoading SDF world file[[0m[1;32m/tmp/nav2_ux7iw4d2.sdf[0m[1;32m].[0m
[gz-8] [1;32m[Msg] [0m[1;32mServing entity system service on [[0m[1;32m/[0m[1;32mentity/system/add[0m[1;32m][0m[1;32m[0m
[gz-8] [1;36m[Dbg] [Physics.cc:906] [0m[1;36mLoaded [[0m[1;36mgz::physics::dartsim::Plugin[0m[1;36m] from library [[0m[1;36m/opt/ros/jazzy/opt/gz_physics_vendor/lib/gz-physics-7/engine-plugins/libgz-physics-dartsim-plugin.so[0m[1;36m][0m[1;36m[0m
[gz-8] [1;36m[Dbg] [SystemManager.cc:80] [0m[1;36mLoaded system [[0m[1;36mgz::sim::systems::Physics[0m[1;36m] for entity [[0m[1;36m1[0m[1;36m][0m[1;36m[0m
[gz-8] [1;32m[Msg] [0m[1;32mCreate[0m[1;32m service on [[0m[1;32m/world/hospital_flat_world/create_multiple[0m[1;32m] (async)[0m[1;32m[0m
[gz-8] [1;32m[Msg] [0m[1;32mCreate[0m[1;32m service on [[0m[1;32m/world/hospital_flat_world/create_multiple/blocking[0m[1;32m] (blocking)[0m[1;32m[0m
[gz-8] [1;32m[Msg] [0m[1;32mRemove[0m[1;32m service on [[0m[1;32m/world/hospital_flat_world/remove[0m[1;32m] (async)[0m[1;32m[0m
[gz-8] [1;32m[Msg] [0m[1;32mRemove[0m[1;32m service on [[0m[1;32m/world/hospital_flat_world/remove/blocking[0m[1;32m] (blocking)[0m[1;32m[0m
[gz-8] [1;32m[Msg] [0m[1;32mPose[0m[1;32m service on [[0m[1;32m/world/hospital_flat_world/set_pose[0m[1;32m] (async)[0m[1;32m[0m
[gz-8] [1;32m[Msg] [0m[1;32mPose[0m[1;32m service on [[0m[1;32m/world/hospital_flat_world/set_pose/blocking[0m[1;32m] (blocking)[0m[1;32m[0m
[gz-8] [1;32m[Msg] [0m[1;32mPose[0m[1;32m service on [[0m[1;32m/world/hospital_flat_world/set_pose_vector[0m[1;32m] (async)[0m[1;32m[0m
[gz-8] [1;32m[Msg] [0m[1;32mPose[0m[1;32m service on [[0m[1;32m/world/hospital_flat_world/set_pose_vector/blocking[0m[1;32m] (blocking)[0m[1;32m[0m
[gz-8] [1;32m[Msg] [0m[1;32mLight configuration[0m[1;32m service on [[0m[1;32m/world/hospital_flat_world/light_config[0m[1;32m] (async)[0m[1;32m[0m
[gz-8] [1;32m[Msg] [0m[1;32mLight configuration[0m[1;32m service on [[0m[1;32m/world/hospital_flat_world/light_config/blocking[0m[1;32m] (blocking)[0m[1;32m[0m
[gz-8] [1;32m[Msg] [0m[1;32mPhysics[0m[1;32m service on [[0m[1;32m/world/hospital_flat_world/set_physics[0m[1;32m] (async)[0m[1;32m[0m
[gz-8] [1;32m[Msg] [0m[1;32mPhysics[0m[1;32m service on [[0m[1;32m/world/hospital_flat_world/set_physics/blocking[0m[1;32m] (blocking)[0m[1;32m[0m
[gz-8] [1;32m[Msg] [0m[1;32mSphericalCoordinates[0m[1;32m service on [[0m[1;32m/world/hospital_flat_world/set_spherical_coordinates[0m[1;32m] (async)[0m[1;32m[0m
[gz-8] [1;32m[Msg] [0m[1;32mSphericalCoordinates[0m[1;32m service on [[0m[1;32m/world/hospital_flat_world/set_spherical_coordinates/blocking[0m[1;32m] (blocking)[0m[1;32m[0m
[gz-8] [1;32m[Msg] [0m[1;32mEnable collision[0m[1;32m service on [[0m[1;32m/world/hospital_flat_world/enable_collision[0m[1;32m] (async)[0m[1;32m[0m
[gz-8] [1;32m[Msg] [0m[1;32mEnable collision[0m[1;32m service on [[0m[1;32m/world/hospital_flat_world/enable_collision/blocking[0m[1;32m] (blocking)[0m[1;32m[0m
[gz-8] [1;32m[Msg] [0m[1;32mDisable collision[0m[1;32m service on [[0m[1;32m/world/hospital_flat_world/disable_collision[0m[1;32m] (async)[0m[1;32m[0m
[gz-8] [1;32m[Msg] [0m[1;32mDisable collision[0m[1;32m service on [[0m[1;32m/world/hospital_flat_world/disable_collision/blocking[0m[1;32m] (blocking)[0m[1;32m[0m
[gz-8] [1;32m[Msg] [0m[1;32mMaterial[0m[1;32m service on [[0m[1;32m/world/hospital_flat_world/visual_config[0m[1;32m] (async)[0m[1;32m[0m
[gz-8] [1;32m[Msg] [0m[1;32mMaterial[0m[1;32m service on [[0m[1;32m/world/hospital_flat_world/visual_config/blocking[0m[1;32m] (blocking)[0m[1;32m[0m
[gz-8] [1;32m[Msg] [0m[1;32mMaterial[0m[1;32m service on [[0m[1;32m/world/hospital_flat_world/wheel_slip[0m[1;32m] (async)[0m[1;32m[0m
[gz-8] [1;32m[Msg] [0m[1;32mMaterial[0m[1;32m service on [[0m[1;32m/world/hospital_flat_world/wheel_slip/blocking[0m[1;32m] (blocking)[0m[1;32m[0m
[create-5] [INFO] [1790923651.960975754] [ros_gz_sim]: Waiting messages on topic [robot_description].
[create-5] [INFO] [1790923651.973648083] [ros_gz_sim]: Entity creation successful.
[INFO] [create-5]: process has finished cleanly [pid 26655]
[parameter_bridge-2] [INFO] [1790923652.336807755] [bridge_ros_gz]: Creating GZ->ROS Bridge: [/clock (gz.msgs.Clock) -> clock (rosgraph_msgs/msg/Clock)] (Lazy 0)
[parameter_bridge-2] [INFO] [1790923652.338812333] [bridge_ros_gz]: Creating GZ->ROS Bridge: [joint_states (gz.msgs.Model) -> joint_states (sensor_msgs/msg/JointState)] (Lazy 0)
[parameter_bridge-2] [INFO] [1790923652.340959538] [bridge_ros_gz]: Creating GZ->ROS Bridge: [/odom (gz.msgs.Odometry) -> odom (nav_msgs/msg/Odometry)] (Lazy 0)
[parameter_bridge-2] [INFO] [1790923652.342088158] [bridge_ros_gz]: Creating GZ->ROS Bridge: [/tf (gz.msgs.Pose_V) -> tf (tf2_msgs/msg/TFMessage)] (Lazy 0)
[parameter_bridge-2] [INFO] [1790923652.343696541] [bridge_ros_gz]: Creating GZ->ROS Bridge: [/imu (gz.msgs.IMU) -> imu (sensor_msgs/msg/Imu)] (Lazy 0)
[parameter_bridge-2] [INFO] [1790923652.344124420] [bridge_ros_gz]: Creating GZ->ROS Bridge: [/scan (gz.msgs.LaserScan) -> scan (sensor_msgs/msg/LaserScan)] (Lazy 0)
[parameter_bridge-2] [INFO] [1790923652.344493312] [bridge_ros_gz]: Creating ROS->GZ Bridge: [cmd_vel (geometry_msgs/msg/Twist) -> /cmd_vel (gz.msgs.Twist)] (Lazy 0)
[parameter_bridge-2] [INFO] [1790923652.345560070] [bridge_ros_gz]: Creating GZ->ROS Bridge: [/rgbd_camera/camera_info (gz.msgs.CameraInfo) -> /rgbd_camera/camera_info (sensor_msgs/msg/CameraInfo)] (Lazy 0)
[gz-8] [1;36m[Dbg] [SystemManager.cc:80] [0m[1;36mLoaded system [[0m[1;36mgz::sim::systems::UserCommands[0m[1;36m] for entity [[0m[1;36m1[0m[1;36m][0m[1;36m[0m
[gz-8] [1;36m[Dbg] [SystemManager.cc:80] [0m[1;36mLoaded system [[0m[1;36mgz::sim::systems::SceneBroadcaster[0m[1;36m] for entity [[0m[1;36m1[0m[1;36m][0m[1;36m[0m
[gz-8] [1;36m[Dbg] [Sensors.cc:697] [0m[1;36mConfiguring Sensors system[0m[1;36m[0m
[gz-8] [1;36m[Dbg] [Sensors.cc:557] [0m[1;36mSensorsPrivate::Run[0m[1;36m[0m
[gz-8] [1;36m[Dbg] [SystemManager.cc:80] [0m[1;36mLoaded system [[0m[1;36mgz::sim::systems::Sensors[0m[1;36m] for entity [[0m[1;36m1[0m[1;36m][0m[1;36m[0m
[gz-8] [1;36m[Dbg] [Sensors.cc:532] [0m[1;36mSensorsPrivate::RenderThread started[0m[1;36m[0m
[gz-8] [1;36m[Dbg] [Sensors.cc:337] [0m[1;36mWaiting for init[0m[1;36m[0m
[gz-8] [1;36m[Dbg] [SystemManager.cc:80] [0m[1;36mLoaded system [[0m[1;36mgz::sim::systems::Imu[0m[1;36m] for entity [[0m[1;36m1[0m[1;36m][0m[1;36m[0m
[gz-8] [1;32m[Msg] [0m[1;32mLoaded level [[0m[1;32mdefault[0m[1;32m][0m[1;32m[0m
[gz-8] [1;32m[Msg] [0m[1;32mServing world controls on [[0m[1;32m/world/hospital_flat_world[0m[1;32m/control], [[0m[1;32m/world/hospital_flat_world[0m[1;32m/control/state] and [[0m[1;32m/world/hospital_flat_world[0m[1;32m/playback/control][0m[1;32m[0m
[gz-8] [1;32m[Msg] [0m[1;32mServing GUI information on [[0m[1;32m/world/hospital_flat_world[0m[1;32m/[0m[1;32mgui/info[0m[1;32m][0m[1;32m[0m
[gz-8] [1;32m[Msg] [0m[1;32mWorld [[0m[1;32mhospital_flat_world[0m[1;32m] initialized with [[0m[1;32mhospital_realtime[0m[1;32m] physics profile.[0m[1;32m[0m
[gz-8] [1;32m[Msg] [0m[1;32mServing world SDF generation service on [[0m[1;32m/world/hospital_flat_world[0m[1;32m/[0m[1;32mgenerate_world_sdf[0m[1;32m][0m[1;32m[0m
[gz-8] [1;32m[Msg] [0m[1;32mServing world names on [[0m[1;32m/gazebo/worlds[0m[1;32m][0m[1;32m[0m
[gz-8] [1;32m[Msg] [0m[1;32mResource path add service on [[0m[1;32m/gazebo/resource_paths/add[0m[1;32m].[0m[1;32m[0m
[gz-8] [1;32m[Msg] [0m[1;32mResource path get service on [[0m[1;32m/gazebo/resource_paths/get[0m[1;32m].[0m[1;32m[0m
[gz-8] [1;32m[Msg] [0m[1;32mResource path resolve service on [[0m[1;32m/gazebo/resource_paths/resolve[0m[1;32m].[0m[1;32m[0m
[gz-8] [1;32m[Msg] [0m[1;32mResource paths published on [[0m[1;32m/gazebo/resource_paths[0m[1;32m].[0m[1;32m[0m
[gz-8] [1;32m[Msg] [0m[1;32mServer control service on [[0m[1;32m/server_control[0m[1;32m].[0m[1;32m[0m
[gz-8] [1;32m[Msg] [0m[1;32mFound no publishers on /stats, adding root stats topic[0m[1;32m[0m
[gz-8] [1;32m[Msg] [0m[1;32mFound no publishers on /clock, adding root clock topic[0m[1;32m[0m
[gz-8] [1;36m[Dbg] [SimulationRunner.cc:551] [0m[1;36mCreating PostUpdate worker threads: [0m[1;36m4[0m[1;36m[0m
[gz-8] [1;36m[Dbg] [SimulationRunner.cc:562] [0m[1;36mCreating postupdate worker thread ([0m[1;36m0[0m[1;36m)[0m[1;36m[0m
[gz-8] [1;36m[Dbg] [SimulationRunner.cc:562] [0m[1;36mCreating postupdate worker thread ([0m[1;36m1[0m[1;36m)[0m[1;36m[0m
[gz-8] [1;36m[Dbg] [SimulationRunner.cc:562] [0m[1;36mCreating postupdate worker thread ([0m[1;36m2[0m[1;36m)[0m[1;36m[0m
[gz-8] [1;33mWarning [Utils.cc:132][0m [/sdf/model[@name="turtlebot4"]/link[@name="rplidar_link"]/sensor[@name="rplidar"]/gz_frame_id:<urdf-string>:L0]: XML Element[gz_frame_id], child of element[sensor], not defined in SDF. Copying[gz_frame_id] as children of [sensor].
[gz-8] [1;33m[Wrn] [SdfEntityCreator.cc:933] [0m[1;33mGazebo does not support Ogre material scripts. See [0m[1;33mhttps://gazebosim.org/api/sim/8/migrationsdf.html#:~:text=Materials [0m[1;33mfor details.[0m[1;33m[0m
[gz-8] [1;33m[Wrn] [SdfEntityCreator.cc:949] [0m[1;33mUsing an internal gazebo.material to parse [0m[1;33mGazebo/DarkGrey[0m[1;33m[0m
[gz-8] [1;33m[Wrn] [SdfEntityCreator.cc:933] [0m[1;33mGazebo does not support Ogre material scripts. See [0m[1;33mhttps://gazebosim.org/api/sim/8/migrationsdf.html#:~:text=Materials [0m[1;33mfor details.[0m[1;33m[0m
[gz-8] [1;33m[Wrn] [SdfEntityCreator.cc:949] [0m[1;33mUsing an internal gazebo.material to parse [0m[1;33mGazebo/DarkGrey[0m[1;33m[0m
[gz-8] [1;33m[Wrn] [SdfEntityCreator.cc:933] [0m[1;33mGazebo does not support Ogre material scripts. See [0m[1;33mhttps://gazebosim.org/api/sim/8/migrationsdf.html#:~:text=Materials [0m[1;33mfor details.[0m[1;33m[0m
[gz-8] [1;33m[Wrn] [SdfEntityCreator.cc:949] [0m[1;33mUsing an internal gazebo.material to parse [0m[1;33mGazebo/DarkGrey[0m[1;33m[0m
[gz-8] [1;33m[Wrn] [ColladaLoader.cc:1993] [0m[1;33mUnable to add material[[0m[1;33m][0m
[gz-8] [1;33m[Wrn] [ColladaLoader.cc:1993] [0m[1;33mUnable to add material[[0m[1;33m][0m
[gz-8] [1;33m[Wrn] [ColladaLoader.cc:1993] [0m[1;33mUnable to add material[[0m[1;33m][0m
[gz-8] [1;33m[Wrn] [ColladaLoader.cc:1993] [0m[1;33mUnable to add material[[0m[1;33m][0m
[gz-8] [1;33m[Wrn] [ColladaLoader.cc:1993] [0m[1;33mUnable to add material[[0m[1;33m][0m
[gz-8] [1;33m[Wrn] [ColladaLoader.cc:1993] [0m[1;33mUnable to add material[[0m[1;33m][0m
[gz-8] [1;33m[Wrn] [ColladaLoader.cc:1993] [0m[1;33mUnable to add material[[0m[1;33m][0m
[gz-8] [1;32m[Msg] [0m[1;32mDiffDrive subscribing to twist messages on [[0m[1;32m/cmd_vel[0m[1;32m][0m[1;32m[0m
[gz-8] [1;36m[Dbg] [SystemManager.cc:80] [0m[1;36mLoaded system [[0m[1;36mgz::sim::systems::DiffDrive[0m[1;36m] for entity [[0m[1;36m26[0m[1;36m][0m[1;36m[0m
[gz-8] [1;36m[Dbg] [SystemManager.cc:80] [0m[1;36mLoaded system [[0m[1;36mgz::sim::systems::JointStatePublisher[0m[1;36m] for entity [[0m[1;36m26[0m[1;36m][0m[1;36m[0m
[gz-8] [1;36m[Dbg] [UserCommands.cc:1094] [0m[1;36mCreated entity [[0m[1;36m26[0m[1;36m] named [[0m[1;36mturtlebot4[0m[1;36m][0m[1;36m[0m
[gz-8] [1;36m[Dbg] [SDFFeatures.cc:332] [0m[1;36mMesh construction from an SDF has not been implemented yet for [0m[1;36mdartsim. Use AttachMeshShapeFeature to use mesh shapes.[0m
[gz-8] [1;36m[Dbg] [SDFFeatures.cc:864] [0m[1;36mThe geometry element of collision [[0m[1;36mcollision[0m[1;36m] [0m[1;36mcouldn't be created[0m
[gz-8] [1;36m[Dbg] [SDFFeatures.cc:332] [0m[1;36mMesh construction from an SDF has not been implemented yet for [0m[1;36mdartsim. Use AttachMeshShapeFeature to use mesh shapes.[0m
[gz-8] [1;36m[Dbg] [SDFFeatures.cc:864] [0m[1;36mThe geometry element of collision [[0m[1;36mcollision[0m[1;36m] [0m[1;36mcouldn't be created[0m
[gz-8] [1;36m[Dbg] [SDFFeatures.cc:332] [0m[1;36mMesh construction from an SDF has not been implemented yet for [0m[1;36mdartsim. Use AttachMeshShapeFeature to use mesh shapes.[0m
[gz-8] [1;36m[Dbg] [SDFFeatures.cc:864] [0m[1;36mThe geometry element of collision [[0m[1;36mbase_link_fixed_joint_lump__bumper_collision_1[0m[1;36m] [0m[1;36mcouldn't be created[0m
[gz-8] [1;36m[Dbg] [SDFFeatures.cc:332] [0m[1;36mMesh construction from an SDF has not been implemented yet for [0m[1;36mdartsim. Use AttachMeshShapeFeature to use mesh shapes.[0m
[gz-8] [1;36m[Dbg] [SDFFeatures.cc:864] [0m[1;36mThe geometry element of collision [[0m[1;36mbase_link_fixed_joint_lump__shell_collision_collision_2[0m[1;36m] [0m[1;36mcouldn't be created[0m
[gz-8] [1;36m[Dbg] [Sensors.cc:953] [0m[1;36mInitialization needed[0m[1;36m[0m
[gz-8] [1;36m[Dbg] [Sensors.cc:349] [0m[1;36mInitializing render context[0m[1;36m[0m
[gz-8] [1;32m[Msg] [0m[1;32mLoading plugin [[0m[1;32mgz-rendering-ogre2[0m[1;32m][0m[1;32m[0m
[gz-8] [1;36m[Dbg] [ImuSensor.cc:150] [0m[1;36mIMU data for [[0m[1;36mturtlebot4::imu_link::imu[0m[1;36m] advertised on [[0m[1;36mimu[0m[1;36m][0m[1;36m[0m
[gz-8] [1;32m[Msg] [0m[1;32mServing scene information on [[0m[1;32m/world/hospital_flat_world[0m[1;32m/[0m[1;32mscene/info[0m[1;32m][0m[1;32m[0m
[gz-8] [1;32m[Msg] [0m[1;32mServing graph information on [[0m[1;32m/world/hospital_flat_world[0m[1;32m/[0m[1;32mscene/graph[0m[1;32m][0m[1;32m[0m
[gz-8] [1;32m[Msg] [0m[1;32mServing full state on [[0m[1;32m/world/hospital_flat_world[0m[1;32m/[0m[1;32mstate[0m[1;32m][0m[1;32m[0m
[gz-8] [1;32m[Msg] [0m[1;32mServing full state (async) on [[0m[1;32m/world/hospital_flat_world[0m[1;32m/[0m[1;32mstate_async[0m[1;32m][0m[1;32m[0m
[gz-8] [1;32m[Msg] [0m[1;32mPublishing scene information on [[0m[1;32m/world/hospital_flat_world/scene/info[0m[1;32m][0m[1;32m[0m
[gz-8] [1;32m[Msg] [0m[1;32mPublishing entity deletions on [[0m[1;32m/world/hospital_flat_world/scene/deletion[0m[1;32m][0m[1;32m[0m
[gz-8] [1;32m[Msg] [0m[1;32mPublishing state changes on [[0m[1;32m/world/hospital_flat_world/state[0m[1;32m][0m[1;32m[0m
[gz-8] [1;32m[Msg] [0m[1;32mPublishing pose messages on [[0m[1;32m/world/hospital_flat_world[0m[1;32m/[0m[1;32mpose/info[0m[1;32m][0m[1;32m[0m
[gz-8] [1;32m[Msg] [0m[1;32mPublishing dynamic pose messages on [[0m[1;32m/world/hospital_flat_world[0m[1;32m/[0m[1;32mdynamic_pose/info[0m[1;32m][0m[1;32m[0m
[gz-8] [1;36m[Dbg] [SimulationRunner.cc:578] [Dbg] [SimulationRunner.cc:578] [0m[1;36m[Dbg] [SimulationRunner.cc:578] [0m[1;36m[Dbg] [SimulationRunner.cc:578] [0m[1;36m0[0m[1;36mExiting postupdate worker thread ([0m[1;36m)[0m[1;36m2[0m[1;36m[0m
[gz-8] [1;36mExiting postupdate worker thread ([0m[1;36mExiting postupdate worker thread ([0m[1;36m[0m
[gz-8] [1;36m[0m
[WARN] [1790923661.314249567] [rcl]: ROS_LOCALHOST_ONLY is deprecated but still honored if it is enabled. Use ROS_AUTOMATIC_DISCOVERY_RANGE and ROS_STATIC_PEERS instead.
[WARN] [1790923661.314266295] [rcl]: 'localhost_only' is enabled, 'automatic_discovery_range' and 'static_peers' will be ignored.
[INFO] [async_slam_toolbox_node-9]: process started with pid [26986]
[async_slam_toolbox_node-9] [WARN] [1790923661.497173608] [rcl]: ROS_LOCALHOST_ONLY is deprecated but still honored if it is enabled. Use ROS_AUTOMATIC_DISCOVERY_RANGE and ROS_STATIC_PEERS instead.
[async_slam_toolbox_node-9] [WARN] [1790923661.497185351] [rcl]: 'localhost_only' is enabled, 'automatic_discovery_range' and 'static_peers' will be ignored.
[async_slam_toolbox_node-9] [INFO] [1790923661.511768989] [slam_toolbox]: Node using stack size 40000000
[async_slam_toolbox_node-9] [INFO] [1790923661.704423432] [slam_toolbox]: Configuring
[async_slam_toolbox_node-9] [INFO] [1790923661.705487327] [slam_toolbox]: Old-map sequential matcher: enabled=false, min_conf=0.25, decay=70.0, keep_first=true, keyframe_dist=1.00, history_radius=1.50, history_max=6
[async_slam_toolbox_node-9] [INFO] [1790923661.714424990] [slam_toolbox]: Using solver plugin solver_plugins::CeresSolver
[async_slam_toolbox_node-9] [INFO] [1790923661.714575654] [slam_toolbox]: CeresSolver adaptive anchor V1: enabled=true, weight=5.00->1.00, decay=70.0, local_gap<=5, loop_gap>=30, evidence=3, mahal_sq>=9.00, release=1.00->1.00
[async_slam_toolbox_node-9] [INFO] [1790923661.714718530] [slam_toolbox]: CeresSolver: Using SCHUR_JACOBI preconditioner.
[INFO] [launch.user]: [LifecycleLaunch] Slamtoolbox node is activating.
[async_slam_toolbox_node-9] [INFO] [1790923661.726668570] [slam_toolbox]: Activating
[async_slam_toolbox_node-9] [INFO] [1790923664.664182781] [slam_toolbox]: Message Filter dropping message: frame 'rplidar_link' at time 9.000 for reason 'discarding message because the queue is full'
[async_slam_toolbox_node-9] Registering sensor: [Custom Described Lidar]
[rviz2-7] [INFO] [1790923665.754792860] [rviz2]: Trying to create a map of size 193 x 180 using 1 swatches
[rviz2-7] [ERROR] [1790923665.787178727] [rviz2]: rviz/glsl120/indexed_8bit_image.vert
[rviz2-7] rviz/glsl120/indexed_8bit_image.frag
[rviz2-7]  GLSL link result : 
[rviz2-7] active samplers with a different type refer to the same texture image unit
[INFO] [controller_server-10]: process started with pid [27121]
[INFO] [smoother_server-11]: process started with pid [27122]
[INFO] [planner_server-12]: process started with pid [27123]
[INFO] [route_server-13]: process started with pid [27124]
[INFO] [behavior_server-14]: process started with pid [27125]
[INFO] [bt_navigator-15]: process started with pid [27126]
[INFO] [waypoint_follower-16]: process started with pid [27127]
[INFO] [velocity_smoother-17]: process started with pid [27128]
[INFO] [collision_monitor-18]: process started with pid [27129]
[INFO] [opennav_docking-19]: process started with pid [27130]
[INFO] [lifecycle_manager-20]: process started with pid [27131]
[velocity_smoother-17] [WARN] [1790923671.366579437] [rcl]: ROS_LOCALHOST_ONLY is deprecated but still honored if it is enabled. Use ROS_AUTOMATIC_DISCOVERY_RANGE and ROS_STATIC_PEERS instead.
[velocity_smoother-17] [WARN] [1790923671.366594027] [rcl]: 'localhost_only' is enabled, 'automatic_discovery_range' and 'static_peers' will be ignored.
[lifecycle_manager-20] [WARN] [1790923671.369474256] [rcl]: ROS_LOCALHOST_ONLY is deprecated but still honored if it is enabled. Use ROS_AUTOMATIC_DISCOVERY_RANGE and ROS_STATIC_PEERS instead.
[lifecycle_manager-20] [WARN] [1790923671.369488948] [rcl]: 'localhost_only' is enabled, 'automatic_discovery_range' and 'static_peers' will be ignored.
[waypoint_follower-16] [WARN] [1790923671.369910460] [rcl]: ROS_LOCALHOST_ONLY is deprecated but still honored if it is enabled. Use ROS_AUTOMATIC_DISCOVERY_RANGE and ROS_STATIC_PEERS instead.
[waypoint_follower-16] [WARN] [1790923671.369922219] [rcl]: 'localhost_only' is enabled, 'automatic_discovery_range' and 'static_peers' will be ignored.
[bt_navigator-15] [WARN] [1790923671.371899145] [rcl]: ROS_LOCALHOST_ONLY is deprecated but still honored if it is enabled. Use ROS_AUTOMATIC_DISCOVERY_RANGE and ROS_STATIC_PEERS instead.
[bt_navigator-15] [WARN] [1790923671.371917915] [rcl]: 'localhost_only' is enabled, 'automatic_discovery_range' and 'static_peers' will be ignored.
[controller_server-10] [WARN] [1790923671.373908395] [rcl]: ROS_LOCALHOST_ONLY is deprecated but still honored if it is enabled. Use ROS_AUTOMATIC_DISCOVERY_RANGE and ROS_STATIC_PEERS instead.
[controller_server-10] [WARN] [1790923671.373931443] [rcl]: 'localhost_only' is enabled, 'automatic_discovery_range' and 'static_peers' will be ignored.
[behavior_server-14] [WARN] [1790923671.374646765] [rcl]: ROS_LOCALHOST_ONLY is deprecated but still honored if it is enabled. Use ROS_AUTOMATIC_DISCOVERY_RANGE and ROS_STATIC_PEERS instead.
[behavior_server-14] [WARN] [1790923671.374664918] [rcl]: 'localhost_only' is enabled, 'automatic_discovery_range' and 'static_peers' will be ignored.
[opennav_docking-19] [WARN] [1790923671.375036405] [rcl]: ROS_LOCALHOST_ONLY is deprecated but still honored if it is enabled. Use ROS_AUTOMATIC_DISCOVERY_RANGE and ROS_STATIC_PEERS instead.
[opennav_docking-19] [WARN] [1790923671.375051624] [rcl]: 'localhost_only' is enabled, 'automatic_discovery_range' and 'static_peers' will be ignored.
[planner_server-12] [WARN] [1790923671.375765761] [rcl]: ROS_LOCALHOST_ONLY is deprecated but still honored if it is enabled. Use ROS_AUTOMATIC_DISCOVERY_RANGE and ROS_STATIC_PEERS instead.
[planner_server-12] [WARN] [1790923671.375788693] [rcl]: 'localhost_only' is enabled, 'automatic_discovery_range' and 'static_peers' will be ignored.
[smoother_server-11] [WARN] [1790923671.375811585] [rcl]: ROS_LOCALHOST_ONLY is deprecated but still honored if it is enabled. Use ROS_AUTOMATIC_DISCOVERY_RANGE and ROS_STATIC_PEERS instead.
[smoother_server-11] [WARN] [1790923671.375824402] [rcl]: 'localhost_only' is enabled, 'automatic_discovery_range' and 'static_peers' will be ignored.
[route_server-13] [WARN] [1790923671.376505980] [rcl]: ROS_LOCALHOST_ONLY is deprecated but still honored if it is enabled. Use ROS_AUTOMATIC_DISCOVERY_RANGE and ROS_STATIC_PEERS instead.
[route_server-13] [WARN] [1790923671.376533799] [rcl]: 'localhost_only' is enabled, 'automatic_discovery_range' and 'static_peers' will be ignored.
[collision_monitor-18] [WARN] [1790923671.378942640] [rcl]: ROS_LOCALHOST_ONLY is deprecated but still honored if it is enabled. Use ROS_AUTOMATIC_DISCOVERY_RANGE and ROS_STATIC_PEERS instead.
[collision_monitor-18] [WARN] [1790923671.378970817] [rcl]: 'localhost_only' is enabled, 'automatic_discovery_range' and 'static_peers' will be ignored.
[lifecycle_manager-20] [INFO] [1790923671.394033699] [lifecycle_manager_navigation]: Creating
[lifecycle_manager-20] [INFO] [1790923671.409257853] [lifecycle_manager_navigation]: [34m[1mCreating and initializing lifecycle service clients[0m[0m
[velocity_smoother-17] [INFO] [1790923671.410396444] [velocity_smoother]: 
[velocity_smoother-17] 	velocity_smoother lifecycle node launched. 
[velocity_smoother-17] 	Waiting on external lifecycle transitions to activate
[velocity_smoother-17] 	See https://design.ros2.org/articles/node_lifecycle.html for more information.
[opennav_docking-19] [INFO] [1790923671.416904570] [docking_server]: 
[opennav_docking-19] 	docking_server lifecycle node launched. 
[opennav_docking-19] 	Waiting on external lifecycle transitions to activate
[opennav_docking-19] 	See https://design.ros2.org/articles/node_lifecycle.html for more information.
[opennav_docking-19] [INFO] [1790923671.416989159] [docking_server]: Creating docking_server
[bt_navigator-15] [INFO] [1790923671.418462377] [bt_navigator]: 
[bt_navigator-15] 	bt_navigator lifecycle node launched. 
[bt_navigator-15] 	Waiting on external lifecycle transitions to activate
[bt_navigator-15] 	See https://design.ros2.org/articles/node_lifecycle.html for more information.
[smoother_server-11] [INFO] [1790923671.424666810] [smoother_server]: 
[smoother_server-11] 	smoother_server lifecycle node launched. 
[smoother_server-11] 	Waiting on external lifecycle transitions to activate
[smoother_server-11] 	See https://design.ros2.org/articles/node_lifecycle.html for more information.
[collision_monitor-18] [INFO] [1790923671.427285710] [collision_monitor]: 
[collision_monitor-18] 	collision_monitor lifecycle node launched. 
[collision_monitor-18] 	Waiting on external lifecycle transitions to activate
[collision_monitor-18] 	See https://design.ros2.org/articles/node_lifecycle.html for more information.
[bt_navigator-15] [INFO] [1790923671.428015892] [bt_navigator]: Creating
[smoother_server-11] [INFO] [1790923671.428186346] [smoother_server]: Creating smoother server
[controller_server-10] [INFO] [1790923671.428409695] [controller_server]: 
[controller_server-10] 	controller_server lifecycle node launched. 
[controller_server-10] 	Waiting on external lifecycle transitions to activate
[controller_server-10] 	See https://design.ros2.org/articles/node_lifecycle.html for more information.
[planner_server-12] [INFO] [1790923671.429187941] [planner_server]: 
[planner_server-12] 	planner_server lifecycle node launched. 
[planner_server-12] 	Waiting on external lifecycle transitions to activate
[planner_server-12] 	See https://design.ros2.org/articles/node_lifecycle.html for more information.
[planner_server-12] [INFO] [1790923671.430143976] [planner_server]: Creating
[route_server-13] [INFO] [1790923671.431051116] [route_server]: 
[route_server-13] 	route_server lifecycle node launched. 
[route_server-13] 	Waiting on external lifecycle transitions to activate
[route_server-13] 	See https://design.ros2.org/articles/node_lifecycle.html for more information.
[controller_server-10] [INFO] [1790923671.431071736] [controller_server]: Creating controller server
[waypoint_follower-16] [INFO] [1790923671.432441703] [waypoint_follower]: 
[waypoint_follower-16] 	waypoint_follower lifecycle node launched. 
[waypoint_follower-16] 	Waiting on external lifecycle transitions to activate
[waypoint_follower-16] 	See https://design.ros2.org/articles/node_lifecycle.html for more information.
[waypoint_follower-16] [INFO] [1790923671.433757224] [waypoint_follower]: Creating
[behavior_server-14] [INFO] [1790923671.436515177] [behavior_server]: 
[behavior_server-14] 	behavior_server lifecycle node launched. 
[behavior_server-14] 	Waiting on external lifecycle transitions to activate
[behavior_server-14] 	See https://design.ros2.org/articles/node_lifecycle.html for more information.
[planner_server-12] [INFO] [1790923671.443160792] [global_costmap.global_costmap]: 
[planner_server-12] 	global_costmap lifecycle node launched. 
[planner_server-12] 	Waiting on external lifecycle transitions to activate
[planner_server-12] 	See https://design.ros2.org/articles/node_lifecycle.html for more information.
[planner_server-12] [INFO] [1790923671.445304342] [global_costmap.global_costmap]: Creating Costmap
[controller_server-10] [INFO] [1790923671.449430477] [local_costmap.local_costmap]: 
[controller_server-10] 	local_costmap lifecycle node launched. 
[controller_server-10] 	Waiting on external lifecycle transitions to activate
[controller_server-10] 	See https://design.ros2.org/articles/node_lifecycle.html for more information.
[controller_server-10] [INFO] [1790923671.450017297] [local_costmap.local_costmap]: Creating Costmap
[lifecycle_manager-20] [INFO] [1790923672.552593957] [lifecycle_manager_navigation]: [34m[1mStarting managed nodes bringup...[0m[0m
[lifecycle_manager-20] [INFO] [1790923672.552654801] [lifecycle_manager_navigation]: [34m[1mConfiguring controller_server[0m[0m
[controller_server-10] [INFO] [1790923673.152407477] [controller_server]: Configuring controller interface
[controller_server-10] [INFO] [1790923673.152442085] [controller_server]: getting progress checker plugins..
[controller_server-10] [INFO] [1790923673.152669337] [controller_server]: getting goal checker plugins..
[controller_server-10] [INFO] [1790923673.154777939] [controller_server]: Controller frequency set to 15.0000Hz
[controller_server-10] [INFO] [1790923673.154856598] [local_costmap.local_costmap]: Configuring
[controller_server-10] [INFO] [1790923673.168927073] [local_costmap.local_costmap]: Using plugin "static_layer"
[controller_server-10] [INFO] [1790923673.176178256] [local_costmap.local_costmap]: Subscribing to the map topic (/map) with transient local durability
[controller_server-10] [INFO] [1790923673.178871668] [local_costmap.local_costmap]: Initialized plugin "static_layer"
[controller_server-10] [INFO] [1790923673.178923758] [local_costmap.local_costmap]: Using plugin "voxel_layer"
[controller_server-10] [INFO] [1790923673.180903133] [local_costmap.local_costmap]: Subscribed to Topics: scan
[controller_server-10] [INFO] [1790923673.192093104] [local_costmap.local_costmap]: Initialized plugin "voxel_layer"
[controller_server-10] [INFO] [1790923673.192120584] [local_costmap.local_costmap]: Using plugin "inflation_layer"
[controller_server-10] [INFO] [1790923673.192493107] [local_costmap.local_costmap]: Initialized plugin "inflation_layer"
[controller_server-10] [INFO] [1790923673.204877872] [local_costmap.local_costmap]: StaticLayer: Resizing static layer to 193 X 180 at 0.100000 m/pix
[controller_server-10] [INFO] [1790923673.205233023] [controller_server]: Created progress_checker : progress_checker of type nav2_controller::SimpleProgressChecker
[controller_server-10] [INFO] [1790923673.205635240] [controller_server]: Controller Server has progress_checker  progress checkers available.
[controller_server-10] [INFO] [1790923673.206226728] [controller_server]: Created goal checker : general_goal_checker of type nav2_controller::SimpleGoalChecker
[controller_server-10] [INFO] [1790923673.206432814] [controller_server]: Controller Server has general_goal_checker  goal checkers available.
[controller_server-10] [INFO] [1790923673.208792291] [controller_server]: Created controller : FollowPath of type nav2_mppi_controller::MPPIController
[controller_server-10] [INFO] [1790923673.210516928] [controller_server]: Controller period is equal to model dt. Control sequence shifting is ON
[controller_server-10] [INFO] [1790923673.212858561] [controller_server]: ConstraintCritic instantiated with 1 power and 4.000000 weight.
[controller_server-10] [INFO] [1790923673.212894102] [controller_server]: Critic loaded : mppi::critics::ConstraintCritic
[controller_server-10] [INFO] [1790923673.213348677] [controller_server]: InflationCostCritic instantiated with 1 power and 300.000000 / 0.015000 weights. Critic will collision check based on footprint cost.
[controller_server-10] [INFO] [1790923673.213369495] [controller_server]: Critic loaded : mppi::critics::CostCritic
[controller_server-10] [INFO] [1790923673.213559667] [controller_server]: GoalCritic instantiated with 1 power and 5.000000 weight.
[controller_server-10] [INFO] [1790923673.213567362] [controller_server]: Critic loaded : mppi::critics::GoalCritic
[controller_server-10] [INFO] [1790923673.213805193] [controller_server]: GoalAngleCritic instantiated with 1 power, 3.000000 weight, 0.500000 angular threshold and symmetric_yaw_tolerance disabled
[controller_server-10] [INFO] [1790923673.213815690] [controller_server]: Critic loaded : mppi::critics::GoalAngleCritic
[controller_server-10] [INFO] [1790923673.214147075] [controller_server]: ReferenceTrajectoryCritic instantiated with 1 power and 20.000000 weight
[controller_server-10] [INFO] [1790923673.214158418] [controller_server]: Critic loaded : mppi::critics::PathAlignCritic
[controller_server-10] [INFO] [1790923673.214325761] [controller_server]: Critic loaded : mppi::critics::PathFollowCritic
[controller_server-10] [INFO] [1790923673.214582318] [controller_server]: PathAngleCritic instantiated with 1 power and 4.000000 weight. Mode set to: Forward Preference
[controller_server-10] [INFO] [1790923673.214610715] [controller_server]: Critic loaded : mppi::critics::PathAngleCritic
[controller_server-10] [INFO] [1790923673.214731400] [controller_server]: PreferForwardCritic instantiated with 1 power and 5.000000 weight.
[controller_server-10] [INFO] [1790923673.214736058] [controller_server]: Critic loaded : mppi::critics::PreferForwardCritic
[controller_server-10] [INFO] [1790923673.215435980] [controller_server]: Optimizer reset
[controller_server-10] [INFO] [1790923673.218078536] [MPPIController]: Configured MPPI Controller: FollowPath
[controller_server-10] [INFO] [1790923673.218101143] [controller_server]: Controller Server has FollowPath  controllers available.
[lifecycle_manager-20] [INFO] [1790923673.225421461] [lifecycle_manager_navigation]: [34m[1mConfiguring smoother_server[0m[0m
[smoother_server-11] [INFO] [1790923673.225561773] [smoother_server]: Configuring smoother server
[smoother_server-11] [INFO] [1790923673.234992455] [smoother_server]: Created smoother : simple_smoother of type nav2_smoother::SimpleSmoother
[smoother_server-11] [INFO] [1790923673.235308244] [smoother_server]: Smoother Server has simple_smoother  smoothers available.
[lifecycle_manager-20] [INFO] [1790923673.240381104] [lifecycle_manager_navigation]: [34m[1mConfiguring planner_server[0m[0m
[planner_server-12] [INFO] [1790923673.240616122] [planner_server]: Configuring
[planner_server-12] [INFO] [1790923673.240640412] [global_costmap.global_costmap]: Configuring
[planner_server-12] [INFO] [1790923673.247164897] [global_costmap.global_costmap]: Using plugin "static_layer"
[planner_server-12] [INFO] [1790923673.249488462] [global_costmap.global_costmap]: Subscribing to the map topic (/map) with transient local durability
[planner_server-12] [INFO] [1790923673.250822043] [global_costmap.global_costmap]: Initialized plugin "static_layer"
[planner_server-12] [INFO] [1790923673.250841361] [global_costmap.global_costmap]: Using plugin "obstacle_layer"
[planner_server-12] [INFO] [1790923673.251142374] [global_costmap.global_costmap]: Subscribed to Topics: scan
[planner_server-12] [INFO] [1790923673.253849278] [global_costmap.global_costmap]: Initialized plugin "obstacle_layer"
[planner_server-12] [INFO] [1790923673.253872896] [global_costmap.global_costmap]: Using plugin "inflation_layer"
[planner_server-12] [INFO] [1790923673.254200092] [global_costmap.global_costmap]: Initialized plugin "inflation_layer"
[planner_server-12] [INFO] [1790923673.274192015] [global_costmap.global_costmap]: StaticLayer: Resizing costmap to 193 X 180 at 0.100000 m/pix
[planner_server-12] [INFO] [1790923673.275374138] [planner_server]: Created global planner plugin GridBased of type nav2_navfn_planner::NavfnPlanner
[planner_server-12] [INFO] [1790923673.275430259] [planner_server]: Configuring plugin GridBased of type NavfnPlanner
[planner_server-12] [INFO] [1790923673.275975131] [planner_server]: Planner Server has GridBased  planners available.
[lifecycle_manager-20] [INFO] [1790923673.283963314] [lifecycle_manager_navigation]: [34m[1mConfiguring route_server[0m[0m
[route_server-13] [INFO] [1790923673.284232321] [route_server]: Configuring
[route_server-13] [INFO] [1790923673.305331808] [route_server]: Created GraphFileLoader GeoJsonGraphFileLoader of type nav2_route::GeoJsonGraphFileLoader
[route_server-13] [INFO] [1790923673.305359396] [route_server]: Configuring geojson graph file loader
[route_server-13] [INFO] [1790923673.305366356] [route_server]: No graph file provided to load yet.
[route_server-13] [INFO] [1790923673.307527662] [route_server]: Created edge cost function plugin DistanceScorer of type nav2_route::DistanceScorer
[route_server-13] [INFO] [1790923673.307566955] [route_server]: Configuring distance scorer.
[route_server-13] [INFO] [1790923673.307731533] [route_server]: Created edge cost function plugin DynamicEdgesScorer of type nav2_route::DynamicEdgesScorer
[route_server-13] [INFO] [1790923673.307742503] [route_server]: Configuring adjust edges scorer.
[route_server-13] [INFO] [1790923673.311509513] [route_server]: Created route operation AdjustSpeedLimit of type nav2_route::AdjustSpeedLimit
[route_server-13] [INFO] [1790923673.311538877] [route_server]: Configuring Adjust speed limit operation.
[route_server-13] [INFO] [1790923673.312377910] [route_server]: Created route operation ReroutingService of type nav2_route::ReroutingService
[route_server-13] [INFO] [1790923673.312396696] [route_server]: Configuring Rerouting service operation.
[lifecycle_manager-20] [INFO] [1790923673.314556761] [lifecycle_manager_navigation]: [34m[1mConfiguring behavior_server[0m[0m
[behavior_server-14] [INFO] [1790923673.314787794] [behavior_server]: Configuring
[behavior_server-14] [INFO] [1790923673.318498812] [behavior_server]: Creating behavior plugin spin of type nav2_behaviors::Spin
[behavior_server-14] [INFO] [1790923673.319747444] [behavior_server]: Creating behavior plugin backup of type nav2_behaviors::BackUp
[behavior_server-14] [INFO] [1790923673.320861066] [behavior_server]: Creating behavior plugin drive_on_heading of type nav2_behaviors::DriveOnHeading
[behavior_server-14] [INFO] [1790923673.321940090] [behavior_server]: Creating behavior plugin assisted_teleop of type nav2_behaviors::AssistedTeleop
[behavior_server-14] [INFO] [1790923673.324639764] [behavior_server]: Creating behavior plugin wait of type nav2_behaviors::Wait
[behavior_server-14] [INFO] [1790923673.331529912] [behavior_server]: Configuring spin
[behavior_server-14] [INFO] [1790923673.336282050] [behavior_server]: Configuring backup
[behavior_server-14] [INFO] [1790923673.339654134] [behavior_server]: Configuring drive_on_heading
[behavior_server-14] [INFO] [1790923673.343994483] [behavior_server]: Configuring assisted_teleop
[behavior_server-14] [INFO] [1790923673.348836302] [behavior_server]: Configuring wait
[lifecycle_manager-20] [INFO] [1790923673.352554668] [lifecycle_manager_navigation]: [34m[1mConfiguring velocity_smoother[0m[0m
[velocity_smoother-17] [INFO] [1790923673.352750436] [velocity_smoother]: Configuring velocity smoother
[lifecycle_manager-20] [INFO] [1790923673.358027525] [lifecycle_manager_navigation]: [34m[1mConfiguring collision_monitor[0m[0m
[collision_monitor-18] [INFO] [1790923673.570176398] [collision_monitor]: Configuring
[collision_monitor-18] [INFO] [1790923673.583801253] [collision_monitor]: [scan]: Creating Scan
[collision_monitor-18] [INFO] [1790923673.588413328] [collision_monitor]: [FootprintApproach]: Creating Polygon
[collision_monitor-18] [INFO] [1790923673.589333810] [collision_monitor]: [FootprintApproach]: Polygon points are not defined. Using dynamic subscription instead.
[collision_monitor-18] [INFO] [1790923673.590371632] [collision_monitor]: [FootprintApproach]: Making footprint subscriber on local_costmap/published_footprint topic
[lifecycle_manager-20] [INFO] [1790923673.641620818] [lifecycle_manager_navigation]: [34m[1mConfiguring bt_navigator[0m[0m
[bt_navigator-15] [INFO] [1790923673.642023801] [bt_navigator]: Configuring
[bt_navigator-15] [INFO] [1790923673.657793566] [bt_navigator]: Creating navigator id navigate_to_pose of type nav2_bt_navigator::NavigateToPoseNavigator
[bt_navigator-15] [INFO] [1790923673.799236413] [bt_navigator]: Creating navigator id navigate_through_poses of type nav2_bt_navigator::NavigateThroughPosesNavigator
[lifecycle_manager-20] [INFO] [1790923673.835274344] [lifecycle_manager_navigation]: [34m[1mConfiguring waypoint_follower[0m[0m
[waypoint_follower-16] [INFO] [1790923673.835490825] [waypoint_follower]: Configuring
[waypoint_follower-16] [INFO] [1790923673.857820934] [waypoint_follower]: Created waypoint_task_executor : wait_at_waypoint of type nav2_waypoint_follower::WaitAtWaypoint
[lifecycle_manager-20] [INFO] [1790923673.858440382] [lifecycle_manager_navigation]: [34m[1mConfiguring docking_server[0m[0m
[opennav_docking-19] [INFO] [1790923673.858784263] [docking_server]: Configuring docking_server
[opennav_docking-19] [INFO] [1790923673.858838139] [docking_server]: Controller frequency set to 50.0000Hz
[opennav_docking-19] [INFO] [1790923673.885360335] [docking_server]: Created charging dock plugin simple_charging_dock of type opennav_docking::SimpleChargingDock
[opennav_docking-19] [WARN] [1790923673.890287206] [docking_server]: Dock database filepath nor dock parameters set. Docking actions can only be executed specifying the dock pose via the action request. Or update the dock database via the reload_database service.
[opennav_docking-19] [INFO] [1790923673.890337768] [docking_server]: Docking Server has 1 dock types and 0 dock instances available.
[lifecycle_manager-20] [INFO] [1790923673.891990034] [lifecycle_manager_navigation]: [34m[1mActivating controller_server[0m[0m
[controller_server-10] [INFO] [1790923673.892331376] [controller_server]: Activating
[controller_server-10] [INFO] [1790923673.892361541] [local_costmap.local_costmap]: Activating
[controller_server-10] [INFO] [1790923673.892367731] [local_costmap.local_costmap]: Checking transform
[controller_server-10] [INFO] [1790923673.892480638] [local_costmap.local_costmap]: start
[controller_server-10] [WARN] [1790923674.143426883] [controller_server]: Parameter controller_server.verbose not found
[controller_server-10] [INFO] [1790923674.144489467] [controller_server]: Optimizer reset
[controller_server-10] [INFO] [1790923674.144802938] [MPPIController]: Activated MPPI Controller: FollowPath
[controller_server-10] [INFO] [1790923674.144842614] [controller_server]: Creating bond (controller_server) to lifecycle manager.
[lifecycle_manager-20] [INFO] [1790923674.257710070] [lifecycle_manager_navigation]: Server controller_server connected with bond.
[lifecycle_manager-20] [INFO] [1790923674.257754727] [lifecycle_manager_navigation]: [34m[1mActivating smoother_server[0m[0m
[smoother_server-11] [INFO] [1790923674.258064537] [smoother_server]: Activating
[smoother_server-11] [INFO] [1790923674.258100162] [smoother_server]: Creating bond (smoother_server) to lifecycle manager.
[lifecycle_manager-20] [INFO] [1790923674.366188647] [lifecycle_manager_navigation]: Server smoother_server connected with bond.
[lifecycle_manager-20] [INFO] [1790923674.366218370] [lifecycle_manager_navigation]: [34m[1mActivating planner_server[0m[0m
[planner_server-12] [INFO] [1790923674.366445461] [planner_server]: Activating
[planner_server-12] [INFO] [1790923674.366465729] [global_costmap.global_costmap]: Activating
[planner_server-12] [INFO] [1790923674.366469629] [global_costmap.global_costmap]: Checking transform
[planner_server-12] [INFO] [1790923674.366543681] [global_costmap.global_costmap]: start
[planner_server-12] [INFO] [1790923675.367392945] [planner_server]: Activating plugin GridBased of type NavfnPlanner
[planner_server-12] [INFO] [1790923675.370132312] [planner_server]: Creating bond (planner_server) to lifecycle manager.
[lifecycle_manager-20] [INFO] [1790923675.479108719] [lifecycle_manager_navigation]: Server planner_server connected with bond.
[lifecycle_manager-20] [INFO] [1790923675.479178523] [lifecycle_manager_navigation]: [34m[1mActivating route_server[0m[0m
[route_server-13] [INFO] [1790923675.479792429] [route_server]: Activating
[route_server-13] [INFO] [1790923675.480117975] [route_server]: Creating bond (route_server) to lifecycle manager.
[lifecycle_manager-20] [INFO] [1790923675.590175051] [lifecycle_manager_navigation]: Server route_server connected with bond.
[lifecycle_manager-20] [INFO] [1790923675.590631615] [lifecycle_manager_navigation]: [34m[1mActivating behavior_server[0m[0m
[behavior_server-14] [INFO] [1790923675.591439925] [behavior_server]: Activating
[behavior_server-14] [INFO] [1790923675.591504289] [behavior_server]: Activating spin
[behavior_server-14] [INFO] [1790923675.591538917] [behavior_server]: Activating backup
[behavior_server-14] [INFO] [1790923675.591564189] [behavior_server]: Activating drive_on_heading
[behavior_server-14] [INFO] [1790923675.591591877] [behavior_server]: Activating assisted_teleop
[behavior_server-14] [INFO] [1790923675.591616641] [behavior_server]: Activating wait
[behavior_server-14] [INFO] [1790923675.591651555] [behavior_server]: Creating bond (behavior_server) to lifecycle manager.
[lifecycle_manager-20] [INFO] [1790923675.701836341] [lifecycle_manager_navigation]: Server behavior_server connected with bond.
[lifecycle_manager-20] [INFO] [1790923675.701885416] [lifecycle_manager_navigation]: [34m[1mActivating velocity_smoother[0m[0m
[velocity_smoother-17] [INFO] [1790923675.702151303] [velocity_smoother]: Activating
[velocity_smoother-17] [INFO] [1790923675.702195872] [velocity_smoother]: Creating bond (velocity_smoother) to lifecycle manager.
[lifecycle_manager-20] [INFO] [1790923675.806229665] [lifecycle_manager_navigation]: Server velocity_smoother connected with bond.
[lifecycle_manager-20] [INFO] [1790923675.806386159] [lifecycle_manager_navigation]: [34m[1mActivating collision_monitor[0m[0m
[collision_monitor-18] [INFO] [1790923675.807043305] [collision_monitor]: Activating
[collision_monitor-18] [INFO] [1790923675.807110567] [collision_monitor]: Creating bond (collision_monitor) to lifecycle manager.
[lifecycle_manager-20] [INFO] [1790923675.919691760] [lifecycle_manager_navigation]: Server collision_monitor connected with bond.
[lifecycle_manager-20] [INFO] [1790923675.919732866] [lifecycle_manager_navigation]: [34m[1mActivating bt_navigator[0m[0m
[bt_navigator-15] [INFO] [1790923675.920009289] [bt_navigator]: Activating
[bt_navigator-15] [INFO] [1790923675.992746470] [bt_navigator]: Creating bond (bt_navigator) to lifecycle manager.
[lifecycle_manager-20] [INFO] [1790923676.101444880] [lifecycle_manager_navigation]: Server bt_navigator connected with bond.
[lifecycle_manager-20] [INFO] [1790923676.101517366] [lifecycle_manager_navigation]: [34m[1mActivating waypoint_follower[0m[0m
[waypoint_follower-16] [INFO] [1790923676.101977342] [waypoint_follower]: Activating
[waypoint_follower-16] [INFO] [1790923676.102038569] [waypoint_follower]: Creating bond (waypoint_follower) to lifecycle manager.
[lifecycle_manager-20] [INFO] [1790923676.213791620] [lifecycle_manager_navigation]: Server waypoint_follower connected with bond.
[lifecycle_manager-20] [INFO] [1790923676.213820046] [lifecycle_manager_navigation]: [34m[1mActivating docking_server[0m[0m
[opennav_docking-19] [INFO] [1790923676.214094579] [docking_server]: Activating docking_server
[opennav_docking-19] [INFO] [1790923676.226306470] [docking_server]: Creating bond (docking_server) to lifecycle manager.
[lifecycle_manager-20] [INFO] [1790923676.332086726] [lifecycle_manager_navigation]: Server docking_server connected with bond.
[lifecycle_manager-20] [INFO] [1790923676.332138066] [lifecycle_manager_navigation]: [34m[1mManaged nodes are active[0m[0m
[lifecycle_manager-20] [INFO] [1790923676.332155745] [lifecycle_manager_navigation]: [34m[1mCreating bond timer...[0m[0m
Nav2 active; kiem tra /clock lien tuc trong 5 giay...
[WARN] [1790923685.468329149] [rcl]: ROS_LOCALHOST_ONLY is deprecated but still honored if it is enabled. Use ROS_AUTOMATIC_DISCOVERY_RANGE and ROS_STATIC_PEERS instead.
[WARN] [1790923685.468352202] [rcl]: 'localhost_only' is enabled, 'automatic_discovery_range' and 'static_peers' will be ignored.
SLAM/Nav2 san sang; /clock on dinh, khong co buoc nhay lui trong 5 giay.

Starting MapEx on Hospital...
Command: /usr/bin/python3 /work/com1/turtlebot4_project_mx029/mapex_lab/scripts/mapex_run.py --run-id hpx_004 --environment hospital --runtime-profile hospital_slam
Run hoan tat se tu dong dung exploration, SLAM, Nav2 va Gazebo.
Nhan Ctrl+C mot lan neu muon dung som.

[WARN] [1790923691.445784231] [rcl]: ROS_LOCALHOST_ONLY is deprecated but still honored if it is enabled. Use ROS_AUTOMATIC_DISCOVERY_RANGE and ROS_STATIC_PEERS instead.
[WARN] [1790923691.445807672] [rcl]: 'localhost_only' is enabled, 'automatic_discovery_range' and 'static_peers' will be ignored.
[INFO] [1790923691.588610003] [mapex_explorer]: Loading official MapEx LaMa ensemble...
[INFO] [1790923700.920101338] [mapex_explorer]: MapEx Explorer started (config=/work/com1/turtlebot4_project_mx029/mapex_lab/config/mapex.yaml, commit=53636bd1c79153acc3c74a532837d78c926bae5e, grid=0.10 m, visibility=20.0 m/250 rays, epsilon=0.80, preferred min distance=1.00 m, near fallback=all-frontiers-close, shared execution=nf_basic)
[INFO] [1790923700.925413825] [mapex_explorer]: MapEx G1: /work/com1/mapex_weights/weights/lama_ensemble/train_1/models/best.ckpt
[INFO] [1790923700.926609474] [mapex_explorer]: MapEx G2: /work/com1/mapex_weights/weights/lama_ensemble/train_2/models/best.ckpt
[INFO] [1790923700.927860664] [mapex_explorer]: MapEx G3: /work/com1/mapex_weights/weights/lama_ensemble/train_3/models/best.ckpt
[WARN] [1790923704.934255380] [mapex_explorer]: MAPEX RECORDING: env=hospital, profile=hospital_slam, output=/work/com1/turtlebot4_project_mx029/mapex_lab/experiments/mapex/hpx_004
[WARN] [1790923708.601065330] [mapex_explorer]: MAPEX READY: Nav2 stable for >= 3.0s; benchmark clock will start at first frontier decision
[INFO] [1790923710.316362276] [mapex_explorer]: All current MapEx frontier representatives are closer than 1.00 m; enabling near-frontier fallback.
[INFO] [1790923710.319881038] [mapex_explorer]: MapEx decision 1: selected x=0.88, y=0.21, IG=315.060852, distance=0.91 m, score=348.006926, region=593, candidates=1, near_fallback=True, compute=1.71 s
[INFO] [1790923710.444495676] [mapex_explorer]: Main goal accepted
[bt_navigator-15] [INFO] [1790923710.532648155] [bt_navigator]: Begin navigating from current location (0.00, -0.00) to (0.88, 0.21)
[INFO] [1790923710.548363452] [mapex_explorer]: Main /plan diagnostic: poses=17, endpoint=(0.88, 0.21), frontier=(0.88, 0.21), endpoint_to_frontier=0.000 m, limit=0.10 m -> usable
[controller_server-10] [INFO] [1790923710.574572408] [controller_server]: Received a goal, begin computing control effort.
[controller_server-10] [WARN] [1790923710.575394468] [controller_server]: No goal checker was specified in parameter 'current_goal_checker'. Server will use only plugin loaded general_goal_checker . This warning will appear once.
[controller_server-10] [WARN] [1790923710.575545679] [controller_server]: No progress checker was specified in parameter 'current_progress_checker'. Server will use only plugin loaded progress_checker . This warning will appear once.
[parameter_bridge-2] [INFO] [1790923710.649615896] [bridge_ros_gz]: Passing message from ROS geometry_msgs/msg/Twist to Gazebo gz.msgs.Twist (showing msg only once per type)
[INFO] [1790923711.585439341] [mapex_explorer]: Main /plan diagnostic: poses=14, endpoint=(0.88, 0.21), frontier=(0.88, 0.21), endpoint_to_frontier=0.000 m, limit=0.10 m -> usable
[controller_server-10] [INFO] [1790923711.643955955] [controller_server]: Passing new path to controller.
[controller_server-10] [INFO] [1790923711.892683074] [local_costmap.local_costmap]: StaticLayer: Resizing static layer to 193 X 180 at 0.100000 m/pix
[planner_server-12] [INFO] [1790923712.366698400] [global_costmap.global_costmap]: StaticLayer: Resizing costmap to 193 X 180 at 0.100000 m/pix
[INFO] [1790923712.636608713] [mapex_explorer]: Main /plan diagnostic: poses=10, endpoint=(0.88, 0.21), frontier=(0.88, 0.21), endpoint_to_frontier=0.000 m, limit=0.10 m -> usable
[controller_server-10] [INFO] [1790923712.643955096] [controller_server]: Passing new path to controller.
[controller_server-10] [INFO] [1790923712.779010686] [controller_server]: Reached the goal!
[controller_server-10] [INFO] [1790923712.779704463] [controller_server]: Optimizer reset
[bt_navigator-15] [INFO] [1790923712.804978144] [bt_navigator]: Goal succeeded
[INFO] [1790923712.807331601] [mapex_explorer]: Goal reached
[INFO] [1790923722.748939563] [mapex_explorer]: MapEx decision 2: selected x=3.18, y=-3.39, IG=51.790913, distance=4.35 m, score=11.910478, region=12, candidates=28, near_fallback=False, compute=9.19 s
[bt_navigator-15] [INFO] [1790923722.750803333] [bt_navigator]: Begin navigating from current location (0.57, 0.09) to (3.18, -3.39)
[controller_server-10] [INFO] [1790923722.771500462] [controller_server]: Received a goal, begin computing control effort.
[INFO] [1790923723.040782585] [mapex_explorer]: Main goal accepted
[INFO] [1790923723.137877209] [mapex_explorer]: Main /plan diagnostic: poses=87, endpoint=(3.18, -3.39), frontier=(3.18, -3.39), endpoint_to_frontier=0.000 m, limit=0.10 m -> usable
[INFO] [1790923723.785780109] [mapex_explorer]: Main /plan diagnostic: poses=87, endpoint=(3.18, -3.39), frontier=(3.18, -3.39), endpoint_to_frontier=0.000 m, limit=0.10 m -> usable
[controller_server-10] [INFO] [1790923723.838322261] [controller_server]: Passing new path to controller.
[rviz2-7] [INFO] [1790923724.765726382] [rviz2]: Trying to create a map of size 193 x 186 using 1 swatches
[INFO] [1790923724.819298493] [mapex_explorer]: Main /plan diagnostic: poses=80, endpoint=(3.18, -3.39), frontier=(3.18, -3.39), endpoint_to_frontier=0.000 m, limit=0.10 m -> usable
[controller_server-10] [INFO] [1790923724.838298775] [controller_server]: Passing new path to controller.
[controller_server-10] [INFO] [1790923724.892664647] [local_costmap.local_costmap]: StaticLayer: Resizing static layer to 193 X 186 at 0.100000 m/pix
[planner_server-12] [INFO] [1790923725.366772895] [global_costmap.global_costmap]: StaticLayer: Resizing costmap to 193 X 186 at 0.100000 m/pix
[rviz2-7] [INFO] [1790923725.759407168] [rviz2]: Trying to create a map of size 194 x 196 using 1 swatches
[INFO] [1790923725.844086733] [mapex_explorer]: Main /plan diagnostic: poses=69, endpoint=(3.18, -3.39), frontier=(3.18, -3.39), endpoint_to_frontier=0.000 m, limit=0.10 m -> usable
[controller_server-10] [INFO] [1790923725.892872435] [local_costmap.local_costmap]: StaticLayer: Resizing static layer to 194 X 196 at 0.100000 m/pix
[controller_server-10] [INFO] [1790923725.904971146] [controller_server]: Passing new path to controller.
[planner_server-12] [INFO] [1790923726.366711371] [global_costmap.global_costmap]: StaticLayer: Resizing costmap to 194 X 196 at 0.100000 m/pix
[rviz2-7] [INFO] [1790923726.748220785] [rviz2]: Trying to create a map of size 194 x 220 using 1 swatches
[controller_server-10] [INFO] [1790923726.892624724] [local_costmap.local_costmap]: StaticLayer: Resizing static layer to 194 X 220 at 0.100000 m/pix
[controller_server-10] [INFO] [1790923726.904968024] [controller_server]: Passing new path to controller.
[INFO] [1790923726.924319911] [mapex_explorer]: Main /plan diagnostic: poses=59, endpoint=(3.18, -3.39), frontier=(3.18, -3.39), endpoint_to_frontier=0.000 m, limit=0.10 m -> usable
[planner_server-12] [INFO] [1790923727.366749705] [global_costmap.global_costmap]: StaticLayer: Resizing costmap to 194 X 220 at 0.100000 m/pix
[rviz2-7] [INFO] [1790923727.742152774] [rviz2]: Trying to create a map of size 205 x 220 using 1 swatches
[controller_server-10] [INFO] [1790923727.892646737] [local_costmap.local_costmap]: StaticLayer: Resizing static layer to 205 X 220 at 0.100000 m/pix
[INFO] [1790923727.915175704] [mapex_explorer]: Main /plan diagnostic: poses=48, endpoint=(3.18, -3.39), frontier=(3.18, -3.39), endpoint_to_frontier=0.000 m, limit=0.10 m -> usable
[controller_server-10] [INFO] [1790923727.971636060] [controller_server]: Passing new path to controller.
[planner_server-12] [INFO] [1790923728.366796561] [global_costmap.global_costmap]: StaticLayer: Resizing costmap to 205 X 220 at 0.100000 m/pix
[rviz2-7] [INFO] [1790923728.764558254] [rviz2]: Trying to create a map of size 207 x 220 using 1 swatches
[controller_server-10] [INFO] [1790923728.892733488] [local_costmap.local_costmap]: StaticLayer: Resizing static layer to 207 X 220 at 0.100000 m/pix
[INFO] [1790923728.916318991] [mapex_explorer]: Main /plan diagnostic: poses=37, endpoint=(3.18, -3.39), frontier=(3.18, -3.39), endpoint_to_frontier=0.000 m, limit=0.10 m -> usable
[controller_server-10] [INFO] [1790923728.971635490] [controller_server]: Passing new path to controller.
[planner_server-12] [INFO] [1790923729.366911727] [global_costmap.global_costmap]: StaticLayer: Resizing costmap to 207 X 220 at 0.100000 m/pix
[rviz2-7] [INFO] [1790923729.756100548] [rviz2]: Trying to create a map of size 213 x 220 using 1 swatches
[controller_server-10] [INFO] [1790923729.892628952] [local_costmap.local_costmap]: StaticLayer: Resizing static layer to 213 X 220 at 0.100000 m/pix
[INFO] [1790923729.950246238] [mapex_explorer]: Main /plan diagnostic: poses=27, endpoint=(3.18, -3.39), frontier=(3.18, -3.39), endpoint_to_frontier=0.000 m, limit=0.10 m -> usable
[controller_server-10] [INFO] [1790923729.971658069] [controller_server]: Passing new path to controller.
[planner_server-12] [INFO] [1790923730.366962684] [global_costmap.global_costmap]: StaticLayer: Resizing costmap to 213 X 220 at 0.100000 m/pix
[INFO] [1790923730.982105467] [mapex_explorer]: Main /plan diagnostic: poses=19, endpoint=(3.18, -3.39), frontier=(3.18, -3.39), endpoint_to_frontier=0.000 m, limit=0.10 m -> usable
[controller_server-10] [INFO] [1790923731.038305513] [controller_server]: Passing new path to controller.
[controller_server-10] [INFO] [1790923731.892650076] [local_costmap.local_costmap]: StaticLayer: Resizing static layer to 213 X 220 at 0.100000 m/pix
[INFO] [1790923732.002744906] [mapex_explorer]: Main /plan diagnostic: poses=12, endpoint=(3.18, -3.39), frontier=(3.18, -3.39), endpoint_to_frontier=0.000 m, limit=0.10 m -> usable
[controller_server-10] [INFO] [1790923732.038301611] [controller_server]: Passing new path to controller.
[planner_server-12] [INFO] [1790923732.366740960] [global_costmap.global_costmap]: StaticLayer: Resizing costmap to 213 X 220 at 0.100000 m/pix
[rviz2-7] [INFO] [1790923732.766460351] [rviz2]: Trying to create a map of size 215 x 220 using 1 swatches
[controller_server-10] [INFO] [1790923732.892653538] [local_costmap.local_costmap]: StaticLayer: Resizing static layer to 215 X 220 at 0.100000 m/pix
[controller_server-10] [INFO] [1790923732.974306245] [controller_server]: Reached the goal!
[controller_server-10] [INFO] [1790923732.974577032] [controller_server]: Optimizer reset
[bt_navigator-15] [INFO] [1790923733.001056637] [bt_navigator]: Goal succeeded
[INFO] [1790923733.012807702] [mapex_explorer]: Goal reached
[planner_server-12] [INFO] [1790923733.366765044] [global_costmap.global_costmap]: StaticLayer: Resizing costmap to 215 X 220 at 0.100000 m/pix
[controller_server-10] [INFO] [1790923733.892787098] [local_costmap.local_costmap]: StaticLayer: Resizing static layer to 215 X 220 at 0.100000 m/pix
[planner_server-12] [INFO] [1790923734.367013806] [global_costmap.global_costmap]: StaticLayer: Resizing costmap to 215 X 220 at 0.100000 m/pix
[INFO] [1790923737.224485020] [mapex_explorer]: MapEx decision 3: selected x=-1.63, y=-9.65, IG=90.238358, distance=7.98 m, score=11.304516, region=278, candidates=13, near_fallback=False, compute=3.67 s
[bt_navigator-15] [INFO] [1790923737.226431037] [bt_navigator]: Begin navigating from current location (2.98, -3.13) to (-1.63, -9.65)
[controller_server-10] [INFO] [1790923737.247077575] [controller_server]: Received a goal, begin computing control effort.
[INFO] [1790923737.651412841] [mapex_explorer]: Main goal accepted
[INFO] [1790923737.728250895] [mapex_explorer]: Main /plan diagnostic: poses=166, endpoint=(-1.63, -9.65), frontier=(-1.63, -9.65), endpoint_to_frontier=0.000 m, limit=0.10 m -> usable
[controller_server-10] [INFO] [1790923738.313885283] [controller_server]: Passing new path to controller.
[INFO] [1790923738.317297768] [mapex_explorer]: Main /plan diagnostic: poses=166, endpoint=(-1.63, -9.65), frontier=(-1.63, -9.65), endpoint_to_frontier=0.000 m, limit=0.10 m -> usable
[rviz2-7] [INFO] [1790923738.746534014] [rviz2]: Trying to create a map of size 216 x 220 using 1 swatches
[controller_server-10] [INFO] [1790923738.892620774] [local_costmap.local_costmap]: StaticLayer: Resizing static layer to 216 X 220 at 0.100000 m/pix
[controller_server-10] [INFO] [1790923739.313874815] [controller_server]: Passing new path to controller.
[INFO] [1790923739.323746485] [mapex_explorer]: Main /plan diagnostic: poses=158, endpoint=(-1.63, -9.65), frontier=(-1.63, -9.65), endpoint_to_frontier=0.000 m, limit=0.10 m -> usable
[planner_server-12] [INFO] [1790923739.366703807] [global_costmap.global_costmap]: StaticLayer: Resizing costmap to 216 X 220 at 0.100000 m/pix
[rviz2-7] [INFO] [1790923739.772716044] [rviz2]: Trying to create a map of size 229 x 220 using 1 swatches
[controller_server-10] [INFO] [1790923739.892643532] [local_costmap.local_costmap]: StaticLayer: Resizing static layer to 229 X 220 at 0.100000 m/pix
[planner_server-12] [INFO] [1790923740.366712911] [global_costmap.global_costmap]: StaticLayer: Resizing costmap to 229 X 220 at 0.100000 m/pix
[controller_server-10] [INFO] [1790923740.380554024] [controller_server]: Passing new path to controller.
[INFO] [1790923740.386873574] [mapex_explorer]: Main /plan diagnostic: poses=149, endpoint=(-1.63, -9.65), frontier=(-1.63, -9.65), endpoint_to_frontier=0.000 m, limit=0.10 m -> usable
[rviz2-7] [INFO] [1790923740.764045295] [rviz2]: Trying to create a map of size 234 x 220 using 1 swatches
[controller_server-10] [INFO] [1790923740.892637185] [local_costmap.local_costmap]: StaticLayer: Resizing static layer to 234 X 220 at 0.100000 m/pix
[INFO] [1790923741.353095333] [mapex_explorer]: Main /plan diagnostic: poses=141, endpoint=(-1.63, -9.65), frontier=(-1.63, -9.65), endpoint_to_frontier=0.000 m, limit=0.10 m -> usable
[planner_server-12] [INFO] [1790923741.366706265] [global_costmap.global_costmap]: StaticLayer: Resizing costmap to 234 X 220 at 0.100000 m/pix
[controller_server-10] [INFO] [1790923741.380579919] [controller_server]: Passing new path to controller.
[controller_server-10] [INFO] [1790923741.892641743] [local_costmap.local_costmap]: StaticLayer: Resizing static layer to 234 X 220 at 0.100000 m/pix
[planner_server-12] [INFO] [1790923742.366765892] [global_costmap.global_costmap]: StaticLayer: Resizing costmap to 234 X 220 at 0.100000 m/pix
[INFO] [1790923742.420747187] [mapex_explorer]: Main /plan diagnostic: poses=131, endpoint=(-1.63, -9.65), frontier=(-1.63, -9.65), endpoint_to_frontier=0.000 m, limit=0.10 m -> usable
[controller_server-10] [INFO] [1790923742.447206030] [controller_server]: Passing new path to controller.
[rviz2-7] [INFO] [1790923742.778751129] [rviz2]: Trying to create a map of size 234 x 221 using 1 swatches
[controller_server-10] [INFO] [1790923742.892612592] [local_costmap.local_costmap]: StaticLayer: Resizing static layer to 234 X 221 at 0.100000 m/pix
[planner_server-12] [INFO] [1790923743.366732992] [global_costmap.global_costmap]: StaticLayer: Resizing costmap to 234 X 221 at 0.100000 m/pix
[INFO] [1790923743.399476700] [mapex_explorer]: Main /plan diagnostic: poses=123, endpoint=(-1.63, -9.65), frontier=(-1.63, -9.65), endpoint_to_frontier=0.000 m, limit=0.10 m -> usable
[controller_server-10] [INFO] [1790923743.447215402] [controller_server]: Passing new path to controller.
[INFO] [1790923744.422349163] [mapex_explorer]: Main /plan diagnostic: poses=114, endpoint=(-1.63, -9.65), frontier=(-1.63, -9.65), endpoint_to_frontier=0.000 m, limit=0.10 m -> usable
[controller_server-10] [INFO] [1790923744.447229482] [controller_server]: Passing new path to controller.
[INFO] [1790923745.488362294] [mapex_explorer]: Main /plan diagnostic: poses=102, endpoint=(-1.63, -9.65), frontier=(-1.63, -9.65), endpoint_to_frontier=0.000 m, limit=0.10 m -> usable
[controller_server-10] [INFO] [1790923745.513877445] [controller_server]: Passing new path to controller.
[INFO] [1790923746.497288967] [mapex_explorer]: Main /plan diagnostic: poses=91, endpoint=(-1.63, -9.65), frontier=(-1.63, -9.65), endpoint_to_frontier=0.000 m, limit=0.10 m -> usable
[controller_server-10] [INFO] [1790923746.513911444] [controller_server]: Passing new path to controller.
[INFO] [1790923747.518550711] [mapex_explorer]: Main /plan diagnostic: poses=81, endpoint=(-1.63, -9.65), frontier=(-1.63, -9.65), endpoint_to_frontier=0.000 m, limit=0.10 m -> usable
[controller_server-10] [INFO] [1790923747.580615370] [controller_server]: Passing new path to controller.
[INFO] [1790923748.522073473] [mapex_explorer]: Main /plan diagnostic: poses=73, endpoint=(-1.63, -9.65), frontier=(-1.63, -9.65), endpoint_to_frontier=0.000 m, limit=0.10 m -> usable
[controller_server-10] [INFO] [1790923748.580685898] [controller_server]: Passing new path to controller.
[INFO] [1790923749.546469064] [mapex_explorer]: Main /plan diagnostic: poses=59, endpoint=(-1.63, -9.65), frontier=(-1.63, -9.65), endpoint_to_frontier=0.000 m, limit=0.10 m -> usable
[controller_server-10] [INFO] [1790923749.580542984] [controller_server]: Passing new path to controller.
[controller_server-10] [INFO] [1790923750.647203890] [controller_server]: Passing new path to controller.
[INFO] [1790923750.677478715] [mapex_explorer]: Main /plan diagnostic: poses=49, endpoint=(-1.63, -9.65), frontier=(-1.63, -9.65), endpoint_to_frontier=0.000 m, limit=0.10 m -> usable
[INFO] [1790923751.596247958] [mapex_explorer]: Main /plan diagnostic: poses=39, endpoint=(-1.63, -9.65), frontier=(-1.63, -9.65), endpoint_to_frontier=0.000 m, limit=0.10 m -> usable
[controller_server-10] [INFO] [1790923751.647214626] [controller_server]: Passing new path to controller.
[INFO] [1790923752.601570908] [mapex_explorer]: Main /plan diagnostic: poses=31, endpoint=(-1.63, -9.65), frontier=(-1.63, -9.65), endpoint_to_frontier=0.000 m, limit=0.10 m -> usable
[controller_server-10] [INFO] [1790923752.647206350] [controller_server]: Passing new path to controller.
[controller_server-10] [INFO] [1790923753.647209291] [controller_server]: Passing new path to controller.
[INFO] [1790923753.656070187] [mapex_explorer]: Main /plan diagnostic: poses=20, endpoint=(-1.63, -9.65), frontier=(-1.63, -9.65), endpoint_to_frontier=0.000 m, limit=0.10 m -> usable
[INFO] [1790923754.663965774] [mapex_explorer]: Main /plan diagnostic: poses=13, endpoint=(-1.63, -9.65), frontier=(-1.63, -9.65), endpoint_to_frontier=0.000 m, limit=0.10 m -> usable
[controller_server-10] [INFO] [1790923754.713896381] [controller_server]: Passing new path to controller.
[INFO] [1790923755.693388678] [mapex_explorer]: Main /plan diagnostic: poses=7, endpoint=(-1.63, -9.65), frontier=(-1.63, -9.65), endpoint_to_frontier=0.000 m, limit=0.10 m -> usable
[controller_server-10] [INFO] [1790923755.713874767] [controller_server]: Passing new path to controller.
[controller_server-10] [INFO] [1790923755.715664121] [controller_server]: Reached the goal!
[controller_server-10] [INFO] [1790923755.716036621] [controller_server]: Optimizer reset
[bt_navigator-15] [INFO] [1790923755.746984003] [bt_navigator]: Goal succeeded
[INFO] [1790923755.753398729] [mapex_explorer]: Goal reached
[INFO] [1790923760.038154048] [mapex_explorer]: MapEx decision 4: selected x=-6.08, y=-6.28, IG=88.311485, distance=5.57 m, score=15.853923, region=33, candidates=13, near_fallback=False, compute=3.48 s
[bt_navigator-15] [INFO] [1790923760.039022644] [bt_navigator]: Begin navigating from current location (-1.44, -9.36) to (-6.08, -6.28)
[controller_server-10] [INFO] [1790923760.059962403] [controller_server]: Received a goal, begin computing control effort.
[INFO] [1790923760.282906649] [mapex_explorer]: Main goal accepted
[INFO] [1790923760.382738677] [mapex_explorer]: Main /plan diagnostic: poses=245, endpoint=(-6.08, -6.28), frontier=(-6.08, -6.28), endpoint_to_frontier=0.000 m, limit=0.10 m -> usable
[INFO] [1790923761.084028481] [mapex_explorer]: Main /plan diagnostic: poses=241, endpoint=(-6.08, -6.28), frontier=(-6.08, -6.28), endpoint_to_frontier=0.000 m, limit=0.10 m -> usable
[controller_server-10] [INFO] [1790923761.126787022] [controller_server]: Passing new path to controller.
[controller_server-10] [INFO] [1790923762.126793071] [controller_server]: Passing new path to controller.
[INFO] [1790923762.153656426] [mapex_explorer]: Main /plan diagnostic: poses=234, endpoint=(-6.08, -6.28), frontier=(-6.08, -6.28), endpoint_to_frontier=0.000 m, limit=0.10 m -> usable
[INFO] [1790923763.145993714] [mapex_explorer]: Main /plan diagnostic: poses=231, endpoint=(-6.08, -6.28), frontier=(-6.08, -6.28), endpoint_to_frontier=0.000 m, limit=0.10 m -> usable
[controller_server-10] [INFO] [1790923763.193461651] [controller_server]: Passing new path to controller.
[controller_server-10] [INFO] [1790923764.193471415] [controller_server]: Passing new path to controller.
[INFO] [1790923764.200474684] [mapex_explorer]: Main /plan diagnostic: poses=232, endpoint=(-6.08, -6.28), frontier=(-6.08, -6.28), endpoint_to_frontier=0.000 m, limit=0.10 m -> usable
[INFO] [1790923765.226799073] [mapex_explorer]: Main /plan diagnostic: poses=223, endpoint=(-6.08, -6.28), frontier=(-6.08, -6.28), endpoint_to_frontier=0.000 m, limit=0.10 m -> usable
[controller_server-10] [INFO] [1790923765.260122997] [controller_server]: Passing new path to controller.
[INFO] [1790923766.220500521] [mapex_explorer]: Main /plan diagnostic: poses=213, endpoint=(-6.08, -6.28), frontier=(-6.08, -6.28), endpoint_to_frontier=0.000 m, limit=0.10 m -> usable
[controller_server-10] [INFO] [1790923766.260125432] [controller_server]: Passing new path to controller.
[INFO] [1790923767.245371406] [mapex_explorer]: Main /plan diagnostic: poses=203, endpoint=(-6.08, -6.28), frontier=(-6.08, -6.28), endpoint_to_frontier=0.000 m, limit=0.10 m -> usable
[controller_server-10] [INFO] [1790923767.260152643] [controller_server]: Passing new path to controller.
[INFO] [1790923768.261083517] [mapex_explorer]: Main /plan diagnostic: poses=192, endpoint=(-6.08, -6.28), frontier=(-6.08, -6.28), endpoint_to_frontier=0.000 m, limit=0.10 m -> usable
[controller_server-10] [INFO] [1790923768.326789010] [controller_server]: Passing new path to controller.
[INFO] [1790923769.280247944] [mapex_explorer]: Main /plan diagnostic: poses=184, endpoint=(-6.08, -6.28), frontier=(-6.08, -6.28), endpoint_to_frontier=0.000 m, limit=0.10 m -> usable
[controller_server-10] [INFO] [1790923769.326793029] [controller_server]: Passing new path to controller.
[INFO] [1790923770.305127457] [mapex_explorer]: Main /plan diagnostic: poses=179, endpoint=(-6.08, -6.28), frontier=(-6.08, -6.28), endpoint_to_frontier=0.000 m, limit=0.10 m -> usable
[controller_server-10] [INFO] [1790923770.326791866] [controller_server]: Passing new path to controller.
[INFO] [1790923771.335757860] [mapex_explorer]: Main /plan diagnostic: poses=161, endpoint=(-6.08, -6.28), frontier=(-6.08, -6.28), endpoint_to_frontier=0.000 m, limit=0.10 m -> usable
[controller_server-10] [INFO] [1790923771.393455361] [controller_server]: Passing new path to controller.
[INFO] [1790923772.363557107] [mapex_explorer]: Main /plan diagnostic: poses=154, endpoint=(-6.08, -6.28), frontier=(-6.08, -6.28), endpoint_to_frontier=0.000 m, limit=0.10 m -> usable
[controller_server-10] [INFO] [1790923772.393476664] [controller_server]: Passing new path to controller.
[controller_server-10] [INFO] [1790923772.892647829] [local_costmap.local_costmap]: StaticLayer: Resizing static layer to 234 X 221 at 0.100000 m/pix
[planner_server-12] [INFO] [1790923773.366718022] [global_costmap.global_costmap]: StaticLayer: Resizing costmap to 234 X 221 at 0.100000 m/pix
[INFO] [1790923773.403161645] [mapex_explorer]: Main /plan diagnostic: poses=143, endpoint=(-6.08, -6.28), frontier=(-6.08, -6.28), endpoint_to_frontier=0.000 m, limit=0.10 m -> usable
[controller_server-10] [INFO] [1790923773.460126947] [controller_server]: Passing new path to controller.
[INFO] [1790923774.414219314] [mapex_explorer]: Main /plan diagnostic: poses=131, endpoint=(-6.08, -6.28), frontier=(-6.08, -6.28), endpoint_to_frontier=0.000 m, limit=0.10 m -> usable
[controller_server-10] [INFO] [1790923774.460132605] [controller_server]: Passing new path to controller.
[INFO] [1790923775.456611566] [mapex_explorer]: Main /plan diagnostic: poses=121, endpoint=(-6.08, -6.28), frontier=(-6.08, -6.28), endpoint_to_frontier=0.000 m, limit=0.10 m -> usable
[controller_server-10] [INFO] [1790923775.460124438] [controller_server]: Passing new path to controller.
[INFO] [1790923776.476497046] [mapex_explorer]: Main /plan diagnostic: poses=111, endpoint=(-6.08, -6.28), frontier=(-6.08, -6.28), endpoint_to_frontier=0.000 m, limit=0.10 m -> usable
[controller_server-10] [INFO] [1790923776.526789165] [controller_server]: Passing new path to controller.
[INFO] [1790923777.519198344] [mapex_explorer]: Main /plan diagnostic: poses=101, endpoint=(-6.08, -6.28), frontier=(-6.08, -6.28), endpoint_to_frontier=0.000 m, limit=0.10 m -> usable
[controller_server-10] [INFO] [1790923777.526789465] [controller_server]: Passing new path to controller.
[INFO] [1790923778.535546694] [mapex_explorer]: Main /plan diagnostic: poses=91, endpoint=(-6.08, -6.28), frontier=(-6.08, -6.28), endpoint_to_frontier=0.000 m, limit=0.10 m -> usable
[controller_server-10] [INFO] [1790923778.593475261] [controller_server]: Passing new path to controller.
[INFO] [1790923779.566076768] [mapex_explorer]: Main /plan diagnostic: poses=81, endpoint=(-6.08, -6.28), frontier=(-6.08, -6.28), endpoint_to_frontier=0.000 m, limit=0.10 m -> usable
[controller_server-10] [INFO] [1790923779.593485754] [controller_server]: Passing new path to controller.
[controller_server-10] [INFO] [1790923779.892665409] [local_costmap.local_costmap]: StaticLayer: Resizing static layer to 234 X 221 at 0.100000 m/pix
[planner_server-12] [INFO] [1790923780.366710181] [global_costmap.global_costmap]: StaticLayer: Resizing costmap to 234 X 221 at 0.100000 m/pix
[INFO] [1790923780.610568567] [mapex_explorer]: Main /plan diagnostic: poses=71, endpoint=(-6.08, -6.28), frontier=(-6.08, -6.28), endpoint_to_frontier=0.000 m, limit=0.10 m -> usable
[controller_server-10] [INFO] [1790923780.660137781] [controller_server]: Passing new path to controller.
[controller_server-10] [INFO] [1790923780.892628229] [local_costmap.local_costmap]: StaticLayer: Resizing static layer to 234 X 221 at 0.100000 m/pix
[planner_server-12] [INFO] [1790923781.366729181] [global_costmap.global_costmap]: StaticLayer: Resizing costmap to 234 X 221 at 0.100000 m/pix
[INFO] [1790923781.615478516] [mapex_explorer]: Main /plan diagnostic: poses=60, endpoint=(-6.08, -6.28), frontier=(-6.08, -6.28), endpoint_to_frontier=0.000 m, limit=0.10 m -> usable
[controller_server-10] [INFO] [1790923781.660159331] [controller_server]: Passing new path to controller.
[INFO] [1790923782.628533290] [mapex_explorer]: Main /plan diagnostic: poses=51, endpoint=(-6.08, -6.28), frontier=(-6.08, -6.28), endpoint_to_frontier=0.000 m, limit=0.10 m -> usable
[controller_server-10] [INFO] [1790923782.660138673] [controller_server]: Passing new path to controller.
[INFO] [1790923783.662072057] [mapex_explorer]: Main /plan diagnostic: poses=41, endpoint=(-6.08, -6.28), frontier=(-6.08, -6.28), endpoint_to_frontier=0.000 m, limit=0.10 m -> usable
[controller_server-10] [INFO] [1790923783.726791081] [controller_server]: Passing new path to controller.
[controller_server-10] [INFO] [1790923784.726790966] [controller_server]: Passing new path to controller.
[INFO] [1790923784.734376471] [mapex_explorer]: Main /plan diagnostic: poses=31, endpoint=(-6.08, -6.28), frontier=(-6.08, -6.28), endpoint_to_frontier=0.000 m, limit=0.10 m -> usable
[INFO] [1790923785.715356950] [mapex_explorer]: Main /plan diagnostic: poses=22, endpoint=(-6.08, -6.28), frontier=(-6.08, -6.28), endpoint_to_frontier=0.000 m, limit=0.10 m -> usable
[controller_server-10] [INFO] [1790923785.793458508] [controller_server]: Passing new path to controller.
[INFO] [1790923786.777211279] [mapex_explorer]: Main /plan diagnostic: poses=14, endpoint=(-6.08, -6.28), frontier=(-6.08, -6.28), endpoint_to_frontier=0.000 m, limit=0.10 m -> usable
[controller_server-10] [INFO] [1790923786.793481228] [controller_server]: Passing new path to controller.
[INFO] [1790923787.762232700] [mapex_explorer]: Main /plan diagnostic: poses=9, endpoint=(-6.08, -6.28), frontier=(-6.08, -6.28), endpoint_to_frontier=0.000 m, limit=0.10 m -> usable
[controller_server-10] [INFO] [1790923787.793483768] [controller_server]: Passing new path to controller.
[controller_server-10] [INFO] [1790923788.194843850] [controller_server]: Reached the goal!
[controller_server-10] [INFO] [1790923788.194955428] [controller_server]: Optimizer reset
[bt_navigator-15] [INFO] [1790923788.219495899] [bt_navigator]: Goal succeeded
[INFO] [1790923788.223376942] [mapex_explorer]: Goal reached
[INFO] [1790923791.382693458] [mapex_explorer]: MapEx decision 5: selected x=2.09, y=-10.78, IG=61.952187, distance=9.34 m, score=6.635852, region=63, candidates=10, near_fallback=False, compute=2.83 s
[bt_navigator-15] [INFO] [1790923791.383397804] [bt_navigator]: Begin navigating from current location (-5.92, -5.97) to (2.09, -10.78)
[controller_server-10] [INFO] [1790923791.403986636] [controller_server]: Received a goal, begin computing control effort.
[INFO] [1790923791.542069995] [mapex_explorer]: Main goal accepted
[INFO] [1790923791.551436193] [mapex_explorer]: Main /plan diagnostic: poses=254, endpoint=(2.09, -10.78), frontier=(2.09, -10.78), endpoint_to_frontier=0.000 m, limit=0.10 m -> usable
[INFO] [1790923792.444991161] [mapex_explorer]: Main /plan diagnostic: poses=249, endpoint=(2.09, -10.78), frontier=(2.09, -10.78), endpoint_to_frontier=0.000 m, limit=0.10 m -> usable
[controller_server-10] [INFO] [1790923792.470794692] [controller_server]: Passing new path to controller.
[controller_server-10] [INFO] [1790923793.470793361] [controller_server]: Passing new path to controller.
[INFO] [1790923793.486775378] [mapex_explorer]: Main /plan diagnostic: poses=245, endpoint=(2.09, -10.78), frontier=(2.09, -10.78), endpoint_to_frontier=0.000 m, limit=0.10 m -> usable
[INFO] [1790923794.496300496] [mapex_explorer]: Main /plan diagnostic: poses=241, endpoint=(2.09, -10.78), frontier=(2.09, -10.78), endpoint_to_frontier=0.000 m, limit=0.10 m -> usable
[controller_server-10] [INFO] [1790923794.537498416] [controller_server]: Passing new path to controller.
[INFO] [1790923795.534514144] [mapex_explorer]: Main /plan diagnostic: poses=241, endpoint=(2.09, -10.78), frontier=(2.09, -10.78), endpoint_to_frontier=0.000 m, limit=0.10 m -> usable
[controller_server-10] [INFO] [1790923795.537460345] [controller_server]: Passing new path to controller.
[INFO] [1790923796.540077997] [mapex_explorer]: Main /plan diagnostic: poses=234, endpoint=(2.09, -10.78), frontier=(2.09, -10.78), endpoint_to_frontier=0.000 m, limit=0.10 m -> usable
[controller_server-10] [INFO] [1790923796.604144400] [controller_server]: Passing new path to controller.
[INFO] [1790923797.576325424] [mapex_explorer]: Main /plan diagnostic: poses=224, endpoint=(2.09, -10.78), frontier=(2.09, -10.78), endpoint_to_frontier=0.000 m, limit=0.10 m -> usable
[controller_server-10] [INFO] [1790923797.604143210] [controller_server]: Passing new path to controller.
[controller_server-10] [INFO] [1790923798.604140376] [controller_server]: Passing new path to controller.
[INFO] [1790923798.610547496] [mapex_explorer]: Main /plan diagnostic: poses=213, endpoint=(2.09, -10.78), frontier=(2.09, -10.78), endpoint_to_frontier=0.000 m, limit=0.10 m -> usable
[INFO] [1790923799.627051513] [mapex_explorer]: Main /plan diagnostic: poses=203, endpoint=(2.09, -10.78), frontier=(2.09, -10.78), endpoint_to_frontier=0.000 m, limit=0.10 m -> usable
[controller_server-10] [INFO] [1790923799.670821226] [controller_server]: Passing new path to controller.
[INFO] [1790923800.634843687] [mapex_explorer]: Main /plan diagnostic: poses=193, endpoint=(2.09, -10.78), frontier=(2.09, -10.78), endpoint_to_frontier=0.000 m, limit=0.10 m -> usable
[controller_server-10] [INFO] [1790923800.670820008] [controller_server]: Passing new path to controller.
[INFO] [1790923801.677564911] [mapex_explorer]: Main /plan diagnostic: poses=183, endpoint=(2.09, -10.78), frontier=(2.09, -10.78), endpoint_to_frontier=0.000 m, limit=0.10 m -> usable
[controller_server-10] [INFO] [1790923801.737469895] [controller_server]: Passing new path to controller.
[INFO] [1790923802.682586930] [mapex_explorer]: Main /plan diagnostic: poses=173, endpoint=(2.09, -10.78), frontier=(2.09, -10.78), endpoint_to_frontier=0.000 m, limit=0.10 m -> usable
[controller_server-10] [INFO] [1790923802.737466526] [controller_server]: Passing new path to controller.
[controller_server-10] [INFO] [1790923803.737459148] [controller_server]: Passing new path to controller.
[INFO] [1790923803.766262458] [mapex_explorer]: Main /plan diagnostic: poses=163, endpoint=(2.09, -10.78), frontier=(2.09, -10.78), endpoint_to_frontier=0.000 m, limit=0.10 m -> usable
[INFO] [1790923804.776428145] [mapex_explorer]: Main /plan diagnostic: poses=153, endpoint=(2.09, -10.78), frontier=(2.09, -10.78), endpoint_to_frontier=0.000 m, limit=0.10 m -> usable
[controller_server-10] [INFO] [1790923804.804127402] [controller_server]: Passing new path to controller.
[INFO] [1790923805.793058082] [mapex_explorer]: Main /plan diagnostic: poses=143, endpoint=(2.09, -10.78), frontier=(2.09, -10.78), endpoint_to_frontier=0.000 m, limit=0.10 m -> usable
[controller_server-10] [INFO] [1790923805.804245946] [controller_server]: Passing new path to controller.
[controller_server-10] [INFO] [1790923806.804129247] [controller_server]: Passing new path to controller.
[INFO] [1790923806.863166607] [mapex_explorer]: Main /plan diagnostic: poses=133, endpoint=(2.09, -10.78), frontier=(2.09, -10.78), endpoint_to_frontier=0.000 m, limit=0.10 m -> usable
[INFO] [1790923807.830953451] [mapex_explorer]: Main /plan diagnostic: poses=124, endpoint=(2.09, -10.78), frontier=(2.09, -10.78), endpoint_to_frontier=0.000 m, limit=0.10 m -> usable
[controller_server-10] [INFO] [1790923807.870914085] [controller_server]: Passing new path to controller.
[controller_server-10] [INFO] [1790923808.870802153] [controller_server]: Passing new path to controller.
[INFO] [1790923808.877187149] [mapex_explorer]: Main /plan diagnostic: poses=113, endpoint=(2.09, -10.78), frontier=(2.09, -10.78), endpoint_to_frontier=0.000 m, limit=0.10 m -> usable
[INFO] [1790923809.903164253] [mapex_explorer]: Main /plan diagnostic: poses=102, endpoint=(2.09, -10.78), frontier=(2.09, -10.78), endpoint_to_frontier=0.000 m, limit=0.10 m -> usable
[controller_server-10] [INFO] [1790923809.937490000] [controller_server]: Passing new path to controller.
[controller_server-10] [INFO] [1790923810.937489890] [controller_server]: Passing new path to controller.
[INFO] [1790923810.997341487] [mapex_explorer]: Main /plan diagnostic: poses=92, endpoint=(2.09, -10.78), frontier=(2.09, -10.78), endpoint_to_frontier=0.000 m, limit=0.10 m -> usable
[INFO] [1790923811.919711646] [mapex_explorer]: Main /plan diagnostic: poses=83, endpoint=(2.09, -10.78), frontier=(2.09, -10.78), endpoint_to_frontier=0.000 m, limit=0.10 m -> usable
[controller_server-10] [INFO] [1790923811.937493055] [controller_server]: Passing new path to controller.
[INFO] [1790923812.938312527] [mapex_explorer]: Main /plan diagnostic: poses=74, endpoint=(2.09, -10.78), frontier=(2.09, -10.78), endpoint_to_frontier=0.000 m, limit=0.10 m -> usable
[controller_server-10] [INFO] [1790923813.004164376] [controller_server]: Passing new path to controller.
[controller_server-10] [INFO] [1790923814.004126767] [controller_server]: Passing new path to controller.
[INFO] [1790923814.069359065] [mapex_explorer]: Main /plan diagnostic: poses=62, endpoint=(2.09, -10.78), frontier=(2.09, -10.78), endpoint_to_frontier=0.000 m, limit=0.10 m -> usable
[controller_server-10] [INFO] [1790923815.004136430] [controller_server]: Passing new path to controller.
[INFO] [1790923815.081684917] [mapex_explorer]: Main /plan diagnostic: poses=50, endpoint=(2.09, -10.78), frontier=(2.09, -10.78), endpoint_to_frontier=0.000 m, limit=0.10 m -> usable
[INFO] [1790923816.040273733] [mapex_explorer]: Main /plan diagnostic: poses=42, endpoint=(2.09, -10.78), frontier=(2.09, -10.78), endpoint_to_frontier=0.000 m, limit=0.10 m -> usable
[controller_server-10] [INFO] [1790923816.070803667] [controller_server]: Passing new path to controller.
[controller_server-10] [INFO] [1790923817.070819362] [controller_server]: Passing new path to controller.
[INFO] [1790923817.084042088] [mapex_explorer]: Main /plan diagnostic: poses=31, endpoint=(2.09, -10.78), frontier=(2.09, -10.78), endpoint_to_frontier=0.000 m, limit=0.10 m -> usable
[INFO] [1790923818.047702410] [mapex_explorer]: Main /plan diagnostic: poses=21, endpoint=(2.09, -10.78), frontier=(2.09, -10.78), endpoint_to_frontier=0.000 m, limit=0.10 m -> usable
[controller_server-10] [INFO] [1790923818.070805691] [controller_server]: Passing new path to controller.
[INFO] [1790923819.081996402] [mapex_explorer]: Main /plan diagnostic: poses=15, endpoint=(2.09, -10.78), frontier=(2.09, -10.78), endpoint_to_frontier=0.000 m, limit=0.10 m -> usable
[controller_server-10] [INFO] [1790923819.137468896] [controller_server]: Passing new path to controller.
[INFO] [1790923820.115789474] [mapex_explorer]: Main /plan diagnostic: poses=10, endpoint=(2.09, -10.78), frontier=(2.09, -10.78), endpoint_to_frontier=0.000 m, limit=0.10 m -> usable
[controller_server-10] [INFO] [1790923820.137462915] [controller_server]: Passing new path to controller.
[controller_server-10] [INFO] [1790923820.473230196] [controller_server]: Reached the goal!
[controller_server-10] [INFO] [1790923820.473430690] [controller_server]: Optimizer reset
[bt_navigator-15] [INFO] [1790923820.493631481] [bt_navigator]: Goal succeeded
[INFO] [1790923820.496289640] [mapex_explorer]: Goal reached
[INFO] [1790923823.747664498] [mapex_explorer]: MapEx decision 6: selected x=7.39, y=-9.78, IG=42.973846, distance=5.59 m, score=7.692167, region=28, candidates=10, near_fallback=False, compute=3.18 s
[bt_navigator-15] [INFO] [1790923823.748530793] [bt_navigator]: Begin navigating from current location (1.87, -10.52) to (7.39, -9.78)
[controller_server-10] [INFO] [1790923823.769082205] [controller_server]: Received a goal, begin computing control effort.
[INFO] [1790923823.866995936] [mapex_explorer]: Main goal accepted
[INFO] [1790923823.878262010] [mapex_explorer]: Main /plan diagnostic: poses=208, endpoint=(7.39, -9.78), frontier=(7.39, -9.78), endpoint_to_frontier=0.000 m, limit=0.10 m -> usable
[INFO] [1790923824.812891987] [mapex_explorer]: Main /plan diagnostic: poses=205, endpoint=(7.39, -9.78), frontier=(7.39, -9.78), endpoint_to_frontier=0.000 m, limit=0.10 m -> usable
[controller_server-10] [INFO] [1790923824.835931526] [controller_server]: Passing new path to controller.
[INFO] [1790923825.785734816] [mapex_explorer]: Main /plan diagnostic: poses=197, endpoint=(7.39, -9.78), frontier=(7.39, -9.78), endpoint_to_frontier=0.000 m, limit=0.10 m -> usable
[controller_server-10] [INFO] [1790923825.835890279] [controller_server]: Passing new path to controller.
[INFO] [1790923826.818861500] [mapex_explorer]: Main /plan diagnostic: poses=191, endpoint=(7.39, -9.78), frontier=(7.39, -9.78), endpoint_to_frontier=0.000 m, limit=0.10 m -> usable
[controller_server-10] [INFO] [1790923826.835913185] [controller_server]: Passing new path to controller.
[INFO] [1790923827.846821466] [mapex_explorer]: Main /plan diagnostic: poses=185, endpoint=(7.39, -9.78), frontier=(7.39, -9.78), endpoint_to_frontier=0.000 m, limit=0.10 m -> usable
[controller_server-10] [INFO] [1790923827.902570241] [controller_server]: Passing new path to controller.
[INFO] [1790923828.886920990] [mapex_explorer]: Main /plan diagnostic: poses=185, endpoint=(7.39, -9.78), frontier=(7.39, -9.78), endpoint_to_frontier=0.000 m, limit=0.10 m -> usable
[controller_server-10] [INFO] [1790923828.902576161] [controller_server]: Passing new path to controller.
[controller_server-10] [INFO] [1790923829.969218768] [controller_server]: Passing new path to controller.
[INFO] [1790923829.981173122] [mapex_explorer]: Main /plan diagnostic: poses=179, endpoint=(7.39, -9.78), frontier=(7.39, -9.78), endpoint_to_frontier=0.000 m, limit=0.10 m -> usable
[INFO] [1790923830.962165958] [mapex_explorer]: Main /plan diagnostic: poses=171, endpoint=(7.39, -9.78), frontier=(7.39, -9.78), endpoint_to_frontier=0.000 m, limit=0.10 m -> usable
[controller_server-10] [INFO] [1790923830.969222188] [controller_server]: Passing new path to controller.
[INFO] [1790923831.961422641] [mapex_explorer]: Main /plan diagnostic: poses=160, endpoint=(7.39, -9.78), frontier=(7.39, -9.78), endpoint_to_frontier=0.000 m, limit=0.10 m -> usable
[controller_server-10] [INFO] [1790923832.035891267] [controller_server]: Passing new path to controller.
[INFO] [1790923832.999552857] [mapex_explorer]: Main /plan diagnostic: poses=148, endpoint=(7.39, -9.78), frontier=(7.39, -9.78), endpoint_to_frontier=0.000 m, limit=0.10 m -> usable
[controller_server-10] [INFO] [1790923833.035898793] [controller_server]: Passing new path to controller.
[INFO] [1790923834.018110066] [mapex_explorer]: Main /plan diagnostic: poses=138, endpoint=(7.39, -9.78), frontier=(7.39, -9.78), endpoint_to_frontier=0.000 m, limit=0.10 m -> usable
[controller_server-10] [INFO] [1790923834.035891157] [controller_server]: Passing new path to controller.
[INFO] [1790923835.087390239] [mapex_explorer]: Main /plan diagnostic: poses=128, endpoint=(7.39, -9.78), frontier=(7.39, -9.78), endpoint_to_frontier=0.000 m, limit=0.10 m -> usable
[controller_server-10] [INFO] [1790923835.102553937] [controller_server]: Passing new path to controller.
[controller_server-10] [INFO] [1790923836.102577305] [controller_server]: Passing new path to controller.
[INFO] [1790923836.176742759] [mapex_explorer]: Main /plan diagnostic: poses=118, endpoint=(7.39, -9.78), frontier=(7.39, -9.78), endpoint_to_frontier=0.000 m, limit=0.10 m -> usable
[INFO] [1790923837.118429540] [mapex_explorer]: Main /plan diagnostic: poses=108, endpoint=(7.39, -9.78), frontier=(7.39, -9.78), endpoint_to_frontier=0.000 m, limit=0.10 m -> usable
[controller_server-10] [INFO] [1790923837.169225779] [controller_server]: Passing new path to controller.
[INFO] [1790923838.116837428] [mapex_explorer]: Main /plan diagnostic: poses=95, endpoint=(7.39, -9.78), frontier=(7.39, -9.78), endpoint_to_frontier=0.000 m, limit=0.10 m -> usable
[controller_server-10] [INFO] [1790923838.169228685] [controller_server]: Passing new path to controller.
[INFO] [1790923839.152631652] [mapex_explorer]: Main /plan diagnostic: poses=89, endpoint=(7.39, -9.78), frontier=(7.39, -9.78), endpoint_to_frontier=0.000 m, limit=0.10 m -> usable
[controller_server-10] [INFO] [1790923839.169223398] [controller_server]: Passing new path to controller.
[INFO] [1790923840.174060469] [mapex_explorer]: Main /plan diagnostic: poses=77, endpoint=(7.39, -9.78), frontier=(7.39, -9.78), endpoint_to_frontier=0.000 m, limit=0.10 m -> usable
[controller_server-10] [INFO] [1790923840.235892053] [controller_server]: Passing new path to controller.
[controller_server-10] [INFO] [1790923841.235885850] [controller_server]: Passing new path to controller.
[INFO] [1790923841.241939822] [mapex_explorer]: Main /plan diagnostic: poses=67, endpoint=(7.39, -9.78), frontier=(7.39, -9.78), endpoint_to_frontier=0.000 m, limit=0.10 m -> usable
[INFO] [1790923842.220438896] [mapex_explorer]: Main /plan diagnostic: poses=57, endpoint=(7.39, -9.78), frontier=(7.39, -9.78), endpoint_to_frontier=0.000 m, limit=0.10 m -> usable
[controller_server-10] [INFO] [1790923842.235889582] [controller_server]: Passing new path to controller.
[INFO] [1790923843.287459633] [mapex_explorer]: Main /plan diagnostic: poses=47, endpoint=(7.39, -9.78), frontier=(7.39, -9.78), endpoint_to_frontier=0.000 m, limit=0.10 m -> usable
[controller_server-10] [INFO] [1790923843.302551831] [controller_server]: Passing new path to controller.
[controller_server-10] [INFO] [1790923844.302577975] [controller_server]: Passing new path to controller.
[INFO] [1790923844.308436318] [mapex_explorer]: Main /plan diagnostic: poses=36, endpoint=(7.39, -9.78), frontier=(7.39, -9.78), endpoint_to_frontier=0.000 m, limit=0.10 m -> usable
[INFO] [1790923845.304123582] [mapex_explorer]: Main /plan diagnostic: poses=28, endpoint=(7.39, -9.78), frontier=(7.39, -9.78), endpoint_to_frontier=0.000 m, limit=0.10 m -> usable
[controller_server-10] [INFO] [1790923845.369240640] [controller_server]: Passing new path to controller.
[INFO] [1790923846.323404079] [mapex_explorer]: Main /plan diagnostic: poses=22, endpoint=(7.39, -9.78), frontier=(7.39, -9.78), endpoint_to_frontier=0.000 m, limit=0.10 m -> usable
[controller_server-10] [INFO] [1790923846.369229908] [controller_server]: Passing new path to controller.
[controller_server-10] [INFO] [1790923847.369218985] [controller_server]: Passing new path to controller.
[INFO] [1790923847.441884783] [mapex_explorer]: Main /plan diagnostic: poses=15, endpoint=(7.39, -9.78), frontier=(7.39, -9.78), endpoint_to_frontier=0.000 m, limit=0.10 m -> usable
[INFO] [1790923848.374872419] [mapex_explorer]: Main /plan diagnostic: poses=13, endpoint=(7.39, -9.78), frontier=(7.39, -9.78), endpoint_to_frontier=0.000 m, limit=0.10 m -> usable
[controller_server-10] [INFO] [1790923848.435893612] [controller_server]: Passing new path to controller.
[controller_server-10] [INFO] [1790923848.505024597] [controller_server]: Reached the goal!
[controller_server-10] [INFO] [1790923848.505329224] [controller_server]: Optimizer reset
[bt_navigator-15] [INFO] [1790923848.528741572] [bt_navigator]: Goal succeeded
[INFO] [1790923848.531638026] [mapex_explorer]: Goal reached
[INFO] [1790923851.647956887] [mapex_explorer]: MapEx decision 7: selected x=-3.31, y=5.32, IG=54.694881, distance=18.14 m, score=3.015100, region=18, candidates=11, near_fallback=False, compute=3.09 s
[bt_navigator-15] [INFO] [1790923851.649089824] [bt_navigator]: Begin navigating from current location (7.26, -9.49) to (-3.31, 5.32)
[controller_server-10] [INFO] [1790923851.669793179] [controller_server]: Received a goal, begin computing control effort.
[INFO] [1790923852.111283791] [mapex_explorer]: Main goal accepted
[INFO] [1790923852.164994328] [mapex_explorer]: Main /plan diagnostic: poses=372, endpoint=(-3.31, 5.32), frontier=(-3.31, 5.32), endpoint_to_frontier=0.000 m, limit=0.10 m -> usable
[INFO] [1790923852.706930492] [mapex_explorer]: Main /plan diagnostic: poses=371, endpoint=(-3.31, 5.32), frontier=(-3.31, 5.32), endpoint_to_frontier=0.000 m, limit=0.10 m -> usable
[controller_server-10] [INFO] [1790923852.736583492] [controller_server]: Passing new path to controller.
[INFO] [1790923853.713787466] [mapex_explorer]: Main /plan diagnostic: poses=369, endpoint=(-3.31, 5.32), frontier=(-3.31, 5.32), endpoint_to_frontier=0.000 m, limit=0.10 m -> usable
[controller_server-10] [INFO] [1790923853.736581121] [controller_server]: Passing new path to controller.
[INFO] [1790923854.753367021] [mapex_explorer]: Main /plan diagnostic: poses=369, endpoint=(-3.31, 5.32), frontier=(-3.31, 5.32), endpoint_to_frontier=0.000 m, limit=0.10 m -> usable
[controller_server-10] [INFO] [1790923854.803246986] [controller_server]: Passing new path to controller.
[INFO] [1790923855.778315937] [mapex_explorer]: Main /plan diagnostic: poses=359, endpoint=(-3.31, 5.32), frontier=(-3.31, 5.32), endpoint_to_frontier=0.000 m, limit=0.10 m -> usable
[controller_server-10] [INFO] [1790923855.803260584] [controller_server]: Passing new path to controller.
[INFO] [1790923856.801116978] [mapex_explorer]: Main /plan diagnostic: poses=349, endpoint=(-3.31, 5.32), frontier=(-3.31, 5.32), endpoint_to_frontier=0.000 m, limit=0.10 m -> usable
[controller_server-10] [INFO] [1790923856.803247732] [controller_server]: Passing new path to controller.
[INFO] [1790923857.826267464] [mapex_explorer]: Main /plan diagnostic: poses=337, endpoint=(-3.31, 5.32), frontier=(-3.31, 5.32), endpoint_to_frontier=0.000 m, limit=0.10 m -> usable
[controller_server-10] [INFO] [1790923857.869922789] [controller_server]: Passing new path to controller.
[rviz2-7] [INFO] [1790923858.782777254] [rviz2]: Trying to create a map of size 241 x 221 using 1 swatches
[INFO] [1790923858.839443728] [mapex_explorer]: Main /plan diagnostic: poses=328, endpoint=(-3.31, 5.32), frontier=(-3.31, 5.32), endpoint_to_frontier=0.000 m, limit=0.10 m -> usable
[controller_server-10] [INFO] [1790923858.869914565] [controller_server]: Passing new path to controller.
[controller_server-10] [INFO] [1790923858.892614929] [local_costmap.local_costmap]: StaticLayer: Resizing static layer to 241 X 221 at 0.100000 m/pix
[planner_server-12] [INFO] [1790923859.366730564] [global_costmap.global_costmap]: StaticLayer: Resizing costmap to 241 X 221 at 0.100000 m/pix
[rviz2-7] [INFO] [1790923859.770345030] [rviz2]: Trying to create a map of size 252 x 221 using 1 swatches
[INFO] [1790923859.873927017] [mapex_explorer]: Main /plan diagnostic: poses=318, endpoint=(-3.31, 5.32), frontier=(-3.31, 5.32), endpoint_to_frontier=0.000 m, limit=0.10 m -> usable
[controller_server-10] [INFO] [1790923859.892614195] [local_costmap.local_costmap]: StaticLayer: Resizing static layer to 252 X 221 at 0.100000 m/pix
[controller_server-10] [INFO] [1790923859.936611673] [controller_server]: Passing new path to controller.
[planner_server-12] [INFO] [1790923860.366716031] [global_costmap.global_costmap]: StaticLayer: Resizing costmap to 252 X 221 at 0.100000 m/pix
[rviz2-7] [INFO] [1790923860.763309810] [rviz2]: Trying to create a map of size 265 x 221 using 1 swatches
[controller_server-10] [INFO] [1790923860.892660076] [local_costmap.local_costmap]: StaticLayer: Resizing static layer to 265 X 221 at 0.100000 m/pix
[INFO] [1790923860.926504465] [mapex_explorer]: Main /plan diagnostic: poses=306, endpoint=(-3.31, 5.32), frontier=(-3.31, 5.32), endpoint_to_frontier=0.000 m, limit=0.10 m -> usable
[controller_server-10] [INFO] [1790923860.936583012] [controller_server]: Passing new path to controller.
[planner_server-12] [INFO] [1790923861.366716750] [global_costmap.global_costmap]: StaticLayer: Resizing costmap to 265 X 221 at 0.100000 m/pix
[INFO] [1790923861.935061513] [mapex_explorer]: Main /plan diagnostic: poses=298, endpoint=(-3.31, 5.32), frontier=(-3.31, 5.32), endpoint_to_frontier=0.000 m, limit=0.10 m -> usable
[controller_server-10] [INFO] [1790923861.936586140] [controller_server]: Passing new path to controller.
[controller_server-10] [INFO] [1790923863.003283144] [controller_server]: Passing new path to controller.
[INFO] [1790923863.047307888] [mapex_explorer]: Main /plan diagnostic: poses=287, endpoint=(-3.31, 5.32), frontier=(-3.31, 5.32), endpoint_to_frontier=0.000 m, limit=0.10 m -> usable
[INFO] [1790923863.997842561] [mapex_explorer]: Main /plan diagnostic: poses=276, endpoint=(-3.31, 5.32), frontier=(-3.31, 5.32), endpoint_to_frontier=0.000 m, limit=0.10 m -> usable
[controller_server-10] [INFO] [1790923864.003281500] [controller_server]: Passing new path to controller.
[INFO] [1790923864.992012189] [mapex_explorer]: Main /plan diagnostic: poses=266, endpoint=(-3.31, 5.32), frontier=(-3.31, 5.32), endpoint_to_frontier=0.000 m, limit=0.10 m -> usable
[controller_server-10] [INFO] [1790923865.003256064] [controller_server]: Passing new path to controller.
[INFO] [1790923866.042648867] [mapex_explorer]: Main /plan diagnostic: poses=256, endpoint=(-3.31, 5.32), frontier=(-3.31, 5.32), endpoint_to_frontier=0.000 m, limit=0.10 m -> usable
[controller_server-10] [INFO] [1790923866.069872795] [controller_server]: Passing new path to controller.
[controller_server-10] [INFO] [1790923867.069891492] [controller_server]: Passing new path to controller.
[INFO] [1790923867.082711642] [mapex_explorer]: Main /plan diagnostic: poses=246, endpoint=(-3.31, 5.32), frontier=(-3.31, 5.32), endpoint_to_frontier=0.000 m, limit=0.10 m -> usable
[controller_server-10] [INFO] [1790923868.136608503] [controller_server]: Passing new path to controller.
[INFO] [1790923868.175575694] [mapex_explorer]: Main /plan diagnostic: poses=236, endpoint=(-3.31, 5.32), frontier=(-3.31, 5.32), endpoint_to_frontier=0.000 m, limit=0.10 m -> usable
[INFO] [1790923869.096412893] [mapex_explorer]: Main /plan diagnostic: poses=226, endpoint=(-3.31, 5.32), frontier=(-3.31, 5.32), endpoint_to_frontier=0.000 m, limit=0.10 m -> usable
[controller_server-10] [INFO] [1790923869.136583189] [controller_server]: Passing new path to controller.
[controller_server-10] [INFO] [1790923870.136599852] [controller_server]: Passing new path to controller.
[INFO] [1790923870.150195663] [mapex_explorer]: Main /plan diagnostic: poses=216, endpoint=(-3.31, 5.32), frontier=(-3.31, 5.32), endpoint_to_frontier=0.000 m, limit=0.10 m -> usable
[INFO] [1790923871.146613562] [mapex_explorer]: Main /plan diagnostic: poses=204, endpoint=(-3.31, 5.32), frontier=(-3.31, 5.32), endpoint_to_frontier=0.000 m, limit=0.10 m -> usable
[controller_server-10] [INFO] [1790923871.203279816] [controller_server]: Passing new path to controller.
[controller_server-10] [INFO] [1790923872.203245468] [controller_server]: Passing new path to controller.
[INFO] [1790923872.322553456] [mapex_explorer]: Main /plan diagnostic: poses=195, endpoint=(-3.31, 5.32), frontier=(-3.31, 5.32), endpoint_to_frontier=0.000 m, limit=0.10 m -> usable
[INFO] [1790923873.246454540] [mapex_explorer]: Main /plan diagnostic: poses=185, endpoint=(-3.31, 5.32), frontier=(-3.31, 5.32), endpoint_to_frontier=0.000 m, limit=0.10 m -> usable
[controller_server-10] [INFO] [1790923873.269918170] [controller_server]: Passing new path to controller.
[async_slam_toolbox_node-9] WARNING: Logging before InitGoogleLogging() is written to STDERR
[async_slam_toolbox_node-9] W20261002 13:51:13.728591 26986 preprocessor.cc:67] Specified options.num_threads: 50 exceeds maximum available from the threading model Ceres was compiled with: 16.  Bounding to maximum number available.
[async_slam_toolbox_node-9] [INFO] [1790923873.734996356] [slam_toolbox]: Adaptive anchor summary: latest_node=398, local_edges=414, loop_history=0, avg_effective_weight=1.696, release_regions=0
[controller_server-10] [INFO] [1790923873.892662515] [local_costmap.local_costmap]: StaticLayer: Resizing static layer to 265 X 221 at 0.100000 m/pix
[INFO] [1790923874.248371827] [mapex_explorer]: Main /plan diagnostic: poses=176, endpoint=(-3.31, 5.32), frontier=(-3.31, 5.32), endpoint_to_frontier=0.000 m, limit=0.10 m -> usable
[controller_server-10] [INFO] [1790923874.269928241] [controller_server]: Passing new path to controller.
[planner_server-12] [INFO] [1790923874.366735218] [global_costmap.global_costmap]: StaticLayer: Resizing costmap to 265 X 221 at 0.100000 m/pix
[INFO] [1790923875.244612768] [mapex_explorer]: Main /plan diagnostic: poses=168, endpoint=(-3.31, 5.32), frontier=(-3.31, 5.32), endpoint_to_frontier=0.000 m, limit=0.10 m -> usable
[controller_server-10] [INFO] [1790923875.269931954] [controller_server]: Passing new path to controller.
[rviz2-7] [INFO] [1790923875.772607226] [rviz2]: Trying to create a map of size 265 x 238 using 1 swatches
[controller_server-10] [INFO] [1790923875.892650531] [local_costmap.local_costmap]: StaticLayer: Resizing static layer to 265 X 238 at 0.100000 m/pix
[INFO] [1790923876.284403557] [mapex_explorer]: Main /plan diagnostic: poses=158, endpoint=(-3.31, 5.32), frontier=(-3.31, 5.32), endpoint_to_frontier=0.000 m, limit=0.10 m -> usable
[controller_server-10] [INFO] [1790923876.336606110] [controller_server]: Passing new path to controller.
[planner_server-12] [INFO] [1790923876.366739683] [global_costmap.global_costmap]: StaticLayer: Resizing costmap to 265 X 238 at 0.100000 m/pix
[rviz2-7] [INFO] [1790923876.796182703] [rviz2]: Trying to create a map of size 265 x 241 using 1 swatches
[controller_server-10] [INFO] [1790923876.892658636] [local_costmap.local_costmap]: StaticLayer: Resizing static layer to 265 X 241 at 0.100000 m/pix
[INFO] [1790923877.298288600] [mapex_explorer]: Main /plan diagnostic: poses=146, endpoint=(-3.31, 5.32), frontier=(-3.31, 5.32), endpoint_to_frontier=0.000 m, limit=0.10 m -> usable
[controller_server-10] [INFO] [1790923877.336582720] [controller_server]: Passing new path to controller.
[planner_server-12] [INFO] [1790923877.366706041] [global_costmap.global_costmap]: StaticLayer: Resizing costmap to 265 X 241 at 0.100000 m/pix
[INFO] [1790923878.331239902] [mapex_explorer]: Main /plan diagnostic: poses=136, endpoint=(-3.31, 5.32), frontier=(-3.31, 5.32), endpoint_to_frontier=0.000 m, limit=0.10 m -> usable
[controller_server-10] [INFO] [1790923878.336611496] [controller_server]: Passing new path to controller.
[rviz2-7] [INFO] [1790923878.780891382] [rviz2]: Trying to create a map of size 265 x 250 using 1 swatches
[controller_server-10] [INFO] [1790923878.892857627] [local_costmap.local_costmap]: StaticLayer: Resizing static layer to 265 X 250 at 0.100000 m/pix
[INFO] [1790923879.353484449] [mapex_explorer]: Main /plan diagnostic: poses=126, endpoint=(-3.31, 5.32), frontier=(-3.31, 5.32), endpoint_to_frontier=0.000 m, limit=0.10 m -> usable
[planner_server-12] [INFO] [1790923879.366704830] [global_costmap.global_costmap]: StaticLayer: Resizing costmap to 265 X 250 at 0.100000 m/pix
[controller_server-10] [INFO] [1790923879.403262762] [controller_server]: Passing new path to controller.
[INFO] [1790923880.358107957] [mapex_explorer]: Main /plan diagnostic: poses=116, endpoint=(-3.31, 5.32), frontier=(-3.31, 5.32), endpoint_to_frontier=0.000 m, limit=0.10 m -> usable
[controller_server-10] [INFO] [1790923880.403308121] [controller_server]: Passing new path to controller.
[INFO] [1790923881.393831687] [mapex_explorer]: Main /plan diagnostic: poses=106, endpoint=(-3.31, 5.32), frontier=(-3.31, 5.32), endpoint_to_frontier=0.000 m, limit=0.10 m -> usable
[controller_server-10] [INFO] [1790923881.403264878] [controller_server]: Passing new path to controller.
[INFO] [1790923882.417778107] [mapex_explorer]: Main /plan diagnostic: poses=96, endpoint=(-3.31, 5.32), frontier=(-3.31, 5.32), endpoint_to_frontier=0.000 m, limit=0.10 m -> usable
[controller_server-10] [INFO] [1790923882.469919426] [controller_server]: Passing new path to controller.
[INFO] [1790923883.452759463] [mapex_explorer]: Main /plan diagnostic: poses=86, endpoint=(-3.31, 5.32), frontier=(-3.31, 5.32), endpoint_to_frontier=0.000 m, limit=0.10 m -> usable
[controller_server-10] [INFO] [1790923883.469917965] [controller_server]: Passing new path to controller.
[INFO] [1790923884.467881953] [mapex_explorer]: Main /plan diagnostic: poses=76, endpoint=(-3.31, 5.32), frontier=(-3.31, 5.32), endpoint_to_frontier=0.000 m, limit=0.10 m -> usable
[controller_server-10] [INFO] [1790923884.536605086] [controller_server]: Passing new path to controller.
[INFO] [1790923885.492815475] [mapex_explorer]: Main /plan diagnostic: poses=66, endpoint=(-3.31, 5.32), frontier=(-3.31, 5.32), endpoint_to_frontier=0.000 m, limit=0.10 m -> usable
[controller_server-10] [INFO] [1790923885.536591666] [controller_server]: Passing new path to controller.
[controller_server-10] [INFO] [1790923886.536588819] [controller_server]: Passing new path to controller.
[INFO] [1790923886.594460189] [mapex_explorer]: Main /plan diagnostic: poses=56, endpoint=(-3.31, 5.32), frontier=(-3.31, 5.32), endpoint_to_frontier=0.000 m, limit=0.10 m -> usable
[controller_server-10] [INFO] [1790923887.603255077] [controller_server]: Passing new path to controller.
[INFO] [1790923887.604026251] [mapex_explorer]: Main /plan diagnostic: poses=44, endpoint=(-3.31, 5.32), frontier=(-3.31, 5.32), endpoint_to_frontier=0.000 m, limit=0.10 m -> usable
[INFO] [1790923888.584360176] [mapex_explorer]: Main /plan diagnostic: poses=34, endpoint=(-3.31, 5.32), frontier=(-3.31, 5.32), endpoint_to_frontier=0.000 m, limit=0.10 m -> usable
[controller_server-10] [INFO] [1790923888.603262738] [controller_server]: Passing new path to controller.
[INFO] [1790923889.643407514] [mapex_explorer]: Main /plan diagnostic: poses=26, endpoint=(-3.31, 5.32), frontier=(-3.31, 5.32), endpoint_to_frontier=0.000 m, limit=0.10 m -> usable
[controller_server-10] [INFO] [1790923889.669915794] [controller_server]: Passing new path to controller.
[INFO] [1790923890.637965001] [mapex_explorer]: Main /plan diagnostic: poses=19, endpoint=(-3.31, 5.32), frontier=(-3.31, 5.32), endpoint_to_frontier=0.000 m, limit=0.10 m -> usable
[controller_server-10] [INFO] [1790923890.669924571] [controller_server]: Passing new path to controller.
[INFO] [1790923891.654364457] [mapex_explorer]: Main /plan diagnostic: poses=14, endpoint=(-3.31, 5.32), frontier=(-3.31, 5.32), endpoint_to_frontier=0.000 m, limit=0.10 m -> usable
[controller_server-10] [INFO] [1790923891.669915898] [controller_server]: Passing new path to controller.
[INFO] [1790923892.682889295] [mapex_explorer]: Main /plan diagnostic: poses=11, endpoint=(-3.31, 5.32), frontier=(-3.31, 5.32), endpoint_to_frontier=0.000 m, limit=0.10 m -> usable
[controller_server-10] [INFO] [1790923892.736605104] [controller_server]: Passing new path to controller.
[controller_server-10] [INFO] [1790923892.738227195] [controller_server]: Reached the goal!
[controller_server-10] [INFO] [1790923892.738379198] [controller_server]: Optimizer reset
[bt_navigator-15] [INFO] [1790923892.769327816] [bt_navigator]: Goal succeeded
[INFO] [1790923892.770545001] [mapex_explorer]: Goal reached
[INFO] [1790923897.384465218] [mapex_explorer]: MapEx decision 8: selected x=-0.31, y=8.52, IG=86.743530, distance=4.20 m, score=20.645555, region=89, candidates=15, near_fallback=False, compute=3.81 s
[bt_navigator-15] [INFO] [1790923897.385327235] [bt_navigator]: Begin navigating from current location (-3.00, 5.29) to (-0.31, 8.52)
[controller_server-10] [INFO] [1790923897.405877584] [controller_server]: Received a goal, begin computing control effort.
[INFO] [1790923897.608335073] [mapex_explorer]: Main goal accepted
[INFO] [1790923897.622202081] [mapex_explorer]: Main /plan diagnostic: poses=141, endpoint=(-0.31, 8.52), frontier=(-0.31, 8.52), endpoint_to_frontier=0.000 m, limit=0.10 m -> usable
[INFO] [1790923898.428981686] [mapex_explorer]: Main /plan diagnostic: poses=137, endpoint=(-0.31, 8.52), frontier=(-0.31, 8.52), endpoint_to_frontier=0.000 m, limit=0.10 m -> usable
[controller_server-10] [INFO] [1790923898.472702675] [controller_server]: Passing new path to controller.
[controller_server-10] [INFO] [1790923899.472683338] [controller_server]: Passing new path to controller.
[INFO] [1790923899.498655174] [mapex_explorer]: Main /plan diagnostic: poses=129, endpoint=(-0.31, 8.52), frontier=(-0.31, 8.52), endpoint_to_frontier=0.000 m, limit=0.10 m -> usable
[INFO] [1790923900.488292288] [mapex_explorer]: Main /plan diagnostic: poses=123, endpoint=(-0.31, 8.52), frontier=(-0.31, 8.52), endpoint_to_frontier=0.000 m, limit=0.10 m -> usable
[controller_server-10] [INFO] [1790923900.539382461] [controller_server]: Passing new path to controller.
[INFO] [1790923901.504819803] [mapex_explorer]: Main /plan diagnostic: poses=115, endpoint=(-0.31, 8.52), frontier=(-0.31, 8.52), endpoint_to_frontier=0.000 m, limit=0.10 m -> usable
[controller_server-10] [INFO] [1790923901.539346643] [controller_server]: Passing new path to controller.
[INFO] [1790923902.563368782] [mapex_explorer]: Main /plan diagnostic: poses=109, endpoint=(-0.31, 8.52), frontier=(-0.31, 8.52), endpoint_to_frontier=0.000 m, limit=0.10 m -> usable
[controller_server-10] [INFO] [1790923902.606014685] [controller_server]: Passing new path to controller.
[INFO] [1790923903.565324410] [mapex_explorer]: Main /plan diagnostic: poses=101, endpoint=(-0.31, 8.52), frontier=(-0.31, 8.52), endpoint_to_frontier=0.000 m, limit=0.10 m -> usable
[controller_server-10] [INFO] [1790923903.606012498] [controller_server]: Passing new path to controller.
[INFO] [1790923904.595346600] [mapex_explorer]: Main /plan diagnostic: poses=93, endpoint=(-0.31, 8.52), frontier=(-0.31, 8.52), endpoint_to_frontier=0.000 m, limit=0.10 m -> usable
[controller_server-10] [INFO] [1790923904.672717960] [controller_server]: Passing new path to controller.
[INFO] [1790923905.668882774] [mapex_explorer]: Main /plan diagnostic: poses=87, endpoint=(-0.31, 8.52), frontier=(-0.31, 8.52), endpoint_to_frontier=0.000 m, limit=0.10 m -> usable
[controller_server-10] [INFO] [1790923905.672688501] [controller_server]: Passing new path to controller.
[INFO] [1790923906.648628300] [mapex_explorer]: Main /plan diagnostic: poses=81, endpoint=(-0.31, 8.52), frontier=(-0.31, 8.52), endpoint_to_frontier=0.000 m, limit=0.10 m -> usable
[controller_server-10] [INFO] [1790923906.672730134] [controller_server]: Passing new path to controller.
[INFO] [1790923907.687333647] [mapex_explorer]: Main /plan diagnostic: poses=71, endpoint=(-0.31, 8.52), frontier=(-0.31, 8.52), endpoint_to_frontier=0.000 m, limit=0.10 m -> usable
[controller_server-10] [INFO] [1790923907.739365577] [controller_server]: Passing new path to controller.
[INFO] [1790923908.703654444] [mapex_explorer]: Main /plan diagnostic: poses=77, endpoint=(-0.31, 8.52), frontier=(-0.31, 8.52), endpoint_to_frontier=0.000 m, limit=0.10 m -> usable
[controller_server-10] [INFO] [1790923908.739367022] [controller_server]: Passing new path to controller.
[controller_server-10] [INFO] [1790923909.739350310] [controller_server]: Passing new path to controller.
[INFO] [1790923909.775396889] [mapex_explorer]: Main /plan diagnostic: poses=77, endpoint=(-0.31, 8.52), frontier=(-0.31, 8.52), endpoint_to_frontier=0.000 m, limit=0.10 m -> usable
[INFO] [1790923910.767505512] [mapex_explorer]: Main /plan diagnostic: poses=84, endpoint=(-0.31, 8.52), frontier=(-0.31, 8.52), endpoint_to_frontier=0.000 m, limit=0.10 m -> usable
[controller_server-10] [INFO] [1790923910.806026442] [controller_server]: Passing new path to controller.
[controller_server-10] [INFO] [1790923911.806035834] [controller_server]: Passing new path to controller.
[INFO] [1790923911.855938271] [mapex_explorer]: Main /plan diagnostic: poses=83, endpoint=(-0.31, 8.52), frontier=(-0.31, 8.52), endpoint_to_frontier=0.000 m, limit=0.10 m -> usable
[INFO] [1790923912.814200958] [mapex_explorer]: Main /plan diagnostic: poses=78, endpoint=(-0.31, 8.52), frontier=(-0.31, 8.52), endpoint_to_frontier=0.000 m, limit=0.10 m -> usable
[controller_server-10] [INFO] [1790923912.872718157] [controller_server]: Passing new path to controller.
[INFO] [1790923913.833885300] [mapex_explorer]: Main /plan diagnostic: poses=73, endpoint=(-0.31, 8.52), frontier=(-0.31, 8.52), endpoint_to_frontier=0.000 m, limit=0.10 m -> usable
[controller_server-10] [INFO] [1790923913.872710270] [controller_server]: Passing new path to controller.
[controller_server-10] [INFO] [1790923914.939356116] [controller_server]: Passing new path to controller.
[INFO] [1790923914.944773505] [mapex_explorer]: Main /plan diagnostic: poses=64, endpoint=(-0.31, 8.52), frontier=(-0.31, 8.52), endpoint_to_frontier=0.000 m, limit=0.10 m -> usable
[INFO] [1790923915.931141107] [mapex_explorer]: Main /plan diagnostic: poses=57, endpoint=(-0.31, 8.52), frontier=(-0.31, 8.52), endpoint_to_frontier=0.000 m, limit=0.10 m -> usable
[controller_server-10] [INFO] [1790923915.939382528] [controller_server]: Passing new path to controller.
[INFO] [1790923916.925671033] [mapex_explorer]: Main /plan diagnostic: poses=47, endpoint=(-0.31, 8.52), frontier=(-0.31, 8.52), endpoint_to_frontier=0.000 m, limit=0.10 m -> usable
[controller_server-10] [INFO] [1790923916.939350528] [controller_server]: Passing new path to controller.
[INFO] [1790923917.966137034] [mapex_explorer]: Main /plan diagnostic: poses=37, endpoint=(-0.31, 8.52), frontier=(-0.31, 8.52), endpoint_to_frontier=0.000 m, limit=0.10 m -> usable
[controller_server-10] [INFO] [1790923918.006017487] [controller_server]: Passing new path to controller.
[INFO] [1790923918.978918830] [mapex_explorer]: Main /plan diagnostic: poses=29, endpoint=(-0.31, 8.52), frontier=(-0.31, 8.52), endpoint_to_frontier=0.000 m, limit=0.10 m -> usable
[controller_server-10] [INFO] [1790923919.006018132] [controller_server]: Passing new path to controller.
[INFO] [1790923920.028878813] [mapex_explorer]: Main /plan diagnostic: poses=21, endpoint=(-0.31, 8.52), frontier=(-0.31, 8.52), endpoint_to_frontier=0.000 m, limit=0.10 m -> usable
[controller_server-10] [INFO] [1790923920.072694381] [controller_server]: Passing new path to controller.
[controller_server-10] [INFO] [1790923921.072683905] [controller_server]: Passing new path to controller.
[INFO] [1790923921.086722323] [mapex_explorer]: Main /plan diagnostic: poses=15, endpoint=(-0.31, 8.52), frontier=(-0.31, 8.52), endpoint_to_frontier=0.000 m, limit=0.10 m -> usable
[INFO] [1790923922.104200938] [mapex_explorer]: Main /plan diagnostic: poses=7, endpoint=(-0.31, 8.52), frontier=(-0.31, 8.52), endpoint_to_frontier=0.000 m, limit=0.10 m -> usable
[controller_server-10] [INFO] [1790923922.139386832] [controller_server]: Passing new path to controller.
[controller_server-10] [INFO] [1790923922.408270505] [controller_server]: Reached the goal!
[controller_server-10] [INFO] [1790923922.408588444] [controller_server]: Optimizer reset
[bt_navigator-15] [INFO] [1790923922.435566605] [bt_navigator]: Goal succeeded
[INFO] [1790923922.439514472] [mapex_explorer]: Goal reached
[INFO] [1790923926.198192700] [mapex_explorer]: MapEx decision 9: selected x=0.29, y=9.82, IG=33.211922, distance=1.76 m, score=18.818455, region=16, candidates=12, near_fallback=False, compute=3.64 s
[bt_navigator-15] [INFO] [1790923926.199402467] [bt_navigator]: Begin navigating from current location (-0.60, 8.33) to (0.29, 9.82)
[controller_server-10] [INFO] [1790923926.219916348] [controller_server]: Received a goal, begin computing control effort.
[INFO] [1790923926.404162476] [mapex_explorer]: Main goal accepted
[INFO] [1790923926.556073453] [mapex_explorer]: Main /plan diagnostic: poses=127, endpoint=(0.29, 9.82), frontier=(0.29, 9.82), endpoint_to_frontier=0.000 m, limit=0.10 m -> usable
[INFO] [1790923927.261883602] [mapex_explorer]: Main /plan diagnostic: poses=122, endpoint=(0.29, 9.82), frontier=(0.29, 9.82), endpoint_to_frontier=0.000 m, limit=0.10 m -> usable
[controller_server-10] [INFO] [1790923927.286687520] [controller_server]: Passing new path to controller.
[controller_server-10] [INFO] [1790923928.286719048] [controller_server]: Passing new path to controller.
[INFO] [1790923928.349235048] [mapex_explorer]: Main /plan diagnostic: poses=122, endpoint=(0.29, 9.82), frontier=(0.29, 9.82), endpoint_to_frontier=0.000 m, limit=0.10 m -> usable
[INFO] [1790923929.313162263] [mapex_explorer]: Main /plan diagnostic: poses=120, endpoint=(0.29, 9.82), frontier=(0.29, 9.82), endpoint_to_frontier=0.000 m, limit=0.10 m -> usable
[controller_server-10] [INFO] [1790923929.353459233] [controller_server]: Passing new path to controller.
[INFO] [1790923930.325972979] [mapex_explorer]: Main /plan diagnostic: poses=112, endpoint=(0.29, 9.82), frontier=(0.29, 9.82), endpoint_to_frontier=0.000 m, limit=0.10 m -> usable
[controller_server-10] [INFO] [1790923930.353404922] [controller_server]: Passing new path to controller.
[INFO] [1790923931.384559105] [mapex_explorer]: Main /plan diagnostic: poses=102, endpoint=(0.29, 9.82), frontier=(0.29, 9.82), endpoint_to_frontier=0.000 m, limit=0.10 m -> usable
[controller_server-10] [INFO] [1790923931.420073637] [controller_server]: Passing new path to controller.
[INFO] [1790923932.375246179] [mapex_explorer]: Main /plan diagnostic: poses=97, endpoint=(0.29, 9.82), frontier=(0.29, 9.82), endpoint_to_frontier=0.000 m, limit=0.10 m -> usable
[controller_server-10] [INFO] [1790923932.420069493] [controller_server]: Passing new path to controller.
[controller_server-10] [INFO] [1790923933.420067013] [controller_server]: Passing new path to controller.
[INFO] [1790923933.451147422] [mapex_explorer]: Main /plan diagnostic: poses=89, endpoint=(0.29, 9.82), frontier=(0.29, 9.82), endpoint_to_frontier=0.000 m, limit=0.10 m -> usable
[INFO] [1790923934.442943586] [mapex_explorer]: Main /plan diagnostic: poses=79, endpoint=(0.29, 9.82), frontier=(0.29, 9.82), endpoint_to_frontier=0.000 m, limit=0.10 m -> usable
[controller_server-10] [INFO] [1790923934.486688745] [controller_server]: Passing new path to controller.
[INFO] [1790923935.447293478] [mapex_explorer]: Main /plan diagnostic: poses=66, endpoint=(0.29, 9.82), frontier=(0.29, 9.82), endpoint_to_frontier=0.000 m, limit=0.10 m -> usable
[controller_server-10] [INFO] [1790923935.486706323] [controller_server]: Passing new path to controller.
[controller_server-10] [INFO] [1790923936.486690976] [controller_server]: Passing new path to controller.
[INFO] [1790923936.518133615] [mapex_explorer]: Main /plan diagnostic: poses=52, endpoint=(0.29, 9.82), frontier=(0.29, 9.82), endpoint_to_frontier=0.000 m, limit=0.10 m -> usable
[controller_server-10] [INFO] [1790923937.553430002] [controller_server]: Passing new path to controller.
[INFO] [1790923937.758367805] [mapex_explorer]: Main /plan diagnostic: poses=47, endpoint=(0.29, 9.82), frontier=(0.29, 9.82), endpoint_to_frontier=0.000 m, limit=0.10 m -> usable
[INFO] [1790923938.544097344] [mapex_explorer]: Main /plan diagnostic: poses=35, endpoint=(0.29, 9.82), frontier=(0.29, 9.82), endpoint_to_frontier=0.000 m, limit=0.10 m -> usable
[controller_server-10] [INFO] [1790923938.553402995] [controller_server]: Passing new path to controller.
[INFO] [1790923939.552781015] [mapex_explorer]: Main /plan diagnostic: poses=25, endpoint=(0.29, 9.82), frontier=(0.29, 9.82), endpoint_to_frontier=0.000 m, limit=0.10 m -> usable
[controller_server-10] [INFO] [1790923939.620107580] [controller_server]: Passing new path to controller.
[INFO] [1790923940.609468768] [mapex_explorer]: Main /plan diagnostic: poses=18, endpoint=(0.29, 9.82), frontier=(0.29, 9.82), endpoint_to_frontier=0.000 m, limit=0.10 m -> usable
[controller_server-10] [INFO] [1790923940.620067120] [controller_server]: Passing new path to controller.
[INFO] [1790923941.605901433] [mapex_explorer]: Main /plan diagnostic: poses=13, endpoint=(0.29, 9.82), frontier=(0.29, 9.82), endpoint_to_frontier=0.000 m, limit=0.10 m -> usable
[controller_server-10] [INFO] [1790923941.620075261] [controller_server]: Passing new path to controller.
[INFO] [1790923942.647300648] [mapex_explorer]: Main /plan diagnostic: poses=8, endpoint=(0.29, 9.82), frontier=(0.29, 9.82), endpoint_to_frontier=0.000 m, limit=0.10 m -> usable
[controller_server-10] [INFO] [1790923942.686719091] [controller_server]: Passing new path to controller.
[controller_server-10] [INFO] [1790923943.488246330] [controller_server]: Reached the goal!
[controller_server-10] [INFO] [1790923943.488366958] [controller_server]: Optimizer reset
[bt_navigator-15] [INFO] [1790923943.509650512] [bt_navigator]: Goal succeeded
[INFO] [1790923943.514706341] [mapex_explorer]: Goal reached
[INFO] [1790923946.929603692] [mapex_explorer]: MapEx decision 10: selected x=-5.91, y=6.32, IG=50.665562, distance=7.38 m, score=6.865125, region=25, candidates=10, near_fallback=False, compute=3.35 s
[bt_navigator-15] [INFO] [1790923946.930388826] [bt_navigator]: Begin navigating from current location (0.64, 9.71) to (-5.91, 6.32)
[controller_server-10] [INFO] [1790923946.950969645] [controller_server]: Received a goal, begin computing control effort.
[INFO] [1790923947.118396283] [mapex_explorer]: Main goal accepted
[INFO] [1790923947.308134141] [mapex_explorer]: Main /plan diagnostic: poses=231, endpoint=(-5.91, 6.32), frontier=(-5.91, 6.32), endpoint_to_frontier=0.000 m, limit=0.10 m -> usable
[INFO] [1790923947.976592116] [mapex_explorer]: Main /plan diagnostic: poses=227, endpoint=(-5.91, 6.32), frontier=(-5.91, 6.32), endpoint_to_frontier=0.000 m, limit=0.10 m -> usable
[controller_server-10] [INFO] [1790923948.017811868] [controller_server]: Passing new path to controller.
[INFO] [1790923948.999917239] [mapex_explorer]: Main /plan diagnostic: poses=227, endpoint=(-5.91, 6.32), frontier=(-5.91, 6.32), endpoint_to_frontier=0.000 m, limit=0.10 m -> usable
[controller_server-10] [INFO] [1790923949.017799083] [controller_server]: Passing new path to controller.
[INFO] [1790923950.026677268] [mapex_explorer]: Main /plan diagnostic: poses=225, endpoint=(-5.91, 6.32), frontier=(-5.91, 6.32), endpoint_to_frontier=0.000 m, limit=0.10 m -> usable
[controller_server-10] [INFO] [1790923950.084451148] [controller_server]: Passing new path to controller.
[INFO] [1790923951.066382920] [mapex_explorer]: Main /plan diagnostic: poses=217, endpoint=(-5.91, 6.32), frontier=(-5.91, 6.32), endpoint_to_frontier=0.000 m, limit=0.10 m -> usable
[controller_server-10] [INFO] [1790923951.084450907] [controller_server]: Passing new path to controller.
[controller_server-10] [INFO] [1790923952.151154737] [controller_server]: Passing new path to controller.
[INFO] [1790923952.156264202] [mapex_explorer]: Main /plan diagnostic: poses=204, endpoint=(-5.91, 6.32), frontier=(-5.91, 6.32), endpoint_to_frontier=0.000 m, limit=0.10 m -> usable
[controller_server-10] [INFO] [1790923953.151143313] [controller_server]: Passing new path to controller.
[INFO] [1790923953.153607729] [mapex_explorer]: Main /plan diagnostic: poses=192, endpoint=(-5.91, 6.32), frontier=(-5.91, 6.32), endpoint_to_frontier=0.000 m, limit=0.10 m -> usable
[INFO] [1790923954.139469226] [mapex_explorer]: Main /plan diagnostic: poses=182, endpoint=(-5.91, 6.32), frontier=(-5.91, 6.32), endpoint_to_frontier=0.000 m, limit=0.10 m -> usable
[controller_server-10] [INFO] [1790923954.151132694] [controller_server]: Passing new path to controller.
[INFO] [1790923955.183578634] [mapex_explorer]: Main /plan diagnostic: poses=172, endpoint=(-5.91, 6.32), frontier=(-5.91, 6.32), endpoint_to_frontier=0.000 m, limit=0.10 m -> usable
[controller_server-10] [INFO] [1790923955.217813159] [controller_server]: Passing new path to controller.
[controller_server-10] [INFO] [1790923956.217785134] [controller_server]: Passing new path to controller.
[INFO] [1790923956.234724134] [mapex_explorer]: Main /plan diagnostic: poses=162, endpoint=(-5.91, 6.32), frontier=(-5.91, 6.32), endpoint_to_frontier=0.000 m, limit=0.10 m -> usable
[INFO] [1790923957.232786900] [mapex_explorer]: Main /plan diagnostic: poses=155, endpoint=(-5.91, 6.32), frontier=(-5.91, 6.32), endpoint_to_frontier=0.000 m, limit=0.10 m -> usable
[controller_server-10] [INFO] [1790923957.284474520] [controller_server]: Passing new path to controller.
[INFO] [1790923958.247588078] [mapex_explorer]: Main /plan diagnostic: poses=142, endpoint=(-5.91, 6.32), frontier=(-5.91, 6.32), endpoint_to_frontier=0.000 m, limit=0.10 m -> usable
[controller_server-10] [INFO] [1790923958.284455358] [controller_server]: Passing new path to controller.
[INFO] [1790923959.303850204] [mapex_explorer]: Main /plan diagnostic: poses=134, endpoint=(-5.91, 6.32), frontier=(-5.91, 6.32), endpoint_to_frontier=0.000 m, limit=0.10 m -> usable
[controller_server-10] [INFO] [1790923959.351131055] [controller_server]: Passing new path to controller.
[INFO] [1790923960.318937036] [mapex_explorer]: Main /plan diagnostic: poses=121, endpoint=(-5.91, 6.32), frontier=(-5.91, 6.32), endpoint_to_frontier=0.000 m, limit=0.10 m -> usable
[controller_server-10] [INFO] [1790923960.351135112] [controller_server]: Passing new path to controller.
[async_slam_toolbox_node-9] W20261002 13:52:40.435768 26986 preprocessor.cc:67] Specified options.num_threads: 50 exceeds maximum available from the threading model Ceres was compiled with: 16.  Bounding to maximum number available.
[async_slam_toolbox_node-9] [INFO] [1790923960.439307004] [slam_toolbox]: Adaptive anchor summary: latest_node=611, local_edges=636, loop_history=0, avg_effective_weight=1.455, release_regions=0
[controller_server-10] [INFO] [1790923960.892751599] [local_costmap.local_costmap]: StaticLayer: Resizing static layer to 265 X 250 at 0.100000 m/pix
[INFO] [1790923961.337273933] [mapex_explorer]: Main /plan diagnostic: poses=111, endpoint=(-5.91, 6.32), frontier=(-5.91, 6.32), endpoint_to_frontier=0.000 m, limit=0.10 m -> usable
[controller_server-10] [INFO] [1790923961.351140328] [controller_server]: Passing new path to controller.
[planner_server-12] [INFO] [1790923961.366720336] [global_costmap.global_costmap]: StaticLayer: Resizing costmap to 265 X 250 at 0.100000 m/pix
[controller_server-10] [INFO] [1790923962.417784858] [controller_server]: Passing new path to controller.
[INFO] [1790923962.442734529] [mapex_explorer]: Main /plan diagnostic: poses=105, endpoint=(-5.91, 6.32), frontier=(-5.91, 6.32), endpoint_to_frontier=0.000 m, limit=0.10 m -> usable
[controller_server-10] [INFO] [1790923963.417791907] [controller_server]: Passing new path to controller.
[INFO] [1790923963.418606549] [mapex_explorer]: Main /plan diagnostic: poses=94, endpoint=(-5.91, 6.32), frontier=(-5.91, 6.32), endpoint_to_frontier=0.000 m, limit=0.10 m -> usable
[INFO] [1790923964.425406149] [mapex_explorer]: Main /plan diagnostic: poses=85, endpoint=(-5.91, 6.32), frontier=(-5.91, 6.32), endpoint_to_frontier=0.000 m, limit=0.10 m -> usable
[controller_server-10] [INFO] [1790923964.484469106] [controller_server]: Passing new path to controller.
[async_slam_toolbox_node-9] W20261002 13:52:44.520387 26986 preprocessor.cc:67] Specified options.num_threads: 50 exceeds maximum available from the threading model Ceres was compiled with: 16.  Bounding to maximum number available.
[controller_server-10] [INFO] [1790923964.892686390] [local_costmap.local_costmap]: StaticLayer: Resizing static layer to 265 X 250 at 0.100000 m/pix
[planner_server-12] [INFO] [1790923965.366707493] [global_costmap.global_costmap]: StaticLayer: Resizing costmap to 265 X 250 at 0.100000 m/pix
[INFO] [1790923965.446710537] [mapex_explorer]: Main /plan diagnostic: poses=75, endpoint=(-5.91, 6.32), frontier=(-5.91, 6.32), endpoint_to_frontier=0.000 m, limit=0.10 m -> usable
[controller_server-10] [INFO] [1790923965.484452939] [controller_server]: Passing new path to controller.
[controller_server-10] [INFO] [1790923966.484465115] [controller_server]: Passing new path to controller.
[INFO] [1790923966.488277270] [mapex_explorer]: Main /plan diagnostic: poses=66, endpoint=(-5.91, 6.32), frontier=(-5.91, 6.32), endpoint_to_frontier=0.000 m, limit=0.10 m -> usable
[INFO] [1790923967.495983336] [mapex_explorer]: Main /plan diagnostic: poses=55, endpoint=(-5.91, 6.32), frontier=(-5.91, 6.32), endpoint_to_frontier=0.000 m, limit=0.10 m -> usable
[controller_server-10] [INFO] [1790923967.551381614] [controller_server]: Passing new path to controller.
[INFO] [1790923968.519205094] [mapex_explorer]: Main /plan diagnostic: poses=45, endpoint=(-5.91, 6.32), frontier=(-5.91, 6.32), endpoint_to_frontier=0.000 m, limit=0.10 m -> usable
[controller_server-10] [INFO] [1790923968.551153460] [controller_server]: Passing new path to controller.
[INFO] [1790923969.557793676] [mapex_explorer]: Main /plan diagnostic: poses=35, endpoint=(-5.91, 6.32), frontier=(-5.91, 6.32), endpoint_to_frontier=0.000 m, limit=0.10 m -> usable
[controller_server-10] [INFO] [1790923969.617808438] [controller_server]: Passing new path to controller.
[INFO] [1790923970.580378835] [mapex_explorer]: Main /plan diagnostic: poses=25, endpoint=(-5.91, 6.32), frontier=(-5.91, 6.32), endpoint_to_frontier=0.000 m, limit=0.10 m -> usable
[controller_server-10] [INFO] [1790923970.617789627] [controller_server]: Passing new path to controller.
[INFO] [1790923971.604496959] [mapex_explorer]: Main /plan diagnostic: poses=19, endpoint=(-5.91, 6.32), frontier=(-5.91, 6.32), endpoint_to_frontier=0.000 m, limit=0.10 m -> usable
[controller_server-10] [INFO] [1790923971.684453165] [controller_server]: Passing new path to controller.
[INFO] [1790923972.624245263] [mapex_explorer]: Main /plan diagnostic: poses=12, endpoint=(-5.91, 6.32), frontier=(-5.91, 6.32), endpoint_to_frontier=0.000 m, limit=0.10 m -> usable
[controller_server-10] [INFO] [1790923972.684453052] [controller_server]: Passing new path to controller.
[controller_server-10] [INFO] [1790923973.486140268] [controller_server]: Reached the goal!
[controller_server-10] [INFO] [1790923973.486305415] [controller_server]: Optimizer reset
[bt_navigator-15] [INFO] [1790923973.510677219] [bt_navigator]: Goal succeeded
[INFO] [1790923973.512145012] [mapex_explorer]: Goal reached
[INFO] [1790923977.195471471] [mapex_explorer]: MapEx decision 11: selected x=12.69, y=5.02, IG=52.827984, distance=18.52 m, score=2.852021, region=58, candidates=9, near_fallback=False, compute=3.64 s
[bt_navigator-15] [INFO] [1790923977.196197271] [bt_navigator]: Begin navigating from current location (-5.82, 6.00) to (12.69, 5.02)
[controller_server-10] [INFO] [1790923977.217133343] [controller_server]: Received a goal, begin computing control effort.
[INFO] [1790923977.294044213] [mapex_explorer]: Main goal accepted
[INFO] [1790923977.307518864] [mapex_explorer]: Main /plan diagnostic: poses=382, endpoint=(12.69, 5.02), frontier=(12.69, 5.02), endpoint_to_frontier=0.000 m, limit=0.10 m -> usable
[INFO] [1790923978.269160206] [mapex_explorer]: Main /plan diagnostic: poses=376, endpoint=(12.69, 5.02), frontier=(12.69, 5.02), endpoint_to_frontier=0.000 m, limit=0.10 m -> usable
[controller_server-10] [INFO] [1790923978.283952311] [controller_server]: Passing new path to controller.
[controller_server-10] [INFO] [1790923979.283941642] [controller_server]: Passing new path to controller.
[INFO] [1790923979.300802217] [mapex_explorer]: Main /plan diagnostic: poses=369, endpoint=(12.69, 5.02), frontier=(12.69, 5.02), endpoint_to_frontier=0.000 m, limit=0.10 m -> usable
[INFO] [1790923980.304454688] [mapex_explorer]: Main /plan diagnostic: poses=366, endpoint=(12.69, 5.02), frontier=(12.69, 5.02), endpoint_to_frontier=0.000 m, limit=0.10 m -> usable
[controller_server-10] [INFO] [1790923980.350653218] [controller_server]: Passing new path to controller.
[controller_server-10] [INFO] [1790923981.350635669] [controller_server]: Passing new path to controller.
[INFO] [1790923981.368543408] [mapex_explorer]: Main /plan diagnostic: poses=368, endpoint=(12.69, 5.02), frontier=(12.69, 5.02), endpoint_to_frontier=0.000 m, limit=0.10 m -> usable
[INFO] [1790923982.378859891] [mapex_explorer]: Main /plan diagnostic: poses=354, endpoint=(12.69, 5.02), frontier=(12.69, 5.02), endpoint_to_frontier=0.000 m, limit=0.10 m -> usable
[controller_server-10] [INFO] [1790923982.417292590] [controller_server]: Passing new path to controller.
[INFO] [1790923983.397351631] [mapex_explorer]: Main /plan diagnostic: poses=348, endpoint=(12.69, 5.02), frontier=(12.69, 5.02), endpoint_to_frontier=0.000 m, limit=0.10 m -> usable
[controller_server-10] [INFO] [1790923983.417286914] [controller_server]: Passing new path to controller.
[controller_server-10] [INFO] [1790923984.417350277] [controller_server]: Passing new path to controller.
[INFO] [1790923984.450252271] [mapex_explorer]: Main /plan diagnostic: poses=337, endpoint=(12.69, 5.02), frontier=(12.69, 5.02), endpoint_to_frontier=0.000 m, limit=0.10 m -> usable
[INFO] [1790923985.453655625] [mapex_explorer]: Main /plan diagnostic: poses=328, endpoint=(12.69, 5.02), frontier=(12.69, 5.02), endpoint_to_frontier=0.000 m, limit=0.10 m -> usable
[controller_server-10] [INFO] [1790923985.483966453] [controller_server]: Passing new path to controller.
[INFO] [1790923986.465725048] [mapex_explorer]: Main /plan diagnostic: poses=317, endpoint=(12.69, 5.02), frontier=(12.69, 5.02), endpoint_to_frontier=0.000 m, limit=0.10 m -> usable
[controller_server-10] [INFO] [1790923986.483944440] [controller_server]: Passing new path to controller.
[INFO] [1790923987.518183947] [mapex_explorer]: Main /plan diagnostic: poses=306, endpoint=(12.69, 5.02), frontier=(12.69, 5.02), endpoint_to_frontier=0.000 m, limit=0.10 m -> usable
[controller_server-10] [INFO] [1790923987.550621571] [controller_server]: Passing new path to controller.
[async_slam_toolbox_node-9] W20261002 13:53:08.344695 26986 preprocessor.cc:67] Specified options.num_threads: 50 exceeds maximum available from the threading model Ceres was compiled with: 16.  Bounding to maximum number available.
[async_slam_toolbox_node-9] [INFO] [1790923988.350234520] [slam_toolbox]: Adaptive anchor summary: latest_node=670, local_edges=699, loop_history=0, avg_effective_weight=1.414, release_regions=0
[INFO] [1790923988.526038389] [mapex_explorer]: Main /plan diagnostic: poses=297, endpoint=(12.69, 5.02), frontier=(12.69, 5.02), endpoint_to_frontier=0.000 m, limit=0.10 m -> usable
[controller_server-10] [INFO] [1790923988.550610210] [controller_server]: Passing new path to controller.
[controller_server-10] [INFO] [1790923988.892661799] [local_costmap.local_costmap]: StaticLayer: Resizing static layer to 265 X 250 at 0.100000 m/pix
[planner_server-12] [INFO] [1790923989.366708136] [global_costmap.global_costmap]: StaticLayer: Resizing costmap to 265 X 250 at 0.100000 m/pix
[INFO] [1790923989.583707769] [mapex_explorer]: Main /plan diagnostic: poses=285, endpoint=(12.69, 5.02), frontier=(12.69, 5.02), endpoint_to_frontier=0.000 m, limit=0.10 m -> usable
[controller_server-10] [INFO] [1790923989.617292726] [controller_server]: Passing new path to controller.
[INFO] [1790923990.607496758] [mapex_explorer]: Main /plan diagnostic: poses=275, endpoint=(12.69, 5.02), frontier=(12.69, 5.02), endpoint_to_frontier=0.000 m, limit=0.10 m -> usable
[controller_server-10] [INFO] [1790923990.617277565] [controller_server]: Passing new path to controller.
[INFO] [1790923991.608447654] [mapex_explorer]: Main /plan diagnostic: poses=265, endpoint=(12.69, 5.02), frontier=(12.69, 5.02), endpoint_to_frontier=0.000 m, limit=0.10 m -> usable
[controller_server-10] [INFO] [1790923991.617286976] [controller_server]: Passing new path to controller.
[INFO] [1790923992.636280100] [mapex_explorer]: Main /plan diagnostic: poses=255, endpoint=(12.69, 5.02), frontier=(12.69, 5.02), endpoint_to_frontier=0.000 m, limit=0.10 m -> usable
[controller_server-10] [INFO] [1790923992.683943156] [controller_server]: Passing new path to controller.
[INFO] [1790923993.681306158] [mapex_explorer]: Main /plan diagnostic: poses=243, endpoint=(12.69, 5.02), frontier=(12.69, 5.02), endpoint_to_frontier=0.000 m, limit=0.10 m -> usable
[controller_server-10] [INFO] [1790923993.683943651] [controller_server]: Passing new path to controller.
[INFO] [1790923994.701689028] [mapex_explorer]: Main /plan diagnostic: poses=233, endpoint=(12.69, 5.02), frontier=(12.69, 5.02), endpoint_to_frontier=0.000 m, limit=0.10 m -> usable
[controller_server-10] [INFO] [1790923994.750647087] [controller_server]: Passing new path to controller.
[controller_server-10] [INFO] [1790923995.750635063] [controller_server]: Passing new path to controller.
[INFO] [1790923995.765271153] [mapex_explorer]: Main /plan diagnostic: poses=223, endpoint=(12.69, 5.02), frontier=(12.69, 5.02), endpoint_to_frontier=0.000 m, limit=0.10 m -> usable
[INFO] [1790923996.767164283] [mapex_explorer]: Main /plan diagnostic: poses=213, endpoint=(12.69, 5.02), frontier=(12.69, 5.02), endpoint_to_frontier=0.000 m, limit=0.10 m -> usable
[controller_server-10] [INFO] [1790923996.817302655] [controller_server]: Passing new path to controller.
[INFO] [1790923997.778449325] [mapex_explorer]: Main /plan diagnostic: poses=203, endpoint=(12.69, 5.02), frontier=(12.69, 5.02), endpoint_to_frontier=0.000 m, limit=0.10 m -> usable
[controller_server-10] [INFO] [1790923997.817278099] [controller_server]: Passing new path to controller.
[INFO] [1790923998.796352268] [mapex_explorer]: Main /plan diagnostic: poses=193, endpoint=(12.69, 5.02), frontier=(12.69, 5.02), endpoint_to_frontier=0.000 m, limit=0.10 m -> usable
[controller_server-10] [INFO] [1790923998.817277127] [controller_server]: Passing new path to controller.
[INFO] [1790923999.837417140] [mapex_explorer]: Main /plan diagnostic: poses=183, endpoint=(12.69, 5.02), frontier=(12.69, 5.02), endpoint_to_frontier=0.000 m, limit=0.10 m -> usable
[controller_server-10] [INFO] [1790923999.884009407] [controller_server]: Passing new path to controller.
[INFO] [1790924000.842788452] [mapex_explorer]: Main /plan diagnostic: poses=173, endpoint=(12.69, 5.02), frontier=(12.69, 5.02), endpoint_to_frontier=0.000 m, limit=0.10 m -> usable
[controller_server-10] [INFO] [1790924000.883989009] [controller_server]: Passing new path to controller.
[INFO] [1790924001.869048380] [mapex_explorer]: Main /plan diagnostic: poses=163, endpoint=(12.69, 5.02), frontier=(12.69, 5.02), endpoint_to_frontier=0.000 m, limit=0.10 m -> usable
[controller_server-10] [INFO] [1790924001.883956145] [controller_server]: Passing new path to controller.
[INFO] [1790924002.932312854] [mapex_explorer]: Main /plan diagnostic: poses=153, endpoint=(12.69, 5.02), frontier=(12.69, 5.02), endpoint_to_frontier=0.000 m, limit=0.10 m -> usable
[controller_server-10] [INFO] [1790924002.950667062] [controller_server]: Passing new path to controller.
[INFO] [1790924003.917392594] [mapex_explorer]: Main /plan diagnostic: poses=143, endpoint=(12.69, 5.02), frontier=(12.69, 5.02), endpoint_to_frontier=0.000 m, limit=0.10 m -> usable
[controller_server-10] [INFO] [1790924003.950621176] [controller_server]: Passing new path to controller.
[rviz2-7] [INFO] [1790924004.827104215] [rviz2]: Trying to create a map of size 267 x 250 using 1 swatches
[controller_server-10] [INFO] [1790924004.892694967] [local_costmap.local_costmap]: StaticLayer: Resizing static layer to 267 X 250 at 0.100000 m/pix
[controller_server-10] [INFO] [1790924005.017276809] [controller_server]: Passing new path to controller.
[INFO] [1790924005.027101341] [mapex_explorer]: Main /plan diagnostic: poses=131, endpoint=(12.69, 5.02), frontier=(12.69, 5.02), endpoint_to_frontier=0.000 m, limit=0.10 m -> usable
[planner_server-12] [INFO] [1790924005.366708281] [global_costmap.global_costmap]: StaticLayer: Resizing costmap to 267 X 250 at 0.100000 m/pix
[rviz2-7] [INFO] [1790924005.819027529] [rviz2]: Trying to create a map of size 271 x 250 using 1 swatches
[controller_server-10] [INFO] [1790924005.892779218] [local_costmap.local_costmap]: StaticLayer: Resizing static layer to 271 X 250 at 0.100000 m/pix
[INFO] [1790924005.987461450] [mapex_explorer]: Main /plan diagnostic: poses=121, endpoint=(12.69, 5.02), frontier=(12.69, 5.02), endpoint_to_frontier=0.000 m, limit=0.10 m -> usable
[controller_server-10] [INFO] [1790924006.017279820] [controller_server]: Passing new path to controller.
[planner_server-12] [INFO] [1790924006.366757921] [global_costmap.global_costmap]: StaticLayer: Resizing costmap to 271 X 250 at 0.100000 m/pix
[controller_server-10] [INFO] [1790924007.017278346] [controller_server]: Passing new path to controller.
[INFO] [1790924007.021604129] [mapex_explorer]: Main /plan diagnostic: poses=111, endpoint=(12.69, 5.02), frontier=(12.69, 5.02), endpoint_to_frontier=0.000 m, limit=0.10 m -> usable
[rviz2-7] [INFO] [1790924007.803553533] [rviz2]: Trying to create a map of size 279 x 250 using 1 swatches
[controller_server-10] [INFO] [1790924007.892631229] [local_costmap.local_costmap]: StaticLayer: Resizing static layer to 279 X 250 at 0.100000 m/pix
[INFO] [1790924008.027813061] [mapex_explorer]: Main /plan diagnostic: poses=101, endpoint=(12.69, 5.02), frontier=(12.69, 5.02), endpoint_to_frontier=0.000 m, limit=0.10 m -> usable
[controller_server-10] [INFO] [1790924008.083945182] [controller_server]: Passing new path to controller.
[planner_server-12] [INFO] [1790924008.366716484] [global_costmap.global_costmap]: StaticLayer: Resizing costmap to 279 X 250 at 0.100000 m/pix
[rviz2-7] [INFO] [1790924008.794412414] [rviz2]: Trying to create a map of size 281 x 250 using 1 swatches
[controller_server-10] [INFO] [1790924008.892688238] [local_costmap.local_costmap]: StaticLayer: Resizing static layer to 281 X 250 at 0.100000 m/pix
[INFO] [1790924009.043110868] [mapex_explorer]: Main /plan diagnostic: poses=91, endpoint=(12.69, 5.02), frontier=(12.69, 5.02), endpoint_to_frontier=0.000 m, limit=0.10 m -> usable
[controller_server-10] [INFO] [1790924009.083947941] [controller_server]: Passing new path to controller.
[planner_server-12] [INFO] [1790924009.366712579] [global_costmap.global_costmap]: StaticLayer: Resizing costmap to 281 X 250 at 0.100000 m/pix
[rviz2-7] [INFO] [1790924009.820247413] [rviz2]: Trying to create a map of size 291 x 250 using 1 swatches
[controller_server-10] [INFO] [1790924009.892630456] [local_costmap.local_costmap]: StaticLayer: Resizing static layer to 291 X 250 at 0.100000 m/pix
[INFO] [1790924010.111114549] [mapex_explorer]: Main /plan diagnostic: poses=81, endpoint=(12.69, 5.02), frontier=(12.69, 5.02), endpoint_to_frontier=0.000 m, limit=0.10 m -> usable
[controller_server-10] [INFO] [1790924010.150626777] [controller_server]: Passing new path to controller.
[planner_server-12] [INFO] [1790924010.366734607] [global_costmap.global_costmap]: StaticLayer: Resizing costmap to 291 X 250 at 0.100000 m/pix
[INFO] [1790924011.106438836] [mapex_explorer]: Main /plan diagnostic: poses=71, endpoint=(12.69, 5.02), frontier=(12.69, 5.02), endpoint_to_frontier=0.000 m, limit=0.10 m -> usable
[controller_server-10] [INFO] [1790924011.150611160] [controller_server]: Passing new path to controller.
[rviz2-7] [INFO] [1790924011.834814943] [rviz2]: Trying to create a map of size 293 x 250 using 1 swatches
[controller_server-10] [INFO] [1790924011.892615747] [local_costmap.local_costmap]: StaticLayer: Resizing static layer to 293 X 250 at 0.100000 m/pix
[INFO] [1790924012.135261330] [mapex_explorer]: Main /plan diagnostic: poses=61, endpoint=(12.69, 5.02), frontier=(12.69, 5.02), endpoint_to_frontier=0.000 m, limit=0.10 m -> usable
[controller_server-10] [INFO] [1790924012.150613326] [controller_server]: Passing new path to controller.
[planner_server-12] [INFO] [1790924012.366734850] [global_costmap.global_costmap]: StaticLayer: Resizing costmap to 293 X 250 at 0.100000 m/pix
[INFO] [1790924013.160372852] [mapex_explorer]: Main /plan diagnostic: poses=51, endpoint=(12.69, 5.02), frontier=(12.69, 5.02), endpoint_to_frontier=0.000 m, limit=0.10 m -> usable
[controller_server-10] [INFO] [1790924013.217313689] [controller_server]: Passing new path to controller.
[rviz2-7] [INFO] [1790924013.818519507] [rviz2]: Trying to create a map of size 310 x 250 using 1 swatches
[controller_server-10] [INFO] [1790924013.892701787] [local_costmap.local_costmap]: StaticLayer: Resizing static layer to 310 X 250 at 0.100000 m/pix
[INFO] [1790924014.197068914] [mapex_explorer]: Main /plan diagnostic: poses=38, endpoint=(12.69, 5.02), frontier=(12.69, 5.02), endpoint_to_frontier=0.000 m, limit=0.10 m -> usable
[controller_server-10] [INFO] [1790924014.217279973] [controller_server]: Passing new path to controller.
[planner_server-12] [INFO] [1790924014.366728950] [global_costmap.global_costmap]: StaticLayer: Resizing costmap to 310 X 250 at 0.100000 m/pix
[INFO] [1790924015.224250721] [mapex_explorer]: Main /plan diagnostic: poses=28, endpoint=(12.69, 5.02), frontier=(12.69, 5.02), endpoint_to_frontier=0.000 m, limit=0.10 m -> usable
[controller_server-10] [INFO] [1790924015.283957262] [controller_server]: Passing new path to controller.
[rviz2-7] [INFO] [1790924015.839190094] [rviz2]: Trying to create a map of size 315 x 250 using 1 swatches
[controller_server-10] [INFO] [1790924015.892706979] [local_costmap.local_costmap]: StaticLayer: Resizing static layer to 315 X 250 at 0.100000 m/pix
[INFO] [1790924016.248249531] [mapex_explorer]: Main /plan diagnostic: poses=20, endpoint=(12.69, 5.02), frontier=(12.69, 5.02), endpoint_to_frontier=0.000 m, limit=0.10 m -> usable
[controller_server-10] [INFO] [1790924016.283947357] [controller_server]: Passing new path to controller.
[planner_server-12] [INFO] [1790924016.366708085] [global_costmap.global_costmap]: StaticLayer: Resizing costmap to 315 X 250 at 0.100000 m/pix
[rviz2-7] [INFO] [1790924016.827223583] [rviz2]: Trying to create a map of size 316 x 250 using 1 swatches
[controller_server-10] [INFO] [1790924016.892648885] [local_costmap.local_costmap]: StaticLayer: Resizing static layer to 316 X 250 at 0.100000 m/pix
[INFO] [1790924017.298273154] [mapex_explorer]: Main /plan diagnostic: poses=12, endpoint=(12.69, 5.02), frontier=(12.69, 5.02), endpoint_to_frontier=0.000 m, limit=0.10 m -> usable
[controller_server-10] [INFO] [1790924017.350636594] [controller_server]: Passing new path to controller.
[planner_server-12] [INFO] [1790924017.366714440] [global_costmap.global_costmap]: StaticLayer: Resizing costmap to 316 X 250 at 0.100000 m/pix
[rviz2-7] [INFO] [1790924017.819678893] [rviz2]: Trying to create a map of size 324 x 250 using 1 swatches
[controller_server-10] [INFO] [1790924017.892624949] [local_costmap.local_costmap]: StaticLayer: Resizing static layer to 324 X 250 at 0.100000 m/pix
[INFO] [1790924018.304270914] [mapex_explorer]: Main /plan diagnostic: poses=8, endpoint=(12.69, 5.02), frontier=(12.69, 5.02), endpoint_to_frontier=0.000 m, limit=0.10 m -> usable
[controller_server-10] [INFO] [1790924018.350743993] [controller_server]: Passing new path to controller.
[planner_server-12] [INFO] [1790924018.366750644] [global_costmap.global_costmap]: StaticLayer: Resizing costmap to 324 X 250 at 0.100000 m/pix
[controller_server-10] [INFO] [1790924018.486212817] [controller_server]: Reached the goal!
[controller_server-10] [INFO] [1790924018.486468741] [controller_server]: Optimizer reset
[bt_navigator-15] [INFO] [1790924018.506490804] [bt_navigator]: Goal succeeded
[INFO] [1790924018.511042620] [mapex_explorer]: Goal reached
[rviz2-7] [INFO] [1790924018.811134361] [rviz2]: Trying to create a map of size 329 x 250 using 1 swatches
[controller_server-10] [INFO] [1790924018.892630109] [local_costmap.local_costmap]: StaticLayer: Resizing static layer to 329 X 250 at 0.100000 m/pix
[planner_server-12] [INFO] [1790924019.366725531] [global_costmap.global_costmap]: StaticLayer: Resizing costmap to 329 X 250 at 0.100000 m/pix
[INFO] [1790924022.327386424] [mapex_explorer]: MapEx decision 12: selected x=21.19, y=6.32, IG=88.246552, distance=8.93 m, score=9.877534, region=15, candidates=14, near_fallback=False, compute=3.77 s
[bt_navigator-15] [INFO] [1790924022.328082646] [bt_navigator]: Begin navigating from current location (12.38, 5.12) to (21.19, 6.32)
[controller_server-10] [INFO] [1790924022.348592438] [controller_server]: Received a goal, begin computing control effort.
[INFO] [1790924022.516484156] [mapex_explorer]: Main goal accepted
[INFO] [1790924022.564918700] [mapex_explorer]: Main /plan diagnostic: poses=190, endpoint=(21.19, 6.32), frontier=(21.19, 6.32), endpoint_to_frontier=0.000 m, limit=0.10 m -> usable
[INFO] [1790924023.366178672] [mapex_explorer]: Main /plan diagnostic: poses=183, endpoint=(21.19, 6.32), frontier=(21.19, 6.32), endpoint_to_frontier=0.000 m, limit=0.10 m -> usable
[controller_server-10] [INFO] [1790924023.415412262] [controller_server]: Passing new path to controller.
[rviz2-7] [INFO] [1790924023.804570146] [rviz2]: Trying to create a map of size 333 x 250 using 1 swatches
[controller_server-10] [INFO] [1790924023.892642097] [local_costmap.local_costmap]: StaticLayer: Resizing static layer to 333 X 250 at 0.100000 m/pix
[planner_server-12] [INFO] [1790924024.366725480] [global_costmap.global_costmap]: StaticLayer: Resizing costmap to 333 X 250 at 0.100000 m/pix
[INFO] [1790924024.413148137] [mapex_explorer]: Main /plan diagnostic: poses=176, endpoint=(21.19, 6.32), frontier=(21.19, 6.32), endpoint_to_frontier=0.000 m, limit=0.10 m -> usable
[controller_server-10] [INFO] [1790924024.415414263] [controller_server]: Passing new path to controller.
[rviz2-7] [INFO] [1790924024.828432203] [rviz2]: Trying to create a map of size 339 x 250 using 1 swatches
[controller_server-10] [INFO] [1790924024.892650120] [local_costmap.local_costmap]: StaticLayer: Resizing static layer to 339 X 250 at 0.100000 m/pix
[planner_server-12] [INFO] [1790924025.366716438] [global_costmap.global_costmap]: StaticLayer: Resizing costmap to 339 X 250 at 0.100000 m/pix
[INFO] [1790924025.421952986] [mapex_explorer]: Main /plan diagnostic: poses=165, endpoint=(21.19, 6.32), frontier=(21.19, 6.32), endpoint_to_frontier=0.000 m, limit=0.10 m -> usable
[controller_server-10] [INFO] [1790924025.482084347] [controller_server]: Passing new path to controller.
[rviz2-7] [INFO] [1790924025.819247278] [rviz2]: Trying to create a map of size 342 x 250 using 1 swatches
[controller_server-10] [INFO] [1790924025.892629207] [local_costmap.local_costmap]: StaticLayer: Resizing static layer to 342 X 250 at 0.100000 m/pix
[planner_server-12] [INFO] [1790924026.366761808] [global_costmap.global_costmap]: StaticLayer: Resizing costmap to 342 X 250 at 0.100000 m/pix
[INFO] [1790924026.457812579] [mapex_explorer]: Main /plan diagnostic: poses=157, endpoint=(21.19, 6.32), frontier=(21.19, 6.32), endpoint_to_frontier=0.000 m, limit=0.10 m -> usable
[controller_server-10] [INFO] [1790924026.482058735] [controller_server]: Passing new path to controller.
[rviz2-7] [INFO] [1790924026.810779862] [rviz2]: Trying to create a map of size 345 x 250 using 1 swatches
[controller_server-10] [INFO] [1790924026.892619986] [local_costmap.local_costmap]: StaticLayer: Resizing static layer to 345 X 250 at 0.100000 m/pix
[planner_server-12] [INFO] [1790924027.366703870] [global_costmap.global_costmap]: StaticLayer: Resizing costmap to 345 X 250 at 0.100000 m/pix
[controller_server-10] [INFO] [1790924027.482056017] [controller_server]: Passing new path to controller.
[INFO] [1790924027.497264351] [mapex_explorer]: Main /plan diagnostic: poses=144, endpoint=(21.19, 6.32), frontier=(21.19, 6.32), endpoint_to_frontier=0.000 m, limit=0.10 m -> usable
[INFO] [1790924028.525314540] [mapex_explorer]: Main /plan diagnostic: poses=135, endpoint=(21.19, 6.32), frontier=(21.19, 6.32), endpoint_to_frontier=0.000 m, limit=0.10 m -> usable
[controller_server-10] [INFO] [1790924028.548713316] [controller_server]: Passing new path to controller.
[rviz2-7] [INFO] [1790924028.826993667] [rviz2]: Trying to create a map of size 358 x 250 using 1 swatches
[controller_server-10] [INFO] [1790924028.892627309] [local_costmap.local_costmap]: StaticLayer: Resizing static layer to 358 X 250 at 0.100000 m/pix
[planner_server-12] [INFO] [1790924029.366741263] [global_costmap.global_costmap]: StaticLayer: Resizing costmap to 358 X 250 at 0.100000 m/pix
[INFO] [1790924029.523265504] [mapex_explorer]: Main /plan diagnostic: poses=123, endpoint=(21.19, 6.32), frontier=(21.19, 6.32), endpoint_to_frontier=0.000 m, limit=0.10 m -> usable
[controller_server-10] [INFO] [1790924029.548695194] [controller_server]: Passing new path to controller.
[INFO] [1790924030.553154287] [mapex_explorer]: Main /plan diagnostic: poses=113, endpoint=(21.19, 6.32), frontier=(21.19, 6.32), endpoint_to_frontier=0.000 m, limit=0.10 m -> usable
[controller_server-10] [INFO] [1790924030.615394543] [controller_server]: Passing new path to controller.
[rviz2-7] [INFO] [1790924030.843898163] [rviz2]: Trying to create a map of size 369 x 250 using 1 swatches
[controller_server-10] [INFO] [1790924030.892655534] [local_costmap.local_costmap]: StaticLayer: Resizing static layer to 369 X 250 at 0.100000 m/pix
[planner_server-12] [INFO] [1790924031.366716080] [global_costmap.global_costmap]: StaticLayer: Resizing costmap to 369 X 250 at 0.100000 m/pix
[INFO] [1790924031.573825785] [mapex_explorer]: Main /plan diagnostic: poses=103, endpoint=(21.19, 6.32), frontier=(21.19, 6.32), endpoint_to_frontier=0.000 m, limit=0.10 m -> usable
[controller_server-10] [INFO] [1790924031.615425366] [controller_server]: Passing new path to controller.
[INFO] [1790924032.624271087] [mapex_explorer]: Main /plan diagnostic: poses=92, endpoint=(21.19, 6.32), frontier=(21.19, 6.32), endpoint_to_frontier=0.000 m, limit=0.10 m -> usable
[controller_server-10] [INFO] [1790924032.682081282] [controller_server]: Passing new path to controller.
[rviz2-7] [INFO] [1790924032.826342514] [rviz2]: Trying to create a map of size 377 x 250 using 1 swatches
[controller_server-10] [INFO] [1790924032.892648412] [local_costmap.local_costmap]: StaticLayer: Resizing static layer to 377 X 250 at 0.100000 m/pix
[planner_server-12] [INFO] [1790924033.366710363] [global_costmap.global_costmap]: StaticLayer: Resizing costmap to 377 X 250 at 0.100000 m/pix
[INFO] [1790924033.648587518] [mapex_explorer]: Main /plan diagnostic: poses=82, endpoint=(21.19, 6.32), frontier=(21.19, 6.32), endpoint_to_frontier=0.000 m, limit=0.10 m -> usable
[controller_server-10] [INFO] [1790924033.682060041] [controller_server]: Passing new path to controller.
[rviz2-7] [INFO] [1790924033.819170872] [rviz2]: Trying to create a map of size 384 x 250 using 1 swatches
[controller_server-10] [INFO] [1790924033.892619804] [local_costmap.local_costmap]: StaticLayer: Resizing static layer to 384 X 250 at 0.100000 m/pix
[planner_server-12] [INFO] [1790924034.366742066] [global_costmap.global_costmap]: StaticLayer: Resizing costmap to 384 X 250 at 0.100000 m/pix
[INFO] [1790924034.661748120] [mapex_explorer]: Main /plan diagnostic: poses=69, endpoint=(21.19, 6.32), frontier=(21.19, 6.32), endpoint_to_frontier=0.000 m, limit=0.10 m -> usable
[controller_server-10] [INFO] [1790924034.682061985] [controller_server]: Passing new path to controller.
[rviz2-7] [INFO] [1790924034.810960082] [rviz2]: Trying to create a map of size 386 x 250 using 1 swatches
[controller_server-10] [INFO] [1790924034.892642009] [local_costmap.local_costmap]: StaticLayer: Resizing static layer to 386 X 250 at 0.100000 m/pix
[planner_server-12] [INFO] [1790924035.366712566] [global_costmap.global_costmap]: StaticLayer: Resizing costmap to 386 X 250 at 0.100000 m/pix
[INFO] [1790924035.696922331] [mapex_explorer]: Main /plan diagnostic: poses=60, endpoint=(21.19, 6.32), frontier=(21.19, 6.32), endpoint_to_frontier=0.000 m, limit=0.10 m -> usable
[controller_server-10] [INFO] [1790924035.748718134] [controller_server]: Passing new path to controller.
[rviz2-7] [INFO] [1790924035.833938739] [rviz2]: Trying to create a map of size 387 x 250 using 1 swatches
[controller_server-10] [INFO] [1790924035.892638816] [local_costmap.local_costmap]: StaticLayer: Resizing static layer to 387 X 250 at 0.100000 m/pix
[planner_server-12] [INFO] [1790924036.366719864] [global_costmap.global_costmap]: StaticLayer: Resizing costmap to 387 X 250 at 0.100000 m/pix
[INFO] [1790924036.693302733] [mapex_explorer]: Main /plan diagnostic: poses=48, endpoint=(21.19, 6.32), frontier=(21.19, 6.32), endpoint_to_frontier=0.000 m, limit=0.10 m -> usable
[controller_server-10] [INFO] [1790924036.748706498] [controller_server]: Passing new path to controller.
[rviz2-7] [INFO] [1790924036.825760540] [rviz2]: Trying to create a map of size 391 x 250 using 1 swatches
[controller_server-10] [INFO] [1790924036.892649348] [local_costmap.local_costmap]: StaticLayer: Resizing static layer to 391 X 250 at 0.100000 m/pix
[planner_server-12] [INFO] [1790924037.366794712] [global_costmap.global_costmap]: StaticLayer: Resizing costmap to 391 X 250 at 0.100000 m/pix
[INFO] [1790924037.722094102] [mapex_explorer]: Main /plan diagnostic: poses=36, endpoint=(21.19, 6.32), frontier=(21.19, 6.32), endpoint_to_frontier=0.000 m, limit=0.10 m -> usable
[controller_server-10] [INFO] [1790924037.748691120] [controller_server]: Passing new path to controller.
[rviz2-7] [INFO] [1790924037.818153292] [rviz2]: Trying to create a map of size 399 x 250 using 1 swatches
[controller_server-10] [INFO] [1790924037.892649492] [local_costmap.local_costmap]: StaticLayer: Resizing static layer to 399 X 250 at 0.100000 m/pix
[planner_server-12] [INFO] [1790924038.366776177] [global_costmap.global_costmap]: StaticLayer: Resizing costmap to 399 X 250 at 0.100000 m/pix
[controller_server-10] [INFO] [1790924038.815388201] [controller_server]: Passing new path to controller.
[INFO] [1790924038.818820323] [mapex_explorer]: Main /plan diagnostic: poses=26, endpoint=(21.19, 6.32), frontier=(21.19, 6.32), endpoint_to_frontier=0.000 m, limit=0.10 m -> usable
[rviz2-7] [INFO] [1790924038.843375779] [rviz2]: Trying to create a map of size 402 x 250 using 1 swatches
[controller_server-10] [INFO] [1790924038.892607994] [local_costmap.local_costmap]: StaticLayer: Resizing static layer to 402 X 250 at 0.100000 m/pix
[planner_server-12] [INFO] [1790924039.366779929] [global_costmap.global_costmap]: StaticLayer: Resizing costmap to 402 X 250 at 0.100000 m/pix
[INFO] [1790924039.768272955] [mapex_explorer]: Main /plan diagnostic: poses=17, endpoint=(21.19, 6.32), frontier=(21.19, 6.32), endpoint_to_frontier=0.000 m, limit=0.10 m -> usable
[controller_server-10] [INFO] [1790924039.815417844] [controller_server]: Passing new path to controller.
[rviz2-7] [INFO] [1790924039.834826124] [rviz2]: Trying to create a map of size 408 x 250 using 1 swatches
[controller_server-10] [INFO] [1790924039.892663722] [local_costmap.local_costmap]: StaticLayer: Resizing static layer to 408 X 250 at 0.100000 m/pix
[planner_server-12] [INFO] [1790924040.366828152] [global_costmap.global_costmap]: StaticLayer: Resizing costmap to 408 X 250 at 0.100000 m/pix
[rviz2-7] [INFO] [1790924040.794314331] [rviz2]: Trying to create a map of size 413 x 250 using 1 swatches
[INFO] [1790924040.797538357] [mapex_explorer]: Main /plan diagnostic: poses=12, endpoint=(21.19, 6.32), frontier=(21.19, 6.32), endpoint_to_frontier=0.000 m, limit=0.10 m -> usable
[controller_server-10] [INFO] [1790924040.815388228] [controller_server]: Passing new path to controller.
[controller_server-10] [INFO] [1790924040.892652998] [local_costmap.local_costmap]: StaticLayer: Resizing static layer to 413 X 250 at 0.100000 m/pix
[planner_server-12] [INFO] [1790924041.366757534] [global_costmap.global_costmap]: StaticLayer: Resizing costmap to 413 X 250 at 0.100000 m/pix
[controller_server-10] [INFO] [1790924041.685647422] [controller_server]: Reached the goal!
[controller_server-10] [INFO] [1790924041.686006167] [controller_server]: Optimizer reset
[bt_navigator-15] [INFO] [1790924041.708396769] [bt_navigator]: Goal succeeded
[INFO] [1790924041.710549234] [mapex_explorer]: Goal reached
[rviz2-7] [INFO] [1790924041.817733889] [rviz2]: Trying to create a map of size 414 x 250 using 1 swatches
[controller_server-10] [INFO] [1790924041.892641233] [local_costmap.local_costmap]: StaticLayer: Resizing static layer to 414 X 250 at 0.100000 m/pix
[planner_server-12] [INFO] [1790924042.366752675] [global_costmap.global_costmap]: StaticLayer: Resizing costmap to 414 X 250 at 0.100000 m/pix
[INFO] [1790924047.674825033] [mapex_explorer]: MapEx decision 13: selected x=21.89, y=10.82, IG=82.033524, distance=4.88 m, score=16.796043, region=11, candidates=20, near_fallback=False, compute=5.12 s
[bt_navigator-15] [INFO] [1790924047.676062454] [bt_navigator]: Begin navigating from current location (21.01, 6.01) to (21.89, 10.82)
[planner_server-12] [WARN] [1790924047.683752383] [planner_server]: GridBased plugin failed to plan from (21.01, 6.01) to (21.89, 10.82): "Failed to create plan with tolerance of: 0.000000"
[planner_server-12] [WARN] [1790924047.684440593] [planner_server]: [compute_path_to_pose] [ActionServer] Aborting handle.
[behavior_server-14] [INFO] [1790924047.706545249] [behavior_server]: Running wait
[INFO] [1790924047.921558235] [mapex_explorer]: Main goal accepted
[behavior_server-14] [INFO] [1790924048.009057336] [behavior_server]: wait completed successfully
[planner_server-12] [WARN] [1790924048.030033930] [planner_server]: GridBased plugin failed to plan from (21.01, 6.01) to (21.89, 10.82): "Failed to create plan with tolerance of: 0.000000"
[planner_server-12] [WARN] [1790924048.030076945] [planner_server]: [compute_path_to_pose] [ActionServer] Aborting handle.
[bt_navigator-15] [WARN] [1790924048.056202711] [bt_navigator]: [navigate_to_pose] [ActionServer] Aborting handle.
[bt_navigator-15] [ERROR] [1790924048.056322511] [bt_navigator]: Goal failed
[WARN] [1790924048.082800880] [mapex_explorer]: Main goal failed (status=6, error_code=208)
[WARN] [1790924048.084716785] [mapex_explorer]: Main frontier abandoned after NO_VALID_PATH (208): x=21.89, y=10.82; candidates within 0.10 m are skipped during normal selection but will be checked again by terminal planner revalidation.
[INFO] [1790924053.664968284] [mapex_explorer]: MapEx decision 14: selected x=19.19, y=10.22, IG=62.950592, distance=4.58 m, score=13.737469, region=339, candidates=19, near_fallback=False, compute=5.07 s
[bt_navigator-15] [INFO] [1790924053.666170197] [bt_navigator]: Begin navigating from current location (21.01, 6.01) to (19.19, 10.22)
[controller_server-10] [INFO] [1790924053.686695512] [controller_server]: Received a goal, begin computing control effort.
[INFO] [1790924054.047225692] [mapex_explorer]: Main goal accepted
[INFO] [1790924054.121304383] [mapex_explorer]: Main /plan diagnostic: poses=96, endpoint=(19.19, 10.22), frontier=(19.19, 10.22), endpoint_to_frontier=0.000 m, limit=0.10 m -> usable
[INFO] [1790924054.703255492] [mapex_explorer]: Main /plan diagnostic: poses=95, endpoint=(19.19, 10.22), frontier=(19.19, 10.22), endpoint_to_frontier=0.000 m, limit=0.10 m -> usable
[controller_server-10] [INFO] [1790924054.753486931] [controller_server]: Passing new path to controller.
[rviz2-7] [INFO] [1790924054.843230207] [rviz2]: Trying to create a map of size 415 x 250 using 1 swatches
[controller_server-10] [INFO] [1790924054.892626861] [local_costmap.local_costmap]: StaticLayer: Resizing static layer to 415 X 250 at 0.100000 m/pix
[planner_server-12] [INFO] [1790924055.366721584] [global_costmap.global_costmap]: StaticLayer: Resizing costmap to 415 X 250 at 0.100000 m/pix
[controller_server-10] [INFO] [1790924055.753518249] [controller_server]: Passing new path to controller.
[INFO] [1790924055.780429074] [mapex_explorer]: Main /plan diagnostic: poses=84, endpoint=(19.19, 10.22), frontier=(19.19, 10.22), endpoint_to_frontier=0.000 m, limit=0.10 m -> usable
[rviz2-7] [INFO] [1790924055.834094066] [rviz2]: Trying to create a map of size 416 x 250 using 1 swatches
[controller_server-10] [INFO] [1790924055.892648553] [local_costmap.local_costmap]: StaticLayer: Resizing static layer to 416 X 250 at 0.100000 m/pix
[planner_server-12] [INFO] [1790924056.366779129] [global_costmap.global_costmap]: StaticLayer: Resizing costmap to 416 X 250 at 0.100000 m/pix
[INFO] [1790924056.766047433] [mapex_explorer]: Main /plan diagnostic: poses=73, endpoint=(19.19, 10.22), frontier=(19.19, 10.22), endpoint_to_frontier=0.000 m, limit=0.10 m -> usable
[controller_server-10] [INFO] [1790924056.820153364] [controller_server]: Passing new path to controller.
[INFO] [1790924057.791702096] [mapex_explorer]: Main /plan diagnostic: poses=62, endpoint=(19.19, 10.22), frontier=(19.19, 10.22), endpoint_to_frontier=0.000 m, limit=0.10 m -> usable
[controller_server-10] [INFO] [1790924057.820156969] [controller_server]: Passing new path to controller.
[INFO] [1790924058.819201728] [mapex_explorer]: Main /plan diagnostic: poses=51, endpoint=(19.19, 10.22), frontier=(19.19, 10.22), endpoint_to_frontier=0.000 m, limit=0.10 m -> usable
[controller_server-10] [INFO] [1790924058.886819164] [controller_server]: Passing new path to controller.
[INFO] [1790924059.839722134] [mapex_explorer]: Main /plan diagnostic: poses=42, endpoint=(19.19, 10.22), frontier=(19.19, 10.22), endpoint_to_frontier=0.000 m, limit=0.10 m -> usable
[controller_server-10] [INFO] [1790924059.886840109] [controller_server]: Passing new path to controller.
[INFO] [1790924060.879064135] [mapex_explorer]: Main /plan diagnostic: poses=31, endpoint=(19.19, 10.22), frontier=(19.19, 10.22), endpoint_to_frontier=0.000 m, limit=0.10 m -> usable
[controller_server-10] [INFO] [1790924060.886832296] [controller_server]: Passing new path to controller.
[INFO] [1790924061.901415560] [mapex_explorer]: Main /plan diagnostic: poses=21, endpoint=(19.19, 10.22), frontier=(19.19, 10.22), endpoint_to_frontier=0.000 m, limit=0.10 m -> usable
[controller_server-10] [INFO] [1790924061.953483767] [controller_server]: Passing new path to controller.
[INFO] [1790924062.932478135] [mapex_explorer]: Main /plan diagnostic: poses=14, endpoint=(19.19, 10.22), frontier=(19.19, 10.22), endpoint_to_frontier=0.000 m, limit=0.10 m -> usable
[controller_server-10] [INFO] [1790924062.953495224] [controller_server]: Passing new path to controller.
[INFO] [1790924063.963440075] [mapex_explorer]: Main /plan diagnostic: poses=10, endpoint=(19.19, 10.22), frontier=(19.19, 10.22), endpoint_to_frontier=0.000 m, limit=0.10 m -> usable
[controller_server-10] [INFO] [1790924064.020156834] [controller_server]: Passing new path to controller.
[controller_server-10] [INFO] [1790924064.224500190] [controller_server]: Reached the goal!
[controller_server-10] [INFO] [1790924064.224791882] [controller_server]: Optimizer reset
[bt_navigator-15] [INFO] [1790924064.246434108] [bt_navigator]: Goal succeeded
[INFO] [1790924064.248842567] [mapex_explorer]: Goal reached
[INFO] [1790924069.678735183] [mapex_explorer]: MapEx decision 15: selected x=26.89, y=2.32, IG=81.886101, distance=10.70 m, score=7.655844, region=79, candidates=21, near_fallback=False, compute=5.12 s
[bt_navigator-15] [INFO] [1790924069.679638209] [bt_navigator]: Begin navigating from current location (19.44, 10.00) to (26.89, 2.32)
[controller_server-10] [INFO] [1790924069.700782228] [controller_server]: Received a goal, begin computing control effort.
[INFO] [1790924069.879704681] [mapex_explorer]: Main goal accepted
[INFO] [1790924069.924745228] [mapex_explorer]: Main /plan diagnostic: poses=226, endpoint=(26.89, 2.32), frontier=(26.89, 2.32), endpoint_to_frontier=0.000 m, limit=0.10 m -> usable
[INFO] [1790924070.748276269] [mapex_explorer]: Main /plan diagnostic: poses=221, endpoint=(26.89, 2.32), frontier=(26.89, 2.32), endpoint_to_frontier=0.000 m, limit=0.10 m -> usable
[controller_server-10] [INFO] [1790924070.767612183] [controller_server]: Passing new path to controller.
[INFO] [1790924071.763483225] [mapex_explorer]: Main /plan diagnostic: poses=216, endpoint=(26.89, 2.32), frontier=(26.89, 2.32), endpoint_to_frontier=0.000 m, limit=0.10 m -> usable
[controller_server-10] [INFO] [1790924071.767610059] [controller_server]: Passing new path to controller.
[INFO] [1790924072.832661587] [mapex_explorer]: Main /plan diagnostic: poses=212, endpoint=(26.89, 2.32), frontier=(26.89, 2.32), endpoint_to_frontier=0.000 m, limit=0.10 m -> usable
[controller_server-10] [INFO] [1790924072.834284967] [controller_server]: Passing new path to controller.
[INFO] [1790924073.799236695] [mapex_explorer]: Main /plan diagnostic: poses=212, endpoint=(26.89, 2.32), frontier=(26.89, 2.32), endpoint_to_frontier=0.000 m, limit=0.10 m -> usable
[controller_server-10] [INFO] [1790924073.834286988] [controller_server]: Passing new path to controller.
[INFO] [1790924074.827384635] [mapex_explorer]: Main /plan diagnostic: poses=205, endpoint=(26.89, 2.32), frontier=(26.89, 2.32), endpoint_to_frontier=0.000 m, limit=0.10 m -> usable
[controller_server-10] [INFO] [1790924074.900950734] [controller_server]: Passing new path to controller.
[INFO] [1790924075.899352262] [mapex_explorer]: Main /plan diagnostic: poses=194, endpoint=(26.89, 2.32), frontier=(26.89, 2.32), endpoint_to_frontier=0.000 m, limit=0.10 m -> usable
[controller_server-10] [INFO] [1790924075.900947869] [controller_server]: Passing new path to controller.
[INFO] [1790924076.877993254] [mapex_explorer]: Main /plan diagnostic: poses=184, endpoint=(26.89, 2.32), frontier=(26.89, 2.32), endpoint_to_frontier=0.000 m, limit=0.10 m -> usable
[controller_server-10] [INFO] [1790924076.900946467] [controller_server]: Passing new path to controller.
[INFO] [1790924077.905456720] [mapex_explorer]: Main /plan diagnostic: poses=173, endpoint=(26.89, 2.32), frontier=(26.89, 2.32), endpoint_to_frontier=0.000 m, limit=0.10 m -> usable
[controller_server-10] [INFO] [1790924077.967621024] [controller_server]: Passing new path to controller.
[INFO] [1790924078.923632026] [mapex_explorer]: Main /plan diagnostic: poses=165, endpoint=(26.89, 2.32), frontier=(26.89, 2.32), endpoint_to_frontier=0.000 m, limit=0.10 m -> usable
[controller_server-10] [INFO] [1790924078.967639894] [controller_server]: Passing new path to controller.
[controller_server-10] [INFO] [1790924079.967626032] [controller_server]: Passing new path to controller.
[INFO] [1790924080.001854435] [mapex_explorer]: Main /plan diagnostic: poses=154, endpoint=(26.89, 2.32), frontier=(26.89, 2.32), endpoint_to_frontier=0.000 m, limit=0.10 m -> usable
[INFO] [1790924080.966247643] [mapex_explorer]: Main /plan diagnostic: poses=144, endpoint=(26.89, 2.32), frontier=(26.89, 2.32), endpoint_to_frontier=0.000 m, limit=0.10 m -> usable
[controller_server-10] [INFO] [1790924081.034280458] [controller_server]: Passing new path to controller.
[rviz2-7] [INFO] [1790924081.850688059] [rviz2]: Trying to create a map of size 419 x 250 using 1 swatches
[controller_server-10] [INFO] [1790924081.892650147] [local_costmap.local_costmap]: StaticLayer: Resizing static layer to 419 X 250 at 0.100000 m/pix
[INFO] [1790924082.002758189] [mapex_explorer]: Main /plan diagnostic: poses=133, endpoint=(26.89, 2.32), frontier=(26.89, 2.32), endpoint_to_frontier=0.000 m, limit=0.10 m -> usable
[controller_server-10] [INFO] [1790924082.034279572] [controller_server]: Passing new path to controller.
[planner_server-12] [INFO] [1790924082.366734373] [global_costmap.global_costmap]: StaticLayer: Resizing costmap to 419 X 250 at 0.100000 m/pix
[rviz2-7] [INFO] [1790924082.810317388] [rviz2]: Trying to create a map of size 422 x 250 using 1 swatches
[controller_server-10] [INFO] [1790924082.892623971] [local_costmap.local_costmap]: StaticLayer: Resizing static layer to 422 X 250 at 0.100000 m/pix
[controller_server-10] [INFO] [1790924083.034286467] [controller_server]: Passing new path to controller.
[INFO] [1790924083.053457535] [mapex_explorer]: Main /plan diagnostic: poses=122, endpoint=(26.89, 2.32), frontier=(26.89, 2.32), endpoint_to_frontier=0.000 m, limit=0.10 m -> usable
[planner_server-12] [INFO] [1790924083.366715441] [global_costmap.global_costmap]: StaticLayer: Resizing costmap to 422 X 250 at 0.100000 m/pix
[rviz2-7] [INFO] [1790924083.834184007] [rviz2]: Trying to create a map of size 426 x 250 using 1 swatches
[controller_server-10] [INFO] [1790924083.892634162] [local_costmap.local_costmap]: StaticLayer: Resizing static layer to 426 X 250 at 0.100000 m/pix
[INFO] [1790924084.070618255] [mapex_explorer]: Main /plan diagnostic: poses=113, endpoint=(26.89, 2.32), frontier=(26.89, 2.32), endpoint_to_frontier=0.000 m, limit=0.10 m -> usable
[controller_server-10] [INFO] [1790924084.100974919] [controller_server]: Passing new path to controller.
[planner_server-12] [INFO] [1790924084.366753354] [global_costmap.global_costmap]: StaticLayer: Resizing costmap to 426 X 250 at 0.100000 m/pix
[rviz2-7] [INFO] [1790924084.826122539] [rviz2]: Trying to create a map of size 433 x 250 using 1 swatches
[controller_server-10] [INFO] [1790924084.892700621] [local_costmap.local_costmap]: StaticLayer: Resizing static layer to 433 X 250 at 0.100000 m/pix
[INFO] [1790924085.045987791] [mapex_explorer]: Main /plan diagnostic: poses=103, endpoint=(26.89, 2.32), frontier=(26.89, 2.32), endpoint_to_frontier=0.000 m, limit=0.10 m -> usable
[controller_server-10] [INFO] [1790924085.100956908] [controller_server]: Passing new path to controller.
[planner_server-12] [INFO] [1790924085.366729517] [global_costmap.global_costmap]: StaticLayer: Resizing costmap to 433 X 250 at 0.100000 m/pix
[INFO] [1790924086.087225336] [mapex_explorer]: Main /plan diagnostic: poses=92, endpoint=(26.89, 2.32), frontier=(26.89, 2.32), endpoint_to_frontier=0.000 m, limit=0.10 m -> usable
[controller_server-10] [INFO] [1790924086.100943640] [controller_server]: Passing new path to controller.
[rviz2-7] [INFO] [1790924086.809844976] [rviz2]: Trying to create a map of size 435 x 250 using 1 swatches
[controller_server-10] [INFO] [1790924086.892621640] [local_costmap.local_costmap]: StaticLayer: Resizing static layer to 435 X 250 at 0.100000 m/pix
[INFO] [1790924087.133610751] [mapex_explorer]: Main /plan diagnostic: poses=82, endpoint=(26.89, 2.32), frontier=(26.89, 2.32), endpoint_to_frontier=0.000 m, limit=0.10 m -> usable
[controller_server-10] [INFO] [1790924087.167614312] [controller_server]: Passing new path to controller.
[planner_server-12] [INFO] [1790924087.366708874] [global_costmap.global_costmap]: StaticLayer: Resizing costmap to 435 X 250 at 0.100000 m/pix
[rviz2-7] [INFO] [1790924087.834291101] [rviz2]: Trying to create a map of size 439 x 250 using 1 swatches
[controller_server-10] [INFO] [1790924087.892718183] [local_costmap.local_costmap]: StaticLayer: Resizing static layer to 439 X 250 at 0.100000 m/pix
[INFO] [1790924088.143064586] [mapex_explorer]: Main /plan diagnostic: poses=71, endpoint=(26.89, 2.32), frontier=(26.89, 2.32), endpoint_to_frontier=0.000 m, limit=0.10 m -> usable
[controller_server-10] [INFO] [1790924088.167633070] [controller_server]: Passing new path to controller.
[planner_server-12] [INFO] [1790924088.366700955] [global_costmap.global_costmap]: StaticLayer: Resizing costmap to 439 X 250 at 0.100000 m/pix
[rviz2-7] [INFO] [1790924088.858608874] [rviz2]: Trying to create a map of size 449 x 250 using 1 swatches
[controller_server-10] [INFO] [1790924088.892667967] [local_costmap.local_costmap]: StaticLayer: Resizing static layer to 449 X 250 at 0.100000 m/pix
[INFO] [1790924089.154247928] [mapex_explorer]: Main /plan diagnostic: poses=62, endpoint=(26.89, 2.32), frontier=(26.89, 2.32), endpoint_to_frontier=0.000 m, limit=0.10 m -> usable
[controller_server-10] [INFO] [1790924089.234294268] [controller_server]: Passing new path to controller.
[planner_server-12] [INFO] [1790924089.366705262] [global_costmap.global_costmap]: StaticLayer: Resizing costmap to 449 X 250 at 0.100000 m/pix
[rviz2-7] [INFO] [1790924089.819070002] [rviz2]: Trying to create a map of size 454 x 250 using 1 swatches
[controller_server-10] [INFO] [1790924089.892606814] [local_costmap.local_costmap]: StaticLayer: Resizing static layer to 454 X 250 at 0.100000 m/pix
[INFO] [1790924090.177948590] [mapex_explorer]: Main /plan diagnostic: poses=51, endpoint=(26.89, 2.32), frontier=(26.89, 2.32), endpoint_to_frontier=0.000 m, limit=0.10 m -> usable
[controller_server-10] [INFO] [1790924090.234297961] [controller_server]: Passing new path to controller.
[planner_server-12] [INFO] [1790924090.366745108] [global_costmap.global_costmap]: StaticLayer: Resizing costmap to 454 X 250 at 0.100000 m/pix
[rviz2-7] [INFO] [1790924090.844041445] [rviz2]: Trying to create a map of size 458 x 250 using 1 swatches
[controller_server-10] [INFO] [1790924090.892630954] [local_costmap.local_costmap]: StaticLayer: Resizing static layer to 458 X 250 at 0.100000 m/pix
[INFO] [1790924091.204496725] [mapex_explorer]: Main /plan diagnostic: poses=41, endpoint=(26.89, 2.32), frontier=(26.89, 2.32), endpoint_to_frontier=0.000 m, limit=0.10 m -> usable
[controller_server-10] [INFO] [1790924091.234301248] [controller_server]: Passing new path to controller.
[planner_server-12] [INFO] [1790924091.366748644] [global_costmap.global_costmap]: StaticLayer: Resizing costmap to 458 X 250 at 0.100000 m/pix
[rviz2-7] [INFO] [1790924091.836220261] [rviz2]: Trying to create a map of size 461 x 250 using 1 swatches
[controller_server-10] [INFO] [1790924091.892608466] [local_costmap.local_costmap]: StaticLayer: Resizing static layer to 461 X 250 at 0.100000 m/pix
[INFO] [1790924092.257033847] [mapex_explorer]: Main /plan diagnostic: poses=31, endpoint=(26.89, 2.32), frontier=(26.89, 2.32), endpoint_to_frontier=0.000 m, limit=0.10 m -> usable
[controller_server-10] [INFO] [1790924092.300950630] [controller_server]: Passing new path to controller.
[planner_server-12] [INFO] [1790924092.366700811] [global_costmap.global_costmap]: StaticLayer: Resizing costmap to 461 X 250 at 0.100000 m/pix
[rviz2-7] [INFO] [1790924092.826814342] [rviz2]: Trying to create a map of size 464 x 250 using 1 swatches
[controller_server-10] [INFO] [1790924092.892651854] [local_costmap.local_costmap]: StaticLayer: Resizing static layer to 464 X 250 at 0.100000 m/pix
[INFO] [1790924093.248319405] [mapex_explorer]: Main /plan diagnostic: poses=21, endpoint=(26.89, 2.32), frontier=(26.89, 2.32), endpoint_to_frontier=0.000 m, limit=0.10 m -> usable
[controller_server-10] [INFO] [1790924093.300966462] [controller_server]: Passing new path to controller.
[planner_server-12] [INFO] [1790924093.366733891] [global_costmap.global_costmap]: StaticLayer: Resizing costmap to 464 X 250 at 0.100000 m/pix
[rviz2-7] [INFO] [1790924093.818353177] [rviz2]: Trying to create a map of size 469 x 250 using 1 swatches
[controller_server-10] [INFO] [1790924093.892636437] [local_costmap.local_costmap]: StaticLayer: Resizing static layer to 469 X 250 at 0.100000 m/pix
[controller_server-10] [INFO] [1790924094.300970289] [controller_server]: Passing new path to controller.
[INFO] [1790924094.317249998] [mapex_explorer]: Main /plan diagnostic: poses=14, endpoint=(26.89, 2.32), frontier=(26.89, 2.32), endpoint_to_frontier=0.000 m, limit=0.10 m -> usable
[planner_server-12] [INFO] [1790924094.366706637] [global_costmap.global_costmap]: StaticLayer: Resizing costmap to 469 X 250 at 0.100000 m/pix
[INFO] [1790924095.316542022] [mapex_explorer]: Main /plan diagnostic: poses=8, endpoint=(26.89, 2.32), frontier=(26.89, 2.32), endpoint_to_frontier=0.000 m, limit=0.10 m -> usable
[controller_server-10] [INFO] [1790924095.367630629] [controller_server]: Passing new path to controller.
[controller_server-10] [INFO] [1790924095.569591001] [controller_server]: Reached the goal!
[controller_server-10] [INFO] [1790924095.569776418] [controller_server]: Optimizer reset
[bt_navigator-15] [INFO] [1790924095.590013647] [bt_navigator]: Goal succeeded
[INFO] [1790924095.592141190] [mapex_explorer]: Goal reached
[INFO] [1790924102.972501272] [mapex_explorer]: MapEx decision 16: selected x=28.19, y=-2.98, IG=58.584076, distance=5.78 m, score=10.141464, region=14, candidates=24, near_fallback=False, compute=6.40 s
[bt_navigator-15] [INFO] [1790924102.973730432] [bt_navigator]: Begin navigating from current location (26.71, 2.60) to (28.19, -2.98)
[controller_server-10] [INFO] [1790924102.994313636] [controller_server]: Received a goal, begin computing control effort.
[INFO] [1790924103.177563132] [mapex_explorer]: Main goal accepted
[INFO] [1790924103.242102761] [mapex_explorer]: Main /plan diagnostic: poses=127, endpoint=(28.19, -2.98), frontier=(28.19, -2.98), endpoint_to_frontier=0.000 m, limit=0.10 m -> usable
[INFO] [1790924104.024510033] [mapex_explorer]: Main /plan diagnostic: poses=123, endpoint=(28.19, -2.98), frontier=(28.19, -2.98), endpoint_to_frontier=0.000 m, limit=0.10 m -> usable
[controller_server-10] [INFO] [1790924104.061124913] [controller_server]: Passing new path to controller.
[INFO] [1790924105.038444893] [mapex_explorer]: Main /plan diagnostic: poses=112, endpoint=(28.19, -2.98), frontier=(28.19, -2.98), endpoint_to_frontier=0.000 m, limit=0.10 m -> usable
[controller_server-10] [INFO] [1790924105.061114712] [controller_server]: Passing new path to controller.
[INFO] [1790924106.068711518] [mapex_explorer]: Main /plan diagnostic: poses=100, endpoint=(28.19, -2.98), frontier=(28.19, -2.98), endpoint_to_frontier=0.000 m, limit=0.10 m -> usable
[controller_server-10] [INFO] [1790924106.127788427] [controller_server]: Passing new path to controller.
[INFO] [1790924107.107206438] [mapex_explorer]: Main /plan diagnostic: poses=88, endpoint=(28.19, -2.98), frontier=(28.19, -2.98), endpoint_to_frontier=0.000 m, limit=0.10 m -> usable
[controller_server-10] [INFO] [1790924107.127778183] [controller_server]: Passing new path to controller.
[INFO] [1790924108.157558075] [mapex_explorer]: Main /plan diagnostic: poses=79, endpoint=(28.19, -2.98), frontier=(28.19, -2.98), endpoint_to_frontier=0.000 m, limit=0.10 m -> usable
[controller_server-10] [INFO] [1790924108.194442458] [controller_server]: Passing new path to controller.
[INFO] [1790924109.147965905] [mapex_explorer]: Main /plan diagnostic: poses=68, endpoint=(28.19, -2.98), frontier=(28.19, -2.98), endpoint_to_frontier=0.000 m, limit=0.10 m -> usable
[controller_server-10] [INFO] [1790924109.194447502] [controller_server]: Passing new path to controller.
[INFO] [1790924110.185829898] [mapex_explorer]: Main /plan diagnostic: poses=58, endpoint=(28.19, -2.98), frontier=(28.19, -2.98), endpoint_to_frontier=0.000 m, limit=0.10 m -> usable
[controller_server-10] [INFO] [1790924110.194440164] [controller_server]: Passing new path to controller.
[INFO] [1790924111.215355959] [mapex_explorer]: Main /plan diagnostic: poses=52, endpoint=(28.19, -2.98), frontier=(28.19, -2.98), endpoint_to_frontier=0.000 m, limit=0.10 m -> usable
[controller_server-10] [INFO] [1790924111.261156606] [controller_server]: Passing new path to controller.
[INFO] [1790924112.224224416] [mapex_explorer]: Main /plan diagnostic: poses=41, endpoint=(28.19, -2.98), frontier=(28.19, -2.98), endpoint_to_frontier=0.000 m, limit=0.10 m -> usable
[controller_server-10] [INFO] [1790924112.261176661] [controller_server]: Passing new path to controller.
[INFO] [1790924113.254627200] [mapex_explorer]: Main /plan diagnostic: poses=30, endpoint=(28.19, -2.98), frontier=(28.19, -2.98), endpoint_to_frontier=0.000 m, limit=0.10 m -> usable
[controller_server-10] [INFO] [1790924113.327774070] [controller_server]: Passing new path to controller.
[INFO] [1790924114.317333841] [mapex_explorer]: Main /plan diagnostic: poses=23, endpoint=(28.19, -2.98), frontier=(28.19, -2.98), endpoint_to_frontier=0.000 m, limit=0.10 m -> usable
[controller_server-10] [INFO] [1790924114.327776189] [controller_server]: Passing new path to controller.
[INFO] [1790924115.321260848] [mapex_explorer]: Main /plan diagnostic: poses=15, endpoint=(28.19, -2.98), frontier=(28.19, -2.98), endpoint_to_frontier=0.000 m, limit=0.10 m -> usable
[controller_server-10] [INFO] [1790924115.327771959] [controller_server]: Passing new path to controller.
[INFO] [1790924116.320316022] [mapex_explorer]: Main /plan diagnostic: poses=12, endpoint=(28.19, -2.98), frontier=(28.19, -2.98), endpoint_to_frontier=0.000 m, limit=0.10 m -> usable
[controller_server-10] [INFO] [1790924116.394484692] [controller_server]: Passing new path to controller.
[INFO] [1790924117.336682028] [mapex_explorer]: Main /plan diagnostic: poses=8, endpoint=(28.19, -2.98), frontier=(28.19, -2.98), endpoint_to_frontier=0.000 m, limit=0.10 m -> usable
[controller_server-10] [INFO] [1790924117.394810080] [controller_server]: Passing new path to controller.
[controller_server-10] [INFO] [1790924117.398710152] [controller_server]: Reached the goal!
[controller_server-10] [INFO] [1790924117.399365214] [controller_server]: Optimizer reset
[bt_navigator-15] [INFO] [1790924117.433932127] [bt_navigator]: Goal succeeded
[INFO] [1790924117.435952058] [mapex_explorer]: Goal reached
[INFO] [1790924125.106163453] [mapex_explorer]: MapEx decision 17: selected x=18.89, y=-7.98, IG=151.146149, distance=10.22 m, score=14.782425, region=235, candidates=28, near_fallback=False, compute=7.52 s
[bt_navigator-15] [INFO] [1790924125.107083596] [bt_navigator]: Begin navigating from current location (27.86, -3.05) to (18.89, -7.98)
[controller_server-10] [INFO] [1790924125.127644652] [controller_server]: Received a goal, begin computing control effort.
[INFO] [1790924125.351224939] [mapex_explorer]: Main goal accepted
[INFO] [1790924125.383392986] [mapex_explorer]: Main /plan diagnostic: poses=212, endpoint=(18.89, -7.98), frontier=(18.89, -7.98), endpoint_to_frontier=0.000 m, limit=0.10 m -> usable
[INFO] [1790924126.153793908] [mapex_explorer]: Main /plan diagnostic: poses=205, endpoint=(18.89, -7.98), frontier=(18.89, -7.98), endpoint_to_frontier=0.000 m, limit=0.10 m -> usable
[controller_server-10] [INFO] [1790924126.194448619] [controller_server]: Passing new path to controller.
[controller_server-10] [INFO] [1790924127.194469056] [controller_server]: Passing new path to controller.
[INFO] [1790924127.276138487] [mapex_explorer]: Main /plan diagnostic: poses=197, endpoint=(18.89, -7.98), frontier=(18.89, -7.98), endpoint_to_frontier=0.000 m, limit=0.10 m -> usable
[INFO] [1790924128.197821423] [mapex_explorer]: Main /plan diagnostic: poses=190, endpoint=(18.89, -7.98), frontier=(18.89, -7.98), endpoint_to_frontier=0.000 m, limit=0.10 m -> usable
[controller_server-10] [INFO] [1790924128.261138427] [controller_server]: Passing new path to controller.
[rviz2-7] [INFO] [1790924128.826807749] [rviz2]: Trying to create a map of size 470 x 250 using 1 swatches
[controller_server-10] [INFO] [1790924128.892632588] [local_costmap.local_costmap]: StaticLayer: Resizing static layer to 470 X 250 at 0.100000 m/pix
[INFO] [1790924129.248695725] [mapex_explorer]: Main /plan diagnostic: poses=182, endpoint=(18.89, -7.98), frontier=(18.89, -7.98), endpoint_to_frontier=0.000 m, limit=0.10 m -> usable
[controller_server-10] [INFO] [1790924129.261109135] [controller_server]: Passing new path to controller.
[planner_server-12] [INFO] [1790924129.366742396] [global_costmap.global_costmap]: StaticLayer: Resizing costmap to 470 X 250 at 0.100000 m/pix
[INFO] [1790924130.238777775] [mapex_explorer]: Main /plan diagnostic: poses=175, endpoint=(18.89, -7.98), frontier=(18.89, -7.98), endpoint_to_frontier=0.000 m, limit=0.10 m -> usable
[controller_server-10] [INFO] [1790924130.261147139] [controller_server]: Passing new path to controller.
[INFO] [1790924131.263507245] [mapex_explorer]: Main /plan diagnostic: poses=168, endpoint=(18.89, -7.98), frontier=(18.89, -7.98), endpoint_to_frontier=0.000 m, limit=0.10 m -> usable
[controller_server-10] [INFO] [1790924131.327779334] [controller_server]: Passing new path to controller.
[INFO] [1790924132.276850932] [mapex_explorer]: Main /plan diagnostic: poses=161, endpoint=(18.89, -7.98), frontier=(18.89, -7.98), endpoint_to_frontier=0.000 m, limit=0.10 m -> usable
[controller_server-10] [INFO] [1790924132.327792764] [controller_server]: Passing new path to controller.
[INFO] [1790924133.317636980] [mapex_explorer]: Main /plan diagnostic: poses=154, endpoint=(18.89, -7.98), frontier=(18.89, -7.98), endpoint_to_frontier=0.000 m, limit=0.10 m -> usable
[controller_server-10] [INFO] [1790924133.327778040] [controller_server]: Passing new path to controller.
[INFO] [1790924134.341615890] [mapex_explorer]: Main /plan diagnostic: poses=148, endpoint=(18.89, -7.98), frontier=(18.89, -7.98), endpoint_to_frontier=0.000 m, limit=0.10 m -> usable
[controller_server-10] [INFO] [1790924134.394455306] [controller_server]: Passing new path to controller.
[INFO] [1790924135.365801704] [mapex_explorer]: Main /plan diagnostic: poses=141, endpoint=(18.89, -7.98), frontier=(18.89, -7.98), endpoint_to_frontier=0.000 m, limit=0.10 m -> usable
[controller_server-10] [INFO] [1790924135.394447954] [controller_server]: Passing new path to controller.
[INFO] [1790924136.396833632] [mapex_explorer]: Main /plan diagnostic: poses=132, endpoint=(18.89, -7.98), frontier=(18.89, -7.98), endpoint_to_frontier=0.000 m, limit=0.10 m -> usable
[controller_server-10] [INFO] [1790924136.461112343] [controller_server]: Passing new path to controller.
[controller_server-10] [INFO] [1790924137.461133945] [controller_server]: Passing new path to controller.
[INFO] [1790924137.467850398] [mapex_explorer]: Main /plan diagnostic: poses=126, endpoint=(18.89, -7.98), frontier=(18.89, -7.98), endpoint_to_frontier=0.000 m, limit=0.10 m -> usable
[INFO] [1790924138.436870666] [mapex_explorer]: Main /plan diagnostic: poses=118, endpoint=(18.89, -7.98), frontier=(18.89, -7.98), endpoint_to_frontier=0.000 m, limit=0.10 m -> usable
[controller_server-10] [INFO] [1790924138.461113767] [controller_server]: Passing new path to controller.
[INFO] [1790924139.475362379] [mapex_explorer]: Main /plan diagnostic: poses=110, endpoint=(18.89, -7.98), frontier=(18.89, -7.98), endpoint_to_frontier=0.000 m, limit=0.10 m -> usable
[controller_server-10] [INFO] [1790924139.527804274] [controller_server]: Passing new path to controller.
[controller_server-10] [INFO] [1790924139.892617649] [local_costmap.local_costmap]: StaticLayer: Resizing static layer to 470 X 250 at 0.100000 m/pix
[planner_server-12] [INFO] [1790924140.366815985] [global_costmap.global_costmap]: StaticLayer: Resizing costmap to 470 X 250 at 0.100000 m/pix
[INFO] [1790924140.485221142] [mapex_explorer]: Main /plan diagnostic: poses=105, endpoint=(18.89, -7.98), frontier=(18.89, -7.98), endpoint_to_frontier=0.000 m, limit=0.10 m -> usable
[controller_server-10] [INFO] [1790924140.527782293] [controller_server]: Passing new path to controller.
[rviz2-7] [INFO] [1790924140.826944021] [rviz2]: Trying to create a map of size 470 x 251 using 1 swatches
[controller_server-10] [INFO] [1790924140.892722543] [local_costmap.local_costmap]: StaticLayer: Resizing static layer to 470 X 251 at 0.100000 m/pix
[planner_server-12] [INFO] [1790924141.366720348] [global_costmap.global_costmap]: StaticLayer: Resizing costmap to 470 X 251 at 0.100000 m/pix
[INFO] [1790924141.524922437] [mapex_explorer]: Main /plan diagnostic: poses=97, endpoint=(18.89, -7.98), frontier=(18.89, -7.98), endpoint_to_frontier=0.000 m, limit=0.10 m -> usable
[controller_server-10] [INFO] [1790924141.527787800] [controller_server]: Passing new path to controller.
[controller_server-10] [INFO] [1790924141.892653485] [local_costmap.local_costmap]: StaticLayer: Resizing static layer to 470 X 251 at 0.100000 m/pix
[planner_server-12] [INFO] [1790924142.366717475] [global_costmap.global_costmap]: StaticLayer: Resizing costmap to 470 X 251 at 0.100000 m/pix
[INFO] [1790924142.558862784] [mapex_explorer]: Main /plan diagnostic: poses=89, endpoint=(18.89, -7.98), frontier=(18.89, -7.98), endpoint_to_frontier=0.000 m, limit=0.10 m -> usable
[controller_server-10] [INFO] [1790924142.594473653] [controller_server]: Passing new path to controller.
[INFO] [1790924143.567686623] [mapex_explorer]: Main /plan diagnostic: poses=84, endpoint=(18.89, -7.98), frontier=(18.89, -7.98), endpoint_to_frontier=0.000 m, limit=0.10 m -> usable
[controller_server-10] [INFO] [1790924143.594448285] [controller_server]: Passing new path to controller.
[controller_server-10] [INFO] [1790924143.892622319] [local_costmap.local_costmap]: StaticLayer: Resizing static layer to 470 X 251 at 0.100000 m/pix
[planner_server-12] [INFO] [1790924144.366729516] [global_costmap.global_costmap]: StaticLayer: Resizing costmap to 470 X 251 at 0.100000 m/pix
[INFO] [1790924144.581089681] [mapex_explorer]: Main /plan diagnostic: poses=76, endpoint=(18.89, -7.98), frontier=(18.89, -7.98), endpoint_to_frontier=0.000 m, limit=0.10 m -> usable
[controller_server-10] [INFO] [1790924144.594444278] [controller_server]: Passing new path to controller.
[controller_server-10] [INFO] [1790924144.892621408] [local_costmap.local_costmap]: StaticLayer: Resizing static layer to 470 X 251 at 0.100000 m/pix
[planner_server-12] [INFO] [1790924145.366708311] [global_costmap.global_costmap]: StaticLayer: Resizing costmap to 470 X 251 at 0.100000 m/pix
[INFO] [1790924145.618926291] [mapex_explorer]: Main /plan diagnostic: poses=69, endpoint=(18.89, -7.98), frontier=(18.89, -7.98), endpoint_to_frontier=0.000 m, limit=0.10 m -> usable
[controller_server-10] [INFO] [1790924145.661113311] [controller_server]: Passing new path to controller.
[rviz2-7] [INFO] [1790924145.818369979] [rviz2]: Trying to create a map of size 470 x 252 using 1 swatches
[controller_server-10] [INFO] [1790924145.892626219] [local_costmap.local_costmap]: StaticLayer: Resizing static layer to 470 X 252 at 0.100000 m/pix
[planner_server-12] [INFO] [1790924146.366729655] [global_costmap.global_costmap]: StaticLayer: Resizing costmap to 470 X 252 at 0.100000 m/pix
[controller_server-10] [INFO] [1790924146.661121404] [controller_server]: Passing new path to controller.
[INFO] [1790924146.679215148] [mapex_explorer]: Main /plan diagnostic: poses=61, endpoint=(18.89, -7.98), frontier=(18.89, -7.98), endpoint_to_frontier=0.000 m, limit=0.10 m -> usable
[INFO] [1790924147.664577117] [mapex_explorer]: Main /plan diagnostic: poses=57, endpoint=(18.89, -7.98), frontier=(18.89, -7.98), endpoint_to_frontier=0.000 m, limit=0.10 m -> usable
[controller_server-10] [INFO] [1790924147.727783995] [controller_server]: Passing new path to controller.
[INFO] [1790924148.686336266] [mapex_explorer]: Main /plan diagnostic: poses=57, endpoint=(18.89, -7.98), frontier=(18.89, -7.98), endpoint_to_frontier=0.000 m, limit=0.10 m -> usable
[controller_server-10] [INFO] [1790924148.727782584] [controller_server]: Passing new path to controller.
[controller_server-10] [INFO] [1790924149.727776583] [controller_server]: Passing new path to controller.
[INFO] [1790924149.749053626] [mapex_explorer]: Main /plan diagnostic: poses=51, endpoint=(18.89, -7.98), frontier=(18.89, -7.98), endpoint_to_frontier=0.000 m, limit=0.10 m -> usable
[INFO] [1790924150.739183411] [mapex_explorer]: Main /plan diagnostic: poses=40, endpoint=(18.89, -7.98), frontier=(18.89, -7.98), endpoint_to_frontier=0.000 m, limit=0.10 m -> usable
[controller_server-10] [INFO] [1790924150.794450507] [controller_server]: Passing new path to controller.
[INFO] [1790924151.752806960] [mapex_explorer]: Main /plan diagnostic: poses=30, endpoint=(18.89, -7.98), frontier=(18.89, -7.98), endpoint_to_frontier=0.000 m, limit=0.10 m -> usable
[controller_server-10] [INFO] [1790924151.794443899] [controller_server]: Passing new path to controller.
[INFO] [1790924152.778476696] [mapex_explorer]: Main /plan diagnostic: poses=20, endpoint=(18.89, -7.98), frontier=(18.89, -7.98), endpoint_to_frontier=0.000 m, limit=0.10 m -> usable
[controller_server-10] [INFO] [1790924152.794449172] [controller_server]: Passing new path to controller.
[INFO] [1790924153.832099997] [mapex_explorer]: Main /plan diagnostic: poses=13, endpoint=(18.89, -7.98), frontier=(18.89, -7.98), endpoint_to_frontier=0.000 m, limit=0.10 m -> usable
[controller_server-10] [INFO] [1790924153.861113559] [controller_server]: Passing new path to controller.
[INFO] [1790924154.850632359] [mapex_explorer]: Main /plan diagnostic: poses=7, endpoint=(18.89, -7.98), frontier=(18.89, -7.98), endpoint_to_frontier=0.000 m, limit=0.10 m -> usable
[controller_server-10] [INFO] [1790924154.861137433] [controller_server]: Passing new path to controller.
[controller_server-10] [INFO] [1790924154.995831182] [controller_server]: Reached the goal!
[controller_server-10] [INFO] [1790924154.995961537] [controller_server]: Optimizer reset
[bt_navigator-15] [INFO] [1790924155.017318349] [bt_navigator]: Goal succeeded
[INFO] [1790924155.019268993] [mapex_explorer]: Goal reached
[INFO] [1790924161.248815217] [mapex_explorer]: MapEx decision 18: selected x=16.69, y=-11.01, IG=31.515295, distance=4.04 m, score=7.800727, region=54, candidates=26, near_fallback=False, compute=5.69 s
[bt_navigator-15] [INFO] [1790924161.249669883] [bt_navigator]: Begin navigating from current location (19.16, -7.82) to (16.69, -11.01)
[controller_server-10] [INFO] [1790924161.270282157] [controller_server]: Received a goal, begin computing control effort.
[INFO] [1790924161.345196203] [mapex_explorer]: Main goal accepted
[INFO] [1790924161.603801725] [mapex_explorer]: Main /plan diagnostic: poses=81, endpoint=(16.69, -11.01), frontier=(16.69, -11.01), endpoint_to_frontier=0.000 m, limit=0.10 m -> usable
[INFO] [1790924162.291541831] [mapex_explorer]: Main /plan diagnostic: poses=77, endpoint=(16.69, -11.01), frontier=(16.69, -11.01), endpoint_to_frontier=0.000 m, limit=0.10 m -> usable
[controller_server-10] [INFO] [1790924162.337092589] [controller_server]: Passing new path to controller.
[INFO] [1790924163.294700036] [mapex_explorer]: Main /plan diagnostic: poses=67, endpoint=(16.69, -11.01), frontier=(16.69, -11.01), endpoint_to_frontier=0.000 m, limit=0.10 m -> usable
[controller_server-10] [INFO] [1790924163.337077230] [controller_server]: Passing new path to controller.
[INFO] [1790924164.334661621] [mapex_explorer]: Main /plan diagnostic: poses=56, endpoint=(16.69, -11.01), frontier=(16.69, -11.01), endpoint_to_frontier=0.000 m, limit=0.10 m -> usable
[controller_server-10] [INFO] [1790924164.403746307] [controller_server]: Passing new path to controller.
[INFO] [1790924165.359217158] [mapex_explorer]: Main /plan diagnostic: poses=46, endpoint=(16.69, -11.01), frontier=(16.69, -11.01), endpoint_to_frontier=0.000 m, limit=0.10 m -> usable
[controller_server-10] [INFO] [1790924165.403796158] [controller_server]: Passing new path to controller.
[INFO] [1790924166.386102579] [mapex_explorer]: Main /plan diagnostic: poses=34, endpoint=(16.69, -11.01), frontier=(16.69, -11.01), endpoint_to_frontier=0.000 m, limit=0.10 m -> usable
[controller_server-10] [INFO] [1790924166.403739129] [controller_server]: Passing new path to controller.
[INFO] [1790924167.431133953] [mapex_explorer]: Main /plan diagnostic: poses=25, endpoint=(16.69, -11.01), frontier=(16.69, -11.01), endpoint_to_frontier=0.000 m, limit=0.10 m -> usable
[controller_server-10] [INFO] [1790924167.470443918] [controller_server]: Passing new path to controller.
[INFO] [1790924168.444843822] [mapex_explorer]: Main /plan diagnostic: poses=17, endpoint=(16.69, -11.01), frontier=(16.69, -11.01), endpoint_to_frontier=0.000 m, limit=0.10 m -> usable
[controller_server-10] [INFO] [1790924168.470436045] [controller_server]: Passing new path to controller.
[INFO] [1790924169.475350725] [mapex_explorer]: Main /plan diagnostic: poses=11, endpoint=(16.69, -11.01), frontier=(16.69, -11.01), endpoint_to_frontier=0.000 m, limit=0.10 m -> usable
[controller_server-10] [INFO] [1790924169.537099142] [controller_server]: Passing new path to controller.
[controller_server-10] [INFO] [1790924170.272086191] [controller_server]: Reached the goal!
[controller_server-10] [INFO] [1790924170.272265643] [controller_server]: Optimizer reset
[bt_navigator-15] [INFO] [1790924170.300065521] [bt_navigator]: Goal succeeded
[INFO] [1790924170.304649599] [mapex_explorer]: Goal reached
[INFO] [1790924176.260606606] [mapex_explorer]: MapEx decision 19: selected x=35.89, y=-5.21, IG=86.741844, distance=19.83 m, score=4.374867, region=191, candidates=23, near_fallback=False, compute=5.70 s
[bt_navigator-15] [INFO] [1790924176.261503812] [bt_navigator]: Begin navigating from current location (16.84, -10.73) to (35.89, -5.21)
[controller_server-10] [INFO] [1790924176.282403959] [controller_server]: Received a goal, begin computing control effort.
[INFO] [1790924176.478292175] [mapex_explorer]: Main goal accepted
[INFO] [1790924176.663050704] [mapex_explorer]: Main /plan diagnostic: poses=433, endpoint=(35.89, -5.21), frontier=(35.89, -5.21), endpoint_to_frontier=0.000 m, limit=0.10 m -> usable
[controller_server-10] [INFO] [1790924177.349270227] [controller_server]: Passing new path to controller.
[INFO] [1790924177.369225990] [mapex_explorer]: Main /plan diagnostic: poses=426, endpoint=(35.89, -5.21), frontier=(35.89, -5.21), endpoint_to_frontier=0.000 m, limit=0.10 m -> usable
[INFO] [1790924178.337713729] [mapex_explorer]: Main /plan diagnostic: poses=420, endpoint=(35.89, -5.21), frontier=(35.89, -5.21), endpoint_to_frontier=0.000 m, limit=0.10 m -> usable
[controller_server-10] [INFO] [1790924178.349271263] [controller_server]: Passing new path to controller.
[INFO] [1790924179.404583671] [mapex_explorer]: Main /plan diagnostic: poses=411, endpoint=(35.89, -5.21), frontier=(35.89, -5.21), endpoint_to_frontier=0.000 m, limit=0.10 m -> usable
[controller_server-10] [INFO] [1790924179.415937205] [controller_server]: Passing new path to controller.
[controller_server-10] [INFO] [1790924180.415964710] [controller_server]: Passing new path to controller.
[INFO] [1790924180.418308846] [mapex_explorer]: Main /plan diagnostic: poses=405, endpoint=(35.89, -5.21), frontier=(35.89, -5.21), endpoint_to_frontier=0.000 m, limit=0.10 m -> usable
[INFO] [1790924181.428208075] [mapex_explorer]: Main /plan diagnostic: poses=399, endpoint=(35.89, -5.21), frontier=(35.89, -5.21), endpoint_to_frontier=0.000 m, limit=0.10 m -> usable
[controller_server-10] [INFO] [1790924181.482615753] [controller_server]: Passing new path to controller.
[INFO] [1790924182.441297062] [mapex_explorer]: Main /plan diagnostic: poses=391, endpoint=(35.89, -5.21), frontier=(35.89, -5.21), endpoint_to_frontier=0.000 m, limit=0.10 m -> usable
[controller_server-10] [INFO] [1790924182.482611025] [controller_server]: Passing new path to controller.
[controller_server-10] [INFO] [1790924183.482600990] [controller_server]: Passing new path to controller.
[INFO] [1790924183.573156950] [mapex_explorer]: Main /plan diagnostic: poses=384, endpoint=(35.89, -5.21), frontier=(35.89, -5.21), endpoint_to_frontier=0.000 m, limit=0.10 m -> usable
[INFO] [1790924184.505156283] [mapex_explorer]: Main /plan diagnostic: poses=378, endpoint=(35.89, -5.21), frontier=(35.89, -5.21), endpoint_to_frontier=0.000 m, limit=0.10 m -> usable
[controller_server-10] [INFO] [1790924184.549269385] [controller_server]: Passing new path to controller.
[INFO] [1790924185.545217104] [mapex_explorer]: Main /plan diagnostic: poses=371, endpoint=(35.89, -5.21), frontier=(35.89, -5.21), endpoint_to_frontier=0.000 m, limit=0.10 m -> usable
[controller_server-10] [INFO] [1790924185.549370276] [controller_server]: Passing new path to controller.
[INFO] [1790924186.576603836] [mapex_explorer]: Main /plan diagnostic: poses=361, endpoint=(35.89, -5.21), frontier=(35.89, -5.21), endpoint_to_frontier=0.000 m, limit=0.10 m -> usable
[controller_server-10] [INFO] [1790924186.615936306] [controller_server]: Passing new path to controller.
[INFO] [1790924187.607083213] [mapex_explorer]: Main /plan diagnostic: poses=355, endpoint=(35.89, -5.21), frontier=(35.89, -5.21), endpoint_to_frontier=0.000 m, limit=0.10 m -> usable
[controller_server-10] [INFO] [1790924187.615936543] [controller_server]: Passing new path to controller.
[INFO] [1790924188.631333423] [mapex_explorer]: Main /plan diagnostic: poses=347, endpoint=(35.89, -5.21), frontier=(35.89, -5.21), endpoint_to_frontier=0.000 m, limit=0.10 m -> usable
[controller_server-10] [INFO] [1790924188.682608348] [controller_server]: Passing new path to controller.
[INFO] [1790924189.642921398] [mapex_explorer]: Main /plan diagnostic: poses=341, endpoint=(35.89, -5.21), frontier=(35.89, -5.21), endpoint_to_frontier=0.000 m, limit=0.10 m -> usable
[controller_server-10] [INFO] [1790924189.682619237] [controller_server]: Passing new path to controller.
[controller_server-10] [INFO] [1790924190.682688644] [controller_server]: Passing new path to controller.
[INFO] [1790924190.783085814] [mapex_explorer]: Main /plan diagnostic: poses=334, endpoint=(35.89, -5.21), frontier=(35.89, -5.21), endpoint_to_frontier=0.000 m, limit=0.10 m -> usable
[controller_server-10] [INFO] [1790924190.892656446] [local_costmap.local_costmap]: StaticLayer: Resizing static layer to 470 X 252 at 0.100000 m/pix
[planner_server-12] [INFO] [1790924191.366707447] [global_costmap.global_costmap]: StaticLayer: Resizing costmap to 470 X 252 at 0.100000 m/pix
[INFO] [1790924191.728526515] [mapex_explorer]: Main /plan diagnostic: poses=327, endpoint=(35.89, -5.21), frontier=(35.89, -5.21), endpoint_to_frontier=0.000 m, limit=0.10 m -> usable
[controller_server-10] [INFO] [1790924191.749269313] [controller_server]: Passing new path to controller.
[async_slam_toolbox_node-9] W20261002 13:56:32.662290 26986 preprocessor.cc:67] Specified options.num_threads: 50 exceeds maximum available from the threading model Ceres was compiled with: 16.  Bounding to maximum number available.
[async_slam_toolbox_node-9] [INFO] [1790924192.676756263] [slam_toolbox]: Adaptive anchor summary: latest_node=1117, local_edges=1155, loop_history=0, avg_effective_weight=1.250, release_regions=0
[controller_server-10] [INFO] [1790924192.749294786] [controller_server]: Passing new path to controller.
[INFO] [1790924192.779793215] [mapex_explorer]: Main /plan diagnostic: poses=320, endpoint=(35.89, -5.21), frontier=(35.89, -5.21), endpoint_to_frontier=0.000 m, limit=0.10 m -> usable
[controller_server-10] [INFO] [1790924192.892622585] [local_costmap.local_costmap]: StaticLayer: Resizing static layer to 470 X 252 at 0.100000 m/pix
[planner_server-12] [INFO] [1790924193.366768311] [global_costmap.global_costmap]: StaticLayer: Resizing costmap to 470 X 252 at 0.100000 m/pix
[INFO] [1790924193.769100158] [mapex_explorer]: Main /plan diagnostic: poses=318, endpoint=(35.89, -5.21), frontier=(35.89, -5.21), endpoint_to_frontier=0.000 m, limit=0.10 m -> usable
[controller_server-10] [INFO] [1790924193.815940956] [controller_server]: Passing new path to controller.
[INFO] [1790924194.786814691] [mapex_explorer]: Main /plan diagnostic: poses=315, endpoint=(35.89, -5.21), frontier=(35.89, -5.21), endpoint_to_frontier=0.000 m, limit=0.10 m -> usable
[controller_server-10] [INFO] [1790924194.815935748] [controller_server]: Passing new path to controller.
[INFO] [1790924195.828745880] [mapex_explorer]: Main /plan diagnostic: poses=309, endpoint=(35.89, -5.21), frontier=(35.89, -5.21), endpoint_to_frontier=0.000 m, limit=0.10 m -> usable
[controller_server-10] [INFO] [1790924195.882605256] [controller_server]: Passing new path to controller.
[INFO] [1790924196.844800941] [mapex_explorer]: Main /plan diagnostic: poses=299, endpoint=(35.89, -5.21), frontier=(35.89, -5.21), endpoint_to_frontier=0.000 m, limit=0.10 m -> usable
[controller_server-10] [INFO] [1790924196.882615936] [controller_server]: Passing new path to controller.
[INFO] [1790924197.859783688] [mapex_explorer]: Main /plan diagnostic: poses=288, endpoint=(35.89, -5.21), frontier=(35.89, -5.21), endpoint_to_frontier=0.000 m, limit=0.10 m -> usable
[controller_server-10] [INFO] [1790924197.882603689] [controller_server]: Passing new path to controller.
[async_slam_toolbox_node-9] W20261002 13:56:38.641412 26986 preprocessor.cc:67] Specified options.num_threads: 50 exceeds maximum available from the threading model Ceres was compiled with: 16.  Bounding to maximum number available.
[rviz2-7] [INFO] [1790924198.874688261] [rviz2]: Trying to create a map of size 470 x 251 using 1 swatches
[controller_server-10] [INFO] [1790924198.892694358] [local_costmap.local_costmap]: StaticLayer: Resizing static layer to 470 X 251 at 0.100000 m/pix
[INFO] [1790924198.941555083] [mapex_explorer]: Main /plan diagnostic: poses=277, endpoint=(35.89, -5.21), frontier=(35.89, -5.21), endpoint_to_frontier=0.000 m, limit=0.10 m -> usable
[controller_server-10] [INFO] [1790924198.949274582] [controller_server]: Passing new path to controller.
[planner_server-12] [INFO] [1790924199.366728173] [global_costmap.global_costmap]: StaticLayer: Resizing costmap to 470 X 251 at 0.100000 m/pix
[INFO] [1790924199.918413743] [mapex_explorer]: Main /plan diagnostic: poses=266, endpoint=(35.89, -5.21), frontier=(35.89, -5.21), endpoint_to_frontier=0.000 m, limit=0.10 m -> usable
[controller_server-10] [INFO] [1790924199.949287476] [controller_server]: Passing new path to controller.
[controller_server-10] [INFO] [1790924200.949268153] [controller_server]: Passing new path to controller.
[INFO] [1790924200.964980547] [mapex_explorer]: Main /plan diagnostic: poses=256, endpoint=(35.89, -5.21), frontier=(35.89, -5.21), endpoint_to_frontier=0.000 m, limit=0.10 m -> usable
[INFO] [1790924201.964757168] [mapex_explorer]: Main /plan diagnostic: poses=246, endpoint=(35.89, -5.21), frontier=(35.89, -5.21), endpoint_to_frontier=0.000 m, limit=0.10 m -> usable
[controller_server-10] [INFO] [1790924202.015952949] [controller_server]: Passing new path to controller.
[INFO] [1790924202.990844611] [mapex_explorer]: Main /plan diagnostic: poses=236, endpoint=(35.89, -5.21), frontier=(35.89, -5.21), endpoint_to_frontier=0.000 m, limit=0.10 m -> usable
[controller_server-10] [INFO] [1790924203.015942128] [controller_server]: Passing new path to controller.
[INFO] [1790924204.027687373] [mapex_explorer]: Main /plan diagnostic: poses=226, endpoint=(35.89, -5.21), frontier=(35.89, -5.21), endpoint_to_frontier=0.000 m, limit=0.10 m -> usable
[controller_server-10] [INFO] [1790924204.082615995] [controller_server]: Passing new path to controller.
[controller_server-10] [INFO] [1790924205.082611320] [controller_server]: Passing new path to controller.
[INFO] [1790924205.088975884] [mapex_explorer]: Main /plan diagnostic: poses=214, endpoint=(35.89, -5.21), frontier=(35.89, -5.21), endpoint_to_frontier=0.000 m, limit=0.10 m -> usable
[async_slam_toolbox_node-9] W20261002 13:56:45.862337 26986 preprocessor.cc:67] Specified options.num_threads: 50 exceeds maximum available from the threading model Ceres was compiled with: 16.  Bounding to maximum number available.
[INFO] [1790924206.064663137] [mapex_explorer]: Main /plan diagnostic: poses=204, endpoint=(35.89, -5.21), frontier=(35.89, -5.21), endpoint_to_frontier=0.000 m, limit=0.10 m -> usable
[controller_server-10] [INFO] [1790924206.082601554] [controller_server]: Passing new path to controller.
[controller_server-10] [INFO] [1790924206.892681188] [local_costmap.local_costmap]: StaticLayer: Resizing static layer to 470 X 251 at 0.100000 m/pix
[INFO] [1790924207.090764374] [mapex_explorer]: Main /plan diagnostic: poses=194, endpoint=(35.89, -5.21), frontier=(35.89, -5.21), endpoint_to_frontier=0.000 m, limit=0.10 m -> usable
[controller_server-10] [INFO] [1790924207.149270578] [controller_server]: Passing new path to controller.
[planner_server-12] [INFO] [1790924207.366711662] [global_costmap.global_costmap]: StaticLayer: Resizing costmap to 470 X 251 at 0.100000 m/pix
[INFO] [1790924208.100843095] [mapex_explorer]: Main /plan diagnostic: poses=184, endpoint=(35.89, -5.21), frontier=(35.89, -5.21), endpoint_to_frontier=0.000 m, limit=0.10 m -> usable
[controller_server-10] [INFO] [1790924208.149288214] [controller_server]: Passing new path to controller.
[rviz2-7] [INFO] [1790924208.858966179] [rviz2]: Trying to create a map of size 472 x 251 using 1 swatches
[controller_server-10] [INFO] [1790924208.892639019] [local_costmap.local_costmap]: StaticLayer: Resizing static layer to 472 X 251 at 0.100000 m/pix
[INFO] [1790924209.137450869] [mapex_explorer]: Main /plan diagnostic: poses=174, endpoint=(35.89, -5.21), frontier=(35.89, -5.21), endpoint_to_frontier=0.000 m, limit=0.10 m -> usable
[controller_server-10] [INFO] [1790924209.149286434] [controller_server]: Passing new path to controller.
[planner_server-12] [INFO] [1790924209.366708774] [global_costmap.global_costmap]: StaticLayer: Resizing costmap to 472 X 251 at 0.100000 m/pix
[rviz2-7] [INFO] [1790924209.818071520] [rviz2]: Trying to create a map of size 475 x 251 using 1 swatches
[controller_server-10] [INFO] [1790924209.892656427] [local_costmap.local_costmap]: StaticLayer: Resizing static layer to 475 X 251 at 0.100000 m/pix
[INFO] [1790924210.165798739] [mapex_explorer]: Main /plan diagnostic: poses=164, endpoint=(35.89, -5.21), frontier=(35.89, -5.21), endpoint_to_frontier=0.000 m, limit=0.10 m -> usable
[controller_server-10] [INFO] [1790924210.215943722] [controller_server]: Passing new path to controller.
[planner_server-12] [INFO] [1790924210.366708006] [global_costmap.global_costmap]: StaticLayer: Resizing costmap to 475 X 251 at 0.100000 m/pix
[rviz2-7] [INFO] [1790924210.875046006] [rviz2]: Trying to create a map of size 481 x 251 using 1 swatches
[controller_server-10] [INFO] [1790924210.892618473] [local_costmap.local_costmap]: StaticLayer: Resizing static layer to 481 X 251 at 0.100000 m/pix
[controller_server-10] [INFO] [1790924211.215954057] [controller_server]: Passing new path to controller.
[INFO] [1790924211.221485437] [mapex_explorer]: Main /plan diagnostic: poses=154, endpoint=(35.89, -5.21), frontier=(35.89, -5.21), endpoint_to_frontier=0.000 m, limit=0.10 m -> usable
[planner_server-12] [INFO] [1790924211.366751555] [global_costmap.global_costmap]: StaticLayer: Resizing costmap to 481 X 251 at 0.100000 m/pix
[rviz2-7] [INFO] [1790924211.833978928] [rviz2]: Trying to create a map of size 485 x 251 using 1 swatches
[controller_server-10] [INFO] [1790924211.892643538] [local_costmap.local_costmap]: StaticLayer: Resizing static layer to 485 X 251 at 0.100000 m/pix
[INFO] [1790924212.221132163] [mapex_explorer]: Main /plan diagnostic: poses=144, endpoint=(35.89, -5.21), frontier=(35.89, -5.21), endpoint_to_frontier=0.000 m, limit=0.10 m -> usable
[controller_server-10] [INFO] [1790924212.282638734] [controller_server]: Passing new path to controller.
[planner_server-12] [INFO] [1790924212.366711234] [global_costmap.global_costmap]: StaticLayer: Resizing costmap to 485 X 251 at 0.100000 m/pix
[rviz2-7] [INFO] [1790924212.858101847] [rviz2]: Trying to create a map of size 486 x 251 using 1 swatches
[controller_server-10] [INFO] [1790924212.892612717] [local_costmap.local_costmap]: StaticLayer: Resizing static layer to 486 X 251 at 0.100000 m/pix
[INFO] [1790924213.266538633] [mapex_explorer]: Main /plan diagnostic: poses=134, endpoint=(35.89, -5.21), frontier=(35.89, -5.21), endpoint_to_frontier=0.000 m, limit=0.10 m -> usable
[controller_server-10] [INFO] [1790924213.282741447] [controller_server]: Passing new path to controller.
[planner_server-12] [INFO] [1790924213.366767140] [global_costmap.global_costmap]: StaticLayer: Resizing costmap to 486 X 251 at 0.100000 m/pix
[rviz2-7] [INFO] [1790924213.850300672] [rviz2]: Trying to create a map of size 502 x 251 using 1 swatches
[controller_server-10] [INFO] [1790924213.892613279] [local_costmap.local_costmap]: StaticLayer: Resizing static layer to 502 X 251 at 0.100000 m/pix
[INFO] [1790924214.261632628] [mapex_explorer]: Main /plan diagnostic: poses=124, endpoint=(35.89, -5.21), frontier=(35.89, -5.21), endpoint_to_frontier=0.000 m, limit=0.10 m -> usable
[controller_server-10] [INFO] [1790924214.282603837] [controller_server]: Passing new path to controller.
[planner_server-12] [INFO] [1790924214.367154893] [global_costmap.global_costmap]: StaticLayer: Resizing costmap to 502 X 251 at 0.100000 m/pix
[rviz2-7] [INFO] [1790924214.842285924] [rviz2]: Trying to create a map of size 504 x 251 using 1 swatches
[controller_server-10] [INFO] [1790924214.892643404] [local_costmap.local_costmap]: StaticLayer: Resizing static layer to 504 X 251 at 0.100000 m/pix
[INFO] [1790924215.304351936] [mapex_explorer]: Main /plan diagnostic: poses=114, endpoint=(35.89, -5.21), frontier=(35.89, -5.21), endpoint_to_frontier=0.000 m, limit=0.10 m -> usable
[controller_server-10] [INFO] [1790924215.349286222] [controller_server]: Passing new path to controller.
[planner_server-12] [INFO] [1790924215.366826045] [global_costmap.global_costmap]: StaticLayer: Resizing costmap to 504 X 251 at 0.100000 m/pix
[INFO] [1790924216.307683461] [mapex_explorer]: Main /plan diagnostic: poses=102, endpoint=(35.89, -5.21), frontier=(35.89, -5.21), endpoint_to_frontier=0.000 m, limit=0.10 m -> usable
[controller_server-10] [INFO] [1790924216.349292765] [controller_server]: Passing new path to controller.
[rviz2-7] [INFO] [1790924216.826238544] [rviz2]: Trying to create a map of size 514 x 251 using 1 swatches
[controller_server-10] [INFO] [1790924216.892685735] [local_costmap.local_costmap]: StaticLayer: Resizing static layer to 514 X 251 at 0.100000 m/pix
[INFO] [1790924217.336559810] [mapex_explorer]: Main /plan diagnostic: poses=92, endpoint=(35.89, -5.21), frontier=(35.89, -5.21), endpoint_to_frontier=0.000 m, limit=0.10 m -> usable
[planner_server-12] [INFO] [1790924217.366706506] [global_costmap.global_costmap]: StaticLayer: Resizing costmap to 514 X 251 at 0.100000 m/pix
[controller_server-10] [INFO] [1790924217.415963737] [controller_server]: Passing new path to controller.
[rviz2-7] [INFO] [1790924217.850749818] [rviz2]: Trying to create a map of size 525 x 251 using 1 swatches
[controller_server-10] [INFO] [1790924217.892655397] [local_costmap.local_costmap]: StaticLayer: Resizing static layer to 525 X 251 at 0.100000 m/pix
[planner_server-12] [INFO] [1790924218.366722215] [global_costmap.global_costmap]: StaticLayer: Resizing costmap to 525 X 251 at 0.100000 m/pix
[INFO] [1790924218.395980960] [mapex_explorer]: Main /plan diagnostic: poses=82, endpoint=(35.89, -5.21), frontier=(35.89, -5.21), endpoint_to_frontier=0.000 m, limit=0.10 m -> usable
[controller_server-10] [INFO] [1790924218.415936696] [controller_server]: Passing new path to controller.
[rviz2-7] [INFO] [1790924218.842008975] [rviz2]: Trying to create a map of size 526 x 251 using 1 swatches
[controller_server-10] [INFO] [1790924218.892659094] [local_costmap.local_costmap]: StaticLayer: Resizing static layer to 526 X 251 at 0.100000 m/pix
[planner_server-12] [INFO] [1790924219.366727912] [global_costmap.global_costmap]: StaticLayer: Resizing costmap to 526 X 251 at 0.100000 m/pix
[controller_server-10] [INFO] [1790924219.415933931] [controller_server]: Passing new path to controller.
[INFO] [1790924219.457412357] [mapex_explorer]: Main /plan diagnostic: poses=72, endpoint=(35.89, -5.21), frontier=(35.89, -5.21), endpoint_to_frontier=0.000 m, limit=0.10 m -> usable
[rviz2-7] [INFO] [1790924219.834013650] [rviz2]: Trying to create a map of size 529 x 251 using 1 swatches
[controller_server-10] [INFO] [1790924219.892637691] [local_costmap.local_costmap]: StaticLayer: Resizing static layer to 529 X 251 at 0.100000 m/pix
[planner_server-12] [INFO] [1790924220.366738633] [global_costmap.global_costmap]: StaticLayer: Resizing costmap to 529 X 251 at 0.100000 m/pix
[INFO] [1790924220.437187102] [mapex_explorer]: Main /plan diagnostic: poses=62, endpoint=(35.89, -5.21), frontier=(35.89, -5.21), endpoint_to_frontier=0.000 m, limit=0.10 m -> usable
[controller_server-10] [INFO] [1790924220.482629015] [controller_server]: Passing new path to controller.
[rviz2-7] [INFO] [1790924220.826285847] [rviz2]: Trying to create a map of size 530 x 251 using 1 swatches
[controller_server-10] [INFO] [1790924220.892632495] [local_costmap.local_costmap]: StaticLayer: Resizing static layer to 530 X 251 at 0.100000 m/pix
[planner_server-12] [INFO] [1790924221.366719472] [global_costmap.global_costmap]: StaticLayer: Resizing costmap to 530 X 251 at 0.100000 m/pix
[controller_server-10] [INFO] [1790924221.482601725] [controller_server]: Passing new path to controller.
[INFO] [1790924221.502701039] [mapex_explorer]: Main /plan diagnostic: poses=52, endpoint=(35.89, -5.21), frontier=(35.89, -5.21), endpoint_to_frontier=0.000 m, limit=0.10 m -> usable
[rviz2-7] [INFO] [1790924221.850622650] [rviz2]: Trying to create a map of size 531 x 251 using 1 swatches
[controller_server-10] [INFO] [1790924221.892645017] [local_costmap.local_costmap]: StaticLayer: Resizing static layer to 531 X 251 at 0.100000 m/pix
[planner_server-12] [INFO] [1790924222.366711339] [global_costmap.global_costmap]: StaticLayer: Resizing costmap to 531 X 251 at 0.100000 m/pix
[controller_server-10] [INFO] [1790924222.482604524] [controller_server]: Passing new path to controller.
[INFO] [1790924222.482969497] [mapex_explorer]: Main /plan diagnostic: poses=42, endpoint=(35.89, -5.21), frontier=(35.89, -5.21), endpoint_to_frontier=0.000 m, limit=0.10 m -> usable
[INFO] [1790924223.486429011] [mapex_explorer]: Main /plan diagnostic: poses=32, endpoint=(35.89, -5.21), frontier=(35.89, -5.21), endpoint_to_frontier=0.000 m, limit=0.10 m -> usable
[controller_server-10] [INFO] [1790924223.549269035] [controller_server]: Passing new path to controller.
[INFO] [1790924224.513372115] [mapex_explorer]: Main /plan diagnostic: poses=22, endpoint=(35.89, -5.21), frontier=(35.89, -5.21), endpoint_to_frontier=0.000 m, limit=0.10 m -> usable
[controller_server-10] [INFO] [1790924224.549269298] [controller_server]: Passing new path to controller.
[INFO] [1790924225.537553350] [mapex_explorer]: Main /plan diagnostic: poses=15, endpoint=(35.89, -5.21), frontier=(35.89, -5.21), endpoint_to_frontier=0.000 m, limit=0.10 m -> usable
[controller_server-10] [INFO] [1790924225.615961645] [controller_server]: Passing new path to controller.
[rviz2-7] [INFO] [1790924225.850449032] [rviz2]: Trying to create a map of size 559 x 251 using 1 swatches
[controller_server-10] [INFO] [1790924225.892651340] [local_costmap.local_costmap]: StaticLayer: Resizing static layer to 559 X 251 at 0.100000 m/pix
[planner_server-12] [INFO] [1790924226.366752334] [global_costmap.global_costmap]: StaticLayer: Resizing costmap to 559 X 251 at 0.100000 m/pix
[INFO] [1790924226.571886519] [mapex_explorer]: Main /plan diagnostic: poses=9, endpoint=(35.89, -5.21), frontier=(35.89, -5.21), endpoint_to_frontier=0.000 m, limit=0.10 m -> usable
[controller_server-10] [INFO] [1790924226.615944644] [controller_server]: Passing new path to controller.
[controller_server-10] [INFO] [1790924226.752513161] [controller_server]: Reached the goal!
[controller_server-10] [INFO] [1790924226.752824638] [controller_server]: Optimizer reset
[bt_navigator-15] [INFO] [1790924226.781767100] [bt_navigator]: Goal succeeded
[INFO] [1790924226.783916293] [mapex_explorer]: Goal reached
[INFO] [1790924233.953699479] [mapex_explorer]: MapEx decision 20: selected x=32.39, y=-10.91, IG=73.044640, distance=6.40 m, score=11.418671, region=362, candidates=29, near_fallback=False, compute=6.40 s
[bt_navigator-15] [INFO] [1790924233.954565740] [bt_navigator]: Begin navigating from current location (35.62, -5.39) to (32.39, -10.91)
[controller_server-10] [INFO] [1790924233.975100501] [controller_server]: Received a goal, begin computing control effort.
[INFO] [1790924234.376554187] [mapex_explorer]: Main goal accepted
[INFO] [1790924234.439326956] [mapex_explorer]: Main /plan diagnostic: poses=128, endpoint=(32.39, -10.91), frontier=(32.39, -10.91), endpoint_to_frontier=0.000 m, limit=0.10 m -> usable
[INFO] [1790924234.981716804] [mapex_explorer]: Main /plan diagnostic: poses=125, endpoint=(32.39, -10.91), frontier=(32.39, -10.91), endpoint_to_frontier=0.000 m, limit=0.10 m -> usable
[controller_server-10] [INFO] [1790924235.041898012] [controller_server]: Passing new path to controller.
[INFO] [1790924236.013055451] [mapex_explorer]: Main /plan diagnostic: poses=124, endpoint=(32.39, -10.91), frontier=(32.39, -10.91), endpoint_to_frontier=0.000 m, limit=0.10 m -> usable
[controller_server-10] [INFO] [1790924236.041895946] [controller_server]: Passing new path to controller.
[INFO] [1790924237.031630072] [mapex_explorer]: Main /plan diagnostic: poses=120, endpoint=(32.39, -10.91), frontier=(32.39, -10.91), endpoint_to_frontier=0.000 m, limit=0.10 m -> usable
[controller_server-10] [INFO] [1790924237.108571279] [controller_server]: Passing new path to controller.
[INFO] [1790924238.103771399] [mapex_explorer]: Main /plan diagnostic: poses=110, endpoint=(32.39, -10.91), frontier=(32.39, -10.91), endpoint_to_frontier=0.000 m, limit=0.10 m -> usable
[controller_server-10] [INFO] [1790924238.108560994] [controller_server]: Passing new path to controller.
[INFO] [1790924239.081989194] [mapex_explorer]: Main /plan diagnostic: poses=100, endpoint=(32.39, -10.91), frontier=(32.39, -10.91), endpoint_to_frontier=0.000 m, limit=0.10 m -> usable
[controller_server-10] [INFO] [1790924239.108835396] [controller_server]: Passing new path to controller.
[controller_server-10] [INFO] [1790924240.175226960] [controller_server]: Passing new path to controller.
[INFO] [1790924240.176919091] [mapex_explorer]: Main /plan diagnostic: poses=91, endpoint=(32.39, -10.91), frontier=(32.39, -10.91), endpoint_to_frontier=0.000 m, limit=0.10 m -> usable
[INFO] [1790924241.136290450] [mapex_explorer]: Main /plan diagnostic: poses=80, endpoint=(32.39, -10.91), frontier=(32.39, -10.91), endpoint_to_frontier=0.000 m, limit=0.10 m -> usable
[controller_server-10] [INFO] [1790924241.175241193] [controller_server]: Passing new path to controller.
[INFO] [1790924242.159784767] [mapex_explorer]: Main /plan diagnostic: poses=69, endpoint=(32.39, -10.91), frontier=(32.39, -10.91), endpoint_to_frontier=0.000 m, limit=0.10 m -> usable
[controller_server-10] [INFO] [1790924242.175224933] [controller_server]: Passing new path to controller.
[INFO] [1790924243.212154026] [mapex_explorer]: Main /plan diagnostic: poses=60, endpoint=(32.39, -10.91), frontier=(32.39, -10.91), endpoint_to_frontier=0.000 m, limit=0.10 m -> usable
[controller_server-10] [INFO] [1790924243.241919984] [controller_server]: Passing new path to controller.
[INFO] [1790924244.217977356] [mapex_explorer]: Main /plan diagnostic: poses=50, endpoint=(32.39, -10.91), frontier=(32.39, -10.91), endpoint_to_frontier=0.000 m, limit=0.10 m -> usable
[controller_server-10] [INFO] [1790924244.241905023] [controller_server]: Passing new path to controller.
[INFO] [1790924245.280395959] [mapex_explorer]: Main /plan diagnostic: poses=40, endpoint=(32.39, -10.91), frontier=(32.39, -10.91), endpoint_to_frontier=0.000 m, limit=0.10 m -> usable
[controller_server-10] [INFO] [1790924245.308580892] [controller_server]: Passing new path to controller.
[controller_server-10] [INFO] [1790924246.308556012] [controller_server]: Passing new path to controller.
[INFO] [1790924246.333828374] [mapex_explorer]: Main /plan diagnostic: poses=30, endpoint=(32.39, -10.91), frontier=(32.39, -10.91), endpoint_to_frontier=0.000 m, limit=0.10 m -> usable
[INFO] [1790924247.303750543] [mapex_explorer]: Main /plan diagnostic: poses=20, endpoint=(32.39, -10.91), frontier=(32.39, -10.91), endpoint_to_frontier=0.000 m, limit=0.10 m -> usable
[controller_server-10] [INFO] [1790924247.375349167] [controller_server]: Passing new path to controller.
[INFO] [1790924248.327145953] [mapex_explorer]: Main /plan diagnostic: poses=12, endpoint=(32.39, -10.91), frontier=(32.39, -10.91), endpoint_to_frontier=0.000 m, limit=0.10 m -> usable
[controller_server-10] [INFO] [1790924248.375231322] [controller_server]: Passing new path to controller.
[INFO] [1790924249.357420160] [mapex_explorer]: Main /plan diagnostic: poses=7, endpoint=(32.39, -10.91), frontier=(32.39, -10.91), endpoint_to_frontier=0.000 m, limit=0.10 m -> usable
[controller_server-10] [INFO] [1790924249.441894260] [controller_server]: Passing new path to controller.
[controller_server-10] [INFO] [1790924249.443298799] [controller_server]: Reached the goal!
[controller_server-10] [INFO] [1790924249.443459180] [controller_server]: Optimizer reset
[bt_navigator-15] [INFO] [1790924249.474863409] [bt_navigator]: Goal succeeded
[INFO] [1790924249.476763769] [mapex_explorer]: Goal reached
[INFO] [1790924256.791271773] [mapex_explorer]: MapEx decision 21: selected x=41.49, y=-10.81, IG=39.464306, distance=8.87 m, score=4.451390, region=518, candidates=29, near_fallback=False, compute=7.23 s
[bt_navigator-15] [INFO] [1790924256.792135068] [bt_navigator]: Begin navigating from current location (32.61, -10.65) to (41.49, -10.81)
[controller_server-10] [INFO] [1790924256.812763420] [controller_server]: Received a goal, begin computing control effort.
[INFO] [1790924257.197693158] [mapex_explorer]: Main goal accepted
[INFO] [1790924257.383840651] [mapex_explorer]: Main /plan diagnostic: poses=272, endpoint=(41.49, -10.81), frontier=(41.49, -10.81), endpoint_to_frontier=0.000 m, limit=0.10 m -> usable
[INFO] [1790924257.864014187] [mapex_explorer]: Main /plan diagnostic: poses=267, endpoint=(41.49, -10.81), frontier=(41.49, -10.81), endpoint_to_frontier=0.000 m, limit=0.10 m -> usable
[controller_server-10] [INFO] [1790924257.879581707] [controller_server]: Passing new path to controller.
[INFO] [1790924258.871176430] [mapex_explorer]: Main /plan diagnostic: poses=260, endpoint=(41.49, -10.81), frontier=(41.49, -10.81), endpoint_to_frontier=0.000 m, limit=0.10 m -> usable
[controller_server-10] [INFO] [1790924258.879566941] [controller_server]: Passing new path to controller.
[INFO] [1790924259.919512378] [mapex_explorer]: Main /plan diagnostic: poses=254, endpoint=(41.49, -10.81), frontier=(41.49, -10.81), endpoint_to_frontier=0.000 m, limit=0.10 m -> usable
[controller_server-10] [INFO] [1790924259.946241223] [controller_server]: Passing new path to controller.
[INFO] [1790924260.929046765] [mapex_explorer]: Main /plan diagnostic: poses=245, endpoint=(41.49, -10.81), frontier=(41.49, -10.81), endpoint_to_frontier=0.000 m, limit=0.10 m -> usable
[controller_server-10] [INFO] [1790924260.946293493] [controller_server]: Passing new path to controller.
[INFO] [1790924261.972670455] [mapex_explorer]: Main /plan diagnostic: poses=239, endpoint=(41.49, -10.81), frontier=(41.49, -10.81), endpoint_to_frontier=0.000 m, limit=0.10 m -> usable
[controller_server-10] [INFO] [1790924262.012917192] [controller_server]: Passing new path to controller.
[controller_server-10] [INFO] [1790924263.012928680] [controller_server]: Passing new path to controller.
[INFO] [1790924263.063207232] [mapex_explorer]: Main /plan diagnostic: poses=232, endpoint=(41.49, -10.81), frontier=(41.49, -10.81), endpoint_to_frontier=0.000 m, limit=0.10 m -> usable
[INFO] [1790924264.007239412] [mapex_explorer]: Main /plan diagnostic: poses=224, endpoint=(41.49, -10.81), frontier=(41.49, -10.81), endpoint_to_frontier=0.000 m, limit=0.10 m -> usable
[controller_server-10] [INFO] [1790924264.012898951] [controller_server]: Passing new path to controller.
[INFO] [1790924265.033170863] [mapex_explorer]: Main /plan diagnostic: poses=217, endpoint=(41.49, -10.81), frontier=(41.49, -10.81), endpoint_to_frontier=0.000 m, limit=0.10 m -> usable
[controller_server-10] [INFO] [1790924265.079610085] [controller_server]: Passing new path to controller.
[async_slam_toolbox_node-9] W20261002 13:57:45.842213 26986 preprocessor.cc:67] Specified options.num_threads: 50 exceeds maximum available from the threading model Ceres was compiled with: 16.  Bounding to maximum number available.
[async_slam_toolbox_node-9] [INFO] [1790924265.848693315] [slam_toolbox]: Adaptive anchor summary: latest_node=1278, local_edges=1320, loop_history=0, avg_effective_weight=1.219, release_regions=0
[INFO] [1790924266.077085689] [mapex_explorer]: Main /plan diagnostic: poses=210, endpoint=(41.49, -10.81), frontier=(41.49, -10.81), endpoint_to_frontier=0.000 m, limit=0.10 m -> usable
[controller_server-10] [INFO] [1790924266.079566639] [controller_server]: Passing new path to controller.
[controller_server-10] [INFO] [1790924266.892659622] [local_costmap.local_costmap]: StaticLayer: Resizing static layer to 559 X 251 at 0.100000 m/pix
[INFO] [1790924267.106116775] [mapex_explorer]: Main /plan diagnostic: poses=203, endpoint=(41.49, -10.81), frontier=(41.49, -10.81), endpoint_to_frontier=0.000 m, limit=0.10 m -> usable
[controller_server-10] [INFO] [1790924267.146297551] [controller_server]: Passing new path to controller.
[planner_server-12] [INFO] [1790924267.366734157] [global_costmap.global_costmap]: StaticLayer: Resizing costmap to 559 X 251 at 0.100000 m/pix
[controller_server-10] [INFO] [1790924268.146254318] [controller_server]: Passing new path to controller.
[INFO] [1790924268.203790272] [mapex_explorer]: Main /plan diagnostic: poses=197, endpoint=(41.49, -10.81), frontier=(41.49, -10.81), endpoint_to_frontier=0.000 m, limit=0.10 m -> usable
[INFO] [1790924269.165547978] [mapex_explorer]: Main /plan diagnostic: poses=191, endpoint=(41.49, -10.81), frontier=(41.49, -10.81), endpoint_to_frontier=0.000 m, limit=0.10 m -> usable
[controller_server-10] [INFO] [1790924269.212907166] [controller_server]: Passing new path to controller.
[INFO] [1790924270.162796767] [mapex_explorer]: Main /plan diagnostic: poses=182, endpoint=(41.49, -10.81), frontier=(41.49, -10.81), endpoint_to_frontier=0.000 m, limit=0.10 m -> usable
[controller_server-10] [INFO] [1790924270.212900201] [controller_server]: Passing new path to controller.
[async_slam_toolbox_node-9] W20261002 13:57:50.996253 26986 preprocessor.cc:67] Specified options.num_threads: 50 exceeds maximum available from the threading model Ceres was compiled with: 16.  Bounding to maximum number available.
[INFO] [1790924271.194119618] [mapex_explorer]: Main /plan diagnostic: poses=175, endpoint=(41.49, -10.81), frontier=(41.49, -10.81), endpoint_to_frontier=0.000 m, limit=0.10 m -> usable
[controller_server-10] [INFO] [1790924271.212899240] [controller_server]: Passing new path to controller.
[controller_server-10] [INFO] [1790924271.892653536] [local_costmap.local_costmap]: StaticLayer: Resizing static layer to 559 X 251 at 0.100000 m/pix
[INFO] [1790924272.212990740] [mapex_explorer]: Main /plan diagnostic: poses=168, endpoint=(41.49, -10.81), frontier=(41.49, -10.81), endpoint_to_frontier=0.000 m, limit=0.10 m -> usable
[controller_server-10] [INFO] [1790924272.212919601] [controller_server]: Passing new path to controller.
[planner_server-12] [INFO] [1790924272.366734433] [global_costmap.global_costmap]: StaticLayer: Resizing costmap to 559 X 251 at 0.100000 m/pix
[INFO] [1790924273.243326954] [mapex_explorer]: Main /plan diagnostic: poses=158, endpoint=(41.49, -10.81), frontier=(41.49, -10.81), endpoint_to_frontier=0.000 m, limit=0.10 m -> usable
[controller_server-10] [INFO] [1790924273.279570511] [controller_server]: Passing new path to controller.
[controller_server-10] [INFO] [1790924273.892667561] [local_costmap.local_costmap]: StaticLayer: Resizing static layer to 559 X 251 at 0.100000 m/pix
[INFO] [1790924274.268445813] [mapex_explorer]: Main /plan diagnostic: poses=151, endpoint=(41.49, -10.81), frontier=(41.49, -10.81), endpoint_to_frontier=0.000 m, limit=0.10 m -> usable
[controller_server-10] [INFO] [1790924274.279616204] [controller_server]: Passing new path to controller.
[planner_server-12] [INFO] [1790924274.366706847] [global_costmap.global_costmap]: StaticLayer: Resizing costmap to 559 X 251 at 0.100000 m/pix
[INFO] [1790924275.304786934] [mapex_explorer]: Main /plan diagnostic: poses=143, endpoint=(41.49, -10.81), frontier=(41.49, -10.81), endpoint_to_frontier=0.000 m, limit=0.10 m -> usable
[controller_server-10] [INFO] [1790924275.346275476] [controller_server]: Passing new path to controller.
[controller_server-10] [INFO] [1790924276.346231323] [controller_server]: Passing new path to controller.
[INFO] [1790924276.403560450] [mapex_explorer]: Main /plan diagnostic: poses=135, endpoint=(41.49, -10.81), frontier=(41.49, -10.81), endpoint_to_frontier=0.000 m, limit=0.10 m -> usable
[INFO] [1790924277.364113153] [mapex_explorer]: Main /plan diagnostic: poses=130, endpoint=(41.49, -10.81), frontier=(41.49, -10.81), endpoint_to_frontier=0.000 m, limit=0.10 m -> usable
[controller_server-10] [INFO] [1790924277.412914225] [controller_server]: Passing new path to controller.
[INFO] [1790924278.359207352] [mapex_explorer]: Main /plan diagnostic: poses=122, endpoint=(41.49, -10.81), frontier=(41.49, -10.81), endpoint_to_frontier=0.000 m, limit=0.10 m -> usable
[controller_server-10] [INFO] [1790924278.412944183] [controller_server]: Passing new path to controller.
[rviz2-7] [INFO] [1790924278.875582798] [rviz2]: Trying to create a map of size 560 x 251 using 1 swatches
[controller_server-10] [INFO] [1790924278.892609956] [local_costmap.local_costmap]: StaticLayer: Resizing static layer to 560 X 251 at 0.100000 m/pix
[planner_server-12] [INFO] [1790924279.366826957] [global_costmap.global_costmap]: StaticLayer: Resizing costmap to 560 X 251 at 0.100000 m/pix
[INFO] [1790924279.391684132] [mapex_explorer]: Main /plan diagnostic: poses=114, endpoint=(41.49, -10.81), frontier=(41.49, -10.81), endpoint_to_frontier=0.000 m, limit=0.10 m -> usable
[controller_server-10] [INFO] [1790924279.412900228] [controller_server]: Passing new path to controller.
[INFO] [1790924280.421642081] [mapex_explorer]: Main /plan diagnostic: poses=108, endpoint=(41.49, -10.81), frontier=(41.49, -10.81), endpoint_to_frontier=0.000 m, limit=0.10 m -> usable
[controller_server-10] [INFO] [1790924280.479596645] [controller_server]: Passing new path to controller.
[INFO] [1790924281.428356241] [mapex_explorer]: Main /plan diagnostic: poses=101, endpoint=(41.49, -10.81), frontier=(41.49, -10.81), endpoint_to_frontier=0.000 m, limit=0.10 m -> usable
[controller_server-10] [INFO] [1790924281.479577026] [controller_server]: Passing new path to controller.
[INFO] [1790924282.465333958] [mapex_explorer]: Main /plan diagnostic: poses=96, endpoint=(41.49, -10.81), frontier=(41.49, -10.81), endpoint_to_frontier=0.000 m, limit=0.10 m -> usable
[controller_server-10] [INFO] [1790924282.479565643] [controller_server]: Passing new path to controller.
[controller_server-10] [INFO] [1790924283.546267140] [controller_server]: Passing new path to controller.
[INFO] [1790924283.609808370] [mapex_explorer]: Main /plan diagnostic: poses=95, endpoint=(41.49, -10.81), frontier=(41.49, -10.81), endpoint_to_frontier=0.000 m, limit=0.10 m -> usable
[INFO] [1790924284.526236804] [mapex_explorer]: Main /plan diagnostic: poses=91, endpoint=(41.49, -10.81), frontier=(41.49, -10.81), endpoint_to_frontier=0.000 m, limit=0.10 m -> usable
[controller_server-10] [INFO] [1790924284.546272510] [controller_server]: Passing new path to controller.
[INFO] [1790924285.547057206] [mapex_explorer]: Main /plan diagnostic: poses=81, endpoint=(41.49, -10.81), frontier=(41.49, -10.81), endpoint_to_frontier=0.000 m, limit=0.10 m -> usable
[controller_server-10] [INFO] [1790924285.612903467] [controller_server]: Passing new path to controller.
[INFO] [1790924286.595921194] [mapex_explorer]: Main /plan diagnostic: poses=71, endpoint=(41.49, -10.81), frontier=(41.49, -10.81), endpoint_to_frontier=0.000 m, limit=0.10 m -> usable
[controller_server-10] [INFO] [1790924286.612902316] [controller_server]: Passing new path to controller.
[INFO] [1790924287.602820704] [mapex_explorer]: Main /plan diagnostic: poses=60, endpoint=(41.49, -10.81), frontier=(41.49, -10.81), endpoint_to_frontier=0.000 m, limit=0.10 m -> usable
[controller_server-10] [INFO] [1790924287.612906119] [controller_server]: Passing new path to controller.
[INFO] [1790924288.617423199] [mapex_explorer]: Main /plan diagnostic: poses=50, endpoint=(41.49, -10.81), frontier=(41.49, -10.81), endpoint_to_frontier=0.000 m, limit=0.10 m -> usable
[controller_server-10] [INFO] [1790924288.679566199] [controller_server]: Passing new path to controller.
[INFO] [1790924289.635727554] [mapex_explorer]: Main /plan diagnostic: poses=40, endpoint=(41.49, -10.81), frontier=(41.49, -10.81), endpoint_to_frontier=0.000 m, limit=0.10 m -> usable
[controller_server-10] [INFO] [1790924289.679566575] [controller_server]: Passing new path to controller.
[INFO] [1790924290.715294332] [mapex_explorer]: Main /plan diagnostic: poses=30, endpoint=(41.49, -10.81), frontier=(41.49, -10.81), endpoint_to_frontier=0.000 m, limit=0.10 m -> usable
[controller_server-10] [INFO] [1790924290.746239146] [controller_server]: Passing new path to controller.
[INFO] [1790924291.694930383] [mapex_explorer]: Main /plan diagnostic: poses=21, endpoint=(41.49, -10.81), frontier=(41.49, -10.81), endpoint_to_frontier=0.000 m, limit=0.10 m -> usable
[controller_server-10] [INFO] [1790924291.746266199] [controller_server]: Passing new path to controller.
[INFO] [1790924292.716489685] [mapex_explorer]: Main /plan diagnostic: poses=12, endpoint=(41.49, -10.81), frontier=(41.49, -10.81), endpoint_to_frontier=0.000 m, limit=0.10 m -> usable
[controller_server-10] [INFO] [1790924292.746258508] [controller_server]: Passing new path to controller.
[INFO] [1790924293.797962681] [mapex_explorer]: Main /plan diagnostic: poses=7, endpoint=(41.49, -10.81), frontier=(41.49, -10.81), endpoint_to_frontier=0.000 m, limit=0.10 m -> usable
[controller_server-10] [INFO] [1790924293.812905532] [controller_server]: Passing new path to controller.
[controller_server-10] [INFO] [1790924294.015145228] [controller_server]: Reached the goal!
[controller_server-10] [INFO] [1790924294.015390091] [controller_server]: Optimizer reset
[bt_navigator-15] [INFO] [1790924294.042384333] [bt_navigator]: Goal succeeded
[INFO] [1790924294.045266653] [mapex_explorer]: Goal reached
[INFO] [1790924301.154199838] [mapex_explorer]: MapEx decision 22: selected x=45.69, y=-8.61, IG=69.339310, distance=4.87 m, score=14.246756, region=43, candidates=25, near_fallback=False, compute=6.53 s
[bt_navigator-15] [INFO] [1790924301.154971847] [bt_navigator]: Begin navigating from current location (41.24, -10.58) to (45.69, -8.61)
[controller_server-10] [INFO] [1790924301.175412734] [controller_server]: Received a goal, begin computing control effort.
[INFO] [1790924301.574315099] [mapex_explorer]: Main goal accepted
[INFO] [1790924301.831278151] [mapex_explorer]: Main /plan diagnostic: poses=120, endpoint=(45.69, -8.61), frontier=(45.69, -8.61), endpoint_to_frontier=0.000 m, limit=0.10 m -> usable
[INFO] [1790924302.185782694] [mapex_explorer]: Main /plan diagnostic: poses=120, endpoint=(45.69, -8.61), frontier=(45.69, -8.61), endpoint_to_frontier=0.000 m, limit=0.10 m -> usable
[controller_server-10] [INFO] [1790924302.242217812] [controller_server]: Passing new path to controller.
[INFO] [1790924303.199549704] [mapex_explorer]: Main /plan diagnostic: poses=116, endpoint=(45.69, -8.61), frontier=(45.69, -8.61), endpoint_to_frontier=0.000 m, limit=0.10 m -> usable
[controller_server-10] [INFO] [1790924303.242225601] [controller_server]: Passing new path to controller.
[controller_server-10] [INFO] [1790924304.242248456] [controller_server]: Passing new path to controller.
[INFO] [1790924304.277763548] [mapex_explorer]: Main /plan diagnostic: poses=108, endpoint=(45.69, -8.61), frontier=(45.69, -8.61), endpoint_to_frontier=0.000 m, limit=0.10 m -> usable
[INFO] [1790924305.251195472] [mapex_explorer]: Main /plan diagnostic: poses=98, endpoint=(45.69, -8.61), frontier=(45.69, -8.61), endpoint_to_frontier=0.000 m, limit=0.10 m -> usable
[controller_server-10] [INFO] [1790924305.308879428] [controller_server]: Passing new path to controller.
[INFO] [1790924306.288100682] [mapex_explorer]: Main /plan diagnostic: poses=88, endpoint=(45.69, -8.61), frontier=(45.69, -8.61), endpoint_to_frontier=0.000 m, limit=0.10 m -> usable
[controller_server-10] [INFO] [1790924306.308868721] [controller_server]: Passing new path to controller.
[INFO] [1790924307.307434194] [mapex_explorer]: Main /plan diagnostic: poses=76, endpoint=(45.69, -8.61), frontier=(45.69, -8.61), endpoint_to_frontier=0.000 m, limit=0.10 m -> usable
[controller_server-10] [INFO] [1790924307.375542538] [controller_server]: Passing new path to controller.
[INFO] [1790924308.326333551] [mapex_explorer]: Main /plan diagnostic: poses=66, endpoint=(45.69, -8.61), frontier=(45.69, -8.61), endpoint_to_frontier=0.000 m, limit=0.10 m -> usable
[controller_server-10] [INFO] [1790924308.375610742] [controller_server]: Passing new path to controller.
[INFO] [1790924309.374599559] [mapex_explorer]: Main /plan diagnostic: poses=57, endpoint=(45.69, -8.61), frontier=(45.69, -8.61), endpoint_to_frontier=0.000 m, limit=0.10 m -> usable
[controller_server-10] [INFO] [1790924309.375629104] [controller_server]: Passing new path to controller.
[INFO] [1790924310.384403799] [mapex_explorer]: Main /plan diagnostic: poses=45, endpoint=(45.69, -8.61), frontier=(45.69, -8.61), endpoint_to_frontier=0.000 m, limit=0.10 m -> usable
[controller_server-10] [INFO] [1790924310.442209246] [controller_server]: Passing new path to controller.
[INFO] [1790924311.400151885] [mapex_explorer]: Main /plan diagnostic: poses=34, endpoint=(45.69, -8.61), frontier=(45.69, -8.61), endpoint_to_frontier=0.000 m, limit=0.10 m -> usable
[controller_server-10] [INFO] [1790924311.442230990] [controller_server]: Passing new path to controller.
[INFO] [1790924312.421593948] [mapex_explorer]: Main /plan diagnostic: poses=26, endpoint=(45.69, -8.61), frontier=(45.69, -8.61), endpoint_to_frontier=0.000 m, limit=0.10 m -> usable
[controller_server-10] [INFO] [1790924312.442209893] [controller_server]: Passing new path to controller.
[controller_server-10] [INFO] [1790924313.585767340] [controller_server]: Passing new path to controller.
[INFO] [1790924313.621328790] [mapex_explorer]: Main /plan diagnostic: poses=17, endpoint=(45.69, -8.61), frontier=(45.69, -8.61), endpoint_to_frontier=0.000 m, limit=0.10 m -> usable
[controller_server-10] [WARN] [1790924314.822784558] [controller_server]: Control loop missed its desired rate of 15.0000 Hz. Current loop rate is inf Hz.
[controller_server-10] [WARN] [1790924315.791189724] [controller_server]: Control loop missed its desired rate of 15.0000 Hz. Current loop rate is 1000.0000 Hz.
[controller_server-10] [INFO] [1790924315.806897008] [controller_server]: Passing new path to controller.
[controller_server-10] [WARN] [1790924316.073683476] [controller_server]: Control loop missed its desired rate of 15.0000 Hz. Current loop rate is inf Hz.
[controller_server-10] [WARN] [1790924316.240823618] [controller_server]: Control loop missed its desired rate of 15.0000 Hz. Current loop rate is 1000.0000 Hz.
[controller_server-10] [WARN] [1790924317.047294311] [controller_server]: Control loop missed its desired rate of 15.0000 Hz. Current loop rate is inf Hz.
[controller_server-10] [INFO] [1790924317.087694323] [controller_server]: Passing new path to controller.
[controller_server-10] [WARN] [1790924317.220028194] [controller_server]: Control loop missed its desired rate of 15.0000 Hz. Current loop rate is 1000.0000 Hz.
[controller_server-10] [WARN] [1790924317.408914341] [controller_server]: Control loop missed its desired rate of 15.0000 Hz. Current loop rate is inf Hz.
[controller_server-10] [WARN] [1790924317.587806583] [controller_server]: Control loop missed its desired rate of 15.0000 Hz. Current loop rate is inf Hz.
[controller_server-10] [WARN] [1790924317.978574964] [controller_server]: Control loop missed its desired rate of 15.0000 Hz. Current loop rate is 1000.0000 Hz.
[controller_server-10] [INFO] [1790924318.080131187] [controller_server]: Passing new path to controller.
[controller_server-10] [WARN] [1790924318.331164355] [controller_server]: Control loop missed its desired rate of 15.0000 Hz. Current loop rate is inf Hz.
[controller_server-10] [WARN] [1790924318.478809849] [controller_server]: Control loop missed its desired rate of 15.0000 Hz. Current loop rate is 1000.0000 Hz.
[controller_server-10] [WARN] [1790924318.689573026] [controller_server]: Control loop missed its desired rate of 15.0000 Hz. Current loop rate is inf Hz.
[controller_server-10] [WARN] [1790924318.839986581] [controller_server]: Control loop missed its desired rate of 15.0000 Hz. Current loop rate is inf Hz.
[controller_server-10] [WARN] [1790924318.927516134] [controller_server]: Control loop missed its desired rate of 15.0000 Hz. Current loop rate is inf Hz.
[controller_server-10] [WARN] [1790924319.077116323] [controller_server]: Control loop missed its desired rate of 15.0000 Hz. Current loop rate is inf Hz.
[lifecycle_manager-20] [INFO] [1790924319.165389043] [lifecycle_manager_navigation]: [34m[1mHave not received a heartbeat from collision_monitor.[0m[0m
[lifecycle_manager-20] [ERROR] [1790924319.212735547] [lifecycle_manager_navigation]: CRITICAL FAILURE: SERVER collision_monitor IS DOWN after not receiving a heartbeat for 4000 ms. Shutting down related nodes.
[lifecycle_manager-20] [INFO] [1790924319.224264623] [lifecycle_manager_navigation]: [34m[1mTerminating bond timer...[0m[0m
[lifecycle_manager-20] [INFO] [1790924319.224375312] [lifecycle_manager_navigation]: [34m[1mResetting managed nodes...[0m[0m
[lifecycle_manager-20] [INFO] [1790924319.224392301] [lifecycle_manager_navigation]: [34m[1mDeactivating docking_server[0m[0m
[controller_server-10] [WARN] [1790924319.248032530] [controller_server]: Control loop missed its desired rate of 15.0000 Hz. Current loop rate is inf Hz.
[controller_server-10] [INFO] [1790924319.321586571] [controller_server]: Passing new path to controller.
[opennav_docking-19] [INFO] [1790924319.655619757] [docking_server]: Deactivating docking_server
[controller_server-10] [INFO] [1790924320.384307111] [controller_server]: Passing new path to controller.
[INFO] [1790924320.417798691] [mapex_explorer]: Main /plan diagnostic: poses=17, endpoint=(45.69, -8.61), frontier=(45.69, -8.61), endpoint_to_frontier=0.000 m, limit=0.10 m -> usable
[INFO] [1790924320.441025943] [mapex_explorer]: Main /plan diagnostic: poses=17, endpoint=(45.69, -8.61), frontier=(45.69, -8.61), endpoint_to_frontier=0.000 m, limit=0.10 m -> usable
[INFO] [1790924320.446081857] [mapex_explorer]: Main /plan diagnostic: poses=17, endpoint=(45.69, -8.61), frontier=(45.69, -8.61), endpoint_to_frontier=0.000 m, limit=0.10 m -> usable
[INFO] [1790924320.448710660] [mapex_explorer]: Main /plan diagnostic: poses=17, endpoint=(45.69, -8.61), frontier=(45.69, -8.61), endpoint_to_frontier=0.000 m, limit=0.10 m -> usable
[INFO] [1790924320.453309980] [mapex_explorer]: Main /plan diagnostic: poses=17, endpoint=(45.69, -8.61), frontier=(45.69, -8.61), endpoint_to_frontier=0.000 m, limit=0.10 m -> usable
[INFO] [1790924320.487175215] [mapex_explorer]: Main /plan diagnostic: poses=17, endpoint=(45.69, -8.61), frontier=(45.69, -8.61), endpoint_to_frontier=0.000 m, limit=0.10 m -> usable
[opennav_docking-19] [INFO] [1790924320.861616458] [docking_server]: Destroying bond (docking_server) to lifecycle manager.
[lifecycle_manager-20] [INFO] [1790924321.193711895] [lifecycle_manager_navigation]: [34m[1mDeactivating waypoint_follower[0m[0m
[waypoint_follower-16] [INFO] [1790924321.219638174] [waypoint_follower]: Deactivating
[waypoint_follower-16] [INFO] [1790924321.275019972] [waypoint_follower]: Destroying bond (waypoint_follower) to lifecycle manager.
[controller_server-10] [INFO] [1790924321.517679613] [controller_server]: Passing new path to controller.
[INFO] [1790924321.544220226] [mapex_explorer]: Main /plan diagnostic: poses=12, endpoint=(45.69, -8.61), frontier=(45.69, -8.61), endpoint_to_frontier=0.000 m, limit=0.10 m -> usable
[lifecycle_manager-20] [INFO] [1790924321.584124138] [lifecycle_manager_navigation]: [34m[1mDeactivating bt_navigator[0m[0m
[bt_navigator-15] [INFO] [1790924321.594992624] [bt_navigator]: Deactivating
[bt_navigator-15] [WARN] [1790924321.597842915] [bt_navigator]: [navigate_to_pose] [ActionServer] Requested to deactivate server but goal is still executing. Should check if action server is running before deactivating.
[bt_navigator-15] [INFO] [1790924321.710685113] [bt_navigator]: [navigate_to_pose] [ActionServer] Waiting for async process to finish.
[bt_navigator-15] [ERROR] [1790924321.738793620] [bt_navigator_navigate_to_pose_rclcpp_node]: Failed to cancel action server for follow_path
[bt_navigator-15] [ERROR] [1790924321.762173420] [bt_navigator_navigate_to_pose_rclcpp_node]: Failed to get result for follow_path in node halt!
[bt_navigator-15] [WARN] [1790924321.789664857] [bt_navigator]: [navigate_to_pose] [ActionServer] Aborting handle.
[bt_navigator-15] [INFO] [1790924321.792876771] [bt_navigator]: Goal canceled
[bt_navigator-15] [WARN] [1790924321.792896541] [bt_navigator]: [navigate_to_pose] [ActionServer] Stopping the thread per request.
[bt_navigator-15] [INFO] [1790924321.818274856] [bt_navigator]: Destroying bond (bt_navigator) to lifecycle manager.
[controller_server-10] [WARN] [1790924321.815681302] [controller_server]: Control loop missed its desired rate of 15.0000 Hz. Current loop rate is inf Hz.
[controller_server-10] [INFO] [1790924321.817943481] [controller_server]: Cancellation was successful. Stopping the robot.
[controller_server-10] [INFO] [1790924321.817962182] [controller_server]: [follow_path] [ActionServer] Client requested to cancel the goal. Cancelling.
[controller_server-10] [INFO] [1790924321.823439632] [controller_server]: Optimizer reset
[WARN] [1790924321.869433377] [mapex_explorer]: Main goal failed (status=6, error_code=0)
[WARN] [1790924321.871577981] [mapex_explorer]: Path-guided recovery #1: temporary subgoal x=45.56, y=-8.40, 0.40 m ahead on main path (remaining main path=0.71 m, trigger_error=0)
[bt_navigator-15] [INFO] [1790924322.031779786] [bt_navigator]: Action server is inactive. Rejecting the goal.
[WARN] [1790924322.037658208] [mapex_explorer]: Subgoal goal rejected
[lifecycle_manager-20] [INFO] [1790924322.043364213] [lifecycle_manager_navigation]: [34m[1mDeactivating collision_monitor[0m[0m
[collision_monitor-18] [INFO] [1790924322.045216954] [collision_monitor]: Deactivating
[collision_monitor-18] [INFO] [1790924322.048575972] [collision_monitor]: Destroying bond (collision_monitor) to lifecycle manager.
[lifecycle_manager-20] [INFO] [1790924322.174138669] [lifecycle_manager_navigation]: [34m[1mDeactivating velocity_smoother[0m[0m
[velocity_smoother-17] [INFO] [1790924322.178463401] [velocity_smoother]: Deactivating
[velocity_smoother-17] [INFO] [1790924322.182661738] [velocity_smoother]: Destroying bond (velocity_smoother) to lifecycle manager.
[lifecycle_manager-20] [INFO] [1790924322.302805777] [lifecycle_manager_navigation]: [34m[1mDeactivating behavior_server[0m[0m
[behavior_server-14] [INFO] [1790924322.305242829] [behavior_server]: Deactivating
[behavior_server-14] [INFO] [1790924322.311963165] [behavior_server]: Destroying bond (behavior_server) to lifecycle manager.
[lifecycle_manager-20] [INFO] [1790924322.434140994] [lifecycle_manager_navigation]: [34m[1mDeactivating route_server[0m[0m
[route_server-13] [INFO] [1790924322.436487878] [route_server]: Deactivating
[route_server-13] [INFO] [1790924322.439459008] [route_server]: Destroying bond (route_server) to lifecycle manager.
[INFO] [1790924322.557075594] [mapex_explorer]: Retrying MapEx main frontier after recovery: x=45.69, y=-8.61
[bt_navigator-15] [INFO] [1790924322.557652535] [bt_navigator]: Action server is inactive. Rejecting the goal.
[WARN] [1790924322.559364095] [mapex_explorer]: Main goal rejected
[lifecycle_manager-20] [INFO] [1790924322.563530245] [lifecycle_manager_navigation]: [34m[1mDeactivating planner_server[0m[0m
[planner_server-12] [INFO] [1790924322.565116399] [planner_server]: Deactivating
[planner_server-12] [INFO] [1790924322.566544310] [global_costmap.global_costmap]: Deactivating
[planner_server-12] [INFO] [1790924323.367845805] [planner_server]: Deactivating plugin GridBased of type NavfnPlanner
[planner_server-12] [INFO] [1790924323.367915678] [planner_server]: Destroying bond (planner_server) to lifecycle manager.
[lifecycle_manager-20] [INFO] [1790924323.488914636] [lifecycle_manager_navigation]: [34m[1mDeactivating smoother_server[0m[0m
[smoother_server-11] [INFO] [1790924323.491830090] [smoother_server]: Deactivating
[smoother_server-11] [INFO] [1790924323.495641921] [smoother_server]: Destroying bond (smoother_server) to lifecycle manager.
[INFO] [1790924323.613836839] [mapex_explorer]: Retrying MapEx main frontier after recovery: x=45.69, y=-8.61
[bt_navigator-15] [INFO] [1790924323.614453625] [bt_navigator]: Action server is inactive. Rejecting the goal.
[WARN] [1790924323.621601189] [mapex_explorer]: Main goal rejected
[lifecycle_manager-20] [INFO] [1790924323.621958967] [lifecycle_manager_navigation]: [34m[1mDeactivating controller_server[0m[0m
[controller_server-10] [INFO] [1790924323.623215751] [controller_server]: Deactivating
[controller_server-10] [INFO] [1790924323.624882774] [MPPIController]: Deactivated MPPI Controller: FollowPath
[controller_server-10] [INFO] [1790924323.625424784] [local_costmap.local_costmap]: Deactivating
[controller_server-10] [INFO] [1790924323.693113619] [controller_server]: Destroying bond (controller_server) to lifecycle manager.
[lifecycle_manager-20] [INFO] [1790924323.808244649] [lifecycle_manager_navigation]: [34m[1mCleaning up docking_server[0m[0m
[opennav_docking-19] [INFO] [1790924323.809208749] [docking_server]: Cleaning up docking_server
[lifecycle_manager-20] [INFO] [1790924323.838328860] [lifecycle_manager_navigation]: [34m[1mCleaning up waypoint_follower[0m[0m
[waypoint_follower-16] [INFO] [1790924323.838965985] [waypoint_follower]: Cleaning up
[lifecycle_manager-20] [INFO] [1790924323.861643176] [lifecycle_manager_navigation]: [34m[1mCleaning up bt_navigator[0m[0m
[bt_navigator-15] [INFO] [1790924323.862091090] [bt_navigator]: Cleaning up
[bt_navigator-15] [INFO] [1790924324.023796126] [bt_navigator]: Completed Cleaning up
[lifecycle_manager-20] [INFO] [1790924324.024383426] [lifecycle_manager_navigation]: [34m[1mCleaning up collision_monitor[0m[0m
[collision_monitor-18] [INFO] [1790924324.024612102] [collision_monitor]: Cleaning up
[collision_monitor-18] [INFO] [1790924324.029855175] [collision_monitor]: [FootprintApproach]: Destroying Polygon
[collision_monitor-18] [INFO] [1790924324.031318741] [collision_monitor]: [scan]: Destroying Scan
[lifecycle_manager-20] [INFO] [1790924324.035630767] [lifecycle_manager_navigation]: [34m[1mCleaning up velocity_smoother[0m[0m
[velocity_smoother-17] [INFO] [1790924324.035859183] [velocity_smoother]: Cleaning up
[lifecycle_manager-20] [INFO] [1790924324.038373721] [lifecycle_manager_navigation]: [34m[1mCleaning up behavior_server[0m[0m
[behavior_server-14] [INFO] [1790924324.038581951] [behavior_server]: Cleaning up
[lifecycle_manager-20] [INFO] [1790924324.089170710] [lifecycle_manager_navigation]: [34m[1mCleaning up route_server[0m[0m
[route_server-13] [INFO] [1790924324.089319321] [route_server]: Cleaning up
[lifecycle_manager-20] [INFO] [1790924324.122748964] [lifecycle_manager_navigation]: [34m[1mCleaning up planner_server[0m[0m
[planner_server-12] [INFO] [1790924324.123237873] [planner_server]: Cleaning up
[planner_server-12] [INFO] [1790924324.141348765] [global_costmap.global_costmap]: Cleaning up
[planner_server-12] [INFO] [1790924324.152339689] [planner_server]: Cleaning up plugin GridBased of type NavfnPlanner
[planner_server-12] [INFO] [1790924324.152705406] [planner_server]: Destroying plugin GridBased of type NavfnPlanner
[lifecycle_manager-20] [INFO] [1790924324.175442048] [lifecycle_manager_navigation]: [34m[1mCleaning up smoother_server[0m[0m
[smoother_server-11] [INFO] [1790924324.175588031] [smoother_server]: Cleaning up
[lifecycle_manager-20] [INFO] [1790924324.189318124] [lifecycle_manager_navigation]: [34m[1mCleaning up controller_server[0m[0m
[controller_server-10] [INFO] [1790924324.189463828] [controller_server]: Cleaning up
[controller_server-10] [INFO] [1790924324.192724630] [MPPIController]: Cleaned up MPPI Controller: FollowPath
[controller_server-10] [INFO] [1790924324.194097087] [local_costmap.local_costmap]: Cleaning up
[lifecycle_manager-20] [INFO] [1790924324.248060445] [lifecycle_manager_navigation]: [34m[1mManaged nodes have been reset[0m[0m
[INFO] [1790924324.563654728] [mapex_explorer]: Retrying MapEx main frontier after recovery: x=45.69, y=-8.61
[WARN] [1790924324.564276714] [mapex_explorer]: NavigateToPose action server is not ready
[lifecycle_manager-20] [INFO] [1790924325.249960855] [lifecycle_manager_navigation]: [34m[1mSuccessfully re-established connections from server respawns, starting back up.[0m[0m
[lifecycle_manager-20] [INFO] [1790924325.250002736] [lifecycle_manager_navigation]: [34m[1mStarting managed nodes bringup...[0m[0m
[lifecycle_manager-20] [INFO] [1790924325.250008472] [lifecycle_manager_navigation]: [34m[1mConfiguring controller_server[0m[0m
[controller_server-10] [INFO] [1790924325.250138922] [controller_server]: Configuring controller interface
[controller_server-10] [INFO] [1790924325.250171960] [controller_server]: getting progress checker plugins..
[controller_server-10] [INFO] [1790924325.250191455] [controller_server]: getting goal checker plugins..
[controller_server-10] [INFO] [1790924325.250473101] [controller_server]: Controller frequency set to 15.0000Hz
[controller_server-10] [INFO] [1790924325.250490833] [local_costmap.local_costmap]: Configuring
[controller_server-10] [INFO] [1790924325.295384459] [local_costmap.local_costmap]: Using plugin "static_layer"
[controller_server-10] [INFO] [1790924325.296189580] [local_costmap.local_costmap]: Subscribing to the map topic (/map) with transient local durability
[controller_server-10] [INFO] [1790924325.299605237] [local_costmap.local_costmap]: Initialized plugin "static_layer"
[controller_server-10] [INFO] [1790924325.299728444] [local_costmap.local_costmap]: Using plugin "voxel_layer"
[controller_server-10] [INFO] [1790924325.299820225] [local_costmap.local_costmap]: Subscribed to Topics: scan
[controller_server-10] [INFO] [1790924325.310881014] [local_costmap.local_costmap]: Initialized plugin "voxel_layer"
[controller_server-10] [INFO] [1790924325.310947624] [local_costmap.local_costmap]: Using plugin "inflation_layer"
[controller_server-10] [INFO] [1790924325.311118948] [local_costmap.local_costmap]: Initialized plugin "inflation_layer"
[controller_server-10] [INFO] [1790924325.345193615] [controller_server]: Created progress_checker : progress_checker of type nav2_controller::SimpleProgressChecker
[controller_server-10] [INFO] [1790924325.345258758] [controller_server]: Controller Server has progress_checker progress_checker  progress checkers available.
[controller_server-10] [INFO] [1790924325.345296081] [controller_server]: Created goal checker : general_goal_checker of type nav2_controller::SimpleGoalChecker
[controller_server-10] [INFO] [1790924325.345321367] [controller_server]: Controller Server has general_goal_checker general_goal_checker  goal checkers available.
[controller_server-10] [INFO] [1790924325.345355567] [controller_server]: Created controller : FollowPath of type nav2_mppi_controller::MPPIController
[controller_server-10] [INFO] [1790924325.345398944] [local_costmap.local_costmap]: StaticLayer: Resizing static layer to 560 X 251 at 0.100000 m/pix
[controller_server-10] [INFO] [1790924325.345718100] [controller_server]: Controller period is equal to model dt. Control sequence shifting is ON
[controller_server-10] [INFO] [1790924325.351682457] [controller_server]: ConstraintCritic instantiated with 1 power and 4.000000 weight.
[controller_server-10] [INFO] [1790924325.351713753] [controller_server]: Critic loaded : mppi::critics::ConstraintCritic
[controller_server-10] [INFO] [1790924325.351742794] [controller_server]: InflationCostCritic instantiated with 1 power and 300.000000 / 0.015000 weights. Critic will collision check based on footprint cost.
[controller_server-10] [INFO] [1790924325.351751374] [controller_server]: Critic loaded : mppi::critics::CostCritic
[controller_server-10] [INFO] [1790924325.351763540] [controller_server]: GoalCritic instantiated with 1 power and 5.000000 weight.
[controller_server-10] [INFO] [1790924325.351766319] [controller_server]: Critic loaded : mppi::critics::GoalCritic
[controller_server-10] [INFO] [1790924325.351777694] [controller_server]: GoalAngleCritic instantiated with 1 power, 3.000000 weight, 0.500000 angular threshold and symmetric_yaw_tolerance disabled
[controller_server-10] [INFO] [1790924325.351868610] [controller_server]: Critic loaded : mppi::critics::GoalAngleCritic
[controller_server-10] [INFO] [1790924325.351896765] [controller_server]: ReferenceTrajectoryCritic instantiated with 1 power and 20.000000 weight
[controller_server-10] [INFO] [1790924325.351900031] [controller_server]: Critic loaded : mppi::critics::PathAlignCritic
[controller_server-10] [INFO] [1790924325.351911209] [controller_server]: Critic loaded : mppi::critics::PathFollowCritic
[controller_server-10] [INFO] [1790924325.351925176] [controller_server]: PathAngleCritic instantiated with 1 power and 4.000000 weight. Mode set to: Forward Preference
[controller_server-10] [INFO] [1790924325.351928277] [controller_server]: Critic loaded : mppi::critics::PathAngleCritic
[controller_server-10] [INFO] [1790924325.351938691] [controller_server]: PreferForwardCritic instantiated with 1 power and 5.000000 weight.
[controller_server-10] [INFO] [1790924325.351941229] [controller_server]: Critic loaded : mppi::critics::PreferForwardCritic
[controller_server-10] [INFO] [1790924325.352595036] [controller_server]: Optimizer reset
[controller_server-10] [INFO] [1790924325.355855799] [MPPIController]: Configured MPPI Controller: FollowPath
[controller_server-10] [INFO] [1790924325.355891767] [controller_server]: Controller Server has FollowPath FollowPath  controllers available.
[lifecycle_manager-20] [INFO] [1790924325.363017186] [lifecycle_manager_navigation]: [34m[1mConfiguring smoother_server[0m[0m
[smoother_server-11] [INFO] [1790924325.363176781] [smoother_server]: Configuring smoother server
[smoother_server-11] [INFO] [1790924325.381526304] [smoother_server]: Created smoother : simple_smoother of type nav2_smoother::SimpleSmoother
[smoother_server-11] [INFO] [1790924325.381586394] [smoother_server]: Smoother Server has simple_smoother simple_smoother  smoothers available.
[lifecycle_manager-20] [INFO] [1790924325.399017791] [lifecycle_manager_navigation]: [34m[1mConfiguring planner_server[0m[0m
[planner_server-12] [INFO] [1790924325.399271406] [planner_server]: Configuring
[planner_server-12] [INFO] [1790924325.399316954] [global_costmap.global_costmap]: Configuring
[planner_server-12] [INFO] [1790924325.435559460] [global_costmap.global_costmap]: Using plugin "static_layer"
[planner_server-12] [INFO] [1790924325.436418954] [global_costmap.global_costmap]: Subscribing to the map topic (/map) with transient local durability
[planner_server-12] [INFO] [1790924325.439324468] [global_costmap.global_costmap]: Initialized plugin "static_layer"
[planner_server-12] [INFO] [1790924325.439387921] [global_costmap.global_costmap]: Using plugin "obstacle_layer"
[planner_server-12] [INFO] [1790924325.439487070] [global_costmap.global_costmap]: Subscribed to Topics: scan
[planner_server-12] [INFO] [1790924325.443938561] [global_costmap.global_costmap]: Initialized plugin "obstacle_layer"
[planner_server-12] [INFO] [1790924325.443987562] [global_costmap.global_costmap]: Using plugin "inflation_layer"
[planner_server-12] [INFO] [1790924325.444155304] [global_costmap.global_costmap]: Initialized plugin "inflation_layer"
[planner_server-12] [INFO] [1790924325.476266871] [planner_server]: Created global planner plugin GridBased of type nav2_navfn_planner::NavfnPlanner
[planner_server-12] [INFO] [1790924325.476315291] [planner_server]: Configuring plugin GridBased of type NavfnPlanner
[planner_server-12] [INFO] [1790924325.476348892] [planner_server]: Planner Server has GridBased GridBased  planners available.
[planner_server-12] [INFO] [1790924325.476639289] [global_costmap.global_costmap]: StaticLayer: Resizing costmap to 560 X 251 at 0.100000 m/pix
[lifecycle_manager-20] [INFO] [1790924325.493508109] [lifecycle_manager_navigation]: [34m[1mConfiguring route_server[0m[0m
[route_server-13] [INFO] [1790924325.493730158] [route_server]: Configuring
[route_server-13] [INFO] [1790924325.548538632] [route_server]: Created GraphFileLoader GeoJsonGraphFileLoader of type nav2_route::GeoJsonGraphFileLoader
[route_server-13] [INFO] [1790924325.548619047] [route_server]: Configuring geojson graph file loader
[route_server-13] [INFO] [1790924325.548634289] [route_server]: No graph file provided to load yet.
[route_server-13] [INFO] [1790924325.549785840] [route_server]: Created edge cost function plugin DistanceScorer of type nav2_route::DistanceScorer
[route_server-13] [INFO] [1790924325.549819222] [route_server]: Configuring distance scorer.
[route_server-13] [INFO] [1790924325.549856454] [route_server]: Created edge cost function plugin DynamicEdgesScorer of type nav2_route::DynamicEdgesScorer
[route_server-13] [INFO] [1790924325.549865330] [route_server]: Configuring adjust edges scorer.
[route_server-13] [INFO] [1790924325.553561412] [route_server]: Created route operation AdjustSpeedLimit of type nav2_route::AdjustSpeedLimit
[route_server-13] [INFO] [1790924325.553603409] [route_server]: Configuring Adjust speed limit operation.
[route_server-13] [INFO] [1790924325.554815221] [route_server]: Created route operation ReroutingService of type nav2_route::ReroutingService
[route_server-13] [INFO] [1790924325.554848217] [route_server]: Configuring Rerouting service operation.
[INFO] [1790924325.559179415] [mapex_explorer]: Retrying MapEx main frontier after recovery: x=45.69, y=-8.61
[WARN] [1790924325.560509508] [mapex_explorer]: NavigateToPose action server is not ready
[lifecycle_manager-20] [INFO] [1790924325.560471406] [lifecycle_manager_navigation]: [34m[1mConfiguring behavior_server[0m[0m
[behavior_server-14] [INFO] [1790924325.561013414] [behavior_server]: Configuring
[behavior_server-14] [INFO] [1790924325.576097718] [behavior_server]: Creating behavior plugin spin of type nav2_behaviors::Spin
[behavior_server-14] [INFO] [1790924325.576810932] [behavior_server]: Creating behavior plugin backup of type nav2_behaviors::BackUp
[behavior_server-14] [INFO] [1790924325.576944631] [behavior_server]: Creating behavior plugin drive_on_heading of type nav2_behaviors::DriveOnHeading
[behavior_server-14] [INFO] [1790924325.577201095] [behavior_server]: Creating behavior plugin assisted_teleop of type nav2_behaviors::AssistedTeleop
[behavior_server-14] [INFO] [1790924325.577368673] [behavior_server]: Creating behavior plugin wait of type nav2_behaviors::Wait
[behavior_server-14] [INFO] [1790924325.583983950] [behavior_server]: Configuring spin
[behavior_server-14] [INFO] [1790924325.599703098] [behavior_server]: Configuring backup
[behavior_server-14] [INFO] [1790924325.607389885] [behavior_server]: Configuring drive_on_heading
[behavior_server-14] [INFO] [1790924325.619614590] [behavior_server]: Configuring assisted_teleop
[behavior_server-14] [INFO] [1790924325.634690438] [behavior_server]: Configuring wait
[lifecycle_manager-20] [INFO] [1790924325.645762919] [lifecycle_manager_navigation]: [34m[1mConfiguring velocity_smoother[0m[0m
[velocity_smoother-17] [INFO] [1790924325.646341429] [velocity_smoother]: Configuring velocity smoother
[lifecycle_manager-20] [INFO] [1790924325.665368765] [lifecycle_manager_navigation]: [34m[1mConfiguring collision_monitor[0m[0m
[collision_monitor-18] [INFO] [1790924325.665643493] [collision_monitor]: Configuring
[collision_monitor-18] [INFO] [1790924325.679159839] [collision_monitor]: [scan]: Creating Scan
[collision_monitor-18] [INFO] [1790924325.681032599] [collision_monitor]: [FootprintApproach]: Creating Polygon
[collision_monitor-18] [INFO] [1790924325.681608835] [collision_monitor]: [FootprintApproach]: Polygon points are not defined. Using dynamic subscription instead.
[collision_monitor-18] [INFO] [1790924325.681742042] [collision_monitor]: [FootprintApproach]: Making footprint subscriber on local_costmap/published_footprint topic
[lifecycle_manager-20] [INFO] [1790924325.703491274] [lifecycle_manager_navigation]: [34m[1mConfiguring bt_navigator[0m[0m
[bt_navigator-15] [INFO] [1790924325.703787194] [bt_navigator]: Configuring
[bt_navigator-15] [INFO] [1790924325.712601303] [bt_navigator]: Creating navigator id navigate_to_pose of type nav2_bt_navigator::NavigateToPoseNavigator
[bt_navigator-15] [INFO] [1790924325.778130676] [bt_navigator]: Creating navigator id navigate_through_poses of type nav2_bt_navigator::NavigateThroughPosesNavigator
[lifecycle_manager-20] [INFO] [1790924325.795254877] [lifecycle_manager_navigation]: [34m[1mConfiguring waypoint_follower[0m[0m
[waypoint_follower-16] [INFO] [1790924325.795380745] [waypoint_follower]: Configuring
[waypoint_follower-16] [INFO] [1790924325.829916827] [waypoint_follower]: Created waypoint_task_executor : wait_at_waypoint of type nav2_waypoint_follower::WaitAtWaypoint
[lifecycle_manager-20] [INFO] [1790924325.830343541] [lifecycle_manager_navigation]: [34m[1mConfiguring docking_server[0m[0m
[opennav_docking-19] [INFO] [1790924325.830494831] [docking_server]: Configuring docking_server
[opennav_docking-19] [INFO] [1790924325.830518515] [docking_server]: Controller frequency set to 50.0000Hz
[opennav_docking-19] [INFO] [1790924325.869819678] [docking_server]: Created charging dock plugin simple_charging_dock of type opennav_docking::SimpleChargingDock
[opennav_docking-19] [WARN] [1790924325.873133475] [docking_server]: Dock database filepath nor dock parameters set. Docking actions can only be executed specifying the dock pose via the action request. Or update the dock database via the reload_database service.
[opennav_docking-19] [INFO] [1790924325.873178170] [docking_server]: Docking Server has 1 dock types and 0 dock instances available.
[lifecycle_manager-20] [INFO] [1790924325.875953068] [lifecycle_manager_navigation]: [34m[1mActivating controller_server[0m[0m
[controller_server-10] [INFO] [1790924325.876406324] [controller_server]: Activating
[controller_server-10] [INFO] [1790924325.876441461] [local_costmap.local_costmap]: Activating
[controller_server-10] [INFO] [1790924325.876448710] [local_costmap.local_costmap]: Checking transform
[controller_server-10] [INFO] [1790924325.876557658] [local_costmap.local_costmap]: start
[controller_server-10] [INFO] [1790924326.078234839] [MPPIController]: Activated MPPI Controller: FollowPath
[controller_server-10] [INFO] [1790924326.078261039] [controller_server]: Creating bond (controller_server) to lifecycle manager.
[lifecycle_manager-20] [INFO] [1790924326.184439165] [lifecycle_manager_navigation]: Server controller_server connected with bond.
[lifecycle_manager-20] [INFO] [1790924326.184484848] [lifecycle_manager_navigation]: [34m[1mActivating smoother_server[0m[0m
[smoother_server-11] [INFO] [1790924326.184821754] [smoother_server]: Activating
[smoother_server-11] [INFO] [1790924326.184851820] [smoother_server]: Creating bond (smoother_server) to lifecycle manager.
[lifecycle_manager-20] [INFO] [1790924326.292281376] [lifecycle_manager_navigation]: Server smoother_server connected with bond.
[lifecycle_manager-20] [INFO] [1790924326.292345736] [lifecycle_manager_navigation]: [34m[1mActivating planner_server[0m[0m
[planner_server-12] [INFO] [1790924326.292750707] [planner_server]: Activating
[planner_server-12] [INFO] [1790924326.292790050] [global_costmap.global_costmap]: Activating
[planner_server-12] [INFO] [1790924326.292797683] [global_costmap.global_costmap]: Checking transform
[planner_server-12] [INFO] [1790924326.292902561] [global_costmap.global_costmap]: start
[INFO] [1790924326.569467034] [mapex_explorer]: Retrying MapEx main frontier after recovery: x=45.69, y=-8.61
[bt_navigator-15] [INFO] [1790924326.569998972] [bt_navigator]: Action server is inactive. Rejecting the goal.
[WARN] [1790924326.571736572] [mapex_explorer]: Main goal rejected
[planner_server-12] [INFO] [1790924327.345063429] [planner_server]: Activating plugin GridBased of type NavfnPlanner
[planner_server-12] [INFO] [1790924327.350365862] [planner_server]: Creating bond (planner_server) to lifecycle manager.
[lifecycle_manager-20] [INFO] [1790924327.460842884] [lifecycle_manager_navigation]: Server planner_server connected with bond.
[lifecycle_manager-20] [INFO] [1790924327.460885270] [lifecycle_manager_navigation]: [34m[1mActivating route_server[0m[0m
[route_server-13] [INFO] [1790924327.461254981] [route_server]: Activating
[route_server-13] [INFO] [1790924327.461851798] [route_server]: Creating bond (route_server) to lifecycle manager.
[lifecycle_manager-20] [INFO] [1790924327.569650392] [lifecycle_manager_navigation]: Server route_server connected with bond.
[lifecycle_manager-20] [INFO] [1790924327.569692606] [lifecycle_manager_navigation]: [34m[1mActivating behavior_server[0m[0m
[behavior_server-14] [INFO] [1790924327.570452291] [behavior_server]: Activating
[behavior_server-14] [INFO] [1790924327.570472686] [behavior_server]: Activating spin
[behavior_server-14] [INFO] [1790924327.570478968] [behavior_server]: Activating backup
[behavior_server-14] [INFO] [1790924327.570483939] [behavior_server]: Activating drive_on_heading
[behavior_server-14] [INFO] [1790924327.570587096] [behavior_server]: Activating assisted_teleop
[behavior_server-14] [INFO] [1790924327.570592982] [behavior_server]: Activating wait
[behavior_server-14] [INFO] [1790924327.570600261] [behavior_server]: Creating bond (behavior_server) to lifecycle manager.
[INFO] [1790924327.583611512] [mapex_explorer]: Retrying MapEx main frontier after recovery: x=45.69, y=-8.61
[bt_navigator-15] [INFO] [1790924327.584267394] [bt_navigator]: Action server is inactive. Rejecting the goal.
[WARN] [1790924327.585916774] [mapex_explorer]: Main goal rejected
[lifecycle_manager-20] [INFO] [1790924327.677195128] [lifecycle_manager_navigation]: Server behavior_server connected with bond.
[lifecycle_manager-20] [INFO] [1790924327.677235863] [lifecycle_manager_navigation]: [34m[1mActivating velocity_smoother[0m[0m
[velocity_smoother-17] [INFO] [1790924327.677635858] [velocity_smoother]: Activating
[velocity_smoother-17] [INFO] [1790924327.677682857] [velocity_smoother]: Creating bond (velocity_smoother) to lifecycle manager.
[lifecycle_manager-20] [INFO] [1790924327.787030597] [lifecycle_manager_navigation]: Server velocity_smoother connected with bond.
[lifecycle_manager-20] [INFO] [1790924327.787068548] [lifecycle_manager_navigation]: [34m[1mActivating collision_monitor[0m[0m
[collision_monitor-18] [INFO] [1790924327.787358136] [collision_monitor]: Activating
[collision_monitor-18] [INFO] [1790924327.787378979] [collision_monitor]: Creating bond (collision_monitor) to lifecycle manager.
[lifecycle_manager-20] [INFO] [1790924327.891853433] [lifecycle_manager_navigation]: Server collision_monitor connected with bond.
[lifecycle_manager-20] [INFO] [1790924327.891897761] [lifecycle_manager_navigation]: [34m[1mActivating bt_navigator[0m[0m
[bt_navigator-15] [INFO] [1790924327.892242065] [bt_navigator]: Activating
[bt_navigator-15] [INFO] [1790924327.998312227] [bt_navigator]: Creating bond (bt_navigator) to lifecycle manager.
[lifecycle_manager-20] [INFO] [1790924328.102984594] [lifecycle_manager_navigation]: Server bt_navigator connected with bond.
[lifecycle_manager-20] [INFO] [1790924328.103018241] [lifecycle_manager_navigation]: [34m[1mActivating waypoint_follower[0m[0m
[waypoint_follower-16] [INFO] [1790924328.103342695] [waypoint_follower]: Activating
[waypoint_follower-16] [INFO] [1790924328.103715303] [waypoint_follower]: Creating bond (waypoint_follower) to lifecycle manager.
[lifecycle_manager-20] [INFO] [1790924328.214339329] [lifecycle_manager_navigation]: Server waypoint_follower connected with bond.
[lifecycle_manager-20] [INFO] [1790924328.214374567] [lifecycle_manager_navigation]: [34m[1mActivating docking_server[0m[0m
[opennav_docking-19] [INFO] [1790924328.214727754] [docking_server]: Activating docking_server
[opennav_docking-19] [INFO] [1790924328.228793302] [docking_server]: Creating bond (docking_server) to lifecycle manager.
[lifecycle_manager-20] [INFO] [1790924328.339125753] [lifecycle_manager_navigation]: Server docking_server connected with bond.
[lifecycle_manager-20] [INFO] [1790924328.339167883] [lifecycle_manager_navigation]: [34m[1mManaged nodes are active[0m[0m
[lifecycle_manager-20] [INFO] [1790924328.339175005] [lifecycle_manager_navigation]: [34m[1mCreating bond timer...[0m[0m
[INFO] [1790924328.594771542] [mapex_explorer]: Retrying MapEx main frontier after recovery: x=45.69, y=-8.61
[INFO] [1790924328.607279158] [mapex_explorer]: Main goal accepted
[bt_navigator-15] [INFO] [1790924328.653349020] [bt_navigator]: Begin navigating from current location (45.27, -8.21) to (45.69, -8.61)
[INFO] [1790924328.658994621] [mapex_explorer]: Main /plan diagnostic: poses=12, endpoint=(45.69, -8.61), frontier=(45.69, -8.61), endpoint_to_frontier=0.000 m, limit=0.10 m -> usable
[controller_server-10] [INFO] [1790924328.674010917] [controller_server]: Received a goal, begin computing control effort.
[controller_server-10] [INFO] [1790924329.677454867] [controller_server]: Reached the goal!
[controller_server-10] [INFO] [1790924329.677936241] [controller_server]: Optimizer reset
[INFO] [1790924329.680818819] [mapex_explorer]: Main /plan diagnostic: poses=7, endpoint=(45.69, -8.61), frontier=(45.69, -8.61), endpoint_to_frontier=0.000 m, limit=0.10 m -> usable
[controller_server-10] [INFO] [1790924329.684465668] [controller_server]: Received a goal, begin computing control effort.
[controller_server-10] [INFO] [1790924329.687807998] [controller_server]: Reached the goal!
[controller_server-10] [INFO] [1790924329.687942773] [controller_server]: Optimizer reset
[bt_navigator-15] [INFO] [1790924329.713632985] [bt_navigator]: Goal succeeded
[INFO] [1790924329.715800858] [mapex_explorer]: Goal reached
[INFO] [1790924337.718551947] [mapex_explorer]: MapEx decision 23: selected x=44.19, y=-2.61, IG=56.778915, distance=5.90 m, score=9.630218, region=15, candidates=25, near_fallback=False, compute=7.15 s
[bt_navigator-15] [INFO] [1790924337.719916450] [bt_navigator]: Begin navigating from current location (45.46, -8.37) to (44.19, -2.61)
[controller_server-10] [INFO] [1790924337.741491633] [controller_server]: Received a goal, begin computing control effort.
[INFO] [1790924338.082579483] [mapex_explorer]: Main goal accepted
[INFO] [1790924338.180938509] [mapex_explorer]: Main /plan diagnostic: poses=120, endpoint=(44.19, -2.61), frontier=(44.19, -2.61), endpoint_to_frontier=0.000 m, limit=0.10 m -> usable
[INFO] [1790924338.784578881] [mapex_explorer]: Main /plan diagnostic: poses=118, endpoint=(44.19, -2.61), frontier=(44.19, -2.61), endpoint_to_frontier=0.000 m, limit=0.10 m -> usable
[controller_server-10] [INFO] [1790924338.808327320] [controller_server]: Passing new path to controller.
[INFO] [1790924339.787807142] [mapex_explorer]: Main /plan diagnostic: poses=118, endpoint=(44.19, -2.61), frontier=(44.19, -2.61), endpoint_to_frontier=0.000 m, limit=0.10 m -> usable
[controller_server-10] [INFO] [1790924339.808325556] [controller_server]: Passing new path to controller.
[INFO] [1790924340.807442370] [mapex_explorer]: Main /plan diagnostic: poses=114, endpoint=(44.19, -2.61), frontier=(44.19, -2.61), endpoint_to_frontier=0.000 m, limit=0.10 m -> usable
[controller_server-10] [INFO] [1790924340.874992473] [controller_server]: Passing new path to controller.
[INFO] [1790924341.839005741] [mapex_explorer]: Main /plan diagnostic: poses=104, endpoint=(44.19, -2.61), frontier=(44.19, -2.61), endpoint_to_frontier=0.000 m, limit=0.10 m -> usable
[controller_server-10] [INFO] [1790924341.874995790] [controller_server]: Passing new path to controller.
[controller_server-10] [INFO] [1790924342.874989158] [controller_server]: Passing new path to controller.
[INFO] [1790924342.918900034] [mapex_explorer]: Main /plan diagnostic: poses=94, endpoint=(44.19, -2.61), frontier=(44.19, -2.61), endpoint_to_frontier=0.000 m, limit=0.10 m -> usable
[INFO] [1790924343.898808367] [mapex_explorer]: Main /plan diagnostic: poses=85, endpoint=(44.19, -2.61), frontier=(44.19, -2.61), endpoint_to_frontier=0.000 m, limit=0.10 m -> usable
[controller_server-10] [INFO] [1790924343.941660045] [controller_server]: Passing new path to controller.
[INFO] [1790924344.927319228] [mapex_explorer]: Main /plan diagnostic: poses=75, endpoint=(44.19, -2.61), frontier=(44.19, -2.61), endpoint_to_frontier=0.000 m, limit=0.10 m -> usable
[controller_server-10] [INFO] [1790924344.941696761] [controller_server]: Passing new path to controller.
[INFO] [1790924345.956153035] [mapex_explorer]: Main /plan diagnostic: poses=65, endpoint=(44.19, -2.61), frontier=(44.19, -2.61), endpoint_to_frontier=0.000 m, limit=0.10 m -> usable
[controller_server-10] [INFO] [1790924346.008359343] [controller_server]: Passing new path to controller.
[INFO] [1790924346.964163881] [mapex_explorer]: Main /plan diagnostic: poses=55, endpoint=(44.19, -2.61), frontier=(44.19, -2.61), endpoint_to_frontier=0.000 m, limit=0.10 m -> usable
[controller_server-10] [INFO] [1790924347.008352538] [controller_server]: Passing new path to controller.
[INFO] [1790924347.989007958] [mapex_explorer]: Main /plan diagnostic: poses=45, endpoint=(44.19, -2.61), frontier=(44.19, -2.61), endpoint_to_frontier=0.000 m, limit=0.10 m -> usable
[controller_server-10] [INFO] [1790924348.008341504] [controller_server]: Passing new path to controller.
[INFO] [1790924349.014181055] [mapex_explorer]: Main /plan diagnostic: poses=35, endpoint=(44.19, -2.61), frontier=(44.19, -2.61), endpoint_to_frontier=0.000 m, limit=0.10 m -> usable
[controller_server-10] [INFO] [1790924349.075017603] [controller_server]: Passing new path to controller.
[INFO] [1790924350.043079226] [mapex_explorer]: Main /plan diagnostic: poses=24, endpoint=(44.19, -2.61), frontier=(44.19, -2.61), endpoint_to_frontier=0.000 m, limit=0.10 m -> usable
[controller_server-10] [INFO] [1790924350.075003027] [controller_server]: Passing new path to controller.
[INFO] [1790924351.085111393] [mapex_explorer]: Main /plan diagnostic: poses=15, endpoint=(44.19, -2.61), frontier=(44.19, -2.61), endpoint_to_frontier=0.000 m, limit=0.10 m -> usable
[controller_server-10] [INFO] [1790924351.141663029] [controller_server]: Passing new path to controller.
[INFO] [1790924352.102625175] [mapex_explorer]: Main /plan diagnostic: poses=11, endpoint=(44.19, -2.61), frontier=(44.19, -2.61), endpoint_to_frontier=0.000 m, limit=0.10 m -> usable
[controller_server-10] [INFO] [1790924352.141702784] [controller_server]: Passing new path to controller.
[controller_server-10] [INFO] [1790924352.745509733] [controller_server]: Reached the goal!
[controller_server-10] [INFO] [1790924352.745976264] [controller_server]: Optimizer reset
[bt_navigator-15] [INFO] [1790924352.770140687] [bt_navigator]: Goal succeeded
[INFO] [1790924352.774460858] [mapex_explorer]: Goal reached
[INFO] [1790924361.090438296] [mapex_explorer]: MapEx decision 24: selected x=40.39, y=-3.11, IG=62.864967, distance=4.08 m, score=15.394187, region=28, candidates=32, near_fallback=False, compute=7.52 s
[bt_navigator-15] [INFO] [1790924361.091532716] [bt_navigator]: Begin navigating from current location (44.46, -2.80) to (40.39, -3.11)
[controller_server-10] [INFO] [1790924361.112022076] [controller_server]: Received a goal, begin computing control effort.
[INFO] [1790924361.363731670] [mapex_explorer]: Main goal accepted
[INFO] [1790924361.408692982] [mapex_explorer]: Main /plan diagnostic: poses=81, endpoint=(40.39, -3.11), frontier=(40.39, -3.11), endpoint_to_frontier=0.000 m, limit=0.10 m -> usable
[INFO] [1790924362.131495852] [mapex_explorer]: Main /plan diagnostic: poses=79, endpoint=(40.39, -3.11), frontier=(40.39, -3.11), endpoint_to_frontier=0.000 m, limit=0.10 m -> usable
[controller_server-10] [INFO] [1790924362.178827283] [controller_server]: Passing new path to controller.
[INFO] [1790924363.145103017] [mapex_explorer]: Main /plan diagnostic: poses=69, endpoint=(40.39, -3.11), frontier=(40.39, -3.11), endpoint_to_frontier=0.000 m, limit=0.10 m -> usable
[controller_server-10] [INFO] [1790924363.178829226] [controller_server]: Passing new path to controller.
[INFO] [1790924364.211786909] [mapex_explorer]: Main /plan diagnostic: poses=59, endpoint=(40.39, -3.11), frontier=(40.39, -3.11), endpoint_to_frontier=0.000 m, limit=0.10 m -> usable
[controller_server-10] [INFO] [1790924364.245481298] [controller_server]: Passing new path to controller.
[INFO] [1790924365.239208230] [mapex_explorer]: Main /plan diagnostic: poses=49, endpoint=(40.39, -3.11), frontier=(40.39, -3.11), endpoint_to_frontier=0.000 m, limit=0.10 m -> usable
[controller_server-10] [INFO] [1790924365.245474955] [controller_server]: Passing new path to controller.
[INFO] [1790924366.234767909] [mapex_explorer]: Main /plan diagnostic: poses=40, endpoint=(40.39, -3.11), frontier=(40.39, -3.11), endpoint_to_frontier=0.000 m, limit=0.10 m -> usable
[controller_server-10] [INFO] [1790924366.312144223] [controller_server]: Passing new path to controller.
[INFO] [1790924367.271907142] [mapex_explorer]: Main /plan diagnostic: poses=30, endpoint=(40.39, -3.11), frontier=(40.39, -3.11), endpoint_to_frontier=0.000 m, limit=0.10 m -> usable
[controller_server-10] [INFO] [1790924367.312152677] [controller_server]: Passing new path to controller.
[INFO] [1790924368.286494052] [mapex_explorer]: Main /plan diagnostic: poses=20, endpoint=(40.39, -3.11), frontier=(40.39, -3.11), endpoint_to_frontier=0.000 m, limit=0.10 m -> usable
[controller_server-10] [INFO] [1790924368.312173630] [controller_server]: Passing new path to controller.
[INFO] [1790924369.324214050] [mapex_explorer]: Main /plan diagnostic: poses=14, endpoint=(40.39, -3.11), frontier=(40.39, -3.11), endpoint_to_frontier=0.000 m, limit=0.10 m -> usable
[controller_server-10] [INFO] [1790924369.378810278] [controller_server]: Passing new path to controller.
[INFO] [1790924370.352961253] [mapex_explorer]: Main /plan diagnostic: poses=7, endpoint=(40.39, -3.11), frontier=(40.39, -3.11), endpoint_to_frontier=0.000 m, limit=0.10 m -> usable
[controller_server-10] [INFO] [1790924370.378821665] [controller_server]: Passing new path to controller.
[controller_server-10] [INFO] [1790924370.647924468] [controller_server]: Reached the goal!
[controller_server-10] [INFO] [1790924370.648126946] [controller_server]: Optimizer reset
[bt_navigator-15] [INFO] [1790924370.672093681] [bt_navigator]: Goal succeeded
[INFO] [1790924370.679364683] [mapex_explorer]: Goal reached
[INFO] [1790924377.863197442] [mapex_explorer]: MapEx decision 25: selected x=39.29, y=8.69, IG=66.898476, distance=11.68 m, score=5.729745, region=190, candidates=25, near_fallback=False, compute=6.29 s
[bt_navigator-15] [INFO] [1790924377.863937355] [bt_navigator]: Begin navigating from current location (40.65, -2.91) to (39.29, 8.69)
[controller_server-10] [INFO] [1790924377.884550917] [controller_server]: Received a goal, begin computing control effort.
[INFO] [1790924378.090779263] [mapex_explorer]: Main goal accepted
[INFO] [1790924378.156963497] [mapex_explorer]: Main /plan diagnostic: poses=234, endpoint=(39.29, 8.69), frontier=(39.29, 8.69), endpoint_to_frontier=0.000 m, limit=0.10 m -> usable
[INFO] [1790924378.902177563] [mapex_explorer]: Main /plan diagnostic: poses=234, endpoint=(39.29, 8.69), frontier=(39.29, 8.69), endpoint_to_frontier=0.000 m, limit=0.10 m -> usable
[controller_server-10] [INFO] [1790924378.951369746] [controller_server]: Passing new path to controller.
[INFO] [1790924379.941762506] [mapex_explorer]: Main /plan diagnostic: poses=234, endpoint=(39.29, 8.69), frontier=(39.29, 8.69), endpoint_to_frontier=0.000 m, limit=0.10 m -> usable
[controller_server-10] [INFO] [1790924379.951369057] [controller_server]: Passing new path to controller.
[INFO] [1790924380.946729803] [mapex_explorer]: Main /plan diagnostic: poses=228, endpoint=(39.29, 8.69), frontier=(39.29, 8.69), endpoint_to_frontier=0.000 m, limit=0.10 m -> usable
[controller_server-10] [INFO] [1790924381.018036372] [controller_server]: Passing new path to controller.
[INFO] [1790924381.972310282] [mapex_explorer]: Main /plan diagnostic: poses=216, endpoint=(39.29, 8.69), frontier=(39.29, 8.69), endpoint_to_frontier=0.000 m, limit=0.10 m -> usable
[controller_server-10] [INFO] [1790924382.018034152] [controller_server]: Passing new path to controller.
[INFO] [1790924383.000136605] [mapex_explorer]: Main /plan diagnostic: poses=206, endpoint=(39.29, 8.69), frontier=(39.29, 8.69), endpoint_to_frontier=0.000 m, limit=0.10 m -> usable
[controller_server-10] [INFO] [1790924383.018009582] [controller_server]: Passing new path to controller.
[INFO] [1790924384.044160694] [mapex_explorer]: Main /plan diagnostic: poses=196, endpoint=(39.29, 8.69), frontier=(39.29, 8.69), endpoint_to_frontier=0.000 m, limit=0.10 m -> usable
[controller_server-10] [INFO] [1790924384.084706008] [controller_server]: Passing new path to controller.
[INFO] [1790924385.047426424] [mapex_explorer]: Main /plan diagnostic: poses=186, endpoint=(39.29, 8.69), frontier=(39.29, 8.69), endpoint_to_frontier=0.000 m, limit=0.10 m -> usable
[controller_server-10] [INFO] [1790924385.084715111] [controller_server]: Passing new path to controller.
[INFO] [1790924386.060990000] [mapex_explorer]: Main /plan diagnostic: poses=176, endpoint=(39.29, 8.69), frontier=(39.29, 8.69), endpoint_to_frontier=0.000 m, limit=0.10 m -> usable
[controller_server-10] [INFO] [1790924386.084695712] [controller_server]: Passing new path to controller.
[INFO] [1790924387.109061103] [mapex_explorer]: Main /plan diagnostic: poses=166, endpoint=(39.29, 8.69), frontier=(39.29, 8.69), endpoint_to_frontier=0.000 m, limit=0.10 m -> usable
[controller_server-10] [INFO] [1790924387.151369551] [controller_server]: Passing new path to controller.
[INFO] [1790924388.142687575] [mapex_explorer]: Main /plan diagnostic: poses=157, endpoint=(39.29, 8.69), frontier=(39.29, 8.69), endpoint_to_frontier=0.000 m, limit=0.10 m -> usable
[controller_server-10] [INFO] [1790924388.151375528] [controller_server]: Passing new path to controller.
[INFO] [1790924389.146686880] [mapex_explorer]: Main /plan diagnostic: poses=147, endpoint=(39.29, 8.69), frontier=(39.29, 8.69), endpoint_to_frontier=0.000 m, limit=0.10 m -> usable
[controller_server-10] [INFO] [1790924389.218033936] [controller_server]: Passing new path to controller.
[INFO] [1790924390.168658591] [mapex_explorer]: Main /plan diagnostic: poses=137, endpoint=(39.29, 8.69), frontier=(39.29, 8.69), endpoint_to_frontier=0.000 m, limit=0.10 m -> usable
[controller_server-10] [INFO] [1790924390.218027180] [controller_server]: Passing new path to controller.
[INFO] [1790924391.212040563] [mapex_explorer]: Main /plan diagnostic: poses=127, endpoint=(39.29, 8.69), frontier=(39.29, 8.69), endpoint_to_frontier=0.000 m, limit=0.10 m -> usable
[controller_server-10] [INFO] [1790924391.218036140] [controller_server]: Passing new path to controller.
[INFO] [1790924392.228069284] [mapex_explorer]: Main /plan diagnostic: poses=117, endpoint=(39.29, 8.69), frontier=(39.29, 8.69), endpoint_to_frontier=0.000 m, limit=0.10 m -> usable
[controller_server-10] [INFO] [1790924392.284689379] [controller_server]: Passing new path to controller.
[INFO] [1790924393.269087236] [mapex_explorer]: Main /plan diagnostic: poses=108, endpoint=(39.29, 8.69), frontier=(39.29, 8.69), endpoint_to_frontier=0.000 m, limit=0.10 m -> usable
[controller_server-10] [INFO] [1790924393.284679782] [controller_server]: Passing new path to controller.
[INFO] [1790924394.272763626] [mapex_explorer]: Main /plan diagnostic: poses=95, endpoint=(39.29, 8.69), frontier=(39.29, 8.69), endpoint_to_frontier=0.000 m, limit=0.10 m -> usable
[controller_server-10] [INFO] [1790924394.284684705] [controller_server]: Passing new path to controller.
[INFO] [1790924395.325369332] [mapex_explorer]: Main /plan diagnostic: poses=86, endpoint=(39.29, 8.69), frontier=(39.29, 8.69), endpoint_to_frontier=0.000 m, limit=0.10 m -> usable
[controller_server-10] [INFO] [1790924395.351341022] [controller_server]: Passing new path to controller.
[controller_server-10] [INFO] [1790924396.351371680] [controller_server]: Passing new path to controller.
[INFO] [1790924396.363109210] [mapex_explorer]: Main /plan diagnostic: poses=76, endpoint=(39.29, 8.69), frontier=(39.29, 8.69), endpoint_to_frontier=0.000 m, limit=0.10 m -> usable
[INFO] [1790924397.368872319] [mapex_explorer]: Main /plan diagnostic: poses=66, endpoint=(39.29, 8.69), frontier=(39.29, 8.69), endpoint_to_frontier=0.000 m, limit=0.10 m -> usable
[controller_server-10] [INFO] [1790924397.418061066] [controller_server]: Passing new path to controller.
[INFO] [1790924398.399308708] [mapex_explorer]: Main /plan diagnostic: poses=56, endpoint=(39.29, 8.69), frontier=(39.29, 8.69), endpoint_to_frontier=0.000 m, limit=0.10 m -> usable
[controller_server-10] [INFO] [1790924398.418009079] [controller_server]: Passing new path to controller.
[INFO] [1790924399.409387278] [mapex_explorer]: Main /plan diagnostic: poses=46, endpoint=(39.29, 8.69), frontier=(39.29, 8.69), endpoint_to_frontier=0.000 m, limit=0.10 m -> usable
[controller_server-10] [INFO] [1790924399.484680325] [controller_server]: Passing new path to controller.
[INFO] [1790924400.481540025] [mapex_explorer]: Main /plan diagnostic: poses=36, endpoint=(39.29, 8.69), frontier=(39.29, 8.69), endpoint_to_frontier=0.000 m, limit=0.10 m -> usable
[controller_server-10] [INFO] [1790924400.484692365] [controller_server]: Passing new path to controller.
[INFO] [1790924401.448412932] [mapex_explorer]: Main /plan diagnostic: poses=27, endpoint=(39.29, 8.69), frontier=(39.29, 8.69), endpoint_to_frontier=0.000 m, limit=0.10 m -> usable
[controller_server-10] [INFO] [1790924401.484704058] [controller_server]: Passing new path to controller.
[INFO] [1790924402.526237875] [mapex_explorer]: Main /plan diagnostic: poses=16, endpoint=(39.29, 8.69), frontier=(39.29, 8.69), endpoint_to_frontier=0.000 m, limit=0.10 m -> usable
[controller_server-10] [INFO] [1790924402.551344543] [controller_server]: Passing new path to controller.
[controller_server-10] [INFO] [1790924403.551343628] [controller_server]: Passing new path to controller.
[INFO] [1790924403.585676606] [mapex_explorer]: Main /plan diagnostic: poses=11, endpoint=(39.29, 8.69), frontier=(39.29, 8.69), endpoint_to_frontier=0.000 m, limit=0.10 m -> usable
[controller_server-10] [INFO] [1790924404.222314345] [controller_server]: Reached the goal!
[controller_server-10] [INFO] [1790924404.222504275] [controller_server]: Optimizer reset
[bt_navigator-15] [INFO] [1790924404.244207569] [bt_navigator]: Goal succeeded
[INFO] [1790924404.247397319] [mapex_explorer]: Goal reached
[INFO] [1790924411.132430679] [mapex_explorer]: MapEx decision 26: selected x=32.69, y=7.49, IG=145.855133, distance=6.91 m, score=21.101244, region=252, candidates=25, near_fallback=False, compute=6.56 s
[bt_navigator-15] [INFO] [1790924411.133307166] [bt_navigator]: Begin navigating from current location (39.53, 8.43) to (32.69, 7.49)
[controller_server-10] [INFO] [1790924411.153898884] [controller_server]: Received a goal, begin computing control effort.
[INFO] [1790924411.322505152] [mapex_explorer]: Main goal accepted
[INFO] [1790924411.477926765] [mapex_explorer]: Main /plan diagnostic: poses=205, endpoint=(32.69, 7.49), frontier=(32.69, 7.49), endpoint_to_frontier=0.000 m, limit=0.10 m -> usable
[INFO] [1790924412.172698942] [mapex_explorer]: Main /plan diagnostic: poses=202, endpoint=(32.69, 7.49), frontier=(32.69, 7.49), endpoint_to_frontier=0.000 m, limit=0.10 m -> usable
[controller_server-10] [INFO] [1790924412.220691530] [controller_server]: Passing new path to controller.
[INFO] [1790924413.204298620] [mapex_explorer]: Main /plan diagnostic: poses=200, endpoint=(32.69, 7.49), frontier=(32.69, 7.49), endpoint_to_frontier=0.000 m, limit=0.10 m -> usable
[controller_server-10] [INFO] [1790924413.220686090] [controller_server]: Passing new path to controller.
[INFO] [1790924414.268687879] [mapex_explorer]: Main /plan diagnostic: poses=198, endpoint=(32.69, 7.49), frontier=(32.69, 7.49), endpoint_to_frontier=0.000 m, limit=0.10 m -> usable
[controller_server-10] [INFO] [1790924414.287350274] [controller_server]: Passing new path to controller.
[INFO] [1790924415.252396870] [mapex_explorer]: Main /plan diagnostic: poses=193, endpoint=(32.69, 7.49), frontier=(32.69, 7.49), endpoint_to_frontier=0.000 m, limit=0.10 m -> usable
[controller_server-10] [INFO] [1790924415.287345440] [controller_server]: Passing new path to controller.
[INFO] [1790924416.309001619] [mapex_explorer]: Main /plan diagnostic: poses=182, endpoint=(32.69, 7.49), frontier=(32.69, 7.49), endpoint_to_frontier=0.000 m, limit=0.10 m -> usable
[controller_server-10] [INFO] [1790924416.354057734] [controller_server]: Passing new path to controller.
[INFO] [1790924417.309855138] [mapex_explorer]: Main /plan diagnostic: poses=172, endpoint=(32.69, 7.49), frontier=(32.69, 7.49), endpoint_to_frontier=0.000 m, limit=0.10 m -> usable
[controller_server-10] [INFO] [1790924417.354013686] [controller_server]: Passing new path to controller.
[INFO] [1790924418.329433453] [mapex_explorer]: Main /plan diagnostic: poses=163, endpoint=(32.69, 7.49), frontier=(32.69, 7.49), endpoint_to_frontier=0.000 m, limit=0.10 m -> usable
[controller_server-10] [INFO] [1790924418.354027116] [controller_server]: Passing new path to controller.
[INFO] [1790924419.388972812] [mapex_explorer]: Main /plan diagnostic: poses=151, endpoint=(32.69, 7.49), frontier=(32.69, 7.49), endpoint_to_frontier=0.000 m, limit=0.10 m -> usable
[controller_server-10] [INFO] [1790924419.420720605] [controller_server]: Passing new path to controller.
[INFO] [1790924420.406434108] [mapex_explorer]: Main /plan diagnostic: poses=142, endpoint=(32.69, 7.49), frontier=(32.69, 7.49), endpoint_to_frontier=0.000 m, limit=0.10 m -> usable
[controller_server-10] [INFO] [1790924420.420716185] [controller_server]: Passing new path to controller.
[async_slam_toolbox_node-9] W20261002 14:00:21.117969 26986 preprocessor.cc:67] Specified options.num_threads: 50 exceeds maximum available from the threading model Ceres was compiled with: 16.  Bounding to maximum number available.
[async_slam_toolbox_node-9] [INFO] [1790924421.131885998] [slam_toolbox]: Adaptive anchor summary: latest_node=1570, local_edges=1619, loop_history=0, avg_effective_weight=1.179, release_regions=0
[INFO] [1790924421.420309947] [mapex_explorer]: Main /plan diagnostic: poses=130, endpoint=(32.69, 7.49), frontier=(32.69, 7.49), endpoint_to_frontier=0.000 m, limit=0.10 m -> usable
[controller_server-10] [INFO] [1790924421.420688380] [controller_server]: Passing new path to controller.
[controller_server-10] [INFO] [1790924421.876682361] [local_costmap.local_costmap]: StaticLayer: Resizing static layer to 560 X 251 at 0.100000 m/pix
[planner_server-12] [INFO] [1790924422.293109541] [global_costmap.global_costmap]: StaticLayer: Resizing costmap to 560 X 251 at 0.100000 m/pix
[INFO] [1790924422.443999375] [mapex_explorer]: Main /plan diagnostic: poses=120, endpoint=(32.69, 7.49), frontier=(32.69, 7.49), endpoint_to_frontier=0.000 m, limit=0.10 m -> usable
[controller_server-10] [INFO] [1790924422.487347512] [controller_server]: Passing new path to controller.
[INFO] [1790924423.449942176] [mapex_explorer]: Main /plan diagnostic: poses=106, endpoint=(32.69, 7.49), frontier=(32.69, 7.49), endpoint_to_frontier=0.000 m, limit=0.10 m -> usable
[controller_server-10] [INFO] [1790924423.487369391] [controller_server]: Passing new path to controller.
[INFO] [1790924424.507117985] [mapex_explorer]: Main /plan diagnostic: poses=94, endpoint=(32.69, 7.49), frontier=(32.69, 7.49), endpoint_to_frontier=0.000 m, limit=0.10 m -> usable
[controller_server-10] [INFO] [1790924424.554019145] [controller_server]: Passing new path to controller.
[INFO] [1790924425.530359546] [mapex_explorer]: Main /plan diagnostic: poses=86, endpoint=(32.69, 7.49), frontier=(32.69, 7.49), endpoint_to_frontier=0.000 m, limit=0.10 m -> usable
[controller_server-10] [INFO] [1790924425.554011753] [controller_server]: Passing new path to controller.
[INFO] [1790924426.545323312] [mapex_explorer]: Main /plan diagnostic: poses=75, endpoint=(32.69, 7.49), frontier=(32.69, 7.49), endpoint_to_frontier=0.000 m, limit=0.10 m -> usable
[controller_server-10] [INFO] [1790924426.554028401] [controller_server]: Passing new path to controller.
[INFO] [1790924427.578336064] [mapex_explorer]: Main /plan diagnostic: poses=63, endpoint=(32.69, 7.49), frontier=(32.69, 7.49), endpoint_to_frontier=0.000 m, limit=0.10 m -> usable
[controller_server-10] [INFO] [1790924427.620685266] [controller_server]: Passing new path to controller.
[INFO] [1790924428.600400544] [mapex_explorer]: Main /plan diagnostic: poses=55, endpoint=(32.69, 7.49), frontier=(32.69, 7.49), endpoint_to_frontier=0.000 m, limit=0.10 m -> usable
[controller_server-10] [INFO] [1790924428.620754111] [controller_server]: Passing new path to controller.
[INFO] [1790924429.661677077] [mapex_explorer]: Main /plan diagnostic: poses=44, endpoint=(32.69, 7.49), frontier=(32.69, 7.49), endpoint_to_frontier=0.000 m, limit=0.10 m -> usable
[controller_server-10] [INFO] [1790924429.687451491] [controller_server]: Passing new path to controller.
[INFO] [1790924430.657818105] [mapex_explorer]: Main /plan diagnostic: poses=33, endpoint=(32.69, 7.49), frontier=(32.69, 7.49), endpoint_to_frontier=0.000 m, limit=0.10 m -> usable
[controller_server-10] [INFO] [1790924430.687346985] [controller_server]: Passing new path to controller.
[INFO] [1790924431.724740157] [mapex_explorer]: Main /plan diagnostic: poses=23, endpoint=(32.69, 7.49), frontier=(32.69, 7.49), endpoint_to_frontier=0.000 m, limit=0.10 m -> usable
[controller_server-10] [INFO] [1790924431.754037557] [controller_server]: Passing new path to controller.
[INFO] [1790924432.708321452] [mapex_explorer]: Main /plan diagnostic: poses=14, endpoint=(32.69, 7.49), frontier=(32.69, 7.49), endpoint_to_frontier=0.000 m, limit=0.10 m -> usable
[controller_server-10] [INFO] [1790924432.754010533] [controller_server]: Passing new path to controller.
[controller_server-10] [INFO] [1790924433.754009714] [controller_server]: Passing new path to controller.
[INFO] [1790924433.793748448] [mapex_explorer]: Main /plan diagnostic: poses=11, endpoint=(32.69, 7.49), frontier=(32.69, 7.49), endpoint_to_frontier=0.000 m, limit=0.10 m -> usable
[controller_server-10] [INFO] [1790924434.089274864] [controller_server]: Reached the goal!
[controller_server-10] [INFO] [1790924434.089583354] [controller_server]: Optimizer reset
[bt_navigator-15] [INFO] [1790924434.113531107] [bt_navigator]: Goal succeeded
[INFO] [1790924434.120745149] [mapex_explorer]: Goal reached
[INFO] [1790924441.567201438] [mapex_explorer]: MapEx decision 27: selected x=16.59, y=1.29, IG=50.531792, distance=17.46 m, score=2.894299, region=91, candidates=27, near_fallback=False, compute=6.99 s
[bt_navigator-15] [INFO] [1790924441.567880488] [bt_navigator]: Begin navigating from current location (32.97, 7.32) to (16.59, 1.29)
[controller_server-10] [INFO] [1790924441.588892674] [controller_server]: Received a goal, begin computing control effort.
[INFO] [1790924441.869817444] [mapex_explorer]: Main goal accepted
[INFO] [1790924441.904787224] [mapex_explorer]: Main /plan diagnostic: poses=675, endpoint=(16.59, 1.29), frontier=(16.59, 1.29), endpoint_to_frontier=0.000 m, limit=0.10 m -> usable
[INFO] [1790924442.653711240] [mapex_explorer]: Main /plan diagnostic: poses=671, endpoint=(16.59, 1.29), frontier=(16.59, 1.29), endpoint_to_frontier=0.000 m, limit=0.10 m -> usable
[controller_server-10] [INFO] [1790924442.655690487] [controller_server]: Passing new path to controller.
[controller_server-10] [INFO] [1790924443.655690235] [controller_server]: Passing new path to controller.
[INFO] [1790924443.723017403] [mapex_explorer]: Main /plan diagnostic: poses=662, endpoint=(16.59, 1.29), frontier=(16.59, 1.29), endpoint_to_frontier=0.000 m, limit=0.10 m -> usable
[INFO] [1790924444.706798467] [mapex_explorer]: Main /plan diagnostic: poses=655, endpoint=(16.59, 1.29), frontier=(16.59, 1.29), endpoint_to_frontier=0.000 m, limit=0.10 m -> usable
[controller_server-10] [INFO] [1790924444.722383845] [controller_server]: Passing new path to controller.
[INFO] [1790924445.707662020] [mapex_explorer]: Main /plan diagnostic: poses=648, endpoint=(16.59, 1.29), frontier=(16.59, 1.29), endpoint_to_frontier=0.000 m, limit=0.10 m -> usable
[controller_server-10] [INFO] [1790924445.722400302] [controller_server]: Passing new path to controller.
[controller_server-10] [INFO] [1790924446.789041117] [controller_server]: Passing new path to controller.
[INFO] [1790924446.858579443] [mapex_explorer]: Main /plan diagnostic: poses=640, endpoint=(16.59, 1.29), frontier=(16.59, 1.29), endpoint_to_frontier=0.000 m, limit=0.10 m -> usable
[INFO] [1790924447.767948709] [mapex_explorer]: Main /plan diagnostic: poses=634, endpoint=(16.59, 1.29), frontier=(16.59, 1.29), endpoint_to_frontier=0.000 m, limit=0.10 m -> usable
[controller_server-10] [INFO] [1790924447.789041063] [controller_server]: Passing new path to controller.
[controller_server-10] [INFO] [1790924448.789191475] [controller_server]: Passing new path to controller.
[INFO] [1790924448.811233883] [mapex_explorer]: Main /plan diagnostic: poses=627, endpoint=(16.59, 1.29), frontier=(16.59, 1.29), endpoint_to_frontier=0.000 m, limit=0.10 m -> usable
[INFO] [1790924449.827632005] [mapex_explorer]: Main /plan diagnostic: poses=618, endpoint=(16.59, 1.29), frontier=(16.59, 1.29), endpoint_to_frontier=0.000 m, limit=0.10 m -> usable
[controller_server-10] [INFO] [1790924449.855699628] [controller_server]: Passing new path to controller.
[controller_server-10] [INFO] [1790924450.855728580] [controller_server]: Passing new path to controller.
[INFO] [1790924450.871200734] [mapex_explorer]: Main /plan diagnostic: poses=611, endpoint=(16.59, 1.29), frontier=(16.59, 1.29), endpoint_to_frontier=0.000 m, limit=0.10 m -> usable
[INFO] [1790924451.885503810] [mapex_explorer]: Main /plan diagnostic: poses=606, endpoint=(16.59, 1.29), frontier=(16.59, 1.29), endpoint_to_frontier=0.000 m, limit=0.10 m -> usable
[controller_server-10] [INFO] [1790924451.922420780] [controller_server]: Passing new path to controller.
[controller_server-10] [INFO] [1790924452.922418370] [controller_server]: Passing new path to controller.
[INFO] [1790924453.005478883] [mapex_explorer]: Main /plan diagnostic: poses=595, endpoint=(16.59, 1.29), frontier=(16.59, 1.29), endpoint_to_frontier=0.000 m, limit=0.10 m -> usable
[INFO] [1790924453.941032999] [mapex_explorer]: Main /plan diagnostic: poses=589, endpoint=(16.59, 1.29), frontier=(16.59, 1.29), endpoint_to_frontier=0.000 m, limit=0.10 m -> usable
[controller_server-10] [INFO] [1790924453.989060629] [controller_server]: Passing new path to controller.
[controller_server-10] [INFO] [1790924454.989059750] [controller_server]: Passing new path to controller.
[INFO] [1790924455.036387087] [mapex_explorer]: Main /plan diagnostic: poses=581, endpoint=(16.59, 1.29), frontier=(16.59, 1.29), endpoint_to_frontier=0.000 m, limit=0.10 m -> usable
[INFO] [1790924455.985190799] [mapex_explorer]: Main /plan diagnostic: poses=575, endpoint=(16.59, 1.29), frontier=(16.59, 1.29), endpoint_to_frontier=0.000 m, limit=0.10 m -> usable
[controller_server-10] [INFO] [1790924455.989048213] [controller_server]: Passing new path to controller.
[INFO] [1790924457.022311275] [mapex_explorer]: Main /plan diagnostic: poses=567, endpoint=(16.59, 1.29), frontier=(16.59, 1.29), endpoint_to_frontier=0.000 m, limit=0.10 m -> usable
[controller_server-10] [INFO] [1790924457.055707566] [controller_server]: Passing new path to controller.
[INFO] [1790924458.047237841] [mapex_explorer]: Main /plan diagnostic: poses=561, endpoint=(16.59, 1.29), frontier=(16.59, 1.29), endpoint_to_frontier=0.000 m, limit=0.10 m -> usable
[controller_server-10] [INFO] [1790924458.055715314] [controller_server]: Passing new path to controller.
[INFO] [1790924459.093936320] [mapex_explorer]: Main /plan diagnostic: poses=553, endpoint=(16.59, 1.29), frontier=(16.59, 1.29), endpoint_to_frontier=0.000 m, limit=0.10 m -> usable
[controller_server-10] [INFO] [1790924459.122383815] [controller_server]: Passing new path to controller.
[controller_server-10] [INFO] [1790924460.122377057] [controller_server]: Passing new path to controller.
[INFO] [1790924460.137327432] [mapex_explorer]: Main /plan diagnostic: poses=545, endpoint=(16.59, 1.29), frontier=(16.59, 1.29), endpoint_to_frontier=0.000 m, limit=0.10 m -> usable
[INFO] [1790924461.187447707] [mapex_explorer]: Main /plan diagnostic: poses=539, endpoint=(16.59, 1.29), frontier=(16.59, 1.29), endpoint_to_frontier=0.000 m, limit=0.10 m -> usable
[controller_server-10] [INFO] [1790924461.189041105] [controller_server]: Passing new path to controller.
[INFO] [1790924462.172963644] [mapex_explorer]: Main /plan diagnostic: poses=531, endpoint=(16.59, 1.29), frontier=(16.59, 1.29), endpoint_to_frontier=0.000 m, limit=0.10 m -> usable
[controller_server-10] [INFO] [1790924462.189039690] [controller_server]: Passing new path to controller.
[INFO] [1790924463.215294901] [mapex_explorer]: Main /plan diagnostic: poses=525, endpoint=(16.59, 1.29), frontier=(16.59, 1.29), endpoint_to_frontier=0.000 m, limit=0.10 m -> usable
[controller_server-10] [INFO] [1790924463.255695119] [controller_server]: Passing new path to controller.
[controller_server-10] [INFO] [1790924464.255728422] [controller_server]: Passing new path to controller.
[INFO] [1790924464.309270188] [mapex_explorer]: Main /plan diagnostic: poses=517, endpoint=(16.59, 1.29), frontier=(16.59, 1.29), endpoint_to_frontier=0.000 m, limit=0.10 m -> usable
[INFO] [1790924465.265685243] [mapex_explorer]: Main /plan diagnostic: poses=509, endpoint=(16.59, 1.29), frontier=(16.59, 1.29), endpoint_to_frontier=0.000 m, limit=0.10 m -> usable
[controller_server-10] [INFO] [1790924465.322406219] [controller_server]: Passing new path to controller.
[INFO] [1790924466.300875688] [mapex_explorer]: Main /plan diagnostic: poses=503, endpoint=(16.59, 1.29), frontier=(16.59, 1.29), endpoint_to_frontier=0.000 m, limit=0.10 m -> usable
[controller_server-10] [INFO] [1790924466.322376209] [controller_server]: Passing new path to controller.
[controller_server-10] [INFO] [1790924467.322406598] [controller_server]: Passing new path to controller.
[INFO] [1790924467.326421899] [mapex_explorer]: Main /plan diagnostic: poses=495, endpoint=(16.59, 1.29), frontier=(16.59, 1.29), endpoint_to_frontier=0.000 m, limit=0.10 m -> usable
[INFO] [1790924468.388939267] [mapex_explorer]: Main /plan diagnostic: poses=489, endpoint=(16.59, 1.29), frontier=(16.59, 1.29), endpoint_to_frontier=0.000 m, limit=0.10 m -> usable
[controller_server-10] [INFO] [1790924468.389062792] [controller_server]: Passing new path to controller.
[INFO] [1790924469.371489989] [mapex_explorer]: Main /plan diagnostic: poses=481, endpoint=(16.59, 1.29), frontier=(16.59, 1.29), endpoint_to_frontier=0.000 m, limit=0.10 m -> usable
[controller_server-10] [INFO] [1790924469.389083254] [controller_server]: Passing new path to controller.
[INFO] [1790924470.402858382] [mapex_explorer]: Main /plan diagnostic: poses=475, endpoint=(16.59, 1.29), frontier=(16.59, 1.29), endpoint_to_frontier=0.000 m, limit=0.10 m -> usable
[controller_server-10] [INFO] [1790924470.455693350] [controller_server]: Passing new path to controller.
[INFO] [1790924471.429951520] [mapex_explorer]: Main /plan diagnostic: poses=467, endpoint=(16.59, 1.29), frontier=(16.59, 1.29), endpoint_to_frontier=0.000 m, limit=0.10 m -> usable
[controller_server-10] [INFO] [1790924471.455749824] [controller_server]: Passing new path to controller.
[INFO] [1790924472.510138331] [mapex_explorer]: Main /plan diagnostic: poses=459, endpoint=(16.59, 1.29), frontier=(16.59, 1.29), endpoint_to_frontier=0.000 m, limit=0.10 m -> usable
[controller_server-10] [INFO] [1790924472.522392435] [controller_server]: Passing new path to controller.
[INFO] [1790924473.500444091] [mapex_explorer]: Main /plan diagnostic: poses=453, endpoint=(16.59, 1.29), frontier=(16.59, 1.29), endpoint_to_frontier=0.000 m, limit=0.10 m -> usable
[controller_server-10] [INFO] [1790924473.522481918] [controller_server]: Passing new path to controller.
[controller_server-10] [INFO] [1790924474.522396638] [controller_server]: Passing new path to controller.
[INFO] [1790924474.551731327] [mapex_explorer]: Main /plan diagnostic: poses=445, endpoint=(16.59, 1.29), frontier=(16.59, 1.29), endpoint_to_frontier=0.000 m, limit=0.10 m -> usable
[INFO] [1790924475.553854291] [mapex_explorer]: Main /plan diagnostic: poses=439, endpoint=(16.59, 1.29), frontier=(16.59, 1.29), endpoint_to_frontier=0.000 m, limit=0.10 m -> usable
[controller_server-10] [INFO] [1790924475.589065412] [controller_server]: Passing new path to controller.
[controller_server-10] [INFO] [1790924476.589116807] [controller_server]: Passing new path to controller.
[INFO] [1790924476.594627232] [mapex_explorer]: Main /plan diagnostic: poses=431, endpoint=(16.59, 1.29), frontier=(16.59, 1.29), endpoint_to_frontier=0.000 m, limit=0.10 m -> usable
[INFO] [1790924477.626786113] [mapex_explorer]: Main /plan diagnostic: poses=423, endpoint=(16.59, 1.29), frontier=(16.59, 1.29), endpoint_to_frontier=0.000 m, limit=0.10 m -> usable
[controller_server-10] [INFO] [1790924477.655689874] [controller_server]: Passing new path to controller.
[controller_server-10] [INFO] [1790924478.655787061] [controller_server]: Passing new path to controller.
[INFO] [1790924478.681177286] [mapex_explorer]: Main /plan diagnostic: poses=417, endpoint=(16.59, 1.29), frontier=(16.59, 1.29), endpoint_to_frontier=0.000 m, limit=0.10 m -> usable
[INFO] [1790924479.683055283] [mapex_explorer]: Main /plan diagnostic: poses=409, endpoint=(16.59, 1.29), frontier=(16.59, 1.29), endpoint_to_frontier=0.000 m, limit=0.10 m -> usable
[controller_server-10] [INFO] [1790924479.722395567] [controller_server]: Passing new path to controller.
[INFO] [1790924480.712795787] [mapex_explorer]: Main /plan diagnostic: poses=403, endpoint=(16.59, 1.29), frontier=(16.59, 1.29), endpoint_to_frontier=0.000 m, limit=0.10 m -> usable
[controller_server-10] [INFO] [1790924480.722407153] [controller_server]: Passing new path to controller.
[INFO] [1790924481.742536806] [mapex_explorer]: Main /plan diagnostic: poses=395, endpoint=(16.59, 1.29), frontier=(16.59, 1.29), endpoint_to_frontier=0.000 m, limit=0.10 m -> usable
[controller_server-10] [INFO] [1790924481.789040928] [controller_server]: Passing new path to controller.
[controller_server-10] [INFO] [1790924482.789040467] [controller_server]: Passing new path to controller.
[INFO] [1790924482.869651430] [mapex_explorer]: Main /plan diagnostic: poses=387, endpoint=(16.59, 1.29), frontier=(16.59, 1.29), endpoint_to_frontier=0.000 m, limit=0.10 m -> usable
[INFO] [1790924483.773899534] [mapex_explorer]: Main /plan diagnostic: poses=381, endpoint=(16.59, 1.29), frontier=(16.59, 1.29), endpoint_to_frontier=0.000 m, limit=0.10 m -> usable
[controller_server-10] [INFO] [1790924483.789705811] [controller_server]: Passing new path to controller.
[INFO] [1790924484.802323693] [mapex_explorer]: Main /plan diagnostic: poses=373, endpoint=(16.59, 1.29), frontier=(16.59, 1.29), endpoint_to_frontier=0.000 m, limit=0.10 m -> usable
[controller_server-10] [INFO] [1790924484.855693720] [controller_server]: Passing new path to controller.
[INFO] [1790924485.831566370] [mapex_explorer]: Main /plan diagnostic: poses=367, endpoint=(16.59, 1.29), frontier=(16.59, 1.29), endpoint_to_frontier=0.000 m, limit=0.10 m -> usable
[controller_server-10] [INFO] [1790924485.855834281] [controller_server]: Passing new path to controller.
[INFO] [1790924486.848233242] [mapex_explorer]: Main /plan diagnostic: poses=359, endpoint=(16.59, 1.29), frontier=(16.59, 1.29), endpoint_to_frontier=0.000 m, limit=0.10 m -> usable
[controller_server-10] [INFO] [1790924486.922392188] [controller_server]: Passing new path to controller.
[INFO] [1790924487.891833517] [mapex_explorer]: Main /plan diagnostic: poses=351, endpoint=(16.59, 1.29), frontier=(16.59, 1.29), endpoint_to_frontier=0.000 m, limit=0.10 m -> usable
[controller_server-10] [INFO] [1790924487.922412679] [controller_server]: Passing new path to controller.
[controller_server-10] [INFO] [1790924488.922403655] [controller_server]: Passing new path to controller.
[INFO] [1790924488.940549857] [mapex_explorer]: Main /plan diagnostic: poses=347, endpoint=(16.59, 1.29), frontier=(16.59, 1.29), endpoint_to_frontier=0.000 m, limit=0.10 m -> usable
[INFO] [1790924489.950089214] [mapex_explorer]: Main /plan diagnostic: poses=339, endpoint=(16.59, 1.29), frontier=(16.59, 1.29), endpoint_to_frontier=0.000 m, limit=0.10 m -> usable
[controller_server-10] [INFO] [1790924489.989041525] [controller_server]: Passing new path to controller.
[INFO] [1790924490.979925447] [mapex_explorer]: Main /plan diagnostic: poses=332, endpoint=(16.59, 1.29), frontier=(16.59, 1.29), endpoint_to_frontier=0.000 m, limit=0.10 m -> usable
[controller_server-10] [INFO] [1790924490.989264409] [controller_server]: Passing new path to controller.
[INFO] [1790924492.031695414] [mapex_explorer]: Main /plan diagnostic: poses=324, endpoint=(16.59, 1.29), frontier=(16.59, 1.29), endpoint_to_frontier=0.000 m, limit=0.10 m -> usable
[controller_server-10] [INFO] [1790924492.055744538] [controller_server]: Passing new path to controller.
[INFO] [1790924493.018659869] [mapex_explorer]: Main /plan diagnostic: poses=316, endpoint=(16.59, 1.29), frontier=(16.59, 1.29), endpoint_to_frontier=0.000 m, limit=0.10 m -> usable
[controller_server-10] [INFO] [1790924493.055698765] [controller_server]: Passing new path to controller.
[INFO] [1790924494.072739252] [mapex_explorer]: Main /plan diagnostic: poses=310, endpoint=(16.59, 1.29), frontier=(16.59, 1.29), endpoint_to_frontier=0.000 m, limit=0.10 m -> usable
[controller_server-10] [INFO] [1790924494.122405796] [controller_server]: Passing new path to controller.
[INFO] [1790924495.120466652] [mapex_explorer]: Main /plan diagnostic: poses=302, endpoint=(16.59, 1.29), frontier=(16.59, 1.29), endpoint_to_frontier=0.000 m, limit=0.10 m -> usable
[controller_server-10] [INFO] [1790924495.122385091] [controller_server]: Passing new path to controller.
[controller_server-10] [INFO] [1790924496.122431404] [controller_server]: Passing new path to controller.
[INFO] [1790924496.127945599] [mapex_explorer]: Main /plan diagnostic: poses=296, endpoint=(16.59, 1.29), frontier=(16.59, 1.29), endpoint_to_frontier=0.000 m, limit=0.10 m -> usable
[INFO] [1790924497.168458326] [mapex_explorer]: Main /plan diagnostic: poses=288, endpoint=(16.59, 1.29), frontier=(16.59, 1.29), endpoint_to_frontier=0.000 m, limit=0.10 m -> usable
[controller_server-10] [INFO] [1790924497.189040170] [controller_server]: Passing new path to controller.
[controller_server-10] [INFO] [1790924498.189050615] [controller_server]: Passing new path to controller.
[INFO] [1790924498.205123797] [mapex_explorer]: Main /plan diagnostic: poses=280, endpoint=(16.59, 1.29), frontier=(16.59, 1.29), endpoint_to_frontier=0.000 m, limit=0.10 m -> usable
[INFO] [1790924499.204636732] [mapex_explorer]: Main /plan diagnostic: poses=274, endpoint=(16.59, 1.29), frontier=(16.59, 1.29), endpoint_to_frontier=0.000 m, limit=0.10 m -> usable
[controller_server-10] [INFO] [1790924499.255765975] [controller_server]: Passing new path to controller.
[INFO] [1790924500.217565708] [mapex_explorer]: Main /plan diagnostic: poses=268, endpoint=(16.59, 1.29), frontier=(16.59, 1.29), endpoint_to_frontier=0.000 m, limit=0.10 m -> usable
[controller_server-10] [INFO] [1790924500.255719442] [controller_server]: Passing new path to controller.
[INFO] [1790924501.241883153] [mapex_explorer]: Main /plan diagnostic: poses=261, endpoint=(16.59, 1.29), frontier=(16.59, 1.29), endpoint_to_frontier=0.000 m, limit=0.10 m -> usable
[controller_server-10] [INFO] [1790924501.255696891] [controller_server]: Passing new path to controller.
[INFO] [1790924502.268576202] [mapex_explorer]: Main /plan diagnostic: poses=254, endpoint=(16.59, 1.29), frontier=(16.59, 1.29), endpoint_to_frontier=0.000 m, limit=0.10 m -> usable
[controller_server-10] [INFO] [1790924502.322407651] [controller_server]: Passing new path to controller.
[INFO] [1790924503.285604545] [mapex_explorer]: Main /plan diagnostic: poses=247, endpoint=(16.59, 1.29), frontier=(16.59, 1.29), endpoint_to_frontier=0.000 m, limit=0.10 m -> usable
[controller_server-10] [INFO] [1790924503.322383349] [controller_server]: Passing new path to controller.
[INFO] [1790924504.333719070] [mapex_explorer]: Main /plan diagnostic: poses=240, endpoint=(16.59, 1.29), frontier=(16.59, 1.29), endpoint_to_frontier=0.000 m, limit=0.10 m -> usable
[controller_server-10] [INFO] [1790924504.389047639] [controller_server]: Passing new path to controller.
[INFO] [1790924505.383361696] [mapex_explorer]: Main /plan diagnostic: poses=233, endpoint=(16.59, 1.29), frontier=(16.59, 1.29), endpoint_to_frontier=0.000 m, limit=0.10 m -> usable
[controller_server-10] [INFO] [1790924505.389047192] [controller_server]: Passing new path to controller.
[INFO] [1790924506.373377205] [mapex_explorer]: Main /plan diagnostic: poses=224, endpoint=(16.59, 1.29), frontier=(16.59, 1.29), endpoint_to_frontier=0.000 m, limit=0.10 m -> usable
[controller_server-10] [INFO] [1790924506.389041600] [controller_server]: Passing new path to controller.
[INFO] [1790924507.406679431] [mapex_explorer]: Main /plan diagnostic: poses=215, endpoint=(16.59, 1.29), frontier=(16.59, 1.29), endpoint_to_frontier=0.000 m, limit=0.10 m -> usable
[controller_server-10] [INFO] [1790924507.455699956] [controller_server]: Passing new path to controller.
[INFO] [1790924508.439346109] [mapex_explorer]: Main /plan diagnostic: poses=212, endpoint=(16.59, 1.29), frontier=(16.59, 1.29), endpoint_to_frontier=0.000 m, limit=0.10 m -> usable
[controller_server-10] [INFO] [1790924508.455734900] [controller_server]: Passing new path to controller.
[INFO] [1790924509.453930638] [mapex_explorer]: Main /plan diagnostic: poses=203, endpoint=(16.59, 1.29), frontier=(16.59, 1.29), endpoint_to_frontier=0.000 m, limit=0.10 m -> usable
[controller_server-10] [INFO] [1790924509.455729226] [controller_server]: Passing new path to controller.
[INFO] [1790924510.469429424] [mapex_explorer]: Main /plan diagnostic: poses=196, endpoint=(16.59, 1.29), frontier=(16.59, 1.29), endpoint_to_frontier=0.000 m, limit=0.10 m -> usable
[controller_server-10] [INFO] [1790924510.522395899] [controller_server]: Passing new path to controller.
[INFO] [1790924511.491891530] [mapex_explorer]: Main /plan diagnostic: poses=189, endpoint=(16.59, 1.29), frontier=(16.59, 1.29), endpoint_to_frontier=0.000 m, limit=0.10 m -> usable
[controller_server-10] [INFO] [1790924511.522408292] [controller_server]: Passing new path to controller.
[INFO] [1790924512.513959839] [mapex_explorer]: Main /plan diagnostic: poses=181, endpoint=(16.59, 1.29), frontier=(16.59, 1.29), endpoint_to_frontier=0.000 m, limit=0.10 m -> usable
[controller_server-10] [INFO] [1790924512.522378476] [controller_server]: Passing new path to controller.
[INFO] [1790924513.528800174] [mapex_explorer]: Main /plan diagnostic: poses=175, endpoint=(16.59, 1.29), frontier=(16.59, 1.29), endpoint_to_frontier=0.000 m, limit=0.10 m -> usable
[controller_server-10] [INFO] [1790924513.589044201] [controller_server]: Passing new path to controller.
[controller_server-10] [INFO] [1790924514.589087483] [controller_server]: Passing new path to controller.
[INFO] [1790924514.613624697] [mapex_explorer]: Main /plan diagnostic: poses=169, endpoint=(16.59, 1.29), frontier=(16.59, 1.29), endpoint_to_frontier=0.000 m, limit=0.10 m -> usable
[INFO] [1790924515.566178197] [mapex_explorer]: Main /plan diagnostic: poses=163, endpoint=(16.59, 1.29), frontier=(16.59, 1.29), endpoint_to_frontier=0.000 m, limit=0.10 m -> usable
[controller_server-10] [INFO] [1790924515.589079547] [controller_server]: Passing new path to controller.
[INFO] [1790924516.641629315] [mapex_explorer]: Main /plan diagnostic: poses=153, endpoint=(16.59, 1.29), frontier=(16.59, 1.29), endpoint_to_frontier=0.000 m, limit=0.10 m -> usable
[controller_server-10] [INFO] [1790924516.655691781] [controller_server]: Passing new path to controller.
[INFO] [1790924517.624830933] [mapex_explorer]: Main /plan diagnostic: poses=149, endpoint=(16.59, 1.29), frontier=(16.59, 1.29), endpoint_to_frontier=0.000 m, limit=0.10 m -> usable
[controller_server-10] [INFO] [1790924517.655698539] [controller_server]: Passing new path to controller.
[INFO] [1790924518.647678663] [mapex_explorer]: Main /plan diagnostic: poses=141, endpoint=(16.59, 1.29), frontier=(16.59, 1.29), endpoint_to_frontier=0.000 m, limit=0.10 m -> usable
[controller_server-10] [INFO] [1790924518.722373132] [controller_server]: Passing new path to controller.
[INFO] [1790924519.685393843] [mapex_explorer]: Main /plan diagnostic: poses=135, endpoint=(16.59, 1.29), frontier=(16.59, 1.29), endpoint_to_frontier=0.000 m, limit=0.10 m -> usable
[controller_server-10] [INFO] [1790924519.722381840] [controller_server]: Passing new path to controller.
[INFO] [1790924520.700372208] [mapex_explorer]: Main /plan diagnostic: poses=132, endpoint=(16.59, 1.29), frontier=(16.59, 1.29), endpoint_to_frontier=0.000 m, limit=0.10 m -> usable
[controller_server-10] [INFO] [1790924520.722382791] [controller_server]: Passing new path to controller.
[INFO] [1790924521.751888533] [mapex_explorer]: Main /plan diagnostic: poses=132, endpoint=(16.59, 1.29), frontier=(16.59, 1.29), endpoint_to_frontier=0.000 m, limit=0.10 m -> usable
[controller_server-10] [INFO] [1790924521.789064369] [controller_server]: Passing new path to controller.
[INFO] [1790924522.747125674] [mapex_explorer]: Main /plan diagnostic: poses=129, endpoint=(16.59, 1.29), frontier=(16.59, 1.29), endpoint_to_frontier=0.000 m, limit=0.10 m -> usable
[controller_server-10] [INFO] [1790924522.789040525] [controller_server]: Passing new path to controller.
[controller_server-10] [INFO] [1790924523.789042261] [controller_server]: Passing new path to controller.
[INFO] [1790924523.811006243] [mapex_explorer]: Main /plan diagnostic: poses=128, endpoint=(16.59, 1.29), frontier=(16.59, 1.29), endpoint_to_frontier=0.000 m, limit=0.10 m -> usable
[INFO] [1790924524.804479947] [mapex_explorer]: Main /plan diagnostic: poses=129, endpoint=(16.59, 1.29), frontier=(16.59, 1.29), endpoint_to_frontier=0.000 m, limit=0.10 m -> usable
[controller_server-10] [INFO] [1790924524.855724826] [controller_server]: Passing new path to controller.
[INFO] [1790924525.843270464] [mapex_explorer]: Main /plan diagnostic: poses=122, endpoint=(16.59, 1.29), frontier=(16.59, 1.29), endpoint_to_frontier=0.000 m, limit=0.10 m -> usable
[controller_server-10] [INFO] [1790924525.855696307] [controller_server]: Passing new path to controller.
[INFO] [1790924526.887856338] [mapex_explorer]: Main /plan diagnostic: poses=109, endpoint=(16.59, 1.29), frontier=(16.59, 1.29), endpoint_to_frontier=0.000 m, limit=0.10 m -> usable
[controller_server-10] [INFO] [1790924526.922373728] [controller_server]: Passing new path to controller.
[INFO] [1790924527.893286539] [mapex_explorer]: Main /plan diagnostic: poses=97, endpoint=(16.59, 1.29), frontier=(16.59, 1.29), endpoint_to_frontier=0.000 m, limit=0.10 m -> usable
[controller_server-10] [INFO] [1790924527.922396832] [controller_server]: Passing new path to controller.
[INFO] [1790924528.921780849] [mapex_explorer]: Main /plan diagnostic: poses=86, endpoint=(16.59, 1.29), frontier=(16.59, 1.29), endpoint_to_frontier=0.000 m, limit=0.10 m -> usable
[controller_server-10] [INFO] [1790924528.989049601] [controller_server]: Passing new path to controller.
[INFO] [1790924529.949987271] [mapex_explorer]: Main /plan diagnostic: poses=79, endpoint=(16.59, 1.29), frontier=(16.59, 1.29), endpoint_to_frontier=0.000 m, limit=0.10 m -> usable
[controller_server-10] [INFO] [1790924529.989060278] [controller_server]: Passing new path to controller.
[INFO] [1790924530.973729947] [mapex_explorer]: Main /plan diagnostic: poses=68, endpoint=(16.59, 1.29), frontier=(16.59, 1.29), endpoint_to_frontier=0.000 m, limit=0.10 m -> usable
[controller_server-10] [INFO] [1790924530.989063227] [controller_server]: Passing new path to controller.
[INFO] [1790924532.022597574] [mapex_explorer]: Main /plan diagnostic: poses=57, endpoint=(16.59, 1.29), frontier=(16.59, 1.29), endpoint_to_frontier=0.000 m, limit=0.10 m -> usable
[controller_server-10] [INFO] [1790924532.055719103] [controller_server]: Passing new path to controller.
[INFO] [1790924533.042158391] [mapex_explorer]: Main /plan diagnostic: poses=46, endpoint=(16.59, 1.29), frontier=(16.59, 1.29), endpoint_to_frontier=0.000 m, limit=0.10 m -> usable
[controller_server-10] [INFO] [1790924533.055726906] [controller_server]: Passing new path to controller.
[INFO] [1790924534.069060155] [mapex_explorer]: Main /plan diagnostic: poses=36, endpoint=(16.59, 1.29), frontier=(16.59, 1.29), endpoint_to_frontier=0.000 m, limit=0.10 m -> usable
[controller_server-10] [INFO] [1790924534.122429820] [controller_server]: Passing new path to controller.
[INFO] [1790924535.088335032] [mapex_explorer]: Main /plan diagnostic: poses=26, endpoint=(16.59, 1.29), frontier=(16.59, 1.29), endpoint_to_frontier=0.000 m, limit=0.10 m -> usable
[controller_server-10] [INFO] [1790924535.122405923] [controller_server]: Passing new path to controller.
[INFO] [1790924536.111319308] [mapex_explorer]: Main /plan diagnostic: poses=18, endpoint=(16.59, 1.29), frontier=(16.59, 1.29), endpoint_to_frontier=0.000 m, limit=0.10 m -> usable
[controller_server-10] [INFO] [1790924536.189039298] [controller_server]: Passing new path to controller.
[INFO] [1790924537.133576466] [mapex_explorer]: Main /plan diagnostic: poses=11, endpoint=(16.59, 1.29), frontier=(16.59, 1.29), endpoint_to_frontier=0.000 m, limit=0.10 m -> usable
[controller_server-10] [INFO] [1790924537.189039672] [controller_server]: Passing new path to controller.
[controller_server-10] [INFO] [1790924537.993070254] [controller_server]: Reached the goal!
[controller_server-10] [INFO] [1790924537.994482768] [controller_server]: Optimizer reset
[bt_navigator-15] [INFO] [1790924538.018126486] [bt_navigator]: Goal succeeded
[INFO] [1790924538.019900121] [mapex_explorer]: Goal reached
[INFO] [1790924545.184785526] [mapex_explorer]: MapEx decision 28: selected x=16.09, y=-1.71, IG=32.391243, distance=3.21 m, score=10.085105, region=57, candidates=23, near_fallback=False, compute=6.61 s
[bt_navigator-15] [INFO] [1790924545.185502957] [bt_navigator]: Begin navigating from current location (16.31, 1.49) to (16.09, -1.71)
[controller_server-10] [INFO] [1790924545.206045149] [controller_server]: Received a goal, begin computing control effort.
[INFO] [1790924545.343768059] [mapex_explorer]: Main goal accepted
[INFO] [1790924545.410496996] [mapex_explorer]: Main /plan diagnostic: poses=318, endpoint=(16.09, -1.71), frontier=(16.09, -1.71), endpoint_to_frontier=0.000 m, limit=0.10 m -> usable
[INFO] [1790924546.251973252] [mapex_explorer]: Main /plan diagnostic: poses=315, endpoint=(16.09, -1.71), frontier=(16.09, -1.71), endpoint_to_frontier=0.000 m, limit=0.10 m -> usable
[controller_server-10] [INFO] [1790924546.272843552] [controller_server]: Passing new path to controller.
[INFO] [1790924547.245146522] [mapex_explorer]: Main /plan diagnostic: poses=311, endpoint=(16.09, -1.71), frontier=(16.09, -1.71), endpoint_to_frontier=0.000 m, limit=0.10 m -> usable
[controller_server-10] [INFO] [1790924547.272845683] [controller_server]: Passing new path to controller.
[INFO] [1790924548.265025205] [mapex_explorer]: Main /plan diagnostic: poses=300, endpoint=(16.09, -1.71), frontier=(16.09, -1.71), endpoint_to_frontier=0.000 m, limit=0.10 m -> usable
[controller_server-10] [INFO] [1790924548.339510204] [controller_server]: Passing new path to controller.
[INFO] [1790924549.333009841] [mapex_explorer]: Main /plan diagnostic: poses=298, endpoint=(16.09, -1.71), frontier=(16.09, -1.71), endpoint_to_frontier=0.000 m, limit=0.10 m -> usable
[controller_server-10] [INFO] [1790924549.339508687] [controller_server]: Passing new path to controller.
[INFO] [1790924550.335708387] [mapex_explorer]: Main /plan diagnostic: poses=298, endpoint=(16.09, -1.71), frontier=(16.09, -1.71), endpoint_to_frontier=0.000 m, limit=0.10 m -> usable
[controller_server-10] [INFO] [1790924550.339509758] [controller_server]: Passing new path to controller.
[INFO] [1790924551.349647610] [mapex_explorer]: Main /plan diagnostic: poses=293, endpoint=(16.09, -1.71), frontier=(16.09, -1.71), endpoint_to_frontier=0.000 m, limit=0.10 m -> usable
[controller_server-10] [INFO] [1790924551.406187156] [controller_server]: Passing new path to controller.
[INFO] [1790924552.366186999] [mapex_explorer]: Main /plan diagnostic: poses=285, endpoint=(16.09, -1.71), frontier=(16.09, -1.71), endpoint_to_frontier=0.000 m, limit=0.10 m -> usable
[controller_server-10] [INFO] [1790924552.406205821] [controller_server]: Passing new path to controller.
[controller_server-10] [INFO] [1790924553.406183131] [controller_server]: Passing new path to controller.
[INFO] [1790924553.421477460] [mapex_explorer]: Main /plan diagnostic: poses=275, endpoint=(16.09, -1.71), frontier=(16.09, -1.71), endpoint_to_frontier=0.000 m, limit=0.10 m -> usable
[INFO] [1790924554.425166767] [mapex_explorer]: Main /plan diagnostic: poses=265, endpoint=(16.09, -1.71), frontier=(16.09, -1.71), endpoint_to_frontier=0.000 m, limit=0.10 m -> usable
[controller_server-10] [INFO] [1790924554.472858137] [controller_server]: Passing new path to controller.
[controller_server-10] [INFO] [1790924555.472862616] [controller_server]: Passing new path to controller.
[INFO] [1790924555.562649265] [mapex_explorer]: Main /plan diagnostic: poses=252, endpoint=(16.09, -1.71), frontier=(16.09, -1.71), endpoint_to_frontier=0.000 m, limit=0.10 m -> usable
[INFO] [1790924556.482407876] [mapex_explorer]: Main /plan diagnostic: poses=244, endpoint=(16.09, -1.71), frontier=(16.09, -1.71), endpoint_to_frontier=0.000 m, limit=0.10 m -> usable
[controller_server-10] [INFO] [1790924556.539512960] [controller_server]: Passing new path to controller.
[INFO] [1790924557.513918707] [mapex_explorer]: Main /plan diagnostic: poses=234, endpoint=(16.09, -1.71), frontier=(16.09, -1.71), endpoint_to_frontier=0.000 m, limit=0.10 m -> usable
[controller_server-10] [INFO] [1790924557.539511754] [controller_server]: Passing new path to controller.
[async_slam_toolbox_node-9] W20261002 14:02:37.905942 26986 preprocessor.cc:67] Specified options.num_threads: 50 exceeds maximum available from the threading model Ceres was compiled with: 16.  Bounding to maximum number available.
[async_slam_toolbox_node-9] [INFO] [1790924557.915737880] [slam_toolbox]: Adaptive anchor summary: latest_node=1946, local_edges=2004, loop_history=0, avg_effective_weight=1.144, release_regions=0
[INFO] [1790924558.545321684] [mapex_explorer]: Main /plan diagnostic: poses=223, endpoint=(16.09, -1.71), frontier=(16.09, -1.71), endpoint_to_frontier=0.000 m, limit=0.10 m -> usable
[controller_server-10] [INFO] [1790924558.606206130] [controller_server]: Passing new path to controller.
[controller_server-10] [INFO] [1790924558.876703376] [local_costmap.local_costmap]: StaticLayer: Resizing static layer to 560 X 252 at 0.100000 m/pix
[rviz2-7] [INFO] [1790924558.890540128] [rviz2]: Trying to create a map of size 560 x 252 using 1 swatches
[planner_server-12] [INFO] [1790924559.293064501] [global_costmap.global_costmap]: StaticLayer: Resizing costmap to 560 X 252 at 0.100000 m/pix
[controller_server-10] [INFO] [1790924559.606181633] [controller_server]: Passing new path to controller.
[INFO] [1790924559.622080994] [mapex_explorer]: Main /plan diagnostic: poses=212, endpoint=(16.09, -1.71), frontier=(16.09, -1.71), endpoint_to_frontier=0.000 m, limit=0.10 m -> usable
[INFO] [1790924560.604497039] [mapex_explorer]: Main /plan diagnostic: poses=201, endpoint=(16.09, -1.71), frontier=(16.09, -1.71), endpoint_to_frontier=0.000 m, limit=0.10 m -> usable
[controller_server-10] [INFO] [1790924560.606181167] [controller_server]: Passing new path to controller.
[controller_server-10] [INFO] [1790924561.672862013] [controller_server]: Passing new path to controller.
[INFO] [1790924561.704127906] [mapex_explorer]: Main /plan diagnostic: poses=192, endpoint=(16.09, -1.71), frontier=(16.09, -1.71), endpoint_to_frontier=0.000 m, limit=0.10 m -> usable
[controller_server-10] [INFO] [1790924562.672867608] [controller_server]: Passing new path to controller.
[INFO] [1790924562.679043498] [mapex_explorer]: Main /plan diagnostic: poses=181, endpoint=(16.09, -1.71), frontier=(16.09, -1.71), endpoint_to_frontier=0.000 m, limit=0.10 m -> usable
[INFO] [1790924563.682818166] [mapex_explorer]: Main /plan diagnostic: poses=172, endpoint=(16.09, -1.71), frontier=(16.09, -1.71), endpoint_to_frontier=0.000 m, limit=0.10 m -> usable
[controller_server-10] [INFO] [1790924563.739511451] [controller_server]: Passing new path to controller.
[INFO] [1790924564.702347906] [mapex_explorer]: Main /plan diagnostic: poses=162, endpoint=(16.09, -1.71), frontier=(16.09, -1.71), endpoint_to_frontier=0.000 m, limit=0.10 m -> usable
[controller_server-10] [INFO] [1790924564.739512528] [controller_server]: Passing new path to controller.
[INFO] [1790924565.729681716] [mapex_explorer]: Main /plan diagnostic: poses=153, endpoint=(16.09, -1.71), frontier=(16.09, -1.71), endpoint_to_frontier=0.000 m, limit=0.10 m -> usable
[controller_server-10] [INFO] [1790924565.739636796] [controller_server]: Passing new path to controller.
[INFO] [1790924566.751081999] [mapex_explorer]: Main /plan diagnostic: poses=143, endpoint=(16.09, -1.71), frontier=(16.09, -1.71), endpoint_to_frontier=0.000 m, limit=0.10 m -> usable
[controller_server-10] [INFO] [1790924566.806159644] [controller_server]: Passing new path to controller.
[INFO] [1790924567.781942958] [mapex_explorer]: Main /plan diagnostic: poses=133, endpoint=(16.09, -1.71), frontier=(16.09, -1.71), endpoint_to_frontier=0.000 m, limit=0.10 m -> usable
[controller_server-10] [INFO] [1790924567.806177941] [controller_server]: Passing new path to controller.
[INFO] [1790924568.782223336] [mapex_explorer]: Main /plan diagnostic: poses=123, endpoint=(16.09, -1.71), frontier=(16.09, -1.71), endpoint_to_frontier=0.000 m, limit=0.10 m -> usable
[controller_server-10] [INFO] [1790924568.806178833] [controller_server]: Passing new path to controller.
[INFO] [1790924569.818198799] [mapex_explorer]: Main /plan diagnostic: poses=112, endpoint=(16.09, -1.71), frontier=(16.09, -1.71), endpoint_to_frontier=0.000 m, limit=0.10 m -> usable
[controller_server-10] [INFO] [1790924569.872846027] [controller_server]: Passing new path to controller.
[controller_server-10] [INFO] [1790924570.872842718] [controller_server]: Passing new path to controller.
[INFO] [1790924570.876660744] [mapex_explorer]: Main /plan diagnostic: poses=102, endpoint=(16.09, -1.71), frontier=(16.09, -1.71), endpoint_to_frontier=0.000 m, limit=0.10 m -> usable
[INFO] [1790924571.862542952] [mapex_explorer]: Main /plan diagnostic: poses=92, endpoint=(16.09, -1.71), frontier=(16.09, -1.71), endpoint_to_frontier=0.000 m, limit=0.10 m -> usable
[controller_server-10] [INFO] [1790924571.939509807] [controller_server]: Passing new path to controller.
[INFO] [1790924572.884303338] [mapex_explorer]: Main /plan diagnostic: poses=82, endpoint=(16.09, -1.71), frontier=(16.09, -1.71), endpoint_to_frontier=0.000 m, limit=0.10 m -> usable
[controller_server-10] [INFO] [1790924572.939521772] [controller_server]: Passing new path to controller.
[INFO] [1790924573.909492555] [mapex_explorer]: Main /plan diagnostic: poses=72, endpoint=(16.09, -1.71), frontier=(16.09, -1.71), endpoint_to_frontier=0.000 m, limit=0.10 m -> usable
[controller_server-10] [INFO] [1790924573.939510935] [controller_server]: Passing new path to controller.
[INFO] [1790924574.945830304] [mapex_explorer]: Main /plan diagnostic: poses=61, endpoint=(16.09, -1.71), frontier=(16.09, -1.71), endpoint_to_frontier=0.000 m, limit=0.10 m -> usable
[controller_server-10] [INFO] [1790924575.006184486] [controller_server]: Passing new path to controller.
[INFO] [1790924575.953773880] [mapex_explorer]: Main /plan diagnostic: poses=53, endpoint=(16.09, -1.71), frontier=(16.09, -1.71), endpoint_to_frontier=0.000 m, limit=0.10 m -> usable
[controller_server-10] [INFO] [1790924576.006211600] [controller_server]: Passing new path to controller.
[INFO] [1790924576.979302486] [mapex_explorer]: Main /plan diagnostic: poses=40, endpoint=(16.09, -1.71), frontier=(16.09, -1.71), endpoint_to_frontier=0.000 m, limit=0.10 m -> usable
[controller_server-10] [INFO] [1790924577.006182268] [controller_server]: Passing new path to controller.
[controller_server-10] [INFO] [1790924578.072843620] [controller_server]: Passing new path to controller.
[INFO] [1790924578.099104237] [mapex_explorer]: Main /plan diagnostic: poses=30, endpoint=(16.09, -1.71), frontier=(16.09, -1.71), endpoint_to_frontier=0.000 m, limit=0.10 m -> usable
[INFO] [1790924579.042223607] [mapex_explorer]: Main /plan diagnostic: poses=20, endpoint=(16.09, -1.71), frontier=(16.09, -1.71), endpoint_to_frontier=0.000 m, limit=0.10 m -> usable
[controller_server-10] [INFO] [1790924579.072860488] [controller_server]: Passing new path to controller.
[INFO] [1790924580.062809960] [mapex_explorer]: Main /plan diagnostic: poses=14, endpoint=(16.09, -1.71), frontier=(16.09, -1.71), endpoint_to_frontier=0.000 m, limit=0.10 m -> usable
[controller_server-10] [INFO] [1790924580.072845791] [controller_server]: Passing new path to controller.
[INFO] [1790924581.091302612] [mapex_explorer]: Main /plan diagnostic: poses=8, endpoint=(16.09, -1.71), frontier=(16.09, -1.71), endpoint_to_frontier=0.000 m, limit=0.10 m -> usable
[controller_server-10] [INFO] [1790924581.139537540] [controller_server]: Passing new path to controller.
[controller_server-10] [INFO] [1790924581.274038609] [controller_server]: Reached the goal!
[controller_server-10] [INFO] [1790924581.274229327] [controller_server]: Optimizer reset
[bt_navigator-15] [INFO] [1790924581.295981921] [bt_navigator]: Goal succeeded
[INFO] [1790924581.300349503] [mapex_explorer]: Goal reached
[INFO] [1790924588.344308685] [mapex_explorer]: MapEx decision 29: selected x=22.49, y=-1.21, IG=30.479856, distance=6.76 m, score=4.506636, region=26, candidates=23, near_fallback=False, compute=6.72 s
[bt_navigator-15] [INFO] [1790924588.345645934] [bt_navigator]: Begin navigating from current location (15.75, -1.75) to (22.49, -1.21)
[controller_server-10] [INFO] [1790924588.366350983] [controller_server]: Received a goal, begin computing control effort.
[INFO] [1790924588.604833466] [mapex_explorer]: Main goal accepted
[INFO] [1790924588.671153333] [mapex_explorer]: Main /plan diagnostic: poses=381, endpoint=(22.49, -1.21), frontier=(22.49, -1.21), endpoint_to_frontier=0.000 m, limit=0.10 m -> usable
[controller_server-10] [INFO] [1790924589.433160395] [controller_server]: Passing new path to controller.
[INFO] [1790924589.434817486] [mapex_explorer]: Main /plan diagnostic: poses=377, endpoint=(22.49, -1.21), frontier=(22.49, -1.21), endpoint_to_frontier=0.000 m, limit=0.10 m -> usable
[controller_server-10] [INFO] [1790924590.433182872] [controller_server]: Passing new path to controller.
[INFO] [1790924590.437500662] [mapex_explorer]: Main /plan diagnostic: poses=369, endpoint=(22.49, -1.21), frontier=(22.49, -1.21), endpoint_to_frontier=0.000 m, limit=0.10 m -> usable
[INFO] [1790924591.458068902] [mapex_explorer]: Main /plan diagnostic: poses=361, endpoint=(22.49, -1.21), frontier=(22.49, -1.21), endpoint_to_frontier=0.000 m, limit=0.10 m -> usable
[controller_server-10] [INFO] [1790924591.499905390] [controller_server]: Passing new path to controller.
[INFO] [1790924592.478831369] [mapex_explorer]: Main /plan diagnostic: poses=356, endpoint=(22.49, -1.21), frontier=(22.49, -1.21), endpoint_to_frontier=0.000 m, limit=0.10 m -> usable
[controller_server-10] [INFO] [1790924592.499825087] [controller_server]: Passing new path to controller.
[INFO] [1790924593.505917062] [mapex_explorer]: Main /plan diagnostic: poses=348, endpoint=(22.49, -1.21), frontier=(22.49, -1.21), endpoint_to_frontier=0.000 m, limit=0.10 m -> usable
[controller_server-10] [INFO] [1790924593.566490926] [controller_server]: Passing new path to controller.
[INFO] [1790924594.524417953] [mapex_explorer]: Main /plan diagnostic: poses=341, endpoint=(22.49, -1.21), frontier=(22.49, -1.21), endpoint_to_frontier=0.000 m, limit=0.10 m -> usable
[controller_server-10] [INFO] [1790924594.566483688] [controller_server]: Passing new path to controller.
[INFO] [1790924595.553119494] [mapex_explorer]: Main /plan diagnostic: poses=336, endpoint=(22.49, -1.21), frontier=(22.49, -1.21), endpoint_to_frontier=0.000 m, limit=0.10 m -> usable
[controller_server-10] [INFO] [1790924595.566499373] [controller_server]: Passing new path to controller.
[INFO] [1790924596.590788718] [mapex_explorer]: Main /plan diagnostic: poses=328, endpoint=(22.49, -1.21), frontier=(22.49, -1.21), endpoint_to_frontier=0.000 m, limit=0.10 m -> usable
[controller_server-10] [INFO] [1790924596.633157192] [controller_server]: Passing new path to controller.
[INFO] [1790924597.603815940] [mapex_explorer]: Main /plan diagnostic: poses=320, endpoint=(22.49, -1.21), frontier=(22.49, -1.21), endpoint_to_frontier=0.000 m, limit=0.10 m -> usable
[controller_server-10] [INFO] [1790924597.633124054] [controller_server]: Passing new path to controller.
[INFO] [1790924598.625066213] [mapex_explorer]: Main /plan diagnostic: poses=313, endpoint=(22.49, -1.21), frontier=(22.49, -1.21), endpoint_to_frontier=0.000 m, limit=0.10 m -> usable
[controller_server-10] [INFO] [1790924598.699819813] [controller_server]: Passing new path to controller.
[INFO] [1790924599.645298847] [mapex_explorer]: Main /plan diagnostic: poses=310, endpoint=(22.49, -1.21), frontier=(22.49, -1.21), endpoint_to_frontier=0.000 m, limit=0.10 m -> usable
[controller_server-10] [INFO] [1790924599.699841202] [controller_server]: Passing new path to controller.
[INFO] [1790924600.673695903] [mapex_explorer]: Main /plan diagnostic: poses=310, endpoint=(22.49, -1.21), frontier=(22.49, -1.21), endpoint_to_frontier=0.000 m, limit=0.10 m -> usable
[controller_server-10] [INFO] [1790924600.699817443] [controller_server]: Passing new path to controller.
[INFO] [1790924601.704354953] [mapex_explorer]: Main /plan diagnostic: poses=303, endpoint=(22.49, -1.21), frontier=(22.49, -1.21), endpoint_to_frontier=0.000 m, limit=0.10 m -> usable
[controller_server-10] [INFO] [1790924601.766485669] [controller_server]: Passing new path to controller.
[async_slam_toolbox_node-9] W20261002 14:03:22.587304 26986 preprocessor.cc:67] Specified options.num_threads: 50 exceeds maximum available from the threading model Ceres was compiled with: 16.  Bounding to maximum number available.
[async_slam_toolbox_node-9] [INFO] [1790924602.609383168] [slam_toolbox]: Adaptive anchor summary: latest_node=2060, local_edges=2123, loop_history=0, avg_effective_weight=1.136, release_regions=0
[controller_server-10] [INFO] [1790924602.766486671] [controller_server]: Passing new path to controller.
[INFO] [1790924602.767169193] [mapex_explorer]: Main /plan diagnostic: poses=294, endpoint=(22.49, -1.21), frontier=(22.49, -1.21), endpoint_to_frontier=0.000 m, limit=0.10 m -> usable
[controller_server-10] [INFO] [1790924602.876719260] [local_costmap.local_costmap]: StaticLayer: Resizing static layer to 560 X 252 at 0.100000 m/pix
[planner_server-12] [INFO] [1790924603.293057413] [global_costmap.global_costmap]: StaticLayer: Resizing costmap to 560 X 252 at 0.100000 m/pix
[controller_server-10] [INFO] [1790924603.766492460] [controller_server]: Passing new path to controller.
[INFO] [1790924603.839117199] [mapex_explorer]: Main /plan diagnostic: poses=278, endpoint=(22.49, -1.21), frontier=(22.49, -1.21), endpoint_to_frontier=0.000 m, limit=0.10 m -> usable
[INFO] [1790924604.774509854] [mapex_explorer]: Main /plan diagnostic: poses=268, endpoint=(22.49, -1.21), frontier=(22.49, -1.21), endpoint_to_frontier=0.000 m, limit=0.10 m -> usable
[controller_server-10] [INFO] [1790924604.833150971] [controller_server]: Passing new path to controller.
[INFO] [1790924605.794248835] [mapex_explorer]: Main /plan diagnostic: poses=258, endpoint=(22.49, -1.21), frontier=(22.49, -1.21), endpoint_to_frontier=0.000 m, limit=0.10 m -> usable
[controller_server-10] [INFO] [1790924605.833178507] [controller_server]: Passing new path to controller.
[controller_server-10] [INFO] [1790924606.833151624] [controller_server]: Passing new path to controller.
[INFO] [1790924606.842413369] [mapex_explorer]: Main /plan diagnostic: poses=247, endpoint=(22.49, -1.21), frontier=(22.49, -1.21), endpoint_to_frontier=0.000 m, limit=0.10 m -> usable
[INFO] [1790924607.850739353] [mapex_explorer]: Main /plan diagnostic: poses=236, endpoint=(22.49, -1.21), frontier=(22.49, -1.21), endpoint_to_frontier=0.000 m, limit=0.10 m -> usable
[controller_server-10] [INFO] [1790924607.899843173] [controller_server]: Passing new path to controller.
[INFO] [1790924608.872480459] [mapex_explorer]: Main /plan diagnostic: poses=227, endpoint=(22.49, -1.21), frontier=(22.49, -1.21), endpoint_to_frontier=0.000 m, limit=0.10 m -> usable
[controller_server-10] [INFO] [1790924608.899821310] [controller_server]: Passing new path to controller.
[INFO] [1790924609.909124976] [mapex_explorer]: Main /plan diagnostic: poses=217, endpoint=(22.49, -1.21), frontier=(22.49, -1.21), endpoint_to_frontier=0.000 m, limit=0.10 m -> usable
[controller_server-10] [INFO] [1790924609.966486938] [controller_server]: Passing new path to controller.
[INFO] [1790924610.925525776] [mapex_explorer]: Main /plan diagnostic: poses=204, endpoint=(22.49, -1.21), frontier=(22.49, -1.21), endpoint_to_frontier=0.000 m, limit=0.10 m -> usable
[controller_server-10] [INFO] [1790924610.966486692] [controller_server]: Passing new path to controller.
[INFO] [1790924611.956501082] [mapex_explorer]: Main /plan diagnostic: poses=196, endpoint=(22.49, -1.21), frontier=(22.49, -1.21), endpoint_to_frontier=0.000 m, limit=0.10 m -> usable
[controller_server-10] [INFO] [1790924611.966505671] [controller_server]: Passing new path to controller.
[INFO] [1790924612.982623841] [mapex_explorer]: Main /plan diagnostic: poses=184, endpoint=(22.49, -1.21), frontier=(22.49, -1.21), endpoint_to_frontier=0.000 m, limit=0.10 m -> usable
[controller_server-10] [INFO] [1790924613.033154052] [controller_server]: Passing new path to controller.
[controller_server-10] [INFO] [1790924614.033182840] [controller_server]: Passing new path to controller.
[INFO] [1790924614.077460628] [mapex_explorer]: Main /plan diagnostic: poses=174, endpoint=(22.49, -1.21), frontier=(22.49, -1.21), endpoint_to_frontier=0.000 m, limit=0.10 m -> usable
[controller_server-10] [INFO] [1790924615.033153515] [controller_server]: Passing new path to controller.
[INFO] [1790924615.071179506] [mapex_explorer]: Main /plan diagnostic: poses=165, endpoint=(22.49, -1.21), frontier=(22.49, -1.21), endpoint_to_frontier=0.000 m, limit=0.10 m -> usable
[INFO] [1790924616.083619226] [mapex_explorer]: Main /plan diagnostic: poses=155, endpoint=(22.49, -1.21), frontier=(22.49, -1.21), endpoint_to_frontier=0.000 m, limit=0.10 m -> usable
[controller_server-10] [INFO] [1790924616.099820470] [controller_server]: Passing new path to controller.
[controller_server-10] [INFO] [1790924617.099823666] [controller_server]: Passing new path to controller.
[INFO] [1790924617.130387344] [mapex_explorer]: Main /plan diagnostic: poses=145, endpoint=(22.49, -1.21), frontier=(22.49, -1.21), endpoint_to_frontier=0.000 m, limit=0.10 m -> usable
[INFO] [1790924618.106169589] [mapex_explorer]: Main /plan diagnostic: poses=142, endpoint=(22.49, -1.21), frontier=(22.49, -1.21), endpoint_to_frontier=0.000 m, limit=0.10 m -> usable
[controller_server-10] [INFO] [1790924618.166544411] [controller_server]: Passing new path to controller.
[INFO] [1790924619.125994595] [mapex_explorer]: Main /plan diagnostic: poses=139, endpoint=(22.49, -1.21), frontier=(22.49, -1.21), endpoint_to_frontier=0.000 m, limit=0.10 m -> usable
[controller_server-10] [INFO] [1790924619.166488323] [controller_server]: Passing new path to controller.
[INFO] [1790924620.151876602] [mapex_explorer]: Main /plan diagnostic: poses=133, endpoint=(22.49, -1.21), frontier=(22.49, -1.21), endpoint_to_frontier=0.000 m, limit=0.10 m -> usable
[controller_server-10] [INFO] [1790924620.166490585] [controller_server]: Passing new path to controller.
[INFO] [1790924621.210808576] [mapex_explorer]: Main /plan diagnostic: poses=123, endpoint=(22.49, -1.21), frontier=(22.49, -1.21), endpoint_to_frontier=0.000 m, limit=0.10 m -> usable
[controller_server-10] [INFO] [1790924621.233156283] [controller_server]: Passing new path to controller.
[INFO] [1790924622.208403427] [mapex_explorer]: Main /plan diagnostic: poses=111, endpoint=(22.49, -1.21), frontier=(22.49, -1.21), endpoint_to_frontier=0.000 m, limit=0.10 m -> usable
[controller_server-10] [INFO] [1790924622.233155230] [controller_server]: Passing new path to controller.
[INFO] [1790924623.228368765] [mapex_explorer]: Main /plan diagnostic: poses=99, endpoint=(22.49, -1.21), frontier=(22.49, -1.21), endpoint_to_frontier=0.000 m, limit=0.10 m -> usable
[controller_server-10] [INFO] [1790924623.299818022] [controller_server]: Passing new path to controller.
[INFO] [1790924624.244626144] [mapex_explorer]: Main /plan diagnostic: poses=89, endpoint=(22.49, -1.21), frontier=(22.49, -1.21), endpoint_to_frontier=0.000 m, limit=0.10 m -> usable
[controller_server-10] [INFO] [1790924624.299817330] [controller_server]: Passing new path to controller.
[INFO] [1790924625.284050989] [mapex_explorer]: Main /plan diagnostic: poses=79, endpoint=(22.49, -1.21), frontier=(22.49, -1.21), endpoint_to_frontier=0.000 m, limit=0.10 m -> usable
[controller_server-10] [INFO] [1790924625.299873268] [controller_server]: Passing new path to controller.
[INFO] [1790924626.332002716] [mapex_explorer]: Main /plan diagnostic: poses=68, endpoint=(22.49, -1.21), frontier=(22.49, -1.21), endpoint_to_frontier=0.000 m, limit=0.10 m -> usable
[controller_server-10] [INFO] [1790924626.366602759] [controller_server]: Passing new path to controller.
[INFO] [1790924627.311522467] [mapex_explorer]: Main /plan diagnostic: poses=59, endpoint=(22.49, -1.21), frontier=(22.49, -1.21), endpoint_to_frontier=0.000 m, limit=0.10 m -> usable
[controller_server-10] [INFO] [1790924627.366509810] [controller_server]: Passing new path to controller.
[INFO] [1790924628.341131252] [mapex_explorer]: Main /plan diagnostic: poses=48, endpoint=(22.49, -1.21), frontier=(22.49, -1.21), endpoint_to_frontier=0.000 m, limit=0.10 m -> usable
[controller_server-10] [INFO] [1790924628.366487693] [controller_server]: Passing new path to controller.
[INFO] [1790924629.372131913] [mapex_explorer]: Main /plan diagnostic: poses=40, endpoint=(22.49, -1.21), frontier=(22.49, -1.21), endpoint_to_frontier=0.000 m, limit=0.10 m -> usable
[controller_server-10] [INFO] [1790924629.433191395] [controller_server]: Passing new path to controller.
[INFO] [1790924630.392546555] [mapex_explorer]: Main /plan diagnostic: poses=27, endpoint=(22.49, -1.21), frontier=(22.49, -1.21), endpoint_to_frontier=0.000 m, limit=0.10 m -> usable
[controller_server-10] [INFO] [1790924630.433151916] [controller_server]: Passing new path to controller.
[INFO] [1790924631.419977266] [mapex_explorer]: Main /plan diagnostic: poses=20, endpoint=(22.49, -1.21), frontier=(22.49, -1.21), endpoint_to_frontier=0.000 m, limit=0.10 m -> usable
[controller_server-10] [INFO] [1790924631.499847289] [controller_server]: Passing new path to controller.
[INFO] [1790924632.445025894] [mapex_explorer]: Main /plan diagnostic: poses=13, endpoint=(22.49, -1.21), frontier=(22.49, -1.21), endpoint_to_frontier=0.000 m, limit=0.10 m -> usable
[controller_server-10] [INFO] [1790924632.499819274] [controller_server]: Passing new path to controller.
[controller_server-10] [INFO] [1790924633.499835197] [controller_server]: Passing new path to controller.
[INFO] [1790924633.510525680] [mapex_explorer]: Main /plan diagnostic: poses=9, endpoint=(22.49, -1.21), frontier=(22.49, -1.21), endpoint_to_frontier=0.000 m, limit=0.10 m -> usable
[controller_server-10] [INFO] [1790924633.568660004] [controller_server]: Reached the goal!
[controller_server-10] [INFO] [1790924633.568865127] [controller_server]: Optimizer reset
[bt_navigator-15] [INFO] [1790924633.595896693] [bt_navigator]: Goal succeeded
[INFO] [1790924633.597509414] [mapex_explorer]: Goal reached
[INFO] [1790924640.462637968] [mapex_explorer]: MapEx decision 30: selected x=45.59, y=8.59, IG=40.514645, distance=25.03 m, score=1.618771, region=124, candidates=20, near_fallback=False, compute=5.89 s
[bt_navigator-15] [INFO] [1790924640.463565297] [bt_navigator]: Begin navigating from current location (22.69, -1.51) to (45.59, 8.59)
[controller_server-10] [INFO] [1790924640.484518058] [controller_server]: Received a goal, begin computing control effort.
[INFO] [1790924640.544698829] [mapex_explorer]: Main goal accepted
[INFO] [1790924640.626613852] [mapex_explorer]: Main /plan diagnostic: poses=827, endpoint=(45.59, 8.59), frontier=(45.59, 8.59), endpoint_to_frontier=0.000 m, limit=0.10 m -> usable
[controller_server-10] [INFO] [1790924641.551332406] [controller_server]: Passing new path to controller.
[INFO] [1790924641.567423069] [mapex_explorer]: Main /plan diagnostic: poses=797, endpoint=(45.59, 8.59), frontier=(45.59, 8.59), endpoint_to_frontier=0.000 m, limit=0.10 m -> usable
[controller_server-10] [INFO] [1790924642.551370130] [controller_server]: Passing new path to controller.
[INFO] [1790924642.594489425] [mapex_explorer]: Main /plan diagnostic: poses=817, endpoint=(45.59, 8.59), frontier=(45.59, 8.59), endpoint_to_frontier=0.000 m, limit=0.10 m -> usable
[INFO] [1790924643.574383881] [mapex_explorer]: Main /plan diagnostic: poses=784, endpoint=(45.59, 8.59), frontier=(45.59, 8.59), endpoint_to_frontier=0.000 m, limit=0.10 m -> usable
[controller_server-10] [INFO] [1790924643.618010784] [controller_server]: Passing new path to controller.
[controller_server-10] [INFO] [1790924644.617993468] [controller_server]: Passing new path to controller.
[INFO] [1790924644.632866181] [mapex_explorer]: Main /plan diagnostic: poses=803, endpoint=(45.59, 8.59), frontier=(45.59, 8.59), endpoint_to_frontier=0.000 m, limit=0.10 m -> usable
[INFO] [1790924645.634780405] [mapex_explorer]: Main /plan diagnostic: poses=804, endpoint=(45.59, 8.59), frontier=(45.59, 8.59), endpoint_to_frontier=0.000 m, limit=0.10 m -> usable
[controller_server-10] [INFO] [1790924645.684659086] [controller_server]: Passing new path to controller.
[INFO] [1790924646.671684579] [mapex_explorer]: Main /plan diagnostic: poses=776, endpoint=(45.59, 8.59), frontier=(45.59, 8.59), endpoint_to_frontier=0.000 m, limit=0.10 m -> usable
[controller_server-10] [INFO] [1790924646.684663283] [controller_server]: Passing new path to controller.
[controller_server-10] [INFO] [1790924647.684655527] [controller_server]: Passing new path to controller.
[INFO] [1790924647.739834809] [mapex_explorer]: Main /plan diagnostic: poses=788, endpoint=(45.59, 8.59), frontier=(45.59, 8.59), endpoint_to_frontier=0.000 m, limit=0.10 m -> usable
[INFO] [1790924648.726924213] [mapex_explorer]: Main /plan diagnostic: poses=756, endpoint=(45.59, 8.59), frontier=(45.59, 8.59), endpoint_to_frontier=0.000 m, limit=0.10 m -> usable
[controller_server-10] [INFO] [1790924648.751327794] [controller_server]: Passing new path to controller.
[controller_server-10] [INFO] [1790924649.817992503] [controller_server]: Passing new path to controller.
[INFO] [1790924649.824100172] [mapex_explorer]: Main /plan diagnostic: poses=771, endpoint=(45.59, 8.59), frontier=(45.59, 8.59), endpoint_to_frontier=0.000 m, limit=0.10 m -> usable
[INFO] [1790924650.808589304] [mapex_explorer]: Main /plan diagnostic: poses=735, endpoint=(45.59, 8.59), frontier=(45.59, 8.59), endpoint_to_frontier=0.000 m, limit=0.10 m -> usable
[controller_server-10] [INFO] [1790924650.817994531] [controller_server]: Passing new path to controller.
[INFO] [1790924651.845198184] [mapex_explorer]: Main /plan diagnostic: poses=724, endpoint=(45.59, 8.59), frontier=(45.59, 8.59), endpoint_to_frontier=0.000 m, limit=0.10 m -> usable
[controller_server-10] [INFO] [1790924651.884687859] [controller_server]: Passing new path to controller.
[INFO] [1790924652.879978749] [mapex_explorer]: Main /plan diagnostic: poses=712, endpoint=(45.59, 8.59), frontier=(45.59, 8.59), endpoint_to_frontier=0.000 m, limit=0.10 m -> usable
[controller_server-10] [INFO] [1790924652.884658132] [controller_server]: Passing new path to controller.
[async_slam_toolbox_node-9] W20261002 14:04:13.281153 26986 preprocessor.cc:67] Specified options.num_threads: 50 exceeds maximum available from the threading model Ceres was compiled with: 16.  Bounding to maximum number available.
[async_slam_toolbox_node-9] [INFO] [1790924653.313922351] [slam_toolbox]: Adaptive anchor summary: latest_node=2195, local_edges=2262, loop_history=1, avg_effective_weight=1.128, release_regions=0
[rviz2-7] [INFO] [1790924653.898318993] [rviz2]: Trying to create a map of size 560 x 251 using 1 swatches
[INFO] [1790924653.906776720] [mapex_explorer]: Main /plan diagnostic: poses=700, endpoint=(45.59, 8.59), frontier=(45.59, 8.59), endpoint_to_frontier=0.000 m, limit=0.10 m -> usable
[controller_server-10] [INFO] [1790924653.951343742] [controller_server]: Passing new path to controller.
[controller_server-10] [INFO] [1790924654.076734081] [local_costmap.local_costmap]: StaticLayer: Resizing static layer to 560 X 251 at 0.100000 m/pix
[planner_server-12] [INFO] [1790924654.293089357] [global_costmap.global_costmap]: StaticLayer: Resizing costmap to 560 X 251 at 0.100000 m/pix
[controller_server-10] [INFO] [1790924654.951345723] [controller_server]: Passing new path to controller.
[INFO] [1790924654.964821326] [mapex_explorer]: Main /plan diagnostic: poses=689, endpoint=(45.59, 8.59), frontier=(45.59, 8.59), endpoint_to_frontier=0.000 m, limit=0.10 m -> usable
[controller_server-10] [INFO] [1790924655.951325293] [controller_server]: Passing new path to controller.
[INFO] [1790924655.983919565] [mapex_explorer]: Main /plan diagnostic: poses=679, endpoint=(45.59, 8.59), frontier=(45.59, 8.59), endpoint_to_frontier=0.000 m, limit=0.10 m -> usable
[INFO] [1790924657.008128900] [mapex_explorer]: Main /plan diagnostic: poses=669, endpoint=(45.59, 8.59), frontier=(45.59, 8.59), endpoint_to_frontier=0.000 m, limit=0.10 m -> usable
[controller_server-10] [INFO] [1790924657.017991795] [controller_server]: Passing new path to controller.
[controller_server-10] [INFO] [1790924658.017990665] [controller_server]: Passing new path to controller.
[INFO] [1790924658.062219728] [mapex_explorer]: Main /plan diagnostic: poses=659, endpoint=(45.59, 8.59), frontier=(45.59, 8.59), endpoint_to_frontier=0.000 m, limit=0.10 m -> usable
[async_slam_toolbox_node-9] W20261002 14:04:18.327142 26986 preprocessor.cc:67] Specified options.num_threads: 50 exceeds maximum available from the threading model Ceres was compiled with: 16.  Bounding to maximum number available.
[INFO] [1790924659.067548607] [mapex_explorer]: Main /plan diagnostic: poses=649, endpoint=(45.59, 8.59), frontier=(45.59, 8.59), endpoint_to_frontier=0.000 m, limit=0.10 m -> usable
[controller_server-10] [INFO] [1790924659.076715169] [local_costmap.local_costmap]: StaticLayer: Resizing static layer to 560 X 251 at 0.100000 m/pix
[controller_server-10] [INFO] [1790924659.084695101] [controller_server]: Passing new path to controller.
[planner_server-12] [INFO] [1790924659.293102145] [global_costmap.global_costmap]: StaticLayer: Resizing costmap to 560 X 251 at 0.100000 m/pix
[controller_server-10] [INFO] [1790924660.084698944] [controller_server]: Passing new path to controller.
[INFO] [1790924660.122770943] [mapex_explorer]: Main /plan diagnostic: poses=639, endpoint=(45.59, 8.59), frontier=(45.59, 8.59), endpoint_to_frontier=0.000 m, limit=0.10 m -> usable
[INFO] [1790924661.106622523] [mapex_explorer]: Main /plan diagnostic: poses=629, endpoint=(45.59, 8.59), frontier=(45.59, 8.59), endpoint_to_frontier=0.000 m, limit=0.10 m -> usable
[controller_server-10] [INFO] [1790924661.151349100] [controller_server]: Passing new path to controller.
[INFO] [1790924662.142796113] [mapex_explorer]: Main /plan diagnostic: poses=619, endpoint=(45.59, 8.59), frontier=(45.59, 8.59), endpoint_to_frontier=0.000 m, limit=0.10 m -> usable
[controller_server-10] [INFO] [1790924662.151390087] [controller_server]: Passing new path to controller.
[INFO] [1790924663.194557346] [mapex_explorer]: Main /plan diagnostic: poses=609, endpoint=(45.59, 8.59), frontier=(45.59, 8.59), endpoint_to_frontier=0.000 m, limit=0.10 m -> usable
[controller_server-10] [INFO] [1790924663.217990852] [controller_server]: Passing new path to controller.
[INFO] [1790924664.204582303] [mapex_explorer]: Main /plan diagnostic: poses=597, endpoint=(45.59, 8.59), frontier=(45.59, 8.59), endpoint_to_frontier=0.000 m, limit=0.10 m -> usable
[controller_server-10] [INFO] [1790924664.218011309] [controller_server]: Passing new path to controller.
[controller_server-10] [INFO] [1790924665.217992532] [controller_server]: Passing new path to controller.
[INFO] [1790924665.231860068] [mapex_explorer]: Main /plan diagnostic: poses=587, endpoint=(45.59, 8.59), frontier=(45.59, 8.59), endpoint_to_frontier=0.000 m, limit=0.10 m -> usable
[controller_server-10] [INFO] [1790924666.284692566] [controller_server]: Passing new path to controller.
[INFO] [1790924666.305606116] [mapex_explorer]: Main /plan diagnostic: poses=577, endpoint=(45.59, 8.59), frontier=(45.59, 8.59), endpoint_to_frontier=0.000 m, limit=0.10 m -> usable
[controller_server-10] [INFO] [1790924667.284758915] [controller_server]: Passing new path to controller.
[INFO] [1790924667.316706994] [mapex_explorer]: Main /plan diagnostic: poses=567, endpoint=(45.59, 8.59), frontier=(45.59, 8.59), endpoint_to_frontier=0.000 m, limit=0.10 m -> usable
[controller_server-10] [INFO] [1790924668.351332166] [controller_server]: Passing new path to controller.
[INFO] [1790924668.386317629] [mapex_explorer]: Main /plan diagnostic: poses=557, endpoint=(45.59, 8.59), frontier=(45.59, 8.59), endpoint_to_frontier=0.000 m, limit=0.10 m -> usable
[INFO] [1790924669.328274596] [mapex_explorer]: Main /plan diagnostic: poses=547, endpoint=(45.59, 8.59), frontier=(45.59, 8.59), endpoint_to_frontier=0.000 m, limit=0.10 m -> usable
[controller_server-10] [INFO] [1790924669.351325134] [controller_server]: Passing new path to controller.
[INFO] [1790924670.351253607] [mapex_explorer]: Main /plan diagnostic: poses=537, endpoint=(45.59, 8.59), frontier=(45.59, 8.59), endpoint_to_frontier=0.000 m, limit=0.10 m -> usable
[controller_server-10] [INFO] [1790924670.418010231] [controller_server]: Passing new path to controller.
[INFO] [1790924671.373779403] [mapex_explorer]: Main /plan diagnostic: poses=527, endpoint=(45.59, 8.59), frontier=(45.59, 8.59), endpoint_to_frontier=0.000 m, limit=0.10 m -> usable
[controller_server-10] [INFO] [1790924671.418076599] [controller_server]: Passing new path to controller.
[INFO] [1790924672.414750327] [mapex_explorer]: Main /plan diagnostic: poses=517, endpoint=(45.59, 8.59), frontier=(45.59, 8.59), endpoint_to_frontier=0.000 m, limit=0.10 m -> usable
[controller_server-10] [INFO] [1790924672.417989713] [controller_server]: Passing new path to controller.
[controller_server-10] [INFO] [1790924673.484658267] [controller_server]: Passing new path to controller.
[INFO] [1790924673.491857362] [mapex_explorer]: Main /plan diagnostic: poses=507, endpoint=(45.59, 8.59), frontier=(45.59, 8.59), endpoint_to_frontier=0.000 m, limit=0.10 m -> usable
[INFO] [1790924674.467914137] [mapex_explorer]: Main /plan diagnostic: poses=497, endpoint=(45.59, 8.59), frontier=(45.59, 8.59), endpoint_to_frontier=0.000 m, limit=0.10 m -> usable
[controller_server-10] [INFO] [1790924674.484659769] [controller_server]: Passing new path to controller.
[controller_server-10] [INFO] [1790924675.484659710] [controller_server]: Passing new path to controller.
[INFO] [1790924675.569056773] [mapex_explorer]: Main /plan diagnostic: poses=487, endpoint=(45.59, 8.59), frontier=(45.59, 8.59), endpoint_to_frontier=0.000 m, limit=0.10 m -> usable
[controller_server-10] [INFO] [1790924676.551325568] [controller_server]: Passing new path to controller.
[INFO] [1790924676.595467337] [mapex_explorer]: Main /plan diagnostic: poses=475, endpoint=(45.59, 8.59), frontier=(45.59, 8.59), endpoint_to_frontier=0.000 m, limit=0.10 m -> usable
[async_slam_toolbox_node-9] W20261002 14:04:37.516999 26986 preprocessor.cc:67] Specified options.num_threads: 50 exceeds maximum available from the threading model Ceres was compiled with: 16.  Bounding to maximum number available.
[async_slam_toolbox_node-9] [INFO] [1790924677.530814996] [slam_toolbox]: Adaptive anchor summary: latest_node=2263, local_edges=2330, loop_history=1, avg_effective_weight=1.124, release_regions=0
[controller_server-10] [INFO] [1790924677.551331420] [controller_server]: Passing new path to controller.
[INFO] [1790924677.567712573] [mapex_explorer]: Main /plan diagnostic: poses=465, endpoint=(45.59, 8.59), frontier=(45.59, 8.59), endpoint_to_frontier=0.000 m, limit=0.10 m -> usable
[controller_server-10] [INFO] [1790924678.076743392] [local_costmap.local_costmap]: StaticLayer: Resizing static layer to 560 X 251 at 0.100000 m/pix
[planner_server-12] [INFO] [1790924678.293078860] [global_costmap.global_costmap]: StaticLayer: Resizing costmap to 560 X 251 at 0.100000 m/pix
[INFO] [1790924678.597998434] [mapex_explorer]: Main /plan diagnostic: poses=455, endpoint=(45.59, 8.59), frontier=(45.59, 8.59), endpoint_to_frontier=0.000 m, limit=0.10 m -> usable
[controller_server-10] [INFO] [1790924678.618012702] [controller_server]: Passing new path to controller.
[INFO] [1790924679.613277986] [mapex_explorer]: Main /plan diagnostic: poses=445, endpoint=(45.59, 8.59), frontier=(45.59, 8.59), endpoint_to_frontier=0.000 m, limit=0.10 m -> usable
[controller_server-10] [INFO] [1790924679.617989677] [controller_server]: Passing new path to controller.
[INFO] [1790924680.624753193] [mapex_explorer]: Main /plan diagnostic: poses=435, endpoint=(45.59, 8.59), frontier=(45.59, 8.59), endpoint_to_frontier=0.000 m, limit=0.10 m -> usable
[controller_server-10] [INFO] [1790924680.684659134] [controller_server]: Passing new path to controller.
[INFO] [1790924681.660343712] [mapex_explorer]: Main /plan diagnostic: poses=425, endpoint=(45.59, 8.59), frontier=(45.59, 8.59), endpoint_to_frontier=0.000 m, limit=0.10 m -> usable
[controller_server-10] [INFO] [1790924681.684660151] [controller_server]: Passing new path to controller.
[controller_server-10] [INFO] [1790924682.684654505] [controller_server]: Passing new path to controller.
[INFO] [1790924682.689666771] [mapex_explorer]: Main /plan diagnostic: poses=415, endpoint=(45.59, 8.59), frontier=(45.59, 8.59), endpoint_to_frontier=0.000 m, limit=0.10 m -> usable
[INFO] [1790924683.723876111] [mapex_explorer]: Main /plan diagnostic: poses=405, endpoint=(45.59, 8.59), frontier=(45.59, 8.59), endpoint_to_frontier=0.000 m, limit=0.10 m -> usable
[controller_server-10] [INFO] [1790924683.751329770] [controller_server]: Passing new path to controller.
[INFO] [1790924684.741229503] [mapex_explorer]: Main /plan diagnostic: poses=395, endpoint=(45.59, 8.59), frontier=(45.59, 8.59), endpoint_to_frontier=0.000 m, limit=0.10 m -> usable
[controller_server-10] [INFO] [1790924684.751332127] [controller_server]: Passing new path to controller.
[INFO] [1790924685.788846051] [mapex_explorer]: Main /plan diagnostic: poses=385, endpoint=(45.59, 8.59), frontier=(45.59, 8.59), endpoint_to_frontier=0.000 m, limit=0.10 m -> usable
[controller_server-10] [INFO] [1790924685.818010530] [controller_server]: Passing new path to controller.
[INFO] [1790924686.796581534] [mapex_explorer]: Main /plan diagnostic: poses=375, endpoint=(45.59, 8.59), frontier=(45.59, 8.59), endpoint_to_frontier=0.000 m, limit=0.10 m -> usable
[controller_server-10] [INFO] [1790924686.817996767] [controller_server]: Passing new path to controller.
[INFO] [1790924687.810757347] [mapex_explorer]: Main /plan diagnostic: poses=365, endpoint=(45.59, 8.59), frontier=(45.59, 8.59), endpoint_to_frontier=0.000 m, limit=0.10 m -> usable
[controller_server-10] [INFO] [1790924687.817996629] [controller_server]: Passing new path to controller.
[INFO] [1790924688.858507231] [mapex_explorer]: Main /plan diagnostic: poses=353, endpoint=(45.59, 8.59), frontier=(45.59, 8.59), endpoint_to_frontier=0.000 m, limit=0.10 m -> usable
[controller_server-10] [INFO] [1790924688.884655975] [controller_server]: Passing new path to controller.
[INFO] [1790924689.863062827] [mapex_explorer]: Main /plan diagnostic: poses=343, endpoint=(45.59, 8.59), frontier=(45.59, 8.59), endpoint_to_frontier=0.000 m, limit=0.10 m -> usable
[controller_server-10] [INFO] [1790924689.884655600] [controller_server]: Passing new path to controller.
[INFO] [1790924690.929273191] [mapex_explorer]: Main /plan diagnostic: poses=333, endpoint=(45.59, 8.59), frontier=(45.59, 8.59), endpoint_to_frontier=0.000 m, limit=0.10 m -> usable
[controller_server-10] [INFO] [1790924690.951333028] [controller_server]: Passing new path to controller.
[INFO] [1790924691.908274408] [mapex_explorer]: Main /plan diagnostic: poses=323, endpoint=(45.59, 8.59), frontier=(45.59, 8.59), endpoint_to_frontier=0.000 m, limit=0.10 m -> usable
[controller_server-10] [INFO] [1790924691.951371428] [controller_server]: Passing new path to controller.
[INFO] [1790924692.933011475] [mapex_explorer]: Main /plan diagnostic: poses=313, endpoint=(45.59, 8.59), frontier=(45.59, 8.59), endpoint_to_frontier=0.000 m, limit=0.10 m -> usable
[controller_server-10] [INFO] [1790924692.951391579] [controller_server]: Passing new path to controller.
[INFO] [1790924693.989703208] [mapex_explorer]: Main /plan diagnostic: poses=303, endpoint=(45.59, 8.59), frontier=(45.59, 8.59), endpoint_to_frontier=0.000 m, limit=0.10 m -> usable
[controller_server-10] [INFO] [1790924694.018000633] [controller_server]: Passing new path to controller.
[INFO] [1790924694.984580093] [mapex_explorer]: Main /plan diagnostic: poses=293, endpoint=(45.59, 8.59), frontier=(45.59, 8.59), endpoint_to_frontier=0.000 m, limit=0.10 m -> usable
[controller_server-10] [INFO] [1790924695.018010631] [controller_server]: Passing new path to controller.
[INFO] [1790924696.030722623] [mapex_explorer]: Main /plan diagnostic: poses=283, endpoint=(45.59, 8.59), frontier=(45.59, 8.59), endpoint_to_frontier=0.000 m, limit=0.10 m -> usable
[controller_server-10] [INFO] [1790924696.084719003] [controller_server]: Passing new path to controller.
[INFO] [1790924697.033543650] [mapex_explorer]: Main /plan diagnostic: poses=273, endpoint=(45.59, 8.59), frontier=(45.59, 8.59), endpoint_to_frontier=0.000 m, limit=0.10 m -> usable
[controller_server-10] [INFO] [1790924697.084661008] [controller_server]: Passing new path to controller.
[controller_server-10] [INFO] [1790924698.084690036] [controller_server]: Passing new path to controller.
[INFO] [1790924698.201447933] [mapex_explorer]: Main /plan diagnostic: poses=260, endpoint=(45.59, 8.59), frontier=(45.59, 8.59), endpoint_to_frontier=0.000 m, limit=0.10 m -> usable
[INFO] [1790924699.111074251] [mapex_explorer]: Main /plan diagnostic: poses=250, endpoint=(45.59, 8.59), frontier=(45.59, 8.59), endpoint_to_frontier=0.000 m, limit=0.10 m -> usable
[controller_server-10] [INFO] [1790924699.151354788] [controller_server]: Passing new path to controller.
[INFO] [1790924700.127395062] [mapex_explorer]: Main /plan diagnostic: poses=239, endpoint=(45.59, 8.59), frontier=(45.59, 8.59), endpoint_to_frontier=0.000 m, limit=0.10 m -> usable
[controller_server-10] [INFO] [1790924700.151331355] [controller_server]: Passing new path to controller.
[INFO] [1790924701.152666761] [mapex_explorer]: Main /plan diagnostic: poses=229, endpoint=(45.59, 8.59), frontier=(45.59, 8.59), endpoint_to_frontier=0.000 m, limit=0.10 m -> usable
[controller_server-10] [INFO] [1790924701.217992459] [controller_server]: Passing new path to controller.
[INFO] [1790924702.179815491] [mapex_explorer]: Main /plan diagnostic: poses=219, endpoint=(45.59, 8.59), frontier=(45.59, 8.59), endpoint_to_frontier=0.000 m, limit=0.10 m -> usable
[controller_server-10] [INFO] [1790924702.218030885] [controller_server]: Passing new path to controller.
[INFO] [1790924703.217319379] [mapex_explorer]: Main /plan diagnostic: poses=209, endpoint=(45.59, 8.59), frontier=(45.59, 8.59), endpoint_to_frontier=0.000 m, limit=0.10 m -> usable
[controller_server-10] [INFO] [1790924703.217990949] [controller_server]: Passing new path to controller.
[INFO] [1790924704.243645205] [mapex_explorer]: Main /plan diagnostic: poses=199, endpoint=(45.59, 8.59), frontier=(45.59, 8.59), endpoint_to_frontier=0.000 m, limit=0.10 m -> usable
[controller_server-10] [INFO] [1790924704.284693314] [controller_server]: Passing new path to controller.
[INFO] [1790924705.266642297] [mapex_explorer]: Main /plan diagnostic: poses=189, endpoint=(45.59, 8.59), frontier=(45.59, 8.59), endpoint_to_frontier=0.000 m, limit=0.10 m -> usable
[controller_server-10] [INFO] [1790924705.284709649] [controller_server]: Passing new path to controller.
[controller_server-10] [INFO] [1790924706.351329263] [controller_server]: Passing new path to controller.
[INFO] [1790924706.366993574] [mapex_explorer]: Main /plan diagnostic: poses=179, endpoint=(45.59, 8.59), frontier=(45.59, 8.59), endpoint_to_frontier=0.000 m, limit=0.10 m -> usable
[controller_server-10] [INFO] [1790924707.351324734] [controller_server]: Passing new path to controller.
[INFO] [1790924707.451377352] [mapex_explorer]: Main /plan diagnostic: poses=169, endpoint=(45.59, 8.59), frontier=(45.59, 8.59), endpoint_to_frontier=0.000 m, limit=0.10 m -> usable
[INFO] [1790924708.340266919] [mapex_explorer]: Main /plan diagnostic: poses=159, endpoint=(45.59, 8.59), frontier=(45.59, 8.59), endpoint_to_frontier=0.000 m, limit=0.10 m -> usable
[controller_server-10] [INFO] [1790924708.418006811] [controller_server]: Passing new path to controller.
[INFO] [1790924709.374069274] [mapex_explorer]: Main /plan diagnostic: poses=149, endpoint=(45.59, 8.59), frontier=(45.59, 8.59), endpoint_to_frontier=0.000 m, limit=0.10 m -> usable
[controller_server-10] [INFO] [1790924709.418015782] [controller_server]: Passing new path to controller.
[INFO] [1790924710.407715892] [mapex_explorer]: Main /plan diagnostic: poses=137, endpoint=(45.59, 8.59), frontier=(45.59, 8.59), endpoint_to_frontier=0.000 m, limit=0.10 m -> usable
[controller_server-10] [INFO] [1790924710.418013889] [controller_server]: Passing new path to controller.
[INFO] [1790924711.484625392] [mapex_explorer]: Main /plan diagnostic: poses=127, endpoint=(45.59, 8.59), frontier=(45.59, 8.59), endpoint_to_frontier=0.000 m, limit=0.10 m -> usable
[controller_server-10] [INFO] [1790924711.484656664] [controller_server]: Passing new path to controller.
[INFO] [1790924712.442861954] [mapex_explorer]: Main /plan diagnostic: poses=119, endpoint=(45.59, 8.59), frontier=(45.59, 8.59), endpoint_to_frontier=0.000 m, limit=0.10 m -> usable
[controller_server-10] [INFO] [1790924712.484690502] [controller_server]: Passing new path to controller.
[INFO] [1790924713.473618592] [mapex_explorer]: Main /plan diagnostic: poses=107, endpoint=(45.59, 8.59), frontier=(45.59, 8.59), endpoint_to_frontier=0.000 m, limit=0.10 m -> usable
[controller_server-10] [INFO] [1790924713.484699121] [controller_server]: Passing new path to controller.
[INFO] [1790924714.532206724] [mapex_explorer]: Main /plan diagnostic: poses=97, endpoint=(45.59, 8.59), frontier=(45.59, 8.59), endpoint_to_frontier=0.000 m, limit=0.10 m -> usable
[controller_server-10] [INFO] [1790924714.551338157] [controller_server]: Passing new path to controller.
[INFO] [1790924715.528614605] [mapex_explorer]: Main /plan diagnostic: poses=88, endpoint=(45.59, 8.59), frontier=(45.59, 8.59), endpoint_to_frontier=0.000 m, limit=0.10 m -> usable
[controller_server-10] [INFO] [1790924715.551354202] [controller_server]: Passing new path to controller.
[INFO] [1790924716.561957283] [mapex_explorer]: Main /plan diagnostic: poses=78, endpoint=(45.59, 8.59), frontier=(45.59, 8.59), endpoint_to_frontier=0.000 m, limit=0.10 m -> usable
[controller_server-10] [INFO] [1790924716.618004218] [controller_server]: Passing new path to controller.
[INFO] [1790924717.592078340] [mapex_explorer]: Main /plan diagnostic: poses=68, endpoint=(45.59, 8.59), frontier=(45.59, 8.59), endpoint_to_frontier=0.000 m, limit=0.10 m -> usable
[controller_server-10] [INFO] [1790924717.617993035] [controller_server]: Passing new path to controller.
[INFO] [1790924718.611487327] [mapex_explorer]: Main /plan diagnostic: poses=58, endpoint=(45.59, 8.59), frontier=(45.59, 8.59), endpoint_to_frontier=0.000 m, limit=0.10 m -> usable
[controller_server-10] [INFO] [1790924718.684681951] [controller_server]: Passing new path to controller.
[INFO] [1790924719.631485807] [mapex_explorer]: Main /plan diagnostic: poses=49, endpoint=(45.59, 8.59), frontier=(45.59, 8.59), endpoint_to_frontier=0.000 m, limit=0.10 m -> usable
[controller_server-10] [INFO] [1790924719.684659720] [controller_server]: Passing new path to controller.
[INFO] [1790924720.648369758] [mapex_explorer]: Main /plan diagnostic: poses=38, endpoint=(45.59, 8.59), frontier=(45.59, 8.59), endpoint_to_frontier=0.000 m, limit=0.10 m -> usable
[controller_server-10] [INFO] [1790924720.684683959] [controller_server]: Passing new path to controller.
[INFO] [1790924721.683624140] [mapex_explorer]: Main /plan diagnostic: poses=28, endpoint=(45.59, 8.59), frontier=(45.59, 8.59), endpoint_to_frontier=0.000 m, limit=0.10 m -> usable
[controller_server-10] [INFO] [1790924721.751341452] [controller_server]: Passing new path to controller.
[INFO] [1790924722.706271370] [mapex_explorer]: Main /plan diagnostic: poses=18, endpoint=(45.59, 8.59), frontier=(45.59, 8.59), endpoint_to_frontier=0.000 m, limit=0.10 m -> usable
[controller_server-10] [INFO] [1790924722.751366406] [controller_server]: Passing new path to controller.
[INFO] [1790924723.741412478] [mapex_explorer]: Main /plan diagnostic: poses=12, endpoint=(45.59, 8.59), frontier=(45.59, 8.59), endpoint_to_frontier=0.000 m, limit=0.10 m -> usable
[controller_server-10] [INFO] [1790924723.751324295] [controller_server]: Passing new path to controller.
[controller_server-10] [INFO] [1790924724.753418608] [controller_server]: Reached the goal!
[controller_server-10] [INFO] [1790924724.753570523] [controller_server]: Optimizer reset
[INFO] [1790924724.767533003] [mapex_explorer]: Main /plan diagnostic: poses=6, endpoint=(45.59, 8.59), frontier=(45.59, 8.59), endpoint_to_frontier=0.000 m, limit=0.10 m -> usable
[bt_navigator-15] [INFO] [1790924724.776316138] [bt_navigator]: Goal succeeded
[INFO] [1790924724.778619533] [mapex_explorer]: Goal reached
[INFO] [1790924731.389707736] [mapex_explorer]: MapEx decision 31: selected x=34.39, y=2.80, IG=8.250170, distance=12.34 m, score=0.668396, region=25, candidates=17, near_fallback=False, compute=5.79 s
[bt_navigator-15] [INFO] [1790924731.391398015] [bt_navigator]: Begin navigating from current location (45.42, 8.33) to (34.39, 2.80)
[controller_server-10] [INFO] [1790924731.412123273] [controller_server]: Received a goal, begin computing control effort.
[INFO] [1790924731.553197698] [mapex_explorer]: Main goal accepted
[INFO] [1790924731.634199572] [mapex_explorer]: Main /plan diagnostic: poses=814, endpoint=(34.39, 2.80), frontier=(34.39, 2.80), endpoint_to_frontier=0.000 m, limit=0.10 m -> usable
[controller_server-10] [INFO] [1790924732.479192318] [controller_server]: Passing new path to controller.
[INFO] [1790924732.505126619] [mapex_explorer]: Main /plan diagnostic: poses=809, endpoint=(34.39, 2.80), frontier=(34.39, 2.80), endpoint_to_frontier=0.000 m, limit=0.10 m -> usable
[INFO] [1790924733.470556588] [mapex_explorer]: Main /plan diagnostic: poses=804, endpoint=(34.39, 2.80), frontier=(34.39, 2.80), endpoint_to_frontier=0.000 m, limit=0.10 m -> usable
[controller_server-10] [INFO] [1790924733.479175211] [controller_server]: Passing new path to controller.
[INFO] [1790924734.522107008] [mapex_explorer]: Main /plan diagnostic: poses=804, endpoint=(34.39, 2.80), frontier=(34.39, 2.80), endpoint_to_frontier=0.000 m, limit=0.10 m -> usable
[controller_server-10] [INFO] [1790924734.545839187] [controller_server]: Passing new path to controller.
[controller_server-10] [INFO] [1790924735.545861745] [controller_server]: Passing new path to controller.
[INFO] [1790924735.560142744] [mapex_explorer]: Main /plan diagnostic: poses=799, endpoint=(34.39, 2.80), frontier=(34.39, 2.80), endpoint_to_frontier=0.000 m, limit=0.10 m -> usable
[INFO] [1790924736.552151228] [mapex_explorer]: Main /plan diagnostic: poses=789, endpoint=(34.39, 2.80), frontier=(34.39, 2.80), endpoint_to_frontier=0.000 m, limit=0.10 m -> usable
[controller_server-10] [INFO] [1790924736.612523752] [controller_server]: Passing new path to controller.
[INFO] [1790924737.587764011] [mapex_explorer]: Main /plan diagnostic: poses=779, endpoint=(34.39, 2.80), frontier=(34.39, 2.80), endpoint_to_frontier=0.000 m, limit=0.10 m -> usable
[controller_server-10] [INFO] [1790924737.612511055] [controller_server]: Passing new path to controller.
[controller_server-10] [INFO] [1790924738.612509302] [controller_server]: Passing new path to controller.
[INFO] [1790924738.643142577] [mapex_explorer]: Main /plan diagnostic: poses=769, endpoint=(34.39, 2.80), frontier=(34.39, 2.80), endpoint_to_frontier=0.000 m, limit=0.10 m -> usable
[INFO] [1790924739.653592522] [mapex_explorer]: Main /plan diagnostic: poses=759, endpoint=(34.39, 2.80), frontier=(34.39, 2.80), endpoint_to_frontier=0.000 m, limit=0.10 m -> usable
[controller_server-10] [INFO] [1790924739.679183119] [controller_server]: Passing new path to controller.
[controller_server-10] [INFO] [1790924740.679171246] [controller_server]: Passing new path to controller.
[INFO] [1790924740.724987589] [mapex_explorer]: Main /plan diagnostic: poses=750, endpoint=(34.39, 2.80), frontier=(34.39, 2.80), endpoint_to_frontier=0.000 m, limit=0.10 m -> usable
[INFO] [1790924741.707834780] [mapex_explorer]: Main /plan diagnostic: poses=738, endpoint=(34.39, 2.80), frontier=(34.39, 2.80), endpoint_to_frontier=0.000 m, limit=0.10 m -> usable
[controller_server-10] [INFO] [1790924741.745850378] [controller_server]: Passing new path to controller.
[INFO] [1790924742.730640854] [mapex_explorer]: Main /plan diagnostic: poses=727, endpoint=(34.39, 2.80), frontier=(34.39, 2.80), endpoint_to_frontier=0.000 m, limit=0.10 m -> usable
[controller_server-10] [INFO] [1790924742.745842308] [controller_server]: Passing new path to controller.
[INFO] [1790924743.779649699] [mapex_explorer]: Main /plan diagnostic: poses=719, endpoint=(34.39, 2.80), frontier=(34.39, 2.80), endpoint_to_frontier=0.000 m, limit=0.10 m -> usable
[controller_server-10] [INFO] [1790924743.812513992] [controller_server]: Passing new path to controller.
[INFO] [1790924744.777553187] [mapex_explorer]: Main /plan diagnostic: poses=709, endpoint=(34.39, 2.80), frontier=(34.39, 2.80), endpoint_to_frontier=0.000 m, limit=0.10 m -> usable
[controller_server-10] [INFO] [1790924744.812517546] [controller_server]: Passing new path to controller.
[controller_server-10] [INFO] [1790924745.812508865] [controller_server]: Passing new path to controller.
[INFO] [1790924745.845981331] [mapex_explorer]: Main /plan diagnostic: poses=699, endpoint=(34.39, 2.80), frontier=(34.39, 2.80), endpoint_to_frontier=0.000 m, limit=0.10 m -> usable
[INFO] [1790924746.852072193] [mapex_explorer]: Main /plan diagnostic: poses=687, endpoint=(34.39, 2.80), frontier=(34.39, 2.80), endpoint_to_frontier=0.000 m, limit=0.10 m -> usable
[controller_server-10] [INFO] [1790924746.879172179] [controller_server]: Passing new path to controller.
[INFO] [1790924747.847262771] [mapex_explorer]: Main /plan diagnostic: poses=678, endpoint=(34.39, 2.80), frontier=(34.39, 2.80), endpoint_to_frontier=0.000 m, limit=0.10 m -> usable
[controller_server-10] [INFO] [1790924747.879185996] [controller_server]: Passing new path to controller.
[INFO] [1790924748.878096478] [mapex_explorer]: Main /plan diagnostic: poses=667, endpoint=(34.39, 2.80), frontier=(34.39, 2.80), endpoint_to_frontier=0.000 m, limit=0.10 m -> usable
[controller_server-10] [INFO] [1790924748.945839643] [controller_server]: Passing new path to controller.
[INFO] [1790924749.912301902] [mapex_explorer]: Main /plan diagnostic: poses=658, endpoint=(34.39, 2.80), frontier=(34.39, 2.80), endpoint_to_frontier=0.000 m, limit=0.10 m -> usable
[controller_server-10] [INFO] [1790924749.945846462] [controller_server]: Passing new path to controller.
[INFO] [1790924750.929264462] [mapex_explorer]: Main /plan diagnostic: poses=648, endpoint=(34.39, 2.80), frontier=(34.39, 2.80), endpoint_to_frontier=0.000 m, limit=0.10 m -> usable
[controller_server-10] [INFO] [1790924750.945849008] [controller_server]: Passing new path to controller.
[INFO] [1790924751.999864505] [mapex_explorer]: Main /plan diagnostic: poses=638, endpoint=(34.39, 2.80), frontier=(34.39, 2.80), endpoint_to_frontier=0.000 m, limit=0.10 m -> usable
[controller_server-10] [INFO] [1790924752.012509910] [controller_server]: Passing new path to controller.
[controller_server-10] [INFO] [1790924753.012512585] [controller_server]: Passing new path to controller.
[INFO] [1790924753.042266994] [mapex_explorer]: Main /plan diagnostic: poses=628, endpoint=(34.39, 2.80), frontier=(34.39, 2.80), endpoint_to_frontier=0.000 m, limit=0.10 m -> usable
[INFO] [1790924754.031431308] [mapex_explorer]: Main /plan diagnostic: poses=618, endpoint=(34.39, 2.80), frontier=(34.39, 2.80), endpoint_to_frontier=0.000 m, limit=0.10 m -> usable
[controller_server-10] [INFO] [1790924754.079176301] [controller_server]: Passing new path to controller.
[INFO] [1790924755.043855606] [mapex_explorer]: Main /plan diagnostic: poses=607, endpoint=(34.39, 2.80), frontier=(34.39, 2.80), endpoint_to_frontier=0.000 m, limit=0.10 m -> usable
[controller_server-10] [INFO] [1790924755.079198043] [controller_server]: Passing new path to controller.
[controller_server-10] [INFO] [1790924756.079187608] [controller_server]: Passing new path to controller.
[INFO] [1790924756.111996138] [mapex_explorer]: Main /plan diagnostic: poses=596, endpoint=(34.39, 2.80), frontier=(34.39, 2.80), endpoint_to_frontier=0.000 m, limit=0.10 m -> usable
[INFO] [1790924757.132680131] [mapex_explorer]: Main /plan diagnostic: poses=590, endpoint=(34.39, 2.80), frontier=(34.39, 2.80), endpoint_to_frontier=0.000 m, limit=0.10 m -> usable
[controller_server-10] [INFO] [1790924757.145839361] [controller_server]: Passing new path to controller.
[INFO] [1790924758.141402652] [mapex_explorer]: Main /plan diagnostic: poses=582, endpoint=(34.39, 2.80), frontier=(34.39, 2.80), endpoint_to_frontier=0.000 m, limit=0.10 m -> usable
[controller_server-10] [INFO] [1790924758.145970721] [controller_server]: Passing new path to controller.
[async_slam_toolbox_node-9] W20261002 14:05:58.965699 26986 preprocessor.cc:67] Specified options.num_threads: 50 exceeds maximum available from the threading model Ceres was compiled with: 16.  Bounding to maximum number available.
[async_slam_toolbox_node-9] [INFO] [1790924758.978845839] [slam_toolbox]: Adaptive anchor summary: latest_node=2473, local_edges=2542, loop_history=0, avg_effective_weight=1.114, release_regions=0
[controller_server-10] [INFO] [1790924759.212506746] [controller_server]: Passing new path to controller.
[INFO] [1790924759.274594601] [mapex_explorer]: Main /plan diagnostic: poses=567, endpoint=(34.39, 2.80), frontier=(34.39, 2.80), endpoint_to_frontier=0.000 m, limit=0.10 m -> usable
[controller_server-10] [INFO] [1790924760.076711178] [local_costmap.local_costmap]: StaticLayer: Resizing static layer to 560 X 251 at 0.100000 m/pix
[INFO] [1790924760.198652069] [mapex_explorer]: Main /plan diagnostic: poses=557, endpoint=(34.39, 2.80), frontier=(34.39, 2.80), endpoint_to_frontier=0.000 m, limit=0.10 m -> usable
[controller_server-10] [INFO] [1790924760.212507034] [controller_server]: Passing new path to controller.
[planner_server-12] [INFO] [1790924760.293062367] [global_costmap.global_costmap]: StaticLayer: Resizing costmap to 560 X 251 at 0.100000 m/pix
[controller_server-10] [INFO] [1790924761.212521813] [controller_server]: Passing new path to controller.
[INFO] [1790924761.227291944] [mapex_explorer]: Main /plan diagnostic: poses=544, endpoint=(34.39, 2.80), frontier=(34.39, 2.80), endpoint_to_frontier=0.000 m, limit=0.10 m -> usable
[INFO] [1790924762.279218919] [mapex_explorer]: Main /plan diagnostic: poses=535, endpoint=(34.39, 2.80), frontier=(34.39, 2.80), endpoint_to_frontier=0.000 m, limit=0.10 m -> usable
[controller_server-10] [INFO] [1790924762.279175736] [controller_server]: Passing new path to controller.
[controller_server-10] [INFO] [1790924763.279204556] [controller_server]: Passing new path to controller.
[INFO] [1790924763.299866128] [mapex_explorer]: Main /plan diagnostic: poses=523, endpoint=(34.39, 2.80), frontier=(34.39, 2.80), endpoint_to_frontier=0.000 m, limit=0.10 m -> usable
[INFO] [1790924764.325139920] [mapex_explorer]: Main /plan diagnostic: poses=514, endpoint=(34.39, 2.80), frontier=(34.39, 2.80), endpoint_to_frontier=0.000 m, limit=0.10 m -> usable
[controller_server-10] [INFO] [1790924764.345839859] [controller_server]: Passing new path to controller.
[controller_server-10] [INFO] [1790924765.345907287] [controller_server]: Passing new path to controller.
[INFO] [1790924765.348453113] [mapex_explorer]: Main /plan diagnostic: poses=502, endpoint=(34.39, 2.80), frontier=(34.39, 2.80), endpoint_to_frontier=0.000 m, limit=0.10 m -> usable
[INFO] [1790924766.364433482] [mapex_explorer]: Main /plan diagnostic: poses=494, endpoint=(34.39, 2.80), frontier=(34.39, 2.80), endpoint_to_frontier=0.000 m, limit=0.10 m -> usable
[controller_server-10] [INFO] [1790924766.412525089] [controller_server]: Passing new path to controller.
[controller_server-10] [INFO] [1790924767.412545607] [controller_server]: Passing new path to controller.
[INFO] [1790924767.423592813] [mapex_explorer]: Main /plan diagnostic: poses=483, endpoint=(34.39, 2.80), frontier=(34.39, 2.80), endpoint_to_frontier=0.000 m, limit=0.10 m -> usable
[controller_server-10] [INFO] [1790924768.412509554] [controller_server]: Passing new path to controller.
[INFO] [1790924768.420617632] [mapex_explorer]: Main /plan diagnostic: poses=473, endpoint=(34.39, 2.80), frontier=(34.39, 2.80), endpoint_to_frontier=0.000 m, limit=0.10 m -> usable
[INFO] [1790924769.465507587] [mapex_explorer]: Main /plan diagnostic: poses=463, endpoint=(34.39, 2.80), frontier=(34.39, 2.80), endpoint_to_frontier=0.000 m, limit=0.10 m -> usable
[controller_server-10] [INFO] [1790924769.479217798] [controller_server]: Passing new path to controller.
[INFO] [1790924770.471620315] [mapex_explorer]: Main /plan diagnostic: poses=454, endpoint=(34.39, 2.80), frontier=(34.39, 2.80), endpoint_to_frontier=0.000 m, limit=0.10 m -> usable
[controller_server-10] [INFO] [1790924770.479197589] [controller_server]: Passing new path to controller.
[controller_server-10] [INFO] [1790924771.545839378] [controller_server]: Passing new path to controller.
[INFO] [1790924771.590722492] [mapex_explorer]: Main /plan diagnostic: poses=443, endpoint=(34.39, 2.80), frontier=(34.39, 2.80), endpoint_to_frontier=0.000 m, limit=0.10 m -> usable
[controller_server-10] [INFO] [1790924772.545859189] [controller_server]: Passing new path to controller.
[INFO] [1790924772.605982029] [mapex_explorer]: Main /plan diagnostic: poses=431, endpoint=(34.39, 2.80), frontier=(34.39, 2.80), endpoint_to_frontier=0.000 m, limit=0.10 m -> usable
[async_slam_toolbox_node-9] W20261002 14:06:12.634521 26986 preprocessor.cc:67] Specified options.num_threads: 50 exceeds maximum available from the threading model Ceres was compiled with: 16.  Bounding to maximum number available.
[async_slam_toolbox_node-9] [INFO] [1790924772.646528125] [slam_toolbox]: Adaptive anchor summary: latest_node=2523, local_edges=2592, loop_history=0, avg_effective_weight=1.112, release_regions=0
[rviz2-7] [INFO] [1790924772.911818459] [rviz2]: Trying to create a map of size 561 x 251 using 1 swatches
[controller_server-10] [INFO] [1790924773.076697873] [local_costmap.local_costmap]: StaticLayer: Resizing static layer to 561 X 251 at 0.100000 m/pix
[planner_server-12] [INFO] [1790924773.293053699] [global_costmap.global_costmap]: StaticLayer: Resizing costmap to 561 X 251 at 0.100000 m/pix
[INFO] [1790924773.563611419] [mapex_explorer]: Main /plan diagnostic: poses=423, endpoint=(34.39, 2.80), frontier=(34.39, 2.80), endpoint_to_frontier=0.000 m, limit=0.10 m -> usable
[controller_server-10] [INFO] [1790924773.612525841] [controller_server]: Passing new path to controller.
[INFO] [1790924774.612543806] [mapex_explorer]: Main /plan diagnostic: poses=414, endpoint=(34.39, 2.80), frontier=(34.39, 2.80), endpoint_to_frontier=0.000 m, limit=0.10 m -> usable
[controller_server-10] [INFO] [1790924774.612521773] [controller_server]: Passing new path to controller.
[controller_server-10] [INFO] [1790924775.612615659] [controller_server]: Passing new path to controller.
[INFO] [1790924775.641249870] [mapex_explorer]: Main /plan diagnostic: poses=401, endpoint=(34.39, 2.80), frontier=(34.39, 2.80), endpoint_to_frontier=0.000 m, limit=0.10 m -> usable
[INFO] [1790924776.656443805] [mapex_explorer]: Main /plan diagnostic: poses=392, endpoint=(34.39, 2.80), frontier=(34.39, 2.80), endpoint_to_frontier=0.000 m, limit=0.10 m -> usable
[controller_server-10] [INFO] [1790924776.679201157] [controller_server]: Passing new path to controller.
[controller_server-10] [INFO] [1790924777.679194176] [controller_server]: Passing new path to controller.
[INFO] [1790924777.691240446] [mapex_explorer]: Main /plan diagnostic: poses=385, endpoint=(34.39, 2.80), frontier=(34.39, 2.80), endpoint_to_frontier=0.000 m, limit=0.10 m -> usable
[INFO] [1790924778.689726443] [mapex_explorer]: Main /plan diagnostic: poses=372, endpoint=(34.39, 2.80), frontier=(34.39, 2.80), endpoint_to_frontier=0.000 m, limit=0.10 m -> usable
[controller_server-10] [INFO] [1790924778.745840863] [controller_server]: Passing new path to controller.
[controller_server-10] [INFO] [1790924779.745840963] [controller_server]: Passing new path to controller.
[INFO] [1790924779.827982963] [mapex_explorer]: Main /plan diagnostic: poses=365, endpoint=(34.39, 2.80), frontier=(34.39, 2.80), endpoint_to_frontier=0.000 m, limit=0.10 m -> usable
[INFO] [1790924780.745966257] [mapex_explorer]: Main /plan diagnostic: poses=353, endpoint=(34.39, 2.80), frontier=(34.39, 2.80), endpoint_to_frontier=0.000 m, limit=0.10 m -> usable
[controller_server-10] [INFO] [1790924780.745852645] [controller_server]: Passing new path to controller.
[INFO] [1790924781.764899382] [mapex_explorer]: Main /plan diagnostic: poses=343, endpoint=(34.39, 2.80), frontier=(34.39, 2.80), endpoint_to_frontier=0.000 m, limit=0.10 m -> usable
[controller_server-10] [INFO] [1790924781.812536088] [controller_server]: Passing new path to controller.
[INFO] [1790924782.791003441] [mapex_explorer]: Main /plan diagnostic: poses=333, endpoint=(34.39, 2.80), frontier=(34.39, 2.80), endpoint_to_frontier=0.000 m, limit=0.10 m -> usable
[controller_server-10] [INFO] [1790924782.812544249] [controller_server]: Passing new path to controller.
[INFO] [1790924783.837892320] [mapex_explorer]: Main /plan diagnostic: poses=323, endpoint=(34.39, 2.80), frontier=(34.39, 2.80), endpoint_to_frontier=0.000 m, limit=0.10 m -> usable
[controller_server-10] [INFO] [1790924783.879178349] [controller_server]: Passing new path to controller.
[INFO] [1790924784.849030842] [mapex_explorer]: Main /plan diagnostic: poses=313, endpoint=(34.39, 2.80), frontier=(34.39, 2.80), endpoint_to_frontier=0.000 m, limit=0.10 m -> usable
[controller_server-10] [INFO] [1790924784.879200897] [controller_server]: Passing new path to controller.
[async_slam_toolbox_node-9] W20261002 14:06:24.955726 26986 preprocessor.cc:67] Specified options.num_threads: 50 exceeds maximum available from the threading model Ceres was compiled with: 16.  Bounding to maximum number available.
[INFO] [1790924785.870503450] [mapex_explorer]: Main /plan diagnostic: poses=301, endpoint=(34.39, 2.80), frontier=(34.39, 2.80), endpoint_to_frontier=0.000 m, limit=0.10 m -> usable
[controller_server-10] [INFO] [1790924785.945867435] [controller_server]: Passing new path to controller.
[controller_server-10] [INFO] [1790924786.076699999] [local_costmap.local_costmap]: StaticLayer: Resizing static layer to 561 X 251 at 0.100000 m/pix
[planner_server-12] [INFO] [1790924786.293088696] [global_costmap.global_costmap]: StaticLayer: Resizing costmap to 561 X 251 at 0.100000 m/pix
[INFO] [1790924786.891056145] [mapex_explorer]: Main /plan diagnostic: poses=293, endpoint=(34.39, 2.80), frontier=(34.39, 2.80), endpoint_to_frontier=0.000 m, limit=0.10 m -> usable
[controller_server-10] [INFO] [1790924786.945846191] [controller_server]: Passing new path to controller.
[INFO] [1790924787.921004795] [mapex_explorer]: Main /plan diagnostic: poses=283, endpoint=(34.39, 2.80), frontier=(34.39, 2.80), endpoint_to_frontier=0.000 m, limit=0.10 m -> usable
[controller_server-10] [INFO] [1790924787.945866505] [controller_server]: Passing new path to controller.
[INFO] [1790924788.959621421] [mapex_explorer]: Main /plan diagnostic: poses=271, endpoint=(34.39, 2.80), frontier=(34.39, 2.80), endpoint_to_frontier=0.000 m, limit=0.10 m -> usable
[controller_server-10] [INFO] [1790924789.012509665] [controller_server]: Passing new path to controller.
[async_slam_toolbox_node-9] W20261002 14:06:29.085768 26986 preprocessor.cc:67] Specified options.num_threads: 50 exceeds maximum available from the threading model Ceres was compiled with: 16.  Bounding to maximum number available.
[INFO] [1790924790.007778603] [mapex_explorer]: Main /plan diagnostic: poses=261, endpoint=(34.39, 2.80), frontier=(34.39, 2.80), endpoint_to_frontier=0.000 m, limit=0.10 m -> usable
[controller_server-10] [INFO] [1790924790.012538365] [controller_server]: Passing new path to controller.
[controller_server-10] [INFO] [1790924790.076717305] [local_costmap.local_costmap]: StaticLayer: Resizing static layer to 561 X 251 at 0.100000 m/pix
[planner_server-12] [INFO] [1790924790.293023319] [global_costmap.global_costmap]: StaticLayer: Resizing costmap to 561 X 251 at 0.100000 m/pix
[controller_server-10] [INFO] [1790924791.012504856] [controller_server]: Passing new path to controller.
[INFO] [1790924791.016284856] [mapex_explorer]: Main /plan diagnostic: poses=254, endpoint=(34.39, 2.80), frontier=(34.39, 2.80), endpoint_to_frontier=0.000 m, limit=0.10 m -> usable
[INFO] [1790924792.034846635] [mapex_explorer]: Main /plan diagnostic: poses=242, endpoint=(34.39, 2.80), frontier=(34.39, 2.80), endpoint_to_frontier=0.000 m, limit=0.10 m -> usable
[controller_server-10] [INFO] [1790924792.079179971] [controller_server]: Passing new path to controller.
[async_slam_toolbox_node-9] W20261002 14:06:32.089727 26986 preprocessor.cc:67] Specified options.num_threads: 50 exceeds maximum available from the threading model Ceres was compiled with: 16.  Bounding to maximum number available.
[async_slam_toolbox_node-9] [INFO] [1790924792.115143276] [slam_toolbox]: Adaptive anchor summary: latest_node=2579, local_edges=2648, loop_history=0, avg_effective_weight=1.109, release_regions=0
[controller_server-10] [INFO] [1790924793.076723304] [local_costmap.local_costmap]: StaticLayer: Resizing static layer to 561 X 251 at 0.100000 m/pix
[INFO] [1790924793.077858310] [mapex_explorer]: Main /plan diagnostic: poses=234, endpoint=(34.39, 2.80), frontier=(34.39, 2.80), endpoint_to_frontier=0.000 m, limit=0.10 m -> usable
[controller_server-10] [INFO] [1790924793.079201234] [controller_server]: Passing new path to controller.
[planner_server-12] [INFO] [1790924793.293072865] [global_costmap.global_costmap]: StaticLayer: Resizing costmap to 561 X 251 at 0.100000 m/pix
[INFO] [1790924794.107622365] [mapex_explorer]: Main /plan diagnostic: poses=221, endpoint=(34.39, 2.80), frontier=(34.39, 2.80), endpoint_to_frontier=0.000 m, limit=0.10 m -> usable
[controller_server-10] [INFO] [1790924794.145859370] [controller_server]: Passing new path to controller.
[controller_server-10] [INFO] [1790924795.145840999] [controller_server]: Passing new path to controller.
[INFO] [1790924795.193531635] [mapex_explorer]: Main /plan diagnostic: poses=213, endpoint=(34.39, 2.80), frontier=(34.39, 2.80), endpoint_to_frontier=0.000 m, limit=0.10 m -> usable
[INFO] [1790924796.139631722] [mapex_explorer]: Main /plan diagnostic: poses=203, endpoint=(34.39, 2.80), frontier=(34.39, 2.80), endpoint_to_frontier=0.000 m, limit=0.10 m -> usable
[controller_server-10] [INFO] [1790924796.212536822] [controller_server]: Passing new path to controller.
[async_slam_toolbox_node-9] W20261002 14:06:36.292762 26986 preprocessor.cc:67] Specified options.num_threads: 50 exceeds maximum available from the threading model Ceres was compiled with: 16.  Bounding to maximum number available.
[controller_server-10] [INFO] [1790924797.076725577] [local_costmap.local_costmap]: StaticLayer: Resizing static layer to 561 X 251 at 0.100000 m/pix
[INFO] [1790924797.209546314] [mapex_explorer]: Main /plan diagnostic: poses=192, endpoint=(34.39, 2.80), frontier=(34.39, 2.80), endpoint_to_frontier=0.000 m, limit=0.10 m -> usable
[controller_server-10] [INFO] [1790924797.212533534] [controller_server]: Passing new path to controller.
[planner_server-12] [INFO] [1790924797.293055663] [global_costmap.global_costmap]: StaticLayer: Resizing costmap to 561 X 251 at 0.100000 m/pix
[INFO] [1790924798.187351299] [mapex_explorer]: Main /plan diagnostic: poses=183, endpoint=(34.39, 2.80), frontier=(34.39, 2.80), endpoint_to_frontier=0.000 m, limit=0.10 m -> usable
[controller_server-10] [INFO] [1790924798.212530657] [controller_server]: Passing new path to controller.
[INFO] [1790924799.222163599] [mapex_explorer]: Main /plan diagnostic: poses=168, endpoint=(34.39, 2.80), frontier=(34.39, 2.80), endpoint_to_frontier=0.000 m, limit=0.10 m -> usable
[controller_server-10] [INFO] [1790924799.279215554] [controller_server]: Passing new path to controller.
[INFO] [1790924800.227516802] [mapex_explorer]: Main /plan diagnostic: poses=161, endpoint=(34.39, 2.80), frontier=(34.39, 2.80), endpoint_to_frontier=0.000 m, limit=0.10 m -> usable
[controller_server-10] [INFO] [1790924800.279219252] [controller_server]: Passing new path to controller.
[INFO] [1790924801.266240391] [mapex_explorer]: Main /plan diagnostic: poses=151, endpoint=(34.39, 2.80), frontier=(34.39, 2.80), endpoint_to_frontier=0.000 m, limit=0.10 m -> usable
[controller_server-10] [INFO] [1790924801.279171902] [controller_server]: Passing new path to controller.
[INFO] [1790924802.290479763] [mapex_explorer]: Main /plan diagnostic: poses=140, endpoint=(34.39, 2.80), frontier=(34.39, 2.80), endpoint_to_frontier=0.000 m, limit=0.10 m -> usable
[controller_server-10] [INFO] [1790924802.345852668] [controller_server]: Passing new path to controller.
[INFO] [1790924803.323389459] [mapex_explorer]: Main /plan diagnostic: poses=130, endpoint=(34.39, 2.80), frontier=(34.39, 2.80), endpoint_to_frontier=0.000 m, limit=0.10 m -> usable
[controller_server-10] [INFO] [1790924803.345862179] [controller_server]: Passing new path to controller.
[INFO] [1790924804.405393752] [mapex_explorer]: Main /plan diagnostic: poses=120, endpoint=(34.39, 2.80), frontier=(34.39, 2.80), endpoint_to_frontier=0.000 m, limit=0.10 m -> usable
[controller_server-10] [INFO] [1790924804.412533614] [controller_server]: Passing new path to controller.
[INFO] [1790924805.367520921] [mapex_explorer]: Main /plan diagnostic: poses=109, endpoint=(34.39, 2.80), frontier=(34.39, 2.80), endpoint_to_frontier=0.000 m, limit=0.10 m -> usable
[controller_server-10] [INFO] [1790924805.412799850] [controller_server]: Passing new path to controller.
[INFO] [1790924806.388290388] [mapex_explorer]: Main /plan diagnostic: poses=99, endpoint=(34.39, 2.80), frontier=(34.39, 2.80), endpoint_to_frontier=0.000 m, limit=0.10 m -> usable
[controller_server-10] [INFO] [1790924806.412539703] [controller_server]: Passing new path to controller.
[INFO] [1790924807.469428311] [mapex_explorer]: Main /plan diagnostic: poses=89, endpoint=(34.39, 2.80), frontier=(34.39, 2.80), endpoint_to_frontier=0.000 m, limit=0.10 m -> usable
[controller_server-10] [INFO] [1790924807.479209174] [controller_server]: Passing new path to controller.
[INFO] [1790924808.450090623] [mapex_explorer]: Main /plan diagnostic: poses=79, endpoint=(34.39, 2.80), frontier=(34.39, 2.80), endpoint_to_frontier=0.000 m, limit=0.10 m -> usable
[controller_server-10] [INFO] [1790924808.479204656] [controller_server]: Passing new path to controller.
[controller_server-10] [INFO] [1790924809.479270920] [controller_server]: Passing new path to controller.
[INFO] [1790924809.506930380] [mapex_explorer]: Main /plan diagnostic: poses=69, endpoint=(34.39, 2.80), frontier=(34.39, 2.80), endpoint_to_frontier=0.000 m, limit=0.10 m -> usable
[INFO] [1790924810.510345870] [mapex_explorer]: Main /plan diagnostic: poses=59, endpoint=(34.39, 2.80), frontier=(34.39, 2.80), endpoint_to_frontier=0.000 m, limit=0.10 m -> usable
[controller_server-10] [INFO] [1790924810.545839261] [controller_server]: Passing new path to controller.
[INFO] [1790924811.536688187] [mapex_explorer]: Main /plan diagnostic: poses=49, endpoint=(34.39, 2.80), frontier=(34.39, 2.80), endpoint_to_frontier=0.000 m, limit=0.10 m -> usable
[controller_server-10] [INFO] [1790924811.545839642] [controller_server]: Passing new path to controller.
[INFO] [1790924812.546742541] [mapex_explorer]: Main /plan diagnostic: poses=40, endpoint=(34.39, 2.80), frontier=(34.39, 2.80), endpoint_to_frontier=0.000 m, limit=0.10 m -> usable
[controller_server-10] [INFO] [1790924812.612539244] [controller_server]: Passing new path to controller.
[INFO] [1790924813.565229795] [mapex_explorer]: Main /plan diagnostic: poses=29, endpoint=(34.39, 2.80), frontier=(34.39, 2.80), endpoint_to_frontier=0.000 m, limit=0.10 m -> usable
[controller_server-10] [INFO] [1790924813.612534105] [controller_server]: Passing new path to controller.
[INFO] [1790924814.607425496] [mapex_explorer]: Main /plan diagnostic: poses=20, endpoint=(34.39, 2.80), frontier=(34.39, 2.80), endpoint_to_frontier=0.000 m, limit=0.10 m -> usable
[controller_server-10] [INFO] [1790924814.612507500] [controller_server]: Passing new path to controller.
[INFO] [1790924815.634039960] [mapex_explorer]: Main /plan diagnostic: poses=14, endpoint=(34.39, 2.80), frontier=(34.39, 2.80), endpoint_to_frontier=0.000 m, limit=0.10 m -> usable
[controller_server-10] [INFO] [1790924815.679188432] [controller_server]: Passing new path to controller.
[controller_server-10] [INFO] [1790924816.547112182] [controller_server]: Reached the goal!
[controller_server-10] [INFO] [1790924816.547266627] [controller_server]: Optimizer reset
[bt_navigator-15] [INFO] [1790924816.571788487] [bt_navigator]: Goal succeeded
[INFO] [1790924816.583371712] [mapex_explorer]: Goal reached
[INFO] [1790924823.789609700] [mapex_explorer]: MapEx decision 32: selected x=28.59, y=-1.20, IG=9.864313, distance=6.70 m, score=1.471814, region=33, candidates=16, near_fallback=False, compute=6.20 s
[bt_navigator-15] [INFO] [1790924823.790575250] [bt_navigator]: Begin navigating from current location (34.09, 2.62) to (28.59, -1.20)
[controller_server-10] [INFO] [1790924823.811199578] [controller_server]: Received a goal, begin computing control effort.
[INFO] [1790924824.069893009] [mapex_explorer]: Main goal accepted
[INFO] [1790924824.285000592] [mapex_explorer]: Main /plan diagnostic: poses=303, endpoint=(28.59, -1.20), frontier=(28.59, -1.20), endpoint_to_frontier=0.000 m, limit=0.10 m -> usable
[INFO] [1790924824.829061461] [mapex_explorer]: Main /plan diagnostic: poses=296, endpoint=(28.59, -1.20), frontier=(28.59, -1.20), endpoint_to_frontier=0.000 m, limit=0.10 m -> usable
[controller_server-10] [INFO] [1790924824.877993496] [controller_server]: Passing new path to controller.
[controller_server-10] [INFO] [1790924825.877992448] [controller_server]: Passing new path to controller.
[INFO] [1790924825.880042613] [mapex_explorer]: Main /plan diagnostic: poses=288, endpoint=(28.59, -1.20), frontier=(28.59, -1.20), endpoint_to_frontier=0.000 m, limit=0.10 m -> usable
[INFO] [1790924826.889585809] [mapex_explorer]: Main /plan diagnostic: poses=282, endpoint=(28.59, -1.20), frontier=(28.59, -1.20), endpoint_to_frontier=0.000 m, limit=0.10 m -> usable
[controller_server-10] [INFO] [1790924826.944666698] [controller_server]: Passing new path to controller.
[INFO] [1790924827.940959053] [mapex_explorer]: Main /plan diagnostic: poses=274, endpoint=(28.59, -1.20), frontier=(28.59, -1.20), endpoint_to_frontier=0.000 m, limit=0.10 m -> usable
[controller_server-10] [INFO] [1790924827.944684545] [controller_server]: Passing new path to controller.
[INFO] [1790924828.945199385] [mapex_explorer]: Main /plan diagnostic: poses=268, endpoint=(28.59, -1.20), frontier=(28.59, -1.20), endpoint_to_frontier=0.000 m, limit=0.10 m -> usable
[controller_server-10] [INFO] [1790924829.011333497] [controller_server]: Passing new path to controller.
[INFO] [1790924829.964480689] [mapex_explorer]: Main /plan diagnostic: poses=260, endpoint=(28.59, -1.20), frontier=(28.59, -1.20), endpoint_to_frontier=0.000 m, limit=0.10 m -> usable
[controller_server-10] [INFO] [1790924830.011355349] [controller_server]: Passing new path to controller.
[controller_server-10] [INFO] [1790924831.011327144] [controller_server]: Passing new path to controller.
[INFO] [1790924831.021228740] [mapex_explorer]: Main /plan diagnostic: poses=254, endpoint=(28.59, -1.20), frontier=(28.59, -1.20), endpoint_to_frontier=0.000 m, limit=0.10 m -> usable
[controller_server-10] [INFO] [1790924832.077994783] [controller_server]: Passing new path to controller.
[INFO] [1790924832.187653331] [mapex_explorer]: Main /plan diagnostic: poses=246, endpoint=(28.59, -1.20), frontier=(28.59, -1.20), endpoint_to_frontier=0.000 m, limit=0.10 m -> usable
[INFO] [1790924833.047002824] [mapex_explorer]: Main /plan diagnostic: poses=240, endpoint=(28.59, -1.20), frontier=(28.59, -1.20), endpoint_to_frontier=0.000 m, limit=0.10 m -> usable
[controller_server-10] [INFO] [1790924833.078020368] [controller_server]: Passing new path to controller.
[controller_server-10] [INFO] [1790924834.077992494] [controller_server]: Passing new path to controller.
[INFO] [1790924834.150007851] [mapex_explorer]: Main /plan diagnostic: poses=232, endpoint=(28.59, -1.20), frontier=(28.59, -1.20), endpoint_to_frontier=0.000 m, limit=0.10 m -> usable
[INFO] [1790924835.126096890] [mapex_explorer]: Main /plan diagnostic: poses=224, endpoint=(28.59, -1.20), frontier=(28.59, -1.20), endpoint_to_frontier=0.000 m, limit=0.10 m -> usable
[controller_server-10] [INFO] [1790924835.144699781] [controller_server]: Passing new path to controller.
[INFO] [1790924836.119165468] [mapex_explorer]: Main /plan diagnostic: poses=218, endpoint=(28.59, -1.20), frontier=(28.59, -1.20), endpoint_to_frontier=0.000 m, limit=0.10 m -> usable
[controller_server-10] [INFO] [1790924836.144704595] [controller_server]: Passing new path to controller.
[INFO] [1790924837.188811850] [mapex_explorer]: Main /plan diagnostic: poses=211, endpoint=(28.59, -1.20), frontier=(28.59, -1.20), endpoint_to_frontier=0.000 m, limit=0.10 m -> usable
[controller_server-10] [INFO] [1790924837.211327757] [controller_server]: Passing new path to controller.
[INFO] [1790924838.169287603] [mapex_explorer]: Main /plan diagnostic: poses=204, endpoint=(28.59, -1.20), frontier=(28.59, -1.20), endpoint_to_frontier=0.000 m, limit=0.10 m -> usable
[controller_server-10] [INFO] [1790924838.211328214] [controller_server]: Passing new path to controller.
[async_slam_toolbox_node-9] W20261002 14:07:19.048332 26986 preprocessor.cc:67] Specified options.num_threads: 50 exceeds maximum available from the threading model Ceres was compiled with: 16.  Bounding to maximum number available.
[async_slam_toolbox_node-9] [INFO] [1790924839.068535877] [slam_toolbox]: Adaptive anchor summary: latest_node=2709, local_edges=2781, loop_history=0, avg_effective_weight=1.104, release_regions=0
[INFO] [1790924839.226897976] [mapex_explorer]: Main /plan diagnostic: poses=198, endpoint=(28.59, -1.20), frontier=(28.59, -1.20), endpoint_to_frontier=0.000 m, limit=0.10 m -> usable
[controller_server-10] [INFO] [1790924839.278013842] [controller_server]: Passing new path to controller.
[controller_server-10] [INFO] [1790924840.076717325] [local_costmap.local_costmap]: StaticLayer: Resizing static layer to 561 X 251 at 0.100000 m/pix
[INFO] [1790924840.242797986] [mapex_explorer]: Main /plan diagnostic: poses=197, endpoint=(28.59, -1.20), frontier=(28.59, -1.20), endpoint_to_frontier=0.000 m, limit=0.10 m -> usable
[controller_server-10] [INFO] [1790924840.277992787] [controller_server]: Passing new path to controller.
[planner_server-12] [INFO] [1790924840.293304627] [global_costmap.global_costmap]: StaticLayer: Resizing costmap to 561 X 251 at 0.100000 m/pix
[controller_server-10] [INFO] [1790924841.277995309] [controller_server]: Passing new path to controller.
[INFO] [1790924841.333212292] [mapex_explorer]: Main /plan diagnostic: poses=197, endpoint=(28.59, -1.20), frontier=(28.59, -1.20), endpoint_to_frontier=0.000 m, limit=0.10 m -> usable
[INFO] [1790924842.288783038] [mapex_explorer]: Main /plan diagnostic: poses=184, endpoint=(28.59, -1.20), frontier=(28.59, -1.20), endpoint_to_frontier=0.000 m, limit=0.10 m -> usable
[controller_server-10] [INFO] [1790924842.344661586] [controller_server]: Passing new path to controller.
[INFO] [1790924843.343799293] [mapex_explorer]: Main /plan diagnostic: poses=176, endpoint=(28.59, -1.20), frontier=(28.59, -1.20), endpoint_to_frontier=0.000 m, limit=0.10 m -> usable
[controller_server-10] [INFO] [1790924843.344666705] [controller_server]: Passing new path to controller.
[INFO] [1790924844.390791485] [mapex_explorer]: Main /plan diagnostic: poses=163, endpoint=(28.59, -1.20), frontier=(28.59, -1.20), endpoint_to_frontier=0.000 m, limit=0.10 m -> usable
[controller_server-10] [INFO] [1790924844.411328055] [controller_server]: Passing new path to controller.
[async_slam_toolbox_node-9] W20261002 14:07:24.943861 26986 preprocessor.cc:67] Specified options.num_threads: 50 exceeds maximum available from the threading model Ceres was compiled with: 16.  Bounding to maximum number available.
[INFO] [1790924845.380265072] [mapex_explorer]: Main /plan diagnostic: poses=151, endpoint=(28.59, -1.20), frontier=(28.59, -1.20), endpoint_to_frontier=0.000 m, limit=0.10 m -> usable
[controller_server-10] [INFO] [1790924845.411334509] [controller_server]: Passing new path to controller.
[controller_server-10] [INFO] [1790924846.076755454] [local_costmap.local_costmap]: StaticLayer: Resizing static layer to 561 X 251 at 0.100000 m/pix
[planner_server-12] [INFO] [1790924846.293727133] [global_costmap.global_costmap]: StaticLayer: Resizing costmap to 561 X 251 at 0.100000 m/pix
[controller_server-10] [INFO] [1790924846.411333215] [controller_server]: Passing new path to controller.
[INFO] [1790924846.425227050] [mapex_explorer]: Main /plan diagnostic: poses=142, endpoint=(28.59, -1.20), frontier=(28.59, -1.20), endpoint_to_frontier=0.000 m, limit=0.10 m -> usable
[INFO] [1790924847.439255484] [mapex_explorer]: Main /plan diagnostic: poses=130, endpoint=(28.59, -1.20), frontier=(28.59, -1.20), endpoint_to_frontier=0.000 m, limit=0.10 m -> usable
[controller_server-10] [INFO] [1790924847.478003081] [controller_server]: Passing new path to controller.
[INFO] [1790924848.473128782] [mapex_explorer]: Main /plan diagnostic: poses=121, endpoint=(28.59, -1.20), frontier=(28.59, -1.20), endpoint_to_frontier=0.000 m, limit=0.10 m -> usable
[controller_server-10] [INFO] [1790924848.477995298] [controller_server]: Passing new path to controller.
[INFO] [1790924849.461872830] [mapex_explorer]: Main /plan diagnostic: poses=111, endpoint=(28.59, -1.20), frontier=(28.59, -1.20), endpoint_to_frontier=0.000 m, limit=0.10 m -> usable
[controller_server-10] [INFO] [1790924849.478024048] [controller_server]: Passing new path to controller.
[INFO] [1790924850.488924751] [mapex_explorer]: Main /plan diagnostic: poses=102, endpoint=(28.59, -1.20), frontier=(28.59, -1.20), endpoint_to_frontier=0.000 m, limit=0.10 m -> usable
[controller_server-10] [INFO] [1790924850.544660320] [controller_server]: Passing new path to controller.
[INFO] [1790924851.507050236] [mapex_explorer]: Main /plan diagnostic: poses=93, endpoint=(28.59, -1.20), frontier=(28.59, -1.20), endpoint_to_frontier=0.000 m, limit=0.10 m -> usable
[controller_server-10] [INFO] [1790924851.544707365] [controller_server]: Passing new path to controller.
[async_slam_toolbox_node-9] W20261002 14:07:31.574513 26986 preprocessor.cc:67] Specified options.num_threads: 50 exceeds maximum available from the threading model Ceres was compiled with: 16.  Bounding to maximum number available.
[controller_server-10] [INFO] [1790924852.076736374] [local_costmap.local_costmap]: StaticLayer: Resizing static layer to 561 X 251 at 0.100000 m/pix
[planner_server-12] [INFO] [1790924852.293071628] [global_costmap.global_costmap]: StaticLayer: Resizing costmap to 561 X 251 at 0.100000 m/pix
[INFO] [1790924852.572187312] [mapex_explorer]: Main /plan diagnostic: poses=82, endpoint=(28.59, -1.20), frontier=(28.59, -1.20), endpoint_to_frontier=0.000 m, limit=0.10 m -> usable
[controller_server-10] [INFO] [1790924852.611350554] [controller_server]: Passing new path to controller.
[INFO] [1790924853.567963173] [mapex_explorer]: Main /plan diagnostic: poses=73, endpoint=(28.59, -1.20), frontier=(28.59, -1.20), endpoint_to_frontier=0.000 m, limit=0.10 m -> usable
[controller_server-10] [INFO] [1790924853.611330025] [controller_server]: Passing new path to controller.
[INFO] [1790924854.596991961] [mapex_explorer]: Main /plan diagnostic: poses=64, endpoint=(28.59, -1.20), frontier=(28.59, -1.20), endpoint_to_frontier=0.000 m, limit=0.10 m -> usable
[controller_server-10] [INFO] [1790924854.611337877] [controller_server]: Passing new path to controller.
[INFO] [1790924855.628080869] [mapex_explorer]: Main /plan diagnostic: poses=53, endpoint=(28.59, -1.20), frontier=(28.59, -1.20), endpoint_to_frontier=0.000 m, limit=0.10 m -> usable
[controller_server-10] [INFO] [1790924855.678018571] [controller_server]: Passing new path to controller.
[INFO] [1790924856.640639277] [mapex_explorer]: Main /plan diagnostic: poses=44, endpoint=(28.59, -1.20), frontier=(28.59, -1.20), endpoint_to_frontier=0.000 m, limit=0.10 m -> usable
[controller_server-10] [INFO] [1790924856.678004658] [controller_server]: Passing new path to controller.
[INFO] [1790924857.691610995] [mapex_explorer]: Main /plan diagnostic: poses=30, endpoint=(28.59, -1.20), frontier=(28.59, -1.20), endpoint_to_frontier=0.000 m, limit=0.10 m -> usable
[controller_server-10] [INFO] [1790924857.744696235] [controller_server]: Passing new path to controller.
[INFO] [1790924858.721380012] [mapex_explorer]: Main /plan diagnostic: poses=22, endpoint=(28.59, -1.20), frontier=(28.59, -1.20), endpoint_to_frontier=0.000 m, limit=0.10 m -> usable
[controller_server-10] [INFO] [1790924858.744693015] [controller_server]: Passing new path to controller.
[INFO] [1790924859.727262615] [mapex_explorer]: Main /plan diagnostic: poses=14, endpoint=(28.59, -1.20), frontier=(28.59, -1.20), endpoint_to_frontier=0.000 m, limit=0.10 m -> usable
[controller_server-10] [INFO] [1790924859.744693088] [controller_server]: Passing new path to controller.
[INFO] [1790924860.749442403] [mapex_explorer]: Main /plan diagnostic: poses=8, endpoint=(28.59, -1.20), frontier=(28.59, -1.20), endpoint_to_frontier=0.000 m, limit=0.10 m -> usable
[controller_server-10] [INFO] [1790924860.811334372] [controller_server]: Passing new path to controller.
[controller_server-10] [INFO] [1790924861.014804169] [controller_server]: Reached the goal!
[controller_server-10] [INFO] [1790924861.015247971] [controller_server]: Optimizer reset
[bt_navigator-15] [INFO] [1790924861.040826365] [bt_navigator]: Goal succeeded
[INFO] [1790924861.042603093] [mapex_explorer]: Goal reached
[INFO] [1790924867.598456165] [mapex_explorer]: MapEx decision 33: selected x=22.59, y=11.70, IG=21.416180, distance=14.58 m, score=1.469162, region=46, candidates=14, near_fallback=False, compute=6.03 s
[bt_navigator-15] [INFO] [1790924867.599148361] [bt_navigator]: Begin navigating from current location (28.68, -1.54) to (22.59, 11.70)
[controller_server-10] [INFO] [1790924867.619806961] [controller_server]: Received a goal, begin computing control effort.
[INFO] [1790924867.717126658] [mapex_explorer]: Main goal accepted
[INFO] [1790924867.872249994] [mapex_explorer]: Main /plan diagnostic: poses=632, endpoint=(22.59, 11.70), frontier=(22.59, 11.70), endpoint_to_frontier=0.000 m, limit=0.10 m -> usable
[INFO] [1790924868.651728153] [mapex_explorer]: Main /plan diagnostic: poses=627, endpoint=(22.59, 11.70), frontier=(22.59, 11.70), endpoint_to_frontier=0.000 m, limit=0.10 m -> usable
[controller_server-10] [INFO] [1790924868.686630510] [controller_server]: Passing new path to controller.
[controller_server-10] [INFO] [1790924869.686620525] [controller_server]: Passing new path to controller.
[INFO] [1790924869.749025461] [mapex_explorer]: Main /plan diagnostic: poses=622, endpoint=(22.59, 11.70), frontier=(22.59, 11.70), endpoint_to_frontier=0.000 m, limit=0.10 m -> usable
[INFO] [1790924870.728239446] [mapex_explorer]: Main /plan diagnostic: poses=613, endpoint=(22.59, 11.70), frontier=(22.59, 11.70), endpoint_to_frontier=0.000 m, limit=0.10 m -> usable
[controller_server-10] [INFO] [1790924870.753272458] [controller_server]: Passing new path to controller.
[INFO] [1790924871.786352606] [mapex_explorer]: Main /plan diagnostic: poses=604, endpoint=(22.59, 11.70), frontier=(22.59, 11.70), endpoint_to_frontier=0.000 m, limit=0.10 m -> usable
[controller_server-10] [INFO] [1790924871.819961471] [controller_server]: Passing new path to controller.
[INFO] [1790924872.799398988] [mapex_explorer]: Main /plan diagnostic: poses=604, endpoint=(22.59, 11.70), frontier=(22.59, 11.70), endpoint_to_frontier=0.000 m, limit=0.10 m -> usable
[controller_server-10] [INFO] [1790924872.819933170] [controller_server]: Passing new path to controller.
[controller_server-10] [INFO] [1790924873.819938632] [controller_server]: Passing new path to controller.
[INFO] [1790924873.821116417] [mapex_explorer]: Main /plan diagnostic: poses=607, endpoint=(22.59, 11.70), frontier=(22.59, 11.70), endpoint_to_frontier=0.000 m, limit=0.10 m -> usable
[INFO] [1790924874.863981632] [mapex_explorer]: Main /plan diagnostic: poses=604, endpoint=(22.59, 11.70), frontier=(22.59, 11.70), endpoint_to_frontier=0.000 m, limit=0.10 m -> usable
[controller_server-10] [INFO] [1790924874.886618809] [controller_server]: Passing new path to controller.
[controller_server-10] [INFO] [1790924875.886605480] [controller_server]: Passing new path to controller.
[INFO] [1790924875.931213029] [mapex_explorer]: Main /plan diagnostic: poses=592, endpoint=(22.59, 11.70), frontier=(22.59, 11.70), endpoint_to_frontier=0.000 m, limit=0.10 m -> usable
[INFO] [1790924876.911158808] [mapex_explorer]: Main /plan diagnostic: poses=582, endpoint=(22.59, 11.70), frontier=(22.59, 11.70), endpoint_to_frontier=0.000 m, limit=0.10 m -> usable
[controller_server-10] [INFO] [1790924876.953322560] [controller_server]: Passing new path to controller.
[INFO] [1790924877.948648006] [mapex_explorer]: Main /plan diagnostic: poses=573, endpoint=(22.59, 11.70), frontier=(22.59, 11.70), endpoint_to_frontier=0.000 m, limit=0.10 m -> usable
[controller_server-10] [INFO] [1790924877.953290946] [controller_server]: Passing new path to controller.
[controller_server-10] [INFO] [1790924879.019941429] [controller_server]: Passing new path to controller.
[INFO] [1790924879.027797745] [mapex_explorer]: Main /plan diagnostic: poses=560, endpoint=(22.59, 11.70), frontier=(22.59, 11.70), endpoint_to_frontier=0.000 m, limit=0.10 m -> usable
[INFO] [1790924880.008850108] [mapex_explorer]: Main /plan diagnostic: poses=551, endpoint=(22.59, 11.70), frontier=(22.59, 11.70), endpoint_to_frontier=0.000 m, limit=0.10 m -> usable
[controller_server-10] [INFO] [1790924880.020040984] [controller_server]: Passing new path to controller.
[INFO] [1790924881.039168736] [mapex_explorer]: Main /plan diagnostic: poses=541, endpoint=(22.59, 11.70), frontier=(22.59, 11.70), endpoint_to_frontier=0.000 m, limit=0.10 m -> usable
[controller_server-10] [INFO] [1790924881.086602898] [controller_server]: Passing new path to controller.
[INFO] [1790924882.046777706] [mapex_explorer]: Main /plan diagnostic: poses=530, endpoint=(22.59, 11.70), frontier=(22.59, 11.70), endpoint_to_frontier=0.000 m, limit=0.10 m -> usable
[controller_server-10] [INFO] [1790924882.086602836] [controller_server]: Passing new path to controller.
[controller_server-10] [INFO] [1790924883.086606861] [controller_server]: Passing new path to controller.
[INFO] [1790924883.111860127] [mapex_explorer]: Main /plan diagnostic: poses=520, endpoint=(22.59, 11.70), frontier=(22.59, 11.70), endpoint_to_frontier=0.000 m, limit=0.10 m -> usable
[INFO] [1790924884.124341830] [mapex_explorer]: Main /plan diagnostic: poses=512, endpoint=(22.59, 11.70), frontier=(22.59, 11.70), endpoint_to_frontier=0.000 m, limit=0.10 m -> usable
[controller_server-10] [INFO] [1790924884.153270092] [controller_server]: Passing new path to controller.
[async_slam_toolbox_node-9] W20261002 14:08:04.154862 26986 preprocessor.cc:67] Specified options.num_threads: 50 exceeds maximum available from the threading model Ceres was compiled with: 16.  Bounding to maximum number available.
[async_slam_toolbox_node-9] [INFO] [1790924884.171858556] [slam_toolbox]: Adaptive anchor summary: latest_node=2823, local_edges=2898, loop_history=0, avg_effective_weight=1.100, release_regions=0
[controller_server-10] [INFO] [1790924885.076711744] [local_costmap.local_costmap]: StaticLayer: Resizing static layer to 561 X 251 at 0.100000 m/pix
[controller_server-10] [INFO] [1790924885.153263686] [controller_server]: Passing new path to controller.
[INFO] [1790924885.174832276] [mapex_explorer]: Main /plan diagnostic: poses=500, endpoint=(22.59, 11.70), frontier=(22.59, 11.70), endpoint_to_frontier=0.000 m, limit=0.10 m -> usable
[planner_server-12] [INFO] [1790924885.293074382] [global_costmap.global_costmap]: StaticLayer: Resizing costmap to 561 X 251 at 0.100000 m/pix
[INFO] [1790924886.176036926] [mapex_explorer]: Main /plan diagnostic: poses=489, endpoint=(22.59, 11.70), frontier=(22.59, 11.70), endpoint_to_frontier=0.000 m, limit=0.10 m -> usable
[controller_server-10] [INFO] [1790924886.219937482] [controller_server]: Passing new path to controller.
[INFO] [1790924887.186934690] [mapex_explorer]: Main /plan diagnostic: poses=479, endpoint=(22.59, 11.70), frontier=(22.59, 11.70), endpoint_to_frontier=0.000 m, limit=0.10 m -> usable
[controller_server-10] [INFO] [1790924887.219939799] [controller_server]: Passing new path to controller.
[controller_server-10] [INFO] [1790924888.219927368] [controller_server]: Passing new path to controller.
[INFO] [1790924888.221049681] [mapex_explorer]: Main /plan diagnostic: poses=468, endpoint=(22.59, 11.70), frontier=(22.59, 11.70), endpoint_to_frontier=0.000 m, limit=0.10 m -> usable
[async_slam_toolbox_node-9] W20261002 14:08:08.954751 26986 preprocessor.cc:67] Specified options.num_threads: 50 exceeds maximum available from the threading model Ceres was compiled with: 16.  Bounding to maximum number available.
[INFO] [1790924889.262692192] [mapex_explorer]: Main /plan diagnostic: poses=459, endpoint=(22.59, 11.70), frontier=(22.59, 11.70), endpoint_to_frontier=0.000 m, limit=0.10 m -> usable
[controller_server-10] [INFO] [1790924889.286622938] [controller_server]: Passing new path to controller.
[controller_server-10] [INFO] [1790924890.076707049] [local_costmap.local_costmap]: StaticLayer: Resizing static layer to 561 X 251 at 0.100000 m/pix
[INFO] [1790924890.272773137] [mapex_explorer]: Main /plan diagnostic: poses=449, endpoint=(22.59, 11.70), frontier=(22.59, 11.70), endpoint_to_frontier=0.000 m, limit=0.10 m -> usable
[controller_server-10] [INFO] [1790924890.286597093] [controller_server]: Passing new path to controller.
[planner_server-12] [INFO] [1790924890.293041604] [global_costmap.global_costmap]: StaticLayer: Resizing costmap to 561 X 251 at 0.100000 m/pix
[INFO] [1790924891.310149966] [mapex_explorer]: Main /plan diagnostic: poses=437, endpoint=(22.59, 11.70), frontier=(22.59, 11.70), endpoint_to_frontier=0.000 m, limit=0.10 m -> usable
[controller_server-10] [INFO] [1790924891.353289090] [controller_server]: Passing new path to controller.
[controller_server-10] [INFO] [1790924892.353302035] [controller_server]: Passing new path to controller.
[INFO] [1790924892.365508981] [mapex_explorer]: Main /plan diagnostic: poses=424, endpoint=(22.59, 11.70), frontier=(22.59, 11.70), endpoint_to_frontier=0.000 m, limit=0.10 m -> usable
[async_slam_toolbox_node-9] W20261002 14:08:12.946966 26986 preprocessor.cc:67] Specified options.num_threads: 50 exceeds maximum available from the threading model Ceres was compiled with: 16.  Bounding to maximum number available.
[INFO] [1790924893.404854751] [mapex_explorer]: Main /plan diagnostic: poses=416, endpoint=(22.59, 11.70), frontier=(22.59, 11.70), endpoint_to_frontier=0.000 m, limit=0.10 m -> usable
[controller_server-10] [INFO] [1790924893.419995696] [controller_server]: Passing new path to controller.
[controller_server-10] [INFO] [1790924894.076716136] [local_costmap.local_costmap]: StaticLayer: Resizing static layer to 561 X 251 at 0.100000 m/pix
[planner_server-12] [INFO] [1790924894.293015786] [global_costmap.global_costmap]: StaticLayer: Resizing costmap to 561 X 251 at 0.100000 m/pix
[INFO] [1790924894.404074530] [mapex_explorer]: Main /plan diagnostic: poses=405, endpoint=(22.59, 11.70), frontier=(22.59, 11.70), endpoint_to_frontier=0.000 m, limit=0.10 m -> usable
[controller_server-10] [INFO] [1790924894.419930064] [controller_server]: Passing new path to controller.
[controller_server-10] [INFO] [1790924895.419928875] [controller_server]: Passing new path to controller.
[INFO] [1790924895.428136643] [mapex_explorer]: Main /plan diagnostic: poses=395, endpoint=(22.59, 11.70), frontier=(22.59, 11.70), endpoint_to_frontier=0.000 m, limit=0.10 m -> usable
[INFO] [1790924896.474563516] [mapex_explorer]: Main /plan diagnostic: poses=386, endpoint=(22.59, 11.70), frontier=(22.59, 11.70), endpoint_to_frontier=0.000 m, limit=0.10 m -> usable
[controller_server-10] [INFO] [1790924896.486625465] [controller_server]: Passing new path to controller.
[INFO] [1790924897.485833940] [mapex_explorer]: Main /plan diagnostic: poses=375, endpoint=(22.59, 11.70), frontier=(22.59, 11.70), endpoint_to_frontier=0.000 m, limit=0.10 m -> usable
[controller_server-10] [INFO] [1790924897.486627688] [controller_server]: Passing new path to controller.
[INFO] [1790924898.516329403] [mapex_explorer]: Main /plan diagnostic: poses=366, endpoint=(22.59, 11.70), frontier=(22.59, 11.70), endpoint_to_frontier=0.000 m, limit=0.10 m -> usable
[controller_server-10] [INFO] [1790924898.553265111] [controller_server]: Passing new path to controller.
[async_slam_toolbox_node-9] W20261002 14:08:18.968730 26986 preprocessor.cc:67] Specified options.num_threads: 50 exceeds maximum available from the threading model Ceres was compiled with: 16.  Bounding to maximum number available.
[async_slam_toolbox_node-9] [INFO] [1790924898.985031253] [slam_toolbox]: Adaptive anchor summary: latest_node=2873, local_edges=2948, loop_history=0, avg_effective_weight=1.098, release_regions=0
[INFO] [1790924899.545185955] [mapex_explorer]: Main /plan diagnostic: poses=355, endpoint=(22.59, 11.70), frontier=(22.59, 11.70), endpoint_to_frontier=0.000 m, limit=0.10 m -> usable
[controller_server-10] [INFO] [1790924899.553266598] [controller_server]: Passing new path to controller.
[controller_server-10] [INFO] [1790924900.076725584] [local_costmap.local_costmap]: StaticLayer: Resizing static layer to 561 X 251 at 0.100000 m/pix
[planner_server-12] [INFO] [1790924900.293030770] [global_costmap.global_costmap]: StaticLayer: Resizing costmap to 561 X 251 at 0.100000 m/pix
[INFO] [1790924900.567916916] [mapex_explorer]: Main /plan diagnostic: poses=344, endpoint=(22.59, 11.70), frontier=(22.59, 11.70), endpoint_to_frontier=0.000 m, limit=0.10 m -> usable
[controller_server-10] [INFO] [1790924900.619942483] [controller_server]: Passing new path to controller.
[INFO] [1790924901.612755970] [mapex_explorer]: Main /plan diagnostic: poses=337, endpoint=(22.59, 11.70), frontier=(22.59, 11.70), endpoint_to_frontier=0.000 m, limit=0.10 m -> usable
[controller_server-10] [INFO] [1790924901.619936276] [controller_server]: Passing new path to controller.
[async_slam_toolbox_node-9] W20261002 14:08:22.198166 26986 preprocessor.cc:67] Specified options.num_threads: 50 exceeds maximum available from the threading model Ceres was compiled with: 16.  Bounding to maximum number available.
[INFO] [1790924902.604946213] [mapex_explorer]: Main /plan diagnostic: poses=323, endpoint=(22.59, 11.70), frontier=(22.59, 11.70), endpoint_to_frontier=0.000 m, limit=0.10 m -> usable
[controller_server-10] [INFO] [1790924902.619931726] [controller_server]: Passing new path to controller.
[INFO] [1790924903.637395361] [mapex_explorer]: Main /plan diagnostic: poses=314, endpoint=(22.59, 11.70), frontier=(22.59, 11.70), endpoint_to_frontier=0.000 m, limit=0.10 m -> usable
[controller_server-10] [INFO] [1790924903.686623404] [controller_server]: Passing new path to controller.
[INFO] [1790924904.647183083] [mapex_explorer]: Main /plan diagnostic: poses=305, endpoint=(22.59, 11.70), frontier=(22.59, 11.70), endpoint_to_frontier=0.000 m, limit=0.10 m -> usable
[controller_server-10] [INFO] [1790924904.686600387] [controller_server]: Passing new path to controller.
[controller_server-10] [INFO] [1790924905.686605838] [controller_server]: Passing new path to controller.
[INFO] [1790924905.702937885] [mapex_explorer]: Main /plan diagnostic: poses=295, endpoint=(22.59, 11.70), frontier=(22.59, 11.70), endpoint_to_frontier=0.000 m, limit=0.10 m -> usable
[async_slam_toolbox_node-9] W20261002 14:08:26.630234 26986 preprocessor.cc:67] Specified options.num_threads: 50 exceeds maximum available from the threading model Ceres was compiled with: 16.  Bounding to maximum number available.
[INFO] [1790924906.709994717] [mapex_explorer]: Main /plan diagnostic: poses=282, endpoint=(22.59, 11.70), frontier=(22.59, 11.70), endpoint_to_frontier=0.000 m, limit=0.10 m -> usable
[controller_server-10] [INFO] [1790924906.753470059] [controller_server]: Passing new path to controller.
[controller_server-10] [INFO] [1790924907.076738711] [local_costmap.local_costmap]: StaticLayer: Resizing static layer to 561 X 251 at 0.100000 m/pix
[planner_server-12] [INFO] [1790924907.293076609] [global_costmap.global_costmap]: StaticLayer: Resizing costmap to 561 X 251 at 0.100000 m/pix
[controller_server-10] [INFO] [1790924907.753264849] [controller_server]: Passing new path to controller.
[INFO] [1790924907.781928633] [mapex_explorer]: Main /plan diagnostic: poses=272, endpoint=(22.59, 11.70), frontier=(22.59, 11.70), endpoint_to_frontier=0.000 m, limit=0.10 m -> usable
[INFO] [1790924908.760766529] [mapex_explorer]: Main /plan diagnostic: poses=262, endpoint=(22.59, 11.70), frontier=(22.59, 11.70), endpoint_to_frontier=0.000 m, limit=0.10 m -> usable
[controller_server-10] [INFO] [1790924908.819958291] [controller_server]: Passing new path to controller.
[INFO] [1790924909.817252706] [mapex_explorer]: Main /plan diagnostic: poses=253, endpoint=(22.59, 11.70), frontier=(22.59, 11.70), endpoint_to_frontier=0.000 m, limit=0.10 m -> usable
[controller_server-10] [INFO] [1790924909.819945575] [controller_server]: Passing new path to controller.
[async_slam_toolbox_node-9] W20261002 14:08:30.075554 26986 preprocessor.cc:67] Specified options.num_threads: 50 exceeds maximum available from the threading model Ceres was compiled with: 16.  Bounding to maximum number available.
[INFO] [1790924910.809236451] [mapex_explorer]: Main /plan diagnostic: poses=242, endpoint=(22.59, 11.70), frontier=(22.59, 11.70), endpoint_to_frontier=0.000 m, limit=0.10 m -> usable
[controller_server-10] [INFO] [1790924910.819940185] [controller_server]: Passing new path to controller.
[controller_server-10] [INFO] [1790924911.076715327] [local_costmap.local_costmap]: StaticLayer: Resizing static layer to 561 X 251 at 0.100000 m/pix
[planner_server-12] [INFO] [1790924911.293068253] [global_costmap.global_costmap]: StaticLayer: Resizing costmap to 561 X 251 at 0.100000 m/pix
[INFO] [1790924911.844276151] [mapex_explorer]: Main /plan diagnostic: poses=230, endpoint=(22.59, 11.70), frontier=(22.59, 11.70), endpoint_to_frontier=0.000 m, limit=0.10 m -> usable
[controller_server-10] [INFO] [1790924911.886595826] [controller_server]: Passing new path to controller.
[INFO] [1790924912.870696144] [mapex_explorer]: Main /plan diagnostic: poses=222, endpoint=(22.59, 11.70), frontier=(22.59, 11.70), endpoint_to_frontier=0.000 m, limit=0.10 m -> usable
[controller_server-10] [INFO] [1790924912.886596861] [controller_server]: Passing new path to controller.
[INFO] [1790924913.905313138] [mapex_explorer]: Main /plan diagnostic: poses=210, endpoint=(22.59, 11.70), frontier=(22.59, 11.70), endpoint_to_frontier=0.000 m, limit=0.10 m -> usable
[controller_server-10] [INFO] [1790924913.953264386] [controller_server]: Passing new path to controller.
[INFO] [1790924914.931985254] [mapex_explorer]: Main /plan diagnostic: poses=199, endpoint=(22.59, 11.70), frontier=(22.59, 11.70), endpoint_to_frontier=0.000 m, limit=0.10 m -> usable
[controller_server-10] [INFO] [1790924914.953263224] [controller_server]: Passing new path to controller.
[INFO] [1790924915.952986899] [mapex_explorer]: Main /plan diagnostic: poses=193, endpoint=(22.59, 11.70), frontier=(22.59, 11.70), endpoint_to_frontier=0.000 m, limit=0.10 m -> usable
[controller_server-10] [INFO] [1790924915.953270575] [controller_server]: Passing new path to controller.
[INFO] [1790924916.971606743] [mapex_explorer]: Main /plan diagnostic: poses=179, endpoint=(22.59, 11.70), frontier=(22.59, 11.70), endpoint_to_frontier=0.000 m, limit=0.10 m -> usable
[controller_server-10] [INFO] [1790924917.019933089] [controller_server]: Passing new path to controller.
[INFO] [1790924917.997617303] [mapex_explorer]: Main /plan diagnostic: poses=170, endpoint=(22.59, 11.70), frontier=(22.59, 11.70), endpoint_to_frontier=0.000 m, limit=0.10 m -> usable
[controller_server-10] [INFO] [1790924918.019933977] [controller_server]: Passing new path to controller.
[INFO] [1790924919.048961314] [mapex_explorer]: Main /plan diagnostic: poses=159, endpoint=(22.59, 11.70), frontier=(22.59, 11.70), endpoint_to_frontier=0.000 m, limit=0.10 m -> usable
[controller_server-10] [INFO] [1790924919.086610473] [controller_server]: Passing new path to controller.
[INFO] [1790924920.060558027] [mapex_explorer]: Main /plan diagnostic: poses=151, endpoint=(22.59, 11.70), frontier=(22.59, 11.70), endpoint_to_frontier=0.000 m, limit=0.10 m -> usable
[controller_server-10] [INFO] [1790924920.086620234] [controller_server]: Passing new path to controller.
[INFO] [1790924921.067884680] [mapex_explorer]: Main /plan diagnostic: poses=140, endpoint=(22.59, 11.70), frontier=(22.59, 11.70), endpoint_to_frontier=0.000 m, limit=0.10 m -> usable
[controller_server-10] [INFO] [1790924921.086616693] [controller_server]: Passing new path to controller.
[INFO] [1790924922.118041206] [mapex_explorer]: Main /plan diagnostic: poses=130, endpoint=(22.59, 11.70), frontier=(22.59, 11.70), endpoint_to_frontier=0.000 m, limit=0.10 m -> usable
[controller_server-10] [INFO] [1790924922.153292553] [controller_server]: Passing new path to controller.
[INFO] [1790924923.151234935] [mapex_explorer]: Main /plan diagnostic: poses=118, endpoint=(22.59, 11.70), frontier=(22.59, 11.70), endpoint_to_frontier=0.000 m, limit=0.10 m -> usable
[controller_server-10] [INFO] [1790924923.153263975] [controller_server]: Passing new path to controller.
[INFO] [1790924924.149751010] [mapex_explorer]: Main /plan diagnostic: poses=107, endpoint=(22.59, 11.70), frontier=(22.59, 11.70), endpoint_to_frontier=0.000 m, limit=0.10 m -> usable
[controller_server-10] [INFO] [1790924924.219958558] [controller_server]: Passing new path to controller.
[INFO] [1790924925.203734961] [mapex_explorer]: Main /plan diagnostic: poses=100, endpoint=(22.59, 11.70), frontier=(22.59, 11.70), endpoint_to_frontier=0.000 m, limit=0.10 m -> usable
[controller_server-10] [INFO] [1790924925.219937863] [controller_server]: Passing new path to controller.
[controller_server-10] [INFO] [1790924926.219930642] [controller_server]: Passing new path to controller.
[INFO] [1790924926.270065414] [mapex_explorer]: Main /plan diagnostic: poses=89, endpoint=(22.59, 11.70), frontier=(22.59, 11.70), endpoint_to_frontier=0.000 m, limit=0.10 m -> usable
[INFO] [1790924927.258655686] [mapex_explorer]: Main /plan diagnostic: poses=79, endpoint=(22.59, 11.70), frontier=(22.59, 11.70), endpoint_to_frontier=0.000 m, limit=0.10 m -> usable
[controller_server-10] [INFO] [1790924927.286617890] [controller_server]: Passing new path to controller.
[INFO] [1790924928.259363029] [mapex_explorer]: Main /plan diagnostic: poses=68, endpoint=(22.59, 11.70), frontier=(22.59, 11.70), endpoint_to_frontier=0.000 m, limit=0.10 m -> usable
[controller_server-10] [INFO] [1790924928.286630465] [controller_server]: Passing new path to controller.
[INFO] [1790924929.283776877] [mapex_explorer]: Main /plan diagnostic: poses=56, endpoint=(22.59, 11.70), frontier=(22.59, 11.70), endpoint_to_frontier=0.000 m, limit=0.10 m -> usable
[controller_server-10] [INFO] [1790924929.353263349] [controller_server]: Passing new path to controller.
[INFO] [1790924930.305772718] [mapex_explorer]: Main /plan diagnostic: poses=48, endpoint=(22.59, 11.70), frontier=(22.59, 11.70), endpoint_to_frontier=0.000 m, limit=0.10 m -> usable
[controller_server-10] [INFO] [1790924930.353266164] [controller_server]: Passing new path to controller.
[INFO] [1790924931.332347051] [mapex_explorer]: Main /plan diagnostic: poses=39, endpoint=(22.59, 11.70), frontier=(22.59, 11.70), endpoint_to_frontier=0.000 m, limit=0.10 m -> usable
[controller_server-10] [INFO] [1790924931.353294213] [controller_server]: Passing new path to controller.
[INFO] [1790924932.344388562] [mapex_explorer]: Main /plan diagnostic: poses=28, endpoint=(22.59, 11.70), frontier=(22.59, 11.70), endpoint_to_frontier=0.000 m, limit=0.10 m -> usable
[controller_server-10] [INFO] [1790924932.419936520] [controller_server]: Passing new path to controller.
[INFO] [1790924933.367157398] [mapex_explorer]: Main /plan diagnostic: poses=18, endpoint=(22.59, 11.70), frontier=(22.59, 11.70), endpoint_to_frontier=0.000 m, limit=0.10 m -> usable
[controller_server-10] [INFO] [1790924933.419930935] [controller_server]: Passing new path to controller.
[INFO] [1790924934.388212964] [mapex_explorer]: Main /plan diagnostic: poses=9, endpoint=(22.59, 11.70), frontier=(22.59, 11.70), endpoint_to_frontier=0.000 m, limit=0.10 m -> usable
[controller_server-10] [INFO] [1790924934.419965345] [controller_server]: Passing new path to controller.
[controller_server-10] [INFO] [1790924935.355861664] [controller_server]: Reached the goal!
[controller_server-10] [INFO] [1790924935.356132495] [controller_server]: Optimizer reset
[bt_navigator-15] [INFO] [1790924935.379360569] [bt_navigator]: Goal succeeded
[INFO] [1790924935.381171137] [mapex_explorer]: Goal reached
[INFO] [1790924940.870887144] [mapex_explorer]: MapEx decision 34: selected x=6.38, y=11.10, IG=23.687822, distance=16.53 m, score=1.432899, region=81, candidates=12, near_fallback=False, compute=5.31 s
[bt_navigator-15] [INFO] [1790924940.871566316] [bt_navigator]: Begin navigating from current location (22.89, 11.58) to (6.38, 11.10)
[controller_server-10] [INFO] [1790924940.913121774] [controller_server]: Received a goal, begin computing control effort.
[INFO] [1790924941.106302010] [mapex_explorer]: Main goal accepted
[INFO] [1790924941.181936867] [mapex_explorer]: Main /plan diagnostic: poses=939, endpoint=(6.38, 11.10), frontier=(6.38, 11.10), endpoint_to_frontier=0.000 m, limit=0.10 m -> usable
[INFO] [1790924941.943000861] [mapex_explorer]: Main /plan diagnostic: poses=934, endpoint=(6.38, 11.10), frontier=(6.38, 11.10), endpoint_to_frontier=0.000 m, limit=0.10 m -> usable
[controller_server-10] [INFO] [1790924941.979950777] [controller_server]: Passing new path to controller.
[controller_server-10] [INFO] [1790924942.979930121] [controller_server]: Passing new path to controller.
[INFO] [1790924942.987094117] [mapex_explorer]: Main /plan diagnostic: poses=929, endpoint=(6.38, 11.10), frontier=(6.38, 11.10), endpoint_to_frontier=0.000 m, limit=0.10 m -> usable
[INFO] [1790924944.026611252] [mapex_explorer]: Main /plan diagnostic: poses=923, endpoint=(6.38, 11.10), frontier=(6.38, 11.10), endpoint_to_frontier=0.000 m, limit=0.10 m -> usable
[controller_server-10] [INFO] [1790924944.046606169] [controller_server]: Passing new path to controller.
[controller_server-10] [INFO] [1790924945.046617023] [controller_server]: Passing new path to controller.
[INFO] [1790924945.054335655] [mapex_explorer]: Main /plan diagnostic: poses=921, endpoint=(6.38, 11.10), frontier=(6.38, 11.10), endpoint_to_frontier=0.000 m, limit=0.10 m -> usable
[controller_server-10] [INFO] [1790924946.113286179] [controller_server]: Passing new path to controller.
[INFO] [1790924946.130213252] [mapex_explorer]: Main /plan diagnostic: poses=921, endpoint=(6.38, 11.10), frontier=(6.38, 11.10), endpoint_to_frontier=0.000 m, limit=0.10 m -> usable
[controller_server-10] [INFO] [1790924947.113286964] [controller_server]: Passing new path to controller.
[INFO] [1790924947.131127417] [mapex_explorer]: Main /plan diagnostic: poses=910, endpoint=(6.38, 11.10), frontier=(6.38, 11.10), endpoint_to_frontier=0.000 m, limit=0.10 m -> usable
[controller_server-10] [INFO] [1790924948.113260903] [controller_server]: Passing new path to controller.
[INFO] [1790924948.205526267] [mapex_explorer]: Main /plan diagnostic: poses=901, endpoint=(6.38, 11.10), frontier=(6.38, 11.10), endpoint_to_frontier=0.000 m, limit=0.10 m -> usable
[INFO] [1790924949.146742862] [mapex_explorer]: Main /plan diagnostic: poses=890, endpoint=(6.38, 11.10), frontier=(6.38, 11.10), endpoint_to_frontier=0.000 m, limit=0.10 m -> usable
[controller_server-10] [INFO] [1790924949.179931089] [controller_server]: Passing new path to controller.
[controller_server-10] [INFO] [1790924950.179926063] [controller_server]: Passing new path to controller.
[INFO] [1790924950.193377736] [mapex_explorer]: Main /plan diagnostic: poses=880, endpoint=(6.38, 11.10), frontier=(6.38, 11.10), endpoint_to_frontier=0.000 m, limit=0.10 m -> usable
[INFO] [1790924951.214003034] [mapex_explorer]: Main /plan diagnostic: poses=869, endpoint=(6.38, 11.10), frontier=(6.38, 11.10), endpoint_to_frontier=0.000 m, limit=0.10 m -> usable
[controller_server-10] [INFO] [1790924951.246595205] [controller_server]: Passing new path to controller.
[INFO] [1790924952.244103219] [mapex_explorer]: Main /plan diagnostic: poses=858, endpoint=(6.38, 11.10), frontier=(6.38, 11.10), endpoint_to_frontier=0.000 m, limit=0.10 m -> usable
[controller_server-10] [INFO] [1790924952.246608361] [controller_server]: Passing new path to controller.
[INFO] [1790924953.310114728] [mapex_explorer]: Main /plan diagnostic: poses=850, endpoint=(6.38, 11.10), frontier=(6.38, 11.10), endpoint_to_frontier=0.000 m, limit=0.10 m -> usable
[controller_server-10] [INFO] [1790924953.313261610] [controller_server]: Passing new path to controller.
[controller_server-10] [INFO] [1790924954.313261286] [controller_server]: Passing new path to controller.
[INFO] [1790924954.334395571] [mapex_explorer]: Main /plan diagnostic: poses=839, endpoint=(6.38, 11.10), frontier=(6.38, 11.10), endpoint_to_frontier=0.000 m, limit=0.10 m -> usable
[INFO] [1790924955.353692097] [mapex_explorer]: Main /plan diagnostic: poses=829, endpoint=(6.38, 11.10), frontier=(6.38, 11.10), endpoint_to_frontier=0.000 m, limit=0.10 m -> usable
[controller_server-10] [INFO] [1790924955.379937716] [controller_server]: Passing new path to controller.
[INFO] [1790924956.360273445] [mapex_explorer]: Main /plan diagnostic: poses=818, endpoint=(6.38, 11.10), frontier=(6.38, 11.10), endpoint_to_frontier=0.000 m, limit=0.10 m -> usable
[controller_server-10] [INFO] [1790924956.379929619] [controller_server]: Passing new path to controller.
[INFO] [1790924957.425977052] [mapex_explorer]: Main /plan diagnostic: poses=808, endpoint=(6.38, 11.10), frontier=(6.38, 11.10), endpoint_to_frontier=0.000 m, limit=0.10 m -> usable
[controller_server-10] [INFO] [1790924957.446599256] [controller_server]: Passing new path to controller.
[async_slam_toolbox_node-9] W20261002 14:09:18.161723 26986 preprocessor.cc:67] Specified options.num_threads: 50 exceeds maximum available from the threading model Ceres was compiled with: 16.  Bounding to maximum number available.
[async_slam_toolbox_node-9] [INFO] [1790924958.179791968] [slam_toolbox]: Adaptive anchor summary: latest_node=3030, local_edges=3108, loop_history=0, avg_effective_weight=1.093, release_regions=0
[INFO] [1790924958.407340175] [mapex_explorer]: Main /plan diagnostic: poses=797, endpoint=(6.38, 11.10), frontier=(6.38, 11.10), endpoint_to_frontier=0.000 m, limit=0.10 m -> usable
[controller_server-10] [INFO] [1790924958.446621199] [controller_server]: Passing new path to controller.
[controller_server-10] [INFO] [1790924959.076693050] [local_costmap.local_costmap]: StaticLayer: Resizing static layer to 561 X 251 at 0.100000 m/pix
[planner_server-12] [INFO] [1790924959.293057115] [global_costmap.global_costmap]: StaticLayer: Resizing costmap to 561 X 251 at 0.100000 m/pix
[controller_server-10] [INFO] [1790924959.446616984] [controller_server]: Passing new path to controller.
[INFO] [1790924959.468267904] [mapex_explorer]: Main /plan diagnostic: poses=787, endpoint=(6.38, 11.10), frontier=(6.38, 11.10), endpoint_to_frontier=0.000 m, limit=0.10 m -> usable
[INFO] [1790924960.473327895] [mapex_explorer]: Main /plan diagnostic: poses=776, endpoint=(6.38, 11.10), frontier=(6.38, 11.10), endpoint_to_frontier=0.000 m, limit=0.10 m -> usable
[controller_server-10] [INFO] [1790924960.513276401] [controller_server]: Passing new path to controller.
[controller_server-10] [INFO] [1790924961.513272823] [controller_server]: Passing new path to controller.
[INFO] [1790924961.518630267] [mapex_explorer]: Main /plan diagnostic: poses=766, endpoint=(6.38, 11.10), frontier=(6.38, 11.10), endpoint_to_frontier=0.000 m, limit=0.10 m -> usable
[controller_server-10] [INFO] [1790924962.513262376] [controller_server]: Passing new path to controller.
[INFO] [1790924962.529574530] [mapex_explorer]: Main /plan diagnostic: poses=756, endpoint=(6.38, 11.10), frontier=(6.38, 11.10), endpoint_to_frontier=0.000 m, limit=0.10 m -> usable
[INFO] [1790924963.548113113] [mapex_explorer]: Main /plan diagnostic: poses=745, endpoint=(6.38, 11.10), frontier=(6.38, 11.10), endpoint_to_frontier=0.000 m, limit=0.10 m -> usable
[controller_server-10] [INFO] [1790924963.579928297] [controller_server]: Passing new path to controller.
[controller_server-10] [INFO] [1790924964.579930435] [controller_server]: Passing new path to controller.
[INFO] [1790924964.646457330] [mapex_explorer]: Main /plan diagnostic: poses=735, endpoint=(6.38, 11.10), frontier=(6.38, 11.10), endpoint_to_frontier=0.000 m, limit=0.10 m -> usable
[INFO] [1790924965.601242602] [mapex_explorer]: Main /plan diagnostic: poses=724, endpoint=(6.38, 11.10), frontier=(6.38, 11.10), endpoint_to_frontier=0.000 m, limit=0.10 m -> usable
[controller_server-10] [INFO] [1790924965.646621218] [controller_server]: Passing new path to controller.
[INFO] [1790924966.630400053] [mapex_explorer]: Main /plan diagnostic: poses=716, endpoint=(6.38, 11.10), frontier=(6.38, 11.10), endpoint_to_frontier=0.000 m, limit=0.10 m -> usable
[controller_server-10] [INFO] [1790924966.646601979] [controller_server]: Passing new path to controller.
[async_slam_toolbox_node-9] W20261002 14:09:27.409085 26986 preprocessor.cc:67] Specified options.num_threads: 50 exceeds maximum available from the threading model Ceres was compiled with: 16.  Bounding to maximum number available.
[INFO] [1790924967.665865539] [mapex_explorer]: Main /plan diagnostic: poses=705, endpoint=(6.38, 11.10), frontier=(6.38, 11.10), endpoint_to_frontier=0.000 m, limit=0.10 m -> usable
[controller_server-10] [INFO] [1790924967.713261236] [controller_server]: Passing new path to controller.
[controller_server-10] [INFO] [1790924968.076768073] [local_costmap.local_costmap]: StaticLayer: Resizing static layer to 561 X 251 at 0.100000 m/pix
[planner_server-12] [INFO] [1790924968.293036062] [global_costmap.global_costmap]: StaticLayer: Resizing costmap to 561 X 251 at 0.100000 m/pix
[INFO] [1790924968.705777923] [mapex_explorer]: Main /plan diagnostic: poses=694, endpoint=(6.38, 11.10), frontier=(6.38, 11.10), endpoint_to_frontier=0.000 m, limit=0.10 m -> usable
[controller_server-10] [INFO] [1790924968.713289904] [controller_server]: Passing new path to controller.
[controller_server-10] [INFO] [1790924969.713286047] [controller_server]: Passing new path to controller.
[INFO] [1790924969.716924166] [mapex_explorer]: Main /plan diagnostic: poses=684, endpoint=(6.38, 11.10), frontier=(6.38, 11.10), endpoint_to_frontier=0.000 m, limit=0.10 m -> usable
[INFO] [1790924970.740588085] [mapex_explorer]: Main /plan diagnostic: poses=673, endpoint=(6.38, 11.10), frontier=(6.38, 11.10), endpoint_to_frontier=0.000 m, limit=0.10 m -> usable
[controller_server-10] [INFO] [1790924970.779957078] [controller_server]: Passing new path to controller.
[async_slam_toolbox_node-9] W20261002 14:09:31.232527 26986 preprocessor.cc:67] Specified options.num_threads: 50 exceeds maximum available from the threading model Ceres was compiled with: 16.  Bounding to maximum number available.
[INFO] [1790924971.778616940] [mapex_explorer]: Main /plan diagnostic: poses=663, endpoint=(6.38, 11.10), frontier=(6.38, 11.10), endpoint_to_frontier=0.000 m, limit=0.10 m -> usable
[controller_server-10] [INFO] [1790924971.779944712] [controller_server]: Passing new path to controller.
[controller_server-10] [INFO] [1790924972.076729070] [local_costmap.local_costmap]: StaticLayer: Resizing static layer to 561 X 251 at 0.100000 m/pix
[planner_server-12] [INFO] [1790924972.293051424] [global_costmap.global_costmap]: StaticLayer: Resizing costmap to 561 X 251 at 0.100000 m/pix
[INFO] [1790924972.806247813] [mapex_explorer]: Main /plan diagnostic: poses=655, endpoint=(6.38, 11.10), frontier=(6.38, 11.10), endpoint_to_frontier=0.000 m, limit=0.10 m -> usable
[controller_server-10] [INFO] [1790924972.846594245] [controller_server]: Passing new path to controller.
[INFO] [1790924973.831050852] [mapex_explorer]: Main /plan diagnostic: poses=643, endpoint=(6.38, 11.10), frontier=(6.38, 11.10), endpoint_to_frontier=0.000 m, limit=0.10 m -> usable
[controller_server-10] [INFO] [1790924973.846598990] [controller_server]: Passing new path to controller.
[INFO] [1790924974.870273348] [mapex_explorer]: Main /plan diagnostic: poses=633, endpoint=(6.38, 11.10), frontier=(6.38, 11.10), endpoint_to_frontier=0.000 m, limit=0.10 m -> usable
[controller_server-10] [INFO] [1790924974.913289254] [controller_server]: Passing new path to controller.
[INFO] [1790924975.882754051] [mapex_explorer]: Main /plan diagnostic: poses=621, endpoint=(6.38, 11.10), frontier=(6.38, 11.10), endpoint_to_frontier=0.000 m, limit=0.10 m -> usable
[controller_server-10] [INFO] [1790924975.913261825] [controller_server]: Passing new path to controller.
[async_slam_toolbox_node-9] W20261002 14:09:36.035065 26986 preprocessor.cc:67] Specified options.num_threads: 50 exceeds maximum available from the threading model Ceres was compiled with: 16.  Bounding to maximum number available.
[async_slam_toolbox_node-9] [INFO] [1790924976.056908756] [slam_toolbox]: Adaptive anchor summary: latest_node=3090, local_edges=3168, loop_history=0, avg_effective_weight=1.091, release_regions=0
[INFO] [1790924976.911110898] [mapex_explorer]: Main /plan diagnostic: poses=611, endpoint=(6.38, 11.10), frontier=(6.38, 11.10), endpoint_to_frontier=0.000 m, limit=0.10 m -> usable
[controller_server-10] [INFO] [1790924976.913273129] [controller_server]: Passing new path to controller.
[controller_server-10] [INFO] [1790924977.076702224] [local_costmap.local_costmap]: StaticLayer: Resizing static layer to 561 X 251 at 0.100000 m/pix
[planner_server-12] [INFO] [1790924977.293042752] [global_costmap.global_costmap]: StaticLayer: Resizing costmap to 561 X 251 at 0.100000 m/pix
[INFO] [1790924977.927964057] [mapex_explorer]: Main /plan diagnostic: poses=601, endpoint=(6.38, 11.10), frontier=(6.38, 11.10), endpoint_to_frontier=0.000 m, limit=0.10 m -> usable
[controller_server-10] [INFO] [1790924977.979952421] [controller_server]: Passing new path to controller.
[controller_server-10] [INFO] [1790924978.979931239] [controller_server]: Passing new path to controller.
[INFO] [1790924979.046467210] [mapex_explorer]: Main /plan diagnostic: poses=591, endpoint=(6.38, 11.10), frontier=(6.38, 11.10), endpoint_to_frontier=0.000 m, limit=0.10 m -> usable
[async_slam_toolbox_node-9] W20261002 14:09:39.263011 26986 preprocessor.cc:67] Specified options.num_threads: 50 exceeds maximum available from the threading model Ceres was compiled with: 16.  Bounding to maximum number available.
[INFO] [1790924979.971458349] [mapex_explorer]: Main /plan diagnostic: poses=581, endpoint=(6.38, 11.10), frontier=(6.38, 11.10), endpoint_to_frontier=0.000 m, limit=0.10 m -> usable
[controller_server-10] [INFO] [1790924979.979926866] [controller_server]: Passing new path to controller.
[controller_server-10] [INFO] [1790924980.076734000] [local_costmap.local_costmap]: StaticLayer: Resizing static layer to 561 X 251 at 0.100000 m/pix
[planner_server-12] [INFO] [1790924980.293056637] [global_costmap.global_costmap]: StaticLayer: Resizing costmap to 561 X 251 at 0.100000 m/pix
[INFO] [1790924981.042287468] [mapex_explorer]: Main /plan diagnostic: poses=571, endpoint=(6.38, 11.10), frontier=(6.38, 11.10), endpoint_to_frontier=0.000 m, limit=0.10 m -> usable
[controller_server-10] [INFO] [1790924981.046614176] [controller_server]: Passing new path to controller.
[INFO] [1790924982.033735079] [mapex_explorer]: Main /plan diagnostic: poses=561, endpoint=(6.38, 11.10), frontier=(6.38, 11.10), endpoint_to_frontier=0.000 m, limit=0.10 m -> usable
[controller_server-10] [INFO] [1790924982.046623386] [controller_server]: Passing new path to controller.
[INFO] [1790924983.072593264] [mapex_explorer]: Main /plan diagnostic: poses=551, endpoint=(6.38, 11.10), frontier=(6.38, 11.10), endpoint_to_frontier=0.000 m, limit=0.10 m -> usable
[controller_server-10] [INFO] [1790924983.113288837] [controller_server]: Passing new path to controller.
[async_slam_toolbox_node-9] W20261002 14:09:43.462872 26986 preprocessor.cc:67] Specified options.num_threads: 50 exceeds maximum available from the threading model Ceres was compiled with: 16.  Bounding to maximum number available.
[controller_server-10] [INFO] [1790924984.076689825] [local_costmap.local_costmap]: StaticLayer: Resizing static layer to 561 X 251 at 0.100000 m/pix
[INFO] [1790924984.082145395] [mapex_explorer]: Main /plan diagnostic: poses=541, endpoint=(6.38, 11.10), frontier=(6.38, 11.10), endpoint_to_frontier=0.000 m, limit=0.10 m -> usable
[controller_server-10] [INFO] [1790924984.113265685] [controller_server]: Passing new path to controller.
[planner_server-12] [INFO] [1790924984.293020570] [global_costmap.global_costmap]: StaticLayer: Resizing costmap to 561 X 251 at 0.100000 m/pix
[controller_server-10] [INFO] [1790924985.113268831] [controller_server]: Passing new path to controller.
[INFO] [1790924985.123869848] [mapex_explorer]: Main /plan diagnostic: poses=531, endpoint=(6.38, 11.10), frontier=(6.38, 11.10), endpoint_to_frontier=0.000 m, limit=0.10 m -> usable
[INFO] [1790924986.147051143] [mapex_explorer]: Main /plan diagnostic: poses=521, endpoint=(6.38, 11.10), frontier=(6.38, 11.10), endpoint_to_frontier=0.000 m, limit=0.10 m -> usable
[controller_server-10] [INFO] [1790924986.179964889] [controller_server]: Passing new path to controller.
[INFO] [1790924987.167318625] [mapex_explorer]: Main /plan diagnostic: poses=511, endpoint=(6.38, 11.10), frontier=(6.38, 11.10), endpoint_to_frontier=0.000 m, limit=0.10 m -> usable
[controller_server-10] [INFO] [1790924987.179928232] [controller_server]: Passing new path to controller.
[INFO] [1790924988.211678985] [mapex_explorer]: Main /plan diagnostic: poses=499, endpoint=(6.38, 11.10), frontier=(6.38, 11.10), endpoint_to_frontier=0.000 m, limit=0.10 m -> usable
[controller_server-10] [INFO] [1790924988.246599683] [controller_server]: Passing new path to controller.
[INFO] [1790924989.225811046] [mapex_explorer]: Main /plan diagnostic: poses=489, endpoint=(6.38, 11.10), frontier=(6.38, 11.10), endpoint_to_frontier=0.000 m, limit=0.10 m -> usable
[controller_server-10] [INFO] [1790924989.246631727] [controller_server]: Passing new path to controller.
[INFO] [1790924990.267542595] [mapex_explorer]: Main /plan diagnostic: poses=479, endpoint=(6.38, 11.10), frontier=(6.38, 11.10), endpoint_to_frontier=0.000 m, limit=0.10 m -> usable
[controller_server-10] [INFO] [1790924990.313265665] [controller_server]: Passing new path to controller.
[INFO] [1790924991.282459653] [mapex_explorer]: Main /plan diagnostic: poses=469, endpoint=(6.38, 11.10), frontier=(6.38, 11.10), endpoint_to_frontier=0.000 m, limit=0.10 m -> usable
[controller_server-10] [INFO] [1790924991.313265921] [controller_server]: Passing new path to controller.
[async_slam_toolbox_node-9] W20261002 14:09:52.307547 26986 preprocessor.cc:67] Specified options.num_threads: 50 exceeds maximum available from the threading model Ceres was compiled with: 16.  Bounding to maximum number available.
[INFO] [1790924992.308326903] [mapex_explorer]: Main /plan diagnostic: poses=459, endpoint=(6.38, 11.10), frontier=(6.38, 11.10), endpoint_to_frontier=0.000 m, limit=0.10 m -> usable
[controller_server-10] [INFO] [1790924992.313292021] [controller_server]: Passing new path to controller.
[controller_server-10] [INFO] [1790924993.076708449] [local_costmap.local_costmap]: StaticLayer: Resizing static layer to 561 X 251 at 0.100000 m/pix
[planner_server-12] [INFO] [1790924993.293068985] [global_costmap.global_costmap]: StaticLayer: Resizing costmap to 561 X 251 at 0.100000 m/pix
[INFO] [1790924993.352653162] [mapex_explorer]: Main /plan diagnostic: poses=449, endpoint=(6.38, 11.10), frontier=(6.38, 11.10), endpoint_to_frontier=0.000 m, limit=0.10 m -> usable
[controller_server-10] [INFO] [1790924993.379939808] [controller_server]: Passing new path to controller.
[INFO] [1790924994.369006854] [mapex_explorer]: Main /plan diagnostic: poses=439, endpoint=(6.38, 11.10), frontier=(6.38, 11.10), endpoint_to_frontier=0.000 m, limit=0.10 m -> usable
[controller_server-10] [INFO] [1790924994.379939274] [controller_server]: Passing new path to controller.
[controller_server-10] [INFO] [1790924995.446599217] [controller_server]: Passing new path to controller.
[INFO] [1790924995.448407422] [mapex_explorer]: Main /plan diagnostic: poses=429, endpoint=(6.38, 11.10), frontier=(6.38, 11.10), endpoint_to_frontier=0.000 m, limit=0.10 m -> usable
[INFO] [1790924996.423978886] [mapex_explorer]: Main /plan diagnostic: poses=419, endpoint=(6.38, 11.10), frontier=(6.38, 11.10), endpoint_to_frontier=0.000 m, limit=0.10 m -> usable
[controller_server-10] [INFO] [1790924996.446629276] [controller_server]: Passing new path to controller.
[async_slam_toolbox_node-9] W20261002 14:09:57.361438 26986 preprocessor.cc:67] Specified options.num_threads: 50 exceeds maximum available from the threading model Ceres was compiled with: 16.  Bounding to maximum number available.
[async_slam_toolbox_node-9] [INFO] [1790924997.386170529] [slam_toolbox]: Adaptive anchor summary: latest_node=3145, local_edges=3223, loop_history=0, avg_effective_weight=1.090, release_regions=0
[INFO] [1790924997.450051682] [mapex_explorer]: Main /plan diagnostic: poses=409, endpoint=(6.38, 11.10), frontier=(6.38, 11.10), endpoint_to_frontier=0.000 m, limit=0.10 m -> usable
[controller_server-10] [INFO] [1790924997.513295157] [controller_server]: Passing new path to controller.
[controller_server-10] [INFO] [1790924998.076668002] [local_costmap.local_costmap]: StaticLayer: Resizing static layer to 561 X 251 at 0.100000 m/pix
[planner_server-12] [INFO] [1790924998.293068234] [global_costmap.global_costmap]: StaticLayer: Resizing costmap to 561 X 251 at 0.100000 m/pix
[INFO] [1790924998.488930240] [mapex_explorer]: Main /plan diagnostic: poses=397, endpoint=(6.38, 11.10), frontier=(6.38, 11.10), endpoint_to_frontier=0.000 m, limit=0.10 m -> usable
[controller_server-10] [INFO] [1790924998.513264907] [controller_server]: Passing new path to controller.
[controller_server-10] [INFO] [1790924999.513266748] [controller_server]: Passing new path to controller.
[INFO] [1790924999.513693032] [mapex_explorer]: Main /plan diagnostic: poses=389, endpoint=(6.38, 11.10), frontier=(6.38, 11.10), endpoint_to_frontier=0.000 m, limit=0.10 m -> usable
[INFO] [1790925000.552234232] [mapex_explorer]: Main /plan diagnostic: poses=377, endpoint=(6.38, 11.10), frontier=(6.38, 11.10), endpoint_to_frontier=0.000 m, limit=0.10 m -> usable
[controller_server-10] [INFO] [1790925000.579929252] [controller_server]: Passing new path to controller.
[INFO] [1790925001.548989005] [mapex_explorer]: Main /plan diagnostic: poses=367, endpoint=(6.38, 11.10), frontier=(6.38, 11.10), endpoint_to_frontier=0.000 m, limit=0.10 m -> usable
[controller_server-10] [INFO] [1790925001.579933483] [controller_server]: Passing new path to controller.
[INFO] [1790925002.570108179] [mapex_explorer]: Main /plan diagnostic: poses=357, endpoint=(6.38, 11.10), frontier=(6.38, 11.10), endpoint_to_frontier=0.000 m, limit=0.10 m -> usable
[controller_server-10] [INFO] [1790925002.579931448] [controller_server]: Passing new path to controller.
[async_slam_toolbox_node-9] W20261002 14:10:02.618847 26986 preprocessor.cc:67] Specified options.num_threads: 50 exceeds maximum available from the threading model Ceres was compiled with: 16.  Bounding to maximum number available.
[controller_server-10] [INFO] [1790925003.076862652] [local_costmap.local_costmap]: StaticLayer: Resizing static layer to 561 X 251 at 0.100000 m/pix
[planner_server-12] [INFO] [1790925003.293033842] [global_costmap.global_costmap]: StaticLayer: Resizing costmap to 561 X 251 at 0.100000 m/pix
[INFO] [1790925003.594726526] [mapex_explorer]: Main /plan diagnostic: poses=347, endpoint=(6.38, 11.10), frontier=(6.38, 11.10), endpoint_to_frontier=0.000 m, limit=0.10 m -> usable
[controller_server-10] [INFO] [1790925003.646613724] [controller_server]: Passing new path to controller.
[INFO] [1790925004.625627177] [mapex_explorer]: Main /plan diagnostic: poses=337, endpoint=(6.38, 11.10), frontier=(6.38, 11.10), endpoint_to_frontier=0.000 m, limit=0.10 m -> usable
[controller_server-10] [INFO] [1790925004.646601366] [controller_server]: Passing new path to controller.
[INFO] [1790925005.642169579] [mapex_explorer]: Main /plan diagnostic: poses=327, endpoint=(6.38, 11.10), frontier=(6.38, 11.10), endpoint_to_frontier=0.000 m, limit=0.10 m -> usable
[controller_server-10] [INFO] [1790925005.713287982] [controller_server]: Passing new path to controller.
[INFO] [1790925006.666352066] [mapex_explorer]: Main /plan diagnostic: poses=317, endpoint=(6.38, 11.10), frontier=(6.38, 11.10), endpoint_to_frontier=0.000 m, limit=0.10 m -> usable
[controller_server-10] [INFO] [1790925006.713299240] [controller_server]: Passing new path to controller.
[INFO] [1790925007.704798459] [mapex_explorer]: Main /plan diagnostic: poses=307, endpoint=(6.38, 11.10), frontier=(6.38, 11.10), endpoint_to_frontier=0.000 m, limit=0.10 m -> usable
[controller_server-10] [INFO] [1790925007.713267588] [controller_server]: Passing new path to controller.
[INFO] [1790925008.763545434] [mapex_explorer]: Main /plan diagnostic: poses=297, endpoint=(6.38, 11.10), frontier=(6.38, 11.10), endpoint_to_frontier=0.000 m, limit=0.10 m -> usable
[controller_server-10] [INFO] [1790925008.779936286] [controller_server]: Passing new path to controller.
[INFO] [1790925009.746947246] [mapex_explorer]: Main /plan diagnostic: poses=287, endpoint=(6.38, 11.10), frontier=(6.38, 11.10), endpoint_to_frontier=0.000 m, limit=0.10 m -> usable
[controller_server-10] [INFO] [1790925009.779927527] [controller_server]: Passing new path to controller.
[INFO] [1790925010.784087854] [mapex_explorer]: Main /plan diagnostic: poses=277, endpoint=(6.38, 11.10), frontier=(6.38, 11.10), endpoint_to_frontier=0.000 m, limit=0.10 m -> usable
[controller_server-10] [INFO] [1790925010.846598678] [controller_server]: Passing new path to controller.
[controller_server-10] [INFO] [1790925011.846596331] [controller_server]: Passing new path to controller.
[INFO] [1790925011.870291423] [mapex_explorer]: Main /plan diagnostic: poses=267, endpoint=(6.38, 11.10), frontier=(6.38, 11.10), endpoint_to_frontier=0.000 m, limit=0.10 m -> usable
[INFO] [1790925012.830417410] [mapex_explorer]: Main /plan diagnostic: poses=257, endpoint=(6.38, 11.10), frontier=(6.38, 11.10), endpoint_to_frontier=0.000 m, limit=0.10 m -> usable
[controller_server-10] [INFO] [1790925012.846604450] [controller_server]: Passing new path to controller.
[INFO] [1790925013.871775785] [mapex_explorer]: Main /plan diagnostic: poses=247, endpoint=(6.38, 11.10), frontier=(6.38, 11.10), endpoint_to_frontier=0.000 m, limit=0.10 m -> usable
[controller_server-10] [INFO] [1790925013.913288356] [controller_server]: Passing new path to controller.
[INFO] [1790925014.891754605] [mapex_explorer]: Main /plan diagnostic: poses=237, endpoint=(6.38, 11.10), frontier=(6.38, 11.10), endpoint_to_frontier=0.000 m, limit=0.10 m -> usable
[controller_server-10] [INFO] [1790925014.913284002] [controller_server]: Passing new path to controller.
[INFO] [1790925015.911378455] [mapex_explorer]: Main /plan diagnostic: poses=225, endpoint=(6.38, 11.10), frontier=(6.38, 11.10), endpoint_to_frontier=0.000 m, limit=0.10 m -> usable
[controller_server-10] [INFO] [1790925015.979933592] [controller_server]: Passing new path to controller.
[INFO] [1790925016.977621715] [mapex_explorer]: Main /plan diagnostic: poses=215, endpoint=(6.38, 11.10), frontier=(6.38, 11.10), endpoint_to_frontier=0.000 m, limit=0.10 m -> usable
[controller_server-10] [INFO] [1790925016.979941814] [controller_server]: Passing new path to controller.
[INFO] [1790925017.976224051] [mapex_explorer]: Main /plan diagnostic: poses=205, endpoint=(6.38, 11.10), frontier=(6.38, 11.10), endpoint_to_frontier=0.000 m, limit=0.10 m -> usable
[controller_server-10] [INFO] [1790925017.979927134] [controller_server]: Passing new path to controller.
[INFO] [1790925018.983210351] [mapex_explorer]: Main /plan diagnostic: poses=195, endpoint=(6.38, 11.10), frontier=(6.38, 11.10), endpoint_to_frontier=0.000 m, limit=0.10 m -> usable
[controller_server-10] [INFO] [1790925019.046633630] [controller_server]: Passing new path to controller.
[INFO] [1790925020.011283456] [mapex_explorer]: Main /plan diagnostic: poses=185, endpoint=(6.38, 11.10), frontier=(6.38, 11.10), endpoint_to_frontier=0.000 m, limit=0.10 m -> usable
[controller_server-10] [INFO] [1790925020.046593869] [controller_server]: Passing new path to controller.
[INFO] [1790925021.044692359] [mapex_explorer]: Main /plan diagnostic: poses=175, endpoint=(6.38, 11.10), frontier=(6.38, 11.10), endpoint_to_frontier=0.000 m, limit=0.10 m -> usable
[controller_server-10] [INFO] [1790925021.046597194] [controller_server]: Passing new path to controller.
[INFO] [1790925022.065875794] [mapex_explorer]: Main /plan diagnostic: poses=165, endpoint=(6.38, 11.10), frontier=(6.38, 11.10), endpoint_to_frontier=0.000 m, limit=0.10 m -> usable
[controller_server-10] [INFO] [1790925022.113263063] [controller_server]: Passing new path to controller.
[controller_server-10] [INFO] [1790925023.113288223] [controller_server]: Passing new path to controller.
[INFO] [1790925023.123494806] [mapex_explorer]: Main /plan diagnostic: poses=153, endpoint=(6.38, 11.10), frontier=(6.38, 11.10), endpoint_to_frontier=0.000 m, limit=0.10 m -> usable
[INFO] [1790925024.141739747] [mapex_explorer]: Main /plan diagnostic: poses=145, endpoint=(6.38, 11.10), frontier=(6.38, 11.10), endpoint_to_frontier=0.000 m, limit=0.10 m -> usable
[controller_server-10] [INFO] [1790925024.179929982] [controller_server]: Passing new path to controller.
[INFO] [1790925025.148774270] [mapex_explorer]: Main /plan diagnostic: poses=133, endpoint=(6.38, 11.10), frontier=(6.38, 11.10), endpoint_to_frontier=0.000 m, limit=0.10 m -> usable
[controller_server-10] [INFO] [1790925025.179927365] [controller_server]: Passing new path to controller.
[INFO] [1790925026.167545417] [mapex_explorer]: Main /plan diagnostic: poses=123, endpoint=(6.38, 11.10), frontier=(6.38, 11.10), endpoint_to_frontier=0.000 m, limit=0.10 m -> usable
[controller_server-10] [INFO] [1790925026.179929291] [controller_server]: Passing new path to controller.
[INFO] [1790925027.203177658] [mapex_explorer]: Main /plan diagnostic: poses=117, endpoint=(6.38, 11.10), frontier=(6.38, 11.10), endpoint_to_frontier=0.000 m, limit=0.10 m -> usable
[controller_server-10] [INFO] [1790925027.246598330] [controller_server]: Passing new path to controller.
[INFO] [1790925028.206147885] [mapex_explorer]: Main /plan diagnostic: poses=102, endpoint=(6.38, 11.10), frontier=(6.38, 11.10), endpoint_to_frontier=0.000 m, limit=0.10 m -> usable
[controller_server-10] [INFO] [1790925028.246601397] [controller_server]: Passing new path to controller.
[INFO] [1790925029.242767924] [mapex_explorer]: Main /plan diagnostic: poses=92, endpoint=(6.38, 11.10), frontier=(6.38, 11.10), endpoint_to_frontier=0.000 m, limit=0.10 m -> usable
[controller_server-10] [INFO] [1790925029.246599389] [controller_server]: Passing new path to controller.
[INFO] [1790925030.270329438] [mapex_explorer]: Main /plan diagnostic: poses=82, endpoint=(6.38, 11.10), frontier=(6.38, 11.10), endpoint_to_frontier=0.000 m, limit=0.10 m -> usable
[controller_server-10] [INFO] [1790925030.313296651] [controller_server]: Passing new path to controller.
[controller_server-10] [INFO] [1790925031.313287276] [controller_server]: Passing new path to controller.
[INFO] [1790925031.347304570] [mapex_explorer]: Main /plan diagnostic: poses=72, endpoint=(6.38, 11.10), frontier=(6.38, 11.10), endpoint_to_frontier=0.000 m, limit=0.10 m -> usable
[INFO] [1790925032.328883791] [mapex_explorer]: Main /plan diagnostic: poses=62, endpoint=(6.38, 11.10), frontier=(6.38, 11.10), endpoint_to_frontier=0.000 m, limit=0.10 m -> usable
[controller_server-10] [INFO] [1790925032.379954914] [controller_server]: Passing new path to controller.
[INFO] [1790925033.354215217] [mapex_explorer]: Main /plan diagnostic: poses=52, endpoint=(6.38, 11.10), frontier=(6.38, 11.10), endpoint_to_frontier=0.000 m, limit=0.10 m -> usable
[controller_server-10] [INFO] [1790925033.379945777] [controller_server]: Passing new path to controller.
[INFO] [1790925034.367141412] [mapex_explorer]: Main /plan diagnostic: poses=42, endpoint=(6.38, 11.10), frontier=(6.38, 11.10), endpoint_to_frontier=0.000 m, limit=0.10 m -> usable
[controller_server-10] [INFO] [1790925034.446750223] [controller_server]: Passing new path to controller.
[INFO] [1790925035.401714488] [mapex_explorer]: Main /plan diagnostic: poses=31, endpoint=(6.38, 11.10), frontier=(6.38, 11.10), endpoint_to_frontier=0.000 m, limit=0.10 m -> usable
[controller_server-10] [INFO] [1790925035.446634266] [controller_server]: Passing new path to controller.
[INFO] [1790925036.422667414] [mapex_explorer]: Main /plan diagnostic: poses=20, endpoint=(6.38, 11.10), frontier=(6.38, 11.10), endpoint_to_frontier=0.000 m, limit=0.10 m -> usable
[controller_server-10] [INFO] [1790925036.446638417] [controller_server]: Passing new path to controller.
[INFO] [1790925037.467086820] [mapex_explorer]: Main /plan diagnostic: poses=14, endpoint=(6.38, 11.10), frontier=(6.38, 11.10), endpoint_to_frontier=0.000 m, limit=0.10 m -> usable
[controller_server-10] [INFO] [1790925037.513282952] [controller_server]: Passing new path to controller.
[INFO] [1790925038.490278648] [mapex_explorer]: Main /plan diagnostic: poses=7, endpoint=(6.38, 11.10), frontier=(6.38, 11.10), endpoint_to_frontier=0.000 m, limit=0.10 m -> usable
[controller_server-10] [INFO] [1790925038.513327848] [controller_server]: Passing new path to controller.
[controller_server-10] [INFO] [1790925038.782881854] [controller_server]: Reached the goal!
[controller_server-10] [INFO] [1790925038.783294403] [controller_server]: Optimizer reset
[bt_navigator-15] [INFO] [1790925038.811803615] [bt_navigator]: Goal succeeded
[INFO] [1790925038.813765700] [mapex_explorer]: Goal reached
[INFO] [1790925045.441918536] [mapex_explorer]: MapEx decision 35: selected x=9.18, y=8.00, IG=5.890094, distance=3.86 m, score=1.525879, region=22, candidates=11, near_fallback=False, compute=5.88 s
[bt_navigator-15] [INFO] [1790925045.442869311] [bt_navigator]: Begin navigating from current location (6.57, 10.85) to (9.18, 8.00)
[controller_server-10] [INFO] [1790925045.463870088] [controller_server]: Received a goal, begin computing control effort.
[INFO] [1790925045.561382041] [mapex_explorer]: Main goal accepted
[INFO] [1790925045.705997505] [mapex_explorer]: Main /plan diagnostic: poses=635, endpoint=(9.18, 8.00), frontier=(9.18, 8.00), endpoint_to_frontier=0.000 m, limit=0.10 m -> usable
[INFO] [1790925046.512681259] [mapex_explorer]: Main /plan diagnostic: poses=630, endpoint=(9.18, 8.00), frontier=(9.18, 8.00), endpoint_to_frontier=0.000 m, limit=0.10 m -> usable
[controller_server-10] [INFO] [1790925046.530755917] [controller_server]: Passing new path to controller.
[INFO] [1790925047.529052866] [mapex_explorer]: Main /plan diagnostic: poses=621, endpoint=(9.18, 8.00), frontier=(9.18, 8.00), endpoint_to_frontier=0.000 m, limit=0.10 m -> usable
[controller_server-10] [INFO] [1790925047.530758917] [controller_server]: Passing new path to controller.
[INFO] [1790925048.557539015] [mapex_explorer]: Main /plan diagnostic: poses=616, endpoint=(9.18, 8.00), frontier=(9.18, 8.00), endpoint_to_frontier=0.000 m, limit=0.10 m -> usable
[controller_server-10] [INFO] [1790925048.597454030] [controller_server]: Passing new path to controller.
[INFO] [1790925049.583128102] [mapex_explorer]: Main /plan diagnostic: poses=609, endpoint=(9.18, 8.00), frontier=(9.18, 8.00), endpoint_to_frontier=0.000 m, limit=0.10 m -> usable
[controller_server-10] [INFO] [1790925049.597421264] [controller_server]: Passing new path to controller.
[INFO] [1790925050.609721044] [mapex_explorer]: Main /plan diagnostic: poses=609, endpoint=(9.18, 8.00), frontier=(9.18, 8.00), endpoint_to_frontier=0.000 m, limit=0.10 m -> usable
[controller_server-10] [INFO] [1790925050.664097275] [controller_server]: Passing new path to controller.
[controller_server-10] [INFO] [1790925051.664116633] [controller_server]: Passing new path to controller.
[INFO] [1790925051.705056190] [mapex_explorer]: Main /plan diagnostic: poses=609, endpoint=(9.18, 8.00), frontier=(9.18, 8.00), endpoint_to_frontier=0.000 m, limit=0.10 m -> usable
[INFO] [1790925052.649949599] [mapex_explorer]: Main /plan diagnostic: poses=606, endpoint=(9.18, 8.00), frontier=(9.18, 8.00), endpoint_to_frontier=0.000 m, limit=0.10 m -> usable
[controller_server-10] [INFO] [1790925052.664115842] [controller_server]: Passing new path to controller.
[INFO] [1790925053.702799999] [mapex_explorer]: Main /plan diagnostic: poses=597, endpoint=(9.18, 8.00), frontier=(9.18, 8.00), endpoint_to_frontier=0.000 m, limit=0.10 m -> usable
[controller_server-10] [INFO] [1790925053.730824842] [controller_server]: Passing new path to controller.
[controller_server-10] [INFO] [1790925054.730777112] [controller_server]: Passing new path to controller.
[INFO] [1790925054.789076066] [mapex_explorer]: Main /plan diagnostic: poses=587, endpoint=(9.18, 8.00), frontier=(9.18, 8.00), endpoint_to_frontier=0.000 m, limit=0.10 m -> usable
[INFO] [1790925055.723599930] [mapex_explorer]: Main /plan diagnostic: poses=576, endpoint=(9.18, 8.00), frontier=(9.18, 8.00), endpoint_to_frontier=0.000 m, limit=0.10 m -> usable
[controller_server-10] [INFO] [1790925055.730949836] [controller_server]: Passing new path to controller.
[controller_server-10] [INFO] [1790925056.797421395] [controller_server]: Passing new path to controller.
[INFO] [1790925056.807602092] [mapex_explorer]: Main /plan diagnostic: poses=567, endpoint=(9.18, 8.00), frontier=(9.18, 8.00), endpoint_to_frontier=0.000 m, limit=0.10 m -> usable
[INFO] [1790925057.782035488] [mapex_explorer]: Main /plan diagnostic: poses=556, endpoint=(9.18, 8.00), frontier=(9.18, 8.00), endpoint_to_frontier=0.000 m, limit=0.10 m -> usable
[controller_server-10] [INFO] [1790925057.797439195] [controller_server]: Passing new path to controller.
[INFO] [1790925058.856172807] [mapex_explorer]: Main /plan diagnostic: poses=546, endpoint=(9.18, 8.00), frontier=(9.18, 8.00), endpoint_to_frontier=0.000 m, limit=0.10 m -> usable
[controller_server-10] [INFO] [1790925058.864087564] [controller_server]: Passing new path to controller.
[INFO] [1790925059.846033884] [mapex_explorer]: Main /plan diagnostic: poses=535, endpoint=(9.18, 8.00), frontier=(9.18, 8.00), endpoint_to_frontier=0.000 m, limit=0.10 m -> usable
[controller_server-10] [INFO] [1790925059.864097150] [controller_server]: Passing new path to controller.
[controller_server-10] [INFO] [1790925060.864086769] [controller_server]: Passing new path to controller.
[INFO] [1790925060.937548547] [mapex_explorer]: Main /plan diagnostic: poses=525, endpoint=(9.18, 8.00), frontier=(9.18, 8.00), endpoint_to_frontier=0.000 m, limit=0.10 m -> usable
[INFO] [1790925061.886305066] [mapex_explorer]: Main /plan diagnostic: poses=515, endpoint=(9.18, 8.00), frontier=(9.18, 8.00), endpoint_to_frontier=0.000 m, limit=0.10 m -> usable
[controller_server-10] [INFO] [1790925061.930755236] [controller_server]: Passing new path to controller.
[INFO] [1790925062.919711626] [mapex_explorer]: Main /plan diagnostic: poses=504, endpoint=(9.18, 8.00), frontier=(9.18, 8.00), endpoint_to_frontier=0.000 m, limit=0.10 m -> usable
[controller_server-10] [INFO] [1790925062.930756040] [controller_server]: Passing new path to controller.
[INFO] [1790925063.945867044] [mapex_explorer]: Main /plan diagnostic: poses=495, endpoint=(9.18, 8.00), frontier=(9.18, 8.00), endpoint_to_frontier=0.000 m, limit=0.10 m -> usable
[controller_server-10] [INFO] [1790925063.997443210] [controller_server]: Passing new path to controller.
[controller_server-10] [INFO] [1790925064.997420110] [controller_server]: Passing new path to controller.
[INFO] [1790925065.005924206] [mapex_explorer]: Main /plan diagnostic: poses=484, endpoint=(9.18, 8.00), frontier=(9.18, 8.00), endpoint_to_frontier=0.000 m, limit=0.10 m -> usable
[INFO] [1790925066.013226652] [mapex_explorer]: Main /plan diagnostic: poses=472, endpoint=(9.18, 8.00), frontier=(9.18, 8.00), endpoint_to_frontier=0.000 m, limit=0.10 m -> usable
[controller_server-10] [INFO] [1790925066.064118265] [controller_server]: Passing new path to controller.
[INFO] [1790925067.028662270] [mapex_explorer]: Main /plan diagnostic: poses=463, endpoint=(9.18, 8.00), frontier=(9.18, 8.00), endpoint_to_frontier=0.000 m, limit=0.10 m -> usable
[controller_server-10] [INFO] [1790925067.064112453] [controller_server]: Passing new path to controller.
[INFO] [1790925068.059545151] [mapex_explorer]: Main /plan diagnostic: poses=452, endpoint=(9.18, 8.00), frontier=(9.18, 8.00), endpoint_to_frontier=0.000 m, limit=0.10 m -> usable
[controller_server-10] [INFO] [1790925068.064128417] [controller_server]: Passing new path to controller.
[INFO] [1790925069.129392376] [mapex_explorer]: Main /plan diagnostic: poses=443, endpoint=(9.18, 8.00), frontier=(9.18, 8.00), endpoint_to_frontier=0.000 m, limit=0.10 m -> usable
[controller_server-10] [INFO] [1790925069.130756263] [controller_server]: Passing new path to controller.
[async_slam_toolbox_node-9] W20261002 14:11:09.325560 26986 preprocessor.cc:67] Specified options.num_threads: 50 exceeds maximum available from the threading model Ceres was compiled with: 16.  Bounding to maximum number available.
[async_slam_toolbox_node-9] [INFO] [1790925069.362023821] [slam_toolbox]: Adaptive anchor summary: latest_node=3324, local_edges=3404, loop_history=0, avg_effective_weight=1.085, release_regions=0
[rviz2-7] [INFO] [1790925070.039791941] [rviz2]: Trying to create a map of size 561 x 252 using 1 swatches
[controller_server-10] [INFO] [1790925070.076772095] [local_costmap.local_costmap]: StaticLayer: Resizing static layer to 561 X 252 at 0.100000 m/pix
[INFO] [1790925070.129901109] [mapex_explorer]: Main /plan diagnostic: poses=431, endpoint=(9.18, 8.00), frontier=(9.18, 8.00), endpoint_to_frontier=0.000 m, limit=0.10 m -> usable
[controller_server-10] [INFO] [1790925070.130752303] [controller_server]: Passing new path to controller.
[planner_server-12] [INFO] [1790925070.293047594] [global_costmap.global_costmap]: StaticLayer: Resizing costmap to 561 X 252 at 0.100000 m/pix
[INFO] [1790925071.152198634] [mapex_explorer]: Main /plan diagnostic: poses=423, endpoint=(9.18, 8.00), frontier=(9.18, 8.00), endpoint_to_frontier=0.000 m, limit=0.10 m -> usable
[controller_server-10] [INFO] [1790925071.197456634] [controller_server]: Passing new path to controller.
[INFO] [1790925072.192997265] [mapex_explorer]: Main /plan diagnostic: poses=412, endpoint=(9.18, 8.00), frontier=(9.18, 8.00), endpoint_to_frontier=0.000 m, limit=0.10 m -> usable
[controller_server-10] [INFO] [1790925072.197420729] [controller_server]: Passing new path to controller.
[INFO] [1790925073.222095744] [mapex_explorer]: Main /plan diagnostic: poses=401, endpoint=(9.18, 8.00), frontier=(9.18, 8.00), endpoint_to_frontier=0.000 m, limit=0.10 m -> usable
[controller_server-10] [INFO] [1790925073.264091112] [controller_server]: Passing new path to controller.
[controller_server-10] [INFO] [1790925074.264092855] [controller_server]: Passing new path to controller.
[INFO] [1790925074.300483228] [mapex_explorer]: Main /plan diagnostic: poses=393, endpoint=(9.18, 8.00), frontier=(9.18, 8.00), endpoint_to_frontier=0.000 m, limit=0.10 m -> usable
[controller_server-10] [INFO] [1790925075.264118615] [controller_server]: Passing new path to controller.
[INFO] [1790925075.270605253] [mapex_explorer]: Main /plan diagnostic: poses=382, endpoint=(9.18, 8.00), frontier=(9.18, 8.00), endpoint_to_frontier=0.000 m, limit=0.10 m -> usable
[INFO] [1790925076.293239032] [mapex_explorer]: Main /plan diagnostic: poses=372, endpoint=(9.18, 8.00), frontier=(9.18, 8.00), endpoint_to_frontier=0.000 m, limit=0.10 m -> usable
[controller_server-10] [INFO] [1790925076.330753630] [controller_server]: Passing new path to controller.
[INFO] [1790925077.326029969] [mapex_explorer]: Main /plan diagnostic: poses=361, endpoint=(9.18, 8.00), frontier=(9.18, 8.00), endpoint_to_frontier=0.000 m, limit=0.10 m -> usable
[controller_server-10] [INFO] [1790925077.330779052] [controller_server]: Passing new path to controller.
[controller_server-10] [INFO] [1790925078.330771931] [controller_server]: Passing new path to controller.
[INFO] [1790925078.348653683] [mapex_explorer]: Main /plan diagnostic: poses=352, endpoint=(9.18, 8.00), frontier=(9.18, 8.00), endpoint_to_frontier=0.000 m, limit=0.10 m -> usable
[INFO] [1790925079.348241986] [mapex_explorer]: Main /plan diagnostic: poses=341, endpoint=(9.18, 8.00), frontier=(9.18, 8.00), endpoint_to_frontier=0.000 m, limit=0.10 m -> usable
[controller_server-10] [INFO] [1790925079.397426320] [controller_server]: Passing new path to controller.
[INFO] [1790925080.370295975] [mapex_explorer]: Main /plan diagnostic: poses=333, endpoint=(9.18, 8.00), frontier=(9.18, 8.00), endpoint_to_frontier=0.000 m, limit=0.10 m -> usable
[controller_server-10] [INFO] [1790925080.397431135] [controller_server]: Passing new path to controller.
[INFO] [1790925081.430839275] [mapex_explorer]: Main /plan diagnostic: poses=323, endpoint=(9.18, 8.00), frontier=(9.18, 8.00), endpoint_to_frontier=0.000 m, limit=0.10 m -> usable
[controller_server-10] [INFO] [1790925081.464127466] [controller_server]: Passing new path to controller.
[INFO] [1790925082.418920233] [mapex_explorer]: Main /plan diagnostic: poses=313, endpoint=(9.18, 8.00), frontier=(9.18, 8.00), endpoint_to_frontier=0.000 m, limit=0.10 m -> usable
[controller_server-10] [INFO] [1790925082.464088272] [controller_server]: Passing new path to controller.
[INFO] [1790925083.452377934] [mapex_explorer]: Main /plan diagnostic: poses=303, endpoint=(9.18, 8.00), frontier=(9.18, 8.00), endpoint_to_frontier=0.000 m, limit=0.10 m -> usable
[controller_server-10] [INFO] [1790925083.464088519] [controller_server]: Passing new path to controller.
[INFO] [1790925084.474206634] [mapex_explorer]: Main /plan diagnostic: poses=293, endpoint=(9.18, 8.00), frontier=(9.18, 8.00), endpoint_to_frontier=0.000 m, limit=0.10 m -> usable
[controller_server-10] [INFO] [1790925084.530778834] [controller_server]: Passing new path to controller.
[INFO] [1790925085.498606749] [mapex_explorer]: Main /plan diagnostic: poses=281, endpoint=(9.18, 8.00), frontier=(9.18, 8.00), endpoint_to_frontier=0.000 m, limit=0.10 m -> usable
[controller_server-10] [INFO] [1790925085.530778814] [controller_server]: Passing new path to controller.
[INFO] [1790925086.531948520] [mapex_explorer]: Main /plan diagnostic: poses=272, endpoint=(9.18, 8.00), frontier=(9.18, 8.00), endpoint_to_frontier=0.000 m, limit=0.10 m -> usable
[controller_server-10] [INFO] [1790925086.597421514] [controller_server]: Passing new path to controller.
[INFO] [1790925087.578332102] [mapex_explorer]: Main /plan diagnostic: poses=259, endpoint=(9.18, 8.00), frontier=(9.18, 8.00), endpoint_to_frontier=0.000 m, limit=0.10 m -> usable
[controller_server-10] [INFO] [1790925087.597448414] [controller_server]: Passing new path to controller.
[INFO] [1790925088.590856811] [mapex_explorer]: Main /plan diagnostic: poses=248, endpoint=(9.18, 8.00), frontier=(9.18, 8.00), endpoint_to_frontier=0.000 m, limit=0.10 m -> usable
[controller_server-10] [INFO] [1790925088.597420504] [controller_server]: Passing new path to controller.
[async_slam_toolbox_node-9] W20261002 14:11:28.982522 26986 preprocessor.cc:67] Specified options.num_threads: 50 exceeds maximum available from the threading model Ceres was compiled with: 16.  Bounding to maximum number available.
[async_slam_toolbox_node-9] [INFO] [1790925089.012975337] [slam_toolbox]: Adaptive anchor summary: latest_node=3389, local_edges=3469, loop_history=0, avg_effective_weight=1.083, release_regions=0
[INFO] [1790925089.603690016] [mapex_explorer]: Main /plan diagnostic: poses=239, endpoint=(9.18, 8.00), frontier=(9.18, 8.00), endpoint_to_frontier=0.000 m, limit=0.10 m -> usable
[controller_server-10] [INFO] [1790925089.664253078] [controller_server]: Passing new path to controller.
[rviz2-7] [INFO] [1790925089.976996391] [rviz2]: Trying to create a map of size 561 x 251 using 1 swatches
[controller_server-10] [INFO] [1790925090.076782454] [local_costmap.local_costmap]: StaticLayer: Resizing static layer to 561 X 251 at 0.100000 m/pix
[planner_server-12] [INFO] [1790925090.293018699] [global_costmap.global_costmap]: StaticLayer: Resizing costmap to 561 X 251 at 0.100000 m/pix
[INFO] [1790925090.612947214] [mapex_explorer]: Main /plan diagnostic: poses=230, endpoint=(9.18, 8.00), frontier=(9.18, 8.00), endpoint_to_frontier=0.000 m, limit=0.10 m -> usable
[controller_server-10] [INFO] [1790925090.664121107] [controller_server]: Passing new path to controller.
[controller_server-10] [INFO] [1790925091.664087471] [controller_server]: Passing new path to controller.
[INFO] [1790925091.767535702] [mapex_explorer]: Main /plan diagnostic: poses=219, endpoint=(9.18, 8.00), frontier=(9.18, 8.00), endpoint_to_frontier=0.000 m, limit=0.10 m -> usable
[rviz2-7] [INFO] [1790925091.959079895] [rviz2]: Trying to create a map of size 561 x 252 using 1 swatches
[controller_server-10] [INFO] [1790925092.076713177] [local_costmap.local_costmap]: StaticLayer: Resizing static layer to 561 X 252 at 0.100000 m/pix
[async_slam_toolbox_node-9] W20261002 14:11:32.239622 26986 preprocessor.cc:67] Specified options.num_threads: 50 exceeds maximum available from the threading model Ceres was compiled with: 16.  Bounding to maximum number available.
[planner_server-12] [INFO] [1790925092.293075452] [global_costmap.global_costmap]: StaticLayer: Resizing costmap to 561 X 252 at 0.100000 m/pix
[controller_server-10] [INFO] [1790925092.730765946] [controller_server]: Passing new path to controller.
[INFO] [1790925092.731830685] [mapex_explorer]: Main /plan diagnostic: poses=211, endpoint=(9.18, 8.00), frontier=(9.18, 8.00), endpoint_to_frontier=0.000 m, limit=0.10 m -> usable
[controller_server-10] [INFO] [1790925093.730899902] [controller_server]: Passing new path to controller.
[INFO] [1790925093.781869401] [mapex_explorer]: Main /plan diagnostic: poses=200, endpoint=(9.18, 8.00), frontier=(9.18, 8.00), endpoint_to_frontier=0.000 m, limit=0.10 m -> usable
[controller_server-10] [INFO] [1790925094.797420913] [controller_server]: Passing new path to controller.
[INFO] [1790925094.820511172] [mapex_explorer]: Main /plan diagnostic: poses=190, endpoint=(9.18, 8.00), frontier=(9.18, 8.00), endpoint_to_frontier=0.000 m, limit=0.10 m -> usable
[INFO] [1790925095.778280334] [mapex_explorer]: Main /plan diagnostic: poses=180, endpoint=(9.18, 8.00), frontier=(9.18, 8.00), endpoint_to_frontier=0.000 m, limit=0.10 m -> usable
[controller_server-10] [INFO] [1790925095.797433835] [controller_server]: Passing new path to controller.
[INFO] [1790925096.759566130] [mapex_explorer]: Main /plan diagnostic: poses=170, endpoint=(9.18, 8.00), frontier=(9.18, 8.00), endpoint_to_frontier=0.000 m, limit=0.10 m -> usable
[controller_server-10] [INFO] [1790925096.797448258] [controller_server]: Passing new path to controller.
[INFO] [1790925097.793588823] [mapex_explorer]: Main /plan diagnostic: poses=161, endpoint=(9.18, 8.00), frontier=(9.18, 8.00), endpoint_to_frontier=0.000 m, limit=0.10 m -> usable
[controller_server-10] [INFO] [1790925097.864088382] [controller_server]: Passing new path to controller.
[INFO] [1790925098.811685162] [mapex_explorer]: Main /plan diagnostic: poses=150, endpoint=(9.18, 8.00), frontier=(9.18, 8.00), endpoint_to_frontier=0.000 m, limit=0.10 m -> usable
[controller_server-10] [INFO] [1790925098.864095798] [controller_server]: Passing new path to controller.
[INFO] [1790925099.856572085] [mapex_explorer]: Main /plan diagnostic: poses=140, endpoint=(9.18, 8.00), frontier=(9.18, 8.00), endpoint_to_frontier=0.000 m, limit=0.10 m -> usable
[controller_server-10] [INFO] [1790925099.864114406] [controller_server]: Passing new path to controller.
[INFO] [1790925100.877066194] [mapex_explorer]: Main /plan diagnostic: poses=129, endpoint=(9.18, 8.00), frontier=(9.18, 8.00), endpoint_to_frontier=0.000 m, limit=0.10 m -> usable
[controller_server-10] [INFO] [1790925100.930781359] [controller_server]: Passing new path to controller.
[INFO] [1790925101.887965607] [mapex_explorer]: Main /plan diagnostic: poses=121, endpoint=(9.18, 8.00), frontier=(9.18, 8.00), endpoint_to_frontier=0.000 m, limit=0.10 m -> usable
[controller_server-10] [INFO] [1790925101.930761300] [controller_server]: Passing new path to controller.
[INFO] [1790925102.923176584] [mapex_explorer]: Main /plan diagnostic: poses=110, endpoint=(9.18, 8.00), frontier=(9.18, 8.00), endpoint_to_frontier=0.000 m, limit=0.10 m -> usable
[controller_server-10] [INFO] [1790925102.997424811] [controller_server]: Passing new path to controller.
[INFO] [1790925103.996300350] [mapex_explorer]: Main /plan diagnostic: poses=99, endpoint=(9.18, 8.00), frontier=(9.18, 8.00), endpoint_to_frontier=0.000 m, limit=0.10 m -> usable
[controller_server-10] [INFO] [1790925103.997425170] [controller_server]: Passing new path to controller.
[INFO] [1790925104.985981599] [mapex_explorer]: Main /plan diagnostic: poses=89, endpoint=(9.18, 8.00), frontier=(9.18, 8.00), endpoint_to_frontier=0.000 m, limit=0.10 m -> usable
[controller_server-10] [INFO] [1790925104.997425022] [controller_server]: Passing new path to controller.
[INFO] [1790925106.007025588] [mapex_explorer]: Main /plan diagnostic: poses=78, endpoint=(9.18, 8.00), frontier=(9.18, 8.00), endpoint_to_frontier=0.000 m, limit=0.10 m -> usable
[controller_server-10] [INFO] [1790925106.064117221] [controller_server]: Passing new path to controller.
[INFO] [1790925107.040942721] [mapex_explorer]: Main /plan diagnostic: poses=69, endpoint=(9.18, 8.00), frontier=(9.18, 8.00), endpoint_to_frontier=0.000 m, limit=0.10 m -> usable
[controller_server-10] [INFO] [1790925107.064118146] [controller_server]: Passing new path to controller.
[INFO] [1790925108.070938218] [mapex_explorer]: Main /plan diagnostic: poses=59, endpoint=(9.18, 8.00), frontier=(9.18, 8.00), endpoint_to_frontier=0.000 m, limit=0.10 m -> usable
[controller_server-10] [INFO] [1790925108.130755163] [controller_server]: Passing new path to controller.
[INFO] [1790925109.092561232] [mapex_explorer]: Main /plan diagnostic: poses=49, endpoint=(9.18, 8.00), frontier=(9.18, 8.00), endpoint_to_frontier=0.000 m, limit=0.10 m -> usable
[controller_server-10] [INFO] [1790925109.130757408] [controller_server]: Passing new path to controller.
[INFO] [1790925110.128965699] [mapex_explorer]: Main /plan diagnostic: poses=39, endpoint=(9.18, 8.00), frontier=(9.18, 8.00), endpoint_to_frontier=0.000 m, limit=0.10 m -> usable
[controller_server-10] [INFO] [1790925110.197420959] [controller_server]: Passing new path to controller.
[INFO] [1790925111.142255038] [mapex_explorer]: Main /plan diagnostic: poses=29, endpoint=(9.18, 8.00), frontier=(9.18, 8.00), endpoint_to_frontier=0.000 m, limit=0.10 m -> usable
[controller_server-10] [INFO] [1790925111.197441564] [controller_server]: Passing new path to controller.
[INFO] [1790925112.170002236] [mapex_explorer]: Main /plan diagnostic: poses=19, endpoint=(9.18, 8.00), frontier=(9.18, 8.00), endpoint_to_frontier=0.000 m, limit=0.10 m -> usable
[controller_server-10] [INFO] [1790925112.197476307] [controller_server]: Passing new path to controller.
[INFO] [1790925113.185894076] [mapex_explorer]: Main /plan diagnostic: poses=12, endpoint=(9.18, 8.00), frontier=(9.18, 8.00), endpoint_to_frontier=0.000 m, limit=0.10 m -> usable
[controller_server-10] [INFO] [1790925113.264109314] [controller_server]: Passing new path to controller.
[INFO] [1790925114.207002791] [mapex_explorer]: Main /plan diagnostic: poses=8, endpoint=(9.18, 8.00), frontier=(9.18, 8.00), endpoint_to_frontier=0.000 m, limit=0.10 m -> usable
[controller_server-10] [INFO] [1790925114.264115955] [controller_server]: Passing new path to controller.
[controller_server-10] [INFO] [1790925114.399467110] [controller_server]: Reached the goal!
[controller_server-10] [INFO] [1790925114.399786047] [controller_server]: Optimizer reset
[bt_navigator-15] [INFO] [1790925114.423094078] [bt_navigator]: Goal succeeded
[INFO] [1790925114.425612472] [mapex_explorer]: Goal reached
[INFO] [1790925119.929458387] [mapex_explorer]: MapEx decision 36: selected x=11.49, y=7.80, IG=2.061968, distance=2.20 m, score=0.937461, region=25, candidates=10, near_fallback=False, compute=5.37 s
[bt_navigator-15] [INFO] [1790925119.940021694] [bt_navigator]: Begin navigating from current location (9.33, 8.29) to (11.49, 7.80)
[planner_server-12] [WARN] [1790925119.945756182] [planner_server]: GridBased plugin failed to plan from (9.33, 8.29) to (11.49, 7.80): "Failed to create plan with tolerance of: 0.000000"
[planner_server-12] [WARN] [1790925119.945872701] [planner_server]: [compute_path_to_pose] [ActionServer] Aborting handle.
[behavior_server-14] [INFO] [1790925119.961919327] [behavior_server]: Running wait
[INFO] [1790925120.251426453] [mapex_explorer]: Main goal accepted
[behavior_server-14] [INFO] [1790925120.262161765] [behavior_server]: wait completed successfully
[planner_server-12] [WARN] [1790925120.285853588] [planner_server]: GridBased plugin failed to plan from (9.33, 8.29) to (11.49, 7.80): "Failed to create plan with tolerance of: 0.000000"
[planner_server-12] [WARN] [1790925120.285895755] [planner_server]: [compute_path_to_pose] [ActionServer] Aborting handle.
[bt_navigator-15] [WARN] [1790925120.310767465] [bt_navigator]: [navigate_to_pose] [ActionServer] Aborting handle.
[bt_navigator-15] [ERROR] [1790925120.311071498] [bt_navigator]: Goal failed
[WARN] [1790925120.330165550] [mapex_explorer]: Main goal failed (status=6, error_code=208)
[WARN] [1790925120.331111540] [mapex_explorer]: Main frontier abandoned after NO_VALID_PATH (208): x=11.49, y=7.80; candidates within 0.10 m are skipped during normal selection but will be checked again by terminal planner revalidation.
[INFO] [1790925126.505233546] [mapex_explorer]: MapEx decision 37: selected x=23.79, y=3.00, IG=9.485279, distance=15.39 m, score=0.616326, region=35, candidates=9, near_fallback=False, compute=5.87 s
[bt_navigator-15] [INFO] [1790925126.505918883] [bt_navigator]: Begin navigating from current location (9.33, 8.29) to (23.79, 3.00)
[controller_server-10] [INFO] [1790925126.526499815] [controller_server]: Received a goal, begin computing control effort.
[INFO] [1790925126.699781625] [mapex_explorer]: Main goal accepted
[INFO] [1790925126.826570491] [mapex_explorer]: Main /plan diagnostic: poses=372, endpoint=(23.79, 3.00), frontier=(23.79, 3.00), endpoint_to_frontier=0.000 m, limit=0.10 m -> usable
[INFO] [1790925127.581443304] [mapex_explorer]: Main /plan diagnostic: poses=369, endpoint=(23.79, 3.00), frontier=(23.79, 3.00), endpoint_to_frontier=0.000 m, limit=0.10 m -> usable
[controller_server-10] [INFO] [1790925127.593374460] [controller_server]: Passing new path to controller.
[INFO] [1790925128.587221258] [mapex_explorer]: Main /plan diagnostic: poses=363, endpoint=(23.79, 3.00), frontier=(23.79, 3.00), endpoint_to_frontier=0.000 m, limit=0.10 m -> usable
[controller_server-10] [INFO] [1790925128.593295981] [controller_server]: Passing new path to controller.
[controller_server-10] [INFO] [1790925129.659963638] [controller_server]: Passing new path to controller.
[INFO] [1790925129.669948833] [mapex_explorer]: Main /plan diagnostic: poses=361, endpoint=(23.79, 3.00), frontier=(23.79, 3.00), endpoint_to_frontier=0.000 m, limit=0.10 m -> usable
[controller_server-10] [INFO] [1790925130.659992336] [controller_server]: Passing new path to controller.
[INFO] [1790925130.662083811] [mapex_explorer]: Main /plan diagnostic: poses=361, endpoint=(23.79, 3.00), frontier=(23.79, 3.00), endpoint_to_frontier=0.000 m, limit=0.10 m -> usable
[INFO] [1790925131.703430726] [mapex_explorer]: Main /plan diagnostic: poses=351, endpoint=(23.79, 3.00), frontier=(23.79, 3.00), endpoint_to_frontier=0.000 m, limit=0.10 m -> usable
[controller_server-10] [INFO] [1790925131.726633290] [controller_server]: Passing new path to controller.
[INFO] [1790925132.693991573] [mapex_explorer]: Main /plan diagnostic: poses=341, endpoint=(23.79, 3.00), frontier=(23.79, 3.00), endpoint_to_frontier=0.000 m, limit=0.10 m -> usable
[controller_server-10] [INFO] [1790925132.726641040] [controller_server]: Passing new path to controller.
[INFO] [1790925133.704708974] [mapex_explorer]: Main /plan diagnostic: poses=331, endpoint=(23.79, 3.00), frontier=(23.79, 3.00), endpoint_to_frontier=0.000 m, limit=0.10 m -> usable
[controller_server-10] [INFO] [1790925133.726632496] [controller_server]: Passing new path to controller.
[INFO] [1790925134.732288314] [mapex_explorer]: Main /plan diagnostic: poses=321, endpoint=(23.79, 3.00), frontier=(23.79, 3.00), endpoint_to_frontier=0.000 m, limit=0.10 m -> usable
[controller_server-10] [INFO] [1790925134.793297642] [controller_server]: Passing new path to controller.
[INFO] [1790925135.761595434] [mapex_explorer]: Main /plan diagnostic: poses=311, endpoint=(23.79, 3.00), frontier=(23.79, 3.00), endpoint_to_frontier=0.000 m, limit=0.10 m -> usable
[controller_server-10] [INFO] [1790925135.793309332] [controller_server]: Passing new path to controller.
[controller_server-10] [INFO] [1790925136.793297349] [controller_server]: Passing new path to controller.
[INFO] [1790925136.797810683] [mapex_explorer]: Main /plan diagnostic: poses=301, endpoint=(23.79, 3.00), frontier=(23.79, 3.00), endpoint_to_frontier=0.000 m, limit=0.10 m -> usable
[INFO] [1790925137.804607872] [mapex_explorer]: Main /plan diagnostic: poses=291, endpoint=(23.79, 3.00), frontier=(23.79, 3.00), endpoint_to_frontier=0.000 m, limit=0.10 m -> usable
[controller_server-10] [INFO] [1790925137.859966405] [controller_server]: Passing new path to controller.
[INFO] [1790925138.838424274] [mapex_explorer]: Main /plan diagnostic: poses=282, endpoint=(23.79, 3.00), frontier=(23.79, 3.00), endpoint_to_frontier=0.000 m, limit=0.10 m -> usable
[controller_server-10] [INFO] [1790925138.859960777] [controller_server]: Passing new path to controller.
[INFO] [1790925139.854405451] [mapex_explorer]: Main /plan diagnostic: poses=270, endpoint=(23.79, 3.00), frontier=(23.79, 3.00), endpoint_to_frontier=0.000 m, limit=0.10 m -> usable
[controller_server-10] [INFO] [1790925139.926636201] [controller_server]: Passing new path to controller.
[controller_server-10] [INFO] [1790925140.926639295] [controller_server]: Passing new path to controller.
[INFO] [1790925140.956383604] [mapex_explorer]: Main /plan diagnostic: poses=260, endpoint=(23.79, 3.00), frontier=(23.79, 3.00), endpoint_to_frontier=0.000 m, limit=0.10 m -> usable
[controller_server-10] [INFO] [1790925141.926635528] [controller_server]: Passing new path to controller.
[INFO] [1790925141.964394577] [mapex_explorer]: Main /plan diagnostic: poses=250, endpoint=(23.79, 3.00), frontier=(23.79, 3.00), endpoint_to_frontier=0.000 m, limit=0.10 m -> usable
[INFO] [1790925142.984051411] [mapex_explorer]: Main /plan diagnostic: poses=242, endpoint=(23.79, 3.00), frontier=(23.79, 3.00), endpoint_to_frontier=0.000 m, limit=0.10 m -> usable
[controller_server-10] [INFO] [1790925142.993313754] [controller_server]: Passing new path to controller.
[INFO] [1790925143.987249168] [mapex_explorer]: Main /plan diagnostic: poses=231, endpoint=(23.79, 3.00), frontier=(23.79, 3.00), endpoint_to_frontier=0.000 m, limit=0.10 m -> usable
[controller_server-10] [INFO] [1790925143.993311511] [controller_server]: Passing new path to controller.
[INFO] [1790925145.002523729] [mapex_explorer]: Main /plan diagnostic: poses=221, endpoint=(23.79, 3.00), frontier=(23.79, 3.00), endpoint_to_frontier=0.000 m, limit=0.10 m -> usable
[controller_server-10] [INFO] [1790925145.059961139] [controller_server]: Passing new path to controller.
[controller_server-10] [INFO] [1790925146.059960008] [controller_server]: Passing new path to controller.
[INFO] [1790925146.084309246] [mapex_explorer]: Main /plan diagnostic: poses=211, endpoint=(23.79, 3.00), frontier=(23.79, 3.00), endpoint_to_frontier=0.000 m, limit=0.10 m -> usable
[INFO] [1790925147.066767906] [mapex_explorer]: Main /plan diagnostic: poses=200, endpoint=(23.79, 3.00), frontier=(23.79, 3.00), endpoint_to_frontier=0.000 m, limit=0.10 m -> usable
[controller_server-10] [INFO] [1790925147.126693042] [controller_server]: Passing new path to controller.
[INFO] [1790925148.074428264] [mapex_explorer]: Main /plan diagnostic: poses=190, endpoint=(23.79, 3.00), frontier=(23.79, 3.00), endpoint_to_frontier=0.000 m, limit=0.10 m -> usable
[controller_server-10] [INFO] [1790925148.126635375] [controller_server]: Passing new path to controller.
[async_slam_toolbox_node-9] W20261002 14:12:28.502490 26986 preprocessor.cc:67] Specified options.num_threads: 50 exceeds maximum available from the threading model Ceres was compiled with: 16.  Bounding to maximum number available.
[async_slam_toolbox_node-9] [INFO] [1790925148.531926025] [slam_toolbox]: Adaptive anchor summary: latest_node=3512, local_edges=3595, loop_history=0, avg_effective_weight=1.080, release_regions=0
[controller_server-10] [INFO] [1790925149.076714030] [local_costmap.local_costmap]: StaticLayer: Resizing static layer to 561 X 252 at 0.100000 m/pix
[controller_server-10] [INFO] [1790925149.126629924] [controller_server]: Passing new path to controller.
[INFO] [1790925149.156216084] [mapex_explorer]: Main /plan diagnostic: poses=179, endpoint=(23.79, 3.00), frontier=(23.79, 3.00), endpoint_to_frontier=0.000 m, limit=0.10 m -> usable
[planner_server-12] [INFO] [1790925149.293064424] [global_costmap.global_costmap]: StaticLayer: Resizing costmap to 561 X 252 at 0.100000 m/pix
[INFO] [1790925150.124748984] [mapex_explorer]: Main /plan diagnostic: poses=169, endpoint=(23.79, 3.00), frontier=(23.79, 3.00), endpoint_to_frontier=0.000 m, limit=0.10 m -> usable
[controller_server-10] [INFO] [1790925150.193333550] [controller_server]: Passing new path to controller.
[INFO] [1790925151.145876678] [mapex_explorer]: Main /plan diagnostic: poses=160, endpoint=(23.79, 3.00), frontier=(23.79, 3.00), endpoint_to_frontier=0.000 m, limit=0.10 m -> usable
[controller_server-10] [INFO] [1790925151.193330618] [controller_server]: Passing new path to controller.
[INFO] [1790925152.188743506] [mapex_explorer]: Main /plan diagnostic: poses=149, endpoint=(23.79, 3.00), frontier=(23.79, 3.00), endpoint_to_frontier=0.000 m, limit=0.10 m -> usable
[controller_server-10] [INFO] [1790925152.193338453] [controller_server]: Passing new path to controller.
[INFO] [1790925153.211423906] [mapex_explorer]: Main /plan diagnostic: poses=138, endpoint=(23.79, 3.00), frontier=(23.79, 3.00), endpoint_to_frontier=0.000 m, limit=0.10 m -> usable
[controller_server-10] [INFO] [1790925153.259973556] [controller_server]: Passing new path to controller.
[INFO] [1790925154.237285962] [mapex_explorer]: Main /plan diagnostic: poses=128, endpoint=(23.79, 3.00), frontier=(23.79, 3.00), endpoint_to_frontier=0.000 m, limit=0.10 m -> usable
[controller_server-10] [INFO] [1790925154.260197697] [controller_server]: Passing new path to controller.
[async_slam_toolbox_node-9] W20261002 14:12:35.178738 26986 preprocessor.cc:67] Specified options.num_threads: 50 exceeds maximum available from the threading model Ceres was compiled with: 16.  Bounding to maximum number available.
[controller_server-10] [INFO] [1790925155.326628666] [controller_server]: Passing new path to controller.
[INFO] [1790925155.345081440] [mapex_explorer]: Main /plan diagnostic: poses=118, endpoint=(23.79, 3.00), frontier=(23.79, 3.00), endpoint_to_frontier=0.000 m, limit=0.10 m -> usable
[controller_server-10] [INFO] [1790925156.076685467] [local_costmap.local_costmap]: StaticLayer: Resizing static layer to 561 X 252 at 0.100000 m/pix
[INFO] [1790925156.273796368] [mapex_explorer]: Main /plan diagnostic: poses=109, endpoint=(23.79, 3.00), frontier=(23.79, 3.00), endpoint_to_frontier=0.000 m, limit=0.10 m -> usable
[planner_server-12] [INFO] [1790925156.293019267] [global_costmap.global_costmap]: StaticLayer: Resizing costmap to 561 X 252 at 0.100000 m/pix
[controller_server-10] [INFO] [1790925156.326632124] [controller_server]: Passing new path to controller.
[INFO] [1790925157.325976554] [mapex_explorer]: Main /plan diagnostic: poses=101, endpoint=(23.79, 3.00), frontier=(23.79, 3.00), endpoint_to_frontier=0.000 m, limit=0.10 m -> usable
[controller_server-10] [INFO] [1790925157.326634457] [controller_server]: Passing new path to controller.
[INFO] [1790925158.382190645] [mapex_explorer]: Main /plan diagnostic: poses=91, endpoint=(23.79, 3.00), frontier=(23.79, 3.00), endpoint_to_frontier=0.000 m, limit=0.10 m -> usable
[controller_server-10] [INFO] [1790925158.393328588] [controller_server]: Passing new path to controller.
[INFO] [1790925159.364237147] [mapex_explorer]: Main /plan diagnostic: poses=81, endpoint=(23.79, 3.00), frontier=(23.79, 3.00), endpoint_to_frontier=0.000 m, limit=0.10 m -> usable
[controller_server-10] [INFO] [1790925159.393314107] [controller_server]: Passing new path to controller.
[INFO] [1790925160.414524113] [mapex_explorer]: Main /plan diagnostic: poses=70, endpoint=(23.79, 3.00), frontier=(23.79, 3.00), endpoint_to_frontier=0.000 m, limit=0.10 m -> usable
[controller_server-10] [INFO] [1790925160.460041861] [controller_server]: Passing new path to controller.
[INFO] [1790925161.405753497] [mapex_explorer]: Main /plan diagnostic: poses=61, endpoint=(23.79, 3.00), frontier=(23.79, 3.00), endpoint_to_frontier=0.000 m, limit=0.10 m -> usable
[controller_server-10] [INFO] [1790925161.459963682] [controller_server]: Passing new path to controller.
[INFO] [1790925162.433913600] [mapex_explorer]: Main /plan diagnostic: poses=50, endpoint=(23.79, 3.00), frontier=(23.79, 3.00), endpoint_to_frontier=0.000 m, limit=0.10 m -> usable
[controller_server-10] [INFO] [1790925162.459984709] [controller_server]: Passing new path to controller.
[INFO] [1790925163.461263393] [mapex_explorer]: Main /plan diagnostic: poses=40, endpoint=(23.79, 3.00), frontier=(23.79, 3.00), endpoint_to_frontier=0.000 m, limit=0.10 m -> usable
[controller_server-10] [INFO] [1790925163.526635032] [controller_server]: Passing new path to controller.
[INFO] [1790925164.480013042] [mapex_explorer]: Main /plan diagnostic: poses=30, endpoint=(23.79, 3.00), frontier=(23.79, 3.00), endpoint_to_frontier=0.000 m, limit=0.10 m -> usable
[controller_server-10] [INFO] [1790925164.526629072] [controller_server]: Passing new path to controller.
[INFO] [1790925165.513681657] [mapex_explorer]: Main /plan diagnostic: poses=22, endpoint=(23.79, 3.00), frontier=(23.79, 3.00), endpoint_to_frontier=0.000 m, limit=0.10 m -> usable
[controller_server-10] [INFO] [1790925165.593329628] [controller_server]: Passing new path to controller.
[INFO] [1790925166.548958462] [mapex_explorer]: Main /plan diagnostic: poses=16, endpoint=(23.79, 3.00), frontier=(23.79, 3.00), endpoint_to_frontier=0.000 m, limit=0.10 m -> usable
[controller_server-10] [INFO] [1790925166.593293220] [controller_server]: Passing new path to controller.
[controller_server-10] [INFO] [1790925167.593296222] [controller_server]: Passing new path to controller.
[INFO] [1790925167.602749131] [mapex_explorer]: Main /plan diagnostic: poses=16, endpoint=(23.79, 3.00), frontier=(23.79, 3.00), endpoint_to_frontier=0.000 m, limit=0.10 m -> usable
[controller_server-10] [INFO] [1790925168.328067608] [controller_server]: Reached the goal!
[controller_server-10] [INFO] [1790925168.328197200] [controller_server]: Optimizer reset
[bt_navigator-15] [INFO] [1790925168.356264942] [bt_navigator]: Goal succeeded
[INFO] [1790925168.359172655] [mapex_explorer]: Goal reached
[INFO] [1790925174.269268791] [mapex_explorer]: MapEx decision 38: selected x=25.39, y=7.70, IG=4.250774, distance=5.30 m, score=0.802414, region=24, candidates=8, near_fallback=False, compute=5.71 s
[bt_navigator-15] [INFO] [1790925174.270134683] [bt_navigator]: Begin navigating from current location (23.58, 2.73) to (25.39, 7.70)
[controller_server-10] [INFO] [1790925174.290706291] [controller_server]: Received a goal, begin computing control effort.
[INFO] [1790925174.472533396] [mapex_explorer]: Main goal accepted
[INFO] [1790925174.591183818] [mapex_explorer]: Main /plan diagnostic: poses=560, endpoint=(25.39, 7.70), frontier=(25.39, 7.70), endpoint_to_frontier=0.000 m, limit=0.10 m -> usable
[INFO] [1790925175.342357568] [mapex_explorer]: Main /plan diagnostic: poses=555, endpoint=(25.39, 7.70), frontier=(25.39, 7.70), endpoint_to_frontier=0.000 m, limit=0.10 m -> usable
[controller_server-10] [INFO] [1790925175.357517293] [controller_server]: Passing new path to controller.
[controller_server-10] [INFO] [1790925176.357501588] [controller_server]: Passing new path to controller.
[INFO] [1790925176.360297243] [mapex_explorer]: Main /plan diagnostic: poses=551, endpoint=(25.39, 7.70), frontier=(25.39, 7.70), endpoint_to_frontier=0.000 m, limit=0.10 m -> usable
[INFO] [1790925177.376039590] [mapex_explorer]: Main /plan diagnostic: poses=550, endpoint=(25.39, 7.70), frontier=(25.39, 7.70), endpoint_to_frontier=0.000 m, limit=0.10 m -> usable
[controller_server-10] [INFO] [1790925177.424169113] [controller_server]: Passing new path to controller.
[INFO] [1790925178.410167342] [mapex_explorer]: Main /plan diagnostic: poses=548, endpoint=(25.39, 7.70), frontier=(25.39, 7.70), endpoint_to_frontier=0.000 m, limit=0.10 m -> usable
[controller_server-10] [INFO] [1790925178.424171616] [controller_server]: Passing new path to controller.
[INFO] [1790925179.461806755] [mapex_explorer]: Main /plan diagnostic: poses=540, endpoint=(25.39, 7.70), frontier=(25.39, 7.70), endpoint_to_frontier=0.000 m, limit=0.10 m -> usable
[controller_server-10] [INFO] [1790925179.490833511] [controller_server]: Passing new path to controller.
[INFO] [1790925180.454017017] [mapex_explorer]: Main /plan diagnostic: poses=532, endpoint=(25.39, 7.70), frontier=(25.39, 7.70), endpoint_to_frontier=0.000 m, limit=0.10 m -> usable
[controller_server-10] [INFO] [1790925180.490835013] [controller_server]: Passing new path to controller.
[INFO] [1790925181.538582790] [mapex_explorer]: Main /plan diagnostic: poses=524, endpoint=(25.39, 7.70), frontier=(25.39, 7.70), endpoint_to_frontier=0.000 m, limit=0.10 m -> usable
[controller_server-10] [INFO] [1790925181.557502688] [controller_server]: Passing new path to controller.
[INFO] [1790925182.533121666] [mapex_explorer]: Main /plan diagnostic: poses=509, endpoint=(25.39, 7.70), frontier=(25.39, 7.70), endpoint_to_frontier=0.000 m, limit=0.10 m -> usable
[controller_server-10] [INFO] [1790925182.557536219] [controller_server]: Passing new path to controller.
[controller_server-10] [INFO] [1790925183.557518118] [controller_server]: Passing new path to controller.
[INFO] [1790925183.574351242] [mapex_explorer]: Main /plan diagnostic: poses=501, endpoint=(25.39, 7.70), frontier=(25.39, 7.70), endpoint_to_frontier=0.000 m, limit=0.10 m -> usable
[INFO] [1790925184.597439602] [mapex_explorer]: Main /plan diagnostic: poses=491, endpoint=(25.39, 7.70), frontier=(25.39, 7.70), endpoint_to_frontier=0.000 m, limit=0.10 m -> usable
[controller_server-10] [INFO] [1790925184.624174535] [controller_server]: Passing new path to controller.
[INFO] [1790925185.612205860] [mapex_explorer]: Main /plan diagnostic: poses=478, endpoint=(25.39, 7.70), frontier=(25.39, 7.70), endpoint_to_frontier=0.000 m, limit=0.10 m -> usable
[controller_server-10] [INFO] [1790925185.624193981] [controller_server]: Passing new path to controller.
[INFO] [1790925186.640453764] [mapex_explorer]: Main /plan diagnostic: poses=470, endpoint=(25.39, 7.70), frontier=(25.39, 7.70), endpoint_to_frontier=0.000 m, limit=0.10 m -> usable
[controller_server-10] [INFO] [1790925186.690834947] [controller_server]: Passing new path to controller.
[INFO] [1790925187.662581955] [mapex_explorer]: Main /plan diagnostic: poses=460, endpoint=(25.39, 7.70), frontier=(25.39, 7.70), endpoint_to_frontier=0.000 m, limit=0.10 m -> usable
[controller_server-10] [INFO] [1790925187.690855294] [controller_server]: Passing new path to controller.
[async_slam_toolbox_node-9] W20261002 14:13:08.650897 26986 preprocessor.cc:67] Specified options.num_threads: 50 exceeds maximum available from the threading model Ceres was compiled with: 16.  Bounding to maximum number available.
[async_slam_toolbox_node-9] [INFO] [1790925188.678415199] [slam_toolbox]: Adaptive anchor summary: latest_node=3620, local_edges=3706, loop_history=0, avg_effective_weight=1.078, release_regions=0
[controller_server-10] [INFO] [1790925188.690858441] [controller_server]: Passing new path to controller.
[INFO] [1790925188.692590664] [mapex_explorer]: Main /plan diagnostic: poses=449, endpoint=(25.39, 7.70), frontier=(25.39, 7.70), endpoint_to_frontier=0.000 m, limit=0.10 m -> usable
[controller_server-10] [INFO] [1790925189.076696796] [local_costmap.local_costmap]: StaticLayer: Resizing static layer to 561 X 252 at 0.100000 m/pix
[planner_server-12] [INFO] [1790925189.293050675] [global_costmap.global_costmap]: StaticLayer: Resizing costmap to 561 X 252 at 0.100000 m/pix
[INFO] [1790925189.727271448] [mapex_explorer]: Main /plan diagnostic: poses=440, endpoint=(25.39, 7.70), frontier=(25.39, 7.70), endpoint_to_frontier=0.000 m, limit=0.10 m -> usable
[controller_server-10] [INFO] [1790925189.757501298] [controller_server]: Passing new path to controller.
[controller_server-10] [INFO] [1790925190.757569626] [controller_server]: Passing new path to controller.
[INFO] [1790925190.765855680] [mapex_explorer]: Main /plan diagnostic: poses=430, endpoint=(25.39, 7.70), frontier=(25.39, 7.70), endpoint_to_frontier=0.000 m, limit=0.10 m -> usable
[async_slam_toolbox_node-9] W20261002 14:13:11.257088 26986 preprocessor.cc:67] Specified options.num_threads: 50 exceeds maximum available from the threading model Ceres was compiled with: 16.  Bounding to maximum number available.
[async_slam_toolbox_node-9] W20261002 14:13:11.661914 26986 preprocessor.cc:67] Specified options.num_threads: 50 exceeds maximum available from the threading model Ceres was compiled with: 16.  Bounding to maximum number available.
[INFO] [1790925191.783404110] [mapex_explorer]: Main /plan diagnostic: poses=418, endpoint=(25.39, 7.70), frontier=(25.39, 7.70), endpoint_to_frontier=0.000 m, limit=0.10 m -> usable
[controller_server-10] [INFO] [1790925191.824170039] [controller_server]: Passing new path to controller.
[controller_server-10] [INFO] [1790925192.076712460] [local_costmap.local_costmap]: StaticLayer: Resizing static layer to 561 X 252 at 0.100000 m/pix
[planner_server-12] [INFO] [1790925192.293092861] [global_costmap.global_costmap]: StaticLayer: Resizing costmap to 561 X 252 at 0.100000 m/pix
[INFO] [1790925192.800348740] [mapex_explorer]: Main /plan diagnostic: poses=408, endpoint=(25.39, 7.70), frontier=(25.39, 7.70), endpoint_to_frontier=0.000 m, limit=0.10 m -> usable
[controller_server-10] [INFO] [1790925192.824170202] [controller_server]: Passing new path to controller.
[controller_server-10] [INFO] [1790925193.824170103] [controller_server]: Passing new path to controller.
[INFO] [1790925193.827752900] [mapex_explorer]: Main /plan diagnostic: poses=398, endpoint=(25.39, 7.70), frontier=(25.39, 7.70), endpoint_to_frontier=0.000 m, limit=0.10 m -> usable
[INFO] [1790925194.849154371] [mapex_explorer]: Main /plan diagnostic: poses=388, endpoint=(25.39, 7.70), frontier=(25.39, 7.70), endpoint_to_frontier=0.000 m, limit=0.10 m -> usable
[controller_server-10] [INFO] [1790925194.890839022] [controller_server]: Passing new path to controller.
[async_slam_toolbox_node-9] W20261002 14:13:15.456338 26986 preprocessor.cc:67] Specified options.num_threads: 50 exceeds maximum available from the threading model Ceres was compiled with: 16.  Bounding to maximum number available.
[INFO] [1790925195.883900016] [mapex_explorer]: Main /plan diagnostic: poses=379, endpoint=(25.39, 7.70), frontier=(25.39, 7.70), endpoint_to_frontier=0.000 m, limit=0.10 m -> usable
[controller_server-10] [INFO] [1790925195.890842873] [controller_server]: Passing new path to controller.
[controller_server-10] [INFO] [1790925196.076715636] [local_costmap.local_costmap]: StaticLayer: Resizing static layer to 561 X 252 at 0.100000 m/pix
[planner_server-12] [INFO] [1790925196.293073839] [global_costmap.global_costmap]: StaticLayer: Resizing costmap to 561 X 252 at 0.100000 m/pix
[INFO] [1790925196.923815219] [mapex_explorer]: Main /plan diagnostic: poses=368, endpoint=(25.39, 7.70), frontier=(25.39, 7.70), endpoint_to_frontier=0.000 m, limit=0.10 m -> usable
[controller_server-10] [INFO] [1790925196.957499993] [controller_server]: Passing new path to controller.
[INFO] [1790925197.924335118] [mapex_explorer]: Main /plan diagnostic: poses=358, endpoint=(25.39, 7.70), frontier=(25.39, 7.70), endpoint_to_frontier=0.000 m, limit=0.10 m -> usable
[controller_server-10] [INFO] [1790925197.957510422] [controller_server]: Passing new path to controller.
[controller_server-10] [INFO] [1790925199.024185223] [controller_server]: Passing new path to controller.
[INFO] [1790925199.027060879] [mapex_explorer]: Main /plan diagnostic: poses=347, endpoint=(25.39, 7.70), frontier=(25.39, 7.70), endpoint_to_frontier=0.000 m, limit=0.10 m -> usable
[INFO] [1790925200.005001346] [mapex_explorer]: Main /plan diagnostic: poses=337, endpoint=(25.39, 7.70), frontier=(25.39, 7.70), endpoint_to_frontier=0.000 m, limit=0.10 m -> usable
[controller_server-10] [INFO] [1790925200.024173372] [controller_server]: Passing new path to controller.
[INFO] [1790925201.003456468] [mapex_explorer]: Main /plan diagnostic: poses=325, endpoint=(25.39, 7.70), frontier=(25.39, 7.70), endpoint_to_frontier=0.000 m, limit=0.10 m -> usable
[controller_server-10] [INFO] [1790925201.024198200] [controller_server]: Passing new path to controller.
[INFO] [1790925202.040435443] [mapex_explorer]: Main /plan diagnostic: poses=316, endpoint=(25.39, 7.70), frontier=(25.39, 7.70), endpoint_to_frontier=0.000 m, limit=0.10 m -> usable
[controller_server-10] [INFO] [1790925202.090856322] [controller_server]: Passing new path to controller.
[controller_server-10] [INFO] [1790925203.090834768] [controller_server]: Passing new path to controller.
[INFO] [1790925203.116792899] [mapex_explorer]: Main /plan diagnostic: poses=306, endpoint=(25.39, 7.70), frontier=(25.39, 7.70), endpoint_to_frontier=0.000 m, limit=0.10 m -> usable
[controller_server-10] [INFO] [1790925204.157505481] [controller_server]: Passing new path to controller.
[INFO] [1790925204.172278272] [mapex_explorer]: Main /plan diagnostic: poses=295, endpoint=(25.39, 7.70), frontier=(25.39, 7.70), endpoint_to_frontier=0.000 m, limit=0.10 m -> usable
[async_slam_toolbox_node-9] W20261002 14:13:24.464694 26986 preprocessor.cc:67] Specified options.num_threads: 50 exceeds maximum available from the threading model Ceres was compiled with: 16.  Bounding to maximum number available.
[async_slam_toolbox_node-9] [INFO] [1790925204.487429737] [slam_toolbox]: Adaptive anchor summary: latest_node=3681, local_edges=3767, loop_history=0, avg_effective_weight=1.077, release_regions=0
[controller_server-10] [INFO] [1790925205.076728878] [local_costmap.local_costmap]: StaticLayer: Resizing static layer to 561 X 252 at 0.100000 m/pix
[INFO] [1790925205.138228326] [mapex_explorer]: Main /plan diagnostic: poses=287, endpoint=(25.39, 7.70), frontier=(25.39, 7.70), endpoint_to_frontier=0.000 m, limit=0.10 m -> usable
[controller_server-10] [INFO] [1790925205.157531223] [controller_server]: Passing new path to controller.
[planner_server-12] [INFO] [1790925205.293121465] [global_costmap.global_costmap]: StaticLayer: Resizing costmap to 561 X 252 at 0.100000 m/pix
[INFO] [1790925206.152196256] [mapex_explorer]: Main /plan diagnostic: poses=275, endpoint=(25.39, 7.70), frontier=(25.39, 7.70), endpoint_to_frontier=0.000 m, limit=0.10 m -> usable
[controller_server-10] [INFO] [1790925206.157539543] [controller_server]: Passing new path to controller.
[INFO] [1790925207.184081618] [mapex_explorer]: Main /plan diagnostic: poses=266, endpoint=(25.39, 7.70), frontier=(25.39, 7.70), endpoint_to_frontier=0.000 m, limit=0.10 m -> usable
[controller_server-10] [INFO] [1790925207.224169446] [controller_server]: Passing new path to controller.
[async_slam_toolbox_node-9] W20261002 14:13:27.686242 26986 preprocessor.cc:67] Specified options.num_threads: 50 exceeds maximum available from the threading model Ceres was compiled with: 16.  Bounding to maximum number available.
[INFO] [1790925208.202620721] [mapex_explorer]: Main /plan diagnostic: poses=255, endpoint=(25.39, 7.70), frontier=(25.39, 7.70), endpoint_to_frontier=0.000 m, limit=0.10 m -> usable
[controller_server-10] [INFO] [1790925208.224168595] [controller_server]: Passing new path to controller.
[INFO] [1790925209.249646695] [mapex_explorer]: Main /plan diagnostic: poses=245, endpoint=(25.39, 7.70), frontier=(25.39, 7.70), endpoint_to_frontier=0.000 m, limit=0.10 m -> usable
[controller_server-10] [INFO] [1790925209.290852837] [controller_server]: Passing new path to controller.
[INFO] [1790925210.254750169] [mapex_explorer]: Main /plan diagnostic: poses=235, endpoint=(25.39, 7.70), frontier=(25.39, 7.70), endpoint_to_frontier=0.000 m, limit=0.10 m -> usable
[controller_server-10] [INFO] [1790925210.290832374] [controller_server]: Passing new path to controller.
[INFO] [1790925211.275670248] [mapex_explorer]: Main /plan diagnostic: poses=224, endpoint=(25.39, 7.70), frontier=(25.39, 7.70), endpoint_to_frontier=0.000 m, limit=0.10 m -> usable
[controller_server-10] [INFO] [1790925211.290833847] [controller_server]: Passing new path to controller.
[INFO] [1790925212.307313150] [mapex_explorer]: Main /plan diagnostic: poses=212, endpoint=(25.39, 7.70), frontier=(25.39, 7.70), endpoint_to_frontier=0.000 m, limit=0.10 m -> usable
[controller_server-10] [INFO] [1790925212.357548694] [controller_server]: Passing new path to controller.
[async_slam_toolbox_node-9] W20261002 14:13:32.516872 26986 preprocessor.cc:67] Specified options.num_threads: 50 exceeds maximum available from the threading model Ceres was compiled with: 16.  Bounding to maximum number available.
[controller_server-10] [INFO] [1790925213.076727446] [local_costmap.local_costmap]: StaticLayer: Resizing static layer to 561 X 252 at 0.100000 m/pix
[planner_server-12] [INFO] [1790925213.293051771] [global_costmap.global_costmap]: StaticLayer: Resizing costmap to 561 X 252 at 0.100000 m/pix
[INFO] [1790925213.319406761] [mapex_explorer]: Main /plan diagnostic: poses=202, endpoint=(25.39, 7.70), frontier=(25.39, 7.70), endpoint_to_frontier=0.000 m, limit=0.10 m -> usable
[controller_server-10] [INFO] [1790925213.357499607] [controller_server]: Passing new path to controller.
[controller_server-10] [INFO] [1790925214.357501352] [controller_server]: Passing new path to controller.
[INFO] [1790925214.378607070] [mapex_explorer]: Main /plan diagnostic: poses=192, endpoint=(25.39, 7.70), frontier=(25.39, 7.70), endpoint_to_frontier=0.000 m, limit=0.10 m -> usable
[controller_server-10] [INFO] [1790925215.424173837] [controller_server]: Passing new path to controller.
[INFO] [1790925215.444270903] [mapex_explorer]: Main /plan diagnostic: poses=182, endpoint=(25.39, 7.70), frontier=(25.39, 7.70), endpoint_to_frontier=0.000 m, limit=0.10 m -> usable
[async_slam_toolbox_node-9] W20261002 14:13:36.008121 26986 preprocessor.cc:67] Specified options.num_threads: 50 exceeds maximum available from the threading model Ceres was compiled with: 16.  Bounding to maximum number available.
[controller_server-10] [INFO] [1790925216.424189162] [controller_server]: Passing new path to controller.
[INFO] [1790925216.439488171] [mapex_explorer]: Main /plan diagnostic: poses=172, endpoint=(25.39, 7.70), frontier=(25.39, 7.70), endpoint_to_frontier=0.000 m, limit=0.10 m -> usable
[controller_server-10] [INFO] [1790925217.076682827] [local_costmap.local_costmap]: StaticLayer: Resizing static layer to 561 X 252 at 0.100000 m/pix
[planner_server-12] [INFO] [1790925217.293045246] [global_costmap.global_costmap]: StaticLayer: Resizing costmap to 561 X 252 at 0.100000 m/pix
[INFO] [1790925217.452349702] [mapex_explorer]: Main /plan diagnostic: poses=162, endpoint=(25.39, 7.70), frontier=(25.39, 7.70), endpoint_to_frontier=0.000 m, limit=0.10 m -> usable
[controller_server-10] [INFO] [1790925217.490832724] [controller_server]: Passing new path to controller.
[INFO] [1790925218.489262616] [mapex_explorer]: Main /plan diagnostic: poses=152, endpoint=(25.39, 7.70), frontier=(25.39, 7.70), endpoint_to_frontier=0.000 m, limit=0.10 m -> usable
[controller_server-10] [INFO] [1790925218.490835675] [controller_server]: Passing new path to controller.
[INFO] [1790925219.474884647] [mapex_explorer]: Main /plan diagnostic: poses=142, endpoint=(25.39, 7.70), frontier=(25.39, 7.70), endpoint_to_frontier=0.000 m, limit=0.10 m -> usable
[controller_server-10] [INFO] [1790925219.490856193] [controller_server]: Passing new path to controller.
[INFO] [1790925220.519233637] [mapex_explorer]: Main /plan diagnostic: poses=132, endpoint=(25.39, 7.70), frontier=(25.39, 7.70), endpoint_to_frontier=0.000 m, limit=0.10 m -> usable
[controller_server-10] [INFO] [1790925220.557517950] [controller_server]: Passing new path to controller.
[async_slam_toolbox_node-9] W20261002 14:13:41.019114 26986 preprocessor.cc:67] Specified options.num_threads: 50 exceeds maximum available from the threading model Ceres was compiled with: 16.  Bounding to maximum number available.
[async_slam_toolbox_node-9] [INFO] [1790925221.039060613] [slam_toolbox]: Adaptive anchor summary: latest_node=3748, local_edges=3835, loop_history=0, avg_effective_weight=1.075, release_regions=0
[INFO] [1790925221.528733723] [mapex_explorer]: Main /plan diagnostic: poses=122, endpoint=(25.39, 7.70), frontier=(25.39, 7.70), endpoint_to_frontier=0.000 m, limit=0.10 m -> usable
[controller_server-10] [INFO] [1790925221.557494757] [controller_server]: Passing new path to controller.
[controller_server-10] [INFO] [1790925222.076700888] [local_costmap.local_costmap]: StaticLayer: Resizing static layer to 561 X 252 at 0.100000 m/pix
[planner_server-12] [INFO] [1790925222.293039818] [global_costmap.global_costmap]: StaticLayer: Resizing costmap to 561 X 252 at 0.100000 m/pix
[INFO] [1790925222.549423688] [mapex_explorer]: Main /plan diagnostic: poses=110, endpoint=(25.39, 7.70), frontier=(25.39, 7.70), endpoint_to_frontier=0.000 m, limit=0.10 m -> usable
[controller_server-10] [INFO] [1790925222.624168064] [controller_server]: Passing new path to controller.
[INFO] [1790925223.566397921] [mapex_explorer]: Main /plan diagnostic: poses=102, endpoint=(25.39, 7.70), frontier=(25.39, 7.70), endpoint_to_frontier=0.000 m, limit=0.10 m -> usable
[controller_server-10] [INFO] [1790925223.624197149] [controller_server]: Passing new path to controller.
[INFO] [1790925224.586668517] [mapex_explorer]: Main /plan diagnostic: poses=90, endpoint=(25.39, 7.70), frontier=(25.39, 7.70), endpoint_to_frontier=0.000 m, limit=0.10 m -> usable
[controller_server-10] [INFO] [1790925224.624172155] [controller_server]: Passing new path to controller.
[INFO] [1790925225.625135893] [mapex_explorer]: Main /plan diagnostic: poses=80, endpoint=(25.39, 7.70), frontier=(25.39, 7.70), endpoint_to_frontier=0.000 m, limit=0.10 m -> usable
[controller_server-10] [INFO] [1790925225.690833348] [controller_server]: Passing new path to controller.
[async_slam_toolbox_node-9] W20261002 14:13:46.657907 26986 preprocessor.cc:67] Specified options.num_threads: 50 exceeds maximum available from the threading model Ceres was compiled with: 16.  Bounding to maximum number available.
[INFO] [1790925226.666413475] [mapex_explorer]: Main /plan diagnostic: poses=71, endpoint=(25.39, 7.70), frontier=(25.39, 7.70), endpoint_to_frontier=0.000 m, limit=0.10 m -> usable
[controller_server-10] [INFO] [1790925226.690833164] [controller_server]: Passing new path to controller.
[controller_server-10] [INFO] [1790925227.076719057] [local_costmap.local_costmap]: StaticLayer: Resizing static layer to 561 X 252 at 0.100000 m/pix
[planner_server-12] [INFO] [1790925227.293081735] [global_costmap.global_costmap]: StaticLayer: Resizing costmap to 561 X 252 at 0.100000 m/pix
[controller_server-10] [INFO] [1790925227.690831145] [controller_server]: Passing new path to controller.
[INFO] [1790925227.705300405] [mapex_explorer]: Main /plan diagnostic: poses=61, endpoint=(25.39, 7.70), frontier=(25.39, 7.70), endpoint_to_frontier=0.000 m, limit=0.10 m -> usable
[planner_server-12] [WARN] [1790925228.704863839] [planner_server]: GridBased plugin failed to plan from (27.54, 7.15) to (25.39, 7.70): "Failed to create plan with tolerance of: 0.000000"
[planner_server-12] [WARN] [1790925228.704917016] [planner_server]: [compute_path_to_pose] [ActionServer] Aborting handle.
[bt_navigator-15] [ERROR] [1790925228.741576591] [bt_navigator_navigate_to_pose_rclcpp_node]: Failed to get result for follow_path in node halt!
[behavior_server-14] [INFO] [1790925228.742503275] [behavior_server]: Running wait
[controller_server-10] [INFO] [1790925228.757924662] [controller_server]: Cancellation was successful. Stopping the robot.
[controller_server-10] [INFO] [1790925228.757954050] [controller_server]: [follow_path] [ActionServer] Client requested to cancel the goal. Cancelling.
[controller_server-10] [INFO] [1790925228.758257233] [controller_server]: Optimizer reset
[behavior_server-14] [INFO] [1790925229.042878140] [behavior_server]: wait completed successfully
[planner_server-12] [WARN] [1790925229.069374693] [planner_server]: GridBased plugin failed to plan from (27.39, 7.15) to (25.39, 7.70): "Failed to create plan with tolerance of: 0.000000"
[planner_server-12] [WARN] [1790925229.069439321] [planner_server]: [compute_path_to_pose] [ActionServer] Aborting handle.
[bt_navigator-15] [WARN] [1790925229.093145831] [bt_navigator]: [navigate_to_pose] [ActionServer] Aborting handle.
[bt_navigator-15] [ERROR] [1790925229.093250603] [bt_navigator]: Goal failed
[WARN] [1790925229.097339191] [mapex_explorer]: Main goal failed (status=6, error_code=208)
[WARN] [1790925229.098177444] [mapex_explorer]: Main frontier abandoned after NO_VALID_PATH (208): x=25.39, y=7.70; candidates within 0.10 m are skipped during normal selection but will be checked again by terminal planner revalidation.
[INFO] [1790925235.357237680] [mapex_explorer]: MapEx decision 39: selected x=8.99, y=-7.80, IG=8.610300, distance=23.66 m, score=0.363858, region=23, candidates=8, near_fallback=False, compute=5.66 s
[bt_navigator-15] [INFO] [1790925235.357980756] [bt_navigator]: Begin navigating from current location (27.34, 7.14) to (8.99, -7.80)
[controller_server-10] [INFO] [1790925235.378696291] [controller_server]: Received a goal, begin computing control effort.
[INFO] [1790925235.771840221] [mapex_explorer]: Main goal accepted
[INFO] [1790925235.898554145] [mapex_explorer]: Main /plan diagnostic: poses=860, endpoint=(8.99, -7.80), frontier=(8.99, -7.80), endpoint_to_frontier=0.000 m, limit=0.10 m -> usable
[INFO] [1790925236.434556219] [mapex_explorer]: Main /plan diagnostic: poses=856, endpoint=(8.99, -7.80), frontier=(8.99, -7.80), endpoint_to_frontier=0.000 m, limit=0.10 m -> usable
[controller_server-10] [INFO] [1790925236.445541188] [controller_server]: Passing new path to controller.
[controller_server-10] [INFO] [1790925237.445510352] [controller_server]: Passing new path to controller.
[INFO] [1790925237.476302373] [mapex_explorer]: Main /plan diagnostic: poses=848, endpoint=(8.99, -7.80), frontier=(8.99, -7.80), endpoint_to_frontier=0.000 m, limit=0.10 m -> usable
[INFO] [1790925238.472880282] [mapex_explorer]: Main /plan diagnostic: poses=840, endpoint=(8.99, -7.80), frontier=(8.99, -7.80), endpoint_to_frontier=0.000 m, limit=0.10 m -> usable
[controller_server-10] [INFO] [1790925238.512224633] [controller_server]: Passing new path to controller.
[controller_server-10] [INFO] [1790925239.512181009] [controller_server]: Passing new path to controller.
[INFO] [1790925239.548405409] [mapex_explorer]: Main /plan diagnostic: poses=834, endpoint=(8.99, -7.80), frontier=(8.99, -7.80), endpoint_to_frontier=0.000 m, limit=0.10 m -> usable
[INFO] [1790925240.532226468] [mapex_explorer]: Main /plan diagnostic: poses=826, endpoint=(8.99, -7.80), frontier=(8.99, -7.80), endpoint_to_frontier=0.000 m, limit=0.10 m -> usable
[controller_server-10] [INFO] [1790925240.578862637] [controller_server]: Passing new path to controller.
[INFO] [1790925241.578344443] [mapex_explorer]: Main /plan diagnostic: poses=820, endpoint=(8.99, -7.80), frontier=(8.99, -7.80), endpoint_to_frontier=0.000 m, limit=0.10 m -> usable
[controller_server-10] [INFO] [1790925241.578859278] [controller_server]: Passing new path to controller.
[INFO] [1790925242.573148007] [mapex_explorer]: Main /plan diagnostic: poses=812, endpoint=(8.99, -7.80), frontier=(8.99, -7.80), endpoint_to_frontier=0.000 m, limit=0.10 m -> usable
[controller_server-10] [INFO] [1790925242.578845706] [controller_server]: Passing new path to controller.
[INFO] [1790925243.609259181] [mapex_explorer]: Main /plan diagnostic: poses=806, endpoint=(8.99, -7.80), frontier=(8.99, -7.80), endpoint_to_frontier=0.000 m, limit=0.10 m -> usable
[controller_server-10] [INFO] [1790925243.645515958] [controller_server]: Passing new path to controller.
[INFO] [1790925244.617817913] [mapex_explorer]: Main /plan diagnostic: poses=798, endpoint=(8.99, -7.80), frontier=(8.99, -7.80), endpoint_to_frontier=0.000 m, limit=0.10 m -> usable
[controller_server-10] [INFO] [1790925244.645513589] [controller_server]: Passing new path to controller.
[controller_server-10] [INFO] [1790925245.645656699] [controller_server]: Passing new path to controller.
[INFO] [1790925245.670593247] [mapex_explorer]: Main /plan diagnostic: poses=793, endpoint=(8.99, -7.80), frontier=(8.99, -7.80), endpoint_to_frontier=0.000 m, limit=0.10 m -> usable
[controller_server-10] [INFO] [1790925246.712206646] [controller_server]: Passing new path to controller.
[INFO] [1790925246.728830512] [mapex_explorer]: Main /plan diagnostic: poses=784, endpoint=(8.99, -7.80), frontier=(8.99, -7.80), endpoint_to_frontier=0.000 m, limit=0.10 m -> usable
[controller_server-10] [INFO] [1790925247.712183953] [controller_server]: Passing new path to controller.
[INFO] [1790925247.718344939] [mapex_explorer]: Main /plan diagnostic: poses=778, endpoint=(8.99, -7.80), frontier=(8.99, -7.80), endpoint_to_frontier=0.000 m, limit=0.10 m -> usable
[INFO] [1790925248.737715063] [mapex_explorer]: Main /plan diagnostic: poses=769, endpoint=(8.99, -7.80), frontier=(8.99, -7.80), endpoint_to_frontier=0.000 m, limit=0.10 m -> usable
[controller_server-10] [INFO] [1790925248.778844019] [controller_server]: Passing new path to controller.
[INFO] [1790925249.744779508] [mapex_explorer]: Main /plan diagnostic: poses=764, endpoint=(8.99, -7.80), frontier=(8.99, -7.80), endpoint_to_frontier=0.000 m, limit=0.10 m -> usable
[controller_server-10] [INFO] [1790925249.778843359] [controller_server]: Passing new path to controller.
[controller_server-10] [INFO] [1790925250.778882288] [controller_server]: Passing new path to controller.
[INFO] [1790925250.815123327] [mapex_explorer]: Main /plan diagnostic: poses=756, endpoint=(8.99, -7.80), frontier=(8.99, -7.80), endpoint_to_frontier=0.000 m, limit=0.10 m -> usable
[INFO] [1790925251.812594270] [mapex_explorer]: Main /plan diagnostic: poses=747, endpoint=(8.99, -7.80), frontier=(8.99, -7.80), endpoint_to_frontier=0.000 m, limit=0.10 m -> usable
[controller_server-10] [INFO] [1790925251.845511893] [controller_server]: Passing new path to controller.
[INFO] [1790925252.838245048] [mapex_explorer]: Main /plan diagnostic: poses=742, endpoint=(8.99, -7.80), frontier=(8.99, -7.80), endpoint_to_frontier=0.000 m, limit=0.10 m -> usable
[controller_server-10] [INFO] [1790925252.845539121] [controller_server]: Passing new path to controller.
[async_slam_toolbox_node-9] W20261002 14:14:13.470778 26986 preprocessor.cc:67] Specified options.num_threads: 50 exceeds maximum available from the threading model Ceres was compiled with: 16.  Bounding to maximum number available.
[async_slam_toolbox_node-9] [INFO] [1790925253.493561531] [slam_toolbox]: Adaptive anchor summary: latest_node=3837, local_edges=3927, loop_history=0, avg_effective_weight=1.074, release_regions=0
[controller_server-10] [INFO] [1790925253.912181157] [controller_server]: Passing new path to controller.
[INFO] [1790925253.978695032] [mapex_explorer]: Main /plan diagnostic: poses=733, endpoint=(8.99, -7.80), frontier=(8.99, -7.80), endpoint_to_frontier=0.000 m, limit=0.10 m -> usable
[INFO] [1790925254.887989585] [mapex_explorer]: Main /plan diagnostic: poses=728, endpoint=(8.99, -7.80), frontier=(8.99, -7.80), endpoint_to_frontier=0.000 m, limit=0.10 m -> usable
[controller_server-10] [INFO] [1790925254.912204280] [controller_server]: Passing new path to controller.
[controller_server-10] [INFO] [1790925255.912183194] [controller_server]: Passing new path to controller.
[INFO] [1790925255.932011303] [mapex_explorer]: Main /plan diagnostic: poses=720, endpoint=(8.99, -7.80), frontier=(8.99, -7.80), endpoint_to_frontier=0.000 m, limit=0.10 m -> usable
[INFO] [1790925256.965613612] [mapex_explorer]: Main /plan diagnostic: poses=713, endpoint=(8.99, -7.80), frontier=(8.99, -7.80), endpoint_to_frontier=0.000 m, limit=0.10 m -> usable
[controller_server-10] [INFO] [1790925256.978857200] [controller_server]: Passing new path to controller.
[controller_server-10] [INFO] [1790925257.978901960] [controller_server]: Passing new path to controller.
[INFO] [1790925258.105217508] [mapex_explorer]: Main /plan diagnostic: poses=704, endpoint=(8.99, -7.80), frontier=(8.99, -7.80), endpoint_to_frontier=0.000 m, limit=0.10 m -> usable
[INFO] [1790925259.007116407] [mapex_explorer]: Main /plan diagnostic: poses=699, endpoint=(8.99, -7.80), frontier=(8.99, -7.80), endpoint_to_frontier=0.000 m, limit=0.10 m -> usable
[async_slam_toolbox_node-9] W20261002 14:14:19.013041 26986 preprocessor.cc:67] Specified options.num_threads: 50 exceeds maximum available from the threading model Ceres was compiled with: 16.  Bounding to maximum number available.
[controller_server-10] [INFO] [1790925259.045521193] [controller_server]: Passing new path to controller.
[INFO] [1790925260.039588614] [mapex_explorer]: Main /plan diagnostic: poses=691, endpoint=(8.99, -7.80), frontier=(8.99, -7.80), endpoint_to_frontier=0.000 m, limit=0.10 m -> usable
[controller_server-10] [INFO] [1790925260.045511098] [controller_server]: Passing new path to controller.
[controller_server-10] [INFO] [1790925260.076725547] [local_costmap.local_costmap]: StaticLayer: Resizing static layer to 561 X 252 at 0.100000 m/pix
[planner_server-12] [INFO] [1790925260.293135399] [global_costmap.global_costmap]: StaticLayer: Resizing costmap to 561 X 252 at 0.100000 m/pix
[INFO] [1790925261.092025962] [mapex_explorer]: Main /plan diagnostic: poses=680, endpoint=(8.99, -7.80), frontier=(8.99, -7.80), endpoint_to_frontier=0.000 m, limit=0.10 m -> usable
[controller_server-10] [INFO] [1790925261.112182435] [controller_server]: Passing new path to controller.
[INFO] [1790925262.082752053] [mapex_explorer]: Main /plan diagnostic: poses=672, endpoint=(8.99, -7.80), frontier=(8.99, -7.80), endpoint_to_frontier=0.000 m, limit=0.10 m -> usable
[controller_server-10] [INFO] [1790925262.112177922] [controller_server]: Passing new path to controller.
[INFO] [1790925263.107294940] [mapex_explorer]: Main /plan diagnostic: poses=665, endpoint=(8.99, -7.80), frontier=(8.99, -7.80), endpoint_to_frontier=0.000 m, limit=0.10 m -> usable
[controller_server-10] [INFO] [1790925263.112192704] [controller_server]: Passing new path to controller.
[INFO] [1790925264.156823010] [mapex_explorer]: Main /plan diagnostic: poses=658, endpoint=(8.99, -7.80), frontier=(8.99, -7.80), endpoint_to_frontier=0.000 m, limit=0.10 m -> usable
[controller_server-10] [INFO] [1790925264.178871528] [controller_server]: Passing new path to controller.
[controller_server-10] [INFO] [1790925265.178886858] [controller_server]: Passing new path to controller.
[INFO] [1790925265.191042553] [mapex_explorer]: Main /plan diagnostic: poses=652, endpoint=(8.99, -7.80), frontier=(8.99, -7.80), endpoint_to_frontier=0.000 m, limit=0.10 m -> usable
[async_slam_toolbox_node-9] W20261002 14:14:25.556257 26986 preprocessor.cc:67] Specified options.num_threads: 50 exceeds maximum available from the threading model Ceres was compiled with: 16.  Bounding to maximum number available.
[controller_server-10] [INFO] [1790925266.076694538] [local_costmap.local_costmap]: StaticLayer: Resizing static layer to 561 X 252 at 0.100000 m/pix
[INFO] [1790925266.211646446] [mapex_explorer]: Main /plan diagnostic: poses=644, endpoint=(8.99, -7.80), frontier=(8.99, -7.80), endpoint_to_frontier=0.000 m, limit=0.10 m -> usable
[controller_server-10] [INFO] [1790925266.245544975] [controller_server]: Passing new path to controller.
[planner_server-12] [INFO] [1790925266.293096202] [global_costmap.global_costmap]: StaticLayer: Resizing costmap to 561 X 252 at 0.100000 m/pix
[INFO] [1790925267.224315037] [mapex_explorer]: Main /plan diagnostic: poses=636, endpoint=(8.99, -7.80), frontier=(8.99, -7.80), endpoint_to_frontier=0.000 m, limit=0.10 m -> usable
[controller_server-10] [INFO] [1790925267.245538919] [controller_server]: Passing new path to controller.
[controller_server-10] [INFO] [1790925268.312182976] [controller_server]: Passing new path to controller.
[INFO] [1790925268.350343365] [mapex_explorer]: Main /plan diagnostic: poses=630, endpoint=(8.99, -7.80), frontier=(8.99, -7.80), endpoint_to_frontier=0.000 m, limit=0.10 m -> usable
[INFO] [1790925269.287263107] [mapex_explorer]: Main /plan diagnostic: poses=621, endpoint=(8.99, -7.80), frontier=(8.99, -7.80), endpoint_to_frontier=0.000 m, limit=0.10 m -> usable
[controller_server-10] [INFO] [1790925269.312253076] [controller_server]: Passing new path to controller.
[async_slam_toolbox_node-9] W20261002 14:14:30.039558 26986 preprocessor.cc:67] Specified options.num_threads: 50 exceeds maximum available from the threading model Ceres was compiled with: 16.  Bounding to maximum number available.
[async_slam_toolbox_node-9] [INFO] [1790925270.068877928] [slam_toolbox]: Adaptive anchor summary: latest_node=3892, local_edges=3983, loop_history=0, avg_effective_weight=1.073, release_regions=0
[controller_server-10] [INFO] [1790925270.312191300] [controller_server]: Passing new path to controller.
[INFO] [1790925270.345074572] [mapex_explorer]: Main /plan diagnostic: poses=615, endpoint=(8.99, -7.80), frontier=(8.99, -7.80), endpoint_to_frontier=0.000 m, limit=0.10 m -> usable
[controller_server-10] [INFO] [1790925271.076681083] [local_costmap.local_costmap]: StaticLayer: Resizing static layer to 561 X 252 at 0.100000 m/pix
[planner_server-12] [INFO] [1790925271.293031953] [global_costmap.global_costmap]: StaticLayer: Resizing costmap to 561 X 252 at 0.100000 m/pix
[controller_server-10] [INFO] [1790925271.378845941] [controller_server]: Passing new path to controller.
[INFO] [1790925271.403763032] [mapex_explorer]: Main /plan diagnostic: poses=607, endpoint=(8.99, -7.80), frontier=(8.99, -7.80), endpoint_to_frontier=0.000 m, limit=0.10 m -> usable
[controller_server-10] [INFO] [1790925272.378842399] [controller_server]: Passing new path to controller.
[INFO] [1790925272.396743543] [mapex_explorer]: Main /plan diagnostic: poses=601, endpoint=(8.99, -7.80), frontier=(8.99, -7.80), endpoint_to_frontier=0.000 m, limit=0.10 m -> usable
[controller_server-10] [INFO] [1790925273.445510814] [controller_server]: Passing new path to controller.
[INFO] [1790925273.455192919] [mapex_explorer]: Main /plan diagnostic: poses=593, endpoint=(8.99, -7.80), frontier=(8.99, -7.80), endpoint_to_frontier=0.000 m, limit=0.10 m -> usable
[controller_server-10] [INFO] [1790925274.445512240] [controller_server]: Passing new path to controller.
[INFO] [1790925274.452444849] [mapex_explorer]: Main /plan diagnostic: poses=587, endpoint=(8.99, -7.80), frontier=(8.99, -7.80), endpoint_to_frontier=0.000 m, limit=0.10 m -> usable
[INFO] [1790925275.490446084] [mapex_explorer]: Main /plan diagnostic: poses=579, endpoint=(8.99, -7.80), frontier=(8.99, -7.80), endpoint_to_frontier=0.000 m, limit=0.10 m -> usable
[controller_server-10] [INFO] [1790925275.512198465] [controller_server]: Passing new path to controller.
[async_slam_toolbox_node-9] W20261002 14:14:36.097110 26986 preprocessor.cc:67] Specified options.num_threads: 50 exceeds maximum available from the threading model Ceres was compiled with: 16.  Bounding to maximum number available.
[controller_server-10] [INFO] [1790925276.578844569] [controller_server]: Passing new path to controller.
[INFO] [1790925276.584125973] [mapex_explorer]: Main /plan diagnostic: poses=572, endpoint=(8.99, -7.80), frontier=(8.99, -7.80), endpoint_to_frontier=0.000 m, limit=0.10 m -> usable
[controller_server-10] [INFO] [1790925277.076663551] [local_costmap.local_costmap]: StaticLayer: Resizing static layer to 561 X 252 at 0.100000 m/pix
[planner_server-12] [INFO] [1790925277.293054250] [global_costmap.global_costmap]: StaticLayer: Resizing costmap to 561 X 252 at 0.100000 m/pix
[INFO] [1790925277.547878055] [mapex_explorer]: Main /plan diagnostic: poses=566, endpoint=(8.99, -7.80), frontier=(8.99, -7.80), endpoint_to_frontier=0.000 m, limit=0.10 m -> usable
[controller_server-10] [INFO] [1790925277.579032568] [controller_server]: Passing new path to controller.
[controller_server-10] [INFO] [1790925278.645544319] [controller_server]: Passing new path to controller.
[INFO] [1790925278.647694961] [mapex_explorer]: Main /plan diagnostic: poses=558, endpoint=(8.99, -7.80), frontier=(8.99, -7.80), endpoint_to_frontier=0.000 m, limit=0.10 m -> usable
[INFO] [1790925279.614393605] [mapex_explorer]: Main /plan diagnostic: poses=551, endpoint=(8.99, -7.80), frontier=(8.99, -7.80), endpoint_to_frontier=0.000 m, limit=0.10 m -> usable
[controller_server-10] [INFO] [1790925279.645529291] [controller_server]: Passing new path to controller.
[controller_server-10] [INFO] [1790925280.645515353] [controller_server]: Passing new path to controller.
[INFO] [1790925280.653382806] [mapex_explorer]: Main /plan diagnostic: poses=545, endpoint=(8.99, -7.80), frontier=(8.99, -7.80), endpoint_to_frontier=0.000 m, limit=0.10 m -> usable
[controller_server-10] [INFO] [1790925281.712212066] [controller_server]: Passing new path to controller.
[INFO] [1790925281.772683551] [mapex_explorer]: Main /plan diagnostic: poses=537, endpoint=(8.99, -7.80), frontier=(8.99, -7.80), endpoint_to_frontier=0.000 m, limit=0.10 m -> usable
[controller_server-10] [INFO] [1790925282.712201519] [controller_server]: Passing new path to controller.
[INFO] [1790925282.730644007] [mapex_explorer]: Main /plan diagnostic: poses=528, endpoint=(8.99, -7.80), frontier=(8.99, -7.80), endpoint_to_frontier=0.000 m, limit=0.10 m -> usable
[INFO] [1790925283.732329936] [mapex_explorer]: Main /plan diagnostic: poses=523, endpoint=(8.99, -7.80), frontier=(8.99, -7.80), endpoint_to_frontier=0.000 m, limit=0.10 m -> usable
[controller_server-10] [INFO] [1790925283.778845302] [controller_server]: Passing new path to controller.
[INFO] [1790925284.752103808] [mapex_explorer]: Main /plan diagnostic: poses=515, endpoint=(8.99, -7.80), frontier=(8.99, -7.80), endpoint_to_frontier=0.000 m, limit=0.10 m -> usable
[controller_server-10] [INFO] [1790925284.778844780] [controller_server]: Passing new path to controller.
[INFO] [1790925285.779048502] [mapex_explorer]: Main /plan diagnostic: poses=508, endpoint=(8.99, -7.80), frontier=(8.99, -7.80)[controller_server-10] [INFO] [1790925285.778842712] [controller_server]: Passing new path to controller.
, endpoint_to_frontier=0.000 m, limit=0.10 m -> usable
[INFO] [1790925286.821856533] [mapex_explorer]: Main /plan diagnostic: poses=508, endpoint=(8.99, -7.80), frontier=(8.99, -7.80), endpoint_to_frontier=0.000 m, limit=0.10 m -> usable
[controller_server-10] [INFO] [1790925286.845515383] [controller_server]: Passing new path to controller.
[INFO] [1790925287.832467210] [mapex_explorer]: Main /plan diagnostic: poses=504, endpoint=(8.99, -7.80), frontier=(8.99, -7.80), endpoint_to_frontier=0.000 m, limit=0.10 m -> usable
[controller_server-10] [INFO] [1790925287.845512310] [controller_server]: Passing new path to controller.
[INFO] [1790925288.896632399] [mapex_explorer]: Main /plan diagnostic: poses=495, endpoint=(8.99, -7.80), frontier=(8.99, -7.80), endpoint_to_frontier=0.000 m, limit=0.10 m -> usable
[controller_server-10] [INFO] [1790925288.912199911] [controller_server]: Passing new path to controller.
[async_slam_toolbox_node-9] W20261002 14:14:49.677435 26986 preprocessor.cc:67] Specified options.num_threads: 50 exceeds maximum available from the threading model Ceres was compiled with: 16.  Bounding to maximum number available.
[async_slam_toolbox_node-9] [INFO] [1790925289.718949318] [slam_toolbox]: Adaptive anchor summary: latest_node=3951, local_edges=4042, loop_history=0, avg_effective_weight=1.072, release_regions=0
[controller_server-10] [INFO] [1790925289.912187006] [controller_server]: Passing new path to controller.
[INFO] [1790925289.928648083] [mapex_explorer]: Main /plan diagnostic: poses=485, endpoint=(8.99, -7.80), frontier=(8.99, -7.80), endpoint_to_frontier=0.000 m, limit=0.10 m -> usable
[controller_server-10] [INFO] [1790925290.076752035] [local_costmap.local_costmap]: StaticLayer: Resizing static layer to 561 X 252 at 0.100000 m/pix
[planner_server-12] [INFO] [1790925290.293064651] [global_costmap.global_costmap]: StaticLayer: Resizing costmap to 561 X 252 at 0.100000 m/pix
[INFO] [1790925290.929265794] [mapex_explorer]: Main /plan diagnostic: poses=474, endpoint=(8.99, -7.80), frontier=(8.99, -7.80), endpoint_to_frontier=0.000 m, limit=0.10 m -> usable
[controller_server-10] [INFO] [1790925290.978873452] [controller_server]: Passing new path to controller.
[INFO] [1790925291.949331604] [mapex_explorer]: Main /plan diagnostic: poses=464, endpoint=(8.99, -7.80), frontier=(8.99, -7.80), endpoint_to_frontier=0.000 m, limit=0.10 m -> usable
[controller_server-10] [INFO] [1790925291.978844081] [controller_server]: Passing new path to controller.
[controller_server-10] [INFO] [1790925292.978847762] [controller_server]: Passing new path to controller.
[INFO] [1790925293.023636395] [mapex_explorer]: Main /plan diagnostic: poses=454, endpoint=(8.99, -7.80), frontier=(8.99, -7.80), endpoint_to_frontier=0.000 m, limit=0.10 m -> usable
[INFO] [1790925294.004067382] [mapex_explorer]: Main /plan diagnostic: poses=444, endpoint=(8.99, -7.80), frontier=(8.99, -7.80), endpoint_to_frontier=0.000 m, limit=0.10 m -> usable
[controller_server-10] [INFO] [1790925294.045512498] [controller_server]: Passing new path to controller.
[controller_server-10] [INFO] [1790925295.045557954] [controller_server]: Passing new path to controller.
[INFO] [1790925295.052465150] [mapex_explorer]: Main /plan diagnostic: poses=434, endpoint=(8.99, -7.80), frontier=(8.99, -7.80), endpoint_to_frontier=0.000 m, limit=0.10 m -> usable
[async_slam_toolbox_node-9] W20261002 14:14:55.282617 26986 preprocessor.cc:67] Specified options.num_threads: 50 exceeds maximum available from the threading model Ceres was compiled with: 16.  Bounding to maximum number available.
[INFO] [1790925296.094129564] [mapex_explorer]: Main /plan diagnostic: poses=423, endpoint=(8.99, -7.80), frontier=(8.99, -7.80), endpoint_to_frontier=0.000 m, limit=0.10 m -> usable
[controller_server-10] [INFO] [1790925296.112204535] [controller_server]: Passing new path to controller.
[INFO] [1790925297.101554520] [mapex_explorer]: Main /plan diagnostic: poses=414, endpoint=(8.99, -7.80), frontier=(8.99, -7.80), endpoint_to_frontier=0.000 m, limit=0.10 m -> usable
[controller_server-10] [INFO] [1790925297.112196829] [controller_server]: Passing new path to controller.
[controller_server-10] [INFO] [1790925298.178867083] [controller_server]: Passing new path to controller.
[INFO] [1790925298.246637652] [mapex_explorer]: Main /plan diagnostic: poses=403, endpoint=(8.99, -7.80), frontier=(8.99, -7.80), endpoint_to_frontier=0.000 m, limit=0.10 m -> usable
[controller_server-10] [INFO] [1790925299.178846992] [controller_server]: Passing new path to controller.
[INFO] [1790925299.189470118] [mapex_explorer]: Main /plan diagnostic: poses=393, endpoint=(8.99, -7.80), frontier=(8.99, -7.80), endpoint_to_frontier=0.000 m, limit=0.10 m -> usable
[INFO] [1790925300.178223047] [mapex_explorer]: Main /plan diagnostic: poses=384, endpoint=(8.99, -7.80), frontier=(8.99, -7.80), endpoint_to_frontier=0.000 m, limit=0.10 m -> usable
[controller_server-10] [INFO] [1790925300.178800447] [controller_server]: Passing new path to controller.
[INFO] [1790925301.218838880] [mapex_explorer]: Main /plan diagnostic: poses=373, endpoint=(8.99, -7.80), frontier=(8.99, -7.80), endpoint_to_frontier=0.000 m, limit=0.10 m -> usable
[controller_server-10] [INFO] [1790925301.245539171] [controller_server]: Passing new path to controller.
[INFO] [1790925302.223351707] [mapex_explorer]: Main /plan diagnostic: poses=363, endpoint=(8.99, -7.80), frontier=(8.99, -7.80), endpoint_to_frontier=0.000 m, limit=0.10 m -> usable
[controller_server-10] [INFO] [1790925302.245538938] [controller_server]: Passing new path to controller.
[INFO] [1790925303.277403803] [mapex_explorer]: Main /plan diagnostic: poses=353, endpoint=(8.99, -7.80), frontier=(8.99, -7.80), endpoint_to_frontier=0.000 m, limit=0.10 m -> usable
[controller_server-10] [INFO] [1790925303.312161966] [controller_server]: Passing new path to controller.
[INFO] [1790925304.270267127] [mapex_explorer]: Main /plan diagnostic: poses=342, endpoint=(8.99, -7.80), frontier=(8.99, -7.80), endpoint_to_frontier=0.000 m, limit=0.10 m -> usable
[controller_server-10] [INFO] [1790925304.312182559] [controller_server]: Passing new path to controller.
[INFO] [1790925305.310618690] [mapex_explorer]: Main /plan diagnostic: poses=331, endpoint=(8.99, -7.80), frontier=(8.99, -7.80), endpoint_to_frontier=0.000 m, limit=0.10 m -> usable
[controller_server-10] [INFO] [1790925305.312183768] [controller_server]: Passing new path to controller.
[controller_server-10] [WARN] [1790925306.061508599] [controller_server]: Control loop missed its desired rate of 15.0000 Hz. Current loop rate is 12.0482 Hz.
[INFO] [1790925306.326813127] [mapex_explorer]: Main /plan diagnostic: poses=323, endpoint=(8.99, -7.80), frontier=(8.99, -7.80), endpoint_to_frontier=0.000 m, limit=0.10 m -> usable
[controller_server-10] [INFO] [1790925306.328744898] [controller_server]: Passing new path to controller.
[INFO] [1790925307.381880297] [mapex_explorer]: Main /plan diagnostic: poses=313, endpoint=(8.99, -7.80), frontier=(8.99, -7.80), endpoint_to_frontier=0.000 m, limit=0.10 m -> usable
[controller_server-10] [INFO] [1790925307.395430413] [controller_server]: Passing new path to controller.
[controller_server-10] [WARN] [1790925308.078157632] [controller_server]: Control loop missed its desired rate of 15.0000 Hz. Current loop rate is 12.1951 Hz.
[INFO] [1790925308.379415533] [mapex_explorer]: Main /plan diagnostic: poses=302, endpoint=(8.99, -7.80), frontier=(8.99, -7.80), endpoint_to_frontier=0.000 m, limit=0.10 m -> usable
[controller_server-10] [INFO] [1790925308.411621279] [controller_server]: Passing new path to controller.
[async_slam_toolbox_node-9] W20261002 14:15:09.016893 26986 preprocessor.cc:67] Specified options.num_threads: 50 exceeds maximum available from the threading model Ceres was compiled with: 16.  Bounding to maximum number available.
[async_slam_toolbox_node-9] [INFO] [1790925309.041657093] [slam_toolbox]: Adaptive anchor summary: latest_node=4015, local_edges=4106, loop_history=0, avg_effective_weight=1.070, release_regions=0
[controller_server-10] [INFO] [1790925309.411603774] [controller_server]: Passing new path to controller.
[INFO] [1790925309.419065892] [mapex_explorer]: Main /plan diagnostic: poses=294, endpoint=(8.99, -7.80), frontier=(8.99, -7.80), endpoint_to_frontier=0.000 m, limit=0.10 m -> usable
[controller_server-10] [INFO] [1790925310.076695578] [local_costmap.local_costmap]: StaticLayer: Resizing static layer to 561 X 252 at 0.100000 m/pix
[planner_server-12] [INFO] [1790925310.293023276] [global_costmap.global_costmap]: StaticLayer: Resizing costmap to 561 X 252 at 0.100000 m/pix
[INFO] [1790925310.459587189] [mapex_explorer]: Main /plan diagnostic: poses=283, endpoint=(8.99, -7.80), frontier=(8.99, -7.80), endpoint_to_frontier=0.000 m, limit=0.10 m -> usable
[controller_server-10] [INFO] [1790925310.478295436] [controller_server]: Passing new path to controller.
[INFO] [1790925311.451078273] [mapex_explorer]: Main /plan diagnostic: poses=272, endpoint=(8.99, -7.80), frontier=(8.99, -7.80), endpoint_to_frontier=0.000 m, limit=0.10 m -> usable
[controller_server-10] [INFO] [1790925311.478334461] [controller_server]: Passing new path to controller.
[INFO] [1790925312.479444453] [mapex_explorer]: Main /plan diagnostic: poses=261, endpoint=(8.99, -7.80), frontier=(8.99, -7.80), endpoint_to_frontier=0.000 m, limit=0.10 m -> usable
[controller_server-10] [INFO] [1790925312.544934831] [controller_server]: Passing new path to controller.
[async_slam_toolbox_node-9] W20261002 14:15:13.030916 26986 preprocessor.cc:67] Specified options.num_threads: 50 exceeds maximum available from the threading model Ceres was compiled with: 16.  Bounding to maximum number available.
[controller_server-10] [INFO] [1790925313.544940474] [controller_server]: Passing new path to controller.
[INFO] [1790925313.586025822] [mapex_explorer]: Main /plan diagnostic: poses=252, endpoint=(8.99, -7.80), frontier=(8.99, -7.80), endpoint_to_frontier=0.000 m, limit=0.10 m -> usable
[controller_server-10] [INFO] [1790925314.076678668] [local_costmap.local_costmap]: StaticLayer: Resizing static layer to 561 X 252 at 0.100000 m/pix
[planner_server-12] [INFO] [1790925314.293067454] [global_costmap.global_costmap]: StaticLayer: Resizing costmap to 561 X 252 at 0.100000 m/pix
[INFO] [1790925314.524729374] [mapex_explorer]: Main /plan diagnostic: poses=243, endpoint=(8.99, -7.80), frontier=(8.99, -7.80), endpoint_to_frontier=0.000 m, limit=0.10 m -> usable
[controller_server-10] [INFO] [1790925314.544933908] [controller_server]: Passing new path to controller.
[INFO] [1790925315.564922110] [mapex_explorer]: Main /plan diagnostic: poses=234, endpoint=(8.99, -7.80), frontier=(8.99, -7.80), endpoint_to_frontier=0.000 m, limit=0.10 m -> usable
[controller_server-10] [INFO] [1790925315.611625863] [controller_server]: Passing new path to controller.
[async_slam_toolbox_node-9] W20261002 14:15:16.463918 26986 preprocessor.cc:67] Specified options.num_threads: 50 exceeds maximum available from the threading model Ceres was compiled with: 16.  Bounding to maximum number available.
[INFO] [1790925316.570409414] [mapex_explorer]: Main /plan diagnostic: poses=223, endpoint=(8.99, -7.80), frontier=(8.99, -7.80), endpoint_to_frontier=0.000 m, limit=0.10 m -> usable
[controller_server-10] [INFO] [1790925316.611637498] [controller_server]: Passing new path to controller.
[controller_server-10] [INFO] [1790925317.076669830] [local_costmap.local_costmap]: StaticLayer: Resizing static layer to 561 X 252 at 0.100000 m/pix
[planner_server-12] [INFO] [1790925317.293044917] [global_costmap.global_costmap]: StaticLayer: Resizing costmap to 561 X 252 at 0.100000 m/pix
[INFO] [1790925317.610800912] [mapex_explorer]: Main /plan diagnostic: poses=210, endpoint=(8.99, -7.80), frontier=(8.99, -7.80), endpoint_to_frontier=0.000 m, limit=0.10 m -> usable
[controller_server-10] [INFO] [1790925317.611622713] [controller_server]: Passing new path to controller.
[INFO] [1790925318.629040908] [mapex_explorer]: Main /plan diagnostic: poses=200, endpoint=(8.99, -7.80), frontier=(8.99, -7.80), endpoint_to_frontier=0.000 m, limit=0.10 m -> usable
[controller_server-10] [INFO] [1790925318.678292635] [controller_server]: Passing new path to controller.
[controller_server-10] [INFO] [1790925319.678330116] [controller_server]: Passing new path to controller.
[INFO] [1790925319.680313890] [mapex_explorer]: Main /plan diagnostic: poses=190, endpoint=(8.99, -7.80), frontier=(8.99, -7.80), endpoint_to_frontier=0.000 m, limit=0.10 m -> usable
[async_slam_toolbox_node-9] W20261002 14:15:20.109438 26986 preprocessor.cc:67] Specified options.num_threads: 50 exceeds maximum available from the threading model Ceres was compiled with: 16.  Bounding to maximum number available.
[INFO] [1790925320.716627117] [mapex_explorer]: Main /plan diagnostic: poses=180, endpoint=(8.99, -7.80), frontier=(8.99, -7.80), endpoint_to_frontier=0.000 m, limit=0.10 m -> usable
[controller_server-10] [INFO] [1790925320.744933931] [controller_server]: Passing new path to controller.
[controller_server-10] [INFO] [1790925321.076775747] [local_costmap.local_costmap]: StaticLayer: Resizing static layer to 561 X 252 at 0.100000 m/pix
[planner_server-12] [INFO] [1790925321.293028288] [global_costmap.global_costmap]: StaticLayer: Resizing costmap to 561 X 252 at 0.100000 m/pix
[controller_server-10] [INFO] [1790925321.744939901] [controller_server]: Passing new path to controller.
[INFO] [1790925321.810163613] [mapex_explorer]: Main /plan diagnostic: poses=171, endpoint=(8.99, -7.80), frontier=(8.99, -7.80), endpoint_to_frontier=0.000 m, limit=0.10 m -> usable
[INFO] [1790925322.731341059] [mapex_explorer]: Main /plan diagnostic: poses=161, endpoint=(8.99, -7.80), frontier=(8.99, -7.80), endpoint_to_frontier=0.000 m, limit=0.10 m -> usable
[controller_server-10] [INFO] [1790925322.744935878] [controller_server]: Passing new path to controller.
[controller_server-10] [INFO] [1790925323.811607262] [controller_server]: Passing new path to controller.
[INFO] [1790925323.814033641] [mapex_explorer]: Main /plan diagnostic: poses=150, endpoint=(8.99, -7.80), frontier=(8.99, -7.80), endpoint_to_frontier=0.000 m, limit=0.10 m -> usable
[INFO] [1790925324.788109615] [mapex_explorer]: Main /plan diagnostic: poses=140, endpoint=(8.99, -7.80), frontier=(8.99, -7.80), endpoint_to_frontier=0.000 m, limit=0.10 m -> usable
[controller_server-10] [INFO] [1790925324.811605068] [controller_server]: Passing new path to controller.
[INFO] [1790925325.803945019] [mapex_explorer]: Main /plan diagnostic: poses=130, endpoint=(8.99, -7.80), frontier=(8.99, -7.80), endpoint_to_frontier=0.000 m, limit=0.10 m -> usable
[controller_server-10] [INFO] [1790925325.878303797] [controller_server]: Passing new path to controller.
[controller_server-10] [WARN] [1790925326.018806497] [controller_server]: Control loop missed its desired rate of 15.0000 Hz. Current loop rate is 13.5135 Hz.
[INFO] [1790925326.836385530] [mapex_explorer]: Main /plan diagnostic: poses=119, endpoint=(8.99, -7.80), frontier=(8.99, -7.80), endpoint_to_frontier=0.000 m, limit=0.10 m -> usable
[controller_server-10] [INFO] [1790925326.885645893] [controller_server]: Passing new path to controller.
[controller_server-10] [WARN] [1790925327.025956946] [controller_server]: Control loop missed its desired rate of 15.0000 Hz. Current loop rate is 13.5135 Hz.
[INFO] [1790925327.853994437] [mapex_explorer]: Main /plan diagnostic: poses=109, endpoint=(8.99, -7.80), frontier=(8.99, -7.80), endpoint_to_frontier=0.000 m, limit=0.10 m -> usable
[controller_server-10] [INFO] [1790925327.892748742] [controller_server]: Passing new path to controller.
[controller_server-10] [WARN] [1790925328.041738113] [controller_server]: Control loop missed its desired rate of 15.0000 Hz. Current loop rate is 12.1951 Hz.
[INFO] [1790925328.882685865] [mapex_explorer]: Main /plan diagnostic: poses=100, endpoint=(8.99, -7.80), frontier=(8.99, -7.80), endpoint_to_frontier=0.000 m, limit=0.10 m -> usable
[controller_server-10] [INFO] [1790925328.908500057] [controller_server]: Passing new path to controller.
[INFO] [1790925329.964236321] [mapex_explorer]: Main /plan diagnostic: poses=89, endpoint=(8.99, -7.80), frontier=(8.99, -7.80), endpoint_to_frontier=0.000 m, limit=0.10 m -> usable
[controller_server-10] [INFO] [1790925329.975167582] [controller_server]: Passing new path to controller.
[INFO] [1790925330.933030757] [mapex_explorer]: Main /plan diagnostic: poses=79, endpoint=(8.99, -7.80), frontier=(8.99, -7.80), endpoint_to_frontier=0.000 m, limit=0.10 m -> usable
[controller_server-10] [INFO] [1790925330.975167262] [controller_server]: Passing new path to controller.
[INFO] [1790925331.965701711] [mapex_explorer]: Main /plan diagnostic: poses=69, endpoint=(8.99, -7.80), frontier=(8.99, -7.80), endpoint_to_frontier=0.000 m, limit=0.10 m -> usable
[controller_server-10] [INFO] [1790925332.041833807] [controller_server]: Passing new path to controller.
[INFO] [1790925333.018041687] [mapex_explorer]: Main /plan diagnostic: poses=59, endpoint=(8.99, -7.80), frontier=(8.99, -7.80), endpoint_to_frontier=0.000 m, limit=0.10 m -> usable
[controller_server-10] [INFO] [1790925333.041834035] [controller_server]: Passing new path to controller.
[INFO] [1790925334.011948041] [mapex_explorer]: Main /plan diagnostic: poses=50, endpoint=(8.99, -7.80), frontier=(8.99, -7.80), endpoint_to_frontier=0.000 m, limit=0.10 m -> usable
[controller_server-10] [INFO] [1790925334.041835737] [controller_server]: Passing new path to controller.
[INFO] [1790925335.042476405] [mapex_explorer]: Main /plan diagnostic: poses=40, endpoint=(8.99, -7.80), frontier=(8.99, -7.80), endpoint_to_frontier=0.000 m, limit=0.10 m -> usable
[controller_server-10] [INFO] [1790925335.108528028] [controller_server]: Passing new path to controller.
[INFO] [1790925336.097791477] [mapex_explorer]: Main /plan diagnostic: poses=32, endpoint=(8.99, -7.80), frontier=(8.99, -7.80), endpoint_to_frontier=0.000 m, limit=0.10 m -> usable
[controller_server-10] [INFO] [1790925336.108523200] [controller_server]: Passing new path to controller.
[INFO] [1790925337.096417238] [mapex_explorer]: Main /plan diagnostic: poses=21, endpoint=(8.99, -7.80), frontier=(8.99, -7.80), endpoint_to_frontier=0.000 m, limit=0.10 m -> usable
[controller_server-10] [INFO] [1790925337.108501630] [controller_server]: Passing new path to controller.
[INFO] [1790925338.160002428] [mapex_explorer]: Main /plan diagnostic: poses=13, endpoint=(8.99, -7.80), frontier=(8.99, -7.80), endpoint_to_frontier=0.000 m, limit=0.10 m -> usable
[controller_server-10] [INFO] [1790925338.175171569] [controller_server]: Passing new path to controller.
[controller_server-10] [INFO] [1790925339.175166223] [controller_server]: Passing new path to controller.
[INFO] [1790925339.253559976] [mapex_explorer]: Main /plan diagnostic: poses=8, endpoint=(8.99, -7.80), frontier=(8.99, -7.80), endpoint_to_frontier=0.000 m, limit=0.10 m -> usable
[controller_server-10] [INFO] [1790925339.579152824] [controller_server]: Reached the goal!
[controller_server-10] [INFO] [1790925339.579445588] [controller_server]: Optimizer reset
[bt_navigator-15] [INFO] [1790925339.608283221] [bt_navigator]: Goal succeeded
[INFO] [1790925339.612433871] [mapex_explorer]: Goal reached
[INFO] [1790925345.840236973] [mapex_explorer]: MapEx decision 40: selected x=11.49, y=-7.80, IG=3.656662, distance=2.43 m, score=1.506312, region=23, candidates=6, near_fallback=False, compute=5.22 s
[bt_navigator-15] [INFO] [1790925345.841131927] [bt_navigator]: Begin navigating from current location (9.08, -8.10) to (11.49, -7.80)
[controller_server-10] [INFO] [1790925345.861736435] [controller_server]: Received a goal, begin computing control effort.
[INFO] [1790925346.013771723] [mapex_explorer]: Main goal accepted
[INFO] [1790925346.029282715] [mapex_explorer]: Main /plan diagnostic: poses=149, endpoint=(11.49, -7.80), frontier=(11.49, -7.80), endpoint_to_frontier=0.000 m, limit=0.10 m -> usable
[INFO] [1790925346.867163241] [mapex_explorer]: Main /plan diagnostic: poses=142, endpoint=(11.49, -7.80), frontier=(11.49, -7.80), endpoint_to_frontier=0.000 m, limit=0.10 m -> usable
[controller_server-10] [INFO] [1790925346.928519655] [controller_server]: Passing new path to controller.
[INFO] [1790925347.902430972] [mapex_explorer]: Main /plan diagnostic: poses=140, endpoint=(11.49, -7.80), frontier=(11.49, -7.80), endpoint_to_frontier=0.000 m, limit=0.10 m -> usable
[controller_server-10] [INFO] [1790925347.928531042] [controller_server]: Passing new path to controller.
[INFO] [1790925348.969652430] [mapex_explorer]: Main /plan diagnostic: poses=140, endpoint=(11.49, -7.80), frontier=(11.49, -7.80), endpoint_to_frontier=0.000 m, limit=0.10 m -> usable
[controller_server-10] [INFO] [1790925348.995193565] [controller_server]: Passing new path to controller.
[controller_server-10] [INFO] [1790925349.995185719] [controller_server]: Passing new path to controller.
[INFO] [1790925350.007939506] [mapex_explorer]: Main /plan diagnostic: poses=135, endpoint=(11.49, -7.80), frontier=(11.49, -7.80), endpoint_to_frontier=0.000 m, limit=0.10 m -> usable
[INFO] [1790925350.966903619] [mapex_explorer]: Main /plan diagnostic: poses=121, endpoint=(11.49, -7.80), frontier=(11.49, -7.80), endpoint_to_frontier=0.000 m, limit=0.10 m -> usable
[controller_server-10] [INFO] [1790925350.995222192] [controller_server]: Passing new path to controller.
[INFO] [1790925352.021778740] [mapex_explorer]: Main /plan diagnostic: poses=111, endpoint=(11.49, -7.80), frontier=(11.49, -7.80), endpoint_to_frontier=0.000 m, limit=0.10 m -> usable
[controller_server-10] [INFO] [1790925352.061855921] [controller_server]: Passing new path to controller.
[INFO] [1790925353.038374070] [mapex_explorer]: Main /plan diagnostic: poses=101, endpoint=(11.49, -7.80), frontier=(11.49, -7.80), endpoint_to_frontier=0.000 m, limit=0.10 m -> usable
[controller_server-10] [INFO] [1790925353.061879602] [controller_server]: Passing new path to controller.
[controller_server-10] [INFO] [1790925354.061851560] [controller_server]: Passing new path to controller.
[INFO] [1790925354.089665664] [mapex_explorer]: Main /plan diagnostic: poses=91, endpoint=(11.49, -7.80), frontier=(11.49, -7.80), endpoint_to_frontier=0.000 m, limit=0.10 m -> usable
[INFO] [1790925355.101552962] [mapex_explorer]: Main /plan diagnostic: poses=81, endpoint=(11.49, -7.80), frontier=(11.49, -7.80), endpoint_to_frontier=0.000 m, limit=0.10 m -> usable
[controller_server-10] [INFO] [1790925355.128543884] [controller_server]: Passing new path to controller.
[INFO] [1790925356.110525714] [mapex_explorer]: Main /plan diagnostic: poses=70, endpoint=(11.49, -7.80), frontier=(11.49, -7.80), endpoint_to_frontier=0.000 m, limit=0.10 m -> usable
[controller_server-10] [INFO] [1790925356.128569444] [controller_server]: Passing new path to controller.
[INFO] [1790925357.174516192] [mapex_explorer]: Main /plan diagnostic: poses=60, endpoint=(11.49, -7.80), frontier=(11.49, -7.80), endpoint_to_frontier=0.000 m, limit=0.10 m -> usable
[controller_server-10] [INFO] [1790925357.195190052] [controller_server]: Passing new path to controller.
[async_slam_toolbox_node-9] W20261002 14:15:58.066906 26986 preprocessor.cc:67] Specified options.num_threads: 50 exceeds maximum available from the threading model Ceres was compiled with: 16.  Bounding to maximum number available.
[async_slam_toolbox_node-9] [INFO] [1790925358.093093236] [slam_toolbox]: Adaptive anchor summary: latest_node=4156, local_edges=4248, loop_history=0, avg_effective_weight=1.068, release_regions=0
[INFO] [1790925358.156186722] [mapex_explorer]: Main /plan diagnostic: poses=48, endpoint=(11.49, -7.80), frontier=(11.49, -7.80), endpoint_to_frontier=0.000 m, limit=0.10 m -> usable
[controller_server-10] [INFO] [1790925358.195196905] [controller_server]: Passing new path to controller.
[controller_server-10] [INFO] [1790925359.076687024] [local_costmap.local_costmap]: StaticLayer: Resizing static layer to 561 X 252 at 0.100000 m/pix
[INFO] [1790925359.187781469] [mapex_explorer]: Main /plan diagnostic: poses=38, endpoint=(11.49, -7.80), frontier=(11.49, -7.80), endpoint_to_frontier=0.000 m, limit=0.10 m -> usable
[controller_server-10] [INFO] [1790925359.261869747] [controller_server]: Passing new path to controller.
[planner_server-12] [INFO] [1790925359.293032118] [global_costmap.global_costmap]: StaticLayer: Resizing costmap to 561 X 252 at 0.100000 m/pix
[INFO] [1790925360.206039698] [mapex_explorer]: Main /plan diagnostic: poses=28, endpoint=(11.49, -7.80), frontier=(11.49, -7.80), endpoint_to_frontier=0.000 m, limit=0.10 m -> usable
[controller_server-10] [INFO] [1790925360.261850432] [controller_server]: Passing new path to controller.
[INFO] [1790925361.233903107] [mapex_explorer]: Main /plan diagnostic: poses=19, endpoint=(11.49, -7.80), frontier=(11.49, -7.80), endpoint_to_frontier=0.000 m, limit=0.10 m -> usable
[controller_server-10] [INFO] [1790925361.261906406] [controller_server]: Passing new path to controller.
[INFO] [1790925362.253872048] [mapex_explorer]: Main /plan diagnostic: poses=13, endpoint=(11.49, -7.80), frontier=(11.49, -7.80), endpoint_to_frontier=0.000 m, limit=0.10 m -> usable
[controller_server-10] [INFO] [1790925362.328543980] [controller_server]: Passing new path to controller.
[INFO] [1790925363.274769932] [mapex_explorer]: Main /plan diagnostic: poses=7, endpoint=(11.49, -7.80), frontier=(11.49, -7.80), endpoint_to_frontier=0.000 m, limit=0.10 m -> usable
[controller_server-10] [INFO] [1790925363.328517897] [controller_server]: Passing new path to controller.
[controller_server-10] [INFO] [1790925363.597656321] [controller_server]: Reached the goal!
[controller_server-10] [INFO] [1790925363.597828437] [controller_server]: Optimizer reset
[bt_navigator-15] [INFO] [1790925363.621555323] [bt_navigator]: Goal succeeded
[INFO] [1790925363.663931599] [mapex_explorer]: Goal reached
[INFO] [1790925369.386965833] [mapex_explorer]: MapEx decision 41: selected x=18.09, y=-2.80, IG=6.587151, distance=7.95 m, score=0.828564, region=23, candidates=5, near_fallback=False, compute=4.81 s
[bt_navigator-15] [INFO] [1790925369.388009270] [bt_navigator]: Begin navigating from current location (11.66, -7.49) to (18.09, -2.80)
[controller_server-10] [INFO] [1790925369.409200235] [controller_server]: Received a goal, begin computing control effort.
[INFO] [1790925369.508742626] [mapex_explorer]: Main goal accepted
[INFO] [1790925369.557003471] [mapex_explorer]: Main /plan diagnostic: poses=578, endpoint=(18.09, -2.80), frontier=(18.09, -2.80), endpoint_to_frontier=0.000 m, limit=0.10 m -> usable
[INFO] [1790925370.453852936] [mapex_explorer]: Main /plan diagnostic: poses=572, endpoint=(18.09, -2.80), frontier=(18.09, -2.80), endpoint_to_frontier=0.000 m, limit=0.10 m -> usable
[controller_server-10] [INFO] [1790925370.476056888] [controller_server]: Passing new path to controller.
[INFO] [1790925371.466607335] [mapex_explorer]: Main /plan diagnostic: poses=589, endpoint=(18.09, -2.80), frontier=(18.09, -2.80), endpoint_to_frontier=0.000 m, limit=0.10 m -> usable
[controller_server-10] [INFO] [1790925371.476081036] [controller_server]: Passing new path to controller.
[INFO] [1790925372.511236192] [mapex_explorer]: Main /plan diagnostic: poses=589, endpoint=(18.09, -2.80), frontier=(18.09, -2.80), endpoint_to_frontier=0.000 m, limit=0.10 m -> usable
[controller_server-10] [INFO] [1790925372.542717818] [controller_server]: Passing new path to controller.
[INFO] [1790925373.523764895] [mapex_explorer]: Main /plan diagnostic: poses=590, endpoint=(18.09, -2.80), frontier=(18.09, -2.80), endpoint_to_frontier=0.000 m, limit=0.10 m -> usable
[controller_server-10] [INFO] [1790925373.542719494] [controller_server]: Passing new path to controller.
[INFO] [1790925374.563772798] [mapex_explorer]: Main /plan diagnostic: poses=590, endpoint=(18.09, -2.80), frontier=(18.09, -2.80), endpoint_to_frontier=0.000 m, limit=0.10 m -> usable
[controller_server-10] [INFO] [1790925374.609408466] [controller_server]: Passing new path to controller.
[INFO] [1790925375.567392159] [mapex_explorer]: Main /plan diagnostic: poses=593, endpoint=(18.09, -2.80), frontier=(18.09, -2.80), endpoint_to_frontier=0.000 m, limit=0.10 m -> usable
[controller_server-10] [INFO] [1790925375.609418346] [controller_server]: Passing new path to controller.
[controller_server-10] [INFO] [1790925376.609396610] [controller_server]: Passing new path to controller.
[INFO] [1790925376.640369465] [mapex_explorer]: Main /plan diagnostic: poses=593, endpoint=(18.09, -2.80), frontier=(18.09, -2.80), endpoint_to_frontier=0.000 m, limit=0.10 m -> usable
[INFO] [1790925377.630168156] [mapex_explorer]: Main /plan diagnostic: poses=593, endpoint=(18.09, -2.80), frontier=(18.09, -2.80), endpoint_to_frontier=0.000 m, limit=0.10 m -> usable
[controller_server-10] [INFO] [1790925377.676054416] [controller_server]: Passing new path to controller.
[INFO] [1790925378.661967336] [mapex_explorer]: Main /plan diagnostic: poses=593, endpoint=(18.09, -2.80), frontier=(18.09, -2.80), endpoint_to_frontier=0.000 m, limit=0.10 m -> usable
[controller_server-10] [INFO] [1790925378.676091716] [controller_server]: Passing new path to controller.
[controller_server-10] [ERROR] [1790925379.610666033] [controller_server]: Failed to make progress
[controller_server-10] [INFO] [1790925379.610968342] [controller_server]: Optimizer reset
[controller_server-10] [WARN] [1790925379.610981977] [controller_server]: [follow_path] [ActionServer] Aborting handle.
[behavior_server-14] [INFO] [1790925379.628677820] [behavior_server]: Running wait
[behavior_server-14] [INFO] [1790925379.928943924] [behavior_server]: wait completed successfully
[controller_server-10] [INFO] [1790925379.968740396] [controller_server]: Received a goal, begin computing control effort.
[INFO] [1790925380.034569805] [mapex_explorer]: Main /plan diagnostic: poses=593, endpoint=(18.09, -2.80), frontier=(18.09, -2.80), endpoint_to_frontier=0.000 m, limit=0.10 m -> usable
[INFO] [1790925381.007093366] [mapex_explorer]: Main /plan diagnostic: poses=593, endpoint=(18.09, -2.80), frontier=(18.09, -2.80), endpoint_to_frontier=0.000 m, limit=0.10 m -> usable
[controller_server-10] [INFO] [1790925381.035566524] [controller_server]: Passing new path to controller.
[controller_server-10] [INFO] [1790925382.035585628] [controller_server]: Passing new path to controller.
[INFO] [1790925382.087297348] [mapex_explorer]: Main /plan diagnostic: poses=589, endpoint=(18.09, -2.80), frontier=(18.09, -2.80), endpoint_to_frontier=0.000 m, limit=0.10 m -> usable
[INFO] [1790925383.083373611] [mapex_explorer]: Main /plan diagnostic: poses=593, endpoint=(18.09, -2.80), frontier=(18.09, -2.80), endpoint_to_frontier=0.000 m, limit=0.10 m -> usable
[controller_server-10] [INFO] [1790925383.102229556] [controller_server]: Passing new path to controller.
[controller_server-10] [INFO] [1790925384.102249465] [controller_server]: Passing new path to controller.
[INFO] [1790925384.130014485] [mapex_explorer]: Main /plan diagnostic: poses=593, endpoint=(18.09, -2.80), frontier=(18.09, -2.80), endpoint_to_frontier=0.000 m, limit=0.10 m -> usable
[INFO] [1790925385.131886557] [mapex_explorer]: Main /plan diagnostic: poses=593, endpoint=(18.09, -2.80), frontier=(18.09, -2.80), endpoint_to_frontier=0.000 m, limit=0.10 m -> usable
[controller_server-10] [INFO] [1790925385.168902521] [controller_server]: Passing new path to controller.
[controller_server-10] [INFO] [1790925386.168955341] [controller_server]: Passing new path to controller.
[INFO] [1790925386.172218301] [mapex_explorer]: Main /plan diagnostic: poses=589, endpoint=(18.09, -2.80), frontier=(18.09, -2.80), endpoint_to_frontier=0.000 m, limit=0.10 m -> usable
[INFO] [1790925387.159854608] [mapex_explorer]: Main /plan diagnostic: poses=589, endpoint=(18.09, -2.80), frontier=(18.09, -2.80), endpoint_to_frontier=0.000 m, limit=0.10 m -> usable
[controller_server-10] [INFO] [1790925387.168896496] [controller_server]: Passing new path to controller.
[INFO] [1790925388.192475738] [mapex_explorer]: Main /plan diagnostic: poses=593, endpoint=(18.09, -2.80), frontier=(18.09, -2.80), endpoint_to_frontier=0.000 m, limit=0.10 m -> usable
[controller_server-10] [INFO] [1790925388.235568895] [controller_server]: Passing new path to controller.
[INFO] [1790925389.228244397] [mapex_explorer]: Main /plan diagnostic: poses=589, endpoint=(18.09, -2.80), frontier=(18.09, -2.80), endpoint_to_frontier=0.000 m, limit=0.10 m -> usable
[controller_server-10] [INFO] [1790925389.235567465] [controller_server]: Passing new path to controller.
[controller_server-10] [ERROR] [1790925390.169062722] [controller_server]: Failed to make progress
[controller_server-10] [INFO] [1790925390.169842152] [controller_server]: Optimizer reset
[controller_server-10] [WARN] [1790925390.169891207] [controller_server]: [follow_path] [ActionServer] Aborting handle.
[bt_navigator-15] [WARN] [1790925390.198163462] [bt_navigator]: [navigate_to_pose] [ActionServer] Aborting handle.
[bt_navigator-15] [ERROR] [1790925390.198341558] [bt_navigator]: Goal failed
[WARN] [1790925390.202464195] [mapex_explorer]: Main goal failed (status=6, error_code=105)
[WARN] [1790925390.204346778] [mapex_explorer]: Could not choose a useful intermediate point on the main path.
[WARN] [1790925390.206414872] [mapex_explorer]: Main frontier temporarily suppressed after FAILED_TO_MAKE_PROGRESS (105): x=18.09, y=-2.80; reason=no_useful_path_guided_subgoal; radius=0.30 m, cooldown=30 s. Exploration will continue with another frontier.
[INFO] [1790925396.080190548] [mapex_explorer]: MapEx decision 42: selected x=25.29, y=-7.80, IG=3.171074, distance=13.37 m, score=0.237147, region=26, candidates=4, near_fallback=False, compute=5.52 s
[bt_navigator-15] [INFO] [1790925396.080846484] [bt_navigator]: Begin navigating from current location (11.93, -7.15) to (25.29, -7.80)
[controller_server-10] [INFO] [1790925396.101885715] [controller_server]: Received a goal, begin computing control effort.
[INFO] [1790925396.319211718] [mapex_explorer]: Main goal accepted
[INFO] [1790925396.393012764] [mapex_explorer]: Main /plan diagnostic: poses=709, endpoint=(25.29, -7.80), frontier=(25.29, -7.80), endpoint_to_frontier=0.000 m, limit=0.10 m -> usable
[INFO] [1790925397.137873216] [mapex_explorer]: Main /plan diagnostic: poses=709, endpoint=(25.29, -7.80), frontier=(25.29, -7.80), endpoint_to_frontier=0.000 m, limit=0.10 m -> usable
[controller_server-10] [INFO] [1790925397.168693155] [controller_server]: Passing new path to controller.
[INFO] [1790925398.162404027] [mapex_explorer]: Main /plan diagnostic: poses=709, endpoint=(25.29, -7.80), frontier=(25.29, -7.80), endpoint_to_frontier=0.000 m, limit=0.10 m -> usable
[controller_server-10] [INFO] [1790925398.168728413] [controller_server]: Passing new path to controller.
[INFO] [1790925399.190610867] [mapex_explorer]: Main /plan diagnostic: poses=709, endpoint=(25.29, -7.80), frontier=(25.29, -7.80), endpoint_to_frontier=0.000 m, limit=0.10 m -> usable
[controller_server-10] [INFO] [1790925399.235370369] [controller_server]: Passing new path to controller.
[INFO] [1790925400.229134206] [mapex_explorer]: Main /plan diagnostic: poses=691, endpoint=(25.29, -7.80), frontier=(25.29, -7.80), endpoint_to_frontier=0.000 m, limit=0.10 m -> usable
[controller_server-10] [INFO] [1790925400.235378343] [controller_server]: Passing new path to controller.
[INFO] [1790925401.241422681] [mapex_explorer]: Main /plan diagnostic: poses=683, endpoint=(25.29, -7.80), frontier=(25.29, -7.80), endpoint_to_frontier=0.000 m, limit=0.10 m -> usable
[controller_server-10] [INFO] [1790925401.302057348] [controller_server]: Passing new path to controller.
[INFO] [1790925402.269556242] [mapex_explorer]: Main /plan diagnostic: poses=673, endpoint=(25.29, -7.80), frontier=(25.29, -7.80), endpoint_to_frontier=0.000 m, limit=0.10 m -> usable
[controller_server-10] [INFO] [1790925402.302067741] [controller_server]: Passing new path to controller.
[controller_server-10] [INFO] [1790925403.302068021] [controller_server]: Passing new path to controller.
[INFO] [1790925403.322897729] [mapex_explorer]: Main /plan diagnostic: poses=663, endpoint=(25.29, -7.80), frontier=(25.29, -7.80), endpoint_to_frontier=0.000 m, limit=0.10 m -> usable
[INFO] [1790925404.358824095] [mapex_explorer]: Main /plan diagnostic: poses=652, endpoint=(25.29, -7.80), frontier=(25.29, -7.80), endpoint_to_frontier=0.000 m, limit=0.10 m -> usable
[controller_server-10] [INFO] [1790925404.368732202] [controller_server]: Passing new path to controller.
[controller_server-10] [WARN] [1790925405.063142650] [controller_server]: Control loop missed its desired rate of 15.0000 Hz. Current loop rate is 10.6383 Hz.
[INFO] [1790925405.384318320] [mapex_explorer]: Main /plan diagnostic: poses=643, endpoint=(25.29, -7.80), frontier=(25.29, -7.80), endpoint_to_frontier=0.000 m, limit=0.10 m -> usable
[controller_server-10] [INFO] [1790925405.396609297] [controller_server]: Passing new path to controller.
[INFO] [1790925406.376612825] [mapex_explorer]: Main /plan diagnostic: poses=632, endpoint=(25.29, -7.80), frontier=(25.29, -7.80), endpoint_to_frontier=0.000 m, limit=0.10 m -> usable
[controller_server-10] [INFO] [1790925406.396622183] [controller_server]: Passing new path to controller.
[INFO] [1790925407.432287835] [mapex_explorer]: Main /plan diagnostic: poses=623, endpoint=(25.29, -7.80), frontier=(25.29, -7.80), endpoint_to_frontier=0.000 m, limit=0.10 m -> usable
[controller_server-10] [INFO] [1790925407.463272769] [controller_server]: Passing new path to controller.
[INFO] [1790925408.440114487] [mapex_explorer]: Main /plan diagnostic: poses=612, endpoint=(25.29, -7.80), frontier=(25.29, -7.80), endpoint_to_frontier=0.000 m, limit=0.10 m -> usable
[controller_server-10] [INFO] [1790925408.463330471] [controller_server]: Passing new path to controller.
[controller_server-10] [INFO] [1790925409.463289230] [controller_server]: Passing new path to controller.
[INFO] [1790925409.569604257] [mapex_explorer]: Main /plan diagnostic: poses=600, endpoint=(25.29, -7.80), frontier=(25.29, -7.80), endpoint_to_frontier=0.000 m, limit=0.10 m -> usable
[controller_server-10] [WARN] [1790925410.079842593] [controller_server]: Control loop missed its desired rate of 15.0000 Hz. Current loop rate is 12.0482 Hz.
[INFO] [1790925410.532227653] [mapex_explorer]: Main /plan diagnostic: poses=591, endpoint=(25.29, -7.80), frontier=(25.29, -7.80), endpoint_to_frontier=0.000 m, limit=0.10 m -> usable
[controller_server-10] [INFO] [1790925410.546618811] [controller_server]: Passing new path to controller.
[controller_server-10] [ERROR] [1790925411.048973719] [controller_server]: Exception in transformPose: Lookup would require extrapolation into the future.  Requested time 1729.220000 but the latest data is at time 1729.200000, when looking up transform from frame [map] to frame [odom]
[controller_server-10] [ERROR] [1790925411.049050595] [controller_server]: Unable to transform goal pose into costmap frame
[controller_server-10] [INFO] [1790925411.049237798] [controller_server]: Optimizer reset
[controller_server-10] [WARN] [1790925411.049253362] [controller_server]: [follow_path] [ActionServer] Aborting handle.
[behavior_server-14] [INFO] [1790925411.061375617] [behavior_server]: Running wait
[behavior_server-14] [INFO] [1790925411.361561238] [behavior_server]: wait completed successfully
[controller_server-10] [INFO] [1790925411.402013662] [controller_server]: Received a goal, begin computing control effort.
[INFO] [1790925411.443216239] [mapex_explorer]: Main /plan diagnostic: poses=583, endpoint=(25.29, -7.80), frontier=(25.29, -7.80), endpoint_to_frontier=0.000 m, limit=0.10 m -> usable
[controller_server-10] [INFO] [1790925412.468831131] [controller_server]: Passing new path to controller.
[INFO] [1790925412.506594634] [mapex_explorer]: Main /plan diagnostic: poses=575, endpoint=(25.29, -7.80), frontier=(25.29, -7.80), endpoint_to_frontier=0.000 m, limit=0.10 m -> usable
[INFO] [1790925413.469298075] [mapex_explorer]: Main /plan diagnostic: poses=565, endpoint=(25.29, -7.80), frontier=(25.29, -7.80), endpoint_to_frontier=0.000 m, limit=0.10 m -> usable
[controller_server-10] [INFO] [1790925413.535511997] [controller_server]: Passing new path to controller.
[controller_server-10] [INFO] [1790925414.535501146] [controller_server]: Passing new path to controller.
[INFO] [1790925414.566922979] [mapex_explorer]: Main /plan diagnostic: poses=555, endpoint=(25.29, -7.80), frontier=(25.29, -7.80), endpoint_to_frontier=0.000 m, limit=0.10 m -> usable
[controller_server-10] [WARN] [1790925415.085057717] [controller_server]: Control loop missed its desired rate of 15.0000 Hz. Current loop rate is 12.0482 Hz.
[INFO] [1790925415.537803102] [mapex_explorer]: Main /plan diagnostic: poses=546, endpoint=(25.29, -7.80), frontier=(25.29, -7.80), endpoint_to_frontier=0.000 m, limit=0.10 m -> usable
[controller_server-10] [INFO] [1790925415.551865815] [controller_server]: Passing new path to controller.
[async_slam_toolbox_node-9] W20261002 14:16:56.610594 26986 preprocessor.cc:67] Specified options.num_threads: 50 exceeds maximum available from the threading model Ceres was compiled with: 16.  Bounding to maximum number available.
[INFO] [1790925416.618005914] [mapex_explorer]: Main /plan diagnostic: poses=535, endpoint=(25.29, -7.80), frontier=(25.29, -7.80), endpoint_to_frontier=0.000 m, limit=0.10 m -> usable
[controller_server-10] [INFO] [1790925416.618519688] [controller_server]: Passing new path to controller.
[async_slam_toolbox_node-9] [INFO] [1790925416.636802270] [slam_toolbox]: Adaptive anchor summary: latest_node=4235, local_edges=4329, loop_history=0, avg_effective_weight=1.067, release_regions=0
[controller_server-10] [INFO] [1790925417.076679047] [local_costmap.local_costmap]: StaticLayer: Resizing static layer to 561 X 252 at 0.100000 m/pix
[planner_server-12] [INFO] [1790925417.293089400] [global_costmap.global_costmap]: StaticLayer: Resizing costmap to 561 X 252 at 0.100000 m/pix
[INFO] [1790925417.607388630] [mapex_explorer]: Main /plan diagnostic: poses=527, endpoint=(25.29, -7.80), frontier=(25.29, -7.80), endpoint_to_frontier=0.000 m, limit=0.10 m -> usable
[controller_server-10] [INFO] [1790925417.618511436] [controller_server]: Passing new path to controller.
[INFO] [1790925418.680964369] [mapex_explorer]: Main /plan diagnostic: poses=516, endpoint=(25.29, -7.80), frontier=(25.29, -7.80), endpoint_to_frontier=0.000 m, limit=0.10 m -> usable
[controller_server-10] [INFO] [1790925418.685194965] [controller_server]: Passing new path to controller.
[controller_server-10] [WARN] [1790925419.101033398] [controller_server]: Control loop missed its desired rate of 15.0000 Hz. Current loop rate is 12.0482 Hz.
[INFO] [1790925419.653195489] [mapex_explorer]: Main /plan diagnostic: poses=506, endpoint=(25.29, -7.80), frontier=(25.29, -7.80), endpoint_to_frontier=0.000 m, limit=0.10 m -> usable
[controller_server-10] [INFO] [1790925419.701149673] [controller_server]: Passing new path to controller.
[async_slam_toolbox_node-9] W20261002 14:17:00.044561 26986 preprocessor.cc:67] Specified options.num_threads: 50 exceeds maximum available from the threading model Ceres was compiled with: 16.  Bounding to maximum number available.
[INFO] [1790925420.680280633] [mapex_explorer]: Main /plan diagnostic: poses=495, endpoint=(25.29, -7.80), frontier=(25.29, -7.80), endpoint_to_frontier=0.000 m, limit=0.10 m -> usable
[controller_server-10] [INFO] [1790925420.701142499] [controller_server]: Passing new path to controller.
[controller_server-10] [INFO] [1790925421.076669760] [local_costmap.local_costmap]: StaticLayer: Resizing static layer to 561 X 252 at 0.100000 m/pix
[planner_server-12] [INFO] [1790925421.293020357] [global_costmap.global_costmap]: StaticLayer: Resizing costmap to 561 X 252 at 0.100000 m/pix
[INFO] [1790925421.722767284] [mapex_explorer]: Main /plan diagnostic: poses=483, endpoint=(25.29, -7.80), frontier=(25.29, -7.80), endpoint_to_frontier=0.000 m, limit=0.10 m -> usable
[controller_server-10] [INFO] [1790925421.767794350] [controller_server]: Passing new path to controller.
[controller_server-10] [INFO] [1790925422.767796543] [controller_server]: Passing new path to controller.
[INFO] [1790925422.823490825] [mapex_explorer]: Main /plan diagnostic: poses=474, endpoint=(25.29, -7.80), frontier=(25.29, -7.80), endpoint_to_frontier=0.000 m, limit=0.10 m -> usable
[controller_server-10] [INFO] [1790925423.767794007] [controller_server]: Passing new path to controller.
[INFO] [1790925423.790760400] [mapex_explorer]: Main /plan diagnostic: poses=464, endpoint=(25.29, -7.80), frontier=(25.29, -7.80), endpoint_to_frontier=0.000 m, limit=0.10 m -> usable
[INFO] [1790925424.794323431] [mapex_explorer]: Main /plan diagnostic: poses=452, endpoint=(25.29, -7.80), frontier=(25.29, -7.80), endpoint_to_frontier=0.000 m, limit=0.10 m -> usable
[controller_server-10] [INFO] [1790925424.834462753] [controller_server]: Passing new path to controller.
[INFO] [1790925425.831766656] [mapex_explorer]: Main /plan diagnostic: poses=442, endpoint=(25.29, -7.80), frontier=(25.29, -7.80), endpoint_to_frontier=0.000 m, limit=0.10 m -> usable
[controller_server-10] [INFO] [1790925425.834468196] [controller_server]: Passing new path to controller.
[INFO] [1790925426.847331394] [mapex_explorer]: Main /plan diagnostic: poses=432, endpoint=(25.29, -7.80), frontier=(25.29, -7.80), endpoint_to_frontier=0.000 m, limit=0.10 m -> usable
[controller_server-10] [INFO] [1790925426.901130355] [controller_server]: Passing new path to controller.
[INFO] [1790925427.883501585] [mapex_explorer]: Main /plan diagnostic: poses=422, endpoint=(25.29, -7.80), frontier=(25.29, -7.80), endpoint_to_frontier=0.000 m, limit=0.10 m -> usable
[controller_server-10] [INFO] [1790925427.901097467] [controller_server]: Passing new path to controller.
[INFO] [1790925428.907391686] [mapex_explorer]: Main /plan diagnostic: poses=412, endpoint=(25.29, -7.80), frontier=(25.29, -7.80), endpoint_to_frontier=0.000 m, limit=0.10 m -> usable
[controller_server-10] [INFO] [1790925428.967793860] [controller_server]: Passing new path to controller.
[INFO] [1790925429.924426527] [mapex_explorer]: Main /plan diagnostic: poses=402, endpoint=(25.29, -7.80), frontier=(25.29, -7.80), endpoint_to_frontier=0.000 m, limit=0.10 m -> usable
[controller_server-10] [INFO] [1790925429.967794409] [controller_server]: Passing new path to controller.
[controller_server-10] [INFO] [1790925430.967801140] [controller_server]: Passing new path to controller.
[INFO] [1790925430.976797097] [mapex_explorer]: Main /plan diagnostic: poses=392, endpoint=(25.29, -7.80), frontier=(25.29, -7.80), endpoint_to_frontier=0.000 m, limit=0.10 m -> usable
[async_slam_toolbox_node-9] W20261002 14:17:11.691874 26986 preprocessor.cc:67] Specified options.num_threads: 50 exceeds maximum available from the threading model Ceres was compiled with: 16.  Bounding to maximum number available.
[async_slam_toolbox_node-9] [INFO] [1790925431.723464726] [slam_toolbox]: Adaptive anchor summary: latest_node=4295, local_edges=4390, loop_history=0, avg_effective_weight=1.066, release_regions=0
[controller_server-10] [INFO] [1790925432.034488868] [controller_server]: Passing new path to controller.
[INFO] [1790925432.060481231] [mapex_explorer]: Main /plan diagnostic: poses=380, endpoint=(25.29, -7.80), frontier=(25.29, -7.80), endpoint_to_frontier=0.000 m, limit=0.10 m -> usable
[controller_server-10] [INFO] [1790925432.076667961] [local_costmap.local_costmap]: StaticLayer: Resizing static layer to 561 X 252 at 0.100000 m/pix
[planner_server-12] [INFO] [1790925432.293133576] [global_costmap.global_costmap]: StaticLayer: Resizing costmap to 561 X 252 at 0.100000 m/pix
[INFO] [1790925433.033290957] [mapex_explorer]: Main /plan diagnostic: poses=370, endpoint=(25.29, -7.80), frontier=(25.29, -7.80), endpoint_to_frontier=0.000 m, limit=0.10 m -> usable
[controller_server-10] [INFO] [1790925433.034487430] [controller_server]: Passing new path to controller.
[INFO] [1790925434.054757758] [mapex_explorer]: Main /plan diagnostic: poses=360, endpoint=(25.29, -7.80), frontier=(25.29, -7.80), endpoint_to_frontier=0.000 m, limit=0.10 m -> usable
[controller_server-10] [INFO] [1790925434.101130103] [controller_server]: Passing new path to controller.
[INFO] [1790925435.062251170] [mapex_explorer]: Main /plan diagnostic: poses=350, endpoint=(25.29, -7.80), frontier=(25.29, -7.80), endpoint_to_frontier=0.000 m, limit=0.10 m -> usable
[controller_server-10] [INFO] [1790925435.101158375] [controller_server]: Passing new path to controller.
[INFO] [1790925436.087705973] [mapex_explorer]: Main /plan diagnostic: poses=340, endpoint=(25.29, -7.80), frontier=(25.29, -7.80), endpoint_to_frontier=0.000 m, limit=0.10 m -> usable
[controller_server-10] [INFO] [1790925436.101166704] [controller_server]: Passing new path to controller.
[INFO] [1790925437.108354264] [mapex_explorer]: Main /plan diagnostic: poses=330, endpoint=(25.29, -7.80), frontier=(25.29, -7.80), endpoint_to_frontier=0.000 m, limit=0.10 m -> usable
[controller_server-10] [INFO] [1790925437.167814231] [controller_server]: Passing new path to controller.
[controller_server-10] [INFO] [1790925438.167805018] [controller_server]: Passing new path to controller.
[INFO] [1790925438.185340963] [mapex_explorer]: Main /plan diagnostic: poses=320, endpoint=(25.29, -7.80), frontier=(25.29, -7.80), endpoint_to_frontier=0.000 m, limit=0.10 m -> usable
[INFO] [1790925439.162269160] [mapex_explorer]: Main /plan diagnostic: poses=310, endpoint=(25.29, -7.80), frontier=(25.29, -7.80), endpoint_to_frontier=0.000 m, limit=0.10 m -> usable
[controller_server-10] [INFO] [1790925439.167825123] [controller_server]: Passing new path to controller.
[INFO] [1790925440.194118827] [mapex_explorer]: Main /plan diagnostic: poses=298, endpoint=(25.29, -7.80), frontier=(25.29, -7.80), endpoint_to_frontier=0.000 m, limit=0.10 m -> usable
[controller_server-10] [INFO] [1790925440.234467197] [controller_server]: Passing new path to controller.
[controller_server-10] [INFO] [1790925441.234460601] [controller_server]: Passing new path to controller.
[INFO] [1790925441.238298973] [mapex_explorer]: Main /plan diagnostic: poses=288, endpoint=(25.29, -7.80), frontier=(25.29, -7.80), endpoint_to_frontier=0.000 m, limit=0.10 m -> usable
[INFO] [1790925442.248133747] [mapex_explorer]: Main /plan diagnostic: poses=278, endpoint=(25.29, -7.80), frontier=(25.29, -7.80), endpoint_to_frontier=0.000 m, limit=0.10 m -> usable
[controller_server-10] [INFO] [1790925442.301127635] [controller_server]: Passing new path to controller.
[INFO] [1790925443.290634402] [mapex_explorer]: Main /plan diagnostic: poses=268, endpoint=(25.29, -7.80), frontier=(25.29, -7.80), endpoint_to_frontier=0.000 m, limit=0.10 m -> usable
[controller_server-10] [INFO] [1790925443.301142580] [controller_server]: Passing new path to controller.
[INFO] [1790925444.314164963] [mapex_explorer]: Main /plan diagnostic: poses=258, endpoint=(25.29, -7.80), frontier=(25.29, -7.80), endpoint_to_frontier=0.000 m, limit=0.10 m -> usable
[controller_server-10] [INFO] [1790925444.367810831] [controller_server]: Passing new path to controller.
[INFO] [1790925445.352122456] [mapex_explorer]: Main /plan diagnostic: poses=248, endpoint=(25.29, -7.80), frontier=(25.29, -7.80), endpoint_to_frontier=0.000 m, limit=0.10 m -> usable
[controller_server-10] [INFO] [1790925445.367805540] [controller_server]: Passing new path to controller.
[INFO] [1790925446.330130990] [mapex_explorer]: Main /plan diagnostic: poses=239, endpoint=(25.29, -7.80), frontier=(25.29, -7.80), endpoint_to_frontier=0.000 m, limit=0.10 m -> usable
[controller_server-10] [INFO] [1790925446.367797526] [controller_server]: Passing new path to controller.
[async_slam_toolbox_node-9] W20261002 14:17:27.338941 26986 preprocessor.cc:67] Specified options.num_threads: 50 exceeds maximum available from the threading model Ceres was compiled with: 16.  Bounding to maximum number available.
[controller_server-10] [INFO] [1790925447.367794983] [controller_server]: Passing new path to controller.
[INFO] [1790925447.373597926] [mapex_explorer]: Main /plan diagnostic: poses=229, endpoint=(25.29, -7.80), frontier=(25.29, -7.80), endpoint_to_frontier=0.000 m, limit=0.10 m -> usable
[async_slam_toolbox_node-9] [INFO] [1790925447.375813960] [slam_toolbox]: Adaptive anchor summary: latest_node=4359, local_edges=4454, loop_history=0, avg_effective_weight=1.065, release_regions=0
[controller_server-10] [INFO] [1790925448.076751558] [local_costmap.local_costmap]: StaticLayer: Resizing static layer to 561 X 252 at 0.100000 m/pix
[planner_server-12] [INFO] [1790925448.293100439] [global_costmap.global_costmap]: StaticLayer: Resizing costmap to 561 X 252 at 0.100000 m/pix
[INFO] [1790925448.411832666] [mapex_explorer]: Main /plan diagnostic: poses=217, endpoint=(25.29, -7.80), frontier=(25.29, -7.80), endpoint_to_frontier=0.000 m, limit=0.10 m -> usable
[controller_server-10] [INFO] [1790925448.434486972] [controller_server]: Passing new path to controller.
[controller_server-10] [INFO] [1790925449.434461749] [controller_server]: Passing new path to controller.
[INFO] [1790925449.451283395] [mapex_explorer]: Main /plan diagnostic: poses=207, endpoint=(25.29, -7.80), frontier=(25.29, -7.80), endpoint_to_frontier=0.000 m, limit=0.10 m -> usable
[INFO] [1790925450.467734739] [mapex_explorer]: Main /plan diagnostic: poses=197, endpoint=(25.29, -7.80), frontier=(25.29, -7.80), endpoint_to_frontier=0.000 m, limit=0.10 m -> usable
[controller_server-10] [INFO] [1790925450.501134818] [controller_server]: Passing new path to controller.
[async_slam_toolbox_node-9] W20261002 14:17:30.761961 26986 preprocessor.cc:67] Specified options.num_threads: 50 exceeds maximum available from the threading model Ceres was compiled with: 16.  Bounding to maximum number available.
[controller_server-10] [INFO] [1790925451.276726481] [local_costmap.local_costmap]: StaticLayer: Resizing static layer to 561 X 252 at 0.100000 m/pix
[planner_server-12] [INFO] [1790925451.293029759] [global_costmap.global_costmap]: StaticLayer: Resizing costmap to 561 X 252 at 0.100000 m/pix
[INFO] [1790925451.466451082] [mapex_explorer]: Main /plan diagnostic: poses=186, endpoint=(25.29, -7.80), frontier=(25.29, -7.80), endpoint_to_frontier=0.000 m, limit=0.10 m -> usable
[controller_server-10] [INFO] [1790925451.501130618] [controller_server]: Passing new path to controller.
[controller_server-10] [WARN] [1790925452.063604031] [controller_server]: Control loop missed its desired rate of 15.0000 Hz. Current loop rate is 10.6383 Hz.
[INFO] [1790925452.498341912] [mapex_explorer]: Main /plan diagnostic: poses=176, endpoint=(25.29, -7.80), frontier=(25.29, -7.80), endpoint_to_frontier=0.000 m, limit=0.10 m -> usable
[controller_server-10] [INFO] [1790925452.530505496] [controller_server]: Passing new path to controller.
[controller_server-10] [INFO] [1790925453.530454239] [controller_server]: Passing new path to controller.
[INFO] [1790925453.689452186] [mapex_explorer]: Main /plan diagnostic: poses=166, endpoint=(25.29, -7.80), frontier=(25.29, -7.80), endpoint_to_frontier=0.000 m, limit=0.10 m -> usable
[async_slam_toolbox_node-9] W20261002 14:17:34.079324 26986 preprocessor.cc:67] Specified options.num_threads: 50 exceeds maximum available from the threading model Ceres was compiled with: 16.  Bounding to maximum number available.
[controller_server-10] [ERROR] [1790925454.097961461] [controller_server]: Exception in transformPose: Lookup would require extrapolation into the future.  Requested time 1772.040000 but the latest data is at time 1772.000000, when looking up transform from frame [map] to frame [odom]
[controller_server-10] [ERROR] [1790925454.098040181] [controller_server]: Unable to transform goal pose into costmap frame
[controller_server-10] [INFO] [1790925454.098261247] [controller_server]: Optimizer reset
[controller_server-10] [WARN] [1790925454.098274029] [controller_server]: [follow_path] [ActionServer] Aborting handle.
[bt_navigator-15] [WARN] [1790925454.120989562] [bt_navigator]: [navigate_to_pose] [ActionServer] Aborting handle.
[bt_navigator-15] [ERROR] [1790925454.121129210] [bt_navigator]: Goal failed
[WARN] [1790925454.122873613] [mapex_explorer]: Main goal failed (status=6, error_code=102)
[WARN] [1790925454.123649732] [mapex_explorer]: Path-guided recovery #1: temporary subgoal x=32.52, y=-7.45, 0.70 m ahead on main path (remaining main path=8.16 m, trigger_error=102)
[bt_navigator-15] [INFO] [1790925454.124436253] [bt_navigator]: Begin navigating from current location (33.23, -7.45) to (32.52, -7.45)
[INFO] [1790925454.133307425] [mapex_explorer]: Subgoal goal accepted
[controller_server-10] [INFO] [1790925454.145090769] [controller_server]: Received a goal, begin computing control effort.
[controller_server-10] [INFO] [1790925454.813281561] [controller_server]: Reached the goal!
[controller_server-10] [INFO] [1790925454.813485046] [controller_server]: Optimizer reset
[bt_navigator-15] [INFO] [1790925454.834668415] [bt_navigator]: Goal succeeded
[INFO] [1790925454.840270456] [mapex_explorer]: Recovery subgoal reached; retrying the same main frontier.
[bt_navigator-15] [INFO] [1790925454.841187838] [bt_navigator]: Begin navigating from current location (32.90, -7.45) to (25.29, -7.80)
[INFO] [1790925454.848867154] [mapex_explorer]: Main goal accepted
[INFO] [1790925454.849085069] [mapex_explorer]: Main /plan diagnostic: poses=156, endpoint=(25.29, -7.80), frontier=(25.29, -7.80), endpoint_to_frontier=0.000 m, limit=0.10 m -> usable
[controller_server-10] [INFO] [1790925454.861752009] [controller_server]: Received a goal, begin computing control effort.
[controller_server-10] [INFO] [1790925455.076676923] [local_costmap.local_costmap]: StaticLayer: Resizing static layer to 561 X 252 at 0.100000 m/pix
[planner_server-12] [INFO] [1790925455.293064947] [global_costmap.global_costmap]: StaticLayer: Resizing costmap to 561 X 252 at 0.100000 m/pix
[INFO] [1790925455.880378601] [mapex_explorer]: Main /plan diagnostic: poses=147, endpoint=(25.29, -7.80), frontier=(25.29, -7.80), endpoint_to_frontier=0.000 m, limit=0.10 m -> usable
[controller_server-10] [INFO] [1790925455.928590686] [controller_server]: Passing new path to controller.
[INFO] [1790925456.907313370] [mapex_explorer]: Main /plan diagnostic: poses=137, endpoint=(25.29, -7.80), frontier=(25.29, -7.80), endpoint_to_frontier=0.000 m, limit=0.10 m -> usable
[controller_server-10] [INFO] [1790925456.928572140] [controller_server]: Passing new path to controller.
[controller_server-10] [WARN] [1790925457.098005372] [controller_server]: Control loop missed its desired rate of 15.0000 Hz. Current loop rate is 9.8039 Hz.
[INFO] [1790925457.952830585] [mapex_explorer]: Main /plan diagnostic: poses=127, endpoint=(25.29, -7.80), frontier=(25.29, -7.80), endpoint_to_frontier=0.000 m, limit=0.10 m -> usable
[controller_server-10] [INFO] [1790925457.964805606] [controller_server]: Passing new path to controller.
[INFO] [1790925458.966022149] [mapex_explorer]: Main /plan diagnostic: poses=117, endpoint=(25.29, -7.80), frontier=(25.29, -7.80), endpoint_to_frontier=0.000 m, limit=0.10 m -> usable
[controller_server-10] [INFO] [1790925459.031438253] [controller_server]: Passing new path to controller.
[INFO] [1790925459.985778671] [mapex_explorer]: Main /plan diagnostic: poses=107, endpoint=(25.29, -7.80), frontier=(25.29, -7.80), endpoint_to_frontier=0.000 m, limit=0.10 m -> usable
[controller_server-10] [INFO] [1790925460.031447555] [controller_server]: Passing new path to controller.
[INFO] [1790925461.042478748] [mapex_explorer]: Main /plan diagnostic: poses=97, endpoint=(25.29, -7.80), frontier=(25.29, -7.80), endpoint_to_frontier=0.000 m, limit=0.10 m -> usable
[controller_server-10] [INFO] [1790925461.098097457] [controller_server]: Passing new path to controller.
[INFO] [1790925462.068200240] [mapex_explorer]: Main /plan diagnostic: poses=87, endpoint=(25.29, -7.80), frontier=(25.29, -7.80), endpoint_to_frontier=0.000 m, limit=0.10 m -> usable
[controller_server-10] [INFO] [1790925462.098119727] [controller_server]: Passing new path to controller.
[INFO] [1790925463.064352218] [mapex_explorer]: Main /plan diagnostic: poses=77, endpoint=(25.29, -7.80), frontier=(25.29, -7.80), endpoint_to_frontier=0.000 m, limit=0.10 m -> usable
[controller_server-10] [INFO] [1790925463.098115701] [controller_server]: Passing new path to controller.
[INFO] [1790925464.092230024] [mapex_explorer]: Main /plan diagnostic: poses=67, endpoint=(25.29, -7.80), frontier=(25.29, -7.80), endpoint_to_frontier=0.000 m, limit=0.10 m -> usable
[controller_server-10] [INFO] [1790925464.164813911] [controller_server]: Passing new path to controller.
[controller_server-10] [WARN] [1790925465.057664166] [controller_server]: Control loop missed its desired rate of 15.0000 Hz. Current loop rate is 10.7527 Hz.
[INFO] [1790925465.181628363] [mapex_explorer]: Main /plan diagnostic: poses=57, endpoint=(25.29, -7.80), frontier=(25.29, -7.80), endpoint_to_frontier=0.000 m, limit=0.10 m -> usable
[controller_server-10] [INFO] [1790925465.191057758] [controller_server]: Passing new path to controller.
[controller_server-10] [ERROR] [1790925466.092122856] [controller_server]: Exception in transformPose: Lookup would require extrapolation into the future.  Requested time 1783.840000 but the latest data is at time 1783.800000, when looking up transform from frame [map] to frame [odom]
[controller_server-10] [ERROR] [1790925466.092196795] [controller_server]: Unable to transform goal pose into costmap frame
[controller_server-10] [INFO] [1790925466.092485586] [controller_server]: Optimizer reset
[controller_server-10] [WARN] [1790925466.092503372] [controller_server]: [follow_path] [ActionServer] Aborting handle.
[behavior_server-14] [INFO] [1790925466.111628573] [behavior_server]: Running wait
[behavior_server-14] [INFO] [1790925466.411821032] [behavior_server]: wait completed successfully
[INFO] [1790925466.443756490] [mapex_explorer]: Main /plan diagnostic: poses=44, endpoint=(25.29, -7.80), frontier=(25.29, -7.80), endpoint_to_frontier=0.000 m, limit=0.10 m -> usable
[controller_server-10] [INFO] [1790925466.452092610] [controller_server]: Received a goal, begin computing control effort.
[INFO] [1790925467.467853183] [mapex_explorer]: Main /plan diagnostic: poses=38, endpoint=(25.29, -7.80), frontier=(25.29, -7.80), endpoint_to_frontier=0.000 m, limit=0.10 m -> usable
[controller_server-10] [INFO] [1790925467.518936399] [controller_server]: Passing new path to controller.
[controller_server-10] [INFO] [1790925468.518952490] [controller_server]: Passing new path to controller.
[INFO] [1790925468.523428338] [mapex_explorer]: Main /plan diagnostic: poses=28, endpoint=(25.29, -7.80), frontier=(25.29, -7.80), endpoint_to_frontier=0.000 m, limit=0.10 m -> usable
[INFO] [1790925469.523579087] [mapex_explorer]: Main /plan diagnostic: poses=18, endpoint=(25.29, -7.80), frontier=(25.29, -7.80), endpoint_to_frontier=0.000 m, limit=0.10 m -> usable
[controller_server-10] [INFO] [1790925469.585596590] [controller_server]: Passing new path to controller.
[INFO] [1790925470.582206656] [mapex_explorer]: Main /plan diagnostic: poses=12, endpoint=(25.29, -7.80), frontier=(25.29, -7.80), endpoint_to_frontier=0.000 m, limit=0.10 m -> usable
[controller_server-10] [INFO] [1790925470.585631652] [controller_server]: Passing new path to controller.
[INFO] [1790925471.589169022] [mapex_explorer]: Main /plan diagnostic: poses=9, endpoint=(25.29, -7.80), frontier=(25.29, -7.80), endpoint_to_frontier=0.000 m, limit=0.10 m -> usable
[controller_server-10] [INFO] [1790925471.652264185] [controller_server]: Passing new path to controller.
[controller_server-10] [INFO] [1790925471.987184034] [controller_server]: Reached the goal!
[controller_server-10] [INFO] [1790925471.987372153] [controller_server]: Optimizer reset
[bt_navigator-15] [INFO] [1790925472.011521995] [bt_navigator]: Goal succeeded
[INFO] [1790925472.014125248] [mapex_explorer]: Goal reached
[INFO] [1790925478.074405247] [mapex_explorer]: MapEx decision 43: selected x=18.09, y=-2.80, IG=7.894853, distance=8.77 m, score=0.900360, region=24, candidates=4, near_fallback=False, compute=5.45 s
[bt_navigator-15] [INFO] [1790925478.075304479] [bt_navigator]: Begin navigating from current location (25.48, -7.52) to (18.09, -2.80)
[controller_server-10] [INFO] [1790925478.096232703] [controller_server]: Received a goal, begin computing control effort.
[INFO] [1790925478.351572476] [mapex_explorer]: Main goal accepted
[INFO] [1790925478.424061382] [mapex_explorer]: Main /plan diagnostic: poses=864, endpoint=(18.09, -2.80), frontier=(18.09, -2.80), endpoint_to_frontier=0.000 m, limit=0.10 m -> usable
[INFO] [1790925479.127064893] [mapex_explorer]: Main /plan diagnostic: poses=859, endpoint=(18.09, -2.80), frontier=(18.09, -2.80), endpoint_to_frontier=0.000 m, limit=0.10 m -> usable
[controller_server-10] [INFO] [1790925479.163099078] [controller_server]: Passing new path to controller.
[controller_server-10] [INFO] [1790925480.163096236] [controller_server]: Passing new path to controller.
[INFO] [1790925480.166792205] [mapex_explorer]: Main /plan diagnostic: poses=854, endpoint=(18.09, -2.80), frontier=(18.09, -2.80), endpoint_to_frontier=0.000 m, limit=0.10 m -> usable
[INFO] [1790925481.207793968] [mapex_explorer]: Main /plan diagnostic: poses=870, endpoint=(18.09, -2.80), frontier=(18.09, -2.80), endpoint_to_frontier=0.000 m, limit=0.10 m -> usable
[controller_server-10] [INFO] [1790925481.229720013] [controller_server]: Passing new path to controller.
[controller_server-10] [INFO] [1790925482.229738395] [controller_server]: Passing new path to controller.
[INFO] [1790925482.272957698] [mapex_explorer]: Main /plan diagnostic: poses=851, endpoint=(18.09, -2.80), frontier=(18.09, -2.80), endpoint_to_frontier=0.000 m, limit=0.10 m -> usable
[INFO] [1790925483.247419215] [mapex_explorer]: Main /plan diagnostic: poses=844, endpoint=(18.09, -2.80), frontier=(18.09, -2.80), endpoint_to_frontier=0.000 m, limit=0.10 m -> usable
[controller_server-10] [INFO] [1790925483.296405317] [controller_server]: Passing new path to controller.
[INFO] [1790925484.272204843] [mapex_explorer]: Main /plan diagnostic: poses=835, endpoint=(18.09, -2.80), frontier=(18.09, -2.80), endpoint_to_frontier=0.000 m, limit=0.10 m -> usable
[controller_server-10] [INFO] [1790925484.296433244] [controller_server]: Passing new path to controller.
[controller_server-10] [INFO] [1790925485.363071940] [controller_server]: Passing new path to controller.
[INFO] [1790925485.372536385] [mapex_explorer]: Main /plan diagnostic: poses=824, endpoint=(18.09, -2.80), frontier=(18.09, -2.80), endpoint_to_frontier=0.000 m, limit=0.10 m -> usable
[controller_server-10] [INFO] [1790925486.363096753] [controller_server]: Passing new path to controller.
[INFO] [1790925486.388689089] [mapex_explorer]: Main /plan diagnostic: poses=814, endpoint=(18.09, -2.80), frontier=(18.09, -2.80), endpoint_to_frontier=0.000 m, limit=0.10 m -> usable
[controller_server-10] [INFO] [1790925487.363073158] [controller_server]: Passing new path to controller.
[INFO] [1790925487.363460860] [mapex_explorer]: Main /plan diagnostic: poses=804, endpoint=(18.09, -2.80), frontier=(18.09, -2.80), endpoint_to_frontier=0.000 m, limit=0.10 m -> usable
[INFO] [1790925488.394386281] [mapex_explorer]: Main /plan diagnostic: poses=795, endpoint=(18.09, -2.80), frontier=(18.09, -2.80), endpoint_to_frontier=0.000 m, limit=0.10 m -> usable
[controller_server-10] [INFO] [1790925488.429723950] [controller_server]: Passing new path to controller.
[controller_server-10] [INFO] [1790925489.429763183] [controller_server]: Passing new path to controller.
[INFO] [1790925489.474423990] [mapex_explorer]: Main /plan diagnostic: poses=782, endpoint=(18.09, -2.80), frontier=(18.09, -2.80), endpoint_to_frontier=0.000 m, limit=0.10 m -> usable
[INFO] [1790925490.494057584] [mapex_explorer]: Main /plan diagnostic: poses=772, endpoint=(18.09, -2.80), frontier=(18.09, -2.80), endpoint_to_frontier=0.000 m, limit=0.10 m -> usable
[controller_server-10] [INFO] [1790925490.496405473] [controller_server]: Passing new path to controller.
[controller_server-10] [INFO] [1790925491.496413374] [controller_server]: Passing new path to controller.
[INFO] [1790925491.506787284] [mapex_explorer]: Main /plan diagnostic: poses=762, endpoint=(18.09, -2.80), frontier=(18.09, -2.80), endpoint_to_frontier=0.000 m, limit=0.10 m -> usable
[controller_server-10] [INFO] [1790925492.496403700] [controller_server]: Passing new path to controller.
[INFO] [1790925492.507122194] [mapex_explorer]: Main /plan diagnostic: poses=751, endpoint=(18.09, -2.80), frontier=(18.09, -2.80), endpoint_to_frontier=0.000 m, limit=0.10 m -> usable
[controller_server-10] [INFO] [1790925493.563079511] [controller_server]: Passing new path to controller.
[INFO] [1790925493.565995230] [mapex_explorer]: Main /plan diagnostic: poses=741, endpoint=(18.09, -2.80), frontier=(18.09, -2.80), endpoint_to_frontier=0.000 m, limit=0.10 m -> usable
[controller_server-10] [INFO] [1790925494.563106957] [controller_server]: Passing new path to controller.
[INFO] [1790925494.602133538] [mapex_explorer]: Main /plan diagnostic: poses=731, endpoint=(18.09, -2.80), frontier=(18.09, -2.80), endpoint_to_frontier=0.000 m, limit=0.10 m -> usable
[INFO] [1790925495.598162622] [mapex_explorer]: Main /plan diagnostic: poses=722, endpoint=(18.09, -2.80), frontier=(18.09, -2.80), endpoint_to_frontier=0.000 m, limit=0.10 m -> usable
[controller_server-10] [INFO] [1790925495.629737996] [controller_server]: Passing new path to controller.
[controller_server-10] [INFO] [1790925496.629739304] [controller_server]: Passing new path to controller.
[INFO] [1790925496.637303670] [mapex_explorer]: Main /plan diagnostic: poses=712, endpoint=(18.09, -2.80), frontier=(18.09, -2.80), endpoint_to_frontier=0.000 m, limit=0.10 m -> usable
[INFO] [1790925497.666223733] [mapex_explorer]: Main /plan diagnostic: poses=705, endpoint=(18.09, -2.80), frontier=(18.09, -2.80), endpoint_to_frontier=0.000 m, limit=0.10 m -> usable
[controller_server-10] [INFO] [1790925497.696415785] [controller_server]: Passing new path to controller.
[INFO] [1790925498.691743058] [mapex_explorer]: Main /plan diagnostic: poses=692, endpoint=(18.09, -2.80), frontier=(18.09, -2.80), endpoint_to_frontier=0.000 m, limit=0.10 m -> usable
[controller_server-10] [INFO] [1790925498.696432705] [controller_server]: Passing new path to controller.
[controller_server-10] [INFO] [1790925499.696406446] [controller_server]: Passing new path to controller.
[INFO] [1790925499.857217149] [mapex_explorer]: Main /plan diagnostic: poses=682, endpoint=(18.09, -2.80), frontier=(18.09, -2.80), endpoint_to_frontier=0.000 m, limit=0.10 m -> usable
[controller_server-10] [INFO] [1790925500.763073370] [controller_server]: Passing new path to controller.
[INFO] [1790925500.797902123] [mapex_explorer]: Main /plan diagnostic: poses=669, endpoint=(18.09, -2.80), frontier=(18.09, -2.80), endpoint_to_frontier=0.000 m, limit=0.10 m -> usable
[controller_server-10] [WARN] [1790925501.045308877] [controller_server]: Control loop missed its desired rate of 15.0000 Hz. Current loop rate is 12.0482 Hz.
[async_slam_toolbox_node-9] W20261002 14:18:21.348528 26986 preprocessor.cc:67] Specified options.num_threads: 50 exceeds maximum available from the threading model Ceres was compiled with: 16.  Bounding to maximum number available.
[async_slam_toolbox_node-9] [INFO] [1790925501.377785275] [slam_toolbox]: Adaptive anchor summary: latest_node=4520, local_edges=4619, loop_history=0, avg_effective_weight=1.063, release_regions=0
[controller_server-10] [INFO] [1790925501.778738457] [controller_server]: Passing new path to controller.
[INFO] [1790925501.795846528] [mapex_explorer]: Main /plan diagnostic: poses=661, endpoint=(18.09, -2.80), frontier=(18.09, -2.80), endpoint_to_frontier=0.000 m, limit=0.10 m -> usable
[controller_server-10] [INFO] [1790925502.076662259] [local_costmap.local_costmap]: StaticLayer: Resizing static layer to 561 X 252 at 0.100000 m/pix
[planner_server-12] [INFO] [1790925502.293045328] [global_costmap.global_costmap]: StaticLayer: Resizing costmap to 561 X 252 at 0.100000 m/pix
[controller_server-10] [INFO] [1790925502.778741994] [controller_server]: Passing new path to controller.
[INFO] [1790925502.785863968] [mapex_explorer]: Main /plan diagnostic: poses=651, endpoint=(18.09, -2.80), frontier=(18.09, -2.80), endpoint_to_frontier=0.000 m, limit=0.10 m -> usable
[controller_server-10] [WARN] [1790925503.061179361] [controller_server]: Control loop missed its desired rate of 15.0000 Hz. Current loop rate is 12.1951 Hz.
[INFO] [1790925503.790546133] [mapex_explorer]: Main /plan diagnostic: poses=639, endpoint=(18.09, -2.80), frontier=(18.09, -2.80), endpoint_to_frontier=0.000 m, limit=0.10 m -> usable
[controller_server-10] [INFO] [1790925503.861288217] [controller_server]: Passing new path to controller.
[INFO] [1790925504.832217312] [mapex_explorer]: Main /plan diagnostic: poses=632, endpoint=(18.09, -2.80), frontier=(18.09, -2.80), endpoint_to_frontier=0.000 m, limit=0.10 m -> usable
[controller_server-10] [INFO] [1790925504.861294620] [controller_server]: Passing new path to controller.
[controller_server-10] [INFO] [1790925505.861290456] [controller_server]: Passing new path to controller.
[INFO] [1790925505.868518600] [mapex_explorer]: Main /plan diagnostic: poses=619, endpoint=(18.09, -2.80), frontier=(18.09, -2.80), endpoint_to_frontier=0.000 m, limit=0.10 m -> usable
[async_slam_toolbox_node-9] W20261002 14:18:26.575300 26986 preprocessor.cc:67] Specified options.num_threads: 50 exceeds maximum available from the threading model Ceres was compiled with: 16.  Bounding to maximum number available.
[INFO] [1790925506.885256897] [mapex_explorer]: Main /plan diagnostic: poses=611, endpoint=(18.09, -2.80), frontier=(18.09, -2.80), endpoint_to_frontier=0.000 m, limit=0.10 m -> usable
[controller_server-10] [INFO] [1790925506.927956987] [controller_server]: Passing new path to controller.
[controller_server-10] [INFO] [1790925507.077599234] [local_costmap.local_costmap]: StaticLayer: Resizing static layer to 561 X 252 at 0.100000 m/pix
[controller_server-10] [WARN] [1790925507.077694712] [controller_server]: Control loop missed its desired rate of 15.0000 Hz. Current loop rate is 12.0482 Hz.
[planner_server-12] [INFO] [1790925507.293058486] [global_costmap.global_costmap]: StaticLayer: Resizing costmap to 561 X 252 at 0.100000 m/pix
[INFO] [1790925507.936028976] [mapex_explorer]: Main /plan diagnostic: poses=601, endpoint=(18.09, -2.80), frontier=(18.09, -2.80), endpoint_to_frontier=0.000 m, limit=0.10 m -> usable
[controller_server-10] [INFO] [1790925507.944454445] [controller_server]: Passing new path to controller.
[controller_server-10] [INFO] [1790925509.011122117] [controller_server]: Passing new path to controller.
[INFO] [1790925509.024630322] [mapex_explorer]: Main /plan diagnostic: poses=591, endpoint=(18.09, -2.80), frontier=(18.09, -2.80), endpoint_to_frontier=0.000 m, limit=0.10 m -> usable
[controller_server-10] [WARN] [1790925509.084039301] [controller_server]: Control loop missed its desired rate of 15.0000 Hz. Current loop rate is 13.6986 Hz.
[INFO] [1790925509.974368671] [mapex_explorer]: Main /plan diagnostic: poses=581, endpoint=(18.09, -2.80), frontier=(18.09, -2.80), endpoint_to_frontier=0.000 m, limit=0.10 m -> usable
[controller_server-10] [ERROR] [1790925510.051728180] [controller_server]: Exception in transformPose: Lookup would require extrapolation into the future.  Requested time 1826.420000 but the latest data is at time 1826.400000, when looking up transform from frame [map] to frame [odom]
[controller_server-10] [ERROR] [1790925510.051825614] [controller_server]: Unable to transform goal pose into costmap frame
[controller_server-10] [INFO] [1790925510.052142456] [controller_server]: Optimizer reset
[controller_server-10] [WARN] [1790925510.052168759] [controller_server]: [follow_path] [ActionServer] Aborting handle.
[controller_server-10] [INFO] [1790925510.052251908] [controller_server]: Received a goal, begin computing control effort.
[async_slam_toolbox_node-9] W20261002 14:18:30.482482 26986 preprocessor.cc:67] Specified options.num_threads: 50 exceeds maximum available from the threading model Ceres was compiled with: 16.  Bounding to maximum number available.
[INFO] [1790925511.044883000] [mapex_explorer]: Main /plan diagnostic: poses=571, endpoint=(18.09, -2.80), frontier=(18.09, -2.80), endpoint_to_frontier=0.000 m, limit=0.10 m -> usable
[controller_server-10] [INFO] [1790925511.052397839] [controller_server]: Passing new path to controller.
[controller_server-10] [INFO] [1790925511.076665251] [local_costmap.local_costmap]: StaticLayer: Resizing static layer to 561 X 252 at 0.100000 m/pix
[planner_server-12] [INFO] [1790925511.293037839] [global_costmap.global_costmap]: StaticLayer: Resizing costmap to 561 X 252 at 0.100000 m/pix
[controller_server-10] [INFO] [1790925512.052362960] [controller_server]: Passing new path to controller.
[INFO] [1790925512.089898150] [mapex_explorer]: Main /plan diagnostic: poses=561, endpoint=(18.09, -2.80), frontier=(18.09, -2.80), endpoint_to_frontier=0.000 m, limit=0.10 m -> usable
[INFO] [1790925513.100436073] [mapex_explorer]: Main /plan diagnostic: poses=551, endpoint=(18.09, -2.80), frontier=(18.09, -2.80), endpoint_to_frontier=0.000 m, limit=0.10 m -> usable
[controller_server-10] [INFO] [1790925513.119026040] [controller_server]: Passing new path to controller.
[controller_server-10] [INFO] [1790925514.119025194] [controller_server]: Passing new path to controller.
[INFO] [1790925514.157115192] [mapex_explorer]: Main /plan diagnostic: poses=541, endpoint=(18.09, -2.80), frontier=(18.09, -2.80), endpoint_to_frontier=0.000 m, limit=0.10 m -> usable
[async_slam_toolbox_node-9] W20261002 14:18:34.286271 26986 preprocessor.cc:67] Specified options.num_threads: 50 exceeds maximum available from the threading model Ceres was compiled with: 16.  Bounding to maximum number available.
[controller_server-10] [INFO] [1790925515.076675913] [local_costmap.local_costmap]: StaticLayer: Resizing static layer to 561 X 252 at 0.100000 m/pix
[INFO] [1790925515.114125863] [mapex_explorer]: Main /plan diagnostic: poses=529, endpoint=(18.09, -2.80), frontier=(18.09, -2.80), endpoint_to_frontier=0.000 m, limit=0.10 m -> usable
[controller_server-10] [INFO] [1790925515.119025588] [controller_server]: Passing new path to controller.
[planner_server-12] [INFO] [1790925515.293065494] [global_costmap.global_costmap]: StaticLayer: Resizing costmap to 561 X 252 at 0.100000 m/pix
[INFO] [1790925516.146768940] [mapex_explorer]: Main /plan diagnostic: poses=519, endpoint=(18.09, -2.80), frontier=(18.09, -2.80), endpoint_to_frontier=0.000 m, limit=0.10 m -> usable
[controller_server-10] [INFO] [1790925516.185695646] [controller_server]: Passing new path to controller.
[controller_server-10] [INFO] [1790925517.185724093] [controller_server]: Passing new path to controller.
[INFO] [1790925517.269812375] [mapex_explorer]: Main /plan diagnostic: poses=509, endpoint=(18.09, -2.80), frontier=(18.09, -2.80), endpoint_to_frontier=0.000 m, limit=0.10 m -> usable
[INFO] [1790925518.218870301] [mapex_explorer]: Main /plan diagnostic: poses=499, endpoint=(18.09, -2.80), frontier=(18.09, -2.80), endpoint_to_frontier=0.000 m, limit=0.10 m -> usable
[controller_server-10] [INFO] [1790925518.252399164] [controller_server]: Passing new path to controller.
[async_slam_toolbox_node-9] W20261002 14:18:38.290903 26986 preprocessor.cc:67] Specified options.num_threads: 50 exceeds maximum available from the threading model Ceres was compiled with: 16.  Bounding to maximum number available.
[async_slam_toolbox_node-9] [INFO] [1790925518.344187198] [slam_toolbox]: Adaptive anchor summary: latest_node=4580, local_edges=4680, loop_history=0, avg_effective_weight=1.062, release_regions=0
[controller_server-10] [INFO] [1790925519.076666306] [local_costmap.local_costmap]: StaticLayer: Resizing static layer to 561 X 252 at 0.100000 m/pix
[INFO] [1790925519.231551381] [mapex_explorer]: Main /plan diagnostic: poses=489, endpoint=(18.09, -2.80), frontier=(18.09, -2.80), endpoint_to_frontier=0.000 m, limit=0.10 m -> usable
[controller_server-10] [INFO] [1790925519.252388653] [controller_server]: Passing new path to controller.
[planner_server-12] [INFO] [1790925519.293060304] [global_costmap.global_costmap]: StaticLayer: Resizing costmap to 561 X 252 at 0.100000 m/pix
[INFO] [1790925520.293737428] [mapex_explorer]: Main /plan diagnostic: poses=479, endpoint=(18.09, -2.80), frontier=(18.09, -2.80), endpoint_to_frontier=0.000 m, limit=0.10 m -> usable
[controller_server-10] [INFO] [1790925520.319025389] [controller_server]: Passing new path to controller.
[INFO] [1790925521.308520912] [mapex_explorer]: Main /plan diagnostic: poses=467, endpoint=(18.09, -2.80), frontier=(18.09, -2.80), endpoint_to_frontier=0.000 m, limit=0.10 m -> usable
[controller_server-10] [INFO] [1790925521.319024692] [controller_server]: Passing new path to controller.
[controller_server-10] [INFO] [1790925522.319025397] [controller_server]: Passing new path to controller.
[INFO] [1790925522.345153059] [mapex_explorer]: Main /plan diagnostic: poses=457, endpoint=(18.09, -2.80), frontier=(18.09, -2.80), endpoint_to_frontier=0.000 m, limit=0.10 m -> usable
[async_slam_toolbox_node-9] W20261002 14:18:43.302088 26986 preprocessor.cc:67] Specified options.num_threads: 50 exceeds maximum available from the threading model Ceres was compiled with: 16.  Bounding to maximum number available.
[INFO] [1790925523.345090977] [mapex_explorer]: Main /plan diagnostic: poses=447, endpoint=(18.09, -2.80), frontier=(18.09, -2.80), endpoint_to_frontier=0.000 m, limit=0.10 m -> usable
[controller_server-10] [INFO] [1790925523.385695359] [controller_server]: Passing new path to controller.
[controller_server-10] [INFO] [1790925524.076704976] [local_costmap.local_costmap]: StaticLayer: Resizing static layer to 561 X 252 at 0.100000 m/pix
[planner_server-12] [INFO] [1790925524.293025463] [global_costmap.global_costmap]: StaticLayer: Resizing costmap to 561 X 252 at 0.100000 m/pix
[controller_server-10] [INFO] [1790925524.385719941] [controller_server]: Passing new path to controller.
[INFO] [1790925524.553468395] [mapex_explorer]: Main /plan diagnostic: poses=437, endpoint=(18.09, -2.80), frontier=(18.09, -2.80), endpoint_to_frontier=0.000 m, limit=0.10 m -> usable
[async_slam_toolbox_node-9] W20261002 14:18:44.701891 26986 preprocessor.cc:67] Specified options.num_threads: 50 exceeds maximum available from the threading model Ceres was compiled with: 16.  Bounding to maximum number available.
[controller_server-10] [INFO] [1790925525.076684965] [local_costmap.local_costmap]: StaticLayer: Resizing static layer to 561 X 252 at 0.100000 m/pix
[planner_server-12] [INFO] [1790925525.293018141] [global_costmap.global_costmap]: StaticLayer: Resizing costmap to 561 X 252 at 0.100000 m/pix
[INFO] [1790925525.406140495] [mapex_explorer]: Main /plan diagnostic: poses=427, endpoint=(18.09, -2.80), frontier=(18.09, -2.80), endpoint_to_frontier=0.000 m, limit=0.10 m -> usable
[controller_server-10] [INFO] [1790925525.452386907] [controller_server]: Passing new path to controller.
[INFO] [1790925526.440747472] [mapex_explorer]: Main /plan diagnostic: poses=417, endpoint=(18.09, -2.80), frontier=(18.09, -2.80), endpoint_to_frontier=0.000 m, limit=0.10 m -> usable
[controller_server-10] [INFO] [1790925526.452394677] [controller_server]: Passing new path to controller.
[INFO] [1790925527.445444333] [mapex_explorer]: Main /plan diagnostic: poses=407, endpoint=(18.09, -2.80), frontier=(18.09, -2.80), endpoint_to_frontier=0.000 m, limit=0.10 m -> usable
[controller_server-10] [INFO] [1790925527.452359436] [controller_server]: Passing new path to controller.
[async_slam_toolbox_node-9] W20261002 14:18:48.314246 26986 preprocessor.cc:67] Specified options.num_threads: 50 exceeds maximum available from the threading model Ceres was compiled with: 16.  Bounding to maximum number available.
[INFO] [1790925528.472440786] [mapex_explorer]: Main /plan diagnostic: poses=395, endpoint=(18.09, -2.80), frontier=(18.09, -2.80), endpoint_to_frontier=0.000 m, limit=0.10 m -> usable
[controller_server-10] [INFO] [1790925528.519038474] [controller_server]: Passing new path to controller.
[controller_server-10] [INFO] [1790925529.076713633] [local_costmap.local_costmap]: StaticLayer: Resizing static layer to 561 X 252 at 0.100000 m/pix
[planner_server-12] [INFO] [1790925529.293069685] [global_costmap.global_costmap]: StaticLayer: Resizing costmap to 561 X 252 at 0.100000 m/pix
[INFO] [1790925529.500232481] [mapex_explorer]: Main /plan diagnostic: poses=385, endpoint=(18.09, -2.80), frontier=(18.09, -2.80), endpoint_to_frontier=0.000 m, limit=0.10 m -> usable
[controller_server-10] [INFO] [1790925529.519046012] [controller_server]: Passing new path to controller.
[controller_server-10] [INFO] [1790925530.519026016] [controller_server]: Passing new path to controller.
[INFO] [1790925530.588789458] [mapex_explorer]: Main /plan diagnostic: poses=377, endpoint=(18.09, -2.80), frontier=(18.09, -2.80), endpoint_to_frontier=0.000 m, limit=0.10 m -> usable
[async_slam_toolbox_node-9] W20261002 14:18:51.530051 26986 preprocessor.cc:67] Specified options.num_threads: 50 exceeds maximum available from the threading model Ceres was compiled with: 16.  Bounding to maximum number available.
[INFO] [1790925531.534584514] [mapex_explorer]: Main /plan diagnostic: poses=365, endpoint=(18.09, -2.80), frontier=(18.09, -2.80), endpoint_to_frontier=0.000 m, limit=0.10 m -> usable
[controller_server-10] [INFO] [1790925531.585731681] [controller_server]: Passing new path to controller.
[controller_server-10] [INFO] [1790925532.076712716] [local_costmap.local_costmap]: StaticLayer: Resizing static layer to 561 X 252 at 0.100000 m/pix
[planner_server-12] [INFO] [1790925532.293072262] [global_costmap.global_costmap]: StaticLayer: Resizing costmap to 561 X 252 at 0.100000 m/pix
[INFO] [1790925532.552955509] [mapex_explorer]: Main /plan diagnostic: poses=355, endpoint=(18.09, -2.80), frontier=(18.09, -2.80), endpoint_to_frontier=0.000 m, limit=0.10 m -> usable
[controller_server-10] [INFO] [1790925532.585742430] [controller_server]: Passing new path to controller.
[INFO] [1790925533.582688116] [mapex_explorer]: Main /plan diagnostic: poses=345, endpoint=(18.09, -2.80), frontier=(18.09, -2.80), endpoint_to_frontier=0.000 m, limit=0.10 m -> usable
[controller_server-10] [INFO] [1790925533.585738928] [controller_server]: Passing new path to controller.
[INFO] [1790925534.629746976] [mapex_explorer]: Main /plan diagnostic: poses=335, endpoint=(18.09, -2.80), frontier=(18.09, -2.80), endpoint_to_frontier=0.000 m, limit=0.10 m -> usable
[controller_server-10] [INFO] [1790925534.652363551] [controller_server]: Passing new path to controller.
[INFO] [1790925535.624853710] [mapex_explorer]: Main /plan diagnostic: poses=325, endpoint=(18.09, -2.80), frontier=(18.09, -2.80), endpoint_to_frontier=0.000 m, limit=0.10 m -> usable
[controller_server-10] [INFO] [1790925535.652359329] [controller_server]: Passing new path to controller.
[INFO] [1790925536.654204896] [mapex_explorer]: Main /plan diagnostic: poses=315, endpoint=(18.09, -2.80), frontier=(18.09, -2.80), endpoint_to_frontier=0.000 m, limit=0.10 m -> usable
[controller_server-10] [INFO] [1790925536.719029007] [controller_server]: Passing new path to controller.
[INFO] [1790925537.708182452] [mapex_explorer]: Main /plan diagnostic: poses=305, endpoint=(18.09, -2.80), frontier=(18.09, -2.80), endpoint_to_frontier=0.000 m, limit=0.10 m -> usable
[controller_server-10] [INFO] [1790925537.719043869] [controller_server]: Passing new path to controller.
[INFO] [1790925538.711780430] [mapex_explorer]: Main /plan diagnostic: poses=293, endpoint=(18.09, -2.80), frontier=(18.09, -2.80), endpoint_to_frontier=0.000 m, limit=0.10 m -> usable
[controller_server-10] [INFO] [1790925538.719045288] [controller_server]: Passing new path to controller.
[INFO] [1790925539.734699045] [mapex_explorer]: Main /plan diagnostic: poses=284, endpoint=(18.09, -2.80), frontier=(18.09, -2.80), endpoint_to_frontier=0.000 m, limit=0.10 m -> usable
[controller_server-10] [INFO] [1790925539.785690696] [controller_server]: Passing new path to controller.
[controller_server-10] [INFO] [1790925540.785724433] [controller_server]: Passing new path to controller.
[INFO] [1790925540.874632028] [mapex_explorer]: Main /plan diagnostic: poses=274, endpoint=(18.09, -2.80), frontier=(18.09, -2.80), endpoint_to_frontier=0.000 m, limit=0.10 m -> usable
[INFO] [1790925541.774786145] [mapex_explorer]: Main /plan diagnostic: poses=263, endpoint=(18.09, -2.80), frontier=(18.09, -2.80), endpoint_to_frontier=0.000 m, limit=0.10 m -> usable
[controller_server-10] [INFO] [1790925541.785723953] [controller_server]: Passing new path to controller.
[INFO] [1790925542.822422051] [mapex_explorer]: Main /plan diagnostic: poses=254, endpoint=(18.09, -2.80), frontier=(18.09, -2.80), endpoint_to_frontier=0.000 m, limit=0.10 m -> usable
[controller_server-10] [INFO] [1790925542.852356583] [controller_server]: Passing new path to controller.
[INFO] [1790925543.813874140] [mapex_explorer]: Main /plan diagnostic: poses=243, endpoint=(18.09, -2.80), frontier=(18.09, -2.80), endpoint_to_frontier=0.000 m, limit=0.10 m -> usable
[controller_server-10] [INFO] [1790925543.852358041] [controller_server]: Passing new path to controller.
[INFO] [1790925544.844836973] [mapex_explorer]: Main /plan diagnostic: poses=234, endpoint=(18.09, -2.80), frontier=(18.09, -2.80), endpoint_to_frontier=0.000 m, limit=0.10 m -> usable
[controller_server-10] [INFO] [1790925544.852356630] [controller_server]: Passing new path to controller.
[INFO] [1790925545.861926985] [mapex_explorer]: Main /plan diagnostic: poses=223, endpoint=(18.09, -2.80), frontier=(18.09, -2.80), endpoint_to_frontier=0.000 m, limit=0.10 m -> usable
[controller_server-10] [INFO] [1790925545.919037212] [controller_server]: Passing new path to controller.
[controller_server-10] [WARN] [1790925546.078250591] [controller_server]: Control loop missed its desired rate of 15.0000 Hz. Current loop rate is 10.9890 Hz.
[INFO] [1790925546.883321123] [mapex_explorer]: Main /plan diagnostic: poses=213, endpoint=(18.09, -2.80), frontier=(18.09, -2.80), endpoint_to_frontier=0.000 m, limit=0.10 m -> usable
[controller_server-10] [INFO] [1790925546.945021590] [controller_server]: Passing new path to controller.
[INFO] [1790925547.910176557] [mapex_explorer]: Main /plan diagnostic: poses=202, endpoint=(18.09, -2.80), frontier=(18.09, -2.80), endpoint_to_frontier=0.000 m, limit=0.10 m -> usable
[controller_server-10] [INFO] [1790925547.945019748] [controller_server]: Passing new path to controller.
[controller_server-10] [ERROR] [1790925548.046030510] [controller_server]: Exception in transformPose: Lookup would require extrapolation into the future.  Requested time 1864.320000 but the latest data is at time 1864.300000, when looking up transform from frame [map] to frame [odom]
[controller_server-10] [ERROR] [1790925548.046102147] [controller_server]: Unable to transform goal pose into costmap frame
[controller_server-10] [INFO] [1790925548.046297767] [controller_server]: Optimizer reset
[controller_server-10] [WARN] [1790925548.046312199] [controller_server]: [follow_path] [ActionServer] Aborting handle.
[behavior_server-14] [INFO] [1790925548.066174920] [behavior_server]: Running wait
[behavior_server-14] [INFO] [1790925548.366351287] [behavior_server]: wait completed successfully
[controller_server-10] [INFO] [1790925548.405905602] [controller_server]: Received a goal, begin computing control effort.
[INFO] [1790925548.418549565] [mapex_explorer]: Main /plan diagnostic: poses=200, endpoint=(18.09, -2.80), frontier=(18.09, -2.80), endpoint_to_frontier=0.000 m, limit=0.10 m -> usable
[INFO] [1790925549.458081689] [mapex_explorer]: Main /plan diagnostic: poses=190, endpoint=(18.09, -2.80), frontier=(18.09, -2.80), endpoint_to_frontier=0.000 m, limit=0.10 m -> usable
[controller_server-10] [INFO] [1790925549.472689650] [controller_server]: Passing new path to controller.
[async_slam_toolbox_node-9] W20261002 14:19:10.094409 26986 preprocessor.cc:67] Specified options.num_threads: 50 exceeds maximum available from the threading model Ceres was compiled with: 16.  Bounding to maximum number available.
[async_slam_toolbox_node-9] [INFO] [1790925550.122142150] [slam_toolbox]: Adaptive anchor summary: latest_node=4677, local_edges=4778, loop_history=0, avg_effective_weight=1.061, release_regions=0
[controller_server-10] [INFO] [1790925550.472730418] [controller_server]: Passing new path to controller.
[INFO] [1790925550.490973287] [mapex_explorer]: Main /plan diagnostic: poses=181, endpoint=(18.09, -2.80), frontier=(18.09, -2.80), endpoint_to_frontier=0.000 m, limit=0.10 m -> usable
[controller_server-10] [INFO] [1790925551.076663559] [local_costmap.local_costmap]: StaticLayer: Resizing static layer to 561 X 252 at 0.100000 m/pix
[planner_server-12] [INFO] [1790925551.293053643] [global_costmap.global_costmap]: StaticLayer: Resizing costmap to 561 X 252 at 0.100000 m/pix
[INFO] [1790925551.491644338] [mapex_explorer]: Main /plan diagnostic: poses=172, endpoint=(18.09, -2.80), frontier=(18.09, -2.80), endpoint_to_frontier=0.000 m, limit=0.10 m -> usable
[controller_server-10] [INFO] [1790925551.539394158] [controller_server]: Passing new path to controller.
[INFO] [1790925552.511799052] [mapex_explorer]: Main /plan diagnostic: poses=162, endpoint=(18.09, -2.80), frontier=(18.09, -2.80), endpoint_to_frontier=0.000 m, limit=0.10 m -> usable
[controller_server-10] [INFO] [1790925552.539394984] [controller_server]: Passing new path to controller.
[INFO] [1790925553.550873054] [mapex_explorer]: Main /plan diagnostic: poses=151, endpoint=(18.09, -2.80), frontier=(18.09, -2.80), endpoint_to_frontier=0.000 m, limit=0.10 m -> usable
[controller_server-10] [INFO] [1790925553.606052376] [controller_server]: Passing new path to controller.
[INFO] [1790925554.564860951] [mapex_explorer]: Main /plan diagnostic: poses=140, endpoint=(18.09, -2.80), frontier=(18.09, -2.80), endpoint_to_frontier=0.000 m, limit=0.10 m -> usable
[controller_server-10] [INFO] [1790925554.606021134] [controller_server]: Passing new path to controller.
[INFO] [1790925555.602705474] [mapex_explorer]: Main /plan diagnostic: poses=132, endpoint=(18.09, -2.80), frontier=(18.09, -2.80), endpoint_to_frontier=0.000 m, limit=0.10 m -> usable
[controller_server-10] [INFO] [1790925555.606020209] [controller_server]: Passing new path to controller.
[async_slam_toolbox_node-9] W20261002 14:19:15.747715 26986 preprocessor.cc:67] Specified options.num_threads: 50 exceeds maximum available from the threading model Ceres was compiled with: 16.  Bounding to maximum number available.
[controller_server-10] [INFO] [1790925556.276688433] [local_costmap.local_costmap]: StaticLayer: Resizing static layer to 561 X 252 at 0.100000 m/pix
[planner_server-12] [INFO] [1790925556.293023146] [global_costmap.global_costmap]: StaticLayer: Resizing costmap to 561 X 252 at 0.100000 m/pix
[INFO] [1790925556.612564146] [mapex_explorer]: Main /plan diagnostic: poses=120, endpoint=(18.09, -2.80), frontier=(18.09, -2.80), endpoint_to_frontier=0.000 m, limit=0.10 m -> usable
[controller_server-10] [INFO] [1790925556.672709317] [controller_server]: Passing new path to controller.
[INFO] [1790925557.659392271] [mapex_explorer]: Main /plan diagnostic: poses=111, endpoint=(18.09, -2.80), frontier=(18.09, -2.80), endpoint_to_frontier=0.000 m, limit=0.10 m -> usable
[controller_server-10] [INFO] [1790925557.672691719] [controller_server]: Passing new path to controller.
[INFO] [1790925558.665572807] [mapex_explorer]: Main /plan diagnostic: poses=102, endpoint=(18.09, -2.80), frontier=(18.09, -2.80), endpoint_to_frontier=0.000 m, limit=0.10 m -> usable
[controller_server-10] [INFO] [1790925558.739356860] [controller_server]: Passing new path to controller.
[INFO] [1790925559.685681408] [mapex_explorer]: Main /plan diagnostic: poses=90, endpoint=(18.09, -2.80), frontier=(18.09, -2.80), endpoint_to_frontier=0.000 m, limit=0.10 m -> usable
[controller_server-10] [INFO] [1790925559.739369189] [controller_server]: Passing new path to controller.
[INFO] [1790925560.710943572] [mapex_explorer]: Main /plan diagnostic: poses=80, endpoint=(18.09, -2.80), frontier=(18.09, -2.80), endpoint_to_frontier=0.000 m, limit=0.10 m -> usable
[controller_server-10] [INFO] [1790925560.739385705] [controller_server]: Passing new path to controller.
[controller_server-10] [WARN] [1790925561.098231126] [controller_server]: Control loop missed its desired rate of 15.0000 Hz. Current loop rate is 10.8696 Hz.
[INFO] [1790925561.740085535] [mapex_explorer]: Main /plan diagnostic: poses=70, endpoint=(18.09, -2.80), frontier=(18.09, -2.80), endpoint_to_frontier=0.000 m, limit=0.10 m -> usable
[controller_server-10] [INFO] [1790925561.765049175] [controller_server]: Passing new path to controller.
[controller_server-10] [ERROR] [1790925562.065984375] [controller_server]: Exception in transformPose: Lookup would require extrapolation into the future.  Requested time 1878.020000 but the latest data is at time 1878.000000, when looking up transform from frame [map] to frame [odom]
[controller_server-10] [ERROR] [1790925562.066090864] [controller_server]: Unable to transform goal pose into costmap frame
[controller_server-10] [INFO] [1790925562.066426305] [controller_server]: Optimizer reset
[controller_server-10] [WARN] [1790925562.066447890] [controller_server]: [follow_path] [ActionServer] Aborting handle.
[bt_navigator-15] [WARN] [1790925562.095448855] [bt_navigator]: [navigate_to_pose] [ActionServer] Aborting handle.
[bt_navigator-15] [ERROR] [1790925562.095532508] [bt_navigator]: Goal failed
[WARN] [1790925562.097073073] [mapex_explorer]: Main goal failed (status=6, error_code=102)
[WARN] [1790925562.097477050] [mapex_explorer]: Path-guided recovery #1: temporary subgoal x=15.91, y=-1.76, 0.70 m ahead on main path (remaining main path=3.40 m, trigger_error=102)
[bt_navigator-15] [INFO] [1790925562.098027134] [bt_navigator]: Begin navigating from current location (15.22, -1.77) to (15.91, -1.76)
[INFO] [1790925562.100928350] [mapex_explorer]: Subgoal goal accepted
[controller_server-10] [INFO] [1790925562.118528310] [controller_server]: Received a goal, begin computing control effort.
[controller_server-10] [INFO] [1790925563.185344308] [controller_server]: Passing new path to controller.
[controller_server-10] [INFO] [1790925563.187010545] [controller_server]: Reached the goal!
[controller_server-10] [INFO] [1790925563.187260999] [controller_server]: Optimizer reset
[bt_navigator-15] [INFO] [1790925563.218233010] [bt_navigator]: Goal succeeded
[INFO] [1790925563.242167070] [mapex_explorer]: Recovery subgoal reached; retrying the same main frontier.
[bt_navigator-15] [INFO] [1790925563.242909227] [bt_navigator]: Begin navigating from current location (15.54, -1.77) to (18.09, -2.80)
[INFO] [1790925563.244853062] [mapex_explorer]: Main goal accepted
[INFO] [1790925563.246631225] [mapex_explorer]: Main /plan diagnostic: poses=60, endpoint=(18.09, -2.80), frontier=(18.09, -2.80), endpoint_to_frontier=0.000 m, limit=0.10 m -> usable
[controller_server-10] [INFO] [1790925563.263609647] [controller_server]: Received a goal, begin computing control effort.
[INFO] [1790925564.302587778] [mapex_explorer]: Main /plan diagnostic: poses=52, endpoint=(18.09, -2.80), frontier=(18.09, -2.80), endpoint_to_frontier=0.000 m, limit=0.10 m -> usable
[controller_server-10] [INFO] [1790925564.330467044] [controller_server]: Passing new path to controller.
[INFO] [1790925565.311643868] [mapex_explorer]: Main /plan diagnostic: poses=42, endpoint=(18.09, -2.80), frontier=(18.09, -2.80), endpoint_to_frontier=0.000 m, limit=0.10 m -> usable
[controller_server-10] [INFO] [1790925565.330465730] [controller_server]: Passing new path to controller.
[INFO] [1790925566.343740456] [mapex_explorer]: Main /plan diagnostic: poses=32, endpoint=(18.09, -2.80), frontier=(18.09, -2.80), endpoint_to_frontier=0.000 m, limit=0.10 m -> usable
[controller_server-10] [INFO] [1790925566.397157045] [controller_server]: Passing new path to controller.
[INFO] [1790925567.360856047] [mapex_explorer]: Main /plan diagnostic: poses=21, endpoint=(18.09, -2.80), frontier=(18.09, -2.80), endpoint_to_frontier=0.000 m, limit=0.10 m -> usable
[controller_server-10] [INFO] [1790925567.397153979] [controller_server]: Passing new path to controller.
[INFO] [1790925568.386744906] [mapex_explorer]: Main /plan diagnostic: poses=15, endpoint=(18.09, -2.80), frontier=(18.09, -2.80), endpoint_to_frontier=0.000 m, limit=0.10 m -> usable
[controller_server-10] [INFO] [1790925568.463799259] [controller_server]: Passing new path to controller.
[INFO] [1790925569.420645623] [mapex_explorer]: Main /plan diagnostic: poses=9, endpoint=(18.09, -2.80), frontier=(18.09, -2.80), endpoint_to_frontier=0.000 m, limit=0.10 m -> usable
[controller_server-10] [INFO] [1790925569.463809413] [controller_server]: Passing new path to controller.
[controller_server-10] [INFO] [1790925569.665893012] [controller_server]: Reached the goal!
[controller_server-10] [INFO] [1790925569.666094724] [controller_server]: Optimizer reset
[bt_navigator-15] [INFO] [1790925569.693320883] [bt_navigator]: Goal succeeded
[INFO] [1790925569.698118297] [mapex_explorer]: Goal reached
[INFO] [1790925576.400856925] [mapex_explorer]: MapEx decision 44: selected x=17.79, y=2.89, IG=1.768742, distance=5.38 m, score=0.328716, region=20, candidates=4, near_fallback=False, compute=5.84 s
[bt_navigator-15] [INFO] [1790925576.401640933] [bt_navigator]: Begin navigating from current location (17.94, -2.49) to (17.79, 2.89)
[controller_server-10] [INFO] [1790925576.422300672] [controller_server]: Received a goal, begin computing control effort.
[INFO] [1790925576.709592048] [mapex_explorer]: Main goal accepted
[INFO] [1790925576.787739944] [mapex_explorer]: Main /plan diagnostic: poses=410, endpoint=(17.79, 2.89), frontier=(17.79, 2.89), endpoint_to_frontier=0.000 m, limit=0.10 m -> usable
[controller_server-10] [INFO] [1790925577.489095976] [controller_server]: Passing new path to controller.
[INFO] [1790925577.502453026] [mapex_explorer]: Main /plan diagnostic: poses=404, endpoint=(17.79, 2.89), frontier=(17.79, 2.89), endpoint_to_frontier=0.000 m, limit=0.10 m -> usable
[INFO] [1790925578.472472539] [mapex_explorer]: Main /plan diagnostic: poses=398, endpoint=(17.79, 2.89), frontier=(17.79, 2.89), endpoint_to_frontier=0.000 m, limit=0.10 m -> usable
[controller_server-10] [INFO] [1790925578.489100629] [controller_server]: Passing new path to controller.
[INFO] [1790925579.519123606] [mapex_explorer]: Main /plan diagnostic: poses=396, endpoint=(17.79, 2.89), frontier=(17.79, 2.89), endpoint_to_frontier=0.000 m, limit=0.10 m -> usable
[controller_server-10] [INFO] [1790925579.555768343] [controller_server]: Passing new path to controller.
[INFO] [1790925580.544322801] [mapex_explorer]: Main /plan diagnostic: poses=396, endpoint=(17.79, 2.89), frontier=(17.79, 2.89), endpoint_to_frontier=0.000 m, limit=0.10 m -> usable
[controller_server-10] [INFO] [1790925580.555770621] [controller_server]: Passing new path to controller.
[INFO] [1790925581.578723912] [mapex_explorer]: Main /plan diagnostic: poses=388, endpoint=(17.79, 2.89), frontier=(17.79, 2.89), endpoint_to_frontier=0.000 m, limit=0.10 m -> usable
[controller_server-10] [INFO] [1790925581.622961038] [controller_server]: Passing new path to controller.
[INFO] [1790925582.621021555] [mapex_explorer]: Main /plan diagnostic: poses=378, endpoint=(17.79, 2.89), frontier=(17.79, 2.89), endpoint_to_frontier=0.000 m, limit=0.10 m -> usable
[controller_server-10] [INFO] [1790925582.622429687] [controller_server]: Passing new path to controller.
[controller_server-10] [INFO] [1790925583.622428756] [controller_server]: Passing new path to controller.
[INFO] [1790925583.626356937] [mapex_explorer]: Main /plan diagnostic: poses=368, endpoint=(17.79, 2.89), frontier=(17.79, 2.89), endpoint_to_frontier=0.000 m, limit=0.10 m -> usable
[INFO] [1790925584.632964114] [mapex_explorer]: Main /plan diagnostic: poses=357, endpoint=(17.79, 2.89), frontier=(17.79, 2.89), endpoint_to_frontier=0.000 m, limit=0.10 m -> usable
[controller_server-10] [INFO] [1790925584.689095772] [controller_server]: Passing new path to controller.
[INFO] [1790925585.650938207] [mapex_explorer]: Main /plan diagnostic: poses=348, endpoint=(17.79, 2.89), frontier=(17.79, 2.89), endpoint_to_frontier=0.000 m, limit=0.10 m -> usable
[controller_server-10] [INFO] [1790925585.689117113] [controller_server]: Passing new path to controller.
[controller_server-10] [ERROR] [1790925586.056692073] [controller_server]: Exception in transformPose: Lookup would require extrapolation into the future.  Requested time 1901.320000 but the latest data is at time 1901.300000, when looking up transform from frame [map] to frame [odom]
[controller_server-10] [ERROR] [1790925586.056781394] [controller_server]: Unable to transform goal pose into costmap frame
[controller_server-10] [INFO] [1790925586.056981079] [controller_server]: Optimizer reset
[controller_server-10] [WARN] [1790925586.056994643] [controller_server]: [follow_path] [ActionServer] Aborting handle.
[behavior_server-14] [INFO] [1790925586.072448126] [behavior_server]: Running wait
[behavior_server-14] [INFO] [1790925586.372693812] [behavior_server]: wait completed successfully
[controller_server-10] [INFO] [1790925586.412238048] [controller_server]: Received a goal, begin computing control effort.
[INFO] [1790925586.531627872] [mapex_explorer]: Main /plan diagnostic: poses=342, endpoint=(17.79, 2.89), frontier=(17.79, 2.89), endpoint_to_frontier=0.000 m, limit=0.10 m -> usable
[controller_server-10] [INFO] [1790925587.479045106] [controller_server]: Passing new path to controller.
[INFO] [1790925587.479632875] [mapex_explorer]: Main /plan diagnostic: poses=330, endpoint=(17.79, 2.89), frontier=(17.79, 2.89), endpoint_to_frontier=0.000 m, limit=0.10 m -> usable
[INFO] [1790925588.478224087] [mapex_explorer]: Main /plan diagnostic: poses=322, endpoint=(17.79, 2.89), frontier=(17.79, 2.89), endpoint_to_frontier=0.000 m, limit=0.10 m -> usable
[controller_server-10] [INFO] [1790925588.479035276] [controller_server]: Passing new path to controller.
[INFO] [1790925589.520810586] [mapex_explorer]: Main /plan diagnostic: poses=310, endpoint=(17.79, 2.89), frontier=(17.79, 2.89), endpoint_to_frontier=0.000 m, limit=0.10 m -> usable
[controller_server-10] [INFO] [1790925589.545692625] [controller_server]: Passing new path to controller.
[controller_server-10] [WARN] [1790925590.106005666] [controller_server]: Control loop missed its desired rate of 15.0000 Hz. Current loop rate is 10.7527 Hz.
[INFO] [1790925590.524032821] [mapex_explorer]: Main /plan diagnostic: poses=301, endpoint=(17.79, 2.89), frontier=(17.79, 2.89), endpoint_to_frontier=0.000 m, limit=0.10 m -> usable
[controller_server-10] [INFO] [1790925590.572814118] [controller_server]: Passing new path to controller.
[INFO] [1790925591.570969608] [mapex_explorer]: Main /plan diagnostic: poses=292, endpoint=(17.79, 2.89), frontier=(17.79, 2.89), endpoint_to_frontier=0.000 m, limit=0.10 m -> usable
[controller_server-10] [INFO] [1790925591.572797210] [controller_server]: Passing new path to controller.
[INFO] [1790925592.584738282] [mapex_explorer]: Main /plan diagnostic: poses=284, endpoint=(17.79, 2.89), frontier=(17.79, 2.89), endpoint_to_frontier=0.000 m, limit=0.10 m -> usable
[controller_server-10] [INFO] [1790925592.639461045] [controller_server]: Passing new path to controller.
[INFO] [1790925593.635125462] [mapex_explorer]: Main /plan diagnostic: poses=279, endpoint=(17.79, 2.89), frontier=(17.79, 2.89), endpoint_to_frontier=0.000 m, limit=0.10 m -> usable
[controller_server-10] [INFO] [1790925593.639585273] [controller_server]: Passing new path to controller.
[INFO] [1790925594.644630282] [mapex_explorer]: Main /plan diagnostic: poses=263, endpoint=(17.79, 2.89), frontier=(17.79, 2.89), endpoint_to_frontier=0.000 m, limit=0.10 m -> usable
[controller_server-10] [INFO] [1790925594.706152889] [controller_server]: Passing new path to controller.
[controller_server-10] [ERROR] [1790925595.073953990] [controller_server]: Exception in transformPose: Lookup would require extrapolation into the future.  Requested time 1910.040000 but the latest data is at time 1910.000000, when looking up transform from frame [map] to frame [odom]
[controller_server-10] [ERROR] [1790925595.074104289] [controller_server]: Unable to transform goal pose into costmap frame
[controller_server-10] [INFO] [1790925595.074534363] [controller_server]: Optimizer reset
[controller_server-10] [WARN] [1790925595.074569870] [controller_server]: [follow_path] [ActionServer] Aborting handle.
[bt_navigator-15] [WARN] [1790925595.101792562] [bt_navigator]: [navigate_to_pose] [ActionServer] Aborting handle.
[bt_navigator-15] [ERROR] [1790925595.101930295] [bt_navigator]: Goal failed
[WARN] [1790925595.104232842] [mapex_explorer]: Main goal failed (status=6, error_code=102)
[WARN] [1790925595.105246219] [mapex_explorer]: Path-guided recovery #1: temporary subgoal x=11.23, y=-1.82, 0.75 m ahead on main path (remaining main path=12.92 m, trigger_error=102)
[bt_navigator-15] [INFO] [1790925595.106496315] [bt_navigator]: Begin navigating from current location (11.22, -2.56) to (11.23, -1.82)
[INFO] [1790925595.112538506] [mapex_explorer]: Subgoal goal accepted
[controller_server-10] [INFO] [1790925595.127607888] [controller_server]: Received a goal, begin computing control effort.
[controller_server-10] [INFO] [1790925596.194524440] [controller_server]: Passing new path to controller.
[controller_server-10] [INFO] [1790925596.462760900] [controller_server]: Reached the goal!
[controller_server-10] [INFO] [1790925596.463035032] [controller_server]: Optimizer reset
[bt_navigator-15] [INFO] [1790925596.486804205] [bt_navigator]: Goal succeeded
[INFO] [1790925596.490197483] [mapex_explorer]: Recovery subgoal reached; retrying the same main frontier.
[bt_navigator-15] [INFO] [1790925596.491889529] [bt_navigator]: Begin navigating from current location (11.18, -2.19) to (17.79, 2.89)
[controller_server-10] [INFO] [1790925596.512639572] [controller_server]: Received a goal, begin computing control effort.
[INFO] [1790925596.519957122] [mapex_explorer]: Main goal accepted
[INFO] [1790925596.521212496] [mapex_explorer]: Main /plan diagnostic: poses=250, endpoint=(17.79, 2.89), frontier=(17.79, 2.89), endpoint_to_frontier=0.000 m, limit=0.10 m -> usable
[controller_server-10] [INFO] [1790925597.579455954] [controller_server]: Passing new path to controller.
[INFO] [1790925597.606794349] [mapex_explorer]: Main /plan diagnostic: poses=245, endpoint=(17.79, 2.89), frontier=(17.79, 2.89), endpoint_to_frontier=0.000 m, limit=0.10 m -> usable
[controller_server-10] [ERROR] [1790925598.080432068] [controller_server]: Exception in transformPose: Lookup would require extrapolation into the future.  Requested time 1913.040000 but the latest data is at time 1913.000000, when looking up transform from frame [map] to frame [odom]
[controller_server-10] [ERROR] [1790925598.080509776] [controller_server]: Unable to transform goal pose into costmap frame
[controller_server-10] [INFO] [1790925598.080849686] [controller_server]: Optimizer reset
[controller_server-10] [WARN] [1790925598.080864111] [controller_server]: [follow_path] [ActionServer] Aborting handle.
[behavior_server-14] [INFO] [1790925598.092494409] [behavior_server]: Running wait
[behavior_server-14] [INFO] [1790925598.392705622] [behavior_server]: wait completed successfully
[INFO] [1790925598.427414806] [mapex_explorer]: Main /plan diagnostic: poses=234, endpoint=(17.79, 2.89), frontier=(17.79, 2.89), endpoint_to_frontier=0.000 m, limit=0.10 m -> usable
[controller_server-10] [INFO] [1790925598.432915465] [controller_server]: Received a goal, begin computing control effort.
[INFO] [1790925599.460019514] [mapex_explorer]: Main /plan diagnostic: poses=228, endpoint=(17.79, 2.89), frontier=(17.79, 2.89), endpoint_to_frontier=0.000 m, limit=0.10 m -> usable
[controller_server-10] [INFO] [1790925599.499778365] [controller_server]: Passing new path to controller.
[controller_server-10] [ERROR] [1790925600.067444093] [controller_server]: Exception in transformPose: Lookup would require extrapolation into the future.  Requested time 1915.020000 but the latest data is at time 1915.000000, when looking up transform from frame [map] to frame [odom]
[controller_server-10] [ERROR] [1790925600.067511901] [controller_server]: Unable to transform goal pose into costmap frame
[controller_server-10] [INFO] [1790925600.067951426] [controller_server]: Optimizer reset
[controller_server-10] [WARN] [1790925600.067976991] [controller_server]: [follow_path] [ActionServer] Aborting handle.
[bt_navigator-15] [WARN] [1790925600.092066945] [bt_navigator]: [navigate_to_pose] [ActionServer] Aborting handle.
[bt_navigator-15] [ERROR] [1790925600.092205875] [bt_navigator]: Goal failed
[WARN] [1790925600.094139938] [mapex_explorer]: Main goal failed (status=6, error_code=102)
[WARN] [1790925600.094649868] [mapex_explorer]: Path-guided recovery #2: temporary subgoal x=11.14, y=-0.07, 0.70 m ahead on main path (remaining main path=11.12 m, trigger_error=102)
[bt_navigator-15] [INFO] [1790925600.096071477] [bt_navigator]: Begin navigating from current location (11.16, -0.69) to (11.14, -0.07)
[INFO] [1790925600.100791964] [mapex_explorer]: Subgoal goal accepted
[controller_server-10] [INFO] [1790925600.116658127] [controller_server]: Received a goal, begin computing control effort.
[controller_server-10] [INFO] [1790925600.918766579] [controller_server]: Reached the goal!
[controller_server-10] [INFO] [1790925600.918954093] [controller_server]: Optimizer reset
[bt_navigator-15] [INFO] [1790925600.946322941] [bt_navigator]: Goal succeeded
[INFO] [1790925600.948225462] [mapex_explorer]: Recovery subgoal reached; retrying the same main frontier.
[bt_navigator-15] [INFO] [1790925600.949038689] [bt_navigator]: Begin navigating from current location (11.16, -0.46) to (17.79, 2.89)
[controller_server-10] [INFO] [1790925600.969658648] [controller_server]: Received a goal, begin computing control effort.
[INFO] [1790925600.978114922] [mapex_explorer]: Main goal accepted
[INFO] [1790925600.978918876] [mapex_explorer]: Main /plan diagnostic: poses=216, endpoint=(17.79, 2.89), frontier=(17.79, 2.89), endpoint_to_frontier=0.000 m, limit=0.10 m -> usable
[INFO] [1790925601.986970949] [mapex_explorer]: Main /plan diagnostic: poses=207, endpoint=(17.79, 2.89), frontier=(17.79, 2.89), endpoint_to_frontier=0.000 m, limit=0.10 m -> usable
[controller_server-10] [INFO] [1790925602.036487298] [controller_server]: Passing new path to controller.
[controller_server-10] [INFO] [1790925603.036466815] [controller_server]: Passing new path to controller.
[INFO] [1790925603.093230094] [mapex_explorer]: Main /plan diagnostic: poses=200, endpoint=(17.79, 2.89), frontier=(17.79, 2.89), endpoint_to_frontier=0.000 m, limit=0.10 m -> usable
[INFO] [1790925604.046855588] [mapex_explorer]: Main /plan diagnostic: poses=188, endpoint=(17.79, 2.89), frontier=(17.79, 2.89), endpoint_to_frontier=0.000 m, limit=0.10 m -> usable
[controller_server-10] [INFO] [1790925604.103166316] [controller_server]: Passing new path to controller.
[INFO] [1790925605.091712509] [mapex_explorer]: Main /plan diagnostic: poses=179, endpoint=(17.79, 2.89), frontier=(17.79, 2.89), endpoint_to_frontier=0.000 m, limit=0.10 m -> usable
[controller_server-10] [INFO] [1790925605.103150931] [controller_server]: Passing new path to controller.
[INFO] [1790925606.117376244] [mapex_explorer]: Main /plan diagnostic: poses=168, endpoint=(17.79, 2.89), frontier=(17.79, 2.89), endpoint_to_frontier=0.000 m, limit=0.10 m -> usable
[controller_server-10] [INFO] [1790925606.169818986] [controller_server]: Passing new path to controller.
[INFO] [1790925607.141838437] [mapex_explorer]: Main /plan diagnostic: poses=157, endpoint=(17.79, 2.89), frontier=(17.79, 2.89), endpoint_to_frontier=0.000 m, limit=0.10 m -> usable
[controller_server-10] [INFO] [1790925607.169844234] [controller_server]: Passing new path to controller.
[async_slam_toolbox_node-9] W20261002 14:20:07.574086 26986 preprocessor.cc:67] Specified options.num_threads: 50 exceeds maximum available from the threading model Ceres was compiled with: 16.  Bounding to maximum number available.
[async_slam_toolbox_node-9] [INFO] [1790925607.618067779] [slam_toolbox]: Adaptive anchor summary: latest_node=4841, local_edges=4944, loop_history=0, avg_effective_weight=1.059, release_regions=0
[controller_server-10] [ERROR] [1790925608.070712137] [controller_server]: Exception in transformPose: Lookup would require extrapolation into the future.  Requested time 1922.940000 but the latest data is at time 1922.900000, when looking up transform from frame [map] to frame [odom]
[controller_server-10] [ERROR] [1790925608.070808691] [controller_server]: Unable to transform goal pose into costmap frame
[controller_server-10] [INFO] [1790925608.071176927] [controller_server]: Optimizer reset
[controller_server-10] [WARN] [1790925608.071195520] [controller_server]: [follow_path] [ActionServer] Aborting handle.
[behavior_server-14] [INFO] [1790925608.089756046] [behavior_server]: Running wait
[controller_server-10] [INFO] [1790925608.276680437] [local_costmap.local_costmap]: StaticLayer: Resizing static layer to 561 X 252 at 0.100000 m/pix
[planner_server-12] [INFO] [1790925608.293051451] [global_costmap.global_costmap]: StaticLayer: Resizing costmap to 561 X 252 at 0.100000 m/pix
[behavior_server-14] [INFO] [1790925608.390004990] [behavior_server]: wait completed successfully
[INFO] [1790925608.426071424] [mapex_explorer]: Main /plan diagnostic: poses=147, endpoint=(17.79, 2.89), frontier=(17.79, 2.89), endpoint_to_frontier=0.000 m, limit=0.10 m -> usable
[controller_server-10] [INFO] [1790925608.429593127] [controller_server]: Received a goal, begin computing control effort.
[INFO] [1790925609.452829655] [mapex_explorer]: Main /plan diagnostic: poses=138, endpoint=(17.79, 2.89), frontier=(17.79, 2.89), endpoint_to_frontier=0.000 m, limit=0.10 m -> usable
[controller_server-10] [INFO] [1790925609.496435640] [controller_server]: Passing new path to controller.
[INFO] [1790925610.446272684] [mapex_explorer]: Main /plan diagnostic: poses=131, endpoint=(17.79, 2.89), frontier=(17.79, 2.89), endpoint_to_frontier=0.000 m, limit=0.10 m -> usable
[controller_server-10] [INFO] [1790925610.496399316] [controller_server]: Passing new path to controller.
[async_slam_toolbox_node-9] W20261002 14:20:11.289505 26986 preprocessor.cc:67] Specified options.num_threads: 50 exceeds maximum available from the threading model Ceres was compiled with: 16.  Bounding to maximum number available.
[INFO] [1790925611.478580862] [mapex_explorer]: Main /plan diagnostic: poses=119, endpoint=(17.79, 2.89), frontier=(17.79, 2.89), endpoint_to_frontier=0.000 m, limit=0.10 m -> usable
[controller_server-10] [INFO] [1790925611.496434824] [controller_server]: Passing new path to controller.
[controller_server-10] [INFO] [1790925612.076706949] [local_costmap.local_costmap]: StaticLayer: Resizing static layer to 561 X 252 at 0.100000 m/pix
[planner_server-12] [INFO] [1790925612.293045101] [global_costmap.global_costmap]: StaticLayer: Resizing costmap to 561 X 252 at 0.100000 m/pix
[INFO] [1790925612.523974729] [mapex_explorer]: Main /plan diagnostic: poses=111, endpoint=(17.79, 2.89), frontier=(17.79, 2.89), endpoint_to_frontier=0.000 m, limit=0.10 m -> usable
[controller_server-10] [INFO] [1790925612.563065777] [controller_server]: Passing new path to controller.
[controller_server-10] [ERROR] [1790925613.063951221] [controller_server]: Exception in transformPose: Lookup would require extrapolation into the future.  Requested time 1927.740000 but the latest data is at time 1927.700000, when looking up transform from frame [map] to frame [odom]
[controller_server-10] [ERROR] [1790925613.064037794] [controller_server]: Unable to transform goal pose into costmap frame
[controller_server-10] [INFO] [1790925613.064400065] [controller_server]: Optimizer reset
[controller_server-10] [WARN] [1790925613.064433581] [controller_server]: [follow_path] [ActionServer] Aborting handle.
[bt_navigator-15] [WARN] [1790925613.089174663] [bt_navigator]: [navigate_to_pose] [ActionServer] Aborting handle.
[bt_navigator-15] [ERROR] [1790925613.089267565] [bt_navigator]: Goal failed
[WARN] [1790925613.091016268] [mapex_explorer]: Main goal failed (status=6, error_code=102)
[WARN] [1790925613.091458297] [mapex_explorer]: Path-guided recovery #3: temporary subgoal x=14.19, y=1.68, 0.70 m ahead on main path (remaining main path=5.22 m, trigger_error=102)
[bt_navigator-15] [INFO] [1790925613.092121139] [bt_navigator]: Begin navigating from current location (13.54, 1.82) to (14.19, 1.68)
[INFO] [1790925613.099302142] [mapex_explorer]: Subgoal goal accepted
[controller_server-10] [INFO] [1790925613.112637661] [controller_server]: Received a goal, begin computing control effort.
[controller_server-10] [INFO] [1790925614.179433358] [controller_server]: Passing new path to controller.
[controller_server-10] [INFO] [1790925614.181762151] [controller_server]: Reached the goal!
[controller_server-10] [INFO] [1790925614.182028128] [controller_server]: Optimizer reset
[bt_navigator-15] [INFO] [1790925614.212360899] [bt_navigator]: Goal succeeded
[INFO] [1790925614.213726062] [mapex_explorer]: Recovery subgoal reached; retrying the same main frontier.
[bt_navigator-15] [INFO] [1790925614.214523172] [bt_navigator]: Begin navigating from current location (13.80, 1.71) to (17.79, 2.89)
[controller_server-10] [INFO] [1790925614.235011534] [controller_server]: Received a goal, begin computing control effort.
[INFO] [1790925614.289075700] [mapex_explorer]: Main /plan diagnostic: poses=96, endpoint=(17.79, 2.89), frontier=(17.79, 2.89), endpoint_to_frontier=0.000 m, limit=0.10 m -> usable
[INFO] [1790925614.289713263] [mapex_explorer]: Main goal accepted
[INFO] [1790925615.292689387] [mapex_explorer]: Main /plan diagnostic: poses=91, endpoint=(17.79, 2.89), frontier=(17.79, 2.89), endpoint_to_frontier=0.000 m, limit=0.10 m -> usable
[controller_server-10] [INFO] [1790925615.301806231] [controller_server]: Passing new path to controller.
[INFO] [1790925616.285754837] [mapex_explorer]: Main /plan diagnostic: poses=80, endpoint=(17.79, 2.89), frontier=(17.79, 2.89), endpoint_to_frontier=0.000 m, limit=0.10 m -> usable
[controller_server-10] [INFO] [1790925616.301813091] [controller_server]: Passing new path to controller.
[INFO] [1790925617.285751956] [mapex_explorer]: Main /plan diagnostic: poses=71, endpoint=(17.79, 2.89), frontier=(17.79, 2.89), endpoint_to_frontier=0.000 m, limit=0.10 m -> usable
[controller_server-10] [INFO] [1790925617.301807311] [controller_server]: Passing new path to controller.
[INFO] [1790925618.309162629] [mapex_explorer]: Main /plan diagnostic: poses=60, endpoint=(17.79, 2.89), frontier=(17.79, 2.89), endpoint_to_frontier=0.000 m, limit=0.10 m -> usable
[controller_server-10] [INFO] [1790925618.368476738] [controller_server]: Passing new path to controller.
[controller_server-10] [ERROR] [1790925619.079693314] [controller_server]: Exception in transformPose: Lookup would require extrapolation into the future.  Requested time 1933.540000 but the latest data is at time 1933.500000, when looking up transform from frame [map] to frame [odom]
[controller_server-10] [ERROR] [1790925619.079792231] [controller_server]: Unable to transform goal pose into costmap frame
[controller_server-10] [INFO] [1790925619.080148363] [controller_server]: Optimizer reset
[controller_server-10] [WARN] [1790925619.080169119] [controller_server]: [follow_path] [ActionServer] Aborting handle.
[behavior_server-14] [INFO] [1790925619.095115908] [behavior_server]: Running wait
[behavior_server-14] [INFO] [1790925619.395253403] [behavior_server]: wait completed successfully
[INFO] [1790925619.421483802] [mapex_explorer]: Main /plan diagnostic: poses=51, endpoint=(17.79, 2.89), frontier=(17.79, 2.89), endpoint_to_frontier=0.000 m, limit=0.10 m -> usable
[controller_server-10] [INFO] [1790925619.435885409] [controller_server]: Received a goal, begin computing control effort.
[INFO] [1790925620.452388901] [mapex_explorer]: Main /plan diagnostic: poses=43, endpoint=(17.79, 2.89), frontier=(17.79, 2.89), endpoint_to_frontier=0.000 m, limit=0.10 m -> usable
[controller_server-10] [INFO] [1790925620.502768411] [controller_server]: Passing new path to controller.
[INFO] [1790925621.477847123] [mapex_explorer]: Main /plan diagnostic: poses=33, endpoint=(17.79, 2.89), frontier=(17.79, 2.89), endpoint_to_frontier=0.000 m, limit=0.10 m -> usable
[controller_server-10] [INFO] [1790925621.502782560] [controller_server]: Passing new path to controller.
[INFO] [1790925622.508502886] [mapex_explorer]: Main /plan diagnostic: poses=31, endpoint=(17.79, 2.89), frontier=(17.79, 2.89), endpoint_to_frontier=0.000 m, limit=0.10 m -> usable
[controller_server-10] [INFO] [1790925622.569417961] [controller_server]: Passing new path to controller.
[INFO] [1790925623.542746500] [mapex_explorer]: Main /plan diagnostic: poses=16, endpoint=(17.79, 2.89), frontier=(17.79, 2.89), endpoint_to_frontier=0.000 m, limit=0.10 m -> usable
[controller_server-10] [INFO] [1790925623.569412218] [controller_server]: Passing new path to controller.
[INFO] [1790925624.562528318] [mapex_explorer]: Main /plan diagnostic: poses=11, endpoint=(17.79, 2.89), frontier=(17.79, 2.89), endpoint_to_frontier=0.000 m, limit=0.10 m -> usable
[controller_server-10] [INFO] [1790925624.636093222] [controller_server]: Passing new path to controller.
[controller_server-10] [INFO] [1790925625.174836865] [controller_server]: Reached the goal!
[controller_server-10] [INFO] [1790925625.175587988] [controller_server]: Optimizer reset
[bt_navigator-15] [INFO] [1790925625.205084201] [bt_navigator]: Goal succeeded
[INFO] [1790925625.208309934] [mapex_explorer]: Goal reached
[INFO] [1790925631.138579430] [mapex_explorer]: MapEx decision 45: selected x=23.09, y=-7.91, IG=1.588064, distance=11.70 m, score=0.135682, region=24, candidates=3, near_fallback=False, compute=5.57 s
[bt_navigator-15] [INFO] [1790925631.140092700] [bt_navigator]: Begin navigating from current location (17.81, 2.53) to (23.09, -7.91)
[controller_server-10] [INFO] [1790925631.161209389] [controller_server]: Received a goal, begin computing control effort.
[INFO] [1790925631.511286659] [mapex_explorer]: Main goal accepted
[INFO] [1790925631.620689842] [mapex_explorer]: Main /plan diagnostic: poses=1022, endpoint=(23.09, -7.91), frontier=(23.09, -7.91), endpoint_to_frontier=0.000 m, limit=0.10 m -> usable
[INFO] [1790925632.199653871] [mapex_explorer]: Main /plan diagnostic: poses=1015, endpoint=(23.09, -7.91), frontier=(23.09, -7.91), endpoint_to_frontier=0.000 m, limit=0.10 m -> usable
[controller_server-10] [INFO] [1790925632.228027783] [controller_server]: Passing new path to controller.
[controller_server-10] [INFO] [1790925633.228032699] [controller_server]: Passing new path to controller.
[INFO] [1790925633.321620199] [mapex_explorer]: Main /plan diagnostic: poses=1012, endpoint=(23.09, -7.91), frontier=(23.09, -7.91), endpoint_to_frontier=0.000 m, limit=0.10 m -> usable
[controller_server-10] [WARN] [1790925634.141088353] [controller_server]: Control loop missed its desired rate of 15.0000 Hz. Current loop rate is 9.0909 Hz.
[controller_server-10] [INFO] [1790925634.274561903] [controller_server]: Passing new path to controller.
[INFO] [1790925634.352268751] [mapex_explorer]: Main /plan diagnostic: poses=1002, endpoint=(23.09, -7.91), frontier=(23.09, -7.91), endpoint_to_frontier=0.000 m, limit=0.10 m -> usable
[INFO] [1790925635.316890140] [mapex_explorer]: Main /plan diagnostic: poses=996, endpoint=(23.09, -7.91), frontier=(23.09, -7.91), endpoint_to_frontier=0.000 m, limit=0.10 m -> usable
[controller_server-10] [INFO] [1790925635.341204898] [controller_server]: Passing new path to controller.
[controller_server-10] [WARN] [1790925636.100295610] [controller_server]: Control loop missed its desired rate of 15.0000 Hz. Current loop rate is 10.8696 Hz.
[controller_server-10] [INFO] [1790925636.367064299] [controller_server]: Passing new path to controller.
[INFO] [1790925636.376506301] [mapex_explorer]: Main /plan diagnostic: poses=995, endpoint=(23.09, -7.91), frontier=(23.09, -7.91), endpoint_to_frontier=0.000 m, limit=0.10 m -> usable
[INFO] [1790925637.366039239] [mapex_explorer]: Main /plan diagnostic: poses=995, endpoint=(23.09, -7.91), frontier=(23.09, -7.91), endpoint_to_frontier=0.000 m, limit=0.10 m -> usable
[controller_server-10] [INFO] [1790925637.367090632] [controller_server]: Passing new path to controller.
[controller_server-10] [WARN] [1790925638.126231849] [controller_server]: Control loop missed its desired rate of 15.0000 Hz. Current loop rate is 10.7527 Hz.
[INFO] [1790925638.376387972] [mapex_explorer]: Main /plan diagnostic: poses=986, endpoint=(23.09, -7.91), frontier=(23.09, -7.91), endpoint_to_frontier=0.000 m, limit=0.10 m -> usable
[controller_server-10] [INFO] [1790925638.392999153] [controller_server]: Passing new path to controller.
[controller_server-10] [INFO] [1790925639.393003084] [controller_server]: Passing new path to controller.
[INFO] [1790925639.398402048] [mapex_explorer]: Main /plan diagnostic: poses=975, endpoint=(23.09, -7.91), frontier=(23.09, -7.91), endpoint_to_frontier=0.000 m, limit=0.10 m -> usable
[controller_server-10] [INFO] [1790925640.459695142] [controller_server]: Passing new path to controller.
[INFO] [1790925640.478806581] [mapex_explorer]: Main /plan diagnostic: poses=966, endpoint=(23.09, -7.91), frontier=(23.09, -7.91), endpoint_to_frontier=0.000 m, limit=0.10 m -> usable
[INFO] [1790925641.442111026] [mapex_explorer]: Main /plan diagnostic: poses=956, endpoint=(23.09, -7.91), frontier=(23.09, -7.91), endpoint_to_frontier=0.000 m, limit=0.10 m -> usable
[controller_server-10] [INFO] [1790925641.459671345] [controller_server]: Passing new path to controller.
[INFO] [1790925642.486052735] [mapex_explorer]: Main /plan diagnostic: poses=946, endpoint=(23.09, -7.91), frontier=(23.09, -7.91), endpoint_to_frontier=0.000 m, limit=0.10 m -> usable
[controller_server-10] [INFO] [1790925642.526354846] [controller_server]: Passing new path to controller.
[INFO] [1790925643.508429740] [mapex_explorer]: Main /plan diagnostic: poses=936, endpoint=(23.09, -7.91), frontier=(23.09, -7.91), endpoint_to_frontier=0.000 m, limit=0.10 m -> usable
[controller_server-10] [INFO] [1790925643.526355437] [controller_server]: Passing new path to controller.
[INFO] [1790925644.583656116] [mapex_explorer]: Main /plan diagnostic: poses=928, endpoint=(23.09, -7.91), frontier=(23.09, -7.91), endpoint_to_frontier=0.000 m, limit=0.10 m -> usable
[controller_server-10] [INFO] [1790925644.593005511] [controller_server]: Passing new path to controller.
[INFO] [1790925645.558221033] [mapex_explorer]: Main /plan diagnostic: poses=915, endpoint=(23.09, -7.91), frontier=(23.09, -7.91), endpoint_to_frontier=0.000 m, limit=0.10 m -> usable
[controller_server-10] [INFO] [1790925645.593001673] [controller_server]: Passing new path to controller.
[controller_server-10] [WARN] [1790925646.085865676] [controller_server]: Control loop missed its desired rate of 15.0000 Hz. Current loop rate is 11.1111 Hz.
[INFO] [1790925646.593530326] [mapex_explorer]: Main /plan diagnostic: poses=903, endpoint=(23.09, -7.91), frontier=(23.09, -7.91), endpoint_to_frontier=0.000 m, limit=0.10 m -> usable
[controller_server-10] [INFO] [1790925646.619363602] [controller_server]: Passing new path to controller.
[controller_server-10] [INFO] [1790925647.619316772] [controller_server]: Passing new path to controller.
[INFO] [1790925647.622973855] [mapex_explorer]: Main /plan diagnostic: poses=893, endpoint=(23.09, -7.91), frontier=(23.09, -7.91), endpoint_to_frontier=0.000 m, limit=0.10 m -> usable
[async_slam_toolbox_node-9] W20261002 14:20:48.104403 26986 preprocessor.cc:67] Specified options.num_threads: 50 exceeds maximum available from the threading model Ceres was compiled with: 16.  Bounding to maximum number available.
[async_slam_toolbox_node-9] [INFO] [1790925648.144751957] [slam_toolbox]: Adaptive anchor summary: latest_node=4936, local_edges=5042, loop_history=0, avg_effective_weight=1.057, release_regions=0
[INFO] [1790925648.670469366] [mapex_explorer]: Main /plan diagnostic: poses=887, endpoint=(23.09, -7.91), frontier=(23.09, -7.91), endpoint_to_frontier=0.000 m, limit=0.10 m -> usable
[controller_server-10] [INFO] [1790925648.685996607] [controller_server]: Passing new path to controller.
[controller_server-10] [INFO] [1790925649.276892088] [local_costmap.local_costmap]: StaticLayer: Resizing static layer to 561 X 252 at 0.100000 m/pix
[planner_server-12] [INFO] [1790925649.293075940] [global_costmap.global_costmap]: StaticLayer: Resizing costmap to 561 X 252 at 0.100000 m/pix
[controller_server-10] [INFO] [1790925649.686032270] [controller_server]: Passing new path to controller.
[INFO] [1790925649.690031683] [mapex_explorer]: Main /plan diagnostic: poses=877, endpoint=(23.09, -7.91), frontier=(23.09, -7.91), endpoint_to_frontier=0.000 m, limit=0.10 m -> usable
[INFO] [1790925650.736249842] [mapex_explorer]: Main /plan diagnostic: poses=866, endpoint=(23.09, -7.91), frontier=(23.09, -7.91), endpoint_to_frontier=0.000 m, limit=0.10 m -> usable
[controller_server-10] [INFO] [1790925650.752669963] [controller_server]: Passing new path to controller.
[INFO] [1790925651.751084569] [mapex_explorer]: Main /plan diagnostic: poses=855, endpoint=(23.09, -7.91), frontier=(23.09, -7.91), endpoint_to_frontier=0.000 m, limit=0.10 m -> usable
[controller_server-10] [INFO] [1790925651.752656631] [controller_server]: Passing new path to controller.
[async_slam_toolbox_node-9] W20261002 14:20:52.760553 26986 preprocessor.cc:67] Specified options.num_threads: 50 exceeds maximum available from the threading model Ceres was compiled with: 16.  Bounding to maximum number available.
[INFO] [1790925652.804587637] [mapex_explorer]: Main /plan diagnostic: poses=844, endpoint=(23.09, -7.91), frontier=(23.09, -7.91), endpoint_to_frontier=0.000 m, limit=0.10 m -> usable
[controller_server-10] [INFO] [1790925652.819322096] [controller_server]: Passing new path to controller.
[controller_server-10] [INFO] [1790925653.819315475] [controller_server]: Passing new path to controller.
[INFO] [1790925653.842707815] [mapex_explorer]: Main /plan diagnostic: poses=834, endpoint=(23.09, -7.91), frontier=(23.09, -7.91), endpoint_to_frontier=0.000 m, limit=0.10 m -> usable
[controller_server-10] [ERROR] [1790925654.053778028] [controller_server]: Exception in transformPose: Lookup would require extrapolation into the future.  Requested time 1967.640000 but the latest data is at time 1967.600000, when looking up transform from frame [map] to frame [odom]
[controller_server-10] [ERROR] [1790925654.053860607] [controller_server]: Unable to transform goal pose into costmap frame
[controller_server-10] [INFO] [1790925654.054060499] [controller_server]: Optimizer reset
[controller_server-10] [WARN] [1790925654.054076471] [controller_server]: [follow_path] [ActionServer] Aborting handle.
[behavior_server-14] [INFO] [1790925654.070654735] [behavior_server]: Running wait
[behavior_server-14] [INFO] [1790925654.370803338] [behavior_server]: wait completed successfully
[controller_server-10] [INFO] [1790925654.411664738] [controller_server]: Received a goal, begin computing control effort.
[INFO] [1790925654.449098333] [mapex_explorer]: Main /plan diagnostic: poses=828, endpoint=(23.09, -7.91), frontier=(23.09, -7.91), endpoint_to_frontier=0.000 m, limit=0.10 m -> usable
[INFO] [1790925655.450796366] [mapex_explorer]: Main /plan diagnostic: poses=822, endpoint=(23.09, -7.91), frontier=(23.09, -7.91), endpoint_to_frontier=0.000 m, limit=0.10 m -> usable
[controller_server-10] [INFO] [1790925655.478730465] [controller_server]: Passing new path to controller.
[controller_server-10] [ERROR] [1790925656.046401954] [controller_server]: Exception in transformPose: Lookup would require extrapolation into the future.  Requested time 1969.620000 but the latest data is at time 1969.600000, when looking up transform from frame [map] to frame [odom]
[controller_server-10] [ERROR] [1790925656.046496052] [controller_server]: Unable to transform goal pose into costmap frame
[controller_server-10] [INFO] [1790925656.046717159] [controller_server]: Optimizer reset
[controller_server-10] [WARN] [1790925656.046736385] [controller_server]: [follow_path] [ActionServer] Aborting handle.
[bt_navigator-15] [WARN] [1790925656.070244089] [bt_navigator]: [navigate_to_pose] [ActionServer] Aborting handle.
[bt_navigator-15] [ERROR] [1790925656.070382223] [bt_navigator]: Goal failed
[WARN] [1790925656.080230431] [mapex_explorer]: Main goal failed (status=6, error_code=102)
[WARN] [1790925656.081647436] [mapex_explorer]: Path-guided recovery #1: temporary subgoal x=11.14, y=-1.07, 0.70 m ahead on main path (remaining main path=40.86 m, trigger_error=102)
[bt_navigator-15] [INFO] [1790925656.082697213] [bt_navigator]: Begin navigating from current location (11.12, -0.36) to (11.14, -1.07)
[INFO] [1790925656.100871537] [mapex_explorer]: Subgoal goal accepted
[controller_server-10] [INFO] [1790925656.103654124] [controller_server]: Received a goal, begin computing control effort.
[controller_server-10] [WARN] [1790925656.188258928] [controller_server]: Control loop missed its desired rate of 15.0000 Hz. Current loop rate is 11.7647 Hz.
[controller_server-10] [INFO] [1790925656.859405841] [controller_server]: Reached the goal!
[controller_server-10] [INFO] [1790925656.859964067] [controller_server]: Optimizer reset
[bt_navigator-15] [INFO] [1790925656.883002661] [bt_navigator]: Goal succeeded
[INFO] [1790925656.885186814] [mapex_explorer]: Recovery subgoal reached; retrying the same main frontier.
[bt_navigator-15] [INFO] [1790925656.886337573] [bt_navigator]: Begin navigating from current location (11.13, -0.69) to (23.09, -7.91)
[INFO] [1790925656.889456666] [mapex_explorer]: Main goal accepted
[controller_server-10] [INFO] [1790925656.907256877] [controller_server]: Received a goal, begin computing control effort.
[INFO] [1790925656.932395428] [mapex_explorer]: Main /plan diagnostic: poses=814, endpoint=(23.09, -7.91), frontier=(23.09, -7.91), endpoint_to_frontier=0.000 m, limit=0.10 m -> usable
[controller_server-10] [WARN] [1790925657.125483301] [controller_server]: Control loop missed its desired rate of 15.0000 Hz. Current loop rate is 11.7647 Hz.
[INFO] [1790925657.949957722] [mapex_explorer]: Main /plan diagnostic: poses=806, endpoint=(23.09, -7.91), frontier=(23.09, -7.91), endpoint_to_frontier=0.000 m, limit=0.10 m -> usable
[controller_server-10] [INFO] [1790925657.992262375] [controller_server]: Passing new path to controller.
[controller_server-10] [ERROR] [1790925658.093337515] [controller_server]: Exception in transformPose: Lookup would require extrapolation into the future.  Requested time 1971.660000 but the latest data is at time 1971.600000, when looking up transform from frame [map] to frame [odom]
[controller_server-10] [ERROR] [1790925658.093411831] [controller_server]: Unable to transform goal pose into costmap frame
[controller_server-10] [INFO] [1790925658.093586115] [controller_server]: Optimizer reset
[controller_server-10] [WARN] [1790925658.093598755] [controller_server]: [follow_path] [ActionServer] Aborting handle.
[behavior_server-14] [INFO] [1790925658.106897096] [behavior_server]: Running wait
[behavior_server-14] [INFO] [1790925658.407083411] [behavior_server]: wait completed successfully
[controller_server-10] [INFO] [1790925658.447435545] [controller_server]: Received a goal, begin computing control effort.
[INFO] [1790925658.470062546] [mapex_explorer]: Main /plan diagnostic: poses=802, endpoint=(23.09, -7.91), frontier=(23.09, -7.91), endpoint_to_frontier=0.000 m, limit=0.10 m -> usable
[INFO] [1790925659.500591764] [mapex_explorer]: Main /plan diagnostic: poses=788, endpoint=(23.09, -7.91), frontier=(23.09, -7.91), endpoint_to_frontier=0.000 m, limit=0.10 m -> usable
[controller_server-10] [INFO] [1790925659.514503762] [controller_server]: Passing new path to controller.
[INFO] [1790925660.524293532] [mapex_explorer]: Main /plan diagnostic: poses=779, endpoint=(23.09, -7.91), frontier=(23.09, -7.91), endpoint_to_frontier=0.000 m, limit=0.10 m -> usable
[controller_server-10] [INFO] [1790925660.581157231] [controller_server]: Passing new path to controller.
[controller_server-10] [INFO] [1790925661.581130858] [controller_server]: Passing new path to controller.
[INFO] [1790925661.624092125] [mapex_explorer]: Main /plan diagnostic: poses=768, endpoint=(23.09, -7.91), frontier=(23.09, -7.91), endpoint_to_frontier=0.000 m, limit=0.10 m -> usable
[async_slam_toolbox_node-9] W20261002 14:21:02.099557 26986 preprocessor.cc:67] Specified options.num_threads: 50 exceeds maximum available from the threading model Ceres was compiled with: 16.  Bounding to maximum number available.
[async_slam_toolbox_node-9] [INFO] [1790925662.131437667] [slam_toolbox]: Adaptive anchor summary: latest_node=4989, local_edges=5095, loop_history=0, avg_effective_weight=1.057, release_regions=0
[INFO] [1790925662.571352240] [mapex_explorer]: Main /plan diagnostic: poses=758, endpoint=(23.09, -7.91), frontier=(23.09, -7.91), endpoint_to_frontier=0.000 m, limit=0.10 m -> usable
[controller_server-10] [INFO] [1790925662.581135620] [controller_server]: Passing new path to controller.
[controller_server-10] [INFO] [1790925663.076710458] [local_costmap.local_costmap]: StaticLayer: Resizing static layer to 561 X 252 at 0.100000 m/pix
[planner_server-12] [INFO] [1790925663.293062268] [global_costmap.global_costmap]: StaticLayer: Resizing costmap to 561 X 252 at 0.100000 m/pix
[INFO] [1790925663.600299178] [mapex_explorer]: Main /plan diagnostic: poses=751, endpoint=(23.09, -7.91), frontier=(23.09, -7.91), endpoint_to_frontier=0.000 m, limit=0.10 m -> usable
[controller_server-10] [INFO] [1790925663.647799928] [controller_server]: Passing new path to controller.
[controller_server-10] [INFO] [1790925664.647808500] [controller_server]: Passing new path to controller.
[INFO] [1790925664.690137405] [mapex_explorer]: Main /plan diagnostic: poses=738, endpoint=(23.09, -7.91), frontier=(23.09, -7.91), endpoint_to_frontier=0.000 m, limit=0.10 m -> usable
[controller_server-10] [INFO] [1790925665.647797677] [controller_server]: Passing new path to controller.
[INFO] [1790925665.657144142] [mapex_explorer]: Main /plan diagnostic: poses=727, endpoint=(23.09, -7.91), frontier=(23.09, -7.91), endpoint_to_frontier=0.000 m, limit=0.10 m -> usable
[INFO] [1790925666.686752194] [mapex_explorer]: Main /plan diagnostic: poses=717, endpoint=(23.09, -7.91), frontier=(23.09, -7.91), endpoint_to_frontier=0.000 m, limit=0.10 m -> usable
[controller_server-10] [INFO] [1790925666.714503537] [controller_server]: Passing new path to controller.
[INFO] [1790925667.714553242] [mapex_explorer]: Main /plan diagnostic: poses=707, endpoint=(23.09, -7.91), frontier=(23.09, -7.91), endpoint_to_frontier=0.000 m, limit=0.10 m -> usable
[controller_server-10] [INFO] [1790925667.714471628] [controller_server]: Passing new path to controller.
[controller_server-10] [INFO] [1790925668.781158892] [controller_server]: Passing new path to controller.
[INFO] [1790925668.795323490] [mapex_explorer]: Main /plan diagnostic: poses=697, endpoint=(23.09, -7.91), frontier=(23.09, -7.91), endpoint_to_frontier=0.000 m, limit=0.10 m -> usable
[controller_server-10] [INFO] [1790925669.781136375] [controller_server]: Passing new path to controller.
[INFO] [1790925669.855660425] [mapex_explorer]: Main /plan diagnostic: poses=685, endpoint=(23.09, -7.91), frontier=(23.09, -7.91), endpoint_to_frontier=0.000 m, limit=0.10 m -> usable
[INFO] [1790925670.785615308] [mapex_explorer]: Main /plan diagnostic: poses=675, endpoint=(23.09, -7.91), frontier=(23.09, -7.91), endpoint_to_frontier=0.000 m, limit=0.10 m -> usable
[controller_server-10] [INFO] [1790925670.847801130] [controller_server]: Passing new path to controller.
[INFO] [1790925671.838761298] [mapex_explorer]: Main /plan diagnostic: poses=665, endpoint=(23.09, -7.91), frontier=(23.09, -7.91), endpoint_to_frontier=0.000 m, limit=0.10 m -> usable
[controller_server-10] [INFO] [1790925671.847802093] [controller_server]: Passing new path to controller.
[controller_server-10] [INFO] [1790925672.847798056] [controller_server]: Passing new path to controller.
[INFO] [1790925672.850763834] [mapex_explorer]: Main /plan diagnostic: poses=655, endpoint=(23.09, -7.91), frontier=(23.09, -7.91), endpoint_to_frontier=0.000 m, limit=0.10 m -> usable
[INFO] [1790925673.880581030] [mapex_explorer]: Main /plan diagnostic: poses=645, endpoint=(23.09, -7.91), frontier=(23.09, -7.91), endpoint_to_frontier=0.000 m, limit=0.10 m -> usable
[controller_server-10] [INFO] [1790925673.914494756] [controller_server]: Passing new path to controller.
[controller_server-10] [INFO] [1790925674.914495126] [controller_server]: Passing new path to controller.
[INFO] [1790925674.948158412] [mapex_explorer]: Main /plan diagnostic: poses=635, endpoint=(23.09, -7.91), frontier=(23.09, -7.91), endpoint_to_frontier=0.000 m, limit=0.10 m -> usable
[controller_server-10] [WARN] [1790925675.083485461] [controller_server]: Control loop missed its desired rate of 15.0000 Hz. Current loop rate is 9.8039 Hz.
[controller_server-10] [INFO] [1790925675.950244303] [controller_server]: Passing new path to controller.
[INFO] [1790925675.954902075] [mapex_explorer]: Main /plan diagnostic: poses=625, endpoint=(23.09, -7.91), frontier=(23.09, -7.91), endpoint_to_frontier=0.000 m, limit=0.10 m -> usable
[controller_server-10] [ERROR] [1790925676.051380735] [controller_server]: Exception in transformPose: Lookup would require extrapolation into the future.  Requested time 1989.520000 but the latest data is at time 1989.500000, when looking up transform from frame [map] to frame [odom]
[controller_server-10] [ERROR] [1790925676.051492338] [controller_server]: Unable to transform goal pose into costmap frame
[controller_server-10] [INFO] [1790925676.051746090] [controller_server]: Optimizer reset
[controller_server-10] [WARN] [1790925676.051768263] [controller_server]: [follow_path] [ActionServer] Aborting handle.
[bt_navigator-15] [WARN] [1790925676.076493911] [bt_navigator]: [navigate_to_pose] [ActionServer] Aborting handle.
[bt_navigator-15] [ERROR] [1790925676.076588875] [bt_navigator]: Goal failed
[WARN] [1790925676.114166839] [mapex_explorer]: Main goal failed (status=6, error_code=102)
[WARN] [1790925676.116041895] [mapex_explorer]: Path-guided recovery #2: temporary subgoal x=18.00, y=-4.43, 0.75 m ahead on main path (remaining main path=31.21 m, trigger_error=102)
[bt_navigator-15] [INFO] [1790925676.116850032] [bt_navigator]: Begin navigating from current location (17.26, -4.39) to (18.00, -4.43)
[INFO] [1790925676.130386379] [mapex_explorer]: Subgoal goal accepted
[controller_server-10] [INFO] [1790925676.137486549] [controller_server]: Received a goal, begin computing control effort.
[controller_server-10] [INFO] [1790925677.204329722] [controller_server]: Passing new path to controller.
[controller_server-10] [INFO] [1790925677.473960133] [controller_server]: Reached the goal!
[controller_server-10] [INFO] [1790925677.474260824] [controller_server]: Optimizer reset
[bt_navigator-15] [INFO] [1790925677.497098258] [bt_navigator]: Goal succeeded
[INFO] [1790925677.498696534] [mapex_explorer]: Recovery subgoal reached; retrying the same main frontier.
[bt_navigator-15] [INFO] [1790925677.499631142] [bt_navigator]: Begin navigating from current location (17.61, -4.41) to (23.09, -7.91)
[INFO] [1790925677.503506267] [mapex_explorer]: Main goal accepted
[controller_server-10] [INFO] [1790925677.520510956] [controller_server]: Received a goal, begin computing control effort.
[INFO] [1790925677.532601043] [mapex_explorer]: Main /plan diagnostic: poses=615, endpoint=(23.09, -7.91), frontier=(23.09, -7.91), endpoint_to_frontier=0.000 m, limit=0.10 m -> usable
[controller_server-10] [ERROR] [1790925678.088392046] [controller_server]: Exception in transformPose: Lookup would require extrapolation into the future.  Requested time 1991.560000 but the latest data is at time 1991.500000, when looking up transform from frame [map] to frame [odom]
[controller_server-10] [ERROR] [1790925678.088453169] [controller_server]: Unable to transform goal pose into costmap frame
[controller_server-10] [INFO] [1790925678.088652500] [controller_server]: Optimizer reset
[controller_server-10] [WARN] [1790925678.088666050] [controller_server]: [follow_path] [ActionServer] Aborting handle.
[behavior_server-14] [INFO] [1790925678.100168963] [behavior_server]: Running wait
[behavior_server-14] [INFO] [1790925678.400345302] [behavior_server]: wait completed successfully
[controller_server-10] [INFO] [1790925678.450994646] [controller_server]: Received a goal, begin computing control effort.
[INFO] [1790925678.472601142] [mapex_explorer]: Main /plan diagnostic: poses=609, endpoint=(23.09, -7.91), frontier=(23.09, -7.91), endpoint_to_frontier=0.000 m, limit=0.10 m -> usable
[INFO] [1790925679.504764410] [mapex_explorer]: Main /plan diagnostic: poses=601, endpoint=(23.09, -7.91), frontier=(23.09, -7.91), endpoint_to_frontier=0.000 m, limit=0.10 m -> usable
[controller_server-10] [INFO] [1790925679.517903554] [controller_server]: Passing new path to controller.
[controller_server-10] [ERROR] [1790925680.085420380] [controller_server]: Exception in transformPose: Lookup would require extrapolation into the future.  Requested time 1993.540000 but the latest data is at time 1993.500000, when looking up transform from frame [map] to frame [odom]
[controller_server-10] [ERROR] [1790925680.085548831] [controller_server]: Unable to transform goal pose into costmap frame
[controller_server-10] [INFO] [1790925680.086216074] [controller_server]: Optimizer reset
[controller_server-10] [WARN] [1790925680.086254230] [controller_server]: [follow_path] [ActionServer] Aborting handle.
[bt_navigator-15] [WARN] [1790925680.109771545] [bt_navigator]: [navigate_to_pose] [ActionServer] Aborting handle.
[bt_navigator-15] [ERROR] [1790925680.109867652] [bt_navigator]: Goal failed
[WARN] [1790925680.111907609] [mapex_explorer]: Main goal failed (status=6, error_code=102)
[WARN] [1790925680.114080791] [mapex_explorer]: Path-guided recovery #3: temporary subgoal x=19.30, y=-4.40, 0.75 m ahead on main path (remaining main path=29.91 m, trigger_error=102)
[bt_navigator-15] [INFO] [1790925680.114911298] [bt_navigator]: Begin navigating from current location (18.66, -4.42) to (19.30, -4.40)
[INFO] [1790925680.117561247] [mapex_explorer]: Subgoal goal accepted
[controller_server-10] [INFO] [1790925680.135755325] [controller_server]: Received a goal, begin computing control effort.
[async_slam_toolbox_node-9] W20261002 14:21:20.167865 26986 preprocessor.cc:67] Specified options.num_threads: 50 exceeds maximum available from the threading model Ceres was compiled with: 16.  Bounding to maximum number available.
[async_slam_toolbox_node-9] [INFO] [1790925680.207339862] [slam_toolbox]: Adaptive anchor summary: latest_node=5049, local_edges=5156, loop_history=0, avg_effective_weight=1.056, release_regions=0
[controller_server-10] [INFO] [1790925680.938468578] [controller_server]: Reached the goal!
[controller_server-10] [INFO] [1790925680.938712616] [controller_server]: Optimizer reset
[bt_navigator-15] [INFO] [1790925680.965138061] [bt_navigator]: Goal succeeded
[INFO] [1790925680.967921196] [mapex_explorer]: Recovery subgoal reached; retrying the same main frontier.
[bt_navigator-15] [INFO] [1790925680.968988987] [bt_navigator]: Begin navigating from current location (18.92, -4.41) to (23.09, -7.91)
[INFO] [1790925680.975022116] [mapex_explorer]: Main goal accepted
[controller_server-10] [INFO] [1790925680.989993027] [controller_server]: Received a goal, begin computing control effort.
[INFO] [1790925680.992801455] [mapex_explorer]: Main /plan diagnostic: poses=589, endpoint=(23.09, -7.91), frontier=(23.09, -7.91), endpoint_to_frontier=0.000 m, limit=0.10 m -> usable
[controller_server-10] [INFO] [1790925681.276693839] [local_costmap.local_costmap]: StaticLayer: Resizing static layer to 561 X 252 at 0.100000 m/pix
[planner_server-12] [INFO] [1790925681.293024845] [global_costmap.global_costmap]: StaticLayer: Resizing costmap to 561 X 252 at 0.100000 m/pix
[INFO] [1790925682.038966580] [mapex_explorer]: Main /plan diagnostic: poses=583, endpoint=(23.09, -7.91), frontier=(23.09, -7.91), endpoint_to_frontier=0.000 m, limit=0.10 m -> usable
[controller_server-10] [INFO] [1790925682.056804567] [controller_server]: Passing new path to controller.
[INFO] [1790925683.049035284] [mapex_explorer]: Main /plan diagnostic: poses=573, endpoint=(23.09, -7.91), frontier=(23.09, -7.91), endpoint_to_frontier=0.000 m, limit=0.10 m -> usable
[controller_server-10] [INFO] [1790925683.056885451] [controller_server]: Passing new path to controller.
[INFO] [1790925684.094195950] [mapex_explorer]: Main /plan diagnostic: poses=561, endpoint=(23.09, -7.91), frontier=(23.09, -7.91), endpoint_to_frontier=0.000 m, limit=0.10 m -> usable
[controller_server-10] [INFO] [1790925684.123475823] [controller_server]: Passing new path to controller.
[INFO] [1790925685.107008646] [mapex_explorer]: Main /plan diagnostic: poses=551, endpoint=(23.09, -7.91), frontier=(23.09, -7.91), endpoint_to_frontier=0.000 m, limit=0.10 m -> usable
[controller_server-10] [INFO] [1790925685.123496146] [controller_server]: Passing new path to controller.
[INFO] [1790925686.138872077] [mapex_explorer]: Main /plan diagnostic: poses=541, endpoint=(23.09, -7.91), frontier=(23.09, -7.91), endpoint_to_frontier=0.000 m, limit=0.10 m -> usable
[controller_server-10] [INFO] [1790925686.190149635] [controller_server]: Passing new path to controller.
[INFO] [1790925687.161861850] [mapex_explorer]: Main /plan diagnostic: poses=531, endpoint=(23.09, -7.91), frontier=(23.09, -7.91), endpoint_to_frontier=0.000 m, limit=0.10 m -> usable
[controller_server-10] [INFO] [1790925687.190141511] [controller_server]: Passing new path to controller.
[controller_server-10] [INFO] [1790925688.190185206] [controller_server]: Passing new path to controller.
[INFO] [1790925688.219142870] [mapex_explorer]: Main /plan diagnostic: poses=521, endpoint=(23.09, -7.91), frontier=(23.09, -7.91), endpoint_to_frontier=0.000 m, limit=0.10 m -> usable
[async_slam_toolbox_node-9] W20261002 14:21:28.748296 26986 preprocessor.cc:67] Specified options.num_threads: 50 exceeds maximum available from the threading model Ceres was compiled with: 16.  Bounding to maximum number available.
[INFO] [1790925689.223493879] [mapex_explorer]: Main /plan diagnostic: poses=513, endpoint=(23.09, -7.91), frontier=(23.09, -7.91), endpoint_to_frontier=0.000 m, limit=0.10 m -> usable
[controller_server-10] [WARN] [1790925689.225761378] [controller_server]: Control loop missed its desired rate of 15.0000 Hz. Current loop rate is 9.8039 Hz.
[controller_server-10] [INFO] [1790925689.225788449] [controller_server]: Passing new path to controller.
[controller_server-10] [INFO] [1790925689.276680505] [local_costmap.local_costmap]: StaticLayer: Resizing static layer to 561 X 252 at 0.100000 m/pix
[planner_server-12] [INFO] [1790925689.293030995] [global_costmap.global_costmap]: StaticLayer: Resizing costmap to 561 X 252 at 0.100000 m/pix
[INFO] [1790925690.259996934] [mapex_explorer]: Main /plan diagnostic: poses=501, endpoint=(23.09, -7.91), frontier=(23.09, -7.91), endpoint_to_frontier=0.000 m, limit=0.10 m -> usable
[controller_server-10] [INFO] [1790925690.292527139] [controller_server]: Passing new path to controller.
[controller_server-10] [ERROR] [1790925691.060506637] [controller_server]: Exception in transformPose: Lookup would require extrapolation into the future.  Requested time 2004.440000 but the latest data is at time 2004.400000, when looking up transform from frame [map] to frame [odom]
[controller_server-10] [ERROR] [1790925691.060621819] [controller_server]: Unable to transform goal pose into costmap frame
[controller_server-10] [INFO] [1790925691.061006857] [controller_server]: Optimizer reset
[controller_server-10] [WARN] [1790925691.061028619] [controller_server]: [follow_path] [ActionServer] Aborting handle.
[behavior_server-14] [INFO] [1790925691.079488266] [behavior_server]: Running wait
[behavior_server-14] [INFO] [1790925691.379735940] [behavior_server]: wait completed successfully
[controller_server-10] [INFO] [1790925691.420149943] [controller_server]: Received a goal, begin computing control effort.
[INFO] [1790925691.441714500] [mapex_explorer]: Main /plan diagnostic: poses=489, endpoint=(23.09, -7.91), frontier=(23.09, -7.91), endpoint_to_frontier=0.000 m, limit=0.10 m -> usable
[async_slam_toolbox_node-9] W20261002 14:21:31.450364 26986 preprocessor.cc:67] Specified options.num_threads: 50 exceeds maximum available from the threading model Ceres was compiled with: 16.  Bounding to maximum number available.
[controller_server-10] [INFO] [1790925692.076694129] [local_costmap.local_costmap]: StaticLayer: Resizing static layer to 561 X 252 at 0.100000 m/pix
[planner_server-12] [INFO] [1790925692.293056207] [global_costmap.global_costmap]: StaticLayer: Resizing costmap to 561 X 252 at 0.100000 m/pix
[INFO] [1790925692.450746992] [mapex_explorer]: Main /plan diagnostic: poses=481, endpoint=(23.09, -7.91), frontier=(23.09, -7.91), endpoint_to_frontier=0.000 m, limit=0.10 m -> usable
[controller_server-10] [INFO] [1790925692.487281461] [controller_server]: Passing new path to controller.
[INFO] [1790925693.481322242] [mapex_explorer]: Main /plan diagnostic: poses=474, endpoint=(23.09, -7.91), frontier=(23.09, -7.91), endpoint_to_frontier=0.000 m, limit=0.10 m -> usable
[controller_server-10] [INFO] [1790925693.487276357] [controller_server]: Passing new path to controller.
[INFO] [1790925694.524230321] [mapex_explorer]: Main /plan diagnostic: poses=461, endpoint=(23.09, -7.91), frontier=(23.09, -7.91), endpoint_to_frontier=0.000 m, limit=0.10 m -> usable
[controller_server-10] [INFO] [1790925694.553953350] [controller_server]: Passing new path to controller.
[async_slam_toolbox_node-9] W20261002 14:21:35.108206 26986 preprocessor.cc:67] Specified options.num_threads: 50 exceeds maximum available from the threading model Ceres was compiled with: 16.  Bounding to maximum number available.
[async_slam_toolbox_node-9] [INFO] [1790925695.146981244] [slam_toolbox]: Adaptive anchor summary: latest_node=5100, local_edges=5207, loop_history=0, avg_effective_weight=1.056, release_regions=0
[controller_server-10] [ERROR] [1790925695.188449319] [controller_server]: Exception in transformPose: Lookup would require extrapolation into the future.  Requested time 2008.540000 but the latest data is at time 2008.500000, when looking up transform from frame [map] to frame [odom]
[controller_server-10] [ERROR] [1790925695.188568257] [controller_server]: Unable to transform goal pose into costmap frame
[controller_server-10] [INFO] [1790925695.188942812] [controller_server]: Optimizer reset
[controller_server-10] [WARN] [1790925695.188966190] [controller_server]: [follow_path] [ActionServer] Aborting handle.
[bt_navigator-15] [WARN] [1790925695.209121568] [bt_navigator]: [navigate_to_pose] [ActionServer] Aborting handle.
[bt_navigator-15] [ERROR] [1790925695.209217098] [bt_navigator]: Goal failed
[WARN] [1790925695.211198164] [mapex_explorer]: Main goal failed (status=6, error_code=102)
[WARN] [1790925695.211896761] [mapex_explorer]: Path-guided recovery #4: temporary subgoal x=26.39, y=-4.47, 0.70 m ahead on main path (remaining main path=22.76 m, trigger_error=102)
[bt_navigator-15] [INFO] [1790925695.212501555] [bt_navigator]: Begin navigating from current location (25.68, -4.46) to (26.39, -4.47)
[INFO] [1790925695.216297671] [mapex_explorer]: Subgoal goal accepted
[controller_server-10] [INFO] [1790925695.233344815] [controller_server]: Received a goal, begin computing control effort.
[controller_server-10] [INFO] [1790925696.076705437] [local_costmap.local_costmap]: StaticLayer: Resizing static layer to 561 X 252 at 0.100000 m/pix
[planner_server-12] [INFO] [1790925696.293027850] [global_costmap.global_costmap]: StaticLayer: Resizing costmap to 561 X 252 at 0.100000 m/pix
[controller_server-10] [INFO] [1790925696.300162784] [controller_server]: Passing new path to controller.
[controller_server-10] [INFO] [1790925696.367922915] [controller_server]: Reached the goal!
[controller_server-10] [INFO] [1790925696.368148286] [controller_server]: Optimizer reset
[bt_navigator-15] [INFO] [1790925696.392702947] [bt_navigator]: Goal succeeded
[INFO] [1790925696.419948390] [mapex_explorer]: Recovery subgoal reached; retrying the same main frontier.
[bt_navigator-15] [INFO] [1790925696.421034908] [bt_navigator]: Begin navigating from current location (26.02, -4.47) to (23.09, -7.91)
[INFO] [1790925696.423019345] [mapex_explorer]: Main goal accepted
[INFO] [1790925696.432232096] [mapex_explorer]: Main /plan diagnostic: poses=450, endpoint=(23.09, -7.91), frontier=(23.09, -7.91), endpoint_to_frontier=0.000 m, limit=0.10 m -> usable
[controller_server-10] [INFO] [1790925696.442491760] [controller_server]: Received a goal, begin computing control effort.
[INFO] [1790925697.508888619] [mapex_explorer]: Main /plan diagnostic: poses=441, endpoint=(23.09, -7.91), frontier=(23.09, -7.91), endpoint_to_frontier=0.000 m, limit=0.10 m -> usable
[controller_server-10] [INFO] [1790925697.509341527] [controller_server]: Passing new path to controller.
[controller_server-10] [ERROR] [1790925698.087484563] [controller_server]: Exception in transformPose: Lookup would require extrapolation into the future.  Requested time 2011.420000 but the latest data is at time 2011.400000, when looking up transform from frame [map] to frame [odom]
[controller_server-10] [ERROR] [1790925698.087667673] [controller_server]: Unable to transform goal pose into costmap frame
[controller_server-10] [INFO] [1790925698.087986465] [controller_server]: Optimizer reset
[controller_server-10] [WARN] [1790925698.088023959] [controller_server]: [follow_path] [ActionServer] Aborting handle.
[behavior_server-14] [INFO] [1790925698.101765210] [behavior_server]: Running wait
[behavior_server-14] [INFO] [1790925698.401905098] [behavior_server]: wait completed successfully
[controller_server-10] [INFO] [1790925698.442125795] [controller_server]: Received a goal, begin computing control effort.
[INFO] [1790925698.447635761] [mapex_explorer]: Main /plan diagnostic: poses=434, endpoint=(23.09, -7.91), frontier=(23.09, -7.91), endpoint_to_frontier=0.000 m, limit=0.10 m -> usable
[INFO] [1790925699.487431553] [mapex_explorer]: Main /plan diagnostic: poses=426, endpoint=(23.09, -7.91), frontier=(23.09, -7.91), endpoint_to_frontier=0.000 m, limit=0.10 m -> usable
[controller_server-10] [INFO] [1790925699.508984991] [controller_server]: Passing new path to controller.
[controller_server-10] [ERROR] [1790925700.076625881] [controller_server]: Exception in transformPose: Lookup would require extrapolation into the future.  Requested time 2013.420000 but the latest data is at time 2013.400000, when looking up transform from frame [map] to frame [odom]
[controller_server-10] [ERROR] [1790925700.076707310] [controller_server]: Unable to transform goal pose into costmap frame
[controller_server-10] [INFO] [1790925700.076977566] [controller_server]: Optimizer reset
[controller_server-10] [WARN] [1790925700.076993756] [controller_server]: [follow_path] [ActionServer] Aborting handle.
[bt_navigator-15] [WARN] [1790925700.101231317] [bt_navigator]: [navigate_to_pose] [ActionServer] Aborting handle.
[bt_navigator-15] [ERROR] [1790925700.101334861] [bt_navigator]: Goal failed
[WARN] [1790925700.105988210] [mapex_explorer]: Main goal failed (status=6, error_code=102)
[WARN] [1790925700.106809710] [mapex_explorer]: Path-guided recovery #5: temporary subgoal x=28.28, y=-4.49, 0.70 m ahead on main path (remaining main path=20.97 m, trigger_error=102)
[bt_navigator-15] [INFO] [1790925700.107755608] [bt_navigator]: Begin navigating from current location (27.58, -4.47) to (28.28, -4.49)
[INFO] [1790925700.112803161] [mapex_explorer]: Subgoal goal accepted
[controller_server-10] [INFO] [1790925700.128227483] [controller_server]: Received a goal, begin computing control effort.
[controller_server-10] [INFO] [1790925701.195024841] [controller_server]: Passing new path to controller.
[controller_server-10] [INFO] [1790925701.264089337] [controller_server]: Reached the goal!
[controller_server-10] [INFO] [1790925701.264319441] [controller_server]: Optimizer reset
[bt_navigator-15] [INFO] [1790925701.287990803] [bt_navigator]: Goal succeeded
[INFO] [1790925701.291952129] [mapex_explorer]: Recovery subgoal reached; retrying the same main frontier.
[bt_navigator-15] [INFO] [1790925701.293091779] [bt_navigator]: Begin navigating from current location (27.90, -4.48) to (23.09, -7.91)
[controller_server-10] [INFO] [1790925701.313849747] [controller_server]: Received a goal, begin computing control effort.
[INFO] [1790925701.416680197] [mapex_explorer]: Main goal accepted
[INFO] [1790925701.417360698] [mapex_explorer]: Main /plan diagnostic: poses=409, endpoint=(23.09, -7.91), frontier=(23.09, -7.91), endpoint_to_frontier=0.000 m, limit=0.10 m -> usable
[INFO] [1790925702.337815958] [mapex_explorer]: Main /plan diagnostic: poses=407, endpoint=(23.09, -7.91), frontier=(23.09, -7.91), endpoint_to_frontier=0.000 m, limit=0.10 m -> usable
[controller_server-10] [INFO] [1790925702.380701065] [controller_server]: Passing new path to controller.
[controller_server-10] [ERROR] [1790925703.081548860] [controller_server]: Exception in transformPose: Lookup would require extrapolation into the future.  Requested time 2016.420000 but the latest data is at time 2016.400000, when looking up transform from frame [map] to frame [odom]
[controller_server-10] [ERROR] [1790925703.081611952] [controller_server]: Unable to transform goal pose into costmap frame
[controller_server-10] [INFO] [1790925703.081816479] [controller_server]: Optimizer reset
[controller_server-10] [WARN] [1790925703.081839678] [controller_server]: [follow_path] [ActionServer] Aborting handle.
[behavior_server-14] [INFO] [1790925703.093697772] [behavior_server]: Running wait
[async_slam_toolbox_node-9] W20261002 14:21:43.132329 26986 preprocessor.cc:67] Specified options.num_threads: 50 exceeds maximum available from the threading model Ceres was compiled with: 16.  Bounding to maximum number available.
[behavior_server-14] [INFO] [1790925703.393888351] [behavior_server]: wait completed successfully
[controller_server-10] [INFO] [1790925703.433997287] [controller_server]: Received a goal, begin computing control effort.
[INFO] [1790925703.478042018] [mapex_explorer]: Main /plan diagnostic: poses=394, endpoint=(23.09, -7.91), frontier=(23.09, -7.91), endpoint_to_frontier=0.000 m, limit=0.10 m -> usable
[controller_server-10] [INFO] [1790925704.076691493] [local_costmap.local_costmap]: StaticLayer: Resizing static layer to 561 X 252 at 0.100000 m/pix
[planner_server-12] [INFO] [1790925704.293312723] [global_costmap.global_costmap]: StaticLayer: Resizing costmap to 561 X 252 at 0.100000 m/pix
[INFO] [1790925704.494911396] [mapex_explorer]: Main /plan diagnostic: poses=386, endpoint=(23.09, -7.91), frontier=(23.09, -7.91), endpoint_to_frontier=0.000 m, limit=0.10 m -> usable
[controller_server-10] [INFO] [1790925704.500828592] [controller_server]: Passing new path to controller.
[controller_server-10] [WARN] [1790925705.106071976] [controller_server]: Control loop missed its desired rate of 15.0000 Hz. Current loop rate is 14.0845 Hz.
[controller_server-10] [INFO] [1790925705.506177990] [controller_server]: Passing new path to controller.
[INFO] [1790925705.573337828] [mapex_explorer]: Main /plan diagnostic: poses=376, endpoint=(23.09, -7.91), frontier=(23.09, -7.91), endpoint_to_frontier=0.000 m, limit=0.10 m -> usable
[INFO] [1790925706.526750569] [mapex_explorer]: Main /plan diagnostic: poses=366, endpoint=(23.09, -7.91), frontier=(23.09, -7.91), endpoint_to_frontier=0.000 m, limit=0.10 m -> usable
[controller_server-10] [INFO] [1790925706.572882328] [controller_server]: Passing new path to controller.
[controller_server-10] [WARN] [1790925707.122655092] [controller_server]: Control loop missed its desired rate of 15.0000 Hz. Current loop rate is 12.0482 Hz.
[async_slam_toolbox_node-9] W20261002 14:21:47.194659 26986 preprocessor.cc:67] Specified options.num_threads: 50 exceeds maximum available from the threading model Ceres was compiled with: 16.  Bounding to maximum number available.
[INFO] [1790925707.550508282] [mapex_explorer]: Main /plan diagnostic: poses=355, endpoint=(23.09, -7.91), frontier=(23.09, -7.91), endpoint_to_frontier=0.000 m, limit=0.10 m -> usable
[controller_server-10] [INFO] [1790925707.589475480] [controller_server]: Passing new path to controller.
[controller_server-10] [INFO] [1790925708.076682892] [local_costmap.local_costmap]: StaticLayer: Resizing static layer to 561 X 252 at 0.100000 m/pix
[controller_server-10] [WARN] [1790925708.081535912] [controller_server]: Control loop missed its desired rate of 15.0000 Hz. Current loop rate is 10.8696 Hz.
[planner_server-12] [INFO] [1790925708.293018618] [global_costmap.global_costmap]: StaticLayer: Resizing costmap to 561 X 252 at 0.100000 m/pix
[INFO] [1790925708.552686758] [mapex_explorer]: Main /plan diagnostic: poses=345, endpoint=(23.09, -7.91), frontier=(23.09, -7.91), endpoint_to_frontier=0.000 m, limit=0.10 m -> usable
[controller_server-10] [INFO] [1790925708.614961876] [controller_server]: Passing new path to controller.
[controller_server-10] [WARN] [1790925709.097012758] [controller_server]: Control loop missed its desired rate of 15.0000 Hz. Current loop rate is 12.1951 Hz.
[INFO] [1790925709.579058638] [mapex_explorer]: Main /plan diagnostic: poses=335, endpoint=(23.09, -7.91), frontier=(23.09, -7.91), endpoint_to_frontier=0.000 m, limit=0.10 m -> usable
[controller_server-10] [INFO] [1790925709.630444226] [controller_server]: Passing new path to controller.
[INFO] [1790925710.604097284] [mapex_explorer]: Main /plan diagnostic: poses=324, endpoint=(23.09, -7.91), frontier=(23.09, -7.91), endpoint_to_frontier=0.000 m, limit=0.10 m -> usable
[controller_server-10] [INFO] [1790925710.630443422] [controller_server]: Passing new path to controller.
[controller_server-10] [WARN] [1790925711.102647507] [controller_server]: Control loop missed its desired rate of 15.0000 Hz. Current loop rate is 13.8889 Hz.
[async_slam_toolbox_node-9] W20261002 14:21:51.218654 26986 preprocessor.cc:67] Specified options.num_threads: 50 exceeds maximum available from the threading model Ceres was compiled with: 16.  Bounding to maximum number available.
[controller_server-10] [INFO] [1790925711.636081194] [controller_server]: Passing new path to controller.
[INFO] [1790925711.673234600] [mapex_explorer]: Main /plan diagnostic: poses=314, endpoint=(23.09, -7.91), frontier=(23.09, -7.91), endpoint_to_frontier=0.000 m, limit=0.10 m -> usable
[controller_server-10] [INFO] [1790925712.077942597] [local_costmap.local_costmap]: StaticLayer: Resizing static layer to 561 X 252 at 0.100000 m/pix
[planner_server-12] [INFO] [1790925712.293021591] [global_costmap.global_costmap]: StaticLayer: Resizing costmap to 561 X 252 at 0.100000 m/pix
[INFO] [1790925712.657043597] [mapex_explorer]: Main /plan diagnostic: poses=305, endpoint=(23.09, -7.91), frontier=(23.09, -7.91), endpoint_to_frontier=0.000 m, limit=0.10 m -> usable
[controller_server-10] [INFO] [1790925712.702751204] [controller_server]: Passing new path to controller.
[controller_server-10] [WARN] [1790925713.118085895] [controller_server]: Control loop missed its desired rate of 15.0000 Hz. Current loop rate is 12.1951 Hz.
[INFO] [1790925713.710890494] [mapex_explorer]: Main /plan diagnostic: poses=295, endpoint=(23.09, -7.91), frontier=(23.09, -7.91), endpoint_to_frontier=0.000 m, limit=0.10 m -> usable
[controller_server-10] [INFO] [1790925713.718206812] [controller_server]: Passing new path to controller.
[INFO] [1790925714.780521778] [mapex_explorer]: Main /plan diagnostic: poses=284, endpoint=(23.09, -7.91), frontier=(23.09, -7.91), endpoint_to_frontier=0.000 m, limit=0.10 m -> usable
[controller_server-10] [INFO] [1790925714.784889498] [controller_server]: Passing new path to controller.
[async_slam_toolbox_node-9] W20261002 14:21:55.095959 26986 preprocessor.cc:67] Specified options.num_threads: 50 exceeds maximum available from the threading model Ceres was compiled with: 16.  Bounding to maximum number available.
[async_slam_toolbox_node-9] [INFO] [1790925715.127251440] [slam_toolbox]: Adaptive anchor summary: latest_node=5153, local_edges=5261, loop_history=0, avg_effective_weight=1.055, release_regions=0
[INFO] [1790925715.760295604] [mapex_explorer]: Main /plan diagnostic: poses=272, endpoint=(23.09, -7.91), frontier=(23.09, -7.91), endpoint_to_frontier=0.000 m, limit=0.10 m -> usable
[controller_server-10] [INFO] [1790925715.785131042] [controller_server]: Passing new path to controller.
[controller_server-10] [WARN] [1790925716.124275352] [controller_server]: Control loop missed its desired rate of 15.0000 Hz. Current loop rate is 13.6986 Hz.
[controller_server-10] [INFO] [1790925716.276737568] [local_costmap.local_costmap]: StaticLayer: Resizing static layer to 561 X 252 at 0.100000 m/pix
[planner_server-12] [INFO] [1790925716.293084886] [global_costmap.global_costmap]: StaticLayer: Resizing costmap to 561 X 252 at 0.100000 m/pix
[INFO] [1790925716.771065869] [mapex_explorer]: Main /plan diagnostic: poses=264, endpoint=(23.09, -7.91), frontier=(23.09, -7.91), endpoint_to_frontier=0.000 m, limit=0.10 m -> usable
[controller_server-10] [INFO] [1790925716.791093571] [controller_server]: Passing new path to controller.
[INFO] [1790925717.792133237] [mapex_explorer]: Main /plan diagnostic: poses=254, endpoint=(23.09, -7.91), frontier=(23.09, -7.91), endpoint_to_frontier=0.000 m, limit=0.10 m -> usable
[controller_server-10] [INFO] [1790925717.857696622] [controller_server]: Passing new path to controller.
[async_slam_toolbox_node-9] W20261002 14:21:58.441171 26986 preprocessor.cc:67] Specified options.num_threads: 50 exceeds maximum available from the threading model Ceres was compiled with: 16.  Bounding to maximum number available.
[INFO] [1790925718.813154959] [mapex_explorer]: Main /plan diagnostic: poses=243, endpoint=(23.09, -7.91), frontier=(23.09, -7.91), endpoint_to_frontier=0.000 m, limit=0.10 m -> usable
[controller_server-10] [INFO] [1790925718.857691875] [controller_server]: Passing new path to controller.
[controller_server-10] [INFO] [1790925719.076703221] [local_costmap.local_costmap]: StaticLayer: Resizing static layer to 561 X 252 at 0.100000 m/pix
[planner_server-12] [INFO] [1790925719.293118454] [global_costmap.global_costmap]: StaticLayer: Resizing costmap to 561 X 252 at 0.100000 m/pix
[INFO] [1790925719.845594783] [mapex_explorer]: Main /plan diagnostic: poses=233, endpoint=(23.09, -7.91), frontier=(23.09, -7.91), endpoint_to_frontier=0.000 m, limit=0.10 m -> usable
[controller_server-10] [INFO] [1790925719.857725900] [controller_server]: Passing new path to controller.
[INFO] [1790925720.883956642] [mapex_explorer]: Main /plan diagnostic: poses=223, endpoint=(23.09, -7.91), frontier=(23.09, -7.91), endpoint_to_frontier=0.000 m, limit=0.10 m -> usable
[controller_server-10] [INFO] [1790925720.924392428] [controller_server]: Passing new path to controller.
[INFO] [1790925721.908736661] [mapex_explorer]: Main /plan diagnostic: poses=211, endpoint=(23.09, -7.91), frontier=(23.09, -7.91), endpoint_to_frontier=0.000 m, limit=0.10 m -> usable
[controller_server-10] [INFO] [1790925721.924366671] [controller_server]: Passing new path to controller.
[async_slam_toolbox_node-9] W20261002 14:22:02.110067 26986 preprocessor.cc:67] Specified options.num_threads: 50 exceeds maximum available from the threading model Ceres was compiled with: 16.  Bounding to maximum number available.
[controller_server-10] [ERROR] [1790925722.158757930] [controller_server]: Exception in transformPose: Lookup would require extrapolation into the future.  Requested time 2035.420000 but the latest data is at time 2035.400000, when looking up transform from frame [map] to frame [odom]
[controller_server-10] [ERROR] [1790925722.158846156] [controller_server]: Unable to transform goal pose into costmap frame
[controller_server-10] [INFO] [1790925722.159168677] [controller_server]: Optimizer reset
[controller_server-10] [WARN] [1790925722.159192194] [controller_server]: [follow_path] [ActionServer] Aborting handle.
[bt_navigator-15] [WARN] [1790925722.183294451] [bt_navigator]: [navigate_to_pose] [ActionServer] Aborting handle.
[bt_navigator-15] [ERROR] [1790925722.183453923] [bt_navigator]: Goal failed
[WARN] [1790925722.185746263] [mapex_explorer]: Main goal failed (status=6, error_code=102)
[WARN] [1790925722.186344645] [mapex_explorer]: Path-guided recovery #6: temporary subgoal x=32.42, y=-7.48, 0.72 m ahead on main path (remaining main path=10.63 m, trigger_error=102)
[bt_navigator-15] [INFO] [1790925722.186985264] [bt_navigator]: Begin navigating from current location (33.11, -7.47) to (32.42, -7.48)
[INFO] [1790925722.196088078] [mapex_explorer]: Subgoal goal accepted
[controller_server-10] [INFO] [1790925722.207437557] [controller_server]: Received a goal, begin computing control effort.
[controller_server-10] [INFO] [1790925722.875595245] [controller_server]: Reached the goal!
[controller_server-10] [INFO] [1790925722.875723172] [controller_server]: Optimizer reset
[bt_navigator-15] [INFO] [1790925722.897172958] [bt_navigator]: Goal succeeded
[INFO] [1790925722.899538457] [mapex_explorer]: Recovery subgoal reached; retrying the same main frontier.
[bt_navigator-15] [INFO] [1790925722.900249781] [bt_navigator]: Begin navigating from current location (32.82, -7.47) to (23.09, -7.91)
[INFO] [1790925722.908494740] [mapex_explorer]: Main /plan diagnostic: poses=205, endpoint=(23.09, -7.91), frontier=(23.09, -7.91), endpoint_to_frontier=0.000 m, limit=0.10 m -> usable
[INFO] [1790925722.908788334] [mapex_explorer]: Main goal accepted
[controller_server-10] [INFO] [1790925722.920753279] [controller_server]: Received a goal, begin computing control effort.
[controller_server-10] [INFO] [1790925723.276702579] [local_costmap.local_costmap]: StaticLayer: Resizing static layer to 561 X 252 at 0.100000 m/pix
[planner_server-12] [INFO] [1790925723.293055733] [global_costmap.global_costmap]: StaticLayer: Resizing costmap to 561 X 252 at 0.100000 m/pix
[controller_server-10] [INFO] [1790925723.987549245] [controller_server]: Passing new path to controller.
[INFO] [1790925723.997326007] [mapex_explorer]: Main /plan diagnostic: poses=197, endpoint=(23.09, -7.91), frontier=(23.09, -7.91), endpoint_to_frontier=0.000 m, limit=0.10 m -> usable
[controller_server-10] [ERROR] [1790925724.088490990] [controller_server]: Exception in transformPose: Lookup would require extrapolation into the future.  Requested time 2037.340000 but the latest data is at time 2037.300000, when looking up transform from frame [map] to frame [odom]
[controller_server-10] [ERROR] [1790925724.088558436] [controller_server]: Unable to transform goal pose into costmap frame
[controller_server-10] [INFO] [1790925724.088758019] [controller_server]: Optimizer reset
[controller_server-10] [WARN] [1790925724.088773008] [controller_server]: [follow_path] [ActionServer] Aborting handle.
[behavior_server-14] [INFO] [1790925724.100805838] [behavior_server]: Running wait
[behavior_server-14] [INFO] [1790925724.400973256] [behavior_server]: wait completed successfully
[INFO] [1790925724.425984724] [mapex_explorer]: Main /plan diagnostic: poses=193, endpoint=(23.09, -7.91), frontier=(23.09, -7.91), endpoint_to_frontier=0.000 m, limit=0.10 m -> usable
[controller_server-10] [INFO] [1790925724.441319169] [controller_server]: Received a goal, begin computing control effort.
[INFO] [1790925725.469940297] [mapex_explorer]: Main /plan diagnostic: poses=186, endpoint=(23.09, -7.91), frontier=(23.09, -7.91), endpoint_to_frontier=0.000 m, limit=0.10 m -> usable
[controller_server-10] [INFO] [1790925725.508233896] [controller_server]: Passing new path to controller.
[controller_server-10] [INFO] [1790925726.508233421] [controller_server]: Passing new path to controller.
[INFO] [1790925726.561764049] [mapex_explorer]: Main /plan diagnostic: poses=176, endpoint=(23.09, -7.91), frontier=(23.09, -7.91), endpoint_to_frontier=0.000 m, limit=0.10 m -> usable
[controller_server-10] [WARN] [1790925727.144378021] [controller_server]: Control loop missed its desired rate of 15.0000 Hz. Current loop rate is 10.0000 Hz.
[INFO] [1790925727.531804629] [mapex_explorer]: Main /plan diagnostic: poses=165, endpoint=(23.09, -7.91), frontier=(23.09, -7.91), endpoint_to_frontier=0.000 m, limit=0.10 m -> usable
[controller_server-10] [INFO] [1790925727.544502739] [controller_server]: Passing new path to controller.
[INFO] [1790925728.591195172] [mapex_explorer]: Main /plan diagnostic: poses=155, endpoint=(23.09, -7.91), frontier=(23.09, -7.91), endpoint_to_frontier=0.000 m, limit=0.10 m -> usable
[controller_server-10] [INFO] [1790925728.611145428] [controller_server]: Passing new path to controller.
[INFO] [1790925729.585363030] [mapex_explorer]: Main /plan diagnostic: poses=145, endpoint=(23.09, -7.91), frontier=(23.09, -7.91), endpoint_to_frontier=0.000 m, limit=0.10 m -> usable
[controller_server-10] [INFO] [1790925729.611153116] [controller_server]: Passing new path to controller.
[INFO] [1790925730.601652429] [mapex_explorer]: Main /plan diagnostic: poses=135, endpoint=(23.09, -7.91), frontier=(23.09, -7.91), endpoint_to_frontier=0.000 m, limit=0.10 m -> usable
[controller_server-10] [INFO] [1790925730.611245828] [controller_server]: Passing new path to controller.
[INFO] [1790925731.630411449] [mapex_explorer]: Main /plan diagnostic: poses=124, endpoint=(23.09, -7.91), frontier=(23.09, -7.91), endpoint_to_frontier=0.000 m, limit=0.10 m -> usable
[controller_server-10] [INFO] [1790925731.677818305] [controller_server]: Passing new path to controller.
[INFO] [1790925732.635168605] [mapex_explorer]: Main /plan diagnostic: poses=114, endpoint=(23.09, -7.91), frontier=(23.09, -7.91), endpoint_to_frontier=0.000 m, limit=0.10 m -> usable
[controller_server-10] [INFO] [1790925732.677810530] [controller_server]: Passing new path to controller.
[controller_server-10] [WARN] [1790925733.160837636] [controller_server]: Control loop missed its desired rate of 15.0000 Hz. Current loop rate is 12.8205 Hz.
[INFO] [1790925733.657253000] [mapex_explorer]: Main /plan diagnostic: poses=103, endpoint=(23.09, -7.91), frontier=(23.09, -7.91), endpoint_to_frontier=0.000 m, limit=0.10 m -> usable
[controller_server-10] [INFO] [1790925733.694279013] [controller_server]: Passing new path to controller.
[INFO] [1790925734.674706203] [mapex_explorer]: Main /plan diagnostic: poses=95, endpoint=(23.09, -7.91), frontier=(23.09, -7.91), endpoint_to_frontier=0.000 m, limit=0.10 m -> usable
[controller_server-10] [INFO] [1790925734.694297529] [controller_server]: Passing new path to controller.
[INFO] [1790925735.726174275] [mapex_explorer]: Main /plan diagnostic: poses=84, endpoint=(23.09, -7.91), frontier=(23.09, -7.91), endpoint_to_frontier=0.000 m, limit=0.10 m -> usable
[controller_server-10] [INFO] [1790925735.760944996] [controller_server]: Passing new path to controller.
[controller_server-10] [INFO] [1790925736.760937950] [controller_server]: Passing new path to controller.
[INFO] [1790925736.772274081] [mapex_explorer]: Main /plan diagnostic: poses=73, endpoint=(23.09, -7.91), frontier=(23.09, -7.91), endpoint_to_frontier=0.000 m, limit=0.10 m -> usable
[INFO] [1790925737.764789548] [mapex_explorer]: Main /plan diagnostic: poses=64, endpoint=(23.09, -7.91), frontier=(23.09, -7.91), endpoint_to_frontier=0.000 m, limit=0.10 m -> usable
[controller_server-10] [INFO] [1790925737.827634529] [controller_server]: Passing new path to controller.
[INFO] [1790925738.813420531] [mapex_explorer]: Main /plan diagnostic: poses=56, endpoint=(23.09, -7.91), frontier=(23.09, -7.91), endpoint_to_frontier=0.000 m, limit=0.10 m -> usable
[controller_server-10] [INFO] [1790925738.827633092] [controller_server]: Passing new path to controller.
[INFO] [1790925739.813605226] [mapex_explorer]: Main /plan diagnostic: poses=46, endpoint=(23.09, -7.91), frontier=(23.09, -7.91), endpoint_to_frontier=0.000 m, limit=0.10 m -> usable
[controller_server-10] [INFO] [1790925739.894286696] [controller_server]: Passing new path to controller.
[INFO] [1790925740.890523617] [mapex_explorer]: Main /plan diagnostic: poses=36, endpoint=(23.09, -7.91), frontier=(23.09, -7.91), endpoint_to_frontier=0.000 m, limit=0.10 m -> usable
[controller_server-10] [INFO] [1790925740.894280560] [controller_server]: Passing new path to controller.
[controller_server-10] [INFO] [1790925741.894295594] [controller_server]: Passing new path to controller.
[INFO] [1790925741.911987194] [mapex_explorer]: Main /plan diagnostic: poses=25, endpoint=(23.09, -7.91), frontier=(23.09, -7.91), endpoint_to_frontier=0.000 m, limit=0.10 m -> usable
[INFO] [1790925742.883816976] [mapex_explorer]: Main /plan diagnostic: poses=17, endpoint=(23.09, -7.91), frontier=(23.09, -7.91), endpoint_to_frontier=0.000 m, limit=0.10 m -> usable
[controller_server-10] [INFO] [1790925742.960950302] [controller_server]: Passing new path to controller.
[controller_server-10] [INFO] [1790925743.960939360] [controller_server]: Passing new path to controller.
[INFO] [1790925743.971783378] [mapex_explorer]: Main /plan diagnostic: poses=10, endpoint=(23.09, -7.91), frontier=(23.09, -7.91), endpoint_to_frontier=0.000 m, limit=0.10 m -> usable
[controller_server-10] [INFO] [1790925744.762996451] [controller_server]: Reached the goal!
[controller_server-10] [INFO] [1790925744.763146138] [controller_server]: Optimizer reset
[bt_navigator-15] [INFO] [1790925744.790437105] [bt_navigator]: Goal succeeded
[INFO] [1790925744.793640308] [mapex_explorer]: Goal reached
[INFO] [1790925750.800040699] [mapex_explorer]: MapEx decision 46: selected x=18.89, y=-11.01, IG=0.384624, distance=5.13 m, score=0.074954, region=332, candidates=2, near_fallback=False, compute=5.23 s
[bt_navigator-15] [INFO] [1790925750.801037485] [bt_navigator]: Begin navigating from current location (23.20, -8.24) to (18.89, -11.01)
[controller_server-10] [INFO] [1790925750.821747779] [controller_server]: Received a goal, begin computing control effort.
[INFO] [1790925751.082843716] [mapex_explorer]: Main goal accepted
[INFO] [1790925751.222501236] [mapex_explorer]: Main /plan diagnostic: poses=728, endpoint=(18.89, -11.01), frontier=(18.89, -11.01), endpoint_to_frontier=0.000 m, limit=0.10 m -> usable
[INFO] [1790925751.848298721] [mapex_explorer]: Main /plan diagnostic: poses=724, endpoint=(18.89, -11.01), frontier=(18.89, -11.01), endpoint_to_frontier=0.000 m, limit=0.10 m -> usable
[controller_server-10] [INFO] [1790925751.888552824] [controller_server]: Passing new path to controller.
[controller_server-10] [WARN] [1790925752.104405623] [controller_server]: Control loop missed its desired rate of 15.0000 Hz. Current loop rate is 12.0482 Hz.
[INFO] [1790925752.889360141] [mapex_explorer]: Main /plan diagnostic: poses=715, endpoint=(18.89, -11.01), frontier=(18.89, -11.01), endpoint_to_frontier=0.000 m, limit=0.10 m -> usable
[controller_server-10] [INFO] [1790925752.904538800] [controller_server]: Passing new path to controller.
[INFO] [1790925753.915652816] [mapex_explorer]: Main /plan diagnostic: poses=712, endpoint=(18.89, -11.01), frontier=(18.89, -11.01), endpoint_to_frontier=0.000 m, limit=0.10 m -> usable
[controller_server-10] [INFO] [1790925753.971174697] [controller_server]: Passing new path to controller.
[INFO] [1790925754.934321829] [mapex_explorer]: Main /plan diagnostic: poses=712, endpoint=(18.89, -11.01), frontier=(18.89, -11.01), endpoint_to_frontier=0.000 m, limit=0.10 m -> usable
[controller_server-10] [INFO] [1790925754.971173206] [controller_server]: Passing new path to controller.
[controller_server-10] [INFO] [1790925755.971171473] [controller_server]: Passing new path to controller.
[INFO] [1790925756.000687118] [mapex_explorer]: Main /plan diagnostic: poses=708, endpoint=(18.89, -11.01), frontier=(18.89, -11.01), endpoint_to_frontier=0.000 m, limit=0.10 m -> usable
[INFO] [1790925757.012689200] [mapex_explorer]: Main /plan diagnostic: poses=697, endpoint=(18.89, -11.01), frontier=(18.89, -11.01), endpoint_to_frontier=0.000 m, limit=0.10 m -> usable
[controller_server-10] [INFO] [1790925757.037839653] [controller_server]: Passing new path to controller.
[controller_server-10] [WARN] [1790925757.122164005] [controller_server]: Control loop missed its desired rate of 15.0000 Hz. Current loop rate is 11.9048 Hz.
[INFO] [1790925758.016614214] [mapex_explorer]: Main /plan diagnostic: poses=688, endpoint=(18.89, -11.01), frontier=(18.89, -11.01), endpoint_to_frontier=0.000 m, limit=0.10 m -> usable
[controller_server-10] [INFO] [1790925758.055612540] [controller_server]: Passing new path to controller.
[INFO] [1790925759.039229347] [mapex_explorer]: Main /plan diagnostic: poses=675, endpoint=(18.89, -11.01), frontier=(18.89, -11.01), endpoint_to_frontier=0.000 m, limit=0.10 m -> usable
[controller_server-10] [INFO] [1790925759.055614957] [controller_server]: Passing new path to controller.
[INFO] [1790925760.102851991] [mapex_explorer]: Main /plan diagnostic: poses=667, endpoint=(18.89, -11.01), frontier=(18.89, -11.01), endpoint_to_frontier=0.000 m, limit=0.10 m -> usable
[controller_server-10] [INFO] [1790925760.122287021] [controller_server]: Passing new path to controller.
[INFO] [1790925761.119301857] [mapex_explorer]: Main /plan diagnostic: poses=657, endpoint=(18.89, -11.01), frontier=(18.89, -11.01), endpoint_to_frontier=0.000 m, limit=0.10 m -> usable
[controller_server-10] [INFO] [1790925761.122310984] [controller_server]: Passing new path to controller.
[INFO] [1790925762.139254546] [mapex_explorer]: Main /plan diagnostic: poses=647, endpoint=(18.89, -11.01), frontier=(18.89, -11.01), endpoint_to_frontier=0.000 m, limit=0.10 m -> usable
[controller_server-10] [INFO] [1790925762.189116773] [controller_server]: Passing new path to controller.
[controller_server-10] [INFO] [1790925763.188959626] [controller_server]: Passing new path to controller.
[INFO] [1790925763.238705471] [mapex_explorer]: Main /plan diagnostic: poses=634, endpoint=(18.89, -11.01), frontier=(18.89, -11.01), endpoint_to_frontier=0.000 m, limit=0.10 m -> usable
[INFO] [1790925764.177403563] [mapex_explorer]: Main /plan diagnostic: poses=626, endpoint=(18.89, -11.01), frontier=(18.89, -11.01), endpoint_to_frontier=0.000 m, limit=0.10 m -> usable
[controller_server-10] [INFO] [1790925764.188946576] [controller_server]: Passing new path to controller.
[INFO] [1790925765.217033552] [mapex_explorer]: Main /plan diagnostic: poses=615, endpoint=(18.89, -11.01), frontier=(18.89, -11.01), endpoint_to_frontier=0.000 m, limit=0.10 m -> usable
[controller_server-10] [INFO] [1790925765.255635692] [controller_server]: Passing new path to controller.
[INFO] [1790925766.241519289] [mapex_explorer]: Main /plan diagnostic: poses=604, endpoint=(18.89, -11.01), frontier=(18.89, -11.01), endpoint_to_frontier=0.000 m, limit=0.10 m -> usable
[controller_server-10] [INFO] [1790925766.255629305] [controller_server]: Passing new path to controller.
[INFO] [1790925767.312785501] [mapex_explorer]: Main /plan diagnostic: poses=595, endpoint=(18.89, -11.01), frontier=(18.89, -11.01), endpoint_to_frontier=0.000 m, limit=0.10 m -> usable
[controller_server-10] [INFO] [1790925767.322296639] [controller_server]: Passing new path to controller.
[controller_server-10] [INFO] [1790925768.322282067] [controller_server]: Passing new path to controller.
[INFO] [1790925768.327583616] [mapex_explorer]: Main /plan diagnostic: poses=584, endpoint=(18.89, -11.01), frontier=(18.89, -11.01), endpoint_to_frontier=0.000 m, limit=0.10 m -> usable
[INFO] [1790925769.317293756] [mapex_explorer]: Main /plan diagnostic: poses=574, endpoint=(18.89, -11.01), frontier=(18.89, -11.01), endpoint_to_frontier=0.000 m, limit=0.10 m -> usable
[controller_server-10] [INFO] [1790925769.322278939] [controller_server]: Passing new path to controller.
[controller_server-10] [INFO] [1790925770.388944967] [controller_server]: Passing new path to controller.
[INFO] [1790925770.509783762] [mapex_explorer]: Main /plan diagnostic: poses=564, endpoint=(18.89, -11.01), frontier=(18.89, -11.01), endpoint_to_frontier=0.000 m, limit=0.10 m -> usable
[INFO] [1790925771.385588404] [mapex_explorer]: Main /plan diagnostic: poses=552, endpoint=(18.89, -11.01), frontier=(18.89, -11.01), endpoint_to_frontier=0.000 m, limit=0.10 m -> usable
[controller_server-10] [INFO] [1790925771.388950463] [controller_server]: Passing new path to controller.
[INFO] [1790925772.388107434] [mapex_explorer]: Main /plan diagnostic: poses=545, endpoint=(18.89, -11.01), frontier=(18.89, -11.01), endpoint_to_frontier=0.000 m, limit=0.10 m -> usable
[controller_server-10] [INFO] [1790925772.455616993] [controller_server]: Passing new path to controller.
[INFO] [1790925773.425824341] [mapex_explorer]: Main /plan diagnostic: poses=535, endpoint=(18.89, -11.01), frontier=(18.89, -11.01), endpoint_to_frontier=0.000 m, limit=0.10 m -> usable
[controller_server-10] [INFO] [1790925773.455628217] [controller_server]: Passing new path to controller.
[controller_server-10] [INFO] [1790925774.455613037] [controller_server]: Passing new path to controller.
[INFO] [1790925774.469359866] [mapex_explorer]: Main /plan diagnostic: poses=524, endpoint=(18.89, -11.01), frontier=(18.89, -11.01), endpoint_to_frontier=0.000 m, limit=0.10 m -> usable
[INFO] [1790925775.480904658] [mapex_explorer]: Main /plan diagnostic: poses=514, endpoint=(18.89, -11.01), frontier=(18.89, -11.01), endpoint_to_frontier=0.000 m, limit=0.10 m -> usable
[controller_server-10] [INFO] [1790925775.522288993] [controller_server]: Passing new path to controller.
[INFO] [1790925776.509040978] [mapex_explorer]: Main /plan diagnostic: poses=504, endpoint=(18.89, -11.01), frontier=(18.89, -11.01), endpoint_to_frontier=0.000 m, limit=0.10 m -> usable
[controller_server-10] [INFO] [1790925776.522309560] [controller_server]: Passing new path to controller.
[controller_server-10] [WARN] [1790925777.081447724] [controller_server]: Control loop missed its desired rate of 15.0000 Hz. Current loop rate is 10.7527 Hz.
[controller_server-10] [INFO] [1790925777.548241220] [controller_server]: Passing new path to controller.
[INFO] [1790925777.596556265] [mapex_explorer]: Main /plan diagnostic: poses=493, endpoint=(18.89, -11.01), frontier=(18.89, -11.01), endpoint_to_frontier=0.000 m, limit=0.10 m -> usable
[controller_server-10] [ERROR] [1790925778.049158310] [controller_server]: Exception in transformPose: Lookup would require extrapolation into the future.  Requested time 2090.820000 but the latest data is at time 2090.800000, when looking up transform from frame [map] to frame [odom]
[controller_server-10] [ERROR] [1790925778.049224170] [controller_server]: Unable to transform goal pose into costmap frame
[controller_server-10] [INFO] [1790925778.049463938] [controller_server]: Optimizer reset
[controller_server-10] [WARN] [1790925778.049476836] [controller_server]: [follow_path] [ActionServer] Aborting handle.
[behavior_server-14] [INFO] [1790925778.061460751] [behavior_server]: Running wait
[behavior_server-14] [INFO] [1790925778.361704413] [behavior_server]: wait completed successfully
[controller_server-10] [INFO] [1790925778.401626025] [controller_server]: Received a goal, begin computing control effort.
[INFO] [1790925778.484635520] [mapex_explorer]: Main /plan diagnostic: poses=485, endpoint=(18.89, -11.01), frontier=(18.89, -11.01), endpoint_to_frontier=0.000 m, limit=0.10 m -> usable
[controller_server-10] [INFO] [1790925779.468430057] [controller_server]: Passing new path to controller.
[INFO] [1790925779.577989900] [mapex_explorer]: Main /plan diagnostic: poses=478, endpoint=(18.89, -11.01), frontier=(18.89, -11.01), endpoint_to_frontier=0.000 m, limit=0.10 m -> usable
[async_slam_toolbox_node-9] W20261002 14:23:00.111675 26986 preprocessor.cc:67] Specified options.num_threads: 50 exceeds maximum available from the threading model Ceres was compiled with: 16.  Bounding to maximum number available.
[async_slam_toolbox_node-9] [INFO] [1790925780.147369981] [slam_toolbox]: Adaptive anchor summary: latest_node=5355, local_edges=5466, loop_history=0, avg_effective_weight=1.053, release_regions=0
[INFO] [1790925780.454592860] [mapex_explorer]: Main /plan diagnostic: poses=467, endpoint=(18.89, -11.01), frontier=(18.89, -11.01), endpoint_to_frontier=0.000 m, limit=0.10 m -> usable
[controller_server-10] [INFO] [1790925780.468431290] [controller_server]: Passing new path to controller.
[controller_server-10] [WARN] [1790925781.160765579] [controller_server]: Control loop missed its desired rate of 15.0000 Hz. Current loop rate is 10.8696 Hz.
[controller_server-10] [INFO] [1790925781.276733358] [local_costmap.local_costmap]: StaticLayer: Resizing static layer to 561 X 252 at 0.100000 m/pix
[planner_server-12] [INFO] [1790925781.293047587] [global_costmap.global_costmap]: StaticLayer: Resizing costmap to 561 X 252 at 0.100000 m/pix
[INFO] [1790925781.479226481] [mapex_explorer]: Main /plan diagnostic: poses=460, endpoint=(18.89, -11.01), frontier=(18.89, -11.01), endpoint_to_frontier=0.000 m, limit=0.10 m -> usable
[controller_server-10] [INFO] [1790925781.494272044] [controller_server]: Passing new path to controller.
[controller_server-10] [INFO] [1790925782.560862155] [controller_server]: Passing new path to controller.
[INFO] [1790925782.585186224] [mapex_explorer]: Main /plan diagnostic: poses=448, endpoint=(18.89, -11.01), frontier=(18.89, -11.01), endpoint_to_frontier=0.000 m, limit=0.10 m -> usable
[controller_server-10] [INFO] [1790925783.560860017] [controller_server]: Passing new path to controller.
[INFO] [1790925783.570281743] [mapex_explorer]: Main /plan diagnostic: poses=439, endpoint=(18.89, -11.01), frontier=(18.89, -11.01), endpoint_to_frontier=0.000 m, limit=0.10 m -> usable
[INFO] [1790925784.557246653] [mapex_explorer]: Main /plan diagnostic: poses=428, endpoint=(18.89, -11.01), frontier=(18.89, -11.01), endpoint_to_frontier=0.000 m, limit=0.10 m -> usable
[controller_server-10] [INFO] [1790925784.560867295] [controller_server]: Passing new path to controller.
[async_slam_toolbox_node-9] W20261002 14:23:04.690228 26986 preprocessor.cc:67] Specified options.num_threads: 50 exceeds maximum available from the threading model Ceres was compiled with: 16.  Bounding to maximum number available.
[controller_server-10] [WARN] [1790925785.166574076] [controller_server]: Control loop missed its desired rate of 15.0000 Hz. Current loop rate is 13.8889 Hz.
[controller_server-10] [INFO] [1790925785.276692766] [local_costmap.local_costmap]: StaticLayer: Resizing static layer to 561 X 252 at 0.100000 m/pix
[planner_server-12] [INFO] [1790925785.293016157] [global_costmap.global_costmap]: StaticLayer: Resizing costmap to 561 X 252 at 0.100000 m/pix
[INFO] [1790925785.582392970] [mapex_explorer]: Main /plan diagnostic: poses=419, endpoint=(18.89, -11.01), frontier=(18.89, -11.01), endpoint_to_frontier=0.000 m, limit=0.10 m -> usable
[controller_server-10] [INFO] [1790925785.633339643] [controller_server]: Passing new path to controller.
[INFO] [1790925786.620381332] [mapex_explorer]: Main /plan diagnostic: poses=408, endpoint=(18.89, -11.01), frontier=(18.89, -11.01), endpoint_to_frontier=0.000 m, limit=0.10 m -> usable
[controller_server-10] [INFO] [1790925786.633336132] [controller_server]: Passing new path to controller.
[INFO] [1790925787.629327049] [mapex_explorer]: Main /plan diagnostic: poses=399, endpoint=(18.89, -11.01), frontier=(18.89, -11.01), endpoint_to_frontier=0.000 m, limit=0.10 m -> usable
[controller_server-10] [INFO] [1790925787.633335328] [controller_server]: Passing new path to controller.
[controller_server-10] [WARN] [1790925788.184505374] [controller_server]: Control loop missed its desired rate of 15.0000 Hz. Current loop rate is 11.9048 Hz.
[INFO] [1790925788.681089117] [mapex_explorer]: Main /plan diagnostic: poses=387, endpoint=(18.89, -11.01), frontier=(18.89, -11.01), endpoint_to_frontier=0.000 m, limit=0.10 m -> usable
[controller_server-10] [INFO] [1790925788.717971871] [controller_server]: Passing new path to controller.
[async_slam_toolbox_node-9] W20261002 14:23:09.138723 26986 preprocessor.cc:67] Specified options.num_threads: 50 exceeds maximum available from the threading model Ceres was compiled with: 16.  Bounding to maximum number available.
[controller_server-10] [ERROR] [1790925789.219540220] [controller_server]: Exception in transformPose: Lookup would require extrapolation into the future.  Requested time 2101.980000 but the latest data is at time 2101.900000, when looking up transform from frame [map] to frame [odom]
[controller_server-10] [ERROR] [1790925789.219631876] [controller_server]: Unable to transform goal pose into costmap frame
[controller_server-10] [INFO] [1790925789.219936799] [controller_server]: Optimizer reset
[controller_server-10] [WARN] [1790925789.219962431] [controller_server]: [follow_path] [ActionServer] Aborting handle.
[bt_navigator-15] [WARN] [1790925789.241214899] [bt_navigator]: [navigate_to_pose] [ActionServer] Aborting handle.
[bt_navigator-15] [ERROR] [1790925789.241498163] [bt_navigator]: Goal failed
[WARN] [1790925789.248219102] [mapex_explorer]: Main goal failed (status=6, error_code=102)
[WARN] [1790925789.249051140] [mapex_explorer]: Path-guided recovery #1: temporary subgoal x=30.05, y=-5.86, 0.70 m ahead on main path (remaining main path=19.28 m, trigger_error=102)
[bt_navigator-15] [INFO] [1790925789.249959301] [bt_navigator]: Begin navigating from current location (30.75, -5.87) to (30.05, -5.86)
[controller_server-10] [INFO] [1790925789.270508773] [controller_server]: Received a goal, begin computing control effort.
[INFO] [1790925789.278120820] [mapex_explorer]: Subgoal goal accepted
[controller_server-10] [INFO] [1790925790.272447716] [controller_server]: Reached the goal!
[controller_server-10] [INFO] [1790925790.272603292] [controller_server]: Optimizer reset
[controller_server-10] [INFO] [1790925790.276705426] [local_costmap.local_costmap]: StaticLayer: Resizing static layer to 561 X 252 at 0.100000 m/pix
[planner_server-12] [INFO] [1790925790.293033570] [global_costmap.global_costmap]: StaticLayer: Resizing costmap to 561 X 252 at 0.100000 m/pix
[bt_navigator-15] [INFO] [1790925790.300197452] [bt_navigator]: Goal succeeded
[INFO] [1790925790.304476320] [mapex_explorer]: Recovery subgoal reached; retrying the same main frontier.
[bt_navigator-15] [INFO] [1790925790.305820837] [bt_navigator]: Begin navigating from current location (30.44, -5.87) to (18.89, -11.01)
[INFO] [1790925790.325967941] [mapex_explorer]: Main goal accepted
[controller_server-10] [INFO] [1790925790.326738362] [controller_server]: Received a goal, begin computing control effort.
[INFO] [1790925790.328336276] [mapex_explorer]: Main /plan diagnostic: poses=612, endpoint=(18.89, -11.01), frontier=(18.89, -11.01), endpoint_to_frontier=0.000 m, limit=0.10 m -> usable
[INFO] [1790925791.365619168] [mapex_explorer]: Main /plan diagnostic: poses=604, endpoint=(18.89, -11.01), frontier=(18.89, -11.01), endpoint_to_frontier=0.000 m, limit=0.10 m -> usable
[controller_server-10] [INFO] [1790925791.393605555] [controller_server]: Passing new path to controller.
[controller_server-10] [INFO] [1790925792.393578792] [controller_server]: Passing new path to controller.
[INFO] [1790925792.450502238] [mapex_explorer]: Main /plan diagnostic: poses=543, endpoint=(18.89, -11.01), frontier=(18.89, -11.01), endpoint_to_frontier=0.000 m, limit=0.10 m -> usable
[async_slam_toolbox_node-9] W20261002 14:23:13.286460 26986 preprocessor.cc:67] Specified options.num_threads: 50 exceeds maximum available from the threading model Ceres was compiled with: 16.  Bounding to maximum number available.
[INFO] [1790925793.413121000] [mapex_explorer]: Main /plan diagnostic: poses=440, endpoint=(18.89, -11.01), frontier=(18.89, -11.01), endpoint_to_frontier=0.000 m, limit=0.10 m -> usable
[controller_server-10] [INFO] [1790925793.460263601] [controller_server]: Passing new path to controller.
[controller_server-10] [INFO] [1790925794.276721872] [local_costmap.local_costmap]: StaticLayer: Resizing static layer to 561 X 252 at 0.100000 m/pix
[planner_server-12] [INFO] [1790925794.293020281] [global_costmap.global_costmap]: StaticLayer: Resizing costmap to 561 X 252 at 0.100000 m/pix
[INFO] [1790925794.450839075] [mapex_explorer]: Main /plan diagnostic: poses=372, endpoint=(18.89, -11.01), frontier=(18.89, -11.01), endpoint_to_frontier=0.000 m, limit=0.10 m -> usable
[controller_server-10] [INFO] [1790925794.460248520] [controller_server]: Passing new path to controller.
[INFO] [1790925795.507876742] [mapex_explorer]: Main /plan diagnostic: poses=352, endpoint=(18.89, -11.01), frontier=(18.89, -11.01), endpoint_to_frontier=0.000 m, limit=0.10 m -> usable
[controller_server-10] [INFO] [1790925795.526916452] [controller_server]: Passing new path to controller.
[controller_server-10] [INFO] [1790925796.526912844] [controller_server]: Passing new path to controller.
[INFO] [1790925796.534419660] [mapex_explorer]: Main /plan diagnostic: poses=352, endpoint=(18.89, -11.01), frontier=(18.89, -11.01), endpoint_to_frontier=0.000 m, limit=0.10 m -> usable
[controller_server-10] [INFO] [1790925797.526915514] [controller_server]: Passing new path to controller.
[INFO] [1790925797.550614007] [mapex_explorer]: Main /plan diagnostic: poses=340, endpoint=(18.89, -11.01), frontier=(18.89, -11.01), endpoint_to_frontier=0.000 m, limit=0.10 m -> usable
[async_slam_toolbox_node-9] W20261002 14:23:17.688215 26986 preprocessor.cc:67] Specified options.num_threads: 50 exceeds maximum available from the threading model Ceres was compiled with: 16.  Bounding to maximum number available.
[async_slam_toolbox_node-9] [INFO] [1790925797.712020876] [slam_toolbox]: Adaptive anchor summary: latest_node=5412, local_edges=5524, loop_history=0, avg_effective_weight=1.052, release_regions=0
[INFO] [1790925798.553138154] [mapex_explorer]: Main /plan diagnostic: poses=315, endpoint=(18.89, -11.01), frontier=(18.89, -11.01), endpoint_to_frontier=0.000 m, limit=0.10 m -> usable
[controller_server-10] [INFO] [1790925798.593596887] [controller_server]: Passing new path to controller.
[INFO] [1790925799.574342462] [mapex_explorer]: Main /plan diagnostic: poses=318, endpoint=(18.89, -11.01), frontier=(18.89, -11.01), endpoint_to_frontier=0.000 m, limit=0.10 m -> usable
[controller_server-10] [INFO] [1790925799.593581632] [controller_server]: Passing new path to controller.
[INFO] [1790925800.604452597] [mapex_explorer]: Main /plan diagnostic: poses=293, endpoint=(18.89, -11.01), frontier=(18.89, -11.01), endpoint_to_frontier=0.000 m, limit=0.10 m -> usable
[controller_server-10] [INFO] [1790925800.660251122] [controller_server]: Passing new path to controller.
[INFO] [1790925801.634585818] [mapex_explorer]: Main /plan diagnostic: poses=298, endpoint=(18.89, -11.01), frontier=(18.89, -11.01), endpoint_to_frontier=0.000 m, limit=0.10 m -> usable
[controller_server-10] [INFO] [1790925801.660294588] [controller_server]: Passing new path to controller.
[async_slam_toolbox_node-9] W20261002 14:23:22.107015 26986 preprocessor.cc:67] Specified options.num_threads: 50 exceeds maximum available from the threading model Ceres was compiled with: 16.  Bounding to maximum number available.
[controller_server-10] [WARN] [1790925802.199647796] [controller_server]: Control loop missed its desired rate of 15.0000 Hz. Current loop rate is 13.6986 Hz.
[controller_server-10] [INFO] [1790925802.666439876] [controller_server]: Passing new path to controller.
[INFO] [1790925802.722754572] [mapex_explorer]: Main /plan diagnostic: poses=273, endpoint=(18.89, -11.01), frontier=(18.89, -11.01), endpoint_to_frontier=0.000 m, limit=0.10 m -> usable
[controller_server-10] [INFO] [1790925803.276724562] [local_costmap.local_costmap]: StaticLayer: Resizing static layer to 561 X 252 at 0.100000 m/pix
[planner_server-12] [INFO] [1790925803.293097630] [global_costmap.global_costmap]: StaticLayer: Resizing costmap to 561 X 252 at 0.100000 m/pix
[controller_server-10] [INFO] [1790925803.733084577] [controller_server]: Passing new path to controller.
[INFO] [1790925803.758083466] [mapex_explorer]: Main /plan diagnostic: poses=246, endpoint=(18.89, -11.01), frontier=(18.89, -11.01), endpoint_to_frontier=0.000 m, limit=0.10 m -> usable
[INFO] [1790925804.705877925] [mapex_explorer]: Main /plan diagnostic: poses=232, endpoint=(18.89, -11.01), frontier=(18.89, -11.01), endpoint_to_frontier=0.000 m, limit=0.10 m -> usable
[controller_server-10] [INFO] [1790925804.733111892] [controller_server]: Passing new path to controller.
[INFO] [1790925805.790015750] [mapex_explorer]: Main /plan diagnostic: poses=220, endpoint=(18.89, -11.01), frontier=(18.89, -11.01), endpoint_to_frontier=0.000 m, limit=0.10 m -> usable
[controller_server-10] [INFO] [1790925805.799751025] [controller_server]: Passing new path to controller.
[async_slam_toolbox_node-9] W20261002 14:23:26.313169 26986 preprocessor.cc:67] Specified options.num_threads: 50 exceeds maximum available from the threading model Ceres was compiled with: 16.  Bounding to maximum number available.
[INFO] [1790925806.752404532] [mapex_explorer]: Main /plan diagnostic: poses=215, endpoint=(18.89, -11.01), frontier=(18.89, -11.01), endpoint_to_frontier=0.000 m, limit=0.10 m -> usable
[controller_server-10] [INFO] [1790925806.799752772] [controller_server]: Passing new path to controller.
[controller_server-10] [INFO] [1790925807.276797562] [local_costmap.local_costmap]: StaticLayer: Resizing static layer to 561 X 252 at 0.100000 m/pix
[planner_server-12] [INFO] [1790925807.293027162] [global_costmap.global_costmap]: StaticLayer: Resizing costmap to 561 X 252 at 0.100000 m/pix
[INFO] [1790925807.796269904] [mapex_explorer]: Main /plan diagnostic: poses=240, endpoint=(18.89, -11.01), frontier=(18.89, -11.01), endpoint_to_frontier=0.000 m, limit=0.10 m -> usable
[controller_server-10] [INFO] [1790925807.799766274] [controller_server]: Passing new path to controller.
[async_slam_toolbox_node-9] W20261002 14:23:28.714818 26986 preprocessor.cc:67] Specified options.num_threads: 50 exceeds maximum available from the threading model Ceres was compiled with: 16.  Bounding to maximum number available.
[INFO] [1790925808.807387855] [mapex_explorer]: Main /plan diagnostic: poses=225, endpoint=(18.89, -11.01), frontier=(18.89, -11.01), endpoint_to_frontier=0.000 m, limit=0.10 m -> usable
[controller_server-10] [INFO] [1790925808.866431755] [controller_server]: Passing new path to controller.
[controller_server-10] [WARN] [1790925809.206455391] [controller_server]: Control loop missed its desired rate of 15.0000 Hz. Current loop rate is 13.6986 Hz.
[controller_server-10] [INFO] [1790925809.277397410] [local_costmap.local_costmap]: StaticLayer: Resizing static layer to 561 X 252 at 0.100000 m/pix
[planner_server-12] [INFO] [1790925809.293055889] [global_costmap.global_costmap]: StaticLayer: Resizing costmap to 561 X 252 at 0.100000 m/pix
[INFO] [1790925809.827758574] [mapex_explorer]: Main /plan diagnostic: poses=171, endpoint=(18.89, -11.01), frontier=(18.89, -11.01), endpoint_to_frontier=0.000 m, limit=0.10 m -> usable
[controller_server-10] [INFO] [1790925809.873231789] [controller_server]: Passing new path to controller.
[controller_server-10] [INFO] [1790925810.873264217] [controller_server]: Passing new path to controller.
[INFO] [1790925810.881561767] [mapex_explorer]: Main /plan diagnostic: poses=160, endpoint=(18.89, -11.01), frontier=(18.89, -11.01), endpoint_to_frontier=0.000 m, limit=0.10 m -> usable
[INFO] [1790925811.882877031] [mapex_explorer]: Main /plan diagnostic: poses=150, endpoint=(18.89, -11.01), frontier=(18.89, -11.01), endpoint_to_frontier=0.000 m, limit=0.10 m -> usable
[controller_server-10] [INFO] [1790925811.939898685] [controller_server]: Passing new path to controller.
[INFO] [1790925812.922683662] [mapex_explorer]: Main /plan diagnostic: poses=140, endpoint=(18.89, -11.01), frontier=(18.89, -11.01), endpoint_to_frontier=0.000 m, limit=0.10 m -> usable
[controller_server-10] [INFO] [1790925812.939905633] [controller_server]: Passing new path to controller.
[async_slam_toolbox_node-9] W20261002 14:23:33.119704 26986 preprocessor.cc:67] Specified options.num_threads: 50 exceeds maximum available from the threading model Ceres was compiled with: 16.  Bounding to maximum number available.
[async_slam_toolbox_node-9] [INFO] [1790925813.153760215] [slam_toolbox]: Adaptive anchor summary: latest_node=5471, local_edges=5583, loop_history=0, avg_effective_weight=1.052, release_regions=0
[controller_server-10] [WARN] [1790925813.223662113] [controller_server]: Control loop missed its desired rate of 15.0000 Hz. Current loop rate is 11.9048 Hz.
[INFO] [1790925813.944645671] [mapex_explorer]: Main /plan diagnostic: poses=130, endpoint=(18.89, -11.01), frontier=(18.89, -11.01), endpoint_to_frontier=0.000 m, limit=0.10 m -> usable
[controller_server-10] [INFO] [1790925813.957096505] [controller_server]: Passing new path to controller.
[controller_server-10] [INFO] [1790925814.276713095] [local_costmap.local_costmap]: StaticLayer: Resizing static layer to 561 X 252 at 0.100000 m/pix
[planner_server-12] [INFO] [1790925814.293047877] [global_costmap.global_costmap]: StaticLayer: Resizing costmap to 561 X 252 at 0.100000 m/pix
[INFO] [1790925814.971921371] [mapex_explorer]: Main /plan diagnostic: poses=120, endpoint=(18.89, -11.01), frontier=(18.89, -11.01), endpoint_to_frontier=0.000 m, limit=0.10 m -> usable
[controller_server-10] [INFO] [1790925815.023764378] [controller_server]: Passing new path to controller.
[controller_server-10] [INFO] [1790925816.023770008] [controller_server]: Passing new path to controller.
[INFO] [1790925816.106515994] [mapex_explorer]: Main /plan diagnostic: poses=110, endpoint=(18.89, -11.01), frontier=(18.89, -11.01), endpoint_to_frontier=0.000 m, limit=0.10 m -> usable
[controller_server-10] [ERROR] [1790925817.058077975] [controller_server]: Exception in transformPose: Lookup would require extrapolation into the future.  Requested time 2129.740000 but the latest data is at time 2129.700000, when looking up transform from frame [map] to frame [odom]
[controller_server-10] [ERROR] [1790925817.058142864] [controller_server]: Unable to transform goal pose into costmap frame
[controller_server-10] [INFO] [1790925817.058325813] [controller_server]: Optimizer reset
[controller_server-10] [WARN] [1790925817.058339036] [controller_server]: [follow_path] [ActionServer] Aborting handle.
[controller_server-10] [INFO] [1790925817.058419107] [controller_server]: Received a goal, begin computing control effort.
[INFO] [1790925817.119921717] [mapex_explorer]: Main /plan diagnostic: poses=92, endpoint=(18.89, -11.01), frontier=(18.89, -11.01), endpoint_to_frontier=0.000 m, limit=0.10 m -> usable
[INFO] [1790925818.060279592] [mapex_explorer]: Main /plan diagnostic: poses=82, endpoint=(18.89, -11.01), frontier=(18.89, -11.01), endpoint_to_frontier=0.000 m, limit=0.10 m -> usable
[controller_server-10] [INFO] [1790925818.125191127] [controller_server]: Passing new path to controller.
[planner_server-12] [WARN] [1790925819.090492613] [planner_server]: GridBased plugin failed to plan from (20.89, -11.02) to (18.89, -11.01): "Failed to create plan with tolerance of: 0.000000"
[planner_server-12] [WARN] [1790925819.090535141] [planner_server]: [compute_path_to_pose] [ActionServer] Aborting handle.
[controller_server-10] [INFO] [1790925819.125174315] [controller_server]: Cancellation was successful. Stopping the robot.
[controller_server-10] [INFO] [1790925819.125213129] [controller_server]: [follow_path] [ActionServer] Client requested to cancel the goal. Cancelling.
[controller_server-10] [INFO] [1790925819.125453194] [controller_server]: Optimizer reset
[behavior_server-14] [INFO] [1790925819.125583495] [behavior_server]: Running wait
[behavior_server-14] [INFO] [1790925819.425737023] [behavior_server]: wait completed successfully
[planner_server-12] [WARN] [1790925819.445967189] [planner_server]: GridBased plugin failed to plan from (20.85, -11.18) to (18.89, -11.01): "Failed to create plan with tolerance of: 0.000000"
[planner_server-12] [WARN] [1790925819.446022997] [planner_server]: [compute_path_to_pose] [ActionServer] Aborting handle.
[bt_navigator-15] [WARN] [1790925819.465977748] [bt_navigator]: [navigate_to_pose] [ActionServer] Aborting handle.
[bt_navigator-15] [ERROR] [1790925819.466148937] [bt_navigator]: Goal failed
[WARN] [1790925819.469140134] [mapex_explorer]: Main goal failed (status=6, error_code=208)
[WARN] [1790925819.469370213] [mapex_explorer]: Main frontier abandoned after NO_VALID_PATH (208): x=18.89, y=-11.01; candidates within 0.10 m are skipped during normal selection but will be checked again by terminal planner revalidation.
[INFO] [1790925824.483668466] [mapex_explorer]: MapEx decision 47: selected x=11.59, y=7.79, IG=1.138516, distance=21.13 m, score=0.053883, region=22, candidates=1, near_fallback=False, compute=4.91 s
[bt_navigator-15] [INFO] [1790925824.484501835] [bt_navigator]: Begin navigating from current location (20.84, -11.22) to (11.59, 7.79)
[planner_server-12] [WARN] [1790925824.489415226] [planner_server]: GridBased plugin failed to plan from (20.84, -11.22) to (11.59, 7.79): "Failed to create plan with tolerance of: 0.000000"
[planner_server-12] [WARN] [1790925824.489451007] [planner_server]: [compute_path_to_pose] [ActionServer] Aborting handle.
[behavior_server-14] [INFO] [1790925824.505026444] [behavior_server]: Running wait
[INFO] [1790925824.792530846] [mapex_explorer]: Main goal accepted
[behavior_server-14] [INFO] [1790925824.805162587] [behavior_server]: wait completed successfully
[planner_server-12] [WARN] [1790925824.829832942] [planner_server]: GridBased plugin failed to plan from (20.84, -11.22) to (11.59, 7.79): "Failed to create plan with tolerance of: 0.000000"
[planner_server-12] [WARN] [1790925824.829874373] [planner_server]: [compute_path_to_pose] [ActionServer] Aborting handle.
[bt_navigator-15] [WARN] [1790925824.854642760] [bt_navigator]: [navigate_to_pose] [ActionServer] Aborting handle.
[bt_navigator-15] [ERROR] [1790925824.854798593] [bt_navigator]: Goal failed
[WARN] [1790925824.863016089] [mapex_explorer]: Main goal failed (status=6, error_code=208)
[WARN] [1790925824.863503665] [mapex_explorer]: Main frontier abandoned after NO_VALID_PATH (208): x=11.59, y=7.79; candidates within 0.10 m are skipped during normal selection but will be checked again by terminal planner revalidation.
[WARN] [1790925830.948748766] [mapex_explorer]: No normally selectable frontier remains; starting planner revalidation sweep over 2 candidates.
[planner_server-12] [WARN] [1790925830.956966870] [planner_server]: GridBased plugin failed to plan from (20.84, -11.22) to (18.89, -11.01): "Failed to create plan with tolerance of: 0.000000"
[planner_server-12] [WARN] [1790925830.957008153] [planner_server]: [compute_path_to_pose] [ActionServer] Aborting handle.
[planner_server-12] [WARN] [1790925831.364560028] [planner_server]: GridBased plugin failed to plan from (20.84, -11.22) to (11.59, 7.79): "Failed to create plan with tolerance of: 0.000000"
[planner_server-12] [WARN] [1790925831.364599692] [planner_server]: [compute_path_to_pose] [ActionServer] Aborting handle.
[WARN] [1790925831.368200519] [mapex_explorer]: Planner-reachability completion verification: 1/5 exhausted sweeps across 2 candidates, idle=6.5s, age=2139.9s
[WARN] [1790925837.001191957] [mapex_explorer]: No normally selectable frontier remains; starting planner revalidation sweep over 2 candidates.
[planner_server-12] [WARN] [1790925837.005578510] [planner_server]: GridBased plugin failed to plan from (20.84, -11.22) to (18.89, -11.01): "Failed to create plan with tolerance of: 0.000000"
[planner_server-12] [WARN] [1790925837.005633581] [planner_server]: [compute_path_to_pose] [ActionServer] Aborting handle.
[planner_server-12] [WARN] [1790925837.265250816] [planner_server]: GridBased plugin failed to plan from (20.84, -11.22) to (11.59, 7.79): "Failed to create plan with tolerance of: 0.000000"
[planner_server-12] [WARN] [1790925837.265315792] [planner_server]: [compute_path_to_pose] [ActionServer] Aborting handle.
[WARN] [1790925837.270628773] [mapex_explorer]: Planner-reachability completion verification: 2/5 exhausted sweeps across 2 candidates, idle=12.4s, age=2145.8s
[WARN] [1790925843.131759261] [mapex_explorer]: No normally selectable frontier remains; starting planner revalidation sweep over 2 candidates.
[planner_server-12] [WARN] [1790925843.137384442] [planner_server]: GridBased plugin failed to plan from (20.84, -11.22) to (18.89, -11.01): "Failed to create plan with tolerance of: 0.000000"
[planner_server-12] [WARN] [1790925843.137420113] [planner_server]: [compute_path_to_pose] [ActionServer] Aborting handle.
[planner_server-12] [WARN] [1790925843.509623514] [planner_server]: GridBased plugin failed to plan from (20.84, -11.22) to (11.59, 7.79): "Failed to create plan with tolerance of: 0.000000"
[planner_server-12] [WARN] [1790925843.509705988] [planner_server]: [compute_path_to_pose] [ActionServer] Aborting handle.
[WARN] [1790925843.520831680] [mapex_explorer]: Planner-reachability completion verification: 3/5 exhausted sweeps across 2 candidates, idle=18.7s, age=2152.0s
[WARN] [1790925849.325022413] [mapex_explorer]: No normally selectable frontier remains; starting planner revalidation sweep over 2 candidates.
[planner_server-12] [WARN] [1790925849.336985501] [planner_server]: GridBased plugin failed to plan from (20.84, -11.22) to (18.89, -11.01): "Failed to create plan with tolerance of: 0.000000"
[planner_server-12] [WARN] [1790925849.337072387] [planner_server]: [compute_path_to_pose] [ActionServer] Aborting handle.
[planner_server-12] [WARN] [1790925849.740275636] [planner_server]: GridBased plugin failed to plan from (20.84, -11.22) to (11.59, 7.79): "Failed to create plan with tolerance of: 0.000000"
[planner_server-12] [WARN] [1790925849.740365995] [planner_server]: [compute_path_to_pose] [ActionServer] Aborting handle.
[WARN] [1790925849.750988004] [mapex_explorer]: Planner-reachability completion verification: 4/5 exhausted sweeps across 2 candidates, idle=24.9s, age=2158.2s
[WARN] [1790925856.130153385] [mapex_explorer]: No normally selectable frontier remains; starting planner revalidation sweep over 2 candidates.
[planner_server-12] [WARN] [1790925856.136592875] [planner_server]: GridBased plugin failed to plan from (20.84, -11.22) to (18.89, -11.01): "Failed to create plan with tolerance of: 0.000000"
[planner_server-12] [WARN] [1790925856.136664598] [planner_server]: [compute_path_to_pose] [ActionServer] Aborting handle.
[planner_server-12] [WARN] [1790925856.340845512] [planner_server]: GridBased plugin failed to plan from (20.84, -11.22) to (11.59, 7.79): "Failed to create plan with tolerance of: 0.000000"
[planner_server-12] [WARN] [1790925856.340884260] [planner_server]: [compute_path_to_pose] [ActionServer] Aborting handle.
[WARN] [1790925856.345064746] [mapex_explorer]: Planner-reachability completion verification: 5/5 exhausted sweeps across 2 candidates, idle=31.5s, age=2164.8s
[WARN] [1790925856.346667932] [mapex_explorer]: ================ EXPLORATION COMPLETE ================
Reason: frontier regions remain, but no eligible frontier was planner-reachable across repeated ComputePathToPose sweeps.
Evidence: 5 stable sweeps, idle >= 10 s.
No further navigation goals will be issued.
======================================================
[WARN] [1790925856.384206226] [mapex_explorer]: MAPEX SAVED: env=hospital, profile=hospital_slam, coverage=0.997354190, distance=780.07m, output=/work/com1/turtlebot4_project_mx029/mapex_lab/experiments/mapex/hpx_004
MAPEX OFFLINE EVAL: env=hospital, IoU=0.599110, TU=0.490000, decisions=52

Stopping experiment...
[async_slam_toolbox_node-9] [INFO] [1790925888.258637105] [rclcpp]: signal_handler(SIGINT/SIGTERM)
[behavior_server-14] [INFO] [1790925888.258822323] [rclcpp]: signal_handler(SIGINT/SIGTERM)
[bt_navigator-15] [INFO] [1790925888.259426495] [rclcpp]: signal_handler(SIGINT/SIGTERM)
[controller_server-10] [INFO] [1790925888.259622656] [rclcpp]: signal_handler(SIGINT/SIGTERM)
[rviz2-7] [INFO] [1790925888.259809966] [rclcpp]: signal_handler(SIGINT/SIGTERM)
[waypoint_follower-16] [INFO] [1790925888.260538755] [rclcpp]: signal_handler(SIGINT/SIGTERM)
[lifecycle_manager-20] [INFO] [1790925888.261109586] [rclcpp]: signal_handler(SIGINT/SIGTERM)
[opennav_docking-19] [INFO] [1790925888.261156226] [rclcpp]: signal_handler(SIGINT/SIGTERM)
[planner_server-12] [INFO] [1790925888.261190141] [rclcpp]: signal_handler(SIGINT/SIGTERM)
[velocity_smoother-17] [INFO] [1790925888.261200125] [rclcpp]: signal_handler(SIGINT/SIGTERM)
[lifecycle_manager-20] [INFO] [1790925888.261261763] [lifecycle_manager_navigation]: Running Nav2 LifecycleManager rcl preshutdown (lifecycle_manager_navigation)
[collision_monitor-18] [INFO] [1790925888.261292164] [rclcpp]: signal_handler(SIGINT/SIGTERM)
[collision_monitor-18] [INFO] [1790925888.261760633] [collision_monitor]: Running Nav2 LifecycleNode rcl preshutdown (collision_monitor)
[smoother_server-11] [INFO] [1790925888.261312517] [rclcpp]: signal_handler(SIGINT/SIGTERM)
[smoother_server-11] [INFO] [1790925888.261358793] [smoother_server]: Running Nav2 LifecycleNode rcl preshutdown (smoother_server)
[route_server-13] [INFO] [1790925888.261338746] [rclcpp]: signal_handler(SIGINT/SIGTERM)
[route_server-13] [INFO] [1790925888.261404904] [route_server]: Running Nav2 LifecycleNode rcl preshutdown (route_server)
[controller_server-10] [INFO] [1790925888.261291483] [controller_server]: Running Nav2 LifecycleNode rcl preshutdown (controller_server)
[behavior_server-14] [INFO] [1790925888.261287609] [behavior_server]: Running Nav2 LifecycleNode rcl preshutdown (behavior_server)
[opennav_docking-19] [INFO] [1790925888.261291449] [docking_server]: Running Nav2 LifecycleNode rcl preshutdown (docking_server)
[bt_navigator-15] [INFO] [1790925888.261288069] [bt_navigator]: Running Nav2 LifecycleNode rcl preshutdown (bt_navigator)
[waypoint_follower-16] [INFO] [1790925888.261293953] [waypoint_follower]: Running Nav2 LifecycleNode rcl preshutdown (waypoint_follower)
[planner_server-12] [INFO] [1790925888.261295745] [planner_server]: Running Nav2 LifecycleNode rcl preshutdown (planner_server)
[velocity_smoother-17] [INFO] [1790925888.261384873] [velocity_smoother]: Running Nav2 LifecycleNode rcl preshutdown (velocity_smoother)
[lifecycle_manager-20] [INFO] [1790925888.261737376] [lifecycle_manager_navigation]: [34m[1mTerminating bond timer...[0m[0m
[parameter_bridge-2] [INFO] [1790925888.262283814] [rclcpp]: signal_handler(SIGINT/SIGTERM)
[planner_server-12] [INFO] [1790925888.263806725] [planner_server]: Deactivating
[planner_server-12] [INFO] [1790925888.263858116] [global_costmap.global_costmap]: Deactivating
[controller_server-10] [INFO] [1790925888.263812688] [controller_server]: Deactivating
[controller_server-10] [INFO] [1790925888.263849204] [MPPIController]: Deactivated MPPI Controller: FollowPath
[controller_server-10] [INFO] [1790925888.263871501] [local_costmap.local_costmap]: Deactivating
[collision_monitor-18] [INFO] [1790925888.264035823] [collision_monitor]: Deactivating
[collision_monitor-18] [INFO] [1790925888.265529012] [collision_monitor]: Destroying bond (collision_monitor) to lifecycle manager.
[velocity_smoother-17] [INFO] [1790925888.264152420] [velocity_smoother]: Deactivating
[velocity_smoother-17] [INFO] [1790925888.264926704] [velocity_smoother]: Destroying bond (velocity_smoother) to lifecycle manager.
[route_server-13] [INFO] [1790925888.264152896] [route_server]: Deactivating
[route_server-13] [INFO] [1790925888.265547493] [route_server]: Destroying bond (route_server) to lifecycle manager.
[behavior_server-14] [INFO] [1790925888.264504093] [behavior_server]: Deactivating
[robot_state_publisher-6] [INFO] [1790925888.264662941] [rclcpp]: signal_handler(SIGINT/SIGTERM)
[smoother_server-11] [INFO] [1790925888.265159736] [smoother_server]: Deactivating
[bt_navigator-15] [INFO] [1790925888.265320824] [bt_navigator]: Deactivating
[waypoint_follower-16] [INFO] [1790925888.265104330] [waypoint_follower]: Deactivating
[waypoint_follower-16] [INFO] [1790925888.266018200] [waypoint_follower]: Destroying bond (waypoint_follower) to lifecycle manager.
[opennav_docking-19] [INFO] [1790925888.265548574] [docking_server]: Deactivating docking_server
[smoother_server-11] [INFO] [1790925888.266212711] [smoother_server]: Destroying bond (smoother_server) to lifecycle manager.
[image_bridge-4] [INFO] [1790925888.266497267] [rclcpp]: signal_handler(SIGINT/SIGTERM)
[bt_navigator-15] [INFO] [1790925888.268125755] [bt_navigator]: Destroying bond (bt_navigator) to lifecycle manager.
[image_bridge-3] [INFO] [1790925888.267281323] [rclcpp]: signal_handler(SIGINT/SIGTERM)
[behavior_server-14] [INFO] [1790925888.271099233] [behavior_server]: Destroying bond (behavior_server) to lifecycle manager.
[route_server-13] [INFO] [1790925888.276017867] [route_server]: Cleaning up
[velocity_smoother-17] [INFO] [1790925888.276023800] [velocity_smoother]: Cleaning up
[velocity_smoother-17] [INFO] [1790925888.276093709] [velocity_smoother]: Destroying bond (velocity_smoother) to lifecycle manager.
[collision_monitor-18] [INFO] [1790925888.276023605] [collision_monitor]: Cleaning up
[smoother_server-11] [INFO] [1790925888.276431219] [smoother_server]: Cleaning up
[waypoint_follower-16] [INFO] [1790925888.276432262] [waypoint_follower]: Cleaning up
[collision_monitor-18] [INFO] [1790925888.276971339] [collision_monitor]: [FootprintApproach]: Destroying Polygon
[collision_monitor-18] [INFO] [1790925888.277204668] [collision_monitor]: [scan]: Destroying Scan
[controller_server-10] [INFO] [1790925888.278115961] [controller_server]: Destroying bond (controller_server) to lifecycle manager.
[bt_navigator-15] [INFO] [1790925888.278757940] [bt_navigator]: Cleaning up
[opennav_docking-19] [INFO] [1790925888.281500941] [docking_server]: Destroying bond (docking_server) to lifecycle manager.
[behavior_server-14] [INFO] [1790925888.281753916] [behavior_server]: Cleaning up
[collision_monitor-18] [INFO] [1790925888.282645771] [collision_monitor]: Destroying bond (collision_monitor) to lifecycle manager.
[controller_server-10] [INFO] [1790925888.289011743] [controller_server]: Cleaning up
[velocity_smoother-17] [INFO] [1790925888.289393871] [velocity_smoother]: Destroying
[opennav_docking-19] [INFO] [1790925888.292117060] [docking_server]: Cleaning up docking_server
[planner_server-12] [INFO] [1790925888.293492095] [planner_server]: Deactivating plugin GridBased of type NavfnPlanner
[planner_server-12] [INFO] [1790925888.293551350] [planner_server]: Destroying bond (planner_server) to lifecycle manager.
[behavior_server-14] [INFO] [1790925888.294184172] [behavior_server]: Destroying bond (behavior_server) to lifecycle manager.
[smoother_server-11] [INFO] [1790925888.295274851] [smoother_server]: Destroying bond (smoother_server) to lifecycle manager.
[collision_monitor-18] [INFO] [1790925888.296464817] [collision_monitor]: Destroying
[smoother_server-11] [INFO] [1790925888.301844210] [smoother_server]: Destroying
[controller_server-10] [INFO] [1790925888.303081131] [MPPIController]: Cleaned up MPPI Controller: FollowPath
[planner_server-12] [INFO] [1790925888.304464124] [planner_server]: Cleaning up
[waypoint_follower-16] [INFO] [1790925888.304585429] [waypoint_follower]: Destroying bond (waypoint_follower) to lifecycle manager.
[controller_server-10] [INFO] [1790925888.305852461] [local_costmap.local_costmap]: Cleaning up
[route_server-13] [INFO] [1790925888.305960886] [route_server]: Destroying bond (route_server) to lifecycle manager.
[waypoint_follower-16] [INFO] [1790925888.307191621] [waypoint_follower]: Destroying
[opennav_docking-19] [INFO] [1790925888.310190085] [docking_server]: Destroying bond (docking_server) to lifecycle manager.
[async_slam_toolbox_node-9] Unregistering sensor: Custom Described Lidar
[route_server-13] [INFO] [1790925888.317833001] [route_server]: Destroying
[planner_server-12] [INFO] [1790925888.318140543] [global_costmap.global_costmap]: Cleaning up
[opennav_docking-19] [INFO] [1790925888.321090578] [docking_server]: Destroying
[planner_server-12] [INFO] [1790925888.327728040] [planner_server]: Cleaning up plugin GridBased of type NavfnPlanner
[planner_server-12] [INFO] [1790925888.327799576] [planner_server]: Destroying plugin GridBased of type NavfnPlanner
[behavior_server-14] [INFO] [1790925888.338434557] [behavior_server]: Destroying
[controller_server-10] [INFO] [1790925888.353000977] [controller_server]: Destroying bond (controller_server) to lifecycle manager.
[planner_server-12] [INFO] [1790925888.354127319] [planner_server]: Destroying bond (planner_server) to lifecycle manager.
[controller_server-10] [INFO] [1790925888.364602067] [local_costmap.local_costmap]: Destroying
[planner_server-12] [INFO] [1790925888.364600773] [global_costmap.global_costmap]: Destroying
[bt_navigator-15] [INFO] [1790925888.377856035] [bt_navigator]: Completed Cleaning up
[bt_navigator-15] [INFO] [1790925888.377909355] [bt_navigator]: Destroying bond (bt_navigator) to lifecycle manager.
[bt_navigator-15] [INFO] [1790925888.385347900] [bt_navigator]: Destroying
[planner_server-12] [INFO] [1790925888.393064728] [planner_server]: Destroying
[controller_server-10] [INFO] [1790925888.393399469] [controller_server]: Destroying
[lifecycle_manager-20] [INFO] [1790925888.441643307] [lifecycle_manager_navigation]: Destroying lifecycle_manager_navigation
[INFO] [velocity_smoother-17]: process has finished cleanly [pid 27128]
[INFO] [smoother_server-11]: process has finished cleanly [pid 27122]
[INFO] [waypoint_follower-16]: process has finished cleanly [pid 27127]
[INFO] [collision_monitor-18]: process has finished cleanly [pid 27129]
[INFO] [robot_state_publisher-6]: process has finished cleanly [pid 26656]
[INFO] [image_bridge-3]: process has finished cleanly [pid 26653]
[INFO] [image_bridge-4]: process has finished cleanly [pid 26654]
[INFO] [route_server-13]: process has finished cleanly [pid 27124]
[INFO] [parameter_bridge-2]: process has finished cleanly [pid 26652]
[INFO] [opennav_docking-19]: process has finished cleanly [pid 27130]
[INFO] [behavior_server-14]: process has finished cleanly [pid 27125]
[INFO] [controller_server-10]: process has finished cleanly [pid 27121]
[INFO] [planner_server-12]: process has finished cleanly [pid 27123]
[INFO] [bt_navigator-15]: process has finished cleanly [pid 27126]
[INFO] [lifecycle_manager-20]: process has finished cleanly [pid 27131]
[INFO] [async_slam_toolbox_node-9]: process has finished cleanly [pid 26986]
[INFO] [rviz2-7]: process has finished cleanly [pid 26657]
[gz-8] [1;36m[Dbg] [SimulationRunner.cc:551] [0m[1;36mCreating PostUpdate worker threads: [0m[1;36m6[0m[1;36m[0m
[gz-8] [1;36m[Dbg] [SimulationRunner.cc:562] [0m[1;36mCreating postupdate worker thread ([0m[1;36m0[0m[1;36m)[0m[1;36m[0m
[gz-8] [1;36m[Dbg] [SimulationRunner.cc:562] [0m[1;36mCreating postupdate worker thread ([0m[1;36m1[0m[1;36m)[0m[1;36m[0m
[gz-8] [1;36m[Dbg] [SimulationRunner.cc:562] [0m[1;36mCreating postupdate worker thread ([0m[1;36m2[0m[1;36m)[0m[1;36m[0m
[gz-8] [1;36m[Dbg] [SimulationRunner.cc:562] [0m[1;36mCreating postupdate worker thread ([0m[1;36m3[0m[1;36m)[0m[1;36m[0m
[gz-8] [1;36m[Dbg] [SimulationRunner.cc:562] [0m[1;36mCreating postupdate worker thread ([0m[1;36m4[0m[1;36m)[0m[1;36m[0m
[gz-8] [1;36m[Dbg] [RenderUtil.cc:2646] [0m[1;36mCreate scene [[0m[1;36mscene[0m[1;36m][0m[1;36m[0m
[gz-8] [1;36m[Dbg] [Sensors.cc:391] [0m[1;36mRendering Thread initialized[0m[1;36m[0m
[gz-8] [1;36m[Dbg] [Sensors.cc:953] [0m[1;36mInitialization needed[0m[1;36m[0m
[gz-8] [1;36m[Dbg] [RgbdCameraSensor.cc:210] [0m[1;36mRGB images for [[0m[1;36mturtlebot4::oakd_rgb_camera_frame::rgbd_camera[0m[1;36m] advertised on [[0m[1;36mrgbd_camera[0m[1;36m/image][0m[1;36m[0m
[gz-8] [1;36m[Dbg] [RgbdCameraSensor.cc:224] [0m[1;36mDepth images for [[0m[1;36mturtlebot4::oakd_rgb_camera_frame::rgbd_camera[0m[1;36m] advertised on [[0m[1;36mrgbd_camera[0m[1;36m/depth_image][0m[1;36m[0m
[gz-8] [1;36m[Dbg] [RgbdCameraSensor.cc:238] [0m[1;36mPoints for [[0m[1;36mturtlebot4::oakd_rgb_camera_frame::rgbd_camera[0m[1;36m] advertised on [[0m[1;36mrgbd_camera[0m[1;36m/points][0m[1;36m[0m
[gz-8] [1;36m[Dbg] [CameraSensor.cc:695] [0m[1;36mCamera info for [[0m[1;36mturtlebot4::oakd_rgb_camera_frame::rgbd_camera[0m[1;36m] advertised on [[0m[1;36mrgbd_camera/camera_info[0m[1;36m][0m[1;36m[0m
[gz-8] [1;36m[Dbg] [Lidar.cc:139] [0m[1;36mLaser scans for [[0m[1;36mturtlebot4::rplidar_link::rplidar[0m[1;36m] advertised on [[0m[1;36mscan[0m[1;36m][0m[1;36m[0m
[gz-8] [1;36m[Dbg] [GpuLidarSensor.cc:164] [0m[1;36mLidar points for [[0m[1;36mturtlebot4::rplidar_link::rplidar[0m[1;36m] advertised on [[0m[1;36mscan/points[0m[1;36m][0m[1;36m[0m
[gz-8] [1;36m[Dbg] [SignalHandler.cc:142] [0m[1;36mReceived signal[[0m[1;36m2[0m[1;36m].[0m
[gz-8] [1;36m[Dbg] [ServerPrivate.cc:122] [0m[1;36mServer received signal[[0m[1;36m2[0m[1;36m][0m
[gz-8] [1;36m[Dbg] [Sensors.cc:565] [0m[1;36mSensorsPrivate::Stop[0m[1;36m[0m
[gz-8] [1;36m[Dbg] [Sensors.cc:551] [0m[1;36mSensorsPrivate::RenderThread stopped[0m[1;36m[0m
[gz-8] [1;36m[Dbg] [gz.cc:434] [0m[1;36mShutting down gz-sim-server[0m[1;36m[0m
[gz-8] [1;36m[Dbg] [SimulationRunner.cc:578] [0m[1;36mExiting postupdate worker thread ([0m[1;36m2[0m[1;36m)[0m[1;36m[0m
[gz-8] [1;36mExiting postupdate worker thread ([0m[1;36mExiting postupdate worker thread ([0m[1;36m0[0m[1;36mExiting postupdate worker thread ([Dbg] [SimulationRunner.cc:578] [0m[1;36m1[0m[1;36mExiting postupdate worker thread ([0m[1;36m4[0m[1;36m)[0m[1;36m[0m
[gz-8] [1;36m[0m
[gz-8] [1;36mExiting postupdate worker thread ([0m[1;36mExiting postupdate worker thread ([0m[1;36m3[0m[1;36m3[0m[1;36m[0m
[gz-8] [1;36m[0m
[gz-8] [1;36m)[0m[1;36m[0m
[gz-8] [1;36m[0m
[gz-8] [1;36m[Dbg] [Sensors.cc:565] [0m[1;36mSensorsPrivate::Stop[0m[1;36m[0m
[INFO] [gz-8]: process has finished cleanly [pid 26760]
Experiment stopped.
