time_s,goal_id,decision_id,poses,path_length_m,endpoint_x,endpoint_y,frontier_x,frontier_y,endpoint_error_m,usable
1.946729660,1,1,17,0.929798918,0.880995705,0.208488921,0.880995705,0.208488921,0.000000000,1
2.983947277,1,1,14,0.690022553,0.880995705,0.208488921,0.880995705,0.208488921,0.000000000,1
4.035089493,1,1,10,0.500350041,0.880995705,0.208488921,0.880995705,0.208488921,0.000000000,1
14.536252260,2,2,87,4.423708676,3.178791007,-3.391511132,3.178791007,-3.391511132,0.000000000,1
15.184216976,2,2,87,4.423708676,3.178791007,-3.391511132,3.178791007,-3.391511132,0.000000000,1
16.217695236,2,2,80,4.086232635,3.178791007,-3.391511132,3.178791007,-3.391511132,0.000000000,1
17.242450953,2,2,69,3.480592281,3.178791007,-3.391511132,3.178791007,-3.391511132,0.000000000,1
18.322746038,2,2,59,2.948689832,3.178791007,-3.391511132,3.178791007,-3.391511132,0.000000000,1
19.313580990,2,2,48,2.491220921,3.178791007,-3.391511132,3.178791007,-3.391511132,0.000000000,1
20.314673424,2,2,37,1.925365268,3.178791007,-3.391511132,3.178791007,-3.391511132,0.000000000,1
21.348611593,2,2,27,1.406944879,3.178791007,-3.391511132,3.178791007,-3.391511132,0.000000000,1
22.380568027,2,2,19,0.993954379,3.178791007,-3.391511132,3.178791007,-3.391511132,0.000000000,1
23.401153088,2,2,12,0.631994061,3.178791007,-3.391511132,3.178791007,-3.391511132,0.000000000,1
29.126641273,3,3,166,8.407117775,-1.628534689,-9.650057812,-1.628534689,-9.650057812,0.000000000,1
29.715729237,3,3,166,8.407117775,-1.628534689,-9.650057812,-1.628534689,-9.650057812,0.000000000,1
30.722271204,3,3,158,8.020737397,-1.628534689,-9.650057812,-1.628534689,-9.650057812,0.000000000,1
31.785271168,3,3,149,7.531327654,-1.628534689,-9.650057812,-1.628534689,-9.650057812,0.000000000,1
32.751473427,3,3,141,7.105081961,-1.628534689,-9.650057812,-1.628534689,-9.650057812,0.000000000,1
33.819123030,3,3,131,6.613369275,-1.628534689,-9.650057812,-1.628534689,-9.650057812,0.000000000,1
34.797865868,3,3,123,6.210564198,-1.628534689,-9.650057812,-1.628534689,-9.650057812,0.000000000,1
35.820722342,3,3,114,5.733157833,-1.628534689,-9.650057812,-1.628534689,-9.650057812,0.000000000,1
36.886876345,3,3,102,5.167562402,-1.628534689,-9.650057812,-1.628534689,-9.650057812,0.000000000,1
37.895663977,3,3,91,4.592306778,-1.628534689,-9.650057812,-1.628534689,-9.650057812,0.000000000,1
38.917106390,3,3,81,4.101566976,-1.628534689,-9.650057812,-1.628534689,-9.650057812,0.000000000,1
39.920433283,3,3,73,3.685316894,-1.628534689,-9.650057812,-1.628534689,-9.650057812,0.000000000,1
40.944915771,3,3,59,3.000226997,-1.628534689,-9.650057812,-1.628534689,-9.650057812,0.000000000,1
42.075857401,3,3,49,2.482583595,-1.628534689,-9.650057812,-1.628534689,-9.650057812,0.000000000,1
42.994662046,3,3,39,1.975630273,-1.628534689,-9.650057812,-1.628534689,-9.650057812,0.000000000,1
43.999945402,3,3,31,1.564135402,-1.628534689,-9.650057812,-1.628534689,-9.650057812,0.000000000,1
45.054446936,3,3,20,1.061776185,-1.628534689,-9.650057812,-1.628534689,-9.650057812,0.000000000,1
46.062314510,3,3,13,0.703863163,-1.628534689,-9.650057812,-1.628534689,-9.650057812,0.000000000,1
47.091803789,3,3,7,0.384911947,-1.628534689,-9.650057812,-1.628534689,-9.650057812,0.000000000,1
51.781233072,4,4,245,12.322521844,-6.083606387,-6.281914661,-6.083606387,-6.281914661,0.000000000,1
52.482495546,4,4,241,12.117954426,-6.083606387,-6.281914661,-6.083606387,-6.281914661,0.000000000,1
53.552102566,4,4,234,11.790319119,-6.083606387,-6.281914661,-6.083606387,-6.281914661,0.000000000,1
54.544404984,4,4,231,11.634993314,-6.083606387,-6.281914661,-6.083606387,-6.281914661,0.000000000,1
55.599238634,4,4,232,11.663695258,-6.083606387,-6.281914661,-6.083606387,-6.281914661,0.000000000,1
56.625218630,4,4,223,11.215241468,-6.083606387,-6.281914661,-6.083606387,-6.281914661,0.000000000,1
57.618957758,4,4,213,10.756803361,-6.083606387,-6.281914661,-6.083606387,-6.281914661,0.000000000,1
58.643783092,4,4,203,10.221644974,-6.083606387,-6.281914661,-6.083606387,-6.281914661,0.000000000,1
59.659526825,4,4,192,9.669132443,-6.083606387,-6.281914661,-6.083606387,-6.281914661,0.000000000,1
60.678635359,4,4,184,9.277981251,-6.083606387,-6.281914661,-6.083606387,-6.281914661,0.000000000,1
61.703522682,4,4,179,9.055597399,-6.083606387,-6.281914661,-6.083606387,-6.281914661,0.000000000,1
62.734137297,4,4,161,8.168577037,-6.083606387,-6.281914661,-6.083606387,-6.281914661,0.000000000,1
63.762071371,4,4,154,7.764860854,-6.083606387,-6.281914661,-6.083606387,-6.281914661,0.000000000,1
64.801691532,4,4,143,7.223807483,-6.083606387,-6.281914661,-6.083606387,-6.281914661,0.000000000,1
65.812591553,4,4,131,6.658705740,-6.083606387,-6.281914661,-6.083606387,-6.281914661,0.000000000,1
66.855093956,4,4,121,6.117380772,-6.083606387,-6.281914661,-6.083606387,-6.281914661,0.000000000,1
67.874873161,4,4,111,5.618657915,-6.083606387,-6.281914661,-6.083606387,-6.281914661,0.000000000,1
68.917632341,4,4,101,5.117788006,-6.083606387,-6.281914661,-6.083606387,-6.281914661,0.000000000,1
69.933913708,4,4,91,4.610836472,-6.083606387,-6.281914661,-6.083606387,-6.281914661,0.000000000,1
70.964439392,4,4,81,4.116018766,-6.083606387,-6.281914661,-6.083606387,-6.281914661,0.000000000,1
72.008972645,4,4,71,3.615315020,-6.083606387,-6.281914661,-6.083606387,-6.281914661,0.000000000,1
73.013938665,4,4,60,3.078269934,-6.083606387,-6.281914661,-6.083606387,-6.281914661,0.000000000,1
74.027092218,4,4,51,2.607014796,-6.083606387,-6.281914661,-6.083606387,-6.281914661,0.000000000,1
75.060496569,4,4,41,2.109229032,-6.083606387,-6.281914661,-6.083606387,-6.281914661,0.000000000,1
76.132802248,4,4,31,1.616724315,-6.083606387,-6.281914661,-6.083606387,-6.281914661,0.000000000,1
77.113708973,4,4,22,1.151149786,-6.083606387,-6.281914661,-6.083606387,-6.281914661,0.000000000,1
78.175597191,4,4,14,0.781684378,-6.083606387,-6.281914661,-6.083606387,-6.281914661,0.000000000,1
79.160577774,4,4,9,0.513248172,-6.083606387,-6.281914661,-6.083606387,-6.281914661,0.000000000,1
82.949926853,5,5,254,12.817514282,2.085502323,-10.781914728,2.085502323,-10.781914728,0.000000000,1
83.843440771,5,5,249,12.551911740,2.085502323,-10.781914728,2.085502323,-10.781914728,0.000000000,1
84.885195971,5,5,245,12.322156745,2.085502323,-10.781914728,2.085502323,-10.781914728,0.000000000,1
85.894711018,5,5,241,12.131311892,2.085502323,-10.781914728,2.085502323,-10.781914728,0.000000000,1
86.932915688,5,5,241,12.131311892,2.085502323,-10.781914728,2.085502323,-10.781914728,0.000000000,1
87.938502073,5,5,234,11.782285405,2.085502323,-10.781914728,2.085502323,-10.781914728,0.000000000,1
88.974763155,5,5,224,11.268777178,2.085502323,-10.781914728,2.085502323,-10.781914728,0.000000000,1
90.008958340,5,5,213,10.732228638,2.085502323,-10.781914728,2.085502323,-10.781914728,0.000000000,1
91.025440693,5,5,203,10.231485194,2.085502323,-10.781914728,2.085502323,-10.781914728,0.000000000,1
92.033252001,5,5,193,9.727000551,2.085502323,-10.781914728,2.085502323,-10.781914728,0.000000000,1
93.076001644,5,5,183,9.233779523,2.085502323,-10.781914728,2.085502323,-10.781914728,0.000000000,1
94.080989122,5,5,173,8.728690619,2.085502323,-10.781914728,2.085502323,-10.781914728,0.000000000,1
95.164709330,5,5,163,8.234347061,2.085502323,-10.781914728,2.085502323,-10.781914728,0.000000000,1
96.174880266,5,5,153,7.727314119,2.085502323,-10.781914728,2.085502323,-10.781914728,0.000000000,1
97.191474199,5,5,143,7.237158973,2.085502323,-10.781914728,2.085502323,-10.781914728,0.000000000,1
98.261572123,5,5,133,6.736557145,2.085502323,-10.781914728,2.085502323,-10.781914728,0.000000000,1
99.229379177,5,5,124,6.280759369,2.085502323,-10.781914728,2.085502323,-10.781914728,0.000000000,1
100.275604725,5,5,113,5.724786175,2.085502323,-10.781914728,2.085502323,-10.781914728,0.000000000,1
101.301540613,5,5,102,5.163494363,2.085502323,-10.781914728,2.085502323,-10.781914728,0.000000000,1
102.395723581,5,5,92,4.669748175,2.085502323,-10.781914728,2.085502323,-10.781914728,0.000000000,1
103.318107843,5,5,83,4.217602431,2.085502323,-10.781914728,2.085502323,-10.781914728,0.000000000,1
104.336691380,5,5,74,3.788082984,2.085502323,-10.781914728,2.085502323,-10.781914728,0.000000000,1
105.468168974,5,5,62,3.200912457,2.085502323,-10.781914728,2.085502323,-10.781914728,0.000000000,1
106.480083704,5,5,50,2.697558194,2.085502323,-10.781914728,2.085502323,-10.781914728,0.000000000,1
107.438658953,5,5,42,2.197294969,2.085502323,-10.781914728,2.085502323,-10.781914728,0.000000000,1
108.482413054,5,5,31,1.634525879,2.085502323,-10.781914728,2.085502323,-10.781914728,0.000000000,1
109.446070433,5,5,21,1.134502625,2.085502323,-10.781914728,2.085502323,-10.781914728,0.000000000,1
110.480446100,5,5,15,0.853067349,2.085502323,-10.781914728,2.085502323,-10.781914728,0.000000000,1
111.514164686,5,5,10,0.573572937,2.085502323,-10.781914728,2.085502323,-10.781914728,0.000000000,1
115.276650190,6,6,208,10.496671419,7.385502402,-9.781914713,7.385502402,-9.781914713,0.000000000,1
116.211333275,6,6,205,10.321177198,7.385502402,-9.781914713,7.385502402,-9.781914713,0.000000000,1
117.184238911,6,6,197,9.955072635,7.385502402,-9.781914713,7.385502402,-9.781914713,0.000000000,1
118.217251301,6,6,191,9.643719149,7.385502402,-9.781914713,7.385502402,-9.781914713,0.000000000,1
119.245223999,6,6,185,9.415079784,7.385502402,-9.781914713,7.385502402,-9.781914713,0.000000000,1
120.285403490,6,6,185,9.415079784,7.385502402,-9.781914713,7.385502402,-9.781914713,0.000000000,1
121.379591942,6,6,179,9.024291667,7.385502402,-9.781914713,7.385502402,-9.781914713,0.000000000,1
122.360570908,6,6,171,8.645113081,7.385502402,-9.781914713,7.385502402,-9.781914713,0.000000000,1
123.359933615,6,6,160,8.095654608,7.385502402,-9.781914713,7.385502402,-9.781914713,0.000000000,1
124.397954226,6,6,148,7.465378166,7.385502402,-9.781914713,7.385502402,-9.781914713,0.000000000,1
125.416485786,6,6,138,6.963392874,7.385502402,-9.781914713,7.385502402,-9.781914713,0.000000000,1
126.485763550,6,6,128,6.465411632,7.385502402,-9.781914713,7.385502402,-9.781914713,0.000000000,1
127.575242758,6,6,118,5.963446579,7.385502402,-9.781914713,7.385502402,-9.781914713,0.000000000,1
128.516897917,6,6,108,5.466254700,7.385502402,-9.781914713,7.385502402,-9.781914713,0.000000000,1
129.515224218,6,6,95,4.921418881,7.385502402,-9.781914713,7.385502402,-9.781914713,0.000000000,1
130.551006794,6,6,89,4.528605552,7.385502402,-9.781914713,7.385502402,-9.781914713,0.000000000,1
131.572458267,6,6,77,3.928988303,7.385502402,-9.781914713,7.385502402,-9.781914713,0.000000000,1
132.640303612,6,6,67,3.431389537,7.385502402,-9.781914713,7.385502402,-9.781914713,0.000000000,1
133.618892670,6,6,57,2.931007657,7.385502402,-9.781914713,7.385502402,-9.781914713,0.000000000,1
134.685824156,6,6,47,2.436548398,7.385502402,-9.781914713,7.385502402,-9.781914713,0.000000000,1
135.706836224,6,6,36,1.903369548,7.385502402,-9.781914713,7.385502402,-9.781914713,0.000000000,1
136.702614784,6,6,28,1.480831522,7.385502402,-9.781914713,7.385502402,-9.781914713,0.000000000,1
137.721759319,6,6,22,1.296581518,7.385502402,-9.781914713,7.385502402,-9.781914713,0.000000000,1
138.840241432,6,6,15,0.913109914,7.385502402,-9.781914713,7.385502402,-9.781914713,0.000000000,1
139.773266077,6,6,13,0.832522735,7.385502402,-9.781914713,7.385502402,-9.781914713,0.000000000,1
143.563441992,7,7,372,18.715655168,-3.314497757,5.318085512,-3.314497757,5.318085512,0.000000000,1
144.105374336,7,7,371,18.618386656,-3.314497757,5.318085512,-3.314497757,5.318085512,0.000000000,1
145.112261772,7,7,369,18.518363754,-3.314497757,5.318085512,-3.314497757,5.318085512,0.000000000,1
146.151821136,7,7,369,18.518785524,-3.314497757,5.318085512,-3.314497757,5.318085512,0.000000000,1
147.176861525,7,7,359,18.033628645,-3.314497757,5.318085512,-3.314497757,5.318085512,0.000000000,1
148.199628830,7,7,349,17.539816254,-3.314497757,5.318085512,-3.314497757,5.318085512,0.000000000,1
149.224705458,7,7,337,16.944195502,-3.314497757,5.318085512,-3.314497757,5.318085512,0.000000000,1
150.237902164,7,7,328,16.483034052,-3.314497757,5.318085512,-3.314497757,5.318085512,0.000000000,1
151.272376299,7,7,318,15.983186620,-3.314497757,5.318085512,-3.314497757,5.318085512,0.000000000,1
152.325135708,7,7,306,15.401962839,-3.314497757,5.318085512,-3.314497757,5.318085512,0.000000000,1
153.333732128,7,7,298,14.980059854,-3.314497757,5.318085512,-3.314497757,5.318085512,0.000000000,1
154.445712328,7,7,287,14.460492386,-3.314497757,5.318085512,-3.314497757,5.318085512,0.000000000,1
155.396326542,7,7,276,13.880175777,-3.314497757,5.318085512,-3.314497757,5.318085512,0.000000000,1
156.390489101,7,7,266,13.380190741,-3.314497757,5.318085512,-3.314497757,5.318085512,0.000000000,1
157.441408634,7,7,256,12.880249978,-3.314497757,5.318085512,-3.314497757,5.318085512,0.000000000,1
158.481111050,7,7,246,12.380266931,-3.314497757,5.318085512,-3.314497757,5.318085512,0.000000000,1
159.573994160,7,7,236,11.880332300,-3.314497757,5.318085512,-3.314497757,5.318085512,0.000000000,1
160.494804382,7,7,226,11.399365476,-3.314497757,5.318085512,-3.314497757,5.318085512,0.000000000,1
161.548827887,7,7,216,10.880464430,-3.314497757,5.318085512,-3.314497757,5.318085512,0.000000000,1
162.545108318,7,7,204,10.299410337,-3.314497757,5.318085512,-3.314497757,5.318085512,0.000000000,1
163.720991373,7,7,195,9.840703842,-3.314497757,5.318085512,-3.314497757,5.318085512,0.000000000,1
164.644869328,7,7,185,9.342514802,-3.314497757,5.318085512,-3.314497757,5.318085512,0.000000000,1
165.646819353,7,7,176,8.901237033,-3.314497757,5.318085512,-3.314497757,5.318085512,0.000000000,1
166.643041134,7,7,168,8.381108528,-3.314497757,5.318085512,-3.314497757,5.318085512,0.000000000,1
167.682833910,7,7,158,7.903341258,-3.314497757,5.318085512,-3.314497757,5.318085512,0.000000000,1
168.696682692,7,7,146,7.322922539,-3.314497757,5.318085512,-3.314497757,5.318085512,0.000000000,1
169.729646921,7,7,136,6.800346741,-3.314497757,5.318085512,-3.314497757,5.318085512,0.000000000,1
170.751884699,7,7,126,6.322986251,-3.314497757,5.318085512,-3.314497757,5.318085512,0.000000000,1
171.756535530,7,7,116,5.800544177,-3.314497757,5.318085512,-3.314497757,5.318085512,0.000000000,1
172.792354584,7,7,106,5.322961855,-3.314497757,5.318085512,-3.314497757,5.318085512,0.000000000,1
173.816184759,7,7,96,4.800562366,-3.314497757,5.318085512,-3.314497757,5.318085512,0.000000000,1
174.851245642,7,7,86,4.322864135,-3.314497757,5.318085512,-3.314497757,5.318085512,0.000000000,1
175.866265774,7,7,76,3.800249051,-3.314497757,5.318085512,-3.314497757,5.318085512,0.000000000,1
176.891293049,7,7,66,3.303678846,-3.314497757,5.318085512,-3.314497757,5.318085512,0.000000000,1
177.992826462,7,7,56,2.799771797,-3.314497757,5.318085512,-3.314497757,5.318085512,0.000000000,1
179.002429724,7,7,44,2.227926677,-3.314497757,5.318085512,-3.314497757,5.318085512,0.000000000,1
179.982737541,7,7,34,1.733025267,-3.314497757,5.318085512,-3.314497757,5.318085512,0.000000000,1
181.041786432,7,7,26,1.301415690,-3.314497757,5.318085512,-3.314497757,5.318085512,0.000000000,1
182.036322117,7,7,19,0.928543758,-3.314497757,5.318085512,-3.314497757,5.318085512,0.000000000,1
183.052719831,7,7,14,0.698775836,-3.314497757,5.318085512,-3.314497757,5.318085512,0.000000000,1
184.081257343,7,7,11,0.528233680,-3.314497757,5.318085512,-3.314497757,5.318085512,0.000000000,1
189.020577431,8,8,141,7.569956353,-0.313778290,8.517836561,-0.313778290,8.517836561,0.000000000,1
189.827452660,8,8,137,7.372257253,-0.313778290,8.517836561,-0.313778290,8.517836561,0.000000000,1
190.897050619,8,8,129,6.977155623,-0.313778290,8.517836561,-0.313778290,8.517836561,0.000000000,1
191.886752129,8,8,123,6.678813758,-0.313778290,8.517836561,-0.313778290,8.517836561,0.000000000,1
192.903199434,8,8,115,6.279130421,-0.313778290,8.517836561,-0.313778290,8.517836561,0.000000000,1
193.961740494,8,8,109,5.952002447,-0.313778290,8.517836561,-0.313778290,8.517836561,0.000000000,1
194.963800907,8,8,101,5.548903160,-0.313778290,8.517836561,-0.313778290,8.517836561,0.000000000,1
195.993728638,8,8,93,5.148502505,-0.313778290,8.517836561,-0.313778290,8.517836561,0.000000000,1
197.067282915,8,8,87,4.856097431,-0.313778290,8.517836561,-0.313778290,8.517836561,0.000000000,1
198.047060966,8,8,81,4.541259494,-0.313778290,8.517836561,-0.313778290,8.517836561,0.000000000,1
199.085747957,8,8,71,4.120165689,-0.313778290,8.517836561,-0.313778290,8.517836561,0.000000000,1
200.102023602,8,8,77,4.213608716,-0.313778290,8.517836561,-0.313778290,8.517836561,0.000000000,1
201.173809528,8,8,77,4.242001915,-0.313778290,8.517836561,-0.313778290,8.517836561,0.000000000,1
202.165871859,8,8,84,4.332505565,-0.313778290,8.517836561,-0.313778290,8.517836561,0.000000000,1
203.254329443,8,8,83,4.236968701,-0.313778290,8.517836561,-0.313778290,8.517836561,0.000000000,1
204.212586641,8,8,78,3.910510382,-0.313778290,8.517836561,-0.313778290,8.517836561,0.000000000,1
205.232284784,8,8,73,3.635229635,-0.313778290,8.517836561,-0.313778290,8.517836561,0.000000000,1
206.343276739,8,8,64,3.215504727,-0.313778290,8.517836561,-0.313778290,8.517836561,0.000000000,1
207.329512835,8,8,57,2.837381146,-0.313778290,8.517836561,-0.313778290,8.517836561,0.000000000,1
208.324044228,8,8,47,2.351544216,-0.313778290,8.517836561,-0.313778290,8.517836561,0.000000000,1
209.364554167,8,8,37,1.837738486,-0.313778290,8.517836561,-0.313778290,8.517836561,0.000000000,1
210.377281904,8,8,29,1.449232613,-0.313778290,8.517836561,-0.313778290,8.517836561,0.000000000,1
211.427292347,8,8,21,1.048913527,-0.313778290,8.517836561,-0.313778290,8.517836561,0.000000000,1
212.485074520,8,8,15,0.752620778,-0.313778290,8.517836561,-0.313778290,8.517836561,0.000000000,1
213.502554655,8,8,7,0.440303567,-0.313778290,8.517836561,-0.313778290,8.517836561,0.000000000,1
217.954538584,9,9,127,6.458549484,0.286221719,9.817836580,0.286221719,9.817836580,0.000000000,1
218.660300970,9,9,122,6.169472239,0.286221719,9.817836580,0.286221719,9.817836580,0.000000000,1
219.747700453,9,9,122,6.168671468,0.286221719,9.817836580,0.286221719,9.817836580,0.000000000,1
220.711539268,9,9,120,6.083297876,0.286221719,9.817836580,0.286221719,9.817836580,0.000000000,1
221.724355459,9,9,112,5.771587136,0.286221719,9.817836580,0.286221719,9.817836580,0.000000000,1
222.782982588,9,9,102,5.284764704,0.286221719,9.817836580,0.286221719,9.817836580,0.000000000,1
223.773632526,9,9,97,4.914664461,0.286221719,9.817836580,0.286221719,9.817836580,0.000000000,1
224.849554539,9,9,89,4.534738721,0.286221719,9.817836580,0.286221719,9.817836580,0.000000000,1
225.841323137,9,9,79,4.040322325,0.286221719,9.817836580,0.286221719,9.817836580,0.000000000,1
226.845657825,9,9,66,3.370441122,0.286221719,9.817836580,0.286221719,9.817836580,0.000000000,1
227.916575909,9,9,52,2.775242205,0.286221719,9.817836580,0.286221719,9.817836580,0.000000000,1
229.156736851,9,9,47,2.437301535,0.286221719,9.817836580,0.286221719,9.817836580,0.000000000,1
229.942458391,9,9,35,1.827092950,0.286221719,9.817836580,0.286221719,9.817836580,0.000000000,1
230.951152086,9,9,25,1.363178925,0.286221719,9.817836580,0.286221719,9.817836580,0.000000000,1
232.007863998,9,9,18,0.970832219,0.286221719,9.817836580,0.286221719,9.817836580,0.000000000,1
233.004274130,9,9,13,0.764119949,0.286221719,9.817836580,0.286221719,9.817836580,0.000000000,1
234.045693874,9,9,8,0.582502104,0.286221719,9.817836580,0.286221719,9.817836580,0.000000000,1
238.706553936,10,10,231,11.527282130,-5.913778374,6.317836528,-5.913778374,6.317836528,0.000000000,1
239.375008106,10,10,227,11.366896925,-5.913778374,6.317836528,-5.913778374,6.317836528,0.000000000,1
240.398326874,10,10,227,11.327873470,-5.913778374,6.317836528,-5.913778374,6.317836528,0.000000000,1
241.425083399,10,10,225,11.259490079,-5.913778374,6.317836528,-5.913778374,6.317836528,0.000000000,1
242.465070009,10,10,217,10.853593684,-5.913778374,6.317836528,-5.913778374,6.317836528,0.000000000,1
243.554782391,10,10,204,10.293596022,-5.913778374,6.317836528,-5.913778374,6.317836528,0.000000000,1
244.552033901,10,10,192,9.688117601,-5.913778374,6.317836528,-5.913778374,6.317836528,0.000000000,1
245.537866831,10,10,182,9.191252918,-5.913778374,6.317836528,-5.913778374,6.317836528,0.000000000,1
246.581998348,10,10,172,8.690253209,-5.913778374,6.317836528,-5.913778374,6.317836528,0.000000000,1
247.633118868,10,10,162,8.194830352,-5.913778374,6.317836528,-5.913778374,6.317836528,0.000000000,1
248.631178379,10,10,155,7.769099740,-5.913778374,6.317836528,-5.913778374,6.317836528,0.000000000,1
249.645981073,10,10,142,7.183013773,-5.913778374,6.317836528,-5.913778374,6.317836528,0.000000000,1
250.702359200,10,10,134,6.696757227,-5.913778374,6.317836528,-5.913778374,6.317836528,0.000000000,1
251.717450380,10,10,121,6.116114038,-5.913778374,6.317836528,-5.913778374,6.317836528,0.000000000,1
252.735690355,10,10,111,5.619535659,-5.913778374,6.317836528,-5.913778374,6.317836528,0.000000000,1
253.841136217,10,10,105,5.227346569,-5.913778374,6.317836528,-5.913778374,6.317836528,0.000000000,1
254.816989183,10,10,94,4.693723136,-5.913778374,6.317836528,-5.913778374,6.317836528,0.000000000,1
255.823786974,10,10,85,4.235243637,-5.913778374,6.317836528,-5.913778374,6.317836528,0.000000000,1
256.845068932,10,10,75,3.766369550,-5.913778374,6.317836528,-5.913778374,6.317836528,0.000000000,1
257.886676073,10,10,66,3.287896664,-5.913778374,6.317836528,-5.913778374,6.317836528,0.000000000,1
258.894348621,10,10,55,2.755019379,-5.913778374,6.317836528,-5.913778374,6.317836528,0.000000000,1
259.917561054,10,10,45,2.255282400,-5.913778374,6.317836528,-5.913778374,6.317836528,0.000000000,1
260.956241846,10,10,35,1.757847660,-5.913778374,6.317836528,-5.913778374,6.317836528,0.000000000,1
261.978730679,10,10,25,1.234318600,-5.913778374,6.317836528,-5.913778374,6.317836528,0.000000000,1
263.002856255,10,10,19,0.949782787,-5.913778374,6.317836528,-5.913778374,6.317836528,0.000000000,1
264.022607803,10,10,12,0.583889455,-5.913778374,6.317836528,-5.913778374,6.317836528,0.000000000,1
268.706246853,11,11,382,19.037806257,12.687880490,5.017705954,12.687880490,5.017705954,0.000000000,1
269.667704582,11,11,376,18.790621079,12.687880490,5.017705954,12.687880490,5.017705954,0.000000000,1
270.699244261,11,11,369,18.540321070,12.687880490,5.017705954,12.687880490,5.017705954,0.000000000,1
271.702959299,11,11,366,18.375798713,12.687880490,5.017705954,12.687880490,5.017705954,0.000000000,1
272.767138243,11,11,368,18.388497758,12.687880490,5.017705954,12.687880490,5.017705954,0.000000000,1
273.777293682,11,11,354,17.907657349,12.687880490,5.017705954,12.687880490,5.017705954,0.000000000,1
274.795793772,11,11,348,17.345934811,12.687880490,5.017705954,12.687880490,5.017705954,0.000000000,1
275.848689556,11,11,337,16.836472205,12.687880490,5.017705954,12.687880490,5.017705954,0.000000000,1
276.852118969,11,11,328,16.341397207,12.687880490,5.017705954,12.687880490,5.017705954,0.000000000,1
277.864150286,11,11,317,15.827900757,12.687880490,5.017705954,12.687880490,5.017705954,0.000000000,1
278.916961670,11,11,306,15.295407934,12.687880490,5.017705954,12.687880490,5.017705954,0.000000000,1
279.924453974,11,11,297,14.815907279,12.687880490,5.017705954,12.687880490,5.017705954,0.000000000,1
280.982148170,11,11,285,14.330739624,12.687880490,5.017705954,12.687880490,5.017705954,0.000000000,1
282.006037712,11,11,275,13.830739622,12.687880490,5.017705954,12.687880490,5.017705954,0.000000000,1
283.006922245,11,11,265,13.330739625,12.687880490,5.017705954,12.687880490,5.017705954,0.000000000,1
284.034736156,11,11,255,12.830739637,12.687880490,5.017705954,12.687880490,5.017705954,0.000000000,1
285.079802752,11,11,243,12.230739674,12.687880490,5.017705954,12.687880490,5.017705954,0.000000000,1
286.100125790,11,11,233,11.730739734,12.687880490,5.017705954,12.687880490,5.017705954,0.000000000,1
287.163692951,11,11,223,11.230739850,12.687880490,5.017705954,12.687880490,5.017705954,0.000000000,1
288.165577888,11,11,213,10.730740053,12.687880490,5.017705954,12.687880490,5.017705954,0.000000000,1
289.177144527,11,11,203,10.230740905,12.687880490,5.017705954,12.687880490,5.017705954,0.000000000,1
290.194777012,11,11,193,9.730741519,12.687880490,5.017705954,12.687880490,5.017705954,0.000000000,1
291.235892296,11,11,183,9.230742139,12.687880490,5.017705954,12.687880490,5.017705954,0.000000000,1
292.241207838,11,11,173,8.730743583,12.687880490,5.017705954,12.687880490,5.017705954,0.000000000,1
293.267477751,11,11,163,8.230746209,12.687880490,5.017705954,12.687880490,5.017705954,0.000000000,1
294.330733299,11,11,153,7.730749722,12.687880490,5.017705954,12.687880490,5.017705954,0.000000000,1
295.315776110,11,11,143,7.230754390,12.687880490,5.017705954,12.687880490,5.017705954,0.000000000,1
296.425475836,11,11,131,6.630763115,12.687880490,5.017705954,12.687880490,5.017705954,0.000000000,1
297.385996819,11,11,121,6.130773521,12.687880490,5.017705954,12.687880490,5.017705954,0.000000000,1
298.420133352,11,11,111,5.630788964,12.687880490,5.017705954,12.687880490,5.017705954,0.000000000,1
299.426271915,11,11,101,5.131428219,12.687880490,5.017705954,12.687880490,5.017705954,0.000000000,1
300.441491604,11,11,91,4.628274241,12.687880490,5.017705954,12.687880490,5.017705954,0.000000000,1
301.509521008,11,11,81,4.128305528,12.687880490,5.017705954,12.687880490,5.017705954,0.000000000,1
302.504823685,11,11,71,3.636616751,12.687880490,5.017705954,12.687880490,5.017705954,0.000000000,1
303.533653736,11,11,61,3.131723549,12.687880490,5.017705954,12.687880490,5.017705954,0.000000000,1
304.558726788,11,11,51,2.631733004,12.687880490,5.017705954,12.687880490,5.017705954,0.000000000,1
305.595462799,11,11,38,2.012026933,12.687880490,5.017705954,12.687880490,5.017705954,0.000000000,1
306.622620106,11,11,28,1.512026925,12.687880490,5.017705954,12.687880490,5.017705954,0.000000000,1
307.646681786,11,11,20,1.112026919,12.687880490,5.017705954,12.687880490,5.017705954,0.000000000,1
308.696631670,11,11,12,0.712026913,12.687880490,5.017705954,12.687880490,5.017705954,0.000000000,1
309.702702761,11,11,8,0.512026910,12.687880490,5.017705954,12.687880490,5.017705954,0.000000000,1
313.963365555,12,12,190,9.492522926,21.188004612,6.317681241,21.188004612,6.317681241,0.000000000,1
314.764572382,12,12,183,9.152372384,21.188004612,6.317681241,21.188004612,6.317681241,0.000000000,1
315.811569691,12,12,176,8.785362497,21.188004612,6.317681241,21.188004612,6.317681241,0.000000000,1
316.820551872,12,12,165,8.258501940,21.188004612,6.317681241,21.188004612,6.317681241,0.000000000,1
317.856319904,12,12,157,7.824294887,21.188004612,6.317681241,21.188004612,6.317681241,0.000000000,1
318.895660400,12,12,144,7.212007865,21.188004612,6.317681241,21.188004612,6.317681241,0.000000000,1
319.923714399,12,12,135,6.728883797,21.188004612,6.317681241,21.188004612,6.317681241,0.000000000,1
320.921642303,12,12,123,6.123910585,21.188004612,6.317681241,21.188004612,6.317681241,0.000000000,1
321.951530933,12,12,113,5.622883725,21.188004612,6.317681241,21.188004612,6.317681241,0.000000000,1
322.972194910,12,12,103,5.124369742,21.188004612,6.317681241,21.188004612,6.317681241,0.000000000,1
324.022649765,12,12,92,4.609433463,21.188004612,6.317681241,21.188004612,6.317681241,0.000000000,1
325.047272205,12,12,82,4.106251010,21.188004612,6.317681241,21.188004612,6.317681241,0.000000000,1
326.060289383,12,12,69,3.444183082,21.188004612,6.317681241,21.188004612,6.317681241,0.000000000,1
327.095296383,12,12,60,3.016397181,21.188004612,6.317681241,21.188004612,6.317681241,0.000000000,1
328.091665745,12,12,48,2.411246141,21.188004612,6.317681241,21.188004612,6.317681241,0.000000000,1
329.120458126,12,12,36,1.777179759,21.188004612,6.317681241,21.188004612,6.317681241,0.000000000,1
330.217171907,12,12,26,1.281714872,21.188004612,6.317681241,21.188004612,6.317681241,0.000000000,1
331.166712999,12,12,17,0.871206184,21.188004612,6.317681241,21.188004612,6.317681241,0.000000000,1
332.195911407,12,12,12,0.580796800,21.188004612,6.317681241,21.188004612,6.317681241,0.000000000,1
345.519672155,14,14,96,4.895518706,19.188004582,10.217681299,19.188004582,10.217681299,0.000000000,1
346.101669073,14,14,95,4.841151915,19.188004582,10.217681299,19.188004582,10.217681299,0.000000000,1
347.178805113,14,14,84,4.292448148,19.188004582,10.217681299,19.188004582,10.217681299,0.000000000,1
348.164430618,14,14,73,3.714477196,19.188004582,10.217681299,19.188004582,10.217681299,0.000000000,1
349.190078497,14,14,62,3.177093924,19.188004582,10.217681299,19.188004582,10.217681299,0.000000000,1
350.217559576,14,14,51,2.640515761,19.188004582,10.217681299,19.188004582,10.217681299,0.000000000,1
351.238073587,14,14,42,2.192505183,19.188004582,10.217681299,19.188004582,10.217681299,0.000000000,1
352.277549028,14,14,31,1.658512736,19.188004582,10.217681299,19.188004582,10.217681299,0.000000000,1
353.299777031,14,14,21,1.159741267,19.188004582,10.217681299,19.188004582,10.217681299,0.000000000,1
354.330869913,14,14,14,0.797520381,19.188004582,10.217681299,19.188004582,10.217681299,0.000000000,1
355.361850262,14,14,10,0.574006953,19.188004582,10.217681299,19.188004582,10.217681299,0.000000000,1
361.323145151,15,15,226,11.381744361,26.888004697,2.317681181,26.888004697,2.317681181,0.000000000,1
362.146692991,15,15,221,11.115009140,26.888004697,2.317681181,26.888004697,2.317681181,0.000000000,1
363.161895037,15,15,216,10.865597984,26.888004697,2.317681181,26.888004697,2.317681181,0.000000000,1
364.231101990,15,15,212,10.688234616,26.888004697,2.317681181,26.888004697,2.317681181,0.000000000,1
365.197630167,15,15,212,10.688234616,26.888004697,2.317681181,26.888004697,2.317681181,0.000000000,1
366.225778341,15,15,205,10.315731429,26.888004697,2.317681181,26.888004697,2.317681181,0.000000000,1
367.297784805,15,15,194,9.784838240,26.888004697,2.317681181,26.888004697,2.317681181,0.000000000,1
368.276388884,15,15,184,9.288962657,26.888004697,2.317681181,26.888004697,2.317681181,0.000000000,1
369.303987980,15,15,173,8.746401221,26.888004697,2.317681181,26.888004697,2.317681181,0.000000000,1
370.322032928,15,15,165,8.337026408,26.888004697,2.317681181,26.888004697,2.317681181,0.000000000,1
371.400270700,15,15,154,7.791064235,26.888004697,2.317681181,26.888004697,2.317681181,0.000000000,1
372.364752293,15,15,144,7.283550062,26.888004697,2.317681181,26.888004697,2.317681181,0.000000000,1
373.401200771,15,15,133,6.769793224,26.888004697,2.317681181,26.888004697,2.317681181,0.000000000,1
374.451848507,15,15,122,6.189437369,26.888004697,2.317681181,26.888004697,2.317681181,0.000000000,1
375.469015837,15,15,113,5.740610955,26.888004697,2.317681181,26.888004697,2.317681181,0.000000000,1
376.444404364,15,15,103,5.237948384,26.888004697,2.317681181,26.888004697,2.317681181,0.000000000,1
377.485612392,15,15,92,4.702695516,26.888004697,2.317681181,26.888004697,2.317681181,0.000000000,1
378.532151222,15,15,82,4.166833326,26.888004697,2.317681181,26.888004697,2.317681181,0.000000000,1
379.541459084,15,15,71,3.627893533,26.888004697,2.317681181,26.888004697,2.317681181,0.000000000,1
380.552606821,15,15,62,3.179067088,26.888004697,2.317681181,26.888004697,2.317681181,0.000000000,1
381.576355934,15,15,51,2.638199781,26.888004697,2.317681181,26.888004697,2.317681181,0.000000000,1
382.602859735,15,15,41,2.124777611,26.888004697,2.317681181,26.888004697,2.317681181,0.000000000,1
383.655385971,15,15,31,1.638167116,26.888004697,2.317681181,26.888004697,2.317681181,0.000000000,1
384.646710396,15,15,21,1.136502807,26.888004697,2.317681181,26.888004697,2.317681181,0.000000000,1
385.715603828,15,15,14,0.779385712,26.888004697,2.317681181,26.888004697,2.317681181,0.000000000,1
386.714884043,15,15,8,0.495108219,26.888004697,2.317681181,26.888004697,2.317681181,0.000000000,1
394.640470982,16,16,127,6.349555487,28.188004716,-2.982318898,28.188004716,-2.982318898,0.000000000,1
395.423015594,16,16,123,6.129611484,28.188004716,-2.982318898,28.188004716,-2.982318898,0.000000000,1
396.436821222,16,16,112,5.591641584,28.188004716,-2.982318898,28.188004716,-2.982318898,0.000000000,1
397.467081070,16,16,100,5.051363598,28.188004716,-2.982318898,28.188004716,-2.982318898,0.000000000,1
398.505625010,16,16,88,4.451719671,28.188004716,-2.982318898,28.188004716,-2.982318898,0.000000000,1
399.555939198,16,16,79,3.950662903,28.188004716,-2.982318898,28.188004716,-2.982318898,0.000000000,1
400.546327591,16,16,68,3.446721232,28.188004716,-2.982318898,28.188004716,-2.982318898,0.000000000,1
401.584278345,16,16,58,2.949575047,28.188004716,-2.982318898,28.188004716,-2.982318898,0.000000000,1
402.613723993,16,16,52,2.592109398,28.188004716,-2.982318898,28.188004716,-2.982318898,0.000000000,1
403.622727156,16,16,41,2.064491547,28.188004716,-2.982318898,28.188004716,-2.982318898,0.000000000,1
404.653032064,16,16,30,1.563155345,28.188004716,-2.982318898,28.188004716,-2.982318898,0.000000000,1
405.715689182,16,16,23,1.170278153,28.188004716,-2.982318898,28.188004716,-2.982318898,0.000000000,1
406.719626665,16,16,15,0.794019773,28.188004716,-2.982318898,28.188004716,-2.982318898,0.000000000,1
407.718689442,16,16,12,0.577209249,28.188004716,-2.982318898,28.188004716,-2.982318898,0.000000000,1
408.735033989,16,16,8,0.376141186,28.188004716,-2.982318898,28.188004716,-2.982318898,0.000000000,1
416.781811953,17,17,212,10.692396417,18.888004578,-7.982318972,18.888004578,-7.982318972,0.000000000,1
417.552431107,17,17,205,10.390970784,18.888004578,-7.982318972,18.888004578,-7.982318972,0.000000000,1
418.674697638,17,17,197,9.973232835,18.888004578,-7.982318972,18.888004578,-7.982318972,0.000000000,1
419.596529007,17,17,190,9.572832758,18.888004578,-7.982318972,18.888004578,-7.982318972,0.000000000,1
420.647086143,17,17,182,9.209525200,18.888004578,-7.982318972,18.888004578,-7.982318972,0.000000000,1
421.637210608,17,17,175,8.863120903,18.888004578,-7.982318972,18.888004578,-7.982318972,0.000000000,1
422.661940336,17,17,168,8.489051546,18.888004578,-7.982318972,18.888004578,-7.982318972,0.000000000,1
423.675257444,17,17,161,8.129743928,18.888004578,-7.982318972,18.888004578,-7.982318972,0.000000000,1
424.716103077,17,17,154,7.820874990,18.888004578,-7.982318972,18.888004578,-7.982318972,0.000000000,1
425.740067482,17,17,148,7.472748045,18.888004578,-7.982318972,18.888004578,-7.982318972,0.000000000,1
426.764231920,17,17,141,7.158389583,18.888004578,-7.982318972,18.888004578,-7.982318972,0.000000000,1
427.795277596,17,17,132,6.709271848,18.888004578,-7.982318972,18.888004578,-7.982318972,0.000000000,1
428.866240740,17,17,126,6.394173881,18.888004578,-7.982318972,18.888004578,-7.982318972,0.000000000,1
429.835271597,17,17,118,5.994766771,18.888004578,-7.982318972,18.888004578,-7.982318972,0.000000000,1
430.873796463,17,17,110,5.703175495,18.888004578,-7.982318972,18.888004578,-7.982318972,0.000000000,1
431.883662939,17,17,105,5.323295309,18.888004578,-7.982318972,18.888004578,-7.982318972,0.000000000,1
432.923337936,17,17,97,4.941108291,18.888004578,-7.982318972,18.888004578,-7.982318972,0.000000000,1
433.957287073,17,17,89,4.643070106,18.888004578,-7.982318972,18.888004578,-7.982318972,0.000000000,1
434.966063023,17,17,84,4.266571110,18.888004578,-7.982318972,18.888004578,-7.982318972,0.000000000,1
435.979502678,17,17,76,3.906082136,18.888004578,-7.982318972,18.888004578,-7.982318972,0.000000000,1
437.017338037,17,17,69,3.528921372,18.888004578,-7.982318972,18.888004578,-7.982318972,0.000000000,1
438.077615499,17,17,61,3.148385618,18.888004578,-7.982318972,18.888004578,-7.982318972,0.000000000,1
439.063026190,17,17,57,3.015169511,18.888004578,-7.982318972,18.888004578,-7.982318972,0.000000000,1
440.084701538,17,17,57,2.896837449,18.888004578,-7.982318972,18.888004578,-7.982318972,0.000000000,1
441.147490025,17,17,51,2.611129069,18.888004578,-7.982318972,18.888004578,-7.982318972,0.000000000,1
442.137549639,17,17,40,2.149282096,18.888004578,-7.982318972,18.888004578,-7.982318972,0.000000000,1
443.151164293,17,17,30,1.598939392,18.888004578,-7.982318972,18.888004578,-7.982318972,0.000000000,1
444.176838636,17,17,20,1.057544754,18.888004578,-7.982318972,18.888004578,-7.982318972,0.000000000,1
445.230458736,17,17,13,0.738956009,18.888004578,-7.982318972,18.888004578,-7.982318972,0.000000000,1
446.248991251,17,17,7,0.420004903,18.888004578,-7.982318972,18.888004578,-7.982318972,0.000000000,1
453.002185345,18,18,81,4.158610555,16.688004545,-11.012104997,16.688004545,-11.012104997,0.000000000,1
453.689924002,18,18,77,3.938793114,16.688004545,-11.012104997,16.688004545,-11.012104997,0.000000000,1
454.693073988,18,18,67,3.428137426,16.688004545,-11.012104997,16.688004545,-11.012104997,0.000000000,1
455.733033419,18,18,56,2.885145756,16.688004545,-11.012104997,16.688004545,-11.012104997,0.000000000,1
456.757660151,18,18,46,2.382267281,16.688004545,-11.012104997,16.688004545,-11.012104997,0.000000000,1
457.784448624,18,18,34,1.805063471,16.688004545,-11.012104997,16.688004545,-11.012104997,0.000000000,1
458.829528809,18,18,25,1.359124368,16.688004545,-11.012104997,16.688004545,-11.012104997,0.000000000,1
459.843275547,18,18,17,0.950152994,16.688004545,-11.012104997,16.688004545,-11.012104997,0.000000000,1
460.873790503,18,18,11,0.627041682,16.688004545,-11.012104997,16.688004545,-11.012104997,0.000000000,1
468.061679125,19,19,433,21.622637203,35.888004831,-5.212104910,35.888004831,-5.212104910,0.000000000,1
468.767940998,19,19,426,21.311971427,35.888004831,-5.212104910,35.888004831,-5.212104910,0.000000000,1
469.736161470,19,19,420,21.011536533,35.888004831,-5.212104910,35.888004831,-5.212104910,0.000000000,1
470.803108215,19,19,411,20.560328523,35.888004831,-5.212104910,35.888004831,-5.212104910,0.000000000,1
471.816869020,19,19,405,20.244400339,35.888004831,-5.212104910,35.888004831,-5.212104910,0.000000000,1
472.826893568,19,19,399,19.932555980,35.888004831,-5.212104910,35.888004831,-5.212104910,0.000000000,1
473.839722157,19,19,391,19.561932857,35.888004831,-5.212104910,35.888004831,-5.212104910,0.000000000,1
474.971588612,19,19,384,19.192374955,35.888004831,-5.212104910,35.888004831,-5.212104910,0.000000000,1
475.903580189,19,19,378,18.881688638,35.888004831,-5.212104910,35.888004831,-5.212104910,0.000000000,1
476.943941116,19,19,371,18.534569247,35.888004831,-5.212104910,35.888004831,-5.212104910,0.000000000,1
477.975059032,19,19,361,18.053840040,35.888004831,-5.212104910,35.888004831,-5.212104910,0.000000000,1
479.005516052,19,19,355,17.726489956,35.888004831,-5.212104910,35.888004831,-5.212104910,0.000000000,1
480.029778242,19,19,347,17.346725030,35.888004831,-5.212104910,35.888004831,-5.212104910,0.000000000,1
481.041360855,19,19,341,17.061323575,35.888004831,-5.212104910,35.888004831,-5.212104910,0.000000000,1
482.181574106,19,19,334,16.699370513,35.888004831,-5.212104910,35.888004831,-5.212104910,0.000000000,1
483.127082586,19,19,327,16.371274346,35.888004831,-5.212104910,35.888004831,-5.212104910,0.000000000,1
484.178375006,19,19,320,15.977193562,35.888004831,-5.212104910,35.888004831,-5.212104910,0.000000000,1
485.167596579,19,19,318,15.914849510,35.888004831,-5.212104910,35.888004831,-5.212104910,0.000000000,1
486.185390472,19,19,315,15.753649641,35.888004831,-5.212104910,35.888004831,-5.212104910,0.000000000,1
487.227221012,19,19,309,15.441990034,35.888004831,-5.212104910,35.888004831,-5.212104910,0.000000000,1
488.243247509,19,19,299,14.937612208,35.888004831,-5.212104910,35.888004831,-5.212104910,0.000000000,1
489.258323431,19,19,288,14.397048525,35.888004831,-5.212104910,35.888004831,-5.212104910,0.000000000,1
490.339979410,19,19,277,13.861792447,35.888004831,-5.212104910,35.888004831,-5.212104910,0.000000000,1
491.316869259,19,19,266,13.377508055,35.888004831,-5.212104910,35.888004831,-5.212104910,0.000000000,1
492.363411427,19,19,256,12.877505504,35.888004831,-5.212104910,35.888004831,-5.212104910,0.000000000,1
493.363689661,19,19,246,12.377503418,35.888004831,-5.212104910,35.888004831,-5.212104910,0.000000000,1
494.389276743,19,19,236,11.877497670,35.888004831,-5.212104910,35.888004831,-5.212104910,0.000000000,1
495.426335573,19,19,226,11.377486526,35.888004831,-5.212104910,35.888004831,-5.212104910,0.000000000,1
496.487429142,19,19,214,10.777474755,35.888004831,-5.212104910,35.888004831,-5.212104910,0.000000000,1
497.463136673,19,19,204,10.277451274,35.888004831,-5.212104910,35.888004831,-5.212104910,0.000000000,1
498.489201307,19,19,194,9.777415203,35.888004831,-5.212104910,35.888004831,-5.212104910,0.000000000,1
499.499257088,19,19,184,9.278045884,35.888004831,-5.212104910,35.888004831,-5.212104910,0.000000000,1
500.535918474,19,19,174,8.777960085,35.888004831,-5.212104910,35.888004831,-5.212104910,0.000000000,1
501.564297915,19,19,164,8.277832356,35.888004831,-5.212104910,35.888004831,-5.212104910,0.000000000,1
502.619882584,19,19,154,7.774792151,35.888004831,-5.212104910,35.888004831,-5.212104910,0.000000000,1
503.619574308,19,19,144,7.272023289,35.888004831,-5.212104910,35.888004831,-5.212104910,0.000000000,1
504.665058851,19,19,134,6.769565402,35.888004831,-5.212104910,35.888004831,-5.212104910,0.000000000,1
505.660048008,19,19,124,6.268985817,35.888004831,-5.212104910,35.888004831,-5.212104910,0.000000000,1
506.702780485,19,19,114,5.767389822,35.888004831,-5.212104910,35.888004831,-5.212104910,0.000000000,1
507.706095695,19,19,102,5.168620520,35.888004831,-5.212104910,35.888004831,-5.212104910,0.000000000,1
508.734936714,19,19,92,4.668491311,35.888004831,-5.212104910,35.888004831,-5.212104910,0.000000000,1
509.794473648,19,19,82,4.166456976,35.888004831,-5.212104910,35.888004831,-5.212104910,0.000000000,1
510.855784178,19,19,72,3.673993897,35.888004831,-5.212104910,35.888004831,-5.212104910,0.000000000,1
511.835545301,19,19,62,3.187610886,35.888004831,-5.212104910,35.888004831,-5.212104910,0.000000000,1
512.901074648,19,19,52,2.698430018,35.888004831,-5.212104910,35.888004831,-5.212104910,0.000000000,1
513.881344080,19,19,42,2.192038973,35.888004831,-5.212104910,35.888004831,-5.212104910,0.000000000,1
514.884920359,19,19,32,1.684956700,35.888004831,-5.212104910,35.888004831,-5.212104910,0.000000000,1
515.911816120,19,19,22,1.173354660,35.888004831,-5.212104910,35.888004831,-5.212104910,0.000000000,1
516.935898066,19,19,15,0.857230581,35.888004831,-5.212104910,35.888004831,-5.212104910,0.000000000,1
517.970249414,19,19,9,0.544313390,35.888004831,-5.212104910,35.888004831,-5.212104910,0.000000000,1
525.837868690,20,20,128,6.484777824,32.386437272,-10.907820786,32.386437272,-10.907820786,0.000000000,1
526.380109787,20,20,125,6.329962186,32.386437272,-10.907820786,32.386437272,-10.907820786,0.000000000,1
527.411557436,20,20,124,6.287230852,32.386437272,-10.907820786,32.386437272,-10.907820786,0.000000000,1
528.430018902,20,20,120,6.094440313,32.386437272,-10.907820786,32.386437272,-10.907820786,0.000000000,1
529.502179623,20,20,110,5.587644626,32.386437272,-10.907820786,32.386437272,-10.907820786,0.000000000,1
530.480389118,20,20,100,5.099232974,32.386437272,-10.907820786,32.386437272,-10.907820786,0.000000000,1
531.575297356,20,20,91,4.639193856,32.386437272,-10.907820786,32.386437272,-10.907820786,0.000000000,1
532.534689665,20,20,80,4.102217695,32.386437272,-10.907820786,32.386437272,-10.907820786,0.000000000,1
533.558167934,20,20,69,3.519655524,32.386437272,-10.907820786,32.386437272,-10.907820786,0.000000000,1
534.610527515,20,20,60,3.076643654,32.386437272,-10.907820786,32.386437272,-10.907820786,0.000000000,1
535.616402626,20,20,50,2.576505500,32.386437272,-10.907820786,32.386437272,-10.907820786,0.000000000,1
536.678804636,20,20,40,2.076301626,32.386437272,-10.907820786,32.386437272,-10.907820786,0.000000000,1
537.732217789,20,20,30,1.575997115,32.386437272,-10.907820786,32.386437272,-10.907820786,0.000000000,1
538.702168941,20,20,20,1.075447286,32.386437272,-10.907820786,32.386437272,-10.907820786,0.000000000,1
539.725494385,20,20,12,0.713452279,32.386437272,-10.907820786,32.386437272,-10.907820786,0.000000000,1
540.756272554,20,20,7,0.436783866,32.386437272,-10.907820786,32.386437272,-10.907820786,0.000000000,1
548.782325983,21,21,272,13.679192631,41.486437407,-10.807820784,41.486437407,-10.807820784,0.000000000,1
549.262508869,21,21,267,13.459989654,41.486437407,-10.807820784,41.486437407,-10.807820784,0.000000000,1
550.269606113,21,21,260,13.104858447,41.486437407,-10.807820784,41.486437407,-10.807820784,0.000000000,1
551.317963362,21,21,254,12.794870089,41.486437407,-10.807820784,41.486437407,-10.807820784,0.000000000,1
552.327572584,21,21,245,12.339471883,41.486437407,-10.807820784,41.486437407,-10.807820784,0.000000000,1
553.371094942,21,21,239,12.029890668,41.486437407,-10.807820784,41.486437407,-10.807820784,0.000000000,1
554.461645842,21,21,232,11.673103538,41.486437407,-10.807820784,41.486437407,-10.807820784,0.000000000,1
555.405631781,21,21,224,11.300773836,41.486437407,-10.807820784,41.486437407,-10.807820784,0.000000000,1
556.431849957,21,21,217,10.947216326,41.486437407,-10.807820784,41.486437407,-10.807820784,0.000000000,1
557.475569487,21,21,210,10.594853038,41.486437407,-10.807820784,41.486437407,-10.807820784,0.000000000,1
558.504981518,21,21,203,10.236609150,41.486437407,-10.807820784,41.486437407,-10.807820784,0.000000000,1
559.602180719,21,21,197,9.917001158,41.486437407,-10.807820784,41.486437407,-10.807820784,0.000000000,1
560.564006567,21,21,191,9.617568091,41.486437407,-10.807820784,41.486437407,-10.807820784,0.000000000,1
561.561252832,21,21,182,9.184238543,41.486437407,-10.807820784,41.486437407,-10.807820784,0.000000000,1
562.592539787,21,21,175,8.852333955,41.486437407,-10.807820784,41.486437407,-10.807820784,0.000000000,1
563.611523151,21,21,168,8.477096213,41.486437407,-10.807820784,41.486437407,-10.807820784,0.000000000,1
564.641738176,21,21,158,7.993066961,41.486437407,-10.807820784,41.486437407,-10.807820784,0.000000000,1
565.666830778,21,21,151,7.660703673,41.486437407,-10.807820784,41.486437407,-10.807820784,0.000000000,1
566.703280210,21,21,143,7.239038130,41.486437407,-10.807820784,41.486437407,-10.807820784,0.000000000,1
567.801951170,21,21,135,6.841391615,41.486437407,-10.807820784,41.486437407,-10.807820784,0.000000000,1
568.762500048,21,21,130,6.577430476,41.486437407,-10.807820784,41.486437407,-10.807820784,0.000000000,1
569.757584333,21,21,122,6.165460661,41.486437407,-10.807820784,41.486437407,-10.807820784,0.000000000,1
570.790136099,21,21,114,5.811739256,41.486437407,-10.807820784,41.486437407,-10.807820784,0.000000000,1
571.820032597,21,21,108,5.475200676,41.486437407,-10.807820784,41.486437407,-10.807820784,0.000000000,1
572.826727867,21,21,101,5.133282077,41.486437407,-10.807820784,41.486437407,-10.807820784,0.000000000,1
573.863734961,21,21,96,4.876395072,41.486437407,-10.807820784,41.486437407,-10.807820784,0.000000000,1
575.008192778,21,21,95,4.819560511,41.486437407,-10.807820784,41.486437407,-10.807820784,0.000000000,1
575.924705982,21,21,91,4.654300931,41.486437407,-10.807820784,41.486437407,-10.807820784,0.000000000,1
576.945436239,21,21,81,4.154496780,41.486437407,-10.807820784,41.486437407,-10.807820784,0.000000000,1
577.994292498,21,21,71,3.654722647,41.486437407,-10.807820784,41.486437407,-10.807820784,0.000000000,1
579.001195431,21,21,60,3.073527235,41.486437407,-10.807820784,41.486437407,-10.807820784,0.000000000,1
580.015784979,21,21,50,2.573524295,41.486437407,-10.807820784,41.486437407,-10.807820784,0.000000000,1
581.034124136,21,21,40,2.073500207,41.486437407,-10.807820784,41.486437407,-10.807820784,0.000000000,1
582.113676071,21,21,30,1.573420754,41.486437407,-10.807820784,41.486437407,-10.807820784,0.000000000,1
583.093340874,21,21,21,1.132641662,41.486437407,-10.807820784,41.486437407,-10.807820784,0.000000000,1
584.114979744,21,21,12,0.711029128,41.486437407,-10.807820784,41.486437407,-10.807820784,0.000000000,1
585.196313858,21,21,7,0.434928338,41.486437407,-10.807820784,41.486437407,-10.807820784,0.000000000,1
593.229676723,22,22,120,6.090525804,45.686515823,-8.610406342,45.686515823,-8.610406342,0.000000000,1
593.584162712,22,22,120,6.090525804,45.686515823,-8.610406342,45.686515823,-8.610406342,0.000000000,1
594.598017454,22,22,116,5.888448358,45.686515823,-8.610406342,45.686515823,-8.610406342,0.000000000,1
595.676148176,22,22,108,5.470270787,45.686515823,-8.610406342,45.686515823,-8.610406342,0.000000000,1
596.649601698,22,22,98,4.966163898,45.686515823,-8.610406342,45.686515823,-8.610406342,0.000000000,1
597.686619759,22,22,88,4.481402063,45.686515823,-8.610406342,45.686515823,-8.610406342,0.000000000,1
598.705826283,22,22,76,3.907435781,45.686515823,-8.610406342,45.686515823,-8.610406342,0.000000000,1
599.724695921,22,22,66,3.399945399,45.686515823,-8.610406342,45.686515823,-8.610406342,0.000000000,1
600.773222923,22,22,57,2.918817446,45.686515823,-8.610406342,45.686515823,-8.610406342,0.000000000,1
601.782771349,22,22,45,2.341698332,45.686515823,-8.610406342,45.686515823,-8.610406342,0.000000000,1
602.799278736,22,22,34,1.803428831,45.686515823,-8.610406342,45.686515823,-8.610406342,0.000000000,1
603.820101738,22,22,26,1.384010039,45.686515823,-8.610406342,45.686515823,-8.610406342,0.000000000,1
605.023459196,22,22,17,0.935619088,45.686515823,-8.610406342,45.686515823,-8.610406342,0.000000000,1
611.820319176,22,22,17,0.935619088,45.686515823,-8.610406342,45.686515823,-8.610406342,0.000000000,1
611.839406490,22,22,17,0.935619088,45.686515823,-8.610406342,45.686515823,-8.610406342,0.000000000,1
611.844437838,22,22,17,0.935619088,45.686515823,-8.610406342,45.686515823,-8.610406342,0.000000000,1
611.847065687,22,22,17,0.935619088,45.686515823,-8.610406342,45.686515823,-8.610406342,0.000000000,1
611.851667881,22,22,17,0.935619088,45.686515823,-8.610406342,45.686515823,-8.610406342,0.000000000,1
611.885544777,22,22,17,0.935619088,45.686515823,-8.610406342,45.686515823,-8.610406342,0.000000000,1
612.943707943,22,22,12,0.712890052,45.686515823,-8.610406342,45.686515823,-8.610406342,0.000000000,1
620.057343483,28,22,12,0.712890052,45.686515823,-8.610406342,45.686515823,-8.610406342,0.000000000,1
621.079159737,28,22,7,0.436788707,45.686515823,-8.610406342,45.686515823,-8.610406342,0.000000000,1
629.579339743,29,23,120,6.108808196,44.186515801,-2.610406253,44.186515801,-2.610406253,0.000000000,1
630.182986259,29,23,118,5.997139225,44.186515801,-2.610406253,44.186515801,-2.610406253,0.000000000,1
631.186333656,29,23,118,5.984071200,44.186515801,-2.610406253,44.186515801,-2.610406253,0.000000000,1
632.205811024,29,23,114,5.798918155,44.186515801,-2.610406253,44.186515801,-2.610406253,0.000000000,1
633.237408161,29,23,104,5.303905681,44.186515801,-2.610406253,44.186515801,-2.610406253,0.000000000,1
634.317361355,29,23,94,4.811567291,44.186515801,-2.610406253,44.186515801,-2.610406253,0.000000000,1
635.297193050,29,23,85,4.318516480,44.186515801,-2.610406253,44.186515801,-2.610406253,0.000000000,1
636.325777531,29,23,75,3.830436377,44.186515801,-2.610406253,44.186515801,-2.610406253,0.000000000,1
637.354533195,29,23,65,3.318961164,44.186515801,-2.610406253,44.186515801,-2.610406253,0.000000000,1
638.362525940,29,23,55,2.834393883,44.186515801,-2.610406253,44.186515801,-2.610406253,0.000000000,1
639.387381792,29,23,45,2.325286146,44.186515801,-2.610406253,44.186515801,-2.610406253,0.000000000,1
640.412548304,29,23,35,1.817988404,44.186515801,-2.610406253,44.186515801,-2.610406253,0.000000000,1
641.441433430,29,23,24,1.311801363,44.186515801,-2.610406253,44.186515801,-2.610406253,0.000000000,1
642.483552933,29,23,15,0.857250510,44.186515801,-2.610406253,44.186515801,-2.610406253,0.000000000,1
643.501092434,29,23,11,0.636730559,44.186515801,-2.610406253,44.186515801,-2.610406253,0.000000000,1
652.807199240,30,24,81,4.132119419,40.386515744,-3.110406260,40.386515744,-3.110406260,0.000000000,1
653.529978752,30,24,79,4.047031276,40.386515744,-3.110406260,40.386515744,-3.110406260,0.000000000,1
654.543470860,30,24,69,3.555158239,40.386515744,-3.110406260,40.386515744,-3.110406260,0.000000000,1
655.610179901,30,24,59,3.060958939,40.386515744,-3.110406260,40.386515744,-3.110406260,0.000000000,1
656.637631178,30,24,49,2.561990292,40.386515744,-3.110406260,40.386515744,-3.110406260,0.000000000,1
657.633144855,30,24,40,2.070519364,40.386515744,-3.110406260,40.386515744,-3.110406260,0.000000000,1
658.670281172,30,24,30,1.575780634,40.386515744,-3.110406260,40.386515744,-3.110406260,0.000000000,1
659.684848547,30,24,20,1.085880987,40.386515744,-3.110406260,40.386515744,-3.110406260,0.000000000,1
660.722616673,30,24,14,0.767795236,40.386515744,-3.110406260,40.386515744,-3.110406260,0.000000000,1
661.751357555,30,24,7,0.446010040,40.386515744,-3.110406260,40.386515744,-3.110406260,0.000000000,1
669.555536985,31,25,234,11.779835052,39.286515728,8.689593916,39.286515728,8.689593916,0.000000000,1
670.300573587,31,25,234,11.791235171,39.286515728,8.689593916,39.286515728,8.689593916,0.000000000,1
671.340169430,31,25,234,11.791235171,39.286515728,8.689593916,39.286515728,8.689593916,0.000000000,1
672.345127821,31,25,228,11.481683603,39.286515728,8.689593916,39.286515728,8.689593916,0.000000000,1
673.370729208,31,25,216,10.885711166,39.286515728,8.689593916,39.286515728,8.689593916,0.000000000,1
674.398543358,31,25,206,10.389452917,39.286515728,8.689593916,39.286515728,8.689593916,0.000000000,1
675.442613363,31,25,196,9.893603029,39.286515728,8.689593916,39.286515728,8.689593916,0.000000000,1
676.445921183,31,25,186,9.397714662,39.286515728,8.689593916,39.286515728,8.689593916,0.000000000,1
677.459381342,31,25,176,8.902837710,39.286515728,8.689593916,39.286515728,8.689593916,0.000000000,1
678.507538795,31,25,166,8.409061239,39.286515728,8.689593916,39.286515728,8.689593916,0.000000000,1
679.541086674,31,25,157,7.915581865,39.286515728,8.689593916,39.286515728,8.689593916,0.000000000,1
680.545093298,31,25,147,7.423179175,39.286515728,8.689593916,39.286515728,8.689593916,0.000000000,1
681.567041874,31,25,137,6.931692301,39.286515728,8.689593916,39.286515728,8.689593916,0.000000000,1
682.610552311,31,25,127,6.441501818,39.286515728,8.689593916,39.286515728,8.689593916,0.000000000,1
683.626435280,31,25,117,5.952897070,39.286515728,8.689593916,39.286515728,8.689593916,0.000000000,1
684.667495251,31,25,108,5.465323086,39.286515728,8.689593916,39.286515728,8.689593916,0.000000000,1
685.671144485,31,25,95,4.859613829,39.286515728,8.689593916,39.286515728,8.689593916,0.000000000,1
686.723732471,31,25,86,4.375740728,39.286515728,8.689593916,39.286515728,8.689593916,0.000000000,1
687.761486053,31,25,76,3.867161401,39.286515728,8.689593916,39.286515728,8.689593916,0.000000000,1
688.767255068,31,25,66,3.390020863,39.286515728,8.689593916,39.286515728,8.689593916,0.000000000,1
689.797865152,31,25,56,2.883932407,39.286515728,8.689593916,39.286515728,8.689593916,0.000000000,1
690.807748556,31,25,46,2.379400844,39.286515728,8.689593916,39.286515728,8.689593916,0.000000000,1
691.880042315,31,25,36,1.877911538,39.286515728,8.689593916,39.286515728,8.689593916,0.000000000,1
692.846774101,31,25,27,1.429496969,39.286515728,8.689593916,39.286515728,8.689593916,0.000000000,1
693.924648046,31,25,16,0.887252153,39.286515728,8.689593916,39.286515728,8.689593916,0.000000000,1
694.984028816,31,25,11,0.662429931,39.286515728,8.689593916,39.286515728,8.689593916,0.000000000,1
702.876345158,32,26,205,10.338896198,32.686515629,7.489593898,32.686515629,7.489593898,0.000000000,1
703.571270943,32,26,202,10.181481778,32.686515629,7.489593898,32.686515629,7.489593898,0.000000000,1
704.602697611,32,26,200,10.099772713,32.686515629,7.489593898,32.686515629,7.489593898,0.000000000,1
705.667078495,32,26,198,9.982593396,32.686515629,7.489593898,32.686515629,7.489593898,0.000000000,1
706.650920868,32,26,193,9.718822190,32.686515629,7.489593898,32.686515629,7.489593898,0.000000000,1
707.707420826,32,26,182,9.201616406,32.686515629,7.489593898,32.686515629,7.489593898,0.000000000,1
708.708272934,32,26,172,8.686699008,32.686515629,7.489593898,32.686515629,7.489593898,0.000000000,1
709.727814674,32,26,163,8.217824012,32.686515629,7.489593898,32.686515629,7.489593898,0.000000000,1
710.787420750,32,26,151,7.632692583,32.686515629,7.489593898,32.686515629,7.489593898,0.000000000,1
711.804834127,32,26,142,7.162211206,32.686515629,7.489593898,32.686515629,7.489593898,0.000000000,1
712.818726540,32,26,130,6.581860873,32.686515629,7.489593898,32.686515629,7.489593898,0.000000000,1
713.842403173,32,26,120,5.977559312,32.686515629,7.489593898,32.686515629,7.489593898,0.000000000,1
714.848326206,32,26,106,5.316553617,32.686515629,7.489593898,32.686515629,7.489593898,0.000000000,1
715.905501842,32,26,94,4.692020351,32.686515629,7.489593898,32.686515629,7.489593898,0.000000000,1
716.928733826,32,26,86,4.311592019,32.686515629,7.489593898,32.686515629,7.489593898,0.000000000,1
717.943841219,32,26,75,3.766385159,32.686515629,7.489593898,32.686515629,7.489593898,0.000000000,1
718.976862431,32,26,63,3.162719532,32.686515629,7.489593898,32.686515629,7.489593898,0.000000000,1
719.998812675,32,26,55,2.723726968,32.686515629,7.489593898,32.686515629,7.489593898,0.000000000,1
721.060038805,32,26,44,2.181307352,32.686515629,7.489593898,32.686515629,7.489593898,0.000000000,1
722.056190968,32,26,33,1.627802185,32.686515629,7.489593898,32.686515629,7.489593898,0.000000000,1
723.123103142,32,26,23,1.133144584,32.686515629,7.489593898,32.686515629,7.489593898,0.000000000,1
724.106669188,32,26,14,0.718470280,32.686515629,7.489593898,32.686515629,7.489593898,0.000000000,1
725.192122459,32,26,11,0.543175781,32.686515629,7.489593898,32.686515629,7.489593898,0.000000000,1
733.303333282,33,27,675,33.882855473,16.586610948,1.289118945,16.586610948,1.289118945,0.000000000,1
734.052206755,33,27,671,33.537485702,16.586610948,1.289118945,16.586610948,1.289118945,0.000000000,1
735.121718407,33,27,662,33.241497880,16.586610948,1.289118945,16.586610948,1.289118945,0.000000000,1
736.105313063,33,27,655,32.729832190,16.586610948,1.289118945,16.586610948,1.289118945,0.000000000,1
737.106204748,33,27,648,32.526276986,16.586610948,1.289118945,16.586610948,1.289118945,0.000000000,1
738.257190943,33,27,640,32.116012577,16.586610948,1.289118945,16.586610948,1.289118945,0.000000000,1
739.166547060,33,27,634,31.780843386,16.586610948,1.289118945,16.586610948,1.289118945,0.000000000,1
740.209845781,33,27,627,31.332870322,16.586610948,1.289118945,16.586610948,1.289118945,0.000000000,1
741.226174593,33,27,618,31.006338108,16.586610948,1.289118945,16.586610948,1.289118945,0.000000000,1
742.269764185,33,27,611,30.656737346,16.586610948,1.289118945,16.586610948,1.289118945,0.000000000,1
743.284352779,33,27,606,30.249610941,16.586610948,1.289118945,16.586610948,1.289118945,0.000000000,1
744.403980255,33,27,595,29.768939840,16.586610948,1.289118945,16.586610948,1.289118945,0.000000000,1
745.339576244,33,27,589,29.608801674,16.586610948,1.289118945,16.586610948,1.289118945,0.000000000,1
746.435090542,33,27,581,29.208801623,16.586610948,1.289118945,16.586610948,1.289118945,0.000000000,1
747.383762836,33,27,575,28.768939859,16.586610948,1.289118945,16.586610948,1.289118945,0.000000000,1
748.421066761,33,27,567,28.368939821,16.586610948,1.289118945,16.586610948,1.289118945,0.000000000,1
749.445695877,33,27,561,28.208801664,16.586610948,1.289118945,16.586610948,1.289118945,0.000000000,1
750.492493153,33,27,553,27.808801730,16.586610948,1.289118945,16.586610948,1.289118945,0.000000000,1
751.535954714,33,27,545,27.408801851,16.586610948,1.289118945,16.586610948,1.289118945,0.000000000,1
752.585952997,33,27,539,26.968939951,16.586610948,1.289118945,16.586610948,1.289118945,0.000000000,1
753.571458578,33,27,531,26.568940030,16.586610948,1.289118945,16.586610948,1.289118945,0.000000000,1
754.613849163,33,27,525,26.408801805,16.586610948,1.289118945,16.586610948,1.289118945,0.000000000,1
755.707766294,33,27,517,26.008802150,16.586610948,1.289118945,16.586610948,1.289118945,0.000000000,1
756.664268017,33,27,509,25.608802360,16.586610948,1.289118945,16.586610948,1.289118945,0.000000000,1
757.699471235,33,27,503,25.168940826,16.586610948,1.289118945,16.586610948,1.289118945,0.000000000,1
758.724987268,33,27,495,24.768941105,16.586610948,1.289118945,16.586610948,1.289118945,0.000000000,1
759.787831783,33,27,489,24.608803617,16.586610948,1.289118945,16.586610948,1.289118945,0.000000000,1
760.769933701,33,27,481,24.208804692,16.586610948,1.289118945,16.586610948,1.289118945,0.000000000,1
761.801534653,33,27,475,23.768944130,16.586610948,1.289118945,16.586610948,1.289118945,0.000000000,1
762.828405619,33,27,467,23.368946944,16.586610948,1.289118945,16.586610948,1.289118945,0.000000000,1
763.908673763,33,27,459,22.968950423,16.586610948,1.289118945,16.586610948,1.289118945,0.000000000,1
764.898888826,33,27,453,22.808814786,16.586610948,1.289118945,16.586610948,1.289118945,0.000000000,1
765.950343847,33,27,445,22.408828936,16.586610948,1.289118945,16.586610948,1.289118945,0.000000000,1
766.952402115,33,27,439,21.968969809,16.586610948,1.289118945,16.586610948,1.289118945,0.000000000,1
767.993132114,33,27,431,21.568984679,16.586610948,1.289118945,16.586610948,1.289118945,0.000000000,1
769.025267124,33,27,423,21.169003958,16.586610948,1.289118945,16.586610948,1.289118945,0.000000000,1
770.079649448,33,27,417,21.008880914,16.586610948,1.289118945,16.586610948,1.289118945,0.000000000,1
771.081614017,33,27,409,20.608915945,16.586610948,1.289118945,16.586610948,1.289118945,0.000000000,1
772.111264944,33,27,403,20.169096047,16.586610948,1.289118945,16.586610948,1.289118945,0.000000000,1
773.141242504,33,27,395,19.769161482,16.586610948,1.289118945,16.586610948,1.289118945,0.000000000,1
774.268169165,33,27,387,19.369244324,16.586610948,1.289118945,16.586610948,1.289118945,0.000000000,1
775.172469616,33,27,381,19.209153557,16.586610948,1.289118945,16.586610948,1.289118945,0.000000000,1
776.200769424,33,27,373,18.809279608,16.586610948,1.289118945,16.586610948,1.289118945,0.000000000,1
777.230056763,33,27,367,18.369666020,16.586610948,1.289118945,16.586610948,1.289118945,0.000000000,1
778.246664762,33,27,359,17.969563173,16.586610948,1.289118945,16.586610948,1.289118945,0.000000000,1
779.290406227,33,27,351,17.570292383,16.586610948,1.289118945,16.586610948,1.289118945,0.000000000,1
780.339062929,33,27,347,17.318254305,16.586610948,1.289118945,16.586610948,1.289118945,0.000000000,1
781.348600388,33,27,339,16.918758365,16.586610948,1.289118945,16.586610948,1.289118945,0.000000000,1
782.378552437,33,27,332,16.571453628,16.586610948,1.289118945,16.586610948,1.289118945,0.000000000,1
783.430183649,33,27,324,16.172297290,16.586610948,1.289118945,16.586610948,1.289118945,0.000000000,1
784.417218685,33,27,316,15.773485089,16.586610948,1.289118945,16.586610948,1.289118945,0.000000000,1
785.471181631,33,27,310,15.614217237,16.586610948,1.289118945,16.586610948,1.289118945,0.000000000,1
786.518951654,33,27,302,15.216172106,16.586610948,1.289118945,16.586610948,1.289118945,0.000000000,1
787.526489735,33,27,296,14.778488301,16.586610948,1.289118945,16.586610948,1.289118945,0.000000000,1
788.566905260,33,27,288,14.383920449,16.586610948,1.289118945,16.586610948,1.289118945,0.000000000,1
789.603551865,33,27,280,13.990341207,16.586610948,1.289118945,16.586610948,1.289118945,0.000000000,1
790.603095055,33,27,274,13.832199161,16.586610948,1.289118945,16.586610948,1.289118945,0.000000000,1
791.616070509,33,27,268,13.419043649,16.586610948,1.289118945,16.586610948,1.289118945,0.000000000,1
792.640616417,33,27,261,13.033867757,16.586610948,1.289118945,16.586610948,1.289118945,0.000000000,1
793.667045832,33,27,254,12.666706131,16.586610948,1.289118945,16.586610948,1.289118945,0.000000000,1
794.684089184,33,27,247,12.324452128,16.586610948,1.289118945,16.586610948,1.289118945,0.000000000,1
795.732285023,33,27,240,11.963864570,16.586610948,1.289118945,16.586610948,1.289118945,0.000000000,1
796.781790972,33,27,233,11.624370762,16.586610948,1.289118945,16.586610948,1.289118945,0.000000000,1
797.771781921,33,27,224,11.213381918,16.586610948,1.289118945,16.586610948,1.289118945,0.000000000,1
798.805123568,33,27,215,10.909232570,16.586610948,1.289118945,16.586610948,1.289118945,0.000000000,1
799.837761641,33,27,212,10.558867327,16.586610948,1.289118945,16.586610948,1.289118945,0.000000000,1
800.852386713,33,27,203,10.304284131,16.586610948,1.289118945,16.586610948,1.289118945,0.000000000,1
801.868037224,33,27,196,9.914512341,16.586610948,1.289118945,16.586610948,1.289118945,0.000000000,1
802.890438557,33,27,189,9.466852847,16.586610948,1.289118945,16.586610948,1.289118945,0.000000000,1
803.912452221,33,27,181,9.057971351,16.586610948,1.289118945,16.586610948,1.289118945,0.000000000,1
804.927299261,33,27,175,8.823646428,16.586610948,1.289118945,16.586610948,1.289118945,0.000000000,1
806.012016773,33,27,169,8.426681938,16.586610948,1.289118945,16.586610948,1.289118945,0.000000000,1
806.964663744,33,27,163,8.126734927,16.586610948,1.289118945,16.586610948,1.289118945,0.000000000,1
808.040035486,33,27,153,7.799784768,16.586610948,1.289118945,16.586610948,1.289118945,0.000000000,1
809.023300648,33,27,149,7.386203317,16.586610948,1.289118945,16.586610948,1.289118945,0.000000000,1
810.046059847,33,27,141,7.188666764,16.586610948,1.289118945,16.586610948,1.289118945,0.000000000,1
811.083832264,33,27,135,6.704850670,16.586610948,1.289118945,16.586610948,1.289118945,0.000000000,1
812.099422216,33,27,132,6.607624206,16.586610948,1.289118945,16.586610948,1.289118945,0.000000000,1
813.150291204,33,27,132,6.611787128,16.586610948,1.289118945,16.586610948,1.289118945,0.000000000,1
814.145498037,33,27,129,6.563560450,16.586610948,1.289118945,16.586610948,1.289118945,0.000000000,1
815.209399939,33,27,128,6.550228365,16.586610948,1.289118945,16.586610948,1.289118945,0.000000000,1
816.202853203,33,27,129,6.563560450,16.586610948,1.289118945,16.586610948,1.289118945,0.000000000,1
817.241728544,33,27,122,6.056558544,16.586610948,1.289118945,16.586610948,1.289118945,0.000000000,1
818.286239386,33,27,109,5.578502935,16.586610948,1.289118945,16.586610948,1.289118945,0.000000000,1
819.291658163,33,27,97,5.014480429,16.586610948,1.289118945,16.586610948,1.289118945,0.000000000,1
820.320143938,33,27,86,4.486489123,16.586610948,1.289118945,16.586610948,1.289118945,0.000000000,1
821.348350048,33,27,79,4.026527125,16.586610948,1.289118945,16.586610948,1.289118945,0.000000000,1
822.372166395,33,27,68,3.490766103,16.586610948,1.289118945,16.586610948,1.289118945,0.000000000,1
823.420950174,33,27,57,2.954406734,16.586610948,1.289118945,16.586610948,1.289118945,0.000000000,1
824.440559387,33,27,46,2.457185554,16.586610948,1.289118945,16.586610948,1.289118945,0.000000000,1
825.467414856,33,27,36,1.958293580,16.586610948,1.289118945,16.586610948,1.289118945,0.000000000,1
826.486800909,33,27,26,1.460257574,16.586610948,1.289118945,16.586610948,1.289118945,0.000000000,1
827.509675980,33,27,18,1.063317251,16.586610948,1.289118945,16.586610948,1.289118945,0.000000000,1
828.531935692,33,27,11,0.626910223,16.586610948,1.289118945,16.586610948,1.289118945,0.000000000,1
836.808930874,34,28,318,16.007778353,16.086610940,-1.710881099,16.086610940,-1.710881099,0.000000000,1
837.650611639,34,28,315,15.815377696,16.086610940,-1.710881099,16.086610940,-1.710881099,0.000000000,1
838.643638134,34,28,311,15.540270352,16.086610940,-1.710881099,16.086610940,-1.710881099,0.000000000,1
839.663448334,34,28,300,15.120362271,16.086610940,-1.710881099,16.086610940,-1.710881099,0.000000000,1
840.731426716,34,28,298,14.910628253,16.086610940,-1.710881099,16.086610940,-1.710881099,0.000000000,1
841.734155655,34,28,298,14.910628253,16.086610940,-1.710881099,16.086610940,-1.710881099,0.000000000,1
842.748060703,34,28,293,14.758116342,16.086610940,-1.710881099,16.086610940,-1.710881099,0.000000000,1
843.764628410,34,28,285,14.264183984,16.086610940,-1.710881099,16.086610940,-1.710881099,0.000000000,1
844.820210695,34,28,275,13.758345039,16.086610940,-1.710881099,16.086610940,-1.710881099,0.000000000,1
845.823565722,34,28,265,13.223296043,16.086610940,-1.710881099,16.086610940,-1.710881099,0.000000000,1
846.961142778,34,28,252,12.715215562,16.086610940,-1.710881099,16.086610940,-1.710881099,0.000000000,1
847.880880117,34,28,244,12.214058833,16.086610940,-1.710881099,16.086610940,-1.710881099,0.000000000,1
848.912476778,34,28,234,11.720045393,16.086610940,-1.710881099,16.086610940,-1.710881099,0.000000000,1
849.943730354,34,28,223,11.241206631,16.086610940,-1.710881099,16.086610940,-1.710881099,0.000000000,1
851.020501852,34,28,212,10.670212718,16.086610940,-1.710881099,16.086610940,-1.710881099,0.000000000,1
852.002927303,34,28,201,10.157796368,16.086610940,-1.710881099,16.086610940,-1.710881099,0.000000000,1
853.102542400,34,28,192,9.696557409,16.086610940,-1.710881099,16.086610940,-1.710881099,0.000000000,1
854.077505827,34,28,181,9.159233065,16.086610940,-1.710881099,16.086610940,-1.710881099,0.000000000,1
855.081242323,34,28,172,8.682620350,16.086610940,-1.710881099,16.086610940,-1.710881099,0.000000000,1
856.100756168,34,28,162,8.192493522,16.086610940,-1.710881099,16.086610940,-1.710881099,0.000000000,1
857.128154993,34,28,153,7.812638026,16.086610940,-1.710881099,16.086610940,-1.710881099,0.000000000,1
858.149609089,34,28,143,7.312570313,16.086610940,-1.710881099,16.086610940,-1.710881099,0.000000000,1
859.180355310,34,28,133,6.748157908,16.086610940,-1.710881099,16.086610940,-1.710881099,0.000000000,1
860.180614471,34,28,123,6.319993795,16.086610940,-1.710881099,16.086610940,-1.710881099,0.000000000,1
861.216575384,34,28,112,5.689860551,16.086610940,-1.710881099,16.086610940,-1.710881099,0.000000000,1
862.275086880,34,28,102,5.204172691,16.086610940,-1.710881099,16.086610940,-1.710881099,0.000000000,1
863.261032581,34,28,92,4.772312646,16.086610940,-1.710881099,16.086610940,-1.710881099,0.000000000,1
864.282731533,34,28,82,4.197530695,16.086610940,-1.710881099,16.086610940,-1.710881099,0.000000000,1
865.307861328,34,28,72,3.757789843,16.086610940,-1.710881099,16.086610940,-1.710881099,0.000000000,1
866.344198942,34,28,61,3.230728793,16.086610940,-1.710881099,16.086610940,-1.710881099,0.000000000,1
867.352149963,34,28,53,2.719980795,16.086610940,-1.710881099,16.086610940,-1.710881099,0.000000000,1
868.377659798,34,28,40,2.111821881,16.086610940,-1.710881099,16.086610940,-1.710881099,0.000000000,1
869.497464895,34,28,30,1.611821873,16.086610940,-1.710881099,16.086610940,-1.710881099,0.000000000,1
870.440578461,34,28,20,1.111821866,16.086610940,-1.710881099,16.086610940,-1.710881099,0.000000000,1
871.461206913,34,28,14,0.811821861,16.086610940,-1.710881099,16.086610940,-1.710881099,0.000000000,1
872.489652872,34,28,8,0.511821857,16.086610940,-1.710881099,16.086610940,-1.710881099,0.000000000,1
880.069591284,35,29,381,19.449922574,22.486707543,-1.211223557,22.486707543,-1.211223557,0.000000000,1
880.833387613,35,29,377,19.250169210,22.486707543,-1.211223557,22.486707543,-1.211223557,0.000000000,1
881.836151361,35,29,369,18.850548435,22.486707543,-1.211223557,22.486707543,-1.211223557,0.000000000,1
882.856572866,35,29,361,18.450314368,22.486707543,-1.211223557,22.486707543,-1.211223557,0.000000000,1
883.877262592,35,29,356,18.159978034,22.486707543,-1.211223557,22.486707543,-1.211223557,0.000000000,1
884.904356241,35,29,348,17.767631362,22.486707543,-1.211223557,22.486707543,-1.211223557,0.000000000,1
885.922842264,35,29,341,17.440913351,22.486707543,-1.211223557,22.486707543,-1.211223557,0.000000000,1
886.951625586,35,29,336,17.173219046,22.486707543,-1.211223557,22.486707543,-1.211223557,0.000000000,1
887.989300251,35,29,328,16.815316080,22.486707543,-1.211223557,22.486707543,-1.211223557,0.000000000,1
889.002602577,35,29,320,16.394101600,22.486707543,-1.211223557,22.486707543,-1.211223557,0.000000000,1
890.023527861,35,29,313,16.020339120,22.486707543,-1.211223557,22.486707543,-1.211223557,0.000000000,1
891.043707371,35,29,310,15.875734093,22.486707543,-1.211223557,22.486707543,-1.211223557,0.000000000,1
892.072108746,35,29,310,15.887679400,22.486707543,-1.211223557,22.486707543,-1.211223557,0.000000000,1
893.102773190,35,29,303,15.520575345,22.486707543,-1.211223557,22.486707543,-1.211223557,0.000000000,1
894.165608883,35,29,294,15.059822685,22.486707543,-1.211223557,22.486707543,-1.211223557,0.000000000,1
895.237590551,35,29,278,14.295902052,22.486707543,-1.211223557,22.486707543,-1.211223557,0.000000000,1
896.172912359,35,29,268,13.797166977,22.486707543,-1.211223557,22.486707543,-1.211223557,0.000000000,1
897.192742348,35,29,258,13.275798405,22.486707543,-1.211223557,22.486707543,-1.211223557,0.000000000,1
898.240918159,35,29,247,12.729583287,22.486707543,-1.211223557,22.486707543,-1.211223557,0.000000000,1
899.249183416,35,29,236,12.199975860,22.486707543,-1.211223557,22.486707543,-1.211223557,0.000000000,1
900.270884275,35,29,227,11.715320876,22.486707543,-1.211223557,22.486707543,-1.211223557,0.000000000,1
901.307518959,35,29,217,11.233652678,22.486707543,-1.211223557,22.486707543,-1.211223557,0.000000000,1
902.323934078,35,29,204,10.597145340,22.486707543,-1.211223557,22.486707543,-1.211223557,0.000000000,1
903.355008602,35,29,196,10.197168507,22.486707543,-1.211223557,22.486707543,-1.211223557,0.000000000,1
904.381033421,35,29,184,9.597229753,22.486707543,-1.211223557,22.486707543,-1.211223557,0.000000000,1
905.475846052,35,29,174,9.091817509,22.486707543,-1.211223557,22.486707543,-1.211223557,0.000000000,1
906.469591379,35,29,165,8.614385132,22.486707543,-1.211223557,22.486707543,-1.211223557,0.000000000,1
907.482031584,35,29,155,8.113784974,22.486707543,-1.211223557,22.486707543,-1.211223557,0.000000000,1
908.528806686,35,29,145,7.648215351,22.486707543,-1.211223557,22.486707543,-1.211223557,0.000000000,1
909.504596233,35,29,142,7.275721027,22.486707543,-1.211223557,22.486707543,-1.211223557,0.000000000,1
910.524497986,35,29,139,7.076383902,22.486707543,-1.211223557,22.486707543,-1.211223557,0.000000000,1
911.550399303,35,29,133,6.626703784,22.486707543,-1.211223557,22.486707543,-1.211223557,0.000000000,1
912.609272480,35,29,123,6.126965313,22.486707543,-1.211223557,22.486707543,-1.211223557,0.000000000,1
913.606843472,35,29,111,5.523976924,22.486707543,-1.211223557,22.486707543,-1.211223557,0.000000000,1
914.626752138,35,29,99,4.952494998,22.486707543,-1.211223557,22.486707543,-1.211223557,0.000000000,1
915.643021822,35,29,89,4.457019767,22.486707543,-1.211223557,22.486707543,-1.211223557,0.000000000,1
916.682420969,35,29,79,3.922663200,22.486707543,-1.211223557,22.486707543,-1.211223557,0.000000000,1
917.730406046,35,29,68,3.391680892,22.486707543,-1.211223557,22.486707543,-1.211223557,0.000000000,1
918.709884882,35,29,59,2.961590548,22.486707543,-1.211223557,22.486707543,-1.211223557,0.000000000,1
919.739486933,35,29,48,2.400511107,22.486707543,-1.211223557,22.486707543,-1.211223557,0.000000000,1
920.770487785,35,29,40,2.008180893,22.486707543,-1.211223557,22.486707543,-1.211223557,0.000000000,1
921.790911674,35,29,27,1.369610965,22.486707543,-1.211223557,22.486707543,-1.211223557,0.000000000,1
922.818332434,35,29,20,0.978248886,22.486707543,-1.211223557,22.486707543,-1.211223557,0.000000000,1
923.843378782,35,29,13,0.659446042,22.486707543,-1.211223557,22.486707543,-1.211223557,0.000000000,1
924.908926487,35,29,9,0.465036597,22.486707543,-1.211223557,22.486707543,-1.211223557,0.000000000,1
932.025200844,36,30,827,41.451284505,45.586799043,8.588567916,45.586799043,8.588567916,0.000000000,1
932.965963125,36,30,797,39.845845630,45.586799043,8.588567916,45.586799043,8.588567916,0.000000000,1
933.993355751,36,30,817,40.971092359,45.586799043,8.588567916,45.586799043,8.588567916,0.000000000,1
934.972884893,36,30,784,39.177607142,45.586799043,8.588567916,45.586799043,8.588567916,0.000000000,1
936.031754255,36,30,803,40.276623338,45.586799043,8.588567916,45.586799043,8.588567916,0.000000000,1
937.033406973,36,30,804,40.327295117,45.586799043,8.588567916,45.586799043,8.588567916,0.000000000,1
938.070323229,36,30,776,38.789344843,45.586799043,8.588567916,45.586799043,8.588567916,0.000000000,1
939.138369560,36,30,788,39.531771679,45.586799043,8.588567916,45.586799043,8.588567916,0.000000000,1
940.125715494,36,30,756,37.817166759,45.586799043,8.588567916,45.586799043,8.588567916,0.000000000,1
941.223286867,36,30,771,38.643227247,45.586799043,8.588567916,45.586799043,8.588567916,0.000000000,1
942.207461596,36,30,735,36.734287695,45.586799043,8.588567916,45.586799043,8.588567916,0.000000000,1
943.243751287,36,30,724,36.187211492,45.586799043,8.588567916,45.586799043,8.588567916,0.000000000,1
944.278611422,36,30,712,35.593118407,45.586799043,8.588567916,45.586799043,8.588567916,0.000000000,1
945.305613041,36,30,700,34.983264456,45.586799043,8.588567916,45.586799043,8.588567916,0.000000000,1
946.363386869,36,30,689,34.513316969,45.586799043,8.588567916,45.586799043,8.588567916,0.000000000,1
947.382427216,36,30,679,34.016626754,45.586799043,8.588567916,45.586799043,8.588567916,0.000000000,1
948.406668186,36,30,669,33.513317634,45.586799043,8.588567916,45.586799043,8.588567916,0.000000000,1
949.460754633,36,30,659,33.016626449,45.586799043,8.588567916,45.586799043,8.588567916,0.000000000,1
950.466102600,36,30,649,32.513317834,45.586799043,8.588567916,45.586799043,8.588567916,0.000000000,1
951.521384716,36,30,639,32.016521634,45.586799043,8.588567916,45.586799043,8.588567916,0.000000000,1
952.505144596,36,30,629,31.513213010,45.586799043,8.588567916,45.586799043,8.588567916,0.000000000,1
953.541399956,36,30,619,31.016521619,45.586799043,8.588567916,45.586799043,8.588567916,0.000000000,1
954.593614101,36,30,609,30.513212995,45.586799043,8.588567916,45.586799043,8.588567916,0.000000000,1
955.603099585,36,30,597,29.913212922,45.586799043,8.588567916,45.586799043,8.588567916,0.000000000,1
956.630356550,36,30,587,29.416521768,45.586799043,8.588567916,45.586799043,8.588567916,0.000000000,1
957.704086542,36,30,577,28.913212941,45.586799043,8.588567916,45.586799043,8.588567916,0.000000000,1
958.715338707,36,30,567,28.416521326,45.586799043,8.588567916,45.586799043,8.588567916,0.000000000,1
959.784891367,36,30,557,27.913217889,45.586799043,8.588567916,45.586799043,8.588567916,0.000000000,1
960.726916790,36,30,547,27.416521650,45.586799043,8.588567916,45.586799043,8.588567916,0.000000000,1
961.749766350,36,30,537,26.913224222,45.586799043,8.588567916,45.586799043,8.588567916,0.000000000,1
962.772372007,36,30,527,26.416518651,45.586799043,8.588567916,45.586799043,8.588567916,0.000000000,1
963.813249350,36,30,517,25.913223436,45.586799043,8.588567916,45.586799043,8.588567916,0.000000000,1
964.890389681,36,30,507,25.416522029,45.586799043,8.588567916,45.586799043,8.588567916,0.000000000,1
965.866446972,36,30,497,24.913215780,45.586799043,8.588567916,45.586799043,8.588567916,0.000000000,1
966.967529535,36,30,487,24.416508534,45.586799043,8.588567916,45.586799043,8.588567916,0.000000000,1
967.993943930,36,30,475,23.816510868,45.586799043,8.588567916,45.586799043,8.588567916,0.000000000,1
968.966205120,36,30,465,23.313211604,45.586799043,8.588567916,45.586799043,8.588567916,0.000000000,1
969.996646166,36,30,455,22.809775049,45.586799043,8.588567916,45.586799043,8.588567916,0.000000000,1
971.011720181,36,30,445,22.308093792,45.586799043,8.588567916,45.586799043,8.588567916,0.000000000,1
972.023189306,36,30,435,21.809771531,45.586799043,8.588567916,45.586799043,8.588567916,0.000000000,1
973.058965921,36,30,425,21.308088965,45.586799043,8.588567916,45.586799043,8.588567916,0.000000000,1
974.088137627,36,30,415,20.809768503,45.586799043,8.588567916,45.586799043,8.588567916,0.000000000,1
975.122380257,36,30,405,20.308092586,45.586799043,8.588567916,45.586799043,8.588567916,0.000000000,1
976.139686108,36,30,395,19.809787729,45.586799043,8.588567916,45.586799043,8.588567916,0.000000000,1
977.187309980,36,30,385,19.308110500,45.586799043,8.588567916,45.586799043,8.588567916,0.000000000,1
978.195069790,36,30,375,18.809802990,45.586799043,8.588567916,45.586799043,8.588567916,0.000000000,1
979.209178209,36,30,365,18.308158787,45.586799043,8.588567916,45.586799043,8.588567916,0.000000000,1
980.256927967,36,30,353,17.708205894,45.586799043,8.588567916,45.586799043,8.588567916,0.000000000,1
981.261475325,36,30,343,17.209962279,45.586799043,8.588567916,45.586799043,8.588567916,0.000000000,1
982.327726841,36,30,333,16.708415505,45.586799043,8.588567916,45.586799043,8.588567916,0.000000000,1
983.307127476,36,30,323,16.210316576,45.586799043,8.588567916,45.586799043,8.588567916,0.000000000,1
984.331419230,36,30,313,15.709046925,45.586799043,8.588567916,45.586799043,8.588567916,0.000000000,1
985.388299704,36,30,303,15.211459153,45.586799043,8.588567916,45.586799043,8.588567916,0.000000000,1
986.383172274,36,30,293,14.713534851,45.586799043,8.588567916,45.586799043,8.588567916,0.000000000,1
987.429155588,36,30,283,14.204367363,45.586799043,8.588567916,45.586799043,8.588567916,0.000000000,1
988.431962252,36,30,273,13.705172018,45.586799043,8.588567916,45.586799043,8.588567916,0.000000000,1
989.599880457,36,30,260,13.097683983,45.586799043,8.588567916,45.586799043,8.588567916,0.000000000,1
990.509495020,36,30,250,12.584687515,45.586799043,8.588567916,45.586799043,8.588567916,0.000000000,1
991.525884867,36,30,239,12.047406136,45.586799043,8.588567916,45.586799043,8.588567916,0.000000000,1
992.551089287,36,30,229,11.523199888,45.586799043,8.588567916,45.586799043,8.588567916,0.000000000,1
993.578362942,36,30,219,11.023893392,45.586799043,8.588567916,45.586799043,8.588567916,0.000000000,1
994.615729094,36,30,209,10.524452837,45.586799043,8.588567916,45.586799043,8.588567916,0.000000000,1
995.642040014,36,30,199,10.025508163,45.586799043,8.588567916,45.586799043,8.588567916,0.000000000,1
996.665144444,36,30,189,9.526731285,45.586799043,8.588567916,45.586799043,8.588567916,0.000000000,1
997.765404940,36,30,179,9.028143576,45.586799043,8.588567916,45.586799043,8.588567916,0.000000000,1
998.849780321,36,30,169,8.529564876,45.586799043,8.588567916,45.586799043,8.588567916,0.000000000,1
999.738651514,36,30,159,8.031424273,45.586799043,8.588567916,45.586799043,8.588567916,0.000000000,1
1000.772616386,36,30,149,7.533306750,45.586799043,8.588567916,45.586799043,8.588567916,0.000000000,1
1001.806277275,36,30,137,6.936204233,45.586799043,8.588567916,45.586799043,8.588567916,0.000000000,1
1002.883002281,36,30,127,6.439199575,45.586799043,8.588567916,45.586799043,8.588567916,0.000000000,1
1003.841233730,36,30,119,6.041744490,45.586799043,8.588567916,45.586799043,8.588567916,0.000000000,1
1004.872042179,36,30,107,5.446503262,45.586799043,8.588567916,45.586799043,8.588567916,0.000000000,1
1005.930655718,36,30,97,4.950959195,45.586799043,8.588567916,45.586799043,8.588567916,0.000000000,1
1006.927018166,36,30,88,4.457144709,45.586799043,8.588567916,45.586799043,8.588567916,0.000000000,1
1007.960343361,36,30,78,3.964597705,45.586799043,8.588567916,45.586799043,8.588567916,0.000000000,1
1008.990500212,36,30,68,3.473514530,45.586799043,8.588567916,45.586799043,8.588567916,0.000000000,1
1010.009847641,36,30,58,2.985627194,45.586799043,8.588567916,45.586799043,8.588567916,0.000000000,1
1011.029908180,36,30,49,2.503528545,45.586799043,8.588567916,45.586799043,8.588567916,0.000000000,1
1012.046791553,36,30,38,1.998025317,45.586799043,8.588567916,45.586799043,8.588567916,0.000000000,1
1013.081983328,36,30,28,1.488394629,45.586799043,8.588567916,45.586799043,8.588567916,0.000000000,1
1014.104747534,36,30,18,0.981278460,45.586799043,8.588567916,45.586799043,8.588567916,0.000000000,1
1015.139760017,36,30,12,0.669639687,45.586799043,8.588567916,45.586799043,8.588567916,0.000000000,1
1016.165876389,36,30,6,0.403104016,45.586799043,8.588567916,45.586799043,8.588567916,0.000000000,1
1023.032783985,37,31,814,40.684083832,34.386969807,2.802211074,34.386969807,2.802211074,0.000000000,1
1023.904067039,37,31,809,40.458012046,34.386969807,2.802211074,34.386969807,2.802211074,0.000000000,1
1024.869079828,37,31,804,40.210479803,34.386969807,2.802211074,34.386969807,2.802211074,0.000000000,1
1025.920818329,37,31,804,40.210479803,34.386969807,2.802211074,34.386969807,2.802211074,0.000000000,1
1026.958961725,37,31,799,39.945644983,34.386969807,2.802211074,34.386969807,2.802211074,0.000000000,1
1027.950718641,37,31,789,39.469400489,34.386969807,2.802211074,34.386969807,2.802211074,0.000000000,1
1028.986331463,37,31,779,38.945536061,34.386969807,2.802211074,34.386969807,2.802211074,0.000000000,1
1030.041695833,37,31,769,38.469996267,34.386969807,2.802211074,34.386969807,2.802211074,0.000000000,1
1031.052132130,37,31,759,37.946320326,34.386969807,2.802211074,34.386969807,2.802211074,0.000000000,1
1032.123487234,37,31,750,37.476518446,34.386969807,2.802211074,34.386969807,2.802211074,0.000000000,1
1033.106421471,37,31,738,36.919596100,34.386969807,2.802211074,34.386969807,2.802211074,0.000000000,1
1034.129201889,37,31,727,36.337488856,34.386969807,2.802211074,34.386969807,2.802211074,0.000000000,1
1035.178536177,37,31,719,35.925400496,34.386969807,2.802211074,34.386969807,2.802211074,0.000000000,1
1036.176359415,37,31,709,35.459949643,34.386969807,2.802211074,34.386969807,2.802211074,0.000000000,1
1037.244521856,37,31,699,34.927994998,34.386969807,2.802211074,34.386969807,2.802211074,0.000000000,1
1038.250856638,37,31,687,34.356589102,34.386969807,2.802211074,34.386969807,2.802211074,0.000000000,1
1039.245784760,37,31,678,33.871406083,34.386969807,2.802211074,34.386969807,2.802211074,0.000000000,1
1040.276598454,37,31,667,33.362212047,34.386969807,2.802211074,34.386969807,2.802211074,0.000000000,1
1041.310815334,37,31,658,32.884647888,34.386969807,2.802211074,34.386969807,2.802211074,0.000000000,1
1042.327759504,37,31,648,32.378027788,34.386969807,2.802211074,34.386969807,2.802211074,0.000000000,1
1043.398681879,37,31,638,31.888566178,34.386969807,2.802211074,34.386969807,2.802211074,0.000000000,1
1044.440822363,37,31,628,31.371016448,34.386969807,2.802211074,34.386969807,2.802211074,0.000000000,1
1045.429931164,37,31,618,30.880688990,34.386969807,2.802211074,34.386969807,2.802211074,0.000000000,1
1046.442352533,37,31,607,30.365568693,34.386969807,2.802211074,34.386969807,2.802211074,0.000000000,1
1047.510573387,37,31,596,29.805301259,34.386969807,2.802211074,34.386969807,2.802211074,0.000000000,1
1048.531406403,37,31,590,29.497838592,34.386969807,2.802211074,34.386969807,2.802211074,0.000000000,1
1049.540212154,37,31,582,29.102044603,34.386969807,2.802211074,34.386969807,2.802211074,0.000000000,1
1050.673476219,37,31,567,28.345831879,34.386969807,2.802211074,34.386969807,2.802211074,0.000000000,1
1051.597696543,37,31,557,27.837509002,34.386969807,2.802211074,34.386969807,2.802211074,0.000000000,1
1052.625840187,37,31,544,27.308978823,34.386969807,2.802211074,34.386969807,2.802211074,0.000000000,1
1053.677881956,37,31,535,26.825426424,34.386969807,2.802211074,34.386969807,2.802211074,0.000000000,1
1054.698363304,37,31,523,26.217151885,34.386969807,2.802211074,34.386969807,2.802211074,0.000000000,1
1055.723604202,37,31,514,25.803754682,34.386969807,2.802211074,34.386969807,2.802211074,0.000000000,1
1056.746954679,37,31,502,25.210647578,34.386969807,2.802211074,34.386969807,2.802211074,0.000000000,1
1057.762928009,37,31,494,24.783142765,34.386969807,2.802211074,34.386969807,2.802211074,0.000000000,1
1058.822118282,37,31,483,24.252190383,34.386969807,2.802211074,34.386969807,2.802211074,0.000000000,1
1059.819075584,37,31,473,23.727829908,34.386969807,2.802211074,34.386969807,2.802211074,0.000000000,1
1060.864067793,37,31,463,23.245632512,34.386969807,2.802211074,34.386969807,2.802211074,0.000000000,1
1061.870159388,37,31,454,22.801789779,34.386969807,2.802211074,34.386969807,2.802211074,0.000000000,1
1062.989199400,37,31,443,22.241316063,34.386969807,2.802211074,34.386969807,2.802211074,0.000000000,1
1064.004521608,37,31,431,21.641462944,34.386969807,2.802211074,34.386969807,2.802211074,0.000000000,1
1064.962056398,37,31,423,21.226066622,34.386969807,2.802211074,34.386969807,2.802211074,0.000000000,1
1066.011182070,37,31,414,20.703103643,34.386969807,2.802211074,34.386969807,2.802211074,0.000000000,1
1067.039713860,37,31,401,20.150157784,34.386969807,2.802211074,34.386969807,2.802211074,0.000000000,1
1068.054914713,37,31,392,19.696611484,34.386969807,2.802211074,34.386969807,2.802211074,0.000000000,1
1069.089761019,37,31,385,19.241607980,34.386969807,2.802211074,34.386969807,2.802211074,0.000000000,1
1070.088158607,37,31,372,18.709883329,34.386969807,2.802211074,34.386969807,2.802211074,0.000000000,1
1071.226449251,37,31,365,18.223547941,34.386969807,2.802211074,34.386969807,2.802211074,0.000000000,1
1072.144413471,37,31,353,17.623861237,34.386969807,2.802211074,34.386969807,2.802211074,0.000000000,1
1073.163415909,37,31,343,17.128153436,34.386969807,2.802211074,34.386969807,2.802211074,0.000000000,1
1074.189437151,37,31,333,16.624947083,34.386969807,2.802211074,34.386969807,2.802211074,0.000000000,1
1075.236433268,37,31,323,16.129673420,34.386969807,2.802211074,34.386969807,2.802211074,0.000000000,1
1076.247460604,37,31,313,15.627245519,34.386969807,2.802211074,34.386969807,2.802211074,0.000000000,1
1077.268913031,37,31,301,15.124474322,34.386969807,2.802211074,34.386969807,2.802211074,0.000000000,1
1078.289603233,37,31,293,14.634319538,34.386969807,2.802211074,34.386969807,2.802211074,0.000000000,1
1079.319423437,37,31,283,14.144919627,34.386969807,2.802211074,34.386969807,2.802211074,0.000000000,1
1080.358056307,37,31,271,13.562201805,34.386969807,2.802211074,34.386969807,2.802211074,0.000000000,1
1081.406237364,37,31,261,13.062279801,34.386969807,2.802211074,34.386969807,2.802211074,0.000000000,1
1082.414707184,37,31,254,12.694650075,34.386969807,2.802211074,34.386969807,2.802211074,0.000000000,1
1083.433285236,37,31,242,12.113310472,34.386969807,2.802211074,34.386969807,2.802211074,0.000000000,1
1084.476474524,37,31,234,11.697337374,34.386969807,2.802211074,34.386969807,2.802211074,0.000000000,1
1085.506170273,37,31,221,11.059645050,34.386969807,2.802211074,34.386969807,2.802211074,0.000000000,1
1086.591955185,37,31,213,10.650682349,34.386969807,2.802211074,34.386969807,2.802211074,0.000000000,1
1087.538205147,37,31,203,10.153765515,34.386969807,2.802211074,34.386969807,2.802211074,0.000000000,1
1088.608022213,37,31,192,9.579932484,34.386969807,2.802211074,34.386969807,2.802211074,0.000000000,1
1089.585751534,37,31,183,9.167022752,34.386969807,2.802211074,34.386969807,2.802211074,0.000000000,1
1090.620554686,37,31,168,8.430930983,34.386969807,2.802211074,34.386969807,2.802211074,0.000000000,1
1091.625915766,37,31,161,8.072018440,34.386969807,2.802211074,34.386969807,2.802211074,0.000000000,1
1092.664621592,37,31,151,7.568257640,34.386969807,2.802211074,34.386969807,2.802211074,0.000000000,1
1093.688902140,37,31,140,7.025603234,34.386969807,2.802211074,34.386969807,2.802211074,0.000000000,1
1094.721784592,37,31,130,6.490110407,34.386969807,2.802211074,34.386969807,2.802211074,0.000000000,1
1095.803857565,37,31,120,5.984639729,34.386969807,2.802211074,34.386969807,2.802211074,0.000000000,1
1096.765886545,37,31,109,5.464487914,34.386969807,2.802211074,34.386969807,2.802211074,0.000000000,1
1097.786663532,37,31,99,4.950873375,34.386969807,2.802211074,34.386969807,2.802211074,0.000000000,1
1098.867797136,37,31,89,4.451631126,34.386969807,2.802211074,34.386969807,2.802211074,0.000000000,1
1099.848486900,37,31,79,3.951432286,34.386969807,2.802211074,34.386969807,2.802211074,0.000000000,1
1100.905365467,37,31,69,3.453033485,34.386969807,2.802211074,34.386969807,2.802211074,0.000000000,1
1101.908728123,37,31,59,2.940453465,34.386969807,2.802211074,34.386969807,2.802211074,0.000000000,1
1102.935055494,37,31,49,2.461176336,34.386969807,2.802211074,34.386969807,2.802211074,0.000000000,1
1103.945164204,37,31,40,1.981290708,34.386969807,2.802211074,34.386969807,2.802211074,0.000000000,1
1104.963621140,37,31,29,1.471210477,34.386969807,2.802211074,34.386969807,2.802211074,0.000000000,1
1106.005899191,37,31,20,0.988112154,34.386969807,2.802211074,34.386969807,2.802211074,0.000000000,1
1107.032439709,37,31,14,0.692377415,34.386969807,2.802211074,34.386969807,2.802211074,0.000000000,1
1115.683559418,38,32,303,15.196828880,28.586120435,-1.201857639,28.586120435,-1.201857639,0.000000000,1
1116.227476835,38,32,296,14.844041849,28.586120435,-1.201857639,28.586120435,-1.201857639,0.000000000,1
1117.278491497,38,32,288,14.443079989,28.586120435,-1.201857639,28.586120435,-1.201857639,0.000000000,1
1118.288211107,38,32,282,14.168539108,28.586120435,-1.201857639,28.586120435,-1.201857639,0.000000000,1
1119.339398146,38,32,274,13.767119721,28.586120435,-1.201857639,28.586120435,-1.201857639,0.000000000,1
1120.343639612,38,32,268,13.432518259,28.586120435,-1.201857639,28.586120435,-1.201857639,0.000000000,1
1121.362913609,38,32,260,13.028980445,28.586120435,-1.201857639,28.586120435,-1.201857639,0.000000000,1
1122.420149565,38,32,254,12.762957725,28.586120435,-1.201857639,28.586120435,-1.201857639,0.000000000,1
1123.586159468,38,32,246,12.358766574,28.586120435,-1.201857639,28.586120435,-1.201857639,0.000000000,1
1124.445698738,38,32,240,12.029260766,28.586120435,-1.201857639,28.586120435,-1.201857639,0.000000000,1
1125.548429251,38,32,232,11.629345860,28.586120435,-1.201857639,28.586120435,-1.201857639,0.000000000,1
1126.524544716,38,32,224,11.224549856,28.586120435,-1.201857639,28.586120435,-1.201857639,0.000000000,1
1127.517566204,38,32,218,10.970529960,28.586120435,-1.201857639,28.586120435,-1.201857639,0.000000000,1
1128.587425470,38,32,211,10.573616292,28.586120435,-1.201857639,28.586120435,-1.201857639,0.000000000,1
1129.567688942,38,32,204,10.238887898,28.586120435,-1.201857639,28.586120435,-1.201857639,0.000000000,1
1130.625299215,38,32,198,9.962236170,28.586120435,-1.201857639,28.586120435,-1.201857639,0.000000000,1
1131.641226053,38,32,197,9.898424421,28.586120435,-1.201857639,28.586120435,-1.201857639,0.000000000,1
1132.731631994,38,32,197,9.879223920,28.586120435,-1.201857639,28.586120435,-1.201857639,0.000000000,1
1133.687191248,38,32,184,9.239645926,28.586120435,-1.201857639,28.586120435,-1.201857639,0.000000000,1
1134.742225170,38,32,176,8.844464724,28.586120435,-1.201857639,28.586120435,-1.201857639,0.000000000,1
1135.789262772,38,32,163,8.141405797,28.586120435,-1.201857639,28.586120435,-1.201857639,0.000000000,1
1136.778647661,38,32,151,7.607524904,28.586120435,-1.201857639,28.586120435,-1.201857639,0.000000000,1
1137.823669434,38,32,142,7.215607065,28.586120435,-1.201857639,28.586120435,-1.201857639,0.000000000,1
1138.838073730,38,32,130,6.611987913,28.586120435,-1.201857639,28.586120435,-1.201857639,0.000000000,1
1139.871634007,38,32,121,6.133735060,28.586120435,-1.201857639,28.586120435,-1.201857639,0.000000000,1
1140.860265493,38,32,111,5.624138633,28.586120435,-1.201857639,28.586120435,-1.201857639,0.000000000,1
1141.887418985,38,32,102,5.216635086,28.586120435,-1.201857639,28.586120435,-1.201857639,0.000000000,1
1142.905417681,38,32,93,4.730141543,28.586120435,-1.201857639,28.586120435,-1.201857639,0.000000000,1
1143.970552921,38,32,82,4.202769003,28.586120435,-1.201857639,28.586120435,-1.201857639,0.000000000,1
1144.966382027,38,32,73,3.729556836,28.586120435,-1.201857639,28.586120435,-1.201857639,0.000000000,1
1145.995435715,38,32,64,3.306297460,28.586120435,-1.201857639,28.586120435,-1.201857639,0.000000000,1
1147.026454210,38,32,53,2.746303569,28.586120435,-1.201857639,28.586120435,-1.201857639,0.000000000,1
1148.039101124,38,32,44,2.262964623,28.586120435,-1.201857639,28.586120435,-1.201857639,0.000000000,1
1149.089973450,38,32,30,1.653154474,28.586120435,-1.201857639,28.586120435,-1.201857639,0.000000000,1
1150.119842291,38,32,22,1.210689567,28.586120435,-1.201857639,28.586120435,-1.201857639,0.000000000,1
1151.125620127,38,32,14,0.810689561,28.586120435,-1.201857639,28.586120435,-1.201857639,0.000000000,1
1152.147800684,38,32,8,0.510689557,28.586120435,-1.201857639,28.586120435,-1.201857639,0.000000000,1
1159.271246195,39,33,632,31.684180829,22.585907507,11.699983224,22.585907507,11.699983224,0.000000000,1
1160.050219774,39,33,627,31.438439648,22.585907507,11.699983224,22.585907507,11.699983224,0.000000000,1
1161.147543430,39,33,622,31.196154117,22.585907507,11.699983224,22.585907507,11.699983224,0.000000000,1
1162.126751900,39,33,613,30.745556603,22.585907507,11.699983224,22.585907507,11.699983224,0.000000000,1
1163.185092688,39,33,604,30.281729570,22.585907507,11.699983224,22.585907507,11.699983224,0.000000000,1
1164.197903633,39,33,604,30.298920576,22.585907507,11.699983224,22.585907507,11.699983224,0.000000000,1
1165.219683409,39,33,607,30.450053224,22.585907507,11.699983224,22.585907507,11.699983224,0.000000000,1
1166.262657642,39,33,604,30.292861679,22.585907507,11.699983224,22.585907507,11.699983224,0.000000000,1
1167.329742670,39,33,592,29.666068612,22.585907507,11.699983224,22.585907507,11.699983224,0.000000000,1
1168.309678316,39,33,582,29.195809399,22.585907507,11.699983224,22.585907507,11.699983224,0.000000000,1
1169.347226143,39,33,573,28.723015665,22.585907507,11.699983224,22.585907507,11.699983224,0.000000000,1
1170.426299334,39,33,560,28.079787608,22.585907507,11.699983224,22.585907507,11.699983224,0.000000000,1
1171.408463955,39,33,551,27.620165413,22.585907507,11.699983224,22.585907507,11.699983224,0.000000000,1
1172.437789440,39,33,541,27.121019958,22.585907507,11.699983224,22.585907507,11.699983224,0.000000000,1
1173.445245981,39,33,530,26.573619251,22.585907507,11.699983224,22.585907507,11.699983224,0.000000000,1
1174.510318756,39,33,520,26.104166335,22.585907507,11.699983224,22.585907507,11.699983224,0.000000000,1
1175.523108959,39,33,512,25.709004845,22.585907507,11.699983224,22.585907507,11.699983224,0.000000000,1
1176.573318005,39,33,500,25.109394006,22.585907507,11.699983224,22.585907507,11.699983224,0.000000000,1
1177.574521065,39,33,489,24.603438542,22.585907507,11.699983224,22.585907507,11.699983224,0.000000000,1
1178.585573196,39,33,479,24.034356070,22.585907507,11.699983224,22.585907507,11.699983224,0.000000000,1
1179.619515657,39,33,468,23.479617869,22.585907507,11.699983224,22.585907507,11.699983224,0.000000000,1
1180.661302805,39,33,459,23.018282089,22.585907507,11.699983224,22.585907507,11.699983224,0.000000000,1
1181.671216249,39,33,449,22.530338208,22.585907507,11.699983224,22.585907507,11.699983224,0.000000000,1
1182.708610535,39,33,437,21.927521551,22.585907507,11.699983224,22.585907507,11.699983224,0.000000000,1
1183.764072180,39,33,424,21.395374270,22.585907507,11.699983224,22.585907507,11.699983224,0.000000000,1
1184.803325176,39,33,416,20.892825045,22.585907507,11.699983224,22.585907507,11.699983224,0.000000000,1
1185.802540302,39,33,405,20.426691098,22.585907507,11.699983224,22.585907507,11.699983224,0.000000000,1
1186.826560736,39,33,395,19.856554902,22.585907507,11.699983224,22.585907507,11.699983224,0.000000000,1
1187.873035908,39,33,386,19.379333896,22.585907507,11.699983224,22.585907507,11.699983224,0.000000000,1
1188.884262800,39,33,375,18.912190228,22.585907507,11.699983224,22.585907507,11.699983224,0.000000000,1
1189.914768457,39,33,366,18.383226660,22.585907507,11.699983224,22.585907507,11.699983224,0.000000000,1
1190.943929195,39,33,355,17.839449250,22.585907507,11.699983224,22.585907507,11.699983224,0.000000000,1
1191.966655254,39,33,344,17.364627304,22.585907507,11.699983224,22.585907507,11.699983224,0.000000000,1
1193.011218071,39,33,337,16.927635103,22.585907507,11.699983224,22.585907507,11.699983224,0.000000000,1
1194.003417492,39,33,323,16.343276934,22.585907507,11.699983224,22.585907507,11.699983224,0.000000000,1
1195.035854578,39,33,314,15.786216960,22.585907507,11.699983224,22.585907507,11.699983224,0.000000000,1
1196.045623541,39,33,305,15.315976502,22.585907507,11.699983224,22.585907507,11.699983224,0.000000000,1
1197.101445913,39,33,295,14.831803896,22.585907507,11.699983224,22.585907507,11.699983224,0.000000000,1
1198.108421326,39,33,282,14.182808907,22.585907507,11.699983224,22.585907507,11.699983224,0.000000000,1
1199.180424213,39,33,272,13.685046244,22.585907507,11.699983224,22.585907507,11.699983224,0.000000000,1
1200.159859180,39,33,262,13.168488508,22.585907507,11.699983224,22.585907507,11.699983224,0.000000000,1
1201.215757132,39,33,253,12.739287082,22.585907507,11.699983224,22.585907507,11.699983224,0.000000000,1
1202.207685232,39,33,242,12.188067743,22.585907507,11.699983224,22.585907507,11.699983224,0.000000000,1
1203.242699146,39,33,230,11.660981756,22.585907507,11.699983224,22.585907507,11.699983224,0.000000000,1
1204.269426823,39,33,222,11.202442155,22.585907507,11.699983224,22.585907507,11.699983224,0.000000000,1
1205.303730249,39,33,210,10.689744772,22.585907507,11.699983224,22.585907507,11.699983224,0.000000000,1
1206.330536842,39,33,199,10.100688513,22.585907507,11.699983224,22.585907507,11.699983224,0.000000000,1
1207.351379395,39,33,193,9.714706516,22.585907507,11.699983224,22.585907507,11.699983224,0.000000000,1
1208.369997025,39,33,179,9.121434501,22.585907507,11.699983224,22.585907507,11.699983224,0.000000000,1
1209.396010876,39,33,170,8.669720837,22.585907507,11.699983224,22.585907507,11.699983224,0.000000000,1
1210.447364330,39,33,159,8.125761343,22.585907507,11.699983224,22.585907507,11.699983224,0.000000000,1
1211.459022045,39,33,151,7.637361881,22.585907507,11.699983224,22.585907507,11.699983224,0.000000000,1
1212.466271162,39,33,140,7.096653903,22.585907507,11.699983224,22.585907507,11.699983224,0.000000000,1
1213.516422272,39,33,130,6.559216700,22.585907507,11.699983224,22.585907507,11.699983224,0.000000000,1
1214.549606323,39,33,118,6.057310086,22.585907507,11.699983224,22.585907507,11.699983224,0.000000000,1
1215.548258305,39,33,107,5.511650213,22.585907507,11.699983224,22.585907507,11.699983224,0.000000000,1
1216.602126598,39,33,100,5.077411529,22.585907507,11.699983224,22.585907507,11.699983224,0.000000000,1
1217.668480396,39,33,89,4.538998288,22.585907507,11.699983224,22.585907507,11.699983224,0.000000000,1
1218.657033682,39,33,79,4.030590850,22.585907507,11.699983224,22.585907507,11.699983224,0.000000000,1
1219.657735109,39,33,68,3.496413624,22.585907507,11.699983224,22.585907507,11.699983224,0.000000000,1
1220.682211161,39,33,56,2.993869680,22.585907507,11.699983224,22.585907507,11.699983224,0.000000000,1
1221.704146862,39,33,48,2.552282218,22.585907507,11.699983224,22.585907507,11.699983224,0.000000000,1
1222.730702400,39,33,39,2.039697426,22.585907507,11.699983224,22.585907507,11.699983224,0.000000000,1
1223.742740393,39,33,28,1.500147191,22.585907507,11.699983224,22.585907507,11.699983224,0.000000000,1
1224.765528679,39,33,18,1.066905648,22.585907507,11.699983224,22.585907507,11.699983224,0.000000000,1
1225.786689997,39,33,9,0.650248238,22.585907507,11.699983224,22.585907507,11.699983224,0.000000000,1
1232.580990076,40,34,939,47.018002835,6.384946618,11.103737724,6.384946618,11.103737724,0.000000000,1
1233.341636896,40,34,934,46.800224467,6.384946618,11.103737724,6.384946618,11.103737724,0.000000000,1
1234.385733843,40,34,929,46.544867543,6.384946618,11.103737724,6.384946618,11.103737724,0.000000000,1
1235.425383329,40,34,923,46.246301610,6.384946618,11.103737724,6.384946618,11.103737724,0.000000000,1
1236.452934027,40,34,921,46.122379943,6.384946618,11.103737724,6.384946618,11.103737724,0.000000000,1
1237.528840065,40,34,921,46.145742561,6.384946618,11.103737724,6.384946618,11.103737724,0.000000000,1
1238.529777050,40,34,910,45.582487574,6.384946618,11.103737724,6.384946618,11.103737724,0.000000000,1
1239.604224920,40,34,901,45.125609565,6.384946618,11.103737724,6.384946618,11.103737724,0.000000000,1
1240.545403242,40,34,890,44.587504039,6.384946618,11.103737724,6.384946618,11.103737724,0.000000000,1
1241.591906071,40,34,880,44.071742474,6.384946618,11.103737724,6.384946618,11.103737724,0.000000000,1
1242.612552404,40,34,869,43.541503499,6.384946618,11.103737724,6.384946618,11.103737724,0.000000000,1
1243.642630816,40,34,858,42.996311090,6.384946618,11.103737724,6.384946618,11.103737724,0.000000000,1
1244.708704948,40,34,850,42.588044909,6.384946618,11.103737724,6.384946618,11.103737724,0.000000000,1
1245.733259439,40,34,839,42.046694008,6.384946618,11.103737724,6.384946618,11.103737724,0.000000000,1
1246.752997160,40,34,829,41.532637090,6.384946618,11.103737724,6.384946618,11.103737724,0.000000000,1
1247.758819818,40,34,818,40.990143968,6.384946618,11.103737724,6.384946618,11.103737724,0.000000000,1
1248.824541330,40,34,808,40.497065388,6.384946618,11.103737724,6.384946618,11.103737724,0.000000000,1
1249.805849314,40,34,797,39.953664321,6.384946618,11.103737724,6.384946618,11.103737724,0.000000000,1
1250.866802931,40,34,787,39.441349090,6.384946618,11.103737724,6.384946618,11.103737724,0.000000000,1
1251.871993065,40,34,776,38.908595511,6.384946618,11.103737724,6.384946618,11.103737724,0.000000000,1
1252.917319059,40,34,766,38.367441533,6.384946618,11.103737724,6.384946618,11.103737724,0.000000000,1
1253.928121090,40,34,756,37.867905444,6.384946618,11.103737724,6.384946618,11.103737724,0.000000000,1
1254.946794510,40,34,745,37.327421492,6.384946618,11.103737724,6.384946618,11.103737724,0.000000000,1
1256.045242310,40,34,735,36.813364301,6.384946618,11.103737724,6.384946618,11.103737724,0.000000000,1
1256.999783754,40,34,724,36.288352577,6.384946618,11.103737724,6.384946618,11.103737724,0.000000000,1
1258.028906822,40,34,716,35.874450817,6.384946618,11.103737724,6.384946618,11.103737724,0.000000000,1
1259.064956427,40,34,705,35.343356336,6.384946618,11.103737724,6.384946618,11.103737724,0.000000000,1
1260.104308844,40,34,694,34.797651297,6.384946618,11.103737724,6.384946618,11.103737724,0.000000000,1
1261.115446806,40,34,684,34.286864102,6.384946618,11.103737724,6.384946618,11.103737724,0.000000000,1
1262.139099360,40,34,673,33.754293951,6.384946618,11.103737724,6.384946618,11.103737724,0.000000000,1
1263.177163839,40,34,663,33.242352573,6.384946618,11.103737724,6.384946618,11.103737724,0.000000000,1
1264.204925776,40,34,655,32.811725595,6.384946618,11.103737724,6.384946618,11.103737724,0.000000000,1
1265.229541302,40,34,643,32.230611299,6.384946618,11.103737724,6.384946618,11.103737724,0.000000000,1
1266.268809557,40,34,633,31.731378039,6.384946618,11.103737724,6.384946618,11.103737724,0.000000000,1
1267.281330585,40,34,621,31.131359669,6.384946618,11.103737724,6.384946618,11.103737724,0.000000000,1
1268.309829950,40,34,611,30.633990605,6.384946618,11.103737724,6.384946618,11.103737724,0.000000000,1
1269.326477289,40,34,601,30.135311390,6.384946618,11.103737724,6.384946618,11.103737724,0.000000000,1
1270.444928885,40,34,591,29.634691728,6.384946618,11.103737724,6.384946618,11.103737724,0.000000000,1
1271.369957209,40,34,581,29.131262430,6.384946618,11.103737724,6.384946618,11.103737724,0.000000000,1
1272.440780878,40,34,571,28.634454897,6.384946618,11.103737724,6.384946618,11.103737724,0.000000000,1
1273.432377577,40,34,561,28.135281306,6.384946618,11.103737724,6.384946618,11.103737724,0.000000000,1
1274.471191645,40,34,551,27.634529699,6.384946618,11.103737724,6.384946618,11.103737724,0.000000000,1
1275.480709076,40,34,541,27.135052884,6.384946618,11.103737724,6.384946618,11.103737724,0.000000000,1
1276.522383690,40,34,531,26.634680325,6.384946618,11.103737724,6.384946618,11.103737724,0.000000000,1
1277.545656919,40,34,521,26.135272721,6.384946618,11.103737724,6.384946618,11.103737724,0.000000000,1
1278.565770149,40,34,511,25.634709231,6.384946618,11.103737724,6.384946618,11.103737724,0.000000000,1
1279.610251665,40,34,499,25.034895708,6.384946618,11.103737724,6.384946618,11.103737724,0.000000000,1
1280.624292374,40,34,489,24.535275922,6.384946618,11.103737724,6.384946618,11.103737724,0.000000000,1
1281.666434526,40,34,479,24.034152609,6.384946618,11.103737724,6.384946618,11.103737724,0.000000000,1
1282.680992365,40,34,469,23.535697743,6.384946618,11.103737724,6.384946618,11.103737724,0.000000000,1
1283.706881523,40,34,459,23.033973932,6.384946618,11.103737724,6.384946618,11.103737724,0.000000000,1
1284.751148939,40,34,449,22.533318509,6.384946618,11.103737724,6.384946618,11.103737724,0.000000000,1
1285.767442703,40,34,439,22.029035469,6.384946618,11.103737724,6.384946618,11.103737724,0.000000000,1
1286.847065210,40,34,429,21.529114100,6.384946618,11.103737724,6.384946618,11.103737724,0.000000000,1
1287.822654963,40,34,419,21.028602010,6.384946618,11.103737724,6.384946618,11.103737724,0.000000000,1
1288.848515987,40,34,409,20.527206746,6.384946618,11.103737724,6.384946618,11.103737724,0.000000000,1
1289.887654781,40,34,397,19.936838556,6.384946618,11.103737724,6.384946618,11.103737724,0.000000000,1
1290.912374496,40,34,389,19.529818333,6.384946618,11.103737724,6.384946618,11.103737724,0.000000000,1
1291.950725555,40,34,377,18.930290202,6.384946618,11.103737724,6.384946618,11.103737724,0.000000000,1
1292.947414875,40,34,367,18.427031921,6.384946618,11.103737724,6.384946618,11.103737724,0.000000000,1
1293.968564987,40,34,357,17.927016779,6.384946618,11.103737724,6.384946618,11.103737724,0.000000000,1
1294.993197918,40,34,347,17.432154524,6.384946618,11.103737724,6.384946618,11.103737724,0.000000000,1
1296.024275780,40,34,337,16.929707738,6.384946618,11.103737724,6.384946618,11.103737724,0.000000000,1
1297.040598392,40,34,327,16.426399928,6.384946618,11.103737724,6.384946618,11.103737724,0.000000000,1
1298.064790726,40,34,317,15.927041827,6.384946618,11.103737724,6.384946618,11.103737724,0.000000000,1
1299.103407383,40,34,307,15.422513713,6.384946618,11.103737724,6.384946618,11.103737724,0.000000000,1
1300.162251711,40,34,297,14.923455342,6.384946618,11.103737724,6.384946618,11.103737724,0.000000000,1
1301.145351410,40,34,287,14.422513699,6.384946618,11.103737724,6.384946618,11.103737724,0.000000000,1
1302.182664394,40,34,277,13.923457357,6.384946618,11.103737724,6.384946618,11.103737724,0.000000000,1
1303.268821955,40,34,267,13.422516546,6.384946618,11.103737724,6.384946618,11.103737724,0.000000000,1
1304.228839874,40,34,257,12.923461943,6.384946618,11.103737724,6.384946618,11.103737724,0.000000000,1
1305.270519733,40,34,247,12.422523702,6.384946618,11.103737724,6.384946618,11.103737724,0.000000000,1
1306.290162802,40,34,237,11.923473120,6.384946618,11.103737724,6.384946618,11.103737724,0.000000000,1
1307.309776306,40,34,225,11.323490243,6.384946618,11.103737724,6.384946618,11.103737724,0.000000000,1
1308.376050711,40,34,215,10.822572139,6.384946618,11.103737724,6.384946618,11.103737724,0.000000000,1
1309.374755621,40,34,205,10.323552350,6.384946618,11.103737724,6.384946618,11.103737724,0.000000000,1
1310.381624222,40,34,195,9.822676180,6.384946618,11.103737724,6.384946618,11.103737724,0.000000000,1
1311.409691334,40,34,185,9.323726688,6.384946618,11.103737724,6.384946618,11.103737724,0.000000000,1
1312.443310499,40,34,175,8.822976970,6.384946618,11.103737724,6.384946618,11.103737724,0.000000000,1
1313.464347363,40,34,165,8.324254398,6.384946618,11.103737724,6.384946618,11.103737724,0.000000000,1
1314.521891832,40,34,153,7.725065179,6.384946618,11.103737724,6.384946618,11.103737724,0.000000000,1
1315.540137053,40,34,145,7.326120771,6.384946618,11.103737724,6.384946618,11.103737724,0.000000000,1
1316.547162771,40,34,133,6.724016484,6.384946618,11.103737724,6.384946618,11.103737724,0.000000000,1
1317.566067696,40,34,123,6.225425803,6.384946618,11.103737724,6.384946618,11.103737724,0.000000000,1
1318.601625204,40,34,117,5.931504031,6.384946618,11.103737724,6.384946618,11.103737724,0.000000000,1
1319.604573250,40,34,102,5.191991957,6.384946618,11.103737724,6.384946618,11.103737724,0.000000000,1
1320.641232491,40,34,92,4.680343281,6.384946618,11.103737724,6.384946618,11.103737724,0.000000000,1
1321.668720007,40,34,82,4.182759800,6.384946618,11.103737724,6.384946618,11.103737724,0.000000000,1
1322.745686769,40,34,72,3.683321575,6.384946618,11.103737724,6.384946618,11.103737724,0.000000000,1
1323.727394342,40,34,62,3.165008014,6.384946618,11.103737724,6.384946618,11.103737724,0.000000000,1
1324.752759933,40,34,52,2.674088163,6.384946618,11.103737724,6.384946618,11.103737724,0.000000000,1
1325.765502930,40,34,42,2.182907940,6.384946618,11.103737724,6.384946618,11.103737724,0.000000000,1
1326.800105572,40,34,31,1.653364654,6.384946618,11.103737724,6.384946618,11.103737724,0.000000000,1
1327.821098328,40,34,20,1.112521844,6.384946618,11.103737724,6.384946618,11.103737724,0.000000000,1
1328.865516186,40,34,14,0.796986162,6.384946618,11.103737724,6.384946618,11.103737724,0.000000000,1
1329.888731480,40,34,7,0.436254828,6.384946618,11.103737724,6.384946618,11.103737724,0.000000000,1
1337.104541302,41,35,635,31.860370755,9.184628416,8.004174909,9.184628416,8.004174909,0.000000000,1
1337.911159515,41,35,630,31.609379571,9.184628416,8.004174909,9.184628416,8.004174909,0.000000000,1
1338.927547455,41,35,621,31.148245188,9.184628416,8.004174909,9.184628416,8.004174909,0.000000000,1
1339.956061602,41,35,616,30.894667650,9.184628416,8.004174909,9.184628416,8.004174909,0.000000000,1
1340.981611252,41,35,609,30.557365393,9.184628416,8.004174909,9.184628416,8.004174909,0.000000000,1
1342.008203030,41,35,609,30.547304409,9.184628416,8.004174909,9.184628416,8.004174909,0.000000000,1
1343.103590250,41,35,609,30.558463683,9.184628416,8.004174909,9.184628416,8.004174909,0.000000000,1
1344.048469067,41,35,606,30.374175029,9.184628416,8.004174909,9.184628416,8.004174909,0.000000000,1
1345.101357698,41,35,597,29.920832615,9.184628416,8.004174909,9.184628416,8.004174909,0.000000000,1
1346.187715054,41,35,587,29.450382194,9.184628416,8.004174909,9.184628416,8.004174909,0.000000000,1
1347.122071266,41,35,576,28.903690057,9.184628416,8.004174909,9.184628416,8.004174909,0.000000000,1
1348.206128359,41,35,567,28.457687810,9.184628416,8.004174909,9.184628416,8.004174909,0.000000000,1
1349.180975676,41,35,556,27.887089691,9.184628416,8.004174909,9.184628416,8.004174909,0.000000000,1
1350.254809856,41,35,546,27.392912138,9.184628416,8.004174909,9.184628416,8.004174909,0.000000000,1
1351.244721413,41,35,535,26.832637504,9.184628416,8.004174909,9.184628416,8.004174909,0.000000000,1
1352.336051941,41,35,525,26.334301722,9.184628416,8.004174909,9.184628416,8.004174909,0.000000000,1
1353.284760237,41,35,515,25.812685953,9.184628416,8.004174909,9.184628416,8.004174909,0.000000000,1
1354.318170071,41,35,504,25.294329935,9.184628416,8.004174909,9.184628416,8.004174909,0.000000000,1
1355.344349384,41,35,495,24.812685306,9.184628416,8.004174909,9.184628416,8.004174909,0.000000000,1
1356.404553175,41,35,484,24.294330875,9.184628416,8.004174909,9.184628416,8.004174909,0.000000000,1
1357.411688328,41,35,472,23.694333158,9.184628416,8.004174909,9.184628416,8.004174909,0.000000000,1
1358.427139044,41,35,463,23.212685791,9.184628416,8.004174909,9.184628416,8.004174909,0.000000000,1
1359.458339930,41,35,452,22.694076926,9.184628416,8.004174909,9.184628416,8.004174909,0.000000000,1
1360.527879953,41,35,443,22.212686048,9.184628416,8.004174909,9.184628416,8.004174909,0.000000000,1
1361.528357267,41,35,431,21.612690351,9.184628416,8.004174909,9.184628416,8.004174909,0.000000000,1
1362.550659180,41,35,423,21.211039191,9.184628416,8.004174909,9.184628416,8.004174909,0.000000000,1
1363.591526270,41,35,412,20.716615675,9.184628416,8.004174909,9.184628416,8.004174909,0.000000000,1
1364.620609283,41,35,401,20.150210692,9.184628416,8.004174909,9.184628416,8.004174909,0.000000000,1
1365.699085712,41,35,393,19.723122168,9.184628416,8.004174909,9.184628416,8.004174909,0.000000000,1
1366.669075012,41,35,382,19.174656987,9.184628416,8.004174909,9.184628416,8.004174909,0.000000000,1
1367.691763401,41,35,372,18.673128592,9.184628416,8.004174909,9.184628416,8.004174909,0.000000000,1
1368.724570274,41,35,361,18.138280272,9.184628416,8.004174909,9.184628416,8.004174909,0.000000000,1
1369.747128725,41,35,352,17.676484845,9.184628416,8.004174909,9.184628416,8.004174909,0.000000000,1
1370.746656656,41,35,341,17.138661745,9.184628416,8.004174909,9.184628416,8.004174909,0.000000000,1
1371.769285440,41,35,333,16.721642726,9.184628416,8.004174909,9.184628416,8.004174909,0.000000000,1
1372.829301357,41,35,323,16.238480211,9.184628416,8.004174909,9.184628416,8.004174909,0.000000000,1
1373.817360163,41,35,313,15.718744032,9.184628416,8.004174909,9.184628416,8.004174909,0.000000000,1
1374.850792408,41,35,303,15.229230717,9.184628416,8.004174909,9.184628416,8.004174909,0.000000000,1
1375.872688770,41,35,293,14.726623435,9.184628416,8.004174909,9.184628416,8.004174909,0.000000000,1
1376.897091150,41,35,281,14.121774743,9.184628416,8.004174909,9.184628416,8.004174909,0.000000000,1
1377.930375338,41,35,272,13.686213119,9.184628416,8.004174909,9.184628416,8.004174909,0.000000000,1
1378.976795673,41,35,259,13.044284489,9.184628416,8.004174909,9.184628416,8.004174909,0.000000000,1
1379.989256859,41,35,248,12.509237974,9.184628416,8.004174909,9.184628416,8.004174909,0.000000000,1
1381.002121210,41,35,239,12.057341964,9.184628416,8.004174909,9.184628416,8.004174909,0.000000000,1
1382.011397600,41,35,230,11.569165477,9.184628416,8.004174909,9.184628416,8.004174909,0.000000000,1
1383.166038990,41,35,219,11.041069845,9.184628416,8.004174909,9.184628416,8.004174909,0.000000000,1
1384.130247116,41,35,211,10.626902597,9.184628416,8.004174909,9.184628416,8.004174909,0.000000000,1
1385.180457592,41,35,200,10.109302577,9.184628416,8.004174909,9.184628416,8.004174909,0.000000000,1
1386.219060659,41,35,190,9.582312297,9.184628416,8.004174909,9.184628416,8.004174909,0.000000000,1
1387.176769495,41,35,180,9.100390210,9.184628416,8.004174909,9.184628416,8.004174909,0.000000000,1
1388.158006430,41,35,170,8.598578891,9.184628416,8.004174909,9.184628416,8.004174909,0.000000000,1
1389.191998482,41,35,161,8.115762053,9.184628416,8.004174909,9.184628416,8.004174909,0.000000000,1
1390.210066795,41,35,150,7.570918780,9.184628416,8.004174909,9.184628416,8.004174909,0.000000000,1
1391.254961014,41,35,140,7.085730852,9.184628416,8.004174909,9.184628416,8.004174909,0.000000000,1
1392.275486946,41,35,129,6.548357395,9.184628416,8.004174909,9.184628416,8.004174909,0.000000000,1
1393.286349535,41,35,121,6.125694696,9.184628416,8.004174909,9.184628416,8.004174909,0.000000000,1
1394.321636677,41,35,110,5.583401025,9.184628416,8.004174909,9.184628416,8.004174909,0.000000000,1
1395.394757509,41,35,99,5.047798897,9.184628416,8.004174909,9.184628416,8.004174909,0.000000000,1
1396.384398460,41,35,89,4.536548876,9.184628416,8.004174909,9.184628416,8.004174909,0.000000000,1
1397.405442238,41,35,78,4.001283738,9.184628416,8.004174909,9.184628416,8.004174909,0.000000000,1
1398.439367056,41,35,69,3.530296792,9.184628416,8.004174909,9.184628416,8.004174909,0.000000000,1
1399.469323874,41,35,59,3.037224944,9.184628416,8.004174909,9.184628416,8.004174909,0.000000000,1
1400.490918875,41,35,49,2.528914740,9.184628416,8.004174909,9.184628416,8.004174909,0.000000000,1
1401.527325869,41,35,39,2.028228164,9.184628416,8.004174909,9.184628416,8.004174909,0.000000000,1
1402.540649176,41,35,29,1.535825854,9.184628416,8.004174909,9.184628416,8.004174909,0.000000000,1
1403.568412542,41,35,19,1.015517816,9.184628416,8.004174909,9.184628416,8.004174909,0.000000000,1
1404.584242344,41,35,12,0.710287160,9.184628416,8.004174909,9.184628416,8.004174909,0.000000000,1
1405.605370522,41,35,8,0.492872456,9.184628416,8.004174909,9.184628416,8.004174909,0.000000000,1
1418.225017309,43,37,372,18.594922228,23.786437343,3.002999314,23.786437343,3.002999314,0.000000000,1
1418.979922295,43,37,369,18.464552514,23.786437343,3.002999314,23.786437343,3.002999314,0.000000000,1
1419.985697985,43,37,363,18.152065969,23.786437343,3.002999314,23.786437343,3.002999314,0.000000000,1
1421.068446875,43,37,361,18.055374463,23.786437343,3.002999314,23.786437343,3.002999314,0.000000000,1
1422.060708046,43,37,361,18.058157445,23.786437343,3.002999314,23.786437343,3.002999314,0.000000000,1
1423.102038383,43,37,351,17.556418692,23.786437343,3.002999314,23.786437343,3.002999314,0.000000000,1
1424.092435122,43,37,341,17.059707951,23.786437343,3.002999314,23.786437343,3.002999314,0.000000000,1
1425.103142738,43,37,331,16.535211634,23.786437343,3.002999314,23.786437343,3.002999314,0.000000000,1
1426.130988121,43,37,321,16.051389007,23.786437343,3.002999314,23.786437343,3.002999314,0.000000000,1
1427.160085440,43,37,311,15.541127932,23.786437343,3.002999314,23.786437343,3.002999314,0.000000000,1
1428.196290970,43,37,301,15.060891984,23.786437343,3.002999314,23.786437343,3.002999314,0.000000000,1
1429.203034639,43,37,291,14.552985991,23.786437343,3.002999314,23.786437343,3.002999314,0.000000000,1
1430.236879110,43,37,282,14.079265285,23.786437343,3.002999314,23.786437343,3.002999314,0.000000000,1
1431.252815008,43,37,270,13.494329502,23.786437343,3.002999314,23.786437343,3.002999314,0.000000000,1
1432.354879856,43,37,260,12.985661519,23.786437343,3.002999314,23.786437343,3.002999314,0.000000000,1
1433.362818956,43,37,250,12.489562442,23.786437343,3.002999314,23.786437343,3.002999314,0.000000000,1
1434.382515669,43,37,242,12.081907676,23.786437343,3.002999314,23.786437343,3.002999314,0.000000000,1
1435.385664940,43,37,231,11.547707410,23.786437343,3.002999314,23.786437343,3.002999314,0.000000000,1
1436.400916576,43,37,221,11.047429450,23.786437343,3.002999314,23.786437343,3.002999314,0.000000000,1
1437.482820272,43,37,211,10.543197635,23.786437343,3.002999314,23.786437343,3.002999314,0.000000000,1
1438.465215921,43,37,200,10.002410187,23.786437343,3.002999314,23.786437343,3.002999314,0.000000000,1
1439.472906113,43,37,190,9.508228181,23.786437343,3.002999314,23.786437343,3.002999314,0.000000000,1
1440.554723740,43,37,179,8.969709950,23.786437343,3.002999314,23.786437343,3.002999314,0.000000000,1
1441.523163080,43,37,169,8.514740074,23.786437343,3.002999314,23.786437343,3.002999314,0.000000000,1
1442.544272661,43,37,160,8.066641208,23.786437343,3.002999314,23.786437343,3.002999314,0.000000000,1
1443.587160349,43,37,149,7.528185510,23.786437343,3.002999314,23.786437343,3.002999314,0.000000000,1
1444.610016584,43,37,138,6.977580954,23.786437343,3.002999314,23.786437343,3.002999314,0.000000000,1
1445.635693550,43,37,128,6.493869510,23.786437343,3.002999314,23.786437343,3.002999314,0.000000000,1
1446.743612289,43,37,118,5.992527123,23.786437343,3.002999314,23.786437343,3.002999314,0.000000000,1
1447.672163010,43,37,109,5.521698394,23.786437343,3.002999314,23.786437343,3.002999314,0.000000000,1
1448.724399567,43,37,101,5.136792112,23.786437343,3.002999314,23.786437343,3.002999314,0.000000000,1
1449.780565262,43,37,91,4.611853342,23.786437343,3.002999314,23.786437343,3.002999314,0.000000000,1
1450.762712955,43,37,81,4.135797851,23.786437343,3.002999314,23.786437343,3.002999314,0.000000000,1
1451.812887669,43,37,70,3.599759833,23.786437343,3.002999314,23.786437343,3.002999314,0.000000000,1
1452.804125309,43,37,61,3.118230327,23.786437343,3.002999314,23.786437343,3.002999314,0.000000000,1
1453.832333803,43,37,50,2.605132729,23.786437343,3.002999314,23.786437343,3.002999314,0.000000000,1
1454.859625101,43,37,40,2.097764625,23.786437343,3.002999314,23.786437343,3.002999314,0.000000000,1
1455.878408194,43,37,30,1.588694126,23.786437343,3.002999314,23.786437343,3.002999314,0.000000000,1
1456.912119150,43,37,22,1.192543125,23.786437343,3.002999314,23.786437343,3.002999314,0.000000000,1
1457.947381973,43,37,16,0.891013773,23.786437343,3.002999314,23.786437343,3.002999314,0.000000000,1
1459.001118422,43,37,16,0.882706688,23.786437343,3.002999314,23.786437343,3.002999314,0.000000000,1
1465.989719391,44,38,560,28.072919543,25.386784401,7.702078100,25.386784401,7.702078100,0.000000000,1
1466.740833044,44,38,555,27.858019459,25.386784401,7.702078100,25.386784401,7.702078100,0.000000000,1
1467.758940697,44,38,551,27.643030985,25.386784401,7.702078100,25.386784401,7.702078100,0.000000000,1
1468.774551868,44,38,550,27.592877605,25.386784401,7.702078100,25.386784401,7.702078100,0.000000000,1
1469.808716297,44,38,548,27.504721418,25.386784401,7.702078100,25.386784401,7.702078100,0.000000000,1
1470.860440969,44,38,540,27.099109796,25.386784401,7.702078100,25.386784401,7.702078100,0.000000000,1
1471.852540255,44,38,532,26.699326662,25.386784401,7.702078100,25.386784401,7.702078100,0.000000000,1
1472.937068939,44,38,524,26.289465262,25.386784401,7.702078100,25.386784401,7.702078100,0.000000000,1
1473.931630850,44,38,509,25.559867940,25.386784401,7.702078100,25.386784401,7.702078100,0.000000000,1
1474.973540306,44,38,501,25.147283676,25.386784401,7.702078100,25.386784401,7.702078100,0.000000000,1
1475.996143341,44,38,491,24.616114080,25.386784401,7.702078100,25.386784401,7.702078100,0.000000000,1
1477.010887384,44,38,478,23.997212810,25.386784401,7.702078100,25.386784401,7.702078100,0.000000000,1
1478.039072037,44,38,470,23.600116953,25.386784401,7.702078100,25.386784401,7.702078100,0.000000000,1
1479.061158180,44,38,460,23.068833033,25.386784401,7.702078100,25.386784401,7.702078100,0.000000000,1
1480.091098070,44,38,449,22.536811695,25.386784401,7.702078100,25.386784401,7.702078100,0.000000000,1
1481.125898600,44,38,440,21.991986446,25.386784401,7.702078100,25.386784401,7.702078100,0.000000000,1
1482.164351702,44,38,430,21.493009639,25.386784401,7.702078100,25.386784401,7.702078100,0.000000000,1
1483.181885719,44,38,418,20.893133666,25.386784401,7.702078100,25.386784401,7.702078100,0.000000000,1
1484.198840857,44,38,408,20.393273501,25.386784401,7.702078100,25.386784401,7.702078100,0.000000000,1
1485.226232529,44,38,398,19.894709282,25.386784401,7.702078100,25.386784401,7.702078100,0.000000000,1
1486.247578144,44,38,388,19.408015411,25.386784401,7.702078100,25.386784401,7.702078100,0.000000000,1
1487.282452822,44,38,379,18.929202723,25.386784401,7.702078100,25.386784401,7.702078100,0.000000000,1
1488.322377682,44,38,368,18.419368730,25.386784401,7.702078100,25.386784401,7.702078100,0.000000000,1
1489.323204756,44,38,358,17.887143477,25.386784401,7.702078100,25.386784401,7.702078100,0.000000000,1
1490.425599575,44,38,347,17.367110897,25.386784401,7.702078100,25.386784401,7.702078100,0.000000000,1
1491.403471708,44,38,337,16.867081186,25.386784401,7.702078100,25.386784401,7.702078100,0.000000000,1
1492.402093649,44,38,325,16.268887487,25.386784401,7.702078100,25.386784401,7.702078100,0.000000000,1
1493.438929796,44,38,316,15.782739342,25.386784401,7.702078100,25.386784401,7.702078100,0.000000000,1
1494.515363216,44,38,306,15.300650452,25.386784401,7.702078100,25.386784401,7.702078100,0.000000000,1
1495.570872068,44,38,295,14.725401960,25.386784401,7.702078100,25.386784401,7.702078100,0.000000000,1
1496.536674500,44,38,287,14.325602398,25.386784401,7.702078100,25.386784401,7.702078100,0.000000000,1
1497.550647497,44,38,275,13.725742675,25.386784401,7.702078100,25.386784401,7.702078100,0.000000000,1
1498.582566023,44,38,266,13.280688950,25.386784401,7.702078100,25.386784401,7.702078100,0.000000000,1
1499.601085901,44,38,255,12.755358537,25.386784401,7.702078100,25.386784401,7.702078100,0.000000000,1
1500.648189306,44,38,245,12.232638200,25.386784401,7.702078100,25.386784401,7.702078100,0.000000000,1
1501.653330326,44,38,235,11.732314970,25.386784401,7.702078100,25.386784401,7.702078100,0.000000000,1
1502.674211264,44,38,224,11.188564645,25.386784401,7.702078100,25.386784401,7.702078100,0.000000000,1
1503.705759764,44,38,212,10.602095383,25.386784401,7.702078100,25.386784401,7.702078100,0.000000000,1
1504.717846155,44,38,202,10.085425982,25.386784401,7.702078100,25.386784401,7.702078100,0.000000000,1
1505.777078867,44,38,192,9.603613060,25.386784401,7.702078100,25.386784401,7.702078100,0.000000000,1
1506.842683077,44,38,182,9.095441020,25.386784401,7.702078100,25.386784401,7.702078100,0.000000000,1
1507.837990522,44,38,172,8.595439280,25.386784401,7.702078100,25.386784401,7.702078100,0.000000000,1
1508.850785255,44,38,162,8.095624846,25.386784401,7.702078100,25.386784401,7.702078100,0.000000000,1
1509.887665749,44,38,152,7.595619642,25.386784401,7.702078100,25.386784401,7.702078100,0.000000000,1
1510.873507261,44,38,142,7.095618364,25.386784401,7.702078100,25.386784401,7.702078100,0.000000000,1
1511.918238163,44,38,132,6.595603375,25.386784401,7.702078100,25.386784401,7.702078100,0.000000000,1
1512.927115440,44,38,122,6.095576202,25.386784401,7.702078100,25.386784401,7.702078100,0.000000000,1
1513.947796583,44,38,110,5.495606100,25.386784401,7.702078100,25.386784401,7.702078100,0.000000000,1
1514.964878559,44,38,102,5.095295428,25.386784401,7.702078100,25.386784401,7.702078100,0.000000000,1
1515.985064030,44,38,90,4.495131576,25.386784401,7.702078100,25.386784401,7.702078100,0.000000000,1
1517.024204254,44,38,80,3.994888421,25.386784401,7.702078100,25.386784401,7.702078100,0.000000000,1
1518.064778566,44,38,71,3.542464544,25.386784401,7.702078100,25.386784401,7.702078100,0.000000000,1
1519.103673458,44,38,61,3.049497609,25.386784401,7.702078100,25.386784401,7.702078100,0.000000000,1
1527.297252178,45,39,860,43.094499051,8.987163937,-7.799925288,8.987163937,-7.799925288,0.000000000,1
1527.833260536,45,39,856,42.894505801,8.987163937,-7.799925288,8.987163937,-7.799925288,0.000000000,1
1528.874876261,45,39,848,42.494502673,8.987163937,-7.799925288,8.987163937,-7.799925288,0.000000000,1
1529.871417522,45,39,840,42.094507577,8.987163937,-7.799925288,8.987163937,-7.799925288,0.000000000,1
1530.947019100,45,39,834,41.771712528,8.987163937,-7.799925288,8.987163937,-7.799925288,0.000000000,1
1531.930739641,45,39,826,41.371720718,8.987163937,-7.799925288,8.987163937,-7.799925288,0.000000000,1
1532.977209806,45,39,820,41.097468217,8.987163937,-7.799925288,8.987163937,-7.799925288,0.000000000,1
1533.971684456,45,39,812,40.698217442,8.987163937,-7.799925288,8.987163937,-7.799925288,0.000000000,1
1535.008144379,45,39,806,40.374121625,8.987163937,-7.799925288,8.987163937,-7.799925288,0.000000000,1
1536.016382217,45,39,798,40.006157974,8.987163937,-7.799925288,8.987163937,-7.799925288,0.000000000,1
1537.069126844,45,39,793,39.744252866,8.987163937,-7.799925288,8.987163937,-7.799925288,0.000000000,1
1538.127348661,45,39,784,39.301093768,8.987163937,-7.799925288,8.987163937,-7.799925288,0.000000000,1
1539.116886616,45,39,778,39.010582336,8.987163937,-7.799925288,8.987163937,-7.799925288,0.000000000,1
1540.136240959,45,39,769,38.560258189,8.987163937,-7.799925288,8.987163937,-7.799925288,0.000000000,1
1541.143300772,45,39,764,38.264829000,8.987163937,-7.799925288,8.987163937,-7.799925288,0.000000000,1
1542.213777304,45,39,756,37.862557925,8.987163937,-7.799925288,8.987163937,-7.799925288,0.000000000,1
1543.211121321,45,39,747,37.460141800,8.987163937,-7.799925288,8.987163937,-7.799925288,0.000000000,1
1544.236797333,45,39,742,37.206691674,8.987163937,-7.799925288,8.987163937,-7.799925288,0.000000000,1
1545.377352953,45,39,733,36.741300869,8.987163937,-7.799925288,8.987163937,-7.799925288,0.000000000,1
1546.286533833,45,39,728,36.484189790,8.987163937,-7.799925288,8.987163937,-7.799925288,0.000000000,1
1547.330574751,45,39,720,36.112980252,8.987163937,-7.799925288,8.987163937,-7.799925288,0.000000000,1
1548.364159107,45,39,713,35.760377188,8.987163937,-7.799925288,8.987163937,-7.799925288,0.000000000,1
1549.503817320,45,39,704,35.309178938,8.987163937,-7.799925288,8.987163937,-7.799925288,0.000000000,1
1550.405632973,45,39,699,35.014751333,8.987163937,-7.799925288,8.987163937,-7.799925288,0.000000000,1
1551.438100815,45,39,691,34.657841352,8.987163937,-7.799925288,8.987163937,-7.799925288,0.000000000,1
1552.490811110,45,39,680,34.100277505,8.987163937,-7.799925288,8.987163937,-7.799925288,0.000000000,1
1553.481310844,45,39,672,33.682356695,8.987163937,-7.799925288,8.987163937,-7.799925288,0.000000000,1
1554.505935192,45,39,665,33.358439163,8.987163937,-7.799925288,8.987163937,-7.799925288,0.000000000,1
1555.555462599,45,39,658,32.971884670,8.987163937,-7.799925288,8.987163937,-7.799925288,0.000000000,1
1556.589544058,45,39,652,32.690281545,8.987163937,-7.799925288,8.987163937,-7.799925288,0.000000000,1
1557.610571146,45,39,644,32.273653905,8.987163937,-7.799925288,8.987163937,-7.799925288,0.000000000,1
1558.623055696,45,39,636,31.864606852,8.987163937,-7.799925288,8.987163937,-7.799925288,0.000000000,1
1559.748829603,45,39,630,31.603989071,8.987163937,-7.799925288,8.987163937,-7.799925288,0.000000000,1
1560.685756922,45,39,621,31.149769552,8.987163937,-7.799925288,8.987163937,-7.799925288,0.000000000,1
1561.743712664,45,39,615,30.842341844,8.987163937,-7.799925288,8.987163937,-7.799925288,0.000000000,1
1562.802263021,45,39,607,30.433329110,8.987163937,-7.799925288,8.987163937,-7.799925288,0.000000000,1
1563.795387030,45,39,601,30.149685261,8.987163937,-7.799925288,8.987163937,-7.799925288,0.000000000,1
1564.853735924,45,39,593,29.742942012,8.987163937,-7.799925288,8.987163937,-7.799925288,0.000000000,1
1565.850919485,45,39,587,29.418550785,8.987163937,-7.799925288,8.987163937,-7.799925288,0.000000000,1
1566.889081001,45,39,579,29.023979062,8.987163937,-7.799925288,8.987163937,-7.799925288,0.000000000,1
1567.982760668,45,39,572,28.697724292,8.987163937,-7.799925288,8.987163937,-7.799925288,0.000000000,1
1568.946393490,45,39,566,28.391084950,8.987163937,-7.799925288,8.987163937,-7.799925288,0.000000000,1
1570.046325922,45,39,558,28.004406818,8.987163937,-7.799925288,8.987163937,-7.799925288,0.000000000,1
1571.012931108,45,39,551,27.631663375,8.987163937,-7.799925288,8.987163937,-7.799925288,0.000000000,1
1572.052068710,45,39,545,27.320912010,8.987163937,-7.799925288,8.987163937,-7.799925288,0.000000000,1
1573.171184778,45,39,537,26.938926292,8.987163937,-7.799925288,8.987163937,-7.799925288,0.000000000,1
1574.129296303,45,39,528,26.485998452,8.987163937,-7.799925288,8.987163937,-7.799925288,0.000000000,1
1575.130850792,45,39,523,26.212364317,8.987163937,-7.799925288,8.987163937,-7.799925288,0.000000000,1
1576.150597572,45,39,515,25.821553439,8.987163937,-7.799925288,8.987163937,-7.799925288,0.000000000,1
1577.177592278,45,39,508,25.488659640,8.987163937,-7.799925288,8.987163937,-7.799925288,0.000000000,1
1578.220338106,45,39,508,25.467863474,8.987163937,-7.799925288,8.987163937,-7.799925288,0.000000000,1
1579.231061459,45,39,504,25.288647760,8.987163937,-7.799925288,8.987163937,-7.799925288,0.000000000,1
1580.295163870,45,39,495,24.812231769,8.987163937,-7.799925288,8.987163937,-7.799925288,0.000000000,1
1581.327196360,45,39,485,24.317932797,8.987163937,-7.799925288,8.987163937,-7.799925288,0.000000000,1
1582.327881813,45,39,474,23.790065410,8.987163937,-7.799925288,8.987163937,-7.799925288,0.000000000,1
1583.347775698,45,39,464,23.273152485,8.987163937,-7.799925288,8.987163937,-7.799925288,0.000000000,1
1584.422210932,45,39,454,22.808166944,8.987163937,-7.799925288,8.987163937,-7.799925288,0.000000000,1
1585.402547836,45,39,444,22.274499763,8.987163937,-7.799925288,8.987163937,-7.799925288,0.000000000,1
1586.451195717,45,39,434,21.795606321,8.987163937,-7.799925288,8.987163937,-7.799925288,0.000000000,1
1587.492929935,45,39,423,21.260638232,8.987163937,-7.799925288,8.987163937,-7.799925288,0.000000000,1
1588.500415802,45,39,414,20.793733083,8.987163937,-7.799925288,8.987163937,-7.799925288,0.000000000,1
1589.645166874,45,39,403,20.261821537,8.987163937,-7.799925288,8.987163937,-7.799925288,0.000000000,1
1590.588225365,45,39,393,19.723335520,8.987163937,-7.799925288,8.987163937,-7.799925288,0.000000000,1
1591.576649666,45,39,384,19.272126511,8.987163937,-7.799925288,8.987163937,-7.799925288,0.000000000,1
1592.617313862,45,39,373,18.727276966,8.987163937,-7.799925288,8.987163937,-7.799925288,0.000000000,1
1593.621854782,45,39,363,18.248433743,8.987163937,-7.799925288,8.987163937,-7.799925288,0.000000000,1
1594.675863743,45,39,353,17.727661186,8.987163937,-7.799925288,8.987163937,-7.799925288,0.000000000,1
1595.668687105,45,39,342,17.199503642,8.987163937,-7.799925288,8.987163937,-7.799925288,0.000000000,1
1596.709054708,45,39,331,16.649912522,8.987163937,-7.799925288,8.987163937,-7.799925288,0.000000000,1
1597.725255251,45,39,323,16.250374981,8.987163937,-7.799925288,8.987163937,-7.799925288,0.000000000,1
1598.780383587,45,39,313,15.727196974,8.987163937,-7.799925288,8.987163937,-7.799925288,0.000000000,1
1599.777946711,45,39,302,15.177777033,8.987163937,-7.799925288,8.987163937,-7.799925288,0.000000000,1
1600.817481041,45,39,294,14.799206262,8.987163937,-7.799925288,8.987163937,-7.799925288,0.000000000,1
1601.858154535,45,39,283,14.214283996,8.987163937,-7.799925288,8.987163937,-7.799925288,0.000000000,1
1602.849527121,45,39,272,13.676402076,8.987163937,-7.799925288,8.987163937,-7.799925288,0.000000000,1
1603.878375053,45,39,261,13.156523549,8.987163937,-7.799925288,8.987163937,-7.799925288,0.000000000,1
1604.984446049,45,39,252,12.707858802,8.987163937,-7.799925288,8.987163937,-7.799925288,0.000000000,1
1605.923194885,45,39,243,12.239343130,8.987163937,-7.799925288,8.987163937,-7.799925288,0.000000000,1
1606.963336229,45,39,234,11.765502880,8.987163937,-7.799925288,8.987163937,-7.799925288,0.000000000,1
1607.968854904,45,39,223,11.246617067,8.987163937,-7.799925288,8.987163937,-7.799925288,0.000000000,1
1609.009197235,45,39,210,10.586831919,8.987163937,-7.799925288,8.987163937,-7.799925288,0.000000000,1
1610.027431965,45,39,200,10.105298246,8.987163937,-7.799925288,8.987163937,-7.799925288,0.000000000,1
1611.078941107,45,39,190,9.601006618,8.987163937,-7.799925288,8.987163937,-7.799925288,0.000000000,1
1612.115138769,45,39,180,9.106730387,8.987163937,-7.799925288,8.987163937,-7.799925288,0.000000000,1
1613.208632708,45,39,171,8.648328670,8.987163937,-7.799925288,8.987163937,-7.799925288,0.000000000,1
1614.129796743,45,39,161,8.137838516,8.987163937,-7.799925288,8.987163937,-7.799925288,0.000000000,1
1615.212456465,45,39,150,7.602891490,8.987163937,-7.799925288,8.987163937,-7.799925288,0.000000000,1
1616.186543941,45,39,140,7.092501153,8.987163937,-7.799925288,8.987163937,-7.799925288,0.000000000,1
1617.202317238,45,39,130,6.585912466,8.987163937,-7.799925288,8.987163937,-7.799925288,0.000000000,1
1618.234784842,45,39,119,6.052820173,8.987163937,-7.799925288,8.987163937,-7.799925288,0.000000000,1
1619.252377987,45,39,109,5.540568951,8.987163937,-7.799925288,8.987163937,-7.799925288,0.000000000,1
1620.281053305,45,39,100,5.093273371,8.987163937,-7.799925288,8.987163937,-7.799925288,0.000000000,1
1621.362652302,45,39,89,4.559213893,8.987163937,-7.799925288,8.987163937,-7.799925288,0.000000000,1
1622.331447840,45,39,79,4.040114466,8.987163937,-7.799925288,8.987163937,-7.799925288,0.000000000,1
1623.364144087,45,39,69,3.550540837,8.987163937,-7.799925288,8.987163937,-7.799925288,0.000000000,1
1624.416437149,45,39,59,3.052439907,8.987163937,-7.799925288,8.987163937,-7.799925288,0.000000000,1
1625.410308123,45,39,50,2.598540137,8.987163937,-7.799925288,8.987163937,-7.799925288,0.000000000,1
1626.440844536,45,39,40,2.102502355,8.987163937,-7.799925288,8.987163937,-7.799925288,0.000000000,1
1627.496151924,45,39,32,1.664559966,8.987163937,-7.799925288,8.987163937,-7.799925288,0.000000000,1
1628.494768858,45,39,21,1.115781428,8.987163937,-7.799925288,8.987163937,-7.799925288,0.000000000,1
1629.558389664,45,39,13,0.762853662,8.987163937,-7.799925288,8.987163937,-7.799925288,0.000000000,1
1630.651912689,45,39,8,0.511995096,8.987163937,-7.799925288,8.987163937,-7.799925288,0.000000000,1
1637.427656174,46,40,149,7.536290234,11.487053903,-7.799841685,11.487053903,-7.799841685,0.000000000,1
1638.265545130,46,40,142,7.219756848,11.487053903,-7.799841685,11.487053903,-7.799841685,0.000000000,1
1639.300855398,46,40,140,7.106755482,11.487053903,-7.799841685,11.487053903,-7.799841685,0.000000000,1
1640.368072271,46,40,140,7.106755482,11.487053903,-7.799841685,11.487053903,-7.799841685,0.000000000,1
1641.406466484,46,40,135,6.845745007,11.487053903,-7.799841685,11.487053903,-7.799841685,0.000000000,1
1642.365314960,46,40,121,6.153478508,11.487053903,-7.799841685,11.487053903,-7.799841685,0.000000000,1
1643.420159817,46,40,111,5.626838670,11.487053903,-7.799841685,11.487053903,-7.799841685,0.000000000,1
1644.436758518,46,40,101,5.127167983,11.487053903,-7.799841685,11.487053903,-7.799841685,0.000000000,1
1645.488054037,46,40,91,4.629357285,11.487053903,-7.799841685,11.487053903,-7.799841685,0.000000000,1
1646.499922752,46,40,81,4.138926853,11.487053903,-7.799841685,11.487053903,-7.799841685,0.000000000,1
1647.508886814,46,40,70,3.606997488,11.487053903,-7.799841685,11.487053903,-7.799841685,0.000000000,1
1648.572918415,46,40,60,3.085683911,11.487053903,-7.799841685,11.487053903,-7.799841685,0.000000000,1
1649.554699659,46,40,48,2.511386490,11.487053903,-7.799841685,11.487053903,-7.799841685,0.000000000,1
1650.586205721,46,40,38,1.991173629,11.487053903,-7.799841685,11.487053903,-7.799841685,0.000000000,1
1651.604415655,46,40,28,1.486564399,11.487053903,-7.799841685,11.487053903,-7.799841685,0.000000000,1
1652.632255316,46,40,19,1.025409393,11.487053903,-7.799841685,11.487053903,-7.799841685,0.000000000,1
1653.652220964,46,40,13,0.734085558,11.487053903,-7.799841685,11.487053903,-7.799841685,0.000000000,1
1654.673132896,46,40,7,0.437841171,11.487053903,-7.799841685,11.487053903,-7.799841685,0.000000000,1
1660.955567360,47,41,578,28.980678342,18.087017452,-2.799853197,18.087017452,-2.799853197,0.000000000,1
1661.852482796,47,41,572,28.709561001,18.087017452,-2.799853197,18.087017452,-2.799853197,0.000000000,1
1662.865174532,47,41,589,29.534004677,18.087017452,-2.799853197,18.087017452,-2.799853197,0.000000000,1
1663.909776926,47,41,589,29.534004677,18.087017452,-2.799853197,18.087017452,-2.799853197,0.000000000,1
1664.922290325,47,41,590,29.581086663,18.087017452,-2.799853197,18.087017452,-2.799853197,0.000000000,1
1665.962253094,47,41,590,29.581086663,18.087017452,-2.799853197,18.087017452,-2.799853197,0.000000000,1
1666.965876579,47,41,593,29.751298832,18.087017452,-2.799853197,18.087017452,-2.799853197,0.000000000,1
1668.039005518,47,41,593,29.751298832,18.087017452,-2.799853197,18.087017452,-2.799853197,0.000000000,1
1669.028686285,47,41,593,29.751298832,18.087017452,-2.799853197,18.087017452,-2.799853197,0.000000000,1
1670.060543299,47,41,593,29.751298832,18.087017452,-2.799853197,18.087017452,-2.799853197,0.000000000,1
1671.433307409,47,41,593,29.751298832,18.087017452,-2.799853197,18.087017452,-2.799853197,0.000000000,1
1672.405598640,47,41,593,29.751298832,18.087017452,-2.799853197,18.087017452,-2.799853197,0.000000000,1
1673.485808372,47,41,589,29.531596573,18.087017452,-2.799853197,18.087017452,-2.799853197,0.000000000,1
1674.481954575,47,41,593,29.751298832,18.087017452,-2.799853197,18.087017452,-2.799853197,0.000000000,1
1675.528730869,47,41,593,29.751298832,18.087017452,-2.799853197,18.087017452,-2.799853197,0.000000000,1
1676.530374050,47,41,593,29.751298832,18.087017452,-2.799853197,18.087017452,-2.799853197,0.000000000,1
1677.570742369,47,41,589,29.531596573,18.087017452,-2.799853197,18.087017452,-2.799853197,0.000000000,1
1678.558441162,47,41,589,29.531596573,18.087017452,-2.799853197,18.087017452,-2.799853197,0.000000000,1
1679.590958834,47,41,593,29.751298832,18.087017452,-2.799853197,18.087017452,-2.799853197,0.000000000,1
1680.626723289,47,41,589,29.531596573,18.087017452,-2.799853197,18.087017452,-2.799853197,0.000000000,1
1687.791588545,48,42,709,35.527611575,25.287017559,-7.799853271,25.287017559,-7.799853271,0.000000000,1
1688.536378622,48,42,709,35.527611575,25.287017559,-7.799853271,25.287017559,-7.799853271,0.000000000,1
1689.560909033,48,42,709,35.527611575,25.287017559,-7.799853271,25.287017559,-7.799853271,0.000000000,1
1690.589123011,48,42,709,35.527611575,25.287017559,-7.799853271,25.287017559,-7.799853271,0.000000000,1
1691.627783060,48,42,691,34.633105132,25.287017559,-7.799853271,25.287017559,-7.799853271,0.000000000,1
1692.640018940,48,42,683,34.238458162,25.287017559,-7.799853271,25.287017559,-7.799853271,0.000000000,1
1693.668155909,48,42,673,33.751884554,25.287017559,-7.799853271,25.287017559,-7.799853271,0.000000000,1
1694.721650600,48,42,663,33.253387853,25.287017559,-7.799853271,25.287017559,-7.799853271,0.000000000,1
1695.757341862,48,42,652,32.706713727,25.287017559,-7.799853271,25.287017559,-7.799853271,0.000000000,1
1696.782842636,48,42,643,32.226042910,25.287017559,-7.799853271,25.287017559,-7.799853271,0.000000000,1
1697.775109053,48,42,632,31.706729826,25.287017559,-7.799853271,25.287017559,-7.799853271,0.000000000,1
1698.830836296,48,42,623,31.226067295,25.287017559,-7.799853271,25.287017559,-7.799853271,0.000000000,1
1699.838890076,48,42,612,30.706783015,25.287017559,-7.799853271,25.287017559,-7.799853271,0.000000000,1
1700.968164444,48,42,600,30.106849556,25.287017559,-7.799853271,25.287017559,-7.799853271,0.000000000,1
1701.930802584,48,42,591,29.626245463,25.287017559,-7.799853271,25.287017559,-7.799853271,0.000000000,1
1702.841881037,48,42,583,29.252304382,25.287017559,-7.799853271,25.287017559,-7.799853271,0.000000000,1
1703.905136347,48,42,575,28.826473686,25.287017559,-7.799853271,25.287017559,-7.799853271,0.000000000,1
1704.867786169,48,42,565,28.361189518,25.287017559,-7.799853271,25.287017559,-7.799853271,0.000000000,1
1705.965390921,48,42,555,27.859442211,25.287017559,-7.799853271,25.287017559,-7.799853271,0.000000000,1
1706.936330080,48,42,546,27.374458861,25.287017559,-7.799853271,25.287017559,-7.799853271,0.000000000,1
1708.016611576,48,42,535,26.857089843,25.287017559,-7.799853271,25.287017559,-7.799853271,0.000000000,1
1709.005916834,48,42,527,26.430198732,25.287017559,-7.799853271,25.287017559,-7.799853271,0.000000000,1
1710.079538584,48,42,516,25.886653609,25.287017559,-7.799853271,25.287017559,-7.799853271,0.000000000,1
1711.051705360,48,42,506,25.368586074,25.287017559,-7.799853271,25.287017559,-7.799853271,0.000000000,1
1712.079108477,48,42,495,24.823493443,25.287017559,-7.799853271,25.287017559,-7.799853271,0.000000000,1
1713.121644735,48,42,483,24.247272622,25.287017559,-7.799853271,25.287017559,-7.799853271,0.000000000,1
1714.222076178,48,42,474,23.810704020,25.287017559,-7.799853271,25.287017559,-7.799853271,0.000000000,1
1715.189248800,48,42,464,23.309540886,25.287017559,-7.799853271,25.287017559,-7.799853271,0.000000000,1
1716.192821026,48,42,452,22.709540877,25.287017559,-7.799853271,25.287017559,-7.799853271,0.000000000,1
1717.230553627,48,42,442,22.210704001,25.287017559,-7.799853271,25.287017559,-7.799853271,0.000000000,1
1718.245816708,48,42,432,21.709540862,25.287017559,-7.799853271,25.287017559,-7.799853271,0.000000000,1
1719.282049656,48,42,422,21.210703980,25.287017559,-7.799853271,25.287017559,-7.799853271,0.000000000,1
1720.305900812,48,42,412,20.709540847,25.287017559,-7.799853271,25.287017559,-7.799853271,0.000000000,1
1721.322870016,48,42,402,20.210703965,25.287017559,-7.799853271,25.287017559,-7.799853271,0.000000000,1
1722.375312567,48,42,392,19.709540833,25.287017559,-7.799853271,25.287017559,-7.799853271,0.000000000,1
1723.459006071,48,42,380,19.109542137,25.287017559,-7.799853271,25.287017559,-7.799853271,0.000000000,1
1724.431736469,48,42,370,18.608215122,25.287017559,-7.799853271,25.287017559,-7.799853271,0.000000000,1
1725.453365564,48,42,360,18.105598506,25.287017559,-7.799853271,25.287017559,-7.799853271,0.000000000,1
1726.461159229,48,42,350,17.608219864,25.287017559,-7.799853271,25.287017559,-7.799853271,0.000000000,1
1727.486156225,48,42,340,17.105608790,25.287017559,-7.799853271,25.287017559,-7.799853271,0.000000000,1
1728.506854296,48,42,330,16.608234707,25.287017559,-7.799853271,25.287017559,-7.799853271,0.000000000,1
1729.583783388,48,42,320,16.105633733,25.287017559,-7.799853271,25.287017559,-7.799853271,0.000000000,1
1730.560978413,48,42,310,15.608279570,25.287017559,-7.799853271,25.287017559,-7.799853271,0.000000000,1
1731.592623949,48,42,298,15.008334991,25.287017559,-7.799853271,25.287017559,-7.799853271,0.000000000,1
1732.636743069,48,42,288,14.505798325,25.287017559,-7.799853271,25.287017559,-7.799853271,0.000000000,1
1733.646658897,48,42,278,14.007504335,25.287017559,-7.799853271,25.287017559,-7.799853271,0.000000000,1
1734.689215422,48,42,268,13.506194142,25.287017559,-7.799853271,25.287017559,-7.799853271,0.000000000,1
1735.712595463,48,42,258,13.008881476,25.287017559,-7.799853271,25.287017559,-7.799853271,0.000000000,1
1736.750554085,48,42,248,12.508256886,25.287017559,-7.799853271,25.287017559,-7.799853271,0.000000000,1
1737.728658438,48,42,239,12.012675026,25.287017559,-7.799853271,25.287017559,-7.799853271,0.000000000,1
1738.772141933,48,42,229,11.516997441,25.287017559,-7.799853271,25.287017559,-7.799853271,0.000000000,1
1739.810252190,48,42,217,10.920531050,25.287017559,-7.799853271,25.287017559,-7.799853271,0.000000000,1
1740.849766254,48,42,207,10.448534376,25.287017559,-7.799853271,25.287017559,-7.799853271,0.000000000,1
1741.866124153,48,42,197,9.940723187,25.287017559,-7.799853271,25.287017559,-7.799853271,0.000000000,1
1742.865118504,48,42,186,9.393561580,25.287017559,-7.799853271,25.287017559,-7.799853271,0.000000000,1
1743.896740198,48,42,176,8.880976095,25.287017559,-7.799853271,25.287017559,-7.799853271,0.000000000,1
1745.087869406,48,42,166,8.376231315,25.287017559,-7.799853271,25.287017559,-7.799853271,0.000000000,1
1745.530238867,49,42,13,0.714788829,32.522005655,-7.450607900,25.287017559,-7.799853271,7.243412530,0
1746.247448206,50,42,156,7.881635245,25.287017559,-7.799853271,25.287017559,-7.799853271,0.000000000,1
1747.278755426,50,42,147,7.443622669,25.287017559,-7.799853271,25.287017559,-7.799853271,0.000000000,1
1748.305690050,50,42,137,6.939659354,25.287017559,-7.799853271,25.287017559,-7.799853271,0.000000000,1
1749.351223230,50,42,127,6.441414740,25.287017559,-7.799853271,25.287017559,-7.799853271,0.000000000,1
1750.364397764,50,42,117,5.939203725,25.287017559,-7.799853271,25.287017559,-7.799853271,0.000000000,1
1751.384144306,50,42,107,5.440887295,25.287017559,-7.799853271,25.287017559,-7.799853271,0.000000000,1
1752.440933704,50,42,97,4.941331546,25.287017559,-7.799853271,25.287017559,-7.799853271,0.000000000,1
1753.466622591,50,42,87,4.441386077,25.287017559,-7.799853271,25.287017559,-7.799853271,0.000000000,1
1754.462754965,50,42,77,3.943635019,25.287017559,-7.799853271,25.287017559,-7.799853271,0.000000000,1
1755.490724564,50,42,67,3.446450327,25.287017559,-7.799853271,25.287017559,-7.799853271,0.000000000,1
1756.580038548,50,42,57,2.941841490,25.287017559,-7.799853271,25.287017559,-7.799853271,0.000000000,1
1757.842114449,50,42,44,2.280175078,25.287017559,-7.799853271,25.287017559,-7.799853271,0.000000000,1
1758.866358995,50,42,38,1.983022455,25.287017559,-7.799853271,25.287017559,-7.799853271,0.000000000,1
1759.921781063,50,42,28,1.499335293,25.287017559,-7.799853271,25.287017559,-7.799853271,0.000000000,1
1760.921922445,50,42,18,1.008391608,25.287017559,-7.799853271,25.287017559,-7.799853271,0.000000000,1
1761.980563164,50,42,12,0.680360182,25.287017559,-7.799853271,25.287017559,-7.799853271,0.000000000,1
1762.987537622,50,42,9,0.542249394,25.287017559,-7.799853271,25.287017559,-7.799853271,0.000000000,1
1769.822658300,51,43,864,43.272017257,18.086749874,-2.801284698,18.086749874,-2.801284698,0.000000000,1
1770.525770903,51,43,859,43.025910990,18.086749874,-2.801284698,18.086749874,-2.801284698,0.000000000,1
1771.565369368,51,43,854,42.817855774,18.086749874,-2.801284698,18.086749874,-2.801284698,0.000000000,1
1772.606384277,51,43,870,43.604308884,18.086749874,-2.801284698,18.086749874,-2.801284698,0.000000000,1
1773.671748638,51,43,851,42.664537969,18.086749874,-2.801284698,18.086749874,-2.801284698,0.000000000,1
1774.645978689,51,43,844,42.305079199,18.086749874,-2.801284698,18.086749874,-2.801284698,0.000000000,1
1775.670766830,51,43,835,41.863784434,18.086749874,-2.801284698,18.086749874,-2.801284698,0.000000000,1
1776.771065235,51,43,824,41.291973262,18.086749874,-2.801284698,18.086749874,-2.801284698,0.000000000,1
1777.787319660,51,43,814,40.777905433,18.086749874,-2.801284698,18.086749874,-2.801284698,0.000000000,1
1778.762029171,51,43,804,40.292973918,18.086749874,-2.801284698,18.086749874,-2.801284698,0.000000000,1
1779.792980194,51,43,795,39.830014942,18.086749874,-2.801284698,18.086749874,-2.801284698,0.000000000,1
1780.872945786,51,43,782,39.169976069,18.086749874,-2.801284698,18.086749874,-2.801284698,0.000000000,1
1781.892671108,51,43,772,38.673841988,18.086749874,-2.801284698,18.086749874,-2.801284698,0.000000000,1
1782.905320883,51,43,762,38.170628293,18.086749874,-2.801284698,18.086749874,-2.801284698,0.000000000,1
1783.905698776,51,43,751,37.646992518,18.086749874,-2.801284698,18.086749874,-2.801284698,0.000000000,1
1784.964538813,51,43,741,37.143225879,18.086749874,-2.801284698,18.086749874,-2.801284698,0.000000000,1
1786.000729799,51,43,731,36.631261762,18.086749874,-2.801284698,18.086749874,-2.801284698,0.000000000,1
1786.996669054,51,43,722,36.164762043,18.086749874,-2.801284698,18.086749874,-2.801284698,0.000000000,1
1788.035846949,51,43,712,35.675110900,18.086749874,-2.801284698,18.086749874,-2.801284698,0.000000000,1
1789.064801693,51,43,705,35.354510021,18.086749874,-2.801284698,18.086749874,-2.801284698,0.000000000,1
1790.090386391,51,43,692,34.705867993,18.086749874,-2.801284698,18.086749874,-2.801284698,0.000000000,1
1791.255751133,51,43,682,34.201380599,18.086749874,-2.801284698,18.086749874,-2.801284698,0.000000000,1
1792.196581364,51,43,669,33.563935077,18.086749874,-2.801284698,18.086749874,-2.801284698,0.000000000,1
1793.194368601,51,43,661,33.120173540,18.086749874,-2.801284698,18.086749874,-2.801284698,0.000000000,1
1794.184401751,51,43,651,32.626554617,18.086749874,-2.801284698,18.086749874,-2.801284698,0.000000000,1
1795.189025879,51,43,639,32.037470984,18.086749874,-2.801284698,18.086749874,-2.801284698,0.000000000,1
1796.230928898,51,43,632,31.694241335,18.086749874,-2.801284698,18.086749874,-2.801284698,0.000000000,1
1797.267222166,51,43,619,31.059024906,18.086749874,-2.801284698,18.086749874,-2.801284698,0.000000000,1
1798.283798218,51,43,611,30.629505499,18.086749874,-2.801284698,18.086749874,-2.801284698,0.000000000,1
1799.334820747,51,43,601,30.127869770,18.086749874,-2.801284698,18.086749874,-2.801284698,0.000000000,1
1800.423132896,51,43,591,29.630081529,18.086749874,-2.801284698,18.086749874,-2.801284698,0.000000000,1
1801.373014688,51,43,581,29.127869755,18.086749874,-2.801284698,18.086749874,-2.801284698,0.000000000,1
1802.443406582,51,43,571,28.630081404,18.086749874,-2.801284698,18.086749874,-2.801284698,0.000000000,1
1803.488433838,51,43,561,28.127086718,18.086749874,-2.801284698,18.086749874,-2.801284698,0.000000000,1
1804.498984575,51,43,551,27.629298489,18.086749874,-2.801284698,18.086749874,-2.801284698,0.000000000,1
1805.555583000,51,43,541,27.127086559,18.086749874,-2.801284698,18.086749874,-2.801284698,0.000000000,1
1806.512621641,51,43,529,26.527086455,18.086749874,-2.801284698,18.086749874,-2.801284698,0.000000000,1
1807.545364380,51,43,519,26.028374804,18.086749874,-2.801284698,18.086749874,-2.801284698,0.000000000,1
1808.668324232,51,43,509,25.526162204,18.086749874,-2.801284698,18.086749874,-2.801284698,0.000000000,1
1809.617504835,51,43,499,25.028374444,18.086749874,-2.801284698,18.086749874,-2.801284698,0.000000000,1
1810.630084753,51,43,489,24.526161094,18.086749874,-2.801284698,18.086749874,-2.801284698,0.000000000,1
1811.692234755,51,43,479,24.027203419,18.086749874,-2.801284698,18.086749874,-2.801284698,0.000000000,1
1812.707159758,51,43,467,23.427202801,18.086749874,-2.801284698,18.086749874,-2.801284698,0.000000000,1
1813.743640423,51,43,457,22.924981821,18.086749874,-2.801284698,18.086749874,-2.801284698,0.000000000,1
1814.743603230,51,43,447,22.426608658,18.086749874,-2.801284698,18.086749874,-2.801284698,0.000000000,1
1815.951949835,51,43,437,21.924162092,18.086749874,-2.801284698,18.086749874,-2.801284698,0.000000000,1
1816.804589033,51,43,427,21.425119488,18.086749874,-2.801284698,18.086749874,-2.801284698,0.000000000,1
1817.839220285,51,43,417,20.924617962,18.086749874,-2.801284698,18.086749874,-2.801284698,0.000000000,1
1818.843896866,51,43,407,20.424999232,18.086749874,-2.801284698,18.086749874,-2.801284698,0.000000000,1
1819.871225357,51,43,395,19.824845726,18.086749874,-2.801284698,18.086749874,-2.801284698,0.000000000,1
1820.898761034,51,43,385,19.323185476,18.086749874,-2.801284698,18.086749874,-2.801284698,0.000000000,1
1821.987240076,51,43,377,18.922845482,18.086749874,-2.801284698,18.086749874,-2.801284698,0.000000000,1
1822.933113098,51,43,365,18.323042281,18.086749874,-2.801284698,18.086749874,-2.801284698,0.000000000,1
1823.951395273,51,43,355,17.823367853,18.086749874,-2.801284698,18.086749874,-2.801284698,0.000000000,1
1824.981482267,51,43,345,17.323001484,18.086749874,-2.801284698,18.086749874,-2.801284698,0.000000000,1
1826.028196096,51,43,335,16.825434878,18.086749874,-2.801284698,18.086749874,-2.801284698,0.000000000,1
1827.023273230,51,43,325,16.324310261,18.086749874,-2.801284698,18.086749874,-2.801284698,0.000000000,1
1828.052640200,51,43,315,15.849506102,18.086749874,-2.801284698,18.086749874,-2.801284698,0.000000000,1
1829.106748104,51,43,305,15.350523926,18.086749874,-2.801284698,18.086749874,-2.801284698,0.000000000,1
1830.110619783,51,43,293,14.751343777,18.086749874,-2.801284698,18.086749874,-2.801284698,0.000000000,1
1831.134121656,51,43,284,14.261362781,18.086749874,-2.801284698,18.086749874,-2.801284698,0.000000000,1
1832.273107052,51,43,274,13.768215191,18.086749874,-2.801284698,18.086749874,-2.801284698,0.000000000,1
1833.173242092,51,43,263,13.255667503,18.086749874,-2.801284698,18.086749874,-2.801284698,0.000000000,1
1834.220849991,51,43,254,12.764168292,18.086749874,-2.801284698,18.086749874,-2.801284698,0.000000000,1
1835.212279320,51,43,243,12.236055042,18.086749874,-2.801284698,18.086749874,-2.801284698,0.000000000,1
1836.243253708,51,43,234,11.795548479,18.086749874,-2.801284698,18.086749874,-2.801284698,0.000000000,1
1837.260328770,51,43,223,11.255363151,18.086749874,-2.801284698,18.086749874,-2.801284698,0.000000000,1
1838.281721354,51,43,213,10.728066946,18.086749874,-2.801284698,18.086749874,-2.801284698,0.000000000,1
1839.308563948,51,43,202,10.199008388,18.086749874,-2.801284698,18.086749874,-2.801284698,0.000000000,1
1839.816974163,51,43,200,10.091953277,18.086749874,-2.801284698,18.086749874,-2.801284698,0.000000000,1
1840.856537104,51,43,190,9.593906327,18.086749874,-2.801284698,18.086749874,-2.801284698,0.000000000,1
1841.889445782,51,43,181,9.152523114,18.086749874,-2.801284698,18.086749874,-2.801284698,0.000000000,1
1842.890036345,51,43,172,8.696759634,18.086749874,-2.801284698,18.086749874,-2.801284698,0.000000000,1
1843.910254002,51,43,162,8.183374438,18.086749874,-2.801284698,18.086749874,-2.801284698,0.000000000,1
1844.949271202,51,43,151,7.638448461,18.086749874,-2.801284698,18.086749874,-2.801284698,0.000000000,1
1845.963272095,51,43,140,7.099277334,18.086749874,-2.801284698,18.086749874,-2.801284698,0.000000000,1
1847.001132727,51,43,132,6.689463166,18.086749874,-2.801284698,18.086749874,-2.801284698,0.000000000,1
1848.010973454,51,43,120,6.106539707,18.086749874,-2.801284698,18.086749874,-2.801284698,0.000000000,1
1849.057902575,51,43,111,5.617993741,18.086749874,-2.801284698,18.086749874,-2.801284698,0.000000000,1
1850.063943386,51,43,102,5.165024943,18.086749874,-2.801284698,18.086749874,-2.801284698,0.000000000,1
1851.084057331,51,43,90,4.586982651,18.086749874,-2.801284698,18.086749874,-2.801284698,0.000000000,1
1852.109309435,51,43,80,4.075652465,18.086749874,-2.801284698,18.086749874,-2.801284698,0.000000000,1
1853.138513327,51,43,70,3.575932139,18.086749874,-2.801284698,18.086749874,-2.801284698,0.000000000,1
1853.499914408,52,43,12,0.671157847,15.907582404,-1.761967353,18.086749874,-2.801284698,2.414322143,0
1854.528037071,52,43,6,0.371157842,15.907582404,-1.761967353,18.086749874,-2.801284698,2.414322143,0
1854.644986391,53,43,60,3.076099675,18.086749874,-2.801284698,18.086749874,-2.801284698,0.000000000,1
1855.700978756,53,43,52,2.676917369,18.086749874,-2.801284698,18.086749874,-2.801284698,0.000000000,1
1856.710031748,53,43,42,2.179631802,18.086749874,-2.801284698,18.086749874,-2.801284698,0.000000000,1
1857.742189646,53,43,32,1.687366795,18.086749874,-2.801284698,18.086749874,-2.801284698,0.000000000,1
1858.759203196,53,43,21,1.149237932,18.086749874,-2.801284698,18.086749874,-2.801284698,0.000000000,1
1859.785106182,53,43,15,0.814742490,18.086749874,-2.801284698,18.086749874,-2.801284698,0.000000000,1
1860.819142818,53,43,9,0.532442580,18.086749874,-2.801284698,18.086749874,-2.801284698,0.000000000,1
1868.186272144,54,44,410,20.523535436,17.786424595,2.888033479,17.786424595,2.888033479,0.000000000,1
1868.900890827,54,44,404,20.280650323,17.786424595,2.888033479,17.786424595,2.888033479,0.000000000,1
1869.870904446,54,44,398,19.955253877,17.786424595,2.888033479,17.786424595,2.888033479,0.000000000,1
1870.917603016,54,44,396,19.863829074,17.786424595,2.888033479,17.786424595,2.888033479,0.000000000,1
1871.942791700,54,44,396,19.863829074,17.786424595,2.888033479,17.786424595,2.888033479,0.000000000,1
1872.977191448,54,44,388,19.450142090,17.786424595,2.888033479,17.786424595,2.888033479,0.000000000,1
1874.019506931,54,44,378,18.918249323,17.786424595,2.888033479,17.786424595,2.888033479,0.000000000,1
1875.024782181,54,44,368,18.436628494,17.786424595,2.888033479,17.786424595,2.888033479,0.000000000,1
1876.031416178,54,44,357,17.908537162,17.786424595,2.888033479,17.786424595,2.888033479,0.000000000,1
1877.049359322,54,44,348,17.426727410,17.786424595,2.888033479,17.786424595,2.888033479,0.000000000,1
1877.930178404,54,44,342,17.111823732,17.786424595,2.888033479,17.786424595,2.888033479,0.000000000,1
1878.878450632,54,44,330,16.562008518,17.786424595,2.888033479,17.786424595,2.888033479,0.000000000,1
1879.876669168,54,44,322,16.113666422,17.786424595,2.888033479,17.786424595,2.888033479,0.000000000,1
1880.919490337,54,44,310,15.558764812,17.786424595,2.888033479,17.786424595,2.888033479,0.000000000,1
1881.922597647,54,44,301,15.056558290,17.786424595,2.888033479,17.786424595,2.888033479,0.000000000,1
1882.969427824,54,44,292,14.650413960,17.786424595,2.888033479,17.786424595,2.888033479,0.000000000,1
1883.983230352,54,44,284,14.249013943,17.786424595,2.888033479,17.786424595,2.888033479,0.000000000,1
1885.033765554,54,44,279,13.970448573,17.786424595,2.888033479,17.786424595,2.888033479,0.000000000,1
1886.043391228,54,44,263,13.140826064,17.786424595,2.888033479,17.786424595,2.888033479,0.000000000,1
1886.509860039,55,44,14,0.748275261,11.234765867,-1.819737892,17.786424595,2.888033479,8.067672736,0
1887.540090561,55,44,8,0.483682623,11.234765867,-1.819737892,17.786424595,2.888033479,8.067672736,0
1887.919648170,56,44,250,12.534990653,17.786424595,2.888033479,17.786424595,2.888033479,0.000000000,1
1889.005216599,56,44,245,12.263865177,17.786424595,2.888033479,17.786424595,2.888033479,0.000000000,1
1889.825882196,56,44,234,11.746892648,17.786424595,2.888033479,17.786424595,2.888033479,0.000000000,1
1890.858714819,56,44,228,11.416442598,17.786424595,2.888033479,17.786424595,2.888033479,0.000000000,1
1891.498321533,57,44,10,0.595732140,11.136372616,-0.066234448,17.786424595,2.888033479,7.276736240,0
1892.377317190,58,44,216,10.818425958,17.786424595,2.888033479,17.786424595,2.888033479,0.000000000,1
1893.385379076,58,44,207,10.416868105,17.786424595,2.888033479,17.786424595,2.888033479,0.000000000,1
1894.491838932,58,44,200,9.974028765,17.786424595,2.888033479,17.786424595,2.888033479,0.000000000,1
1895.445293903,58,44,188,9.459894981,17.786424595,2.888033479,17.786424595,2.888033479,0.000000000,1
1896.490236044,58,44,179,8.963963103,17.786424595,2.888033479,17.786424595,2.888033479,0.000000000,1
1897.515942812,58,44,168,8.469879114,17.786424595,2.888033479,17.786424595,2.888033479,0.000000000,1
1898.540253639,58,44,157,7.903013031,17.786424595,2.888033479,17.786424595,2.888033479,0.000000000,1
1899.824590445,58,44,147,7.351069078,17.786424595,2.888033479,17.786424595,2.888033479,0.000000000,1
1900.851227999,58,44,138,6.953349351,17.786424595,2.888033479,17.786424595,2.888033479,0.000000000,1
1901.844654322,58,44,131,6.536757953,17.786424595,2.888033479,17.786424595,2.888033479,0.000000000,1
1902.876993179,58,44,119,6.016950859,17.786424595,2.888033479,17.786424595,2.888033479,0.000000000,1
1903.922483206,58,44,111,5.571256328,17.786424595,2.888033479,17.786424595,2.888033479,0.000000000,1
1904.497195005,59,44,14,0.752774201,14.189683427,1.677725551,17.786424595,2.888033479,3.794916641,0
1905.524478436,59,44,10,0.535347976,14.189683427,1.677725551,17.786424595,2.888033479,3.794916641,0
1905.687495708,60,44,96,4.874945547,17.786424595,2.888033479,17.786424595,2.888033479,0.000000000,1
1906.691181898,60,44,91,4.570484287,17.786424595,2.888033479,17.786424595,2.888033479,0.000000000,1
1907.684186697,60,44,80,4.069287160,17.786424595,2.888033479,17.786424595,2.888033479,0.000000000,1
1908.684232712,60,44,71,3.571389381,17.786424595,2.888033479,17.786424595,2.888033479,0.000000000,1
1909.707646132,60,44,60,3.069526760,17.786424595,2.888033479,17.786424595,2.888033479,0.000000000,1
1910.819885731,60,44,51,2.561917919,17.786424595,2.888033479,17.786424595,2.888033479,0.000000000,1
1911.850889683,60,44,43,2.149407083,17.786424595,2.888033479,17.786424595,2.888033479,0.000000000,1
1912.876203775,60,44,33,1.640327445,17.786424595,2.888033479,17.786424595,2.888033479,0.000000000,1
1913.906903744,60,44,31,1.538803859,17.786424595,2.888033479,17.786424595,2.888033479,0.000000000,1
1914.941170454,60,44,16,0.837193881,17.786424595,2.888033479,17.786424595,2.888033479,0.000000000,1
1915.960881472,60,44,11,0.597280130,17.786424595,2.888033479,17.786424595,2.888033479,0.000000000,1
1923.019505739,61,45,1022,51.180795705,23.086401394,-7.913216974,23.086401394,-7.913216974,0.000000000,1
1923.598383427,61,45,1015,50.849756485,23.086401394,-7.913216974,23.086401394,-7.913216974,0.000000000,1
1924.720404387,61,45,1012,50.589941145,23.086401394,-7.913216974,23.086401394,-7.913216974,0.000000000,1
1925.750864029,61,45,1002,50.214256629,23.086401394,-7.913216974,23.086401394,-7.913216974,0.000000000,1
1926.715918779,61,45,996,49.883958037,23.086401394,-7.913216974,23.086401394,-7.913216974,0.000000000,1
1927.775163412,61,45,995,49.816050914,23.086401394,-7.913216974,23.086401394,-7.913216974,0.000000000,1
1928.765350103,61,45,995,49.821004151,23.086401394,-7.913216974,23.086401394,-7.913216974,0.000000000,1
1929.774999619,61,45,986,49.386337982,23.086401394,-7.913216974,23.086401394,-7.913216974,0.000000000,1
1930.796980619,61,45,975,48.860122282,23.086401394,-7.913216974,23.086401394,-7.913216974,0.000000000,1
1931.877430677,61,45,966,48.392914847,23.086401394,-7.913216974,23.086401394,-7.913216974,0.000000000,1
1932.840673685,61,45,956,47.884842022,23.086401394,-7.913216974,23.086401394,-7.913216974,0.000000000,1
1933.884845018,61,45,946,47.402551064,23.086401394,-7.913216974,23.086401394,-7.913216974,0.000000000,1
1934.907288551,61,45,936,46.899878358,23.086401394,-7.913216974,23.086401394,-7.913216974,0.000000000,1
1935.982255220,61,45,928,46.411739888,23.086401394,-7.913216974,23.086401394,-7.913216974,0.000000000,1
1936.956961393,61,45,915,45.847370766,23.086401394,-7.913216974,23.086401394,-7.913216974,0.000000000,1
1937.992215157,61,45,903,45.236923548,23.086401394,-7.913216974,23.086401394,-7.913216974,0.000000000,1
1939.021719933,61,45,893,44.756373777,23.086401394,-7.913216974,23.086401394,-7.913216974,0.000000000,1
1940.069209099,61,45,887,44.461852168,23.086401394,-7.913216974,23.086401394,-7.913216974,0.000000000,1
1941.089978456,61,45,877,43.928570749,23.086401394,-7.913216974,23.086401394,-7.913216974,0.000000000,1
1942.134804249,61,45,866,43.402862702,23.086401394,-7.913216974,23.086401394,-7.913216974,0.000000000,1
1943.149632692,61,45,855,42.834945673,23.086401394,-7.913216974,23.086401394,-7.913216974,0.000000000,1
1944.203436613,61,45,844,42.303108544,23.086401394,-7.913216974,23.086401394,-7.913216974,0.000000000,1
1945.241348028,61,45,834,41.806168118,23.086401394,-7.913216974,23.086401394,-7.913216974,0.000000000,1
1945.847635269,61,45,828,41.498469156,23.086401394,-7.913216974,23.086401394,-7.913216974,0.000000000,1
1946.849470139,61,45,822,41.168447153,23.086401394,-7.913216974,23.086401394,-7.913216974,0.000000000,1
1947.495248079,62,45,13,0.706021556,11.136319586,-1.069662188,23.086401394,-7.913216974,13.770936690,0
1948.330964565,63,45,814,40.705104288,23.086401394,-7.913216974,23.086401394,-7.913216974,0.000000000,1
1949.348671913,63,45,806,40.286946098,23.086401394,-7.913216974,23.086401394,-7.913216974,0.000000000,1
1949.869037390,63,45,802,40.089281320,23.086401394,-7.913216974,23.086401394,-7.913216974,0.000000000,1
1950.899117947,63,45,788,39.498151917,23.086401394,-7.913216974,23.086401394,-7.913216974,0.000000000,1
1951.922840357,63,45,779,39.022840078,23.086401394,-7.913216974,23.086401394,-7.913216974,0.000000000,1
1953.022653580,63,45,768,38.468686314,23.086401394,-7.913216974,23.086401394,-7.913216974,0.000000000,1
1953.969984293,63,45,758,38.007956151,23.086401394,-7.913216974,23.086401394,-7.913216974,0.000000000,1
1954.998989344,63,45,751,37.632486241,23.086401394,-7.913216974,23.086401394,-7.913216974,0.000000000,1
1956.089328527,63,45,738,37.002856487,23.086401394,-7.913216974,23.086401394,-7.913216974,0.000000000,1
1957.056089878,63,45,727,36.412738357,23.086401394,-7.913216974,23.086401394,-7.913216974,0.000000000,1
1958.085491657,63,45,717,35.927069150,23.086401394,-7.913216974,23.086401394,-7.913216974,0.000000000,1
1959.113113403,63,45,707,35.412738438,23.086401394,-7.913216974,23.086401394,-7.913216974,0.000000000,1
1960.194095850,63,45,697,34.927069282,23.086401394,-7.913216974,23.086401394,-7.913216974,0.000000000,1
1961.254273176,63,45,685,34.327067819,23.086401394,-7.913216974,23.086401394,-7.913216974,0.000000000,1
1962.184151649,63,45,675,33.812736109,23.086401394,-7.913216974,23.086401394,-7.913216974,0.000000000,1
1963.237290382,63,45,665,33.331238867,23.086401394,-7.913216974,23.086401394,-7.913216974,0.000000000,1
1964.249280214,63,45,655,32.817203885,23.086401394,-7.913216974,23.086401394,-7.913216974,0.000000000,1
1965.279427528,63,45,645,32.333719440,23.086401394,-7.913216974,23.086401394,-7.913216974,0.000000000,1
1966.346848965,63,45,635,31.819079022,23.086401394,-7.913216974,23.086401394,-7.913216974,0.000000000,1
1967.353590727,63,45,625,31.336183290,23.086401394,-7.913216974,23.086401394,-7.913216974,0.000000000,1
1967.526584148,64,45,16,0.819719531,18.003878374,-4.433232528,23.086401394,-7.913216974,6.159734734,0
1968.571372509,64,45,9,0.496675377,18.003878374,-4.433232528,23.086401394,-7.913216974,6.159734734,0
1968.931417704,65,45,615,30.825568604,23.086401394,-7.913216974,23.086401394,-7.913216974,0.000000000,1
1969.871147394,65,45,609,30.538860337,23.086401394,-7.913216974,23.086401394,-7.913216974,0.000000000,1
1970.903494835,65,45,601,30.139072508,23.086401394,-7.913216974,23.086401394,-7.913216974,0.000000000,1
1971.519093513,66,45,13,0.692465937,19.301043310,-4.397921401,23.086401394,-7.913216974,5.165872510,0
1972.391310453,67,45,589,29.528159279,23.086401394,-7.913216974,23.086401394,-7.913216974,0.000000000,1
1973.437550306,67,45,583,29.212996389,23.086401394,-7.913216974,23.086401394,-7.913216974,0.000000000,1
1974.447713137,67,45,573,28.727341462,23.086401394,-7.913216974,23.086401394,-7.913216974,0.000000000,1
1975.492670298,67,45,561,28.127376024,23.086401394,-7.913216974,23.086401394,-7.913216974,0.000000000,1
1976.505641699,67,45,551,27.619865092,23.086401394,-7.913216974,23.086401394,-7.913216974,0.000000000,1
1977.537453175,67,45,541,27.127484466,23.086401394,-7.913216974,23.086401394,-7.913216974,0.000000000,1
1978.560378790,67,45,531,26.617597346,23.086401394,-7.913216974,23.086401394,-7.913216974,0.000000000,1
1979.617785692,67,45,521,26.131388772,23.086401394,-7.913216974,23.086401394,-7.913216974,0.000000000,1
1980.621983290,67,45,513,25.727855153,23.086401394,-7.913216974,23.086401394,-7.913216974,0.000000000,1
1981.658647060,67,45,501,25.134158964,23.086401394,-7.913216974,23.086401394,-7.913216974,0.000000000,1
1982.840337276,67,45,489,24.544473263,23.086401394,-7.913216974,23.086401394,-7.913216974,0.000000000,1
1983.849244833,67,45,481,24.115224152,23.086401394,-7.913216974,23.086401394,-7.913216974,0.000000000,1
1984.879803419,67,45,474,23.704900879,23.086401394,-7.913216974,23.086401394,-7.913216974,0.000000000,1
1985.922898054,67,45,461,23.116727293,23.086401394,-7.913216974,23.086401394,-7.913216974,0.000000000,1
1986.614155531,68,45,14,0.754600343,26.390330721,-4.472320336,23.086401394,-7.913216974,4.770295449,0
1987.644688845,68,45,8,0.454600339,26.390330721,-4.472320336,23.086401394,-7.913216974,4.770295449,0
1987.830658674,69,45,450,22.507391550,23.086401394,-7.913216974,23.086401394,-7.913216974,0.000000000,1
1988.907442570,69,45,441,22.119461546,23.086401394,-7.913216974,23.086401394,-7.913216974,0.000000000,1
1989.846402884,69,45,434,21.711098707,23.086401394,-7.913216974,23.086401394,-7.913216974,0.000000000,1
1990.885899067,69,45,426,21.314283161,23.086401394,-7.913216974,23.086401394,-7.913216974,0.000000000,1
1991.510102034,70,45,13,0.752564530,28.278915634,-4.494583210,23.086401394,-7.913216974,6.216852978,0
1992.539744139,70,45,7,0.452564525,28.278915634,-4.494583210,23.086401394,-7.913216974,6.216852978,0
1992.815799236,71,45,409,20.535990765,23.086401394,-7.913216974,23.086401394,-7.913216974,0.000000000,1
1993.736262083,71,45,407,20.335849636,23.086401394,-7.913216974,23.086401394,-7.913216974,0.000000000,1
1994.876533031,71,45,394,19.764475955,23.086401394,-7.913216974,23.086401394,-7.913216974,0.000000000,1
1995.893371582,71,45,386,19.373297210,23.086401394,-7.913216974,23.086401394,-7.913216974,0.000000000,1
1996.972182035,71,45,376,18.880482148,23.086401394,-7.913216974,23.086401394,-7.913216974,0.000000000,1
1997.925207376,71,45,366,18.370407357,23.086401394,-7.913216974,23.086401394,-7.913216974,0.000000000,1
1998.948930264,71,45,355,17.840362311,23.086401394,-7.913216974,23.086401394,-7.913216974,0.000000000,1
1999.951122284,71,45,345,17.338040904,23.086401394,-7.913216974,23.086401394,-7.913216974,0.000000000,1
2000.977513552,71,45,335,16.824605324,23.086401394,-7.913216974,23.086401394,-7.913216974,0.000000000,1
2002.002565861,71,45,324,16.293945539,23.086401394,-7.913216974,23.086401394,-7.913216974,0.000000000,1
2003.071744204,71,45,314,15.808156239,23.086401394,-7.913216974,23.086401394,-7.913216974,0.000000000,1
2004.055462837,71,45,305,15.337456859,23.086401394,-7.913216974,23.086401394,-7.913216974,0.000000000,1
2005.109426022,71,45,295,14.858983151,23.086401394,-7.913216974,23.086401394,-7.913216974,0.000000000,1
2006.179258347,71,45,284,14.314413004,23.086401394,-7.913216974,23.086401394,-7.913216974,0.000000000,1
2007.158827066,71,45,272,13.710479039,23.086401394,-7.913216974,23.086401394,-7.913216974,0.000000000,1
2008.169535875,71,45,264,13.297058876,23.086401394,-7.913216974,23.086401394,-7.913216974,0.000000000,1
2009.190551281,71,45,254,12.771354735,23.086401394,-7.913216974,23.086401394,-7.913216974,0.000000000,1
2010.211560011,71,45,243,12.225333961,23.086401394,-7.913216974,23.086401394,-7.913216974,0.000000000,1
2011.244032860,71,45,233,11.749822469,23.086401394,-7.913216974,23.086401394,-7.913216974,0.000000000,1
2012.282361984,71,45,223,11.220275478,23.086401394,-7.913216974,23.086401394,-7.913216974,0.000000000,1
2013.307135820,71,45,211,10.627779744,23.086401394,-7.913216974,23.086401394,-7.913216974,0.000000000,1
2013.594175816,72,45,13,0.723512312,32.419220196,-7.477169553,23.086401394,-7.913216974,9.342999740,0
2014.306889534,73,45,205,10.336274678,23.086401394,-7.913216974,23.086401394,-7.913216974,0.000000000,1
2015.395729780,73,45,197,9.952114732,23.086401394,-7.913216974,23.086401394,-7.913216974,0.000000000,1
2015.824393511,73,45,193,9.759211321,23.086401394,-7.913216974,23.086401394,-7.913216974,0.000000000,1
2016.868781567,73,45,186,9.362754104,23.086401394,-7.913216974,23.086401394,-7.913216974,0.000000000,1
2017.960257530,73,45,176,8.864326689,23.086401394,-7.913216974,23.086401394,-7.913216974,0.000000000,1
2018.930186510,73,45,165,8.348148924,23.086401394,-7.913216974,23.086401394,-7.913216974,0.000000000,1
2019.989597797,73,45,155,7.841048121,23.086401394,-7.913216974,23.086401394,-7.913216974,0.000000000,1
2020.983765841,73,45,145,7.327934243,23.086401394,-7.913216974,23.086401394,-7.913216974,0.000000000,1
2022.000050545,73,45,135,6.830276599,23.086401394,-7.913216974,23.086401394,-7.913216974,0.000000000,1
2023.028786898,73,45,124,6.279176241,23.086401394,-7.913216974,23.086401394,-7.913216974,0.000000000,1
2024.033778906,73,45,114,5.773986283,23.086401394,-7.913216974,23.086401394,-7.913216974,0.000000000,1
2025.055907488,73,45,103,5.235626085,23.086401394,-7.913216974,23.086401394,-7.913216974,0.000000000,1
2026.073114872,73,45,95,4.822429285,23.086401394,-7.913216974,23.086401394,-7.913216974,0.000000000,1
2027.124565363,73,45,84,4.281052469,23.086401394,-7.913216974,23.086401394,-7.913216974,0.000000000,1
2028.170653582,73,45,73,3.762605628,23.086401394,-7.913216974,23.086401394,-7.913216974,0.000000000,1
2029.163151026,73,45,64,3.308636708,23.086401394,-7.913216974,23.086401394,-7.913216974,0.000000000,1
2030.211858511,73,45,56,2.863780149,23.086401394,-7.913216974,23.086401394,-7.913216974,0.000000000,1
2031.212000608,73,45,46,2.364364282,23.086401394,-7.913216974,23.086401394,-7.913216974,0.000000000,1
2032.288925648,73,45,36,1.869034919,23.086401394,-7.913216974,23.086401394,-7.913216974,0.000000000,1
2033.310353994,73,45,25,1.352736541,23.086401394,-7.913216974,23.086401394,-7.913216974,0.000000000,1
2034.282191753,73,45,17,0.932892827,23.086401394,-7.913216974,23.086401394,-7.913216974,0.000000000,1
2035.370141268,73,45,10,0.633980432,23.086401394,-7.913216974,23.086401394,-7.913216974,0.000000000,1
2042.621303797,74,46,728,36.546628998,18.886258459,-11.012033161,18.886258459,-11.012033161,0.000000000,1
2043.246927500,74,46,724,36.316387694,18.886258459,-11.012033161,18.886258459,-11.012033161,0.000000000,1
2044.287929535,74,46,715,35.892135438,18.886258459,-11.012033161,18.886258459,-11.012033161,0.000000000,1
2045.314251423,74,46,712,35.722996630,18.886258459,-11.012033161,18.886258459,-11.012033161,0.000000000,1
2046.332897663,74,46,712,35.740034296,18.886258459,-11.012033161,18.886258459,-11.012033161,0.000000000,1
2047.399302006,74,46,708,35.506657831,18.886258459,-11.012033161,18.886258459,-11.012033161,0.000000000,1
2048.411178112,74,46,697,34.985390336,18.886258459,-11.012033161,18.886258459,-11.012033161,0.000000000,1
2049.415120363,74,46,688,34.536165628,18.886258459,-11.012033161,18.886258459,-11.012033161,0.000000000,1
2050.437757254,74,46,675,33.872484026,18.886258459,-11.012033161,18.886258459,-11.012033161,0.000000000,1
2051.501471043,74,46,667,33.476962586,18.886258459,-11.012033161,18.886258459,-11.012033161,0.000000000,1
2052.517902613,74,46,657,32.959192713,18.886258459,-11.012033161,18.886258459,-11.012033161,0.000000000,1
2053.537906647,74,46,647,32.462957253,18.886258459,-11.012033161,18.886258459,-11.012033161,0.000000000,1
2054.637236595,74,46,634,31.832684713,18.886258459,-11.012033161,18.886258459,-11.012033161,0.000000000,1
2055.575873852,74,46,626,31.426018996,18.886258459,-11.012033161,18.886258459,-11.012033161,0.000000000,1
2056.615566730,74,46,615,30.871029834,18.886258459,-11.012033161,18.886258459,-11.012033161,0.000000000,1
2057.640041113,74,46,604,30.299763580,18.886258459,-11.012033161,18.886258459,-11.012033161,0.000000000,1
2058.711347580,74,46,595,29.880688050,18.886258459,-11.012033161,18.886258459,-11.012033161,0.000000000,1
2059.726292133,74,46,584,29.304137489,18.886258459,-11.012033161,18.886258459,-11.012033161,0.000000000,1
2060.715759516,74,46,574,28.841386560,18.886258459,-11.012033161,18.886258459,-11.012033161,0.000000000,1
2061.908342123,74,46,564,28.336575879,18.886258459,-11.012033161,18.886258459,-11.012033161,0.000000000,1
2062.784117222,74,46,552,27.735434585,18.886258459,-11.012033161,18.886258459,-11.012033161,0.000000000,1
2063.786635637,74,46,545,27.413351882,18.886258459,-11.012033161,18.886258459,-11.012033161,0.000000000,1
2064.824296951,74,46,535,26.873528680,18.886258459,-11.012033161,18.886258459,-11.012033161,0.000000000,1
2065.867954016,74,46,524,26.327389298,18.886258459,-11.012033161,18.886258459,-11.012033161,0.000000000,1
2066.879362583,74,46,514,25.837009167,18.886258459,-11.012033161,18.886258459,-11.012033161,0.000000000,1
2067.907498121,74,46,504,25.299060990,18.886258459,-11.012033161,18.886258459,-11.012033161,0.000000000,1
2068.995065689,74,46,493,24.761507744,18.886258459,-11.012033161,18.886258459,-11.012033161,0.000000000,1
2069.883143187,74,46,485,24.390824221,18.886258459,-11.012033161,18.886258459,-11.012033161,0.000000000,1
2070.976477861,74,46,478,24.022717619,18.886258459,-11.012033161,18.886258459,-11.012033161,0.000000000,1
2071.853366375,74,46,467,23.455677799,18.886258459,-11.012033161,18.886258459,-11.012033161,0.000000000,1
2072.877674580,74,46,460,23.201621485,18.886258459,-11.012033161,18.886258459,-11.012033161,0.000000000,1
2073.983670235,74,46,448,22.628584029,18.886258459,-11.012033161,18.886258459,-11.012033161,0.000000000,1
2074.968728542,74,46,439,22.168070299,18.886258459,-11.012033161,18.886258459,-11.012033161,0.000000000,1
2075.955748320,74,46,428,21.628584317,18.886258459,-11.012033161,18.886258459,-11.012033161,0.000000000,1
2076.981038809,74,46,419,21.167908501,18.886258459,-11.012033161,18.886258459,-11.012033161,0.000000000,1
2078.018858910,74,46,408,20.628422614,18.886258459,-11.012033161,18.886258459,-11.012033161,0.000000000,1
2079.027774096,74,46,399,20.167909578,18.886258459,-11.012033161,18.886258459,-11.012033161,0.000000000,1
2080.079542637,74,46,387,19.567911503,18.886258459,-11.012033161,18.886258459,-11.012033161,0.000000000,1
2080.675709724,75,46,12,0.687182681,30.049057984,-5.864604426,18.886258459,-11.012033161,12.292441409,0
2081.682602167,75,46,6,0.387182677,30.049057984,-5.864604426,18.886258459,-11.012033161,12.292441409,0
2081.727263689,76,46,612,30.755790338,18.886258459,-11.012033161,18.886258459,-11.012033161,0.000000000,1
2082.764128923,76,46,604,30.355791854,18.886258459,-11.012033161,18.886258459,-11.012033161,0.000000000,1
2083.849026918,76,46,543,27.305975727,18.886258459,-11.012033161,18.886258459,-11.012033161,0.000000000,1
2084.811559439,76,46,440,22.157501819,18.886258459,-11.012033161,18.886258459,-11.012033161,0.000000000,1
2085.849503040,76,46,372,18.800713228,18.886258459,-11.012033161,18.886258459,-11.012033161,0.000000000,1
2086.906306028,76,46,352,17.795788574,18.886258459,-11.012033161,18.886258459,-11.012033161,0.000000000,1
2087.932958841,76,46,352,17.800722892,18.886258459,-11.012033161,18.886258459,-11.012033161,0.000000000,1
2088.949157953,76,46,340,17.200732057,18.886258459,-11.012033161,18.886258459,-11.012033161,0.000000000,1
2089.951590776,76,46,315,15.945835032,18.886258459,-11.012033161,18.886258459,-11.012033161,0.000000000,1
2090.972768068,76,46,318,16.100747078,18.886258459,-11.012033161,18.886258459,-11.012033161,0.000000000,1
2092.002861738,76,46,293,14.845735051,18.886258459,-11.012033161,18.886258459,-11.012033161,0.000000000,1
2093.033027649,76,46,298,15.100707150,18.886258459,-11.012033161,18.886258459,-11.012033161,0.000000000,1
2094.121287584,76,46,273,13.845636911,18.886258459,-11.012033161,18.886258459,-11.012033161,0.000000000,1
2095.156565428,76,46,246,12.496388213,18.886258459,-11.012033161,18.886258459,-11.012033161,0.000000000,1
2096.104272366,76,46,232,11.798312909,18.886258459,-11.012033161,18.886258459,-11.012033161,0.000000000,1
2097.188455820,76,46,220,11.199547445,18.886258459,-11.012033161,18.886258459,-11.012033161,0.000000000,1
2098.150812149,76,46,215,10.901037796,18.886258459,-11.012033161,18.886258459,-11.012033161,0.000000000,1
2099.194692135,76,46,240,12.240300228,18.886258459,-11.012033161,18.886258459,-11.012033161,0.000000000,1
2100.205783367,76,46,225,11.485309255,18.886258459,-11.012033161,18.886258459,-11.012033161,0.000000000,1
2101.226145744,76,46,171,8.661594789,18.886258459,-11.012033161,18.886258459,-11.012033161,0.000000000,1
2102.279998541,76,46,160,8.110209887,18.886258459,-11.012033161,18.886258459,-11.012033161,0.000000000,1
2103.281281710,76,46,150,7.612992381,18.886258459,-11.012033161,18.886258459,-11.012033161,0.000000000,1
2104.321074009,76,46,140,7.118010538,18.886258459,-11.012033161,18.886258459,-11.012033161,0.000000000,1
2105.343077898,76,46,130,6.622666788,18.886258459,-11.012033161,18.886258459,-11.012033161,0.000000000,1
2106.370301247,76,46,120,6.130844136,18.886258459,-11.012033161,18.886258459,-11.012033161,0.000000000,1
2107.504888058,76,46,110,5.640665930,18.886258459,-11.012033161,18.886258459,-11.012033161,0.000000000,1
2108.518365145,76,46,92,5.154228537,18.886258459,-11.012033161,18.886258459,-11.012033161,0.000000000,1
2109.458668232,76,46,82,4.645044920,18.886258459,-11.012033161,18.886258459,-11.012033161,0.000000000,1
