ROS isolation: domain=42, localhost_only=1


==============================
Method : MapEx
Map    : New Room
Record : yes
Run ID : mpx_p500_001
Profile: R003 paper500
Python : /usr/bin/python3
MapEx  : /home/com1/MapEx
LaMa   : /work/conda-envs/lama/bin/python
Weights: /work/com1/mapex_weights/weights/lama_ensemble
Device : cpu
Launch : mapex_lab/launch/slam.launch.py
==============================


Dang cho /map, Nav2 lifecycle active va /clock on dinh...
[INFO] [launch]: All log files can be found below /home/com1/.ros/log/2026-09-23-16-38-54-410193-com1-5262
[INFO] [launch]: Default logging verbosity is set to INFO
[INFO] [launch.user]: Simulation world: new_room; path=/home/com1/turtlebot4_project_r003_h031/mapex_lab/map/new_room.sdf; spawn=(0.0, 3.0, 0.0)
[INFO] [xacro-1]: process started with pid [5282]
[INFO] [parameter_bridge-2]: process started with pid [5283]
[INFO] [image_bridge-3]: process started with pid [5284]
[INFO] [image_bridge-4]: process started with pid [5285]
[INFO] [create-5]: process started with pid [5286]
[INFO] [robot_state_publisher-6]: process started with pid [5287]
[INFO] [rviz2-7]: process started with pid [5288]
[robot_state_publisher-6] [WARN] [1790156334.711342264] [rcl]: ROS_LOCALHOST_ONLY is deprecated but still honored if it is enabled. Use ROS_AUTOMATIC_DISCOVERY_RANGE and ROS_STATIC_PEERS instead.
[robot_state_publisher-6] [WARN] [1790156334.711366731] [rcl]: 'localhost_only' is enabled, 'automatic_discovery_range' and 'static_peers' will be ignored.
[create-5] [WARN] [1790156334.723834655] [rcl]: ROS_LOCALHOST_ONLY is deprecated but still honored if it is enabled. Use ROS_AUTOMATIC_DISCOVERY_RANGE and ROS_STATIC_PEERS instead.
[create-5] [WARN] [1790156334.723845854] [rcl]: 'localhost_only' is enabled, 'automatic_discovery_range' and 'static_peers' will be ignored.
[create-5] [INFO] [1790156334.739516642] [ros_gz_sim]: Requesting list of world names.
[parameter_bridge-2] [WARN] [1790156334.749705884] [rcl]: ROS_LOCALHOST_ONLY is deprecated but still honored if it is enabled. Use ROS_AUTOMATIC_DISCOVERY_RANGE and ROS_STATIC_PEERS instead.
[parameter_bridge-2] [WARN] [1790156334.749718808] [rcl]: 'localhost_only' is enabled, 'automatic_discovery_range' and 'static_peers' will be ignored.
[image_bridge-3] [WARN] [1790156334.750618233] [rcl]: ROS_LOCALHOST_ONLY is deprecated but still honored if it is enabled. Use ROS_AUTOMATIC_DISCOVERY_RANGE and ROS_STATIC_PEERS instead.
[image_bridge-3] [WARN] [1790156334.750627450] [rcl]: 'localhost_only' is enabled, 'automatic_discovery_range' and 'static_peers' will be ignored.
[image_bridge-4] [WARN] [1790156334.750618930] [rcl]: ROS_LOCALHOST_ONLY is deprecated but still honored if it is enabled. Use ROS_AUTOMATIC_DISCOVERY_RANGE and ROS_STATIC_PEERS instead.
[image_bridge-4] [WARN] [1790156334.750627296] [rcl]: 'localhost_only' is enabled, 'automatic_discovery_range' and 'static_peers' will be ignored.
[robot_state_publisher-6] [WARN] [1790156334.751248674] [kdl_parser]: The root link base_link has an inertia specified in the URDF, but KDL does not support a root link with an inertia.  As a workaround, you can add an extra dummy link to your URDF.
[robot_state_publisher-6] [INFO] [1790156334.751383046] [robot_state_publisher]: Robot initialized
[rviz2-7] [WARN] [1790156334.822524993] [rcl]: ROS_LOCALHOST_ONLY is deprecated but still honored if it is enabled. Use ROS_AUTOMATIC_DISCOVERY_RANGE and ROS_STATIC_PEERS instead.
[rviz2-7] [WARN] [1790156334.822538436] [rcl]: 'localhost_only' is enabled, 'automatic_discovery_range' and 'static_peers' will be ignored.
[INFO] [xacro-1]: process has finished cleanly [pid 5282]
[INFO] [gz-8]: process started with pid [5404]
[INFO] [gz-9]: process started with pid [5406]
[rviz2-7] [INFO] [1790156334.926047311] [rviz2]: Stereo is NOT SUPPORTED
[rviz2-7] [INFO] [1790156334.926137797] [rviz2]: OpenGl version: 4.5 (GLSL 4.5)
[rviz2-7] [INFO] [1790156334.948153101] [rviz2]: Stereo is NOT SUPPORTED
[rviz2-7] [INFO] [1790156335.019932024] [rviz2]: Subscribing to: /frontier/frontier_points
[rviz2-7] 
[rviz2-7] [INFO] [1790156335.021115603] [rviz2]: Subscribing to: /map_cloud
[rviz2-7] 
[rviz2-7] [INFO] [1790156335.021490099] [rviz2]: Subscribing to: /map_cloud
[rviz2-7] 
[rviz2-7] [INFO] [1790156335.021893470] [rviz2]: Subscribing to: /map_cloud
[rviz2-7] 
[rviz2-7] [INFO] [1790156335.036326789] [rviz2]: Subscribing to: /frontier/frontier_points
[rviz2-7] 
[rviz2-7] [INFO] [1790156335.037174011] [rviz2]: Subscribing to: /map_cloud
[rviz2-7] 
[gz-9] [1;33m[GUI] [Wrn] [Application.cc:908] [0m[1;33m[QT] file:///usr/lib/x86_64-linux-gnu/qt5/qml/QtQuick/Dialogs/DefaultFileDialog.qml:413:17: QML ToolButton: Binding loop detected for property "implicitHeight"[0m[1;33m[0m
[gz-9] [1;33m[GUI] [Wrn] [Application.cc:908] [0m[1;33m[QT] file:///usr/lib/x86_64-linux-gnu/qt5/qml/QtQuick/Dialogs/DefaultFileDialog.qml:309:21: QML Button: Binding loop detected for property "implicitHeight"[0m[1;33m[0m
[gz-9] [1;33m[GUI] [Wrn] [Application.cc:908] [0m[1;33m[QT] file:///usr/lib/x86_64-linux-gnu/qt5/qml/QtQuick/Dialogs/DefaultFileDialog.qml:309:21: QML Button: Binding loop detected for property "implicitHeight"[0m[1;33m[0m
[gz-9] [1;33m[GUI] [Wrn] [Application.cc:908] [0m[1;33m[QT] file:///usr/lib/x86_64-linux-gnu/qt5/qml/QtQuick/Dialogs/DefaultFileDialog.qml:413:17: QML ToolButton: Binding loop detected for property "implicitHeight"[0m[1;33m[0m
[gz-9] [1;33m[GUI] [Wrn] [Application.cc:908] [0m[1;33m[QT] file:///usr/lib/x86_64-linux-gnu/qt5/qml/QtQuick/Dialogs/DefaultFileDialog.qml:309:21: QML Button: Binding loop detected for property "implicitHeight"[0m[1;33m[0m
[gz-9] [1;33m[GUI] [Wrn] [Application.cc:908] [0m[1;33m[QT] file:///usr/lib/x86_64-linux-gnu/qt5/qml/QtQuick/Dialogs/DefaultFileDialog.qml:309:21: QML Button: Binding loop detected for property "implicitHeight"[0m[1;33m[0m
[gz-8] [1;32m[Msg] [0m[1;32mGazebo Sim Server v[0m[1;32m8.11.0[0m[1;32m[0m
[gz-8] [1;32m[Msg] [0m[1;32mLoading SDF world file[[0m[1;32m/tmp/nav2_8yt_zdyo.sdf[0m[1;32m].[0m
[gz-8] [1;32m[Msg] [0m[1;32mServing entity system service on [[0m[1;32m/[0m[1;32mentity/system/add[0m[1;32m][0m[1;32m[0m
[gz-8] [1;36m[Dbg] [Physics.cc:906] [0m[1;36mLoaded [[0m[1;36mgz::physics::dartsim::Plugin[0m[1;36m] from library [[0m[1;36m/opt/ros/jazzy/opt/gz_physics_vendor/lib/gz-physics-7/engine-plugins/libgz-physics-dartsim-plugin.so[0m[1;36m][0m[1;36m[0m
[gz-8] [1;36m[Dbg] [SystemManager.cc:80] [0m[1;36mLoaded system [[0m[1;36mgz::sim::systems::Physics[0m[1;36m] for entity [[0m[1;36m1[0m[1;36m][0m[1;36m[0m
[gz-8] [1;32m[Msg] [0m[1;32mCreate[0m[1;32m service on [[0m[1;32m/world/new_room_world/create_multiple[0m[1;32m] (async)[0m[1;32m[0m
[gz-8] [1;32m[Msg] [0m[1;32mCreate[0m[1;32m service on [[0m[1;32m/world/new_room_world/create_multiple/blocking[0m[1;32m] (blocking)[0m[1;32m[0m
[gz-8] [1;32m[Msg] [0m[1;32mRemove[0m[1;32m service on [[0m[1;32m/world/new_room_world/remove[0m[1;32m] (async)[0m[1;32m[0m
[gz-8] [1;32m[Msg] [0m[1;32mRemove[0m[1;32m service on [[0m[1;32m/world/new_room_world/remove/blocking[0m[1;32m] (blocking)[0m[1;32m[0m
[gz-8] [1;32m[Msg] [0m[1;32mPose[0m[1;32m service on [[0m[1;32m/world/new_room_world/set_pose[0m[1;32m] (async)[0m[1;32m[0m
[gz-8] [1;32m[Msg] [0m[1;32mPose[0m[1;32m service on [[0m[1;32m/world/new_room_world/set_pose/blocking[0m[1;32m] (blocking)[0m[1;32m[0m
[gz-8] [1;32m[Msg] [0m[1;32mPose[0m[1;32m service on [[0m[1;32m/world/new_room_world/set_pose_vector[0m[1;32m] (async)[0m[1;32m[0m
[gz-8] [1;32m[Msg] [0m[1;32mPose[0m[1;32m service on [[0m[1;32m/world/new_room_world/set_pose_vector/blocking[0m[1;32m] (blocking)[0m[1;32m[0m
[gz-8] [1;32m[Msg] [0m[1;32mLight configuration[0m[1;32m service on [[0m[1;32m/world/new_room_world/light_config[0m[1;32m] (async)[0m[1;32m[0m
[gz-8] [1;32m[Msg] [0m[1;32mLight configuration[0m[1;32m service on [[0m[1;32m/world/new_room_world/light_config/blocking[0m[1;32m] (blocking)[0m[1;32m[0m
[gz-8] [1;32m[Msg] [0m[1;32mPhysics[0m[1;32m service on [[0m[1;32m/world/new_room_world/set_physics[0m[1;32m] (async)[0m[1;32m[0m
[gz-8] [1;32m[Msg] [0m[1;32mPhysics[0m[1;32m service on [[0m[1;32m/world/new_room_world/set_physics/blocking[0m[1;32m] (blocking)[0m[1;32m[0m
[gz-8] [1;32m[Msg] [0m[1;32mSphericalCoordinates[0m[1;32m service on [[0m[1;32m/world/new_room_world/set_spherical_coordinates[0m[1;32m] (async)[0m[1;32m[0m
[gz-8] [1;32m[Msg] [0m[1;32mSphericalCoordinates[0m[1;32m service on [[0m[1;32m/world/new_room_world/set_spherical_coordinates/blocking[0m[1;32m] (blocking)[0m[1;32m[0m
[gz-8] [1;32m[Msg] [0m[1;32mEnable collision[0m[1;32m service on [[0m[1;32m/world/new_room_world/enable_collision[0m[1;32m] (async)[0m[1;32m[0m
[gz-8] [1;32m[Msg] [0m[1;32mEnable collision[0m[1;32m service on [[0m[1;32m/world/new_room_world/enable_collision/blocking[0m[1;32m] (blocking)[0m[1;32m[0m
[gz-8] [1;32m[Msg] [0m[1;32mDisable collision[0m[1;32m service on [[0m[1;32m/world/new_room_world/disable_collision[0m[1;32m] (async)[0m[1;32m[0m
[gz-8] [1;32m[Msg] [0m[1;32mDisable collision[0m[1;32m service on [[0m[1;32m/world/new_room_world/disable_collision/blocking[0m[1;32m] (blocking)[0m[1;32m[0m
[gz-8] [1;32m[Msg] [0m[1;32mMaterial[0m[1;32m service on [[0m[1;32m/world/new_room_world/visual_config[0m[1;32m] (async)[0m[1;32m[0m
[gz-8] [1;32m[Msg] [0m[1;32mMaterial[0m[1;32m service on [[0m[1;32m/world/new_room_world/visual_config/blocking[0m[1;32m] (blocking)[0m[1;32m[0m
[gz-8] [1;32m[Msg] [0m[1;32mMaterial[0m[1;32m service on [[0m[1;32m/world/new_room_world/wheel_slip[0m[1;32m] (async)[0m[1;32m[0m
[gz-8] [1;32m[Msg] [0m[1;32mMaterial[0m[1;32m service on [[0m[1;32m/world/new_room_world/wheel_slip/blocking[0m[1;32m] (blocking)[0m[1;32m[0m
[gz-9] [1;33m[GUI] [Wrn] [Application.cc:908] [0m[1;33m[QT] file:///usr/lib/x86_64-linux-gnu/qt5/qml/QtQuick/Dialogs/DefaultFileDialog.qml:413:17: QML ToolButton: Binding loop detected for property "implicitHeight"[0m[1;33m[0m
[gz-9] [1;33m[GUI] [Wrn] [Application.cc:908] [0m[1;33m[QT] file:///usr/lib/x86_64-linux-gnu/qt5/qml/QtQuick/Dialogs/DefaultFileDialog.qml:309:21: QML Button: Binding loop detected for property "implicitHeight"[0m[1;33m[0m
[gz-9] [1;33m[GUI] [Wrn] [Application.cc:908] [0m[1;33m[QT] file:///usr/lib/x86_64-linux-gnu/qt5/qml/QtQuick/Dialogs/DefaultFileDialog.qml:309:21: QML Button: Binding loop detected for property "implicitHeight"[0m[1;33m[0m
[create-5] [INFO] [1790156335.395348691] [ros_gz_sim]: Waiting messages on topic [robot_description].
[create-5] [INFO] [1790156335.494749189] [ros_gz_sim]: Entity creation successful.
[INFO] [create-5]: process has finished cleanly [pid 5286]
[gz-9] [1;32m[Msg] [0m[1;32mGazebo Sim GUI    v[0m[1;32m8.11.0[0m[1;32m[0m
[gz-9] [1;32m[Msg] [0m[1;32mDetected Wayland. Setting Qt to use the xcb plugin: [0m[1;32m'QT_QPA_PLATFORM=xcb'.[0m[1;32m[0m
[gz-9] [1;36m[Dbg] [Application.cc:96] [0m[1;36mInitializing application.[0m[1;36m[0m
[gz-9] [1;36m[Dbg] [Application.cc:170] [0m[1;36mQt using OpenGL graphics interface[0m[1;36m[0m
[gz-9] [1;36m[GUI] [Dbg] [Application.cc:657] [0m[1;36mCreate main window[0m[1;36m[0m
[gz-9] [1;36m[GUI] [Dbg] [PathManager.cc:68] [0m[1;36mRequesting resource paths through [[0m[1;36m/gazebo/resource_paths/get[0m[1;36m][0m[1;36m[0m
[gz-9] [1;36m[GUI] [Dbg] [Gui.cc:355] [0m[1;36mGUI requesting list of world names. The server may be busy [0m[1;36mdownloading resources. Please be patient.[0m[1;36m[0m
[gz-9] [1;36m[GUI] [Dbg] [PathManager.cc:57] [0m[1;36mReceived resource paths.[0m[1;36m[0m
[gz-9] [1;36m[GUI] [Dbg] [Gui.cc:413] [0m[1;36mRequesting GUI from [[0m[1;36m/world/new_room_world/gui/info[0m[1;36m]...[0m[1;36m[0m
[gz-9] [1;36m[GUI] [Dbg] [GuiRunner.cc:149] [0m[1;36mRequesting initial state from [[0m[1;36m/world/new_room_world/state[0m[1;36m]...[0m[1;36m[0m
[gz-9] [1;32m[GUI] [0m[1;32m[Msg] [0m[1;32mLoading config [[0m[1;32m/home/com1/.gz/sim/8/gui.config[0m[1;32m][0m[1;32m[0m
[gz-9] [1;36m[GUI] [Dbg] [Application.cc:528] [0m[1;36mLoading plugin [[0m[1;36mMinimalScene[0m[1;36m][0m[1;36m[0m
[gz-9] [1;36m[GUI] [Dbg] [MinimalScene.cc:802] [0m[1;36mCreating gz-rendering interface for OpenGL[0m[1;36m[0m
[gz-9] [1;36m[GUI] [Dbg] [MinimalScene.cc:802] [0m[1;36mCreating gz-rendering interface for OpenGL[0m[1;36m[0m
[gz-9] [1;36m[GUI] [Dbg] [MinimalScene.cc:986] [0m[1;36mCreating render thread interface for OpenGL[0m[1;36m[0m
[gz-9] [1;36m[GUI] [Dbg] [MinimalScene.cc:802] [0m[1;36mCreating gz-rendering interface for OpenGL[0m[1;36m[0m
[gz-9] [1;36m[GUI] [Dbg] [MinimalScene.cc:986] [0m[1;36mCreating render thread interface for OpenGL[0m[1;36m[0m
[gz-9] [1;32m[GUI] [0m[1;32m[Msg] [0m[1;32mAdded plugin [[0m[1;32m3D View[0m[1;32m] to main window[0m[1;32m[0m
[gz-9] [1;32m[GUI] [0m[1;32m[Msg] [0m[1;32mLoaded plugin [[0m[1;32mMinimalScene[0m[1;32m] from path [[0m[1;32m/opt/ros/jazzy/opt/gz_gui_vendor/lib/gz-gui-8/plugins/libMinimalScene.so[0m[1;32m][0m[1;32m[0m
[gz-9] [1;36m[GUI] [Dbg] [Application.cc:528] [0m[1;36mLoading plugin [[0m[1;36mEntityContextMenuPlugin[0m[1;36m][0m[1;36m[0m
[gz-9] [1;32m[GUI] [0m[1;32m[Msg] [0m[1;32mCurrently tracking topic on [[0m[1;32m/gui/currently_tracked[0m[1;32m][0m[1;32m[0m
[gz-9] [1;32m[GUI] [0m[1;32m[Msg] [0m[1;32mAdded plugin [[0m[1;32mEntity Context Menu[0m[1;32m] to main window[0m[1;32m[0m
[gz-9] [1;32m[GUI] [0m[1;32m[Msg] [0m[1;32mLoaded plugin [[0m[1;32mEntityContextMenuPlugin[0m[1;32m] from path [[0m[1;32m/opt/ros/jazzy/opt/gz_sim_vendor/lib/gz-sim-8/plugins/gui/libEntityContextMenuPlugin.so[0m[1;32m][0m[1;32m[0m
[gz-9] [1;36m[GUI] [Dbg] [Application.cc:528] [0m[1;36mLoading plugin [[0m[1;36mGzSceneManager[0m[1;36m][0m[1;36m[0m
[gz-9] [1;32m[GUI] [0m[1;32m[Msg] [0m[1;32mAdded plugin [[0m[1;32mScene Manager[0m[1;32m] to main window[0m[1;32m[0m
[gz-9] [1;32m[GUI] [0m[1;32m[Msg] [0m[1;32mLoaded plugin [[0m[1;32mGzSceneManager[0m[1;32m] from path [[0m[1;32m/opt/ros/jazzy/opt/gz_sim_vendor/lib/gz-sim-8/plugins/gui/libGzSceneManager.so[0m[1;32m][0m[1;32m[0m
[gz-9] [1;36m[GUI] [Dbg] [Application.cc:528] [0m[1;36mLoading plugin [[0m[1;36mInteractiveViewControl[0m[1;36m][0m[1;36m[0m
[gz-9] [1;32m[GUI] [0m[1;32m[Msg] [0m[1;32mCamera view controller topic advertised on [[0m[1;32m/gui/camera/view_control[0m[1;32m][0m[1;32m[0m
[gz-9] [1;32m[GUI] [0m[1;32m[Msg] [0m[1;32mCamera reference visual topic advertised on [[0m[1;32m/gui/camera/view_control/reference_visual[0m[1;32m][0m[1;32m[0m
[gz-9] [1;32m[GUI] [0m[1;32m[Msg] [0m[1;32mCamera view control sensitivity advertised on [[0m[1;32m/gui/camera/view_control/sensitivity[0m[1;32m][0m[1;32m[0m
[parameter_bridge-2] [INFO] [1790156335.763956056] [bridge_ros_gz]: Creating GZ->ROS Bridge: [/clock (gz.msgs.Clock) -> clock (rosgraph_msgs/msg/Clock)] (Lazy 0)
[parameter_bridge-2] [INFO] [1790156335.765907737] [bridge_ros_gz]: Creating GZ->ROS Bridge: [joint_states (gz.msgs.Model) -> joint_states (sensor_msgs/msg/JointState)] (Lazy 0)
[parameter_bridge-2] [INFO] [1790156335.768879670] [bridge_ros_gz]: Creating GZ->ROS Bridge: [/odom (gz.msgs.Odometry) -> odom (nav_msgs/msg/Odometry)] (Lazy 0)
[parameter_bridge-2] [INFO] [1790156335.770053486] [bridge_ros_gz]: Creating GZ->ROS Bridge: [/tf (gz.msgs.Pose_V) -> tf (tf2_msgs/msg/TFMessage)] (Lazy 0)
[parameter_bridge-2] [INFO] [1790156335.772049131] [bridge_ros_gz]: Creating GZ->ROS Bridge: [/imu (gz.msgs.IMU) -> imu (sensor_msgs/msg/Imu)] (Lazy 0)
[parameter_bridge-2] [INFO] [1790156335.772461969] [bridge_ros_gz]: Creating GZ->ROS Bridge: [/scan (gz.msgs.LaserScan) -> scan (sensor_msgs/msg/LaserScan)] (Lazy 0)
[parameter_bridge-2] [INFO] [1790156335.772832675] [bridge_ros_gz]: Creating ROS->GZ Bridge: [cmd_vel (geometry_msgs/msg/Twist) -> /cmd_vel (gz.msgs.Twist)] (Lazy 0)
[parameter_bridge-2] [INFO] [1790156335.773811004] [bridge_ros_gz]: Creating GZ->ROS Bridge: [/rgbd_camera/camera_info (gz.msgs.CameraInfo) -> /rgbd_camera/camera_info (sensor_msgs/msg/CameraInfo)] (Lazy 0)
[gz-9] [1;32m[GUI] [0m[1;32m[Msg] [0m[1;32mAdded plugin [[0m[1;32mInteractive view control[0m[1;32m] to main window[0m[1;32m[0m
[gz-9] [1;32m[GUI] [0m[1;32m[Msg] [0m[1;32mLoaded plugin [[0m[1;32mInteractiveViewControl[0m[1;32m] from path [[0m[1;32m/opt/ros/jazzy/opt/gz_gui_vendor/lib/gz-gui-8/plugins/libInteractiveViewControl.so[0m[1;32m][0m[1;32m[0m
[gz-9] [1;36m[GUI] [Dbg] [Application.cc:528] [0m[1;36mLoading plugin [[0m[1;36mCameraTracking[0m[1;36m][0m[1;36m[0m
[gz-9] [1;32m[GUI] [0m[1;32m[Msg] [0m[1;32mAdded plugin [[0m[1;32mCamera tracking[0m[1;32m] to main window[0m[1;32m[0m
[gz-9] [1;32m[GUI] [0m[1;32m[Msg] [0m[1;32mLoaded plugin [[0m[1;32mCameraTracking[0m[1;32m] from path [[0m[1;32m/opt/ros/jazzy/opt/gz_gui_vendor/lib/gz-gui-8/plugins/libCameraTracking.so[0m[1;32m][0m[1;32m[0m
[gz-9] [1;36m[GUI] [Dbg] [Application.cc:528] [0m[1;36mLoading plugin [[0m[1;36mMarkerManager[0m[1;36m][0m[1;36m[0m
[gz-9] [1;32m[GUI] [0m[1;32m[Msg] [0m[1;32mListening to stats on [[0m[1;32m/world/new_room_world/stats[0m[1;32m][0m[1;32m[0m
[gz-9] [1;32m[GUI] [0m[1;32m[Msg] [0m[1;32mAdded plugin [[0m[1;32mMarker Manager[0m[1;32m] to main window[0m[1;32m[0m
[gz-9] [1;32m[GUI] [0m[1;32m[Msg] [0m[1;32mLoaded plugin [[0m[1;32mMarkerManager[0m[1;32m] from path [[0m[1;32m/opt/ros/jazzy/opt/gz_gui_vendor/lib/gz-gui-8/plugins/libMarkerManager.so[0m[1;32m][0m[1;32m[0m
[gz-9] [1;36m[GUI] [Dbg] [Application.cc:528] [0m[1;36mLoading plugin [[0m[1;36mSelectEntities[0m[1;36m][0m[1;36m[0m
[gz-9] [1;32m[GUI] [0m[1;32m[Msg] [0m[1;32mAdded plugin [[0m[1;32mSelect entities[0m[1;32m] to main window[0m[1;32m[0m
[gz-9] [1;32m[GUI] [0m[1;32m[Msg] [0m[1;32mLoaded plugin [[0m[1;32mSelectEntities[0m[1;32m] from path [[0m[1;32m/opt/ros/jazzy/opt/gz_sim_vendor/lib/gz-sim-8/plugins/gui/libSelectEntities.so[0m[1;32m][0m[1;32m[0m
[gz-9] [1;36m[GUI] [Dbg] [Application.cc:528] [0m[1;36mLoading plugin [[0m[1;36mSpawn[0m[1;36m][0m[1;36m[0m
[gz-9] [1;32m[GUI] [0m[1;32m[Msg] [0m[1;32mAdded plugin [[0m[1;32mSpawn[0m[1;32m] to main window[0m[1;32m[0m
[gz-9] [1;32m[GUI] [0m[1;32m[Msg] [0m[1;32mLoaded plugin [[0m[1;32mSpawn[0m[1;32m] from path [[0m[1;32m/opt/ros/jazzy/opt/gz_sim_vendor/lib/gz-sim-8/plugins/gui/libSpawn.so[0m[1;32m][0m[1;32m[0m
[gz-9] [1;36m[GUI] [Dbg] [Application.cc:528] [0m[1;36mLoading plugin [[0m[1;36mVisualizationCapabilities[0m[1;36m][0m[1;36m[0m
[gz-9] [1;32m[GUI] [0m[1;32m[Msg] [0m[1;32mView as transparent service on [[0m[1;32m/gui/view/transparent[0m[1;32m][0m[1;32m[0m
[gz-9] [1;32m[GUI] [0m[1;32m[Msg] [0m[1;32mView as wireframes service on [[0m[1;32m/gui/view/wireframes[0m[1;32m][0m[1;32m[0m
[gz-9] [1;32m[GUI] [0m[1;32m[Msg] [0m[1;32mView center of mass service on [[0m[1;32m/gui/view/com[0m[1;32m][0m[1;32m[0m
[gz-9] [1;32m[GUI] [0m[1;32m[Msg] [0m[1;32mView inertia service on [[0m[1;32m/gui/view/inertia[0m[1;32m][0m[1;32m[0m
[gz-9] [1;32m[GUI] [0m[1;32m[Msg] [0m[1;32mView collisions service on [[0m[1;32m/gui/view/collisions[0m[1;32m][0m[1;32m[0m
[gz-9] [1;32m[GUI] [0m[1;32m[Msg] [0m[1;32mView joints service on [[0m[1;32m/gui/view/joints[0m[1;32m][0m[1;32m[0m
[gz-9] [1;32m[GUI] [0m[1;32m[Msg] [0m[1;32mView frames service on [[0m[1;32m/gui/view/frames[0m[1;32m][0m[1;32m[0m
[gz-9] [1;32m[GUI] [0m[1;32m[Msg] [0m[1;32mAdded plugin [[0m[1;32mVisualization capabilities[0m[1;32m] to main window[0m[1;32m[0m
[gz-9] [1;32m[GUI] [0m[1;32m[Msg] [0m[1;32mLoaded plugin [[0m[1;32mVisualizationCapabilities[0m[1;32m] from path [[0m[1;32m/opt/ros/jazzy/opt/gz_sim_vendor/lib/gz-sim-8/plugins/gui/libVisualizationCapabilities.so[0m[1;32m][0m[1;32m[0m
[gz-9] [1;36m[GUI] [Dbg] [Application.cc:528] [0m[1;36mLoading plugin [[0m[1;36mWorldControl[0m[1;36m][0m[1;36m[0m
[gz-9] [1;32m[GUI] [0m[1;32m[Msg] [0m[1;32mUsing world control service [[0m[1;32m/world/new_room_world/control[0m[1;32m][0m[1;32m[0m
[gz-9] [1;32m[GUI] [0m[1;32m[Msg] [0m[1;32mListening to stats on [[0m[1;32m/world/new_room_world/stats[0m[1;32m][0m[1;32m[0m
[gz-9] [1;36m[GUI] [Dbg] [WorldControl.cc:237] [0m[1;36mUsing an event to share WorldControl msgs with the server[0m
[gz-9] [1;33m[GUI] [Wrn] [Application.cc:908] [0m[1;33m[QT] file:///usr/lib/x86_64-linux-gnu/qt5/qml/QtQuick/Dialogs/DefaultFileDialog.qml:413:17: QML ToolButton: Binding loop detected for property "implicitHeight"[0m[1;33m[0m
[gz-9] [1;33m[GUI] [Wrn] [Application.cc:908] [0m[1;33m[QT] file:///usr/lib/x86_64-linux-gnu/qt5/qml/QtQuick/Dialogs/DefaultFileDialog.qml:309:21: QML Button: Binding loop detected for property "implicitHeight"[0m[1;33m[0m
[gz-9] [1;33m[GUI] [Wrn] [Application.cc:908] [0m[1;33m[QT] file:///usr/lib/x86_64-linux-gnu/qt5/qml/QtQuick/Dialogs/DefaultFileDialog.qml:309:21: QML Button: Binding loop detected for property "implicitHeight"[0m[1;33m[0m
[gz-9] [1;33m[GUI] [Wrn] [Application.cc:908] [0m[1;33m[QT] file::/ComponentInspector/ComponentInspector.qml:251:3: QML Dialog: Binding loop detected for property "implicitHeight"[0m[1;33m[0m
[gz-9] [1;33m[GUI] [Wrn] [Application.cc:908] [0m[1;33m[QT] file:///usr/lib/x86_64-linux-gnu/qt5/qml/QtQuick/Dialogs/DefaultFileDialog.qml:413:17: QML ToolButton: Binding loop detected for property "implicitHeight"[0m[1;33m[0m
[gz-9] [1;33m[GUI] [Wrn] [Application.cc:908] [0m[1;33m[QT] file:///usr/lib/x86_64-linux-gnu/qt5/qml/QtQuick/Dialogs/DefaultFileDialog.qml:309:21: QML Button: Binding loop detected for property "implicitHeight"[0m[1;33m[0m
[gz-9] [1;33m[GUI] [Wrn] [Application.cc:908] [0m[1;33m[QT] file:///usr/lib/x86_64-linux-gnu/qt5/qml/QtQuick/Dialogs/DefaultFileDialog.qml:309:21: QML Button: Binding loop detected for property "implicitHeight"[0m[1;33m[0m
[gz-9] [1;32m[GUI] [0m[1;32m[Msg] [0m[1;32mAdded plugin [[0m[1;32mWorld control[0m[1;32m] to main window[0m[1;32m[0m
[gz-9] [1;32m[GUI] [0m[1;32m[Msg] [0m[1;32mLoaded plugin [[0m[1;32mWorldControl[0m[1;32m] from path [[0m[1;32m/opt/ros/jazzy/opt/gz_gui_vendor/lib/gz-gui-8/plugins/libWorldControl.so[0m[1;32m][0m[1;32m[0m
[gz-9] [1;36m[GUI] [Dbg] [Application.cc:528] [0m[1;36mLoading plugin [[0m[1;36mWorldStats[0m[1;36m][0m[1;36m[0m
[gz-9] [1;32m[GUI] [0m[1;32m[Msg] [0m[1;32mListening to stats on [[0m[1;32m/world/new_room_world/stats[0m[1;32m][0m[1;32m[0m
[gz-9] [1;32m[GUI] [0m[1;32m[Msg] [0m[1;32mAdded plugin [[0m[1;32mWorld stats[0m[1;32m] to main window[0m[1;32m[0m
[gz-9] [1;32m[GUI] [0m[1;32m[Msg] [0m[1;32mLoaded plugin [[0m[1;32mWorldStats[0m[1;32m] from path [[0m[1;32m/opt/ros/jazzy/opt/gz_gui_vendor/lib/gz-gui-8/plugins/libWorldStats.so[0m[1;32m][0m[1;32m[0m
[gz-9] [1;36m[GUI] [Dbg] [Application.cc:528] [0m[1;36mLoading plugin [[0m[1;36mShapes[0m[1;36m][0m[1;36m[0m
[gz-9] [1;32m[GUI] [0m[1;32m[Msg] [0m[1;32mAdded plugin [[0m[1;32mShapes[0m[1;32m] to main window[0m[1;32m[0m
[gz-9] [1;32m[GUI] [0m[1;32m[Msg] [0m[1;32mLoaded plugin [[0m[1;32mShapes[0m[1;32m] from path [[0m[1;32m/opt/ros/jazzy/opt/gz_sim_vendor/lib/gz-sim-8/plugins/gui/libShapes.so[0m[1;32m][0m[1;32m[0m
[gz-9] [1;36m[GUI] [Dbg] [Application.cc:528] [0m[1;36mLoading plugin [[0m[1;36mLights[0m[1;36m][0m[1;36m[0m
[gz-9] [1;32m[GUI] [0m[1;32m[Msg] [0m[1;32mAdded plugin [[0m[1;32mLights[0m[1;32m] to main window[0m[1;32m[0m
[gz-9] [1;32m[GUI] [0m[1;32m[Msg] [0m[1;32mLoaded plugin [[0m[1;32mLights[0m[1;32m] from path [[0m[1;32m/opt/ros/jazzy/opt/gz_sim_vendor/lib/gz-sim-8/plugins/gui/libLights.so[0m[1;32m][0m[1;32m[0m
[gz-9] [1;36m[GUI] [Dbg] [Application.cc:528] [0m[1;36mLoading plugin [[0m[1;36mTransformControl[0m[1;36m][0m[1;36m[0m
[gz-9] [1;32m[GUI] [0m[1;32m[Msg] [0m[1;32mAdded plugin [[0m[1;32mTransform control[0m[1;32m] to main window[0m[1;32m[0m
[gz-9] [1;32m[GUI] [0m[1;32m[Msg] [0m[1;32mLoaded plugin [[0m[1;32mTransformControl[0m[1;32m] from path [[0m[1;32m/opt/ros/jazzy/opt/gz_sim_vendor/lib/gz-sim-8/plugins/gui/libTransformControl.so[0m[1;32m][0m[1;32m[0m
[gz-9] [1;36m[GUI] [Dbg] [Application.cc:528] [0m[1;36mLoading plugin [[0m[1;36mScreenshot[0m[1;36m][0m[1;36m[0m
[gz-9] [1;32m[GUI] [0m[1;32m[Msg] [0m[1;32mScreenshot service on [[0m[1;32m/gui/screenshot[0m[1;32m][0m[1;32m[0m
[gz-9] [1;32m[GUI] [0m[1;32m[Msg] [0m[1;32mAdded plugin [[0m[1;32mScreenshot[0m[1;32m] to main window[0m[1;32m[0m
[gz-9] [1;32m[GUI] [0m[1;32m[Msg] [0m[1;32mLoaded plugin [[0m[1;32mScreenshot[0m[1;32m] from path [[0m[1;32m/opt/ros/jazzy/opt/gz_gui_vendor/lib/gz-gui-8/plugins/libScreenshot.so[0m[1;32m][0m[1;32m[0m
[gz-9] [1;36m[GUI] [Dbg] [Application.cc:528] [0m[1;36mLoading plugin [[0m[1;36mCopyPaste[0m[1;36m][0m[1;36m[0m
[gz-9] [1;32m[GUI] [0m[1;32m[Msg] [0m[1;32mAdded plugin [[0m[1;32mCopy/Paste[0m[1;32m] to main window[0m[1;32m[0m
[gz-9] [1;32m[GUI] [0m[1;32m[Msg] [0m[1;32mLoaded plugin [[0m[1;32mCopyPaste[0m[1;32m] from path [[0m[1;32m/opt/ros/jazzy/opt/gz_sim_vendor/lib/gz-sim-8/plugins/gui/libCopyPaste.so[0m[1;32m][0m[1;32m[0m
[gz-9] [1;36m[GUI] [Dbg] [Application.cc:528] [0m[1;36mLoading plugin [[0m[1;36mComponentInspector[0m[1;36m][0m[1;36m[0m
[gz-9] [1;32m[GUI] [0m[1;32m[Msg] [0m[1;32mAdded plugin [[0m[1;32mComponent inspector[0m[1;32m] to main window[0m[1;32m[0m
[gz-9] [1;32m[GUI] [0m[1;32m[Msg] [0m[1;32mLoaded plugin [[0m[1;32mComponentInspector[0m[1;32m] from path [[0m[1;32m/opt/ros/jazzy/opt/gz_sim_vendor/lib/gz-sim-8/plugins/gui/libComponentInspector.so[0m[1;32m][0m[1;32m[0m
[gz-9] [1;36m[GUI] [Dbg] [Application.cc:528] [0m[1;36mLoading plugin [[0m[1;36mEntityTree[0m[1;36m][0m[1;36m[0m
[gz-9] [1;32m[GUI] [0m[1;32m[Msg] [0m[1;32mCurrently tracking topic on [[0m[1;32m/gui/currently_tracked[0m[1;32m][0m[1;32m[0m
[gz-9] [1;33m[GUI] [Wrn] [Application.cc:908] [0m[1;33m[QT] file::/WorldStats/WorldStats.qml:53:3: QML RowLayout: Binding loop detected for property "x"[0m[1;33m[0m
[gz-9] libEGL warning: failed to open /dev/dri/renderD128: Permission denied
[gz-9] 
[gz-9] libEGL warning: failed to open /dev/dri/renderD128: Permission denied
[gz-9] 
[gz-9] libEGL warning: failed to open /dev/dri/card1: Permission denied
[gz-9] 
[gz-9] [1;33m[GUI] [Wrn] [Ogre2RenderTarget.cc:668] [0m[1;33mAnti-aliasing level of '[0m[1;33m[0m[1;33m' [0m[1;33mis not supported; valid FSAA levels are: [0m[1;33m[ 0 ][0m[1;33m. Setting to 1[0m[1;33m[0m
[gz-8] [1;36m[Dbg] [SystemManager.cc:80] [0m[1;36mLoaded system [[0m[1;36mgz::sim::systems::UserCommands[0m[1;36m] for entity [[0m[1;36m1[0m[1;36m][0m[1;36m[0m
[gz-8] [1;36m[Dbg] [SystemManager.cc:80] [0m[1;36mLoaded system [[0m[1;36mgz::sim::systems::SceneBroadcaster[0m[1;36m] for entity [[0m[1;36m1[0m[1;36m][0m[1;36m[0m
[gz-8] [1;36m[Dbg] [Sensors.cc:697] [0m[1;36mConfiguring Sensors system[0m[1;36m[0m
[gz-8] [1;36m[Dbg] [Sensors.cc:557] [0m[1;36mSensorsPrivate::Run[0m[1;36m[0m
[gz-8] [1;36m[Dbg] [SystemManager.cc:80] [0m[1;36mLoaded system [[0m[1;36mgz::sim::systems::Sensors[0m[1;36m] for entity [[0m[1;36m1[0m[1;36m][0m[1;36m[0m
[gz-8] [1;36m[Dbg] [Sensors.cc:532] [0m[1;36mSensorsPrivate::RenderThread started[0m[1;36m[0m
[gz-8] [1;36m[Dbg] [Sensors.cc:337] [0m[1;36mWaiting for init[0m[1;36m[0m
[gz-8] [1;36m[Dbg] [SystemManager.cc:80] [0m[1;36mLoaded system [[0m[1;36mgz::sim::systems::Imu[0m[1;36m] for entity [[0m[1;36m1[0m[1;36m][0m[1;36m[0m
[gz-8] [1;32m[Msg] [0m[1;32mLoaded level [[0m[1;32mdefault[0m[1;32m][0m[1;32m[0m
[gz-8] [1;32m[Msg] [0m[1;32mServing world controls on [[0m[1;32m/world/new_room_world[0m[1;32m/control], [[0m[1;32m/world/new_room_world[0m[1;32m/control/state] and [[0m[1;32m/world/new_room_world[0m[1;32m/playback/control][0m[1;32m[0m
[gz-8] [1;32m[Msg] [0m[1;32mServing GUI information on [[0m[1;32m/world/new_room_world[0m[1;32m/[0m[1;32mgui/info[0m[1;32m][0m[1;32m[0m
[gz-8] [1;32m[Msg] [0m[1;32mWorld [[0m[1;32mnew_room_world[0m[1;32m] initialized with [[0m[1;32mnew_room_realtime[0m[1;32m] physics profile.[0m[1;32m[0m
[gz-8] [1;32m[Msg] [0m[1;32mServing world SDF generation service on [[0m[1;32m/world/new_room_world[0m[1;32m/[0m[1;32mgenerate_world_sdf[0m[1;32m][0m[1;32m[0m
[gz-8] [1;32m[Msg] [0m[1;32mServing world names on [[0m[1;32m/gazebo/worlds[0m[1;32m][0m[1;32m[0m
[gz-8] [1;32m[Msg] [0m[1;32mResource path add service on [[0m[1;32m/gazebo/resource_paths/add[0m[1;32m].[0m[1;32m[0m
[gz-8] [1;32m[Msg] [0m[1;32mResource path get service on [[0m[1;32m/gazebo/resource_paths/get[0m[1;32m].[0m[1;32m[0m
[gz-8] [1;32m[Msg] [0m[1;32mResource path resolve service on [[0m[1;32m/gazebo/resource_paths/resolve[0m[1;32m].[0m[1;32m[0m
[gz-8] [1;32m[Msg] [0m[1;32mResource paths published on [[0m[1;32m/gazebo/resource_paths[0m[1;32m].[0m[1;32m[0m
[gz-8] [1;32m[Msg] [0m[1;32mServer control service on [[0m[1;32m/server_control[0m[1;32m].[0m[1;32m[0m
[gz-8] [1;32m[Msg] [0m[1;32mFound no publishers on /stats, adding root stats topic[0m[1;32m[0m
[gz-8] [1;32m[Msg] [0m[1;32mFound no publishers on /clock, adding root clock topic[0m[1;32m[0m
[gz-8] [1;36m[Dbg] [SimulationRunner.cc:551] [0m[1;36mCreating PostUpdate worker threads: [0m[1;36m4[0m[1;36m[0m
[gz-8] [1;36m[Dbg] [SimulationRunner.cc:562] [0m[1;36mCreating postupdate worker thread ([0m[1;36m0[0m[1;36m)[0m[1;36m[0m
[gz-8] [1;36m[Dbg] [SimulationRunner.cc:562] [0m[1;36mCreating postupdate worker thread ([0m[1;36m1[0m[1;36m)[0m[1;36m[0m
[gz-8] [1;36m[Dbg] [SimulationRunner.cc:562] [0m[1;36mCreating postupdate worker thread ([0m[1;36m2[0m[1;36m)[0m[1;36m[0m
[gz-8] [1;33mWarning [Utils.cc:132][0m [/sdf/model[@name="turtlebot4"]/link[@name="rplidar_link"]/sensor[@name="rplidar"]/gz_frame_id:<urdf-string>:L0]: XML Element[gz_frame_id], child of element[sensor], not defined in SDF. Copying[gz_frame_id] as children of [sensor].
[gz-8] [1;33m[Wrn] [SdfEntityCreator.cc:933] [0m[1;33mGazebo does not support Ogre material scripts. See [0m[1;33mhttps://gazebosim.org/api/sim/8/migrationsdf.html#:~:text=Materials [0m[1;33mfor details.[0m[1;33m[0m
[gz-8] [1;33m[Wrn] [SdfEntityCreator.cc:949] [0m[1;33mUsing an internal gazebo.material to parse [0m[1;33mGazebo/DarkGrey[0m[1;33m[0m
[gz-8] [1;33m[Wrn] [SdfEntityCreator.cc:933] [0m[1;33mGazebo does not support Ogre material scripts. See [0m[1;33mhttps://gazebosim.org/api/sim/8/migrationsdf.html#:~:text=Materials [0m[1;33mfor details.[0m[1;33m[0m
[gz-8] [1;33m[Wrn] [SdfEntityCreator.cc:949] [0m[1;33mUsing an internal gazebo.material to parse [0m[1;33mGazebo/DarkGrey[0m[1;33m[0m
[gz-8] [1;33m[Wrn] [SdfEntityCreator.cc:933] [0m[1;33mGazebo does not support Ogre material scripts. See [0m[1;33mhttps://gazebosim.org/api/sim/8/migrationsdf.html#:~:text=Materials [0m[1;33mfor details.[0m[1;33m[0m
[gz-8] [1;33m[Wrn] [SdfEntityCreator.cc:949] [0m[1;33mUsing an internal gazebo.material to parse [0m[1;33mGazebo/DarkGrey[0m[1;33m[0m
[gz-8] [1;32m[Msg] [0m[1;32mDiffDrive subscribing to twist messages on [[0m[1;32m/cmd_vel[0m[1;32m][0m[1;32m[0m
[gz-8] [1;36m[Dbg] [SystemManager.cc:80] [0m[1;36mLoaded system [[0m[1;36mgz::sim::systems::DiffDrive[0m[1;36m] for entity [[0m[1;36m144[0m[1;36m][0m[1;36m[0m
[gz-8] [1;36m[Dbg] [SystemManager.cc:80] [0m[1;36mLoaded system [[0m[1;36mgz::sim::systems::JointStatePublisher[0m[1;36m] for entity [[0m[1;36m144[0m[1;36m][0m[1;36m[0m
[gz-8] [1;36m[Dbg] [UserCommands.cc:1094] [0m[1;36mCreated entity [[0m[1;36m144[0m[1;36m] named [[0m[1;36mturtlebot4[0m[1;36m][0m[1;36m[0m
[gz-8] [1;36m[Dbg] [SDFFeatures.cc:332] [0m[1;36mMesh construction from an SDF has not been implemented yet for [0m[1;36mdartsim. Use AttachMeshShapeFeature to use mesh shapes.[0m
[gz-8] [1;36m[Dbg] [SDFFeatures.cc:864] [0m[1;36mThe geometry element of collision [[0m[1;36mbase_link_fixed_joint_lump__bumper_collision_1[0m[1;36m] [0m[1;36mcouldn't be created[0m
[gz-8] [1;36m[Dbg] [SDFFeatures.cc:332] [0m[1;36mMesh construction from an SDF has not been implemented yet for [0m[1;36mdartsim. Use AttachMeshShapeFeature to use mesh shapes.[0m
[gz-8] [1;36m[Dbg] [SDFFeatures.cc:864] [0m[1;36mThe geometry element of collision [[0m[1;36mbase_link_fixed_joint_lump__shell_collision_collision_2[0m[1;36m] [0m[1;36mcouldn't be created[0m
[gz-8] [1;36m[Dbg] [Sensors.cc:953] [0m[1;36mInitialization needed[0m[1;36m[0m
[gz-8] [1;36m[Dbg] [Sensors.cc:349] [0m[1;36mInitializing render context[0m[1;36m[0m
[gz-8] [1;32m[Msg] [0m[1;32mLoading plugin [[0m[1;32mgz-rendering-ogre2[0m[1;32m][0m[1;32m[0m
[gz-8] [1;36m[Dbg] [ImuSensor.cc:150] [0m[1;36mIMU data for [[0m[1;36mturtlebot4::imu_link::imu[0m[1;36m] advertised on [[0m[1;36mimu[0m[1;36m][0m[1;36m[0m
[gz-8] [1;32m[Msg] [0m[1;32mServing scene information on [[0m[1;32m/world/new_room_world[0m[1;32m/[0m[1;32mscene/info[0m[1;32m][0m[1;32m[0m
[gz-8] [1;32m[Msg] [0m[1;32mServing graph information on [[0m[1;32m/world/new_room_world[0m[1;32m/[0m[1;32mscene/graph[0m[1;32m][0m[1;32m[0m
[gz-8] [1;32m[Msg] [0m[1;32mServing full state on [[0m[1;32m/world/new_room_world[0m[1;32m/[0m[1;32mstate[0m[1;32m][0m[1;32m[0m
[gz-8] [1;32m[Msg] [0m[1;32mServing full state (async) on [[0m[1;32m/world/new_room_world[0m[1;32m/[0m[1;32mstate_async[0m[1;32m][0m[1;32m[0m
[gz-8] [1;32m[Msg] [0m[1;32mPublishing scene information on [[0m[1;32m/world/new_room_world/scene/info[0m[1;32m][0m[1;32m[0m
[gz-8] [1;32m[Msg] [0m[1;32mPublishing entity deletions on [[0m[1;32m/world/new_room_world/scene/deletion[0m[1;32m][0m[1;32m[0m
[gz-8] [1;32m[Msg] [0m[1;32mPublishing state changes on [[0m[1;32m/world/new_room_world/state[0m[1;32m][0m[1;32m[0m
[gz-8] [1;32m[Msg] [0m[1;32mPublishing pose messages on [[0m[1;32m/world/new_room_world[0m[1;32m/[0m[1;32mpose/info[0m[1;32m][0m[1;32m[0m
[gz-8] [1;32m[Msg] [0m[1;32mPublishing dynamic pose messages on [[0m[1;32m/world/new_room_world[0m[1;32m/[0m[1;32mdynamic_pose/info[0m[1;32m][0m[1;32m[0m
[gz-8] [1;36m[Dbg] [EntityComponentManager.cc:1656] [0m[1;36mUpdated state thread iterators: [0m[1;36m16[0m[1;36m threads processing around [0m[1;36m15[0m[1;36m entities each.[0m[1;36m[0m
[gz-8] [1;36m[Dbg] [SimulationRunner.cc:578] [0m[1;36m[Dbg] [SimulationRunner.cc:578] [Dbg] [SimulationRunner.cc:578] [Dbg] [SimulationRunner.cc:578] [0m[1;36mExiting postupdate worker thread ([0m[1;36m[Dbg] [SimulationRunner.cc:578] [Dbg] [SimulationRunner.cc:578] [Dbg] [SimulationRunner.cc:578] [0m[1;36mExiting postupdate worker thread ([0m[1;36m0[0m[1;36m)[0m[1;36m[0m
[gz-8] [1;36m1[0m[1;36m1Exiting postupdate worker thread ([0m[1;36m2[0m[1;36m)[0m[1;36m[0m
[gz-8] [1;36m[0m
[gz-8] [1;36m[Dbg] [SimulationRunner.cc:551] [0m[1;36mCreating PostUpdate worker threads: [0m[1;36m6[0m[1;36m[0m
[gz-8] [1;36m[Dbg] [SimulationRunner.cc:562] [0m[1;36mCreating postupdate worker thread ([0m[1;36m0[0m[1;36m)[0m[1;36m[0m
[gz-8] [1;36m[Dbg] [SimulationRunner.cc:562] [0m[1;36mCreating postupdate worker thread ([0m[1;36m1[0m[1;36m)[0m[1;36m[0m
[gz-8] libEGL warning: failed to open /dev/dri/renderD128: Permission denied
[gz-8] 
[gz-8] libEGL warning: failed to open /dev/dri/renderD128: Permission denied
[gz-8] 
[gz-8] libEGL warning: failed to open /dev/dri/card1: Permission denied
[gz-8] 
[gz-9] [1;32m[GUI] [0m[1;32m[Msg] [0m[1;32mAdded plugin [[0m[1;32mEntity tree[0m[1;32m] to main window[0m[1;32m[0m
[gz-9] [1;32m[GUI] [0m[1;32m[Msg] [0m[1;32mLoaded plugin [[0m[1;32mEntityTree[0m[1;32m] from path [[0m[1;32m/opt/ros/jazzy/opt/gz_sim_vendor/lib/gz-sim-8/plugins/gui/libEntityTree.so[0m[1;32m][0m[1;32m[0m
[gz-9] [1;36m[GUI] [Dbg] [Application.cc:398] [0m[1;36mLoading window config[0m[1;36m[0m
[gz-9] [1;32m[GUI] [0m[1;32m[Msg] [0m[1;32mUsing server control service [[0m[1;32m/server_control[0m[1;32m][0m[1;32m[0m
[gz-9] [1;36m[GUI] [Dbg] [Application.cc:671] [0m[1;36mApplying config[0m[1;36m[0m
[gz-9] [1;36m[GUI] [Dbg] [MinimalScene.cc:802] [0m[1;36mCreating gz-rendering interface for OpenGL[0m[1;36m[0m
[gz-9] [1;36m[GUI] [Dbg] [MinimalScene.cc:986] [0m[1;36mCreating render thread interface for OpenGL[0m[1;36m[0m
[gz-9] [1;32m[GUI] [0m[1;32m[Msg] [0m[1;32mLoading plugin [[0m[1;32mgz-rendering-ogre2[0m[1;32m][0m[1;32m[0m
[gz-9] [1;36m[GUI] [Dbg] [MinimalScene.cc:749] [0m[1;36mCreate scene [[0m[1;36mscene[0m[1;36m][0m[1;36m[0m
[gz-9] [1;36m[GUI] [Dbg] [MinimalScene.cc:1037] [0m[1;36mCreating texture node render interface for OpenGL[0m[1;36m[0m
[gz-9] [1;36m[GUI] [Dbg] [TransformControl.cc:453] [0m[1;36mTransformControl plugin is using camera [[0m[1;36mscene::Camera(65527)[0m[1;36m][0m[1;36m[0m
[gz-9] [1;36m[GUI] [Dbg] [Spawn.cc:308] [0m[1;36mSpawn plugin is using camera [[0m[1;36mscene::Camera(65527)[0m[1;36m][0m[1;36m[0m
[gz-9] [1;36m[GUI] [Dbg] [SelectEntities.cc:452] [0m[1;36mSelectEntities plugin is using camera [[0m[1;36mscene::Camera(65527)[0m[1;36m][0m[1;36m[0m
[gz-9] [1;36m[GUI] [Dbg] [MarkerManager.cc:169] [0m[1;36mAdvertise [0m[1;36m/marker[0m[1;36m/list service.[0m
[gz-9] [1;36m[GUI] [Dbg] [MarkerManager.cc:179] [0m[1;36mAdvertise [0m[1;36m/marker[0m[1;36m/list.[0m
[gz-9] [1;36m[GUI] [Dbg] [MarkerManager.cc:189] [0m[1;36mAdvertise [0m[1;36m/marker[0m[1;36m_array.[0m
[gz-9] [1;36m[GUI] [Dbg] [CameraTracking.cc:205] [0m[1;36mCameraTrackingPrivate plugin is moving camera [[0m[1;36mscene::Camera(65527)[0m[1;36m][0m[1;36m[0m
[gz-9] [1;32m[GUI] [0m[1;32m[Msg] [0m[1;32mMove to service on [[0m[1;32m/gui/move_to[0m[1;32m][0m[1;32m[0m
[gz-9] [1;32m[GUI] [0m[1;32m[Msg] [0m[1;32mFollow service on [[0m[1;32m/gui/follow[0m[1;32m] (deprecated)[0m[1;32m[0m
[gz-9] [1;32m[GUI] [0m[1;32m[Msg] [0m[1;32mTracking topic on [[0m[1;32m/gui/track[0m[1;32m][0m[1;32m[0m
[gz-9] [1;32m[GUI] [0m[1;32m[Msg] [0m[1;32mTracking status topic on [[0m[1;32m/gui/currently_tracked[0m[1;32m][0m[1;32m[0m
[gz-9] [1;32m[GUI] [0m[1;32m[Msg] [0m[1;32mMove to pose service on [[0m[1;32m/gui/move_to/pose[0m[1;32m][0m[1;32m[0m
[gz-9] [1;32m[GUI] [0m[1;32m[Msg] [0m[1;32mCamera pose topic advertised on [[0m[1;32m/gui/camera/pose[0m[1;32m][0m[1;32m[0m
[gz-9] [1;32m[GUI] [0m[1;32m[Msg] [0m[1;32mFollow offset service on [[0m[1;32m/gui/follow/offset[0m[1;32m] (deprecated)[0m[1;32m[0m
[gz-9] [1;36m[GUI] [Dbg] [InteractiveViewControl.cc:176] [0m[1;36mInteractiveViewControl plugin is moving camera [[0m[1;36mscene::Camera(65527)[0m[1;36m][0m[1;36m[0m
[gz-9] [1;36m[GUI] [Dbg] [EntityContextMenuPlugin.cc:79] [0m[1;36mEntity context menu plugin is using camera [[0m[1;36mscene::Camera(65527)[0m[1;36m][0m[1;36m[0m
[gz-9] [1;33mWarning [Utils.cc:132][0m [/sdf/model[@name="turtlebot4"]/link[@name="rplidar_link"]/sensor[@name="rplidar"]/gz_frame_id:<data-string>:L1399]: XML Element[gz_frame_id], child of element[sensor], not defined in SDF. Copying[gz_frame_id] as children of [sensor].
[WARN] [1790156344.741116328] [rcl]: ROS_LOCALHOST_ONLY is deprecated but still honored if it is enabled. Use ROS_AUTOMATIC_DISCOVERY_RANGE and ROS_STATIC_PEERS instead.
[WARN] [1790156344.741129827] [rcl]: 'localhost_only' is enabled, 'automatic_discovery_range' and 'static_peers' will be ignored.
[INFO] [async_slam_toolbox_node-10]: process started with pid [5795]
[async_slam_toolbox_node-10] [WARN] [1790156344.933821401] [rcl]: ROS_LOCALHOST_ONLY is deprecated but still honored if it is enabled. Use ROS_AUTOMATIC_DISCOVERY_RANGE and ROS_STATIC_PEERS instead.
[async_slam_toolbox_node-10] [WARN] [1790156344.933838787] [rcl]: 'localhost_only' is enabled, 'automatic_discovery_range' and 'static_peers' will be ignored.
[async_slam_toolbox_node-10] [INFO] [1790156344.952253937] [slam_toolbox]: Node using stack size 40000000
[async_slam_toolbox_node-10] [INFO] [1790156345.137157699] [slam_toolbox]: Configuring
[async_slam_toolbox_node-10] [INFO] [1790156345.139470313] [slam_toolbox]: Old-map sequential matcher: enabled=false, min_conf=0.25, decay=70.0, keep_first=true, keyframe_dist=1.00, history_radius=1.50, history_max=6
[async_slam_toolbox_node-10] [INFO] [1790156345.151382375] [slam_toolbox]: Using solver plugin solver_plugins::CeresSolver
[async_slam_toolbox_node-10] [INFO] [1790156345.151854644] [slam_toolbox]: CeresSolver adaptive anchor V1: enabled=true, weight=5.00->1.00, decay=70.0, local_gap<=5, loop_gap>=30, evidence=3, mahal_sq>=9.00, release=1.00->1.00
[async_slam_toolbox_node-10] [INFO] [1790156345.152089978] [slam_toolbox]: CeresSolver: Using SCHUR_JACOBI preconditioner.
[INFO] [launch.user]: [LifecycleLaunch] Slamtoolbox node is activating.
[async_slam_toolbox_node-10] [INFO] [1790156345.169057230] [slam_toolbox]: Activating
[async_slam_toolbox_node-10] Registering sensor: [Custom Described Lidar]
[rviz2-7] [INFO] [1790156348.225422748] [rviz2]: Trying to create a map of size 222 x 77 using 1 swatches
[rviz2-7] [ERROR] [1790156348.238586547] [rviz2]: rviz/glsl120/indexed_8bit_image.vert
[rviz2-7] rviz/glsl120/indexed_8bit_image.frag
[rviz2-7]  GLSL link result : 
[rviz2-7] active samplers with a different type refer to the same texture image unit
[INFO] [controller_server-11]: process started with pid [5909]
[INFO] [smoother_server-12]: process started with pid [5910]
[INFO] [planner_server-13]: process started with pid [5911]
[INFO] [route_server-14]: process started with pid [5912]
[INFO] [behavior_server-15]: process started with pid [5913]
[INFO] [bt_navigator-16]: process started with pid [5914]
[INFO] [waypoint_follower-17]: process started with pid [5915]
[INFO] [velocity_smoother-18]: process started with pid [5916]
[INFO] [collision_monitor-19]: process started with pid [5917]
[INFO] [opennav_docking-20]: process started with pid [5918]
[INFO] [lifecycle_manager-21]: process started with pid [5919]
[velocity_smoother-18] [WARN] [1790156354.811246727] [rcl]: ROS_LOCALHOST_ONLY is deprecated but still honored if it is enabled. Use ROS_AUTOMATIC_DISCOVERY_RANGE and ROS_STATIC_PEERS instead.
[velocity_smoother-18] [WARN] [1790156354.811268495] [rcl]: 'localhost_only' is enabled, 'automatic_discovery_range' and 'static_peers' will be ignored.
[waypoint_follower-17] [WARN] [1790156354.813722123] [rcl]: ROS_LOCALHOST_ONLY is deprecated but still honored if it is enabled. Use ROS_AUTOMATIC_DISCOVERY_RANGE and ROS_STATIC_PEERS instead.
[waypoint_follower-17] [WARN] [1790156354.813736365] [rcl]: 'localhost_only' is enabled, 'automatic_discovery_range' and 'static_peers' will be ignored.
[controller_server-11] [WARN] [1790156354.817987703] [rcl]: ROS_LOCALHOST_ONLY is deprecated but still honored if it is enabled. Use ROS_AUTOMATIC_DISCOVERY_RANGE and ROS_STATIC_PEERS instead.
[controller_server-11] [WARN] [1790156354.818017587] [rcl]: 'localhost_only' is enabled, 'automatic_discovery_range' and 'static_peers' will be ignored.
[planner_server-13] [WARN] [1790156354.818013932] [rcl]: ROS_LOCALHOST_ONLY is deprecated but still honored if it is enabled. Use ROS_AUTOMATIC_DISCOVERY_RANGE and ROS_STATIC_PEERS instead.
[planner_server-13] [WARN] [1790156354.818028826] [rcl]: 'localhost_only' is enabled, 'automatic_discovery_range' and 'static_peers' will be ignored.
[smoother_server-12] [WARN] [1790156354.821363576] [rcl]: ROS_LOCALHOST_ONLY is deprecated but still honored if it is enabled. Use ROS_AUTOMATIC_DISCOVERY_RANGE and ROS_STATIC_PEERS instead.
[smoother_server-12] [WARN] [1790156354.821391277] [rcl]: 'localhost_only' is enabled, 'automatic_discovery_range' and 'static_peers' will be ignored.
[bt_navigator-16] [WARN] [1790156354.821742001] [rcl]: ROS_LOCALHOST_ONLY is deprecated but still honored if it is enabled. Use ROS_AUTOMATIC_DISCOVERY_RANGE and ROS_STATIC_PEERS instead.
[bt_navigator-16] [WARN] [1790156354.821763764] [rcl]: 'localhost_only' is enabled, 'automatic_discovery_range' and 'static_peers' will be ignored.
[behavior_server-15] [WARN] [1790156354.823773217] [rcl]: ROS_LOCALHOST_ONLY is deprecated but still honored if it is enabled. Use ROS_AUTOMATIC_DISCOVERY_RANGE and ROS_STATIC_PEERS instead.
[behavior_server-15] [WARN] [1790156354.823790478] [rcl]: 'localhost_only' is enabled, 'automatic_discovery_range' and 'static_peers' will be ignored.
[route_server-14] [WARN] [1790156354.823844262] [rcl]: ROS_LOCALHOST_ONLY is deprecated but still honored if it is enabled. Use ROS_AUTOMATIC_DISCOVERY_RANGE and ROS_STATIC_PEERS instead.
[route_server-14] [WARN] [1790156354.823858548] [rcl]: 'localhost_only' is enabled, 'automatic_discovery_range' and 'static_peers' will be ignored.
[opennav_docking-20] [WARN] [1790156354.829708731] [rcl]: ROS_LOCALHOST_ONLY is deprecated but still honored if it is enabled. Use ROS_AUTOMATIC_DISCOVERY_RANGE and ROS_STATIC_PEERS instead.
[opennav_docking-20] [WARN] [1790156354.829733653] [rcl]: 'localhost_only' is enabled, 'automatic_discovery_range' and 'static_peers' will be ignored.
[lifecycle_manager-21] [WARN] [1790156354.829834910] [rcl]: ROS_LOCALHOST_ONLY is deprecated but still honored if it is enabled. Use ROS_AUTOMATIC_DISCOVERY_RANGE and ROS_STATIC_PEERS instead.
[lifecycle_manager-21] [WARN] [1790156354.829846880] [rcl]: 'localhost_only' is enabled, 'automatic_discovery_range' and 'static_peers' will be ignored.
[collision_monitor-19] [WARN] [1790156354.835720166] [rcl]: ROS_LOCALHOST_ONLY is deprecated but still honored if it is enabled. Use ROS_AUTOMATIC_DISCOVERY_RANGE and ROS_STATIC_PEERS instead.
[collision_monitor-19] [WARN] [1790156354.835745766] [rcl]: 'localhost_only' is enabled, 'automatic_discovery_range' and 'static_peers' will be ignored.
[velocity_smoother-18] [INFO] [1790156354.874024793] [velocity_smoother]: 
[velocity_smoother-18] 	velocity_smoother lifecycle node launched. 
[velocity_smoother-18] 	Waiting on external lifecycle transitions to activate
[velocity_smoother-18] 	See https://design.ros2.org/articles/node_lifecycle.html for more information.
[waypoint_follower-17] [INFO] [1790156354.877645866] [waypoint_follower]: 
[waypoint_follower-17] 	waypoint_follower lifecycle node launched. 
[waypoint_follower-17] 	Waiting on external lifecycle transitions to activate
[waypoint_follower-17] 	See https://design.ros2.org/articles/node_lifecycle.html for more information.
[waypoint_follower-17] [INFO] [1790156354.880599794] [waypoint_follower]: Creating
[route_server-14] [INFO] [1790156354.880687853] [route_server]: 
[route_server-14] 	route_server lifecycle node launched. 
[route_server-14] 	Waiting on external lifecycle transitions to activate
[route_server-14] 	See https://design.ros2.org/articles/node_lifecycle.html for more information.
[smoother_server-12] [INFO] [1790156354.884507311] [smoother_server]: 
[smoother_server-12] 	smoother_server lifecycle node launched. 
[smoother_server-12] 	Waiting on external lifecycle transitions to activate
[smoother_server-12] 	See https://design.ros2.org/articles/node_lifecycle.html for more information.
[planner_server-13] [INFO] [1790156354.888969222] [planner_server]: 
[planner_server-13] 	planner_server lifecycle node launched. 
[planner_server-13] 	Waiting on external lifecycle transitions to activate
[planner_server-13] 	See https://design.ros2.org/articles/node_lifecycle.html for more information.
[controller_server-11] [INFO] [1790156354.891774404] [controller_server]: 
[controller_server-11] 	controller_server lifecycle node launched. 
[controller_server-11] 	Waiting on external lifecycle transitions to activate
[controller_server-11] 	See https://design.ros2.org/articles/node_lifecycle.html for more information.
[opennav_docking-20] [INFO] [1790156354.892243118] [docking_server]: 
[opennav_docking-20] 	docking_server lifecycle node launched. 
[opennav_docking-20] 	Waiting on external lifecycle transitions to activate
[opennav_docking-20] 	See https://design.ros2.org/articles/node_lifecycle.html for more information.
[opennav_docking-20] [INFO] [1790156354.892444177] [docking_server]: Creating docking_server
[smoother_server-12] [INFO] [1790156354.893245096] [smoother_server]: Creating smoother server
[planner_server-13] [INFO] [1790156354.893286900] [planner_server]: Creating
[collision_monitor-19] [INFO] [1790156354.894232027] [collision_monitor]: 
[collision_monitor-19] 	collision_monitor lifecycle node launched. 
[collision_monitor-19] 	Waiting on external lifecycle transitions to activate
[collision_monitor-19] 	See https://design.ros2.org/articles/node_lifecycle.html for more information.
[controller_server-11] [INFO] [1790156354.896500862] [controller_server]: Creating controller server
[bt_navigator-16] [INFO] [1790156354.901432042] [bt_navigator]: 
[bt_navigator-16] 	bt_navigator lifecycle node launched. 
[bt_navigator-16] 	Waiting on external lifecycle transitions to activate
[bt_navigator-16] 	See https://design.ros2.org/articles/node_lifecycle.html for more information.
[lifecycle_manager-21] [INFO] [1790156354.902459311] [lifecycle_manager_navigation]: Creating
[behavior_server-15] [INFO] [1790156354.903265574] [behavior_server]: 
[behavior_server-15] 	behavior_server lifecycle node launched. 
[behavior_server-15] 	Waiting on external lifecycle transitions to activate
[behavior_server-15] 	See https://design.ros2.org/articles/node_lifecycle.html for more information.
[bt_navigator-16] [INFO] [1790156354.904601641] [bt_navigator]: Creating
[controller_server-11] [INFO] [1790156354.911357723] [local_costmap.local_costmap]: 
[controller_server-11] 	local_costmap lifecycle node launched. 
[controller_server-11] 	Waiting on external lifecycle transitions to activate
[controller_server-11] 	See https://design.ros2.org/articles/node_lifecycle.html for more information.
[lifecycle_manager-21] [INFO] [1790156354.911765329] [lifecycle_manager_navigation]: [34m[1mCreating and initializing lifecycle service clients[0m[0m
[controller_server-11] [INFO] [1790156354.913479431] [local_costmap.local_costmap]: Creating Costmap
[planner_server-13] [INFO] [1790156354.914411680] [global_costmap.global_costmap]: 
[planner_server-13] 	global_costmap lifecycle node launched. 
[planner_server-13] 	Waiting on external lifecycle transitions to activate
[planner_server-13] 	See https://design.ros2.org/articles/node_lifecycle.html for more information.
[planner_server-13] [INFO] [1790156354.914695479] [global_costmap.global_costmap]: Creating Costmap
[lifecycle_manager-21] [INFO] [1790156356.299068604] [lifecycle_manager_navigation]: [34m[1mStarting managed nodes bringup...[0m[0m
[lifecycle_manager-21] [INFO] [1790156356.299115199] [lifecycle_manager_navigation]: [34m[1mConfiguring controller_server[0m[0m
[controller_server-11] [INFO] [1790156356.299423544] [controller_server]: Configuring controller interface
[controller_server-11] [INFO] [1790156356.299442147] [controller_server]: getting progress checker plugins..
[controller_server-11] [INFO] [1790156356.299553341] [controller_server]: getting goal checker plugins..
[controller_server-11] [INFO] [1790156356.299642625] [controller_server]: Controller frequency set to 15.0000Hz
[controller_server-11] [INFO] [1790156356.299699965] [local_costmap.local_costmap]: Configuring
[controller_server-11] [INFO] [1790156356.310125375] [local_costmap.local_costmap]: Using plugin "static_layer"
[controller_server-11] [INFO] [1790156356.315783197] [local_costmap.local_costmap]: Subscribing to the map topic (/map) with transient local durability
[controller_server-11] [INFO] [1790156356.317357034] [local_costmap.local_costmap]: Initialized plugin "static_layer"
[controller_server-11] [INFO] [1790156356.317386072] [local_costmap.local_costmap]: Using plugin "voxel_layer"
[controller_server-11] [INFO] [1790156356.317999548] [local_costmap.local_costmap]: Subscribed to Topics: scan
[controller_server-11] [INFO] [1790156356.327944401] [local_costmap.local_costmap]: Initialized plugin "voxel_layer"
[controller_server-11] [INFO] [1790156356.327971001] [local_costmap.local_costmap]: Using plugin "inflation_layer"
[controller_server-11] [INFO] [1790156356.328212244] [local_costmap.local_costmap]: Initialized plugin "inflation_layer"
[controller_server-11] [INFO] [1790156356.349450496] [local_costmap.local_costmap]: StaticLayer: Resizing static layer to 222 X 77 at 0.100000 m/pix
[controller_server-11] [INFO] [1790156356.350146398] [controller_server]: Created progress_checker : progress_checker of type nav2_controller::SimpleProgressChecker
[controller_server-11] [INFO] [1790156356.350784165] [controller_server]: Controller Server has progress_checker  progress checkers available.
[controller_server-11] [INFO] [1790156356.352028493] [controller_server]: Created goal checker : general_goal_checker of type nav2_controller::SimpleGoalChecker
[controller_server-11] [INFO] [1790156356.352542148] [controller_server]: Controller Server has general_goal_checker  goal checkers available.
[controller_server-11] [INFO] [1790156356.355687488] [controller_server]: Created controller : FollowPath of type nav2_mppi_controller::MPPIController
[controller_server-11] [INFO] [1790156356.357340121] [controller_server]: Controller period is equal to model dt. Control sequence shifting is ON
[controller_server-11] [INFO] [1790156356.359891504] [controller_server]: ConstraintCritic instantiated with 1 power and 4.000000 weight.
[controller_server-11] [INFO] [1790156356.359927031] [controller_server]: Critic loaded : mppi::critics::ConstraintCritic
[controller_server-11] [INFO] [1790156356.360411655] [controller_server]: InflationCostCritic instantiated with 1 power and 300.000000 / 0.015000 weights. Critic will collision check based on footprint cost.
[controller_server-11] [INFO] [1790156356.360431373] [controller_server]: Critic loaded : mppi::critics::CostCritic
[controller_server-11] [INFO] [1790156356.360604124] [controller_server]: GoalCritic instantiated with 1 power and 5.000000 weight.
[controller_server-11] [INFO] [1790156356.360612921] [controller_server]: Critic loaded : mppi::critics::GoalCritic
[controller_server-11] [INFO] [1790156356.360754976] [controller_server]: GoalAngleCritic instantiated with 1 power, 3.000000 weight, 0.500000 angular threshold and symmetric_yaw_tolerance disabled
[controller_server-11] [INFO] [1790156356.360762127] [controller_server]: Critic loaded : mppi::critics::GoalAngleCritic
[controller_server-11] [INFO] [1790156356.360944427] [controller_server]: ReferenceTrajectoryCritic instantiated with 1 power and 20.000000 weight
[controller_server-11] [INFO] [1790156356.360949897] [controller_server]: Critic loaded : mppi::critics::PathAlignCritic
[controller_server-11] [INFO] [1790156356.361072355] [controller_server]: Critic loaded : mppi::critics::PathFollowCritic
[controller_server-11] [INFO] [1790156356.361242211] [controller_server]: PathAngleCritic instantiated with 1 power and 4.000000 weight. Mode set to: Forward Preference
[controller_server-11] [INFO] [1790156356.361269918] [controller_server]: Critic loaded : mppi::critics::PathAngleCritic
[controller_server-11] [INFO] [1790156356.361388538] [controller_server]: PreferForwardCritic instantiated with 1 power and 5.000000 weight.
[controller_server-11] [INFO] [1790156356.361393598] [controller_server]: Critic loaded : mppi::critics::PreferForwardCritic
[controller_server-11] [INFO] [1790156356.362243643] [controller_server]: Optimizer reset
[controller_server-11] [INFO] [1790156356.365993197] [MPPIController]: Configured MPPI Controller: FollowPath
[controller_server-11] [INFO] [1790156356.366025808] [controller_server]: Controller Server has FollowPath  controllers available.
[lifecycle_manager-21] [INFO] [1790156356.379523530] [lifecycle_manager_navigation]: [34m[1mConfiguring smoother_server[0m[0m
[smoother_server-12] [INFO] [1790156356.379787144] [smoother_server]: Configuring smoother server
[smoother_server-12] [INFO] [1790156356.394099899] [smoother_server]: Created smoother : simple_smoother of type nav2_smoother::SimpleSmoother
[smoother_server-12] [INFO] [1790156356.394543658] [smoother_server]: Smoother Server has simple_smoother  smoothers available.
[lifecycle_manager-21] [INFO] [1790156356.400437309] [lifecycle_manager_navigation]: [34m[1mConfiguring planner_server[0m[0m
[planner_server-13] [INFO] [1790156356.400684426] [planner_server]: Configuring
[planner_server-13] [INFO] [1790156356.400719463] [global_costmap.global_costmap]: Configuring
[planner_server-13] [INFO] [1790156356.409386747] [global_costmap.global_costmap]: Using plugin "static_layer"
[planner_server-13] [INFO] [1790156356.412382435] [global_costmap.global_costmap]: Subscribing to the map topic (/map) with transient local durability
[planner_server-13] [INFO] [1790156356.414019321] [global_costmap.global_costmap]: Initialized plugin "static_layer"
[planner_server-13] [INFO] [1790156356.414051529] [global_costmap.global_costmap]: Using plugin "obstacle_layer"
[planner_server-13] [INFO] [1790156356.414751581] [global_costmap.global_costmap]: Subscribed to Topics: scan
[planner_server-13] [INFO] [1790156356.418666405] [global_costmap.global_costmap]: Initialized plugin "obstacle_layer"
[planner_server-13] [INFO] [1790156356.418724738] [global_costmap.global_costmap]: Using plugin "inflation_layer"
[planner_server-13] [INFO] [1790156356.419267736] [global_costmap.global_costmap]: Initialized plugin "inflation_layer"
[planner_server-13] [INFO] [1790156356.438525219] [global_costmap.global_costmap]: StaticLayer: Resizing costmap to 222 X 77 at 0.100000 m/pix
[planner_server-13] [INFO] [1790156356.439792315] [planner_server]: Created global planner plugin GridBased of type nav2_navfn_planner::NavfnPlanner
[planner_server-13] [INFO] [1790156356.439830600] [planner_server]: Configuring plugin GridBased of type NavfnPlanner
[planner_server-13] [INFO] [1790156356.440573358] [planner_server]: Planner Server has GridBased  planners available.
[lifecycle_manager-21] [INFO] [1790156356.456732197] [lifecycle_manager_navigation]: [34m[1mConfiguring route_server[0m[0m
[route_server-14] [INFO] [1790156356.457335095] [route_server]: Configuring
[route_server-14] [INFO] [1790156356.488071112] [route_server]: Created GraphFileLoader GeoJsonGraphFileLoader of type nav2_route::GeoJsonGraphFileLoader
[route_server-14] [INFO] [1790156356.488127499] [route_server]: Configuring geojson graph file loader
[route_server-14] [INFO] [1790156356.488140484] [route_server]: No graph file provided to load yet.
[route_server-14] [INFO] [1790156356.490468853] [route_server]: Created edge cost function plugin DistanceScorer of type nav2_route::DistanceScorer
[route_server-14] [INFO] [1790156356.490494932] [route_server]: Configuring distance scorer.
[route_server-14] [INFO] [1790156356.490682336] [route_server]: Created edge cost function plugin DynamicEdgesScorer of type nav2_route::DynamicEdgesScorer
[route_server-14] [INFO] [1790156356.490694796] [route_server]: Configuring adjust edges scorer.
[route_server-14] [INFO] [1790156356.494186354] [route_server]: Created route operation AdjustSpeedLimit of type nav2_route::AdjustSpeedLimit
[route_server-14] [INFO] [1790156356.494214485] [route_server]: Configuring Adjust speed limit operation.
[route_server-14] [INFO] [1790156356.495209153] [route_server]: Created route operation ReroutingService of type nav2_route::ReroutingService
[route_server-14] [INFO] [1790156356.495236739] [route_server]: Configuring Rerouting service operation.
[lifecycle_manager-21] [INFO] [1790156356.497924668] [lifecycle_manager_navigation]: [34m[1mConfiguring behavior_server[0m[0m
[behavior_server-15] [INFO] [1790156356.498186294] [behavior_server]: Configuring
[behavior_server-15] [INFO] [1790156356.501972089] [behavior_server]: Creating behavior plugin spin of type nav2_behaviors::Spin
[behavior_server-15] [INFO] [1790156356.503604644] [behavior_server]: Creating behavior plugin backup of type nav2_behaviors::BackUp
[behavior_server-15] [INFO] [1790156356.504839219] [behavior_server]: Creating behavior plugin drive_on_heading of type nav2_behaviors::DriveOnHeading
[behavior_server-15] [INFO] [1790156356.506298160] [behavior_server]: Creating behavior plugin assisted_teleop of type nav2_behaviors::AssistedTeleop
[behavior_server-15] [INFO] [1790156356.511666000] [behavior_server]: Creating behavior plugin wait of type nav2_behaviors::Wait
[behavior_server-15] [INFO] [1790156356.521156696] [behavior_server]: Configuring spin
[behavior_server-15] [INFO] [1790156356.529031932] [behavior_server]: Configuring backup
[behavior_server-15] [INFO] [1790156356.533170519] [behavior_server]: Configuring drive_on_heading
[behavior_server-15] [INFO] [1790156356.536810139] [behavior_server]: Configuring assisted_teleop
[behavior_server-15] [INFO] [1790156356.542374649] [behavior_server]: Configuring wait
[lifecycle_manager-21] [INFO] [1790156356.550421857] [lifecycle_manager_navigation]: [34m[1mConfiguring velocity_smoother[0m[0m
[velocity_smoother-18] [INFO] [1790156356.550737261] [velocity_smoother]: Configuring velocity smoother
[lifecycle_manager-21] [INFO] [1790156356.555852619] [lifecycle_manager_navigation]: [34m[1mConfiguring collision_monitor[0m[0m
[collision_monitor-19] [INFO] [1790156356.556364948] [collision_monitor]: Configuring
[collision_monitor-19] [INFO] [1790156356.563553920] [collision_monitor]: [scan]: Creating Scan
[collision_monitor-19] [INFO] [1790156356.566168987] [collision_monitor]: [FootprintApproach]: Creating Polygon
[collision_monitor-19] [INFO] [1790156356.567043588] [collision_monitor]: [FootprintApproach]: Polygon points are not defined. Using dynamic subscription instead.
[collision_monitor-19] [INFO] [1790156356.568268687] [collision_monitor]: [FootprintApproach]: Making footprint subscriber on local_costmap/published_footprint topic
[lifecycle_manager-21] [INFO] [1790156356.583464508] [lifecycle_manager_navigation]: [34m[1mConfiguring bt_navigator[0m[0m
[bt_navigator-16] [INFO] [1790156356.583847223] [bt_navigator]: Configuring
[bt_navigator-16] [INFO] [1790156356.591184077] [bt_navigator]: Creating navigator id navigate_to_pose of type nav2_bt_navigator::NavigateToPoseNavigator
[bt_navigator-16] [INFO] [1790156356.698600091] [bt_navigator]: Creating navigator id navigate_through_poses of type nav2_bt_navigator::NavigateThroughPosesNavigator
[lifecycle_manager-21] [INFO] [1790156356.722319914] [lifecycle_manager_navigation]: [34m[1mConfiguring waypoint_follower[0m[0m
[waypoint_follower-17] [INFO] [1790156356.722509605] [waypoint_follower]: Configuring
[waypoint_follower-17] [INFO] [1790156356.744658303] [waypoint_follower]: Created waypoint_task_executor : wait_at_waypoint of type nav2_waypoint_follower::WaitAtWaypoint
[lifecycle_manager-21] [INFO] [1790156356.745385305] [lifecycle_manager_navigation]: [34m[1mConfiguring docking_server[0m[0m
[opennav_docking-20] [INFO] [1790156356.745591078] [docking_server]: Configuring docking_server
[opennav_docking-20] [INFO] [1790156356.745628830] [docking_server]: Controller frequency set to 50.0000Hz
[opennav_docking-20] [INFO] [1790156356.771779856] [docking_server]: Created charging dock plugin simple_charging_dock of type opennav_docking::SimpleChargingDock
[opennav_docking-20] [WARN] [1790156356.776768921] [docking_server]: Dock database filepath nor dock parameters set. Docking actions can only be executed specifying the dock pose via the action request. Or update the dock database via the reload_database service.
[opennav_docking-20] [INFO] [1790156356.776826192] [docking_server]: Docking Server has 1 dock types and 0 dock instances available.
[lifecycle_manager-21] [INFO] [1790156356.778566796] [lifecycle_manager_navigation]: [34m[1mActivating controller_server[0m[0m
[controller_server-11] [INFO] [1790156356.779077764] [controller_server]: Activating
[controller_server-11] [INFO] [1790156356.779102275] [local_costmap.local_costmap]: Activating
[controller_server-11] [INFO] [1790156356.779108082] [local_costmap.local_costmap]: Checking transform
[controller_server-11] [INFO] [1790156356.779242894] [local_costmap.local_costmap]: start
[controller_server-11] [WARN] [1790156357.030262762] [controller_server]: Parameter controller_server.verbose not found
[controller_server-11] [INFO] [1790156357.031020572] [controller_server]: Optimizer reset
[controller_server-11] [INFO] [1790156357.031211837] [MPPIController]: Activated MPPI Controller: FollowPath
[controller_server-11] [INFO] [1790156357.031242126] [controller_server]: Creating bond (controller_server) to lifecycle manager.
[lifecycle_manager-21] [INFO] [1790156357.136768212] [lifecycle_manager_navigation]: Server controller_server connected with bond.
[lifecycle_manager-21] [INFO] [1790156357.136801351] [lifecycle_manager_navigation]: [34m[1mActivating smoother_server[0m[0m
[smoother_server-12] [INFO] [1790156357.137070460] [smoother_server]: Activating
[smoother_server-12] [INFO] [1790156357.137112261] [smoother_server]: Creating bond (smoother_server) to lifecycle manager.
[lifecycle_manager-21] [INFO] [1790156357.242418865] [lifecycle_manager_navigation]: Server smoother_server connected with bond.
[lifecycle_manager-21] [INFO] [1790156357.242458592] [lifecycle_manager_navigation]: [34m[1mActivating planner_server[0m[0m
[planner_server-13] [INFO] [1790156357.243381714] [planner_server]: Activating
[planner_server-13] [INFO] [1790156357.243415486] [global_costmap.global_costmap]: Activating
[planner_server-13] [INFO] [1790156357.243422891] [global_costmap.global_costmap]: Checking transform
[planner_server-13] [INFO] [1790156357.243621028] [global_costmap.global_costmap]: start
[planner_server-13] [INFO] [1790156358.244774895] [planner_server]: Activating plugin GridBased of type NavfnPlanner
[planner_server-13] [INFO] [1790156358.246359615] [planner_server]: Creating bond (planner_server) to lifecycle manager.
[lifecycle_manager-21] [INFO] [1790156358.349838944] [lifecycle_manager_navigation]: Server planner_server connected with bond.
[lifecycle_manager-21] [INFO] [1790156358.349920316] [lifecycle_manager_navigation]: [34m[1mActivating route_server[0m[0m
[route_server-14] [INFO] [1790156358.350425243] [route_server]: Activating
[route_server-14] [INFO] [1790156358.350595948] [route_server]: Creating bond (route_server) to lifecycle manager.
[lifecycle_manager-21] [INFO] [1790156358.456502529] [lifecycle_manager_navigation]: Server route_server connected with bond.
[lifecycle_manager-21] [INFO] [1790156358.456554074] [lifecycle_manager_navigation]: [34m[1mActivating behavior_server[0m[0m
[behavior_server-15] [INFO] [1790156358.457585698] [behavior_server]: Activating
[behavior_server-15] [INFO] [1790156358.457612801] [behavior_server]: Activating spin
[behavior_server-15] [INFO] [1790156358.457622244] [behavior_server]: Activating backup
[behavior_server-15] [INFO] [1790156358.457628936] [behavior_server]: Activating drive_on_heading
[behavior_server-15] [INFO] [1790156358.457634414] [behavior_server]: Activating assisted_teleop
[behavior_server-15] [INFO] [1790156358.457641942] [behavior_server]: Activating wait
[behavior_server-15] [INFO] [1790156358.457653827] [behavior_server]: Creating bond (behavior_server) to lifecycle manager.
[lifecycle_manager-21] [INFO] [1790156358.564554043] [lifecycle_manager_navigation]: Server behavior_server connected with bond.
[lifecycle_manager-21] [INFO] [1790156358.564591884] [lifecycle_manager_navigation]: [34m[1mActivating velocity_smoother[0m[0m
[velocity_smoother-18] [INFO] [1790156358.564860360] [velocity_smoother]: Activating
[velocity_smoother-18] [INFO] [1790156358.564904898] [velocity_smoother]: Creating bond (velocity_smoother) to lifecycle manager.
[lifecycle_manager-21] [INFO] [1790156358.670801748] [lifecycle_manager_navigation]: Server velocity_smoother connected with bond.
[lifecycle_manager-21] [INFO] [1790156358.670843936] [lifecycle_manager_navigation]: [34m[1mActivating collision_monitor[0m[0m
[collision_monitor-19] [INFO] [1790156358.671171289] [collision_monitor]: Activating
[collision_monitor-19] [INFO] [1790156358.671214785] [collision_monitor]: Creating bond (collision_monitor) to lifecycle manager.
[lifecycle_manager-21] [INFO] [1790156358.777701717] [lifecycle_manager_navigation]: Server collision_monitor connected with bond.
[lifecycle_manager-21] [INFO] [1790156358.777758113] [lifecycle_manager_navigation]: [34m[1mActivating bt_navigator[0m[0m
[bt_navigator-16] [INFO] [1790156358.778113701] [bt_navigator]: Activating
[bt_navigator-16] [INFO] [1790156358.857610382] [bt_navigator]: Creating bond (bt_navigator) to lifecycle manager.
[lifecycle_manager-21] [INFO] [1790156358.962616151] [lifecycle_manager_navigation]: Server bt_navigator connected with bond.
[lifecycle_manager-21] [INFO] [1790156358.962655655] [lifecycle_manager_navigation]: [34m[1mActivating waypoint_follower[0m[0m
[waypoint_follower-17] [INFO] [1790156358.962971094] [waypoint_follower]: Activating
[waypoint_follower-17] [INFO] [1790156358.962997696] [waypoint_follower]: Creating bond (waypoint_follower) to lifecycle manager.
[lifecycle_manager-21] [INFO] [1790156359.068422963] [lifecycle_manager_navigation]: Server waypoint_follower connected with bond.
[lifecycle_manager-21] [INFO] [1790156359.068467666] [lifecycle_manager_navigation]: [34m[1mActivating docking_server[0m[0m
[opennav_docking-20] [INFO] [1790156359.068936200] [docking_server]: Activating docking_server
[opennav_docking-20] [INFO] [1790156359.079225281] [docking_server]: Creating bond (docking_server) to lifecycle manager.
[lifecycle_manager-21] [INFO] [1790156359.186085732] [lifecycle_manager_navigation]: Server docking_server connected with bond.
[lifecycle_manager-21] [INFO] [1790156359.186121203] [lifecycle_manager_navigation]: [34m[1mManaged nodes are active[0m[0m
[lifecycle_manager-21] [INFO] [1790156359.186127697] [lifecycle_manager_navigation]: [34m[1mCreating bond timer...[0m[0m
Nav2 active; kiem tra /clock lien tuc trong 5 giay...
[WARN] [1790156369.484566451] [rcl]: ROS_LOCALHOST_ONLY is deprecated but still honored if it is enabled. Use ROS_AUTOMATIC_DISCOVERY_RANGE and ROS_STATIC_PEERS instead.
[WARN] [1790156369.484587955] [rcl]: 'localhost_only' is enabled, 'automatic_discovery_range' and 'static_peers' will be ignored.
SLAM/Nav2 san sang; /clock on dinh, khong co buoc nhay lui trong 5 giay.

Starting MapEx on New Room...
Command: /usr/bin/python3 /home/com1/turtlebot4_project_r003_h031/mapex_lab/scripts/mapex_run.py --run-id mpx_p500_001 --environment new_room --runtime-profile slam --paper500 --save-predictions
Run hoan tat se tu dong dung exploration, SLAM, Nav2 va Gazebo.
Nhan Ctrl+C mot lan neu muon dung som.

[WARN] [1790156375.496729756] [rcl]: ROS_LOCALHOST_ONLY is deprecated but still honored if it is enabled. Use ROS_AUTOMATIC_DISCOVERY_RANGE and ROS_STATIC_PEERS instead.
[WARN] [1790156375.496786342] [rcl]: 'localhost_only' is enabled, 'automatic_discovery_range' and 'static_peers' will be ignored.
[INFO] [1790156375.633107576] [mapex_explorer]: Loading official MapEx LaMa ensemble...
[INFO] [1790156382.960102121] [mapex_explorer]: MapEx Explorer started (config=/home/com1/turtlebot4_project_r003_h031/mapex_lab/config/mapex.yaml, commit=53636bd1c79153acc3c74a532837d78c926bae5e, grid=0.10 m, visibility=20.0 m/250 rays, epsilon=0.80, preferred min distance=1.00 m, near fallback=all-frontiers-close, shared execution=nf_basic)
[INFO] [1790156382.962598720] [mapex_explorer]: MapEx G1: /work/com1/mapex_weights/weights/lama_ensemble/train_1/models/best.ckpt
[INFO] [1790156382.963208576] [mapex_explorer]: MapEx G2: /work/com1/mapex_weights/weights/lama_ensemble/train_2/models/best.ckpt
[INFO] [1790156382.963578030] [mapex_explorer]: MapEx G3: /work/com1/mapex_weights/weights/lama_ensemble/train_3/models/best.ckpt
[WARN] [1790156386.490427516] [mapex_explorer]: MAPEX RECORDING: env=new_room, profile=slam, output=/home/com1/turtlebot4_project_r003_h031/mapex_lab/experiments/mapex/mpx_p500_001
[WARN] [1790156389.612510861] [mapex_explorer]: MAPEX READY: Nav2 stable for >= 3.0s; benchmark clock will start at first frontier decision
[INFO] [1790156391.002660574] [mapex_explorer]: MapEx decision 1: selected x=-1.98, y=0.03, IG=66.656128, distance=1.98 m, score=33.581037, region=200, candidates=2, near_fallback=False, compute=1.34 s
[INFO] [1790156391.098320172] [mapex_explorer]: Main goal accepted
[bt_navigator-16] [INFO] [1790156391.147291597] [bt_navigator]: Begin navigating from current location (0.00, -0.00) to (-1.98, 0.03)
[controller_server-11] [INFO] [1790156391.188970640] [controller_server]: Received a goal, begin computing control effort.
[controller_server-11] [WARN] [1790156391.189126544] [controller_server]: No goal checker was specified in parameter 'current_goal_checker'. Server will use only plugin loaded general_goal_checker . This warning will appear once.
[controller_server-11] [WARN] [1790156391.189143476] [controller_server]: No progress checker was specified in parameter 'current_progress_checker'. Server will use only plugin loaded progress_checker . This warning will appear once.
[INFO] [1790156391.252336783] [mapex_explorer]: Main /plan diagnostic: poses=38, endpoint=(-1.98, 0.03), frontier=(-1.98, 0.03), endpoint_to_frontier=0.000 m, limit=0.10 m -> usable
[parameter_bridge-2] [INFO] [1790156391.272478098] [bridge_ros_gz]: Passing message from ROS geometry_msgs/msg/Twist to Gazebo gz.msgs.Twist (showing msg only once per type)
[controller_server-11] [INFO] [1790156392.179355758] [local_costmap.local_costmap]: StaticLayer: Resizing static layer to 223 X 78 at 0.100000 m/pix
[INFO] [1790156392.190578466] [mapex_explorer]: Main /plan diagnostic: poses=34, endpoint=(-1.98, 0.03), frontier=(-1.98, 0.03), endpoint_to_frontier=0.000 m, limit=0.10 m -> usable
[rviz2-7] [INFO] [1790156392.207842210] [rviz2]: Trying to create a map of size 223 x 78 using 1 swatches
[planner_server-13] [INFO] [1790156392.243838926] [global_costmap.global_costmap]: StaticLayer: Resizing costmap to 223 X 78 at 0.100000 m/pix
[controller_server-11] [INFO] [1790156392.255919966] [controller_server]: Passing new path to controller.
[controller_server-11] [INFO] [1790156393.179313379] [local_costmap.local_costmap]: StaticLayer: Resizing static layer to 228 X 86 at 0.100000 m/pix
[rviz2-7] [INFO] [1790156393.199512350] [rviz2]: Trying to create a map of size 228 x 86 using 1 swatches
[INFO] [1790156393.210544748] [mapex_explorer]: Main /plan diagnostic: poses=27, endpoint=(-1.98, 0.03), frontier=(-1.98, 0.03), endpoint_to_frontier=0.000 m, limit=0.10 m -> usable
[planner_server-13] [INFO] [1790156393.243847862] [global_costmap.global_costmap]: StaticLayer: Resizing costmap to 228 X 86 at 0.100000 m/pix
[controller_server-11] [INFO] [1790156393.255923634] [controller_server]: Passing new path to controller.
[controller_server-11] [INFO] [1790156394.179319820] [local_costmap.local_costmap]: StaticLayer: Resizing static layer to 228 X 108 at 0.100000 m/pix
[rviz2-7] [INFO] [1790156394.225073007] [rviz2]: Trying to create a map of size 228 x 108 using 1 swatches
[planner_server-13] [INFO] [1790156394.243845581] [global_costmap.global_costmap]: StaticLayer: Resizing costmap to 228 X 108 at 0.100000 m/pix
[INFO] [1790156394.247551671] [mapex_explorer]: Main /plan diagnostic: poses=21, endpoint=(-1.98, 0.03), frontier=(-1.98, 0.03), endpoint_to_frontier=0.000 m, limit=0.10 m -> usable
[controller_server-11] [INFO] [1790156394.322598199] [controller_server]: Passing new path to controller.
[controller_server-11] [INFO] [1790156395.179322152] [local_costmap.local_costmap]: StaticLayer: Resizing static layer to 232 X 115 at 0.100000 m/pix
[rviz2-7] [INFO] [1790156395.214583505] [rviz2]: Trying to create a map of size 232 x 115 using 1 swatches
[planner_server-13] [INFO] [1790156395.243879077] [global_costmap.global_costmap]: StaticLayer: Resizing costmap to 232 X 115 at 0.100000 m/pix
[INFO] [1790156395.271362641] [mapex_explorer]: Main /plan diagnostic: poses=15, endpoint=(-1.98, 0.03), frontier=(-1.98, 0.03), endpoint_to_frontier=0.000 m, limit=0.10 m -> usable
[controller_server-11] [INFO] [1790156395.322595670] [controller_server]: Passing new path to controller.
[controller_server-11] [INFO] [1790156396.180856549] [local_costmap.local_costmap]: StaticLayer: Resizing static layer to 239 X 115 at 0.100000 m/pix
[rviz2-7] [INFO] [1790156396.204788112] [rviz2]: Trying to create a map of size 239 x 115 using 1 swatches
[planner_server-13] [INFO] [1790156396.243854160] [global_costmap.global_costmap]: StaticLayer: Resizing costmap to 239 X 115 at 0.100000 m/pix
[INFO] [1790156396.302862832] [mapex_explorer]: Main /plan diagnostic: poses=8, endpoint=(-1.98, 0.03), frontier=(-1.98, 0.03), endpoint_to_frontier=0.000 m, limit=0.10 m -> usable
[controller_server-11] [INFO] [1790156396.322595900] [controller_server]: Passing new path to controller.
[controller_server-11] [INFO] [1790156396.591316393] [controller_server]: Reached the goal!
[controller_server-11] [INFO] [1790156396.592462975] [controller_server]: Optimizer reset
[bt_navigator-16] [INFO] [1790156396.617968811] [bt_navigator]: Goal succeeded
[INFO] [1790156396.621981964] [mapex_explorer]: Goal reached
[INFO] [1790156400.033689081] [mapex_explorer]: MapEx decision 2: selected x=-3.17, y=1.72, IG=33.329746, distance=2.27 m, score=14.656171, region=19, candidates=16, near_fallback=False, compute=2.42 s
[bt_navigator-16] [INFO] [1790156400.035123790] [bt_navigator]: Begin navigating from current location (-1.65, 0.03) to (-3.17, 1.72)
[controller_server-11] [INFO] [1790156400.056121183] [controller_server]: Received a goal, begin computing control effort.
[INFO] [1790156400.124892609] [mapex_explorer]: Main goal accepted
[INFO] [1790156400.179734341] [mapex_explorer]: Main /plan diagnostic: poses=55, endpoint=(-3.17, 1.72), frontier=(-3.17, 1.72), endpoint_to_frontier=0.000 m, limit=0.10 m -> usable
[controller_server-11] [INFO] [1790156401.122984200] [controller_server]: Passing new path to controller.
[INFO] [1790156401.172921176] [mapex_explorer]: Main /plan diagnostic: poses=55, endpoint=(-3.17, 1.72), frontier=(-3.17, 1.72), endpoint_to_frontier=0.000 m, limit=0.10 m -> usable
[INFO] [1790156402.096635285] [mapex_explorer]: Main /plan diagnostic: poses=55, endpoint=(-3.17, 1.72), frontier=(-3.17, 1.72), endpoint_to_frontier=0.000 m, limit=0.10 m -> usable
[controller_server-11] [INFO] [1790156402.122951537] [controller_server]: Passing new path to controller.
[INFO] [1790156403.119805257] [mapex_explorer]: Main /plan diagnostic: poses=51, endpoint=(-3.17, 1.72), frontier=(-3.17, 1.72), endpoint_to_frontier=0.000 m, limit=0.10 m -> usable
[controller_server-11] [INFO] [1790156403.189631262] [controller_server]: Passing new path to controller.
[INFO] [1790156404.142746546] [mapex_explorer]: Main /plan diagnostic: poses=39, endpoint=(-3.17, 1.72), frontier=(-3.17, 1.72), endpoint_to_frontier=0.000 m, limit=0.10 m -> usable
[controller_server-11] [INFO] [1790156404.179323495] [local_costmap.local_costmap]: StaticLayer: Resizing static layer to 240 X 136 at 0.100000 m/pix
[controller_server-11] [INFO] [1790156404.189621270] [controller_server]: Passing new path to controller.
[rviz2-7] [INFO] [1790156404.214032998] [rviz2]: Trying to create a map of size 240 x 136 using 1 swatches
[planner_server-13] [INFO] [1790156404.244137158] [global_costmap.global_costmap]: StaticLayer: Resizing costmap to 240 X 136 at 0.100000 m/pix
[INFO] [1790156405.173833599] [mapex_explorer]: Main /plan diagnostic: poses=32, endpoint=(-3.17, 1.72), frontier=(-3.17, 1.72), endpoint_to_frontier=0.000 m, limit=0.10 m -> usable
[controller_server-11] [INFO] [1790156405.179332701] [local_costmap.local_costmap]: StaticLayer: Resizing static layer to 240 X 141 at 0.100000 m/pix
[controller_server-11] [INFO] [1790156405.189645879] [controller_server]: Passing new path to controller.
[rviz2-7] [INFO] [1790156405.201565049] [rviz2]: Trying to create a map of size 240 x 141 using 1 swatches
[planner_server-13] [INFO] [1790156405.243854220] [global_costmap.global_costmap]: StaticLayer: Resizing costmap to 240 X 141 at 0.100000 m/pix
[controller_server-11] [INFO] [1790156406.179314820] [local_costmap.local_costmap]: StaticLayer: Resizing static layer to 240 X 141 at 0.100000 m/pix
[INFO] [1790156406.198593954] [mapex_explorer]: Main /plan diagnostic: poses=20, endpoint=(-3.17, 1.72), frontier=(-3.17, 1.72), endpoint_to_frontier=0.000 m, limit=0.10 m -> usable
[planner_server-13] [INFO] [1790156406.243952676] [global_costmap.global_costmap]: StaticLayer: Resizing costmap to 240 X 141 at 0.100000 m/pix
[controller_server-11] [INFO] [1790156406.256290933] [controller_server]: Passing new path to controller.
[INFO] [1790156407.238457750] [mapex_explorer]: Main /plan diagnostic: poses=16, endpoint=(-3.17, 1.72), frontier=(-3.17, 1.72), endpoint_to_frontier=0.000 m, limit=0.10 m -> usable
[controller_server-11] [INFO] [1790156407.256286447] [controller_server]: Passing new path to controller.
[INFO] [1790156408.262432478] [mapex_explorer]: Main /plan diagnostic: poses=12, endpoint=(-3.17, 1.72), frontier=(-3.17, 1.72), endpoint_to_frontier=0.000 m, limit=0.10 m -> usable
[controller_server-11] [INFO] [1790156408.322950578] [controller_server]: Passing new path to controller.
[controller_server-11] [INFO] [1790156409.059549730] [controller_server]: Reached the goal!
[controller_server-11] [INFO] [1790156409.059807459] [controller_server]: Optimizer reset
[bt_navigator-16] [INFO] [1790156409.085571016] [bt_navigator]: Goal succeeded
[INFO] [1790156409.087817250] [mapex_explorer]: Goal reached
[INFO] [1790156412.202170829] [mapex_explorer]: MapEx decision 3: selected x=-8.58, y=1.87, IG=97.235733, distance=5.69 m, score=17.086205, region=148, candidates=15, near_fallback=False, compute=2.59 s
[bt_navigator-16] [INFO] [1790156412.203082911] [bt_navigator]: Begin navigating from current location (-2.88, 1.87) to (-8.58, 1.87)
[controller_server-11] [INFO] [1790156412.224002773] [controller_server]: Received a goal, begin computing control effort.
[INFO] [1790156412.302765845] [mapex_explorer]: Main goal accepted
[INFO] [1790156412.489084334] [mapex_explorer]: Main /plan diagnostic: poses=179, endpoint=(-8.58, 1.87), frontier=(-8.58, 1.87), endpoint_to_frontier=0.000 m, limit=0.10 m -> usable
[INFO] [1790156413.254640704] [mapex_explorer]: Main /plan diagnostic: poses=172, endpoint=(-8.58, 1.87), frontier=(-8.58, 1.87), endpoint_to_frontier=0.000 m, limit=0.10 m -> usable
[controller_server-11] [INFO] [1790156413.290891626] [controller_server]: Passing new path to controller.
[INFO] [1790156414.267334030] [mapex_explorer]: Main /plan diagnostic: poses=169, endpoint=(-8.58, 1.87), frontier=(-8.58, 1.87), endpoint_to_frontier=0.000 m, limit=0.10 m -> usable
[controller_server-11] [INFO] [1790156414.290917752] [controller_server]: Passing new path to controller.
[INFO] [1790156415.293894392] [mapex_explorer]: Main /plan diagnostic: poses=169, endpoint=(-8.58, 1.87), frontier=(-8.58, 1.87), endpoint_to_frontier=0.000 m, limit=0.10 m -> usable
[controller_server-11] [INFO] [1790156415.357553912] [controller_server]: Passing new path to controller.
[INFO] [1790156416.323686340] [mapex_explorer]: Main /plan diagnostic: poses=170, endpoint=(-8.58, 1.87), frontier=(-8.58, 1.87), endpoint_to_frontier=0.000 m, limit=0.10 m -> usable
[controller_server-11] [INFO] [1790156416.357740495] [controller_server]: Passing new path to controller.
[INFO] [1790156417.355914650] [mapex_explorer]: Main /plan diagnostic: poses=159, endpoint=(-8.58, 1.87), frontier=(-8.58, 1.87), endpoint_to_frontier=0.000 m, limit=0.10 m -> usable
[controller_server-11] [INFO] [1790156417.357570200] [controller_server]: Passing new path to controller.
[INFO] [1790156418.365477741] [mapex_explorer]: Main /plan diagnostic: poses=149, endpoint=(-8.58, 1.87), frontier=(-8.58, 1.87), endpoint_to_frontier=0.000 m, limit=0.10 m -> usable
[controller_server-11] [INFO] [1790156418.424220487] [controller_server]: Passing new path to controller.
[INFO] [1790156419.386501190] [mapex_explorer]: Main /plan diagnostic: poses=138, endpoint=(-8.58, 1.87), frontier=(-8.58, 1.87), endpoint_to_frontier=0.000 m, limit=0.10 m -> usable
[controller_server-11] [INFO] [1790156419.424254251] [controller_server]: Passing new path to controller.
[INFO] [1790156420.429348633] [mapex_explorer]: Main /plan diagnostic: poses=130, endpoint=(-8.58, 1.87), frontier=(-8.58, 1.87), endpoint_to_frontier=0.000 m, limit=0.10 m -> usable
[controller_server-11] [INFO] [1790156420.490923230] [controller_server]: Passing new path to controller.
[controller_server-11] [INFO] [1790156421.179376334] [local_costmap.local_costmap]: StaticLayer: Resizing static layer to 240 X 172 at 0.100000 m/pix
[rviz2-7] [INFO] [1790156421.211996272] [rviz2]: Trying to create a map of size 240 x 172 using 1 swatches
[planner_server-13] [INFO] [1790156421.243820061] [global_costmap.global_costmap]: StaticLayer: Resizing costmap to 240 X 172 at 0.100000 m/pix
[INFO] [1790156421.439634170] [mapex_explorer]: Main /plan diagnostic: poses=120, endpoint=(-8.58, 1.87), frontier=(-8.58, 1.87), endpoint_to_frontier=0.000 m, limit=0.10 m -> usable
[controller_server-11] [INFO] [1790156421.491386774] [controller_server]: Passing new path to controller.
[INFO] [1790156422.476322538] [mapex_explorer]: Main /plan diagnostic: poses=110, endpoint=(-8.58, 1.87), frontier=(-8.58, 1.87), endpoint_to_frontier=0.000 m, limit=0.10 m -> usable
[controller_server-11] [INFO] [1790156422.490890074] [controller_server]: Passing new path to controller.
[controller_server-11] [INFO] [1790156423.180545105] [local_costmap.local_costmap]: StaticLayer: Resizing static layer to 240 X 175 at 0.100000 m/pix
[rviz2-7] [INFO] [1790156423.223105680] [rviz2]: Trying to create a map of size 240 x 175 using 1 swatches
[planner_server-13] [INFO] [1790156423.243835231] [global_costmap.global_costmap]: StaticLayer: Resizing costmap to 240 X 175 at 0.100000 m/pix
[INFO] [1790156423.547899706] [mapex_explorer]: Main /plan diagnostic: poses=102, endpoint=(-8.58, 1.87), frontier=(-8.58, 1.87), endpoint_to_frontier=0.000 m, limit=0.10 m -> usable
[controller_server-11] [INFO] [1790156423.557560058] [controller_server]: Passing new path to controller.
[controller_server-11] [INFO] [1790156424.557574857] [controller_server]: Passing new path to controller.
[INFO] [1790156424.563723845] [mapex_explorer]: Main /plan diagnostic: poses=101, endpoint=(-8.58, 1.87), frontier=(-8.58, 1.87), endpoint_to_frontier=0.000 m, limit=0.10 m -> usable
[INFO] [1790156425.551206598] [mapex_explorer]: Main /plan diagnostic: poses=94, endpoint=(-8.58, 1.87), frontier=(-8.58, 1.87), endpoint_to_frontier=0.000 m, limit=0.10 m -> usable
[controller_server-11] [INFO] [1790156425.557564000] [controller_server]: Passing new path to controller.
[controller_server-11] [INFO] [1790156426.179359699] [local_costmap.local_costmap]: StaticLayer: Resizing static layer to 240 X 177 at 0.100000 m/pix
[rviz2-7] [INFO] [1790156426.229495265] [rviz2]: Trying to create a map of size 240 x 177 using 1 swatches
[planner_server-13] [INFO] [1790156426.243819205] [global_costmap.global_costmap]: StaticLayer: Resizing costmap to 240 X 177 at 0.100000 m/pix
[INFO] [1790156426.560111813] [mapex_explorer]: Main /plan diagnostic: poses=85, endpoint=(-8.58, 1.87), frontier=(-8.58, 1.87), endpoint_to_frontier=0.000 m, limit=0.10 m -> usable
[controller_server-11] [INFO] [1790156426.624222895] [controller_server]: Passing new path to controller.
[INFO] [1790156427.585867536] [mapex_explorer]: Main /plan diagnostic: poses=77, endpoint=(-8.58, 1.87), frontier=(-8.58, 1.87), endpoint_to_frontier=0.000 m, limit=0.10 m -> usable
[controller_server-11] [INFO] [1790156427.625269401] [controller_server]: Passing new path to controller.
[INFO] [1790156428.609941469] [mapex_explorer]: Main /plan diagnostic: poses=68, endpoint=(-8.58, 1.87), frontier=(-8.58, 1.87), endpoint_to_frontier=0.000 m, limit=0.10 m -> usable
[controller_server-11] [INFO] [1790156428.624217619] [controller_server]: Passing new path to controller.
[INFO] [1790156429.640709620] [mapex_explorer]: Main /plan diagnostic: poses=62, endpoint=(-8.58, 1.87), frontier=(-8.58, 1.87), endpoint_to_frontier=0.000 m, limit=0.10 m -> usable
[controller_server-11] [INFO] [1790156429.690885616] [controller_server]: Passing new path to controller.
[INFO] [1790156430.674528267] [mapex_explorer]: Main /plan diagnostic: poses=51, endpoint=(-8.58, 1.87), frontier=(-8.58, 1.87), endpoint_to_frontier=0.000 m, limit=0.10 m -> usable
[controller_server-11] [INFO] [1790156430.690891061] [controller_server]: Passing new path to controller.
[planner_server-13] [INFO] [1790156431.243835272] [global_costmap.global_costmap]: StaticLayer: Resizing costmap to 240 X 177 at 0.100000 m/pix
[controller_server-11] [INFO] [1790156431.379333467] [local_costmap.local_costmap]: StaticLayer: Resizing static layer to 240 X 177 at 0.100000 m/pix
[INFO] [1790156431.700776298] [mapex_explorer]: Main /plan diagnostic: poses=43, endpoint=(-8.58, 1.87), frontier=(-8.58, 1.87), endpoint_to_frontier=0.000 m, limit=0.10 m -> usable
[controller_server-11] [INFO] [1790156431.757591647] [controller_server]: Passing new path to controller.
[planner_server-13] [INFO] [1790156432.243874141] [global_costmap.global_costmap]: StaticLayer: Resizing costmap to 240 X 177 at 0.100000 m/pix
[controller_server-11] [INFO] [1790156432.379330302] [local_costmap.local_costmap]: StaticLayer: Resizing static layer to 240 X 177 at 0.100000 m/pix
[INFO] [1790156432.725552347] [mapex_explorer]: Main /plan diagnostic: poses=34, endpoint=(-8.58, 1.87), frontier=(-8.58, 1.87), endpoint_to_frontier=0.000 m, limit=0.10 m -> usable
[controller_server-11] [INFO] [1790156432.757559624] [controller_server]: Passing new path to controller.
[planner_server-13] [INFO] [1790156433.243830147] [global_costmap.global_costmap]: StaticLayer: Resizing costmap to 240 X 177 at 0.100000 m/pix
[controller_server-11] [INFO] [1790156433.380827339] [local_costmap.local_costmap]: StaticLayer: Resizing static layer to 240 X 177 at 0.100000 m/pix
[INFO] [1790156433.739320114] [mapex_explorer]: Main /plan diagnostic: poses=26, endpoint=(-8.58, 1.87), frontier=(-8.58, 1.87), endpoint_to_frontier=0.000 m, limit=0.10 m -> usable
[controller_server-11] [INFO] [1790156433.757559680] [controller_server]: Passing new path to controller.
[INFO] [1790156434.767981993] [mapex_explorer]: Main /plan diagnostic: poses=18, endpoint=(-8.58, 1.87), frontier=(-8.58, 1.87), endpoint_to_frontier=0.000 m, limit=0.10 m -> usable
[controller_server-11] [INFO] [1790156434.824684546] [controller_server]: Passing new path to controller.
[planner_server-13] [INFO] [1790156435.243865096] [global_costmap.global_costmap]: StaticLayer: Resizing costmap to 240 X 177 at 0.100000 m/pix
[controller_server-11] [INFO] [1790156435.379344635] [local_costmap.local_costmap]: StaticLayer: Resizing static layer to 240 X 177 at 0.100000 m/pix
[INFO] [1790156435.798259855] [mapex_explorer]: Main /plan diagnostic: poses=12, endpoint=(-8.58, 1.87), frontier=(-8.58, 1.87), endpoint_to_frontier=0.000 m, limit=0.10 m -> usable
[controller_server-11] [INFO] [1790156435.824302209] [controller_server]: Passing new path to controller.
[planner_server-13] [INFO] [1790156436.243846010] [global_costmap.global_costmap]: StaticLayer: Resizing costmap to 240 X 177 at 0.100000 m/pix
[controller_server-11] [INFO] [1790156436.379350365] [local_costmap.local_costmap]: StaticLayer: Resizing static layer to 240 X 177 at 0.100000 m/pix
[INFO] [1790156436.828191445] [mapex_explorer]: Main /plan diagnostic: poses=8, endpoint=(-8.58, 1.87), frontier=(-8.58, 1.87), endpoint_to_frontier=0.000 m, limit=0.10 m -> usable
[controller_server-11] [INFO] [1790156436.891111188] [controller_server]: Passing new path to controller.
[controller_server-11] [INFO] [1790156436.893966533] [controller_server]: Reached the goal!
[controller_server-11] [INFO] [1790156436.894418794] [controller_server]: Optimizer reset
[bt_navigator-16] [INFO] [1790156436.933557228] [bt_navigator]: Goal succeeded
[INFO] [1790156436.942510556] [mapex_explorer]: Goal reached
[INFO] [1790156442.647428056] [mapex_explorer]: MapEx decision 4: selected x=-11.19, y=0.53, IG=64.544594, distance=3.26 m, score=19.803842, region=54, candidates=27, near_fallback=False, compute=5.03 s
[bt_navigator-16] [INFO] [1790156442.648527671] [bt_navigator]: Begin navigating from current location (-8.25, 1.94) to (-11.19, 0.53)
[controller_server-11] [INFO] [1790156442.670344626] [controller_server]: Received a goal, begin computing control effort.
[INFO] [1790156442.764107874] [mapex_explorer]: Main goal accepted
[INFO] [1790156442.828954655] [mapex_explorer]: Main /plan diagnostic: poses=74, endpoint=(-11.19, 0.53), frontier=(-11.19, 0.53), endpoint_to_frontier=0.000 m, limit=0.10 m -> usable
[INFO] [1790156443.687304746] [mapex_explorer]: Main /plan diagnostic: poses=68, endpoint=(-11.19, 0.53), frontier=(-11.19, 0.53), endpoint_to_frontier=0.000 m, limit=0.10 m -> usable
[controller_server-11] [INFO] [1790156443.737183936] [controller_server]: Passing new path to controller.
[planner_server-13] [INFO] [1790156444.243854373] [global_costmap.global_costmap]: StaticLayer: Resizing costmap to 240 X 177 at 0.100000 m/pix
[controller_server-11] [INFO] [1790156444.379360984] [local_costmap.local_costmap]: StaticLayer: Resizing static layer to 240 X 177 at 0.100000 m/pix
[INFO] [1790156444.715224293] [mapex_explorer]: Main /plan diagnostic: poses=63, endpoint=(-11.19, 0.53), frontier=(-11.19, 0.53), endpoint_to_frontier=0.000 m, limit=0.10 m -> usable
[controller_server-11] [INFO] [1790156444.737567180] [controller_server]: Passing new path to controller.
[planner_server-13] [INFO] [1790156445.243876738] [global_costmap.global_costmap]: StaticLayer: Resizing costmap to 240 X 177 at 0.100000 m/pix
[controller_server-11] [INFO] [1790156445.379487933] [local_costmap.local_costmap]: StaticLayer: Resizing static layer to 240 X 177 at 0.100000 m/pix
[INFO] [1790156445.749696808] [mapex_explorer]: Main /plan diagnostic: poses=56, endpoint=(-11.19, 0.53), frontier=(-11.19, 0.53), endpoint_to_frontier=0.000 m, limit=0.10 m -> usable
[controller_server-11] [INFO] [1790156445.803943594] [controller_server]: Passing new path to controller.
[INFO] [1790156446.760772175] [mapex_explorer]: Main /plan diagnostic: poses=47, endpoint=(-11.19, 0.53), frontier=(-11.19, 0.53), endpoint_to_frontier=0.000 m, limit=0.10 m -> usable
[controller_server-11] [INFO] [1790156446.803921198] [controller_server]: Passing new path to controller.
[planner_server-13] [INFO] [1790156447.243912731] [global_costmap.global_costmap]: StaticLayer: Resizing costmap to 240 X 177 at 0.100000 m/pix
[controller_server-11] [INFO] [1790156447.379345401] [local_costmap.local_costmap]: StaticLayer: Resizing static layer to 240 X 177 at 0.100000 m/pix
[INFO] [1790156447.788982171] [mapex_explorer]: Main /plan diagnostic: poses=37, endpoint=(-11.19, 0.53), frontier=(-11.19, 0.53), endpoint_to_frontier=0.000 m, limit=0.10 m -> usable
[controller_server-11] [INFO] [1790156447.804001534] [controller_server]: Passing new path to controller.
[planner_server-13] [INFO] [1790156448.243833631] [global_costmap.global_costmap]: StaticLayer: Resizing costmap to 240 X 177 at 0.100000 m/pix
[controller_server-11] [INFO] [1790156448.379346395] [local_costmap.local_costmap]: StaticLayer: Resizing static layer to 240 X 177 at 0.100000 m/pix
[INFO] [1790156448.815221069] [mapex_explorer]: Main /plan diagnostic: poses=30, endpoint=(-11.19, 0.53), frontier=(-11.19, 0.53), endpoint_to_frontier=0.000 m, limit=0.10 m -> usable
[controller_server-11] [INFO] [1790156448.870573987] [controller_server]: Passing new path to controller.
[INFO] [1790156449.845162645] [mapex_explorer]: Main /plan diagnostic: poses=20, endpoint=(-11.19, 0.53), frontier=(-11.19, 0.53), endpoint_to_frontier=0.000 m, limit=0.10 m -> usable
[controller_server-11] [INFO] [1790156449.870529069] [controller_server]: Passing new path to controller.
[INFO] [1790156450.875489401] [mapex_explorer]: Main /plan diagnostic: poses=17, endpoint=(-11.19, 0.53), frontier=(-11.19, 0.53), endpoint_to_frontier=0.000 m, limit=0.10 m -> usable
[controller_server-11] [INFO] [1790156450.937523963] [controller_server]: Passing new path to controller.
[INFO] [1790156451.886971975] [mapex_explorer]: Main /plan diagnostic: poses=12, endpoint=(-11.19, 0.53), frontier=(-11.19, 0.53), endpoint_to_frontier=0.000 m, limit=0.10 m -> usable
[controller_server-11] [INFO] [1790156451.937185851] [controller_server]: Passing new path to controller.
[INFO] [1790156452.913560154] [mapex_explorer]: Main /plan diagnostic: poses=10, endpoint=(-11.19, 0.53), frontier=(-11.19, 0.53), endpoint_to_frontier=0.000 m, limit=0.10 m -> usable
[controller_server-11] [INFO] [1790156452.937554859] [controller_server]: Passing new path to controller.
[controller_server-11] [INFO] [1790156453.073004240] [controller_server]: Reached the goal!
[controller_server-11] [INFO] [1790156453.073302136] [controller_server]: Optimizer reset
[bt_navigator-16] [INFO] [1790156453.099060393] [bt_navigator]: Goal succeeded
[INFO] [1790156453.102402157] [mapex_explorer]: Goal reached
[INFO] [1790156458.575845400] [mapex_explorer]: MapEx decision 5: selected x=-8.51, y=-5.57, IG=86.415932, distance=6.45 m, score=13.395651, region=28, candidates=26, near_fallback=False, compute=4.96 s
[bt_navigator-16] [INFO] [1790156458.579345644] [bt_navigator]: Begin navigating from current location (-10.86, 0.44) to (-8.51, -5.57)
[controller_server-11] [INFO] [1790156458.601418866] [controller_server]: Received a goal, begin computing control effort.
[INFO] [1790156458.700254668] [mapex_explorer]: Main goal accepted
[INFO] [1790156458.866905125] [mapex_explorer]: Main /plan diagnostic: poses=284, endpoint=(-8.51, -5.57), frontier=(-8.51, -5.57), endpoint_to_frontier=0.000 m, limit=0.10 m -> usable
[INFO] [1790156459.624055564] [mapex_explorer]: Main /plan diagnostic: poses=276, endpoint=(-8.51, -5.57), frontier=(-8.51, -5.57), endpoint_to_frontier=0.000 m, limit=0.10 m -> usable
[controller_server-11] [INFO] [1790156459.668552231] [controller_server]: Passing new path to controller.
[INFO] [1790156460.663003049] [mapex_explorer]: Main /plan diagnostic: poses=271, endpoint=(-8.51, -5.57), frontier=(-8.51, -5.57), endpoint_to_frontier=0.000 m, limit=0.10 m -> usable
[controller_server-11] [INFO] [1790156460.668247354] [controller_server]: Passing new path to controller.
[INFO] [1790156461.677053155] [mapex_explorer]: Main /plan diagnostic: poses=267, endpoint=(-8.51, -5.57), frontier=(-8.51, -5.57), endpoint_to_frontier=0.000 m, limit=0.10 m -> usable
[controller_server-11] [INFO] [1790156461.735351806] [controller_server]: Passing new path to controller.
[INFO] [1790156462.698644530] [mapex_explorer]: Main /plan diagnostic: poses=265, endpoint=(-8.51, -5.57), frontier=(-8.51, -5.57), endpoint_to_frontier=0.000 m, limit=0.10 m -> usable
[controller_server-11] [INFO] [1790156462.734914282] [controller_server]: Passing new path to controller.
[INFO] [1790156463.709529517] [mapex_explorer]: Main /plan diagnostic: poses=264, endpoint=(-8.51, -5.57), frontier=(-8.51, -5.57), endpoint_to_frontier=0.000 m, limit=0.10 m -> usable
[controller_server-11] [INFO] [1790156463.735044458] [controller_server]: Passing new path to controller.
[INFO] [1790156464.736224493] [mapex_explorer]: Main /plan diagnostic: poses=256, endpoint=(-8.51, -5.57), frontier=(-8.51, -5.57), endpoint_to_frontier=0.000 m, limit=0.10 m -> usable
[controller_server-11] [INFO] [1790156464.801622091] [controller_server]: Passing new path to controller.
[INFO] [1790156465.758382565] [mapex_explorer]: Main /plan diagnostic: poses=252, endpoint=(-8.51, -5.57), frontier=(-8.51, -5.57), endpoint_to_frontier=0.000 m, limit=0.10 m -> usable
[controller_server-11] [INFO] [1790156465.801583771] [controller_server]: Passing new path to controller.
[INFO] [1790156466.786223328] [mapex_explorer]: Main /plan diagnostic: poses=236, endpoint=(-8.51, -5.57), frontier=(-8.51, -5.57), endpoint_to_frontier=0.000 m, limit=0.10 m -> usable
[controller_server-11] [INFO] [1790156466.801586086] [controller_server]: Passing new path to controller.
[INFO] [1790156467.822608421] [mapex_explorer]: Main /plan diagnostic: poses=228, endpoint=(-8.51, -5.57), frontier=(-8.51, -5.57), endpoint_to_frontier=0.000 m, limit=0.10 m -> usable
[controller_server-11] [INFO] [1790156467.868350526] [controller_server]: Passing new path to controller.
[INFO] [1790156468.844554273] [mapex_explorer]: Main /plan diagnostic: poses=220, endpoint=(-8.51, -5.57), frontier=(-8.51, -5.57), endpoint_to_frontier=0.000 m, limit=0.10 m -> usable
[controller_server-11] [INFO] [1790156468.868258134] [controller_server]: Passing new path to controller.
[INFO] [1790156469.866096027] [mapex_explorer]: Main /plan diagnostic: poses=212, endpoint=(-8.51, -5.57), frontier=(-8.51, -5.57), endpoint_to_frontier=0.000 m, limit=0.10 m -> usable
[controller_server-11] [INFO] [1790156469.934910608] [controller_server]: Passing new path to controller.
[INFO] [1790156470.886222696] [mapex_explorer]: Main /plan diagnostic: poses=201, endpoint=(-8.51, -5.57), frontier=(-8.51, -5.57), endpoint_to_frontier=0.000 m, limit=0.10 m -> usable
[controller_server-11] [INFO] [1790156470.934966297] [controller_server]: Passing new path to controller.
[INFO] [1790156471.914446499] [mapex_explorer]: Main /plan diagnostic: poses=193, endpoint=(-8.51, -5.57), frontier=(-8.51, -5.57), endpoint_to_frontier=0.000 m, limit=0.10 m -> usable
[controller_server-11] [INFO] [1790156471.934940370] [controller_server]: Passing new path to controller.
[INFO] [1790156472.951702981] [mapex_explorer]: Main /plan diagnostic: poses=185, endpoint=(-8.51, -5.57), frontier=(-8.51, -5.57), endpoint_to_frontier=0.000 m, limit=0.10 m -> usable
[controller_server-11] [INFO] [1790156473.001583701] [controller_server]: Passing new path to controller.
[INFO] [1790156473.962683087] [mapex_explorer]: Main /plan diagnostic: poses=176, endpoint=(-8.51, -5.57), frontier=(-8.51, -5.57), endpoint_to_frontier=0.000 m, limit=0.10 m -> usable
[controller_server-11] [INFO] [1790156474.001589064] [controller_server]: Passing new path to controller.
[INFO] [1790156474.986087149] [mapex_explorer]: Main /plan diagnostic: poses=167, endpoint=(-8.51, -5.57), frontier=(-8.51, -5.57), endpoint_to_frontier=0.000 m, limit=0.10 m -> usable
[controller_server-11] [INFO] [1790156475.001872721] [controller_server]: Passing new path to controller.
[INFO] [1790156476.010841488] [mapex_explorer]: Main /plan diagnostic: poses=157, endpoint=(-8.51, -5.57), frontier=(-8.51, -5.57), endpoint_to_frontier=0.000 m, limit=0.10 m -> usable
[controller_server-11] [INFO] [1790156476.068296642] [controller_server]: Passing new path to controller.
[INFO] [1790156477.038899972] [mapex_explorer]: Main /plan diagnostic: poses=155, endpoint=(-8.51, -5.57), frontier=(-8.51, -5.57), endpoint_to_frontier=0.000 m, limit=0.10 m -> usable
[controller_server-11] [INFO] [1790156477.068252899] [controller_server]: Passing new path to controller.
[INFO] [1790156478.068656736] [mapex_explorer]: Main /plan diagnostic: poses=140, endpoint=(-8.51, -5.57), frontier=(-8.51, -5.57), endpoint_to_frontier=0.000 m, limit=0.10 m -> usable
[controller_server-11] [INFO] [1790156478.135302585] [controller_server]: Passing new path to controller.
[INFO] [1790156479.082667666] [mapex_explorer]: Main /plan diagnostic: poses=133, endpoint=(-8.51, -5.57), frontier=(-8.51, -5.57), endpoint_to_frontier=0.000 m, limit=0.10 m -> usable
[controller_server-11] [INFO] [1790156479.134992918] [controller_server]: Passing new path to controller.
[INFO] [1790156480.112081546] [mapex_explorer]: Main /plan diagnostic: poses=124, endpoint=(-8.51, -5.57), frontier=(-8.51, -5.57), endpoint_to_frontier=0.000 m, limit=0.10 m -> usable
[controller_server-11] [INFO] [1790156480.134915420] [controller_server]: Passing new path to controller.
[INFO] [1790156481.131043727] [mapex_explorer]: Main /plan diagnostic: poses=114, endpoint=(-8.51, -5.57), frontier=(-8.51, -5.57), endpoint_to_frontier=0.000 m, limit=0.10 m -> usable
[controller_server-11] [INFO] [1790156481.201598145] [controller_server]: Passing new path to controller.
[INFO] [1790156482.153245555] [mapex_explorer]: Main /plan diagnostic: poses=106, endpoint=(-8.51, -5.57), frontier=(-8.51, -5.57), endpoint_to_frontier=0.000 m, limit=0.10 m -> usable
[controller_server-11] [INFO] [1790156482.201660810] [controller_server]: Passing new path to controller.
[planner_server-13] [INFO] [1790156482.243833713] [global_costmap.global_costmap]: StaticLayer: Resizing costmap to 240 X 199 at 0.100000 m/pix
[rviz2-7] [INFO] [1790156482.263311768] [rviz2]: Trying to create a map of size 240 x 199 using 1 swatches
[controller_server-11] [INFO] [1790156482.379342922] [local_costmap.local_costmap]: StaticLayer: Resizing static layer to 240 X 199 at 0.100000 m/pix
[INFO] [1790156483.169483205] [mapex_explorer]: Main /plan diagnostic: poses=97, endpoint=(-8.51, -5.57), frontier=(-8.51, -5.57), endpoint_to_frontier=0.000 m, limit=0.10 m -> usable
[controller_server-11] [INFO] [1790156483.201578190] [controller_server]: Passing new path to controller.
[planner_server-13] [INFO] [1790156483.243885423] [global_costmap.global_costmap]: StaticLayer: Resizing costmap to 240 X 199 at 0.100000 m/pix
[controller_server-11] [INFO] [1790156483.379527680] [local_costmap.local_costmap]: StaticLayer: Resizing static layer to 240 X 199 at 0.100000 m/pix
[INFO] [1790156484.198811697] [mapex_explorer]: Main /plan diagnostic: poses=89, endpoint=(-8.51, -5.57), frontier=(-8.51, -5.57), endpoint_to_frontier=0.000 m, limit=0.10 m -> usable
[planner_server-13] [INFO] [1790156484.243841774] [global_costmap.global_costmap]: StaticLayer: Resizing costmap to 240 X 199 at 0.100000 m/pix
[controller_server-11] [INFO] [1790156484.268267824] [controller_server]: Passing new path to controller.
[controller_server-11] [INFO] [1790156484.379382054] [local_costmap.local_costmap]: StaticLayer: Resizing static layer to 240 X 199 at 0.100000 m/pix
[INFO] [1790156485.228808788] [mapex_explorer]: Main /plan diagnostic: poses=83, endpoint=(-8.51, -5.57), frontier=(-8.51, -5.57), endpoint_to_frontier=0.000 m, limit=0.10 m -> usable
[planner_server-13] [INFO] [1790156485.243875939] [global_costmap.global_costmap]: StaticLayer: Resizing costmap to 240 X 199 at 0.100000 m/pix
[controller_server-11] [INFO] [1790156485.268331759] [controller_server]: Passing new path to controller.
[controller_server-11] [INFO] [1790156485.379339436] [local_costmap.local_costmap]: StaticLayer: Resizing static layer to 240 X 199 at 0.100000 m/pix
[INFO] [1790156486.247906883] [mapex_explorer]: Main /plan diagnostic: poses=72, endpoint=(-8.51, -5.57), frontier=(-8.51, -5.57), endpoint_to_frontier=0.000 m, limit=0.10 m -> usable
[controller_server-11] [INFO] [1790156486.268256900] [controller_server]: Passing new path to controller.
[INFO] [1790156487.280639084] [mapex_explorer]: Main /plan diagnostic: poses=64, endpoint=(-8.51, -5.57), frontier=(-8.51, -5.57), endpoint_to_frontier=0.000 m, limit=0.10 m -> usable
[controller_server-11] [INFO] [1790156487.334929510] [controller_server]: Passing new path to controller.
[planner_server-13] [INFO] [1790156488.243844989] [global_costmap.global_costmap]: StaticLayer: Resizing costmap to 240 X 199 at 0.100000 m/pix
[INFO] [1790156488.305627199] [mapex_explorer]: Main /plan diagnostic: poses=57, endpoint=(-8.51, -5.57), frontier=(-8.51, -5.57), endpoint_to_frontier=0.000 m, limit=0.10 m -> usable
[controller_server-11] [INFO] [1790156488.335502914] [controller_server]: Passing new path to controller.
[controller_server-11] [INFO] [1790156488.380895013] [local_costmap.local_costmap]: StaticLayer: Resizing static layer to 240 X 199 at 0.100000 m/pix
[INFO] [1790156489.327766039] [mapex_explorer]: Main /plan diagnostic: poses=49, endpoint=(-8.51, -5.57), frontier=(-8.51, -5.57), endpoint_to_frontier=0.000 m, limit=0.10 m -> usable
[controller_server-11] [INFO] [1790156489.401732054] [controller_server]: Passing new path to controller.
[planner_server-13] [INFO] [1790156490.243832908] [global_costmap.global_costmap]: StaticLayer: Resizing costmap to 241 X 199 at 0.100000 m/pix
[rviz2-7] [INFO] [1790156490.250708161] [rviz2]: Trying to create a map of size 241 x 199 using 1 swatches
[INFO] [1790156490.357756462] [mapex_explorer]: Main /plan diagnostic: poses=41, endpoint=(-8.51, -5.57), frontier=(-8.51, -5.57), endpoint_to_frontier=0.000 m, limit=0.10 m -> usable
[controller_server-11] [INFO] [1790156490.379344381] [local_costmap.local_costmap]: StaticLayer: Resizing static layer to 241 X 199 at 0.100000 m/pix
[controller_server-11] [INFO] [1790156490.401586505] [controller_server]: Passing new path to controller.
[INFO] [1790156491.390101330] [mapex_explorer]: Main /plan diagnostic: poses=33, endpoint=(-8.51, -5.57), frontier=(-8.51, -5.57), endpoint_to_frontier=0.000 m, limit=0.10 m -> usable
[controller_server-11] [INFO] [1790156491.468252632] [controller_server]: Passing new path to controller.
[planner_server-13] [INFO] [1790156492.243896807] [global_costmap.global_costmap]: StaticLayer: Resizing costmap to 241 X 199 at 0.100000 m/pix
[controller_server-11] [INFO] [1790156492.379355863] [local_costmap.local_costmap]: StaticLayer: Resizing static layer to 241 X 199 at 0.100000 m/pix
[INFO] [1790156492.406042586] [mapex_explorer]: Main /plan diagnostic: poses=22, endpoint=(-8.51, -5.57), frontier=(-8.51, -5.57), endpoint_to_frontier=0.000 m, limit=0.10 m -> usable
[controller_server-11] [INFO] [1790156492.468296087] [controller_server]: Passing new path to controller.
[INFO] [1790156493.434472603] [mapex_explorer]: Main /plan diagnostic: poses=17, endpoint=(-8.51, -5.57), frontier=(-8.51, -5.57), endpoint_to_frontier=0.000 m, limit=0.10 m -> usable
[controller_server-11] [INFO] [1790156493.468250570] [controller_server]: Passing new path to controller.
[planner_server-13] [INFO] [1790156494.243861382] [global_costmap.global_costmap]: StaticLayer: Resizing costmap to 241 X 199 at 0.100000 m/pix
[controller_server-11] [INFO] [1790156494.379527746] [local_costmap.local_costmap]: StaticLayer: Resizing static layer to 241 X 199 at 0.100000 m/pix
[INFO] [1790156494.458558074] [mapex_explorer]: Main /plan diagnostic: poses=10, endpoint=(-8.51, -5.57), frontier=(-8.51, -5.57), endpoint_to_frontier=0.000 m, limit=0.10 m -> usable
[controller_server-11] [INFO] [1790156494.535807296] [controller_server]: Passing new path to controller.
[controller_server-11] [INFO] [1790156495.403794323] [controller_server]: Reached the goal!
[controller_server-11] [INFO] [1790156495.403964450] [controller_server]: Optimizer reset
[bt_navigator-16] [INFO] [1790156495.432195983] [bt_navigator]: Goal succeeded
[INFO] [1790156495.436857489] [mapex_explorer]: Goal reached
[planner_server-13] [INFO] [1790156496.243929959] [global_costmap.global_costmap]: StaticLayer: Resizing costmap to 241 X 199 at 0.100000 m/pix
[controller_server-11] [INFO] [1790156496.379539962] [local_costmap.local_costmap]: StaticLayer: Resizing static layer to 241 X 199 at 0.100000 m/pix
[INFO] [1790156502.589519858] [mapex_explorer]: MapEx decision 6: selected x=-10.07, y=-7.20, IG=31.146393, distance=2.51 m, score=12.428251, region=38, candidates=31, near_fallback=False, compute=6.97 s
[bt_navigator-16] [INFO] [1790156502.591205628] [bt_navigator]: Begin navigating from current location (-8.19, -5.57) to (-10.07, -7.20)
[controller_server-11] [INFO] [1790156502.613299216] [controller_server]: Received a goal, begin computing control effort.
[INFO] [1790156502.724175203] [mapex_explorer]: Main goal accepted
[INFO] [1790156502.878707191] [mapex_explorer]: Main /plan diagnostic: poses=58, endpoint=(-10.07, -7.20), frontier=(-10.07, -7.20), endpoint_to_frontier=0.000 m, limit=0.10 m -> usable
[INFO] [1790156503.625914520] [mapex_explorer]: Main /plan diagnostic: poses=55, endpoint=(-10.07, -7.20), frontier=(-10.07, -7.20), endpoint_to_frontier=0.000 m, limit=0.10 m -> usable
[controller_server-11] [INFO] [1790156503.680935014] [controller_server]: Passing new path to controller.
[planner_server-13] [INFO] [1790156504.243847165] [global_costmap.global_costmap]: StaticLayer: Resizing costmap to 241 X 199 at 0.100000 m/pix
[controller_server-11] [INFO] [1790156504.379368481] [local_costmap.local_costmap]: StaticLayer: Resizing static layer to 241 X 199 at 0.100000 m/pix
[INFO] [1790156504.659311065] [mapex_explorer]: Main /plan diagnostic: poses=48, endpoint=(-10.07, -7.20), frontier=(-10.07, -7.20), endpoint_to_frontier=0.000 m, limit=0.10 m -> usable
[controller_server-11] [INFO] [1790156504.680487140] [controller_server]: Passing new path to controller.
[planner_server-13] [INFO] [1790156505.243829355] [global_costmap.global_costmap]: StaticLayer: Resizing costmap to 241 X 199 at 0.100000 m/pix
[controller_server-11] [INFO] [1790156505.379331734] [local_costmap.local_costmap]: StaticLayer: Resizing static layer to 241 X 199 at 0.100000 m/pix
[INFO] [1790156505.676218884] [mapex_explorer]: Main /plan diagnostic: poses=41, endpoint=(-10.07, -7.20), frontier=(-10.07, -7.20), endpoint_to_frontier=0.000 m, limit=0.10 m -> usable
[controller_server-11] [INFO] [1790156505.747318242] [controller_server]: Passing new path to controller.
[INFO] [1790156506.701182928] [mapex_explorer]: Main /plan diagnostic: poses=31, endpoint=(-10.07, -7.20), frontier=(-10.07, -7.20), endpoint_to_frontier=0.000 m, limit=0.10 m -> usable
[controller_server-11] [INFO] [1790156506.747132705] [controller_server]: Passing new path to controller.
[INFO] [1790156507.725725359] [mapex_explorer]: Main /plan diagnostic: poses=24, endpoint=(-10.07, -7.20), frontier=(-10.07, -7.20), endpoint_to_frontier=0.000 m, limit=0.10 m -> usable
[controller_server-11] [INFO] [1790156507.747568296] [controller_server]: Passing new path to controller.
[INFO] [1790156508.756388607] [mapex_explorer]: Main /plan diagnostic: poses=15, endpoint=(-10.07, -7.20), frontier=(-10.07, -7.20), endpoint_to_frontier=0.000 m, limit=0.10 m -> usable
[controller_server-11] [INFO] [1790156508.813826191] [controller_server]: Passing new path to controller.
[INFO] [1790156509.765408035] [mapex_explorer]: Main /plan diagnostic: poses=11, endpoint=(-10.07, -7.20), frontier=(-10.07, -7.20), endpoint_to_frontier=0.000 m, limit=0.10 m -> usable
[controller_server-11] [INFO] [1790156509.813798379] [controller_server]: Passing new path to controller.
[controller_server-11] [INFO] [1790156510.683164483] [controller_server]: Reached the goal!
[controller_server-11] [INFO] [1790156510.683498962] [controller_server]: Optimizer reset
[bt_navigator-16] [INFO] [1790156510.711534782] [bt_navigator]: Goal succeeded
[INFO] [1790156510.714225069] [mapex_explorer]: Goal reached
[INFO] [1790156517.410798406] [mapex_explorer]: MapEx decision 7: selected x=-7.10, y=-10.30, IG=43.841515, distance=4.07 m, score=10.766035, region=128, candidates=30, near_fallback=False, compute=5.79 s
[bt_navigator-16] [INFO] [1790156517.412098754] [bt_navigator]: Begin navigating from current location (-9.73, -7.19) to (-7.10, -10.30)
[controller_server-11] [INFO] [1790156517.434580025] [controller_server]: Received a goal, begin computing control effort.
[INFO] [1790156517.528770934] [mapex_explorer]: Main goal accepted
[INFO] [1790156517.702566304] [mapex_explorer]: Main /plan diagnostic: poses=182, endpoint=(-7.10, -10.30), frontier=(-7.10, -10.30), endpoint_to_frontier=0.000 m, limit=0.10 m -> usable
[INFO] [1790156518.463044938] [mapex_explorer]: Main /plan diagnostic: poses=178, endpoint=(-7.10, -10.30), frontier=(-7.10, -10.30), endpoint_to_frontier=0.000 m, limit=0.10 m -> usable
[controller_server-11] [INFO] [1790156518.501460784] [controller_server]: Passing new path to controller.
[INFO] [1790156519.486790714] [mapex_explorer]: Main /plan diagnostic: poses=175, endpoint=(-7.10, -10.30), frontier=(-7.10, -10.30), endpoint_to_frontier=0.000 m, limit=0.10 m -> usable
[controller_server-11] [INFO] [1790156519.501781875] [controller_server]: Passing new path to controller.
[controller_server-11] [INFO] [1790156520.568138394] [controller_server]: Passing new path to controller.
[INFO] [1790156520.570869810] [mapex_explorer]: Main /plan diagnostic: poses=169, endpoint=(-7.10, -10.30), frontier=(-7.10, -10.30), endpoint_to_frontier=0.000 m, limit=0.10 m -> usable
[INFO] [1790156521.565908275] [mapex_explorer]: Main /plan diagnostic: poses=160, endpoint=(-7.10, -10.30), frontier=(-7.10, -10.30), endpoint_to_frontier=0.000 m, limit=0.10 m -> usable
[controller_server-11] [INFO] [1790156521.568385544] [controller_server]: Passing new path to controller.
[INFO] [1790156522.581197852] [mapex_explorer]: Main /plan diagnostic: poses=162, endpoint=(-7.10, -10.30), frontier=(-7.10, -10.30), endpoint_to_frontier=0.000 m, limit=0.10 m -> usable
[controller_server-11] [INFO] [1790156522.634801205] [controller_server]: Passing new path to controller.
[INFO] [1790156523.589322296] [mapex_explorer]: Main /plan diagnostic: poses=158, endpoint=(-7.10, -10.30), frontier=(-7.10, -10.30), endpoint_to_frontier=0.000 m, limit=0.10 m -> usable
[controller_server-11] [INFO] [1790156523.634827282] [controller_server]: Passing new path to controller.
[INFO] [1790156524.601194609] [mapex_explorer]: Main /plan diagnostic: poses=150, endpoint=(-7.10, -10.30), frontier=(-7.10, -10.30), endpoint_to_frontier=0.000 m, limit=0.10 m -> usable
[controller_server-11] [INFO] [1790156524.634804184] [controller_server]: Passing new path to controller.
[controller_server-11] [INFO] [1790156525.701466508] [controller_server]: Passing new path to controller.
[bt_navigator-16] [WARN] [1790156527.726438221] [bt_navigator_navigate_to_pose_rclcpp_node]: Timed out while waiting for action server to acknowledge goal request for follow_path
[bt_navigator-16] [WARN] [1790156528.302611808] [bt_navigator_navigate_to_pose_rclcpp_node]: Timed out while waiting for action server to acknowledge goal request for wait
[bt_navigator-16] [WARN] [1790156528.312760472] [bt_navigator]: [navigate_to_pose] [ActionServer] Aborting handle.
[bt_navigator-16] [ERROR] [1790156528.312904363] [bt_navigator]: Goal failed
[planner_server-13] [INFO] [1790156537.442124750] [global_costmap.global_costmap]: Message Filter dropping message: frame 'rplidar_link' at time 170.700 for reason 'the timestamp on the message is earlier than all the data in the transform cache'
[async_slam_toolbox_node-10] [INFO] [1790156537.442378776] [slam_toolbox]: Message Filter dropping message: frame 'rplidar_link' at time 170.700 for reason 'discarding message because the queue is full'
[lifecycle_manager-21] [INFO] [1790156537.442037929] [lifecycle_manager_navigation]: [34m[1mHave not received a heartbeat from controller_server.[0m[0m
[lifecycle_manager-21] [ERROR] [1790156538.675428746] [lifecycle_manager_navigation]: CRITICAL FAILURE: SERVER controller_server IS DOWN after not receiving a heartbeat for 4000 ms. Shutting down related nodes.
[controller_server-11] [WARN] [1790156526.672672725] [controller_server]: [follow_path] [ActionServer] Aborting handle.
[lifecycle_manager-21] [INFO] [1790156543.036626874] [lifecycle_manager_navigation]: [34m[1mTerminating bond timer...[0m[0m
[lifecycle_manager-21] [INFO] [1790156543.036682927] [lifecycle_manager_navigation]: [34m[1mResetting managed nodes...[0m[0m
[lifecycle_manager-21] [INFO] [1790156543.036690320] [lifecycle_manager_navigation]: [34m[1mDeactivating docking_server[0m[0m
[controller_server-11] [WARN] [1790156543.040836748] [controller_server]: Control loop missed its desired rate of 15.0000 Hz. Current loop rate is 0.0679 Hz.
[controller_server-11] [INFO] [1790156543.040888161] [controller_server]: Passing new path to controller.
[behavior_server-15] [INFO] [1790156543.048871639] [behavior_server]: Running wait
[WARN] [1790156543.055588132] [mapex_explorer]: Main goal failed (status=6, error_code=0)
[INFO] [1790156543.056537129] [mapex_explorer]: Retrying MapEx main frontier after recovery: x=-7.10, y=-10.30
[bt_navigator-16] [INFO] [1790156543.059031497] [bt_navigator]: Begin navigating from current location (-8.07, -5.46) to (-7.10, -10.30)
[WARN] [1790156543.061316233] [mapex_explorer]: Path-guided recovery #1: temporary subgoal x=-7.41, y=-5.77, 0.70 m ahead on main path (remaining main path=6.41 m, trigger_error=0)
[bt_navigator-16] [INFO] [1790156543.069378872] [bt_navigator]: Received goal preemption request
[INFO] [1790156543.070018966] [mapex_explorer]: Main goal accepted
[bt_navigator-16] [INFO] [1790156543.070101827] [bt_navigator]: Begin navigating from current location (-8.07, -5.46) to (-7.41, -5.77)
[INFO] [1790156543.075665750] [mapex_explorer]: Subgoal goal accepted
[WARN] [1790156543.087262648] [mapex_explorer]: Main goal failed (status=6, error_code=0)
[WARN] [1790156543.087666930] [mapex_explorer]: Main goal failed but no usable main-goal /plan is available.
[opennav_docking-20] [INFO] [1790156543.086869289] [docking_server]: Deactivating docking_server
[controller_server-11] [INFO] [1790156543.107633052] [controller_server]: Passing new path to controller.
[opennav_docking-20] [INFO] [1790156543.150169529] [docking_server]: Destroying bond (docking_server) to lifecycle manager.
[behavior_server-15] [INFO] [1790156543.451450732] [behavior_server]: wait completed successfully
[INFO] [1790156543.612612109] [mapex_explorer]: Retrying MapEx main frontier after recovery: x=-7.10, y=-10.30
[INFO] [1790156543.616683792] [mapex_explorer]: Main goal accepted
[bt_navigator-16] [INFO] [1790156543.619926350] [bt_navigator]: Received goal preemption request
[bt_navigator-16] [INFO] [1790156543.620701624] [bt_navigator]: Begin navigating from current location (-8.06, -5.46) to (-7.10, -10.30)
[WARN] [1790156543.623701952] [mapex_explorer]: Subgoal goal failed (status=6, error_code=0)
[WARN] [1790156543.624127881] [mapex_explorer]: Recovery subgoal also failed; keeping the same main frontier.
[controller_server-11] [INFO] [1790156544.107635474] [controller_server]: Passing new path to controller.
[INFO] [1790156544.613414017] [mapex_explorer]: Retrying MapEx main frontier after recovery: x=-7.10, y=-10.30
[INFO] [1790156544.618167229] [mapex_explorer]: Main goal accepted
[bt_navigator-16] [INFO] [1790156544.619427333] [bt_navigator]: Received goal preemption request
[bt_navigator-16] [INFO] [1790156544.620001918] [bt_navigator]: Begin navigating from current location (-7.83, -5.47) to (-7.10, -10.30)
[WARN] [1790156544.624356233] [mapex_explorer]: Main goal failed (status=6, error_code=0)
[WARN] [1790156544.624952448] [mapex_explorer]: Main goal failed but no usable main-goal /plan is available.
[controller_server-11] [INFO] [1790156545.174304541] [controller_server]: Passing new path to controller.
[INFO] [1790156545.614800260] [mapex_explorer]: Retrying MapEx main frontier after recovery: x=-7.10, y=-10.30
[bt_navigator-16] [INFO] [1790156545.619449409] [bt_navigator]: Received goal preemption request
[bt_navigator-16] [INFO] [1790156545.620179413] [bt_navigator]: Begin navigating from current location (-7.46, -5.68) to (-7.10, -10.30)
[WARN] [1790156545.627428555] [mapex_explorer]: Main goal failed (status=6, error_code=0)
[WARN] [1790156545.628091962] [mapex_explorer]: Main goal failed but no usable main-goal /plan is available.
[INFO] [1790156545.628506718] [mapex_explorer]: Main goal accepted
[controller_server-11] [INFO] [1790156546.174367717] [controller_server]: Passing new path to controller.
[INFO] [1790156546.612514782] [mapex_explorer]: Retrying MapEx main frontier after recovery: x=-7.10, y=-10.30
[bt_navigator-16] [INFO] [1790156546.619447626] [bt_navigator]: Received goal preemption request
[bt_navigator-16] [INFO] [1790156546.619927807] [bt_navigator]: Begin navigating from current location (-7.11, -5.94) to (-7.10, -10.30)
[INFO] [1790156546.622170942] [mapex_explorer]: Main goal accepted
[WARN] [1790156546.626006027] [mapex_explorer]: Main goal failed (status=6, error_code=0)
[WARN] [1790156546.626668565] [mapex_explorer]: Main goal failed but no usable main-goal /plan is available.
[controller_server-11] [INFO] [1790156547.174309856] [controller_server]: Passing new path to controller.
[controller_server-11] [INFO] [1790156547.318878031] [local_costmap.local_costmap]: StaticLayer: Resizing static layer to 241 X 199 at 0.100000 m/pix
[INFO] [1790156547.622580918] [mapex_explorer]: Retrying MapEx main frontier after recovery: x=-7.10, y=-10.30
[bt_navigator-16] [INFO] [1790156547.629568979] [bt_navigator]: Received goal preemption request
[bt_navigator-16] [INFO] [1790156547.630596538] [bt_navigator]: Begin navigating from current location (-6.76, -6.20) to (-7.10, -10.30)
[INFO] [1790156547.637195505] [mapex_explorer]: Main goal accepted
[WARN] [1790156547.647198682] [mapex_explorer]: Main goal failed (status=6, error_code=0)
[WARN] [1790156547.647614820] [mapex_explorer]: Main goal failed but no usable main-goal /plan is available.
[planner_server-13] [INFO] [1790156547.894098651] [global_costmap.global_costmap]: StaticLayer: Resizing costmap to 241 X 199 at 0.100000 m/pix
[controller_server-11] [INFO] [1790156548.240957116] [controller_server]: Passing new path to controller.
[INFO] [1790156548.612476341] [mapex_explorer]: Retrying MapEx main frontier after recovery: x=-7.10, y=-10.30
[INFO] [1790156548.616782816] [mapex_explorer]: Main goal accepted
[bt_navigator-16] [INFO] [1790156548.620288779] [bt_navigator]: Received goal preemption request
[bt_navigator-16] [INFO] [1790156548.621782516] [bt_navigator]: Begin navigating from current location (-6.44, -6.46) to (-7.10, -10.30)
[WARN] [1790156548.626516942] [mapex_explorer]: Main goal failed (status=6, error_code=0)
[WARN] [1790156548.629651075] [mapex_explorer]: Main goal failed but no usable main-goal /plan is available.
[controller_server-11] [INFO] [1790156549.240975427] [controller_server]: Passing new path to controller.
[INFO] [1790156549.611846032] [mapex_explorer]: Retrying MapEx main frontier after recovery: x=-7.10, y=-10.30
[INFO] [1790156549.616554133] [mapex_explorer]: Main goal accepted
[bt_navigator-16] [INFO] [1790156549.619758674] [bt_navigator]: Received goal preemption request
[bt_navigator-16] [INFO] [1790156549.619965603] [bt_navigator]: Begin navigating from current location (-6.16, -6.78) to (-7.10, -10.30)
[WARN] [1790156549.624046778] [mapex_explorer]: Main goal failed (status=6, error_code=0)
[WARN] [1790156549.624474061] [mapex_explorer]: Main goal failed but no usable main-goal /plan is available.
[controller_server-11] [INFO] [1790156550.307644735] [controller_server]: Passing new path to controller.
[INFO] [1790156550.613368234] [mapex_explorer]: Retrying MapEx main frontier after recovery: x=-7.10, y=-10.30
[INFO] [1790156550.617041659] [mapex_explorer]: Main goal accepted
[bt_navigator-16] [INFO] [1790156550.621194109] [bt_navigator]: Received goal preemption request
[bt_navigator-16] [INFO] [1790156550.621379020] [bt_navigator]: Begin navigating from current location (-6.05, -7.19) to (-7.10, -10.30)
[WARN] [1790156550.624676260] [mapex_explorer]: Main goal failed (status=6, error_code=0)
[WARN] [1790156550.625076382] [mapex_explorer]: Main goal failed but no usable main-goal /plan is available.
[controller_server-11] [INFO] [1790156551.307622769] [controller_server]: Passing new path to controller.
[controller_server-11] [INFO] [1790156551.336144222] [local_costmap.local_costmap]: StaticLayer: Resizing static layer to 241 X 199 at 0.100000 m/pix
[INFO] [1790156551.611955545] [mapex_explorer]: Retrying MapEx main frontier after recovery: x=-7.10, y=-10.30
[INFO] [1790156551.614826155] [mapex_explorer]: Main goal accepted
[bt_navigator-16] [INFO] [1790156551.620174220] [bt_navigator]: Received goal preemption request
[bt_navigator-16] [INFO] [1790156551.620518369] [bt_navigator]: Begin navigating from current location (-6.08, -7.62) to (-7.10, -10.30)
[WARN] [1790156551.625288789] [mapex_explorer]: Main goal failed (status=6, error_code=0)
[WARN] [1790156551.625600210] [mapex_explorer]: Main goal failed but no usable main-goal /plan is available.
[planner_server-13] [INFO] [1790156551.901086770] [global_costmap.global_costmap]: StaticLayer: Resizing costmap to 241 X 199 at 0.100000 m/pix
[controller_server-11] [INFO] [1790156552.307623669] [controller_server]: Passing new path to controller.
[INFO] [1790156552.611671004] [mapex_explorer]: Retrying MapEx main frontier after recovery: x=-7.10, y=-10.30
[INFO] [1790156552.616536642] [mapex_explorer]: Main goal accepted
[bt_navigator-16] [INFO] [1790156552.619571799] [bt_navigator]: Received goal preemption request
[bt_navigator-16] [INFO] [1790156552.619784403] [bt_navigator]: Begin navigating from current location (-6.24, -8.02) to (-7.10, -10.30)
[WARN] [1790156552.622714790] [mapex_explorer]: Main goal failed (status=6, error_code=0)
[WARN] [1790156552.623083377] [mapex_explorer]: Main goal failed but no usable main-goal /plan is available.
[controller_server-11] [INFO] [1790156553.374299659] [controller_server]: Passing new path to controller.
[INFO] [1790156553.654195352] [mapex_explorer]: Retrying MapEx main frontier after recovery: x=-7.10, y=-10.30
[bt_navigator-16] [INFO] [1790156553.659543456] [bt_navigator]: Received goal preemption request
[bt_navigator-16] [INFO] [1790156553.659764188] [bt_navigator]: Begin navigating from current location (-6.49, -8.39) to (-7.10, -10.30)
[INFO] [1790156553.670873536] [mapex_explorer]: Main goal accepted
[WARN] [1790156553.674708312] [mapex_explorer]: Main goal failed (status=6, error_code=0)
[WARN] [1790156553.682802034] [mapex_explorer]: Main goal failed but no usable main-goal /plan is available.
[controller_server-11] [INFO] [1790156554.376475334] [controller_server]: Passing new path to controller.
[INFO] [1790156554.613646882] [mapex_explorer]: Retrying MapEx main frontier after recovery: x=-7.10, y=-10.30
[INFO] [1790156554.616823815] [mapex_explorer]: Main goal accepted
[bt_navigator-16] [INFO] [1790156554.619527950] [bt_navigator]: Received goal preemption request
[bt_navigator-16] [INFO] [1790156554.620051461] [bt_navigator]: Begin navigating from current location (-6.74, -8.71) to (-7.10, -10.30)
[WARN] [1790156554.623308790] [mapex_explorer]: Main goal failed (status=6, error_code=0)
[WARN] [1790156554.623677353] [mapex_explorer]: Main goal failed but no usable main-goal /plan is available.
[controller_server-11] [INFO] [1790156555.374299627] [controller_server]: Passing new path to controller.
[INFO] [1790156555.617984684] [mapex_explorer]: Retrying MapEx main frontier after recovery: x=-7.10, y=-10.30
[INFO] [1790156555.626843052] [mapex_explorer]: Main goal accepted
[bt_navigator-16] [INFO] [1790156555.629529857] [bt_navigator]: Received goal preemption request
[bt_navigator-16] [INFO] [1790156555.629720639] [bt_navigator]: Begin navigating from current location (-6.98, -9.07) to (-7.10, -10.30)
[WARN] [1790156555.641514127] [mapex_explorer]: Main goal failed (status=6, error_code=0)
[WARN] [1790156555.642325610] [mapex_explorer]: Main goal failed but no usable main-goal /plan is available.
[controller_server-11] [INFO] [1790156556.441028058] [controller_server]: Passing new path to controller.
[INFO] [1790156556.612536832] [mapex_explorer]: Retrying MapEx main frontier after recovery: x=-7.10, y=-10.30
[INFO] [1790156556.615423243] [mapex_explorer]: Main goal accepted
[bt_navigator-16] [INFO] [1790156556.619611443] [bt_navigator]: Received goal preemption request
[bt_navigator-16] [INFO] [1790156556.619772006] [bt_navigator]: Begin navigating from current location (-7.14, -9.40) to (-7.10, -10.30)
[WARN] [1790156556.623889613] [mapex_explorer]: Main goal failed (status=6, error_code=0)
[WARN] [1790156556.624914900] [mapex_explorer]: Main goal failed but no usable main-goal /plan is available.
[controller_server-11] [INFO] [1790156557.440960824] [controller_server]: Passing new path to controller.
[INFO] [1790156557.611727214] [mapex_explorer]: Retrying MapEx main frontier after recovery: x=-7.10, y=-10.30
[INFO] [1790156557.615965849] [mapex_explorer]: Main goal accepted
[bt_navigator-16] [INFO] [1790156557.619517318] [bt_navigator]: Received goal preemption request
[bt_navigator-16] [INFO] [1790156557.619783155] [bt_navigator]: Begin navigating from current location (-7.21, -9.66) to (-7.10, -10.30)
[WARN] [1790156557.622279266] [mapex_explorer]: Main goal failed (status=6, error_code=0)
[WARN] [1790156557.622704375] [mapex_explorer]: Main goal failed but no usable main-goal /plan is available.
[controller_server-11] [INFO] [1790156558.508300650] [controller_server]: Passing new path to controller.
[INFO] [1790156558.611766513] [mapex_explorer]: Retrying MapEx main frontier after recovery: x=-7.10, y=-10.30
[INFO] [1790156558.614196023] [mapex_explorer]: Main goal accepted
[bt_navigator-16] [INFO] [1790156558.619514304] [bt_navigator]: Received goal preemption request
[bt_navigator-16] [INFO] [1790156558.619998892] [bt_navigator]: Begin navigating from current location (-7.21, -9.88) to (-7.10, -10.30)
[WARN] [1790156558.624217266] [mapex_explorer]: Main goal failed (status=6, error_code=0)
[WARN] [1790156558.624534096] [mapex_explorer]: Main goal failed but no usable main-goal /plan is available.
[controller_server-11] [INFO] [1790156558.843039034] [controller_server]: Reached the goal!
[controller_server-11] [INFO] [1790156558.843401493] [controller_server]: Optimizer reset
[bt_navigator-16] [INFO] [1790156558.869366935] [bt_navigator]: Goal succeeded
[INFO] [1790156558.873658794] [mapex_explorer]: Goal reached
[INFO] [1790156564.923186540] [mapex_explorer]: MapEx decision 8: selected x=-8.60, y=-11.51, IG=31.458721, distance=2.06 m, score=15.241266, region=28, candidates=30, near_fallback=False, compute=5.31 s
[bt_navigator-16] [INFO] [1790156564.924576064] [bt_navigator]: Begin navigating from current location (-7.19, -10.00) to (-8.60, -11.51)
[controller_server-11] [INFO] [1790156564.945428373] [controller_server]: Received a goal, begin computing control effort.
[INFO] [1790156565.045886248] [mapex_explorer]: Main goal accepted
[INFO] [1790156565.223465885] [mapex_explorer]: Main /plan diagnostic: poses=239, endpoint=(-8.60, -11.51), frontier=(-8.60, -11.51), endpoint_to_frontier=0.000 m, limit=0.10 m -> usable
[controller_server-11] [WARN] [1790156567.790705411] [controller_server]: Control loop missed its desired rate of 15.0000 Hz. Current loop rate is 333.3333 Hz.
[INFO] [1790156567.813409991] [mapex_explorer]: Main /plan diagnostic: poses=237, endpoint=(-8.60, -11.51), frontier=(-8.60, -11.51), endpoint_to_frontier=0.000 m, limit=0.10 m -> usable
[controller_server-11] [INFO] [1790156567.858313831] [controller_server]: Passing new path to controller.
[INFO] [1790156568.814890019] [mapex_explorer]: Main /plan diagnostic: poses=219, endpoint=(-8.60, -11.51), frontier=(-8.60, -11.51), endpoint_to_frontier=0.000 m, limit=0.10 m -> usable
[controller_server-11] [INFO] [1790156568.857954542] [controller_server]: Passing new path to controller.
[INFO] [1790156569.843093688] [mapex_explorer]: Main /plan diagnostic: poses=213, endpoint=(-8.60, -11.51), frontier=(-8.60, -11.51), endpoint_to_frontier=0.000 m, limit=0.10 m -> usable
[controller_server-11] [INFO] [1790156569.857478872] [controller_server]: Passing new path to controller.
[INFO] [1790156570.873450637] [mapex_explorer]: Main /plan diagnostic: poses=208, endpoint=(-8.60, -11.51), frontier=(-8.60, -11.51), endpoint_to_frontier=0.000 m, limit=0.10 m -> usable
[controller_server-11] [INFO] [1790156570.924144556] [controller_server]: Passing new path to controller.
[INFO] [1790156571.889168089] [mapex_explorer]: Main /plan diagnostic: poses=203, endpoint=(-8.60, -11.51), frontier=(-8.60, -11.51), endpoint_to_frontier=0.000 m, limit=0.10 m -> usable
[controller_server-11] [INFO] [1790156571.924150407] [controller_server]: Passing new path to controller.
[INFO] [1790156572.925006493] [mapex_explorer]: Main /plan diagnostic: poses=203, endpoint=(-8.60, -11.51), frontier=(-8.60, -11.51), endpoint_to_frontier=0.000 m, limit=0.10 m -> usable
[controller_server-11] [INFO] [1790156572.990824568] [controller_server]: Passing new path to controller.
[INFO] [1790156573.947925024] [mapex_explorer]: Main /plan diagnostic: poses=198, endpoint=(-8.60, -11.51), frontier=(-8.60, -11.51), endpoint_to_frontier=0.000 m, limit=0.10 m -> usable
[controller_server-11] [INFO] [1790156573.990814269] [controller_server]: Passing new path to controller.
[INFO] [1790156574.956687924] [mapex_explorer]: Main /plan diagnostic: poses=188, endpoint=(-8.60, -11.51), frontier=(-8.60, -11.51), endpoint_to_frontier=0.000 m, limit=0.10 m -> usable
[controller_server-11] [INFO] [1790156574.992031023] [controller_server]: Passing new path to controller.
[controller_server-11] [INFO] [1790156575.221406310] [local_costmap.local_costmap]: StaticLayer: Resizing static layer to 241 X 199 at 0.100000 m/pix
[planner_server-13] [INFO] [1790156575.929559790] [global_costmap.global_costmap]: StaticLayer: Resizing costmap to 241 X 199 at 0.100000 m/pix
[INFO] [1790156575.995860957] [mapex_explorer]: Main /plan diagnostic: poses=180, endpoint=(-8.60, -11.51), frontier=(-8.60, -11.51), endpoint_to_frontier=0.000 m, limit=0.10 m -> usable
[controller_server-11] [INFO] [1790156576.057688273] [controller_server]: Passing new path to controller.
[INFO] [1790156577.011996198] [mapex_explorer]: Main /plan diagnostic: poses=171, endpoint=(-8.60, -11.51), frontier=(-8.60, -11.51), endpoint_to_frontier=0.000 m, limit=0.10 m -> usable
[controller_server-11] [INFO] [1790156577.057487727] [controller_server]: Passing new path to controller.
[async_slam_toolbox_node-10] WARNING: Logging before InitGoogleLogging() is written to STDERR
[async_slam_toolbox_node-10] W20260923 16:42:57.543970  5795 preprocessor.cc:67] Specified options.num_threads: 50 exceeds maximum available from the threading model Ceres was compiled with: 16.  Bounding to maximum number available.
[async_slam_toolbox_node-10] [INFO] [1790156577.552880662] [slam_toolbox]: Adaptive anchor summary: latest_node=336, local_edges=347, loop_history=0, avg_effective_weight=1.827, release_regions=0
[INFO] [1790156578.042257420] [mapex_explorer]: Main /plan diagnostic: poses=162, endpoint=(-8.60, -11.51), frontier=(-8.60, -11.51), endpoint_to_frontier=0.000 m, limit=0.10 m -> usable
[controller_server-11] [INFO] [1790156578.057879745] [controller_server]: Passing new path to controller.
[controller_server-11] [INFO] [1790156578.231957865] [local_costmap.local_costmap]: StaticLayer: Resizing static layer to 241 X 199 at 0.100000 m/pix
[planner_server-13] [INFO] [1790156578.929542303] [global_costmap.global_costmap]: StaticLayer: Resizing costmap to 241 X 199 at 0.100000 m/pix
[INFO] [1790156579.069936780] [mapex_explorer]: Main /plan diagnostic: poses=154, endpoint=(-8.60, -11.51), frontier=(-8.60, -11.51), endpoint_to_frontier=0.000 m, limit=0.10 m -> usable
[controller_server-11] [INFO] [1790156579.124513283] [controller_server]: Passing new path to controller.
[INFO] [1790156580.088870407] [mapex_explorer]: Main /plan diagnostic: poses=146, endpoint=(-8.60, -11.51), frontier=(-8.60, -11.51), endpoint_to_frontier=0.000 m, limit=0.10 m -> usable
[controller_server-11] [INFO] [1790156580.124146719] [controller_server]: Passing new path to controller.
[rviz2-7] [INFO] [1790156580.233535238] [rviz2]: Trying to create a map of size 241 x 200 using 1 swatches
[controller_server-11] [INFO] [1790156580.241136418] [local_costmap.local_costmap]: StaticLayer: Resizing static layer to 241 X 200 at 0.100000 m/pix
[planner_server-13] [INFO] [1790156580.929532483] [global_costmap.global_costmap]: StaticLayer: Resizing costmap to 241 X 200 at 0.100000 m/pix
[INFO] [1790156581.116908482] [mapex_explorer]: Main /plan diagnostic: poses=135, endpoint=(-8.60, -11.51), frontier=(-8.60, -11.51), endpoint_to_frontier=0.000 m, limit=0.10 m -> usable
[controller_server-11] [INFO] [1790156581.191062739] [controller_server]: Passing new path to controller.
[controller_server-11] [INFO] [1790156581.244218660] [local_costmap.local_costmap]: StaticLayer: Resizing static layer to 241 X 200 at 0.100000 m/pix
[planner_server-13] [INFO] [1790156581.929540111] [global_costmap.global_costmap]: StaticLayer: Resizing costmap to 241 X 200 at 0.100000 m/pix
[INFO] [1790156582.179574588] [mapex_explorer]: Main /plan diagnostic: poses=126, endpoint=(-8.60, -11.51), frontier=(-8.60, -11.51), endpoint_to_frontier=0.000 m, limit=0.10 m -> usable
[controller_server-11] [INFO] [1790156582.191006406] [controller_server]: Passing new path to controller.
[INFO] [1790156583.174232318] [mapex_explorer]: Main /plan diagnostic: poses=118, endpoint=(-8.60, -11.51), frontier=(-8.60, -11.51), endpoint_to_frontier=0.000 m, limit=0.10 m -> usable
[controller_server-11] [INFO] [1790156583.190812616] [controller_server]: Passing new path to controller.
[INFO] [1790156584.202528351] [mapex_explorer]: Main /plan diagnostic: poses=109, endpoint=(-8.60, -11.51), frontier=(-8.60, -11.51), endpoint_to_frontier=0.000 m, limit=0.10 m -> usable
[controller_server-11] [INFO] [1790156584.257473649] [controller_server]: Passing new path to controller.
[INFO] [1790156585.214058224] [mapex_explorer]: Main /plan diagnostic: poses=101, endpoint=(-8.60, -11.51), frontier=(-8.60, -11.51), endpoint_to_frontier=0.000 m, limit=0.10 m -> usable
[controller_server-11] [INFO] [1790156585.257485304] [controller_server]: Passing new path to controller.
[async_slam_toolbox_node-10] W20260923 16:43:05.847844  5795 preprocessor.cc:67] Specified options.num_threads: 50 exceeds maximum available from the threading model Ceres was compiled with: 16.  Bounding to maximum number available.
[INFO] [1790156586.233844644] [mapex_explorer]: Main /plan diagnostic: poses=92, endpoint=(-8.60, -11.51), frontier=(-8.60, -11.51), endpoint_to_frontier=0.000 m, limit=0.10 m -> usable
[rviz2-7] [INFO] [1790156586.237612945] [rviz2]: Trying to create a map of size 241 x 199 using 1 swatches
[controller_server-11] [INFO] [1790156586.257482631] [controller_server]: Passing new path to controller.
[controller_server-11] [INFO] [1790156586.265845489] [local_costmap.local_costmap]: StaticLayer: Resizing static layer to 241 X 199 at 0.100000 m/pix
[planner_server-13] [INFO] [1790156586.929526744] [global_costmap.global_costmap]: StaticLayer: Resizing costmap to 241 X 199 at 0.100000 m/pix
[INFO] [1790156587.265320181] [mapex_explorer]: Main /plan diagnostic: poses=82, endpoint=(-8.60, -11.51), frontier=(-8.60, -11.51), endpoint_to_frontier=0.000 m, limit=0.10 m -> usable
[controller_server-11] [INFO] [1790156587.324158092] [controller_server]: Passing new path to controller.
[INFO] [1790156588.287590502] [mapex_explorer]: Main /plan diagnostic: poses=75, endpoint=(-8.60, -11.51), frontier=(-8.60, -11.51), endpoint_to_frontier=0.000 m, limit=0.10 m -> usable
[controller_server-11] [INFO] [1790156588.324152593] [controller_server]: Passing new path to controller.
[INFO] [1790156589.319363604] [mapex_explorer]: Main /plan diagnostic: poses=66, endpoint=(-8.60, -11.51), frontier=(-8.60, -11.51), endpoint_to_frontier=0.000 m, limit=0.10 m -> usable
[controller_server-11] [INFO] [1790156589.390819608] [controller_server]: Passing new path to controller.
[INFO] [1790156590.333377052] [mapex_explorer]: Main /plan diagnostic: poses=57, endpoint=(-8.60, -11.51), frontier=(-8.60, -11.51), endpoint_to_frontier=0.000 m, limit=0.10 m -> usable
[controller_server-11] [INFO] [1790156590.390813390] [controller_server]: Passing new path to controller.
[INFO] [1790156591.356793257] [mapex_explorer]: Main /plan diagnostic: poses=49, endpoint=(-8.60, -11.51), frontier=(-8.60, -11.51), endpoint_to_frontier=0.000 m, limit=0.10 m -> usable
[controller_server-11] [INFO] [1790156591.390817083] [controller_server]: Passing new path to controller.
[INFO] [1790156592.368340973] [mapex_explorer]: Main /plan diagnostic: poses=43, endpoint=(-8.60, -11.51), frontier=(-8.60, -11.51), endpoint_to_frontier=0.000 m, limit=0.10 m -> usable
[controller_server-11] [INFO] [1790156592.390852134] [controller_server]: Passing new path to controller.
[controller_server-11] [INFO] [1790156593.126476048] [controller_server]: Optimizer reset
[controller_server-11] [INFO] [1790156593.129030453] [controller_server]: Optimizer reset
[controller_server-11] [WARN] [1790156593.129562297] [controller_server]: Optimizer fail to compute path
[INFO] [1790156593.383426194] [mapex_explorer]: Main /plan diagnostic: poses=41, endpoint=(-8.60, -11.51), frontier=(-8.60, -11.51), endpoint_to_frontier=0.000 m, limit=0.10 m -> usable
[controller_server-11] [INFO] [1790156593.457497587] [controller_server]: Passing new path to controller.
[INFO] [1790156594.405330372] [mapex_explorer]: Main /plan diagnostic: poses=40, endpoint=(-8.60, -11.51), frontier=(-8.60, -11.51), endpoint_to_frontier=0.000 m, limit=0.10 m -> usable
[controller_server-11] [INFO] [1790156594.457483558] [controller_server]: Passing new path to controller.
[INFO] [1790156595.437995816] [mapex_explorer]: Main /plan diagnostic: poses=37, endpoint=(-8.60, -11.51), frontier=(-8.60, -11.51), endpoint_to_frontier=0.000 m, limit=0.10 m -> usable
[controller_server-11] [INFO] [1790156595.457475583] [controller_server]: Passing new path to controller.
[INFO] [1790156596.457642105] [mapex_explorer]: Main /plan diagnostic: poses=37, endpoint=(-8.60, -11.51), frontier=(-8.60, -11.51), endpoint_to_frontier=0.000 m, limit=0.10 m -> usable
[controller_server-11] [INFO] [1790156596.524208259] [controller_server]: Passing new path to controller.
[INFO] [1790156597.486426021] [mapex_explorer]: Main /plan diagnostic: poses=37, endpoint=(-8.60, -11.51), frontier=(-8.60, -11.51), endpoint_to_frontier=0.000 m, limit=0.10 m -> usable
[controller_server-11] [INFO] [1790156597.524145009] [controller_server]: Passing new path to controller.
[INFO] [1790156598.548020129] [mapex_explorer]: Main /plan diagnostic: poses=37, endpoint=(-8.60, -11.51), frontier=(-8.60, -11.51), endpoint_to_frontier=0.000 m, limit=0.10 m -> usable
[controller_server-11] [INFO] [1790156598.590814235] [controller_server]: Passing new path to controller.
[INFO] [1790156599.556511616] [mapex_explorer]: Main /plan diagnostic: poses=37, endpoint=(-8.60, -11.51), frontier=(-8.60, -11.51), endpoint_to_frontier=0.000 m, limit=0.10 m -> usable
[controller_server-11] [INFO] [1790156599.590817914] [controller_server]: Passing new path to controller.
[INFO] [1790156600.566830228] [mapex_explorer]: Main /plan diagnostic: poses=37, endpoint=(-8.60, -11.51), frontier=(-8.60, -11.51), endpoint_to_frontier=0.000 m, limit=0.10 m -> usable
[controller_server-11] [INFO] [1790156600.590829799] [controller_server]: Passing new path to controller.
[INFO] [1790156601.593992063] [mapex_explorer]: Main /plan diagnostic: poses=37, endpoint=(-8.60, -11.51), frontier=(-8.60, -11.51), endpoint_to_frontier=0.000 m, limit=0.10 m -> usable
[controller_server-11] [INFO] [1790156601.657495075] [controller_server]: Passing new path to controller.
[INFO] [1790156602.605451459] [mapex_explorer]: Main /plan diagnostic: poses=37, endpoint=(-8.60, -11.51), frontier=(-8.60, -11.51), endpoint_to_frontier=0.000 m, limit=0.10 m -> usable
[controller_server-11] [INFO] [1790156602.657483071] [controller_server]: Passing new path to controller.
[INFO] [1790156603.631982306] [mapex_explorer]: Main /plan diagnostic: poses=37, endpoint=(-8.60, -11.51), frontier=(-8.60, -11.51), endpoint_to_frontier=0.000 m, limit=0.10 m -> usable
[controller_server-11] [INFO] [1790156603.657479290] [controller_server]: Passing new path to controller.
[controller_server-11] [ERROR] [1790156604.390937096] [controller_server]: Failed to make progress
[controller_server-11] [INFO] [1790156604.391619892] [controller_server]: Optimizer reset
[controller_server-11] [WARN] [1790156604.391674335] [controller_server]: [follow_path] [ActionServer] Aborting handle.
[behavior_server-15] [INFO] [1790156604.408146793] [behavior_server]: Running wait
[behavior_server-15] [INFO] [1790156604.708352289] [behavior_server]: wait completed successfully
[INFO] [1790156604.734175045] [mapex_explorer]: Main /plan diagnostic: poses=37, endpoint=(-8.60, -11.51), frontier=(-8.60, -11.51), endpoint_to_frontier=0.000 m, limit=0.10 m -> usable
[controller_server-11] [INFO] [1790156604.747574934] [controller_server]: Received a goal, begin computing control effort.
[INFO] [1790156605.775763785] [mapex_explorer]: Main /plan diagnostic: poses=37, endpoint=(-8.60, -11.51), frontier=(-8.60, -11.51), endpoint_to_frontier=0.000 m, limit=0.10 m -> usable
[controller_server-11] [INFO] [1790156605.815935955] [controller_server]: Passing new path to controller.
[INFO] [1790156606.793649768] [mapex_explorer]: Main /plan diagnostic: poses=37, endpoint=(-8.60, -11.51), frontier=(-8.60, -11.51), endpoint_to_frontier=0.000 m, limit=0.10 m -> usable
[controller_server-11] [INFO] [1790156606.814397177] [controller_server]: Passing new path to controller.
[INFO] [1790156607.811521670] [mapex_explorer]: Main /plan diagnostic: poses=37, endpoint=(-8.60, -11.51), frontier=(-8.60, -11.51), endpoint_to_frontier=0.000 m, limit=0.10 m -> usable
[controller_server-11] [INFO] [1790156607.881736668] [controller_server]: Passing new path to controller.
[INFO] [1790156608.823905293] [mapex_explorer]: Main /plan diagnostic: poses=37, endpoint=(-8.60, -11.51), frontier=(-8.60, -11.51), endpoint_to_frontier=0.000 m, limit=0.10 m -> usable
[controller_server-11] [INFO] [1790156608.881205994] [controller_server]: Passing new path to controller.
[INFO] [1790156609.843283931] [mapex_explorer]: Main /plan diagnostic: poses=37, endpoint=(-8.60, -11.51), frontier=(-8.60, -11.51), endpoint_to_frontier=0.000 m, limit=0.10 m -> usable
[controller_server-11] [INFO] [1790156609.881062712] [controller_server]: Passing new path to controller.
[INFO] [1790156610.871655197] [mapex_explorer]: Main /plan diagnostic: poses=37, endpoint=(-8.60, -11.51), frontier=(-8.60, -11.51), endpoint_to_frontier=0.000 m, limit=0.10 m -> usable
[controller_server-11] [INFO] [1790156610.947734607] [controller_server]: Passing new path to controller.
[INFO] [1790156611.894177526] [mapex_explorer]: Main /plan diagnostic: poses=37, endpoint=(-8.60, -11.51), frontier=(-8.60, -11.51), endpoint_to_frontier=0.000 m, limit=0.10 m -> usable
[controller_server-11] [INFO] [1790156611.948087539] [controller_server]: Passing new path to controller.
[INFO] [1790156612.912713559] [mapex_explorer]: Main /plan diagnostic: poses=37, endpoint=(-8.60, -11.51), frontier=(-8.60, -11.51), endpoint_to_frontier=0.000 m, limit=0.10 m -> usable
[controller_server-11] [INFO] [1790156612.947735945] [controller_server]: Passing new path to controller.
[INFO] [1790156613.943826570] [mapex_explorer]: Main /plan diagnostic: poses=37, endpoint=(-8.60, -11.51), frontier=(-8.60, -11.51), endpoint_to_frontier=0.000 m, limit=0.10 m -> usable
[controller_server-11] [INFO] [1790156614.014394849] [controller_server]: Passing new path to controller.
[INFO] [1790156614.973361247] [mapex_explorer]: Main /plan diagnostic: poses=37, endpoint=(-8.60, -11.51), frontier=(-8.60, -11.51), endpoint_to_frontier=0.000 m, limit=0.10 m -> usable
[controller_server-11] [INFO] [1790156615.014742407] [controller_server]: Passing new path to controller.
[INFO] [1790156615.994530168] [mapex_explorer]: Main /plan diagnostic: poses=37, endpoint=(-8.60, -11.51), frontier=(-8.60, -11.51), endpoint_to_frontier=0.000 m, limit=0.10 m -> usable
[controller_server-11] [INFO] [1790156616.014582748] [controller_server]: Passing new path to controller.
[controller_server-11] [ERROR] [1790156616.481140585] [controller_server]: Failed to make progress
[controller_server-11] [INFO] [1790156616.481658042] [controller_server]: Optimizer reset
[controller_server-11] [WARN] [1790156616.481690414] [controller_server]: [follow_path] [ActionServer] Aborting handle.
[bt_navigator-16] [WARN] [1790156616.509182835] [bt_navigator]: [navigate_to_pose] [ActionServer] Aborting handle.
[bt_navigator-16] [ERROR] [1790156616.509376275] [bt_navigator]: Goal failed
[WARN] [1790156616.551176511] [mapex_explorer]: Main goal failed (status=6, error_code=105)
[WARN] [1790156616.553946978] [mapex_explorer]: Path-guided recovery #1: temporary subgoal x=-8.43, y=-10.16, 0.78 m ahead on main path (remaining main path=2.18 m, trigger_error=105)
[bt_navigator-16] [INFO] [1790156616.555137462] [bt_navigator]: Begin navigating from current location (-8.67, -9.53) to (-8.43, -10.16)
[INFO] [1790156616.565037731] [mapex_explorer]: Subgoal goal accepted
[controller_server-11] [INFO] [1790156616.575759476] [controller_server]: Received a goal, begin computing control effort.
[controller_server-11] [INFO] [1790156617.642578398] [controller_server]: Passing new path to controller.
[controller_server-11] [INFO] [1790156618.642576536] [controller_server]: Passing new path to controller.
[controller_server-11] [INFO] [1790156618.711990657] [controller_server]: Reached the goal!
[controller_server-11] [INFO] [1790156618.712316901] [controller_server]: Optimizer reset
[bt_navigator-16] [INFO] [1790156618.735535098] [bt_navigator]: Goal succeeded
[INFO] [1790156618.741248452] [mapex_explorer]: Recovery subgoal reached; retrying the same main frontier.
[bt_navigator-16] [INFO] [1790156618.742324984] [bt_navigator]: Begin navigating from current location (-8.49, -9.77) to (-8.60, -11.51)
[controller_server-11] [INFO] [1790156618.752870854] [controller_server]: Received a goal, begin computing control effort.
[INFO] [1790156618.764899675] [mapex_explorer]: Main goal accepted
[INFO] [1790156618.765519193] [mapex_explorer]: Main /plan diagnostic: poses=30, endpoint=(-8.60, -11.51), frontier=(-8.60, -11.51), endpoint_to_frontier=0.000 m, limit=0.10 m -> usable
[INFO] [1790156619.757807424] [mapex_explorer]: Main /plan diagnostic: poses=28, endpoint=(-8.60, -11.51), frontier=(-8.60, -11.51), endpoint_to_frontier=0.000 m, limit=0.10 m -> usable
[controller_server-11] [INFO] [1790156619.819672561] [controller_server]: Passing new path to controller.
[INFO] [1790156620.783356998] [mapex_explorer]: Main /plan diagnostic: poses=28, endpoint=(-8.60, -11.51), frontier=(-8.60, -11.51), endpoint_to_frontier=0.000 m, limit=0.10 m -> usable
[controller_server-11] [INFO] [1790156620.819661541] [controller_server]: Passing new path to controller.
[INFO] [1790156621.809753186] [mapex_explorer]: Main /plan diagnostic: poses=28, endpoint=(-8.60, -11.51), frontier=(-8.60, -11.51), endpoint_to_frontier=0.000 m, limit=0.10 m -> usable
[controller_server-11] [INFO] [1790156621.886301002] [controller_server]: Passing new path to controller.
[INFO] [1790156622.828390733] [mapex_explorer]: Main /plan diagnostic: poses=27, endpoint=(-8.60, -11.51), frontier=(-8.60, -11.51), endpoint_to_frontier=0.000 m, limit=0.10 m -> usable
[controller_server-11] [INFO] [1790156622.886321584] [controller_server]: Passing new path to controller.
[INFO] [1790156623.852189435] [mapex_explorer]: Main /plan diagnostic: poses=26, endpoint=(-8.60, -11.51), frontier=(-8.60, -11.51), endpoint_to_frontier=0.000 m, limit=0.10 m -> usable
[controller_server-11] [INFO] [1790156623.886336084] [controller_server]: Passing new path to controller.
[INFO] [1790156624.877290418] [mapex_explorer]: Main /plan diagnostic: poses=25, endpoint=(-8.60, -11.51), frontier=(-8.60, -11.51), endpoint_to_frontier=0.000 m, limit=0.10 m -> usable
[controller_server-11] [INFO] [1790156624.953021620] [controller_server]: Passing new path to controller.
[INFO] [1790156625.896676099] [mapex_explorer]: Main /plan diagnostic: poses=26, endpoint=(-8.60, -11.51), frontier=(-8.60, -11.51), endpoint_to_frontier=0.000 m, limit=0.10 m -> usable
[controller_server-11] [INFO] [1790156625.952998336] [controller_server]: Passing new path to controller.
[INFO] [1790156626.917521195] [mapex_explorer]: Main /plan diagnostic: poses=25, endpoint=(-8.60, -11.51), frontier=(-8.60, -11.51), endpoint_to_frontier=0.000 m, limit=0.10 m -> usable
[controller_server-11] [INFO] [1790156626.953082982] [controller_server]: Passing new path to controller.
[INFO] [1790156627.942719729] [mapex_explorer]: Main /plan diagnostic: poses=30, endpoint=(-8.60, -11.51), frontier=(-8.60, -11.51), endpoint_to_frontier=0.000 m, limit=0.10 m -> usable
[controller_server-11] [INFO] [1790156628.019683189] [controller_server]: Passing new path to controller.
[INFO] [1790156628.973817401] [mapex_explorer]: Main /plan diagnostic: poses=26, endpoint=(-8.60, -11.51), frontier=(-8.60, -11.51), endpoint_to_frontier=0.000 m, limit=0.10 m -> usable
[controller_server-11] [INFO] [1790156629.019664910] [controller_server]: Passing new path to controller.
[INFO] [1790156629.996476489] [mapex_explorer]: Main /plan diagnostic: poses=26, endpoint=(-8.60, -11.51), frontier=(-8.60, -11.51), endpoint_to_frontier=0.000 m, limit=0.10 m -> usable
[controller_server-11] [INFO] [1790156630.019688049] [controller_server]: Passing new path to controller.
[controller_server-11] [ERROR] [1790156630.353295270] [controller_server]: Failed to make progress
[controller_server-11] [INFO] [1790156630.353638575] [controller_server]: Optimizer reset
[controller_server-11] [WARN] [1790156630.353678673] [controller_server]: [follow_path] [ActionServer] Aborting handle.
[behavior_server-15] [INFO] [1790156630.373968345] [behavior_server]: Running wait
[behavior_server-15] [INFO] [1790156630.674125844] [behavior_server]: wait completed successfully
[INFO] [1790156630.696488420] [mapex_explorer]: Main /plan diagnostic: poses=26, endpoint=(-8.60, -11.51), frontier=(-8.60, -11.51), endpoint_to_frontier=0.000 m, limit=0.10 m -> usable
[controller_server-11] [INFO] [1790156630.712932614] [controller_server]: Received a goal, begin computing control effort.
[INFO] [1790156631.728120126] [mapex_explorer]: Main /plan diagnostic: poses=26, endpoint=(-8.60, -11.51), frontier=(-8.60, -11.51), endpoint_to_frontier=0.000 m, limit=0.10 m -> usable
[controller_server-11] [INFO] [1790156631.779853904] [controller_server]: Passing new path to controller.
[INFO] [1790156632.749143929] [mapex_explorer]: Main /plan diagnostic: poses=26, endpoint=(-8.60, -11.51), frontier=(-8.60, -11.51), endpoint_to_frontier=0.000 m, limit=0.10 m -> usable
[controller_server-11] [INFO] [1790156632.779843551] [controller_server]: Passing new path to controller.
[INFO] [1790156633.767602444] [mapex_explorer]: Main /plan diagnostic: poses=25, endpoint=(-8.60, -11.51), frontier=(-8.60, -11.51), endpoint_to_frontier=0.000 m, limit=0.10 m -> usable
[controller_server-11] [INFO] [1790156633.846498489] [controller_server]: Passing new path to controller.
[INFO] [1790156634.788921448] [mapex_explorer]: Main /plan diagnostic: poses=27, endpoint=(-8.60, -11.51), frontier=(-8.60, -11.51), endpoint_to_frontier=0.000 m, limit=0.10 m -> usable
[controller_server-11] [INFO] [1790156634.846500222] [controller_server]: Passing new path to controller.
[INFO] [1790156635.807446745] [mapex_explorer]: Main /plan diagnostic: poses=25, endpoint=(-8.60, -11.51), frontier=(-8.60, -11.51), endpoint_to_frontier=0.000 m, limit=0.10 m -> usable
[controller_server-11] [INFO] [1790156635.846603578] [controller_server]: Passing new path to controller.
[INFO] [1790156636.837305585] [mapex_explorer]: Main /plan diagnostic: poses=26, endpoint=(-8.60, -11.51), frontier=(-8.60, -11.51), endpoint_to_frontier=0.000 m, limit=0.10 m -> usable
[controller_server-11] [INFO] [1790156636.913168550] [controller_server]: Passing new path to controller.
[INFO] [1790156637.871093892] [mapex_explorer]: Main /plan diagnostic: poses=26, endpoint=(-8.60, -11.51), frontier=(-8.60, -11.51), endpoint_to_frontier=0.000 m, limit=0.10 m -> usable
[controller_server-11] [INFO] [1790156637.913741623] [controller_server]: Passing new path to controller.
[INFO] [1790156638.888521848] [mapex_explorer]: Main /plan diagnostic: poses=29, endpoint=(-8.60, -11.51), frontier=(-8.60, -11.51), endpoint_to_frontier=0.000 m, limit=0.10 m -> usable
[controller_server-11] [INFO] [1790156638.913528871] [controller_server]: Passing new path to controller.
[INFO] [1790156639.907630251] [mapex_explorer]: Main /plan diagnostic: poses=30, endpoint=(-8.60, -11.51), frontier=(-8.60, -11.51), endpoint_to_frontier=0.000 m, limit=0.10 m -> usable
[controller_server-11] [INFO] [1790156639.979836889] [controller_server]: Passing new path to controller.
[INFO] [1790156640.928875328] [mapex_explorer]: Main /plan diagnostic: poses=30, endpoint=(-8.60, -11.51), frontier=(-8.60, -11.51), endpoint_to_frontier=0.000 m, limit=0.10 m -> usable
[controller_server-11] [INFO] [1790156640.979836459] [controller_server]: Passing new path to controller.
[INFO] [1790156641.949394793] [mapex_explorer]: Main /plan diagnostic: poses=32, endpoint=(-8.60, -11.51), frontier=(-8.60, -11.51), endpoint_to_frontier=0.000 m, limit=0.10 m -> usable
[controller_server-11] [INFO] [1790156641.979838187] [controller_server]: Passing new path to controller.
[controller_server-11] [ERROR] [1790156642.314561810] [controller_server]: Failed to make progress
[controller_server-11] [INFO] [1790156642.315006329] [controller_server]: Optimizer reset
[controller_server-11] [WARN] [1790156642.315037372] [controller_server]: [follow_path] [ActionServer] Aborting handle.
[bt_navigator-16] [WARN] [1790156642.342469930] [bt_navigator]: [navigate_to_pose] [ActionServer] Aborting handle.
[bt_navigator-16] [ERROR] [1790156642.342636004] [bt_navigator]: Goal failed
[WARN] [1790156642.345378803] [mapex_explorer]: Main goal failed (status=6, error_code=105)
[WARN] [1790156642.345980972] [mapex_explorer]: Main frontier temporarily suppressed after FAILED_TO_MAKE_PROGRESS (105): x=-8.60, y=-11.51; reason=repeated_failed_to_make_progress; radius=0.30 m, cooldown=30 s. Exploration will continue with another frontier.
[INFO] [1790156647.931684956] [mapex_explorer]: MapEx decision 9: selected x=-11.18, y=-11.41, IG=22.967672, distance=3.15 m, score=7.286005, region=38, candidates=28, near_fallback=False, compute=5.32 s
[bt_navigator-16] [INFO] [1790156647.934959107] [bt_navigator]: Begin navigating from current location (-8.54, -9.70) to (-11.18, -11.41)
[controller_server-11] [INFO] [1790156647.937764122] [controller_server]: Received a goal, begin computing control effort.
[INFO] [1790156648.046411636] [mapex_explorer]: Main goal accepted
[INFO] [1790156648.109406842] [mapex_explorer]: Main /plan diagnostic: poses=87, endpoint=(-11.18, -11.41), frontier=(-11.18, -11.41), endpoint_to_frontier=0.000 m, limit=0.10 m -> usable
[INFO] [1790156648.962282747] [mapex_explorer]: Main /plan diagnostic: poses=86, endpoint=(-11.18, -11.41), frontier=(-11.18, -11.41), endpoint_to_frontier=0.000 m, limit=0.10 m -> usable
[controller_server-11] [INFO] [1790156649.004572608] [controller_server]: Passing new path to controller.
[INFO] [1790156649.974621873] [mapex_explorer]: Main /plan diagnostic: poses=83, endpoint=(-11.18, -11.41), frontier=(-11.18, -11.41), endpoint_to_frontier=0.000 m, limit=0.10 m -> usable
[controller_server-11] [INFO] [1790156650.004585192] [controller_server]: Passing new path to controller.
[INFO] [1790156650.992901015] [mapex_explorer]: Main /plan diagnostic: poses=83, endpoint=(-11.18, -11.41), frontier=(-11.18, -11.41), endpoint_to_frontier=0.000 m, limit=0.10 m -> usable
[controller_server-11] [INFO] [1790156651.072403760] [controller_server]: Passing new path to controller.
[INFO] [1790156652.026658106] [mapex_explorer]: Main /plan diagnostic: poses=77, endpoint=(-11.18, -11.41), frontier=(-11.18, -11.41), endpoint_to_frontier=0.000 m, limit=0.10 m -> usable
[controller_server-11] [INFO] [1790156652.071256463] [controller_server]: Passing new path to controller.
[INFO] [1790156653.051327844] [mapex_explorer]: Main /plan diagnostic: poses=69, endpoint=(-11.18, -11.41), frontier=(-11.18, -11.41), endpoint_to_frontier=0.000 m, limit=0.10 m -> usable
[controller_server-11] [INFO] [1790156653.071196752] [controller_server]: Passing new path to controller.
[INFO] [1790156654.073482284] [mapex_explorer]: Main /plan diagnostic: poses=61, endpoint=(-11.18, -11.41), frontier=(-11.18, -11.41), endpoint_to_frontier=0.000 m, limit=0.10 m -> usable
[controller_server-11] [INFO] [1790156654.138449973] [controller_server]: Passing new path to controller.
[INFO] [1790156655.083687322] [mapex_explorer]: Main /plan diagnostic: poses=51, endpoint=(-11.18, -11.41), frontier=(-11.18, -11.41), endpoint_to_frontier=0.000 m, limit=0.10 m -> usable
[controller_server-11] [INFO] [1790156655.138200619] [controller_server]: Passing new path to controller.
[INFO] [1790156656.123571780] [mapex_explorer]: Main /plan diagnostic: poses=42, endpoint=(-11.18, -11.41), frontier=(-11.18, -11.41), endpoint_to_frontier=0.000 m, limit=0.10 m -> usable
[controller_server-11] [INFO] [1790156656.137928878] [controller_server]: Passing new path to controller.
[INFO] [1790156657.143110845] [mapex_explorer]: Main /plan diagnostic: poses=31, endpoint=(-11.18, -11.41), frontier=(-11.18, -11.41), endpoint_to_frontier=0.000 m, limit=0.10 m -> usable
[controller_server-11] [INFO] [1790156657.204572307] [controller_server]: Passing new path to controller.
[INFO] [1790156658.166012948] [mapex_explorer]: Main /plan diagnostic: poses=25, endpoint=(-11.18, -11.41), frontier=(-11.18, -11.41), endpoint_to_frontier=0.000 m, limit=0.10 m -> usable
[controller_server-11] [INFO] [1790156658.204567142] [controller_server]: Passing new path to controller.
[INFO] [1790156659.181924375] [mapex_explorer]: Main /plan diagnostic: poses=20, endpoint=(-11.18, -11.41), frontier=(-11.18, -11.41), endpoint_to_frontier=0.000 m, limit=0.10 m -> usable
[controller_server-11] [INFO] [1790156659.204657037] [controller_server]: Passing new path to controller.
[INFO] [1790156660.201725451] [mapex_explorer]: Main /plan diagnostic: poses=11, endpoint=(-11.18, -11.41), frontier=(-11.18, -11.41), endpoint_to_frontier=0.000 m, limit=0.10 m -> usable
[controller_server-11] [INFO] [1790156660.271765199] [controller_server]: Passing new path to controller.
[controller_server-11] [INFO] [1790156661.073211932] [controller_server]: Reached the goal!
[controller_server-11] [INFO] [1790156661.073443181] [controller_server]: Optimizer reset
[bt_navigator-16] [INFO] [1790156661.095308698] [bt_navigator]: Goal succeeded
[INFO] [1790156661.097640202] [mapex_explorer]: Goal reached
[INFO] [1790156666.764691721] [mapex_explorer]: MapEx decision 10: selected x=4.02, y=-7.41, IG=88.704094, distance=15.74 m, score=5.634916, region=32, candidates=27, near_fallback=False, compute=5.15 s
[bt_navigator-16] [INFO] [1790156666.765799793] [bt_navigator]: Begin navigating from current location (-11.29, -11.08) to (4.02, -7.41)
[controller_server-11] [INFO] [1790156666.787018868] [controller_server]: Received a goal, begin computing control effort.
[INFO] [1790156666.874116890] [mapex_explorer]: Main goal accepted
[INFO] [1790156667.060436747] [mapex_explorer]: Main /plan diagnostic: poses=427, endpoint=(4.02, -7.41), frontier=(4.02, -7.41), endpoint_to_frontier=0.000 m, limit=0.10 m -> usable
[INFO] [1790156667.813163406] [mapex_explorer]: Main /plan diagnostic: poses=423, endpoint=(4.02, -7.41), frontier=(4.02, -7.41), endpoint_to_frontier=0.000 m, limit=0.10 m -> usable
[controller_server-11] [INFO] [1790156667.853895712] [controller_server]: Passing new path to controller.
[INFO] [1790156668.846051053] [mapex_explorer]: Main /plan diagnostic: poses=416, endpoint=(4.02, -7.41), frontier=(4.02, -7.41), endpoint_to_frontier=0.000 m, limit=0.10 m -> usable
[controller_server-11] [INFO] [1790156668.853895674] [controller_server]: Passing new path to controller.
[INFO] [1790156669.882374201] [mapex_explorer]: Main /plan diagnostic: poses=410, endpoint=(4.02, -7.41), frontier=(4.02, -7.41), endpoint_to_frontier=0.000 m, limit=0.10 m -> usable
[controller_server-11] [INFO] [1790156669.920559745] [controller_server]: Passing new path to controller.
[INFO] [1790156670.902346674] [mapex_explorer]: Main /plan diagnostic: poses=403, endpoint=(4.02, -7.41), frontier=(4.02, -7.41), endpoint_to_frontier=0.000 m, limit=0.10 m -> usable
[controller_server-11] [INFO] [1790156670.921673528] [controller_server]: Passing new path to controller.
[INFO] [1790156671.945433000] [mapex_explorer]: Main /plan diagnostic: poses=398, endpoint=(4.02, -7.41), frontier=(4.02, -7.41), endpoint_to_frontier=0.000 m, limit=0.10 m -> usable
[controller_server-11] [INFO] [1790156671.987922344] [controller_server]: Passing new path to controller.
[INFO] [1790156672.954140252] [mapex_explorer]: Main /plan diagnostic: poses=390, endpoint=(4.02, -7.41), frontier=(4.02, -7.41), endpoint_to_frontier=0.000 m, limit=0.10 m -> usable
[controller_server-11] [INFO] [1790156672.987491467] [controller_server]: Passing new path to controller.
[controller_server-11] [INFO] [1790156673.987230340] [controller_server]: Passing new path to controller.
[INFO] [1790156673.995334315] [mapex_explorer]: Main /plan diagnostic: poses=384, endpoint=(4.02, -7.41), frontier=(4.02, -7.41), endpoint_to_frontier=0.000 m, limit=0.10 m -> usable
[INFO] [1790156675.005983552] [mapex_explorer]: Main /plan diagnostic: poses=377, endpoint=(4.02, -7.41), frontier=(4.02, -7.41), endpoint_to_frontier=0.000 m, limit=0.10 m -> usable
[controller_server-11] [INFO] [1790156675.054167607] [controller_server]: Passing new path to controller.
[INFO] [1790156676.026548715] [mapex_explorer]: Main /plan diagnostic: poses=370, endpoint=(4.02, -7.41), frontier=(4.02, -7.41), endpoint_to_frontier=0.000 m, limit=0.10 m -> usable
[controller_server-11] [INFO] [1790156676.054468284] [controller_server]: Passing new path to controller.
[INFO] [1790156677.065387865] [mapex_explorer]: Main /plan diagnostic: poses=365, endpoint=(4.02, -7.41), frontier=(4.02, -7.41), endpoint_to_frontier=0.000 m, limit=0.10 m -> usable
[controller_server-11] [INFO] [1790156677.120772145] [controller_server]: Passing new path to controller.
[INFO] [1790156678.074528270] [mapex_explorer]: Main /plan diagnostic: poses=360, endpoint=(4.02, -7.41), frontier=(4.02, -7.41), endpoint_to_frontier=0.000 m, limit=0.10 m -> usable
[controller_server-11] [INFO] [1790156678.120611849] [controller_server]: Passing new path to controller.
[INFO] [1790156679.099756719] [mapex_explorer]: Main /plan diagnostic: poses=353, endpoint=(4.02, -7.41), frontier=(4.02, -7.41), endpoint_to_frontier=0.000 m, limit=0.10 m -> usable
[controller_server-11] [INFO] [1790156679.120561193] [controller_server]: Passing new path to controller.
[INFO] [1790156680.129033893] [mapex_explorer]: Main /plan diagnostic: poses=349, endpoint=(4.02, -7.41), frontier=(4.02, -7.41), endpoint_to_frontier=0.000 m, limit=0.10 m -> usable
[controller_server-11] [INFO] [1790156680.187250901] [controller_server]: Passing new path to controller.
[INFO] [1790156681.153566441] [mapex_explorer]: Main /plan diagnostic: poses=342, endpoint=(4.02, -7.41), frontier=(4.02, -7.41), endpoint_to_frontier=0.000 m, limit=0.10 m -> usable
[controller_server-11] [INFO] [1790156681.187252058] [controller_server]: Passing new path to controller.
[INFO] [1790156682.179716787] [mapex_explorer]: Main /plan diagnostic: poses=336, endpoint=(4.02, -7.41), frontier=(4.02, -7.41), endpoint_to_frontier=0.000 m, limit=0.10 m -> usable
[controller_server-11] [INFO] [1790156682.187296780] [controller_server]: Passing new path to controller.
[INFO] [1790156683.204325040] [mapex_explorer]: Main /plan diagnostic: poses=330, endpoint=(4.02, -7.41), frontier=(4.02, -7.41), endpoint_to_frontier=0.000 m, limit=0.10 m -> usable
[controller_server-11] [INFO] [1790156683.253895019] [controller_server]: Passing new path to controller.
[INFO] [1790156684.238587980] [mapex_explorer]: Main /plan diagnostic: poses=323, endpoint=(4.02, -7.41), frontier=(4.02, -7.41), endpoint_to_frontier=0.000 m, limit=0.10 m -> usable
[controller_server-11] [INFO] [1790156684.254104099] [controller_server]: Passing new path to controller.
[INFO] [1790156685.252190307] [mapex_explorer]: Main /plan diagnostic: poses=319, endpoint=(4.02, -7.41), frontier=(4.02, -7.41), endpoint_to_frontier=0.000 m, limit=0.10 m -> usable
[controller_server-11] [INFO] [1790156685.320619439] [controller_server]: Passing new path to controller.
[INFO] [1790156686.273562495] [mapex_explorer]: Main /plan diagnostic: poses=310, endpoint=(4.02, -7.41), frontier=(4.02, -7.41), endpoint_to_frontier=0.000 m, limit=0.10 m -> usable
[controller_server-11] [INFO] [1790156686.320597654] [controller_server]: Passing new path to controller.
[INFO] [1790156687.302977288] [mapex_explorer]: Main /plan diagnostic: poses=306, endpoint=(4.02, -7.41), frontier=(4.02, -7.41), endpoint_to_frontier=0.000 m, limit=0.10 m -> usable
[controller_server-11] [INFO] [1790156687.320569944] [controller_server]: Passing new path to controller.
[INFO] [1790156688.332653382] [mapex_explorer]: Main /plan diagnostic: poses=306, endpoint=(4.02, -7.41), frontier=(4.02, -7.41), endpoint_to_frontier=0.000 m, limit=0.10 m -> usable
[controller_server-11] [INFO] [1790156688.387231309] [controller_server]: Passing new path to controller.
[INFO] [1790156689.356373218] [mapex_explorer]: Main /plan diagnostic: poses=305, endpoint=(4.02, -7.41), frontier=(4.02, -7.41), endpoint_to_frontier=0.000 m, limit=0.10 m -> usable
[controller_server-11] [INFO] [1790156689.387225625] [controller_server]: Passing new path to controller.
[INFO] [1790156690.380873582] [mapex_explorer]: Main /plan diagnostic: poses=299, endpoint=(4.02, -7.41), frontier=(4.02, -7.41), endpoint_to_frontier=0.000 m, limit=0.10 m -> usable
[controller_server-11] [INFO] [1790156690.387229201] [controller_server]: Passing new path to controller.
[async_slam_toolbox_node-10] W20260923 16:44:51.281199  5795 preprocessor.cc:67] Specified options.num_threads: 50 exceeds maximum available from the threading model Ceres was compiled with: 16.  Bounding to maximum number available.
[async_slam_toolbox_node-10] [INFO] [1790156691.285183338] [slam_toolbox]: Adaptive anchor summary: latest_node=473, local_edges=490, loop_history=0, avg_effective_weight=1.590, release_regions=0
[INFO] [1790156691.409764920] [mapex_explorer]: Main /plan diagnostic: poses=289, endpoint=(4.02, -7.41), frontier=(4.02, -7.41), endpoint_to_frontier=0.000 m, limit=0.10 m -> usable
[controller_server-11] [INFO] [1790156691.453893929] [controller_server]: Passing new path to controller.
[controller_server-11] [INFO] [1790156692.390375946] [local_costmap.local_costmap]: StaticLayer: Resizing static layer to 241 X 199 at 0.100000 m/pix
[INFO] [1790156692.429971246] [mapex_explorer]: Main /plan diagnostic: poses=278, endpoint=(4.02, -7.41), frontier=(4.02, -7.41), endpoint_to_frontier=0.000 m, limit=0.10 m -> usable
[controller_server-11] [INFO] [1790156692.453899544] [controller_server]: Passing new path to controller.
[planner_server-13] [INFO] [1790156692.929550693] [global_costmap.global_costmap]: StaticLayer: Resizing costmap to 241 X 199 at 0.100000 m/pix
[INFO] [1790156693.463431373] [mapex_explorer]: Main /plan diagnostic: poses=270, endpoint=(4.02, -7.41), frontier=(4.02, -7.41), endpoint_to_frontier=0.000 m, limit=0.10 m -> usable
[controller_server-11] [INFO] [1790156693.520985707] [controller_server]: Passing new path to controller.
[INFO] [1790156694.483979790] [mapex_explorer]: Main /plan diagnostic: poses=260, endpoint=(4.02, -7.41), frontier=(4.02, -7.41), endpoint_to_frontier=0.000 m, limit=0.10 m -> usable
[controller_server-11] [INFO] [1790156694.521469730] [controller_server]: Passing new path to controller.
[async_slam_toolbox_node-10] W20260923 16:44:54.790868  5795 preprocessor.cc:67] Specified options.num_threads: 50 exceeds maximum available from the threading model Ceres was compiled with: 16.  Bounding to maximum number available.
[controller_server-11] [INFO] [1790156695.390010664] [local_costmap.local_costmap]: StaticLayer: Resizing static layer to 241 X 199 at 0.100000 m/pix
[controller_server-11] [INFO] [1790156695.521079175] [controller_server]: Passing new path to controller.
[INFO] [1790156695.561970116] [mapex_explorer]: Main /plan diagnostic: poses=251, endpoint=(4.02, -7.41), frontier=(4.02, -7.41), endpoint_to_frontier=0.000 m, limit=0.10 m -> usable
[planner_server-13] [INFO] [1790156695.929537884] [global_costmap.global_costmap]: StaticLayer: Resizing costmap to 241 X 199 at 0.100000 m/pix
[controller_server-11] [INFO] [1790156696.390000303] [local_costmap.local_costmap]: StaticLayer: Resizing static layer to 241 X 199 at 0.100000 m/pix
[INFO] [1790156696.564775030] [mapex_explorer]: Main /plan diagnostic: poses=242, endpoint=(4.02, -7.41), frontier=(4.02, -7.41), endpoint_to_frontier=0.000 m, limit=0.10 m -> usable
[controller_server-11] [INFO] [1790156696.587230423] [controller_server]: Passing new path to controller.
[planner_server-13] [INFO] [1790156696.929605152] [global_costmap.global_costmap]: StaticLayer: Resizing costmap to 241 X 199 at 0.100000 m/pix
[rviz2-7] [INFO] [1790156697.270860292] [rviz2]: Trying to create a map of size 241 x 200 using 1 swatches
[controller_server-11] [INFO] [1790156697.389994503] [local_costmap.local_costmap]: StaticLayer: Resizing static layer to 241 X 200 at 0.100000 m/pix
[INFO] [1790156697.563727974] [mapex_explorer]: Main /plan diagnostic: poses=234, endpoint=(4.02, -7.41), frontier=(4.02, -7.41), endpoint_to_frontier=0.000 m, limit=0.10 m -> usable
[controller_server-11] [INFO] [1790156697.587237224] [controller_server]: Passing new path to controller.
[planner_server-13] [INFO] [1790156697.929547682] [global_costmap.global_costmap]: StaticLayer: Resizing costmap to 241 X 200 at 0.100000 m/pix
[INFO] [1790156698.581753349] [mapex_explorer]: Main /plan diagnostic: poses=223, endpoint=(4.02, -7.41), frontier=(4.02, -7.41), endpoint_to_frontier=0.000 m, limit=0.10 m -> usable
[controller_server-11] [INFO] [1790156698.587228977] [controller_server]: Passing new path to controller.
[async_slam_toolbox_node-10] W20260923 16:44:59.454545  5795 preprocessor.cc:67] Specified options.num_threads: 50 exceeds maximum available from the threading model Ceres was compiled with: 16.  Bounding to maximum number available.
[controller_server-11] [INFO] [1790156699.653902492] [controller_server]: Passing new path to controller.
[INFO] [1790156699.667166139] [mapex_explorer]: Main /plan diagnostic: poses=215, endpoint=(4.02, -7.41), frontier=(4.02, -7.41), endpoint_to_frontier=0.000 m, limit=0.10 m -> usable
[controller_server-11] [INFO] [1790156700.390026572] [local_costmap.local_costmap]: StaticLayer: Resizing static layer to 241 X 200 at 0.100000 m/pix
[INFO] [1790156700.625372207] [mapex_explorer]: Main /plan diagnostic: poses=207, endpoint=(4.02, -7.41), frontier=(4.02, -7.41), endpoint_to_frontier=0.000 m, limit=0.10 m -> usable
[controller_server-11] [INFO] [1790156700.653924518] [controller_server]: Passing new path to controller.
[planner_server-13] [INFO] [1790156700.929536575] [global_costmap.global_costmap]: StaticLayer: Resizing costmap to 241 X 200 at 0.100000 m/pix
[INFO] [1790156701.642809343] [mapex_explorer]: Main /plan diagnostic: poses=197, endpoint=(4.02, -7.41), frontier=(4.02, -7.41), endpoint_to_frontier=0.000 m, limit=0.10 m -> usable
[controller_server-11] [INFO] [1790156701.654287800] [controller_server]: Passing new path to controller.
[INFO] [1790156702.664889816] [mapex_explorer]: Main /plan diagnostic: poses=189, endpoint=(4.02, -7.41), frontier=(4.02, -7.41), endpoint_to_frontier=0.000 m, limit=0.10 m -> usable
[controller_server-11] [INFO] [1790156702.720557177] [controller_server]: Passing new path to controller.
[INFO] [1790156703.688032751] [mapex_explorer]: Main /plan diagnostic: poses=180, endpoint=(4.02, -7.41), frontier=(4.02, -7.41), endpoint_to_frontier=0.000 m, limit=0.10 m -> usable
[controller_server-11] [INFO] [1790156703.720555730] [controller_server]: Passing new path to controller.
[INFO] [1790156704.721005542] [mapex_explorer]: Main /plan diagnostic: poses=170, endpoint=(4.02, -7.41), frontier=(4.02, -7.41), endpoint_to_frontier=0.000 m, limit=0.10 m -> usable
[controller_server-11] [INFO] [1790156704.787226638] [controller_server]: Passing new path to controller.
[INFO] [1790156705.738100975] [mapex_explorer]: Main /plan diagnostic: poses=160, endpoint=(4.02, -7.41), frontier=(4.02, -7.41), endpoint_to_frontier=0.000 m, limit=0.10 m -> usable
[controller_server-11] [INFO] [1790156705.787246428] [controller_server]: Passing new path to controller.
[INFO] [1790156706.765295420] [mapex_explorer]: Main /plan diagnostic: poses=150, endpoint=(4.02, -7.41), frontier=(4.02, -7.41), endpoint_to_frontier=0.000 m, limit=0.10 m -> usable
[controller_server-11] [INFO] [1790156706.787225168] [controller_server]: Passing new path to controller.
[INFO] [1790156707.793177503] [mapex_explorer]: Main /plan diagnostic: poses=140, endpoint=(4.02, -7.41), frontier=(4.02, -7.41), endpoint_to_frontier=0.000 m, limit=0.10 m -> usable
[controller_server-11] [INFO] [1790156707.853911576] [controller_server]: Passing new path to controller.
[INFO] [1790156708.816709480] [mapex_explorer]: Main /plan diagnostic: poses=130, endpoint=(4.02, -7.41), frontier=(4.02, -7.41), endpoint_to_frontier=0.000 m, limit=0.10 m -> usable
[controller_server-11] [INFO] [1790156708.853891395] [controller_server]: Passing new path to controller.
[INFO] [1790156709.833646695] [mapex_explorer]: Main /plan diagnostic: poses=122, endpoint=(4.02, -7.41), frontier=(4.02, -7.41), endpoint_to_frontier=0.000 m, limit=0.10 m -> usable
[controller_server-11] [INFO] [1790156709.853889028] [controller_server]: Passing new path to controller.
[INFO] [1790156710.864359277] [mapex_explorer]: Main /plan diagnostic: poses=113, endpoint=(4.02, -7.41), frontier=(4.02, -7.41), endpoint_to_frontier=0.000 m, limit=0.10 m -> usable
[controller_server-11] [INFO] [1790156710.920558850] [controller_server]: Passing new path to controller.
[INFO] [1790156711.915886513] [mapex_explorer]: Main /plan diagnostic: poses=103, endpoint=(4.02, -7.41), frontier=(4.02, -7.41), endpoint_to_frontier=0.000 m, limit=0.10 m -> usable
[controller_server-11] [INFO] [1790156711.920563707] [controller_server]: Passing new path to controller.
[INFO] [1790156712.921950519] [mapex_explorer]: Main /plan diagnostic: poses=93, endpoint=(4.02, -7.41), frontier=(4.02, -7.41), endpoint_to_frontier=0.000 m, limit=0.10 m -> usable
[controller_server-11] [INFO] [1790156712.987222589] [controller_server]: Passing new path to controller.
[INFO] [1790156713.942597465] [mapex_explorer]: Main /plan diagnostic: poses=82, endpoint=(4.02, -7.41), frontier=(4.02, -7.41), endpoint_to_frontier=0.000 m, limit=0.10 m -> usable
[controller_server-11] [INFO] [1790156713.987222283] [controller_server]: Passing new path to controller.
[INFO] [1790156714.969769296] [mapex_explorer]: Main /plan diagnostic: poses=74, endpoint=(4.02, -7.41), frontier=(4.02, -7.41), endpoint_to_frontier=0.000 m, limit=0.10 m -> usable
[controller_server-11] [INFO] [1790156714.987220037] [controller_server]: Passing new path to controller.
[rviz2-7] [INFO] [1790156715.252090280] [rviz2]: Trying to create a map of size 245 x 200 using 1 swatches
[controller_server-11] [INFO] [1790156715.390002568] [local_costmap.local_costmap]: StaticLayer: Resizing static layer to 245 X 200 at 0.100000 m/pix
[planner_server-13] [INFO] [1790156715.929525083] [global_costmap.global_costmap]: StaticLayer: Resizing costmap to 245 X 200 at 0.100000 m/pix
[INFO] [1790156716.001815365] [mapex_explorer]: Main /plan diagnostic: poses=64, endpoint=(4.02, -7.41), frontier=(4.02, -7.41), endpoint_to_frontier=0.000 m, limit=0.10 m -> usable
[controller_server-11] [INFO] [1790156716.053894895] [controller_server]: Passing new path to controller.
[rviz2-7] [INFO] [1790156716.241450899] [rviz2]: Trying to create a map of size 258 x 200 using 1 swatches
[controller_server-11] [INFO] [1790156716.390029950] [local_costmap.local_costmap]: StaticLayer: Resizing static layer to 258 X 200 at 0.100000 m/pix
[planner_server-13] [INFO] [1790156716.929517351] [global_costmap.global_costmap]: StaticLayer: Resizing costmap to 258 X 200 at 0.100000 m/pix
[INFO] [1790156717.033281024] [mapex_explorer]: Main /plan diagnostic: poses=53, endpoint=(4.02, -7.41), frontier=(4.02, -7.41), endpoint_to_frontier=0.000 m, limit=0.10 m -> usable
[controller_server-11] [INFO] [1790156717.053910655] [controller_server]: Passing new path to controller.
[INFO] [1790156718.061956542] [mapex_explorer]: Main /plan diagnostic: poses=45, endpoint=(4.02, -7.41), frontier=(4.02, -7.41), endpoint_to_frontier=0.000 m, limit=0.10 m -> usable
[controller_server-11] [INFO] [1790156718.120560470] [controller_server]: Passing new path to controller.
[INFO] [1790156719.092008127] [mapex_explorer]: Main /plan diagnostic: poses=34, endpoint=(4.02, -7.41), frontier=(4.02, -7.41), endpoint_to_frontier=0.000 m, limit=0.10 m -> usable
[controller_server-11] [INFO] [1790156719.120565423] [controller_server]: Passing new path to controller.
[INFO] [1790156720.122050886] [mapex_explorer]: Main /plan diagnostic: poses=25, endpoint=(4.02, -7.41), frontier=(4.02, -7.41), endpoint_to_frontier=0.000 m, limit=0.10 m -> usable
[controller_server-11] [INFO] [1790156720.187248870] [controller_server]: Passing new path to controller.
[INFO] [1790156721.143618021] [mapex_explorer]: Main /plan diagnostic: poses=16, endpoint=(4.02, -7.41), frontier=(4.02, -7.41), endpoint_to_frontier=0.000 m, limit=0.10 m -> usable
[controller_server-11] [INFO] [1790156721.188014768] [controller_server]: Passing new path to controller.
[INFO] [1790156722.171449478] [mapex_explorer]: Main /plan diagnostic: poses=11, endpoint=(4.02, -7.41), frontier=(4.02, -7.41), endpoint_to_frontier=0.000 m, limit=0.10 m -> usable
[controller_server-11] [INFO] [1790156722.187225110] [controller_server]: Passing new path to controller.
[controller_server-11] [INFO] [1790156722.922615238] [controller_server]: Reached the goal!
[controller_server-11] [INFO] [1790156722.922957375] [controller_server]: Optimizer reset
[bt_navigator-16] [INFO] [1790156722.946096814] [bt_navigator]: Goal succeeded
[INFO] [1790156722.949747144] [mapex_explorer]: Goal reached
[INFO] [1790156727.825745828] [mapex_explorer]: MapEx decision 11: selected x=6.61, y=-7.52, IG=30.246651, distance=2.84 m, score=10.649565, region=31, candidates=29, near_fallback=False, compute=4.21 s
[bt_navigator-16] [INFO] [1790156727.826515895] [bt_navigator]: Begin navigating from current location (3.80, -7.15) to (6.61, -7.52)
[controller_server-11] [INFO] [1790156727.847260110] [controller_server]: Received a goal, begin computing control effort.
[INFO] [1790156727.968800215] [mapex_explorer]: Main goal accepted
[INFO] [1790156728.082958691] [mapex_explorer]: Main /plan diagnostic: poses=67, endpoint=(6.61, -7.52), frontier=(6.61, -7.52), endpoint_to_frontier=0.000 m, limit=0.10 m -> usable
[INFO] [1790156728.861709133] [mapex_explorer]: Main /plan diagnostic: poses=59, endpoint=(6.61, -7.52), frontier=(6.61, -7.52), endpoint_to_frontier=0.000 m, limit=0.10 m -> usable
[controller_server-11] [INFO] [1790156728.914080674] [controller_server]: Passing new path to controller.
[INFO] [1790156729.897478250] [mapex_explorer]: Main /plan diagnostic: poses=51, endpoint=(6.61, -7.52), frontier=(6.61, -7.52), endpoint_to_frontier=0.000 m, limit=0.10 m -> usable
[controller_server-11] [INFO] [1790156729.914069976] [controller_server]: Passing new path to controller.
[planner_server-13] [WARN] [1790156730.920506022] [planner_server]: GridBased plugin failed to plan from (4.85, -7.86) to (6.61, -7.52): "Failed to create plan with tolerance of: 0.000000"
[planner_server-13] [WARN] [1790156730.921726139] [planner_server]: [compute_path_to_pose] [ActionServer] Aborting handle.
[bt_navigator-16] [ERROR] [1790156730.958609605] [bt_navigator_navigate_to_pose_rclcpp_node]: Failed to get result for follow_path in node halt!
[behavior_server-15] [INFO] [1790156730.958983017] [behavior_server]: Running wait
[controller_server-11] [INFO] [1790156730.980819925] [controller_server]: Cancellation was successful. Stopping the robot.
[controller_server-11] [INFO] [1790156730.980880621] [controller_server]: [follow_path] [ActionServer] Client requested to cancel the goal. Cancelling.
[controller_server-11] [INFO] [1790156730.981395462] [controller_server]: Optimizer reset
[behavior_server-15] [INFO] [1790156731.259141241] [behavior_server]: wait completed successfully
[planner_server-13] [WARN] [1790156731.261865166] [planner_server]: GridBased plugin failed to plan from (4.98, -7.92) to (6.61, -7.52): "Failed to create plan with tolerance of: 0.000000"
[planner_server-13] [WARN] [1790156731.261905048] [planner_server]: [compute_path_to_pose] [ActionServer] Aborting handle.
[bt_navigator-16] [WARN] [1790156731.289317532] [bt_navigator]: [navigate_to_pose] [ActionServer] Aborting handle.
[bt_navigator-16] [ERROR] [1790156731.289434451] [bt_navigator]: Goal failed
[WARN] [1790156731.293612775] [mapex_explorer]: Main goal failed (status=6, error_code=208)
[WARN] [1790156731.293879189] [mapex_explorer]: Main frontier abandoned after NO_VALID_PATH (208): x=6.61, y=-7.52; candidates within 0.10 m are skipped during normal selection but will be checked again by terminal planner revalidation.
[INFO] [1790156735.567562623] [mapex_explorer]: MapEx decision 12: selected x=7.01, y=-9.42, IG=22.192076, distance=2.47 m, score=9.000317, region=29, candidates=27, near_fallback=False, compute=3.95 s
[bt_navigator-16] [INFO] [1790156735.568965450] [bt_navigator]: Begin navigating from current location (5.04, -7.94) to (7.01, -9.42)
[controller_server-11] [INFO] [1790156735.579903064] [controller_server]: Received a goal, begin computing control effort.
[INFO] [1790156735.697252757] [mapex_explorer]: Main goal accepted
[INFO] [1790156735.887484230] [mapex_explorer]: Main /plan diagnostic: poses=54, endpoint=(7.01, -9.42), frontier=(7.01, -9.42), endpoint_to_frontier=0.000 m, limit=0.10 m -> usable
[INFO] [1790156736.599424379] [mapex_explorer]: Main /plan diagnostic: poses=50, endpoint=(7.01, -9.42), frontier=(7.01, -9.42), endpoint_to_frontier=0.000 m, limit=0.10 m -> usable
[controller_server-11] [INFO] [1790156736.646762069] [controller_server]: Passing new path to controller.
[INFO] [1790156737.617264061] [mapex_explorer]: Main /plan diagnostic: poses=40, endpoint=(7.01, -9.42), frontier=(7.01, -9.42), endpoint_to_frontier=0.000 m, limit=0.10 m -> usable
[controller_server-11] [INFO] [1790156737.646758184] [controller_server]: Passing new path to controller.
[INFO] [1790156738.643181286] [mapex_explorer]: Main /plan diagnostic: poses=29, endpoint=(7.01, -9.42), frontier=(7.01, -9.42), endpoint_to_frontier=0.000 m, limit=0.10 m -> usable
[controller_server-11] [INFO] [1790156738.713428438] [controller_server]: Passing new path to controller.
[INFO] [1790156739.662346443] [mapex_explorer]: Main /plan diagnostic: poses=21, endpoint=(7.01, -9.42), frontier=(7.01, -9.42), endpoint_to_frontier=0.000 m, limit=0.10 m -> usable
[controller_server-11] [INFO] [1790156739.713418809] [controller_server]: Passing new path to controller.
[INFO] [1790156740.683489577] [mapex_explorer]: Main /plan diagnostic: poses=14, endpoint=(7.01, -9.42), frontier=(7.01, -9.42), endpoint_to_frontier=0.000 m, limit=0.10 m -> usable
[controller_server-11] [INFO] [1790156740.713464713] [controller_server]: Passing new path to controller.
[INFO] [1790156741.714855545] [mapex_explorer]: Main /plan diagnostic: poses=9, endpoint=(7.01, -9.42), frontier=(7.01, -9.42), endpoint_to_frontier=0.000 m, limit=0.10 m -> usable
[controller_server-11] [INFO] [1790156741.780089827] [controller_server]: Passing new path to controller.
[controller_server-11] [INFO] [1790156741.981949728] [controller_server]: Reached the goal!
[controller_server-11] [INFO] [1790156741.982161739] [controller_server]: Optimizer reset
[bt_navigator-16] [INFO] [1790156742.009281331] [bt_navigator]: Goal succeeded
[INFO] [1790156742.011222582] [mapex_explorer]: Goal reached
[INFO] [1790156746.733813708] [mapex_explorer]: MapEx decision 13: selected x=8.81, y=-11.82, IG=41.709991, distance=3.32 m, score=12.562818, region=44, candidates=30, near_fallback=False, compute=4.12 s
[bt_navigator-16] [INFO] [1790156746.734682303] [bt_navigator]: Begin navigating from current location (6.89, -9.12) to (8.81, -11.82)
[controller_server-11] [INFO] [1790156746.755299051] [controller_server]: Received a goal, begin computing control effort.
[INFO] [1790156746.880113767] [mapex_explorer]: Main goal accepted
[INFO] [1790156747.043821705] [mapex_explorer]: Main /plan diagnostic: poses=79, endpoint=(8.81, -11.82), frontier=(8.81, -11.82), endpoint_to_frontier=0.000 m, limit=0.10 m -> usable
[INFO] [1790156747.771109352] [mapex_explorer]: Main /plan diagnostic: poses=71, endpoint=(8.81, -11.82), frontier=(8.81, -11.82), endpoint_to_frontier=0.000 m, limit=0.10 m -> usable
[controller_server-11] [INFO] [1790156747.822103504] [controller_server]: Passing new path to controller.
[INFO] [1790156748.803331230] [mapex_explorer]: Main /plan diagnostic: poses=63, endpoint=(8.81, -11.82), frontier=(8.81, -11.82), endpoint_to_frontier=0.000 m, limit=0.10 m -> usable
[controller_server-11] [INFO] [1790156748.822101829] [controller_server]: Passing new path to controller.
[INFO] [1790156749.831461276] [mapex_explorer]: Main /plan diagnostic: poses=50, endpoint=(8.81, -11.82), frontier=(8.81, -11.82), endpoint_to_frontier=0.000 m, limit=0.10 m -> usable
[controller_server-11] [INFO] [1790156749.888769165] [controller_server]: Passing new path to controller.
[rviz2-7] [INFO] [1790156750.251527519] [rviz2]: Trying to create a map of size 259 x 200 using 1 swatches
[controller_server-11] [INFO] [1790156750.390094942] [local_costmap.local_costmap]: StaticLayer: Resizing static layer to 259 X 200 at 0.100000 m/pix
[INFO] [1790156750.830474792] [mapex_explorer]: Main /plan diagnostic: poses=41, endpoint=(8.81, -11.82), frontier=(8.81, -11.82), endpoint_to_frontier=0.000 m, limit=0.10 m -> usable
[controller_server-11] [INFO] [1790156750.888789448] [controller_server]: Passing new path to controller.
[planner_server-13] [INFO] [1790156750.929544043] [global_costmap.global_costmap]: StaticLayer: Resizing costmap to 259 X 200 at 0.100000 m/pix
[controller_server-11] [INFO] [1790156751.390011495] [local_costmap.local_costmap]: StaticLayer: Resizing static layer to 259 X 200 at 0.100000 m/pix
[INFO] [1790156751.864054445] [mapex_explorer]: Main /plan diagnostic: poses=29, endpoint=(8.81, -11.82), frontier=(8.81, -11.82), endpoint_to_frontier=0.000 m, limit=0.10 m -> usable
[controller_server-11] [INFO] [1790156751.888786178] [controller_server]: Passing new path to controller.
[planner_server-13] [INFO] [1790156751.929537687] [global_costmap.global_costmap]: StaticLayer: Resizing costmap to 259 X 200 at 0.100000 m/pix
[controller_server-11] [INFO] [1790156752.390009842] [local_costmap.local_costmap]: StaticLayer: Resizing static layer to 259 X 200 at 0.100000 m/pix
[INFO] [1790156752.892922675] [mapex_explorer]: Main /plan diagnostic: poses=23, endpoint=(8.81, -11.82), frontier=(8.81, -11.82), endpoint_to_frontier=0.000 m, limit=0.10 m -> usable
[planner_server-13] [INFO] [1790156752.929530488] [global_costmap.global_costmap]: StaticLayer: Resizing costmap to 259 X 200 at 0.100000 m/pix
[controller_server-11] [INFO] [1790156752.955431301] [controller_server]: Passing new path to controller.
[controller_server-11] [INFO] [1790156753.390042665] [local_costmap.local_costmap]: StaticLayer: Resizing static layer to 259 X 200 at 0.100000 m/pix
[INFO] [1790156753.909604641] [mapex_explorer]: Main /plan diagnostic: poses=17, endpoint=(8.81, -11.82), frontier=(8.81, -11.82), endpoint_to_frontier=0.000 m, limit=0.10 m -> usable
[planner_server-13] [INFO] [1790156753.929534447] [global_costmap.global_costmap]: StaticLayer: Resizing costmap to 259 X 200 at 0.100000 m/pix
[controller_server-11] [INFO] [1790156753.955435380] [controller_server]: Passing new path to controller.
[INFO] [1790156754.928561733] [mapex_explorer]: Main /plan diagnostic: poses=12, endpoint=(8.81, -11.82), frontier=(8.81, -11.82), endpoint_to_frontier=0.000 m, limit=0.10 m -> usable
[controller_server-11] [INFO] [1790156754.955431069] [controller_server]: Passing new path to controller.
[INFO] [1790156755.949224938] [mapex_explorer]: Main /plan diagnostic: poses=7, endpoint=(8.81, -11.82), frontier=(8.81, -11.82), endpoint_to_frontier=0.000 m, limit=0.10 m -> usable
[controller_server-11] [INFO] [1790156756.022110679] [controller_server]: Passing new path to controller.
[controller_server-11] [INFO] [1790156756.223807672] [controller_server]: Reached the goal!
[controller_server-11] [INFO] [1790156756.223941874] [controller_server]: Optimizer reset
[bt_navigator-16] [INFO] [1790156756.245023179] [bt_navigator]: Goal succeeded
[INFO] [1790156756.247606462] [mapex_explorer]: Goal reached
[INFO] [1790156760.844799757] [mapex_explorer]: MapEx decision 14: selected x=10.01, y=-8.97, IG=41.904526, distance=2.93 m, score=14.321140, region=72, candidates=31, near_fallback=False, compute=4.23 s
[bt_navigator-16] [INFO] [1790156760.846054021] [bt_navigator]: Begin navigating from current location (8.61, -11.53) to (10.01, -8.97)
[controller_server-11] [INFO] [1790156760.856628031] [controller_server]: Received a goal, begin computing control effort.
[INFO] [1790156760.970074238] [mapex_explorer]: Main goal accepted
[INFO] [1790156761.157142033] [mapex_explorer]: Main /plan diagnostic: poses=102, endpoint=(10.01, -8.97), frontier=(10.01, -8.97), endpoint_to_frontier=0.000 m, limit=0.10 m -> usable
[INFO] [1790156761.866599682] [mapex_explorer]: Main /plan diagnostic: poses=98, endpoint=(10.01, -8.97), frontier=(10.01, -8.97), endpoint_to_frontier=0.000 m, limit=0.10 m -> usable
[controller_server-11] [INFO] [1790156761.923446557] [controller_server]: Passing new path to controller.
[INFO] [1790156762.883008489] [mapex_explorer]: Main /plan diagnostic: poses=91, endpoint=(10.01, -8.97), frontier=(10.01, -8.97), endpoint_to_frontier=0.000 m, limit=0.10 m -> usable
[controller_server-11] [INFO] [1790156762.923441193] [controller_server]: Passing new path to controller.
[INFO] [1790156763.916522992] [mapex_explorer]: Main /plan diagnostic: poses=82, endpoint=(10.01, -8.97), frontier=(10.01, -8.97), endpoint_to_frontier=0.000 m, limit=0.10 m -> usable
[controller_server-11] [INFO] [1790156763.990095308] [controller_server]: Passing new path to controller.
[rviz2-7] [INFO] [1790156764.256376027] [rviz2]: Trying to create a map of size 260 x 200 using 1 swatches
[controller_server-11] [INFO] [1790156764.390000323] [local_costmap.local_costmap]: StaticLayer: Resizing static layer to 260 X 200 at 0.100000 m/pix
[planner_server-13] [INFO] [1790156764.929558029] [global_costmap.global_costmap]: StaticLayer: Resizing costmap to 260 X 200 at 0.100000 m/pix
[INFO] [1790156764.936925244] [mapex_explorer]: Main /plan diagnostic: poses=72, endpoint=(10.01, -8.97), frontier=(10.01, -8.97), endpoint_to_frontier=0.000 m, limit=0.10 m -> usable
[controller_server-11] [INFO] [1790156764.990097432] [controller_server]: Passing new path to controller.
[INFO] [1790156765.969807807] [mapex_explorer]: Main /plan diagnostic: poses=70, endpoint=(10.01, -8.97), frontier=(10.01, -8.97), endpoint_to_frontier=0.000 m, limit=0.10 m -> usable
[controller_server-11] [INFO] [1790156765.990120828] [controller_server]: Passing new path to controller.
[INFO] [1790156767.040877954] [mapex_explorer]: Main /plan diagnostic: poses=57, endpoint=(10.01, -8.97), frontier=(10.01, -8.97), endpoint_to_frontier=0.000 m, limit=0.10 m -> usable
[controller_server-11] [INFO] [1790156767.056765163] [controller_server]: Passing new path to controller.
[INFO] [1790156768.013184145] [mapex_explorer]: Main /plan diagnostic: poses=47, endpoint=(10.01, -8.97), frontier=(10.01, -8.97), endpoint_to_frontier=0.000 m, limit=0.10 m -> usable
[controller_server-11] [INFO] [1790156768.057092077] [controller_server]: Passing new path to controller.
[INFO] [1790156769.030446239] [mapex_explorer]: Main /plan diagnostic: poses=37, endpoint=(10.01, -8.97), frontier=(10.01, -8.97), endpoint_to_frontier=0.000 m, limit=0.10 m -> usable
[controller_server-11] [INFO] [1790156769.056779053] [controller_server]: Passing new path to controller.
[INFO] [1790156770.051157556] [mapex_explorer]: Main /plan diagnostic: poses=30, endpoint=(10.01, -8.97), frontier=(10.01, -8.97), endpoint_to_frontier=0.000 m, limit=0.10 m -> usable
[controller_server-11] [INFO] [1790156770.123446990] [controller_server]: Passing new path to controller.
[INFO] [1790156771.070061204] [mapex_explorer]: Main /plan diagnostic: poses=19, endpoint=(10.01, -8.97), frontier=(10.01, -8.97), endpoint_to_frontier=0.000 m, limit=0.10 m -> usable
[controller_server-11] [INFO] [1790156771.123450246] [controller_server]: Passing new path to controller.
[INFO] [1790156772.101044625] [mapex_explorer]: Main /plan diagnostic: poses=14, endpoint=(10.01, -8.97), frontier=(10.01, -8.97), endpoint_to_frontier=0.000 m, limit=0.10 m -> usable
[controller_server-11] [INFO] [1790156772.123429718] [controller_server]: Passing new path to controller.
[INFO] [1790156773.129107583] [mapex_explorer]: Main /plan diagnostic: poses=9, endpoint=(10.01, -8.97), frontier=(10.01, -8.97), endpoint_to_frontier=0.000 m, limit=0.10 m -> usable
[controller_server-11] [INFO] [1790156773.190114206] [controller_server]: Passing new path to controller.
[controller_server-11] [INFO] [1790156773.392389093] [controller_server]: Reached the goal!
[controller_server-11] [INFO] [1790156773.392603769] [controller_server]: Optimizer reset
[bt_navigator-16] [INFO] [1790156773.416273143] [bt_navigator]: Goal succeeded
[INFO] [1790156773.420762365] [mapex_explorer]: Goal reached
[INFO] [1790156777.756684444] [mapex_explorer]: MapEx decision 15: selected x=10.01, y=0.53, IG=97.442856, distance=9.61 m, score=10.141275, region=153, candidates=30, near_fallback=False, compute=4.14 s
[bt_navigator-16] [INFO] [1790156777.757618820] [bt_navigator]: Begin navigating from current location (10.33, -9.07) to (10.01, 0.53)
[planner_server-13] [ERROR] [1790156777.759030536] [planner_server]: Failed to create a plan from potential when a legal potential was found. This shouldn't happen.
[planner_server-13] [WARN] [1790156777.759092319] [planner_server]: GridBased plugin failed to plan from (10.33, -9.07) to (10.01, 0.53): "Failed to create plan with tolerance of: 0.000000"
[planner_server-13] [WARN] [1790156777.759102985] [planner_server]: [compute_path_to_pose] [ActionServer] Aborting handle.
[behavior_server-15] [INFO] [1790156777.778191030] [behavior_server]: Running wait
[INFO] [1790156777.902696699] [mapex_explorer]: Main goal accepted
[behavior_server-15] [INFO] [1790156778.078322211] [behavior_server]: wait completed successfully
[planner_server-13] [ERROR] [1790156778.099604473] [planner_server]: Failed to create a plan from potential when a legal potential was found. This shouldn't happen.
[planner_server-13] [WARN] [1790156778.099700436] [planner_server]: GridBased plugin failed to plan from (10.33, -9.07) to (10.01, 0.53): "Failed to create plan with tolerance of: 0.000000"
[planner_server-13] [WARN] [1790156778.099715688] [planner_server]: [compute_path_to_pose] [ActionServer] Aborting handle.
[bt_navigator-16] [WARN] [1790156778.127784456] [bt_navigator]: [navigate_to_pose] [ActionServer] Aborting handle.
[bt_navigator-16] [ERROR] [1790156778.127966381] [bt_navigator]: Goal failed
[WARN] [1790156778.131935372] [mapex_explorer]: Main goal failed (status=6, error_code=208)
[WARN] [1790156778.132262706] [mapex_explorer]: Main frontier abandoned after NO_VALID_PATH (208): x=10.01, y=0.53; candidates within 0.10 m are skipped during normal selection but will be checked again by terminal planner revalidation.
[INFO] [1790156782.917612758] [mapex_explorer]: MapEx decision 16: selected x=10.91, y=-3.47, IG=24.715420, distance=5.63 m, score=4.390654, region=85, candidates=29, near_fallback=False, compute=4.30 s
[bt_navigator-16] [INFO] [1790156782.918439609] [bt_navigator]: Begin navigating from current location (10.33, -9.07) to (10.91, -3.47)
[controller_server-11] [INFO] [1790156782.939125927] [controller_server]: Received a goal, begin computing control effort.
[controller_server-11] [INFO] [1790156784.006075969] [controller_server]: Passing new path to controller.
[controller_server-11] [INFO] [1790156785.006048337] [controller_server]: Passing new path to controller.
[controller_server-11] [INFO] [1790156786.072715057] [controller_server]: Passing new path to controller.
[planner_server-13] [ERROR] [1790156787.039400927] [planner_server]: Failed to create a plan from potential when a legal potential was found. This shouldn't happen.
[planner_server-13] [WARN] [1790156791.215931166] [planner_server]: GridBased plugin failed to plan from (10.02, -7.55) to (10.91, -3.47): "Failed to create plan with tolerance of: 0.000000"
[planner_server-13] [WARN] [1790156791.215997851] [planner_server]: [compute_path_to_pose] [ActionServer] Aborting handle.
[bt_navigator-16] [ERROR] [1790156791.239285751] [bt_navigator_navigate_to_pose_rclcpp_node]: Failed to get result for follow_path in node halt!
[behavior_server-15] [INFO] [1790156791.239630995] [behavior_server]: Running wait
[controller_server-11] [INFO] [1790156791.272745323] [controller_server]: Cancellation was successful. Stopping the robot.
[controller_server-11] [INFO] [1790156791.272802984] [controller_server]: [follow_path] [ActionServer] Client requested to cancel the goal. Cancelling.
[controller_server-11] [INFO] [1790156791.273554000] [controller_server]: Optimizer reset
[INFO] [1790156791.391356691] [mapex_explorer]: Main goal accepted
[behavior_server-15] [INFO] [1790156791.541791838] [behavior_server]: wait completed successfully
[controller_server-11] [INFO] [1790156791.581188944] [controller_server]: Received a goal, begin computing control effort.
[INFO] [1790156791.632008211] [mapex_explorer]: Main /plan diagnostic: poses=124, endpoint=(10.91, -3.47), frontier=(10.91, -3.47), endpoint_to_frontier=0.000 m, limit=0.10 m -> usable
[INFO] [1790156791.645828672] [mapex_explorer]: Main /plan diagnostic: poses=124, endpoint=(10.91, -3.47), frontier=(10.91, -3.47), endpoint_to_frontier=0.000 m, limit=0.10 m -> usable
[INFO] [1790156791.653435656] [mapex_explorer]: Main /plan diagnostic: poses=112, endpoint=(10.91, -3.47), frontier=(10.91, -3.47), endpoint_to_frontier=0.000 m, limit=0.10 m -> usable
[INFO] [1790156791.669489762] [mapex_explorer]: Main /plan diagnostic: poses=200, endpoint=(10.91, -3.47), frontier=(10.91, -3.47), endpoint_to_frontier=0.000 m, limit=0.10 m -> usable
[INFO] [1790156791.685209402] [mapex_explorer]: Main /plan diagnostic: poses=482, endpoint=(10.91, -3.47), frontier=(10.91, -3.47), endpoint_to_frontier=0.000 m, limit=0.10 m -> usable
[INFO] [1790156792.637482997] [mapex_explorer]: Main /plan diagnostic: poses=482, endpoint=(10.91, -3.47), frontier=(10.91, -3.47), endpoint_to_frontier=0.000 m, limit=0.10 m -> usable
[controller_server-11] [INFO] [1790156792.648110577] [controller_server]: Passing new path to controller.
[INFO] [1790156793.644353504] [mapex_explorer]: Main /plan diagnostic: poses=475, endpoint=(10.91, -3.47), frontier=(10.91, -3.47), endpoint_to_frontier=0.000 m, limit=0.10 m -> usable
[controller_server-11] [INFO] [1790156793.648105036] [controller_server]: Passing new path to controller.
[INFO] [1790156794.665113498] [mapex_explorer]: Main /plan diagnostic: poses=470, endpoint=(10.91, -3.47), frontier=(10.91, -3.47), endpoint_to_frontier=0.000 m, limit=0.10 m -> usable
[controller_server-11] [INFO] [1790156794.714772031] [controller_server]: Passing new path to controller.
[INFO] [1790156795.686654395] [mapex_explorer]: Main /plan diagnostic: poses=471, endpoint=(10.91, -3.47), frontier=(10.91, -3.47), endpoint_to_frontier=0.000 m, limit=0.10 m -> usable
[controller_server-11] [INFO] [1790156795.714771781] [controller_server]: Passing new path to controller.
[INFO] [1790156796.704460777] [mapex_explorer]: Main /plan diagnostic: poses=467, endpoint=(10.91, -3.47), frontier=(10.91, -3.47), endpoint_to_frontier=0.000 m, limit=0.10 m -> usable
[controller_server-11] [INFO] [1790156796.714786450] [controller_server]: Passing new path to controller.
[INFO] [1790156797.726154741] [mapex_explorer]: Main /plan diagnostic: poses=463, endpoint=(10.91, -3.47), frontier=(10.91, -3.47), endpoint_to_frontier=0.000 m, limit=0.10 m -> usable
[controller_server-11] [INFO] [1790156797.781645035] [controller_server]: Passing new path to controller.
[INFO] [1790156798.740446879] [mapex_explorer]: Main /plan diagnostic: poses=451, endpoint=(10.91, -3.47), frontier=(10.91, -3.47), endpoint_to_frontier=0.000 m, limit=0.10 m -> usable
[controller_server-11] [INFO] [1790156798.781432275] [controller_server]: Passing new path to controller.
[INFO] [1790156799.770250476] [mapex_explorer]: Main /plan diagnostic: poses=443, endpoint=(10.91, -3.47), frontier=(10.91, -3.47), endpoint_to_frontier=0.000 m, limit=0.10 m -> usable
[controller_server-11] [INFO] [1790156799.781456179] [controller_server]: Passing new path to controller.
[INFO] [1790156800.804027832] [mapex_explorer]: Main /plan diagnostic: poses=433, endpoint=(10.91, -3.47), frontier=(10.91, -3.47), endpoint_to_frontier=0.000 m, limit=0.10 m -> usable
[controller_server-11] [INFO] [1790156800.848101243] [controller_server]: Passing new path to controller.
[INFO] [1790156801.835091917] [mapex_explorer]: Main /plan diagnostic: poses=423, endpoint=(10.91, -3.47), frontier=(10.91, -3.47), endpoint_to_frontier=0.000 m, limit=0.10 m -> usable
[controller_server-11] [INFO] [1790156801.848125678] [controller_server]: Passing new path to controller.
[INFO] [1790156802.861962809] [mapex_explorer]: Main /plan diagnostic: poses=413, endpoint=(10.91, -3.47), frontier=(10.91, -3.47), endpoint_to_frontier=0.000 m, limit=0.10 m -> usable
[controller_server-11] [INFO] [1790156802.915098101] [controller_server]: Passing new path to controller.
[INFO] [1790156803.876971589] [mapex_explorer]: Main /plan diagnostic: poses=405, endpoint=(10.91, -3.47), frontier=(10.91, -3.47), endpoint_to_frontier=0.000 m, limit=0.10 m -> usable
[controller_server-11] [INFO] [1790156803.915185825] [controller_server]: Passing new path to controller.
[controller_server-11] [INFO] [1790156804.914790691] [controller_server]: Passing new path to controller.
[INFO] [1790156804.923301810] [mapex_explorer]: Main /plan diagnostic: poses=393, endpoint=(10.91, -3.47), frontier=(10.91, -3.47), endpoint_to_frontier=0.000 m, limit=0.10 m -> usable
[async_slam_toolbox_node-10] W20260923 16:46:45.025203  5795 preprocessor.cc:67] Specified options.num_threads: 50 exceeds maximum available from the threading model Ceres was compiled with: 16.  Bounding to maximum number available.
[async_slam_toolbox_node-10] [INFO] [1790156805.028483272] [slam_toolbox]: Adaptive anchor summary: latest_node=705, local_edges=725, loop_history=0, avg_effective_weight=1.399, release_regions=0
[INFO] [1790156805.933582015] [mapex_explorer]: Main /plan diagnostic: poses=385, endpoint=(10.91, -3.47), frontier=(10.91, -3.47), endpoint_to_frontier=0.000 m, limit=0.10 m -> usable
[controller_server-11] [INFO] [1790156805.981450450] [controller_server]: Passing new path to controller.
[INFO] [1790156806.971612905] [mapex_explorer]: Main /plan diagnostic: poses=376, endpoint=(10.91, -3.47), frontier=(10.91, -3.47), endpoint_to_frontier=0.000 m, limit=0.10 m -> usable
[controller_server-11] [INFO] [1790156806.981434144] [controller_server]: Passing new path to controller.
[INFO] [1790156807.997067245] [mapex_explorer]: Main /plan diagnostic: poses=367, endpoint=(10.91, -3.47), frontier=(10.91, -3.47), endpoint_to_frontier=0.000 m, limit=0.10 m -> usable
[controller_server-11] [INFO] [1790156808.048114218] [controller_server]: Passing new path to controller.
[INFO] [1790156809.026919160] [mapex_explorer]: Main /plan diagnostic: poses=357, endpoint=(10.91, -3.47), frontier=(10.91, -3.47), endpoint_to_frontier=0.000 m, limit=0.10 m -> usable
[controller_server-11] [INFO] [1790156809.048106284] [controller_server]: Passing new path to controller.
[async_slam_toolbox_node-10] W20260923 16:46:49.969818  5795 preprocessor.cc:67] Specified options.num_threads: 50 exceeds maximum available from the threading model Ceres was compiled with: 16.  Bounding to maximum number available.
[INFO] [1790156810.051934986] [mapex_explorer]: Main /plan diagnostic: poses=347, endpoint=(10.91, -3.47), frontier=(10.91, -3.47), endpoint_to_frontier=0.000 m, limit=0.10 m -> usable
[controller_server-11] [INFO] [1790156810.114792873] [controller_server]: Passing new path to controller.
[controller_server-11] [INFO] [1790156810.390090215] [local_costmap.local_costmap]: StaticLayer: Resizing static layer to 260 X 200 at 0.100000 m/pix
[planner_server-13] [INFO] [1790156810.929537521] [global_costmap.global_costmap]: StaticLayer: Resizing costmap to 260 X 200 at 0.100000 m/pix
[INFO] [1790156811.079361780] [mapex_explorer]: Main /plan diagnostic: poses=339, endpoint=(10.91, -3.47), frontier=(10.91, -3.47), endpoint_to_frontier=0.000 m, limit=0.10 m -> usable
[controller_server-11] [INFO] [1790156811.114769753] [controller_server]: Passing new path to controller.
[INFO] [1790156812.108966879] [mapex_explorer]: Main /plan diagnostic: poses=329, endpoint=(10.91, -3.47), frontier=(10.91, -3.47), endpoint_to_frontier=0.000 m, limit=0.10 m -> usable
[controller_server-11] [INFO] [1790156812.114791427] [controller_server]: Passing new path to controller.
[INFO] [1790156813.136973072] [mapex_explorer]: Main /plan diagnostic: poses=319, endpoint=(10.91, -3.47), frontier=(10.91, -3.47), endpoint_to_frontier=0.000 m, limit=0.10 m -> usable
[controller_server-11] [INFO] [1790156813.181439626] [controller_server]: Passing new path to controller.
[INFO] [1790156814.166035847] [mapex_explorer]: Main /plan diagnostic: poses=310, endpoint=(10.91, -3.47), frontier=(10.91, -3.47), endpoint_to_frontier=0.000 m, limit=0.10 m -> usable
[controller_server-11] [INFO] [1790156814.182829052] [controller_server]: Passing new path to controller.
[async_slam_toolbox_node-10] W20260923 16:46:54.483116  5795 preprocessor.cc:67] Specified options.num_threads: 50 exceeds maximum available from the threading model Ceres was compiled with: 16.  Bounding to maximum number available.
[INFO] [1790156815.206058598] [mapex_explorer]: Main /plan diagnostic: poses=301, endpoint=(10.91, -3.47), frontier=(10.91, -3.47), endpoint_to_frontier=0.000 m, limit=0.10 m -> usable
[controller_server-11] [INFO] [1790156815.248119009] [controller_server]: Passing new path to controller.
[controller_server-11] [INFO] [1790156815.390406154] [local_costmap.local_costmap]: StaticLayer: Resizing static layer to 260 X 200 at 0.100000 m/pix
[planner_server-13] [INFO] [1790156815.929586612] [global_costmap.global_costmap]: StaticLayer: Resizing costmap to 260 X 200 at 0.100000 m/pix
[INFO] [1790156816.215719809] [mapex_explorer]: Main /plan diagnostic: poses=293, endpoint=(10.91, -3.47), frontier=(10.91, -3.47), endpoint_to_frontier=0.000 m, limit=0.10 m -> usable
[controller_server-11] [INFO] [1790156816.248119632] [controller_server]: Passing new path to controller.
[INFO] [1790156817.242972631] [mapex_explorer]: Main /plan diagnostic: poses=281, endpoint=(10.91, -3.47), frontier=(10.91, -3.47), endpoint_to_frontier=0.000 m, limit=0.10 m -> usable
[controller_server-11] [INFO] [1790156817.314805717] [controller_server]: Passing new path to controller.
[INFO] [1790156818.283794451] [mapex_explorer]: Main /plan diagnostic: poses=271, endpoint=(10.91, -3.47), frontier=(10.91, -3.47), endpoint_to_frontier=0.000 m, limit=0.10 m -> usable
[controller_server-11] [INFO] [1790156818.314775594] [controller_server]: Passing new path to controller.
[INFO] [1790156819.277788852] [mapex_explorer]: Main /plan diagnostic: poses=262, endpoint=(10.91, -3.47), frontier=(10.91, -3.47), endpoint_to_frontier=0.000 m, limit=0.10 m -> usable
[controller_server-11] [INFO] [1790156819.314815910] [controller_server]: Passing new path to controller.
[async_slam_toolbox_node-10] W20260923 16:47:00.245301  5795 preprocessor.cc:67] Specified options.num_threads: 50 exceeds maximum available from the threading model Ceres was compiled with: 16.  Bounding to maximum number available.
[INFO] [1790156820.303549673] [mapex_explorer]: Main /plan diagnostic: poses=253, endpoint=(10.91, -3.47), frontier=(10.91, -3.47), endpoint_to_frontier=0.000 m, limit=0.10 m -> usable
[controller_server-11] [INFO] [1790156820.314770667] [controller_server]: Passing new path to controller.
[INFO] [1790156821.343002904] [mapex_explorer]: Main /plan diagnostic: poses=242, endpoint=(10.91, -3.47), frontier=(10.91, -3.47), endpoint_to_frontier=0.000 m, limit=0.10 m -> usable
[controller_server-11] [INFO] [1790156821.381432261] [controller_server]: Passing new path to controller.
[controller_server-11] [INFO] [1790156821.390067615] [local_costmap.local_costmap]: StaticLayer: Resizing static layer to 260 X 200 at 0.100000 m/pix
[planner_server-13] [INFO] [1790156821.929553819] [global_costmap.global_costmap]: StaticLayer: Resizing costmap to 260 X 200 at 0.100000 m/pix
[INFO] [1790156822.366493232] [mapex_explorer]: Main /plan diagnostic: poses=232, endpoint=(10.91, -3.47), frontier=(10.91, -3.47), endpoint_to_frontier=0.000 m, limit=0.10 m -> usable
[controller_server-11] [INFO] [1790156822.381435507] [controller_server]: Passing new path to controller.
[INFO] [1790156823.390720803] [mapex_explorer]: Main /plan diagnostic: poses=223, endpoint=(10.91, -3.47), frontier=(10.91, -3.47), endpoint_to_frontier=0.000 m, limit=0.10 m -> usable
[controller_server-11] [INFO] [1790156823.448119890] [controller_server]: Passing new path to controller.
[INFO] [1790156824.414178723] [mapex_explorer]: Main /plan diagnostic: poses=213, endpoint=(10.91, -3.47), frontier=(10.91, -3.47), endpoint_to_frontier=0.000 m, limit=0.10 m -> usable
[controller_server-11] [INFO] [1790156824.448145753] [controller_server]: Passing new path to controller.
[async_slam_toolbox_node-10] W20260923 16:47:04.970005  5795 preprocessor.cc:67] Specified options.num_threads: 50 exceeds maximum available from the threading model Ceres was compiled with: 16.  Bounding to maximum number available.
[async_slam_toolbox_node-10] [INFO] [1790156824.977461515] [slam_toolbox]: Adaptive anchor summary: latest_node=767, local_edges=787, loop_history=0, avg_effective_weight=1.368, release_regions=0
[controller_server-11] [INFO] [1790156825.390069921] [local_costmap.local_costmap]: StaticLayer: Resizing static layer to 260 X 200 at 0.100000 m/pix
[INFO] [1790156825.442210401] [mapex_explorer]: Main /plan diagnostic: poses=205, endpoint=(10.91, -3.47), frontier=(10.91, -3.47), endpoint_to_frontier=0.000 m, limit=0.10 m -> usable
[controller_server-11] [INFO] [1790156825.514821177] [controller_server]: Passing new path to controller.
[planner_server-13] [INFO] [1790156825.929541037] [global_costmap.global_costmap]: StaticLayer: Resizing costmap to 260 X 200 at 0.100000 m/pix
[INFO] [1790156826.466868407] [mapex_explorer]: Main /plan diagnostic: poses=197, endpoint=(10.91, -3.47), frontier=(10.91, -3.47), endpoint_to_frontier=0.000 m, limit=0.10 m -> usable
[controller_server-11] [INFO] [1790156826.514792541] [controller_server]: Passing new path to controller.
[INFO] [1790156827.483489478] [mapex_explorer]: Main /plan diagnostic: poses=185, endpoint=(10.91, -3.47), frontier=(10.91, -3.47), endpoint_to_frontier=0.000 m, limit=0.10 m -> usable
[controller_server-11] [INFO] [1790156827.514786595] [controller_server]: Passing new path to controller.
[INFO] [1790156828.561357854] [mapex_explorer]: Main /plan diagnostic: poses=176, endpoint=(10.91, -3.47), frontier=(10.91, -3.47), endpoint_to_frontier=0.000 m, limit=0.10 m -> usable
[controller_server-11] [INFO] [1790156828.581453965] [controller_server]: Passing new path to controller.
[INFO] [1790156829.551727648] [mapex_explorer]: Main /plan diagnostic: poses=167, endpoint=(10.91, -3.47), frontier=(10.91, -3.47), endpoint_to_frontier=0.000 m, limit=0.10 m -> usable
[controller_server-11] [INFO] [1790156829.581441953] [controller_server]: Passing new path to controller.
[INFO] [1790156830.575300643] [mapex_explorer]: Main /plan diagnostic: poses=157, endpoint=(10.91, -3.47), frontier=(10.91, -3.47), endpoint_to_frontier=0.000 m, limit=0.10 m -> usable
[controller_server-11] [INFO] [1790156830.582828550] [controller_server]: Passing new path to controller.
[INFO] [1790156831.589465789] [mapex_explorer]: Main /plan diagnostic: poses=147, endpoint=(10.91, -3.47), frontier=(10.91, -3.47), endpoint_to_frontier=0.000 m, limit=0.10 m -> usable
[controller_server-11] [INFO] [1790156831.648107669] [controller_server]: Passing new path to controller.
[INFO] [1790156832.608771482] [mapex_explorer]: Main /plan diagnostic: poses=138, endpoint=(10.91, -3.47), frontier=(10.91, -3.47), endpoint_to_frontier=0.000 m, limit=0.10 m -> usable
[controller_server-11] [INFO] [1790156832.648104169] [controller_server]: Passing new path to controller.
[INFO] [1790156833.647827511] [mapex_explorer]: Main /plan diagnostic: poses=127, endpoint=(10.91, -3.47), frontier=(10.91, -3.47), endpoint_to_frontier=0.000 m, limit=0.10 m -> usable
[controller_server-11] [INFO] [1790156833.648105646] [controller_server]: Passing new path to controller.
[INFO] [1790156834.657251520] [mapex_explorer]: Main /plan diagnostic: poses=118, endpoint=(10.91, -3.47), frontier=(10.91, -3.47), endpoint_to_frontier=0.000 m, limit=0.10 m -> usable
[controller_server-11] [INFO] [1790156834.714778832] [controller_server]: Passing new path to controller.
[INFO] [1790156835.676505268] [mapex_explorer]: Main /plan diagnostic: poses=109, endpoint=(10.91, -3.47), frontier=(10.91, -3.47), endpoint_to_frontier=0.000 m, limit=0.10 m -> usable
[controller_server-11] [INFO] [1790156835.714795977] [controller_server]: Passing new path to controller.
[INFO] [1790156836.711399852] [mapex_explorer]: Main /plan diagnostic: poses=98, endpoint=(10.91, -3.47), frontier=(10.91, -3.47), endpoint_to_frontier=0.000 m, limit=0.10 m -> usable
[controller_server-11] [INFO] [1790156836.781452735] [controller_server]: Passing new path to controller.
[INFO] [1790156837.730101937] [mapex_explorer]: Main /plan diagnostic: poses=90, endpoint=(10.91, -3.47), frontier=(10.91, -3.47), endpoint_to_frontier=0.000 m, limit=0.10 m -> usable
[controller_server-11] [INFO] [1790156837.781431064] [controller_server]: Passing new path to controller.
[INFO] [1790156838.761097771] [mapex_explorer]: Main /plan diagnostic: poses=80, endpoint=(10.91, -3.47), frontier=(10.91, -3.47), endpoint_to_frontier=0.000 m, limit=0.10 m -> usable
[controller_server-11] [INFO] [1790156838.781484979] [controller_server]: Passing new path to controller.
[INFO] [1790156839.792963226] [mapex_explorer]: Main /plan diagnostic: poses=72, endpoint=(10.91, -3.47), frontier=(10.91, -3.47), endpoint_to_frontier=0.000 m, limit=0.10 m -> usable
[controller_server-11] [INFO] [1790156839.848102876] [controller_server]: Passing new path to controller.
[INFO] [1790156840.808780047] [mapex_explorer]: Main /plan diagnostic: poses=59, endpoint=(10.91, -3.47), frontier=(10.91, -3.47), endpoint_to_frontier=0.000 m, limit=0.10 m -> usable
[controller_server-11] [INFO] [1790156840.848099471] [controller_server]: Passing new path to controller.
[INFO] [1790156841.831111849] [mapex_explorer]: Main /plan diagnostic: poses=51, endpoint=(10.91, -3.47), frontier=(10.91, -3.47), endpoint_to_frontier=0.000 m, limit=0.10 m -> usable
[controller_server-11] [INFO] [1790156841.848445764] [controller_server]: Passing new path to controller.
[INFO] [1790156842.856037411] [mapex_explorer]: Main /plan diagnostic: poses=41, endpoint=(10.91, -3.47), frontier=(10.91, -3.47), endpoint_to_frontier=0.000 m, limit=0.10 m -> usable
[controller_server-11] [INFO] [1790156842.915046603] [controller_server]: Passing new path to controller.
[INFO] [1790156843.888105103] [mapex_explorer]: Main /plan diagnostic: poses=31, endpoint=(10.91, -3.47), frontier=(10.91, -3.47), endpoint_to_frontier=0.000 m, limit=0.10 m -> usable
[controller_server-11] [INFO] [1790156843.916434087] [controller_server]: Passing new path to controller.
[INFO] [1790156844.919112100] [mapex_explorer]: Main /plan diagnostic: poses=23, endpoint=(10.91, -3.47), frontier=(10.91, -3.47), endpoint_to_frontier=0.000 m, limit=0.10 m -> usable
[controller_server-11] [INFO] [1790156844.981452155] [controller_server]: Passing new path to controller.
[INFO] [1790156845.938977702] [mapex_explorer]: Main /plan diagnostic: poses=15, endpoint=(10.91, -3.47), frontier=(10.91, -3.47), endpoint_to_frontier=0.000 m, limit=0.10 m -> usable
[controller_server-11] [INFO] [1790156845.981437675] [controller_server]: Passing new path to controller.
[INFO] [1790156846.970332799] [mapex_explorer]: Main /plan diagnostic: poses=9, endpoint=(10.91, -3.47), frontier=(10.91, -3.47), endpoint_to_frontier=0.000 m, limit=0.10 m -> usable
[controller_server-11] [INFO] [1790156846.981454046] [controller_server]: Passing new path to controller.
[controller_server-11] [INFO] [1790156847.450401581] [controller_server]: Reached the goal!
[controller_server-11] [INFO] [1790156847.450779915] [controller_server]: Optimizer reset
[bt_navigator-16] [INFO] [1790156847.480282457] [bt_navigator]: Goal succeeded
[INFO] [1790156847.487021310] [mapex_explorer]: Goal reached
[INFO] [1790156851.936676234] [mapex_explorer]: MapEx decision 17: selected x=7.01, y=3.43, IG=41.522064, distance=7.73 m, score=5.372133, region=91, candidates=23, near_fallback=False, compute=4.32 s
[bt_navigator-16] [INFO] [1790156851.937793094] [bt_navigator]: Begin navigating from current location (10.58, -3.43) to (7.01, 3.43)
[controller_server-11] [INFO] [1790156851.958810865] [controller_server]: Received a goal, begin computing control effort.
[INFO] [1790156852.044373796] [mapex_explorer]: Main goal accepted
[INFO] [1790156852.096591713] [mapex_explorer]: Main /plan diagnostic: poses=201, endpoint=(7.01, 3.43), frontier=(7.01, 3.43), endpoint_to_frontier=0.000 m, limit=0.10 m -> usable
[INFO] [1790156852.980917936] [mapex_explorer]: Main /plan diagnostic: poses=197, endpoint=(7.01, 3.43), frontier=(7.01, 3.43), endpoint_to_frontier=0.000 m, limit=0.10 m -> usable
[controller_server-11] [INFO] [1790156853.025653172] [controller_server]: Passing new path to controller.
[INFO] [1790156854.013129228] [mapex_explorer]: Main /plan diagnostic: poses=194, endpoint=(7.01, 3.43), frontier=(7.01, 3.43), endpoint_to_frontier=0.000 m, limit=0.10 m -> usable
[controller_server-11] [INFO] [1790156854.025664405] [controller_server]: Passing new path to controller.
[INFO] [1790156855.032072086] [mapex_explorer]: Main /plan diagnostic: poses=188, endpoint=(7.01, 3.43), frontier=(7.01, 3.43), endpoint_to_frontier=0.000 m, limit=0.10 m -> usable
[controller_server-11] [INFO] [1790156855.093150574] [controller_server]: Passing new path to controller.
[INFO] [1790156856.051035826] [mapex_explorer]: Main /plan diagnostic: poses=181, endpoint=(7.01, 3.43), frontier=(7.01, 3.43), endpoint_to_frontier=0.000 m, limit=0.10 m -> usable
[controller_server-11] [INFO] [1790156856.092305278] [controller_server]: Passing new path to controller.
[INFO] [1790156857.084426583] [mapex_explorer]: Main /plan diagnostic: poses=173, endpoint=(7.01, 3.43), frontier=(7.01, 3.43), endpoint_to_frontier=0.000 m, limit=0.10 m -> usable
[controller_server-11] [INFO] [1790156857.092308963] [controller_server]: Passing new path to controller.
[INFO] [1790156858.096667594] [mapex_explorer]: Main /plan diagnostic: poses=166, endpoint=(7.01, 3.43), frontier=(7.01, 3.43), endpoint_to_frontier=0.000 m, limit=0.10 m -> usable
[controller_server-11] [INFO] [1790156858.158988820] [controller_server]: Passing new path to controller.
[INFO] [1790156859.144049127] [mapex_explorer]: Main /plan diagnostic: poses=160, endpoint=(7.01, 3.43), frontier=(7.01, 3.43), endpoint_to_frontier=0.000 m, limit=0.10 m -> usable
[controller_server-11] [INFO] [1790156859.158988920] [controller_server]: Passing new path to controller.
[controller_server-11] [INFO] [1790156860.158986091] [controller_server]: Passing new path to controller.
[INFO] [1790156860.166732468] [mapex_explorer]: Main /plan diagnostic: poses=152, endpoint=(7.01, 3.43), frontier=(7.01, 3.43), endpoint_to_frontier=0.000 m, limit=0.10 m -> usable
[INFO] [1790156861.183979007] [mapex_explorer]: Main /plan diagnostic: poses=143, endpoint=(7.01, 3.43), frontier=(7.01, 3.43), endpoint_to_frontier=0.000 m, limit=0.10 m -> usable
[controller_server-11] [INFO] [1790156861.225653867] [controller_server]: Passing new path to controller.
[INFO] [1790156862.215671297] [mapex_explorer]: Main /plan diagnostic: poses=137, endpoint=(7.01, 3.43), frontier=(7.01, 3.43), endpoint_to_frontier=0.000 m, limit=0.10 m -> usable
[controller_server-11] [INFO] [1790156862.225656112] [controller_server]: Passing new path to controller.
[INFO] [1790156863.247379861] [mapex_explorer]: Main /plan diagnostic: poses=134, endpoint=(7.01, 3.43), frontier=(7.01, 3.43), endpoint_to_frontier=0.000 m, limit=0.10 m -> usable
[controller_server-11] [INFO] [1790156863.292304011] [controller_server]: Passing new path to controller.
[INFO] [1790156864.261118527] [mapex_explorer]: Main /plan diagnostic: poses=134, endpoint=(7.01, 3.43), frontier=(7.01, 3.43), endpoint_to_frontier=0.000 m, limit=0.10 m -> usable
[controller_server-11] [INFO] [1790156864.292324271] [controller_server]: Passing new path to controller.
[controller_server-11] [INFO] [1790156865.292310079] [controller_server]: Passing new path to controller.
[INFO] [1790156865.293213026] [mapex_explorer]: Main /plan diagnostic: poses=128, endpoint=(7.01, 3.43), frontier=(7.01, 3.43), endpoint_to_frontier=0.000 m, limit=0.10 m -> usable
[INFO] [1790156866.316580984] [mapex_explorer]: Main /plan diagnostic: poses=118, endpoint=(7.01, 3.43), frontier=(7.01, 3.43), endpoint_to_frontier=0.000 m, limit=0.10 m -> usable
[controller_server-11] [INFO] [1790156866.358988804] [controller_server]: Passing new path to controller.
[INFO] [1790156867.325675739] [mapex_explorer]: Main /plan diagnostic: poses=106, endpoint=(7.01, 3.43), frontier=(7.01, 3.43), endpoint_to_frontier=0.000 m, limit=0.10 m -> usable
[controller_server-11] [INFO] [1790156867.359070809] [controller_server]: Passing new path to controller.
[INFO] [1790156868.347465444] [mapex_explorer]: Main /plan diagnostic: poses=98, endpoint=(7.01, 3.43), frontier=(7.01, 3.43), endpoint_to_frontier=0.000 m, limit=0.10 m -> usable
[controller_server-11] [INFO] [1790156868.358994282] [controller_server]: Passing new path to controller.
[INFO] [1790156869.365035629] [mapex_explorer]: Main /plan diagnostic: poses=90, endpoint=(7.01, 3.43), frontier=(7.01, 3.43), endpoint_to_frontier=0.000 m, limit=0.10 m -> usable
[controller_server-11] [INFO] [1790156869.425651811] [controller_server]: Passing new path to controller.
[INFO] [1790156870.388933895] [mapex_explorer]: Main /plan diagnostic: poses=78, endpoint=(7.01, 3.43), frontier=(7.01, 3.43), endpoint_to_frontier=0.000 m, limit=0.10 m -> usable
[controller_server-11] [INFO] [1790156870.425654834] [controller_server]: Passing new path to controller.
[INFO] [1790156871.406214383] [mapex_explorer]: Main /plan diagnostic: poses=70, endpoint=(7.01, 3.43), frontier=(7.01, 3.43), endpoint_to_frontier=0.000 m, limit=0.10 m -> usable
[controller_server-11] [INFO] [1790156871.425666884] [controller_server]: Passing new path to controller.
[INFO] [1790156872.433331315] [mapex_explorer]: Main /plan diagnostic: poses=56, endpoint=(7.01, 3.43), frontier=(7.01, 3.43), endpoint_to_frontier=0.000 m, limit=0.10 m -> usable
[controller_server-11] [INFO] [1790156872.492326555] [controller_server]: Passing new path to controller.
[INFO] [1790156873.466150213] [mapex_explorer]: Main /plan diagnostic: poses=47, endpoint=(7.01, 3.43), frontier=(7.01, 3.43), endpoint_to_frontier=0.000 m, limit=0.10 m -> usable
[controller_server-11] [INFO] [1790156873.492301768] [controller_server]: Passing new path to controller.
[INFO] [1790156874.484208413] [mapex_explorer]: Main /plan diagnostic: poses=37, endpoint=(7.01, 3.43), frontier=(7.01, 3.43), endpoint_to_frontier=0.000 m, limit=0.10 m -> usable
[controller_server-11] [INFO] [1790156874.558996841] [controller_server]: Passing new path to controller.
[INFO] [1790156875.553100827] [mapex_explorer]: Main /plan diagnostic: poses=28, endpoint=(7.01, 3.43), frontier=(7.01, 3.43), endpoint_to_frontier=0.000 m, limit=0.10 m -> usable
[controller_server-11] [INFO] [1790156875.558992662] [controller_server]: Passing new path to controller.
[INFO] [1790156876.541684060] [mapex_explorer]: Main /plan diagnostic: poses=19, endpoint=(7.01, 3.43), frontier=(7.01, 3.43), endpoint_to_frontier=0.000 m, limit=0.10 m -> usable
[controller_server-11] [INFO] [1790156876.558995150] [controller_server]: Passing new path to controller.
[INFO] [1790156877.573860193] [mapex_explorer]: Main /plan diagnostic: poses=12, endpoint=(7.01, 3.43), frontier=(7.01, 3.43), endpoint_to_frontier=0.000 m, limit=0.10 m -> usable
[controller_server-11] [INFO] [1790156877.625694421] [controller_server]: Passing new path to controller.
[controller_server-11] [INFO] [1790156878.494096234] [controller_server]: Reached the goal!
[controller_server-11] [INFO] [1790156878.494432120] [controller_server]: Optimizer reset
[bt_navigator-16] [INFO] [1790156878.518265788] [bt_navigator]: Goal succeeded
[INFO] [1790156878.555423970] [mapex_explorer]: Goal reached
[INFO] [1790156882.311343507] [mapex_explorer]: MapEx decision 18: selected x=11.61, y=2.93, IG=67.658394, distance=4.83 m, score=14.007782, region=119, candidates=20, near_fallback=False, compute=3.70 s
[bt_navigator-16] [INFO] [1790156882.318638816] [bt_navigator]: Begin navigating from current location (6.81, 3.18) to (11.61, 2.93)
[controller_server-11] [INFO] [1790156882.339397254] [controller_server]: Received a goal, begin computing control effort.
[INFO] [1790156882.410339843] [mapex_explorer]: Main goal accepted
[INFO] [1790156882.694706580] [mapex_explorer]: Main /plan diagnostic: poses=206, endpoint=(11.61, 2.93), frontier=(11.61, 2.93), endpoint_to_frontier=0.000 m, limit=0.10 m -> usable
[INFO] [1790156883.360694631] [mapex_explorer]: Main /plan diagnostic: poses=202, endpoint=(11.61, 2.93), frontier=(11.61, 2.93), endpoint_to_frontier=0.000 m, limit=0.10 m -> usable
[controller_server-11] [INFO] [1790156883.406207318] [controller_server]: Passing new path to controller.
[INFO] [1790156884.388809177] [mapex_explorer]: Main /plan diagnostic: poses=196, endpoint=(11.61, 2.93), frontier=(11.61, 2.93), endpoint_to_frontier=0.000 m, limit=0.10 m -> usable
[controller_server-11] [INFO] [1790156884.406195186] [controller_server]: Passing new path to controller.
[INFO] [1790156885.428436369] [mapex_explorer]: Main /plan diagnostic: poses=191, endpoint=(11.61, 2.93), frontier=(11.61, 2.93), endpoint_to_frontier=0.000 m, limit=0.10 m -> usable
[controller_server-11] [INFO] [1790156885.472861144] [controller_server]: Passing new path to controller.
[INFO] [1790156886.443149908] [mapex_explorer]: Main /plan diagnostic: poses=191, endpoint=(11.61, 2.93), frontier=(11.61, 2.93), endpoint_to_frontier=0.000 m, limit=0.10 m -> usable
[controller_server-11] [INFO] [1790156886.472867842] [controller_server]: Passing new path to controller.
[INFO] [1790156887.461444015] [mapex_explorer]: Main /plan diagnostic: poses=187, endpoint=(11.61, 2.93), frontier=(11.61, 2.93), endpoint_to_frontier=0.000 m, limit=0.10 m -> usable
[controller_server-11] [INFO] [1790156887.474168529] [controller_server]: Passing new path to controller.
[INFO] [1790156888.501542870] [mapex_explorer]: Main /plan diagnostic: poses=176, endpoint=(11.61, 2.93), frontier=(11.61, 2.93), endpoint_to_frontier=0.000 m, limit=0.10 m -> usable
[controller_server-11] [INFO] [1790156888.539547420] [controller_server]: Passing new path to controller.
[controller_server-11] [INFO] [1790156889.539538940] [controller_server]: Passing new path to controller.
[INFO] [1790156889.557886978] [mapex_explorer]: Main /plan diagnostic: poses=169, endpoint=(11.61, 2.93), frontier=(11.61, 2.93), endpoint_to_frontier=0.000 m, limit=0.10 m -> usable
[INFO] [1790156890.548224342] [mapex_explorer]: Main /plan diagnostic: poses=160, endpoint=(11.61, 2.93), frontier=(11.61, 2.93), endpoint_to_frontier=0.000 m, limit=0.10 m -> usable
[controller_server-11] [INFO] [1790156890.606200798] [controller_server]: Passing new path to controller.
[INFO] [1790156891.604366109] [mapex_explorer]: Main /plan diagnostic: poses=148, endpoint=(11.61, 2.93), frontier=(11.61, 2.93), endpoint_to_frontier=0.000 m, limit=0.10 m -> usable
[controller_server-11] [INFO] [1790156891.606193719] [controller_server]: Passing new path to controller.
[INFO] [1790156892.589098242] [mapex_explorer]: Main /plan diagnostic: poses=139, endpoint=(11.61, 2.93), frontier=(11.61, 2.93), endpoint_to_frontier=0.000 m, limit=0.10 m -> usable
[controller_server-11] [INFO] [1790156892.607998190] [controller_server]: Passing new path to controller.
[controller_server-11] [INFO] [1790156893.672866283] [controller_server]: Passing new path to controller.
[INFO] [1790156893.709792375] [mapex_explorer]: Main /plan diagnostic: poses=128, endpoint=(11.61, 2.93), frontier=(11.61, 2.93), endpoint_to_frontier=0.000 m, limit=0.10 m -> usable
[INFO] [1790156894.632625943] [mapex_explorer]: Main /plan diagnostic: poses=125, endpoint=(11.61, 2.93), frontier=(11.61, 2.93), endpoint_to_frontier=0.000 m, limit=0.10 m -> usable
[controller_server-11] [INFO] [1790156894.672863419] [controller_server]: Passing new path to controller.
[controller_server-11] [INFO] [1790156895.672874456] [controller_server]: Passing new path to controller.
[INFO] [1790156895.687961106] [mapex_explorer]: Main /plan diagnostic: poses=108, endpoint=(11.61, 2.93), frontier=(11.61, 2.93), endpoint_to_frontier=0.000 m, limit=0.10 m -> usable
[INFO] [1790156896.677616128] [mapex_explorer]: Main /plan diagnostic: poses=101, endpoint=(11.61, 2.93), frontier=(11.61, 2.93), endpoint_to_frontier=0.000 m, limit=0.10 m -> usable
[controller_server-11] [INFO] [1790156896.740252582] [controller_server]: Passing new path to controller.
[INFO] [1790156897.694764741] [mapex_explorer]: Main /plan diagnostic: poses=87, endpoint=(11.61, 2.93), frontier=(11.61, 2.93), endpoint_to_frontier=0.000 m, limit=0.10 m -> usable
[controller_server-11] [INFO] [1790156897.739534753] [controller_server]: Passing new path to controller.
[INFO] [1790156898.724104454] [mapex_explorer]: Main /plan diagnostic: poses=76, endpoint=(11.61, 2.93), frontier=(11.61, 2.93), endpoint_to_frontier=0.000 m, limit=0.10 m -> usable
[controller_server-11] [INFO] [1790156898.739530139] [controller_server]: Passing new path to controller.
[INFO] [1790156899.755007949] [mapex_explorer]: Main /plan diagnostic: poses=65, endpoint=(11.61, 2.93), frontier=(11.61, 2.93), endpoint_to_frontier=0.000 m, limit=0.10 m -> usable
[controller_server-11] [INFO] [1790156899.806213343] [controller_server]: Passing new path to controller.
[INFO] [1790156900.772222540] [mapex_explorer]: Main /plan diagnostic: poses=54, endpoint=(11.61, 2.93), frontier=(11.61, 2.93), endpoint_to_frontier=0.000 m, limit=0.10 m -> usable
[controller_server-11] [INFO] [1790156900.806204374] [controller_server]: Passing new path to controller.
[INFO] [1790156901.816112516] [mapex_explorer]: Main /plan diagnostic: poses=50, endpoint=(11.61, 2.93), frontier=(11.61, 2.93), endpoint_to_frontier=0.000 m, limit=0.10 m -> usable
[controller_server-11] [INFO] [1790156901.872870612] [controller_server]: Passing new path to controller.
[INFO] [1790156902.831243270] [mapex_explorer]: Main /plan diagnostic: poses=34, endpoint=(11.61, 2.93), frontier=(11.61, 2.93), endpoint_to_frontier=0.000 m, limit=0.10 m -> usable
[controller_server-11] [INFO] [1790156902.872864031] [controller_server]: Passing new path to controller.
[INFO] [1790156903.852994195] [mapex_explorer]: Main /plan diagnostic: poses=24, endpoint=(11.61, 2.93), frontier=(11.61, 2.93), endpoint_to_frontier=0.000 m, limit=0.10 m -> usable
[controller_server-11] [INFO] [1790156903.872888327] [controller_server]: Passing new path to controller.
[INFO] [1790156904.873452913] [mapex_explorer]: Main /plan diagnostic: poses=17, endpoint=(11.61, 2.93), frontier=(11.61, 2.93), endpoint_to_frontier=0.000 m, limit=0.10 m -> usable
[controller_server-11] [INFO] [1790156904.939538681] [controller_server]: Passing new path to controller.
[INFO] [1790156905.891317228] [mapex_explorer]: Main /plan diagnostic: poses=12, endpoint=(11.61, 2.93), frontier=(11.61, 2.93), endpoint_to_frontier=0.000 m, limit=0.10 m -> usable
[controller_server-11] [INFO] [1790156905.939536222] [controller_server]: Passing new path to controller.
[controller_server-11] [INFO] [1790156906.541163742] [controller_server]: Reached the goal!
[controller_server-11] [INFO] [1790156906.541386645] [controller_server]: Optimizer reset
[bt_navigator-16] [INFO] [1790156906.568892056] [bt_navigator]: Goal succeeded
[INFO] [1790156906.571227525] [mapex_explorer]: Goal reached
[INFO] [1790156910.335425197] [mapex_explorer]: MapEx decision 19: selected x=6.31, y=6.23, IG=26.559948, distance=6.13 m, score=4.330869, region=13, candidates=20, near_fallback=False, compute=3.72 s
[bt_navigator-16] [INFO] [1790156910.336297342] [bt_navigator]: Begin navigating from current location (11.35, 2.72) to (6.31, 6.23)
[controller_server-11] [INFO] [1790156910.357081371] [controller_server]: Received a goal, begin computing control effort.
[INFO] [1790156910.443476020] [mapex_explorer]: Main goal accepted
[INFO] [1790156910.576763977] [mapex_explorer]: Main /plan diagnostic: poses=258, endpoint=(6.31, 6.23), frontier=(6.31, 6.23), endpoint_to_frontier=0.000 m, limit=0.10 m -> usable
[INFO] [1790156911.374683082] [mapex_explorer]: Main /plan diagnostic: poses=255, endpoint=(6.31, 6.23), frontier=(6.31, 6.23), endpoint_to_frontier=0.000 m, limit=0.10 m -> usable
[controller_server-11] [INFO] [1790156911.423877726] [controller_server]: Passing new path to controller.
[INFO] [1790156912.399777043] [mapex_explorer]: Main /plan diagnostic: poses=249, endpoint=(6.31, 6.23), frontier=(6.31, 6.23), endpoint_to_frontier=0.000 m, limit=0.10 m -> usable
[controller_server-11] [INFO] [1790156912.423890143] [controller_server]: Passing new path to controller.
[INFO] [1790156913.423921789] [mapex_explorer]: Main /plan diagnostic: poses=243, endpoint=(6.31, 6.23), frontier=(6.31, 6.23), endpoint_to_frontier=0.000 m, limit=0.10 m -> usable
[controller_server-11] [INFO] [1790156913.490561907] [controller_server]: Passing new path to controller.
[INFO] [1790156914.442334236] [mapex_explorer]: Main /plan diagnostic: poses=243, endpoint=(6.31, 6.23), frontier=(6.31, 6.23), endpoint_to_frontier=0.000 m, limit=0.10 m -> usable
[controller_server-11] [INFO] [1790156914.490544139] [controller_server]: Passing new path to controller.
[INFO] [1790156915.475075446] [mapex_explorer]: Main /plan diagnostic: poses=240, endpoint=(6.31, 6.23), frontier=(6.31, 6.23), endpoint_to_frontier=0.000 m, limit=0.10 m -> usable
[controller_server-11] [INFO] [1790156915.490564193] [controller_server]: Passing new path to controller.
[controller_server-11] [INFO] [1790156916.557207782] [controller_server]: Passing new path to controller.
[INFO] [1790156916.586075283] [mapex_explorer]: Main /plan diagnostic: poses=233, endpoint=(6.31, 6.23), frontier=(6.31, 6.23), endpoint_to_frontier=0.000 m, limit=0.10 m -> usable
[INFO] [1790156917.555346101] [mapex_explorer]: Main /plan diagnostic: poses=220, endpoint=(6.31, 6.23), frontier=(6.31, 6.23), endpoint_to_frontier=0.000 m, limit=0.10 m -> usable
[controller_server-11] [INFO] [1790156917.557217878] [controller_server]: Passing new path to controller.
[controller_server-11] [INFO] [1790156918.557205296] [controller_server]: Passing new path to controller.
[INFO] [1790156918.564069769] [mapex_explorer]: Main /plan diagnostic: poses=212, endpoint=(6.31, 6.23), frontier=(6.31, 6.23), endpoint_to_frontier=0.000 m, limit=0.10 m -> usable
[INFO] [1790156919.584206308] [mapex_explorer]: Main /plan diagnostic: poses=201, endpoint=(6.31, 6.23), frontier=(6.31, 6.23), endpoint_to_frontier=0.000 m, limit=0.10 m -> usable
[controller_server-11] [INFO] [1790156919.624532470] [controller_server]: Passing new path to controller.
[controller_server-11] [WARN] [1790156921.805160506] [controller_server]: Control loop missed its desired rate of 15.0000 Hz. Current loop rate is inf Hz.
[collision_monitor-19] [WARN] [1790156921.810167030] [collision_monitor]: [scan]: Latest source and current collision monitor node timestamps differ on 1.491000 seconds. Ignoring the source.
[bt_navigator-16] [WARN] [1790156921.821297855] [bt_navigator_navigate_to_pose_rclcpp_node]: Timed out while waiting for action server to acknowledge goal request for compute_path_to_pose
[collision_monitor-19] [WARN] [1790156921.825806067] [collision_monitor]: Robot to stop due to invalid source. Either due to data not published yet, or to lack of new data received within the sensor timeout, or if impossible to transform data to base frame
[INFO] [1790156921.827715077] [mapex_explorer]: Main /plan diagnostic: poses=180, endpoint=(6.31, 6.23), frontier=(6.31, 6.23), endpoint_to_frontier=0.000 m, limit=0.10 m -> usable
[collision_monitor-19] [WARN] [1790156921.829558266] [collision_monitor]: [scan]: Latest source and current collision monitor node timestamps differ on 1.513000 seconds. Ignoring the source.
[bt_navigator-16] [ERROR] [1790156921.852405098] [bt_navigator_navigate_to_pose_rclcpp_node]: Failed to get result for follow_path in node halt!
[behavior_server-15] [INFO] [1790156921.852790706] [behavior_server]: Running wait
[controller_server-11] [INFO] [1790156921.871978946] [controller_server]: Cancellation was successful. Stopping the robot.
[controller_server-11] [INFO] [1790156921.872041627] [controller_server]: [follow_path] [ActionServer] Client requested to cancel the goal. Cancelling.
[controller_server-11] [INFO] [1790156921.872524123] [controller_server]: Optimizer reset
[collision_monitor-19] [INFO] [1790156921.885435859] [collision_monitor]: Robot to continue normal operation
[behavior_server-15] [INFO] [1790156922.152958596] [behavior_server]: wait completed successfully
[INFO] [1790156922.172359654] [mapex_explorer]: Main /plan diagnostic: poses=178, endpoint=(6.31, 6.23), frontier=(6.31, 6.23), endpoint_to_frontier=0.000 m, limit=0.10 m -> usable
[controller_server-11] [INFO] [1790156922.183596538] [controller_server]: Received a goal, begin computing control effort.
[async_slam_toolbox_node-10] W20260923 16:48:42.299078  5795 preprocessor.cc:67] Specified options.num_threads: 50 exceeds maximum available from the threading model Ceres was compiled with: 16.  Bounding to maximum number available.
[async_slam_toolbox_node-10] [INFO] [1790156922.307310499] [slam_toolbox]: Adaptive anchor summary: latest_node=1017, local_edges=1042, loop_history=0, avg_effective_weight=1.278, release_regions=0
[INFO] [1790156923.204409313] [mapex_explorer]: Main /plan diagnostic: poses=177, endpoint=(6.31, 6.23), frontier=(6.31, 6.23), endpoint_to_frontier=0.000 m, limit=0.10 m -> usable
[controller_server-11] [INFO] [1790156923.250403326] [controller_server]: Passing new path to controller.
[controller_server-11] [INFO] [1790156923.411453766] [local_costmap.local_costmap]: StaticLayer: Resizing static layer to 260 X 200 at 0.100000 m/pix
[planner_server-13] [INFO] [1790156923.929551281] [global_costmap.global_costmap]: StaticLayer: Resizing costmap to 260 X 200 at 0.100000 m/pix
[INFO] [1790156924.233895203] [mapex_explorer]: Main /plan diagnostic: poses=163, endpoint=(6.31, 6.23), frontier=(6.31, 6.23), endpoint_to_frontier=0.000 m, limit=0.10 m -> usable
[controller_server-11] [INFO] [1790156924.250402326] [controller_server]: Passing new path to controller.
[INFO] [1790156925.262068404] [mapex_explorer]: Main /plan diagnostic: poses=152, endpoint=(6.31, 6.23), frontier=(6.31, 6.23), endpoint_to_frontier=0.000 m, limit=0.10 m -> usable
[controller_server-11] [INFO] [1790156925.317085722] [controller_server]: Passing new path to controller.
[INFO] [1790156926.293963779] [mapex_explorer]: Main /plan diagnostic: poses=144, endpoint=(6.31, 6.23), frontier=(6.31, 6.23), endpoint_to_frontier=0.000 m, limit=0.10 m -> usable
[controller_server-11] [INFO] [1790156926.317792306] [controller_server]: Passing new path to controller.
[INFO] [1790156927.320213432] [mapex_explorer]: Main /plan diagnostic: poses=133, endpoint=(6.31, 6.23), frontier=(6.31, 6.23), endpoint_to_frontier=0.000 m, limit=0.10 m -> usable
[controller_server-11] [INFO] [1790156927.383732535] [controller_server]: Passing new path to controller.
[async_slam_toolbox_node-10] W20260923 16:48:47.937175  5795 preprocessor.cc:67] Specified options.num_threads: 50 exceeds maximum available from the threading model Ceres was compiled with: 16.  Bounding to maximum number available.
[INFO] [1790156928.343137657] [mapex_explorer]: Main /plan diagnostic: poses=123, endpoint=(6.31, 6.23), frontier=(6.31, 6.23), endpoint_to_frontier=0.000 m, limit=0.10 m -> usable
[controller_server-11] [INFO] [1790156928.384313060] [controller_server]: Passing new path to controller.
[controller_server-11] [INFO] [1790156928.430329537] [local_costmap.local_costmap]: StaticLayer: Resizing static layer to 260 X 200 at 0.100000 m/pix
[planner_server-13] [INFO] [1790156928.931545300] [global_costmap.global_costmap]: StaticLayer: Resizing costmap to 260 X 200 at 0.100000 m/pix
[INFO] [1790156929.384320178] [mapex_explorer]: Main /plan diagnostic: poses=112, endpoint=(6.31, 6.23), frontier=(6.31, 6.23), endpoint_to_frontier=0.000 m, limit=0.10 m -> usable
[controller_server-11] [INFO] [1790156929.450405949] [controller_server]: Passing new path to controller.
[INFO] [1790156930.408662106] [mapex_explorer]: Main /plan diagnostic: poses=101, endpoint=(6.31, 6.23), frontier=(6.31, 6.23), endpoint_to_frontier=0.000 m, limit=0.10 m -> usable
[controller_server-11] [INFO] [1790156930.450410774] [controller_server]: Passing new path to controller.
[INFO] [1790156931.429892354] [mapex_explorer]: Main /plan diagnostic: poses=92, endpoint=(6.31, 6.23), frontier=(6.31, 6.23), endpoint_to_frontier=0.000 m, limit=0.10 m -> usable
[controller_server-11] [INFO] [1790156931.450397227] [controller_server]: Passing new path to controller.
[INFO] [1790156932.463050544] [mapex_explorer]: Main /plan diagnostic: poses=88, endpoint=(6.31, 6.23), frontier=(6.31, 6.23), endpoint_to_frontier=0.000 m, limit=0.10 m -> usable
[controller_server-11] [INFO] [1790156932.517076680] [controller_server]: Passing new path to controller.
[INFO] [1790156933.490271227] [mapex_explorer]: Main /plan diagnostic: poses=79, endpoint=(6.31, 6.23), frontier=(6.31, 6.23), endpoint_to_frontier=0.000 m, limit=0.10 m -> usable
[controller_server-11] [INFO] [1790156933.517079291] [controller_server]: Passing new path to controller.
[INFO] [1790156934.572119291] [mapex_explorer]: Main /plan diagnostic: poses=68, endpoint=(6.31, 6.23), frontier=(6.31, 6.23), endpoint_to_frontier=0.000 m, limit=0.10 m -> usable
[controller_server-11] [INFO] [1790156934.583729399] [controller_server]: Passing new path to controller.
[INFO] [1790156935.565004617] [mapex_explorer]: Main /plan diagnostic: poses=60, endpoint=(6.31, 6.23), frontier=(6.31, 6.23), endpoint_to_frontier=0.000 m, limit=0.10 m -> usable
[controller_server-11] [INFO] [1790156935.585767024] [controller_server]: Passing new path to controller.
[INFO] [1790156936.562806995] [mapex_explorer]: Main /plan diagnostic: poses=51, endpoint=(6.31, 6.23), frontier=(6.31, 6.23), endpoint_to_frontier=0.000 m, limit=0.10 m -> usable
[controller_server-11] [INFO] [1790156936.583742693] [controller_server]: Passing new path to controller.
[controller_server-11] [INFO] [1790156937.650676524] [controller_server]: Passing new path to controller.
[INFO] [1790156937.665691576] [mapex_explorer]: Main /plan diagnostic: poses=41, endpoint=(6.31, 6.23), frontier=(6.31, 6.23), endpoint_to_frontier=0.000 m, limit=0.10 m -> usable
[INFO] [1790156938.597374620] [mapex_explorer]: Main /plan diagnostic: poses=30, endpoint=(6.31, 6.23), frontier=(6.31, 6.23), endpoint_to_frontier=0.000 m, limit=0.10 m -> usable
[controller_server-11] [INFO] [1790156938.650395779] [controller_server]: Passing new path to controller.
[INFO] [1790156939.627975127] [mapex_explorer]: Main /plan diagnostic: poses=23, endpoint=(6.31, 6.23), frontier=(6.31, 6.23), endpoint_to_frontier=0.000 m, limit=0.10 m -> usable
[controller_server-11] [INFO] [1790156939.650465904] [controller_server]: Passing new path to controller.
[bt_navigator-16] [ERROR] [1790156940.284563352] [bt_navigator_navigate_to_pose_rclcpp_node]: Failed to get result for follow_path in node halt!
[bt_navigator-16] [INFO] [1790156940.284681618] [bt_navigator]: [navigate_to_pose] [ActionServer] Client requested to cancel the goal. Cancelling.
[bt_navigator-16] [INFO] [1790156940.284849785] [bt_navigator]: Goal canceled
[WARN] [1790156940.288261966] [mapex_explorer]: Main goal failed (status=5, error_code=0)
[WARN] [1790156940.288708648] [mapex_explorer]: Path-guided recovery #1: temporary subgoal x=5.92, y=6.27, 0.45 m ahead on main path (remaining main path=0.87 m, trigger_error=0)
[WARN] [1790156940.292206303] [mapex_explorer]: R003 cutoff latched; navigation dispatch suppressed
[controller_server-11] [INFO] [1790156940.317069969] [controller_server]: Cancellation was successful. Stopping the robot.
[controller_server-11] [INFO] [1790156940.317112109] [controller_server]: [follow_path] [ActionServer] Client requested to cancel the goal. Cancelling.
[controller_server-11] [INFO] [1790156940.317445831] [controller_server]: Optimizer reset
[WARN] [1790156940.445227352] [mapex_explorer]: MAPEX SAVED: env=new_room, profile=slam, coverage=0.935114504, distance=149.89m, output=/home/com1/turtlebot4_project_r003_h031/mapex_lab/experiments/mapex/mpx_p500_001

Stopping experiment...
[controller_server-11] [INFO] [1790156940.987343650] [rclcpp]: signal_handler(SIGINT/SIGTERM)
[lifecycle_manager-21] [INFO] [1790156940.987391706] [rclcpp]: signal_handler(SIGINT/SIGTERM)
[behavior_server-15] [INFO] [1790156940.987439277] [rclcpp]: signal_handler(SIGINT/SIGTERM)
[bt_navigator-16] [INFO] [1790156940.987496816] [rclcpp]: signal_handler(SIGINT/SIGTERM)
[bt_navigator-16] [INFO] [1790156940.987958307] [bt_navigator]: Running Nav2 LifecycleNode rcl preshutdown (bt_navigator)
[opennav_docking-20] [INFO] [1790156940.987551142] [rclcpp]: signal_handler(SIGINT/SIGTERM)
[opennav_docking-20] [INFO] [1790156940.987611184] [docking_server]: Running Nav2 LifecycleNode rcl preshutdown (docking_server)
[opennav_docking-20] [INFO] [1790156940.987691882] [docking_server]: Cleaning up docking_server
[parameter_bridge-2] [INFO] [1790156940.987633519] [rclcpp]: signal_handler(SIGINT/SIGTERM)
[rviz2-7] [INFO] [1790156940.987642104] [rclcpp]: signal_handler(SIGINT/SIGTERM)
[route_server-14] [INFO] [1790156940.987653535] [rclcpp]: signal_handler(SIGINT/SIGTERM)
[controller_server-11] [INFO] [1790156940.987701270] [controller_server]: Running Nav2 LifecycleNode rcl preshutdown (controller_server)
[smoother_server-12] [INFO] [1790156940.987385789] [rclcpp]: signal_handler(SIGINT/SIGTERM)
[behavior_server-15] [INFO] [1790156940.987737178] [behavior_server]: Running Nav2 LifecycleNode rcl preshutdown (behavior_server)
[collision_monitor-19] [INFO] [1790156940.987741875] [rclcpp]: signal_handler(SIGINT/SIGTERM)
[planner_server-13] [INFO] [1790156940.987768019] [rclcpp]: signal_handler(SIGINT/SIGTERM)
[planner_server-13] [INFO] [1790156940.988559387] [planner_server]: Running Nav2 LifecycleNode rcl preshutdown (planner_server)
[async_slam_toolbox_node-10] [INFO] [1790156940.987901100] [rclcpp]: signal_handler(SIGINT/SIGTERM)
[lifecycle_manager-21] [INFO] [1790156940.988331456] [lifecycle_manager_navigation]: Running Nav2 LifecycleManager rcl preshutdown (lifecycle_manager_navigation)
[velocity_smoother-18] [INFO] [1790156940.988367043] [rclcpp]: signal_handler(SIGINT/SIGTERM)
[collision_monitor-19] [INFO] [1790156940.989436257] [collision_monitor]: Running Nav2 LifecycleNode rcl preshutdown (collision_monitor)
[controller_server-11] [INFO] [1790156940.990139937] [controller_server]: Deactivating
[controller_server-11] [INFO] [1790156940.990240107] [MPPIController]: Deactivated MPPI Controller: FollowPath
[velocity_smoother-18] [INFO] [1790156940.990341392] [velocity_smoother]: Running Nav2 LifecycleNode rcl preshutdown (velocity_smoother)
[smoother_server-12] [INFO] [1790156940.990371902] [smoother_server]: Running Nav2 LifecycleNode rcl preshutdown (smoother_server)
[behavior_server-15] [INFO] [1790156940.990516160] [behavior_server]: Deactivating
[route_server-14] [INFO] [1790156940.990837778] [route_server]: Running Nav2 LifecycleNode rcl preshutdown (route_server)
[bt_navigator-16] [INFO] [1790156940.991818242] [bt_navigator]: Deactivating
[collision_monitor-19] [INFO] [1790156940.992383501] [collision_monitor]: Deactivating
[collision_monitor-19] [INFO] [1790156940.992468359] [collision_monitor]: Destroying bond (collision_monitor) to lifecycle manager.
[planner_server-13] [INFO] [1790156940.992394962] [planner_server]: Deactivating
[bt_navigator-16] [INFO] [1790156940.992943168] [bt_navigator]: Destroying bond (bt_navigator) to lifecycle manager.
[controller_server-11] [INFO] [1790156940.992563846] [local_costmap.local_costmap]: Deactivating
[image_bridge-4] [INFO] [1790156940.992404363] [rclcpp]: signal_handler(SIGINT/SIGTERM)
[robot_state_publisher-6] [INFO] [1790156940.992567501] [rclcpp]: signal_handler(SIGINT/SIGTERM)
[planner_server-13] [INFO] [1790156940.993221280] [global_costmap.global_costmap]: Deactivating
[image_bridge-3] [INFO] [1790156940.992404625] [rclcpp]: signal_handler(SIGINT/SIGTERM)
[waypoint_follower-17] [INFO] [1790156940.993913223] [rclcpp]: signal_handler(SIGINT/SIGTERM)
[behavior_server-15] [INFO] [1790156940.994182916] [behavior_server]: Destroying bond (behavior_server) to lifecycle manager.
[waypoint_follower-17] [INFO] [1790156940.996765601] [waypoint_follower]: Running Nav2 LifecycleNode rcl preshutdown (waypoint_follower)
[velocity_smoother-18] [INFO] [1790156940.996813620] [velocity_smoother]: Deactivating
[velocity_smoother-18] [INFO] [1790156940.997053869] [velocity_smoother]: Destroying bond (velocity_smoother) to lifecycle manager.
[route_server-14] [INFO] [1790156941.001790212] [route_server]: Deactivating
[route_server-14] [INFO] [1790156941.002964203] [route_server]: Destroying bond (route_server) to lifecycle manager.
[smoother_server-12] [INFO] [1790156941.006841307] [smoother_server]: Deactivating
[smoother_server-12] [INFO] [1790156941.008101695] [smoother_server]: Destroying bond (smoother_server) to lifecycle manager.
[waypoint_follower-17] [INFO] [1790156941.014224542] [waypoint_follower]: Deactivating
[waypoint_follower-17] [INFO] [1790156941.015058666] [waypoint_follower]: Destroying bond (waypoint_follower) to lifecycle manager.
[async_slam_toolbox_node-10] Unregistering sensor: Custom Described Lidar
[opennav_docking-20] [INFO] [1790156941.032372817] [docking_server]: Destroying bond (docking_server) to lifecycle manager.
[opennav_docking-20] [INFO] [1790156941.057305155] [docking_server]: Destroying
[controller_server-11] [INFO] [1790156941.073429872] [controller_server]: Destroying bond (controller_server) to lifecycle manager.
[collision_monitor-19] [INFO] [1790156941.093919754] [collision_monitor]: Cleaning up
[bt_navigator-16] [INFO] [1790156941.093919800] [bt_navigator]: Cleaning up
[velocity_smoother-18] [INFO] [1790156941.099762965] [velocity_smoother]: Cleaning up
[velocity_smoother-18] [INFO] [1790156941.099833045] [velocity_smoother]: Destroying bond (velocity_smoother) to lifecycle manager.
[behavior_server-15] [INFO] [1790156941.102702542] [behavior_server]: Cleaning up
[collision_monitor-19] [INFO] [1790156941.104028421] [collision_monitor]: [FootprintApproach]: Destroying Polygon
[collision_monitor-19] [INFO] [1790156941.104632106] [collision_monitor]: [scan]: Destroying Scan
[collision_monitor-19] [INFO] [1790156941.108142048] [collision_monitor]: Destroying bond (collision_monitor) to lifecycle manager.
[velocity_smoother-18] [INFO] [1790156941.114035499] [velocity_smoother]: Destroying
[route_server-14] [INFO] [1790156941.114236028] [route_server]: Cleaning up
[smoother_server-12] [INFO] [1790156941.117070145] [smoother_server]: Cleaning up
[behavior_server-15] [INFO] [1790156941.121883579] [behavior_server]: Destroying bond (behavior_server) to lifecycle manager.
[rviz2-7] [ERROR] [1790156941.121936633] [rviz2]: Error using GLSL Program Object : GL_OUT_OF_MEMORY
[rviz2-7] active samplers with a different type refer to the same texture image unit
[collision_monitor-19] [INFO] [1790156941.126710001] [collision_monitor]: Destroying
[smoother_server-12] [INFO] [1790156941.155529561] [smoother_server]: Destroying bond (smoother_server) to lifecycle manager.
[smoother_server-12] [INFO] [1790156941.164008666] [smoother_server]: Destroying
[route_server-14] [INFO] [1790156941.165586513] [route_server]: Destroying bond (route_server) to lifecycle manager.
[controller_server-11] [INFO] [1790156941.174459414] [controller_server]: Cleaning up
[controller_server-11] [INFO] [1790156941.176606276] [MPPIController]: Cleaned up MPPI Controller: FollowPath
[controller_server-11] [INFO] [1790156941.177475085] [local_costmap.local_costmap]: Cleaning up
[route_server-14] [INFO] [1790156941.179584382] [route_server]: Destroying
[behavior_server-15] [INFO] [1790156941.181479409] [behavior_server]: Destroying
[bt_navigator-16] [INFO] [1790156941.220980296] [bt_navigator]: Completed Cleaning up
[bt_navigator-16] [INFO] [1790156941.221030605] [bt_navigator]: Destroying bond (bt_navigator) to lifecycle manager.
[controller_server-11] [INFO] [1790156941.232813714] [controller_server]: Destroying bond (controller_server) to lifecycle manager.
[controller_server-11] [INFO] [1790156941.237604977] [local_costmap.local_costmap]: Destroying
[bt_navigator-16] [INFO] [1790156941.238533868] [bt_navigator]: Destroying
[controller_server-11] [INFO] [1790156941.257092985] [controller_server]: Destroying
[INFO] [parameter_bridge-2]: process has finished cleanly [pid 5283]
[INFO] [robot_state_publisher-6]: process has finished cleanly [pid 5287]
[INFO] [image_bridge-3]: process has finished cleanly [pid 5284]
[INFO] [image_bridge-4]: process has finished cleanly [pid 5285]
[INFO] [opennav_docking-20]: process has finished cleanly [pid 5918]
[INFO] [velocity_smoother-18]: process has finished cleanly [pid 5916]
[INFO] [collision_monitor-19]: process has finished cleanly [pid 5917]
[INFO] [async_slam_toolbox_node-10]: process has finished cleanly [pid 5795]
[INFO] [smoother_server-12]: process has finished cleanly [pid 5910]
[INFO] [behavior_server-15]: process has finished cleanly [pid 5913]
[INFO] [route_server-14]: process has finished cleanly [pid 5912]
[INFO] [bt_navigator-16]: process has finished cleanly [pid 5914]
[INFO] [controller_server-11]: process has finished cleanly [pid 5909]
[planner_server-13] [INFO] [1790156941.930002686] [planner_server]: Deactivating plugin GridBased of type NavfnPlanner
[planner_server-13] [INFO] [1790156941.930054839] [planner_server]: Destroying bond (planner_server) to lifecycle manager.
[planner_server-13] [INFO] [1790156942.030661522] [planner_server]: Cleaning up
[planner_server-13] [INFO] [1790156942.048999702] [global_costmap.global_costmap]: Cleaning up
[planner_server-13] [INFO] [1790156942.057977908] [planner_server]: Cleaning up plugin GridBased of type NavfnPlanner
[planner_server-13] [INFO] [1790156942.058344418] [planner_server]: Destroying plugin GridBased of type NavfnPlanner
[planner_server-13] [INFO] [1790156942.072498657] [planner_server]: Destroying bond (planner_server) to lifecycle manager.
[planner_server-13] [INFO] [1790156942.081970617] [global_costmap.global_costmap]: Destroying
[planner_server-13] [INFO] [1790156942.103962240] [planner_server]: Destroying
[INFO] [planner_server-13]: process has finished cleanly [pid 5911]
[gz-8] [1;36m[Dbg] [SimulationRunner.cc:562] [0m[1;36mCreating postupdate worker thread ([0m[1;36m2[0m[1;36m)[0m[1;36m[0m
[gz-8] [1;36m[Dbg] [SimulationRunner.cc:562] [0m[1;36mCreating postupdate worker thread ([0m[1;36m3[0m[1;36m)[0m[1;36m[0m
[gz-8] [1;36m[Dbg] [SimulationRunner.cc:562] [0m[1;36mCreating postupdate worker thread ([0m[1;36m4[0m[1;36m)[0m[1;36m[0m
[gz-8] [1;36m[Dbg] [RenderUtil.cc:2646] [0m[1;36mCreate scene [[0m[1;36mscene[0m[1;36m][0m[1;36m[0m
[gz-8] [1;36m[Dbg] [Sensors.cc:391] [0m[1;36mRendering Thread initialized[0m[1;36m[0m
[gz-8] [1;36m[Dbg] [Sensors.cc:953] [0m[1;36mInitialization needed[0m[1;36m[0m
[gz-8] [1;36m[Dbg] [RgbdCameraSensor.cc:210] [0m[1;36mRGB images for [[0m[1;36mturtlebot4::oakd_rgb_camera_frame::rgbd_camera[0m[1;36m] advertised on [[0m[1;36mrgbd_camera[0m[1;36m/image][0m[1;36m[0m
[gz-8] [1;36m[Dbg] [RgbdCameraSensor.cc:224] [0m[1;36mDepth images for [[0m[1;36mturtlebot4::oakd_rgb_camera_frame::rgbd_camera[0m[1;36m] advertised on [[0m[1;36mrgbd_camera[0m[1;36m/depth_image][0m[1;36m[0m
[gz-8] [1;36m[Dbg] [RgbdCameraSensor.cc:238] [0m[1;36mPoints for [[0m[1;36mturtlebot4::oakd_rgb_camera_frame::rgbd_camera[0m[1;36m] advertised on [[0m[1;36mrgbd_camera[0m[1;36m/points][0m[1;36m[0m
[gz-8] [1;36m[Dbg] [CameraSensor.cc:695] [0m[1;36mCamera info for [[0m[1;36mturtlebot4::oakd_rgb_camera_frame::rgbd_camera[0m[1;36m] advertised on [[0m[1;36mrgbd_camera/camera_info[0m[1;36m][0m[1;36m[0m
[gz-8] [1;36m[Dbg] [Lidar.cc:139] [0m[1;36mLaser scans for [[0m[1;36mturtlebot4::rplidar_link::rplidar[0m[1;36m] advertised on [[0m[1;36mscan[0m[1;36m][0m[1;36m[0m
[gz-8] [1;36m[Dbg] [GpuLidarSensor.cc:164] [0m[1;36mLidar points for [[0m[1;36mturtlebot4::rplidar_link::rplidar[0m[1;36m] advertised on [[0m[1;36mscan/points[0m[1;36m][0m[1;36m[0m
[gz-8] [1;36m[Dbg] [SignalHandler.cc:142] [0m[1;36mReceived signal[[0m[1;36m2[0m[1;36m].[0m
[gz-8] [1;36m[Dbg] [ServerPrivate.cc:122] [0m[1;36mServer received signal[[0m[1;36m2[0m[1;36m][0m
[gz-8] [1;36m[Dbg] [Sensors.cc:565] [0m[1;36mSensorsPrivate::Stop[0m[1;36m[0m
[gz-8] [1;36m[Dbg] [Sensors.cc:551] [0m[1;36mSensorsPrivate::RenderThread stopped[0m[1;36m[0m
[gz-8] [1;36m[Dbg] [gz.cc:434] [0m[1;36mShutting down gz-sim-server[0m[1;36m[0m
[gz-8] [1;36m[Dbg] [SimulationRunner.cc:578] [0m[1;36mExiting postupdate worker thread ([0m[1;36m3[0m[1;36m)[0m[1;36m[0m
[gz-8] [1;36m[0m
[gz-8] [1;36m[Dbg] [SimulationRunner.cc:578] [Dbg] [SimulationRunner.cc:578] [0m[1;36mExiting postupdate worker thread ([0m[1;36m1[0m[1;36m)[0m[1;36m[0m
[gz-8] [1;36mExiting postupdate worker thread ([0m[1;36m0[0m[1;36m)[0m[1;36m[0m
[gz-8] [1;36m[0m
[gz-8] [1;36m[Dbg] [SimulationRunner.cc:578] [0m[1;36mExiting postupdate worker thread ([0m[1;36m2[0m[1;36m)[0m[1;36m[0m
[gz-8] [1;36m[0m
[gz-8] [1;36m)[0m[1;36m4[0m[1;36m)[0m[1;36m[0m
[gz-8] [1;36m[Dbg] [Sensors.cc:565] [0m[1;36mSensorsPrivate::Stop[0m[1;36m[0m
[INFO] [gz-8]: process has finished cleanly [pid 5404]
[gz-9] [1;36m[GUI] [Dbg] [SignalHandler.cc:142] [0m[1;36mReceived signal[[0m[1;36m2[0m[1;36m].[0m
[gz-9] [1;36m[GUI] [Dbg] [Gui.cc:535] [0m[1;36mShutting down gz-sim-gui[0m[1;36m[0m
[gz-9] [1;36m[GUI] [Dbg] [Application.cc:237] [0m[1;36mTerminating application.[0m[1;36m[0m
[gz-9] [1;36m[GUI] [Dbg] [MinimalScene.cc:841] [0m[1;36mDestroy scene [[0m[1;36mscene[0m[1;36m][0m[1;36m[0m
[INFO] [gz-9]: process has finished cleanly [pid 5406]
WARNING: slam.launch.py did not stop after SIGINT; sending SIGTERM...
WARNING: slam.launch.py still running; forcing SIGKILL...
Experiment stopped.
