COMMAND /home/com1/turtlebot4_project_r003_h031/run --paper500 --method mapex --environment new_room --record yes --run-id mpx_p500_010
ROS isolation: domain=42, localhost_only=1
[WARN] [1790234470.760340928] [rcl]: ROS_LOCALHOST_ONLY is deprecated but still honored if it is enabled. Use ROS_AUTOMATIC_DISCOVERY_RANGE and ROS_STATIC_PEERS instead.
[WARN] [1790234470.760353884] [rcl]: 'localhost_only' is enabled, 'automatic_discovery_range' and 'static_peers' will be ignored.


==============================
Method : MapEx
Map    : New Room
Record : yes
Run ID : mpx_p500_010
Profile: R003 paper500
Python : /usr/bin/python3
MapEx  : /home/com1/MapEx
LaMa   : /work/conda-envs/lama/bin/python
Weights: /work/com1/mapex_weights/weights/lama_ensemble
Device : cpu
Launch : mapex_lab/launch/slam.launch.py
==============================


Dang cho /map, Nav2 lifecycle active va /clock on dinh...
[INFO] [launch]: All log files can be found below /home/com1/.ros/log/2026-09-24-14-21-12-040242-com1-59774
[INFO] [launch]: Default logging verbosity is set to INFO
[INFO] [launch.user]: Simulation world: new_room; path=/home/com1/turtlebot4_project_r003_h031/mapex_lab/map/new_room.sdf; spawn=(0.0, 3.0, 0.0)
[INFO] [xacro-1]: process started with pid [59794]
[INFO] [parameter_bridge-2]: process started with pid [59795]
[INFO] [image_bridge-3]: process started with pid [59796]
[INFO] [image_bridge-4]: process started with pid [59797]
[INFO] [create-5]: process started with pid [59798]
[INFO] [robot_state_publisher-6]: process started with pid [59799]
[INFO] [rviz2-7]: process started with pid [59800]
[robot_state_publisher-6] [WARN] [1790234472.309413692] [rcl]: ROS_LOCALHOST_ONLY is deprecated but still honored if it is enabled. Use ROS_AUTOMATIC_DISCOVERY_RANGE and ROS_STATIC_PEERS instead.
[robot_state_publisher-6] [WARN] [1790234472.309432511] [rcl]: 'localhost_only' is enabled, 'automatic_discovery_range' and 'static_peers' will be ignored.
[create-5] [WARN] [1790234472.326358973] [rcl]: ROS_LOCALHOST_ONLY is deprecated but still honored if it is enabled. Use ROS_AUTOMATIC_DISCOVERY_RANGE and ROS_STATIC_PEERS instead.
[create-5] [WARN] [1790234472.326612621] [rcl]: 'localhost_only' is enabled, 'automatic_discovery_range' and 'static_peers' will be ignored.
[robot_state_publisher-6] [WARN] [1790234472.343874671] [kdl_parser]: The root link base_link has an inertia specified in the URDF, but KDL does not support a root link with an inertia.  As a workaround, you can add an extra dummy link to your URDF.
[robot_state_publisher-6] [INFO] [1790234472.344103374] [robot_state_publisher]: Robot initialized
[create-5] [INFO] [1790234472.347544996] [ros_gz_sim]: Requesting list of world names.
[image_bridge-3] [WARN] [1790234472.347815075] [rcl]: ROS_LOCALHOST_ONLY is deprecated but still honored if it is enabled. Use ROS_AUTOMATIC_DISCOVERY_RANGE and ROS_STATIC_PEERS instead.
[image_bridge-3] [WARN] [1790234472.347828010] [rcl]: 'localhost_only' is enabled, 'automatic_discovery_range' and 'static_peers' will be ignored.
[image_bridge-4] [WARN] [1790234472.348008663] [rcl]: ROS_LOCALHOST_ONLY is deprecated but still honored if it is enabled. Use ROS_AUTOMATIC_DISCOVERY_RANGE and ROS_STATIC_PEERS instead.
[image_bridge-4] [WARN] [1790234472.348023431] [rcl]: 'localhost_only' is enabled, 'automatic_discovery_range' and 'static_peers' will be ignored.
[parameter_bridge-2] [WARN] [1790234472.349557477] [rcl]: ROS_LOCALHOST_ONLY is deprecated but still honored if it is enabled. Use ROS_AUTOMATIC_DISCOVERY_RANGE and ROS_STATIC_PEERS instead.
[parameter_bridge-2] [WARN] [1790234472.349573899] [rcl]: 'localhost_only' is enabled, 'automatic_discovery_range' and 'static_peers' will be ignored.
[INFO] [xacro-1]: process has finished cleanly [pid 59794]
[INFO] [gz-8]: process started with pid [59905]
[INFO] [gz-9]: process started with pid [59906]
[rviz2-7] [WARN] [1790234472.432608965] [rcl]: ROS_LOCALHOST_ONLY is deprecated but still honored if it is enabled. Use ROS_AUTOMATIC_DISCOVERY_RANGE and ROS_STATIC_PEERS instead.
[rviz2-7] [WARN] [1790234472.432635660] [rcl]: 'localhost_only' is enabled, 'automatic_discovery_range' and 'static_peers' will be ignored.
[rviz2-7] [INFO] [1790234472.612600988] [rviz2]: Stereo is NOT SUPPORTED
[rviz2-7] [INFO] [1790234472.612749304] [rviz2]: OpenGl version: 4.5 (GLSL 4.5)
[rviz2-7] [INFO] [1790234472.638152318] [rviz2]: Stereo is NOT SUPPORTED
[rviz2-7] [INFO] [1790234472.701540626] [rviz2]: Subscribing to: /frontier/frontier_points
[rviz2-7] 
[rviz2-7] [INFO] [1790234472.701934186] [rviz2]: Subscribing to: /map_cloud
[rviz2-7] 
[rviz2-7] [INFO] [1790234472.702198030] [rviz2]: Subscribing to: /map_cloud
[rviz2-7] 
[rviz2-7] [INFO] [1790234472.702429111] [rviz2]: Subscribing to: /map_cloud
[rviz2-7] 
[rviz2-7] [INFO] [1790234472.713178871] [rviz2]: Subscribing to: /frontier/frontier_points
[rviz2-7] 
[rviz2-7] [INFO] [1790234472.713437635] [rviz2]: Subscribing to: /map_cloud
[rviz2-7] 
[gz-9] [1;33m[GUI] [Wrn] [Application.cc:908] [0m[1;33m[QT] file:///usr/lib/x86_64-linux-gnu/qt5/qml/QtQuick/Dialogs/DefaultFileDialog.qml:413:17: QML ToolButton: Binding loop detected for property "implicitHeight"[0m[1;33m[0m
[gz-9] [1;33m[GUI] [Wrn] [Application.cc:908] [0m[1;33m[QT] file:///usr/lib/x86_64-linux-gnu/qt5/qml/QtQuick/Dialogs/DefaultFileDialog.qml:309:21: QML Button: Binding loop detected for property "implicitHeight"[0m[1;33m[0m
[gz-9] [1;33m[GUI] [Wrn] [Application.cc:908] [0m[1;33m[QT] file:///usr/lib/x86_64-linux-gnu/qt5/qml/QtQuick/Dialogs/DefaultFileDialog.qml:309:21: QML Button: Binding loop detected for property "implicitHeight"[0m[1;33m[0m
[gz-9] [1;33m[GUI] [Wrn] [Application.cc:908] [0m[1;33m[QT] file:///usr/lib/x86_64-linux-gnu/qt5/qml/QtQuick/Dialogs/DefaultFileDialog.qml:413:17: QML ToolButton: Binding loop detected for property "implicitHeight"[0m[1;33m[0m
[gz-9] [1;33m[GUI] [Wrn] [Application.cc:908] [0m[1;33m[QT] file:///usr/lib/x86_64-linux-gnu/qt5/qml/QtQuick/Dialogs/DefaultFileDialog.qml:309:21: QML Button: Binding loop detected for property "implicitHeight"[0m[1;33m[0m
[gz-9] [1;33m[GUI] [Wrn] [Application.cc:908] [0m[1;33m[QT] file:///usr/lib/x86_64-linux-gnu/qt5/qml/QtQuick/Dialogs/DefaultFileDialog.qml:309:21: QML Button: Binding loop detected for property "implicitHeight"[0m[1;33m[0m
[gz-8] [1;32m[Msg] [0m[1;32mGazebo Sim Server v[0m[1;32m8.11.0[0m[1;32m[0m
[gz-8] [1;32m[Msg] [0m[1;32mLoading SDF world file[[0m[1;32m/tmp/nav2_bi28osr0.sdf[0m[1;32m].[0m
[gz-8] [1;32m[Msg] [0m[1;32mServing entity system service on [[0m[1;32m/[0m[1;32mentity/system/add[0m[1;32m][0m[1;32m[0m
[gz-8] [1;36m[Dbg] [Physics.cc:906] [0m[1;36mLoaded [[0m[1;36mgz::physics::dartsim::Plugin[0m[1;36m] from library [[0m[1;36m/opt/ros/jazzy/opt/gz_physics_vendor/lib/gz-physics-7/engine-plugins/libgz-physics-dartsim-plugin.so[0m[1;36m][0m[1;36m[0m
[gz-8] [1;36m[Dbg] [SystemManager.cc:80] [0m[1;36mLoaded system [[0m[1;36mgz::sim::systems::Physics[0m[1;36m] for entity [[0m[1;36m1[0m[1;36m][0m[1;36m[0m
[gz-8] [1;32m[Msg] [0m[1;32mCreate[0m[1;32m service on [[0m[1;32m/world/new_room_world/create_multiple[0m[1;32m] (async)[0m[1;32m[0m
[gz-8] [1;32m[Msg] [0m[1;32mCreate[0m[1;32m service on [[0m[1;32m/world/new_room_world/create_multiple/blocking[0m[1;32m] (blocking)[0m[1;32m[0m
[gz-8] [1;32m[Msg] [0m[1;32mRemove[0m[1;32m service on [[0m[1;32m/world/new_room_world/remove[0m[1;32m] (async)[0m[1;32m[0m
[gz-8] [1;32m[Msg] [0m[1;32mRemove[0m[1;32m service on [[0m[1;32m/world/new_room_world/remove/blocking[0m[1;32m] (blocking)[0m[1;32m[0m
[gz-8] [1;32m[Msg] [0m[1;32mPose[0m[1;32m service on [[0m[1;32m/world/new_room_world/set_pose[0m[1;32m] (async)[0m[1;32m[0m
[gz-8] [1;32m[Msg] [0m[1;32mPose[0m[1;32m service on [[0m[1;32m/world/new_room_world/set_pose/blocking[0m[1;32m] (blocking)[0m[1;32m[0m
[gz-8] [1;32m[Msg] [0m[1;32mPose[0m[1;32m service on [[0m[1;32m/world/new_room_world/set_pose_vector[0m[1;32m] (async)[0m[1;32m[0m
[gz-8] [1;32m[Msg] [0m[1;32mPose[0m[1;32m service on [[0m[1;32m/world/new_room_world/set_pose_vector/blocking[0m[1;32m] (blocking)[0m[1;32m[0m
[gz-8] [1;32m[Msg] [0m[1;32mLight configuration[0m[1;32m service on [[0m[1;32m/world/new_room_world/light_config[0m[1;32m] (async)[0m[1;32m[0m
[gz-8] [1;32m[Msg] [0m[1;32mLight configuration[0m[1;32m service on [[0m[1;32m/world/new_room_world/light_config/blocking[0m[1;32m] (blocking)[0m[1;32m[0m
[gz-8] [1;32m[Msg] [0m[1;32mPhysics[0m[1;32m service on [[0m[1;32m/world/new_room_world/set_physics[0m[1;32m] (async)[0m[1;32m[0m
[gz-8] [1;32m[Msg] [0m[1;32mPhysics[0m[1;32m service on [[0m[1;32m/world/new_room_world/set_physics/blocking[0m[1;32m] (blocking)[0m[1;32m[0m
[gz-8] [1;32m[Msg] [0m[1;32mSphericalCoordinates[0m[1;32m service on [[0m[1;32m/world/new_room_world/set_spherical_coordinates[0m[1;32m] (async)[0m[1;32m[0m
[gz-8] [1;32m[Msg] [0m[1;32mSphericalCoordinates[0m[1;32m service on [[0m[1;32m/world/new_room_world/set_spherical_coordinates/blocking[0m[1;32m] (blocking)[0m[1;32m[0m
[gz-8] [1;32m[Msg] [0m[1;32mEnable collision[0m[1;32m service on [[0m[1;32m/world/new_room_world/enable_collision[0m[1;32m] (async)[0m[1;32m[0m
[gz-8] [1;32m[Msg] [0m[1;32mEnable collision[0m[1;32m service on [[0m[1;32m/world/new_room_world/enable_collision/blocking[0m[1;32m] (blocking)[0m[1;32m[0m
[gz-8] [1;32m[Msg] [0m[1;32mDisable collision[0m[1;32m service on [[0m[1;32m/world/new_room_world/disable_collision[0m[1;32m] (async)[0m[1;32m[0m
[gz-8] [1;32m[Msg] [0m[1;32mDisable collision[0m[1;32m service on [[0m[1;32m/world/new_room_world/disable_collision/blocking[0m[1;32m] (blocking)[0m[1;32m[0m
[gz-8] [1;32m[Msg] [0m[1;32mMaterial[0m[1;32m service on [[0m[1;32m/world/new_room_world/visual_config[0m[1;32m] (async)[0m[1;32m[0m
[gz-8] [1;32m[Msg] [0m[1;32mMaterial[0m[1;32m service on [[0m[1;32m/world/new_room_world/visual_config/blocking[0m[1;32m] (blocking)[0m[1;32m[0m
[gz-8] [1;32m[Msg] [0m[1;32mMaterial[0m[1;32m service on [[0m[1;32m/world/new_room_world/wheel_slip[0m[1;32m] (async)[0m[1;32m[0m
[gz-8] [1;32m[Msg] [0m[1;32mMaterial[0m[1;32m service on [[0m[1;32m/world/new_room_world/wheel_slip/blocking[0m[1;32m] (blocking)[0m[1;32m[0m
[gz-9] [1;33m[GUI] [Wrn] [Application.cc:908] [0m[1;33m[QT] file:///usr/lib/x86_64-linux-gnu/qt5/qml/QtQuick/Dialogs/DefaultFileDialog.qml:413:17: QML ToolButton: Binding loop detected for property "implicitHeight"[0m[1;33m[0m
[gz-9] [1;33m[GUI] [Wrn] [Application.cc:908] [0m[1;33m[QT] file:///usr/lib/x86_64-linux-gnu/qt5/qml/QtQuick/Dialogs/DefaultFileDialog.qml:309:21: QML Button: Binding loop detected for property "implicitHeight"[0m[1;33m[0m
[gz-9] [1;33m[GUI] [Wrn] [Application.cc:908] [0m[1;33m[QT] file:///usr/lib/x86_64-linux-gnu/qt5/qml/QtQuick/Dialogs/DefaultFileDialog.qml:309:21: QML Button: Binding loop detected for property "implicitHeight"[0m[1;33m[0m
[create-5] [INFO] [1790234472.930839988] [ros_gz_sim]: Waiting messages on topic [robot_description].
[create-5] [INFO] [1790234473.030208593] [ros_gz_sim]: Entity creation successful.
[INFO] [create-5]: process has finished cleanly [pid 59798]
[gz-9] [1;32m[Msg] [0m[1;32mGazebo Sim GUI    v[0m[1;32m8.11.0[0m[1;32m[0m
[gz-9] [1;32m[Msg] [0m[1;32mDetected Wayland. Setting Qt to use the xcb plugin: [0m[1;32m'QT_QPA_PLATFORM=xcb'.[0m[1;32m[0m
[gz-9] [1;36m[Dbg] [Application.cc:96] [0m[1;36mInitializing application.[0m[1;36m[0m
[gz-9] [1;36m[Dbg] [Application.cc:170] [0m[1;36mQt using OpenGL graphics interface[0m[1;36m[0m
[gz-9] [1;36m[GUI] [Dbg] [Application.cc:657] [0m[1;36mCreate main window[0m[1;36m[0m
[gz-9] [1;36m[GUI] [Dbg] [PathManager.cc:68] [0m[1;36mRequesting resource paths through [[0m[1;36m/gazebo/resource_paths/get[0m[1;36m][0m[1;36m[0m
[gz-9] [1;36m[GUI] [Dbg] [Gui.cc:355] [0m[1;36mGUI requesting list of world names. The server may be busy [0m[1;36mdownloading resources. Please be patient.[0m[1;36m[0m
[gz-9] [1;36m[GUI] [Dbg] [PathManager.cc:57] [0m[1;36mReceived resource paths.[0m[1;36m[0m
[gz-9] [1;36m[GUI] [Dbg] [Gui.cc:413] [0m[1;36mRequesting GUI from [[0m[1;36m/world/new_room_world/gui/info[0m[1;36m]...[0m[1;36m[0m
[gz-9] [1;36m[GUI] [Dbg] [GuiRunner.cc:149] [0m[1;36mRequesting initial state from [[0m[1;36m/world/new_room_world/state[0m[1;36m]...[0m[1;36m[0m
[gz-9] [1;32m[GUI] [0m[1;32m[Msg] [0m[1;32mLoading config [[0m[1;32m/home/com1/.gz/sim/8/gui.config[0m[1;32m][0m[1;32m[0m
[gz-9] [1;36m[GUI] [Dbg] [Application.cc:528] [0m[1;36mLoading plugin [[0m[1;36mMinimalScene[0m[1;36m][0m[1;36m[0m
[gz-9] [1;36m[GUI] [Dbg] [MinimalScene.cc:802] [0m[1;36mCreating gz-rendering interface for OpenGL[0m[1;36m[0m
[gz-9] [1;36m[GUI] [Dbg] [MinimalScene.cc:802] [0m[1;36mCreating gz-rendering interface for OpenGL[0m[1;36m[0m
[gz-9] [1;36m[GUI] [Dbg] [MinimalScene.cc:986] [0m[1;36mCreating render thread interface for OpenGL[0m[1;36m[0m
[gz-9] [1;36m[GUI] [Dbg] [MinimalScene.cc:802] [0m[1;36mCreating gz-rendering interface for OpenGL[0m[1;36m[0m
[gz-9] [1;36m[GUI] [Dbg] [MinimalScene.cc:986] [0m[1;36mCreating render thread interface for OpenGL[0m[1;36m[0m
[gz-9] [1;32m[GUI] [0m[1;32m[Msg] [0m[1;32mAdded plugin [[0m[1;32m3D View[0m[1;32m] to main window[0m[1;32m[0m
[gz-9] [1;32m[GUI] [0m[1;32m[Msg] [0m[1;32mLoaded plugin [[0m[1;32mMinimalScene[0m[1;32m] from path [[0m[1;32m/opt/ros/jazzy/opt/gz_gui_vendor/lib/gz-gui-8/plugins/libMinimalScene.so[0m[1;32m][0m[1;32m[0m
[gz-9] [1;36m[GUI] [Dbg] [Application.cc:528] [0m[1;36mLoading plugin [[0m[1;36mEntityContextMenuPlugin[0m[1;36m][0m[1;36m[0m
[gz-9] [1;32m[GUI] [0m[1;32m[Msg] [0m[1;32mCurrently tracking topic on [[0m[1;32m/gui/currently_tracked[0m[1;32m][0m[1;32m[0m
[gz-9] [1;32m[GUI] [0m[1;32m[Msg] [0m[1;32mAdded plugin [[0m[1;32mEntity Context Menu[0m[1;32m] to main window[0m[1;32m[0m
[gz-9] [1;32m[GUI] [0m[1;32m[Msg] [0m[1;32mLoaded plugin [[0m[1;32mEntityContextMenuPlugin[0m[1;32m] from path [[0m[1;32m/opt/ros/jazzy/opt/gz_sim_vendor/lib/gz-sim-8/plugins/gui/libEntityContextMenuPlugin.so[0m[1;32m][0m[1;32m[0m
[gz-9] [1;36m[GUI] [Dbg] [Application.cc:528] [0m[1;36mLoading plugin [[0m[1;36mGzSceneManager[0m[1;36m][0m[1;36m[0m
[gz-9] [1;32m[GUI] [0m[1;32m[Msg] [0m[1;32mAdded plugin [[0m[1;32mScene Manager[0m[1;32m] to main window[0m[1;32m[0m
[gz-9] [1;32m[GUI] [0m[1;32m[Msg] [0m[1;32mLoaded plugin [[0m[1;32mGzSceneManager[0m[1;32m] from path [[0m[1;32m/opt/ros/jazzy/opt/gz_sim_vendor/lib/gz-sim-8/plugins/gui/libGzSceneManager.so[0m[1;32m][0m[1;32m[0m
[gz-9] [1;36m[GUI] [Dbg] [Application.cc:528] [0m[1;36mLoading plugin [[0m[1;36mInteractiveViewControl[0m[1;36m][0m[1;36m[0m
[gz-9] [1;32m[GUI] [0m[1;32m[Msg] [0m[1;32mCamera view controller topic advertised on [[0m[1;32m/gui/camera/view_control[0m[1;32m][0m[1;32m[0m
[gz-9] [1;32m[GUI] [0m[1;32m[Msg] [0m[1;32mCamera reference visual topic advertised on [[0m[1;32m/gui/camera/view_control/reference_visual[0m[1;32m][0m[1;32m[0m
[gz-9] [1;32m[GUI] [0m[1;32m[Msg] [0m[1;32mCamera view control sensitivity advertised on [[0m[1;32m/gui/camera/view_control/sensitivity[0m[1;32m][0m[1;32m[0m
[parameter_bridge-2] [INFO] [1790234473.363489333] [bridge_ros_gz]: Creating GZ->ROS Bridge: [/clock (gz.msgs.Clock) -> clock (rosgraph_msgs/msg/Clock)] (Lazy 0)
[parameter_bridge-2] [INFO] [1790234473.365049033] [bridge_ros_gz]: Creating GZ->ROS Bridge: [joint_states (gz.msgs.Model) -> joint_states (sensor_msgs/msg/JointState)] (Lazy 0)
[parameter_bridge-2] [INFO] [1790234473.367656166] [bridge_ros_gz]: Creating GZ->ROS Bridge: [/odom (gz.msgs.Odometry) -> odom (nav_msgs/msg/Odometry)] (Lazy 0)
[parameter_bridge-2] [INFO] [1790234473.369310041] [bridge_ros_gz]: Creating GZ->ROS Bridge: [/tf (gz.msgs.Pose_V) -> tf (tf2_msgs/msg/TFMessage)] (Lazy 0)
[parameter_bridge-2] [INFO] [1790234473.371229470] [bridge_ros_gz]: Creating GZ->ROS Bridge: [/imu (gz.msgs.IMU) -> imu (sensor_msgs/msg/Imu)] (Lazy 0)
[parameter_bridge-2] [INFO] [1790234473.371885931] [bridge_ros_gz]: Creating GZ->ROS Bridge: [/scan (gz.msgs.LaserScan) -> scan (sensor_msgs/msg/LaserScan)] (Lazy 0)
[parameter_bridge-2] [INFO] [1790234473.372612673] [bridge_ros_gz]: Creating ROS->GZ Bridge: [cmd_vel (geometry_msgs/msg/Twist) -> /cmd_vel (gz.msgs.Twist)] (Lazy 0)
[parameter_bridge-2] [INFO] [1790234473.374237063] [bridge_ros_gz]: Creating GZ->ROS Bridge: [/rgbd_camera/camera_info (gz.msgs.CameraInfo) -> /rgbd_camera/camera_info (sensor_msgs/msg/CameraInfo)] (Lazy 0)
[gz-9] [1;32m[GUI] [0m[1;32m[Msg] [0m[1;32mAdded plugin [[0m[1;32mInteractive view control[0m[1;32m] to main window[0m[1;32m[0m
[gz-9] [1;32m[GUI] [0m[1;32m[Msg] [0m[1;32mLoaded plugin [[0m[1;32mInteractiveViewControl[0m[1;32m] from path [[0m[1;32m/opt/ros/jazzy/opt/gz_gui_vendor/lib/gz-gui-8/plugins/libInteractiveViewControl.so[0m[1;32m][0m[1;32m[0m
[gz-9] [1;36m[GUI] [Dbg] [Application.cc:528] [0m[1;36mLoading plugin [[0m[1;36mCameraTracking[0m[1;36m][0m[1;36m[0m
[gz-9] [1;32m[GUI] [0m[1;32m[Msg] [0m[1;32mAdded plugin [[0m[1;32mCamera tracking[0m[1;32m] to main window[0m[1;32m[0m
[gz-9] [1;32m[GUI] [0m[1;32m[Msg] [0m[1;32mLoaded plugin [[0m[1;32mCameraTracking[0m[1;32m] from path [[0m[1;32m/opt/ros/jazzy/opt/gz_gui_vendor/lib/gz-gui-8/plugins/libCameraTracking.so[0m[1;32m][0m[1;32m[0m
[gz-9] [1;36m[GUI] [Dbg] [Application.cc:528] [0m[1;36mLoading plugin [[0m[1;36mMarkerManager[0m[1;36m][0m[1;36m[0m
[gz-9] [1;32m[GUI] [0m[1;32m[Msg] [0m[1;32mListening to stats on [[0m[1;32m/world/new_room_world/stats[0m[1;32m][0m[1;32m[0m
[gz-9] [1;32m[GUI] [0m[1;32m[Msg] [0m[1;32mAdded plugin [[0m[1;32mMarker Manager[0m[1;32m] to main window[0m[1;32m[0m
[gz-9] [1;32m[GUI] [0m[1;32m[Msg] [0m[1;32mLoaded plugin [[0m[1;32mMarkerManager[0m[1;32m] from path [[0m[1;32m/opt/ros/jazzy/opt/gz_gui_vendor/lib/gz-gui-8/plugins/libMarkerManager.so[0m[1;32m][0m[1;32m[0m
[gz-9] [1;36m[GUI] [Dbg] [Application.cc:528] [0m[1;36mLoading plugin [[0m[1;36mSelectEntities[0m[1;36m][0m[1;36m[0m
[gz-9] [1;32m[GUI] [0m[1;32m[Msg] [0m[1;32mAdded plugin [[0m[1;32mSelect entities[0m[1;32m] to main window[0m[1;32m[0m
[gz-9] [1;32m[GUI] [0m[1;32m[Msg] [0m[1;32mLoaded plugin [[0m[1;32mSelectEntities[0m[1;32m] from path [[0m[1;32m/opt/ros/jazzy/opt/gz_sim_vendor/lib/gz-sim-8/plugins/gui/libSelectEntities.so[0m[1;32m][0m[1;32m[0m
[gz-9] [1;36m[GUI] [Dbg] [Application.cc:528] [0m[1;36mLoading plugin [[0m[1;36mSpawn[0m[1;36m][0m[1;36m[0m
[gz-9] [1;32m[GUI] [0m[1;32m[Msg] [0m[1;32mAdded plugin [[0m[1;32mSpawn[0m[1;32m] to main window[0m[1;32m[0m
[gz-9] [1;32m[GUI] [0m[1;32m[Msg] [0m[1;32mLoaded plugin [[0m[1;32mSpawn[0m[1;32m] from path [[0m[1;32m/opt/ros/jazzy/opt/gz_sim_vendor/lib/gz-sim-8/plugins/gui/libSpawn.so[0m[1;32m][0m[1;32m[0m
[gz-9] [1;36m[GUI] [Dbg] [Application.cc:528] [0m[1;36mLoading plugin [[0m[1;36mVisualizationCapabilities[0m[1;36m][0m[1;36m[0m
[gz-9] [1;32m[GUI] [0m[1;32m[Msg] [0m[1;32mView as transparent service on [[0m[1;32m/gui/view/transparent[0m[1;32m][0m[1;32m[0m
[gz-9] [1;32m[GUI] [0m[1;32m[Msg] [0m[1;32mView as wireframes service on [[0m[1;32m/gui/view/wireframes[0m[1;32m][0m[1;32m[0m
[gz-9] [1;32m[GUI] [0m[1;32m[Msg] [0m[1;32mView center of mass service on [[0m[1;32m/gui/view/com[0m[1;32m][0m[1;32m[0m
[gz-9] [1;32m[GUI] [0m[1;32m[Msg] [0m[1;32mView inertia service on [[0m[1;32m/gui/view/inertia[0m[1;32m][0m[1;32m[0m
[gz-9] [1;32m[GUI] [0m[1;32m[Msg] [0m[1;32mView collisions service on [[0m[1;32m/gui/view/collisions[0m[1;32m][0m[1;32m[0m
[gz-9] [1;32m[GUI] [0m[1;32m[Msg] [0m[1;32mView joints service on [[0m[1;32m/gui/view/joints[0m[1;32m][0m[1;32m[0m
[gz-9] [1;32m[GUI] [0m[1;32m[Msg] [0m[1;32mView frames service on [[0m[1;32m/gui/view/frames[0m[1;32m][0m[1;32m[0m
[gz-9] [1;32m[GUI] [0m[1;32m[Msg] [0m[1;32mAdded plugin [[0m[1;32mVisualization capabilities[0m[1;32m] to main window[0m[1;32m[0m
[gz-9] [1;32m[GUI] [0m[1;32m[Msg] [0m[1;32mLoaded plugin [[0m[1;32mVisualizationCapabilities[0m[1;32m] from path [[0m[1;32m/opt/ros/jazzy/opt/gz_sim_vendor/lib/gz-sim-8/plugins/gui/libVisualizationCapabilities.so[0m[1;32m][0m[1;32m[0m
[gz-9] [1;36m[GUI] [Dbg] [Application.cc:528] [0m[1;36mLoading plugin [[0m[1;36mWorldControl[0m[1;36m][0m[1;36m[0m
[gz-9] [1;32m[GUI] [0m[1;32m[Msg] [0m[1;32mUsing world control service [[0m[1;32m/world/new_room_world/control[0m[1;32m][0m[1;32m[0m
[gz-9] [1;32m[GUI] [0m[1;32m[Msg] [0m[1;32mListening to stats on [[0m[1;32m/world/new_room_world/stats[0m[1;32m][0m[1;32m[0m
[gz-9] [1;36m[GUI] [Dbg] [WorldControl.cc:237] [0m[1;36mUsing an event to share WorldControl msgs with the server[0m
[gz-9] [1;33m[GUI] [Wrn] [Application.cc:908] [0m[1;33m[QT] file:///usr/lib/x86_64-linux-gnu/qt5/qml/QtQuick/Dialogs/DefaultFileDialog.qml:413:17: QML ToolButton: Binding loop detected for property "implicitHeight"[0m[1;33m[0m
[gz-9] [1;33m[GUI] [Wrn] [Application.cc:908] [0m[1;33m[QT] file:///usr/lib/x86_64-linux-gnu/qt5/qml/QtQuick/Dialogs/DefaultFileDialog.qml:309:21: QML Button: Binding loop detected for property "implicitHeight"[0m[1;33m[0m
[gz-9] [1;33m[GUI] [Wrn] [Application.cc:908] [0m[1;33m[QT] file:///usr/lib/x86_64-linux-gnu/qt5/qml/QtQuick/Dialogs/DefaultFileDialog.qml:309:21: QML Button: Binding loop detected for property "implicitHeight"[0m[1;33m[0m
[gz-9] [1;33m[GUI] [Wrn] [Application.cc:908] [0m[1;33m[QT] file::/ComponentInspector/ComponentInspector.qml:251:3: QML Dialog: Binding loop detected for property "implicitHeight"[0m[1;33m[0m
[gz-9] [1;33m[GUI] [Wrn] [Application.cc:908] [0m[1;33m[QT] file:///usr/lib/x86_64-linux-gnu/qt5/qml/QtQuick/Dialogs/DefaultFileDialog.qml:413:17: QML ToolButton: Binding loop detected for property "implicitHeight"[0m[1;33m[0m
[gz-9] [1;33m[GUI] [Wrn] [Application.cc:908] [0m[1;33m[QT] file:///usr/lib/x86_64-linux-gnu/qt5/qml/QtQuick/Dialogs/DefaultFileDialog.qml:309:21: QML Button: Binding loop detected for property "implicitHeight"[0m[1;33m[0m
[gz-9] [1;33m[GUI] [Wrn] [Application.cc:908] [0m[1;33m[QT] file:///usr/lib/x86_64-linux-gnu/qt5/qml/QtQuick/Dialogs/DefaultFileDialog.qml:309:21: QML Button: Binding loop detected for property "implicitHeight"[0m[1;33m[0m
[gz-9] [1;32m[GUI] [0m[1;32m[Msg] [0m[1;32mAdded plugin [[0m[1;32mWorld control[0m[1;32m] to main window[0m[1;32m[0m
[gz-9] [1;32m[GUI] [0m[1;32m[Msg] [0m[1;32mLoaded plugin [[0m[1;32mWorldControl[0m[1;32m] from path [[0m[1;32m/opt/ros/jazzy/opt/gz_gui_vendor/lib/gz-gui-8/plugins/libWorldControl.so[0m[1;32m][0m[1;32m[0m
[gz-9] [1;36m[GUI] [Dbg] [Application.cc:528] [0m[1;36mLoading plugin [[0m[1;36mWorldStats[0m[1;36m][0m[1;36m[0m
[gz-9] [1;32m[GUI] [0m[1;32m[Msg] [0m[1;32mListening to stats on [[0m[1;32m/world/new_room_world/stats[0m[1;32m][0m[1;32m[0m
[gz-9] [1;32m[GUI] [0m[1;32m[Msg] [0m[1;32mAdded plugin [[0m[1;32mWorld stats[0m[1;32m] to main window[0m[1;32m[0m
[gz-9] [1;32m[GUI] [0m[1;32m[Msg] [0m[1;32mLoaded plugin [[0m[1;32mWorldStats[0m[1;32m] from path [[0m[1;32m/opt/ros/jazzy/opt/gz_gui_vendor/lib/gz-gui-8/plugins/libWorldStats.so[0m[1;32m][0m[1;32m[0m
[gz-9] [1;36m[GUI] [Dbg] [Application.cc:528] [0m[1;36mLoading plugin [[0m[1;36mShapes[0m[1;36m][0m[1;36m[0m
[gz-9] [1;32m[GUI] [0m[1;32m[Msg] [0m[1;32mAdded plugin [[0m[1;32mShapes[0m[1;32m] to main window[0m[1;32m[0m
[gz-9] [1;32m[GUI] [0m[1;32m[Msg] [0m[1;32mLoaded plugin [[0m[1;32mShapes[0m[1;32m] from path [[0m[1;32m/opt/ros/jazzy/opt/gz_sim_vendor/lib/gz-sim-8/plugins/gui/libShapes.so[0m[1;32m][0m[1;32m[0m
[gz-9] [1;36m[GUI] [Dbg] [Application.cc:528] [0m[1;36mLoading plugin [[0m[1;36mLights[0m[1;36m][0m[1;36m[0m
[gz-9] [1;32m[GUI] [0m[1;32m[Msg] [0m[1;32mAdded plugin [[0m[1;32mLights[0m[1;32m] to main window[0m[1;32m[0m
[gz-9] [1;32m[GUI] [0m[1;32m[Msg] [0m[1;32mLoaded plugin [[0m[1;32mLights[0m[1;32m] from path [[0m[1;32m/opt/ros/jazzy/opt/gz_sim_vendor/lib/gz-sim-8/plugins/gui/libLights.so[0m[1;32m][0m[1;32m[0m
[gz-9] [1;36m[GUI] [Dbg] [Application.cc:528] [0m[1;36mLoading plugin [[0m[1;36mTransformControl[0m[1;36m][0m[1;36m[0m
[gz-9] [1;32m[GUI] [0m[1;32m[Msg] [0m[1;32mAdded plugin [[0m[1;32mTransform control[0m[1;32m] to main window[0m[1;32m[0m
[gz-9] [1;32m[GUI] [0m[1;32m[Msg] [0m[1;32mLoaded plugin [[0m[1;32mTransformControl[0m[1;32m] from path [[0m[1;32m/opt/ros/jazzy/opt/gz_sim_vendor/lib/gz-sim-8/plugins/gui/libTransformControl.so[0m[1;32m][0m[1;32m[0m
[gz-9] [1;36m[GUI] [Dbg] [Application.cc:528] [0m[1;36mLoading plugin [[0m[1;36mScreenshot[0m[1;36m][0m[1;36m[0m
[gz-9] [1;32m[GUI] [0m[1;32m[Msg] [0m[1;32mScreenshot service on [[0m[1;32m/gui/screenshot[0m[1;32m][0m[1;32m[0m
[gz-9] [1;32m[GUI] [0m[1;32m[Msg] [0m[1;32mAdded plugin [[0m[1;32mScreenshot[0m[1;32m] to main window[0m[1;32m[0m
[gz-9] [1;32m[GUI] [0m[1;32m[Msg] [0m[1;32mLoaded plugin [[0m[1;32mScreenshot[0m[1;32m] from path [[0m[1;32m/opt/ros/jazzy/opt/gz_gui_vendor/lib/gz-gui-8/plugins/libScreenshot.so[0m[1;32m][0m[1;32m[0m
[gz-9] [1;36m[GUI] [Dbg] [Application.cc:528] [0m[1;36mLoading plugin [[0m[1;36mCopyPaste[0m[1;36m][0m[1;36m[0m
[gz-9] [1;32m[GUI] [0m[1;32m[Msg] [0m[1;32mAdded plugin [[0m[1;32mCopy/Paste[0m[1;32m] to main window[0m[1;32m[0m
[gz-9] [1;32m[GUI] [0m[1;32m[Msg] [0m[1;32mLoaded plugin [[0m[1;32mCopyPaste[0m[1;32m] from path [[0m[1;32m/opt/ros/jazzy/opt/gz_sim_vendor/lib/gz-sim-8/plugins/gui/libCopyPaste.so[0m[1;32m][0m[1;32m[0m
[gz-9] [1;36m[GUI] [Dbg] [Application.cc:528] [0m[1;36mLoading plugin [[0m[1;36mComponentInspector[0m[1;36m][0m[1;36m[0m
[gz-9] [1;32m[GUI] [0m[1;32m[Msg] [0m[1;32mAdded plugin [[0m[1;32mComponent inspector[0m[1;32m] to main window[0m[1;32m[0m
[gz-9] [1;32m[GUI] [0m[1;32m[Msg] [0m[1;32mLoaded plugin [[0m[1;32mComponentInspector[0m[1;32m] from path [[0m[1;32m/opt/ros/jazzy/opt/gz_sim_vendor/lib/gz-sim-8/plugins/gui/libComponentInspector.so[0m[1;32m][0m[1;32m[0m
[gz-9] [1;36m[GUI] [Dbg] [Application.cc:528] [0m[1;36mLoading plugin [[0m[1;36mEntityTree[0m[1;36m][0m[1;36m[0m
[gz-9] [1;32m[GUI] [0m[1;32m[Msg] [0m[1;32mCurrently tracking topic on [[0m[1;32m/gui/currently_tracked[0m[1;32m][0m[1;32m[0m
[gz-9] [1;33m[GUI] [Wrn] [Application.cc:908] [0m[1;33m[QT] file::/WorldStats/WorldStats.qml:53:3: QML RowLayout: Binding loop detected for property "x"[0m[1;33m[0m
[gz-9] libEGL warning: failed to open /dev/dri/renderD128: Permission denied
[gz-9] 
[gz-9] libEGL warning: failed to open /dev/dri/renderD128: Permission denied
[gz-9] 
[gz-9] libEGL warning: failed to open /dev/dri/card1: Permission denied
[gz-9] 
[gz-9] [1;33m[GUI] [Wrn] [Ogre2RenderTarget.cc:668] [0m[1;33mAnti-aliasing level of '[0m[1;33m[0m[1;33m' [0m[1;33mis not supported; valid FSAA levels are: [0m[1;33m[ 0 ][0m[1;33m. Setting to 1[0m[1;33m[0m
[gz-8] [1;36m[Dbg] [SystemManager.cc:80] [0m[1;36mLoaded system [[0m[1;36mgz::sim::systems::UserCommands[0m[1;36m] for entity [[0m[1;36m1[0m[1;36m][0m[1;36m[0m
[gz-8] [1;36m[Dbg] [SystemManager.cc:80] [0m[1;36mLoaded system [[0m[1;36mgz::sim::systems::SceneBroadcaster[0m[1;36m] for entity [[0m[1;36m1[0m[1;36m][0m[1;36m[0m
[gz-8] [1;36m[Dbg] [Sensors.cc:697] [0m[1;36mConfiguring Sensors system[0m[1;36m[0m
[gz-8] [1;36m[Dbg] [Sensors.cc:557] [0m[1;36mSensorsPrivate::Run[0m[1;36m[0m
[gz-8] [1;36m[Dbg] [SystemManager.cc:80] [0m[1;36mLoaded system [[0m[1;36mgz::sim::systems::Sensors[0m[1;36m] for entity [[0m[1;36m1[0m[1;36m][0m[1;36m[0m
[gz-8] [1;36m[Dbg] [Sensors.cc:532] [0m[1;36mSensorsPrivate::RenderThread started[0m[1;36m[0m
[gz-8] [1;36m[Dbg] [Sensors.cc:337] [0m[1;36mWaiting for init[0m[1;36m[0m
[gz-8] [1;36m[Dbg] [SystemManager.cc:80] [0m[1;36mLoaded system [[0m[1;36mgz::sim::systems::Imu[0m[1;36m] for entity [[0m[1;36m1[0m[1;36m][0m[1;36m[0m
[gz-8] [1;32m[Msg] [0m[1;32mLoaded level [[0m[1;32mdefault[0m[1;32m][0m[1;32m[0m
[gz-8] [1;32m[Msg] [0m[1;32mServing world controls on [[0m[1;32m/world/new_room_world[0m[1;32m/control], [[0m[1;32m/world/new_room_world[0m[1;32m/control/state] and [[0m[1;32m/world/new_room_world[0m[1;32m/playback/control][0m[1;32m[0m
[gz-8] [1;32m[Msg] [0m[1;32mServing GUI information on [[0m[1;32m/world/new_room_world[0m[1;32m/[0m[1;32mgui/info[0m[1;32m][0m[1;32m[0m
[gz-8] [1;32m[Msg] [0m[1;32mWorld [[0m[1;32mnew_room_world[0m[1;32m] initialized with [[0m[1;32mnew_room_realtime[0m[1;32m] physics profile.[0m[1;32m[0m
[gz-8] [1;32m[Msg] [0m[1;32mServing world SDF generation service on [[0m[1;32m/world/new_room_world[0m[1;32m/[0m[1;32mgenerate_world_sdf[0m[1;32m][0m[1;32m[0m
[gz-8] [1;32m[Msg] [0m[1;32mServing world names on [[0m[1;32m/gazebo/worlds[0m[1;32m][0m[1;32m[0m
[gz-8] [1;32m[Msg] [0m[1;32mResource path add service on [[0m[1;32m/gazebo/resource_paths/add[0m[1;32m].[0m[1;32m[0m
[gz-8] [1;32m[Msg] [0m[1;32mResource path get service on [[0m[1;32m/gazebo/resource_paths/get[0m[1;32m].[0m[1;32m[0m
[gz-8] [1;32m[Msg] [0m[1;32mResource path resolve service on [[0m[1;32m/gazebo/resource_paths/resolve[0m[1;32m].[0m[1;32m[0m
[gz-8] [1;32m[Msg] [0m[1;32mResource paths published on [[0m[1;32m/gazebo/resource_paths[0m[1;32m].[0m[1;32m[0m
[gz-8] [1;32m[Msg] [0m[1;32mServer control service on [[0m[1;32m/server_control[0m[1;32m].[0m[1;32m[0m
[gz-8] [1;32m[Msg] [0m[1;32mFound no publishers on /stats, adding root stats topic[0m[1;32m[0m
[gz-8] [1;32m[Msg] [0m[1;32mFound no publishers on /clock, adding root clock topic[0m[1;32m[0m
[gz-8] [1;36m[Dbg] [SimulationRunner.cc:551] [0m[1;36mCreating PostUpdate worker threads: [0m[1;36m4[0m[1;36m[0m
[gz-8] [1;36m[Dbg] [SimulationRunner.cc:562] [0m[1;36mCreating postupdate worker thread ([0m[1;36m0[0m[1;36m)[0m[1;36m[0m
[gz-8] [1;36m[Dbg] [SimulationRunner.cc:562] [0m[1;36mCreating postupdate worker thread ([0m[1;36m1[0m[1;36m)[0m[1;36m[0m
[gz-8] [1;36m[Dbg] [SimulationRunner.cc:562] [0m[1;36mCreating postupdate worker thread ([0m[1;36m2[0m[1;36m)[0m[1;36m[0m
[gz-8] [1;33mWarning [Utils.cc:132][0m [/sdf/model[@name="turtlebot4"]/link[@name="rplidar_link"]/sensor[@name="rplidar"]/gz_frame_id:<urdf-string>:L0]: XML Element[gz_frame_id], child of element[sensor], not defined in SDF. Copying[gz_frame_id] as children of [sensor].
[gz-8] [1;33m[Wrn] [SdfEntityCreator.cc:933] [0m[1;33mGazebo does not support Ogre material scripts. See [0m[1;33mhttps://gazebosim.org/api/sim/8/migrationsdf.html#:~:text=Materials [0m[1;33mfor details.[0m[1;33m[0m
[gz-8] [1;33m[Wrn] [SdfEntityCreator.cc:949] [0m[1;33mUsing an internal gazebo.material to parse [0m[1;33mGazebo/DarkGrey[0m[1;33m[0m
[gz-8] [1;33m[Wrn] [SdfEntityCreator.cc:933] [0m[1;33mGazebo does not support Ogre material scripts. See [0m[1;33mhttps://gazebosim.org/api/sim/8/migrationsdf.html#:~:text=Materials [0m[1;33mfor details.[0m[1;33m[0m
[gz-8] [1;33m[Wrn] [SdfEntityCreator.cc:949] [0m[1;33mUsing an internal gazebo.material to parse [0m[1;33mGazebo/DarkGrey[0m[1;33m[0m
[gz-8] [1;33m[Wrn] [SdfEntityCreator.cc:933] [0m[1;33mGazebo does not support Ogre material scripts. See [0m[1;33mhttps://gazebosim.org/api/sim/8/migrationsdf.html#:~:text=Materials [0m[1;33mfor details.[0m[1;33m[0m
[gz-8] [1;33m[Wrn] [SdfEntityCreator.cc:949] [0m[1;33mUsing an internal gazebo.material to parse [0m[1;33mGazebo/DarkGrey[0m[1;33m[0m
[gz-8] [1;32m[Msg] [0m[1;32mDiffDrive subscribing to twist messages on [[0m[1;32m/cmd_vel[0m[1;32m][0m[1;32m[0m
[gz-8] [1;36m[Dbg] [SystemManager.cc:80] [0m[1;36mLoaded system [[0m[1;36mgz::sim::systems::DiffDrive[0m[1;36m] for entity [[0m[1;36m144[0m[1;36m][0m[1;36m[0m
[gz-8] [1;36m[Dbg] [SystemManager.cc:80] [0m[1;36mLoaded system [[0m[1;36mgz::sim::systems::JointStatePublisher[0m[1;36m] for entity [[0m[1;36m144[0m[1;36m][0m[1;36m[0m
[gz-8] [1;36m[Dbg] [UserCommands.cc:1094] [0m[1;36mCreated entity [[0m[1;36m144[0m[1;36m] named [[0m[1;36mturtlebot4[0m[1;36m][0m[1;36m[0m
[gz-8] [1;36m[Dbg] [SDFFeatures.cc:332] [0m[1;36mMesh construction from an SDF has not been implemented yet for [0m[1;36mdartsim. Use AttachMeshShapeFeature to use mesh shapes.[0m
[gz-8] [1;36m[Dbg] [SDFFeatures.cc:864] [0m[1;36mThe geometry element of collision [[0m[1;36mbase_link_fixed_joint_lump__bumper_collision_1[0m[1;36m] [0m[1;36mcouldn't be created[0m
[gz-8] [1;36m[Dbg] [SDFFeatures.cc:332] [0m[1;36mMesh construction from an SDF has not been implemented yet for [0m[1;36mdartsim. Use AttachMeshShapeFeature to use mesh shapes.[0m
[gz-8] [1;36m[Dbg] [SDFFeatures.cc:864] [0m[1;36mThe geometry element of collision [[0m[1;36mbase_link_fixed_joint_lump__shell_collision_collision_2[0m[1;36m] [0m[1;36mcouldn't be created[0m
[gz-8] [1;36m[Dbg] [Sensors.cc:953] [0m[1;36mInitialization needed[0m[1;36m[0m
[gz-8] [1;36m[Dbg] [Sensors.cc:349] [0m[1;36mInitializing render context[0m[1;36m[0m
[gz-8] [1;32m[Msg] [0m[1;32mLoading plugin [[0m[1;32mgz-rendering-ogre2[0m[1;32m][0m[1;32m[0m
[gz-8] [1;36m[Dbg] [ImuSensor.cc:150] [0m[1;36mIMU data for [[0m[1;36mturtlebot4::imu_link::imu[0m[1;36m] advertised on [[0m[1;36mimu[0m[1;36m][0m[1;36m[0m
[gz-8] [1;32m[Msg] [0m[1;32mServing scene information on [[0m[1;32m/world/new_room_world[0m[1;32m/[0m[1;32mscene/info[0m[1;32m][0m[1;32m[0m
[gz-8] [1;32m[Msg] [0m[1;32mServing graph information on [[0m[1;32m/world/new_room_world[0m[1;32m/[0m[1;32mscene/graph[0m[1;32m][0m[1;32m[0m
[gz-8] [1;32m[Msg] [0m[1;32mServing full state on [[0m[1;32m/world/new_room_world[0m[1;32m/[0m[1;32mstate[0m[1;32m][0m[1;32m[0m
[gz-8] [1;32m[Msg] [0m[1;32mServing full state (async) on [[0m[1;32m/world/new_room_world[0m[1;32m/[0m[1;32mstate_async[0m[1;32m][0m[1;32m[0m
[gz-8] [1;32m[Msg] [0m[1;32mPublishing scene information on [[0m[1;32m/world/new_room_world/scene/info[0m[1;32m][0m[1;32m[0m
[gz-8] [1;32m[Msg] [0m[1;32mPublishing entity deletions on [[0m[1;32m/world/new_room_world/scene/deletion[0m[1;32m][0m[1;32m[0m
[gz-8] [1;32m[Msg] [0m[1;32mPublishing state changes on [[0m[1;32m/world/new_room_world/state[0m[1;32m][0m[1;32m[0m
[gz-8] [1;32m[Msg] [0m[1;32mPublishing pose messages on [[0m[1;32m/world/new_room_world[0m[1;32m/[0m[1;32mpose/info[0m[1;32m][0m[1;32m[0m
[gz-8] [1;32m[Msg] [0m[1;32mPublishing dynamic pose messages on [[0m[1;32m/world/new_room_world[0m[1;32m/[0m[1;32mdynamic_pose/info[0m[1;32m][0m[1;32m[0m
[gz-8] [1;36m[Dbg] [EntityComponentManager.cc:1656] [0m[1;36mUpdated state thread iterators: [0m[1;36m16[0m[1;36m threads processing around [0m[1;36m15[0m[1;36m entities each.[0m[1;36m[0m
[gz-8] [1;36m[Dbg] [SimulationRunner.cc:578] [Dbg] [SimulationRunner.cc:578] [0m[1;36mExiting postupdate worker thread ([0m[1;36m2[0m[1;36m)[0m[1;36m[Dbg] [SimulationRunner.cc:578] [Dbg] [SimulationRunner.cc:578] [0m[1;36mExiting postupdate worker thread ([0m[1;36m1[0m[1;36m)[0m[1;36m[0m
[gz-8] [1;36m[Dbg] [SimulationRunner.cc:578] [0m[1;36mExiting postupdate worker thread ([0m[1;36m0[0m[1;36m)[0m[1;36m[0m
[gz-8] [1;36m[Dbg] [SimulationRunner.cc:551] [0m[1;36mCreating PostUpdate worker threads: [0m[1;36m6[0m[1;36m[0m
[gz-8] [1;36m[Dbg] [SimulationRunner.cc:562] [0m[1;36mCreating postupdate worker thread ([0m[1;36m0[0m[1;36m)[0m[1;36m[0m
[gz-8] [1;36m[Dbg] [SimulationRunner.cc:562] [0m[1;36mCreating postupdate worker thread ([0m[1;36m1[0m[1;36m)[0m[1;36m[0m
[gz-8] libEGL warning: failed to open /dev/dri/renderD128: Permission denied
[gz-8] 
[gz-8] libEGL warning: failed to open /dev/dri/renderD128: Permission denied
[gz-8] 
[gz-8] libEGL warning: failed to open /dev/dri/card1: Permission denied
[gz-8] 
[gz-9] [1;32m[GUI] [0m[1;32m[Msg] [0m[1;32mAdded plugin [[0m[1;32mEntity tree[0m[1;32m] to main window[0m[1;32m[0m
[gz-9] [1;32m[GUI] [0m[1;32m[Msg] [0m[1;32mLoaded plugin [[0m[1;32mEntityTree[0m[1;32m] from path [[0m[1;32m/opt/ros/jazzy/opt/gz_sim_vendor/lib/gz-sim-8/plugins/gui/libEntityTree.so[0m[1;32m][0m[1;32m[0m
[gz-9] [1;36m[GUI] [Dbg] [Application.cc:398] [0m[1;36mLoading window config[0m[1;36m[0m
[gz-9] [1;32m[GUI] [0m[1;32m[Msg] [0m[1;32mUsing server control service [[0m[1;32m/server_control[0m[1;32m][0m[1;32m[0m
[gz-9] [1;36m[GUI] [Dbg] [Application.cc:671] [0m[1;36mApplying config[0m[1;36m[0m
[gz-9] [1;36m[GUI] [Dbg] [MinimalScene.cc:802] [0m[1;36mCreating gz-rendering interface for OpenGL[0m[1;36m[0m
[gz-9] [1;36m[GUI] [Dbg] [MinimalScene.cc:986] [0m[1;36mCreating render thread interface for OpenGL[0m[1;36m[0m
[gz-9] [1;32m[GUI] [0m[1;32m[Msg] [0m[1;32mLoading plugin [[0m[1;32mgz-rendering-ogre2[0m[1;32m][0m[1;32m[0m
[gz-9] [1;36m[GUI] [Dbg] [MinimalScene.cc:749] [0m[1;36mCreate scene [[0m[1;36mscene[0m[1;36m][0m[1;36m[0m
[gz-9] [1;36m[GUI] [Dbg] [MinimalScene.cc:1037] [0m[1;36mCreating texture node render interface for OpenGL[0m[1;36m[0m
[gz-9] [1;36m[GUI] [Dbg] [TransformControl.cc:453] [0m[1;36mTransformControl plugin is using camera [[0m[1;36mscene::Camera(65527)[0m[1;36m][0m[1;36m[0m
[gz-9] [1;36m[GUI] [Dbg] [Spawn.cc:308] [0m[1;36mSpawn plugin is using camera [[0m[1;36mscene::Camera(65527)[0m[1;36m][0m[1;36m[0m
[gz-9] [1;36m[GUI] [Dbg] [SelectEntities.cc:452] [0m[1;36mSelectEntities plugin is using camera [[0m[1;36mscene::Camera(65527)[0m[1;36m][0m[1;36m[0m
[gz-9] [1;36m[GUI] [Dbg] [MarkerManager.cc:169] [0m[1;36mAdvertise [0m[1;36m/marker[0m[1;36m/list service.[0m
[gz-9] [1;36m[GUI] [Dbg] [MarkerManager.cc:179] [0m[1;36mAdvertise [0m[1;36m/marker[0m[1;36m/list.[0m
[gz-9] [1;36m[GUI] [Dbg] [MarkerManager.cc:189] [0m[1;36mAdvertise [0m[1;36m/marker[0m[1;36m_array.[0m
[gz-9] [1;36m[GUI] [Dbg] [CameraTracking.cc:205] [0m[1;36mCameraTrackingPrivate plugin is moving camera [[0m[1;36mscene::Camera(65527)[0m[1;36m][0m[1;36m[0m
[gz-9] [1;32m[GUI] [0m[1;32m[Msg] [0m[1;32mMove to service on [[0m[1;32m/gui/move_to[0m[1;32m][0m[1;32m[0m
[gz-9] [1;32m[GUI] [0m[1;32m[Msg] [0m[1;32mFollow service on [[0m[1;32m/gui/follow[0m[1;32m] (deprecated)[0m[1;32m[0m
[gz-9] [1;32m[GUI] [0m[1;32m[Msg] [0m[1;32mTracking topic on [[0m[1;32m/gui/track[0m[1;32m][0m[1;32m[0m
[gz-9] [1;32m[GUI] [0m[1;32m[Msg] [0m[1;32mTracking status topic on [[0m[1;32m/gui/currently_tracked[0m[1;32m][0m[1;32m[0m
[gz-9] [1;32m[GUI] [0m[1;32m[Msg] [0m[1;32mMove to pose service on [[0m[1;32m/gui/move_to/pose[0m[1;32m][0m[1;32m[0m
[gz-9] [1;32m[GUI] [0m[1;32m[Msg] [0m[1;32mCamera pose topic advertised on [[0m[1;32m/gui/camera/pose[0m[1;32m][0m[1;32m[0m
[gz-9] [1;32m[GUI] [0m[1;32m[Msg] [0m[1;32mFollow offset service on [[0m[1;32m/gui/follow/offset[0m[1;32m] (deprecated)[0m[1;32m[0m
[gz-9] [1;36m[GUI] [Dbg] [InteractiveViewControl.cc:176] [0m[1;36mInteractiveViewControl plugin is moving camera [[0m[1;36mscene::Camera(65527)[0m[1;36m][0m[1;36m[0m
[gz-9] [1;36m[GUI] [Dbg] [EntityContextMenuPlugin.cc:79] [0m[1;36mEntity context menu plugin is using camera [[0m[1;36mscene::Camera(65527)[0m[1;36m][0m[1;36m[0m
[gz-9] [1;33mWarning [Utils.cc:132][0m [/sdf/model[@name="turtlebot4"]/link[@name="rplidar_link"]/sensor[@name="rplidar"]/gz_frame_id:<data-string>:L1399]: XML Element[gz_frame_id], child of element[sensor], not defined in SDF. Copying[gz_frame_id] as children of [sensor].
[WARN] [1790234482.347285674] [rcl]: ROS_LOCALHOST_ONLY is deprecated but still honored if it is enabled. Use ROS_AUTOMATIC_DISCOVERY_RANGE and ROS_STATIC_PEERS instead.
[WARN] [1790234482.347315340] [rcl]: 'localhost_only' is enabled, 'automatic_discovery_range' and 'static_peers' will be ignored.
[INFO] [async_slam_toolbox_node-10]: process started with pid [60310]
[async_slam_toolbox_node-10] [WARN] [1790234482.566796260] [rcl]: ROS_LOCALHOST_ONLY is deprecated but still honored if it is enabled. Use ROS_AUTOMATIC_DISCOVERY_RANGE and ROS_STATIC_PEERS instead.
[async_slam_toolbox_node-10] [WARN] [1790234482.566811159] [rcl]: 'localhost_only' is enabled, 'automatic_discovery_range' and 'static_peers' will be ignored.
[async_slam_toolbox_node-10] [INFO] [1790234482.590995986] [slam_toolbox]: Node using stack size 40000000
[async_slam_toolbox_node-10] [INFO] [1790234482.936790581] [slam_toolbox]: Configuring
[async_slam_toolbox_node-10] [INFO] [1790234482.937483889] [slam_toolbox]: Old-map sequential matcher: enabled=false, min_conf=0.25, decay=70.0, keep_first=true, keyframe_dist=1.00, history_radius=1.50, history_max=6
[async_slam_toolbox_node-10] [INFO] [1790234482.943332141] [slam_toolbox]: Using solver plugin solver_plugins::CeresSolver
[async_slam_toolbox_node-10] [INFO] [1790234482.943893351] [slam_toolbox]: CeresSolver adaptive anchor V1: enabled=true, weight=5.00->1.00, decay=70.0, local_gap<=5, loop_gap>=30, evidence=3, mahal_sq>=9.00, release=1.00->1.00
[async_slam_toolbox_node-10] [INFO] [1790234482.944195729] [slam_toolbox]: CeresSolver: Using SCHUR_JACOBI preconditioner.
[INFO] [launch.user]: [LifecycleLaunch] Slamtoolbox node is activating.
[async_slam_toolbox_node-10] [INFO] [1790234482.963195584] [slam_toolbox]: Activating
[async_slam_toolbox_node-10] Registering sensor: [Custom Described Lidar]
[rviz2-7] [INFO] [1790234484.005697299] [rviz2]: Trying to create a map of size 222 x 77 using 1 swatches
[rviz2-7] [ERROR] [1790234484.017530381] [rviz2]: rviz/glsl120/indexed_8bit_image.vert
[rviz2-7] rviz/glsl120/indexed_8bit_image.frag
[rviz2-7]  GLSL link result : 
[rviz2-7] active samplers with a different type refer to the same texture image unit
[INFO] [controller_server-11]: process started with pid [60414]
[INFO] [smoother_server-12]: process started with pid [60415]
[INFO] [planner_server-13]: process started with pid [60416]
[INFO] [route_server-14]: process started with pid [60417]
[INFO] [behavior_server-15]: process started with pid [60418]
[INFO] [bt_navigator-16]: process started with pid [60419]
[INFO] [waypoint_follower-17]: process started with pid [60420]
[INFO] [velocity_smoother-18]: process started with pid [60421]
[INFO] [collision_monitor-19]: process started with pid [60422]
[INFO] [opennav_docking-20]: process started with pid [60423]
[INFO] [lifecycle_manager-21]: process started with pid [60424]
[velocity_smoother-18] [WARN] [1790234492.422938894] [rcl]: ROS_LOCALHOST_ONLY is deprecated but still honored if it is enabled. Use ROS_AUTOMATIC_DISCOVERY_RANGE and ROS_STATIC_PEERS instead.
[velocity_smoother-18] [WARN] [1790234492.422963931] [rcl]: 'localhost_only' is enabled, 'automatic_discovery_range' and 'static_peers' will be ignored.
[bt_navigator-16] [WARN] [1790234492.423641963] [rcl]: ROS_LOCALHOST_ONLY is deprecated but still honored if it is enabled. Use ROS_AUTOMATIC_DISCOVERY_RANGE and ROS_STATIC_PEERS instead.
[bt_navigator-16] [WARN] [1790234492.423653258] [rcl]: 'localhost_only' is enabled, 'automatic_discovery_range' and 'static_peers' will be ignored.
[lifecycle_manager-21] [WARN] [1790234492.424995091] [rcl]: ROS_LOCALHOST_ONLY is deprecated but still honored if it is enabled. Use ROS_AUTOMATIC_DISCOVERY_RANGE and ROS_STATIC_PEERS instead.
[lifecycle_manager-21] [WARN] [1790234492.425012476] [rcl]: 'localhost_only' is enabled, 'automatic_discovery_range' and 'static_peers' will be ignored.
[waypoint_follower-17] [WARN] [1790234492.425863956] [rcl]: ROS_LOCALHOST_ONLY is deprecated but still honored if it is enabled. Use ROS_AUTOMATIC_DISCOVERY_RANGE and ROS_STATIC_PEERS instead.
[waypoint_follower-17] [WARN] [1790234492.425883873] [rcl]: 'localhost_only' is enabled, 'automatic_discovery_range' and 'static_peers' will be ignored.
[planner_server-13] [WARN] [1790234492.430730882] [rcl]: ROS_LOCALHOST_ONLY is deprecated but still honored if it is enabled. Use ROS_AUTOMATIC_DISCOVERY_RANGE and ROS_STATIC_PEERS instead.
[planner_server-13] [WARN] [1790234492.430749966] [rcl]: 'localhost_only' is enabled, 'automatic_discovery_range' and 'static_peers' will be ignored.
[controller_server-11] [WARN] [1790234492.431366273] [rcl]: ROS_LOCALHOST_ONLY is deprecated but still honored if it is enabled. Use ROS_AUTOMATIC_DISCOVERY_RANGE and ROS_STATIC_PEERS instead.
[controller_server-11] [WARN] [1790234492.431377985] [rcl]: 'localhost_only' is enabled, 'automatic_discovery_range' and 'static_peers' will be ignored.
[route_server-14] [WARN] [1790234492.432897396] [rcl]: ROS_LOCALHOST_ONLY is deprecated but still honored if it is enabled. Use ROS_AUTOMATIC_DISCOVERY_RANGE and ROS_STATIC_PEERS instead.
[route_server-14] [WARN] [1790234492.432914033] [rcl]: 'localhost_only' is enabled, 'automatic_discovery_range' and 'static_peers' will be ignored.
[behavior_server-15] [WARN] [1790234492.436322557] [rcl]: ROS_LOCALHOST_ONLY is deprecated but still honored if it is enabled. Use ROS_AUTOMATIC_DISCOVERY_RANGE and ROS_STATIC_PEERS instead.
[smoother_server-12] [WARN] [1790234492.436557437] [rcl]: ROS_LOCALHOST_ONLY is deprecated but still honored if it is enabled. Use ROS_AUTOMATIC_DISCOVERY_RANGE and ROS_STATIC_PEERS instead.
[smoother_server-12] [WARN] [1790234492.436577431] [rcl]: 'localhost_only' is enabled, 'automatic_discovery_range' and 'static_peers' will be ignored.
[behavior_server-15] [WARN] [1790234492.437669457] [rcl]: 'localhost_only' is enabled, 'automatic_discovery_range' and 'static_peers' will be ignored.
[collision_monitor-19] [WARN] [1790234492.439830012] [rcl]: ROS_LOCALHOST_ONLY is deprecated but still honored if it is enabled. Use ROS_AUTOMATIC_DISCOVERY_RANGE and ROS_STATIC_PEERS instead.
[collision_monitor-19] [WARN] [1790234492.439856300] [rcl]: 'localhost_only' is enabled, 'automatic_discovery_range' and 'static_peers' will be ignored.
[opennav_docking-20] [WARN] [1790234492.447213435] [rcl]: ROS_LOCALHOST_ONLY is deprecated but still honored if it is enabled. Use ROS_AUTOMATIC_DISCOVERY_RANGE and ROS_STATIC_PEERS instead.
[opennav_docking-20] [WARN] [1790234492.447254313] [rcl]: 'localhost_only' is enabled, 'automatic_discovery_range' and 'static_peers' will be ignored.
[planner_server-13] [INFO] [1790234492.482757184] [planner_server]: 
[planner_server-13] 	planner_server lifecycle node launched. 
[planner_server-13] 	Waiting on external lifecycle transitions to activate
[planner_server-13] 	See https://design.ros2.org/articles/node_lifecycle.html for more information.
[bt_navigator-16] [INFO] [1790234492.490752739] [bt_navigator]: 
[bt_navigator-16] 	bt_navigator lifecycle node launched. 
[bt_navigator-16] 	Waiting on external lifecycle transitions to activate
[bt_navigator-16] 	See https://design.ros2.org/articles/node_lifecycle.html for more information.
[planner_server-13] [INFO] [1790234492.495448136] [planner_server]: Creating
[bt_navigator-16] [INFO] [1790234492.495817317] [bt_navigator]: Creating
[lifecycle_manager-21] [INFO] [1790234492.497669350] [lifecycle_manager_navigation]: Creating
[route_server-14] [INFO] [1790234492.501282725] [route_server]: 
[route_server-14] 	route_server lifecycle node launched. 
[route_server-14] 	Waiting on external lifecycle transitions to activate
[route_server-14] 	See https://design.ros2.org/articles/node_lifecycle.html for more information.
[lifecycle_manager-21] [INFO] [1790234492.509705330] [lifecycle_manager_navigation]: [34m[1mCreating and initializing lifecycle service clients[0m[0m
[planner_server-13] [INFO] [1790234492.510405753] [global_costmap.global_costmap]: 
[planner_server-13] 	global_costmap lifecycle node launched. 
[planner_server-13] 	Waiting on external lifecycle transitions to activate
[planner_server-13] 	See https://design.ros2.org/articles/node_lifecycle.html for more information.
[planner_server-13] [INFO] [1790234492.515237998] [global_costmap.global_costmap]: Creating Costmap
[smoother_server-12] [INFO] [1790234492.531812491] [smoother_server]: 
[smoother_server-12] 	smoother_server lifecycle node launched. 
[smoother_server-12] 	Waiting on external lifecycle transitions to activate
[smoother_server-12] 	See https://design.ros2.org/articles/node_lifecycle.html for more information.
[collision_monitor-19] [INFO] [1790234492.532207840] [collision_monitor]: 
[collision_monitor-19] 	collision_monitor lifecycle node launched. 
[collision_monitor-19] 	Waiting on external lifecycle transitions to activate
[collision_monitor-19] 	See https://design.ros2.org/articles/node_lifecycle.html for more information.
[waypoint_follower-17] [INFO] [1790234492.534164442] [waypoint_follower]: 
[waypoint_follower-17] 	waypoint_follower lifecycle node launched. 
[waypoint_follower-17] 	Waiting on external lifecycle transitions to activate
[waypoint_follower-17] 	See https://design.ros2.org/articles/node_lifecycle.html for more information.
[waypoint_follower-17] [INFO] [1790234492.536265569] [waypoint_follower]: Creating
[smoother_server-12] [INFO] [1790234492.536323607] [smoother_server]: Creating smoother server
[controller_server-11] [INFO] [1790234492.536641020] [controller_server]: 
[controller_server-11] 	controller_server lifecycle node launched. 
[controller_server-11] 	Waiting on external lifecycle transitions to activate
[controller_server-11] 	See https://design.ros2.org/articles/node_lifecycle.html for more information.
[controller_server-11] [INFO] [1790234492.539336197] [controller_server]: Creating controller server
[opennav_docking-20] [INFO] [1790234492.539701909] [docking_server]: 
[opennav_docking-20] 	docking_server lifecycle node launched. 
[opennav_docking-20] 	Waiting on external lifecycle transitions to activate
[opennav_docking-20] 	See https://design.ros2.org/articles/node_lifecycle.html for more information.
[opennav_docking-20] [INFO] [1790234492.539804055] [docking_server]: Creating docking_server
[velocity_smoother-18] [INFO] [1790234492.544990539] [velocity_smoother]: 
[velocity_smoother-18] 	velocity_smoother lifecycle node launched. 
[velocity_smoother-18] 	Waiting on external lifecycle transitions to activate
[velocity_smoother-18] 	See https://design.ros2.org/articles/node_lifecycle.html for more information.
[behavior_server-15] [INFO] [1790234492.565243840] [behavior_server]: 
[behavior_server-15] 	behavior_server lifecycle node launched. 
[behavior_server-15] 	Waiting on external lifecycle transitions to activate
[behavior_server-15] 	See https://design.ros2.org/articles/node_lifecycle.html for more information.
[controller_server-11] [INFO] [1790234492.594695313] [local_costmap.local_costmap]: 
[controller_server-11] 	local_costmap lifecycle node launched. 
[controller_server-11] 	Waiting on external lifecycle transitions to activate
[controller_server-11] 	See https://design.ros2.org/articles/node_lifecycle.html for more information.
[controller_server-11] [INFO] [1790234492.595155739] [local_costmap.local_costmap]: Creating Costmap
[lifecycle_manager-21] [INFO] [1790234492.946064216] [lifecycle_manager_navigation]: [34m[1mStarting managed nodes bringup...[0m[0m
[lifecycle_manager-21] [INFO] [1790234492.946136383] [lifecycle_manager_navigation]: [34m[1mConfiguring controller_server[0m[0m
[controller_server-11] [INFO] [1790234492.946565448] [controller_server]: Configuring controller interface
[controller_server-11] [INFO] [1790234492.946593317] [controller_server]: getting progress checker plugins..
[controller_server-11] [INFO] [1790234492.946772969] [controller_server]: getting goal checker plugins..
[controller_server-11] [INFO] [1790234492.946859132] [controller_server]: Controller frequency set to 15.0000Hz
[controller_server-11] [INFO] [1790234492.946897518] [local_costmap.local_costmap]: Configuring
[controller_server-11] [INFO] [1790234492.959020077] [local_costmap.local_costmap]: Using plugin "static_layer"
[controller_server-11] [INFO] [1790234492.963743326] [local_costmap.local_costmap]: Subscribing to the map topic (/map) with transient local durability
[controller_server-11] [INFO] [1790234492.966029710] [local_costmap.local_costmap]: Initialized plugin "static_layer"
[controller_server-11] [INFO] [1790234492.966070857] [local_costmap.local_costmap]: Using plugin "voxel_layer"
[controller_server-11] [INFO] [1790234492.966624421] [local_costmap.local_costmap]: Subscribed to Topics: scan
[controller_server-11] [INFO] [1790234492.978383691] [local_costmap.local_costmap]: Initialized plugin "voxel_layer"
[controller_server-11] [INFO] [1790234492.978433312] [local_costmap.local_costmap]: Using plugin "inflation_layer"
[controller_server-11] [INFO] [1790234492.978942552] [local_costmap.local_costmap]: Initialized plugin "inflation_layer"
[controller_server-11] [INFO] [1790234493.000318653] [local_costmap.local_costmap]: StaticLayer: Resizing static layer to 222 X 77 at 0.100000 m/pix
[controller_server-11] [INFO] [1790234493.000501911] [controller_server]: Created progress_checker : progress_checker of type nav2_controller::SimpleProgressChecker
[controller_server-11] [INFO] [1790234493.000800672] [controller_server]: Controller Server has progress_checker  progress checkers available.
[controller_server-11] [INFO] [1790234493.001290689] [controller_server]: Created goal checker : general_goal_checker of type nav2_controller::SimpleGoalChecker
[controller_server-11] [INFO] [1790234493.001613819] [controller_server]: Controller Server has general_goal_checker  goal checkers available.
[controller_server-11] [INFO] [1790234493.003271651] [controller_server]: Created controller : FollowPath of type nav2_mppi_controller::MPPIController
[controller_server-11] [INFO] [1790234493.004430579] [controller_server]: Controller period is equal to model dt. Control sequence shifting is ON
[controller_server-11] [INFO] [1790234493.007016841] [controller_server]: ConstraintCritic instantiated with 1 power and 4.000000 weight.
[controller_server-11] [INFO] [1790234493.007077074] [controller_server]: Critic loaded : mppi::critics::ConstraintCritic
[controller_server-11] [INFO] [1790234493.007829415] [controller_server]: InflationCostCritic instantiated with 1 power and 300.000000 / 0.015000 weights. Critic will collision check based on footprint cost.
[controller_server-11] [INFO] [1790234493.007866044] [controller_server]: Critic loaded : mppi::critics::CostCritic
[controller_server-11] [INFO] [1790234493.008058874] [controller_server]: GoalCritic instantiated with 1 power and 5.000000 weight.
[controller_server-11] [INFO] [1790234493.008075480] [controller_server]: Critic loaded : mppi::critics::GoalCritic
[controller_server-11] [INFO] [1790234493.008258955] [controller_server]: GoalAngleCritic instantiated with 1 power, 3.000000 weight, 0.500000 angular threshold and symmetric_yaw_tolerance disabled
[controller_server-11] [INFO] [1790234493.008273339] [controller_server]: Critic loaded : mppi::critics::GoalAngleCritic
[controller_server-11] [INFO] [1790234493.008761969] [controller_server]: ReferenceTrajectoryCritic instantiated with 1 power and 20.000000 weight
[controller_server-11] [INFO] [1790234493.008780324] [controller_server]: Critic loaded : mppi::critics::PathAlignCritic
[controller_server-11] [INFO] [1790234493.009550982] [controller_server]: Critic loaded : mppi::critics::PathFollowCritic
[controller_server-11] [INFO] [1790234493.010004746] [controller_server]: PathAngleCritic instantiated with 1 power and 4.000000 weight. Mode set to: Forward Preference
[controller_server-11] [INFO] [1790234493.010084548] [controller_server]: Critic loaded : mppi::critics::PathAngleCritic
[controller_server-11] [INFO] [1790234493.010588297] [controller_server]: PreferForwardCritic instantiated with 1 power and 5.000000 weight.
[controller_server-11] [INFO] [1790234493.010605360] [controller_server]: Critic loaded : mppi::critics::PreferForwardCritic
[controller_server-11] [INFO] [1790234493.011459542] [controller_server]: Optimizer reset
[controller_server-11] [INFO] [1790234493.016333966] [MPPIController]: Configured MPPI Controller: FollowPath
[controller_server-11] [INFO] [1790234493.016364361] [controller_server]: Controller Server has FollowPath  controllers available.
[lifecycle_manager-21] [INFO] [1790234493.033566117] [lifecycle_manager_navigation]: [34m[1mConfiguring smoother_server[0m[0m
[smoother_server-12] [INFO] [1790234493.033872139] [smoother_server]: Configuring smoother server
[smoother_server-12] [INFO] [1790234493.048187850] [smoother_server]: Created smoother : simple_smoother of type nav2_smoother::SimpleSmoother
[smoother_server-12] [INFO] [1790234493.048683806] [smoother_server]: Smoother Server has simple_smoother  smoothers available.
[lifecycle_manager-21] [INFO] [1790234493.138862111] [lifecycle_manager_navigation]: [34m[1mConfiguring planner_server[0m[0m
[planner_server-13] [INFO] [1790234493.139183072] [planner_server]: Configuring
[planner_server-13] [INFO] [1790234493.139209552] [global_costmap.global_costmap]: Configuring
[planner_server-13] [INFO] [1790234493.154788293] [global_costmap.global_costmap]: Using plugin "static_layer"
[planner_server-13] [INFO] [1790234493.157680034] [global_costmap.global_costmap]: Subscribing to the map topic (/map) with transient local durability
[planner_server-13] [INFO] [1790234493.161172053] [global_costmap.global_costmap]: Initialized plugin "static_layer"
[planner_server-13] [INFO] [1790234493.161216983] [global_costmap.global_costmap]: Using plugin "obstacle_layer"
[planner_server-13] [INFO] [1790234493.161719161] [global_costmap.global_costmap]: Subscribed to Topics: scan
[planner_server-13] [INFO] [1790234493.167612723] [global_costmap.global_costmap]: Initialized plugin "obstacle_layer"
[planner_server-13] [INFO] [1790234493.167665494] [global_costmap.global_costmap]: Using plugin "inflation_layer"
[planner_server-13] [INFO] [1790234493.168231878] [global_costmap.global_costmap]: Initialized plugin "inflation_layer"
[planner_server-13] [INFO] [1790234493.200747146] [global_costmap.global_costmap]: StaticLayer: Resizing costmap to 222 X 77 at 0.100000 m/pix
[planner_server-13] [INFO] [1790234493.201137543] [planner_server]: Created global planner plugin GridBased of type nav2_navfn_planner::NavfnPlanner
[planner_server-13] [INFO] [1790234493.201171280] [planner_server]: Configuring plugin GridBased of type NavfnPlanner
[planner_server-13] [INFO] [1790234493.201852890] [planner_server]: Planner Server has GridBased  planners available.
[lifecycle_manager-21] [INFO] [1790234493.216412245] [lifecycle_manager_navigation]: [34m[1mConfiguring route_server[0m[0m
[route_server-14] [INFO] [1790234493.217391594] [route_server]: Configuring
[route_server-14] [INFO] [1790234493.257103567] [route_server]: Created GraphFileLoader GeoJsonGraphFileLoader of type nav2_route::GeoJsonGraphFileLoader
[route_server-14] [INFO] [1790234493.257184593] [route_server]: Configuring geojson graph file loader
[route_server-14] [INFO] [1790234493.257199502] [route_server]: No graph file provided to load yet.
[route_server-14] [INFO] [1790234493.260320426] [route_server]: Created edge cost function plugin DistanceScorer of type nav2_route::DistanceScorer
[route_server-14] [INFO] [1790234493.260358444] [route_server]: Configuring distance scorer.
[route_server-14] [INFO] [1790234493.260563288] [route_server]: Created edge cost function plugin DynamicEdgesScorer of type nav2_route::DynamicEdgesScorer
[route_server-14] [INFO] [1790234493.260575362] [route_server]: Configuring adjust edges scorer.
[route_server-14] [INFO] [1790234493.264161354] [route_server]: Created route operation AdjustSpeedLimit of type nav2_route::AdjustSpeedLimit
[route_server-14] [INFO] [1790234493.264214265] [route_server]: Configuring Adjust speed limit operation.
[route_server-14] [INFO] [1790234493.266495039] [route_server]: Created route operation ReroutingService of type nav2_route::ReroutingService
[route_server-14] [INFO] [1790234493.266537602] [route_server]: Configuring Rerouting service operation.
[lifecycle_manager-21] [INFO] [1790234493.273009838] [lifecycle_manager_navigation]: [34m[1mConfiguring behavior_server[0m[0m
[behavior_server-15] [INFO] [1790234493.275409970] [behavior_server]: Configuring
[behavior_server-15] [INFO] [1790234493.279677140] [behavior_server]: Creating behavior plugin spin of type nav2_behaviors::Spin
[behavior_server-15] [INFO] [1790234493.281034748] [behavior_server]: Creating behavior plugin backup of type nav2_behaviors::BackUp
[behavior_server-15] [INFO] [1790234493.281930278] [behavior_server]: Creating behavior plugin drive_on_heading of type nav2_behaviors::DriveOnHeading
[behavior_server-15] [INFO] [1790234493.282904777] [behavior_server]: Creating behavior plugin assisted_teleop of type nav2_behaviors::AssistedTeleop
[behavior_server-15] [INFO] [1790234493.285296314] [behavior_server]: Creating behavior plugin wait of type nav2_behaviors::Wait
[behavior_server-15] [INFO] [1790234493.293662840] [behavior_server]: Configuring spin
[behavior_server-15] [INFO] [1790234493.303693502] [behavior_server]: Configuring backup
[behavior_server-15] [INFO] [1790234493.310378494] [behavior_server]: Configuring drive_on_heading
[behavior_server-15] [INFO] [1790234493.317380560] [behavior_server]: Configuring assisted_teleop
[behavior_server-15] [INFO] [1790234493.324435083] [behavior_server]: Configuring wait
[lifecycle_manager-21] [INFO] [1790234493.331347086] [lifecycle_manager_navigation]: [34m[1mConfiguring velocity_smoother[0m[0m
[velocity_smoother-18] [INFO] [1790234493.331616985] [velocity_smoother]: Configuring velocity smoother
[lifecycle_manager-21] [INFO] [1790234493.339039581] [lifecycle_manager_navigation]: [34m[1mConfiguring collision_monitor[0m[0m
[collision_monitor-19] [INFO] [1790234493.339381522] [collision_monitor]: Configuring
[collision_monitor-19] [INFO] [1790234493.353749264] [collision_monitor]: [scan]: Creating Scan
[collision_monitor-19] [INFO] [1790234493.357955547] [collision_monitor]: [FootprintApproach]: Creating Polygon
[collision_monitor-19] [INFO] [1790234493.359162573] [collision_monitor]: [FootprintApproach]: Polygon points are not defined. Using dynamic subscription instead.
[collision_monitor-19] [INFO] [1790234493.360356786] [collision_monitor]: [FootprintApproach]: Making footprint subscriber on local_costmap/published_footprint topic
[lifecycle_manager-21] [INFO] [1790234493.383073062] [lifecycle_manager_navigation]: [34m[1mConfiguring bt_navigator[0m[0m
[bt_navigator-16] [INFO] [1790234493.383630325] [bt_navigator]: Configuring
[bt_navigator-16] [INFO] [1790234493.392564145] [bt_navigator]: Creating navigator id navigate_to_pose of type nav2_bt_navigator::NavigateToPoseNavigator
[bt_navigator-16] [INFO] [1790234493.504568374] [bt_navigator]: Creating navigator id navigate_through_poses of type nav2_bt_navigator::NavigateThroughPosesNavigator
[lifecycle_manager-21] [INFO] [1790234493.538922017] [lifecycle_manager_navigation]: [34m[1mConfiguring waypoint_follower[0m[0m
[waypoint_follower-17] [INFO] [1790234493.539245693] [waypoint_follower]: Configuring
[waypoint_follower-17] [INFO] [1790234493.589670009] [waypoint_follower]: Created waypoint_task_executor : wait_at_waypoint of type nav2_waypoint_follower::WaitAtWaypoint
[lifecycle_manager-21] [INFO] [1790234493.591043480] [lifecycle_manager_navigation]: [34m[1mConfiguring docking_server[0m[0m
[opennav_docking-20] [INFO] [1790234493.591927332] [docking_server]: Configuring docking_server
[opennav_docking-20] [INFO] [1790234493.591984490] [docking_server]: Controller frequency set to 50.0000Hz
[opennav_docking-20] [INFO] [1790234493.630487025] [docking_server]: Created charging dock plugin simple_charging_dock of type opennav_docking::SimpleChargingDock
[opennav_docking-20] [WARN] [1790234493.635515577] [docking_server]: Dock database filepath nor dock parameters set. Docking actions can only be executed specifying the dock pose via the action request. Or update the dock database via the reload_database service.
[opennav_docking-20] [INFO] [1790234493.635582685] [docking_server]: Docking Server has 1 dock types and 0 dock instances available.
[lifecycle_manager-21] [INFO] [1790234493.638144529] [lifecycle_manager_navigation]: [34m[1mActivating controller_server[0m[0m
[controller_server-11] [INFO] [1790234493.638433111] [controller_server]: Activating
[controller_server-11] [INFO] [1790234493.638468603] [local_costmap.local_costmap]: Activating
[controller_server-11] [INFO] [1790234493.638475552] [local_costmap.local_costmap]: Checking transform
[controller_server-11] [INFO] [1790234493.638590710] [local_costmap.local_costmap]: start
[controller_server-11] [WARN] [1790234493.839952127] [controller_server]: Parameter controller_server.verbose not found
[controller_server-11] [INFO] [1790234493.840803599] [controller_server]: Optimizer reset
[controller_server-11] [INFO] [1790234493.841190807] [MPPIController]: Activated MPPI Controller: FollowPath
[controller_server-11] [INFO] [1790234493.841222469] [controller_server]: Creating bond (controller_server) to lifecycle manager.
[lifecycle_manager-21] [INFO] [1790234493.950559701] [lifecycle_manager_navigation]: Server controller_server connected with bond.
[lifecycle_manager-21] [INFO] [1790234493.950611197] [lifecycle_manager_navigation]: [34m[1mActivating smoother_server[0m[0m
[smoother_server-12] [INFO] [1790234493.951065114] [smoother_server]: Activating
[smoother_server-12] [INFO] [1790234493.951098828] [smoother_server]: Creating bond (smoother_server) to lifecycle manager.
[lifecycle_manager-21] [INFO] [1790234494.056664885] [lifecycle_manager_navigation]: Server smoother_server connected with bond.
[lifecycle_manager-21] [INFO] [1790234494.056735194] [lifecycle_manager_navigation]: [34m[1mActivating planner_server[0m[0m
[planner_server-13] [INFO] [1790234494.057195784] [planner_server]: Activating
[planner_server-13] [INFO] [1790234494.057250813] [global_costmap.global_costmap]: Activating
[planner_server-13] [INFO] [1790234494.057261452] [global_costmap.global_costmap]: Checking transform
[planner_server-13] [INFO] [1790234494.057438448] [global_costmap.global_costmap]: start
[planner_server-13] [INFO] [1790234495.059227941] [planner_server]: Activating plugin GridBased of type NavfnPlanner
[planner_server-13] [INFO] [1790234495.061786784] [planner_server]: Creating bond (planner_server) to lifecycle manager.
[lifecycle_manager-21] [INFO] [1790234495.168735666] [lifecycle_manager_navigation]: Server planner_server connected with bond.
[lifecycle_manager-21] [INFO] [1790234495.168765546] [lifecycle_manager_navigation]: [34m[1mActivating route_server[0m[0m
[route_server-14] [INFO] [1790234495.169023491] [route_server]: Activating
[route_server-14] [INFO] [1790234495.169220092] [route_server]: Creating bond (route_server) to lifecycle manager.
[lifecycle_manager-21] [INFO] [1790234495.275914575] [lifecycle_manager_navigation]: Server route_server connected with bond.
[lifecycle_manager-21] [INFO] [1790234495.275960855] [lifecycle_manager_navigation]: [34m[1mActivating behavior_server[0m[0m
[behavior_server-15] [INFO] [1790234495.276334212] [behavior_server]: Activating
[behavior_server-15] [INFO] [1790234495.276366483] [behavior_server]: Activating spin
[behavior_server-15] [INFO] [1790234495.276382166] [behavior_server]: Activating backup
[behavior_server-15] [INFO] [1790234495.276393767] [behavior_server]: Activating drive_on_heading
[behavior_server-15] [INFO] [1790234495.276404046] [behavior_server]: Activating assisted_teleop
[behavior_server-15] [INFO] [1790234495.276414109] [behavior_server]: Activating wait
[behavior_server-15] [INFO] [1790234495.276431174] [behavior_server]: Creating bond (behavior_server) to lifecycle manager.
[lifecycle_manager-21] [INFO] [1790234495.385049689] [lifecycle_manager_navigation]: Server behavior_server connected with bond.
[lifecycle_manager-21] [INFO] [1790234495.385090097] [lifecycle_manager_navigation]: [34m[1mActivating velocity_smoother[0m[0m
[velocity_smoother-18] [INFO] [1790234495.385424656] [velocity_smoother]: Activating
[velocity_smoother-18] [INFO] [1790234495.385477082] [velocity_smoother]: Creating bond (velocity_smoother) to lifecycle manager.
[lifecycle_manager-21] [INFO] [1790234495.490914733] [lifecycle_manager_navigation]: Server velocity_smoother connected with bond.
[lifecycle_manager-21] [INFO] [1790234495.490955932] [lifecycle_manager_navigation]: [34m[1mActivating collision_monitor[0m[0m
[collision_monitor-19] [INFO] [1790234495.491377862] [collision_monitor]: Activating
[collision_monitor-19] [INFO] [1790234495.491431288] [collision_monitor]: Creating bond (collision_monitor) to lifecycle manager.
[lifecycle_manager-21] [INFO] [1790234495.604210467] [lifecycle_manager_navigation]: Server collision_monitor connected with bond.
[lifecycle_manager-21] [INFO] [1790234495.604291572] [lifecycle_manager_navigation]: [34m[1mActivating bt_navigator[0m[0m
[bt_navigator-16] [INFO] [1790234495.604858301] [bt_navigator]: Activating
[bt_navigator-16] [INFO] [1790234495.699058278] [bt_navigator]: Creating bond (bt_navigator) to lifecycle manager.
[lifecycle_manager-21] [INFO] [1790234495.807163085] [lifecycle_manager_navigation]: Server bt_navigator connected with bond.
[lifecycle_manager-21] [INFO] [1790234495.807198322] [lifecycle_manager_navigation]: [34m[1mActivating waypoint_follower[0m[0m
[waypoint_follower-17] [INFO] [1790234495.809025419] [waypoint_follower]: Activating
[waypoint_follower-17] [INFO] [1790234495.809060181] [waypoint_follower]: Creating bond (waypoint_follower) to lifecycle manager.
[lifecycle_manager-21] [INFO] [1790234495.920429811] [lifecycle_manager_navigation]: Server waypoint_follower connected with bond.
[lifecycle_manager-21] [INFO] [1790234495.920480058] [lifecycle_manager_navigation]: [34m[1mActivating docking_server[0m[0m
[opennav_docking-20] [INFO] [1790234495.920847876] [docking_server]: Activating docking_server
[opennav_docking-20] [INFO] [1790234495.936980703] [docking_server]: Creating bond (docking_server) to lifecycle manager.
[lifecycle_manager-21] [INFO] [1790234496.044877255] [lifecycle_manager_navigation]: Server docking_server connected with bond.
[lifecycle_manager-21] [INFO] [1790234496.044928150] [lifecycle_manager_navigation]: [34m[1mManaged nodes are active[0m[0m
[lifecycle_manager-21] [INFO] [1790234496.044940579] [lifecycle_manager_navigation]: [34m[1mCreating bond timer...[0m[0m
Nav2 active; kiem tra /clock lien tuc trong 5 giay...
[WARN] [1790234506.931417221] [rcl]: ROS_LOCALHOST_ONLY is deprecated but still honored if it is enabled. Use ROS_AUTOMATIC_DISCOVERY_RANGE and ROS_STATIC_PEERS instead.
[WARN] [1790234506.931459032] [rcl]: 'localhost_only' is enabled, 'automatic_discovery_range' and 'static_peers' will be ignored.
SLAM/Nav2 san sang; /clock on dinh, khong co buoc nhay lui trong 5 giay.

Starting MapEx on New Room...
Command: /usr/bin/python3 /home/com1/turtlebot4_project_r003_h031/mapex_lab/scripts/mapex_run.py --run-id mpx_p500_010 --environment new_room --runtime-profile slam --paper500 --save-predictions
Run hoan tat se tu dong dung exploration, SLAM, Nav2 va Gazebo.
Nhan Ctrl+C mot lan neu muon dung som.

[WARN] [1790234513.224139584] [rcl]: ROS_LOCALHOST_ONLY is deprecated but still honored if it is enabled. Use ROS_AUTOMATIC_DISCOVERY_RANGE and ROS_STATIC_PEERS instead.
[WARN] [1790234513.224170299] [rcl]: 'localhost_only' is enabled, 'automatic_discovery_range' and 'static_peers' will be ignored.
[INFO] [1790234514.057772766] [mapex_explorer]: Loading official MapEx LaMa ensemble...
[INFO] [1790234523.268214756] [mapex_explorer]: MapEx Explorer started (config=/home/com1/turtlebot4_project_r003_h031/mapex_lab/config/mapex.yaml, commit=53636bd1c79153acc3c74a532837d78c926bae5e, grid=0.10 m, visibility=20.0 m/250 rays, epsilon=0.80, preferred min distance=1.00 m, near fallback=all-frontiers-close, shared execution=nf_basic)
[INFO] [1790234523.268975012] [mapex_explorer]: MapEx G1: /work/com1/mapex_weights/weights/lama_ensemble/train_1/models/best.ckpt
[INFO] [1790234523.269544187] [mapex_explorer]: MapEx G2: /work/com1/mapex_weights/weights/lama_ensemble/train_2/models/best.ckpt
[INFO] [1790234523.270040239] [mapex_explorer]: MapEx G3: /work/com1/mapex_weights/weights/lama_ensemble/train_3/models/best.ckpt
[WARN] [1790234527.331746675] [mapex_explorer]: MAPEX RECORDING: env=new_room, profile=slam, output=/home/com1/turtlebot4_project_r003_h031/mapex_lab/experiments/mapex/mpx_p500_010
[WARN] [1790234531.032511237] [mapex_explorer]: MAPEX READY: Nav2 stable for >= 3.0s; benchmark clock will start at first frontier decision
[INFO] [1790234533.079785359] [mapex_explorer]: MapEx decision 1: selected x=-1.98, y=0.03, IG=66.656128, distance=1.98 m, score=33.581037, region=200, candidates=2, near_fallback=False, compute=1.99 s
[INFO] [1790234533.202547371] [mapex_explorer]: Main goal accepted
[bt_navigator-16] [INFO] [1790234533.203668843] [bt_navigator]: Begin navigating from current location (0.00, -0.00) to (-1.98, 0.03)
[controller_server-11] [INFO] [1790234533.227232798] [controller_server]: Received a goal, begin computing control effort.
[controller_server-11] [WARN] [1790234533.227296092] [controller_server]: No goal checker was specified in parameter 'current_goal_checker'. Server will use only plugin loaded general_goal_checker . This warning will appear once.
[controller_server-11] [WARN] [1790234533.227314581] [controller_server]: No progress checker was specified in parameter 'current_progress_checker'. Server will use only plugin loaded progress_checker . This warning will appear once.
[parameter_bridge-2] [INFO] [1790234533.271304383] [bridge_ros_gz]: Passing message from ROS geometry_msgs/msg/Twist to Gazebo gz.msgs.Twist (showing msg only once per type)
[INFO] [1790234533.430884694] [mapex_explorer]: Main /plan diagnostic: poses=38, endpoint=(-1.98, 0.03), frontier=(-1.98, 0.03), endpoint_to_frontier=0.000 m, limit=0.10 m -> usable
[rviz2-7] [INFO] [1790234534.025330722] [rviz2]: Trying to create a map of size 223 x 78 using 1 swatches
[controller_server-11] [INFO] [1790234534.038747197] [local_costmap.local_costmap]: StaticLayer: Resizing static layer to 223 X 78 at 0.100000 m/pix
[planner_server-13] [INFO] [1790234534.057796171] [global_costmap.global_costmap]: StaticLayer: Resizing costmap to 223 X 78 at 0.100000 m/pix
[INFO] [1790234534.234842623] [mapex_explorer]: Main /plan diagnostic: poses=34, endpoint=(-1.98, 0.03), frontier=(-1.98, 0.03), endpoint_to_frontier=0.000 m, limit=0.10 m -> usable
[controller_server-11] [INFO] [1790234534.294110351] [controller_server]: Passing new path to controller.
[rviz2-7] [INFO] [1790234535.019116126] [rviz2]: Trying to create a map of size 227 x 86 using 1 swatches
[controller_server-11] [INFO] [1790234535.038766434] [local_costmap.local_costmap]: StaticLayer: Resizing static layer to 227 X 86 at 0.100000 m/pix
[planner_server-13] [INFO] [1790234535.057632678] [global_costmap.global_costmap]: StaticLayer: Resizing costmap to 227 X 86 at 0.100000 m/pix
[INFO] [1790234535.249838541] [mapex_explorer]: Main /plan diagnostic: poses=27, endpoint=(-1.98, 0.03), frontier=(-1.98, 0.03), endpoint_to_frontier=0.000 m, limit=0.10 m -> usable
[controller_server-11] [INFO] [1790234535.294105212] [controller_server]: Passing new path to controller.
[rviz2-7] [INFO] [1790234536.010567811] [rviz2]: Trying to create a map of size 230 x 102 using 1 swatches
[controller_server-11] [INFO] [1790234536.038814449] [local_costmap.local_costmap]: StaticLayer: Resizing static layer to 230 X 102 at 0.100000 m/pix
[planner_server-13] [INFO] [1790234536.057661599] [global_costmap.global_costmap]: StaticLayer: Resizing costmap to 230 X 102 at 0.100000 m/pix
[INFO] [1790234536.283876737] [mapex_explorer]: Main /plan diagnostic: poses=21, endpoint=(-1.98, 0.03), frontier=(-1.98, 0.03), endpoint_to_frontier=0.000 m, limit=0.10 m -> usable
[controller_server-11] [INFO] [1790234536.360773499] [controller_server]: Passing new path to controller.
[rviz2-7] [INFO] [1790234537.018340854] [rviz2]: Trying to create a map of size 234 x 115 using 1 swatches
[controller_server-11] [INFO] [1790234537.038758589] [local_costmap.local_costmap]: StaticLayer: Resizing static layer to 234 X 115 at 0.100000 m/pix
[planner_server-13] [INFO] [1790234537.057606905] [global_costmap.global_costmap]: StaticLayer: Resizing costmap to 234 X 115 at 0.100000 m/pix
[INFO] [1790234537.310122493] [mapex_explorer]: Main /plan diagnostic: poses=15, endpoint=(-1.98, 0.03), frontier=(-1.98, 0.03), endpoint_to_frontier=0.000 m, limit=0.10 m -> usable
[controller_server-11] [INFO] [1790234537.360777718] [controller_server]: Passing new path to controller.
[rviz2-7] [INFO] [1790234538.012033743] [rviz2]: Trying to create a map of size 238 x 115 using 1 swatches
[controller_server-11] [INFO] [1790234538.038745484] [local_costmap.local_costmap]: StaticLayer: Resizing static layer to 238 X 115 at 0.100000 m/pix
[planner_server-13] [INFO] [1790234538.057596004] [global_costmap.global_costmap]: StaticLayer: Resizing costmap to 238 X 115 at 0.100000 m/pix
[controller_server-11] [INFO] [1790234538.360768522] [controller_server]: Passing new path to controller.
[INFO] [1790234538.402443071] [mapex_explorer]: Main /plan diagnostic: poses=8, endpoint=(-1.98, 0.03), frontier=(-1.98, 0.03), endpoint_to_frontier=0.000 m, limit=0.10 m -> usable
[controller_server-11] [INFO] [1790234538.762797631] [controller_server]: Reached the goal!
[controller_server-11] [INFO] [1790234538.763367830] [controller_server]: Optimizer reset
[bt_navigator-16] [INFO] [1790234538.784168926] [bt_navigator]: Goal succeeded
[INFO] [1790234538.786498945] [mapex_explorer]: Goal reached
[rviz2-7] [INFO] [1790234539.026646090] [rviz2]: Trying to create a map of size 239 x 115 using 1 swatches
[controller_server-11] [INFO] [1790234539.038744244] [local_costmap.local_costmap]: StaticLayer: Resizing static layer to 239 X 115 at 0.100000 m/pix
[planner_server-13] [INFO] [1790234539.057606413] [global_costmap.global_costmap]: StaticLayer: Resizing costmap to 239 X 115 at 0.100000 m/pix
[INFO] [1790234542.507373185] [mapex_explorer]: MapEx decision 2: selected x=-3.17, y=1.71, IG=37.029945, distance=2.25 m, score=16.450066, region=19, candidates=16, near_fallback=False, compute=3.47 s
[bt_navigator-16] [INFO] [1790234542.510271672] [bt_navigator]: Begin navigating from current location (-1.66, 0.05) to (-3.17, 1.71)
[controller_server-11] [INFO] [1790234542.531451121] [controller_server]: Received a goal, begin computing control effort.
[INFO] [1790234542.612888789] [mapex_explorer]: Main goal accepted
[INFO] [1790234542.678509649] [mapex_explorer]: Main /plan diagnostic: poses=55, endpoint=(-3.17, 1.71), frontier=(-3.17, 1.71), endpoint_to_frontier=0.000 m, limit=0.10 m -> usable
[INFO] [1790234543.553569682] [mapex_explorer]: Main /plan diagnostic: poses=54, endpoint=(-3.17, 1.71), frontier=(-3.17, 1.71), endpoint_to_frontier=0.000 m, limit=0.10 m -> usable
[controller_server-11] [INFO] [1790234543.598361290] [controller_server]: Passing new path to controller.
[INFO] [1790234544.574770955] [mapex_explorer]: Main /plan diagnostic: poses=55, endpoint=(-3.17, 1.71), frontier=(-3.17, 1.71), endpoint_to_frontier=0.000 m, limit=0.10 m -> usable
[controller_server-11] [INFO] [1790234544.598314135] [controller_server]: Passing new path to controller.
[INFO] [1790234545.598517181] [mapex_explorer]: Main /plan diagnostic: poses=49, endpoint=(-3.17, 1.71), frontier=(-3.17, 1.71), endpoint_to_frontier=0.000 m, limit=0.10 m -> usable
[controller_server-11] [INFO] [1790234545.664984179] [controller_server]: Passing new path to controller.
[INFO] [1790234546.619251351] [mapex_explorer]: Main /plan diagnostic: poses=35, endpoint=(-3.17, 1.71), frontier=(-3.17, 1.71), endpoint_to_frontier=0.000 m, limit=0.10 m -> usable
[controller_server-11] [INFO] [1790234546.664997560] [controller_server]: Passing new path to controller.
[rviz2-7] [INFO] [1790234547.024024640] [rviz2]: Trying to create a map of size 239 x 140 using 1 swatches
[controller_server-11] [INFO] [1790234547.038757693] [local_costmap.local_costmap]: StaticLayer: Resizing static layer to 239 X 140 at 0.100000 m/pix
[planner_server-13] [INFO] [1790234547.057640520] [global_costmap.global_costmap]: StaticLayer: Resizing costmap to 239 X 140 at 0.100000 m/pix
[INFO] [1790234547.651448624] [mapex_explorer]: Main /plan diagnostic: poses=28, endpoint=(-3.17, 1.71), frontier=(-3.17, 1.71), endpoint_to_frontier=0.000 m, limit=0.10 m -> usable
[controller_server-11] [INFO] [1790234547.664988568] [controller_server]: Passing new path to controller.
[rviz2-7] [INFO] [1790234548.033864936] [rviz2]: Trying to create a map of size 239 x 141 using 1 swatches
[controller_server-11] [INFO] [1790234548.038746203] [local_costmap.local_costmap]: StaticLayer: Resizing static layer to 239 X 141 at 0.100000 m/pix
[planner_server-13] [INFO] [1790234548.057613007] [global_costmap.global_costmap]: StaticLayer: Resizing costmap to 239 X 141 at 0.100000 m/pix
[INFO] [1790234548.669391856] [mapex_explorer]: Main /plan diagnostic: poses=18, endpoint=(-3.17, 1.71), frontier=(-3.17, 1.71), endpoint_to_frontier=0.000 m, limit=0.10 m -> usable
[controller_server-11] [INFO] [1790234548.731659958] [controller_server]: Passing new path to controller.
[controller_server-11] [INFO] [1790234549.039095859] [local_costmap.local_costmap]: StaticLayer: Resizing static layer to 239 X 141 at 0.100000 m/pix
[planner_server-13] [INFO] [1790234549.057610076] [global_costmap.global_costmap]: StaticLayer: Resizing costmap to 239 X 141 at 0.100000 m/pix
[INFO] [1790234549.676378584] [mapex_explorer]: Main /plan diagnostic: poses=14, endpoint=(-3.17, 1.71), frontier=(-3.17, 1.71), endpoint_to_frontier=0.000 m, limit=0.10 m -> usable
[controller_server-11] [INFO] [1790234549.734141867] [controller_server]: Passing new path to controller.
[rviz2-7] [INFO] [1790234550.005864732] [rviz2]: Trying to create a map of size 239 x 142 using 1 swatches
[controller_server-11] [INFO] [1790234550.038738347] [local_costmap.local_costmap]: StaticLayer: Resizing static layer to 239 X 142 at 0.100000 m/pix
[planner_server-13] [INFO] [1790234550.057597158] [global_costmap.global_costmap]: StaticLayer: Resizing costmap to 239 X 142 at 0.100000 m/pix
[INFO] [1790234550.708929959] [mapex_explorer]: Main /plan diagnostic: poses=10, endpoint=(-3.17, 1.71), frontier=(-3.17, 1.71), endpoint_to_frontier=0.000 m, limit=0.10 m -> usable
[controller_server-11] [INFO] [1790234550.731646524] [controller_server]: Passing new path to controller.
[controller_server-11] [INFO] [1790234551.201269668] [controller_server]: Reached the goal!
[controller_server-11] [INFO] [1790234551.201481649] [controller_server]: Optimizer reset
[bt_navigator-16] [INFO] [1790234551.230676607] [bt_navigator]: Goal succeeded
[INFO] [1790234551.232671638] [mapex_explorer]: Goal reached
[INFO] [1790234555.599050437] [mapex_explorer]: MapEx decision 3: selected x=-8.57, y=1.86, IG=78.312302, distance=5.69 m, score=13.768586, region=131, candidates=17, near_fallback=False, compute=3.56 s
[bt_navigator-16] [INFO] [1790234555.600596377] [bt_navigator]: Begin navigating from current location (-2.88, 1.86) to (-8.57, 1.86)
[controller_server-11] [INFO] [1790234555.621359497] [controller_server]: Received a goal, begin computing control effort.
[INFO] [1790234555.714268852] [mapex_explorer]: Main goal accepted
[INFO] [1790234555.904355440] [mapex_explorer]: Main /plan diagnostic: poses=179, endpoint=(-8.57, 1.86), frontier=(-8.57, 1.86), endpoint_to_frontier=0.000 m, limit=0.10 m -> usable
[INFO] [1790234556.643941625] [mapex_explorer]: Main /plan diagnostic: poses=171, endpoint=(-8.57, 1.86), frontier=(-8.57, 1.86), endpoint_to_frontier=0.000 m, limit=0.10 m -> usable
[controller_server-11] [INFO] [1790234556.688182902] [controller_server]: Passing new path to controller.
[INFO] [1790234557.678800876] [mapex_explorer]: Main /plan diagnostic: poses=165, endpoint=(-8.57, 1.86), frontier=(-8.57, 1.86), endpoint_to_frontier=0.000 m, limit=0.10 m -> usable
[controller_server-11] [INFO] [1790234557.688295716] [controller_server]: Passing new path to controller.
[INFO] [1790234558.703089517] [mapex_explorer]: Main /plan diagnostic: poses=164, endpoint=(-8.57, 1.86), frontier=(-8.57, 1.86), endpoint_to_frontier=0.000 m, limit=0.10 m -> usable
[controller_server-11] [INFO] [1790234558.755194630] [controller_server]: Passing new path to controller.
[INFO] [1790234559.742642217] [mapex_explorer]: Main /plan diagnostic: poses=165, endpoint=(-8.57, 1.86), frontier=(-8.57, 1.86), endpoint_to_frontier=0.000 m, limit=0.10 m -> usable
[controller_server-11] [INFO] [1790234559.754845565] [controller_server]: Passing new path to controller.
[INFO] [1790234560.763887000] [mapex_explorer]: Main /plan diagnostic: poses=161, endpoint=(-8.57, 1.86), frontier=(-8.57, 1.86), endpoint_to_frontier=0.000 m, limit=0.10 m -> usable
[controller_server-11] [INFO] [1790234560.821505988] [controller_server]: Passing new path to controller.
[INFO] [1790234561.779755731] [mapex_explorer]: Main /plan diagnostic: poses=149, endpoint=(-8.57, 1.86), frontier=(-8.57, 1.86), endpoint_to_frontier=0.000 m, limit=0.10 m -> usable
[controller_server-11] [INFO] [1790234561.821509750] [controller_server]: Passing new path to controller.
[controller_server-11] [INFO] [1790234562.038721362] [local_costmap.local_costmap]: StaticLayer: Resizing static layer to 239 X 142 at 0.100000 m/pix
[planner_server-13] [INFO] [1790234562.058479890] [global_costmap.global_costmap]: StaticLayer: Resizing costmap to 239 X 142 at 0.100000 m/pix
[INFO] [1790234562.809712066] [mapex_explorer]: Main /plan diagnostic: poses=140, endpoint=(-8.57, 1.86), frontier=(-8.57, 1.86), endpoint_to_frontier=0.000 m, limit=0.10 m -> usable
[controller_server-11] [INFO] [1790234562.888171993] [controller_server]: Passing new path to controller.
[INFO] [1790234563.838810683] [mapex_explorer]: Main /plan diagnostic: poses=131, endpoint=(-8.57, 1.86), frontier=(-8.57, 1.86), endpoint_to_frontier=0.000 m, limit=0.10 m -> usable
[controller_server-11] [INFO] [1790234563.888219282] [controller_server]: Passing new path to controller.
[rviz2-7] [INFO] [1790234564.037400200] [rviz2]: Trying to create a map of size 240 x 142 using 1 swatches
[controller_server-11] [INFO] [1790234564.038848828] [local_costmap.local_costmap]: StaticLayer: Resizing static layer to 240 X 142 at 0.100000 m/pix
[planner_server-13] [INFO] [1790234564.057608243] [global_costmap.global_costmap]: StaticLayer: Resizing costmap to 240 X 142 at 0.100000 m/pix
[INFO] [1790234564.861071900] [mapex_explorer]: Main /plan diagnostic: poses=120, endpoint=(-8.57, 1.86), frontier=(-8.57, 1.86), endpoint_to_frontier=0.000 m, limit=0.10 m -> usable
[controller_server-11] [INFO] [1790234564.888170906] [controller_server]: Passing new path to controller.
[rviz2-7] [INFO] [1790234565.005439591] [rviz2]: Trying to create a map of size 240 x 174 using 1 swatches
[controller_server-11] [INFO] [1790234565.038785427] [local_costmap.local_costmap]: StaticLayer: Resizing static layer to 240 X 174 at 0.100000 m/pix
[planner_server-13] [INFO] [1790234565.057703182] [global_costmap.global_costmap]: StaticLayer: Resizing costmap to 240 X 174 at 0.100000 m/pix
[INFO] [1790234565.892249219] [mapex_explorer]: Main /plan diagnostic: poses=109, endpoint=(-8.57, 1.86), frontier=(-8.57, 1.86), endpoint_to_frontier=0.000 m, limit=0.10 m -> usable
[controller_server-11] [INFO] [1790234565.954845274] [controller_server]: Passing new path to controller.
[controller_server-11] [INFO] [1790234566.038783807] [local_costmap.local_costmap]: StaticLayer: Resizing static layer to 240 X 176 at 0.100000 m/pix
[rviz2-7] [INFO] [1790234566.048015888] [rviz2]: Trying to create a map of size 240 x 176 using 1 swatches
[planner_server-13] [INFO] [1790234566.057715144] [global_costmap.global_costmap]: StaticLayer: Resizing costmap to 240 X 176 at 0.100000 m/pix
[INFO] [1790234566.921153490] [mapex_explorer]: Main /plan diagnostic: poses=104, endpoint=(-8.57, 1.86), frontier=(-8.57, 1.86), endpoint_to_frontier=0.000 m, limit=0.10 m -> usable
[controller_server-11] [INFO] [1790234566.954838363] [controller_server]: Passing new path to controller.
[INFO] [1790234567.958981747] [mapex_explorer]: Main /plan diagnostic: poses=100, endpoint=(-8.57, 1.86), frontier=(-8.57, 1.86), endpoint_to_frontier=0.000 m, limit=0.10 m -> usable
[controller_server-11] [INFO] [1790234568.021507357] [controller_server]: Passing new path to controller.
[INFO] [1790234568.983646738] [mapex_explorer]: Main /plan diagnostic: poses=94, endpoint=(-8.57, 1.86), frontier=(-8.57, 1.86), endpoint_to_frontier=0.000 m, limit=0.10 m -> usable
[controller_server-11] [INFO] [1790234569.021505628] [controller_server]: Passing new path to controller.
[INFO] [1790234570.003792145] [mapex_explorer]: Main /plan diagnostic: poses=89, endpoint=(-8.57, 1.86), frontier=(-8.57, 1.86), endpoint_to_frontier=0.000 m, limit=0.10 m -> usable
[controller_server-11] [INFO] [1790234570.021503607] [controller_server]: Passing new path to controller.
[rviz2-7] [INFO] [1790234570.026559865] [rviz2]: Trying to create a map of size 240 x 178 using 1 swatches
[controller_server-11] [INFO] [1790234570.039298435] [local_costmap.local_costmap]: StaticLayer: Resizing static layer to 240 X 178 at 0.100000 m/pix
[planner_server-13] [INFO] [1790234570.057651718] [global_costmap.global_costmap]: StaticLayer: Resizing costmap to 240 X 178 at 0.100000 m/pix
[INFO] [1790234571.029823868] [mapex_explorer]: Main /plan diagnostic: poses=77, endpoint=(-8.57, 1.86), frontier=(-8.57, 1.86), endpoint_to_frontier=0.000 m, limit=0.10 m -> usable
[controller_server-11] [INFO] [1790234571.038738502] [local_costmap.local_costmap]: StaticLayer: Resizing static layer to 240 X 179 at 0.100000 m/pix
[rviz2-7] [INFO] [1790234571.043059701] [rviz2]: Trying to create a map of size 240 x 179 using 1 swatches
[planner_server-13] [INFO] [1790234571.057623994] [global_costmap.global_costmap]: StaticLayer: Resizing costmap to 240 X 179 at 0.100000 m/pix
[controller_server-11] [INFO] [1790234571.088191641] [controller_server]: Passing new path to controller.
[INFO] [1790234572.049090379] [mapex_explorer]: Main /plan diagnostic: poses=72, endpoint=(-8.57, 1.86), frontier=(-8.57, 1.86), endpoint_to_frontier=0.000 m, limit=0.10 m -> usable
[controller_server-11] [INFO] [1790234572.088169764] [controller_server]: Passing new path to controller.
[INFO] [1790234573.075874804] [mapex_explorer]: Main /plan diagnostic: poses=64, endpoint=(-8.57, 1.86), frontier=(-8.57, 1.86), endpoint_to_frontier=0.000 m, limit=0.10 m -> usable
[controller_server-11] [INFO] [1790234573.088219902] [controller_server]: Passing new path to controller.
[controller_server-11] [INFO] [1790234574.038744511] [local_costmap.local_costmap]: StaticLayer: Resizing static layer to 240 X 179 at 0.100000 m/pix
[planner_server-13] [INFO] [1790234574.057611254] [global_costmap.global_costmap]: StaticLayer: Resizing costmap to 240 X 179 at 0.100000 m/pix
[INFO] [1790234574.090397947] [mapex_explorer]: Main /plan diagnostic: poses=55, endpoint=(-8.57, 1.86), frontier=(-8.57, 1.86), endpoint_to_frontier=0.000 m, limit=0.10 m -> usable
[controller_server-11] [INFO] [1790234574.154846568] [controller_server]: Passing new path to controller.
[INFO] [1790234575.099890367] [mapex_explorer]: Main /plan diagnostic: poses=46, endpoint=(-8.57, 1.86), frontier=(-8.57, 1.86), endpoint_to_frontier=0.000 m, limit=0.10 m -> usable
[controller_server-11] [INFO] [1790234575.154849854] [controller_server]: Passing new path to controller.
[controller_server-11] [INFO] [1790234576.040762619] [local_costmap.local_costmap]: StaticLayer: Resizing static layer to 240 X 179 at 0.100000 m/pix
[planner_server-13] [INFO] [1790234576.057640815] [global_costmap.global_costmap]: StaticLayer: Resizing costmap to 240 X 179 at 0.100000 m/pix
[INFO] [1790234576.138238849] [mapex_explorer]: Main /plan diagnostic: poses=36, endpoint=(-8.57, 1.86), frontier=(-8.57, 1.86), endpoint_to_frontier=0.000 m, limit=0.10 m -> usable
[controller_server-11] [INFO] [1790234576.154836451] [controller_server]: Passing new path to controller.
[controller_server-11] [INFO] [1790234577.038837369] [local_costmap.local_costmap]: StaticLayer: Resizing static layer to 240 X 179 at 0.100000 m/pix
[planner_server-13] [INFO] [1790234577.057645811] [global_costmap.global_costmap]: StaticLayer: Resizing costmap to 240 X 179 at 0.100000 m/pix
[INFO] [1790234577.159853926] [mapex_explorer]: Main /plan diagnostic: poses=28, endpoint=(-8.57, 1.86), frontier=(-8.57, 1.86), endpoint_to_frontier=0.000 m, limit=0.10 m -> usable
[controller_server-11] [INFO] [1790234577.221531818] [controller_server]: Passing new path to controller.
[INFO] [1790234578.173691544] [mapex_explorer]: Main /plan diagnostic: poses=20, endpoint=(-8.57, 1.86), frontier=(-8.57, 1.86), endpoint_to_frontier=0.000 m, limit=0.10 m -> usable
[controller_server-11] [INFO] [1790234578.222269663] [controller_server]: Passing new path to controller.
[INFO] [1790234579.187545901] [mapex_explorer]: Main /plan diagnostic: poses=14, endpoint=(-8.57, 1.86), frontier=(-8.57, 1.86), endpoint_to_frontier=0.000 m, limit=0.10 m -> usable
[controller_server-11] [INFO] [1790234579.221778844] [controller_server]: Passing new path to controller.
[INFO] [1790234580.220805906] [mapex_explorer]: Main /plan diagnostic: poses=10, endpoint=(-8.57, 1.86), frontier=(-8.57, 1.86), endpoint_to_frontier=0.000 m, limit=0.10 m -> usable
[controller_server-11] [INFO] [1790234580.288593131] [controller_server]: Passing new path to controller.
[controller_server-11] [INFO] [1790234580.690746715] [controller_server]: Reached the goal!
[controller_server-11] [INFO] [1790234580.691052656] [controller_server]: Optimizer reset
[bt_navigator-16] [INFO] [1790234580.711114791] [bt_navigator]: Goal succeeded
[INFO] [1790234580.716018962] [mapex_explorer]: Goal reached
[INFO] [1790234587.529134654] [mapex_explorer]: MapEx decision 4: selected x=-11.21, y=0.54, IG=64.563980, distance=3.27 m, score=19.774050, region=54, candidates=24, near_fallback=False, compute=6.49 s
[bt_navigator-16] [INFO] [1790234587.531284627] [bt_navigator]: Begin navigating from current location (-8.26, 1.94) to (-11.21, 0.54)
[controller_server-11] [INFO] [1790234587.552105066] [controller_server]: Received a goal, begin computing control effort.
[INFO] [1790234587.650430283] [mapex_explorer]: Main goal accepted
[INFO] [1790234587.812514360] [mapex_explorer]: Main /plan diagnostic: poses=73, endpoint=(-11.21, 0.54), frontier=(-11.21, 0.54), endpoint_to_frontier=0.000 m, limit=0.10 m -> usable
[INFO] [1790234588.561263272] [mapex_explorer]: Main /plan diagnostic: poses=69, endpoint=(-11.21, 0.54), frontier=(-11.21, 0.54), endpoint_to_frontier=0.000 m, limit=0.10 m -> usable
[controller_server-11] [INFO] [1790234588.618976659] [controller_server]: Passing new path to controller.
[INFO] [1790234589.582320883] [mapex_explorer]: Main /plan diagnostic: poses=61, endpoint=(-11.21, 0.54), frontier=(-11.21, 0.54), endpoint_to_frontier=0.000 m, limit=0.10 m -> usable
[controller_server-11] [INFO] [1790234589.621723395] [controller_server]: Passing new path to controller.
[INFO] [1790234590.591930144] [mapex_explorer]: Main /plan diagnostic: poses=56, endpoint=(-11.21, 0.54), frontier=(-11.21, 0.54), endpoint_to_frontier=0.000 m, limit=0.10 m -> usable
[controller_server-11] [INFO] [1790234590.618985124] [controller_server]: Passing new path to controller.
[controller_server-11] [INFO] [1790234591.038752524] [local_costmap.local_costmap]: StaticLayer: Resizing static layer to 240 X 179 at 0.100000 m/pix
[planner_server-13] [INFO] [1790234591.057607021] [global_costmap.global_costmap]: StaticLayer: Resizing costmap to 240 X 179 at 0.100000 m/pix
[INFO] [1790234591.618726903] [mapex_explorer]: Main /plan diagnostic: poses=47, endpoint=(-11.21, 0.54), frontier=(-11.21, 0.54), endpoint_to_frontier=0.000 m, limit=0.10 m -> usable
[controller_server-11] [INFO] [1790234591.685713035] [controller_server]: Passing new path to controller.
[controller_server-11] [INFO] [1790234592.038759899] [local_costmap.local_costmap]: StaticLayer: Resizing static layer to 240 X 179 at 0.100000 m/pix
[planner_server-13] [INFO] [1790234592.057614224] [global_costmap.global_costmap]: StaticLayer: Resizing costmap to 240 X 179 at 0.100000 m/pix
[INFO] [1790234592.638728236] [mapex_explorer]: Main /plan diagnostic: poses=39, endpoint=(-11.21, 0.54), frontier=(-11.21, 0.54), endpoint_to_frontier=0.000 m, limit=0.10 m -> usable
[controller_server-11] [INFO] [1790234592.686614407] [controller_server]: Passing new path to controller.
[INFO] [1790234593.671454270] [mapex_explorer]: Main /plan diagnostic: poses=31, endpoint=(-11.21, 0.54), frontier=(-11.21, 0.54), endpoint_to_frontier=0.000 m, limit=0.10 m -> usable
[controller_server-11] [INFO] [1790234593.685731967] [controller_server]: Passing new path to controller.
[INFO] [1790234594.692853169] [mapex_explorer]: Main /plan diagnostic: poses=23, endpoint=(-11.21, 0.54), frontier=(-11.21, 0.54), endpoint_to_frontier=0.000 m, limit=0.10 m -> usable
[controller_server-11] [INFO] [1790234594.752304962] [controller_server]: Passing new path to controller.
[INFO] [1790234595.697511757] [mapex_explorer]: Main /plan diagnostic: poses=17, endpoint=(-11.21, 0.54), frontier=(-11.21, 0.54), endpoint_to_frontier=0.000 m, limit=0.10 m -> usable
[controller_server-11] [INFO] [1790234595.752510389] [controller_server]: Passing new path to controller.
[INFO] [1790234596.727404897] [mapex_explorer]: Main /plan diagnostic: poses=12, endpoint=(-11.21, 0.54), frontier=(-11.21, 0.54), endpoint_to_frontier=0.000 m, limit=0.10 m -> usable
[controller_server-11] [INFO] [1790234596.752317244] [controller_server]: Passing new path to controller.
[INFO] [1790234597.756386835] [mapex_explorer]: Main /plan diagnostic: poses=9, endpoint=(-11.21, 0.54), frontier=(-11.21, 0.54), endpoint_to_frontier=0.000 m, limit=0.10 m -> usable
[controller_server-11] [INFO] [1790234597.818982111] [controller_server]: Passing new path to controller.
[controller_server-11] [INFO] [1790234598.154938087] [controller_server]: Reached the goal!
[controller_server-11] [INFO] [1790234598.156572551] [controller_server]: Optimizer reset
[bt_navigator-16] [INFO] [1790234598.181864440] [bt_navigator]: Goal succeeded
[INFO] [1790234598.185231571] [mapex_explorer]: Goal reached
[INFO] [1790234605.153273192] [mapex_explorer]: MapEx decision 5: selected x=-10.73, y=-2.76, IG=33.411621, distance=3.21 m, score=10.408389, region=100, candidates=24, near_fallback=False, compute=6.12 s
[bt_navigator-16] [INFO] [1790234605.155112754] [bt_navigator]: Begin navigating from current location (-10.88, 0.45) to (-10.73, -2.76)
[controller_server-11] [INFO] [1790234605.176025809] [controller_server]: Received a goal, begin computing control effort.
[INFO] [1790234605.273550094] [mapex_explorer]: Main goal accepted
[INFO] [1790234605.436296442] [mapex_explorer]: Main /plan diagnostic: poses=303, endpoint=(-10.73, -2.76), frontier=(-10.73, -2.76), endpoint_to_frontier=0.000 m, limit=0.10 m -> usable
[INFO] [1790234606.205624503] [mapex_explorer]: Main /plan diagnostic: poses=269, endpoint=(-10.73, -2.76), frontier=(-10.73, -2.76), endpoint_to_frontier=0.000 m, limit=0.10 m -> usable
[controller_server-11] [INFO] [1790234606.242946312] [controller_server]: Passing new path to controller.
[INFO] [1790234607.238503456] [mapex_explorer]: Main /plan diagnostic: poses=267, endpoint=(-10.73, -2.76), frontier=(-10.73, -2.76), endpoint_to_frontier=0.000 m, limit=0.10 m -> usable
[controller_server-11] [INFO] [1790234607.244576009] [controller_server]: Passing new path to controller.
[INFO] [1790234608.265319492] [mapex_explorer]: Main /plan diagnostic: poses=265, endpoint=(-10.73, -2.76), frontier=(-10.73, -2.76), endpoint_to_frontier=0.000 m, limit=0.10 m -> usable
[controller_server-11] [INFO] [1790234608.309613675] [controller_server]: Passing new path to controller.
[INFO] [1790234609.283974467] [mapex_explorer]: Main /plan diagnostic: poses=265, endpoint=(-10.73, -2.76), frontier=(-10.73, -2.76), endpoint_to_frontier=0.000 m, limit=0.10 m -> usable
[controller_server-11] [INFO] [1790234609.309611259] [controller_server]: Passing new path to controller.
[INFO] [1790234610.317779542] [mapex_explorer]: Main /plan diagnostic: poses=259, endpoint=(-10.73, -2.76), frontier=(-10.73, -2.76), endpoint_to_frontier=0.000 m, limit=0.10 m -> usable
[controller_server-11] [INFO] [1790234610.376283081] [controller_server]: Passing new path to controller.
[INFO] [1790234611.347295782] [mapex_explorer]: Main /plan diagnostic: poses=251, endpoint=(-10.73, -2.76), frontier=(-10.73, -2.76), endpoint_to_frontier=0.000 m, limit=0.10 m -> usable
[controller_server-11] [INFO] [1790234611.376602231] [controller_server]: Passing new path to controller.
[INFO] [1790234612.403996473] [mapex_explorer]: Main /plan diagnostic: poses=263, endpoint=(-10.73, -2.76), frontier=(-10.73, -2.76), endpoint_to_frontier=0.000 m, limit=0.10 m -> usable
[controller_server-11] [INFO] [1790234612.442943665] [controller_server]: Passing new path to controller.
[INFO] [1790234613.422393382] [mapex_explorer]: Main /plan diagnostic: poses=229, endpoint=(-10.73, -2.76), frontier=(-10.73, -2.76), endpoint_to_frontier=0.000 m, limit=0.10 m -> usable
[controller_server-11] [INFO] [1790234613.443250529] [controller_server]: Passing new path to controller.
[INFO] [1790234614.431909961] [mapex_explorer]: Main /plan diagnostic: poses=222, endpoint=(-10.73, -2.76), frontier=(-10.73, -2.76), endpoint_to_frontier=0.000 m, limit=0.10 m -> usable
[controller_server-11] [INFO] [1790234614.442958933] [controller_server]: Passing new path to controller.
[INFO] [1790234615.464598777] [mapex_explorer]: Main /plan diagnostic: poses=233, endpoint=(-10.73, -2.76), frontier=(-10.73, -2.76), endpoint_to_frontier=0.000 m, limit=0.10 m -> usable
[controller_server-11] [INFO] [1790234615.509611714] [controller_server]: Passing new path to controller.
[INFO] [1790234616.497619235] [mapex_explorer]: Main /plan diagnostic: poses=224, endpoint=(-10.73, -2.76), frontier=(-10.73, -2.76), endpoint_to_frontier=0.000 m, limit=0.10 m -> usable
[controller_server-11] [INFO] [1790234616.509611175] [controller_server]: Passing new path to controller.
[INFO] [1790234617.520552311] [mapex_explorer]: Main /plan diagnostic: poses=216, endpoint=(-10.73, -2.76), frontier=(-10.73, -2.76), endpoint_to_frontier=0.000 m, limit=0.10 m -> usable
[controller_server-11] [INFO] [1790234617.576584587] [controller_server]: Passing new path to controller.
[INFO] [1790234618.547792560] [mapex_explorer]: Main /plan diagnostic: poses=208, endpoint=(-10.73, -2.76), frontier=(-10.73, -2.76), endpoint_to_frontier=0.000 m, limit=0.10 m -> usable
[controller_server-11] [INFO] [1790234618.576563432] [controller_server]: Passing new path to controller.
[INFO] [1790234619.561008404] [mapex_explorer]: Main /plan diagnostic: poses=197, endpoint=(-10.73, -2.76), frontier=(-10.73, -2.76), endpoint_to_frontier=0.000 m, limit=0.10 m -> usable
[controller_server-11] [INFO] [1790234619.576403735] [controller_server]: Passing new path to controller.
[INFO] [1790234620.592231179] [mapex_explorer]: Main /plan diagnostic: poses=169, endpoint=(-10.73, -2.76), frontier=(-10.73, -2.76), endpoint_to_frontier=0.000 m, limit=0.10 m -> usable
[controller_server-11] [INFO] [1790234620.642954751] [controller_server]: Passing new path to controller.
[INFO] [1790234621.616443971] [mapex_explorer]: Main /plan diagnostic: poses=159, endpoint=(-10.73, -2.76), frontier=(-10.73, -2.76), endpoint_to_frontier=0.000 m, limit=0.10 m -> usable
[controller_server-11] [INFO] [1790234621.642998616] [controller_server]: Passing new path to controller.
[INFO] [1790234622.647262212] [mapex_explorer]: Main /plan diagnostic: poses=171, endpoint=(-10.73, -2.76), frontier=(-10.73, -2.76), endpoint_to_frontier=0.000 m, limit=0.10 m -> usable
[controller_server-11] [INFO] [1790234622.709629202] [controller_server]: Passing new path to controller.
[INFO] [1790234623.659558792] [mapex_explorer]: Main /plan diagnostic: poses=142, endpoint=(-10.73, -2.76), frontier=(-10.73, -2.76), endpoint_to_frontier=0.000 m, limit=0.10 m -> usable
[controller_server-11] [INFO] [1790234623.709635134] [controller_server]: Passing new path to controller.
[INFO] [1790234624.678197658] [mapex_explorer]: Main /plan diagnostic: poses=169, endpoint=(-10.73, -2.76), frontier=(-10.73, -2.76), endpoint_to_frontier=0.000 m, limit=0.10 m -> usable
[controller_server-11] [INFO] [1790234624.710275279] [controller_server]: Passing new path to controller.
[INFO] [1790234625.700253095] [mapex_explorer]: Main /plan diagnostic: poses=179, endpoint=(-10.73, -2.76), frontier=(-10.73, -2.76), endpoint_to_frontier=0.000 m, limit=0.10 m -> usable
[controller_server-11] [INFO] [1790234625.709624569] [controller_server]: Passing new path to controller.
[INFO] [1790234626.725181566] [mapex_explorer]: Main /plan diagnostic: poses=126, endpoint=(-10.73, -2.76), frontier=(-10.73, -2.76), endpoint_to_frontier=0.000 m, limit=0.10 m -> usable
[controller_server-11] [INFO] [1790234626.776297892] [controller_server]: Passing new path to controller.
[INFO] [1790234627.736852112] [mapex_explorer]: Main /plan diagnostic: poses=110, endpoint=(-10.73, -2.76), frontier=(-10.73, -2.76), endpoint_to_frontier=0.000 m, limit=0.10 m -> usable
[controller_server-11] [INFO] [1790234627.776385103] [controller_server]: Passing new path to controller.
[INFO] [1790234628.758428879] [mapex_explorer]: Main /plan diagnostic: poses=102, endpoint=(-10.73, -2.76), frontier=(-10.73, -2.76), endpoint_to_frontier=0.000 m, limit=0.10 m -> usable
[controller_server-11] [INFO] [1790234628.776288581] [controller_server]: Passing new path to controller.
[controller_server-11] [INFO] [1790234629.038758064] [local_costmap.local_costmap]: StaticLayer: Resizing static layer to 240 X 180 at 0.100000 m/pix
[rviz2-7] [INFO] [1790234629.042629865] [rviz2]: Trying to create a map of size 240 x 180 using 1 swatches
[planner_server-13] [INFO] [1790234629.057668866] [global_costmap.global_costmap]: StaticLayer: Resizing costmap to 240 X 180 at 0.100000 m/pix
[INFO] [1790234629.788740539] [mapex_explorer]: Main /plan diagnostic: poses=91, endpoint=(-10.73, -2.76), frontier=(-10.73, -2.76), endpoint_to_frontier=0.000 m, limit=0.10 m -> usable
[controller_server-11] [INFO] [1790234629.842953062] [controller_server]: Passing new path to controller.
[controller_server-11] [INFO] [1790234630.038729780] [local_costmap.local_costmap]: StaticLayer: Resizing static layer to 240 X 199 at 0.100000 m/pix
[planner_server-13] [INFO] [1790234630.058031802] [global_costmap.global_costmap]: StaticLayer: Resizing costmap to 240 X 199 at 0.100000 m/pix
[rviz2-7] [INFO] [1790234630.064478864] [rviz2]: Trying to create a map of size 240 x 199 using 1 swatches
[INFO] [1790234630.808114552] [mapex_explorer]: Main /plan diagnostic: poses=81, endpoint=(-10.73, -2.76), frontier=(-10.73, -2.76), endpoint_to_frontier=0.000 m, limit=0.10 m -> usable
[controller_server-11] [INFO] [1790234630.842958527] [controller_server]: Passing new path to controller.
[controller_server-11] [INFO] [1790234631.038733972] [local_costmap.local_costmap]: StaticLayer: Resizing static layer to 240 X 199 at 0.100000 m/pix
[planner_server-13] [INFO] [1790234631.057746471] [global_costmap.global_costmap]: StaticLayer: Resizing costmap to 240 X 199 at 0.100000 m/pix
[INFO] [1790234631.834189986] [mapex_explorer]: Main /plan diagnostic: poses=74, endpoint=(-10.73, -2.76), frontier=(-10.73, -2.76), endpoint_to_frontier=0.000 m, limit=0.10 m -> usable
[controller_server-11] [INFO] [1790234631.909614511] [controller_server]: Passing new path to controller.
[INFO] [1790234632.862558337] [mapex_explorer]: Main /plan diagnostic: poses=65, endpoint=(-10.73, -2.76), frontier=(-10.73, -2.76), endpoint_to_frontier=0.000 m, limit=0.10 m -> usable
[controller_server-11] [INFO] [1790234632.909615825] [controller_server]: Passing new path to controller.
[INFO] [1790234633.895325850] [mapex_explorer]: Main /plan diagnostic: poses=55, endpoint=(-10.73, -2.76), frontier=(-10.73, -2.76), endpoint_to_frontier=0.000 m, limit=0.10 m -> usable
[controller_server-11] [INFO] [1790234633.909608113] [controller_server]: Passing new path to controller.
[controller_server-11] [INFO] [1790234634.038733151] [local_costmap.local_costmap]: StaticLayer: Resizing static layer to 240 X 199 at 0.100000 m/pix
[planner_server-13] [INFO] [1790234634.057636530] [global_costmap.global_costmap]: StaticLayer: Resizing costmap to 240 X 199 at 0.100000 m/pix
[INFO] [1790234634.916227608] [mapex_explorer]: Main /plan diagnostic: poses=45, endpoint=(-10.73, -2.76), frontier=(-10.73, -2.76), endpoint_to_frontier=0.000 m, limit=0.10 m -> usable
[controller_server-11] [INFO] [1790234634.976282985] [controller_server]: Passing new path to controller.
[INFO] [1790234635.934417790] [mapex_explorer]: Main /plan diagnostic: poses=35, endpoint=(-10.73, -2.76), frontier=(-10.73, -2.76), endpoint_to_frontier=0.000 m, limit=0.10 m -> usable
[controller_server-11] [INFO] [1790234635.976523939] [controller_server]: Passing new path to controller.
[INFO] [1790234636.953017621] [mapex_explorer]: Main /plan diagnostic: poses=27, endpoint=(-10.73, -2.76), frontier=(-10.73, -2.76), endpoint_to_frontier=0.000 m, limit=0.10 m -> usable
[controller_server-11] [INFO] [1790234636.976313821] [controller_server]: Passing new path to controller.
[INFO] [1790234637.975561888] [mapex_explorer]: Main /plan diagnostic: poses=19, endpoint=(-10.73, -2.76), frontier=(-10.73, -2.76), endpoint_to_frontier=0.000 m, limit=0.10 m -> usable
[controller_server-11] [INFO] [1790234638.043293800] [controller_server]: Passing new path to controller.
[INFO] [1790234638.994712017] [mapex_explorer]: Main /plan diagnostic: poses=13, endpoint=(-10.73, -2.76), frontier=(-10.73, -2.76), endpoint_to_frontier=0.000 m, limit=0.10 m -> usable
[controller_server-11] [INFO] [1790234639.043197863] [controller_server]: Passing new path to controller.
[INFO] [1790234640.024513530] [mapex_explorer]: Main /plan diagnostic: poses=7, endpoint=(-10.73, -2.76), frontier=(-10.73, -2.76), endpoint_to_frontier=0.000 m, limit=0.10 m -> usable
[controller_server-11] [INFO] [1790234640.042960899] [controller_server]: Passing new path to controller.
[controller_server-11] [INFO] [1790234640.378833368] [controller_server]: Reached the goal!
[controller_server-11] [INFO] [1790234640.379128132] [controller_server]: Optimizer reset
[bt_navigator-16] [INFO] [1790234640.405427660] [bt_navigator]: Goal succeeded
[INFO] [1790234640.410225605] [mapex_explorer]: Goal reached
[INFO] [1790234647.484194451] [mapex_explorer]: MapEx decision 6: selected x=-9.83, y=-8.57, IG=66.651901, distance=5.86 m, score=11.370645, region=145, candidates=27, near_fallback=False, compute=6.45 s
[bt_navigator-16] [INFO] [1790234647.485845124] [bt_navigator]: Begin navigating from current location (-10.40, -2.74) to (-9.83, -8.57)
[controller_server-11] [INFO] [1790234647.506956539] [controller_server]: Received a goal, begin computing control effort.
[INFO] [1790234647.627621808] [mapex_explorer]: Main goal accepted
[INFO] [1790234647.807525750] [mapex_explorer]: Main /plan diagnostic: poses=182, endpoint=(-9.83, -8.57), frontier=(-9.83, -8.57), endpoint_to_frontier=0.000 m, limit=0.10 m -> usable
[INFO] [1790234648.520085764] [mapex_explorer]: Main /plan diagnostic: poses=178, endpoint=(-9.83, -8.57), frontier=(-9.83, -8.57), endpoint_to_frontier=0.000 m, limit=0.10 m -> usable
[controller_server-11] [INFO] [1790234648.573846015] [controller_server]: Passing new path to controller.
[INFO] [1790234649.539051963] [mapex_explorer]: Main /plan diagnostic: poses=172, endpoint=(-9.83, -8.57), frontier=(-9.83, -8.57), endpoint_to_frontier=0.000 m, limit=0.10 m -> usable
[controller_server-11] [INFO] [1790234649.573881742] [controller_server]: Passing new path to controller.
[INFO] [1790234650.577212554] [mapex_explorer]: Main /plan diagnostic: poses=166, endpoint=(-9.83, -8.57), frontier=(-9.83, -8.57), endpoint_to_frontier=0.000 m, limit=0.10 m -> usable
[controller_server-11] [INFO] [1790234650.640713388] [controller_server]: Passing new path to controller.
[INFO] [1790234651.603517467] [mapex_explorer]: Main /plan diagnostic: poses=160, endpoint=(-9.83, -8.57), frontier=(-9.83, -8.57), endpoint_to_frontier=0.000 m, limit=0.10 m -> usable
[controller_server-11] [INFO] [1790234651.640485484] [controller_server]: Passing new path to controller.
[INFO] [1790234652.625335942] [mapex_explorer]: Main /plan diagnostic: poses=154, endpoint=(-9.83, -8.57), frontier=(-9.83, -8.57), endpoint_to_frontier=0.000 m, limit=0.10 m -> usable
[controller_server-11] [INFO] [1790234652.640501226] [controller_server]: Passing new path to controller.
[INFO] [1790234653.650077478] [mapex_explorer]: Main /plan diagnostic: poses=148, endpoint=(-9.83, -8.57), frontier=(-9.83, -8.57), endpoint_to_frontier=0.000 m, limit=0.10 m -> usable
[controller_server-11] [INFO] [1790234653.707154565] [controller_server]: Passing new path to controller.
[INFO] [1790234654.673748055] [mapex_explorer]: Main /plan diagnostic: poses=143, endpoint=(-9.83, -8.57), frontier=(-9.83, -8.57), endpoint_to_frontier=0.000 m, limit=0.10 m -> usable
[controller_server-11] [INFO] [1790234654.707803887] [controller_server]: Passing new path to controller.
[INFO] [1790234655.695449274] [mapex_explorer]: Main /plan diagnostic: poses=137, endpoint=(-9.83, -8.57), frontier=(-9.83, -8.57), endpoint_to_frontier=0.000 m, limit=0.10 m -> usable
[controller_server-11] [INFO] [1790234655.707156609] [controller_server]: Passing new path to controller.
[INFO] [1790234656.722990796] [mapex_explorer]: Main /plan diagnostic: poses=130, endpoint=(-9.83, -8.57), frontier=(-9.83, -8.57), endpoint_to_frontier=0.000 m, limit=0.10 m -> usable
[controller_server-11] [INFO] [1790234656.773840297] [controller_server]: Passing new path to controller.
[controller_server-11] [INFO] [1790234657.038736755] [local_costmap.local_costmap]: StaticLayer: Resizing static layer to 240 X 199 at 0.100000 m/pix
[planner_server-13] [INFO] [1790234657.057647981] [global_costmap.global_costmap]: StaticLayer: Resizing costmap to 240 X 199 at 0.100000 m/pix
[INFO] [1790234657.740538492] [mapex_explorer]: Main /plan diagnostic: poses=126, endpoint=(-9.83, -8.57), frontier=(-9.83, -8.57), endpoint_to_frontier=0.000 m, limit=0.10 m -> usable
[controller_server-11] [INFO] [1790234657.773910703] [controller_server]: Passing new path to controller.
[controller_server-11] [INFO] [1790234658.038770680] [local_costmap.local_costmap]: StaticLayer: Resizing static layer to 240 X 199 at 0.100000 m/pix
[planner_server-13] [INFO] [1790234658.057605851] [global_costmap.global_costmap]: StaticLayer: Resizing costmap to 240 X 199 at 0.100000 m/pix
[INFO] [1790234658.770871569] [mapex_explorer]: Main /plan diagnostic: poses=119, endpoint=(-9.83, -8.57), frontier=(-9.83, -8.57), endpoint_to_frontier=0.000 m, limit=0.10 m -> usable
[controller_server-11] [INFO] [1790234658.840535250] [controller_server]: Passing new path to controller.
[INFO] [1790234659.801244502] [mapex_explorer]: Main /plan diagnostic: poses=115, endpoint=(-9.83, -8.57), frontier=(-9.83, -8.57), endpoint_to_frontier=0.000 m, limit=0.10 m -> usable
[controller_server-11] [INFO] [1790234659.840547293] [controller_server]: Passing new path to controller.
[INFO] [1790234660.833958191] [mapex_explorer]: Main /plan diagnostic: poses=117, endpoint=(-9.83, -8.57), frontier=(-9.83, -8.57), endpoint_to_frontier=0.000 m, limit=0.10 m -> usable
[controller_server-11] [INFO] [1790234660.840683309] [controller_server]: Passing new path to controller.
[controller_server-11] [INFO] [1790234661.038763958] [local_costmap.local_costmap]: StaticLayer: Resizing static layer to 240 X 200 at 0.100000 m/pix
[planner_server-13] [INFO] [1790234661.057630536] [global_costmap.global_costmap]: StaticLayer: Resizing costmap to 240 X 200 at 0.100000 m/pix
[rviz2-7] [INFO] [1790234661.063878194] [rviz2]: Trying to create a map of size 240 x 200 using 1 swatches
[INFO] [1790234661.836925745] [mapex_explorer]: Main /plan diagnostic: poses=114, endpoint=(-9.83, -8.57), frontier=(-9.83, -8.57), endpoint_to_frontier=0.000 m, limit=0.10 m -> usable
[controller_server-11] [INFO] [1790234661.907715018] [controller_server]: Passing new path to controller.
[INFO] [1790234662.867620713] [mapex_explorer]: Main /plan diagnostic: poses=106, endpoint=(-9.83, -8.57), frontier=(-9.83, -8.57), endpoint_to_frontier=0.000 m, limit=0.10 m -> usable
[controller_server-11] [INFO] [1790234662.907505165] [controller_server]: Passing new path to controller.
[INFO] [1790234663.884707961] [mapex_explorer]: Main /plan diagnostic: poses=95, endpoint=(-9.83, -8.57), frontier=(-9.83, -8.57), endpoint_to_frontier=0.000 m, limit=0.10 m -> usable
[controller_server-11] [INFO] [1790234663.907336900] [controller_server]: Passing new path to controller.
[INFO] [1790234664.915803982] [mapex_explorer]: Main /plan diagnostic: poses=86, endpoint=(-9.83, -8.57), frontier=(-9.83, -8.57), endpoint_to_frontier=0.000 m, limit=0.10 m -> usable
[controller_server-11] [INFO] [1790234664.973829610] [controller_server]: Passing new path to controller.
[INFO] [1790234665.941334790] [mapex_explorer]: Main /plan diagnostic: poses=80, endpoint=(-9.83, -8.57), frontier=(-9.83, -8.57), endpoint_to_frontier=0.000 m, limit=0.10 m -> usable
[controller_server-11] [INFO] [1790234665.973829321] [controller_server]: Passing new path to controller.
[INFO] [1790234666.972853535] [mapex_explorer]: Main /plan diagnostic: poses=72, endpoint=(-9.83, -8.57), frontier=(-9.83, -8.57), endpoint_to_frontier=0.000 m, limit=0.10 m -> usable
[controller_server-11] [INFO] [1790234667.038725239] [local_costmap.local_costmap]: StaticLayer: Resizing static layer to 240 X 200 at 0.100000 m/pix
[controller_server-11] [INFO] [1790234667.040661621] [controller_server]: Passing new path to controller.
[planner_server-13] [INFO] [1790234667.057633717] [global_costmap.global_costmap]: StaticLayer: Resizing costmap to 240 X 200 at 0.100000 m/pix
[INFO] [1790234667.998273686] [mapex_explorer]: Main /plan diagnostic: poses=62, endpoint=(-9.83, -8.57), frontier=(-9.83, -8.57), endpoint_to_frontier=0.000 m, limit=0.10 m -> usable
[controller_server-11] [INFO] [1790234668.038807205] [local_costmap.local_costmap]: StaticLayer: Resizing static layer to 240 X 200 at 0.100000 m/pix
[controller_server-11] [INFO] [1790234668.040527799] [controller_server]: Passing new path to controller.
[planner_server-13] [INFO] [1790234668.057639146] [global_costmap.global_costmap]: StaticLayer: Resizing costmap to 240 X 200 at 0.100000 m/pix
[INFO] [1790234669.018570497] [mapex_explorer]: Main /plan diagnostic: poses=52, endpoint=(-9.83, -8.57), frontier=(-9.83, -8.57), endpoint_to_frontier=0.000 m, limit=0.10 m -> usable
[controller_server-11] [INFO] [1790234669.040457266] [controller_server]: Passing new path to controller.
[INFO] [1790234670.043067147] [mapex_explorer]: Main /plan diagnostic: poses=42, endpoint=(-9.83, -8.57), frontier=(-9.83, -8.57), endpoint_to_frontier=0.000 m, limit=0.10 m -> usable
[controller_server-11] [INFO] [1790234670.107188388] [controller_server]: Passing new path to controller.
[INFO] [1790234671.069080863] [mapex_explorer]: Main /plan diagnostic: poses=35, endpoint=(-9.83, -8.57), frontier=(-9.83, -8.57), endpoint_to_frontier=0.000 m, limit=0.10 m -> usable
[controller_server-11] [INFO] [1790234671.107238681] [controller_server]: Passing new path to controller.
[INFO] [1790234672.081056018] [mapex_explorer]: Main /plan diagnostic: poses=26, endpoint=(-9.83, -8.57), frontier=(-9.83, -8.57), endpoint_to_frontier=0.000 m, limit=0.10 m -> usable
[controller_server-11] [INFO] [1790234672.107168529] [controller_server]: Passing new path to controller.
[INFO] [1790234673.103411430] [mapex_explorer]: Main /plan diagnostic: poses=17, endpoint=(-9.83, -8.57), frontier=(-9.83, -8.57), endpoint_to_frontier=0.000 m, limit=0.10 m -> usable
[controller_server-11] [INFO] [1790234673.173828730] [controller_server]: Passing new path to controller.
[INFO] [1790234674.131110548] [mapex_explorer]: Main /plan diagnostic: poses=12, endpoint=(-9.83, -8.57), frontier=(-9.83, -8.57), endpoint_to_frontier=0.000 m, limit=0.10 m -> usable
[controller_server-11] [INFO] [1790234674.174500554] [controller_server]: Passing new path to controller.
[INFO] [1790234675.160290773] [mapex_explorer]: Main /plan diagnostic: poses=7, endpoint=(-9.83, -8.57), frontier=(-9.83, -8.57), endpoint_to_frontier=0.000 m, limit=0.10 m -> usable
[controller_server-11] [INFO] [1790234675.240491805] [controller_server]: Passing new path to controller.
[controller_server-11] [INFO] [1790234675.377073923] [controller_server]: Reached the goal!
[controller_server-11] [INFO] [1790234675.377406248] [controller_server]: Optimizer reset
[bt_navigator-16] [INFO] [1790234675.406314583] [bt_navigator]: Goal succeeded
[INFO] [1790234675.417839181] [mapex_explorer]: Goal reached
[INFO] [1790234682.954587766] [mapex_explorer]: MapEx decision 7: selected x=-7.24, y=-9.92, IG=53.695335, distance=2.84 m, score=18.887238, region=156, candidates=31, near_fallback=False, compute=6.92 s
[bt_navigator-16] [INFO] [1790234682.956500230] [bt_navigator]: Begin navigating from current location (-9.59, -8.32) to (-7.24, -9.92)
[controller_server-11] [INFO] [1790234682.978398063] [controller_server]: Received a goal, begin computing control effort.
[INFO] [1790234683.074234012] [mapex_explorer]: Main goal accepted
[INFO] [1790234683.254423934] [mapex_explorer]: Main /plan diagnostic: poses=186, endpoint=(-7.24, -9.92), frontier=(-7.24, -9.92), endpoint_to_frontier=0.000 m, limit=0.10 m -> usable
[INFO] [1790234684.003692954] [mapex_explorer]: Main /plan diagnostic: poses=181, endpoint=(-7.24, -9.92), frontier=(-7.24, -9.92), endpoint_to_frontier=0.000 m, limit=0.10 m -> usable
[controller_server-11] [INFO] [1790234684.045509428] [controller_server]: Passing new path to controller.
[INFO] [1790234685.029995962] [mapex_explorer]: Main /plan diagnostic: poses=176, endpoint=(-7.24, -9.92), frontier=(-7.24, -9.92), endpoint_to_frontier=0.000 m, limit=0.10 m -> usable
[controller_server-11] [INFO] [1790234685.045240327] [controller_server]: Passing new path to controller.
[INFO] [1790234686.060098598] [mapex_explorer]: Main /plan diagnostic: poses=169, endpoint=(-7.24, -9.92), frontier=(-7.24, -9.92), endpoint_to_frontier=0.000 m, limit=0.10 m -> usable
[controller_server-11] [INFO] [1790234686.112151500] [controller_server]: Passing new path to controller.
[INFO] [1790234687.075973345] [mapex_explorer]: Main /plan diagnostic: poses=163, endpoint=(-7.24, -9.92), frontier=(-7.24, -9.92), endpoint_to_frontier=0.000 m, limit=0.10 m -> usable
[controller_server-11] [INFO] [1790234687.111937426] [controller_server]: Passing new path to controller.
[INFO] [1790234688.096524398] [mapex_explorer]: Main /plan diagnostic: poses=156, endpoint=(-7.24, -9.92), frontier=(-7.24, -9.92), endpoint_to_frontier=0.000 m, limit=0.10 m -> usable
[controller_server-11] [INFO] [1790234688.111908794] [controller_server]: Passing new path to controller.
[INFO] [1790234689.126798542] [mapex_explorer]: Main /plan diagnostic: poses=153, endpoint=(-7.24, -9.92), frontier=(-7.24, -9.92), endpoint_to_frontier=0.000 m, limit=0.10 m -> usable
[controller_server-11] [INFO] [1790234689.179367361] [controller_server]: Passing new path to controller.
[INFO] [1790234690.152443548] [mapex_explorer]: Main /plan diagnostic: poses=153, endpoint=(-7.24, -9.92), frontier=(-7.24, -9.92), endpoint_to_frontier=0.000 m, limit=0.10 m -> usable
[controller_server-11] [INFO] [1790234690.178692708] [controller_server]: Passing new path to controller.
[INFO] [1790234691.176032236] [mapex_explorer]: Main /plan diagnostic: poses=153, endpoint=(-7.24, -9.92), frontier=(-7.24, -9.92), endpoint_to_frontier=0.000 m, limit=0.10 m -> usable
[controller_server-11] [INFO] [1790234691.178622568] [controller_server]: Passing new path to controller.
[INFO] [1790234692.196813341] [mapex_explorer]: Main /plan diagnostic: poses=145, endpoint=(-7.24, -9.92), frontier=(-7.24, -9.92), endpoint_to_frontier=0.000 m, limit=0.10 m -> usable
[controller_server-11] [INFO] [1790234692.245347469] [controller_server]: Passing new path to controller.
[controller_server-11] [INFO] [1790234693.038730298] [local_costmap.local_costmap]: StaticLayer: Resizing static layer to 240 X 200 at 0.100000 m/pix
[planner_server-13] [INFO] [1790234693.057634774] [global_costmap.global_costmap]: StaticLayer: Resizing costmap to 240 X 200 at 0.100000 m/pix
[INFO] [1790234693.223080313] [mapex_explorer]: Main /plan diagnostic: poses=136, endpoint=(-7.24, -9.92), frontier=(-7.24, -9.92), endpoint_to_frontier=0.000 m, limit=0.10 m -> usable
[controller_server-11] [INFO] [1790234693.245374707] [controller_server]: Passing new path to controller.
[INFO] [1790234694.242603174] [mapex_explorer]: Main /plan diagnostic: poses=127, endpoint=(-7.24, -9.92), frontier=(-7.24, -9.92), endpoint_to_frontier=0.000 m, limit=0.10 m -> usable
[controller_server-11] [INFO] [1790234694.311940343] [controller_server]: Passing new path to controller.
[INFO] [1790234695.266188063] [mapex_explorer]: Main /plan diagnostic: poses=118, endpoint=(-7.24, -9.92), frontier=(-7.24, -9.92), endpoint_to_frontier=0.000 m, limit=0.10 m -> usable
[controller_server-11] [INFO] [1790234695.311919804] [controller_server]: Passing new path to controller.
[INFO] [1790234696.299630420] [mapex_explorer]: Main /plan diagnostic: poses=110, endpoint=(-7.24, -9.92), frontier=(-7.24, -9.92), endpoint_to_frontier=0.000 m, limit=0.10 m -> usable
[controller_server-11] [INFO] [1790234696.311903327] [controller_server]: Passing new path to controller.
[async_slam_toolbox_node-10] WARNING: Logging before InitGoogleLogging() is written to STDERR
[async_slam_toolbox_node-10] W20260924 14:24:56.841871 60310 preprocessor.cc:67] Specified options.num_threads: 50 exceeds maximum available from the threading model Ceres was compiled with: 16.  Bounding to maximum number available.
[async_slam_toolbox_node-10] [INFO] [1790234696.854763787] [slam_toolbox]: Adaptive anchor summary: latest_node=317, local_edges=330, loop_history=0, avg_effective_weight=1.877, release_regions=0
[controller_server-11] [INFO] [1790234697.038879763] [local_costmap.local_costmap]: StaticLayer: Resizing static layer to 240 X 200 at 0.100000 m/pix
[planner_server-13] [INFO] [1790234697.057646767] [global_costmap.global_costmap]: StaticLayer: Resizing costmap to 240 X 200 at 0.100000 m/pix
[INFO] [1790234697.327134015] [mapex_explorer]: Main /plan diagnostic: poses=100, endpoint=(-7.24, -9.92), frontier=(-7.24, -9.92), endpoint_to_frontier=0.000 m, limit=0.10 m -> usable
[controller_server-11] [INFO] [1790234697.378585519] [controller_server]: Passing new path to controller.
[controller_server-11] [INFO] [1790234698.378635350] [controller_server]: Passing new path to controller.
[INFO] [1790234698.402139360] [mapex_explorer]: Main /plan diagnostic: poses=89, endpoint=(-7.24, -9.92), frontier=(-7.24, -9.92), endpoint_to_frontier=0.000 m, limit=0.10 m -> usable
[INFO] [1790234699.414307637] [mapex_explorer]: Main /plan diagnostic: poses=83, endpoint=(-7.24, -9.92), frontier=(-7.24, -9.92), endpoint_to_frontier=0.000 m, limit=0.10 m -> usable
[controller_server-11] [INFO] [1790234699.445281282] [controller_server]: Passing new path to controller.
[INFO] [1790234700.409088788] [mapex_explorer]: Main /plan diagnostic: poses=74, endpoint=(-7.24, -9.92), frontier=(-7.24, -9.92), endpoint_to_frontier=0.000 m, limit=0.10 m -> usable
[controller_server-11] [INFO] [1790234700.445231320] [controller_server]: Passing new path to controller.
[INFO] [1790234701.437529009] [mapex_explorer]: Main /plan diagnostic: poses=64, endpoint=(-7.24, -9.92), frontier=(-7.24, -9.92), endpoint_to_frontier=0.000 m, limit=0.10 m -> usable
[controller_server-11] [INFO] [1790234701.512094347] [controller_server]: Passing new path to controller.
[INFO] [1790234702.468069855] [mapex_explorer]: Main /plan diagnostic: poses=57, endpoint=(-7.24, -9.92), frontier=(-7.24, -9.92), endpoint_to_frontier=0.000 m, limit=0.10 m -> usable
[controller_server-11] [INFO] [1790234702.511966303] [controller_server]: Passing new path to controller.
[INFO] [1790234703.487115323] [mapex_explorer]: Main /plan diagnostic: poses=47, endpoint=(-7.24, -9.92), frontier=(-7.24, -9.92), endpoint_to_frontier=0.000 m, limit=0.10 m -> usable
[controller_server-11] [INFO] [1790234703.511929928] [controller_server]: Passing new path to controller.
[INFO] [1790234704.518359723] [mapex_explorer]: Main /plan diagnostic: poses=39, endpoint=(-7.24, -9.92), frontier=(-7.24, -9.92), endpoint_to_frontier=0.000 m, limit=0.10 m -> usable
[controller_server-11] [INFO] [1790234704.578565651] [controller_server]: Passing new path to controller.
[INFO] [1790234705.524883907] [mapex_explorer]: Main /plan diagnostic: poses=29, endpoint=(-7.24, -9.92), frontier=(-7.24, -9.92), endpoint_to_frontier=0.000 m, limit=0.10 m -> usable
[controller_server-11] [INFO] [1790234705.578698235] [controller_server]: Passing new path to controller.
[INFO] [1790234706.557756103] [mapex_explorer]: Main /plan diagnostic: poses=22, endpoint=(-7.24, -9.92), frontier=(-7.24, -9.92), endpoint_to_frontier=0.000 m, limit=0.10 m -> usable
[controller_server-11] [INFO] [1790234706.578569025] [controller_server]: Passing new path to controller.
[INFO] [1790234707.589760494] [mapex_explorer]: Main /plan diagnostic: poses=16, endpoint=(-7.24, -9.92), frontier=(-7.24, -9.92), endpoint_to_frontier=0.000 m, limit=0.10 m -> usable
[controller_server-11] [INFO] [1790234707.645474037] [controller_server]: Passing new path to controller.
[INFO] [1790234708.595893083] [mapex_explorer]: Main /plan diagnostic: poses=10, endpoint=(-7.24, -9.92), frontier=(-7.24, -9.92), endpoint_to_frontier=0.000 m, limit=0.10 m -> usable
[controller_server-11] [INFO] [1790234708.645829896] [controller_server]: Passing new path to controller.
[controller_server-11] [INFO] [1790234709.381187022] [controller_server]: Reached the goal!
[controller_server-11] [INFO] [1790234709.381434379] [controller_server]: Optimizer reset
[bt_navigator-16] [INFO] [1790234709.408677735] [bt_navigator]: Goal succeeded
[INFO] [1790234709.413329146] [mapex_explorer]: Goal reached
[INFO] [1790234716.646502904] [mapex_explorer]: MapEx decision 8: selected x=-8.65, y=-11.52, IG=27.903835, distance=2.42 m, score=11.550728, region=28, candidates=31, near_fallback=False, compute=6.61 s
[bt_navigator-16] [INFO] [1790234716.648290428] [bt_navigator]: Begin navigating from current location (-7.19, -9.59) to (-8.65, -11.52)
[controller_server-11] [INFO] [1790234716.652369811] [controller_server]: Received a goal, begin computing control effort.
[INFO] [1790234716.784996558] [mapex_explorer]: Main goal accepted
[INFO] [1790234716.970937198] [mapex_explorer]: Main /plan diagnostic: poses=232, endpoint=(-8.65, -11.52), frontier=(-8.65, -11.52), endpoint_to_frontier=0.000 m, limit=0.10 m -> usable
[INFO] [1790234717.678904339] [mapex_explorer]: Main /plan diagnostic: poses=227, endpoint=(-8.65, -11.52), frontier=(-8.65, -11.52), endpoint_to_frontier=0.000 m, limit=0.10 m -> usable
[controller_server-11] [INFO] [1790234717.719234300] [controller_server]: Passing new path to controller.
[INFO] [1790234718.701339320] [mapex_explorer]: Main /plan diagnostic: poses=224, endpoint=(-8.65, -11.52), frontier=(-8.65, -11.52), endpoint_to_frontier=0.000 m, limit=0.10 m -> usable
[controller_server-11] [INFO] [1790234718.719304803] [controller_server]: Passing new path to controller.
[INFO] [1790234719.737907540] [mapex_explorer]: Main /plan diagnostic: poses=216, endpoint=(-8.65, -11.52), frontier=(-8.65, -11.52), endpoint_to_frontier=0.000 m, limit=0.10 m -> usable
[controller_server-11] [INFO] [1790234719.785897060] [controller_server]: Passing new path to controller.
[INFO] [1790234720.755997759] [mapex_explorer]: Main /plan diagnostic: poses=210, endpoint=(-8.65, -11.52), frontier=(-8.65, -11.52), endpoint_to_frontier=0.000 m, limit=0.10 m -> usable
[controller_server-11] [INFO] [1790234720.785927040] [controller_server]: Passing new path to controller.
[INFO] [1790234721.782525270] [mapex_explorer]: Main /plan diagnostic: poses=204, endpoint=(-8.65, -11.52), frontier=(-8.65, -11.52), endpoint_to_frontier=0.000 m, limit=0.10 m -> usable
[controller_server-11] [INFO] [1790234721.852548550] [controller_server]: Passing new path to controller.
[INFO] [1790234722.806423918] [mapex_explorer]: Main /plan diagnostic: poses=198, endpoint=(-8.65, -11.52), frontier=(-8.65, -11.52), endpoint_to_frontier=0.000 m, limit=0.10 m -> usable
[controller_server-11] [INFO] [1790234722.852558798] [controller_server]: Passing new path to controller.
[INFO] [1790234723.838986927] [mapex_explorer]: Main /plan diagnostic: poses=200, endpoint=(-8.65, -11.52), frontier=(-8.65, -11.52), endpoint_to_frontier=0.000 m, limit=0.10 m -> usable
[controller_server-11] [INFO] [1790234723.852600413] [controller_server]: Passing new path to controller.
[INFO] [1790234724.856469686] [mapex_explorer]: Main /plan diagnostic: poses=200, endpoint=(-8.65, -11.52), frontier=(-8.65, -11.52), endpoint_to_frontier=0.000 m, limit=0.10 m -> usable
[controller_server-11] [INFO] [1790234724.919226832] [controller_server]: Passing new path to controller.
[INFO] [1790234725.882633359] [mapex_explorer]: Main /plan diagnostic: poses=201, endpoint=(-8.65, -11.52), frontier=(-8.65, -11.52), endpoint_to_frontier=0.000 m, limit=0.10 m -> usable
[controller_server-11] [INFO] [1790234725.919290336] [controller_server]: Passing new path to controller.
[INFO] [1790234726.909613954] [mapex_explorer]: Main /plan diagnostic: poses=191, endpoint=(-8.65, -11.52), frontier=(-8.65, -11.52), endpoint_to_frontier=0.000 m, limit=0.10 m -> usable
[controller_server-11] [INFO] [1790234726.920392274] [controller_server]: Passing new path to controller.
[INFO] [1790234727.939628875] [mapex_explorer]: Main /plan diagnostic: poses=180, endpoint=(-8.65, -11.52), frontier=(-8.65, -11.52), endpoint_to_frontier=0.000 m, limit=0.10 m -> usable
[controller_server-11] [INFO] [1790234727.985930671] [controller_server]: Passing new path to controller.
[INFO] [1790234728.959337519] [mapex_explorer]: Main /plan diagnostic: poses=172, endpoint=(-8.65, -11.52), frontier=(-8.65, -11.52), endpoint_to_frontier=0.000 m, limit=0.10 m -> usable
[controller_server-11] [INFO] [1790234728.986035649] [controller_server]: Passing new path to controller.
[INFO] [1790234729.984162206] [mapex_explorer]: Main /plan diagnostic: poses=163, endpoint=(-8.65, -11.52), frontier=(-8.65, -11.52), endpoint_to_frontier=0.000 m, limit=0.10 m -> usable
[controller_server-11] [INFO] [1790234730.052578728] [controller_server]: Passing new path to controller.
[INFO] [1790234731.015318314] [mapex_explorer]: Main /plan diagnostic: poses=155, endpoint=(-8.65, -11.52), frontier=(-8.65, -11.52), endpoint_to_frontier=0.000 m, limit=0.10 m -> usable
[controller_server-11] [INFO] [1790234731.052609058] [controller_server]: Passing new path to controller.
[async_slam_toolbox_node-10] W20260924 14:25:31.097654 60310 preprocessor.cc:67] Specified options.num_threads: 50 exceeds maximum available from the threading model Ceres was compiled with: 16.  Bounding to maximum number available.
[async_slam_toolbox_node-10] [INFO] [1790234731.101896629] [slam_toolbox]: Adaptive anchor summary: latest_node=393, local_edges=411, loop_history=0, avg_effective_weight=1.709, release_regions=0
[controller_server-11] [INFO] [1790234732.038737995] [local_costmap.local_costmap]: StaticLayer: Resizing static layer to 240 X 200 at 0.100000 m/pix
[INFO] [1790234732.042768345] [mapex_explorer]: Main /plan diagnostic: poses=145, endpoint=(-8.65, -11.52), frontier=(-8.65, -11.52), endpoint_to_frontier=0.000 m, limit=0.10 m -> usable
[controller_server-11] [INFO] [1790234732.052568660] [controller_server]: Passing new path to controller.
[planner_server-13] [INFO] [1790234732.058059777] [global_costmap.global_costmap]: StaticLayer: Resizing costmap to 240 X 200 at 0.100000 m/pix
[INFO] [1790234733.073865678] [mapex_explorer]: Main /plan diagnostic: poses=140, endpoint=(-8.65, -11.52), frontier=(-8.65, -11.52), endpoint_to_frontier=0.000 m, limit=0.10 m -> usable
[controller_server-11] [INFO] [1790234733.119564689] [controller_server]: Passing new path to controller.
[controller_server-11] [INFO] [1790234734.038739027] [local_costmap.local_costmap]: StaticLayer: Resizing static layer to 240 X 200 at 0.100000 m/pix
[planner_server-13] [INFO] [1790234734.057615221] [global_costmap.global_costmap]: StaticLayer: Resizing costmap to 240 X 200 at 0.100000 m/pix
[INFO] [1790234734.100368048] [mapex_explorer]: Main /plan diagnostic: poses=129, endpoint=(-8.65, -11.52), frontier=(-8.65, -11.52), endpoint_to_frontier=0.000 m, limit=0.10 m -> usable
[controller_server-11] [INFO] [1790234734.119849646] [controller_server]: Passing new path to controller.
[INFO] [1790234735.135602508] [mapex_explorer]: Main /plan diagnostic: poses=121, endpoint=(-8.65, -11.52), frontier=(-8.65, -11.52), endpoint_to_frontier=0.000 m, limit=0.10 m -> usable
[controller_server-11] [INFO] [1790234735.185892139] [controller_server]: Passing new path to controller.
[INFO] [1790234736.151220602] [mapex_explorer]: Main /plan diagnostic: poses=112, endpoint=(-8.65, -11.52), frontier=(-8.65, -11.52), endpoint_to_frontier=0.000 m, limit=0.10 m -> usable
[controller_server-11] [INFO] [1790234736.185924678] [controller_server]: Passing new path to controller.
[INFO] [1790234737.175538233] [mapex_explorer]: Main /plan diagnostic: poses=103, endpoint=(-8.65, -11.52), frontier=(-8.65, -11.52), endpoint_to_frontier=0.000 m, limit=0.10 m -> usable
[controller_server-11] [INFO] [1790234737.252554705] [controller_server]: Passing new path to controller.
[async_slam_toolbox_node-10] W20260924 14:25:37.997143 60310 preprocessor.cc:67] Specified options.num_threads: 50 exceeds maximum available from the threading model Ceres was compiled with: 16.  Bounding to maximum number available.
[planner_server-13] [INFO] [1790234738.057619791] [global_costmap.global_costmap]: StaticLayer: Resizing costmap to 241 X 200 at 0.100000 m/pix
[rviz2-7] [INFO] [1790234738.102922892] [rviz2]: Trying to create a map of size 241 x 200 using 1 swatches
[INFO] [1790234738.211363885] [mapex_explorer]: Main /plan diagnostic: poses=94, endpoint=(-8.65, -11.52), frontier=(-8.65, -11.52), endpoint_to_frontier=0.000 m, limit=0.10 m -> usable
[controller_server-11] [INFO] [1790234738.238734197] [local_costmap.local_costmap]: StaticLayer: Resizing static layer to 241 X 200 at 0.100000 m/pix
[controller_server-11] [INFO] [1790234738.252557979] [controller_server]: Passing new path to controller.
[INFO] [1790234739.238098940] [mapex_explorer]: Main /plan diagnostic: poses=87, endpoint=(-8.65, -11.52), frontier=(-8.65, -11.52), endpoint_to_frontier=0.000 m, limit=0.10 m -> usable
[controller_server-11] [INFO] [1790234739.252760995] [controller_server]: Passing new path to controller.
[INFO] [1790234740.260112642] [mapex_explorer]: Main /plan diagnostic: poses=78, endpoint=(-8.65, -11.52), frontier=(-8.65, -11.52), endpoint_to_frontier=0.000 m, limit=0.10 m -> usable
[controller_server-11] [INFO] [1790234740.319238796] [controller_server]: Passing new path to controller.
[INFO] [1790234741.286024975] [mapex_explorer]: Main /plan diagnostic: poses=67, endpoint=(-8.65, -11.52), frontier=(-8.65, -11.52), endpoint_to_frontier=0.000 m, limit=0.10 m -> usable
[controller_server-11] [INFO] [1790234741.319252493] [controller_server]: Passing new path to controller.
[INFO] [1790234742.315089797] [mapex_explorer]: Main /plan diagnostic: poses=59, endpoint=(-8.65, -11.52), frontier=(-8.65, -11.52), endpoint_to_frontier=0.000 m, limit=0.10 m -> usable
[controller_server-11] [INFO] [1790234742.319229014] [controller_server]: Passing new path to controller.
[controller_server-11] [INFO] [1790234743.386652359] [controller_server]: Passing new path to controller.
[INFO] [1790234743.413972374] [mapex_explorer]: Main /plan diagnostic: poses=52, endpoint=(-8.65, -11.52), frontier=(-8.65, -11.52), endpoint_to_frontier=0.000 m, limit=0.10 m -> usable
[controller_server-11] [INFO] [1790234744.385893761] [controller_server]: Passing new path to controller.
[INFO] [1790234744.396904205] [mapex_explorer]: Main /plan diagnostic: poses=45, endpoint=(-8.65, -11.52), frontier=(-8.65, -11.52), endpoint_to_frontier=0.000 m, limit=0.10 m -> usable
[INFO] [1790234745.414080017] [mapex_explorer]: Main /plan diagnostic: poses=40, endpoint=(-8.65, -11.52), frontier=(-8.65, -11.52), endpoint_to_frontier=0.000 m, limit=0.10 m -> usable
[controller_server-11] [INFO] [1790234745.452627039] [controller_server]: Passing new path to controller.
[INFO] [1790234746.405087007] [mapex_explorer]: Main /plan diagnostic: poses=38, endpoint=(-8.65, -11.52), frontier=(-8.65, -11.52), endpoint_to_frontier=0.000 m, limit=0.10 m -> usable
[controller_server-11] [INFO] [1790234746.452597169] [controller_server]: Passing new path to controller.
[INFO] [1790234747.439718187] [mapex_explorer]: Main /plan diagnostic: poses=39, endpoint=(-8.65, -11.52), frontier=(-8.65, -11.52), endpoint_to_frontier=0.000 m, limit=0.10 m -> usable
[controller_server-11] [INFO] [1790234747.452712568] [controller_server]: Passing new path to controller.
[INFO] [1790234748.468746844] [mapex_explorer]: Main /plan diagnostic: poses=39, endpoint=(-8.65, -11.52), frontier=(-8.65, -11.52), endpoint_to_frontier=0.000 m, limit=0.10 m -> usable
[controller_server-11] [INFO] [1790234748.519228490] [controller_server]: Passing new path to controller.
[INFO] [1790234749.509086915] [mapex_explorer]: Main /plan diagnostic: poses=34, endpoint=(-8.65, -11.52), frontier=(-8.65, -11.52), endpoint_to_frontier=0.000 m, limit=0.10 m -> usable
[controller_server-11] [INFO] [1790234749.519240074] [controller_server]: Passing new path to controller.
[INFO] [1790234750.530181300] [mapex_explorer]: Main /plan diagnostic: poses=34, endpoint=(-8.65, -11.52), frontier=(-8.65, -11.52), endpoint_to_frontier=0.000 m, limit=0.10 m -> usable
[controller_server-11] [INFO] [1790234750.585893803] [controller_server]: Passing new path to controller.
[INFO] [1790234751.537422336] [mapex_explorer]: Main /plan diagnostic: poses=34, endpoint=(-8.65, -11.52), frontier=(-8.65, -11.52), endpoint_to_frontier=0.000 m, limit=0.10 m -> usable
[controller_server-11] [INFO] [1790234751.585888607] [controller_server]: Passing new path to controller.
[INFO] [1790234752.554854781] [mapex_explorer]: Main /plan diagnostic: poses=34, endpoint=(-8.65, -11.52), frontier=(-8.65, -11.52), endpoint_to_frontier=0.000 m, limit=0.10 m -> usable
[controller_server-11] [INFO] [1790234752.586035458] [controller_server]: Passing new path to controller.
[INFO] [1790234753.588064282] [mapex_explorer]: Main /plan diagnostic: poses=33, endpoint=(-8.65, -11.52), frontier=(-8.65, -11.52), endpoint_to_frontier=0.000 m, limit=0.10 m -> usable
[controller_server-11] [INFO] [1790234753.652619906] [controller_server]: Passing new path to controller.
[INFO] [1790234754.614066895] [mapex_explorer]: Main /plan diagnostic: poses=34, endpoint=(-8.65, -11.52), frontier=(-8.65, -11.52), endpoint_to_frontier=0.000 m, limit=0.10 m -> usable
[controller_server-11] [INFO] [1790234754.652575370] [controller_server]: Passing new path to controller.
[INFO] [1790234755.636703188] [mapex_explorer]: Main /plan diagnostic: poses=33, endpoint=(-8.65, -11.52), frontier=(-8.65, -11.52), endpoint_to_frontier=0.000 m, limit=0.10 m -> usable
[controller_server-11] [INFO] [1790234755.652577073] [controller_server]: Passing new path to controller.
[controller_server-11] [ERROR] [1790234756.186528816] [controller_server]: Failed to make progress
[controller_server-11] [INFO] [1790234756.187256480] [controller_server]: Optimizer reset
[controller_server-11] [WARN] [1790234756.187299561] [controller_server]: [follow_path] [ActionServer] Aborting handle.
[behavior_server-15] [INFO] [1790234756.201380932] [behavior_server]: Running wait
[behavior_server-15] [INFO] [1790234756.501623121] [behavior_server]: wait completed successfully
[INFO] [1790234756.525815920] [mapex_explorer]: Main /plan diagnostic: poses=34, endpoint=(-8.65, -11.52), frontier=(-8.65, -11.52), endpoint_to_frontier=0.000 m, limit=0.10 m -> usable
[controller_server-11] [INFO] [1790234756.539291687] [controller_server]: Received a goal, begin computing control effort.
[INFO] [1790234757.558598543] [mapex_explorer]: Main /plan diagnostic: poses=33, endpoint=(-8.65, -11.52), frontier=(-8.65, -11.52), endpoint_to_frontier=0.000 m, limit=0.10 m -> usable
[controller_server-11] [INFO] [1790234757.606131959] [controller_server]: Passing new path to controller.
[INFO] [1790234758.567868145] [mapex_explorer]: Main /plan diagnostic: poses=33, endpoint=(-8.65, -11.52), frontier=(-8.65, -11.52), endpoint_to_frontier=0.000 m, limit=0.10 m -> usable
[controller_server-11] [INFO] [1790234758.606489640] [controller_server]: Passing new path to controller.
[INFO] [1790234759.597865547] [mapex_explorer]: Main /plan diagnostic: poses=33, endpoint=(-8.65, -11.52), frontier=(-8.65, -11.52), endpoint_to_frontier=0.000 m, limit=0.10 m -> usable
[controller_server-11] [INFO] [1790234759.672841644] [controller_server]: Passing new path to controller.
[INFO] [1790234760.627064365] [mapex_explorer]: Main /plan diagnostic: poses=33, endpoint=(-8.65, -11.52), frontier=(-8.65, -11.52), endpoint_to_frontier=0.000 m, limit=0.10 m -> usable
[controller_server-11] [INFO] [1790234760.672830642] [controller_server]: Passing new path to controller.
[INFO] [1790234761.650035656] [mapex_explorer]: Main /plan diagnostic: poses=33, endpoint=(-8.65, -11.52), frontier=(-8.65, -11.52), endpoint_to_frontier=0.000 m, limit=0.10 m -> usable
[controller_server-11] [INFO] [1790234761.672794489] [controller_server]: Passing new path to controller.
[INFO] [1790234762.665181495] [mapex_explorer]: Main /plan diagnostic: poses=33, endpoint=(-8.65, -11.52), frontier=(-8.65, -11.52), endpoint_to_frontier=0.000 m, limit=0.10 m -> usable
[controller_server-11] [INFO] [1790234762.739469185] [controller_server]: Passing new path to controller.
[INFO] [1790234763.684150078] [mapex_explorer]: Main /plan diagnostic: poses=33, endpoint=(-8.65, -11.52), frontier=(-8.65, -11.52), endpoint_to_frontier=0.000 m, limit=0.10 m -> usable
[controller_server-11] [INFO] [1790234763.739630628] [controller_server]: Passing new path to controller.
[INFO] [1790234764.710496808] [mapex_explorer]: Main /plan diagnostic: poses=33, endpoint=(-8.65, -11.52), frontier=(-8.65, -11.52), endpoint_to_frontier=0.000 m, limit=0.10 m -> usable
[controller_server-11] [INFO] [1790234764.739469051] [controller_server]: Passing new path to controller.
[INFO] [1790234765.734513374] [mapex_explorer]: Main /plan diagnostic: poses=33, endpoint=(-8.65, -11.52), frontier=(-8.65, -11.52), endpoint_to_frontier=0.000 m, limit=0.10 m -> usable
[controller_server-11] [INFO] [1790234765.806138422] [controller_server]: Passing new path to controller.
[INFO] [1790234766.762488752] [mapex_explorer]: Main /plan diagnostic: poses=33, endpoint=(-8.65, -11.52), frontier=(-8.65, -11.52), endpoint_to_frontier=0.000 m, limit=0.10 m -> usable
[controller_server-11] [INFO] [1790234766.806801608] [controller_server]: Passing new path to controller.
[INFO] [1790234767.786265730] [mapex_explorer]: Main /plan diagnostic: poses=33, endpoint=(-8.65, -11.52), frontier=(-8.65, -11.52), endpoint_to_frontier=0.000 m, limit=0.10 m -> usable
[controller_server-11] [INFO] [1790234767.806386662] [controller_server]: Passing new path to controller.
[controller_server-11] [ERROR] [1790234768.406242022] [controller_server]: Failed to make progress
[controller_server-11] [INFO] [1790234768.406647551] [controller_server]: Optimizer reset
[controller_server-11] [WARN] [1790234768.406697181] [controller_server]: [follow_path] [ActionServer] Aborting handle.
[bt_navigator-16] [WARN] [1790234768.429179394] [bt_navigator]: [navigate_to_pose] [ActionServer] Aborting handle.
[bt_navigator-16] [ERROR] [1790234768.429509674] [bt_navigator]: Goal failed
[WARN] [1790234768.432471181] [mapex_explorer]: Main goal failed (status=6, error_code=105)
[WARN] [1790234768.433218929] [mapex_explorer]: Path-guided recovery #1: temporary subgoal x=-8.41, y=-10.17, 0.70 m ahead on main path (remaining main path=2.18 m, trigger_error=105)
[bt_navigator-16] [INFO] [1790234768.434283318] [bt_navigator]: Begin navigating from current location (-8.69, -9.54) to (-8.41, -10.17)
[INFO] [1790234768.449594651] [mapex_explorer]: Subgoal goal accepted
[controller_server-11] [INFO] [1790234768.455118328] [controller_server]: Received a goal, begin computing control effort.
[controller_server-11] [INFO] [1790234769.521962893] [controller_server]: Passing new path to controller.
[controller_server-11] [INFO] [1790234770.522009505] [controller_server]: Passing new path to controller.
[controller_server-11] [INFO] [1790234770.924876685] [controller_server]: Reached the goal!
[controller_server-11] [INFO] [1790234770.925767120] [controller_server]: Optimizer reset
[bt_navigator-16] [INFO] [1790234770.954717809] [bt_navigator]: Goal succeeded
[INFO] [1790234770.957885404] [mapex_explorer]: Recovery subgoal reached; retrying the same main frontier.
[bt_navigator-16] [INFO] [1790234770.959169792] [bt_navigator]: Begin navigating from current location (-8.50, -9.79) to (-8.65, -11.52)
[INFO] [1790234770.965488562] [mapex_explorer]: Main goal accepted
[INFO] [1790234770.971524146] [mapex_explorer]: Main /plan diagnostic: poses=29, endpoint=(-8.65, -11.52), frontier=(-8.65, -11.52), endpoint_to_frontier=0.000 m, limit=0.10 m -> usable
[controller_server-11] [INFO] [1790234770.980519915] [controller_server]: Received a goal, begin computing control effort.
[INFO] [1790234772.001914291] [mapex_explorer]: Main /plan diagnostic: poses=28, endpoint=(-8.65, -11.52), frontier=(-8.65, -11.52), endpoint_to_frontier=0.000 m, limit=0.10 m -> usable
[controller_server-11] [INFO] [1790234772.047370550] [controller_server]: Passing new path to controller.
[INFO] [1790234773.025259046] [mapex_explorer]: Main /plan diagnostic: poses=28, endpoint=(-8.65, -11.52), frontier=(-8.65, -11.52), endpoint_to_frontier=0.000 m, limit=0.10 m -> usable
[controller_server-11] [INFO] [1790234773.047371579] [controller_server]: Passing new path to controller.
[INFO] [1790234774.058315961] [mapex_explorer]: Main /plan diagnostic: poses=30, endpoint=(-8.65, -11.52), frontier=(-8.65, -11.52), endpoint_to_frontier=0.000 m, limit=0.10 m -> usable
[controller_server-11] [INFO] [1790234774.114001103] [controller_server]: Passing new path to controller.
[INFO] [1790234775.065157630] [mapex_explorer]: Main /plan diagnostic: poses=29, endpoint=(-8.65, -11.52), frontier=(-8.65, -11.52), endpoint_to_frontier=0.000 m, limit=0.10 m -> usable
[controller_server-11] [INFO] [1790234775.114012467] [controller_server]: Passing new path to controller.
[INFO] [1790234776.088936992] [mapex_explorer]: Main /plan diagnostic: poses=30, endpoint=(-8.65, -11.52), frontier=(-8.65, -11.52), endpoint_to_frontier=0.000 m, limit=0.10 m -> usable
[controller_server-11] [INFO] [1790234776.114083527] [controller_server]: Passing new path to controller.
[INFO] [1790234777.122116949] [mapex_explorer]: Main /plan diagnostic: poses=30, endpoint=(-8.65, -11.52), frontier=(-8.65, -11.52), endpoint_to_frontier=0.000 m, limit=0.10 m -> usable
[controller_server-11] [INFO] [1790234777.180794633] [controller_server]: Passing new path to controller.
[INFO] [1790234778.139101100] [mapex_explorer]: Main /plan diagnostic: poses=29, endpoint=(-8.65, -11.52), frontier=(-8.65, -11.52), endpoint_to_frontier=0.000 m, limit=0.10 m -> usable
[controller_server-11] [INFO] [1790234778.183572004] [controller_server]: Passing new path to controller.
[INFO] [1790234779.159295330] [mapex_explorer]: Main /plan diagnostic: poses=29, endpoint=(-8.65, -11.52), frontier=(-8.65, -11.52), endpoint_to_frontier=0.000 m, limit=0.10 m -> usable
[controller_server-11] [INFO] [1790234779.180692109] [controller_server]: Passing new path to controller.
[INFO] [1790234780.187371562] [mapex_explorer]: Main /plan diagnostic: poses=29, endpoint=(-8.65, -11.52), frontier=(-8.65, -11.52), endpoint_to_frontier=0.000 m, limit=0.10 m -> usable
[controller_server-11] [INFO] [1790234780.247372947] [controller_server]: Passing new path to controller.
[INFO] [1790234781.207306758] [mapex_explorer]: Main /plan diagnostic: poses=29, endpoint=(-8.65, -11.52), frontier=(-8.65, -11.52), endpoint_to_frontier=0.000 m, limit=0.10 m -> usable
[controller_server-11] [INFO] [1790234781.247361208] [controller_server]: Passing new path to controller.
[INFO] [1790234782.229863460] [mapex_explorer]: Main /plan diagnostic: poses=30, endpoint=(-8.65, -11.52), frontier=(-8.65, -11.52), endpoint_to_frontier=0.000 m, limit=0.10 m -> usable
[controller_server-11] [INFO] [1790234782.247340996] [controller_server]: Passing new path to controller.
[controller_server-11] [ERROR] [1790234782.714228270] [controller_server]: Failed to make progress
[controller_server-11] [INFO] [1790234782.714540378] [controller_server]: Optimizer reset
[controller_server-11] [WARN] [1790234782.714576238] [controller_server]: [follow_path] [ActionServer] Aborting handle.
[behavior_server-15] [INFO] [1790234782.730060369] [behavior_server]: Running wait
[behavior_server-15] [INFO] [1790234783.030418122] [behavior_server]: wait completed successfully
[INFO] [1790234783.057955402] [mapex_explorer]: Main /plan diagnostic: poses=30, endpoint=(-8.65, -11.52), frontier=(-8.65, -11.52), endpoint_to_frontier=0.000 m, limit=0.10 m -> usable
[controller_server-11] [INFO] [1790234783.070063392] [controller_server]: Received a goal, begin computing control effort.
[INFO] [1790234784.077851540] [mapex_explorer]: Main /plan diagnostic: poses=29, endpoint=(-8.65, -11.52), frontier=(-8.65, -11.52), endpoint_to_frontier=0.000 m, limit=0.10 m -> usable
[controller_server-11] [INFO] [1790234784.137230201] [controller_server]: Passing new path to controller.
[INFO] [1790234785.096093303] [mapex_explorer]: Main /plan diagnostic: poses=30, endpoint=(-8.65, -11.52), frontier=(-8.65, -11.52), endpoint_to_frontier=0.000 m, limit=0.10 m -> usable
[controller_server-11] [INFO] [1790234785.137066991] [controller_server]: Passing new path to controller.
[INFO] [1790234786.117283028] [mapex_explorer]: Main /plan diagnostic: poses=29, endpoint=(-8.65, -11.52), frontier=(-8.65, -11.52), endpoint_to_frontier=0.000 m, limit=0.10 m -> usable
[controller_server-11] [INFO] [1790234786.137055952] [controller_server]: Passing new path to controller.
[INFO] [1790234787.148249187] [mapex_explorer]: Main /plan diagnostic: poses=29, endpoint=(-8.65, -11.52), frontier=(-8.65, -11.52), endpoint_to_frontier=0.000 m, limit=0.10 m -> usable
[controller_server-11] [INFO] [1790234787.203541231] [controller_server]: Passing new path to controller.
[INFO] [1790234788.160030521] [mapex_explorer]: Main /plan diagnostic: poses=29, endpoint=(-8.65, -11.52), frontier=(-8.65, -11.52), endpoint_to_frontier=0.000 m, limit=0.10 m -> usable
[controller_server-11] [INFO] [1790234788.203551924] [controller_server]: Passing new path to controller.
[INFO] [1790234789.176191825] [mapex_explorer]: Main /plan diagnostic: poses=30, endpoint=(-8.65, -11.52), frontier=(-8.65, -11.52), endpoint_to_frontier=0.000 m, limit=0.10 m -> usable
[controller_server-11] [INFO] [1790234789.203611897] [controller_server]: Passing new path to controller.
[INFO] [1790234790.212455643] [mapex_explorer]: Main /plan diagnostic: poses=30, endpoint=(-8.65, -11.52), frontier=(-8.65, -11.52), endpoint_to_frontier=0.000 m, limit=0.10 m -> usable
[controller_server-11] [INFO] [1790234790.270299341] [controller_server]: Passing new path to controller.
[INFO] [1790234791.215676340] [mapex_explorer]: Main /plan diagnostic: poses=30, endpoint=(-8.65, -11.52), frontier=(-8.65, -11.52), endpoint_to_frontier=0.000 m, limit=0.10 m -> usable
[controller_server-11] [INFO] [1790234791.270220012] [controller_server]: Passing new path to controller.
[INFO] [1790234792.236008460] [mapex_explorer]: Main /plan diagnostic: poses=29, endpoint=(-8.65, -11.52), frontier=(-8.65, -11.52), endpoint_to_frontier=0.000 m, limit=0.10 m -> usable
[controller_server-11] [INFO] [1790234792.270506620] [controller_server]: Passing new path to controller.
[INFO] [1790234793.265557663] [mapex_explorer]: Main /plan diagnostic: poses=29, endpoint=(-8.65, -11.52), frontier=(-8.65, -11.52), endpoint_to_frontier=0.000 m, limit=0.10 m -> usable
[controller_server-11] [INFO] [1790234793.336902940] [controller_server]: Passing new path to controller.
[INFO] [1790234794.298038347] [mapex_explorer]: Main /plan diagnostic: poses=29, endpoint=(-8.65, -11.52), frontier=(-8.65, -11.52), endpoint_to_frontier=0.000 m, limit=0.10 m -> usable
[controller_server-11] [INFO] [1790234794.336900910] [controller_server]: Passing new path to controller.
[controller_server-11] [ERROR] [1790234794.803693273] [controller_server]: Failed to make progress
[controller_server-11] [INFO] [1790234794.804076771] [controller_server]: Optimizer reset
[controller_server-11] [WARN] [1790234794.804114571] [controller_server]: [follow_path] [ActionServer] Aborting handle.
[bt_navigator-16] [WARN] [1790234794.829384956] [bt_navigator]: [navigate_to_pose] [ActionServer] Aborting handle.
[bt_navigator-16] [ERROR] [1790234794.829596653] [bt_navigator]: Goal failed
[WARN] [1790234794.831692754] [mapex_explorer]: Main goal failed (status=6, error_code=105)
[WARN] [1790234794.832236170] [mapex_explorer]: Main frontier temporarily suppressed after FAILED_TO_MAKE_PROGRESS (105): x=-8.65, y=-11.52; reason=repeated_failed_to_make_progress; radius=0.30 m, cooldown=30 s. Exploration will continue with another frontier.
[INFO] [1790234802.067126286] [mapex_explorer]: MapEx decision 9: selected x=-11.26, y=-11.42, IG=24.256653, distance=3.21 m, score=7.567226, region=40, candidates=30, near_fallback=False, compute=7.03 s
[bt_navigator-16] [INFO] [1790234802.070751566] [bt_navigator]: Begin navigating from current location (-8.51, -9.78) to (-11.26, -11.42)
[controller_server-11] [INFO] [1790234802.091861477] [controller_server]: Received a goal, begin computing control effort.
[INFO] [1790234802.188400060] [mapex_explorer]: Main goal accepted
[INFO] [1790234802.262095273] [mapex_explorer]: Main /plan diagnostic: poses=90, endpoint=(-11.26, -11.42), frontier=(-11.26, -11.42), endpoint_to_frontier=0.000 m, limit=0.10 m -> usable
[INFO] [1790234803.113099456] [mapex_explorer]: Main /plan diagnostic: poses=87, endpoint=(-11.26, -11.42), frontier=(-11.26, -11.42), endpoint_to_frontier=0.000 m, limit=0.10 m -> usable
[controller_server-11] [INFO] [1790234803.158672619] [controller_server]: Passing new path to controller.
[INFO] [1790234804.117816392] [mapex_explorer]: Main /plan diagnostic: poses=82, endpoint=(-11.26, -11.42), frontier=(-11.26, -11.42), endpoint_to_frontier=0.000 m, limit=0.10 m -> usable
[controller_server-11] [INFO] [1790234804.158675283] [controller_server]: Passing new path to controller.
[INFO] [1790234805.153293618] [mapex_explorer]: Main /plan diagnostic: poses=78, endpoint=(-11.26, -11.42), frontier=(-11.26, -11.42), endpoint_to_frontier=0.000 m, limit=0.10 m -> usable
[controller_server-11] [INFO] [1790234805.225367024] [controller_server]: Passing new path to controller.
[INFO] [1790234806.183575006] [mapex_explorer]: Main /plan diagnostic: poses=77, endpoint=(-11.26, -11.42), frontier=(-11.26, -11.42), endpoint_to_frontier=0.000 m, limit=0.10 m -> usable
[controller_server-11] [INFO] [1790234806.227012738] [controller_server]: Passing new path to controller.
[INFO] [1790234807.213204728] [mapex_explorer]: Main /plan diagnostic: poses=77, endpoint=(-11.26, -11.42), frontier=(-11.26, -11.42), endpoint_to_frontier=0.000 m, limit=0.10 m -> usable
[controller_server-11] [INFO] [1790234807.225338743] [controller_server]: Passing new path to controller.
[INFO] [1790234808.238384510] [mapex_explorer]: Main /plan diagnostic: poses=72, endpoint=(-11.26, -11.42), frontier=(-11.26, -11.42), endpoint_to_frontier=0.000 m, limit=0.10 m -> usable
[controller_server-11] [INFO] [1790234808.292013918] [controller_server]: Passing new path to controller.
[INFO] [1790234809.266451740] [mapex_explorer]: Main /plan diagnostic: poses=60, endpoint=(-11.26, -11.42), frontier=(-11.26, -11.42), endpoint_to_frontier=0.000 m, limit=0.10 m -> usable
[controller_server-11] [INFO] [1790234809.292013051] [controller_server]: Passing new path to controller.
[INFO] [1790234810.295611633] [mapex_explorer]: Main /plan diagnostic: poses=54, endpoint=(-11.26, -11.42), frontier=(-11.26, -11.42), endpoint_to_frontier=0.000 m, limit=0.10 m -> usable
[controller_server-11] [INFO] [1790234810.358850513] [controller_server]: Passing new path to controller.
[INFO] [1790234811.313496824] [mapex_explorer]: Main /plan diagnostic: poses=45, endpoint=(-11.26, -11.42), frontier=(-11.26, -11.42), endpoint_to_frontier=0.000 m, limit=0.10 m -> usable
[controller_server-11] [INFO] [1790234811.358692441] [controller_server]: Passing new path to controller.
[controller_server-11] [INFO] [1790234812.358718478] [controller_server]: Passing new path to controller.
[INFO] [1790234812.416060229] [mapex_explorer]: Main /plan diagnostic: poses=36, endpoint=(-11.26, -11.42), frontier=(-11.26, -11.42), endpoint_to_frontier=0.000 m, limit=0.10 m -> usable
[INFO] [1790234813.403303727] [mapex_explorer]: Main /plan diagnostic: poses=27, endpoint=(-11.26, -11.42), frontier=(-11.26, -11.42), endpoint_to_frontier=0.000 m, limit=0.10 m -> usable
[controller_server-11] [INFO] [1790234813.425366056] [controller_server]: Passing new path to controller.
[INFO] [1790234814.401505961] [mapex_explorer]: Main /plan diagnostic: poses=21, endpoint=(-11.26, -11.42), frontier=(-11.26, -11.42), endpoint_to_frontier=0.000 m, limit=0.10 m -> usable
[controller_server-11] [INFO] [1790234814.425381037] [controller_server]: Passing new path to controller.
[controller_server-11] [INFO] [1790234815.425353613] [controller_server]: Passing new path to controller.
[INFO] [1790234815.502736771] [mapex_explorer]: Main /plan diagnostic: poses=15, endpoint=(-11.26, -11.42), frontier=(-11.26, -11.42), endpoint_to_frontier=0.000 m, limit=0.10 m -> usable
[INFO] [1790234816.429272224] [mapex_explorer]: Main /plan diagnostic: poses=9, endpoint=(-11.26, -11.42), frontier=(-11.26, -11.42), endpoint_to_frontier=0.000 m, limit=0.10 m -> usable
[controller_server-11] [INFO] [1790234816.492013542] [controller_server]: Passing new path to controller.
[controller_server-11] [INFO] [1790234816.961772429] [controller_server]: Reached the goal!
[controller_server-11] [INFO] [1790234816.962443099] [controller_server]: Optimizer reset
[bt_navigator-16] [INFO] [1790234816.991234760] [bt_navigator]: Goal succeeded
[INFO] [1790234816.995729101] [mapex_explorer]: Goal reached
[INFO] [1790234823.756516271] [mapex_explorer]: MapEx decision 10: selected x=3.94, y=-7.32, IG=90.097572, distance=15.73 m, score=5.727653, region=30, candidates=28, near_fallback=False, compute=6.72 s
[bt_navigator-16] [INFO] [1790234823.758045769] [bt_navigator]: Begin navigating from current location (-11.33, -11.10) to (3.94, -7.32)
[controller_server-11] [INFO] [1790234823.780508700] [controller_server]: Received a goal, begin computing control effort.
[INFO] [1790234823.883447749] [mapex_explorer]: Main goal accepted
[INFO] [1790234823.963917454] [mapex_explorer]: Main /plan diagnostic: poses=386, endpoint=(3.94, -7.32), frontier=(3.94, -7.32), endpoint_to_frontier=0.000 m, limit=0.10 m -> usable
[INFO] [1790234824.805491159] [mapex_explorer]: Main /plan diagnostic: poses=384, endpoint=(3.94, -7.32), frontier=(3.94, -7.32), endpoint_to_frontier=0.000 m, limit=0.10 m -> usable
[controller_server-11] [INFO] [1790234824.847530959] [controller_server]: Passing new path to controller.
[INFO] [1790234825.831511872] [mapex_explorer]: Main /plan diagnostic: poses=378, endpoint=(3.94, -7.32), frontier=(3.94, -7.32), endpoint_to_frontier=0.000 m, limit=0.10 m -> usable
[controller_server-11] [INFO] [1790234825.847572420] [controller_server]: Passing new path to controller.
[INFO] [1790234826.865692863] [mapex_explorer]: Main /plan diagnostic: poses=372, endpoint=(3.94, -7.32), frontier=(3.94, -7.32), endpoint_to_frontier=0.000 m, limit=0.10 m -> usable
[controller_server-11] [INFO] [1790234826.914155489] [controller_server]: Passing new path to controller.
[INFO] [1790234827.879205935] [mapex_explorer]: Main /plan diagnostic: poses=371, endpoint=(3.94, -7.32), frontier=(3.94, -7.32), endpoint_to_frontier=0.000 m, limit=0.10 m -> usable
[controller_server-11] [INFO] [1790234827.914161715] [controller_server]: Passing new path to controller.
[INFO] [1790234828.900206016] [mapex_explorer]: Main /plan diagnostic: poses=371, endpoint=(3.94, -7.32), frontier=(3.94, -7.32), endpoint_to_frontier=0.000 m, limit=0.10 m -> usable
[controller_server-11] [INFO] [1790234828.914194449] [controller_server]: Passing new path to controller.
[INFO] [1790234829.935893226] [mapex_explorer]: Main /plan diagnostic: poses=367, endpoint=(3.94, -7.32), frontier=(3.94, -7.32), endpoint_to_frontier=0.000 m, limit=0.10 m -> usable
[controller_server-11] [INFO] [1790234829.981699749] [controller_server]: Passing new path to controller.
[INFO] [1790234830.944323939] [mapex_explorer]: Main /plan diagnostic: poses=355, endpoint=(3.94, -7.32), frontier=(3.94, -7.32), endpoint_to_frontier=0.000 m, limit=0.10 m -> usable
[controller_server-11] [INFO] [1790234830.980826693] [controller_server]: Passing new path to controller.
[INFO] [1790234831.967512229] [mapex_explorer]: Main /plan diagnostic: poses=346, endpoint=(3.94, -7.32), frontier=(3.94, -7.32), endpoint_to_frontier=0.000 m, limit=0.10 m -> usable
[controller_server-11] [INFO] [1790234831.980845345] [controller_server]: Passing new path to controller.
[INFO] [1790234833.004274270] [mapex_explorer]: Main /plan diagnostic: poses=337, endpoint=(3.94, -7.32), frontier=(3.94, -7.32), endpoint_to_frontier=0.000 m, limit=0.10 m -> usable
[controller_server-11] [INFO] [1790234833.047729658] [controller_server]: Passing new path to controller.
[INFO] [1790234834.020232704] [mapex_explorer]: Main /plan diagnostic: poses=328, endpoint=(3.94, -7.32), frontier=(3.94, -7.32), endpoint_to_frontier=0.000 m, limit=0.10 m -> usable
[controller_server-11] [INFO] [1790234834.047545290] [controller_server]: Passing new path to controller.
[INFO] [1790234835.057896672] [mapex_explorer]: Main /plan diagnostic: poses=319, endpoint=(3.94, -7.32), frontier=(3.94, -7.32), endpoint_to_frontier=0.000 m, limit=0.10 m -> usable
[controller_server-11] [INFO] [1790234835.115887842] [controller_server]: Passing new path to controller.
[INFO] [1790234836.085243323] [mapex_explorer]: Main /plan diagnostic: poses=311, endpoint=(3.94, -7.32), frontier=(3.94, -7.32), endpoint_to_frontier=0.000 m, limit=0.10 m -> usable
[controller_server-11] [INFO] [1790234836.114161923] [controller_server]: Passing new path to controller.
[INFO] [1790234837.114181225] [mapex_explorer]: Main /plan diagnostic: poses=300, endpoint=(3.94, -7.32), frontier=(3.94, -7.32), endpoint_to_frontier=0.000 m, limit=0.10 m -> usable
[controller_server-11] [INFO] [1790234837.114208373] [controller_server]: Passing new path to controller.
[INFO] [1790234838.136217568] [mapex_explorer]: Main /plan diagnostic: poses=292, endpoint=(3.94, -7.32), frontier=(3.94, -7.32), endpoint_to_frontier=0.000 m, limit=0.10 m -> usable
[controller_server-11] [INFO] [1790234838.183510526] [controller_server]: Passing new path to controller.
[INFO] [1790234839.155067372] [mapex_explorer]: Main /plan diagnostic: poses=286, endpoint=(3.94, -7.32), frontier=(3.94, -7.32), endpoint_to_frontier=0.000 m, limit=0.10 m -> usable
[controller_server-11] [INFO] [1790234839.180827030] [controller_server]: Passing new path to controller.
[controller_server-11] [INFO] [1790234840.180835141] [controller_server]: Passing new path to controller.
[INFO] [1790234840.185952280] [mapex_explorer]: Main /plan diagnostic: poses=276, endpoint=(3.94, -7.32), frontier=(3.94, -7.32), endpoint_to_frontier=0.000 m, limit=0.10 m -> usable
[INFO] [1790234841.213927798] [mapex_explorer]: Main /plan diagnostic: poses=267, endpoint=(3.94, -7.32), frontier=(3.94, -7.32), endpoint_to_frontier=0.000 m, limit=0.10 m -> usable
[controller_server-11] [INFO] [1790234841.247652720] [controller_server]: Passing new path to controller.
[INFO] [1790234842.233357601] [mapex_explorer]: Main /plan diagnostic: poses=258, endpoint=(3.94, -7.32), frontier=(3.94, -7.32), endpoint_to_frontier=0.000 m, limit=0.10 m -> usable
[controller_server-11] [INFO] [1790234842.247842478] [controller_server]: Passing new path to controller.
[INFO] [1790234843.257416698] [mapex_explorer]: Main /plan diagnostic: poses=247, endpoint=(3.94, -7.32), frontier=(3.94, -7.32), endpoint_to_frontier=0.000 m, limit=0.10 m -> usable
[controller_server-11] [INFO] [1790234843.314157191] [controller_server]: Passing new path to controller.
[async_slam_toolbox_node-10] W20260924 14:27:23.400211 60310 preprocessor.cc:67] Specified options.num_threads: 50 exceeds maximum available from the threading model Ceres was compiled with: 16.  Bounding to maximum number available.
[async_slam_toolbox_node-10] [INFO] [1790234843.405329616] [slam_toolbox]: Adaptive anchor summary: latest_node=514, local_edges=537, loop_history=0, avg_effective_weight=1.544, release_regions=0
[controller_server-11] [INFO] [1790234844.038783883] [local_costmap.local_costmap]: StaticLayer: Resizing static layer to 241 X 200 at 0.100000 m/pix
[planner_server-13] [INFO] [1790234844.057608787] [global_costmap.global_costmap]: StaticLayer: Resizing costmap to 241 X 200 at 0.100000 m/pix
[INFO] [1790234844.277224750] [mapex_explorer]: Main /plan diagnostic: poses=239, endpoint=(3.94, -7.32), frontier=(3.94, -7.32), endpoint_to_frontier=0.000 m, limit=0.10 m -> usable
[controller_server-11] [INFO] [1790234844.314286187] [controller_server]: Passing new path to controller.
[INFO] [1790234845.306941383] [mapex_explorer]: Main /plan diagnostic: poses=228, endpoint=(3.94, -7.32), frontier=(3.94, -7.32), endpoint_to_frontier=0.000 m, limit=0.10 m -> usable
[controller_server-11] [INFO] [1790234845.314182464] [controller_server]: Passing new path to controller.
[INFO] [1790234846.320908142] [mapex_explorer]: Main /plan diagnostic: poses=220, endpoint=(3.94, -7.32), frontier=(3.94, -7.32), endpoint_to_frontier=0.000 m, limit=0.10 m -> usable
[controller_server-11] [INFO] [1790234846.380931751] [controller_server]: Passing new path to controller.
[INFO] [1790234847.340529255] [mapex_explorer]: Main /plan diagnostic: poses=212, endpoint=(3.94, -7.32), frontier=(3.94, -7.32), endpoint_to_frontier=0.000 m, limit=0.10 m -> usable
[controller_server-11] [INFO] [1790234847.380890249] [controller_server]: Passing new path to controller.
[controller_server-11] [INFO] [1790234848.381210813] [controller_server]: Passing new path to controller.
[INFO] [1790234848.531283105] [mapex_explorer]: Main /plan diagnostic: poses=204, endpoint=(3.94, -7.32), frontier=(3.94, -7.32), endpoint_to_frontier=0.000 m, limit=0.10 m -> usable
[INFO] [1790234849.410612375] [mapex_explorer]: Main /plan diagnostic: poses=195, endpoint=(3.94, -7.32), frontier=(3.94, -7.32), endpoint_to_frontier=0.000 m, limit=0.10 m -> usable
[controller_server-11] [INFO] [1790234849.447511210] [controller_server]: Passing new path to controller.
[INFO] [1790234850.418879872] [mapex_explorer]: Main /plan diagnostic: poses=186, endpoint=(3.94, -7.32), frontier=(3.94, -7.32), endpoint_to_frontier=0.000 m, limit=0.10 m -> usable
[controller_server-11] [INFO] [1790234850.447515396] [controller_server]: Passing new path to controller.
[INFO] [1790234851.422537549] [mapex_explorer]: Main /plan diagnostic: poses=176, endpoint=(3.94, -7.32), frontier=(3.94, -7.32), endpoint_to_frontier=0.000 m, limit=0.10 m -> usable
[controller_server-11] [INFO] [1790234851.447492093] [controller_server]: Passing new path to controller.
[INFO] [1790234852.464757634] [mapex_explorer]: Main /plan diagnostic: poses=169, endpoint=(3.94, -7.32), frontier=(3.94, -7.32), endpoint_to_frontier=0.000 m, limit=0.10 m -> usable
[controller_server-11] [INFO] [1790234852.514168803] [controller_server]: Passing new path to controller.
[INFO] [1790234853.475088324] [mapex_explorer]: Main /plan diagnostic: poses=161, endpoint=(3.94, -7.32), frontier=(3.94, -7.32), endpoint_to_frontier=0.000 m, limit=0.10 m -> usable
[controller_server-11] [INFO] [1790234853.514187358] [controller_server]: Passing new path to controller.
[INFO] [1790234854.507517483] [mapex_explorer]: Main /plan diagnostic: poses=151, endpoint=(3.94, -7.32), frontier=(3.94, -7.32), endpoint_to_frontier=0.000 m, limit=0.10 m -> usable
[controller_server-11] [INFO] [1790234854.514202945] [controller_server]: Passing new path to controller.
[INFO] [1790234855.522367828] [mapex_explorer]: Main /plan diagnostic: poses=143, endpoint=(3.94, -7.32), frontier=(3.94, -7.32), endpoint_to_frontier=0.000 m, limit=0.10 m -> usable
[controller_server-11] [INFO] [1790234855.580839642] [controller_server]: Passing new path to controller.
[INFO] [1790234856.539653047] [mapex_explorer]: Main /plan diagnostic: poses=133, endpoint=(3.94, -7.32), frontier=(3.94, -7.32), endpoint_to_frontier=0.000 m, limit=0.10 m -> usable
[controller_server-11] [INFO] [1790234856.580826736] [controller_server]: Passing new path to controller.
[INFO] [1790234857.558529559] [mapex_explorer]: Main /plan diagnostic: poses=123, endpoint=(3.94, -7.32), frontier=(3.94, -7.32), endpoint_to_frontier=0.000 m, limit=0.10 m -> usable
[controller_server-11] [INFO] [1790234857.580820765] [controller_server]: Passing new path to controller.
[INFO] [1790234858.599609965] [mapex_explorer]: Main /plan diagnostic: poses=113, endpoint=(3.94, -7.32), frontier=(3.94, -7.32), endpoint_to_frontier=0.000 m, limit=0.10 m -> usable
[controller_server-11] [INFO] [1790234858.647551931] [controller_server]: Passing new path to controller.
[INFO] [1790234859.599630436] [mapex_explorer]: Main /plan diagnostic: poses=104, endpoint=(3.94, -7.32), frontier=(3.94, -7.32), endpoint_to_frontier=0.000 m, limit=0.10 m -> usable
[controller_server-11] [INFO] [1790234859.647502738] [controller_server]: Passing new path to controller.
[controller_server-11] [INFO] [1790234860.038745549] [local_costmap.local_costmap]: StaticLayer: Resizing static layer to 241 X 200 at 0.100000 m/pix
[planner_server-13] [INFO] [1790234860.057626466] [global_costmap.global_costmap]: StaticLayer: Resizing costmap to 241 X 200 at 0.100000 m/pix
[INFO] [1790234860.625925498] [mapex_explorer]: Main /plan diagnostic: poses=94, endpoint=(3.94, -7.32), frontier=(3.94, -7.32), endpoint_to_frontier=0.000 m, limit=0.10 m -> usable
[controller_server-11] [INFO] [1790234860.647487109] [controller_server]: Passing new path to controller.
[INFO] [1790234861.659668896] [mapex_explorer]: Main /plan diagnostic: poses=86, endpoint=(3.94, -7.32), frontier=(3.94, -7.32), endpoint_to_frontier=0.000 m, limit=0.10 m -> usable
[controller_server-11] [INFO] [1790234861.714167163] [controller_server]: Passing new path to controller.
[INFO] [1790234862.667839805] [mapex_explorer]: Main /plan diagnostic: poses=76, endpoint=(3.94, -7.32), frontier=(3.94, -7.32), endpoint_to_frontier=0.000 m, limit=0.10 m -> usable
[controller_server-11] [INFO] [1790234862.714197097] [controller_server]: Passing new path to controller.
[controller_server-11] [INFO] [1790234863.038730597] [local_costmap.local_costmap]: StaticLayer: Resizing static layer to 246 X 200 at 0.100000 m/pix
[rviz2-7] [INFO] [1790234863.057438139] [rviz2]: Trying to create a map of size 246 x 200 using 1 swatches
[planner_server-13] [INFO] [1790234863.057644875] [global_costmap.global_costmap]: StaticLayer: Resizing costmap to 246 X 200 at 0.100000 m/pix
[INFO] [1790234863.698507501] [mapex_explorer]: Main /plan diagnostic: poses=65, endpoint=(3.94, -7.32), frontier=(3.94, -7.32), endpoint_to_frontier=0.000 m, limit=0.10 m -> usable
[controller_server-11] [INFO] [1790234863.714150651] [controller_server]: Passing new path to controller.
[controller_server-11] [INFO] [1790234864.038862271] [local_costmap.local_costmap]: StaticLayer: Resizing static layer to 254 X 200 at 0.100000 m/pix
[planner_server-13] [INFO] [1790234864.057762353] [global_costmap.global_costmap]: StaticLayer: Resizing costmap to 254 X 200 at 0.100000 m/pix
[rviz2-7] [INFO] [1790234864.075586858] [rviz2]: Trying to create a map of size 254 x 200 using 1 swatches
[INFO] [1790234864.724138501] [mapex_explorer]: Main /plan diagnostic: poses=55, endpoint=(3.94, -7.32), frontier=(3.94, -7.32), endpoint_to_frontier=0.000 m, limit=0.10 m -> usable
[controller_server-11] [INFO] [1790234864.780860751] [controller_server]: Passing new path to controller.
[controller_server-11] [INFO] [1790234865.038764716] [local_costmap.local_costmap]: StaticLayer: Resizing static layer to 258 X 200 at 0.100000 m/pix
[planner_server-13] [INFO] [1790234865.057653117] [global_costmap.global_costmap]: StaticLayer: Resizing costmap to 258 X 200 at 0.100000 m/pix
[rviz2-7] [INFO] [1790234865.062438317] [rviz2]: Trying to create a map of size 258 x 200 using 1 swatches
[INFO] [1790234865.757519051] [mapex_explorer]: Main /plan diagnostic: poses=46, endpoint=(3.94, -7.32), frontier=(3.94, -7.32), endpoint_to_frontier=0.000 m, limit=0.10 m -> usable
[controller_server-11] [INFO] [1790234865.780827194] [controller_server]: Passing new path to controller.
[INFO] [1790234866.783990627] [mapex_explorer]: Main /plan diagnostic: poses=36, endpoint=(3.94, -7.32), frontier=(3.94, -7.32), endpoint_to_frontier=0.000 m, limit=0.10 m -> usable
[controller_server-11] [INFO] [1790234866.847492597] [controller_server]: Passing new path to controller.
[INFO] [1790234867.801853514] [mapex_explorer]: Main /plan diagnostic: poses=27, endpoint=(3.94, -7.32), frontier=(3.94, -7.32), endpoint_to_frontier=0.000 m, limit=0.10 m -> usable
[controller_server-11] [INFO] [1790234867.847558202] [controller_server]: Passing new path to controller.
[INFO] [1790234868.831144933] [mapex_explorer]: Main /plan diagnostic: poses=18, endpoint=(3.94, -7.32), frontier=(3.94, -7.32), endpoint_to_frontier=0.000 m, limit=0.10 m -> usable
[controller_server-11] [INFO] [1790234868.914151008] [controller_server]: Passing new path to controller.
[INFO] [1790234869.852979855] [mapex_explorer]: Main /plan diagnostic: poses=11, endpoint=(3.94, -7.32), frontier=(3.94, -7.32), endpoint_to_frontier=0.000 m, limit=0.10 m -> usable
[controller_server-11] [INFO] [1790234869.914182418] [controller_server]: Passing new path to controller.
[controller_server-11] [INFO] [1790234870.849464032] [controller_server]: Reached the goal!
[controller_server-11] [INFO] [1790234870.849722644] [controller_server]: Optimizer reset
[bt_navigator-16] [INFO] [1790234870.878426158] [bt_navigator]: Goal succeeded
[INFO] [1790234870.879626386] [mapex_explorer]: Main /plan diagnostic: poses=8, endpoint=(3.94, -7.32), frontier=(3.94, -7.32), endpoint_to_frontier=0.000 m, limit=0.10 m -> usable
[INFO] [1790234870.883001409] [mapex_explorer]: Goal reached
[INFO] [1790234876.560086333] [mapex_explorer]: MapEx decision 11: selected x=6.64, y=-7.63, IG=38.737682, distance=2.98 m, score=12.995276, region=33, candidates=30, near_fallback=False, compute=5.52 s
[bt_navigator-16] [INFO] [1790234876.561266033] [bt_navigator]: Begin navigating from current location (3.72, -7.05) to (6.64, -7.63)
[controller_server-11] [INFO] [1790234876.582892906] [controller_server]: Received a goal, begin computing control effort.
[INFO] [1790234876.694977895] [mapex_explorer]: Main goal accepted
[INFO] [1790234876.756254205] [mapex_explorer]: Main /plan diagnostic: poses=68, endpoint=(6.64, -7.63), frontier=(6.64, -7.63), endpoint_to_frontier=0.000 m, limit=0.10 m -> usable
[INFO] [1790234877.602374520] [mapex_explorer]: Main /plan diagnostic: poses=61, endpoint=(6.64, -7.63), frontier=(6.64, -7.63), endpoint_to_frontier=0.000 m, limit=0.10 m -> usable
[controller_server-11] [INFO] [1790234877.649759880] [controller_server]: Passing new path to controller.
[INFO] [1790234878.621808265] [mapex_explorer]: Main /plan diagnostic: poses=54, endpoint=(6.64, -7.63), frontier=(6.64, -7.63), endpoint_to_frontier=0.000 m, limit=0.10 m -> usable
[controller_server-11] [INFO] [1790234878.649864572] [controller_server]: Passing new path to controller.
[INFO] [1790234879.652259340] [mapex_explorer]: Main /plan diagnostic: poses=46, endpoint=(6.64, -7.63), frontier=(6.64, -7.63), endpoint_to_frontier=0.000 m, limit=0.10 m -> usable
[controller_server-11] [INFO] [1790234879.716713668] [controller_server]: Passing new path to controller.
[INFO] [1790234880.670011962] [mapex_explorer]: Main /plan diagnostic: poses=35, endpoint=(6.64, -7.63), frontier=(6.64, -7.63), endpoint_to_frontier=0.000 m, limit=0.10 m -> usable
[controller_server-11] [INFO] [1790234880.716420814] [controller_server]: Passing new path to controller.
[INFO] [1790234881.696661354] [mapex_explorer]: Main /plan diagnostic: poses=27, endpoint=(6.64, -7.63), frontier=(6.64, -7.63), endpoint_to_frontier=0.000 m, limit=0.10 m -> usable
[controller_server-11] [INFO] [1790234881.716419969] [controller_server]: Passing new path to controller.
[controller_server-11] [INFO] [1790234882.038865507] [local_costmap.local_costmap]: StaticLayer: Resizing static layer to 258 X 200 at 0.100000 m/pix
[planner_server-13] [INFO] [1790234882.057645013] [global_costmap.global_costmap]: StaticLayer: Resizing costmap to 258 X 200 at 0.100000 m/pix
[INFO] [1790234882.726033986] [mapex_explorer]: Main /plan diagnostic: poses=19, endpoint=(6.64, -7.63), frontier=(6.64, -7.63), endpoint_to_frontier=0.000 m, limit=0.10 m -> usable
[controller_server-11] [INFO] [1790234882.783070277] [controller_server]: Passing new path to controller.
[INFO] [1790234883.755217077] [mapex_explorer]: Main /plan diagnostic: poses=15, endpoint=(6.64, -7.63), frontier=(6.64, -7.63), endpoint_to_frontier=0.000 m, limit=0.10 m -> usable
[controller_server-11] [INFO] [1790234883.783074679] [controller_server]: Passing new path to controller.
[INFO] [1790234884.790974120] [mapex_explorer]: Main /plan diagnostic: poses=15, endpoint=(6.64, -7.63), frontier=(6.64, -7.63), endpoint_to_frontier=0.000 m, limit=0.10 m -> usable
[controller_server-11] [INFO] [1790234884.849712693] [controller_server]: Passing new path to controller.
[controller_server-11] [INFO] [1790234885.051994170] [controller_server]: Reached the goal!
[controller_server-11] [INFO] [1790234885.052379787] [controller_server]: Optimizer reset
[bt_navigator-16] [INFO] [1790234885.081832096] [bt_navigator]: Goal succeeded
[INFO] [1790234885.084021424] [mapex_explorer]: Goal reached
[INFO] [1790234891.641309045] [mapex_explorer]: MapEx decision 12: selected x=10.04, y=0.57, IG=76.256020, distance=9.21 m, score=8.276274, region=143, candidates=30, near_fallback=False, compute=5.61 s
[bt_navigator-16] [INFO] [1790234891.643468960] [bt_navigator]: Begin navigating from current location (6.45, -7.92) to (10.04, 0.57)
[controller_server-11] [INFO] [1790234891.664519588] [controller_server]: Received a goal, begin computing control effort.
[INFO] [1790234891.751804491] [mapex_explorer]: Main goal accepted
[INFO] [1790234891.922721827] [mapex_explorer]: Main /plan diagnostic: poses=264, endpoint=(10.04, 0.57), frontier=(10.04, 0.57), endpoint_to_frontier=0.000 m, limit=0.10 m -> usable
[INFO] [1790234892.692587289] [mapex_explorer]: Main /plan diagnostic: poses=259, endpoint=(10.04, 0.57), frontier=(10.04, 0.57), endpoint_to_frontier=0.000 m, limit=0.10 m -> usable
[controller_server-11] [INFO] [1790234892.731404656] [controller_server]: Passing new path to controller.
[INFO] [1790234893.721239852] [mapex_explorer]: Main /plan diagnostic: poses=260, endpoint=(10.04, 0.57), frontier=(10.04, 0.57), endpoint_to_frontier=0.000 m, limit=0.10 m -> usable
[controller_server-11] [INFO] [1790234893.731399997] [controller_server]: Passing new path to controller.
[INFO] [1790234894.739842285] [mapex_explorer]: Main /plan diagnostic: poses=260, endpoint=(10.04, 0.57), frontier=(10.04, 0.57), endpoint_to_frontier=0.000 m, limit=0.10 m -> usable
[controller_server-11] [INFO] [1790234894.798068056] [controller_server]: Passing new path to controller.
[INFO] [1790234895.762273088] [mapex_explorer]: Main /plan diagnostic: poses=250, endpoint=(10.04, 0.57), frontier=(10.04, 0.57), endpoint_to_frontier=0.000 m, limit=0.10 m -> usable
[controller_server-11] [INFO] [1790234895.798060232] [controller_server]: Passing new path to controller.
[INFO] [1790234896.795779576] [mapex_explorer]: Main /plan diagnostic: poses=242, endpoint=(10.04, 0.57), frontier=(10.04, 0.57), endpoint_to_frontier=0.000 m, limit=0.10 m -> usable
[controller_server-11] [INFO] [1790234896.798062769] [controller_server]: Passing new path to controller.
[INFO] [1790234897.824639378] [mapex_explorer]: Main /plan diagnostic: poses=233, endpoint=(10.04, 0.57), frontier=(10.04, 0.57), endpoint_to_frontier=0.000 m, limit=0.10 m -> usable
[controller_server-11] [INFO] [1790234897.864724959] [controller_server]: Passing new path to controller.
[INFO] [1790234898.844839167] [mapex_explorer]: Main /plan diagnostic: poses=223, endpoint=(10.04, 0.57), frontier=(10.04, 0.57), endpoint_to_frontier=0.000 m, limit=0.10 m -> usable
[controller_server-11] [INFO] [1790234898.864718982] [controller_server]: Passing new path to controller.
[INFO] [1790234899.881233882] [mapex_explorer]: Main /plan diagnostic: poses=212, endpoint=(10.04, 0.57), frontier=(10.04, 0.57), endpoint_to_frontier=0.000 m, limit=0.10 m -> usable
[controller_server-11] [INFO] [1790234899.931394550] [controller_server]: Passing new path to controller.
[controller_server-11] [INFO] [1790234900.038778265] [local_costmap.local_costmap]: StaticLayer: Resizing static layer to 258 X 200 at 0.100000 m/pix
[planner_server-13] [INFO] [1790234900.057628789] [global_costmap.global_costmap]: StaticLayer: Resizing costmap to 258 X 200 at 0.100000 m/pix
[INFO] [1790234900.886286902] [mapex_explorer]: Main /plan diagnostic: poses=198, endpoint=(10.04, 0.57), frontier=(10.04, 0.57), endpoint_to_frontier=0.000 m, limit=0.10 m -> usable
[controller_server-11] [INFO] [1790234900.931387214] [controller_server]: Passing new path to controller.
[controller_server-11] [INFO] [1790234901.038730798] [local_costmap.local_costmap]: StaticLayer: Resizing static layer to 258 X 200 at 0.100000 m/pix
[planner_server-13] [INFO] [1790234901.057609026] [global_costmap.global_costmap]: StaticLayer: Resizing costmap to 258 X 200 at 0.100000 m/pix
[INFO] [1790234901.921054022] [mapex_explorer]: Main /plan diagnostic: poses=188, endpoint=(10.04, 0.57), frontier=(10.04, 0.57), endpoint_to_frontier=0.000 m, limit=0.10 m -> usable
[controller_server-11] [INFO] [1790234901.931392402] [controller_server]: Passing new path to controller.
[INFO] [1790234902.945964331] [mapex_explorer]: Main /plan diagnostic: poses=178, endpoint=(10.04, 0.57), frontier=(10.04, 0.57), endpoint_to_frontier=0.000 m, limit=0.10 m -> usable
[controller_server-11] [INFO] [1790234902.998064469] [controller_server]: Passing new path to controller.
[INFO] [1790234903.984115632] [mapex_explorer]: Main /plan diagnostic: poses=170, endpoint=(10.04, 0.57), frontier=(10.04, 0.57), endpoint_to_frontier=0.000 m, limit=0.10 m -> usable
[controller_server-11] [INFO] [1790234903.998063200] [controller_server]: Passing new path to controller.
[INFO] [1790234905.005563372] [mapex_explorer]: Main /plan diagnostic: poses=157, endpoint=(10.04, 0.57), frontier=(10.04, 0.57), endpoint_to_frontier=0.000 m, limit=0.10 m -> usable
[controller_server-11] [INFO] [1790234905.064719725] [controller_server]: Passing new path to controller.
[INFO] [1790234906.029663104] [mapex_explorer]: Main /plan diagnostic: poses=150, endpoint=(10.04, 0.57), frontier=(10.04, 0.57), endpoint_to_frontier=0.000 m, limit=0.10 m -> usable
[controller_server-11] [INFO] [1790234906.064710062] [controller_server]: Passing new path to controller.
[controller_server-11] [INFO] [1790234907.038784911] [local_costmap.local_costmap]: StaticLayer: Resizing static layer to 260 X 200 at 0.100000 m/pix
[INFO] [1790234907.056002330] [mapex_explorer]: Main /plan diagnostic: poses=141, endpoint=(10.04, 0.57), frontier=(10.04, 0.57), endpoint_to_frontier=0.000 m, limit=0.10 m -> usable
[planner_server-13] [INFO] [1790234907.057642662] [global_costmap.global_costmap]: StaticLayer: Resizing costmap to 260 X 200 at 0.100000 m/pix
[controller_server-11] [INFO] [1790234907.064717982] [controller_server]: Passing new path to controller.
[rviz2-7] [INFO] [1790234907.085364369] [rviz2]: Trying to create a map of size 260 x 200 using 1 swatches
[INFO] [1790234908.084518706] [mapex_explorer]: Main /plan diagnostic: poses=131, endpoint=(10.04, 0.57), frontier=(10.04, 0.57), endpoint_to_frontier=0.000 m, limit=0.10 m -> usable
[controller_server-11] [INFO] [1790234908.131498284] [controller_server]: Passing new path to controller.
[INFO] [1790234909.117546515] [mapex_explorer]: Main /plan diagnostic: poses=121, endpoint=(10.04, 0.57), frontier=(10.04, 0.57), endpoint_to_frontier=0.000 m, limit=0.10 m -> usable
[controller_server-11] [INFO] [1790234909.131401972] [controller_server]: Passing new path to controller.
[INFO] [1790234910.144751217] [mapex_explorer]: Main /plan diagnostic: poses=112, endpoint=(10.04, 0.57), frontier=(10.04, 0.57), endpoint_to_frontier=0.000 m, limit=0.10 m -> usable
[controller_server-11] [INFO] [1790234910.198062499] [controller_server]: Passing new path to controller.
[INFO] [1790234911.162614446] [mapex_explorer]: Main /plan diagnostic: poses=102, endpoint=(10.04, 0.57), frontier=(10.04, 0.57), endpoint_to_frontier=0.000 m, limit=0.10 m -> usable
[controller_server-11] [INFO] [1790234911.198355837] [controller_server]: Passing new path to controller.
[INFO] [1790234912.199989957] [mapex_explorer]: Main /plan diagnostic: poses=92, endpoint=(10.04, 0.57), frontier=(10.04, 0.57), endpoint_to_frontier=0.000 m, limit=0.10 m -> usable
[controller_server-11] [INFO] [1790234912.264716850] [controller_server]: Passing new path to controller.
[INFO] [1790234913.214055166] [mapex_explorer]: Main /plan diagnostic: poses=83, endpoint=(10.04, 0.57), frontier=(10.04, 0.57), endpoint_to_frontier=0.000 m, limit=0.10 m -> usable
[controller_server-11] [INFO] [1790234913.264719045] [controller_server]: Passing new path to controller.
[INFO] [1790234914.241147406] [mapex_explorer]: Main /plan diagnostic: poses=72, endpoint=(10.04, 0.57), frontier=(10.04, 0.57), endpoint_to_frontier=0.000 m, limit=0.10 m -> usable
[controller_server-11] [INFO] [1790234914.264712943] [controller_server]: Passing new path to controller.
[INFO] [1790234915.271392496] [mapex_explorer]: Main /plan diagnostic: poses=62, endpoint=(10.04, 0.57), frontier=(10.04, 0.57), endpoint_to_frontier=0.000 m, limit=0.10 m -> usable
[controller_server-11] [INFO] [1790234915.331411758] [controller_server]: Passing new path to controller.
[INFO] [1790234916.293758849] [mapex_explorer]: Main /plan diagnostic: poses=52, endpoint=(10.04, 0.57), frontier=(10.04, 0.57), endpoint_to_frontier=0.000 m, limit=0.10 m -> usable
[controller_server-11] [INFO] [1790234916.331397876] [controller_server]: Passing new path to controller.
[INFO] [1790234917.319271734] [mapex_explorer]: Main /plan diagnostic: poses=43, endpoint=(10.04, 0.57), frontier=(10.04, 0.57), endpoint_to_frontier=0.000 m, limit=0.10 m -> usable
[controller_server-11] [INFO] [1790234917.398084351] [controller_server]: Passing new path to controller.
[controller_server-11] [INFO] [1790234918.398373266] [controller_server]: Passing new path to controller.
[INFO] [1790234918.420133401] [mapex_explorer]: Main /plan diagnostic: poses=31, endpoint=(10.04, 0.57), frontier=(10.04, 0.57), endpoint_to_frontier=0.000 m, limit=0.10 m -> usable
[INFO] [1790234919.394682191] [mapex_explorer]: Main /plan diagnostic: poses=22, endpoint=(10.04, 0.57), frontier=(10.04, 0.57), endpoint_to_frontier=0.000 m, limit=0.10 m -> usable
[controller_server-11] [INFO] [1790234919.398127178] [controller_server]: Passing new path to controller.
[controller_server-11] [INFO] [1790234920.038752797] [local_costmap.local_costmap]: StaticLayer: Resizing static layer to 261 X 200 at 0.100000 m/pix
[planner_server-13] [INFO] [1790234920.057727876] [global_costmap.global_costmap]: StaticLayer: Resizing costmap to 261 X 200 at 0.100000 m/pix
[rviz2-7] [INFO] [1790234920.064715156] [rviz2]: Trying to create a map of size 261 x 200 using 1 swatches
[controller_server-11] [INFO] [1790234920.398062192] [controller_server]: Passing new path to controller.
[INFO] [1790234920.402864757] [mapex_explorer]: Main /plan diagnostic: poses=15, endpoint=(10.04, 0.57), frontier=(10.04, 0.57), endpoint_to_frontier=0.000 m, limit=0.10 m -> usable
[INFO] [1790234921.411247211] [mapex_explorer]: Main /plan diagnostic: poses=11, endpoint=(10.04, 0.57), frontier=(10.04, 0.57), endpoint_to_frontier=0.000 m, limit=0.10 m -> usable
[controller_server-11] [INFO] [1790234921.464711597] [controller_server]: Passing new path to controller.
[controller_server-11] [INFO] [1790234921.734750021] [controller_server]: Reached the goal!
[controller_server-11] [INFO] [1790234921.735158372] [controller_server]: Optimizer reset
[bt_navigator-16] [INFO] [1790234921.763869165] [bt_navigator]: Goal succeeded
[INFO] [1790234921.766854524] [mapex_explorer]: Goal reached
[INFO] [1790234927.606987236] [mapex_explorer]: MapEx decision 13: selected x=11.84, y=1.96, IG=31.999403, distance=2.60 m, score=12.301855, region=34, candidates=29, near_fallback=False, compute=5.56 s
[bt_navigator-16] [INFO] [1790234927.608193794] [bt_navigator]: Begin navigating from current location (9.75, 0.41) to (11.84, 1.96)
[controller_server-11] [INFO] [1790234927.629257838] [controller_server]: Received a goal, begin computing control effort.
[INFO] [1790234927.718321920] [mapex_explorer]: Main goal accepted
[INFO] [1790234927.886854701] [mapex_explorer]: Main /plan diagnostic: poses=63, endpoint=(11.84, 1.96), frontier=(11.84, 1.96), endpoint_to_frontier=0.000 m, limit=0.10 m -> usable
[INFO] [1790234928.646080503] [mapex_explorer]: Main /plan diagnostic: poses=63, endpoint=(11.84, 1.96), frontier=(11.84, 1.96), endpoint_to_frontier=0.000 m, limit=0.10 m -> usable
[controller_server-11] [INFO] [1790234928.696719455] [controller_server]: Passing new path to controller.
[INFO] [1790234929.665119810] [mapex_explorer]: Main /plan diagnostic: poses=56, endpoint=(11.84, 1.96), frontier=(11.84, 1.96), endpoint_to_frontier=0.000 m, limit=0.10 m -> usable
[controller_server-11] [INFO] [1790234929.696110672] [controller_server]: Passing new path to controller.
[INFO] [1790234930.693208071] [mapex_explorer]: Main /plan diagnostic: poses=47, endpoint=(11.84, 1.96), frontier=(11.84, 1.96), endpoint_to_frontier=0.000 m, limit=0.10 m -> usable
[controller_server-11] [INFO] [1790234930.762728235] [controller_server]: Passing new path to controller.
[INFO] [1790234931.720408729] [mapex_explorer]: Main /plan diagnostic: poses=34, endpoint=(11.84, 1.96), frontier=(11.84, 1.96), endpoint_to_frontier=0.000 m, limit=0.10 m -> usable
[controller_server-11] [INFO] [1790234931.762710473] [controller_server]: Passing new path to controller.
[INFO] [1790234932.735639173] [mapex_explorer]: Main /plan diagnostic: poses=23, endpoint=(11.84, 1.96), frontier=(11.84, 1.96), endpoint_to_frontier=0.000 m, limit=0.10 m -> usable
[controller_server-11] [INFO] [1790234932.762735867] [controller_server]: Passing new path to controller.
[INFO] [1790234933.762017199] [mapex_explorer]: Main /plan diagnostic: poses=17, endpoint=(11.84, 1.96), frontier=(11.84, 1.96), endpoint_to_frontier=0.000 m, limit=0.10 m -> usable
[controller_server-11] [INFO] [1790234933.829438597] [controller_server]: Passing new path to controller.
[INFO] [1790234934.780826365] [mapex_explorer]: Main /plan diagnostic: poses=11, endpoint=(11.84, 1.96), frontier=(11.84, 1.96), endpoint_to_frontier=0.000 m, limit=0.10 m -> usable
[controller_server-11] [INFO] [1790234934.829932903] [controller_server]: Passing new path to controller.
[controller_server-11] [INFO] [1790234935.431215339] [controller_server]: Reached the goal!
[controller_server-11] [INFO] [1790234935.431624860] [controller_server]: Optimizer reset
[bt_navigator-16] [INFO] [1790234935.458482989] [bt_navigator]: Goal succeeded
[INFO] [1790234935.461151505] [mapex_explorer]: Goal reached
[INFO] [1790234941.463409929] [mapex_explorer]: MapEx decision 14: selected x=7.44, y=4.86, IG=50.872227, distance=5.01 m, score=10.149024, region=121, candidates=28, near_fallback=False, compute=5.41 s
[bt_navigator-16] [INFO] [1790234941.465755642] [bt_navigator]: Begin navigating from current location (11.50, 1.93) to (7.44, 4.86)
[controller_server-11] [INFO] [1790234941.486771665] [controller_server]: Received a goal, begin computing control effort.
[INFO] [1790234941.578651710] [mapex_explorer]: Main goal accepted
[INFO] [1790234941.765677970] [mapex_explorer]: Main /plan diagnostic: poses=226, endpoint=(7.44, 4.86), frontier=(7.44, 4.86), endpoint_to_frontier=0.000 m, limit=0.10 m -> usable
[INFO] [1790234942.506106046] [mapex_explorer]: Main /plan diagnostic: poses=222, endpoint=(7.44, 4.86), frontier=(7.44, 4.86), endpoint_to_frontier=0.000 m, limit=0.10 m -> usable
[controller_server-11] [INFO] [1790234942.553616575] [controller_server]: Passing new path to controller.
[INFO] [1790234943.542203434] [mapex_explorer]: Main /plan diagnostic: poses=217, endpoint=(7.44, 4.86), frontier=(7.44, 4.86), endpoint_to_frontier=0.000 m, limit=0.10 m -> usable
[controller_server-11] [INFO] [1790234943.553619141] [controller_server]: Passing new path to controller.
[INFO] [1790234944.577205823] [mapex_explorer]: Main /plan diagnostic: poses=208, endpoint=(7.44, 4.86), frontier=(7.44, 4.86), endpoint_to_frontier=0.000 m, limit=0.10 m -> usable
[controller_server-11] [INFO] [1790234944.620320342] [controller_server]: Passing new path to controller.
[INFO] [1790234945.599458086] [mapex_explorer]: Main /plan diagnostic: poses=201, endpoint=(7.44, 4.86), frontier=(7.44, 4.86), endpoint_to_frontier=0.000 m, limit=0.10 m -> usable
[controller_server-11] [INFO] [1790234945.620279043] [controller_server]: Passing new path to controller.
[INFO] [1790234946.622237617] [mapex_explorer]: Main /plan diagnostic: poses=195, endpoint=(7.44, 4.86), frontier=(7.44, 4.86), endpoint_to_frontier=0.000 m, limit=0.10 m -> usable
[controller_server-11] [INFO] [1790234946.687523705] [controller_server]: Passing new path to controller.
[INFO] [1790234947.650766282] [mapex_explorer]: Main /plan diagnostic: poses=189, endpoint=(7.44, 4.86), frontier=(7.44, 4.86), endpoint_to_frontier=0.000 m, limit=0.10 m -> usable
[controller_server-11] [INFO] [1790234947.686942123] [controller_server]: Passing new path to controller.
[INFO] [1790234948.675140297] [mapex_explorer]: Main /plan diagnostic: poses=179, endpoint=(7.44, 4.86), frontier=(7.44, 4.86), endpoint_to_frontier=0.000 m, limit=0.10 m -> usable
[controller_server-11] [INFO] [1790234948.753618081] [controller_server]: Passing new path to controller.
[INFO] [1790234949.714811095] [mapex_explorer]: Main /plan diagnostic: poses=181, endpoint=(7.44, 4.86), frontier=(7.44, 4.86), endpoint_to_frontier=0.000 m, limit=0.10 m -> usable
[controller_server-11] [INFO] [1790234949.753625186] [controller_server]: Passing new path to controller.
[controller_server-11] [INFO] [1790234950.753608780] [controller_server]: Passing new path to controller.
[INFO] [1790234950.758806837] [mapex_explorer]: Main /plan diagnostic: poses=178, endpoint=(7.44, 4.86), frontier=(7.44, 4.86), endpoint_to_frontier=0.000 m, limit=0.10 m -> usable
[INFO] [1790234951.763469513] [mapex_explorer]: Main /plan diagnostic: poses=167, endpoint=(7.44, 4.86), frontier=(7.44, 4.86), endpoint_to_frontier=0.000 m, limit=0.10 m -> usable
[controller_server-11] [INFO] [1790234951.820302753] [controller_server]: Passing new path to controller.
[INFO] [1790234952.797813310] [mapex_explorer]: Main /plan diagnostic: poses=159, endpoint=(7.44, 4.86), frontier=(7.44, 4.86), endpoint_to_frontier=0.000 m, limit=0.10 m -> usable
[controller_server-11] [INFO] [1790234952.820281980] [controller_server]: Passing new path to controller.
[INFO] [1790234953.826728632] [mapex_explorer]: Main /plan diagnostic: poses=150, endpoint=(7.44, 4.86), frontier=(7.44, 4.86), endpoint_to_frontier=0.000 m, limit=0.10 m -> usable
[controller_server-11] [INFO] [1790234953.886954578] [controller_server]: Passing new path to controller.
[INFO] [1790234954.846460457] [mapex_explorer]: Main /plan diagnostic: poses=142, endpoint=(7.44, 4.86), frontier=(7.44, 4.86), endpoint_to_frontier=0.000 m, limit=0.10 m -> usable
[controller_server-11] [INFO] [1790234954.886945956] [controller_server]: Passing new path to controller.
[INFO] [1790234955.886147175] [mapex_explorer]: Main /plan diagnostic: poses=134, endpoint=(7.44, 4.86), frontier=(7.44, 4.86), endpoint_to_frontier=0.000 m, limit=0.10 m -> usable
[controller_server-11] [INFO] [1790234955.953616621] [controller_server]: Passing new path to controller.
[INFO] [1790234956.914808790] [mapex_explorer]: Main /plan diagnostic: poses=120, endpoint=(7.44, 4.86), frontier=(7.44, 4.86), endpoint_to_frontier=0.000 m, limit=0.10 m -> usable
[controller_server-11] [INFO] [1790234956.954738977] [controller_server]: Passing new path to controller.
[INFO] [1790234957.925612078] [mapex_explorer]: Main /plan diagnostic: poses=112, endpoint=(7.44, 4.86), frontier=(7.44, 4.86), endpoint_to_frontier=0.000 m, limit=0.10 m -> usable
[controller_server-11] [INFO] [1790234957.953628982] [controller_server]: Passing new path to controller.
[INFO] [1790234958.957204464] [mapex_explorer]: Main /plan diagnostic: poses=103, endpoint=(7.44, 4.86), frontier=(7.44, 4.86), endpoint_to_frontier=0.000 m, limit=0.10 m -> usable
[controller_server-11] [INFO] [1790234959.020280149] [controller_server]: Passing new path to controller.
[INFO] [1790234959.985986312] [mapex_explorer]: Main /plan diagnostic: poses=91, endpoint=(7.44, 4.86), frontier=(7.44, 4.86), endpoint_to_frontier=0.000 m, limit=0.10 m -> usable
[controller_server-11] [INFO] [1790234960.020284336] [controller_server]: Passing new path to controller.
[INFO] [1790234961.017291593] [mapex_explorer]: Main /plan diagnostic: poses=80, endpoint=(7.44, 4.86), frontier=(7.44, 4.86), endpoint_to_frontier=0.000 m, limit=0.10 m -> usable
[controller_server-11] [INFO] [1790234961.087048832] [controller_server]: Passing new path to controller.
[INFO] [1790234962.033262195] [mapex_explorer]: Main /plan diagnostic: poses=72, endpoint=(7.44, 4.86), frontier=(7.44, 4.86), endpoint_to_frontier=0.000 m, limit=0.10 m -> usable
[controller_server-11] [INFO] [1790234962.087015003] [controller_server]: Passing new path to controller.
[INFO] [1790234963.058990610] [mapex_explorer]: Main /plan diagnostic: poses=62, endpoint=(7.44, 4.86), frontier=(7.44, 4.86), endpoint_to_frontier=0.000 m, limit=0.10 m -> usable
[controller_server-11] [INFO] [1790234963.086966613] [controller_server]: Passing new path to controller.
[INFO] [1790234964.082469506] [mapex_explorer]: Main /plan diagnostic: poses=53, endpoint=(7.44, 4.86), frontier=(7.44, 4.86), endpoint_to_frontier=0.000 m, limit=0.10 m -> usable
[controller_server-11] [INFO] [1790234964.086940466] [controller_server]: Passing new path to controller.
[INFO] [1790234965.103776138] [mapex_explorer]: Main /plan diagnostic: poses=43, endpoint=(7.44, 4.86), frontier=(7.44, 4.86), endpoint_to_frontier=0.000 m, limit=0.10 m -> usable
[controller_server-11] [INFO] [1790234965.153604520] [controller_server]: Passing new path to controller.
[INFO] [1790234966.132610808] [mapex_explorer]: Main /plan diagnostic: poses=34, endpoint=(7.44, 4.86), frontier=(7.44, 4.86), endpoint_to_frontier=0.000 m, limit=0.10 m -> usable
[controller_server-11] [INFO] [1790234966.153612144] [controller_server]: Passing new path to controller.
[INFO] [1790234967.152198674] [mapex_explorer]: Main /plan diagnostic: poses=25, endpoint=(7.44, 4.86), frontier=(7.44, 4.86), endpoint_to_frontier=0.000 m, limit=0.10 m -> usable
[controller_server-11] [INFO] [1790234967.220329780] [controller_server]: Passing new path to controller.
[INFO] [1790234968.170531362] [mapex_explorer]: Main /plan diagnostic: poses=17, endpoint=(7.44, 4.86), frontier=(7.44, 4.86), endpoint_to_frontier=0.000 m, limit=0.10 m -> usable
[controller_server-11] [INFO] [1790234968.220714946] [controller_server]: Passing new path to controller.
[INFO] [1790234969.211460355] [mapex_explorer]: Main /plan diagnostic: poses=10, endpoint=(7.44, 4.86), frontier=(7.44, 4.86), endpoint_to_frontier=0.000 m, limit=0.10 m -> usable
[controller_server-11] [INFO] [1790234969.220306882] [controller_server]: Passing new path to controller.
[controller_server-11] [INFO] [1790234969.756942624] [controller_server]: Reached the goal!
[controller_server-11] [INFO] [1790234969.757215324] [controller_server]: Optimizer reset
[bt_navigator-16] [INFO] [1790234969.786521664] [bt_navigator]: Goal succeeded
[INFO] [1790234969.793638513] [mapex_explorer]: Goal reached
[INFO] [1790234975.496232866] [mapex_explorer]: MapEx decision 15: selected x=6.34, y=6.36, IG=21.839254, distance=2.06 m, score=10.585635, region=13, candidates=26, near_fallback=False, compute=5.46 s
[bt_navigator-16] [INFO] [1790234975.498088657] [bt_navigator]: Begin navigating from current location (7.32, 4.55) to (6.34, 6.36)
[controller_server-11] [INFO] [1790234975.519051974] [controller_server]: Received a goal, begin computing control effort.
[INFO] [1790234975.606861215] [mapex_explorer]: Main goal accepted
[INFO] [1790234975.778874127] [mapex_explorer]: Main /plan diagnostic: poses=77, endpoint=(6.34, 6.36), frontier=(6.34, 6.36), endpoint_to_frontier=0.000 m, limit=0.10 m -> usable
[INFO] [1790234976.541567434] [mapex_explorer]: Main /plan diagnostic: poses=77, endpoint=(6.34, 6.36), frontier=(6.34, 6.36), endpoint_to_frontier=0.000 m, limit=0.10 m -> usable
[controller_server-11] [INFO] [1790234976.585899862] [controller_server]: Passing new path to controller.
[INFO] [1790234977.543549299] [mapex_explorer]: Main /plan diagnostic: poses=77, endpoint=(6.34, 6.36), frontier=(6.34, 6.36), endpoint_to_frontier=0.000 m, limit=0.10 m -> usable
[controller_server-11] [INFO] [1790234977.585869743] [controller_server]: Passing new path to controller.
[INFO] [1790234978.564756325] [mapex_explorer]: Main /plan diagnostic: poses=77, endpoint=(6.34, 6.36), frontier=(6.34, 6.36), endpoint_to_frontier=0.000 m, limit=0.10 m -> usable
[controller_server-11] [INFO] [1790234978.585872608] [controller_server]: Passing new path to controller.
[INFO] [1790234979.588038786] [mapex_explorer]: Main /plan diagnostic: poses=72, endpoint=(6.34, 6.36), frontier=(6.34, 6.36), endpoint_to_frontier=0.000 m, limit=0.10 m -> usable
[controller_server-11] [INFO] [1790234979.652542467] [controller_server]: Passing new path to controller.
[INFO] [1790234980.608930398] [mapex_explorer]: Main /plan diagnostic: poses=65, endpoint=(6.34, 6.36), frontier=(6.34, 6.36), endpoint_to_frontier=0.000 m, limit=0.10 m -> usable
[controller_server-11] [INFO] [1790234980.652845410] [controller_server]: Passing new path to controller.
[INFO] [1790234981.636061002] [mapex_explorer]: Main /plan diagnostic: poses=48, endpoint=(6.34, 6.36), frontier=(6.34, 6.36), endpoint_to_frontier=0.000 m, limit=0.10 m -> usable
[controller_server-11] [INFO] [1790234981.652534659] [controller_server]: Passing new path to controller.
[INFO] [1790234982.659052384] [mapex_explorer]: Main /plan diagnostic: poses=42, endpoint=(6.34, 6.36), frontier=(6.34, 6.36), endpoint_to_frontier=0.000 m, limit=0.10 m -> usable
[controller_server-11] [INFO] [1790234982.719944845] [controller_server]: Passing new path to controller.
[INFO] [1790234983.677193344] [mapex_explorer]: Main /plan diagnostic: poses=34, endpoint=(6.34, 6.36), frontier=(6.34, 6.36), endpoint_to_frontier=0.000 m, limit=0.10 m -> usable
[controller_server-11] [INFO] [1790234983.719198015] [controller_server]: Passing new path to controller.
[controller_server-11] [INFO] [1790234984.719193044] [controller_server]: Passing new path to controller.
[INFO] [1790234984.725126070] [mapex_explorer]: Main /plan diagnostic: poses=28, endpoint=(6.34, 6.36), frontier=(6.34, 6.36), endpoint_to_frontier=0.000 m, limit=0.10 m -> usable
[INFO] [1790234985.736316662] [mapex_explorer]: Main /plan diagnostic: poses=18, endpoint=(6.34, 6.36), frontier=(6.34, 6.36), endpoint_to_frontier=0.000 m, limit=0.10 m -> usable
[controller_server-11] [INFO] [1790234985.785881348] [controller_server]: Passing new path to controller.
[INFO] [1790234986.768543627] [mapex_explorer]: Main /plan diagnostic: poses=12, endpoint=(6.34, 6.36), frontier=(6.34, 6.36), endpoint_to_frontier=0.000 m, limit=0.10 m -> usable
[controller_server-11] [INFO] [1790234986.785862686] [controller_server]: Passing new path to controller.
[INFO] [1790234987.797634754] [mapex_explorer]: Main /plan diagnostic: poses=10, endpoint=(6.34, 6.36), frontier=(6.34, 6.36), endpoint_to_frontier=0.000 m, limit=0.10 m -> usable
[controller_server-11] [INFO] [1790234987.852550143] [controller_server]: Passing new path to controller.
[controller_server-11] [INFO] [1790234987.987809185] [controller_server]: Reached the goal!
[controller_server-11] [INFO] [1790234987.988037342] [controller_server]: Optimizer reset
[bt_navigator-16] [INFO] [1790234988.009852914] [bt_navigator]: Goal succeeded
[INFO] [1790234988.014262887] [mapex_explorer]: Goal reached
[INFO] [1790234992.983391248] [mapex_explorer]: MapEx decision 16: selected x=9.04, y=-11.84, IG=83.811188, distance=18.40 m, score=4.554927, region=50, candidates=21, near_fallback=False, compute=4.95 s
[bt_navigator-16] [INFO] [1790234992.984627515] [bt_navigator]: Begin navigating from current location (6.02, 6.32) to (9.04, -11.84)
[controller_server-11] [INFO] [1790234993.005743891] [controller_server]: Received a goal, begin computing control effort.
[INFO] [1790234993.104042451] [mapex_explorer]: Main goal accepted
[INFO] [1790234993.178848088] [mapex_explorer]: Main /plan diagnostic: poses=439, endpoint=(9.04, -11.84), frontier=(9.04, -11.84), endpoint_to_frontier=0.000 m, limit=0.10 m -> usable
[INFO] [1790234994.036428055] [mapex_explorer]: Main /plan diagnostic: poses=436, endpoint=(9.04, -11.84), frontier=(9.04, -11.84), endpoint_to_frontier=0.000 m, limit=0.10 m -> usable
[controller_server-11] [INFO] [1790234994.072931226] [controller_server]: Passing new path to controller.
[INFO] [1790234995.059299716] [mapex_explorer]: Main /plan diagnostic: poses=433, endpoint=(9.04, -11.84), frontier=(9.04, -11.84), endpoint_to_frontier=0.000 m, limit=0.10 m -> usable
[controller_server-11] [INFO] [1790234995.072935525] [controller_server]: Passing new path to controller.
[INFO] [1790234996.075866403] [mapex_explorer]: Main /plan diagnostic: poses=433, endpoint=(9.04, -11.84), frontier=(9.04, -11.84), endpoint_to_frontier=0.000 m, limit=0.10 m -> usable
[controller_server-11] [INFO] [1790234996.139602004] [controller_server]: Passing new path to controller.
[INFO] [1790234997.107837286] [mapex_explorer]: Main /plan diagnostic: poses=428, endpoint=(9.04, -11.84), frontier=(9.04, -11.84), endpoint_to_frontier=0.000 m, limit=0.10 m -> usable
[controller_server-11] [INFO] [1790234997.139595384] [controller_server]: Passing new path to controller.
[controller_server-11] [INFO] [1790234998.139596804] [controller_server]: Passing new path to controller.
[INFO] [1790234998.142664093] [mapex_explorer]: Main /plan diagnostic: poses=419, endpoint=(9.04, -11.84), frontier=(9.04, -11.84), endpoint_to_frontier=0.000 m, limit=0.10 m -> usable
[INFO] [1790234999.170599206] [mapex_explorer]: Main /plan diagnostic: poses=409, endpoint=(9.04, -11.84), frontier=(9.04, -11.84), endpoint_to_frontier=0.000 m, limit=0.10 m -> usable
[controller_server-11] [INFO] [1790234999.206264768] [controller_server]: Passing new path to controller.
[INFO] [1790235000.193841603] [mapex_explorer]: Main /plan diagnostic: poses=402, endpoint=(9.04, -11.84), frontier=(9.04, -11.84), endpoint_to_frontier=0.000 m, limit=0.10 m -> usable
[controller_server-11] [INFO] [1790235000.206257706] [controller_server]: Passing new path to controller.
[INFO] [1790235001.226132511] [mapex_explorer]: Main /plan diagnostic: poses=389, endpoint=(9.04, -11.84), frontier=(9.04, -11.84), endpoint_to_frontier=0.000 m, limit=0.10 m -> usable
[controller_server-11] [INFO] [1790235001.273006719] [controller_server]: Passing new path to controller.
[INFO] [1790235002.245498810] [mapex_explorer]: Main /plan diagnostic: poses=382, endpoint=(9.04, -11.84), frontier=(9.04, -11.84), endpoint_to_frontier=0.000 m, limit=0.10 m -> usable
[controller_server-11] [INFO] [1790235002.272923972] [controller_server]: Passing new path to controller.
[INFO] [1790235003.280226541] [mapex_explorer]: Main /plan diagnostic: poses=373, endpoint=(9.04, -11.84), frontier=(9.04, -11.84), endpoint_to_frontier=0.000 m, limit=0.10 m -> usable
[controller_server-11] [INFO] [1790235003.339598920] [controller_server]: Passing new path to controller.
[INFO] [1790235004.301677067] [mapex_explorer]: Main /plan diagnostic: poses=366, endpoint=(9.04, -11.84), frontier=(9.04, -11.84), endpoint_to_frontier=0.000 m, limit=0.10 m -> usable
[controller_server-11] [INFO] [1790235004.339639339] [controller_server]: Passing new path to controller.
[controller_server-11] [INFO] [1790235005.339608868] [controller_server]: Passing new path to controller.
[INFO] [1790235005.343807617] [mapex_explorer]: Main /plan diagnostic: poses=355, endpoint=(9.04, -11.84), frontier=(9.04, -11.84), endpoint_to_frontier=0.000 m, limit=0.10 m -> usable
[controller_server-11] [INFO] [1790235006.406269897] [controller_server]: Passing new path to controller.
[INFO] [1790235006.430746476] [mapex_explorer]: Main /plan diagnostic: poses=344, endpoint=(9.04, -11.84), frontier=(9.04, -11.84), endpoint_to_frontier=0.000 m, limit=0.10 m -> usable
[INFO] [1790235007.401643549] [mapex_explorer]: Main /plan diagnostic: poses=336, endpoint=(9.04, -11.84), frontier=(9.04, -11.84), endpoint_to_frontier=0.000 m, limit=0.10 m -> usable
[controller_server-11] [INFO] [1790235007.406269218] [controller_server]: Passing new path to controller.
[controller_server-11] [INFO] [1790235008.406255709] [controller_server]: Passing new path to controller.
[INFO] [1790235008.510340861] [mapex_explorer]: Main /plan diagnostic: poses=327, endpoint=(9.04, -11.84), frontier=(9.04, -11.84), endpoint_to_frontier=0.000 m, limit=0.10 m -> usable
[INFO] [1790235009.436006370] [mapex_explorer]: Main /plan diagnostic: poses=315, endpoint=(9.04, -11.84), frontier=(9.04, -11.84), endpoint_to_frontier=0.000 m, limit=0.10 m -> usable
[async_slam_toolbox_node-10] W20260924 14:30:09.458796 60310 preprocessor.cc:67] Specified options.num_threads: 50 exceeds maximum available from the threading model Ceres was compiled with: 16.  Bounding to maximum number available.
[async_slam_toolbox_node-10] [INFO] [1790235009.466525349] [slam_toolbox]: Adaptive anchor summary: latest_node=869, local_edges=902, loop_history=0, avg_effective_weight=1.324, release_regions=0
[controller_server-11] [INFO] [1790235009.472928486] [controller_server]: Passing new path to controller.
[controller_server-11] [INFO] [1790235010.038747942] [local_costmap.local_costmap]: StaticLayer: Resizing static layer to 261 X 200 at 0.100000 m/pix
[planner_server-13] [INFO] [1790235010.057636052] [global_costmap.global_costmap]: StaticLayer: Resizing costmap to 261 X 200 at 0.100000 m/pix
[INFO] [1790235010.465971126] [mapex_explorer]: Main /plan diagnostic: poses=304, endpoint=(9.04, -11.84), frontier=(9.04, -11.84), endpoint_to_frontier=0.000 m, limit=0.10 m -> usable
[controller_server-11] [INFO] [1790235010.472935950] [controller_server]: Passing new path to controller.
[INFO] [1790235011.499978969] [mapex_explorer]: Main /plan diagnostic: poses=293, endpoint=(9.04, -11.84), frontier=(9.04, -11.84), endpoint_to_frontier=0.000 m, limit=0.10 m -> usable
[controller_server-11] [INFO] [1790235011.539589756] [controller_server]: Passing new path to controller.
[INFO] [1790235012.509443031] [mapex_explorer]: Main /plan diagnostic: poses=285, endpoint=(9.04, -11.84), frontier=(9.04, -11.84), endpoint_to_frontier=0.000 m, limit=0.10 m -> usable
[controller_server-11] [INFO] [1790235012.539594733] [controller_server]: Passing new path to controller.
[async_slam_toolbox_node-10] W20260924 14:30:13.272535 60310 preprocessor.cc:67] Specified options.num_threads: 50 exceeds maximum available from the threading model Ceres was compiled with: 16.  Bounding to maximum number available.
[INFO] [1790235013.535682074] [mapex_explorer]: Main /plan diagnostic: poses=275, endpoint=(9.04, -11.84), frontier=(9.04, -11.84), endpoint_to_frontier=0.000 m, limit=0.10 m -> usable
[controller_server-11] [INFO] [1790235013.539603152] [controller_server]: Passing new path to controller.
[controller_server-11] [INFO] [1790235014.038840994] [local_costmap.local_costmap]: StaticLayer: Resizing static layer to 261 X 200 at 0.100000 m/pix
[planner_server-13] [INFO] [1790235014.057908128] [global_costmap.global_costmap]: StaticLayer: Resizing costmap to 261 X 200 at 0.100000 m/pix
[INFO] [1790235014.563271004] [mapex_explorer]: Main /plan diagnostic: poses=268, endpoint=(9.04, -11.84), frontier=(9.04, -11.84), endpoint_to_frontier=0.000 m, limit=0.10 m -> usable
[controller_server-11] [INFO] [1790235014.606286270] [controller_server]: Passing new path to controller.
[INFO] [1790235015.573869643] [mapex_explorer]: Main /plan diagnostic: poses=260, endpoint=(9.04, -11.84), frontier=(9.04, -11.84), endpoint_to_frontier=0.000 m, limit=0.10 m -> usable
[controller_server-11] [INFO] [1790235015.606285662] [controller_server]: Passing new path to controller.
[INFO] [1790235016.604830053] [mapex_explorer]: Main /plan diagnostic: poses=251, endpoint=(9.04, -11.84), frontier=(9.04, -11.84), endpoint_to_frontier=0.000 m, limit=0.10 m -> usable
[controller_server-11] [INFO] [1790235016.606273612] [controller_server]: Passing new path to controller.
[INFO] [1790235017.629184214] [mapex_explorer]: Main /plan diagnostic: poses=240, endpoint=(9.04, -11.84), frontier=(9.04, -11.84), endpoint_to_frontier=0.000 m, limit=0.10 m -> usable
[controller_server-11] [INFO] [1790235017.674116580] [controller_server]: Passing new path to controller.
[async_slam_toolbox_node-10] W20260924 14:30:18.483459 60310 preprocessor.cc:67] Specified options.num_threads: 50 exceeds maximum available from the threading model Ceres was compiled with: 16.  Bounding to maximum number available.
[INFO] [1790235018.660019635] [mapex_explorer]: Main /plan diagnostic: poses=232, endpoint=(9.04, -11.84), frontier=(9.04, -11.84), endpoint_to_frontier=0.000 m, limit=0.10 m -> usable
[controller_server-11] [INFO] [1790235018.672947702] [controller_server]: Passing new path to controller.
[planner_server-13] [INFO] [1790235019.057645923] [global_costmap.global_costmap]: StaticLayer: Resizing costmap to 261 X 200 at 0.100000 m/pix
[controller_server-11] [INFO] [1790235019.238730736] [local_costmap.local_costmap]: StaticLayer: Resizing static layer to 261 X 200 at 0.100000 m/pix
[INFO] [1790235019.690983664] [mapex_explorer]: Main /plan diagnostic: poses=223, endpoint=(9.04, -11.84), frontier=(9.04, -11.84), endpoint_to_frontier=0.000 m, limit=0.10 m -> usable
[controller_server-11] [INFO] [1790235019.739605885] [controller_server]: Passing new path to controller.
[INFO] [1790235020.713495040] [mapex_explorer]: Main /plan diagnostic: poses=214, endpoint=(9.04, -11.84), frontier=(9.04, -11.84), endpoint_to_frontier=0.000 m, limit=0.10 m -> usable
[controller_server-11] [INFO] [1790235020.739597441] [controller_server]: Passing new path to controller.
[INFO] [1790235021.732861419] [mapex_explorer]: Main /plan diagnostic: poses=204, endpoint=(9.04, -11.84), frontier=(9.04, -11.84), endpoint_to_frontier=0.000 m, limit=0.10 m -> usable
[controller_server-11] [INFO] [1790235021.739635407] [controller_server]: Passing new path to controller.
[INFO] [1790235022.766193278] [mapex_explorer]: Main /plan diagnostic: poses=195, endpoint=(9.04, -11.84), frontier=(9.04, -11.84), endpoint_to_frontier=0.000 m, limit=0.10 m -> usable
[controller_server-11] [INFO] [1790235022.806283300] [controller_server]: Passing new path to controller.
[INFO] [1790235023.796125175] [mapex_explorer]: Main /plan diagnostic: poses=185, endpoint=(9.04, -11.84), frontier=(9.04, -11.84), endpoint_to_frontier=0.000 m, limit=0.10 m -> usable
[controller_server-11] [INFO] [1790235023.806806650] [controller_server]: Passing new path to controller.
[INFO] [1790235024.803912637] [mapex_explorer]: Main /plan diagnostic: poses=178, endpoint=(9.04, -11.84), frontier=(9.04, -11.84), endpoint_to_frontier=0.000 m, limit=0.10 m -> usable
[controller_server-11] [INFO] [1790235024.872929958] [controller_server]: Passing new path to controller.
[INFO] [1790235025.827861797] [mapex_explorer]: Main /plan diagnostic: poses=166, endpoint=(9.04, -11.84), frontier=(9.04, -11.84), endpoint_to_frontier=0.000 m, limit=0.10 m -> usable
[controller_server-11] [INFO] [1790235025.872928693] [controller_server]: Passing new path to controller.
[async_slam_toolbox_node-10] W20260924 14:30:26.072853 60310 preprocessor.cc:67] Specified options.num_threads: 50 exceeds maximum available from the threading model Ceres was compiled with: 16.  Bounding to maximum number available.
[async_slam_toolbox_node-10] [INFO] [1790235026.079776210] [slam_toolbox]: Adaptive anchor summary: latest_node=928, local_edges=961, loop_history=0, avg_effective_weight=1.304, release_regions=0
[INFO] [1790235026.846375048] [mapex_explorer]: Main /plan diagnostic: poses=158, endpoint=(9.04, -11.84), frontier=(9.04, -11.84), endpoint_to_frontier=0.000 m, limit=0.10 m -> usable
[controller_server-11] [INFO] [1790235026.872929772] [controller_server]: Passing new path to controller.
[planner_server-13] [INFO] [1790235027.057712285] [global_costmap.global_costmap]: StaticLayer: Resizing costmap to 261 X 200 at 0.100000 m/pix
[controller_server-11] [INFO] [1790235027.238782686] [local_costmap.local_costmap]: StaticLayer: Resizing static layer to 261 X 200 at 0.100000 m/pix
[INFO] [1790235027.880321722] [mapex_explorer]: Main /plan diagnostic: poses=140, endpoint=(9.04, -11.84), frontier=(9.04, -11.84), endpoint_to_frontier=0.000 m, limit=0.10 m -> usable
[controller_server-11] [INFO] [1790235027.939585987] [controller_server]: Passing new path to controller.
[planner_server-13] [INFO] [1790235028.057617863] [global_costmap.global_costmap]: StaticLayer: Resizing costmap to 261 X 200 at 0.100000 m/pix
[controller_server-11] [INFO] [1790235028.238732130] [local_costmap.local_costmap]: StaticLayer: Resizing static layer to 261 X 200 at 0.100000 m/pix
[INFO] [1790235028.896932467] [mapex_explorer]: Main /plan diagnostic: poses=133, endpoint=(9.04, -11.84), frontier=(9.04, -11.84), endpoint_to_frontier=0.000 m, limit=0.10 m -> usable
[controller_server-11] [INFO] [1790235028.939608938] [controller_server]: Passing new path to controller.
[INFO] [1790235029.921780248] [mapex_explorer]: Main /plan diagnostic: poses=121, endpoint=(9.04, -11.84), frontier=(9.04, -11.84), endpoint_to_frontier=0.000 m, limit=0.10 m -> usable
[controller_server-11] [INFO] [1790235029.939607701] [controller_server]: Passing new path to controller.
[async_slam_toolbox_node-10] W20260924 14:30:30.743587 60310 preprocessor.cc:67] Specified options.num_threads: 50 exceeds maximum available from the threading model Ceres was compiled with: 16.  Bounding to maximum number available.
[INFO] [1790235030.943337064] [mapex_explorer]: Main /plan diagnostic: poses=114, endpoint=(9.04, -11.84), frontier=(9.04, -11.84), endpoint_to_frontier=0.000 m, limit=0.10 m -> usable
[controller_server-11] [INFO] [1790235031.006589465] [controller_server]: Passing new path to controller.
[planner_server-13] [INFO] [1790235031.057602576] [global_costmap.global_costmap]: StaticLayer: Resizing costmap to 261 X 200 at 0.100000 m/pix
[controller_server-11] [INFO] [1790235031.238822030] [local_costmap.local_costmap]: StaticLayer: Resizing static layer to 261 X 200 at 0.100000 m/pix
[INFO] [1790235031.963267873] [mapex_explorer]: Main /plan diagnostic: poses=101, endpoint=(9.04, -11.84), frontier=(9.04, -11.84), endpoint_to_frontier=0.000 m, limit=0.10 m -> usable
[controller_server-11] [INFO] [1790235032.006264701] [controller_server]: Passing new path to controller.
[INFO] [1790235032.997443701] [mapex_explorer]: Main /plan diagnostic: poses=94, endpoint=(9.04, -11.84), frontier=(9.04, -11.84), endpoint_to_frontier=0.000 m, limit=0.10 m -> usable
[controller_server-11] [INFO] [1790235033.006287342] [controller_server]: Passing new path to controller.
[INFO] [1790235034.017351806] [mapex_explorer]: Main /plan diagnostic: poses=83, endpoint=(9.04, -11.84), frontier=(9.04, -11.84), endpoint_to_frontier=0.000 m, limit=0.10 m -> usable
[controller_server-11] [INFO] [1790235034.073721089] [controller_server]: Passing new path to controller.
[INFO] [1790235035.023254962] [mapex_explorer]: Main /plan diagnostic: poses=76, endpoint=(9.04, -11.84), frontier=(9.04, -11.84), endpoint_to_frontier=0.000 m, limit=0.10 m -> usable
[controller_server-11] [INFO] [1790235035.072929125] [controller_server]: Passing new path to controller.
[INFO] [1790235036.053822604] [mapex_explorer]: Main /plan diagnostic: poses=64, endpoint=(9.04, -11.84), frontier=(9.04, -11.84), endpoint_to_frontier=0.000 m, limit=0.10 m -> usable
[controller_server-11] [INFO] [1790235036.072928677] [controller_server]: Passing new path to controller.
[INFO] [1790235037.080631036] [mapex_explorer]: Main /plan diagnostic: poses=56, endpoint=(9.04, -11.84), frontier=(9.04, -11.84), endpoint_to_frontier=0.000 m, limit=0.10 m -> usable
[controller_server-11] [INFO] [1790235037.139588229] [controller_server]: Passing new path to controller.
[planner_server-13] [INFO] [1790235038.057650316] [global_costmap.global_costmap]: StaticLayer: Resizing costmap to 261 X 200 at 0.100000 m/pix
[INFO] [1790235038.101276188] [mapex_explorer]: Main /plan diagnostic: poses=46, endpoint=(9.04, -11.84), frontier=(9.04, -11.84), endpoint_to_frontier=0.000 m, limit=0.10 m -> usable
[controller_server-11] [INFO] [1790235038.139593318] [controller_server]: Passing new path to controller.
[controller_server-11] [INFO] [1790235038.238832985] [local_costmap.local_costmap]: StaticLayer: Resizing static layer to 261 X 200 at 0.100000 m/pix
[INFO] [1790235039.121190675] [mapex_explorer]: Main /plan diagnostic: poses=41, endpoint=(9.04, -11.84), frontier=(9.04, -11.84), endpoint_to_frontier=0.000 m, limit=0.10 m -> usable
[controller_server-11] [INFO] [1790235039.139718280] [controller_server]: Passing new path to controller.
[planner_server-13] [INFO] [1790235040.057649564] [global_costmap.global_costmap]: StaticLayer: Resizing costmap to 261 X 200 at 0.100000 m/pix
[INFO] [1790235040.152678285] [mapex_explorer]: Main /plan diagnostic: poses=25, endpoint=(9.04, -11.84), frontier=(9.04, -11.84), endpoint_to_frontier=0.000 m, limit=0.10 m -> usable
[controller_server-11] [INFO] [1790235040.206310956] [controller_server]: Passing new path to controller.
[controller_server-11] [INFO] [1790235040.238726329] [local_costmap.local_costmap]: StaticLayer: Resizing static layer to 261 X 200 at 0.100000 m/pix
[INFO] [1790235041.179176594] [mapex_explorer]: Main /plan diagnostic: poses=17, endpoint=(9.04, -11.84), frontier=(9.04, -11.84), endpoint_to_frontier=0.000 m, limit=0.10 m -> usable
[controller_server-11] [INFO] [1790235041.206271474] [controller_server]: Passing new path to controller.
[INFO] [1790235042.216836563] [mapex_explorer]: Main /plan diagnostic: poses=12, endpoint=(9.04, -11.84), frontier=(9.04, -11.84), endpoint_to_frontier=0.000 m, limit=0.10 m -> usable
[controller_server-11] [INFO] [1790235042.272924886] [controller_server]: Passing new path to controller.
[INFO] [1790235043.230250937] [mapex_explorer]: Main /plan diagnostic: poses=8, endpoint=(9.04, -11.84), frontier=(9.04, -11.84), endpoint_to_frontier=0.000 m, limit=0.10 m -> usable
[controller_server-11] [INFO] [1790235043.272940914] [controller_server]: Passing new path to controller.
[controller_server-11] [INFO] [1790235043.410004084] [controller_server]: Reached the goal!
[controller_server-11] [INFO] [1790235043.410301041] [controller_server]: Optimizer reset
[bt_navigator-16] [INFO] [1790235043.434901418] [bt_navigator]: Goal succeeded
[INFO] [1790235043.436704533] [mapex_explorer]: Goal reached
[INFO] [1790235048.818169817] [mapex_explorer]: MapEx decision 17: selected x=9.84, y=-9.20, IG=20.502050, distance=2.61 m, score=7.844031, region=47, candidates=20, near_fallback=False, compute=4.78 s
[bt_navigator-16] [INFO] [1790235048.819812038] [bt_navigator]: Begin navigating from current location (8.78, -11.59) to (9.84, -9.20)
[controller_server-11] [INFO] [1790235048.822032713] [controller_server]: Received a goal, begin computing control effort.
[INFO] [1790235048.940533244] [mapex_explorer]: Main goal accepted
[INFO] [1790235049.013636946] [mapex_explorer]: Main /plan diagnostic: poses=97, endpoint=(9.84, -9.20), frontier=(9.84, -9.20), endpoint_to_frontier=0.000 m, limit=0.10 m -> usable
[INFO] [1790235049.838125920] [mapex_explorer]: Main /plan diagnostic: poses=93, endpoint=(9.84, -9.20), frontier=(9.84, -9.20), endpoint_to_frontier=0.000 m, limit=0.10 m -> usable
[controller_server-11] [INFO] [1790235049.888885247] [controller_server]: Passing new path to controller.
[INFO] [1790235050.866726924] [mapex_explorer]: Main /plan diagnostic: poses=83, endpoint=(9.84, -9.20), frontier=(9.84, -9.20), endpoint_to_frontier=0.000 m, limit=0.10 m -> usable
[controller_server-11] [INFO] [1790235050.888879326] [controller_server]: Passing new path to controller.
[INFO] [1790235051.897324942] [mapex_explorer]: Main /plan diagnostic: poses=76, endpoint=(9.84, -9.20), frontier=(9.84, -9.20), endpoint_to_frontier=0.000 m, limit=0.10 m -> usable
[controller_server-11] [INFO] [1790235051.955549902] [controller_server]: Passing new path to controller.
[INFO] [1790235052.908817771] [mapex_explorer]: Main /plan diagnostic: poses=71, endpoint=(9.84, -9.20), frontier=(9.84, -9.20), endpoint_to_frontier=0.000 m, limit=0.10 m -> usable
[controller_server-11] [INFO] [1790235052.955550889] [controller_server]: Passing new path to controller.
[INFO] [1790235053.936432038] [mapex_explorer]: Main /plan diagnostic: poses=62, endpoint=(9.84, -9.20), frontier=(9.84, -9.20), endpoint_to_frontier=0.000 m, limit=0.10 m -> usable
[controller_server-11] [INFO] [1790235053.956001103] [controller_server]: Passing new path to controller.
[INFO] [1790235054.969141630] [mapex_explorer]: Main /plan diagnostic: poses=52, endpoint=(9.84, -9.20), frontier=(9.84, -9.20), endpoint_to_frontier=0.000 m, limit=0.10 m -> usable
[controller_server-11] [INFO] [1790235055.022219339] [controller_server]: Passing new path to controller.
[INFO] [1790235055.996407527] [mapex_explorer]: Main /plan diagnostic: poses=43, endpoint=(9.84, -9.20), frontier=(9.84, -9.20), endpoint_to_frontier=0.000 m, limit=0.10 m -> usable
[controller_server-11] [INFO] [1790235056.022353011] [controller_server]: Passing new path to controller.
[INFO] [1790235057.025684385] [mapex_explorer]: Main /plan diagnostic: poses=35, endpoint=(9.84, -9.20), frontier=(9.84, -9.20), endpoint_to_frontier=0.000 m, limit=0.10 m -> usable
[controller_server-11] [INFO] [1790235057.088885200] [controller_server]: Passing new path to controller.
[INFO] [1790235058.043889998] [mapex_explorer]: Main /plan diagnostic: poses=27, endpoint=(9.84, -9.20), frontier=(9.84, -9.20), endpoint_to_frontier=0.000 m, limit=0.10 m -> usable
[controller_server-11] [INFO] [1790235058.090769165] [controller_server]: Passing new path to controller.
[INFO] [1790235059.077612616] [mapex_explorer]: Main /plan diagnostic: poses=17, endpoint=(9.84, -9.20), frontier=(9.84, -9.20), endpoint_to_frontier=0.000 m, limit=0.10 m -> usable
[controller_server-11] [INFO] [1790235059.155557070] [controller_server]: Passing new path to controller.
[INFO] [1790235060.105882277] [mapex_explorer]: Main /plan diagnostic: poses=10, endpoint=(9.84, -9.20), frontier=(9.84, -9.20), endpoint_to_frontier=0.000 m, limit=0.10 m -> usable
[controller_server-11] [INFO] [1790235060.155563723] [controller_server]: Passing new path to controller.
[controller_server-11] [INFO] [1790235061.024821253] [controller_server]: Reached the goal!
[controller_server-11] [INFO] [1790235061.025202239] [controller_server]: Optimizer reset
[bt_navigator-16] [INFO] [1790235061.050262472] [bt_navigator]: Goal succeeded
[INFO] [1790235061.056708444] [mapex_explorer]: Goal reached
[INFO] [1790235066.814413964] [mapex_explorer]: MapEx decision 18: selected x=8.84, y=-6.20, IG=20.278849, distance=3.31 m, score=6.120024, region=31, candidates=19, near_fallback=False, compute=4.78 s
[bt_navigator-16] [INFO] [1790235066.815978916] [bt_navigator]: Begin navigating from current location (10.18, -9.23) to (8.84, -6.20)
[controller_server-11] [INFO] [1790235066.836595532] [controller_server]: Received a goal, begin computing control effort.
[INFO] [1790235066.920179372] [mapex_explorer]: Main goal accepted
[INFO] [1790235067.088951364] [mapex_explorer]: Main /plan diagnostic: poses=73, endpoint=(8.84, -6.20), frontier=(8.84, -6.20), endpoint_to_frontier=0.000 m, limit=0.10 m -> usable
[INFO] [1790235067.845513591] [mapex_explorer]: Main /plan diagnostic: poses=74, endpoint=(8.84, -6.20), frontier=(8.84, -6.20), endpoint_to_frontier=0.000 m, limit=0.10 m -> usable
[controller_server-11] [INFO] [1790235067.903609883] [controller_server]: Passing new path to controller.
[INFO] [1790235068.878526675] [mapex_explorer]: Main /plan diagnostic: poses=67, endpoint=(8.84, -6.20), frontier=(8.84, -6.20), endpoint_to_frontier=0.000 m, limit=0.10 m -> usable
[controller_server-11] [INFO] [1790235068.903414721] [controller_server]: Passing new path to controller.
[INFO] [1790235069.887015469] [mapex_explorer]: Main /plan diagnostic: poses=57, endpoint=(8.84, -6.20), frontier=(8.84, -6.20), endpoint_to_frontier=0.000 m, limit=0.10 m -> usable
[controller_server-11] [INFO] [1790235069.903414176] [controller_server]: Passing new path to controller.
[INFO] [1790235070.912967376] [mapex_explorer]: Main /plan diagnostic: poses=47, endpoint=(8.84, -6.20), frontier=(8.84, -6.20), endpoint_to_frontier=0.000 m, limit=0.10 m -> usable
[controller_server-11] [INFO] [1790235070.970071236] [controller_server]: Passing new path to controller.
[INFO] [1790235071.942195739] [mapex_explorer]: Main /plan diagnostic: poses=37, endpoint=(8.84, -6.20), frontier=(8.84, -6.20), endpoint_to_frontier=0.000 m, limit=0.10 m -> usable
[controller_server-11] [INFO] [1790235071.970068372] [controller_server]: Passing new path to controller.
[INFO] [1790235072.976290252] [mapex_explorer]: Main /plan diagnostic: poses=28, endpoint=(8.84, -6.20), frontier=(8.84, -6.20), endpoint_to_frontier=0.000 m, limit=0.10 m -> usable
[controller_server-11] [INFO] [1790235073.036713777] [controller_server]: Passing new path to controller.
[INFO] [1790235073.984111316] [mapex_explorer]: Main /plan diagnostic: poses=19, endpoint=(8.84, -6.20), frontier=(8.84, -6.20), endpoint_to_frontier=0.000 m, limit=0.10 m -> usable
[controller_server-11] [INFO] [1790235074.037010243] [controller_server]: Passing new path to controller.
[INFO] [1790235075.036725357] [mapex_explorer]: Main /plan diagnostic: poses=15, endpoint=(8.84, -6.20), frontier=(8.84, -6.20), endpoint_to_frontier=0.000 m, limit=0.10 m -> usable
[controller_server-11] [INFO] [1790235075.036746748] [controller_server]: Passing new path to controller.
[INFO] [1790235076.036428326] [mapex_explorer]: Main /plan diagnostic: poses=9, endpoint=(8.84, -6.20), frontier=(8.84, -6.20), endpoint_to_frontier=0.000 m, limit=0.10 m -> usable
[controller_server-11] [INFO] [1790235076.103426698] [controller_server]: Passing new path to controller.
[controller_server-11] [INFO] [1790235076.306114714] [controller_server]: Reached the goal!
[controller_server-11] [INFO] [1790235076.306519276] [controller_server]: Optimizer reset
[bt_navigator-16] [INFO] [1790235076.316439513] [bt_navigator]: Goal succeeded
[INFO] [1790235076.320773125] [mapex_explorer]: Goal reached
[INFO] [1790235081.800151949] [mapex_explorer]: MapEx decision 19: selected x=-3.06, y=-11.90, IG=14.621675, distance=13.41 m, score=1.090404, region=63, candidates=17, near_fallback=False, compute=4.76 s
[bt_navigator-16] [INFO] [1790235081.801631709] [bt_navigator]: Begin navigating from current location (9.13, -6.33) to (-3.06, -11.90)
[controller_server-11] [INFO] [1790235081.824422343] [controller_server]: Received a goal, begin computing control effort.
[INFO] [1790235081.915813306] [mapex_explorer]: Main goal accepted
[INFO] [1790235082.116019756] [mapex_explorer]: Main /plan diagnostic: poses=556, endpoint=(-3.06, -11.90), frontier=(-3.06, -11.90), endpoint_to_frontier=0.000 m, limit=0.10 m -> usable
[INFO] [1790235082.863764887] [mapex_explorer]: Main /plan diagnostic: poses=552, endpoint=(-3.06, -11.90), frontier=(-3.06, -11.90), endpoint_to_frontier=0.000 m, limit=0.10 m -> usable
[controller_server-11] [INFO] [1790235082.891312223] [controller_server]: Passing new path to controller.
[controller_server-11] [INFO] [1790235083.891310517] [controller_server]: Passing new path to controller.
[INFO] [1790235083.899099324] [mapex_explorer]: Main /plan diagnostic: poses=553, endpoint=(-3.06, -11.90), frontier=(-3.06, -11.90), endpoint_to_frontier=0.000 m, limit=0.10 m -> usable
[INFO] [1790235084.920711508] [mapex_explorer]: Main /plan diagnostic: poses=553, endpoint=(-3.06, -11.90), frontier=(-3.06, -11.90), endpoint_to_frontier=0.000 m, limit=0.10 m -> usable
[controller_server-11] [INFO] [1790235084.958039429] [controller_server]: Passing new path to controller.
[INFO] [1790235085.940924613] [mapex_explorer]: Main /plan diagnostic: poses=547, endpoint=(-3.06, -11.90), frontier=(-3.06, -11.90), endpoint_to_frontier=0.000 m, limit=0.10 m -> usable
[controller_server-11] [INFO] [1790235085.957993873] [controller_server]: Passing new path to controller.
[INFO] [1790235086.966936263] [mapex_explorer]: Main /plan diagnostic: poses=539, endpoint=(-3.06, -11.90), frontier=(-3.06, -11.90), endpoint_to_frontier=0.000 m, limit=0.10 m -> usable
[controller_server-11] [INFO] [1790235087.024669434] [controller_server]: Passing new path to controller.
[INFO] [1790235087.994294462] [mapex_explorer]: Main /plan diagnostic: poses=524, endpoint=(-3.06, -11.90), frontier=(-3.06, -11.90), endpoint_to_frontier=0.000 m, limit=0.10 m -> usable
[controller_server-11] [INFO] [1790235088.024641739] [controller_server]: Passing new path to controller.
[INFO] [1790235089.021782331] [mapex_explorer]: Main /plan diagnostic: poses=514, endpoint=(-3.06, -11.90), frontier=(-3.06, -11.90), endpoint_to_frontier=0.000 m, limit=0.10 m -> usable
[controller_server-11] [INFO] [1790235089.024724077] [controller_server]: Passing new path to controller.
[INFO] [1790235090.052018842] [mapex_explorer]: Main /plan diagnostic: poses=505, endpoint=(-3.06, -11.90), frontier=(-3.06, -11.90), endpoint_to_frontier=0.000 m, limit=0.10 m -> usable
[controller_server-11] [INFO] [1790235090.091327858] [controller_server]: Passing new path to controller.
[INFO] [1790235091.079771497] [mapex_explorer]: Main /plan diagnostic: poses=495, endpoint=(-3.06, -11.90), frontier=(-3.06, -11.90), endpoint_to_frontier=0.000 m, limit=0.10 m -> usable
[controller_server-11] [INFO] [1790235091.091307308] [controller_server]: Passing new path to controller.
[INFO] [1790235092.124676595] [mapex_explorer]: Main /plan diagnostic: poses=486, endpoint=(-3.06, -11.90), frontier=(-3.06, -11.90), endpoint_to_frontier=0.000 m, limit=0.10 m -> usable
[controller_server-11] [INFO] [1790235092.157973393] [controller_server]: Passing new path to controller.
[INFO] [1790235093.129425125] [mapex_explorer]: Main /plan diagnostic: poses=476, endpoint=(-3.06, -11.90), frontier=(-3.06, -11.90), endpoint_to_frontier=0.000 m, limit=0.10 m -> usable
[controller_server-11] [INFO] [1790235093.157984458] [controller_server]: Passing new path to controller.
[INFO] [1790235094.152081171] [mapex_explorer]: Main /plan diagnostic: poses=468, endpoint=(-3.06, -11.90), frontier=(-3.06, -11.90), endpoint_to_frontier=0.000 m, limit=0.10 m -> usable
[controller_server-11] [INFO] [1790235094.157985202] [controller_server]: Passing new path to controller.
[async_slam_toolbox_node-10] W20260924 14:31:34.171317 60310 preprocessor.cc:67] Specified options.num_threads: 50 exceeds maximum available from the threading model Ceres was compiled with: 16.  Bounding to maximum number available.
[async_slam_toolbox_node-10] [INFO] [1790235094.181389323] [slam_toolbox]: Adaptive anchor summary: latest_node=1081, local_edges=1116, loop_history=0, avg_effective_weight=1.262, release_regions=0
[controller_server-11] [INFO] [1790235094.558229492] [controller_server]: Cancellation was successful. Stopping the robot.
[controller_server-11] [INFO] [1790235094.558273297] [controller_server]: [follow_path] [ActionServer] Client requested to cancel the goal. Cancelling.
[bt_navigator-16] [INFO] [1790235094.558457634] [bt_navigator]: [navigate_to_pose] [ActionServer] Client requested to cancel the goal. Cancelling.
[bt_navigator-16] [INFO] [1790235094.558646102] [bt_navigator]: Goal canceled
[controller_server-11] [INFO] [1790235094.558916530] [controller_server]: Optimizer reset
[WARN] [1790235094.561361603] [mapex_explorer]: Main goal failed (status=5, error_code=0)
[WARN] [1790235094.562623562] [mapex_explorer]: Path-guided recovery #1: temporary subgoal x=11.20, y=-10.99, 0.75 m ahead on main path (remaining main path=23.27 m, trigger_error=0)
[WARN] [1790235094.563630526] [mapex_explorer]: R003 cutoff latched; navigation dispatch suppressed
[WARN] [1790235094.748969212] [mapex_explorer]: MAPEX SAVED: env=new_room, profile=slam, coverage=0.932809311, distance=150.07m, output=/home/com1/turtlebot4_project_r003_h031/mapex_lab/experiments/mapex/mpx_p500_010
[controller_server-11] [INFO] [1790235095.238735923] [local_costmap.local_costmap]: StaticLayer: Resizing static layer to 261 X 200 at 0.100000 m/pix

Stopping experiment...
[async_slam_toolbox_node-10] [INFO] [1790235095.468529933] [rclcpp]: signal_handler(SIGINT/SIGTERM)
[rviz2-7] [INFO] [1790235095.468540770] [rclcpp]: signal_handler(SIGINT/SIGTERM)
[smoother_server-12] [INFO] [1790235095.468551112] [rclcpp]: signal_handler(SIGINT/SIGTERM)
[planner_server-13] [INFO] [1790235095.468595863] [rclcpp]: signal_handler(SIGINT/SIGTERM)
[parameter_bridge-2] [INFO] [1790235095.468654009] [rclcpp]: signal_handler(SIGINT/SIGTERM)
[controller_server-11] [INFO] [1790235095.468744921] [rclcpp]: signal_handler(SIGINT/SIGTERM)
[collision_monitor-19] [INFO] [1790235095.468798289] [rclcpp]: signal_handler(SIGINT/SIGTERM)
[bt_navigator-16] [INFO] [1790235095.468835037] [rclcpp]: signal_handler(SIGINT/SIGTERM)
[velocity_smoother-18] [INFO] [1790235095.468879973] [rclcpp]: signal_handler(SIGINT/SIGTERM)
[behavior_server-15] [INFO] [1790235095.468914450] [rclcpp]: signal_handler(SIGINT/SIGTERM)
[robot_state_publisher-6] [INFO] [1790235095.468940389] [rclcpp]: signal_handler(SIGINT/SIGTERM)
[planner_server-13] [INFO] [1790235095.468727174] [planner_server]: Running Nav2 LifecycleNode rcl preshutdown (planner_server)
[smoother_server-12] [INFO] [1790235095.468673299] [smoother_server]: Running Nav2 LifecycleNode rcl preshutdown (smoother_server)
[controller_server-11] [INFO] [1790235095.468815937] [controller_server]: Running Nav2 LifecycleNode rcl preshutdown (controller_server)
[velocity_smoother-18] [INFO] [1790235095.468971583] [velocity_smoother]: Running Nav2 LifecycleNode rcl preshutdown (velocity_smoother)
[velocity_smoother-18] [INFO] [1790235095.470135143] [velocity_smoother]: Deactivating
[velocity_smoother-18] [INFO] [1790235095.470396770] [velocity_smoother]: Destroying bond (velocity_smoother) to lifecycle manager.
[waypoint_follower-17] [INFO] [1790235095.469873673] [rclcpp]: signal_handler(SIGINT/SIGTERM)
[waypoint_follower-17] [INFO] [1790235095.469989650] [waypoint_follower]: Running Nav2 LifecycleNode rcl preshutdown (waypoint_follower)
[opennav_docking-20] [INFO] [1790235095.469978732] [rclcpp]: signal_handler(SIGINT/SIGTERM)
[opennav_docking-20] [INFO] [1790235095.470120835] [docking_server]: Running Nav2 LifecycleNode rcl preshutdown (docking_server)
[bt_navigator-16] [INFO] [1790235095.468895894] [bt_navigator]: Running Nav2 LifecycleNode rcl preshutdown (bt_navigator)
[route_server-14] [INFO] [1790235095.470195203] [rclcpp]: signal_handler(SIGINT/SIGTERM)
[route_server-14] [INFO] [1790235095.470308440] [route_server]: Running Nav2 LifecycleNode rcl preshutdown (route_server)
[collision_monitor-19] [INFO] [1790235095.468957101] [collision_monitor]: Running Nav2 LifecycleNode rcl preshutdown (collision_monitor)
[collision_monitor-19] [INFO] [1790235095.470395089] [collision_monitor]: Deactivating
[behavior_server-15] [INFO] [1790235095.468983596] [behavior_server]: Running Nav2 LifecycleNode rcl preshutdown (behavior_server)
[controller_server-11] [INFO] [1790235095.470290107] [controller_server]: Deactivating
[controller_server-11] [INFO] [1790235095.470938398] [MPPIController]: Deactivated MPPI Controller: FollowPath
[controller_server-11] [INFO] [1790235095.470983613] [local_costmap.local_costmap]: Deactivating
[image_bridge-4] [INFO] [1790235095.471046772] [rclcpp]: signal_handler(SIGINT/SIGTERM)
[planner_server-13] [INFO] [1790235095.471135953] [planner_server]: Deactivating
[planner_server-13] [INFO] [1790235095.471193153] [global_costmap.global_costmap]: Deactivating
[route_server-14] [INFO] [1790235095.471195521] [route_server]: Deactivating
[route_server-14] [INFO] [1790235095.471644412] [route_server]: Destroying bond (route_server) to lifecycle manager.
[collision_monitor-19] [INFO] [1790235095.471245689] [collision_monitor]: Destroying bond (collision_monitor) to lifecycle manager.
[lifecycle_manager-21] [INFO] [1790235095.471675825] [rclcpp]: signal_handler(SIGINT/SIGTERM)
[lifecycle_manager-21] [INFO] [1790235095.471792622] [lifecycle_manager_navigation]: Running Nav2 LifecycleManager rcl preshutdown (lifecycle_manager_navigation)
[lifecycle_manager-21] [INFO] [1790235095.472205716] [lifecycle_manager_navigation]: [34m[1mTerminating bond timer...[0m[0m
[waypoint_follower-17] [INFO] [1790235095.471917625] [waypoint_follower]: Deactivating
[waypoint_follower-17] [INFO] [1790235095.472476412] [waypoint_follower]: Destroying bond (waypoint_follower) to lifecycle manager.
[behavior_server-15] [INFO] [1790235095.472264415] [behavior_server]: Deactivating
[image_bridge-3] [INFO] [1790235095.473914978] [rclcpp]: signal_handler(SIGINT/SIGTERM)
[smoother_server-12] [INFO] [1790235095.473156494] [smoother_server]: Deactivating
[bt_navigator-16] [INFO] [1790235095.474320028] [bt_navigator]: Deactivating
[smoother_server-12] [INFO] [1790235095.475108486] [smoother_server]: Destroying bond (smoother_server) to lifecycle manager.
[opennav_docking-20] [INFO] [1790235095.475489779] [docking_server]: Deactivating docking_server
[bt_navigator-16] [INFO] [1790235095.478497778] [bt_navigator]: Destroying bond (bt_navigator) to lifecycle manager.
[async_slam_toolbox_node-10] Unregistering sensor: Custom Described Lidar
[behavior_server-15] [INFO] [1790235095.480399003] [behavior_server]: Destroying bond (behavior_server) to lifecycle manager.
[velocity_smoother-18] [INFO] [1790235095.481426088] [velocity_smoother]: Cleaning up
[velocity_smoother-18] [INFO] [1790235095.481481866] [velocity_smoother]: Destroying bond (velocity_smoother) to lifecycle manager.
[route_server-14] [INFO] [1790235095.482407412] [route_server]: Cleaning up
[collision_monitor-19] [INFO] [1790235095.483509128] [collision_monitor]: Cleaning up
[collision_monitor-19] [INFO] [1790235095.483579145] [collision_monitor]: [FootprintApproach]: Destroying Polygon
[collision_monitor-19] [INFO] [1790235095.483602923] [collision_monitor]: [scan]: Destroying Scan
[waypoint_follower-17] [INFO] [1790235095.484684713] [waypoint_follower]: Cleaning up
[smoother_server-12] [INFO] [1790235095.488110453] [smoother_server]: Cleaning up
[bt_navigator-16] [INFO] [1790235095.491281792] [bt_navigator]: Cleaning up
[behavior_server-15] [INFO] [1790235095.493274840] [behavior_server]: Cleaning up
[collision_monitor-19] [INFO] [1790235095.502085433] [collision_monitor]: Destroying bond (collision_monitor) to lifecycle manager.
[velocity_smoother-18] [INFO] [1790235095.502677134] [velocity_smoother]: Destroying
[behavior_server-15] [INFO] [1790235095.513224277] [behavior_server]: Destroying bond (behavior_server) to lifecycle manager.
[waypoint_follower-17] [INFO] [1790235095.517102380] [waypoint_follower]: Destroying bond (waypoint_follower) to lifecycle manager.
[opennav_docking-20] [INFO] [1790235095.518419736] [docking_server]: Destroying bond (docking_server) to lifecycle manager.
[collision_monitor-19] [INFO] [1790235095.522116178] [collision_monitor]: Destroying
[opennav_docking-20] [INFO] [1790235095.528912869] [docking_server]: Cleaning up docking_server
[route_server-14] [INFO] [1790235095.529193773] [route_server]: Destroying bond (route_server) to lifecycle manager.
[waypoint_follower-17] [INFO] [1790235095.543346062] [waypoint_follower]: Destroying
[smoother_server-12] [INFO] [1790235095.544110102] [smoother_server]: Destroying bond (smoother_server) to lifecycle manager.
[rviz2-7] [ERROR] [1790235095.553410936] [rviz2]: Error using GLSL Program Object : GL_OUT_OF_MEMORY
[rviz2-7] active samplers with a different type refer to the same texture image unit
[smoother_server-12] [INFO] [1790235095.554357488] [smoother_server]: Destroying
[route_server-14] [INFO] [1790235095.558524006] [route_server]: Destroying
[opennav_docking-20] [INFO] [1790235095.558588675] [docking_server]: Destroying bond (docking_server) to lifecycle manager.
[opennav_docking-20] [INFO] [1790235095.568589584] [docking_server]: Destroying
[behavior_server-15] [INFO] [1790235095.584368774] [behavior_server]: Destroying
[INFO] [parameter_bridge-2]: process has finished cleanly [pid 59795]
[bt_navigator-16] [INFO] [1790235095.634872941] [bt_navigator]: Completed Cleaning up
[bt_navigator-16] [INFO] [1790235095.634941826] [bt_navigator]: Destroying bond (bt_navigator) to lifecycle manager.
[controller_server-11] [INFO] [1790235095.639342747] [controller_server]: Destroying bond (controller_server) to lifecycle manager.
[INFO] [image_bridge-4]: process has finished cleanly [pid 59797]
[bt_navigator-16] [INFO] [1790235095.644885822] [bt_navigator]: Destroying
[INFO] [image_bridge-3]: process has finished cleanly [pid 59796]
[controller_server-11] [INFO] [1790235095.649550619] [controller_server]: Cleaning up
[controller_server-11] [INFO] [1790235095.651228025] [MPPIController]: Cleaned up MPPI Controller: FollowPath
[controller_server-11] [INFO] [1790235095.652239043] [local_costmap.local_costmap]: Cleaning up
[INFO] [robot_state_publisher-6]: process has finished cleanly [pid 59799]
[INFO] [velocity_smoother-18]: process has finished cleanly [pid 60421]
[lifecycle_manager-21] [INFO] [1790235095.667018804] [lifecycle_manager_navigation]: Destroying lifecycle_manager_navigation
[controller_server-11] [INFO] [1790235095.672160554] [controller_server]: Destroying bond (controller_server) to lifecycle manager.
[controller_server-11] [INFO] [1790235095.675565354] [local_costmap.local_costmap]: Destroying
[controller_server-11] [INFO] [1790235095.679454277] [controller_server]: Destroying
[INFO] [collision_monitor-19]: process has finished cleanly [pid 60422]
[INFO] [waypoint_follower-17]: process has finished cleanly [pid 60420]
[INFO] [smoother_server-12]: process has finished cleanly [pid 60415]
[INFO] [route_server-14]: process has finished cleanly [pid 60417]
[INFO] [opennav_docking-20]: process has finished cleanly [pid 60423]
[INFO] [behavior_server-15]: process has finished cleanly [pid 60418]
[INFO] [async_slam_toolbox_node-10]: process has finished cleanly [pid 60310]
[gz-8] [1;36m[Dbg] [SimulationRunner.cc:562] [0m[1;36mCreating postupdate worker thread ([0m[1;36m2[0m[1;36m)[0m[1;36m[0m
[gz-8] [1;36m[Dbg] [SimulationRunner.cc:562] [0m[1;36mCreating postupdate worker thread ([0m[1;36m3[0m[1;36m)[0m[1;36m[0m
[gz-8] [1;36m[Dbg] [SimulationRunner.cc:562] [0m[1;36mCreating postupdate worker thread ([0m[1;36m4[0m[1;36m)[0m[1;36m[0m
[gz-8] [1;36m[Dbg] [RenderUtil.cc:2646] [0m[1;36mCreate scene [[0m[1;36mscene[0m[1;36m][0m[1;36m[0m
[gz-8] [1;36m[Dbg] [Sensors.cc:953] [Dbg] [Sensors.cc:391] [0m[1;36mInitialization needed[0m[1;36m[0m
[gz-8] [1;36m[Dbg] [Sensors.cc:953] [Dbg] [Sensors.cc:391] [0m[1;36mRendering Thread initialized[0m[1;36m[0m
[gz-8] [1;36m[Dbg] [RgbdCameraSensor.cc:210] [0m[1;36mRGB images for [[0m[1;36mturtlebot4::oakd_rgb_camera_frame::rgbd_camera[0m[1;36m] advertised on [[0m[1;36mrgbd_camera[0m[1;36m/image][0m[1;36m[0m
[gz-8] [1;36m[Dbg] [RgbdCameraSensor.cc:224] [0m[1;36mDepth images for [[0m[1;36mturtlebot4::oakd_rgb_camera_frame::rgbd_camera[0m[1;36m] advertised on [[0m[1;36mrgbd_camera[0m[1;36m/depth_image][0m[1;36m[0m
[gz-8] [1;36m[Dbg] [RgbdCameraSensor.cc:238] [0m[1;36mPoints for [[0m[1;36mturtlebot4::oakd_rgb_camera_frame::rgbd_camera[0m[1;36m] advertised on [[0m[1;36mrgbd_camera[0m[1;36m/points][0m[1;36m[0m
[gz-8] [1;36m[Dbg] [CameraSensor.cc:695] [0m[1;36mCamera info for [[0m[1;36mturtlebot4::oakd_rgb_camera_frame::rgbd_camera[0m[1;36m] advertised on [[0m[1;36mrgbd_camera/camera_info[0m[1;36m][0m[1;36m[0m
[gz-8] [1;36m[Dbg] [Lidar.cc:139] [0m[1;36mLaser scans for [[0m[1;36mturtlebot4::rplidar_link::rplidar[0m[1;36m] advertised on [[0m[1;36mscan[0m[1;36m][0m[1;36m[0m
[gz-8] [1;36m[Dbg] [GpuLidarSensor.cc:164] [0m[1;36mLidar points for [[0m[1;36mturtlebot4::rplidar_link::rplidar[0m[1;36m] advertised on [[0m[1;36mscan/points[0m[1;36m][0m[1;36m[0m
[gz-8] [1;36m[Dbg] [SignalHandler.cc:142] [0m[1;36mReceived signal[[0m[1;36m2[0m[1;36m].[0m
[gz-8] [1;36m[Dbg] [ServerPrivate.cc:122] [0m[1;36mServer received signal[[0m[1;36m2[0m[1;36m][0m
[gz-8] [1;36m[Dbg] [Sensors.cc:565] [0m[1;36mSensorsPrivate::Stop[0m[1;36m[0m
[gz-8] [1;36m[Dbg] [Sensors.cc:551] [0m[1;36mSensorsPrivate::RenderThread stopped[0m[1;36m[0m
[gz-8] [1;36m[Dbg] [gz.cc:434] [0m[1;36mShutting down gz-sim-server[0m[1;36m[0m
[gz-8] [1;36m[Dbg] [SimulationRunner.cc:578] [0m[1;36mExiting postupdate worker thread ([0m[1;36m[Dbg] [SimulationRunner.cc:578] [0m[1;36mExiting postupdate worker thread ([0m[1;36m2[0m[1;36m)[0m[1;36m[0m
[gz-8] [1;36m[Dbg] [SimulationRunner.cc:578] [Dbg] [SimulationRunner.cc:578] [0m[1;36m[Dbg] [SimulationRunner.cc:578] [0m[1;36m3[0m[1;36m)[0m[1;36m[0m
[gz-8] [1;36m3[0m[1;36mExiting postupdate worker thread ([0m[1;36m0[0m[1;36m)[0m[1;36m[0m
[gz-8] [1;36mExiting postupdate worker thread (Exiting postupdate worker thread ([0m[1;36m4[0m[1;36m)[0m[1;36m[0m
[gz-8] [1;36m1[0m[1;36m)[0m[1;36m[0m
[gz-8] [1;36m[Dbg] [Sensors.cc:565] [0m[1;36mSensorsPrivate::Stop[0m[1;36m[0m
[INFO] [bt_navigator-16]: process has finished cleanly [pid 60419]
[INFO] [lifecycle_manager-21]: process has finished cleanly [pid 60424]
[INFO] [controller_server-11]: process has finished cleanly [pid 60414]
[INFO] [gz-8]: process has finished cleanly [pid 59905]
[gz-9] [1;36m[GUI] [Dbg] [SignalHandler.cc:142] [0m[1;36mReceived signal[[0m[1;36m2[0m[1;36m].[0m
[gz-9] [1;36m[GUI] [Dbg] [Gui.cc:535] [0m[1;36mShutting down gz-sim-gui[0m[1;36m[0m
[gz-9] [1;36m[GUI] [Dbg] [Application.cc:237] [0m[1;36mTerminating application.[0m[1;36m[0m
[gz-9] [1;36m[GUI] [Dbg] [MinimalScene.cc:841] [0m[1;36mDestroy scene [[0m[1;36mscene[0m[1;36m][0m[1;36m[0m
[INFO] [gz-9]: process has finished cleanly [pid 59906]
[planner_server-13] [INFO] [1790235096.057918456] [planner_server]: Deactivating plugin GridBased of type NavfnPlanner
[planner_server-13] [INFO] [1790235096.058650915] [planner_server]: Destroying bond (planner_server) to lifecycle manager.
[planner_server-13] [INFO] [1790235096.068853457] [planner_server]: Cleaning up
[planner_server-13] [INFO] [1790235096.075487601] [global_costmap.global_costmap]: Cleaning up
[planner_server-13] [INFO] [1790235096.077921974] [planner_server]: Cleaning up plugin GridBased of type NavfnPlanner
[planner_server-13] [INFO] [1790235096.078293883] [planner_server]: Destroying plugin GridBased of type NavfnPlanner
[planner_server-13] [INFO] [1790235096.086306301] [planner_server]: Destroying bond (planner_server) to lifecycle manager.
[planner_server-13] [INFO] [1790235096.090375316] [global_costmap.global_costmap]: Destroying
[planner_server-13] [INFO] [1790235096.096825069] [planner_server]: Destroying
[INFO] [planner_server-13]: process has finished cleanly [pid 60416]
[ERROR] [rviz2-7]: process has died [pid 59800, exit code -11, cmd '/opt/ros/jazzy/lib/rviz2/rviz2 -d /home/com1/turtlebot4_project_r003_h031/ros2_ws/install/frontier_exploration/share/frontier_exploration/rviz/hospital_exploration.rviz --ros-args -r __node:=rviz2 --params-file /tmp/launch_params_859q_vr7 -r /tf:=tf -r /tf_static:=tf_static'].
Experiment stopped.
Traceback (most recent call last):
  File "/home/com1/turtlebot4_project_r003_h031/mapex_lab/scripts/r003_deadlock_watchdog.py", line 123, in main
    rclpy.spin_once(node, timeout_sec=1.0)
  File "/opt/ros/jazzy/lib/python3.12/site-packages/rclpy/__init__.py", line 226, in spin_once
    executor.spin_once(timeout_sec=timeout_sec)
  File "/opt/ros/jazzy/lib/python3.12/site-packages/rclpy/executors.py", line 926, in spin_once
    self._spin_once_impl(timeout_sec)
  File "/opt/ros/jazzy/lib/python3.12/site-packages/rclpy/executors.py", line 907, in _spin_once_impl
    handler, entity, node = self.wait_for_ready_callbacks(
                            ^^^^^^^^^^^^^^^^^^^^^^^^^^^^^^
  File "/opt/ros/jazzy/lib/python3.12/site-packages/rclpy/executors.py", line 877, in wait_for_ready_callbacks
    return next(self._cb_iter)
           ^^^^^^^^^^^^^^^^^^^
  File "/opt/ros/jazzy/lib/python3.12/site-packages/rclpy/executors.py", line 785, in _wait_for_ready_callbacks
    raise ExternalShutdownException()
rclpy.executors.ExternalShutdownException

During handling of the above exception, another exception occurred:

Traceback (most recent call last):
  File "/home/com1/turtlebot4_project_r003_h031/mapex_lab/scripts/r003_deadlock_watchdog.py", line 137, in <module>
    sys.exit(main())
             ^^^^^^
  File "/home/com1/turtlebot4_project_r003_h031/mapex_lab/scripts/r003_deadlock_watchdog.py", line 127, in main
    rclpy.shutdown()
  File "/opt/ros/jazzy/lib/python3.12/site-packages/rclpy/__init__.py", line 134, in shutdown
    _shutdown(context=context)
  File "/opt/ros/jazzy/lib/python3.12/site-packages/rclpy/utilities.py", line 82, in shutdown
    context.shutdown()
  File "/opt/ros/jazzy/lib/python3.12/site-packages/rclpy/context.py", line 129, in shutdown
    self.__context.shutdown()
rclpy._rclpy_pybind11.RCLError: failed to shutdown: rcl_shutdown already called on the given context, at ./src/rcl/init.c:333
