COMMAND /home/com1/turtlebot4_project_r003_h031/run --paper500 --method mapex --environment new_room --record yes --run-id mpx_p500_005
ROS isolation: domain=42, localhost_only=1
[WARN] [1790228053.258983325] [rcl]: ROS_LOCALHOST_ONLY is deprecated but still honored if it is enabled. Use ROS_AUTOMATIC_DISCOVERY_RANGE and ROS_STATIC_PEERS instead.
[WARN] [1790228053.258995985] [rcl]: 'localhost_only' is enabled, 'automatic_discovery_range' and 'static_peers' will be ignored.


==============================
Method : MapEx
Map    : New Room
Record : yes
Run ID : mpx_p500_005
Profile: R003 paper500
Python : /usr/bin/python3
MapEx  : /home/com1/MapEx
LaMa   : /work/conda-envs/lama/bin/python
Weights: /work/com1/mapex_weights/weights/lama_ensemble
Device : cpu
Launch : mapex_lab/launch/slam.launch.py
==============================


Dang cho /map, Nav2 lifecycle active va /clock on dinh...
[INFO] [launch]: All log files can be found below /home/com1/.ros/log/2026-09-24-12-34-14-477506-com1-35212
[INFO] [launch]: Default logging verbosity is set to INFO
[INFO] [launch.user]: Simulation world: new_room; path=/home/com1/turtlebot4_project_r003_h031/mapex_lab/map/new_room.sdf; spawn=(0.0, 3.0, 0.0)
[INFO] [xacro-1]: process started with pid [35232]
[INFO] [parameter_bridge-2]: process started with pid [35233]
[INFO] [image_bridge-3]: process started with pid [35234]
[INFO] [image_bridge-4]: process started with pid [35235]
[INFO] [create-5]: process started with pid [35236]
[INFO] [robot_state_publisher-6]: process started with pid [35237]
[INFO] [rviz2-7]: process started with pid [35238]
[robot_state_publisher-6] [WARN] [1790228054.710523790] [rcl]: ROS_LOCALHOST_ONLY is deprecated but still honored if it is enabled. Use ROS_AUTOMATIC_DISCOVERY_RANGE and ROS_STATIC_PEERS instead.
[robot_state_publisher-6] [WARN] [1790228054.710535705] [rcl]: 'localhost_only' is enabled, 'automatic_discovery_range' and 'static_peers' will be ignored.
[create-5] [WARN] [1790228054.720721274] [rcl]: ROS_LOCALHOST_ONLY is deprecated but still honored if it is enabled. Use ROS_AUTOMATIC_DISCOVERY_RANGE and ROS_STATIC_PEERS instead.
[create-5] [WARN] [1790228054.720732442] [rcl]: 'localhost_only' is enabled, 'automatic_discovery_range' and 'static_peers' will be ignored.
[robot_state_publisher-6] [WARN] [1790228054.725412047] [kdl_parser]: The root link base_link has an inertia specified in the URDF, but KDL does not support a root link with an inertia.  As a workaround, you can add an extra dummy link to your URDF.
[robot_state_publisher-6] [INFO] [1790228054.725522668] [robot_state_publisher]: Robot initialized
[image_bridge-3] [WARN] [1790228054.728082984] [rcl]: ROS_LOCALHOST_ONLY is deprecated but still honored if it is enabled. Use ROS_AUTOMATIC_DISCOVERY_RANGE and ROS_STATIC_PEERS instead.
[image_bridge-3] [WARN] [1790228054.728092591] [rcl]: 'localhost_only' is enabled, 'automatic_discovery_range' and 'static_peers' will be ignored.
[image_bridge-4] [WARN] [1790228054.728424563] [rcl]: ROS_LOCALHOST_ONLY is deprecated but still honored if it is enabled. Use ROS_AUTOMATIC_DISCOVERY_RANGE and ROS_STATIC_PEERS instead.
[image_bridge-4] [WARN] [1790228054.728432821] [rcl]: 'localhost_only' is enabled, 'automatic_discovery_range' and 'static_peers' will be ignored.
[create-5] [INFO] [1790228054.731117414] [ros_gz_sim]: Requesting list of world names.
[parameter_bridge-2] [WARN] [1790228054.735064929] [rcl]: ROS_LOCALHOST_ONLY is deprecated but still honored if it is enabled. Use ROS_AUTOMATIC_DISCOVERY_RANGE and ROS_STATIC_PEERS instead.
[parameter_bridge-2] [WARN] [1790228054.735074470] [rcl]: 'localhost_only' is enabled, 'automatic_discovery_range' and 'static_peers' will be ignored.
[rviz2-7] [WARN] [1790228054.787600240] [rcl]: ROS_LOCALHOST_ONLY is deprecated but still honored if it is enabled. Use ROS_AUTOMATIC_DISCOVERY_RANGE and ROS_STATIC_PEERS instead.
[rviz2-7] [WARN] [1790228054.787614345] [rcl]: 'localhost_only' is enabled, 'automatic_discovery_range' and 'static_peers' will be ignored.
[INFO] [xacro-1]: process has finished cleanly [pid 35232]
[INFO] [gz-8]: process started with pid [35355]
[INFO] [gz-9]: process started with pid [35356]
[rviz2-7] [INFO] [1790228054.872999769] [rviz2]: Stereo is NOT SUPPORTED
[rviz2-7] [INFO] [1790228054.873112650] [rviz2]: OpenGl version: 4.5 (GLSL 4.5)
[rviz2-7] [INFO] [1790228054.890344744] [rviz2]: Stereo is NOT SUPPORTED
[rviz2-7] [INFO] [1790228054.933945955] [rviz2]: Subscribing to: /map_cloud
[rviz2-7] 
[rviz2-7] [INFO] [1790228054.934336533] [rviz2]: Subscribing to: /map_cloud
[rviz2-7] 
[rviz2-7] [INFO] [1790228054.934635195] [rviz2]: Subscribing to: /map_cloud
[rviz2-7] 
[rviz2-7] [INFO] [1790228054.937301641] [rviz2]: Subscribing to: /frontier/frontier_points
[rviz2-7] 
[rviz2-7] [INFO] [1790228054.944188970] [rviz2]: Subscribing to: /map_cloud
[rviz2-7] 
[rviz2-7] [INFO] [1790228054.944846589] [rviz2]: Subscribing to: /frontier/frontier_points
[rviz2-7] 
[gz-9] [1;33m[GUI] [Wrn] [Application.cc:908] [0m[1;33m[QT] file:///usr/lib/x86_64-linux-gnu/qt5/qml/QtQuick/Dialogs/DefaultFileDialog.qml:413:17: QML ToolButton: Binding loop detected for property "implicitHeight"[0m[1;33m[0m
[gz-9] [1;33m[GUI] [Wrn] [Application.cc:908] [0m[1;33m[QT] file:///usr/lib/x86_64-linux-gnu/qt5/qml/QtQuick/Dialogs/DefaultFileDialog.qml:309:21: QML Button: Binding loop detected for property "implicitHeight"[0m[1;33m[0m
[gz-9] [1;33m[GUI] [Wrn] [Application.cc:908] [0m[1;33m[QT] file:///usr/lib/x86_64-linux-gnu/qt5/qml/QtQuick/Dialogs/DefaultFileDialog.qml:309:21: QML Button: Binding loop detected for property "implicitHeight"[0m[1;33m[0m
[gz-9] [1;33m[GUI] [Wrn] [Application.cc:908] [0m[1;33m[QT] file:///usr/lib/x86_64-linux-gnu/qt5/qml/QtQuick/Dialogs/DefaultFileDialog.qml:413:17: QML ToolButton: Binding loop detected for property "implicitHeight"[0m[1;33m[0m
[gz-9] [1;33m[GUI] [Wrn] [Application.cc:908] [0m[1;33m[QT] file:///usr/lib/x86_64-linux-gnu/qt5/qml/QtQuick/Dialogs/DefaultFileDialog.qml:309:21: QML Button: Binding loop detected for property "implicitHeight"[0m[1;33m[0m
[gz-9] [1;33m[GUI] [Wrn] [Application.cc:908] [0m[1;33m[QT] file:///usr/lib/x86_64-linux-gnu/qt5/qml/QtQuick/Dialogs/DefaultFileDialog.qml:309:21: QML Button: Binding loop detected for property "implicitHeight"[0m[1;33m[0m
[gz-8] [1;32m[Msg] [0m[1;32mGazebo Sim Server v[0m[1;32m8.11.0[0m[1;32m[0m
[gz-8] [1;32m[Msg] [0m[1;32mLoading SDF world file[[0m[1;32m/tmp/nav2_e1353gjn.sdf[0m[1;32m].[0m
[gz-8] [1;32m[Msg] [0m[1;32mServing entity system service on [[0m[1;32m/[0m[1;32mentity/system/add[0m[1;32m][0m[1;32m[0m
[gz-8] [1;36m[Dbg] [Physics.cc:906] [0m[1;36mLoaded [[0m[1;36mgz::physics::dartsim::Plugin[0m[1;36m] from library [[0m[1;36m/opt/ros/jazzy/opt/gz_physics_vendor/lib/gz-physics-7/engine-plugins/libgz-physics-dartsim-plugin.so[0m[1;36m][0m[1;36m[0m
[gz-8] [1;36m[Dbg] [SystemManager.cc:80] [0m[1;36mLoaded system [[0m[1;36mgz::sim::systems::Physics[0m[1;36m] for entity [[0m[1;36m1[0m[1;36m][0m[1;36m[0m
[gz-8] [1;32m[Msg] [0m[1;32mCreate[0m[1;32m service on [[0m[1;32m/world/new_room_world/create_multiple[0m[1;32m] (async)[0m[1;32m[0m
[gz-8] [1;32m[Msg] [0m[1;32mCreate[0m[1;32m service on [[0m[1;32m/world/new_room_world/create_multiple/blocking[0m[1;32m] (blocking)[0m[1;32m[0m
[gz-8] [1;32m[Msg] [0m[1;32mRemove[0m[1;32m service on [[0m[1;32m/world/new_room_world/remove[0m[1;32m] (async)[0m[1;32m[0m
[gz-8] [1;32m[Msg] [0m[1;32mRemove[0m[1;32m service on [[0m[1;32m/world/new_room_world/remove/blocking[0m[1;32m] (blocking)[0m[1;32m[0m
[gz-8] [1;32m[Msg] [0m[1;32mPose[0m[1;32m service on [[0m[1;32m/world/new_room_world/set_pose[0m[1;32m] (async)[0m[1;32m[0m
[gz-8] [1;32m[Msg] [0m[1;32mPose[0m[1;32m service on [[0m[1;32m/world/new_room_world/set_pose/blocking[0m[1;32m] (blocking)[0m[1;32m[0m
[gz-8] [1;32m[Msg] [0m[1;32mPose[0m[1;32m service on [[0m[1;32m/world/new_room_world/set_pose_vector[0m[1;32m] (async)[0m[1;32m[0m
[gz-8] [1;32m[Msg] [0m[1;32mPose[0m[1;32m service on [[0m[1;32m/world/new_room_world/set_pose_vector/blocking[0m[1;32m] (blocking)[0m[1;32m[0m
[gz-8] [1;32m[Msg] [0m[1;32mLight configuration[0m[1;32m service on [[0m[1;32m/world/new_room_world/light_config[0m[1;32m] (async)[0m[1;32m[0m
[gz-8] [1;32m[Msg] [0m[1;32mLight configuration[0m[1;32m service on [[0m[1;32m/world/new_room_world/light_config/blocking[0m[1;32m] (blocking)[0m[1;32m[0m
[gz-8] [1;32m[Msg] [0m[1;32mPhysics[0m[1;32m service on [[0m[1;32m/world/new_room_world/set_physics[0m[1;32m] (async)[0m[1;32m[0m
[gz-8] [1;32m[Msg] [0m[1;32mPhysics[0m[1;32m service on [[0m[1;32m/world/new_room_world/set_physics/blocking[0m[1;32m] (blocking)[0m[1;32m[0m
[gz-8] [1;32m[Msg] [0m[1;32mSphericalCoordinates[0m[1;32m service on [[0m[1;32m/world/new_room_world/set_spherical_coordinates[0m[1;32m] (async)[0m[1;32m[0m
[gz-8] [1;32m[Msg] [0m[1;32mSphericalCoordinates[0m[1;32m service on [[0m[1;32m/world/new_room_world/set_spherical_coordinates/blocking[0m[1;32m] (blocking)[0m[1;32m[0m
[gz-8] [1;32m[Msg] [0m[1;32mEnable collision[0m[1;32m service on [[0m[1;32m/world/new_room_world/enable_collision[0m[1;32m] (async)[0m[1;32m[0m
[gz-8] [1;32m[Msg] [0m[1;32mEnable collision[0m[1;32m service on [[0m[1;32m/world/new_room_world/enable_collision/blocking[0m[1;32m] (blocking)[0m[1;32m[0m
[gz-8] [1;32m[Msg] [0m[1;32mDisable collision[0m[1;32m service on [[0m[1;32m/world/new_room_world/disable_collision[0m[1;32m] (async)[0m[1;32m[0m
[gz-8] [1;32m[Msg] [0m[1;32mDisable collision[0m[1;32m service on [[0m[1;32m/world/new_room_world/disable_collision/blocking[0m[1;32m] (blocking)[0m[1;32m[0m
[gz-8] [1;32m[Msg] [0m[1;32mMaterial[0m[1;32m service on [[0m[1;32m/world/new_room_world/visual_config[0m[1;32m] (async)[0m[1;32m[0m
[gz-8] [1;32m[Msg] [0m[1;32mMaterial[0m[1;32m service on [[0m[1;32m/world/new_room_world/visual_config/blocking[0m[1;32m] (blocking)[0m[1;32m[0m
[gz-8] [1;32m[Msg] [0m[1;32mMaterial[0m[1;32m service on [[0m[1;32m/world/new_room_world/wheel_slip[0m[1;32m] (async)[0m[1;32m[0m
[gz-8] [1;32m[Msg] [0m[1;32mMaterial[0m[1;32m service on [[0m[1;32m/world/new_room_world/wheel_slip/blocking[0m[1;32m] (blocking)[0m[1;32m[0m
[gz-9] [1;33m[GUI] [Wrn] [Application.cc:908] [0m[1;33m[QT] file:///usr/lib/x86_64-linux-gnu/qt5/qml/QtQuick/Dialogs/DefaultFileDialog.qml:413:17: QML ToolButton: Binding loop detected for property "implicitHeight"[0m[1;33m[0m
[gz-9] [1;33m[GUI] [Wrn] [Application.cc:908] [0m[1;33m[QT] file:///usr/lib/x86_64-linux-gnu/qt5/qml/QtQuick/Dialogs/DefaultFileDialog.qml:309:21: QML Button: Binding loop detected for property "implicitHeight"[0m[1;33m[0m
[gz-9] [1;33m[GUI] [Wrn] [Application.cc:908] [0m[1;33m[QT] file:///usr/lib/x86_64-linux-gnu/qt5/qml/QtQuick/Dialogs/DefaultFileDialog.qml:309:21: QML Button: Binding loop detected for property "implicitHeight"[0m[1;33m[0m
[create-5] [INFO] [1790228055.281529148] [ros_gz_sim]: Waiting messages on topic [robot_description].
[create-5] [INFO] [1790228055.381026428] [ros_gz_sim]: Entity creation successful.
[INFO] [create-5]: process has finished cleanly [pid 35236]
[gz-9] [1;32m[Msg] [0m[1;32mGazebo Sim GUI    v[0m[1;32m8.11.0[0m[1;32m[0m
[gz-9] [1;32m[Msg] [0m[1;32mDetected Wayland. Setting Qt to use the xcb plugin: [0m[1;32m'QT_QPA_PLATFORM=xcb'.[0m[1;32m[0m
[gz-9] [1;36m[Dbg] [Application.cc:96] [0m[1;36mInitializing application.[0m[1;36m[0m
[gz-9] [1;36m[Dbg] [Application.cc:170] [0m[1;36mQt using OpenGL graphics interface[0m[1;36m[0m
[gz-9] [1;36m[GUI] [Dbg] [Application.cc:657] [0m[1;36mCreate main window[0m[1;36m[0m
[gz-9] [1;36m[GUI] [Dbg] [PathManager.cc:68] [0m[1;36mRequesting resource paths through [[0m[1;36m/gazebo/resource_paths/get[0m[1;36m][0m[1;36m[0m
[gz-9] [1;36m[GUI] [Dbg] [Gui.cc:355] [0m[1;36mGUI requesting list of world names. The server may be busy [0m[1;36mdownloading resources. Please be patient.[0m[1;36m[0m
[gz-9] [1;36m[GUI] [Dbg] [PathManager.cc:57] [0m[1;36mReceived resource paths.[0m[1;36m[0m
[gz-9] [1;36m[GUI] [Dbg] [Gui.cc:413] [0m[1;36mRequesting GUI from [[0m[1;36m/world/new_room_world/gui/info[0m[1;36m]...[0m[1;36m[0m
[gz-9] [1;36m[GUI] [Dbg] [GuiRunner.cc:149] [0m[1;36mRequesting initial state from [[0m[1;36m/world/new_room_world/state[0m[1;36m]...[0m[1;36m[0m
[gz-9] [1;32m[GUI] [0m[1;32m[Msg] [0m[1;32mLoading config [[0m[1;32m/home/com1/.gz/sim/8/gui.config[0m[1;32m][0m[1;32m[0m
[gz-9] [1;36m[GUI] [Dbg] [Application.cc:528] [0m[1;36mLoading plugin [[0m[1;36mMinimalScene[0m[1;36m][0m[1;36m[0m
[gz-9] [1;36m[GUI] [Dbg] [MinimalScene.cc:802] [0m[1;36mCreating gz-rendering interface for OpenGL[0m[1;36m[0m
[gz-9] [1;36m[GUI] [Dbg] [MinimalScene.cc:802] [0m[1;36mCreating gz-rendering interface for OpenGL[0m[1;36m[0m
[gz-9] [1;36m[GUI] [Dbg] [MinimalScene.cc:986] [0m[1;36mCreating render thread interface for OpenGL[0m[1;36m[0m
[gz-9] [1;36m[GUI] [Dbg] [MinimalScene.cc:802] [0m[1;36mCreating gz-rendering interface for OpenGL[0m[1;36m[0m
[gz-9] [1;36m[GUI] [Dbg] [MinimalScene.cc:986] [0m[1;36mCreating render thread interface for OpenGL[0m[1;36m[0m
[gz-9] [1;32m[GUI] [0m[1;32m[Msg] [0m[1;32mAdded plugin [[0m[1;32m3D View[0m[1;32m] to main window[0m[1;32m[0m
[gz-9] [1;32m[GUI] [0m[1;32m[Msg] [0m[1;32mLoaded plugin [[0m[1;32mMinimalScene[0m[1;32m] from path [[0m[1;32m/opt/ros/jazzy/opt/gz_gui_vendor/lib/gz-gui-8/plugins/libMinimalScene.so[0m[1;32m][0m[1;32m[0m
[gz-9] [1;36m[GUI] [Dbg] [Application.cc:528] [0m[1;36mLoading plugin [[0m[1;36mEntityContextMenuPlugin[0m[1;36m][0m[1;36m[0m
[gz-9] [1;32m[GUI] [0m[1;32m[Msg] [0m[1;32mCurrently tracking topic on [[0m[1;32m/gui/currently_tracked[0m[1;32m][0m[1;32m[0m
[gz-9] [1;32m[GUI] [0m[1;32m[Msg] [0m[1;32mAdded plugin [[0m[1;32mEntity Context Menu[0m[1;32m] to main window[0m[1;32m[0m
[gz-9] [1;32m[GUI] [0m[1;32m[Msg] [0m[1;32mLoaded plugin [[0m[1;32mEntityContextMenuPlugin[0m[1;32m] from path [[0m[1;32m/opt/ros/jazzy/opt/gz_sim_vendor/lib/gz-sim-8/plugins/gui/libEntityContextMenuPlugin.so[0m[1;32m][0m[1;32m[0m
[gz-9] [1;36m[GUI] [Dbg] [Application.cc:528] [0m[1;36mLoading plugin [[0m[1;36mGzSceneManager[0m[1;36m][0m[1;36m[0m
[gz-9] [1;32m[GUI] [0m[1;32m[Msg] [0m[1;32mAdded plugin [[0m[1;32mScene Manager[0m[1;32m] to main window[0m[1;32m[0m
[gz-9] [1;32m[GUI] [0m[1;32m[Msg] [0m[1;32mLoaded plugin [[0m[1;32mGzSceneManager[0m[1;32m] from path [[0m[1;32m/opt/ros/jazzy/opt/gz_sim_vendor/lib/gz-sim-8/plugins/gui/libGzSceneManager.so[0m[1;32m][0m[1;32m[0m
[gz-9] [1;36m[GUI] [Dbg] [Application.cc:528] [0m[1;36mLoading plugin [[0m[1;36mInteractiveViewControl[0m[1;36m][0m[1;36m[0m
[gz-9] [1;32m[GUI] [0m[1;32m[Msg] [0m[1;32mCamera view controller topic advertised on [[0m[1;32m/gui/camera/view_control[0m[1;32m][0m[1;32m[0m
[gz-9] [1;32m[GUI] [0m[1;32m[Msg] [0m[1;32mCamera reference visual topic advertised on [[0m[1;32m/gui/camera/view_control/reference_visual[0m[1;32m][0m[1;32m[0m
[gz-9] [1;32m[GUI] [0m[1;32m[Msg] [0m[1;32mCamera view control sensitivity advertised on [[0m[1;32m/gui/camera/view_control/sensitivity[0m[1;32m][0m[1;32m[0m
[parameter_bridge-2] [INFO] [1790228055.746351634] [bridge_ros_gz]: Creating GZ->ROS Bridge: [/clock (gz.msgs.Clock) -> clock (rosgraph_msgs/msg/Clock)] (Lazy 0)
[parameter_bridge-2] [INFO] [1790228055.747170465] [bridge_ros_gz]: Creating GZ->ROS Bridge: [joint_states (gz.msgs.Model) -> joint_states (sensor_msgs/msg/JointState)] (Lazy 0)
[parameter_bridge-2] [INFO] [1790228055.749344980] [bridge_ros_gz]: Creating GZ->ROS Bridge: [/odom (gz.msgs.Odometry) -> odom (nav_msgs/msg/Odometry)] (Lazy 0)
[parameter_bridge-2] [INFO] [1790228055.751273982] [bridge_ros_gz]: Creating GZ->ROS Bridge: [/tf (gz.msgs.Pose_V) -> tf (tf2_msgs/msg/TFMessage)] (Lazy 0)
[parameter_bridge-2] [INFO] [1790228055.752940432] [bridge_ros_gz]: Creating GZ->ROS Bridge: [/imu (gz.msgs.IMU) -> imu (sensor_msgs/msg/Imu)] (Lazy 0)
[parameter_bridge-2] [INFO] [1790228055.753561165] [bridge_ros_gz]: Creating GZ->ROS Bridge: [/scan (gz.msgs.LaserScan) -> scan (sensor_msgs/msg/LaserScan)] (Lazy 0)
[parameter_bridge-2] [INFO] [1790228055.754194595] [bridge_ros_gz]: Creating ROS->GZ Bridge: [cmd_vel (geometry_msgs/msg/Twist) -> /cmd_vel (gz.msgs.Twist)] (Lazy 0)
[parameter_bridge-2] [INFO] [1790228055.754841538] [bridge_ros_gz]: Creating GZ->ROS Bridge: [/rgbd_camera/camera_info (gz.msgs.CameraInfo) -> /rgbd_camera/camera_info (sensor_msgs/msg/CameraInfo)] (Lazy 0)
[gz-9] [1;32m[GUI] [0m[1;32m[Msg] [0m[1;32mAdded plugin [[0m[1;32mInteractive view control[0m[1;32m] to main window[0m[1;32m[0m
[gz-9] [1;32m[GUI] [0m[1;32m[Msg] [0m[1;32mLoaded plugin [[0m[1;32mInteractiveViewControl[0m[1;32m] from path [[0m[1;32m/opt/ros/jazzy/opt/gz_gui_vendor/lib/gz-gui-8/plugins/libInteractiveViewControl.so[0m[1;32m][0m[1;32m[0m
[gz-9] [1;36m[GUI] [Dbg] [Application.cc:528] [0m[1;36mLoading plugin [[0m[1;36mCameraTracking[0m[1;36m][0m[1;36m[0m
[gz-9] [1;32m[GUI] [0m[1;32m[Msg] [0m[1;32mAdded plugin [[0m[1;32mCamera tracking[0m[1;32m] to main window[0m[1;32m[0m
[gz-9] [1;32m[GUI] [0m[1;32m[Msg] [0m[1;32mLoaded plugin [[0m[1;32mCameraTracking[0m[1;32m] from path [[0m[1;32m/opt/ros/jazzy/opt/gz_gui_vendor/lib/gz-gui-8/plugins/libCameraTracking.so[0m[1;32m][0m[1;32m[0m
[gz-9] [1;36m[GUI] [Dbg] [Application.cc:528] [0m[1;36mLoading plugin [[0m[1;36mMarkerManager[0m[1;36m][0m[1;36m[0m
[gz-9] [1;32m[GUI] [0m[1;32m[Msg] [0m[1;32mListening to stats on [[0m[1;32m/world/new_room_world/stats[0m[1;32m][0m[1;32m[0m
[gz-9] [1;32m[GUI] [0m[1;32m[Msg] [0m[1;32mAdded plugin [[0m[1;32mMarker Manager[0m[1;32m] to main window[0m[1;32m[0m
[gz-9] [1;32m[GUI] [0m[1;32m[Msg] [0m[1;32mLoaded plugin [[0m[1;32mMarkerManager[0m[1;32m] from path [[0m[1;32m/opt/ros/jazzy/opt/gz_gui_vendor/lib/gz-gui-8/plugins/libMarkerManager.so[0m[1;32m][0m[1;32m[0m
[gz-9] [1;36m[GUI] [Dbg] [Application.cc:528] [0m[1;36mLoading plugin [[0m[1;36mSelectEntities[0m[1;36m][0m[1;36m[0m
[gz-9] [1;32m[GUI] [0m[1;32m[Msg] [0m[1;32mAdded plugin [[0m[1;32mSelect entities[0m[1;32m] to main window[0m[1;32m[0m
[gz-9] [1;32m[GUI] [0m[1;32m[Msg] [0m[1;32mLoaded plugin [[0m[1;32mSelectEntities[0m[1;32m] from path [[0m[1;32m/opt/ros/jazzy/opt/gz_sim_vendor/lib/gz-sim-8/plugins/gui/libSelectEntities.so[0m[1;32m][0m[1;32m[0m
[gz-9] [1;36m[GUI] [Dbg] [Application.cc:528] [0m[1;36mLoading plugin [[0m[1;36mSpawn[0m[1;36m][0m[1;36m[0m
[gz-9] [1;32m[GUI] [0m[1;32m[Msg] [0m[1;32mAdded plugin [[0m[1;32mSpawn[0m[1;32m] to main window[0m[1;32m[0m
[gz-9] [1;32m[GUI] [0m[1;32m[Msg] [0m[1;32mLoaded plugin [[0m[1;32mSpawn[0m[1;32m] from path [[0m[1;32m/opt/ros/jazzy/opt/gz_sim_vendor/lib/gz-sim-8/plugins/gui/libSpawn.so[0m[1;32m][0m[1;32m[0m
[gz-9] [1;36m[GUI] [Dbg] [Application.cc:528] [0m[1;36mLoading plugin [[0m[1;36mVisualizationCapabilities[0m[1;36m][0m[1;36m[0m
[gz-9] [1;32m[GUI] [0m[1;32m[Msg] [0m[1;32mView as transparent service on [[0m[1;32m/gui/view/transparent[0m[1;32m][0m[1;32m[0m
[gz-9] [1;32m[GUI] [0m[1;32m[Msg] [0m[1;32mView as wireframes service on [[0m[1;32m/gui/view/wireframes[0m[1;32m][0m[1;32m[0m
[gz-9] [1;32m[GUI] [0m[1;32m[Msg] [0m[1;32mView center of mass service on [[0m[1;32m/gui/view/com[0m[1;32m][0m[1;32m[0m
[gz-9] [1;32m[GUI] [0m[1;32m[Msg] [0m[1;32mView inertia service on [[0m[1;32m/gui/view/inertia[0m[1;32m][0m[1;32m[0m
[gz-9] [1;32m[GUI] [0m[1;32m[Msg] [0m[1;32mView collisions service on [[0m[1;32m/gui/view/collisions[0m[1;32m][0m[1;32m[0m
[gz-9] [1;32m[GUI] [0m[1;32m[Msg] [0m[1;32mView joints service on [[0m[1;32m/gui/view/joints[0m[1;32m][0m[1;32m[0m
[gz-9] [1;32m[GUI] [0m[1;32m[Msg] [0m[1;32mView frames service on [[0m[1;32m/gui/view/frames[0m[1;32m][0m[1;32m[0m
[gz-9] [1;32m[GUI] [0m[1;32m[Msg] [0m[1;32mAdded plugin [[0m[1;32mVisualization capabilities[0m[1;32m] to main window[0m[1;32m[0m
[gz-9] [1;32m[GUI] [0m[1;32m[Msg] [0m[1;32mLoaded plugin [[0m[1;32mVisualizationCapabilities[0m[1;32m] from path [[0m[1;32m/opt/ros/jazzy/opt/gz_sim_vendor/lib/gz-sim-8/plugins/gui/libVisualizationCapabilities.so[0m[1;32m][0m[1;32m[0m
[gz-9] [1;36m[GUI] [Dbg] [Application.cc:528] [0m[1;36mLoading plugin [[0m[1;36mWorldControl[0m[1;36m][0m[1;36m[0m
[gz-9] [1;32m[GUI] [0m[1;32m[Msg] [0m[1;32mUsing world control service [[0m[1;32m/world/new_room_world/control[0m[1;32m][0m[1;32m[0m
[gz-9] [1;32m[GUI] [0m[1;32m[Msg] [0m[1;32mListening to stats on [[0m[1;32m/world/new_room_world/stats[0m[1;32m][0m[1;32m[0m
[gz-9] [1;36m[GUI] [Dbg] [WorldControl.cc:237] [0m[1;36mUsing an event to share WorldControl msgs with the server[0m
[gz-9] [1;33m[GUI] [Wrn] [Application.cc:908] [0m[1;33m[QT] file:///usr/lib/x86_64-linux-gnu/qt5/qml/QtQuick/Dialogs/DefaultFileDialog.qml:413:17: QML ToolButton: Binding loop detected for property "implicitHeight"[0m[1;33m[0m
[gz-9] [1;33m[GUI] [Wrn] [Application.cc:908] [0m[1;33m[QT] file:///usr/lib/x86_64-linux-gnu/qt5/qml/QtQuick/Dialogs/DefaultFileDialog.qml:309:21: QML Button: Binding loop detected for property "implicitHeight"[0m[1;33m[0m
[gz-9] [1;33m[GUI] [Wrn] [Application.cc:908] [0m[1;33m[QT] file:///usr/lib/x86_64-linux-gnu/qt5/qml/QtQuick/Dialogs/DefaultFileDialog.qml:309:21: QML Button: Binding loop detected for property "implicitHeight"[0m[1;33m[0m
[gz-9] [1;33m[GUI] [Wrn] [Application.cc:908] [0m[1;33m[QT] file::/ComponentInspector/ComponentInspector.qml:251:3: QML Dialog: Binding loop detected for property "implicitHeight"[0m[1;33m[0m
[gz-9] [1;33m[GUI] [Wrn] [Application.cc:908] [0m[1;33m[QT] file:///usr/lib/x86_64-linux-gnu/qt5/qml/QtQuick/Dialogs/DefaultFileDialog.qml:413:17: QML ToolButton: Binding loop detected for property "implicitHeight"[0m[1;33m[0m
[gz-9] [1;33m[GUI] [Wrn] [Application.cc:908] [0m[1;33m[QT] file:///usr/lib/x86_64-linux-gnu/qt5/qml/QtQuick/Dialogs/DefaultFileDialog.qml:309:21: QML Button: Binding loop detected for property "implicitHeight"[0m[1;33m[0m
[gz-9] [1;33m[GUI] [Wrn] [Application.cc:908] [0m[1;33m[QT] file:///usr/lib/x86_64-linux-gnu/qt5/qml/QtQuick/Dialogs/DefaultFileDialog.qml:309:21: QML Button: Binding loop detected for property "implicitHeight"[0m[1;33m[0m
[gz-9] [1;32m[GUI] [0m[1;32m[Msg] [0m[1;32mAdded plugin [[0m[1;32mWorld control[0m[1;32m] to main window[0m[1;32m[0m
[gz-9] [1;32m[GUI] [0m[1;32m[Msg] [0m[1;32mLoaded plugin [[0m[1;32mWorldControl[0m[1;32m] from path [[0m[1;32m/opt/ros/jazzy/opt/gz_gui_vendor/lib/gz-gui-8/plugins/libWorldControl.so[0m[1;32m][0m[1;32m[0m
[gz-9] [1;36m[GUI] [Dbg] [Application.cc:528] [0m[1;36mLoading plugin [[0m[1;36mWorldStats[0m[1;36m][0m[1;36m[0m
[gz-9] [1;32m[GUI] [0m[1;32m[Msg] [0m[1;32mListening to stats on [[0m[1;32m/world/new_room_world/stats[0m[1;32m][0m[1;32m[0m
[gz-9] [1;32m[GUI] [0m[1;32m[Msg] [0m[1;32mAdded plugin [[0m[1;32mWorld stats[0m[1;32m] to main window[0m[1;32m[0m
[gz-9] [1;32m[GUI] [0m[1;32m[Msg] [0m[1;32mLoaded plugin [[0m[1;32mWorldStats[0m[1;32m] from path [[0m[1;32m/opt/ros/jazzy/opt/gz_gui_vendor/lib/gz-gui-8/plugins/libWorldStats.so[0m[1;32m][0m[1;32m[0m
[gz-9] [1;36m[GUI] [Dbg] [Application.cc:528] [0m[1;36mLoading plugin [[0m[1;36mShapes[0m[1;36m][0m[1;36m[0m
[gz-9] [1;32m[GUI] [0m[1;32m[Msg] [0m[1;32mAdded plugin [[0m[1;32mShapes[0m[1;32m] to main window[0m[1;32m[0m
[gz-9] [1;32m[GUI] [0m[1;32m[Msg] [0m[1;32mLoaded plugin [[0m[1;32mShapes[0m[1;32m] from path [[0m[1;32m/opt/ros/jazzy/opt/gz_sim_vendor/lib/gz-sim-8/plugins/gui/libShapes.so[0m[1;32m][0m[1;32m[0m
[gz-9] [1;36m[GUI] [Dbg] [Application.cc:528] [0m[1;36mLoading plugin [[0m[1;36mLights[0m[1;36m][0m[1;36m[0m
[gz-9] [1;32m[GUI] [0m[1;32m[Msg] [0m[1;32mAdded plugin [[0m[1;32mLights[0m[1;32m] to main window[0m[1;32m[0m
[gz-9] [1;32m[GUI] [0m[1;32m[Msg] [0m[1;32mLoaded plugin [[0m[1;32mLights[0m[1;32m] from path [[0m[1;32m/opt/ros/jazzy/opt/gz_sim_vendor/lib/gz-sim-8/plugins/gui/libLights.so[0m[1;32m][0m[1;32m[0m
[gz-9] [1;36m[GUI] [Dbg] [Application.cc:528] [0m[1;36mLoading plugin [[0m[1;36mTransformControl[0m[1;36m][0m[1;36m[0m
[gz-9] [1;32m[GUI] [0m[1;32m[Msg] [0m[1;32mAdded plugin [[0m[1;32mTransform control[0m[1;32m] to main window[0m[1;32m[0m
[gz-9] [1;32m[GUI] [0m[1;32m[Msg] [0m[1;32mLoaded plugin [[0m[1;32mTransformControl[0m[1;32m] from path [[0m[1;32m/opt/ros/jazzy/opt/gz_sim_vendor/lib/gz-sim-8/plugins/gui/libTransformControl.so[0m[1;32m][0m[1;32m[0m
[gz-9] [1;36m[GUI] [Dbg] [Application.cc:528] [0m[1;36mLoading plugin [[0m[1;36mScreenshot[0m[1;36m][0m[1;36m[0m
[gz-9] [1;32m[GUI] [0m[1;32m[Msg] [0m[1;32mScreenshot service on [[0m[1;32m/gui/screenshot[0m[1;32m][0m[1;32m[0m
[gz-9] [1;32m[GUI] [0m[1;32m[Msg] [0m[1;32mAdded plugin [[0m[1;32mScreenshot[0m[1;32m] to main window[0m[1;32m[0m
[gz-9] [1;32m[GUI] [0m[1;32m[Msg] [0m[1;32mLoaded plugin [[0m[1;32mScreenshot[0m[1;32m] from path [[0m[1;32m/opt/ros/jazzy/opt/gz_gui_vendor/lib/gz-gui-8/plugins/libScreenshot.so[0m[1;32m][0m[1;32m[0m
[gz-9] [1;36m[GUI] [Dbg] [Application.cc:528] [0m[1;36mLoading plugin [[0m[1;36mCopyPaste[0m[1;36m][0m[1;36m[0m
[gz-9] [1;32m[GUI] [0m[1;32m[Msg] [0m[1;32mAdded plugin [[0m[1;32mCopy/Paste[0m[1;32m] to main window[0m[1;32m[0m
[gz-9] [1;32m[GUI] [0m[1;32m[Msg] [0m[1;32mLoaded plugin [[0m[1;32mCopyPaste[0m[1;32m] from path [[0m[1;32m/opt/ros/jazzy/opt/gz_sim_vendor/lib/gz-sim-8/plugins/gui/libCopyPaste.so[0m[1;32m][0m[1;32m[0m
[gz-9] [1;36m[GUI] [Dbg] [Application.cc:528] [0m[1;36mLoading plugin [[0m[1;36mComponentInspector[0m[1;36m][0m[1;36m[0m
[gz-9] [1;32m[GUI] [0m[1;32m[Msg] [0m[1;32mAdded plugin [[0m[1;32mComponent inspector[0m[1;32m] to main window[0m[1;32m[0m
[gz-9] [1;32m[GUI] [0m[1;32m[Msg] [0m[1;32mLoaded plugin [[0m[1;32mComponentInspector[0m[1;32m] from path [[0m[1;32m/opt/ros/jazzy/opt/gz_sim_vendor/lib/gz-sim-8/plugins/gui/libComponentInspector.so[0m[1;32m][0m[1;32m[0m
[gz-9] [1;36m[GUI] [Dbg] [Application.cc:528] [0m[1;36mLoading plugin [[0m[1;36mEntityTree[0m[1;36m][0m[1;36m[0m
[gz-9] [1;32m[GUI] [0m[1;32m[Msg] [0m[1;32mCurrently tracking topic on [[0m[1;32m/gui/currently_tracked[0m[1;32m][0m[1;32m[0m
[gz-9] [1;33m[GUI] [Wrn] [Application.cc:908] [0m[1;33m[QT] file::/WorldStats/WorldStats.qml:53:3: QML RowLayout: Binding loop detected for property "x"[0m[1;33m[0m
[gz-9] libEGL warning: failed to open /dev/dri/renderD128: Permission denied
[gz-9] 
[gz-9] libEGL warning: failed to open /dev/dri/renderD128: Permission denied
[gz-9] 
[gz-9] libEGL warning: failed to open /dev/dri/card1: Permission denied
[gz-9] 
[gz-9] [1;33m[GUI] [Wrn] [Ogre2RenderTarget.cc:668] [0m[1;33mAnti-aliasing level of '[0m[1;33m[0m[1;33m' [0m[1;33mis not supported; valid FSAA levels are: [0m[1;33m[ 0 ][0m[1;33m. Setting to 1[0m[1;33m[0m
[gz-8] [1;36m[Dbg] [SystemManager.cc:80] [0m[1;36mLoaded system [[0m[1;36mgz::sim::systems::UserCommands[0m[1;36m] for entity [[0m[1;36m1[0m[1;36m][0m[1;36m[0m
[gz-8] [1;36m[Dbg] [SystemManager.cc:80] [0m[1;36mLoaded system [[0m[1;36mgz::sim::systems::SceneBroadcaster[0m[1;36m] for entity [[0m[1;36m1[0m[1;36m][0m[1;36m[0m
[gz-8] [1;36m[Dbg] [Sensors.cc:697] [0m[1;36mConfiguring Sensors system[0m[1;36m[0m
[gz-8] [1;36m[Dbg] [Sensors.cc:557] [0m[1;36mSensorsPrivate::Run[0m[1;36m[0m
[gz-8] [1;36m[Dbg] [SystemManager.cc:80] [0m[1;36mLoaded system [[0m[1;36mgz::sim::systems::Sensors[0m[1;36m] for entity [[0m[1;36m1[0m[1;36m][0m[1;36m[0m
[gz-8] [1;36m[Dbg] [Sensors.cc:532] [0m[1;36mSensorsPrivate::RenderThread started[0m[1;36m[0m
[gz-8] [1;36m[Dbg] [Sensors.cc:337] [0m[1;36mWaiting for init[0m[1;36m[0m
[gz-8] [1;36m[Dbg] [SystemManager.cc:80] [0m[1;36mLoaded system [[0m[1;36mgz::sim::systems::Imu[0m[1;36m] for entity [[0m[1;36m1[0m[1;36m][0m[1;36m[0m
[gz-8] [1;32m[Msg] [0m[1;32mLoaded level [[0m[1;32mdefault[0m[1;32m][0m[1;32m[0m
[gz-8] [1;32m[Msg] [0m[1;32mServing world controls on [[0m[1;32m/world/new_room_world[0m[1;32m/control], [[0m[1;32m/world/new_room_world[0m[1;32m/control/state] and [[0m[1;32m/world/new_room_world[0m[1;32m/playback/control][0m[1;32m[0m
[gz-8] [1;32m[Msg] [0m[1;32mServing GUI information on [[0m[1;32m/world/new_room_world[0m[1;32m/[0m[1;32mgui/info[0m[1;32m][0m[1;32m[0m
[gz-8] [1;32m[Msg] [0m[1;32mWorld [[0m[1;32mnew_room_world[0m[1;32m] initialized with [[0m[1;32mnew_room_realtime[0m[1;32m] physics profile.[0m[1;32m[0m
[gz-8] [1;32m[Msg] [0m[1;32mServing world SDF generation service on [[0m[1;32m/world/new_room_world[0m[1;32m/[0m[1;32mgenerate_world_sdf[0m[1;32m][0m[1;32m[0m
[gz-8] [1;32m[Msg] [0m[1;32mServing world names on [[0m[1;32m/gazebo/worlds[0m[1;32m][0m[1;32m[0m
[gz-8] [1;32m[Msg] [0m[1;32mResource path add service on [[0m[1;32m/gazebo/resource_paths/add[0m[1;32m].[0m[1;32m[0m
[gz-8] [1;32m[Msg] [0m[1;32mResource path get service on [[0m[1;32m/gazebo/resource_paths/get[0m[1;32m].[0m[1;32m[0m
[gz-8] [1;32m[Msg] [0m[1;32mResource path resolve service on [[0m[1;32m/gazebo/resource_paths/resolve[0m[1;32m].[0m[1;32m[0m
[gz-8] [1;32m[Msg] [0m[1;32mResource paths published on [[0m[1;32m/gazebo/resource_paths[0m[1;32m].[0m[1;32m[0m
[gz-8] [1;32m[Msg] [0m[1;32mServer control service on [[0m[1;32m/server_control[0m[1;32m].[0m[1;32m[0m
[gz-8] [1;32m[Msg] [0m[1;32mFound no publishers on /stats, adding root stats topic[0m[1;32m[0m
[gz-8] [1;32m[Msg] [0m[1;32mFound no publishers on /clock, adding root clock topic[0m[1;32m[0m
[gz-8] [1;36m[Dbg] [SimulationRunner.cc:551] [0m[1;36mCreating PostUpdate worker threads: [0m[1;36m4[0m[1;36m[0m
[gz-8] [1;36m[Dbg] [SimulationRunner.cc:562] [0m[1;36mCreating postupdate worker thread ([0m[1;36m0[0m[1;36m)[0m[1;36m[0m
[gz-8] [1;36m[Dbg] [SimulationRunner.cc:562] [0m[1;36mCreating postupdate worker thread ([0m[1;36m1[0m[1;36m)[0m[1;36m[0m
[gz-8] [1;36m[Dbg] [SimulationRunner.cc:562] [0m[1;36mCreating postupdate worker thread ([0m[1;36m2[0m[1;36m)[0m[1;36m[0m
[gz-8] [1;33mWarning [Utils.cc:132][0m [/sdf/model[@name="turtlebot4"]/link[@name="rplidar_link"]/sensor[@name="rplidar"]/gz_frame_id:<urdf-string>:L0]: XML Element[gz_frame_id], child of element[sensor], not defined in SDF. Copying[gz_frame_id] as children of [sensor].
[gz-8] [1;33m[Wrn] [SdfEntityCreator.cc:933] [0m[1;33mGazebo does not support Ogre material scripts. See [0m[1;33mhttps://gazebosim.org/api/sim/8/migrationsdf.html#:~:text=Materials [0m[1;33mfor details.[0m[1;33m[0m
[gz-8] [1;33m[Wrn] [SdfEntityCreator.cc:949] [0m[1;33mUsing an internal gazebo.material to parse [0m[1;33mGazebo/DarkGrey[0m[1;33m[0m
[gz-8] [1;33m[Wrn] [SdfEntityCreator.cc:933] [0m[1;33mGazebo does not support Ogre material scripts. See [0m[1;33mhttps://gazebosim.org/api/sim/8/migrationsdf.html#:~:text=Materials [0m[1;33mfor details.[0m[1;33m[0m
[gz-8] [1;33m[Wrn] [SdfEntityCreator.cc:949] [0m[1;33mUsing an internal gazebo.material to parse [0m[1;33mGazebo/DarkGrey[0m[1;33m[0m
[gz-8] [1;33m[Wrn] [SdfEntityCreator.cc:933] [0m[1;33mGazebo does not support Ogre material scripts. See [0m[1;33mhttps://gazebosim.org/api/sim/8/migrationsdf.html#:~:text=Materials [0m[1;33mfor details.[0m[1;33m[0m
[gz-8] [1;33m[Wrn] [SdfEntityCreator.cc:949] [0m[1;33mUsing an internal gazebo.material to parse [0m[1;33mGazebo/DarkGrey[0m[1;33m[0m
[gz-8] [1;32m[Msg] [0m[1;32mDiffDrive subscribing to twist messages on [[0m[1;32m/cmd_vel[0m[1;32m][0m[1;32m[0m
[gz-8] [1;36m[Dbg] [SystemManager.cc:80] [0m[1;36mLoaded system [[0m[1;36mgz::sim::systems::DiffDrive[0m[1;36m] for entity [[0m[1;36m144[0m[1;36m][0m[1;36m[0m
[gz-8] [1;36m[Dbg] [SystemManager.cc:80] [0m[1;36mLoaded system [[0m[1;36mgz::sim::systems::JointStatePublisher[0m[1;36m] for entity [[0m[1;36m144[0m[1;36m][0m[1;36m[0m
[gz-8] [1;36m[Dbg] [UserCommands.cc:1094] [0m[1;36mCreated entity [[0m[1;36m144[0m[1;36m] named [[0m[1;36mturtlebot4[0m[1;36m][0m[1;36m[0m
[gz-8] [1;36m[Dbg] [SDFFeatures.cc:332] [0m[1;36mMesh construction from an SDF has not been implemented yet for [0m[1;36mdartsim. Use AttachMeshShapeFeature to use mesh shapes.[0m
[gz-8] [1;36m[Dbg] [SDFFeatures.cc:864] [0m[1;36mThe geometry element of collision [[0m[1;36mbase_link_fixed_joint_lump__bumper_collision_1[0m[1;36m] [0m[1;36mcouldn't be created[0m
[gz-8] [1;36m[Dbg] [SDFFeatures.cc:332] [0m[1;36mMesh construction from an SDF has not been implemented yet for [0m[1;36mdartsim. Use AttachMeshShapeFeature to use mesh shapes.[0m
[gz-8] [1;36m[Dbg] [SDFFeatures.cc:864] [0m[1;36mThe geometry element of collision [[0m[1;36mbase_link_fixed_joint_lump__shell_collision_collision_2[0m[1;36m] [0m[1;36mcouldn't be created[0m
[gz-8] [1;36m[Dbg] [Sensors.cc:953] [0m[1;36mInitialization needed[0m[1;36m[0m
[gz-8] [1;36m[Dbg] [Sensors.cc:349] [0m[1;36mInitializing render context[0m[1;36m[0m
[gz-8] [1;32m[Msg] [0m[1;32mLoading plugin [[0m[1;32mgz-rendering-ogre2[0m[1;32m][0m[1;32m[0m
[gz-8] [1;36m[Dbg] [ImuSensor.cc:150] [0m[1;36mIMU data for [[0m[1;36mturtlebot4::imu_link::imu[0m[1;36m] advertised on [[0m[1;36mimu[0m[1;36m][0m[1;36m[0m
[gz-8] [1;32m[Msg] [0m[1;32mServing scene information on [[0m[1;32m/world/new_room_world[0m[1;32m/[0m[1;32mscene/info[0m[1;32m][0m[1;32m[0m
[gz-8] [1;32m[Msg] [0m[1;32mServing graph information on [[0m[1;32m/world/new_room_world[0m[1;32m/[0m[1;32mscene/graph[0m[1;32m][0m[1;32m[0m
[gz-8] [1;32m[Msg] [0m[1;32mServing full state on [[0m[1;32m/world/new_room_world[0m[1;32m/[0m[1;32mstate[0m[1;32m][0m[1;32m[0m
[gz-8] [1;32m[Msg] [0m[1;32mServing full state (async) on [[0m[1;32m/world/new_room_world[0m[1;32m/[0m[1;32mstate_async[0m[1;32m][0m[1;32m[0m
[gz-8] [1;32m[Msg] [0m[1;32mPublishing scene information on [[0m[1;32m/world/new_room_world/scene/info[0m[1;32m][0m[1;32m[0m
[gz-8] [1;32m[Msg] [0m[1;32mPublishing entity deletions on [[0m[1;32m/world/new_room_world/scene/deletion[0m[1;32m][0m[1;32m[0m
[gz-8] [1;32m[Msg] [0m[1;32mPublishing state changes on [[0m[1;32m/world/new_room_world/state[0m[1;32m][0m[1;32m[0m
[gz-8] [1;32m[Msg] [0m[1;32mPublishing pose messages on [[0m[1;32m/world/new_room_world[0m[1;32m/[0m[1;32mpose/info[0m[1;32m][0m[1;32m[0m
[gz-8] [1;32m[Msg] [0m[1;32mPublishing dynamic pose messages on [[0m[1;32m/world/new_room_world[0m[1;32m/[0m[1;32mdynamic_pose/info[0m[1;32m][0m[1;32m[0m
[gz-8] [1;36m[Dbg] [EntityComponentManager.cc:1656] [0m[1;36mUpdated state thread iterators: [0m[1;36m16[0m[1;36m threads processing around [0m[1;36m15[0m[1;36m entities each.[0m[1;36m[0m
[gz-8] [1;36m[Dbg] [SimulationRunner.cc:578] [0m[1;36mExiting postupdate worker thread ([0m[1;36m2[0m[1;36m)[0m[1;36m[0m
[gz-8] [1;36m[Dbg] [SimulationRunner.cc:578] [0m[1;36mExiting postupdate worker thread ([0m[1;36m1[0m[1;36m)[0m[1;36m[0m
[gz-8] [1;36m[Dbg] [SimulationRunner.cc:578] [0m[1;36mExiting postupdate worker thread ([0m[1;36m0[0m[1;36m)[0m[1;36m[0m
[gz-8] [1;36m[Dbg] [SimulationRunner.cc:551] [0m[1;36mCreating PostUpdate worker threads: [0m[1;36m6[0m[1;36m[0m
[gz-8] [1;36m[Dbg] [SimulationRunner.cc:562] [0m[1;36mCreating postupdate worker thread ([0m[1;36m0[0m[1;36m)[0m[1;36m[0m
[gz-8] [1;36m[Dbg] [SimulationRunner.cc:562] [0m[1;36mCreating postupdate worker thread ([0m[1;36m1[0m[1;36m)[0m[1;36m[0m
[gz-8] [1;36m[Dbg] [SimulationRunner.cc:562] [0m[1;36mCreating postupdate worker thread ([0m[1;36m2[0m[1;36m)[0m[1;36m[0m
[gz-8] libEGL warning: failed to open /dev/dri/renderD128: Permission denied
[gz-8] 
[gz-8] libEGL warning: failed to open /dev/dri/renderD128: Permission denied
[gz-8] 
[gz-8] libEGL warning: failed to open /dev/dri/card1: Permission denied
[gz-8] 
[gz-9] [1;32m[GUI] [0m[1;32m[Msg] [0m[1;32mAdded plugin [[0m[1;32mEntity tree[0m[1;32m] to main window[0m[1;32m[0m
[gz-9] [1;32m[GUI] [0m[1;32m[Msg] [0m[1;32mLoaded plugin [[0m[1;32mEntityTree[0m[1;32m] from path [[0m[1;32m/opt/ros/jazzy/opt/gz_sim_vendor/lib/gz-sim-8/plugins/gui/libEntityTree.so[0m[1;32m][0m[1;32m[0m
[gz-9] [1;36m[GUI] [Dbg] [Application.cc:398] [0m[1;36mLoading window config[0m[1;36m[0m
[gz-9] [1;32m[GUI] [0m[1;32m[Msg] [0m[1;32mUsing server control service [[0m[1;32m/server_control[0m[1;32m][0m[1;32m[0m
[gz-9] [1;36m[GUI] [Dbg] [Application.cc:671] [0m[1;36mApplying config[0m[1;36m[0m
[gz-9] [1;36m[GUI] [Dbg] [MinimalScene.cc:802] [0m[1;36mCreating gz-rendering interface for OpenGL[0m[1;36m[0m
[gz-9] [1;36m[GUI] [Dbg] [MinimalScene.cc:986] [0m[1;36mCreating render thread interface for OpenGL[0m[1;36m[0m
[gz-9] [1;32m[GUI] [0m[1;32m[Msg] [0m[1;32mLoading plugin [[0m[1;32mgz-rendering-ogre2[0m[1;32m][0m[1;32m[0m
[gz-9] [1;36m[GUI] [Dbg] [MinimalScene.cc:749] [0m[1;36mCreate scene [[0m[1;36mscene[0m[1;36m][0m[1;36m[0m
[gz-9] [1;36m[GUI] [Dbg] [MinimalScene.cc:1037] [0m[1;36mCreating texture node render interface for OpenGL[0m[1;36m[0m
[gz-9] [1;36m[GUI] [Dbg] [TransformControl.cc:453] [0m[1;36mTransformControl plugin is using camera [[0m[1;36mscene::Camera(65527)[0m[1;36m][0m[1;36m[0m
[gz-9] [1;36m[GUI] [Dbg] [Spawn.cc:308] [0m[1;36mSpawn plugin is using camera [[0m[1;36mscene::Camera(65527)[0m[1;36m][0m[1;36m[0m
[gz-9] [1;36m[GUI] [Dbg] [SelectEntities.cc:452] [0m[1;36mSelectEntities plugin is using camera [[0m[1;36mscene::Camera(65527)[0m[1;36m][0m[1;36m[0m
[gz-9] [1;36m[GUI] [Dbg] [MarkerManager.cc:169] [0m[1;36mAdvertise [0m[1;36m/marker[0m[1;36m/list service.[0m
[gz-9] [1;36m[GUI] [Dbg] [MarkerManager.cc:179] [0m[1;36mAdvertise [0m[1;36m/marker[0m[1;36m/list.[0m
[gz-9] [1;36m[GUI] [Dbg] [MarkerManager.cc:189] [0m[1;36mAdvertise [0m[1;36m/marker[0m[1;36m_array.[0m
[gz-9] [1;36m[GUI] [Dbg] [CameraTracking.cc:205] [0m[1;36mCameraTrackingPrivate plugin is moving camera [[0m[1;36mscene::Camera(65527)[0m[1;36m][0m[1;36m[0m
[gz-9] [1;32m[GUI] [0m[1;32m[Msg] [0m[1;32mMove to service on [[0m[1;32m/gui/move_to[0m[1;32m][0m[1;32m[0m
[gz-9] [1;32m[GUI] [0m[1;32m[Msg] [0m[1;32mFollow service on [[0m[1;32m/gui/follow[0m[1;32m] (deprecated)[0m[1;32m[0m
[gz-9] [1;32m[GUI] [0m[1;32m[Msg] [0m[1;32mTracking topic on [[0m[1;32m/gui/track[0m[1;32m][0m[1;32m[0m
[gz-9] [1;32m[GUI] [0m[1;32m[Msg] [0m[1;32mTracking status topic on [[0m[1;32m/gui/currently_tracked[0m[1;32m][0m[1;32m[0m
[gz-9] [1;32m[GUI] [0m[1;32m[Msg] [0m[1;32mMove to pose service on [[0m[1;32m/gui/move_to/pose[0m[1;32m][0m[1;32m[0m
[gz-9] [1;32m[GUI] [0m[1;32m[Msg] [0m[1;32mCamera pose topic advertised on [[0m[1;32m/gui/camera/pose[0m[1;32m][0m[1;32m[0m
[gz-9] [1;32m[GUI] [0m[1;32m[Msg] [0m[1;32mFollow offset service on [[0m[1;32m/gui/follow/offset[0m[1;32m] (deprecated)[0m[1;32m[0m
[gz-9] [1;36m[GUI] [Dbg] [InteractiveViewControl.cc:176] [0m[1;36mInteractiveViewControl plugin is moving camera [[0m[1;36mscene::Camera(65527)[0m[1;36m][0m[1;36m[0m
[gz-9] [1;36m[GUI] [Dbg] [EntityContextMenuPlugin.cc:79] [0m[1;36mEntity context menu plugin is using camera [[0m[1;36mscene::Camera(65527)[0m[1;36m][0m[1;36m[0m
[gz-9] [1;33mWarning [Utils.cc:132][0m [/sdf/model[@name="turtlebot4"]/link[@name="rplidar_link"]/sensor[@name="rplidar"]/gz_frame_id:<data-string>:L1399]: XML Element[gz_frame_id], child of element[sensor], not defined in SDF. Copying[gz_frame_id] as children of [sensor].
[WARN] [1790228068.522668866] [rcl]: ROS_LOCALHOST_ONLY is deprecated but still honored if it is enabled. Use ROS_AUTOMATIC_DISCOVERY_RANGE and ROS_STATIC_PEERS instead.
[WARN] [1790228068.522711278] [rcl]: 'localhost_only' is enabled, 'automatic_discovery_range' and 'static_peers' will be ignored.
[INFO] [async_slam_toolbox_node-10]: process started with pid [35812]
[async_slam_toolbox_node-10] [WARN] [1790228074.182049308] [rcl]: ROS_LOCALHOST_ONLY is deprecated but still honored if it is enabled. Use ROS_AUTOMATIC_DISCOVERY_RANGE and ROS_STATIC_PEERS instead.
[async_slam_toolbox_node-10] [WARN] [1790228074.182064502] [rcl]: 'localhost_only' is enabled, 'automatic_discovery_range' and 'static_peers' will be ignored.
[async_slam_toolbox_node-10] [INFO] [1790228074.597383218] [slam_toolbox]: Node using stack size 40000000
[INFO] [launch.user]: [LifecycleLaunch] Slamtoolbox node is activating.
[async_slam_toolbox_node-10] [INFO] [1790228074.597900569] [slam_toolbox]: Configuring
[async_slam_toolbox_node-10] [INFO] [1790228074.598374167] [slam_toolbox]: Old-map sequential matcher: enabled=false, min_conf=0.25, decay=70.0, keep_first=true, keyframe_dist=1.00, history_radius=1.50, history_max=6
[async_slam_toolbox_node-10] [INFO] [1790228075.183844139] [slam_toolbox]: Using solver plugin solver_plugins::CeresSolver
[async_slam_toolbox_node-10] [INFO] [1790228075.184498044] [slam_toolbox]: CeresSolver adaptive anchor V1: enabled=true, weight=5.00->1.00, decay=70.0, local_gap<=5, loop_gap>=30, evidence=3, mahal_sq>=9.00, release=1.00->1.00
[async_slam_toolbox_node-10] [INFO] [1790228075.184551678] [slam_toolbox]: CeresSolver: Using SCHUR_JACOBI preconditioner.
[INFO] [controller_server-11]: process started with pid [35867]
[INFO] [smoother_server-12]: process started with pid [35868]
[INFO] [planner_server-13]: process started with pid [35869]
[INFO] [route_server-14]: process started with pid [35870]
[INFO] [behavior_server-15]: process started with pid [35871]
[INFO] [bt_navigator-16]: process started with pid [35872]
[INFO] [waypoint_follower-17]: process started with pid [35873]
[INFO] [velocity_smoother-18]: process started with pid [35874]
[INFO] [collision_monitor-19]: process started with pid [35875]
[INFO] [opennav_docking-20]: process started with pid [35876]
[INFO] [lifecycle_manager-21]: process started with pid [35877]
[async_slam_toolbox_node-10] [INFO] [1790228077.607111375] [slam_toolbox]: Activating
[planner_server-13] [WARN] [1790228077.628836781] [rcl]: ROS_LOCALHOST_ONLY is deprecated but still honored if it is enabled. Use ROS_AUTOMATIC_DISCOVERY_RANGE and ROS_STATIC_PEERS instead.
[planner_server-13] [WARN] [1790228077.628857170] [rcl]: 'localhost_only' is enabled, 'automatic_discovery_range' and 'static_peers' will be ignored.
[controller_server-11] [WARN] [1790228077.629903009] [rcl]: ROS_LOCALHOST_ONLY is deprecated but still honored if it is enabled. Use ROS_AUTOMATIC_DISCOVERY_RANGE and ROS_STATIC_PEERS instead.
[controller_server-11] [WARN] [1790228077.629924643] [rcl]: 'localhost_only' is enabled, 'automatic_discovery_range' and 'static_peers' will be ignored.
[smoother_server-12] [WARN] [1790228077.632100188] [rcl]: ROS_LOCALHOST_ONLY is deprecated but still honored if it is enabled. Use ROS_AUTOMATIC_DISCOVERY_RANGE and ROS_STATIC_PEERS instead.
[smoother_server-12] [WARN] [1790228077.632118047] [rcl]: 'localhost_only' is enabled, 'automatic_discovery_range' and 'static_peers' will be ignored.
[behavior_server-15] [WARN] [1790228077.633350536] [rcl]: ROS_LOCALHOST_ONLY is deprecated but still honored if it is enabled. Use ROS_AUTOMATIC_DISCOVERY_RANGE and ROS_STATIC_PEERS instead.
[behavior_server-15] [WARN] [1790228077.633365563] [rcl]: 'localhost_only' is enabled, 'automatic_discovery_range' and 'static_peers' will be ignored.
[lifecycle_manager-21] [WARN] [1790228077.635115933] [rcl]: ROS_LOCALHOST_ONLY is deprecated but still honored if it is enabled. Use ROS_AUTOMATIC_DISCOVERY_RANGE and ROS_STATIC_PEERS instead.
[lifecycle_manager-21] [WARN] [1790228077.635133282] [rcl]: 'localhost_only' is enabled, 'automatic_discovery_range' and 'static_peers' will be ignored.
[velocity_smoother-18] [WARN] [1790228077.635849168] [rcl]: ROS_LOCALHOST_ONLY is deprecated but still honored if it is enabled. Use ROS_AUTOMATIC_DISCOVERY_RANGE and ROS_STATIC_PEERS instead.
[velocity_smoother-18] [WARN] [1790228077.635864525] [rcl]: 'localhost_only' is enabled, 'automatic_discovery_range' and 'static_peers' will be ignored.
[waypoint_follower-17] [WARN] [1790228077.637242334] [rcl]: ROS_LOCALHOST_ONLY is deprecated but still honored if it is enabled. Use ROS_AUTOMATIC_DISCOVERY_RANGE and ROS_STATIC_PEERS instead.
[waypoint_follower-17] [WARN] [1790228077.637263747] [rcl]: 'localhost_only' is enabled, 'automatic_discovery_range' and 'static_peers' will be ignored.
[collision_monitor-19] [WARN] [1790228077.642059522] [rcl]: ROS_LOCALHOST_ONLY is deprecated but still honored if it is enabled. Use ROS_AUTOMATIC_DISCOVERY_RANGE and ROS_STATIC_PEERS instead.
[opennav_docking-20] [WARN] [1790228077.642198112] [rcl]: ROS_LOCALHOST_ONLY is deprecated but still honored if it is enabled. Use ROS_AUTOMATIC_DISCOVERY_RANGE and ROS_STATIC_PEERS instead.
[opennav_docking-20] [WARN] [1790228077.642212650] [rcl]: 'localhost_only' is enabled, 'automatic_discovery_range' and 'static_peers' will be ignored.
[collision_monitor-19] [WARN] [1790228077.642550872] [rcl]: 'localhost_only' is enabled, 'automatic_discovery_range' and 'static_peers' will be ignored.
[planner_server-13] [INFO] [1790228077.663674498] [planner_server]: 
[planner_server-13] 	planner_server lifecycle node launched. 
[planner_server-13] 	Waiting on external lifecycle transitions to activate
[planner_server-13] 	See https://design.ros2.org/articles/node_lifecycle.html for more information.
[smoother_server-12] [INFO] [1790228077.665474603] [smoother_server]: 
[smoother_server-12] 	smoother_server lifecycle node launched. 
[smoother_server-12] 	Waiting on external lifecycle transitions to activate
[smoother_server-12] 	See https://design.ros2.org/articles/node_lifecycle.html for more information.
[controller_server-11] [INFO] [1790228077.672230198] [controller_server]: 
[controller_server-11] 	controller_server lifecycle node launched. 
[controller_server-11] 	Waiting on external lifecycle transitions to activate
[controller_server-11] 	See https://design.ros2.org/articles/node_lifecycle.html for more information.
[async_slam_toolbox_node-10] Registering sensor: [Custom Described Lidar]
[behavior_server-15] [INFO] [1790228077.701988519] [behavior_server]: 
[behavior_server-15] 	behavior_server lifecycle node launched. 
[behavior_server-15] 	Waiting on external lifecycle transitions to activate
[behavior_server-15] 	See https://design.ros2.org/articles/node_lifecycle.html for more information.
[route_server-14] [WARN] [1790228077.708628394] [rcl]: ROS_LOCALHOST_ONLY is deprecated but still honored if it is enabled. Use ROS_AUTOMATIC_DISCOVERY_RANGE and ROS_STATIC_PEERS instead.
[route_server-14] [WARN] [1790228077.708657655] [rcl]: 'localhost_only' is enabled, 'automatic_discovery_range' and 'static_peers' will be ignored.
[bt_navigator-16] [WARN] [1790228077.865315548] [rcl]: ROS_LOCALHOST_ONLY is deprecated but still honored if it is enabled. Use ROS_AUTOMATIC_DISCOVERY_RANGE and ROS_STATIC_PEERS instead.
[bt_navigator-16] [WARN] [1790228077.865333363] [rcl]: 'localhost_only' is enabled, 'automatic_discovery_range' and 'static_peers' will be ignored.
[waypoint_follower-17] [INFO] [1790228078.107527206] [waypoint_follower]: 
[waypoint_follower-17] 	waypoint_follower lifecycle node launched. 
[waypoint_follower-17] 	Waiting on external lifecycle transitions to activate
[waypoint_follower-17] 	See https://design.ros2.org/articles/node_lifecycle.html for more information.
[velocity_smoother-18] [INFO] [1790228078.118189217] [velocity_smoother]: 
[velocity_smoother-18] 	velocity_smoother lifecycle node launched. 
[velocity_smoother-18] 	Waiting on external lifecycle transitions to activate
[velocity_smoother-18] 	See https://design.ros2.org/articles/node_lifecycle.html for more information.
[bt_navigator-16] [INFO] [1790228078.121918175] [bt_navigator]: 
[bt_navigator-16] 	bt_navigator lifecycle node launched. 
[bt_navigator-16] 	Waiting on external lifecycle transitions to activate
[bt_navigator-16] 	See https://design.ros2.org/articles/node_lifecycle.html for more information.
[collision_monitor-19] [INFO] [1790228078.123785194] [collision_monitor]: 
[collision_monitor-19] 	collision_monitor lifecycle node launched. 
[collision_monitor-19] 	Waiting on external lifecycle transitions to activate
[collision_monitor-19] 	See https://design.ros2.org/articles/node_lifecycle.html for more information.
[route_server-14] [INFO] [1790228078.125353637] [route_server]: 
[route_server-14] 	route_server lifecycle node launched. 
[route_server-14] 	Waiting on external lifecycle transitions to activate
[route_server-14] 	See https://design.ros2.org/articles/node_lifecycle.html for more information.
[lifecycle_manager-21] [INFO] [1790228078.126091637] [lifecycle_manager_navigation]: Creating
[opennav_docking-20] [INFO] [1790228078.128644029] [docking_server]: 
[opennav_docking-20] 	docking_server lifecycle node launched. 
[opennav_docking-20] 	Waiting on external lifecycle transitions to activate
[opennav_docking-20] 	See https://design.ros2.org/articles/node_lifecycle.html for more information.
[opennav_docking-20] [INFO] [1790228078.128873817] [docking_server]: Creating docking_server
[lifecycle_manager-21] [INFO] [1790228078.131529381] [lifecycle_manager_navigation]: [34m[1mCreating and initializing lifecycle service clients[0m[0m
[waypoint_follower-17] [INFO] [1790228078.260126631] [waypoint_follower]: Creating
[lifecycle_manager-21] [INFO] [1790228078.329983062] [lifecycle_manager_navigation]: [34m[1mStarting managed nodes bringup...[0m[0m
[lifecycle_manager-21] [INFO] [1790228078.330036638] [lifecycle_manager_navigation]: [34m[1mConfiguring controller_server[0m[0m
[rviz2-7] [INFO] [1790228078.664364886] [rviz2]: Trying to create a map of size 222 x 77 using 1 swatches
[rviz2-7] [ERROR] [1790228078.772677114] [rviz2]: rviz/glsl120/indexed_8bit_image.vert
[rviz2-7] rviz/glsl120/indexed_8bit_image.frag
[rviz2-7]  GLSL link result : 
[rviz2-7] active samplers with a different type refer to the same texture image unit
[planner_server-13] [INFO] [1790228079.978824872] [planner_server]: Creating
[bt_navigator-16] [INFO] [1790228079.978828955] [bt_navigator]: Creating
[smoother_server-12] [INFO] [1790228079.978833201] [smoother_server]: Creating smoother server
[controller_server-11] [INFO] [1790228079.980646832] [controller_server]: Creating controller server
[controller_server-11] [INFO] [1790228080.012577847] [local_costmap.local_costmap]: 
[controller_server-11] 	local_costmap lifecycle node launched. 
[controller_server-11] 	Waiting on external lifecycle transitions to activate
[controller_server-11] 	See https://design.ros2.org/articles/node_lifecycle.html for more information.
[controller_server-11] [INFO] [1790228080.232896773] [local_costmap.local_costmap]: Creating Costmap
[controller_server-11] [INFO] [1790228080.235163483] [controller_server]: Configuring controller interface
[controller_server-11] [INFO] [1790228080.235197859] [controller_server]: getting progress checker plugins..
[controller_server-11] [INFO] [1790228080.235607561] [controller_server]: getting goal checker plugins..
[controller_server-11] [INFO] [1790228080.236414155] [controller_server]: Controller frequency set to 15.0000Hz
[controller_server-11] [INFO] [1790228080.236511402] [local_costmap.local_costmap]: Configuring
[controller_server-11] [INFO] [1790228080.247494951] [local_costmap.local_costmap]: Using plugin "static_layer"
[controller_server-11] [INFO] [1790228080.252437969] [local_costmap.local_costmap]: Subscribing to the map topic (/map) with transient local durability
[controller_server-11] [INFO] [1790228080.255445065] [local_costmap.local_costmap]: Initialized plugin "static_layer"
[controller_server-11] [INFO] [1790228080.255495714] [local_costmap.local_costmap]: Using plugin "voxel_layer"
[controller_server-11] [INFO] [1790228080.256106041] [local_costmap.local_costmap]: Subscribed to Topics: scan
[controller_server-11] [INFO] [1790228080.269038640] [local_costmap.local_costmap]: Initialized plugin "voxel_layer"
[controller_server-11] [INFO] [1790228080.269104969] [local_costmap.local_costmap]: Using plugin "inflation_layer"
[controller_server-11] [INFO] [1790228080.269625449] [local_costmap.local_costmap]: Initialized plugin "inflation_layer"
[controller_server-11] [INFO] [1790228080.294746849] [controller_server]: Created progress_checker : progress_checker of type nav2_controller::SimpleProgressChecker
[controller_server-11] [INFO] [1790228080.294748888] [local_costmap.local_costmap]: StaticLayer: Resizing static layer to 222 X 77 at 0.100000 m/pix
[controller_server-11] [INFO] [1790228080.295208440] [controller_server]: Controller Server has progress_checker  progress checkers available.
[controller_server-11] [INFO] [1790228080.295837382] [controller_server]: Created goal checker : general_goal_checker of type nav2_controller::SimpleGoalChecker
[controller_server-11] [INFO] [1790228080.296133245] [controller_server]: Controller Server has general_goal_checker  goal checkers available.
[controller_server-11] [INFO] [1790228080.298127066] [controller_server]: Created controller : FollowPath of type nav2_mppi_controller::MPPIController
[controller_server-11] [INFO] [1790228080.299605359] [controller_server]: Controller period is equal to model dt. Control sequence shifting is ON
[controller_server-11] [INFO] [1790228080.405528252] [controller_server]: ConstraintCritic instantiated with 1 power and 4.000000 weight.
[controller_server-11] [INFO] [1790228080.405601951] [controller_server]: Critic loaded : mppi::critics::ConstraintCritic
[controller_server-11] [INFO] [1790228080.406507997] [controller_server]: InflationCostCritic instantiated with 1 power and 300.000000 / 0.015000 weights. Critic will collision check based on footprint cost.
[controller_server-11] [INFO] [1790228080.406540244] [controller_server]: Critic loaded : mppi::critics::CostCritic
[controller_server-11] [INFO] [1790228080.406935244] [controller_server]: GoalCritic instantiated with 1 power and 5.000000 weight.
[controller_server-11] [INFO] [1790228080.406956945] [controller_server]: Critic loaded : mppi::critics::GoalCritic
[controller_server-11] [INFO] [1790228080.407325719] [controller_server]: GoalAngleCritic instantiated with 1 power, 3.000000 weight, 0.500000 angular threshold and symmetric_yaw_tolerance disabled
[controller_server-11] [INFO] [1790228080.407345367] [controller_server]: Critic loaded : mppi::critics::GoalAngleCritic
[controller_server-11] [INFO] [1790228080.408654635] [controller_server]: ReferenceTrajectoryCritic instantiated with 1 power and 20.000000 weight
[controller_server-11] [INFO] [1790228080.408683079] [controller_server]: Critic loaded : mppi::critics::PathAlignCritic
[controller_server-11] [INFO] [1790228080.408998274] [controller_server]: Critic loaded : mppi::critics::PathFollowCritic
[controller_server-11] [INFO] [1790228080.409471336] [controller_server]: PathAngleCritic instantiated with 1 power and 4.000000 weight. Mode set to: Forward Preference
[controller_server-11] [INFO] [1790228080.913876437] [controller_server]: Critic loaded : mppi::critics::PathAngleCritic
[planner_server-13] [INFO] [1790228080.010358449] [global_costmap.global_costmap]: 
[planner_server-13] 	global_costmap lifecycle node launched. 
[planner_server-13] 	Waiting on external lifecycle transitions to activate
[planner_server-13] 	See https://design.ros2.org/articles/node_lifecycle.html for more information.
[planner_server-13] [INFO] [1790228080.232929900] [global_costmap.global_costmap]: Creating Costmap
[controller_server-11] [INFO] [1790228080.914992312] [controller_server]: PreferForwardCritic instantiated with 1 power and 5.000000 weight.
[controller_server-11] [INFO] [1790228080.915030224] [controller_server]: Critic loaded : mppi::critics::PreferForwardCritic
[controller_server-11] [INFO] [1790228080.916651834] [controller_server]: Optimizer reset
[controller_server-11] [INFO] [1790228080.923933454] [MPPIController]: Configured MPPI Controller: FollowPath
[controller_server-11] [INFO] [1790228080.923982991] [controller_server]: Controller Server has FollowPath  controllers available.
[lifecycle_manager-21] [INFO] [1790228080.936929963] [lifecycle_manager_navigation]: [34m[1mConfiguring smoother_server[0m[0m
[smoother_server-12] [INFO] [1790228080.937307280] [smoother_server]: Configuring smoother server
[smoother_server-12] [INFO] [1790228080.954715041] [smoother_server]: Created smoother : simple_smoother of type nav2_smoother::SimpleSmoother
[smoother_server-12] [INFO] [1790228080.955501506] [smoother_server]: Smoother Server has simple_smoother  smoothers available.
[lifecycle_manager-21] [INFO] [1790228080.966892016] [lifecycle_manager_navigation]: [34m[1mConfiguring planner_server[0m[0m
[planner_server-13] [INFO] [1790228080.967355496] [planner_server]: Configuring
[planner_server-13] [INFO] [1790228080.967409829] [global_costmap.global_costmap]: Configuring
[planner_server-13] [INFO] [1790228080.984890808] [global_costmap.global_costmap]: Using plugin "static_layer"
[planner_server-13] [INFO] [1790228080.989411850] [global_costmap.global_costmap]: Subscribing to the map topic (/map) with transient local durability
[planner_server-13] [INFO] [1790228080.992141537] [global_costmap.global_costmap]: Initialized plugin "static_layer"
[planner_server-13] [INFO] [1790228080.992178039] [global_costmap.global_costmap]: Using plugin "obstacle_layer"
[planner_server-13] [INFO] [1790228080.992748171] [global_costmap.global_costmap]: Subscribed to Topics: scan
[planner_server-13] [INFO] [1790228080.998100525] [global_costmap.global_costmap]: Initialized plugin "obstacle_layer"
[planner_server-13] [INFO] [1790228080.998158675] [global_costmap.global_costmap]: Using plugin "inflation_layer"
[planner_server-13] [INFO] [1790228080.998826949] [global_costmap.global_costmap]: Initialized plugin "inflation_layer"
[planner_server-13] [INFO] [1790228081.033642317] [global_costmap.global_costmap]: StaticLayer: Resizing costmap to 222 X 77 at 0.100000 m/pix
[planner_server-13] [INFO] [1790228081.034163632] [planner_server]: Created global planner plugin GridBased of type nav2_navfn_planner::NavfnPlanner
[planner_server-13] [INFO] [1790228081.034206075] [planner_server]: Configuring plugin GridBased of type NavfnPlanner
[planner_server-13] [INFO] [1790228081.035007431] [planner_server]: Planner Server has GridBased  planners available.
[lifecycle_manager-21] [INFO] [1790228081.055684043] [lifecycle_manager_navigation]: [34m[1mConfiguring route_server[0m[0m
[route_server-14] [INFO] [1790228081.056220338] [route_server]: Configuring
[route_server-14] [INFO] [1790228081.095891658] [route_server]: Created GraphFileLoader GeoJsonGraphFileLoader of type nav2_route::GeoJsonGraphFileLoader
[route_server-14] [INFO] [1790228081.095977130] [route_server]: Configuring geojson graph file loader
[route_server-14] [INFO] [1790228081.095999881] [route_server]: No graph file provided to load yet.
[route_server-14] [INFO] [1790228081.099024542] [route_server]: Created edge cost function plugin DistanceScorer of type nav2_route::DistanceScorer
[route_server-14] [INFO] [1790228081.099099090] [route_server]: Configuring distance scorer.
[route_server-14] [INFO] [1790228081.100088600] [route_server]: Created edge cost function plugin DynamicEdgesScorer of type nav2_route::DynamicEdgesScorer
[route_server-14] [INFO] [1790228081.100130356] [route_server]: Configuring adjust edges scorer.
[route_server-14] [INFO] [1790228081.104912261] [route_server]: Created route operation AdjustSpeedLimit of type nav2_route::AdjustSpeedLimit
[route_server-14] [INFO] [1790228081.104953667] [route_server]: Configuring Adjust speed limit operation.
[route_server-14] [INFO] [1790228081.107034213] [route_server]: Created route operation ReroutingService of type nav2_route::ReroutingService
[route_server-14] [INFO] [1790228081.107103847] [route_server]: Configuring Rerouting service operation.
[lifecycle_manager-21] [INFO] [1790228081.112928432] [lifecycle_manager_navigation]: [34m[1mConfiguring behavior_server[0m[0m
[behavior_server-15] [INFO] [1790228081.119267215] [behavior_server]: Configuring
[behavior_server-15] [INFO] [1790228081.125915633] [behavior_server]: Creating behavior plugin spin of type nav2_behaviors::Spin
[behavior_server-15] [INFO] [1790228081.127140199] [behavior_server]: Creating behavior plugin backup of type nav2_behaviors::BackUp
[behavior_server-15] [INFO] [1790228081.128366907] [behavior_server]: Creating behavior plugin drive_on_heading of type nav2_behaviors::DriveOnHeading
[behavior_server-15] [INFO] [1790228081.129418750] [behavior_server]: Creating behavior plugin assisted_teleop of type nav2_behaviors::AssistedTeleop
[behavior_server-15] [INFO] [1790228081.131757777] [behavior_server]: Creating behavior plugin wait of type nav2_behaviors::Wait
[behavior_server-15] [INFO] [1790228081.143543796] [behavior_server]: Configuring spin
[behavior_server-15] [INFO] [1790228081.157902130] [behavior_server]: Configuring backup
[behavior_server-15] [INFO] [1790228081.166081517] [behavior_server]: Configuring drive_on_heading
[behavior_server-15] [INFO] [1790228081.172897929] [behavior_server]: Configuring assisted_teleop
[behavior_server-15] [INFO] [1790228081.181311663] [behavior_server]: Configuring wait
[lifecycle_manager-21] [INFO] [1790228081.190192930] [lifecycle_manager_navigation]: [34m[1mConfiguring velocity_smoother[0m[0m
[velocity_smoother-18] [INFO] [1790228081.190562639] [velocity_smoother]: Configuring velocity smoother
[lifecycle_manager-21] [INFO] [1790228081.195997441] [lifecycle_manager_navigation]: [34m[1mConfiguring collision_monitor[0m[0m
[collision_monitor-19] [INFO] [1790228081.196482373] [collision_monitor]: Configuring
[collision_monitor-19] [INFO] [1790228081.206450869] [collision_monitor]: [scan]: Creating Scan
[collision_monitor-19] [INFO] [1790228081.210680068] [collision_monitor]: [FootprintApproach]: Creating Polygon
[collision_monitor-19] [INFO] [1790228081.210908926] [collision_monitor]: [FootprintApproach]: Polygon points are not defined. Using dynamic subscription instead.
[collision_monitor-19] [INFO] [1790228081.212555687] [collision_monitor]: [FootprintApproach]: Making footprint subscriber on local_costmap/published_footprint topic
[lifecycle_manager-21] [INFO] [1790228081.231169082] [lifecycle_manager_navigation]: [34m[1mConfiguring bt_navigator[0m[0m
[bt_navigator-16] [INFO] [1790228081.231933470] [bt_navigator]: Configuring
[bt_navigator-16] [INFO] [1790228081.242205058] [bt_navigator]: Creating navigator id navigate_to_pose of type nav2_bt_navigator::NavigateToPoseNavigator
[bt_navigator-16] [INFO] [1790228081.336040172] [bt_navigator]: Creating navigator id navigate_through_poses of type nav2_bt_navigator::NavigateThroughPosesNavigator
[lifecycle_manager-21] [INFO] [1790228081.369158049] [lifecycle_manager_navigation]: [34m[1mConfiguring waypoint_follower[0m[0m
[waypoint_follower-17] [INFO] [1790228081.369758275] [waypoint_follower]: Configuring
[waypoint_follower-17] [INFO] [1790228081.406204577] [waypoint_follower]: Created waypoint_task_executor : wait_at_waypoint of type nav2_waypoint_follower::WaitAtWaypoint
[lifecycle_manager-21] [INFO] [1790228081.407396235] [lifecycle_manager_navigation]: [34m[1mConfiguring docking_server[0m[0m
[opennav_docking-20] [INFO] [1790228081.407685148] [docking_server]: Configuring docking_server
[opennav_docking-20] [INFO] [1790228081.407735260] [docking_server]: Controller frequency set to 50.0000Hz
[opennav_docking-20] [INFO] [1790228081.455289430] [docking_server]: Created charging dock plugin simple_charging_dock of type opennav_docking::SimpleChargingDock
[opennav_docking-20] [WARN] [1790228081.462764846] [docking_server]: Dock database filepath nor dock parameters set. Docking actions can only be executed specifying the dock pose via the action request. Or update the dock database via the reload_database service.
[opennav_docking-20] [INFO] [1790228081.462827322] [docking_server]: Docking Server has 1 dock types and 0 dock instances available.
[lifecycle_manager-21] [INFO] [1790228081.466072585] [lifecycle_manager_navigation]: [34m[1mActivating controller_server[0m[0m
[controller_server-11] [INFO] [1790228081.466500410] [controller_server]: Activating
[controller_server-11] [INFO] [1790228081.466607607] [local_costmap.local_costmap]: Activating
[controller_server-11] [INFO] [1790228081.466628848] [local_costmap.local_costmap]: Checking transform
[controller_server-11] [INFO] [1790228081.466849542] [local_costmap.local_costmap]: start
[controller_server-11] [WARN] [1790228081.668845650] [controller_server]: Parameter controller_server.verbose not found
[controller_server-11] [INFO] [1790228081.670198767] [controller_server]: Optimizer reset
[controller_server-11] [INFO] [1790228081.670545247] [MPPIController]: Activated MPPI Controller: FollowPath
[controller_server-11] [INFO] [1790228081.670588138] [controller_server]: Creating bond (controller_server) to lifecycle manager.
[controller_server-11] [WARN] [1790228081.776472851] [controller_server.rclcpp]: failed to send response to /controller_server/get_state (timeout): client will not receive response, at ./src/rmw_response.cpp:153, at ./src/rcl/service.c:400
[lifecycle_manager-21] [INFO] [1790228081.880078740] [lifecycle_manager_navigation]: Server controller_server connected with bond.
[lifecycle_manager-21] [INFO] [1790228081.880419351] [lifecycle_manager_navigation]: [34m[1mActivating smoother_server[0m[0m
[smoother_server-12] [INFO] [1790228081.881070330] [smoother_server]: Activating
[smoother_server-12] [INFO] [1790228081.881128801] [smoother_server]: Creating bond (smoother_server) to lifecycle manager.
[lifecycle_manager-21] [INFO] [1790228081.992158428] [lifecycle_manager_navigation]: Server smoother_server connected with bond.
[lifecycle_manager-21] [INFO] [1790228081.992238051] [lifecycle_manager_navigation]: [34m[1mActivating planner_server[0m[0m
[planner_server-13] [INFO] [1790228081.992755069] [planner_server]: Activating
[planner_server-13] [INFO] [1790228081.992826119] [global_costmap.global_costmap]: Activating
[planner_server-13] [INFO] [1790228081.992844466] [global_costmap.global_costmap]: Checking transform
[planner_server-13] [INFO] [1790228081.993158113] [global_costmap.global_costmap]: start
[planner_server-13] [INFO] [1790228082.995091497] [planner_server]: Activating plugin GridBased of type NavfnPlanner
[planner_server-13] [INFO] [1790228082.996748389] [planner_server]: Creating bond (planner_server) to lifecycle manager.
[lifecycle_manager-21] [INFO] [1790228083.106513308] [lifecycle_manager_navigation]: Server planner_server connected with bond.
[lifecycle_manager-21] [INFO] [1790228083.106570791] [lifecycle_manager_navigation]: [34m[1mActivating route_server[0m[0m
[route_server-14] [INFO] [1790228083.107073073] [route_server]: Activating
[route_server-14] [INFO] [1790228083.107268461] [route_server]: Creating bond (route_server) to lifecycle manager.
[lifecycle_manager-21] [INFO] [1790228083.214090506] [lifecycle_manager_navigation]: Server route_server connected with bond.
[lifecycle_manager-21] [INFO] [1790228083.214166667] [lifecycle_manager_navigation]: [34m[1mActivating behavior_server[0m[0m
[behavior_server-15] [INFO] [1790228083.214705408] [behavior_server]: Activating
[behavior_server-15] [INFO] [1790228083.214744304] [behavior_server]: Activating spin
[behavior_server-15] [INFO] [1790228083.214761477] [behavior_server]: Activating backup
[behavior_server-15] [INFO] [1790228083.214773587] [behavior_server]: Activating drive_on_heading
[behavior_server-15] [INFO] [1790228083.214784644] [behavior_server]: Activating assisted_teleop
[behavior_server-15] [INFO] [1790228083.214794487] [behavior_server]: Activating wait
[behavior_server-15] [INFO] [1790228083.214812448] [behavior_server]: Creating bond (behavior_server) to lifecycle manager.
[lifecycle_manager-21] [INFO] [1790228083.323088968] [lifecycle_manager_navigation]: Server behavior_server connected with bond.
[lifecycle_manager-21] [INFO] [1790228083.323201781] [lifecycle_manager_navigation]: [34m[1mActivating velocity_smoother[0m[0m
[velocity_smoother-18] [INFO] [1790228083.324416675] [velocity_smoother]: Activating
[velocity_smoother-18] [INFO] [1790228083.324515206] [velocity_smoother]: Creating bond (velocity_smoother) to lifecycle manager.
[lifecycle_manager-21] [INFO] [1790228083.435682439] [lifecycle_manager_navigation]: Server velocity_smoother connected with bond.
[lifecycle_manager-21] [INFO] [1790228083.435788720] [lifecycle_manager_navigation]: [34m[1mActivating collision_monitor[0m[0m
[collision_monitor-19] [INFO] [1790228083.436493015] [collision_monitor]: Activating
[collision_monitor-19] [INFO] [1790228083.436555149] [collision_monitor]: Creating bond (collision_monitor) to lifecycle manager.
[lifecycle_manager-21] [INFO] [1790228083.548071080] [lifecycle_manager_navigation]: Server collision_monitor connected with bond.
[lifecycle_manager-21] [INFO] [1790228083.548149994] [lifecycle_manager_navigation]: [34m[1mActivating bt_navigator[0m[0m
[bt_navigator-16] [INFO] [1790228083.549226075] [bt_navigator]: Activating
[bt_navigator-16] [INFO] [1790228083.681318165] [bt_navigator]: Creating bond (bt_navigator) to lifecycle manager.
[lifecycle_manager-21] [INFO] [1790228083.791712062] [lifecycle_manager_navigation]: Server bt_navigator connected with bond.
[lifecycle_manager-21] [INFO] [1790228083.791809229] [lifecycle_manager_navigation]: [34m[1mActivating waypoint_follower[0m[0m
[waypoint_follower-17] [INFO] [1790228083.792729828] [waypoint_follower]: Activating
[waypoint_follower-17] [INFO] [1790228083.792805996] [waypoint_follower]: Creating bond (waypoint_follower) to lifecycle manager.
[lifecycle_manager-21] [INFO] [1790228083.905348214] [lifecycle_manager_navigation]: Server waypoint_follower connected with bond.
[lifecycle_manager-21] [INFO] [1790228083.905402723] [lifecycle_manager_navigation]: [34m[1mActivating docking_server[0m[0m
[opennav_docking-20] [INFO] [1790228083.906108144] [docking_server]: Activating docking_server
[opennav_docking-20] [INFO] [1790228083.923746849] [docking_server]: Creating bond (docking_server) to lifecycle manager.
[lifecycle_manager-21] [INFO] [1790228084.044089065] [lifecycle_manager_navigation]: Server docking_server connected with bond.
[lifecycle_manager-21] [INFO] [1790228084.044174813] [lifecycle_manager_navigation]: [34m[1mManaged nodes are active[0m[0m
[lifecycle_manager-21] [INFO] [1790228084.044187592] [lifecycle_manager_navigation]: [34m[1mCreating bond timer...[0m[0m
Nav2 active; kiem tra /clock lien tuc trong 5 giay...
[WARN] [1790228132.498378891] [rcl]: ROS_LOCALHOST_ONLY is deprecated but still honored if it is enabled. Use ROS_AUTOMATIC_DISCOVERY_RANGE and ROS_STATIC_PEERS instead.
[WARN] [1790228132.498409136] [rcl]: 'localhost_only' is enabled, 'automatic_discovery_range' and 'static_peers' will be ignored.
SLAM/Nav2 san sang; /clock on dinh, khong co buoc nhay lui trong 5 giay.

Starting MapEx on New Room...
Command: /usr/bin/python3 /home/com1/turtlebot4_project_r003_h031/mapex_lab/scripts/mapex_run.py --run-id mpx_p500_005 --environment new_room --runtime-profile slam --paper500 --save-predictions
Run hoan tat se tu dong dung exploration, SLAM, Nav2 va Gazebo.
Nhan Ctrl+C mot lan neu muon dung som.

[WARN] [1790228138.912024170] [rcl]: ROS_LOCALHOST_ONLY is deprecated but still honored if it is enabled. Use ROS_AUTOMATIC_DISCOVERY_RANGE and ROS_STATIC_PEERS instead.
[WARN] [1790228138.912075275] [rcl]: 'localhost_only' is enabled, 'automatic_discovery_range' and 'static_peers' will be ignored.
[INFO] [1790228139.087732974] [mapex_explorer]: Loading official MapEx LaMa ensemble...
[INFO] [1790228150.286556310] [mapex_explorer]: MapEx Explorer started (config=/home/com1/turtlebot4_project_r003_h031/mapex_lab/config/mapex.yaml, commit=53636bd1c79153acc3c74a532837d78c926bae5e, grid=0.10 m, visibility=20.0 m/250 rays, epsilon=0.80, preferred min distance=1.00 m, near fallback=all-frontiers-close, shared execution=nf_basic)
[INFO] [1790228150.287425457] [mapex_explorer]: MapEx G1: /work/com1/mapex_weights/weights/lama_ensemble/train_1/models/best.ckpt
[INFO] [1790228150.288002344] [mapex_explorer]: MapEx G2: /work/com1/mapex_weights/weights/lama_ensemble/train_2/models/best.ckpt
[INFO] [1790228150.288511262] [mapex_explorer]: MapEx G3: /work/com1/mapex_weights/weights/lama_ensemble/train_3/models/best.ckpt
[WARN] [1790228154.672158168] [mapex_explorer]: MAPEX RECORDING: env=new_room, profile=slam, output=/home/com1/turtlebot4_project_r003_h031/mapex_lab/experiments/mapex/mpx_p500_005
[WARN] [1790228158.058854197] [mapex_explorer]: MAPEX READY: Nav2 stable for >= 3.0s; benchmark clock will start at first frontier decision
[INFO] [1790228160.337813060] [mapex_explorer]: MapEx decision 1: selected x=-1.98, y=0.03, IG=66.656128, distance=1.98 m, score=33.581037, region=200, candidates=2, near_fallback=False, compute=2.20 s
[INFO] [1790228160.465149934] [mapex_explorer]: Main goal accepted
[bt_navigator-16] [INFO] [1790228160.469925784] [bt_navigator]: Begin navigating from current location (0.00, -0.00) to (-1.98, 0.03)
[controller_server-11] [INFO] [1790228160.496806570] [controller_server]: Received a goal, begin computing control effort.
[controller_server-11] [WARN] [1790228160.496895463] [controller_server]: No goal checker was specified in parameter 'current_goal_checker'. Server will use only plugin loaded general_goal_checker . This warning will appear once.
[controller_server-11] [WARN] [1790228160.496910820] [controller_server]: No progress checker was specified in parameter 'current_progress_checker'. Server will use only plugin loaded progress_checker . This warning will appear once.
[parameter_bridge-2] [INFO] [1790228160.551353810] [bridge_ros_gz]: Passing message from ROS geometry_msgs/msg/Twist to Gazebo gz.msgs.Twist (showing msg only once per type)
[INFO] [1790228160.649970640] [mapex_explorer]: Main /plan diagnostic: poses=38, endpoint=(-1.98, 0.03), frontier=(-1.98, 0.03), endpoint_to_frontier=0.000 m, limit=0.10 m -> usable
[INFO] [1790228161.509025796] [mapex_explorer]: Main /plan diagnostic: poses=34, endpoint=(-1.98, 0.03), frontier=(-1.98, 0.03), endpoint_to_frontier=0.000 m, limit=0.10 m -> usable
[controller_server-11] [INFO] [1790228161.563704574] [controller_server]: Passing new path to controller.
[controller_server-11] [INFO] [1790228161.667067621] [local_costmap.local_costmap]: StaticLayer: Resizing static layer to 225 X 81 at 0.100000 m/pix
[rviz2-7] [INFO] [1790228161.678493903] [rviz2]: Trying to create a map of size 225 x 81 using 1 swatches
[planner_server-13] [INFO] [1790228161.993368044] [global_costmap.global_costmap]: StaticLayer: Resizing costmap to 225 X 81 at 0.100000 m/pix
[INFO] [1790228162.514766538] [mapex_explorer]: Main /plan diagnostic: poses=27, endpoint=(-1.98, 0.03), frontier=(-1.98, 0.03), endpoint_to_frontier=0.000 m, limit=0.10 m -> usable
[controller_server-11] [INFO] [1790228162.563709839] [controller_server]: Passing new path to controller.
[rviz2-7] [INFO] [1790228162.657707529] [rviz2]: Trying to create a map of size 228 x 90 using 1 swatches
[controller_server-11] [INFO] [1790228162.667059960] [local_costmap.local_costmap]: StaticLayer: Resizing static layer to 228 X 90 at 0.100000 m/pix
[planner_server-13] [INFO] [1790228162.993878108] [global_costmap.global_costmap]: StaticLayer: Resizing costmap to 228 X 90 at 0.100000 m/pix
[INFO] [1790228163.546336182] [mapex_explorer]: Main /plan diagnostic: poses=21, endpoint=(-1.98, 0.03), frontier=(-1.98, 0.03), endpoint_to_frontier=0.000 m, limit=0.10 m -> usable
[controller_server-11] [INFO] [1790228163.563703644] [controller_server]: Passing new path to controller.
[rviz2-7] [INFO] [1790228163.663649027] [rviz2]: Trying to create a map of size 228 x 111 using 1 swatches
[controller_server-11] [INFO] [1790228163.667027217] [local_costmap.local_costmap]: StaticLayer: Resizing static layer to 228 X 111 at 0.100000 m/pix
[planner_server-13] [INFO] [1790228163.993442199] [global_costmap.global_costmap]: StaticLayer: Resizing costmap to 228 X 111 at 0.100000 m/pix
[INFO] [1790228164.577693833] [mapex_explorer]: Main /plan diagnostic: poses=15, endpoint=(-1.98, 0.03), frontier=(-1.98, 0.03), endpoint_to_frontier=0.000 m, limit=0.10 m -> usable
[controller_server-11] [INFO] [1790228164.630399708] [controller_server]: Passing new path to controller.
[rviz2-7] [INFO] [1790228164.658536126] [rviz2]: Trying to create a map of size 235 x 115 using 1 swatches
[controller_server-11] [INFO] [1790228164.667038334] [local_costmap.local_costmap]: StaticLayer: Resizing static layer to 235 X 115 at 0.100000 m/pix
[planner_server-13] [INFO] [1790228164.993399912] [global_costmap.global_costmap]: StaticLayer: Resizing costmap to 235 X 115 at 0.100000 m/pix
[INFO] [1790228165.608867565] [mapex_explorer]: Main /plan diagnostic: poses=8, endpoint=(-1.98, 0.03), frontier=(-1.98, 0.03), endpoint_to_frontier=0.000 m, limit=0.10 m -> usable
[controller_server-11] [INFO] [1790228165.631242235] [controller_server]: Passing new path to controller.
[rviz2-7] [INFO] [1790228165.661410626] [rviz2]: Trying to create a map of size 239 x 115 using 1 swatches
[controller_server-11] [INFO] [1790228165.667031615] [local_costmap.local_costmap]: StaticLayer: Resizing static layer to 239 X 115 at 0.100000 m/pix
[planner_server-13] [INFO] [1790228165.993365366] [global_costmap.global_costmap]: StaticLayer: Resizing costmap to 239 X 115 at 0.100000 m/pix
[controller_server-11] [INFO] [1790228166.032702261] [controller_server]: Reached the goal!
[controller_server-11] [INFO] [1790228166.033351279] [controller_server]: Optimizer reset
[bt_navigator-16] [INFO] [1790228166.060387024] [bt_navigator]: Goal succeeded
[INFO] [1790228166.062720805] [mapex_explorer]: Goal reached
[INFO] [1790228170.285105244] [mapex_explorer]: MapEx decision 2: selected x=-4.86, y=-1.98, IG=63.361908, distance=3.77 m, score=16.796977, region=49, candidates=14, near_fallback=False, compute=3.22 s
[bt_navigator-16] [INFO] [1790228170.287017751] [bt_navigator]: Begin navigating from current location (-1.67, 0.04) to (-4.86, -1.98)
[controller_server-11] [INFO] [1790228170.307771281] [controller_server]: Received a goal, begin computing control effort.
[INFO] [1790228170.417681107] [mapex_explorer]: Main goal accepted
[INFO] [1790228170.474647575] [mapex_explorer]: Main /plan diagnostic: poses=76, endpoint=(-4.86, -1.98), frontier=(-4.86, -1.98), endpoint_to_frontier=0.000 m, limit=0.10 m -> usable
[INFO] [1790228171.361711943] [mapex_explorer]: Main /plan diagnostic: poses=72, endpoint=(-4.86, -1.98), frontier=(-4.86, -1.98), endpoint_to_frontier=0.000 m, limit=0.10 m -> usable
[controller_server-11] [INFO] [1790228171.374670239] [controller_server]: Passing new path to controller.
[controller_server-11] [INFO] [1790228171.667055216] [local_costmap.local_costmap]: StaticLayer: Resizing static layer to 239 X 115 at 0.100000 m/pix
[planner_server-13] [INFO] [1790228171.993435668] [global_costmap.global_costmap]: StaticLayer: Resizing costmap to 239 X 115 at 0.100000 m/pix
[INFO] [1790228172.356919615] [mapex_explorer]: Main /plan diagnostic: poses=66, endpoint=(-4.86, -1.98), frontier=(-4.86, -1.98), endpoint_to_frontier=0.000 m, limit=0.10 m -> usable
[controller_server-11] [INFO] [1790228172.374637770] [controller_server]: Passing new path to controller.
[controller_server-11] [INFO] [1790228172.667012994] [local_costmap.local_costmap]: StaticLayer: Resizing static layer to 239 X 115 at 0.100000 m/pix
[planner_server-13] [INFO] [1790228172.993378953] [global_costmap.global_costmap]: StaticLayer: Resizing costmap to 239 X 115 at 0.100000 m/pix
[INFO] [1790228173.382095674] [mapex_explorer]: Main /plan diagnostic: poses=57, endpoint=(-4.86, -1.98), frontier=(-4.86, -1.98), endpoint_to_frontier=0.000 m, limit=0.10 m -> usable
[controller_server-11] [INFO] [1790228173.441343784] [controller_server]: Passing new path to controller.
[controller_server-11] [INFO] [1790228173.667029299] [local_costmap.local_costmap]: StaticLayer: Resizing static layer to 239 X 137 at 0.100000 m/pix
[rviz2-7] [INFO] [1790228173.680216085] [rviz2]: Trying to create a map of size 239 x 137 using 1 swatches
[planner_server-13] [INFO] [1790228173.993422868] [global_costmap.global_costmap]: StaticLayer: Resizing costmap to 239 X 137 at 0.100000 m/pix
[INFO] [1790228174.396470490] [mapex_explorer]: Main /plan diagnostic: poses=53, endpoint=(-4.86, -1.98), frontier=(-4.86, -1.98), endpoint_to_frontier=0.000 m, limit=0.10 m -> usable
[controller_server-11] [INFO] [1790228174.441297498] [controller_server]: Passing new path to controller.
[controller_server-11] [INFO] [1790228174.667059244] [local_costmap.local_costmap]: StaticLayer: Resizing static layer to 239 X 141 at 0.100000 m/pix
[rviz2-7] [INFO] [1790228174.667828726] [rviz2]: Trying to create a map of size 239 x 141 using 1 swatches
[planner_server-13] [INFO] [1790228174.993983313] [global_costmap.global_costmap]: StaticLayer: Resizing costmap to 239 X 141 at 0.100000 m/pix
[INFO] [1790228175.421974384] [mapex_explorer]: Main /plan diagnostic: poses=45, endpoint=(-4.86, -1.98), frontier=(-4.86, -1.98), endpoint_to_frontier=0.000 m, limit=0.10 m -> usable
[controller_server-11] [INFO] [1790228175.441302990] [controller_server]: Passing new path to controller.
[controller_server-11] [INFO] [1790228175.667327261] [local_costmap.local_costmap]: StaticLayer: Resizing static layer to 239 X 183 at 0.100000 m/pix
[rviz2-7] [INFO] [1790228175.683956236] [rviz2]: Trying to create a map of size 239 x 183 using 1 swatches
[planner_server-13] [INFO] [1790228175.993365037] [global_costmap.global_costmap]: StaticLayer: Resizing costmap to 239 X 183 at 0.100000 m/pix
[INFO] [1790228176.453742266] [mapex_explorer]: Main /plan diagnostic: poses=38, endpoint=(-4.86, -1.98), frontier=(-4.86, -1.98), endpoint_to_frontier=0.000 m, limit=0.10 m -> usable
[controller_server-11] [INFO] [1790228176.508075050] [controller_server]: Passing new path to controller.
[controller_server-11] [INFO] [1790228176.667048033] [local_costmap.local_costmap]: StaticLayer: Resizing static layer to 239 X 186 at 0.100000 m/pix
[rviz2-7] [INFO] [1790228176.678714735] [rviz2]: Trying to create a map of size 239 x 186 using 1 swatches
[planner_server-13] [INFO] [1790228176.993428173] [global_costmap.global_costmap]: StaticLayer: Resizing costmap to 239 X 186 at 0.100000 m/pix
[INFO] [1790228177.486786429] [mapex_explorer]: Main /plan diagnostic: poses=33, endpoint=(-4.86, -1.98), frontier=(-4.86, -1.98), endpoint_to_frontier=0.000 m, limit=0.10 m -> usable
[controller_server-11] [INFO] [1790228177.508083555] [controller_server]: Passing new path to controller.
[controller_server-11] [INFO] [1790228177.667062202] [local_costmap.local_costmap]: StaticLayer: Resizing static layer to 239 X 188 at 0.100000 m/pix
[rviz2-7] [INFO] [1790228177.671870611] [rviz2]: Trying to create a map of size 239 x 188 using 1 swatches
[planner_server-13] [INFO] [1790228177.993380497] [global_costmap.global_costmap]: StaticLayer: Resizing costmap to 239 X 188 at 0.100000 m/pix
[INFO] [1790228178.517199383] [mapex_explorer]: Main /plan diagnostic: poses=25, endpoint=(-4.86, -1.98), frontier=(-4.86, -1.98), endpoint_to_frontier=0.000 m, limit=0.10 m -> usable
[controller_server-11] [INFO] [1790228178.574635477] [controller_server]: Passing new path to controller.
[controller_server-11] [INFO] [1790228178.667229286] [local_costmap.local_costmap]: StaticLayer: Resizing static layer to 239 X 188 at 0.100000 m/pix
[planner_server-13] [INFO] [1790228178.993639419] [global_costmap.global_costmap]: StaticLayer: Resizing costmap to 239 X 188 at 0.100000 m/pix
[INFO] [1790228179.537480388] [mapex_explorer]: Main /plan diagnostic: poses=20, endpoint=(-4.86, -1.98), frontier=(-4.86, -1.98), endpoint_to_frontier=0.000 m, limit=0.10 m -> usable
[controller_server-11] [INFO] [1790228179.574647212] [controller_server]: Passing new path to controller.
[controller_server-11] [INFO] [1790228179.667166208] [local_costmap.local_costmap]: StaticLayer: Resizing static layer to 239 X 193 at 0.100000 m/pix
[rviz2-7] [INFO] [1790228179.697496819] [rviz2]: Trying to create a map of size 239 x 193 using 1 swatches
[planner_server-13] [INFO] [1790228179.993365663] [global_costmap.global_costmap]: StaticLayer: Resizing costmap to 239 X 193 at 0.100000 m/pix
[INFO] [1790228180.568492462] [mapex_explorer]: Main /plan diagnostic: poses=15, endpoint=(-4.86, -1.98), frontier=(-4.86, -1.98), endpoint_to_frontier=0.000 m, limit=0.10 m -> usable
[controller_server-11] [INFO] [1790228180.641301908] [controller_server]: Passing new path to controller.
[controller_server-11] [INFO] [1790228180.667066221] [local_costmap.local_costmap]: StaticLayer: Resizing static layer to 239 X 197 at 0.100000 m/pix
[rviz2-7] [INFO] [1790228180.692902916] [rviz2]: Trying to create a map of size 239 x 197 using 1 swatches
[planner_server-13] [INFO] [1790228180.993385179] [global_costmap.global_costmap]: StaticLayer: Resizing costmap to 239 X 197 at 0.100000 m/pix
[INFO] [1790228181.596399450] [mapex_explorer]: Main /plan diagnostic: poses=11, endpoint=(-4.86, -1.98), frontier=(-4.86, -1.98), endpoint_to_frontier=0.000 m, limit=0.10 m -> usable
[controller_server-11] [INFO] [1790228181.641304518] [controller_server]: Passing new path to controller.
[controller_server-11] [INFO] [1790228181.667053359] [local_costmap.local_costmap]: StaticLayer: Resizing static layer to 239 X 199 at 0.100000 m/pix
[rviz2-7] [INFO] [1790228181.677160085] [rviz2]: Trying to create a map of size 239 x 199 using 1 swatches
[planner_server-13] [INFO] [1790228181.993479681] [global_costmap.global_costmap]: StaticLayer: Resizing costmap to 239 X 199 at 0.100000 m/pix
[controller_server-11] [INFO] [1790228182.377776374] [controller_server]: Reached the goal!
[controller_server-11] [INFO] [1790228182.378074851] [controller_server]: Optimizer reset
[bt_navigator-16] [INFO] [1790228182.408197561] [bt_navigator]: Goal succeeded
[INFO] [1790228182.417597492] [mapex_explorer]: Goal reached
[controller_server-11] [INFO] [1790228182.667171897] [local_costmap.local_costmap]: StaticLayer: Resizing static layer to 239 X 199 at 0.100000 m/pix
[planner_server-13] [INFO] [1790228182.993449612] [global_costmap.global_costmap]: StaticLayer: Resizing costmap to 239 X 199 at 0.100000 m/pix
[INFO] [1790228189.888897738] [mapex_explorer]: MapEx decision 3: selected x=-6.97, y=-3.29, IG=61.873508, distance=2.78 m, score=22.249090, region=30, candidates=27, near_fallback=False, compute=6.83 s
[bt_navigator-16] [INFO] [1790228189.890328512] [bt_navigator]: Begin navigating from current location (-4.68, -1.72) to (-6.97, -3.29)
[controller_server-11] [INFO] [1790228189.911165172] [controller_server]: Received a goal, begin computing control effort.
[INFO] [1790228190.026479644] [mapex_explorer]: Main goal accepted
[INFO] [1790228190.100865960] [mapex_explorer]: Main /plan diagnostic: poses=63, endpoint=(-6.97, -3.29), frontier=(-6.97, -3.29), endpoint_to_frontier=0.000 m, limit=0.10 m -> usable
[INFO] [1790228190.947205606] [mapex_explorer]: Main /plan diagnostic: poses=60, endpoint=(-6.97, -3.29), frontier=(-6.97, -3.29), endpoint_to_frontier=0.000 m, limit=0.10 m -> usable
[controller_server-11] [INFO] [1790228190.977994390] [controller_server]: Passing new path to controller.
[INFO] [1790228191.958410591] [mapex_explorer]: Main /plan diagnostic: poses=57, endpoint=(-6.97, -3.29), frontier=(-6.97, -3.29), endpoint_to_frontier=0.000 m, limit=0.10 m -> usable
[controller_server-11] [INFO] [1790228191.977984544] [controller_server]: Passing new path to controller.
[INFO] [1790228192.990464943] [mapex_explorer]: Main /plan diagnostic: poses=58, endpoint=(-6.97, -3.29), frontier=(-6.97, -3.29), endpoint_to_frontier=0.000 m, limit=0.10 m -> usable
[controller_server-11] [INFO] [1790228193.044700123] [controller_server]: Passing new path to controller.
[INFO] [1790228194.020623538] [mapex_explorer]: Main /plan diagnostic: poses=50, endpoint=(-6.97, -3.29), frontier=(-6.97, -3.29), endpoint_to_frontier=0.000 m, limit=0.10 m -> usable
[controller_server-11] [INFO] [1790228194.044658175] [controller_server]: Passing new path to controller.
[INFO] [1790228195.049563377] [mapex_explorer]: Main /plan diagnostic: poses=42, endpoint=(-6.97, -3.29), frontier=(-6.97, -3.29), endpoint_to_frontier=0.000 m, limit=0.10 m -> usable
[controller_server-11] [INFO] [1790228195.111323485] [controller_server]: Passing new path to controller.
[INFO] [1790228196.059368382] [mapex_explorer]: Main /plan diagnostic: poses=34, endpoint=(-6.97, -3.29), frontier=(-6.97, -3.29), endpoint_to_frontier=0.000 m, limit=0.10 m -> usable
[controller_server-11] [INFO] [1790228196.111569469] [controller_server]: Passing new path to controller.
[INFO] [1790228197.076463962] [mapex_explorer]: Main /plan diagnostic: poses=24, endpoint=(-6.97, -3.29), frontier=(-6.97, -3.29), endpoint_to_frontier=0.000 m, limit=0.10 m -> usable
[controller_server-11] [INFO] [1790228197.111367963] [controller_server]: Passing new path to controller.
[INFO] [1790228198.097391005] [mapex_explorer]: Main /plan diagnostic: poses=17, endpoint=(-6.97, -3.29), frontier=(-6.97, -3.29), endpoint_to_frontier=0.000 m, limit=0.10 m -> usable
[controller_server-11] [INFO] [1790228198.178646912] [controller_server]: Passing new path to controller.
[INFO] [1790228199.129904865] [mapex_explorer]: Main /plan diagnostic: poses=13, endpoint=(-6.97, -3.29), frontier=(-6.97, -3.29), endpoint_to_frontier=0.000 m, limit=0.10 m -> usable
[controller_server-11] [INFO] [1790228199.178029034] [controller_server]: Passing new path to controller.
[INFO] [1790228200.137715710] [mapex_explorer]: Main /plan diagnostic: poses=7, endpoint=(-6.97, -3.29), frontier=(-6.97, -3.29), endpoint_to_frontier=0.000 m, limit=0.10 m -> usable
[controller_server-11] [INFO] [1790228200.177981573] [controller_server]: Passing new path to controller.
[controller_server-11] [INFO] [1790228200.513934109] [controller_server]: Reached the goal!
[controller_server-11] [INFO] [1790228200.514180704] [controller_server]: Optimizer reset
[bt_navigator-16] [INFO] [1790228200.540621462] [bt_navigator]: Goal succeeded
[INFO] [1790228200.543727835] [mapex_explorer]: Goal reached
[controller_server-11] [INFO] [1790228201.667748643] [local_costmap.local_costmap]: StaticLayer: Resizing static layer to 239 X 199 at 0.100000 m/pix
[planner_server-13] [INFO] [1790228201.993442977] [global_costmap.global_costmap]: StaticLayer: Resizing costmap to 239 X 199 at 0.100000 m/pix
[INFO] [1790228207.824887163] [mapex_explorer]: MapEx decision 4: selected x=-5.77, y=-3.59, IG=16.035343, distance=1.33 m, score=12.023877, region=11, candidates=28, near_fallback=False, compute=6.76 s
[bt_navigator-16] [INFO] [1790228207.828052955] [bt_navigator]: Begin navigating from current location (-6.96, -2.98) to (-5.77, -3.59)
[controller_server-11] [INFO] [1790228207.848865713] [controller_server]: Received a goal, begin computing control effort.
[INFO] [1790228207.960157360] [mapex_explorer]: Main goal accepted
[INFO] [1790228208.159098477] [mapex_explorer]: Main /plan diagnostic: poses=43, endpoint=(-5.77, -3.59), frontier=(-5.77, -3.59), endpoint_to_frontier=0.000 m, limit=0.10 m -> usable
[INFO] [1790228208.863041279] [mapex_explorer]: Main /plan diagnostic: poses=37, endpoint=(-5.77, -3.59), frontier=(-5.77, -3.59), endpoint_to_frontier=0.000 m, limit=0.10 m -> usable
[controller_server-11] [INFO] [1790228208.915695293] [controller_server]: Passing new path to controller.
[controller_server-11] [INFO] [1790228209.667100796] [local_costmap.local_costmap]: StaticLayer: Resizing static layer to 240 X 199 at 0.100000 m/pix
[rviz2-7] [INFO] [1790228209.708375492] [rviz2]: Trying to create a map of size 240 x 199 using 1 swatches
[INFO] [1790228209.897804466] [mapex_explorer]: Main /plan diagnostic: poses=29, endpoint=(-5.77, -3.59), frontier=(-5.77, -3.59), endpoint_to_frontier=0.000 m, limit=0.10 m -> usable
[controller_server-11] [INFO] [1790228209.915782441] [controller_server]: Passing new path to controller.
[planner_server-13] [INFO] [1790228209.993494491] [global_costmap.global_costmap]: StaticLayer: Resizing costmap to 240 X 199 at 0.100000 m/pix
[INFO] [1790228210.924025710] [mapex_explorer]: Main /plan diagnostic: poses=21, endpoint=(-5.77, -3.59), frontier=(-5.77, -3.59), endpoint_to_frontier=0.000 m, limit=0.10 m -> usable
[controller_server-11] [INFO] [1790228210.982361037] [controller_server]: Passing new path to controller.
[controller_server-11] [INFO] [1790228211.667034711] [local_costmap.local_costmap]: StaticLayer: Resizing static layer to 240 X 199 at 0.100000 m/pix
[INFO] [1790228211.959108174] [mapex_explorer]: Main /plan diagnostic: poses=15, endpoint=(-5.77, -3.59), frontier=(-5.77, -3.59), endpoint_to_frontier=0.000 m, limit=0.10 m -> usable
[controller_server-11] [INFO] [1790228211.982417269] [controller_server]: Passing new path to controller.
[planner_server-13] [INFO] [1790228211.993371777] [global_costmap.global_costmap]: StaticLayer: Resizing costmap to 240 X 199 at 0.100000 m/pix
[INFO] [1790228212.973208071] [mapex_explorer]: Main /plan diagnostic: poses=17, endpoint=(-5.77, -3.59), frontier=(-5.77, -3.59), endpoint_to_frontier=0.000 m, limit=0.10 m -> usable
[controller_server-11] [INFO] [1790228213.049159914] [controller_server]: Passing new path to controller.
[controller_server-11] [INFO] [1790228213.984455599] [controller_server]: Reached the goal!
[controller_server-11] [INFO] [1790228213.984676226] [controller_server]: Optimizer reset
[planner_server-13] [INFO] [1790228214.000589188] [planner_server]: Goal was canceled. Canceling planning action.
[planner_server-13] [INFO] [1790228214.000635235] [planner_server]: [compute_path_to_pose] [ActionServer] Client requested to cancel the goal. Cancelling.
[bt_navigator-16] [INFO] [1790228214.008390898] [bt_navigator]: Goal succeeded
[INFO] [1790228214.011470035] [mapex_explorer]: Goal reached
[INFO] [1790228221.283991989] [mapex_explorer]: MapEx decision 5: selected x=-8.54, y=-5.30, IG=62.441193, distance=2.90 m, score=21.544619, region=17, candidates=31, near_fallback=False, compute=7.22 s
[bt_navigator-16] [INFO] [1790228221.286753704] [bt_navigator]: Begin navigating from current location (-5.98, -3.89) to (-8.54, -5.30)
[controller_server-11] [INFO] [1790228221.297740550] [controller_server]: Received a goal, begin computing control effort.
[INFO] [1790228221.423188988] [mapex_explorer]: Main goal accepted
[INFO] [1790228221.609164683] [mapex_explorer]: Main /plan diagnostic: poses=65, endpoint=(-8.54, -5.30), frontier=(-8.54, -5.30), endpoint_to_frontier=0.000 m, limit=0.10 m -> usable
[INFO] [1790228222.316646499] [mapex_explorer]: Main /plan diagnostic: poses=60, endpoint=(-8.54, -5.30), frontier=(-8.54, -5.30), endpoint_to_frontier=0.000 m, limit=0.10 m -> usable
[controller_server-11] [INFO] [1790228222.365125560] [controller_server]: Passing new path to controller.
[INFO] [1790228223.335844280] [mapex_explorer]: Main /plan diagnostic: poses=55, endpoint=(-8.54, -5.30), frontier=(-8.54, -5.30), endpoint_to_frontier=0.000 m, limit=0.10 m -> usable
[controller_server-11] [INFO] [1790228223.364555790] [controller_server]: Passing new path to controller.
[INFO] [1790228224.365609882] [mapex_explorer]: Main /plan diagnostic: poses=49, endpoint=(-8.54, -5.30), frontier=(-8.54, -5.30), endpoint_to_frontier=0.000 m, limit=0.10 m -> usable
[controller_server-11] [INFO] [1790228224.431252834] [controller_server]: Passing new path to controller.
[INFO] [1790228225.385514113] [mapex_explorer]: Main /plan diagnostic: poses=42, endpoint=(-8.54, -5.30), frontier=(-8.54, -5.30), endpoint_to_frontier=0.000 m, limit=0.10 m -> usable
[controller_server-11] [INFO] [1790228225.431713923] [controller_server]: Passing new path to controller.
[INFO] [1790228226.414286244] [mapex_explorer]: Main /plan diagnostic: poses=36, endpoint=(-8.54, -5.30), frontier=(-8.54, -5.30), endpoint_to_frontier=0.000 m, limit=0.10 m -> usable
[controller_server-11] [INFO] [1790228226.431212703] [controller_server]: Passing new path to controller.
[INFO] [1790228227.445205770] [mapex_explorer]: Main /plan diagnostic: poses=30, endpoint=(-8.54, -5.30), frontier=(-8.54, -5.30), endpoint_to_frontier=0.000 m, limit=0.10 m -> usable
[controller_server-11] [INFO] [1790228227.498775019] [controller_server]: Passing new path to controller.
[INFO] [1790228228.479041369] [mapex_explorer]: Main /plan diagnostic: poses=23, endpoint=(-8.54, -5.30), frontier=(-8.54, -5.30), endpoint_to_frontier=0.000 m, limit=0.10 m -> usable
[controller_server-11] [INFO] [1790228228.497882777] [controller_server]: Passing new path to controller.
[controller_server-11] [INFO] [1790228228.667117899] [local_costmap.local_costmap]: StaticLayer: Resizing static layer to 240 X 199 at 0.100000 m/pix
[planner_server-13] [INFO] [1790228228.993369258] [global_costmap.global_costmap]: StaticLayer: Resizing costmap to 240 X 199 at 0.100000 m/pix
[INFO] [1790228229.494357675] [mapex_explorer]: Main /plan diagnostic: poses=21, endpoint=(-8.54, -5.30), frontier=(-8.54, -5.30), endpoint_to_frontier=0.000 m, limit=0.10 m -> usable
[controller_server-11] [INFO] [1790228229.564632560] [controller_server]: Passing new path to controller.
[controller_server-11] [INFO] [1790228229.667171532] [local_costmap.local_costmap]: StaticLayer: Resizing static layer to 240 X 200 at 0.100000 m/pix
[rviz2-7] [INFO] [1790228229.704158226] [rviz2]: Trying to create a map of size 240 x 200 using 1 swatches
[planner_server-13] [INFO] [1790228229.993441625] [global_costmap.global_costmap]: StaticLayer: Resizing costmap to 240 X 200 at 0.100000 m/pix
[INFO] [1790228230.524457857] [mapex_explorer]: Main /plan diagnostic: poses=15, endpoint=(-8.54, -5.30), frontier=(-8.54, -5.30), endpoint_to_frontier=0.000 m, limit=0.10 m -> usable
[controller_server-11] [INFO] [1790228230.564578985] [controller_server]: Passing new path to controller.
[INFO] [1790228231.537346339] [mapex_explorer]: Main /plan diagnostic: poses=12, endpoint=(-8.54, -5.30), frontier=(-8.54, -5.30), endpoint_to_frontier=0.000 m, limit=0.10 m -> usable
[controller_server-11] [INFO] [1790228231.564550648] [controller_server]: Passing new path to controller.
[controller_server-11] [INFO] [1790228231.667045688] [local_costmap.local_costmap]: StaticLayer: Resizing static layer to 241 X 200 at 0.100000 m/pix
[rviz2-7] [INFO] [1790228231.697197158] [rviz2]: Trying to create a map of size 241 x 200 using 1 swatches
[controller_server-11] [INFO] [1790228231.767078551] [controller_server]: Reached the goal!
[controller_server-11] [INFO] [1790228231.768398016] [controller_server]: Optimizer reset
[bt_navigator-16] [INFO] [1790228231.787330476] [bt_navigator]: Goal succeeded
[INFO] [1790228231.863844720] [mapex_explorer]: Goal reached
[planner_server-13] [INFO] [1790228231.993402210] [global_costmap.global_costmap]: StaticLayer: Resizing costmap to 241 X 200 at 0.100000 m/pix
[INFO] [1790228239.960294476] [mapex_explorer]: MapEx decision 6: selected x=-10.07, y=-7.22, IG=28.570112, distance=2.60 m, score=10.980584, region=38, candidates=35, near_fallback=False, compute=7.89 s
[bt_navigator-16] [INFO] [1790228239.964877016] [bt_navigator]: Begin navigating from current location (-8.20, -5.41) to (-10.07, -7.22)
[controller_server-11] [INFO] [1790228239.986350453] [controller_server]: Received a goal, begin computing control effort.
[INFO] [1790228240.103952681] [mapex_explorer]: Main goal accepted
[INFO] [1790228240.168028386] [mapex_explorer]: Main /plan diagnostic: poses=60, endpoint=(-10.07, -7.22), frontier=(-10.07, -7.22), endpoint_to_frontier=0.000 m, limit=0.10 m -> usable
[INFO] [1790228241.001943502] [mapex_explorer]: Main /plan diagnostic: poses=58, endpoint=(-10.07, -7.22), frontier=(-10.07, -7.22), endpoint_to_frontier=0.000 m, limit=0.10 m -> usable
[controller_server-11] [INFO] [1790228241.053168810] [controller_server]: Passing new path to controller.
[INFO] [1790228242.027827865] [mapex_explorer]: Main /plan diagnostic: poses=58, endpoint=(-10.07, -7.22), frontier=(-10.07, -7.22), endpoint_to_frontier=0.000 m, limit=0.10 m -> usable
[controller_server-11] [INFO] [1790228242.053174666] [controller_server]: Passing new path to controller.
[INFO] [1790228243.053145700] [mapex_explorer]: Main /plan diagnostic: poses=55, endpoint=(-10.07, -7.22), frontier=(-10.07, -7.22), endpoint_to_frontier=0.000 m, limit=0.10 m -> usable
[controller_server-11] [INFO] [1790228243.119842514] [controller_server]: Passing new path to controller.
[INFO] [1790228244.073992865] [mapex_explorer]: Main /plan diagnostic: poses=48, endpoint=(-10.07, -7.22), frontier=(-10.07, -7.22), endpoint_to_frontier=0.000 m, limit=0.10 m -> usable
[controller_server-11] [INFO] [1790228244.119862537] [controller_server]: Passing new path to controller.
[INFO] [1790228245.095336059] [mapex_explorer]: Main /plan diagnostic: poses=40, endpoint=(-10.07, -7.22), frontier=(-10.07, -7.22), endpoint_to_frontier=0.000 m, limit=0.10 m -> usable
[controller_server-11] [INFO] [1790228245.119945444] [controller_server]: Passing new path to controller.
[INFO] [1790228246.123006343] [mapex_explorer]: Main /plan diagnostic: poses=32, endpoint=(-10.07, -7.22), frontier=(-10.07, -7.22), endpoint_to_frontier=0.000 m, limit=0.10 m -> usable
[controller_server-11] [INFO] [1790228246.186512598] [controller_server]: Passing new path to controller.
[INFO] [1790228247.141611161] [mapex_explorer]: Main /plan diagnostic: poses=22, endpoint=(-10.07, -7.22), frontier=(-10.07, -7.22), endpoint_to_frontier=0.000 m, limit=0.10 m -> usable
[controller_server-11] [INFO] [1790228247.186821732] [controller_server]: Passing new path to controller.
[INFO] [1790228248.174485944] [mapex_explorer]: Main /plan diagnostic: poses=15, endpoint=(-10.07, -7.22), frontier=(-10.07, -7.22), endpoint_to_frontier=0.000 m, limit=0.10 m -> usable
[controller_server-11] [INFO] [1790228248.186502161] [controller_server]: Passing new path to controller.
[INFO] [1790228249.200036726] [mapex_explorer]: Main /plan diagnostic: poses=9, endpoint=(-10.07, -7.22), frontier=(-10.07, -7.22), endpoint_to_frontier=0.000 m, limit=0.10 m -> usable
[controller_server-11] [INFO] [1790228249.253172640] [controller_server]: Passing new path to controller.
[controller_server-11] [INFO] [1790228250.055970276] [controller_server]: Reached the goal!
[controller_server-11] [INFO] [1790228250.056867203] [controller_server]: Optimizer reset
[bt_navigator-16] [INFO] [1790228250.085478667] [bt_navigator]: Goal succeeded
[INFO] [1790228250.090022236] [mapex_explorer]: Goal reached
[INFO] [1790228258.037466703] [mapex_explorer]: MapEx decision 7: selected x=-7.27, y=-8.82, IG=32.310364, distance=2.93 m, score=11.024123, region=54, candidates=32, near_fallback=False, compute=6.98 s
[bt_navigator-16] [INFO] [1790228258.039585846] [bt_navigator]: Begin navigating from current location (-9.72, -7.21) to (-7.27, -8.82)
[controller_server-11] [INFO] [1790228258.060715909] [controller_server]: Received a goal, begin computing control effort.
[INFO] [1790228258.175712569] [mapex_explorer]: Main goal accepted
[INFO] [1790228258.362659208] [mapex_explorer]: Main /plan diagnostic: poses=152, endpoint=(-7.27, -8.82), frontier=(-7.27, -8.82), endpoint_to_frontier=0.000 m, limit=0.10 m -> usable
[INFO] [1790228259.082109045] [mapex_explorer]: Main /plan diagnostic: poses=148, endpoint=(-7.27, -8.82), frontier=(-7.27, -8.82), endpoint_to_frontier=0.000 m, limit=0.10 m -> usable
[controller_server-11] [INFO] [1790228259.127557173] [controller_server]: Passing new path to controller.
[INFO] [1790228260.090473030] [mapex_explorer]: Main /plan diagnostic: poses=141, endpoint=(-7.27, -8.82), frontier=(-7.27, -8.82), endpoint_to_frontier=0.000 m, limit=0.10 m -> usable
[controller_server-11] [INFO] [1790228260.127535345] [controller_server]: Passing new path to controller.
[INFO] [1790228261.113214844] [mapex_explorer]: Main /plan diagnostic: poses=136, endpoint=(-7.27, -8.82), frontier=(-7.27, -8.82), endpoint_to_frontier=0.000 m, limit=0.10 m -> usable
[controller_server-11] [INFO] [1790228261.127941768] [controller_server]: Passing new path to controller.
[INFO] [1790228262.141701199] [mapex_explorer]: Main /plan diagnostic: poses=132, endpoint=(-7.27, -8.82), frontier=(-7.27, -8.82), endpoint_to_frontier=0.000 m, limit=0.10 m -> usable
[controller_server-11] [INFO] [1790228262.194914300] [controller_server]: Passing new path to controller.
[INFO] [1790228263.167970267] [mapex_explorer]: Main /plan diagnostic: poses=132, endpoint=(-7.27, -8.82), frontier=(-7.27, -8.82), endpoint_to_frontier=0.000 m, limit=0.10 m -> usable
[controller_server-11] [INFO] [1790228263.194217223] [controller_server]: Passing new path to controller.
[INFO] [1790228264.184062445] [mapex_explorer]: Main /plan diagnostic: poses=128, endpoint=(-7.27, -8.82), frontier=(-7.27, -8.82), endpoint_to_frontier=0.000 m, limit=0.10 m -> usable
[controller_server-11] [INFO] [1790228264.194203834] [controller_server]: Passing new path to controller.
[INFO] [1790228265.212572271] [mapex_explorer]: Main /plan diagnostic: poses=120, endpoint=(-7.27, -8.82), frontier=(-7.27, -8.82), endpoint_to_frontier=0.000 m, limit=0.10 m -> usable
[controller_server-11] [INFO] [1790228265.260885336] [controller_server]: Passing new path to controller.
[INFO] [1790228266.234342961] [mapex_explorer]: Main /plan diagnostic: poses=111, endpoint=(-7.27, -8.82), frontier=(-7.27, -8.82), endpoint_to_frontier=0.000 m, limit=0.10 m -> usable
[controller_server-11] [INFO] [1790228266.260866209] [controller_server]: Passing new path to controller.
[INFO] [1790228267.259464763] [mapex_explorer]: Main /plan diagnostic: poses=100, endpoint=(-7.27, -8.82), frontier=(-7.27, -8.82), endpoint_to_frontier=0.000 m, limit=0.10 m -> usable
[controller_server-11] [INFO] [1790228267.327534738] [controller_server]: Passing new path to controller.
[INFO] [1790228268.284085611] [mapex_explorer]: Main /plan diagnostic: poses=91, endpoint=(-7.27, -8.82), frontier=(-7.27, -8.82), endpoint_to_frontier=0.000 m, limit=0.10 m -> usable
[controller_server-11] [INFO] [1790228268.327534403] [controller_server]: Passing new path to controller.
[INFO] [1790228269.309326023] [mapex_explorer]: Main /plan diagnostic: poses=82, endpoint=(-7.27, -8.82), frontier=(-7.27, -8.82), endpoint_to_frontier=0.000 m, limit=0.10 m -> usable
[controller_server-11] [INFO] [1790228269.327811079] [controller_server]: Passing new path to controller.
[INFO] [1790228270.343434109] [mapex_explorer]: Main /plan diagnostic: poses=72, endpoint=(-7.27, -8.82), frontier=(-7.27, -8.82), endpoint_to_frontier=0.000 m, limit=0.10 m -> usable
[controller_server-11] [INFO] [1790228270.394627599] [controller_server]: Passing new path to controller.
[INFO] [1790228271.351155161] [mapex_explorer]: Main /plan diagnostic: poses=64, endpoint=(-7.27, -8.82), frontier=(-7.27, -8.82), endpoint_to_frontier=0.000 m, limit=0.10 m -> usable
[controller_server-11] [INFO] [1790228271.394211056] [controller_server]: Passing new path to controller.
[INFO] [1790228272.379785563] [mapex_explorer]: Main /plan diagnostic: poses=57, endpoint=(-7.27, -8.82), frontier=(-7.27, -8.82), endpoint_to_frontier=0.000 m, limit=0.10 m -> usable
[controller_server-11] [INFO] [1790228272.394201695] [controller_server]: Passing new path to controller.
[INFO] [1790228273.397612301] [mapex_explorer]: Main /plan diagnostic: poses=47, endpoint=(-7.27, -8.82), frontier=(-7.27, -8.82), endpoint_to_frontier=0.000 m, limit=0.10 m -> usable
[controller_server-11] [INFO] [1790228273.461012833] [controller_server]: Passing new path to controller.
[INFO] [1790228274.417203176] [mapex_explorer]: Main /plan diagnostic: poses=39, endpoint=(-7.27, -8.82), frontier=(-7.27, -8.82), endpoint_to_frontier=0.000 m, limit=0.10 m -> usable
[controller_server-11] [INFO] [1790228274.461534673] [controller_server]: Passing new path to controller.
[INFO] [1790228275.438513910] [mapex_explorer]: Main /plan diagnostic: poses=30, endpoint=(-7.27, -8.82), frontier=(-7.27, -8.82), endpoint_to_frontier=0.000 m, limit=0.10 m -> usable
[controller_server-11] [INFO] [1790228275.460906199] [controller_server]: Passing new path to controller.
[INFO] [1790228276.456990592] [mapex_explorer]: Main /plan diagnostic: poses=21, endpoint=(-7.27, -8.82), frontier=(-7.27, -8.82), endpoint_to_frontier=0.000 m, limit=0.10 m -> usable
[controller_server-11] [INFO] [1790228276.527546173] [controller_server]: Passing new path to controller.
[INFO] [1790228277.481095245] [mapex_explorer]: Main /plan diagnostic: poses=13, endpoint=(-7.27, -8.82), frontier=(-7.27, -8.82), endpoint_to_frontier=0.000 m, limit=0.10 m -> usable
[controller_server-11] [INFO] [1790228277.528911627] [controller_server]: Passing new path to controller.
[INFO] [1790228278.513630680] [mapex_explorer]: Main /plan diagnostic: poses=10, endpoint=(-7.27, -8.82), frontier=(-7.27, -8.82), endpoint_to_frontier=0.000 m, limit=0.10 m -> usable
[controller_server-11] [INFO] [1790228278.527543690] [controller_server]: Passing new path to controller.
[controller_server-11] [INFO] [1790228279.198045208] [controller_server]: Reached the goal!
[controller_server-11] [INFO] [1790228279.198310273] [controller_server]: Optimizer reset
[bt_navigator-16] [INFO] [1790228279.219997992] [bt_navigator]: Goal succeeded
[INFO] [1790228279.224857212] [mapex_explorer]: Goal reached
[INFO] [1790228286.820709839] [mapex_explorer]: MapEx decision 8: selected x=4.93, y=-4.22, IG=112.622101, distance=12.74 m, score=8.842390, region=478, candidates=29, near_fallback=False, compute=6.76 s
[bt_navigator-16] [INFO] [1790228286.823222283] [bt_navigator]: Begin navigating from current location (-7.03, -8.60) to (4.93, -4.22)
[controller_server-11] [INFO] [1790228286.844419381] [controller_server]: Received a goal, begin computing control effort.
[INFO] [1790228286.955037865] [mapex_explorer]: Main goal accepted
[INFO] [1790228287.042301029] [mapex_explorer]: Main /plan diagnostic: poses=280, endpoint=(4.93, -4.22), frontier=(4.93, -4.22), endpoint_to_frontier=0.000 m, limit=0.10 m -> usable
[INFO] [1790228287.873055249] [mapex_explorer]: Main /plan diagnostic: poses=277, endpoint=(4.93, -4.22), frontier=(4.93, -4.22), endpoint_to_frontier=0.000 m, limit=0.10 m -> usable
[controller_server-11] [INFO] [1790228287.911673024] [controller_server]: Passing new path to controller.
[INFO] [1790228288.905439717] [mapex_explorer]: Main /plan diagnostic: poses=270, endpoint=(4.93, -4.22), frontier=(4.93, -4.22), endpoint_to_frontier=0.000 m, limit=0.10 m -> usable
[controller_server-11] [INFO] [1790228288.911364505] [controller_server]: Passing new path to controller.
[INFO] [1790228289.924310225] [mapex_explorer]: Main /plan diagnostic: poses=266, endpoint=(4.93, -4.22), frontier=(4.93, -4.22), endpoint_to_frontier=0.000 m, limit=0.10 m -> usable
[controller_server-11] [INFO] [1790228289.977959879] [controller_server]: Passing new path to controller.
[INFO] [1790228290.939971014] [mapex_explorer]: Main /plan diagnostic: poses=260, endpoint=(4.93, -4.22), frontier=(4.93, -4.22), endpoint_to_frontier=0.000 m, limit=0.10 m -> usable
[controller_server-11] [INFO] [1790228290.978582478] [controller_server]: Passing new path to controller.
[INFO] [1790228291.972439225] [mapex_explorer]: Main /plan diagnostic: poses=253, endpoint=(4.93, -4.22), frontier=(4.93, -4.22), endpoint_to_frontier=0.000 m, limit=0.10 m -> usable
[controller_server-11] [INFO] [1790228291.977963354] [controller_server]: Passing new path to controller.
[INFO] [1790228292.987043289] [mapex_explorer]: Main /plan diagnostic: poses=254, endpoint=(4.93, -4.22), frontier=(4.93, -4.22), endpoint_to_frontier=0.000 m, limit=0.10 m -> usable
[controller_server-11] [INFO] [1790228293.044616789] [controller_server]: Passing new path to controller.
[INFO] [1790228294.010547445] [mapex_explorer]: Main /plan diagnostic: poses=251, endpoint=(4.93, -4.22), frontier=(4.93, -4.22), endpoint_to_frontier=0.000 m, limit=0.10 m -> usable
[controller_server-11] [INFO] [1790228294.044766056] [controller_server]: Passing new path to controller.
[INFO] [1790228295.023667955] [mapex_explorer]: Main /plan diagnostic: poses=243, endpoint=(4.93, -4.22), frontier=(4.93, -4.22), endpoint_to_frontier=0.000 m, limit=0.10 m -> usable
[controller_server-11] [INFO] [1790228295.044625426] [controller_server]: Passing new path to controller.
[INFO] [1790228296.051268303] [mapex_explorer]: Main /plan diagnostic: poses=232, endpoint=(4.93, -4.22), frontier=(4.93, -4.22), endpoint_to_frontier=0.000 m, limit=0.10 m -> usable
[controller_server-11] [INFO] [1790228296.111297727] [controller_server]: Passing new path to controller.
[INFO] [1790228297.093810258] [mapex_explorer]: Main /plan diagnostic: poses=223, endpoint=(4.93, -4.22), frontier=(4.93, -4.22), endpoint_to_frontier=0.000 m, limit=0.10 m -> usable
[controller_server-11] [INFO] [1790228297.111361241] [controller_server]: Passing new path to controller.
[INFO] [1790228298.111989279] [mapex_explorer]: Main /plan diagnostic: poses=215, endpoint=(4.93, -4.22), frontier=(4.93, -4.22), endpoint_to_frontier=0.000 m, limit=0.10 m -> usable
[controller_server-11] [INFO] [1790228298.177958090] [controller_server]: Passing new path to controller.
[INFO] [1790228299.148731983] [mapex_explorer]: Main /plan diagnostic: poses=207, endpoint=(4.93, -4.22), frontier=(4.93, -4.22), endpoint_to_frontier=0.000 m, limit=0.10 m -> usable
[controller_server-11] [INFO] [1790228299.177960100] [controller_server]: Passing new path to controller.
[INFO] [1790228300.170722098] [mapex_explorer]: Main /plan diagnostic: poses=197, endpoint=(4.93, -4.22), frontier=(4.93, -4.22), endpoint_to_frontier=0.000 m, limit=0.10 m -> usable
[controller_server-11] [INFO] [1790228300.177999586] [controller_server]: Passing new path to controller.
[INFO] [1790228301.193938059] [mapex_explorer]: Main /plan diagnostic: poses=189, endpoint=(4.93, -4.22), frontier=(4.93, -4.22), endpoint_to_frontier=0.000 m, limit=0.10 m -> usable
[controller_server-11] [INFO] [1790228301.244825022] [controller_server]: Passing new path to controller.
[INFO] [1790228302.205738947] [mapex_explorer]: Main /plan diagnostic: poses=179, endpoint=(4.93, -4.22), frontier=(4.93, -4.22), endpoint_to_frontier=0.000 m, limit=0.10 m -> usable
[controller_server-11] [INFO] [1790228302.244624570] [controller_server]: Passing new path to controller.
[INFO] [1790228303.239371197] [mapex_explorer]: Main /plan diagnostic: poses=171, endpoint=(4.93, -4.22), frontier=(4.93, -4.22), endpoint_to_frontier=0.000 m, limit=0.10 m -> usable
[controller_server-11] [INFO] [1790228303.244620516] [controller_server]: Passing new path to controller.
[INFO] [1790228304.265274281] [mapex_explorer]: Main /plan diagnostic: poses=161, endpoint=(4.93, -4.22), frontier=(4.93, -4.22), endpoint_to_frontier=0.000 m, limit=0.10 m -> usable
[controller_server-11] [INFO] [1790228304.311296011] [controller_server]: Passing new path to controller.
[INFO] [1790228305.303667766] [mapex_explorer]: Main /plan diagnostic: poses=151, endpoint=(4.93, -4.22), frontier=(4.93, -4.22), endpoint_to_frontier=0.000 m, limit=0.10 m -> usable
[controller_server-11] [INFO] [1790228305.311293575] [controller_server]: Passing new path to controller.
[INFO] [1790228306.321957531] [mapex_explorer]: Main /plan diagnostic: poses=141, endpoint=(4.93, -4.22), frontier=(4.93, -4.22), endpoint_to_frontier=0.000 m, limit=0.10 m -> usable
[controller_server-11] [INFO] [1790228306.377971347] [controller_server]: Passing new path to controller.
[INFO] [1790228307.337164009] [mapex_explorer]: Main /plan diagnostic: poses=132, endpoint=(4.93, -4.22), frontier=(4.93, -4.22), endpoint_to_frontier=0.000 m, limit=0.10 m -> usable
[controller_server-11] [INFO] [1790228307.377974299] [controller_server]: Passing new path to controller.
[INFO] [1790228308.367808487] [mapex_explorer]: Main /plan diagnostic: poses=121, endpoint=(4.93, -4.22), frontier=(4.93, -4.22), endpoint_to_frontier=0.000 m, limit=0.10 m -> usable
[controller_server-11] [INFO] [1790228308.377955363] [controller_server]: Passing new path to controller.
[INFO] [1790228309.392909390] [mapex_explorer]: Main /plan diagnostic: poses=111, endpoint=(4.93, -4.22), frontier=(4.93, -4.22), endpoint_to_frontier=0.000 m, limit=0.10 m -> usable
[controller_server-11] [INFO] [1790228309.444634423] [controller_server]: Passing new path to controller.
[INFO] [1790228310.422101102] [mapex_explorer]: Main /plan diagnostic: poses=101, endpoint=(4.93, -4.22), frontier=(4.93, -4.22), endpoint_to_frontier=0.000 m, limit=0.10 m -> usable
[controller_server-11] [INFO] [1790228310.444620434] [controller_server]: Passing new path to controller.
[controller_server-11] [INFO] [1790228310.667026596] [local_costmap.local_costmap]: StaticLayer: Resizing static layer to 243 X 200 at 0.100000 m/pix
[rviz2-7] [INFO] [1790228310.697259586] [rviz2]: Trying to create a map of size 243 x 200 using 1 swatches
[planner_server-13] [INFO] [1790228310.993434880] [global_costmap.global_costmap]: StaticLayer: Resizing costmap to 243 X 200 at 0.100000 m/pix
[INFO] [1790228311.452957140] [mapex_explorer]: Main /plan diagnostic: poses=91, endpoint=(4.93, -4.22), frontier=(4.93, -4.22), endpoint_to_frontier=0.000 m, limit=0.10 m -> usable
[controller_server-11] [INFO] [1790228311.511283913] [controller_server]: Passing new path to controller.
[controller_server-11] [INFO] [1790228311.667038558] [local_costmap.local_costmap]: StaticLayer: Resizing static layer to 252 X 200 at 0.100000 m/pix
[rviz2-7] [INFO] [1790228311.711073773] [rviz2]: Trying to create a map of size 252 x 200 using 1 swatches
[planner_server-13] [INFO] [1790228311.993571903] [global_costmap.global_costmap]: StaticLayer: Resizing costmap to 252 X 200 at 0.100000 m/pix
[INFO] [1790228312.467019011] [mapex_explorer]: Main /plan diagnostic: poses=82, endpoint=(4.93, -4.22), frontier=(4.93, -4.22),[controller_server-11] [INFO] [1790228312.511299507] [controller_server]: Passing new path to controller.
 endpoint_to_frontier=0.000 m, limit=0.10 m -> usable
[controller_server-11] [INFO] [1790228312.667061886] [local_costmap.local_costmap]: StaticLayer: Resizing static layer to 258 X 200 at 0.100000 m/pix
[rviz2-7] [INFO] [1790228312.710366842] [rviz2]: Trying to create a map of size 258 x 200 using 1 swatches
[planner_server-13] [INFO] [1790228312.993380234] [global_costmap.global_costmap]: StaticLayer: Resizing costmap to 258 X 200 at 0.100000 m/pix
[planner_server-13] [INFO] [1790228314.733786293] [global_costmap.global_costmap]: StaticLayer: Resizing costmap to 258 X 200 at 0.100000 m/pix
[planner_server-13] [WARN] [1790228314.733878268] [planner_server]: Planner loop missed its desired rate of 1.0000 Hz. Current loop rate is 0.8467 Hz
[controller_server-11] [INFO] [1790228314.735074430] [local_costmap.local_costmap]: StaticLayer: Resizing static layer to 258 X 200 at 0.100000 m/pix
[controller_server-11] [WARN] [1790228314.735102193] [controller_server]: Control loop missed its desired rate of 15.0000 Hz. Current loop rate is 0.5227 Hz.
[controller_server-11] [INFO] [1790228314.802057357] [controller_server]: Passing new path to controller.
[INFO] [1790228314.962384788] [mapex_explorer]: Main /plan diagnostic: poses=72, endpoint=(4.93, -4.22), frontier=(4.93, -4.22), endpoint_to_frontier=0.000 m, limit=0.10 m -> usable
[INFO] [1790228315.763681929] [mapex_explorer]: Main /plan diagnostic: poses=61, endpoint=(4.93, -4.22), frontier=(4.93, -4.22), endpoint_to_frontier=0.000 m, limit=0.10 m -> usable
[controller_server-11] [INFO] [1790228315.802057841] [controller_server]: Passing new path to controller.
[INFO] [1790228316.796390453] [mapex_explorer]: Main /plan diagnostic: poses=51, endpoint=(4.93, -4.22), frontier=(4.93, -4.22), endpoint_to_frontier=0.000 m, limit=0.10 m -> usable
[controller_server-11] [INFO] [1790228316.802053855] [controller_server]: Passing new path to controller.
[controller_server-11] [INFO] [1790228317.747539889] [local_costmap.local_costmap]: StaticLayer: Resizing static layer to 258 X 200 at 0.100000 m/pix
[INFO] [1790228317.816759812] [mapex_explorer]: Main /plan diagnostic: poses=41, endpoint=(4.93, -4.22), frontier=(4.93, -4.22), endpoint_to_frontier=0.000 m, limit=0.10 m -> usable
[controller_server-11] [INFO] [1790228317.868741785] [controller_server]: Passing new path to controller.
[planner_server-13] [INFO] [1790228317.993379792] [global_costmap.global_costmap]: StaticLayer: Resizing costmap to 258 X 200 at 0.100000 m/pix
[INFO] [1790228318.832341574] [mapex_explorer]: Main /plan diagnostic: poses=30, endpoint=(4.93, -4.22), frontier=(4.93, -4.22), endpoint_to_frontier=0.000 m, limit=0.10 m -> usable
[controller_server-11] [INFO] [1790228318.868737001] [controller_server]: Passing new path to controller.
[INFO] [1790228319.871450185] [mapex_explorer]: Main /plan diagnostic: poses=21, endpoint=(4.93, -4.22), frontier=(4.93, -4.22), endpoint_to_frontier=0.000 m, limit=0.10 m -> usable
[controller_server-11] [INFO] [1790228319.935393133] [controller_server]: Passing new path to controller.
[INFO] [1790228320.878245526] [mapex_explorer]: Main /plan diagnostic: poses=14, endpoint=(4.93, -4.22), frontier=(4.93, -4.22), endpoint_to_frontier=0.000 m, limit=0.10 m -> usable
[controller_server-11] [INFO] [1790228320.935386564] [controller_server]: Passing new path to controller.
[INFO] [1790228321.914038005] [mapex_explorer]: Main /plan diagnostic: poses=9, endpoint=(4.93, -4.22), frontier=(4.93, -4.22), endpoint_to_frontier=0.000 m, limit=0.10 m -> usable
[controller_server-11] [INFO] [1790228321.935388022] [controller_server]: Passing new path to controller.
[controller_server-11] [INFO] [1790228322.137184590] [controller_server]: Reached the goal!
[controller_server-11] [INFO] [1790228322.137480969] [controller_server]: Optimizer reset
[bt_navigator-16] [INFO] [1790228322.163664954] [bt_navigator]: Goal succeeded
[INFO] [1790228322.166696093] [mapex_explorer]: Goal reached
[INFO] [1790228329.182837384] [mapex_explorer]: MapEx decision 9: selected x=6.33, y=-0.15, IG=56.936321, distance=4.63 m, score=12.285838, region=25, candidates=38, near_fallback=False, compute=6.12 s
[bt_navigator-16] [INFO] [1790228329.184022116] [bt_navigator]: Begin navigating from current location (4.72, -4.49) to (6.33, -0.15)
[controller_server-11] [INFO] [1790228329.186841429] [controller_server]: Received a goal, begin computing control effort.
[INFO] [1790228329.297166436] [mapex_explorer]: Main goal accepted
[INFO] [1790228329.465342656] [mapex_explorer]: Main /plan diagnostic: poses=102, endpoint=(6.33, -0.15), frontier=(6.33, -0.15), endpoint_to_frontier=0.000 m, limit=0.10 m -> usable
[INFO] [1790228330.203407794] [mapex_explorer]: Main /plan diagnostic: poses=96, endpoint=(6.33, -0.15), frontier=(6.33, -0.15), endpoint_to_frontier=0.000 m, limit=0.10 m -> usable
[controller_server-11] [INFO] [1790228330.253719042] [controller_server]: Passing new path to controller.
[INFO] [1790228331.233437615] [mapex_explorer]: Main /plan diagnostic: poses=86, endpoint=(6.33, -0.15), frontier=(6.33, -0.15), endpoint_to_frontier=0.000 m, limit=0.10 m -> usable
[controller_server-11] [INFO] [1790228331.253710659] [controller_server]: Passing new path to controller.
[rviz2-7] [INFO] [1790228331.701704260] [rviz2]: Trying to create a map of size 260 x 200 using 1 swatches
[controller_server-11] [INFO] [1790228331.809717264] [local_costmap.local_costmap]: StaticLayer: Resizing static layer to 260 X 200 at 0.100000 m/pix
[planner_server-13] [INFO] [1790228331.993402525] [global_costmap.global_costmap]: StaticLayer: Resizing costmap to 260 X 200 at 0.100000 m/pix
[INFO] [1790228332.262378214] [mapex_explorer]: Main /plan diagnostic: poses=78, endpoint=(6.33, -0.15), frontier=(6.33, -0.15), endpoint_to_frontier=0.000 m, limit=0.10 m -> usable
[controller_server-11] [INFO] [1790228332.320372963] [controller_server]: Passing new path to controller.
[INFO] [1790228333.282124224] [mapex_explorer]: Main /plan diagnostic: poses=65, endpoint=(6.33, -0.15), frontier=(6.33, -0.15), endpoint_to_frontier=0.000 m, limit=0.10 m -> usable
[controller_server-11] [INFO] [1790228333.320379804] [controller_server]: Passing new path to controller.
[INFO] [1790228334.315145884] [mapex_explorer]: Main /plan diagnostic: poses=58, endpoint=(6.33, -0.15), frontier=(6.33, -0.15), endpoint_to_frontier=0.000 m, limit=0.10 m -> usable
[controller_server-11] [INFO] [1790228334.320383116] [controller_server]: Passing new path to controller.
[INFO] [1790228335.320759780] [mapex_explorer]: Main /plan diagnostic: poses=49, endpoint=(6.33, -0.15), frontier=(6.33, -0.15), endpoint_to_frontier=0.000 m, limit=0.10 m -> usable
[controller_server-11] [INFO] [1790228335.387044257] [controller_server]: Passing new path to controller.
[INFO] [1790228336.350017228] [mapex_explorer]: Main /plan diagnostic: poses=37, endpoint=(6.33, -0.15), frontier=(6.33, -0.15), endpoint_to_frontier=0.000 m, limit=0.10 m -> usable
[controller_server-11] [INFO] [1790228336.387040146] [controller_server]: Passing new path to controller.
[INFO] [1790228337.373469547] [mapex_explorer]: Main /plan diagnostic: poses=30, endpoint=(6.33, -0.15), frontier=(6.33, -0.15), endpoint_to_frontier=0.000 m, limit=0.10 m -> usable
[controller_server-11] [INFO] [1790228337.387725169] [controller_server]: Passing new path to controller.
[INFO] [1790228338.400623285] [mapex_explorer]: Main /plan diagnostic: poses=20, endpoint=(6.33, -0.15), frontier=(6.33, -0.15), endpoint_to_frontier=0.000 m, limit=0.10 m -> usable
[controller_server-11] [INFO] [1790228338.453718021] [controller_server]: Passing new path to controller.
[INFO] [1790228339.430919031] [mapex_explorer]: Main /plan diagnostic: poses=19, endpoint=(6.33, -0.15), frontier=(6.33, -0.15), endpoint_to_frontier=0.000 m, limit=0.10 m -> usable
[controller_server-11] [INFO] [1790228339.453709560] [controller_server]: Passing new path to controller.
[INFO] [1790228340.448851137] [mapex_explorer]: Main /plan diagnostic: poses=12, endpoint=(6.33, -0.15), frontier=(6.33, -0.15), endpoint_to_frontier=0.000 m, limit=0.10 m -> usable
[controller_server-11] [INFO] [1790228340.520394155] [controller_server]: Passing new path to controller.
[INFO] [1790228341.471181706] [mapex_explorer]: Main /plan diagnostic: poses=9, endpoint=(6.33, -0.15), frontier=(6.33, -0.15), endpoint_to_frontier=0.000 m, limit=0.10 m -> usable
[controller_server-11] [INFO] [1790228341.520364360] [controller_server]: Passing new path to controller.
[controller_server-11] [INFO] [1790228341.656472308] [controller_server]: Reached the goal!
[controller_server-11] [INFO] [1790228341.656763295] [controller_server]: Optimizer reset
[bt_navigator-16] [INFO] [1790228341.684399351] [bt_navigator]: Goal succeeded
[INFO] [1790228341.724205434] [mapex_explorer]: Goal reached
[INFO] [1790228347.943434601] [mapex_explorer]: MapEx decision 10: selected x=8.53, y=0.75, IG=34.493782, distance=2.19 m, score=15.747745, region=11, candidates=35, near_fallback=False, compute=5.88 s
[bt_navigator-16] [INFO] [1790228347.946039455] [bt_navigator]: Begin navigating from current location (6.64, -0.35) to (8.53, 0.75)
[controller_server-11] [INFO] [1790228347.966825349] [controller_server]: Received a goal, begin computing control effort.
[INFO] [1790228348.067061305] [mapex_explorer]: Main goal accepted
[INFO] [1790228348.145506896] [mapex_explorer]: Main /plan diagnostic: poses=61, endpoint=(8.53, 0.75), frontier=(8.53, 0.75), endpoint_to_frontier=0.000 m, limit=0.10 m -> usable
[INFO] [1790228348.979734001] [mapex_explorer]: Main /plan diagnostic: poses=61, endpoint=(8.53, 0.75), frontier=(8.53, 0.75), endpoint_to_frontier=0.000 m, limit=0.10 m -> usable
[controller_server-11] [INFO] [1790228349.033779824] [controller_server]: Passing new path to controller.
[INFO] [1790228349.993550434] [mapex_explorer]: Main /plan diagnostic: poses=62, endpoint=(8.53, 0.75), frontier=(8.53, 0.75), endpoint_to_frontier=0.000 m, limit=0.10 m -> usable
[controller_server-11] [INFO] [1790228350.033634866] [controller_server]: Passing new path to controller.
[INFO] [1790228351.022583670] [mapex_explorer]: Main /plan diagnostic: poses=52, endpoint=(8.53, 0.75), frontier=(8.53, 0.75), endpoint_to_frontier=0.000 m, limit=0.10 m -> usable
[controller_server-11] [INFO] [1790228351.100290429] [controller_server]: Passing new path to controller.
[INFO] [1790228352.051768729] [mapex_explorer]: Main /plan diagnostic: poses=42, endpoint=(8.53, 0.75), frontier=(8.53, 0.75), endpoint_to_frontier=0.000 m, limit=0.10 m -> usable
[controller_server-11] [INFO] [1790228352.100289992] [controller_server]: Passing new path to controller.
[INFO] [1790228353.074397933] [mapex_explorer]: Main /plan diagnostic: poses=34, endpoint=(8.53, 0.75), frontier=(8.53, 0.75), endpoint_to_frontier=0.000 m, limit=0.10 m -> usable
[controller_server-11] [INFO] [1790228353.100287828] [controller_server]: Passing new path to controller.
[INFO] [1790228354.104623083] [mapex_explorer]: Main /plan diagnostic: poses=29, endpoint=(8.53, 0.75), frontier=(8.53, 0.75), endpoint_to_frontier=0.000 m, limit=0.10 m -> usable
[controller_server-11] [INFO] [1790228354.167006871] [controller_server]: Passing new path to controller.
[INFO] [1790228355.116292716] [mapex_explorer]: Main /plan diagnostic: poses=17, endpoint=(8.53, 0.75), frontier=(8.53, 0.75), endpoint_to_frontier=0.000 m, limit=0.10 m -> usable
[controller_server-11] [INFO] [1790228355.167331153] [controller_server]: Passing new path to controller.
[INFO] [1790228356.131818026] [mapex_explorer]: Main /plan diagnostic: poses=13, endpoint=(8.53, 0.75), frontier=(8.53, 0.75), endpoint_to_frontier=0.000 m, limit=0.10 m -> usable
[controller_server-11] [INFO] [1790228356.167003228] [controller_server]: Passing new path to controller.
[INFO] [1790228357.166138314] [mapex_explorer]: Main /plan diagnostic: poses=9, endpoint=(8.53, 0.75), frontier=(8.53, 0.75), endpoint_to_frontier=0.000 m, limit=0.10 m -> usable
[controller_server-11] [INFO] [1790228357.233628676] [controller_server]: Passing new path to controller.
[controller_server-11] [INFO] [1790228357.435891250] [controller_server]: Reached the goal!
[controller_server-11] [INFO] [1790228357.436284299] [controller_server]: Optimizer reset
[bt_navigator-16] [INFO] [1790228357.457042957] [bt_navigator]: Goal succeeded
[INFO] [1790228357.460395095] [mapex_explorer]: Goal reached
[INFO] [1790228363.616761457] [mapex_explorer]: MapEx decision 11: selected x=7.23, y=4.15, IG=43.001312, distance=4.00 m, score=10.753043, region=124, candidates=31, near_fallback=False, compute=5.56 s
[bt_navigator-16] [INFO] [1790228363.617938418] [bt_navigator]: Begin navigating from current location (8.74, 0.45) to (7.23, 4.15)
[controller_server-11] [INFO] [1790228363.638640001] [controller_server]: Received a goal, begin computing control effort.
[INFO] [1790228363.736271801] [mapex_explorer]: Main goal accepted
[INFO] [1790228363.887118877] [mapex_explorer]: Main /plan diagnostic: poses=143, endpoint=(7.23, 4.15), frontier=(7.23, 4.15), endpoint_to_frontier=0.000 m, limit=0.10 m -> usable
[INFO] [1790228364.662370546] [mapex_explorer]: Main /plan diagnostic: poses=142, endpoint=(7.23, 4.15), frontier=(7.23, 4.15), endpoint_to_frontier=0.000 m, limit=0.10 m -> usable
[controller_server-11] [INFO] [1790228364.705537394] [controller_server]: Passing new path to controller.
[INFO] [1790228365.665950618] [mapex_explorer]: Main /plan diagnostic: poses=140, endpoint=(7.23, 4.15), frontier=(7.23, 4.15), endpoint_to_frontier=0.000 m, limit=0.10 m -> usable
[controller_server-11] [INFO] [1790228365.705469911] [controller_server]: Passing new path to controller.
[INFO] [1790228366.729220165] [mapex_explorer]: Main /plan diagnostic: poses=141, endpoint=(7.23, 4.15), frontier=(7.23, 4.15), endpoint_to_frontier=0.000 m, limit=0.10 m -> usable
[controller_server-11] [INFO] [1790228366.772155577] [controller_server]: Passing new path to controller.
[INFO] [1790228367.731400789] [mapex_explorer]: Main /plan diagnostic: poses=141, endpoint=(7.23, 4.15), frontier=(7.23, 4.15), endpoint_to_frontier=0.000 m, limit=0.10 m -> usable
[controller_server-11] [INFO] [1790228367.772143136] [controller_server]: Passing new path to controller.
[INFO] [1790228368.748496277] [mapex_explorer]: Main /plan diagnostic: poses=130, endpoint=(7.23, 4.15), frontier=(7.23, 4.15), endpoint_to_frontier=0.000 m, limit=0.10 m -> usable
[controller_server-11] [INFO] [1790228368.772149982] [controller_server]: Passing new path to controller.
[INFO] [1790228369.782100765] [mapex_explorer]: Main /plan diagnostic: poses=122, endpoint=(7.23, 4.15), frontier=(7.23, 4.15), endpoint_to_frontier=0.000 m, limit=0.10 m -> usable
[controller_server-11] [INFO] [1790228369.838823444] [controller_server]: Passing new path to controller.
[INFO] [1790228370.796683986] [mapex_explorer]: Main /plan diagnostic: poses=109, endpoint=(7.23, 4.15), frontier=(7.23, 4.15), endpoint_to_frontier=0.000 m, limit=0.10 m -> usable
[controller_server-11] [INFO] [1790228370.840626882] [controller_server]: Passing new path to controller.
[INFO] [1790228371.829815200] [mapex_explorer]: Main /plan diagnostic: poses=99, endpoint=(7.23, 4.15), frontier=(7.23, 4.15), endpoint_to_frontier=0.000 m, limit=0.10 m -> usable
[controller_server-11] [INFO] [1790228371.838807918] [controller_server]: Passing new path to controller.
[INFO] [1790228372.865708525] [mapex_explorer]: Main /plan diagnostic: poses=89, endpoint=(7.23, 4.15), frontier=(7.23, 4.15), endpoint_to_frontier=0.000 m, limit=0.10 m -> usable
[controller_server-11] [INFO] [1790228372.905485419] [controller_server]: Passing new path to controller.
[INFO] [1790228373.874414881] [mapex_explorer]: Main /plan diagnostic: poses=88, endpoint=(7.23, 4.15), frontier=(7.23, 4.15), endpoint_to_frontier=0.000 m, limit=0.10 m -> usable
[controller_server-11] [INFO] [1790228373.905580883] [controller_server]: Passing new path to controller.
[INFO] [1790228374.911033547] [mapex_explorer]: Main /plan diagnostic: poses=68, endpoint=(7.23, 4.15), frontier=(7.23, 4.15), endpoint_to_frontier=0.000 m, limit=0.10 m -> usable
[controller_server-11] [INFO] [1790228374.972142539] [controller_server]: Passing new path to controller.
[INFO] [1790228375.926522281] [mapex_explorer]: Main /plan diagnostic: poses=59, endpoint=(7.23, 4.15), frontier=(7.23, 4.15), endpoint_to_frontier=0.000 m, limit=0.10 m -> usable
[controller_server-11] [INFO] [1790228375.972142004] [controller_server]: Passing new path to controller.
[INFO] [1790228376.944147002] [mapex_explorer]: Main /plan diagnostic: poses=49, endpoint=(7.23, 4.15), frontier=(7.23, 4.15), endpoint_to_frontier=0.000 m, limit=0.10 m -> usable
[controller_server-11] [INFO] [1790228376.972151356] [controller_server]: Passing new path to controller.
[INFO] [1790228377.975654142] [mapex_explorer]: Main /plan diagnostic: poses=39, endpoint=(7.23, 4.15), frontier=(7.23, 4.15), endpoint_to_frontier=0.000 m, limit=0.10 m -> usable
[controller_server-11] [INFO] [1790228378.038809074] [controller_server]: Passing new path to controller.
[INFO] [1790228378.994097514] [mapex_explorer]: Main /plan diagnostic: poses=30, endpoint=(7.23, 4.15), frontier=(7.23, 4.15), endpoint_to_frontier=0.000 m, limit=0.10 m -> usable
[controller_server-11] [INFO] [1790228379.039007569] [controller_server]: Passing new path to controller.
[INFO] [1790228380.026509910] [mapex_explorer]: Main /plan diagnostic: poses=21, endpoint=(7.23, 4.15), frontier=(7.23, 4.15), endpoint_to_frontier=0.000 m, limit=0.10 m -> usable
[controller_server-11] [INFO] [1790228380.038822820] [controller_server]: Passing new path to controller.
[INFO] [1790228381.053934780] [mapex_explorer]: Main /plan diagnostic: poses=14, endpoint=(7.23, 4.15), frontier=(7.23, 4.15), endpoint_to_frontier=0.000 m, limit=0.10 m -> usable
[controller_server-11] [INFO] [1790228381.105524569] [controller_server]: Passing new path to controller.
[controller_server-11] [INFO] [1790228382.041391366] [controller_server]: Reached the goal!
[controller_server-11] [INFO] [1790228382.041617766] [controller_server]: Optimizer reset
[bt_navigator-16] [INFO] [1790228382.068264260] [bt_navigator]: Goal succeeded
[INFO] [1790228382.071864747] [mapex_explorer]: Goal reached
[INFO] [1790228388.460747211] [mapex_explorer]: MapEx decision 12: selected x=11.43, y=3.75, IG=46.853607, distance=4.37 m, score=10.716264, region=96, candidates=28, near_fallback=False, compute=5.39 s
[bt_navigator-16] [INFO] [1790228388.463111907] [bt_navigator]: Begin navigating from current location (7.06, 3.89) to (11.43, 3.75)
[controller_server-11] [INFO] [1790228388.484128177] [controller_server]: Received a goal, begin computing control effort.
[INFO] [1790228388.606417321] [mapex_explorer]: Main goal accepted
[INFO] [1790228388.845405205] [mapex_explorer]: Main /plan diagnostic: poses=230, endpoint=(11.43, 3.75), frontier=(11.43, 3.75), endpoint_to_frontier=0.000 m, limit=0.10 m -> usable
[INFO] [1790228389.500767408] [mapex_explorer]: Main /plan diagnostic: poses=225, endpoint=(11.43, 3.75), frontier=(11.43, 3.75), endpoint_to_frontier=0.000 m, limit=0.10 m -> usable
[controller_server-11] [INFO] [1790228389.550958050] [controller_server]: Passing new path to controller.
[INFO] [1790228390.506802522] [mapex_explorer]: Main /plan diagnostic: poses=218, endpoint=(11.43, 3.75), frontier=(11.43, 3.75), endpoint_to_frontier=0.000 m, limit=0.10 m -> usable
[controller_server-11] [INFO] [1790228390.550976628] [controller_server]: Passing new path to controller.
[INFO] [1790228391.535980292] [mapex_explorer]: Main /plan diagnostic: poses=213, endpoint=(11.43, 3.75), frontier=(11.43, 3.75), endpoint_to_frontier=0.000 m, limit=0.10 m -> usable
[controller_server-11] [INFO] [1790228391.550969718] [controller_server]: Passing new path to controller.
[INFO] [1790228392.557763606] [mapex_explorer]: Main /plan diagnostic: poses=204, endpoint=(11.43, 3.75), frontier=(11.43, 3.75), endpoint_to_frontier=0.000 m, limit=0.10 m -> usable
[controller_server-11] [INFO] [1790228392.617636854] [controller_server]: Passing new path to controller.
[INFO] [1790228393.574948549] [mapex_explorer]: Main /plan diagnostic: poses=198, endpoint=(11.43, 3.75), frontier=(11.43, 3.75), endpoint_to_frontier=0.000 m, limit=0.10 m -> usable
[controller_server-11] [INFO] [1790228393.617710172] [controller_server]: Passing new path to controller.
[INFO] [1790228394.603069168] [mapex_explorer]: Main /plan diagnostic: poses=192, endpoint=(11.43, 3.75), frontier=(11.43, 3.75), endpoint_to_frontier=0.000 m, limit=0.10 m -> usable
[controller_server-11] [INFO] [1790228394.617994657] [controller_server]: Passing new path to controller.
[INFO] [1790228395.637744781] [mapex_explorer]: Main /plan diagnostic: poses=185, endpoint=(11.43, 3.75), frontier=(11.43, 3.75), endpoint_to_frontier=0.000 m, limit=0.10 m -> usable
[controller_server-11] [INFO] [1790228395.684334899] [controller_server]: Passing new path to controller.
[INFO] [1790228396.659472897] [mapex_explorer]: Main /plan diagnostic: poses=182, endpoint=(11.43, 3.75), frontier=(11.43, 3.75), endpoint_to_frontier=0.000 m, limit=0.10 m -> usable
[controller_server-11] [INFO] [1790228396.684375505] [controller_server]: Passing new path to controller.
[controller_server-11] [INFO] [1790228397.750968495] [controller_server]: Passing new path to controller.
[INFO] [1790228397.755617154] [mapex_explorer]: Main /plan diagnostic: poses=179, endpoint=(11.43, 3.75), frontier=(11.43, 3.75), endpoint_to_frontier=0.000 m, limit=0.10 m -> usable
[INFO] [1790228398.736403955] [mapex_explorer]: Main /plan diagnostic: poses=180, endpoint=(11.43, 3.75), frontier=(11.43, 3.75), endpoint_to_frontier=0.000 m, limit=0.10 m -> usable
[controller_server-11] [INFO] [1790228398.751036177] [controller_server]: Passing new path to controller.
[controller_server-11] [INFO] [1790228399.750981189] [controller_server]: Passing new path to controller.
[INFO] [1790228399.857434444] [mapex_explorer]: Main /plan diagnostic: poses=176, endpoint=(11.43, 3.75), frontier=(11.43, 3.75), endpoint_to_frontier=0.000 m, limit=0.10 m -> usable
[INFO] [1790228400.772680431] [mapex_explorer]: Main /plan diagnostic: poses=166, endpoint=(11.43, 3.75), frontier=(11.43, 3.75), endpoint_to_frontier=0.000 m, limit=0.10 m -> usable
[controller_server-11] [INFO] [1790228400.818730708] [controller_server]: Passing new path to controller.
[INFO] [1790228401.799955165] [mapex_explorer]: Main /plan diagnostic: poses=156, endpoint=(11.43, 3.75), frontier=(11.43, 3.75), endpoint_to_frontier=0.000 m, limit=0.10 m -> usable
[controller_server-11] [INFO] [1790228401.817664158] [controller_server]: Passing new path to controller.
[async_slam_toolbox_node-10] WARNING: Logging before InitGoogleLogging() is written to STDERR
[async_slam_toolbox_node-10] W20260924 12:40:02.483332 35812 preprocessor.cc:67] Specified options.num_threads: 50 exceeds maximum available from the threading model Ceres was compiled with: 16.  Bounding to maximum number available.
[async_slam_toolbox_node-10] [INFO] [1790228402.493268859] [slam_toolbox]: Adaptive anchor summary: latest_node=410, local_edges=428, loop_history=0, avg_effective_weight=1.694, release_regions=0
[controller_server-11] [INFO] [1790228402.735077404] [local_costmap.local_costmap]: StaticLayer: Resizing static layer to 260 X 200 at 0.100000 m/pix
[INFO] [1790228402.814411790] [mapex_explorer]: Main /plan diagnostic: poses=147, endpoint=(11.43, 3.75), frontier=(11.43, 3.75), endpoint_to_frontier=0.000 m, limit=0.10 m -> usable
[controller_server-11] [INFO] [1790228402.884298790] [controller_server]: Passing new path to controller.
[planner_server-13] [INFO] [1790228402.993376682] [global_costmap.global_costmap]: StaticLayer: Resizing costmap to 260 X 200 at 0.100000 m/pix
[INFO] [1790228403.834216143] [mapex_explorer]: Main /plan diagnostic: poses=131, endpoint=(11.43, 3.75), frontier=(11.43, 3.75), endpoint_to_frontier=0.000 m, limit=0.10 m -> usable
[controller_server-11] [INFO] [1790228403.884301036] [controller_server]: Passing new path to controller.
[INFO] [1790228404.865673917] [mapex_explorer]: Main /plan diagnostic: poses=124, endpoint=(11.43, 3.75), frontier=(11.43, 3.75), endpoint_to_frontier=0.000 m, limit=0.10 m -> usable
[controller_server-11] [INFO] [1790228404.884291477] [controller_server]: Passing new path to controller.
[INFO] [1790228405.895836048] [mapex_explorer]: Main /plan diagnostic: poses=117, endpoint=(11.43, 3.75), frontier=(11.43, 3.75), endpoint_to_frontier=0.000 m, limit=0.10 m -> usable
[controller_server-11] [INFO] [1790228405.950961755] [controller_server]: Passing new path to controller.
[INFO] [1790228406.904737419] [mapex_explorer]: Main /plan diagnostic: poses=103, endpoint=(11.43, 3.75), frontier=(11.43, 3.75), endpoint_to_frontier=0.000 m, limit=0.10 m -> usable
[controller_server-11] [INFO] [1790228406.950965653] [controller_server]: Passing new path to controller.
[INFO] [1790228407.931176888] [mapex_explorer]: Main /plan diagnostic: poses=96, endpoint=(11.43, 3.75), frontier=(11.43, 3.75), endpoint_to_frontier=0.000 m, limit=0.10 m -> usable
[controller_server-11] [INFO] [1790228407.950972364] [controller_server]: Passing new path to controller.
[INFO] [1790228408.966095182] [mapex_explorer]: Main /plan diagnostic: poses=86, endpoint=(11.43, 3.75), frontier=(11.43, 3.75), endpoint_to_frontier=0.000 m, limit=0.10 m -> usable
[controller_server-11] [INFO] [1790228409.017638404] [controller_server]: Passing new path to controller.
[INFO] [1790228409.980052249] [mapex_explorer]: Main /plan diagnostic: poses=76, endpoint=(11.43, 3.75), frontier=(11.43, 3.75), endpoint_to_frontier=0.000 m, limit=0.10 m -> usable
[controller_server-11] [INFO] [1790228410.017638168] [controller_server]: Passing new path to controller.
[INFO] [1790228411.022648948] [mapex_explorer]: Main /plan diagnostic: poses=65, endpoint=(11.43, 3.75), frontier=(11.43, 3.75), endpoint_to_frontier=0.000 m, limit=0.10 m -> usable
[controller_server-11] [INFO] [1790228411.084292085] [controller_server]: Passing new path to controller.
[INFO] [1790228412.047257244] [mapex_explorer]: Main /plan diagnostic: poses=57, endpoint=(11.43, 3.75), frontier=(11.43, 3.75), endpoint_to_frontier=0.000 m, limit=0.10 m -> usable
[controller_server-11] [INFO] [1790228412.084307764] [controller_server]: Passing new path to controller.
[INFO] [1790228413.071598006] [mapex_explorer]: Main /plan diagnostic: poses=47, endpoint=(11.43, 3.75), frontier=(11.43, 3.75), endpoint_to_frontier=0.000 m, limit=0.10 m -> usable
[controller_server-11] [INFO] [1790228413.084304076] [controller_server]: Passing new path to controller.
[INFO] [1790228414.102909844] [mapex_explorer]: Main /plan diagnostic: poses=37, endpoint=(11.43, 3.75), frontier=(11.43, 3.75), endpoint_to_frontier=0.000 m, limit=0.10 m -> usable
[controller_server-11] [INFO] [1790228414.150958725] [controller_server]: Passing new path to controller.
[INFO] [1790228415.128745613] [mapex_explorer]: Main /plan diagnostic: poses=27, endpoint=(11.43, 3.75), frontier=(11.43, 3.75), endpoint_to_frontier=0.000 m, limit=0.10 m -> usable
[controller_server-11] [INFO] [1790228415.150964120] [controller_server]: Passing new path to controller.
[INFO] [1790228416.158133762] [mapex_explorer]: Main /plan diagnostic: poses=27, endpoint=(11.43, 3.75), frontier=(11.43, 3.75), endpoint_to_frontier=0.000 m, limit=0.10 m -> usable
[controller_server-11] [INFO] [1790228416.217637309] [controller_server]: Passing new path to controller.
[INFO] [1790228417.181073758] [mapex_explorer]: Main /plan diagnostic: poses=12, endpoint=(11.43, 3.75), frontier=(11.43, 3.75), endpoint_to_frontier=0.000 m, limit=0.10 m -> usable
[controller_server-11] [INFO] [1790228417.217621104] [controller_server]: Passing new path to controller.
[INFO] [1790228418.211097832] [mapex_explorer]: Main /plan diagnostic: poses=10, endpoint=(11.43, 3.75), frontier=(11.43, 3.75), endpoint_to_frontier=0.000 m, limit=0.10 m -> usable
[controller_server-11] [INFO] [1790228418.284306683] [controller_server]: Passing new path to controller.
[controller_server-11] [INFO] [1790228418.353604064] [controller_server]: Reached the goal!
[controller_server-11] [INFO] [1790228418.354163987] [controller_server]: Optimizer reset
[bt_navigator-16] [INFO] [1790228418.383444256] [bt_navigator]: Goal succeeded
[INFO] [1790228418.386912289] [mapex_explorer]: Goal reached
[INFO] [1790228424.595318380] [mapex_explorer]: MapEx decision 13: selected x=10.45, y=5.95, IG=11.592978, distance=2.68 m, score=4.327458, region=31, candidates=32, near_fallback=False, compute=5.53 s
[bt_navigator-16] [INFO] [1790228424.596484446] [bt_navigator]: Begin navigating from current location (11.33, 3.42) to (10.45, 5.95)
[controller_server-11] [INFO] [1790228424.617158813] [controller_server]: Received a goal, begin computing control effort.
[INFO] [1790228424.716882457] [mapex_explorer]: Main goal accepted
[INFO] [1790228424.881852957] [mapex_explorer]: Main /plan diagnostic: poses=57, endpoint=(10.45, 5.95), frontier=(10.45, 5.95), endpoint_to_frontier=0.000 m, limit=0.10 m -> usable
[INFO] [1790228425.636705938] [mapex_explorer]: Main /plan diagnostic: poses=52, endpoint=(10.45, 5.95), frontier=(10.45, 5.95), endpoint_to_frontier=0.000 m, limit=0.10 m -> usable
[controller_server-11] [INFO] [1790228425.683970645] [controller_server]: Passing new path to controller.
[INFO] [1790228426.663578327] [mapex_explorer]: Main /plan diagnostic: poses=42, endpoint=(10.45, 5.95), frontier=(10.45, 5.95), endpoint_to_frontier=0.000 m, limit=0.10 m -> usable
[controller_server-11] [INFO] [1790228426.683968626] [controller_server]: Passing new path to controller.
[controller_server-11] [INFO] [1790228427.750643379] [controller_server]: Passing new path to controller.
[INFO] [1790228427.756574811] [mapex_explorer]: Main /plan diagnostic: poses=32, endpoint=(10.45, 5.95), frontier=(10.45, 5.95), endpoint_to_frontier=0.000 m, limit=0.10 m -> usable
[INFO] [1790228428.743136759] [mapex_explorer]: Main /plan diagnostic: poses=24, endpoint=(10.45, 5.95), frontier=(10.45, 5.95), endpoint_to_frontier=0.000 m, limit=0.10 m -> usable
[controller_server-11] [INFO] [1790228428.750635659] [controller_server]: Passing new path to controller.
[INFO] [1790228429.743413964] [mapex_explorer]: Main /plan diagnostic: poses=16, endpoint=(10.45, 5.95), frontier=(10.45, 5.95), endpoint_to_frontier=0.000 m, limit=0.10 m -> usable
[controller_server-11] [INFO] [1790228429.817303030] [controller_server]: Passing new path to controller.
[INFO] [1790228430.771787739] [mapex_explorer]: Main /plan diagnostic: poses=11, endpoint=(10.45, 5.95), frontier=(10.45, 5.95), endpoint_to_frontier=0.000 m, limit=0.10 m -> usable
[controller_server-11] [INFO] [1790228430.817311674] [controller_server]: Passing new path to controller.
[controller_server-11] [INFO] [1790228431.487448503] [controller_server]: Reached the goal!
[controller_server-11] [INFO] [1790228431.488095425] [controller_server]: Optimizer reset
[bt_navigator-16] [INFO] [1790228431.517217384] [bt_navigator]: Goal succeeded
[INFO] [1790228431.521012011] [mapex_explorer]: Goal reached
[INFO] [1790228437.521455077] [mapex_explorer]: MapEx decision 14: selected x=6.35, y=6.25, IG=20.636898, distance=4.41 m, score=4.679716, region=14, candidates=30, near_fallback=False, compute=5.46 s
[bt_navigator-16] [INFO] [1790228437.522808091] [bt_navigator]: Begin navigating from current location (10.73, 5.78) to (6.35, 6.25)
[controller_server-11] [INFO] [1790228437.543636472] [controller_server]: Received a goal, begin computing control effort.
[INFO] [1790228437.628925843] [mapex_explorer]: Main goal accepted
[INFO] [1790228437.853409991] [mapex_explorer]: Main /plan diagnostic: poses=321, endpoint=(6.35, 6.25), frontier=(6.35, 6.25), endpoint_to_frontier=0.000 m, limit=0.10 m -> usable
[INFO] [1790228438.574300172] [mapex_explorer]: Main /plan diagnostic: poses=315, endpoint=(6.35, 6.25), frontier=(6.35, 6.25), endpoint_to_frontier=0.000 m, limit=0.10 m -> usable
[controller_server-11] [INFO] [1790228438.610490586] [controller_server]: Passing new path to controller.
[INFO] [1790228439.605400163] [mapex_explorer]: Main /plan diagnostic: poses=310, endpoint=(6.35, 6.25), frontier=(6.35, 6.25), endpoint_to_frontier=0.000 m, limit=0.10 m -> usable
[controller_server-11] [INFO] [1790228439.610464490] [controller_server]: Passing new path to controller.
[INFO] [1790228440.619030079] [mapex_explorer]: Main /plan diagnostic: poses=308, endpoint=(6.35, 6.25), frontier=(6.35, 6.25), endpoint_to_frontier=0.000 m, limit=0.10 m -> usable
[controller_server-11] [INFO] [1790228440.677247715] [controller_server]: Passing new path to controller.
[INFO] [1790228441.646647304] [mapex_explorer]: Main /plan diagnostic: poses=308, endpoint=(6.35, 6.25), frontier=(6.35, 6.25), endpoint_to_frontier=0.000 m, limit=0.10 m -> usable
[controller_server-11] [INFO] [1790228441.677464773] [controller_server]: Passing new path to controller.
[controller_server-11] [INFO] [1790228442.744018014] [controller_server]: Passing new path to controller.
[INFO] [1790228442.769817971] [mapex_explorer]: Main /plan diagnostic: poses=301, endpoint=(6.35, 6.25), frontier=(6.35, 6.25), endpoint_to_frontier=0.000 m, limit=0.10 m -> usable
[controller_server-11] [INFO] [1790228443.743831418] [controller_server]: Passing new path to controller.
[INFO] [1790228443.749009899] [mapex_explorer]: Main /plan diagnostic: poses=291, endpoint=(6.35, 6.25), frontier=(6.35, 6.25), endpoint_to_frontier=0.000 m, limit=0.10 m -> usable
[controller_server-11] [INFO] [1790228444.743798230] [controller_server]: Passing new path to controller.
[INFO] [1790228444.794021402] [mapex_explorer]: Main /plan diagnostic: poses=284, endpoint=(6.35, 6.25), frontier=(6.35, 6.25), endpoint_to_frontier=0.000 m, limit=0.10 m -> usable
[INFO] [1790228445.769591277] [mapex_explorer]: Main /plan diagnostic: poses=274, endpoint=(6.35, 6.25), frontier=(6.35, 6.25), endpoint_to_frontier=0.000 m, limit=0.10 m -> usable
[controller_server-11] [INFO] [1790228445.810461987] [controller_server]: Passing new path to controller.
[INFO] [1790228446.797417924] [mapex_explorer]: Main /plan diagnostic: poses=264, endpoint=(6.35, 6.25), frontier=(6.35, 6.25), endpoint_to_frontier=0.000 m, limit=0.10 m -> usable
[controller_server-11] [INFO] [1790228446.810465502] [controller_server]: Passing new path to controller.
[INFO] [1790228447.811677775] [mapex_explorer]: Main /plan diagnostic: poses=253, endpoint=(6.35, 6.25), frontier=(6.35, 6.25), endpoint_to_frontier=0.000 m, limit=0.10 m -> usable
[controller_server-11] [INFO] [1790228447.877126063] [controller_server]: Passing new path to controller.
[INFO] [1790228448.861900590] [mapex_explorer]: Main /plan diagnostic: poses=244, endpoint=(6.35, 6.25), frontier=(6.35, 6.25), endpoint_to_frontier=0.000 m, limit=0.10 m -> usable
[controller_server-11] [INFO] [1790228448.877144566] [controller_server]: Passing new path to controller.
[INFO] [1790228449.871678082] [mapex_explorer]: Main /plan diagnostic: poses=235, endpoint=(6.35, 6.25), frontier=(6.35, 6.25), endpoint_to_frontier=0.000 m, limit=0.10 m -> usable
[controller_server-11] [INFO] [1790228449.877127808] [controller_server]: Passing new path to controller.
[INFO] [1790228450.895639468] [mapex_explorer]: Main /plan diagnostic: poses=225, endpoint=(6.35, 6.25), frontier=(6.35, 6.25), endpoint_to_frontier=0.000 m, limit=0.10 m -> usable
[controller_server-11] [INFO] [1790228450.944145870] [controller_server]: Passing new path to controller.
[async_slam_toolbox_node-10] W20260924 12:40:51.178102 35812 preprocessor.cc:67] Specified options.num_threads: 50 exceeds maximum available from the threading model Ceres was compiled with: 16.  Bounding to maximum number available.
[async_slam_toolbox_node-10] [INFO] [1790228451.183283186] [slam_toolbox]: Adaptive anchor summary: latest_node=512, local_edges=533, loop_history=0, avg_effective_weight=1.558, release_regions=0
[controller_server-11] [INFO] [1790228451.735087031] [local_costmap.local_costmap]: StaticLayer: Resizing static layer to 260 X 200 at 0.100000 m/pix
[INFO] [1790228451.915301627] [mapex_explorer]: Main /plan diagnostic: poses=215, endpoint=(6.35, 6.25), frontier=(6.35, 6.25), endpoint_to_frontier=0.000 m, limit=0.10 m -> usable
[controller_server-11] [INFO] [1790228451.943794665] [controller_server]: Passing new path to controller.
[planner_server-13] [INFO] [1790228451.993374627] [global_costmap.global_costmap]: StaticLayer: Resizing costmap to 260 X 200 at 0.100000 m/pix
[INFO] [1790228452.937171346] [mapex_explorer]: Main /plan diagnostic: poses=206, endpoint=(6.35, 6.25), frontier=(6.35, 6.25), endpoint_to_frontier=0.000 m, limit=0.10 m -> usable
[controller_server-11] [INFO] [1790228452.943793682] [controller_server]: Passing new path to controller.
[INFO] [1790228453.959084621] [mapex_explorer]: Main /plan diagnostic: poses=195, endpoint=(6.35, 6.25), frontier=(6.35, 6.25), endpoint_to_frontier=0.000 m, limit=0.10 m -> usable
[controller_server-11] [INFO] [1790228454.010473292] [controller_server]: Passing new path to controller.
[INFO] [1790228454.979660394] [mapex_explorer]: Main /plan diagnostic: poses=186, endpoint=(6.35, 6.25), frontier=(6.35, 6.25), endpoint_to_frontier=0.000 m, limit=0.10 m -> usable
[controller_server-11] [INFO] [1790228455.010470937] [controller_server]: Passing new path to controller.
[async_slam_toolbox_node-10] W20260924 12:40:55.698963 35812 preprocessor.cc:67] Specified options.num_threads: 50 exceeds maximum available from the threading model Ceres was compiled with: 16.  Bounding to maximum number available.
[INFO] [1790228456.003771135] [mapex_explorer]: Main /plan diagnostic: poses=178, endpoint=(6.35, 6.25), frontier=(6.35, 6.25), endpoint_to_frontier=0.000 m, limit=0.10 m -> usable
[controller_server-11] [INFO] [1790228456.077143112] [controller_server]: Passing new path to controller.
[controller_server-11] [INFO] [1790228456.735738346] [local_costmap.local_costmap]: StaticLayer: Resizing static layer to 260 X 200 at 0.100000 m/pix
[planner_server-13] [INFO] [1790228456.993372040] [global_costmap.global_costmap]: StaticLayer: Resizing costmap to 260 X 200 at 0.100000 m/pix
[INFO] [1790228457.022458830] [mapex_explorer]: Main /plan diagnostic: poses=169, endpoint=(6.35, 6.25), frontier=(6.35, 6.25), endpoint_to_frontier=0.000 m, limit=0.10 m -> usable
[controller_server-11] [INFO] [1790228457.077123014] [controller_server]: Passing new path to controller.
[INFO] [1790228458.051766524] [mapex_explorer]: Main /plan diagnostic: poses=158, endpoint=(6.35, 6.25), frontier=(6.35, 6.25), endpoint_to_frontier=0.000 m, limit=0.10 m -> usable
[controller_server-11] [INFO] [1790228458.077142156] [controller_server]: Passing new path to controller.
[INFO] [1790228459.064048374] [mapex_explorer]: Main /plan diagnostic: poses=148, endpoint=(6.35, 6.25), frontier=(6.35, 6.25), endpoint_to_frontier=0.000 m, limit=0.10 m -> usable
[controller_server-11] [INFO] [1790228459.077233534] [controller_server]: Passing new path to controller.
[INFO] [1790228460.101038453] [mapex_explorer]: Main /plan diagnostic: poses=139, endpoint=(6.35, 6.25), frontier=(6.35, 6.25), endpoint_to_frontier=0.000 m, limit=0.10 m -> usable
[controller_server-11] [INFO] [1790228460.144013576] [controller_server]: Passing new path to controller.
[INFO] [1790228461.136225049] [mapex_explorer]: Main /plan diagnostic: poses=129, endpoint=(6.35, 6.25), frontier=(6.35, 6.25), endpoint_to_frontier=0.000 m, limit=0.10 m -> usable
[controller_server-11] [INFO] [1790228461.143823071] [controller_server]: Passing new path to controller.
[async_slam_toolbox_node-10] W20260924 12:41:02.139372 35812 preprocessor.cc:67] Specified options.num_threads: 50 exceeds maximum available from the threading model Ceres was compiled with: 16.  Bounding to maximum number available.
[INFO] [1790228462.154761869] [mapex_explorer]: Main /plan diagnostic: poses=120, endpoint=(6.35, 6.25), frontier=(6.35, 6.25), endpoint_to_frontier=0.000 m, limit=0.10 m -> usable
[controller_server-11] [INFO] [1790228462.210467518] [controller_server]: Passing new path to controller.
[controller_server-11] [INFO] [1790228462.735082496] [local_costmap.local_costmap]: StaticLayer: Resizing static layer to 260 X 200 at 0.100000 m/pix
[planner_server-13] [INFO] [1790228462.993387544] [global_costmap.global_costmap]: StaticLayer: Resizing costmap to 260 X 200 at 0.100000 m/pix
[INFO] [1790228463.177950296] [mapex_explorer]: Main /plan diagnostic: poses=109, endpoint=(6.35, 6.25), frontier=(6.35, 6.25), endpoint_to_frontier=0.000 m, limit=0.10 m -> usable
[controller_server-11] [INFO] [1790228463.210459784] [controller_server]: Passing new path to controller.
[INFO] [1790228464.199150257] [mapex_explorer]: Main /plan diagnostic: poses=97, endpoint=(6.35, 6.25), frontier=(6.35, 6.25), endpoint_to_frontier=0.000 m, limit=0.10 m -> usable
[controller_server-11] [INFO] [1790228464.277129504] [controller_server]: Passing new path to controller.
[INFO] [1790228465.234894653] [mapex_explorer]: Main /plan diagnostic: poses=89, endpoint=(6.35, 6.25), frontier=(6.35, 6.25), endpoint_to_frontier=0.000 m, limit=0.10 m -> usable
[controller_server-11] [INFO] [1790228465.277151945] [controller_server]: Passing new path to controller.
[INFO] [1790228466.259699359] [mapex_explorer]: Main /plan diagnostic: poses=80, endpoint=(6.35, 6.25), frontier=(6.35, 6.25), endpoint_to_frontier=0.000 m, limit=0.10 m -> usable
[controller_server-11] [INFO] [1790228466.277126122] [controller_server]: Passing new path to controller.
[INFO] [1790228467.295820240] [mapex_explorer]: Main /plan diagnostic: poses=72, endpoint=(6.35, 6.25), frontier=(6.35, 6.25), endpoint_to_frontier=0.000 m, limit=0.10 m -> usable
[controller_server-11] [INFO] [1790228467.343794201] [controller_server]: Passing new path to controller.
[INFO] [1790228468.319842795] [mapex_explorer]: Main /plan diagnostic: poses=65, endpoint=(6.35, 6.25), frontier=(6.35, 6.25), endpoint_to_frontier=0.000 m, limit=0.10 m -> usable
[controller_server-11] [INFO] [1790228468.343794908] [controller_server]: Passing new path to controller.
[INFO] [1790228469.358600346] [mapex_explorer]: Main /plan diagnostic: poses=53, endpoint=(6.35, 6.25), frontier=(6.35, 6.25), endpoint_to_frontier=0.000 m, limit=0.10 m -> usable
[controller_server-11] [INFO] [1790228469.410476532] [controller_server]: Passing new path to controller.
[INFO] [1790228470.374648101] [mapex_explorer]: Main /plan diagnostic: poses=48, endpoint=(6.35, 6.25), frontier=(6.35, 6.25), endpoint_to_frontier=0.000 m, limit=0.10 m -> usable
[controller_server-11] [INFO] [1790228470.410534772] [controller_server]: Passing new path to controller.
[INFO] [1790228471.393352987] [mapex_explorer]: Main /plan diagnostic: poses=36, endpoint=(6.35, 6.25), frontier=(6.35, 6.25), endpoint_to_frontier=0.000 m, limit=0.10 m -> usable
[controller_server-11] [INFO] [1790228471.410464475] [controller_server]: Passing new path to controller.
[INFO] [1790228472.417992848] [mapex_explorer]: Main /plan diagnostic: poses=26, endpoint=(6.35, 6.25), frontier=(6.35, 6.25), endpoint_to_frontier=0.000 m, limit=0.10 m -> usable
[controller_server-11] [INFO] [1790228472.477151765] [controller_server]: Passing new path to controller.
[INFO] [1790228473.446473369] [mapex_explorer]: Main /plan diagnostic: poses=18, endpoint=(6.35, 6.25), frontier=(6.35, 6.25), endpoint_to_frontier=0.000 m, limit=0.10 m -> usable
[controller_server-11] [INFO] [1790228473.477138724] [controller_server]: Passing new path to controller.
[INFO] [1790228474.476572855] [mapex_explorer]: Main /plan diagnostic: poses=12, endpoint=(6.35, 6.25), frontier=(6.35, 6.25), endpoint_to_frontier=0.000 m, limit=0.10 m -> usable
[controller_server-11] [INFO] [1790228474.543801072] [controller_server]: Passing new path to controller.
[INFO] [1790228475.506516847] [mapex_explorer]: Main /plan diagnostic: poses=9, endpoint=(6.35, 6.25), frontier=(6.35, 6.25), endpoint_to_frontier=0.000 m, limit=0.10 m -> usable
[controller_server-11] [INFO] [1790228475.543802346] [controller_server]: Passing new path to controller.
[controller_server-11] [INFO] [1790228476.013232268] [controller_server]: Reached the goal!
[controller_server-11] [INFO] [1790228476.013514762] [controller_server]: Optimizer reset
[bt_navigator-16] [INFO] [1790228476.043968916] [bt_navigator]: Goal succeeded
[INFO] [1790228476.047354379] [mapex_explorer]: Goal reached
[INFO] [1790228481.274253697] [mapex_explorer]: MapEx decision 15: selected x=-8.95, y=5.85, IG=51.372208, distance=14.91 m, score=3.444741, region=59, candidates=27, near_fallback=False, compute=5.22 s
[bt_navigator-16] [INFO] [1790228481.275809153] [bt_navigator]: Begin navigating from current location (5.99, 6.25) to (-8.95, 5.85)
[controller_server-11] [INFO] [1790228481.297057792] [controller_server]: Received a goal, begin computing control effort.
[INFO] [1790228481.382289692] [mapex_explorer]: Main goal accepted
[INFO] [1790228481.566253474] [mapex_explorer]: Main /plan diagnostic: poses=419, endpoint=(-8.95, 5.85), frontier=(-8.95, 5.85), endpoint_to_frontier=0.000 m, limit=0.10 m -> usable
[INFO] [1790228482.329512669] [mapex_explorer]: Main /plan diagnostic: poses=414, endpoint=(-8.95, 5.85), frontier=(-8.95, 5.85), endpoint_to_frontier=0.000 m, limit=0.10 m -> usable
[controller_server-11] [INFO] [1790228482.364016250] [controller_server]: Passing new path to controller.
[controller_server-11] [INFO] [1790228483.363989379] [controller_server]: Passing new path to controller.
[INFO] [1790228483.376601490] [mapex_explorer]: Main /plan diagnostic: poses=406, endpoint=(-8.95, 5.85), frontier=(-8.95, 5.85), endpoint_to_frontier=0.000 m, limit=0.10 m -> usable
[INFO] [1790228484.384627643] [mapex_explorer]: Main /plan diagnostic: poses=400, endpoint=(-8.95, 5.85), frontier=(-8.95, 5.85), endpoint_to_frontier=0.000 m, limit=0.10 m -> usable
[controller_server-11] [INFO] [1790228484.430666097] [controller_server]: Passing new path to controller.
[INFO] [1790228485.409993170] [mapex_explorer]: Main /plan diagnostic: poses=394, endpoint=(-8.95, 5.85), frontier=(-8.95, 5.85), endpoint_to_frontier=0.000 m, limit=0.10 m -> usable
[controller_server-11] [INFO] [1790228485.430663102] [controller_server]: Passing new path to controller.
[INFO] [1790228486.435521624] [mapex_explorer]: Main /plan diagnostic: poses=386, endpoint=(-8.95, 5.85), frontier=(-8.95, 5.85), endpoint_to_frontier=0.000 m, limit=0.10 m -> usable
[controller_server-11] [INFO] [1790228486.497528490] [controller_server]: Passing new path to controller.
[INFO] [1790228487.453364885] [mapex_explorer]: Main /plan diagnostic: poses=380, endpoint=(-8.95, 5.85), frontier=(-8.95, 5.85), endpoint_to_frontier=0.000 m, limit=0.10 m -> usable
[controller_server-11] [INFO] [1790228487.497454800] [controller_server]: Passing new path to controller.
[INFO] [1790228488.482645453] [mapex_explorer]: Main /plan diagnostic: poses=374, endpoint=(-8.95, 5.85), frontier=(-8.95, 5.85), endpoint_to_frontier=0.000 m, limit=0.10 m -> usable
[controller_server-11] [INFO] [1790228488.497337989] [controller_server]: Passing new path to controller.
[INFO] [1790228489.514973589] [mapex_explorer]: Main /plan diagnostic: poses=368, endpoint=(-8.95, 5.85), frontier=(-8.95, 5.85), endpoint_to_frontier=0.000 m, limit=0.10 m -> usable
[controller_server-11] [INFO] [1790228489.563989217] [controller_server]: Passing new path to controller.
[INFO] [1790228490.532796788] [mapex_explorer]: Main /plan diagnostic: poses=359, endpoint=(-8.95, 5.85), frontier=(-8.95, 5.85), endpoint_to_frontier=0.000 m, limit=0.10 m -> usable
[controller_server-11] [INFO] [1790228490.564027699] [controller_server]: Passing new path to controller.
[INFO] [1790228491.573097250] [mapex_explorer]: Main /plan diagnostic: poses=353, endpoint=(-8.95, 5.85), frontier=(-8.95, 5.85), endpoint_to_frontier=0.000 m, limit=0.10 m -> usable
[controller_server-11] [INFO] [1790228491.630883589] [controller_server]: Passing new path to controller.
[INFO] [1790228492.587623734] [mapex_explorer]: Main /plan diagnostic: poses=347, endpoint=(-8.95, 5.85), frontier=(-8.95, 5.85), endpoint_to_frontier=0.000 m, limit=0.10 m -> usable
[controller_server-11] [INFO] [1790228492.630682711] [controller_server]: Passing new path to controller.
[INFO] [1790228493.612288322] [mapex_explorer]: Main /plan diagnostic: poses=341, endpoint=(-8.95, 5.85), frontier=(-8.95, 5.85), endpoint_to_frontier=0.000 m, limit=0.10 m -> usable
[controller_server-11] [INFO] [1790228493.630654562] [controller_server]: Passing new path to controller.
[INFO] [1790228494.645083092] [mapex_explorer]: Main /plan diagnostic: poses=334, endpoint=(-8.95, 5.85), frontier=(-8.95, 5.85), endpoint_to_frontier=0.000 m, limit=0.10 m -> usable
[controller_server-11] [INFO] [1790228494.697352355] [controller_server]: Passing new path to controller.
[INFO] [1790228495.677984009] [mapex_explorer]: Main /plan diagnostic: poses=327, endpoint=(-8.95, 5.85), frontier=(-8.95, 5.85), endpoint_to_frontier=0.000 m, limit=0.10 m -> usable
[controller_server-11] [INFO] [1790228495.697328316] [controller_server]: Passing new path to controller.
[INFO] [1790228496.745505604] [mapex_explorer]: Main /plan diagnostic: poses=320, endpoint=(-8.95, 5.85), frontier=(-8.95, 5.85), endpoint_to_frontier=0.000 m, limit=0.10 m -> usable
[controller_server-11] [INFO] [1790228496.763994311] [controller_server]: Passing new path to controller.
[INFO] [1790228497.746741239] [mapex_explorer]: Main /plan diagnostic: poses=314, endpoint=(-8.95, 5.85), frontier=(-8.95, 5.85), endpoint_to_frontier=0.000 m, limit=0.10 m -> usable
[controller_server-11] [INFO] [1790228497.763993969] [controller_server]: Passing new path to controller.
[INFO] [1790228498.759334775] [mapex_explorer]: Main /plan diagnostic: poses=307, endpoint=(-8.95, 5.85), frontier=(-8.95, 5.85), endpoint_to_frontier=0.000 m, limit=0.10 m -> usable
[controller_server-11] [INFO] [1790228498.764003243] [controller_server]: Passing new path to controller.
[INFO] [1790228499.778569865] [mapex_explorer]: Main /plan diagnostic: poses=300, endpoint=(-8.95, 5.85), frontier=(-8.95, 5.85), endpoint_to_frontier=0.000 m, limit=0.10 m -> usable
[controller_server-11] [INFO] [1790228499.830654973] [controller_server]: Passing new path to controller.
[INFO] [1790228500.794186497] [mapex_explorer]: Main /plan diagnostic: poses=296, endpoint=(-8.95, 5.85), frontier=(-8.95, 5.85), endpoint_to_frontier=0.000 m, limit=0.10 m -> usable
[controller_server-11] [INFO] [1790228500.830652805] [controller_server]: Passing new path to controller.
[controller_server-11] [INFO] [1790228501.830652891] [controller_server]: Passing new path to controller.
[INFO] [1790228501.840072945] [mapex_explorer]: Main /plan diagnostic: poses=296, endpoint=(-8.95, 5.85), frontier=(-8.95, 5.85), endpoint_to_frontier=0.000 m, limit=0.10 m -> usable
[INFO] [1790228502.861144472] [mapex_explorer]: Main /plan diagnostic: poses=288, endpoint=(-8.95, 5.85), frontier=(-8.95, 5.85), endpoint_to_frontier=0.000 m, limit=0.10 m -> usable
[controller_server-11] [INFO] [1790228502.897343471] [controller_server]: Passing new path to controller.
[INFO] [1790228503.877653950] [mapex_explorer]: Main /plan diagnostic: poses=279, endpoint=(-8.95, 5.85), frontier=(-8.95, 5.85), endpoint_to_frontier=0.000 m, limit=0.10 m -> usable
[controller_server-11] [INFO] [1790228503.897329460] [controller_server]: Passing new path to controller.
[INFO] [1790228504.903413402] [mapex_explorer]: Main /plan diagnostic: poses=268, endpoint=(-8.95, 5.85), frontier=(-8.95, 5.85), endpoint_to_frontier=0.000 m, limit=0.10 m -> usable
[controller_server-11] [INFO] [1790228504.964658783] [controller_server]: Passing new path to controller.
[INFO] [1790228505.920986394] [mapex_explorer]: Main /plan diagnostic: poses=259, endpoint=(-8.95, 5.85), frontier=(-8.95, 5.85), endpoint_to_frontier=0.000 m, limit=0.10 m -> usable
[controller_server-11] [INFO] [1790228505.964218326] [controller_server]: Passing new path to controller.
[controller_server-11] [INFO] [1790228506.963990606] [controller_server]: Passing new path to controller.
[INFO] [1790228506.964794719] [mapex_explorer]: Main /plan diagnostic: poses=249, endpoint=(-8.95, 5.85), frontier=(-8.95, 5.85), endpoint_to_frontier=0.000 m, limit=0.10 m -> usable
[INFO] [1790228507.978571288] [mapex_explorer]: Main /plan diagnostic: poses=239, endpoint=(-8.95, 5.85), frontier=(-8.95, 5.85), endpoint_to_frontier=0.000 m, limit=0.10 m -> usable
[controller_server-11] [INFO] [1790228508.030659971] [controller_server]: Passing new path to controller.
[INFO] [1790228509.008246268] [mapex_explorer]: Main /plan diagnostic: poses=230, endpoint=(-8.95, 5.85), frontier=(-8.95, 5.85), endpoint_to_frontier=0.000 m, limit=0.10 m -> usable
[controller_server-11] [INFO] [1790228509.030655392] [controller_server]: Passing new path to controller.
[INFO] [1790228510.040437120] [mapex_explorer]: Main /plan diagnostic: poses=218, endpoint=(-8.95, 5.85), frontier=(-8.95, 5.85), endpoint_to_frontier=0.000 m, limit=0.10 m -> usable
[controller_server-11] [INFO] [1790228510.097329637] [controller_server]: Passing new path to controller.
[async_slam_toolbox_node-10] W20260924 12:41:50.568778 35812 preprocessor.cc:67] Specified options.num_threads: 50 exceeds maximum available from the threading model Ceres was compiled with: 16.  Bounding to maximum number available.
[async_slam_toolbox_node-10] [INFO] [1790228510.584180847] [slam_toolbox]: Adaptive anchor summary: latest_node=673, local_edges=696, loop_history=0, avg_effective_weight=1.428, release_regions=0
[rviz2-7] [INFO] [1790228510.721144275] [rviz2]: Trying to create a map of size 259 x 199 using 1 swatches
[controller_server-11] [INFO] [1790228510.735117128] [local_costmap.local_costmap]: StaticLayer: Resizing static layer to 259 X 199 at 0.100000 m/pix
[planner_server-13] [INFO] [1790228510.993398184] [global_costmap.global_costmap]: StaticLayer: Resizing costmap to 259 X 199 at 0.100000 m/pix
[INFO] [1790228511.062453018] [mapex_explorer]: Main /plan diagnostic: poses=211, endpoint=(-8.95, 5.85), frontier=(-8.95, 5.85), endpoint_to_frontier=0.000 m, limit=0.10 m -> usable
[controller_server-11] [INFO] [1790228511.097373101] [controller_server]: Passing new path to controller.
[INFO] [1790228512.071327255] [mapex_explorer]: Main /plan diagnostic: poses=203, endpoint=(-8.95, 5.85), frontier=(-8.95, 5.85), endpoint_to_frontier=0.000 m, limit=0.10 m -> usable
[controller_server-11] [INFO] [1790228512.097320837] [controller_server]: Passing new path to controller.
[INFO] [1790228513.101079034] [mapex_explorer]: Main /plan diagnostic: poses=193, endpoint=(-8.95, 5.85), frontier=(-8.95, 5.85), endpoint_to_frontier=0.000 m, limit=0.10 m -> usable
[controller_server-11] [INFO] [1790228513.164133384] [controller_server]: Passing new path to controller.
[INFO] [1790228514.126307392] [mapex_explorer]: Main /plan diagnostic: poses=183, endpoint=(-8.95, 5.85), frontier=(-8.95, 5.85), endpoint_to_frontier=0.000 m, limit=0.10 m -> usable
[controller_server-11] [INFO] [1790228514.164010788] [controller_server]: Passing new path to controller.
[async_slam_toolbox_node-10] W20260924 12:41:54.872294 35812 preprocessor.cc:67] Specified options.num_threads: 50 exceeds maximum available from the threading model Ceres was compiled with: 16.  Bounding to maximum number available.
[INFO] [1790228515.142310312] [mapex_explorer]: Main /plan diagnostic: poses=175, endpoint=(-8.95, 5.85), frontier=(-8.95, 5.85), endpoint_to_frontier=0.000 m, limit=0.10 m -> usable
[controller_server-11] [INFO] [1790228515.164009961] [controller_server]: Passing new path to controller.
[controller_server-11] [INFO] [1790228515.735105880] [local_costmap.local_costmap]: StaticLayer: Resizing static layer to 259 X 200 at 0.100000 m/pix
[rviz2-7] [INFO] [1790228515.768320947] [rviz2]: Trying to create a map of size 259 x 200 using 1 swatches
[planner_server-13] [INFO] [1790228515.993389092] [global_costmap.global_costmap]: StaticLayer: Resizing costmap to 259 X 200 at 0.100000 m/pix
[INFO] [1790228516.176825143] [mapex_explorer]: Main /plan diagnostic: poses=197, endpoint=(-8.95, 5.85), frontier=(-8.95, 5.85), endpoint_to_frontier=0.000 m, limit=0.10 m -> usable
[controller_server-11] [INFO] [1790228516.230713905] [controller_server]: Passing new path to controller.
[INFO] [1790228517.187636336] [mapex_explorer]: Main /plan diagnostic: poses=172, endpoint=(-8.95, 5.85), frontier=(-8.95, 5.85), endpoint_to_frontier=0.000 m, limit=0.10 m -> usable
[controller_server-11] [INFO] [1790228517.230673940] [controller_server]: Passing new path to controller.
[INFO] [1790228518.217514496] [mapex_explorer]: Main /plan diagnostic: poses=149, endpoint=(-8.95, 5.85), frontier=(-8.95, 5.85), endpoint_to_frontier=0.000 m, limit=0.10 m -> usable
[controller_server-11] [INFO] [1790228518.230721311] [controller_server]: Passing new path to controller.
[async_slam_toolbox_node-10] W20260924 12:41:59.056174 35812 preprocessor.cc:67] Specified options.num_threads: 50 exceeds maximum available from the threading model Ceres was compiled with: 16.  Bounding to maximum number available.
[INFO] [1790228519.252368365] [mapex_explorer]: Main /plan diagnostic: poses=163, endpoint=(-8.95, 5.85), frontier=(-8.95, 5.85), endpoint_to_frontier=0.000 m, limit=0.10 m -> usable
[controller_server-11] [INFO] [1790228519.297318276] [controller_server]: Passing new path to controller.
[controller_server-11] [INFO] [1790228519.735478323] [local_costmap.local_costmap]: StaticLayer: Resizing static layer to 259 X 200 at 0.100000 m/pix
[planner_server-13] [INFO] [1790228519.993404397] [global_costmap.global_costmap]: StaticLayer: Resizing costmap to 259 X 200 at 0.100000 m/pix
[INFO] [1790228520.283153133] [mapex_explorer]: Main /plan diagnostic: poses=132, endpoint=(-8.95, 5.85), frontier=(-8.95, 5.85), endpoint_to_frontier=0.000 m, limit=0.10 m -> usable
[controller_server-11] [INFO] [1790228520.297346595] [controller_server]: Passing new path to controller.
[INFO] [1790228521.298072049] [mapex_explorer]: Main /plan diagnostic: poses=120, endpoint=(-8.95, 5.85), frontier=(-8.95, 5.85), endpoint_to_frontier=0.000 m, limit=0.10 m -> usable
[controller_server-11] [INFO] [1790228521.363998858] [controller_server]: Passing new path to controller.
[INFO] [1790228522.331055868] [mapex_explorer]: Main /plan diagnostic: poses=113, endpoint=(-8.95, 5.85), frontier=(-8.95, 5.85), endpoint_to_frontier=0.000 m, limit=0.10 m -> usable
[controller_server-11] [INFO] [1790228522.363996151] [controller_server]: Passing new path to controller.
[INFO] [1790228523.365944136] [mapex_explorer]: Main /plan diagnostic: poses=104, endpoint=(-8.95, 5.85), frontier=(-8.95, 5.85), endpoint_to_frontier=0.000 m, limit=0.10 m -> usable
[controller_server-11] [INFO] [1790228523.430669616] [controller_server]: Passing new path to controller.
[INFO] [1790228524.384001319] [mapex_explorer]: Main /plan diagnostic: poses=93, endpoint=(-8.95, 5.85), frontier=(-8.95, 5.85), endpoint_to_frontier=0.000 m, limit=0.10 m -> usable
[controller_server-11] [INFO] [1790228524.432104654] [controller_server]: Passing new path to controller.
[INFO] [1790228525.411465008] [mapex_explorer]: Main /plan diagnostic: poses=84, endpoint=(-8.95, 5.85), frontier=(-8.95, 5.85), endpoint_to_frontier=0.000 m, limit=0.10 m -> usable
[controller_server-11] [INFO] [1790228525.430667259] [controller_server]: Passing new path to controller.
[INFO] [1790228526.436505660] [mapex_explorer]: Main /plan diagnostic: poses=76, endpoint=(-8.95, 5.85), frontier=(-8.95, 5.85), endpoint_to_frontier=0.000 m, limit=0.10 m -> usable
[controller_server-11] [INFO] [1790228526.497329549] [controller_server]: Passing new path to controller.
[INFO] [1790228527.451062607] [mapex_explorer]: Main /plan diagnostic: poses=66, endpoint=(-8.95, 5.85), frontier=(-8.95, 5.85), endpoint_to_frontier=0.000 m, limit=0.10 m -> usable
[controller_server-11] [INFO] [1790228527.497331340] [controller_server]: Passing new path to controller.
[INFO] [1790228528.480684783] [mapex_explorer]: Main /plan diagnostic: poses=57, endpoint=(-8.95, 5.85), frontier=(-8.95, 5.85), endpoint_to_frontier=0.000 m, limit=0.10 m -> usable
[controller_server-11] [INFO] [1790228528.497326268] [controller_server]: Passing new path to controller.
[INFO] [1790228529.495989143] [mapex_explorer]: Main /plan diagnostic: poses=51, endpoint=(-8.95, 5.85), frontier=(-8.95, 5.85), endpoint_to_frontier=0.000 m, limit=0.10 m -> usable
[controller_server-11] [INFO] [1790228529.563998794] [controller_server]: Passing new path to controller.
[INFO] [1790228530.521503794] [mapex_explorer]: Main /plan diagnostic: poses=47, endpoint=(-8.95, 5.85), frontier=(-8.95, 5.85), endpoint_to_frontier=0.000 m, limit=0.10 m -> usable
[controller_server-11] [INFO] [1790228530.564909704] [controller_server]: Passing new path to controller.
[INFO] [1790228531.537888265] [mapex_explorer]: Main /plan diagnostic: poses=32, endpoint=(-8.95, 5.85), frontier=(-8.95, 5.85), endpoint_to_frontier=0.000 m, limit=0.10 m -> usable
[controller_server-11] [INFO] [1790228531.564016532] [controller_server]: Passing new path to controller.
[INFO] [1790228532.565093574] [mapex_explorer]: Main /plan diagnostic: poses=23, endpoint=(-8.95, 5.85), frontier=(-8.95, 5.85), endpoint_to_frontier=0.000 m, limit=0.10 m -> usable
[controller_server-11] [INFO] [1790228532.630671173] [controller_server]: Passing new path to controller.
[INFO] [1790228533.582560819] [mapex_explorer]: Main /plan diagnostic: poses=15, endpoint=(-8.95, 5.85), frontier=(-8.95, 5.85), endpoint_to_frontier=0.000 m, limit=0.10 m -> usable
[controller_server-11] [INFO] [1790228533.630664995] [controller_server]: Passing new path to controller.
[INFO] [1790228534.612169627] [mapex_explorer]: Main /plan diagnostic: poses=9, endpoint=(-8.95, 5.85), frontier=(-8.95, 5.85), endpoint_to_frontier=0.000 m, limit=0.10 m -> usable
[controller_server-11] [INFO] [1790228534.630668303] [controller_server]: Passing new path to controller.
[controller_server-11] [INFO] [1790228535.432818626] [controller_server]: Reached the goal!
[controller_server-11] [INFO] [1790228535.433351924] [controller_server]: Optimizer reset
[bt_navigator-16] [INFO] [1790228535.456567819] [bt_navigator]: Goal succeeded
[INFO] [1790228535.459114658] [mapex_explorer]: Goal reached
[INFO] [1790228542.340413487] [mapex_explorer]: MapEx decision 16: selected x=-9.65, y=-0.22, IG=19.560640, distance=5.78 m, score=3.383539, region=35, candidates=23, near_fallback=False, compute=6.28 s
[bt_navigator-16] [INFO] [1790228542.342640381] [bt_navigator]: Begin navigating from current location (-8.91, 5.52) to (-9.65, -0.22)
[controller_server-11] [INFO] [1790228542.363828975] [controller_server]: Received a goal, begin computing control effort.
[INFO] [1790228542.466552056] [mapex_explorer]: Main goal accepted
[INFO] [1790228542.529241038] [mapex_explorer]: Main /plan diagnostic: poses=122, endpoint=(-9.65, -0.22), frontier=(-9.65, -0.22), endpoint_to_frontier=0.000 m, limit=0.10 m -> usable
[INFO] [1790228543.384650074] [mapex_explorer]: Main /plan diagnostic: poses=118, endpoint=(-9.65, -0.22), frontier=(-9.65, -0.22), endpoint_to_frontier=0.000 m, limit=0.10 m -> usable
[controller_server-11] [INFO] [1790228543.430790967] [controller_server]: Passing new path to controller.
[INFO] [1790228544.419340008] [mapex_explorer]: Main /plan diagnostic: poses=111, endpoint=(-9.65, -0.22), frontier=(-9.65, -0.22), endpoint_to_frontier=0.000 m, limit=0.10 m -> usable
[controller_server-11] [INFO] [1790228544.430706315] [controller_server]: Passing new path to controller.
[INFO] [1790228545.441457564] [mapex_explorer]: Main /plan diagnostic: poses=105, endpoint=(-9.65, -0.22), frontier=(-9.65, -0.22), endpoint_to_frontier=0.000 m, limit=0.10 m -> usable
[controller_server-11] [INFO] [1790228545.497348363] [controller_server]: Passing new path to controller.
[INFO] [1790228546.469747875] [mapex_explorer]: Main /plan diagnostic: poses=99, endpoint=(-9.65, -0.22), frontier=(-9.65, -0.22), endpoint_to_frontier=0.000 m, limit=0.10 m -> usable
[controller_server-11] [INFO] [1790228546.497386691] [controller_server]: Passing new path to controller.
[INFO] [1790228547.485170874] [mapex_explorer]: Main /plan diagnostic: poses=93, endpoint=(-9.65, -0.22), frontier=(-9.65, -0.22), endpoint_to_frontier=0.000 m, limit=0.10 m -> usable
[controller_server-11] [INFO] [1790228547.497356574] [controller_server]: Passing new path to controller.
[INFO] [1790228548.518763198] [mapex_explorer]: Main /plan diagnostic: poses=87, endpoint=(-9.65, -0.22), frontier=(-9.65, -0.22), endpoint_to_frontier=0.000 m, limit=0.10 m -> usable
[controller_server-11] [INFO] [1790228548.564022166] [controller_server]: Passing new path to controller.
[INFO] [1790228549.542792451] [mapex_explorer]: Main /plan diagnostic: poses=81, endpoint=(-9.65, -0.22), frontier=(-9.65, -0.22), endpoint_to_frontier=0.000 m, limit=0.10 m -> usable
[controller_server-11] [INFO] [1790228549.564018599] [controller_server]: Passing new path to controller.
[INFO] [1790228550.582480960] [mapex_explorer]: Main /plan diagnostic: poses=74, endpoint=(-9.65, -0.22), frontier=(-9.65, -0.22), endpoint_to_frontier=0.000 m, limit=0.10 m -> usable
[controller_server-11] [INFO] [1790228550.630681981] [controller_server]: Passing new path to controller.
[INFO] [1790228551.587021565] [mapex_explorer]: Main /plan diagnostic: poses=70, endpoint=(-9.65, -0.22), frontier=(-9.65, -0.22), endpoint_to_frontier=0.000 m, limit=0.10 m -> usable
[controller_server-11] [INFO] [1790228551.630702128] [controller_server]: Passing new path to controller.
[INFO] [1790228552.602906163] [mapex_explorer]: Main /plan diagnostic: poses=62, endpoint=(-9.65, -0.22), frontier=(-9.65, -0.22), endpoint_to_frontier=0.000 m, limit=0.10 m -> usable
[controller_server-11] [INFO] [1790228552.630684816] [controller_server]: Passing new path to controller.
[INFO] [1790228553.629847589] [mapex_explorer]: Main /plan diagnostic: poses=56, endpoint=(-9.65, -0.22), frontier=(-9.65, -0.22), endpoint_to_frontier=0.000 m, limit=0.10 m -> usable
[controller_server-11] [INFO] [1790228553.697389436] [controller_server]: Passing new path to controller.
[INFO] [1790228554.655168931] [mapex_explorer]: Main /plan diagnostic: poses=50, endpoint=(-9.65, -0.22), frontier=(-9.65, -0.22), endpoint_to_frontier=0.000 m, limit=0.10 m -> usable
[controller_server-11] [INFO] [1790228554.697348098] [controller_server]: Passing new path to controller.
[INFO] [1790228555.662495076] [mapex_explorer]: Main /plan diagnostic: poses=44, endpoint=(-9.65, -0.22), frontier=(-9.65, -0.22), endpoint_to_frontier=0.000 m, limit=0.10 m -> usable
[controller_server-11] [INFO] [1790228555.697354647] [controller_server]: Passing new path to controller.
[INFO] [1790228556.743645935] [mapex_explorer]: Main /plan diagnostic: poses=37, endpoint=(-9.65, -0.22), frontier=(-9.65, -0.22), endpoint_to_frontier=0.000 m, limit=0.10 m -> usable
[controller_server-11] [INFO] [1790228556.764054361] [controller_server]: Passing new path to controller.
[controller_server-11] [INFO] [1790228557.764036746] [controller_server]: Passing new path to controller.
[INFO] [1790228557.856996196] [mapex_explorer]: Main /plan diagnostic: poses=31, endpoint=(-9.65, -0.22), frontier=(-9.65, -0.22), endpoint_to_frontier=0.000 m, limit=0.10 m -> usable
[INFO] [1790228558.758842538] [mapex_explorer]: Main /plan diagnostic: poses=27, endpoint=(-9.65, -0.22), frontier=(-9.65, -0.22), endpoint_to_frontier=0.000 m, limit=0.10 m -> usable
[controller_server-11] [INFO] [1790228558.764028879] [controller_server]: Passing new path to controller.
[INFO] [1790228559.780260388] [mapex_explorer]: Main /plan diagnostic: poses=18, endpoint=(-9.65, -0.22), frontier=(-9.65, -0.22), endpoint_to_frontier=0.000 m, limit=0.10 m -> usable
[controller_server-11] [INFO] [1790228559.830682284] [controller_server]: Passing new path to controller.
[INFO] [1790228560.791936528] [mapex_explorer]: Main /plan diagnostic: poses=14, endpoint=(-9.65, -0.22), frontier=(-9.65, -0.22), endpoint_to_frontier=0.000 m, limit=0.10 m -> usable
[controller_server-11] [INFO] [1790228560.830678422] [controller_server]: Passing new path to controller.
[INFO] [1790228561.816245588] [mapex_explorer]: Main /plan diagnostic: poses=9, endpoint=(-9.65, -0.22), frontier=(-9.65, -0.22), endpoint_to_frontier=0.000 m, limit=0.10 m -> usable
[controller_server-11] [INFO] [1790228561.897368462] [controller_server]: Passing new path to controller.
[controller_server-11] [INFO] [1790228562.099628787] [controller_server]: Reached the goal!
[controller_server-11] [INFO] [1790228562.099978782] [controller_server]: Optimizer reset
[bt_navigator-16] [INFO] [1790228562.122995869] [bt_navigator]: Goal succeeded
[INFO] [1790228562.130858462] [mapex_explorer]: Goal reached
[INFO] [1790228569.319069360] [mapex_explorer]: MapEx decision 17: selected x=-12.15, y=2.88, IG=17.224174, distance=3.66 m, score=4.710901, region=37, candidates=21, near_fallback=False, compute=6.25 s
[bt_navigator-16] [INFO] [1790228569.320968499] [bt_navigator]: Begin navigating from current location (-9.79, 0.09) to (-12.15, 2.88)
[controller_server-11] [INFO] [1790228569.343334007] [controller_server]: Received a goal, begin computing control effort.
[INFO] [1790228569.446305251] [mapex_explorer]: Main goal accepted
[INFO] [1790228569.629464419] [mapex_explorer]: Main /plan diagnostic: poses=91, endpoint=(-12.15, 2.88), frontier=(-12.15, 2.88), endpoint_to_frontier=0.000 m, limit=0.10 m -> usable
[INFO] [1790228570.356166473] [mapex_explorer]: Main /plan diagnostic: poses=86, endpoint=(-12.15, 2.88), frontier=(-12.15, 2.88), endpoint_to_frontier=0.000 m, limit=0.10 m -> usable
[controller_server-11] [INFO] [1790228570.410237348] [controller_server]: Passing new path to controller.
[INFO] [1790228571.374068966] [mapex_explorer]: Main /plan diagnostic: poses=79, endpoint=(-12.15, 2.88), frontier=(-12.15, 2.88), endpoint_to_frontier=0.000 m, limit=0.10 m -> usable
[controller_server-11] [INFO] [1790228571.412510749] [controller_server]: Passing new path to controller.
[INFO] [1790228572.412960116] [mapex_explorer]: Main /plan diagnostic: poses=70, endpoint=(-12.15, 2.88), frontier=(-12.15, 2.88), endpoint_to_frontier=0.000 m, limit=0.10 m -> usable
[controller_server-11] [INFO] [1790228572.477756214] [controller_server]: Passing new path to controller.
[INFO] [1790228573.431030482] [mapex_explorer]: Main /plan diagnostic: poses=64, endpoint=(-12.15, 2.88), frontier=(-12.15, 2.88), endpoint_to_frontier=0.000 m, limit=0.10 m -> usable
[controller_server-11] [INFO] [1790228573.476990606] [controller_server]: Passing new path to controller.
[INFO] [1790228574.452161834] [mapex_explorer]: Main /plan diagnostic: poses=54, endpoint=(-12.15, 2.88), frontier=(-12.15, 2.88), endpoint_to_frontier=0.000 m, limit=0.10 m -> usable
[controller_server-11] [INFO] [1790228574.476847891] [controller_server]: Passing new path to controller.
[INFO] [1790228575.478130947] [mapex_explorer]: Main /plan diagnostic: poses=48, endpoint=(-12.15, 2.88), frontier=(-12.15, 2.88), endpoint_to_frontier=0.000 m, limit=0.10 m -> usable
[controller_server-11] [INFO] [1790228575.544330665] [controller_server]: Passing new path to controller.
[INFO] [1790228576.499659890] [mapex_explorer]: Main /plan diagnostic: poses=41, endpoint=(-12.15, 2.88), frontier=(-12.15, 2.88), endpoint_to_frontier=0.000 m, limit=0.10 m -> usable
[controller_server-11] [INFO] [1790228576.543541742] [controller_server]: Passing new path to controller.
[INFO] [1790228577.518653065] [mapex_explorer]: Main /plan diagnostic: poses=32, endpoint=(-12.15, 2.88), frontier=(-12.15, 2.88), endpoint_to_frontier=0.000 m, limit=0.10 m -> usable
[controller_server-11] [INFO] [1790228577.545021468] [controller_server]: Passing new path to controller.
[INFO] [1790228578.548809075] [mapex_explorer]: Main /plan diagnostic: poses=22, endpoint=(-12.15, 2.88), frontier=(-12.15, 2.88), endpoint_to_frontier=0.000 m, limit=0.10 m -> usable
[controller_server-11] [INFO] [1790228578.610200744] [controller_server]: Passing new path to controller.
[INFO] [1790228579.560386303] [mapex_explorer]: Main /plan diagnostic: poses=18, endpoint=(-12.15, 2.88), frontier=(-12.15, 2.88), endpoint_to_frontier=0.000 m, limit=0.10 m -> usable
[controller_server-11] [INFO] [1790228579.610175345] [controller_server]: Passing new path to controller.
[INFO] [1790228580.585543734] [mapex_explorer]: Main /plan diagnostic: poses=10, endpoint=(-12.15, 2.88), frontier=(-12.15, 2.88), endpoint_to_frontier=0.000 m, limit=0.10 m -> usable
[controller_server-11] [INFO] [1790228580.610396798] [controller_server]: Passing new path to controller.
[controller_server-11] [INFO] [1790228581.413604532] [controller_server]: Reached the goal!
[controller_server-11] [INFO] [1790228581.413943000] [controller_server]: Optimizer reset
[bt_navigator-16] [INFO] [1790228581.441323896] [bt_navigator]: Goal succeeded
[INFO] [1790228581.444928420] [mapex_explorer]: Goal reached
[INFO] [1790228588.178047720] [mapex_explorer]: MapEx decision 18: selected x=-8.65, y=-11.52, IG=30.073864, distance=14.49 m, score=2.075634, region=28, candidates=18, near_fallback=False, compute=6.12 s
[bt_navigator-16] [INFO] [1790228588.180554892] [bt_navigator]: Begin navigating from current location (-12.14, 2.54) to (-8.65, -11.52)
[controller_server-11] [INFO] [1790228588.201653718] [controller_server]: Received a goal, begin computing control effort.
[INFO] [1790228588.299899245] [mapex_explorer]: Main goal accepted
[INFO] [1790228588.377416650] [mapex_explorer]: Main /plan diagnostic: poses=412, endpoint=(-8.65, -11.52), frontier=(-8.65, -11.52), endpoint_to_frontier=0.000 m, limit=0.10 m -> usable
[INFO] [1790228589.224164698] [mapex_explorer]: Main /plan diagnostic: poses=408, endpoint=(-8.65, -11.52), frontier=(-8.65, -11.52), endpoint_to_frontier=0.000 m, limit=0.10 m -> usable
[controller_server-11] [INFO] [1790228589.268968076] [controller_server]: Passing new path to controller.
[INFO] [1790228590.253056450] [mapex_explorer]: Main /plan diagnostic: poses=402, endpoint=(-8.65, -11.52), frontier=(-8.65, -11.52), endpoint_to_frontier=0.000 m, limit=0.10 m -> usable
[controller_server-11] [INFO] [1790228590.268558918] [controller_server]: Passing new path to controller.
[INFO] [1790228591.310612957] [mapex_explorer]: Main /plan diagnostic: poses=401, endpoint=(-8.65, -11.52), frontier=(-8.65, -11.52), endpoint_to_frontier=0.000 m, limit=0.10 m -> usable
[controller_server-11] [INFO] [1790228591.335219275] [controller_server]: Passing new path to controller.
[INFO] [1790228592.309976190] [mapex_explorer]: Main /plan diagnostic: poses=402, endpoint=(-8.65, -11.52), frontier=(-8.65, -11.52), endpoint_to_frontier=0.000 m, limit=0.10 m -> usable
[controller_server-11] [INFO] [1790228592.335259676] [controller_server]: Passing new path to controller.
[controller_server-11] [INFO] [1790228593.335245883] [controller_server]: Passing new path to controller.
[INFO] [1790228593.338888275] [mapex_explorer]: Main /plan diagnostic: poses=400, endpoint=(-8.65, -11.52), frontier=(-8.65, -11.52), endpoint_to_frontier=0.000 m, limit=0.10 m -> usable
[INFO] [1790228594.368415830] [mapex_explorer]: Main /plan diagnostic: poses=387, endpoint=(-8.65, -11.52), frontier=(-8.65, -11.52), endpoint_to_frontier=0.000 m, limit=0.10 m -> usable
[controller_server-11] [INFO] [1790228594.401884754] [controller_server]: Passing new path to controller.
[INFO] [1790228595.388709387] [mapex_explorer]: Main /plan diagnostic: poses=377, endpoint=(-8.65, -11.52), frontier=(-8.65, -11.52), endpoint_to_frontier=0.000 m, limit=0.10 m -> usable
[controller_server-11] [INFO] [1790228595.401882441] [controller_server]: Passing new path to controller.
[INFO] [1790228596.410454743] [mapex_explorer]: Main /plan diagnostic: poses=369, endpoint=(-8.65, -11.52), frontier=(-8.65, -11.52), endpoint_to_frontier=0.000 m, limit=0.10 m -> usable
[controller_server-11] [INFO] [1790228596.468543523] [controller_server]: Passing new path to controller.
[INFO] [1790228597.432206288] [mapex_explorer]: Main /plan diagnostic: poses=358, endpoint=(-8.65, -11.52), frontier=(-8.65, -11.52), endpoint_to_frontier=0.000 m, limit=0.10 m -> usable
[controller_server-11] [INFO] [1790228597.468543089] [controller_server]: Passing new path to controller.
[INFO] [1790228598.462452701] [mapex_explorer]: Main /plan diagnostic: poses=350, endpoint=(-8.65, -11.52), frontier=(-8.65, -11.52), endpoint_to_frontier=0.000 m, limit=0.10 m -> usable
[controller_server-11] [INFO] [1790228598.468537633] [controller_server]: Passing new path to controller.
[INFO] [1790228599.496429445] [mapex_explorer]: Main /plan diagnostic: poses=342, endpoint=(-8.65, -11.52), frontier=(-8.65, -11.52), endpoint_to_frontier=0.000 m, limit=0.10 m -> usable
[controller_server-11] [INFO] [1790228599.535207442] [controller_server]: Passing new path to controller.
[INFO] [1790228600.512700955] [mapex_explorer]: Main /plan diagnostic: poses=334, endpoint=(-8.65, -11.52), frontier=(-8.65, -11.52), endpoint_to_frontier=0.000 m, limit=0.10 m -> usable
[controller_server-11] [INFO] [1790228600.535218096] [controller_server]: Passing new path to controller.
[INFO] [1790228601.547111197] [mapex_explorer]: Main /plan diagnostic: poses=324, endpoint=(-8.65, -11.52), frontier=(-8.65, -11.52), endpoint_to_frontier=0.000 m, limit=0.10 m -> usable
[controller_server-11] [INFO] [1790228601.601886613] [controller_server]: Passing new path to controller.
[INFO] [1790228602.562837267] [mapex_explorer]: Main /plan diagnostic: poses=316, endpoint=(-8.65, -11.52), frontier=(-8.65, -11.52), endpoint_to_frontier=0.000 m, limit=0.10 m -> usable
[controller_server-11] [INFO] [1790228602.601880312] [controller_server]: Passing new path to controller.
[INFO] [1790228603.582788456] [mapex_explorer]: Main /plan diagnostic: poses=306, endpoint=(-8.65, -11.52), frontier=(-8.65, -11.52), endpoint_to_frontier=0.000 m, limit=0.10 m -> usable
[controller_server-11] [INFO] [1790228603.601871800] [controller_server]: Passing new path to controller.
[INFO] [1790228604.612887304] [mapex_explorer]: Main /plan diagnostic: poses=298, endpoint=(-8.65, -11.52), frontier=(-8.65, -11.52), endpoint_to_frontier=0.000 m, limit=0.10 m -> usable
[controller_server-11] [INFO] [1790228604.668556177] [controller_server]: Passing new path to controller.
[INFO] [1790228605.633667952] [mapex_explorer]: Main /plan diagnostic: poses=290, endpoint=(-8.65, -11.52), frontier=(-8.65, -11.52), endpoint_to_frontier=0.000 m, limit=0.10 m -> usable
[controller_server-11] [INFO] [1790228605.669110572] [controller_server]: Passing new path to controller.
[async_slam_toolbox_node-10] W20260924 12:43:25.819255 35812 preprocessor.cc:67] Specified options.num_threads: 50 exceeds maximum available from the threading model Ceres was compiled with: 16.  Bounding to maximum number available.
[async_slam_toolbox_node-10] [INFO] [1790228605.829489581] [slam_toolbox]: Adaptive anchor summary: latest_node=861, local_edges=891, loop_history=0, avg_effective_weight=1.334, release_regions=0
[controller_server-11] [INFO] [1790228606.668551756] [controller_server]: Passing new path to controller.
[INFO] [1790228606.669233818] [mapex_explorer]: Main /plan diagnostic: poses=281, endpoint=(-8.65, -11.52), frontier=(-8.65, -11.52), endpoint_to_frontier=0.000 m, limit=0.10 m -> usable
[controller_server-11] [INFO] [1790228606.737834641] [local_costmap.local_costmap]: StaticLayer: Resizing static layer to 260 X 200 at 0.100000 m/pix
[rviz2-7] [INFO] [1790228606.753978083] [rviz2]: Trying to create a map of size 260 x 200 using 1 swatches
[planner_server-13] [INFO] [1790228606.993375103] [global_costmap.global_costmap]: StaticLayer: Resizing costmap to 260 X 200 at 0.100000 m/pix
[controller_server-11] [INFO] [1790228607.735212427] [controller_server]: Passing new path to controller.
[INFO] [1790228607.759627429] [mapex_explorer]: Main /plan diagnostic: poses=272, endpoint=(-8.65, -11.52), frontier=(-8.65, -11.52), endpoint_to_frontier=0.000 m, limit=0.10 m -> usable
[controller_server-11] [INFO] [1790228608.735246618] [controller_server]: Passing new path to controller.
[INFO] [1790228608.759526145] [mapex_explorer]: Main /plan diagnostic: poses=265, endpoint=(-8.65, -11.52), frontier=(-8.65, -11.52), endpoint_to_frontier=0.000 m, limit=0.10 m -> usable
[INFO] [1790228609.761608458] [mapex_explorer]: Main /plan diagnostic: poses=257, endpoint=(-8.65, -11.52), frontier=(-8.65, -11.52), endpoint_to_frontier=0.000 m, limit=0.10 m -> usable
[controller_server-11] [INFO] [1790228609.801950213] [controller_server]: Passing new path to controller.
[async_slam_toolbox_node-10] W20260924 12:43:30.745311 35812 preprocessor.cc:67] Specified options.num_threads: 50 exceeds maximum available from the threading model Ceres was compiled with: 16.  Bounding to maximum number available.
[INFO] [1790228610.771421339] [mapex_explorer]: Main /plan diagnostic: poses=247, endpoint=(-8.65, -11.52), frontier=(-8.65, -11.52), endpoint_to_frontier=0.000 m, limit=0.10 m -> usable
[controller_server-11] [INFO] [1790228610.801900528] [controller_server]: Passing new path to controller.
[controller_server-11] [INFO] [1790228611.735128200] [local_costmap.local_costmap]: StaticLayer: Resizing static layer to 260 X 200 at 0.100000 m/pix
[INFO] [1790228611.795874174] [mapex_explorer]: Main /plan diagnostic: poses=239, endpoint=(-8.65, -11.52), frontier=(-8.65, -11.52), endpoint_to_frontier=0.000 m, limit=0.10 m -> usable
[controller_server-11] [INFO] [1790228611.802269207] [controller_server]: Passing new path to controller.
[planner_server-13] [INFO] [1790228611.993403016] [global_costmap.global_costmap]: StaticLayer: Resizing costmap to 260 X 200 at 0.100000 m/pix
[INFO] [1790228612.859098687] [mapex_explorer]: Main /plan diagnostic: poses=231, endpoint=(-8.65, -11.52), frontier=(-8.65, -11.52), endpoint_to_frontier=0.000 m, limit=0.10 m -> usable
[controller_server-11] [INFO] [1790228612.868566567] [controller_server]: Passing new path to controller.
[INFO] [1790228613.839641917] [mapex_explorer]: Main /plan diagnostic: poses=222, endpoint=(-8.65, -11.52), frontier=(-8.65, -11.52), endpoint_to_frontier=0.000 m, limit=0.10 m -> usable
[controller_server-11] [INFO] [1790228613.869311503] [controller_server]: Passing new path to controller.
[INFO] [1790228614.860563678] [mapex_explorer]: Main /plan diagnostic: poses=212, endpoint=(-8.65, -11.52), frontier=(-8.65, -11.52), endpoint_to_frontier=0.000 m, limit=0.10 m -> usable
[controller_server-11] [INFO] [1790228614.868546242] [controller_server]: Passing new path to controller.
[INFO] [1790228615.885659739] [mapex_explorer]: Main /plan diagnostic: poses=203, endpoint=(-8.65, -11.52), frontier=(-8.65, -11.52), endpoint_to_frontier=0.000 m, limit=0.10 m -> usable
[controller_server-11] [INFO] [1790228615.935260005] [controller_server]: Passing new path to controller.
[async_slam_toolbox_node-10] W20260924 12:43:36.591207 35812 preprocessor.cc:67] Specified options.num_threads: 50 exceeds maximum available from the threading model Ceres was compiled with: 16.  Bounding to maximum number available.
[INFO] [1790228616.913997377] [mapex_explorer]: Main /plan diagnostic: poses=195, endpoint=(-8.65, -11.52), frontier=(-8.65, -11.52), endpoint_to_frontier=0.000 m, limit=0.10 m -> usable
[controller_server-11] [INFO] [1790228616.935659747] [controller_server]: Passing new path to controller.
[INFO] [1790228617.947370140] [mapex_explorer]: Main /plan diagnostic: poses=187, endpoint=(-8.65, -11.52), frontier=(-8.65, -11.52), endpoint_to_frontier=0.000 m, limit=0.10 m -> usable
[controller_server-11] [INFO] [1790228618.001910665] [controller_server]: Passing new path to controller.
[INFO] [1790228618.980872990] [mapex_explorer]: Main /plan diagnostic: poses=178, endpoint=(-8.65, -11.52), frontier=(-8.65, -11.52), endpoint_to_frontier=0.000 m, limit=0.10 m -> usable
[controller_server-11] [INFO] [1790228619.001868750] [controller_server]: Passing new path to controller.
[INFO] [1790228619.985876462] [mapex_explorer]: Main /plan diagnostic: poses=169, endpoint=(-8.65, -11.52), frontier=(-8.65, -11.52), endpoint_to_frontier=0.000 m, limit=0.10 m -> usable
[controller_server-11] [INFO] [1790228620.001974021] [controller_server]: Passing new path to controller.
[INFO] [1790228621.015877426] [mapex_explorer]: Main /plan diagnostic: poses=161, endpoint=(-8.65, -11.52), frontier=(-8.65, -11.52), endpoint_to_frontier=0.000 m, limit=0.10 m -> usable
[controller_server-11] [INFO] [1790228621.068758030] [controller_server]: Passing new path to controller.
[INFO] [1790228622.046104883] [mapex_explorer]: Main /plan diagnostic: poses=153, endpoint=(-8.65, -11.52), frontier=(-8.65, -11.52), endpoint_to_frontier=0.000 m, limit=0.10 m -> usable
[controller_server-11] [INFO] [1790228622.068541439] [controller_server]: Passing new path to controller.
[INFO] [1790228623.062772587] [mapex_explorer]: Main /plan diagnostic: poses=143, endpoint=(-8.65, -11.52), frontier=(-8.65, -11.52), endpoint_to_frontier=0.000 m, limit=0.10 m -> usable
[controller_server-11] [INFO] [1790228623.135252011] [controller_server]: Passing new path to controller.
[INFO] [1790228624.094038251] [mapex_explorer]: Main /plan diagnostic: poses=133, endpoint=(-8.65, -11.52), frontier=(-8.65, -11.52), endpoint_to_frontier=0.000 m, limit=0.10 m -> usable
[controller_server-11] [INFO] [1790228624.135497051] [controller_server]: Passing new path to controller.
[INFO] [1790228625.119955295] [mapex_explorer]: Main /plan diagnostic: poses=126, endpoint=(-8.65, -11.52), frontier=(-8.65, -11.52), endpoint_to_frontier=0.000 m, limit=0.10 m -> usable
[controller_server-11] [INFO] [1790228625.135248587] [controller_server]: Passing new path to controller.
[INFO] [1790228626.143396549] [mapex_explorer]: Main /plan diagnostic: poses=115, endpoint=(-8.65, -11.52), frontier=(-8.65, -11.52), endpoint_to_frontier=0.000 m, limit=0.10 m -> usable
[controller_server-11] [INFO] [1790228626.201917983] [controller_server]: Passing new path to controller.
[INFO] [1790228627.153922369] [mapex_explorer]: Main /plan diagnostic: poses=103, endpoint=(-8.65, -11.52), frontier=(-8.65, -11.52), endpoint_to_frontier=0.000 m, limit=0.10 m -> usable
[controller_server-11] [INFO] [1790228627.201892720] [controller_server]: Passing new path to controller.
[INFO] [1790228628.172186334] [mapex_explorer]: Main /plan diagnostic: poses=94, endpoint=(-8.65, -11.52), frontier=(-8.65, -11.52), endpoint_to_frontier=0.000 m, limit=0.10 m -> usable
[controller_server-11] [INFO] [1790228628.201874877] [controller_server]: Passing new path to controller.
[async_slam_toolbox_node-10] W20260924 12:43:48.565316 35812 preprocessor.cc:67] Specified options.num_threads: 50 exceeds maximum available from the threading model Ceres was compiled with: 16.  Bounding to maximum number available.
[async_slam_toolbox_node-10] [INFO] [1790228628.575897407] [slam_toolbox]: Adaptive anchor summary: latest_node=933, local_edges=964, loop_history=0, avg_effective_weight=1.309, release_regions=0
[controller_server-11] [INFO] [1790228628.735063059] [local_costmap.local_costmap]: StaticLayer: Resizing static layer to 260 X 200 at 0.100000 m/pix
[planner_server-13] [INFO] [1790228628.993390413] [global_costmap.global_costmap]: StaticLayer: Resizing costmap to 260 X 200 at 0.100000 m/pix
[INFO] [1790228629.191092288] [mapex_explorer]: Main /plan diagnostic: poses=88, endpoint=(-8.65, -11.52), frontier=(-8.65, -11.52), endpoint_to_frontier=0.000 m, limit=0.10 m -> usable
[controller_server-11] [INFO] [1790228629.201882272] [controller_server]: Passing new path to controller.
[INFO] [1790228630.217438317] [mapex_explorer]: Main /plan diagnostic: poses=80, endpoint=(-8.65, -11.52), frontier=(-8.65, -11.52), endpoint_to_frontier=0.000 m, limit=0.10 m -> usable
[controller_server-11] [INFO] [1790228630.268538416] [controller_server]: Passing new path to controller.
[INFO] [1790228631.248498565] [mapex_explorer]: Main /plan diagnostic: poses=71, endpoint=(-8.65, -11.52), frontier=(-8.65, -11.52), endpoint_to_frontier=0.000 m, limit=0.10 m -> usable
[controller_server-11] [INFO] [1790228631.268575282] [controller_server]: Passing new path to controller.
[INFO] [1790228632.263426263] [mapex_explorer]: Main /plan diagnostic: poses=62, endpoint=(-8.65, -11.52), frontier=(-8.65, -11.52), endpoint_to_frontier=0.000 m, limit=0.10 m -> usable
[controller_server-11] [INFO] [1790228632.336417416] [controller_server]: Passing new path to controller.
[INFO] [1790228633.298283005] [mapex_explorer]: Main /plan diagnostic: poses=50, endpoint=(-8.65, -11.52), frontier=(-8.65, -11.52), endpoint_to_frontier=0.000 m, limit=0.10 m -> usable
[controller_server-11] [INFO] [1790228633.335205042] [controller_server]: Passing new path to controller.
[INFO] [1790228634.322407953] [mapex_explorer]: Main /plan diagnostic: poses=44, endpoint=(-8.65, -11.52), frontier=(-8.65, -11.52), endpoint_to_frontier=0.000 m, limit=0.10 m -> usable
[controller_server-11] [INFO] [1790228634.335240717] [controller_server]: Passing new path to controller.
[INFO] [1790228635.349119019] [mapex_explorer]: Main /plan diagnostic: poses=40, endpoint=(-8.65, -11.52), frontier=(-8.65, -11.52), endpoint_to_frontier=0.000 m, limit=0.10 m -> usable
[controller_server-11] [INFO] [1790228635.401944312] [controller_server]: Passing new path to controller.
[INFO] [1790228636.372764911] [mapex_explorer]: Main /plan diagnostic: poses=37, endpoint=(-8.65, -11.52), frontier=(-8.65, -11.52), endpoint_to_frontier=0.000 m, limit=0.10 m -> usable
[controller_server-11] [INFO] [1790228636.401930866] [controller_server]: Passing new path to controller.
[INFO] [1790228637.392826700] [mapex_explorer]: Main /plan diagnostic: poses=38, endpoint=(-8.65, -11.52), frontier=(-8.65, -11.52), endpoint_to_frontier=0.000 m, limit=0.10 m -> usable
[controller_server-11] [INFO] [1790228637.401874104] [controller_server]: Passing new path to controller.
[INFO] [1790228638.421607556] [mapex_explorer]: Main /plan diagnostic: poses=32, endpoint=(-8.65, -11.52), frontier=(-8.65, -11.52), endpoint_to_frontier=0.000 m, limit=0.10 m -> usable
[controller_server-11] [INFO] [1790228638.468535797] [controller_server]: Passing new path to controller.
[INFO] [1790228639.443322308] [mapex_explorer]: Main /plan diagnostic: poses=32, endpoint=(-8.65, -11.52), frontier=(-8.65, -11.52), endpoint_to_frontier=0.000 m, limit=0.10 m -> usable
[controller_server-11] [INFO] [1790228639.468642284] [controller_server]: Passing new path to controller.
[INFO] [1790228640.472752755] [mapex_explorer]: Main /plan diagnostic: poses=32, endpoint=(-8.65, -11.52), frontier=(-8.65, -11.52), endpoint_to_frontier=0.000 m, limit=0.10 m -> usable
[controller_server-11] [INFO] [1790228640.535217282] [controller_server]: Passing new path to controller.
[INFO] [1790228641.490274701] [mapex_explorer]: Main /plan diagnostic: poses=31, endpoint=(-8.65, -11.52), frontier=(-8.65, -11.52), endpoint_to_frontier=0.000 m, limit=0.10 m -> usable
[controller_server-11] [INFO] [1790228641.535202635] [controller_server]: Passing new path to controller.
[INFO] [1790228642.520977002] [mapex_explorer]: Main /plan diagnostic: poses=32, endpoint=(-8.65, -11.52), frontier=(-8.65, -11.52), endpoint_to_frontier=0.000 m, limit=0.10 m -> usable
[controller_server-11] [INFO] [1790228642.535291630] [controller_server]: Passing new path to controller.
[INFO] [1790228643.556788007] [mapex_explorer]: Main /plan diagnostic: poses=32, endpoint=(-8.65, -11.52), frontier=(-8.65, -11.52), endpoint_to_frontier=0.000 m, limit=0.10 m -> usable
[controller_server-11] [INFO] [1790228643.601879453] [controller_server]: Passing new path to controller.
[INFO] [1790228644.566909419] [mapex_explorer]: Main /plan diagnostic: poses=32, endpoint=(-8.65, -11.52), frontier=(-8.65, -11.52), endpoint_to_frontier=0.000 m, limit=0.10 m -> usable
[controller_server-11] [INFO] [1790228644.601868785] [controller_server]: Passing new path to controller.
[INFO] [1790228645.600505514] [mapex_explorer]: Main /plan diagnostic: poses=32, endpoint=(-8.65, -11.52), frontier=(-8.65, -11.52), endpoint_to_frontier=0.000 m, limit=0.10 m -> usable
[controller_server-11] [INFO] [1790228645.668680204] [controller_server]: Passing new path to controller.
[INFO] [1790228646.622011206] [mapex_explorer]: Main /plan diagnostic: poses=32, endpoint=(-8.65, -11.52), frontier=(-8.65, -11.52), endpoint_to_frontier=0.000 m, limit=0.10 m -> usable
[controller_server-11] [INFO] [1790228646.668940610] [controller_server]: Passing new path to controller.
[INFO] [1790228647.647628375] [mapex_explorer]: Main /plan diagnostic: poses=31, endpoint=(-8.65, -11.52), frontier=(-8.65, -11.52), endpoint_to_frontier=0.000 m, limit=0.10 m -> usable
[controller_server-11] [INFO] [1790228647.668728715] [controller_server]: Passing new path to controller.
[controller_server-11] [ERROR] [1790228648.069495064] [controller_server]: Failed to make progress
[controller_server-11] [INFO] [1790228648.069865165] [controller_server]: Optimizer reset
[controller_server-11] [WARN] [1790228648.069902001] [controller_server]: [follow_path] [ActionServer] Aborting handle.
[behavior_server-15] [INFO] [1790228648.083083060] [behavior_server]: Running wait
[behavior_server-15] [INFO] [1790228648.383321365] [behavior_server]: wait completed successfully
[INFO] [1790228648.407058366] [mapex_explorer]: Main /plan diagnostic: poses=32, endpoint=(-8.65, -11.52), frontier=(-8.65, -11.52), endpoint_to_frontier=0.000 m, limit=0.10 m -> usable
[controller_server-11] [INFO] [1790228648.422634901] [controller_server]: Received a goal, begin computing control effort.
[INFO] [1790228649.432983810] [mapex_explorer]: Main /plan diagnostic: poses=32, endpoint=(-8.65, -11.52), frontier=(-8.65, -11.52), endpoint_to_frontier=0.000 m, limit=0.10 m -> usable
[controller_server-11] [INFO] [1790228649.489713306] [controller_server]: Passing new path to controller.
[INFO] [1790228650.437352896] [mapex_explorer]: Main /plan diagnostic: poses=32, endpoint=(-8.65, -11.52), frontier=(-8.65, -11.52), endpoint_to_frontier=0.000 m, limit=0.10 m -> usable
[controller_server-11] [INFO] [1790228650.489540487] [controller_server]: Passing new path to controller.
[INFO] [1790228651.459601634] [mapex_explorer]: Main /plan diagnostic: poses=32, endpoint=(-8.65, -11.52), frontier=(-8.65, -11.52), endpoint_to_frontier=0.000 m, limit=0.10 m -> usable
[controller_server-11] [INFO] [1790228651.490696485] [controller_server]: Passing new path to controller.
[INFO] [1790228652.489670454] [mapex_explorer]: Main /plan diagnostic: poses=31, endpoint=(-8.65, -11.52), frontier=(-8.65, -11.52), endpoint_to_frontier=0.000 m, limit=0.10 m -> usable
[controller_server-11] [INFO] [1790228652.556578946] [controller_server]: Passing new path to controller.
[INFO] [1790228653.511948744] [mapex_explorer]: Main /plan diagnostic: poses=31, endpoint=(-8.65, -11.52), frontier=(-8.65, -11.52), endpoint_to_frontier=0.000 m, limit=0.10 m -> usable
[controller_server-11] [INFO] [1790228653.556103724] [controller_server]: Passing new path to controller.
[INFO] [1790228654.538906926] [mapex_explorer]: Main /plan diagnostic: poses=32, endpoint=(-8.65, -11.52), frontier=(-8.65, -11.52), endpoint_to_frontier=0.000 m, limit=0.10 m -> usable
[controller_server-11] [INFO] [1790228654.556125655] [controller_server]: Passing new path to controller.
[INFO] [1790228655.572500709] [mapex_explorer]: Main /plan diagnostic: poses=32, endpoint=(-8.65, -11.52), frontier=(-8.65, -11.52), endpoint_to_frontier=0.000 m, limit=0.10 m -> usable
[controller_server-11] [INFO] [1790228655.622791651] [controller_server]: Passing new path to controller.
[INFO] [1790228656.580333283] [mapex_explorer]: Main /plan diagnostic: poses=32, endpoint=(-8.65, -11.52), frontier=(-8.65, -11.52), endpoint_to_frontier=0.000 m, limit=0.10 m -> usable
[controller_server-11] [INFO] [1790228656.622768128] [controller_server]: Passing new path to controller.
[INFO] [1790228657.611605811] [mapex_explorer]: Main /plan diagnostic: poses=32, endpoint=(-8.65, -11.52), frontier=(-8.65, -11.52), endpoint_to_frontier=0.000 m, limit=0.10 m -> usable
[controller_server-11] [INFO] [1790228657.689461136] [controller_server]: Passing new path to controller.
[INFO] [1790228658.638364290] [mapex_explorer]: Main /plan diagnostic: poses=32, endpoint=(-8.65, -11.52), frontier=(-8.65, -11.52), endpoint_to_frontier=0.000 m, limit=0.10 m -> usable
[controller_server-11] [INFO] [1790228658.690258428] [controller_server]: Passing new path to controller.
[INFO] [1790228659.647805807] [mapex_explorer]: Main /plan diagnostic: poses=31, endpoint=(-8.65, -11.52), frontier=(-8.65, -11.52), endpoint_to_frontier=0.000 m, limit=0.10 m -> usable
[controller_server-11] [INFO] [1790228659.689716732] [controller_server]: Passing new path to controller.
[controller_server-11] [ERROR] [1790228660.222884968] [controller_server]: Failed to make progress
[controller_server-11] [INFO] [1790228660.224264114] [controller_server]: Optimizer reset
[controller_server-11] [WARN] [1790228660.224342778] [controller_server]: [follow_path] [ActionServer] Aborting handle.
[bt_navigator-16] [WARN] [1790228660.251087839] [bt_navigator]: [navigate_to_pose] [ActionServer] Aborting handle.
[bt_navigator-16] [ERROR] [1790228660.251336891] [bt_navigator]: Goal failed
[WARN] [1790228660.255131618] [mapex_explorer]: Main goal failed (status=6, error_code=105)
[WARN] [1790228660.255951308] [mapex_explorer]: Path-guided recovery #1: temporary subgoal x=-8.42, y=-10.17, 0.71 m ahead on main path (remaining main path=2.18 m, trigger_error=105)
[bt_navigator-16] [INFO] [1790228660.258108678] [bt_navigator]: Begin navigating from current location (-8.70, -9.57) to (-8.42, -10.17)
[INFO] [1790228660.260250756] [mapex_explorer]: Subgoal goal accepted
[controller_server-11] [INFO] [1790228660.279386638] [controller_server]: Received a goal, begin computing control effort.
[controller_server-11] [INFO] [1790228661.346928773] [controller_server]: Passing new path to controller.
[controller_server-11] [INFO] [1790228662.346714076] [controller_server]: Passing new path to controller.
[controller_server-11] [INFO] [1790228662.615549131] [controller_server]: Reached the goal!
[controller_server-11] [INFO] [1790228662.615841792] [controller_server]: Optimizer reset
[bt_navigator-16] [INFO] [1790228662.640157719] [bt_navigator]: Goal succeeded
[INFO] [1790228662.643560115] [mapex_explorer]: Recovery subgoal reached; retrying the same main frontier.
[bt_navigator-16] [INFO] [1790228662.646904251] [bt_navigator]: Begin navigating from current location (-8.50, -9.78) to (-8.65, -11.52)
[controller_server-11] [INFO] [1790228662.650587212] [controller_server]: Received a goal, begin computing control effort.
[INFO] [1790228662.675684286] [mapex_explorer]: Main goal accepted
[INFO] [1790228662.676002656] [mapex_explorer]: Main /plan diagnostic: poses=25, endpoint=(-8.65, -11.52), frontier=(-8.65, -11.52), endpoint_to_frontier=0.000 m, limit=0.10 m -> usable
[INFO] [1790228663.665384701] [mapex_explorer]: Main /plan diagnostic: poses=27, endpoint=(-8.65, -11.52), frontier=(-8.65, -11.52), endpoint_to_frontier=0.000 m, limit=0.10 m -> usable
[controller_server-11] [INFO] [1790228663.717511495] [controller_server]: Passing new path to controller.
[controller_server-11] [INFO] [1790228664.717514884] [controller_server]: Passing new path to controller.
[INFO] [1790228664.751721318] [mapex_explorer]: Main /plan diagnostic: poses=25, endpoint=(-8.65, -11.52), frontier=(-8.65, -11.52), endpoint_to_frontier=0.000 m, limit=0.10 m -> usable
[INFO] [1790228665.750472742] [mapex_explorer]: Main /plan diagnostic: poses=25, endpoint=(-8.65, -11.52), frontier=(-8.65, -11.52), endpoint_to_frontier=0.000 m, limit=0.10 m -> usable
[controller_server-11] [INFO] [1790228665.784261638] [controller_server]: Passing new path to controller.
[INFO] [1790228666.744016944] [mapex_explorer]: Main /plan diagnostic: poses=25, endpoint=(-8.65, -11.52), frontier=(-8.65, -11.52), endpoint_to_frontier=0.000 m, limit=0.10 m -> usable
[controller_server-11] [INFO] [1790228666.784173776] [controller_server]: Passing new path to controller.
[controller_server-11] [INFO] [1790228667.784186445] [controller_server]: Passing new path to controller.
[INFO] [1790228667.848151126] [mapex_explorer]: Main /plan diagnostic: poses=26, endpoint=(-8.65, -11.52), frontier=(-8.65, -11.52), endpoint_to_frontier=0.000 m, limit=0.10 m -> usable
[INFO] [1790228668.786885673] [mapex_explorer]: Main /plan diagnostic: poses=25, endpoint=(-8.65, -11.52), frontier=(-8.65, -11.52), endpoint_to_frontier=0.000 m, limit=0.10 m -> usable
[controller_server-11] [INFO] [1790228668.850833542] [controller_server]: Passing new path to controller.
[INFO] [1790228669.811182238] [mapex_explorer]: Main /plan diagnostic: poses=25, endpoint=(-8.65, -11.52), frontier=(-8.65, -11.52), endpoint_to_frontier=0.000 m, limit=0.10 m -> usable
[controller_server-11] [INFO] [1790228669.850844002] [controller_server]: Passing new path to controller.
[INFO] [1790228670.840312885] [mapex_explorer]: Main /plan diagnostic: poses=24, endpoint=(-8.65, -11.52), frontier=(-8.65, -11.52), endpoint_to_frontier=0.000 m, limit=0.10 m -> usable
[controller_server-11] [INFO] [1790228670.850838315] [controller_server]: Passing new path to controller.
[INFO] [1790228671.862238903] [mapex_explorer]: Main /plan diagnostic: poses=26, endpoint=(-8.65, -11.52), frontier=(-8.65, -11.52), endpoint_to_frontier=0.000 m, limit=0.10 m -> usable
[controller_server-11] [INFO] [1790228671.919634330] [controller_server]: Passing new path to controller.
[INFO] [1790228672.890983414] [mapex_explorer]: Main /plan diagnostic: poses=25, endpoint=(-8.65, -11.52), frontier=(-8.65, -11.52), endpoint_to_frontier=0.000 m, limit=0.10 m -> usable
[controller_server-11] [INFO] [1790228672.918163006] [controller_server]: Passing new path to controller.
[INFO] [1790228673.918300503] [mapex_explorer]: Main /plan diagnostic: poses=24, endpoint=(-8.65, -11.52), frontier=(-8.65, -11.52), endpoint_to_frontier=0.000 m, limit=0.10 m -> usable
[controller_server-11] [INFO] [1790228673.984164396] [controller_server]: Passing new path to controller.
[controller_server-11] [ERROR] [1790228674.317670282] [controller_server]: Failed to make progress
[controller_server-11] [INFO] [1790228674.318497606] [controller_server]: Optimizer reset
[controller_server-11] [WARN] [1790228674.318533525] [controller_server]: [follow_path] [ActionServer] Aborting handle.
[behavior_server-15] [INFO] [1790228674.340331355] [behavior_server]: Running wait
[behavior_server-15] [INFO] [1790228674.640843972] [behavior_server]: wait completed successfully
[INFO] [1790228674.664848670] [mapex_explorer]: Main /plan diagnostic: poses=24, endpoint=(-8.65, -11.52), frontier=(-8.65, -11.52), endpoint_to_frontier=0.000 m, limit=0.10 m -> usable
[controller_server-11] [INFO] [1790228674.678496303] [controller_server]: Received a goal, begin computing control effort.
[INFO] [1790228675.737684860] [mapex_explorer]: Main /plan diagnostic: poses=25, endpoint=(-8.65, -11.52), frontier=(-8.65, -11.52), endpoint_to_frontier=0.000 m, limit=0.10 m -> usable
[controller_server-11] [INFO] [1790228675.745377935] [controller_server]: Passing new path to controller.
[controller_server-11] [INFO] [1790228676.745364561] [controller_server]: Passing new path to controller.
[INFO] [1790228676.749485269] [mapex_explorer]: Main /plan diagnostic: poses=26, endpoint=(-8.65, -11.52), frontier=(-8.65, -11.52), endpoint_to_frontier=0.000 m, limit=0.10 m -> usable
[INFO] [1790228677.740988863] [mapex_explorer]: Main /plan diagnostic: poses=24, endpoint=(-8.65, -11.52), frontier=(-8.65, -11.52), endpoint_to_frontier=0.000 m, limit=0.10 m -> usable
[controller_server-11] [INFO] [1790228677.745367086] [controller_server]: Passing new path to controller.
[controller_server-11] [INFO] [1790228678.812043175] [controller_server]: Passing new path to controller.
[INFO] [1790228678.862799462] [mapex_explorer]: Main /plan diagnostic: poses=24, endpoint=(-8.65, -11.52), frontier=(-8.65, -11.52), endpoint_to_frontier=0.000 m, limit=0.10 m -> usable
[INFO] [1790228679.780691509] [mapex_explorer]: Main /plan diagnostic: poses=24, endpoint=(-8.65, -11.52), frontier=(-8.65, -11.52), endpoint_to_frontier=0.000 m, limit=0.10 m -> usable
[controller_server-11] [INFO] [1790228679.812242340] [controller_server]: Passing new path to controller.
[INFO] [1790228680.805420765] [mapex_explorer]: Main /plan diagnostic: poses=26, endpoint=(-8.65, -11.52), frontier=(-8.65, -11.52), endpoint_to_frontier=0.000 m, limit=0.10 m -> usable
[controller_server-11] [INFO] [1790228680.878712880] [controller_server]: Passing new path to controller.
[INFO] [1790228681.830663272] [mapex_explorer]: Main /plan diagnostic: poses=25, endpoint=(-8.65, -11.52), frontier=(-8.65, -11.52), endpoint_to_frontier=0.000 m, limit=0.10 m -> usable
[controller_server-11] [INFO] [1790228681.878736461] [controller_server]: Passing new path to controller.
[INFO] [1790228682.843680696] [mapex_explorer]: Main /plan diagnostic: poses=24, endpoint=(-8.65, -11.52), frontier=(-8.65, -11.52), endpoint_to_frontier=0.000 m, limit=0.10 m -> usable
[controller_server-11] [INFO] [1790228682.880810042] [controller_server]: Passing new path to controller.
[INFO] [1790228683.881781010] [mapex_explorer]: Main /plan diagnostic: poses=24, endpoint=(-8.65, -11.52), frontier=(-8.65, -11.52), endpoint_to_frontier=0.000 m, limit=0.10 m -> usable
[controller_server-11] [INFO] [1790228683.945636387] [controller_server]: Passing new path to controller.
[INFO] [1790228684.907682476] [mapex_explorer]: Main /plan diagnostic: poses=25, endpoint=(-8.65, -11.52), frontier=(-8.65, -11.52), endpoint_to_frontier=0.000 m, limit=0.10 m -> usable
[controller_server-11] [INFO] [1790228684.946576768] [controller_server]: Passing new path to controller.
[INFO] [1790228685.912251716] [mapex_explorer]: Main /plan diagnostic: poses=24, endpoint=(-8.65, -11.52), frontier=(-8.65, -11.52), endpoint_to_frontier=0.000 m, limit=0.10 m -> usable
[controller_server-11] [INFO] [1790228685.945525281] [controller_server]: Passing new path to controller.
[controller_server-11] [ERROR] [1790228686.412147762] [controller_server]: Failed to make progress
[controller_server-11] [INFO] [1790228686.412584199] [controller_server]: Optimizer reset
[controller_server-11] [WARN] [1790228686.412629806] [controller_server]: [follow_path] [ActionServer] Aborting handle.
[bt_navigator-16] [WARN] [1790228686.437293813] [bt_navigator]: [navigate_to_pose] [ActionServer] Aborting handle.
[bt_navigator-16] [ERROR] [1790228686.437494352] [bt_navigator]: Goal failed
[WARN] [1790228686.445254859] [mapex_explorer]: Main goal failed (status=6, error_code=105)
[WARN] [1790228686.445811248] [mapex_explorer]: Main frontier temporarily suppressed after FAILED_TO_MAKE_PROGRESS (105): x=-8.65, y=-11.52; reason=repeated_failed_to_make_progress; radius=0.30 m, cooldown=30 s. Exploration will continue with another frontier.
[INFO] [1790228693.263260550] [mapex_explorer]: MapEx decision 19: selected x=-11.17, y=-11.42, IG=23.833250, distance=3.12 m, score=7.636286, region=38, candidates=18, near_fallback=False, compute=6.20 s
[bt_navigator-16] [INFO] [1790228693.266189333] [bt_navigator]: Begin navigating from current location (-8.54, -9.74) to (-11.17, -11.42)
[controller_server-11] [INFO] [1790228693.287789206] [controller_server]: Received a goal, begin computing control effort.
[INFO] [1790228693.382162351] [mapex_explorer]: Main goal accepted
[INFO] [1790228693.555842343] [mapex_explorer]: Main /plan diagnostic: poses=91, endpoint=(-11.17, -11.42), frontier=(-11.17, -11.42), endpoint_to_frontier=0.000 m, limit=0.10 m -> usable
[INFO] [1790228694.305467371] [mapex_explorer]: Main /plan diagnostic: poses=87, endpoint=(-11.17, -11.42), frontier=(-11.17, -11.42), endpoint_to_frontier=0.000 m, limit=0.10 m -> usable
[controller_server-11] [INFO] [1790228694.354643347] [controller_server]: Passing new path to controller.
[INFO] [1790228695.335564951] [mapex_explorer]: Main /plan diagnostic: poses=83, endpoint=(-11.17, -11.42), frontier=(-11.17, -11.42), endpoint_to_frontier=0.000 m, limit=0.10 m -> usable
[controller_server-11] [INFO] [1790228695.354704477] [controller_server]: Passing new path to controller.
[INFO] [1790228696.373947156] [mapex_explorer]: Main /plan diagnostic: poses=81, endpoint=(-11.17, -11.42), frontier=(-11.17, -11.42), endpoint_to_frontier=0.000 m, limit=0.10 m -> usable
[controller_server-11] [INFO] [1790228696.421332713] [controller_server]: Passing new path to controller.
[INFO] [1790228697.396948024] [mapex_explorer]: Main /plan diagnostic: poses=82, endpoint=(-11.17, -11.42), frontier=(-11.17, -11.42), endpoint_to_frontier=0.000 m, limit=0.10 m -> usable
[controller_server-11] [INFO] [1790228697.421296667] [controller_server]: Passing new path to controller.
[INFO] [1790228698.426848107] [mapex_explorer]: Main /plan diagnostic: poses=74, endpoint=(-11.17, -11.42), frontier=(-11.17, -11.42), endpoint_to_frontier=0.000 m, limit=0.10 m -> usable
[controller_server-11] [INFO] [1790228698.488122633] [controller_server]: Passing new path to controller.
[INFO] [1790228699.444316843] [mapex_explorer]: Main /plan diagnostic: poses=65, endpoint=(-11.17, -11.42), frontier=(-11.17, -11.42), endpoint_to_frontier=0.000 m, limit=0.10 m -> usable
[controller_server-11] [INFO] [1790228699.487961836] [controller_server]: Passing new path to controller.
[INFO] [1790228700.464970602] [mapex_explorer]: Main /plan diagnostic: poses=58, endpoint=(-11.17, -11.42), frontier=(-11.17, -11.42), endpoint_to_frontier=0.000 m, limit=0.10 m -> usable
[controller_server-11] [INFO] [1790228700.487968935] [controller_server]: Passing new path to controller.
[INFO] [1790228701.503355611] [mapex_explorer]: Main /plan diagnostic: poses=48, endpoint=(-11.17, -11.42), frontier=(-11.17, -11.42), endpoint_to_frontier=0.000 m, limit=0.10 m -> usable
[controller_server-11] [INFO] [1790228701.554643510] [controller_server]: Passing new path to controller.
[INFO] [1790228702.508556146] [mapex_explorer]: Main /plan diagnostic: poses=39, endpoint=(-11.17, -11.42), frontier=(-11.17, -11.42), endpoint_to_frontier=0.000 m, limit=0.10 m -> usable
[controller_server-11] [INFO] [1790228702.554626119] [controller_server]: Passing new path to controller.
[INFO] [1790228703.534591444] [mapex_explorer]: Main /plan diagnostic: poses=32, endpoint=(-11.17, -11.42), frontier=(-11.17, -11.42), endpoint_to_frontier=0.000 m, limit=0.10 m -> usable
[controller_server-11] [INFO] [1790228703.554626123] [controller_server]: Passing new path to controller.
[INFO] [1790228704.557052261] [mapex_explorer]: Main /plan diagnostic: poses=21, endpoint=(-11.17, -11.42), frontier=(-11.17, -11.42), endpoint_to_frontier=0.000 m, limit=0.10 m -> usable
[controller_server-11] [INFO] [1790228704.621361471] [controller_server]: Passing new path to controller.
[INFO] [1790228705.577965507] [mapex_explorer]: Main /plan diagnostic: poses=15, endpoint=(-11.17, -11.42), frontier=(-11.17, -11.42), endpoint_to_frontier=0.000 m, limit=0.10 m -> usable
[controller_server-11] [INFO] [1790228705.621294196] [controller_server]: Passing new path to controller.
[INFO] [1790228706.606629730] [mapex_explorer]: Main /plan diagnostic: poses=9, endpoint=(-11.17, -11.42), frontier=(-11.17, -11.42), endpoint_to_frontier=0.000 m, limit=0.10 m -> usable
[controller_server-11] [INFO] [1790228706.621321064] [controller_server]: Passing new path to controller.
[controller_server-11] [INFO] [1790228707.357395547] [controller_server]: Reached the goal!
[controller_server-11] [INFO] [1790228707.358451353] [controller_server]: Optimizer reset
[bt_navigator-16] [INFO] [1790228707.386509020] [bt_navigator]: Goal succeeded
[INFO] [1790228707.391438964] [mapex_explorer]: Goal reached
[INFO] [1790228714.115069487] [mapex_explorer]: MapEx decision 20: selected x=1.33, y=-12.12, IG=31.391640, distance=12.66 m, score=2.478680, region=21, candidates=17, near_fallback=False, compute=6.05 s
[bt_navigator-16] [INFO] [1790228714.118800096] [bt_navigator]: Begin navigating from current location (-11.30, -11.13) to (1.33, -12.12)
[controller_server-11] [INFO] [1790228714.140186051] [controller_server]: Received a goal, begin computing control effort.
[INFO] [1790228714.243798362] [mapex_explorer]: Main goal accepted
[INFO] [1790228714.447024332] [mapex_explorer]: Main /plan diagnostic: poses=490, endpoint=(1.33, -12.12), frontier=(1.33, -12.12), endpoint_to_frontier=0.000 m, limit=0.10 m -> usable
[INFO] [1790228715.178323551] [mapex_explorer]: Main /plan diagnostic: poses=485, endpoint=(1.33, -12.12), frontier=(1.33, -12.12), endpoint_to_frontier=0.000 m, limit=0.10 m -> usable
[controller_server-11] [INFO] [1790228715.207057653] [controller_server]: Passing new path to controller.
[INFO] [1790228716.195010660] [mapex_explorer]: Main /plan diagnostic: poses=480, endpoint=(1.33, -12.12), frontier=(1.33, -12.12), endpoint_to_frontier=0.000 m, limit=0.10 m -> usable
[controller_server-11] [INFO] [1790228716.207288246] [controller_server]: Passing new path to controller.
[INFO] [1790228717.227472464] [mapex_explorer]: Main /plan diagnostic: poses=473, endpoint=(1.33, -12.12), frontier=(1.33, -12.12), endpoint_to_frontier=0.000 m, limit=0.10 m -> usable
[controller_server-11] [INFO] [1790228717.273711708] [controller_server]: Passing new path to controller.
[INFO] [1790228718.257408576] [mapex_explorer]: Main /plan diagnostic: poses=467, endpoint=(1.33, -12.12), frontier=(1.33, -12.12), endpoint_to_frontier=0.000 m, limit=0.10 m -> usable
[controller_server-11] [INFO] [1790228718.273725665] [controller_server]: Passing new path to controller.
[INFO] [1790228719.291633242] [mapex_explorer]: Main /plan diagnostic: poses=461, endpoint=(1.33, -12.12), frontier=(1.33, -12.12), endpoint_to_frontier=0.000 m, limit=0.10 m -> usable
[controller_server-11] [INFO] [1790228719.341493970] [controller_server]: Passing new path to controller.
[INFO] [1790228720.310290934] [mapex_explorer]: Main /plan diagnostic: poses=458, endpoint=(1.33, -12.12), frontier=(1.33, -12.12), endpoint_to_frontier=0.000 m, limit=0.10 m -> usable
[controller_server-11] [INFO] [1790228720.340385411] [controller_server]: Passing new path to controller.
[INFO] [1790228721.336471929] [mapex_explorer]: Main /plan diagnostic: poses=458, endpoint=(1.33, -12.12), frontier=(1.33, -12.12), endpoint_to_frontier=0.000 m, limit=0.10 m -> usable
[controller_server-11] [INFO] [1790228721.340387897] [controller_server]: Passing new path to controller.
[INFO] [1790228722.355513613] [mapex_explorer]: Main /plan diagnostic: poses=451, endpoint=(1.33, -12.12), frontier=(1.33, -12.12), endpoint_to_frontier=0.000 m, limit=0.10 m -> usable
[controller_server-11] [INFO] [1790228722.407479648] [controller_server]: Passing new path to controller.
[INFO] [1790228723.394267084] [mapex_explorer]: Main /plan diagnostic: poses=441, endpoint=(1.33, -12.12), frontier=(1.33, -12.12), endpoint_to_frontier=0.000 m, limit=0.10 m -> usable
[controller_server-11] [INFO] [1790228723.407077183] [controller_server]: Passing new path to controller.
[INFO] [1790228724.416463907] [mapex_explorer]: Main /plan diagnostic: poses=433, endpoint=(1.33, -12.12), frontier=(1.33, -12.12), endpoint_to_frontier=0.000 m, limit=0.10 m -> usable
[controller_server-11] [INFO] [1790228724.474351315] [controller_server]: Passing new path to controller.
[INFO] [1790228725.446514653] [mapex_explorer]: Main /plan diagnostic: poses=424, endpoint=(1.33, -12.12), frontier=(1.33, -12.12), endpoint_to_frontier=0.000 m, limit=0.10 m -> usable
[controller_server-11] [INFO] [1790228725.473718930] [controller_server]: Passing new path to controller.
[INFO] [1790228726.462625934] [mapex_explorer]: Main /plan diagnostic: poses=415, endpoint=(1.33, -12.12), frontier=(1.33, -12.12), endpoint_to_frontier=0.000 m, limit=0.10 m -> usable
[controller_server-11] [INFO] [1790228726.474085432] [controller_server]: Passing new path to controller.
[INFO] [1790228727.500796227] [mapex_explorer]: Main /plan diagnostic: poses=408, endpoint=(1.33, -12.12), frontier=(1.33, -12.12), endpoint_to_frontier=0.000 m, limit=0.10 m -> usable
[controller_server-11] [INFO] [1790228727.540377285] [controller_server]: Passing new path to controller.
[INFO] [1790228728.516876467] [mapex_explorer]: Main /plan diagnostic: poses=397, endpoint=(1.33, -12.12), frontier=(1.33, -12.12), endpoint_to_frontier=0.000 m, limit=0.10 m -> usable
[controller_server-11] [INFO] [1790228728.540406582] [controller_server]: Passing new path to controller.
[controller_server-11] [INFO] [1790228729.540368565] [controller_server]: Passing new path to controller.
[INFO] [1790228729.549049327] [mapex_explorer]: Main /plan diagnostic: poses=392, endpoint=(1.33, -12.12), frontier=(1.33, -12.12), endpoint_to_frontier=0.000 m, limit=0.10 m -> usable
[INFO] [1790228730.561656838] [mapex_explorer]: Main /plan diagnostic: poses=379, endpoint=(1.33, -12.12), frontier=(1.33, -12.12), endpoint_to_frontier=0.000 m, limit=0.10 m -> usable
[controller_server-11] [INFO] [1790228730.607756933] [controller_server]: Passing new path to controller.
[controller_server-11] [INFO] [1790228731.607076048] [controller_server]: Passing new path to controller.
[INFO] [1790228731.612948124] [mapex_explorer]: Main /plan diagnostic: poses=371, endpoint=(1.33, -12.12), frontier=(1.33, -12.12), endpoint_to_frontier=0.000 m, limit=0.10 m -> usable
[INFO] [1790228732.605395720] [mapex_explorer]: Main /plan diagnostic: poses=361, endpoint=(1.33, -12.12), frontier=(1.33, -12.12), endpoint_to_frontier=0.000 m, limit=0.10 m -> usable
[controller_server-11] [INFO] [1790228732.607047650] [controller_server]: Passing new path to controller.
[INFO] [1790228733.631098740] [mapex_explorer]: Main /plan diagnostic: poses=351, endpoint=(1.33, -12.12), frontier=(1.33, -12.12), endpoint_to_frontier=0.000 m, limit=0.10 m -> usable
[controller_server-11] [INFO] [1790228733.673985089] [controller_server]: Passing new path to controller.
[INFO] [1790228734.641799230] [mapex_explorer]: Main /plan diagnostic: poses=343, endpoint=(1.33, -12.12), frontier=(1.33, -12.12), endpoint_to_frontier=0.000 m, limit=0.10 m -> usable
[controller_server-11] [INFO] [1790228734.673838622] [controller_server]: Passing new path to controller.
[async_slam_toolbox_node-10] W20260924 12:45:34.760459 35812 preprocessor.cc:67] Specified options.num_threads: 50 exceeds maximum available from the threading model Ceres was compiled with: 16.  Bounding to maximum number available.
[async_slam_toolbox_node-10] [INFO] [1790228734.774255619] [slam_toolbox]: Adaptive anchor summary: latest_node=1040, local_edges=1078, loop_history=0, avg_effective_weight=1.276, release_regions=0
[INFO] [1790228735.674142363] [mapex_explorer]: Main /plan diagnostic: poses=335, endpoint=(1.33, -12.12), frontier=(1.33, -12.12), endpoint_to_frontier=0.000 m, limit=0.10 m -> usable
[controller_server-11] [INFO] [1790228735.674276015] [controller_server]: Passing new path to controller.
[controller_server-11] [INFO] [1790228735.735395713] [local_costmap.local_costmap]: StaticLayer: Resizing static layer to 260 X 200 at 0.100000 m/pix
[planner_server-13] [INFO] [1790228735.993858328] [global_costmap.global_costmap]: StaticLayer: Resizing costmap to 260 X 200 at 0.100000 m/pix
[controller_server-11] [INFO] [1790228736.740376325] [controller_server]: Passing new path to controller.
[INFO] [1790228736.756331675] [mapex_explorer]: Main /plan diagnostic: poses=325, endpoint=(1.33, -12.12), frontier=(1.33, -12.12), endpoint_to_frontier=0.000 m, limit=0.10 m -> usable
[controller_server-11] [INFO] [1790228737.740386699] [controller_server]: Passing new path to controller.
[INFO] [1790228737.764098237] [mapex_explorer]: Main /plan diagnostic: poses=317, endpoint=(1.33, -12.12), frontier=(1.33, -12.12), endpoint_to_frontier=0.000 m, limit=0.10 m -> usable
[INFO] [1790228738.762464090] [mapex_explorer]: Main /plan diagnostic: poses=309, endpoint=(1.33, -12.12), frontier=(1.33, -12.12), endpoint_to_frontier=0.000 m, limit=0.10 m -> usable
[controller_server-11] [INFO] [1790228738.808609485] [controller_server]: Passing new path to controller.
[INFO] [1790228739.776695714] [mapex_explorer]: Main /plan diagnostic: poses=299, endpoint=(1.33, -12.12), frontier=(1.33, -12.12), endpoint_to_frontier=0.000 m, limit=0.10 m -> usable
[controller_server-11] [INFO] [1790228739.807108589] [controller_server]: Passing new path to controller.
[INFO] [1790228740.826065295] [mapex_explorer]: Main /plan diagnostic: poses=291, endpoint=(1.33, -12.12), frontier=(1.33, -12.12), endpoint_to_frontier=0.000 m, limit=0.10 m -> usable
[controller_server-11] [INFO] [1790228740.873721113] [controller_server]: Passing new path to controller.
[INFO] [1790228741.840414227] [mapex_explorer]: Main /plan diagnostic: poses=283, endpoint=(1.33, -12.12), frontier=(1.33, -12.12), endpoint_to_frontier=0.000 m, limit=0.10 m -> usable
[controller_server-11] [INFO] [1790228741.873983096] [controller_server]: Passing new path to controller.
[INFO] [1790228742.865163457] [mapex_explorer]: Main /plan diagnostic: poses=273, endpoint=(1.33, -12.12), frontier=(1.33, -12.12), endpoint_to_frontier=0.000 m, limit=0.10 m -> usable
[controller_server-11] [INFO] [1790228742.873709774] [controller_server]: Passing new path to controller.
[INFO] [1790228743.898170834] [mapex_explorer]: Main /plan diagnostic: poses=265, endpoint=(1.33, -12.12), frontier=(1.33, -12.12), endpoint_to_frontier=0.000 m, limit=0.10 m -> usable
[controller_server-11] [INFO] [1790228743.940372639] [controller_server]: Passing new path to controller.
[INFO] [1790228744.934329141] [mapex_explorer]: Main /plan diagnostic: poses=255, endpoint=(1.33, -12.12), frontier=(1.33, -12.12), endpoint_to_frontier=0.000 m, limit=0.10 m -> usable
[controller_server-11] [INFO] [1790228744.940379228] [controller_server]: Passing new path to controller.
[INFO] [1790228745.963895828] [mapex_explorer]: Main /plan diagnostic: poses=247, endpoint=(1.33, -12.12), frontier=(1.33, -12.12), endpoint_to_frontier=0.000 m, limit=0.10 m -> usable
[controller_server-11] [INFO] [1790228746.007057308] [controller_server]: Passing new path to controller.
[INFO] [1790228746.988719013] [mapex_explorer]: Main /plan diagnostic: poses=237, endpoint=(1.33, -12.12), frontier=(1.33, -12.12), endpoint_to_frontier=0.000 m, limit=0.10 m -> usable
[controller_server-11] [INFO] [1790228747.007107495] [controller_server]: Passing new path to controller.
[INFO] [1790228748.003371023] [mapex_explorer]: Main /plan diagnostic: poses=228, endpoint=(1.33, -12.12), frontier=(1.33, -12.12), endpoint_to_frontier=0.000 m, limit=0.10 m -> usable
[controller_server-11] [INFO] [1790228748.073790310] [controller_server]: Passing new path to controller.
[INFO] [1790228749.022043515] [mapex_explorer]: Main /plan diagnostic: poses=218, endpoint=(1.33, -12.12), frontier=(1.33, -12.12), endpoint_to_frontier=0.000 m, limit=0.10 m -> usable
[controller_server-11] [INFO] [1790228749.073712185] [controller_server]: Passing new path to controller.
[INFO] [1790228750.059699751] [mapex_explorer]: Main /plan diagnostic: poses=208, endpoint=(1.33, -12.12), frontier=(1.33, -12.12), endpoint_to_frontier=0.000 m, limit=0.10 m -> usable
[controller_server-11] [INFO] [1790228750.073728914] [controller_server]: Passing new path to controller.
[INFO] [1790228751.095636670] [mapex_explorer]: Main /plan diagnostic: poses=199, endpoint=(1.33, -12.12), frontier=(1.33, -12.12), endpoint_to_frontier=0.000 m, limit=0.10 m -> usable
[controller_server-11] [INFO] [1790228751.140446886] [controller_server]: Passing new path to controller.
[INFO] [1790228752.104544238] [mapex_explorer]: Main /plan diagnostic: poses=190, endpoint=(1.33, -12.12), frontier=(1.33, -12.12), endpoint_to_frontier=0.000 m, limit=0.10 m -> usable
[controller_server-11] [INFO] [1790228752.140374745] [controller_server]: Passing new path to controller.
[INFO] [1790228753.131167941] [mapex_explorer]: Main /plan diagnostic: poses=180, endpoint=(1.33, -12.12), frontier=(1.33, -12.12), endpoint_to_frontier=0.000 m, limit=0.10 m -> usable
[controller_server-11] [INFO] [1790228753.140428076] [controller_server]: Passing new path to controller.
[controller_server-11] [INFO] [1790228753.207566097] [controller_server]: Cancellation was successful. Stopping the robot.
[controller_server-11] [INFO] [1790228753.207624638] [controller_server]: [follow_path] [ActionServer] Client requested to cancel the goal. Cancelling.
[controller_server-11] [INFO] [1790228753.208072302] [controller_server]: Optimizer reset
[bt_navigator-16] [INFO] [1790228753.208569785] [bt_navigator]: [navigate_to_pose] [ActionServer] Client requested to cancel the goal. Cancelling.
[bt_navigator-16] [INFO] [1790228753.208775726] [bt_navigator]: Goal canceled
[WARN] [1790228753.212991578] [mapex_explorer]: Main goal failed (status=5, error_code=0)
[WARN] [1790228753.214867496] [mapex_explorer]: Path-guided recovery #1: temporary subgoal x=1.25, y=-5.90, 0.75 m ahead on main path (remaining main path=9.29 m, trigger_error=0)
[WARN] [1790228753.216052412] [mapex_explorer]: R003 cutoff latched; navigation dispatch suppressed
[WARN] [1790228753.399559221] [mapex_explorer]: MAPEX SAVED: env=new_room, profile=slam, coverage=0.845495427, distance=150.06m, output=/home/com1/turtlebot4_project_r003_h031/mapex_lab/experiments/mapex/mpx_p500_005

Stopping experiment...
[controller_server-11] [INFO] [1790228754.029572787] [rclcpp]: signal_handler(SIGINT/SIGTERM)
[collision_monitor-19] [INFO] [1790228754.029568010] [rclcpp]: signal_handler(SIGINT/SIGTERM)
[behavior_server-15] [INFO] [1790228754.029567837] [rclcpp]: signal_handler(SIGINT/SIGTERM)
[planner_server-13] [INFO] [1790228754.029573453] [rclcpp]: signal_handler(SIGINT/SIGTERM)
[velocity_smoother-18] [INFO] [1790228754.029573404] [rclcpp]: signal_handler(SIGINT/SIGTERM)
[parameter_bridge-2] [INFO] [1790228754.029590883] [rclcpp]: signal_handler(SIGINT/SIGTERM)
[bt_navigator-16] [INFO] [1790228754.029620920] [rclcpp]: signal_handler(SIGINT/SIGTERM)
[async_slam_toolbox_node-10] [INFO] [1790228754.029869580] [rclcpp]: signal_handler(SIGINT/SIGTERM)
[collision_monitor-19] [INFO] [1790228754.029710492] [collision_monitor]: Running Nav2 LifecycleNode rcl preshutdown (collision_monitor)
[planner_server-13] [INFO] [1790228754.029719313] [planner_server]: Running Nav2 LifecycleNode rcl preshutdown (planner_server)
[behavior_server-15] [INFO] [1790228754.029678891] [behavior_server]: Running Nav2 LifecycleNode rcl preshutdown (behavior_server)
[controller_server-11] [INFO] [1790228754.029697609] [controller_server]: Running Nav2 LifecycleNode rcl preshutdown (controller_server)
[bt_navigator-16] [INFO] [1790228754.029684282] [bt_navigator]: Running Nav2 LifecycleNode rcl preshutdown (bt_navigator)
[velocity_smoother-18] [INFO] [1790228754.029700480] [velocity_smoother]: Running Nav2 LifecycleNode rcl preshutdown (velocity_smoother)
[smoother_server-12] [INFO] [1790228754.030433453] [rclcpp]: signal_handler(SIGINT/SIGTERM)
[smoother_server-12] [INFO] [1790228754.030532469] [smoother_server]: Running Nav2 LifecycleNode rcl preshutdown (smoother_server)
[lifecycle_manager-21] [INFO] [1790228754.030498998] [rclcpp]: signal_handler(SIGINT/SIGTERM)
[lifecycle_manager-21] [INFO] [1790228754.030648222] [lifecycle_manager_navigation]: Running Nav2 LifecycleManager rcl preshutdown (lifecycle_manager_navigation)
[rviz2-7] [INFO] [1790228754.030640727] [rclcpp]: signal_handler(SIGINT/SIGTERM)
[controller_server-11] [INFO] [1790228754.031143087] [controller_server]: Deactivating
[controller_server-11] [INFO] [1790228754.031201127] [MPPIController]: Deactivated MPPI Controller: FollowPath
[controller_server-11] [INFO] [1790228754.031233261] [local_costmap.local_costmap]: Deactivating
[collision_monitor-19] [INFO] [1790228754.031143420] [collision_monitor]: Deactivating
[collision_monitor-19] [INFO] [1790228754.031203738] [collision_monitor]: Destroying bond (collision_monitor) to lifecycle manager.
[planner_server-13] [INFO] [1790228754.031147128] [planner_server]: Deactivating
[planner_server-13] [INFO] [1790228754.031196889] [global_costmap.global_costmap]: Deactivating
[velocity_smoother-18] [INFO] [1790228754.031154031] [velocity_smoother]: Deactivating
[velocity_smoother-18] [INFO] [1790228754.031223769] [velocity_smoother]: Destroying bond (velocity_smoother) to lifecycle manager.
[lifecycle_manager-21] [INFO] [1790228754.032898314] [lifecycle_manager_navigation]: [34m[1mTerminating bond timer...[0m[0m
[route_server-14] [INFO] [1790228754.034299439] [rclcpp]: signal_handler(SIGINT/SIGTERM)
[opennav_docking-20] [INFO] [1790228754.034341565] [rclcpp]: signal_handler(SIGINT/SIGTERM)
[waypoint_follower-17] [INFO] [1790228754.034380166] [rclcpp]: signal_handler(SIGINT/SIGTERM)
[waypoint_follower-17] [INFO] [1790228754.034494547] [waypoint_follower]: Running Nav2 LifecycleNode rcl preshutdown (waypoint_follower)
[opennav_docking-20] [INFO] [1790228754.034483724] [docking_server]: Running Nav2 LifecycleNode rcl preshutdown (docking_server)
[opennav_docking-20] [INFO] [1790228754.035882473] [docking_server]: Deactivating docking_server
[route_server-14] [INFO] [1790228754.034509025] [route_server]: Running Nav2 LifecycleNode rcl preshutdown (route_server)
[route_server-14] [INFO] [1790228754.036034718] [route_server]: Deactivating
[behavior_server-15] [INFO] [1790228754.034324564] [behavior_server]: Deactivating
[image_bridge-4] [INFO] [1790228754.035150280] [rclcpp]: signal_handler(SIGINT/SIGTERM)
[bt_navigator-16] [INFO] [1790228754.035124045] [bt_navigator]: Deactivating
[image_bridge-3] [INFO] [1790228754.035215824] [rclcpp]: signal_handler(SIGINT/SIGTERM)
[robot_state_publisher-6] [INFO] [1790228754.035260312] [rclcpp]: signal_handler(SIGINT/SIGTERM)
[smoother_server-12] [INFO] [1790228754.035104527] [smoother_server]: Deactivating
[smoother_server-12] [INFO] [1790228754.037334886] [smoother_server]: Destroying bond (smoother_server) to lifecycle manager.
[route_server-14] [INFO] [1790228754.038405582] [route_server]: Destroying bond (route_server) to lifecycle manager.
[bt_navigator-16] [INFO] [1790228754.038581761] [bt_navigator]: Destroying bond (bt_navigator) to lifecycle manager.
[waypoint_follower-17] [INFO] [1790228754.037380984] [waypoint_follower]: Deactivating
[waypoint_follower-17] [INFO] [1790228754.039755099] [waypoint_follower]: Destroying bond (waypoint_follower) to lifecycle manager.
[behavior_server-15] [INFO] [1790228754.042010046] [behavior_server]: Destroying bond (behavior_server) to lifecycle manager.
[velocity_smoother-18] [INFO] [1790228754.046864737] [velocity_smoother]: Cleaning up
[velocity_smoother-18] [INFO] [1790228754.046976666] [velocity_smoother]: Destroying bond (velocity_smoother) to lifecycle manager.
[smoother_server-12] [INFO] [1790228754.048663795] [smoother_server]: Cleaning up
[route_server-14] [INFO] [1790228754.049258313] [route_server]: Cleaning up
[bt_navigator-16] [INFO] [1790228754.049853487] [bt_navigator]: Cleaning up
[behavior_server-15] [INFO] [1790228754.052760083] [behavior_server]: Cleaning up
[waypoint_follower-17] [INFO] [1790228754.056090949] [waypoint_follower]: Cleaning up
[opennav_docking-20] [INFO] [1790228754.059001603] [docking_server]: Destroying bond (docking_server) to lifecycle manager.
[async_slam_toolbox_node-10] Unregistering sensor: Custom Described Lidar
[velocity_smoother-18] [INFO] [1790228754.066847154] [velocity_smoother]: Destroying
[opennav_docking-20] [INFO] [1790228754.070527202] [docking_server]: Cleaning up docking_server
[behavior_server-15] [INFO] [1790228754.073446192] [behavior_server]: Destroying bond (behavior_server) to lifecycle manager.
[smoother_server-12] [INFO] [1790228754.076170821] [smoother_server]: Destroying bond (smoother_server) to lifecycle manager.
[route_server-14] [INFO] [1790228754.088526179] [route_server]: Destroying bond (route_server) to lifecycle manager.
[smoother_server-12] [INFO] [1790228754.090353392] [smoother_server]: Destroying
[waypoint_follower-17] [INFO] [1790228754.095396712] [waypoint_follower]: Destroying bond (waypoint_follower) to lifecycle manager.
[opennav_docking-20] [INFO] [1790228754.106679467] [docking_server]: Destroying bond (docking_server) to lifecycle manager.
[route_server-14] [INFO] [1790228754.108755922] [route_server]: Destroying
[waypoint_follower-17] [INFO] [1790228754.112048760] [waypoint_follower]: Destroying
[rviz2-7] [ERROR] [1790228754.126132366] [rviz2]: Error using GLSL Program Object : GL_OUT_OF_MEMORY
[rviz2-7] active samplers with a different type refer to the same texture image unit
[opennav_docking-20] [INFO] [1790228754.126165772] [docking_server]: Destroying
[controller_server-11] [INFO] [1790228754.137019327] [controller_server]: Destroying bond (controller_server) to lifecycle manager.
[collision_monitor-19] [INFO] [1790228754.140682913] [collision_monitor]: Cleaning up
[collision_monitor-19] [INFO] [1790228754.142194877] [collision_monitor]: [FootprintApproach]: Destroying Polygon
[behavior_server-15] [INFO] [1790228754.143484730] [behavior_server]: Destroying
[collision_monitor-19] [INFO] [1790228754.146853762] [collision_monitor]: Destroying bond (collision_monitor) to lifecycle manager.
[controller_server-11] [INFO] [1790228754.147925691] [controller_server]: Cleaning up
[controller_server-11] [INFO] [1790228754.149837732] [MPPIController]: Cleaned up MPPI Controller: FollowPath
[controller_server-11] [INFO] [1790228754.150379207] [local_costmap.local_costmap]: Cleaning up
[collision_monitor-19] [ERROR] [1790228754.156499722] [getTransform]: Failed to get "rplidar_link"->"base_link" frame transform: Lookup would require extrapolation into the future.  Requested time 620.551000 but the latest data is at time 620.540000, when looking up transform from frame [odom] to frame [base_link]
[collision_monitor-19] [INFO] [1790228754.156539514] [collision_monitor]: [scan]: Destroying Scan
[controller_server-11] [INFO] [1790228754.175131453] [controller_server]: Destroying bond (controller_server) to lifecycle manager.
[controller_server-11] [INFO] [1790228754.179017384] [local_costmap.local_costmap]: Destroying
[bt_navigator-16] [INFO] [1790228754.190568699] [bt_navigator]: Completed Cleaning up
[bt_navigator-16] [INFO] [1790228754.190621283] [bt_navigator]: Destroying bond (bt_navigator) to lifecycle manager.
[controller_server-11] [INFO] [1790228754.193301235] [controller_server]: Destroying
[bt_navigator-16] [INFO] [1790228754.202961740] [bt_navigator]: Destroying
[INFO] [velocity_smoother-18]: process has finished cleanly [pid 35874]
[lifecycle_manager-21] [INFO] [1790228754.228537723] [lifecycle_manager_navigation]: Destroying lifecycle_manager_navigation
[INFO] [smoother_server-12]: process has finished cleanly [pid 35868]
[INFO] [route_server-14]: process has finished cleanly [pid 35870]
[INFO] [waypoint_follower-17]: process has finished cleanly [pid 35873]
[INFO] [opennav_docking-20]: process has finished cleanly [pid 35876]
[INFO] [parameter_bridge-2]: process has finished cleanly [pid 35233]
[INFO] [behavior_server-15]: process has finished cleanly [pid 35871]
[INFO] [image_bridge-3]: process has finished cleanly [pid 35234]
[INFO] [image_bridge-4]: process has finished cleanly [pid 35235]
[INFO] [robot_state_publisher-6]: process has finished cleanly [pid 35237]
[INFO] [controller_server-11]: process has finished cleanly [pid 35867]
[INFO] [async_slam_toolbox_node-10]: process has finished cleanly [pid 35812]
[INFO] [bt_navigator-16]: process has finished cleanly [pid 35872]
[INFO] [lifecycle_manager-21]: process has finished cleanly [pid 35877]
[gz-8] [1;36m[Dbg] [SimulationRunner.cc:562] [0m[1;36mCreating postupdate worker thread ([0m[1;36m3[0m[1;36m)[0m[1;36m[0m
[gz-8] [1;36m[Dbg] [SimulationRunner.cc:562] [0m[1;36mCreating postupdate worker thread ([0m[1;36m4[0m[1;36m)[0m[1;36m[0m
[gz-8] [1;36m[Dbg] [RenderUtil.cc:2646] [0m[1;36mCreate scene [[0m[1;36mscene[0m[1;36m][0m[1;36m[0m
[gz-8] [1;36m[Dbg] [Sensors.cc:391] [0m[1;36mRendering Thread initialized[0m[1;36m[0m
[gz-8] [1;36m[Dbg] [Sensors.cc:953] [0m[1;36mInitialization needed[0m[1;36m[0m
[gz-8] [1;36m[Dbg] [RgbdCameraSensor.cc:210] [0m[1;36mRGB images for [[0m[1;36mturtlebot4::oakd_rgb_camera_frame::rgbd_camera[0m[1;36m] advertised on [[0m[1;36mrgbd_camera[0m[1;36m/image][0m[1;36m[0m
[gz-8] [1;36m[Dbg] [RgbdCameraSensor.cc:224] [0m[1;36mDepth images for [[0m[1;36mturtlebot4::oakd_rgb_camera_frame::rgbd_camera[0m[1;36m] advertised on [[0m[1;36mrgbd_camera[0m[1;36m/depth_image][0m[1;36m[0m
[gz-8] [1;36m[Dbg] [RgbdCameraSensor.cc:238] [0m[1;36mPoints for [[0m[1;36mturtlebot4::oakd_rgb_camera_frame::rgbd_camera[0m[1;36m] advertised on [[0m[1;36mrgbd_camera[0m[1;36m/points][0m[1;36m[0m
[gz-8] [1;36m[Dbg] [CameraSensor.cc:695] [0m[1;36mCamera info for [[0m[1;36mturtlebot4::oakd_rgb_camera_frame::rgbd_camera[0m[1;36m] advertised on [[0m[1;36mrgbd_camera/camera_info[0m[1;36m][0m[1;36m[0m
[gz-8] [1;36m[Dbg] [Lidar.cc:139] [0m[1;36mLaser scans for [[0m[1;36mturtlebot4::rplidar_link::rplidar[0m[1;36m] advertised on [[0m[1;36mscan[0m[1;36m][0m[1;36m[0m
[gz-8] [1;36m[Dbg] [GpuLidarSensor.cc:164] [0m[1;36mLidar points for [[0m[1;36mturtlebot4::rplidar_link::rplidar[0m[1;36m] advertised on [[0m[1;36mscan/points[0m[1;36m][0m[1;36m[0m
[gz-8] [1;36m[Dbg] [SignalHandler.cc:142] [0m[1;36mReceived signal[[0m[1;36m2[0m[1;36m].[0m
[gz-8] [1;36m[Dbg] [ServerPrivate.cc:122] [0m[1;36mServer received signal[[0m[1;36m2[0m[1;36m][0m
[gz-8] [1;36m[Dbg] [Sensors.cc:565] [0m[1;36mSensorsPrivate::Stop[0m[1;36m[0m
[gz-8] [1;36m[Dbg] [Sensors.cc:551] [0m[1;36mSensorsPrivate::RenderThread stopped[0m[1;36m[0m
[gz-8] [1;36m[Dbg] [gz.cc:434] [0m[1;36mShutting down gz-sim-server[0m[1;36m[0m
[gz-8] [1;36m[Dbg] [SimulationRunner.cc:578] [0m[1;36mExiting postupdate worker thread ([0m[1;36m2[0m[1;36m)[0m[1;36m[0m
[gz-8] [1;36m
[gz-8] [Dbg] [SimulationRunner.cc:578] [Dbg] [SimulationRunner.cc:578] [Dbg] [SimulationRunner.cc:578] [0m[1;36m
[gz-8] [Dbg] [SimulationRunner.cc:578] [0m[1;36mExiting postupdate worker thread ([0m[1;36mExiting postupdate worker thread (Exiting postupdate worker thread ([0m[1;36m1[0m[1;36m)[0m[1;36m
[gz-8] 3[0m[1;36m
[gz-8] 3[0m[1;36mExiting postupdate worker thread ([0m[1;36m0[0m[1;36m)[0m[1;36m[0m
[gz-8] [1;36m[0m
[gz-8] [1;36m)[0m[1;36m[0m
[gz-8] [1;36m[0m
[gz-8] [1;36m4[0m[1;36m)[0m[1;36m[0m
[gz-8] [1;36m[Dbg] [Sensors.cc:565] [0m[1;36mSensorsPrivate::Stop[0m[1;36m[0m
[INFO] [gz-8]: process has finished cleanly [pid 35355]
[gz-9] [1;36m[GUI] [Dbg] [SignalHandler.cc:142] [0m[1;36mReceived signal[[0m[1;36m2[0m[1;36m].[0m
[gz-9] [1;36m[GUI] [Dbg] [Gui.cc:535] [0m[1;36mShutting down gz-sim-gui[0m[1;36m[0m
[gz-9] [1;36m[GUI] [Dbg] [Application.cc:237] [0m[1;36mTerminating application.[0m[1;36m[0m
[gz-9] [1;36m[GUI] [Dbg] [MinimalScene.cc:841] [0m[1;36mDestroy scene [[0m[1;36mscene[0m[1;36m][0m[1;36m[0m
[INFO] [gz-9]: process has finished cleanly [pid 35356]
[planner_server-13] [INFO] [1790228754.993610898] [planner_server]: Deactivating plugin GridBased of type NavfnPlanner
[planner_server-13] [INFO] [1790228754.993681059] [planner_server]: Destroying bond (planner_server) to lifecycle manager.
[planner_server-13] [INFO] [1790228755.003921755] [planner_server]: Cleaning up
[planner_server-13] [INFO] [1790228755.012022598] [global_costmap.global_costmap]: Cleaning up
[planner_server-13] [INFO] [1790228755.015279373] [planner_server]: Cleaning up plugin GridBased of type NavfnPlanner
[planner_server-13] [INFO] [1790228755.015670433] [planner_server]: Destroying plugin GridBased of type NavfnPlanner
[planner_server-13] [INFO] [1790228755.020983983] [planner_server]: Destroying bond (planner_server) to lifecycle manager.
[planner_server-13] [INFO] [1790228755.024040663] [global_costmap.global_costmap]: Destroying
[planner_server-13] [INFO] [1790228755.029352323] [planner_server]: Destroying
[INFO] [planner_server-13]: process has finished cleanly [pid 35869]
[ERROR] [collision_monitor-19]: process has died [pid 35875, exit code -11, cmd '/opt/ros/jazzy/lib/nav2_collision_monitor/collision_monitor --ros-args --log-level info --ros-args -r __node:=collision_monitor -r __ns:=/ -p use_sim_time:=True --params-file /tmp/launch_params_lhvbud90 -r /global_costmap/scan:=/scan -r /local_costmap/scan:=/scan -r /tf:=tf -r /tf_static:=tf_static'].
[ERROR] [rviz2-7]: process has died [pid 35238, exit code -11, cmd '/opt/ros/jazzy/lib/rviz2/rviz2 -d /home/com1/turtlebot4_project_r003_h031/ros2_ws/install/frontier_exploration/share/frontier_exploration/rviz/hospital_exploration.rviz --ros-args -r __node:=rviz2 --params-file /tmp/launch_params_4kmn4uxa -r /tf:=tf -r /tf_static:=tf_static'].
Experiment stopped.
Traceback (most recent call last):
  File "/home/com1/turtlebot4_project_r003_h031/mapex_lab/scripts/r003_deadlock_watchdog.py", line 123, in main
    rclpy.spin_once(node, timeout_sec=1.0)
  File "/opt/ros/jazzy/lib/python3.12/site-packages/rclpy/__init__.py", line 226, in spin_once
    executor.spin_once(timeout_sec=timeout_sec)
  File "/opt/ros/jazzy/lib/python3.12/site-packages/rclpy/executors.py", line 926, in spin_once
    self._spin_once_impl(timeout_sec)
  File "/opt/ros/jazzy/lib/python3.12/site-packages/rclpy/executors.py", line 907, in _spin_once_impl
    handler, entity, node = self.wait_for_ready_callbacks(
                            ^^^^^^^^^^^^^^^^^^^^^^^^^^^^^^
  File "/opt/ros/jazzy/lib/python3.12/site-packages/rclpy/executors.py", line 877, in wait_for_ready_callbacks
    return next(self._cb_iter)
           ^^^^^^^^^^^^^^^^^^^
  File "/opt/ros/jazzy/lib/python3.12/site-packages/rclpy/executors.py", line 785, in _wait_for_ready_callbacks
    raise ExternalShutdownException()
rclpy.executors.ExternalShutdownException

During handling of the above exception, another exception occurred:

Traceback (most recent call last):
  File "/home/com1/turtlebot4_project_r003_h031/mapex_lab/scripts/r003_deadlock_watchdog.py", line 137, in <module>
    sys.exit(main())
             ^^^^^^
  File "/home/com1/turtlebot4_project_r003_h031/mapex_lab/scripts/r003_deadlock_watchdog.py", line 127, in main
    rclpy.shutdown()
  File "/opt/ros/jazzy/lib/python3.12/site-packages/rclpy/__init__.py", line 134, in shutdown
    _shutdown(context=context)
  File "/opt/ros/jazzy/lib/python3.12/site-packages/rclpy/utilities.py", line 82, in shutdown
    context.shutdown()
  File "/opt/ros/jazzy/lib/python3.12/site-packages/rclpy/context.py", line 129, in shutdown
    self.__context.shutdown()
rclpy._rclpy_pybind11.RCLError: failed to shutdown: rcl_shutdown already called on the given context, at ./src/rcl/init.c:333
