COMMAND /home/com1/turtlebot4_project_r003_h031/run --paper500 --method nf --environment new_room --record yes --run-id nf_p500_009
ROS isolation: domain=42, localhost_only=1
[WARN] [1790233124.729985240] [rcl]: ROS_LOCALHOST_ONLY is deprecated but still honored if it is enabled. Use ROS_AUTOMATIC_DISCOVERY_RANGE and ROS_STATIC_PEERS instead.
[WARN] [1790233124.730000636] [rcl]: 'localhost_only' is enabled, 'automatic_discovery_range' and 'static_peers' will be ignored.


==============================
Method : NF
Map    : New Room
Record : yes
Run ID : nf_p500_009
Profile: R003 paper500
Python : /usr/bin/python3
Launch : mapex_lab/launch/slam.launch.py
==============================


Dang cho /map, Nav2 lifecycle active va /clock on dinh...
[INFO] [launch]: All log files can be found below /home/com1/.ros/log/2026-09-24-13-58-45-852970-com1-55228
[INFO] [launch]: Default logging verbosity is set to INFO
[INFO] [launch.user]: Simulation world: new_room; path=/home/com1/turtlebot4_project_r003_h031/mapex_lab/map/new_room.sdf; spawn=(0.0, 3.0, 0.0)
[INFO] [xacro-1]: process started with pid [55248]
[INFO] [parameter_bridge-2]: process started with pid [55249]
[INFO] [image_bridge-3]: process started with pid [55250]
[INFO] [image_bridge-4]: process started with pid [55251]
[INFO] [create-5]: process started with pid [55252]
[INFO] [robot_state_publisher-6]: process started with pid [55253]
[INFO] [rviz2-7]: process started with pid [55254]
[robot_state_publisher-6] [WARN] [1790233126.090508879] [rcl]: ROS_LOCALHOST_ONLY is deprecated but still honored if it is enabled. Use ROS_AUTOMATIC_DISCOVERY_RANGE and ROS_STATIC_PEERS instead.
[robot_state_publisher-6] [WARN] [1790233126.090519928] [rcl]: 'localhost_only' is enabled, 'automatic_discovery_range' and 'static_peers' will be ignored.
[create-5] [WARN] [1790233126.098512172] [rcl]: ROS_LOCALHOST_ONLY is deprecated but still honored if it is enabled. Use ROS_AUTOMATIC_DISCOVERY_RANGE and ROS_STATIC_PEERS instead.
[create-5] [WARN] [1790233126.098522799] [rcl]: 'localhost_only' is enabled, 'automatic_discovery_range' and 'static_peers' will be ignored.
[robot_state_publisher-6] [WARN] [1790233126.105432038] [kdl_parser]: The root link base_link has an inertia specified in the URDF, but KDL does not support a root link with an inertia.  As a workaround, you can add an extra dummy link to your URDF.
[robot_state_publisher-6] [INFO] [1790233126.105548096] [robot_state_publisher]: Robot initialized
[image_bridge-4] [WARN] [1790233126.108876321] [rcl]: ROS_LOCALHOST_ONLY is deprecated but still honored if it is enabled. Use ROS_AUTOMATIC_DISCOVERY_RANGE and ROS_STATIC_PEERS instead.
[image_bridge-4] [WARN] [1790233126.108888771] [rcl]: 'localhost_only' is enabled, 'automatic_discovery_range' and 'static_peers' will be ignored.
[create-5] [INFO] [1790233126.110914270] [ros_gz_sim]: Requesting list of world names.
[image_bridge-3] [WARN] [1790233126.111581467] [rcl]: ROS_LOCALHOST_ONLY is deprecated but still honored if it is enabled. Use ROS_AUTOMATIC_DISCOVERY_RANGE and ROS_STATIC_PEERS instead.
[image_bridge-3] [WARN] [1790233126.111596684] [rcl]: 'localhost_only' is enabled, 'automatic_discovery_range' and 'static_peers' will be ignored.
[parameter_bridge-2] [WARN] [1790233126.112577736] [rcl]: ROS_LOCALHOST_ONLY is deprecated but still honored if it is enabled. Use ROS_AUTOMATIC_DISCOVERY_RANGE and ROS_STATIC_PEERS instead.
[parameter_bridge-2] [WARN] [1790233126.112586581] [rcl]: 'localhost_only' is enabled, 'automatic_discovery_range' and 'static_peers' will be ignored.
[rviz2-7] [WARN] [1790233126.160712416] [rcl]: ROS_LOCALHOST_ONLY is deprecated but still honored if it is enabled. Use ROS_AUTOMATIC_DISCOVERY_RANGE and ROS_STATIC_PEERS instead.
[rviz2-7] [WARN] [1790233126.160723751] [rcl]: 'localhost_only' is enabled, 'automatic_discovery_range' and 'static_peers' will be ignored.
[INFO] [xacro-1]: process has finished cleanly [pid 55248]
[INFO] [gz-8]: process started with pid [55371]
[INFO] [gz-9]: process started with pid [55372]
[rviz2-7] [INFO] [1790233126.241672546] [rviz2]: Stereo is NOT SUPPORTED
[rviz2-7] [INFO] [1790233126.241805942] [rviz2]: OpenGl version: 4.5 (GLSL 4.5)
[rviz2-7] [INFO] [1790233126.259235682] [rviz2]: Stereo is NOT SUPPORTED
[rviz2-7] [INFO] [1790233126.302628684] [rviz2]: Subscribing to: /frontier/frontier_points
[rviz2-7] 
[rviz2-7] [INFO] [1790233126.303019299] [rviz2]: Subscribing to: /map_cloud
[rviz2-7] 
[rviz2-7] [INFO] [1790233126.303271067] [rviz2]: Subscribing to: /map_cloud
[rviz2-7] 
[rviz2-7] [INFO] [1790233126.303496303] [rviz2]: Subscribing to: /map_cloud
[rviz2-7] 
[rviz2-7] [INFO] [1790233126.312328692] [rviz2]: Subscribing to: /frontier/frontier_points
[rviz2-7] 
[rviz2-7] [INFO] [1790233126.312577507] [rviz2]: Subscribing to: /map_cloud
[rviz2-7] 
[gz-9] [1;33m[GUI] [Wrn] [Application.cc:908] [0m[1;33m[QT] file:///usr/lib/x86_64-linux-gnu/qt5/qml/QtQuick/Dialogs/DefaultFileDialog.qml:413:17: QML ToolButton: Binding loop detected for property "implicitHeight"[0m[1;33m[0m
[gz-9] [1;33m[GUI] [Wrn] [Application.cc:908] [0m[1;33m[QT] file:///usr/lib/x86_64-linux-gnu/qt5/qml/QtQuick/Dialogs/DefaultFileDialog.qml:309:21: QML Button: Binding loop detected for property "implicitHeight"[0m[1;33m[0m
[gz-9] [1;33m[GUI] [Wrn] [Application.cc:908] [0m[1;33m[QT] file:///usr/lib/x86_64-linux-gnu/qt5/qml/QtQuick/Dialogs/DefaultFileDialog.qml:309:21: QML Button: Binding loop detected for property "implicitHeight"[0m[1;33m[0m
[gz-9] [1;33m[GUI] [Wrn] [Application.cc:908] [0m[1;33m[QT] file:///usr/lib/x86_64-linux-gnu/qt5/qml/QtQuick/Dialogs/DefaultFileDialog.qml:413:17: QML ToolButton: Binding loop detected for property "implicitHeight"[0m[1;33m[0m
[gz-9] [1;33m[GUI] [Wrn] [Application.cc:908] [0m[1;33m[QT] file:///usr/lib/x86_64-linux-gnu/qt5/qml/QtQuick/Dialogs/DefaultFileDialog.qml:309:21: QML Button: Binding loop detected for property "implicitHeight"[0m[1;33m[0m
[gz-9] [1;33m[GUI] [Wrn] [Application.cc:908] [0m[1;33m[QT] file:///usr/lib/x86_64-linux-gnu/qt5/qml/QtQuick/Dialogs/DefaultFileDialog.qml:309:21: QML Button: Binding loop detected for property "implicitHeight"[0m[1;33m[0m
[gz-8] [1;32m[Msg] [0m[1;32mGazebo Sim Server v[0m[1;32m8.11.0[0m[1;32m[0m
[gz-8] [1;32m[Msg] [0m[1;32mLoading SDF world file[[0m[1;32m/tmp/nav2_449_701g.sdf[0m[1;32m].[0m
[gz-8] [1;32m[Msg] [0m[1;32mServing entity system service on [[0m[1;32m/[0m[1;32mentity/system/add[0m[1;32m][0m[1;32m[0m
[gz-8] [1;36m[Dbg] [Physics.cc:906] [0m[1;36mLoaded [[0m[1;36mgz::physics::dartsim::Plugin[0m[1;36m] from library [[0m[1;36m/opt/ros/jazzy/opt/gz_physics_vendor/lib/gz-physics-7/engine-plugins/libgz-physics-dartsim-plugin.so[0m[1;36m][0m[1;36m[0m
[gz-8] [1;36m[Dbg] [SystemManager.cc:80] [0m[1;36mLoaded system [[0m[1;36mgz::sim::systems::Physics[0m[1;36m] for entity [[0m[1;36m1[0m[1;36m][0m[1;36m[0m
[gz-8] [1;32m[Msg] [0m[1;32mCreate[0m[1;32m service on [[0m[1;32m/world/new_room_world/create_multiple[0m[1;32m] (async)[0m[1;32m[0m
[gz-8] [1;32m[Msg] [0m[1;32mCreate[0m[1;32m service on [[0m[1;32m/world/new_room_world/create_multiple/blocking[0m[1;32m] (blocking)[0m[1;32m[0m
[gz-8] [1;32m[Msg] [0m[1;32mRemove[0m[1;32m service on [[0m[1;32m/world/new_room_world/remove[0m[1;32m] (async)[0m[1;32m[0m
[gz-8] [1;32m[Msg] [0m[1;32mRemove[0m[1;32m service on [[0m[1;32m/world/new_room_world/remove/blocking[0m[1;32m] (blocking)[0m[1;32m[0m
[gz-8] [1;32m[Msg] [0m[1;32mPose[0m[1;32m service on [[0m[1;32m/world/new_room_world/set_pose[0m[1;32m] (async)[0m[1;32m[0m
[gz-8] [1;32m[Msg] [0m[1;32mPose[0m[1;32m service on [[0m[1;32m/world/new_room_world/set_pose/blocking[0m[1;32m] (blocking)[0m[1;32m[0m
[gz-8] [1;32m[Msg] [0m[1;32mPose[0m[1;32m service on [[0m[1;32m/world/new_room_world/set_pose_vector[0m[1;32m] (async)[0m[1;32m[0m
[gz-8] [1;32m[Msg] [0m[1;32mPose[0m[1;32m service on [[0m[1;32m/world/new_room_world/set_pose_vector/blocking[0m[1;32m] (blocking)[0m[1;32m[0m
[gz-8] [1;32m[Msg] [0m[1;32mLight configuration[0m[1;32m service on [[0m[1;32m/world/new_room_world/light_config[0m[1;32m] (async)[0m[1;32m[0m
[gz-8] [1;32m[Msg] [0m[1;32mLight configuration[0m[1;32m service on [[0m[1;32m/world/new_room_world/light_config/blocking[0m[1;32m] (blocking)[0m[1;32m[0m
[gz-8] [1;32m[Msg] [0m[1;32mPhysics[0m[1;32m service on [[0m[1;32m/world/new_room_world/set_physics[0m[1;32m] (async)[0m[1;32m[0m
[gz-8] [1;32m[Msg] [0m[1;32mPhysics[0m[1;32m service on [[0m[1;32m/world/new_room_world/set_physics/blocking[0m[1;32m] (blocking)[0m[1;32m[0m
[gz-8] [1;32m[Msg] [0m[1;32mSphericalCoordinates[0m[1;32m service on [[0m[1;32m/world/new_room_world/set_spherical_coordinates[0m[1;32m] (async)[0m[1;32m[0m
[gz-8] [1;32m[Msg] [0m[1;32mSphericalCoordinates[0m[1;32m service on [[0m[1;32m/world/new_room_world/set_spherical_coordinates/blocking[0m[1;32m] (blocking)[0m[1;32m[0m
[gz-8] [1;32m[Msg] [0m[1;32mEnable collision[0m[1;32m service on [[0m[1;32m/world/new_room_world/enable_collision[0m[1;32m] (async)[0m[1;32m[0m
[gz-8] [1;32m[Msg] [0m[1;32mEnable collision[0m[1;32m service on [[0m[1;32m/world/new_room_world/enable_collision/blocking[0m[1;32m] (blocking)[0m[1;32m[0m
[gz-8] [1;32m[Msg] [0m[1;32mDisable collision[0m[1;32m service on [[0m[1;32m/world/new_room_world/disable_collision[0m[1;32m] (async)[0m[1;32m[0m
[gz-8] [1;32m[Msg] [0m[1;32mDisable collision[0m[1;32m service on [[0m[1;32m/world/new_room_world/disable_collision/blocking[0m[1;32m] (blocking)[0m[1;32m[0m
[gz-8] [1;32m[Msg] [0m[1;32mMaterial[0m[1;32m service on [[0m[1;32m/world/new_room_world/visual_config[0m[1;32m] (async)[0m[1;32m[0m
[gz-8] [1;32m[Msg] [0m[1;32mMaterial[0m[1;32m service on [[0m[1;32m/world/new_room_world/visual_config/blocking[0m[1;32m] (blocking)[0m[1;32m[0m
[gz-8] [1;32m[Msg] [0m[1;32mMaterial[0m[1;32m service on [[0m[1;32m/world/new_room_world/wheel_slip[0m[1;32m] (async)[0m[1;32m[0m
[gz-8] [1;32m[Msg] [0m[1;32mMaterial[0m[1;32m service on [[0m[1;32m/world/new_room_world/wheel_slip/blocking[0m[1;32m] (blocking)[0m[1;32m[0m
[gz-9] [1;33m[GUI] [Wrn] [Application.cc:908] [0m[1;33m[QT] file:///usr/lib/x86_64-linux-gnu/qt5/qml/QtQuick/Dialogs/DefaultFileDialog.qml:413:17: QML ToolButton: Binding loop detected for property "implicitHeight"[0m[1;33m[0m
[gz-9] [1;33m[GUI] [Wrn] [Application.cc:908] [0m[1;33m[QT] file:///usr/lib/x86_64-linux-gnu/qt5/qml/QtQuick/Dialogs/DefaultFileDialog.qml:309:21: QML Button: Binding loop detected for property "implicitHeight"[0m[1;33m[0m
[gz-9] [1;33m[GUI] [Wrn] [Application.cc:908] [0m[1;33m[QT] file:///usr/lib/x86_64-linux-gnu/qt5/qml/QtQuick/Dialogs/DefaultFileDialog.qml:309:21: QML Button: Binding loop detected for property "implicitHeight"[0m[1;33m[0m
[create-5] [INFO] [1790233126.676429748] [ros_gz_sim]: Waiting messages on topic [robot_description].
[create-5] [INFO] [1790233126.775724595] [ros_gz_sim]: Entity creation successful.
[INFO] [create-5]: process has finished cleanly [pid 55252]
[gz-9] [1;32m[Msg] [0m[1;32mGazebo Sim GUI    v[0m[1;32m8.11.0[0m[1;32m[0m
[gz-9] [1;32m[Msg] [0m[1;32mDetected Wayland. Setting Qt to use the xcb plugin: [0m[1;32m'QT_QPA_PLATFORM=xcb'.[0m[1;32m[0m
[gz-9] [1;36m[Dbg] [Application.cc:96] [0m[1;36mInitializing application.[0m[1;36m[0m
[gz-9] [1;36m[Dbg] [Application.cc:170] [0m[1;36mQt using OpenGL graphics interface[0m[1;36m[0m
[gz-9] [1;36m[GUI] [Dbg] [Application.cc:657] [0m[1;36mCreate main window[0m[1;36m[0m
[gz-9] [1;36m[GUI] [Dbg] [PathManager.cc:68] [0m[1;36mRequesting resource paths through [[0m[1;36m/gazebo/resource_paths/get[0m[1;36m][0m[1;36m[0m
[gz-9] [1;36m[GUI] [Dbg] [Gui.cc:355] [0m[1;36mGUI requesting list of world names. The server may be busy [0m[1;36mdownloading resources. Please be patient.[0m[1;36m[0m
[gz-9] [1;36m[GUI] [Dbg] [PathManager.cc:57] [0m[1;36mReceived resource paths.[0m[1;36m[0m
[gz-9] [1;36m[GUI] [Dbg] [Gui.cc:413] [0m[1;36mRequesting GUI from [[0m[1;36m/world/new_room_world/gui/info[0m[1;36m]...[0m[1;36m[0m
[gz-9] [1;36m[GUI] [Dbg] [GuiRunner.cc:149] [0m[1;36mRequesting initial state from [[0m[1;36m/world/new_room_world/state[0m[1;36m]...[0m[1;36m[0m
[gz-9] [1;32m[GUI] [0m[1;32m[Msg] [0m[1;32mLoading config [[0m[1;32m/home/com1/.gz/sim/8/gui.config[0m[1;32m][0m[1;32m[0m
[gz-9] [1;36m[GUI] [Dbg] [Application.cc:528] [0m[1;36mLoading plugin [[0m[1;36mMinimalScene[0m[1;36m][0m[1;36m[0m
[gz-9] [1;36m[GUI] [Dbg] [MinimalScene.cc:802] [0m[1;36mCreating gz-rendering interface for OpenGL[0m[1;36m[0m
[gz-9] [1;36m[GUI] [Dbg] [MinimalScene.cc:802] [0m[1;36mCreating gz-rendering interface for OpenGL[0m[1;36m[0m
[gz-9] [1;36m[GUI] [Dbg] [MinimalScene.cc:986] [0m[1;36mCreating render thread interface for OpenGL[0m[1;36m[0m
[gz-9] [1;36m[GUI] [Dbg] [MinimalScene.cc:802] [0m[1;36mCreating gz-rendering interface for OpenGL[0m[1;36m[0m
[gz-9] [1;36m[GUI] [Dbg] [MinimalScene.cc:986] [0m[1;36mCreating render thread interface for OpenGL[0m[1;36m[0m
[gz-9] [1;32m[GUI] [0m[1;32m[Msg] [0m[1;32mAdded plugin [[0m[1;32m3D View[0m[1;32m] to main window[0m[1;32m[0m
[gz-9] [1;32m[GUI] [0m[1;32m[Msg] [0m[1;32mLoaded plugin [[0m[1;32mMinimalScene[0m[1;32m] from path [[0m[1;32m/opt/ros/jazzy/opt/gz_gui_vendor/lib/gz-gui-8/plugins/libMinimalScene.so[0m[1;32m][0m[1;32m[0m
[gz-9] [1;36m[GUI] [Dbg] [Application.cc:528] [0m[1;36mLoading plugin [[0m[1;36mEntityContextMenuPlugin[0m[1;36m][0m[1;36m[0m
[gz-9] [1;32m[GUI] [0m[1;32m[Msg] [0m[1;32mCurrently tracking topic on [[0m[1;32m/gui/currently_tracked[0m[1;32m][0m[1;32m[0m
[gz-9] [1;32m[GUI] [0m[1;32m[Msg] [0m[1;32mAdded plugin [[0m[1;32mEntity Context Menu[0m[1;32m] to main window[0m[1;32m[0m
[gz-9] [1;32m[GUI] [0m[1;32m[Msg] [0m[1;32mLoaded plugin [[0m[1;32mEntityContextMenuPlugin[0m[1;32m] from path [[0m[1;32m/opt/ros/jazzy/opt/gz_sim_vendor/lib/gz-sim-8/plugins/gui/libEntityContextMenuPlugin.so[0m[1;32m][0m[1;32m[0m
[gz-9] [1;36m[GUI] [Dbg] [Application.cc:528] [0m[1;36mLoading plugin [[0m[1;36mGzSceneManager[0m[1;36m][0m[1;36m[0m
[gz-9] [1;32m[GUI] [0m[1;32m[Msg] [0m[1;32mAdded plugin [[0m[1;32mScene Manager[0m[1;32m] to main window[0m[1;32m[0m
[gz-9] [1;32m[GUI] [0m[1;32m[Msg] [0m[1;32mLoaded plugin [[0m[1;32mGzSceneManager[0m[1;32m] from path [[0m[1;32m/opt/ros/jazzy/opt/gz_sim_vendor/lib/gz-sim-8/plugins/gui/libGzSceneManager.so[0m[1;32m][0m[1;32m[0m
[gz-9] [1;36m[GUI] [Dbg] [Application.cc:528] [0m[1;36mLoading plugin [[0m[1;36mInteractiveViewControl[0m[1;36m][0m[1;36m[0m
[gz-9] [1;32m[GUI] [0m[1;32m[Msg] [0m[1;32mCamera view controller topic advertised on [[0m[1;32m/gui/camera/view_control[0m[1;32m][0m[1;32m[0m
[gz-9] [1;32m[GUI] [0m[1;32m[Msg] [0m[1;32mCamera reference visual topic advertised on [[0m[1;32m/gui/camera/view_control/reference_visual[0m[1;32m][0m[1;32m[0m
[gz-9] [1;32m[GUI] [0m[1;32m[Msg] [0m[1;32mCamera view control sensitivity advertised on [[0m[1;32m/gui/camera/view_control/sensitivity[0m[1;32m][0m[1;32m[0m
[parameter_bridge-2] [INFO] [1790233127.124787215] [bridge_ros_gz]: Creating GZ->ROS Bridge: [/clock (gz.msgs.Clock) -> clock (rosgraph_msgs/msg/Clock)] (Lazy 0)
[gz-9] [1;32m[GUI] [0m[1;32m[Msg] [0m[1;32mAdded plugin [[0m[1;32mInteractive view control[0m[1;32m] to main window[0m[1;32m[0m
[gz-9] [1;32m[GUI] [0m[1;32m[Msg] [0m[1;32mLoaded plugin [[0m[1;32mInteractiveViewControl[0m[1;32m] from path [[0m[1;32m/opt/ros/jazzy/opt/gz_gui_vendor/lib/gz-gui-8/plugins/libInteractiveViewControl.so[0m[1;32m][0m[1;32m[0m
[gz-9] [1;36m[GUI] [Dbg] [Application.cc:528] [0m[1;36mLoading plugin [[0m[1;36mCameraTracking[0m[1;36m][0m[1;36m[0m
[gz-9] [1;32m[GUI] [0m[1;32m[Msg] [0m[1;32mAdded plugin [[0m[1;32mCamera tracking[0m[1;32m] to main window[0m[1;32m[0m
[gz-9] [1;32m[GUI] [0m[1;32m[Msg] [0m[1;32mLoaded plugin [[0m[1;32mCameraTracking[0m[1;32m] from path [[0m[1;32m/opt/ros/jazzy/opt/gz_gui_vendor/lib/gz-gui-8/plugins/libCameraTracking.so[0m[1;32m][0m[1;32m[0m
[gz-9] [1;36m[GUI] [Dbg] [Application.cc:528] [0m[1;36mLoading plugin [[0m[1;36mMarkerManager[0m[1;36m][0m[1;36m[0m
[gz-9] [1;32m[GUI] [0m[1;32m[Msg] [0m[1;32mListening to stats on [[0m[1;32m/world/new_room_world/stats[0m[1;32m][0m[1;32m[0m
[gz-9] [1;32m[GUI] [0m[1;32m[Msg] [0m[1;32mAdded plugin [[0m[1;32mMarker Manager[0m[1;32m] to main window[0m[1;32m[0m
[gz-9] [1;32m[GUI] [0m[1;32m[Msg] [0m[1;32mLoaded plugin [[0m[1;32mMarkerManager[0m[1;32m] from path [[0m[1;32m/opt/ros/jazzy/opt/gz_gui_vendor/lib/gz-gui-8/plugins/libMarkerManager.so[0m[1;32m][0m[1;32m[0m
[gz-9] [1;36m[GUI] [Dbg] [Application.cc:528] [0m[1;36mLoading plugin [[0m[1;36mSelectEntities[0m[1;36m][0m[1;36m[0m
[gz-9] [1;32m[GUI] [0m[1;32m[Msg] [0m[1;32mAdded plugin [[0m[1;32mSelect entities[0m[1;32m] to main window[0m[1;32m[0m
[gz-9] [1;32m[GUI] [0m[1;32m[Msg] [0m[1;32mLoaded plugin [[0m[1;32mSelectEntities[0m[1;32m] from path [[0m[1;32m/opt/ros/jazzy/opt/gz_sim_vendor/lib/gz-sim-8/plugins/gui/libSelectEntities.so[0m[1;32m][0m[1;32m[0m
[gz-9] [1;36m[GUI] [Dbg] [Application.cc:528] [0m[1;36mLoading plugin [[0m[1;36mSpawn[0m[1;36m][0m[1;36m[0m
[gz-9] [1;32m[GUI] [0m[1;32m[Msg] [0m[1;32mAdded plugin [[0m[1;32mSpawn[0m[1;32m] to main window[0m[1;32m[0m
[gz-9] [1;32m[GUI] [0m[1;32m[Msg] [0m[1;32mLoaded plugin [[0m[1;32mSpawn[0m[1;32m] from path [[0m[1;32m/opt/ros/jazzy/opt/gz_sim_vendor/lib/gz-sim-8/plugins/gui/libSpawn.so[0m[1;32m][0m[1;32m[0m
[gz-9] [1;36m[GUI] [Dbg] [Application.cc:528] [0m[1;36mLoading plugin [[0m[1;36mVisualizationCapabilities[0m[1;36m][0m[1;36m[0m
[gz-9] [1;32m[GUI] [0m[1;32m[Msg] [0m[1;32mView as transparent service on [[0m[1;32m/gui/view/transparent[0m[1;32m][0m[1;32m[0m
[gz-9] [1;32m[GUI] [0m[1;32m[Msg] [0m[1;32mView as wireframes service on [[0m[1;32m/gui/view/wireframes[0m[1;32m][0m[1;32m[0m
[gz-9] [1;32m[GUI] [0m[1;32m[Msg] [0m[1;32mView center of mass service on [[0m[1;32m/gui/view/com[0m[1;32m][0m[1;32m[0m
[gz-9] [1;32m[GUI] [0m[1;32m[Msg] [0m[1;32mView inertia service on [[0m[1;32m/gui/view/inertia[0m[1;32m][0m[1;32m[0m
[gz-9] [1;32m[GUI] [0m[1;32m[Msg] [0m[1;32mView collisions service on [[0m[1;32m/gui/view/collisions[0m[1;32m][0m[1;32m[0m
[gz-9] [1;32m[GUI] [0m[1;32m[Msg] [0m[1;32mView joints service on [[0m[1;32m/gui/view/joints[0m[1;32m][0m[1;32m[0m
[gz-9] [1;32m[GUI] [0m[1;32m[Msg] [0m[1;32mView frames service on [[0m[1;32m/gui/view/frames[0m[1;32m][0m[1;32m[0m
[gz-9] [1;32m[GUI] [0m[1;32m[Msg] [0m[1;32mAdded plugin [[0m[1;32mVisualization capabilities[0m[1;32m] to main window[0m[1;32m[0m
[gz-9] [1;32m[GUI] [0m[1;32m[Msg] [0m[1;32mLoaded plugin [[0m[1;32mVisualizationCapabilities[0m[1;32m] from path [[0m[1;32m/opt/ros/jazzy/opt/gz_sim_vendor/lib/gz-sim-8/plugins/gui/libVisualizationCapabilities.so[0m[1;32m][0m[1;32m[0m
[gz-9] [1;36m[GUI] [Dbg] [Application.cc:528] [0m[1;36mLoading plugin [[0m[1;36mWorldControl[0m[1;36m][0m[1;36m[0m
[gz-9] [1;32m[GUI] [0m[1;32m[Msg] [0m[1;32mUsing world control service [[0m[1;32m/world/new_room_world/control[0m[1;32m][0m[1;32m[0m
[gz-9] [1;32m[GUI] [0m[1;32m[Msg] [0m[1;32mListening to stats on [[0m[1;32m/world/new_room_world/stats[0m[1;32m][0m[1;32m[0m
[gz-9] [1;36m[GUI] [Dbg] [WorldControl.cc:237] [0m[1;36mUsing an event to share WorldControl msgs with the server[0m
[gz-9] [1;33m[GUI] [Wrn] [Application.cc:908] [0m[1;33m[QT] file:///usr/lib/x86_64-linux-gnu/qt5/qml/QtQuick/Dialogs/DefaultFileDialog.qml:413:17: QML ToolButton: Binding loop detected for property "implicitHeight"[0m[1;33m[0m
[gz-9] [1;33m[GUI] [Wrn] [Application.cc:908] [0m[1;33m[QT] file:///usr/lib/x86_64-linux-gnu/qt5/qml/QtQuick/Dialogs/DefaultFileDialog.qml:309:21: QML Button: Binding loop detected for property "implicitHeight"[0m[1;33m[0m
[gz-9] [1;33m[GUI] [Wrn] [Application.cc:908] [0m[1;33m[QT] file:///usr/lib/x86_64-linux-gnu/qt5/qml/QtQuick/Dialogs/DefaultFileDialog.qml:309:21: QML Button: Binding loop detected for property "implicitHeight"[0m[1;33m[0m
[parameter_bridge-2] [INFO] [1790233127.323712436] [bridge_ros_gz]: Creating GZ->ROS Bridge: [joint_states (gz.msgs.Model) -> joint_states (sensor_msgs/msg/JointState)] (Lazy 0)
[parameter_bridge-2] [INFO] [1790233127.326092294] [bridge_ros_gz]: Creating GZ->ROS Bridge: [/odom (gz.msgs.Odometry) -> odom (nav_msgs/msg/Odometry)] (Lazy 0)
[parameter_bridge-2] [INFO] [1790233127.327546411] [bridge_ros_gz]: Creating GZ->ROS Bridge: [/tf (gz.msgs.Pose_V) -> tf (tf2_msgs/msg/TFMessage)] (Lazy 0)
[parameter_bridge-2] [INFO] [1790233127.328671637] [bridge_ros_gz]: Creating GZ->ROS Bridge: [/imu (gz.msgs.IMU) -> imu (sensor_msgs/msg/Imu)] (Lazy 0)
[parameter_bridge-2] [INFO] [1790233127.329474389] [bridge_ros_gz]: Creating GZ->ROS Bridge: [/scan (gz.msgs.LaserScan) -> scan (sensor_msgs/msg/LaserScan)] (Lazy 0)
[parameter_bridge-2] [INFO] [1790233127.330186047] [bridge_ros_gz]: Creating ROS->GZ Bridge: [cmd_vel (geometry_msgs/msg/Twist) -> /cmd_vel (gz.msgs.Twist)] (Lazy 0)
[parameter_bridge-2] [INFO] [1790233127.330958645] [bridge_ros_gz]: Creating GZ->ROS Bridge: [/rgbd_camera/camera_info (gz.msgs.CameraInfo) -> /rgbd_camera/camera_info (sensor_msgs/msg/CameraInfo)] (Lazy 0)
[gz-9] [1;33m[GUI] [Wrn] [Application.cc:908] [0m[1;33m[QT] file::/ComponentInspector/ComponentInspector.qml:251:3: QML Dialog: Binding loop detected for property "implicitHeight"[0m[1;33m[0m
[gz-9] [1;33m[GUI] [Wrn] [Application.cc:908] [0m[1;33m[QT] file:///usr/lib/x86_64-linux-gnu/qt5/qml/QtQuick/Dialogs/DefaultFileDialog.qml:413:17: QML ToolButton: Binding loop detected for property "implicitHeight"[0m[1;33m[0m
[gz-9] [1;33m[GUI] [Wrn] [Application.cc:908] [0m[1;33m[QT] file:///usr/lib/x86_64-linux-gnu/qt5/qml/QtQuick/Dialogs/DefaultFileDialog.qml:309:21: QML Button: Binding loop detected for property "implicitHeight"[0m[1;33m[0m
[gz-9] [1;33m[GUI] [Wrn] [Application.cc:908] [0m[1;33m[QT] file:///usr/lib/x86_64-linux-gnu/qt5/qml/QtQuick/Dialogs/DefaultFileDialog.qml:309:21: QML Button: Binding loop detected for property "implicitHeight"[0m[1;33m[0m
[gz-9] [1;32m[GUI] [0m[1;32m[Msg] [0m[1;32mAdded plugin [[0m[1;32mWorld control[0m[1;32m] to main window[0m[1;32m[0m
[gz-9] [1;32m[GUI] [0m[1;32m[Msg] [0m[1;32mLoaded plugin [[0m[1;32mWorldControl[0m[1;32m] from path [[0m[1;32m/opt/ros/jazzy/opt/gz_gui_vendor/lib/gz-gui-8/plugins/libWorldControl.so[0m[1;32m][0m[1;32m[0m
[gz-9] [1;36m[GUI] [Dbg] [Application.cc:528] [0m[1;36mLoading plugin [[0m[1;36mWorldStats[0m[1;36m][0m[1;36m[0m
[gz-9] [1;32m[GUI] [0m[1;32m[Msg] [0m[1;32mListening to stats on [[0m[1;32m/world/new_room_world/stats[0m[1;32m][0m[1;32m[0m
[gz-9] [1;32m[GUI] [0m[1;32m[Msg] [0m[1;32mAdded plugin [[0m[1;32mWorld stats[0m[1;32m] to main window[0m[1;32m[0m
[gz-9] [1;32m[GUI] [0m[1;32m[Msg] [0m[1;32mLoaded plugin [[0m[1;32mWorldStats[0m[1;32m] from path [[0m[1;32m/opt/ros/jazzy/opt/gz_gui_vendor/lib/gz-gui-8/plugins/libWorldStats.so[0m[1;32m][0m[1;32m[0m
[gz-9] [1;36m[GUI] [Dbg] [Application.cc:528] [0m[1;36mLoading plugin [[0m[1;36mShapes[0m[1;36m][0m[1;36m[0m
[gz-9] [1;32m[GUI] [0m[1;32m[Msg] [0m[1;32mAdded plugin [[0m[1;32mShapes[0m[1;32m] to main window[0m[1;32m[0m
[gz-9] [1;32m[GUI] [0m[1;32m[Msg] [0m[1;32mLoaded plugin [[0m[1;32mShapes[0m[1;32m] from path [[0m[1;32m/opt/ros/jazzy/opt/gz_sim_vendor/lib/gz-sim-8/plugins/gui/libShapes.so[0m[1;32m][0m[1;32m[0m
[gz-9] [1;36m[GUI] [Dbg] [Application.cc:528] [0m[1;36mLoading plugin [[0m[1;36mLights[0m[1;36m][0m[1;36m[0m
[gz-9] [1;32m[GUI] [0m[1;32m[Msg] [0m[1;32mAdded plugin [[0m[1;32mLights[0m[1;32m] to main window[0m[1;32m[0m
[gz-9] [1;32m[GUI] [0m[1;32m[Msg] [0m[1;32mLoaded plugin [[0m[1;32mLights[0m[1;32m] from path [[0m[1;32m/opt/ros/jazzy/opt/gz_sim_vendor/lib/gz-sim-8/plugins/gui/libLights.so[0m[1;32m][0m[1;32m[0m
[gz-9] [1;36m[GUI] [Dbg] [Application.cc:528] [0m[1;36mLoading plugin [[0m[1;36mTransformControl[0m[1;36m][0m[1;36m[0m
[gz-9] [1;32m[GUI] [0m[1;32m[Msg] [0m[1;32mAdded plugin [[0m[1;32mTransform control[0m[1;32m] to main window[0m[1;32m[0m
[gz-9] [1;32m[GUI] [0m[1;32m[Msg] [0m[1;32mLoaded plugin [[0m[1;32mTransformControl[0m[1;32m] from path [[0m[1;32m/opt/ros/jazzy/opt/gz_sim_vendor/lib/gz-sim-8/plugins/gui/libTransformControl.so[0m[1;32m][0m[1;32m[0m
[gz-9] [1;36m[GUI] [Dbg] [Application.cc:528] [0m[1;36mLoading plugin [[0m[1;36mScreenshot[0m[1;36m][0m[1;36m[0m
[gz-9] [1;32m[GUI] [0m[1;32m[Msg] [0m[1;32mScreenshot service on [[0m[1;32m/gui/screenshot[0m[1;32m][0m[1;32m[0m
[gz-9] [1;32m[GUI] [0m[1;32m[Msg] [0m[1;32mAdded plugin [[0m[1;32mScreenshot[0m[1;32m] to main window[0m[1;32m[0m
[gz-9] [1;32m[GUI] [0m[1;32m[Msg] [0m[1;32mLoaded plugin [[0m[1;32mScreenshot[0m[1;32m] from path [[0m[1;32m/opt/ros/jazzy/opt/gz_gui_vendor/lib/gz-gui-8/plugins/libScreenshot.so[0m[1;32m][0m[1;32m[0m
[gz-9] [1;36m[GUI] [Dbg] [Application.cc:528] [0m[1;36mLoading plugin [[0m[1;36mCopyPaste[0m[1;36m][0m[1;36m[0m
[gz-9] [1;32m[GUI] [0m[1;32m[Msg] [0m[1;32mAdded plugin [[0m[1;32mCopy/Paste[0m[1;32m] to main window[0m[1;32m[0m
[gz-9] [1;32m[GUI] [0m[1;32m[Msg] [0m[1;32mLoaded plugin [[0m[1;32mCopyPaste[0m[1;32m] from path [[0m[1;32m/opt/ros/jazzy/opt/gz_sim_vendor/lib/gz-sim-8/plugins/gui/libCopyPaste.so[0m[1;32m][0m[1;32m[0m
[gz-9] [1;36m[GUI] [Dbg] [Application.cc:528] [0m[1;36mLoading plugin [[0m[1;36mComponentInspector[0m[1;36m][0m[1;36m[0m
[gz-9] [1;32m[GUI] [0m[1;32m[Msg] [0m[1;32mAdded plugin [[0m[1;32mComponent inspector[0m[1;32m] to main window[0m[1;32m[0m
[gz-9] [1;32m[GUI] [0m[1;32m[Msg] [0m[1;32mLoaded plugin [[0m[1;32mComponentInspector[0m[1;32m] from path [[0m[1;32m/opt/ros/jazzy/opt/gz_sim_vendor/lib/gz-sim-8/plugins/gui/libComponentInspector.so[0m[1;32m][0m[1;32m[0m
[gz-9] [1;36m[GUI] [Dbg] [Application.cc:528] [0m[1;36mLoading plugin [[0m[1;36mEntityTree[0m[1;36m][0m[1;36m[0m
[gz-9] [1;32m[GUI] [0m[1;32m[Msg] [0m[1;32mCurrently tracking topic on [[0m[1;32m/gui/currently_tracked[0m[1;32m][0m[1;32m[0m
[gz-9] [1;33m[GUI] [Wrn] [Application.cc:908] [0m[1;33m[QT] file::/WorldStats/WorldStats.qml:53:3: QML RowLayout: Binding loop detected for property "x"[0m[1;33m[0m
[gz-9] libEGL warning: failed to open /dev/dri/renderD128: Permission denied
[gz-9] 
[gz-9] libEGL warning: failed to open /dev/dri/renderD128: Permission denied
[gz-9] 
[gz-9] libEGL warning: failed to open /dev/dri/card1: Permission denied
[gz-9] 
[gz-9] [1;33m[GUI] [Wrn] [Ogre2RenderTarget.cc:668] [0m[1;33mAnti-aliasing level of '[0m[1;33m[0m[1;33m' [0m[1;33mis not supported; valid FSAA levels are: [0m[1;33m[ 0 ][0m[1;33m. Setting to 1[0m[1;33m[0m
[gz-8] [1;36m[Dbg] [SystemManager.cc:80] [0m[1;36mLoaded system [[0m[1;36mgz::sim::systems::UserCommands[0m[1;36m] for entity [[0m[1;36m1[0m[1;36m][0m[1;36m[0m
[gz-8] [1;36m[Dbg] [SystemManager.cc:80] [0m[1;36mLoaded system [[0m[1;36mgz::sim::systems::SceneBroadcaster[0m[1;36m] for entity [[0m[1;36m1[0m[1;36m][0m[1;36m[0m
[gz-8] [1;36m[Dbg] [Sensors.cc:697] [0m[1;36mConfiguring Sensors system[0m[1;36m[0m
[gz-8] [1;36m[Dbg] [Sensors.cc:557] [0m[1;36mSensorsPrivate::Run[0m[1;36m[0m
[gz-8] [1;36m[Dbg] [SystemManager.cc:80] [0m[1;36mLoaded system [[0m[1;36mgz::sim::systems::Sensors[0m[1;36m] for entity [[0m[1;36m1[0m[1;36m][0m[1;36m[0m
[gz-8] [1;36m[Dbg] [Sensors.cc:532] [0m[1;36mSensorsPrivate::RenderThread started[0m[1;36m[0m
[gz-8] [1;36m[Dbg] [Sensors.cc:337] [0m[1;36mWaiting for init[0m[1;36m[0m
[gz-8] [1;36m[Dbg] [SystemManager.cc:80] [0m[1;36mLoaded system [[0m[1;36mgz::sim::systems::Imu[0m[1;36m] for entity [[0m[1;36m1[0m[1;36m][0m[1;36m[0m
[gz-8] [1;32m[Msg] [0m[1;32mLoaded level [[0m[1;32mdefault[0m[1;32m][0m[1;32m[0m
[gz-8] [1;32m[Msg] [0m[1;32mServing world controls on [[0m[1;32m/world/new_room_world[0m[1;32m/control], [[0m[1;32m/world/new_room_world[0m[1;32m/control/state] and [[0m[1;32m/world/new_room_world[0m[1;32m/playback/control][0m[1;32m[0m
[gz-8] [1;32m[Msg] [0m[1;32mServing GUI information on [[0m[1;32m/world/new_room_world[0m[1;32m/[0m[1;32mgui/info[0m[1;32m][0m[1;32m[0m
[gz-8] [1;32m[Msg] [0m[1;32mWorld [[0m[1;32mnew_room_world[0m[1;32m] initialized with [[0m[1;32mnew_room_realtime[0m[1;32m] physics profile.[0m[1;32m[0m
[gz-8] [1;32m[Msg] [0m[1;32mServing world SDF generation service on [[0m[1;32m/world/new_room_world[0m[1;32m/[0m[1;32mgenerate_world_sdf[0m[1;32m][0m[1;32m[0m
[gz-8] [1;32m[Msg] [0m[1;32mServing world names on [[0m[1;32m/gazebo/worlds[0m[1;32m][0m[1;32m[0m
[gz-8] [1;32m[Msg] [0m[1;32mResource path add service on [[0m[1;32m/gazebo/resource_paths/add[0m[1;32m].[0m[1;32m[0m
[gz-8] [1;32m[Msg] [0m[1;32mResource path get service on [[0m[1;32m/gazebo/resource_paths/get[0m[1;32m].[0m[1;32m[0m
[gz-8] [1;32m[Msg] [0m[1;32mResource path resolve service on [[0m[1;32m/gazebo/resource_paths/resolve[0m[1;32m].[0m[1;32m[0m
[gz-8] [1;32m[Msg] [0m[1;32mResource paths published on [[0m[1;32m/gazebo/resource_paths[0m[1;32m].[0m[1;32m[0m
[gz-8] [1;32m[Msg] [0m[1;32mServer control service on [[0m[1;32m/server_control[0m[1;32m].[0m[1;32m[0m
[gz-8] [1;32m[Msg] [0m[1;32mFound no publishers on /stats, adding root stats topic[0m[1;32m[0m
[gz-8] [1;32m[Msg] [0m[1;32mFound no publishers on /clock, adding root clock topic[0m[1;32m[0m
[gz-8] [1;36m[Dbg] [SimulationRunner.cc:551] [0m[1;36mCreating PostUpdate worker threads: [0m[1;36m4[0m[1;36m[0m
[gz-8] [1;36m[Dbg] [SimulationRunner.cc:562] [0m[1;36mCreating postupdate worker thread ([0m[1;36m0[0m[1;36m)[0m[1;36m[0m
[gz-8] [1;36m[Dbg] [SimulationRunner.cc:562] [0m[1;36mCreating postupdate worker thread ([0m[1;36m1[0m[1;36m)[0m[1;36m[0m
[gz-8] [1;36m[Dbg] [SimulationRunner.cc:562] [0m[1;36mCreating postupdate worker thread ([0m[1;36m2[0m[1;36m)[0m[1;36m[0m
[gz-8] [1;33mWarning [Utils.cc:132][0m [/sdf/model[@name="turtlebot4"]/link[@name="rplidar_link"]/sensor[@name="rplidar"]/gz_frame_id:<urdf-string>:L0]: XML Element[gz_frame_id], child of element[sensor], not defined in SDF. Copying[gz_frame_id] as children of [sensor].
[gz-8] [1;33m[Wrn] [SdfEntityCreator.cc:933] [0m[1;33mGazebo does not support Ogre material scripts. See [0m[1;33mhttps://gazebosim.org/api/sim/8/migrationsdf.html#:~:text=Materials [0m[1;33mfor details.[0m[1;33m[0m
[gz-8] [1;33m[Wrn] [SdfEntityCreator.cc:949] [0m[1;33mUsing an internal gazebo.material to parse [0m[1;33mGazebo/DarkGrey[0m[1;33m[0m
[gz-8] [1;33m[Wrn] [SdfEntityCreator.cc:933] [0m[1;33mGazebo does not support Ogre material scripts. See [0m[1;33mhttps://gazebosim.org/api/sim/8/migrationsdf.html#:~:text=Materials [0m[1;33mfor details.[0m[1;33m[0m
[gz-8] [1;33m[Wrn] [SdfEntityCreator.cc:949] [0m[1;33mUsing an internal gazebo.material to parse [0m[1;33mGazebo/DarkGrey[0m[1;33m[0m
[gz-8] [1;33m[Wrn] [SdfEntityCreator.cc:933] [0m[1;33mGazebo does not support Ogre material scripts. See [0m[1;33mhttps://gazebosim.org/api/sim/8/migrationsdf.html#:~:text=Materials [0m[1;33mfor details.[0m[1;33m[0m
[gz-8] [1;33m[Wrn] [SdfEntityCreator.cc:949] [0m[1;33mUsing an internal gazebo.material to parse [0m[1;33mGazebo/DarkGrey[0m[1;33m[0m
[gz-8] [1;32m[Msg] [0m[1;32mDiffDrive subscribing to twist messages on [[0m[1;32m/cmd_vel[0m[1;32m][0m[1;32m[0m
[gz-8] [1;36m[Dbg] [SystemManager.cc:80] [0m[1;36mLoaded system [[0m[1;36mgz::sim::systems::DiffDrive[0m[1;36m] for entity [[0m[1;36m144[0m[1;36m][0m[1;36m[0m
[gz-8] [1;36m[Dbg] [SystemManager.cc:80] [0m[1;36mLoaded system [[0m[1;36mgz::sim::systems::JointStatePublisher[0m[1;36m] for entity [[0m[1;36m144[0m[1;36m][0m[1;36m[0m
[gz-8] [1;36m[Dbg] [UserCommands.cc:1094] [0m[1;36mCreated entity [[0m[1;36m144[0m[1;36m] named [[0m[1;36mturtlebot4[0m[1;36m][0m[1;36m[0m
[gz-8] [1;36m[Dbg] [SDFFeatures.cc:332] [0m[1;36mMesh construction from an SDF has not been implemented yet for [0m[1;36mdartsim. Use AttachMeshShapeFeature to use mesh shapes.[0m
[gz-8] [1;36m[Dbg] [SDFFeatures.cc:864] [0m[1;36mThe geometry element of collision [[0m[1;36mbase_link_fixed_joint_lump__bumper_collision_1[0m[1;36m] [0m[1;36mcouldn't be created[0m
[gz-8] [1;36m[Dbg] [SDFFeatures.cc:332] [0m[1;36mMesh construction from an SDF has not been implemented yet for [0m[1;36mdartsim. Use AttachMeshShapeFeature to use mesh shapes.[0m
[gz-8] [1;36m[Dbg] [SDFFeatures.cc:864] [0m[1;36mThe geometry element of collision [[0m[1;36mbase_link_fixed_joint_lump__shell_collision_collision_2[0m[1;36m] [0m[1;36mcouldn't be created[0m
[gz-8] [1;36m[Dbg] [Sensors.cc:953] [0m[1;36mInitialization needed[0m[1;36m[0m
[gz-8] [1;36m[Dbg] [Sensors.cc:349] [0m[1;36mInitializing render context[0m[1;36m[0m
[gz-8] [1;32m[Msg] [0m[1;32mLoading plugin [[0m[1;32mgz-rendering-ogre2[0m[1;32m][0m[1;32m[0m
[gz-8] [1;36m[Dbg] [ImuSensor.cc:150] [0m[1;36mIMU data for [[0m[1;36mturtlebot4::imu_link::imu[0m[1;36m] advertised on [[0m[1;36mimu[0m[1;36m][0m[1;36m[0m
[gz-8] [1;32m[Msg] [0m[1;32mServing scene information on [[0m[1;32m/world/new_room_world[0m[1;32m/[0m[1;32mscene/info[0m[1;32m][0m[1;32m[0m
[gz-8] [1;32m[Msg] [0m[1;32mServing graph information on [[0m[1;32m/world/new_room_world[0m[1;32m/[0m[1;32mscene/graph[0m[1;32m][0m[1;32m[0m
[gz-8] [1;32m[Msg] [0m[1;32mServing full state on [[0m[1;32m/world/new_room_world[0m[1;32m/[0m[1;32mstate[0m[1;32m][0m[1;32m[0m
[gz-8] [1;32m[Msg] [0m[1;32mServing full state (async) on [[0m[1;32m/world/new_room_world[0m[1;32m/[0m[1;32mstate_async[0m[1;32m][0m[1;32m[0m
[gz-8] [1;32m[Msg] [0m[1;32mPublishing scene information on [[0m[1;32m/world/new_room_world/scene/info[0m[1;32m][0m[1;32m[0m
[gz-8] [1;32m[Msg] [0m[1;32mPublishing entity deletions on [[0m[1;32m/world/new_room_world/scene/deletion[0m[1;32m][0m[1;32m[0m
[gz-8] [1;32m[Msg] [0m[1;32mPublishing state changes on [[0m[1;32m/world/new_room_world/state[0m[1;32m][0m[1;32m[0m
[gz-8] [1;32m[Msg] [0m[1;32mPublishing pose messages on [[0m[1;32m/world/new_room_world[0m[1;32m/[0m[1;32mpose/info[0m[1;32m][0m[1;32m[0m
[gz-8] [1;32m[Msg] [0m[1;32mPublishing dynamic pose messages on [[0m[1;32m/world/new_room_world[0m[1;32m/[0m[1;32mdynamic_pose/info[0m[1;32m][0m[1;32m[0m
[gz-8] [1;36m[Dbg] [EntityComponentManager.cc:1656] [0m[1;36mUpdated state thread iterators: [0m[1;36m16[0m[1;36m threads processing around [0m[1;36m15[0m[1;36m entities each.[0m[1;36m[0m
[gz-8] [1;36m[Dbg] [SimulationRunner.cc:578] [Dbg] [SimulationRunner.cc:578] [0m[1;36mExiting postupdate worker thread ([0m[1;36m2[0m[1;36m)[0m[1;36m)[0m[1;36mExiting postupdate worker thread ([0m[1;36m)[0m[1;36m
[gz-8] 1[0m[1;36m
[gz-8] 1Exiting postupdate worker thread ([0m[1;36m)[0m[1;36m)[0m[1;36m[0m
[gz-8] [1;36m)[0m[1;36m[0m
[gz-8] [1;36m[Dbg] [SimulationRunner.cc:551] [0m[1;36mCreating PostUpdate worker threads: [0m[1;36m6[0m[1;36m[0m
[gz-8] [1;36m[Dbg] [SimulationRunner.cc:562] [0m[1;36mCreating postupdate worker thread ([0m[1;36m0[0m[1;36m)[0m[1;36m[0m
[gz-8] [1;36m[Dbg] [SimulationRunner.cc:562] [0m[1;36mCreating postupdate worker thread ([0m[1;36m1[0m[1;36m)[0m[1;36m[0m
[gz-8] [1;36m[Dbg] [SimulationRunner.cc:562] [0m[1;36mCreating postupdate worker thread ([0m[1;36m2[0m[1;36m)[0m[1;36m[0m
[gz-8] libEGL warning: failed to open /dev/dri/renderD128: Permission denied
[gz-8] 
[gz-8] libEGL warning: failed to open /dev/dri/renderD128: Permission denied
[gz-8] 
[gz-8] libEGL warning: failed to open /dev/dri/card1: Permission denied
[gz-8] 
[gz-9] [1;32m[GUI] [0m[1;32m[Msg] [0m[1;32mAdded plugin [[0m[1;32mEntity tree[0m[1;32m] to main window[0m[1;32m[0m
[gz-9] [1;32m[GUI] [0m[1;32m[Msg] [0m[1;32mLoaded plugin [[0m[1;32mEntityTree[0m[1;32m] from path [[0m[1;32m/opt/ros/jazzy/opt/gz_sim_vendor/lib/gz-sim-8/plugins/gui/libEntityTree.so[0m[1;32m][0m[1;32m[0m
[gz-9] [1;36m[GUI] [Dbg] [Application.cc:398] [0m[1;36mLoading window config[0m[1;36m[0m
[gz-9] [1;32m[GUI] [0m[1;32m[Msg] [0m[1;32mUsing server control service [[0m[1;32m/server_control[0m[1;32m][0m[1;32m[0m
[gz-9] [1;36m[GUI] [Dbg] [Application.cc:671] [0m[1;36mApplying config[0m[1;36m[0m
[gz-9] [1;36m[GUI] [Dbg] [MinimalScene.cc:802] [0m[1;36mCreating gz-rendering interface for OpenGL[0m[1;36m[0m
[gz-9] [1;36m[GUI] [Dbg] [MinimalScene.cc:986] [0m[1;36mCreating render thread interface for OpenGL[0m[1;36m[0m
[gz-9] [1;32m[GUI] [0m[1;32m[Msg] [0m[1;32mLoading plugin [[0m[1;32mgz-rendering-ogre2[0m[1;32m][0m[1;32m[0m
[gz-9] [1;36m[GUI] [Dbg] [MinimalScene.cc:749] [0m[1;36mCreate scene [[0m[1;36mscene[0m[1;36m][0m[1;36m[0m
[gz-9] [1;36m[GUI] [Dbg] [MinimalScene.cc:1037] [0m[1;36mCreating texture node render interface for OpenGL[0m[1;36m[0m
[gz-9] [1;36m[GUI] [Dbg] [TransformControl.cc:453] [0m[1;36mTransformControl plugin is using camera [[0m[1;36mscene::Camera(65527)[0m[1;36m][0m[1;36m[0m
[gz-9] [1;36m[GUI] [Dbg] [Spawn.cc:308] [0m[1;36mSpawn plugin is using camera [[0m[1;36mscene::Camera(65527)[0m[1;36m][0m[1;36m[0m
[gz-9] [1;36m[GUI] [Dbg] [SelectEntities.cc:452] [0m[1;36mSelectEntities plugin is using camera [[0m[1;36mscene::Camera(65527)[0m[1;36m][0m[1;36m[0m
[gz-9] [1;36m[GUI] [Dbg] [MarkerManager.cc:169] [0m[1;36mAdvertise [0m[1;36m/marker[0m[1;36m/list service.[0m
[gz-9] [1;36m[GUI] [Dbg] [MarkerManager.cc:179] [0m[1;36mAdvertise [0m[1;36m/marker[0m[1;36m/list.[0m
[gz-9] [1;36m[GUI] [Dbg] [MarkerManager.cc:189] [0m[1;36mAdvertise [0m[1;36m/marker[0m[1;36m_array.[0m
[gz-9] [1;36m[GUI] [Dbg] [CameraTracking.cc:205] [0m[1;36mCameraTrackingPrivate plugin is moving camera [[0m[1;36mscene::Camera(65527)[0m[1;36m][0m[1;36m[0m
[gz-9] [1;32m[GUI] [0m[1;32m[Msg] [0m[1;32mMove to service on [[0m[1;32m/gui/move_to[0m[1;32m][0m[1;32m[0m
[gz-9] [1;32m[GUI] [0m[1;32m[Msg] [0m[1;32mFollow service on [[0m[1;32m/gui/follow[0m[1;32m] (deprecated)[0m[1;32m[0m
[gz-9] [1;32m[GUI] [0m[1;32m[Msg] [0m[1;32mTracking topic on [[0m[1;32m/gui/track[0m[1;32m][0m[1;32m[0m
[gz-9] [1;32m[GUI] [0m[1;32m[Msg] [0m[1;32mTracking status topic on [[0m[1;32m/gui/currently_tracked[0m[1;32m][0m[1;32m[0m
[gz-9] [1;32m[GUI] [0m[1;32m[Msg] [0m[1;32mMove to pose service on [[0m[1;32m/gui/move_to/pose[0m[1;32m][0m[1;32m[0m
[gz-9] [1;32m[GUI] [0m[1;32m[Msg] [0m[1;32mCamera pose topic advertised on [[0m[1;32m/gui/camera/pose[0m[1;32m][0m[1;32m[0m
[gz-9] [1;32m[GUI] [0m[1;32m[Msg] [0m[1;32mFollow offset service on [[0m[1;32m/gui/follow/offset[0m[1;32m] (deprecated)[0m[1;32m[0m
[gz-9] [1;36m[GUI] [Dbg] [InteractiveViewControl.cc:176] [0m[1;36mInteractiveViewControl plugin is moving camera [[0m[1;36mscene::Camera(65527)[0m[1;36m][0m[1;36m[0m
[gz-9] [1;36m[GUI] [Dbg] [EntityContextMenuPlugin.cc:79] [0m[1;36mEntity context menu plugin is using camera [[0m[1;36mscene::Camera(65527)[0m[1;36m][0m[1;36m[0m
[gz-9] [1;33mWarning [Utils.cc:132][0m [/sdf/model[@name="turtlebot4"]/link[@name="rplidar_link"]/sensor[@name="rplidar"]/gz_frame_id:<data-string>:L1399]: XML Element[gz_frame_id], child of element[sensor], not defined in SDF. Copying[gz_frame_id] as children of [sensor].
[WARN] [1790233136.135277009] [rcl]: ROS_LOCALHOST_ONLY is deprecated but still honored if it is enabled. Use ROS_AUTOMATIC_DISCOVERY_RANGE and ROS_STATIC_PEERS instead.
[WARN] [1790233136.135314317] [rcl]: 'localhost_only' is enabled, 'automatic_discovery_range' and 'static_peers' will be ignored.
[INFO] [async_slam_toolbox_node-10]: process started with pid [55763]
[async_slam_toolbox_node-10] [WARN] [1790233136.367480002] [rcl]: ROS_LOCALHOST_ONLY is deprecated but still honored if it is enabled. Use ROS_AUTOMATIC_DISCOVERY_RANGE and ROS_STATIC_PEERS instead.
[async_slam_toolbox_node-10] [WARN] [1790233136.367529864] [rcl]: 'localhost_only' is enabled, 'automatic_discovery_range' and 'static_peers' will be ignored.
[async_slam_toolbox_node-10] [INFO] [1790233136.390666748] [slam_toolbox]: Node using stack size 40000000
[async_slam_toolbox_node-10] [INFO] [1790233136.580851040] [slam_toolbox]: Configuring
[async_slam_toolbox_node-10] [INFO] [1790233136.581512938] [slam_toolbox]: Old-map sequential matcher: enabled=false, min_conf=0.25, decay=70.0, keep_first=true, keyframe_dist=1.00, history_radius=1.50, history_max=6
[async_slam_toolbox_node-10] [INFO] [1790233136.585895548] [slam_toolbox]: Using solver plugin solver_plugins::CeresSolver
[async_slam_toolbox_node-10] [INFO] [1790233136.586349402] [slam_toolbox]: CeresSolver adaptive anchor V1: enabled=true, weight=5.00->1.00, decay=70.0, local_gap<=5, loop_gap>=30, evidence=3, mahal_sq>=9.00, release=1.00->1.00
[async_slam_toolbox_node-10] [INFO] [1790233136.586378118] [slam_toolbox]: CeresSolver: Using SCHUR_JACOBI preconditioner.
[INFO] [launch.user]: [LifecycleLaunch] Slamtoolbox node is activating.
[async_slam_toolbox_node-10] [INFO] [1790233136.607229101] [slam_toolbox]: Activating
[async_slam_toolbox_node-10] Registering sensor: [Custom Described Lidar]
[rviz2-7] [INFO] [1790233137.655410690] [rviz2]: Trying to create a map of size 222 x 77 using 1 swatches
[rviz2-7] [ERROR] [1790233137.670238203] [rviz2]: rviz/glsl120/indexed_8bit_image.vert
[rviz2-7] rviz/glsl120/indexed_8bit_image.frag
[rviz2-7]  GLSL link result : 
[rviz2-7] active samplers with a different type refer to the same texture image unit
[INFO] [controller_server-11]: process started with pid [55860]
[INFO] [smoother_server-12]: process started with pid [55861]
[INFO] [planner_server-13]: process started with pid [55862]
[INFO] [route_server-14]: process started with pid [55863]
[INFO] [behavior_server-15]: process started with pid [55864]
[INFO] [bt_navigator-16]: process started with pid [55865]
[INFO] [waypoint_follower-17]: process started with pid [55866]
[INFO] [velocity_smoother-18]: process started with pid [55867]
[INFO] [collision_monitor-19]: process started with pid [55868]
[INFO] [opennav_docking-20]: process started with pid [55869]
[INFO] [lifecycle_manager-21]: process started with pid [55870]
[velocity_smoother-18] [WARN] [1790233146.213615954] [rcl]: ROS_LOCALHOST_ONLY is deprecated but still honored if it is enabled. Use ROS_AUTOMATIC_DISCOVERY_RANGE and ROS_STATIC_PEERS instead.
[velocity_smoother-18] [WARN] [1790233146.213634997] [rcl]: 'localhost_only' is enabled, 'automatic_discovery_range' and 'static_peers' will be ignored.
[planner_server-13] [WARN] [1790233146.214133557] [rcl]: ROS_LOCALHOST_ONLY is deprecated but still honored if it is enabled. Use ROS_AUTOMATIC_DISCOVERY_RANGE and ROS_STATIC_PEERS instead.
[planner_server-13] [WARN] [1790233146.214146119] [rcl]: 'localhost_only' is enabled, 'automatic_discovery_range' and 'static_peers' will be ignored.
[controller_server-11] [WARN] [1790233146.214452701] [rcl]: ROS_LOCALHOST_ONLY is deprecated but still honored if it is enabled. Use ROS_AUTOMATIC_DISCOVERY_RANGE and ROS_STATIC_PEERS instead.
[controller_server-11] [WARN] [1790233146.214466064] [rcl]: 'localhost_only' is enabled, 'automatic_discovery_range' and 'static_peers' will be ignored.
[route_server-14] [WARN] [1790233146.221296838] [rcl]: ROS_LOCALHOST_ONLY is deprecated but still honored if it is enabled. Use ROS_AUTOMATIC_DISCOVERY_RANGE and ROS_STATIC_PEERS instead.
[route_server-14] [WARN] [1790233146.221322541] [rcl]: 'localhost_only' is enabled, 'automatic_discovery_range' and 'static_peers' will be ignored.
[behavior_server-15] [WARN] [1790233146.223500243] [rcl]: ROS_LOCALHOST_ONLY is deprecated but still honored if it is enabled. Use ROS_AUTOMATIC_DISCOVERY_RANGE and ROS_STATIC_PEERS instead.
[behavior_server-15] [WARN] [1790233146.223525668] [rcl]: 'localhost_only' is enabled, 'automatic_discovery_range' and 'static_peers' will be ignored.
[waypoint_follower-17] [WARN] [1790233146.224215129] [rcl]: ROS_LOCALHOST_ONLY is deprecated but still honored if it is enabled. Use ROS_AUTOMATIC_DISCOVERY_RANGE and ROS_STATIC_PEERS instead.
[waypoint_follower-17] [WARN] [1790233146.224234397] [rcl]: 'localhost_only' is enabled, 'automatic_discovery_range' and 'static_peers' will be ignored.
[opennav_docking-20] [WARN] [1790233146.224749993] [rcl]: ROS_LOCALHOST_ONLY is deprecated but still honored if it is enabled. Use ROS_AUTOMATIC_DISCOVERY_RANGE and ROS_STATIC_PEERS instead.
[opennav_docking-20] [WARN] [1790233146.224763729] [rcl]: 'localhost_only' is enabled, 'automatic_discovery_range' and 'static_peers' will be ignored.
[collision_monitor-19] [WARN] [1790233146.226982002] [rcl]: ROS_LOCALHOST_ONLY is deprecated but still honored if it is enabled. Use ROS_AUTOMATIC_DISCOVERY_RANGE and ROS_STATIC_PEERS instead.
[collision_monitor-19] [WARN] [1790233146.227005857] [rcl]: 'localhost_only' is enabled, 'automatic_discovery_range' and 'static_peers' will be ignored.
[smoother_server-12] [WARN] [1790233146.234301198] [rcl]: ROS_LOCALHOST_ONLY is deprecated but still honored if it is enabled. Use ROS_AUTOMATIC_DISCOVERY_RANGE and ROS_STATIC_PEERS instead.
[lifecycle_manager-21] [WARN] [1790233146.234480658] [rcl]: ROS_LOCALHOST_ONLY is deprecated but still honored if it is enabled. Use ROS_AUTOMATIC_DISCOVERY_RANGE and ROS_STATIC_PEERS instead.
[lifecycle_manager-21] [WARN] [1790233146.234496100] [rcl]: 'localhost_only' is enabled, 'automatic_discovery_range' and 'static_peers' will be ignored.
[smoother_server-12] [WARN] [1790233146.235532193] [rcl]: 'localhost_only' is enabled, 'automatic_discovery_range' and 'static_peers' will be ignored.
[bt_navigator-16] [WARN] [1790233146.237113395] [rcl]: ROS_LOCALHOST_ONLY is deprecated but still honored if it is enabled. Use ROS_AUTOMATIC_DISCOVERY_RANGE and ROS_STATIC_PEERS instead.
[bt_navigator-16] [WARN] [1790233146.237141054] [rcl]: 'localhost_only' is enabled, 'automatic_discovery_range' and 'static_peers' will be ignored.
[planner_server-13] [INFO] [1790233146.262136374] [planner_server]: 
[planner_server-13] 	planner_server lifecycle node launched. 
[planner_server-13] 	Waiting on external lifecycle transitions to activate
[planner_server-13] 	See https://design.ros2.org/articles/node_lifecycle.html for more information.
[planner_server-13] [INFO] [1790233146.263738673] [planner_server]: Creating
[velocity_smoother-18] [INFO] [1790233146.278817281] [velocity_smoother]: 
[velocity_smoother-18] 	velocity_smoother lifecycle node launched. 
[velocity_smoother-18] 	Waiting on external lifecycle transitions to activate
[velocity_smoother-18] 	See https://design.ros2.org/articles/node_lifecycle.html for more information.
[opennav_docking-20] [INFO] [1790233146.286774132] [docking_server]: 
[opennav_docking-20] 	docking_server lifecycle node launched. 
[opennav_docking-20] 	Waiting on external lifecycle transitions to activate
[opennav_docking-20] 	See https://design.ros2.org/articles/node_lifecycle.html for more information.
[opennav_docking-20] [INFO] [1790233146.286939500] [docking_server]: Creating docking_server
[behavior_server-15] [INFO] [1790233146.299708593] [behavior_server]: 
[behavior_server-15] 	behavior_server lifecycle node launched. 
[behavior_server-15] 	Waiting on external lifecycle transitions to activate
[behavior_server-15] 	See https://design.ros2.org/articles/node_lifecycle.html for more information.
[waypoint_follower-17] [INFO] [1790233146.308633563] [waypoint_follower]: 
[waypoint_follower-17] 	waypoint_follower lifecycle node launched. 
[waypoint_follower-17] 	Waiting on external lifecycle transitions to activate
[waypoint_follower-17] 	See https://design.ros2.org/articles/node_lifecycle.html for more information.
[smoother_server-12] [INFO] [1790233146.308855037] [smoother_server]: 
[smoother_server-12] 	smoother_server lifecycle node launched. 
[smoother_server-12] 	Waiting on external lifecycle transitions to activate
[smoother_server-12] 	See https://design.ros2.org/articles/node_lifecycle.html for more information.
[smoother_server-12] [INFO] [1790233146.311702524] [smoother_server]: Creating smoother server
[controller_server-11] [INFO] [1790233146.311733298] [controller_server]: 
[controller_server-11] 	controller_server lifecycle node launched. 
[controller_server-11] 	Waiting on external lifecycle transitions to activate
[controller_server-11] 	See https://design.ros2.org/articles/node_lifecycle.html for more information.
[waypoint_follower-17] [INFO] [1790233146.312935063] [waypoint_follower]: Creating
[controller_server-11] [INFO] [1790233146.316073435] [controller_server]: Creating controller server
[bt_navigator-16] [INFO] [1790233146.318657551] [bt_navigator]: 
[bt_navigator-16] 	bt_navigator lifecycle node launched. 
[bt_navigator-16] 	Waiting on external lifecycle transitions to activate
[bt_navigator-16] 	See https://design.ros2.org/articles/node_lifecycle.html for more information.
[bt_navigator-16] [INFO] [1790233146.319986255] [bt_navigator]: Creating
[lifecycle_manager-21] [INFO] [1790233146.321758615] [lifecycle_manager_navigation]: Creating
[planner_server-13] [INFO] [1790233146.324035355] [global_costmap.global_costmap]: 
[planner_server-13] 	global_costmap lifecycle node launched. 
[planner_server-13] 	Waiting on external lifecycle transitions to activate
[planner_server-13] 	See https://design.ros2.org/articles/node_lifecycle.html for more information.
[planner_server-13] [INFO] [1790233146.324811338] [global_costmap.global_costmap]: Creating Costmap
[lifecycle_manager-21] [INFO] [1790233146.329636271] [lifecycle_manager_navigation]: [34m[1mCreating and initializing lifecycle service clients[0m[0m
[route_server-14] [INFO] [1790233146.330138558] [route_server]: 
[route_server-14] 	route_server lifecycle node launched. 
[route_server-14] 	Waiting on external lifecycle transitions to activate
[route_server-14] 	See https://design.ros2.org/articles/node_lifecycle.html for more information.
[collision_monitor-19] [INFO] [1790233146.679373491] [collision_monitor]: 
[collision_monitor-19] 	collision_monitor lifecycle node launched. 
[collision_monitor-19] 	Waiting on external lifecycle transitions to activate
[collision_monitor-19] 	See https://design.ros2.org/articles/node_lifecycle.html for more information.
[controller_server-11] [INFO] [1790233146.700429735] [local_costmap.local_costmap]: 
[controller_server-11] 	local_costmap lifecycle node launched. 
[controller_server-11] 	Waiting on external lifecycle transitions to activate
[controller_server-11] 	See https://design.ros2.org/articles/node_lifecycle.html for more information.
[controller_server-11] [INFO] [1790233146.700890847] [local_costmap.local_costmap]: Creating Costmap
[lifecycle_manager-21] [INFO] [1790233147.468707782] [lifecycle_manager_navigation]: [34m[1mStarting managed nodes bringup...[0m[0m
[lifecycle_manager-21] [INFO] [1790233147.468755221] [lifecycle_manager_navigation]: [34m[1mConfiguring controller_server[0m[0m
[controller_server-11] [INFO] [1790233147.469101797] [controller_server]: Configuring controller interface
[controller_server-11] [INFO] [1790233147.469120802] [controller_server]: getting progress checker plugins..
[controller_server-11] [INFO] [1790233147.469248430] [controller_server]: getting goal checker plugins..
[controller_server-11] [INFO] [1790233147.469323407] [controller_server]: Controller frequency set to 15.0000Hz
[controller_server-11] [INFO] [1790233147.469358227] [local_costmap.local_costmap]: Configuring
[controller_server-11] [INFO] [1790233147.481107106] [local_costmap.local_costmap]: Using plugin "static_layer"
[controller_server-11] [INFO] [1790233147.484549822] [local_costmap.local_costmap]: Subscribing to the map topic (/map) with transient local durability
[controller_server-11] [INFO] [1790233147.486980807] [local_costmap.local_costmap]: Initialized plugin "static_layer"
[controller_server-11] [INFO] [1790233147.487031177] [local_costmap.local_costmap]: Using plugin "voxel_layer"
[controller_server-11] [INFO] [1790233147.488904111] [local_costmap.local_costmap]: Subscribed to Topics: scan
[controller_server-11] [INFO] [1790233147.500510053] [local_costmap.local_costmap]: Initialized plugin "voxel_layer"
[controller_server-11] [INFO] [1790233147.500548767] [local_costmap.local_costmap]: Using plugin "inflation_layer"
[controller_server-11] [INFO] [1790233147.500975419] [local_costmap.local_costmap]: Initialized plugin "inflation_layer"
[controller_server-11] [INFO] [1790233147.524953049] [local_costmap.local_costmap]: StaticLayer: Resizing static layer to 222 X 77 at 0.100000 m/pix
[controller_server-11] [INFO] [1790233147.525049217] [controller_server]: Created progress_checker : progress_checker of type nav2_controller::SimpleProgressChecker
[controller_server-11] [INFO] [1790233147.525437696] [controller_server]: Controller Server has progress_checker  progress checkers available.
[controller_server-11] [INFO] [1790233147.525934746] [controller_server]: Created goal checker : general_goal_checker of type nav2_controller::SimpleGoalChecker
[controller_server-11] [INFO] [1790233147.526158793] [controller_server]: Controller Server has general_goal_checker  goal checkers available.
[controller_server-11] [INFO] [1790233147.527398819] [controller_server]: Created controller : FollowPath of type nav2_mppi_controller::MPPIController
[controller_server-11] [INFO] [1790233147.528891142] [controller_server]: Controller period is equal to model dt. Control sequence shifting is ON
[controller_server-11] [INFO] [1790233147.530557311] [controller_server]: ConstraintCritic instantiated with 1 power and 4.000000 weight.
[controller_server-11] [INFO] [1790233147.530608850] [controller_server]: Critic loaded : mppi::critics::ConstraintCritic
[controller_server-11] [INFO] [1790233147.531350207] [controller_server]: InflationCostCritic instantiated with 1 power and 300.000000 / 0.015000 weights. Critic will collision check based on footprint cost.
[controller_server-11] [INFO] [1790233147.531385871] [controller_server]: Critic loaded : mppi::critics::CostCritic
[controller_server-11] [INFO] [1790233147.531646237] [controller_server]: GoalCritic instantiated with 1 power and 5.000000 weight.
[controller_server-11] [INFO] [1790233147.531663685] [controller_server]: Critic loaded : mppi::critics::GoalCritic
[controller_server-11] [INFO] [1790233147.531933998] [controller_server]: GoalAngleCritic instantiated with 1 power, 3.000000 weight, 0.500000 angular threshold and symmetric_yaw_tolerance disabled
[controller_server-11] [INFO] [1790233147.531954139] [controller_server]: Critic loaded : mppi::critics::GoalAngleCritic
[controller_server-11] [INFO] [1790233147.532296488] [controller_server]: ReferenceTrajectoryCritic instantiated with 1 power and 20.000000 weight
[controller_server-11] [INFO] [1790233147.532308583] [controller_server]: Critic loaded : mppi::critics::PathAlignCritic
[controller_server-11] [INFO] [1790233147.532649434] [controller_server]: Critic loaded : mppi::critics::PathFollowCritic
[controller_server-11] [INFO] [1790233147.533277095] [controller_server]: PathAngleCritic instantiated with 1 power and 4.000000 weight. Mode set to: Forward Preference
[controller_server-11] [INFO] [1790233147.533330731] [controller_server]: Critic loaded : mppi::critics::PathAngleCritic
[controller_server-11] [INFO] [1790233147.533540596] [controller_server]: PreferForwardCritic instantiated with 1 power and 5.000000 weight.
[controller_server-11] [INFO] [1790233147.533550267] [controller_server]: Critic loaded : mppi::critics::PreferForwardCritic
[controller_server-11] [INFO] [1790233147.534424280] [controller_server]: Optimizer reset
[controller_server-11] [INFO] [1790233147.538520995] [MPPIController]: Configured MPPI Controller: FollowPath
[controller_server-11] [INFO] [1790233147.538559619] [controller_server]: Controller Server has FollowPath  controllers available.
[lifecycle_manager-21] [INFO] [1790233147.549386942] [lifecycle_manager_navigation]: [34m[1mConfiguring smoother_server[0m[0m
[smoother_server-12] [INFO] [1790233147.549727878] [smoother_server]: Configuring smoother server
[smoother_server-12] [INFO] [1790233147.565965749] [smoother_server]: Created smoother : simple_smoother of type nav2_smoother::SimpleSmoother
[smoother_server-12] [INFO] [1790233147.566297513] [smoother_server]: Smoother Server has simple_smoother  smoothers available.
[lifecycle_manager-21] [INFO] [1790233147.573216327] [lifecycle_manager_navigation]: [34m[1mConfiguring planner_server[0m[0m
[planner_server-13] [INFO] [1790233147.573487591] [planner_server]: Configuring
[planner_server-13] [INFO] [1790233147.573515821] [global_costmap.global_costmap]: Configuring
[planner_server-13] [INFO] [1790233147.584996071] [global_costmap.global_costmap]: Using plugin "static_layer"
[planner_server-13] [INFO] [1790233147.589696908] [global_costmap.global_costmap]: Subscribing to the map topic (/map) with transient local durability
[planner_server-13] [INFO] [1790233147.592764982] [global_costmap.global_costmap]: Initialized plugin "static_layer"
[planner_server-13] [INFO] [1790233147.592808924] [global_costmap.global_costmap]: Using plugin "obstacle_layer"
[planner_server-13] [INFO] [1790233147.594546033] [global_costmap.global_costmap]: Subscribed to Topics: scan
[planner_server-13] [INFO] [1790233147.600485115] [global_costmap.global_costmap]: Initialized plugin "obstacle_layer"
[planner_server-13] [INFO] [1790233147.600538919] [global_costmap.global_costmap]: Using plugin "inflation_layer"
[planner_server-13] [INFO] [1790233147.601373059] [global_costmap.global_costmap]: Initialized plugin "inflation_layer"
[planner_server-13] [INFO] [1790233147.629218146] [global_costmap.global_costmap]: StaticLayer: Resizing costmap to 222 X 77 at 0.100000 m/pix
[planner_server-13] [INFO] [1790233147.629575943] [planner_server]: Created global planner plugin GridBased of type nav2_navfn_planner::NavfnPlanner
[planner_server-13] [INFO] [1790233147.629598286] [planner_server]: Configuring plugin GridBased of type NavfnPlanner
[planner_server-13] [INFO] [1790233147.630453178] [planner_server]: Planner Server has GridBased  planners available.
[lifecycle_manager-21] [INFO] [1790233147.644772239] [lifecycle_manager_navigation]: [34m[1mConfiguring route_server[0m[0m
[route_server-14] [INFO] [1790233147.645439322] [route_server]: Configuring
[route_server-14] [INFO] [1790233147.683781615] [route_server]: Created GraphFileLoader GeoJsonGraphFileLoader of type nav2_route::GeoJsonGraphFileLoader
[route_server-14] [INFO] [1790233147.683826524] [route_server]: Configuring geojson graph file loader
[route_server-14] [INFO] [1790233147.683834605] [route_server]: No graph file provided to load yet.
[route_server-14] [INFO] [1790233147.688015449] [route_server]: Created edge cost function plugin DistanceScorer of type nav2_route::DistanceScorer
[route_server-14] [INFO] [1790233147.688083833] [route_server]: Configuring distance scorer.
[route_server-14] [INFO] [1790233147.689342652] [route_server]: Created edge cost function plugin DynamicEdgesScorer of type nav2_route::DynamicEdgesScorer
[route_server-14] [INFO] [1790233147.689392395] [route_server]: Configuring adjust edges scorer.
[route_server-14] [INFO] [1790233147.693862575] [route_server]: Created route operation AdjustSpeedLimit of type nav2_route::AdjustSpeedLimit
[route_server-14] [INFO] [1790233147.693910339] [route_server]: Configuring Adjust speed limit operation.
[route_server-14] [INFO] [1790233147.695193573] [route_server]: Created route operation ReroutingService of type nav2_route::ReroutingService
[route_server-14] [INFO] [1790233147.695225205] [route_server]: Configuring Rerouting service operation.
[lifecycle_manager-21] [INFO] [1790233147.701003909] [lifecycle_manager_navigation]: [34m[1mConfiguring behavior_server[0m[0m
[behavior_server-15] [INFO] [1790233147.701626729] [behavior_server]: Configuring
[behavior_server-15] [INFO] [1790233147.709627642] [behavior_server]: Creating behavior plugin spin of type nav2_behaviors::Spin
[behavior_server-15] [INFO] [1790233147.710911111] [behavior_server]: Creating behavior plugin backup of type nav2_behaviors::BackUp
[behavior_server-15] [INFO] [1790233147.711924408] [behavior_server]: Creating behavior plugin drive_on_heading of type nav2_behaviors::DriveOnHeading
[behavior_server-15] [INFO] [1790233147.713193476] [behavior_server]: Creating behavior plugin assisted_teleop of type nav2_behaviors::AssistedTeleop
[behavior_server-15] [INFO] [1790233147.715006836] [behavior_server]: Creating behavior plugin wait of type nav2_behaviors::Wait
[behavior_server-15] [INFO] [1790233147.725192714] [behavior_server]: Configuring spin
[behavior_server-15] [INFO] [1790233147.736069244] [behavior_server]: Configuring backup
[behavior_server-15] [INFO] [1790233147.746558128] [behavior_server]: Configuring drive_on_heading
[behavior_server-15] [INFO] [1790233147.752881456] [behavior_server]: Configuring assisted_teleop
[behavior_server-15] [INFO] [1790233147.763454325] [behavior_server]: Configuring wait
[lifecycle_manager-21] [INFO] [1790233147.774049359] [lifecycle_manager_navigation]: [34m[1mConfiguring velocity_smoother[0m[0m
[velocity_smoother-18] [INFO] [1790233147.774392471] [velocity_smoother]: Configuring velocity smoother
[lifecycle_manager-21] [INFO] [1790233147.781634680] [lifecycle_manager_navigation]: [34m[1mConfiguring collision_monitor[0m[0m
[collision_monitor-19] [INFO] [1790233147.782086496] [collision_monitor]: Configuring
[collision_monitor-19] [INFO] [1790233147.788543987] [collision_monitor]: [scan]: Creating Scan
[collision_monitor-19] [INFO] [1790233147.792381296] [collision_monitor]: [FootprintApproach]: Creating Polygon
[collision_monitor-19] [INFO] [1790233147.792674151] [collision_monitor]: [FootprintApproach]: Polygon points are not defined. Using dynamic subscription instead.
[collision_monitor-19] [INFO] [1790233147.792972552] [collision_monitor]: [FootprintApproach]: Making footprint subscriber on local_costmap/published_footprint topic
[lifecycle_manager-21] [INFO] [1790233147.817291452] [lifecycle_manager_navigation]: [34m[1mConfiguring bt_navigator[0m[0m
[bt_navigator-16] [INFO] [1790233147.818311345] [bt_navigator]: Configuring
[bt_navigator-16] [INFO] [1790233147.827536967] [bt_navigator]: Creating navigator id navigate_to_pose of type nav2_bt_navigator::NavigateToPoseNavigator
[bt_navigator-16] [INFO] [1790233147.909382420] [bt_navigator]: Creating navigator id navigate_through_poses of type nav2_bt_navigator::NavigateThroughPosesNavigator
[lifecycle_manager-21] [INFO] [1790233147.946447633] [lifecycle_manager_navigation]: [34m[1mConfiguring waypoint_follower[0m[0m
[waypoint_follower-17] [INFO] [1790233147.946955900] [waypoint_follower]: Configuring
[waypoint_follower-17] [INFO] [1790233147.983702041] [waypoint_follower]: Created waypoint_task_executor : wait_at_waypoint of type nav2_waypoint_follower::WaitAtWaypoint
[lifecycle_manager-21] [INFO] [1790233147.984622622] [lifecycle_manager_navigation]: [34m[1mConfiguring docking_server[0m[0m
[opennav_docking-20] [INFO] [1790233147.984999290] [docking_server]: Configuring docking_server
[opennav_docking-20] [INFO] [1790233147.985036350] [docking_server]: Controller frequency set to 50.0000Hz
[opennav_docking-20] [INFO] [1790233148.013592126] [docking_server]: Created charging dock plugin simple_charging_dock of type opennav_docking::SimpleChargingDock
[opennav_docking-20] [WARN] [1790233148.018873360] [docking_server]: Dock database filepath nor dock parameters set. Docking actions can only be executed specifying the dock pose via the action request. Or update the dock database via the reload_database service.
[opennav_docking-20] [INFO] [1790233148.018925942] [docking_server]: Docking Server has 1 dock types and 0 dock instances available.
[lifecycle_manager-21] [INFO] [1790233148.021764450] [lifecycle_manager_navigation]: [34m[1mActivating controller_server[0m[0m
[controller_server-11] [INFO] [1790233148.022418208] [controller_server]: Activating
[controller_server-11] [INFO] [1790233148.022491087] [local_costmap.local_costmap]: Activating
[controller_server-11] [INFO] [1790233148.022507999] [local_costmap.local_costmap]: Checking transform
[controller_server-11] [INFO] [1790233148.022723677] [local_costmap.local_costmap]: start
[controller_server-11] [WARN] [1790233148.224692964] [controller_server]: Parameter controller_server.verbose not found
[controller_server-11] [INFO] [1790233148.225617397] [controller_server]: Optimizer reset
[controller_server-11] [INFO] [1790233148.226335780] [MPPIController]: Activated MPPI Controller: FollowPath
[controller_server-11] [INFO] [1790233148.226376984] [controller_server]: Creating bond (controller_server) to lifecycle manager.
[lifecycle_manager-21] [INFO] [1790233148.335846319] [lifecycle_manager_navigation]: Server controller_server connected with bond.
[lifecycle_manager-21] [INFO] [1790233148.335923794] [lifecycle_manager_navigation]: [34m[1mActivating smoother_server[0m[0m
[smoother_server-12] [INFO] [1790233148.336983442] [smoother_server]: Activating
[smoother_server-12] [INFO] [1790233148.337043426] [smoother_server]: Creating bond (smoother_server) to lifecycle manager.
[lifecycle_manager-21] [INFO] [1790233148.455203477] [lifecycle_manager_navigation]: Server smoother_server connected with bond.
[lifecycle_manager-21] [INFO] [1790233148.455258975] [lifecycle_manager_navigation]: [34m[1mActivating planner_server[0m[0m
[planner_server-13] [INFO] [1790233148.455947427] [planner_server]: Activating
[planner_server-13] [INFO] [1790233148.456007299] [global_costmap.global_costmap]: Activating
[planner_server-13] [INFO] [1790233148.456016676] [global_costmap.global_costmap]: Checking transform
[planner_server-13] [INFO] [1790233148.456166913] [global_costmap.global_costmap]: start
[planner_server-13] [INFO] [1790233149.459125164] [planner_server]: Activating plugin GridBased of type NavfnPlanner
[planner_server-13] [INFO] [1790233149.461710697] [planner_server]: Creating bond (planner_server) to lifecycle manager.
[lifecycle_manager-21] [INFO] [1790233149.569477721] [lifecycle_manager_navigation]: Server planner_server connected with bond.
[lifecycle_manager-21] [INFO] [1790233149.569532242] [lifecycle_manager_navigation]: [34m[1mActivating route_server[0m[0m
[route_server-14] [INFO] [1790233149.570109286] [route_server]: Activating
[route_server-14] [INFO] [1790233149.570341323] [route_server]: Creating bond (route_server) to lifecycle manager.
[lifecycle_manager-21] [INFO] [1790233149.677258720] [lifecycle_manager_navigation]: Server route_server connected with bond.
[lifecycle_manager-21] [INFO] [1790233149.677302496] [lifecycle_manager_navigation]: [34m[1mActivating behavior_server[0m[0m
[behavior_server-15] [INFO] [1790233149.677623162] [behavior_server]: Activating
[behavior_server-15] [INFO] [1790233149.677641249] [behavior_server]: Activating spin
[behavior_server-15] [INFO] [1790233149.677648727] [behavior_server]: Activating backup
[behavior_server-15] [INFO] [1790233149.677653812] [behavior_server]: Activating drive_on_heading
[behavior_server-15] [INFO] [1790233149.677658807] [behavior_server]: Activating assisted_teleop
[behavior_server-15] [INFO] [1790233149.677664590] [behavior_server]: Activating wait
[behavior_server-15] [INFO] [1790233149.677673319] [behavior_server]: Creating bond (behavior_server) to lifecycle manager.
[lifecycle_manager-21] [INFO] [1790233149.783530377] [lifecycle_manager_navigation]: Server behavior_server connected with bond.
[lifecycle_manager-21] [INFO] [1790233149.783586774] [lifecycle_manager_navigation]: [34m[1mActivating velocity_smoother[0m[0m
[velocity_smoother-18] [INFO] [1790233149.784145474] [velocity_smoother]: Activating
[velocity_smoother-18] [INFO] [1790233149.784337760] [velocity_smoother]: Creating bond (velocity_smoother) to lifecycle manager.
[lifecycle_manager-21] [INFO] [1790233149.891430559] [lifecycle_manager_navigation]: Server velocity_smoother connected with bond.
[lifecycle_manager-21] [INFO] [1790233149.891483807] [lifecycle_manager_navigation]: [34m[1mActivating collision_monitor[0m[0m
[collision_monitor-19] [INFO] [1790233149.891922843] [collision_monitor]: Activating
[collision_monitor-19] [INFO] [1790233149.892101502] [collision_monitor]: Creating bond (collision_monitor) to lifecycle manager.
[lifecycle_manager-21] [INFO] [1790233149.998884685] [lifecycle_manager_navigation]: Server collision_monitor connected with bond.
[lifecycle_manager-21] [INFO] [1790233149.999002842] [lifecycle_manager_navigation]: [34m[1mActivating bt_navigator[0m[0m
[bt_navigator-16] [INFO] [1790233149.999446081] [bt_navigator]: Activating
[bt_navigator-16] [INFO] [1790233150.102351313] [bt_navigator]: Creating bond (bt_navigator) to lifecycle manager.
[lifecycle_manager-21] [INFO] [1790233150.209625507] [lifecycle_manager_navigation]: Server bt_navigator connected with bond.
[lifecycle_manager-21] [INFO] [1790233150.209681155] [lifecycle_manager_navigation]: [34m[1mActivating waypoint_follower[0m[0m
[waypoint_follower-17] [INFO] [1790233150.210159827] [waypoint_follower]: Activating
[waypoint_follower-17] [INFO] [1790233150.210218026] [waypoint_follower]: Creating bond (waypoint_follower) to lifecycle manager.
[lifecycle_manager-21] [INFO] [1790233150.316941894] [lifecycle_manager_navigation]: Server waypoint_follower connected with bond.
[lifecycle_manager-21] [INFO] [1790233150.316996761] [lifecycle_manager_navigation]: [34m[1mActivating docking_server[0m[0m
[opennav_docking-20] [INFO] [1790233150.317558444] [docking_server]: Activating docking_server
[opennav_docking-20] [INFO] [1790233150.328925660] [docking_server]: Creating bond (docking_server) to lifecycle manager.
[lifecycle_manager-21] [INFO] [1790233150.439014060] [lifecycle_manager_navigation]: Server docking_server connected with bond.
[lifecycle_manager-21] [INFO] [1790233150.439052220] [lifecycle_manager_navigation]: [34m[1mManaged nodes are active[0m[0m
[lifecycle_manager-21] [INFO] [1790233150.439059574] [lifecycle_manager_navigation]: [34m[1mCreating bond timer...[0m[0m
Nav2 active; kiem tra /clock lien tuc trong 5 giay...
[WARN] [1790233161.725398397] [rcl]: ROS_LOCALHOST_ONLY is deprecated but still honored if it is enabled. Use ROS_AUTOMATIC_DISCOVERY_RANGE and ROS_STATIC_PEERS instead.
[WARN] [1790233161.725429087] [rcl]: 'localhost_only' is enabled, 'automatic_discovery_range' and 'static_peers' will be ignored.
SLAM/Nav2 san sang; /clock on dinh, khong co buoc nhay lui trong 5 giay.

Starting NF on New Room...
Command: /usr/bin/python3 /home/com1/turtlebot4_project_r003_h031/mapex_lab/scripts/nf_run.py --run-id nf_p500_009 --environment new_room --runtime-profile slam --paper500
Run hoan tat se tu dong dung exploration, SLAM, Nav2 va Gazebo.
Nhan Ctrl+C mot lan neu muon dung som.

[WARN] [1790233168.004001930] [rcl]: ROS_LOCALHOST_ONLY is deprecated but still honored if it is enabled. Use ROS_AUTOMATIC_DISCOVERY_RANGE and ROS_STATIC_PEERS instead.
[WARN] [1790233168.004058399] [rcl]: 'localhost_only' is enabled, 'automatic_discovery_range' and 'static_peers' will be ignored.
[INFO] [1790233168.170093820] [nearest_euclidean_frontier]: Nearest Euclidean Frontier started (preferred min distance=1.00 m, near fallback=all-frontiers-close, path-subgoal recovery=0.70 m max, 105 limit=2, 105 cooldown=30 s, completion=5 stable sweeps)
[WARN] [1790233168.268474345] [nearest_euclidean_frontier]: NEAREST RECORDING: env=new_room, profile=slam, output=/home/com1/turtlebot4_project_r003_h031/mapex_lab/experiments/nearest/nf_p500_009
[WARN] [1790233172.144969050] [nearest_euclidean_frontier]: NEAREST READY: Nav2 stable for >= 3.0s; benchmark clock will start at first frontier decision
[INFO] [1790233172.244357678] [nearest_euclidean_frontier]: Selected nearest frontier: x=1.72, y=-0.07, distance=1.72 m, region=185 cells, near_fallback=False
[bt_navigator-16] [INFO] [1790233172.352319563] [bt_navigator]: Begin navigating from current location (0.00, -0.00) to (1.72, -0.07)
[INFO] [1790233172.366064888] [nearest_euclidean_frontier]: Main goal accepted
[controller_server-11] [INFO] [1790233172.375428452] [controller_server]: Received a goal, begin computing control effort.
[controller_server-11] [WARN] [1790233172.375488026] [controller_server]: No goal checker was specified in parameter 'current_goal_checker'. Server will use only plugin loaded general_goal_checker . This warning will appear once.
[controller_server-11] [WARN] [1790233172.375502616] [controller_server]: No progress checker was specified in parameter 'current_progress_checker'. Server will use only plugin loaded progress_checker . This warning will appear once.
[parameter_bridge-2] [INFO] [1790233172.395719886] [bridge_ros_gz]: Passing message from ROS geometry_msgs/msg/Twist to Gazebo gz.msgs.Twist (showing msg only once per type)
[INFO] [1790233172.555475734] [nearest_euclidean_frontier]: Main /plan diagnostic: poses=34, endpoint=(1.72, -0.07), frontier=(1.72, -0.07), endpoint_to_frontier=0.000 m, limit=0.10 m -> usable
[INFO] [1790233173.386961927] [nearest_euclidean_frontier]: Main /plan diagnostic: poses=28, endpoint=(1.72, -0.07), frontier=(1.72, -0.07), endpoint_to_frontier=0.000 m, limit=0.10 m -> usable
[controller_server-11] [INFO] [1790233173.442332732] [controller_server]: Passing new path to controller.
[controller_server-11] [INFO] [1790233173.622963095] [local_costmap.local_costmap]: StaticLayer: Resizing static layer to 226 X 77 at 0.100000 m/pix
[rviz2-7] [INFO] [1790233173.662586216] [rviz2]: Trying to create a map of size 226 x 77 using 1 swatches
[INFO] [1790233174.398784569] [nearest_euclidean_frontier]: Main /plan diagnostic: poses=20, endpoint=(1.72, -0.07), frontier=(1.72, -0.07), endpoint_to_frontier=0.000 m, limit=0.10 m -> usable
[controller_server-11] [INFO] [1790233174.442300127] [controller_server]: Passing new path to controller.
[planner_server-13] [INFO] [1790233174.456364955] [global_costmap.global_costmap]: StaticLayer: Resizing costmap to 226 X 77 at 0.100000 m/pix
[controller_server-11] [INFO] [1790233174.622939666] [local_costmap.local_costmap]: StaticLayer: Resizing static layer to 228 X 77 at 0.100000 m/pix
[rviz2-7] [INFO] [1790233174.660337051] [rviz2]: Trying to create a map of size 228 x 77 using 1 swatches
[INFO] [1790233175.430548856] [nearest_euclidean_frontier]: Main /plan diagnostic: poses=12, endpoint=(1.72, -0.07), frontier=(1.72, -0.07), endpoint_to_frontier=0.000 m, limit=0.10 m -> usable
[planner_server-13] [INFO] [1790233175.456379250] [global_costmap.global_costmap]: StaticLayer: Resizing costmap to 228 X 77 at 0.100000 m/pix
[controller_server-11] [INFO] [1790233175.509001983] [controller_server]: Passing new path to controller.
[controller_server-11] [INFO] [1790233175.623294776] [local_costmap.local_costmap]: StaticLayer: Resizing static layer to 230 X 77 at 0.100000 m/pix
[rviz2-7] [INFO] [1790233175.672848434] [rviz2]: Trying to create a map of size 230 x 77 using 1 swatches
[INFO] [1790233176.457268606] [nearest_euclidean_frontier]: Main /plan diagnostic: poses=8, endpoint=(1.72, -0.07), frontier=(1.72, -0.07), endpoint_to_frontier=0.000 m, limit=0.10 m -> usable
[planner_server-13] [INFO] [1790233176.456424986] [global_costmap.global_costmap]: StaticLayer: Resizing costmap to 230 X 77 at 0.100000 m/pix
[controller_server-11] [INFO] [1790233176.508992505] [controller_server]: Passing new path to controller.
[controller_server-11] [INFO] [1790233176.622950052] [local_costmap.local_costmap]: StaticLayer: Resizing static layer to 241 X 77 at 0.100000 m/pix
[rviz2-7] [INFO] [1790233176.656576013] [rviz2]: Trying to create a map of size 241 x 77 using 1 swatches
[controller_server-11] [INFO] [1790233176.711740790] [controller_server]: Reached the goal!
[controller_server-11] [INFO] [1790233176.712513849] [controller_server]: Optimizer reset
[bt_navigator-16] [INFO] [1790233176.733504123] [bt_navigator]: Goal succeeded
[INFO] [1790233176.739222903] [nearest_euclidean_frontier]: Goal reached
[INFO] [1790233177.283278093] [nearest_euclidean_frontier]: Selected nearest frontier: x=-2.70, y=-1.77, distance=4.41 m, region=18 cells, near_fallback=False
[bt_navigator-16] [INFO] [1790233177.285877476] [bt_navigator]: Begin navigating from current location (1.36, -0.05) to (-2.70, -1.77)
[controller_server-11] [INFO] [1790233177.306780129] [controller_server]: Received a goal, begin computing control effort.
[planner_server-13] [INFO] [1790233177.457728717] [global_costmap.global_costmap]: StaticLayer: Resizing costmap to 241 X 77 at 0.100000 m/pix
[INFO] [1790233177.459202362] [nearest_euclidean_frontier]: Main goal accepted
[INFO] [1790233177.527498001] [nearest_euclidean_frontier]: Main /plan diagnostic: poses=106, endpoint=(-2.70, -1.77), frontier=(-2.70, -1.77), endpoint_to_frontier=0.000 m, limit=0.10 m -> usable
[INFO] [1790233178.349984272] [nearest_euclidean_frontier]: Main /plan diagnostic: poses=102, endpoint=(-2.70, -1.77), frontier=(-2.70, -1.77), endpoint_to_frontier=0.000 m, limit=0.10 m -> usable
[controller_server-11] [INFO] [1790233178.373619783] [controller_server]: Passing new path to controller.
[INFO] [1790233179.334886222] [nearest_euclidean_frontier]: Main /plan diagnostic: poses=96, endpoint=(-2.70, -1.77), frontier=(-2.70, -1.77), endpoint_to_frontier=0.000 m, limit=0.10 m -> usable
[controller_server-11] [INFO] [1790233179.373639577] [controller_server]: Passing new path to controller.
[INFO] [1790233180.359081169] [nearest_euclidean_frontier]: Main /plan diagnostic: poses=89, endpoint=(-2.70, -1.77), frontier=(-2.70, -1.77), endpoint_to_frontier=0.000 m, limit=0.10 m -> usable
[controller_server-11] [INFO] [1790233180.373775538] [controller_server]: Passing new path to controller.
[controller_server-11] [INFO] [1790233180.622978726] [local_costmap.local_costmap]: StaticLayer: Resizing static layer to 241 X 77 at 0.100000 m/pix
[INFO] [1790233181.377805229] [nearest_euclidean_frontier]: Main /plan diagnostic: poses=83, endpoint=(-2.70, -1.77), frontier=(-2.70, -1.77), endpoint_to_frontier=0.000 m, limit=0.10 m -> usable
[controller_server-11] [INFO] [1790233181.440878367] [controller_server]: Passing new path to controller.
[planner_server-13] [INFO] [1790233181.456892838] [global_costmap.global_costmap]: StaticLayer: Resizing costmap to 241 X 77 at 0.100000 m/pix
[controller_server-11] [INFO] [1790233181.622930850] [local_costmap.local_costmap]: StaticLayer: Resizing static layer to 241 X 78 at 0.100000 m/pix
[rviz2-7] [INFO] [1790233181.657828913] [rviz2]: Trying to create a map of size 241 x 78 using 1 swatches
[INFO] [1790233182.402175877] [nearest_euclidean_frontier]: Main /plan diagnostic: poses=75, endpoint=(-2.70, -1.77), frontier=(-2.70, -1.77), endpoint_to_frontier=0.000 m, limit=0.10 m -> usable
[controller_server-11] [INFO] [1790233182.440283254] [controller_server]: Passing new path to controller.
[planner_server-13] [INFO] [1790233182.456379265] [global_costmap.global_costmap]: StaticLayer: Resizing costmap to 241 X 78 at 0.100000 m/pix
[controller_server-11] [INFO] [1790233182.622891413] [local_costmap.local_costmap]: StaticLayer: Resizing static layer to 241 X 85 at 0.100000 m/pix
[rviz2-7] [INFO] [1790233182.650455679] [rviz2]: Trying to create a map of size 241 x 85 using 1 swatches
[INFO] [1790233183.440102414] [nearest_euclidean_frontier]: Main /plan diagnostic: poses=69, endpoint=(-2.70, -1.77), frontier=(-2.70, -1.77), endpoint_to_frontier=0.000 m, limit=0.10 m -> usable
[controller_server-11] [INFO] [1790233183.440296832] [controller_server]: Passing new path to controller.
[planner_server-13] [INFO] [1790233183.456375984] [global_costmap.global_costmap]: StaticLayer: Resizing costmap to 241 X 85 at 0.100000 m/pix
[controller_server-11] [INFO] [1790233183.623115254] [local_costmap.local_costmap]: StaticLayer: Resizing static layer to 241 X 97 at 0.100000 m/pix
[rviz2-7] [INFO] [1790233183.671462555] [rviz2]: Trying to create a map of size 241 x 97 using 1 swatches
[INFO] [1790233184.444078891] [nearest_euclidean_frontier]: Main /plan diagnostic: poses=64, endpoint=(-2.70, -1.77), frontier=(-2.70, -1.77), endpoint_to_frontier=0.000 m, limit=0.10 m -> usable
[planner_server-13] [INFO] [1790233184.456397385] [global_costmap.global_costmap]: StaticLayer: Resizing costmap to 241 X 97 at 0.100000 m/pix
[controller_server-11] [INFO] [1790233184.506955039] [controller_server]: Passing new path to controller.
[controller_server-11] [INFO] [1790233184.622887349] [local_costmap.local_costmap]: StaticLayer: Resizing static layer to 241 X 115 at 0.100000 m/pix
[rviz2-7] [INFO] [1790233184.675323301] [rviz2]: Trying to create a map of size 241 x 115 using 1 swatches
[planner_server-13] [INFO] [1790233185.456352142] [global_costmap.global_costmap]: StaticLayer: Resizing costmap to 241 X 115 at 0.100000 m/pix
[INFO] [1790233185.464959496] [nearest_euclidean_frontier]: Main /plan diagnostic: poses=57, endpoint=(-2.70, -1.77), frontier=(-2.70, -1.77), endpoint_to_frontier=0.000 m, limit=0.10 m -> usable
[controller_server-11] [INFO] [1790233185.506969634] [controller_server]: Passing new path to controller.
[controller_server-11] [INFO] [1790233185.622898175] [local_costmap.local_costmap]: StaticLayer: Resizing static layer to 257 X 115 at 0.100000 m/pix
[rviz2-7] [INFO] [1790233185.680498433] [rviz2]: Trying to create a map of size 257 x 115 using 1 swatches
[planner_server-13] [INFO] [1790233186.456801976] [global_costmap.global_costmap]: StaticLayer: Resizing costmap to 257 X 115 at 0.100000 m/pix
[INFO] [1790233186.482208156] [nearest_euclidean_frontier]: Main /plan diagnostic: poses=48, endpoint=(-2.70, -1.77), frontier=(-2.70, -1.77), endpoint_to_frontier=0.000 m, limit=0.10 m -> usable
[controller_server-11] [INFO] [1790233186.507071192] [controller_server]: Passing new path to controller.
[controller_server-11] [INFO] [1790233186.622894942] [local_costmap.local_costmap]: StaticLayer: Resizing static layer to 257 X 115 at 0.100000 m/pix
[planner_server-13] [INFO] [1790233187.456352632] [global_costmap.global_costmap]: StaticLayer: Resizing costmap to 257 X 115 at 0.100000 m/pix
[INFO] [1790233187.511300342] [nearest_euclidean_frontier]: Main /plan diagnostic: poses=45, endpoint=(-2.70, -1.77), frontier=(-2.70, -1.77), endpoint_to_frontier=0.000 m, limit=0.10 m -> usable
[controller_server-11] [INFO] [1790233187.573619159] [controller_server]: Passing new path to controller.
[INFO] [1790233188.534664127] [nearest_euclidean_frontier]: Main /plan diagnostic: poses=45, endpoint=(-2.70, -1.77), frontier=(-2.70, -1.77), endpoint_to_frontier=0.000 m, limit=0.10 m -> usable
[controller_server-11] [INFO] [1790233188.573631800] [controller_server]: Passing new path to controller.
[INFO] [1790233189.564353749] [nearest_euclidean_frontier]: Main /plan diagnostic: poses=35, endpoint=(-2.70, -1.77), frontier=(-2.70, -1.77), endpoint_to_frontier=0.000 m, limit=0.10 m -> usable
[controller_server-11] [INFO] [1790233189.622909035] [local_costmap.local_costmap]: StaticLayer: Resizing static layer to 257 X 133 at 0.100000 m/pix
[controller_server-11] [INFO] [1790233189.640274352] [controller_server]: Passing new path to controller.
[rviz2-7] [INFO] [1790233189.661374917] [rviz2]: Trying to create a map of size 257 x 133 using 1 swatches
[planner_server-13] [INFO] [1790233190.456366238] [global_costmap.global_costmap]: StaticLayer: Resizing costmap to 257 X 133 at 0.100000 m/pix
[INFO] [1790233190.597089208] [nearest_euclidean_frontier]: Main /plan diagnostic: poses=29, endpoint=(-2.70, -1.77), frontier=(-2.70, -1.77), endpoint_to_frontier=0.000 m, limit=0.10 m -> usable
[controller_server-11] [INFO] [1790233190.640297930] [controller_server]: Passing new path to controller.
[INFO] [1790233191.620292813] [nearest_euclidean_frontier]: Main /plan diagnostic: poses=18, endpoint=(-2.70, -1.77), frontier=(-2.70, -1.77), endpoint_to_frontier=0.000 m, limit=0.10 m -> usable
[controller_server-11] [INFO] [1790233191.640283838] [controller_server]: Passing new path to controller.
[INFO] [1790233192.649808580] [nearest_euclidean_frontier]: Main /plan diagnostic: poses=14, endpoint=(-2.70, -1.77), frontier=(-2.70, -1.77), endpoint_to_frontier=0.000 m, limit=0.10 m -> usable
[controller_server-11] [INFO] [1790233192.707042110] [controller_server]: Passing new path to controller.
[INFO] [1790233193.680646317] [nearest_euclidean_frontier]: Main /plan diagnostic: poses=15, endpoint=(-2.70, -1.77), frontier=(-2.70, -1.77), endpoint_to_frontier=0.000 m, limit=0.10 m -> usable
[controller_server-11] [INFO] [1790233193.706942188] [controller_server]: Passing new path to controller.
[controller_server-11] [INFO] [1790233194.243600986] [controller_server]: Reached the goal!
[controller_server-11] [INFO] [1790233194.243929577] [controller_server]: Optimizer reset
[bt_navigator-16] [INFO] [1790233194.266224610] [bt_navigator]: Goal succeeded
[INFO] [1790233194.268679790] [nearest_euclidean_frontier]: Goal reached
[INFO] [1790233195.381379527] [nearest_euclidean_frontier]: Selected nearest frontier: x=-3.15, y=1.57, distance=3.68 m, region=18 cells, near_fallback=False
[bt_navigator-16] [INFO] [1790233195.383996608] [bt_navigator]: Begin navigating from current location (-2.56, -2.07) to (-3.15, 1.57)
[controller_server-11] [INFO] [1790233195.404994525] [controller_server]: Received a goal, begin computing control effort.
[INFO] [1790233195.663310371] [nearest_euclidean_frontier]: Main goal accepted
[INFO] [1790233195.746204245] [nearest_euclidean_frontier]: Main /plan diagnostic: poses=120, endpoint=(-3.15, 1.57), frontier=(-3.15, 1.57), endpoint_to_frontier=0.000 m, limit=0.10 m -> usable
[INFO] [1790233196.427969756] [nearest_euclidean_frontier]: Main /plan diagnostic: poses=117, endpoint=(-3.15, 1.57), frontier=(-3.15, 1.57), endpoint_to_frontier=0.000 m, limit=0.10 m -> usable
[controller_server-11] [INFO] [1790233196.471936026] [controller_server]: Passing new path to controller.
[INFO] [1790233197.455510855] [nearest_euclidean_frontier]: Main /plan diagnostic: poses=114, endpoint=(-3.15, 1.57), frontier=(-3.15, 1.57), endpoint_to_frontier=0.000 m, limit=0.10 m -> usable
[controller_server-11] [INFO] [1790233197.471850553] [controller_server]: Passing new path to controller.
[INFO] [1790233198.482510759] [nearest_euclidean_frontier]: Main /plan diagnostic: poses=114, endpoint=(-3.15, 1.57), frontier=(-3.15, 1.57), endpoint_to_frontier=0.000 m, limit=0.10 m -> usable
[controller_server-11] [INFO] [1790233198.538563846] [controller_server]: Passing new path to controller.
[INFO] [1790233199.524885139] [nearest_euclidean_frontier]: Main /plan diagnostic: poses=111, endpoint=(-3.15, 1.57), frontier=(-3.15, 1.57), endpoint_to_frontier=0.000 m, limit=0.10 m -> usable
[controller_server-11] [INFO] [1790233199.538538153] [controller_server]: Passing new path to controller.
[INFO] [1790233200.534565301] [nearest_euclidean_frontier]: Main /plan diagnostic: poses=108, endpoint=(-3.15, 1.57), frontier=(-3.15, 1.57), endpoint_to_frontier=0.000 m, limit=0.10 m -> usable
[controller_server-11] [INFO] [1790233200.605194393] [controller_server]: Passing new path to controller.
[INFO] [1790233201.554844835] [nearest_euclidean_frontier]: Main /plan diagnostic: poses=92, endpoint=(-3.15, 1.57), frontier=(-3.15, 1.57), endpoint_to_frontier=0.000 m, limit=0.10 m -> usable
[controller_server-11] [INFO] [1790233201.605204850] [controller_server]: Passing new path to controller.
[INFO] [1790233202.580617233] [nearest_euclidean_frontier]: Main /plan diagnostic: poses=84, endpoint=(-3.15, 1.57), frontier=(-3.15, 1.57), endpoint_to_frontier=0.000 m, limit=0.10 m -> usable
[controller_server-11] [INFO] [1790233202.605183005] [controller_server]: Passing new path to controller.
[INFO] [1790233203.602455017] [nearest_euclidean_frontier]: Main /plan diagnostic: poses=74, endpoint=(-3.15, 1.57), frontier=(-3.15, 1.57), endpoint_to_frontier=0.000 m, limit=0.10 m -> usable
[controller_server-11] [INFO] [1790233203.671850780] [controller_server]: Passing new path to controller.
[INFO] [1790233204.642076803] [nearest_euclidean_frontier]: Main /plan diagnostic: poses=64, endpoint=(-3.15, 1.57), frontier=(-3.15, 1.57), endpoint_to_frontier=0.000 m, limit=0.10 m -> usable
[controller_server-11] [INFO] [1790233204.671850356] [controller_server]: Passing new path to controller.
[INFO] [1790233205.661558335] [nearest_euclidean_frontier]: Main /plan diagnostic: poses=55, endpoint=(-3.15, 1.57), frontier=(-3.15, 1.57), endpoint_to_frontier=0.000 m, limit=0.10 m -> usable
[controller_server-11] [INFO] [1790233205.738513834] [controller_server]: Passing new path to controller.
[INFO] [1790233206.690935880] [nearest_euclidean_frontier]: Main /plan diagnostic: poses=45, endpoint=(-3.15, 1.57), frontier=(-3.15, 1.57), endpoint_to_frontier=0.000 m, limit=0.10 m -> usable
[controller_server-11] [INFO] [1790233206.738585958] [controller_server]: Passing new path to controller.
[controller_server-11] [INFO] [1790233207.622878951] [local_costmap.local_costmap]: StaticLayer: Resizing static layer to 257 X 140 at 0.100000 m/pix
[rviz2-7] [INFO] [1790233207.674794195] [rviz2]: Trying to create a map of size 257 x 140 using 1 swatches
[INFO] [1790233207.714109357] [nearest_euclidean_frontier]: Main /plan diagnostic: poses=34, endpoint=(-3.15, 1.57), frontier=(-3.15, 1.57), endpoint_to_frontier=0.000 m, limit=0.10 m -> usable
[controller_server-11] [INFO] [1790233207.738581606] [controller_server]: Passing new path to controller.
[planner_server-13] [INFO] [1790233208.456342101] [global_costmap.global_costmap]: StaticLayer: Resizing costmap to 257 X 140 at 0.100000 m/pix
[controller_server-11] [INFO] [1790233208.622905675] [local_costmap.local_costmap]: StaticLayer: Resizing static layer to 257 X 141 at 0.100000 m/pix
[rviz2-7] [INFO] [1790233208.654783980] [rviz2]: Trying to create a map of size 257 x 141 using 1 swatches
[INFO] [1790233208.741190469] [nearest_euclidean_frontier]: Main /plan diagnostic: poses=28, endpoint=(-3.15, 1.57), frontier=(-3.15, 1.57), endpoint_to_frontier=0.000 m, limit=0.10 m -> usable
[controller_server-11] [INFO] [1790233208.805311867] [controller_server]: Passing new path to controller.
[planner_server-13] [INFO] [1790233209.456448094] [global_costmap.global_costmap]: StaticLayer: Resizing costmap to 257 X 141 at 0.100000 m/pix
[controller_server-11] [INFO] [1790233209.622896600] [local_costmap.local_costmap]: StaticLayer: Resizing static layer to 257 X 141 at 0.100000 m/pix
[INFO] [1790233209.754896648] [nearest_euclidean_frontier]: Main /plan diagnostic: poses=20, endpoint=(-3.15, 1.57), frontier=(-3.15, 1.57), endpoint_to_frontier=0.000 m, limit=0.10 m -> usable
[controller_server-11] [INFO] [1790233209.805182518] [controller_server]: Passing new path to controller.
[planner_server-13] [INFO] [1790233210.456351475] [global_costmap.global_costmap]: StaticLayer: Resizing costmap to 257 X 141 at 0.100000 m/pix
[controller_server-11] [INFO] [1790233210.622892113] [local_costmap.local_costmap]: StaticLayer: Resizing static layer to 257 X 141 at 0.100000 m/pix
[INFO] [1790233210.779050767] [nearest_euclidean_frontier]: Main /plan diagnostic: poses=15, endpoint=(-3.15, 1.57), frontier=(-3.15, 1.57), endpoint_to_frontier=0.000 m, limit=0.10 m -> usable
[controller_server-11] [INFO] [1790233210.805192550] [controller_server]: Passing new path to controller.
[planner_server-13] [INFO] [1790233211.456353168] [global_costmap.global_costmap]: StaticLayer: Resizing costmap to 257 X 141 at 0.100000 m/pix
[controller_server-11] [INFO] [1790233211.622876418] [local_costmap.local_costmap]: StaticLayer: Resizing static layer to 257 X 142 at 0.100000 m/pix
[rviz2-7] [INFO] [1790233211.683755347] [rviz2]: Trying to create a map of size 257 x 142 using 1 swatches
[INFO] [1790233211.810142853] [nearest_euclidean_frontier]: Main /plan diagnostic: poses=9, endpoint=(-3.15, 1.57), frontier=(-3.15, 1.57), endpoint_to_frontier=0.000 m, limit=0.10 m -> usable
[controller_server-11] [INFO] [1790233211.871847387] [controller_server]: Passing new path to controller.
[controller_server-11] [INFO] [1790233212.074915082] [controller_server]: Reached the goal!
[controller_server-11] [INFO] [1790233212.076035238] [controller_server]: Optimizer reset
[bt_navigator-16] [INFO] [1790233212.104331643] [bt_navigator]: Goal succeeded
[INFO] [1790233212.106877782] [nearest_euclidean_frontier]: Goal reached
[planner_server-13] [INFO] [1790233212.456505455] [global_costmap.global_costmap]: StaticLayer: Resizing costmap to 257 X 142 at 0.100000 m/pix
[INFO] [1790233212.460572028] [nearest_euclidean_frontier]: Selected nearest frontier: x=-2.35, y=5.35, distance=3.61 m, region=32 cells, near_fallback=False
[bt_navigator-16] [INFO] [1790233212.463133151] [bt_navigator]: Begin navigating from current location (-2.88, 1.77) to (-2.35, 5.35)
[controller_server-11] [INFO] [1790233212.483913395] [controller_server]: Received a goal, begin computing control effort.
[INFO] [1790233212.829263325] [nearest_euclidean_frontier]: Main goal accepted
[INFO] [1790233212.917229434] [nearest_euclidean_frontier]: Main /plan diagnostic: poses=77, endpoint=(-2.35, 5.35), frontier=(-2.35, 5.35), endpoint_to_frontier=0.000 m, limit=0.10 m -> usable
[INFO] [1790233213.501270729] [nearest_euclidean_frontier]: Main /plan diagnostic: poses=78, endpoint=(-2.35, 5.35), frontier=(-2.35, 5.35), endpoint_to_frontier=0.000 m, limit=0.10 m -> usable
[controller_server-11] [INFO] [1790233213.550819947] [controller_server]: Passing new path to controller.
[controller_server-11] [INFO] [1790233214.550801374] [controller_server]: Passing new path to controller.
[INFO] [1790233214.551700484] [nearest_euclidean_frontier]: Main /plan diagnostic: poses=76, endpoint=(-2.35, 5.35), frontier=(-2.35, 5.35), endpoint_to_frontier=0.000 m, limit=0.10 m -> usable
[INFO] [1790233215.558482178] [nearest_euclidean_frontier]: Main /plan diagnostic: poses=80, endpoint=(-2.35, 5.35), frontier=(-2.35, 5.35), endpoint_to_frontier=0.000 m, limit=0.10 m -> usable
[controller_server-11] [INFO] [1790233215.617546621] [controller_server]: Passing new path to controller.
[INFO] [1790233216.599114294] [nearest_euclidean_frontier]: Main /plan diagnostic: poses=70, endpoint=(-2.35, 5.35), frontier=(-2.35, 5.35), endpoint_to_frontier=0.000 m, limit=0.10 m -> usable
[controller_server-11] [INFO] [1790233216.617485352] [controller_server]: Passing new path to controller.
[INFO] [1790233217.622973353] [nearest_euclidean_frontier]: Main /plan diagnostic: poses=60, endpoint=(-2.35, 5.35), frontier=(-2.35, 5.35), endpoint_to_frontier=0.000 m, limit=0.10 m -> usable
[controller_server-11] [INFO] [1790233217.684193614] [controller_server]: Passing new path to controller.
[INFO] [1790233218.631943880] [nearest_euclidean_frontier]: Main /plan diagnostic: poses=55, endpoint=(-2.35, 5.35), frontier=(-2.35, 5.35), endpoint_to_frontier=0.000 m, limit=0.10 m -> usable
[controller_server-11] [INFO] [1790233218.685214612] [controller_server]: Passing new path to controller.
[INFO] [1790233219.658629455] [nearest_euclidean_frontier]: Main /plan diagnostic: poses=43, endpoint=(-2.35, 5.35), frontier=(-2.35, 5.35), endpoint_to_frontier=0.000 m, limit=0.10 m -> usable
[controller_server-11] [INFO] [1790233219.684159651] [controller_server]: Passing new path to controller.
[INFO] [1790233220.689538084] [nearest_euclidean_frontier]: Main /plan diagnostic: poses=35, endpoint=(-2.35, 5.35), frontier=(-2.35, 5.35), endpoint_to_frontier=0.000 m, limit=0.10 m -> usable
[controller_server-11] [INFO] [1790233220.750859037] [controller_server]: Passing new path to controller.
[INFO] [1790233221.711715252] [nearest_euclidean_frontier]: Main /plan diagnostic: poses=27, endpoint=(-2.35, 5.35), frontier=(-2.35, 5.35), endpoint_to_frontier=0.000 m, limit=0.10 m -> usable
[controller_server-11] [INFO] [1790233221.750824668] [controller_server]: Passing new path to controller.
[INFO] [1790233222.743253177] [nearest_euclidean_frontier]: Main /plan diagnostic: poses=22, endpoint=(-2.35, 5.35), frontier=(-2.35, 5.35), endpoint_to_frontier=0.000 m, limit=0.10 m -> usable
[controller_server-11] [INFO] [1790233222.817486766] [controller_server]: Passing new path to controller.
[INFO] [1790233223.759589207] [nearest_euclidean_frontier]: Main /plan diagnostic: poses=16, endpoint=(-2.35, 5.35), frontier=(-2.35, 5.35), endpoint_to_frontier=0.000 m, limit=0.10 m -> usable
[controller_server-11] [INFO] [1790233223.818672391] [controller_server]: Passing new path to controller.
[INFO] [1790233224.790124844] [nearest_euclidean_frontier]: Main /plan diagnostic: poses=11, endpoint=(-2.35, 5.35), frontier=(-2.35, 5.35), endpoint_to_frontier=0.000 m, limit=0.10 m -> usable
[controller_server-11] [INFO] [1790233224.817502001] [controller_server]: Passing new path to controller.
[controller_server-11] [INFO] [1790233225.487607226] [controller_server]: Reached the goal!
[controller_server-11] [INFO] [1790233225.488016548] [controller_server]: Optimizer reset
[bt_navigator-16] [INFO] [1790233225.514197948] [bt_navigator]: Goal succeeded
[INFO] [1790233225.518155681] [nearest_euclidean_frontier]: Goal reached
[INFO] [1790233226.498579165] [nearest_euclidean_frontier]: Selected nearest frontier: x=-1.15, y=4.45, distance=1.75 m, region=13 cells, near_fallback=False
[bt_navigator-16] [INFO] [1790233226.499913290] [bt_navigator]: Begin navigating from current location (-2.67, 5.31) to (-1.15, 4.45)
[controller_server-11] [INFO] [1790233226.522575628] [controller_server]: Received a goal, begin computing control effort.
[INFO] [1790233226.919074991] [nearest_euclidean_frontier]: Main goal accepted
[INFO] [1790233227.094922208] [nearest_euclidean_frontier]: Main /plan diagnostic: poses=60, endpoint=(-1.15, 4.45), frontier=(-1.15, 4.45), endpoint_to_frontier=0.000 m, limit=0.10 m -> usable
[INFO] [1790233227.544734320] [nearest_euclidean_frontier]: Main /plan diagnostic: poses=55, endpoint=(-1.15, 4.45), frontier=(-1.15, 4.45), endpoint_to_frontier=0.000 m, limit=0.10 m -> usable
[controller_server-11] [INFO] [1790233227.589425405] [controller_server]: Passing new path to controller.
[INFO] [1790233228.559054000] [nearest_euclidean_frontier]: Main /plan diagnostic: poses=47, endpoint=(-1.15, 4.45), frontier=(-1.15, 4.45), endpoint_to_frontier=0.000 m, limit=0.10 m -> usable
[controller_server-11] [INFO] [1790233228.589656945] [controller_server]: Passing new path to controller.
[INFO] [1790233229.594228057] [nearest_euclidean_frontier]: Main /plan diagnostic: poses=36, endpoint=(-1.15, 4.45), frontier=(-1.15, 4.45), endpoint_to_frontier=0.000 m, limit=0.10 m -> usable
[controller_server-11] [INFO] [1790233229.656107910] [controller_server]: Passing new path to controller.
[INFO] [1790233230.611302854] [nearest_euclidean_frontier]: Main /plan diagnostic: poses=31, endpoint=(-1.15, 4.45), frontier=(-1.15, 4.45), endpoint_to_frontier=0.000 m, limit=0.10 m -> usable
[controller_server-11] [INFO] [1790233230.656719494] [controller_server]: Passing new path to controller.
[INFO] [1790233231.646131595] [nearest_euclidean_frontier]: Main /plan diagnostic: poses=20, endpoint=(-1.15, 4.45), frontier=(-1.15, 4.45), endpoint_to_frontier=0.000 m, limit=0.10 m -> usable
[controller_server-11] [INFO] [1790233231.656511663] [controller_server]: Passing new path to controller.
[INFO] [1790233232.664275642] [nearest_euclidean_frontier]: Main /plan diagnostic: poses=15, endpoint=(-1.15, 4.45), frontier=(-1.15, 4.45), endpoint_to_frontier=0.000 m, limit=0.10 m -> usable
[controller_server-11] [INFO] [1790233232.722727634] [controller_server]: Passing new path to controller.
[INFO] [1790233233.678597328] [nearest_euclidean_frontier]: Main /plan diagnostic: poses=13, endpoint=(-1.15, 4.45), frontier=(-1.15, 4.45), endpoint_to_frontier=0.000 m, limit=0.10 m -> usable
[controller_server-11] [INFO] [1790233233.722713853] [controller_server]: Passing new path to controller.
[INFO] [1790233234.705214782] [nearest_euclidean_frontier]: Main /plan diagnostic: poses=9, endpoint=(-1.15, 4.45), frontier=(-1.15, 4.45), endpoint_to_frontier=0.000 m, limit=0.10 m -> usable
[controller_server-11] [INFO] [1790233234.722725948] [controller_server]: Passing new path to controller.
[INFO] [1790233235.736347514] [nearest_euclidean_frontier]: Main /plan diagnostic: poses=5, endpoint=(-1.15, 4.45), frontier=(-1.15, 4.45), endpoint_to_frontier=0.000 m, limit=0.10 m -> usable
[controller_server-11] [INFO] [1790233235.789432992] [controller_server]: Passing new path to controller.
[controller_server-11] [INFO] [1790233235.792064183] [controller_server]: Reached the goal!
[controller_server-11] [INFO] [1790233235.792296657] [controller_server]: Optimizer reset
[bt_navigator-16] [INFO] [1790233235.830635281] [bt_navigator]: Goal succeeded
[INFO] [1790233235.835255660] [nearest_euclidean_frontier]: Goal reached
[INFO] [1790233236.494179597] [nearest_euclidean_frontier]: Selected nearest frontier: x=1.05, y=5.75, distance=2.20 m, region=49 cells, near_fallback=False
[bt_navigator-16] [INFO] [1790233236.497199901] [bt_navigator]: Begin navigating from current location (-0.88, 4.68) to (1.05, 5.75)
[controller_server-11] [INFO] [1790233236.518150912] [controller_server]: Received a goal, begin computing control effort.
[INFO] [1790233236.901161322] [nearest_euclidean_frontier]: Main goal accepted
[INFO] [1790233236.970326342] [nearest_euclidean_frontier]: Main /plan diagnostic: poses=81, endpoint=(1.05, 5.75), frontier=(1.05, 5.75), endpoint_to_frontier=0.000 m, limit=0.10 m -> usable
[INFO] [1790233237.531230972] [nearest_euclidean_frontier]: Main /plan diagnostic: poses=78, endpoint=(1.05, 5.75), frontier=(1.05, 5.75), endpoint_to_frontier=0.000 m, limit=0.10 m -> usable
[controller_server-11] [INFO] [1790233237.585016831] [controller_server]: Passing new path to controller.
[INFO] [1790233238.538505833] [nearest_euclidean_frontier]: Main /plan diagnostic: poses=67, endpoint=(1.05, 5.75), frontier=(1.05, 5.75), endpoint_to_frontier=0.000 m, limit=0.10 m -> usable
[controller_server-11] [INFO] [1790233238.585030952] [controller_server]: Passing new path to controller.
[INFO] [1790233239.563018819] [nearest_euclidean_frontier]: Main /plan diagnostic: poses=56, endpoint=(1.05, 5.75), frontier=(1.05, 5.75), endpoint_to_frontier=0.000 m, limit=0.10 m -> usable
[controller_server-11] [INFO] [1790233239.585013418] [controller_server]: Passing new path to controller.
[INFO] [1790233240.576170833] [nearest_euclidean_frontier]: Main /plan diagnostic: poses=46, endpoint=(1.05, 5.75), frontier=(1.05, 5.75), endpoint_to_frontier=0.000 m, limit=0.10 m -> usable
[controller_server-11] [INFO] [1790233240.651675533] [controller_server]: Passing new path to controller.
[INFO] [1790233241.598535567] [nearest_euclidean_frontier]: Main /plan diagnostic: poses=36, endpoint=(1.05, 5.75), frontier=(1.05, 5.75), endpoint_to_frontier=0.000 m, limit=0.10 m -> usable
[controller_server-11] [INFO] [1790233241.651667904] [controller_server]: Passing new path to controller.
[INFO] [1790233242.622410510] [nearest_euclidean_frontier]: Main /plan diagnostic: poses=25, endpoint=(1.05, 5.75), frontier=(1.05, 5.75), endpoint_to_frontier=0.000 m, limit=0.10 m -> usable
[controller_server-11] [INFO] [1790233242.651726768] [controller_server]: Passing new path to controller.
[INFO] [1790233243.663077465] [nearest_euclidean_frontier]: Main /plan diagnostic: poses=16, endpoint=(1.05, 5.75), frontier=(1.05, 5.75), endpoint_to_frontier=0.000 m, limit=0.10 m -> usable
[controller_server-11] [INFO] [1790233243.718339921] [controller_server]: Passing new path to controller.
[INFO] [1790233244.661776236] [nearest_euclidean_frontier]: Main /plan diagnostic: poses=11, endpoint=(1.05, 5.75), frontier=(1.05, 5.75), endpoint_to_frontier=0.000 m, limit=0.10 m -> usable
[controller_server-11] [INFO] [1790233244.718348390] [controller_server]: Passing new path to controller.
[controller_server-11] [INFO] [1790233245.321321032] [controller_server]: Reached the goal!
[controller_server-11] [INFO] [1790233245.321623618] [controller_server]: Optimizer reset
[bt_navigator-16] [INFO] [1790233245.347550519] [bt_navigator]: Goal succeeded
[INFO] [1790233245.350564892] [nearest_euclidean_frontier]: Goal reached
[INFO] [1790233246.461624627] [nearest_euclidean_frontier]: Selected nearest frontier: x=6.25, y=3.75, distance=5.63 m, region=151 cells, near_fallback=False
[bt_navigator-16] [INFO] [1790233246.463909186] [bt_navigator]: Begin navigating from current location (0.89, 5.46) to (6.25, 3.75)
[controller_server-11] [INFO] [1790233246.484626595] [controller_server]: Received a goal, begin computing control effort.
[INFO] [1790233246.859221187] [nearest_euclidean_frontier]: Main goal accepted
[INFO] [1790233246.924923552] [nearest_euclidean_frontier]: Main /plan diagnostic: poses=120, endpoint=(6.25, 3.75), frontier=(6.25, 3.75), endpoint_to_frontier=0.000 m, limit=0.10 m -> usable
[INFO] [1790233247.496926509] [nearest_euclidean_frontier]: Main /plan diagnostic: poses=120, endpoint=(6.25, 3.75), frontier=(6.25, 3.75), endpoint_to_frontier=0.000 m, limit=0.10 m -> usable
[controller_server-11] [INFO] [1790233247.551650754] [controller_server]: Passing new path to controller.
[INFO] [1790233248.520567135] [nearest_euclidean_frontier]: Main /plan diagnostic: poses=115, endpoint=(6.25, 3.75), frontier=(6.25, 3.75), endpoint_to_frontier=0.000 m, limit=0.10 m -> usable
[controller_server-11] [INFO] [1790233248.551456634] [controller_server]: Passing new path to controller.
[INFO] [1790233249.544099237] [nearest_euclidean_frontier]: Main /plan diagnostic: poses=103, endpoint=(6.25, 3.75), frontier=(6.25, 3.75), endpoint_to_frontier=0.000 m, limit=0.10 m -> usable
[controller_server-11] [INFO] [1790233249.618134864] [controller_server]: Passing new path to controller.
[INFO] [1790233250.561997537] [nearest_euclidean_frontier]: Main /plan diagnostic: poses=93, endpoint=(6.25, 3.75), frontier=(6.25, 3.75), endpoint_to_frontier=0.000 m, limit=0.10 m -> usable
[controller_server-11] [INFO] [1790233250.618142995] [controller_server]: Passing new path to controller.
[INFO] [1790233251.594206980] [nearest_euclidean_frontier]: Main /plan diagnostic: poses=83, endpoint=(6.25, 3.75), frontier=(6.25, 3.75), endpoint_to_frontier=0.000 m, limit=0.10 m -> usable
[controller_server-11] [INFO] [1790233251.618167753] [controller_server]: Passing new path to controller.
[INFO] [1790233252.620682412] [nearest_euclidean_frontier]: Main /plan diagnostic: poses=74, endpoint=(6.25, 3.75), frontier=(6.25, 3.75), endpoint_to_frontier=0.000 m, limit=0.10 m -> usable
[controller_server-11] [INFO] [1790233252.685258489] [controller_server]: Passing new path to controller.
[INFO] [1790233253.641021717] [nearest_euclidean_frontier]: Main /plan diagnostic: poses=65, endpoint=(6.25, 3.75), frontier=(6.25, 3.75), endpoint_to_frontier=0.000 m, limit=0.10 m -> usable
[controller_server-11] [INFO] [1790233253.684789017] [controller_server]: Passing new path to controller.
[INFO] [1790233254.666972882] [nearest_euclidean_frontier]: Main /plan diagnostic: poses=54, endpoint=(6.25, 3.75), frontier=(6.25, 3.75), endpoint_to_frontier=0.000 m, limit=0.10 m -> usable
[controller_server-11] [INFO] [1790233254.684800196] [controller_server]: Passing new path to controller.
[INFO] [1790233255.692342061] [nearest_euclidean_frontier]: Main /plan diagnostic: poses=46, endpoint=(6.25, 3.75), frontier=(6.25, 3.75), endpoint_to_frontier=0.000 m, limit=0.10 m -> usable
[controller_server-11] [INFO] [1790233255.751482101] [controller_server]: Passing new path to controller.
[INFO] [1790233256.714897790] [nearest_euclidean_frontier]: Main /plan diagnostic: poses=35, endpoint=(6.25, 3.75), frontier=(6.25, 3.75), endpoint_to_frontier=0.000 m, limit=0.10 m -> usable
[controller_server-11] [INFO] [1790233256.751459281] [controller_server]: Passing new path to controller.
[INFO] [1790233257.739093278] [nearest_euclidean_frontier]: Main /plan diagnostic: poses=25, endpoint=(6.25, 3.75), frontier=(6.25, 3.75), endpoint_to_frontier=0.000 m, limit=0.10 m -> usable
[controller_server-11] [INFO] [1790233257.818143177] [controller_server]: Passing new path to controller.
[INFO] [1790233258.770920191] [nearest_euclidean_frontier]: Main /plan diagnostic: poses=16, endpoint=(6.25, 3.75), frontier=(6.25, 3.75), endpoint_to_frontier=0.000 m, limit=0.10 m -> usable
[controller_server-11] [INFO] [1790233258.818141972] [controller_server]: Passing new path to controller.
[INFO] [1790233259.792124448] [nearest_euclidean_frontier]: Main /plan diagnostic: poses=11, endpoint=(6.25, 3.75), frontier=(6.25, 3.75), endpoint_to_frontier=0.000 m, limit=0.10 m -> usable
[controller_server-11] [INFO] [1790233259.818170883] [controller_server]: Passing new path to controller.
[controller_server-11] [INFO] [1790233260.621232074] [controller_server]: Reached the goal!
[controller_server-11] [INFO] [1790233260.621632444] [controller_server]: Optimizer reset
[bt_navigator-16] [INFO] [1790233260.644298084] [bt_navigator]: Goal succeeded
[INFO] [1790233260.646719793] [nearest_euclidean_frontier]: Goal reached
[INFO] [1790233261.465563080] [nearest_euclidean_frontier]: Selected nearest frontier: x=7.45, y=5.45, distance=2.02 m, region=13 cells, near_fallback=False
[bt_navigator-16] [INFO] [1790233261.468394411] [bt_navigator]: Begin navigating from current location (6.03, 4.02) to (7.45, 5.45)
[controller_server-11] [INFO] [1790233261.469916025] [controller_server]: Received a goal, begin computing control effort.
[INFO] [1790233261.861674541] [nearest_euclidean_frontier]: Main goal accepted
[INFO] [1790233261.927141606] [nearest_euclidean_frontier]: Main /plan diagnostic: poses=46, endpoint=(7.45, 5.45), frontier=(7.45, 5.45), endpoint_to_frontier=0.000 m, limit=0.10 m -> usable
[INFO] [1790233262.488131531] [nearest_euclidean_frontier]: Main /plan diagnostic: poses=46, endpoint=(7.45, 5.45), frontier=(7.45, 5.45), endpoint_to_frontier=0.000 m, limit=0.10 m -> usable
[controller_server-11] [INFO] [1790233262.536717911] [controller_server]: Passing new path to controller.
[INFO] [1790233263.519862558] [nearest_euclidean_frontier]: Main /plan diagnostic: poses=39, endpoint=(7.45, 5.45), frontier=(7.45, 5.45), endpoint_to_frontier=0.000 m, limit=0.10 m -> usable
[controller_server-11] [INFO] [1790233263.536710694] [controller_server]: Passing new path to controller.
[INFO] [1790233264.544853796] [nearest_euclidean_frontier]: Main /plan diagnostic: poses=29, endpoint=(7.45, 5.45), frontier=(7.45, 5.45), endpoint_to_frontier=0.000 m, limit=0.10 m -> usable
[controller_server-11] [INFO] [1790233264.603398847] [controller_server]: Passing new path to controller.
[INFO] [1790233265.557380785] [nearest_euclidean_frontier]: Main /plan diagnostic: poses=22, endpoint=(7.45, 5.45), frontier=(7.45, 5.45), endpoint_to_frontier=0.000 m, limit=0.10 m -> usable
[controller_server-11] [INFO] [1790233265.603398860] [controller_server]: Passing new path to controller.
[INFO] [1790233266.583155960] [nearest_euclidean_frontier]: Main /plan diagnostic: poses=14, endpoint=(7.45, 5.45), frontier=(7.45, 5.45), endpoint_to_frontier=0.000 m, limit=0.10 m -> usable
[controller_server-11] [INFO] [1790233266.603435719] [controller_server]: Passing new path to controller.
[INFO] [1790233267.605925943] [nearest_euclidean_frontier]: Main /plan diagnostic: poses=9, endpoint=(7.45, 5.45), frontier=(7.45, 5.45), endpoint_to_frontier=0.000 m, limit=0.10 m -> usable
[controller_server-11] [INFO] [1790233267.670442256] [controller_server]: Passing new path to controller.
[controller_server-11] [INFO] [1790233268.072737055] [controller_server]: Reached the goal!
[controller_server-11] [INFO] [1790233268.073089905] [controller_server]: Optimizer reset
[bt_navigator-16] [INFO] [1790233268.098851120] [bt_navigator]: Goal succeeded
[INFO] [1790233268.101452347] [nearest_euclidean_frontier]: Goal reached
[INFO] [1790233268.519808249] [nearest_euclidean_frontier]: Selected nearest frontier: x=3.55, y=3.65, distance=4.13 m, region=22 cells, near_fallback=False
[bt_navigator-16] [INFO] [1790233268.521725096] [bt_navigator]: Begin navigating from current location (7.43, 5.10) to (3.55, 3.65)
[controller_server-11] [INFO] [1790233268.524039445] [controller_server]: Received a goal, begin computing control effort.
[INFO] [1790233268.945861702] [nearest_euclidean_frontier]: Main goal accepted
[INFO] [1790233269.014728239] [nearest_euclidean_frontier]: Main /plan diagnostic: poses=102, endpoint=(3.55, 3.65), frontier=(3.55, 3.65), endpoint_to_frontier=0.000 m, limit=0.10 m -> usable
[INFO] [1790233269.540419668] [nearest_euclidean_frontier]: Main /plan diagnostic: poses=97, endpoint=(3.55, 3.65), frontier=(3.55, 3.65), endpoint_to_frontier=0.000 m, limit=0.10 m -> usable
[controller_server-11] [INFO] [1790233269.590879998] [controller_server]: Passing new path to controller.
[INFO] [1790233270.568918611] [nearest_euclidean_frontier]: Main /plan diagnostic: poses=89, endpoint=(3.55, 3.65), frontier=(3.55, 3.65), endpoint_to_frontier=0.000 m, limit=0.10 m -> usable
[controller_server-11] [INFO] [1790233270.590892882] [controller_server]: Passing new path to controller.
[INFO] [1790233271.601491133] [nearest_euclidean_frontier]: Main /plan diagnostic: poses=85, endpoint=(3.55, 3.65), frontier=(3.55, 3.65), endpoint_to_frontier=0.000 m, limit=0.10 m -> usable
[controller_server-11] [INFO] [1790233271.657898602] [controller_server]: Passing new path to controller.
[INFO] [1790233272.618260602] [nearest_euclidean_frontier]: Main /plan diagnostic: poses=78, endpoint=(3.55, 3.65), frontier=(3.55, 3.65), endpoint_to_frontier=0.000 m, limit=0.10 m -> usable
[controller_server-11] [INFO] [1790233272.657559213] [controller_server]: Passing new path to controller.
[INFO] [1790233273.630315081] [nearest_euclidean_frontier]: Main /plan diagnostic: poses=71, endpoint=(3.55, 3.65), frontier=(3.55, 3.65), endpoint_to_frontier=0.000 m, limit=0.10 m -> usable
[controller_server-11] [INFO] [1790233273.657627314] [controller_server]: Passing new path to controller.
[INFO] [1790233274.661494738] [nearest_euclidean_frontier]: Main /plan diagnostic: poses=64, endpoint=(3.55, 3.65), frontier=(3.55, 3.65), endpoint_to_frontier=0.000 m, limit=0.10 m -> usable
[controller_server-11] [INFO] [1790233274.725026504] [controller_server]: Passing new path to controller.
[INFO] [1790233275.686044722] [nearest_euclidean_frontier]: Main /plan diagnostic: poses=57, endpoint=(3.55, 3.65), frontier=(3.55, 3.65), endpoint_to_frontier=0.000 m, limit=0.10 m -> usable
[controller_server-11] [INFO] [1790233275.724233233] [controller_server]: Passing new path to controller.
[INFO] [1790233276.699039101] [nearest_euclidean_frontier]: Main /plan diagnostic: poses=49, endpoint=(3.55, 3.65), frontier=(3.55, 3.65), endpoint_to_frontier=0.000 m, limit=0.10 m -> usable
[controller_server-11] [INFO] [1790233276.724327858] [controller_server]: Passing new path to controller.
[planner_server-13] [WARN] [1790233277.723713268] [planner_server]: GridBased plugin failed to plan from (5.25, 3.35) to (3.55, 3.65): "Failed to create plan with tolerance of: 0.000000"
[planner_server-13] [WARN] [1790233277.723764438] [planner_server]: [compute_path_to_pose] [ActionServer] Aborting handle.
[bt_navigator-16] [ERROR] [1790233277.753198884] [bt_navigator_navigate_to_pose_rclcpp_node]: Failed to get result for follow_path in node halt!
[behavior_server-15] [INFO] [1790233277.753906656] [behavior_server]: Running wait
[controller_server-11] [INFO] [1790233277.790897720] [controller_server]: Cancellation was successful. Stopping the robot.
[controller_server-11] [INFO] [1790233277.790969711] [controller_server]: [follow_path] [ActionServer] Client requested to cancel the goal. Cancelling.
[controller_server-11] [INFO] [1790233277.791562127] [controller_server]: Optimizer reset
[behavior_server-15] [INFO] [1790233278.054134803] [behavior_server]: wait completed successfully
[planner_server-13] [WARN] [1790233278.077211714] [planner_server]: GridBased plugin failed to plan from (5.16, 3.30) to (3.55, 3.65): "Failed to create plan with tolerance of: 0.000000"
[planner_server-13] [WARN] [1790233278.078124642] [planner_server]: [compute_path_to_pose] [ActionServer] Aborting handle.
[bt_navigator-16] [WARN] [1790233278.104497687] [bt_navigator]: [navigate_to_pose] [ActionServer] Aborting handle.
[bt_navigator-16] [ERROR] [1790233278.104826228] [bt_navigator]: Goal failed
[WARN] [1790233278.107888899] [nearest_euclidean_frontier]: Main goal failed (status=6, error_code=208)
[WARN] [1790233278.108315907] [nearest_euclidean_frontier]: Main frontier abandoned after NO_VALID_PATH (208): x=3.55, y=3.65; candidates within 0.10 m are skipped during normal selection but will be checked again by terminal planner revalidation.
[INFO] [1790233278.497783848] [nearest_euclidean_frontier]: Selected nearest frontier: x=7.95, y=-0.05, distance=4.36 m, region=33 cells, near_fallback=False
[bt_navigator-16] [INFO] [1790233278.501329428] [bt_navigator]: Begin navigating from current location (5.14, 3.29) to (7.95, -0.05)
[controller_server-11] [INFO] [1790233278.522479772] [controller_server]: Received a goal, begin computing control effort.
[INFO] [1790233278.943433284] [nearest_euclidean_frontier]: Main goal accepted
[INFO] [1790233279.002302792] [nearest_euclidean_frontier]: Main /plan diagnostic: poses=97, endpoint=(7.95, -0.05), frontier=(7.95, -0.05), endpoint_to_frontier=0.000 m, limit=0.10 m -> usable
[INFO] [1790233279.550966318] [nearest_euclidean_frontier]: Main /plan diagnostic: poses=95, endpoint=(7.95, -0.05), frontier=(7.95, -0.05), endpoint_to_frontier=0.000 m, limit=0.10 m -> usable
[controller_server-11] [INFO] [1790233279.589351601] [controller_server]: Passing new path to controller.
[INFO] [1790233280.562804321] [nearest_euclidean_frontier]: Main /plan diagnostic: poses=93, endpoint=(7.95, -0.05), frontier=(7.95, -0.05), endpoint_to_frontier=0.000 m, limit=0.10 m -> usable
[controller_server-11] [INFO] [1790233280.589408686] [controller_server]: Passing new path to controller.
[INFO] [1790233281.592294342] [nearest_euclidean_frontier]: Main /plan diagnostic: poses=83, endpoint=(7.95, -0.05), frontier=(7.95, -0.05), endpoint_to_frontier=0.000 m, limit=0.10 m -> usable
[controller_server-11] [INFO] [1790233281.656011653] [controller_server]: Passing new path to controller.
[INFO] [1790233282.631669929] [nearest_euclidean_frontier]: Main /plan diagnostic: poses=74, endpoint=(7.95, -0.05), frontier=(7.95, -0.05), endpoint_to_frontier=0.000 m, limit=0.10 m -> usable
[controller_server-11] [INFO] [1790233282.656046590] [controller_server]: Passing new path to controller.
[INFO] [1790233283.643939113] [nearest_euclidean_frontier]: Main /plan diagnostic: poses=68, endpoint=(7.95, -0.05), frontier=(7.95, -0.05), endpoint_to_frontier=0.000 m, limit=0.10 m -> usable
[controller_server-11] [INFO] [1790233283.656021798] [controller_server]: Passing new path to controller.
[INFO] [1790233284.661110646] [nearest_euclidean_frontier]: Main /plan diagnostic: poses=58, endpoint=(7.95, -0.05), frontier=(7.95, -0.05), endpoint_to_frontier=0.000 m, limit=0.10 m -> usable
[controller_server-11] [INFO] [1790233284.722694483] [controller_server]: Passing new path to controller.
[rviz2-7] [INFO] [1790233285.668477229] [rviz2]: Trying to create a map of size 258 x 142 using 1 swatches
[INFO] [1790233285.686513797] [nearest_euclidean_frontier]: Main /plan diagnostic: poses=49, endpoint=(7.95, -0.05), frontier=(7.95, -0.05), endpoint_to_frontier=0.000 m, limit=0.10 m -> usable
[controller_server-11] [INFO] [1790233285.722693318] [controller_server]: Passing new path to controller.
[controller_server-11] [INFO] [1790233285.822916852] [local_costmap.local_costmap]: StaticLayer: Resizing static layer to 258 X 142 at 0.100000 m/pix
[planner_server-13] [INFO] [1790233286.456337930] [global_costmap.global_costmap]: StaticLayer: Resizing costmap to 258 X 142 at 0.100000 m/pix
[INFO] [1790233286.700427687] [nearest_euclidean_frontier]: Main /plan diagnostic: poses=37, endpoint=(7.95, -0.05), frontier=(7.95, -0.05), endpoint_to_frontier=0.000 m, limit=0.10 m -> usable
[controller_server-11] [INFO] [1790233286.722684589] [controller_server]: Passing new path to controller.
[INFO] [1790233287.732733188] [nearest_euclidean_frontier]: Main /plan diagnostic: poses=25, endpoint=(7.95, -0.05), frontier=(7.95, -0.05), endpoint_to_frontier=0.000 m, limit=0.10 m -> usable
[controller_server-11] [INFO] [1790233287.789351148] [controller_server]: Passing new path to controller.
[rviz2-7] [INFO] [1790233288.702481598] [rviz2]: Trying to create a map of size 258 x 166 using 1 swatches
[INFO] [1790233288.762292124] [nearest_euclidean_frontier]: Main /plan diagnostic: poses=19, endpoint=(7.95, -0.05), frontier=(7.95, -0.05), endpoint_to_frontier=0.000 m, limit=0.10 m -> usable
[controller_server-11] [INFO] [1790233288.789354080] [controller_server]: Passing new path to controller.
[controller_server-11] [INFO] [1790233288.822902846] [local_costmap.local_costmap]: StaticLayer: Resizing static layer to 258 X 166 at 0.100000 m/pix
[planner_server-13] [INFO] [1790233289.456339921] [global_costmap.global_costmap]: StaticLayer: Resizing costmap to 258 X 166 at 0.100000 m/pix
[INFO] [1790233289.779276880] [nearest_euclidean_frontier]: Main /plan diagnostic: poses=13, endpoint=(7.95, -0.05), frontier=(7.95, -0.05), endpoint_to_frontier=0.000 m, limit=0.10 m -> usable
[controller_server-11] [INFO] [1790233289.856029425] [controller_server]: Passing new path to controller.
[controller_server-11] [INFO] [1790233290.591488336] [controller_server]: Reached the goal!
[controller_server-11] [INFO] [1790233290.591962231] [controller_server]: Optimizer reset
[bt_navigator-16] [INFO] [1790233290.611987923] [bt_navigator]: Goal succeeded
[INFO] [1790233290.620684101] [nearest_euclidean_frontier]: Goal reached
[controller_server-11] [INFO] [1790233290.822970038] [local_costmap.local_costmap]: StaticLayer: Resizing static layer to 258 X 166 at 0.100000 m/pix
[planner_server-13] [INFO] [1790233291.456361751] [global_costmap.global_costmap]: StaticLayer: Resizing costmap to 258 X 166 at 0.100000 m/pix
[INFO] [1790233291.533171456] [nearest_euclidean_frontier]: Selected nearest frontier: x=8.75, y=-1.07, distance=1.58 m, region=18 cells, near_fallback=False
[bt_navigator-16] [INFO] [1790233291.534500822] [bt_navigator]: Begin navigating from current location (7.64, 0.06) to (8.75, -1.07)
[controller_server-11] [INFO] [1790233291.555309243] [controller_server]: Received a goal, begin computing control effort.
[INFO] [1790233291.987778563] [nearest_euclidean_frontier]: Main goal accepted
[INFO] [1790233292.159294971] [nearest_euclidean_frontier]: Main /plan diagnostic: poses=41, endpoint=(8.75, -1.07), frontier=(8.75, -1.07), endpoint_to_frontier=0.000 m, limit=0.10 m -> usable
[INFO] [1790233292.574214606] [nearest_euclidean_frontier]: Main /plan diagnostic: poses=33, endpoint=(8.75, -1.07), frontier=(8.75, -1.07), endpoint_to_frontier=0.000 m, limit=0.10 m -> usable
[controller_server-11] [INFO] [1790233292.622604093] [controller_server]: Passing new path to controller.
[INFO] [1790233293.604396025] [nearest_euclidean_frontier]: Main /plan diagnostic: poses=25, endpoint=(8.75, -1.07), frontier=(8.75, -1.07), endpoint_to_frontier=0.000 m, limit=0.10 m -> usable
[controller_server-11] [INFO] [1790233293.622136716] [controller_server]: Passing new path to controller.
[INFO] [1790233294.628327169] [nearest_euclidean_frontier]: Main /plan diagnostic: poses=13, endpoint=(8.75, -1.07), frontier=(8.75, -1.07), endpoint_to_frontier=0.000 m, limit=0.10 m -> usable
[controller_server-11] [INFO] [1790233294.688790553] [controller_server]: Passing new path to controller.
[INFO] [1790233295.640277584] [nearest_euclidean_frontier]: Main /plan diagnostic: poses=13, endpoint=(8.75, -1.07), frontier=(8.75, -1.07), endpoint_to_frontier=0.000 m, limit=0.10 m -> usable
[controller_server-11] [INFO] [1790233295.688802160] [controller_server]: Passing new path to controller.
[INFO] [1790233296.668167047] [nearest_euclidean_frontier]: Main /plan diagnostic: poses=10, endpoint=(8.75, -1.07), frontier=(8.75, -1.07), endpoint_to_frontier=0.000 m, limit=0.10 m -> usable
[controller_server-11] [INFO] [1790233296.688796011] [controller_server]: Passing new path to controller.
[controller_server-11] [INFO] [1790233297.024795330] [controller_server]: Reached the goal!
[controller_server-11] [INFO] [1790233297.025057766] [controller_server]: Optimizer reset
[bt_navigator-16] [INFO] [1790233297.044916405] [bt_navigator]: Goal succeeded
[INFO] [1790233297.048748688] [nearest_euclidean_frontier]: Goal reached
[INFO] [1790233297.521213072] [nearest_euclidean_frontier]: Selected nearest frontier: x=10.95, y=-2.57, distance=2.82 m, region=92 cells, near_fallback=False
[bt_navigator-16] [INFO] [1790233297.522869577] [bt_navigator]: Begin navigating from current location (8.84, -0.72) to (10.95, -2.57)
[controller_server-11] [INFO] [1790233297.543703492] [controller_server]: Received a goal, begin computing control effort.
[INFO] [1790233298.024835676] [nearest_euclidean_frontier]: Main goal accepted
[INFO] [1790233298.096921091] [nearest_euclidean_frontier]: Main /plan diagnostic: poses=152, endpoint=(10.95, -2.57), frontier=(10.95, -2.57), endpoint_to_frontier=0.000 m, limit=0.10 m -> usable
[INFO] [1790233298.565862240] [nearest_euclidean_frontier]: Main /plan diagnostic: poses=148, endpoint=(10.95, -2.57), frontier=(10.95, -2.57), endpoint_to_frontier=0.000 m, limit=0.10 m -> usable
[controller_server-11] [INFO] [1790233298.610566984] [controller_server]: Passing new path to controller.
[INFO] [1790233299.604252893] [nearest_euclidean_frontier]: Main /plan diagnostic: poses=143, endpoint=(10.95, -2.57), frontier=(10.95, -2.57), endpoint_to_frontier=0.000 m, limit=0.10 m -> usable
[controller_server-11] [INFO] [1790233299.610654370] [controller_server]: Passing new path to controller.
[INFO] [1790233300.637851573] [nearest_euclidean_frontier]: Main /plan diagnostic: poses=143, endpoint=(10.95, -2.57), frontier=(10.95, -2.57), endpoint_to_frontier=0.000 m, limit=0.10 m -> usable
[controller_server-11] [INFO] [1790233300.677219525] [controller_server]: Passing new path to controller.
[INFO] [1790233301.659306643] [nearest_euclidean_frontier]: Main /plan diagnostic: poses=144, endpoint=(10.95, -2.57), frontier=(10.95, -2.57), endpoint_to_frontier=0.000 m, limit=0.10 m -> usable
[controller_server-11] [INFO] [1790233301.677295699] [controller_server]: Passing new path to controller.
[INFO] [1790233302.685903903] [nearest_euclidean_frontier]: Main /plan diagnostic: poses=134, endpoint=(10.95, -2.57), frontier=(10.95, -2.57), endpoint_to_frontier=0.000 m, limit=0.10 m -> usable
[controller_server-11] [INFO] [1790233302.743894092] [controller_server]: Passing new path to controller.
[INFO] [1790233303.709036709] [nearest_euclidean_frontier]: Main /plan diagnostic: poses=124, endpoint=(10.95, -2.57), frontier=(10.95, -2.57), endpoint_to_frontier=0.000 m, limit=0.10 m -> usable
[controller_server-11] [INFO] [1790233303.743868661] [controller_server]: Passing new path to controller.
[rviz2-7] [INFO] [1790233304.691476527] [rviz2]: Trying to create a map of size 258 x 184 using 1 swatches
[INFO] [1790233304.721389375] [nearest_euclidean_frontier]: Main /plan diagnostic: poses=115, endpoint=(10.95, -2.57), frontier=(10.95, -2.57), endpoint_to_frontier=0.000 m, limit=0.10 m -> usable
[controller_server-11] [INFO] [1790233304.743878169] [controller_server]: Passing new path to controller.
[controller_server-11] [INFO] [1790233304.822965316] [local_costmap.local_costmap]: StaticLayer: Resizing static layer to 258 X 184 at 0.100000 m/pix
[planner_server-13] [INFO] [1790233305.456484579] [global_costmap.global_costmap]: StaticLayer: Resizing costmap to 258 X 184 at 0.100000 m/pix
[rviz2-7] [INFO] [1790233305.694828422] [rviz2]: Trying to create a map of size 258 x 186 using 1 swatches
[INFO] [1790233305.745651119] [nearest_euclidean_frontier]: Main /plan diagnostic: poses=103, endpoint=(10.95, -2.57), frontier=(10.95, -2.57), endpoint_to_frontier=0.000 m, limit=0.10 m -> usable
[controller_server-11] [INFO] [1790233305.810681129] [controller_server]: Passing new path to controller.
[controller_server-11] [INFO] [1790233305.823021859] [local_costmap.local_costmap]: StaticLayer: Resizing static layer to 258 X 186 at 0.100000 m/pix
[planner_server-13] [INFO] [1790233306.456368458] [global_costmap.global_costmap]: StaticLayer: Resizing costmap to 258 X 186 at 0.100000 m/pix
[INFO] [1790233306.774520446] [nearest_euclidean_frontier]: Main /plan diagnostic: poses=96, endpoint=(10.95, -2.57), frontier=(10.95, -2.57), endpoint_to_frontier=0.000 m, limit=0.10 m -> usable
[controller_server-11] [INFO] [1790233306.810541298] [controller_server]: Passing new path to controller.
[INFO] [1790233307.803006507] [nearest_euclidean_frontier]: Main /plan diagnostic: poses=90, endpoint=(10.95, -2.57), frontier=(10.95, -2.57), endpoint_to_frontier=0.000 m, limit=0.10 m -> usable
[controller_server-11] [INFO] [1790233307.877166245] [controller_server]: Passing new path to controller.
[INFO] [1790233308.820647815] [nearest_euclidean_frontier]: Main /plan diagnostic: poses=77, endpoint=(10.95, -2.57), frontier=(10.95, -2.57), endpoint_to_frontier=0.000 m, limit=0.10 m -> usable
[controller_server-11] [INFO] [1790233308.877207493] [controller_server]: Passing new path to controller.
[INFO] [1790233309.851275424] [nearest_euclidean_frontier]: Main /plan diagnostic: poses=65, endpoint=(10.95, -2.57), frontier=(10.95, -2.57), endpoint_to_frontier=0.000 m, limit=0.10 m -> usable
[controller_server-11] [INFO] [1790233309.877233977] [controller_server]: Passing new path to controller.
[INFO] [1790233310.883600921] [nearest_euclidean_frontier]: Main /plan diagnostic: poses=55, endpoint=(10.95, -2.57), frontier=(10.95, -2.57), endpoint_to_frontier=0.000 m, limit=0.10 m -> usable
[controller_server-11] [INFO] [1790233310.943883918] [controller_server]: Passing new path to controller.
[INFO] [1790233311.900680080] [nearest_euclidean_frontier]: Main /plan diagnostic: poses=45, endpoint=(10.95, -2.57), frontier=(10.95, -2.57), endpoint_to_frontier=0.000 m, limit=0.10 m -> usable
[controller_server-11] [INFO] [1790233311.943879262] [controller_server]: Passing new path to controller.
[INFO] [1790233312.929104927] [nearest_euclidean_frontier]: Main /plan diagnostic: poses=35, endpoint=(10.95, -2.57), frontier=(10.95, -2.57), endpoint_to_frontier=0.000 m, limit=0.10 m -> usable
[controller_server-11] [INFO] [1790233312.943867014] [controller_server]: Passing new path to controller.
[INFO] [1790233313.962004647] [nearest_euclidean_frontier]: Main /plan diagnostic: poses=27, endpoint=(10.95, -2.57), frontier=(10.95, -2.57), endpoint_to_frontier=0.000 m, limit=0.10 m -> usable
[controller_server-11] [INFO] [1790233314.010553858] [controller_server]: Passing new path to controller.
[INFO] [1790233314.984735858] [nearest_euclidean_frontier]: Main /plan diagnostic: poses=17, endpoint=(10.95, -2.57), frontier=(10.95, -2.57), endpoint_to_frontier=0.000 m, limit=0.10 m -> usable
[controller_server-11] [INFO] [1790233315.010793850] [controller_server]: Passing new path to controller.
[INFO] [1790233316.002064938] [nearest_euclidean_frontier]: Main /plan diagnostic: poses=11, endpoint=(10.95, -2.57), frontier=(10.95, -2.57), endpoint_to_frontier=0.000 m, limit=0.10 m -> usable
[controller_server-11] [INFO] [1790233316.077323173] [controller_server]: Passing new path to controller.
[controller_server-11] [INFO] [1790233316.879509476] [controller_server]: Reached the goal!
[controller_server-11] [INFO] [1790233316.879839143] [controller_server]: Optimizer reset
[bt_navigator-16] [INFO] [1790233316.903307008] [bt_navigator]: Goal succeeded
[INFO] [1790233316.907955832] [nearest_euclidean_frontier]: Goal reached
[INFO] [1790233317.608916727] [nearest_euclidean_frontier]: Selected nearest frontier: x=11.85, y=2.02, distance=4.80 m, region=32 cells, near_fallback=False
[bt_navigator-16] [INFO] [1790233317.610368699] [bt_navigator]: Begin navigating from current location (10.61, -2.61) to (11.85, 2.02)
[controller_server-11] [INFO] [1790233317.631350710] [controller_server]: Received a goal, begin computing control effort.
[INFO] [1790233318.136846875] [nearest_euclidean_frontier]: Main goal accepted
[INFO] [1790233318.208943140] [nearest_euclidean_frontier]: Main /plan diagnostic: poses=219, endpoint=(11.85, 2.02), frontier=(11.85, 2.02), endpoint_to_frontier=0.000 m, limit=0.10 m -> usable
[INFO] [1790233318.658307865] [nearest_euclidean_frontier]: Main /plan diagnostic: poses=216, endpoint=(11.85, 2.02), frontier=(11.85, 2.02), endpoint_to_frontier=0.000 m, limit=0.10 m -> usable
[controller_server-11] [INFO] [1790233318.698181982] [controller_server]: Passing new path to controller.
[INFO] [1790233319.690997724] [nearest_euclidean_frontier]: Main /plan diagnostic: poses=207, endpoint=(11.85, 2.02), frontier=(11.85, 2.02), endpoint_to_frontier=0.000 m, limit=0.10 m -> usable
[controller_server-11] [INFO] [1790233319.698547597] [controller_server]: Passing new path to controller.
[INFO] [1790233320.722770539] [nearest_euclidean_frontier]: Main /plan diagnostic: poses=203, endpoint=(11.85, 2.02), frontier=(11.85, 2.02), endpoint_to_frontier=0.000 m, limit=0.10 m -> usable
[controller_server-11] [INFO] [1790233320.764857865] [controller_server]: Passing new path to controller.
[INFO] [1790233321.750683064] [nearest_euclidean_frontier]: Main /plan diagnostic: poses=195, endpoint=(11.85, 2.02), frontier=(11.85, 2.02), endpoint_to_frontier=0.000 m, limit=0.10 m -> usable
[controller_server-11] [INFO] [1790233321.764863270] [controller_server]: Passing new path to controller.
[INFO] [1790233322.776489815] [nearest_euclidean_frontier]: Main /plan diagnostic: poses=189, endpoint=(11.85, 2.02), frontier=(11.85, 2.02), endpoint_to_frontier=0.000 m, limit=0.10 m -> usable
[controller_server-11] [INFO] [1790233322.831532267] [controller_server]: Passing new path to controller.
[INFO] [1790233323.797134503] [nearest_euclidean_frontier]: Main /plan diagnostic: poses=183, endpoint=(11.85, 2.02), frontier=(11.85, 2.02), endpoint_to_frontier=0.000 m, limit=0.10 m -> usable
[controller_server-11] [INFO] [1790233323.831527518] [controller_server]: Passing new path to controller.
[INFO] [1790233324.823902733] [nearest_euclidean_frontier]: Main /plan diagnostic: poses=175, endpoint=(11.85, 2.02), frontier=(11.85, 2.02), endpoint_to_frontier=0.000 m, limit=0.10 m -> usable
[controller_server-11] [INFO] [1790233324.832263466] [controller_server]: Passing new path to controller.
[INFO] [1790233325.842911583] [nearest_euclidean_frontier]: Main /plan diagnostic: poses=172, endpoint=(11.85, 2.02), frontier=(11.85, 2.02), endpoint_to_frontier=0.000 m, limit=0.10 m -> usable
[controller_server-11] [INFO] [1790233325.898194036] [controller_server]: Passing new path to controller.
[INFO] [1790233326.859954662] [nearest_euclidean_frontier]: Main /plan diagnostic: poses=166, endpoint=(11.85, 2.02), frontier=(11.85, 2.02), endpoint_to_frontier=0.000 m, limit=0.10 m -> usable
[controller_server-11] [INFO] [1790233326.898179601] [controller_server]: Passing new path to controller.
[INFO] [1790233327.897074756] [nearest_euclidean_frontier]: Main /plan diagnostic: poses=160, endpoint=(11.85, 2.02), frontier=(11.85, 2.02), endpoint_to_frontier=0.000 m, limit=0.10 m -> usable
[controller_server-11] [INFO] [1790233327.964854699] [controller_server]: Passing new path to controller.
[INFO] [1790233328.923573760] [nearest_euclidean_frontier]: Main /plan diagnostic: poses=159, endpoint=(11.85, 2.02), frontier=(11.85, 2.02), endpoint_to_frontier=0.000 m, limit=0.10 m -> usable
[controller_server-11] [INFO] [1790233328.964862914] [controller_server]: Passing new path to controller.
[INFO] [1790233329.956095977] [nearest_euclidean_frontier]: Main /plan diagnostic: poses=155, endpoint=(11.85, 2.02), frontier=(11.85, 2.02), endpoint_to_frontier=0.000 m, limit=0.10 m -> usable
[controller_server-11] [INFO] [1790233329.964846284] [controller_server]: Passing new path to controller.
[INFO] [1790233330.981608403] [nearest_euclidean_frontier]: Main /plan diagnostic: poses=144, endpoint=(11.85, 2.02), frontier=(11.85, 2.02), endpoint_to_frontier=0.000 m, limit=0.10 m -> usable
[controller_server-11] [INFO] [1790233331.031528508] [controller_server]: Passing new path to controller.
[INFO] [1790233332.012503803] [nearest_euclidean_frontier]: Main /plan diagnostic: poses=134, endpoint=(11.85, 2.02), frontier=(11.85, 2.02), endpoint_to_frontier=0.000 m, limit=0.10 m -> usable
[controller_server-11] [INFO] [1790233332.031772241] [controller_server]: Passing new path to controller.
[INFO] [1790233333.046946902] [nearest_euclidean_frontier]: Main /plan diagnostic: poses=124, endpoint=(11.85, 2.02), frontier=(11.85, 2.02), endpoint_to_frontier=0.000 m, limit=0.10 m -> usable
[controller_server-11] [INFO] [1790233333.098190551] [controller_server]: Passing new path to controller.
[async_slam_toolbox_node-10] WARNING: Logging before InitGoogleLogging() is written to STDERR
[async_slam_toolbox_node-10] W20260924 14:02:13.557196 55763 preprocessor.cc:67] Specified options.num_threads: 50 exceeds maximum available from the threading model Ceres was compiled with: 16.  Bounding to maximum number available.
[async_slam_toolbox_node-10] [INFO] [1790233333.561438318] [slam_toolbox]: Adaptive anchor summary: latest_node=370, local_edges=386, loop_history=0, avg_effective_weight=1.768, release_regions=0
[rviz2-7] [INFO] [1790233333.700764343] [rviz2]: Trying to create a map of size 258 x 188 using 1 swatches
[controller_server-11] [INFO] [1790233333.822903964] [local_costmap.local_costmap]: StaticLayer: Resizing static layer to 258 X 188 at 0.100000 m/pix
[INFO] [1790233334.055330647] [nearest_euclidean_frontier]: Main /plan diagnostic: poses=117, endpoint=(11.85, 2.02), frontier=(11.85, 2.02), endpoint_to_frontier=0.000 m, limit=0.10 m -> usable
[controller_server-11] [INFO] [1790233334.098204035] [controller_server]: Passing new path to controller.
[planner_server-13] [INFO] [1790233334.456422718] [global_costmap.global_costmap]: StaticLayer: Resizing costmap to 258 X 188 at 0.100000 m/pix
[INFO] [1790233335.079929216] [nearest_euclidean_frontier]: Main /plan diagnostic: poses=105, endpoint=(11.85, 2.02), frontier=(11.85, 2.02), endpoint_to_frontier=0.000 m, limit=0.10 m -> usable
[controller_server-11] [INFO] [1790233335.098281370] [controller_server]: Passing new path to controller.
[INFO] [1790233336.105050862] [nearest_euclidean_frontier]: Main /plan diagnostic: poses=97, endpoint=(11.85, 2.02), frontier=(11.85, 2.02), endpoint_to_frontier=0.000 m, limit=0.10 m -> usable
[controller_server-11] [INFO] [1790233336.164910697] [controller_server]: Passing new path to controller.
[INFO] [1790233337.122929361] [nearest_euclidean_frontier]: Main /plan diagnostic: poses=82, endpoint=(11.85, 2.02), frontier=(11.85, 2.02), endpoint_to_frontier=0.000 m, limit=0.10 m -> usable
[controller_server-11] [INFO] [1790233337.164847728] [controller_server]: Passing new path to controller.
[INFO] [1790233338.138557534] [nearest_euclidean_frontier]: Main /plan diagnostic: poses=72, endpoint=(11.85, 2.02), frontier=(11.85, 2.02), endpoint_to_frontier=0.000 m, limit=0.10 m -> usable
[controller_server-11] [INFO] [1790233338.164866702] [controller_server]: Passing new path to controller.
[INFO] [1790233339.162161414] [nearest_euclidean_frontier]: Main /plan diagnostic: poses=64, endpoint=(11.85, 2.02), frontier=(11.85, 2.02), endpoint_to_frontier=0.000 m, limit=0.10 m -> usable
[controller_server-11] [INFO] [1790233339.231525512] [controller_server]: Passing new path to controller.
[INFO] [1790233340.179126302] [nearest_euclidean_frontier]: Main /plan diagnostic: poses=53, endpoint=(11.85, 2.02), frontier=(11.85, 2.02), endpoint_to_frontier=0.000 m, limit=0.10 m -> usable
[controller_server-11] [INFO] [1790233340.231520397] [controller_server]: Passing new path to controller.
[INFO] [1790233341.197444805] [nearest_euclidean_frontier]: Main /plan diagnostic: poses=44, endpoint=(11.85, 2.02), frontier=(11.85, 2.02), endpoint_to_frontier=0.000 m, limit=0.10 m -> usable
[controller_server-11] [INFO] [1790233341.231601258] [controller_server]: Passing new path to controller.
[INFO] [1790233342.227309007] [nearest_euclidean_frontier]: Main /plan diagnostic: poses=32, endpoint=(11.85, 2.02), frontier=(11.85, 2.02), endpoint_to_frontier=0.000 m, limit=0.10 m -> usable
[controller_server-11] [INFO] [1790233342.298227479] [controller_server]: Passing new path to controller.
[INFO] [1790233343.245616577] [nearest_euclidean_frontier]: Main /plan diagnostic: poses=22, endpoint=(11.85, 2.02), frontier=(11.85, 2.02), endpoint_to_frontier=0.000 m, limit=0.10 m -> usable
[controller_server-11] [INFO] [1790233343.298332224] [controller_server]: Passing new path to controller.
[controller_server-11] [INFO] [1790233344.298183731] [controller_server]: Passing new path to controller.
[INFO] [1790233344.335273743] [nearest_euclidean_frontier]: Main /plan diagnostic: poses=14, endpoint=(11.85, 2.02), frontier=(11.85, 2.02), endpoint_to_frontier=0.000 m, limit=0.10 m -> usable
[INFO] [1790233345.340766601] [nearest_euclidean_frontier]: Main /plan diagnostic: poses=8, endpoint=(11.85, 2.02), frontier=(11.85, 2.02), endpoint_to_frontier=0.000 m, limit=0.10 m -> usable
[controller_server-11] [INFO] [1790233345.364848450] [controller_server]: Passing new path to controller.
[controller_server-11] [INFO] [1790233345.767265852] [controller_server]: Reached the goal!
[controller_server-11] [INFO] [1790233345.767502897] [controller_server]: Optimizer reset
[bt_navigator-16] [INFO] [1790233345.790936978] [bt_navigator]: Goal succeeded
[INFO] [1790233345.797707482] [nearest_euclidean_frontier]: Goal reached
[INFO] [1790233346.615920556] [nearest_euclidean_frontier]: Selected nearest frontier: x=9.75, y=5.56, distance=3.91 m, region=31 cells, near_fallback=False
[bt_navigator-16] [INFO] [1790233346.617228454] [bt_navigator]: Begin navigating from current location (11.51, 2.07) to (9.75, 5.56)
[controller_server-11] [INFO] [1790233346.638342144] [controller_server]: Received a goal, begin computing control effort.
[INFO] [1790233347.158583808] [nearest_euclidean_frontier]: Main goal accepted
[INFO] [1790233347.391779319] [nearest_euclidean_frontier]: Main /plan diagnostic: poses=107, endpoint=(9.75, 5.56), frontier=(9.75, 5.56), endpoint_to_frontier=0.000 m, limit=0.10 m -> usable
[INFO] [1790233347.658990104] [nearest_euclidean_frontier]: Main /plan diagnostic: poses=99, endpoint=(9.75, 5.56), frontier=(9.75, 5.56), endpoint_to_frontier=0.000 m, limit=0.10 m -> usable
[controller_server-11] [INFO] [1790233347.705536013] [controller_server]: Passing new path to controller.
[INFO] [1790233348.691448492] [nearest_euclidean_frontier]: Main /plan diagnostic: poses=93, endpoint=(9.75, 5.56), frontier=(9.75, 5.56), endpoint_to_frontier=0.000 m, limit=0.10 m -> usable
[controller_server-11] [INFO] [1790233348.705207948] [controller_server]: Passing new path to controller.
[INFO] [1790233349.716178202] [nearest_euclidean_frontier]: Main /plan diagnostic: poses=87, endpoint=(9.75, 5.56), frontier=(9.75, 5.56), endpoint_to_frontier=0.000 m, limit=0.10 m -> usable
[controller_server-11] [INFO] [1790233349.771871630] [controller_server]: Passing new path to controller.
[INFO] [1790233350.744141724] [nearest_euclidean_frontier]: Main /plan diagnostic: poses=82, endpoint=(9.75, 5.56), frontier=(9.75, 5.56), endpoint_to_frontier=0.000 m, limit=0.10 m -> usable
[controller_server-11] [INFO] [1790233350.771874828] [controller_server]: Passing new path to controller.
[INFO] [1790233351.769305367] [nearest_euclidean_frontier]: Main /plan diagnostic: poses=75, endpoint=(9.75, 5.56), frontier=(9.75, 5.56), endpoint_to_frontier=0.000 m, limit=0.10 m -> usable
[controller_server-11] [INFO] [1790233351.838550833] [controller_server]: Passing new path to controller.
[INFO] [1790233352.786887981] [nearest_euclidean_frontier]: Main /plan diagnostic: poses=66, endpoint=(9.75, 5.56), frontier=(9.75, 5.56), endpoint_to_frontier=0.000 m, limit=0.10 m -> usable
[controller_server-11] [INFO] [1790233352.838562086] [controller_server]: Passing new path to controller.
[INFO] [1790233353.815672178] [nearest_euclidean_frontier]: Main /plan diagnostic: poses=64, endpoint=(9.75, 5.56), frontier=(9.75, 5.56), endpoint_to_frontier=0.000 m, limit=0.10 m -> usable
[controller_server-11] [INFO] [1790233353.838541087] [controller_server]: Passing new path to controller.
[INFO] [1790233354.842672657] [nearest_euclidean_frontier]: Main /plan diagnostic: poses=59, endpoint=(9.75, 5.56), frontier=(9.75, 5.56), endpoint_to_frontier=0.000 m, limit=0.10 m -> usable
[controller_server-11] [INFO] [1790233354.905215451] [controller_server]: Passing new path to controller.
[INFO] [1790233355.877223925] [nearest_euclidean_frontier]: Main /plan diagnostic: poses=48, endpoint=(9.75, 5.56), frontier=(9.75, 5.56), endpoint_to_frontier=0.000 m, limit=0.10 m -> usable
[controller_server-11] [INFO] [1790233355.905227117] [controller_server]: Passing new path to controller.
[INFO] [1790233356.886784699] [nearest_euclidean_frontier]: Main /plan diagnostic: poses=47, endpoint=(9.75, 5.56), frontier=(9.75, 5.56), endpoint_to_frontier=0.000 m, limit=0.10 m -> usable
[controller_server-11] [INFO] [1790233356.905218125] [controller_server]: Passing new path to controller.
[INFO] [1790233357.913234190] [nearest_euclidean_frontier]: Main /plan diagnostic: poses=47, endpoint=(9.75, 5.56), frontier=(9.75, 5.56), endpoint_to_frontier=0.000 m, limit=0.10 m -> usable
[controller_server-11] [INFO] [1790233357.971875112] [controller_server]: Passing new path to controller.
[INFO] [1790233358.945346205] [nearest_euclidean_frontier]: Main /plan diagnostic: poses=43, endpoint=(9.75, 5.56), frontier=(9.75, 5.56), endpoint_to_frontier=0.000 m, limit=0.10 m -> usable
[controller_server-11] [INFO] [1790233358.971890485] [controller_server]: Passing new path to controller.
[INFO] [1790233359.977810910] [nearest_euclidean_frontier]: Main /plan diagnostic: poses=32, endpoint=(9.75, 5.56), frontier=(9.75, 5.56), endpoint_to_frontier=0.000 m, limit=0.10 m -> usable
[controller_server-11] [INFO] [1790233360.038579562] [controller_server]: Passing new path to controller.
[INFO] [1790233360.994306835] [nearest_euclidean_frontier]: Main /plan diagnostic: poses=23, endpoint=(9.75, 5.56), frontier=(9.75, 5.56), endpoint_to_frontier=0.000 m, limit=0.10 m -> usable
[controller_server-11] [INFO] [1790233361.038534360] [controller_server]: Passing new path to controller.
[INFO] [1790233362.020562663] [nearest_euclidean_frontier]: Main /plan diagnostic: poses=15, endpoint=(9.75, 5.56), frontier=(9.75, 5.56), endpoint_to_frontier=0.000 m, limit=0.10 m -> usable
[controller_server-11] [INFO] [1790233362.038532921] [controller_server]: Passing new path to controller.
[INFO] [1790233363.051525059] [nearest_euclidean_frontier]: Main /plan diagnostic: poses=13, endpoint=(9.75, 5.56), frontier=(9.75, 5.56), endpoint_to_frontier=0.000 m, limit=0.10 m -> usable
[controller_server-11] [INFO] [1790233363.105212366] [controller_server]: Passing new path to controller.
[controller_server-11] [INFO] [1790233363.840509564] [controller_server]: Reached the goal!
[controller_server-11] [INFO] [1790233363.840836944] [controller_server]: Optimizer reset
[bt_navigator-16] [INFO] [1790233363.867582339] [bt_navigator]: Goal succeeded
[INFO] [1790233363.869858333] [nearest_euclidean_frontier]: Goal reached
[INFO] [1790233364.619556247] [nearest_euclidean_frontier]: Selected nearest frontier: x=5.55, y=-6.14, distance=12.23 m, region=17 cells, near_fallback=False
[bt_navigator-16] [INFO] [1790233364.622602860] [bt_navigator]: Begin navigating from current location (9.43, 5.46) to (5.55, -6.14)
[controller_server-11] [INFO] [1790233364.643741427] [controller_server]: Received a goal, begin computing control effort.
[INFO] [1790233365.166750767] [nearest_euclidean_frontier]: Main goal accepted
[INFO] [1790233365.226424649] [nearest_euclidean_frontier]: Main /plan diagnostic: poses=292, endpoint=(5.55, -6.14), frontier=(5.55, -6.14), endpoint_to_frontier=0.000 m, limit=0.10 m -> usable
[INFO] [1790233365.665373704] [nearest_euclidean_frontier]: Main /plan diagnostic: poses=288, endpoint=(5.55, -6.14), frontier=(5.55, -6.14), endpoint_to_frontier=0.000 m, limit=0.10 m -> usable
[controller_server-11] [INFO] [1790233365.710593587] [controller_server]: Passing new path to controller.
[INFO] [1790233366.703018304] [nearest_euclidean_frontier]: Main /plan diagnostic: poses=285, endpoint=(5.55, -6.14), frontier=(5.55, -6.14), endpoint_to_frontier=0.000 m, limit=0.10 m -> usable
[controller_server-11] [INFO] [1790233366.710598219] [controller_server]: Passing new path to controller.
[INFO] [1790233367.736040231] [nearest_euclidean_frontier]: Main /plan diagnostic: poses=283, endpoint=(5.55, -6.14), frontier=(5.55, -6.14), endpoint_to_frontier=0.000 m, limit=0.10 m -> usable
[controller_server-11] [INFO] [1790233367.777281235] [controller_server]: Passing new path to controller.
[INFO] [1790233368.767849505] [nearest_euclidean_frontier]: Main /plan diagnostic: poses=275, endpoint=(5.55, -6.14), frontier=(5.55, -6.14), endpoint_to_frontier=0.000 m, limit=0.10 m -> usable
[controller_server-11] [INFO] [1790233368.777748553] [controller_server]: Passing new path to controller.
[INFO] [1790233369.788676228] [nearest_euclidean_frontier]: Main /plan diagnostic: poses=265, endpoint=(5.55, -6.14), frontier=(5.55, -6.14), endpoint_to_frontier=0.000 m, limit=0.10 m -> usable
[controller_server-11] [INFO] [1790233369.843944372] [controller_server]: Passing new path to controller.
[INFO] [1790233370.808731409] [nearest_euclidean_frontier]: Main /plan diagnostic: poses=257, endpoint=(5.55, -6.14), frontier=(5.55, -6.14), endpoint_to_frontier=0.000 m, limit=0.10 m -> usable
[controller_server-11] [INFO] [1790233370.843965538] [controller_server]: Passing new path to controller.
[INFO] [1790233371.836342460] [nearest_euclidean_frontier]: Main /plan diagnostic: poses=247, endpoint=(5.55, -6.14), frontier=(5.55, -6.14), endpoint_to_frontier=0.000 m, limit=0.10 m -> usable
[controller_server-11] [INFO] [1790233371.843983410] [controller_server]: Passing new path to controller.
[INFO] [1790233372.874544445] [nearest_euclidean_frontier]: Main /plan diagnostic: poses=238, endpoint=(5.55, -6.14), frontier=(5.55, -6.14), endpoint_to_frontier=0.000 m, limit=0.10 m -> usable
[controller_server-11] [INFO] [1790233372.910719140] [controller_server]: Passing new path to controller.
[INFO] [1790233373.894444582] [nearest_euclidean_frontier]: Main /plan diagnostic: poses=227, endpoint=(5.55, -6.14), frontier=(5.55, -6.14), endpoint_to_frontier=0.000 m, limit=0.10 m -> usable
[controller_server-11] [INFO] [1790233373.910629303] [controller_server]: Passing new path to controller.
[INFO] [1790233374.907076774] [nearest_euclidean_frontier]: Main /plan diagnostic: poses=217, endpoint=(5.55, -6.14), frontier=(5.55, -6.14), endpoint_to_frontier=0.000 m, limit=0.10 m -> usable
[controller_server-11] [INFO] [1790233374.977263288] [controller_server]: Passing new path to controller.
[INFO] [1790233375.932445507] [nearest_euclidean_frontier]: Main /plan diagnostic: poses=207, endpoint=(5.55, -6.14), frontier=(5.55, -6.14), endpoint_to_frontier=0.000 m, limit=0.10 m -> usable
[controller_server-11] [INFO] [1790233375.977290350] [controller_server]: Passing new path to controller.
[INFO] [1790233376.966175771] [nearest_euclidean_frontier]: Main /plan diagnostic: poses=197, endpoint=(5.55, -6.14), frontier=(5.55, -6.14), endpoint_to_frontier=0.000 m, limit=0.10 m -> usable
[controller_server-11] [INFO] [1790233376.977290989] [controller_server]: Passing new path to controller.
[INFO] [1790233377.994985111] [nearest_euclidean_frontier]: Main /plan diagnostic: poses=189, endpoint=(5.55, -6.14), frontier=(5.55, -6.14), endpoint_to_frontier=0.000 m, limit=0.10 m -> usable
[controller_server-11] [INFO] [1790233378.043932105] [controller_server]: Passing new path to controller.
[INFO] [1790233379.036783400] [nearest_euclidean_frontier]: Main /plan diagnostic: poses=179, endpoint=(5.55, -6.14), frontier=(5.55, -6.14), endpoint_to_frontier=0.000 m, limit=0.10 m -> usable
[controller_server-11] [INFO] [1790233379.043993737] [controller_server]: Passing new path to controller.
[INFO] [1790233380.053643025] [nearest_euclidean_frontier]: Main /plan diagnostic: poses=169, endpoint=(5.55, -6.14), frontier=(5.55, -6.14), endpoint_to_frontier=0.000 m, limit=0.10 m -> usable
[controller_server-11] [INFO] [1790233380.110602488] [controller_server]: Passing new path to controller.
[INFO] [1790233381.074919963] [nearest_euclidean_frontier]: Main /plan diagnostic: poses=159, endpoint=(5.55, -6.14), frontier=(5.55, -6.14), endpoint_to_frontier=0.000 m, limit=0.10 m -> usable
[controller_server-11] [INFO] [1790233381.110590046] [controller_server]: Passing new path to controller.
[async_slam_toolbox_node-10] W20260924 14:03:01.361106 55763 preprocessor.cc:67] Specified options.num_threads: 50 exceeds maximum available from the threading model Ceres was compiled with: 16.  Bounding to maximum number available.
[async_slam_toolbox_node-10] [INFO] [1790233381.364869821] [slam_toolbox]: Adaptive anchor summary: latest_node=497, local_edges=519, loop_history=0, avg_effective_weight=1.574, release_regions=0
[controller_server-11] [INFO] [1790233381.822829919] [local_costmap.local_costmap]: StaticLayer: Resizing static layer to 258 X 188 at 0.100000 m/pix
[INFO] [1790233382.103271278] [nearest_euclidean_frontier]: Main /plan diagnostic: poses=152, endpoint=(5.55, -6.14), frontier=(5.55, -6.14), endpoint_to_frontier=0.000 m, limit=0.10 m -> usable
[controller_server-11] [INFO] [1790233382.177262576] [controller_server]: Passing new path to controller.
[planner_server-13] [INFO] [1790233382.456405452] [global_costmap.global_costmap]: StaticLayer: Resizing costmap to 258 X 188 at 0.100000 m/pix
[INFO] [1790233383.137079188] [nearest_euclidean_frontier]: Main /plan diagnostic: poses=139, endpoint=(5.55, -6.14), frontier=(5.55, -6.14), endpoint_to_frontier=0.000 m, limit=0.10 m -> usable
[controller_server-11] [INFO] [1790233383.177270704] [controller_server]: Passing new path to controller.
[INFO] [1790233384.163718010] [nearest_euclidean_frontier]: Main /plan diagnostic: poses=130, endpoint=(5.55, -6.14), frontier=(5.55, -6.14), endpoint_to_frontier=0.000 m, limit=0.10 m -> usable
[controller_server-11] [INFO] [1790233384.177353926] [controller_server]: Passing new path to controller.
[INFO] [1790233385.184222759] [nearest_euclidean_frontier]: Main /plan diagnostic: poses=119, endpoint=(5.55, -6.14), frontier=(5.55, -6.14), endpoint_to_frontier=0.000 m, limit=0.10 m -> usable
[controller_server-11] [INFO] [1790233385.244395645] [controller_server]: Passing new path to controller.
[rviz2-7] [INFO] [1790233385.738323953] [rviz2]: Trying to create a map of size 258 x 190 using 1 swatches
[controller_server-11] [INFO] [1790233385.822906455] [local_costmap.local_costmap]: StaticLayer: Resizing static layer to 258 X 190 at 0.100000 m/pix
[INFO] [1790233386.189812146] [nearest_euclidean_frontier]: Main /plan diagnostic: poses=111, endpoint=(5.55, -6.14), frontier=(5.55, -6.14), endpoint_to_frontier=0.000 m, limit=0.10 m -> usable
[controller_server-11] [INFO] [1790233386.243926131] [controller_server]: Passing new path to controller.
[planner_server-13] [INFO] [1790233386.456425819] [global_costmap.global_costmap]: StaticLayer: Resizing costmap to 258 X 190 at 0.100000 m/pix
[INFO] [1790233387.222096642] [nearest_euclidean_frontier]: Main /plan diagnostic: poses=102, endpoint=(5.55, -6.14), frontier=(5.55, -6.14), endpoint_to_frontier=0.000 m, limit=0.10 m -> usable
[controller_server-11] [INFO] [1790233387.244492053] [controller_server]: Passing new path to controller.
[controller_server-11] [INFO] [1790233388.244382238] [controller_server]: Passing new path to controller.
[INFO] [1790233388.246109724] [nearest_euclidean_frontier]: Main /plan diagnostic: poses=93, endpoint=(5.55, -6.14), frontier=(5.55, -6.14), endpoint_to_frontier=0.000 m, limit=0.10 m -> usable
[rviz2-7] [INFO] [1790233388.689178052] [rviz2]: Trying to create a map of size 258 x 200 using 1 swatches
[controller_server-11] [INFO] [1790233388.822887764] [local_costmap.local_costmap]: StaticLayer: Resizing static layer to 258 X 200 at 0.100000 m/pix
[INFO] [1790233389.259272975] [nearest_euclidean_frontier]: Main /plan diagnostic: poses=82, endpoint=(5.55, -6.14), frontier=(5.55, -6.14), endpoint_to_frontier=0.000 m, limit=0.10 m -> usable
[controller_server-11] [INFO] [1790233389.310622168] [controller_server]: Passing new path to controller.
[planner_server-13] [INFO] [1790233389.456344185] [global_costmap.global_costmap]: StaticLayer: Resizing costmap to 258 X 200 at 0.100000 m/pix
[controller_server-11] [INFO] [1790233389.822903393] [local_costmap.local_costmap]: StaticLayer: Resizing static layer to 258 X 200 at 0.100000 m/pix
[controller_server-11] [INFO] [1790233390.310793598] [controller_server]: Passing new path to controller.
[INFO] [1790233390.437627308] [nearest_euclidean_frontier]: Main /plan diagnostic: poses=73, endpoint=(5.55, -6.14), frontier=(5.55, -6.14), endpoint_to_frontier=0.000 m, limit=0.10 m -> usable
[planner_server-13] [INFO] [1790233390.456352577] [global_costmap.global_costmap]: StaticLayer: Resizing costmap to 258 X 200 at 0.100000 m/pix
[controller_server-11] [INFO] [1790233390.822872447] [local_costmap.local_costmap]: StaticLayer: Resizing static layer to 258 X 200 at 0.100000 m/pix
[INFO] [1790233391.337362986] [nearest_euclidean_frontier]: Main /plan diagnostic: poses=67, endpoint=(5.55, -6.14), frontier=(5.55, -6.14), endpoint_to_frontier=0.000 m, limit=0.10 m -> usable
[controller_server-11] [INFO] [1790233391.377281621] [controller_server]: Passing new path to controller.
[planner_server-13] [INFO] [1790233391.456356861] [global_costmap.global_costmap]: StaticLayer: Resizing costmap to 258 X 200 at 0.100000 m/pix
[rviz2-7] [INFO] [1790233391.715834709] [rviz2]: Trying to create a map of size 258 x 201 using 1 swatches
[controller_server-11] [INFO] [1790233391.822903412] [local_costmap.local_costmap]: StaticLayer: Resizing static layer to 258 X 201 at 0.100000 m/pix
[INFO] [1790233392.331463682] [nearest_euclidean_frontier]: Main /plan diagnostic: poses=57, endpoint=(5.55, -6.14), frontier=(5.55, -6.14), endpoint_to_frontier=0.000 m, limit=0.10 m -> usable
[controller_server-11] [INFO] [1790233392.377275961] [controller_server]: Passing new path to controller.
[planner_server-13] [INFO] [1790233392.456344539] [global_costmap.global_costmap]: StaticLayer: Resizing costmap to 258 X 201 at 0.100000 m/pix
[INFO] [1790233393.361836134] [nearest_euclidean_frontier]: Main /plan diagnostic: poses=44, endpoint=(5.55, -6.14), frontier=(5.55, -6.14), endpoint_to_frontier=0.000 m, limit=0.10 m -> usable
[controller_server-11] [INFO] [1790233393.377528950] [controller_server]: Passing new path to controller.
[INFO] [1790233394.389886776] [nearest_euclidean_frontier]: Main /plan diagnostic: poses=34, endpoint=(5.55, -6.14), frontier=(5.55, -6.14), endpoint_to_frontier=0.000 m, limit=0.10 m -> usable
[controller_server-11] [INFO] [1790233394.443940572] [controller_server]: Passing new path to controller.
[planner_server-13] [WARN] [1790233395.417643973] [planner_server]: GridBased plugin failed to plan from (5.05, -5.20) to (5.55, -6.14): "Failed to create plan with tolerance of: 0.000000"
[planner_server-13] [WARN] [1790233395.417724741] [planner_server]: [compute_path_to_pose] [ActionServer] Aborting handle.
[controller_server-11] [INFO] [1790233395.443926144] [controller_server]: Cancellation was successful. Stopping the robot.
[controller_server-11] [INFO] [1790233395.443966261] [controller_server]: [follow_path] [ActionServer] Client requested to cancel the goal. Cancelling.
[controller_server-11] [INFO] [1790233395.444493376] [controller_server]: Optimizer reset
[behavior_server-15] [INFO] [1790233395.444670936] [behavior_server]: Running wait
[behavior_server-15] [INFO] [1790233395.744864915] [behavior_server]: wait completed successfully
[planner_server-13] [WARN] [1790233395.766177743] [planner_server]: GridBased plugin failed to plan from (5.01, -5.31) to (5.55, -6.14): "Failed to create plan with tolerance of: 0.000000"
[planner_server-13] [WARN] [1790233395.766274160] [planner_server]: [compute_path_to_pose] [ActionServer] Aborting handle.
[bt_navigator-16] [WARN] [1790233395.792759158] [bt_navigator]: [navigate_to_pose] [ActionServer] Aborting handle.
[bt_navigator-16] [ERROR] [1790233395.793000460] [bt_navigator]: Goal failed
[WARN] [1790233395.797140017] [nearest_euclidean_frontier]: Main goal failed (status=6, error_code=208)
[WARN] [1790233395.797852935] [nearest_euclidean_frontier]: Main frontier abandoned after NO_VALID_PATH (208): x=5.55, y=-6.14; candidates within 0.10 m are skipped during normal selection but will be checked again by terminal planner revalidation.
[INFO] [1790233396.628661731] [nearest_euclidean_frontier]: Selected nearest frontier: x=6.05, y=-6.41, distance=1.50 m, region=18 cells, near_fallback=False
[bt_navigator-16] [INFO] [1790233396.632222383] [bt_navigator]: Begin navigating from current location (5.00, -5.33) to (6.05, -6.41)
[controller_server-11] [INFO] [1790233396.653014829] [controller_server]: Received a goal, begin computing control effort.
[INFO] [1790233397.234617102] [nearest_euclidean_frontier]: Main goal accepted
[INFO] [1790233397.367116108] [nearest_euclidean_frontier]: Main /plan diagnostic: poses=46, endpoint=(6.05, -6.41), frontier=(6.05, -6.41), endpoint_to_frontier=0.000 m, limit=0.10 m -> usable
[INFO] [1790233397.670061546] [nearest_euclidean_frontier]: Main /plan diagnostic: poses=36, endpoint=(6.05, -6.41), frontier=(6.05, -6.41), endpoint_to_frontier=0.000 m, limit=0.10 m -> usable
[controller_server-11] [INFO] [1790233397.719899204] [controller_server]: Passing new path to controller.
[INFO] [1790233398.698402222] [nearest_euclidean_frontier]: Main /plan diagnostic: poses=28, endpoint=(6.05, -6.41), frontier=(6.05, -6.41), endpoint_to_frontier=0.000 m, limit=0.10 m -> usable
[controller_server-11] [INFO] [1790233398.719844585] [controller_server]: Passing new path to controller.
[INFO] [1790233399.718655931] [nearest_euclidean_frontier]: Main /plan diagnostic: poses=25, endpoint=(6.05, -6.41), frontier=(6.05, -6.41), endpoint_to_frontier=0.000 m, limit=0.10 m -> usable
[controller_server-11] [INFO] [1790233399.786510926] [controller_server]: Passing new path to controller.
[INFO] [1790233400.749780936] [nearest_euclidean_frontier]: Main /plan diagnostic: poses=17, endpoint=(6.05, -6.41), frontier=(6.05, -6.41), endpoint_to_frontier=0.000 m, limit=0.10 m -> usable
[controller_server-11] [INFO] [1790233400.786599970] [controller_server]: Passing new path to controller.
[INFO] [1790233401.780668938] [nearest_euclidean_frontier]: Main /plan diagnostic: poses=13, endpoint=(6.05, -6.41), frontier=(6.05, -6.41), endpoint_to_frontier=0.000 m, limit=0.10 m -> usable
[controller_server-11] [INFO] [1790233401.853171935] [controller_server]: Passing new path to controller.
[controller_server-11] [INFO] [1790233402.455625684] [controller_server]: Reached the goal!
[controller_server-11] [INFO] [1790233402.456039138] [controller_server]: Optimizer reset
[bt_navigator-16] [INFO] [1790233402.482543735] [bt_navigator]: Goal succeeded
[INFO] [1790233402.490352980] [nearest_euclidean_frontier]: Goal reached
[INFO] [1790233403.655145311] [nearest_euclidean_frontier]: Selected nearest frontier: x=5.65, y=-7.91, distance=1.36 m, region=19 cells, near_fallback=False
[bt_navigator-16] [INFO] [1790233403.657486247] [bt_navigator]: Begin navigating from current location (5.72, -6.55) to (5.65, -7.91)
[controller_server-11] [INFO] [1790233403.678137006] [controller_server]: Received a goal, begin computing control effort.
[INFO] [1790233404.254906066] [nearest_euclidean_frontier]: Main goal accepted
[INFO] [1790233404.374775220] [nearest_euclidean_frontier]: Main /plan diagnostic: poses=54, endpoint=(5.65, -7.91), frontier=(5.65, -7.91), endpoint_to_frontier=0.000 m, limit=0.10 m -> usable
[INFO] [1790233404.693709641] [nearest_euclidean_frontier]: Main /plan diagnostic: poses=53, endpoint=(5.65, -7.91), frontier=(5.65, -7.91), endpoint_to_frontier=0.000 m, limit=0.10 m -> usable
[controller_server-11] [INFO] [1790233404.744963569] [controller_server]: Passing new path to controller.
[INFO] [1790233405.721888039] [nearest_euclidean_frontier]: Main /plan diagnostic: poses=49, endpoint=(5.65, -7.91), frontier=(5.65, -7.91), endpoint_to_frontier=0.000 m, limit=0.10 m -> usable
[controller_server-11] [INFO] [1790233405.745013021] [controller_server]: Passing new path to controller.
[INFO] [1790233406.727376046] [nearest_euclidean_frontier]: Main /plan diagnostic: poses=40, endpoint=(5.65, -7.91), frontier=(5.65, -7.91), endpoint_to_frontier=0.000 m, limit=0.10 m -> usable
[controller_server-11] [INFO] [1790233406.744955346] [controller_server]: Passing new path to controller.
[INFO] [1790233407.756153093] [nearest_euclidean_frontier]: Main /plan diagnostic: poses=39, endpoint=(5.65, -7.91), frontier=(5.65, -7.91), endpoint_to_frontier=0.000 m, limit=0.10 m -> usable
[controller_server-11] [INFO] [1790233407.811834531] [controller_server]: Passing new path to controller.
[INFO] [1790233408.765421168] [nearest_euclidean_frontier]: Main /plan diagnostic: poses=39, endpoint=(5.65, -7.91), frontier=(5.65, -7.91), endpoint_to_frontier=0.000 m, limit=0.10 m -> usable
[controller_server-11] [INFO] [1790233408.811623821] [controller_server]: Passing new path to controller.
[INFO] [1790233409.802131523] [nearest_euclidean_frontier]: Main /plan diagnostic: poses=39, endpoint=(5.65, -7.91), frontier=(5.65, -7.91), endpoint_to_frontier=0.000 m, limit=0.10 m -> usable
[controller_server-11] [INFO] [1790233409.811626314] [controller_server]: Passing new path to controller.
[INFO] [1790233410.823281599] [nearest_euclidean_frontier]: Main /plan diagnostic: poses=35, endpoint=(5.65, -7.91), frontier=(5.65, -7.91), endpoint_to_frontier=0.000 m, limit=0.10 m -> usable
[controller_server-11] [INFO] [1790233410.878300417] [controller_server]: Passing new path to controller.
[INFO] [1790233411.848885578] [nearest_euclidean_frontier]: Main /plan diagnostic: poses=28, endpoint=(5.65, -7.91), frontier=(5.65, -7.91), endpoint_to_frontier=0.000 m, limit=0.10 m -> usable
[controller_server-11] [INFO] [1790233411.878306449] [controller_server]: Passing new path to controller.
[INFO] [1790233412.871830695] [nearest_euclidean_frontier]: Main /plan diagnostic: poses=18, endpoint=(5.65, -7.91), frontier=(5.65, -7.91), endpoint_to_frontier=0.000 m, limit=0.10 m -> usable
[controller_server-11] [INFO] [1790233412.944960932] [controller_server]: Passing new path to controller.
[INFO] [1790233413.892189947] [nearest_euclidean_frontier]: Main /plan diagnostic: poses=13, endpoint=(5.65, -7.91), frontier=(5.65, -7.91), endpoint_to_frontier=0.000 m, limit=0.10 m -> usable
[controller_server-11] [INFO] [1790233413.945019145] [controller_server]: Passing new path to controller.
[INFO] [1790233414.918933224] [nearest_euclidean_frontier]: Main /plan diagnostic: poses=11, endpoint=(5.65, -7.91), frontier=(5.65, -7.91), endpoint_to_frontier=0.000 m, limit=0.10 m -> usable
[controller_server-11] [INFO] [1790233414.944985650] [controller_server]: Passing new path to controller.
[controller_server-11] [INFO] [1790233415.547174142] [controller_server]: Reached the goal!
[controller_server-11] [INFO] [1790233415.547578438] [controller_server]: Optimizer reset
[bt_navigator-16] [INFO] [1790233415.570133894] [bt_navigator]: Goal succeeded
[INFO] [1790233415.577114480] [nearest_euclidean_frontier]: Goal reached
[INFO] [1790233416.703193652] [nearest_euclidean_frontier]: Selected nearest frontier: x=5.85, y=-12.01, distance=4.10 m, region=18 cells, near_fallback=False
[bt_navigator-16] [INFO] [1790233416.705428581] [bt_navigator]: Begin navigating from current location (5.30, -7.95) to (5.85, -12.01)
[controller_server-11] [INFO] [1790233416.716365764] [controller_server]: Received a goal, begin computing control effort.
[INFO] [1790233417.337553110] [nearest_euclidean_frontier]: Main goal accepted
[INFO] [1790233417.401566880] [nearest_euclidean_frontier]: Main /plan diagnostic: poses=93, endpoint=(5.85, -12.01), frontier=(5.85, -12.01), endpoint_to_frontier=0.000 m, limit=0.10 m -> usable
[INFO] [1790233417.738765755] [nearest_euclidean_frontier]: Main /plan diagnostic: poses=91, endpoint=(5.85, -12.01), frontier=(5.85, -12.01), endpoint_to_frontier=0.000 m, limit=0.10 m -> usable
[controller_server-11] [INFO] [1790233417.783277843] [controller_server]: Passing new path to controller.
[INFO] [1790233418.758590744] [nearest_euclidean_frontier]: Main /plan diagnostic: poses=91, endpoint=(5.85, -12.01), frontier=(5.85, -12.01), endpoint_to_frontier=0.000 m, limit=0.10 m -> usable
[controller_server-11] [INFO] [1790233418.783277805] [controller_server]: Passing new path to controller.
[INFO] [1790233419.778185203] [nearest_euclidean_frontier]: Main /plan diagnostic: poses=86, endpoint=(5.85, -12.01), frontier=(5.85, -12.01), endpoint_to_frontier=0.000 m, limit=0.10 m -> usable
[controller_server-11] [INFO] [1790233419.849990633] [controller_server]: Passing new path to controller.
[INFO] [1790233420.805529760] [nearest_euclidean_frontier]: Main /plan diagnostic: poses=80, endpoint=(5.85, -12.01), frontier=(5.85, -12.01), endpoint_to_frontier=0.000 m, limit=0.10 m -> usable
[controller_server-11] [INFO] [1790233420.849954813] [controller_server]: Passing new path to controller.
[INFO] [1790233421.839760025] [nearest_euclidean_frontier]: Main /plan diagnostic: poses=71, endpoint=(5.85, -12.01), frontier=(5.85, -12.01), endpoint_to_frontier=0.000 m, limit=0.10 m -> usable
[controller_server-11] [INFO] [1790233421.849945912] [controller_server]: Passing new path to controller.
[INFO] [1790233422.855495490] [nearest_euclidean_frontier]: Main /plan diagnostic: poses=60, endpoint=(5.85, -12.01), frontier=(5.85, -12.01), endpoint_to_frontier=0.000 m, limit=0.10 m -> usable
[controller_server-11] [INFO] [1790233422.916612529] [controller_server]: Passing new path to controller.
[INFO] [1790233423.883468341] [nearest_euclidean_frontier]: Main /plan diagnostic: poses=51, endpoint=(5.85, -12.01), frontier=(5.85, -12.01), endpoint_to_frontier=0.000 m, limit=0.10 m -> usable
[controller_server-11] [INFO] [1790233423.916614170] [controller_server]: Passing new path to controller.
[INFO] [1790233424.902973677] [nearest_euclidean_frontier]: Main /plan diagnostic: poses=43, endpoint=(5.85, -12.01), frontier=(5.85, -12.01), endpoint_to_frontier=0.000 m, limit=0.10 m -> usable
[controller_server-11] [INFO] [1790233424.916601981] [controller_server]: Passing new path to controller.
[INFO] [1790233425.931599617] [nearest_euclidean_frontier]: Main /plan diagnostic: poses=32, endpoint=(5.85, -12.01), frontier=(5.85, -12.01), endpoint_to_frontier=0.000 m, limit=0.10 m -> usable
[controller_server-11] [INFO] [1790233425.983281751] [controller_server]: Passing new path to controller.
[rviz2-7] [INFO] [1790233426.716675575] [rviz2]: Trying to create a map of size 259 x 201 using 1 swatches
[controller_server-11] [INFO] [1790233426.822920967] [local_costmap.local_costmap]: StaticLayer: Resizing static layer to 259 X 201 at 0.100000 m/pix
[INFO] [1790233426.963048166] [nearest_euclidean_frontier]: Main /plan diagnostic: poses=22, endpoint=(5.85, -12.01), frontier=(5.85, -12.01), endpoint_to_frontier=0.000 m, limit=0.10 m -> usable
[controller_server-11] [INFO] [1790233426.983435587] [controller_server]: Passing new path to controller.
[planner_server-13] [INFO] [1790233427.456354528] [global_costmap.global_costmap]: StaticLayer: Resizing costmap to 259 X 201 at 0.100000 m/pix
[INFO] [1790233427.982104213] [nearest_euclidean_frontier]: Main /plan diagnostic: poses=16, endpoint=(5.85, -12.01), frontier=(5.85, -12.01), endpoint_to_frontier=0.000 m, limit=0.10 m -> usable
[controller_server-11] [INFO] [1790233428.049979986] [controller_server]: Passing new path to controller.
[INFO] [1790233429.002844345] [nearest_euclidean_frontier]: Main /plan diagnostic: poses=11, endpoint=(5.85, -12.01), frontier=(5.85, -12.01), endpoint_to_frontier=0.000 m, limit=0.10 m -> usable
[controller_server-11] [INFO] [1790233429.049955542] [controller_server]: Passing new path to controller.
[controller_server-11] [INFO] [1790233429.851894325] [controller_server]: Reached the goal!
[controller_server-11] [INFO] [1790233429.852052239] [controller_server]: Optimizer reset
[bt_navigator-16] [INFO] [1790233429.876176478] [bt_navigator]: Goal succeeded
[INFO] [1790233429.879957727] [nearest_euclidean_frontier]: Goal reached
[INFO] [1790233430.708562894] [nearest_euclidean_frontier]: Selected nearest frontier: x=7.35, y=-10.01, distance=2.72 m, region=57 cells, near_fallback=False
[bt_navigator-16] [INFO] [1790233430.710130049] [bt_navigator]: Begin navigating from current location (5.50, -12.00) to (7.35, -10.01)
[controller_server-11] [INFO] [1790233430.731138883] [controller_server]: Received a goal, begin computing control effort.
[INFO] [1790233431.340118547] [nearest_euclidean_frontier]: Main goal accepted
[INFO] [1790233431.403170901] [nearest_euclidean_frontier]: Main /plan diagnostic: poses=70, endpoint=(7.35, -10.01), frontier=(7.35, -10.01), endpoint_to_frontier=0.000 m, limit=0.10 m -> usable
[INFO] [1790233431.740117484] [nearest_euclidean_frontier]: Main /plan diagnostic: poses=64, endpoint=(7.35, -10.01), frontier=(7.35, -10.01), endpoint_to_frontier=0.000 m, limit=0.10 m -> usable
[controller_server-11] [INFO] [1790233431.797983971] [controller_server]: Passing new path to controller.
[INFO] [1790233432.750347758] [nearest_euclidean_frontier]: Main /plan diagnostic: poses=49, endpoint=(7.35, -10.01), frontier=(7.35, -10.01), endpoint_to_frontier=0.000 m, limit=0.10 m -> usable
[controller_server-11] [INFO] [1790233432.797978491] [controller_server]: Passing new path to controller.
[INFO] [1790233433.779826783] [nearest_euclidean_frontier]: Main /plan diagnostic: poses=40, endpoint=(7.35, -10.01), frontier=(7.35, -10.01), endpoint_to_frontier=0.000 m, limit=0.10 m -> usable
[controller_server-11] [INFO] [1790233433.797961116] [controller_server]: Passing new path to controller.
[INFO] [1790233434.799968290] [nearest_euclidean_frontier]: Main /plan diagnostic: poses=29, endpoint=(7.35, -10.01), frontier=(7.35, -10.01), endpoint_to_frontier=0.000 m, limit=0.10 m -> usable
[controller_server-11] [INFO] [1790233434.864638270] [controller_server]: Passing new path to controller.
[INFO] [1790233435.831158885] [nearest_euclidean_frontier]: Main /plan diagnostic: poses=21, endpoint=(7.35, -10.01), frontier=(7.35, -10.01), endpoint_to_frontier=0.000 m, limit=0.10 m -> usable
[controller_server-11] [INFO] [1790233435.864668491] [controller_server]: Passing new path to controller.
[rviz2-7] [INFO] [1790233436.718191473] [rviz2]: Trying to create a map of size 260 x 201 using 1 swatches
[controller_server-11] [INFO] [1790233436.823031228] [local_costmap.local_costmap]: StaticLayer: Resizing static layer to 260 X 201 at 0.100000 m/pix
[INFO] [1790233436.865782824] [nearest_euclidean_frontier]: Main /plan diagnostic: poses=13, endpoint=(7.35, -10.01), frontier=(7.35, -10.01), endpoint_to_frontier=0.000 m, limit=0.10 m -> usable
[controller_server-11] [INFO] [1790233436.931296288] [controller_server]: Passing new path to controller.
[planner_server-13] [INFO] [1790233437.456386868] [global_costmap.global_costmap]: StaticLayer: Resizing costmap to 260 X 201 at 0.100000 m/pix
[INFO] [1790233437.880212012] [nearest_euclidean_frontier]: Main /plan diagnostic: poses=8, endpoint=(7.35, -10.01), frontier=(7.35, -10.01), endpoint_to_frontier=0.000 m, limit=0.10 m -> usable
[controller_server-11] [INFO] [1790233437.931289256] [controller_server]: Passing new path to controller.
[controller_server-11] [INFO] [1790233437.933603124] [controller_server]: Reached the goal!
[controller_server-11] [INFO] [1790233437.933992909] [controller_server]: Optimizer reset
[bt_navigator-16] [INFO] [1790233437.970552160] [bt_navigator]: Goal succeeded
[INFO] [1790233437.976845976] [nearest_euclidean_frontier]: Goal reached
[INFO] [1790233438.710379605] [nearest_euclidean_frontier]: Selected nearest frontier: x=8.75, y=-10.21, distance=1.55 m, region=12 cells, near_fallback=False
[bt_navigator-16] [INFO] [1790233438.711874016] [bt_navigator]: Begin navigating from current location (7.21, -10.29) to (8.75, -10.21)
[controller_server-11] [INFO] [1790233438.735117752] [controller_server]: Received a goal, begin computing control effort.
[INFO] [1790233439.365574305] [nearest_euclidean_frontier]: Main goal accepted
[INFO] [1790233439.431849558] [nearest_euclidean_frontier]: Main /plan diagnostic: poses=59, endpoint=(8.75, -10.21), frontier=(8.75, -10.21), endpoint_to_frontier=0.000 m, limit=0.10 m -> usable
[INFO] [1790233439.752470105] [nearest_euclidean_frontier]: Main /plan diagnostic: poses=55, endpoint=(8.75, -10.21), frontier=(8.75, -10.21), endpoint_to_frontier=0.000 m, limit=0.10 m -> usable
[controller_server-11] [INFO] [1790233439.802004135] [controller_server]: Passing new path to controller.
[INFO] [1790233440.759088074] [nearest_euclidean_frontier]: Main /plan diagnostic: poses=55, endpoint=(8.75, -10.21), frontier=(8.75, -10.21), endpoint_to_frontier=0.000 m, limit=0.10 m -> usable
[controller_server-11] [INFO] [1790233440.802064363] [controller_server]: Passing new path to controller.
[INFO] [1790233441.794929284] [nearest_euclidean_frontier]: Main /plan diagnostic: poses=54, endpoint=(8.75, -10.21), frontier=(8.75, -10.21), endpoint_to_frontier=0.000 m, limit=0.10 m -> usable
[controller_server-11] [INFO] [1790233441.868799022] [controller_server]: Passing new path to controller.
[INFO] [1790233442.820248228] [nearest_euclidean_frontier]: Main /plan diagnostic: poses=49, endpoint=(8.75, -10.21), frontier=(8.75, -10.21), endpoint_to_frontier=0.000 m, limit=0.10 m -> usable
[controller_server-11] [INFO] [1790233442.868703408] [controller_server]: Passing new path to controller.
[INFO] [1790233443.828104113] [nearest_euclidean_frontier]: Main /plan diagnostic: poses=36, endpoint=(8.75, -10.21), frontier=(8.75, -10.21), endpoint_to_frontier=0.000 m, limit=0.10 m -> usable
[controller_server-11] [INFO] [1790233443.868706351] [controller_server]: Passing new path to controller.
[INFO] [1790233444.858463559] [nearest_euclidean_frontier]: Main /plan diagnostic: poses=26, endpoint=(8.75, -10.21), frontier=(8.75, -10.21), endpoint_to_frontier=0.000 m, limit=0.10 m -> usable
[controller_server-11] [INFO] [1790233444.935574986] [controller_server]: Passing new path to controller.
[controller_server-11] [INFO] [1790233445.822909403] [local_costmap.local_costmap]: StaticLayer: Resizing static layer to 260 X 201 at 0.100000 m/pix
[INFO] [1790233445.880119034] [nearest_euclidean_frontier]: Main /plan diagnostic: poses=20, endpoint=(8.75, -10.21), frontier=(8.75, -10.21), endpoint_to_frontier=0.000 m, limit=0.10 m -> usable
[controller_server-11] [INFO] [1790233445.935335360] [controller_server]: Passing new path to controller.
[planner_server-13] [INFO] [1790233446.456410456] [global_costmap.global_costmap]: StaticLayer: Resizing costmap to 260 X 201 at 0.100000 m/pix
[INFO] [1790233446.906899772] [nearest_euclidean_frontier]: Main /plan diagnostic: poses=13, endpoint=(8.75, -10.21), frontier=(8.75, -10.21), endpoint_to_frontier=0.000 m, limit=0.10 m -> usable
[controller_server-11] [INFO] [1790233446.935334295] [controller_server]: Passing new path to controller.
[controller_server-11] [INFO] [1790233447.822880151] [local_costmap.local_costmap]: StaticLayer: Resizing static layer to 260 X 201 at 0.100000 m/pix
[INFO] [1790233447.935432470] [nearest_euclidean_frontier]: Main /plan diagnostic: poses=9, endpoint=(8.75, -10.21), frontier=(8.75, -10.21), endpoint_to_frontier=0.000 m, limit=0.10 m -> usable
[controller_server-11] [INFO] [1790233448.002005432] [controller_server]: Passing new path to controller.
[controller_server-11] [INFO] [1790233448.338788189] [controller_server]: Reached the goal!
[controller_server-11] [INFO] [1790233448.339323414] [controller_server]: Optimizer reset
[bt_navigator-16] [INFO] [1790233448.362206470] [bt_navigator]: Goal succeeded
[INFO] [1790233448.366010068] [nearest_euclidean_frontier]: Goal reached
[planner_server-13] [INFO] [1790233448.456412898] [global_costmap.global_costmap]: StaticLayer: Resizing costmap to 260 X 201 at 0.100000 m/pix
[INFO] [1790233449.740080478] [nearest_euclidean_frontier]: Selected nearest frontier: x=10.55, y=-8.52, distance=2.64 m, region=84 cells, near_fallback=False
[bt_navigator-16] [INFO] [1790233449.741645308] [bt_navigator]: Begin navigating from current location (8.84, -10.54) to (10.55, -8.52)
[controller_server-11] [INFO] [1790233449.764164737] [controller_server]: Received a goal, begin computing control effort.
[INFO] [1790233450.420721349] [nearest_euclidean_frontier]: Main goal accepted
[INFO] [1790233450.485790026] [nearest_euclidean_frontier]: Main /plan diagnostic: poses=116, endpoint=(10.55, -8.52), frontier=(10.55, -8.52), endpoint_to_frontier=0.000 m, limit=0.10 m -> usable
[INFO] [1790233450.790231243] [nearest_euclidean_frontier]: Main /plan diagnostic: poses=112, endpoint=(10.55, -8.52), frontier=(10.55, -8.52), endpoint_to_frontier=0.000 m, limit=0.10 m -> usable
[controller_server-11] [INFO] [1790233450.831324654] [controller_server]: Passing new path to controller.
[INFO] [1790233451.817699203] [nearest_euclidean_frontier]: Main /plan diagnostic: poses=109, endpoint=(10.55, -8.52), frontier=(10.55, -8.52), endpoint_to_frontier=0.000 m, limit=0.10 m -> usable
[controller_server-11] [INFO] [1790233451.831301869] [controller_server]: Passing new path to controller.
[INFO] [1790233452.844429659] [nearest_euclidean_frontier]: Main /plan diagnostic: poses=108, endpoint=(10.55, -8.52), frontier=(10.55, -8.52), endpoint_to_frontier=0.000 m, limit=0.10 m -> usable
[controller_server-11] [INFO] [1790233452.897983951] [controller_server]: Passing new path to controller.
[controller_server-11] [INFO] [1790233453.822869750] [local_costmap.local_costmap]: StaticLayer: Resizing static layer to 260 X 201 at 0.100000 m/pix
[INFO] [1790233453.860005413] [nearest_euclidean_frontier]: Main /plan diagnostic: poses=106, endpoint=(10.55, -8.52), frontier=(10.55, -8.52), endpoint_to_frontier=0.000 m, limit=0.10 m -> usable
[controller_server-11] [INFO] [1790233453.897962826] [controller_server]: Passing new path to controller.
[planner_server-13] [INFO] [1790233454.456490347] [global_costmap.global_costmap]: StaticLayer: Resizing costmap to 260 X 201 at 0.100000 m/pix
[INFO] [1790233454.890765059] [nearest_euclidean_frontier]: Main /plan diagnostic: poses=94, endpoint=(10.55, -8.52), frontier=(10.55, -8.52), endpoint_to_frontier=0.000 m, limit=0.10 m -> usable
[controller_server-11] [INFO] [1790233454.964635686] [controller_server]: Passing new path to controller.
[INFO] [1790233455.919799890] [nearest_euclidean_frontier]: Main /plan diagnostic: poses=81, endpoint=(10.55, -8.52), frontier=(10.55, -8.52), endpoint_to_frontier=0.000 m, limit=0.10 m -> usable
[controller_server-11] [INFO] [1790233455.964636256] [controller_server]: Passing new path to controller.
[INFO] [1790233456.953328767] [nearest_euclidean_frontier]: Main /plan diagnostic: poses=76, endpoint=(10.55, -8.52), frontier=(10.55, -8.52), endpoint_to_frontier=0.000 m, limit=0.10 m -> usable
[controller_server-11] [INFO] [1790233456.964664535] [controller_server]: Passing new path to controller.
[INFO] [1790233457.971237516] [nearest_euclidean_frontier]: Main /plan diagnostic: poses=72, endpoint=(10.55, -8.52), frontier=(10.55, -8.52), endpoint_to_frontier=0.000 m, limit=0.10 m -> usable
[controller_server-11] [INFO] [1790233458.031301429] [controller_server]: Passing new path to controller.
[INFO] [1790233459.001001106] [nearest_euclidean_frontier]: Main /plan diagnostic: poses=57, endpoint=(10.55, -8.52), frontier=(10.55, -8.52), endpoint_to_frontier=0.000 m, limit=0.10 m -> usable
[controller_server-11] [INFO] [1790233459.031354704] [controller_server]: Passing new path to controller.
[INFO] [1790233460.025714234] [nearest_euclidean_frontier]: Main /plan diagnostic: poses=49, endpoint=(10.55, -8.52), frontier=(10.55, -8.52), endpoint_to_frontier=0.000 m, limit=0.10 m -> usable
[controller_server-11] [INFO] [1790233460.098008804] [controller_server]: Passing new path to controller.
[INFO] [1790233461.046722150] [nearest_euclidean_frontier]: Main /plan diagnostic: poses=39, endpoint=(10.55, -8.52), frontier=(10.55, -8.52), endpoint_to_frontier=0.000 m, limit=0.10 m -> usable
[controller_server-11] [INFO] [1790233461.097960920] [controller_server]: Passing new path to controller.
[INFO] [1790233462.081948124] [nearest_euclidean_frontier]: Main /plan diagnostic: poses=29, endpoint=(10.55, -8.52), frontier=(10.55, -8.52), endpoint_to_frontier=0.000 m, limit=0.10 m -> usable
[controller_server-11] [INFO] [1790233462.097978715] [controller_server]: Passing new path to controller.
[INFO] [1790233463.117560529] [nearest_euclidean_frontier]: Main /plan diagnostic: poses=20, endpoint=(10.55, -8.52), frontier=(10.55, -8.52), endpoint_to_frontier=0.000 m, limit=0.10 m -> usable
[controller_server-11] [INFO] [1790233463.164639735] [controller_server]: Passing new path to controller.
[INFO] [1790233464.141744120] [nearest_euclidean_frontier]: Main /plan diagnostic: poses=14, endpoint=(10.55, -8.52), frontier=(10.55, -8.52), endpoint_to_frontier=0.000 m, limit=0.10 m -> usable
[controller_server-11] [INFO] [1790233464.164627719] [controller_server]: Passing new path to controller.
[INFO] [1790233465.176160823] [nearest_euclidean_frontier]: Main /plan diagnostic: poses=8, endpoint=(10.55, -8.52), frontier=(10.55, -8.52), endpoint_to_frontier=0.000 m, limit=0.10 m -> usable
[controller_server-11] [INFO] [1790233465.231293916] [controller_server]: Passing new path to controller.
[controller_server-11] [INFO] [1790233465.435141304] [controller_server]: Reached the goal!
[controller_server-11] [INFO] [1790233465.435388447] [controller_server]: Optimizer reset
[bt_navigator-16] [INFO] [1790233465.462109628] [bt_navigator]: Goal succeeded
[INFO] [1790233465.466232730] [nearest_euclidean_frontier]: Goal reached
[INFO] [1790233466.744623017] [nearest_euclidean_frontier]: Selected nearest frontier: x=9.05, y=-6.12, distance=3.13 m, region=28 cells, near_fallback=False
[bt_navigator-16] [INFO] [1790233466.745750144] [bt_navigator]: Begin navigating from current location (10.81, -8.71) to (9.05, -6.12)
[controller_server-11] [INFO] [1790233466.766758196] [controller_server]: Received a goal, begin computing control effort.
[INFO] [1790233467.384093973] [nearest_euclidean_frontier]: Main goal accepted
[INFO] [1790233467.605008226] [nearest_euclidean_frontier]: Main /plan diagnostic: poses=67, endpoint=(9.05, -6.12), frontier=(9.05, -6.12), endpoint_to_frontier=0.000 m, limit=0.10 m -> usable
[INFO] [1790233467.782927333] [nearest_euclidean_frontier]: Main /plan diagnostic: poses=62, endpoint=(9.05, -6.12), frontier=(9.05, -6.12), endpoint_to_frontier=0.000 m, limit=0.10 m -> usable
[controller_server-11] [INFO] [1790233467.833603213] [controller_server]: Passing new path to controller.
[INFO] [1790233468.808019044] [nearest_euclidean_frontier]: Main /plan diagnostic: poses=53, endpoint=(9.05, -6.12), frontier=(9.05, -6.12), endpoint_to_frontier=0.000 m, limit=0.10 m -> usable
[controller_server-11] [INFO] [1790233468.834430085] [controller_server]: Passing new path to controller.
[INFO] [1790233469.828726977] [nearest_euclidean_frontier]: Main /plan diagnostic: poses=43, endpoint=(9.05, -6.12), frontier=(9.05, -6.12), endpoint_to_frontier=0.000 m, limit=0.10 m -> usable
[controller_server-11] [INFO] [1790233469.900277867] [controller_server]: Passing new path to controller.
[INFO] [1790233470.842082222] [nearest_euclidean_frontier]: Main /plan diagnostic: poses=33, endpoint=(9.05, -6.12), frontier=(9.05, -6.12), endpoint_to_frontier=0.000 m, limit=0.10 m -> usable
[controller_server-11] [INFO] [1790233470.900279335] [controller_server]: Passing new path to controller.
[INFO] [1790233471.876166843] [nearest_euclidean_frontier]: Main /plan diagnostic: poses=21, endpoint=(9.05, -6.12), frontier=(9.05, -6.12), endpoint_to_frontier=0.000 m, limit=0.10 m -> usable
[controller_server-11] [INFO] [1790233471.900282774] [controller_server]: Passing new path to controller.
[INFO] [1790233472.900496648] [nearest_euclidean_frontier]: Main /plan diagnostic: poses=15, endpoint=(9.05, -6.12), frontier=(9.05, -6.12), endpoint_to_frontier=0.000 m, limit=0.10 m -> usable
[controller_server-11] [INFO] [1790233472.966954053] [controller_server]: Passing new path to controller.
[INFO] [1790233473.922984539] [nearest_euclidean_frontier]: Main /plan diagnostic: poses=9, endpoint=(9.05, -6.12), frontier=(9.05, -6.12), endpoint_to_frontier=0.000 m, limit=0.10 m -> usable
[controller_server-11] [INFO] [1790233473.966944770] [controller_server]: Passing new path to controller.
[controller_server-11] [INFO] [1790233474.502173377] [controller_server]: Reached the goal!
[controller_server-11] [INFO] [1790233474.502440510] [controller_server]: Optimizer reset
[bt_navigator-16] [INFO] [1790233474.526044163] [bt_navigator]: Goal succeeded
[INFO] [1790233474.528741678] [nearest_euclidean_frontier]: Goal reached
[INFO] [1790233475.757523569] [nearest_euclidean_frontier]: Selected nearest frontier: x=1.05, y=-8.92, distance=8.77 m, region=22 cells, near_fallback=False
[bt_navigator-16] [INFO] [1790233475.758884690] [bt_navigator]: Begin navigating from current location (9.38, -6.19) to (1.05, -8.92)
[controller_server-11] [INFO] [1790233475.780405121] [controller_server]: Received a goal, begin computing control effort.
[INFO] [1790233476.459282623] [nearest_euclidean_frontier]: Main goal accepted
[INFO] [1790233476.538464903] [nearest_euclidean_frontier]: Main /plan diagnostic: poses=364, endpoint=(1.05, -8.92), frontier=(1.05, -8.92), endpoint_to_frontier=0.000 m, limit=0.10 m -> usable
[INFO] [1790233476.809234372] [nearest_euclidean_frontier]: Main /plan diagnostic: poses=375, endpoint=(1.05, -8.92), frontier=(1.05, -8.92), endpoint_to_frontier=0.000 m, limit=0.10 m -> usable
[controller_server-11] [INFO] [1790233476.847325597] [controller_server]: Passing new path to controller.
[INFO] [1790233477.846254437] [nearest_euclidean_frontier]: Main /plan diagnostic: poses=358, endpoint=(1.05, -8.92), frontier=(1.05, -8.92), endpoint_to_frontier=0.000 m, limit=0.10 m -> usable
[controller_server-11] [INFO] [1790233477.847281181] [controller_server]: Passing new path to controller.
[INFO] [1790233478.872476064] [nearest_euclidean_frontier]: Main /plan diagnostic: poses=373, endpoint=(1.05, -8.92), frontier=(1.05, -8.92), endpoint_to_frontier=0.000 m, limit=0.10 m -> usable
[controller_server-11] [INFO] [1790233478.913958124] [controller_server]: Passing new path to controller.
[INFO] [1790233479.889899422] [nearest_euclidean_frontier]: Main /plan diagnostic: poses=367, endpoint=(1.05, -8.92), frontier=(1.05, -8.92), endpoint_to_frontier=0.000 m, limit=0.10 m -> usable
[controller_server-11] [INFO] [1790233479.913953167] [controller_server]: Passing new path to controller.
[INFO] [1790233480.920317680] [nearest_euclidean_frontier]: Main /plan diagnostic: poses=345, endpoint=(1.05, -8.92), frontier=(1.05, -8.92), endpoint_to_frontier=0.000 m, limit=0.10 m -> usable
[controller_server-11] [INFO] [1790233480.980624699] [controller_server]: Passing new path to controller.
[INFO] [1790233481.947456266] [nearest_euclidean_frontier]: Main /plan diagnostic: poses=349, endpoint=(1.05, -8.92), frontier=(1.05, -8.92), endpoint_to_frontier=0.000 m, limit=0.10 m -> usable
[controller_server-11] [INFO] [1790233481.980616811] [controller_server]: Passing new path to controller.
[INFO] [1790233482.978495678] [nearest_euclidean_frontier]: Main /plan diagnostic: poses=325, endpoint=(1.05, -8.92), frontier=(1.05, -8.92), endpoint_to_frontier=0.000 m, limit=0.10 m -> usable
[controller_server-11] [INFO] [1790233482.980661661] [controller_server]: Passing new path to controller.
[INFO] [1790233484.009348479] [nearest_euclidean_frontier]: Main /plan diagnostic: poses=316, endpoint=(1.05, -8.92), frontier=(1.05, -8.92), endpoint_to_frontier=0.000 m, limit=0.10 m -> usable
[controller_server-11] [INFO] [1790233484.047275245] [controller_server]: Passing new path to controller.
[INFO] [1790233485.022717124] [nearest_euclidean_frontier]: Main /plan diagnostic: poses=321, endpoint=(1.05, -8.92), frontier=(1.05, -8.92), endpoint_to_frontier=0.000 m, limit=0.10 m -> usable
[controller_server-11] [INFO] [1790233485.047288282] [controller_server]: Passing new path to controller.
[INFO] [1790233486.058913188] [nearest_euclidean_frontier]: Main /plan diagnostic: poses=297, endpoint=(1.05, -8.92), frontier=(1.05, -8.92), endpoint_to_frontier=0.000 m, limit=0.10 m -> usable
[controller_server-11] [INFO] [1790233486.113945692] [controller_server]: Passing new path to controller.
[INFO] [1790233487.080061249] [nearest_euclidean_frontier]: Main /plan diagnostic: poses=286, endpoint=(1.05, -8.92), frontier=(1.05, -8.92), endpoint_to_frontier=0.000 m, limit=0.10 m -> usable
[controller_server-11] [INFO] [1790233487.114296259] [controller_server]: Passing new path to controller.
[INFO] [1790233488.109283289] [nearest_euclidean_frontier]: Main /plan diagnostic: poses=277, endpoint=(1.05, -8.92), frontier=(1.05, -8.92), endpoint_to_frontier=0.000 m, limit=0.10 m -> usable
[controller_server-11] [INFO] [1790233488.113961560] [controller_server]: Passing new path to controller.
[INFO] [1790233489.137976918] [nearest_euclidean_frontier]: Main /plan diagnostic: poses=268, endpoint=(1.05, -8.92), frontier=(1.05, -8.92), endpoint_to_frontier=0.000 m, limit=0.10 m -> usable
[controller_server-11] [INFO] [1790233489.180603326] [controller_server]: Passing new path to controller.
[async_slam_toolbox_node-10] W20260924 14:04:49.386590 55763 preprocessor.cc:67] Specified options.num_threads: 50 exceeds maximum available from the threading model Ceres was compiled with: 16.  Bounding to maximum number available.
[async_slam_toolbox_node-10] [INFO] [1790233489.397275092] [slam_toolbox]: Adaptive anchor summary: latest_node=751, local_edges=785, loop_history=0, avg_effective_weight=1.380, release_regions=0
[controller_server-11] [INFO] [1790233489.822921876] [local_costmap.local_costmap]: StaticLayer: Resizing static layer to 260 X 201 at 0.100000 m/pix
[INFO] [1790233490.164301255] [nearest_euclidean_frontier]: Main /plan diagnostic: poses=258, endpoint=(1.05, -8.92), frontier=(1.05, -8.92), endpoint_to_frontier=0.000 m, limit=0.10 m -> usable
[controller_server-11] [INFO] [1790233490.180612125] [controller_server]: Passing new path to controller.
[planner_server-13] [INFO] [1790233490.456361342] [global_costmap.global_costmap]: StaticLayer: Resizing costmap to 260 X 201 at 0.100000 m/pix
[INFO] [1790233491.196377436] [nearest_euclidean_frontier]: Main /plan diagnostic: poses=246, endpoint=(1.05, -8.92), frontier=(1.05, -8.92), endpoint_to_frontier=0.000 m, limit=0.10 m -> usable
[controller_server-11] [INFO] [1790233491.247394873] [controller_server]: Passing new path to controller.
[INFO] [1790233492.205098526] [nearest_euclidean_frontier]: Main /plan diagnostic: poses=235, endpoint=(1.05, -8.92), frontier=(1.05, -8.92), endpoint_to_frontier=0.000 m, limit=0.10 m -> usable
[controller_server-11] [INFO] [1790233492.247289987] [controller_server]: Passing new path to controller.
[controller_server-11] [INFO] [1790233492.822976222] [local_costmap.local_costmap]: StaticLayer: Resizing static layer to 260 X 201 at 0.100000 m/pix
[INFO] [1790233493.237823212] [nearest_euclidean_frontier]: Main /plan diagnostic: poses=227, endpoint=(1.05, -8.92), frontier=(1.05, -8.92), endpoint_to_frontier=0.000 m, limit=0.10 m -> usable
[controller_server-11] [INFO] [1790233493.247286885] [controller_server]: Passing new path to controller.
[planner_server-13] [INFO] [1790233493.456435393] [global_costmap.global_costmap]: StaticLayer: Resizing costmap to 260 X 201 at 0.100000 m/pix
[async_slam_toolbox_node-10] W20260924 14:04:53.912441 55763 preprocessor.cc:67] Specified options.num_threads: 50 exceeds maximum available from the threading model Ceres was compiled with: 16.  Bounding to maximum number available.
[INFO] [1790233494.241951700] [nearest_euclidean_frontier]: Main /plan diagnostic: poses=220, endpoint=(1.05, -8.92), frontier=(1.05, -8.92), endpoint_to_frontier=0.000 m, limit=0.10 m -> usable
[controller_server-11] [INFO] [1790233494.314365922] [controller_server]: Passing new path to controller.
[controller_server-11] [INFO] [1790233494.822895478] [local_costmap.local_costmap]: StaticLayer: Resizing static layer to 260 X 201 at 0.100000 m/pix
[INFO] [1790233495.268999517] [nearest_euclidean_frontier]: Main /plan diagnostic: poses=210, endpoint=(1.05, -8.92), frontier=(1.05, -8.92), endpoint_to_frontier=0.000 m, limit=0.10 m -> usable
[controller_server-11] [INFO] [1790233495.313949580] [controller_server]: Passing new path to controller.
[planner_server-13] [INFO] [1790233495.456377480] [global_costmap.global_costmap]: StaticLayer: Resizing costmap to 260 X 201 at 0.100000 m/pix
[controller_server-11] [INFO] [1790233496.313975022] [controller_server]: Passing new path to controller.
[INFO] [1790233496.338820600] [nearest_euclidean_frontier]: Main /plan diagnostic: poses=201, endpoint=(1.05, -8.92), frontier=(1.05, -8.92), endpoint_to_frontier=0.000 m, limit=0.10 m -> usable
[INFO] [1790233497.352185774] [nearest_euclidean_frontier]: Main /plan diagnostic: poses=193, endpoint=(1.05, -8.92), frontier=(1.05, -8.92), endpoint_to_frontier=0.000 m, limit=0.10 m -> usable
[controller_server-11] [INFO] [1790233497.380620217] [controller_server]: Passing new path to controller.
[INFO] [1790233498.351433376] [nearest_euclidean_frontier]: Main /plan diagnostic: poses=182, endpoint=(1.05, -8.92), frontier=(1.05, -8.92), endpoint_to_frontier=0.000 m, limit=0.10 m -> usable
[controller_server-11] [INFO] [1790233498.380700439] [controller_server]: Passing new path to controller.
[INFO] [1790233499.361141821] [nearest_euclidean_frontier]: Main /plan diagnostic: poses=172, endpoint=(1.05, -8.92), frontier=(1.05, -8.92), endpoint_to_frontier=0.000 m, limit=0.10 m -> usable
[controller_server-11] [INFO] [1790233499.380610450] [controller_server]: Passing new path to controller.
[controller_server-11] [INFO] [1790233500.447290159] [controller_server]: Passing new path to controller.
[INFO] [1790233500.477596505] [nearest_euclidean_frontier]: Main /plan diagnostic: poses=163, endpoint=(1.05, -8.92), frontier=(1.05, -8.92), endpoint_to_frontier=0.000 m, limit=0.10 m -> usable
[INFO] [1790233501.416934410] [nearest_euclidean_frontier]: Main /plan diagnostic: poses=153, endpoint=(1.05, -8.92), frontier=(1.05, -8.92), endpoint_to_frontier=0.000 m, limit=0.10 m -> usable
[controller_server-11] [INFO] [1790233501.447291399] [controller_server]: Passing new path to controller.
[INFO] [1790233502.445926748] [nearest_euclidean_frontier]: Main /plan diagnostic: poses=145, endpoint=(1.05, -8.92), frontier=(1.05, -8.92), endpoint_to_frontier=0.000 m, limit=0.10 m -> usable
[controller_server-11] [INFO] [1790233502.513964656] [controller_server]: Passing new path to controller.
[INFO] [1790233503.466635605] [nearest_euclidean_frontier]: Main /plan diagnostic: poses=135, endpoint=(1.05, -8.92), frontier=(1.05, -8.92), endpoint_to_frontier=0.000 m, limit=0.10 m -> usable
[controller_server-11] [INFO] [1790233503.513945329] [controller_server]: Passing new path to controller.
[INFO] [1790233504.502265836] [nearest_euclidean_frontier]: Main /plan diagnostic: poses=124, endpoint=(1.05, -8.92), frontier=(1.05, -8.92), endpoint_to_frontier=0.000 m, limit=0.10 m -> usable
[controller_server-11] [INFO] [1790233504.513939199] [controller_server]: Passing new path to controller.
[INFO] [1790233505.521716452] [nearest_euclidean_frontier]: Main /plan diagnostic: poses=116, endpoint=(1.05, -8.92), frontier=(1.05, -8.92), endpoint_to_frontier=0.000 m, limit=0.10 m -> usable
[controller_server-11] [INFO] [1790233505.580619560] [controller_server]: Passing new path to controller.
[INFO] [1790233506.543800981] [nearest_euclidean_frontier]: Main /plan diagnostic: poses=106, endpoint=(1.05, -8.92), frontier=(1.05, -8.92), endpoint_to_frontier=0.000 m, limit=0.10 m -> usable
[controller_server-11] [INFO] [1790233506.580612655] [controller_server]: Passing new path to controller.
[INFO] [1790233507.560807831] [nearest_euclidean_frontier]: Main /plan diagnostic: poses=94, endpoint=(1.05, -8.92), frontier=(1.05, -8.92), endpoint_to_frontier=0.000 m, limit=0.10 m -> usable
[controller_server-11] [INFO] [1790233507.580670409] [controller_server]: Passing new path to controller.
[INFO] [1790233508.605340924] [nearest_euclidean_frontier]: Main /plan diagnostic: poses=84, endpoint=(1.05, -8.92), frontier=(1.05, -8.92), endpoint_to_frontier=0.000 m, limit=0.10 m -> usable
[controller_server-11] [INFO] [1790233508.647297433] [controller_server]: Passing new path to controller.
[INFO] [1790233509.623570486] [nearest_euclidean_frontier]: Main /plan diagnostic: poses=75, endpoint=(1.05, -8.92), frontier=(1.05, -8.92), endpoint_to_frontier=0.000 m, limit=0.10 m -> usable
[controller_server-11] [INFO] [1790233509.647298104] [controller_server]: Passing new path to controller.
[INFO] [1790233510.647618535] [nearest_euclidean_frontier]: Main /plan diagnostic: poses=66, endpoint=(1.05, -8.92), frontier=(1.05, -8.92), endpoint_to_frontier=0.000 m, limit=0.10 m -> usable
[controller_server-11] [INFO] [1790233510.714534428] [controller_server]: Passing new path to controller.
[INFO] [1790233511.678855100] [nearest_euclidean_frontier]: Main /plan diagnostic: poses=56, endpoint=(1.05, -8.92), frontier=(1.05, -8.92), endpoint_to_frontier=0.000 m, limit=0.10 m -> usable
[controller_server-11] [INFO] [1790233511.713958916] [controller_server]: Passing new path to controller.
[INFO] [1790233512.713090893] [nearest_euclidean_frontier]: Main /plan diagnostic: poses=46, endpoint=(1.05, -8.92), frontier=(1.05, -8.92), endpoint_to_frontier=0.000 m, limit=0.10 m -> usable
[controller_server-11] [INFO] [1790233512.780605425] [controller_server]: Passing new path to controller.
[INFO] [1790233513.723503073] [nearest_euclidean_frontier]: Main /plan diagnostic: poses=38, endpoint=(1.05, -8.92), frontier=(1.05, -8.92), endpoint_to_frontier=0.000 m, limit=0.10 m -> usable
[controller_server-11] [INFO] [1790233513.780655001] [controller_server]: Passing new path to controller.
[INFO] [1790233514.756175873] [nearest_euclidean_frontier]: Main /plan diagnostic: poses=27, endpoint=(1.05, -8.92), frontier=(1.05, -8.92), endpoint_to_frontier=0.000 m, limit=0.10 m -> usable
[controller_server-11] [INFO] [1790233514.780627730] [controller_server]: Passing new path to controller.
[INFO] [1790233515.775329974] [nearest_euclidean_frontier]: Main /plan diagnostic: poses=20, endpoint=(1.05, -8.92), frontier=(1.05, -8.92), endpoint_to_frontier=0.000 m, limit=0.10 m -> usable
[controller_server-11] [INFO] [1790233515.847287890] [controller_server]: Passing new path to controller.
[INFO] [1790233516.795567702] [nearest_euclidean_frontier]: Main /plan diagnostic: poses=14, endpoint=(1.05, -8.92), frontier=(1.05, -8.92), endpoint_to_frontier=0.000 m, limit=0.10 m -> usable
[controller_server-11] [INFO] [1790233516.847281201] [controller_server]: Passing new path to controller.
[INFO] [1790233517.823343604] [nearest_euclidean_frontier]: Main /plan diagnostic: poses=10, endpoint=(1.05, -8.92), frontier=(1.05, -8.92), endpoint_to_frontier=0.000 m, limit=0.10 m -> usable
[controller_server-11] [INFO] [1790233517.847287940] [controller_server]: Passing new path to controller.
[controller_server-11] [INFO] [1790233517.982793976] [controller_server]: Reached the goal!
[controller_server-11] [INFO] [1790233517.982999478] [controller_server]: Optimizer reset
[bt_navigator-16] [INFO] [1790233518.009280144] [bt_navigator]: Goal succeeded
[INFO] [1790233518.012209387] [nearest_euclidean_frontier]: Goal reached
[INFO] [1790233518.738028802] [nearest_euclidean_frontier]: Selected nearest frontier: x=2.35, y=-12.03, distance=3.17 m, region=12 cells, near_fallback=False
[bt_navigator-16] [INFO] [1790233518.741442088] [bt_navigator]: Begin navigating from current location (0.87, -9.20) to (2.35, -12.03)
[controller_server-11] [INFO] [1790233518.762099797] [controller_server]: Received a goal, begin computing control effort.
[INFO] [1790233519.399019391] [nearest_euclidean_frontier]: Main goal accepted
[INFO] [1790233519.461407774] [nearest_euclidean_frontier]: Main /plan diagnostic: poses=90, endpoint=(2.35, -12.03), frontier=(2.35, -12.03), endpoint_to_frontier=0.000 m, limit=0.10 m -> usable
[INFO] [1790233519.783018869] [nearest_euclidean_frontier]: Main /plan diagnostic: poses=87, endpoint=(2.35, -12.03), frontier=(2.35, -12.03), endpoint_to_frontier=0.000 m, limit=0.10 m -> usable
[controller_server-11] [INFO] [1790233519.828922662] [controller_server]: Passing new path to controller.
[INFO] [1790233520.819845901] [nearest_euclidean_frontier]: Main /plan diagnostic: poses=85, endpoint=(2.35, -12.03), frontier=(2.35, -12.03), endpoint_to_frontier=0.000 m, limit=0.10 m -> usable
[controller_server-11] [INFO] [1790233520.828890214] [controller_server]: Passing new path to controller.
[INFO] [1790233521.827851565] [nearest_euclidean_frontier]: Main /plan diagnostic: poses=86, endpoint=(2.35, -12.03), frontier=(2.35, -12.03), endpoint_to_frontier=0.000 m, limit=0.10 m -> usable
[controller_server-11] [INFO] [1790233521.895590467] [controller_server]: Passing new path to controller.
[INFO] [1790233522.850210930] [nearest_euclidean_frontier]: Main /plan diagnostic: poses=76, endpoint=(2.35, -12.03), frontier=(2.35, -12.03), endpoint_to_frontier=0.000 m, limit=0.10 m -> usable
[controller_server-11] [INFO] [1790233522.895582495] [controller_server]: Passing new path to controller.
[INFO] [1790233523.878958733] [nearest_euclidean_frontier]: Main /plan diagnostic: poses=68, endpoint=(2.35, -12.03), frontier=(2.35, -12.03), endpoint_to_frontier=0.000 m, limit=0.10 m -> usable
[controller_server-11] [INFO] [1790233523.895592285] [controller_server]: Passing new path to controller.
[INFO] [1790233524.901346829] [nearest_euclidean_frontier]: Main /plan diagnostic: poses=60, endpoint=(2.35, -12.03), frontier=(2.35, -12.03), endpoint_to_frontier=0.000 m, limit=0.10 m -> usable
[controller_server-11] [INFO] [1790233524.962269798] [controller_server]: Passing new path to controller.
[INFO] [1790233525.910938781] [nearest_euclidean_frontier]: Main /plan diagnostic: poses=50, endpoint=(2.35, -12.03), frontier=(2.35, -12.03), endpoint_to_frontier=0.000 m, limit=0.10 m -> usable
[controller_server-11] [INFO] [1790233525.962246532] [controller_server]: Passing new path to controller.
[INFO] [1790233526.947459580] [nearest_euclidean_frontier]: Main /plan diagnostic: poses=40, endpoint=(2.35, -12.03), frontier=(2.35, -12.03), endpoint_to_frontier=0.000 m, limit=0.10 m -> usable
[controller_server-11] [INFO] [1790233526.962257435] [controller_server]: Passing new path to controller.
[INFO] [1790233527.972347557] [nearest_euclidean_frontier]: Main /plan diagnostic: poses=32, endpoint=(2.35, -12.03), frontier=(2.35, -12.03), endpoint_to_frontier=0.000 m, limit=0.10 m -> usable
[controller_server-11] [INFO] [1790233528.028924430] [controller_server]: Passing new path to controller.
[planner_server-13] [WARN] [1790233528.982080045] [planner_server]: GridBased plugin failed to plan from (1.51, -12.40) to (2.35, -12.03): "Goal Coordinates of(2.347374, -12.028280) was in lethal cost"
[planner_server-13] [WARN] [1790233528.982135635] [planner_server]: [compute_path_to_pose] [ActionServer] Aborting handle.
[bt_navigator-16] [ERROR] [1790233529.022143329] [bt_navigator_navigate_to_pose_rclcpp_node]: Failed to get result for follow_path in node halt!
[behavior_server-15] [INFO] [1790233529.022946725] [behavior_server]: Running wait
[controller_server-11] [INFO] [1790233529.028921839] [controller_server]: Cancellation was successful. Stopping the robot.
[controller_server-11] [INFO] [1790233529.028973641] [controller_server]: [follow_path] [ActionServer] Client requested to cancel the goal. Cancelling.
[controller_server-11] [INFO] [1790233529.029505557] [controller_server]: Optimizer reset
[behavior_server-15] [INFO] [1790233529.323645955] [behavior_server]: wait completed successfully
[planner_server-13] [WARN] [1790233529.334592568] [planner_server]: GridBased plugin failed to plan from (1.54, -12.42) to (2.35, -12.03): "Goal Coordinates of(2.347374, -12.028280) was in lethal cost"
[planner_server-13] [WARN] [1790233529.334650954] [planner_server]: [compute_path_to_pose] [ActionServer] Aborting handle.
[bt_navigator-16] [WARN] [1790233529.364087845] [bt_navigator]: [navigate_to_pose] [ActionServer] Aborting handle.
[bt_navigator-16] [ERROR] [1790233529.364311823] [bt_navigator]: Goal failed
[WARN] [1790233529.368838968] [nearest_euclidean_frontier]: Main goal failed (status=6, error_code=206)
[WARN] [1790233529.369457807] [nearest_euclidean_frontier]: Main frontier abandoned after GOAL_OCCUPIED (206): x=2.35, y=-12.03; candidates within 0.10 m are skipped during normal selection but will be checked again by terminal planner revalidation.
[INFO] [1790233530.808997963] [nearest_euclidean_frontier]: Selected nearest frontier: x=-2.35, y=-7.63, distance=6.18 m, region=34 cells, near_fallback=False
[bt_navigator-16] [INFO] [1790233530.810670210] [bt_navigator]: Begin navigating from current location (1.55, -12.42) to (-2.35, -7.63)
[controller_server-11] [INFO] [1790233530.831531754] [controller_server]: Received a goal, begin computing control effort.
[INFO] [1790233531.519594141] [nearest_euclidean_frontier]: Main goal accepted
[INFO] [1790233531.616187930] [nearest_euclidean_frontier]: Main /plan diagnostic: poses=276, endpoint=(-2.35, -7.63), frontier=(-2.35, -7.63), endpoint_to_frontier=0.000 m, limit=0.10 m -> usable
[INFO] [1790233531.856790174] [nearest_euclidean_frontier]: Main /plan diagnostic: poses=268, endpoint=(-2.35, -7.63), frontier=(-2.35, -7.63), endpoint_to_frontier=0.000 m, limit=0.10 m -> usable
[controller_server-11] [INFO] [1790233531.898363966] [controller_server]: Passing new path to controller.
[INFO] [1790233532.889253750] [nearest_euclidean_frontier]: Main /plan diagnostic: poses=257, endpoint=(-2.35, -7.63), frontier=(-2.35, -7.63), endpoint_to_frontier=0.000 m, limit=0.10 m -> usable
[controller_server-11] [INFO] [1790233532.898371400] [controller_server]: Passing new path to controller.
[INFO] [1790233533.911697460] [nearest_euclidean_frontier]: Main /plan diagnostic: poses=250, endpoint=(-2.35, -7.63), frontier=(-2.35, -7.63), endpoint_to_frontier=0.000 m, limit=0.10 m -> usable
[controller_server-11] [INFO] [1790233533.965021422] [controller_server]: Passing new path to controller.
[INFO] [1790233534.925571716] [nearest_euclidean_frontier]: Main /plan diagnostic: poses=244, endpoint=(-2.35, -7.63), frontier=(-2.35, -7.63), endpoint_to_frontier=0.000 m, limit=0.10 m -> usable
[controller_server-11] [INFO] [1790233534.965022337] [controller_server]: Passing new path to controller.
[INFO] [1790233535.957538868] [nearest_euclidean_frontier]: Main /plan diagnostic: poses=237, endpoint=(-2.35, -7.63), frontier=(-2.35, -7.63), endpoint_to_frontier=0.000 m, limit=0.10 m -> usable
[controller_server-11] [INFO] [1790233535.965020678] [controller_server]: Passing new path to controller.
[INFO] [1790233536.991150591] [nearest_euclidean_frontier]: Main /plan diagnostic: poses=229, endpoint=(-2.35, -7.63), frontier=(-2.35, -7.63), endpoint_to_frontier=0.000 m, limit=0.10 m -> usable
[controller_server-11] [INFO] [1790233537.031684500] [controller_server]: Passing new path to controller.
[INFO] [1790233537.997453057] [nearest_euclidean_frontier]: Main /plan diagnostic: poses=226, endpoint=(-2.35, -7.63), frontier=(-2.35, -7.63), endpoint_to_frontier=0.000 m, limit=0.10 m -> usable
[controller_server-11] [INFO] [1790233538.031672415] [controller_server]: Passing new path to controller.
[INFO] [1790233539.030592695] [nearest_euclidean_frontier]: Main /plan diagnostic: poses=225, endpoint=(-2.35, -7.63), frontier=(-2.35, -7.63), endpoint_to_frontier=0.000 m, limit=0.10 m -> usable
[controller_server-11] [INFO] [1790233539.098352340] [controller_server]: Passing new path to controller.
[INFO] [1790233540.050973736] [nearest_euclidean_frontier]: Main /plan diagnostic: poses=223, endpoint=(-2.35, -7.63), frontier=(-2.35, -7.63), endpoint_to_frontier=0.000 m, limit=0.10 m -> usable
[controller_server-11] [INFO] [1790233540.098346684] [controller_server]: Passing new path to controller.
[INFO] [1790233541.062000257] [nearest_euclidean_frontier]: Main /plan diagnostic: poses=212, endpoint=(-2.35, -7.63), frontier=(-2.35, -7.63), endpoint_to_frontier=0.000 m, limit=0.10 m -> usable
[controller_server-11] [INFO] [1790233541.098343413] [controller_server]: Passing new path to controller.
[INFO] [1790233542.086852187] [nearest_euclidean_frontier]: Main /plan diagnostic: poses=203, endpoint=(-2.35, -7.63), frontier=(-2.35, -7.63), endpoint_to_frontier=0.000 m, limit=0.10 m -> usable
[controller_server-11] [INFO] [1790233542.100445626] [controller_server]: Passing new path to controller.
[INFO] [1790233543.114841842] [nearest_euclidean_frontier]: Main /plan diagnostic: poses=191, endpoint=(-2.35, -7.63), frontier=(-2.35, -7.63), endpoint_to_frontier=0.000 m, limit=0.10 m -> usable
[controller_server-11] [INFO] [1790233543.165034528] [controller_server]: Passing new path to controller.
[async_slam_toolbox_node-10] W20260924 14:05:43.733812 55763 preprocessor.cc:67] Specified options.num_threads: 50 exceeds maximum available from the threading model Ceres was compiled with: 16.  Bounding to maximum number available.
[async_slam_toolbox_node-10] [INFO] [1790233543.742248319] [slam_toolbox]: Adaptive anchor summary: latest_node=907, local_edges=947, loop_history=0, avg_effective_weight=1.315, release_regions=0
[INFO] [1790233544.145021011] [nearest_euclidean_frontier]: Main /plan diagnostic: poses=183, endpoint=(-2.35, -7.63), frontier=(-2.35, -7.63), endpoint_to_frontier=0.000 m, limit=0.10 m -> usable
[controller_server-11] [INFO] [1790233544.165024694] [controller_server]: Passing new path to controller.
[controller_server-11] [INFO] [1790233544.822880154] [local_costmap.local_costmap]: StaticLayer: Resizing static layer to 260 X 201 at 0.100000 m/pix
[INFO] [1790233545.175946570] [nearest_euclidean_frontier]: Main /plan diagnostic: poses=173, endpoint=(-2.35, -7.63), frontier=(-2.35, -7.63), endpoint_to_frontier=0.000 m, limit=0.10 m -> usable
[controller_server-11] [INFO] [1790233545.231770177] [controller_server]: Passing new path to controller.
[planner_server-13] [INFO] [1790233545.456353684] [global_costmap.global_costmap]: StaticLayer: Resizing costmap to 260 X 201 at 0.100000 m/pix
[INFO] [1790233546.191442343] [nearest_euclidean_frontier]: Main /plan diagnostic: poses=163, endpoint=(-2.35, -7.63), frontier=(-2.35, -7.63), endpoint_to_frontier=0.000 m, limit=0.10 m -> usable
[controller_server-11] [INFO] [1790233546.231696215] [controller_server]: Passing new path to controller.
[INFO] [1790233547.224874112] [nearest_euclidean_frontier]: Main /plan diagnostic: poses=154, endpoint=(-2.35, -7.63), frontier=(-2.35, -7.63), endpoint_to_frontier=0.000 m, limit=0.10 m -> usable
[controller_server-11] [INFO] [1790233547.231675665] [controller_server]: Passing new path to controller.
[INFO] [1790233548.245031389] [nearest_euclidean_frontier]: Main /plan diagnostic: poses=144, endpoint=(-2.35, -7.63), frontier=(-2.35, -7.63), endpoint_to_frontier=0.000 m, limit=0.10 m -> usable
[controller_server-11] [INFO] [1790233548.298482574] [controller_server]: Passing new path to controller.
[INFO] [1790233549.259024208] [nearest_euclidean_frontier]: Main /plan diagnostic: poses=133, endpoint=(-2.35, -7.63), frontier=(-2.35, -7.63), endpoint_to_frontier=0.000 m, limit=0.10 m -> usable
[controller_server-11] [INFO] [1790233549.298479782] [controller_server]: Passing new path to controller.
[controller_server-11] [INFO] [1790233550.298358670] [controller_server]: Passing new path to controller.
[INFO] [1790233550.345215982] [nearest_euclidean_frontier]: Main /plan diagnostic: poses=125, endpoint=(-2.35, -7.63), frontier=(-2.35, -7.63), endpoint_to_frontier=0.000 m, limit=0.10 m -> usable
[INFO] [1790233551.336528563] [nearest_euclidean_frontier]: Main /plan diagnostic: poses=114, endpoint=(-2.35, -7.63), frontier=(-2.35, -7.63), endpoint_to_frontier=0.000 m, limit=0.10 m -> usable
[controller_server-11] [INFO] [1790233551.365017084] [controller_server]: Passing new path to controller.
[INFO] [1790233552.342557639] [nearest_euclidean_frontier]: Main /plan diagnostic: poses=103, endpoint=(-2.35, -7.63), frontier=(-2.35, -7.63), endpoint_to_frontier=0.000 m, limit=0.10 m -> usable
[controller_server-11] [INFO] [1790233552.365010231] [controller_server]: Passing new path to controller.
[INFO] [1790233553.370643145] [nearest_euclidean_frontier]: Main /plan diagnostic: poses=95, endpoint=(-2.35, -7.63), frontier=(-2.35, -7.63), endpoint_to_frontier=0.000 m, limit=0.10 m -> usable
[controller_server-11] [INFO] [1790233553.431830746] [controller_server]: Passing new path to controller.
[INFO] [1790233554.389026356] [nearest_euclidean_frontier]: Main /plan diagnostic: poses=86, endpoint=(-2.35, -7.63), frontier=(-2.35, -7.63), endpoint_to_frontier=0.000 m, limit=0.10 m -> usable
[controller_server-11] [INFO] [1790233554.431674772] [controller_server]: Passing new path to controller.
[controller_server-11] [INFO] [1790233555.431760375] [controller_server]: Passing new path to controller.
[INFO] [1790233555.433780122] [nearest_euclidean_frontier]: Main /plan diagnostic: poses=75, endpoint=(-2.35, -7.63), frontier=(-2.35, -7.63), endpoint_to_frontier=0.000 m, limit=0.10 m -> usable
[INFO] [1790233556.446705084] [nearest_euclidean_frontier]: Main /plan diagnostic: poses=66, endpoint=(-2.35, -7.63), frontier=(-2.35, -7.63), endpoint_to_frontier=0.000 m, limit=0.10 m -> usable
[controller_server-11] [INFO] [1790233556.498349664] [controller_server]: Passing new path to controller.
[INFO] [1790233557.481567117] [nearest_euclidean_frontier]: Main /plan diagnostic: poses=59, endpoint=(-2.35, -7.63), frontier=(-2.35, -7.63), endpoint_to_frontier=0.000 m, limit=0.10 m -> usable
[controller_server-11] [INFO] [1790233557.498354958] [controller_server]: Passing new path to controller.
[INFO] [1790233558.509163569] [nearest_euclidean_frontier]: Main /plan diagnostic: poses=52, endpoint=(-2.35, -7.63), frontier=(-2.35, -7.63), endpoint_to_frontier=0.000 m, limit=0.10 m -> usable
[controller_server-11] [INFO] [1790233558.565036861] [controller_server]: Passing new path to controller.
[INFO] [1790233559.519178832] [nearest_euclidean_frontier]: Main /plan diagnostic: poses=47, endpoint=(-2.35, -7.63), frontier=(-2.35, -7.63), endpoint_to_frontier=0.000 m, limit=0.10 m -> usable
[controller_server-11] [INFO] [1790233559.565873218] [controller_server]: Passing new path to controller.
[controller_server-11] [INFO] [1790233559.822913269] [local_costmap.local_costmap]: StaticLayer: Resizing static layer to 260 X 201 at 0.100000 m/pix
[planner_server-13] [INFO] [1790233560.456393967] [global_costmap.global_costmap]: StaticLayer: Resizing costmap to 260 X 201 at 0.100000 m/pix
[INFO] [1790233560.546599385] [nearest_euclidean_frontier]: Main /plan diagnostic: poses=38, endpoint=(-2.35, -7.63), frontier=(-2.35, -7.63), endpoint_to_frontier=0.000 m, limit=0.10 m -> usable
[controller_server-11] [INFO] [1790233560.565051258] [controller_server]: Passing new path to controller.
[controller_server-11] [INFO] [1790233560.822958274] [local_costmap.local_costmap]: StaticLayer: Resizing static layer to 260 X 201 at 0.100000 m/pix
[planner_server-13] [INFO] [1790233561.456360355] [global_costmap.global_costmap]: StaticLayer: Resizing costmap to 260 X 201 at 0.100000 m/pix
[INFO] [1790233561.578328808] [nearest_euclidean_frontier]: Main /plan diagnostic: poses=30, endpoint=(-2.35, -7.63), frontier=(-2.35, -7.63), endpoint_to_frontier=0.000 m, limit=0.10 m -> usable
[controller_server-11] [INFO] [1790233561.631713144] [controller_server]: Passing new path to controller.
[INFO] [1790233562.599230830] [nearest_euclidean_frontier]: Main /plan diagnostic: poses=26, endpoint=(-2.35, -7.63), frontier=(-2.35, -7.63), endpoint_to_frontier=0.000 m, limit=0.10 m -> usable
[controller_server-11] [INFO] [1790233562.631704482] [controller_server]: Passing new path to controller.
[controller_server-11] [INFO] [1790233562.822869852] [local_costmap.local_costmap]: StaticLayer: Resizing static layer to 260 X 201 at 0.100000 m/pix
[planner_server-13] [INFO] [1790233563.457313638] [global_costmap.global_costmap]: StaticLayer: Resizing costmap to 260 X 201 at 0.100000 m/pix
[INFO] [1790233563.635198942] [nearest_euclidean_frontier]: Main /plan diagnostic: poses=24, endpoint=(-2.35, -7.63), frontier=(-2.35, -7.63), endpoint_to_frontier=0.000 m, limit=0.10 m -> usable
[controller_server-11] [INFO] [1790233563.698355797] [controller_server]: Passing new path to controller.
[INFO] [1790233564.645959462] [nearest_euclidean_frontier]: Main /plan diagnostic: poses=22, endpoint=(-2.35, -7.63), frontier=(-2.35, -7.63), endpoint_to_frontier=0.000 m, limit=0.10 m -> usable
[controller_server-11] [INFO] [1790233564.698358434] [controller_server]: Passing new path to controller.
[INFO] [1790233565.677673139] [nearest_euclidean_frontier]: Main /plan diagnostic: poses=20, endpoint=(-2.35, -7.63), frontier=(-2.35, -7.63), endpoint_to_frontier=0.000 m, limit=0.10 m -> usable
[controller_server-11] [INFO] [1790233565.698353722] [controller_server]: Passing new path to controller.
[INFO] [1790233566.705118255] [nearest_euclidean_frontier]: Main /plan diagnostic: poses=18, endpoint=(-2.35, -7.63), frontier=(-2.35, -7.63), endpoint_to_frontier=0.000 m, limit=0.10 m -> usable
[controller_server-11] [INFO] [1790233566.765020281] [controller_server]: Passing new path to controller.
[controller_server-11] [INFO] [1790233566.823227871] [local_costmap.local_costmap]: StaticLayer: Resizing static layer to 260 X 201 at 0.100000 m/pix
[controller_server-11] [INFO] [1790233567.167785616] [controller_server]: Reached the goal!
[controller_server-11] [INFO] [1790233567.168037224] [controller_server]: Optimizer reset
[bt_navigator-16] [INFO] [1790233567.191024809] [bt_navigator]: Goal succeeded
[INFO] [1790233567.195745918] [nearest_euclidean_frontier]: Goal reached
[planner_server-13] [INFO] [1790233567.456481544] [global_costmap.global_costmap]: StaticLayer: Resizing costmap to 260 X 201 at 0.100000 m/pix
[INFO] [1790233568.850958972] [nearest_euclidean_frontier]: Selected nearest frontier: x=-3.17, y=-7.40, distance=1.14 m, region=11 cells, near_fallback=False
[bt_navigator-16] [INFO] [1790233568.852709831] [bt_navigator]: Begin navigating from current location (-2.03, -7.47) to (-3.17, -7.40)
[planner_server-13] [WARN] [1790233568.855389528] [planner_server]: GridBased plugin failed to plan from (-2.03, -7.47) to (-3.17, -7.40): "Failed to create plan with tolerance of: 0.000000"
[planner_server-13] [WARN] [1790233568.855460954] [planner_server]: [compute_path_to_pose] [ActionServer] Aborting handle.
[behavior_server-15] [INFO] [1790233568.873440956] [behavior_server]: Running wait
[behavior_server-15] [INFO] [1790233569.173701478] [behavior_server]: wait completed successfully
[planner_server-13] [WARN] [1790233569.195967679] [planner_server]: GridBased plugin failed to plan from (-2.03, -7.47) to (-3.17, -7.40): "Failed to create plan with tolerance of: 0.000000"
[planner_server-13] [WARN] [1790233569.196073057] [planner_server]: [compute_path_to_pose] [ActionServer] Aborting handle.
[bt_navigator-16] [WARN] [1790233569.222904537] [bt_navigator]: [navigate_to_pose] [ActionServer] Aborting handle.
[bt_navigator-16] [ERROR] [1790233569.223065364] [bt_navigator]: Goal failed
[INFO] [1790233569.581330568] [nearest_euclidean_frontier]: Main goal accepted
[WARN] [1790233569.653568840] [nearest_euclidean_frontier]: Main goal failed (status=6, error_code=208)
[WARN] [1790233569.662072789] [nearest_euclidean_frontier]: Main frontier abandoned after NO_VALID_PATH (208): x=-3.17, y=-7.40; candidates within 0.10 m are skipped during normal selection but will be checked again by terminal planner revalidation.
[INFO] [1790233570.795400315] [nearest_euclidean_frontier]: Selected nearest frontier: x=-5.77, y=-7.30, distance=3.74 m, region=12 cells, near_fallback=False
[bt_navigator-16] [INFO] [1790233570.797672507] [bt_navigator]: Begin navigating from current location (-2.03, -7.47) to (-5.77, -7.30)
[controller_server-11] [INFO] [1790233570.818481159] [controller_server]: Received a goal, begin computing control effort.
[INFO] [1790233571.503676117] [nearest_euclidean_frontier]: Main goal accepted
[INFO] [1790233571.561023882] [nearest_euclidean_frontier]: Main /plan diagnostic: poses=103, endpoint=(-5.77, -7.30), frontier=(-5.77, -7.30), endpoint_to_frontier=0.000 m, limit=0.10 m -> usable
[INFO] [1790233571.825985445] [nearest_euclidean_frontier]: Main /plan diagnostic: poses=97, endpoint=(-5.77, -7.30), frontier=(-5.77, -7.30), endpoint_to_frontier=0.000 m, limit=0.10 m -> usable
[controller_server-11] [INFO] [1790233571.885808624] [controller_server]: Passing new path to controller.
[controller_server-11] [INFO] [1790233572.822876354] [local_costmap.local_costmap]: StaticLayer: Resizing static layer to 260 X 201 at 0.100000 m/pix
[INFO] [1790233572.844068128] [nearest_euclidean_frontier]: Main /plan diagnostic: poses=91, endpoint=(-5.77, -7.30), frontier=(-5.77, -7.30), endpoint_to_frontier=0.000 m, limit=0.10 m -> usable
[controller_server-11] [INFO] [1790233572.885835434] [controller_server]: Passing new path to controller.
[planner_server-13] [INFO] [1790233573.456383691] [global_costmap.global_costmap]: StaticLayer: Resizing costmap to 260 X 201 at 0.100000 m/pix
[INFO] [1790233573.876952608] [nearest_euclidean_frontier]: Main /plan diagnostic: poses=91, endpoint=(-5.77, -7.30), frontier=(-5.77, -7.30), endpoint_to_frontier=0.000 m, limit=0.10 m -> usable
[controller_server-11] [INFO] [1790233573.952508878] [controller_server]: Passing new path to controller.
[INFO] [1790233574.904985798] [nearest_euclidean_frontier]: Main /plan diagnostic: poses=91, endpoint=(-5.77, -7.30), frontier=(-5.77, -7.30), endpoint_to_frontier=0.000 m, limit=0.10 m -> usable
[controller_server-11] [INFO] [1790233574.952489419] [controller_server]: Passing new path to controller.
[INFO] [1790233575.927813965] [nearest_euclidean_frontier]: Main /plan diagnostic: poses=83, endpoint=(-5.77, -7.30), frontier=(-5.77, -7.30), endpoint_to_frontier=0.000 m, limit=0.10 m -> usable
[controller_server-11] [INFO] [1790233575.952508196] [controller_server]: Passing new path to controller.
[INFO] [1790233576.962773546] [nearest_euclidean_frontier]: Main /plan diagnostic: poses=71, endpoint=(-5.77, -7.30), frontier=(-5.77, -7.30), endpoint_to_frontier=0.000 m, limit=0.10 m -> usable
[controller_server-11] [INFO] [1790233577.019146214] [controller_server]: Passing new path to controller.
[INFO] [1790233577.976548390] [nearest_euclidean_frontier]: Main /plan diagnostic: poses=62, endpoint=(-5.77, -7.30), frontier=(-5.77, -7.30), endpoint_to_frontier=0.000 m, limit=0.10 m -> usable
[controller_server-11] [INFO] [1790233578.019141133] [controller_server]: Passing new path to controller.
[INFO] [1790233579.008321557] [nearest_euclidean_frontier]: Main /plan diagnostic: poses=56, endpoint=(-5.77, -7.30), frontier=(-5.77, -7.30), endpoint_to_frontier=0.000 m, limit=0.10 m -> usable
[controller_server-11] [INFO] [1790233579.019142701] [controller_server]: Passing new path to controller.
[INFO] [1790233580.041078467] [nearest_euclidean_frontier]: Main /plan diagnostic: poses=46, endpoint=(-5.77, -7.30), frontier=(-5.77, -7.30), endpoint_to_frontier=0.000 m, limit=0.10 m -> usable
[controller_server-11] [INFO] [1790233580.085818340] [controller_server]: Passing new path to controller.
[INFO] [1790233581.064137565] [nearest_euclidean_frontier]: Main /plan diagnostic: poses=41, endpoint=(-5.77, -7.30), frontier=(-5.77, -7.30), endpoint_to_frontier=0.000 m, limit=0.10 m -> usable
[controller_server-11] [INFO] [1790233581.085809255] [controller_server]: Passing new path to controller.
[INFO] [1790233582.101332910] [nearest_euclidean_frontier]: Main /plan diagnostic: poses=31, endpoint=(-5.77, -7.30), frontier=(-5.77, -7.30), endpoint_to_frontier=0.000 m, limit=0.10 m -> usable
[controller_server-11] [INFO] [1790233582.153301868] [controller_server]: Passing new path to controller.
[INFO] [1790233583.107789399] [nearest_euclidean_frontier]: Main /plan diagnostic: poses=23, endpoint=(-5.77, -7.30), frontier=(-5.77, -7.30), endpoint_to_frontier=0.000 m, limit=0.10 m -> usable
[controller_server-11] [INFO] [1790233583.152499494] [controller_server]: Passing new path to controller.
[INFO] [1790233584.123630278] [nearest_euclidean_frontier]: Main /plan diagnostic: poses=17, endpoint=(-5.77, -7.30), frontier=(-5.77, -7.30), endpoint_to_frontier=0.000 m, limit=0.10 m -> usable
[controller_server-11] [INFO] [1790233584.152479564] [controller_server]: Passing new path to controller.
[INFO] [1790233585.143631195] [nearest_euclidean_frontier]: Main /plan diagnostic: poses=11, endpoint=(-5.77, -7.30), frontier=(-5.77, -7.30), endpoint_to_frontier=0.000 m, limit=0.10 m -> usable
[controller_server-11] [INFO] [1790233585.219143346] [controller_server]: Passing new path to controller.
[INFO] [1790233586.174177124] [nearest_euclidean_frontier]: Main /plan diagnostic: poses=11, endpoint=(-5.77, -7.30), frontier=(-5.77, -7.30), endpoint_to_frontier=0.000 m, limit=0.10 m -> usable
[controller_server-11] [INFO] [1790233586.219145959] [controller_server]: Passing new path to controller.
[controller_server-11] [INFO] [1790233586.355486204] [controller_server]: Reached the goal!
[controller_server-11] [INFO] [1790233586.356199137] [controller_server]: Optimizer reset
[bt_navigator-16] [INFO] [1790233586.379201270] [bt_navigator]: Goal succeeded
[INFO] [1790233586.383866216] [nearest_euclidean_frontier]: Goal reached
[INFO] [1790233587.968330457] [nearest_euclidean_frontier]: Selected nearest frontier: x=-7.08, y=-7.51, distance=1.40 m, region=14 cells, near_fallback=False
[bt_navigator-16] [INFO] [1790233587.973379008] [bt_navigator]: Begin navigating from current location (-5.79, -6.97) to (-7.08, -7.51)
[controller_server-11] [INFO] [1790233587.994958702] [controller_server]: Received a goal, begin computing control effort.
[INFO] [1790233588.878597215] [nearest_euclidean_frontier]: Main goal accepted
[controller_server-11] [INFO] [1790233589.061819786] [controller_server]: Passing new path to controller.
[INFO] [1790233589.074366297] [nearest_euclidean_frontier]: Main /plan diagnostic: poses=49, endpoint=(-7.08, -7.51), frontier=(-7.08, -7.51), endpoint_to_frontier=0.000 m, limit=0.10 m -> usable
[INFO] [1790233589.079469675] [nearest_euclidean_frontier]: Main /plan diagnostic: poses=40, endpoint=(-7.08, -7.51), frontier=(-7.08, -7.51), endpoint_to_frontier=0.000 m, limit=0.10 m -> usable
[INFO] [1790233590.035279493] [nearest_euclidean_frontier]: Main /plan diagnostic: poses=35, endpoint=(-7.08, -7.51), frontier=(-7.08, -7.51), endpoint_to_frontier=0.000 m, limit=0.10 m -> usable
[controller_server-11] [INFO] [1790233590.061796986] [controller_server]: Passing new path to controller.
[planner_server-13] [WARN] [1790233591.057409581] [planner_server]: GridBased plugin failed to plan from (-6.17, -7.95) to (-7.08, -7.51): "Failed to create plan with tolerance of: 0.000000"
[planner_server-13] [WARN] [1790233591.057479850] [planner_server]: [compute_path_to_pose] [ActionServer] Aborting handle.
[bt_navigator-16] [ERROR] [1790233591.094558776] [bt_navigator_navigate_to_pose_rclcpp_node]: Failed to get result for follow_path in node halt!
[behavior_server-15] [INFO] [1790233591.095045111] [behavior_server]: Running wait
[controller_server-11] [INFO] [1790233591.128458797] [controller_server]: Cancellation was successful. Stopping the robot.
[controller_server-11] [INFO] [1790233591.128505956] [controller_server]: [follow_path] [ActionServer] Client requested to cancel the goal. Cancelling.
[controller_server-11] [INFO] [1790233591.129208622] [controller_server]: Optimizer reset
[behavior_server-15] [INFO] [1790233591.395359151] [behavior_server]: wait completed successfully
[planner_server-13] [WARN] [1790233591.409874312] [planner_server]: GridBased plugin failed to plan from (-6.25, -8.00) to (-7.08, -7.51): "Failed to create plan with tolerance of: 0.000000"
[planner_server-13] [WARN] [1790233591.409962728] [planner_server]: [compute_path_to_pose] [ActionServer] Aborting handle.
[bt_navigator-16] [WARN] [1790233591.435856546] [bt_navigator]: [navigate_to_pose] [ActionServer] Aborting handle.
[bt_navigator-16] [ERROR] [1790233591.436089350] [bt_navigator]: Goal failed
[WARN] [1790233591.440965926] [nearest_euclidean_frontier]: Main goal failed (status=6, error_code=208)
[WARN] [1790233591.441487895] [nearest_euclidean_frontier]: Main frontier abandoned after NO_VALID_PATH (208): x=-7.08, y=-7.51; candidates within 0.10 m are skipped during normal selection but will be checked again by terminal planner revalidation.
[INFO] [1790233592.998930845] [nearest_euclidean_frontier]: Selected nearest frontier: x=-6.48, y=-11.11, distance=3.10 m, region=75 cells, near_fallback=False
[bt_navigator-16] [INFO] [1790233593.001238638] [bt_navigator]: Begin navigating from current location (-6.27, -8.02) to (-6.48, -11.11)
[controller_server-11] [INFO] [1790233593.022249616] [controller_server]: Received a goal, begin computing control effort.
[INFO] [1790233593.969226175] [nearest_euclidean_frontier]: Main goal accepted
[INFO] [1790233594.037394115] [nearest_euclidean_frontier]: Main /plan diagnostic: poses=68, endpoint=(-6.48, -11.11), frontier=(-6.48, -11.11), endpoint_to_frontier=0.000 m, limit=0.10 m -> usable
[INFO] [1790233594.050330172] [nearest_euclidean_frontier]: Main /plan diagnostic: poses=66, endpoint=(-6.48, -11.11), frontier=(-6.48, -11.11), endpoint_to_frontier=0.000 m, limit=0.10 m -> usable
[controller_server-11] [INFO] [1790233594.089221794] [controller_server]: Passing new path to controller.
[INFO] [1790233595.056486351] [nearest_euclidean_frontier]: Main /plan diagnostic: poses=60, endpoint=(-6.48, -11.11), frontier=(-6.48, -11.11), endpoint_to_frontier=0.000 m, limit=0.10 m -> usable
[controller_server-11] [INFO] [1790233595.089236577] [controller_server]: Passing new path to controller.
[INFO] [1790233596.089779562] [nearest_euclidean_frontier]: Main /plan diagnostic: poses=61, endpoint=(-6.48, -11.11), frontier=(-6.48, -11.11), endpoint_to_frontier=0.000 m, limit=0.10 m -> usable
[controller_server-11] [INFO] [1790233596.155783681] [controller_server]: Passing new path to controller.
[planner_server-13] [WARN] [1790233597.105079544] [planner_server]: GridBased plugin failed to plan from (-6.90, -9.31) to (-6.48, -11.11): "Failed to create plan with tolerance of: 0.000000"
[planner_server-13] [WARN] [1790233597.105154634] [planner_server]: [compute_path_to_pose] [ActionServer] Aborting handle.
[bt_navigator-16] [ERROR] [1790233597.142192672] [bt_navigator_navigate_to_pose_rclcpp_node]: Failed to get result for follow_path in node halt!
[behavior_server-15] [INFO] [1790233597.142894031] [behavior_server]: Running wait
[controller_server-11] [INFO] [1790233597.155793371] [controller_server]: Cancellation was successful. Stopping the robot.
[controller_server-11] [INFO] [1790233597.155940324] [controller_server]: [follow_path] [ActionServer] Client requested to cancel the goal. Cancelling.
[controller_server-11] [INFO] [1790233597.156371420] [controller_server]: Optimizer reset
[behavior_server-15] [INFO] [1790233597.543413145] [behavior_server]: wait completed successfully
[planner_server-13] [WARN] [1790233597.567032671] [planner_server]: GridBased plugin failed to plan from (-6.95, -9.46) to (-6.48, -11.11): "Failed to create plan with tolerance of: 0.000000"
[planner_server-13] [WARN] [1790233597.567126433] [planner_server]: [compute_path_to_pose] [ActionServer] Aborting handle.
[bt_navigator-16] [WARN] [1790233597.593907742] [bt_navigator]: [navigate_to_pose] [ActionServer] Aborting handle.
[bt_navigator-16] [ERROR] [1790233597.594301454] [bt_navigator]: Goal failed
[WARN] [1790233597.597785937] [nearest_euclidean_frontier]: Main goal failed (status=6, error_code=208)
[WARN] [1790233597.599409669] [nearest_euclidean_frontier]: Main frontier abandoned after NO_VALID_PATH (208): x=-6.48, y=-11.11; candidates within 0.10 m are skipped during normal selection but will be checked again by terminal planner revalidation.
[INFO] [1790233598.990175455] [nearest_euclidean_frontier]: Selected nearest frontier: x=-5.68, y=-11.61, distance=2.46 m, region=41 cells, near_fallback=False
[bt_navigator-16] [INFO] [1790233598.991644730] [bt_navigator]: Begin navigating from current location (-6.96, -9.51) to (-5.68, -11.61)
[controller_server-11] [INFO] [1790233599.015412054] [controller_server]: Received a goal, begin computing control effort.
[INFO] [1790233599.927307572] [nearest_euclidean_frontier]: Main goal accepted
[controller_server-11] [INFO] [1790233600.082292182] [controller_server]: Passing new path to controller.
[INFO] [1790233600.131259440] [nearest_euclidean_frontier]: Main /plan diagnostic: poses=82, endpoint=(-5.68, -11.61), frontier=(-5.68, -11.61), endpoint_to_frontier=0.000 m, limit=0.10 m -> usable
[INFO] [1790233600.137158573] [nearest_euclidean_frontier]: Main /plan diagnostic: poses=78, endpoint=(-5.68, -11.61), frontier=(-5.68, -11.61), endpoint_to_frontier=0.000 m, limit=0.10 m -> usable
[INFO] [1790233601.044138592] [nearest_euclidean_frontier]: Main /plan diagnostic: poses=62, endpoint=(-5.68, -11.61), frontier=(-5.68, -11.61), endpoint_to_frontier=0.000 m, limit=0.10 m -> usable
[controller_server-11] [INFO] [1790233601.082293917] [controller_server]: Passing new path to controller.
[INFO] [1790233602.072195720] [nearest_euclidean_frontier]: Main /plan diagnostic: poses=53, endpoint=(-5.68, -11.61), frontier=(-5.68, -11.61), endpoint_to_frontier=0.000 m, limit=0.10 m -> usable
[controller_server-11] [INFO] [1790233602.150749804] [controller_server]: Passing new path to controller.
[INFO] [1790233603.092560144] [nearest_euclidean_frontier]: Main /plan diagnostic: poses=43, endpoint=(-5.68, -11.61), frontier=(-5.68, -11.61), endpoint_to_frontier=0.000 m, limit=0.10 m -> usable
[controller_server-11] [INFO] [1790233603.149584513] [controller_server]: Passing new path to controller.
[INFO] [1790233604.100670476] [nearest_euclidean_frontier]: Main /plan diagnostic: poses=32, endpoint=(-5.68, -11.61), frontier=(-5.68, -11.61), endpoint_to_frontier=0.000 m, limit=0.10 m -> usable
[controller_server-11] [INFO] [1790233604.148953805] [controller_server]: Passing new path to controller.
[INFO] [1790233605.137194227] [nearest_euclidean_frontier]: Main /plan diagnostic: poses=25, endpoint=(-5.68, -11.61), frontier=(-5.68, -11.61), endpoint_to_frontier=0.000 m, limit=0.10 m -> usable
[controller_server-11] [INFO] [1790233605.149713067] [controller_server]: Passing new path to controller.
[INFO] [1790233606.162865854] [nearest_euclidean_frontier]: Main /plan diagnostic: poses=18, endpoint=(-5.68, -11.61), frontier=(-5.68, -11.61), endpoint_to_frontier=0.000 m, limit=0.10 m -> usable
[controller_server-11] [INFO] [1790233606.215650299] [controller_server]: Passing new path to controller.
[INFO] [1790233607.179584307] [nearest_euclidean_frontier]: Main /plan diagnostic: poses=12, endpoint=(-5.68, -11.61), frontier=(-5.68, -11.61), endpoint_to_frontier=0.000 m, limit=0.10 m -> usable
[controller_server-11] [INFO] [1790233607.216180503] [controller_server]: Passing new path to controller.
[controller_server-11] [INFO] [1790233608.085061883] [controller_server]: Reached the goal!
[controller_server-11] [INFO] [1790233608.085399070] [controller_server]: Optimizer reset
[bt_navigator-16] [INFO] [1790233608.112044081] [bt_navigator]: Goal succeeded
[INFO] [1790233608.117989887] [nearest_euclidean_frontier]: Goal reached
[INFO] [1790233608.988591379] [nearest_euclidean_frontier]: Selected nearest frontier: x=-3.08, y=-11.91, distance=2.95 m, region=44 cells, near_fallback=False
[bt_navigator-16] [INFO] [1790233608.992628255] [bt_navigator]: Begin navigating from current location (-5.99, -11.80) to (-3.08, -11.91)
[controller_server-11] [INFO] [1790233609.013370760] [controller_server]: Received a goal, begin computing control effort.
[INFO] [1790233609.914276046] [nearest_euclidean_frontier]: Main goal accepted
[INFO] [1790233609.989412164] [nearest_euclidean_frontier]: Main /plan diagnostic: poses=172, endpoint=(-3.08, -11.91), frontier=(-3.08, -11.91), endpoint_to_frontier=0.000 m, limit=0.10 m -> usable
[INFO] [1790233610.030566876] [nearest_euclidean_frontier]: Main /plan diagnostic: poses=173, endpoint=(-3.08, -11.91), frontier=(-3.08, -11.91), endpoint_to_frontier=0.000 m, limit=0.10 m -> usable
[controller_server-11] [INFO] [1790233610.080232591] [controller_server]: Passing new path to controller.
[INFO] [1790233611.045286196] [nearest_euclidean_frontier]: Main /plan diagnostic: poses=160, endpoint=(-3.08, -11.91), frontier=(-3.08, -11.91), endpoint_to_frontier=0.000 m, limit=0.10 m -> usable
[controller_server-11] [INFO] [1790233611.080230371] [controller_server]: Passing new path to controller.
[INFO] [1790233612.081056237] [nearest_euclidean_frontier]: Main /plan diagnostic: poses=152, endpoint=(-3.08, -11.91), frontier=(-3.08, -11.91), endpoint_to_frontier=0.000 m, limit=0.10 m -> usable
[controller_server-11] [INFO] [1790233612.147843195] [controller_server]: Passing new path to controller.
[INFO] [1790233613.101792760] [nearest_euclidean_frontier]: Main /plan diagnostic: poses=141, endpoint=(-3.08, -11.91), frontier=(-3.08, -11.91), endpoint_to_frontier=0.000 m, limit=0.10 m -> usable
[controller_server-11] [INFO] [1790233613.146964123] [controller_server]: Passing new path to controller.
[INFO] [1790233614.123758350] [nearest_euclidean_frontier]: Main /plan diagnostic: poses=133, endpoint=(-3.08, -11.91), frontier=(-3.08, -11.91), endpoint_to_frontier=0.000 m, limit=0.10 m -> usable
[controller_server-11] [INFO] [1790233614.148246997] [controller_server]: Passing new path to controller.
[INFO] [1790233615.160244647] [nearest_euclidean_frontier]: Main /plan diagnostic: poses=125, endpoint=(-3.08, -11.91), frontier=(-3.08, -11.91), endpoint_to_frontier=0.000 m, limit=0.10 m -> usable
[controller_server-11] [INFO] [1790233615.213570119] [controller_server]: Passing new path to controller.
[INFO] [1790233616.170807834] [nearest_euclidean_frontier]: Main /plan diagnostic: poses=112, endpoint=(-3.08, -11.91), frontier=(-3.08, -11.91), endpoint_to_frontier=0.000 m, limit=0.10 m -> usable
[controller_server-11] [INFO] [1790233616.213740712] [controller_server]: Passing new path to controller.
[INFO] [1790233617.187367201] [nearest_euclidean_frontier]: Main /plan diagnostic: poses=117, endpoint=(-3.08, -11.91), frontier=(-3.08, -11.91), endpoint_to_frontier=0.000 m, limit=0.10 m -> usable
[controller_server-11] [INFO] [1790233617.213570258] [controller_server]: Passing new path to controller.
[INFO] [1790233618.206641268] [nearest_euclidean_frontier]: Main /plan diagnostic: poses=111, endpoint=(-3.08, -11.91), frontier=(-3.08, -11.91), endpoint_to_frontier=0.000 m, limit=0.10 m -> usable
[controller_server-11] [INFO] [1790233618.280289489] [controller_server]: Passing new path to controller.
[INFO] [1790233619.232386516] [nearest_euclidean_frontier]: Main /plan diagnostic: poses=100, endpoint=(-3.08, -11.91), frontier=(-3.08, -11.91), endpoint_to_frontier=0.000 m, limit=0.10 m -> usable
[controller_server-11] [INFO] [1790233619.280366003] [controller_server]: Passing new path to controller.
[INFO] [1790233620.254683577] [nearest_euclidean_frontier]: Main /plan diagnostic: poses=91, endpoint=(-3.08, -11.91), frontier=(-3.08, -11.91), endpoint_to_frontier=0.000 m, limit=0.10 m -> usable
[controller_server-11] [INFO] [1790233620.280234789] [controller_server]: Passing new path to controller.
[INFO] [1790233621.277131318] [nearest_euclidean_frontier]: Main /plan diagnostic: poses=83, endpoint=(-3.08, -11.91), frontier=(-3.08, -11.91), endpoint_to_frontier=0.000 m, limit=0.10 m -> usable
[controller_server-11] [INFO] [1790233621.346905812] [controller_server]: Passing new path to controller.
[INFO] [1790233622.346364771] [nearest_euclidean_frontier]: Main /plan diagnostic: poses=62, endpoint=(-3.08, -11.91), frontier=(-3.08, -11.91), endpoint_to_frontier=0.000 m, limit=0.10 m -> usable
[controller_server-11] [INFO] [1790233622.346917017] [controller_server]: Passing new path to controller.
[INFO] [1790233623.342297198] [nearest_euclidean_frontier]: Main /plan diagnostic: poses=54, endpoint=(-3.08, -11.91), frontier=(-3.08, -11.91), endpoint_to_frontier=0.000 m, limit=0.10 m -> usable
[controller_server-11] [INFO] [1790233623.346910647] [controller_server]: Passing new path to controller.
[INFO] [1790233624.351516792] [nearest_euclidean_frontier]: Main /plan diagnostic: poses=41, endpoint=(-3.08, -11.91), frontier=(-3.08, -11.91), endpoint_to_frontier=0.000 m, limit=0.10 m -> usable
[controller_server-11] [INFO] [1790233624.413575848] [controller_server]: Passing new path to controller.
[bt_navigator-16] [ERROR] [1790233625.196371183] [bt_navigator_navigate_to_pose_rclcpp_node]: Failed to get result for follow_path in node halt!
[bt_navigator-16] [INFO] [1790233625.196502774] [bt_navigator]: [navigate_to_pose] [ActionServer] Client requested to cancel the goal. Cancelling.
[bt_navigator-16] [INFO] [1790233625.196653108] [bt_navigator]: Goal canceled
[WARN] [1790233625.205031897] [nearest_euclidean_frontier]: Main goal failed (status=5, error_code=0)
[WARN] [1790233625.206129844] [nearest_euclidean_frontier]: Path-guided recovery #1: temporary subgoal x=-2.13, y=-11.74, 0.70 m ahead on main path (remaining main path=1.71 m, trigger_error=0)
[WARN] [1790233625.206711140] [nearest_euclidean_frontier]: R003 cutoff latched; navigation dispatch suppressed
[controller_server-11] [INFO] [1790233625.213579815] [controller_server]: Cancellation was successful. Stopping the robot.
[controller_server-11] [INFO] [1790233625.213647300] [controller_server]: [follow_path] [ActionServer] Client requested to cancel the goal. Cancelling.
[controller_server-11] [INFO] [1790233625.214298735] [controller_server]: Optimizer reset
[WARN] [1790233625.423273180] [nearest_euclidean_frontier]: NEAREST SAVED: env=new_room, profile=slam, coverage=0.807100748, distance=150.07m, output=/home/com1/turtlebot4_project_r003_h031/mapex_lab/experiments/nearest/nf_p500_009

Stopping experiment...
[route_server-14] [INFO] [1790233625.784693141] [rclcpp]: signal_handler(SIGINT/SIGTERM)
[route_server-14] [INFO] [1790233625.784809689] [route_server]: Running Nav2 LifecycleNode rcl preshutdown (route_server)
[planner_server-13] [INFO] [1790233625.784696552] [rclcpp]: signal_handler(SIGINT/SIGTERM)
[planner_server-13] [INFO] [1790233625.784774976] [planner_server]: Running Nav2 LifecycleNode rcl preshutdown (planner_server)
[planner_server-13] [INFO] [1790233625.784848732] [planner_server]: Deactivating
[smoother_server-12] [INFO] [1790233625.784697247] [rclcpp]: signal_handler(SIGINT/SIGTERM)
[smoother_server-12] [INFO] [1790233625.784798284] [smoother_server]: Running Nav2 LifecycleNode rcl preshutdown (smoother_server)
[smoother_server-12] [INFO] [1790233625.784871625] [smoother_server]: Deactivating
[smoother_server-12] [INFO] [1790233625.784893808] [smoother_server]: Destroying bond (smoother_server) to lifecycle manager.
[behavior_server-15] [INFO] [1790233625.784726419] [rclcpp]: signal_handler(SIGINT/SIGTERM)
[behavior_server-15] [INFO] [1790233625.784779286] [behavior_server]: Running Nav2 LifecycleNode rcl preshutdown (behavior_server)
[behavior_server-15] [INFO] [1790233625.784855839] [behavior_server]: Deactivating
[behavior_server-15] [INFO] [1790233625.784904589] [behavior_server]: Destroying bond (behavior_server) to lifecycle manager.
[bt_navigator-16] [INFO] [1790233625.784726797] [rclcpp]: signal_handler(SIGINT/SIGTERM)
[bt_navigator-16] [INFO] [1790233625.784779120] [bt_navigator]: Running Nav2 LifecycleNode rcl preshutdown (bt_navigator)
[bt_navigator-16] [INFO] [1790233625.785154039] [bt_navigator]: Deactivating
[bt_navigator-16] [INFO] [1790233625.785199830] [bt_navigator]: Destroying bond (bt_navigator) to lifecycle manager.
[parameter_bridge-2] [INFO] [1790233625.784725322] [rclcpp]: signal_handler(SIGINT/SIGTERM)
[image_bridge-3] [INFO] [1790233625.784729881] [rclcpp]: signal_handler(SIGINT/SIGTERM)
[collision_monitor-19] [INFO] [1790233625.784744567] [rclcpp]: signal_handler(SIGINT/SIGTERM)
[collision_monitor-19] [INFO] [1790233625.784847101] [collision_monitor]: Running Nav2 LifecycleNode rcl preshutdown (collision_monitor)
[collision_monitor-19] [INFO] [1790233625.784915543] [collision_monitor]: Deactivating
[collision_monitor-19] [INFO] [1790233625.784933860] [collision_monitor]: Destroying bond (collision_monitor) to lifecycle manager.
[robot_state_publisher-6] [INFO] [1790233625.784734816] [rclcpp]: signal_handler(SIGINT/SIGTERM)
[async_slam_toolbox_node-10] [INFO] [1790233625.784798028] [rclcpp]: signal_handler(SIGINT/SIGTERM)
[rviz2-7] [INFO] [1790233625.784815741] [rclcpp]: signal_handler(SIGINT/SIGTERM)
[opennav_docking-20] [INFO] [1790233625.784821946] [rclcpp]: signal_handler(SIGINT/SIGTERM)
[opennav_docking-20] [INFO] [1790233625.784908174] [docking_server]: Running Nav2 LifecycleNode rcl preshutdown (docking_server)
[opennav_docking-20] [INFO] [1790233625.784982910] [docking_server]: Deactivating docking_server
[planner_server-13] [INFO] [1790233625.784881596] [global_costmap.global_costmap]: Deactivating
[route_server-14] [INFO] [1790233625.784885040] [route_server]: Deactivating
[route_server-14] [INFO] [1790233625.784901591] [route_server]: Destroying bond (route_server) to lifecycle manager.
[waypoint_follower-17] [INFO] [1790233625.784937228] [rclcpp]: signal_handler(SIGINT/SIGTERM)
[waypoint_follower-17] [INFO] [1790233625.785001842] [waypoint_follower]: Running Nav2 LifecycleNode rcl preshutdown (waypoint_follower)
[waypoint_follower-17] [INFO] [1790233625.785063239] [waypoint_follower]: Deactivating
[waypoint_follower-17] [INFO] [1790233625.785084105] [waypoint_follower]: Destroying bond (waypoint_follower) to lifecycle manager.
[lifecycle_manager-21] [INFO] [1790233625.784945629] [rclcpp]: signal_handler(SIGINT/SIGTERM)
[lifecycle_manager-21] [INFO] [1790233625.785007692] [lifecycle_manager_navigation]: Running Nav2 LifecycleManager rcl preshutdown (lifecycle_manager_navigation)
[lifecycle_manager-21] [INFO] [1790233625.785043467] [lifecycle_manager_navigation]: [34m[1mTerminating bond timer...[0m[0m
[velocity_smoother-18] [INFO] [1790233625.785026337] [rclcpp]: signal_handler(SIGINT/SIGTERM)
[velocity_smoother-18] [INFO] [1790233625.785088477] [velocity_smoother]: Running Nav2 LifecycleNode rcl preshutdown (velocity_smoother)
[velocity_smoother-18] [INFO] [1790233625.785171679] [velocity_smoother]: Deactivating
[velocity_smoother-18] [INFO] [1790233625.785194366] [velocity_smoother]: Destroying bond (velocity_smoother) to lifecycle manager.
[image_bridge-4] [INFO] [1790233625.785174729] [rclcpp]: signal_handler(SIGINT/SIGTERM)
[controller_server-11] [INFO] [1790233625.785199600] [rclcpp]: signal_handler(SIGINT/SIGTERM)
[controller_server-11] [INFO] [1790233625.785259735] [controller_server]: Running Nav2 LifecycleNode rcl preshutdown (controller_server)
[controller_server-11] [INFO] [1790233625.785313310] [controller_server]: Deactivating
[controller_server-11] [INFO] [1790233625.785680714] [MPPIController]: Deactivated MPPI Controller: FollowPath
[controller_server-11] [INFO] [1790233625.785727665] [local_costmap.local_costmap]: Deactivating
[route_server-14] [INFO] [1790233625.795251977] [route_server]: Cleaning up
[bt_navigator-16] [INFO] [1790233625.795532361] [bt_navigator]: Cleaning up
[waypoint_follower-17] [INFO] [1790233625.795668344] [waypoint_follower]: Cleaning up
[velocity_smoother-18] [INFO] [1790233625.795983894] [velocity_smoother]: Cleaning up
[velocity_smoother-18] [INFO] [1790233625.796017663] [velocity_smoother]: Destroying bond (velocity_smoother) to lifecycle manager.
[smoother_server-12] [INFO] [1790233625.796284261] [smoother_server]: Cleaning up
[behavior_server-15] [INFO] [1790233625.796904858] [behavior_server]: Cleaning up
[async_slam_toolbox_node-10] Unregistering sensor: Custom Described Lidar
[behavior_server-15] [INFO] [1790233625.802956166] [behavior_server]: Destroying bond (behavior_server) to lifecycle manager.
[waypoint_follower-17] [INFO] [1790233625.805287454] [waypoint_follower]: Destroying bond (waypoint_follower) to lifecycle manager.
[opennav_docking-20] [INFO] [1790233625.806598094] [docking_server]: Destroying bond (docking_server) to lifecycle manager.
[velocity_smoother-18] [INFO] [1790233625.811157622] [velocity_smoother]: Destroying
[opennav_docking-20] [INFO] [1790233625.818567663] [docking_server]: Cleaning up docking_server
[smoother_server-12] [INFO] [1790233625.822341216] [smoother_server]: Destroying bond (smoother_server) to lifecycle manager.
[controller_server-11] [INFO] [1790233625.824024207] [controller_server]: Destroying bond (controller_server) to lifecycle manager.
[controller_server-11] [INFO] [1790233625.834404966] [controller_server]: Cleaning up
[controller_server-11] [INFO] [1790233625.835908703] [MPPIController]: Cleaned up MPPI Controller: FollowPath
[smoother_server-12] [INFO] [1790233625.835985733] [smoother_server]: Destroying
[controller_server-11] [INFO] [1790233625.836053942] [local_costmap.local_costmap]: Cleaning up
[route_server-14] [INFO] [1790233625.847317347] [route_server]: Destroying bond (route_server) to lifecycle manager.
[waypoint_follower-17] [INFO] [1790233625.847898089] [waypoint_follower]: Destroying
[route_server-14] [INFO] [1790233625.855018464] [route_server]: Destroying
[opennav_docking-20] [INFO] [1790233625.856001541] [docking_server]: Destroying bond (docking_server) to lifecycle manager.
[opennav_docking-20] [INFO] [1790233625.863000043] [docking_server]: Destroying
[behavior_server-15] [INFO] [1790233625.881537522] [behavior_server]: Destroying
[collision_monitor-19] [INFO] [1790233625.886768205] [collision_monitor]: Cleaning up
[collision_monitor-19] [INFO] [1790233625.888618885] [collision_monitor]: [FootprintApproach]: Destroying Polygon
[collision_monitor-19] [INFO] [1790233625.890879089] [collision_monitor]: Destroying bond (collision_monitor) to lifecycle manager.
[controller_server-11] [INFO] [1790233625.898648258] [controller_server]: Destroying bond (controller_server) to lifecycle manager.
[collision_monitor-19] [ERROR] [1790233625.898735761] [getTransform]: Failed to get "rplidar_link"->"base_link" frame transform: Lookup would require extrapolation into the future.  Requested time 459.611000 but the latest data is at time 459.600000, when looking up transform from frame [odom] to frame [base_link]
[collision_monitor-19] [INFO] [1790233625.898827944] [collision_monitor]: [scan]: Destroying Scan
[controller_server-11] [INFO] [1790233625.901767704] [local_costmap.local_costmap]: Destroying
[rviz2-7] [ERROR] [1790233625.908614362] [rviz2]: Error using GLSL Program Object : GL_OUT_OF_MEMORY
[rviz2-7] active samplers with a different type refer to the same texture image unit
[controller_server-11] [INFO] [1790233625.909372670] [controller_server]: Destroying
[bt_navigator-16] [INFO] [1790233625.916156210] [bt_navigator]: Completed Cleaning up
[bt_navigator-16] [INFO] [1790233625.916226851] [bt_navigator]: Destroying bond (bt_navigator) to lifecycle manager.
[bt_navigator-16] [INFO] [1790233625.921785925] [bt_navigator]: Destroying
[INFO] [parameter_bridge-2]: process has finished cleanly [pid 55249]
[INFO] [image_bridge-4]: process has finished cleanly [pid 55251]
[INFO] [robot_state_publisher-6]: process has finished cleanly [pid 55253]
[INFO] [velocity_smoother-18]: process has finished cleanly [pid 55867]
[INFO] [image_bridge-3]: process has finished cleanly [pid 55250]
[lifecycle_manager-21] [INFO] [1790233625.957483826] [lifecycle_manager_navigation]: Destroying lifecycle_manager_navigation
[gz-8] [1;36m[Dbg] [SimulationRunner.cc:562] [0m[1;36mCreating postupdate worker thread ([0m[1;36m3[0m[1;36m)[0m[1;36m[0m
[gz-8] [1;36m[Dbg] [SimulationRunner.cc:562] [0m[1;36mCreating postupdate worker thread ([0m[1;36m4[0m[1;36m)[0m[1;36m[0m
[gz-8] [1;36m[Dbg] [RenderUtil.cc:2646] [0m[1;36mCreate scene [[0m[1;36mscene[0m[1;36m][0m[1;36m[0m
[gz-8] [1;36m[Dbg] [Sensors.cc:953] [Dbg] [Sensors.cc:391] [0m[1;36m[Dbg] [Sensors.cc:953] [Dbg] [Sensors.cc:391] [0m[1;36mInitialization needed[0m[1;36m[0m
[gz-8] [1;36mRendering Thread initialized[0m[1;36m[0m
[gz-8] [1;36m[Dbg] [RgbdCameraSensor.cc:210] [0m[1;36mRGB images for [[0m[1;36mturtlebot4::oakd_rgb_camera_frame::rgbd_camera[0m[1;36m] advertised on [[0m[1;36mrgbd_camera[0m[1;36m/image][0m[1;36m[0m
[gz-8] [1;36m[Dbg] [RgbdCameraSensor.cc:224] [0m[1;36mDepth images for [[0m[1;36mturtlebot4::oakd_rgb_camera_frame::rgbd_camera[0m[1;36m] advertised on [[0m[1;36mrgbd_camera[0m[1;36m/depth_image][0m[1;36m[0m
[gz-8] [1;36m[Dbg] [RgbdCameraSensor.cc:238] [0m[1;36mPoints for [[0m[1;36mturtlebot4::oakd_rgb_camera_frame::rgbd_camera[0m[1;36m] advertised on [[0m[1;36mrgbd_camera[0m[1;36m/points][0m[1;36m[0m
[gz-8] [1;36m[Dbg] [CameraSensor.cc:695] [0m[1;36mCamera info for [[0m[1;36mturtlebot4::oakd_rgb_camera_frame::rgbd_camera[0m[1;36m] advertised on [[0m[1;36mrgbd_camera/camera_info[0m[1;36m][0m[1;36m[0m
[gz-8] [1;36m[Dbg] [Lidar.cc:139] [0m[1;36mLaser scans for [[0m[1;36mturtlebot4::rplidar_link::rplidar[0m[1;36m] advertised on [[0m[1;36mscan[0m[1;36m][0m[1;36m[0m
[gz-8] [1;36m[Dbg] [GpuLidarSensor.cc:164] [0m[1;36mLidar points for [[0m[1;36mturtlebot4::rplidar_link::rplidar[0m[1;36m] advertised on [[0m[1;36mscan/points[0m[1;36m][0m[1;36m[0m
[gz-8] [1;36m[Dbg] [SignalHandler.cc:142] [0m[1;36mReceived signal[[0m[1;36m2[0m[1;36m].[0m
[gz-8] [1;36m[Dbg] [ServerPrivate.cc:122] [0m[1;36mServer received signal[[0m[1;36m2[0m[1;36m][0m
[gz-8] [1;36m[Dbg] [Sensors.cc:565] [0m[1;36mSensorsPrivate::Stop[0m[1;36m[0m
[gz-8] [1;36m[Dbg] [Sensors.cc:551] [0m[1;36mSensorsPrivate::RenderThread stopped[0m[1;36m[0m
[gz-8] [1;36m[Dbg] [gz.cc:434] [0m[1;36mShutting down gz-sim-server[0m[1;36m[0m
[gz-8] [1;36m[Dbg] [SimulationRunner.cc:578] [0m[1;36mExiting postupdate worker thread ([0m[1;36m0[0m[1;36m)[0m[1;36m[0m
[gz-8] [1;36m[Dbg] [SimulationRunner.cc:578] [0m[1;36mExiting postupdate worker thread ([0m[1;36m3[0m[1;36m)[0m[1;36m[0m
[gz-8] [1;36m[Dbg] [SimulationRunner.cc:578] [0m[1;36mExiting postupdate worker thread ([0m[1;36m2[0m[1;36m)[0m[1;36m
[gz-8] [Dbg] [SimulationRunner.cc:578] [0m[1;36mExiting postupdate worker thread ([0m[1;36m1[0m[1;36m)[0m[1;36m[0m
[gz-8] [1;36m[0m
[gz-8] [1;36m
[gz-8] [Dbg] [SimulationRunner.cc:578] [0m[1;36mExiting postupdate worker thread ([0m[1;36m4[0m[1;36m)[0m[1;36m[0m
[gz-8] [1;36m[Dbg] [Sensors.cc:565] [0m[1;36mSensorsPrivate::Stop[0m[1;36m[0m
[INFO] [smoother_server-12]: process has finished cleanly [pid 55861]
[INFO] [waypoint_follower-17]: process has finished cleanly [pid 55866]
[INFO] [route_server-14]: process has finished cleanly [pid 55863]
[INFO] [gz-8]: process has finished cleanly [pid 55371]
[INFO] [opennav_docking-20]: process has finished cleanly [pid 55869]
[INFO] [behavior_server-15]: process has finished cleanly [pid 55864]
[INFO] [async_slam_toolbox_node-10]: process has finished cleanly [pid 55763]
[INFO] [controller_server-11]: process has finished cleanly [pid 55860]
[INFO] [bt_navigator-16]: process has finished cleanly [pid 55865]
[INFO] [lifecycle_manager-21]: process has finished cleanly [pid 55870]
[gz-9] [1;36m[GUI] [Dbg] [SignalHandler.cc:142] [0m[1;36mReceived signal[[0m[1;36m2[0m[1;36m].[0m
[gz-9] [1;36m[GUI] [Dbg] [Gui.cc:535] [0m[1;36mShutting down gz-sim-gui[0m[1;36m[0m
[gz-9] [1;36m[GUI] [Dbg] [Application.cc:237] [0m[1;36mTerminating application.[0m[1;36m[0m
[gz-9] [1;36m[GUI] [Dbg] [MinimalScene.cc:841] [0m[1;36mDestroy scene [[0m[1;36mscene[0m[1;36m][0m[1;36m[0m
[INFO] [gz-9]: process has finished cleanly [pid 55372]
[planner_server-13] [INFO] [1790233626.456609784] [planner_server]: Deactivating plugin GridBased of type NavfnPlanner
[planner_server-13] [INFO] [1790233626.456672630] [planner_server]: Destroying bond (planner_server) to lifecycle manager.
[planner_server-13] [INFO] [1790233626.466944256] [planner_server]: Cleaning up
[planner_server-13] [INFO] [1790233626.474558389] [global_costmap.global_costmap]: Cleaning up
[planner_server-13] [INFO] [1790233626.479878471] [planner_server]: Cleaning up plugin GridBased of type NavfnPlanner
[planner_server-13] [INFO] [1790233626.480265379] [planner_server]: Destroying plugin GridBased of type NavfnPlanner
[planner_server-13] [INFO] [1790233626.490919293] [planner_server]: Destroying bond (planner_server) to lifecycle manager.
[planner_server-13] [INFO] [1790233626.494204718] [global_costmap.global_costmap]: Destroying
[planner_server-13] [INFO] [1790233626.500099151] [planner_server]: Destroying
[INFO] [planner_server-13]: process has finished cleanly [pid 55862]
[ERROR] [collision_monitor-19]: process has died [pid 55868, exit code -11, cmd '/opt/ros/jazzy/lib/nav2_collision_monitor/collision_monitor --ros-args --log-level info --ros-args -r __node:=collision_monitor -r __ns:=/ -p use_sim_time:=True --params-file /tmp/launch_params_n6wl7mo5 -r /global_costmap/scan:=/scan -r /local_costmap/scan:=/scan -r /tf:=tf -r /tf_static:=tf_static'].
[ERROR] [rviz2-7]: process has died [pid 55254, exit code -11, cmd '/opt/ros/jazzy/lib/rviz2/rviz2 -d /home/com1/turtlebot4_project_r003_h031/ros2_ws/install/frontier_exploration/share/frontier_exploration/rviz/hospital_exploration.rviz --ros-args -r __node:=rviz2 --params-file /tmp/launch_params_00pf1yh2 -r /tf:=tf -r /tf_static:=tf_static'].
Experiment stopped.
Traceback (most recent call last):
  File "/home/com1/turtlebot4_project_r003_h031/mapex_lab/scripts/r003_deadlock_watchdog.py", line 123, in main
    rclpy.spin_once(node, timeout_sec=1.0)
  File "/opt/ros/jazzy/lib/python3.12/site-packages/rclpy/__init__.py", line 226, in spin_once
    executor.spin_once(timeout_sec=timeout_sec)
  File "/opt/ros/jazzy/lib/python3.12/site-packages/rclpy/executors.py", line 926, in spin_once
    self._spin_once_impl(timeout_sec)
  File "/opt/ros/jazzy/lib/python3.12/site-packages/rclpy/executors.py", line 907, in _spin_once_impl
    handler, entity, node = self.wait_for_ready_callbacks(
                            ^^^^^^^^^^^^^^^^^^^^^^^^^^^^^^
  File "/opt/ros/jazzy/lib/python3.12/site-packages/rclpy/executors.py", line 877, in wait_for_ready_callbacks
    return next(self._cb_iter)
           ^^^^^^^^^^^^^^^^^^^
  File "/opt/ros/jazzy/lib/python3.12/site-packages/rclpy/executors.py", line 785, in _wait_for_ready_callbacks
    raise ExternalShutdownException()
rclpy.executors.ExternalShutdownException

During handling of the above exception, another exception occurred:

Traceback (most recent call last):
  File "/home/com1/turtlebot4_project_r003_h031/mapex_lab/scripts/r003_deadlock_watchdog.py", line 137, in <module>
    sys.exit(main())
             ^^^^^^
  File "/home/com1/turtlebot4_project_r003_h031/mapex_lab/scripts/r003_deadlock_watchdog.py", line 127, in main
    rclpy.shutdown()
  File "/opt/ros/jazzy/lib/python3.12/site-packages/rclpy/__init__.py", line 134, in shutdown
    _shutdown(context=context)
  File "/opt/ros/jazzy/lib/python3.12/site-packages/rclpy/utilities.py", line 82, in shutdown
    context.shutdown()
  File "/opt/ros/jazzy/lib/python3.12/site-packages/rclpy/context.py", line 129, in shutdown
    self.__context.shutdown()
rclpy._rclpy_pybind11.RCLError: failed to shutdown: rcl_shutdown already called on the given context, at ./src/rcl/init.c:333
