COMMAND /home/com1/turtlebot4_project_r003_h031/run --paper500 --method nf --environment new_room --record yes --run-id nf_p500_003
ROS isolation: domain=42, localhost_only=1
[WARN] [1790222831.612169248] [rcl]: ROS_LOCALHOST_ONLY is deprecated but still honored if it is enabled. Use ROS_AUTOMATIC_DISCOVERY_RANGE and ROS_STATIC_PEERS instead.
[WARN] [1790222831.612182644] [rcl]: 'localhost_only' is enabled, 'automatic_discovery_range' and 'static_peers' will be ignored.


==============================
Method : NF
Map    : New Room
Record : yes
Run ID : nf_p500_003
Profile: R003 paper500
Python : /usr/bin/python3
Launch : mapex_lab/launch/slam.launch.py
==============================


Dang cho /map, Nav2 lifecycle active va /clock on dinh...
[INFO] [launch]: All log files can be found below /home/com1/.ros/log/2026-09-24-11-07-13-450516-com1-17304
[INFO] [launch]: Default logging verbosity is set to INFO
[INFO] [launch.user]: Simulation world: new_room; path=/home/com1/turtlebot4_project_r003_h031/mapex_lab/map/new_room.sdf; spawn=(0.0, 3.0, 0.0)
[INFO] [xacro-1]: process started with pid [17324]
[INFO] [parameter_bridge-2]: process started with pid [17325]
[INFO] [image_bridge-3]: process started with pid [17326]
[INFO] [image_bridge-4]: process started with pid [17327]
[INFO] [create-5]: process started with pid [17328]
[INFO] [robot_state_publisher-6]: process started with pid [17329]
[INFO] [rviz2-7]: process started with pid [17330]
[robot_state_publisher-6] [WARN] [1790222833.718531570] [rcl]: ROS_LOCALHOST_ONLY is deprecated but still honored if it is enabled. Use ROS_AUTOMATIC_DISCOVERY_RANGE and ROS_STATIC_PEERS instead.
[robot_state_publisher-6] [WARN] [1790222833.718542378] [rcl]: 'localhost_only' is enabled, 'automatic_discovery_range' and 'static_peers' will be ignored.
[create-5] [WARN] [1790222833.731516324] [rcl]: ROS_LOCALHOST_ONLY is deprecated but still honored if it is enabled. Use ROS_AUTOMATIC_DISCOVERY_RANGE and ROS_STATIC_PEERS instead.
[create-5] [WARN] [1790222833.731531661] [rcl]: 'localhost_only' is enabled, 'automatic_discovery_range' and 'static_peers' will be ignored.
[create-5] [INFO] [1790222833.745315077] [ros_gz_sim]: Requesting list of world names.
[image_bridge-3] [WARN] [1790222833.754980389] [rcl]: ROS_LOCALHOST_ONLY is deprecated but still honored if it is enabled. Use ROS_AUTOMATIC_DISCOVERY_RANGE and ROS_STATIC_PEERS instead.
[image_bridge-3] [WARN] [1790222833.754991114] [rcl]: 'localhost_only' is enabled, 'automatic_discovery_range' and 'static_peers' will be ignored.
[image_bridge-4] [WARN] [1790222833.756304710] [rcl]: ROS_LOCALHOST_ONLY is deprecated but still honored if it is enabled. Use ROS_AUTOMATIC_DISCOVERY_RANGE and ROS_STATIC_PEERS instead.
[image_bridge-4] [WARN] [1790222833.756313788] [rcl]: 'localhost_only' is enabled, 'automatic_discovery_range' and 'static_peers' will be ignored.
[robot_state_publisher-6] [WARN] [1790222833.757451102] [kdl_parser]: The root link base_link has an inertia specified in the URDF, but KDL does not support a root link with an inertia.  As a workaround, you can add an extra dummy link to your URDF.
[robot_state_publisher-6] [INFO] [1790222833.757637855] [robot_state_publisher]: Robot initialized
[parameter_bridge-2] [WARN] [1790222833.765673371] [rcl]: ROS_LOCALHOST_ONLY is deprecated but still honored if it is enabled. Use ROS_AUTOMATIC_DISCOVERY_RANGE and ROS_STATIC_PEERS instead.
[parameter_bridge-2] [WARN] [1790222833.765684603] [rcl]: 'localhost_only' is enabled, 'automatic_discovery_range' and 'static_peers' will be ignored.
[INFO] [xacro-1]: process has finished cleanly [pid 17324]
[INFO] [gz-8]: process started with pid [17433]
[INFO] [gz-9]: process started with pid [17434]
[rviz2-7] [WARN] [1790222833.841068233] [rcl]: ROS_LOCALHOST_ONLY is deprecated but still honored if it is enabled. Use ROS_AUTOMATIC_DISCOVERY_RANGE and ROS_STATIC_PEERS instead.
[rviz2-7] [WARN] [1790222833.841087127] [rcl]: 'localhost_only' is enabled, 'automatic_discovery_range' and 'static_peers' will be ignored.
[rviz2-7] [INFO] [1790222834.007320278] [rviz2]: Stereo is NOT SUPPORTED
[rviz2-7] [INFO] [1790222834.007418515] [rviz2]: OpenGl version: 4.5 (GLSL 4.5)
[rviz2-7] [INFO] [1790222834.033490795] [rviz2]: Stereo is NOT SUPPORTED
[rviz2-7] [INFO] [1790222834.092778548] [rviz2]: Subscribing to: /frontier/frontier_points
[rviz2-7] 
[rviz2-7] [INFO] [1790222834.104840904] [rviz2]: Subscribing to: /map_cloud
[rviz2-7] 
[rviz2-7] [INFO] [1790222834.105201505] [rviz2]: Subscribing to: /map_cloud
[rviz2-7] 
[rviz2-7] [INFO] [1790222834.105483322] [rviz2]: Subscribing to: /map_cloud
[rviz2-7] 
[rviz2-7] [INFO] [1790222834.117353083] [rviz2]: Subscribing to: /frontier/frontier_points
[rviz2-7] 
[rviz2-7] [INFO] [1790222834.118277567] [rviz2]: Subscribing to: /map_cloud
[rviz2-7] 
[gz-9] [1;33m[GUI] [Wrn] [Application.cc:908] [0m[1;33m[QT] file:///usr/lib/x86_64-linux-gnu/qt5/qml/QtQuick/Dialogs/DefaultFileDialog.qml:413:17: QML ToolButton: Binding loop detected for property "implicitHeight"[0m[1;33m[0m
[gz-9] [1;33m[GUI] [Wrn] [Application.cc:908] [0m[1;33m[QT] file:///usr/lib/x86_64-linux-gnu/qt5/qml/QtQuick/Dialogs/DefaultFileDialog.qml:309:21: QML Button: Binding loop detected for property "implicitHeight"[0m[1;33m[0m
[gz-9] [1;33m[GUI] [Wrn] [Application.cc:908] [0m[1;33m[QT] file:///usr/lib/x86_64-linux-gnu/qt5/qml/QtQuick/Dialogs/DefaultFileDialog.qml:309:21: QML Button: Binding loop detected for property "implicitHeight"[0m[1;33m[0m
[gz-9] [1;33m[GUI] [Wrn] [Application.cc:908] [0m[1;33m[QT] file:///usr/lib/x86_64-linux-gnu/qt5/qml/QtQuick/Dialogs/DefaultFileDialog.qml:413:17: QML ToolButton: Binding loop detected for property "implicitHeight"[0m[1;33m[0m
[gz-9] [1;33m[GUI] [Wrn] [Application.cc:908] [0m[1;33m[QT] file:///usr/lib/x86_64-linux-gnu/qt5/qml/QtQuick/Dialogs/DefaultFileDialog.qml:309:21: QML Button: Binding loop detected for property "implicitHeight"[0m[1;33m[0m
[gz-9] [1;33m[GUI] [Wrn] [Application.cc:908] [0m[1;33m[QT] file:///usr/lib/x86_64-linux-gnu/qt5/qml/QtQuick/Dialogs/DefaultFileDialog.qml:309:21: QML Button: Binding loop detected for property "implicitHeight"[0m[1;33m[0m
[gz-8] [1;32m[Msg] [0m[1;32mGazebo Sim Server v[0m[1;32m8.11.0[0m[1;32m[0m
[gz-8] [1;32m[Msg] [0m[1;32mLoading SDF world file[[0m[1;32m/tmp/nav2_q6cxf1st.sdf[0m[1;32m].[0m
[gz-8] [1;32m[Msg] [0m[1;32mServing entity system service on [[0m[1;32m/[0m[1;32mentity/system/add[0m[1;32m][0m[1;32m[0m
[gz-8] [1;36m[Dbg] [Physics.cc:906] [0m[1;36mLoaded [[0m[1;36mgz::physics::dartsim::Plugin[0m[1;36m] from library [[0m[1;36m/opt/ros/jazzy/opt/gz_physics_vendor/lib/gz-physics-7/engine-plugins/libgz-physics-dartsim-plugin.so[0m[1;36m][0m[1;36m[0m
[gz-8] [1;36m[Dbg] [SystemManager.cc:80] [0m[1;36mLoaded system [[0m[1;36mgz::sim::systems::Physics[0m[1;36m] for entity [[0m[1;36m1[0m[1;36m][0m[1;36m[0m
[gz-8] [1;32m[Msg] [0m[1;32mCreate[0m[1;32m service on [[0m[1;32m/world/new_room_world/create_multiple[0m[1;32m] (async)[0m[1;32m[0m
[gz-8] [1;32m[Msg] [0m[1;32mCreate[0m[1;32m service on [[0m[1;32m/world/new_room_world/create_multiple/blocking[0m[1;32m] (blocking)[0m[1;32m[0m
[gz-8] [1;32m[Msg] [0m[1;32mRemove[0m[1;32m service on [[0m[1;32m/world/new_room_world/remove[0m[1;32m] (async)[0m[1;32m[0m
[gz-8] [1;32m[Msg] [0m[1;32mRemove[0m[1;32m service on [[0m[1;32m/world/new_room_world/remove/blocking[0m[1;32m] (blocking)[0m[1;32m[0m
[gz-8] [1;32m[Msg] [0m[1;32mPose[0m[1;32m service on [[0m[1;32m/world/new_room_world/set_pose[0m[1;32m] (async)[0m[1;32m[0m
[gz-8] [1;32m[Msg] [0m[1;32mPose[0m[1;32m service on [[0m[1;32m/world/new_room_world/set_pose/blocking[0m[1;32m] (blocking)[0m[1;32m[0m
[gz-8] [1;32m[Msg] [0m[1;32mPose[0m[1;32m service on [[0m[1;32m/world/new_room_world/set_pose_vector[0m[1;32m] (async)[0m[1;32m[0m
[gz-8] [1;32m[Msg] [0m[1;32mPose[0m[1;32m service on [[0m[1;32m/world/new_room_world/set_pose_vector/blocking[0m[1;32m] (blocking)[0m[1;32m[0m
[gz-8] [1;32m[Msg] [0m[1;32mLight configuration[0m[1;32m service on [[0m[1;32m/world/new_room_world/light_config[0m[1;32m] (async)[0m[1;32m[0m
[gz-8] [1;32m[Msg] [0m[1;32mLight configuration[0m[1;32m service on [[0m[1;32m/world/new_room_world/light_config/blocking[0m[1;32m] (blocking)[0m[1;32m[0m
[gz-8] [1;32m[Msg] [0m[1;32mPhysics[0m[1;32m service on [[0m[1;32m/world/new_room_world/set_physics[0m[1;32m] (async)[0m[1;32m[0m
[gz-8] [1;32m[Msg] [0m[1;32mPhysics[0m[1;32m service on [[0m[1;32m/world/new_room_world/set_physics/blocking[0m[1;32m] (blocking)[0m[1;32m[0m
[gz-8] [1;32m[Msg] [0m[1;32mSphericalCoordinates[0m[1;32m service on [[0m[1;32m/world/new_room_world/set_spherical_coordinates[0m[1;32m] (async)[0m[1;32m[0m
[gz-8] [1;32m[Msg] [0m[1;32mSphericalCoordinates[0m[1;32m service on [[0m[1;32m/world/new_room_world/set_spherical_coordinates/blocking[0m[1;32m] (blocking)[0m[1;32m[0m
[gz-8] [1;32m[Msg] [0m[1;32mEnable collision[0m[1;32m service on [[0m[1;32m/world/new_room_world/enable_collision[0m[1;32m] (async)[0m[1;32m[0m
[gz-8] [1;32m[Msg] [0m[1;32mEnable collision[0m[1;32m service on [[0m[1;32m/world/new_room_world/enable_collision/blocking[0m[1;32m] (blocking)[0m[1;32m[0m
[gz-8] [1;32m[Msg] [0m[1;32mDisable collision[0m[1;32m service on [[0m[1;32m/world/new_room_world/disable_collision[0m[1;32m] (async)[0m[1;32m[0m
[gz-8] [1;32m[Msg] [0m[1;32mDisable collision[0m[1;32m service on [[0m[1;32m/world/new_room_world/disable_collision/blocking[0m[1;32m] (blocking)[0m[1;32m[0m
[gz-8] [1;32m[Msg] [0m[1;32mMaterial[0m[1;32m service on [[0m[1;32m/world/new_room_world/visual_config[0m[1;32m] (async)[0m[1;32m[0m
[gz-8] [1;32m[Msg] [0m[1;32mMaterial[0m[1;32m service on [[0m[1;32m/world/new_room_world/visual_config/blocking[0m[1;32m] (blocking)[0m[1;32m[0m
[gz-8] [1;32m[Msg] [0m[1;32mMaterial[0m[1;32m service on [[0m[1;32m/world/new_room_world/wheel_slip[0m[1;32m] (async)[0m[1;32m[0m
[gz-8] [1;32m[Msg] [0m[1;32mMaterial[0m[1;32m service on [[0m[1;32m/world/new_room_world/wheel_slip/blocking[0m[1;32m] (blocking)[0m[1;32m[0m
[gz-9] [1;33m[GUI] [Wrn] [Application.cc:908] [0m[1;33m[QT] file:///usr/lib/x86_64-linux-gnu/qt5/qml/QtQuick/Dialogs/DefaultFileDialog.qml:413:17: QML ToolButton: Binding loop detected for property "implicitHeight"[0m[1;33m[0m
[gz-9] [1;33m[GUI] [Wrn] [Application.cc:908] [0m[1;33m[QT] file:///usr/lib/x86_64-linux-gnu/qt5/qml/QtQuick/Dialogs/DefaultFileDialog.qml:309:21: QML Button: Binding loop detected for property "implicitHeight"[0m[1;33m[0m
[gz-9] [1;33m[GUI] [Wrn] [Application.cc:908] [0m[1;33m[QT] file:///usr/lib/x86_64-linux-gnu/qt5/qml/QtQuick/Dialogs/DefaultFileDialog.qml:309:21: QML Button: Binding loop detected for property "implicitHeight"[0m[1;33m[0m
[create-5] [INFO] [1790222834.475258423] [ros_gz_sim]: Waiting messages on topic [robot_description].
[create-5] [INFO] [1790222834.487748246] [ros_gz_sim]: Entity creation successful.
[INFO] [create-5]: process has finished cleanly [pid 17328]
[gz-9] [1;32m[Msg] [0m[1;32mGazebo Sim GUI    v[0m[1;32m8.11.0[0m[1;32m[0m
[gz-9] [1;32m[Msg] [0m[1;32mDetected Wayland. Setting Qt to use the xcb plugin: [0m[1;32m'QT_QPA_PLATFORM=xcb'.[0m[1;32m[0m
[gz-9] [1;36m[Dbg] [Application.cc:96] [0m[1;36mInitializing application.[0m[1;36m[0m
[gz-9] [1;36m[Dbg] [Application.cc:170] [0m[1;36mQt using OpenGL graphics interface[0m[1;36m[0m
[gz-9] [1;36m[GUI] [Dbg] [Application.cc:657] [0m[1;36mCreate main window[0m[1;36m[0m
[gz-9] [1;36m[GUI] [Dbg] [PathManager.cc:68] [0m[1;36mRequesting resource paths through [[0m[1;36m/gazebo/resource_paths/get[0m[1;36m][0m[1;36m[0m
[gz-9] [1;36m[GUI] [Dbg] [Gui.cc:355] [0m[1;36mGUI requesting list of world names. The server may be busy [0m[1;36mdownloading resources. Please be patient.[0m[1;36m[0m
[gz-9] [1;36m[GUI] [Dbg] [Gui.cc:413] [0m[1;36mRequesting GUI from [[0m[1;36m/world/new_room_world/gui/info[0m[1;36m]...[0m[1;36m[0m
[gz-9] [1;36m[GUI] [Dbg] [PathManager.cc:57] [0m[1;36mReceived resource paths.[0m[1;36m[0m
[gz-9] [1;36m[GUI] [Dbg] [GuiRunner.cc:149] [0m[1;36mRequesting initial state from [[0m[1;36m/world/new_room_world/state[0m[1;36m]...[0m[1;36m[0m
[gz-9] [1;32m[GUI] [0m[1;32m[Msg] [0m[1;32mLoading config [[0m[1;32m/home/com1/.gz/sim/8/gui.config[0m[1;32m][0m[1;32m[0m
[gz-9] [1;36m[GUI] [Dbg] [Application.cc:528] [0m[1;36mLoading plugin [[0m[1;36mMinimalScene[0m[1;36m][0m[1;36m[0m
[gz-9] [1;36m[GUI] [Dbg] [MinimalScene.cc:802] [0m[1;36mCreating gz-rendering interface for OpenGL[0m[1;36m[0m
[gz-9] [1;36m[GUI] [Dbg] [MinimalScene.cc:802] [0m[1;36mCreating gz-rendering interface for OpenGL[0m[1;36m[0m
[gz-9] [1;36m[GUI] [Dbg] [MinimalScene.cc:986] [0m[1;36mCreating render thread interface for OpenGL[0m[1;36m[0m
[gz-9] [1;36m[GUI] [Dbg] [MinimalScene.cc:802] [0m[1;36mCreating gz-rendering interface for OpenGL[0m[1;36m[0m
[gz-9] [1;36m[GUI] [Dbg] [MinimalScene.cc:986] [0m[1;36mCreating render thread interface for OpenGL[0m[1;36m[0m
[gz-9] [1;32m[GUI] [0m[1;32m[Msg] [0m[1;32mAdded plugin [[0m[1;32m3D View[0m[1;32m] to main window[0m[1;32m[0m
[gz-9] [1;32m[GUI] [0m[1;32m[Msg] [0m[1;32mLoaded plugin [[0m[1;32mMinimalScene[0m[1;32m] from path [[0m[1;32m/opt/ros/jazzy/opt/gz_gui_vendor/lib/gz-gui-8/plugins/libMinimalScene.so[0m[1;32m][0m[1;32m[0m
[gz-9] [1;36m[GUI] [Dbg] [Application.cc:528] [0m[1;36mLoading plugin [[0m[1;36mEntityContextMenuPlugin[0m[1;36m][0m[1;36m[0m
[gz-9] [1;32m[GUI] [0m[1;32m[Msg] [0m[1;32mCurrently tracking topic on [[0m[1;32m/gui/currently_tracked[0m[1;32m][0m[1;32m[0m
[gz-9] [1;32m[GUI] [0m[1;32m[Msg] [0m[1;32mAdded plugin [[0m[1;32mEntity Context Menu[0m[1;32m] to main window[0m[1;32m[0m
[gz-9] [1;32m[GUI] [0m[1;32m[Msg] [0m[1;32mLoaded plugin [[0m[1;32mEntityContextMenuPlugin[0m[1;32m] from path [[0m[1;32m/opt/ros/jazzy/opt/gz_sim_vendor/lib/gz-sim-8/plugins/gui/libEntityContextMenuPlugin.so[0m[1;32m][0m[1;32m[0m
[gz-9] [1;36m[GUI] [Dbg] [Application.cc:528] [0m[1;36mLoading plugin [[0m[1;36mGzSceneManager[0m[1;36m][0m[1;36m[0m
[gz-9] [1;32m[GUI] [0m[1;32m[Msg] [0m[1;32mAdded plugin [[0m[1;32mScene Manager[0m[1;32m] to main window[0m[1;32m[0m
[gz-9] [1;32m[GUI] [0m[1;32m[Msg] [0m[1;32mLoaded plugin [[0m[1;32mGzSceneManager[0m[1;32m] from path [[0m[1;32m/opt/ros/jazzy/opt/gz_sim_vendor/lib/gz-sim-8/plugins/gui/libGzSceneManager.so[0m[1;32m][0m[1;32m[0m
[gz-9] [1;36m[GUI] [Dbg] [Application.cc:528] [0m[1;36mLoading plugin [[0m[1;36mInteractiveViewControl[0m[1;36m][0m[1;36m[0m
[gz-9] [1;32m[GUI] [0m[1;32m[Msg] [0m[1;32mCamera view controller topic advertised on [[0m[1;32m/gui/camera/view_control[0m[1;32m][0m[1;32m[0m
[gz-9] [1;32m[GUI] [0m[1;32m[Msg] [0m[1;32mCamera reference visual topic advertised on [[0m[1;32m/gui/camera/view_control/reference_visual[0m[1;32m][0m[1;32m[0m
[gz-9] [1;32m[GUI] [0m[1;32m[Msg] [0m[1;32mCamera view control sensitivity advertised on [[0m[1;32m/gui/camera/view_control/sensitivity[0m[1;32m][0m[1;32m[0m
[parameter_bridge-2] [INFO] [1790222834.780099399] [bridge_ros_gz]: Creating GZ->ROS Bridge: [/clock (gz.msgs.Clock) -> clock (rosgraph_msgs/msg/Clock)] (Lazy 0)
[parameter_bridge-2] [INFO] [1790222834.782234268] [bridge_ros_gz]: Creating GZ->ROS Bridge: [joint_states (gz.msgs.Model) -> joint_states (sensor_msgs/msg/JointState)] (Lazy 0)
[parameter_bridge-2] [INFO] [1790222834.785410662] [bridge_ros_gz]: Creating GZ->ROS Bridge: [/odom (gz.msgs.Odometry) -> odom (nav_msgs/msg/Odometry)] (Lazy 0)
[parameter_bridge-2] [INFO] [1790222834.787542714] [bridge_ros_gz]: Creating GZ->ROS Bridge: [/tf (gz.msgs.Pose_V) -> tf (tf2_msgs/msg/TFMessage)] (Lazy 0)
[parameter_bridge-2] [INFO] [1790222834.790067432] [bridge_ros_gz]: Creating GZ->ROS Bridge: [/imu (gz.msgs.IMU) -> imu (sensor_msgs/msg/Imu)] (Lazy 0)
[parameter_bridge-2] [INFO] [1790222834.791164778] [bridge_ros_gz]: Creating GZ->ROS Bridge: [/scan (gz.msgs.LaserScan) -> scan (sensor_msgs/msg/LaserScan)] (Lazy 0)
[parameter_bridge-2] [INFO] [1790222834.791635450] [bridge_ros_gz]: Creating ROS->GZ Bridge: [cmd_vel (geometry_msgs/msg/Twist) -> /cmd_vel (gz.msgs.Twist)] (Lazy 0)
[parameter_bridge-2] [INFO] [1790222834.792735873] [bridge_ros_gz]: Creating GZ->ROS Bridge: [/rgbd_camera/camera_info (gz.msgs.CameraInfo) -> /rgbd_camera/camera_info (sensor_msgs/msg/CameraInfo)] (Lazy 0)
[gz-9] [1;32m[GUI] [0m[1;32m[Msg] [0m[1;32mAdded plugin [[0m[1;32mInteractive view control[0m[1;32m] to main window[0m[1;32m[0m
[gz-9] [1;32m[GUI] [0m[1;32m[Msg] [0m[1;32mLoaded plugin [[0m[1;32mInteractiveViewControl[0m[1;32m] from path [[0m[1;32m/opt/ros/jazzy/opt/gz_gui_vendor/lib/gz-gui-8/plugins/libInteractiveViewControl.so[0m[1;32m][0m[1;32m[0m
[gz-9] [1;36m[GUI] [Dbg] [Application.cc:528] [0m[1;36mLoading plugin [[0m[1;36mCameraTracking[0m[1;36m][0m[1;36m[0m
[gz-9] [1;32m[GUI] [0m[1;32m[Msg] [0m[1;32mAdded plugin [[0m[1;32mCamera tracking[0m[1;32m] to main window[0m[1;32m[0m
[gz-9] [1;32m[GUI] [0m[1;32m[Msg] [0m[1;32mLoaded plugin [[0m[1;32mCameraTracking[0m[1;32m] from path [[0m[1;32m/opt/ros/jazzy/opt/gz_gui_vendor/lib/gz-gui-8/plugins/libCameraTracking.so[0m[1;32m][0m[1;32m[0m
[gz-9] [1;36m[GUI] [Dbg] [Application.cc:528] [0m[1;36mLoading plugin [[0m[1;36mMarkerManager[0m[1;36m][0m[1;36m[0m
[gz-9] [1;32m[GUI] [0m[1;32m[Msg] [0m[1;32mListening to stats on [[0m[1;32m/world/new_room_world/stats[0m[1;32m][0m[1;32m[0m
[gz-9] [1;32m[GUI] [0m[1;32m[Msg] [0m[1;32mAdded plugin [[0m[1;32mMarker Manager[0m[1;32m] to main window[0m[1;32m[0m
[gz-9] [1;32m[GUI] [0m[1;32m[Msg] [0m[1;32mLoaded plugin [[0m[1;32mMarkerManager[0m[1;32m] from path [[0m[1;32m/opt/ros/jazzy/opt/gz_gui_vendor/lib/gz-gui-8/plugins/libMarkerManager.so[0m[1;32m][0m[1;32m[0m
[gz-9] [1;36m[GUI] [Dbg] [Application.cc:528] [0m[1;36mLoading plugin [[0m[1;36mSelectEntities[0m[1;36m][0m[1;36m[0m
[gz-9] [1;32m[GUI] [0m[1;32m[Msg] [0m[1;32mAdded plugin [[0m[1;32mSelect entities[0m[1;32m] to main window[0m[1;32m[0m
[gz-9] [1;32m[GUI] [0m[1;32m[Msg] [0m[1;32mLoaded plugin [[0m[1;32mSelectEntities[0m[1;32m] from path [[0m[1;32m/opt/ros/jazzy/opt/gz_sim_vendor/lib/gz-sim-8/plugins/gui/libSelectEntities.so[0m[1;32m][0m[1;32m[0m
[gz-9] [1;36m[GUI] [Dbg] [Application.cc:528] [0m[1;36mLoading plugin [[0m[1;36mSpawn[0m[1;36m][0m[1;36m[0m
[gz-9] [1;32m[GUI] [0m[1;32m[Msg] [0m[1;32mAdded plugin [[0m[1;32mSpawn[0m[1;32m] to main window[0m[1;32m[0m
[gz-9] [1;32m[GUI] [0m[1;32m[Msg] [0m[1;32mLoaded plugin [[0m[1;32mSpawn[0m[1;32m] from path [[0m[1;32m/opt/ros/jazzy/opt/gz_sim_vendor/lib/gz-sim-8/plugins/gui/libSpawn.so[0m[1;32m][0m[1;32m[0m
[gz-9] [1;36m[GUI] [Dbg] [Application.cc:528] [0m[1;36mLoading plugin [[0m[1;36mVisualizationCapabilities[0m[1;36m][0m[1;36m[0m
[gz-9] [1;32m[GUI] [0m[1;32m[Msg] [0m[1;32mView as transparent service on [[0m[1;32m/gui/view/transparent[0m[1;32m][0m[1;32m[0m
[gz-9] [1;32m[GUI] [0m[1;32m[Msg] [0m[1;32mView as wireframes service on [[0m[1;32m/gui/view/wireframes[0m[1;32m][0m[1;32m[0m
[gz-9] [1;32m[GUI] [0m[1;32m[Msg] [0m[1;32mView center of mass service on [[0m[1;32m/gui/view/com[0m[1;32m][0m[1;32m[0m
[gz-9] [1;32m[GUI] [0m[1;32m[Msg] [0m[1;32mView inertia service on [[0m[1;32m/gui/view/inertia[0m[1;32m][0m[1;32m[0m
[gz-9] [1;32m[GUI] [0m[1;32m[Msg] [0m[1;32mView collisions service on [[0m[1;32m/gui/view/collisions[0m[1;32m][0m[1;32m[0m
[gz-9] [1;32m[GUI] [0m[1;32m[Msg] [0m[1;32mView joints service on [[0m[1;32m/gui/view/joints[0m[1;32m][0m[1;32m[0m
[gz-9] [1;32m[GUI] [0m[1;32m[Msg] [0m[1;32mView frames service on [[0m[1;32m/gui/view/frames[0m[1;32m][0m[1;32m[0m
[gz-9] [1;32m[GUI] [0m[1;32m[Msg] [0m[1;32mAdded plugin [[0m[1;32mVisualization capabilities[0m[1;32m] to main window[0m[1;32m[0m
[gz-9] [1;32m[GUI] [0m[1;32m[Msg] [0m[1;32mLoaded plugin [[0m[1;32mVisualizationCapabilities[0m[1;32m] from path [[0m[1;32m/opt/ros/jazzy/opt/gz_sim_vendor/lib/gz-sim-8/plugins/gui/libVisualizationCapabilities.so[0m[1;32m][0m[1;32m[0m
[gz-9] [1;36m[GUI] [Dbg] [Application.cc:528] [0m[1;36mLoading plugin [[0m[1;36mWorldControl[0m[1;36m][0m[1;36m[0m
[gz-9] [1;32m[GUI] [0m[1;32m[Msg] [0m[1;32mUsing world control service [[0m[1;32m/world/new_room_world/control[0m[1;32m][0m[1;32m[0m
[gz-9] [1;32m[GUI] [0m[1;32m[Msg] [0m[1;32mListening to stats on [[0m[1;32m/world/new_room_world/stats[0m[1;32m][0m[1;32m[0m
[gz-9] [1;36m[GUI] [Dbg] [WorldControl.cc:237] [0m[1;36mUsing an event to share WorldControl msgs with the server[0m
[gz-9] [1;33m[GUI] [Wrn] [Application.cc:908] [0m[1;33m[QT] file:///usr/lib/x86_64-linux-gnu/qt5/qml/QtQuick/Dialogs/DefaultFileDialog.qml:413:17: QML ToolButton: Binding loop detected for property "implicitHeight"[0m[1;33m[0m
[gz-9] [1;33m[GUI] [Wrn] [Application.cc:908] [0m[1;33m[QT] file:///usr/lib/x86_64-linux-gnu/qt5/qml/QtQuick/Dialogs/DefaultFileDialog.qml:309:21: QML Button: Binding loop detected for property "implicitHeight"[0m[1;33m[0m
[gz-9] [1;33m[GUI] [Wrn] [Application.cc:908] [0m[1;33m[QT] file:///usr/lib/x86_64-linux-gnu/qt5/qml/QtQuick/Dialogs/DefaultFileDialog.qml:309:21: QML Button: Binding loop detected for property "implicitHeight"[0m[1;33m[0m
[gz-9] [1;33m[GUI] [Wrn] [Application.cc:908] [0m[1;33m[QT] file::/ComponentInspector/ComponentInspector.qml:251:3: QML Dialog: Binding loop detected for property "implicitHeight"[0m[1;33m[0m
[gz-9] [1;33m[GUI] [Wrn] [Application.cc:908] [0m[1;33m[QT] file:///usr/lib/x86_64-linux-gnu/qt5/qml/QtQuick/Dialogs/DefaultFileDialog.qml:413:17: QML ToolButton: Binding loop detected for property "implicitHeight"[0m[1;33m[0m
[gz-9] [1;33m[GUI] [Wrn] [Application.cc:908] [0m[1;33m[QT] file:///usr/lib/x86_64-linux-gnu/qt5/qml/QtQuick/Dialogs/DefaultFileDialog.qml:309:21: QML Button: Binding loop detected for property "implicitHeight"[0m[1;33m[0m
[gz-9] [1;33m[GUI] [Wrn] [Application.cc:908] [0m[1;33m[QT] file:///usr/lib/x86_64-linux-gnu/qt5/qml/QtQuick/Dialogs/DefaultFileDialog.qml:309:21: QML Button: Binding loop detected for property "implicitHeight"[0m[1;33m[0m
[gz-9] [1;32m[GUI] [0m[1;32m[Msg] [0m[1;32mAdded plugin [[0m[1;32mWorld control[0m[1;32m] to main window[0m[1;32m[0m
[gz-9] [1;32m[GUI] [0m[1;32m[Msg] [0m[1;32mLoaded plugin [[0m[1;32mWorldControl[0m[1;32m] from path [[0m[1;32m/opt/ros/jazzy/opt/gz_gui_vendor/lib/gz-gui-8/plugins/libWorldControl.so[0m[1;32m][0m[1;32m[0m
[gz-9] [1;36m[GUI] [Dbg] [Application.cc:528] [0m[1;36mLoading plugin [[0m[1;36mWorldStats[0m[1;36m][0m[1;36m[0m
[gz-9] [1;32m[GUI] [0m[1;32m[Msg] [0m[1;32mListening to stats on [[0m[1;32m/world/new_room_world/stats[0m[1;32m][0m[1;32m[0m
[gz-9] [1;32m[GUI] [0m[1;32m[Msg] [0m[1;32mAdded plugin [[0m[1;32mWorld stats[0m[1;32m] to main window[0m[1;32m[0m
[gz-9] [1;32m[GUI] [0m[1;32m[Msg] [0m[1;32mLoaded plugin [[0m[1;32mWorldStats[0m[1;32m] from path [[0m[1;32m/opt/ros/jazzy/opt/gz_gui_vendor/lib/gz-gui-8/plugins/libWorldStats.so[0m[1;32m][0m[1;32m[0m
[gz-9] [1;36m[GUI] [Dbg] [Application.cc:528] [0m[1;36mLoading plugin [[0m[1;36mShapes[0m[1;36m][0m[1;36m[0m
[gz-9] [1;32m[GUI] [0m[1;32m[Msg] [0m[1;32mAdded plugin [[0m[1;32mShapes[0m[1;32m] to main window[0m[1;32m[0m
[gz-9] [1;32m[GUI] [0m[1;32m[Msg] [0m[1;32mLoaded plugin [[0m[1;32mShapes[0m[1;32m] from path [[0m[1;32m/opt/ros/jazzy/opt/gz_sim_vendor/lib/gz-sim-8/plugins/gui/libShapes.so[0m[1;32m][0m[1;32m[0m
[gz-9] [1;36m[GUI] [Dbg] [Application.cc:528] [0m[1;36mLoading plugin [[0m[1;36mLights[0m[1;36m][0m[1;36m[0m
[gz-9] [1;32m[GUI] [0m[1;32m[Msg] [0m[1;32mAdded plugin [[0m[1;32mLights[0m[1;32m] to main window[0m[1;32m[0m
[gz-9] [1;32m[GUI] [0m[1;32m[Msg] [0m[1;32mLoaded plugin [[0m[1;32mLights[0m[1;32m] from path [[0m[1;32m/opt/ros/jazzy/opt/gz_sim_vendor/lib/gz-sim-8/plugins/gui/libLights.so[0m[1;32m][0m[1;32m[0m
[gz-9] [1;36m[GUI] [Dbg] [Application.cc:528] [0m[1;36mLoading plugin [[0m[1;36mTransformControl[0m[1;36m][0m[1;36m[0m
[gz-9] [1;32m[GUI] [0m[1;32m[Msg] [0m[1;32mAdded plugin [[0m[1;32mTransform control[0m[1;32m] to main window[0m[1;32m[0m
[gz-9] [1;32m[GUI] [0m[1;32m[Msg] [0m[1;32mLoaded plugin [[0m[1;32mTransformControl[0m[1;32m] from path [[0m[1;32m/opt/ros/jazzy/opt/gz_sim_vendor/lib/gz-sim-8/plugins/gui/libTransformControl.so[0m[1;32m][0m[1;32m[0m
[gz-9] [1;36m[GUI] [Dbg] [Application.cc:528] [0m[1;36mLoading plugin [[0m[1;36mScreenshot[0m[1;36m][0m[1;36m[0m
[gz-9] [1;32m[GUI] [0m[1;32m[Msg] [0m[1;32mScreenshot service on [[0m[1;32m/gui/screenshot[0m[1;32m][0m[1;32m[0m
[gz-9] [1;32m[GUI] [0m[1;32m[Msg] [0m[1;32mAdded plugin [[0m[1;32mScreenshot[0m[1;32m] to main window[0m[1;32m[0m
[gz-9] [1;32m[GUI] [0m[1;32m[Msg] [0m[1;32mLoaded plugin [[0m[1;32mScreenshot[0m[1;32m] from path [[0m[1;32m/opt/ros/jazzy/opt/gz_gui_vendor/lib/gz-gui-8/plugins/libScreenshot.so[0m[1;32m][0m[1;32m[0m
[gz-9] [1;36m[GUI] [Dbg] [Application.cc:528] [0m[1;36mLoading plugin [[0m[1;36mCopyPaste[0m[1;36m][0m[1;36m[0m
[gz-9] [1;32m[GUI] [0m[1;32m[Msg] [0m[1;32mAdded plugin [[0m[1;32mCopy/Paste[0m[1;32m] to main window[0m[1;32m[0m
[gz-9] [1;32m[GUI] [0m[1;32m[Msg] [0m[1;32mLoaded plugin [[0m[1;32mCopyPaste[0m[1;32m] from path [[0m[1;32m/opt/ros/jazzy/opt/gz_sim_vendor/lib/gz-sim-8/plugins/gui/libCopyPaste.so[0m[1;32m][0m[1;32m[0m
[gz-9] [1;36m[GUI] [Dbg] [Application.cc:528] [0m[1;36mLoading plugin [[0m[1;36mComponentInspector[0m[1;36m][0m[1;36m[0m
[gz-9] [1;32m[GUI] [0m[1;32m[Msg] [0m[1;32mAdded plugin [[0m[1;32mComponent inspector[0m[1;32m] to main window[0m[1;32m[0m
[gz-9] [1;32m[GUI] [0m[1;32m[Msg] [0m[1;32mLoaded plugin [[0m[1;32mComponentInspector[0m[1;32m] from path [[0m[1;32m/opt/ros/jazzy/opt/gz_sim_vendor/lib/gz-sim-8/plugins/gui/libComponentInspector.so[0m[1;32m][0m[1;32m[0m
[gz-9] [1;36m[GUI] [Dbg] [Application.cc:528] [0m[1;36mLoading plugin [[0m[1;36mEntityTree[0m[1;36m][0m[1;36m[0m
[gz-9] [1;32m[GUI] [0m[1;32m[Msg] [0m[1;32mCurrently tracking topic on [[0m[1;32m/gui/currently_tracked[0m[1;32m][0m[1;32m[0m
[gz-9] [1;33m[GUI] [Wrn] [Application.cc:908] [0m[1;33m[QT] file::/WorldStats/WorldStats.qml:53:3: QML RowLayout: Binding loop detected for property "x"[0m[1;33m[0m
[gz-9] libEGL warning: failed to open /dev/dri/renderD128: Permission denied
[gz-9] 
[gz-9] libEGL warning: failed to open /dev/dri/renderD128: Permission denied
[gz-9] 
[gz-9] libEGL warning: failed to open /dev/dri/card1: Permission denied
[gz-9] 
[gz-9] [1;33m[GUI] [Wrn] [Ogre2RenderTarget.cc:668] [0m[1;33mAnti-aliasing level of '[0m[1;33m[0m[1;33m' [0m[1;33mis not supported; valid FSAA levels are: [0m[1;33m[ 0 ][0m[1;33m. Setting to 1[0m[1;33m[0m
[gz-8] [1;36m[Dbg] [SystemManager.cc:80] [0m[1;36mLoaded system [[0m[1;36mgz::sim::systems::UserCommands[0m[1;36m] for entity [[0m[1;36m1[0m[1;36m][0m[1;36m[0m
[gz-8] [1;36m[Dbg] [SystemManager.cc:80] [0m[1;36mLoaded system [[0m[1;36mgz::sim::systems::SceneBroadcaster[0m[1;36m] for entity [[0m[1;36m1[0m[1;36m][0m[1;36m[0m
[gz-8] [1;36m[Dbg] [Sensors.cc:697] [0m[1;36mConfiguring Sensors system[0m[1;36m[0m
[gz-8] [1;36m[Dbg] [Sensors.cc:557] [0m[1;36mSensorsPrivate::Run[0m[1;36m[0m
[gz-8] [1;36m[Dbg] [SystemManager.cc:80] [0m[1;36mLoaded system [[0m[1;36mgz::sim::systems::Sensors[0m[1;36m] for entity [[0m[1;36m1[0m[1;36m][0m[1;36m[0m
[gz-8] [1;36m[Dbg] [Sensors.cc:532] [0m[1;36mSensorsPrivate::RenderThread started[0m[1;36m[0m
[gz-8] [1;36m[Dbg] [Sensors.cc:337] [0m[1;36mWaiting for init[0m[1;36m[0m
[gz-8] [1;36m[Dbg] [SystemManager.cc:80] [0m[1;36mLoaded system [[0m[1;36mgz::sim::systems::Imu[0m[1;36m] for entity [[0m[1;36m1[0m[1;36m][0m[1;36m[0m
[gz-8] [1;32m[Msg] [0m[1;32mLoaded level [[0m[1;32mdefault[0m[1;32m][0m[1;32m[0m
[gz-8] [1;32m[Msg] [0m[1;32mServing world controls on [[0m[1;32m/world/new_room_world[0m[1;32m/control], [[0m[1;32m/world/new_room_world[0m[1;32m/control/state] and [[0m[1;32m/world/new_room_world[0m[1;32m/playback/control][0m[1;32m[0m
[gz-8] [1;32m[Msg] [0m[1;32mServing GUI information on [[0m[1;32m/world/new_room_world[0m[1;32m/[0m[1;32mgui/info[0m[1;32m][0m[1;32m[0m
[gz-8] [1;32m[Msg] [0m[1;32mWorld [[0m[1;32mnew_room_world[0m[1;32m] initialized with [[0m[1;32mnew_room_realtime[0m[1;32m] physics profile.[0m[1;32m[0m
[gz-8] [1;32m[Msg] [0m[1;32mServing world SDF generation service on [[0m[1;32m/world/new_room_world[0m[1;32m/[0m[1;32mgenerate_world_sdf[0m[1;32m][0m[1;32m[0m
[gz-8] [1;32m[Msg] [0m[1;32mServing world names on [[0m[1;32m/gazebo/worlds[0m[1;32m][0m[1;32m[0m
[gz-8] [1;32m[Msg] [0m[1;32mResource path add service on [[0m[1;32m/gazebo/resource_paths/add[0m[1;32m].[0m[1;32m[0m
[gz-8] [1;32m[Msg] [0m[1;32mResource path get service on [[0m[1;32m/gazebo/resource_paths/get[0m[1;32m].[0m[1;32m[0m
[gz-8] [1;32m[Msg] [0m[1;32mResource path resolve service on [[0m[1;32m/gazebo/resource_paths/resolve[0m[1;32m].[0m[1;32m[0m
[gz-8] [1;32m[Msg] [0m[1;32mResource paths published on [[0m[1;32m/gazebo/resource_paths[0m[1;32m].[0m[1;32m[0m
[gz-8] [1;32m[Msg] [0m[1;32mServer control service on [[0m[1;32m/server_control[0m[1;32m].[0m[1;32m[0m
[gz-8] [1;32m[Msg] [0m[1;32mFound no publishers on /stats, adding root stats topic[0m[1;32m[0m
[gz-8] [1;32m[Msg] [0m[1;32mFound no publishers on /clock, adding root clock topic[0m[1;32m[0m
[gz-8] [1;36m[Dbg] [SimulationRunner.cc:551] [0m[1;36mCreating PostUpdate worker threads: [0m[1;36m4[0m[1;36m[0m
[gz-8] [1;36m[Dbg] [SimulationRunner.cc:562] [0m[1;36mCreating postupdate worker thread ([0m[1;36m0[0m[1;36m)[0m[1;36m[0m
[gz-8] [1;36m[Dbg] [SimulationRunner.cc:562] [0m[1;36mCreating postupdate worker thread ([0m[1;36m1[0m[1;36m)[0m[1;36m[0m
[gz-8] [1;36m[Dbg] [SimulationRunner.cc:562] [0m[1;36mCreating postupdate worker thread ([0m[1;36m2[0m[1;36m)[0m[1;36m[0m
[gz-8] [1;33mWarning [Utils.cc:132][0m [/sdf/model[@name="turtlebot4"]/link[@name="rplidar_link"]/sensor[@name="rplidar"]/gz_frame_id:<urdf-string>:L0]: XML Element[gz_frame_id], child of element[sensor], not defined in SDF. Copying[gz_frame_id] as children of [sensor].
[gz-8] [1;33m[Wrn] [SdfEntityCreator.cc:933] [0m[1;33mGazebo does not support Ogre material scripts. See [0m[1;33mhttps://gazebosim.org/api/sim/8/migrationsdf.html#:~:text=Materials [0m[1;33mfor details.[0m[1;33m[0m
[gz-8] [1;33m[Wrn] [SdfEntityCreator.cc:949] [0m[1;33mUsing an internal gazebo.material to parse [0m[1;33mGazebo/DarkGrey[0m[1;33m[0m
[gz-8] [1;33m[Wrn] [SdfEntityCreator.cc:933] [0m[1;33mGazebo does not support Ogre material scripts. See [0m[1;33mhttps://gazebosim.org/api/sim/8/migrationsdf.html#:~:text=Materials [0m[1;33mfor details.[0m[1;33m[0m
[gz-8] [1;33m[Wrn] [SdfEntityCreator.cc:949] [0m[1;33mUsing an internal gazebo.material to parse [0m[1;33mGazebo/DarkGrey[0m[1;33m[0m
[gz-8] [1;33m[Wrn] [SdfEntityCreator.cc:933] [0m[1;33mGazebo does not support Ogre material scripts. See [0m[1;33mhttps://gazebosim.org/api/sim/8/migrationsdf.html#:~:text=Materials [0m[1;33mfor details.[0m[1;33m[0m
[gz-8] [1;33m[Wrn] [SdfEntityCreator.cc:949] [0m[1;33mUsing an internal gazebo.material to parse [0m[1;33mGazebo/DarkGrey[0m[1;33m[0m
[gz-8] [1;32m[Msg] [0m[1;32mDiffDrive subscribing to twist messages on [[0m[1;32m/cmd_vel[0m[1;32m][0m[1;32m[0m
[gz-8] [1;36m[Dbg] [SystemManager.cc:80] [0m[1;36mLoaded system [[0m[1;36mgz::sim::systems::DiffDrive[0m[1;36m] for entity [[0m[1;36m144[0m[1;36m][0m[1;36m[0m
[gz-8] [1;36m[Dbg] [SystemManager.cc:80] [0m[1;36mLoaded system [[0m[1;36mgz::sim::systems::JointStatePublisher[0m[1;36m] for entity [[0m[1;36m144[0m[1;36m][0m[1;36m[0m
[gz-8] [1;36m[Dbg] [UserCommands.cc:1094] [0m[1;36mCreated entity [[0m[1;36m144[0m[1;36m] named [[0m[1;36mturtlebot4[0m[1;36m][0m[1;36m[0m
[gz-8] [1;36m[Dbg] [SDFFeatures.cc:332] [0m[1;36mMesh construction from an SDF has not been implemented yet for [0m[1;36mdartsim. Use AttachMeshShapeFeature to use mesh shapes.[0m
[gz-8] [1;36m[Dbg] [SDFFeatures.cc:864] [0m[1;36mThe geometry element of collision [[0m[1;36mbase_link_fixed_joint_lump__bumper_collision_1[0m[1;36m] [0m[1;36mcouldn't be created[0m
[gz-8] [1;36m[Dbg] [SDFFeatures.cc:332] [0m[1;36mMesh construction from an SDF has not been implemented yet for [0m[1;36mdartsim. Use AttachMeshShapeFeature to use mesh shapes.[0m
[gz-8] [1;36m[Dbg] [SDFFeatures.cc:864] [0m[1;36mThe geometry element of collision [[0m[1;36mbase_link_fixed_joint_lump__shell_collision_collision_2[0m[1;36m] [0m[1;36mcouldn't be created[0m
[gz-8] [1;36m[Dbg] [Sensors.cc:953] [0m[1;36mInitialization needed[0m[1;36m[0m
[gz-8] [1;36m[Dbg] [Sensors.cc:349] [0m[1;36mInitializing render context[0m[1;36m[0m
[gz-8] [1;32m[Msg] [0m[1;32mLoading plugin [[0m[1;32mgz-rendering-ogre2[0m[1;32m][0m[1;32m[0m
[gz-8] [1;36m[Dbg] [ImuSensor.cc:150] [0m[1;36mIMU data for [[0m[1;36mturtlebot4::imu_link::imu[0m[1;36m] advertised on [[0m[1;36mimu[0m[1;36m][0m[1;36m[0m
[gz-8] [1;32m[Msg] [0m[1;32mServing scene information on [[0m[1;32m/world/new_room_world[0m[1;32m/[0m[1;32mscene/info[0m[1;32m][0m[1;32m[0m
[gz-8] [1;32m[Msg] [0m[1;32mServing graph information on [[0m[1;32m/world/new_room_world[0m[1;32m/[0m[1;32mscene/graph[0m[1;32m][0m[1;32m[0m
[gz-8] [1;32m[Msg] [0m[1;32mServing full state on [[0m[1;32m/world/new_room_world[0m[1;32m/[0m[1;32mstate[0m[1;32m][0m[1;32m[0m
[gz-8] [1;32m[Msg] [0m[1;32mServing full state (async) on [[0m[1;32m/world/new_room_world[0m[1;32m/[0m[1;32mstate_async[0m[1;32m][0m[1;32m[0m
[gz-8] [1;32m[Msg] [0m[1;32mPublishing scene information on [[0m[1;32m/world/new_room_world/scene/info[0m[1;32m][0m[1;32m[0m
[gz-8] [1;32m[Msg] [0m[1;32mPublishing entity deletions on [[0m[1;32m/world/new_room_world/scene/deletion[0m[1;32m][0m[1;32m[0m
[gz-8] [1;32m[Msg] [0m[1;32mPublishing state changes on [[0m[1;32m/world/new_room_world/state[0m[1;32m][0m[1;32m[0m
[gz-8] [1;32m[Msg] [0m[1;32mPublishing pose messages on [[0m[1;32m/world/new_room_world[0m[1;32m/[0m[1;32mpose/info[0m[1;32m][0m[1;32m[0m
[gz-8] [1;32m[Msg] [0m[1;32mPublishing dynamic pose messages on [[0m[1;32m/world/new_room_world[0m[1;32m/[0m[1;32mdynamic_pose/info[0m[1;32m][0m[1;32m[0m
[gz-8] [1;36m[Dbg] [SimulationRunner.cc:578] [0m[1;36mExiting postupdate worker thread ([0m[1;36m[Dbg] [SimulationRunner.cc:578] 1[0m[1;36m)[0m[1;36m)[Dbg] [SimulationRunner.cc:578] [0m[1;36mExiting postupdate worker thread ([0m[1;36m2[0m[1;36m2[0m[1;36m2[0m[1;36m[0m
[gz-8] [1;36mExiting postupdate worker thread ([0m[1;36m0[0m[1;36m)[0m[1;36m[0m
[gz-8] [1;36m[Dbg] [SimulationRunner.cc:551] [0m[1;36mCreating PostUpdate worker threads: [0m[1;36m6[0m[1;36m[0m
[gz-8] [1;36m[Dbg] [SimulationRunner.cc:562] [0m[1;36mCreating postupdate worker thread ([0m[1;36m0[0m[1;36m)[0m[1;36m[0m
[gz-8] [1;36m[Dbg] [SimulationRunner.cc:562] [0m[1;36mCreating postupdate worker thread ([0m[1;36m1[0m[1;36m)[0m[1;36m[0m
[gz-8] [1;36m[Dbg] [SimulationRunner.cc:562] [0m[1;36mCreating postupdate worker thread ([0m[1;36m2[0m[1;36m)[0m[1;36m[0m
[gz-8] [1;36m[Dbg] [SimulationRunner.cc:562] [0m[1;36mCreating postupdate worker thread ([0m[1;36m3[0m[1;36m)[0m[1;36m[0m
[gz-8] libEGL warning: failed to open /dev/dri/renderD128: Permission denied
[gz-8] 
[gz-8] libEGL warning: failed to open /dev/dri/renderD128: Permission denied
[gz-8] 
[gz-8] libEGL warning: failed to open /dev/dri/card1: Permission denied
[gz-8] 
[gz-9] [1;32m[GUI] [0m[1;32m[Msg] [0m[1;32mAdded plugin [[0m[1;32mEntity tree[0m[1;32m] to main window[0m[1;32m[0m
[gz-9] [1;32m[GUI] [0m[1;32m[Msg] [0m[1;32mLoaded plugin [[0m[1;32mEntityTree[0m[1;32m] from path [[0m[1;32m/opt/ros/jazzy/opt/gz_sim_vendor/lib/gz-sim-8/plugins/gui/libEntityTree.so[0m[1;32m][0m[1;32m[0m
[gz-9] [1;36m[GUI] [Dbg] [Application.cc:398] [0m[1;36mLoading window config[0m[1;36m[0m
[gz-9] [1;32m[GUI] [0m[1;32m[Msg] [0m[1;32mUsing server control service [[0m[1;32m/server_control[0m[1;32m][0m[1;32m[0m
[gz-9] [1;36m[GUI] [Dbg] [Application.cc:671] [0m[1;36mApplying config[0m[1;36m[0m
[gz-9] [1;36m[GUI] [Dbg] [MinimalScene.cc:802] [0m[1;36mCreating gz-rendering interface for OpenGL[0m[1;36m[0m
[gz-9] [1;36m[GUI] [Dbg] [MinimalScene.cc:986] [0m[1;36mCreating render thread interface for OpenGL[0m[1;36m[0m
[gz-9] [1;32m[GUI] [0m[1;32m[Msg] [0m[1;32mLoading plugin [[0m[1;32mgz-rendering-ogre2[0m[1;32m][0m[1;32m[0m
[gz-9] [1;36m[GUI] [Dbg] [MinimalScene.cc:749] [0m[1;36mCreate scene [[0m[1;36mscene[0m[1;36m][0m[1;36m[0m
[gz-9] [1;36m[GUI] [Dbg] [MinimalScene.cc:1037] [0m[1;36mCreating texture node render interface for OpenGL[0m[1;36m[0m
[gz-9] [1;36m[GUI] [Dbg] [TransformControl.cc:453] [0m[1;36mTransformControl plugin is using camera [[0m[1;36mscene::Camera(65527)[0m[1;36m][0m[1;36m[0m
[gz-9] [1;36m[GUI] [Dbg] [Spawn.cc:308] [0m[1;36mSpawn plugin is using camera [[0m[1;36mscene::Camera(65527)[0m[1;36m][0m[1;36m[0m
[gz-9] [1;36m[GUI] [Dbg] [SelectEntities.cc:452] [0m[1;36mSelectEntities plugin is using camera [[0m[1;36mscene::Camera(65527)[0m[1;36m][0m[1;36m[0m
[gz-9] [1;36m[GUI] [Dbg] [MarkerManager.cc:169] [0m[1;36mAdvertise [0m[1;36m/marker[0m[1;36m/list service.[0m
[gz-9] [1;36m[GUI] [Dbg] [MarkerManager.cc:179] [0m[1;36mAdvertise [0m[1;36m/marker[0m[1;36m/list.[0m
[gz-9] [1;36m[GUI] [Dbg] [MarkerManager.cc:189] [0m[1;36mAdvertise [0m[1;36m/marker[0m[1;36m_array.[0m
[gz-9] [1;36m[GUI] [Dbg] [CameraTracking.cc:205] [0m[1;36mCameraTrackingPrivate plugin is moving camera [[0m[1;36mscene::Camera(65527)[0m[1;36m][0m[1;36m[0m
[gz-9] [1;32m[GUI] [0m[1;32m[Msg] [0m[1;32mMove to service on [[0m[1;32m/gui/move_to[0m[1;32m][0m[1;32m[0m
[gz-9] [1;32m[GUI] [0m[1;32m[Msg] [0m[1;32mFollow service on [[0m[1;32m/gui/follow[0m[1;32m] (deprecated)[0m[1;32m[0m
[gz-9] [1;32m[GUI] [0m[1;32m[Msg] [0m[1;32mTracking topic on [[0m[1;32m/gui/track[0m[1;32m][0m[1;32m[0m
[gz-9] [1;32m[GUI] [0m[1;32m[Msg] [0m[1;32mTracking status topic on [[0m[1;32m/gui/currently_tracked[0m[1;32m][0m[1;32m[0m
[gz-9] [1;32m[GUI] [0m[1;32m[Msg] [0m[1;32mMove to pose service on [[0m[1;32m/gui/move_to/pose[0m[1;32m][0m[1;32m[0m
[gz-9] [1;32m[GUI] [0m[1;32m[Msg] [0m[1;32mCamera pose topic advertised on [[0m[1;32m/gui/camera/pose[0m[1;32m][0m[1;32m[0m
[gz-9] [1;32m[GUI] [0m[1;32m[Msg] [0m[1;32mFollow offset service on [[0m[1;32m/gui/follow/offset[0m[1;32m] (deprecated)[0m[1;32m[0m
[gz-9] [1;36m[GUI] [Dbg] [InteractiveViewControl.cc:176] [0m[1;36mInteractiveViewControl plugin is moving camera [[0m[1;36mscene::Camera(65527)[0m[1;36m][0m[1;36m[0m
[gz-9] [1;36m[GUI] [Dbg] [EntityContextMenuPlugin.cc:79] [0m[1;36mEntity context menu plugin is using camera [[0m[1;36mscene::Camera(65527)[0m[1;36m][0m[1;36m[0m
[gz-9] [1;33mWarning [Utils.cc:132][0m [/sdf/model[@name="turtlebot4"]/link[@name="rplidar_link"]/sensor[@name="rplidar"]/gz_frame_id:<data-string>:L1399]: XML Element[gz_frame_id], child of element[sensor], not defined in SDF. Copying[gz_frame_id] as children of [sensor].
[WARN] [1790222843.760182870] [rcl]: ROS_LOCALHOST_ONLY is deprecated but still honored if it is enabled. Use ROS_AUTOMATIC_DISCOVERY_RANGE and ROS_STATIC_PEERS instead.
[WARN] [1790222843.760209582] [rcl]: 'localhost_only' is enabled, 'automatic_discovery_range' and 'static_peers' will be ignored.
[INFO] [async_slam_toolbox_node-10]: process started with pid [17838]
[async_slam_toolbox_node-10] [WARN] [1790222844.035210251] [rcl]: ROS_LOCALHOST_ONLY is deprecated but still honored if it is enabled. Use ROS_AUTOMATIC_DISCOVERY_RANGE and ROS_STATIC_PEERS instead.
[async_slam_toolbox_node-10] [WARN] [1790222844.035224037] [rcl]: 'localhost_only' is enabled, 'automatic_discovery_range' and 'static_peers' will be ignored.
[async_slam_toolbox_node-10] [INFO] [1790222844.069235996] [slam_toolbox]: Node using stack size 40000000
[async_slam_toolbox_node-10] [INFO] [1790222844.225454411] [slam_toolbox]: Configuring
[async_slam_toolbox_node-10] [INFO] [1790222844.227128595] [slam_toolbox]: Old-map sequential matcher: enabled=false, min_conf=0.25, decay=70.0, keep_first=true, keyframe_dist=1.00, history_radius=1.50, history_max=6
[async_slam_toolbox_node-10] [INFO] [1790222844.242521642] [slam_toolbox]: Using solver plugin solver_plugins::CeresSolver
[async_slam_toolbox_node-10] [INFO] [1790222844.242896870] [slam_toolbox]: CeresSolver adaptive anchor V1: enabled=true, weight=5.00->1.00, decay=70.0, local_gap<=5, loop_gap>=30, evidence=3, mahal_sq>=9.00, release=1.00->1.00
[async_slam_toolbox_node-10] [INFO] [1790222844.243117294] [slam_toolbox]: CeresSolver: Using SCHUR_JACOBI preconditioner.
[INFO] [launch.user]: [LifecycleLaunch] Slamtoolbox node is activating.
[async_slam_toolbox_node-10] [INFO] [1790222844.272330249] [slam_toolbox]: Activating
[async_slam_toolbox_node-10] Registering sensor: [Custom Described Lidar]
[rviz2-7] [INFO] [1790222845.324284136] [rviz2]: Trying to create a map of size 222 x 77 using 1 swatches
[rviz2-7] [ERROR] [1790222845.337843259] [rviz2]: rviz/glsl120/indexed_8bit_image.vert
[rviz2-7] rviz/glsl120/indexed_8bit_image.frag
[rviz2-7]  GLSL link result : 
[rviz2-7] active samplers with a different type refer to the same texture image unit
[INFO] [controller_server-11]: process started with pid [17957]
[INFO] [smoother_server-12]: process started with pid [17958]
[INFO] [planner_server-13]: process started with pid [17959]
[INFO] [route_server-14]: process started with pid [17960]
[INFO] [behavior_server-15]: process started with pid [17961]
[INFO] [bt_navigator-16]: process started with pid [17962]
[INFO] [waypoint_follower-17]: process started with pid [17963]
[INFO] [velocity_smoother-18]: process started with pid [17964]
[INFO] [collision_monitor-19]: process started with pid [17965]
[INFO] [opennav_docking-20]: process started with pid [17966]
[INFO] [lifecycle_manager-21]: process started with pid [17967]
[velocity_smoother-18] [WARN] [1790222853.855370862] [rcl]: ROS_LOCALHOST_ONLY is deprecated but still honored if it is enabled. Use ROS_AUTOMATIC_DISCOVERY_RANGE and ROS_STATIC_PEERS instead.
[velocity_smoother-18] [WARN] [1790222853.855394727] [rcl]: 'localhost_only' is enabled, 'automatic_discovery_range' and 'static_peers' will be ignored.
[waypoint_follower-17] [WARN] [1790222853.857262988] [rcl]: ROS_LOCALHOST_ONLY is deprecated but still honored if it is enabled. Use ROS_AUTOMATIC_DISCOVERY_RANGE and ROS_STATIC_PEERS instead.
[waypoint_follower-17] [WARN] [1790222853.857284994] [rcl]: 'localhost_only' is enabled, 'automatic_discovery_range' and 'static_peers' will be ignored.
[lifecycle_manager-21] [WARN] [1790222853.857595984] [rcl]: ROS_LOCALHOST_ONLY is deprecated but still honored if it is enabled. Use ROS_AUTOMATIC_DISCOVERY_RANGE and ROS_STATIC_PEERS instead.
[lifecycle_manager-21] [WARN] [1790222853.857607622] [rcl]: 'localhost_only' is enabled, 'automatic_discovery_range' and 'static_peers' will be ignored.
[behavior_server-15] [WARN] [1790222853.861106886] [rcl]: ROS_LOCALHOST_ONLY is deprecated but still honored if it is enabled. Use ROS_AUTOMATIC_DISCOVERY_RANGE and ROS_STATIC_PEERS instead.
[behavior_server-15] [WARN] [1790222853.861134070] [rcl]: 'localhost_only' is enabled, 'automatic_discovery_range' and 'static_peers' will be ignored.
[opennav_docking-20] [WARN] [1790222853.864435361] [rcl]: ROS_LOCALHOST_ONLY is deprecated but still honored if it is enabled. Use ROS_AUTOMATIC_DISCOVERY_RANGE and ROS_STATIC_PEERS instead.
[opennav_docking-20] [WARN] [1790222853.864472793] [rcl]: 'localhost_only' is enabled, 'automatic_discovery_range' and 'static_peers' will be ignored.
[bt_navigator-16] [WARN] [1790222853.864630563] [rcl]: ROS_LOCALHOST_ONLY is deprecated but still honored if it is enabled. Use ROS_AUTOMATIC_DISCOVERY_RANGE and ROS_STATIC_PEERS instead.
[bt_navigator-16] [WARN] [1790222853.864646955] [rcl]: 'localhost_only' is enabled, 'automatic_discovery_range' and 'static_peers' will be ignored.
[route_server-14] [WARN] [1790222853.864627075] [rcl]: ROS_LOCALHOST_ONLY is deprecated but still honored if it is enabled. Use ROS_AUTOMATIC_DISCOVERY_RANGE and ROS_STATIC_PEERS instead.
[route_server-14] [WARN] [1790222853.864648442] [rcl]: 'localhost_only' is enabled, 'automatic_discovery_range' and 'static_peers' will be ignored.
[smoother_server-12] [WARN] [1790222853.864795055] [rcl]: ROS_LOCALHOST_ONLY is deprecated but still honored if it is enabled. Use ROS_AUTOMATIC_DISCOVERY_RANGE and ROS_STATIC_PEERS instead.
[smoother_server-12] [WARN] [1790222853.864810654] [rcl]: 'localhost_only' is enabled, 'automatic_discovery_range' and 'static_peers' will be ignored.
[controller_server-11] [WARN] [1790222853.865495049] [rcl]: ROS_LOCALHOST_ONLY is deprecated but still honored if it is enabled. Use ROS_AUTOMATIC_DISCOVERY_RANGE and ROS_STATIC_PEERS instead.
[controller_server-11] [WARN] [1790222853.865511599] [rcl]: 'localhost_only' is enabled, 'automatic_discovery_range' and 'static_peers' will be ignored.
[planner_server-13] [WARN] [1790222853.866619124] [rcl]: ROS_LOCALHOST_ONLY is deprecated but still honored if it is enabled. Use ROS_AUTOMATIC_DISCOVERY_RANGE and ROS_STATIC_PEERS instead.
[planner_server-13] [WARN] [1790222853.866636127] [rcl]: 'localhost_only' is enabled, 'automatic_discovery_range' and 'static_peers' will be ignored.
[collision_monitor-19] [WARN] [1790222853.877999248] [rcl]: ROS_LOCALHOST_ONLY is deprecated but still honored if it is enabled. Use ROS_AUTOMATIC_DISCOVERY_RANGE and ROS_STATIC_PEERS instead.
[collision_monitor-19] [WARN] [1790222853.878025571] [rcl]: 'localhost_only' is enabled, 'automatic_discovery_range' and 'static_peers' will be ignored.
[smoother_server-12] [INFO] [1790222853.924700323] [smoother_server]: 
[smoother_server-12] 	smoother_server lifecycle node launched. 
[smoother_server-12] 	Waiting on external lifecycle transitions to activate
[smoother_server-12] 	See https://design.ros2.org/articles/node_lifecycle.html for more information.
[planner_server-13] [INFO] [1790222853.924852157] [planner_server]: 
[planner_server-13] 	planner_server lifecycle node launched. 
[planner_server-13] 	Waiting on external lifecycle transitions to activate
[planner_server-13] 	See https://design.ros2.org/articles/node_lifecycle.html for more information.
[waypoint_follower-17] [INFO] [1790222853.926048010] [waypoint_follower]: 
[waypoint_follower-17] 	waypoint_follower lifecycle node launched. 
[waypoint_follower-17] 	Waiting on external lifecycle transitions to activate
[waypoint_follower-17] 	See https://design.ros2.org/articles/node_lifecycle.html for more information.
[waypoint_follower-17] [INFO] [1790222853.930096854] [waypoint_follower]: Creating
[planner_server-13] [INFO] [1790222853.935517792] [planner_server]: Creating
[smoother_server-12] [INFO] [1790222853.935613789] [smoother_server]: Creating smoother server
[velocity_smoother-18] [INFO] [1790222853.942240543] [velocity_smoother]: 
[velocity_smoother-18] 	velocity_smoother lifecycle node launched. 
[velocity_smoother-18] 	Waiting on external lifecycle transitions to activate
[velocity_smoother-18] 	See https://design.ros2.org/articles/node_lifecycle.html for more information.
[lifecycle_manager-21] [INFO] [1790222853.942373034] [lifecycle_manager_navigation]: Creating
[bt_navigator-16] [INFO] [1790222853.944775540] [bt_navigator]: 
[bt_navigator-16] 	bt_navigator lifecycle node launched. 
[bt_navigator-16] 	Waiting on external lifecycle transitions to activate
[bt_navigator-16] 	See https://design.ros2.org/articles/node_lifecycle.html for more information.
[bt_navigator-16] [INFO] [1790222853.947570273] [bt_navigator]: Creating
[lifecycle_manager-21] [INFO] [1790222853.957366531] [lifecycle_manager_navigation]: [34m[1mCreating and initializing lifecycle service clients[0m[0m
[planner_server-13] [INFO] [1790222853.958151038] [global_costmap.global_costmap]: 
[planner_server-13] 	global_costmap lifecycle node launched. 
[planner_server-13] 	Waiting on external lifecycle transitions to activate
[planner_server-13] 	See https://design.ros2.org/articles/node_lifecycle.html for more information.
[planner_server-13] [INFO] [1790222853.960793116] [global_costmap.global_costmap]: Creating Costmap
[collision_monitor-19] [INFO] [1790222853.962904326] [collision_monitor]: 
[collision_monitor-19] 	collision_monitor lifecycle node launched. 
[collision_monitor-19] 	Waiting on external lifecycle transitions to activate
[collision_monitor-19] 	See https://design.ros2.org/articles/node_lifecycle.html for more information.
[controller_server-11] [INFO] [1790222853.968900592] [controller_server]: 
[controller_server-11] 	controller_server lifecycle node launched. 
[controller_server-11] 	Waiting on external lifecycle transitions to activate
[controller_server-11] 	See https://design.ros2.org/articles/node_lifecycle.html for more information.
[controller_server-11] [INFO] [1790222853.972834785] [controller_server]: Creating controller server
[opennav_docking-20] [INFO] [1790222853.974131330] [docking_server]: 
[opennav_docking-20] 	docking_server lifecycle node launched. 
[opennav_docking-20] 	Waiting on external lifecycle transitions to activate
[opennav_docking-20] 	See https://design.ros2.org/articles/node_lifecycle.html for more information.
[opennav_docking-20] [INFO] [1790222853.974298317] [docking_server]: Creating docking_server
[route_server-14] [INFO] [1790222853.974542183] [route_server]: 
[route_server-14] 	route_server lifecycle node launched. 
[route_server-14] 	Waiting on external lifecycle transitions to activate
[route_server-14] 	See https://design.ros2.org/articles/node_lifecycle.html for more information.
[behavior_server-15] [INFO] [1790222854.318334638] [behavior_server]: 
[behavior_server-15] 	behavior_server lifecycle node launched. 
[behavior_server-15] 	Waiting on external lifecycle transitions to activate
[behavior_server-15] 	See https://design.ros2.org/articles/node_lifecycle.html for more information.
[controller_server-11] [INFO] [1790222854.343021463] [local_costmap.local_costmap]: 
[controller_server-11] 	local_costmap lifecycle node launched. 
[controller_server-11] 	Waiting on external lifecycle transitions to activate
[controller_server-11] 	See https://design.ros2.org/articles/node_lifecycle.html for more information.
[controller_server-11] [INFO] [1790222854.343679438] [local_costmap.local_costmap]: Creating Costmap
[lifecycle_manager-21] [INFO] [1790222854.703301240] [lifecycle_manager_navigation]: [34m[1mStarting managed nodes bringup...[0m[0m
[lifecycle_manager-21] [INFO] [1790222854.703381220] [lifecycle_manager_navigation]: [34m[1mConfiguring controller_server[0m[0m
[controller_server-11] [INFO] [1790222855.334956363] [controller_server]: Configuring controller interface
[controller_server-11] [INFO] [1790222855.335007995] [controller_server]: getting progress checker plugins..
[controller_server-11] [INFO] [1790222855.335207245] [controller_server]: getting goal checker plugins..
[controller_server-11] [INFO] [1790222855.335421429] [controller_server]: Controller frequency set to 15.0000Hz
[controller_server-11] [INFO] [1790222855.335482709] [local_costmap.local_costmap]: Configuring
[controller_server-11] [INFO] [1790222855.348292724] [local_costmap.local_costmap]: Using plugin "static_layer"
[controller_server-11] [INFO] [1790222855.357487520] [local_costmap.local_costmap]: Subscribing to the map topic (/map) with transient local durability
[controller_server-11] [INFO] [1790222855.361467454] [local_costmap.local_costmap]: Initialized plugin "static_layer"
[controller_server-11] [INFO] [1790222855.361520262] [local_costmap.local_costmap]: Using plugin "voxel_layer"
[controller_server-11] [INFO] [1790222855.362349320] [local_costmap.local_costmap]: Subscribed to Topics: scan
[controller_server-11] [INFO] [1790222855.381241373] [local_costmap.local_costmap]: Initialized plugin "voxel_layer"
[controller_server-11] [INFO] [1790222855.381292832] [local_costmap.local_costmap]: Using plugin "inflation_layer"
[controller_server-11] [INFO] [1790222855.381873149] [local_costmap.local_costmap]: Initialized plugin "inflation_layer"
[controller_server-11] [INFO] [1790222855.408360051] [local_costmap.local_costmap]: StaticLayer: Resizing static layer to 222 X 77 at 0.100000 m/pix
[controller_server-11] [INFO] [1790222855.409852361] [controller_server]: Created progress_checker : progress_checker of type nav2_controller::SimpleProgressChecker
[controller_server-11] [INFO] [1790222855.411794804] [controller_server]: Controller Server has progress_checker  progress checkers available.
[controller_server-11] [INFO] [1790222855.413231690] [controller_server]: Created goal checker : general_goal_checker of type nav2_controller::SimpleGoalChecker
[controller_server-11] [INFO] [1790222855.414330168] [controller_server]: Controller Server has general_goal_checker  goal checkers available.
[controller_server-11] [INFO] [1790222855.419073965] [controller_server]: Created controller : FollowPath of type nav2_mppi_controller::MPPIController
[controller_server-11] [INFO] [1790222855.421375504] [controller_server]: Controller period is equal to model dt. Control sequence shifting is ON
[controller_server-11] [INFO] [1790222855.425414052] [controller_server]: ConstraintCritic instantiated with 1 power and 4.000000 weight.
[controller_server-11] [INFO] [1790222855.425479716] [controller_server]: Critic loaded : mppi::critics::ConstraintCritic
[controller_server-11] [INFO] [1790222855.427921174] [controller_server]: InflationCostCritic instantiated with 1 power and 300.000000 / 0.015000 weights. Critic will collision check based on footprint cost.
[controller_server-11] [INFO] [1790222855.427994719] [controller_server]: Critic loaded : mppi::critics::CostCritic
[controller_server-11] [INFO] [1790222855.428338419] [controller_server]: GoalCritic instantiated with 1 power and 5.000000 weight.
[controller_server-11] [INFO] [1790222855.428358189] [controller_server]: Critic loaded : mppi::critics::GoalCritic
[controller_server-11] [INFO] [1790222855.428655408] [controller_server]: GoalAngleCritic instantiated with 1 power, 3.000000 weight, 0.500000 angular threshold and symmetric_yaw_tolerance disabled
[controller_server-11] [INFO] [1790222855.428674177] [controller_server]: Critic loaded : mppi::critics::GoalAngleCritic
[controller_server-11] [INFO] [1790222855.430171748] [controller_server]: ReferenceTrajectoryCritic instantiated with 1 power and 20.000000 weight
[controller_server-11] [INFO] [1790222855.430211712] [controller_server]: Critic loaded : mppi::critics::PathAlignCritic
[controller_server-11] [INFO] [1790222855.430849196] [controller_server]: Critic loaded : mppi::critics::PathFollowCritic
[controller_server-11] [INFO] [1790222855.431375333] [controller_server]: PathAngleCritic instantiated with 1 power and 4.000000 weight. Mode set to: Forward Preference
[controller_server-11] [INFO] [1790222855.431448662] [controller_server]: Critic loaded : mppi::critics::PathAngleCritic
[controller_server-11] [INFO] [1790222855.432114875] [controller_server]: PreferForwardCritic instantiated with 1 power and 5.000000 weight.
[controller_server-11] [INFO] [1790222855.432142561] [controller_server]: Critic loaded : mppi::critics::PreferForwardCritic
[controller_server-11] [INFO] [1790222855.433323206] [controller_server]: Optimizer reset
[controller_server-11] [INFO] [1790222855.438436957] [MPPIController]: Configured MPPI Controller: FollowPath
[controller_server-11] [INFO] [1790222855.438478250] [controller_server]: Controller Server has FollowPath  controllers available.
[lifecycle_manager-21] [INFO] [1790222855.454652502] [lifecycle_manager_navigation]: [34m[1mConfiguring smoother_server[0m[0m
[smoother_server-12] [INFO] [1790222855.455073524] [smoother_server]: Configuring smoother server
[smoother_server-12] [INFO] [1790222855.471278674] [smoother_server]: Created smoother : simple_smoother of type nav2_smoother::SimpleSmoother
[smoother_server-12] [INFO] [1790222855.471771730] [smoother_server]: Smoother Server has simple_smoother  smoothers available.
[lifecycle_manager-21] [INFO] [1790222855.485507585] [lifecycle_manager_navigation]: [34m[1mConfiguring planner_server[0m[0m
[planner_server-13] [INFO] [1790222855.486053334] [planner_server]: Configuring
[planner_server-13] [INFO] [1790222855.486103586] [global_costmap.global_costmap]: Configuring
[planner_server-13] [INFO] [1790222855.499110806] [global_costmap.global_costmap]: Using plugin "static_layer"
[planner_server-13] [INFO] [1790222855.504502765] [global_costmap.global_costmap]: Subscribing to the map topic (/map) with transient local durability
[planner_server-13] [INFO] [1790222855.507436955] [global_costmap.global_costmap]: Initialized plugin "static_layer"
[planner_server-13] [INFO] [1790222855.507494822] [global_costmap.global_costmap]: Using plugin "obstacle_layer"
[planner_server-13] [INFO] [1790222855.508164867] [global_costmap.global_costmap]: Subscribed to Topics: scan
[planner_server-13] [INFO] [1790222855.516261862] [global_costmap.global_costmap]: Initialized plugin "obstacle_layer"
[planner_server-13] [INFO] [1790222855.516311315] [global_costmap.global_costmap]: Using plugin "inflation_layer"
[planner_server-13] [INFO] [1790222855.516932824] [global_costmap.global_costmap]: Initialized plugin "inflation_layer"
[planner_server-13] [INFO] [1790222855.551169600] [global_costmap.global_costmap]: StaticLayer: Resizing costmap to 222 X 77 at 0.100000 m/pix
[planner_server-13] [INFO] [1790222855.553638394] [planner_server]: Created global planner plugin GridBased of type nav2_navfn_planner::NavfnPlanner
[planner_server-13] [INFO] [1790222855.553736818] [planner_server]: Configuring plugin GridBased of type NavfnPlanner
[planner_server-13] [INFO] [1790222855.555200362] [planner_server]: Planner Server has GridBased  planners available.
[lifecycle_manager-21] [INFO] [1790222855.571787306] [lifecycle_manager_navigation]: [34m[1mConfiguring route_server[0m[0m
[route_server-14] [INFO] [1790222855.572191459] [route_server]: Configuring
[route_server-14] [INFO] [1790222855.623524879] [route_server]: Created GraphFileLoader GeoJsonGraphFileLoader of type nav2_route::GeoJsonGraphFileLoader
[route_server-14] [INFO] [1790222855.623692858] [route_server]: Configuring geojson graph file loader
[route_server-14] [INFO] [1790222855.623719151] [route_server]: No graph file provided to load yet.
[route_server-14] [INFO] [1790222855.627396601] [route_server]: Created edge cost function plugin DistanceScorer of type nav2_route::DistanceScorer
[route_server-14] [INFO] [1790222855.627448112] [route_server]: Configuring distance scorer.
[route_server-14] [INFO] [1790222855.627724836] [route_server]: Created edge cost function plugin DynamicEdgesScorer of type nav2_route::DynamicEdgesScorer
[route_server-14] [INFO] [1790222855.627739959] [route_server]: Configuring adjust edges scorer.
[route_server-14] [INFO] [1790222855.632475282] [route_server]: Created route operation AdjustSpeedLimit of type nav2_route::AdjustSpeedLimit
[route_server-14] [INFO] [1790222855.632554749] [route_server]: Configuring Adjust speed limit operation.
[route_server-14] [INFO] [1790222855.633920098] [route_server]: Created route operation ReroutingService of type nav2_route::ReroutingService
[route_server-14] [INFO] [1790222855.633961490] [route_server]: Configuring Rerouting service operation.
[lifecycle_manager-21] [INFO] [1790222855.639227407] [lifecycle_manager_navigation]: [34m[1mConfiguring behavior_server[0m[0m
[behavior_server-15] [INFO] [1790222855.640437905] [behavior_server]: Configuring
[behavior_server-15] [INFO] [1790222855.649616279] [behavior_server]: Creating behavior plugin spin of type nav2_behaviors::Spin
[behavior_server-15] [INFO] [1790222855.652324050] [behavior_server]: Creating behavior plugin backup of type nav2_behaviors::BackUp
[behavior_server-15] [INFO] [1790222855.654312220] [behavior_server]: Creating behavior plugin drive_on_heading of type nav2_behaviors::DriveOnHeading
[behavior_server-15] [INFO] [1790222855.656598297] [behavior_server]: Creating behavior plugin assisted_teleop of type nav2_behaviors::AssistedTeleop
[behavior_server-15] [INFO] [1790222855.660426555] [behavior_server]: Creating behavior plugin wait of type nav2_behaviors::Wait
[behavior_server-15] [INFO] [1790222855.670249290] [behavior_server]: Configuring spin
[behavior_server-15] [INFO] [1790222855.680786303] [behavior_server]: Configuring backup
[behavior_server-15] [INFO] [1790222855.692928117] [behavior_server]: Configuring drive_on_heading
[behavior_server-15] [INFO] [1790222855.705893298] [behavior_server]: Configuring assisted_teleop
[behavior_server-15] [INFO] [1790222855.715791027] [behavior_server]: Configuring wait
[lifecycle_manager-21] [INFO] [1790222855.723808294] [lifecycle_manager_navigation]: [34m[1mConfiguring velocity_smoother[0m[0m
[velocity_smoother-18] [INFO] [1790222855.724290772] [velocity_smoother]: Configuring velocity smoother
[lifecycle_manager-21] [INFO] [1790222855.733274136] [lifecycle_manager_navigation]: [34m[1mConfiguring collision_monitor[0m[0m
[collision_monitor-19] [INFO] [1790222855.734065601] [collision_monitor]: Configuring
[collision_monitor-19] [INFO] [1790222855.745184004] [collision_monitor]: [scan]: Creating Scan
[collision_monitor-19] [INFO] [1790222855.750196912] [collision_monitor]: [FootprintApproach]: Creating Polygon
[collision_monitor-19] [INFO] [1790222855.751401249] [collision_monitor]: [FootprintApproach]: Polygon points are not defined. Using dynamic subscription instead.
[collision_monitor-19] [INFO] [1790222855.751973782] [collision_monitor]: [FootprintApproach]: Making footprint subscriber on local_costmap/published_footprint topic
[lifecycle_manager-21] [INFO] [1790222855.768593482] [lifecycle_manager_navigation]: [34m[1mConfiguring bt_navigator[0m[0m
[bt_navigator-16] [INFO] [1790222855.768890671] [bt_navigator]: Configuring
[bt_navigator-16] [INFO] [1790222855.778012046] [bt_navigator]: Creating navigator id navigate_to_pose of type nav2_bt_navigator::NavigateToPoseNavigator
[bt_navigator-16] [INFO] [1790222855.933480494] [bt_navigator]: Creating navigator id navigate_through_poses of type nav2_bt_navigator::NavigateThroughPosesNavigator
[lifecycle_manager-21] [INFO] [1790222855.970996833] [lifecycle_manager_navigation]: [34m[1mConfiguring waypoint_follower[0m[0m
[waypoint_follower-17] [INFO] [1790222855.971396838] [waypoint_follower]: Configuring
[waypoint_follower-17] [INFO] [1790222856.008967909] [waypoint_follower]: Created waypoint_task_executor : wait_at_waypoint of type nav2_waypoint_follower::WaitAtWaypoint
[lifecycle_manager-21] [INFO] [1790222856.010425542] [lifecycle_manager_navigation]: [34m[1mConfiguring docking_server[0m[0m
[opennav_docking-20] [INFO] [1790222856.011379482] [docking_server]: Configuring docking_server
[opennav_docking-20] [INFO] [1790222856.011436715] [docking_server]: Controller frequency set to 50.0000Hz
[opennav_docking-20] [INFO] [1790222856.060538672] [docking_server]: Created charging dock plugin simple_charging_dock of type opennav_docking::SimpleChargingDock
[opennav_docking-20] [WARN] [1790222856.067041288] [docking_server]: Dock database filepath nor dock parameters set. Docking actions can only be executed specifying the dock pose via the action request. Or update the dock database via the reload_database service.
[opennav_docking-20] [INFO] [1790222856.067093533] [docking_server]: Docking Server has 1 dock types and 0 dock instances available.
[lifecycle_manager-21] [INFO] [1790222856.069350031] [lifecycle_manager_navigation]: [34m[1mActivating controller_server[0m[0m
[controller_server-11] [INFO] [1790222856.069710974] [controller_server]: Activating
[controller_server-11] [INFO] [1790222856.069773520] [local_costmap.local_costmap]: Activating
[controller_server-11] [INFO] [1790222856.069787350] [local_costmap.local_costmap]: Checking transform
[controller_server-11] [INFO] [1790222856.070000372] [local_costmap.local_costmap]: start
[controller_server-11] [WARN] [1790222856.272248728] [controller_server]: Parameter controller_server.verbose not found
[controller_server-11] [INFO] [1790222856.273104806] [controller_server]: Optimizer reset
[controller_server-11] [INFO] [1790222856.273446583] [MPPIController]: Activated MPPI Controller: FollowPath
[controller_server-11] [INFO] [1790222856.273487978] [controller_server]: Creating bond (controller_server) to lifecycle manager.
[lifecycle_manager-21] [INFO] [1790222856.386844958] [lifecycle_manager_navigation]: Server controller_server connected with bond.
[lifecycle_manager-21] [INFO] [1790222856.386931733] [lifecycle_manager_navigation]: [34m[1mActivating smoother_server[0m[0m
[smoother_server-12] [INFO] [1790222856.387429177] [smoother_server]: Activating
[smoother_server-12] [INFO] [1790222856.387479571] [smoother_server]: Creating bond (smoother_server) to lifecycle manager.
[lifecycle_manager-21] [INFO] [1790222856.495942585] [lifecycle_manager_navigation]: Server smoother_server connected with bond.
[lifecycle_manager-21] [INFO] [1790222856.496237654] [lifecycle_manager_navigation]: [34m[1mActivating planner_server[0m[0m
[planner_server-13] [INFO] [1790222856.496533624] [planner_server]: Activating
[planner_server-13] [INFO] [1790222856.496578132] [global_costmap.global_costmap]: Activating
[planner_server-13] [INFO] [1790222856.496590646] [global_costmap.global_costmap]: Checking transform
[planner_server-13] [INFO] [1790222856.496727817] [global_costmap.global_costmap]: start
[planner_server-13] [INFO] [1790222857.498106233] [planner_server]: Activating plugin GridBased of type NavfnPlanner
[planner_server-13] [INFO] [1790222857.500872764] [planner_server]: Creating bond (planner_server) to lifecycle manager.
[lifecycle_manager-21] [INFO] [1790222857.606807603] [lifecycle_manager_navigation]: Server planner_server connected with bond.
[lifecycle_manager-21] [INFO] [1790222857.606853884] [lifecycle_manager_navigation]: [34m[1mActivating route_server[0m[0m
[route_server-14] [INFO] [1790222857.607212290] [route_server]: Activating
[route_server-14] [INFO] [1790222857.607428633] [route_server]: Creating bond (route_server) to lifecycle manager.
[lifecycle_manager-21] [INFO] [1790222857.717943646] [lifecycle_manager_navigation]: Server route_server connected with bond.
[lifecycle_manager-21] [INFO] [1790222857.717999422] [lifecycle_manager_navigation]: [34m[1mActivating behavior_server[0m[0m
[behavior_server-15] [INFO] [1790222857.718701255] [behavior_server]: Activating
[behavior_server-15] [INFO] [1790222857.718739053] [behavior_server]: Activating spin
[behavior_server-15] [INFO] [1790222857.718753249] [behavior_server]: Activating backup
[behavior_server-15] [INFO] [1790222857.718765016] [behavior_server]: Activating drive_on_heading
[behavior_server-15] [INFO] [1790222857.718774557] [behavior_server]: Activating assisted_teleop
[behavior_server-15] [INFO] [1790222857.718784441] [behavior_server]: Activating wait
[behavior_server-15] [INFO] [1790222857.718800422] [behavior_server]: Creating bond (behavior_server) to lifecycle manager.
[lifecycle_manager-21] [INFO] [1790222857.828330994] [lifecycle_manager_navigation]: Server behavior_server connected with bond.
[lifecycle_manager-21] [INFO] [1790222857.828400897] [lifecycle_manager_navigation]: [34m[1mActivating velocity_smoother[0m[0m
[velocity_smoother-18] [INFO] [1790222857.829148626] [velocity_smoother]: Activating
[velocity_smoother-18] [INFO] [1790222857.829235296] [velocity_smoother]: Creating bond (velocity_smoother) to lifecycle manager.
[lifecycle_manager-21] [INFO] [1790222857.943048564] [lifecycle_manager_navigation]: Server velocity_smoother connected with bond.
[lifecycle_manager-21] [INFO] [1790222857.943135183] [lifecycle_manager_navigation]: [34m[1mActivating collision_monitor[0m[0m
[collision_monitor-19] [INFO] [1790222857.944306782] [collision_monitor]: Activating
[collision_monitor-19] [INFO] [1790222857.944355319] [collision_monitor]: Creating bond (collision_monitor) to lifecycle manager.
[lifecycle_manager-21] [INFO] [1790222858.052897557] [lifecycle_manager_navigation]: Server collision_monitor connected with bond.
[lifecycle_manager-21] [INFO] [1790222858.052987916] [lifecycle_manager_navigation]: [34m[1mActivating bt_navigator[0m[0m
[bt_navigator-16] [INFO] [1790222858.053678829] [bt_navigator]: Activating
[bt_navigator-16] [INFO] [1790222858.145857155] [bt_navigator]: Creating bond (bt_navigator) to lifecycle manager.
[lifecycle_manager-21] [INFO] [1790222858.255608339] [lifecycle_manager_navigation]: Server bt_navigator connected with bond.
[lifecycle_manager-21] [INFO] [1790222858.255694020] [lifecycle_manager_navigation]: [34m[1mActivating waypoint_follower[0m[0m
[waypoint_follower-17] [INFO] [1790222858.256254078] [waypoint_follower]: Activating
[waypoint_follower-17] [INFO] [1790222858.256296589] [waypoint_follower]: Creating bond (waypoint_follower) to lifecycle manager.
[lifecycle_manager-21] [INFO] [1790222858.369628480] [lifecycle_manager_navigation]: Server waypoint_follower connected with bond.
[lifecycle_manager-21] [INFO] [1790222858.369701589] [lifecycle_manager_navigation]: [34m[1mActivating docking_server[0m[0m
[opennav_docking-20] [INFO] [1790222858.370574951] [docking_server]: Activating docking_server
[opennav_docking-20] [INFO] [1790222858.388762364] [docking_server]: Creating bond (docking_server) to lifecycle manager.
[lifecycle_manager-21] [INFO] [1790222858.497078601] [lifecycle_manager_navigation]: Server docking_server connected with bond.
[lifecycle_manager-21] [INFO] [1790222858.497155350] [lifecycle_manager_navigation]: [34m[1mManaged nodes are active[0m[0m
[lifecycle_manager-21] [INFO] [1790222858.497171674] [lifecycle_manager_navigation]: [34m[1mCreating bond timer...[0m[0m
Nav2 active; kiem tra /clock lien tuc trong 5 giay...
[WARN] [1790222873.931940511] [rcl]: ROS_LOCALHOST_ONLY is deprecated but still honored if it is enabled. Use ROS_AUTOMATIC_DISCOVERY_RANGE and ROS_STATIC_PEERS instead.
[WARN] [1790222873.931966973] [rcl]: 'localhost_only' is enabled, 'automatic_discovery_range' and 'static_peers' will be ignored.
SLAM/Nav2 san sang; /clock on dinh, khong co buoc nhay lui trong 5 giay.

Starting NF on New Room...
Command: /usr/bin/python3 /home/com1/turtlebot4_project_r003_h031/mapex_lab/scripts/nf_run.py --run-id nf_p500_003 --environment new_room --runtime-profile slam --paper500
Run hoan tat se tu dong dung exploration, SLAM, Nav2 va Gazebo.
Nhan Ctrl+C mot lan neu muon dung som.

[WARN] [1790222880.210194206] [rcl]: ROS_LOCALHOST_ONLY is deprecated but still honored if it is enabled. Use ROS_AUTOMATIC_DISCOVERY_RANGE and ROS_STATIC_PEERS instead.
[WARN] [1790222880.210225521] [rcl]: 'localhost_only' is enabled, 'automatic_discovery_range' and 'static_peers' will be ignored.
[INFO] [1790222880.403155785] [nearest_euclidean_frontier]: Nearest Euclidean Frontier started (preferred min distance=1.00 m, near fallback=all-frontiers-close, path-subgoal recovery=0.70 m max, 105 limit=2, 105 cooldown=30 s, completion=5 stable sweeps)
[WARN] [1790222880.674978807] [nearest_euclidean_frontier]: NEAREST RECORDING: env=new_room, profile=slam, output=/home/com1/turtlebot4_project_r003_h031/mapex_lab/experiments/nearest/nf_p500_003
[WARN] [1790222885.379885872] [nearest_euclidean_frontier]: NEAREST READY: Nav2 stable for >= 3.0s; benchmark clock will start at first frontier decision
[INFO] [1790222885.487924766] [nearest_euclidean_frontier]: Selected nearest frontier: x=1.72, y=-0.07, distance=1.72 m, region=185 cells, near_fallback=False
[bt_navigator-16] [INFO] [1790222885.589579704] [bt_navigator]: Begin navigating from current location (0.00, -0.00) to (1.72, -0.07)
[INFO] [1790222885.602092140] [nearest_euclidean_frontier]: Main goal accepted
[INFO] [1790222885.604588016] [nearest_euclidean_frontier]: Main /plan diagnostic: poses=34, endpoint=(1.72, -0.07), frontier=(1.72, -0.07), endpoint_to_frontier=0.000 m, limit=0.10 m -> usable
[controller_server-11] [INFO] [1790222885.612099202] [controller_server]: Received a goal, begin computing control effort.
[controller_server-11] [WARN] [1790222885.612206162] [controller_server]: No goal checker was specified in parameter 'current_goal_checker'. Server will use only plugin loaded general_goal_checker . This warning will appear once.
[controller_server-11] [WARN] [1790222885.612235694] [controller_server]: No progress checker was specified in parameter 'current_progress_checker'. Server will use only plugin loaded progress_checker . This warning will appear once.
[parameter_bridge-2] [INFO] [1790222885.651115286] [bridge_ros_gz]: Passing message from ROS geometry_msgs/msg/Twist to Gazebo gz.msgs.Twist (showing msg only once per type)
[INFO] [1790222886.624200033] [nearest_euclidean_frontier]: Main /plan diagnostic: poses=28, endpoint=(1.72, -0.07), frontier=(1.72, -0.07), endpoint_to_frontier=0.000 m, limit=0.10 m -> usable
[controller_server-11] [INFO] [1790222886.679063573] [controller_server]: Passing new path to controller.
[rviz2-7] [INFO] [1790222887.335806144] [rviz2]: Trying to create a map of size 227 x 77 using 1 swatches
[controller_server-11] [INFO] [1790222887.470198128] [local_costmap.local_costmap]: StaticLayer: Resizing static layer to 227 X 77 at 0.100000 m/pix
[planner_server-13] [INFO] [1790222887.496933324] [global_costmap.global_costmap]: StaticLayer: Resizing costmap to 227 X 77 at 0.100000 m/pix
[INFO] [1790222887.653483561] [nearest_euclidean_frontier]: Main /plan diagnostic: poses=20, endpoint=(1.72, -0.07), frontier=(1.72, -0.07), endpoint_to_frontier=0.000 m, limit=0.10 m -> usable
[controller_server-11] [INFO] [1790222887.679043222] [controller_server]: Passing new path to controller.
[rviz2-7] [INFO] [1790222888.335142494] [rviz2]: Trying to create a map of size 231 x 77 using 1 swatches
[controller_server-11] [INFO] [1790222888.470421283] [local_costmap.local_costmap]: StaticLayer: Resizing static layer to 231 X 77 at 0.100000 m/pix
[planner_server-13] [INFO] [1790222888.496865901] [global_costmap.global_costmap]: StaticLayer: Resizing costmap to 231 X 77 at 0.100000 m/pix
[INFO] [1790222888.734164902] [nearest_euclidean_frontier]: Main /plan diagnostic: poses=12, endpoint=(1.72, -0.07), frontier=(1.72, -0.07), endpoint_to_frontier=0.000 m, limit=0.10 m -> usable
[controller_server-11] [INFO] [1790222888.745699932] [controller_server]: Passing new path to controller.
[rviz2-7] [INFO] [1790222889.316733093] [rviz2]: Trying to create a map of size 240 x 77 using 1 swatches
[controller_server-11] [INFO] [1790222889.470632379] [local_costmap.local_costmap]: StaticLayer: Resizing static layer to 240 X 77 at 0.100000 m/pix
[planner_server-13] [INFO] [1790222889.497151870] [global_costmap.global_costmap]: StaticLayer: Resizing costmap to 240 X 77 at 0.100000 m/pix
[controller_server-11] [INFO] [1790222889.745704091] [controller_server]: Passing new path to controller.
[INFO] [1790222889.767645493] [nearest_euclidean_frontier]: Main /plan diagnostic: poses=8, endpoint=(1.72, -0.07), frontier=(1.72, -0.07), endpoint_to_frontier=0.000 m, limit=0.10 m -> usable
[controller_server-11] [INFO] [1790222890.082163283] [controller_server]: Reached the goal!
[controller_server-11] [INFO] [1790222890.083080984] [controller_server]: Optimizer reset
[bt_navigator-16] [INFO] [1790222890.110191964] [bt_navigator]: Goal succeeded
[INFO] [1790222890.113594174] [nearest_euclidean_frontier]: Goal reached
[INFO] [1790222890.510186098] [nearest_euclidean_frontier]: Selected nearest frontier: x=-2.68, y=-1.77, distance=4.41 m, region=18 cells, near_fallback=False
[bt_navigator-16] [INFO] [1790222890.516560803] [bt_navigator]: Begin navigating from current location (1.38, -0.05) to (-2.68, -1.77)
[controller_server-11] [INFO] [1790222890.537337319] [controller_server]: Received a goal, begin computing control effort.
[INFO] [1790222890.703775393] [nearest_euclidean_frontier]: Main goal accepted
[INFO] [1790222890.772784449] [nearest_euclidean_frontier]: Main /plan diagnostic: poses=106, endpoint=(-2.68, -1.77), frontier=(-2.68, -1.77), endpoint_to_frontier=0.000 m, limit=0.10 m -> usable
[INFO] [1790222891.558705068] [nearest_euclidean_frontier]: Main /plan diagnostic: poses=103, endpoint=(-2.68, -1.77), frontier=(-2.68, -1.77), endpoint_to_frontier=0.000 m, limit=0.10 m -> usable
[controller_server-11] [INFO] [1790222891.604193658] [controller_server]: Passing new path to controller.
[controller_server-11] [INFO] [1790222892.604162239] [controller_server]: Passing new path to controller.
[INFO] [1790222892.609330945] [nearest_euclidean_frontier]: Main /plan diagnostic: poses=96, endpoint=(-2.68, -1.77), frontier=(-2.68, -1.77), endpoint_to_frontier=0.000 m, limit=0.10 m -> usable
[rviz2-7] [INFO] [1790222893.342829039] [rviz2]: Trying to create a map of size 241 x 77 using 1 swatches
[controller_server-11] [INFO] [1790222893.470264899] [local_costmap.local_costmap]: StaticLayer: Resizing static layer to 241 X 77 at 0.100000 m/pix
[planner_server-13] [INFO] [1790222893.496905845] [global_costmap.global_costmap]: StaticLayer: Resizing costmap to 241 X 77 at 0.100000 m/pix
[INFO] [1790222893.609148008] [nearest_euclidean_frontier]: Main /plan diagnostic: poses=88, endpoint=(-2.68, -1.77), frontier=(-2.68, -1.77), endpoint_to_frontier=0.000 m, limit=0.10 m -> usable
[controller_server-11] [INFO] [1790222893.670830729] [controller_server]: Passing new path to controller.
[INFO] [1790222894.624623394] [nearest_euclidean_frontier]: Main /plan diagnostic: poses=82, endpoint=(-2.68, -1.77), frontier=(-2.68, -1.77), endpoint_to_frontier=0.000 m, limit=0.10 m -> usable
[controller_server-11] [INFO] [1790222894.672836351] [controller_server]: Passing new path to controller.
[rviz2-7] [INFO] [1790222895.329536053] [rviz2]: Trying to create a map of size 241 x 80 using 1 swatches
[controller_server-11] [INFO] [1790222895.470225674] [local_costmap.local_costmap]: StaticLayer: Resizing static layer to 241 X 80 at 0.100000 m/pix
[planner_server-13] [INFO] [1790222895.496948996] [global_costmap.global_costmap]: StaticLayer: Resizing costmap to 241 X 80 at 0.100000 m/pix
[INFO] [1790222895.656146189] [nearest_euclidean_frontier]: Main /plan diagnostic: poses=80, endpoint=(-2.68, -1.77), frontier=(-2.68, -1.77), endpoint_to_frontier=0.000 m, limit=0.10 m -> usable
[controller_server-11] [INFO] [1790222895.670832975] [controller_server]: Passing new path to controller.
[rviz2-7] [INFO] [1790222896.331746705] [rviz2]: Trying to create a map of size 241 x 88 using 1 swatches
[controller_server-11] [INFO] [1790222896.470161253] [local_costmap.local_costmap]: StaticLayer: Resizing static layer to 241 X 88 at 0.100000 m/pix
[planner_server-13] [INFO] [1790222896.496950257] [global_costmap.global_costmap]: StaticLayer: Resizing costmap to 241 X 88 at 0.100000 m/pix
[controller_server-11] [INFO] [1790222896.737507402] [controller_server]: Passing new path to controller.
[INFO] [1790222896.851921451] [nearest_euclidean_frontier]: Main /plan diagnostic: poses=72, endpoint=(-2.68, -1.77), frontier=(-2.68, -1.77), endpoint_to_frontier=0.000 m, limit=0.10 m -> usable
[rviz2-7] [INFO] [1790222897.319932031] [rviz2]: Trying to create a map of size 241 x 101 using 1 swatches
[controller_server-11] [INFO] [1790222897.470208001] [local_costmap.local_costmap]: StaticLayer: Resizing static layer to 241 X 101 at 0.100000 m/pix
[planner_server-13] [INFO] [1790222897.497297054] [global_costmap.global_costmap]: StaticLayer: Resizing costmap to 241 X 101 at 0.100000 m/pix
[controller_server-11] [INFO] [1790222897.737798987] [controller_server]: Passing new path to controller.
[INFO] [1790222897.755300814] [nearest_euclidean_frontier]: Main /plan diagnostic: poses=65, endpoint=(-2.68, -1.77), frontier=(-2.68, -1.77), endpoint_to_frontier=0.000 m, limit=0.10 m -> usable
[rviz2-7] [INFO] [1790222898.312820163] [rviz2]: Trying to create a map of size 241 x 114 using 1 swatches
[controller_server-11] [INFO] [1790222898.470192167] [local_costmap.local_costmap]: StaticLayer: Resizing static layer to 241 X 114 at 0.100000 m/pix
[planner_server-13] [INFO] [1790222898.496896545] [global_costmap.global_costmap]: StaticLayer: Resizing costmap to 241 X 114 at 0.100000 m/pix
[controller_server-11] [INFO] [1790222898.737494000] [controller_server]: Passing new path to controller.
[INFO] [1790222898.750257602] [nearest_euclidean_frontier]: Main /plan diagnostic: poses=57, endpoint=(-2.68, -1.77), frontier=(-2.68, -1.77), endpoint_to_frontier=0.000 m, limit=0.10 m -> usable
[rviz2-7] [INFO] [1790222899.333599348] [rviz2]: Trying to create a map of size 257 x 115 using 1 swatches
[controller_server-11] [INFO] [1790222899.473502686] [local_costmap.local_costmap]: StaticLayer: Resizing static layer to 257 X 115 at 0.100000 m/pix
[planner_server-13] [INFO] [1790222899.496883995] [global_costmap.global_costmap]: StaticLayer: Resizing costmap to 257 X 115 at 0.100000 m/pix
[INFO] [1790222899.748822145] [nearest_euclidean_frontier]: Main /plan diagnostic: poses=51, endpoint=(-2.68, -1.77), frontier=(-2.68, -1.77), endpoint_to_frontier=0.000 m, limit=0.10 m -> usable
[controller_server-11] [INFO] [1790222899.804165287] [controller_server]: Passing new path to controller.
[controller_server-11] [INFO] [1790222900.471760356] [local_costmap.local_costmap]: StaticLayer: Resizing static layer to 257 X 115 at 0.100000 m/pix
[planner_server-13] [INFO] [1790222900.496902768] [global_costmap.global_costmap]: StaticLayer: Resizing costmap to 257 X 115 at 0.100000 m/pix
[INFO] [1790222900.774234794] [nearest_euclidean_frontier]: Main /plan diagnostic: poses=44, endpoint=(-2.68, -1.77), frontier=(-2.68, -1.77), endpoint_to_frontier=0.000 m, limit=0.10 m -> usable
[controller_server-11] [INFO] [1790222900.804172177] [controller_server]: Passing new path to controller.
[INFO] [1790222901.786453574] [nearest_euclidean_frontier]: Main /plan diagnostic: poses=44, endpoint=(-2.68, -1.77), frontier=(-2.68, -1.77), endpoint_to_frontier=0.000 m, limit=0.10 m -> usable
[controller_server-11] [INFO] [1790222901.804235575] [controller_server]: Passing new path to controller.
[INFO] [1790222902.813781711] [nearest_euclidean_frontier]: Main /plan diagnostic: poses=38, endpoint=(-2.68, -1.77), frontier=(-2.68, -1.77), endpoint_to_frontier=0.000 m, limit=0.10 m -> usable
[controller_server-11] [INFO] [1790222902.870823715] [controller_server]: Passing new path to controller.
[rviz2-7] [INFO] [1790222903.315826863] [rviz2]: Trying to create a map of size 257 x 133 using 1 swatches
[controller_server-11] [INFO] [1790222903.470206982] [local_costmap.local_costmap]: StaticLayer: Resizing static layer to 257 X 133 at 0.100000 m/pix
[planner_server-13] [INFO] [1790222903.496892823] [global_costmap.global_costmap]: StaticLayer: Resizing costmap to 257 X 133 at 0.100000 m/pix
[INFO] [1790222903.844287435] [nearest_euclidean_frontier]: Main /plan diagnostic: poses=31, endpoint=(-2.68, -1.77), frontier=(-2.68, -1.77), endpoint_to_frontier=0.000 m, limit=0.10 m -> usable
[controller_server-11] [INFO] [1790222903.870835165] [controller_server]: Passing new path to controller.
[INFO] [1790222904.878140590] [nearest_euclidean_frontier]: Main /plan diagnostic: poses=22, endpoint=(-2.68, -1.77), frontier=(-2.68, -1.77), endpoint_to_frontier=0.000 m, limit=0.10 m -> usable
[controller_server-11] [INFO] [1790222904.937488462] [controller_server]: Passing new path to controller.
[INFO] [1790222905.893674503] [nearest_euclidean_frontier]: Main /plan diagnostic: poses=18, endpoint=(-2.68, -1.77), frontier=(-2.68, -1.77), endpoint_to_frontier=0.000 m, limit=0.10 m -> usable
[controller_server-11] [INFO] [1790222905.937488509] [controller_server]: Passing new path to controller.
[INFO] [1790222906.908518998] [nearest_euclidean_frontier]: Main /plan diagnostic: poses=16, endpoint=(-2.68, -1.77), frontier=(-2.68, -1.77), endpoint_to_frontier=0.000 m, limit=0.10 m -> usable
[controller_server-11] [INFO] [1790222906.938740718] [controller_server]: Passing new path to controller.
[controller_server-11] [INFO] [1790222907.873065758] [controller_server]: Reached the goal!
[controller_server-11] [INFO] [1790222907.873481047] [controller_server]: Optimizer reset
[bt_navigator-16] [INFO] [1790222907.897241381] [bt_navigator]: Goal succeeded
[INFO] [1790222907.900765142] [nearest_euclidean_frontier]: Goal reached
[INFO] [1790222908.577599963] [nearest_euclidean_frontier]: Selected nearest frontier: x=-3.24, y=1.56, distance=3.69 m, region=17 cells, near_fallback=False
[bt_navigator-16] [INFO] [1790222908.579244328] [bt_navigator]: Begin navigating from current location (-2.53, -2.06) to (-3.24, 1.56)
[controller_server-11] [INFO] [1790222908.600165018] [controller_server]: Received a goal, begin computing control effort.
[INFO] [1790222908.833703211] [nearest_euclidean_frontier]: Main goal accepted
[INFO] [1790222908.893229342] [nearest_euclidean_frontier]: Main /plan diagnostic: poses=120, endpoint=(-3.24, 1.56), frontier=(-3.24, 1.56), endpoint_to_frontier=0.000 m, limit=0.10 m -> usable
[INFO] [1790222909.618989355] [nearest_euclidean_frontier]: Main /plan diagnostic: poses=116, endpoint=(-3.24, 1.56), frontier=(-3.24, 1.56), endpoint_to_frontier=0.000 m, limit=0.10 m -> usable
[controller_server-11] [INFO] [1790222909.667573907] [controller_server]: Passing new path to controller.
[INFO] [1790222910.647170029] [nearest_euclidean_frontier]: Main /plan diagnostic: poses=115, endpoint=(-3.24, 1.56), frontier=(-3.24, 1.56), endpoint_to_frontier=0.000 m, limit=0.10 m -> usable
[controller_server-11] [INFO] [1790222910.666993546] [controller_server]: Passing new path to controller.
[INFO] [1790222911.678677772] [nearest_euclidean_frontier]: Main /plan diagnostic: poses=115, endpoint=(-3.24, 1.56), frontier=(-3.24, 1.56), endpoint_to_frontier=0.000 m, limit=0.10 m -> usable
[controller_server-11] [INFO] [1790222911.733682586] [controller_server]: Passing new path to controller.
[controller_server-11] [INFO] [1790222912.733627758] [controller_server]: Passing new path to controller.
[INFO] [1790222912.748285337] [nearest_euclidean_frontier]: Main /plan diagnostic: poses=113, endpoint=(-3.24, 1.56), frontier=(-3.24, 1.56), endpoint_to_frontier=0.000 m, limit=0.10 m -> usable
[INFO] [1790222913.767988624] [nearest_euclidean_frontier]: Main /plan diagnostic: poses=107, endpoint=(-3.24, 1.56), frontier=(-3.24, 1.56), endpoint_to_frontier=0.000 m, limit=0.10 m -> usable
[controller_server-11] [INFO] [1790222913.800433871] [controller_server]: Passing new path to controller.
[INFO] [1790222914.751502596] [nearest_euclidean_frontier]: Main /plan diagnostic: poses=94, endpoint=(-3.24, 1.56), frontier=(-3.24, 1.56), endpoint_to_frontier=0.000 m, limit=0.10 m -> usable
[controller_server-11] [INFO] [1790222914.800320613] [controller_server]: Passing new path to controller.
[INFO] [1790222915.777263186] [nearest_euclidean_frontier]: Main /plan diagnostic: poses=84, endpoint=(-3.24, 1.56), frontier=(-3.24, 1.56), endpoint_to_frontier=0.000 m, limit=0.10 m -> usable
[controller_server-11] [INFO] [1790222915.800357674] [controller_server]: Passing new path to controller.
[rviz2-7] [INFO] [1790222916.314662942] [rviz2]: Trying to create a map of size 257 x 134 using 1 swatches
[controller_server-11] [INFO] [1790222916.470166663] [local_costmap.local_costmap]: StaticLayer: Resizing static layer to 257 X 134 at 0.100000 m/pix
[planner_server-13] [INFO] [1790222916.496887120] [global_costmap.global_costmap]: StaticLayer: Resizing costmap to 257 X 134 at 0.100000 m/pix
[INFO] [1790222916.795977002] [nearest_euclidean_frontier]: Main /plan diagnostic: poses=75, endpoint=(-3.24, 1.56), frontier=(-3.24, 1.56), endpoint_to_frontier=0.000 m, limit=0.10 m -> usable
[controller_server-11] [INFO] [1790222916.866986337] [controller_server]: Passing new path to controller.
[controller_server-11] [INFO] [1790222917.470219572] [local_costmap.local_costmap]: StaticLayer: Resizing static layer to 257 X 134 at 0.100000 m/pix
[planner_server-13] [INFO] [1790222917.497200096] [global_costmap.global_costmap]: StaticLayer: Resizing costmap to 257 X 134 at 0.100000 m/pix
[INFO] [1790222917.821447933] [nearest_euclidean_frontier]: Main /plan diagnostic: poses=68, endpoint=(-3.24, 1.56), frontier=(-3.24, 1.56), endpoint_to_frontier=0.000 m, limit=0.10 m -> usable
[controller_server-11] [INFO] [1790222917.867060727] [controller_server]: Passing new path to controller.
[controller_server-11] [INFO] [1790222918.470617396] [local_costmap.local_costmap]: StaticLayer: Resizing static layer to 257 X 134 at 0.100000 m/pix
[planner_server-13] [INFO] [1790222918.496869753] [global_costmap.global_costmap]: StaticLayer: Resizing costmap to 257 X 134 at 0.100000 m/pix
[INFO] [1790222918.837653535] [nearest_euclidean_frontier]: Main /plan diagnostic: poses=57, endpoint=(-3.24, 1.56), frontier=(-3.24, 1.56), endpoint_to_frontier=0.000 m, limit=0.10 m -> usable
[controller_server-11] [INFO] [1790222918.867005661] [controller_server]: Passing new path to controller.
[INFO] [1790222919.864955205] [nearest_euclidean_frontier]: Main /plan diagnostic: poses=47, endpoint=(-3.24, 1.56), frontier=(-3.24, 1.56), endpoint_to_frontier=0.000 m, limit=0.10 m -> usable
[controller_server-11] [INFO] [1790222919.933695018] [controller_server]: Passing new path to controller.
[rviz2-7] [INFO] [1790222920.346041838] [rviz2]: Trying to create a map of size 257 x 135 using 1 swatches
[controller_server-11] [INFO] [1790222920.470713323] [local_costmap.local_costmap]: StaticLayer: Resizing static layer to 257 X 135 at 0.100000 m/pix
[planner_server-13] [INFO] [1790222920.496894202] [global_costmap.global_costmap]: StaticLayer: Resizing costmap to 257 X 135 at 0.100000 m/pix
[INFO] [1790222920.889279754] [nearest_euclidean_frontier]: Main /plan diagnostic: poses=38, endpoint=(-3.24, 1.56), frontier=(-3.24, 1.56), endpoint_to_frontier=0.000 m, limit=0.10 m -> usable
[controller_server-11] [INFO] [1790222920.933886015] [controller_server]: Passing new path to controller.
[rviz2-7] [INFO] [1790222921.344018691] [rviz2]: Trying to create a map of size 257 x 141 using 1 swatches
[controller_server-11] [INFO] [1790222921.470251252] [local_costmap.local_costmap]: StaticLayer: Resizing static layer to 257 X 141 at 0.100000 m/pix
[planner_server-13] [INFO] [1790222921.496934029] [global_costmap.global_costmap]: StaticLayer: Resizing costmap to 257 X 141 at 0.100000 m/pix
[INFO] [1790222921.906528660] [nearest_euclidean_frontier]: Main /plan diagnostic: poses=30, endpoint=(-3.24, 1.56), frontier=(-3.24, 1.56), endpoint_to_frontier=0.000 m, limit=0.10 m -> usable
[controller_server-11] [INFO] [1790222921.933679583] [controller_server]: Passing new path to controller.
[INFO] [1790222922.933120706] [nearest_euclidean_frontier]: Main /plan diagnostic: poses=22, endpoint=(-3.24, 1.56), frontier=(-3.24, 1.56), endpoint_to_frontier=0.000 m, limit=0.10 m -> usable
[controller_server-11] [INFO] [1790222923.000323291] [controller_server]: Passing new path to controller.
[rviz2-7] [INFO] [1790222923.329957714] [rviz2]: Trying to create a map of size 257 x 142 using 1 swatches
[controller_server-11] [INFO] [1790222923.471487030] [local_costmap.local_costmap]: StaticLayer: Resizing static layer to 257 X 142 at 0.100000 m/pix
[planner_server-13] [INFO] [1790222923.496914066] [global_costmap.global_costmap]: StaticLayer: Resizing costmap to 257 X 142 at 0.100000 m/pix
[INFO] [1790222923.946838034] [nearest_euclidean_frontier]: Main /plan diagnostic: poses=15, endpoint=(-3.24, 1.56), frontier=(-3.24, 1.56), endpoint_to_frontier=0.000 m, limit=0.10 m -> usable
[controller_server-11] [INFO] [1790222924.000333095] [controller_server]: Passing new path to controller.
[INFO] [1790222924.978996900] [nearest_euclidean_frontier]: Main /plan diagnostic: poses=11, endpoint=(-3.24, 1.56), frontier=(-3.24, 1.56), endpoint_to_frontier=0.000 m, limit=0.10 m -> usable
[controller_server-11] [INFO] [1790222925.000335341] [controller_server]: Passing new path to controller.
[controller_server-11] [INFO] [1790222925.669425489] [controller_server]: Reached the goal!
[controller_server-11] [INFO] [1790222925.669761446] [controller_server]: Optimizer reset
[bt_navigator-16] [INFO] [1790222925.699531173] [bt_navigator]: Goal succeeded
[INFO] [1790222925.736936734] [nearest_euclidean_frontier]: Goal reached
[INFO] [1790222926.618779360] [nearest_euclidean_frontier]: Selected nearest frontier: x=-1.06, y=5.38, distance=4.08 m, region=34 cells, near_fallback=False
[bt_navigator-16] [INFO] [1790222926.620386649] [bt_navigator]: Begin navigating from current location (-3.00, 1.78) to (-1.06, 5.38)
[controller_server-11] [INFO] [1790222926.630992665] [controller_server]: Received a goal, begin computing control effort.
[INFO] [1790222926.914423848] [nearest_euclidean_frontier]: Main goal accepted
[INFO] [1790222926.996811388] [nearest_euclidean_frontier]: Main /plan diagnostic: poses=98, endpoint=(-1.06, 5.38), frontier=(-1.06, 5.38), endpoint_to_frontier=0.000 m, limit=0.10 m -> usable
[INFO] [1790222927.643638572] [nearest_euclidean_frontier]: Main /plan diagnostic: poses=93, endpoint=(-1.06, 5.38), frontier=(-1.06, 5.38), endpoint_to_frontier=0.000 m, limit=0.10 m -> usable
[controller_server-11] [INFO] [1790222927.697820153] [controller_server]: Passing new path to controller.
[INFO] [1790222928.655224387] [nearest_euclidean_frontier]: Main /plan diagnostic: poses=86, endpoint=(-1.06, 5.38), frontier=(-1.06, 5.38), endpoint_to_frontier=0.000 m, limit=0.10 m -> usable
[controller_server-11] [INFO] [1790222928.697806493] [controller_server]: Passing new path to controller.
[controller_server-11] [INFO] [1790222929.764468296] [controller_server]: Passing new path to controller.
[INFO] [1790222929.861219870] [nearest_euclidean_frontier]: Main /plan diagnostic: poses=80, endpoint=(-1.06, 5.38), frontier=(-1.06, 5.38), endpoint_to_frontier=0.000 m, limit=0.10 m -> usable
[INFO] [1790222930.742514193] [nearest_euclidean_frontier]: Main /plan diagnostic: poses=73, endpoint=(-1.06, 5.38), frontier=(-1.06, 5.38), endpoint_to_frontier=0.000 m, limit=0.10 m -> usable
[controller_server-11] [INFO] [1790222930.764514994] [controller_server]: Passing new path to controller.
[rviz2-7] [INFO] [1790222931.335760569] [rviz2]: Trying to create a map of size 257 x 143 using 1 swatches
[controller_server-11] [INFO] [1790222931.470169558] [local_costmap.local_costmap]: StaticLayer: Resizing static layer to 257 X 143 at 0.100000 m/pix
[planner_server-13] [INFO] [1790222931.496873754] [global_costmap.global_costmap]: StaticLayer: Resizing costmap to 257 X 143 at 0.100000 m/pix
[INFO] [1790222931.744853246] [nearest_euclidean_frontier]: Main /plan diagnostic: poses=64, endpoint=(-1.06, 5.38), frontier=(-1.06, 5.38), endpoint_to_frontier=0.000 m, limit=0.10 m -> usable
[controller_server-11] [INFO] [1790222931.764499701] [controller_server]: Passing new path to controller.
[INFO] [1790222932.769642886] [nearest_euclidean_frontier]: Main /plan diagnostic: poses=60, endpoint=(-1.06, 5.38), frontier=(-1.06, 5.38), endpoint_to_frontier=0.000 m, limit=0.10 m -> usable
[controller_server-11] [INFO] [1790222932.831138765] [controller_server]: Passing new path to controller.
[INFO] [1790222933.786011442] [nearest_euclidean_frontier]: Main /plan diagnostic: poses=52, endpoint=(-1.06, 5.38), frontier=(-1.06, 5.38), endpoint_to_frontier=0.000 m, limit=0.10 m -> usable
[controller_server-11] [INFO] [1790222933.831143699] [controller_server]: Passing new path to controller.
[INFO] [1790222934.816190316] [nearest_euclidean_frontier]: Main /plan diagnostic: poses=45, endpoint=(-1.06, 5.38), frontier=(-1.06, 5.38), endpoint_to_frontier=0.000 m, limit=0.10 m -> usable
[controller_server-11] [INFO] [1790222934.831257855] [controller_server]: Passing new path to controller.
[INFO] [1790222935.845143886] [nearest_euclidean_frontier]: Main /plan diagnostic: poses=38, endpoint=(-1.06, 5.38), frontier=(-1.06, 5.38), endpoint_to_frontier=0.000 m, limit=0.10 m -> usable
[controller_server-11] [INFO] [1790222935.897799665] [controller_server]: Passing new path to controller.
[INFO] [1790222936.882539915] [nearest_euclidean_frontier]: Main /plan diagnostic: poses=40, endpoint=(-1.06, 5.38), frontier=(-1.06, 5.38), endpoint_to_frontier=0.000 m, limit=0.10 m -> usable
[controller_server-11] [INFO] [1790222936.897806538] [controller_server]: Passing new path to controller.
[INFO] [1790222937.896285850] [nearest_euclidean_frontier]: Main /plan diagnostic: poses=39, endpoint=(-1.06, 5.38), frontier=(-1.06, 5.38), endpoint_to_frontier=0.000 m, limit=0.10 m -> usable
[controller_server-11] [INFO] [1790222937.964466645] [controller_server]: Passing new path to controller.
[INFO] [1790222938.916006634] [nearest_euclidean_frontier]: Main /plan diagnostic: poses=30, endpoint=(-1.06, 5.38), frontier=(-1.06, 5.38), endpoint_to_frontier=0.000 m, limit=0.10 m -> usable
[controller_server-11] [INFO] [1790222938.964465575] [controller_server]: Passing new path to controller.
[INFO] [1790222939.948750559] [nearest_euclidean_frontier]: Main /plan diagnostic: poses=20, endpoint=(-1.06, 5.38), frontier=(-1.06, 5.38), endpoint_to_frontier=0.000 m, limit=0.10 m -> usable
[controller_server-11] [INFO] [1790222939.964481685] [controller_server]: Passing new path to controller.
[INFO] [1790222940.984538371] [nearest_euclidean_frontier]: Main /plan diagnostic: poses=14, endpoint=(-1.06, 5.38), frontier=(-1.06, 5.38), endpoint_to_frontier=0.000 m, limit=0.10 m -> usable
[controller_server-11] [INFO] [1790222941.031141561] [controller_server]: Passing new path to controller.
[INFO] [1790222942.019283451] [nearest_euclidean_frontier]: Main /plan diagnostic: poses=8, endpoint=(-1.06, 5.38), frontier=(-1.06, 5.38), endpoint_to_frontier=0.000 m, limit=0.10 m -> usable
[controller_server-11] [INFO] [1790222942.031135906] [controller_server]: Passing new path to controller.
[controller_server-11] [INFO] [1790222942.567299518] [controller_server]: Reached the goal!
[controller_server-11] [INFO] [1790222942.567769021] [controller_server]: Optimizer reset
[bt_navigator-16] [INFO] [1790222942.591407183] [bt_navigator]: Goal succeeded
[INFO] [1790222942.593995486] [nearest_euclidean_frontier]: Goal reached
[INFO] [1790222943.754892351] [nearest_euclidean_frontier]: Selected nearest frontier: x=0.84, y=5.69, distance=1.77 m, region=39 cells, near_fallback=False
[bt_navigator-16] [INFO] [1790222943.757268609] [bt_navigator]: Begin navigating from current location (-0.83, 5.10) to (0.84, 5.69)
[controller_server-11] [INFO] [1790222943.778069800] [controller_server]: Received a goal, begin computing control effort.
[INFO] [1790222944.175552863] [nearest_euclidean_frontier]: Main goal accepted
[INFO] [1790222944.249196631] [nearest_euclidean_frontier]: Main /plan diagnostic: poses=84, endpoint=(0.84, 5.69), frontier=(0.84, 5.69), endpoint_to_frontier=0.000 m, limit=0.10 m -> usable
[INFO] [1790222944.791814240] [nearest_euclidean_frontier]: Main /plan diagnostic: poses=80, endpoint=(0.84, 5.69), frontier=(0.84, 5.69), endpoint_to_frontier=0.000 m, limit=0.10 m -> usable
[controller_server-11] [INFO] [1790222944.844906378] [controller_server]: Passing new path to controller.
[INFO] [1790222945.809710891] [nearest_euclidean_frontier]: Main /plan diagnostic: poses=83, endpoint=(0.84, 5.69), frontier=(0.84, 5.69), endpoint_to_frontier=0.000 m, limit=0.10 m -> usable
[controller_server-11] [INFO] [1790222945.844905490] [controller_server]: Passing new path to controller.
[INFO] [1790222946.837166783] [nearest_euclidean_frontier]: Main /plan diagnostic: poses=83, endpoint=(0.84, 5.69), frontier=(0.84, 5.69), endpoint_to_frontier=0.000 m, limit=0.10 m -> usable
[controller_server-11] [INFO] [1790222946.911601447] [controller_server]: Passing new path to controller.
[INFO] [1790222947.859252933] [nearest_euclidean_frontier]: Main /plan diagnostic: poses=83, endpoint=(0.84, 5.69), frontier=(0.84, 5.69), endpoint_to_frontier=0.000 m, limit=0.10 m -> usable
[controller_server-11] [INFO] [1790222947.911573061] [controller_server]: Passing new path to controller.
[INFO] [1790222948.874812114] [nearest_euclidean_frontier]: Main /plan diagnostic: poses=72, endpoint=(0.84, 5.69), frontier=(0.84, 5.69), endpoint_to_frontier=0.000 m, limit=0.10 m -> usable
[controller_server-11] [INFO] [1790222948.911603705] [controller_server]: Passing new path to controller.
[INFO] [1790222949.895614823] [nearest_euclidean_frontier]: Main /plan diagnostic: poses=66, endpoint=(0.84, 5.69), frontier=(0.84, 5.69), endpoint_to_frontier=0.000 m, limit=0.10 m -> usable
[controller_server-11] [INFO] [1790222949.911579358] [controller_server]: Passing new path to controller.
[INFO] [1790222950.926069057] [nearest_euclidean_frontier]: Main /plan diagnostic: poses=52, endpoint=(0.84, 5.69), frontier=(0.84, 5.69), endpoint_to_frontier=0.000 m, limit=0.10 m -> usable
[controller_server-11] [INFO] [1790222950.978280933] [controller_server]: Passing new path to controller.
[INFO] [1790222951.955005284] [nearest_euclidean_frontier]: Main /plan diagnostic: poses=42, endpoint=(0.84, 5.69), frontier=(0.84, 5.69), endpoint_to_frontier=0.000 m, limit=0.10 m -> usable
[controller_server-11] [INFO] [1790222951.978315906] [controller_server]: Passing new path to controller.
[INFO] [1790222952.977807161] [nearest_euclidean_frontier]: Main /plan diagnostic: poses=31, endpoint=(0.84, 5.69), frontier=(0.84, 5.69), endpoint_to_frontier=0.000 m, limit=0.10 m -> usable
[controller_server-11] [INFO] [1790222953.044907496] [controller_server]: Passing new path to controller.
[INFO] [1790222954.004682978] [nearest_euclidean_frontier]: Main /plan diagnostic: poses=22, endpoint=(0.84, 5.69), frontier=(0.84, 5.69), endpoint_to_frontier=0.000 m, limit=0.10 m -> usable
[controller_server-11] [INFO] [1790222954.044905733] [controller_server]: Passing new path to controller.
[INFO] [1790222955.032841103] [nearest_euclidean_frontier]: Main /plan diagnostic: poses=16, endpoint=(0.84, 5.69), frontier=(0.84, 5.69), endpoint_to_frontier=0.000 m, limit=0.10 m -> usable
[controller_server-11] [INFO] [1790222955.111639324] [controller_server]: Passing new path to controller.
[INFO] [1790222956.068699433] [nearest_euclidean_frontier]: Main /plan diagnostic: poses=10, endpoint=(0.84, 5.69), frontier=(0.84, 5.69), endpoint_to_frontier=0.000 m, limit=0.10 m -> usable
[controller_server-11] [INFO] [1790222956.111675939] [controller_server]: Passing new path to controller.
[controller_server-11] [INFO] [1790222956.581476259] [controller_server]: Reached the goal!
[controller_server-11] [INFO] [1790222956.582458720] [controller_server]: Optimizer reset
[bt_navigator-16] [INFO] [1790222956.607512514] [bt_navigator]: Goal succeeded
[INFO] [1790222956.610316110] [nearest_euclidean_frontier]: Goal reached
[INFO] [1790222957.672805441] [nearest_euclidean_frontier]: Selected nearest frontier: x=5.84, y=4.19, distance=5.24 m, region=51 cells, near_fallback=False
[bt_navigator-16] [INFO] [1790222957.674033893] [bt_navigator]: Begin navigating from current location (0.75, 5.41) to (5.84, 4.19)
[controller_server-11] [INFO] [1790222957.694723661] [controller_server]: Received a goal, begin computing control effort.
[INFO] [1790222958.087925311] [nearest_euclidean_frontier]: Main goal accepted
[INFO] [1790222958.146973907] [nearest_euclidean_frontier]: Main /plan diagnostic: poses=107, endpoint=(5.84, 4.19), frontier=(5.84, 4.19), endpoint_to_frontier=0.000 m, limit=0.10 m -> usable
[INFO] [1790222958.747638302] [nearest_euclidean_frontier]: Main /plan diagnostic: poses=107, endpoint=(5.84, 4.19), frontier=(5.84, 4.19), endpoint_to_frontier=0.000 m, limit=0.10 m -> usable
[controller_server-11] [INFO] [1790222958.761528671] [controller_server]: Passing new path to controller.
[INFO] [1790222959.744070576] [nearest_euclidean_frontier]: Main /plan diagnostic: poses=103, endpoint=(5.84, 4.19), frontier=(5.84, 4.19), endpoint_to_frontier=0.000 m, limit=0.10 m -> usable
[controller_server-11] [INFO] [1790222959.761517615] [controller_server]: Passing new path to controller.
[INFO] [1790222960.769076034] [nearest_euclidean_frontier]: Main /plan diagnostic: poses=96, endpoint=(5.84, 4.19), frontier=(5.84, 4.19), endpoint_to_frontier=0.000 m, limit=0.10 m -> usable
[controller_server-11] [INFO] [1790222960.828212420] [controller_server]: Passing new path to controller.
[INFO] [1790222961.806043867] [nearest_euclidean_frontier]: Main /plan diagnostic: poses=86, endpoint=(5.84, 4.19), frontier=(5.84, 4.19), endpoint_to_frontier=0.000 m, limit=0.10 m -> usable
[controller_server-11] [INFO] [1790222961.828201801] [controller_server]: Passing new path to controller.
[controller_server-11] [INFO] [1790222962.828194083] [controller_server]: Passing new path to controller.
[INFO] [1790222962.843447844] [nearest_euclidean_frontier]: Main /plan diagnostic: poses=76, endpoint=(5.84, 4.19), frontier=(5.84, 4.19), endpoint_to_frontier=0.000 m, limit=0.10 m -> usable
[INFO] [1790222963.839046517] [nearest_euclidean_frontier]: Main /plan diagnostic: poses=69, endpoint=(5.84, 4.19), frontier=(5.84, 4.19), endpoint_to_frontier=0.000 m, limit=0.10 m -> usable
[controller_server-11] [INFO] [1790222963.894863286] [controller_server]: Passing new path to controller.
[INFO] [1790222964.869654793] [nearest_euclidean_frontier]: Main /plan diagnostic: poses=59, endpoint=(5.84, 4.19), frontier=(5.84, 4.19), endpoint_to_frontier=0.000 m, limit=0.10 m -> usable
[controller_server-11] [INFO] [1790222964.894849859] [controller_server]: Passing new path to controller.
[INFO] [1790222965.902284146] [nearest_euclidean_frontier]: Main /plan diagnostic: poses=49, endpoint=(5.84, 4.19), frontier=(5.84, 4.19), endpoint_to_frontier=0.000 m, limit=0.10 m -> usable
[controller_server-11] [INFO] [1790222965.961545657] [controller_server]: Passing new path to controller.
[INFO] [1790222966.922192442] [nearest_euclidean_frontier]: Main /plan diagnostic: poses=41, endpoint=(5.84, 4.19), frontier=(5.84, 4.19), endpoint_to_frontier=0.000 m, limit=0.10 m -> usable
[controller_server-11] [INFO] [1790222966.961487347] [controller_server]: Passing new path to controller.
[INFO] [1790222967.950975603] [nearest_euclidean_frontier]: Main /plan diagnostic: poses=30, endpoint=(5.84, 4.19), frontier=(5.84, 4.19), endpoint_to_frontier=0.000 m, limit=0.10 m -> usable
[controller_server-11] [INFO] [1790222968.028193497] [controller_server]: Passing new path to controller.
[INFO] [1790222968.978076734] [nearest_euclidean_frontier]: Main /plan diagnostic: poses=21, endpoint=(5.84, 4.19), frontier=(5.84, 4.19), endpoint_to_frontier=0.000 m, limit=0.10 m -> usable
[controller_server-11] [INFO] [1790222969.028418849] [controller_server]: Passing new path to controller.
[INFO] [1790222970.003416063] [nearest_euclidean_frontier]: Main /plan diagnostic: poses=15, endpoint=(5.84, 4.19), frontier=(5.84, 4.19), endpoint_to_frontier=0.000 m, limit=0.10 m -> usable
[controller_server-11] [INFO] [1790222970.032938651] [controller_server]: Passing new path to controller.
[INFO] [1790222971.030784398] [nearest_euclidean_frontier]: Main /plan diagnostic: poses=10, endpoint=(5.84, 4.19), frontier=(5.84, 4.19), endpoint_to_frontier=0.000 m, limit=0.10 m -> usable
[controller_server-11] [INFO] [1790222971.094856256] [controller_server]: Passing new path to controller.
[controller_server-11] [INFO] [1790222971.563763032] [controller_server]: Reached the goal!
[controller_server-11] [INFO] [1790222971.564082421] [controller_server]: Optimizer reset
[bt_navigator-16] [INFO] [1790222971.584372444] [bt_navigator]: Goal succeeded
[INFO] [1790222971.586472103] [nearest_euclidean_frontier]: Goal reached
[INFO] [1790222972.672181938] [nearest_euclidean_frontier]: Selected nearest frontier: x=7.44, y=5.39, distance=2.04 m, region=12 cells, near_fallback=False
[bt_navigator-16] [INFO] [1790222972.673192637] [bt_navigator]: Begin navigating from current location (5.63, 4.45) to (7.44, 5.39)
[controller_server-11] [INFO] [1790222972.694428218] [controller_server]: Received a goal, begin computing control effort.
[INFO] [1790222973.030166648] [nearest_euclidean_frontier]: Main goal accepted
[INFO] [1790222973.191261281] [nearest_euclidean_frontier]: Main /plan diagnostic: poses=50, endpoint=(7.44, 5.39), frontier=(7.44, 5.39), endpoint_to_frontier=0.000 m, limit=0.10 m -> usable
[INFO] [1790222973.739258876] [nearest_euclidean_frontier]: Main /plan diagnostic: poses=46, endpoint=(7.44, 5.39), frontier=(7.44, 5.39), endpoint_to_frontier=0.000 m, limit=0.10 m -> usable
[controller_server-11] [INFO] [1790222973.761246334] [controller_server]: Passing new path to controller.
[INFO] [1790222974.741118464] [nearest_euclidean_frontier]: Main /plan diagnostic: poses=37, endpoint=(7.44, 5.39), frontier=(7.44, 5.39), endpoint_to_frontier=0.000 m, limit=0.10 m -> usable
[controller_server-11] [INFO] [1790222974.761277193] [controller_server]: Passing new path to controller.
[INFO] [1790222975.763728569] [nearest_euclidean_frontier]: Main /plan diagnostic: poses=27, endpoint=(7.44, 5.39), frontier=(7.44, 5.39), endpoint_to_frontier=0.000 m, limit=0.10 m -> usable
[controller_server-11] [INFO] [1790222975.827909908] [controller_server]: Passing new path to controller.
[INFO] [1790222976.786791364] [nearest_euclidean_frontier]: Main /plan diagnostic: poses=21, endpoint=(7.44, 5.39), frontier=(7.44, 5.39), endpoint_to_frontier=0.000 m, limit=0.10 m -> usable
[controller_server-11] [INFO] [1790222976.828063773] [controller_server]: Passing new path to controller.
[INFO] [1790222977.828907145] [nearest_euclidean_frontier]: Main /plan diagnostic: poses=14, endpoint=(7.44, 5.39), frontier=(7.44, 5.39), endpoint_to_frontier=0.000 m, limit=0.10 m -> usable
[controller_server-11] [INFO] [1790222977.894580512] [controller_server]: Passing new path to controller.
[INFO] [1790222978.839320306] [nearest_euclidean_frontier]: Main /plan diagnostic: poses=10, endpoint=(7.44, 5.39), frontier=(7.44, 5.39), endpoint_to_frontier=0.000 m, limit=0.10 m -> usable
[controller_server-11] [INFO] [1790222978.896347400] [controller_server]: Passing new path to controller.
[controller_server-11] [INFO] [1790222979.496876946] [controller_server]: Reached the goal!
[controller_server-11] [INFO] [1790222979.497098420] [controller_server]: Optimizer reset
[bt_navigator-16] [INFO] [1790222979.523609178] [bt_navigator]: Goal succeeded
[INFO] [1790222979.526310613] [nearest_euclidean_frontier]: Goal reached
[INFO] [1790222980.735734525] [nearest_euclidean_frontier]: Selected nearest frontier: x=7.84, y=-0.31, distance=5.37 m, region=47 cells, near_fallback=False
[bt_navigator-16] [INFO] [1790222980.737863066] [bt_navigator]: Begin navigating from current location (7.37, 5.04) to (7.84, -0.31)
[controller_server-11] [INFO] [1790222980.758876863] [controller_server]: Received a goal, begin computing control effort.
[INFO] [1790222981.180008158] [nearest_euclidean_frontier]: Main goal accepted
[INFO] [1790222981.251941935] [nearest_euclidean_frontier]: Main /plan diagnostic: poses=140, endpoint=(7.84, -0.31), frontier=(7.84, -0.31), endpoint_to_frontier=0.000 m, limit=0.10 m -> usable
[INFO] [1790222981.788516740] [nearest_euclidean_frontier]: Main /plan diagnostic: poses=135, endpoint=(7.84, -0.31), frontier=(7.84, -0.31), endpoint_to_frontier=0.000 m, limit=0.10 m -> usable
[controller_server-11] [INFO] [1790222981.825758559] [controller_server]: Passing new path to controller.
[INFO] [1790222982.812490811] [nearest_euclidean_frontier]: Main /plan diagnostic: poses=129, endpoint=(7.84, -0.31), frontier=(7.84, -0.31), endpoint_to_frontier=0.000 m, limit=0.10 m -> usable
[controller_server-11] [INFO] [1790222982.825744012] [controller_server]: Passing new path to controller.
[INFO] [1790222983.841793388] [nearest_euclidean_frontier]: Main /plan diagnostic: poses=122, endpoint=(7.84, -0.31), frontier=(7.84, -0.31), endpoint_to_frontier=0.000 m, limit=0.10 m -> usable
[controller_server-11] [INFO] [1790222983.892393220] [controller_server]: Passing new path to controller.
[INFO] [1790222984.847411410] [nearest_euclidean_frontier]: Main /plan diagnostic: poses=115, endpoint=(7.84, -0.31), frontier=(7.84, -0.31), endpoint_to_frontier=0.000 m, limit=0.10 m -> usable
[controller_server-11] [INFO] [1790222984.892407790] [controller_server]: Passing new path to controller.
[INFO] [1790222985.878041260] [nearest_euclidean_frontier]: Main /plan diagnostic: poses=110, endpoint=(7.84, -0.31), frontier=(7.84, -0.31), endpoint_to_frontier=0.000 m, limit=0.10 m -> usable
[controller_server-11] [INFO] [1790222985.892386638] [controller_server]: Passing new path to controller.
[INFO] [1790222986.908459144] [nearest_euclidean_frontier]: Main /plan diagnostic: poses=104, endpoint=(7.84, -0.31), frontier=(7.84, -0.31), endpoint_to_frontier=0.000 m, limit=0.10 m -> usable
[controller_server-11] [INFO] [1790222986.959065828] [controller_server]: Passing new path to controller.
[INFO] [1790222987.942837435] [nearest_euclidean_frontier]: Main /plan diagnostic: poses=98, endpoint=(7.84, -0.31), frontier=(7.84, -0.31), endpoint_to_frontier=0.000 m, limit=0.10 m -> usable
[controller_server-11] [INFO] [1790222987.959082013] [controller_server]: Passing new path to controller.
[INFO] [1790222988.955720750] [nearest_euclidean_frontier]: Main /plan diagnostic: poses=90, endpoint=(7.84, -0.31), frontier=(7.84, -0.31), endpoint_to_frontier=0.000 m, limit=0.10 m -> usable
[controller_server-11] [INFO] [1790222989.025734462] [controller_server]: Passing new path to controller.
[INFO] [1790222989.991459439] [nearest_euclidean_frontier]: Main /plan diagnostic: poses=84, endpoint=(7.84, -0.31), frontier=(7.84, -0.31), endpoint_to_frontier=0.000 m, limit=0.10 m -> usable
[controller_server-11] [INFO] [1790222990.025710886] [controller_server]: Passing new path to controller.
[INFO] [1790222991.014980285] [nearest_euclidean_frontier]: Main /plan diagnostic: poses=77, endpoint=(7.84, -0.31), frontier=(7.84, -0.31), endpoint_to_frontier=0.000 m, limit=0.10 m -> usable
[controller_server-11] [INFO] [1790222991.025726547] [controller_server]: Passing new path to controller.
[INFO] [1790222992.025724958] [nearest_euclidean_frontier]: Main /plan diagnostic: poses=70, endpoint=(7.84, -0.31), frontier=(7.84, -0.31), endpoint_to_frontier=0.000 m, limit=0.10 m -> usable
[controller_server-11] [INFO] [1790222992.092421464] [controller_server]: Passing new path to controller.
[INFO] [1790222993.037936543] [nearest_euclidean_frontier]: Main /plan diagnostic: poses=59, endpoint=(7.84, -0.31), frontier=(7.84, -0.31), endpoint_to_frontier=0.000 m, limit=0.10 m -> usable
[controller_server-11] [INFO] [1790222993.092676517] [controller_server]: Passing new path to controller.
[INFO] [1790222994.056337122] [nearest_euclidean_frontier]: Main /plan diagnostic: poses=53, endpoint=(7.84, -0.31), frontier=(7.84, -0.31), endpoint_to_frontier=0.000 m, limit=0.10 m -> usable
[controller_server-11] [INFO] [1790222994.092447004] [controller_server]: Passing new path to controller.
[INFO] [1790222995.087330442] [nearest_euclidean_frontier]: Main /plan diagnostic: poses=49, endpoint=(7.84, -0.31), frontier=(7.84, -0.31), endpoint_to_frontier=0.000 m, limit=0.10 m -> usable
[controller_server-11] [INFO] [1790222995.159059652] [controller_server]: Passing new path to controller.
[INFO] [1790222996.130983547] [nearest_euclidean_frontier]: Main /plan diagnostic: poses=47, endpoint=(7.84, -0.31), frontier=(7.84, -0.31), endpoint_to_frontier=0.000 m, limit=0.10 m -> usable
[controller_server-11] [INFO] [1790222996.159080003] [controller_server]: Passing new path to controller.
[INFO] [1790222997.150605911] [nearest_euclidean_frontier]: Main /plan diagnostic: poses=46, endpoint=(7.84, -0.31), frontier=(7.84, -0.31), endpoint_to_frontier=0.000 m, limit=0.10 m -> usable
[controller_server-11] [INFO] [1790222997.159051377] [controller_server]: Passing new path to controller.
[INFO] [1790222998.167323063] [nearest_euclidean_frontier]: Main /plan diagnostic: poses=36, endpoint=(7.84, -0.31), frontier=(7.84, -0.31), endpoint_to_frontier=0.000 m, limit=0.10 m -> usable
[controller_server-11] [INFO] [1790222998.225732645] [controller_server]: Passing new path to controller.
[INFO] [1790222999.182749258] [nearest_euclidean_frontier]: Main /plan diagnostic: poses=24, endpoint=(7.84, -0.31), frontier=(7.84, -0.31), endpoint_to_frontier=0.000 m, limit=0.10 m -> usable
[controller_server-11] [INFO] [1790222999.225742831] [controller_server]: Passing new path to controller.
[rviz2-7] [INFO] [1790222999.356397046] [rviz2]: Trying to create a map of size 257 x 164 using 1 swatches
[controller_server-11] [INFO] [1790222999.470559582] [local_costmap.local_costmap]: StaticLayer: Resizing static layer to 257 X 164 at 0.100000 m/pix
[planner_server-13] [INFO] [1790222999.496898233] [global_costmap.global_costmap]: StaticLayer: Resizing costmap to 257 X 164 at 0.100000 m/pix
[INFO] [1790223000.214099387] [nearest_euclidean_frontier]: Main /plan diagnostic: poses=17, endpoint=(7.84, -0.31), frontier=(7.84, -0.31), endpoint_to_frontier=0.000 m, limit=0.10 m -> usable
[controller_server-11] [INFO] [1790223000.292432880] [controller_server]: Passing new path to controller.
[controller_server-11] [INFO] [1790223000.470168692] [local_costmap.local_costmap]: StaticLayer: Resizing static layer to 257 X 164 at 0.100000 m/pix
[planner_server-13] [INFO] [1790223000.496908550] [global_costmap.global_costmap]: StaticLayer: Resizing costmap to 257 X 164 at 0.100000 m/pix
[INFO] [1790223001.245950088] [nearest_euclidean_frontier]: Main /plan diagnostic: poses=12, endpoint=(7.84, -0.31), frontier=(7.84, -0.31), endpoint_to_frontier=0.000 m, limit=0.10 m -> usable
[controller_server-11] [INFO] [1790223001.292447422] [controller_server]: Passing new path to controller.
[controller_server-11] [INFO] [1790223002.094789956] [controller_server]: Reached the goal!
[controller_server-11] [INFO] [1790223002.097018454] [controller_server]: Optimizer reset
[bt_navigator-16] [INFO] [1790223002.118190689] [bt_navigator]: Goal succeeded
[INFO] [1790223002.123399818] [nearest_euclidean_frontier]: Goal reached
[INFO] [1790223002.757764831] [nearest_euclidean_frontier]: Selected nearest frontier: x=8.74, y=-1.11, distance=1.55 m, region=18 cells, near_fallback=False
[bt_navigator-16] [INFO] [1790223002.759297197] [bt_navigator]: Begin navigating from current location (7.60, -0.07) to (8.74, -1.11)
[controller_server-11] [INFO] [1790223002.761692668] [controller_server]: Received a goal, begin computing control effort.
[INFO] [1790223003.224667077] [nearest_euclidean_frontier]: Main goal accepted
[INFO] [1790223003.293981217] [nearest_euclidean_frontier]: Main /plan diagnostic: poses=39, endpoint=(8.74, -1.11), frontier=(8.74, -1.11), endpoint_to_frontier=0.000 m, limit=0.10 m -> usable
[INFO] [1790223003.776268111] [nearest_euclidean_frontier]: Main /plan diagnostic: poses=37, endpoint=(8.74, -1.11), frontier=(8.74, -1.11), endpoint_to_frontier=0.000 m, limit=0.10 m -> usable
[controller_server-11] [INFO] [1790223003.828531163] [controller_server]: Passing new path to controller.
[rviz2-7] [INFO] [1790223004.354077363] [rviz2]: Trying to create a map of size 257 x 165 using 1 swatches
[controller_server-11] [INFO] [1790223004.470267383] [local_costmap.local_costmap]: StaticLayer: Resizing static layer to 257 X 165 at 0.100000 m/pix
[planner_server-13] [INFO] [1790223004.496960878] [global_costmap.global_costmap]: StaticLayer: Resizing costmap to 257 X 165 at 0.100000 m/pix
[INFO] [1790223004.803528959] [nearest_euclidean_frontier]: Main /plan diagnostic: poses=33, endpoint=(8.74, -1.11), frontier=(8.74, -1.11), endpoint_to_frontier=0.000 m, limit=0.10 m -> usable
[controller_server-11] [INFO] [1790223004.828539541] [controller_server]: Passing new path to controller.
[controller_server-11] [INFO] [1790223005.470158170] [local_costmap.local_costmap]: StaticLayer: Resizing static layer to 257 X 165 at 0.100000 m/pix
[planner_server-13] [INFO] [1790223005.496895863] [global_costmap.global_costmap]: StaticLayer: Resizing costmap to 257 X 165 at 0.100000 m/pix
[INFO] [1790223005.850709010] [nearest_euclidean_frontier]: Main /plan diagnostic: poses=24, endpoint=(8.74, -1.11), frontier=(8.74, -1.11), endpoint_to_frontier=0.000 m, limit=0.10 m -> usable
[controller_server-11] [INFO] [1790223005.895238935] [controller_server]: Passing new path to controller.
[rviz2-7] [INFO] [1790223006.357200881] [rviz2]: Trying to create a map of size 258 x 165 using 1 swatches
[controller_server-11] [INFO] [1790223006.470178787] [local_costmap.local_costmap]: StaticLayer: Resizing static layer to 258 X 165 at 0.100000 m/pix
[planner_server-13] [INFO] [1790223006.496909970] [global_costmap.global_costmap]: StaticLayer: Resizing costmap to 258 X 165 at 0.100000 m/pix
[INFO] [1790223006.853857034] [nearest_euclidean_frontier]: Main /plan diagnostic: poses=17, endpoint=(8.74, -1.11), frontier=(8.74, -1.11), endpoint_to_frontier=0.000 m, limit=0.10 m -> usable
[controller_server-11] [INFO] [1790223006.895406544] [controller_server]: Passing new path to controller.
[INFO] [1790223007.887290114] [nearest_euclidean_frontier]: Main /plan diagnostic: poses=13, endpoint=(8.74, -1.11), frontier=(8.74, -1.11), endpoint_to_frontier=0.000 m, limit=0.10 m -> usable
[controller_server-11] [INFO] [1790223007.961866985] [controller_server]: Passing new path to controller.
[INFO] [1790223008.918645877] [nearest_euclidean_frontier]: Main /plan diagnostic: poses=9, endpoint=(8.74, -1.11), frontier=(8.74, -1.11), endpoint_to_frontier=0.000 m, limit=0.10 m -> usable
[controller_server-11] [INFO] [1790223008.961886169] [controller_server]: Passing new path to controller.
[controller_server-11] [INFO] [1790223009.297840769] [controller_server]: Reached the goal!
[controller_server-11] [INFO] [1790223009.298061049] [controller_server]: Optimizer reset
[bt_navigator-16] [INFO] [1790223009.319849256] [bt_navigator]: Goal succeeded
[INFO] [1790223009.322569495] [nearest_euclidean_frontier]: Goal reached
[INFO] [1790223009.838364662] [nearest_euclidean_frontier]: Selected nearest frontier: x=10.94, y=-2.51, distance=2.75 m, region=82 cells, near_fallback=False
[bt_navigator-16] [INFO] [1790223009.839990275] [bt_navigator]: Begin navigating from current location (8.83, -0.77) to (10.94, -2.51)
[controller_server-11] [INFO] [1790223009.860764949] [controller_server]: Received a goal, begin computing control effort.
[INFO] [1790223010.318427715] [nearest_euclidean_frontier]: Main goal accepted
[INFO] [1790223010.414634726] [nearest_euclidean_frontier]: Main /plan diagnostic: poses=153, endpoint=(10.94, -2.51), frontier=(10.94, -2.51), endpoint_to_frontier=0.000 m, limit=0.10 m -> usable
[INFO] [1790223010.892748825] [nearest_euclidean_frontier]: Main /plan diagnostic: poses=149, endpoint=(10.94, -2.51), frontier=(10.94, -2.51), endpoint_to_frontier=0.000 m, limit=0.10 m -> usable
[controller_server-11] [INFO] [1790223010.927588286] [controller_server]: Passing new path to controller.
[INFO] [1790223011.914937078] [nearest_euclidean_frontier]: Main /plan diagnostic: poses=145, endpoint=(10.94, -2.51), frontier=(10.94, -2.51), endpoint_to_frontier=0.000 m, limit=0.10 m -> usable
[controller_server-11] [INFO] [1790223011.927582323] [controller_server]: Passing new path to controller.
[INFO] [1790223012.944614046] [nearest_euclidean_frontier]: Main /plan diagnostic: poses=147, endpoint=(10.94, -2.51), frontier=(10.94, -2.51), endpoint_to_frontier=0.000 m, limit=0.10 m -> usable
[controller_server-11] [INFO] [1790223012.994251943] [controller_server]: Passing new path to controller.
[INFO] [1790223013.964381411] [nearest_euclidean_frontier]: Main /plan diagnostic: poses=145, endpoint=(10.94, -2.51), frontier=(10.94, -2.51), endpoint_to_frontier=0.000 m, limit=0.10 m -> usable
[controller_server-11] [INFO] [1790223013.994253896] [controller_server]: Passing new path to controller.
[INFO] [1790223014.988257946] [nearest_euclidean_frontier]: Main /plan diagnostic: poses=137, endpoint=(10.94, -2.51), frontier=(10.94, -2.51), endpoint_to_frontier=0.000 m, limit=0.10 m -> usable
[controller_server-11] [INFO] [1790223015.060912337] [controller_server]: Passing new path to controller.
[INFO] [1790223016.025093072] [nearest_euclidean_frontier]: Main /plan diagnostic: poses=127, endpoint=(10.94, -2.51), frontier=(10.94, -2.51), endpoint_to_frontier=0.000 m, limit=0.10 m -> usable
[controller_server-11] [INFO] [1790223016.061200397] [controller_server]: Passing new path to controller.
[rviz2-7] [INFO] [1790223016.332257085] [rviz2]: Trying to create a map of size 258 x 166 using 1 swatches
[controller_server-11] [INFO] [1790223016.470360256] [local_costmap.local_costmap]: StaticLayer: Resizing static layer to 258 X 166 at 0.100000 m/pix
[planner_server-13] [INFO] [1790223016.496869069] [global_costmap.global_costmap]: StaticLayer: Resizing costmap to 258 X 166 at 0.100000 m/pix
[INFO] [1790223017.043047002] [nearest_euclidean_frontier]: Main /plan diagnostic: poses=119, endpoint=(10.94, -2.51), frontier=(10.94, -2.51), endpoint_to_frontier=0.000 m, limit=0.10 m -> usable
[controller_server-11] [INFO] [1790223017.061076093] [controller_server]: Passing new path to controller.
[rviz2-7] [INFO] [1790223017.334394764] [rviz2]: Trying to create a map of size 258 x 184 using 1 swatches
[controller_server-11] [INFO] [1790223017.470178605] [local_costmap.local_costmap]: StaticLayer: Resizing static layer to 258 X 184 at 0.100000 m/pix
[planner_server-13] [INFO] [1790223017.496889255] [global_costmap.global_costmap]: StaticLayer: Resizing costmap to 258 X 184 at 0.100000 m/pix
[INFO] [1790223018.065581556] [nearest_euclidean_frontier]: Main /plan diagnostic: poses=108, endpoint=(10.94, -2.51), frontier=(10.94, -2.51), endpoint_to_frontier=0.000 m, limit=0.10 m -> usable
[controller_server-11] [INFO] [1790223018.127577811] [controller_server]: Passing new path to controller.
[rviz2-7] [INFO] [1790223018.345268968] [rviz2]: Trying to create a map of size 258 x 186 using 1 swatches
[controller_server-11] [INFO] [1790223018.470172554] [local_costmap.local_costmap]: StaticLayer: Resizing static layer to 258 X 186 at 0.100000 m/pix
[planner_server-13] [INFO] [1790223018.497506640] [global_costmap.global_costmap]: StaticLayer: Resizing costmap to 258 X 186 at 0.100000 m/pix
[INFO] [1790223019.084225991] [nearest_euclidean_frontier]: Main /plan diagnostic: poses=100, endpoint=(10.94, -2.51), frontier=(10.94, -2.51), endpoint_to_frontier=0.000 m, limit=0.10 m -> usable
[controller_server-11] [INFO] [1790223019.127695823] [controller_server]: Passing new path to controller.
[INFO] [1790223020.109356286] [nearest_euclidean_frontier]: Main /plan diagnostic: poses=90, endpoint=(10.94, -2.51), frontier=(10.94, -2.51), endpoint_to_frontier=0.000 m, limit=0.10 m -> usable
[controller_server-11] [INFO] [1790223020.127597441] [controller_server]: Passing new path to controller.
[INFO] [1790223021.158622927] [nearest_euclidean_frontier]: Main /plan diagnostic: poses=81, endpoint=(10.94, -2.51), frontier=(10.94, -2.51), endpoint_to_frontier=0.000 m, limit=0.10 m -> usable
[controller_server-11] [INFO] [1790223021.194250167] [controller_server]: Passing new path to controller.
[INFO] [1790223022.170037297] [nearest_euclidean_frontier]: Main /plan diagnostic: poses=69, endpoint=(10.94, -2.51), frontier=(10.94, -2.51), endpoint_to_frontier=0.000 m, limit=0.10 m -> usable
[controller_server-11] [INFO] [1790223022.194275450] [controller_server]: Passing new path to controller.
[INFO] [1790223023.184157737] [nearest_euclidean_frontier]: Main /plan diagnostic: poses=59, endpoint=(10.94, -2.51), frontier=(10.94, -2.51), endpoint_to_frontier=0.000 m, limit=0.10 m -> usable
[controller_server-11] [INFO] [1790223023.260906015] [controller_server]: Passing new path to controller.
[INFO] [1790223024.205281367] [nearest_euclidean_frontier]: Main /plan diagnostic: poses=51, endpoint=(10.94, -2.51), frontier=(10.94, -2.51), endpoint_to_frontier=0.000 m, limit=0.10 m -> usable
[controller_server-11] [INFO] [1790223024.260907673] [controller_server]: Passing new path to controller.
[INFO] [1790223025.234073779] [nearest_euclidean_frontier]: Main /plan diagnostic: poses=41, endpoint=(10.94, -2.51), frontier=(10.94, -2.51), endpoint_to_frontier=0.000 m, limit=0.10 m -> usable
[controller_server-11] [INFO] [1790223025.260957879] [controller_server]: Passing new path to controller.
[INFO] [1790223026.286863476] [nearest_euclidean_frontier]: Main /plan diagnostic: poses=31, endpoint=(10.94, -2.51), frontier=(10.94, -2.51), endpoint_to_frontier=0.000 m, limit=0.10 m -> usable
[controller_server-11] [INFO] [1790223026.327658921] [controller_server]: Passing new path to controller.
[INFO] [1790223027.276255117] [nearest_euclidean_frontier]: Main /plan diagnostic: poses=23, endpoint=(10.94, -2.51), frontier=(10.94, -2.51), endpoint_to_frontier=0.000 m, limit=0.10 m -> usable
[controller_server-11] [INFO] [1790223027.327582401] [controller_server]: Passing new path to controller.
[INFO] [1790223028.311978361] [nearest_euclidean_frontier]: Main /plan diagnostic: poses=15, endpoint=(10.94, -2.51), frontier=(10.94, -2.51), endpoint_to_frontier=0.000 m, limit=0.10 m -> usable
[controller_server-11] [INFO] [1790223028.327605797] [controller_server]: Passing new path to controller.
[INFO] [1790223029.332842998] [nearest_euclidean_frontier]: Main /plan diagnostic: poses=9, endpoint=(10.94, -2.51), frontier=(10.94, -2.51), endpoint_to_frontier=0.000 m, limit=0.10 m -> usable
[controller_server-11] [INFO] [1790223029.394255574] [controller_server]: Passing new path to controller.
[controller_server-11] [INFO] [1790223029.795637192] [controller_server]: Reached the goal!
[controller_server-11] [INFO] [1790223029.795796115] [controller_server]: Optimizer reset
[bt_navigator-16] [INFO] [1790223029.820254020] [bt_navigator]: Goal succeeded
[INFO] [1790223029.822538911] [nearest_euclidean_frontier]: Goal reached
[INFO] [1790223030.743778691] [nearest_euclidean_frontier]: Selected nearest frontier: x=11.74, y=2.07, distance=4.77 m, region=33 cells, near_fallback=False
[bt_navigator-16] [INFO] [1790223030.744597523] [bt_navigator]: Begin navigating from current location (10.59, -2.56) to (11.74, 2.07)
[controller_server-11] [INFO] [1790223030.765481411] [controller_server]: Received a goal, begin computing control effort.
[INFO] [1790223031.261299475] [nearest_euclidean_frontier]: Main goal accepted
[INFO] [1790223031.336161760] [nearest_euclidean_frontier]: Main /plan diagnostic: poses=222, endpoint=(11.74, 2.07), frontier=(11.74, 2.07), endpoint_to_frontier=0.000 m, limit=0.10 m -> usable
[INFO] [1790223031.784400199] [nearest_euclidean_frontier]: Main /plan diagnostic: poses=218, endpoint=(11.74, 2.07), frontier=(11.74, 2.07), endpoint_to_frontier=0.000 m, limit=0.10 m -> usable
[controller_server-11] [INFO] [1790223031.832308345] [controller_server]: Passing new path to controller.
[INFO] [1790223032.802564881] [nearest_euclidean_frontier]: Main /plan diagnostic: poses=212, endpoint=(11.74, 2.07), frontier=(11.74, 2.07), endpoint_to_frontier=0.000 m, limit=0.10 m -> usable
[controller_server-11] [INFO] [1790223032.832304993] [controller_server]: Passing new path to controller.
[INFO] [1790223033.813349247] [nearest_euclidean_frontier]: Main /plan diagnostic: poses=205, endpoint=(11.74, 2.07), frontier=(11.74, 2.07), endpoint_to_frontier=0.000 m, limit=0.10 m -> usable
[controller_server-11] [INFO] [1790223033.832337354] [controller_server]: Passing new path to controller.
[INFO] [1790223034.838777032] [nearest_euclidean_frontier]: Main /plan diagnostic: poses=197, endpoint=(11.74, 2.07), frontier=(11.74, 2.07), endpoint_to_frontier=0.000 m, limit=0.10 m -> usable
[controller_server-11] [INFO] [1790223034.898972559] [controller_server]: Passing new path to controller.
[INFO] [1790223035.847354844] [nearest_euclidean_frontier]: Main /plan diagnostic: poses=192, endpoint=(11.74, 2.07), frontier=(11.74, 2.07), endpoint_to_frontier=0.000 m, limit=0.10 m -> usable
[controller_server-11] [INFO] [1790223035.898996493] [controller_server]: Passing new path to controller.
[INFO] [1790223036.874952059] [nearest_euclidean_frontier]: Main /plan diagnostic: poses=184, endpoint=(11.74, 2.07), frontier=(11.74, 2.07), endpoint_to_frontier=0.000 m, limit=0.10 m -> usable
[controller_server-11] [INFO] [1790223036.898979052] [controller_server]: Passing new path to controller.
[INFO] [1790223037.896706073] [nearest_euclidean_frontier]: Main /plan diagnostic: poses=180, endpoint=(11.74, 2.07), frontier=(11.74, 2.07), endpoint_to_frontier=0.000 m, limit=0.10 m -> usable
[controller_server-11] [INFO] [1790223037.966071467] [controller_server]: Passing new path to controller.
[INFO] [1790223038.912296109] [nearest_euclidean_frontier]: Main /plan diagnostic: poses=172, endpoint=(11.74, 2.07), frontier=(11.74, 2.07), endpoint_to_frontier=0.000 m, limit=0.10 m -> usable
[controller_server-11] [INFO] [1790223038.966102716] [controller_server]: Passing new path to controller.
[INFO] [1790223039.951986989] [nearest_euclidean_frontier]: Main /plan diagnostic: poses=165, endpoint=(11.74, 2.07), frontier=(11.74, 2.07), endpoint_to_frontier=0.000 m, limit=0.10 m -> usable
[controller_server-11] [INFO] [1790223039.965666055] [controller_server]: Passing new path to controller.
[INFO] [1790223040.974790733] [nearest_euclidean_frontier]: Main /plan diagnostic: poses=155, endpoint=(11.74, 2.07), frontier=(11.74, 2.07), endpoint_to_frontier=0.000 m, limit=0.10 m -> usable
[controller_server-11] [INFO] [1790223041.032722921] [controller_server]: Passing new path to controller.
[INFO] [1790223041.995634783] [nearest_euclidean_frontier]: Main /plan diagnostic: poses=157, endpoint=(11.74, 2.07), frontier=(11.74, 2.07), endpoint_to_frontier=0.000 m, limit=0.10 m -> usable
[controller_server-11] [INFO] [1790223042.032312873] [controller_server]: Passing new path to controller.
[INFO] [1790223043.014199848] [nearest_euclidean_frontier]: Main /plan diagnostic: poses=152, endpoint=(11.74, 2.07), frontier=(11.74, 2.07), endpoint_to_frontier=0.000 m, limit=0.10 m -> usable
[controller_server-11] [INFO] [1790223043.032427568] [controller_server]: Passing new path to controller.
[INFO] [1790223044.047375380] [nearest_euclidean_frontier]: Main /plan diagnostic: poses=151, endpoint=(11.74, 2.07), frontier=(11.74, 2.07), endpoint_to_frontier=0.000 m, limit=0.10 m -> usable
[controller_server-11] [INFO] [1790223044.099049723] [controller_server]: Passing new path to controller.
[INFO] [1790223045.078468332] [nearest_euclidean_frontier]: Main /plan diagnostic: poses=136, endpoint=(11.74, 2.07), frontier=(11.74, 2.07), endpoint_to_frontier=0.000 m, limit=0.10 m -> usable
[controller_server-11] [INFO] [1790223045.098970551] [controller_server]: Passing new path to controller.
[INFO] [1790223046.098800008] [nearest_euclidean_frontier]: Main /plan diagnostic: poses=129, endpoint=(11.74, 2.07), frontier=(11.74, 2.07), endpoint_to_frontier=0.000 m, limit=0.10 m -> usable
[controller_server-11] [INFO] [1790223046.165653501] [controller_server]: Passing new path to controller.
[INFO] [1790223047.114827532] [nearest_euclidean_frontier]: Main /plan diagnostic: poses=120, endpoint=(11.74, 2.07), frontier=(11.74, 2.07), endpoint_to_frontier=0.000 m, limit=0.10 m -> usable
[controller_server-11] [INFO] [1790223047.165621133] [controller_server]: Passing new path to controller.
[async_slam_toolbox_node-10] WARNING: Logging before InitGoogleLogging() is written to STDERR
[async_slam_toolbox_node-10] W20260924 11:10:47.271869 17838 preprocessor.cc:67] Specified options.num_threads: 50 exceeds maximum available from the threading model Ceres was compiled with: 16.  Bounding to maximum number available.
[async_slam_toolbox_node-10] [INFO] [1790223047.278161515] [slam_toolbox]: Adaptive anchor summary: latest_node=363, local_edges=383, loop_history=0, avg_effective_weight=1.784, release_regions=0
[rviz2-7] [INFO] [1790223047.370781418] [rviz2]: Trying to create a map of size 258 x 187 using 1 swatches
[controller_server-11] [INFO] [1790223047.470195274] [local_costmap.local_costmap]: StaticLayer: Resizing static layer to 258 X 187 at 0.100000 m/pix
[planner_server-13] [INFO] [1790223047.496949097] [global_costmap.global_costmap]: StaticLayer: Resizing costmap to 258 X 187 at 0.100000 m/pix
[INFO] [1790223048.152943699] [nearest_euclidean_frontier]: Main /plan diagnostic: poses=109, endpoint=(11.74, 2.07), frontier=(11.74, 2.07), endpoint_to_frontier=0.000 m, limit=0.10 m -> usable
[controller_server-11] [INFO] [1790223048.165657721] [controller_server]: Passing new path to controller.
[INFO] [1790223049.172276253] [nearest_euclidean_frontier]: Main /plan diagnostic: poses=96, endpoint=(11.74, 2.07), frontier=(11.74, 2.07), endpoint_to_frontier=0.000 m, limit=0.10 m -> usable
[controller_server-11] [INFO] [1790223049.232371181] [controller_server]: Passing new path to controller.
[INFO] [1790223050.196214977] [nearest_euclidean_frontier]: Main /plan diagnostic: poses=90, endpoint=(11.74, 2.07), frontier=(11.74, 2.07), endpoint_to_frontier=0.000 m, limit=0.10 m -> usable
[controller_server-11] [INFO] [1790223050.232316214] [controller_server]: Passing new path to controller.
[INFO] [1790223051.224261182] [nearest_euclidean_frontier]: Main /plan diagnostic: poses=83, endpoint=(11.74, 2.07), frontier=(11.74, 2.07), endpoint_to_frontier=0.000 m, limit=0.10 m -> usable
[controller_server-11] [INFO] [1790223051.298992504] [controller_server]: Passing new path to controller.
[INFO] [1790223052.251065726] [nearest_euclidean_frontier]: Main /plan diagnostic: poses=72, endpoint=(11.74, 2.07), frontier=(11.74, 2.07), endpoint_to_frontier=0.000 m, limit=0.10 m -> usable
[controller_server-11] [INFO] [1790223052.298979998] [controller_server]: Passing new path to controller.
[INFO] [1790223053.277455769] [nearest_euclidean_frontier]: Main /plan diagnostic: poses=63, endpoint=(11.74, 2.07), frontier=(11.74, 2.07), endpoint_to_frontier=0.000 m, limit=0.10 m -> usable
[controller_server-11] [INFO] [1790223053.298981361] [controller_server]: Passing new path to controller.
[INFO] [1790223054.291837783] [nearest_euclidean_frontier]: Main /plan diagnostic: poses=54, endpoint=(11.74, 2.07), frontier=(11.74, 2.07), endpoint_to_frontier=0.000 m, limit=0.10 m -> usable
[controller_server-11] [INFO] [1790223054.365660148] [controller_server]: Passing new path to controller.
[INFO] [1790223055.313963431] [nearest_euclidean_frontier]: Main /plan diagnostic: poses=48, endpoint=(11.74, 2.07), frontier=(11.74, 2.07), endpoint_to_frontier=0.000 m, limit=0.10 m -> usable
[controller_server-11] [INFO] [1790223055.365638417] [controller_server]: Passing new path to controller.
[INFO] [1790223056.331589134] [nearest_euclidean_frontier]: Main /plan diagnostic: poses=36, endpoint=(11.74, 2.07), frontier=(11.74, 2.07), endpoint_to_frontier=0.000 m, limit=0.10 m -> usable
[controller_server-11] [INFO] [1790223056.365799187] [controller_server]: Passing new path to controller.
[INFO] [1790223057.368030732] [nearest_euclidean_frontier]: Main /plan diagnostic: poses=25, endpoint=(11.74, 2.07), frontier=(11.74, 2.07), endpoint_to_frontier=0.000 m, limit=0.10 m -> usable
[controller_server-11] [INFO] [1790223057.432312008] [controller_server]: Passing new path to controller.
[INFO] [1790223058.378312899] [nearest_euclidean_frontier]: Main /plan diagnostic: poses=17, endpoint=(11.74, 2.07), frontier=(11.74, 2.07), endpoint_to_frontier=0.000 m, limit=0.10 m -> usable
[controller_server-11] [INFO] [1790223058.432319993] [controller_server]: Passing new path to controller.
[INFO] [1790223059.403886815] [nearest_euclidean_frontier]: Main /plan diagnostic: poses=11, endpoint=(11.74, 2.07), frontier=(11.74, 2.07), endpoint_to_frontier=0.000 m, limit=0.10 m -> usable
[controller_server-11] [INFO] [1790223059.432314471] [controller_server]: Passing new path to controller.
[controller_server-11] [INFO] [1790223060.033787437] [controller_server]: Reached the goal!
[controller_server-11] [INFO] [1790223060.033929443] [controller_server]: Optimizer reset
[bt_navigator-16] [INFO] [1790223060.054916658] [bt_navigator]: Goal succeeded
[INFO] [1790223060.058819735] [nearest_euclidean_frontier]: Goal reached
[INFO] [1790223060.778086907] [nearest_euclidean_frontier]: Selected nearest frontier: x=10.54, y=6.08, distance=4.09 m, region=22 cells, near_fallback=False
[bt_navigator-16] [INFO] [1790223060.779345625] [bt_navigator]: Begin navigating from current location (11.39, 2.09) to (10.54, 6.08)
[controller_server-11] [INFO] [1790223060.800020413] [controller_server]: Received a goal, begin computing control effort.
[INFO] [1790223061.232596769] [nearest_euclidean_frontier]: Main goal accepted
[INFO] [1790223061.382576022] [nearest_euclidean_frontier]: Main /plan diagnostic: poses=84, endpoint=(10.54, 6.08), frontier=(10.54, 6.08), endpoint_to_frontier=0.000 m, limit=0.10 m -> usable
[INFO] [1790223061.816918901] [nearest_euclidean_frontier]: Main /plan diagnostic: poses=84, endpoint=(10.54, 6.08), frontier=(10.54, 6.08), endpoint_to_frontier=0.000 m, limit=0.10 m -> usable
[controller_server-11] [INFO] [1790223061.867783421] [controller_server]: Passing new path to controller.
[INFO] [1790223062.837473666] [nearest_euclidean_frontier]: Main /plan diagnostic: poses=82, endpoint=(10.54, 6.08), frontier=(10.54, 6.08), endpoint_to_frontier=0.000 m, limit=0.10 m -> usable
[controller_server-11] [INFO] [1790223062.866849230] [controller_server]: Passing new path to controller.
[INFO] [1790223063.865408904] [nearest_euclidean_frontier]: Main /plan diagnostic: poses=74, endpoint=(10.54, 6.08), frontier=(10.54, 6.08), endpoint_to_frontier=0.000 m, limit=0.10 m -> usable
[controller_server-11] [INFO] [1790223063.933496634] [controller_server]: Passing new path to controller.
[INFO] [1790223064.894998813] [nearest_euclidean_frontier]: Main /plan diagnostic: poses=66, endpoint=(10.54, 6.08), frontier=(10.54, 6.08), endpoint_to_frontier=0.000 m, limit=0.10 m -> usable
[controller_server-11] [INFO] [1790223064.933502124] [controller_server]: Passing new path to controller.
[INFO] [1790223065.927466455] [nearest_euclidean_frontier]: Main /plan diagnostic: poses=56, endpoint=(10.54, 6.08), frontier=(10.54, 6.08), endpoint_to_frontier=0.000 m, limit=0.10 m -> usable
[controller_server-11] [INFO] [1790223066.000207957] [controller_server]: Passing new path to controller.
[INFO] [1790223066.944413897] [nearest_euclidean_frontier]: Main /plan diagnostic: poses=46, endpoint=(10.54, 6.08), frontier=(10.54, 6.08), endpoint_to_frontier=0.000 m, limit=0.10 m -> usable
[controller_server-11] [INFO] [1790223067.000240353] [controller_server]: Passing new path to controller.
[INFO] [1790223067.976280505] [nearest_euclidean_frontier]: Main /plan diagnostic: poses=38, endpoint=(10.54, 6.08), frontier=(10.54, 6.08), endpoint_to_frontier=0.000 m, limit=0.10 m -> usable
[controller_server-11] [INFO] [1790223068.000162594] [controller_server]: Passing new path to controller.
[INFO] [1790223069.005163858] [nearest_euclidean_frontier]: Main /plan diagnostic: poses=28, endpoint=(10.54, 6.08), frontier=(10.54, 6.08), endpoint_to_frontier=0.000 m, limit=0.10 m -> usable
[controller_server-11] [INFO] [1790223069.066830271] [controller_server]: Passing new path to controller.
[INFO] [1790223070.023138585] [nearest_euclidean_frontier]: Main /plan diagnostic: poses=20, endpoint=(10.54, 6.08), frontier=(10.54, 6.08), endpoint_to_frontier=0.000 m, limit=0.10 m -> usable
[controller_server-11] [INFO] [1790223070.067045700] [controller_server]: Passing new path to controller.
[INFO] [1790223071.063341591] [nearest_euclidean_frontier]: Main /plan diagnostic: poses=12, endpoint=(10.54, 6.08), frontier=(10.54, 6.08), endpoint_to_frontier=0.000 m, limit=0.10 m -> usable
[controller_server-11] [INFO] [1790223071.133560303] [controller_server]: Passing new path to controller.
[INFO] [1790223072.073615061] [nearest_euclidean_frontier]: Main /plan diagnostic: poses=8, endpoint=(10.54, 6.08), frontier=(10.54, 6.08), endpoint_to_frontier=0.000 m, limit=0.10 m -> usable
[controller_server-11] [INFO] [1790223072.133536202] [controller_server]: Passing new path to controller.
[controller_server-11] [INFO] [1790223072.335244577] [controller_server]: Reached the goal!
[controller_server-11] [INFO] [1790223072.335555279] [controller_server]: Optimizer reset
[bt_navigator-16] [INFO] [1790223072.359698038] [bt_navigator]: Goal succeeded
[INFO] [1790223072.362251441] [nearest_euclidean_frontier]: Goal reached
[INFO] [1790223072.792153350] [nearest_euclidean_frontier]: Selected nearest frontier: x=5.94, y=-6.52, distance=13.29 m, region=16 cells, near_fallback=False
[bt_navigator-16] [INFO] [1790223072.794173007] [bt_navigator]: Begin navigating from current location (10.80, 5.88) to (5.94, -6.52)
[controller_server-11] [INFO] [1790223072.819584431] [controller_server]: Received a goal, begin computing control effort.
[INFO] [1790223073.286875640] [nearest_euclidean_frontier]: Main goal accepted
[INFO] [1790223073.352801044] [nearest_euclidean_frontier]: Main /plan diagnostic: poses=303, endpoint=(5.94, -6.52), frontier=(5.94, -6.52), endpoint_to_frontier=0.000 m, limit=0.10 m -> usable
[INFO] [1790223073.836515727] [nearest_euclidean_frontier]: Main /plan diagnostic: poses=300, endpoint=(5.94, -6.52), frontier=(5.94, -6.52), endpoint_to_frontier=0.000 m, limit=0.10 m -> usable
[controller_server-11] [INFO] [1790223073.886413584] [controller_server]: Passing new path to controller.
[INFO] [1790223074.869045122] [nearest_euclidean_frontier]: Main /plan diagnostic: poses=296, endpoint=(5.94, -6.52), frontier=(5.94, -6.52), endpoint_to_frontier=0.000 m, limit=0.10 m -> usable
[controller_server-11] [INFO] [1790223074.886449969] [controller_server]: Passing new path to controller.
[INFO] [1790223075.896561957] [nearest_euclidean_frontier]: Main /plan diagnostic: poses=294, endpoint=(5.94, -6.52), frontier=(5.94, -6.52), endpoint_to_frontier=0.000 m, limit=0.10 m -> usable
[controller_server-11] [INFO] [1790223075.953118599] [controller_server]: Passing new path to controller.
[INFO] [1790223076.919166399] [nearest_euclidean_frontier]: Main /plan diagnostic: poses=294, endpoint=(5.94, -6.52), frontier=(5.94, -6.52), endpoint_to_frontier=0.000 m, limit=0.10 m -> usable
[controller_server-11] [INFO] [1790223076.953367156] [controller_server]: Passing new path to controller.
[INFO] [1790223077.952057742] [nearest_euclidean_frontier]: Main /plan diagnostic: poses=287, endpoint=(5.94, -6.52), frontier=(5.94, -6.52), endpoint_to_frontier=0.000 m, limit=0.10 m -> usable
[controller_server-11] [INFO] [1790223078.019726132] [controller_server]: Passing new path to controller.
[INFO] [1790223078.995047129] [nearest_euclidean_frontier]: Main /plan diagnostic: poses=277, endpoint=(5.94, -6.52), frontier=(5.94, -6.52), endpoint_to_frontier=0.000 m, limit=0.10 m -> usable
[controller_server-11] [INFO] [1790223079.019747851] [controller_server]: Passing new path to controller.
[INFO] [1790223079.993591335] [nearest_euclidean_frontier]: Main /plan diagnostic: poses=268, endpoint=(5.94, -6.52), frontier=(5.94, -6.52), endpoint_to_frontier=0.000 m, limit=0.10 m -> usable
[controller_server-11] [INFO] [1790223080.019712314] [controller_server]: Passing new path to controller.
[INFO] [1790223081.028899310] [nearest_euclidean_frontier]: Main /plan diagnostic: poses=260, endpoint=(5.94, -6.52), frontier=(5.94, -6.52), endpoint_to_frontier=0.000 m, limit=0.10 m -> usable
[controller_server-11] [INFO] [1790223081.086429555] [controller_server]: Passing new path to controller.
[INFO] [1790223082.054039769] [nearest_euclidean_frontier]: Main /plan diagnostic: poses=249, endpoint=(5.94, -6.52), frontier=(5.94, -6.52), endpoint_to_frontier=0.000 m, limit=0.10 m -> usable
[controller_server-11] [INFO] [1790223082.086424584] [controller_server]: Passing new path to controller.
[INFO] [1790223083.075924466] [nearest_euclidean_frontier]: Main /plan diagnostic: poses=239, endpoint=(5.94, -6.52), frontier=(5.94, -6.52), endpoint_to_frontier=0.000 m, limit=0.10 m -> usable
[controller_server-11] [INFO] [1790223083.086418442] [controller_server]: Passing new path to controller.
[INFO] [1790223084.108388904] [nearest_euclidean_frontier]: Main /plan diagnostic: poses=228, endpoint=(5.94, -6.52), frontier=(5.94, -6.52), endpoint_to_frontier=0.000 m, limit=0.10 m -> usable
[controller_server-11] [INFO] [1790223084.153257040] [controller_server]: Passing new path to controller.
[INFO] [1790223085.134984945] [nearest_euclidean_frontier]: Main /plan diagnostic: poses=221, endpoint=(5.94, -6.52), frontier=(5.94, -6.52), endpoint_to_frontier=0.000 m, limit=0.10 m -> usable
[controller_server-11] [INFO] [1790223085.153087832] [controller_server]: Passing new path to controller.
[INFO] [1790223086.151176075] [nearest_euclidean_frontier]: Main /plan diagnostic: poses=213, endpoint=(5.94, -6.52), frontier=(5.94, -6.52), endpoint_to_frontier=0.000 m, limit=0.10 m -> usable
[controller_server-11] [INFO] [1790223086.219732508] [controller_server]: Passing new path to controller.
[async_slam_toolbox_node-10] W20260924 11:11:26.239229 17838 preprocessor.cc:67] Specified options.num_threads: 50 exceeds maximum available from the threading model Ceres was compiled with: 16.  Bounding to maximum number available.
[async_slam_toolbox_node-10] [INFO] [1790223086.243569950] [slam_toolbox]: Adaptive anchor summary: latest_node=460, local_edges=483, loop_history=0, avg_effective_weight=1.624, release_regions=0
[controller_server-11] [INFO] [1790223086.470245186] [local_costmap.local_costmap]: StaticLayer: Resizing static layer to 258 X 187 at 0.100000 m/pix
[planner_server-13] [INFO] [1790223086.497109983] [global_costmap.global_costmap]: StaticLayer: Resizing costmap to 258 X 187 at 0.100000 m/pix
[INFO] [1790223087.184636172] [nearest_euclidean_frontier]: Main /plan diagnostic: poses=206, endpoint=(5.94, -6.52), frontier=(5.94, -6.52), endpoint_to_frontier=0.000 m, limit=0.10 m -> usable
[controller_server-11] [INFO] [1790223087.219719788] [controller_server]: Passing new path to controller.
[INFO] [1790223088.184677509] [nearest_euclidean_frontier]: Main /plan diagnostic: poses=192, endpoint=(5.94, -6.52), frontier=(5.94, -6.52), endpoint_to_frontier=0.000 m, limit=0.10 m -> usable
[controller_server-11] [INFO] [1790223088.221166991] [controller_server]: Passing new path to controller.
[INFO] [1790223089.212502226] [nearest_euclidean_frontier]: Main /plan diagnostic: poses=185, endpoint=(5.94, -6.52), frontier=(5.94, -6.52), endpoint_to_frontier=0.000 m, limit=0.10 m -> usable
[controller_server-11] [INFO] [1790223089.289107970] [controller_server]: Passing new path to controller.
[INFO] [1790223090.270666100] [nearest_euclidean_frontier]: Main /plan diagnostic: poses=175, endpoint=(5.94, -6.52), frontier=(5.94, -6.52), endpoint_to_frontier=0.000 m, limit=0.10 m -> usable
[controller_server-11] [INFO] [1790223090.286434898] [controller_server]: Passing new path to controller.
[async_slam_toolbox_node-10] W20260924 11:11:31.109028 17838 preprocessor.cc:67] Specified options.num_threads: 50 exceeds maximum available from the threading model Ceres was compiled with: 16.  Bounding to maximum number available.
[INFO] [1790223091.274862936] [nearest_euclidean_frontier]: Main /plan diagnostic: poses=166, endpoint=(5.94, -6.52), frontier=(5.94, -6.52), endpoint_to_frontier=0.000 m, limit=0.10 m -> usable
[controller_server-11] [INFO] [1790223091.286461387] [controller_server]: Passing new path to controller.
[controller_server-11] [INFO] [1790223091.470164837] [local_costmap.local_costmap]: StaticLayer: Resizing static layer to 258 X 187 at 0.100000 m/pix
[planner_server-13] [INFO] [1790223091.496909442] [global_costmap.global_costmap]: StaticLayer: Resizing costmap to 258 X 187 at 0.100000 m/pix
[INFO] [1790223092.304716568] [nearest_euclidean_frontier]: Main /plan diagnostic: poses=156, endpoint=(5.94, -6.52), frontier=(5.94, -6.52), endpoint_to_frontier=0.000 m, limit=0.10 m -> usable
[controller_server-11] [INFO] [1790223092.353127275] [controller_server]: Passing new path to controller.
[INFO] [1790223093.336179376] [nearest_euclidean_frontier]: Main /plan diagnostic: poses=147, endpoint=(5.94, -6.52), frontier=(5.94, -6.52), endpoint_to_frontier=0.000 m, limit=0.10 m -> usable
[controller_server-11] [INFO] [1790223093.353101058] [controller_server]: Passing new path to controller.
[INFO] [1790223094.362221928] [nearest_euclidean_frontier]: Main /plan diagnostic: poses=137, endpoint=(5.94, -6.52), frontier=(5.94, -6.52), endpoint_to_frontier=0.000 m, limit=0.10 m -> usable
[controller_server-11] [INFO] [1790223094.419708869] [controller_server]: Passing new path to controller.
[rviz2-7] [INFO] [1790223095.372939566] [rviz2]: Trying to create a map of size 258 x 188 using 1 swatches
[INFO] [1790223095.375032093] [nearest_euclidean_frontier]: Main /plan diagnostic: poses=127, endpoint=(5.94, -6.52), frontier=(5.94, -6.52), endpoint_to_frontier=0.000 m, limit=0.10 m -> usable
[controller_server-11] [INFO] [1790223095.419718439] [controller_server]: Passing new path to controller.
[controller_server-11] [INFO] [1790223095.470200979] [local_costmap.local_costmap]: StaticLayer: Resizing static layer to 258 X 188 at 0.100000 m/pix
[planner_server-13] [INFO] [1790223095.496918253] [global_costmap.global_costmap]: StaticLayer: Resizing costmap to 258 X 188 at 0.100000 m/pix
[async_slam_toolbox_node-10] W20260924 11:11:36.192270 17838 preprocessor.cc:67] Specified options.num_threads: 50 exceeds maximum available from the threading model Ceres was compiled with: 16.  Bounding to maximum number available.
[INFO] [1790223096.405816040] [nearest_euclidean_frontier]: Main /plan diagnostic: poses=117, endpoint=(5.94, -6.52), frontier=(5.94, -6.52), endpoint_to_frontier=0.000 m, limit=0.10 m -> usable
[controller_server-11] [INFO] [1790223096.419727414] [controller_server]: Passing new path to controller.
[controller_server-11] [INFO] [1790223096.470481286] [local_costmap.local_costmap]: StaticLayer: Resizing static layer to 258 X 188 at 0.100000 m/pix
[planner_server-13] [INFO] [1790223096.496916568] [global_costmap.global_costmap]: StaticLayer: Resizing costmap to 258 X 188 at 0.100000 m/pix
[INFO] [1790223097.431902198] [nearest_euclidean_frontier]: Main /plan diagnostic: poses=109, endpoint=(5.94, -6.52), frontier=(5.94, -6.52), endpoint_to_frontier=0.000 m, limit=0.10 m -> usable
[controller_server-11] [INFO] [1790223097.486415881] [controller_server]: Passing new path to controller.
[INFO] [1790223098.453373983] [nearest_euclidean_frontier]: Main /plan diagnostic: poses=99, endpoint=(5.94, -6.52), frontier=(5.94, -6.52), endpoint_to_frontier=0.000 m, limit=0.10 m -> usable
[controller_server-11] [INFO] [1790223098.486440898] [controller_server]: Passing new path to controller.
[INFO] [1790223099.472872038] [nearest_euclidean_frontier]: Main /plan diagnostic: poses=89, endpoint=(5.94, -6.52), frontier=(5.94, -6.52), endpoint_to_frontier=0.000 m, limit=0.10 m -> usable
[controller_server-11] [INFO] [1790223099.486430641] [controller_server]: Passing new path to controller.
[rviz2-7] [INFO] [1790223100.368373223] [rviz2]: Trying to create a map of size 258 x 195 using 1 swatches
[controller_server-11] [INFO] [1790223100.470207151] [local_costmap.local_costmap]: StaticLayer: Resizing static layer to 258 X 195 at 0.100000 m/pix
[planner_server-13] [INFO] [1790223100.496864506] [global_costmap.global_costmap]: StaticLayer: Resizing costmap to 258 X 195 at 0.100000 m/pix
[INFO] [1790223100.514213783] [nearest_euclidean_frontier]: Main /plan diagnostic: poses=81, endpoint=(5.94, -6.52), frontier=(5.94, -6.52), endpoint_to_frontier=0.000 m, limit=0.10 m -> usable
[controller_server-11] [INFO] [1790223100.553114826] [controller_server]: Passing new path to controller.
[INFO] [1790223101.536768451] [nearest_euclidean_frontier]: Main /plan diagnostic: poses=72, endpoint=(5.94, -6.52), frontier=(5.94, -6.52), endpoint_to_frontier=0.000 m, limit=0.10 m -> usable
[controller_server-11] [INFO] [1790223101.555716727] [controller_server]: Passing new path to controller.
[INFO] [1790223102.564980668] [nearest_euclidean_frontier]: Main /plan diagnostic: poses=64, endpoint=(5.94, -6.52), frontier=(5.94, -6.52), endpoint_to_frontier=0.000 m, limit=0.10 m -> usable
[controller_server-11] [INFO] [1790223102.619778574] [controller_server]: Passing new path to controller.
[INFO] [1790223103.573099848] [nearest_euclidean_frontier]: Main /plan diagnostic: poses=54, endpoint=(5.94, -6.52), frontier=(5.94, -6.52), endpoint_to_frontier=0.000 m, limit=0.10 m -> usable
[controller_server-11] [INFO] [1790223103.619717624] [controller_server]: Passing new path to controller.
[INFO] [1790223104.598948463] [nearest_euclidean_frontier]: Main /plan diagnostic: poses=46, endpoint=(5.94, -6.52), frontier=(5.94, -6.52), endpoint_to_frontier=0.000 m, limit=0.10 m -> usable
[controller_server-11] [INFO] [1790223104.619747888] [controller_server]: Passing new path to controller.
[INFO] [1790223105.618592650] [nearest_euclidean_frontier]: Main /plan diagnostic: poses=36, endpoint=(5.94, -6.52), frontier=(5.94, -6.52), endpoint_to_frontier=0.000 m, limit=0.10 m -> usable
[controller_server-11] [INFO] [1790223105.686428838] [controller_server]: Passing new path to controller.
[INFO] [1790223106.637391480] [nearest_euclidean_frontier]: Main /plan diagnostic: poses=28, endpoint=(5.94, -6.52), frontier=(5.94, -6.52), endpoint_to_frontier=0.000 m, limit=0.10 m -> usable
[controller_server-11] [INFO] [1790223106.686436772] [controller_server]: Passing new path to controller.
[INFO] [1790223107.669703441] [nearest_euclidean_frontier]: Main /plan diagnostic: poses=19, endpoint=(5.94, -6.52), frontier=(5.94, -6.52), endpoint_to_frontier=0.000 m, limit=0.10 m -> usable
[controller_server-11] [INFO] [1790223107.686424611] [controller_server]: Passing new path to controller.
[INFO] [1790223108.734762192] [nearest_euclidean_frontier]: Main /plan diagnostic: poses=13, endpoint=(5.94, -6.52), frontier=(5.94, -6.52), endpoint_to_frontier=0.000 m, limit=0.10 m -> usable
[controller_server-11] [INFO] [1790223108.753370729] [controller_server]: Passing new path to controller.
[INFO] [1790223109.745382061] [nearest_euclidean_frontier]: Main /plan diagnostic: poses=9, endpoint=(5.94, -6.52), frontier=(5.94, -6.52), endpoint_to_frontier=0.000 m, limit=0.10 m -> usable
[controller_server-11] [INFO] [1790223109.753141886] [controller_server]: Passing new path to controller.
[controller_server-11] [INFO] [1790223110.154701160] [controller_server]: Reached the goal!
[controller_server-11] [INFO] [1790223110.154856273] [controller_server]: Optimizer reset
[bt_navigator-16] [INFO] [1790223110.184567608] [bt_navigator]: Goal succeeded
[INFO] [1790223110.188635853] [nearest_euclidean_frontier]: Goal reached
[INFO] [1790223110.848003769] [nearest_euclidean_frontier]: Selected nearest frontier: x=4.44, y=-9.67, distance=3.67 m, region=131 cells, near_fallback=False
[bt_navigator-16] [INFO] [1790223110.849466999] [bt_navigator]: Begin navigating from current location (6.30, -6.51) to (4.44, -9.67)
[controller_server-11] [INFO] [1790223110.870365333] [controller_server]: Received a goal, begin computing control effort.
[INFO] [1790223111.359878585] [nearest_euclidean_frontier]: Main goal accepted
[INFO] [1790223111.423947147] [nearest_euclidean_frontier]: Main /plan diagnostic: poses=94, endpoint=(4.44, -9.67), frontier=(4.44, -9.67), endpoint_to_frontier=0.000 m, limit=0.10 m -> usable
[INFO] [1790223111.887330569] [nearest_euclidean_frontier]: Main /plan diagnostic: poses=91, endpoint=(4.44, -9.67), frontier=(4.44, -9.67), endpoint_to_frontier=0.000 m, limit=0.10 m -> usable
[controller_server-11] [INFO] [1790223111.937200562] [controller_server]: Passing new path to controller.
[INFO] [1790223112.898458718] [nearest_euclidean_frontier]: Main /plan diagnostic: poses=78, endpoint=(4.44, -9.67), frontier=(4.44, -9.67), endpoint_to_frontier=0.000 m, limit=0.10 m -> usable
[controller_server-11] [INFO] [1790223112.937209964] [controller_server]: Passing new path to controller.
[rviz2-7] [INFO] [1790223113.363759041] [rviz2]: Trying to create a map of size 258 x 200 using 1 swatches
[controller_server-11] [INFO] [1790223113.470243233] [local_costmap.local_costmap]: StaticLayer: Resizing static layer to 258 X 200 at 0.100000 m/pix
[planner_server-13] [INFO] [1790223113.499059815] [global_costmap.global_costmap]: StaticLayer: Resizing costmap to 258 X 200 at 0.100000 m/pix
[INFO] [1790223113.917363391] [nearest_euclidean_frontier]: Main /plan diagnostic: poses=68, endpoint=(4.44, -9.67), frontier=(4.44, -9.67), endpoint_to_frontier=0.000 m, limit=0.10 m -> usable
[controller_server-11] [INFO] [1790223113.937207253] [controller_server]: Passing new path to controller.
[controller_server-11] [INFO] [1790223114.470243357] [local_costmap.local_costmap]: StaticLayer: Resizing static layer to 258 X 200 at 0.100000 m/pix
[planner_server-13] [INFO] [1790223114.497058411] [global_costmap.global_costmap]: StaticLayer: Resizing costmap to 258 X 200 at 0.100000 m/pix
[INFO] [1790223114.949937933] [nearest_euclidean_frontier]: Main /plan diagnostic: poses=59, endpoint=(4.44, -9.67), frontier=(4.44, -9.67), endpoint_to_frontier=0.000 m, limit=0.10 m -> usable
[controller_server-11] [INFO] [1790223115.004715670] [controller_server]: Passing new path to controller.
[INFO] [1790223115.963846256] [nearest_euclidean_frontier]: Main /plan diagnostic: poses=49, endpoint=(4.44, -9.67), frontier=(4.44, -9.67), endpoint_to_frontier=0.000 m, limit=0.10 m -> usable
[controller_server-11] [INFO] [1790223116.003893134] [controller_server]: Passing new path to controller.
[controller_server-11] [INFO] [1790223116.470357524] [local_costmap.local_costmap]: StaticLayer: Resizing static layer to 258 X 200 at 0.100000 m/pix
[planner_server-13] [INFO] [1790223116.496881029] [global_costmap.global_costmap]: StaticLayer: Resizing costmap to 258 X 200 at 0.100000 m/pix
[INFO] [1790223116.976684545] [nearest_euclidean_frontier]: Main /plan diagnostic: poses=39, endpoint=(4.44, -9.67), frontier=(4.44, -9.67), endpoint_to_frontier=0.000 m, limit=0.10 m -> usable
[controller_server-11] [INFO] [1790223117.003890831] [controller_server]: Passing new path to controller.
[INFO] [1790223118.009170864] [nearest_euclidean_frontier]: Main /plan diagnostic: poses=29, endpoint=(4.44, -9.67), frontier=(4.44, -9.67), endpoint_to_frontier=0.000 m, limit=0.10 m -> usable
[controller_server-11] [INFO] [1790223118.070544121] [controller_server]: Passing new path to controller.
[INFO] [1790223119.023609601] [nearest_euclidean_frontier]: Main /plan diagnostic: poses=21, endpoint=(4.44, -9.67), frontier=(4.44, -9.67), endpoint_to_frontier=0.000 m, limit=0.10 m -> usable
[controller_server-11] [INFO] [1790223119.070565407] [controller_server]: Passing new path to controller.
[INFO] [1790223120.058178381] [nearest_euclidean_frontier]: Main /plan diagnostic: poses=13, endpoint=(4.44, -9.67), frontier=(4.44, -9.67), endpoint_to_frontier=0.000 m, limit=0.10 m -> usable
[controller_server-11] [INFO] [1790223120.137237741] [controller_server]: Passing new path to controller.
[INFO] [1790223121.085032399] [nearest_euclidean_frontier]: Main /plan diagnostic: poses=9, endpoint=(4.44, -9.67), frontier=(4.44, -9.67), endpoint_to_frontier=0.000 m, limit=0.10 m -> usable
[controller_server-11] [INFO] [1790223121.137211515] [controller_server]: Passing new path to controller.
[controller_server-11] [INFO] [1790223121.605936769] [controller_server]: Reached the goal!
[controller_server-11] [INFO] [1790223121.606242706] [controller_server]: Optimizer reset
[bt_navigator-16] [INFO] [1790223121.629760367] [bt_navigator]: Goal succeeded
[INFO] [1790223121.631967404] [nearest_euclidean_frontier]: Goal reached
[INFO] [1790223122.836328873] [nearest_euclidean_frontier]: Selected nearest frontier: x=5.94, y=-12.09, distance=3.11 m, region=20 cells, near_fallback=False
[bt_navigator-16] [INFO] [1790223122.837227607] [bt_navigator]: Begin navigating from current location (4.47, -9.34) to (5.94, -12.09)
[controller_server-11] [INFO] [1790223122.858715597] [controller_server]: Received a goal, begin computing control effort.
[INFO] [1790223123.389108069] [nearest_euclidean_frontier]: Main goal accepted
[INFO] [1790223123.467455434] [nearest_euclidean_frontier]: Main /plan diagnostic: poses=72, endpoint=(5.94, -12.09), frontier=(5.94, -12.09), endpoint_to_frontier=0.000 m, limit=0.10 m -> usable
[INFO] [1790223123.875526468] [nearest_euclidean_frontier]: Main /plan diagnostic: poses=62, endpoint=(5.94, -12.09), frontier=(5.94, -12.09), endpoint_to_frontier=0.000 m, limit=0.10 m -> usable
[controller_server-11] [INFO] [1790223123.925537324] [controller_server]: Passing new path to controller.
[INFO] [1790223124.898914861] [nearest_euclidean_frontier]: Main /plan diagnostic: poses=58, endpoint=(5.94, -12.09), frontier=(5.94, -12.09), endpoint_to_frontier=0.000 m, limit=0.10 m -> usable
[controller_server-11] [INFO] [1790223124.925548159] [controller_server]: Passing new path to controller.
[INFO] [1790223125.913708721] [nearest_euclidean_frontier]: Main /plan diagnostic: poses=48, endpoint=(5.94, -12.09), frontier=(5.94, -12.09), endpoint_to_frontier=0.000 m, limit=0.10 m -> usable
[controller_server-11] [INFO] [1790223125.992219232] [controller_server]: Passing new path to controller.
[INFO] [1790223126.933620540] [nearest_euclidean_frontier]: Main /plan diagnostic: poses=38, endpoint=(5.94, -12.09), frontier=(5.94, -12.09), endpoint_to_frontier=0.000 m, limit=0.10 m -> usable
[controller_server-11] [INFO] [1790223126.992200978] [controller_server]: Passing new path to controller.
[INFO] [1790223127.972522463] [nearest_euclidean_frontier]: Main /plan diagnostic: poses=27, endpoint=(5.94, -12.09), frontier=(5.94, -12.09), endpoint_to_frontier=0.000 m, limit=0.10 m -> usable
[controller_server-11] [INFO] [1790223127.992214908] [controller_server]: Passing new path to controller.
[INFO] [1790223128.993105014] [nearest_euclidean_frontier]: Main /plan diagnostic: poses=26, endpoint=(5.94, -12.09), frontier=(5.94, -12.09), endpoint_to_frontier=0.000 m, limit=0.10 m -> usable
[controller_server-11] [INFO] [1790223129.058859225] [controller_server]: Passing new path to controller.
[INFO] [1790223130.017924449] [nearest_euclidean_frontier]: Main /plan diagnostic: poses=14, endpoint=(5.94, -12.09), frontier=(5.94, -12.09), endpoint_to_frontier=0.000 m, limit=0.10 m -> usable
[controller_server-11] [INFO] [1790223130.058862893] [controller_server]: Passing new path to controller.
[INFO] [1790223131.048037840] [nearest_euclidean_frontier]: Main /plan diagnostic: poses=13, endpoint=(5.94, -12.09), frontier=(5.94, -12.09), endpoint_to_frontier=0.000 m, limit=0.10 m -> usable
[controller_server-11] [INFO] [1790223131.058861013] [controller_server]: Passing new path to controller.
[controller_server-11] [INFO] [1790223131.527425574] [controller_server]: Reached the goal!
[controller_server-11] [INFO] [1790223131.527750672] [controller_server]: Optimizer reset
[bt_navigator-16] [INFO] [1790223131.557576384] [bt_navigator]: Goal succeeded
[INFO] [1790223131.565409356] [nearest_euclidean_frontier]: Goal reached
[INFO] [1790223132.834230286] [nearest_euclidean_frontier]: Selected nearest frontier: x=7.04, y=-9.79, distance=2.70 m, region=52 cells, near_fallback=False
[bt_navigator-16] [INFO] [1790223132.835332482] [bt_navigator]: Begin navigating from current location (5.59, -12.07) to (7.04, -9.79)
[controller_server-11] [INFO] [1790223132.856103213] [controller_server]: Received a goal, begin computing control effort.
[INFO] [1790223133.407228320] [nearest_euclidean_frontier]: Main goal accepted
[INFO] [1790223133.478475039] [nearest_euclidean_frontier]: Main /plan diagnostic: poses=74, endpoint=(7.04, -9.79), frontier=(7.04, -9.79), endpoint_to_frontier=0.000 m, limit=0.10 m -> usable
[INFO] [1790223133.867008810] [nearest_euclidean_frontier]: Main /plan diagnostic: poses=65, endpoint=(7.04, -9.79), frontier=(7.04, -9.79), endpoint_to_frontier=0.000 m, limit=0.10 m -> usable
[controller_server-11] [INFO] [1790223133.922948496] [controller_server]: Passing new path to controller.
[INFO] [1790223134.886286710] [nearest_euclidean_frontier]: Main /plan diagnostic: poses=50, endpoint=(7.04, -9.79), frontier=(7.04, -9.79), endpoint_to_frontier=0.000 m, limit=0.10 m -> usable
[controller_server-11] [INFO] [1790223134.922970591] [controller_server]: Passing new path to controller.
[controller_server-11] [INFO] [1790223135.470233983] [local_costmap.local_costmap]: StaticLayer: Resizing static layer to 258 X 200 at 0.100000 m/pix
[planner_server-13] [INFO] [1790223135.496880354] [global_costmap.global_costmap]: StaticLayer: Resizing costmap to 258 X 200 at 0.100000 m/pix
[INFO] [1790223135.913401650] [nearest_euclidean_frontier]: Main /plan diagnostic: poses=40, endpoint=(7.04, -9.79), frontier=(7.04, -9.79), endpoint_to_frontier=0.000 m, limit=0.10 m -> usable
[controller_server-11] [INFO] [1790223135.989637556] [controller_server]: Passing new path to controller.
[INFO] [1790223136.935421507] [nearest_euclidean_frontier]: Main /plan diagnostic: poses=30, endpoint=(7.04, -9.79), frontier=(7.04, -9.79), endpoint_to_frontier=0.000 m, limit=0.10 m -> usable
[controller_server-11] [INFO] [1790223136.990565559] [controller_server]: Passing new path to controller.
[rviz2-7] [INFO] [1790223137.345134853] [rviz2]: Trying to create a map of size 259 x 201 using 1 swatches
[controller_server-11] [INFO] [1790223137.470242941] [local_costmap.local_costmap]: StaticLayer: Resizing static layer to 259 X 201 at 0.100000 m/pix
[planner_server-13] [INFO] [1790223137.496905548] [global_costmap.global_costmap]: StaticLayer: Resizing costmap to 259 X 201 at 0.100000 m/pix
[INFO] [1790223137.961066467] [nearest_euclidean_frontier]: Main /plan diagnostic: poses=22, endpoint=(7.04, -9.79), frontier=(7.04, -9.79), endpoint_to_frontier=0.000 m, limit=0.10 m -> usable
[controller_server-11] [INFO] [1790223137.989622107] [controller_server]: Passing new path to controller.
[INFO] [1790223138.994986277] [nearest_euclidean_frontier]: Main /plan diagnostic: poses=14, endpoint=(7.04, -9.79), frontier=(7.04, -9.79), endpoint_to_frontier=0.000 m, limit=0.10 m -> usable
[controller_server-11] [INFO] [1790223139.056291818] [controller_server]: Passing new path to controller.
[INFO] [1790223140.015448232] [nearest_euclidean_frontier]: Main /plan diagnostic: poses=10, endpoint=(7.04, -9.79), frontier=(7.04, -9.79), endpoint_to_frontier=0.000 m, limit=0.10 m -> usable
[controller_server-11] [INFO] [1790223140.056298018] [controller_server]: Passing new path to controller.
[controller_server-11] [INFO] [1790223140.525165027] [controller_server]: Reached the goal!
[controller_server-11] [INFO] [1790223140.525744430] [controller_server]: Optimizer reset
[bt_navigator-16] [INFO] [1790223140.545598949] [bt_navigator]: Goal succeeded
[INFO] [1790223140.548763395] [nearest_euclidean_frontier]: Goal reached
[INFO] [1790223141.816237419] [nearest_euclidean_frontier]: Selected nearest frontier: x=8.64, y=-10.13, distance=1.70 m, region=12 cells, near_fallback=False
[bt_navigator-16] [INFO] [1790223141.817514973] [bt_navigator]: Begin navigating from current location (6.94, -10.10) to (8.64, -10.13)
[controller_server-11] [INFO] [1790223141.838126981] [controller_server]: Received a goal, begin computing control effort.
[INFO] [1790223142.362030017] [nearest_euclidean_frontier]: Main goal accepted
[INFO] [1790223142.415603315] [nearest_euclidean_frontier]: Main /plan diagnostic: poses=64, endpoint=(8.64, -10.13), frontier=(8.64, -10.13), endpoint_to_frontier=0.000 m, limit=0.10 m -> usable
[INFO] [1790223142.859362562] [nearest_euclidean_frontier]: Main /plan diagnostic: poses=61, endpoint=(8.64, -10.13), frontier=(8.64, -10.13), endpoint_to_frontier=0.000 m, limit=0.10 m -> usable
[controller_server-11] [INFO] [1790223142.904921873] [controller_server]: Passing new path to controller.
[INFO] [1790223143.871832348] [nearest_euclidean_frontier]: Main /plan diagnostic: poses=61, endpoint=(8.64, -10.13), frontier=(8.64, -10.13), endpoint_to_frontier=0.000 m, limit=0.10 m -> usable
[controller_server-11] [INFO] [1790223143.904949718] [controller_server]: Passing new path to controller.
[INFO] [1790223144.907950460] [nearest_euclidean_frontier]: Main /plan diagnostic: poses=59, endpoint=(8.64, -10.13), frontier=(8.64, -10.13), endpoint_to_frontier=0.000 m, limit=0.10 m -> usable
[controller_server-11] [INFO] [1790223144.971588905] [controller_server]: Passing new path to controller.
[INFO] [1790223145.933436620] [nearest_euclidean_frontier]: Main /plan diagnostic: poses=50, endpoint=(8.64, -10.13), frontier=(8.64, -10.13), endpoint_to_frontier=0.000 m, limit=0.10 m -> usable
[controller_server-11] [INFO] [1790223145.971615472] [controller_server]: Passing new path to controller.
[INFO] [1790223146.943484297] [nearest_euclidean_frontier]: Main /plan diagnostic: poses=42, endpoint=(8.64, -10.13), frontier=(8.64, -10.13), endpoint_to_frontier=0.000 m, limit=0.10 m -> usable
[controller_server-11] [INFO] [1790223146.971597177] [controller_server]: Passing new path to controller.
[INFO] [1790223147.988000934] [nearest_euclidean_frontier]: Main /plan diagnostic: poses=32, endpoint=(8.64, -10.13), frontier=(8.64, -10.13), endpoint_to_frontier=0.000 m, limit=0.10 m -> usable
[controller_server-11] [INFO] [1790223148.038444448] [controller_server]: Passing new path to controller.
[INFO] [1790223148.994749251] [nearest_euclidean_frontier]: Main /plan diagnostic: poses=23, endpoint=(8.64, -10.13), frontier=(8.64, -10.13), endpoint_to_frontier=0.000 m, limit=0.10 m -> usable
[controller_server-11] [INFO] [1790223149.038282501] [controller_server]: Passing new path to controller.
[INFO] [1790223150.021463901] [nearest_euclidean_frontier]: Main /plan diagnostic: poses=17, endpoint=(8.64, -10.13), frontier=(8.64, -10.13), endpoint_to_frontier=0.000 m, limit=0.10 m -> usable
[controller_server-11] [INFO] [1790223150.038252722] [controller_server]: Passing new path to controller.
[INFO] [1790223151.045974958] [nearest_euclidean_frontier]: Main /plan diagnostic: poses=11, endpoint=(8.64, -10.13), frontier=(8.64, -10.13), endpoint_to_frontier=0.000 m, limit=0.10 m -> usable
[controller_server-11] [INFO] [1790223151.104941372] [controller_server]: Passing new path to controller.
[INFO] [1790223152.051372289] [nearest_euclidean_frontier]: Main /plan diagnostic: poses=5, endpoint=(8.64, -10.13), frontier=(8.64, -10.13), endpoint_to_frontier=0.000 m, limit=0.10 m -> usable
[controller_server-11] [INFO] [1790223152.104919758] [controller_server]: Passing new path to controller.
[controller_server-11] [INFO] [1790223152.173551778] [controller_server]: Reached the goal!
[controller_server-11] [INFO] [1790223152.173748315] [controller_server]: Optimizer reset
[bt_navigator-16] [INFO] [1790223152.197742821] [bt_navigator]: Goal succeeded
[INFO] [1790223152.199610328] [nearest_euclidean_frontier]: Goal reached
[INFO] [1790223152.847706302] [nearest_euclidean_frontier]: Selected nearest frontier: x=10.44, y=-8.33, distance=2.73 m, region=97 cells, near_fallback=False
[bt_navigator-16] [INFO] [1790223152.849133488] [bt_navigator]: Begin navigating from current location (8.74, -10.46) to (10.44, -8.33)
[controller_server-11] [INFO] [1790223152.869732024] [controller_server]: Received a goal, begin computing control effort.
[INFO] [1790223153.447319735] [nearest_euclidean_frontier]: Main goal accepted
[INFO] [1790223153.495552850] [nearest_euclidean_frontier]: Main /plan diagnostic: poses=123, endpoint=(10.44, -8.33), frontier=(10.44, -8.33), endpoint_to_frontier=0.000 m, limit=0.10 m -> usable
[INFO] [1790223153.890452617] [nearest_euclidean_frontier]: Main /plan diagnostic: poses=118, endpoint=(10.44, -8.33), frontier=(10.44, -8.33), endpoint_to_frontier=0.000 m, limit=0.10 m -> usable
[controller_server-11] [INFO] [1790223153.936556804] [controller_server]: Passing new path to controller.
[INFO] [1790223154.924196802] [nearest_euclidean_frontier]: Main /plan diagnostic: poses=110, endpoint=(10.44, -8.33), frontier=(10.44, -8.33), endpoint_to_frontier=0.000 m, limit=0.10 m -> usable
[controller_server-11] [INFO] [1790223154.936544438] [controller_server]: Passing new path to controller.
[INFO] [1790223155.946737011] [nearest_euclidean_frontier]: Main /plan diagnostic: poses=115, endpoint=(10.44, -8.33), frontier=(10.44, -8.33), endpoint_to_frontier=0.000 m, limit=0.10 m -> usable
[controller_server-11] [INFO] [1790223156.003232269] [controller_server]: Passing new path to controller.
[INFO] [1790223156.970047178] [nearest_euclidean_frontier]: Main /plan diagnostic: poses=114, endpoint=(10.44, -8.33), frontier=(10.44, -8.33), endpoint_to_frontier=0.000 m, limit=0.10 m -> usable
[controller_server-11] [INFO] [1790223157.003248032] [controller_server]: Passing new path to controller.
[INFO] [1790223157.997790687] [nearest_euclidean_frontier]: Main /plan diagnostic: poses=107, endpoint=(10.44, -8.33), frontier=(10.44, -8.33), endpoint_to_frontier=0.000 m, limit=0.10 m -> usable
[controller_server-11] [INFO] [1790223158.069885238] [controller_server]: Passing new path to controller.
[controller_server-11] [INFO] [1790223158.470313402] [local_costmap.local_costmap]: StaticLayer: Resizing static layer to 259 X 201 at 0.100000 m/pix
[planner_server-13] [INFO] [1790223158.496962302] [global_costmap.global_costmap]: StaticLayer: Resizing costmap to 259 X 201 at 0.100000 m/pix
[INFO] [1790223159.029375360] [nearest_euclidean_frontier]: Main /plan diagnostic: poses=94, endpoint=(10.44, -8.33), frontier=(10.44, -8.33), endpoint_to_frontier=0.000 m, limit=0.10 m -> usable
[controller_server-11] [INFO] [1790223159.069884773] [controller_server]: Passing new path to controller.
[INFO] [1790223160.046531153] [nearest_euclidean_frontier]: Main /plan diagnostic: poses=92, endpoint=(10.44, -8.33), frontier=(10.44, -8.33), endpoint_to_frontier=0.000 m, limit=0.10 m -> usable
[controller_server-11] [INFO] [1790223160.069999403] [controller_server]: Passing new path to controller.
[INFO] [1790223161.079523740] [nearest_euclidean_frontier]: Main /plan diagnostic: poses=81, endpoint=(10.44, -8.33), frontier=(10.44, -8.33), endpoint_to_frontier=0.000 m, limit=0.10 m -> usable
[controller_server-11] [INFO] [1790223161.136555891] [controller_server]: Passing new path to controller.
[INFO] [1790223162.096412332] [nearest_euclidean_frontier]: Main /plan diagnostic: poses=66, endpoint=(10.44, -8.33), frontier=(10.44, -8.33), endpoint_to_frontier=0.000 m, limit=0.10 m -> usable
[controller_server-11] [INFO] [1790223162.136544093] [controller_server]: Passing new path to controller.
[INFO] [1790223163.132531044] [nearest_euclidean_frontier]: Main /plan diagnostic: poses=57, endpoint=(10.44, -8.33), frontier=(10.44, -8.33), endpoint_to_frontier=0.000 m, limit=0.10 m -> usable
[controller_server-11] [INFO] [1790223163.203210095] [controller_server]: Passing new path to controller.
[INFO] [1790223164.145005185] [nearest_euclidean_frontier]: Main /plan diagnostic: poses=47, endpoint=(10.44, -8.33), frontier=(10.44, -8.33), endpoint_to_frontier=0.000 m, limit=0.10 m -> usable
[controller_server-11] [INFO] [1790223164.203255654] [controller_server]: Passing new path to controller.
[INFO] [1790223165.189336440] [nearest_euclidean_frontier]: Main /plan diagnostic: poses=39, endpoint=(10.44, -8.33), frontier=(10.44, -8.33), endpoint_to_frontier=0.000 m, limit=0.10 m -> usable
[controller_server-11] [INFO] [1790223165.203235483] [controller_server]: Passing new path to controller.
[INFO] [1790223166.189251559] [nearest_euclidean_frontier]: Main /plan diagnostic: poses=29, endpoint=(10.44, -8.33), frontier=(10.44, -8.33), endpoint_to_frontier=0.000 m, limit=0.10 m -> usable
[controller_server-11] [INFO] [1790223166.203237278] [controller_server]: Passing new path to controller.
[INFO] [1790223167.205035775] [nearest_euclidean_frontier]: Main /plan diagnostic: poses=20, endpoint=(10.44, -8.33), frontier=(10.44, -8.33), endpoint_to_frontier=0.000 m, limit=0.10 m -> usable
[controller_server-11] [INFO] [1790223167.269889089] [controller_server]: Passing new path to controller.
[INFO] [1790223168.223981542] [nearest_euclidean_frontier]: Main /plan diagnostic: poses=12, endpoint=(10.44, -8.33), frontier=(10.44, -8.33), endpoint_to_frontier=0.000 m, limit=0.10 m -> usable
[controller_server-11] [INFO] [1790223168.269903428] [controller_server]: Passing new path to controller.
[INFO] [1790223169.257161433] [nearest_euclidean_frontier]: Main /plan diagnostic: poses=8, endpoint=(10.44, -8.33), frontier=(10.44, -8.33), endpoint_to_frontier=0.000 m, limit=0.10 m -> usable
[controller_server-11] [INFO] [1790223169.336579440] [controller_server]: Passing new path to controller.
[controller_server-11] [INFO] [1790223169.539901582] [controller_server]: Reached the goal!
[controller_server-11] [INFO] [1790223169.540108956] [controller_server]: Optimizer reset
[bt_navigator-16] [INFO] [1790223169.569520547] [bt_navigator]: Goal succeeded
[INFO] [1790223169.572613944] [nearest_euclidean_frontier]: Goal reached
[INFO] [1790223170.850241925] [nearest_euclidean_frontier]: Selected nearest frontier: x=8.94, y=-6.13, distance=2.97 m, region=28 cells, near_fallback=False
[bt_navigator-16] [INFO] [1790223170.851182440] [bt_navigator]: Begin navigating from current location (10.68, -8.54) to (8.94, -6.13)
[controller_server-11] [INFO] [1790223170.872834081] [controller_server]: Received a goal, begin computing control effort.
[INFO] [1790223171.435420417] [nearest_euclidean_frontier]: Main goal accepted
[INFO] [1790223171.602952261] [nearest_euclidean_frontier]: Main /plan diagnostic: poses=67, endpoint=(8.94, -6.13), frontier=(8.94, -6.13), endpoint_to_frontier=0.000 m, limit=0.10 m -> usable
[INFO] [1790223171.882196221] [nearest_euclidean_frontier]: Main /plan diagnostic: poses=59, endpoint=(8.94, -6.13), frontier=(8.94, -6.13), endpoint_to_frontier=0.000 m, limit=0.10 m -> usable
[controller_server-11] [INFO] [1790223171.939700272] [controller_server]: Passing new path to controller.
[INFO] [1790223172.898206649] [nearest_euclidean_frontier]: Main /plan diagnostic: poses=49, endpoint=(8.94, -6.13), frontier=(8.94, -6.13), endpoint_to_frontier=0.000 m, limit=0.10 m -> usable
[controller_server-11] [INFO] [1790223172.939662558] [controller_server]: Passing new path to controller.
[INFO] [1790223173.922226032] [nearest_euclidean_frontier]: Main /plan diagnostic: poses=39, endpoint=(8.94, -6.13), frontier=(8.94, -6.13), endpoint_to_frontier=0.000 m, limit=0.10 m -> usable
[controller_server-11] [INFO] [1790223173.939656454] [controller_server]: Passing new path to controller.
[INFO] [1790223174.945222648] [nearest_euclidean_frontier]: Main /plan diagnostic: poses=30, endpoint=(8.94, -6.13), frontier=(8.94, -6.13), endpoint_to_frontier=0.000 m, limit=0.10 m -> usable
[controller_server-11] [INFO] [1790223175.006337524] [controller_server]: Passing new path to controller.
[INFO] [1790223175.978428458] [nearest_euclidean_frontier]: Main /plan diagnostic: poses=21, endpoint=(8.94, -6.13), frontier=(8.94, -6.13), endpoint_to_frontier=0.000 m, limit=0.10 m -> usable
[controller_server-11] [INFO] [1790223176.006375169] [controller_server]: Passing new path to controller.
[INFO] [1790223177.006974826] [nearest_euclidean_frontier]: Main /plan diagnostic: poses=16, endpoint=(8.94, -6.13), frontier=(8.94, -6.13), endpoint_to_frontier=0.000 m, limit=0.10 m -> usable
[controller_server-11] [INFO] [1790223177.072996434] [controller_server]: Passing new path to controller.
[INFO] [1790223178.018117757] [nearest_euclidean_frontier]: Main /plan diagnostic: poses=11, endpoint=(8.94, -6.13), frontier=(8.94, -6.13), endpoint_to_frontier=0.000 m, limit=0.10 m -> usable
[controller_server-11] [INFO] [1790223178.072993267] [controller_server]: Passing new path to controller.
[controller_server-11] [INFO] [1790223178.743648535] [controller_server]: Reached the goal!
[controller_server-11] [INFO] [1790223178.744397729] [controller_server]: Optimizer reset
[bt_navigator-16] [INFO] [1790223178.771433152] [bt_navigator]: Goal succeeded
[INFO] [1790223178.773343540] [nearest_euclidean_frontier]: Goal reached
[INFO] [1790223179.953751498] [nearest_euclidean_frontier]: Selected nearest frontier: x=0.84, y=-8.93, distance=8.87 m, region=21 cells, near_fallback=False
[bt_navigator-16] [INFO] [1790223179.955216875] [bt_navigator]: Begin navigating from current location (9.27, -6.18) to (0.84, -8.93)
[controller_server-11] [INFO] [1790223179.976156463] [controller_server]: Received a goal, begin computing control effort.
[INFO] [1790223180.574312992] [nearest_euclidean_frontier]: Main goal accepted
[INFO] [1790223180.658995520] [nearest_euclidean_frontier]: Main /plan diagnostic: poses=362, endpoint=(0.84, -8.93), frontier=(0.84, -8.93), endpoint_to_frontier=0.000 m, limit=0.10 m -> usable
[INFO] [1790223181.003299341] [nearest_euclidean_frontier]: Main /plan diagnostic: poses=358, endpoint=(0.84, -8.93), frontier=(0.84, -8.93), endpoint_to_frontier=0.000 m, limit=0.10 m -> usable
[controller_server-11] [INFO] [1790223181.043115630] [controller_server]: Passing new path to controller.
[INFO] [1790223182.032824621] [nearest_euclidean_frontier]: Main /plan diagnostic: poses=353, endpoint=(0.84, -8.93), frontier=(0.84, -8.93), endpoint_to_frontier=0.000 m, limit=0.10 m -> usable
[controller_server-11] [INFO] [1790223182.043015984] [controller_server]: Passing new path to controller.
[INFO] [1790223183.063479916] [nearest_euclidean_frontier]: Main /plan diagnostic: poses=345, endpoint=(0.84, -8.93), frontier=(0.84, -8.93), endpoint_to_frontier=0.000 m, limit=0.10 m -> usable
[controller_server-11] [INFO] [1790223183.109659836] [controller_server]: Passing new path to controller.
[INFO] [1790223184.104254425] [nearest_euclidean_frontier]: Main /plan diagnostic: poses=338, endpoint=(0.84, -8.93), frontier=(0.84, -8.93), endpoint_to_frontier=0.000 m, limit=0.10 m -> usable
[controller_server-11] [INFO] [1790223184.110166683] [controller_server]: Passing new path to controller.
[INFO] [1790223185.112031401] [nearest_euclidean_frontier]: Main /plan diagnostic: poses=334, endpoint=(0.84, -8.93), frontier=(0.84, -8.93), endpoint_to_frontier=0.000 m, limit=0.10 m -> usable
[controller_server-11] [INFO] [1790223185.176340809] [controller_server]: Passing new path to controller.
[INFO] [1790223186.137165008] [nearest_euclidean_frontier]: Main /plan diagnostic: poses=325, endpoint=(0.84, -8.93), frontier=(0.84, -8.93), endpoint_to_frontier=0.000 m, limit=0.10 m -> usable
[controller_server-11] [INFO] [1790223186.176323918] [controller_server]: Passing new path to controller.
[INFO] [1790223187.166770095] [nearest_euclidean_frontier]: Main /plan diagnostic: poses=321, endpoint=(0.84, -8.93), frontier=(0.84, -8.93), endpoint_to_frontier=0.000 m, limit=0.10 m -> usable
[controller_server-11] [INFO] [1790223187.177385166] [controller_server]: Passing new path to controller.
[INFO] [1790223188.181782531] [nearest_euclidean_frontier]: Main /plan diagnostic: poses=321, endpoint=(0.84, -8.93), frontier=(0.84, -8.93), endpoint_to_frontier=0.000 m, limit=0.10 m -> usable
[controller_server-11] [INFO] [1790223188.243072666] [controller_server]: Passing new path to controller.
[INFO] [1790223189.208580628] [nearest_euclidean_frontier]: Main /plan diagnostic: poses=317, endpoint=(0.84, -8.93), frontier=(0.84, -8.93), endpoint_to_frontier=0.000 m, limit=0.10 m -> usable
[controller_server-11] [INFO] [1790223189.242987058] [controller_server]: Passing new path to controller.
[INFO] [1790223190.237438429] [nearest_euclidean_frontier]: Main /plan diagnostic: poses=307, endpoint=(0.84, -8.93), frontier=(0.84, -8.93), endpoint_to_frontier=0.000 m, limit=0.10 m -> usable
[controller_server-11] [INFO] [1790223190.243001532] [controller_server]: Passing new path to controller.
[INFO] [1790223191.266302378] [nearest_euclidean_frontier]: Main /plan diagnostic: poses=298, endpoint=(0.84, -8.93), frontier=(0.84, -8.93), endpoint_to_frontier=0.000 m, limit=0.10 m -> usable
[controller_server-11] [INFO] [1790223191.309673886] [controller_server]: Passing new path to controller.
[INFO] [1790223192.298931751] [nearest_euclidean_frontier]: Main /plan diagnostic: poses=288, endpoint=(0.84, -8.93), frontier=(0.84, -8.93), endpoint_to_frontier=0.000 m, limit=0.10 m -> usable
[controller_server-11] [INFO] [1790223192.309657121] [controller_server]: Passing new path to controller.
[INFO] [1790223193.317278318] [nearest_euclidean_frontier]: Main /plan diagnostic: poses=278, endpoint=(0.84, -8.93), frontier=(0.84, -8.93), endpoint_to_frontier=0.000 m, limit=0.10 m -> usable
[controller_server-11] [INFO] [1790223193.379722443] [controller_server]: Passing new path to controller.
[async_slam_toolbox_node-10] W20260924 11:13:14.345112 17838 preprocessor.cc:67] Specified options.num_threads: 50 exceeds maximum available from the threading model Ceres was compiled with: 16.  Bounding to maximum number available.
[async_slam_toolbox_node-10] [INFO] [1790223194.353278588] [slam_toolbox]: Adaptive anchor summary: latest_node=726, local_edges=759, loop_history=0, avg_effective_weight=1.398, release_regions=0
[controller_server-11] [INFO] [1790223194.376341506] [controller_server]: Passing new path to controller.
[INFO] [1790223194.390944434] [nearest_euclidean_frontier]: Main /plan diagnostic: poses=269, endpoint=(0.84, -8.93), frontier=(0.84, -8.93), endpoint_to_frontier=0.000 m, limit=0.10 m -> usable
[INFO] [1790223195.368692727] [nearest_euclidean_frontier]: Main /plan diagnostic: poses=259, endpoint=(0.84, -8.93), frontier=(0.84, -8.93), endpoint_to_frontier=0.000 m, limit=0.10 m -> usable
[controller_server-11] [INFO] [1790223195.376317107] [controller_server]: Passing new path to controller.
[controller_server-11] [INFO] [1790223195.470186617] [local_costmap.local_costmap]: StaticLayer: Resizing static layer to 259 X 201 at 0.100000 m/pix
[planner_server-13] [INFO] [1790223195.496877354] [global_costmap.global_costmap]: StaticLayer: Resizing costmap to 259 X 201 at 0.100000 m/pix
[INFO] [1790223196.388861677] [nearest_euclidean_frontier]: Main /plan diagnostic: poses=248, endpoint=(0.84, -8.93), frontier=(0.84, -8.93), endpoint_to_frontier=0.000 m, limit=0.10 m -> usable
[controller_server-11] [INFO] [1790223196.442995833] [controller_server]: Passing new path to controller.
[INFO] [1790223197.409165076] [nearest_euclidean_frontier]: Main /plan diagnostic: poses=239, endpoint=(0.84, -8.93), frontier=(0.84, -8.93), endpoint_to_frontier=0.000 m, limit=0.10 m -> usable
[controller_server-11] [INFO] [1790223197.442987365] [controller_server]: Passing new path to controller.
[INFO] [1790223198.448312054] [nearest_euclidean_frontier]: Main /plan diagnostic: poses=229, endpoint=(0.84, -8.93), frontier=(0.84, -8.93), endpoint_to_frontier=0.000 m, limit=0.10 m -> usable
[controller_server-11] [INFO] [1790223198.470215080] [local_costmap.local_costmap]: StaticLayer: Resizing static layer to 259 X 201 at 0.100000 m/pix
[planner_server-13] [INFO] [1790223198.496863453] [global_costmap.global_costmap]: StaticLayer: Resizing costmap to 259 X 201 at 0.100000 m/pix
[controller_server-11] [INFO] [1790223198.510023188] [controller_server]: Passing new path to controller.
[INFO] [1790223199.453618404] [nearest_euclidean_frontier]: Main /plan diagnostic: poses=220, endpoint=(0.84, -8.93), frontier=(0.84, -8.93), endpoint_to_frontier=0.000 m, limit=0.10 m -> usable
[controller_server-11] [INFO] [1790223199.509682516] [controller_server]: Passing new path to controller.
[INFO] [1790223200.491601438] [nearest_euclidean_frontier]: Main /plan diagnostic: poses=210, endpoint=(0.84, -8.93), frontier=(0.84, -8.93), endpoint_to_frontier=0.000 m, limit=0.10 m -> usable
[controller_server-11] [INFO] [1790223200.509652339] [controller_server]: Passing new path to controller.
[INFO] [1790223201.510754966] [nearest_euclidean_frontier]: Main /plan diagnostic: poses=200, endpoint=(0.84, -8.93), frontier=(0.84, -8.93), endpoint_to_frontier=0.000 m, limit=0.10 m -> usable
[controller_server-11] [INFO] [1790223201.576327377] [controller_server]: Passing new path to controller.
[INFO] [1790223202.526811053] [nearest_euclidean_frontier]: Main /plan diagnostic: poses=192, endpoint=(0.84, -8.93), frontier=(0.84, -8.93), endpoint_to_frontier=0.000 m, limit=0.10 m -> usable
[controller_server-11] [INFO] [1790223202.576334485] [controller_server]: Passing new path to controller.
[INFO] [1790223203.533154611] [nearest_euclidean_frontier]: Main /plan diagnostic: poses=182, endpoint=(0.84, -8.93), frontier=(0.84, -8.93), endpoint_to_frontier=0.000 m, limit=0.10 m -> usable
[controller_server-11] [INFO] [1790223203.576324735] [controller_server]: Passing new path to controller.
[INFO] [1790223204.570939451] [nearest_euclidean_frontier]: Main /plan diagnostic: poses=173, endpoint=(0.84, -8.93), frontier=(0.84, -8.93), endpoint_to_frontier=0.000 m, limit=0.10 m -> usable
[controller_server-11] [INFO] [1790223204.576322292] [controller_server]: Passing new path to controller.
[INFO] [1790223205.589346434] [nearest_euclidean_frontier]: Main /plan diagnostic: poses=162, endpoint=(0.84, -8.93), frontier=(0.84, -8.93), endpoint_to_frontier=0.000 m, limit=0.10 m -> usable
[controller_server-11] [INFO] [1790223205.643005824] [controller_server]: Passing new path to controller.
[INFO] [1790223206.626541150] [nearest_euclidean_frontier]: Main /plan diagnostic: poses=153, endpoint=(0.84, -8.93), frontier=(0.84, -8.93), endpoint_to_frontier=0.000 m, limit=0.10 m -> usable
[controller_server-11] [INFO] [1790223206.642989179] [controller_server]: Passing new path to controller.
[INFO] [1790223207.642309117] [nearest_euclidean_frontier]: Main /plan diagnostic: poses=144, endpoint=(0.84, -8.93), frontier=(0.84, -8.93), endpoint_to_frontier=0.000 m, limit=0.10 m -> usable
[controller_server-11] [INFO] [1790223207.709670761] [controller_server]: Passing new path to controller.
[INFO] [1790223208.655673499] [nearest_euclidean_frontier]: Main /plan diagnostic: poses=135, endpoint=(0.84, -8.93), frontier=(0.84, -8.93), endpoint_to_frontier=0.000 m, limit=0.10 m -> usable
[controller_server-11] [INFO] [1790223208.709656835] [controller_server]: Passing new path to controller.
[controller_server-11] [INFO] [1790223209.709650824] [controller_server]: Passing new path to controller.
[INFO] [1790223209.737414147] [nearest_euclidean_frontier]: Main /plan diagnostic: poses=126, endpoint=(0.84, -8.93), frontier=(0.84, -8.93), endpoint_to_frontier=0.000 m, limit=0.10 m -> usable
[INFO] [1790223210.757365383] [nearest_euclidean_frontier]: Main /plan diagnostic: poses=117, endpoint=(0.84, -8.93), frontier=(0.84, -8.93), endpoint_to_frontier=0.000 m, limit=0.10 m -> usable
[controller_server-11] [INFO] [1790223210.776324541] [controller_server]: Passing new path to controller.
[INFO] [1790223211.738411908] [nearest_euclidean_frontier]: Main /plan diagnostic: poses=108, endpoint=(0.84, -8.93), frontier=(0.84, -8.93), endpoint_to_frontier=0.000 m, limit=0.10 m -> usable
[controller_server-11] [INFO] [1790223211.776319091] [controller_server]: Passing new path to controller.
[INFO] [1790223212.751466524] [nearest_euclidean_frontier]: Main /plan diagnostic: poses=98, endpoint=(0.84, -8.93), frontier=(0.84, -8.93), endpoint_to_frontier=0.000 m, limit=0.10 m -> usable
[controller_server-11] [INFO] [1790223212.776335800] [controller_server]: Passing new path to controller.
[INFO] [1790223213.806668903] [nearest_euclidean_frontier]: Main /plan diagnostic: poses=88, endpoint=(0.84, -8.93), frontier=(0.84, -8.93), endpoint_to_frontier=0.000 m, limit=0.10 m -> usable
[controller_server-11] [INFO] [1790223213.842985702] [controller_server]: Passing new path to controller.
[INFO] [1790223214.839428574] [nearest_euclidean_frontier]: Main /plan diagnostic: poses=79, endpoint=(0.84, -8.93), frontier=(0.84, -8.93), endpoint_to_frontier=0.000 m, limit=0.10 m -> usable
[controller_server-11] [INFO] [1790223214.842988224] [controller_server]: Passing new path to controller.
[INFO] [1790223215.831706655] [nearest_euclidean_frontier]: Main /plan diagnostic: poses=71, endpoint=(0.84, -8.93), frontier=(0.84, -8.93), endpoint_to_frontier=0.000 m, limit=0.10 m -> usable
[controller_server-11] [INFO] [1790223215.842985724] [controller_server]: Passing new path to controller.
[INFO] [1790223216.851693300] [nearest_euclidean_frontier]: Main /plan diagnostic: poses=60, endpoint=(0.84, -8.93), frontier=(0.84, -8.93), endpoint_to_frontier=0.000 m, limit=0.10 m -> usable
[controller_server-11] [INFO] [1790223216.909737380] [controller_server]: Passing new path to controller.
[INFO] [1790223217.879960106] [nearest_euclidean_frontier]: Main /plan diagnostic: poses=52, endpoint=(0.84, -8.93), frontier=(0.84, -8.93), endpoint_to_frontier=0.000 m, limit=0.10 m -> usable
[controller_server-11] [INFO] [1790223217.909668823] [controller_server]: Passing new path to controller.
[INFO] [1790223218.892819074] [nearest_euclidean_frontier]: Main /plan diagnostic: poses=42, endpoint=(0.84, -8.93), frontier=(0.84, -8.93), endpoint_to_frontier=0.000 m, limit=0.10 m -> usable
[controller_server-11] [INFO] [1790223218.909654957] [controller_server]: Passing new path to controller.
[INFO] [1790223219.920869950] [nearest_euclidean_frontier]: Main /plan diagnostic: poses=34, endpoint=(0.84, -8.93), frontier=(0.84, -8.93), endpoint_to_frontier=0.000 m, limit=0.10 m -> usable
[controller_server-11] [INFO] [1790223219.976359136] [controller_server]: Passing new path to controller.
[INFO] [1790223220.945902073] [nearest_euclidean_frontier]: Main /plan diagnostic: poses=23, endpoint=(0.84, -8.93), frontier=(0.84, -8.93), endpoint_to_frontier=0.000 m, limit=0.10 m -> usable
[controller_server-11] [INFO] [1790223220.976325701] [controller_server]: Passing new path to controller.
[INFO] [1790223221.969510665] [nearest_euclidean_frontier]: Main /plan diagnostic: poses=18, endpoint=(0.84, -8.93), frontier=(0.84, -8.93), endpoint_to_frontier=0.000 m, limit=0.10 m -> usable
[controller_server-11] [INFO] [1790223222.042993749] [controller_server]: Passing new path to controller.
[INFO] [1790223222.993881703] [nearest_euclidean_frontier]: Main /plan diagnostic: poses=12, endpoint=(0.84, -8.93), frontier=(0.84, -8.93), endpoint_to_frontier=0.000 m, limit=0.10 m -> usable
[controller_server-11] [INFO] [1790223223.042986073] [controller_server]: Passing new path to controller.
[controller_server-11] [INFO] [1790223223.912433785] [controller_server]: Reached the goal!
[controller_server-11] [INFO] [1790223223.912895126] [controller_server]: Optimizer reset
[bt_navigator-16] [INFO] [1790223223.935769700] [bt_navigator]: Goal succeeded
[INFO] [1790223223.939669872] [nearest_euclidean_frontier]: Goal reached
[INFO] [1790223224.870463080] [nearest_euclidean_frontier]: Selected nearest frontier: x=-2.76, y=-7.54, distance=3.89 m, region=51 cells, near_fallback=False
[bt_navigator-16] [INFO] [1790223224.873349226] [bt_navigator]: Begin navigating from current location (0.74, -9.23) to (-2.76, -7.54)
[controller_server-11] [INFO] [1790223224.893963357] [controller_server]: Received a goal, begin computing control effort.
[INFO] [1790223225.494118366] [nearest_euclidean_frontier]: Main goal accepted
[INFO] [1790223225.693893062] [nearest_euclidean_frontier]: Main /plan diagnostic: poses=229, endpoint=(-2.76, -7.54), frontier=(-2.76, -7.54), endpoint_to_frontier=0.000 m, limit=0.10 m -> usable
[INFO] [1790223225.925481376] [nearest_euclidean_frontier]: Main /plan diagnostic: poses=224, endpoint=(-2.76, -7.54), frontier=(-2.76, -7.54), endpoint_to_frontier=0.000 m, limit=0.10 m -> usable
[controller_server-11] [INFO] [1790223225.960806525] [controller_server]: Passing new path to controller.
[INFO] [1790223226.944600238] [nearest_euclidean_frontier]: Main /plan diagnostic: poses=215, endpoint=(-2.76, -7.54), frontier=(-2.76, -7.54), endpoint_to_frontier=0.000 m, limit=0.10 m -> usable
[controller_server-11] [INFO] [1790223226.960986692] [controller_server]: Passing new path to controller.
[INFO] [1790223227.979165535] [nearest_euclidean_frontier]: Main /plan diagnostic: poses=208, endpoint=(-2.76, -7.54), frontier=(-2.76, -7.54), endpoint_to_frontier=0.000 m, limit=0.10 m -> usable
[controller_server-11] [INFO] [1790223228.027428370] [controller_server]: Passing new path to controller.
[INFO] [1790223228.985443842] [nearest_euclidean_frontier]: Main /plan diagnostic: poses=194, endpoint=(-2.76, -7.54), frontier=(-2.76, -7.54), endpoint_to_frontier=0.000 m, limit=0.10 m -> usable
[controller_server-11] [INFO] [1790223229.027434709] [controller_server]: Passing new path to controller.
[INFO] [1790223230.017871734] [nearest_euclidean_frontier]: Main /plan diagnostic: poses=186, endpoint=(-2.76, -7.54), frontier=(-2.76, -7.54), endpoint_to_frontier=0.000 m, limit=0.10 m -> usable
[controller_server-11] [INFO] [1790223230.027539821] [controller_server]: Passing new path to controller.
[INFO] [1790223231.044086063] [nearest_euclidean_frontier]: Main /plan diagnostic: poses=181, endpoint=(-2.76, -7.54), frontier=(-2.76, -7.54), endpoint_to_frontier=0.000 m, limit=0.10 m -> usable
[controller_server-11] [INFO] [1790223231.094100334] [controller_server]: Passing new path to controller.
[async_slam_toolbox_node-10] W20260924 11:13:51.618361 17838 preprocessor.cc:67] Specified options.num_threads: 50 exceeds maximum available from the threading model Ceres was compiled with: 16.  Bounding to maximum number available.
[async_slam_toolbox_node-10] [INFO] [1790223231.624983836] [slam_toolbox]: Adaptive anchor summary: latest_node=838, local_edges=871, loop_history=0, avg_effective_weight=1.346, release_regions=0
[INFO] [1790223232.079726616] [nearest_euclidean_frontier]: Main /plan diagnostic: poses=166, endpoint=(-2.76, -7.54), frontier=(-2.76, -7.54), endpoint_to_frontier=0.000 m, limit=0.10 m -> usable
[controller_server-11] [INFO] [1790223232.094093265] [controller_server]: Passing new path to controller.
[controller_server-11] [INFO] [1790223232.470768889] [local_costmap.local_costmap]: StaticLayer: Resizing static layer to 259 X 201 at 0.100000 m/pix
[planner_server-13] [INFO] [1790223232.496910671] [global_costmap.global_costmap]: StaticLayer: Resizing costmap to 259 X 201 at 0.100000 m/pix
[INFO] [1790223233.105224773] [nearest_euclidean_frontier]: Main /plan diagnostic: poses=163, endpoint=(-2.76, -7.54), frontier=(-2.76, -7.54), endpoint_to_frontier=0.000 m, limit=0.10 m -> usable
[controller_server-11] [INFO] [1790223233.160777296] [controller_server]: Passing new path to controller.
[INFO] [1790223234.124102863] [nearest_euclidean_frontier]: Main /plan diagnostic: poses=153, endpoint=(-2.76, -7.54), frontier=(-2.76, -7.54), endpoint_to_frontier=0.000 m, limit=0.10 m -> usable
[controller_server-11] [INFO] [1790223234.160774233] [controller_server]: Passing new path to controller.
[INFO] [1790223235.147512883] [nearest_euclidean_frontier]: Main /plan diagnostic: poses=145, endpoint=(-2.76, -7.54), frontier=(-2.76, -7.54), endpoint_to_frontier=0.000 m, limit=0.10 m -> usable
[controller_server-11] [INFO] [1790223235.160773990] [controller_server]: Passing new path to controller.
[INFO] [1790223236.179261847] [nearest_euclidean_frontier]: Main /plan diagnostic: poses=134, endpoint=(-2.76, -7.54), frontier=(-2.76, -7.54), endpoint_to_frontier=0.000 m, limit=0.10 m -> usable
[controller_server-11] [INFO] [1790223236.227440070] [controller_server]: Passing new path to controller.
[INFO] [1790223237.203796558] [nearest_euclidean_frontier]: Main /plan diagnostic: poses=126, endpoint=(-2.76, -7.54), frontier=(-2.76, -7.54), endpoint_to_frontier=0.000 m, limit=0.10 m -> usable
[controller_server-11] [INFO] [1790223237.227423693] [controller_server]: Passing new path to controller.
[INFO] [1790223238.234636524] [nearest_euclidean_frontier]: Main /plan diagnostic: poses=115, endpoint=(-2.76, -7.54), frontier=(-2.76, -7.54), endpoint_to_frontier=0.000 m, limit=0.10 m -> usable
[controller_server-11] [INFO] [1790223238.294096431] [controller_server]: Passing new path to controller.
[INFO] [1790223239.259645968] [nearest_euclidean_frontier]: Main /plan diagnostic: poses=100, endpoint=(-2.76, -7.54), frontier=(-2.76, -7.54), endpoint_to_frontier=0.000 m, limit=0.10 m -> usable
[controller_server-11] [INFO] [1790223239.294125755] [controller_server]: Passing new path to controller.
[INFO] [1790223240.288629519] [nearest_euclidean_frontier]: Main /plan diagnostic: poses=96, endpoint=(-2.76, -7.54), frontier=(-2.76, -7.54), endpoint_to_frontier=0.000 m, limit=0.10 m -> usable
[controller_server-11] [INFO] [1790223240.294088713] [controller_server]: Passing new path to controller.
[INFO] [1790223241.313046359] [nearest_euclidean_frontier]: Main /plan diagnostic: poses=86, endpoint=(-2.76, -7.54), frontier=(-2.76, -7.54), endpoint_to_frontier=0.000 m, limit=0.10 m -> usable
[controller_server-11] [INFO] [1790223241.360757070] [controller_server]: Passing new path to controller.
[INFO] [1790223242.342017559] [nearest_euclidean_frontier]: Main /plan diagnostic: poses=76, endpoint=(-2.76, -7.54), frontier=(-2.76, -7.54), endpoint_to_frontier=0.000 m, limit=0.10 m -> usable
[controller_server-11] [INFO] [1790223242.360763430] [controller_server]: Passing new path to controller.
[INFO] [1790223243.369935867] [nearest_euclidean_frontier]: Main /plan diagnostic: poses=68, endpoint=(-2.76, -7.54), frontier=(-2.76, -7.54), endpoint_to_frontier=0.000 m, limit=0.10 m -> usable
[controller_server-11] [INFO] [1790223243.430525799] [controller_server]: Passing new path to controller.
[INFO] [1790223244.390006341] [nearest_euclidean_frontier]: Main /plan diagnostic: poses=52, endpoint=(-2.76, -7.54), frontier=(-2.76, -7.54), endpoint_to_frontier=0.000 m, limit=0.10 m -> usable
[controller_server-11] [INFO] [1790223244.427435738] [controller_server]: Passing new path to controller.
[INFO] [1790223245.444565593] [nearest_euclidean_frontier]: Main /plan diagnostic: poses=57, endpoint=(-2.76, -7.54), frontier=(-2.76, -7.54), endpoint_to_frontier=0.000 m, limit=0.10 m -> usable
[controller_server-11] [INFO] [1790223245.470282041] [local_costmap.local_costmap]: StaticLayer: Resizing static layer to 259 X 201 at 0.100000 m/pix
[controller_server-11] [INFO] [1790223245.495718290] [controller_server]: Passing new path to controller.
[planner_server-13] [INFO] [1790223245.496887676] [global_costmap.global_costmap]: StaticLayer: Resizing costmap to 259 X 201 at 0.100000 m/pix
[rviz2-7] [INFO] [1790223246.366468758] [rviz2]: Trying to create a map of size 260 x 201 using 1 swatches
[INFO] [1790223246.454501201] [nearest_euclidean_frontier]: Main /plan diagnostic: poses=53, endpoint=(-2.76, -7.54), frontier=(-2.76, -7.54), endpoint_to_frontier=0.000 m, limit=0.10 m -> usable
[controller_server-11] [INFO] [1790223246.470175229] [local_costmap.local_costmap]: StaticLayer: Resizing static layer to 260 X 201 at 0.100000 m/pix
[controller_server-11] [INFO] [1790223246.494123595] [controller_server]: Passing new path to controller.
[planner_server-13] [INFO] [1790223246.496919799] [global_costmap.global_costmap]: StaticLayer: Resizing costmap to 260 X 201 at 0.100000 m/pix
[INFO] [1790223247.468983136] [nearest_euclidean_frontier]: Main /plan diagnostic: poses=38, endpoint=(-2.76, -7.54), frontier=(-2.76, -7.54), endpoint_to_frontier=0.000 m, limit=0.10 m -> usable
[controller_server-11] [INFO] [1790223247.494095693] [controller_server]: Passing new path to controller.
[INFO] [1790223248.498377533] [nearest_euclidean_frontier]: Main /plan diagnostic: poses=32, endpoint=(-2.76, -7.54), frontier=(-2.76, -7.54), endpoint_to_frontier=0.000 m, limit=0.10 m -> usable
[controller_server-11] [INFO] [1790223248.560770228] [controller_server]: Passing new path to controller.
[INFO] [1790223249.516332601] [nearest_euclidean_frontier]: Main /plan diagnostic: poses=28, endpoint=(-2.76, -7.54), frontier=(-2.76, -7.54), endpoint_to_frontier=0.000 m, limit=0.10 m -> usable
[controller_server-11] [INFO] [1790223249.560773606] [controller_server]: Passing new path to controller.
[INFO] [1790223250.530059167] [nearest_euclidean_frontier]: Main /plan diagnostic: poses=29, endpoint=(-2.76, -7.54), frontier=(-2.76, -7.54), endpoint_to_frontier=0.000 m, limit=0.10 m -> usable
[controller_server-11] [INFO] [1790223250.560769096] [controller_server]: Passing new path to controller.
[INFO] [1790223251.561503697] [nearest_euclidean_frontier]: Main /plan diagnostic: poses=24, endpoint=(-2.76, -7.54), frontier=(-2.76, -7.54), endpoint_to_frontier=0.000 m, limit=0.10 m -> usable
[controller_server-11] [INFO] [1790223251.627508064] [controller_server]: Passing new path to controller.
[INFO] [1790223252.582543467] [nearest_euclidean_frontier]: Main /plan diagnostic: poses=24, endpoint=(-2.76, -7.54), frontier=(-2.76, -7.54), endpoint_to_frontier=0.000 m, limit=0.10 m -> usable
[controller_server-11] [INFO] [1790223252.627426182] [controller_server]: Passing new path to controller.
[INFO] [1790223253.609173978] [nearest_euclidean_frontier]: Main /plan diagnostic: poses=24, endpoint=(-2.76, -7.54), frontier=(-2.76, -7.54), endpoint_to_frontier=0.000 m, limit=0.10 m -> usable
[controller_server-11] [INFO] [1790223253.627440762] [controller_server]: Passing new path to controller.
[INFO] [1790223254.630847690] [nearest_euclidean_frontier]: Main /plan diagnostic: poses=24, endpoint=(-2.76, -7.54), frontier=(-2.76, -7.54), endpoint_to_frontier=0.000 m, limit=0.10 m -> usable
[controller_server-11] [INFO] [1790223254.694096508] [controller_server]: Passing new path to controller.
[INFO] [1790223255.647281638] [nearest_euclidean_frontier]: Main /plan diagnostic: poses=24, endpoint=(-2.76, -7.54), frontier=(-2.76, -7.54), endpoint_to_frontier=0.000 m, limit=0.10 m -> usable
[controller_server-11] [INFO] [1790223255.694100261] [controller_server]: Passing new path to controller.
[INFO] [1790223256.670672751] [nearest_euclidean_frontier]: Main /plan diagnostic: poses=24, endpoint=(-2.76, -7.54), frontier=(-2.76, -7.54), endpoint_to_frontier=0.000 m, limit=0.10 m -> usable
[controller_server-11] [INFO] [1790223256.694099961] [controller_server]: Passing new path to controller.
[controller_server-11] [INFO] [1790223257.760888728] [controller_server]: Passing new path to controller.
[INFO] [1790223257.834527665] [nearest_euclidean_frontier]: Main /plan diagnostic: poses=24, endpoint=(-2.76, -7.54), frontier=(-2.76, -7.54), endpoint_to_frontier=0.000 m, limit=0.10 m -> usable
[INFO] [1790223258.732900958] [nearest_euclidean_frontier]: Main /plan diagnostic: poses=24, endpoint=(-2.76, -7.54), frontier=(-2.76, -7.54), endpoint_to_frontier=0.000 m, limit=0.10 m -> usable
[controller_server-11] [INFO] [1790223258.760761064] [controller_server]: Passing new path to controller.
[controller_server-11] [ERROR] [1790223259.561457081] [controller_server]: Failed to make progress
[controller_server-11] [INFO] [1790223259.561769889] [controller_server]: Optimizer reset
[controller_server-11] [WARN] [1790223259.561804691] [controller_server]: [follow_path] [ActionServer] Aborting handle.
[behavior_server-15] [INFO] [1790223259.574176971] [behavior_server]: Running wait
[behavior_server-15] [INFO] [1790223259.874410529] [behavior_server]: wait completed successfully
[INFO] [1790223259.899648676] [nearest_euclidean_frontier]: Main /plan diagnostic: poses=24, endpoint=(-2.76, -7.54), frontier=(-2.76, -7.54), endpoint_to_frontier=0.000 m, limit=0.10 m -> usable
[controller_server-11] [INFO] [1790223259.914057051] [controller_server]: Received a goal, begin computing control effort.
[INFO] [1790223260.931380704] [nearest_euclidean_frontier]: Main /plan diagnostic: poses=24, endpoint=(-2.76, -7.54), frontier=(-2.76, -7.54), endpoint_to_frontier=0.000 m, limit=0.10 m -> usable
[controller_server-11] [INFO] [1790223260.980901568] [controller_server]: Passing new path to controller.
[INFO] [1790223261.958639834] [nearest_euclidean_frontier]: Main /plan diagnostic: poses=24, endpoint=(-2.76, -7.54), frontier=(-2.76, -7.54), endpoint_to_frontier=0.000 m, limit=0.10 m -> usable
[controller_server-11] [INFO] [1790223261.980899822] [controller_server]: Passing new path to controller.
[INFO] [1790223262.989981731] [nearest_euclidean_frontier]: Main /plan diagnostic: poses=24, endpoint=(-2.76, -7.54), frontier=(-2.76, -7.54), endpoint_to_frontier=0.000 m, limit=0.10 m -> usable
[controller_server-11] [INFO] [1790223263.047560593] [controller_server]: Passing new path to controller.
[INFO] [1790223264.008609152] [nearest_euclidean_frontier]: Main /plan diagnostic: poses=24, endpoint=(-2.76, -7.54), frontier=(-2.76, -7.54), endpoint_to_frontier=0.000 m, limit=0.10 m -> usable
[controller_server-11] [INFO] [1790223264.047557564] [controller_server]: Passing new path to controller.
[INFO] [1790223265.042875975] [nearest_euclidean_frontier]: Main /plan diagnostic: poses=24, endpoint=(-2.76, -7.54), frontier=(-2.76, -7.54), endpoint_to_frontier=0.000 m, limit=0.10 m -> usable
[controller_server-11] [INFO] [1790223265.114220337] [controller_server]: Passing new path to controller.
[INFO] [1790223266.071789236] [nearest_euclidean_frontier]: Main /plan diagnostic: poses=24, endpoint=(-2.76, -7.54), frontier=(-2.76, -7.54), endpoint_to_frontier=0.000 m, limit=0.10 m -> usable
[controller_server-11] [INFO] [1790223266.114228143] [controller_server]: Passing new path to controller.
[INFO] [1790223267.099417988] [nearest_euclidean_frontier]: Main /plan diagnostic: poses=24, endpoint=(-2.76, -7.54), frontier=(-2.76, -7.54), endpoint_to_frontier=0.000 m, limit=0.10 m -> usable
[controller_server-11] [INFO] [1790223267.114223108] [controller_server]: Passing new path to controller.
[INFO] [1790223268.129676483] [nearest_euclidean_frontier]: Main /plan diagnostic: poses=24, endpoint=(-2.76, -7.54), frontier=(-2.76, -7.54), endpoint_to_frontier=0.000 m, limit=0.10 m -> usable
[controller_server-11] [INFO] [1790223268.181007092] [controller_server]: Passing new path to controller.
[INFO] [1790223269.167966664] [nearest_euclidean_frontier]: Main /plan diagnostic: poses=24, endpoint=(-2.76, -7.54), frontier=(-2.76, -7.54), endpoint_to_frontier=0.000 m, limit=0.10 m -> usable
[controller_server-11] [INFO] [1790223269.180893070] [controller_server]: Passing new path to controller.
[INFO] [1790223270.178788022] [nearest_euclidean_frontier]: Main /plan diagnostic: poses=24, endpoint=(-2.76, -7.54), frontier=(-2.76, -7.54), endpoint_to_frontier=0.000 m, limit=0.10 m -> usable
[controller_server-11] [INFO] [1790223270.249581044] [controller_server]: Passing new path to controller.
[controller_server-11] [ERROR] [1790223270.780934319] [controller_server]: Failed to make progress
[controller_server-11] [INFO] [1790223270.781392568] [controller_server]: Optimizer reset
[controller_server-11] [WARN] [1790223270.781415760] [controller_server]: [follow_path] [ActionServer] Aborting handle.
[bt_navigator-16] [WARN] [1790223270.803560590] [bt_navigator]: [navigate_to_pose] [ActionServer] Aborting handle.
[bt_navigator-16] [ERROR] [1790223270.804217420] [bt_navigator]: Goal failed
[WARN] [1790223270.807234944] [nearest_euclidean_frontier]: Main goal failed (status=6, error_code=105)
[WARN] [1790223270.807767798] [nearest_euclidean_frontier]: Path-guided recovery #1: temporary subgoal x=-2.25, y=-7.94, 0.69 m ahead on main path (remaining main path=1.36 m, trigger_error=105)
[bt_navigator-16] [INFO] [1790223270.808765464] [bt_navigator]: Begin navigating from current location (-2.04, -7.40) to (-2.25, -7.94)
[INFO] [1790223270.812167333] [nearest_euclidean_frontier]: Subgoal goal accepted
[controller_server-11] [INFO] [1790223270.832013934] [controller_server]: Received a goal, begin computing control effort.
[controller_server-11] [INFO] [1790223271.898844824] [controller_server]: Passing new path to controller.
[controller_server-11] [INFO] [1790223272.301132472] [controller_server]: Reached the goal!
[controller_server-11] [INFO] [1790223272.301316151] [controller_server]: Optimizer reset
[bt_navigator-16] [INFO] [1790223272.329183635] [bt_navigator]: Goal succeeded
[INFO] [1790223272.331949873] [nearest_euclidean_frontier]: Recovery subgoal reached; retrying the same main frontier.
[bt_navigator-16] [INFO] [1790223272.332834160] [bt_navigator]: Begin navigating from current location (-2.18, -7.56) to (-2.76, -7.54)
[INFO] [1790223272.338560709] [nearest_euclidean_frontier]: Main goal accepted
[INFO] [1790223272.352435527] [nearest_euclidean_frontier]: Main /plan diagnostic: poses=23, endpoint=(-2.76, -7.54), frontier=(-2.76, -7.54), endpoint_to_frontier=0.000 m, limit=0.10 m -> usable
[controller_server-11] [INFO] [1790223272.354258929] [controller_server]: Received a goal, begin computing control effort.
[rviz2-7] [INFO] [1790223272.385643358] [rviz2]: Trying to create a map of size 260 x 202 using 1 swatches
[controller_server-11] [INFO] [1790223272.470206799] [local_costmap.local_costmap]: StaticLayer: Resizing static layer to 260 X 202 at 0.100000 m/pix
[planner_server-13] [INFO] [1790223272.497037443] [global_costmap.global_costmap]: StaticLayer: Resizing costmap to 260 X 202 at 0.100000 m/pix
[INFO] [1790223273.368211033] [nearest_euclidean_frontier]: Main /plan diagnostic: poses=14, endpoint=(-2.76, -7.54), frontier=(-2.76, -7.54), endpoint_to_frontier=0.000 m, limit=0.10 m -> usable
[controller_server-11] [INFO] [1790223273.421109108] [controller_server]: Passing new path to controller.
[INFO] [1790223274.378472397] [nearest_euclidean_frontier]: Main /plan diagnostic: poses=14, endpoint=(-2.76, -7.54), frontier=(-2.76, -7.54), endpoint_to_frontier=0.000 m, limit=0.10 m -> usable
[controller_server-11] [INFO] [1790223274.421081630] [controller_server]: Passing new path to controller.
[INFO] [1790223275.407846618] [nearest_euclidean_frontier]: Main /plan diagnostic: poses=11, endpoint=(-2.76, -7.54), frontier=(-2.76, -7.54), endpoint_to_frontier=0.000 m, limit=0.10 m -> usable
[controller_server-11] [INFO] [1790223275.421089189] [controller_server]: Passing new path to controller.
[controller_server-11] [INFO] [1790223275.889803311] [controller_server]: Reached the goal!
[controller_server-11] [INFO] [1790223275.890053992] [controller_server]: Optimizer reset
[bt_navigator-16] [INFO] [1790223275.913123333] [bt_navigator]: Goal succeeded
[INFO] [1790223275.915540269] [nearest_euclidean_frontier]: Goal reached
[INFO] [1790223276.936220995] [nearest_euclidean_frontier]: Selected nearest frontier: x=-6.59, y=-7.52, distance=4.13 m, region=47 cells, near_fallback=False
[bt_navigator-16] [INFO] [1790223276.937144643] [bt_navigator]: Begin navigating from current location (-2.46, -7.71) to (-6.59, -7.52)
[planner_server-13] [WARN] [1790223276.939935101] [planner_server]: GridBased plugin failed to plan from (-2.46, -7.71) to (-6.59, -7.52): "Failed to create plan with tolerance of: 0.000000"
[planner_server-13] [WARN] [1790223276.939986392] [planner_server]: [compute_path_to_pose] [ActionServer] Aborting handle.
[behavior_server-15] [INFO] [1790223276.957898776] [behavior_server]: Running wait
[behavior_server-15] [INFO] [1790223277.258502664] [behavior_server]: wait completed successfully
[planner_server-13] [WARN] [1790223277.280498990] [planner_server]: GridBased plugin failed to plan from (-2.46, -7.71) to (-6.59, -7.52): "Failed to create plan with tolerance of: 0.000000"
[planner_server-13] [WARN] [1790223277.280541676] [planner_server]: [compute_path_to_pose] [ActionServer] Aborting handle.
[bt_navigator-16] [WARN] [1790223277.307310792] [bt_navigator]: [navigate_to_pose] [ActionServer] Aborting handle.
[bt_navigator-16] [ERROR] [1790223277.307435971] [bt_navigator]: Goal failed
[INFO] [1790223277.540973102] [nearest_euclidean_frontier]: Main goal accepted
[WARN] [1790223277.621384254] [nearest_euclidean_frontier]: Main goal failed (status=6, error_code=208)
[WARN] [1790223277.628996694] [nearest_euclidean_frontier]: Main frontier abandoned after NO_VALID_PATH (208): x=-6.59, y=-7.52; candidates within 0.10 m are skipped during normal selection but will be checked again by terminal planner revalidation.
[INFO] [1790223278.981487895] [nearest_euclidean_frontier]: Selected nearest frontier: x=-1.79, y=-11.92, distance=4.27 m, region=21 cells, near_fallback=False
[bt_navigator-16] [INFO] [1790223278.982330151] [bt_navigator]: Begin navigating from current location (-2.46, -7.71) to (-1.79, -11.92)
[controller_server-11] [INFO] [1790223278.993020224] [controller_server]: Received a goal, begin computing control effort.
[INFO] [1790223279.634453145] [nearest_euclidean_frontier]: Main goal accepted
[INFO] [1790223279.877008951] [nearest_euclidean_frontier]: Main /plan diagnostic: poses=92, endpoint=(-1.79, -11.92), frontier=(-1.79, -11.92), endpoint_to_frontier=0.000 m, limit=0.10 m -> usable
[INFO] [1790223280.028294073] [nearest_euclidean_frontier]: Main /plan diagnostic: poses=91, endpoint=(-1.79, -11.92), frontier=(-1.79, -11.92), endpoint_to_frontier=0.000 m, limit=0.10 m -> usable
[controller_server-11] [INFO] [1790223280.059858619] [controller_server]: Passing new path to controller.
[INFO] [1790223281.023712814] [nearest_euclidean_frontier]: Main /plan diagnostic: poses=89, endpoint=(-1.79, -11.92), frontier=(-1.79, -11.92), endpoint_to_frontier=0.000 m, limit=0.10 m -> usable
[controller_server-11] [INFO] [1790223281.059876228] [controller_server]: Passing new path to controller.
[INFO] [1790223282.046294258] [nearest_euclidean_frontier]: Main /plan diagnostic: poses=85, endpoint=(-1.79, -11.92), frontier=(-1.79, -11.92), endpoint_to_frontier=0.000 m, limit=0.10 m -> usable
[controller_server-11] [INFO] [1790223282.059880038] [controller_server]: Passing new path to controller.
[INFO] [1790223283.072481148] [nearest_euclidean_frontier]: Main /plan diagnostic: poses=75, endpoint=(-1.79, -11.92), frontier=(-1.79, -11.92), endpoint_to_frontier=0.000 m, limit=0.10 m -> usable
[controller_server-11] [INFO] [1790223283.126528070] [controller_server]: Passing new path to controller.
[controller_server-11] [INFO] [1790223283.470160592] [local_costmap.local_costmap]: StaticLayer: Resizing static layer to 260 X 202 at 0.100000 m/pix
[planner_server-13] [INFO] [1790223283.496923014] [global_costmap.global_costmap]: StaticLayer: Resizing costmap to 260 X 202 at 0.100000 m/pix
[INFO] [1790223284.098326603] [nearest_euclidean_frontier]: Main /plan diagnostic: poses=67, endpoint=(-1.79, -11.92), frontier=(-1.79, -11.92), endpoint_to_frontier=0.000 m, limit=0.10 m -> usable
[controller_server-11] [INFO] [1790223284.126530285] [controller_server]: Passing new path to controller.
[controller_server-11] [INFO] [1790223284.470226994] [local_costmap.local_costmap]: StaticLayer: Resizing static layer to 260 X 202 at 0.100000 m/pix
[planner_server-13] [INFO] [1790223284.496865383] [global_costmap.global_costmap]: StaticLayer: Resizing costmap to 260 X 202 at 0.100000 m/pix
[INFO] [1790223285.131502579] [nearest_euclidean_frontier]: Main /plan diagnostic: poses=56, endpoint=(-1.79, -11.92), frontier=(-1.79, -11.92), endpoint_to_frontier=0.000 m, limit=0.10 m -> usable
[controller_server-11] [INFO] [1790223285.193208646] [controller_server]: Passing new path to controller.
[controller_server-11] [INFO] [1790223285.470360113] [local_costmap.local_costmap]: StaticLayer: Resizing static layer to 260 X 202 at 0.100000 m/pix
[planner_server-13] [INFO] [1790223285.497355916] [global_costmap.global_costmap]: StaticLayer: Resizing costmap to 260 X 202 at 0.100000 m/pix
[INFO] [1790223286.151363210] [nearest_euclidean_frontier]: Main /plan diagnostic: poses=48, endpoint=(-1.79, -11.92), frontier=(-1.79, -11.92), endpoint_to_frontier=0.000 m, limit=0.10 m -> usable
[controller_server-11] [INFO] [1790223286.193186622] [controller_server]: Passing new path to controller.
[INFO] [1790223287.170961340] [nearest_euclidean_frontier]: Main /plan diagnostic: poses=39, endpoint=(-1.79, -11.92), frontier=(-1.79, -11.92), endpoint_to_frontier=0.000 m, limit=0.10 m -> usable
[controller_server-11] [INFO] [1790223287.193308471] [controller_server]: Passing new path to controller.
[INFO] [1790223288.208508437] [nearest_euclidean_frontier]: Main /plan diagnostic: poses=32, endpoint=(-1.79, -11.92), frontier=(-1.79, -11.92), endpoint_to_frontier=0.000 m, limit=0.10 m -> usable
[controller_server-11] [INFO] [1790223288.259868447] [controller_server]: Passing new path to controller.
[INFO] [1790223289.218911398] [nearest_euclidean_frontier]: Main /plan diagnostic: poses=23, endpoint=(-1.79, -11.92), frontier=(-1.79, -11.92), endpoint_to_frontier=0.000 m, limit=0.10 m -> usable
[controller_server-11] [INFO] [1790223289.259870734] [controller_server]: Passing new path to controller.
[INFO] [1790223290.237563676] [nearest_euclidean_frontier]: Main /plan diagnostic: poses=15, endpoint=(-1.79, -11.92), frontier=(-1.79, -11.92), endpoint_to_frontier=0.000 m, limit=0.10 m -> usable
[controller_server-11] [INFO] [1790223290.259856148] [controller_server]: Passing new path to controller.
[INFO] [1790223291.268919237] [nearest_euclidean_frontier]: Main /plan diagnostic: poses=11, endpoint=(-1.79, -11.92), frontier=(-1.79, -11.92), endpoint_to_frontier=0.000 m, limit=0.10 m -> usable
[controller_server-11] [INFO] [1790223291.326530685] [controller_server]: Passing new path to controller.
[INFO] [1790223292.301368763] [nearest_euclidean_frontier]: Main /plan diagnostic: poses=8, endpoint=(-1.79, -11.92), frontier=(-1.79, -11.92), endpoint_to_frontier=0.000 m, limit=0.10 m -> usable
[controller_server-11] [INFO] [1790223292.331003564] [controller_server]: Passing new path to controller.
[controller_server-11] [INFO] [1790223292.663611531] [controller_server]: Reached the goal!
[controller_server-11] [INFO] [1790223292.663824711] [controller_server]: Optimizer reset
[bt_navigator-16] [INFO] [1790223292.692720936] [bt_navigator]: Goal succeeded
[INFO] [1790223292.744761421] [nearest_euclidean_frontier]: Goal reached
[INFO] [1790223294.090966572] [nearest_euclidean_frontier]: Selected nearest frontier: x=-4.59, y=-11.86, distance=3.09 m, region=34 cells, near_fallback=False
[bt_navigator-16] [INFO] [1790223294.093397021] [bt_navigator]: Begin navigating from current location (-1.51, -11.72) to (-4.59, -11.86)
[controller_server-11] [INFO] [1790223294.104298375] [controller_server]: Received a goal, begin computing control effort.
[INFO] [1790223294.883224362] [nearest_euclidean_frontier]: Main goal accepted
[INFO] [1790223294.957201898] [nearest_euclidean_frontier]: Main /plan diagnostic: poses=121, endpoint=(-4.59, -11.86), frontier=(-4.59, -11.86), endpoint_to_frontier=0.000 m, limit=0.10 m -> usable
[INFO] [1790223295.129118564] [nearest_euclidean_frontier]: Main /plan diagnostic: poses=120, endpoint=(-4.59, -11.86), frontier=(-4.59, -11.86), endpoint_to_frontier=0.000 m, limit=0.10 m -> usable
[controller_server-11] [INFO] [1790223295.171242438] [controller_server]: Passing new path to controller.
[INFO] [1790223296.154036601] [nearest_euclidean_frontier]: Main /plan diagnostic: poses=112, endpoint=(-4.59, -11.86), frontier=(-4.59, -11.86), endpoint_to_frontier=0.000 m, limit=0.10 m -> usable
[controller_server-11] [INFO] [1790223296.171217590] [controller_server]: Passing new path to controller.
[INFO] [1790223297.172343057] [nearest_euclidean_frontier]: Main /plan diagnostic: poses=108, endpoint=(-4.59, -11.86), frontier=(-4.59, -11.86), endpoint_to_frontier=0.000 m, limit=0.10 m -> usable
[controller_server-11] [INFO] [1790223297.237884302] [controller_server]: Passing new path to controller.
[INFO] [1790223298.194844766] [nearest_euclidean_frontier]: Main /plan diagnostic: poses=107, endpoint=(-4.59, -11.86), frontier=(-4.59, -11.86), endpoint_to_frontier=0.000 m, limit=0.10 m -> usable
[controller_server-11] [INFO] [1790223298.238773495] [controller_server]: Passing new path to controller.
[INFO] [1790223299.223383529] [nearest_euclidean_frontier]: Main /plan diagnostic: poses=107, endpoint=(-4.59, -11.86), frontier=(-4.59, -11.86), endpoint_to_frontier=0.000 m, limit=0.10 m -> usable
[controller_server-11] [INFO] [1790223299.238076166] [controller_server]: Passing new path to controller.
[INFO] [1790223300.243357524] [nearest_euclidean_frontier]: Main /plan diagnostic: poses=104, endpoint=(-4.59, -11.86), frontier=(-4.59, -11.86), endpoint_to_frontier=0.000 m, limit=0.10 m -> usable
[controller_server-11] [INFO] [1790223300.304565443] [controller_server]: Passing new path to controller.
[INFO] [1790223301.264031528] [nearest_euclidean_frontier]: Main /plan diagnostic: poses=96, endpoint=(-4.59, -11.86), frontier=(-4.59, -11.86), endpoint_to_frontier=0.000 m, limit=0.10 m -> usable
[controller_server-11] [INFO] [1790223301.304545202] [controller_server]: Passing new path to controller.
[INFO] [1790223302.286916394] [nearest_euclidean_frontier]: Main /plan diagnostic: poses=86, endpoint=(-4.59, -11.86), frontier=(-4.59, -11.86), endpoint_to_frontier=0.000 m, limit=0.10 m -> usable
[controller_server-11] [INFO] [1790223302.304952090] [controller_server]: Passing new path to controller.
[INFO] [1790223303.314606390] [nearest_euclidean_frontier]: Main /plan diagnostic: poses=77, endpoint=(-4.59, -11.86), frontier=(-4.59, -11.86), endpoint_to_frontier=0.000 m, limit=0.10 m -> usable
[controller_server-11] [INFO] [1790223303.373909528] [controller_server]: Passing new path to controller.
[INFO] [1790223304.331850933] [nearest_euclidean_frontier]: Main /plan diagnostic: poses=69, endpoint=(-4.59, -11.86), frontier=(-4.59, -11.86), endpoint_to_frontier=0.000 m, limit=0.10 m -> usable
[controller_server-11] [INFO] [1790223304.371217106] [controller_server]: Passing new path to controller.
[INFO] [1790223305.349245579] [nearest_euclidean_frontier]: Main /plan diagnostic: poses=64, endpoint=(-4.59, -11.86), frontier=(-4.59, -11.86), endpoint_to_frontier=0.000 m, limit=0.10 m -> usable
[controller_server-11] [INFO] [1790223305.373933718] [controller_server]: Passing new path to controller.
[INFO] [1790223306.367783796] [nearest_euclidean_frontier]: Main /plan diagnostic: poses=56, endpoint=(-4.59, -11.86), frontier=(-4.59, -11.86), endpoint_to_frontier=0.000 m, limit=0.10 m -> usable
[controller_server-11] [INFO] [1790223306.439428759] [controller_server]: Passing new path to controller.
[controller_server-11] [INFO] [1790223306.470225547] [local_costmap.local_costmap]: StaticLayer: Resizing static layer to 260 X 202 at 0.100000 m/pix
[planner_server-13] [INFO] [1790223306.496894384] [global_costmap.global_costmap]: StaticLayer: Resizing costmap to 260 X 202 at 0.100000 m/pix
[INFO] [1790223307.388973126] [nearest_euclidean_frontier]: Main /plan diagnostic: poses=46, endpoint=(-4.59, -11.86), frontier=(-4.59, -11.86), endpoint_to_frontier=0.000 m, limit=0.10 m -> usable
[controller_server-11] [INFO] [1790223307.437886298] [controller_server]: Passing new path to controller.
[controller_server-11] [INFO] [1790223307.470179444] [local_costmap.local_costmap]: StaticLayer: Resizing static layer to 260 X 202 at 0.100000 m/pix
[planner_server-13] [INFO] [1790223307.496977856] [global_costmap.global_costmap]: StaticLayer: Resizing costmap to 260 X 202 at 0.100000 m/pix
[INFO] [1790223308.430158091] [nearest_euclidean_frontier]: Main /plan diagnostic: poses=38, endpoint=(-4.59, -11.86), frontier=(-4.59, -11.86), endpoint_to_frontier=0.000 m, limit=0.10 m -> usable
[controller_server-11] [INFO] [1790223308.437976038] [controller_server]: Passing new path to controller.
[INFO] [1790223309.444542558] [nearest_euclidean_frontier]: Main /plan diagnostic: poses=31, endpoint=(-4.59, -11.86), frontier=(-4.59, -11.86), endpoint_to_frontier=0.000 m, limit=0.10 m -> usable
[controller_server-11] [INFO] [1790223309.504544227] [controller_server]: Passing new path to controller.
[INFO] [1790223310.470916677] [nearest_euclidean_frontier]: Main /plan diagnostic: poses=23, endpoint=(-4.59, -11.86), frontier=(-4.59, -11.86), endpoint_to_frontier=0.000 m, limit=0.10 m -> usable
[controller_server-11] [INFO] [1790223310.470469840] [local_costmap.local_costmap]: StaticLayer: Resizing static layer to 260 X 202 at 0.100000 m/pix
[planner_server-13] [INFO] [1790223310.497631134] [global_costmap.global_costmap]: StaticLayer: Resizing costmap to 260 X 202 at 0.100000 m/pix
[controller_server-11] [INFO] [1790223310.504545033] [controller_server]: Passing new path to controller.
[INFO] [1790223311.477588861] [nearest_euclidean_frontier]: Main /plan diagnostic: poses=16, endpoint=(-4.59, -11.86), frontier=(-4.59, -11.86), endpoint_to_frontier=0.000 m, limit=0.10 m -> usable
[controller_server-11] [INFO] [1790223311.504543438] [controller_server]: Passing new path to controller.
[INFO] [1790223312.499631372] [nearest_euclidean_frontier]: Main /plan diagnostic: poses=11, endpoint=(-4.59, -11.86), frontier=(-4.59, -11.86), endpoint_to_frontier=0.000 m, limit=0.10 m -> usable
[controller_server-11] [INFO] [1790223312.571217290] [controller_server]: Passing new path to controller.
[controller_server-11] [INFO] [1790223313.373481518] [controller_server]: Reached the goal!
[controller_server-11] [INFO] [1790223313.373877198] [controller_server]: Optimizer reset
[bt_navigator-16] [INFO] [1790223313.393650440] [bt_navigator]: Goal succeeded
[INFO] [1790223313.396032557] [nearest_euclidean_frontier]: Goal reached
[INFO] [1790223315.106486598] [nearest_euclidean_frontier]: Selected nearest frontier: x=-6.99, y=-11.08, distance=2.35 m, region=17 cells, near_fallback=False
[bt_navigator-16] [INFO] [1790223315.110077107] [bt_navigator]: Begin navigating from current location (-4.68, -11.55) to (-6.99, -11.08)
[controller_server-11] [INFO] [1790223315.112521906] [controller_server]: Received a goal, begin computing control effort.
[INFO] [1790223315.946176902] [nearest_euclidean_frontier]: Main goal accepted
[INFO] [1790223316.008546936] [nearest_euclidean_frontier]: Main /plan diagnostic: poses=59, endpoint=(-6.99, -11.08), frontier=(-6.99, -11.08), endpoint_to_frontier=0.000 m, limit=0.10 m -> usable
[INFO] [1790223316.124531146] [nearest_euclidean_frontier]: Main /plan diagnostic: poses=57, endpoint=(-6.99, -11.08), frontier=(-6.99, -11.08), endpoint_to_frontier=0.000 m, limit=0.10 m -> usable
[controller_server-11] [INFO] [1790223316.179591371] [controller_server]: Passing new path to controller.
[INFO] [1790223317.164231407] [nearest_euclidean_frontier]: Main /plan diagnostic: poses=56, endpoint=(-6.99, -11.08), frontier=(-6.99, -11.08), endpoint_to_frontier=0.000 m, limit=0.10 m -> usable
[controller_server-11] [INFO] [1790223317.179545390] [controller_server]: Passing new path to controller.
[controller_server-11] [INFO] [1790223317.470172180] [local_costmap.local_costmap]: StaticLayer: Resizing static layer to 260 X 202 at 0.100000 m/pix
[planner_server-13] [INFO] [1790223317.496889754] [global_costmap.global_costmap]: StaticLayer: Resizing costmap to 260 X 202 at 0.100000 m/pix
[INFO] [1790223318.179154921] [nearest_euclidean_frontier]: Main /plan diagnostic: poses=50, endpoint=(-6.99, -11.08), frontier=(-6.99, -11.08), endpoint_to_frontier=0.000 m, limit=0.10 m -> usable
[controller_server-11] [INFO] [1790223318.247310446] [controller_server]: Passing new path to controller.
[INFO] [1790223319.206481211] [nearest_euclidean_frontier]: Main /plan diagnostic: poses=44, endpoint=(-6.99, -11.08), frontier=(-6.99, -11.08), endpoint_to_frontier=0.000 m, limit=0.10 m -> usable
[controller_server-11] [INFO] [1790223319.246212764] [controller_server]: Passing new path to controller.
[INFO] [1790223320.237546054] [nearest_euclidean_frontier]: Main /plan diagnostic: poses=36, endpoint=(-6.99, -11.08), frontier=(-6.99, -11.08), endpoint_to_frontier=0.000 m, limit=0.10 m -> usable
[controller_server-11] [INFO] [1790223320.312882072] [controller_server]: Passing new path to controller.
[INFO] [1790223321.261416571] [nearest_euclidean_frontier]: Main /plan diagnostic: poses=28, endpoint=(-6.99, -11.08), frontier=(-6.99, -11.08), endpoint_to_frontier=0.000 m, limit=0.10 m -> usable
[controller_server-11] [INFO] [1790223321.314459285] [controller_server]: Passing new path to controller.
[INFO] [1790223322.286082905] [nearest_euclidean_frontier]: Main /plan diagnostic: poses=20, endpoint=(-6.99, -11.08), frontier=(-6.99, -11.08), endpoint_to_frontier=0.000 m, limit=0.10 m -> usable
[controller_server-11] [INFO] [1790223322.312882182] [controller_server]: Passing new path to controller.
[INFO] [1790223323.302988963] [nearest_euclidean_frontier]: Main /plan diagnostic: poses=15, endpoint=(-6.99, -11.08), frontier=(-6.99, -11.08), endpoint_to_frontier=0.000 m, limit=0.10 m -> usable
[controller_server-11] [INFO] [1790223323.379547885] [controller_server]: Passing new path to controller.
[INFO] [1790223324.326502684] [nearest_euclidean_frontier]: Main /plan diagnostic: poses=12, endpoint=(-6.99, -11.08), frontier=(-6.99, -11.08), endpoint_to_frontier=0.000 m, limit=0.10 m -> usable
[controller_server-11] [INFO] [1790223324.379808236] [controller_server]: Passing new path to controller.
[controller_server-11] [INFO] [1790223325.114977706] [controller_server]: Reached the goal!
[controller_server-11] [INFO] [1790223325.115158925] [controller_server]: Optimizer reset
[bt_navigator-16] [INFO] [1790223325.140573926] [bt_navigator]: Goal succeeded
[INFO] [1790223325.145463648] [nearest_euclidean_frontier]: Goal reached
[INFO] [1790223326.109171366] [nearest_euclidean_frontier]: Selected nearest frontier: x=-10.99, y=-5.59, distance=7.08 m, region=45 cells, near_fallback=False
[bt_navigator-16] [INFO] [1790223326.111507713] [bt_navigator]: Begin navigating from current location (-7.00, -11.41) to (-10.99, -5.59)
[controller_server-11] [INFO] [1790223326.132512252] [controller_server]: Received a goal, begin computing control effort.
[INFO] [1790223326.905003317] [nearest_euclidean_frontier]: Main goal accepted
[INFO] [1790223326.978263591] [nearest_euclidean_frontier]: Main /plan diagnostic: poses=210, endpoint=(-10.99, -5.59), frontier=(-10.99, -5.59), endpoint_to_frontier=0.000 m, limit=0.10 m -> usable
[INFO] [1790223327.153415459] [nearest_euclidean_frontier]: Main /plan diagnostic: poses=206, endpoint=(-10.99, -5.59), frontier=(-10.99, -5.59), endpoint_to_frontier=0.000 m, limit=0.10 m -> usable
[controller_server-11] [INFO] [1790223327.199770581] [controller_server]: Passing new path to controller.
[INFO] [1790223328.191783851] [nearest_euclidean_frontier]: Main /plan diagnostic: poses=198, endpoint=(-10.99, -5.59), frontier=(-10.99, -5.59), endpoint_to_frontier=0.000 m, limit=0.10 m -> usable
[controller_server-11] [INFO] [1790223328.199975319] [controller_server]: Passing new path to controller.
[INFO] [1790223329.213735942] [nearest_euclidean_frontier]: Main /plan diagnostic: poses=190, endpoint=(-10.99, -5.59), frontier=(-10.99, -5.59), endpoint_to_frontier=0.000 m, limit=0.10 m -> usable
[controller_server-11] [INFO] [1790223329.266625749] [controller_server]: Passing new path to controller.
[controller_server-11] [INFO] [1790223329.470184251] [local_costmap.local_costmap]: StaticLayer: Resizing static layer to 260 X 202 at 0.100000 m/pix
[planner_server-13] [INFO] [1790223329.496874576] [global_costmap.global_costmap]: StaticLayer: Resizing costmap to 260 X 202 at 0.100000 m/pix
[INFO] [1790223330.233435294] [nearest_euclidean_frontier]: Main /plan diagnostic: poses=183, endpoint=(-10.99, -5.59), frontier=(-10.99, -5.59), endpoint_to_frontier=0.000 m, limit=0.10 m -> usable
[controller_server-11] [INFO] [1790223330.266319000] [controller_server]: Passing new path to controller.
[INFO] [1790223331.260303175] [nearest_euclidean_frontier]: Main /plan diagnostic: poses=174, endpoint=(-10.99, -5.59), frontier=(-10.99, -5.59), endpoint_to_frontier=0.000 m, limit=0.10 m -> usable
[controller_server-11] [INFO] [1790223331.266322799] [controller_server]: Passing new path to controller.
[INFO] [1790223332.272069284] [nearest_euclidean_frontier]: Main /plan diagnostic: poses=166, endpoint=(-10.99, -5.59), frontier=(-10.99, -5.59), endpoint_to_frontier=0.000 m, limit=0.10 m -> usable
[controller_server-11] [INFO] [1790223332.333012605] [controller_server]: Passing new path to controller.
[INFO] [1790223333.288775194] [nearest_euclidean_frontier]: Main /plan diagnostic: poses=157, endpoint=(-10.99, -5.59), frontier=(-10.99, -5.59), endpoint_to_frontier=0.000 m, limit=0.10 m -> usable
[controller_server-11] [INFO] [1790223333.332988981] [controller_server]: Passing new path to controller.
[INFO] [1790223334.319288215] [nearest_euclidean_frontier]: Main /plan diagnostic: poses=150, endpoint=(-10.99, -5.59), frontier=(-10.99, -5.59), endpoint_to_frontier=0.000 m, limit=0.10 m -> usable
[controller_server-11] [INFO] [1790223334.333010175] [controller_server]: Passing new path to controller.
[INFO] [1790223335.349166253] [nearest_euclidean_frontier]: Main /plan diagnostic: poses=140, endpoint=(-10.99, -5.59), frontier=(-10.99, -5.59), endpoint_to_frontier=0.000 m, limit=0.10 m -> usable
[controller_server-11] [INFO] [1790223335.399709445] [controller_server]: Passing new path to controller.
[INFO] [1790223336.355599281] [nearest_euclidean_frontier]: Main /plan diagnostic: poses=132, endpoint=(-10.99, -5.59), frontier=(-10.99, -5.59), endpoint_to_frontier=0.000 m, limit=0.10 m -> usable
[controller_server-11] [INFO] [1790223336.399663473] [controller_server]: Passing new path to controller.
[INFO] [1790223337.383849713] [nearest_euclidean_frontier]: Main /plan diagnostic: poses=123, endpoint=(-10.99, -5.59), frontier=(-10.99, -5.59), endpoint_to_frontier=0.000 m, limit=0.10 m -> usable
[controller_server-11] [INFO] [1790223337.399673785] [controller_server]: Passing new path to controller.
[INFO] [1790223338.404896287] [nearest_euclidean_frontier]: Main /plan diagnostic: poses=114, endpoint=(-10.99, -5.59), frontier=(-10.99, -5.59), endpoint_to_frontier=0.000 m, limit=0.10 m -> usable
[controller_server-11] [INFO] [1790223338.466722147] [controller_server]: Passing new path to controller.
[INFO] [1790223339.422716131] [nearest_euclidean_frontier]: Main /plan diagnostic: poses=106, endpoint=(-10.99, -5.59), frontier=(-10.99, -5.59), endpoint_to_frontier=0.000 m, limit=0.10 m -> usable
[controller_server-11] [INFO] [1790223339.466381737] [controller_server]: Passing new path to controller.
[rviz2-7] [INFO] [1790223340.420815105] [rviz2]: Trying to create a map of size 261 x 202 using 1 swatches
[INFO] [1790223340.438908351] [nearest_euclidean_frontier]: Main /plan diagnostic: poses=97, endpoint=(-10.99, -5.59), frontier=(-10.99, -5.59), endpoint_to_frontier=0.000 m, limit=0.10 m -> usable
[controller_server-11] [INFO] [1790223340.466331851] [controller_server]: Passing new path to controller.
[controller_server-11] [INFO] [1790223340.471492180] [local_costmap.local_costmap]: StaticLayer: Resizing static layer to 261 X 202 at 0.100000 m/pix
[planner_server-13] [INFO] [1790223340.496914362] [global_costmap.global_costmap]: StaticLayer: Resizing costmap to 261 X 202 at 0.100000 m/pix
[INFO] [1790223341.474357039] [nearest_euclidean_frontier]: Main /plan diagnostic: poses=91, endpoint=(-10.99, -5.59), frontier=(-10.99, -5.59), endpoint_to_frontier=0.000 m, limit=0.10 m -> usable
[controller_server-11] [INFO] [1790223341.533030403] [controller_server]: Passing new path to controller.
[controller_server-11] [INFO] [1790223342.470181514] [local_costmap.local_costmap]: StaticLayer: Resizing static layer to 261 X 202 at 0.100000 m/pix
[INFO] [1790223342.493583446] [nearest_euclidean_frontier]: Main /plan diagnostic: poses=84, endpoint=(-10.99, -5.59), frontier=(-10.99, -5.59), endpoint_to_frontier=0.000 m, limit=0.10 m -> usable
[planner_server-13] [INFO] [1790223342.496911027] [global_costmap.global_costmap]: StaticLayer: Resizing costmap to 261 X 202 at 0.100000 m/pix
[controller_server-11] [INFO] [1790223342.532989283] [controller_server]: Passing new path to controller.
[INFO] [1790223343.528616636] [nearest_euclidean_frontier]: Main /plan diagnostic: poses=75, endpoint=(-10.99, -5.59), frontier=(-10.99, -5.59), endpoint_to_frontier=0.000 m, limit=0.10 m -> usable
[controller_server-11] [INFO] [1790223343.533088377] [controller_server]: Passing new path to controller.
[INFO] [1790223344.548983722] [nearest_euclidean_frontier]: Main /plan diagnostic: poses=65, endpoint=(-10.99, -5.59), frontier=(-10.99, -5.59), endpoint_to_frontier=0.000 m, limit=0.10 m -> usable
[controller_server-11] [INFO] [1790223344.601157060] [controller_server]: Passing new path to controller.
[rviz2-7] [INFO] [1790223345.426525557] [rviz2]: Trying to create a map of size 261 x 204 using 1 swatches
[controller_server-11] [INFO] [1790223345.470174847] [local_costmap.local_costmap]: StaticLayer: Resizing static layer to 261 X 204 at 0.100000 m/pix
[planner_server-13] [INFO] [1790223345.496909142] [global_costmap.global_costmap]: StaticLayer: Resizing costmap to 261 X 204 at 0.100000 m/pix
[INFO] [1790223345.570545738] [nearest_euclidean_frontier]: Main /plan diagnostic: poses=60, endpoint=(-10.99, -5.59), frontier=(-10.99, -5.59), endpoint_to_frontier=0.000 m, limit=0.10 m -> usable
[controller_server-11] [INFO] [1790223345.599694405] [controller_server]: Passing new path to controller.
[controller_server-11] [INFO] [1790223346.470163722] [local_costmap.local_costmap]: StaticLayer: Resizing static layer to 261 X 204 at 0.100000 m/pix
[planner_server-13] [INFO] [1790223346.498219606] [global_costmap.global_costmap]: StaticLayer: Resizing costmap to 261 X 204 at 0.100000 m/pix
[INFO] [1790223346.586723649] [nearest_euclidean_frontier]: Main /plan diagnostic: poses=48, endpoint=(-10.99, -5.59), frontier=(-10.99, -5.59), endpoint_to_frontier=0.000 m, limit=0.10 m -> usable
[controller_server-11] [INFO] [1790223346.666340833] [controller_server]: Passing new path to controller.
[INFO] [1790223347.617310061] [nearest_euclidean_frontier]: Main /plan diagnostic: poses=40, endpoint=(-10.99, -5.59), frontier=(-10.99, -5.59), endpoint_to_frontier=0.000 m, limit=0.10 m -> usable
[controller_server-11] [INFO] [1790223347.666321561] [controller_server]: Passing new path to controller.
[INFO] [1790223348.631476620] [nearest_euclidean_frontier]: Main /plan diagnostic: poses=33, endpoint=(-10.99, -5.59), frontier=(-10.99, -5.59), endpoint_to_frontier=0.000 m, limit=0.10 m -> usable
[controller_server-11] [INFO] [1790223348.666478056] [controller_server]: Passing new path to controller.
[INFO] [1790223349.648647013] [nearest_euclidean_frontier]: Main /plan diagnostic: poses=25, endpoint=(-10.99, -5.59), frontier=(-10.99, -5.59), endpoint_to_frontier=0.000 m, limit=0.10 m -> usable
[controller_server-11] [INFO] [1790223349.666342176] [controller_server]: Passing new path to controller.
[INFO] [1790223350.671857365] [nearest_euclidean_frontier]: Main /plan diagnostic: poses=17, endpoint=(-10.99, -5.59), frontier=(-10.99, -5.59), endpoint_to_frontier=0.000 m, limit=0.10 m -> usable
[controller_server-11] [INFO] [1790223350.733608794] [controller_server]: Passing new path to controller.
[controller_server-11] [INFO] [1790223351.732989719] [controller_server]: Passing new path to controller.
[INFO] [1790223351.735287737] [nearest_euclidean_frontier]: Main /plan diagnostic: poses=12, endpoint=(-10.99, -5.59), frontier=(-10.99, -5.59), endpoint_to_frontier=0.000 m, limit=0.10 m -> usable
[INFO] [1790223352.739849063] [nearest_euclidean_frontier]: Main /plan diagnostic: poses=8, endpoint=(-10.99, -5.59), frontier=(-10.99, -5.59), endpoint_to_frontier=0.000 m, limit=0.10 m -> usable
[controller_server-11] [INFO] [1790223352.799655261] [controller_server]: Passing new path to controller.
[controller_server-11] [INFO] [1790223352.802430977] [controller_server]: Reached the goal!
[controller_server-11] [INFO] [1790223352.802662928] [controller_server]: Optimizer reset
[bt_navigator-16] [INFO] [1790223352.841977739] [bt_navigator]: Goal succeeded
[INFO] [1790223352.847853666] [nearest_euclidean_frontier]: Goal reached
[INFO] [1790223354.219596110] [nearest_euclidean_frontier]: Selected nearest frontier: x=-9.47, y=-6.86, distance=1.90 m, region=17 cells, near_fallback=False
[bt_navigator-16] [INFO] [1790223354.222294144] [bt_navigator]: Begin navigating from current location (-10.71, -5.42) to (-9.47, -6.86)
[controller_server-11] [INFO] [1790223354.243020721] [controller_server]: Received a goal, begin computing control effort.
[INFO] [1790223355.130905974] [nearest_euclidean_frontier]: Main goal accepted
[INFO] [1790223355.215555721] [nearest_euclidean_frontier]: Main /plan diagnostic: poses=64, endpoint=(-9.47, -6.86), frontier=(-9.47, -6.86), endpoint_to_frontier=0.000 m, limit=0.10 m -> usable
[INFO] [1790223355.265089402] [nearest_euclidean_frontier]: Main /plan diagnostic: poses=64, endpoint=(-9.47, -6.86), frontier=(-9.47, -6.86), endpoint_to_frontier=0.000 m, limit=0.10 m -> usable
[controller_server-11] [INFO] [1790223355.309858756] [controller_server]: Passing new path to controller.
[INFO] [1790223356.298661991] [nearest_euclidean_frontier]: Main /plan diagnostic: poses=60, endpoint=(-9.47, -6.86), frontier=(-9.47, -6.86), endpoint_to_frontier=0.000 m, limit=0.10 m -> usable
[controller_server-11] [INFO] [1790223356.309866574] [controller_server]: Passing new path to controller.
[INFO] [1790223357.304768881] [nearest_euclidean_frontier]: Main /plan diagnostic: poses=52, endpoint=(-9.47, -6.86), frontier=(-9.47, -6.86), endpoint_to_frontier=0.000 m, limit=0.10 m -> usable
[controller_server-11] [INFO] [1790223357.377568024] [controller_server]: Passing new path to controller.
[INFO] [1790223358.323532265] [nearest_euclidean_frontier]: Main /plan diagnostic: poses=42, endpoint=(-9.47, -6.86), frontier=(-9.47, -6.86), endpoint_to_frontier=0.000 m, limit=0.10 m -> usable
[controller_server-11] [INFO] [1790223358.376556674] [controller_server]: Passing new path to controller.
[INFO] [1790223359.331272311] [nearest_euclidean_frontier]: Main /plan diagnostic: poses=32, endpoint=(-9.47, -6.86), frontier=(-9.47, -6.86), endpoint_to_frontier=0.000 m, limit=0.10 m -> usable
[controller_server-11] [INFO] [1790223359.376750653] [controller_server]: Passing new path to controller.
[planner_server-13] [WARN] [1790223360.356195194] [planner_server]: GridBased plugin failed to plan from (-10.33, -7.18) to (-9.47, -6.86): "Failed to create plan with tolerance of: 0.000000"
[planner_server-13] [WARN] [1790223360.356323378] [planner_server]: [compute_path_to_pose] [ActionServer] Aborting handle.
[controller_server-11] [INFO] [1790223360.376536547] [controller_server]: Cancellation was successful. Stopping the robot.
[controller_server-11] [INFO] [1790223360.376603405] [controller_server]: [follow_path] [ActionServer] Client requested to cancel the goal. Cancelling.
[controller_server-11] [INFO] [1790223360.376988764] [controller_server]: Optimizer reset
[behavior_server-15] [INFO] [1790223360.377347420] [behavior_server]: Running wait
[controller_server-11] [INFO] [1790223360.470533779] [local_costmap.local_costmap]: StaticLayer: Resizing static layer to 261 X 204 at 0.100000 m/pix
[planner_server-13] [INFO] [1790223360.496935086] [global_costmap.global_costmap]: StaticLayer: Resizing costmap to 261 X 204 at 0.100000 m/pix
[behavior_server-15] [INFO] [1790223360.777504032] [behavior_server]: wait completed successfully
[planner_server-13] [WARN] [1790223360.795511554] [planner_server]: GridBased plugin failed to plan from (-10.24, -7.25) to (-9.47, -6.86): "Failed to create plan with tolerance of: 0.000000"
[planner_server-13] [WARN] [1790223360.795578417] [planner_server]: [compute_path_to_pose] [ActionServer] Aborting handle.
[bt_navigator-16] [WARN] [1790223360.823701173] [bt_navigator]: [navigate_to_pose] [ActionServer] Aborting handle.
[bt_navigator-16] [ERROR] [1790223360.823866624] [bt_navigator]: Goal failed
[WARN] [1790223360.825480792] [nearest_euclidean_frontier]: Main goal failed (status=6, error_code=208)
[WARN] [1790223360.829700454] [nearest_euclidean_frontier]: Main frontier abandoned after NO_VALID_PATH (208): x=-9.47, y=-6.86; candidates within 0.10 m are skipped during normal selection but will be checked again by terminal planner revalidation.
[controller_server-11] [INFO] [1790223361.470182179] [local_costmap.local_costmap]: StaticLayer: Resizing static layer to 261 X 204 at 0.100000 m/pix
[planner_server-13] [INFO] [1790223361.496908819] [global_costmap.global_costmap]: StaticLayer: Resizing costmap to 261 X 204 at 0.100000 m/pix
[INFO] [1790223362.208131440] [nearest_euclidean_frontier]: Selected nearest frontier: x=-12.38, y=-9.06, distance=2.80 m, region=22 cells, near_fallback=False
[bt_navigator-16] [INFO] [1790223362.209413275] [bt_navigator]: Begin navigating from current location (-10.22, -7.27) to (-12.38, -9.06)
[controller_server-11] [INFO] [1790223362.231163971] [controller_server]: Received a goal, begin computing control effort.
[INFO] [1790223363.147582478] [nearest_euclidean_frontier]: Main goal accepted
[INFO] [1790223363.233318517] [nearest_euclidean_frontier]: Main /plan diagnostic: poses=65, endpoint=(-12.38, -9.06), frontier=(-12.38, -9.06), endpoint_to_frontier=0.000 m, limit=0.10 m -> usable
[INFO] [1790223363.242828781] [nearest_euclidean_frontier]: Main /plan diagnostic: poses=63, endpoint=(-12.38, -9.06), frontier=(-12.38, -9.06), endpoint_to_frontier=0.000 m, limit=0.10 m -> usable
[controller_server-11] [INFO] [1790223363.298296749] [controller_server]: Passing new path to controller.
[INFO] [1790223364.252603641] [nearest_euclidean_frontier]: Main /plan diagnostic: poses=62, endpoint=(-12.38, -9.06), frontier=(-12.38, -9.06), endpoint_to_frontier=0.000 m, limit=0.10 m -> usable
[controller_server-11] [INFO] [1790223364.298027094] [controller_server]: Passing new path to controller.
[INFO] [1790223365.268465447] [nearest_euclidean_frontier]: Main /plan diagnostic: poses=62, endpoint=(-12.38, -9.06), frontier=(-12.38, -9.06), endpoint_to_frontier=0.000 m, limit=0.10 m -> usable
[controller_server-11] [INFO] [1790223365.298076412] [controller_server]: Passing new path to controller.
[INFO] [1790223366.287372024] [nearest_euclidean_frontier]: Main /plan diagnostic: poses=58, endpoint=(-12.38, -9.06), frontier=(-12.38, -9.06), endpoint_to_frontier=0.000 m, limit=0.10 m -> usable
[controller_server-11] [INFO] [1790223366.364727735] [controller_server]: Passing new path to controller.
[controller_server-11] [INFO] [1790223366.470193832] [local_costmap.local_costmap]: StaticLayer: Resizing static layer to 261 X 204 at 0.100000 m/pix
[planner_server-13] [INFO] [1790223366.496968060] [global_costmap.global_costmap]: StaticLayer: Resizing costmap to 261 X 204 at 0.100000 m/pix
[INFO] [1790223367.318485138] [nearest_euclidean_frontier]: Main /plan diagnostic: poses=50, endpoint=(-12.38, -9.06), frontier=(-12.38, -9.06), endpoint_to_frontier=0.000 m, limit=0.10 m -> usable
[controller_server-11] [INFO] [1790223367.365144744] [controller_server]: Passing new path to controller.
[controller_server-11] [INFO] [1790223367.898020679] [controller_server]: Cancellation was successful. Stopping the robot.
[controller_server-11] [INFO] [1790223367.898083493] [controller_server]: [follow_path] [ActionServer] Client requested to cancel the goal. Cancelling.
[controller_server-11] [INFO] [1790223367.898487080] [controller_server]: Optimizer reset
[bt_navigator-16] [INFO] [1790223367.898438763] [bt_navigator]: [navigate_to_pose] [ActionServer] Client requested to cancel the goal. Cancelling.
[bt_navigator-16] [INFO] [1790223367.898659724] [bt_navigator]: Goal canceled
[WARN] [1790223367.904733777] [nearest_euclidean_frontier]: Main goal failed (status=5, error_code=0)
[WARN] [1790223367.905382028] [nearest_euclidean_frontier]: Path-guided recovery #1: temporary subgoal x=-11.93, y=-7.64, 0.70 m ahead on main path (remaining main path=2.46 m, trigger_error=0)
[WARN] [1790223367.905724400] [nearest_euclidean_frontier]: R003 cutoff latched; navigation dispatch suppressed
[WARN] [1790223368.100707343] [nearest_euclidean_frontier]: NEAREST SAVED: env=new_room, profile=slam, coverage=0.857002494, distance=150.07m, output=/home/com1/turtlebot4_project_r003_h031/mapex_lab/experiments/nearest/nf_p500_003

Stopping experiment...
[smoother_server-12] [INFO] [1790223368.579517188] [rclcpp]: signal_handler(SIGINT/SIGTERM)
[smoother_server-12] [INFO] [1790223368.579634457] [smoother_server]: Running Nav2 LifecycleNode rcl preshutdown (smoother_server)
[behavior_server-15] [INFO] [1790223368.579534978] [rclcpp]: signal_handler(SIGINT/SIGTERM)
[behavior_server-15] [INFO] [1790223368.579605154] [behavior_server]: Running Nav2 LifecycleNode rcl preshutdown (behavior_server)
[smoother_server-12] [INFO] [1790223368.579701489] [smoother_server]: Deactivating
[smoother_server-12] [INFO] [1790223368.579718354] [smoother_server]: Destroying bond (smoother_server) to lifecycle manager.
[behavior_server-15] [INFO] [1790223368.579680412] [behavior_server]: Deactivating
[behavior_server-15] [INFO] [1790223368.579742027] [behavior_server]: Destroying bond (behavior_server) to lifecycle manager.
[async_slam_toolbox_node-10] [INFO] [1790223368.580009516] [rclcpp]: signal_handler(SIGINT/SIGTERM)
[image_bridge-4] [INFO] [1790223368.580022092] [rclcpp]: signal_handler(SIGINT/SIGTERM)
[planner_server-13] [INFO] [1790223368.580081294] [rclcpp]: signal_handler(SIGINT/SIGTERM)
[planner_server-13] [INFO] [1790223368.580136228] [planner_server]: Running Nav2 LifecycleNode rcl preshutdown (planner_server)
[planner_server-13] [INFO] [1790223368.580299601] [planner_server]: Deactivating
[planner_server-13] [INFO] [1790223368.580350433] [global_costmap.global_costmap]: Deactivating
[route_server-14] [INFO] [1790223368.580117853] [rclcpp]: signal_handler(SIGINT/SIGTERM)
[route_server-14] [INFO] [1790223368.580191919] [route_server]: Running Nav2 LifecycleNode rcl preshutdown (route_server)
[route_server-14] [INFO] [1790223368.580258611] [route_server]: Deactivating
[route_server-14] [INFO] [1790223368.580276613] [route_server]: Destroying bond (route_server) to lifecycle manager.
[bt_navigator-16] [INFO] [1790223368.580156900] [rclcpp]: signal_handler(SIGINT/SIGTERM)
[bt_navigator-16] [INFO] [1790223368.580210405] [bt_navigator]: Running Nav2 LifecycleNode rcl preshutdown (bt_navigator)
[bt_navigator-16] [INFO] [1790223368.580272118] [bt_navigator]: Deactivating
[bt_navigator-16] [INFO] [1790223368.580302116] [bt_navigator]: Destroying bond (bt_navigator) to lifecycle manager.
[lifecycle_manager-21] [INFO] [1790223368.580183933] [rclcpp]: signal_handler(SIGINT/SIGTERM)
[lifecycle_manager-21] [INFO] [1790223368.580249930] [lifecycle_manager_navigation]: Running Nav2 LifecycleManager rcl preshutdown (lifecycle_manager_navigation)
[lifecycle_manager-21] [INFO] [1790223368.580286665] [lifecycle_manager_navigation]: [34m[1mTerminating bond timer...[0m[0m
[image_bridge-3] [INFO] [1790223368.580227501] [rclcpp]: signal_handler(SIGINT/SIGTERM)
[opennav_docking-20] [INFO] [1790223368.580448430] [rclcpp]: signal_handler(SIGINT/SIGTERM)
[opennav_docking-20] [INFO] [1790223368.580526707] [docking_server]: Running Nav2 LifecycleNode rcl preshutdown (docking_server)
[opennav_docking-20] [INFO] [1790223368.580595814] [docking_server]: Deactivating docking_server
[controller_server-11] [INFO] [1790223368.580454796] [rclcpp]: signal_handler(SIGINT/SIGTERM)
[controller_server-11] [INFO] [1790223368.580506020] [controller_server]: Running Nav2 LifecycleNode rcl preshutdown (controller_server)
[controller_server-11] [INFO] [1790223368.580560950] [controller_server]: Deactivating
[controller_server-11] [INFO] [1790223368.580596951] [MPPIController]: Deactivated MPPI Controller: FollowPath
[controller_server-11] [INFO] [1790223368.580609909] [local_costmap.local_costmap]: Deactivating
[robot_state_publisher-6] [INFO] [1790223368.580577289] [rclcpp]: signal_handler(SIGINT/SIGTERM)
[parameter_bridge-2] [INFO] [1790223368.580586603] [rclcpp]: signal_handler(SIGINT/SIGTERM)
[velocity_smoother-18] [INFO] [1790223368.580561979] [rclcpp]: signal_handler(SIGINT/SIGTERM)
[velocity_smoother-18] [INFO] [1790223368.580695218] [velocity_smoother]: Running Nav2 LifecycleNode rcl preshutdown (velocity_smoother)
[velocity_smoother-18] [INFO] [1790223368.580767074] [velocity_smoother]: Deactivating
[velocity_smoother-18] [INFO] [1790223368.580787772] [velocity_smoother]: Destroying bond (velocity_smoother) to lifecycle manager.
[collision_monitor-19] [INFO] [1790223368.580732421] [rclcpp]: signal_handler(SIGINT/SIGTERM)
[collision_monitor-19] [INFO] [1790223368.580822140] [collision_monitor]: Running Nav2 LifecycleNode rcl preshutdown (collision_monitor)
[collision_monitor-19] [INFO] [1790223368.580876888] [collision_monitor]: Deactivating
[collision_monitor-19] [INFO] [1790223368.580894925] [collision_monitor]: Destroying bond (collision_monitor) to lifecycle manager.
[rviz2-7] [INFO] [1790223368.581243173] [rclcpp]: signal_handler(SIGINT/SIGTERM)
[waypoint_follower-17] [INFO] [1790223368.581256152] [rclcpp]: signal_handler(SIGINT/SIGTERM)
[waypoint_follower-17] [INFO] [1790223368.581308875] [waypoint_follower]: Running Nav2 LifecycleNode rcl preshutdown (waypoint_follower)
[waypoint_follower-17] [INFO] [1790223368.581357660] [waypoint_follower]: Deactivating
[waypoint_follower-17] [INFO] [1790223368.581377235] [waypoint_follower]: Destroying bond (waypoint_follower) to lifecycle manager.
[async_slam_toolbox_node-10] Unregistering sensor: Custom Described Lidar
[behavior_server-15] [INFO] [1790223368.590072141] [behavior_server]: Cleaning up
[smoother_server-12] [INFO] [1790223368.590197296] [smoother_server]: Cleaning up
[waypoint_follower-17] [INFO] [1790223368.591931357] [waypoint_follower]: Cleaning up
[bt_navigator-16] [INFO] [1790223368.593947105] [bt_navigator]: Cleaning up
[route_server-14] [INFO] [1790223368.593998617] [route_server]: Cleaning up
[opennav_docking-20] [INFO] [1790223368.594762744] [docking_server]: Destroying bond (docking_server) to lifecycle manager.
[velocity_smoother-18] [INFO] [1790223368.598347070] [velocity_smoother]: Cleaning up
[velocity_smoother-18] [INFO] [1790223368.598440126] [velocity_smoother]: Destroying bond (velocity_smoother) to lifecycle manager.
[opennav_docking-20] [INFO] [1790223368.605273554] [docking_server]: Cleaning up docking_server
[velocity_smoother-18] [INFO] [1790223368.607458225] [velocity_smoother]: Destroying
[behavior_server-15] [INFO] [1790223368.609182429] [behavior_server]: Destroying bond (behavior_server) to lifecycle manager.
[smoother_server-12] [INFO] [1790223368.623138373] [smoother_server]: Destroying bond (smoother_server) to lifecycle manager.
[waypoint_follower-17] [INFO] [1790223368.630308433] [waypoint_follower]: Destroying bond (waypoint_follower) to lifecycle manager.
[route_server-14] [INFO] [1790223368.631705641] [route_server]: Destroying bond (route_server) to lifecycle manager.
[waypoint_follower-17] [INFO] [1790223368.631891551] [waypoint_follower]: Destroying
[opennav_docking-20] [INFO] [1790223368.632634625] [docking_server]: Destroying bond (docking_server) to lifecycle manager.
[smoother_server-12] [INFO] [1790223368.635318292] [smoother_server]: Destroying
[route_server-14] [INFO] [1790223368.646516422] [route_server]: Destroying
[opennav_docking-20] [INFO] [1790223368.650087858] [docking_server]: Destroying
[behavior_server-15] [INFO] [1790223368.666577224] [behavior_server]: Destroying
[controller_server-11] [INFO] [1790223368.670562427] [controller_server]: Destroying bond (controller_server) to lifecycle manager.
[controller_server-11] [INFO] [1790223368.681559145] [controller_server]: Cleaning up
[controller_server-11] [INFO] [1790223368.682959173] [MPPIController]: Cleaned up MPPI Controller: FollowPath
[collision_monitor-19] [INFO] [1790223368.683200146] [collision_monitor]: Cleaning up
[controller_server-11] [INFO] [1790223368.683499020] [local_costmap.local_costmap]: Cleaning up
[collision_monitor-19] [INFO] [1790223368.684438257] [collision_monitor]: [FootprintApproach]: Destroying Polygon
[collision_monitor-19] [INFO] [1790223368.685966558] [collision_monitor]: Destroying bond (collision_monitor) to lifecycle manager.
[collision_monitor-19] [ERROR] [1790223368.693389503] [getTransform]: Failed to get "rplidar_link"->"base_link" frame transform: Lookup would require extrapolation into the future.  Requested time 472.711000 but the latest data is at time 472.700000, when looking up transform from frame [odom] to frame [base_link]
[collision_monitor-19] [INFO] [1790223368.693422032] [collision_monitor]: [scan]: Destroying Scan
[controller_server-11] [INFO] [1790223368.699793398] [controller_server]: Destroying bond (controller_server) to lifecycle manager.
[controller_server-11] [INFO] [1790223368.705320831] [local_costmap.local_costmap]: Destroying
[bt_navigator-16] [INFO] [1790223368.705475877] [bt_navigator]: Completed Cleaning up
[bt_navigator-16] [INFO] [1790223368.705553373] [bt_navigator]: Destroying bond (bt_navigator) to lifecycle manager.
[controller_server-11] [INFO] [1790223368.711191964] [controller_server]: Destroying
[bt_navigator-16] [INFO] [1790223368.713388467] [bt_navigator]: Destroying
[INFO] [parameter_bridge-2]: process has finished cleanly [pid 17325]
[INFO] [robot_state_publisher-6]: process has finished cleanly [pid 17329]
[lifecycle_manager-21] [INFO] [1790223368.742111596] [lifecycle_manager_navigation]: Destroying lifecycle_manager_navigation
[INFO] [image_bridge-4]: process has finished cleanly [pid 17327]
[INFO] [image_bridge-3]: process has finished cleanly [pid 17326]
[INFO] [velocity_smoother-18]: process has finished cleanly [pid 17964]
[INFO] [waypoint_follower-17]: process has finished cleanly [pid 17963]
[gz-8] [1;36m[Dbg] [SimulationRunner.cc:562] [0m[1;36mCreating postupdate worker thread ([0m[1;36m4[0m[1;36m)[0m[1;36m[0m
[gz-8] [1;36m[Dbg] [EntityComponentManager.cc:1656] [0m[1;36mUpdated state thread iterators: [0m[1;36m16[0m[1;36m threads processing around [0m[1;36m15[0m[1;36m entities each.[0m[1;36m[0m
[gz-8] [1;36m[Dbg] [RenderUtil.cc:2646] [0m[1;36mCreate scene [[0m[1;36mscene[0m[1;36m][0m[1;36m[0m
[gz-8] [1;36m[Dbg] [Sensors.cc:391] [0m[1;36mRendering Thread initialized[Dbg] [Sensors.cc:953] [0m[1;36m[0m
[gz-8] [1;36mRendering Thread initialized[Dbg] [Sensors.cc:953] [0m[1;36mInitialization needed[0m[1;36m[0m
[gz-8] [1;36m[Dbg] [RgbdCameraSensor.cc:210] [0m[1;36mRGB images for [[0m[1;36mturtlebot4::oakd_rgb_camera_frame::rgbd_camera[0m[1;36m] advertised on [[0m[1;36mrgbd_camera[0m[1;36m/image][0m[1;36m[0m
[gz-8] [1;36m[Dbg] [RgbdCameraSensor.cc:224] [0m[1;36mDepth images for [[0m[1;36mturtlebot4::oakd_rgb_camera_frame::rgbd_camera[0m[1;36m] advertised on [[0m[1;36mrgbd_camera[0m[1;36m/depth_image][0m[1;36m[0m
[gz-8] [1;36m[Dbg] [RgbdCameraSensor.cc:238] [0m[1;36mPoints for [[0m[1;36mturtlebot4::oakd_rgb_camera_frame::rgbd_camera[0m[1;36m] advertised on [[0m[1;36mrgbd_camera[0m[1;36m/points][0m[1;36m[0m
[gz-8] [1;36m[Dbg] [CameraSensor.cc:695] [0m[1;36mCamera info for [[0m[1;36mturtlebot4::oakd_rgb_camera_frame::rgbd_camera[0m[1;36m] advertised on [[0m[1;36mrgbd_camera/camera_info[0m[1;36m][0m[1;36m[0m
[gz-8] [1;36m[Dbg] [Lidar.cc:139] [0m[1;36mLaser scans for [[0m[1;36mturtlebot4::rplidar_link::rplidar[0m[1;36m] advertised on [[0m[1;36mscan[0m[1;36m][0m[1;36m[0m
[gz-8] [1;36m[Dbg] [GpuLidarSensor.cc:164] [0m[1;36mLidar points for [[0m[1;36mturtlebot4::rplidar_link::rplidar[0m[1;36m] advertised on [[0m[1;36mscan/points[0m[1;36m][0m[1;36m[0m
[gz-8] [1;36m[Dbg] [SignalHandler.cc:142] [0m[1;36mReceived signal[[0m[1;36m2[0m[1;36m].[0m
[gz-8] [1;36m[Dbg] [ServerPrivate.cc:122] [0m[1;36mServer received signal[[0m[1;36m2[0m[1;36m][0m
[gz-8] [1;36m[Dbg] [Sensors.cc:565] [0m[1;36mSensorsPrivate::Stop[0m[1;36m[0m
[gz-8] [1;36m[Dbg] [Sensors.cc:551] [0m[1;36mSensorsPrivate::RenderThread stopped[0m[1;36m[0m
[gz-8] [1;36m[Dbg] [gz.cc:434] [0m[1;36mShutting down gz-sim-server[0m[1;36m[0m
[gz-8] [1;36m[Dbg] [SimulationRunner.cc:578] [0m[1;36m[Dbg] [SimulationRunner.cc:578] [Dbg] [SimulationRunner.cc:578] [Dbg] [SimulationRunner.cc:578] [0m[1;36m4[0m[1;36m)[0m[1;36m)[0m[1;36m)[0m[1;36mExiting postupdate worker thread ([0m[1;36m2[0m[1;36m)[0m[1;36m[0m
[gz-8] [1;36m[0m
[gz-8] [1;36mExiting postupdate worker thread ([0m[1;36m3[0m[1;36m)[0m[1;36m[0m
[gz-8] [1;36m[Dbg] [SimulationRunner.cc:578] [0m[1;36mExiting postupdate worker thread ([0m[1;36m1[0m[1;36m)[0m[1;36m[0m
[gz-8] [1;36mExiting postupdate worker thread ([0m[1;36m0[0m[1;36m)[0m[1;36m[0m
[gz-8] [1;36m[Dbg] [Sensors.cc:565] [0m[1;36mSensorsPrivate::Stop[0m[1;36m[0m
[INFO] [smoother_server-12]: process has finished cleanly [pid 17958]
[INFO] [route_server-14]: process has finished cleanly [pid 17960]
[INFO] [opennav_docking-20]: process has finished cleanly [pid 17966]
[INFO] [behavior_server-15]: process has finished cleanly [pid 17961]
[INFO] [async_slam_toolbox_node-10]: process has finished cleanly [pid 17838]
[INFO] [gz-8]: process has finished cleanly [pid 17433]
[INFO] [controller_server-11]: process has finished cleanly [pid 17957]
[INFO] [rviz2-7]: process has finished cleanly [pid 17330]
[INFO] [bt_navigator-16]: process has finished cleanly [pid 17962]
[INFO] [lifecycle_manager-21]: process has finished cleanly [pid 17967]
[gz-9] [1;36m[GUI] [Dbg] [SignalHandler.cc:142] [0m[1;36mReceived signal[[0m[1;36m2[0m[1;36m].[0m
[gz-9] [1;36m[GUI] [Dbg] [Gui.cc:535] [0m[1;36mShutting down gz-sim-gui[0m[1;36m[0m
[gz-9] [1;36m[GUI] [Dbg] [Application.cc:237] [0m[1;36mTerminating application.[0m[1;36m[0m
[gz-9] [1;36m[GUI] [Dbg] [MinimalScene.cc:841] [0m[1;36mDestroy scene [[0m[1;36mscene[0m[1;36m][0m[1;36m[0m
[INFO] [gz-9]: process has finished cleanly [pid 17434]
[planner_server-13] [INFO] [1790223369.497156621] [planner_server]: Deactivating plugin GridBased of type NavfnPlanner
[planner_server-13] [INFO] [1790223369.497222679] [planner_server]: Destroying bond (planner_server) to lifecycle manager.
[planner_server-13] [INFO] [1790223369.507482274] [planner_server]: Cleaning up
[planner_server-13] [INFO] [1790223369.514154592] [global_costmap.global_costmap]: Cleaning up
[planner_server-13] [INFO] [1790223369.515533136] [planner_server]: Cleaning up plugin GridBased of type NavfnPlanner
[planner_server-13] [INFO] [1790223369.515676636] [planner_server]: Destroying plugin GridBased of type NavfnPlanner
[planner_server-13] [INFO] [1790223369.523222283] [planner_server]: Destroying bond (planner_server) to lifecycle manager.
[planner_server-13] [INFO] [1790223369.526762844] [global_costmap.global_costmap]: Destroying
[planner_server-13] [INFO] [1790223369.533179739] [planner_server]: Destroying
[INFO] [planner_server-13]: process has finished cleanly [pid 17959]
[ERROR] [collision_monitor-19]: process has died [pid 17965, exit code -11, cmd '/opt/ros/jazzy/lib/nav2_collision_monitor/collision_monitor --ros-args --log-level info --ros-args -r __node:=collision_monitor -r __ns:=/ -p use_sim_time:=True --params-file /tmp/launch_params_x4degtgu -r /global_costmap/scan:=/scan -r /local_costmap/scan:=/scan -r /tf:=tf -r /tf_static:=tf_static'].
Experiment stopped.
Traceback (most recent call last):
  File "/home/com1/turtlebot4_project_r003_h031/mapex_lab/scripts/r003_deadlock_watchdog.py", line 123, in main
    rclpy.spin_once(node, timeout_sec=1.0)
  File "/opt/ros/jazzy/lib/python3.12/site-packages/rclpy/__init__.py", line 226, in spin_once
    executor.spin_once(timeout_sec=timeout_sec)
  File "/opt/ros/jazzy/lib/python3.12/site-packages/rclpy/executors.py", line 926, in spin_once
    self._spin_once_impl(timeout_sec)
  File "/opt/ros/jazzy/lib/python3.12/site-packages/rclpy/executors.py", line 907, in _spin_once_impl
    handler, entity, node = self.wait_for_ready_callbacks(
                            ^^^^^^^^^^^^^^^^^^^^^^^^^^^^^^
  File "/opt/ros/jazzy/lib/python3.12/site-packages/rclpy/executors.py", line 877, in wait_for_ready_callbacks
    return next(self._cb_iter)
           ^^^^^^^^^^^^^^^^^^^
  File "/opt/ros/jazzy/lib/python3.12/site-packages/rclpy/executors.py", line 757, in _wait_for_ready_callbacks
    wait_set = _rclpy.WaitSet(
               ^^^^^^^^^^^^^^^
rclpy._rclpy_pybind11.RCLError: failed to initialize wait set: the given context is not valid, either rcl_init() was not called or rcl_shutdown() was called., at ./src/rcl/wait.c:130

During handling of the above exception, another exception occurred:

Traceback (most recent call last):
  File "/home/com1/turtlebot4_project_r003_h031/mapex_lab/scripts/r003_deadlock_watchdog.py", line 137, in <module>
    sys.exit(main())
             ^^^^^^
  File "/home/com1/turtlebot4_project_r003_h031/mapex_lab/scripts/r003_deadlock_watchdog.py", line 127, in main
    rclpy.shutdown()
  File "/opt/ros/jazzy/lib/python3.12/site-packages/rclpy/__init__.py", line 134, in shutdown
    _shutdown(context=context)
  File "/opt/ros/jazzy/lib/python3.12/site-packages/rclpy/utilities.py", line 82, in shutdown
    context.shutdown()
  File "/opt/ros/jazzy/lib/python3.12/site-packages/rclpy/context.py", line 129, in shutdown
    self.__context.shutdown()
rclpy._rclpy_pybind11.RCLError: failed to shutdown: rcl_shutdown already called on the given context, at ./src/rcl/init.c:333
