COMMAND /home/com1/turtlebot4_project_r003_h031/run --paper500 --method nf --environment new_room --record yes --run-id nf_p500_007
ROS isolation: domain=42, localhost_only=1
[WARN] [1790230605.628363270] [rcl]: ROS_LOCALHOST_ONLY is deprecated but still honored if it is enabled. Use ROS_AUTOMATIC_DISCOVERY_RANGE and ROS_STATIC_PEERS instead.
[WARN] [1790230605.628377446] [rcl]: 'localhost_only' is enabled, 'automatic_discovery_range' and 'static_peers' will be ignored.


==============================
Method : NF
Map    : New Room
Record : yes
Run ID : nf_p500_007
Profile: R003 paper500
Python : /usr/bin/python3
Launch : mapex_lab/launch/slam.launch.py
==============================


Dang cho /map, Nav2 lifecycle active va /clock on dinh...
[INFO] [launch]: All log files can be found below /home/com1/.ros/log/2026-09-24-13-16-46-754638-com1-45906
[INFO] [launch]: Default logging verbosity is set to INFO
[INFO] [launch.user]: Simulation world: new_room; path=/home/com1/turtlebot4_project_r003_h031/mapex_lab/map/new_room.sdf; spawn=(0.0, 3.0, 0.0)
[INFO] [xacro-1]: process started with pid [45926]
[INFO] [parameter_bridge-2]: process started with pid [45927]
[INFO] [image_bridge-3]: process started with pid [45928]
[INFO] [image_bridge-4]: process started with pid [45929]
[INFO] [create-5]: process started with pid [45930]
[INFO] [robot_state_publisher-6]: process started with pid [45931]
[INFO] [rviz2-7]: process started with pid [45932]
[robot_state_publisher-6] [WARN] [1790230607.007820100] [rcl]: ROS_LOCALHOST_ONLY is deprecated but still honored if it is enabled. Use ROS_AUTOMATIC_DISCOVERY_RANGE and ROS_STATIC_PEERS instead.
[robot_state_publisher-6] [WARN] [1790230607.007831694] [rcl]: 'localhost_only' is enabled, 'automatic_discovery_range' and 'static_peers' will be ignored.
[create-5] [WARN] [1790230607.014381497] [rcl]: ROS_LOCALHOST_ONLY is deprecated but still honored if it is enabled. Use ROS_AUTOMATIC_DISCOVERY_RANGE and ROS_STATIC_PEERS instead.
[create-5] [WARN] [1790230607.014393113] [rcl]: 'localhost_only' is enabled, 'automatic_discovery_range' and 'static_peers' will be ignored.
[robot_state_publisher-6] [WARN] [1790230607.024352856] [kdl_parser]: The root link base_link has an inertia specified in the URDF, but KDL does not support a root link with an inertia.  As a workaround, you can add an extra dummy link to your URDF.
[robot_state_publisher-6] [INFO] [1790230607.024462675] [robot_state_publisher]: Robot initialized
[create-5] [INFO] [1790230607.025249203] [ros_gz_sim]: Requesting list of world names.
[image_bridge-4] [WARN] [1790230607.026556224] [rcl]: ROS_LOCALHOST_ONLY is deprecated but still honored if it is enabled. Use ROS_AUTOMATIC_DISCOVERY_RANGE and ROS_STATIC_PEERS instead.
[image_bridge-4] [WARN] [1790230607.026565759] [rcl]: 'localhost_only' is enabled, 'automatic_discovery_range' and 'static_peers' will be ignored.
[parameter_bridge-2] [WARN] [1790230607.027541101] [rcl]: ROS_LOCALHOST_ONLY is deprecated but still honored if it is enabled. Use ROS_AUTOMATIC_DISCOVERY_RANGE and ROS_STATIC_PEERS instead.
[parameter_bridge-2] [WARN] [1790230607.027549599] [rcl]: 'localhost_only' is enabled, 'automatic_discovery_range' and 'static_peers' will be ignored.
[image_bridge-3] [WARN] [1790230607.029836625] [rcl]: ROS_LOCALHOST_ONLY is deprecated but still honored if it is enabled. Use ROS_AUTOMATIC_DISCOVERY_RANGE and ROS_STATIC_PEERS instead.
[image_bridge-3] [WARN] [1790230607.029847423] [rcl]: 'localhost_only' is enabled, 'automatic_discovery_range' and 'static_peers' will be ignored.
[rviz2-7] [WARN] [1790230607.090652248] [rcl]: ROS_LOCALHOST_ONLY is deprecated but still honored if it is enabled. Use ROS_AUTOMATIC_DISCOVERY_RANGE and ROS_STATIC_PEERS instead.
[rviz2-7] [WARN] [1790230607.090664085] [rcl]: 'localhost_only' is enabled, 'automatic_discovery_range' and 'static_peers' will be ignored.
[INFO] [xacro-1]: process has finished cleanly [pid 45926]
[INFO] [gz-8]: process started with pid [46049]
[INFO] [gz-9]: process started with pid [46050]
[rviz2-7] [INFO] [1790230607.202495057] [rviz2]: Stereo is NOT SUPPORTED
[rviz2-7] [INFO] [1790230607.202616392] [rviz2]: OpenGl version: 4.5 (GLSL 4.5)
[rviz2-7] [INFO] [1790230607.221114039] [rviz2]: Stereo is NOT SUPPORTED
[rviz2-7] [INFO] [1790230607.263712646] [rviz2]: Subscribing to: /frontier/frontier_points
[rviz2-7] 
[rviz2-7] [INFO] [1790230607.267097122] [rviz2]: Subscribing to: /map_cloud
[rviz2-7] 
[rviz2-7] [INFO] [1790230607.267483698] [rviz2]: Subscribing to: /map_cloud
[rviz2-7] 
[rviz2-7] [INFO] [1790230607.267814322] [rviz2]: Subscribing to: /map_cloud
[rviz2-7] 
[rviz2-7] [INFO] [1790230607.276835942] [rviz2]: Subscribing to: /frontier/frontier_points
[rviz2-7] 
[rviz2-7] [INFO] [1790230607.277250253] [rviz2]: Subscribing to: /map_cloud
[rviz2-7] 
[gz-9] [1;33m[GUI] [Wrn] [Application.cc:908] [0m[1;33m[QT] file:///usr/lib/x86_64-linux-gnu/qt5/qml/QtQuick/Dialogs/DefaultFileDialog.qml:413:17: QML ToolButton: Binding loop detected for property "implicitHeight"[0m[1;33m[0m
[gz-9] [1;33m[GUI] [Wrn] [Application.cc:908] [0m[1;33m[QT] file:///usr/lib/x86_64-linux-gnu/qt5/qml/QtQuick/Dialogs/DefaultFileDialog.qml:309:21: QML Button: Binding loop detected for property "implicitHeight"[0m[1;33m[0m
[gz-9] [1;33m[GUI] [Wrn] [Application.cc:908] [0m[1;33m[QT] file:///usr/lib/x86_64-linux-gnu/qt5/qml/QtQuick/Dialogs/DefaultFileDialog.qml:309:21: QML Button: Binding loop detected for property "implicitHeight"[0m[1;33m[0m
[gz-9] [1;33m[GUI] [Wrn] [Application.cc:908] [0m[1;33m[QT] file:///usr/lib/x86_64-linux-gnu/qt5/qml/QtQuick/Dialogs/DefaultFileDialog.qml:413:17: QML ToolButton: Binding loop detected for property "implicitHeight"[0m[1;33m[0m
[gz-9] [1;33m[GUI] [Wrn] [Application.cc:908] [0m[1;33m[QT] file:///usr/lib/x86_64-linux-gnu/qt5/qml/QtQuick/Dialogs/DefaultFileDialog.qml:309:21: QML Button: Binding loop detected for property "implicitHeight"[0m[1;33m[0m
[gz-9] [1;33m[GUI] [Wrn] [Application.cc:908] [0m[1;33m[QT] file:///usr/lib/x86_64-linux-gnu/qt5/qml/QtQuick/Dialogs/DefaultFileDialog.qml:309:21: QML Button: Binding loop detected for property "implicitHeight"[0m[1;33m[0m
[gz-8] [1;32m[Msg] [0m[1;32mGazebo Sim Server v[0m[1;32m8.11.0[0m[1;32m[0m
[gz-8] [1;32m[Msg] [0m[1;32mLoading SDF world file[[0m[1;32m/tmp/nav2_1boiqtx1.sdf[0m[1;32m].[0m
[gz-8] [1;32m[Msg] [0m[1;32mServing entity system service on [[0m[1;32m/[0m[1;32mentity/system/add[0m[1;32m][0m[1;32m[0m
[gz-8] [1;36m[Dbg] [Physics.cc:906] [0m[1;36mLoaded [[0m[1;36mgz::physics::dartsim::Plugin[0m[1;36m] from library [[0m[1;36m/opt/ros/jazzy/opt/gz_physics_vendor/lib/gz-physics-7/engine-plugins/libgz-physics-dartsim-plugin.so[0m[1;36m][0m[1;36m[0m
[gz-8] [1;36m[Dbg] [SystemManager.cc:80] [0m[1;36mLoaded system [[0m[1;36mgz::sim::systems::Physics[0m[1;36m] for entity [[0m[1;36m1[0m[1;36m][0m[1;36m[0m
[gz-8] [1;32m[Msg] [0m[1;32mCreate[0m[1;32m service on [[0m[1;32m/world/new_room_world/create_multiple[0m[1;32m] (async)[0m[1;32m[0m
[gz-8] [1;32m[Msg] [0m[1;32mCreate[0m[1;32m service on [[0m[1;32m/world/new_room_world/create_multiple/blocking[0m[1;32m] (blocking)[0m[1;32m[0m
[gz-8] [1;32m[Msg] [0m[1;32mRemove[0m[1;32m service on [[0m[1;32m/world/new_room_world/remove[0m[1;32m] (async)[0m[1;32m[0m
[gz-8] [1;32m[Msg] [0m[1;32mRemove[0m[1;32m service on [[0m[1;32m/world/new_room_world/remove/blocking[0m[1;32m] (blocking)[0m[1;32m[0m
[gz-8] [1;32m[Msg] [0m[1;32mPose[0m[1;32m service on [[0m[1;32m/world/new_room_world/set_pose[0m[1;32m] (async)[0m[1;32m[0m
[gz-8] [1;32m[Msg] [0m[1;32mPose[0m[1;32m service on [[0m[1;32m/world/new_room_world/set_pose/blocking[0m[1;32m] (blocking)[0m[1;32m[0m
[gz-8] [1;32m[Msg] [0m[1;32mPose[0m[1;32m service on [[0m[1;32m/world/new_room_world/set_pose_vector[0m[1;32m] (async)[0m[1;32m[0m
[gz-8] [1;32m[Msg] [0m[1;32mPose[0m[1;32m service on [[0m[1;32m/world/new_room_world/set_pose_vector/blocking[0m[1;32m] (blocking)[0m[1;32m[0m
[gz-8] [1;32m[Msg] [0m[1;32mLight configuration[0m[1;32m service on [[0m[1;32m/world/new_room_world/light_config[0m[1;32m] (async)[0m[1;32m[0m
[gz-8] [1;32m[Msg] [0m[1;32mLight configuration[0m[1;32m service on [[0m[1;32m/world/new_room_world/light_config/blocking[0m[1;32m] (blocking)[0m[1;32m[0m
[gz-8] [1;32m[Msg] [0m[1;32mPhysics[0m[1;32m service on [[0m[1;32m/world/new_room_world/set_physics[0m[1;32m] (async)[0m[1;32m[0m
[gz-8] [1;32m[Msg] [0m[1;32mPhysics[0m[1;32m service on [[0m[1;32m/world/new_room_world/set_physics/blocking[0m[1;32m] (blocking)[0m[1;32m[0m
[gz-8] [1;32m[Msg] [0m[1;32mSphericalCoordinates[0m[1;32m service on [[0m[1;32m/world/new_room_world/set_spherical_coordinates[0m[1;32m] (async)[0m[1;32m[0m
[gz-8] [1;32m[Msg] [0m[1;32mSphericalCoordinates[0m[1;32m service on [[0m[1;32m/world/new_room_world/set_spherical_coordinates/blocking[0m[1;32m] (blocking)[0m[1;32m[0m
[gz-8] [1;32m[Msg] [0m[1;32mEnable collision[0m[1;32m service on [[0m[1;32m/world/new_room_world/enable_collision[0m[1;32m] (async)[0m[1;32m[0m
[gz-8] [1;32m[Msg] [0m[1;32mEnable collision[0m[1;32m service on [[0m[1;32m/world/new_room_world/enable_collision/blocking[0m[1;32m] (blocking)[0m[1;32m[0m
[gz-8] [1;32m[Msg] [0m[1;32mDisable collision[0m[1;32m service on [[0m[1;32m/world/new_room_world/disable_collision[0m[1;32m] (async)[0m[1;32m[0m
[gz-8] [1;32m[Msg] [0m[1;32mDisable collision[0m[1;32m service on [[0m[1;32m/world/new_room_world/disable_collision/blocking[0m[1;32m] (blocking)[0m[1;32m[0m
[gz-8] [1;32m[Msg] [0m[1;32mMaterial[0m[1;32m service on [[0m[1;32m/world/new_room_world/visual_config[0m[1;32m] (async)[0m[1;32m[0m
[gz-8] [1;32m[Msg] [0m[1;32mMaterial[0m[1;32m service on [[0m[1;32m/world/new_room_world/visual_config/blocking[0m[1;32m] (blocking)[0m[1;32m[0m
[gz-8] [1;32m[Msg] [0m[1;32mMaterial[0m[1;32m service on [[0m[1;32m/world/new_room_world/wheel_slip[0m[1;32m] (async)[0m[1;32m[0m
[gz-8] [1;32m[Msg] [0m[1;32mMaterial[0m[1;32m service on [[0m[1;32m/world/new_room_world/wheel_slip/blocking[0m[1;32m] (blocking)[0m[1;32m[0m
[gz-9] [1;33m[GUI] [Wrn] [Application.cc:908] [0m[1;33m[QT] file:///usr/lib/x86_64-linux-gnu/qt5/qml/QtQuick/Dialogs/DefaultFileDialog.qml:413:17: QML ToolButton: Binding loop detected for property "implicitHeight"[0m[1;33m[0m
[gz-9] [1;33m[GUI] [Wrn] [Application.cc:908] [0m[1;33m[QT] file:///usr/lib/x86_64-linux-gnu/qt5/qml/QtQuick/Dialogs/DefaultFileDialog.qml:309:21: QML Button: Binding loop detected for property "implicitHeight"[0m[1;33m[0m
[gz-9] [1;33m[GUI] [Wrn] [Application.cc:908] [0m[1;33m[QT] file:///usr/lib/x86_64-linux-gnu/qt5/qml/QtQuick/Dialogs/DefaultFileDialog.qml:309:21: QML Button: Binding loop detected for property "implicitHeight"[0m[1;33m[0m
[create-5] [INFO] [1790230607.567380306] [ros_gz_sim]: Waiting messages on topic [robot_description].
[create-5] [INFO] [1790230607.666767450] [ros_gz_sim]: Entity creation successful.
[INFO] [create-5]: process has finished cleanly [pid 45930]
[gz-9] [1;32m[Msg] [0m[1;32mGazebo Sim GUI    v[0m[1;32m8.11.0[0m[1;32m[0m
[gz-9] [1;32m[Msg] [0m[1;32mDetected Wayland. Setting Qt to use the xcb plugin: [0m[1;32m'QT_QPA_PLATFORM=xcb'.[0m[1;32m[0m
[gz-9] [1;36m[Dbg] [Application.cc:96] [0m[1;36mInitializing application.[0m[1;36m[0m
[gz-9] [1;36m[Dbg] [Application.cc:170] [0m[1;36mQt using OpenGL graphics interface[0m[1;36m[0m
[gz-9] [1;36m[GUI] [Dbg] [Application.cc:657] [0m[1;36mCreate main window[0m[1;36m[0m
[gz-9] [1;36m[GUI] [Dbg] [PathManager.cc:68] [0m[1;36mRequesting resource paths through [[0m[1;36m/gazebo/resource_paths/get[0m[1;36m][0m[1;36m[0m
[gz-9] [1;36m[GUI] [Dbg] [Gui.cc:355] [0m[1;36mGUI requesting list of world names. The server may be busy [0m[1;36mdownloading resources. Please be patient.[0m[1;36m[0m
[gz-9] [1;36m[GUI] [Dbg] [PathManager.cc:57] [0m[1;36mReceived resource paths.[0m[1;36m[0m
[gz-9] [1;36m[GUI] [Dbg] [Gui.cc:413] [0m[1;36mRequesting GUI from [[0m[1;36m/world/new_room_world/gui/info[0m[1;36m]...[0m[1;36m[0m
[gz-9] [1;36m[GUI] [Dbg] [GuiRunner.cc:149] [0m[1;36mRequesting initial state from [[0m[1;36m/world/new_room_world/state[0m[1;36m]...[0m[1;36m[0m
[gz-9] [1;32m[GUI] [0m[1;32m[Msg] [0m[1;32mLoading config [[0m[1;32m/home/com1/.gz/sim/8/gui.config[0m[1;32m][0m[1;32m[0m
[gz-9] [1;36m[GUI] [Dbg] [Application.cc:528] [0m[1;36mLoading plugin [[0m[1;36mMinimalScene[0m[1;36m][0m[1;36m[0m
[gz-9] [1;36m[GUI] [Dbg] [MinimalScene.cc:802] [0m[1;36mCreating gz-rendering interface for OpenGL[0m[1;36m[0m
[gz-9] [1;36m[GUI] [Dbg] [MinimalScene.cc:802] [0m[1;36mCreating gz-rendering interface for OpenGL[0m[1;36m[0m
[gz-9] [1;36m[GUI] [Dbg] [MinimalScene.cc:986] [0m[1;36mCreating render thread interface for OpenGL[0m[1;36m[0m
[gz-9] [1;36m[GUI] [Dbg] [MinimalScene.cc:802] [0m[1;36mCreating gz-rendering interface for OpenGL[0m[1;36m[0m
[gz-9] [1;36m[GUI] [Dbg] [MinimalScene.cc:986] [0m[1;36mCreating render thread interface for OpenGL[0m[1;36m[0m
[gz-9] [1;32m[GUI] [0m[1;32m[Msg] [0m[1;32mAdded plugin [[0m[1;32m3D View[0m[1;32m] to main window[0m[1;32m[0m
[gz-9] [1;32m[GUI] [0m[1;32m[Msg] [0m[1;32mLoaded plugin [[0m[1;32mMinimalScene[0m[1;32m] from path [[0m[1;32m/opt/ros/jazzy/opt/gz_gui_vendor/lib/gz-gui-8/plugins/libMinimalScene.so[0m[1;32m][0m[1;32m[0m
[gz-9] [1;36m[GUI] [Dbg] [Application.cc:528] [0m[1;36mLoading plugin [[0m[1;36mEntityContextMenuPlugin[0m[1;36m][0m[1;36m[0m
[gz-9] [1;32m[GUI] [0m[1;32m[Msg] [0m[1;32mCurrently tracking topic on [[0m[1;32m/gui/currently_tracked[0m[1;32m][0m[1;32m[0m
[gz-9] [1;32m[GUI] [0m[1;32m[Msg] [0m[1;32mAdded plugin [[0m[1;32mEntity Context Menu[0m[1;32m] to main window[0m[1;32m[0m
[gz-9] [1;32m[GUI] [0m[1;32m[Msg] [0m[1;32mLoaded plugin [[0m[1;32mEntityContextMenuPlugin[0m[1;32m] from path [[0m[1;32m/opt/ros/jazzy/opt/gz_sim_vendor/lib/gz-sim-8/plugins/gui/libEntityContextMenuPlugin.so[0m[1;32m][0m[1;32m[0m
[gz-9] [1;36m[GUI] [Dbg] [Application.cc:528] [0m[1;36mLoading plugin [[0m[1;36mGzSceneManager[0m[1;36m][0m[1;36m[0m
[gz-9] [1;32m[GUI] [0m[1;32m[Msg] [0m[1;32mAdded plugin [[0m[1;32mScene Manager[0m[1;32m] to main window[0m[1;32m[0m
[gz-9] [1;32m[GUI] [0m[1;32m[Msg] [0m[1;32mLoaded plugin [[0m[1;32mGzSceneManager[0m[1;32m] from path [[0m[1;32m/opt/ros/jazzy/opt/gz_sim_vendor/lib/gz-sim-8/plugins/gui/libGzSceneManager.so[0m[1;32m][0m[1;32m[0m
[gz-9] [1;36m[GUI] [Dbg] [Application.cc:528] [0m[1;36mLoading plugin [[0m[1;36mInteractiveViewControl[0m[1;36m][0m[1;36m[0m
[gz-9] [1;32m[GUI] [0m[1;32m[Msg] [0m[1;32mCamera view controller topic advertised on [[0m[1;32m/gui/camera/view_control[0m[1;32m][0m[1;32m[0m
[gz-9] [1;32m[GUI] [0m[1;32m[Msg] [0m[1;32mCamera reference visual topic advertised on [[0m[1;32m/gui/camera/view_control/reference_visual[0m[1;32m][0m[1;32m[0m
[gz-9] [1;32m[GUI] [0m[1;32m[Msg] [0m[1;32mCamera view control sensitivity advertised on [[0m[1;32m/gui/camera/view_control/sensitivity[0m[1;32m][0m[1;32m[0m
[gz-9] [1;32m[GUI] [0m[1;32m[Msg] [0m[1;32mAdded plugin [[0m[1;32mInteractive view control[0m[1;32m] to main window[0m[1;32m[0m
[gz-9] [1;32m[GUI] [0m[1;32m[Msg] [0m[1;32mLoaded plugin [[0m[1;32mInteractiveViewControl[0m[1;32m] from path [[0m[1;32m/opt/ros/jazzy/opt/gz_gui_vendor/lib/gz-gui-8/plugins/libInteractiveViewControl.so[0m[1;32m][0m[1;32m[0m
[gz-9] [1;36m[GUI] [Dbg] [Application.cc:528] [0m[1;36mLoading plugin [[0m[1;36mCameraTracking[0m[1;36m][0m[1;36m[0m
[gz-9] [1;32m[GUI] [0m[1;32m[Msg] [0m[1;32mAdded plugin [[0m[1;32mCamera tracking[0m[1;32m] to main window[0m[1;32m[0m
[gz-9] [1;32m[GUI] [0m[1;32m[Msg] [0m[1;32mLoaded plugin [[0m[1;32mCameraTracking[0m[1;32m] from path [[0m[1;32m/opt/ros/jazzy/opt/gz_gui_vendor/lib/gz-gui-8/plugins/libCameraTracking.so[0m[1;32m][0m[1;32m[0m
[gz-9] [1;36m[GUI] [Dbg] [Application.cc:528] [0m[1;36mLoading plugin [[0m[1;36mMarkerManager[0m[1;36m][0m[1;36m[0m
[gz-9] [1;32m[GUI] [0m[1;32m[Msg] [0m[1;32mListening to stats on [[0m[1;32m/world/new_room_world/stats[0m[1;32m][0m[1;32m[0m
[gz-9] [1;32m[GUI] [0m[1;32m[Msg] [0m[1;32mAdded plugin [[0m[1;32mMarker Manager[0m[1;32m] to main window[0m[1;32m[0m
[gz-9] [1;32m[GUI] [0m[1;32m[Msg] [0m[1;32mLoaded plugin [[0m[1;32mMarkerManager[0m[1;32m] from path [[0m[1;32m/opt/ros/jazzy/opt/gz_gui_vendor/lib/gz-gui-8/plugins/libMarkerManager.so[0m[1;32m][0m[1;32m[0m
[gz-9] [1;36m[GUI] [Dbg] [Application.cc:528] [0m[1;36mLoading plugin [[0m[1;36mSelectEntities[0m[1;36m][0m[1;36m[0m
[gz-9] [1;32m[GUI] [0m[1;32m[Msg] [0m[1;32mAdded plugin [[0m[1;32mSelect entities[0m[1;32m] to main window[0m[1;32m[0m
[gz-9] [1;32m[GUI] [0m[1;32m[Msg] [0m[1;32mLoaded plugin [[0m[1;32mSelectEntities[0m[1;32m] from path [[0m[1;32m/opt/ros/jazzy/opt/gz_sim_vendor/lib/gz-sim-8/plugins/gui/libSelectEntities.so[0m[1;32m][0m[1;32m[0m
[gz-9] [1;36m[GUI] [Dbg] [Application.cc:528] [0m[1;36mLoading plugin [[0m[1;36mSpawn[0m[1;36m][0m[1;36m[0m
[gz-9] [1;32m[GUI] [0m[1;32m[Msg] [0m[1;32mAdded plugin [[0m[1;32mSpawn[0m[1;32m] to main window[0m[1;32m[0m
[gz-9] [1;32m[GUI] [0m[1;32m[Msg] [0m[1;32mLoaded plugin [[0m[1;32mSpawn[0m[1;32m] from path [[0m[1;32m/opt/ros/jazzy/opt/gz_sim_vendor/lib/gz-sim-8/plugins/gui/libSpawn.so[0m[1;32m][0m[1;32m[0m
[gz-9] [1;36m[GUI] [Dbg] [Application.cc:528] [0m[1;36mLoading plugin [[0m[1;36mVisualizationCapabilities[0m[1;36m][0m[1;36m[0m
[gz-9] [1;32m[GUI] [0m[1;32m[Msg] [0m[1;32mView as transparent service on [[0m[1;32m/gui/view/transparent[0m[1;32m][0m[1;32m[0m
[gz-9] [1;32m[GUI] [0m[1;32m[Msg] [0m[1;32mView as wireframes service on [[0m[1;32m/gui/view/wireframes[0m[1;32m][0m[1;32m[0m
[gz-9] [1;32m[GUI] [0m[1;32m[Msg] [0m[1;32mView center of mass service on [[0m[1;32m/gui/view/com[0m[1;32m][0m[1;32m[0m
[gz-9] [1;32m[GUI] [0m[1;32m[Msg] [0m[1;32mView inertia service on [[0m[1;32m/gui/view/inertia[0m[1;32m][0m[1;32m[0m
[gz-9] [1;32m[GUI] [0m[1;32m[Msg] [0m[1;32mView collisions service on [[0m[1;32m/gui/view/collisions[0m[1;32m][0m[1;32m[0m
[gz-9] [1;32m[GUI] [0m[1;32m[Msg] [0m[1;32mView joints service on [[0m[1;32m/gui/view/joints[0m[1;32m][0m[1;32m[0m
[gz-9] [1;32m[GUI] [0m[1;32m[Msg] [0m[1;32mView frames service on [[0m[1;32m/gui/view/frames[0m[1;32m][0m[1;32m[0m
[gz-9] [1;32m[GUI] [0m[1;32m[Msg] [0m[1;32mAdded plugin [[0m[1;32mVisualization capabilities[0m[1;32m] to main window[0m[1;32m[0m
[gz-9] [1;32m[GUI] [0m[1;32m[Msg] [0m[1;32mLoaded plugin [[0m[1;32mVisualizationCapabilities[0m[1;32m] from path [[0m[1;32m/opt/ros/jazzy/opt/gz_sim_vendor/lib/gz-sim-8/plugins/gui/libVisualizationCapabilities.so[0m[1;32m][0m[1;32m[0m
[gz-9] [1;36m[GUI] [Dbg] [Application.cc:528] [0m[1;36mLoading plugin [[0m[1;36mWorldControl[0m[1;36m][0m[1;36m[0m
[gz-9] [1;32m[GUI] [0m[1;32m[Msg] [0m[1;32mUsing world control service [[0m[1;32m/world/new_room_world/control[0m[1;32m][0m[1;32m[0m
[gz-9] [1;32m[GUI] [0m[1;32m[Msg] [0m[1;32mListening to stats on [[0m[1;32m/world/new_room_world/stats[0m[1;32m][0m[1;32m[0m
[gz-9] [1;36m[GUI] [Dbg] [WorldControl.cc:237] [0m[1;36mUsing an event to share WorldControl msgs with the server[0m
[parameter_bridge-2] [INFO] [1790230608.039539809] [bridge_ros_gz]: Creating GZ->ROS Bridge: [/clock (gz.msgs.Clock) -> clock (rosgraph_msgs/msg/Clock)] (Lazy 0)
[parameter_bridge-2] [INFO] [1790230608.040527462] [bridge_ros_gz]: Creating GZ->ROS Bridge: [joint_states (gz.msgs.Model) -> joint_states (sensor_msgs/msg/JointState)] (Lazy 0)
[parameter_bridge-2] [INFO] [1790230608.042248855] [bridge_ros_gz]: Creating GZ->ROS Bridge: [/odom (gz.msgs.Odometry) -> odom (nav_msgs/msg/Odometry)] (Lazy 0)
[parameter_bridge-2] [INFO] [1790230608.043389123] [bridge_ros_gz]: Creating GZ->ROS Bridge: [/tf (gz.msgs.Pose_V) -> tf (tf2_msgs/msg/TFMessage)] (Lazy 0)
[parameter_bridge-2] [INFO] [1790230608.044449241] [bridge_ros_gz]: Creating GZ->ROS Bridge: [/imu (gz.msgs.IMU) -> imu (sensor_msgs/msg/Imu)] (Lazy 0)
[parameter_bridge-2] [INFO] [1790230608.044895717] [bridge_ros_gz]: Creating GZ->ROS Bridge: [/scan (gz.msgs.LaserScan) -> scan (sensor_msgs/msg/LaserScan)] (Lazy 0)
[parameter_bridge-2] [INFO] [1790230608.045306225] [bridge_ros_gz]: Creating ROS->GZ Bridge: [cmd_vel (geometry_msgs/msg/Twist) -> /cmd_vel (gz.msgs.Twist)] (Lazy 0)
[parameter_bridge-2] [INFO] [1790230608.045906302] [bridge_ros_gz]: Creating GZ->ROS Bridge: [/rgbd_camera/camera_info (gz.msgs.CameraInfo) -> /rgbd_camera/camera_info (sensor_msgs/msg/CameraInfo)] (Lazy 0)
[gz-9] [1;33m[GUI] [Wrn] [Application.cc:908] [0m[1;33m[QT] file:///usr/lib/x86_64-linux-gnu/qt5/qml/QtQuick/Dialogs/DefaultFileDialog.qml:413:17: QML ToolButton: Binding loop detected for property "implicitHeight"[0m[1;33m[0m
[gz-9] [1;33m[GUI] [Wrn] [Application.cc:908] [0m[1;33m[QT] file:///usr/lib/x86_64-linux-gnu/qt5/qml/QtQuick/Dialogs/DefaultFileDialog.qml:309:21: QML Button: Binding loop detected for property "implicitHeight"[0m[1;33m[0m
[gz-9] [1;33m[GUI] [Wrn] [Application.cc:908] [0m[1;33m[QT] file:///usr/lib/x86_64-linux-gnu/qt5/qml/QtQuick/Dialogs/DefaultFileDialog.qml:309:21: QML Button: Binding loop detected for property "implicitHeight"[0m[1;33m[0m
[gz-9] [1;33m[GUI] [Wrn] [Application.cc:908] [0m[1;33m[QT] file::/ComponentInspector/ComponentInspector.qml:251:3: QML Dialog: Binding loop detected for property "implicitHeight"[0m[1;33m[0m
[gz-9] [1;33m[GUI] [Wrn] [Application.cc:908] [0m[1;33m[QT] file:///usr/lib/x86_64-linux-gnu/qt5/qml/QtQuick/Dialogs/DefaultFileDialog.qml:413:17: QML ToolButton: Binding loop detected for property "implicitHeight"[0m[1;33m[0m
[gz-9] [1;33m[GUI] [Wrn] [Application.cc:908] [0m[1;33m[QT] file:///usr/lib/x86_64-linux-gnu/qt5/qml/QtQuick/Dialogs/DefaultFileDialog.qml:309:21: QML Button: Binding loop detected for property "implicitHeight"[0m[1;33m[0m
[gz-9] [1;33m[GUI] [Wrn] [Application.cc:908] [0m[1;33m[QT] file:///usr/lib/x86_64-linux-gnu/qt5/qml/QtQuick/Dialogs/DefaultFileDialog.qml:309:21: QML Button: Binding loop detected for property "implicitHeight"[0m[1;33m[0m
[gz-9] [1;32m[GUI] [0m[1;32m[Msg] [0m[1;32mAdded plugin [[0m[1;32mWorld control[0m[1;32m] to main window[0m[1;32m[0m
[gz-9] [1;32m[GUI] [0m[1;32m[Msg] [0m[1;32mLoaded plugin [[0m[1;32mWorldControl[0m[1;32m] from path [[0m[1;32m/opt/ros/jazzy/opt/gz_gui_vendor/lib/gz-gui-8/plugins/libWorldControl.so[0m[1;32m][0m[1;32m[0m
[gz-9] [1;36m[GUI] [Dbg] [Application.cc:528] [0m[1;36mLoading plugin [[0m[1;36mWorldStats[0m[1;36m][0m[1;36m[0m
[gz-9] [1;32m[GUI] [0m[1;32m[Msg] [0m[1;32mListening to stats on [[0m[1;32m/world/new_room_world/stats[0m[1;32m][0m[1;32m[0m
[gz-9] [1;32m[GUI] [0m[1;32m[Msg] [0m[1;32mAdded plugin [[0m[1;32mWorld stats[0m[1;32m] to main window[0m[1;32m[0m
[gz-9] [1;32m[GUI] [0m[1;32m[Msg] [0m[1;32mLoaded plugin [[0m[1;32mWorldStats[0m[1;32m] from path [[0m[1;32m/opt/ros/jazzy/opt/gz_gui_vendor/lib/gz-gui-8/plugins/libWorldStats.so[0m[1;32m][0m[1;32m[0m
[gz-9] [1;36m[GUI] [Dbg] [Application.cc:528] [0m[1;36mLoading plugin [[0m[1;36mShapes[0m[1;36m][0m[1;36m[0m
[gz-9] [1;32m[GUI] [0m[1;32m[Msg] [0m[1;32mAdded plugin [[0m[1;32mShapes[0m[1;32m] to main window[0m[1;32m[0m
[gz-9] [1;32m[GUI] [0m[1;32m[Msg] [0m[1;32mLoaded plugin [[0m[1;32mShapes[0m[1;32m] from path [[0m[1;32m/opt/ros/jazzy/opt/gz_sim_vendor/lib/gz-sim-8/plugins/gui/libShapes.so[0m[1;32m][0m[1;32m[0m
[gz-9] [1;36m[GUI] [Dbg] [Application.cc:528] [0m[1;36mLoading plugin [[0m[1;36mLights[0m[1;36m][0m[1;36m[0m
[gz-9] [1;32m[GUI] [0m[1;32m[Msg] [0m[1;32mAdded plugin [[0m[1;32mLights[0m[1;32m] to main window[0m[1;32m[0m
[gz-9] [1;32m[GUI] [0m[1;32m[Msg] [0m[1;32mLoaded plugin [[0m[1;32mLights[0m[1;32m] from path [[0m[1;32m/opt/ros/jazzy/opt/gz_sim_vendor/lib/gz-sim-8/plugins/gui/libLights.so[0m[1;32m][0m[1;32m[0m
[gz-9] [1;36m[GUI] [Dbg] [Application.cc:528] [0m[1;36mLoading plugin [[0m[1;36mTransformControl[0m[1;36m][0m[1;36m[0m
[gz-9] [1;32m[GUI] [0m[1;32m[Msg] [0m[1;32mAdded plugin [[0m[1;32mTransform control[0m[1;32m] to main window[0m[1;32m[0m
[gz-9] [1;32m[GUI] [0m[1;32m[Msg] [0m[1;32mLoaded plugin [[0m[1;32mTransformControl[0m[1;32m] from path [[0m[1;32m/opt/ros/jazzy/opt/gz_sim_vendor/lib/gz-sim-8/plugins/gui/libTransformControl.so[0m[1;32m][0m[1;32m[0m
[gz-9] [1;36m[GUI] [Dbg] [Application.cc:528] [0m[1;36mLoading plugin [[0m[1;36mScreenshot[0m[1;36m][0m[1;36m[0m
[gz-9] [1;32m[GUI] [0m[1;32m[Msg] [0m[1;32mScreenshot service on [[0m[1;32m/gui/screenshot[0m[1;32m][0m[1;32m[0m
[gz-9] [1;32m[GUI] [0m[1;32m[Msg] [0m[1;32mAdded plugin [[0m[1;32mScreenshot[0m[1;32m] to main window[0m[1;32m[0m
[gz-9] [1;32m[GUI] [0m[1;32m[Msg] [0m[1;32mLoaded plugin [[0m[1;32mScreenshot[0m[1;32m] from path [[0m[1;32m/opt/ros/jazzy/opt/gz_gui_vendor/lib/gz-gui-8/plugins/libScreenshot.so[0m[1;32m][0m[1;32m[0m
[gz-9] [1;36m[GUI] [Dbg] [Application.cc:528] [0m[1;36mLoading plugin [[0m[1;36mCopyPaste[0m[1;36m][0m[1;36m[0m
[gz-9] [1;32m[GUI] [0m[1;32m[Msg] [0m[1;32mAdded plugin [[0m[1;32mCopy/Paste[0m[1;32m] to main window[0m[1;32m[0m
[gz-9] [1;32m[GUI] [0m[1;32m[Msg] [0m[1;32mLoaded plugin [[0m[1;32mCopyPaste[0m[1;32m] from path [[0m[1;32m/opt/ros/jazzy/opt/gz_sim_vendor/lib/gz-sim-8/plugins/gui/libCopyPaste.so[0m[1;32m][0m[1;32m[0m
[gz-9] [1;36m[GUI] [Dbg] [Application.cc:528] [0m[1;36mLoading plugin [[0m[1;36mComponentInspector[0m[1;36m][0m[1;36m[0m
[gz-9] [1;32m[GUI] [0m[1;32m[Msg] [0m[1;32mAdded plugin [[0m[1;32mComponent inspector[0m[1;32m] to main window[0m[1;32m[0m
[gz-9] [1;32m[GUI] [0m[1;32m[Msg] [0m[1;32mLoaded plugin [[0m[1;32mComponentInspector[0m[1;32m] from path [[0m[1;32m/opt/ros/jazzy/opt/gz_sim_vendor/lib/gz-sim-8/plugins/gui/libComponentInspector.so[0m[1;32m][0m[1;32m[0m
[gz-9] [1;36m[GUI] [Dbg] [Application.cc:528] [0m[1;36mLoading plugin [[0m[1;36mEntityTree[0m[1;36m][0m[1;36m[0m
[gz-9] [1;32m[GUI] [0m[1;32m[Msg] [0m[1;32mCurrently tracking topic on [[0m[1;32m/gui/currently_tracked[0m[1;32m][0m[1;32m[0m
[gz-9] [1;33m[GUI] [Wrn] [Application.cc:908] [0m[1;33m[QT] file::/WorldStats/WorldStats.qml:53:3: QML RowLayout: Binding loop detected for property "x"[0m[1;33m[0m
[gz-9] libEGL warning: failed to open /dev/dri/renderD128: Permission denied
[gz-9] 
[gz-9] libEGL warning: failed to open /dev/dri/renderD128: Permission denied
[gz-9] 
[gz-9] libEGL warning: failed to open /dev/dri/card1: Permission denied
[gz-9] 
[gz-9] [1;33m[GUI] [Wrn] [Ogre2RenderTarget.cc:668] [0m[1;33mAnti-aliasing level of '[0m[1;33m[0m[1;33m' [0m[1;33mis not supported; valid FSAA levels are: [0m[1;33m[ 0 ][0m[1;33m. Setting to 1[0m[1;33m[0m
[gz-8] [1;36m[Dbg] [SystemManager.cc:80] [0m[1;36mLoaded system [[0m[1;36mgz::sim::systems::UserCommands[0m[1;36m] for entity [[0m[1;36m1[0m[1;36m][0m[1;36m[0m
[gz-8] [1;36m[Dbg] [SystemManager.cc:80] [0m[1;36mLoaded system [[0m[1;36mgz::sim::systems::SceneBroadcaster[0m[1;36m] for entity [[0m[1;36m1[0m[1;36m][0m[1;36m[0m
[gz-8] [1;36m[Dbg] [Sensors.cc:697] [0m[1;36mConfiguring Sensors system[0m[1;36m[0m
[gz-8] [1;36m[Dbg] [Sensors.cc:557] [0m[1;36mSensorsPrivate::Run[0m[1;36m[0m
[gz-8] [1;36m[Dbg] [SystemManager.cc:80] [0m[1;36mLoaded system [[0m[1;36mgz::sim::systems::Sensors[0m[1;36m] for entity [[0m[1;36m1[0m[1;36m][0m[1;36m[0m
[gz-8] [1;36m[Dbg] [Sensors.cc:532] [0m[1;36mSensorsPrivate::RenderThread started[0m[1;36m[0m
[gz-8] [1;36m[Dbg] [Sensors.cc:337] [0m[1;36mWaiting for init[0m[1;36m[0m
[gz-8] [1;36m[Dbg] [SystemManager.cc:80] [0m[1;36mLoaded system [[0m[1;36mgz::sim::systems::Imu[0m[1;36m] for entity [[0m[1;36m1[0m[1;36m][0m[1;36m[0m
[gz-8] [1;32m[Msg] [0m[1;32mLoaded level [[0m[1;32mdefault[0m[1;32m][0m[1;32m[0m
[gz-8] [1;32m[Msg] [0m[1;32mServing world controls on [[0m[1;32m/world/new_room_world[0m[1;32m/control], [[0m[1;32m/world/new_room_world[0m[1;32m/control/state] and [[0m[1;32m/world/new_room_world[0m[1;32m/playback/control][0m[1;32m[0m
[gz-8] [1;32m[Msg] [0m[1;32mServing GUI information on [[0m[1;32m/world/new_room_world[0m[1;32m/[0m[1;32mgui/info[0m[1;32m][0m[1;32m[0m
[gz-8] [1;32m[Msg] [0m[1;32mWorld [[0m[1;32mnew_room_world[0m[1;32m] initialized with [[0m[1;32mnew_room_realtime[0m[1;32m] physics profile.[0m[1;32m[0m
[gz-8] [1;32m[Msg] [0m[1;32mServing world SDF generation service on [[0m[1;32m/world/new_room_world[0m[1;32m/[0m[1;32mgenerate_world_sdf[0m[1;32m][0m[1;32m[0m
[gz-8] [1;32m[Msg] [0m[1;32mServing world names on [[0m[1;32m/gazebo/worlds[0m[1;32m][0m[1;32m[0m
[gz-8] [1;32m[Msg] [0m[1;32mResource path add service on [[0m[1;32m/gazebo/resource_paths/add[0m[1;32m].[0m[1;32m[0m
[gz-8] [1;32m[Msg] [0m[1;32mResource path get service on [[0m[1;32m/gazebo/resource_paths/get[0m[1;32m].[0m[1;32m[0m
[gz-8] [1;32m[Msg] [0m[1;32mResource path resolve service on [[0m[1;32m/gazebo/resource_paths/resolve[0m[1;32m].[0m[1;32m[0m
[gz-8] [1;32m[Msg] [0m[1;32mResource paths published on [[0m[1;32m/gazebo/resource_paths[0m[1;32m].[0m[1;32m[0m
[gz-8] [1;32m[Msg] [0m[1;32mServer control service on [[0m[1;32m/server_control[0m[1;32m].[0m[1;32m[0m
[gz-8] [1;32m[Msg] [0m[1;32mFound no publishers on /stats, adding root stats topic[0m[1;32m[0m
[gz-8] [1;32m[Msg] [0m[1;32mFound no publishers on /clock, adding root clock topic[0m[1;32m[0m
[gz-8] [1;36m[Dbg] [SimulationRunner.cc:551] [0m[1;36mCreating PostUpdate worker threads: [0m[1;36m4[0m[1;36m[0m
[gz-8] [1;36m[Dbg] [SimulationRunner.cc:562] [0m[1;36mCreating postupdate worker thread ([0m[1;36m0[0m[1;36m)[0m[1;36m[0m
[gz-8] [1;36m[Dbg] [SimulationRunner.cc:562] [0m[1;36mCreating postupdate worker thread ([0m[1;36m1[0m[1;36m)[0m[1;36m[0m
[gz-8] [1;36m[Dbg] [SimulationRunner.cc:562] [0m[1;36mCreating postupdate worker thread ([0m[1;36m2[0m[1;36m)[0m[1;36m[0m
[gz-8] [1;33mWarning [Utils.cc:132][0m [/sdf/model[@name="turtlebot4"]/link[@name="rplidar_link"]/sensor[@name="rplidar"]/gz_frame_id:<urdf-string>:L0]: XML Element[gz_frame_id], child of element[sensor], not defined in SDF. Copying[gz_frame_id] as children of [sensor].
[gz-8] [1;33m[Wrn] [SdfEntityCreator.cc:933] [0m[1;33mGazebo does not support Ogre material scripts. See [0m[1;33mhttps://gazebosim.org/api/sim/8/migrationsdf.html#:~:text=Materials [0m[1;33mfor details.[0m[1;33m[0m
[gz-8] [1;33m[Wrn] [SdfEntityCreator.cc:949] [0m[1;33mUsing an internal gazebo.material to parse [0m[1;33mGazebo/DarkGrey[0m[1;33m[0m
[gz-8] [1;33m[Wrn] [SdfEntityCreator.cc:933] [0m[1;33mGazebo does not support Ogre material scripts. See [0m[1;33mhttps://gazebosim.org/api/sim/8/migrationsdf.html#:~:text=Materials [0m[1;33mfor details.[0m[1;33m[0m
[gz-8] [1;33m[Wrn] [SdfEntityCreator.cc:949] [0m[1;33mUsing an internal gazebo.material to parse [0m[1;33mGazebo/DarkGrey[0m[1;33m[0m
[gz-8] [1;33m[Wrn] [SdfEntityCreator.cc:933] [0m[1;33mGazebo does not support Ogre material scripts. See [0m[1;33mhttps://gazebosim.org/api/sim/8/migrationsdf.html#:~:text=Materials [0m[1;33mfor details.[0m[1;33m[0m
[gz-8] [1;33m[Wrn] [SdfEntityCreator.cc:949] [0m[1;33mUsing an internal gazebo.material to parse [0m[1;33mGazebo/DarkGrey[0m[1;33m[0m
[gz-8] [1;32m[Msg] [0m[1;32mDiffDrive subscribing to twist messages on [[0m[1;32m/cmd_vel[0m[1;32m][0m[1;32m[0m
[gz-8] [1;36m[Dbg] [SystemManager.cc:80] [0m[1;36mLoaded system [[0m[1;36mgz::sim::systems::DiffDrive[0m[1;36m] for entity [[0m[1;36m144[0m[1;36m][0m[1;36m[0m
[gz-8] [1;36m[Dbg] [SystemManager.cc:80] [0m[1;36mLoaded system [[0m[1;36mgz::sim::systems::JointStatePublisher[0m[1;36m] for entity [[0m[1;36m144[0m[1;36m][0m[1;36m[0m
[gz-8] [1;36m[Dbg] [UserCommands.cc:1094] [0m[1;36mCreated entity [[0m[1;36m144[0m[1;36m] named [[0m[1;36mturtlebot4[0m[1;36m][0m[1;36m[0m
[gz-8] [1;36m[Dbg] [SDFFeatures.cc:332] [0m[1;36mMesh construction from an SDF has not been implemented yet for [0m[1;36mdartsim. Use AttachMeshShapeFeature to use mesh shapes.[0m
[gz-8] [1;36m[Dbg] [SDFFeatures.cc:864] [0m[1;36mThe geometry element of collision [[0m[1;36mbase_link_fixed_joint_lump__bumper_collision_1[0m[1;36m] [0m[1;36mcouldn't be created[0m
[gz-8] [1;36m[Dbg] [SDFFeatures.cc:332] [0m[1;36mMesh construction from an SDF has not been implemented yet for [0m[1;36mdartsim. Use AttachMeshShapeFeature to use mesh shapes.[0m
[gz-8] [1;36m[Dbg] [SDFFeatures.cc:864] [0m[1;36mThe geometry element of collision [[0m[1;36mbase_link_fixed_joint_lump__shell_collision_collision_2[0m[1;36m] [0m[1;36mcouldn't be created[0m
[gz-8] [1;36m[Dbg] [Sensors.cc:953] [0m[1;36mInitialization needed[0m[1;36m[0m
[gz-8] [1;36m[Dbg] [Sensors.cc:349] [0m[1;36mInitializing render context[0m[1;36m[0m
[gz-8] [1;32m[Msg] [0m[1;32mLoading plugin [[0m[1;32mgz-rendering-ogre2[0m[1;32m][0m[1;32m[0m
[gz-8] [1;36m[Dbg] [ImuSensor.cc:150] [0m[1;36mIMU data for [[0m[1;36mturtlebot4::imu_link::imu[0m[1;36m] advertised on [[0m[1;36mimu[0m[1;36m][0m[1;36m[0m
[gz-8] [1;32m[Msg] [0m[1;32mServing scene information on [[0m[1;32m/world/new_room_world[0m[1;32m/[0m[1;32mscene/info[0m[1;32m][0m[1;32m[0m
[gz-8] [1;32m[Msg] [0m[1;32mServing graph information on [[0m[1;32m/world/new_room_world[0m[1;32m/[0m[1;32mscene/graph[0m[1;32m][0m[1;32m[0m
[gz-8] [1;32m[Msg] [0m[1;32mServing full state on [[0m[1;32m/world/new_room_world[0m[1;32m/[0m[1;32mstate[0m[1;32m][0m[1;32m[0m
[gz-8] [1;32m[Msg] [0m[1;32mServing full state (async) on [[0m[1;32m/world/new_room_world[0m[1;32m/[0m[1;32mstate_async[0m[1;32m][0m[1;32m[0m
[gz-8] [1;32m[Msg] [0m[1;32mPublishing scene information on [[0m[1;32m/world/new_room_world/scene/info[0m[1;32m][0m[1;32m[0m
[gz-8] [1;32m[Msg] [0m[1;32mPublishing entity deletions on [[0m[1;32m/world/new_room_world/scene/deletion[0m[1;32m][0m[1;32m[0m
[gz-8] [1;32m[Msg] [0m[1;32mPublishing state changes on [[0m[1;32m/world/new_room_world/state[0m[1;32m][0m[1;32m[0m
[gz-8] [1;32m[Msg] [0m[1;32mPublishing pose messages on [[0m[1;32m/world/new_room_world[0m[1;32m/[0m[1;32mpose/info[0m[1;32m][0m[1;32m[0m
[gz-8] [1;32m[Msg] [0m[1;32mPublishing dynamic pose messages on [[0m[1;32m/world/new_room_world[0m[1;32m/[0m[1;32mdynamic_pose/info[0m[1;32m][0m[1;32m[0m
[gz-8] [1;36m[Dbg] [EntityComponentManager.cc:1656] [0m[1;36mUpdated state thread iterators: [0m[1;36m16[0m[1;36m threads processing around [0m[1;36m15[0m[1;36m entities each.[0m[1;36m[0m
[gz-8] [1;36m[Dbg] [SimulationRunner.cc:578] [0m[1;36mExiting postupdate worker thread ([Dbg] [SimulationRunner.cc:578] [0m[1;36mExiting postupdate worker thread ([0m[1;36mExiting postupdate worker thread ([0m[1;36m2[0m[1;36m)[0m[1;36m[0m
[gz-8] [1;36m
[gz-8] 1[0m[1;36m
[gz-8] 1[0m[1;36m)[0m[1;36m[0m
[gz-8] [1;36m)[0m[1;36m[0m
[gz-8] [1;36m[Dbg] [SimulationRunner.cc:551] [0m[1;36mCreating PostUpdate worker threads: [0m[1;36m6[0m[1;36m[0m
[gz-8] [1;36m[Dbg] [SimulationRunner.cc:562] [0m[1;36mCreating postupdate worker thread ([0m[1;36m0[0m[1;36m)[0m[1;36m[0m
[gz-8] [1;36m[Dbg] [SimulationRunner.cc:562] [0m[1;36mCreating postupdate worker thread ([0m[1;36m1[0m[1;36m)[0m[1;36m[0m
[gz-8] [1;36m[Dbg] [SimulationRunner.cc:562] [0m[1;36mCreating postupdate worker thread ([0m[1;36m2[0m[1;36m)[0m[1;36m[0m
[gz-8] libEGL warning: failed to open /dev/dri/renderD128: Permission denied
[gz-8] 
[gz-8] libEGL warning: failed to open /dev/dri/renderD128: Permission denied
[gz-8] 
[gz-8] libEGL warning: failed to open /dev/dri/card1: Permission denied
[gz-8] 
[gz-9] [1;32m[GUI] [0m[1;32m[Msg] [0m[1;32mAdded plugin [[0m[1;32mEntity tree[0m[1;32m] to main window[0m[1;32m[0m
[gz-9] [1;32m[GUI] [0m[1;32m[Msg] [0m[1;32mLoaded plugin [[0m[1;32mEntityTree[0m[1;32m] from path [[0m[1;32m/opt/ros/jazzy/opt/gz_sim_vendor/lib/gz-sim-8/plugins/gui/libEntityTree.so[0m[1;32m][0m[1;32m[0m
[gz-9] [1;36m[GUI] [Dbg] [Application.cc:398] [0m[1;36mLoading window config[0m[1;36m[0m
[gz-9] [1;32m[GUI] [0m[1;32m[Msg] [0m[1;32mUsing server control service [[0m[1;32m/server_control[0m[1;32m][0m[1;32m[0m
[gz-9] [1;36m[GUI] [Dbg] [Application.cc:671] [0m[1;36mApplying config[0m[1;36m[0m
[gz-9] [1;36m[GUI] [Dbg] [MinimalScene.cc:802] [0m[1;36mCreating gz-rendering interface for OpenGL[0m[1;36m[0m
[gz-9] [1;36m[GUI] [Dbg] [MinimalScene.cc:986] [0m[1;36mCreating render thread interface for OpenGL[0m[1;36m[0m
[gz-9] [1;32m[GUI] [0m[1;32m[Msg] [0m[1;32mLoading plugin [[0m[1;32mgz-rendering-ogre2[0m[1;32m][0m[1;32m[0m
[gz-9] [1;36m[GUI] [Dbg] [MinimalScene.cc:749] [0m[1;36mCreate scene [[0m[1;36mscene[0m[1;36m][0m[1;36m[0m
[gz-9] [1;36m[GUI] [Dbg] [MinimalScene.cc:1037] [0m[1;36mCreating texture node render interface for OpenGL[0m[1;36m[0m
[gz-9] [1;36m[GUI] [Dbg] [TransformControl.cc:453] [0m[1;36mTransformControl plugin is using camera [[0m[1;36mscene::Camera(65527)[0m[1;36m][0m[1;36m[0m
[gz-9] [1;36m[GUI] [Dbg] [Spawn.cc:308] [0m[1;36mSpawn plugin is using camera [[0m[1;36mscene::Camera(65527)[0m[1;36m][0m[1;36m[0m
[gz-9] [1;36m[GUI] [Dbg] [SelectEntities.cc:452] [0m[1;36mSelectEntities plugin is using camera [[0m[1;36mscene::Camera(65527)[0m[1;36m][0m[1;36m[0m
[gz-9] [1;36m[GUI] [Dbg] [MarkerManager.cc:169] [0m[1;36mAdvertise [0m[1;36m/marker[0m[1;36m/list service.[0m
[gz-9] [1;36m[GUI] [Dbg] [MarkerManager.cc:179] [0m[1;36mAdvertise [0m[1;36m/marker[0m[1;36m/list.[0m
[gz-9] [1;36m[GUI] [Dbg] [MarkerManager.cc:189] [0m[1;36mAdvertise [0m[1;36m/marker[0m[1;36m_array.[0m
[gz-9] [1;36m[GUI] [Dbg] [CameraTracking.cc:205] [0m[1;36mCameraTrackingPrivate plugin is moving camera [[0m[1;36mscene::Camera(65527)[0m[1;36m][0m[1;36m[0m
[gz-9] [1;32m[GUI] [0m[1;32m[Msg] [0m[1;32mMove to service on [[0m[1;32m/gui/move_to[0m[1;32m][0m[1;32m[0m
[gz-9] [1;32m[GUI] [0m[1;32m[Msg] [0m[1;32mFollow service on [[0m[1;32m/gui/follow[0m[1;32m] (deprecated)[0m[1;32m[0m
[gz-9] [1;32m[GUI] [0m[1;32m[Msg] [0m[1;32mTracking topic on [[0m[1;32m/gui/track[0m[1;32m][0m[1;32m[0m
[gz-9] [1;32m[GUI] [0m[1;32m[Msg] [0m[1;32mTracking status topic on [[0m[1;32m/gui/currently_tracked[0m[1;32m][0m[1;32m[0m
[gz-9] [1;32m[GUI] [0m[1;32m[Msg] [0m[1;32mMove to pose service on [[0m[1;32m/gui/move_to/pose[0m[1;32m][0m[1;32m[0m
[gz-9] [1;32m[GUI] [0m[1;32m[Msg] [0m[1;32mCamera pose topic advertised on [[0m[1;32m/gui/camera/pose[0m[1;32m][0m[1;32m[0m
[gz-9] [1;32m[GUI] [0m[1;32m[Msg] [0m[1;32mFollow offset service on [[0m[1;32m/gui/follow/offset[0m[1;32m] (deprecated)[0m[1;32m[0m
[gz-9] [1;36m[GUI] [Dbg] [InteractiveViewControl.cc:176] [0m[1;36mInteractiveViewControl plugin is moving camera [[0m[1;36mscene::Camera(65527)[0m[1;36m][0m[1;36m[0m
[gz-9] [1;36m[GUI] [Dbg] [EntityContextMenuPlugin.cc:79] [0m[1;36mEntity context menu plugin is using camera [[0m[1;36mscene::Camera(65527)[0m[1;36m][0m[1;36m[0m
[gz-9] [1;33mWarning [Utils.cc:132][0m [/sdf/model[@name="turtlebot4"]/link[@name="rplidar_link"]/sensor[@name="rplidar"]/gz_frame_id:<data-string>:L1399]: XML Element[gz_frame_id], child of element[sensor], not defined in SDF. Copying[gz_frame_id] as children of [sensor].
[WARN] [1790230617.042383055] [rcl]: ROS_LOCALHOST_ONLY is deprecated but still honored if it is enabled. Use ROS_AUTOMATIC_DISCOVERY_RANGE and ROS_STATIC_PEERS instead.
[WARN] [1790230617.042397832] [rcl]: 'localhost_only' is enabled, 'automatic_discovery_range' and 'static_peers' will be ignored.
[INFO] [async_slam_toolbox_node-10]: process started with pid [46451]
[async_slam_toolbox_node-10] [WARN] [1790230617.228935289] [rcl]: ROS_LOCALHOST_ONLY is deprecated but still honored if it is enabled. Use ROS_AUTOMATIC_DISCOVERY_RANGE and ROS_STATIC_PEERS instead.
[async_slam_toolbox_node-10] [WARN] [1790230617.228949774] [rcl]: 'localhost_only' is enabled, 'automatic_discovery_range' and 'static_peers' will be ignored.
[async_slam_toolbox_node-10] [INFO] [1790230617.245083794] [slam_toolbox]: Node using stack size 40000000
[async_slam_toolbox_node-10] [INFO] [1790230617.453414622] [slam_toolbox]: Configuring
[async_slam_toolbox_node-10] [INFO] [1790230617.453997340] [slam_toolbox]: Old-map sequential matcher: enabled=false, min_conf=0.25, decay=70.0, keep_first=true, keyframe_dist=1.00, history_radius=1.50, history_max=6
[async_slam_toolbox_node-10] [INFO] [1790230617.459639387] [slam_toolbox]: Using solver plugin solver_plugins::CeresSolver
[async_slam_toolbox_node-10] [INFO] [1790230617.460344468] [slam_toolbox]: CeresSolver adaptive anchor V1: enabled=true, weight=5.00->1.00, decay=70.0, local_gap<=5, loop_gap>=30, evidence=3, mahal_sq>=9.00, release=1.00->1.00
[async_slam_toolbox_node-10] [INFO] [1790230617.460396837] [slam_toolbox]: CeresSolver: Using SCHUR_JACOBI preconditioner.
[INFO] [launch.user]: [LifecycleLaunch] Slamtoolbox node is activating.
[async_slam_toolbox_node-10] [INFO] [1790230617.472169553] [slam_toolbox]: Activating
[async_slam_toolbox_node-10] Registering sensor: [Custom Described Lidar]
[rviz2-7] [INFO] [1790230620.519039263] [rviz2]: Trying to create a map of size 222 x 77 using 1 swatches
[rviz2-7] [ERROR] [1790230620.533217575] [rviz2]: rviz/glsl120/indexed_8bit_image.vert
[rviz2-7] rviz/glsl120/indexed_8bit_image.frag
[rviz2-7]  GLSL link result : 
[rviz2-7] active samplers with a different type refer to the same texture image unit
[INFO] [controller_server-11]: process started with pid [46561]
[INFO] [smoother_server-12]: process started with pid [46562]
[INFO] [planner_server-13]: process started with pid [46563]
[INFO] [route_server-14]: process started with pid [46564]
[INFO] [behavior_server-15]: process started with pid [46565]
[INFO] [bt_navigator-16]: process started with pid [46566]
[INFO] [waypoint_follower-17]: process started with pid [46567]
[INFO] [velocity_smoother-18]: process started with pid [46568]
[INFO] [collision_monitor-19]: process started with pid [46569]
[INFO] [opennav_docking-20]: process started with pid [46570]
[INFO] [lifecycle_manager-21]: process started with pid [46571]
[velocity_smoother-18] [WARN] [1790230627.102814916] [rcl]: ROS_LOCALHOST_ONLY is deprecated but still honored if it is enabled. Use ROS_AUTOMATIC_DISCOVERY_RANGE and ROS_STATIC_PEERS instead.
[velocity_smoother-18] [WARN] [1790230627.103323229] [rcl]: 'localhost_only' is enabled, 'automatic_discovery_range' and 'static_peers' will be ignored.
[planner_server-13] [WARN] [1790230627.107167546] [rcl]: ROS_LOCALHOST_ONLY is deprecated but still honored if it is enabled. Use ROS_AUTOMATIC_DISCOVERY_RANGE and ROS_STATIC_PEERS instead.
[planner_server-13] [WARN] [1790230627.107190674] [rcl]: 'localhost_only' is enabled, 'automatic_discovery_range' and 'static_peers' will be ignored.
[smoother_server-12] [WARN] [1790230627.110284429] [rcl]: ROS_LOCALHOST_ONLY is deprecated but still honored if it is enabled. Use ROS_AUTOMATIC_DISCOVERY_RANGE and ROS_STATIC_PEERS instead.
[smoother_server-12] [WARN] [1790230627.110313564] [rcl]: 'localhost_only' is enabled, 'automatic_discovery_range' and 'static_peers' will be ignored.
[lifecycle_manager-21] [WARN] [1790230627.112318332] [rcl]: ROS_LOCALHOST_ONLY is deprecated but still honored if it is enabled. Use ROS_AUTOMATIC_DISCOVERY_RANGE and ROS_STATIC_PEERS instead.
[lifecycle_manager-21] [WARN] [1790230627.112338651] [rcl]: 'localhost_only' is enabled, 'automatic_discovery_range' and 'static_peers' will be ignored.
[controller_server-11] [WARN] [1790230627.113060180] [rcl]: ROS_LOCALHOST_ONLY is deprecated but still honored if it is enabled. Use ROS_AUTOMATIC_DISCOVERY_RANGE and ROS_STATIC_PEERS instead.
[controller_server-11] [WARN] [1790230627.113079805] [rcl]: 'localhost_only' is enabled, 'automatic_discovery_range' and 'static_peers' will be ignored.
[waypoint_follower-17] [WARN] [1790230627.114313897] [rcl]: ROS_LOCALHOST_ONLY is deprecated but still honored if it is enabled. Use ROS_AUTOMATIC_DISCOVERY_RANGE and ROS_STATIC_PEERS instead.
[waypoint_follower-17] [WARN] [1790230627.114330692] [rcl]: 'localhost_only' is enabled, 'automatic_discovery_range' and 'static_peers' will be ignored.
[opennav_docking-20] [WARN] [1790230627.117188019] [rcl]: ROS_LOCALHOST_ONLY is deprecated but still honored if it is enabled. Use ROS_AUTOMATIC_DISCOVERY_RANGE and ROS_STATIC_PEERS instead.
[opennav_docking-20] [WARN] [1790230627.117211991] [rcl]: 'localhost_only' is enabled, 'automatic_discovery_range' and 'static_peers' will be ignored.
[bt_navigator-16] [WARN] [1790230627.117572742] [rcl]: ROS_LOCALHOST_ONLY is deprecated but still honored if it is enabled. Use ROS_AUTOMATIC_DISCOVERY_RANGE and ROS_STATIC_PEERS instead.
[bt_navigator-16] [WARN] [1790230627.117585016] [rcl]: 'localhost_only' is enabled, 'automatic_discovery_range' and 'static_peers' will be ignored.
[route_server-14] [WARN] [1790230627.121477362] [rcl]: ROS_LOCALHOST_ONLY is deprecated but still honored if it is enabled. Use ROS_AUTOMATIC_DISCOVERY_RANGE and ROS_STATIC_PEERS instead.
[route_server-14] [WARN] [1790230627.121499538] [rcl]: 'localhost_only' is enabled, 'automatic_discovery_range' and 'static_peers' will be ignored.
[behavior_server-15] [WARN] [1790230627.121953543] [rcl]: ROS_LOCALHOST_ONLY is deprecated but still honored if it is enabled. Use ROS_AUTOMATIC_DISCOVERY_RANGE and ROS_STATIC_PEERS instead.
[behavior_server-15] [WARN] [1790230627.121972880] [rcl]: 'localhost_only' is enabled, 'automatic_discovery_range' and 'static_peers' will be ignored.
[collision_monitor-19] [WARN] [1790230627.127805469] [rcl]: ROS_LOCALHOST_ONLY is deprecated but still honored if it is enabled. Use ROS_AUTOMATIC_DISCOVERY_RANGE and ROS_STATIC_PEERS instead.
[collision_monitor-19] [WARN] [1790230627.127836265] [rcl]: 'localhost_only' is enabled, 'automatic_discovery_range' and 'static_peers' will be ignored.
[velocity_smoother-18] [INFO] [1790230627.129904912] [velocity_smoother]: 
[velocity_smoother-18] 	velocity_smoother lifecycle node launched. 
[velocity_smoother-18] 	Waiting on external lifecycle transitions to activate
[velocity_smoother-18] 	See https://design.ros2.org/articles/node_lifecycle.html for more information.
[planner_server-13] [INFO] [1790230627.133267130] [planner_server]: 
[planner_server-13] 	planner_server lifecycle node launched. 
[planner_server-13] 	Waiting on external lifecycle transitions to activate
[planner_server-13] 	See https://design.ros2.org/articles/node_lifecycle.html for more information.
[planner_server-13] [INFO] [1790230627.134521993] [planner_server]: Creating
[lifecycle_manager-21] [INFO] [1790230627.148860228] [lifecycle_manager_navigation]: Creating
[waypoint_follower-17] [INFO] [1790230627.154802228] [waypoint_follower]: 
[waypoint_follower-17] 	waypoint_follower lifecycle node launched. 
[waypoint_follower-17] 	Waiting on external lifecycle transitions to activate
[waypoint_follower-17] 	See https://design.ros2.org/articles/node_lifecycle.html for more information.
[waypoint_follower-17] [INFO] [1790230627.155423009] [waypoint_follower]: Creating
[collision_monitor-19] [INFO] [1790230627.169667892] [collision_monitor]: 
[collision_monitor-19] 	collision_monitor lifecycle node launched. 
[collision_monitor-19] 	Waiting on external lifecycle transitions to activate
[collision_monitor-19] 	See https://design.ros2.org/articles/node_lifecycle.html for more information.
[bt_navigator-16] [INFO] [1790230627.174736623] [bt_navigator]: 
[bt_navigator-16] 	bt_navigator lifecycle node launched. 
[bt_navigator-16] 	Waiting on external lifecycle transitions to activate
[bt_navigator-16] 	See https://design.ros2.org/articles/node_lifecycle.html for more information.
[bt_navigator-16] [INFO] [1790230627.175764547] [bt_navigator]: Creating
[controller_server-11] [INFO] [1790230627.176355375] [controller_server]: 
[controller_server-11] 	controller_server lifecycle node launched. 
[controller_server-11] 	Waiting on external lifecycle transitions to activate
[controller_server-11] 	See https://design.ros2.org/articles/node_lifecycle.html for more information.
[controller_server-11] [INFO] [1790230627.179222611] [controller_server]: Creating controller server
[behavior_server-15] [INFO] [1790230627.181663986] [behavior_server]: 
[behavior_server-15] 	behavior_server lifecycle node launched. 
[behavior_server-15] 	Waiting on external lifecycle transitions to activate
[behavior_server-15] 	See https://design.ros2.org/articles/node_lifecycle.html for more information.
[opennav_docking-20] [INFO] [1790230627.182879680] [docking_server]: 
[opennav_docking-20] 	docking_server lifecycle node launched. 
[opennav_docking-20] 	Waiting on external lifecycle transitions to activate
[opennav_docking-20] 	See https://design.ros2.org/articles/node_lifecycle.html for more information.
[opennav_docking-20] [INFO] [1790230627.183054311] [docking_server]: Creating docking_server
[route_server-14] [INFO] [1790230627.183489762] [route_server]: 
[route_server-14] 	route_server lifecycle node launched. 
[route_server-14] 	Waiting on external lifecycle transitions to activate
[route_server-14] 	See https://design.ros2.org/articles/node_lifecycle.html for more information.
[controller_server-11] [INFO] [1790230627.190570804] [local_costmap.local_costmap]: 
[controller_server-11] 	local_costmap lifecycle node launched. 
[controller_server-11] 	Waiting on external lifecycle transitions to activate
[controller_server-11] 	See https://design.ros2.org/articles/node_lifecycle.html for more information.
[controller_server-11] [INFO] [1790230627.190942683] [local_costmap.local_costmap]: Creating Costmap
[lifecycle_manager-21] [INFO] [1790230627.507803242] [lifecycle_manager_navigation]: [34m[1mCreating and initializing lifecycle service clients[0m[0m
[planner_server-13] [INFO] [1790230627.510101876] [global_costmap.global_costmap]: 
[planner_server-13] 	global_costmap lifecycle node launched. 
[planner_server-13] 	Waiting on external lifecycle transitions to activate
[planner_server-13] 	See https://design.ros2.org/articles/node_lifecycle.html for more information.
[planner_server-13] [INFO] [1790230627.510532934] [global_costmap.global_costmap]: Creating Costmap
[smoother_server-12] [INFO] [1790230627.520113311] [smoother_server]: 
[smoother_server-12] 	smoother_server lifecycle node launched. 
[smoother_server-12] 	Waiting on external lifecycle transitions to activate
[smoother_server-12] 	See https://design.ros2.org/articles/node_lifecycle.html for more information.
[smoother_server-12] [INFO] [1790230627.520952585] [smoother_server]: Creating smoother server
[lifecycle_manager-21] [INFO] [1790230628.900160423] [lifecycle_manager_navigation]: [34m[1mStarting managed nodes bringup...[0m[0m
[lifecycle_manager-21] [INFO] [1790230628.900220586] [lifecycle_manager_navigation]: [34m[1mConfiguring controller_server[0m[0m
[controller_server-11] [INFO] [1790230628.900560225] [controller_server]: Configuring controller interface
[controller_server-11] [INFO] [1790230628.900583913] [controller_server]: getting progress checker plugins..
[controller_server-11] [INFO] [1790230628.900755435] [controller_server]: getting goal checker plugins..
[controller_server-11] [INFO] [1790230628.900800611] [controller_server]: Controller frequency set to 15.0000Hz
[controller_server-11] [INFO] [1790230628.900823240] [local_costmap.local_costmap]: Configuring
[controller_server-11] [INFO] [1790230628.909628936] [local_costmap.local_costmap]: Using plugin "static_layer"
[controller_server-11] [INFO] [1790230628.912476235] [local_costmap.local_costmap]: Subscribing to the map topic (/map) with transient local durability
[controller_server-11] [INFO] [1790230628.914064361] [local_costmap.local_costmap]: Initialized plugin "static_layer"
[controller_server-11] [INFO] [1790230628.914103502] [local_costmap.local_costmap]: Using plugin "voxel_layer"
[controller_server-11] [INFO] [1790230628.914566856] [local_costmap.local_costmap]: Subscribed to Topics: scan
[controller_server-11] [INFO] [1790230628.923513858] [local_costmap.local_costmap]: Initialized plugin "voxel_layer"
[controller_server-11] [INFO] [1790230628.923538731] [local_costmap.local_costmap]: Using plugin "inflation_layer"
[controller_server-11] [INFO] [1790230628.923960781] [local_costmap.local_costmap]: Initialized plugin "inflation_layer"
[controller_server-11] [INFO] [1790230628.943866154] [local_costmap.local_costmap]: StaticLayer: Resizing static layer to 222 X 77 at 0.100000 m/pix
[controller_server-11] [INFO] [1790230628.944068217] [controller_server]: Created progress_checker : progress_checker of type nav2_controller::SimpleProgressChecker
[controller_server-11] [INFO] [1790230628.944445131] [controller_server]: Controller Server has progress_checker  progress checkers available.
[controller_server-11] [INFO] [1790230628.944968346] [controller_server]: Created goal checker : general_goal_checker of type nav2_controller::SimpleGoalChecker
[controller_server-11] [INFO] [1790230628.945369257] [controller_server]: Controller Server has general_goal_checker  goal checkers available.
[controller_server-11] [INFO] [1790230628.946502980] [controller_server]: Created controller : FollowPath of type nav2_mppi_controller::MPPIController
[controller_server-11] [INFO] [1790230628.948247753] [controller_server]: Controller period is equal to model dt. Control sequence shifting is ON
[controller_server-11] [INFO] [1790230628.949586744] [controller_server]: ConstraintCritic instantiated with 1 power and 4.000000 weight.
[controller_server-11] [INFO] [1790230628.949626731] [controller_server]: Critic loaded : mppi::critics::ConstraintCritic
[controller_server-11] [INFO] [1790230628.950143027] [controller_server]: InflationCostCritic instantiated with 1 power and 300.000000 / 0.015000 weights. Critic will collision check based on footprint cost.
[controller_server-11] [INFO] [1790230628.950167068] [controller_server]: Critic loaded : mppi::critics::CostCritic
[controller_server-11] [INFO] [1790230628.950373002] [controller_server]: GoalCritic instantiated with 1 power and 5.000000 weight.
[controller_server-11] [INFO] [1790230628.950384979] [controller_server]: Critic loaded : mppi::critics::GoalCritic
[controller_server-11] [INFO] [1790230628.950891134] [controller_server]: GoalAngleCritic instantiated with 1 power, 3.000000 weight, 0.500000 angular threshold and symmetric_yaw_tolerance disabled
[controller_server-11] [INFO] [1790230628.950924385] [controller_server]: Critic loaded : mppi::critics::GoalAngleCritic
[controller_server-11] [INFO] [1790230628.951800575] [controller_server]: ReferenceTrajectoryCritic instantiated with 1 power and 20.000000 weight
[controller_server-11] [INFO] [1790230628.951832736] [controller_server]: Critic loaded : mppi::critics::PathAlignCritic
[controller_server-11] [INFO] [1790230628.952100156] [controller_server]: Critic loaded : mppi::critics::PathFollowCritic
[controller_server-11] [INFO] [1790230628.952507859] [controller_server]: PathAngleCritic instantiated with 1 power and 4.000000 weight. Mode set to: Forward Preference
[controller_server-11] [INFO] [1790230628.952556307] [controller_server]: Critic loaded : mppi::critics::PathAngleCritic
[controller_server-11] [INFO] [1790230628.952955530] [controller_server]: PreferForwardCritic instantiated with 1 power and 5.000000 weight.
[controller_server-11] [INFO] [1790230628.952970142] [controller_server]: Critic loaded : mppi::critics::PreferForwardCritic
[controller_server-11] [INFO] [1790230628.954094970] [controller_server]: Optimizer reset
[controller_server-11] [INFO] [1790230628.958583195] [MPPIController]: Configured MPPI Controller: FollowPath
[controller_server-11] [INFO] [1790230628.958620752] [controller_server]: Controller Server has FollowPath  controllers available.
[lifecycle_manager-21] [INFO] [1790230628.967717176] [lifecycle_manager_navigation]: [34m[1mConfiguring smoother_server[0m[0m
[smoother_server-12] [INFO] [1790230628.968139342] [smoother_server]: Configuring smoother server
[smoother_server-12] [INFO] [1790230628.983024308] [smoother_server]: Created smoother : simple_smoother of type nav2_smoother::SimpleSmoother
[smoother_server-12] [INFO] [1790230628.983359905] [smoother_server]: Smoother Server has simple_smoother  smoothers available.
[lifecycle_manager-21] [INFO] [1790230628.989600901] [lifecycle_manager_navigation]: [34m[1mConfiguring planner_server[0m[0m
[planner_server-13] [INFO] [1790230628.989950271] [planner_server]: Configuring
[planner_server-13] [INFO] [1790230628.990005164] [global_costmap.global_costmap]: Configuring
[planner_server-13] [INFO] [1790230629.000392569] [global_costmap.global_costmap]: Using plugin "static_layer"
[planner_server-13] [INFO] [1790230629.005119456] [global_costmap.global_costmap]: Subscribing to the map topic (/map) with transient local durability
[planner_server-13] [INFO] [1790230629.007153816] [global_costmap.global_costmap]: Initialized plugin "static_layer"
[planner_server-13] [INFO] [1790230629.007183902] [global_costmap.global_costmap]: Using plugin "obstacle_layer"
[planner_server-13] [INFO] [1790230629.007611194] [global_costmap.global_costmap]: Subscribed to Topics: scan
[planner_server-13] [INFO] [1790230629.010239548] [global_costmap.global_costmap]: Initialized plugin "obstacle_layer"
[planner_server-13] [INFO] [1790230629.010261934] [global_costmap.global_costmap]: Using plugin "inflation_layer"
[planner_server-13] [INFO] [1790230629.010737064] [global_costmap.global_costmap]: Initialized plugin "inflation_layer"
[planner_server-13] [INFO] [1790230629.030141766] [planner_server]: Created global planner plugin GridBased of type nav2_navfn_planner::NavfnPlanner
[planner_server-13] [INFO] [1790230629.030179063] [planner_server]: Configuring plugin GridBased of type NavfnPlanner
[planner_server-13] [INFO] [1790230629.030521118] [planner_server]: Planner Server has GridBased  planners available.
[lifecycle_manager-21] [INFO] [1790230629.046533040] [lifecycle_manager_navigation]: [34m[1mConfiguring route_server[0m[0m
[route_server-14] [INFO] [1790230629.046747211] [route_server]: Configuring
[route_server-14] [INFO] [1790230629.074607650] [route_server]: Created GraphFileLoader GeoJsonGraphFileLoader of type nav2_route::GeoJsonGraphFileLoader
[route_server-14] [INFO] [1790230629.074639034] [route_server]: Configuring geojson graph file loader
[route_server-14] [INFO] [1790230629.074644415] [route_server]: No graph file provided to load yet.
[route_server-14] [INFO] [1790230629.076019713] [route_server]: Created edge cost function plugin DistanceScorer of type nav2_route::DistanceScorer
[route_server-14] [INFO] [1790230629.076057688] [route_server]: Configuring distance scorer.
[route_server-14] [INFO] [1790230629.076225817] [route_server]: Created edge cost function plugin DynamicEdgesScorer of type nav2_route::DynamicEdgesScorer
[route_server-14] [INFO] [1790230629.076236821] [route_server]: Configuring adjust edges scorer.
[route_server-14] [INFO] [1790230629.079076976] [route_server]: Created route operation AdjustSpeedLimit of type nav2_route::AdjustSpeedLimit
[route_server-14] [INFO] [1790230629.079123678] [route_server]: Configuring Adjust speed limit operation.
[route_server-14] [INFO] [1790230629.080297090] [route_server]: Created route operation ReroutingService of type nav2_route::ReroutingService
[route_server-14] [INFO] [1790230629.080334760] [route_server]: Configuring Rerouting service operation.
[lifecycle_manager-21] [INFO] [1790230629.083426728] [lifecycle_manager_navigation]: [34m[1mConfiguring behavior_server[0m[0m
[behavior_server-15] [INFO] [1790230629.083657102] [behavior_server]: Configuring
[behavior_server-15] [INFO] [1790230629.087395127] [behavior_server]: Creating behavior plugin spin of type nav2_behaviors::Spin
[behavior_server-15] [INFO] [1790230629.088145477] [behavior_server]: Creating behavior plugin backup of type nav2_behaviors::BackUp
[behavior_server-15] [INFO] [1790230629.088919048] [behavior_server]: Creating behavior plugin drive_on_heading of type nav2_behaviors::DriveOnHeading
[behavior_server-15] [INFO] [1790230629.089521770] [behavior_server]: Creating behavior plugin assisted_teleop of type nav2_behaviors::AssistedTeleop
[behavior_server-15] [INFO] [1790230629.090785073] [behavior_server]: Creating behavior plugin wait of type nav2_behaviors::Wait
[behavior_server-15] [INFO] [1790230629.098468061] [behavior_server]: Configuring spin
[behavior_server-15] [INFO] [1790230629.106508067] [behavior_server]: Configuring backup
[behavior_server-15] [INFO] [1790230629.111032823] [behavior_server]: Configuring drive_on_heading
[behavior_server-15] [INFO] [1790230629.115272449] [behavior_server]: Configuring assisted_teleop
[behavior_server-15] [INFO] [1790230629.120700944] [behavior_server]: Configuring wait
[lifecycle_manager-21] [INFO] [1790230629.127679641] [lifecycle_manager_navigation]: [34m[1mConfiguring velocity_smoother[0m[0m
[velocity_smoother-18] [INFO] [1790230629.128210134] [velocity_smoother]: Configuring velocity smoother
[lifecycle_manager-21] [INFO] [1790230629.132917601] [lifecycle_manager_navigation]: [34m[1mConfiguring collision_monitor[0m[0m
[collision_monitor-19] [INFO] [1790230629.133306813] [collision_monitor]: Configuring
[collision_monitor-19] [INFO] [1790230629.139379131] [collision_monitor]: [scan]: Creating Scan
[collision_monitor-19] [INFO] [1790230629.141515968] [collision_monitor]: [FootprintApproach]: Creating Polygon
[collision_monitor-19] [INFO] [1790230629.141676585] [collision_monitor]: [FootprintApproach]: Polygon points are not defined. Using dynamic subscription instead.
[collision_monitor-19] [INFO] [1790230629.142073675] [collision_monitor]: [FootprintApproach]: Making footprint subscriber on local_costmap/published_footprint topic
[lifecycle_manager-21] [INFO] [1790230629.155237953] [lifecycle_manager_navigation]: [34m[1mConfiguring bt_navigator[0m[0m
[bt_navigator-16] [INFO] [1790230629.155547459] [bt_navigator]: Configuring
[bt_navigator-16] [INFO] [1790230629.164284813] [bt_navigator]: Creating navigator id navigate_to_pose of type nav2_bt_navigator::NavigateToPoseNavigator
[bt_navigator-16] [INFO] [1790230629.230350533] [bt_navigator]: Creating navigator id navigate_through_poses of type nav2_bt_navigator::NavigateThroughPosesNavigator
[lifecycle_manager-21] [INFO] [1790230629.253105986] [lifecycle_manager_navigation]: [34m[1mConfiguring waypoint_follower[0m[0m
[waypoint_follower-17] [INFO] [1790230629.253533542] [waypoint_follower]: Configuring
[waypoint_follower-17] [INFO] [1790230629.279260897] [waypoint_follower]: Created waypoint_task_executor : wait_at_waypoint of type nav2_waypoint_follower::WaitAtWaypoint
[lifecycle_manager-21] [INFO] [1790230629.280253278] [lifecycle_manager_navigation]: [34m[1mConfiguring docking_server[0m[0m
[opennav_docking-20] [INFO] [1790230629.280731914] [docking_server]: Configuring docking_server
[opennav_docking-20] [INFO] [1790230629.280777506] [docking_server]: Controller frequency set to 50.0000Hz
[opennav_docking-20] [INFO] [1790230629.306128870] [docking_server]: Created charging dock plugin simple_charging_dock of type opennav_docking::SimpleChargingDock
[opennav_docking-20] [WARN] [1790230629.309413552] [docking_server]: Dock database filepath nor dock parameters set. Docking actions can only be executed specifying the dock pose via the action request. Or update the dock database via the reload_database service.
[opennav_docking-20] [INFO] [1790230629.309463576] [docking_server]: Docking Server has 1 dock types and 0 dock instances available.
[lifecycle_manager-21] [INFO] [1790230629.310935720] [lifecycle_manager_navigation]: [34m[1mActivating controller_server[0m[0m
[controller_server-11] [INFO] [1790230629.311064538] [controller_server]: Activating
[controller_server-11] [INFO] [1790230629.311102702] [local_costmap.local_costmap]: Activating
[controller_server-11] [INFO] [1790230629.311112533] [local_costmap.local_costmap]: Checking transform
[controller_server-11] [INFO] [1790230629.311375268] [local_costmap.local_costmap]: start
[controller_server-11] [WARN] [1790230629.562187549] [controller_server]: Parameter controller_server.verbose not found
[controller_server-11] [INFO] [1790230629.563242273] [controller_server]: Optimizer reset
[controller_server-11] [INFO] [1790230629.563500690] [MPPIController]: Activated MPPI Controller: FollowPath
[controller_server-11] [INFO] [1790230629.563530858] [controller_server]: Creating bond (controller_server) to lifecycle manager.
[lifecycle_manager-21] [INFO] [1790230629.671811708] [lifecycle_manager_navigation]: Server controller_server connected with bond.
[lifecycle_manager-21] [INFO] [1790230629.671892391] [lifecycle_manager_navigation]: [34m[1mActivating smoother_server[0m[0m
[smoother_server-12] [INFO] [1790230629.672306191] [smoother_server]: Activating
[smoother_server-12] [INFO] [1790230629.672375792] [smoother_server]: Creating bond (smoother_server) to lifecycle manager.
[lifecycle_manager-21] [INFO] [1790230629.778962119] [lifecycle_manager_navigation]: Server smoother_server connected with bond.
[lifecycle_manager-21] [INFO] [1790230629.779091577] [lifecycle_manager_navigation]: [34m[1mActivating planner_server[0m[0m
[planner_server-13] [INFO] [1790230629.779497490] [planner_server]: Activating
[planner_server-13] [INFO] [1790230629.779546750] [global_costmap.global_costmap]: Activating
[planner_server-13] [INFO] [1790230629.779559959] [global_costmap.global_costmap]: Checking transform
[planner_server-13] [INFO] [1790230629.779610519] [global_costmap.global_costmap]: Timed out waiting for transform from base_link to map to become available, tf error: Invalid frame ID "map" passed to canTransform argument target_frame - frame does not exist
[planner_server-13] [INFO] [1790230629.998336153] [global_costmap.global_costmap]: StaticLayer: Resizing costmap to 222 X 77 at 0.100000 m/pix
[planner_server-13] [INFO] [1790230630.279836939] [global_costmap.global_costmap]: start
[planner_server-13] [INFO] [1790230631.311229791] [planner_server]: Activating plugin GridBased of type NavfnPlanner
[planner_server-13] [INFO] [1790230631.312512713] [planner_server]: Creating bond (planner_server) to lifecycle manager.
[lifecycle_manager-21] [INFO] [1790230631.416516056] [lifecycle_manager_navigation]: Server planner_server connected with bond.
[lifecycle_manager-21] [INFO] [1790230631.416563775] [lifecycle_manager_navigation]: [34m[1mActivating route_server[0m[0m
[route_server-14] [INFO] [1790230631.417001097] [route_server]: Activating
[route_server-14] [INFO] [1790230631.417183778] [route_server]: Creating bond (route_server) to lifecycle manager.
[lifecycle_manager-21] [INFO] [1790230631.522567497] [lifecycle_manager_navigation]: Server route_server connected with bond.
[lifecycle_manager-21] [INFO] [1790230631.522606933] [lifecycle_manager_navigation]: [34m[1mActivating behavior_server[0m[0m
[behavior_server-15] [INFO] [1790230631.522880910] [behavior_server]: Activating
[behavior_server-15] [INFO] [1790230631.522898836] [behavior_server]: Activating spin
[behavior_server-15] [INFO] [1790230631.522905866] [behavior_server]: Activating backup
[behavior_server-15] [INFO] [1790230631.522911480] [behavior_server]: Activating drive_on_heading
[behavior_server-15] [INFO] [1790230631.522916594] [behavior_server]: Activating assisted_teleop
[behavior_server-15] [INFO] [1790230631.522921282] [behavior_server]: Activating wait
[behavior_server-15] [INFO] [1790230631.522929198] [behavior_server]: Creating bond (behavior_server) to lifecycle manager.
[lifecycle_manager-21] [INFO] [1790230631.628380959] [lifecycle_manager_navigation]: Server behavior_server connected with bond.
[lifecycle_manager-21] [INFO] [1790230631.628427416] [lifecycle_manager_navigation]: [34m[1mActivating velocity_smoother[0m[0m
[velocity_smoother-18] [INFO] [1790230631.628895824] [velocity_smoother]: Activating
[velocity_smoother-18] [INFO] [1790230631.628965723] [velocity_smoother]: Creating bond (velocity_smoother) to lifecycle manager.
[lifecycle_manager-21] [INFO] [1790230631.737778306] [lifecycle_manager_navigation]: Server velocity_smoother connected with bond.
[lifecycle_manager-21] [INFO] [1790230631.737849488] [lifecycle_manager_navigation]: [34m[1mActivating collision_monitor[0m[0m
[collision_monitor-19] [INFO] [1790230631.738235814] [collision_monitor]: Activating
[collision_monitor-19] [INFO] [1790230631.738267389] [collision_monitor]: Creating bond (collision_monitor) to lifecycle manager.
[lifecycle_manager-21] [INFO] [1790230631.843922444] [lifecycle_manager_navigation]: Server collision_monitor connected with bond.
[lifecycle_manager-21] [INFO] [1790230631.843974290] [lifecycle_manager_navigation]: [34m[1mActivating bt_navigator[0m[0m
[bt_navigator-16] [INFO] [1790230631.844349025] [bt_navigator]: Activating
[bt_navigator-16] [INFO] [1790230631.928845132] [bt_navigator]: Creating bond (bt_navigator) to lifecycle manager.
[lifecycle_manager-21] [INFO] [1790230632.036779038] [lifecycle_manager_navigation]: Server bt_navigator connected with bond.
[lifecycle_manager-21] [INFO] [1790230632.036817549] [lifecycle_manager_navigation]: [34m[1mActivating waypoint_follower[0m[0m
[waypoint_follower-17] [INFO] [1790230632.037150521] [waypoint_follower]: Activating
[waypoint_follower-17] [INFO] [1790230632.037184481] [waypoint_follower]: Creating bond (waypoint_follower) to lifecycle manager.
[lifecycle_manager-21] [INFO] [1790230632.143161595] [lifecycle_manager_navigation]: Server waypoint_follower connected with bond.
[lifecycle_manager-21] [INFO] [1790230632.143200536] [lifecycle_manager_navigation]: [34m[1mActivating docking_server[0m[0m
[opennav_docking-20] [INFO] [1790230632.143525610] [docking_server]: Activating docking_server
[opennav_docking-20] [INFO] [1790230632.151731238] [docking_server]: Creating bond (docking_server) to lifecycle manager.
[lifecycle_manager-21] [INFO] [1790230632.257227887] [lifecycle_manager_navigation]: Server docking_server connected with bond.
[lifecycle_manager-21] [INFO] [1790230632.257275236] [lifecycle_manager_navigation]: [34m[1mManaged nodes are active[0m[0m
[lifecycle_manager-21] [INFO] [1790230632.257285263] [lifecycle_manager_navigation]: [34m[1mCreating bond timer...[0m[0m
Nav2 active; kiem tra /clock lien tuc trong 5 giay...
[WARN] [1790230642.430316636] [rcl]: ROS_LOCALHOST_ONLY is deprecated but still honored if it is enabled. Use ROS_AUTOMATIC_DISCOVERY_RANGE and ROS_STATIC_PEERS instead.
[WARN] [1790230642.430339728] [rcl]: 'localhost_only' is enabled, 'automatic_discovery_range' and 'static_peers' will be ignored.
SLAM/Nav2 san sang; /clock on dinh, khong co buoc nhay lui trong 5 giay.

Starting NF on New Room...
Command: /usr/bin/python3 /home/com1/turtlebot4_project_r003_h031/mapex_lab/scripts/nf_run.py --run-id nf_p500_007 --environment new_room --runtime-profile slam --paper500
Run hoan tat se tu dong dung exploration, SLAM, Nav2 va Gazebo.
Nhan Ctrl+C mot lan neu muon dung som.

[WARN] [1790230648.476783262] [rcl]: ROS_LOCALHOST_ONLY is deprecated but still honored if it is enabled. Use ROS_AUTOMATIC_DISCOVERY_RANGE and ROS_STATIC_PEERS instead.
[WARN] [1790230648.476807784] [rcl]: 'localhost_only' is enabled, 'automatic_discovery_range' and 'static_peers' will be ignored.
[INFO] [1790230648.591519315] [nearest_euclidean_frontier]: Nearest Euclidean Frontier started (preferred min distance=1.00 m, near fallback=all-frontiers-close, path-subgoal recovery=0.70 m max, 105 limit=2, 105 cooldown=30 s, completion=5 stable sweeps)
[WARN] [1790230648.672724198] [nearest_euclidean_frontier]: NEAREST RECORDING: env=new_room, profile=slam, output=/home/com1/turtlebot4_project_r003_h031/mapex_lab/experiments/nearest/nf_p500_007
[WARN] [1790230653.574320034] [nearest_euclidean_frontier]: NEAREST READY: Nav2 stable for >= 3.0s; benchmark clock will start at first frontier decision
[INFO] [1790230653.646052994] [nearest_euclidean_frontier]: Selected nearest frontier: x=1.72, y=-0.07, distance=1.72 m, region=185 cells, near_fallback=False
[bt_navigator-16] [INFO] [1790230653.714323883] [bt_navigator]: Begin navigating from current location (0.00, -0.00) to (1.72, -0.07)
[controller_server-11] [INFO] [1790230653.737552000] [controller_server]: Received a goal, begin computing control effort.
[controller_server-11] [WARN] [1790230653.737599046] [controller_server]: No goal checker was specified in parameter 'current_goal_checker'. Server will use only plugin loaded general_goal_checker . This warning will appear once.
[controller_server-11] [WARN] [1790230653.737608600] [controller_server]: No progress checker was specified in parameter 'current_progress_checker'. Server will use only plugin loaded progress_checker . This warning will appear once.
[INFO] [1790230653.741172854] [nearest_euclidean_frontier]: Main goal accepted
[parameter_bridge-2] [INFO] [1790230653.800325226] [bridge_ros_gz]: Passing message from ROS geometry_msgs/msg/Twist to Gazebo gz.msgs.Twist (showing msg only once per type)
[INFO] [1790230653.909954279] [nearest_euclidean_frontier]: Main /plan diagnostic: poses=34, endpoint=(1.72, -0.07), frontier=(1.72, -0.07), endpoint_to_frontier=0.000 m, limit=0.10 m -> usable
[rviz2-7] [INFO] [1790230654.502863562] [rviz2]: Trying to create a map of size 225 x 77 using 1 swatches
[controller_server-11] [INFO] [1790230654.511489391] [local_costmap.local_costmap]: StaticLayer: Resizing static layer to 225 X 77 at 0.100000 m/pix
[INFO] [1790230654.750854883] [nearest_euclidean_frontier]: Main /plan diagnostic: poses=28, endpoint=(1.72, -0.07), frontier=(1.72, -0.07), endpoint_to_frontier=0.000 m, limit=0.10 m -> usable
[controller_server-11] [INFO] [1790230654.804378571] [controller_server]: Passing new path to controller.
[planner_server-13] [INFO] [1790230655.280074360] [global_costmap.global_costmap]: StaticLayer: Resizing costmap to 225 X 77 at 0.100000 m/pix
[controller_server-11] [INFO] [1790230655.511460775] [local_costmap.local_costmap]: StaticLayer: Resizing static layer to 228 X 77 at 0.100000 m/pix
[rviz2-7] [INFO] [1790230655.539512314] [rviz2]: Trying to create a map of size 228 x 77 using 1 swatches
[INFO] [1790230655.775560816] [nearest_euclidean_frontier]: Main /plan diagnostic: poses=18, endpoint=(1.72, -0.07), frontier=(1.72, -0.07), endpoint_to_frontier=0.000 m, limit=0.10 m -> usable
[controller_server-11] [INFO] [1790230655.806133434] [controller_server]: Passing new path to controller.
[planner_server-13] [INFO] [1790230656.279992864] [global_costmap.global_costmap]: StaticLayer: Resizing costmap to 228 X 77 at 0.100000 m/pix
[controller_server-11] [INFO] [1790230656.511465837] [local_costmap.local_costmap]: StaticLayer: Resizing static layer to 231 X 77 at 0.100000 m/pix
[rviz2-7] [INFO] [1790230656.522293803] [rviz2]: Trying to create a map of size 231 x 77 using 1 swatches
[INFO] [1790230656.802381837] [nearest_euclidean_frontier]: Main /plan diagnostic: poses=12, endpoint=(1.72, -0.07), frontier=(1.72, -0.07), endpoint_to_frontier=0.000 m, limit=0.10 m -> usable
[controller_server-11] [INFO] [1790230656.871055787] [controller_server]: Passing new path to controller.
[planner_server-13] [INFO] [1790230657.280005569] [global_costmap.global_costmap]: StaticLayer: Resizing costmap to 231 X 77 at 0.100000 m/pix
[controller_server-11] [INFO] [1790230657.511439897] [local_costmap.local_costmap]: StaticLayer: Resizing static layer to 241 X 77 at 0.100000 m/pix
[rviz2-7] [INFO] [1790230657.516396354] [rviz2]: Trying to create a map of size 241 x 77 using 1 swatches
[INFO] [1790230657.820821662] [nearest_euclidean_frontier]: Main /plan diagnostic: poses=8, endpoint=(1.72, -0.07), frontier=(1.72, -0.07), endpoint_to_frontier=0.000 m, limit=0.10 m -> usable
[controller_server-11] [INFO] [1790230657.871064549] [controller_server]: Passing new path to controller.
[controller_server-11] [INFO] [1790230658.005921920] [controller_server]: Reached the goal!
[controller_server-11] [INFO] [1790230658.006481720] [controller_server]: Optimizer reset
[bt_navigator-16] [INFO] [1790230658.034760380] [bt_navigator]: Goal succeeded
[INFO] [1790230658.037840310] [nearest_euclidean_frontier]: Goal reached
[planner_server-13] [INFO] [1790230658.280017695] [global_costmap.global_costmap]: StaticLayer: Resizing costmap to 241 X 77 at 0.100000 m/pix
[INFO] [1790230658.663041902] [nearest_euclidean_frontier]: Selected nearest frontier: x=-2.70, y=-1.78, distance=4.42 m, region=18 cells, near_fallback=False
[bt_navigator-16] [INFO] [1790230658.664680033] [bt_navigator]: Begin navigating from current location (1.36, -0.05) to (-2.70, -1.78)
[controller_server-11] [INFO] [1790230658.685682088] [controller_server]: Received a goal, begin computing control effort.
[INFO] [1790230658.819531805] [nearest_euclidean_frontier]: Main goal accepted
[INFO] [1790230658.869875694] [nearest_euclidean_frontier]: Main /plan diagnostic: poses=105, endpoint=(-2.70, -1.78), frontier=(-2.70, -1.78), endpoint_to_frontier=0.000 m, limit=0.10 m -> usable
[INFO] [1790230659.731500368] [nearest_euclidean_frontier]: Main /plan diagnostic: poses=101, endpoint=(-2.70, -1.78), frontier=(-2.70, -1.78), endpoint_to_frontier=0.000 m, limit=0.10 m -> usable
[controller_server-11] [INFO] [1790230659.752529550] [controller_server]: Passing new path to controller.
[INFO] [1790230660.741375947] [nearest_euclidean_frontier]: Main /plan diagnostic: poses=96, endpoint=(-2.70, -1.78), frontier=(-2.70, -1.78), endpoint_to_frontier=0.000 m, limit=0.10 m -> usable
[controller_server-11] [INFO] [1790230660.752534067] [controller_server]: Passing new path to controller.
[controller_server-11] [INFO] [1790230661.512226142] [local_costmap.local_costmap]: StaticLayer: Resizing static layer to 241 X 77 at 0.100000 m/pix
[INFO] [1790230661.764826323] [nearest_euclidean_frontier]: Main /plan diagnostic: poses=88, endpoint=(-2.70, -1.78), frontier=(-2.70, -1.78), endpoint_to_frontier=0.000 m, limit=0.10 m -> usable
[controller_server-11] [INFO] [1790230661.819220549] [controller_server]: Passing new path to controller.
[planner_server-13] [INFO] [1790230662.280283897] [global_costmap.global_costmap]: StaticLayer: Resizing costmap to 241 X 77 at 0.100000 m/pix
[INFO] [1790230662.790243377] [nearest_euclidean_frontier]: Main /plan diagnostic: poses=81, endpoint=(-2.70, -1.78), frontier=(-2.70, -1.78), endpoint_to_frontier=0.000 m, limit=0.10 m -> usable
[controller_server-11] [INFO] [1790230662.819178173] [controller_server]: Passing new path to controller.
[controller_server-11] [INFO] [1790230663.511426406] [local_costmap.local_costmap]: StaticLayer: Resizing static layer to 241 X 83 at 0.100000 m/pix
[rviz2-7] [INFO] [1790230663.533845514] [rviz2]: Trying to create a map of size 241 x 83 using 1 swatches
[INFO] [1790230663.824506331] [nearest_euclidean_frontier]: Main /plan diagnostic: poses=75, endpoint=(-2.70, -1.78), frontier=(-2.70, -1.78), endpoint_to_frontier=0.000 m, limit=0.10 m -> usable
[controller_server-11] [INFO] [1790230663.885855632] [controller_server]: Passing new path to controller.
[planner_server-13] [INFO] [1790230664.280004003] [global_costmap.global_costmap]: StaticLayer: Resizing costmap to 241 X 83 at 0.100000 m/pix
[controller_server-11] [INFO] [1790230664.511451073] [local_costmap.local_costmap]: StaticLayer: Resizing static layer to 241 X 93 at 0.100000 m/pix
[rviz2-7] [INFO] [1790230664.527597996] [rviz2]: Trying to create a map of size 241 x 93 using 1 swatches
[INFO] [1790230664.841550554] [nearest_euclidean_frontier]: Main /plan diagnostic: poses=69, endpoint=(-2.70, -1.78), frontier=(-2.70, -1.78), endpoint_to_frontier=0.000 m, limit=0.10 m -> usable
[controller_server-11] [INFO] [1790230664.885843477] [controller_server]: Passing new path to controller.
[planner_server-13] [INFO] [1790230665.279994605] [global_costmap.global_costmap]: StaticLayer: Resizing costmap to 241 X 93 at 0.100000 m/pix
[controller_server-11] [INFO] [1790230665.511485878] [local_costmap.local_costmap]: StaticLayer: Resizing static layer to 241 X 111 at 0.100000 m/pix
[rviz2-7] [INFO] [1790230665.513715567] [rviz2]: Trying to create a map of size 241 x 111 using 1 swatches
[INFO] [1790230665.878554187] [nearest_euclidean_frontier]: Main /plan diagnostic: poses=63, endpoint=(-2.70, -1.78), frontier=(-2.70, -1.78), endpoint_to_frontier=0.000 m, limit=0.10 m -> usable
[controller_server-11] [INFO] [1790230665.885840392] [controller_server]: Passing new path to controller.
[planner_server-13] [INFO] [1790230666.280000870] [global_costmap.global_costmap]: StaticLayer: Resizing costmap to 241 X 111 at 0.100000 m/pix
[rviz2-7] [INFO] [1790230666.507352028] [rviz2]: Trying to create a map of size 241 x 115 using 1 swatches
[controller_server-11] [INFO] [1790230666.511476955] [local_costmap.local_costmap]: StaticLayer: Resizing static layer to 241 X 115 at 0.100000 m/pix
[INFO] [1790230666.882153155] [nearest_euclidean_frontier]: Main /plan diagnostic: poses=55, endpoint=(-2.70, -1.78), frontier=(-2.70, -1.78), endpoint_to_frontier=0.000 m, limit=0.10 m -> usable
[controller_server-11] [INFO] [1790230666.952508656] [controller_server]: Passing new path to controller.
[planner_server-13] [INFO] [1790230667.279994977] [global_costmap.global_costmap]: StaticLayer: Resizing costmap to 241 X 115 at 0.100000 m/pix
[controller_server-11] [INFO] [1790230667.511589491] [local_costmap.local_costmap]: StaticLayer: Resizing static layer to 257 X 115 at 0.100000 m/pix
[rviz2-7] [INFO] [1790230667.530797361] [rviz2]: Trying to create a map of size 257 x 115 using 1 swatches
[INFO] [1790230667.903691523] [nearest_euclidean_frontier]: Main /plan diagnostic: poses=45, endpoint=(-2.70, -1.78), frontier=(-2.70, -1.78), endpoint_to_frontier=0.000 m, limit=0.10 m -> usable
[controller_server-11] [INFO] [1790230667.952574335] [controller_server]: Passing new path to controller.
[planner_server-13] [INFO] [1790230668.279996720] [global_costmap.global_costmap]: StaticLayer: Resizing costmap to 257 X 115 at 0.100000 m/pix
[INFO] [1790230668.931550493] [nearest_euclidean_frontier]: Main /plan diagnostic: poses=42, endpoint=(-2.70, -1.78), frontier=(-2.70, -1.78), endpoint_to_frontier=0.000 m, limit=0.10 m -> usable
[controller_server-11] [INFO] [1790230668.952523267] [controller_server]: Passing new path to controller.
[controller_server-11] [INFO] [1790230669.511439684] [local_costmap.local_costmap]: StaticLayer: Resizing static layer to 257 X 134 at 0.100000 m/pix
[rviz2-7] [INFO] [1790230669.515860390] [rviz2]: Trying to create a map of size 257 x 134 using 1 swatches
[INFO] [1790230669.961217415] [nearest_euclidean_frontier]: Main /plan diagnostic: poses=42, endpoint=(-2.70, -1.78), frontier=(-2.70, -1.78), endpoint_to_frontier=0.000 m, limit=0.10 m -> usable
[controller_server-11] [INFO] [1790230670.019176838] [controller_server]: Passing new path to controller.
[planner_server-13] [INFO] [1790230670.280009855] [global_costmap.global_costmap]: StaticLayer: Resizing costmap to 257 X 134 at 0.100000 m/pix
[INFO] [1790230670.968609375] [nearest_euclidean_frontier]: Main /plan diagnostic: poses=33, endpoint=(-2.70, -1.78), frontier=(-2.70, -1.78), endpoint_to_frontier=0.000 m, limit=0.10 m -> usable
[controller_server-11] [INFO] [1790230671.019205239] [controller_server]: Passing new path to controller.
[INFO] [1790230672.003090910] [nearest_euclidean_frontier]: Main /plan diagnostic: poses=30, endpoint=(-2.70, -1.78), frontier=(-2.70, -1.78), endpoint_to_frontier=0.000 m, limit=0.10 m -> usable
[controller_server-11] [INFO] [1790230672.019170450] [controller_server]: Passing new path to controller.
[INFO] [1790230673.027750434] [nearest_euclidean_frontier]: Main /plan diagnostic: poses=18, endpoint=(-2.70, -1.78), frontier=(-2.70, -1.78), endpoint_to_frontier=0.000 m, limit=0.10 m -> usable
[controller_server-11] [INFO] [1790230673.085848539] [controller_server]: Passing new path to controller.
[INFO] [1790230674.069545672] [nearest_euclidean_frontier]: Main /plan diagnostic: poses=16, endpoint=(-2.70, -1.78), frontier=(-2.70, -1.78), endpoint_to_frontier=0.000 m, limit=0.10 m -> usable
[controller_server-11] [INFO] [1790230674.085854667] [controller_server]: Passing new path to controller.
[INFO] [1790230675.090218568] [nearest_euclidean_frontier]: Main /plan diagnostic: poses=9, endpoint=(-2.70, -1.78), frontier=(-2.70, -1.78), endpoint_to_frontier=0.000 m, limit=0.10 m -> usable
[controller_server-11] [INFO] [1790230675.152902544] [controller_server]: Passing new path to controller.
[controller_server-11] [INFO] [1790230675.287810410] [controller_server]: Reached the goal!
[controller_server-11] [INFO] [1790230675.288022888] [controller_server]: Optimizer reset
[bt_navigator-16] [INFO] [1790230675.314993263] [bt_navigator]: Goal succeeded
[INFO] [1790230675.320288982] [nearest_euclidean_frontier]: Goal reached
[INFO] [1790230675.769133677] [nearest_euclidean_frontier]: Selected nearest frontier: x=-3.23, y=1.56, distance=3.73 m, region=17 cells, near_fallback=False
[bt_navigator-16] [INFO] [1790230675.770098941] [bt_navigator]: Begin navigating from current location (-2.54, -2.10) to (-3.23, 1.56)
[controller_server-11] [INFO] [1790230675.790826659] [controller_server]: Received a goal, begin computing control effort.
[INFO] [1790230676.016229579] [nearest_euclidean_frontier]: Main goal accepted
[INFO] [1790230676.235404069] [nearest_euclidean_frontier]: Main /plan diagnostic: poses=121, endpoint=(-3.23, 1.56), frontier=(-3.23, 1.56), endpoint_to_frontier=0.000 m, limit=0.10 m -> usable
[INFO] [1790230676.806875574] [nearest_euclidean_frontier]: Main /plan diagnostic: poses=116, endpoint=(-3.23, 1.56), frontier=(-3.23, 1.56), endpoint_to_frontier=0.000 m, limit=0.10 m -> usable
[controller_server-11] [INFO] [1790230676.857702446] [controller_server]: Passing new path to controller.
[INFO] [1790230677.839918902] [nearest_euclidean_frontier]: Main /plan diagnostic: poses=115, endpoint=(-3.23, 1.56), frontier=(-3.23, 1.56), endpoint_to_frontier=0.000 m, limit=0.10 m -> usable
[controller_server-11] [INFO] [1790230677.857707491] [controller_server]: Passing new path to controller.
[INFO] [1790230678.869415862] [nearest_euclidean_frontier]: Main /plan diagnostic: poses=115, endpoint=(-3.23, 1.56), frontier=(-3.23, 1.56), endpoint_to_frontier=0.000 m, limit=0.10 m -> usable
[controller_server-11] [INFO] [1790230678.924602533] [controller_server]: Passing new path to controller.
[INFO] [1790230679.887858436] [nearest_euclidean_frontier]: Main /plan diagnostic: poses=113, endpoint=(-3.23, 1.56), frontier=(-3.23, 1.56), endpoint_to_frontier=0.000 m, limit=0.10 m -> usable
[controller_server-11] [INFO] [1790230679.924362039] [controller_server]: Passing new path to controller.
[INFO] [1790230680.912401370] [nearest_euclidean_frontier]: Main /plan diagnostic: poses=107, endpoint=(-3.23, 1.56), frontier=(-3.23, 1.56), endpoint_to_frontier=0.000 m, limit=0.10 m -> usable
[controller_server-11] [INFO] [1790230680.924359634] [controller_server]: Passing new path to controller.
[INFO] [1790230681.927424898] [nearest_euclidean_frontier]: Main /plan diagnostic: poses=94, endpoint=(-3.23, 1.56), frontier=(-3.23, 1.56), endpoint_to_frontier=0.000 m, limit=0.10 m -> usable
[controller_server-11] [INFO] [1790230681.991020325] [controller_server]: Passing new path to controller.
[INFO] [1790230682.947473273] [nearest_euclidean_frontier]: Main /plan diagnostic: poses=84, endpoint=(-3.23, 1.56), frontier=(-3.23, 1.56), endpoint_to_frontier=0.000 m, limit=0.10 m -> usable
[controller_server-11] [INFO] [1790230682.991042694] [controller_server]: Passing new path to controller.
[INFO] [1790230683.966242187] [nearest_euclidean_frontier]: Main /plan diagnostic: poses=74, endpoint=(-3.23, 1.56), frontier=(-3.23, 1.56), endpoint_to_frontier=0.000 m, limit=0.10 m -> usable
[controller_server-11] [INFO] [1790230683.991023303] [controller_server]: Passing new path to controller.
[controller_server-11] [INFO] [1790230684.511491457] [local_costmap.local_costmap]: StaticLayer: Resizing static layer to 257 X 134 at 0.100000 m/pix
[INFO] [1790230685.001940691] [nearest_euclidean_frontier]: Main /plan diagnostic: poses=65, endpoint=(-3.23, 1.56), frontier=(-3.23, 1.56), endpoint_to_frontier=0.000 m, limit=0.10 m -> usable
[controller_server-11] [INFO] [1790230685.057699223] [controller_server]: Passing new path to controller.
[planner_server-13] [INFO] [1790230685.280009547] [global_costmap.global_costmap]: StaticLayer: Resizing costmap to 257 X 134 at 0.100000 m/pix
[INFO] [1790230686.004391695] [nearest_euclidean_frontier]: Main /plan diagnostic: poses=54, endpoint=(-3.23, 1.56), frontier=(-3.23, 1.56), endpoint_to_frontier=0.000 m, limit=0.10 m -> usable
[controller_server-11] [INFO] [1790230686.057683426] [controller_server]: Passing new path to controller.
[controller_server-11] [INFO] [1790230686.511422617] [local_costmap.local_costmap]: StaticLayer: Resizing static layer to 257 X 134 at 0.100000 m/pix
[INFO] [1790230687.045457885] [nearest_euclidean_frontier]: Main /plan diagnostic: poses=45, endpoint=(-3.23, 1.56), frontier=(-3.23, 1.56), endpoint_to_frontier=0.000 m, limit=0.10 m -> usable
[controller_server-11] [INFO] [1790230687.057709136] [controller_server]: Passing new path to controller.
[planner_server-13] [INFO] [1790230687.280011362] [global_costmap.global_costmap]: StaticLayer: Resizing costmap to 257 X 134 at 0.100000 m/pix
[controller_server-11] [INFO] [1790230687.511459097] [local_costmap.local_costmap]: StaticLayer: Resizing static layer to 257 X 137 at 0.100000 m/pix
[rviz2-7] [INFO] [1790230687.537959969] [rviz2]: Trying to create a map of size 257 x 137 using 1 swatches
[INFO] [1790230688.055644668] [nearest_euclidean_frontier]: Main /plan diagnostic: poses=35, endpoint=(-3.23, 1.56), frontier=(-3.23, 1.56), endpoint_to_frontier=0.000 m, limit=0.10 m -> usable
[controller_server-11] [INFO] [1790230688.124354860] [controller_server]: Passing new path to controller.
[planner_server-13] [INFO] [1790230688.280002976] [global_costmap.global_costmap]: StaticLayer: Resizing costmap to 257 X 137 at 0.100000 m/pix
[controller_server-11] [INFO] [1790230688.511440345] [local_costmap.local_costmap]: StaticLayer: Resizing static layer to 257 X 141 at 0.100000 m/pix
[rviz2-7] [INFO] [1790230688.531603106] [rviz2]: Trying to create a map of size 257 x 141 using 1 swatches
[INFO] [1790230689.080324769] [nearest_euclidean_frontier]: Main /plan diagnostic: poses=26, endpoint=(-3.23, 1.56), frontier=(-3.23, 1.56), endpoint_to_frontier=0.000 m, limit=0.10 m -> usable
[controller_server-11] [INFO] [1790230689.124350302] [controller_server]: Passing new path to controller.
[planner_server-13] [INFO] [1790230689.279997203] [global_costmap.global_costmap]: StaticLayer: Resizing costmap to 257 X 141 at 0.100000 m/pix
[controller_server-11] [INFO] [1790230689.511429999] [local_costmap.local_costmap]: StaticLayer: Resizing static layer to 257 X 142 at 0.100000 m/pix
[rviz2-7] [INFO] [1790230689.520108017] [rviz2]: Trying to create a map of size 257 x 142 using 1 swatches
[INFO] [1790230690.104706398] [nearest_euclidean_frontier]: Main /plan diagnostic: poses=18, endpoint=(-3.23, 1.56), frontier=(-3.23, 1.56), endpoint_to_frontier=0.000 m, limit=0.10 m -> usable
[controller_server-11] [INFO] [1790230690.124374245] [controller_server]: Passing new path to controller.
[planner_server-13] [INFO] [1790230690.280001465] [global_costmap.global_costmap]: StaticLayer: Resizing costmap to 257 X 142 at 0.100000 m/pix
[controller_server-11] [INFO] [1790230690.511491397] [local_costmap.local_costmap]: StaticLayer: Resizing static layer to 257 X 142 at 0.100000 m/pix
[INFO] [1790230691.134611745] [nearest_euclidean_frontier]: Main /plan diagnostic: poses=13, endpoint=(-3.23, 1.56), frontier=(-3.23, 1.56), endpoint_to_frontier=0.000 m, limit=0.10 m -> usable
[controller_server-11] [INFO] [1790230691.191020588] [controller_server]: Passing new path to controller.
[planner_server-13] [INFO] [1790230691.279998367] [global_costmap.global_costmap]: StaticLayer: Resizing costmap to 257 X 142 at 0.100000 m/pix
[INFO] [1790230692.157234367] [nearest_euclidean_frontier]: Main /plan diagnostic: poses=9, endpoint=(-3.23, 1.56), frontier=(-3.23, 1.56), endpoint_to_frontier=0.000 m, limit=0.10 m -> usable
[controller_server-11] [INFO] [1790230692.191018797] [controller_server]: Passing new path to controller.
[controller_server-11] [INFO] [1790230692.459542700] [controller_server]: Reached the goal!
[controller_server-11] [INFO] [1790230692.459737318] [controller_server]: Optimizer reset
[bt_navigator-16] [INFO] [1790230692.480437917] [bt_navigator]: Goal succeeded
[INFO] [1790230692.483651737] [nearest_euclidean_frontier]: Goal reached
[INFO] [1790230692.863610788] [nearest_euclidean_frontier]: Selected nearest frontier: x=-1.06, y=5.31, distance=3.99 m, region=33 cells, near_fallback=False
[bt_navigator-16] [INFO] [1790230692.865179190] [bt_navigator]: Begin navigating from current location (-3.00, 1.80) to (-1.06, 5.31)
[controller_server-11] [INFO] [1790230692.886765160] [controller_server]: Received a goal, begin computing control effort.
[INFO] [1790230693.185524394] [nearest_euclidean_frontier]: Main goal accepted
[INFO] [1790230693.283468761] [nearest_euclidean_frontier]: Main /plan diagnostic: poses=98, endpoint=(-1.06, 5.31), frontier=(-1.06, 5.31), endpoint_to_frontier=0.000 m, limit=0.10 m -> usable
[controller_server-11] [INFO] [1790230693.511578395] [local_costmap.local_costmap]: StaticLayer: Resizing static layer to 257 X 143 at 0.100000 m/pix
[rviz2-7] [INFO] [1790230693.535097992] [rviz2]: Trying to create a map of size 257 x 143 using 1 swatches
[INFO] [1790230693.904007288] [nearest_euclidean_frontier]: Main /plan diagnostic: poses=91, endpoint=(-1.06, 5.31), frontier=(-1.06, 5.31), endpoint_to_frontier=0.000 m, limit=0.10 m -> usable
[controller_server-11] [INFO] [1790230693.953617678] [controller_server]: Passing new path to controller.
[planner_server-13] [INFO] [1790230694.280001788] [global_costmap.global_costmap]: StaticLayer: Resizing costmap to 257 X 143 at 0.100000 m/pix
[INFO] [1790230694.932457645] [nearest_euclidean_frontier]: Main /plan diagnostic: poses=84, endpoint=(-1.06, 5.31), frontier=(-1.06, 5.31), endpoint_to_frontier=0.000 m, limit=0.10 m -> usable
[controller_server-11] [INFO] [1790230694.953654695] [controller_server]: Passing new path to controller.
[INFO] [1790230695.971776233] [nearest_euclidean_frontier]: Main /plan diagnostic: poses=80, endpoint=(-1.06, 5.31), frontier=(-1.06, 5.31), endpoint_to_frontier=0.000 m, limit=0.10 m -> usable
[controller_server-11] [INFO] [1790230696.020310913] [controller_server]: Passing new path to controller.
[INFO] [1790230696.995419100] [nearest_euclidean_frontier]: Main /plan diagnostic: poses=72, endpoint=(-1.06, 5.31), frontier=(-1.06, 5.31), endpoint_to_frontier=0.000 m, limit=0.10 m -> usable
[controller_server-11] [INFO] [1790230697.020278279] [controller_server]: Passing new path to controller.
[INFO] [1790230698.010430464] [nearest_euclidean_frontier]: Main /plan diagnostic: poses=65, endpoint=(-1.06, 5.31), frontier=(-1.06, 5.31), endpoint_to_frontier=0.000 m, limit=0.10 m -> usable
[controller_server-11] [INFO] [1790230698.087246012] [controller_server]: Passing new path to controller.
[INFO] [1790230699.034924162] [nearest_euclidean_frontier]: Main /plan diagnostic: poses=59, endpoint=(-1.06, 5.31), frontier=(-1.06, 5.31), endpoint_to_frontier=0.000 m, limit=0.10 m -> usable
[controller_server-11] [INFO] [1790230699.086955609] [controller_server]: Passing new path to controller.
[INFO] [1790230700.069732757] [nearest_euclidean_frontier]: Main /plan diagnostic: poses=52, endpoint=(-1.06, 5.31), frontier=(-1.06, 5.31), endpoint_to_frontier=0.000 m, limit=0.10 m -> usable
[controller_server-11] [INFO] [1790230700.086950018] [controller_server]: Passing new path to controller.
[INFO] [1790230701.099905253] [nearest_euclidean_frontier]: Main /plan diagnostic: poses=47, endpoint=(-1.06, 5.31), frontier=(-1.06, 5.31), endpoint_to_frontier=0.000 m, limit=0.10 m -> usable
[controller_server-11] [INFO] [1790230701.153632103] [controller_server]: Passing new path to controller.
[INFO] [1790230702.110913667] [nearest_euclidean_frontier]: Main /plan diagnostic: poses=40, endpoint=(-1.06, 5.31), frontier=(-1.06, 5.31), endpoint_to_frontier=0.000 m, limit=0.10 m -> usable
[controller_server-11] [INFO] [1790230702.153636241] [controller_server]: Passing new path to controller.
[INFO] [1790230703.142893128] [nearest_euclidean_frontier]: Main /plan diagnostic: poses=40, endpoint=(-1.06, 5.31), frontier=(-1.06, 5.31), endpoint_to_frontier=0.000 m, limit=0.10 m -> usable
[controller_server-11] [INFO] [1790230703.220301798] [controller_server]: Passing new path to controller.
[INFO] [1790230704.160143153] [nearest_euclidean_frontier]: Main /plan diagnostic: poses=38, endpoint=(-1.06, 5.31), frontier=(-1.06, 5.31), endpoint_to_frontier=0.000 m, limit=0.10 m -> usable
[controller_server-11] [INFO] [1790230704.220315375] [controller_server]: Passing new path to controller.
[INFO] [1790230705.170929091] [nearest_euclidean_frontier]: Main /plan diagnostic: poses=26, endpoint=(-1.06, 5.31), frontier=(-1.06, 5.31), endpoint_to_frontier=0.000 m, limit=0.10 m -> usable
[controller_server-11] [INFO] [1790230705.220280341] [controller_server]: Passing new path to controller.
[INFO] [1790230706.190979479] [nearest_euclidean_frontier]: Main /plan diagnostic: poses=20, endpoint=(-1.06, 5.31), frontier=(-1.06, 5.31), endpoint_to_frontier=0.000 m, limit=0.10 m -> usable
[controller_server-11] [INFO] [1790230706.220279503] [controller_server]: Passing new path to controller.
[INFO] [1790230707.226847221] [nearest_euclidean_frontier]: Main /plan diagnostic: poses=14, endpoint=(-1.06, 5.31), frontier=(-1.06, 5.31), endpoint_to_frontier=0.000 m, limit=0.10 m -> usable
[controller_server-11] [INFO] [1790230707.286951238] [controller_server]: Passing new path to controller.
[INFO] [1790230708.240892144] [nearest_euclidean_frontier]: Main /plan diagnostic: poses=8, endpoint=(-1.06, 5.31), frontier=(-1.06, 5.31), endpoint_to_frontier=0.000 m, limit=0.10 m -> usable
[controller_server-11] [INFO] [1790230708.286947114] [controller_server]: Passing new path to controller.
[controller_server-11] [INFO] [1790230708.489044295] [controller_server]: Reached the goal!
[controller_server-11] [INFO] [1790230708.489566000] [controller_server]: Optimizer reset
[bt_navigator-16] [INFO] [1790230708.515731167] [bt_navigator]: Goal succeeded
[INFO] [1790230708.520993448] [nearest_euclidean_frontier]: Goal reached
[INFO] [1790230708.931194415] [nearest_euclidean_frontier]: Selected nearest frontier: x=0.84, y=5.61, distance=1.74 m, region=38 cells, near_fallback=False
[bt_navigator-16] [INFO] [1790230708.933032343] [bt_navigator]: Begin navigating from current location (-0.81, 5.05) to (0.84, 5.61)
[controller_server-11] [INFO] [1790230708.954031216] [controller_server]: Received a goal, begin computing control effort.
[INFO] [1790230709.366383499] [nearest_euclidean_frontier]: Main goal accepted
[INFO] [1790230709.531911783] [nearest_euclidean_frontier]: Main /plan diagnostic: poses=82, endpoint=(0.84, 5.61), frontier=(0.84, 5.61), endpoint_to_frontier=0.000 m, limit=0.10 m -> usable
[INFO] [1790230709.972270240] [nearest_euclidean_frontier]: Main /plan diagnostic: poses=76, endpoint=(0.84, 5.61), frontier=(0.84, 5.61), endpoint_to_frontier=0.000 m, limit=0.10 m -> usable
[controller_server-11] [INFO] [1790230710.021083234] [controller_server]: Passing new path to controller.
[INFO] [1790230710.984024725] [nearest_euclidean_frontier]: Main /plan diagnostic: poses=74, endpoint=(0.84, 5.61), frontier=(0.84, 5.61), endpoint_to_frontier=0.000 m, limit=0.10 m -> usable
[controller_server-11] [INFO] [1790230711.020875081] [controller_server]: Passing new path to controller.
[INFO] [1790230712.002693654] [nearest_euclidean_frontier]: Main /plan diagnostic: poses=74, endpoint=(0.84, 5.61), frontier=(0.84, 5.61), endpoint_to_frontier=0.000 m, limit=0.10 m -> usable
[controller_server-11] [INFO] [1790230712.020907202] [controller_server]: Passing new path to controller.
[INFO] [1790230713.022764295] [nearest_euclidean_frontier]: Main /plan diagnostic: poses=68, endpoint=(0.84, 5.61), frontier=(0.84, 5.61), endpoint_to_frontier=0.000 m, limit=0.10 m -> usable
[controller_server-11] [INFO] [1790230713.087542709] [controller_server]: Passing new path to controller.
[INFO] [1790230714.039438751] [nearest_euclidean_frontier]: Main /plan diagnostic: poses=61, endpoint=(0.84, 5.61), frontier=(0.84, 5.61), endpoint_to_frontier=0.000 m, limit=0.10 m -> usable
[controller_server-11] [INFO] [1790230714.087538764] [controller_server]: Passing new path to controller.
[INFO] [1790230715.061956439] [nearest_euclidean_frontier]: Main /plan diagnostic: poses=51, endpoint=(0.84, 5.61), frontier=(0.84, 5.61), endpoint_to_frontier=0.000 m, limit=0.10 m -> usable
[controller_server-11] [INFO] [1790230715.089823884] [controller_server]: Passing new path to controller.
[INFO] [1790230716.079422753] [nearest_euclidean_frontier]: Main /plan diagnostic: poses=40, endpoint=(0.84, 5.61), frontier=(0.84, 5.61), endpoint_to_frontier=0.000 m, limit=0.10 m -> usable
[controller_server-11] [INFO] [1790230716.154201032] [controller_server]: Passing new path to controller.
[INFO] [1790230717.102715483] [nearest_euclidean_frontier]: Main /plan diagnostic: poses=30, endpoint=(0.84, 5.61), frontier=(0.84, 5.61), endpoint_to_frontier=0.000 m, limit=0.10 m -> usable
[controller_server-11] [INFO] [1790230717.154200514] [controller_server]: Passing new path to controller.
[INFO] [1790230718.127121208] [nearest_euclidean_frontier]: Main /plan diagnostic: poses=22, endpoint=(0.84, 5.61), frontier=(0.84, 5.61), endpoint_to_frontier=0.000 m, limit=0.10 m -> usable
[controller_server-11] [INFO] [1790230718.154237394] [controller_server]: Passing new path to controller.
[INFO] [1790230719.174444881] [nearest_euclidean_frontier]: Main /plan diagnostic: poses=14, endpoint=(0.84, 5.61), frontier=(0.84, 5.61), endpoint_to_frontier=0.000 m, limit=0.10 m -> usable
[controller_server-11] [INFO] [1790230719.220991495] [controller_server]: Passing new path to controller.
[INFO] [1790230720.178179206] [nearest_euclidean_frontier]: Main /plan diagnostic: poses=10, endpoint=(0.84, 5.61), frontier=(0.84, 5.61), endpoint_to_frontier=0.000 m, limit=0.10 m -> usable
[controller_server-11] [INFO] [1790230720.221116174] [controller_server]: Passing new path to controller.
[controller_server-11] [INFO] [1790230720.289742682] [controller_server]: Reached the goal!
[controller_server-11] [INFO] [1790230720.290159259] [controller_server]: Optimizer reset
[bt_navigator-16] [INFO] [1790230720.313455209] [bt_navigator]: Goal succeeded
[INFO] [1790230720.315320262] [nearest_euclidean_frontier]: Goal reached
[INFO] [1790230720.840654812] [nearest_euclidean_frontier]: Selected nearest frontier: x=6.24, y=4.41, distance=5.56 m, region=34 cells, near_fallback=False
[bt_navigator-16] [INFO] [1790230720.842313388] [bt_navigator]: Begin navigating from current location (0.75, 5.30) to (6.24, 4.41)
[controller_server-11] [INFO] [1790230720.853006065] [controller_server]: Received a goal, begin computing control effort.
[INFO] [1790230721.200410886] [nearest_euclidean_frontier]: Main goal accepted
[INFO] [1790230721.302457485] [nearest_euclidean_frontier]: Main /plan diagnostic: poses=113, endpoint=(6.24, 4.41), frontier=(6.24, 4.41), endpoint_to_frontier=0.000 m, limit=0.10 m -> usable
[INFO] [1790230721.871060208] [nearest_euclidean_frontier]: Main /plan diagnostic: poses=113, endpoint=(6.24, 4.41), frontier=(6.24, 4.41), endpoint_to_frontier=0.000 m, limit=0.10 m -> usable
[controller_server-11] [INFO] [1790230721.919806304] [controller_server]: Passing new path to controller.
[INFO] [1790230722.907706716] [nearest_euclidean_frontier]: Main /plan diagnostic: poses=110, endpoint=(6.24, 4.41), frontier=(6.24, 4.41), endpoint_to_frontier=0.000 m, limit=0.10 m -> usable
[controller_server-11] [INFO] [1790230722.919823463] [controller_server]: Passing new path to controller.
[INFO] [1790230723.934226288] [nearest_euclidean_frontier]: Main /plan diagnostic: poses=99, endpoint=(6.24, 4.41), frontier=(6.24, 4.41), endpoint_to_frontier=0.000 m, limit=0.10 m -> usable
[controller_server-11] [INFO] [1790230723.986477482] [controller_server]: Passing new path to controller.
[INFO] [1790230724.953970820] [nearest_euclidean_frontier]: Main /plan diagnostic: poses=89, endpoint=(6.24, 4.41), frontier=(6.24, 4.41), endpoint_to_frontier=0.000 m, limit=0.10 m -> usable
[controller_server-11] [INFO] [1790230724.986481391] [controller_server]: Passing new path to controller.
[INFO] [1790230725.968432498] [nearest_euclidean_frontier]: Main /plan diagnostic: poses=79, endpoint=(6.24, 4.41), frontier=(6.24, 4.41), endpoint_to_frontier=0.000 m, limit=0.10 m -> usable
[controller_server-11] [INFO] [1790230725.986480450] [controller_server]: Passing new path to controller.
[INFO] [1790230726.997980319] [nearest_euclidean_frontier]: Main /plan diagnostic: poses=71, endpoint=(6.24, 4.41), frontier=(6.24, 4.41), endpoint_to_frontier=0.000 m, limit=0.10 m -> usable
[controller_server-11] [INFO] [1790230727.053149162] [controller_server]: Passing new path to controller.
[INFO] [1790230728.028503543] [nearest_euclidean_frontier]: Main /plan diagnostic: poses=62, endpoint=(6.24, 4.41), frontier=(6.24, 4.41), endpoint_to_frontier=0.000 m, limit=0.10 m -> usable
[controller_server-11] [INFO] [1790230728.053142498] [controller_server]: Passing new path to controller.
[INFO] [1790230729.064462946] [nearest_euclidean_frontier]: Main /plan diagnostic: poses=52, endpoint=(6.24, 4.41), frontier=(6.24, 4.41), endpoint_to_frontier=0.000 m, limit=0.10 m -> usable
[controller_server-11] [INFO] [1790230729.119811590] [controller_server]: Passing new path to controller.
[INFO] [1790230730.077289903] [nearest_euclidean_frontier]: Main /plan diagnostic: poses=40, endpoint=(6.24, 4.41), frontier=(6.24, 4.41), endpoint_to_frontier=0.000 m, limit=0.10 m -> usable
[controller_server-11] [INFO] [1790230730.119828379] [controller_server]: Passing new path to controller.
[INFO] [1790230731.108572463] [nearest_euclidean_frontier]: Main /plan diagnostic: poses=33, endpoint=(6.24, 4.41), frontier=(6.24, 4.41), endpoint_to_frontier=0.000 m, limit=0.10 m -> usable
[controller_server-11] [INFO] [1790230731.186480618] [controller_server]: Passing new path to controller.
[INFO] [1790230732.131059993] [nearest_euclidean_frontier]: Main /plan diagnostic: poses=20, endpoint=(6.24, 4.41), frontier=(6.24, 4.41), endpoint_to_frontier=0.000 m, limit=0.10 m -> usable
[controller_server-11] [INFO] [1790230732.186477877] [controller_server]: Passing new path to controller.
[INFO] [1790230733.165670576] [nearest_euclidean_frontier]: Main /plan diagnostic: poses=16, endpoint=(6.24, 4.41), frontier=(6.24, 4.41), endpoint_to_frontier=0.000 m, limit=0.10 m -> usable
[controller_server-11] [INFO] [1790230733.186492557] [controller_server]: Passing new path to controller.
[INFO] [1790230734.190059286] [nearest_euclidean_frontier]: Main /plan diagnostic: poses=11, endpoint=(6.24, 4.41), frontier=(6.24, 4.41), endpoint_to_frontier=0.000 m, limit=0.10 m -> usable
[controller_server-11] [INFO] [1790230734.253140821] [controller_server]: Passing new path to controller.
[controller_server-11] [INFO] [1790230734.721234559] [controller_server]: Reached the goal!
[controller_server-11] [INFO] [1790230734.721563511] [controller_server]: Optimizer reset
[bt_navigator-16] [INFO] [1790230734.742732593] [bt_navigator]: Goal succeeded
[INFO] [1790230734.745613712] [nearest_euclidean_frontier]: Goal reached
[INFO] [1790230735.841367324] [nearest_euclidean_frontier]: Selected nearest frontier: x=7.44, y=5.41, distance=1.77 m, region=13 cells, near_fallback=False
[bt_navigator-16] [INFO] [1790230735.843045338] [bt_navigator]: Begin navigating from current location (5.92, 4.52) to (7.44, 5.41)
[controller_server-11] [INFO] [1790230735.853682977] [controller_server]: Received a goal, begin computing control effort.
[INFO] [1790230736.185552782] [nearest_euclidean_frontier]: Main goal accepted
[INFO] [1790230736.248880201] [nearest_euclidean_frontier]: Main /plan diagnostic: poses=45, endpoint=(7.44, 5.41), frontier=(7.44, 5.41), endpoint_to_frontier=0.000 m, limit=0.10 m -> usable
[INFO] [1790230736.863136505] [nearest_euclidean_frontier]: Main /plan diagnostic: poses=38, endpoint=(7.44, 5.41), frontier=(7.44, 5.41), endpoint_to_frontier=0.000 m, limit=0.10 m -> usable
[controller_server-11] [INFO] [1790230736.920566831] [controller_server]: Passing new path to controller.
[INFO] [1790230737.887477576] [nearest_euclidean_frontier]: Main /plan diagnostic: poses=29, endpoint=(7.44, 5.41), frontier=(7.44, 5.41), endpoint_to_frontier=0.000 m, limit=0.10 m -> usable
[controller_server-11] [INFO] [1790230737.920568500] [controller_server]: Passing new path to controller.
[INFO] [1790230738.905549996] [nearest_euclidean_frontier]: Main /plan diagnostic: poses=21, endpoint=(7.44, 5.41), frontier=(7.44, 5.41), endpoint_to_frontier=0.000 m, limit=0.10 m -> usable
[controller_server-11] [INFO] [1790230738.920608778] [controller_server]: Passing new path to controller.
[INFO] [1790230739.926073705] [nearest_euclidean_frontier]: Main /plan diagnostic: poses=14, endpoint=(7.44, 5.41), frontier=(7.44, 5.41), endpoint_to_frontier=0.000 m, limit=0.10 m -> usable
[controller_server-11] [INFO] [1790230739.987238283] [controller_server]: Passing new path to controller.
[INFO] [1790230740.949121709] [nearest_euclidean_frontier]: Main /plan diagnostic: poses=10, endpoint=(7.44, 5.41), frontier=(7.44, 5.41), endpoint_to_frontier=0.000 m, limit=0.10 m -> usable
[controller_server-11] [INFO] [1790230740.987281293] [controller_server]: Passing new path to controller.
[controller_server-11] [INFO] [1790230741.523450979] [controller_server]: Reached the goal!
[controller_server-11] [INFO] [1790230741.523716745] [controller_server]: Optimizer reset
[bt_navigator-16] [INFO] [1790230741.533412582] [bt_navigator]: Goal succeeded
[INFO] [1790230741.536098836] [nearest_euclidean_frontier]: Goal reached
[INFO] [1790230741.863579707] [nearest_euclidean_frontier]: Selected nearest frontier: x=7.64, y=0.11, distance=4.92 m, region=34 cells, near_fallback=False
[bt_navigator-16] [INFO] [1790230741.867975177] [bt_navigator]: Begin navigating from current location (7.38, 5.05) to (7.64, 0.11)
[controller_server-11] [INFO] [1790230741.888777564] [controller_server]: Received a goal, begin computing control effort.
[INFO] [1790230742.231479987] [nearest_euclidean_frontier]: Main goal accepted
[INFO] [1790230742.395395513] [nearest_euclidean_frontier]: Main /plan diagnostic: poses=127, endpoint=(7.64, 0.11), frontier=(7.64, 0.11), endpoint_to_frontier=0.000 m, limit=0.10 m -> usable
[INFO] [1790230742.902968985] [nearest_euclidean_frontier]: Main /plan diagnostic: poses=123, endpoint=(7.64, 0.11), frontier=(7.64, 0.11), endpoint_to_frontier=0.000 m, limit=0.10 m -> usable
[controller_server-11] [INFO] [1790230742.955910092] [controller_server]: Passing new path to controller.
[INFO] [1790230743.931857390] [nearest_euclidean_frontier]: Main /plan diagnostic: poses=115, endpoint=(7.64, 0.11), frontier=(7.64, 0.11), endpoint_to_frontier=0.000 m, limit=0.10 m -> usable
[controller_server-11] [INFO] [1790230743.955598437] [controller_server]: Passing new path to controller.
[INFO] [1790230744.954655735] [nearest_euclidean_frontier]: Main /plan diagnostic: poses=109, endpoint=(7.64, 0.11), frontier=(7.64, 0.11), endpoint_to_frontier=0.000 m, limit=0.10 m -> usable
[controller_server-11] [INFO] [1790230745.022281371] [controller_server]: Passing new path to controller.
[INFO] [1790230745.979041364] [nearest_euclidean_frontier]: Main /plan diagnostic: poses=101, endpoint=(7.64, 0.11), frontier=(7.64, 0.11), endpoint_to_frontier=0.000 m, limit=0.10 m -> usable
[controller_server-11] [INFO] [1790230746.023175173] [controller_server]: Passing new path to controller.
[INFO] [1790230747.011655866] [nearest_euclidean_frontier]: Main /plan diagnostic: poses=96, endpoint=(7.64, 0.11), frontier=(7.64, 0.11), endpoint_to_frontier=0.000 m, limit=0.10 m -> usable
[controller_server-11] [INFO] [1790230747.022349975] [controller_server]: Passing new path to controller.
[INFO] [1790230748.036109865] [nearest_euclidean_frontier]: Main /plan diagnostic: poses=88, endpoint=(7.64, 0.11), frontier=(7.64, 0.11), endpoint_to_frontier=0.000 m, limit=0.10 m -> usable
[controller_server-11] [INFO] [1790230748.088938253] [controller_server]: Passing new path to controller.
[INFO] [1790230749.071098860] [nearest_euclidean_frontier]: Main /plan diagnostic: poses=83, endpoint=(7.64, 0.11), frontier=(7.64, 0.11), endpoint_to_frontier=0.000 m, limit=0.10 m -> usable
[controller_server-11] [INFO] [1790230749.088936100] [controller_server]: Passing new path to controller.
[INFO] [1790230750.093352602] [nearest_euclidean_frontier]: Main /plan diagnostic: poses=76, endpoint=(7.64, 0.11), frontier=(7.64, 0.11), endpoint_to_frontier=0.000 m, limit=0.10 m -> usable
[controller_server-11] [INFO] [1790230750.155599180] [controller_server]: Passing new path to controller.
[INFO] [1790230751.121243344] [nearest_euclidean_frontier]: Main /plan diagnostic: poses=68, endpoint=(7.64, 0.11), frontier=(7.64, 0.11), endpoint_to_frontier=0.000 m, limit=0.10 m -> usable
[controller_server-11] [INFO] [1790230751.155603176] [controller_server]: Passing new path to controller.
[INFO] [1790230752.134346710] [nearest_euclidean_frontier]: Main /plan diagnostic: poses=61, endpoint=(7.64, 0.11), frontier=(7.64, 0.11), endpoint_to_frontier=0.000 m, limit=0.10 m -> usable
[controller_server-11] [INFO] [1790230752.155609539] [controller_server]: Passing new path to controller.
[INFO] [1790230753.163872695] [nearest_euclidean_frontier]: Main /plan diagnostic: poses=54, endpoint=(7.64, 0.11), frontier=(7.64, 0.11), endpoint_to_frontier=0.000 m, limit=0.10 m -> usable
[controller_server-11] [INFO] [1790230753.222267587] [controller_server]: Passing new path to controller.
[INFO] [1790230754.201597338] [nearest_euclidean_frontier]: Main /plan diagnostic: poses=54, endpoint=(7.64, 0.11), frontier=(7.64, 0.11), endpoint_to_frontier=0.000 m, limit=0.10 m -> usable
[controller_server-11] [INFO] [1790230754.222276818] [controller_server]: Passing new path to controller.
[INFO] [1790230755.227496286] [nearest_euclidean_frontier]: Main /plan diagnostic: poses=54, endpoint=(7.64, 0.11), frontier=(7.64, 0.11), endpoint_to_frontier=0.000 m, limit=0.10 m -> usable
[controller_server-11] [INFO] [1790230755.289068357] [controller_server]: Passing new path to controller.
[INFO] [1790230756.244920784] [nearest_euclidean_frontier]: Main /plan diagnostic: poses=54, endpoint=(7.64, 0.11), frontier=(7.64, 0.11), endpoint_to_frontier=0.000 m, limit=0.10 m -> usable
[controller_server-11] [INFO] [1790230756.288928989] [controller_server]: Passing new path to controller.
[INFO] [1790230757.263369367] [nearest_euclidean_frontier]: Main /plan diagnostic: poses=55, endpoint=(7.64, 0.11), frontier=(7.64, 0.11), endpoint_to_frontier=0.000 m, limit=0.10 m -> usable
[controller_server-11] [INFO] [1790230757.288933585] [controller_server]: Passing new path to controller.
[INFO] [1790230758.292131869] [nearest_euclidean_frontier]: Main /plan diagnostic: poses=48, endpoint=(7.64, 0.11), frontier=(7.64, 0.11), endpoint_to_frontier=0.000 m, limit=0.10 m -> usable
[controller_server-11] [INFO] [1790230758.355622484] [controller_server]: Passing new path to controller.
[controller_server-11] [INFO] [1790230758.511468796] [local_costmap.local_costmap]: StaticLayer: Resizing static layer to 258 X 143 at 0.100000 m/pix
[rviz2-7] [INFO] [1790230758.551397321] [rviz2]: Trying to create a map of size 258 x 143 using 1 swatches
[planner_server-13] [INFO] [1790230759.280008944] [global_costmap.global_costmap]: StaticLayer: Resizing costmap to 258 X 143 at 0.100000 m/pix
[INFO] [1790230759.303758684] [nearest_euclidean_frontier]: Main /plan diagnostic: poses=37, endpoint=(7.64, 0.11), frontier=(7.64, 0.11), endpoint_to_frontier=0.000 m, limit=0.10 m -> usable
[controller_server-11] [INFO] [1790230759.355598708] [controller_server]: Passing new path to controller.
[INFO] [1790230760.341886172] [nearest_euclidean_frontier]: Main /plan diagnostic: poses=27, endpoint=(7.64, 0.11), frontier=(7.64, 0.11), endpoint_to_frontier=0.000 m, limit=0.10 m -> usable
[controller_server-11] [INFO] [1790230760.355603381] [controller_server]: Passing new path to controller.
[INFO] [1790230761.363904773] [nearest_euclidean_frontier]: Main /plan diagnostic: poses=15, endpoint=(7.64, 0.11), frontier=(7.64, 0.11), endpoint_to_frontier=0.000 m, limit=0.10 m -> usable
[controller_server-11] [INFO] [1790230761.422287388] [controller_server]: Passing new path to controller.
[controller_server-11] [INFO] [1790230761.511452410] [local_costmap.local_costmap]: StaticLayer: Resizing static layer to 258 X 164 at 0.100000 m/pix
[rviz2-7] [INFO] [1790230761.559828863] [rviz2]: Trying to create a map of size 258 x 164 using 1 swatches
[planner_server-13] [INFO] [1790230762.279998138] [global_costmap.global_costmap]: StaticLayer: Resizing costmap to 258 X 164 at 0.100000 m/pix
[INFO] [1790230762.391281657] [nearest_euclidean_frontier]: Main /plan diagnostic: poses=7, endpoint=(7.64, 0.11), frontier=(7.64, 0.11), endpoint_to_frontier=0.000 m, limit=0.10 m -> usable
[controller_server-11] [INFO] [1790230762.422296042] [controller_server]: Passing new path to controller.
[controller_server-11] [INFO] [1790230762.511478979] [local_costmap.local_costmap]: StaticLayer: Resizing static layer to 258 X 166 at 0.100000 m/pix
[rviz2-7] [INFO] [1790230762.544453692] [rviz2]: Trying to create a map of size 258 x 166 using 1 swatches
[controller_server-11] [INFO] [1790230762.890355479] [controller_server]: Reached the goal!
[controller_server-11] [INFO] [1790230762.890503728] [controller_server]: Optimizer reset
[bt_navigator-16] [INFO] [1790230762.918401661] [bt_navigator]: Goal succeeded
[INFO] [1790230762.922400178] [nearest_euclidean_frontier]: Goal reached
[planner_server-13] [INFO] [1790230763.280095703] [global_costmap.global_costmap]: StaticLayer: Resizing costmap to 258 X 166 at 0.100000 m/pix
[INFO] [1790230763.916225791] [nearest_euclidean_frontier]: Selected nearest frontier: x=8.84, y=-1.11, distance=2.04 m, region=18 cells, near_fallback=False
[bt_navigator-16] [INFO] [1790230763.917066345] [bt_navigator]: Begin navigating from current location (7.34, 0.26) to (8.84, -1.11)
[controller_server-11] [INFO] [1790230763.937789037] [controller_server]: Received a goal, begin computing control effort.
[INFO] [1790230764.358561096] [nearest_euclidean_frontier]: Main goal accepted
[INFO] [1790230764.507420481] [nearest_euclidean_frontier]: Main /plan diagnostic: poses=48, endpoint=(8.84, -1.11), frontier=(8.84, -1.11), endpoint_to_frontier=0.000 m, limit=0.10 m -> usable
[INFO] [1790230764.953727489] [nearest_euclidean_frontier]: Main /plan diagnostic: poses=46, endpoint=(8.84, -1.11), frontier=(8.84, -1.11), endpoint_to_frontier=0.000 m, limit=0.10 m -> usable
[controller_server-11] [INFO] [1790230765.004616696] [controller_server]: Passing new path to controller.
[controller_server-11] [INFO] [1790230765.511472168] [local_costmap.local_costmap]: StaticLayer: Resizing static layer to 258 X 166 at 0.100000 m/pix
[INFO] [1790230765.982935091] [nearest_euclidean_frontier]: Main /plan diagnostic: poses=33, endpoint=(8.84, -1.11), frontier=(8.84, -1.11), endpoint_to_frontier=0.000 m, limit=0.10 m -> usable
[controller_server-11] [INFO] [1790230766.004599711] [controller_server]: Passing new path to controller.
[planner_server-13] [INFO] [1790230766.279992601] [global_costmap.global_costmap]: StaticLayer: Resizing costmap to 258 X 166 at 0.100000 m/pix
[INFO] [1790230767.002444234] [nearest_euclidean_frontier]: Main /plan diagnostic: poses=29, endpoint=(8.84, -1.11), frontier=(8.84, -1.11), endpoint_to_frontier=0.000 m, limit=0.10 m -> usable
[controller_server-11] [INFO] [1790230767.071297566] [controller_server]: Passing new path to controller.
[INFO] [1790230768.028597563] [nearest_euclidean_frontier]: Main /plan diagnostic: poses=16, endpoint=(8.84, -1.11), frontier=(8.84, -1.11), endpoint_to_frontier=0.000 m, limit=0.10 m -> usable
[controller_server-11] [INFO] [1790230768.071287973] [controller_server]: Passing new path to controller.
[INFO] [1790230769.058570934] [nearest_euclidean_frontier]: Main /plan diagnostic: poses=12, endpoint=(8.84, -1.11), frontier=(8.84, -1.11), endpoint_to_frontier=0.000 m, limit=0.10 m -> usable
[controller_server-11] [INFO] [1790230769.071325761] [controller_server]: Passing new path to controller.
[INFO] [1790230770.079869516] [nearest_euclidean_frontier]: Main /plan diagnostic: poses=8, endpoint=(8.84, -1.11), frontier=(8.84, -1.11), endpoint_to_frontier=0.000 m, limit=0.10 m -> usable
[controller_server-11] [INFO] [1790230770.137946475] [controller_server]: Passing new path to controller.
[controller_server-11] [INFO] [1790230770.406156929] [controller_server]: Reached the goal!
[controller_server-11] [INFO] [1790230770.406361637] [controller_server]: Optimizer reset
[bt_navigator-16] [INFO] [1790230770.427337104] [bt_navigator]: Goal succeeded
[INFO] [1790230770.429622475] [nearest_euclidean_frontier]: Goal reached
[INFO] [1790230770.929982690] [nearest_euclidean_frontier]: Selected nearest frontier: x=10.84, y=-2.49, distance=2.61 m, region=72 cells, near_fallback=False
[bt_navigator-16] [INFO] [1790230770.931648466] [bt_navigator]: Begin navigating from current location (8.89, -0.76) to (10.84, -2.49)
[controller_server-11] [INFO] [1790230770.952568106] [controller_server]: Received a goal, begin computing control effort.
[INFO] [1790230771.354316671] [nearest_euclidean_frontier]: Main goal accepted
[INFO] [1790230771.425367299] [nearest_euclidean_frontier]: Main /plan diagnostic: poses=150, endpoint=(10.84, -2.49), frontier=(10.84, -2.49), endpoint_to_frontier=0.000 m, limit=0.10 m -> usable
[INFO] [1790230771.973277896] [nearest_euclidean_frontier]: Main /plan diagnostic: poses=145, endpoint=(10.84, -2.49), frontier=(10.84, -2.49), endpoint_to_frontier=0.000 m, limit=0.10 m -> usable
[controller_server-11] [INFO] [1790230772.019413865] [controller_server]: Passing new path to controller.
[INFO] [1790230772.999540676] [nearest_euclidean_frontier]: Main /plan diagnostic: poses=138, endpoint=(10.84, -2.49), frontier=(10.84, -2.49), endpoint_to_frontier=0.000 m, limit=0.10 m -> usable
[controller_server-11] [INFO] [1790230773.019879038] [controller_server]: Passing new path to controller.
[INFO] [1790230774.031069151] [nearest_euclidean_frontier]: Main /plan diagnostic: poses=136, endpoint=(10.84, -2.49), frontier=(10.84, -2.49), endpoint_to_frontier=0.000 m, limit=0.10 m -> usable
[controller_server-11] [INFO] [1790230774.086071077] [controller_server]: Passing new path to controller.
[INFO] [1790230775.031520146] [nearest_euclidean_frontier]: Main /plan diagnostic: poses=137, endpoint=(10.84, -2.49), frontier=(10.84, -2.49), endpoint_to_frontier=0.000 m, limit=0.10 m -> usable
[controller_server-11] [INFO] [1790230775.086087686] [controller_server]: Passing new path to controller.
[INFO] [1790230776.061240892] [nearest_euclidean_frontier]: Main /plan diagnostic: poses=134, endpoint=(10.84, -2.49), frontier=(10.84, -2.49), endpoint_to_frontier=0.000 m, limit=0.10 m -> usable
[controller_server-11] [INFO] [1790230776.086075265] [controller_server]: Passing new path to controller.
[INFO] [1790230777.082918212] [nearest_euclidean_frontier]: Main /plan diagnostic: poses=129, endpoint=(10.84, -2.49), frontier=(10.84, -2.49), endpoint_to_frontier=0.000 m, limit=0.10 m -> usable
[controller_server-11] [INFO] [1790230777.152714504] [controller_server]: Passing new path to controller.
[INFO] [1790230778.118307816] [nearest_euclidean_frontier]: Main /plan diagnostic: poses=117, endpoint=(10.84, -2.49), frontier=(10.84, -2.49), endpoint_to_frontier=0.000 m, limit=0.10 m -> usable
[controller_server-11] [INFO] [1790230778.152708978] [controller_server]: Passing new path to controller.
[controller_server-11] [INFO] [1790230778.511464352] [local_costmap.local_costmap]: StaticLayer: Resizing static layer to 258 X 184 at 0.100000 m/pix
[rviz2-7] [INFO] [1790230778.553626104] [rviz2]: Trying to create a map of size 258 x 184 using 1 swatches
[INFO] [1790230779.138070868] [nearest_euclidean_frontier]: Main /plan diagnostic: poses=108, endpoint=(10.84, -2.49), frontier=(10.84, -2.49), endpoint_to_frontier=0.000 m, limit=0.10 m -> usable
[controller_server-11] [INFO] [1790230779.152708399] [controller_server]: Passing new path to controller.
[planner_server-13] [INFO] [1790230779.280594451] [global_costmap.global_costmap]: StaticLayer: Resizing costmap to 258 X 184 at 0.100000 m/pix
[controller_server-11] [INFO] [1790230779.511486831] [local_costmap.local_costmap]: StaticLayer: Resizing static layer to 258 X 189 at 0.100000 m/pix
[rviz2-7] [INFO] [1790230779.536542320] [rviz2]: Trying to create a map of size 258 x 189 using 1 swatches
[INFO] [1790230780.171671345] [nearest_euclidean_frontier]: Main /plan diagnostic: poses=98, endpoint=(10.84, -2.49), frontier=(10.84, -2.49), endpoint_to_frontier=0.000 m, limit=0.10 m -> usable
[controller_server-11] [INFO] [1790230780.219421069] [controller_server]: Passing new path to controller.
[planner_server-13] [INFO] [1790230780.280015956] [global_costmap.global_costmap]: StaticLayer: Resizing costmap to 258 X 189 at 0.100000 m/pix
[INFO] [1790230781.203712008] [nearest_euclidean_frontier]: Main /plan diagnostic: poses=88, endpoint=(10.84, -2.49), frontier=(10.84, -2.49), endpoint_to_frontier=0.000 m, limit=0.10 m -> usable
[controller_server-11] [INFO] [1790230781.219408996] [controller_server]: Passing new path to controller.
[INFO] [1790230782.229951219] [nearest_euclidean_frontier]: Main /plan diagnostic: poses=80, endpoint=(10.84, -2.49), frontier=(10.84, -2.49), endpoint_to_frontier=0.000 m, limit=0.10 m -> usable
[controller_server-11] [INFO] [1790230782.286069527] [controller_server]: Passing new path to controller.
[INFO] [1790230783.263990329] [nearest_euclidean_frontier]: Main /plan diagnostic: poses=69, endpoint=(10.84, -2.49), frontier=(10.84, -2.49), endpoint_to_frontier=0.000 m, limit=0.10 m -> usable
[controller_server-11] [INFO] [1790230783.286090684] [controller_server]: Passing new path to controller.
[INFO] [1790230784.286977549] [nearest_euclidean_frontier]: Main /plan diagnostic: poses=57, endpoint=(10.84, -2.49), frontier=(10.84, -2.49), endpoint_to_frontier=0.000 m, limit=0.10 m -> usable
[controller_server-11] [INFO] [1790230784.352713514] [controller_server]: Passing new path to controller.
[INFO] [1790230785.311358433] [nearest_euclidean_frontier]: Main /plan diagnostic: poses=49, endpoint=(10.84, -2.49), frontier=(10.84, -2.49), endpoint_to_frontier=0.000 m, limit=0.10 m -> usable
[controller_server-11] [INFO] [1790230785.352710096] [controller_server]: Passing new path to controller.
[INFO] [1790230786.335593226] [nearest_euclidean_frontier]: Main /plan diagnostic: poses=39, endpoint=(10.84, -2.49), frontier=(10.84, -2.49), endpoint_to_frontier=0.000 m, limit=0.10 m -> usable
[controller_server-11] [INFO] [1790230786.352974384] [controller_server]: Passing new path to controller.
[INFO] [1790230787.365500768] [nearest_euclidean_frontier]: Main /plan diagnostic: poses=29, endpoint=(10.84, -2.49), frontier=(10.84, -2.49), endpoint_to_frontier=0.000 m, limit=0.10 m -> usable
[controller_server-11] [INFO] [1790230787.419402828] [controller_server]: Passing new path to controller.
[INFO] [1790230788.399257659] [nearest_euclidean_frontier]: Main /plan diagnostic: poses=21, endpoint=(10.84, -2.49), frontier=(10.84, -2.49), endpoint_to_frontier=0.000 m, limit=0.10 m -> usable
[controller_server-11] [INFO] [1790230788.419403819] [controller_server]: Passing new path to controller.
[INFO] [1790230789.424601119] [nearest_euclidean_frontier]: Main /plan diagnostic: poses=13, endpoint=(10.84, -2.49), frontier=(10.84, -2.49), endpoint_to_frontier=0.000 m, limit=0.10 m -> usable
[controller_server-11] [INFO] [1790230789.486083748] [controller_server]: Passing new path to controller.
[INFO] [1790230790.455694542] [nearest_euclidean_frontier]: Main /plan diagnostic: poses=9, endpoint=(10.84, -2.49), frontier=(10.84, -2.49), endpoint_to_frontier=0.000 m, limit=0.10 m -> usable
[controller_server-11] [INFO] [1790230790.486085513] [controller_server]: Passing new path to controller.
[controller_server-11] [INFO] [1790230790.620738607] [controller_server]: Reached the goal!
[controller_server-11] [INFO] [1790230790.620921586] [controller_server]: Optimizer reset
[bt_navigator-16] [INFO] [1790230790.641934247] [bt_navigator]: Goal succeeded
[INFO] [1790230790.643707047] [nearest_euclidean_frontier]: Goal reached
[INFO] [1790230791.969480467] [nearest_euclidean_frontier]: Selected nearest frontier: x=11.74, y=2.04, distance=4.77 m, region=33 cells, near_fallback=False
[bt_navigator-16] [INFO] [1790230791.970587133] [bt_navigator]: Begin navigating from current location (10.50, -2.57) to (11.74, 2.04)
[controller_server-11] [INFO] [1790230791.991307063] [controller_server]: Received a goal, begin computing control effort.
[INFO] [1790230792.404977670] [nearest_euclidean_frontier]: Main goal accepted
[INFO] [1790230792.473721016] [nearest_euclidean_frontier]: Main /plan diagnostic: poses=217, endpoint=(11.74, 2.04), frontier=(11.74, 2.04), endpoint_to_frontier=0.000 m, limit=0.10 m -> usable
[INFO] [1790230793.011329258] [nearest_euclidean_frontier]: Main /plan diagnostic: poses=213, endpoint=(11.74, 2.04), frontier=(11.74, 2.04), endpoint_to_frontier=0.000 m, limit=0.10 m -> usable
[controller_server-11] [INFO] [1790230793.058186051] [controller_server]: Passing new path to controller.
[INFO] [1790230794.042662264] [nearest_euclidean_frontier]: Main /plan diagnostic: poses=207, endpoint=(11.74, 2.04), frontier=(11.74, 2.04), endpoint_to_frontier=0.000 m, limit=0.10 m -> usable
[controller_server-11] [INFO] [1790230794.058220532] [controller_server]: Passing new path to controller.
[INFO] [1790230795.068991676] [nearest_euclidean_frontier]: Main /plan diagnostic: poses=199, endpoint=(11.74, 2.04), frontier=(11.74, 2.04), endpoint_to_frontier=0.000 m, limit=0.10 m -> usable
[controller_server-11] [INFO] [1790230795.124906927] [controller_server]: Passing new path to controller.
[INFO] [1790230796.095163281] [nearest_euclidean_frontier]: Main /plan diagnostic: poses=191, endpoint=(11.74, 2.04), frontier=(11.74, 2.04), endpoint_to_frontier=0.000 m, limit=0.10 m -> usable
[controller_server-11] [INFO] [1790230796.124848406] [controller_server]: Passing new path to controller.
[INFO] [1790230797.127173194] [nearest_euclidean_frontier]: Main /plan diagnostic: poses=188, endpoint=(11.74, 2.04), frontier=(11.74, 2.04), endpoint_to_frontier=0.000 m, limit=0.10 m -> usable
[controller_server-11] [INFO] [1790230797.191540614] [controller_server]: Passing new path to controller.
[INFO] [1790230798.143927983] [nearest_euclidean_frontier]: Main /plan diagnostic: poses=179, endpoint=(11.74, 2.04), frontier=(11.74, 2.04), endpoint_to_frontier=0.000 m, limit=0.10 m -> usable
[controller_server-11] [INFO] [1790230798.191486507] [controller_server]: Passing new path to controller.
[INFO] [1790230799.170601307] [nearest_euclidean_frontier]: Main /plan diagnostic: poses=171, endpoint=(11.74, 2.04), frontier=(11.74, 2.04), endpoint_to_frontier=0.000 m, limit=0.10 m -> usable
[controller_server-11] [INFO] [1790230799.191520324] [controller_server]: Passing new path to controller.
[INFO] [1790230800.192466163] [nearest_euclidean_frontier]: Main /plan diagnostic: poses=171, endpoint=(11.74, 2.04), frontier=(11.74, 2.04), endpoint_to_frontier=0.000 m, limit=0.10 m -> usable
[controller_server-11] [INFO] [1790230800.258225263] [controller_server]: Passing new path to controller.
[INFO] [1790230801.209204050] [nearest_euclidean_frontier]: Main /plan diagnostic: poses=160, endpoint=(11.74, 2.04), frontier=(11.74, 2.04), endpoint_to_frontier=0.000 m, limit=0.10 m -> usable
[controller_server-11] [INFO] [1790230801.258283622] [controller_server]: Passing new path to controller.
[INFO] [1790230802.251157555] [nearest_euclidean_frontier]: Main /plan diagnostic: poses=157, endpoint=(11.74, 2.04), frontier=(11.74, 2.04), endpoint_to_frontier=0.000 m, limit=0.10 m -> usable
[controller_server-11] [INFO] [1790230802.258216231] [controller_server]: Passing new path to controller.
[INFO] [1790230803.270081523] [nearest_euclidean_frontier]: Main /plan diagnostic: poses=156, endpoint=(11.74, 2.04), frontier=(11.74, 2.04), endpoint_to_frontier=0.000 m, limit=0.10 m -> usable
[controller_server-11] [INFO] [1790230803.324861188] [controller_server]: Passing new path to controller.
[INFO] [1790230804.281770345] [nearest_euclidean_frontier]: Main /plan diagnostic: poses=150, endpoint=(11.74, 2.04), frontier=(11.74, 2.04), endpoint_to_frontier=0.000 m, limit=0.10 m -> usable
[controller_server-11] [INFO] [1790230804.324938740] [controller_server]: Passing new path to controller.
[INFO] [1790230805.309789707] [nearest_euclidean_frontier]: Main /plan diagnostic: poses=140, endpoint=(11.74, 2.04), frontier=(11.74, 2.04), endpoint_to_frontier=0.000 m, limit=0.10 m -> usable
[controller_server-11] [INFO] [1790230805.324851582] [controller_server]: Passing new path to controller.
[INFO] [1790230806.338738094] [nearest_euclidean_frontier]: Main /plan diagnostic: poses=129, endpoint=(11.74, 2.04), frontier=(11.74, 2.04), endpoint_to_frontier=0.000 m, limit=0.10 m -> usable
[controller_server-11] [INFO] [1790230806.391515658] [controller_server]: Passing new path to controller.
[INFO] [1790230807.366162187] [nearest_euclidean_frontier]: Main /plan diagnostic: poses=120, endpoint=(11.74, 2.04), frontier=(11.74, 2.04), endpoint_to_frontier=0.000 m, limit=0.10 m -> usable
[controller_server-11] [INFO] [1790230807.391522819] [controller_server]: Passing new path to controller.
[async_slam_toolbox_node-10] WARNING: Logging before InitGoogleLogging() is written to STDERR
[async_slam_toolbox_node-10] W20260924 13:20:07.783591 46451 preprocessor.cc:67] Specified options.num_threads: 50 exceeds maximum available from the threading model Ceres was compiled with: 16.  Bounding to maximum number available.
[async_slam_toolbox_node-10] [INFO] [1790230807.786324453] [slam_toolbox]: Adaptive anchor summary: latest_node=357, local_edges=373, loop_history=0, avg_effective_weight=1.800, release_regions=0
[INFO] [1790230808.404161535] [nearest_euclidean_frontier]: Main /plan diagnostic: poses=108, endpoint=(11.74, 2.04), frontier=(11.74, 2.04), endpoint_to_frontier=0.000 m, limit=0.10 m -> usable
[controller_server-11] [INFO] [1790230808.458208437] [controller_server]: Passing new path to controller.
[controller_server-11] [INFO] [1790230808.511471071] [local_costmap.local_costmap]: StaticLayer: Resizing static layer to 258 X 189 at 0.100000 m/pix
[planner_server-13] [INFO] [1790230809.280020689] [global_costmap.global_costmap]: StaticLayer: Resizing costmap to 258 X 189 at 0.100000 m/pix
[INFO] [1790230809.431682465] [nearest_euclidean_frontier]: Main /plan diagnostic: poses=99, endpoint=(11.74, 2.04), frontier=(11.74, 2.04), endpoint_to_frontier=0.000 m, limit=0.10 m -> usable
[controller_server-11] [INFO] [1790230809.458191803] [controller_server]: Passing new path to controller.
[INFO] [1790230810.448638618] [nearest_euclidean_frontier]: Main /plan diagnostic: poses=88, endpoint=(11.74, 2.04), frontier=(11.74, 2.04), endpoint_to_frontier=0.000 m, limit=0.10 m -> usable
[controller_server-11] [INFO] [1790230810.524849767] [controller_server]: Passing new path to controller.
[INFO] [1790230811.466716034] [nearest_euclidean_frontier]: Main /plan diagnostic: poses=76, endpoint=(11.74, 2.04), frontier=(11.74, 2.04), endpoint_to_frontier=0.000 m, limit=0.10 m -> usable
[controller_server-11] [INFO] [1790230811.524847764] [controller_server]: Passing new path to controller.
[INFO] [1790230812.487866389] [nearest_euclidean_frontier]: Main /plan diagnostic: poses=70, endpoint=(11.74, 2.04), frontier=(11.74, 2.04), endpoint_to_frontier=0.000 m, limit=0.10 m -> usable
[controller_server-11] [INFO] [1790230812.524876669] [controller_server]: Passing new path to controller.
[INFO] [1790230813.505885809] [nearest_euclidean_frontier]: Main /plan diagnostic: poses=60, endpoint=(11.74, 2.04), frontier=(11.74, 2.04), endpoint_to_frontier=0.000 m, limit=0.10 m -> usable
[controller_server-11] [INFO] [1790230813.525243397] [controller_server]: Passing new path to controller.
[INFO] [1790230814.560278314] [nearest_euclidean_frontier]: Main /plan diagnostic: poses=51, endpoint=(11.74, 2.04), frontier=(11.74, 2.04), endpoint_to_frontier=0.000 m, limit=0.10 m -> usable
[controller_server-11] [INFO] [1790230814.591540016] [controller_server]: Passing new path to controller.
[INFO] [1790230815.565746322] [nearest_euclidean_frontier]: Main /plan diagnostic: poses=43, endpoint=(11.74, 2.04), frontier=(11.74, 2.04), endpoint_to_frontier=0.000 m, limit=0.10 m -> usable
[controller_server-11] [INFO] [1790230815.591516809] [controller_server]: Passing new path to controller.
[INFO] [1790230816.608432829] [nearest_euclidean_frontier]: Main /plan diagnostic: poses=26, endpoint=(11.74, 2.04), frontier=(11.74, 2.04), endpoint_to_frontier=0.000 m, limit=0.10 m -> usable
[controller_server-11] [INFO] [1790230816.658178274] [controller_server]: Passing new path to controller.
[INFO] [1790230817.616205893] [nearest_euclidean_frontier]: Main /plan diagnostic: poses=20, endpoint=(11.74, 2.04), frontier=(11.74, 2.04), endpoint_to_frontier=0.000 m, limit=0.10 m -> usable
[controller_server-11] [INFO] [1790230817.658225104] [controller_server]: Passing new path to controller.
[INFO] [1790230818.645519307] [nearest_euclidean_frontier]: Main /plan diagnostic: poses=14, endpoint=(11.74, 2.04), frontier=(11.74, 2.04), endpoint_to_frontier=0.000 m, limit=0.10 m -> usable
[controller_server-11] [INFO] [1790230818.724848488] [controller_server]: Passing new path to controller.
[INFO] [1790230819.664778639] [nearest_euclidean_frontier]: Main /plan diagnostic: poses=10, endpoint=(11.74, 2.04), frontier=(11.74, 2.04), endpoint_to_frontier=0.000 m, limit=0.10 m -> usable
[controller_server-11] [INFO] [1790230819.724855015] [controller_server]: Passing new path to controller.
[controller_server-11] [INFO] [1790230819.859733926] [controller_server]: Reached the goal!
[controller_server-11] [INFO] [1790230819.860143019] [controller_server]: Optimizer reset
[bt_navigator-16] [INFO] [1790230819.880946195] [bt_navigator]: Goal succeeded
[INFO] [1790230819.883170578] [nearest_euclidean_frontier]: Goal reached
[INFO] [1790230820.994201675] [nearest_euclidean_frontier]: Selected nearest frontier: x=10.64, y=5.84, distance=3.89 m, region=32 cells, near_fallback=False
[bt_navigator-16] [INFO] [1790230820.995146516] [bt_navigator]: Begin navigating from current location (11.40, 2.02) to (10.64, 5.84)
[controller_server-11] [INFO] [1790230821.015872560] [controller_server]: Received a goal, begin computing control effort.
[INFO] [1790230821.424279167] [nearest_euclidean_frontier]: Main goal accepted
[INFO] [1790230821.475012598] [nearest_euclidean_frontier]: Main /plan diagnostic: poses=81, endpoint=(10.64, 5.84), frontier=(10.64, 5.84), endpoint_to_frontier=0.000 m, limit=0.10 m -> usable
[INFO] [1790230822.032104775] [nearest_euclidean_frontier]: Main /plan diagnostic: poses=81, endpoint=(10.64, 5.84), frontier=(10.64, 5.84), endpoint_to_frontier=0.000 m, limit=0.10 m -> usable
[controller_server-11] [INFO] [1790230822.082681292] [controller_server]: Passing new path to controller.
[INFO] [1790230823.062118788] [nearest_euclidean_frontier]: Main /plan diagnostic: poses=79, endpoint=(10.64, 5.84), frontier=(10.64, 5.84), endpoint_to_frontier=0.000 m, limit=0.10 m -> usable
[controller_server-11] [INFO] [1790230823.082706336] [controller_server]: Passing new path to controller.
[INFO] [1790230824.095950328] [nearest_euclidean_frontier]: Main /plan diagnostic: poses=69, endpoint=(10.64, 5.84), frontier=(10.64, 5.84), endpoint_to_frontier=0.000 m, limit=0.10 m -> usable
[controller_server-11] [INFO] [1790230824.149343370] [controller_server]: Passing new path to controller.
[INFO] [1790230825.116213016] [nearest_euclidean_frontier]: Main /plan diagnostic: poses=62, endpoint=(10.64, 5.84), frontier=(10.64, 5.84), endpoint_to_frontier=0.000 m, limit=0.10 m -> usable
[controller_server-11] [INFO] [1790230825.149375464] [controller_server]: Passing new path to controller.
[INFO] [1790230826.171153729] [nearest_euclidean_frontier]: Main /plan diagnostic: poses=52, endpoint=(10.64, 5.84), frontier=(10.64, 5.84), endpoint_to_frontier=0.000 m, limit=0.10 m -> usable
[controller_server-11] [INFO] [1790230826.216013540] [controller_server]: Passing new path to controller.
[INFO] [1790230827.164684704] [nearest_euclidean_frontier]: Main /plan diagnostic: poses=42, endpoint=(10.64, 5.84), frontier=(10.64, 5.84), endpoint_to_frontier=0.000 m, limit=0.10 m -> usable
[controller_server-11] [INFO] [1790230827.216007719] [controller_server]: Passing new path to controller.
[INFO] [1790230828.187373959] [nearest_euclidean_frontier]: Main /plan diagnostic: poses=32, endpoint=(10.64, 5.84), frontier=(10.64, 5.84), endpoint_to_frontier=0.000 m, limit=0.10 m -> usable
[controller_server-11] [INFO] [1790230828.216005407] [controller_server]: Passing new path to controller.
[INFO] [1790230829.209147525] [nearest_euclidean_frontier]: Main /plan diagnostic: poses=22, endpoint=(10.64, 5.84), frontier=(10.64, 5.84), endpoint_to_frontier=0.000 m, limit=0.10 m -> usable
[controller_server-11] [INFO] [1790230829.282671925] [controller_server]: Passing new path to controller.
[INFO] [1790230830.230117535] [nearest_euclidean_frontier]: Main /plan diagnostic: poses=15, endpoint=(10.64, 5.84), frontier=(10.64, 5.84), endpoint_to_frontier=0.000 m, limit=0.10 m -> usable
[controller_server-11] [INFO] [1790230830.282708885] [controller_server]: Passing new path to controller.
[INFO] [1790230831.252055927] [nearest_euclidean_frontier]: Main /plan diagnostic: poses=11, endpoint=(10.64, 5.84), frontier=(10.64, 5.84), endpoint_to_frontier=0.000 m, limit=0.10 m -> usable
[controller_server-11] [INFO] [1790230831.282675705] [controller_server]: Passing new path to controller.
[controller_server-11] [INFO] [1790230831.885396752] [controller_server]: Reached the goal!
[controller_server-11] [INFO] [1790230831.885614780] [controller_server]: Optimizer reset
[bt_navigator-16] [INFO] [1790230831.905428647] [bt_navigator]: Goal succeeded
[INFO] [1790230831.912770081] [nearest_euclidean_frontier]: Goal reached
[INFO] [1790230832.974928634] [nearest_euclidean_frontier]: Selected nearest frontier: x=-1.86, y=4.94, distance=12.80 m, region=11 cells, near_fallback=False
[bt_navigator-16] [INFO] [1790230832.976175969] [bt_navigator]: Begin navigating from current location (10.92, 5.65) to (-1.86, 4.94)
[controller_server-11] [INFO] [1790230832.997166285] [controller_server]: Received a goal, begin computing control effort.
[INFO] [1790230833.407915698] [nearest_euclidean_frontier]: Main goal accepted
[INFO] [1790230833.474782882] [nearest_euclidean_frontier]: Main /plan diagnostic: poses=412, endpoint=(-1.86, 4.94), frontier=(-1.86, 4.94), endpoint_to_frontier=0.000 m, limit=0.10 m -> usable
[INFO] [1790230834.031771021] [nearest_euclidean_frontier]: Main /plan diagnostic: poses=405, endpoint=(-1.86, 4.94), frontier=(-1.86, 4.94), endpoint_to_frontier=0.000 m, limit=0.10 m -> usable
[controller_server-11] [INFO] [1790230834.064715413] [controller_server]: Passing new path to controller.
[INFO] [1790230835.061731832] [nearest_euclidean_frontier]: Main /plan diagnostic: poses=402, endpoint=(-1.86, 4.94), frontier=(-1.86, 4.94), endpoint_to_frontier=0.000 m, limit=0.10 m -> usable
[controller_server-11] [INFO] [1790230835.064070909] [controller_server]: Passing new path to controller.
[INFO] [1790230836.084988886] [nearest_euclidean_frontier]: Main /plan diagnostic: poses=401, endpoint=(-1.86, 4.94), frontier=(-1.86, 4.94), endpoint_to_frontier=0.000 m, limit=0.10 m -> usable
[controller_server-11] [INFO] [1790230836.130675402] [controller_server]: Passing new path to controller.
[INFO] [1790230837.112841170] [nearest_euclidean_frontier]: Main /plan diagnostic: poses=398, endpoint=(-1.86, 4.94), frontier=(-1.86, 4.94), endpoint_to_frontier=0.000 m, limit=0.10 m -> usable
[controller_server-11] [INFO] [1790230837.130676902] [controller_server]: Passing new path to controller.
[INFO] [1790230838.142070866] [nearest_euclidean_frontier]: Main /plan diagnostic: poses=390, endpoint=(-1.86, 4.94), frontier=(-1.86, 4.94), endpoint_to_frontier=0.000 m, limit=0.10 m -> usable
[controller_server-11] [INFO] [1790230838.197346159] [controller_server]: Passing new path to controller.
[INFO] [1790230839.149276283] [nearest_euclidean_frontier]: Main /plan diagnostic: poses=381, endpoint=(-1.86, 4.94), frontier=(-1.86, 4.94), endpoint_to_frontier=0.000 m, limit=0.10 m -> usable
[controller_server-11] [INFO] [1790230839.197347602] [controller_server]: Passing new path to controller.
[controller_server-11] [INFO] [1790230840.197354471] [controller_server]: Passing new path to controller.
[INFO] [1790230840.206069803] [nearest_euclidean_frontier]: Main /plan diagnostic: poses=370, endpoint=(-1.86, 4.94), frontier=(-1.86, 4.94), endpoint_to_frontier=0.000 m, limit=0.10 m -> usable
[INFO] [1790230841.213246830] [nearest_euclidean_frontier]: Main /plan diagnostic: poses=361, endpoint=(-1.86, 4.94), frontier=(-1.86, 4.94), endpoint_to_frontier=0.000 m, limit=0.10 m -> usable
[controller_server-11] [INFO] [1790230841.264208995] [controller_server]: Passing new path to controller.
[INFO] [1790230842.229893929] [nearest_euclidean_frontier]: Main /plan diagnostic: poses=350, endpoint=(-1.86, 4.94), frontier=(-1.86, 4.94), endpoint_to_frontier=0.000 m, limit=0.10 m -> usable
[controller_server-11] [INFO] [1790230842.264054452] [controller_server]: Passing new path to controller.
[controller_server-11] [INFO] [1790230843.264009036] [controller_server]: Passing new path to controller.
[INFO] [1790230843.264767848] [nearest_euclidean_frontier]: Main /plan diagnostic: poses=342, endpoint=(-1.86, 4.94), frontier=(-1.86, 4.94), endpoint_to_frontier=0.000 m, limit=0.10 m -> usable
[INFO] [1790230844.270321848] [nearest_euclidean_frontier]: Main /plan diagnostic: poses=332, endpoint=(-1.86, 4.94), frontier=(-1.86, 4.94), endpoint_to_frontier=0.000 m, limit=0.10 m -> usable
[controller_server-11] [INFO] [1790230844.330679215] [controller_server]: Passing new path to controller.
[INFO] [1790230845.294190472] [nearest_euclidean_frontier]: Main /plan diagnostic: poses=323, endpoint=(-1.86, 4.94), frontier=(-1.86, 4.94), endpoint_to_frontier=0.000 m, limit=0.10 m -> usable
[controller_server-11] [INFO] [1790230845.330706666] [controller_server]: Passing new path to controller.
[async_slam_toolbox_node-10] W20260924 13:20:46.040129 46451 preprocessor.cc:67] Specified options.num_threads: 50 exceeds maximum available from the threading model Ceres was compiled with: 16.  Bounding to maximum number available.
[async_slam_toolbox_node-10] [INFO] [1790230846.044335257] [slam_toolbox]: Adaptive anchor summary: latest_node=450, local_edges=469, loop_history=0, avg_effective_weight=1.639, release_regions=0
[controller_server-11] [INFO] [1790230846.330672939] [controller_server]: Passing new path to controller.
[INFO] [1790230846.333417204] [nearest_euclidean_frontier]: Main /plan diagnostic: poses=311, endpoint=(-1.86, 4.94), frontier=(-1.86, 4.94), endpoint_to_frontier=0.000 m, limit=0.10 m -> usable
[controller_server-11] [INFO] [1790230846.511446512] [local_costmap.local_costmap]: StaticLayer: Resizing static layer to 258 X 189 at 0.100000 m/pix
[planner_server-13] [INFO] [1790230847.280103056] [global_costmap.global_costmap]: StaticLayer: Resizing costmap to 258 X 189 at 0.100000 m/pix
[INFO] [1790230847.352334891] [nearest_euclidean_frontier]: Main /plan diagnostic: poses=305, endpoint=(-1.86, 4.94), frontier=(-1.86, 4.94), endpoint_to_frontier=0.000 m, limit=0.10 m -> usable
[controller_server-11] [INFO] [1790230847.397822004] [controller_server]: Passing new path to controller.
[INFO] [1790230848.380347582] [nearest_euclidean_frontier]: Main /plan diagnostic: poses=291, endpoint=(-1.86, 4.94), frontier=(-1.86, 4.94), endpoint_to_frontier=0.000 m, limit=0.10 m -> usable
[controller_server-11] [INFO] [1790230848.397344491] [controller_server]: Passing new path to controller.
[INFO] [1790230849.409906573] [nearest_euclidean_frontier]: Main /plan diagnostic: poses=285, endpoint=(-1.86, 4.94), frontier=(-1.86, 4.94), endpoint_to_frontier=0.000 m, limit=0.10 m -> usable
[controller_server-11] [INFO] [1790230849.464012655] [controller_server]: Passing new path to controller.
[async_slam_toolbox_node-10] W20260924 13:20:50.307471 46451 preprocessor.cc:67] Specified options.num_threads: 50 exceeds maximum available from the threading model Ceres was compiled with: 16.  Bounding to maximum number available.
[INFO] [1790230850.430643313] [nearest_euclidean_frontier]: Main /plan diagnostic: poses=275, endpoint=(-1.86, 4.94), frontier=(-1.86, 4.94), endpoint_to_frontier=0.000 m, limit=0.10 m -> usable
[controller_server-11] [INFO] [1790230850.464011936] [controller_server]: Passing new path to controller.
[controller_server-11] [INFO] [1790230850.511442034] [local_costmap.local_costmap]: StaticLayer: Resizing static layer to 258 X 189 at 0.100000 m/pix
[planner_server-13] [INFO] [1790230851.280008028] [global_costmap.global_costmap]: StaticLayer: Resizing costmap to 258 X 189 at 0.100000 m/pix
[INFO] [1790230851.460163199] [nearest_euclidean_frontier]: Main /plan diagnostic: poses=263, endpoint=(-1.86, 4.94), frontier=(-1.86, 4.94), endpoint_to_frontier=0.000 m, limit=0.10 m -> usable
[controller_server-11] [INFO] [1790230851.530684579] [controller_server]: Passing new path to controller.
[INFO] [1790230852.486309294] [nearest_euclidean_frontier]: Main /plan diagnostic: poses=258, endpoint=(-1.86, 4.94), frontier=(-1.86, 4.94), endpoint_to_frontier=0.000 m, limit=0.10 m -> usable
[controller_server-11] [INFO] [1790230852.530681465] [controller_server]: Passing new path to controller.
[INFO] [1790230853.511090758] [nearest_euclidean_frontier]: Main /plan diagnostic: poses=244, endpoint=(-1.86, 4.94), frontier=(-1.86, 4.94), endpoint_to_frontier=0.000 m, limit=0.10 m -> usable
[controller_server-11] [INFO] [1790230853.530680000] [controller_server]: Passing new path to controller.
[INFO] [1790230854.564676921] [nearest_euclidean_frontier]: Main /plan diagnostic: poses=234, endpoint=(-1.86, 4.94), frontier=(-1.86, 4.94), endpoint_to_frontier=0.000 m, limit=0.10 m -> usable
[controller_server-11] [INFO] [1790230854.597349181] [controller_server]: Passing new path to controller.
[INFO] [1790230855.551657869] [nearest_euclidean_frontier]: Main /plan diagnostic: poses=224, endpoint=(-1.86, 4.94), frontier=(-1.86, 4.94), endpoint_to_frontier=0.000 m, limit=0.10 m -> usable
[controller_server-11] [INFO] [1790230855.597340342] [controller_server]: Passing new path to controller.
[INFO] [1790230856.575933792] [nearest_euclidean_frontier]: Main /plan diagnostic: poses=213, endpoint=(-1.86, 4.94), frontier=(-1.86, 4.94), endpoint_to_frontier=0.000 m, limit=0.10 m -> usable
[controller_server-11] [INFO] [1790230856.597348510] [controller_server]: Passing new path to controller.
[async_slam_toolbox_node-10] W20260924 13:20:57.156255 46451 preprocessor.cc:67] Specified options.num_threads: 50 exceeds maximum available from the threading model Ceres was compiled with: 16.  Bounding to maximum number available.
[controller_server-11] [INFO] [1790230857.511474307] [local_costmap.local_costmap]: StaticLayer: Resizing static layer to 258 X 189 at 0.100000 m/pix
[INFO] [1790230857.603464816] [nearest_euclidean_frontier]: Main /plan diagnostic: poses=204, endpoint=(-1.86, 4.94), frontier=(-1.86, 4.94), endpoint_to_frontier=0.000 m, limit=0.10 m -> usable
[controller_server-11] [INFO] [1790230857.664021159] [controller_server]: Passing new path to controller.
[planner_server-13] [INFO] [1790230858.280010778] [global_costmap.global_costmap]: StaticLayer: Resizing costmap to 258 X 189 at 0.100000 m/pix
[INFO] [1790230858.634569365] [nearest_euclidean_frontier]: Main /plan diagnostic: poses=192, endpoint=(-1.86, 4.94), frontier=(-1.86, 4.94), endpoint_to_frontier=0.000 m, limit=0.10 m -> usable
[controller_server-11] [INFO] [1790230858.664052207] [controller_server]: Passing new path to controller.
[INFO] [1790230859.669417499] [nearest_euclidean_frontier]: Main /plan diagnostic: poses=181, endpoint=(-1.86, 4.94), frontier=(-1.86, 4.94), endpoint_to_frontier=0.000 m, limit=0.10 m -> usable
[controller_server-11] [INFO] [1790230859.730678946] [controller_server]: Passing new path to controller.
[INFO] [1790230860.683292790] [nearest_euclidean_frontier]: Main /plan diagnostic: poses=173, endpoint=(-1.86, 4.94), frontier=(-1.86, 4.94), endpoint_to_frontier=0.000 m, limit=0.10 m -> usable
[controller_server-11] [INFO] [1790230860.730677529] [controller_server]: Passing new path to controller.
[controller_server-11] [INFO] [1790230861.730720984] [controller_server]: Passing new path to controller.
[INFO] [1790230861.741032165] [nearest_euclidean_frontier]: Main /plan diagnostic: poses=163, endpoint=(-1.86, 4.94), frontier=(-1.86, 4.94), endpoint_to_frontier=0.000 m, limit=0.10 m -> usable
[controller_server-11] [INFO] [1790230862.797345744] [controller_server]: Passing new path to controller.
[INFO] [1790230862.853055745] [nearest_euclidean_frontier]: Main /plan diagnostic: poses=155, endpoint=(-1.86, 4.94), frontier=(-1.86, 4.94), endpoint_to_frontier=0.000 m, limit=0.10 m -> usable
[INFO] [1790230863.755969812] [nearest_euclidean_frontier]: Main /plan diagnostic: poses=143, endpoint=(-1.86, 4.94), frontier=(-1.86, 4.94), endpoint_to_frontier=0.000 m, limit=0.10 m -> usable
[controller_server-11] [INFO] [1790230863.797347495] [controller_server]: Passing new path to controller.
[INFO] [1790230864.775186859] [nearest_euclidean_frontier]: Main /plan diagnostic: poses=135, endpoint=(-1.86, 4.94), frontier=(-1.86, 4.94), endpoint_to_frontier=0.000 m, limit=0.10 m -> usable
[controller_server-11] [INFO] [1790230864.797348394] [controller_server]: Passing new path to controller.
[INFO] [1790230865.806715175] [nearest_euclidean_frontier]: Main /plan diagnostic: poses=123, endpoint=(-1.86, 4.94), frontier=(-1.86, 4.94), endpoint_to_frontier=0.000 m, limit=0.10 m -> usable
[controller_server-11] [INFO] [1790230865.864176400] [controller_server]: Passing new path to controller.
[INFO] [1790230866.822392440] [nearest_euclidean_frontier]: Main /plan diagnostic: poses=115, endpoint=(-1.86, 4.94), frontier=(-1.86, 4.94), endpoint_to_frontier=0.000 m, limit=0.10 m -> usable
[controller_server-11] [INFO] [1790230866.864006714] [controller_server]: Passing new path to controller.
[INFO] [1790230867.835200926] [nearest_euclidean_frontier]: Main /plan diagnostic: poses=105, endpoint=(-1.86, 4.94), frontier=(-1.86, 4.94), endpoint_to_frontier=0.000 m, limit=0.10 m -> usable
[controller_server-11] [INFO] [1790230867.864018255] [controller_server]: Passing new path to controller.
[async_slam_toolbox_node-10] W20260924 13:21:08.014402 46451 preprocessor.cc:67] Specified options.num_threads: 50 exceeds maximum available from the threading model Ceres was compiled with: 16.  Bounding to maximum number available.
[async_slam_toolbox_node-10] [INFO] [1790230868.018957310] [slam_toolbox]: Adaptive anchor summary: latest_node=519, local_edges=538, loop_history=0, avg_effective_weight=1.557, release_regions=0
[controller_server-11] [INFO] [1790230868.511463175] [local_costmap.local_costmap]: StaticLayer: Resizing static layer to 258 X 189 at 0.100000 m/pix
[INFO] [1790230868.853831356] [nearest_euclidean_frontier]: Main /plan diagnostic: poses=97, endpoint=(-1.86, 4.94), frontier=(-1.86, 4.94), endpoint_to_frontier=0.000 m, limit=0.10 m -> usable
[controller_server-11] [INFO] [1790230868.931839831] [controller_server]: Passing new path to controller.
[planner_server-13] [INFO] [1790230869.280604998] [global_costmap.global_costmap]: StaticLayer: Resizing costmap to 258 X 189 at 0.100000 m/pix
[INFO] [1790230869.887339813] [nearest_euclidean_frontier]: Main /plan diagnostic: poses=87, endpoint=(-1.86, 4.94), frontier=(-1.86, 4.94), endpoint_to_frontier=0.000 m, limit=0.10 m -> usable
[controller_server-11] [INFO] [1790230869.930673423] [controller_server]: Passing new path to controller.
[INFO] [1790230870.915721891] [nearest_euclidean_frontier]: Main /plan diagnostic: poses=79, endpoint=(-1.86, 4.94), frontier=(-1.86, 4.94), endpoint_to_frontier=0.000 m, limit=0.10 m -> usable
[controller_server-11] [INFO] [1790230870.930670692] [controller_server]: Passing new path to controller.
[INFO] [1790230871.940857600] [nearest_euclidean_frontier]: Main /plan diagnostic: poses=71, endpoint=(-1.86, 4.94), frontier=(-1.86, 4.94), endpoint_to_frontier=0.000 m, limit=0.10 m -> usable
[controller_server-11] [INFO] [1790230871.997354720] [controller_server]: Passing new path to controller.
[INFO] [1790230872.964462931] [nearest_euclidean_frontier]: Main /plan diagnostic: poses=57, endpoint=(-1.86, 4.94), frontier=(-1.86, 4.94), endpoint_to_frontier=0.000 m, limit=0.10 m -> usable
[controller_server-11] [INFO] [1790230872.997367172] [controller_server]: Passing new path to controller.
[INFO] [1790230873.992320367] [nearest_euclidean_frontier]: Main /plan diagnostic: poses=49, endpoint=(-1.86, 4.94), frontier=(-1.86, 4.94), endpoint_to_frontier=0.000 m, limit=0.10 m -> usable
[controller_server-11] [INFO] [1790230874.064014603] [controller_server]: Passing new path to controller.
[INFO] [1790230875.014653558] [nearest_euclidean_frontier]: Main /plan diagnostic: poses=41, endpoint=(-1.86, 4.94), frontier=(-1.86, 4.94), endpoint_to_frontier=0.000 m, limit=0.10 m -> usable
[controller_server-11] [INFO] [1790230875.064051439] [controller_server]: Passing new path to controller.
[INFO] [1790230876.031000231] [nearest_euclidean_frontier]: Main /plan diagnostic: poses=32, endpoint=(-1.86, 4.94), frontier=(-1.86, 4.94), endpoint_to_frontier=0.000 m, limit=0.10 m -> usable
[controller_server-11] [INFO] [1790230876.064191051] [controller_server]: Passing new path to controller.
[planner_server-13] [WARN] [1790230877.059406712] [planner_server]: GridBased plugin failed to plan from (-1.02, 5.42) to (-1.86, 4.94): "Failed to create plan with tolerance of: 0.000000"
[planner_server-13] [WARN] [1790230877.059473421] [planner_server]: [compute_path_to_pose] [ActionServer] Aborting handle.
[bt_navigator-16] [ERROR] [1790230877.089590223] [bt_navigator_navigate_to_pose_rclcpp_node]: Failed to get result for follow_path in node halt!
[behavior_server-15] [INFO] [1790230877.090440052] [behavior_server]: Running wait
[controller_server-11] [INFO] [1790230877.130681516] [controller_server]: Cancellation was successful. Stopping the robot.
[controller_server-11] [INFO] [1790230877.130736555] [controller_server]: [follow_path] [ActionServer] Client requested to cancel the goal. Cancelling.
[controller_server-11] [INFO] [1790230877.131350834] [controller_server]: Optimizer reset
[behavior_server-15] [INFO] [1790230877.391052874] [behavior_server]: wait completed successfully
[planner_server-13] [WARN] [1790230877.402874091] [planner_server]: GridBased plugin failed to plan from (-1.10, 5.46) to (-1.86, 4.94): "Goal Coordinates of(-1.859944, 4.937487) was in lethal cost"
[planner_server-13] [WARN] [1790230877.402929759] [planner_server]: [compute_path_to_pose] [ActionServer] Aborting handle.
[bt_navigator-16] [WARN] [1790230877.422170384] [bt_navigator]: [navigate_to_pose] [ActionServer] Aborting handle.
[bt_navigator-16] [ERROR] [1790230877.422342892] [bt_navigator]: Goal failed
[WARN] [1790230877.424969671] [nearest_euclidean_frontier]: Main goal failed (status=6, error_code=206)
[WARN] [1790230877.425675652] [nearest_euclidean_frontier]: Main frontier abandoned after GOAL_OCCUPIED (206): x=-1.86, y=4.94; candidates within 0.10 m are skipped during normal selection but will be checked again by terminal planner revalidation.
[INFO] [1790230878.043723911] [nearest_euclidean_frontier]: Selected nearest frontier: x=-7.86, y=2.74, distance=7.27 m, region=90 cells, near_fallback=False
[bt_navigator-16] [INFO] [1790230878.047541355] [bt_navigator]: Begin navigating from current location (-1.13, 5.47) to (-7.86, 2.74)
[controller_server-11] [INFO] [1790230878.069762521] [controller_server]: Received a goal, begin computing control effort.
[INFO] [1790230878.645738059] [nearest_euclidean_frontier]: Main goal accepted
[INFO] [1790230878.779235129] [nearest_euclidean_frontier]: Main /plan diagnostic: poses=251, endpoint=(-7.86, 2.74), frontier=(-7.86, 2.74), endpoint_to_frontier=0.000 m, limit=0.10 m -> usable
[INFO] [1790230879.100293724] [nearest_euclidean_frontier]: Main /plan diagnostic: poses=246, endpoint=(-7.86, 2.74), frontier=(-7.86, 2.74), endpoint_to_frontier=0.000 m, limit=0.10 m -> usable
[controller_server-11] [INFO] [1790230879.136692346] [controller_server]: Passing new path to controller.
[INFO] [1790230880.128366692] [nearest_euclidean_frontier]: Main /plan diagnostic: poses=247, endpoint=(-7.86, 2.74), frontier=(-7.86, 2.74), endpoint_to_frontier=0.000 m, limit=0.10 m -> usable
[controller_server-11] [INFO] [1790230880.136945000] [controller_server]: Passing new path to controller.
[INFO] [1790230881.160602158] [nearest_euclidean_frontier]: Main /plan diagnostic: poses=245, endpoint=(-7.86, 2.74), frontier=(-7.86, 2.74), endpoint_to_frontier=0.000 m, limit=0.10 m -> usable
[controller_server-11] [INFO] [1790230881.203348169] [controller_server]: Passing new path to controller.
[INFO] [1790230882.161859830] [nearest_euclidean_frontier]: Main /plan diagnostic: poses=241, endpoint=(-7.86, 2.74), frontier=(-7.86, 2.74), endpoint_to_frontier=0.000 m, limit=0.10 m -> usable
[controller_server-11] [INFO] [1790230882.203304253] [controller_server]: Passing new path to controller.
[INFO] [1790230883.187895861] [nearest_euclidean_frontier]: Main /plan diagnostic: poses=231, endpoint=(-7.86, 2.74), frontier=(-7.86, 2.74), endpoint_to_frontier=0.000 m, limit=0.10 m -> usable
[controller_server-11] [INFO] [1790230883.203298787] [controller_server]: Passing new path to controller.
[INFO] [1790230884.224230551] [nearest_euclidean_frontier]: Main /plan diagnostic: poses=220, endpoint=(-7.86, 2.74), frontier=(-7.86, 2.74), endpoint_to_frontier=0.000 m, limit=0.10 m -> usable
[controller_server-11] [INFO] [1790230884.269966243] [controller_server]: Passing new path to controller.
[INFO] [1790230885.248595151] [nearest_euclidean_frontier]: Main /plan diagnostic: poses=210, endpoint=(-7.86, 2.74), frontier=(-7.86, 2.74), endpoint_to_frontier=0.000 m, limit=0.10 m -> usable
[controller_server-11] [INFO] [1790230885.269966075] [controller_server]: Passing new path to controller.
[INFO] [1790230886.276403276] [nearest_euclidean_frontier]: Main /plan diagnostic: poses=201, endpoint=(-7.86, 2.74), frontier=(-7.86, 2.74), endpoint_to_frontier=0.000 m, limit=0.10 m -> usable
[controller_server-11] [INFO] [1790230886.336650360] [controller_server]: Passing new path to controller.
[INFO] [1790230887.289680488] [nearest_euclidean_frontier]: Main /plan diagnostic: poses=189, endpoint=(-7.86, 2.74), frontier=(-7.86, 2.74), endpoint_to_frontier=0.000 m, limit=0.10 m -> usable
[controller_server-11] [INFO] [1790230887.336634632] [controller_server]: Passing new path to controller.
[controller_server-11] [INFO] [1790230888.336641019] [controller_server]: Passing new path to controller.
[INFO] [1790230888.341346111] [nearest_euclidean_frontier]: Main /plan diagnostic: poses=180, endpoint=(-7.86, 2.74), frontier=(-7.86, 2.74), endpoint_to_frontier=0.000 m, limit=0.10 m -> usable
[INFO] [1790230889.351706868] [nearest_euclidean_frontier]: Main /plan diagnostic: poses=169, endpoint=(-7.86, 2.74), frontier=(-7.86, 2.74), endpoint_to_frontier=0.000 m, limit=0.10 m -> usable
[controller_server-11] [INFO] [1790230889.403326766] [controller_server]: Passing new path to controller.
[INFO] [1790230890.367581507] [nearest_euclidean_frontier]: Main /plan diagnostic: poses=161, endpoint=(-7.86, 2.74), frontier=(-7.86, 2.74), endpoint_to_frontier=0.000 m, limit=0.10 m -> usable
[controller_server-11] [INFO] [1790230890.403309272] [controller_server]: Passing new path to controller.
[INFO] [1790230891.392813303] [nearest_euclidean_frontier]: Main /plan diagnostic: poses=152, endpoint=(-7.86, 2.74), frontier=(-7.86, 2.74), endpoint_to_frontier=0.000 m, limit=0.10 m -> usable
[controller_server-11] [INFO] [1790230891.403342442] [controller_server]: Passing new path to controller.
[INFO] [1790230892.445888495] [nearest_euclidean_frontier]: Main /plan diagnostic: poses=140, endpoint=(-7.86, 2.74), frontier=(-7.86, 2.74), endpoint_to_frontier=0.000 m, limit=0.10 m -> usable
[controller_server-11] [INFO] [1790230892.470151802] [controller_server]: Passing new path to controller.
[INFO] [1790230893.445565995] [nearest_euclidean_frontier]: Main /plan diagnostic: poses=132, endpoint=(-7.86, 2.74), frontier=(-7.86, 2.74), endpoint_to_frontier=0.000 m, limit=0.10 m -> usable
[controller_server-11] [INFO] [1790230893.469969728] [controller_server]: Passing new path to controller.
[rviz2-7] [INFO] [1790230893.552187199] [rviz2]: Trying to create a map of size 259 x 189 using 1 swatches
[controller_server-11] [INFO] [1790230893.711502178] [local_costmap.local_costmap]: StaticLayer: Resizing static layer to 259 X 189 at 0.100000 m/pix
[planner_server-13] [INFO] [1790230894.280078599] [global_costmap.global_costmap]: StaticLayer: Resizing costmap to 259 X 189 at 0.100000 m/pix
[INFO] [1790230894.479548846] [nearest_euclidean_frontier]: Main /plan diagnostic: poses=121, endpoint=(-7.86, 2.74), frontier=(-7.86, 2.74), endpoint_to_frontier=0.000 m, limit=0.10 m -> usable
[controller_server-11] [INFO] [1790230894.536789102] [controller_server]: Passing new path to controller.
[INFO] [1790230895.486450531] [nearest_euclidean_frontier]: Main /plan diagnostic: poses=113, endpoint=(-7.86, 2.74), frontier=(-7.86, 2.74), endpoint_to_frontier=0.000 m, limit=0.10 m -> usable
[controller_server-11] [INFO] [1790230895.536646865] [controller_server]: Passing new path to controller.
[INFO] [1790230896.506264154] [nearest_euclidean_frontier]: Main /plan diagnostic: poses=104, endpoint=(-7.86, 2.74), frontier=(-7.86, 2.74), endpoint_to_frontier=0.000 m, limit=0.10 m -> usable
[controller_server-11] [INFO] [1790230896.536643360] [controller_server]: Passing new path to controller.
[INFO] [1790230897.534850736] [nearest_euclidean_frontier]: Main /plan diagnostic: poses=96, endpoint=(-7.86, 2.74), frontier=(-7.86, 2.74), endpoint_to_frontier=0.000 m, limit=0.10 m -> usable
[controller_server-11] [INFO] [1790230897.603308471] [controller_server]: Passing new path to controller.
[INFO] [1790230898.561309590] [nearest_euclidean_frontier]: Main /plan diagnostic: poses=89, endpoint=(-7.86, 2.74), frontier=(-7.86, 2.74), endpoint_to_frontier=0.000 m, limit=0.10 m -> usable
[controller_server-11] [INFO] [1790230898.603308543] [controller_server]: Passing new path to controller.
[INFO] [1790230899.581984306] [nearest_euclidean_frontier]: Main /plan diagnostic: poses=77, endpoint=(-7.86, 2.74), frontier=(-7.86, 2.74), endpoint_to_frontier=0.000 m, limit=0.10 m -> usable
[controller_server-11] [INFO] [1790230899.603566197] [controller_server]: Passing new path to controller.
[INFO] [1790230900.605195652] [nearest_euclidean_frontier]: Main /plan diagnostic: poses=68, endpoint=(-7.86, 2.74), frontier=(-7.86, 2.74), endpoint_to_frontier=0.000 m, limit=0.10 m -> usable
[controller_server-11] [INFO] [1790230900.670255764] [controller_server]: Passing new path to controller.
[INFO] [1790230901.624374230] [nearest_euclidean_frontier]: Main /plan diagnostic: poses=58, endpoint=(-7.86, 2.74), frontier=(-7.86, 2.74), endpoint_to_frontier=0.000 m, limit=0.10 m -> usable
[controller_server-11] [INFO] [1790230901.670030586] [controller_server]: Passing new path to controller.
[INFO] [1790230902.658002515] [nearest_euclidean_frontier]: Main /plan diagnostic: poses=50, endpoint=(-7.86, 2.74), frontier=(-7.86, 2.74), endpoint_to_frontier=0.000 m, limit=0.10 m -> usable
[controller_server-11] [INFO] [1790230902.670179435] [controller_server]: Passing new path to controller.
[controller_server-11] [INFO] [1790230903.736708267] [controller_server]: Passing new path to controller.
[INFO] [1790230903.750593488] [nearest_euclidean_frontier]: Main /plan diagnostic: poses=41, endpoint=(-7.86, 2.74), frontier=(-7.86, 2.74), endpoint_to_frontier=0.000 m, limit=0.10 m -> usable
[controller_server-11] [INFO] [1790230904.736644319] [controller_server]: Passing new path to controller.
[INFO] [1790230904.746319797] [nearest_euclidean_frontier]: Main /plan diagnostic: poses=32, endpoint=(-7.86, 2.74), frontier=(-7.86, 2.74), endpoint_to_frontier=0.000 m, limit=0.10 m -> usable
[INFO] [1790230905.734289061] [nearest_euclidean_frontier]: Main /plan diagnostic: poses=24, endpoint=(-7.86, 2.74), frontier=(-7.86, 2.74), endpoint_to_frontier=0.000 m, limit=0.10 m -> usable
[controller_server-11] [INFO] [1790230905.739050970] [controller_server]: Passing new path to controller.
[controller_server-11] [INFO] [1790230906.711441627] [local_costmap.local_costmap]: StaticLayer: Resizing static layer to 259 X 189 at 0.100000 m/pix
[controller_server-11] [INFO] [1790230906.803307918] [controller_server]: Passing new path to controller.
[INFO] [1790230906.845517292] [nearest_euclidean_frontier]: Main /plan diagnostic: poses=16, endpoint=(-7.86, 2.74), frontier=(-7.86, 2.74), endpoint_to_frontier=0.000 m, limit=0.10 m -> usable
[planner_server-13] [INFO] [1790230907.280012647] [global_costmap.global_costmap]: StaticLayer: Resizing costmap to 259 X 189 at 0.100000 m/pix
[INFO] [1790230907.771065068] [nearest_euclidean_frontier]: Main /plan diagnostic: poses=11, endpoint=(-7.86, 2.74), frontier=(-7.86, 2.74), endpoint_to_frontier=0.000 m, limit=0.10 m -> usable
[controller_server-11] [INFO] [1790230907.803304165] [controller_server]: Passing new path to controller.
[controller_server-11] [INFO] [1790230908.711509939] [local_costmap.local_costmap]: StaticLayer: Resizing static layer to 259 X 189 at 0.100000 m/pix
[INFO] [1790230908.801808327] [nearest_euclidean_frontier]: Main /plan diagnostic: poses=6, endpoint=(-7.86, 2.74), frontier=(-7.86, 2.74), endpoint_to_frontier=0.000 m, limit=0.10 m -> usable
[controller_server-11] [INFO] [1790230908.805852504] [controller_server]: Reached the goal!
[controller_server-11] [INFO] [1790230908.806275750] [controller_server]: Optimizer reset
[controller_server-11] [INFO] [1790230908.808215155] [controller_server]: Received a goal, begin computing control effort.
[controller_server-11] [INFO] [1790230908.810768137] [controller_server]: Reached the goal!
[controller_server-11] [INFO] [1790230908.811068138] [controller_server]: Optimizer reset
[bt_navigator-16] [INFO] [1790230908.838283523] [bt_navigator]: Goal succeeded
[INFO] [1790230908.841334719] [nearest_euclidean_frontier]: Goal reached
[planner_server-13] [INFO] [1790230909.279985536] [global_costmap.global_costmap]: StaticLayer: Resizing costmap to 259 X 189 at 0.100000 m/pix
[controller_server-11] [INFO] [1790230909.711443388] [local_costmap.local_costmap]: StaticLayer: Resizing static layer to 259 X 189 at 0.100000 m/pix
[INFO] [1790230910.123197599] [nearest_euclidean_frontier]: Selected nearest frontier: x=-8.60, y=5.74, distance=3.33 m, region=39 cells, near_fallback=False
[bt_navigator-16] [INFO] [1790230910.124102514] [bt_navigator]: Begin navigating from current location (-7.57, 2.57) to (-8.60, 5.74)
[controller_server-11] [INFO] [1790230910.145023707] [controller_server]: Received a goal, begin computing control effort.
[planner_server-13] [INFO] [1790230910.280032626] [global_costmap.global_costmap]: StaticLayer: Resizing costmap to 259 X 189 at 0.100000 m/pix
[INFO] [1790230910.754788381] [nearest_euclidean_frontier]: Main goal accepted
[INFO] [1790230910.822373154] [nearest_euclidean_frontier]: Main /plan diagnostic: poses=75, endpoint=(-8.60, 5.74), frontier=(-8.60, 5.74), endpoint_to_frontier=0.000 m, limit=0.10 m -> usable
[INFO] [1790230911.153839069] [nearest_euclidean_frontier]: Main /plan diagnostic: poses=67, endpoint=(-8.60, 5.74), frontier=(-8.60, 5.74), endpoint_to_frontier=0.000 m, limit=0.10 m -> usable
[controller_server-11] [INFO] [1790230911.211888771] [controller_server]: Passing new path to controller.
[controller_server-11] [INFO] [1790230911.711471227] [local_costmap.local_costmap]: StaticLayer: Resizing static layer to 259 X 189 at 0.100000 m/pix
[INFO] [1790230912.170327430] [nearest_euclidean_frontier]: Main /plan diagnostic: poses=60, endpoint=(-8.60, 5.74), frontier=(-8.60, 5.74), endpoint_to_frontier=0.000 m, limit=0.10 m -> usable
[controller_server-11] [INFO] [1790230912.211929120] [controller_server]: Passing new path to controller.
[planner_server-13] [INFO] [1790230912.280065868] [global_costmap.global_costmap]: StaticLayer: Resizing costmap to 259 X 189 at 0.100000 m/pix
[rviz2-7] [INFO] [1790230912.579672709] [rviz2]: Trying to create a map of size 260 x 189 using 1 swatches
[controller_server-11] [INFO] [1790230912.711493699] [local_costmap.local_costmap]: StaticLayer: Resizing static layer to 260 X 189 at 0.100000 m/pix
[INFO] [1790230913.210157861] [nearest_euclidean_frontier]: Main /plan diagnostic: poses=51, endpoint=(-8.60, 5.74), frontier=(-8.60, 5.74), endpoint_to_frontier=0.000 m, limit=0.10 m -> usable
[controller_server-11] [INFO] [1790230913.278727108] [controller_server]: Passing new path to controller.
[planner_server-13] [INFO] [1790230913.280160153] [global_costmap.global_costmap]: StaticLayer: Resizing costmap to 260 X 189 at 0.100000 m/pix
[INFO] [1790230914.230029844] [nearest_euclidean_frontier]: Main /plan diagnostic: poses=42, endpoint=(-8.60, 5.74), frontier=(-8.60, 5.74), endpoint_to_frontier=0.000 m, limit=0.10 m -> usable
[controller_server-11] [INFO] [1790230914.278538374] [controller_server]: Passing new path to controller.
[INFO] [1790230915.267929728] [nearest_euclidean_frontier]: Main /plan diagnostic: poses=34, endpoint=(-8.60, 5.74), frontier=(-8.60, 5.74), endpoint_to_frontier=0.000 m, limit=0.10 m -> usable
[controller_server-11] [INFO] [1790230915.278535562] [controller_server]: Passing new path to controller.
[INFO] [1790230916.290666900] [nearest_euclidean_frontier]: Main /plan diagnostic: poses=23, endpoint=(-8.60, 5.74), frontier=(-8.60, 5.74), endpoint_to_frontier=0.000 m, limit=0.10 m -> usable
[controller_server-11] [INFO] [1790230916.345198904] [controller_server]: Passing new path to controller.
[INFO] [1790230917.310415833] [nearest_euclidean_frontier]: Main /plan diagnostic: poses=19, endpoint=(-8.60, 5.74), frontier=(-8.60, 5.74), endpoint_to_frontier=0.000 m, limit=0.10 m -> usable
[controller_server-11] [INFO] [1790230917.345205094] [controller_server]: Passing new path to controller.
[INFO] [1790230918.340403705] [nearest_euclidean_frontier]: Main /plan diagnostic: poses=13, endpoint=(-8.60, 5.74), frontier=(-8.60, 5.74), endpoint_to_frontier=0.000 m, limit=0.10 m -> usable
[controller_server-11] [INFO] [1790230918.412115659] [controller_server]: Passing new path to controller.
[controller_server-11] [INFO] [1790230919.283370789] [controller_server]: Reached the goal!
[controller_server-11] [INFO] [1790230919.283620866] [controller_server]: Optimizer reset
[bt_navigator-16] [INFO] [1790230919.306626137] [bt_navigator]: Goal succeeded
[INFO] [1790230919.313782225] [nearest_euclidean_frontier]: Goal reached
[INFO] [1790230920.155614110] [nearest_euclidean_frontier]: Selected nearest frontier: x=-11.82, y=4.24, distance=3.29 m, region=26 cells, near_fallback=False
[bt_navigator-16] [INFO] [1790230920.157053844] [bt_navigator]: Begin navigating from current location (-8.75, 5.45) to (-11.82, 4.24)
[controller_server-11] [INFO] [1790230920.170394493] [controller_server]: Received a goal, begin computing control effort.
[INFO] [1790230920.816291869] [nearest_euclidean_frontier]: Main goal accepted
[INFO] [1790230920.884507692] [nearest_euclidean_frontier]: Main /plan diagnostic: poses=68, endpoint=(-11.82, 4.24), frontier=(-11.82, 4.24), endpoint_to_frontier=0.000 m, limit=0.10 m -> usable
[INFO] [1790230921.183562569] [nearest_euclidean_frontier]: Main /plan diagnostic: poses=68, endpoint=(-11.82, 4.24), frontier=(-11.82, 4.24), endpoint_to_frontier=0.000 m, limit=0.10 m -> usable
[controller_server-11] [INFO] [1790230921.237253999] [controller_server]: Passing new path to controller.
[INFO] [1790230922.215715463] [nearest_euclidean_frontier]: Main /plan diagnostic: poses=68, endpoint=(-11.82, 4.24), frontier=(-11.82, 4.24), endpoint_to_frontier=0.000 m, limit=0.10 m -> usable
[controller_server-11] [INFO] [1790230922.237252854] [controller_server]: Passing new path to controller.
[INFO] [1790230923.238725280] [nearest_euclidean_frontier]: Main /plan diagnostic: poses=64, endpoint=(-11.82, 4.24), frontier=(-11.82, 4.24), endpoint_to_frontier=0.000 m, limit=0.10 m -> usable
[controller_server-11] [INFO] [1790230923.303918396] [controller_server]: Passing new path to controller.
[INFO] [1790230924.254358255] [nearest_euclidean_frontier]: Main /plan diagnostic: poses=57, endpoint=(-11.82, 4.24), frontier=(-11.82, 4.24), endpoint_to_frontier=0.000 m, limit=0.10 m -> usable
[controller_server-11] [INFO] [1790230924.303910079] [controller_server]: Passing new path to controller.
[INFO] [1790230925.282338198] [nearest_euclidean_frontier]: Main /plan diagnostic: poses=47, endpoint=(-11.82, 4.24), frontier=(-11.82, 4.24), endpoint_to_frontier=0.000 m, limit=0.10 m -> usable
[controller_server-11] [INFO] [1790230925.303903949] [controller_server]: Passing new path to controller.
[INFO] [1790230926.305776151] [nearest_euclidean_frontier]: Main /plan diagnostic: poses=40, endpoint=(-11.82, 4.24), frontier=(-11.82, 4.24), endpoint_to_frontier=0.000 m, limit=0.10 m -> usable
[controller_server-11] [INFO] [1790230926.370573871] [controller_server]: Passing new path to controller.
[INFO] [1790230927.311474832] [nearest_euclidean_frontier]: Main /plan diagnostic: poses=34, endpoint=(-11.82, 4.24), frontier=(-11.82, 4.24), endpoint_to_frontier=0.000 m, limit=0.10 m -> usable
[controller_server-11] [INFO] [1790230927.370580420] [controller_server]: Passing new path to controller.
[INFO] [1790230928.332110089] [nearest_euclidean_frontier]: Main /plan diagnostic: poses=24, endpoint=(-11.82, 4.24), frontier=(-11.82, 4.24), endpoint_to_frontier=0.000 m, limit=0.10 m -> usable
[controller_server-11] [INFO] [1790230928.371044899] [controller_server]: Passing new path to controller.
[INFO] [1790230929.364796232] [nearest_euclidean_frontier]: Main /plan diagnostic: poses=18, endpoint=(-11.82, 4.24), frontier=(-11.82, 4.24), endpoint_to_frontier=0.000 m, limit=0.10 m -> usable
[controller_server-11] [INFO] [1790230929.437243854] [controller_server]: Passing new path to controller.
[controller_server-11] [INFO] [1790230929.711554436] [local_costmap.local_costmap]: StaticLayer: Resizing static layer to 260 X 189 at 0.100000 m/pix
[planner_server-13] [INFO] [1790230930.280780169] [global_costmap.global_costmap]: StaticLayer: Resizing costmap to 260 X 189 at 0.100000 m/pix
[INFO] [1790230930.385663219] [nearest_euclidean_frontier]: Main /plan diagnostic: poses=11, endpoint=(-11.82, 4.24), frontier=(-11.82, 4.24), endpoint_to_frontier=0.000 m, limit=0.10 m -> usable
[controller_server-11] [INFO] [1790230930.437240908] [controller_server]: Passing new path to controller.
[INFO] [1790230931.412508867] [nearest_euclidean_frontier]: Main /plan diagnostic: poses=7, endpoint=(-11.82, 4.24), frontier=(-11.82, 4.24), endpoint_to_frontier=0.000 m, limit=0.10 m -> usable
[controller_server-11] [INFO] [1790230931.437244745] [controller_server]: Passing new path to controller.
[controller_server-11] [INFO] [1790230931.505846373] [controller_server]: Reached the goal!
[controller_server-11] [INFO] [1790230931.506084407] [controller_server]: Optimizer reset
[bt_navigator-16] [INFO] [1790230931.527375997] [bt_navigator]: Goal succeeded
[INFO] [1790230931.535011286] [nearest_euclidean_frontier]: Goal reached
[INFO] [1790230932.146183951] [nearest_euclidean_frontier]: Selected nearest frontier: x=-11.93, y=0.84, distance=3.76 m, region=38 cells, near_fallback=False
[bt_navigator-16] [INFO] [1790230932.149180843] [bt_navigator]: Begin navigating from current location (-11.73, 4.54) to (-11.93, 0.84)
[controller_server-11] [INFO] [1790230932.169839067] [controller_server]: Received a goal, begin computing control effort.
[INFO] [1790230932.776112650] [nearest_euclidean_frontier]: Main goal accepted
[INFO] [1790230932.849467541] [nearest_euclidean_frontier]: Main /plan diagnostic: poses=189, endpoint=(-11.93, 0.84), frontier=(-11.93, 0.84), endpoint_to_frontier=0.000 m, limit=0.10 m -> usable
[INFO] [1790230933.188045864] [nearest_euclidean_frontier]: Main /plan diagnostic: poses=186, endpoint=(-11.93, 0.84), frontier=(-11.93, 0.84), endpoint_to_frontier=0.000 m, limit=0.10 m -> usable
[controller_server-11] [INFO] [1790230933.236663308] [controller_server]: Passing new path to controller.
[INFO] [1790230934.220160776] [nearest_euclidean_frontier]: Main /plan diagnostic: poses=180, endpoint=(-11.93, 0.84), frontier=(-11.93, 0.84), endpoint_to_frontier=0.000 m, limit=0.10 m -> usable
[controller_server-11] [INFO] [1790230934.236871785] [controller_server]: Passing new path to controller.
[INFO] [1790230935.250054417] [nearest_euclidean_frontier]: Main /plan diagnostic: poses=174, endpoint=(-11.93, 0.84), frontier=(-11.93, 0.84), endpoint_to_frontier=0.000 m, limit=0.10 m -> usable
[controller_server-11] [INFO] [1790230935.305434626] [controller_server]: Passing new path to controller.
[INFO] [1790230936.260654802] [nearest_euclidean_frontier]: Main /plan diagnostic: poses=171, endpoint=(-11.93, 0.84), frontier=(-11.93, 0.84), endpoint_to_frontier=0.000 m, limit=0.10 m -> usable
[controller_server-11] [INFO] [1790230936.303333141] [controller_server]: Passing new path to controller.
[INFO] [1790230937.291196426] [nearest_euclidean_frontier]: Main /plan diagnostic: poses=171, endpoint=(-11.93, 0.84), frontier=(-11.93, 0.84), endpoint_to_frontier=0.000 m, limit=0.10 m -> usable
[controller_server-11] [INFO] [1790230937.303346082] [controller_server]: Passing new path to controller.
[INFO] [1790230938.326676020] [nearest_euclidean_frontier]: Main /plan diagnostic: poses=168, endpoint=(-11.93, 0.84), frontier=(-11.93, 0.84), endpoint_to_frontier=0.000 m, limit=0.10 m -> usable
[controller_server-11] [INFO] [1790230938.370275752] [controller_server]: Passing new path to controller.
[INFO] [1790230939.350130047] [nearest_euclidean_frontier]: Main /plan diagnostic: poses=158, endpoint=(-11.93, 0.84), frontier=(-11.93, 0.84), endpoint_to_frontier=0.000 m, limit=0.10 m -> usable
[controller_server-11] [INFO] [1790230939.370012570] [controller_server]: Passing new path to controller.
[INFO] [1790230940.377580176] [nearest_euclidean_frontier]: Main /plan diagnostic: poses=150, endpoint=(-11.93, 0.84), frontier=(-11.93, 0.84), endpoint_to_frontier=0.000 m, limit=0.10 m -> usable
[controller_server-11] [INFO] [1790230940.436682712] [controller_server]: Passing new path to controller.
[INFO] [1790230941.392949252] [nearest_euclidean_frontier]: Main /plan diagnostic: poses=143, endpoint=(-11.93, 0.84), frontier=(-11.93, 0.84), endpoint_to_frontier=0.000 m, limit=0.10 m -> usable
[controller_server-11] [INFO] [1790230941.436695019] [controller_server]: Passing new path to controller.
[INFO] [1790230942.425083769] [nearest_euclidean_frontier]: Main /plan diagnostic: poses=133, endpoint=(-11.93, 0.84), frontier=(-11.93, 0.84), endpoint_to_frontier=0.000 m, limit=0.10 m -> usable
[controller_server-11] [INFO] [1790230942.436667060] [controller_server]: Passing new path to controller.
[INFO] [1790230943.451480951] [nearest_euclidean_frontier]: Main /plan diagnostic: poses=124, endpoint=(-11.93, 0.84), frontier=(-11.93, 0.84), endpoint_to_frontier=0.000 m, limit=0.10 m -> usable
[controller_server-11] [INFO] [1790230943.503399713] [controller_server]: Passing new path to controller.
[INFO] [1790230944.484739177] [nearest_euclidean_frontier]: Main /plan diagnostic: poses=117, endpoint=(-11.93, 0.84), frontier=(-11.93, 0.84), endpoint_to_frontier=0.000 m, limit=0.10 m -> usable
[controller_server-11] [INFO] [1790230944.504279287] [controller_server]: Passing new path to controller.
[async_slam_toolbox_node-10] W20260924 13:22:24.651502 46451 preprocessor.cc:67] Specified options.num_threads: 50 exceeds maximum available from the threading model Ceres was compiled with: 16.  Bounding to maximum number available.
[async_slam_toolbox_node-10] [INFO] [1790230944.667801583] [slam_toolbox]: Adaptive anchor summary: latest_node=709, local_edges=732, loop_history=0, avg_effective_weight=1.410, release_regions=0
[INFO] [1790230945.511024764] [nearest_euclidean_frontier]: Main /plan diagnostic: poses=107, endpoint=(-11.93, 0.84), frontier=(-11.93, 0.84), endpoint_to_frontier=0.000 m, limit=0.10 m -> usable
[controller_server-11] [INFO] [1790230945.570000381] [controller_server]: Passing new path to controller.
[rviz2-7] [INFO] [1790230945.601316259] [rviz2]: Trying to create a map of size 259 x 189 using 1 swatches
[controller_server-11] [INFO] [1790230945.711732700] [local_costmap.local_costmap]: StaticLayer: Resizing static layer to 259 X 189 at 0.100000 m/pix
[planner_server-13] [INFO] [1790230946.280128751] [global_costmap.global_costmap]: StaticLayer: Resizing costmap to 259 X 189 at 0.100000 m/pix
[INFO] [1790230946.519874237] [nearest_euclidean_frontier]: Main /plan diagnostic: poses=100, endpoint=(-11.93, 0.84), frontier=(-11.93, 0.84), endpoint_to_frontier=0.000 m, limit=0.10 m -> usable
[controller_server-11] [INFO] [1790230946.570767993] [controller_server]: Passing new path to controller.
[INFO] [1790230947.538652672] [nearest_euclidean_frontier]: Main /plan diagnostic: poses=92, endpoint=(-11.93, 0.84), frontier=(-11.93, 0.84), endpoint_to_frontier=0.000 m, limit=0.10 m -> usable
[controller_server-11] [INFO] [1790230947.570069292] [controller_server]: Passing new path to controller.
[INFO] [1790230948.569765902] [nearest_euclidean_frontier]: Main /plan diagnostic: poses=83, endpoint=(-11.93, 0.84), frontier=(-11.93, 0.84), endpoint_to_frontier=0.000 m, limit=0.10 m -> usable
[controller_server-11] [INFO] [1790230948.636729608] [controller_server]: Passing new path to controller.
[INFO] [1790230949.587466113] [nearest_euclidean_frontier]: Main /plan diagnostic: poses=76, endpoint=(-11.93, 0.84), frontier=(-11.93, 0.84), endpoint_to_frontier=0.000 m, limit=0.10 m -> usable
[controller_server-11] [INFO] [1790230949.636699082] [controller_server]: Passing new path to controller.
[INFO] [1790230950.607903921] [nearest_euclidean_frontier]: Main /plan diagnostic: poses=68, endpoint=(-11.93, 0.84), frontier=(-11.93, 0.84), endpoint_to_frontier=0.000 m, limit=0.10 m -> usable
[controller_server-11] [INFO] [1790230950.636692938] [controller_server]: Passing new path to controller.
[controller_server-11] [INFO] [1790230950.711824093] [local_costmap.local_costmap]: StaticLayer: Resizing static layer to 259 X 189 at 0.100000 m/pix
[planner_server-13] [INFO] [1790230951.280442850] [global_costmap.global_costmap]: StaticLayer: Resizing costmap to 259 X 189 at 0.100000 m/pix
[INFO] [1790230951.636242553] [nearest_euclidean_frontier]: Main /plan diagnostic: poses=60, endpoint=(-11.93, 0.84), frontier=(-11.93, 0.84), endpoint_to_frontier=0.000 m, limit=0.10 m -> usable
[controller_server-11] [INFO] [1790230951.703334271] [controller_server]: Passing new path to controller.
[INFO] [1790230952.656566355] [nearest_euclidean_frontier]: Main /plan diagnostic: poses=48, endpoint=(-11.93, 0.84), frontier=(-11.93, 0.84), endpoint_to_frontier=0.000 m, limit=0.10 m -> usable
[controller_server-11] [INFO] [1790230952.703336505] [controller_server]: Passing new path to controller.
[INFO] [1790230953.667144786] [nearest_euclidean_frontier]: Main /plan diagnostic: poses=40, endpoint=(-11.93, 0.84), frontier=(-11.93, 0.84), endpoint_to_frontier=0.000 m, limit=0.10 m -> usable
[controller_server-11] [INFO] [1790230953.703333877] [controller_server]: Passing new path to controller.
[controller_server-11] [INFO] [1790230954.711431600] [local_costmap.local_costmap]: StaticLayer: Resizing static layer to 259 X 189 at 0.100000 m/pix
[INFO] [1790230954.738637883] [nearest_euclidean_frontier]: Main /plan diagnostic: poses=33, endpoint=(-11.93, 0.84), frontier=(-11.93, 0.84), endpoint_to_frontier=0.000 m, limit=0.10 m -> usable
[controller_server-11] [INFO] [1790230954.769993315] [controller_server]: Passing new path to controller.
[planner_server-13] [INFO] [1790230955.280015717] [global_costmap.global_costmap]: StaticLayer: Resizing costmap to 259 X 189 at 0.100000 m/pix
[INFO] [1790230955.743846953] [nearest_euclidean_frontier]: Main /plan diagnostic: poses=24, endpoint=(-11.93, 0.84), frontier=(-11.93, 0.84), endpoint_to_frontier=0.000 m, limit=0.10 m -> usable
[controller_server-11] [INFO] [1790230955.770004964] [controller_server]: Passing new path to controller.
[INFO] [1790230956.737424726] [nearest_euclidean_frontier]: Main /plan diagnostic: poses=18, endpoint=(-11.93, 0.84), frontier=(-11.93, 0.84), endpoint_to_frontier=0.000 m, limit=0.10 m -> usable
[controller_server-11] [INFO] [1790230956.770003197] [controller_server]: Passing new path to controller.
[INFO] [1790230957.766423409] [nearest_euclidean_frontier]: Main /plan diagnostic: poses=13, endpoint=(-11.93, 0.84), frontier=(-11.93, 0.84), endpoint_to_frontier=0.000 m, limit=0.10 m -> usable
[controller_server-11] [INFO] [1790230957.837214128] [controller_server]: Passing new path to controller.
[INFO] [1790230958.785831636] [nearest_euclidean_frontier]: Main /plan diagnostic: poses=13, endpoint=(-11.93, 0.84), frontier=(-11.93, 0.84), endpoint_to_frontier=0.000 m, limit=0.10 m -> usable
[controller_server-11] [INFO] [1790230958.839072949] [controller_server]: Passing new path to controller.
[controller_server-11] [INFO] [1790230958.973700009] [controller_server]: Reached the goal!
[controller_server-11] [INFO] [1790230958.974131677] [controller_server]: Optimizer reset
[bt_navigator-16] [INFO] [1790230958.999464219] [bt_navigator]: Goal succeeded
[INFO] [1790230959.001488973] [nearest_euclidean_frontier]: Goal reached
[INFO] [1790230960.283054102] [nearest_euclidean_frontier]: Selected nearest frontier: x=-10.33, y=-2.33, distance=3.23 m, region=57 cells, near_fallback=False
[bt_navigator-16] [INFO] [1790230960.287447970] [bt_navigator]: Begin navigating from current location (-11.70, 0.60) to (-10.33, -2.33)
[controller_server-11] [INFO] [1790230960.310949237] [controller_server]: Received a goal, begin computing control effort.
[INFO] [1790230961.028887099] [nearest_euclidean_frontier]: Main goal accepted
[INFO] [1790230961.199926152] [nearest_euclidean_frontier]: Main /plan diagnostic: poses=287, endpoint=(-10.33, -2.33), frontier=(-10.33, -2.33), endpoint_to_frontier=0.000 m, limit=0.10 m -> usable
[INFO] [1790230961.332846099] [nearest_euclidean_frontier]: Main /plan diagnostic: poses=280, endpoint=(-10.33, -2.33), frontier=(-10.33, -2.33), endpoint_to_frontier=0.000 m, limit=0.10 m -> usable
[controller_server-11] [INFO] [1790230961.377808054] [controller_server]: Passing new path to controller.
[INFO] [1790230962.345849167] [nearest_euclidean_frontier]: Main /plan diagnostic: poses=279, endpoint=(-10.33, -2.33), frontier=(-10.33, -2.33), endpoint_to_frontier=0.000 m, limit=0.10 m -> usable
[controller_server-11] [INFO] [1790230962.377798974] [controller_server]: Passing new path to controller.
[INFO] [1790230963.371943606] [nearest_euclidean_frontier]: Main /plan diagnostic: poses=275, endpoint=(-10.33, -2.33), frontier=(-10.33, -2.33), endpoint_to_frontier=0.000 m, limit=0.10 m -> usable
[controller_server-11] [INFO] [1790230963.444472124] [controller_server]: Passing new path to controller.
[INFO] [1790230964.406058445] [nearest_euclidean_frontier]: Main /plan diagnostic: poses=277, endpoint=(-10.33, -2.33), frontier=(-10.33, -2.33), endpoint_to_frontier=0.000 m, limit=0.10 m -> usable
[controller_server-11] [INFO] [1790230964.444478078] [controller_server]: Passing new path to controller.
[INFO] [1790230965.437101544] [nearest_euclidean_frontier]: Main /plan diagnostic: poses=271, endpoint=(-10.33, -2.33), frontier=(-10.33, -2.33), endpoint_to_frontier=0.000 m, limit=0.10 m -> usable
[controller_server-11] [INFO] [1790230965.444480243] [controller_server]: Passing new path to controller.
[INFO] [1790230966.470003429] [nearest_euclidean_frontier]: Main /plan diagnostic: poses=263, endpoint=(-10.33, -2.33), frontier=(-10.33, -2.33), endpoint_to_frontier=0.000 m, limit=0.10 m -> usable
[controller_server-11] [INFO] [1790230966.511714974] [controller_server]: Passing new path to controller.
[INFO] [1790230967.489045394] [nearest_euclidean_frontier]: Main /plan diagnostic: poses=256, endpoint=(-10.33, -2.33), frontier=(-10.33, -2.33), endpoint_to_frontier=0.000 m, limit=0.10 m -> usable
[controller_server-11] [INFO] [1790230967.511164157] [controller_server]: Passing new path to controller.
[INFO] [1790230968.512304579] [nearest_euclidean_frontier]: Main /plan diagnostic: poses=247, endpoint=(-10.33, -2.33), frontier=(-10.33, -2.33), endpoint_to_frontier=0.000 m, limit=0.10 m -> usable
[controller_server-11] [INFO] [1790230968.577810206] [controller_server]: Passing new path to controller.
[INFO] [1790230969.536268325] [nearest_euclidean_frontier]: Main /plan diagnostic: poses=270, endpoint=(-10.33, -2.33), frontier=(-10.33, -2.33), endpoint_to_frontier=0.000 m, limit=0.10 m -> usable
[controller_server-11] [INFO] [1790230969.577802508] [controller_server]: Passing new path to controller.
[INFO] [1790230970.562008477] [nearest_euclidean_frontier]: Main /plan diagnostic: poses=237, endpoint=(-10.33, -2.33), frontier=(-10.33, -2.33), endpoint_to_frontier=0.000 m, limit=0.10 m -> usable
[controller_server-11] [INFO] [1790230970.577805626] [controller_server]: Passing new path to controller.
[INFO] [1790230971.607037240] [nearest_euclidean_frontier]: Main /plan diagnostic: poses=226, endpoint=(-10.33, -2.33), frontier=(-10.33, -2.33), endpoint_to_frontier=0.000 m, limit=0.10 m -> usable
[controller_server-11] [INFO] [1790230971.644803975] [controller_server]: Passing new path to controller.
[controller_server-11] [INFO] [1790230971.711449805] [local_costmap.local_costmap]: StaticLayer: Resizing static layer to 259 X 189 at 0.100000 m/pix
[planner_server-13] [INFO] [1790230972.280034460] [global_costmap.global_costmap]: StaticLayer: Resizing costmap to 259 X 189 at 0.100000 m/pix
[INFO] [1790230972.609525963] [nearest_euclidean_frontier]: Main /plan diagnostic: poses=217, endpoint=(-10.33, -2.33), frontier=(-10.33, -2.33), endpoint_to_frontier=0.000 m, limit=0.10 m -> usable
[controller_server-11] [INFO] [1790230972.644547967] [controller_server]: Passing new path to controller.
[INFO] [1790230973.649834482] [nearest_euclidean_frontier]: Main /plan diagnostic: poses=209, endpoint=(-10.33, -2.33), frontier=(-10.33, -2.33), endpoint_to_frontier=0.000 m, limit=0.10 m -> usable
[controller_server-11] [INFO] [1790230973.711142371] [controller_server]: Passing new path to controller.
[controller_server-11] [INFO] [1790230973.711495628] [local_costmap.local_costmap]: StaticLayer: Resizing static layer to 259 X 189 at 0.100000 m/pix
[planner_server-13] [INFO] [1790230974.280015215] [global_costmap.global_costmap]: StaticLayer: Resizing costmap to 259 X 189 at 0.100000 m/pix
[async_slam_toolbox_node-10] W20260924 13:22:54.344460 46451 preprocessor.cc:67] Specified options.num_threads: 50 exceeds maximum available from the threading model Ceres was compiled with: 16.  Bounding to maximum number available.
[async_slam_toolbox_node-10] [INFO] [1790230974.353741264] [slam_toolbox]: Adaptive anchor summary: latest_node=779, local_edges=805, loop_history=0, avg_effective_weight=1.373, release_regions=0
[INFO] [1790230974.658819420] [nearest_euclidean_frontier]: Main /plan diagnostic: poses=197, endpoint=(-10.33, -2.33), frontier=(-10.33, -2.33), endpoint_to_frontier=0.000 m, limit=0.10 m -> usable
[controller_server-11] [INFO] [1790230974.711137320] [controller_server]: Passing new path to controller.
[controller_server-11] [INFO] [1790230974.711431463] [local_costmap.local_costmap]: StaticLayer: Resizing static layer to 259 X 189 at 0.100000 m/pix
[planner_server-13] [INFO] [1790230975.280173766] [global_costmap.global_costmap]: StaticLayer: Resizing costmap to 259 X 189 at 0.100000 m/pix
[controller_server-11] [INFO] [1790230975.713793564] [controller_server]: Passing new path to controller.
[INFO] [1790230975.754875725] [nearest_euclidean_frontier]: Main /plan diagnostic: poses=192, endpoint=(-10.33, -2.33), frontier=(-10.33, -2.33), endpoint_to_frontier=0.000 m, limit=0.10 m -> usable
[controller_server-11] [INFO] [1790230976.711134248] [controller_server]: Passing new path to controller.
[INFO] [1790230976.756221053] [nearest_euclidean_frontier]: Main /plan diagnostic: poses=184, endpoint=(-10.33, -2.33), frontier=(-10.33, -2.33), endpoint_to_frontier=0.000 m, limit=0.10 m -> usable
[INFO] [1790230977.743935211] [nearest_euclidean_frontier]: Main /plan diagnostic: poses=173, endpoint=(-10.33, -2.33), frontier=(-10.33, -2.33), endpoint_to_frontier=0.000 m, limit=0.10 m -> usable
[controller_server-11] [INFO] [1790230977.777803966] [controller_server]: Passing new path to controller.
[INFO] [1790230978.740030790] [nearest_euclidean_frontier]: Main /plan diagnostic: poses=165, endpoint=(-10.33, -2.33), frontier=(-10.33, -2.33), endpoint_to_frontier=0.000 m, limit=0.10 m -> usable
[controller_server-11] [INFO] [1790230978.777810925] [controller_server]: Passing new path to controller.
[async_slam_toolbox_node-10] W20260924 13:22:59.565234 46451 preprocessor.cc:67] Specified options.num_threads: 50 exceeds maximum available from the threading model Ceres was compiled with: 16.  Bounding to maximum number available.
[INFO] [1790230979.758542266] [nearest_euclidean_frontier]: Main /plan diagnostic: poses=156, endpoint=(-10.33, -2.33), frontier=(-10.33, -2.33), endpoint_to_frontier=0.000 m, limit=0.10 m -> usable
[controller_server-11] [INFO] [1790230979.777800921] [controller_server]: Passing new path to controller.
[controller_server-11] [INFO] [1790230980.714086003] [local_costmap.local_costmap]: StaticLayer: Resizing static layer to 259 X 189 at 0.100000 m/pix
[INFO] [1790230980.781948865] [nearest_euclidean_frontier]: Main /plan diagnostic: poses=148, endpoint=(-10.33, -2.33), frontier=(-10.33, -2.33), endpoint_to_frontier=0.000 m, limit=0.10 m -> usable
[controller_server-11] [INFO] [1790230980.844467906] [controller_server]: Passing new path to controller.
[planner_server-13] [INFO] [1790230981.280055172] [global_costmap.global_costmap]: StaticLayer: Resizing costmap to 259 X 189 at 0.100000 m/pix
[INFO] [1790230981.807396054] [nearest_euclidean_frontier]: Main /plan diagnostic: poses=138, endpoint=(-10.33, -2.33), frontier=(-10.33, -2.33), endpoint_to_frontier=0.000 m, limit=0.10 m -> usable
[controller_server-11] [INFO] [1790230981.844499233] [controller_server]: Passing new path to controller.
[INFO] [1790230982.841314397] [nearest_euclidean_frontier]: Main /plan diagnostic: poses=130, endpoint=(-10.33, -2.33), frontier=(-10.33, -2.33), endpoint_to_frontier=0.000 m, limit=0.10 m -> usable
[controller_server-11] [INFO] [1790230982.844475162] [controller_server]: Passing new path to controller.
[INFO] [1790230983.855381345] [nearest_euclidean_frontier]: Main /plan diagnostic: poses=122, endpoint=(-10.33, -2.33), frontier=(-10.33, -2.33), endpoint_to_frontier=0.000 m, limit=0.10 m -> usable
[controller_server-11] [INFO] [1790230983.911135583] [controller_server]: Passing new path to controller.
[INFO] [1790230984.877831853] [nearest_euclidean_frontier]: Main /plan diagnostic: poses=109, endpoint=(-10.33, -2.33), frontier=(-10.33, -2.33), endpoint_to_frontier=0.000 m, limit=0.10 m -> usable
[controller_server-11] [INFO] [1790230984.911144030] [controller_server]: Passing new path to controller.
[INFO] [1790230985.907719016] [nearest_euclidean_frontier]: Main /plan diagnostic: poses=103, endpoint=(-10.33, -2.33), frontier=(-10.33, -2.33), endpoint_to_frontier=0.000 m, limit=0.10 m -> usable
[controller_server-11] [INFO] [1790230985.911132147] [controller_server]: Passing new path to controller.
[INFO] [1790230986.925900467] [nearest_euclidean_frontier]: Main /plan diagnostic: poses=95, endpoint=(-10.33, -2.33), frontier=(-10.33, -2.33), endpoint_to_frontier=0.000 m, limit=0.10 m -> usable
[controller_server-11] [INFO] [1790230986.977810166] [controller_server]: Passing new path to controller.
[rviz2-7] [INFO] [1790230987.600121372] [rviz2]: Trying to create a map of size 259 x 199 using 1 swatches
[controller_server-11] [INFO] [1790230987.713109506] [local_costmap.local_costmap]: StaticLayer: Resizing static layer to 259 X 199 at 0.100000 m/pix
[INFO] [1790230987.960781435] [nearest_euclidean_frontier]: Main /plan diagnostic: poses=86, endpoint=(-10.33, -2.33), frontier=(-10.33, -2.33), endpoint_to_frontier=0.000 m, limit=0.10 m -> usable
[controller_server-11] [INFO] [1790230987.977826227] [controller_server]: Passing new path to controller.
[planner_server-13] [INFO] [1790230988.280004539] [global_costmap.global_costmap]: StaticLayer: Resizing costmap to 259 X 199 at 0.100000 m/pix
[controller_server-11] [INFO] [1790230988.713032804] [local_costmap.local_costmap]: StaticLayer: Resizing static layer to 259 X 199 at 0.100000 m/pix
[INFO] [1790230988.985356555] [nearest_euclidean_frontier]: Main /plan diagnostic: poses=78, endpoint=(-10.33, -2.33), frontier=(-10.33, -2.33), endpoint_to_frontier=0.000 m, limit=0.10 m -> usable
[controller_server-11] [INFO] [1790230989.044466394] [controller_server]: Passing new path to controller.
[planner_server-13] [INFO] [1790230989.280001617] [global_costmap.global_costmap]: StaticLayer: Resizing costmap to 259 X 199 at 0.100000 m/pix
[controller_server-11] [INFO] [1790230989.713984082] [local_costmap.local_costmap]: StaticLayer: Resizing static layer to 259 X 199 at 0.100000 m/pix
[INFO] [1790230990.004681985] [nearest_euclidean_frontier]: Main /plan diagnostic: poses=65, endpoint=(-10.33, -2.33), frontier=(-10.33, -2.33), endpoint_to_frontier=0.000 m, limit=0.10 m -> usable
[controller_server-11] [INFO] [1790230990.044475729] [controller_server]: Passing new path to controller.
[planner_server-13] [INFO] [1790230990.280003110] [global_costmap.global_costmap]: StaticLayer: Resizing costmap to 259 X 199 at 0.100000 m/pix
[controller_server-11] [INFO] [1790230990.713362182] [local_costmap.local_costmap]: StaticLayer: Resizing static layer to 259 X 199 at 0.100000 m/pix
[INFO] [1790230991.035074682] [nearest_euclidean_frontier]: Main /plan diagnostic: poses=58, endpoint=(-10.33, -2.33), frontier=(-10.33, -2.33), endpoint_to_frontier=0.000 m, limit=0.10 m -> usable
[controller_server-11] [INFO] [1790230991.111142440] [controller_server]: Passing new path to controller.
[planner_server-13] [INFO] [1790230991.279991896] [global_costmap.global_costmap]: StaticLayer: Resizing costmap to 259 X 199 at 0.100000 m/pix
[controller_server-11] [INFO] [1790230991.713341265] [local_costmap.local_costmap]: StaticLayer: Resizing static layer to 259 X 199 at 0.100000 m/pix
[INFO] [1790230992.063111584] [nearest_euclidean_frontier]: Main /plan diagnostic: poses=50, endpoint=(-10.33, -2.33), frontier=(-10.33, -2.33), endpoint_to_frontier=0.000 m, limit=0.10 m -> usable
[controller_server-11] [INFO] [1790230992.111133513] [controller_server]: Passing new path to controller.
[planner_server-13] [INFO] [1790230992.280330433] [global_costmap.global_costmap]: StaticLayer: Resizing costmap to 259 X 199 at 0.100000 m/pix
[rviz2-7] [INFO] [1790230992.593803028] [rviz2]: Trying to create a map of size 259 x 200 using 1 swatches
[controller_server-11] [INFO] [1790230992.713571013] [local_costmap.local_costmap]: StaticLayer: Resizing static layer to 259 X 200 at 0.100000 m/pix
[INFO] [1790230993.103061385] [nearest_euclidean_frontier]: Main /plan diagnostic: poses=43, endpoint=(-10.33, -2.33), frontier=(-10.33, -2.33), endpoint_to_frontier=0.000 m, limit=0.10 m -> usable
[controller_server-11] [INFO] [1790230993.111131478] [controller_server]: Passing new path to controller.
[planner_server-13] [INFO] [1790230993.280026163] [global_costmap.global_costmap]: StaticLayer: Resizing costmap to 259 X 200 at 0.100000 m/pix
[INFO] [1790230994.125181501] [nearest_euclidean_frontier]: Main /plan diagnostic: poses=33, endpoint=(-10.33, -2.33), frontier=(-10.33, -2.33), endpoint_to_frontier=0.000 m, limit=0.10 m -> usable
[controller_server-11] [INFO] [1790230994.178222216] [controller_server]: Passing new path to controller.
[INFO] [1790230995.151538400] [nearest_euclidean_frontier]: Main /plan diagnostic: poses=25, endpoint=(-10.33, -2.33), frontier=(-10.33, -2.33), endpoint_to_frontier=0.000 m, limit=0.10 m -> usable
[controller_server-11] [INFO] [1790230995.177830941] [controller_server]: Passing new path to controller.
[INFO] [1790230996.176082252] [nearest_euclidean_frontier]: Main /plan diagnostic: poses=17, endpoint=(-10.33, -2.33), frontier=(-10.33, -2.33), endpoint_to_frontier=0.000 m, limit=0.10 m -> usable
[controller_server-11] [INFO] [1790230996.244492046] [controller_server]: Passing new path to controller.
[INFO] [1790230997.193770532] [nearest_euclidean_frontier]: Main /plan diagnostic: poses=13, endpoint=(-10.33, -2.33), frontier=(-10.33, -2.33), endpoint_to_frontier=0.000 m, limit=0.10 m -> usable
[controller_server-11] [INFO] [1790230997.245405909] [controller_server]: Passing new path to controller.
[INFO] [1790230998.223524921] [nearest_euclidean_frontier]: Main /plan diagnostic: poses=11, endpoint=(-10.33, -2.33), frontier=(-10.33, -2.33), endpoint_to_frontier=0.000 m, limit=0.10 m -> usable
[controller_server-11] [INFO] [1790230998.244841063] [controller_server]: Passing new path to controller.
[controller_server-11] [INFO] [1790230998.381025500] [controller_server]: Reached the goal!
[controller_server-11] [INFO] [1790230998.381366992] [controller_server]: Optimizer reset
[bt_navigator-16] [INFO] [1790230998.407834817] [bt_navigator]: Goal succeeded
[INFO] [1790230998.410473019] [nearest_euclidean_frontier]: Goal reached
[INFO] [1790230999.222788664] [nearest_euclidean_frontier]: Selected nearest frontier: x=-8.63, y=-8.12, distance=5.74 m, region=49 cells, near_fallback=False
[bt_navigator-16] [INFO] [1790230999.225993368] [bt_navigator]: Begin navigating from current location (-10.10, -2.54) to (-8.63, -8.12)
[controller_server-11] [INFO] [1790230999.246651760] [controller_server]: Received a goal, begin computing control effort.
[INFO] [1790230999.971754077] [nearest_euclidean_frontier]: Main goal accepted
[INFO] [1790231000.032658916] [nearest_euclidean_frontier]: Main /plan diagnostic: poses=165, endpoint=(-8.63, -8.12), frontier=(-8.63, -8.12), endpoint_to_frontier=0.000 m, limit=0.10 m -> usable
[INFO] [1790231000.269355348] [nearest_euclidean_frontier]: Main /plan diagnostic: poses=162, endpoint=(-8.63, -8.12), frontier=(-8.63, -8.12), endpoint_to_frontier=0.000 m, limit=0.10 m -> usable
[controller_server-11] [INFO] [1790231000.313473858] [controller_server]: Passing new path to controller.
[INFO] [1790231001.294877264] [nearest_euclidean_frontier]: Main /plan diagnostic: poses=156, endpoint=(-8.63, -8.12), frontier=(-8.63, -8.12), endpoint_to_frontier=0.000 m, limit=0.10 m -> usable
[controller_server-11] [INFO] [1790231001.315955359] [controller_server]: Passing new path to controller.
[INFO] [1790231002.322824551] [nearest_euclidean_frontier]: Main /plan diagnostic: poses=150, endpoint=(-8.63, -8.12), frontier=(-8.63, -8.12), endpoint_to_frontier=0.000 m, limit=0.10 m -> usable
[controller_server-11] [INFO] [1790231002.380130061] [controller_server]: Passing new path to controller.
[INFO] [1790231003.344259227] [nearest_euclidean_frontier]: Main /plan diagnostic: poses=144, endpoint=(-8.63, -8.12), frontier=(-8.63, -8.12), endpoint_to_frontier=0.000 m, limit=0.10 m -> usable
[controller_server-11] [INFO] [1790231003.380188422] [controller_server]: Passing new path to controller.
[INFO] [1790231004.366596605] [nearest_euclidean_frontier]: Main /plan diagnostic: poses=138, endpoint=(-8.63, -8.12), frontier=(-8.63, -8.12), endpoint_to_frontier=0.000 m, limit=0.10 m -> usable
[controller_server-11] [INFO] [1790231004.380335417] [controller_server]: Passing new path to controller.
[INFO] [1790231005.399249796] [nearest_euclidean_frontier]: Main /plan diagnostic: poses=131, endpoint=(-8.63, -8.12), frontier=(-8.63, -8.12), endpoint_to_frontier=0.000 m, limit=0.10 m -> usable
[controller_server-11] [INFO] [1790231005.446821795] [controller_server]: Passing new path to controller.
[INFO] [1790231006.429540609] [nearest_euclidean_frontier]: Main /plan diagnostic: poses=124, endpoint=(-8.63, -8.12), frontier=(-8.63, -8.12), endpoint_to_frontier=0.000 m, limit=0.10 m -> usable
[controller_server-11] [INFO] [1790231006.446795521] [controller_server]: Passing new path to controller.
[INFO] [1790231007.459503173] [nearest_euclidean_frontier]: Main /plan diagnostic: poses=119, endpoint=(-8.63, -8.12), frontier=(-8.63, -8.12), endpoint_to_frontier=0.000 m, limit=0.10 m -> usable
[controller_server-11] [INFO] [1790231007.513713048] [controller_server]: Passing new path to controller.
[INFO] [1790231008.482092430] [nearest_euclidean_frontier]: Main /plan diagnostic: poses=112, endpoint=(-8.63, -8.12), frontier=(-8.63, -8.12), endpoint_to_frontier=0.000 m, limit=0.10 m -> usable
[controller_server-11] [INFO] [1790231008.514854603] [controller_server]: Passing new path to controller.
[INFO] [1790231009.503129208] [nearest_euclidean_frontier]: Main /plan diagnostic: poses=105, endpoint=(-8.63, -8.12), frontier=(-8.63, -8.12), endpoint_to_frontier=0.000 m, limit=0.10 m -> usable
[controller_server-11] [INFO] [1790231009.513998940] [controller_server]: Passing new path to controller.
[INFO] [1790231010.515896892] [nearest_euclidean_frontier]: Main /plan diagnostic: poses=100, endpoint=(-8.63, -8.12), frontier=(-8.63, -8.12), endpoint_to_frontier=0.000 m, limit=0.10 m -> usable
[controller_server-11] [INFO] [1790231010.580147156] [controller_server]: Passing new path to controller.
[rviz2-7] [INFO] [1790231010.606902036] [rviz2]: Trying to create a map of size 260 x 200 using 1 swatches
[controller_server-11] [INFO] [1790231010.711452129] [local_costmap.local_costmap]: StaticLayer: Resizing static layer to 260 X 200 at 0.100000 m/pix
[planner_server-13] [INFO] [1790231011.280010249] [global_costmap.global_costmap]: StaticLayer: Resizing costmap to 260 X 200 at 0.100000 m/pix
[INFO] [1790231011.533568660] [nearest_euclidean_frontier]: Main /plan diagnostic: poses=94, endpoint=(-8.63, -8.12), frontier=(-8.63, -8.12), endpoint_to_frontier=0.000 m, limit=0.10 m -> usable
[controller_server-11] [INFO] [1790231011.580162131] [controller_server]: Passing new path to controller.
[controller_server-11] [INFO] [1790231011.711993415] [local_costmap.local_costmap]: StaticLayer: Resizing static layer to 260 X 200 at 0.100000 m/pix
[planner_server-13] [INFO] [1790231012.280015809] [global_costmap.global_costmap]: StaticLayer: Resizing costmap to 260 X 200 at 0.100000 m/pix
[INFO] [1790231012.558468307] [nearest_euclidean_frontier]: Main /plan diagnostic: poses=87, endpoint=(-8.63, -8.12), frontier=(-8.63, -8.12), endpoint_to_frontier=0.000 m, limit=0.10 m -> usable
[controller_server-11] [INFO] [1790231012.580128538] [controller_server]: Passing new path to controller.
[INFO] [1790231013.586652225] [nearest_euclidean_frontier]: Main /plan diagnostic: poses=80, endpoint=(-8.63, -8.12), frontier=(-8.63, -8.12), endpoint_to_frontier=0.000 m, limit=0.10 m -> usable
[controller_server-11] [INFO] [1790231013.648355717] [controller_server]: Passing new path to controller.
[INFO] [1790231014.607147818] [nearest_euclidean_frontier]: Main /plan diagnostic: poses=75, endpoint=(-8.63, -8.12), frontier=(-8.63, -8.12), endpoint_to_frontier=0.000 m, limit=0.10 m -> usable
[controller_server-11] [INFO] [1790231014.646796901] [controller_server]: Passing new path to controller.
[INFO] [1790231015.637235604] [nearest_euclidean_frontier]: Main /plan diagnostic: poses=68, endpoint=(-8.63, -8.12), frontier=(-8.63, -8.12), endpoint_to_frontier=0.000 m, limit=0.10 m -> usable
[controller_server-11] [INFO] [1790231015.646803506] [controller_server]: Passing new path to controller.
[INFO] [1790231016.666241068] [nearest_euclidean_frontier]: Main /plan diagnostic: poses=61, endpoint=(-8.63, -8.12), frontier=(-8.63, -8.12), endpoint_to_frontier=0.000 m, limit=0.10 m -> usable
[controller_server-11] [INFO] [1790231016.713286326] [local_costmap.local_costmap]: StaticLayer: Resizing static layer to 260 X 200 at 0.100000 m/pix
[controller_server-11] [INFO] [1790231016.713474246] [controller_server]: Passing new path to controller.
[planner_server-13] [INFO] [1790231017.280013785] [global_costmap.global_costmap]: StaticLayer: Resizing costmap to 260 X 200 at 0.100000 m/pix
[INFO] [1790231017.673468751] [nearest_euclidean_frontier]: Main /plan diagnostic: poses=57, endpoint=(-8.63, -8.12), frontier=(-8.63, -8.12), endpoint_to_frontier=0.000 m, limit=0.10 m -> usable
[controller_server-11] [INFO] [1790231017.713481625] [controller_server]: Passing new path to controller.
[INFO] [1790231018.733828105] [nearest_euclidean_frontier]: Main /plan diagnostic: poses=55, endpoint=(-8.63, -8.12), frontier=(-8.63, -8.12), endpoint_to_frontier=0.000 m, limit=0.10 m -> usable
[controller_server-11] [INFO] [1790231018.780141194] [controller_server]: Passing new path to controller.
[INFO] [1790231019.734159365] [nearest_euclidean_frontier]: Main /plan diagnostic: poses=52, endpoint=(-8.63, -8.12), frontier=(-8.63, -8.12), endpoint_to_frontier=0.000 m, limit=0.10 m -> usable
[controller_server-11] [INFO] [1790231019.781712879] [controller_server]: Passing new path to controller.
[INFO] [1790231020.741504410] [nearest_euclidean_frontier]: Main /plan diagnostic: poses=46, endpoint=(-8.63, -8.12), frontier=(-8.63, -8.12), endpoint_to_frontier=0.000 m, limit=0.10 m -> usable
[controller_server-11] [INFO] [1790231020.780146320] [controller_server]: Passing new path to controller.
[INFO] [1790231021.770474910] [nearest_euclidean_frontier]: Main /plan diagnostic: poses=37, endpoint=(-8.63, -8.12), frontier=(-8.63, -8.12), endpoint_to_frontier=0.000 m, limit=0.10 m -> usable
[controller_server-11] [INFO] [1790231021.846801385] [controller_server]: Passing new path to controller.
[controller_server-11] [INFO] [1790231022.711534686] [local_costmap.local_costmap]: StaticLayer: Resizing static layer to 260 X 200 at 0.100000 m/pix
[INFO] [1790231022.794757479] [nearest_euclidean_frontier]: Main /plan diagnostic: poses=29, endpoint=(-8.63, -8.12), frontier=(-8.63, -8.12), endpoint_to_frontier=0.000 m, limit=0.10 m -> usable
[controller_server-11] [INFO] [1790231022.847576751] [controller_server]: Passing new path to controller.
[planner_server-13] [INFO] [1790231023.280031027] [global_costmap.global_costmap]: StaticLayer: Resizing costmap to 260 X 200 at 0.100000 m/pix
[INFO] [1790231023.815083574] [nearest_euclidean_frontier]: Main /plan diagnostic: poses=19, endpoint=(-8.63, -8.12), frontier=(-8.63, -8.12), endpoint_to_frontier=0.000 m, limit=0.10 m -> usable
[controller_server-11] [INFO] [1790231023.846797559] [controller_server]: Passing new path to controller.
[INFO] [1790231024.832009729] [nearest_euclidean_frontier]: Main /plan diagnostic: poses=12, endpoint=(-8.63, -8.12), frontier=(-8.63, -8.12), endpoint_to_frontier=0.000 m, limit=0.10 m -> usable
[controller_server-11] [INFO] [1790231024.847001431] [controller_server]: Passing new path to controller.
[INFO] [1790231025.851382063] [nearest_euclidean_frontier]: Main /plan diagnostic: poses=9, endpoint=(-8.63, -8.12), frontier=(-8.63, -8.12), endpoint_to_frontier=0.000 m, limit=0.10 m -> usable
[controller_server-11] [INFO] [1790231025.913459345] [controller_server]: Passing new path to controller.
[controller_server-11] [INFO] [1790231026.381758145] [controller_server]: Reached the goal!
[controller_server-11] [INFO] [1790231026.381923492] [controller_server]: Optimizer reset
[bt_navigator-16] [INFO] [1790231026.406271743] [bt_navigator]: Goal succeeded
[INFO] [1790231026.410130048] [nearest_euclidean_frontier]: Goal reached
[INFO] [1790231027.239998591] [nearest_euclidean_frontier]: Selected nearest frontier: x=-10.19, y=-5.93, distance=2.34 m, region=17 cells, near_fallback=False
[bt_navigator-16] [INFO] [1790231027.242182693] [bt_navigator]: Begin navigating from current location (-8.79, -7.84) to (-10.19, -5.93)
[controller_server-11] [INFO] [1790231027.262818607] [controller_server]: Received a goal, begin computing control effort.
[INFO] [1790231028.044332961] [nearest_euclidean_frontier]: Main goal accepted
[INFO] [1790231028.211835293] [nearest_euclidean_frontier]: Main /plan diagnostic: poses=64, endpoint=(-10.19, -5.93), frontier=(-10.19, -5.93), endpoint_to_frontier=0.000 m, limit=0.10 m -> usable
[INFO] [1790231028.274567085] [nearest_euclidean_frontier]: Main /plan diagnostic: poses=60, endpoint=(-10.19, -5.93), frontier=(-10.19, -5.93), endpoint_to_frontier=0.000 m, limit=0.10 m -> usable
[controller_server-11] [INFO] [1790231028.329626191] [controller_server]: Passing new path to controller.
[INFO] [1790231029.292416457] [nearest_euclidean_frontier]: Main /plan diagnostic: poses=60, endpoint=(-10.19, -5.93), frontier=(-10.19, -5.93), endpoint_to_frontier=0.000 m, limit=0.10 m -> usable
[controller_server-11] [INFO] [1790231029.329655161] [controller_server]: Passing new path to controller.
[INFO] [1790231030.325289202] [nearest_euclidean_frontier]: Main /plan diagnostic: poses=55, endpoint=(-10.19, -5.93), frontier=(-10.19, -5.93), endpoint_to_frontier=0.000 m, limit=0.10 m -> usable
[controller_server-11] [INFO] [1790231030.396284638] [controller_server]: Passing new path to controller.
[INFO] [1790231031.340773103] [nearest_euclidean_frontier]: Main /plan diagnostic: poses=52, endpoint=(-10.19, -5.93), frontier=(-10.19, -5.93), endpoint_to_frontier=0.000 m, limit=0.10 m -> usable
[controller_server-11] [INFO] [1790231031.396292147] [controller_server]: Passing new path to controller.
[INFO] [1790231032.366891390] [nearest_euclidean_frontier]: Main /plan diagnostic: poses=40, endpoint=(-10.19, -5.93), frontier=(-10.19, -5.93), endpoint_to_frontier=0.000 m, limit=0.10 m -> usable
[controller_server-11] [INFO] [1790231032.396347352] [controller_server]: Passing new path to controller.
[controller_server-11] [INFO] [1790231032.712088401] [local_costmap.local_costmap]: StaticLayer: Resizing static layer to 260 X 200 at 0.100000 m/pix
[planner_server-13] [INFO] [1790231033.280006216] [global_costmap.global_costmap]: StaticLayer: Resizing costmap to 260 X 200 at 0.100000 m/pix
[INFO] [1790231033.410087936] [nearest_euclidean_frontier]: Main /plan diagnostic: poses=33, endpoint=(-10.19, -5.93), frontier=(-10.19, -5.93), endpoint_to_frontier=0.000 m, limit=0.10 m -> usable
[controller_server-11] [INFO] [1790231033.462954274] [controller_server]: Passing new path to controller.
[controller_server-11] [INFO] [1790231033.711453310] [local_costmap.local_costmap]: StaticLayer: Resizing static layer to 260 X 200 at 0.100000 m/pix
[planner_server-13] [INFO] [1790231034.280016020] [global_costmap.global_costmap]: StaticLayer: Resizing costmap to 260 X 200 at 0.100000 m/pix
[INFO] [1790231034.420205418] [nearest_euclidean_frontier]: Main /plan diagnostic: poses=26, endpoint=(-10.19, -5.93), frontier=(-10.19, -5.93), endpoint_to_frontier=0.000 m, limit=0.10 m -> usable
[controller_server-11] [INFO] [1790231034.462941423] [controller_server]: Passing new path to controller.
[INFO] [1790231035.447622715] [nearest_euclidean_frontier]: Main /plan diagnostic: poses=19, endpoint=(-10.19, -5.93), frontier=(-10.19, -5.93), endpoint_to_frontier=0.000 m, limit=0.10 m -> usable
[controller_server-11] [INFO] [1790231035.462958867] [controller_server]: Passing new path to controller.
[INFO] [1790231036.480423888] [nearest_euclidean_frontier]: Main /plan diagnostic: poses=14, endpoint=(-10.19, -5.93), frontier=(-10.19, -5.93), endpoint_to_frontier=0.000 m, limit=0.10 m -> usable
[controller_server-11] [INFO] [1790231036.529636805] [controller_server]: Passing new path to controller.
[INFO] [1790231037.497142124] [nearest_euclidean_frontier]: Main /plan diagnostic: poses=10, endpoint=(-10.19, -5.93), frontier=(-10.19, -5.93), endpoint_to_frontier=0.000 m, limit=0.10 m -> usable
[controller_server-11] [INFO] [1790231037.529664575] [controller_server]: Passing new path to controller.
[controller_server-11] [INFO] [1790231037.865396769] [controller_server]: Reached the goal!
[controller_server-11] [INFO] [1790231037.865808316] [controller_server]: Optimizer reset
[bt_navigator-16] [INFO] [1790231037.893251080] [bt_navigator]: Goal succeeded
[INFO] [1790231037.898689989] [nearest_euclidean_frontier]: Goal reached
[INFO] [1790231039.234172060] [nearest_euclidean_frontier]: Selected nearest frontier: x=-12.50, y=-8.43, distance=3.10 m, region=17 cells, near_fallback=False
[bt_navigator-16] [INFO] [1790231039.235189820] [bt_navigator]: Begin navigating from current location (-10.47, -6.09) to (-12.50, -8.43)
[controller_server-11] [INFO] [1790231039.255741028] [controller_server]: Received a goal, begin computing control effort.
[INFO] [1790231040.019026838] [nearest_euclidean_frontier]: Main goal accepted
[INFO] [1790231040.200028220] [nearest_euclidean_frontier]: Main /plan diagnostic: poses=64, endpoint=(-12.50, -8.43), frontier=(-12.50, -8.43), endpoint_to_frontier=0.000 m, limit=0.10 m -> usable
[INFO] [1790231040.272207811] [nearest_euclidean_frontier]: Main /plan diagnostic: poses=60, endpoint=(-12.50, -8.43), frontier=(-12.50, -8.43), endpoint_to_frontier=0.000 m, limit=0.10 m -> usable
[controller_server-11] [INFO] [1790231040.322572327] [controller_server]: Passing new path to controller.
[INFO] [1790231041.286165245] [nearest_euclidean_frontier]: Main /plan diagnostic: poses=54, endpoint=(-12.50, -8.43), frontier=(-12.50, -8.43), endpoint_to_frontier=0.000 m, limit=0.10 m -> usable
[controller_server-11] [INFO] [1790231041.322745306] [controller_server]: Passing new path to controller.
[INFO] [1790231042.310849670] [nearest_euclidean_frontier]: Main /plan diagnostic: poses=48, endpoint=(-12.50, -8.43), frontier=(-12.50, -8.43), endpoint_to_frontier=0.000 m, limit=0.10 m -> usable
[controller_server-11] [INFO] [1790231042.322593884] [controller_server]: Passing new path to controller.
[INFO] [1790231043.332830429] [nearest_euclidean_frontier]: Main /plan diagnostic: poses=43, endpoint=(-12.50, -8.43), frontier=(-12.50, -8.43), endpoint_to_frontier=0.000 m, limit=0.10 m -> usable
[controller_server-11] [INFO] [1790231043.389236282] [controller_server]: Passing new path to controller.
[INFO] [1790231044.361506502] [nearest_euclidean_frontier]: Main /plan diagnostic: poses=35, endpoint=(-12.50, -8.43), frontier=(-12.50, -8.43), endpoint_to_frontier=0.000 m, limit=0.10 m -> usable
[controller_server-11] [INFO] [1790231044.389890698] [controller_server]: Passing new path to controller.
[INFO] [1790231045.382508794] [nearest_euclidean_frontier]: Main /plan diagnostic: poses=30, endpoint=(-12.50, -8.43), frontier=(-12.50, -8.43), endpoint_to_frontier=0.000 m, limit=0.10 m -> usable
[controller_server-11] [INFO] [1790231045.455914397] [controller_server]: Passing new path to controller.
[INFO] [1790231046.413381311] [nearest_euclidean_frontier]: Main /plan diagnostic: poses=24, endpoint=(-12.50, -8.43), frontier=(-12.50, -8.43), endpoint_to_frontier=0.000 m, limit=0.10 m -> usable
[controller_server-11] [INFO] [1790231046.455906970] [controller_server]: Passing new path to controller.
[INFO] [1790231047.432368280] [nearest_euclidean_frontier]: Main /plan diagnostic: poses=19, endpoint=(-12.50, -8.43), frontier=(-12.50, -8.43), endpoint_to_frontier=0.000 m, limit=0.10 m -> usable
[controller_server-11] [INFO] [1790231047.455932471] [controller_server]: Passing new path to controller.
[controller_server-11] [INFO] [1790231047.711449119] [local_costmap.local_costmap]: StaticLayer: Resizing static layer to 260 X 200 at 0.100000 m/pix
[planner_server-13] [INFO] [1790231048.280008686] [global_costmap.global_costmap]: StaticLayer: Resizing costmap to 260 X 200 at 0.100000 m/pix
[INFO] [1790231048.464095903] [nearest_euclidean_frontier]: Main /plan diagnostic: poses=14, endpoint=(-12.50, -8.43), frontier=(-12.50, -8.43), endpoint_to_frontier=0.000 m, limit=0.10 m -> usable
[controller_server-11] [INFO] [1790231048.522981972] [controller_server]: Passing new path to controller.
[INFO] [1790231049.479518801] [nearest_euclidean_frontier]: Main /plan diagnostic: poses=11, endpoint=(-12.50, -8.43), frontier=(-12.50, -8.43), endpoint_to_frontier=0.000 m, limit=0.10 m -> usable
[controller_server-11] [INFO] [1790231049.522580557] [controller_server]: Passing new path to controller.
[controller_server-11] [INFO] [1790231049.924962271] [controller_server]: Reached the goal!
[controller_server-11] [INFO] [1790231049.925224097] [controller_server]: Optimizer reset
[bt_navigator-16] [INFO] [1790231049.945557082] [bt_navigator]: Goal succeeded
[INFO] [1790231049.948063645] [nearest_euclidean_frontier]: Goal reached
[INFO] [1790231051.330275846] [nearest_euclidean_frontier]: Selected nearest frontier: x=-11.70, y=-9.13, distance=1.31 m, region=16 cells, near_fallback=False
[bt_navigator-16] [INFO] [1790231051.331449833] [bt_navigator]: Begin navigating from current location (-12.48, -8.08) to (-11.70, -9.13)
[controller_server-11] [INFO] [1790231051.352077009] [controller_server]: Received a goal, begin computing control effort.
[INFO] [1790231052.126465126] [nearest_euclidean_frontier]: Main goal accepted
[INFO] [1790231052.291557527] [nearest_euclidean_frontier]: Main /plan diagnostic: poses=44, endpoint=(-11.70, -9.13), frontier=(-11.70, -9.13), endpoint_to_frontier=0.000 m, limit=0.10 m -> usable
[INFO] [1790231052.360804230] [nearest_euclidean_frontier]: Main /plan diagnostic: poses=40, endpoint=(-11.70, -9.13), frontier=(-11.70, -9.13), endpoint_to_frontier=0.000 m, limit=0.10 m -> usable
[controller_server-11] [INFO] [1790231052.419033168] [controller_server]: Passing new path to controller.
[controller_server-11] [INFO] [1790231052.711446817] [local_costmap.local_costmap]: StaticLayer: Resizing static layer to 260 X 200 at 0.100000 m/pix
[planner_server-13] [INFO] [1790231053.280007715] [global_costmap.global_costmap]: StaticLayer: Resizing costmap to 260 X 200 at 0.100000 m/pix
[INFO] [1790231053.366928999] [nearest_euclidean_frontier]: Main /plan diagnostic: poses=38, endpoint=(-11.70, -9.13), frontier=(-11.70, -9.13), endpoint_to_frontier=0.000 m, limit=0.10 m -> usable
[controller_server-11] [INFO] [1790231053.418924395] [controller_server]: Passing new path to controller.
[INFO] [1790231054.406404566] [nearest_euclidean_frontier]: Main /plan diagnostic: poses=30, endpoint=(-11.70, -9.13), frontier=(-11.70, -9.13), endpoint_to_frontier=0.000 m, limit=0.10 m -> usable
[controller_server-11] [INFO] [1790231054.421411982] [controller_server]: Passing new path to controller.
[collision_monitor-19] [INFO] [1790231055.099704049] [collision_monitor]: Robot to approach for 1.200000 seconds away from collision
[collision_monitor-19] [INFO] [1790231055.149718707] [collision_monitor]: Robot to continue normal operation
[planner_server-13] [WARN] [1790231055.416267997] [planner_server]: GridBased plugin failed to plan from (-12.34, -8.96) to (-11.70, -9.13): "Failed to create plan with tolerance of: 0.000000"
[planner_server-13] [WARN] [1790231055.416345107] [planner_server]: [compute_path_to_pose] [ActionServer] Aborting handle.
[bt_navigator-16] [ERROR] [1790231055.442878433] [bt_navigator_navigate_to_pose_rclcpp_node]: Failed to get result for follow_path in node halt!
[behavior_server-15] [INFO] [1790231055.443327093] [behavior_server]: Running wait
[controller_server-11] [INFO] [1790231055.485596881] [controller_server]: Cancellation was successful. Stopping the robot.
[controller_server-11] [INFO] [1790231055.485661420] [controller_server]: [follow_path] [ActionServer] Client requested to cancel the goal. Cancelling.
[controller_server-11] [INFO] [1790231055.486233559] [controller_server]: Optimizer reset
[behavior_server-15] [INFO] [1790231055.743495823] [behavior_server]: wait completed successfully
[planner_server-13] [WARN] [1790231055.757119144] [planner_server]: GridBased plugin failed to plan from (-12.34, -8.97) to (-11.70, -9.13): "Failed to create plan with tolerance of: 0.000000"
[planner_server-13] [WARN] [1790231055.757231555] [planner_server]: [compute_path_to_pose] [ActionServer] Aborting handle.
[bt_navigator-16] [WARN] [1790231055.783554488] [bt_navigator]: [navigate_to_pose] [ActionServer] Aborting handle.
[bt_navigator-16] [ERROR] [1790231055.783782370] [bt_navigator]: Goal failed
[WARN] [1790231055.786741947] [nearest_euclidean_frontier]: Main goal failed (status=6, error_code=208)
[WARN] [1790231055.787188827] [nearest_euclidean_frontier]: Main frontier abandoned after NO_VALID_PATH (208): x=-11.70, y=-9.13; candidates within 0.10 m are skipped during normal selection but will be checked again by terminal planner revalidation.
[INFO] [1790231057.301406379] [nearest_euclidean_frontier]: Selected nearest frontier: x=-9.51, y=-11.83, distance=4.02 m, region=65 cells, near_fallback=False
[bt_navigator-16] [INFO] [1790231057.302332858] [bt_navigator]: Begin navigating from current location (-12.34, -8.97) to (-9.51, -11.83)
[controller_server-11] [INFO] [1790231057.323252129] [controller_server]: Received a goal, begin computing control effort.
[INFO] [1790231058.048064260] [nearest_euclidean_frontier]: Main goal accepted
[INFO] [1790231058.123828265] [nearest_euclidean_frontier]: Main /plan diagnostic: poses=89, endpoint=(-9.51, -11.83), frontier=(-9.51, -11.83), endpoint_to_frontier=0.000 m, limit=0.10 m -> usable
[INFO] [1790231058.343209489] [nearest_euclidean_frontier]: Main /plan diagnostic: poses=85, endpoint=(-9.51, -11.83), frontier=(-9.51, -11.83), endpoint_to_frontier=0.000 m, limit=0.10 m -> usable
[controller_server-11] [INFO] [1790231058.390129796] [controller_server]: Passing new path to controller.
[INFO] [1790231059.371554711] [nearest_euclidean_frontier]: Main /plan diagnostic: poses=76, endpoint=(-9.51, -11.83), frontier=(-9.51, -11.83), endpoint_to_frontier=0.000 m, limit=0.10 m -> usable
[controller_server-11] [INFO] [1790231059.390115203] [controller_server]: Passing new path to controller.
[INFO] [1790231060.398811162] [nearest_euclidean_frontier]: Main /plan diagnostic: poses=70, endpoint=(-9.51, -11.83), frontier=(-9.51, -11.83), endpoint_to_frontier=0.000 m, limit=0.10 m -> usable
[controller_server-11] [INFO] [1790231060.456747825] [controller_server]: Passing new path to controller.
[INFO] [1790231061.427871433] [nearest_euclidean_frontier]: Main /plan diagnostic: poses=66, endpoint=(-9.51, -11.83), frontier=(-9.51, -11.83), endpoint_to_frontier=0.000 m, limit=0.10 m -> usable
[controller_server-11] [INFO] [1790231061.456757289] [controller_server]: Passing new path to controller.
[INFO] [1790231062.457545772] [nearest_euclidean_frontier]: Main /plan diagnostic: poses=60, endpoint=(-9.51, -11.83), frontier=(-9.51, -11.83), endpoint_to_frontier=0.000 m, limit=0.10 m -> usable
[controller_server-11] [INFO] [1790231062.523420943] [controller_server]: Passing new path to controller.
[INFO] [1790231063.482263064] [nearest_euclidean_frontier]: Main /plan diagnostic: poses=54, endpoint=(-9.51, -11.83), frontier=(-9.51, -11.83), endpoint_to_frontier=0.000 m, limit=0.10 m -> usable
[controller_server-11] [INFO] [1790231063.524372228] [controller_server]: Passing new path to controller.
[INFO] [1790231064.509717725] [nearest_euclidean_frontier]: Main /plan diagnostic: poses=47, endpoint=(-9.51, -11.83), frontier=(-9.51, -11.83), endpoint_to_frontier=0.000 m, limit=0.10 m -> usable
[controller_server-11] [INFO] [1790231064.590095044] [controller_server]: Passing new path to controller.
[INFO] [1790231065.531502339] [nearest_euclidean_frontier]: Main /plan diagnostic: poses=42, endpoint=(-9.51, -11.83), frontier=(-9.51, -11.83), endpoint_to_frontier=0.000 m, limit=0.10 m -> usable
[controller_server-11] [INFO] [1790231065.590084847] [controller_server]: Passing new path to controller.
[INFO] [1790231066.548668720] [nearest_euclidean_frontier]: Main /plan diagnostic: poses=34, endpoint=(-9.51, -11.83), frontier=(-9.51, -11.83), endpoint_to_frontier=0.000 m, limit=0.10 m -> usable
[controller_server-11] [INFO] [1790231066.590087162] [controller_server]: Passing new path to controller.
[INFO] [1790231067.579565140] [nearest_euclidean_frontier]: Main /plan diagnostic: poses=30, endpoint=(-9.51, -11.83), frontier=(-9.51, -11.83), endpoint_to_frontier=0.000 m, limit=0.10 m -> usable
[controller_server-11] [INFO] [1790231067.656889539] [controller_server]: Passing new path to controller.
[INFO] [1790231068.600490850] [nearest_euclidean_frontier]: Main /plan diagnostic: poses=24, endpoint=(-9.51, -11.83), frontier=(-9.51, -11.83), endpoint_to_frontier=0.000 m, limit=0.10 m -> usable
[controller_server-11] [INFO] [1790231068.656719574] [controller_server]: Passing new path to controller.
[INFO] [1790231069.627357454] [nearest_euclidean_frontier]: Main /plan diagnostic: poses=17, endpoint=(-9.51, -11.83), frontier=(-9.51, -11.83), endpoint_to_frontier=0.000 m, limit=0.10 m -> usable
[controller_server-11] [INFO] [1790231069.656714850] [controller_server]: Passing new path to controller.
[INFO] [1790231070.659002767] [nearest_euclidean_frontier]: Main /plan diagnostic: poses=13, endpoint=(-9.51, -11.83), frontier=(-9.51, -11.83), endpoint_to_frontier=0.000 m, limit=0.10 m -> usable
[controller_server-11] [INFO] [1790231070.723418249] [controller_server]: Passing new path to controller.
[controller_server-11] [INFO] [1790231071.658815550] [controller_server]: Reached the goal!
[controller_server-11] [INFO] [1790231071.658986066] [controller_server]: Optimizer reset
[INFO] [1790231071.668020643] [nearest_euclidean_frontier]: Main /plan diagnostic: poses=9, endpoint=(-9.51, -11.83), frontier=(-9.51, -11.83), endpoint_to_frontier=0.000 m, limit=0.10 m -> usable
[bt_navigator-16] [INFO] [1790231071.682637497] [bt_navigator]: Goal succeeded
[INFO] [1790231071.735726190] [nearest_euclidean_frontier]: Goal reached
[INFO] [1790231073.285158115] [nearest_euclidean_frontier]: Selected nearest frontier: x=-7.31, y=-10.13, distance=2.89 m, region=130 cells, near_fallback=False
[bt_navigator-16] [INFO] [1790231073.288161258] [bt_navigator]: Begin navigating from current location (-9.77, -11.65) to (-7.31, -10.13)
[controller_server-11] [INFO] [1790231073.309273913] [controller_server]: Received a goal, begin computing control effort.
[INFO] [1790231074.100320523] [nearest_euclidean_frontier]: Main goal accepted
[INFO] [1790231074.266001404] [nearest_euclidean_frontier]: Main /plan diagnostic: poses=292, endpoint=(-7.31, -10.13), frontier=(-7.31, -10.13), endpoint_to_frontier=0.000 m, limit=0.10 m -> usable
[INFO] [1790231074.335627322] [nearest_euclidean_frontier]: Main /plan diagnostic: poses=287, endpoint=(-7.31, -10.13), frontier=(-7.31, -10.13), endpoint_to_frontier=0.000 m, limit=0.10 m -> usable
[controller_server-11] [INFO] [1790231074.376141569] [controller_server]: Passing new path to controller.
[INFO] [1790231075.358611073] [nearest_euclidean_frontier]: Main /plan diagnostic: poses=277, endpoint=(-7.31, -10.13), frontier=(-7.31, -10.13), endpoint_to_frontier=0.000 m, limit=0.10 m -> usable
[controller_server-11] [INFO] [1790231075.376130060] [controller_server]: Passing new path to controller.
[INFO] [1790231076.387474752] [nearest_euclidean_frontier]: Main /plan diagnostic: poses=269, endpoint=(-7.31, -10.13), frontier=(-7.31, -10.13), endpoint_to_frontier=0.000 m, limit=0.10 m -> usable
[controller_server-11] [INFO] [1790231076.442909189] [controller_server]: Passing new path to controller.
[INFO] [1790231077.401028735] [nearest_euclidean_frontier]: Main /plan diagnostic: poses=262, endpoint=(-7.31, -10.13), frontier=(-7.31, -10.13), endpoint_to_frontier=0.000 m, limit=0.10 m -> usable
[controller_server-11] [INFO] [1790231077.444173518] [controller_server]: Passing new path to controller.
[controller_server-11] [INFO] [1790231078.442948109] [controller_server]: Passing new path to controller.
[INFO] [1790231078.444244138] [nearest_euclidean_frontier]: Main /plan diagnostic: poses=250, endpoint=(-7.31, -10.13), frontier=(-7.31, -10.13), endpoint_to_frontier=0.000 m, limit=0.10 m -> usable
[INFO] [1790231079.465115581] [nearest_euclidean_frontier]: Main /plan diagnostic: poses=243, endpoint=(-7.31, -10.13), frontier=(-7.31, -10.13), endpoint_to_frontier=0.000 m, limit=0.10 m -> usable
[controller_server-11] [INFO] [1790231079.509581565] [controller_server]: Passing new path to controller.
[INFO] [1790231080.491092958] [nearest_euclidean_frontier]: Main /plan diagnostic: poses=234, endpoint=(-7.31, -10.13), frontier=(-7.31, -10.13), endpoint_to_frontier=0.000 m, limit=0.10 m -> usable
[controller_server-11] [INFO] [1790231080.509473337] [controller_server]: Passing new path to controller.
[INFO] [1790231081.506267489] [nearest_euclidean_frontier]: Main /plan diagnostic: poses=226, endpoint=(-7.31, -10.13), frontier=(-7.31, -10.13), endpoint_to_frontier=0.000 m, limit=0.10 m -> usable
[controller_server-11] [INFO] [1790231081.509459159] [controller_server]: Passing new path to controller.
[INFO] [1790231082.535298728] [nearest_euclidean_frontier]: Main /plan diagnostic: poses=215, endpoint=(-7.31, -10.13), frontier=(-7.31, -10.13), endpoint_to_frontier=0.000 m, limit=0.10 m -> usable
[controller_server-11] [INFO] [1790231082.576429937] [controller_server]: Passing new path to controller.
[INFO] [1790231083.565286831] [nearest_euclidean_frontier]: Main /plan diagnostic: poses=207, endpoint=(-7.31, -10.13), frontier=(-7.31, -10.13), endpoint_to_frontier=0.000 m, limit=0.10 m -> usable
[controller_server-11] [INFO] [1790231083.576187248] [controller_server]: Passing new path to controller.
[async_slam_toolbox_node-10] W20260924 13:24:44.188042 46451 preprocessor.cc:67] Specified options.num_threads: 50 exceeds maximum available from the threading model Ceres was compiled with: 16.  Bounding to maximum number available.
[async_slam_toolbox_node-10] [INFO] [1790231084.199592369] [slam_toolbox]: Adaptive anchor summary: latest_node=1040, local_edges=1073, loop_history=0, avg_effective_weight=1.280, release_regions=0
[INFO] [1790231084.588298841] [nearest_euclidean_frontier]: Main /plan diagnostic: poses=197, endpoint=(-7.31, -10.13), frontier=(-7.31, -10.13), endpoint_to_frontier=0.000 m, limit=0.10 m -> usable
[controller_server-11] [INFO] [1790231084.642802513] [controller_server]: Passing new path to controller.
[controller_server-11] [INFO] [1790231084.711833295] [local_costmap.local_costmap]: StaticLayer: Resizing static layer to 260 X 200 at 0.100000 m/pix
[planner_server-13] [INFO] [1790231085.280029948] [global_costmap.global_costmap]: StaticLayer: Resizing costmap to 260 X 200 at 0.100000 m/pix
[INFO] [1790231085.620352320] [nearest_euclidean_frontier]: Main /plan diagnostic: poses=190, endpoint=(-7.31, -10.13), frontier=(-7.31, -10.13), endpoint_to_frontier=0.000 m, limit=0.10 m -> usable
[controller_server-11] [INFO] [1790231085.642803412] [controller_server]: Passing new path to controller.
[INFO] [1790231086.653054930] [nearest_euclidean_frontier]: Main /plan diagnostic: poses=179, endpoint=(-7.31, -10.13), frontier=(-7.31, -10.13), endpoint_to_frontier=0.000 m, limit=0.10 m -> usable
[controller_server-11] [INFO] [1790231086.709577527] [controller_server]: Passing new path to controller.
[INFO] [1790231087.662246601] [nearest_euclidean_frontier]: Main /plan diagnostic: poses=171, endpoint=(-7.31, -10.13), frontier=(-7.31, -10.13), endpoint_to_frontier=0.000 m, limit=0.10 m -> usable
[controller_server-11] [INFO] [1790231087.709466865] [controller_server]: Passing new path to controller.
[controller_server-11] [INFO] [1790231087.712047171] [local_costmap.local_costmap]: StaticLayer: Resizing static layer to 260 X 200 at 0.100000 m/pix
[planner_server-13] [INFO] [1790231088.280000221] [global_costmap.global_costmap]: StaticLayer: Resizing costmap to 260 X 200 at 0.100000 m/pix
[INFO] [1790231088.682089697] [nearest_euclidean_frontier]: Main /plan diagnostic: poses=163, endpoint=(-7.31, -10.13), frontier=(-7.31, -10.13), endpoint_to_frontier=0.000 m, limit=0.10 m -> usable
[controller_server-11] [INFO] [1790231088.709463483] [controller_server]: Passing new path to controller.
[controller_server-11] [INFO] [1790231088.712550245] [local_costmap.local_costmap]: StaticLayer: Resizing static layer to 260 X 200 at 0.100000 m/pix
[planner_server-13] [INFO] [1790231089.280010604] [global_costmap.global_costmap]: StaticLayer: Resizing costmap to 260 X 200 at 0.100000 m/pix
[INFO] [1790231089.745746869] [nearest_euclidean_frontier]: Main /plan diagnostic: poses=152, endpoint=(-7.31, -10.13), frontier=(-7.31, -10.13), endpoint_to_frontier=0.000 m, limit=0.10 m -> usable
[controller_server-11] [INFO] [1790231089.776254336] [controller_server]: Passing new path to controller.
[INFO] [1790231090.748877109] [nearest_euclidean_frontier]: Main /plan diagnostic: poses=144, endpoint=(-7.31, -10.13), frontier=(-7.31, -10.13), endpoint_to_frontier=0.000 m, limit=0.10 m -> usable
[controller_server-11] [INFO] [1790231090.776133194] [controller_server]: Passing new path to controller.
[INFO] [1790231091.771052633] [nearest_euclidean_frontier]: Main /plan diagnostic: poses=136, endpoint=(-7.31, -10.13), frontier=(-7.31, -10.13), endpoint_to_frontier=0.000 m, limit=0.10 m -> usable
[controller_server-11] [INFO] [1790231091.842792454] [controller_server]: Passing new path to controller.
[controller_server-11] [INFO] [1790231092.712019704] [local_costmap.local_costmap]: StaticLayer: Resizing static layer to 260 X 200 at 0.100000 m/pix
[INFO] [1790231092.792672014] [nearest_euclidean_frontier]: Main /plan diagnostic: poses=126, endpoint=(-7.31, -10.13), frontier=(-7.31, -10.13), endpoint_to_frontier=0.000 m, limit=0.10 m -> usable
[controller_server-11] [INFO] [1790231092.842973296] [controller_server]: Passing new path to controller.
[planner_server-13] [INFO] [1790231093.280000613] [global_costmap.global_costmap]: StaticLayer: Resizing costmap to 260 X 200 at 0.100000 m/pix
[INFO] [1790231093.816558514] [nearest_euclidean_frontier]: Main /plan diagnostic: poses=118, endpoint=(-7.31, -10.13), frontier=(-7.31, -10.13), endpoint_to_frontier=0.000 m, limit=0.10 m -> usable
[controller_server-11] [INFO] [1790231093.842801802] [controller_server]: Passing new path to controller.
[async_slam_toolbox_node-10] W20260924 13:24:54.382370 46451 preprocessor.cc:67] Specified options.num_threads: 50 exceeds maximum available from the threading model Ceres was compiled with: 16.  Bounding to maximum number available.
[controller_server-11] [INFO] [1790231094.712157324] [local_costmap.local_costmap]: StaticLayer: Resizing static layer to 260 X 200 at 0.100000 m/pix
[INFO] [1790231094.838512415] [nearest_euclidean_frontier]: Main /plan diagnostic: poses=110, endpoint=(-7.31, -10.13), frontier=(-7.31, -10.13), endpoint_to_frontier=0.000 m, limit=0.10 m -> usable
[controller_server-11] [INFO] [1790231094.843996017] [controller_server]: Passing new path to controller.
[planner_server-13] [INFO] [1790231095.280003176] [global_costmap.global_costmap]: StaticLayer: Resizing costmap to 260 X 200 at 0.100000 m/pix
[INFO] [1790231095.859099546] [nearest_euclidean_frontier]: Main /plan diagnostic: poses=100, endpoint=(-7.31, -10.13), frontier=(-7.31, -10.13), endpoint_to_frontier=0.000 m, limit=0.10 m -> usable
[controller_server-11] [INFO] [1790231095.909481890] [controller_server]: Passing new path to controller.
[INFO] [1790231096.881497198] [nearest_euclidean_frontier]: Main /plan diagnostic: poses=90, endpoint=(-7.31, -10.13), frontier=(-7.31, -10.13), endpoint_to_frontier=0.000 m, limit=0.10 m -> usable
[controller_server-11] [INFO] [1790231096.909471040] [controller_server]: Passing new path to controller.
[INFO] [1790231097.900245312] [nearest_euclidean_frontier]: Main /plan diagnostic: poses=82, endpoint=(-7.31, -10.13), frontier=(-7.31, -10.13), endpoint_to_frontier=0.000 m, limit=0.10 m -> usable
[controller_server-11] [INFO] [1790231097.909458494] [controller_server]: Passing new path to controller.
[INFO] [1790231098.928012913] [nearest_euclidean_frontier]: Main /plan diagnostic: poses=72, endpoint=(-7.31, -10.13), frontier=(-7.31, -10.13), endpoint_to_frontier=0.000 m, limit=0.10 m -> usable
[controller_server-11] [INFO] [1790231098.976998490] [controller_server]: Passing new path to controller.
[INFO] [1790231099.946160257] [nearest_euclidean_frontier]: Main /plan diagnostic: poses=65, endpoint=(-7.31, -10.13), frontier=(-7.31, -10.13), endpoint_to_frontier=0.000 m, limit=0.10 m -> usable
[controller_server-11] [INFO] [1790231099.976157560] [controller_server]: Passing new path to controller.
[INFO] [1790231100.963763950] [nearest_euclidean_frontier]: Main /plan diagnostic: poses=56, endpoint=(-7.31, -10.13), frontier=(-7.31, -10.13), endpoint_to_frontier=0.000 m, limit=0.10 m -> usable
[controller_server-11] [INFO] [1790231101.042799042] [controller_server]: Passing new path to controller.
[INFO] [1790231102.004995641] [nearest_euclidean_frontier]: Main /plan diagnostic: poses=47, endpoint=(-7.31, -10.13), frontier=(-7.31, -10.13), endpoint_to_frontier=0.000 m, limit=0.10 m -> usable
[controller_server-11] [INFO] [1790231102.042817224] [controller_server]: Passing new path to controller.
[INFO] [1790231103.007285588] [nearest_euclidean_frontier]: Main /plan diagnostic: poses=39, endpoint=(-7.31, -10.13), frontier=(-7.31, -10.13), endpoint_to_frontier=0.000 m, limit=0.10 m -> usable
[controller_server-11] [INFO] [1790231103.042826969] [controller_server]: Passing new path to controller.
[INFO] [1790231104.026869597] [nearest_euclidean_frontier]: Main /plan diagnostic: poses=29, endpoint=(-7.31, -10.13), frontier=(-7.31, -10.13), endpoint_to_frontier=0.000 m, limit=0.10 m -> usable
[controller_server-11] [INFO] [1790231104.044674283] [controller_server]: Passing new path to controller.
[INFO] [1790231105.045965889] [nearest_euclidean_frontier]: Main /plan diagnostic: poses=21, endpoint=(-7.31, -10.13), frontier=(-7.31, -10.13), endpoint_to_frontier=0.000 m, limit=0.10 m -> usable
[controller_server-11] [INFO] [1790231105.109460304] [controller_server]: Passing new path to controller.
[bt_navigator-16] [ERROR] [1790231105.598766546] [bt_navigator_navigate_to_pose_rclcpp_node]: Failed to get result for follow_path in node halt!
[bt_navigator-16] [INFO] [1790231105.598888137] [bt_navigator]: [navigate_to_pose] [ActionServer] Client requested to cancel the goal. Cancelling.
[bt_navigator-16] [INFO] [1790231105.599022198] [bt_navigator]: Goal canceled
[WARN] [1790231105.603850318] [nearest_euclidean_frontier]: Main goal failed (status=5, error_code=0)
[WARN] [1790231105.604730421] [nearest_euclidean_frontier]: Path-guided recovery #1: temporary subgoal x=-7.30, y=-9.71, 0.50 m ahead on main path (remaining main path=0.95 m, trigger_error=0)
[WARN] [1790231105.605178938] [nearest_euclidean_frontier]: R003 cutoff latched; navigation dispatch suppressed
[controller_server-11] [INFO] [1790231105.642794689] [controller_server]: Cancellation was successful. Stopping the robot.
[controller_server-11] [INFO] [1790231105.642835301] [controller_server]: [follow_path] [ActionServer] Client requested to cancel the goal. Cancelling.
[controller_server-11] [INFO] [1790231105.643115961] [controller_server]: Optimizer reset
[WARN] [1790231105.811327295] [nearest_euclidean_frontier]: NEAREST SAVED: env=new_room, profile=slam, coverage=0.800733127, distance=150.06m, output=/home/com1/turtlebot4_project_r003_h031/mapex_lab/experiments/nearest/nf_p500_007

Stopping experiment...
[controller_server-11] [INFO] [1790231106.153593668] [rclcpp]: signal_handler(SIGINT/SIGTERM)
[controller_server-11] [INFO] [1790231106.153699923] [controller_server]: Running Nav2 LifecycleNode rcl preshutdown (controller_server)
[image_bridge-4] [INFO] [1790231106.153585458] [rclcpp]: signal_handler(SIGINT/SIGTERM)
[parameter_bridge-2] [INFO] [1790231106.153612004] [rclcpp]: signal_handler(SIGINT/SIGTERM)
[controller_server-11] [INFO] [1790231106.153783337] [controller_server]: Deactivating
[controller_server-11] [INFO] [1790231106.153823773] [MPPIController]: Deactivated MPPI Controller: FollowPath
[controller_server-11] [INFO] [1790231106.153841722] [local_costmap.local_costmap]: Deactivating
[rviz2-7] [INFO] [1790231106.153636840] [rclcpp]: signal_handler(SIGINT/SIGTERM)
[async_slam_toolbox_node-10] [INFO] [1790231106.153701359] [rclcpp]: signal_handler(SIGINT/SIGTERM)
[collision_monitor-19] [INFO] [1790231106.153744731] [rclcpp]: signal_handler(SIGINT/SIGTERM)
[collision_monitor-19] [INFO] [1790231106.153828074] [collision_monitor]: Running Nav2 LifecycleNode rcl preshutdown (collision_monitor)
[collision_monitor-19] [INFO] [1790231106.153923982] [collision_monitor]: Deactivating
[planner_server-13] [INFO] [1790231106.153755019] [rclcpp]: signal_handler(SIGINT/SIGTERM)
[planner_server-13] [INFO] [1790231106.153819089] [planner_server]: Running Nav2 LifecycleNode rcl preshutdown (planner_server)
[planner_server-13] [INFO] [1790231106.153891055] [planner_server]: Deactivating
[planner_server-13] [INFO] [1790231106.153923576] [global_costmap.global_costmap]: Deactivating
[route_server-14] [INFO] [1790231106.153764588] [rclcpp]: signal_handler(SIGINT/SIGTERM)
[route_server-14] [INFO] [1790231106.153847554] [route_server]: Running Nav2 LifecycleNode rcl preshutdown (route_server)
[route_server-14] [INFO] [1790231106.153919975] [route_server]: Deactivating
[route_server-14] [INFO] [1790231106.153938193] [route_server]: Destroying bond (route_server) to lifecycle manager.
[image_bridge-3] [INFO] [1790231106.153694459] [rclcpp]: signal_handler(SIGINT/SIGTERM)
[collision_monitor-19] [INFO] [1790231106.153942914] [collision_monitor]: Destroying bond (collision_monitor) to lifecycle manager.
[opennav_docking-20] [INFO] [1790231106.153902715] [rclcpp]: signal_handler(SIGINT/SIGTERM)
[opennav_docking-20] [INFO] [1790231106.153971775] [docking_server]: Running Nav2 LifecycleNode rcl preshutdown (docking_server)
[opennav_docking-20] [INFO] [1790231106.154039038] [docking_server]: Deactivating docking_server
[lifecycle_manager-21] [INFO] [1790231106.154017936] [rclcpp]: signal_handler(SIGINT/SIGTERM)
[lifecycle_manager-21] [INFO] [1790231106.154083958] [lifecycle_manager_navigation]: Running Nav2 LifecycleManager rcl preshutdown (lifecycle_manager_navigation)
[lifecycle_manager-21] [INFO] [1790231106.154156802] [lifecycle_manager_navigation]: [34m[1mTerminating bond timer...[0m[0m
[behavior_server-15] [INFO] [1790231106.154233253] [rclcpp]: signal_handler(SIGINT/SIGTERM)
[behavior_server-15] [INFO] [1790231106.154278764] [behavior_server]: Running Nav2 LifecycleNode rcl preshutdown (behavior_server)
[behavior_server-15] [INFO] [1790231106.154738255] [behavior_server]: Deactivating
[behavior_server-15] [INFO] [1790231106.154799707] [behavior_server]: Destroying bond (behavior_server) to lifecycle manager.
[bt_navigator-16] [INFO] [1790231106.154275967] [rclcpp]: signal_handler(SIGINT/SIGTERM)
[bt_navigator-16] [INFO] [1790231106.154329569] [bt_navigator]: Running Nav2 LifecycleNode rcl preshutdown (bt_navigator)
[bt_navigator-16] [INFO] [1790231106.154384102] [bt_navigator]: Deactivating
[bt_navigator-16] [INFO] [1790231106.154411758] [bt_navigator]: Destroying bond (bt_navigator) to lifecycle manager.
[smoother_server-12] [INFO] [1790231106.154293715] [rclcpp]: signal_handler(SIGINT/SIGTERM)
[smoother_server-12] [INFO] [1790231106.154377954] [smoother_server]: Running Nav2 LifecycleNode rcl preshutdown (smoother_server)
[smoother_server-12] [INFO] [1790231106.154432514] [smoother_server]: Deactivating
[smoother_server-12] [INFO] [1790231106.154772609] [smoother_server]: Destroying bond (smoother_server) to lifecycle manager.
[robot_state_publisher-6] [INFO] [1790231106.154443196] [rclcpp]: signal_handler(SIGINT/SIGTERM)
[waypoint_follower-17] [INFO] [1790231106.154528756] [rclcpp]: signal_handler(SIGINT/SIGTERM)
[waypoint_follower-17] [INFO] [1790231106.154605943] [waypoint_follower]: Running Nav2 LifecycleNode rcl preshutdown (waypoint_follower)
[waypoint_follower-17] [INFO] [1790231106.155248675] [waypoint_follower]: Deactivating
[waypoint_follower-17] [INFO] [1790231106.155283720] [waypoint_follower]: Destroying bond (waypoint_follower) to lifecycle manager.
[velocity_smoother-18] [INFO] [1790231106.156550795] [rclcpp]: signal_handler(SIGINT/SIGTERM)
[velocity_smoother-18] [INFO] [1790231106.156634828] [velocity_smoother]: Running Nav2 LifecycleNode rcl preshutdown (velocity_smoother)
[velocity_smoother-18] [INFO] [1790231106.157276207] [velocity_smoother]: Deactivating
[velocity_smoother-18] [INFO] [1790231106.157325367] [velocity_smoother]: Destroying bond (velocity_smoother) to lifecycle manager.
[opennav_docking-20] [INFO] [1790231106.160457998] [docking_server]: Destroying bond (docking_server) to lifecycle manager.
[async_slam_toolbox_node-10] Unregistering sensor: Custom Described Lidar
[route_server-14] [INFO] [1790231106.164591435] [route_server]: Cleaning up
[collision_monitor-19] [INFO] [1790231106.164591561] [collision_monitor]: Cleaning up
[collision_monitor-19] [INFO] [1790231106.164639271] [collision_monitor]: [FootprintApproach]: Destroying Polygon
[collision_monitor-19] [INFO] [1790231106.164651008] [collision_monitor]: [scan]: Destroying Scan
[behavior_server-15] [INFO] [1790231106.165104533] [behavior_server]: Cleaning up
[bt_navigator-16] [INFO] [1790231106.165250894] [bt_navigator]: Cleaning up
[smoother_server-12] [INFO] [1790231106.165374499] [smoother_server]: Cleaning up
[waypoint_follower-17] [INFO] [1790231106.168333284] [waypoint_follower]: Cleaning up
[opennav_docking-20] [INFO] [1790231106.171334667] [docking_server]: Cleaning up docking_server
[velocity_smoother-18] [INFO] [1790231106.171449392] [velocity_smoother]: Cleaning up
[velocity_smoother-18] [INFO] [1790231106.171489577] [velocity_smoother]: Destroying bond (velocity_smoother) to lifecycle manager.
[behavior_server-15] [INFO] [1790231106.175978164] [behavior_server]: Destroying bond (behavior_server) to lifecycle manager.
[collision_monitor-19] [INFO] [1790231106.176743211] [collision_monitor]: Destroying bond (collision_monitor) to lifecycle manager.
[velocity_smoother-18] [INFO] [1790231106.184763021] [velocity_smoother]: Destroying
[smoother_server-12] [INFO] [1790231106.195397552] [smoother_server]: Destroying bond (smoother_server) to lifecycle manager.
[collision_monitor-19] [INFO] [1790231106.200586135] [collision_monitor]: Destroying
[opennav_docking-20] [INFO] [1790231106.200640635] [docking_server]: Destroying bond (docking_server) to lifecycle manager.
[smoother_server-12] [INFO] [1790231106.201091730] [smoother_server]: Destroying
[route_server-14] [INFO] [1790231106.204132885] [route_server]: Destroying bond (route_server) to lifecycle manager.
[waypoint_follower-17] [INFO] [1790231106.207793991] [waypoint_follower]: Destroying bond (waypoint_follower) to lifecycle manager.
[waypoint_follower-17] [INFO] [1790231106.210589965] [waypoint_follower]: Destroying
[rviz2-7] [ERROR] [1790231106.214230041] [rviz2]: Error using GLSL Program Object : GL_OUT_OF_MEMORY
[rviz2-7] active samplers with a different type refer to the same texture image unit
[opennav_docking-20] [INFO] [1790231106.214357332] [docking_server]: Destroying
[route_server-14] [INFO] [1790231106.217064808] [route_server]: Destroying
[behavior_server-15] [INFO] [1790231106.234218278] [behavior_server]: Destroying
[bt_navigator-16] [INFO] [1790231106.266202973] [bt_navigator]: Completed Cleaning up
[bt_navigator-16] [INFO] [1790231106.266252559] [bt_navigator]: Destroying bond (bt_navigator) to lifecycle manager.
[bt_navigator-16] [INFO] [1790231106.275335423] [bt_navigator]: Destroying
[planner_server-13] [INFO] [1790231106.280159769] [planner_server]: Deactivating plugin GridBased of type NavfnPlanner
[planner_server-13] [INFO] [1790231106.280200788] [planner_server]: Destroying bond (planner_server) to lifecycle manager.
[planner_server-13] [INFO] [1790231106.290382400] [planner_server]: Cleaning up
[INFO] [image_bridge-4]: process has finished cleanly [pid 45929]
[planner_server-13] [INFO] [1790231106.295912140] [global_costmap.global_costmap]: Cleaning up
[INFO] [parameter_bridge-2]: process has finished cleanly [pid 45927]
[planner_server-13] [INFO] [1790231106.300373934] [planner_server]: Cleaning up plugin GridBased of type NavfnPlanner
[planner_server-13] [INFO] [1790231106.300867548] [planner_server]: Destroying plugin GridBased of type NavfnPlanner
[INFO] [image_bridge-3]: process has finished cleanly [pid 45928]
[planner_server-13] [INFO] [1790231106.306105621] [planner_server]: Destroying bond (planner_server) to lifecycle manager.
[planner_server-13] [INFO] [1790231106.307849033] [global_costmap.global_costmap]: Destroying
[planner_server-13] [INFO] [1790231106.311013440] [planner_server]: Destroying
[controller_server-11] [INFO] [1790231106.311485982] [controller_server]: Destroying bond (controller_server) to lifecycle manager.
[INFO] [robot_state_publisher-6]: process has finished cleanly [pid 45931]
[gz-8] [1;36m[Dbg] [SimulationRunner.cc:562] [0m[1;36mCreating postupdate worker thread ([0m[1;36m3[0m[1;36m)[0m[1;36m[0m
[gz-8] [1;36m[Dbg] [SimulationRunner.cc:562] [0m[1;36mCreating postupdate worker thread ([0m[1;36m4[0m[1;36m)[0m[1;36m[0m
[gz-8] [1;36m[Dbg] [RenderUtil.cc:2646] [0m[1;36mCreate scene [[0m[1;36mscene[0m[1;36m][0m[1;36m[0m
[gz-8] [1;36m[Dbg] [Sensors.cc:391] [0m[1;36mRendering Thread initialized[0m[1;36m[0m
[gz-8] [1;36mInitialization needed[0m[1;36m[0m
[gz-8] [1;36m[Dbg] [RgbdCameraSensor.cc:210] [0m[1;36mRGB images for [[0m[1;36mturtlebot4::oakd_rgb_camera_frame::rgbd_camera[0m[1;36m] advertised on [[0m[1;36mrgbd_camera[0m[1;36m/image][0m[1;36m[0m
[gz-8] [1;36m[Dbg] [RgbdCameraSensor.cc:224] [0m[1;36mDepth images for [[0m[1;36mturtlebot4::oakd_rgb_camera_frame::rgbd_camera[0m[1;36m] advertised on [[0m[1;36mrgbd_camera[0m[1;36m/depth_image][0m[1;36m[0m
[gz-8] [1;36m[Dbg] [RgbdCameraSensor.cc:238] [0m[1;36mPoints for [[0m[1;36mturtlebot4::oakd_rgb_camera_frame::rgbd_camera[0m[1;36m] advertised on [[0m[1;36mrgbd_camera[0m[1;36m/points][0m[1;36m[0m
[gz-8] [1;36m[Dbg] [CameraSensor.cc:695] [0m[1;36mCamera info for [[0m[1;36mturtlebot4::oakd_rgb_camera_frame::rgbd_camera[0m[1;36m] advertised on [[0m[1;36mrgbd_camera/camera_info[0m[1;36m][0m[1;36m[0m
[gz-8] [1;36m[Dbg] [Lidar.cc:139] [0m[1;36mLaser scans for [[0m[1;36mturtlebot4::rplidar_link::rplidar[0m[1;36m] advertised on [[0m[1;36mscan[0m[1;36m][0m[1;36m[0m
[gz-8] [1;36m[Dbg] [GpuLidarSensor.cc:164] [0m[1;36mLidar points for [[0m[1;36mturtlebot4::rplidar_link::rplidar[0m[1;36m] advertised on [[0m[1;36mscan/points[0m[1;36m][0m[1;36m[0m
[gz-8] [1;36m[Dbg] [SignalHandler.cc:142] [0m[1;36mReceived signal[[0m[1;36m2[0m[1;36m].[0m
[gz-8] [1;36m[Dbg] [ServerPrivate.cc:122] [0m[1;36mServer received signal[[0m[1;36m2[0m[1;36m][0m
[gz-8] [1;36m[Dbg] [Sensors.cc:565] [0m[1;36mSensorsPrivate::Stop[0m[1;36m[0m
[gz-8] [1;36m[Dbg] [Sensors.cc:551] [0m[1;36mSensorsPrivate::RenderThread stopped[0m[1;36m[0m
[gz-8] [1;36m[Dbg] [gz.cc:434] [0m[1;36mShutting down gz-sim-server[0m[1;36m[0m
[gz-8] [1;36m[Dbg] [SimulationRunner.cc:578] [0m[1;36mExiting postupdate worker thread ([0m[1;36m1[0m[1;36m)[0m[1;36m[0m
[gz-8] [1;36m[Dbg] [SimulationRunner.cc:578] [0m[1;36mExiting postupdate worker thread ([0m[1;36m3[0m[1;36m)[0m[1;36m[0m
[gz-8] [1;36m[Dbg] [SimulationRunner.cc:578] [0m[1;36mExiting postupdate worker thread ([0m[1;36m2[0m[1;36m)[0m[1;36m[0m
[gz-8] [1;36m[Dbg] [SimulationRunner.cc:578] [0m[1;36mExiting postupdate worker thread ([0m[1;36m0[0m[1;36m)[0m[1;36m[0m
[gz-8] [1;36m[Dbg] [SimulationRunner.cc:578] [0m[1;36mExiting postupdate worker thread ([0m[1;36m4[0m[1;36m)[0m[1;36m[0m
[gz-8] [1;36m[Dbg] [Sensors.cc:565] [0m[1;36mSensorsPrivate::Stop[0m[1;36m[0m
[controller_server-11] [INFO] [1790231106.321722914] [controller_server]: Cleaning up
[controller_server-11] [INFO] [1790231106.323019699] [MPPIController]: Cleaned up MPPI Controller: FollowPath
[controller_server-11] [INFO] [1790231106.323478504] [local_costmap.local_costmap]: Cleaning up
[lifecycle_manager-21] [INFO] [1790231106.324494904] [lifecycle_manager_navigation]: Destroying lifecycle_manager_navigation
[INFO] [velocity_smoother-18]: process has finished cleanly [pid 46568]
[controller_server-11] [INFO] [1790231106.332530937] [controller_server]: Destroying bond (controller_server) to lifecycle manager.
[controller_server-11] [INFO] [1790231106.335615220] [local_costmap.local_costmap]: Destroying
[controller_server-11] [INFO] [1790231106.339582501] [controller_server]: Destroying
[INFO] [gz-8]: process has finished cleanly [pid 46049]
[INFO] [collision_monitor-19]: process has finished cleanly [pid 46569]
[INFO] [smoother_server-12]: process has finished cleanly [pid 46562]
[INFO] [waypoint_follower-17]: process has finished cleanly [pid 46567]
[INFO] [opennav_docking-20]: process has finished cleanly [pid 46570]
[INFO] [route_server-14]: process has finished cleanly [pid 46564]
[INFO] [behavior_server-15]: process has finished cleanly [pid 46565]
[INFO] [async_slam_toolbox_node-10]: process has finished cleanly [pid 46451]
[INFO] [bt_navigator-16]: process has finished cleanly [pid 46566]
[INFO] [planner_server-13]: process has finished cleanly [pid 46563]
[gz-9] [1;36m[GUI] [Dbg] [SignalHandler.cc:142] [0m[1;36mReceived signal[[0m[1;36m2[0m[1;36m].[0m
[gz-9] [1;36m[GUI] [Dbg] [Gui.cc:535] [0m[1;36mShutting down gz-sim-gui[0m[1;36m[0m
[gz-9] [1;36m[GUI] [Dbg] [Application.cc:237] [0m[1;36mTerminating application.[0m[1;36m[0m
[gz-9] [1;36m[GUI] [Dbg] [MinimalScene.cc:841] [0m[1;36mDestroy scene [[0m[1;36mscene[0m[1;36m][0m[1;36m[0m
[INFO] [lifecycle_manager-21]: process has finished cleanly [pid 46571]
[INFO] [controller_server-11]: process has finished cleanly [pid 46561]
[INFO] [gz-9]: process has finished cleanly [pid 46050]
[ERROR] [rviz2-7]: process has died [pid 45932, exit code -11, cmd '/opt/ros/jazzy/lib/rviz2/rviz2 -d /home/com1/turtlebot4_project_r003_h031/ros2_ws/install/frontier_exploration/share/frontier_exploration/rviz/hospital_exploration.rviz --ros-args -r __node:=rviz2 --params-file /tmp/launch_params_b237b9wl -r /tf:=tf -r /tf_static:=tf_static'].
Experiment stopped.
Traceback (most recent call last):
  File "/home/com1/turtlebot4_project_r003_h031/mapex_lab/scripts/r003_deadlock_watchdog.py", line 123, in main
    rclpy.spin_once(node, timeout_sec=1.0)
  File "/opt/ros/jazzy/lib/python3.12/site-packages/rclpy/__init__.py", line 226, in spin_once
    executor.spin_once(timeout_sec=timeout_sec)
  File "/opt/ros/jazzy/lib/python3.12/site-packages/rclpy/executors.py", line 926, in spin_once
    self._spin_once_impl(timeout_sec)
  File "/opt/ros/jazzy/lib/python3.12/site-packages/rclpy/executors.py", line 907, in _spin_once_impl
    handler, entity, node = self.wait_for_ready_callbacks(
                            ^^^^^^^^^^^^^^^^^^^^^^^^^^^^^^
  File "/opt/ros/jazzy/lib/python3.12/site-packages/rclpy/executors.py", line 877, in wait_for_ready_callbacks
    return next(self._cb_iter)
           ^^^^^^^^^^^^^^^^^^^
  File "/opt/ros/jazzy/lib/python3.12/site-packages/rclpy/executors.py", line 785, in _wait_for_ready_callbacks
    raise ExternalShutdownException()
rclpy.executors.ExternalShutdownException

During handling of the above exception, another exception occurred:

Traceback (most recent call last):
  File "/home/com1/turtlebot4_project_r003_h031/mapex_lab/scripts/r003_deadlock_watchdog.py", line 137, in <module>
    sys.exit(main())
             ^^^^^^
  File "/home/com1/turtlebot4_project_r003_h031/mapex_lab/scripts/r003_deadlock_watchdog.py", line 127, in main
    rclpy.shutdown()
  File "/opt/ros/jazzy/lib/python3.12/site-packages/rclpy/__init__.py", line 134, in shutdown
    _shutdown(context=context)
  File "/opt/ros/jazzy/lib/python3.12/site-packages/rclpy/utilities.py", line 82, in shutdown
    context.shutdown()
  File "/opt/ros/jazzy/lib/python3.12/site-packages/rclpy/context.py", line 129, in shutdown
    self.__context.shutdown()
rclpy._rclpy_pybind11.RCLError: failed to shutdown: rcl_shutdown already called on the given context, at ./src/rcl/init.c:333
