time_s,distance_m,known_fraction,coverage,occupied_iou,tu,frontiers_selected,main_attempts,main_succeeded,main_failed,main_interrupted,abandoned_206,abandoned_208,planner_blocked_abandoned_total,main_success_rate,subgoal_attempts,subgoal_succeeded,subgoal_failed,subgoal_interrupted
1.946707964,0.000000000,0.001847797,0.017731566,0.040992482,0.460000000,1,0,0,0,0,0,0,0,nan,0,0,0,0
2.579867601,0.114534473,0.001847797,0.017731566,0.040992482,0.460000000,1,0,0,0,0,0,0,0,nan,0,0,0,0
3.583640099,0.402472662,0.007497670,0.063545849,0.040992482,0.460000000,1,0,0,0,0,0,0,0,nan,0,0,0,0
4.585074425,0.551808501,0.016711598,0.165070671,0.040992482,0.460000000,1,1,1,0,0,0,0,0,1.000000000,0,0,0,0
10.312230825,0.551808501,0.024972189,0.266205584,0.082747705,0.480000000,2,1,1,0,0,0,0,0,1.000000000,0,0,0,0
10.581679344,0.629824094,0.024972189,0.266205584,0.082747705,0.480000000,2,1,1,0,0,0,0,0,1.000000000,0,0,0,0
11.571580172,0.769543881,0.027064271,0.293805556,0.082747705,0.480000000,2,1,1,0,0,0,0,0,1.000000000,0,0,0,0
12.568214417,0.899612464,0.028608903,0.314266484,0.082747705,0.480000000,2,1,1,0,0,0,0,0,1.000000000,0,0,0,0
13.573982000,1.382846773,0.028608903,0.314266484,0.082747705,0.480000000,2,1,1,0,0,0,0,0,1.000000000,0,0,0,0
14.620137453,1.862411386,0.030536876,0.339257781,0.082747705,0.480000000,2,1,1,0,0,0,0,0,1.000000000,0,0,0,0
15.596847296,2.372321594,0.031968762,0.357560285,0.082747705,0.480000000,2,1,1,0,0,0,0,0,1.000000000,0,0,0,0
16.576081753,2.872264377,0.032259398,0.361227284,0.082747705,0.480000000,2,1,1,0,0,0,0,0,1.000000000,0,0,0,0
17.584929705,3.372119229,0.032360870,0.362369160,0.082747705,0.480000000,2,1,1,0,0,0,0,0,1.000000000,0,0,0,0
18.618153572,3.872118420,0.032412233,0.362777636,0.082747705,0.480000000,2,1,1,0,0,0,0,0,1.000000000,0,0,0,0
19.607922316,4.361840198,0.032478628,0.363459976,0.082747705,0.480000000,2,1,1,0,0,0,0,0,1.000000000,0,0,0,0
20.581244707,4.861839862,0.032516211,0.363803467,0.082747705,0.480000000,2,1,1,0,0,0,0,0,1.000000000,0,0,0,0
21.578630209,5.351815812,0.032543771,0.364146958,0.082747705,0.480000000,2,1,1,0,0,0,0,0,1.000000000,0,0,0,0
22.653669834,5.841729024,0.032573837,0.364184093,0.082747705,0.480000000,2,1,1,0,0,0,0,0,1.000000000,0,0,0,0
23.575921297,6.316007947,0.032656518,0.364211943,0.082747705,0.480000000,2,1,1,0,0,0,0,0,1.000000000,0,0,0,0
24.570696115,6.637924290,0.032775528,0.363965929,0.082747705,0.480000000,2,1,1,0,0,0,0,0,1.000000000,0,0,0,0
25.574323654,6.914433536,0.033237791,0.364003064,0.082747705,0.480000000,2,1,1,0,0,0,0,0,1.000000000,0,0,0,0
26.578715324,7.135227289,0.034186118,0.364049481,0.082747705,0.480000000,2,2,2,0,0,0,0,0,1.000000000,0,0,0,0
31.351454735,7.169076740,0.034399084,0.364295495,0.118760432,0.480000000,3,2,2,0,0,0,0,0,1.000000000,0,0,0,0
31.615722895,7.191260738,0.034509325,0.364295495,0.118760432,0.480000000,3,2,2,0,0,0,0,0,1.000000000,0,0,0,0
32.596710443,7.614635010,0.034509325,0.364295495,0.118760432,0.480000000,3,2,2,0,0,0,0,0,1.000000000,0,0,0,0
33.634065151,8.112656695,0.034689720,0.364249077,0.118760432,0.480000000,3,2,2,0,0,0,0,0,1.000000000,0,0,0,0
34.596267223,8.611433661,0.034708512,0.364249077,0.118760432,0.480000000,3,2,2,0,0,0,0,0,1.000000000,0,0,0,0
35.570796728,9.111257587,0.034734819,0.364249077,0.118760432,0.480000000,3,2,2,0,0,0,0,0,1.000000000,0,0,0,0
36.581398249,9.586510824,0.034822511,0.364249077,0.118760432,0.480000000,3,2,2,0,0,0,0,0,1.000000000,0,0,0,0
37.577529192,9.968866777,0.035234664,0.364249077,0.118760432,0.480000000,3,2,2,0,0,0,0,0,1.000000000,0,0,0,0
38.633118153,10.267538333,0.036141650,0.364249077,0.118760432,0.480000000,3,2,2,0,0,0,0,0,1.000000000,0,0,0,0
39.568177700,10.496659056,0.036201782,0.364249077,0.118760432,0.480000000,3,2,2,0,0,0,0,0,1.000000000,0,0,0,0
43.831564903,10.557608521,0.036218068,0.364249077,0.122355221,0.480000000,4,3,3,0,0,0,0,0,1.000000000,0,0,0,0
44.568193674,10.794578864,0.036218068,0.364249077,0.122355221,0.480000000,4,3,3,0,0,0,0,0,1.000000000,0,0,0,0
45.578667641,11.144576304,0.036225584,0.364249077,0.122355221,0.480000000,4,3,3,0,0,0,0,0,1.000000000,0,0,0,0
46.568785667,11.486766586,0.036230595,0.364249077,0.122355221,0.480000000,4,3,3,0,0,0,0,0,1.000000000,0,0,0,0
47.579782963,11.829823025,0.036235606,0.364249077,0.122355221,0.480000000,4,3,3,0,0,0,0,0,1.000000000,0,0,0,0
48.568965197,12.179878548,0.036235606,0.364249077,0.122355221,0.480000000,4,3,3,0,0,0,0,0,1.000000000,0,0,0,0
49.634442568,12.515878515,0.036235606,0.364249077,0.122355221,0.480000000,4,3,3,0,0,0,0,0,1.000000000,0,0,0,0
50.575118303,12.865408434,0.036235606,0.364249077,0.122355221,0.480000000,4,3,3,0,0,0,0,0,1.000000000,0,0,0,0
51.578743458,13.179087438,0.036235606,0.364249077,0.122355221,0.480000000,4,3,3,0,0,0,0,0,1.000000000,0,0,0,0
52.570811272,13.373490796,0.036239364,0.364249077,0.122355221,0.480000000,4,3,3,0,0,0,0,0,1.000000000,0,0,0,0
53.638242245,13.409583193,0.036240617,0.364249077,0.122355221,0.480000000,4,3,3,0,0,0,0,0,1.000000000,0,0,0,0
54.567224741,13.694461675,0.036240617,0.364249077,0.122355221,0.480000000,4,3,3,0,0,0,0,0,1.000000000,0,0,0,0
55.571008921,14.183997016,0.036241870,0.364249077,0.122355221,0.480000000,4,3,3,0,0,0,0,0,1.000000000,0,0,0,0
56.634765863,14.672586760,0.036244375,0.364249077,0.122355221,0.480000000,4,3,3,0,0,0,0,0,1.000000000,0,0,0,0
57.574734926,15.150065947,0.036243122,0.364211943,0.122355221,0.480000000,4,3,3,0,0,0,0,0,1.000000000,0,0,0,0
58.581185579,15.639312065,0.036270683,0.364379047,0.122355221,0.480000000,4,3,3,0,0,0,0,0,1.000000000,0,0,0,0
59.577878237,16.118603874,0.036264419,0.364267645,0.122355221,0.480000000,4,3,3,0,0,0,0,0,1.000000000,0,0,0,0
60.573263407,16.607903382,0.036276947,0.364406898,0.122355221,0.480000000,4,3,3,0,0,0,0,0,1.000000000,0,0,0,0
61.581717253,17.085041510,0.036305760,0.364796806,0.122355221,0.480000000,4,3,3,0,0,0,0,0,1.000000000,0,0,0,0
62.571096182,17.574988818,0.036369650,0.365585908,0.122355221,0.480000000,4,3,3,0,0,0,0,0,1.000000000,0,0,0,0
63.567242622,18.069593190,0.036933384,0.368547358,0.122355221,0.480000000,4,3,3,0,0,0,0,0,1.000000000,0,0,0,0
64.595730543,18.549398156,0.037892986,0.370125560,0.122355221,0.480000000,4,3,3,0,0,0,0,0,1.000000000,0,0,0,0
65.576164961,19.046379509,0.039545354,0.370543319,0.122355221,0.480000000,4,3,3,0,0,0,0,0,1.000000000,0,0,0,0
66.571330309,19.534468157,0.039703200,0.370951795,0.122355221,0.480000000,4,3,3,0,0,0,0,0,1.000000000,0,0,0,0
67.605857372,20.027133617,0.039740782,0.371350988,0.122355221,0.480000000,4,3,3,0,0,0,0,0,1.000000000,0,0,0,0
68.574158907,20.516040158,0.039828474,0.372325760,0.122355221,0.480000000,4,3,3,0,0,0,0,0,1.000000000,0,0,0,0
69.567483425,21.006018192,0.039996342,0.374563093,0.122355221,0.480000000,4,3,3,0,0,0,0,0,1.000000000,0,0,0,0
70.577314138,21.506017132,0.040685351,0.382867222,0.122355221,0.480000000,4,3,3,0,0,0,0,0,1.000000000,0,0,0,0
71.572223663,21.978102140,0.040785570,0.383628473,0.122355221,0.480000000,4,3,3,0,0,0,0,0,1.000000000,0,0,0,0
72.571074724,22.344393781,0.040788076,0.383628473,0.122355221,0.480000000,4,3,3,0,0,0,0,0,1.000000000,0,0,0,0
73.586547613,22.605978887,0.040790581,0.383628473,0.122355221,0.480000000,4,3,3,0,0,0,0,0,1.000000000,0,0,0,0
78.382951021,22.706742797,0.040791834,0.383628473,0.170521786,0.490000000,5,4,4,0,0,0,0,0,1.000000000,0,0,0,0
78.569723845,22.731981668,0.040791834,0.383628473,0.170521786,0.490000000,5,4,4,0,0,0,0,0,1.000000000,0,0,0,0
79.611161232,23.089873678,0.040791834,0.383628473,0.170521786,0.490000000,5,4,4,0,0,0,0,0,1.000000000,0,0,0,0
80.582579136,23.439870663,0.040791834,0.383628473,0.170521786,0.490000000,5,4,4,0,0,0,0,0,1.000000000,0,0,0,0
81.574252605,23.778574604,0.040794340,0.383628473,0.170521786,0.490000000,5,4,4,0,0,0,0,0,1.000000000,0,0,0,0
82.616445780,24.043165558,0.040796845,0.383628473,0.170521786,0.490000000,5,4,4,0,0,0,0,0,1.000000000,0,0,0,0
83.569902182,24.128815445,0.040799351,0.383628473,0.170521786,0.490000000,5,4,4,0,0,0,0,0,1.000000000,0,0,0,0
84.571779251,24.287373019,0.040799351,0.383628473,0.170521786,0.490000000,5,4,4,0,0,0,0,0,1.000000000,0,0,0,0
85.567797422,24.757149853,0.040799351,0.383628473,0.170521786,0.490000000,5,4,4,0,0,0,0,0,1.000000000,0,0,0,0
86.572358847,25.246676248,0.040800603,0.383628473,0.170521786,0.490000000,5,4,4,0,0,0,0,0,1.000000000,0,0,0,0
87.570809603,25.746639959,0.040805614,0.383684174,0.170521786,0.490000000,5,4,4,0,0,0,0,0,1.000000000,0,0,0,0
88.574718475,26.246327835,0.040818142,0.383869845,0.170521786,0.490000000,5,4,4,0,0,0,0,0,1.000000000,0,0,0,0
89.629705667,26.729486892,0.040831922,0.384074083,0.170521786,0.490000000,5,4,4,0,0,0,0,0,1.000000000,0,0,0,0
90.581163406,27.217266757,0.040833175,0.384074083,0.170521786,0.490000000,5,4,4,0,0,0,0,0,1.000000000,0,0,0,0
91.572307825,27.707106994,0.040865746,0.384111217,0.170521786,0.490000000,5,4,4,0,0,0,0,0,1.000000000,0,0,0,0
92.614313364,28.186182341,0.041470821,0.385169541,0.170521786,0.490000000,5,4,4,0,0,0,0,0,1.000000000,0,0,0,0
93.636202335,28.662995660,0.042030797,0.387768933,0.170521786,0.490000000,5,4,4,0,0,0,0,0,1.000000000,0,0,0,0
94.575020075,29.162821566,0.042006995,0.387787500,0.170521786,0.490000000,5,4,4,0,0,0,0,0,1.000000000,0,0,0,0
95.591327906,29.662648062,0.042010754,0.387787500,0.170521786,0.490000000,5,4,4,0,0,0,0,0,1.000000000,0,0,0,0
96.612859488,30.161918993,0.042010754,0.387787500,0.170521786,0.490000000,5,4,4,0,0,0,0,0,1.000000000,0,0,0,0
97.577154398,30.661918915,0.042010754,0.387787500,0.170521786,0.490000000,5,4,4,0,0,0,0,0,1.000000000,0,0,0,0
98.580615044,31.161861127,0.042010754,0.387787500,0.170521786,0.490000000,5,4,4,0,0,0,0,0,1.000000000,0,0,0,0
99.580283880,31.605239202,0.042010754,0.387787500,0.170521786,0.490000000,5,4,4,0,0,0,0,0,1.000000000,0,0,0,0
100.568878412,31.918314334,0.042010754,0.387787500,0.170521786,0.490000000,5,4,4,0,0,0,0,0,1.000000000,0,0,0,0
101.571978092,32.162232001,0.042010754,0.387787500,0.170521786,0.490000000,5,5,5,0,0,0,0,0,1.000000000,0,0,0,0
104.955888271,32.201449407,0.042010754,0.387787500,0.172446496,0.490000000,6,5,5,0,0,0,0,0,1.000000000,0,0,0,0
105.571794987,32.387613318,0.042010754,0.387787500,0.172446496,0.490000000,6,5,5,0,0,0,0,0,1.000000000,0,0,0,0
106.568980217,32.737508020,0.042010754,0.387787500,0.172446496,0.490000000,6,5,5,0,0,0,0,0,1.000000000,0,0,0,0
107.592078686,33.070511258,0.042010754,0.387787500,0.172446496,0.490000000,6,5,5,0,0,0,0,0,1.000000000,0,0,0,0
108.568184614,33.200610314,0.042010754,0.387787500,0.172446496,0.490000000,6,5,5,0,0,0,0,0,1.000000000,0,0,0,0
109.574826479,33.402382919,0.042010754,0.387787500,0.172446496,0.490000000,6,5,5,0,0,0,0,0,1.000000000,0,0,0,0
110.572325945,33.891971117,0.042010754,0.387787500,0.172446496,0.490000000,6,5,5,0,0,0,0,0,1.000000000,0,0,0,0
111.573487520,34.391971052,0.042010754,0.387787500,0.172446496,0.490000000,6,5,5,0,0,0,0,0,1.000000000,0,0,0,0
112.617511749,34.881313049,0.042010754,0.387787500,0.172446496,0.490000000,6,5,5,0,0,0,0,0,1.000000000,0,0,0,0
113.578610659,35.381249057,0.042010754,0.387787500,0.172446496,0.490000000,6,5,5,0,0,0,0,0,1.000000000,0,0,0,0
114.570612907,35.881083207,0.042010754,0.387787500,0.172446496,0.490000000,6,5,5,0,0,0,0,0,1.000000000,0,0,0,0
115.573097229,36.379748810,0.042010754,0.387787500,0.172446496,0.490000000,6,5,5,0,0,0,0,0,1.000000000,0,0,0,0
116.568065643,36.857720076,0.042010754,0.387787500,0.172446496,0.490000000,6,5,5,0,0,0,0,0,1.000000000,0,0,0,0
117.567767143,37.347208812,0.042012006,0.387787500,0.172446496,0.490000000,6,5,5,0,0,0,0,0,1.000000000,0,0,0,0
118.574283361,37.844907587,0.042013259,0.387787500,0.172446496,0.490000000,6,5,5,0,0,0,0,0,1.000000000,0,0,0,0
119.566954374,38.343843351,0.042015765,0.387787500,0.172446496,0.490000000,6,5,5,0,0,0,0,0,1.000000000,0,0,0,0
120.593667984,38.842879856,0.042083413,0.388585884,0.172446496,0.490000000,6,5,5,0,0,0,0,0,1.000000000,0,0,0,0
121.567616701,39.331690551,0.042134775,0.389124330,0.172446496,0.490000000,6,5,5,0,0,0,0,0,1.000000000,0,0,0,0
122.571105003,39.830718027,0.042247522,0.390479727,0.172446496,0.490000000,6,5,5,0,0,0,0,0,1.000000000,0,0,0,0
123.600984335,40.320365391,0.042345236,0.391575185,0.172446496,0.490000000,6,5,5,0,0,0,0,0,1.000000000,0,0,0,0
124.570807695,40.819545251,0.042397851,0.392262167,0.172446496,0.490000000,6,5,5,0,0,0,0,0,1.000000000,0,0,0,0
125.584179878,41.319378841,0.042515609,0.393858937,0.172446496,0.490000000,6,5,5,0,0,0,0,0,1.000000000,0,0,0,0
126.572485685,41.819057293,0.042576994,0.394675888,0.172446496,0.490000000,6,5,5,0,0,0,0,0,1.000000000,0,0,0,0
127.622952700,42.318844814,0.042602048,0.395037946,0.172446496,0.490000000,6,5,5,0,0,0,0,0,1.000000000,0,0,0,0
128.571924448,42.818613245,0.042620840,0.395279319,0.172446496,0.490000000,6,5,5,0,0,0,0,0,1.000000000,0,0,0,0
129.575554132,43.318556083,0.042670949,0.395929167,0.172446496,0.490000000,6,5,5,0,0,0,0,0,1.000000000,0,0,0,0
130.599069357,43.808536313,0.042924004,0.399526539,0.172446496,0.490000000,6,5,5,0,0,0,0,0,1.000000000,0,0,0,0
131.611931324,44.288038793,0.043088113,0.401141876,0.172446496,0.490000000,6,5,5,0,0,0,0,0,1.000000000,0,0,0,0
132.576404572,44.625937574,0.043452661,0.405834707,0.172446496,0.490000000,6,5,5,0,0,0,0,0,1.000000000,0,0,0,0
133.680165768,44.931231726,0.043789649,0.410513612,0.172446496,0.490000000,6,5,5,0,0,0,0,0,1.000000000,0,0,0,0
134.569392204,45.166174639,0.044077780,0.414514819,0.172446496,0.490000000,6,5,5,0,0,0,0,0,1.000000000,0,0,0,0
138.166515112,45.258584700,0.044508724,0.420191705,0.180997300,0.540000000,7,6,6,0,0,0,0,0,1.000000000,0,0,0,0
138.570766687,45.453675522,0.044508724,0.420191705,0.180997300,0.540000000,7,6,6,0,0,0,0,0,1.000000000,0,0,0,0
139.576769114,45.611748625,0.044535032,0.420256690,0.180997300,0.540000000,7,6,6,0,0,0,0,0,1.000000000,0,0,0,0
140.586773157,45.660463248,0.044535032,0.420256690,0.180997300,0.540000000,7,6,6,0,0,0,0,0,1.000000000,0,0,0,0
141.567433119,46.077152310,0.044535032,0.420256690,0.180997300,0.540000000,7,6,6,0,0,0,0,0,1.000000000,0,0,0,0
142.622859478,46.564313364,0.044536284,0.420256690,0.180997300,0.540000000,7,6,6,0,0,0,0,0,1.000000000,0,0,0,0
143.571298599,47.063112660,0.044537537,0.420256690,0.180997300,0.540000000,7,6,6,0,0,0,0,0,1.000000000,0,0,0,0
144.567341805,47.562148280,0.044547559,0.420405227,0.180997300,0.540000000,7,6,6,0,0,0,0,0,1.000000000,0,0,0,0
145.569432259,48.051884430,0.044571361,0.420706942,0.180997300,0.540000000,7,6,6,0,0,0,0,0,1.000000000,0,0,0,0
146.571799517,48.561470623,0.044835690,0.424165061,0.180997300,0.540000000,7,6,6,0,0,0,0,0,1.000000000,0,0,0,0
147.589093447,49.051348912,0.045460809,0.431680089,0.180997300,0.540000000,7,6,6,0,0,0,0,0,1.000000000,0,0,0,0
148.579278231,49.551287706,0.045964412,0.438132151,0.180997300,0.540000000,7,6,6,0,0,0,0,0,1.000000000,0,0,0,0
149.570805550,50.051257977,0.046455488,0.444310349,0.180997300,0.540000000,7,6,6,0,0,0,0,0,1.000000000,0,0,0,0
150.572724581,50.550810253,0.046931530,0.450762411,0.180997300,0.540000000,7,6,6,0,0,0,0,0,1.000000000,0,0,0,0
151.575707197,51.050514879,0.047273529,0.454865737,0.180997300,0.540000000,7,6,6,0,0,0,0,0,1.000000000,0,0,0,0
152.572786808,51.550514804,0.047480232,0.457455845,0.180997300,0.540000000,7,6,6,0,0,0,0,0,1.000000000,0,0,0,0
153.579274178,52.050187639,0.047924956,0.463211642,0.180997300,0.540000000,7,6,6,0,0,0,0,0,1.000000000,0,0,0,0
154.622740030,52.540161284,0.048139175,0.465978137,0.180997300,0.540000000,7,6,6,0,0,0,0,0,1.000000000,0,0,0,0
155.571937323,53.039777370,0.048706668,0.473961984,0.180997300,0.540000000,7,6,6,0,0,0,0,0,1.000000000,0,0,0,0
156.573022604,53.538090717,0.049051172,0.478715158,0.180997300,0.540000000,7,6,6,0,0,0,0,0,1.000000000,0,0,0,0
157.576453209,54.021904039,0.049201501,0.480636851,0.180997300,0.540000000,7,6,6,0,0,0,0,0,1.000000000,0,0,0,0
158.567507029,54.501450437,0.049438270,0.483835031,0.180997300,0.540000000,7,6,6,0,0,0,0,0,1.000000000,0,0,0,0
159.597745657,54.949003253,0.049701346,0.486926451,0.180997300,0.540000000,7,6,6,0,0,0,0,0,1.000000000,0,0,0,0
160.571719646,55.400605175,0.049969433,0.489316963,0.180997300,0.540000000,7,6,6,0,0,0,0,0,1.000000000,0,0,0,0
161.569544792,55.770792011,0.050002004,0.489781140,0.180997300,0.540000000,7,6,6,0,0,0,0,0,1.000000000,0,0,0,0
162.568272114,56.028705992,0.050262575,0.493327454,0.180997300,0.540000000,7,6,6,0,0,0,0,0,1.000000000,0,0,0,0
166.749607086,56.128080958,0.050273850,0.493475990,0.223123912,0.640000000,8,7,7,0,0,0,0,0,1.000000000,0,0,0,0
167.570749283,56.353566427,0.050292641,0.493717363,0.223123912,0.640000000,8,7,7,0,0,0,0,0,1.000000000,0,0,0,0
168.575655460,56.689565952,0.050303916,0.493847332,0.223123912,0.640000000,8,7,7,0,0,0,0,0,1.000000000,0,0,0,0
169.571759462,57.018565832,0.050323959,0.494125838,0.223123912,0.640000000,8,7,7,0,0,0,0,0,1.000000000,0,0,0,0
170.567964792,57.347341016,0.050325212,0.494125838,0.223123912,0.640000000,8,7,7,0,0,0,0,0,1.000000000,0,0,0,0
171.567383289,57.683359498,0.050328970,0.494144406,0.223123912,0.640000000,8,7,7,0,0,0,0,0,1.000000000,0,0,0,0
172.567274094,57.997274104,0.050328970,0.494144406,0.223123912,0.640000000,8,7,7,0,0,0,0,0,1.000000000,0,0,0,0
173.567332029,58.156614825,0.050328970,0.494144406,0.223123912,0.640000000,8,7,7,0,0,0,0,0,1.000000000,0,0,0,0
174.574064493,58.192643767,0.050328970,0.494144406,0.223123912,0.640000000,8,7,7,0,0,0,0,0,1.000000000,0,0,0,0
175.571521759,58.449139726,0.050328970,0.494144406,0.223123912,0.640000000,8,7,7,0,0,0,0,0,1.000000000,0,0,0,0
176.573000669,58.881078020,0.050328970,0.494144406,0.223123912,0.640000000,8,7,7,0,0,0,0,0,1.000000000,0,0,0,0
177.587641716,59.377618461,0.050328970,0.494144406,0.223123912,0.640000000,8,7,7,0,0,0,0,0,1.000000000,0,0,0,0
178.581600189,59.866683181,0.050328970,0.494144406,0.223123912,0.640000000,8,7,7,0,0,0,0,0,1.000000000,0,0,0,0
179.568625450,60.366037759,0.050328970,0.494144406,0.223123912,0.640000000,8,7,7,0,0,0,0,0,1.000000000,0,0,0,0
180.574333191,60.864557441,0.050328970,0.494144406,0.223123912,0.640000000,8,7,7,0,0,0,0,0,1.000000000,0,0,0,0
181.570213556,61.352283245,0.050328970,0.494144406,0.223123912,0.640000000,8,7,7,0,0,0,0,0,1.000000000,0,0,0,0
182.604576826,61.841490020,0.050328970,0.494144406,0.223123912,0.640000000,8,7,7,0,0,0,0,0,1.000000000,0,0,0,0
183.569115639,62.330552752,0.050328970,0.494144406,0.223123912,0.640000000,8,7,7,0,0,0,0,0,1.000000000,0,0,0,0
184.576218367,62.820183663,0.050328970,0.494144406,0.223123912,0.640000000,8,7,7,0,0,0,0,0,1.000000000,0,0,0,0
185.567033291,63.309129882,0.050332729,0.494162973,0.223123912,0.640000000,8,7,7,0,0,0,0,0,1.000000000,0,0,0,0
186.595646858,63.798154250,0.050357784,0.494292942,0.223123912,0.640000000,8,7,7,0,0,0,0,0,1.000000000,0,0,0,0
187.567073584,64.287759727,0.050550706,0.495963980,0.223123912,0.640000000,8,7,7,0,0,0,0,0,1.000000000,0,0,0,0
188.568197012,64.777758169,0.050980397,0.500842481,0.223123912,0.640000000,8,7,7,0,0,0,0,0,1.000000000,0,0,0,0
189.575805664,65.267422224,0.052646546,0.523132267,0.223123912,0.640000000,8,7,7,0,0,0,0,0,1.000000000,0,0,0,0
190.575321436,65.766970598,0.053662521,0.536226704,0.223123912,0.640000000,8,7,7,0,0,0,0,0,1.000000000,0,0,0,0
191.715611458,66.203293528,0.054816298,0.551136074,0.223123912,0.640000000,8,7,7,0,0,0,0,0,1.000000000,0,0,0,0
192.569180250,66.542583954,0.055243483,0.556613364,0.223123912,0.640000000,8,7,7,0,0,0,0,0,1.000000000,0,0,0,0
193.567265749,66.798853199,0.055773394,0.564007705,0.223123912,0.640000000,8,7,7,0,0,0,0,0,1.000000000,0,0,0,0
198.854243279,66.877496356,0.056040228,0.567512243,0.237400305,0.610000000,9,8,8,0,0,0,0,0,1.000000000,0,0,0,0
199.572985172,67.115216547,0.056127920,0.568626268,0.237400305,0.610000000,9,8,8,0,0,0,0,0,1.000000000,0,0,0,0
200.594401121,67.602872647,0.056284513,0.570631513,0.237400305,0.610000000,9,8,8,0,0,0,0,0,1.000000000,0,0,0,0
201.571550369,68.101441583,0.056582666,0.574549168,0.237400305,0.610000000,9,8,8,0,0,0,0,0,1.000000000,0,0,0,0
202.577506781,68.600177610,0.056734248,0.576340892,0.237400305,0.610000000,9,8,8,0,0,0,0,0,1.000000000,0,0,0,0
203.572783947,69.098727525,0.056992313,0.578838165,0.237400305,0.610000000,9,8,8,0,0,0,0,0,1.000000000,0,0,0,0
204.571459770,69.587123093,0.057227829,0.580527769,0.237400305,0.610000000,9,8,8,0,0,0,0,0,1.000000000,0,0,0,0
205.569901943,70.084980200,0.057344334,0.581029081,0.237400305,0.610000000,9,8,8,0,0,0,0,0,1.000000000,0,0,0,0
206.569186926,70.574129335,0.057643740,0.583814143,0.237400305,0.610000000,9,8,8,0,0,0,0,0,1.000000000,0,0,0,0
207.569652557,71.073230916,0.057817871,0.585113839,0.237400305,0.610000000,9,8,8,0,0,0,0,0,1.000000000,0,0,0,0
208.570754290,71.572244518,0.058143584,0.586998399,0.237400305,0.610000000,9,8,8,0,0,0,0,0,1.000000000,0,0,0,0
209.567585230,72.072185643,0.058410419,0.588771555,0.237400305,0.610000000,9,8,8,0,0,0,0,0,1.000000000,0,0,0,0
210.573515177,72.561943608,0.058743649,0.591584469,0.237400305,0.610000000,9,8,8,0,0,0,0,0,1.000000000,0,0,0,0
211.568016291,73.061943494,0.059006725,0.593696475,0.237400305,0.610000000,9,8,8,0,0,0,0,0,1.000000000,0,0,0,0
212.569108009,73.561391337,0.060135447,0.602107364,0.237400305,0.610000000,9,8,8,0,0,0,0,0,1.000000000,0,0,0,0
213.567577124,74.061360844,0.060967268,0.609812705,0.237400305,0.610000000,9,8,8,0,0,0,0,0,1.000000000,0,0,0,0
214.569776058,74.551940861,0.063535393,0.641149303,0.237400305,0.610000000,9,8,8,0,0,0,0,0,1.000000000,0,0,0,0
215.568335772,74.920657359,0.064399786,0.650850605,0.237400305,0.610000000,9,8,8,0,0,0,0,0,1.000000000,0,0,0,0
216.569138765,75.186042854,0.065133893,0.657822545,0.237400305,0.610000000,9,8,8,0,0,0,0,0,1.000000000,0,0,0,0
222.467134714,75.281494585,0.065339343,0.659382180,0.373323036,0.590000000,10,9,9,0,0,0,0,0,1.000000000,0,0,0,0
222.569190979,75.353821223,0.065517233,0.660923248,0.373323036,0.590000000,10,9,9,0,0,0,0,0,1.000000000,0,0,0,0
223.569637060,75.565011656,0.065517233,0.660923248,0.373323036,0.590000000,10,9,9,0,0,0,0,0,1.000000000,0,0,0,0
224.605789185,75.597605478,0.065691364,0.662352914,0.373323036,0.590000000,10,9,9,0,0,0,0,0,1.000000000,0,0,0,0
225.571781635,75.880499576,0.065770287,0.662779957,0.373323036,0.590000000,10,9,9,0,0,0,0,0,1.000000000,0,0,0,0
226.571744442,76.378453370,0.066014572,0.664966231,0.373323036,0.590000000,10,9,9,0,0,0,0,0,1.000000000,0,0,0,0
227.584923744,76.867628719,0.066211253,0.666567642,0.373323036,0.590000000,10,9,9,0,0,0,0,0,1.000000000,0,0,0,0
228.569664240,77.366949669,0.066489362,0.669129900,0.373323036,0.590000000,10,9,9,0,0,0,0,0,1.000000000,0,0,0,0
229.615617275,77.855625413,0.067108217,0.672119201,0.373323036,0.590000000,10,9,9,0,0,0,0,0,1.000000000,0,0,0,0
230.567308187,78.335140133,0.067892434,0.678088519,0.373323036,0.590000000,10,9,9,0,0,0,0,0,1.000000000,0,0,0,0
231.567481279,78.822474841,0.068692938,0.686666512,0.373323036,0.590000000,10,9,9,0,0,0,0,0,1.000000000,0,0,0,0
232.598397017,79.309629189,0.070360339,0.708482837,0.373323036,0.590000000,10,9,9,0,0,0,0,0,1.000000000,0,0,0,0
233.592938662,79.808043905,0.074023361,0.758321535,0.373323036,0.590000000,10,9,9,0,0,0,0,0,1.000000000,0,0,0,0
234.570516825,80.305374696,0.074816348,0.768556641,0.373323036,0.590000000,10,9,9,0,0,0,0,0,1.000000000,0,0,0,0
235.637769699,80.794908168,0.075346258,0.775556432,0.373323036,0.590000000,10,9,9,0,0,0,0,0,1.000000000,0,0,0,0
236.653834581,81.283610064,0.075555466,0.778378629,0.373323036,0.590000000,10,9,9,0,0,0,0,0,1.000000000,0,0,0,0
237.568461657,81.762103635,0.075600565,0.778898508,0.373323036,0.590000000,10,9,9,0,0,0,0,0,1.000000000,0,0,0,0
238.599900484,82.108115513,0.075645664,0.779474087,0.373323036,0.590000000,10,9,9,0,0,0,0,0,1.000000000,0,0,0,0
239.594035149,82.351201968,0.075676983,0.779771161,0.373323036,0.590000000,10,9,9,0,0,0,0,0,1.000000000,0,0,0,0
245.490586758,82.407572231,0.075690763,0.779919697,0.387500358,0.580000000,11,10,10,0,0,0,0,0,1.000000000,0,0,0,0
245.567774057,82.407572231,0.075690763,0.779919697,0.387500358,0.580000000,11,10,10,0,0,0,0,0,1.000000000,0,0,0,0
246.569846392,82.758759970,0.075690763,0.779919697,0.387500358,0.580000000,11,10,10,0,0,0,0,0,1.000000000,0,0,0,0
247.576939821,83.101679333,0.075694521,0.779956832,0.387500358,0.580000000,11,10,10,0,0,0,0,0,1.000000000,0,0,0,0
248.572613478,83.450654027,0.075712059,0.780105368,0.387500358,0.580000000,11,10,10,0,0,0,0,0,1.000000000,0,0,0,0
249.573082685,83.766017048,0.075738367,0.780476710,0.387500358,0.580000000,11,10,10,0,0,0,0,0,1.000000000,0,0,0,0
250.601795435,83.859453879,0.075777202,0.780959454,0.387500358,0.580000000,11,10,10,0,0,0,0,0,1.000000000,0,0,0,0
251.569862366,84.075777253,0.075804762,0.781312229,0.387500358,0.580000000,11,10,10,0,0,0,0,0,1.000000000,0,0,0,0
252.569359303,84.557489871,0.075819795,0.781516467,0.387500358,0.580000000,11,10,10,0,0,0,0,0,1.000000000,0,0,0,0
253.572217226,85.055753365,0.075862389,0.782092046,0.387500358,0.580000000,11,10,10,0,0,0,0,0,1.000000000,0,0,0,0
254.570031166,85.544359590,0.075878674,0.782314851,0.387500358,0.580000000,11,10,10,0,0,0,0,0,1.000000000,0,0,0,0
255.573042154,86.044050319,0.075889949,0.782338060,0.387500358,0.580000000,11,10,10,0,0,0,0,0,1.000000000,0,0,0,0
256.569988728,86.534035447,0.075920015,0.782393761,0.387500358,0.580000000,11,10,10,0,0,0,0,0,1.000000000,0,0,0,0
257.576492786,87.024035257,0.076101663,0.782449463,0.387500358,0.580000000,11,10,10,0,0,0,0,0,1.000000000,0,0,0,0
258.687743187,87.513861484,0.076181838,0.782468030,0.387500358,0.580000000,11,10,10,0,0,0,0,0,1.000000000,0,0,0,0
259.568702698,88.013845347,0.076352211,0.782514448,0.387500358,0.580000000,11,10,10,0,0,0,0,0,1.000000000,0,0,0,0
260.569889545,88.513707632,0.076522584,0.782533015,0.387500358,0.580000000,11,10,10,0,0,0,0,0,1.000000000,0,0,0,0
261.568172216,89.013407932,0.076774386,0.782681551,0.387500358,0.580000000,11,10,10,0,0,0,0,0,1.000000000,0,0,0,0
262.632028818,89.503121255,0.076900913,0.782718685,0.387500358,0.580000000,11,10,10,0,0,0,0,0,1.000000000,0,0,0,0
263.568667650,90.002847873,0.077170253,0.782755820,0.387500358,0.580000000,11,10,10,0,0,0,0,0,1.000000000,0,0,0,0
264.569269657,90.502354300,0.077365681,0.782774387,0.387500358,0.580000000,11,10,10,0,0,0,0,0,1.000000000,0,0,0,0
265.569400787,90.992352297,0.077764053,0.782774387,0.387500358,0.580000000,11,10,10,0,0,0,0,0,1.000000000,0,0,0,0
266.568294525,91.492343589,0.078628446,0.782774387,0.387500358,0.580000000,11,10,10,0,0,0,0,0,1.000000000,0,0,0,0
267.567447662,91.992299692,0.079931300,0.782774387,0.387500358,0.580000000,11,10,10,0,0,0,0,0,1.000000000,0,0,0,0
268.567026377,92.492003738,0.081722723,0.782774387,0.387500358,0.580000000,11,10,10,0,0,0,0,0,1.000000000,0,0,0,0
269.568600178,92.963416578,0.082302743,0.782774387,0.387500358,0.580000000,11,10,10,0,0,0,0,0,1.000000000,0,0,0,0
270.574165344,93.306023601,0.082736192,0.782774387,0.387500358,0.580000000,11,10,10,0,0,0,0,0,1.000000000,0,0,0,0
271.568384647,93.546740100,0.083294916,0.782774387,0.387500358,0.580000000,11,10,10,0,0,0,0,0,1.000000000,0,0,0,0
279.429663181,93.605025885,0.083589311,0.782792954,0.368734914,0.540000000,12,11,11,0,0,0,0,0,1.000000000,0,0,0,0
279.598793030,93.654666299,0.083589311,0.782792954,0.368734914,0.540000000,12,11,11,0,0,0,0,0,1.000000000,0,0,0,0
280.571435928,93.954224441,0.083589311,0.782792954,0.368734914,0.540000000,12,11,11,0,0,0,0,0,1.000000000,0,0,0,0
281.573116541,94.453738023,0.083707068,0.782885789,0.368734914,0.540000000,12,11,11,0,0,0,0,0,1.000000000,0,0,0,0
282.567919254,94.953383006,0.083765947,0.783182863,0.368734914,0.540000000,12,11,11,0,0,0,0,0,1.000000000,0,0,0,0
283.570226669,95.452573664,0.083799771,0.783517070,0.368734914,0.540000000,12,11,11,0,0,0,0,0,1.000000000,0,0,0,0
284.568136930,95.942083718,0.083801024,0.783517070,0.368734914,0.540000000,12,11,11,0,0,0,0,0,1.000000000,0,0,0,0
285.567382574,96.441831439,0.083822321,0.783721308,0.368734914,0.540000000,12,11,11,0,0,0,0,0,1.000000000,0,0,0,0
286.570162535,96.940905973,0.083853639,0.784036948,0.368734914,0.540000000,12,11,11,0,0,0,0,0,1.000000000,0,0,0,0
287.569114685,97.440788901,0.083891222,0.784315455,0.368734914,0.540000000,12,11,11,0,0,0,0,0,1.000000000,0,0,0,0
288.569660664,97.939880651,0.083995199,0.785002437,0.368734914,0.540000000,12,11,11,0,0,0,0,0,1.000000000,0,0,0,0
289.567913294,98.429828875,0.084066606,0.785095272,0.368734914,0.540000000,12,11,11,0,0,0,0,0,1.000000000,0,0,0,0
290.628655672,98.929361961,0.084366012,0.786172163,0.368734914,0.540000000,12,11,11,0,0,0,0,0,1.000000000,0,0,0,0
291.571387291,99.429361733,0.084813241,0.787230487,0.368734914,0.540000000,12,11,11,0,0,0,0,0,1.000000000,0,0,0,0
292.573544025,99.929361607,0.086174973,0.789161464,0.368734914,0.540000000,12,11,11,0,0,0,0,0,1.000000000,0,0,0,0
293.574529648,100.428802535,0.088039056,0.796235523,0.368734914,0.540000000,12,11,11,0,0,0,0,0,1.000000000,0,0,0,0
294.572997093,100.923991885,0.089437117,0.801118667,0.368734914,0.540000000,12,11,11,0,0,0,0,0,1.000000000,0,0,0,0
295.574762583,101.411192456,0.090072258,0.804126535,0.368734914,0.540000000,12,11,11,0,0,0,0,0,1.000000000,0,0,0,0
296.578674555,101.900089574,0.090822652,0.806113213,0.368734914,0.540000000,12,11,11,0,0,0,0,0,1.000000000,0,0,0,0
297.573783636,102.398272987,0.091271134,0.808034906,0.368734914,0.540000000,12,11,11,0,0,0,0,0,1.000000000,0,0,0,0
298.601631165,102.891953443,0.091482847,0.809334602,0.368734914,0.540000000,12,11,11,0,0,0,0,0,1.000000000,0,0,0,0
299.567716837,103.281068868,0.091749682,0.812806647,0.368734914,0.540000000,12,11,11,0,0,0,0,0,1.000000000,0,0,0,0
300.569056749,103.563648417,0.091996472,0.816427229,0.368734914,0.540000000,12,11,11,0,0,0,0,0,1.000000000,0,0,0,0
307.160689592,103.672872900,0.092171856,0.819008053,0.349252447,0.510000000,13,12,12,0,0,0,0,0,1.000000000,0,0,0,0
307.574599504,103.727259689,0.092264559,0.820382018,0.349252447,0.510000000,13,12,12,0,0,0,0,0,1.000000000,0,0,0,0
308.574668884,103.959873231,0.092264559,0.820382018,0.349252447,0.510000000,13,12,12,0,0,0,0,0,1.000000000,0,0,0,0
309.623939037,104.449528081,0.092337219,0.821458909,0.349252447,0.510000000,13,12,12,0,0,0,0,0,1.000000000,0,0,0,0
310.570873499,104.949522210,0.092620339,0.825487966,0.349252447,0.510000000,13,12,12,0,0,0,0,0,1.000000000,0,0,0,0
311.641642094,105.438740362,0.093190337,0.833917423,0.349252447,0.510000000,13,12,12,0,0,0,0,0,1.000000000,0,0,0,0
312.567627192,105.930420229,0.093640072,0.839269385,0.349252447,0.510000000,13,12,12,0,0,0,0,0,1.000000000,0,0,0,0
313.569675684,106.268609949,0.094304026,0.846649802,0.349252447,0.510000000,13,12,12,0,0,0,0,0,1.000000000,0,0,0,0
314.569850445,106.476645167,0.094642267,0.850223965,0.349252447,0.510000000,13,12,12,0,0,0,0,0,1.000000000,0,0,0,0
315.569902658,106.688226191,0.094667321,0.850446770,0.349252447,0.510000000,13,12,12,0,0,0,0,0,1.000000000,0,0,0,0
316.567667961,106.830596907,0.094671080,0.850483905,0.349252447,0.510000000,13,13,13,0,0,0,0,0,1.000000000,0,0,0,0
322.850193262,106.830596907,0.094674838,0.850502472,0.333617384,0.530000000,14,13,13,0,0,0,0,0,1.000000000,0,0,0,0
323.570238352,107.065718329,0.094674838,0.850502472,0.333617384,0.530000000,14,13,13,0,0,0,0,0,1.000000000,0,0,0,0
324.571440697,107.383194684,0.094674838,0.850502472,0.333617384,0.530000000,14,13,13,0,0,0,0,0,1.000000000,0,0,0,0
325.576385021,107.534637715,0.094677343,0.850539606,0.333617384,0.530000000,14,13,13,0,0,0,0,0,1.000000000,0,0,0,0
326.573175192,107.604304896,0.094677343,0.850539606,0.333617384,0.530000000,14,13,13,0,0,0,0,0,1.000000000,0,0,0,0
327.573993921,108.067859320,0.094677343,0.850539606,0.333617384,0.530000000,14,13,13,0,0,0,0,0,1.000000000,0,0,0,0
328.572887421,108.557150829,0.094678596,0.850539606,0.333617384,0.530000000,14,13,13,0,0,0,0,0,1.000000000,0,0,0,0
329.576282024,109.056443217,0.094692376,0.850576740,0.333617384,0.530000000,14,13,13,0,0,0,0,0,1.000000000,0,0,0,0
330.587023258,109.556206177,0.094711167,0.850623158,0.333617384,0.530000000,14,13,13,0,0,0,0,0,1.000000000,0,0,0,0
331.568669558,110.056124943,0.094726200,0.850669576,0.333617384,0.530000000,14,13,13,0,0,0,0,0,1.000000000,0,0,0,0
332.567132473,110.555788987,0.094775057,0.850827396,0.333617384,0.530000000,14,13,13,0,0,0,0,0,1.000000000,0,0,0,0
333.570721149,111.055775298,0.094852727,0.851152320,0.333617384,0.530000000,14,13,13,0,0,0,0,0,1.000000000,0,0,0,0
334.590393782,111.545181152,0.095064441,0.853863114,0.333617384,0.530000000,14,13,13,0,0,0,0,0,1.000000000,0,0,0,0
335.567081690,112.044219920,0.097117688,0.881388818,0.333617384,0.530000000,14,13,13,0,0,0,0,0,1.000000000,0,0,0,0
336.611297369,112.531912022,0.098841463,0.901492329,0.333617384,0.530000000,14,13,13,0,0,0,0,0,1.000000000,0,0,0,0
337.595344067,113.031530392,0.099133352,0.905261448,0.333617384,0.530000000,14,13,13,0,0,0,0,0,1.000000000,0,0,0,0
338.567491293,113.529997144,0.099387659,0.908779910,0.333617384,0.530000000,14,13,13,0,0,0,0,0,1.000000000,0,0,0,0
339.569257736,114.019646924,0.099739680,0.913602711,0.333617384,0.530000000,14,13,13,0,0,0,0,0,1.000000000,0,0,0,0
340.612171412,114.509012318,0.100092954,0.918541555,0.333617384,0.530000000,14,13,13,0,0,0,0,0,1.000000000,0,0,0,0
341.571272850,115.008761021,0.100225744,0.920333279,0.333617384,0.530000000,14,13,13,0,0,0,0,0,1.000000000,0,0,0,0
342.587020636,115.498207154,0.100424931,0.923174043,0.333617384,0.530000000,14,13,13,0,0,0,0,0,1.000000000,0,0,0,0
343.570645094,115.997541669,0.100532667,0.924761529,0.333617384,0.530000000,14,13,13,0,0,0,0,0,1.000000000,0,0,0,0
344.568275690,116.486332980,0.100579018,0.925411377,0.333617384,0.530000000,14,13,13,0,0,0,0,0,1.000000000,0,0,0,0
345.580332279,116.936567005,0.100602820,0.925736301,0.333617384,0.530000000,14,13,13,0,0,0,0,0,1.000000000,0,0,0,0
346.570567608,117.254774703,0.100622864,0.926014807,0.333617384,0.530000000,14,13,13,0,0,0,0,0,1.000000000,0,0,0,0
347.567613602,117.460160109,0.100636644,0.926200478,0.333617384,0.530000000,14,14,14,0,0,0,0,0,1.000000000,0,0,0,0
354.186215878,117.462867604,0.100642908,0.926293314,0.298761820,0.510000000,15,14,14,0,0,0,0,0,1.000000000,0,0,0,0
354.615732670,117.537962971,0.100642908,0.926293314,0.298761820,0.510000000,15,14,14,0,0,0,0,0,1.000000000,0,0,0,0
355.620484591,117.887325806,0.100642908,0.926293314,0.298761820,0.510000000,15,14,14,0,0,0,0,0,1.000000000,0,0,0,0
356.567184448,118.229875505,0.100647919,0.926367582,0.298761820,0.510000000,15,14,14,0,0,0,0,0,1.000000000,0,0,0,0
357.579519033,118.572849924,0.100649172,0.926386149,0.298761820,0.510000000,15,14,14,0,0,0,0,0,1.000000000,0,0,0,0
358.571976662,118.922849782,0.100650424,0.926386149,0.298761820,0.510000000,15,14,14,0,0,0,0,0,1.000000000,0,0,0,0
359.577298880,119.266047562,0.100650424,0.926386149,0.298761820,0.510000000,15,14,14,0,0,0,0,0,1.000000000,0,0,0,0
360.568334341,119.616048047,0.100651677,0.926386149,0.298761820,0.510000000,15,14,14,0,0,0,0,0,1.000000000,0,0,0,0
361.568310261,119.959048032,0.100651677,0.926386149,0.298761820,0.510000000,15,14,14,0,0,0,0,0,1.000000000,0,0,0,0
362.609545231,120.302047997,0.100652930,0.926404716,0.298761820,0.510000000,15,14,14,0,0,0,0,0,1.000000000,0,0,0,0
363.568699837,120.650812399,0.100652930,0.926404716,0.298761820,0.510000000,15,14,14,0,0,0,0,0,1.000000000,0,0,0,0
364.569481373,120.993861368,0.100654183,0.926423283,0.298761820,0.510000000,15,14,14,0,0,0,0,0,1.000000000,0,0,0,0
365.571796894,121.336491789,0.100656688,0.926423283,0.298761820,0.510000000,15,14,14,0,0,0,0,0,1.000000000,0,0,0,0
366.579717875,121.686142991,0.100660446,0.926478984,0.298761820,0.510000000,15,14,14,0,0,0,0,0,1.000000000,0,0,0,0
367.569384813,122.029142606,0.100664205,0.926534686,0.298761820,0.510000000,15,14,14,0,0,0,0,0,1.000000000,0,0,0,0
368.571885824,122.378357436,0.100664205,0.926534686,0.298761820,0.510000000,15,14,14,0,0,0,0,0,1.000000000,0,0,0,0
369.569160461,122.720092427,0.100664205,0.926534686,0.298761820,0.510000000,15,14,14,0,0,0,0,0,1.000000000,0,0,0,0
370.569191694,123.069999851,0.100664205,0.926534686,0.298761820,0.510000000,15,14,14,0,0,0,0,0,1.000000000,0,0,0,0
371.603099823,123.412515447,0.100664205,0.926534686,0.298761820,0.510000000,15,14,14,0,0,0,0,0,1.000000000,0,0,0,0
372.572529316,123.754880540,0.100672974,0.926553253,0.298761820,0.510000000,15,14,14,0,0,0,0,0,1.000000000,0,0,0,0
373.588101864,124.082591013,0.100674227,0.926571820,0.298761820,0.510000000,15,14,14,0,0,0,0,0,1.000000000,0,0,0,0
374.575646400,124.431932325,0.100676732,0.926571820,0.298761820,0.510000000,15,14,14,0,0,0,0,0,1.000000000,0,0,0,0
375.581218481,124.581460654,0.100682996,0.926571820,0.298761820,0.510000000,15,14,14,0,0,0,0,0,1.000000000,0,0,0,0
376.631302357,124.684584898,0.100682996,0.926571820,0.298761820,0.510000000,15,14,14,0,0,0,0,0,1.000000000,0,0,0,0
377.657902241,125.175654887,0.100682996,0.926571820,0.298761820,0.510000000,15,14,14,0,0,0,0,0,1.000000000,0,0,0,0
378.574281931,125.664238781,0.100701787,0.926627521,0.298761820,0.510000000,15,14,14,0,0,0,0,0,1.000000000,0,0,0,0
379.567298174,126.154013102,0.100701787,0.926627521,0.298761820,0.510000000,15,14,14,0,0,0,0,0,1.000000000,0,0,0,0
380.568130255,126.653745955,0.100701787,0.926627521,0.298761820,0.510000000,15,14,14,0,0,0,0,0,1.000000000,0,0,0,0
381.571495771,127.153177969,0.100714314,0.926627521,0.298761820,0.510000000,15,14,14,0,0,0,0,0,1.000000000,0,0,0,0
382.570560217,127.652446480,0.100736864,0.926627521,0.298761820,0.510000000,15,14,14,0,0,0,0,0,1.000000000,0,0,0,0
383.569389582,128.151874405,0.100778204,0.926627521,0.298761820,0.510000000,15,14,14,0,0,0,0,0,1.000000000,0,0,0,0
384.567828178,128.651562251,0.100825809,0.926627521,0.298761820,0.510000000,15,14,14,0,0,0,0,0,1.000000000,0,0,0,0
385.569968700,129.151298185,0.100928533,0.926627521,0.298761820,0.510000000,15,14,14,0,0,0,0,0,1.000000000,0,0,0,0
386.567177057,129.650694108,0.101070094,0.926627521,0.298761820,0.510000000,15,14,14,0,0,0,0,0,1.000000000,0,0,0,0
387.568702459,130.149586389,0.101181588,0.926627521,0.298761820,0.510000000,15,14,14,0,0,0,0,0,1.000000000,0,0,0,0
388.572826862,130.639040080,0.101314378,0.926627521,0.298761820,0.510000000,15,14,14,0,0,0,0,0,1.000000000,0,0,0,0
389.597620010,131.138378637,0.101572444,0.926627521,0.298761820,0.510000000,15,14,14,0,0,0,0,0,1.000000000,0,0,0,0
390.579094172,131.637712653,0.101881871,0.926627521,0.298761820,0.510000000,15,14,14,0,0,0,0,0,1.000000000,0,0,0,0
391.621303082,132.136578438,0.102068530,0.926627521,0.298761820,0.510000000,15,14,14,0,0,0,0,0,1.000000000,0,0,0,0
392.595103741,132.635673946,0.102314068,0.926627521,0.298761820,0.510000000,15,14,14,0,0,0,0,0,1.000000000,0,0,0,0
393.567697763,133.134367201,0.102409276,0.926627521,0.298761820,0.510000000,15,14,14,0,0,0,0,0,1.000000000,0,0,0,0
394.568797588,133.633229494,0.102790110,0.926627521,0.298761820,0.510000000,15,14,14,0,0,0,0,0,1.000000000,0,0,0,0
395.568794489,134.132444809,0.102905363,0.926627521,0.298761820,0.510000000,15,14,14,0,0,0,0,0,1.000000000,0,0,0,0
396.572704077,134.631287374,0.103199757,0.926627521,0.298761820,0.510000000,15,14,14,0,0,0,0,0,1.000000000,0,0,0,0
397.612906456,135.120129260,0.103356350,0.926627521,0.298761820,0.510000000,15,14,14,0,0,0,0,0,1.000000000,0,0,0,0
398.570908308,135.619061285,0.103733426,0.926627521,0.298761820,0.510000000,15,14,14,0,0,0,0,0,1.000000000,0,0,0,0
399.568045378,136.117765537,0.103941382,0.926627521,0.298761820,0.510000000,15,14,14,0,0,0,0,0,1.000000000,0,0,0,0
400.568294525,136.616169025,0.104243293,0.926627521,0.298761820,0.510000000,15,14,14,0,0,0,0,0,1.000000000,0,0,0,0
401.592704296,137.105777535,0.104582786,0.926627521,0.298761820,0.510000000,15,14,14,0,0,0,0,0,1.000000000,0,0,0,0
402.575598717,137.604419067,0.104971137,0.926627521,0.298761820,0.510000000,15,14,14,0,0,0,0,0,1.000000000,0,0,0,0
403.568387985,138.103011735,0.105751596,0.926627521,0.298761820,0.510000000,15,14,14,0,0,0,0,0,1.000000000,0,0,0,0
404.567688704,138.602369738,0.107933875,0.926627521,0.298761820,0.510000000,15,14,14,0,0,0,0,0,1.000000000,0,0,0,0
405.571080923,139.079815007,0.110598461,0.926627521,0.298761820,0.510000000,15,14,14,0,0,0,0,0,1.000000000,0,0,0,0
406.567730427,139.457788817,0.113281837,0.926627521,0.298761820,0.510000000,15,14,14,0,0,0,0,0,1.000000000,0,0,0,0
407.571268797,139.706855213,0.115589391,0.926627521,0.298761820,0.510000000,15,14,14,0,0,0,0,0,1.000000000,0,0,0,0
415.652522087,139.774765292,0.116153125,0.926627521,0.294471382,0.510000000,16,15,15,0,0,0,0,0,1.000000000,0,0,0,0
416.567598343,140.184375543,0.116559014,0.926627521,0.294471382,0.510000000,16,15,15,0,0,0,0,0,1.000000000,0,0,0,0
417.569249868,140.684323204,0.117225474,0.926627521,0.294471382,0.510000000,16,15,15,0,0,0,0,0,1.000000000,0,0,0,0
418.569202900,141.183520325,0.117621341,0.926627521,0.294471382,0.510000000,16,15,15,0,0,0,0,0,1.000000000,0,0,0,0
419.569527626,141.681458322,0.117819274,0.926627521,0.294471382,0.510000000,16,15,15,0,0,0,0,0,1.000000000,0,0,0,0
420.570475101,142.179103334,0.118092372,0.926627521,0.294471382,0.510000000,16,15,15,0,0,0,0,0,1.000000000,0,0,0,0
421.637491465,142.667553166,0.118152504,0.926627521,0.294471382,0.510000000,16,15,15,0,0,0,0,0,1.000000000,0,0,0,0
422.577071905,143.167121991,0.118337910,0.926627521,0.294471382,0.510000000,16,15,15,0,0,0,0,0,1.000000000,0,0,0,0
423.605749130,143.654993212,0.118468195,0.926627521,0.294471382,0.510000000,16,15,15,0,0,0,0,0,1.000000000,0,0,0,0
424.658336401,144.154168325,0.118520811,0.926627521,0.294471382,0.510000000,16,15,15,0,0,0,0,0,1.000000000,0,0,0,0
425.619227171,144.652671414,0.118607250,0.926627521,0.294471382,0.510000000,16,15,15,0,0,0,0,0,1.000000000,0,0,0,0
426.577825785,145.152468087,0.118731271,0.926627521,0.294471382,0.510000000,16,15,15,0,0,0,0,0,1.000000000,0,0,0,0
427.576052189,145.652120726,0.118841513,0.926627521,0.294471382,0.510000000,16,15,15,0,0,0,0,0,1.000000000,0,0,0,0
428.570328712,146.151733267,0.118994348,0.926627521,0.294471382,0.510000000,16,15,15,0,0,0,0,0,1.000000000,0,0,0,0
429.577023745,146.650680682,0.119093314,0.926627521,0.294471382,0.510000000,16,15,15,0,0,0,0,0,1.000000000,0,0,0,0
430.575042248,147.148847071,0.119614456,0.926627521,0.294471382,0.510000000,16,15,15,0,0,0,0,0,1.000000000,0,0,0,0
431.570064068,147.647129204,0.120200740,0.926627521,0.294471382,0.510000000,16,15,15,0,0,0,0,0,1.000000000,0,0,0,0
432.573278666,148.134490886,0.122143745,0.926627521,0.294471382,0.510000000,16,15,15,0,0,0,0,0,1.000000000,0,0,0,0
433.569174051,148.440086016,0.123689630,0.926627521,0.294471382,0.510000000,16,16,15,1,0,0,1,1,0.937500000,0,0,0,0
443.418231964,148.440086016,0.124506419,0.926627521,0.293690176,0.510000000,17,16,15,1,0,0,1,1,0.937500000,0,0,0,0
443.570981741,148.440086016,0.124506419,0.926627521,0.293690176,0.510000000,17,16,15,1,0,0,1,1,0.937500000,0,0,0,0
444.571033716,148.581695632,0.124506419,0.926627521,0.293690176,0.510000000,17,16,15,1,0,0,1,1,0.937500000,0,0,0,0
445.568486452,149.041990680,0.124506419,0.926627521,0.293690176,0.510000000,17,16,15,1,0,0,1,1,0.937500000,0,0,0,0
446.576146841,149.530244533,0.125751646,0.926627521,0.293690176,0.510000000,17,16,15,1,0,0,1,1,0.937500000,0,0,0,0
447.584903240,150.030244356,0.127169752,0.926627521,0.293690176,0.510000000,17,16,15,1,0,0,1,1,0.937500000,0,0,0,0
448.571365356,150.529039072,0.128716890,0.926627521,0.293690176,0.510000000,17,16,15,1,0,0,1,1,0.937500000,0,0,0,0
449.572237730,151.028987290,0.130468225,0.926627521,0.293690176,0.510000000,17,16,15,1,0,0,1,1,0.937500000,0,0,0,0
450.569554090,151.517865945,0.131097103,0.926627521,0.293690176,0.510000000,17,16,15,1,0,0,1,1,0.937500000,0,0,0,0
451.594987869,152.007022666,0.131900111,0.926627521,0.293690176,0.510000000,17,16,15,1,0,0,1,1,0.937500000,0,0,0,0
452.591637373,152.409083807,0.133737886,0.926627521,0.293690176,0.510000000,17,16,15,1,0,0,1,1,0.937500000,0,0,0,0
453.569449186,152.705897558,0.134633598,0.926627521,0.293690176,0.510000000,17,16,15,1,0,0,1,1,0.937500000,0,0,0,0
454.569512844,152.943009207,0.135167266,0.926627521,0.293690176,0.510000000,17,17,16,1,0,0,1,1,0.941176471,0,0,0,0
462.826752663,152.952750024,0.135421573,0.926627521,0.291735560,0.520000000,18,17,16,1,0,0,1,1,0.941176471,0,0,0,0
463.570846081,153.222534820,0.135550606,0.926627521,0.291735560,0.520000000,18,17,16,1,0,0,1,1,0.941176471,0,0,0,0
464.568065166,153.721989852,0.135729748,0.926627521,0.291735560,0.520000000,18,17,16,1,0,0,1,1,0.941176471,0,0,0,0
465.574122667,154.220206767,0.135986561,0.926627521,0.291735560,0.520000000,18,17,16,1,0,0,1,1,0.941176471,0,0,0,0
466.569831610,154.708558950,0.136224582,0.926627521,0.291735560,0.520000000,18,17,16,1,0,0,1,1,0.941176471,0,0,0,0
467.570662737,155.206085183,0.136671811,0.926627521,0.291735560,0.520000000,18,17,16,1,0,0,1,1,0.941176471,0,0,0,0
468.569466114,155.695778602,0.137216755,0.926627521,0.291735560,0.520000000,18,17,16,1,0,0,1,1,0.941176471,0,0,0,0
469.638235331,156.193860501,0.137950862,0.926627521,0.291735560,0.520000000,18,17,16,1,0,0,1,1,0.941176471,0,0,0,0
470.609000206,156.683812195,0.138163829,0.926627521,0.291735560,0.520000000,18,17,16,1,0,0,1,1,0.941176471,0,0,0,0
471.602503777,157.183068822,0.138503322,0.926627521,0.291735560,0.520000000,18,17,16,1,0,0,1,1,0.941176471,0,0,0,0
472.568830252,157.682744810,0.138674948,0.926627521,0.291735560,0.520000000,18,17,16,1,0,0,1,1,0.941176471,0,0,0,0
473.568371773,158.181772123,0.138751365,0.926627521,0.291735560,0.520000000,18,17,16,1,0,0,1,1,0.941176471,0,0,0,0
474.568884611,158.681402224,0.138836552,0.926627521,0.291735560,0.520000000,18,17,16,1,0,0,1,1,0.941176471,0,0,0,0
475.572044611,159.169841408,0.138870376,0.926627521,0.291735560,0.520000000,18,17,16,1,0,0,1,1,0.941176471,0,0,0,0
476.573231220,159.669375811,0.138889167,0.926627521,0.291735560,0.520000000,18,17,16,1,0,0,1,1,0.941176471,0,0,0,0
477.577454805,160.168826505,0.138919233,0.926627521,0.291735560,0.520000000,18,17,16,1,0,0,1,1,0.941176471,0,0,0,0
478.567695141,160.668327759,0.138943035,0.926627521,0.291735560,0.520000000,18,17,16,1,0,0,1,1,0.941176471,0,0,0,0
479.619893312,161.168167731,0.138984376,0.926627521,0.291735560,0.520000000,18,17,16,1,0,0,1,1,0.941176471,0,0,0,0
480.574785471,161.658167562,0.139005672,0.926627521,0.291735560,0.520000000,18,17,16,1,0,0,1,1,0.941176471,0,0,0,0
481.567583084,162.150615737,0.139038244,0.926627521,0.291735560,0.520000000,18,17,16,1,0,0,1,1,0.941176471,0,0,0,0
482.569783926,162.560726678,0.139042002,0.926627521,0.291735560,0.520000000,18,17,16,1,0,0,1,1,0.941176471,0,0,0,0
483.569799423,162.814784083,0.139042002,0.926627521,0.291735560,0.520000000,18,17,16,1,0,0,1,1,0.941176471,0,0,0,0
491.221959829,162.914577847,0.139042002,0.926627521,0.271235391,0.510000000,19,18,17,1,0,0,1,1,0.944444444,0,0,0,0
491.576118946,163.012748873,0.139042002,0.926627521,0.271235391,0.510000000,19,18,17,1,0,0,1,1,0.944444444,0,0,0,0
492.576654911,163.057076325,0.139042002,0.926627521,0.271235391,0.510000000,19,18,17,1,0,0,1,1,0.944444444,0,0,0,0
493.574073792,163.467906898,0.139042002,0.926627521,0.271235391,0.510000000,19,18,17,1,0,0,1,1,0.944444444,0,0,0,0
494.572544098,163.967254909,0.139043255,0.926627521,0.271235391,0.510000000,19,18,17,1,0,0,1,1,0.944444444,0,0,0,0
495.580095291,164.466325270,0.139044507,0.926627521,0.271235391,0.510000000,19,18,17,1,0,0,1,1,0.944444444,0,0,0,0
496.596369743,164.952262100,0.139047013,0.926627521,0.271235391,0.510000000,19,18,17,1,0,0,1,1,0.944444444,0,0,0,0
497.594759464,165.442251440,0.139047013,0.926627521,0.271235391,0.510000000,19,18,17,1,0,0,1,1,0.944444444,0,0,0,0
498.570051432,165.952251372,0.139049518,0.926627521,0.271235391,0.510000000,19,18,17,1,0,0,1,1,0.944444444,0,0,0,0
499.571179628,166.452102813,0.139050771,0.926627521,0.271235391,0.510000000,19,18,17,1,0,0,1,1,0.944444444,0,0,0,0
500.574216843,166.952039143,0.139052024,0.926627521,0.271235391,0.510000000,19,18,17,1,0,0,1,1,0.944444444,0,0,0,0
501.570737123,167.446899866,0.139054529,0.926627521,0.271235391,0.510000000,19,18,17,1,0,0,1,1,0.944444444,0,0,0,0
502.599945545,167.923869634,0.139063299,0.926627521,0.271235391,0.510000000,19,18,17,1,0,0,1,1,0.944444444,0,0,0,0
503.576423168,168.418416998,0.139301320,0.926627521,0.271235391,0.510000000,19,18,17,1,0,0,1,1,0.944444444,0,0,0,0
504.574759007,168.915458678,0.139679648,0.926627521,0.271235391,0.510000000,19,18,17,1,0,0,1,1,0.944444444,0,0,0,0
505.577255011,169.405288672,0.140175735,0.926627521,0.271235391,0.510000000,19,18,17,1,0,0,1,1,0.944444444,0,0,0,0
506.573643446,169.905279676,0.141076457,0.926627521,0.271235391,0.510000000,19,18,17,1,0,0,1,1,0.944444444,0,0,0,0
507.568113327,170.389695010,0.143173550,0.926627521,0.271235391,0.510000000,19,18,17,1,0,0,1,1,0.944444444,0,0,0,0
508.601402521,170.702541271,0.144708161,0.926627521,0.271235391,0.510000000,19,18,17,1,0,0,1,1,0.944444444,0,0,0,0
509.655241728,170.953670115,0.144907347,0.926627521,0.271235391,0.510000000,19,18,17,1,0,0,1,1,0.944444444,0,0,0,0
510.569645882,171.143818271,0.144991281,0.926627521,0.271235391,0.510000000,19,19,18,1,0,0,1,1,0.947368421,0,0,0,0
519.054345608,171.143818271,0.145254357,0.926627521,0.271966527,0.510000000,20,19,18,1,0,0,1,1,0.947368421,0,0,0,0
519.568187714,171.267437781,0.145254357,0.926627521,0.271966527,0.510000000,20,19,18,1,0,0,1,1,0.947368421,0,0,0,0
520.568608522,171.721834628,0.145254357,0.926627521,0.271966527,0.510000000,20,19,18,1,0,0,1,1,0.947368421,0,0,0,0
521.576994419,172.220643076,0.147016967,0.926627521,0.271966527,0.510000000,20,19,18,1,0,0,1,1,0.947368421,0,0,0,0
522.572398663,172.720639707,0.147494262,0.926627521,0.271966527,0.510000000,20,19,18,1,0,0,1,1,0.947368421,0,0,0,0
523.577057838,173.220584507,0.148080546,0.926627521,0.271966527,0.510000000,20,19,18,1,0,0,1,1,0.947368421,0,0,0,0
524.575076818,173.710000209,0.148364919,0.926627521,0.271966527,0.510000000,20,19,18,1,0,0,1,1,0.947368421,0,0,0,0
525.567602158,174.209726533,0.148572875,0.926627521,0.271966527,0.510000000,20,19,18,1,0,0,1,1,0.947368421,0,0,0,0
526.570886374,174.709420831,0.148719446,0.926627521,0.271966527,0.510000000,20,19,18,1,0,0,1,1,0.947368421,0,0,0,0
527.569088936,175.199260866,0.148773314,0.926627521,0.271966527,0.510000000,20,19,18,1,0,0,1,1,0.947368421,0,0,0,0
528.573478699,175.689080306,0.148800874,0.926627521,0.271966527,0.510000000,20,19,18,1,0,0,1,1,0.947368421,0,0,0,0
529.573436260,176.178903982,0.148824676,0.926627521,0.271966527,0.510000000,20,19,18,1,0,0,1,1,0.947368421,0,0,0,0
530.567571640,176.668787520,0.148837203,0.926627521,0.271966527,0.510000000,20,19,18,1,0,0,1,1,0.947368421,0,0,0,0
531.574650288,177.168727215,0.148849731,0.926627521,0.271966527,0.510000000,20,19,18,1,0,0,1,1,0.947368421,0,0,0,0
532.567568779,177.658727043,0.148869775,0.926627521,0.271966527,0.510000000,20,19,18,1,0,0,1,1,0.947368421,0,0,0,0
533.691533566,178.140709084,0.148879797,0.926627521,0.271966527,0.510000000,20,19,18,1,0,0,1,1,0.947368421,0,0,0,0
534.570061922,178.547006328,0.148893577,0.926627521,0.271966527,0.510000000,20,19,18,1,0,0,1,1,0.947368421,0,0,0,0
535.592507839,178.812149285,0.148907357,0.926627521,0.271966527,0.510000000,20,19,18,1,0,0,1,1,0.947368421,0,0,0,0
543.520030975,178.912453895,0.148913621,0.926627521,0.272054654,0.510000000,21,20,19,1,0,0,1,1,0.950000000,0,0,0,0
543.578845263,178.912453895,0.148913621,0.926627521,0.272054654,0.510000000,21,20,19,1,0,0,1,1,0.950000000,0,0,0,0
544.567541122,179.292427666,0.148913621,0.926627521,0.272054654,0.510000000,21,20,19,1,0,0,1,1,0.950000000,0,0,0,0
545.592798710,179.640627777,0.148914874,0.926627521,0.272054654,0.510000000,21,20,19,1,0,0,1,1,0.950000000,0,0,0,0
546.619932652,179.983617181,0.148922390,0.926627521,0.272054654,0.510000000,21,20,19,1,0,0,1,1,0.950000000,0,0,0,0
547.573167562,180.326378143,0.148922390,0.926627521,0.272054654,0.510000000,21,20,19,1,0,0,1,1,0.950000000,0,0,0,0
548.601233006,180.669381357,0.148923643,0.926627521,0.272054654,0.510000000,21,20,19,1,0,0,1,1,0.950000000,0,0,0,0
549.571178198,181.019381339,0.148924896,0.926627521,0.272054654,0.510000000,21,20,19,1,0,0,1,1,0.950000000,0,0,0,0
550.573490620,181.369381314,0.148924896,0.926627521,0.272054654,0.510000000,21,20,19,1,0,0,1,1,0.950000000,0,0,0,0
551.653087854,181.712284430,0.148924896,0.926627521,0.272054654,0.510000000,21,20,19,1,0,0,1,1,0.950000000,0,0,0,0
552.571665525,182.062284400,0.148924896,0.926627521,0.272054654,0.510000000,21,20,19,1,0,0,1,1,0.950000000,0,0,0,0
553.569924355,182.411292285,0.148924896,0.926627521,0.272054654,0.510000000,21,20,19,1,0,0,1,1,0.950000000,0,0,0,0
554.574542522,182.747198482,0.148927401,0.926627521,0.272054654,0.510000000,21,20,19,1,0,0,1,1,0.950000000,0,0,0,0
555.620507479,183.104152034,0.148928654,0.926627521,0.272054654,0.510000000,21,20,19,1,0,0,1,1,0.950000000,0,0,0,0
556.567627907,183.454152000,0.148931159,0.926627521,0.272054654,0.510000000,21,20,19,1,0,0,1,1,0.950000000,0,0,0,0
557.609209061,183.797151961,0.148931159,0.926627521,0.272054654,0.510000000,21,20,19,1,0,0,1,1,0.950000000,0,0,0,0
558.572573900,184.140065547,0.148931159,0.926627521,0.272054654,0.510000000,21,20,19,1,0,0,1,1,0.950000000,0,0,0,0
559.570510149,184.490065518,0.148931159,0.926627521,0.272054654,0.510000000,21,20,19,1,0,0,1,1,0.950000000,0,0,0,0
560.568271875,184.833065453,0.148931159,0.926627521,0.272054654,0.510000000,21,20,19,1,0,0,1,1,0.950000000,0,0,0,0
561.624273062,185.183065423,0.148932412,0.926627521,0.272054654,0.510000000,21,20,19,1,0,0,1,1,0.950000000,0,0,0,0
562.567750216,185.526065318,0.148932412,0.926627521,0.272054654,0.510000000,21,20,19,1,0,0,1,1,0.950000000,0,0,0,0
563.590726852,185.867169549,0.148932412,0.926627521,0.272054654,0.510000000,21,20,19,1,0,0,1,1,0.950000000,0,0,0,0
564.600843191,186.210172589,0.148934917,0.926627521,0.272054654,0.510000000,21,20,19,1,0,0,1,1,0.950000000,0,0,0,0
565.600773811,186.559835549,0.148934917,0.926627521,0.272054654,0.510000000,21,20,19,1,0,0,1,1,0.950000000,0,0,0,0
566.614528179,186.902552459,0.148943687,0.926627521,0.272054654,0.510000000,21,20,19,1,0,0,1,1,0.950000000,0,0,0,0
567.571324587,187.245491621,0.148943687,0.926627521,0.272054654,0.510000000,21,20,19,1,0,0,1,1,0.950000000,0,0,0,0
568.570506573,187.595329645,0.148944939,0.926627521,0.272054654,0.510000000,21,20,19,1,0,0,1,1,0.950000000,0,0,0,0
569.571351528,187.945332680,0.148944939,0.926627521,0.272054654,0.510000000,21,20,19,1,0,0,1,1,0.950000000,0,0,0,0
570.572835207,188.293356947,0.148944939,0.926627521,0.272054654,0.510000000,21,20,19,1,0,0,1,1,0.950000000,0,0,0,0
571.583047390,188.634778988,0.148944939,0.926627521,0.272054654,0.510000000,21,20,19,1,0,0,1,1,0.950000000,0,0,0,0
572.570681334,188.984237361,0.148944939,0.926627521,0.272054654,0.510000000,21,20,19,1,0,0,1,1,0.950000000,0,0,0,0
573.581233263,189.327237404,0.148944939,0.926627521,0.272054654,0.510000000,21,20,19,1,0,0,1,1,0.950000000,0,0,0,0
574.573358774,189.677237184,0.148944939,0.926627521,0.272054654,0.510000000,21,20,19,1,0,0,1,1,0.950000000,0,0,0,0
575.570471525,190.027237108,0.148944939,0.926627521,0.272054654,0.510000000,21,20,19,1,0,0,1,1,0.950000000,0,0,0,0
576.602652550,190.370190187,0.148946192,0.926627521,0.272054654,0.510000000,21,20,19,1,0,0,1,1,0.950000000,0,0,0,0
577.599808693,190.720172861,0.148946192,0.926627521,0.272054654,0.510000000,21,20,19,1,0,0,1,1,0.950000000,0,0,0,0
578.578908920,191.063172848,0.148946192,0.926627521,0.272054654,0.510000000,21,20,19,1,0,0,1,1,0.950000000,0,0,0,0
579.569047213,191.413172832,0.148946192,0.926627521,0.272054654,0.510000000,21,20,19,1,0,0,1,1,0.950000000,0,0,0,0
580.569266558,191.763172821,0.148946192,0.926627521,0.272054654,0.510000000,21,20,19,1,0,0,1,1,0.950000000,0,0,0,0
581.574522972,192.112590536,0.148946192,0.926627521,0.272054654,0.510000000,21,20,19,1,0,0,1,1,0.950000000,0,0,0,0
582.567732096,192.462582390,0.148946192,0.926627521,0.272054654,0.510000000,21,20,19,1,0,0,1,1,0.950000000,0,0,0,0
583.581218243,192.805737807,0.148946192,0.926627521,0.272054654,0.510000000,21,20,19,1,0,0,1,1,0.950000000,0,0,0,0
584.575027943,193.155395800,0.148946192,0.926627521,0.272054654,0.510000000,21,20,19,1,0,0,1,1,0.950000000,0,0,0,0
585.673525095,193.498395803,0.148946192,0.926627521,0.272054654,0.510000000,21,20,19,1,0,0,1,1,0.950000000,0,0,0,0
586.570907116,193.848395783,0.148946192,0.926627521,0.272054654,0.510000000,21,20,19,1,0,0,1,1,0.950000000,0,0,0,0
587.597905874,194.142395769,0.148946192,0.926627521,0.272054654,0.510000000,21,20,19,1,0,0,1,1,0.950000000,0,0,0,0
588.577689171,194.541390069,0.148952456,0.926627521,0.272054654,0.510000000,21,20,19,1,0,0,1,1,0.950000000,0,0,0,0
589.589513540,194.890147421,0.148959972,0.926627521,0.272054654,0.510000000,21,20,19,1,0,0,1,1,0.950000000,0,0,0,0
590.594038486,195.211966918,0.148968742,0.926627521,0.272054654,0.510000000,21,20,19,1,0,0,1,1,0.950000000,0,0,0,0
591.614994526,195.575967807,0.148971247,0.926627521,0.272054654,0.510000000,21,20,19,1,0,0,1,1,0.950000000,0,0,0,0
592.621707916,195.917957650,0.148976258,0.926627521,0.272054654,0.510000000,21,20,19,1,0,0,1,1,0.950000000,0,0,0,0
593.582212210,196.267335700,0.148980016,0.926627521,0.272054654,0.510000000,21,20,19,1,0,0,1,1,0.950000000,0,0,0,0
594.593141317,196.610338216,0.148982522,0.926627521,0.272054654,0.510000000,21,20,19,1,0,0,1,1,0.950000000,0,0,0,0
595.569124699,196.959666435,0.148983774,0.926627521,0.272054654,0.510000000,21,20,19,1,0,0,1,1,0.950000000,0,0,0,0
596.570356846,197.309084377,0.148992544,0.926627521,0.272054654,0.510000000,21,20,19,1,0,0,1,1,0.950000000,0,0,0,0
597.567642689,197.658663167,0.149001313,0.926627521,0.272054654,0.510000000,21,20,19,1,0,0,1,1,0.950000000,0,0,0,0
598.572004557,198.007820957,0.149016346,0.926627521,0.272054654,0.510000000,21,20,19,1,0,0,1,1,0.950000000,0,0,0,0
599.623889923,198.350820970,0.149031379,0.926627521,0.272054654,0.510000000,21,20,19,1,0,0,1,1,0.950000000,0,0,0,0
600.567677021,198.700820958,0.149075225,0.926627521,0.272054654,0.510000000,21,20,19,1,0,0,1,1,0.950000000,0,0,0,0
601.568205357,199.050820938,0.149094016,0.926627521,0.272054654,0.510000000,21,20,19,1,0,0,1,1,0.950000000,0,0,0,0
602.570534468,199.393785297,0.149157906,0.926627521,0.272054654,0.510000000,21,20,19,1,0,0,1,1,0.950000000,0,0,0,0
603.576045752,199.743584454,0.149298213,0.926627521,0.272054654,0.510000000,21,20,19,1,0,0,1,1,0.950000000,0,0,0,0
604.586994171,200.079589531,0.149752959,0.926627521,0.272054654,0.510000000,21,20,19,1,0,0,1,1,0.950000000,0,0,0,0
605.569539785,200.429589072,0.151037021,0.926627521,0.272054654,0.510000000,21,20,19,1,0,0,1,1,0.950000000,0,0,0,0
606.571264505,200.772456503,0.152344885,0.926627521,0.272054654,0.510000000,21,20,19,1,0,0,1,1,0.950000000,0,0,0,0
607.578325987,201.108233557,0.152716950,0.926757491,0.272054654,0.510000000,21,20,19,1,0,0,1,1,0.950000000,0,0,0,0
608.569515705,201.451209419,0.152933675,0.926757491,0.272054654,0.510000000,21,20,19,1,0,0,1,1,0.950000000,0,0,0,0
609.567381144,201.794194894,0.153226817,0.926757491,0.272054654,0.510000000,21,20,19,1,0,0,1,1,0.950000000,0,0,0,0
610.576558590,202.144113910,0.153405959,0.926757491,0.272054654,0.510000000,21,20,19,1,0,0,1,1,0.950000000,0,0,0,0
611.574636221,202.493790609,0.153547519,0.926757491,0.272054654,0.510000000,21,20,19,1,0,0,1,1,0.950000000,0,0,0,0
612.575964928,202.829790579,0.153646486,0.926757491,0.272054654,0.510000000,21,20,19,1,0,0,1,1,0.950000000,0,0,0,0
613.572861433,203.186790513,0.153735431,0.926757491,0.272054654,0.510000000,21,20,19,1,0,0,1,1,0.950000000,0,0,0,0
614.570498228,203.536428324,0.153742947,0.926757491,0.272054654,0.510000000,21,20,19,1,0,0,1,1,0.950000000,0,0,0,0
615.570962191,203.879298814,0.153759233,0.926757491,0.272054654,0.510000000,21,20,19,1,0,0,1,1,0.950000000,0,0,0,0
616.573678493,204.215298766,0.153778024,0.926757491,0.272054654,0.510000000,21,20,19,1,0,0,1,1,0.950000000,0,0,0,0
617.567524433,204.557578509,0.153801826,0.926757491,0.272054654,0.510000000,21,20,19,1,0,0,1,1,0.950000000,0,0,0,0
618.574100733,204.907581398,0.153805584,0.926757491,0.272054654,0.510000000,21,20,19,1,0,0,1,1,0.950000000,0,0,0,0
619.570154905,205.250581386,0.153806837,0.926757491,0.272054654,0.510000000,21,20,19,1,0,0,1,1,0.950000000,0,0,0,0
620.582148790,205.593581361,0.153806837,0.926757491,0.272054654,0.510000000,21,20,19,1,0,0,1,1,0.950000000,0,0,0,0
621.568080425,205.923826741,0.153809342,0.926757491,0.272054654,0.510000000,21,20,19,1,0,0,1,1,0.950000000,0,0,0,0
622.570196629,206.237411137,0.153810595,0.926757491,0.272054654,0.510000000,21,20,19,1,0,0,1,1,0.950000000,0,0,0,0
623.568639278,206.502933119,0.153821870,0.926757491,0.272054654,0.510000000,21,21,20,1,0,0,1,1,0.952380952,0,0,0,0
631.278763771,206.537301635,0.153823123,0.926757491,0.268127888,0.520000000,22,21,20,1,0,0,1,1,0.952380952,0,0,0,0
631.575470448,206.605731663,0.153823123,0.926757491,0.268127888,0.520000000,22,21,20,1,0,0,1,1,0.952380952,0,0,0,0
632.597406864,207.086933004,0.153823123,0.926757491,0.268127888,0.520000000,22,21,20,1,0,0,1,1,0.952380952,0,0,0,0
633.572432518,207.586419307,0.153833145,0.926757491,0.268127888,0.520000000,22,21,20,1,0,0,1,1,0.952380952,0,0,0,0
634.569328547,208.075827542,0.153833145,0.926757491,0.268127888,0.520000000,22,21,20,1,0,0,1,1,0.952380952,0,0,0,0
635.581784725,208.555420356,0.153833145,0.926757491,0.268127888,0.520000000,22,21,20,1,0,0,1,1,0.952380952,0,0,0,0
636.569221735,209.054200703,0.153834397,0.926757491,0.268127888,0.520000000,22,21,20,1,0,0,1,1,0.952380952,0,0,0,0
637.573973417,209.544041454,0.153835650,0.926757491,0.268127888,0.520000000,22,21,20,1,0,0,1,1,0.952380952,0,0,0,0
638.634198904,210.033858223,0.153835650,0.926757491,0.268127888,0.520000000,22,21,20,1,0,0,1,1,0.952380952,0,0,0,0
639.569742680,210.533525351,0.153835650,0.926757491,0.268127888,0.520000000,22,21,20,1,0,0,1,1,0.952380952,0,0,0,0
640.572592497,211.033509136,0.153835650,0.926757491,0.268127888,0.520000000,22,21,20,1,0,0,1,1,0.952380952,0,0,0,0
641.579794407,211.493340419,0.153835650,0.926757491,0.268127888,0.520000000,22,21,20,1,0,0,1,1,0.952380952,0,0,0,0
642.571600199,212.023340319,0.153838156,0.926757491,0.268127888,0.520000000,22,21,20,1,0,0,1,1,0.952380952,0,0,0,0
643.568652630,212.521946915,0.153841914,0.926757491,0.268127888,0.520000000,22,21,20,1,0,0,1,1,0.952380952,0,0,0,0
644.569192886,213.007654298,0.153844419,0.926757491,0.268127888,0.520000000,22,21,20,1,0,0,1,1,0.952380952,0,0,0,0
645.572075367,213.497175732,0.153859452,0.926757491,0.268127888,0.520000000,22,21,20,1,0,0,1,1,0.952380952,0,0,0,0
646.653605700,213.976779372,0.153844419,0.926534686,0.268127888,0.520000000,22,21,20,1,0,0,1,1,0.952380952,0,0,0,0
647.577284098,214.485873574,0.153868221,0.926534686,0.268127888,0.520000000,22,21,20,1,0,0,1,1,0.952380952,0,0,0,0
648.637113094,214.964480080,0.153868221,0.926534686,0.268127888,0.520000000,22,21,20,1,0,0,1,1,0.952380952,0,0,0,0
649.575464010,215.484276612,0.153868221,0.926534686,0.268127888,0.520000000,22,21,20,1,0,0,1,1,0.952380952,0,0,0,0
650.569485903,215.963615779,0.153868221,0.926534686,0.268127888,0.520000000,22,21,20,1,0,0,1,1,0.952380952,0,0,0,0
651.604813814,216.452275438,0.153868221,0.926534686,0.268127888,0.520000000,22,21,20,1,0,0,1,1,0.952380952,0,0,0,0
652.582176208,216.951575464,0.153868221,0.926534686,0.268127888,0.520000000,22,21,20,1,0,0,1,1,0.952380952,0,0,0,0
653.598963022,217.451108299,0.153868221,0.926534686,0.268127888,0.520000000,22,21,20,1,0,0,1,1,0.952380952,0,0,0,0
654.572164774,217.900835927,0.153868221,0.926534686,0.268127888,0.520000000,22,21,20,1,0,0,1,1,0.952380952,0,0,0,0
655.572285175,218.378376221,0.153868221,0.926534686,0.268127888,0.520000000,22,21,20,1,0,0,1,1,0.952380952,0,0,0,0
656.573057652,218.877828056,0.153868221,0.926534686,0.268127888,0.520000000,22,21,20,1,0,0,1,1,0.952380952,0,0,0,0
657.579135656,219.377545010,0.153868221,0.926534686,0.268127888,0.520000000,22,21,20,1,0,0,1,1,0.952380952,0,0,0,0
658.582182646,219.876287670,0.153868221,0.926534686,0.268127888,0.520000000,22,21,20,1,0,0,1,1,0.952380952,0,0,0,0
659.608547688,220.365985872,0.153870727,0.926534686,0.268127888,0.520000000,22,21,20,1,0,0,1,1,0.952380952,0,0,0,0
660.575042486,220.875730821,0.153871980,0.926534686,0.268127888,0.520000000,22,21,20,1,0,0,1,1,0.952380952,0,0,0,0
661.575608015,221.374621283,0.153871980,0.926534686,0.268127888,0.520000000,22,21,20,1,0,0,1,1,0.952380952,0,0,0,0
662.633388042,221.862242994,0.153893276,0.926534686,0.268127888,0.520000000,22,21,20,1,0,0,1,1,0.952380952,0,0,0,0
663.588495493,222.360818453,0.153940881,0.926534686,0.268127888,0.520000000,22,21,20,1,0,0,1,1,0.952380952,0,0,0,0
664.569704533,222.859110794,0.153949650,0.926534686,0.268127888,0.520000000,22,21,20,1,0,0,1,1,0.952380952,0,0,0,0
665.573270321,223.358234885,0.153898287,0.926293314,0.268127888,0.520000000,22,21,20,1,0,0,1,1,0.952380952,0,0,0,0
666.646251202,223.837601980,0.153899540,0.926293314,0.268127888,0.520000000,22,21,20,1,0,0,1,1,0.952380952,0,0,0,0
667.568508625,224.327198007,0.153899540,0.926293314,0.268127888,0.520000000,22,21,20,1,0,0,1,1,0.952380952,0,0,0,0
668.570008993,224.825790363,0.153899540,0.926293314,0.268127888,0.520000000,22,21,20,1,0,0,1,1,0.952380952,0,0,0,0
669.571706533,225.324354994,0.153899540,0.926293314,0.268127888,0.520000000,22,21,20,1,0,0,1,1,0.952380952,0,0,0,0
670.600184441,225.772245116,0.153899540,0.926293314,0.268127888,0.520000000,22,21,20,1,0,0,1,1,0.952380952,0,0,0,0
671.573330641,226.310888704,0.153899540,0.926293314,0.268127888,0.520000000,22,21,20,1,0,0,1,1,0.952380952,0,0,0,0
672.573698521,226.810707151,0.153899540,0.926293314,0.268127888,0.520000000,22,21,20,1,0,0,1,1,0.952380952,0,0,0,0
673.580028296,227.309914612,0.153900793,0.926293314,0.268127888,0.520000000,22,21,20,1,0,0,1,1,0.952380952,0,0,0,0
674.645280123,227.798462854,0.153894529,0.925959106,0.268127888,0.520000000,22,21,20,1,0,0,1,1,0.952380952,0,0,0,0
675.596790314,228.290197373,0.153894529,0.925959106,0.268127888,0.520000000,22,21,20,1,0,0,1,1,0.952380952,0,0,0,0
676.572160244,228.787495976,0.153894529,0.925959106,0.268127888,0.520000000,22,21,20,1,0,0,1,1,0.952380952,0,0,0,0
677.569161177,229.286850895,0.154058638,0.925959106,0.268127888,0.520000000,22,21,20,1,0,0,1,1,0.952380952,0,0,0,0
678.594450951,229.776527800,0.154369319,0.925959106,0.268127888,0.520000000,22,21,20,1,0,0,1,1,0.952380952,0,0,0,0
679.571759701,230.260230002,0.154383099,0.925959106,0.268127888,0.520000000,22,21,20,1,0,0,1,1,0.952380952,0,0,0,0
680.567941189,230.616052702,0.154383099,0.925959106,0.268127888,0.520000000,22,21,20,1,0,0,1,1,0.952380952,0,0,0,0
681.569348574,230.895266590,0.154383099,0.925959106,0.268127888,0.520000000,22,21,20,1,0,0,1,1,0.952380952,0,0,0,0
689.021631718,231.000750408,0.154383099,0.925959106,0.268292683,0.510000000,23,22,21,1,0,0,1,1,0.954545455,0,0,0,0
689.653966188,231.167431743,0.154383099,0.925959106,0.268292683,0.510000000,23,22,21,1,0,0,1,1,0.954545455,0,0,0,0
690.587619305,231.516560221,0.154383099,0.925959106,0.268292683,0.510000000,23,22,21,1,0,0,1,1,0.954545455,0,0,0,0
691.570535421,231.866432300,0.154383099,0.925959106,0.268292683,0.510000000,23,22,21,1,0,0,1,1,0.954545455,0,0,0,0
692.634569883,232.216432803,0.154383099,0.925959106,0.268292683,0.510000000,23,22,21,1,0,0,1,1,0.954545455,0,0,0,0
693.573112249,232.564526510,0.154383099,0.925959106,0.268292683,0.510000000,23,22,21,1,0,0,1,1,0.954545455,0,0,0,0
694.569424868,232.913372522,0.154383099,0.925959106,0.268292683,0.510000000,23,22,21,1,0,0,1,1,0.954545455,0,0,0,0
695.568797588,233.199076491,0.154383099,0.925959106,0.268292683,0.510000000,23,22,21,1,0,0,1,1,0.954545455,0,0,0,0
696.567413092,233.240067299,0.154383099,0.925959106,0.268292683,0.510000000,23,22,21,1,0,0,1,1,0.954545455,0,0,0,0
697.570004940,233.383900511,0.154383099,0.925959106,0.268292683,0.510000000,23,22,21,1,0,0,1,1,0.954545455,0,0,0,0
698.645009756,233.838703493,0.154383099,0.925959106,0.268292683,0.510000000,23,22,21,1,0,0,1,1,0.954545455,0,0,0,0
699.607967377,234.336079978,0.154383099,0.925959106,0.268292683,0.510000000,23,22,21,1,0,0,1,1,0.954545455,0,0,0,0
700.567590237,234.833947429,0.154383099,0.925959106,0.268292683,0.510000000,23,22,21,1,0,0,1,1,0.954545455,0,0,0,0
701.570519447,235.322645412,0.154383099,0.925959106,0.268292683,0.510000000,23,22,21,1,0,0,1,1,0.954545455,0,0,0,0
702.588387251,235.821764856,0.154383099,0.925959106,0.268292683,0.510000000,23,22,21,1,0,0,1,1,0.954545455,0,0,0,0
703.571712494,236.320089900,0.154359297,0.925829136,0.268292683,0.510000000,23,22,21,1,0,0,1,1,0.954545455,0,0,0,0
704.592929602,236.809046375,0.154359297,0.925829136,0.268292683,0.510000000,23,22,21,1,0,0,1,1,0.954545455,0,0,0,0
705.567804813,237.306856541,0.154359297,0.925829136,0.268292683,0.510000000,23,22,21,1,0,0,1,1,0.954545455,0,0,0,0
706.567272186,237.802806233,0.154359297,0.925829136,0.268292683,0.510000000,23,22,21,1,0,0,1,1,0.954545455,0,0,0,0
707.569499731,238.302074879,0.154359297,0.925829136,0.268292683,0.510000000,23,22,21,1,0,0,1,1,0.954545455,0,0,0,0
708.571663141,238.789673189,0.154368066,0.925773435,0.268292683,0.510000000,23,22,21,1,0,0,1,1,0.954545455,0,0,0,0
709.567781925,239.246475183,0.154368066,0.925773435,0.268292683,0.510000000,23,22,21,1,0,0,1,1,0.954545455,0,0,0,0
710.591848373,239.702843338,0.154368066,0.925773435,0.268292683,0.510000000,23,22,21,1,0,0,1,1,0.954545455,0,0,0,0
711.569787502,240.192835551,0.154369319,0.925773435,0.268292683,0.510000000,23,22,21,1,0,0,1,1,0.954545455,0,0,0,0
712.584682703,240.658333765,0.154454505,0.925773435,0.268292683,0.510000000,23,22,21,1,0,0,1,1,0.954545455,0,0,0,0
713.589333057,241.135252772,0.154469538,0.925773435,0.268292683,0.510000000,23,22,21,1,0,0,1,1,0.954545455,0,0,0,0
714.573252916,241.467543033,0.154469538,0.925773435,0.268292683,0.510000000,23,22,21,1,0,0,1,1,0.954545455,0,0,0,0
715.569948196,241.712893488,0.154469538,0.925773435,0.268292683,0.510000000,23,22,21,1,0,0,1,1,0.954545455,0,0,0,0
722.871695280,241.800766681,0.154469538,0.925773435,0.265931471,0.510000000,24,23,22,1,0,0,1,1,0.956521739,0,0,0,0
723.585863829,242.000814168,0.154469538,0.925773435,0.265931471,0.510000000,24,23,22,1,0,0,1,1,0.956521739,0,0,0,0
724.615760088,242.350733782,0.154469538,0.925773435,0.265931471,0.510000000,24,23,22,1,0,0,1,1,0.956521739,0,0,0,0
725.569710255,242.691671119,0.154469538,0.925773435,0.265931471,0.510000000,24,23,22,1,0,0,1,1,0.956521739,0,0,0,0
726.571421623,242.973267465,0.154469538,0.925773435,0.265931471,0.510000000,24,23,22,1,0,0,1,1,0.956521739,0,0,0,0
727.572441339,243.121338499,0.154469538,0.925773435,0.265931471,0.510000000,24,23,22,1,0,0,1,1,0.956521739,0,0,0,0
728.574847937,243.224682527,0.154469538,0.925773435,0.265931471,0.510000000,24,23,22,1,0,0,1,1,0.956521739,0,0,0,0
729.571917057,243.686703472,0.154469538,0.925773435,0.265931471,0.510000000,24,23,22,1,0,0,1,1,0.956521739,0,0,0,0
730.595730066,244.176690598,0.154469538,0.925773435,0.265931471,0.510000000,24,23,22,1,0,0,1,1,0.956521739,0,0,0,0
731.589315653,244.676687671,0.154469538,0.925773435,0.265931471,0.510000000,24,23,22,1,0,0,1,1,0.956521739,0,0,0,0
732.575879335,245.176687488,0.154469538,0.925773435,0.265931471,0.510000000,24,23,22,1,0,0,1,1,0.956521739,0,0,0,0
733.568270445,245.676188356,0.154469538,0.925773435,0.265931471,0.510000000,24,23,22,1,0,0,1,1,0.956521739,0,0,0,0
734.572900534,246.176187541,0.154469538,0.925773435,0.265931471,0.510000000,24,23,22,1,0,0,1,1,0.956521739,0,0,0,0
735.571328163,246.675165426,0.154455758,0.925829136,0.265931471,0.510000000,24,23,22,1,0,0,1,1,0.956521739,0,0,0,0
736.609071255,247.162375977,0.154455758,0.925829136,0.265931471,0.510000000,24,23,22,1,0,0,1,1,0.956521739,0,0,0,0
737.568811893,247.659474140,0.154455758,0.925829136,0.265931471,0.510000000,24,23,22,1,0,0,1,1,0.956521739,0,0,0,0
738.578407288,248.155763965,0.154455758,0.925829136,0.265931471,0.510000000,24,23,22,1,0,0,1,1,0.956521739,0,0,0,0
739.567429543,248.652210616,0.154455758,0.925829136,0.265931471,0.510000000,24,23,22,1,0,0,1,1,0.956521739,0,0,0,0
740.589300156,249.137089275,0.154455758,0.925829136,0.265931471,0.510000000,24,23,22,1,0,0,1,1,0.956521739,0,0,0,0
741.578701973,249.635757279,0.154455758,0.925829136,0.265931471,0.510000000,24,23,22,1,0,0,1,1,0.956521739,0,0,0,0
742.569684744,250.135458822,0.154458264,0.925829136,0.265931471,0.510000000,24,23,22,1,0,0,1,1,0.956521739,0,0,0,0
743.589498758,250.619025012,0.154478307,0.926010165,0.265931471,0.510000000,24,23,22,1,0,0,1,1,0.956521739,0,0,0,0
744.584939718,251.093759472,0.154492088,0.926149419,0.265931471,0.510000000,24,23,22,1,0,0,1,1,0.956521739,0,0,0,0
745.594656229,251.572106481,0.154492088,0.926149419,0.265931471,0.510000000,24,23,22,1,0,0,1,1,0.956521739,0,0,0,0
746.572948933,251.942941331,0.154492088,0.926149419,0.265931471,0.510000000,24,23,22,1,0,0,1,1,0.956521739,0,0,0,0
747.574516535,252.279147459,0.154494593,0.926186553,0.265931471,0.510000000,24,23,22,1,0,0,1,1,0.956521739,0,0,0,0
748.568266153,252.735414046,0.154494593,0.926186553,0.265931471,0.510000000,24,23,22,1,0,0,1,1,0.956521739,0,0,0,0
749.591885567,253.197797121,0.154494593,0.926186553,0.265931471,0.510000000,24,23,22,1,0,0,1,1,0.956521739,0,0,0,0
750.568096399,253.667518989,0.154555978,0.926511477,0.265931471,0.510000000,24,23,22,1,0,0,1,1,0.956521739,0,0,0,0
751.622728109,254.146071642,0.154555978,0.926511477,0.265931471,0.510000000,24,23,22,1,0,0,1,1,0.956521739,0,0,0,0
752.571625471,254.364977021,0.154555978,0.926511477,0.265931471,0.510000000,24,23,22,1,0,0,1,1,0.956521739,0,0,0,0
753.602406025,254.663903593,0.154555978,0.926511477,0.265931471,0.510000000,24,23,22,1,0,0,1,1,0.956521739,0,0,0,0
754.567313671,254.895193200,0.154555978,0.926511477,0.265931471,0.510000000,24,23,22,1,0,0,1,1,0.956521739,0,0,0,0
755.569664955,254.929305428,0.154555978,0.926511477,0.265931471,0.510000000,24,23,22,1,0,0,1,1,0.956521739,0,0,0,0
756.568119526,254.989977560,0.154555978,0.926511477,0.265931471,0.510000000,24,23,22,1,0,0,1,1,0.956521739,0,0,0,0
757.571370125,255.285803563,0.154555978,0.926511477,0.265931471,0.510000000,24,23,22,1,0,0,1,1,0.956521739,0,0,0,0
758.604265213,255.762317602,0.154555978,0.926511477,0.265931471,0.510000000,24,23,22,1,0,0,1,1,0.956521739,0,0,0,0
759.567938566,256.235681150,0.154555978,0.926511477,0.265931471,0.510000000,24,23,22,1,0,0,1,1,0.956521739,0,0,0,0
760.570672274,256.735617174,0.154555978,0.926511477,0.265931471,0.510000000,24,23,22,1,0,0,1,1,0.956521739,0,0,0,0
761.590805769,257.185721800,0.154555978,0.926511477,0.265931471,0.510000000,24,23,22,1,0,0,1,1,0.956521739,0,0,0,0
762.568870544,257.680343031,0.154555978,0.926511477,0.265931471,0.510000000,24,23,22,1,0,0,1,1,0.956521739,0,0,0,0
763.571100235,258.179455850,0.154576021,0.926771416,0.265931471,0.510000000,24,23,22,1,0,0,1,1,0.956521739,0,0,0,0
764.568978786,258.676398874,0.154612351,0.927254160,0.265931471,0.510000000,24,23,22,1,0,0,1,1,0.956521739,0,0,0,0
765.570537329,259.174629728,0.154627384,0.927458398,0.265931471,0.510000000,24,23,22,1,0,0,1,1,0.956521739,0,0,0,0
766.576405764,259.661656582,0.154628637,0.927458398,0.265931471,0.510000000,24,23,22,1,0,0,1,1,0.956521739,0,0,0,0
767.569871664,260.159611300,0.154638659,0.927588368,0.265931471,0.510000000,24,23,22,1,0,0,1,1,0.956521739,0,0,0,0
768.588728428,260.658805934,0.154644922,0.927681203,0.265931471,0.510000000,24,23,22,1,0,0,1,1,0.956521739,0,0,0,0
769.578980207,261.158403908,0.154647428,0.927699770,0.265931471,0.510000000,24,23,22,1,0,0,1,1,0.956521739,0,0,0,0
770.567987204,261.657720264,0.154656197,0.927774039,0.265931471,0.510000000,24,23,22,1,0,0,1,1,0.956521739,0,0,0,0
771.584377766,262.152109334,0.154681252,0.927885441,0.265931471,0.510000000,24,23,22,1,0,0,1,1,0.956521739,0,0,0,0
772.568323135,262.620640051,0.154766439,0.928266066,0.265931471,0.510000000,24,23,22,1,0,0,1,1,0.956521739,0,0,0,0
773.570680141,263.110626373,0.154814043,0.928396036,0.265931471,0.510000000,24,23,22,1,0,0,1,1,0.956521739,0,0,0,0
774.568881512,263.589857703,0.154816548,0.928433170,0.265931471,0.510000000,24,23,22,1,0,0,1,1,0.956521739,0,0,0,0
775.567498922,264.040695637,0.154897977,0.928966974,0.265931471,0.510000000,24,23,22,1,0,0,1,1,0.956521739,0,0,0,0
776.567343473,264.469754705,0.154897977,0.928966974,0.265931471,0.510000000,24,23,22,1,0,0,1,1,0.956521739,0,0,0,0
777.567371607,264.841571178,0.154897977,0.928966974,0.265931471,0.510000000,24,23,22,1,0,0,1,1,0.956521739,0,0,0,0
778.567485571,265.132225472,0.154897977,0.928966974,0.265931471,0.510000000,24,23,22,1,0,0,1,1,0.956521739,0,0,0,0
779.569776058,265.355814542,0.154897977,0.928966974,0.265931471,0.510000000,24,23,22,1,0,0,1,1,0.956521739,0,0,0,0
786.678601027,265.444495396,0.154897977,0.928966974,0.262469513,0.490000000,25,24,23,1,0,0,1,1,0.958333333,0,0,0,0
787.567233086,265.713244166,0.154897977,0.928966974,0.262469513,0.490000000,25,24,23,1,0,0,1,1,0.958333333,0,0,0,0
788.569309950,266.021188448,0.154897977,0.928966974,0.262469513,0.490000000,25,24,23,1,0,0,1,1,0.958333333,0,0,0,0
789.745739937,266.326593449,0.154897977,0.928966974,0.262469513,0.490000000,25,24,23,1,0,0,1,1,0.958333333,0,0,0,0
790.569371939,266.633240189,0.154897977,0.928966974,0.262469513,0.490000000,25,24,23,1,0,0,1,1,0.958333333,0,0,0,0
791.569422245,266.786370353,0.154897977,0.928966974,0.262469513,0.490000000,25,24,23,1,0,0,1,1,0.958333333,0,0,0,0
792.567280769,266.799617820,0.154897977,0.928966974,0.262469513,0.490000000,25,24,23,1,0,0,1,1,0.958333333,0,0,0,0
793.574705362,266.930923101,0.154897977,0.928966974,0.262469513,0.490000000,25,24,23,1,0,0,1,1,0.958333333,0,0,0,0
794.575649261,267.368671213,0.154897977,0.928966974,0.262469513,0.490000000,25,24,23,1,0,0,1,1,0.958333333,0,0,0,0
795.571335077,267.812408959,0.154897977,0.928966974,0.262469513,0.490000000,25,24,23,1,0,0,1,1,0.958333333,0,0,0,0
796.588294744,268.292183983,0.154897977,0.928966974,0.262469513,0.490000000,25,24,23,1,0,0,1,1,0.958333333,0,0,0,0
797.572717428,268.801778142,0.154897977,0.928966974,0.262469513,0.490000000,25,24,23,1,0,0,1,1,0.958333333,0,0,0,0
798.570026636,269.301777434,0.154897977,0.928966974,0.262469513,0.490000000,25,24,23,1,0,0,1,1,0.958333333,0,0,0,0
799.567411423,269.791713586,0.154902988,0.928985541,0.262469513,0.490000000,25,24,23,1,0,0,1,1,0.958333333,0,0,0,0
800.570566893,270.281303835,0.154914262,0.929078376,0.262469513,0.490000000,25,24,23,1,0,0,1,1,0.958333333,0,0,0,0
801.590621710,270.770924419,0.154928042,0.929208346,0.262469513,0.490000000,25,24,23,1,0,0,1,1,0.958333333,0,0,0,0
802.572927475,271.269549926,0.154930548,0.929245480,0.262469513,0.490000000,25,24,23,1,0,0,1,1,0.958333333,0,0,0,0
803.573756456,271.766542533,0.154900482,0.929013392,0.262469513,0.490000000,25,24,23,1,0,0,1,1,0.958333333,0,0,0,0
804.578315496,272.264636600,0.154901735,0.929031959,0.262469513,0.490000000,25,24,23,1,0,0,1,1,0.958333333,0,0,0,0
805.569770098,272.752335707,0.154902988,0.929050526,0.262469513,0.490000000,25,24,23,1,0,0,1,1,0.958333333,0,0,0,0
806.567569971,273.250994654,0.154904240,0.929059809,0.262469513,0.490000000,25,24,23,1,0,0,1,1,0.958333333,0,0,0,0
807.569727421,273.749662551,0.154905493,0.929078376,0.262469513,0.490000000,25,24,23,1,0,0,1,1,0.958333333,0,0,0,0
808.570583105,274.246719763,0.154905493,0.929078376,0.262469513,0.490000000,25,24,23,1,0,0,1,1,0.958333333,0,0,0,0
809.568948030,274.743652541,0.154909251,0.929134078,0.262469513,0.490000000,25,24,23,1,0,0,1,1,0.958333333,0,0,0,0
810.589789391,275.241989587,0.154909251,0.929134078,0.262469513,0.490000000,25,24,23,1,0,0,1,1,0.958333333,0,0,0,0
811.570299625,275.739866011,0.154909251,0.929134078,0.262469513,0.490000000,25,24,23,1,0,0,1,1,0.958333333,0,0,0,0
812.571394205,276.238325060,0.154909251,0.929134078,0.262469513,0.490000000,25,24,23,1,0,0,1,1,0.958333333,0,0,0,0
813.569888830,276.737042575,0.154909251,0.929134078,0.262469513,0.490000000,25,24,23,1,0,0,1,1,0.958333333,0,0,0,0
814.575022221,277.235995703,0.154910504,0.929152645,0.262469513,0.490000000,25,24,23,1,0,0,1,1,0.958333333,0,0,0,0
815.570149422,277.724759391,0.154910504,0.929152645,0.262469513,0.490000000,25,24,23,1,0,0,1,1,0.958333333,0,0,0,0
816.567571878,278.224756952,0.154911757,0.929152645,0.262469513,0.490000000,25,24,23,1,0,0,1,1,0.958333333,0,0,0,0
817.570106983,278.724696625,0.154923031,0.929152645,0.262469513,0.490000000,25,24,23,1,0,0,1,1,0.958333333,0,0,0,0
818.570353270,279.219124365,0.154933053,0.929152645,0.262469513,0.490000000,25,24,23,1,0,0,1,1,0.958333333,0,0,0,0
819.567602396,279.706282985,0.154996943,0.929923179,0.262469513,0.490000000,25,24,23,1,0,0,1,1,0.958333333,0,0,0,0
820.577556610,280.154556143,0.155023251,0.930053148,0.262469513,0.490000000,25,24,23,1,0,0,1,1,0.958333333,0,0,0,0
821.615921497,280.610680289,0.155037031,0.930090282,0.262469513,0.490000000,25,24,23,1,0,0,1,1,0.958333333,0,0,0,0
822.593705654,281.089962722,0.155132240,0.930981503,0.262469513,0.490000000,25,24,23,1,0,0,1,1,0.958333333,0,0,0,0
823.607997179,281.559594854,0.155171075,0.931343561,0.262469513,0.490000000,25,24,23,1,0,0,1,1,0.958333333,0,0,0,0
824.571911812,282.039242340,0.155228701,0.931789171,0.262469513,0.490000000,25,24,23,1,0,0,1,1,0.958333333,0,0,0,0
825.581488609,282.527220785,0.155391558,0.933065658,0.262469513,0.490000000,25,24,23,1,0,0,1,1,0.958333333,0,0,0,0
826.567944050,283.025920230,0.155432898,0.933594820,0.262469513,0.490000000,25,24,23,1,0,0,1,1,0.958333333,0,0,0,0
827.567498446,283.514964736,0.155445425,0.933761924,0.262469513,0.490000000,25,24,23,1,0,0,1,1,0.958333333,0,0,0,0
828.585267782,283.994420350,0.155461711,0.933984729,0.262469513,0.490000000,25,24,23,1,0,0,1,1,0.958333333,0,0,0,0
829.618412256,284.482895906,0.155471733,0.934114698,0.262469513,0.490000000,25,24,23,1,0,0,1,1,0.958333333,0,0,0,0
830.669789791,284.972591896,0.155488019,0.934318936,0.262469513,0.490000000,25,24,23,1,0,0,1,1,0.958333333,0,0,0,0
831.578851700,285.471864520,0.155524348,0.934662427,0.262469513,0.490000000,25,24,23,1,0,0,1,1,0.958333333,0,0,0,0
832.671844959,285.961636667,0.155574458,0.934996635,0.262469513,0.490000000,25,24,23,1,0,0,1,1,0.958333333,0,0,0,0
833.567580223,286.461274290,0.155627073,0.935275141,0.262469513,0.490000000,25,24,23,1,0,0,1,1,0.958333333,0,0,0,0
834.570015192,286.930424871,0.155663403,0.935386544,0.262469513,0.490000000,25,24,23,1,0,0,1,1,0.958333333,0,0,0,0
835.568311214,287.280725156,0.155669667,0.935386544,0.262469513,0.490000000,25,24,23,1,0,0,1,1,0.958333333,0,0,0,0
836.595299244,287.538115535,0.155669667,0.935386544,0.262469513,0.490000000,25,24,23,1,0,0,1,1,0.958333333,0,0,0,0
837.573173046,287.692557114,0.155669667,0.935386544,0.262469513,0.490000000,25,25,24,1,0,0,1,1,0.960000000,0,0,0,0
844.476710796,287.692557114,0.155669667,0.935386544,0.255077087,0.530000000,26,25,24,1,0,0,1,1,0.960000000,0,0,0,0
844.640293837,287.692557114,0.155669667,0.935386544,0.255077087,0.530000000,26,25,24,1,0,0,1,1,0.960000000,0,0,0,0
845.574267149,288.038969947,0.155669667,0.935386544,0.255077087,0.530000000,26,25,24,1,0,0,1,1,0.960000000,0,0,0,0
846.570865870,288.380184693,0.155669667,0.935386544,0.255077087,0.530000000,26,25,24,1,0,0,1,1,0.960000000,0,0,0,0
847.599392653,288.722459305,0.155669667,0.935386544,0.255077087,0.530000000,26,25,24,1,0,0,1,1,0.960000000,0,0,0,0
848.570574522,289.072379380,0.155669667,0.935386544,0.255077087,0.530000000,26,25,24,1,0,0,1,1,0.960000000,0,0,0,0
849.567069769,289.413680993,0.155669667,0.935386544,0.255077087,0.530000000,26,25,24,1,0,0,1,1,0.960000000,0,0,0,0
850.602614641,289.756234654,0.155669667,0.935386544,0.255077087,0.530000000,26,25,24,1,0,0,1,1,0.960000000,0,0,0,0
851.613417864,290.057723654,0.155669667,0.935386544,0.255077087,0.530000000,26,25,24,1,0,0,1,1,0.960000000,0,0,0,0
852.571680546,290.442555251,0.155669667,0.935386544,0.255077087,0.530000000,26,25,24,1,0,0,1,1,0.960000000,0,0,0,0
853.588883162,290.785555236,0.155669667,0.935386544,0.255077087,0.530000000,26,25,24,1,0,0,1,1,0.960000000,0,0,0,0
854.569286823,291.126855344,0.155669667,0.935386544,0.255077087,0.530000000,26,25,24,1,0,0,1,1,0.960000000,0,0,0,0
855.567492008,291.469901016,0.155669667,0.935386544,0.255077087,0.530000000,26,25,24,1,0,0,1,1,0.960000000,0,0,0,0
856.573497057,291.805474685,0.155669667,0.935386544,0.255077087,0.530000000,26,25,24,1,0,0,1,1,0.960000000,0,0,0,0
857.575947046,292.155298178,0.155669667,0.935386544,0.255077087,0.530000000,26,25,24,1,0,0,1,1,0.960000000,0,0,0,0
858.567209482,292.498297525,0.155670919,0.935405111,0.255077087,0.530000000,26,25,24,1,0,0,1,1,0.960000000,0,0,0,0
859.567413568,292.848199130,0.155670919,0.935405111,0.255077087,0.530000000,26,25,24,1,0,0,1,1,0.960000000,0,0,0,0
860.609273195,293.184198561,0.155670919,0.935405111,0.255077087,0.530000000,26,25,24,1,0,0,1,1,0.960000000,0,0,0,0
861.570623875,293.526991126,0.155677183,0.935460812,0.255077087,0.530000000,26,25,24,1,0,0,1,1,0.960000000,0,0,0,0
862.570144653,293.849737502,0.155679689,0.935497946,0.255077087,0.530000000,26,25,24,1,0,0,1,1,0.960000000,0,0,0,0
863.569485664,294.100852705,0.155687205,0.935873929,0.255077087,0.530000000,26,25,24,1,0,0,1,1,0.960000000,0,0,0,0
864.570024252,294.160019403,0.155688458,0.935892497,0.255077087,0.530000000,26,25,24,1,0,0,1,1,0.960000000,0,0,0,0
865.569709539,294.359059106,0.155688458,0.935892497,0.255077087,0.530000000,26,25,24,1,0,0,1,1,0.960000000,0,0,0,0
866.571988821,294.830652529,0.155692216,0.935948198,0.255077087,0.530000000,26,25,24,1,0,0,1,1,0.960000000,0,0,0,0
867.576434135,295.274021719,0.155693469,0.935966765,0.255077087,0.530000000,26,25,24,1,0,0,1,1,0.960000000,0,0,0,0
868.572984934,295.754939724,0.155698480,0.936041033,0.255077087,0.530000000,26,25,24,1,0,0,1,1,0.960000000,0,0,0,0
869.579126596,296.252390759,0.155707249,0.936133869,0.255077087,0.530000000,26,25,24,1,0,0,1,1,0.960000000,0,0,0,0
870.578005552,296.748635828,0.155712260,0.936189570,0.255077087,0.530000000,26,25,24,1,0,0,1,1,0.960000000,0,0,0,0
871.574498653,297.246825448,0.155719776,0.936226704,0.255077087,0.530000000,26,25,24,1,0,0,1,1,0.960000000,0,0,0,0
872.603048563,297.733223464,0.155723535,0.936263838,0.255077087,0.530000000,26,25,24,1,0,0,1,1,0.960000000,0,0,0,0
873.569538116,298.230612570,0.155726040,0.936263838,0.255077087,0.530000000,26,25,24,1,0,0,1,1,0.960000000,0,0,0,0
874.572061062,298.729741198,0.155731051,0.936300972,0.255077087,0.530000000,26,25,24,1,0,0,1,1,0.960000000,0,0,0,0
875.567409039,299.228985783,0.155734809,0.936338107,0.255077087,0.530000000,26,25,24,1,0,0,1,1,0.960000000,0,0,0,0
876.571959972,299.728026345,0.155737315,0.936356674,0.255077087,0.530000000,26,25,24,1,0,0,1,1,0.960000000,0,0,0,0
877.569334984,300.227322983,0.155738567,0.936370599,0.255077087,0.530000000,26,25,24,1,0,0,1,1,0.960000000,0,0,0,0
878.568824291,300.719666127,0.155743578,0.936444867,0.255077087,0.530000000,26,25,24,1,0,0,1,1,0.960000000,0,0,0,0
879.567838669,301.177958597,0.155980347,0.937164342,0.255077087,0.530000000,26,25,24,1,0,0,1,1,0.960000000,0,0,0,0
880.567754745,301.657913320,0.155980347,0.937164342,0.255077087,0.530000000,26,25,24,1,0,0,1,1,0.960000000,0,0,0,0
881.569885015,302.137902740,0.155980347,0.937164342,0.255077087,0.530000000,26,25,24,1,0,0,1,1,0.960000000,0,0,0,0
882.568278790,302.607898642,0.155980347,0.937164342,0.255077087,0.530000000,26,25,24,1,0,0,1,1,0.960000000,0,0,0,0
883.567176104,303.097893290,0.155980347,0.937164342,0.255077087,0.530000000,26,25,24,1,0,0,1,1,0.960000000,0,0,0,0
884.655696630,303.586802591,0.155980347,0.937164342,0.255077087,0.530000000,26,25,24,1,0,0,1,1,0.960000000,0,0,0,0
885.575910807,304.084374985,0.155981600,0.937182909,0.255077087,0.530000000,26,25,24,1,0,0,1,1,0.960000000,0,0,0,0
886.571265697,304.563558604,0.155982852,0.937201476,0.255077087,0.530000000,26,25,24,1,0,0,1,1,0.960000000,0,0,0,0
887.567933321,305.062280251,0.155990369,0.937275744,0.255077087,0.530000000,26,25,24,1,0,0,1,1,0.960000000,0,0,0,0
888.567224026,305.541474708,0.156004149,0.937424281,0.255077087,0.530000000,26,25,24,1,0,0,1,1,0.960000000,0,0,0,0
889.570515633,306.031148289,0.156031709,0.937758489,0.255077087,0.530000000,26,25,24,1,0,0,1,1,0.960000000,0,0,0,0
890.573449850,306.530595161,0.156064281,0.938166965,0.255077087,0.530000000,26,25,24,1,0,0,1,1,0.960000000,0,0,0,0
891.569288254,306.987406017,0.156110632,0.938835380,0.255077087,0.530000000,26,25,24,1,0,0,1,1,0.960000000,0,0,0,0
892.572436571,307.291667373,0.156172017,0.939573421,0.255077087,0.530000000,26,25,24,1,0,0,1,1,0.960000000,0,0,0,0
893.604976654,307.515974534,0.156177028,0.939573421,0.255077087,0.530000000,26,25,24,1,0,0,1,1,0.960000000,0,0,0,0
894.572830677,307.667378296,0.156177028,0.939573421,0.255077087,0.530000000,26,26,25,1,0,0,1,1,0.961538462,0,0,0,0
902.621099949,307.667378296,0.156177028,0.939573421,0.302478838,0.560000000,27,26,25,1,0,0,1,1,0.961538462,0,0,0,0
903.570446491,307.937738581,0.156177028,0.939573421,0.302478838,0.560000000,27,26,25,1,0,0,1,1,0.961538462,0,0,0,0
904.572187901,308.280738719,0.156177028,0.939573421,0.302478838,0.560000000,27,26,25,1,0,0,1,1,0.961538462,0,0,0,0
905.576566696,308.615723172,0.156177028,0.939573421,0.302478838,0.560000000,27,26,25,1,0,0,1,1,0.961538462,0,0,0,0
906.615099907,308.935325590,0.156177028,0.939573421,0.302478838,0.560000000,27,26,25,1,0,0,1,1,0.961538462,0,0,0,0
907.572789192,309.042515181,0.156177028,0.939573421,0.302478838,0.560000000,27,26,25,1,0,0,1,1,0.961538462,0,0,0,0
908.570161104,309.118995007,0.156177028,0.939573421,0.302478838,0.560000000,27,26,25,1,0,0,1,1,0.961538462,0,0,0,0
909.570216656,309.533703600,0.156177028,0.939573421,0.302478838,0.560000000,27,26,25,1,0,0,1,1,0.961538462,0,0,0,0
910.571002722,310.017849271,0.156177028,0.939573421,0.302478838,0.560000000,27,26,25,1,0,0,1,1,0.961538462,0,0,0,0
911.570344448,310.506054482,0.156177028,0.939573421,0.302478838,0.560000000,27,26,25,1,0,0,1,1,0.961538462,0,0,0,0
912.568655729,310.984468145,0.156177028,0.939573421,0.302478838,0.560000000,27,26,25,1,0,0,1,1,0.961538462,0,0,0,0
913.569395781,311.473127969,0.156177028,0.939573421,0.302478838,0.560000000,27,26,25,1,0,0,1,1,0.961538462,0,0,0,0
914.588786840,311.953074065,0.156177028,0.939573421,0.302478838,0.560000000,27,26,25,1,0,0,1,1,0.961538462,0,0,0,0
915.572911978,312.452680106,0.156177028,0.939573421,0.302478838,0.560000000,27,26,25,1,0,0,1,1,0.961538462,0,0,0,0
916.567136526,312.942527484,0.156182039,0.939573421,0.302478838,0.560000000,27,26,25,1,0,0,1,1,0.961538462,0,0,0,0
917.567413568,313.409559394,0.156182039,0.939573421,0.302478838,0.560000000,27,26,25,1,0,0,1,1,0.961538462,0,0,0,0
918.572134733,313.889177151,0.156182039,0.939573421,0.302478838,0.560000000,27,26,25,1,0,0,1,1,0.961538462,0,0,0,0
919.567432165,314.379140394,0.156182039,0.939573421,0.302478838,0.560000000,27,26,25,1,0,0,1,1,0.961538462,0,0,0,0
920.569401503,314.879139064,0.156182039,0.939573421,0.302478838,0.560000000,27,26,25,1,0,0,1,1,0.961538462,0,0,0,0
921.567930698,315.379055320,0.156182039,0.939573421,0.302478838,0.560000000,27,26,25,1,0,0,1,1,0.961538462,0,0,0,0
922.569051743,315.878559576,0.156182039,0.939573421,0.302478838,0.560000000,27,26,25,1,0,0,1,1,0.961538462,0,0,0,0
923.568261623,316.368545844,0.156183291,0.939587347,0.302478838,0.560000000,27,26,25,1,0,0,1,1,0.961538462,0,0,0,0
924.571168423,316.868544863,0.156192061,0.939698749,0.302478838,0.560000000,27,26,25,1,0,0,1,1,0.961538462,0,0,0,0
925.716478825,317.368222388,0.156210852,0.939977255,0.302478838,0.560000000,27,26,25,1,0,0,1,1,0.961538462,0,0,0,0
926.630368233,317.866222538,0.156248434,0.940534268,0.302478838,0.560000000,27,26,25,1,0,0,1,1,0.961538462,0,0,0,0
927.570244789,318.365878378,0.156282258,0.941035579,0.302478838,0.560000000,27,26,25,1,0,0,1,1,0.961538462,0,0,0,0
928.610696554,318.865384225,0.156353665,0.942075336,0.302478838,0.560000000,27,26,25,1,0,0,1,1,0.961538462,0,0,0,0
929.569177151,319.365115187,0.156410038,0.942869079,0.302478838,0.560000000,27,26,25,1,0,0,1,1,0.961538462,0,0,0,0
930.569754839,319.865091576,0.156574147,0.944855757,0.302478838,0.560000000,27,26,25,1,0,0,1,1,0.961538462,0,0,0,0
931.574105501,320.355037717,0.156713202,0.945839812,0.302478838,0.560000000,27,26,25,1,0,0,1,1,0.961538462,0,0,0,0
932.605325460,320.844715187,0.156879817,0.946545362,0.302478838,0.560000000,27,26,25,1,0,0,1,1,0.961538462,0,0,0,0
933.570773840,321.344410670,0.157056454,0.947455149,0.302478838,0.560000000,27,26,25,1,0,0,1,1,0.961538462,0,0,0,0
934.573684692,321.844218155,0.157152915,0.947603686,0.302478838,0.560000000,27,26,25,1,0,0,1,1,0.961538462,0,0,0,0
935.573475838,322.343134291,0.157328299,0.947937893,0.302478838,0.560000000,27,26,25,1,0,0,1,1,0.961538462,0,0,0,0
936.573620319,322.842857165,0.157491156,0.948272101,0.302478838,0.560000000,27,26,25,1,0,0,1,1,0.961538462,0,0,0,0
937.575931311,323.342856220,0.157664034,0.948457771,0.302478838,0.560000000,27,26,25,1,0,0,1,1,0.961538462,0,0,0,0
938.574477196,323.841911585,0.157851946,0.948569174,0.302478838,0.560000000,27,26,25,1,0,0,1,1,0.961538462,0,0,0,0
939.572083712,324.331707414,0.157984737,0.948606308,0.302478838,0.560000000,27,26,25,1,0,0,1,1,0.961538462,0,0,0,0
940.576194763,324.820670264,0.158176406,0.948643442,0.302478838,0.560000000,27,26,25,1,0,0,1,1,0.961538462,0,0,0,0
941.575948954,325.290538236,0.158332999,0.948717711,0.302478838,0.560000000,27,26,25,1,0,0,1,1,0.961538462,0,0,0,0
942.650605440,325.830296508,0.158566010,0.948717711,0.302478838,0.560000000,27,26,25,1,0,0,1,1,0.961538462,0,0,0,0
943.624664307,326.330161067,0.158731372,0.948717711,0.302478838,0.560000000,27,26,25,1,0,0,1,1,0.961538462,0,0,0,0
944.576133251,326.828723004,0.159037041,0.948754845,0.302478838,0.560000000,27,26,25,1,0,0,1,1,0.961538462,0,0,0,0
945.569566250,327.328354701,0.159360249,0.948791979,0.302478838,0.560000000,27,26,25,1,0,0,1,1,0.961538462,0,0,0,0
946.576207876,327.808305739,0.159568204,0.949483603,0.302478838,0.560000000,27,26,25,1,0,0,1,1,0.961538462,0,0,0,0
947.568731070,328.297565423,0.159931500,0.949427902,0.302478838,0.560000000,27,26,25,1,0,0,1,1,0.961538462,0,0,0,0
948.596361637,328.786858869,0.160021698,0.949465036,0.302478838,0.560000000,27,26,25,1,0,0,1,1,0.961538462,0,0,0,0
949.577948809,329.286856902,0.160054269,0.949520737,0.302478838,0.560000000,27,26,25,1,0,0,1,1,0.961538462,0,0,0,0
950.583743095,329.774941800,0.160109390,0.949669274,0.302478838,0.560000000,27,26,25,1,0,0,1,1,0.961538462,0,0,0,0
951.571888685,330.262083661,0.160159499,0.950077750,0.302478838,0.560000000,27,26,25,1,0,0,1,1,0.961538462,0,0,0,0
952.571880102,330.733335031,0.160286026,0.951525982,0.302478838,0.560000000,27,26,25,1,0,0,1,1,0.961538462,0,0,0,0
953.570506811,331.213160073,0.160802157,0.958460789,0.302478838,0.560000000,27,26,25,1,0,0,1,1,0.961538462,0,0,0,0
954.573022366,331.711151946,0.161236859,0.964225869,0.302478838,0.560000000,27,26,25,1,0,0,1,1,0.961538462,0,0,0,0
955.567485094,332.138136383,0.161236859,0.964225869,0.302478838,0.560000000,27,26,25,1,0,0,1,1,0.961538462,0,0,0,0
956.577428341,332.444209509,0.161236859,0.964225869,0.302478838,0.560000000,27,26,25,1,0,0,1,1,0.961538462,0,0,0,0
957.572263718,332.688580550,0.161236859,0.964225869,0.302478838,0.560000000,27,27,26,1,0,0,1,1,0.962962963,0,0,0,0
964.690014601,332.724377642,0.161240617,0.964225869,0.327373902,0.570000000,28,27,26,1,0,0,1,1,0.962962963,0,0,0,0
965.572035551,332.995581003,0.161240617,0.964225869,0.327373902,0.570000000,28,27,26,1,0,0,1,1,0.962962963,0,0,0,0
966.576387644,333.345581761,0.161240617,0.964225869,0.327373902,0.570000000,28,27,26,1,0,0,1,1,0.962962963,0,0,0,0
967.568511963,333.688206495,0.161240617,0.964225869,0.327373902,0.570000000,28,27,26,1,0,0,1,1,0.962962963,0,0,0,0
968.569228888,334.034259302,0.161240617,0.964225869,0.327373902,0.570000000,28,27,26,1,0,0,1,1,0.962962963,0,0,0,0
969.579053879,334.375950043,0.161240617,0.964225869,0.327373902,0.570000000,28,27,26,1,0,0,1,1,0.962962963,0,0,0,0
970.569173336,334.716619826,0.161240617,0.964225869,0.327373902,0.570000000,28,27,26,1,0,0,1,1,0.962962963,0,0,0,0
971.567877769,335.032055694,0.161241870,0.964225869,0.327373902,0.570000000,28,27,26,1,0,0,1,1,0.962962963,0,0,0,0
972.608831882,335.096537931,0.161245628,0.964225869,0.327373902,0.570000000,28,27,26,1,0,0,1,1,0.962962963,0,0,0,0
973.590744495,335.476588821,0.161245628,0.964225869,0.327373902,0.570000000,28,27,26,1,0,0,1,1,0.962962963,0,0,0,0
974.573019266,335.975471093,0.161246881,0.964225869,0.327373902,0.570000000,28,27,26,1,0,0,1,1,0.962962963,0,0,0,0
975.572302580,336.473801833,0.161248133,0.964225869,0.327373902,0.570000000,28,27,26,1,0,0,1,1,0.962962963,0,0,0,0
976.572363377,336.947746401,0.161248133,0.964225869,0.327373902,0.570000000,28,27,26,1,0,0,1,1,0.962962963,0,0,0,0
977.575289965,337.435263267,0.161248133,0.964225869,0.327373902,0.570000000,28,27,26,1,0,0,1,1,0.962962963,0,0,0,0
978.577525616,337.935251830,0.161303254,0.964225869,0.327373902,0.570000000,28,27,26,1,0,0,1,1,0.962962963,0,0,0,0
979.572209358,338.435210277,0.162831601,0.965302760,0.327373902,0.570000000,28,27,26,1,0,0,1,1,0.962962963,0,0,0,0
980.571363688,338.924198926,0.163494303,0.967883584,0.327373902,0.570000000,28,27,26,1,0,0,1,1,0.962962963,0,0,0,0
981.568959475,339.424198250,0.163496808,0.967883584,0.327373902,0.570000000,28,27,26,1,0,0,1,1,0.962962963,0,0,0,0
982.573269844,339.924073798,0.163499313,0.967883584,0.327373902,0.570000000,28,27,26,1,0,0,1,1,0.962962963,0,0,0,0
983.573666096,340.394970802,0.163500566,0.967883584,0.327373902,0.570000000,28,27,26,1,0,0,1,1,0.962962963,0,0,0,0
984.574729443,340.732537121,0.163500566,0.967883584,0.327373902,0.570000000,28,27,26,1,0,0,1,1,0.962962963,0,0,0,0
985.569016218,340.972746850,0.163500566,0.967883584,0.327373902,0.570000000,28,27,26,1,0,0,1,1,0.962962963,0,0,0,0
992.267302275,341.046851024,0.163501819,0.967883584,0.326481057,0.570000000,29,28,27,1,0,0,1,1,0.964285714,0,0,0,0
992.591462135,341.098810507,0.163501819,0.967883584,0.326481057,0.570000000,29,28,27,1,0,0,1,1,0.964285714,0,0,0,0
993.580204010,341.446528264,0.163501819,0.967883584,0.326481057,0.570000000,29,28,27,1,0,0,1,1,0.964285714,0,0,0,0
994.570923567,341.788583574,0.163501819,0.967883584,0.326481057,0.570000000,29,28,27,1,0,0,1,1,0.964285714,0,0,0,0
995.577105761,342.137115089,0.163501819,0.967883584,0.326481057,0.570000000,29,28,27,1,0,0,1,1,0.964285714,0,0,0,0
996.607753038,342.480113757,0.163501819,0.967883584,0.326481057,0.570000000,29,28,27,1,0,0,1,1,0.964285714,0,0,0,0
997.569749594,342.830040164,0.163501819,0.967883584,0.326481057,0.570000000,29,28,27,1,0,0,1,1,0.964285714,0,0,0,0
998.579134464,343.180043858,0.163501819,0.967883584,0.326481057,0.570000000,29,28,27,1,0,0,1,1,0.964285714,0,0,0,0
999.592797041,343.523043634,0.163501819,0.967883584,0.326481057,0.570000000,29,28,27,1,0,0,1,1,0.964285714,0,0,0,0
1000.568584919,343.873042950,0.163501819,0.967883584,0.326481057,0.570000000,29,28,27,1,0,0,1,1,0.964285714,0,0,0,0
1001.588357687,344.222972890,0.163501819,0.967883584,0.326481057,0.570000000,29,28,27,1,0,0,1,1,0.964285714,0,0,0,0
1002.568891764,344.565950994,0.163501819,0.967883584,0.326481057,0.570000000,29,28,27,1,0,0,1,1,0.964285714,0,0,0,0
1003.573016167,344.880982129,0.163496808,0.967892868,0.326481057,0.570000000,29,28,27,1,0,0,1,1,0.964285714,0,0,0,0
1004.608426332,344.949420885,0.163496808,0.967892868,0.326481057,0.570000000,29,28,27,1,0,0,1,1,0.964285714,0,0,0,0
1005.612872839,344.963658225,0.163496808,0.967892868,0.326481057,0.570000000,29,28,27,1,0,0,1,1,0.964285714,0,0,0,0
1006.571286440,345.094159915,0.163496808,0.967892868,0.326481057,0.570000000,29,28,27,1,0,0,1,1,0.964285714,0,0,0,0
1007.593674183,345.557473625,0.163496808,0.967892868,0.326481057,0.570000000,29,28,27,1,0,0,1,1,0.964285714,0,0,0,0
1008.574568510,345.981406698,0.163663423,0.967735048,0.326481057,0.570000000,29,28,27,1,0,0,1,1,0.964285714,0,0,0,0
1009.577524900,346.455070290,0.163762390,0.967735048,0.326481057,0.570000000,29,28,27,1,0,0,1,1,0.964285714,0,0,0,0
1010.569446325,346.931859340,0.163875137,0.967493676,0.326481057,0.570000000,29,28,27,1,0,0,1,1,0.964285714,0,0,0,0
1011.567233086,347.410628334,0.163897686,0.967493676,0.326481057,0.570000000,29,28,27,1,0,0,1,1,0.964285714,0,0,0,0
1012.571563482,347.895252413,0.163897686,0.967493676,0.326481057,0.570000000,29,28,27,1,0,0,1,1,0.964285714,0,0,0,0
1013.567234755,348.380712254,0.163897686,0.967493676,0.326481057,0.570000000,29,28,27,1,0,0,1,1,0.964285714,0,0,0,0
1014.567350626,348.861522773,0.163917730,0.967493676,0.326481057,0.570000000,29,28,27,1,0,0,1,1,0.964285714,0,0,0,0
1015.567147732,349.348341945,0.164011686,0.967493676,0.326481057,0.570000000,29,28,27,1,0,0,1,1,0.964285714,0,0,0,0
1016.567184687,349.848147953,0.164212125,0.967493676,0.326481057,0.570000000,29,28,27,1,0,0,1,1,0.964285714,0,0,0,0
1017.631522179,350.335695438,0.164530321,0.967461183,0.326481057,0.570000000,29,28,27,1,0,0,1,1,0.964285714,0,0,0,0
1018.597895384,350.833848624,0.164567904,0.967461183,0.326481057,0.570000000,29,28,27,1,0,0,1,1,0.964285714,0,0,0,0
1019.573983669,351.333531110,0.164631794,0.967461183,0.326481057,0.570000000,29,28,27,1,0,0,1,1,0.964285714,0,0,0,0
1020.569408894,351.816122343,0.164790892,0.967461183,0.326481057,0.570000000,29,28,27,1,0,0,1,1,0.964285714,0,0,0,0
1021.575157642,352.177904258,0.165056474,0.967461183,0.326481057,0.570000000,29,28,27,1,0,0,1,1,0.964285714,0,0,0,0
1022.568172455,352.416250426,0.165957196,0.967461183,0.326481057,0.570000000,29,28,27,1,0,0,1,1,0.964285714,0,0,0,0
1023.568848610,352.619265641,0.166047394,0.967461183,0.326481057,0.570000000,29,28,27,1,0,0,1,1,0.964285714,0,0,0,0
1031.727639198,352.715815596,0.166082471,0.967461183,0.325810807,0.590000000,30,29,28,1,0,0,1,1,0.965517241,0,0,0,0
1032.571636438,353.130801782,0.166088734,0.967461183,0.325810807,0.590000000,30,29,28,1,0,0,1,1,0.965517241,0,0,0,0
1033.573449612,353.480530569,0.166102515,0.967461183,0.325810807,0.590000000,30,29,28,1,0,0,1,1,0.965517241,0,0,0,0
1034.607975483,353.823530420,0.166113789,0.967461183,0.325810807,0.590000000,30,29,28,1,0,0,1,1,0.965517241,0,0,0,0
1035.571125031,354.173530348,0.166118800,0.967461183,0.325810807,0.590000000,30,29,28,1,0,0,1,1,0.965517241,0,0,0,0
1036.570186853,354.523530341,0.166121306,0.967461183,0.325810807,0.590000000,30,29,28,1,0,0,1,1,0.965517241,0,0,0,0
1037.572654247,354.872662332,0.166121306,0.967461183,0.325810807,0.590000000,30,29,28,1,0,0,1,1,0.965517241,0,0,0,0
1038.582692623,355.215699451,0.166121306,0.967461183,0.325810807,0.590000000,30,29,28,1,0,0,1,1,0.965517241,0,0,0,0
1039.597042561,355.565745153,0.166121306,0.967461183,0.325810807,0.590000000,30,29,28,1,0,0,1,1,0.965517241,0,0,0,0
1040.571038246,355.915743810,0.166122558,0.967461183,0.325810807,0.590000000,30,29,28,1,0,0,1,1,0.965517241,0,0,0,0
1041.574394464,356.243237306,0.166123811,0.967461183,0.325810807,0.590000000,30,29,28,1,0,0,1,1,0.965517241,0,0,0,0
1042.569558382,356.586246899,0.166127569,0.967461183,0.325810807,0.590000000,30,29,28,1,0,0,1,1,0.965517241,0,0,0,0
1043.567222357,356.936246890,0.166127569,0.967461183,0.325810807,0.590000000,30,29,28,1,0,0,1,1,0.965517241,0,0,0,0
1044.570477962,357.278751052,0.166130075,0.967461183,0.325810807,0.590000000,30,29,28,1,0,0,1,1,0.965517241,0,0,0,0
1045.570519686,357.613830071,0.166130075,0.967461183,0.325810807,0.590000000,30,29,28,1,0,0,1,1,0.965517241,0,0,0,0
1046.606723785,357.935830145,0.166131328,0.967461183,0.325810807,0.590000000,30,29,28,1,0,0,1,1,0.965517241,0,0,0,0
1047.570908070,358.306830092,0.166131328,0.967461183,0.325810807,0.590000000,30,29,28,1,0,0,1,1,0.965517241,0,0,0,0
1048.596017361,358.642830002,0.166135086,0.967461183,0.325810807,0.590000000,30,29,28,1,0,0,1,1,0.965517241,0,0,0,0
1049.570553064,358.992829932,0.166138844,0.967461183,0.325810807,0.590000000,30,29,28,1,0,0,1,1,0.965517241,0,0,0,0
1050.569257975,359.342829894,0.166138844,0.967461183,0.325810807,0.590000000,30,29,28,1,0,0,1,1,0.965517241,0,0,0,0
1051.571926117,359.692773380,0.166140097,0.967461183,0.325810807,0.590000000,30,29,28,1,0,0,1,1,0.965517241,0,0,0,0
1052.632305622,360.035359396,0.166142602,0.967461183,0.325810807,0.590000000,30,29,28,1,0,0,1,1,0.965517241,0,0,0,0
1053.573455334,360.385378622,0.166143855,0.967461183,0.325810807,0.590000000,30,29,28,1,0,0,1,1,0.965517241,0,0,0,0
1054.675158501,360.735378686,0.166143855,0.967461183,0.325810807,0.590000000,30,29,28,1,0,0,1,1,0.965517241,0,0,0,0
1055.567189217,361.085378664,0.166143855,0.967461183,0.325810807,0.590000000,30,29,28,1,0,0,1,1,0.965517241,0,0,0,0
1056.567873478,361.428378656,0.166146361,0.967461183,0.325810807,0.590000000,30,29,28,1,0,0,1,1,0.965517241,0,0,0,0
1057.568364620,361.777435452,0.166145108,0.967461183,0.325810807,0.590000000,30,29,28,1,0,0,1,1,0.965517241,0,0,0,0
1058.569797039,362.127495472,0.166146361,0.967461183,0.325810807,0.590000000,30,29,28,1,0,0,1,1,0.965517241,0,0,0,0
1059.570153952,362.477495440,0.166146361,0.967461183,0.325810807,0.590000000,30,29,28,1,0,0,1,1,0.965517241,0,0,0,0
1060.570487499,362.827495422,0.166146361,0.967461183,0.325810807,0.590000000,30,29,28,1,0,0,1,1,0.965517241,0,0,0,0
1061.612625360,363.170495395,0.166146361,0.967461183,0.325810807,0.590000000,30,29,28,1,0,0,1,1,0.965517241,0,0,0,0
1062.569171906,363.527495372,0.166146361,0.967461183,0.325810807,0.590000000,30,29,28,1,0,0,1,1,0.965517241,0,0,0,0
1063.571678162,363.870495362,0.166146361,0.967461183,0.325810807,0.590000000,30,29,28,1,0,0,1,1,0.965517241,0,0,0,0
1064.572187185,364.220447970,0.166146361,0.967461183,0.325810807,0.590000000,30,29,28,1,0,0,1,1,0.965517241,0,0,0,0
1065.573588848,364.569220298,0.166146361,0.967461183,0.325810807,0.590000000,30,29,28,1,0,0,1,1,0.965517241,0,0,0,0
1066.591671944,364.912117485,0.166146361,0.967461183,0.325810807,0.590000000,30,29,28,1,0,0,1,1,0.965517241,0,0,0,0
1067.569365740,365.259887007,0.166146361,0.967461183,0.325810807,0.590000000,30,29,28,1,0,0,1,1,0.965517241,0,0,0,0
1068.571060419,365.609934161,0.166146361,0.967461183,0.325810807,0.590000000,30,29,28,1,0,0,1,1,0.965517241,0,0,0,0
1069.571125984,365.959291687,0.166146361,0.967461183,0.325810807,0.590000000,30,29,28,1,0,0,1,1,0.965517241,0,0,0,0
1070.613242865,366.301787795,0.166148866,0.967461183,0.325810807,0.590000000,30,29,28,1,0,0,1,1,0.965517241,0,0,0,0
1071.567739964,366.615128887,0.166153877,0.967461183,0.325810807,0.590000000,30,29,28,1,0,0,1,1,0.965517241,0,0,0,0
1072.569353342,366.811499861,0.166249085,0.968575208,0.325810807,0.590000000,30,29,28,1,0,0,1,1,0.965517241,0,0,0,0
1073.571050882,366.926931764,0.166482096,0.971471674,0.325810807,0.590000000,30,29,28,1,0,0,1,1,0.965517241,0,0,0,0
1074.572273731,367.374369236,0.166482096,0.971471674,0.325810807,0.590000000,30,29,28,1,0,0,1,1,0.965517241,0,0,0,0
1075.616588354,367.566003185,0.166685040,0.973903962,0.325810807,0.590000000,30,29,28,1,0,0,1,1,0.965517241,0,0,0,0
1076.613607645,367.914181650,0.166847897,0.975946341,0.325810807,0.590000000,30,29,28,1,0,0,1,1,0.965517241,0,0,0,0
1077.581389427,368.203023922,0.166949369,0.977023232,0.325810807,0.590000000,30,29,28,1,0,0,1,1,0.965517241,0,0,0,0
1078.568905592,368.235497366,0.166949369,0.977023232,0.325810807,0.590000000,30,29,28,1,0,0,1,1,0.965517241,0,0,0,0
1079.567977190,368.549068325,0.166949369,0.977023232,0.325810807,0.590000000,30,29,28,1,0,0,1,1,0.965517241,0,0,0,0
1080.567772865,369.030560227,0.166949369,0.977023232,0.325810807,0.590000000,30,29,28,1,0,0,1,1,0.965517241,0,0,0,0
1081.572304010,369.526737027,0.166949369,0.977023232,0.325810807,0.590000000,30,29,28,1,0,0,1,1,0.965517241,0,0,0,0
1082.568902254,370.026736188,0.166949369,0.977023232,0.325810807,0.590000000,30,29,28,1,0,0,1,1,0.965517241,0,0,0,0
1083.610541821,370.466706312,0.166950622,0.977023232,0.325810807,0.590000000,30,29,28,1,0,0,1,1,0.965517241,0,0,0,0
1084.567345381,371.015925452,0.166950622,0.977023232,0.325810807,0.590000000,30,29,28,1,0,0,1,1,0.965517241,0,0,0,0
1085.573179245,371.512516416,0.166950622,0.977023232,0.325810807,0.590000000,30,29,28,1,0,0,1,1,0.965517241,0,0,0,0
1086.578847408,371.991033623,0.166950622,0.977023232,0.325810807,0.590000000,30,29,28,1,0,0,1,1,0.965517241,0,0,0,0
1087.592112780,372.499940331,0.166950622,0.977023232,0.325810807,0.590000000,30,29,28,1,0,0,1,1,0.965517241,0,0,0,0
1088.577506304,372.997786172,0.166950622,0.977023232,0.325810807,0.590000000,30,29,28,1,0,0,1,1,0.965517241,0,0,0,0
1089.568440437,373.495974431,0.166950622,0.977023232,0.325810807,0.590000000,30,29,28,1,0,0,1,1,0.965517241,0,0,0,0
1090.580240726,373.995486038,0.166950622,0.977023232,0.325810807,0.590000000,30,29,28,1,0,0,1,1,0.965517241,0,0,0,0
1091.569761515,374.495136978,0.166950622,0.977023232,0.325810807,0.590000000,30,29,28,1,0,0,1,1,0.965517241,0,0,0,0
1092.568884373,374.994703371,0.166950622,0.977023232,0.325810807,0.590000000,30,29,28,1,0,0,1,1,0.965517241,0,0,0,0
1093.567349434,375.494296026,0.166950622,0.977023232,0.325810807,0.590000000,30,29,28,1,0,0,1,1,0.965517241,0,0,0,0
1094.571717501,375.983294356,0.166950622,0.977023232,0.325810807,0.590000000,30,29,28,1,0,0,1,1,0.965517241,0,0,0,0
1095.592957258,376.482819927,0.166950622,0.977023232,0.325810807,0.590000000,30,29,28,1,0,0,1,1,0.965517241,0,0,0,0
1096.568793297,376.982407379,0.166950622,0.977023232,0.325810807,0.590000000,30,29,28,1,0,0,1,1,0.965517241,0,0,0,0
1097.571315289,377.471663648,0.166950622,0.977023232,0.325810807,0.590000000,30,29,28,1,0,0,1,1,0.965517241,0,0,0,0
1098.584109306,377.970787798,0.166950622,0.977023232,0.325810807,0.590000000,30,29,28,1,0,0,1,1,0.965517241,0,0,0,0
1099.567479610,378.470208997,0.166950622,0.977023232,0.325810807,0.590000000,30,29,28,1,0,0,1,1,0.965517241,0,0,0,0
1100.567153931,378.969648160,0.166950622,0.977023232,0.325810807,0.590000000,30,29,28,1,0,0,1,1,0.965517241,0,0,0,0
1101.568408728,379.458024068,0.166950622,0.977023232,0.325810807,0.590000000,30,29,28,1,0,0,1,1,0.965517241,0,0,0,0
1102.567647219,379.957280183,0.166950622,0.977023232,0.325810807,0.590000000,30,29,28,1,0,0,1,1,0.965517241,0,0,0,0
1103.570667982,380.456723434,0.166950622,0.977023232,0.325810807,0.590000000,30,29,28,1,0,0,1,1,0.965517241,0,0,0,0
1104.571509600,380.955507984,0.166950622,0.977023232,0.325810807,0.590000000,30,29,28,1,0,0,1,1,0.965517241,0,0,0,0
1105.606247902,381.444327876,0.166950622,0.977023232,0.325810807,0.590000000,30,29,28,1,0,0,1,1,0.965517241,0,0,0,0
1106.569577694,381.943285289,0.166950622,0.977023232,0.325810807,0.590000000,30,29,28,1,0,0,1,1,0.965517241,0,0,0,0
1107.572426796,382.440600090,0.166950622,0.977023232,0.325810807,0.590000000,30,29,28,1,0,0,1,1,0.965517241,0,0,0,0
1108.573557377,382.939147300,0.166959391,0.977041799,0.325810807,0.590000000,30,29,28,1,0,0,1,1,0.965517241,0,0,0,0
1109.576660156,383.429108821,0.166959391,0.977041799,0.325810807,0.590000000,30,29,28,1,0,0,1,1,0.965517241,0,0,0,0
1110.590658188,383.918879036,0.166959391,0.977041799,0.325810807,0.590000000,30,29,28,1,0,0,1,1,0.965517241,0,0,0,0
1111.568637848,384.421628573,0.166959391,0.977041799,0.325810807,0.590000000,30,29,28,1,0,0,1,1,0.965517241,0,0,0,0
1112.573022366,384.900184110,0.166959391,0.977041799,0.325810807,0.590000000,30,29,28,1,0,0,1,1,0.965517241,0,0,0,0
1113.568185329,385.379072016,0.166961897,0.977041799,0.325810807,0.590000000,30,29,28,1,0,0,1,1,0.965517241,0,0,0,0
1114.630332470,385.868863473,0.166961897,0.976763293,0.325810807,0.590000000,30,29,28,1,0,0,1,1,0.965517241,0,0,0,0
1115.568748236,386.357917798,0.166970666,0.976874695,0.325810807,0.590000000,30,29,28,1,0,0,1,1,0.965517241,0,0,0,0
1116.569410801,386.857692873,0.166995721,0.977208903,0.325810807,0.590000000,30,29,28,1,0,0,1,1,0.965517241,0,0,0,0
1117.568825245,387.347692675,0.167074643,0.977933019,0.325810807,0.590000000,30,29,28,1,0,0,1,1,0.965517241,0,0,0,0
1118.684335709,387.843068513,0.167192401,0.978903149,0.325810807,0.590000000,30,29,28,1,0,0,1,1,0.965517241,0,0,0,0
1119.570931435,388.329178123,0.167234995,0.979033119,0.325810807,0.590000000,30,29,28,1,0,0,1,1,0.965517241,0,0,0,0
1120.572436094,388.827978585,0.167237500,0.979033119,0.325810807,0.590000000,30,29,28,1,0,0,1,1,0.965517241,0,0,0,0
1121.592591524,389.317070847,0.167243764,0.979060970,0.325810807,0.590000000,30,29,28,1,0,0,1,1,0.965517241,0,0,0,0
1122.571671247,389.815584231,0.167248775,0.979079537,0.325810807,0.590000000,30,29,28,1,0,0,1,1,0.965517241,0,0,0,0
1123.576533079,390.305342492,0.167253786,0.979107387,0.325810807,0.590000000,30,29,28,1,0,0,1,1,0.965517241,0,0,0,0
1124.580733299,390.805329586,0.167257544,0.979144522,0.325810807,0.590000000,30,29,28,1,0,0,1,1,0.965517241,0,0,0,0
1125.596237898,391.295329421,0.167260050,0.979153805,0.325810807,0.590000000,30,29,28,1,0,0,1,1,0.965517241,0,0,0,0
1126.567671537,391.788036213,0.167265060,0.979153805,0.325810807,0.590000000,30,29,28,1,0,0,1,1,0.965517241,0,0,0,0
1127.569999695,392.276354211,0.167268819,0.979181656,0.325810807,0.590000000,30,29,28,1,0,0,1,1,0.965517241,0,0,0,0
1128.568313122,392.765463389,0.167268819,0.979181656,0.325810807,0.590000000,30,29,28,1,0,0,1,1,0.965517241,0,0,0,0
1129.616925240,393.265296764,0.167270071,0.979181656,0.325810807,0.590000000,30,29,28,1,0,0,1,1,0.965517241,0,0,0,0
1130.570280552,393.765202622,0.167275082,0.979237357,0.325810807,0.590000000,30,29,28,1,0,0,1,1,0.965517241,0,0,0,0
1131.572237253,394.245045413,0.167282599,0.979302342,0.325810807,0.590000000,30,29,28,1,0,0,1,1,0.965517241,0,0,0,0
1132.568957806,394.725040041,0.167285104,0.979339476,0.325810807,0.590000000,30,29,28,1,0,0,1,1,0.965517241,0,0,0,0
1133.571151018,395.204499908,0.167325192,0.979761877,0.325810807,0.590000000,30,29,28,1,0,0,1,1,0.965517241,0,0,0,0
1134.575656414,395.694355199,0.167362774,0.980226054,0.325810807,0.590000000,30,29,28,1,0,0,1,1,0.965517241,0,0,0,0
1135.569442272,396.184236742,0.167429170,0.981117274,0.325810807,0.590000000,30,29,28,1,0,0,1,1,0.965517241,0,0,0,0
1136.596003532,396.665562352,0.167510598,0.982324135,0.325810807,0.590000000,30,29,28,1,0,0,1,1,0.965517241,0,0,0,0
1137.567836523,397.042668952,0.167556950,0.983011117,0.325810807,0.590000000,30,29,28,1,0,0,1,1,0.965517241,0,0,0,0
1138.567682028,397.296877465,0.167583257,0.983289623,0.325810807,0.590000000,30,29,28,1,0,0,1,1,0.965517241,0,0,0,0
1145.054339170,397.399408576,0.167585763,0.983308190,0.270319020,0.540000000,31,30,29,1,0,0,1,1,0.966666667,0,0,0,0
1145.569441080,397.586293315,0.167585763,0.983308190,0.270319020,0.540000000,31,30,29,1,0,0,1,1,0.966666667,0,0,0,0
1146.574035883,397.925834219,0.167585763,0.983308190,0.270319020,0.540000000,31,30,29,1,0,0,1,1,0.966666667,0,0,0,0
1147.574321985,398.275834646,0.167585763,0.983308190,0.270319020,0.540000000,31,30,29,1,0,0,1,1,0.966666667,0,0,0,0
1148.572269678,398.618289094,0.167587016,0.983308190,0.270319020,0.540000000,31,30,29,1,0,0,1,1,0.966666667,0,0,0,0
1149.572960138,398.968106062,0.167589521,0.983308190,0.270319020,0.540000000,31,30,29,1,0,0,1,1,0.966666667,0,0,0,0
1150.573096514,399.310354984,0.167592027,0.983308190,0.270319020,0.540000000,31,30,29,1,0,0,1,1,0.966666667,0,0,0,0
1151.605594635,399.660343352,0.167592027,0.983308190,0.270319020,0.540000000,31,30,29,1,0,0,1,1,0.966666667,0,0,0,0
1152.581499338,400.002651748,0.167593279,0.983308190,0.270319020,0.540000000,31,30,29,1,0,0,1,1,0.966666667,0,0,0,0
1153.580061913,400.345488845,0.167594532,0.983308190,0.270319020,0.540000000,31,30,29,1,0,0,1,1,0.966666667,0,0,0,0
1154.579151154,400.688492109,0.167595785,0.983308190,0.270319020,0.540000000,31,30,29,1,0,0,1,1,0.966666667,0,0,0,0
1155.567779779,401.031274166,0.167595785,0.983308190,0.270319020,0.540000000,31,30,29,1,0,0,1,1,0.966666667,0,0,0,0
1156.569299936,401.373090275,0.167595785,0.983308190,0.270319020,0.540000000,31,30,29,1,0,0,1,1,0.966666667,0,0,0,0
1157.572331667,401.708359422,0.167597038,0.983308190,0.270319020,0.540000000,31,30,29,1,0,0,1,1,0.966666667,0,0,0,0
1158.617017984,402.051339360,0.167597038,0.983308190,0.270319020,0.540000000,31,30,29,1,0,0,1,1,0.966666667,0,0,0,0
1159.576113224,402.400752979,0.167597038,0.983308190,0.270319020,0.540000000,31,30,29,1,0,0,1,1,0.966666667,0,0,0,0
1160.568711996,402.742397328,0.167597038,0.983308190,0.270319020,0.540000000,31,30,29,1,0,0,1,1,0.966666667,0,0,0,0
1161.573120356,403.078318986,0.167597038,0.983308190,0.270319020,0.540000000,31,30,29,1,0,0,1,1,0.966666667,0,0,0,0
1162.568113565,403.428163170,0.167597038,0.983308190,0.270319020,0.540000000,31,30,29,1,0,0,1,1,0.966666667,0,0,0,0
1163.567996502,403.778140437,0.167597038,0.983308190,0.270319020,0.540000000,31,30,29,1,0,0,1,1,0.966666667,0,0,0,0
1164.569978237,404.121140422,0.167597038,0.983308190,0.270319020,0.540000000,31,30,29,1,0,0,1,1,0.966666667,0,0,0,0
1165.570777893,404.471140403,0.167597038,0.983308190,0.270319020,0.540000000,31,30,29,1,0,0,1,1,0.966666667,0,0,0,0
1166.579118967,404.814319964,0.167597038,0.983308190,0.270319020,0.540000000,31,30,29,1,0,0,1,1,0.966666667,0,0,0,0
1167.571574450,405.164352271,0.167588268,0.983308190,0.270319020,0.540000000,31,30,29,1,0,0,1,1,0.966666667,0,0,0,0
1168.572916746,405.514352244,0.167588268,0.983308190,0.270319020,0.540000000,31,30,29,1,0,0,1,1,0.966666667,0,0,0,0
1169.569542885,405.854669556,0.167588268,0.983308190,0.270319020,0.540000000,31,30,29,1,0,0,1,1,0.966666667,0,0,0,0
1170.571115017,406.204389549,0.167588268,0.983308190,0.270319020,0.540000000,31,30,29,1,0,0,1,1,0.966666667,0,0,0,0
1171.567273378,406.547388830,0.167588268,0.983308190,0.270319020,0.540000000,31,30,29,1,0,0,1,1,0.966666667,0,0,0,0
1172.567419529,406.896821038,0.167589521,0.983308190,0.270319020,0.540000000,31,30,29,1,0,0,1,1,0.966666667,0,0,0,0
1173.592796564,407.232821040,0.167589521,0.983308190,0.270319020,0.540000000,31,30,29,1,0,0,1,1,0.966666667,0,0,0,0
1174.573974609,407.582377571,0.167589521,0.983308190,0.270319020,0.540000000,31,30,29,1,0,0,1,1,0.966666667,0,0,0,0
1175.571665287,407.932377640,0.167589521,0.983308190,0.270319020,0.540000000,31,30,29,1,0,0,1,1,0.966666667,0,0,0,0
1176.569077969,408.282377633,0.167589521,0.983308190,0.270319020,0.540000000,31,30,29,1,0,0,1,1,0.966666667,0,0,0,0
1177.571851730,408.625377620,0.167589521,0.983308190,0.270319020,0.540000000,31,30,29,1,0,0,1,1,0.966666667,0,0,0,0
1178.572047710,408.975393744,0.167589521,0.983308190,0.270319020,0.540000000,31,30,29,1,0,0,1,1,0.966666667,0,0,0,0
1179.608629704,409.318274585,0.167590774,0.983308190,0.270319020,0.540000000,31,30,29,1,0,0,1,1,0.966666667,0,0,0,0
1180.570642948,409.668273882,0.167589521,0.983317474,0.270319020,0.540000000,31,30,29,1,0,0,1,1,0.966666667,0,0,0,0
1181.569451809,410.017823994,0.167593279,0.983317474,0.270319020,0.540000000,31,30,29,1,0,0,1,1,0.966666667,0,0,0,0
1182.569214106,410.360822776,0.167593279,0.983317474,0.270319020,0.540000000,31,30,29,1,0,0,1,1,0.966666667,0,0,0,0
1183.594192266,410.703821782,0.167595785,0.983317474,0.270319020,0.540000000,31,30,29,1,0,0,1,1,0.966666667,0,0,0,0
1184.576142311,411.052111152,0.167592027,0.983150370,0.270319020,0.540000000,31,30,29,1,0,0,1,1,0.966666667,0,0,0,0
1185.570158720,411.395196321,0.167592027,0.983150370,0.270319020,0.540000000,31,30,29,1,0,0,1,1,0.966666667,0,0,0,0
1186.569252014,411.745185114,0.167592027,0.983150370,0.270319020,0.540000000,31,30,29,1,0,0,1,1,0.966666667,0,0,0,0
1187.577674389,412.095342177,0.167592027,0.983150370,0.270319020,0.540000000,31,30,29,1,0,0,1,1,0.966666667,0,0,0,0
1188.567532539,412.445342544,0.167592027,0.983150370,0.270319020,0.540000000,31,30,29,1,0,0,1,1,0.966666667,0,0,0,0
1189.593746185,412.780624632,0.167592027,0.983150370,0.270319020,0.540000000,31,30,29,1,0,0,1,1,0.966666667,0,0,0,0
1190.577741861,413.137413121,0.167592027,0.983150370,0.270319020,0.540000000,31,30,29,1,0,0,1,1,0.966666667,0,0,0,0
1191.570981741,413.480413482,0.167592027,0.983150370,0.270319020,0.540000000,31,30,29,1,0,0,1,1,0.966666667,0,0,0,0
1192.574864388,413.827625851,0.167592027,0.983150370,0.270319020,0.540000000,31,30,29,1,0,0,1,1,0.966666667,0,0,0,0
1193.573411703,414.177334068,0.167592027,0.983150370,0.270319020,0.540000000,31,30,29,1,0,0,1,1,0.966666667,0,0,0,0
1194.570858479,414.524187598,0.167592027,0.983150370,0.270319020,0.540000000,31,30,29,1,0,0,1,1,0.966666667,0,0,0,0
1195.570174932,414.874191357,0.167592027,0.983150370,0.270319020,0.540000000,31,30,29,1,0,0,1,1,0.966666667,0,0,0,0
1196.569983721,415.216308582,0.167592027,0.983150370,0.270319020,0.540000000,31,30,29,1,0,0,1,1,0.966666667,0,0,0,0
1197.567800522,415.565366016,0.167592027,0.983150370,0.270319020,0.540000000,31,30,29,1,0,0,1,1,0.966666667,0,0,0,0
1198.571720839,415.908385459,0.167592027,0.983150370,0.270319020,0.540000000,31,30,29,1,0,0,1,1,0.966666667,0,0,0,0
1199.569929361,416.257299634,0.167592027,0.983150370,0.270319020,0.540000000,31,30,29,1,0,0,1,1,0.966666667,0,0,0,0
1200.592429399,416.607130783,0.167592027,0.983150370,0.270319020,0.540000000,31,30,29,1,0,0,1,1,0.966666667,0,0,0,0
1201.574931622,416.957130595,0.167592027,0.983150370,0.270319020,0.540000000,31,30,29,1,0,0,1,1,0.966666667,0,0,0,0
1202.601636171,417.307079361,0.167592027,0.983150370,0.270319020,0.540000000,31,30,29,1,0,0,1,1,0.966666667,0,0,0,0
1203.568022966,417.649840245,0.167592027,0.983150370,0.270319020,0.540000000,31,30,29,1,0,0,1,1,0.966666667,0,0,0,0
1204.569094896,417.999824216,0.167592027,0.983150370,0.270319020,0.540000000,31,30,29,1,0,0,1,1,0.966666667,0,0,0,0
1205.569146633,418.349151041,0.167592027,0.983150370,0.270319020,0.540000000,31,30,29,1,0,0,1,1,0.966666667,0,0,0,0
1206.577727079,418.691860229,0.167592027,0.983150370,0.270319020,0.540000000,31,30,29,1,0,0,1,1,0.966666667,0,0,0,0
1207.572278261,419.041842389,0.167592027,0.983150370,0.270319020,0.540000000,31,30,29,1,0,0,1,1,0.966666667,0,0,0,0
1208.596424818,419.384511623,0.167592027,0.983150370,0.270319020,0.540000000,31,30,29,1,0,0,1,1,0.966666667,0,0,0,0
1209.570688009,419.734511609,0.167592027,0.983150370,0.270319020,0.540000000,31,30,29,1,0,0,1,1,0.966666667,0,0,0,0
1210.599557161,420.056477716,0.167592027,0.983150370,0.270319020,0.540000000,31,30,29,1,0,0,1,1,0.966666667,0,0,0,0
1211.567450285,420.434284637,0.167592027,0.983150370,0.270319020,0.540000000,31,30,29,1,0,0,1,1,0.966666667,0,0,0,0
1212.569213152,420.784122699,0.167592027,0.983150370,0.270319020,0.540000000,31,30,29,1,0,0,1,1,0.966666667,0,0,0,0
1213.575368166,421.126899392,0.167592027,0.983150370,0.270319020,0.540000000,31,30,29,1,0,0,1,1,0.966666667,0,0,0,0
1214.585807323,421.461134314,0.167592027,0.983150370,0.270319020,0.540000000,31,30,29,1,0,0,1,1,0.966666667,0,0,0,0
1215.652231693,421.803861866,0.167592027,0.983150370,0.270319020,0.540000000,31,30,29,1,0,0,1,1,0.966666667,0,0,0,0
1216.574530363,422.152451642,0.167592027,0.983150370,0.270319020,0.540000000,31,30,29,1,0,0,1,1,0.966666667,0,0,0,0
1217.572933674,422.502450408,0.167592027,0.983150370,0.270319020,0.540000000,31,30,29,1,0,0,1,1,0.966666667,0,0,0,0
1218.574306965,422.845450388,0.167592027,0.983150370,0.270319020,0.540000000,31,30,29,1,0,0,1,1,0.966666667,0,0,0,0
1219.577971458,423.194668937,0.167592027,0.983150370,0.270319020,0.540000000,31,30,29,1,0,0,1,1,0.966666667,0,0,0,0
1220.571142435,423.544460863,0.167592027,0.983150370,0.270319020,0.540000000,31,30,29,1,0,0,1,1,0.966666667,0,0,0,0
1221.567930698,423.894461433,0.167592027,0.983150370,0.270319020,0.540000000,31,30,29,1,0,0,1,1,0.966666667,0,0,0,0
1222.570890188,424.244460571,0.167592027,0.983150370,0.270319020,0.540000000,31,30,29,1,0,0,1,1,0.966666667,0,0,0,0
1223.568368673,424.594459997,0.167592027,0.983150370,0.270319020,0.540000000,31,30,29,1,0,0,1,1,0.966666667,0,0,0,0
1224.567609549,424.944459472,0.167592027,0.983150370,0.270319020,0.540000000,31,30,29,1,0,0,1,1,0.966666667,0,0,0,0
1225.567206144,425.282682891,0.167594532,0.983233922,0.270319020,0.540000000,31,30,29,1,0,0,1,1,0.966666667,0,0,0,0
1226.571743488,425.491176360,0.167594532,0.983233922,0.270319020,0.540000000,31,30,29,1,0,0,1,1,0.966666667,0,0,0,0
1227.571438789,425.545794318,0.167594532,0.983233922,0.270319020,0.540000000,31,30,29,1,0,0,1,1,0.966666667,0,0,0,0
1228.571533680,425.909030214,0.167594532,0.983233922,0.270319020,0.540000000,31,30,29,1,0,0,1,1,0.966666667,0,0,0,0
1229.574414968,426.394367611,0.167594532,0.983233922,0.270319020,0.540000000,31,30,29,1,0,0,1,1,0.966666667,0,0,0,0
1230.567183733,426.893726103,0.167594532,0.983233922,0.270319020,0.540000000,31,30,29,1,0,0,1,1,0.966666667,0,0,0,0
1231.567677498,427.393650215,0.167594532,0.983233922,0.270319020,0.540000000,31,30,29,1,0,0,1,1,0.966666667,0,0,0,0
1232.618756056,427.887897084,0.167738598,0.984672871,0.270319020,0.540000000,31,30,29,1,0,0,1,1,0.966666667,0,0,0,0
1233.568469048,428.374614181,0.167823784,0.985285585,0.270319020,0.540000000,31,30,29,1,0,0,1,1,0.966666667,0,0,0,0
1234.570187569,428.800576990,0.167825037,0.985294869,0.270319020,0.540000000,31,30,29,1,0,0,1,1,0.966666667,0,0,0,0
1235.569331646,429.111603037,0.167825037,0.985294869,0.270319020,0.540000000,31,30,29,1,0,0,1,1,0.966666667,0,0,0,0
1236.573900461,429.352126006,0.167825037,0.985294869,0.270319020,0.540000000,31,31,30,1,0,0,1,1,0.967741935,0,0,0,0
1243.449363470,429.369805305,0.167825037,0.985294869,0.263556726,0.570000000,32,31,30,1,0,0,1,1,0.967741935,0,0,0,0
1243.569851637,429.369805305,0.167825037,0.985294869,0.263556726,0.570000000,32,31,30,1,0,0,1,1,0.967741935,0,0,0,0
1244.589500904,429.732739338,0.167825037,0.985294869,0.263556726,0.570000000,32,31,30,1,0,0,1,1,0.967741935,0,0,0,0
1245.570096731,430.072750745,0.167825037,0.985294869,0.263556726,0.570000000,32,31,30,1,0,0,1,1,0.967741935,0,0,0,0
1246.633234024,430.355858214,0.167825037,0.985294869,0.263556726,0.570000000,32,31,30,1,0,0,1,1,0.967741935,0,0,0,0
1247.567511082,430.407485320,0.167825037,0.985294869,0.263556726,0.570000000,32,31,30,1,0,0,1,1,0.967741935,0,0,0,0
1248.569607735,430.484188371,0.167825037,0.985294869,0.263556726,0.570000000,32,31,30,1,0,0,1,1,0.967741935,0,0,0,0
1249.576703787,430.874617349,0.167825037,0.985294869,0.263556726,0.570000000,32,31,30,1,0,0,1,1,0.967741935,0,0,0,0
1250.567612410,431.387753244,0.167825037,0.985294869,0.263556726,0.570000000,32,31,30,1,0,0,1,1,0.967741935,0,0,0,0
1251.630753994,431.846792120,0.167825037,0.985294869,0.263556726,0.570000000,32,31,30,1,0,0,1,1,0.967741935,0,0,0,0
1252.596661568,432.364760786,0.167825037,0.985294869,0.263556726,0.570000000,32,31,30,1,0,0,1,1,0.967741935,0,0,0,0
1253.630866766,432.883918672,0.167825037,0.985294869,0.263556726,0.570000000,32,31,30,1,0,0,1,1,0.967741935,0,0,0,0
1254.570122719,433.381789669,0.167825037,0.985294869,0.263556726,0.570000000,32,31,30,1,0,0,1,1,0.967741935,0,0,0,0
1255.567824602,433.871438539,0.167825037,0.985294869,0.263556726,0.570000000,32,31,30,1,0,0,1,1,0.967741935,0,0,0,0
1256.586608887,434.371288732,0.167825037,0.985294869,0.263556726,0.570000000,32,31,30,1,0,0,1,1,0.967741935,0,0,0,0
1257.571167707,434.869387275,0.167825037,0.985294869,0.263556726,0.570000000,32,31,30,1,0,0,1,1,0.967741935,0,0,0,0
1258.570653915,435.367237006,0.167825037,0.985294869,0.263556726,0.570000000,32,31,30,1,0,0,1,1,0.967741935,0,0,0,0
1259.567588091,435.856981624,0.167825037,0.985294869,0.263556726,0.570000000,32,31,30,1,0,0,1,1,0.967741935,0,0,0,0
1260.570215940,436.354631749,0.167825037,0.985294869,0.263556726,0.570000000,32,31,30,1,0,0,1,1,0.967741935,0,0,0,0
1261.574505806,436.853289442,0.167816268,0.985285585,0.263556726,0.570000000,32,31,30,1,0,0,1,1,0.967741935,0,0,0,0
1262.576364517,437.342890305,0.167816268,0.985285585,0.263556726,0.570000000,32,31,30,1,0,0,1,1,0.967741935,0,0,0,0
1263.568999529,437.842053194,0.167816268,0.985285585,0.263556726,0.570000000,32,31,30,1,0,0,1,1,0.967741935,0,0,0,0
1264.567981958,438.341314755,0.167808751,0.985285585,0.263556726,0.570000000,32,31,30,1,0,0,1,1,0.967741935,0,0,0,0
1265.571149349,438.840915747,0.167808751,0.985285585,0.263556726,0.570000000,32,31,30,1,0,0,1,1,0.967741935,0,0,0,0
1266.570972919,439.340211490,0.167808751,0.985285585,0.263556726,0.570000000,32,31,30,1,0,0,1,1,0.967741935,0,0,0,0
1267.593639135,439.829654957,0.167808751,0.985285585,0.263556726,0.570000000,32,31,30,1,0,0,1,1,0.967741935,0,0,0,0
1268.569435358,440.328102427,0.167796224,0.985276301,0.263556726,0.570000000,32,31,30,1,0,0,1,1,0.967741935,0,0,0,0
1269.567551851,440.826922560,0.167796224,0.985276301,0.263556726,0.570000000,32,31,30,1,0,0,1,1,0.967741935,0,0,0,0
1270.569860220,441.324478344,0.167796224,0.985276301,0.263556726,0.570000000,32,31,30,1,0,0,1,1,0.967741935,0,0,0,0
1271.576275110,441.823276340,0.167796224,0.985276301,0.263556726,0.570000000,32,31,30,1,0,0,1,1,0.967741935,0,0,0,0
1272.568454742,442.312469347,0.167796224,0.985276301,0.263556726,0.570000000,32,31,30,1,0,0,1,1,0.967741935,0,0,0,0
1273.574245930,442.811074395,0.167796224,0.985276301,0.263556726,0.570000000,32,31,30,1,0,0,1,1,0.967741935,0,0,0,0
1274.569896936,443.310334622,0.167796224,0.985276301,0.263556726,0.570000000,32,31,30,1,0,0,1,1,0.967741935,0,0,0,0
1275.579002619,443.799186850,0.167796224,0.985276301,0.263556726,0.570000000,32,31,30,1,0,0,1,1,0.967741935,0,0,0,0
1276.567625284,444.297584848,0.167796224,0.985276301,0.263556726,0.570000000,32,31,30,1,0,0,1,1,0.967741935,0,0,0,0
1277.568004131,444.795704475,0.167796224,0.985276301,0.263556726,0.570000000,32,31,30,1,0,0,1,1,0.967741935,0,0,0,0
1278.568557739,445.285604815,0.167796224,0.985276301,0.263556726,0.570000000,32,31,30,1,0,0,1,1,0.967741935,0,0,0,0
1279.573791742,445.775317005,0.167796224,0.985276301,0.263556726,0.570000000,32,31,30,1,0,0,1,1,0.967741935,0,0,0,0
1280.592938900,446.274751756,0.167796224,0.985276301,0.263556726,0.570000000,32,31,30,1,0,0,1,1,0.967741935,0,0,0,0
1281.570783377,446.773565787,0.167796224,0.985276301,0.263556726,0.570000000,32,31,30,1,0,0,1,1,0.967741935,0,0,0,0
1282.598593950,447.263334942,0.167796224,0.985276301,0.263556726,0.570000000,32,31,30,1,0,0,1,1,0.967741935,0,0,0,0
1283.586158514,447.722703218,0.167796224,0.985276301,0.263556726,0.570000000,32,31,30,1,0,0,1,1,0.967741935,0,0,0,0
1284.597104311,448.232194417,0.167796224,0.985276301,0.263556726,0.570000000,32,31,30,1,0,0,1,1,0.967741935,0,0,0,0
1285.648912191,448.751821266,0.167796224,0.985276301,0.263556726,0.570000000,32,31,30,1,0,0,1,1,0.967741935,0,0,0,0
1286.568037748,449.250254911,0.167796224,0.985276301,0.263556726,0.570000000,32,31,30,1,0,0,1,1,0.967741935,0,0,0,0
1287.638767481,449.739080133,0.167796224,0.985276301,0.263556726,0.570000000,32,31,30,1,0,0,1,1,0.967741935,0,0,0,0
1288.625036240,450.238785661,0.167796224,0.985276301,0.263556726,0.570000000,32,31,30,1,0,0,1,1,0.967741935,0,0,0,0
1289.567632437,450.737869202,0.167796224,0.985276301,0.263556726,0.570000000,32,31,30,1,0,0,1,1,0.967741935,0,0,0,0
1290.567645311,451.236905136,0.167797476,0.985276301,0.263556726,0.570000000,32,31,30,1,0,0,1,1,0.967741935,0,0,0,0
1291.617221355,451.726016148,0.167797476,0.985276301,0.263556726,0.570000000,32,31,30,1,0,0,1,1,0.967741935,0,0,0,0
1292.620699406,452.223573914,0.167797476,0.985276301,0.263556726,0.570000000,32,31,30,1,0,0,1,1,0.967741935,0,0,0,0
1293.583077669,452.723161015,0.167797476,0.985276301,0.263556726,0.570000000,32,31,30,1,0,0,1,1,0.967741935,0,0,0,0
1294.589122534,453.221493571,0.167797476,0.985276301,0.263556726,0.570000000,32,31,30,1,0,0,1,1,0.967741935,0,0,0,0
1295.574629784,453.720213394,0.167797476,0.985276301,0.263556726,0.570000000,32,31,30,1,0,0,1,1,0.967741935,0,0,0,0
1296.572681904,454.219027437,0.167797476,0.985276301,0.263556726,0.570000000,32,31,30,1,0,0,1,1,0.967741935,0,0,0,0
1297.570857763,454.708926559,0.167797476,0.985276301,0.263556726,0.570000000,32,31,30,1,0,0,1,1,0.967741935,0,0,0,0
1298.576796293,455.208391831,0.167797476,0.985276301,0.263556726,0.570000000,32,31,30,1,0,0,1,1,0.967741935,0,0,0,0
1299.569842577,455.707556639,0.167797476,0.985276301,0.263556726,0.570000000,32,31,30,1,0,0,1,1,0.967741935,0,0,0,0
1300.569508314,456.196445008,0.167797476,0.985276301,0.263556726,0.570000000,32,31,30,1,0,0,1,1,0.967741935,0,0,0,0
1301.574234247,456.695794925,0.167797476,0.985276301,0.263556726,0.570000000,32,31,30,1,0,0,1,1,0.967741935,0,0,0,0
1302.570062160,457.194902578,0.167797476,0.985276301,0.263556726,0.570000000,32,31,30,1,0,0,1,1,0.967741935,0,0,0,0
1303.598174334,457.684074434,0.167797476,0.985276301,0.263556726,0.570000000,32,31,30,1,0,0,1,1,0.967741935,0,0,0,0
1304.567915201,458.182973493,0.167797476,0.985276301,0.263556726,0.570000000,32,31,30,1,0,0,1,1,0.967741935,0,0,0,0
1305.570935249,458.671854231,0.167797476,0.985276301,0.263556726,0.570000000,32,31,30,1,0,0,1,1,0.967741935,0,0,0,0
1306.601589203,459.161065565,0.167797476,0.985276301,0.263556726,0.570000000,32,31,30,1,0,0,1,1,0.967741935,0,0,0,0
1307.568434238,459.660514268,0.167797476,0.985276301,0.263556726,0.570000000,32,31,30,1,0,0,1,1,0.967741935,0,0,0,0
1308.568228483,460.160015512,0.167797476,0.985276301,0.263556726,0.570000000,32,31,30,1,0,0,1,1,0.967741935,0,0,0,0
1309.568711996,460.649628842,0.167797476,0.985276301,0.263556726,0.570000000,32,31,30,1,0,0,1,1,0.967741935,0,0,0,0
1310.567922115,461.146999139,0.167797476,0.985276301,0.263556726,0.570000000,32,31,30,1,0,0,1,1,0.967741935,0,0,0,0
1311.578396559,461.636245031,0.167799982,0.985248451,0.263556726,0.570000000,32,31,30,1,0,0,1,1,0.967741935,0,0,0,0
1312.567390680,462.135058606,0.167799982,0.985248451,0.263556726,0.570000000,32,31,30,1,0,0,1,1,0.967741935,0,0,0,0
1313.568170547,462.633734939,0.167799982,0.985248451,0.263556726,0.570000000,32,31,30,1,0,0,1,1,0.967741935,0,0,0,0
1314.568828821,463.120530428,0.167799982,0.985248451,0.263556726,0.570000000,32,31,30,1,0,0,1,1,0.967741935,0,0,0,0
1315.573063374,463.609039809,0.167799982,0.985248451,0.263556726,0.570000000,32,31,30,1,0,0,1,1,0.967741935,0,0,0,0
1316.569149733,464.107276244,0.167799982,0.985248451,0.263556726,0.570000000,32,31,30,1,0,0,1,1,0.967741935,0,0,0,0
1317.576168776,464.597219835,0.167799982,0.985248451,0.263556726,0.570000000,32,31,30,1,0,0,1,1,0.967741935,0,0,0,0
1318.569247484,465.097121372,0.167799982,0.985248451,0.263556726,0.570000000,32,31,30,1,0,0,1,1,0.967741935,0,0,0,0
1319.570349216,465.587116801,0.167799982,0.985248451,0.263556726,0.570000000,32,31,30,1,0,0,1,1,0.967741935,0,0,0,0
1320.567666292,466.086574933,0.167801235,0.985248451,0.263556726,0.570000000,32,31,30,1,0,0,1,1,0.967741935,0,0,0,0
1321.567726135,466.585521228,0.167803740,0.985202033,0.263556726,0.570000000,32,31,30,1,0,0,1,1,0.967741935,0,0,0,0
1322.598332644,467.065382846,0.167803740,0.985202033,0.263556726,0.570000000,32,31,30,1,0,0,1,1,0.967741935,0,0,0,0
1323.568951845,467.564930792,0.167817520,0.985183466,0.263556726,0.570000000,32,31,30,1,0,0,1,1,0.967741935,0,0,0,0
1324.568110704,468.064464719,0.167818773,0.985183466,0.263556726,0.570000000,32,31,30,1,0,0,1,1,0.967741935,0,0,0,0
1325.600365639,468.554420210,0.167818773,0.985183466,0.263556726,0.570000000,32,31,30,1,0,0,1,1,0.967741935,0,0,0,0
1326.568766832,469.054146770,0.167818773,0.985183466,0.263556726,0.570000000,32,31,30,1,0,0,1,1,0.967741935,0,0,0,0
1327.567777157,469.554061760,0.167818773,0.985183466,0.263556726,0.570000000,32,31,30,1,0,0,1,1,0.967741935,0,0,0,0
1328.569053173,470.043403402,0.167818773,0.985183466,0.263556726,0.570000000,32,31,30,1,0,0,1,1,0.967741935,0,0,0,0
1329.571708202,470.533398947,0.167818773,0.985183466,0.263556726,0.570000000,32,31,30,1,0,0,1,1,0.967741935,0,0,0,0
1330.615744352,471.033215529,0.167818773,0.985183466,0.263556726,0.570000000,32,31,30,1,0,0,1,1,0.967741935,0,0,0,0
1331.567869663,471.523100952,0.167818773,0.985183466,0.263556726,0.570000000,32,31,30,1,0,0,1,1,0.967741935,0,0,0,0
1332.567981243,472.022544433,0.167818773,0.985183466,0.263556726,0.570000000,32,31,30,1,0,0,1,1,0.967741935,0,0,0,0
1333.568680763,472.512484870,0.167820026,0.985183466,0.263556726,0.570000000,32,31,30,1,0,0,1,1,0.967741935,0,0,0,0
1334.568947077,473.012030173,0.167822531,0.985183466,0.263556726,0.570000000,32,31,30,1,0,0,1,1,0.967741935,0,0,0,0
1335.574256897,473.502022881,0.167822531,0.985183466,0.263556726,0.570000000,32,31,30,1,0,0,1,1,0.967741935,0,0,0,0
1336.571553469,474.001999307,0.167822531,0.985183466,0.263556726,0.570000000,32,31,30,1,0,0,1,1,0.967741935,0,0,0,0
1337.576451540,474.491999223,0.167822531,0.985183466,0.263556726,0.570000000,32,31,30,1,0,0,1,1,0.967741935,0,0,0,0
1338.575434208,474.981882856,0.167822531,0.985183466,0.263556726,0.570000000,32,31,30,1,0,0,1,1,0.967741935,0,0,0,0
1339.581869125,475.478585844,0.167822531,0.985183466,0.263556726,0.570000000,32,31,30,1,0,0,1,1,0.967741935,0,0,0,0
1340.567423344,475.962008657,0.167823784,0.985183466,0.263556726,0.570000000,32,31,30,1,0,0,1,1,0.967741935,0,0,0,0
1341.567927361,476.451607912,0.167962839,0.985183466,0.263556726,0.570000000,32,31,30,1,0,0,1,1,0.967741935,0,0,0,0
1342.569726944,476.941264995,0.168094377,0.985183466,0.263556726,0.570000000,32,31,30,1,0,0,1,1,0.967741935,0,0,0,0
1343.596580029,477.440010962,0.168170794,0.985183466,0.263556726,0.570000000,32,31,30,1,0,0,1,1,0.967741935,0,0,0,0
1344.571000099,477.938650369,0.168234684,0.985183466,0.263556726,0.570000000,32,31,30,1,0,0,1,1,0.967741935,0,0,0,0
1345.569042683,478.428354509,0.168436376,0.985183466,0.263556726,0.570000000,32,31,30,1,0,0,1,1,0.967741935,0,0,0,0
1346.600203753,478.928133744,0.168626793,0.985183466,0.263556726,0.570000000,32,31,30,1,0,0,1,1,0.967741935,0,0,0,0
1347.569244146,479.426175183,0.168758331,0.985183466,0.263556726,0.570000000,32,31,30,1,0,0,1,1,0.967741935,0,0,0,0
1348.591557264,479.915694564,0.168970044,0.985183466,0.263556726,0.570000000,32,31,30,1,0,0,1,1,0.967741935,0,0,0,0
1349.572712660,480.415217631,0.169135407,0.985183466,0.263556726,0.570000000,32,31,30,1,0,0,1,1,0.967741935,0,0,0,0
1350.571351290,480.904748469,0.169160461,0.985183466,0.263556726,0.570000000,32,31,30,1,0,0,1,1,0.967741935,0,0,0,0
1351.568803549,481.404313121,0.169162967,0.985183466,0.263556726,0.570000000,32,31,30,1,0,0,1,1,0.967741935,0,0,0,0
1352.567836046,481.894063401,0.169165472,0.985183466,0.263556726,0.570000000,32,31,30,1,0,0,1,1,0.967741935,0,0,0,0
1353.570535421,482.393523141,0.169166725,0.985183466,0.263556726,0.570000000,32,31,30,1,0,0,1,1,0.967741935,0,0,0,0
1354.596189022,482.883352321,0.169172989,0.985183466,0.263556726,0.570000000,32,31,30,1,0,0,1,1,0.967741935,0,0,0,0
1355.568530083,483.383117351,0.169174242,0.985183466,0.263556726,0.570000000,32,31,30,1,0,0,1,1,0.967741935,0,0,0,0
1356.600203276,483.873002923,0.169174242,0.985183466,0.263556726,0.570000000,32,31,30,1,0,0,1,1,0.967741935,0,0,0,0
1357.573803902,484.372325476,0.169234373,0.985183466,0.263556726,0.570000000,32,31,30,1,0,0,1,1,0.967741935,0,0,0,0
1358.579924107,484.872164806,0.169234373,0.985183466,0.263556726,0.570000000,32,31,30,1,0,0,1,1,0.967741935,0,0,0,0
1359.576919794,485.362164203,0.169234373,0.985183466,0.263556726,0.570000000,32,31,30,1,0,0,1,1,0.967741935,0,0,0,0
1360.569395304,485.862009129,0.169235626,0.985183466,0.263556726,0.570000000,32,31,30,1,0,0,1,1,0.967741935,0,0,0,0
1361.571727753,486.351003787,0.169235626,0.985183466,0.263556726,0.570000000,32,31,30,1,0,0,1,1,0.967741935,0,0,0,0
1362.567710638,486.720552508,0.169235626,0.985183466,0.263556726,0.570000000,32,31,30,1,0,0,1,1,0.967741935,0,0,0,0
1363.576160908,486.976352426,0.169236879,0.985183466,0.263556726,0.570000000,32,31,30,1,0,0,1,1,0.967741935,0,0,0,0
1370.829255581,487.064171344,0.169236879,0.985183466,0.263132465,0.560000000,33,32,31,1,0,0,1,1,0.968750000,0,0,0,0
1371.570105791,487.227444916,0.169236879,0.985183466,0.263132465,0.560000000,33,32,31,1,0,0,1,1,0.968750000,0,0,0,0
1372.590102196,487.549156584,0.169236879,0.985183466,0.263132465,0.560000000,33,32,31,1,0,0,1,1,0.968750000,0,0,0,0
1373.584740162,487.672970661,0.169236879,0.985183466,0.263132465,0.560000000,33,32,31,1,0,0,1,1,0.968750000,0,0,0,0
1374.568275690,487.809957836,0.169236879,0.985183466,0.263132465,0.560000000,33,32,31,1,0,0,1,1,0.968750000,0,0,0,0
1375.568555355,488.297967471,0.169236879,0.985183466,0.263132465,0.560000000,33,32,31,1,0,0,1,1,0.968750000,0,0,0,0
1376.597951174,488.786419842,0.169236879,0.985183466,0.263132465,0.560000000,33,32,31,1,0,0,1,1,0.968750000,0,0,0,0
1377.600112677,489.276088614,0.169238132,0.985183466,0.263132465,0.560000000,33,32,31,1,0,0,1,1,0.968750000,0,0,0,0
1378.568347454,489.775754313,0.169241890,0.985183466,0.263132465,0.560000000,33,32,31,1,0,0,1,1,0.968750000,0,0,0,0
1379.567612648,490.274289746,0.169243142,0.985183466,0.263132465,0.560000000,33,32,31,1,0,0,1,1,0.968750000,0,0,0,0
1380.567718267,490.773127432,0.169243142,0.985183466,0.263132465,0.560000000,33,32,31,1,0,0,1,1,0.968750000,0,0,0,0
1381.570234776,491.271326483,0.169244395,0.985183466,0.263132465,0.560000000,33,32,31,1,0,0,1,1,0.968750000,0,0,0,0
1382.600397825,491.759963719,0.169244395,0.985183466,0.263132465,0.560000000,33,32,31,1,0,0,1,1,0.968750000,0,0,0,0
1383.570708513,492.258970853,0.169244395,0.985183466,0.263132465,0.560000000,33,32,31,1,0,0,1,1,0.968750000,0,0,0,0
1384.617352962,492.757695288,0.169244395,0.985183466,0.263132465,0.560000000,33,32,31,1,0,0,1,1,0.968750000,0,0,0,0
1385.595629692,493.257594984,0.169249406,0.985183466,0.263132465,0.560000000,33,32,31,1,0,0,1,1,0.968750000,0,0,0,0
1386.573228836,493.757268566,0.169249406,0.985183466,0.263132465,0.560000000,33,32,31,1,0,0,1,1,0.968750000,0,0,0,0
1387.598854780,494.255940298,0.169250659,0.985183466,0.263132465,0.560000000,33,32,31,1,0,0,1,1,0.968750000,0,0,0,0
1388.606965542,494.755141989,0.169250659,0.985183466,0.263132465,0.560000000,33,32,31,1,0,0,1,1,0.968750000,0,0,0,0
1389.574064493,495.254416461,0.169250659,0.985183466,0.263132465,0.560000000,33,32,31,1,0,0,1,1,0.968750000,0,0,0,0
1390.571231365,495.753689500,0.169253164,0.985183466,0.263132465,0.560000000,33,32,31,1,0,0,1,1,0.968750000,0,0,0,0
1391.580173969,496.252742252,0.169254417,0.985183466,0.263132465,0.560000000,33,32,31,1,0,0,1,1,0.968750000,0,0,0,0
1392.627159119,496.741741689,0.169258175,0.985183466,0.263132465,0.560000000,33,32,31,1,0,0,1,1,0.968750000,0,0,0,0
1393.572510958,497.239937727,0.169258175,0.985183466,0.263132465,0.560000000,33,32,31,1,0,0,1,1,0.968750000,0,0,0,0
1394.573037386,497.738616073,0.169258175,0.985183466,0.263132465,0.560000000,33,32,31,1,0,0,1,1,0.968750000,0,0,0,0
1395.578128815,498.238376351,0.169258175,0.985183466,0.263132465,0.560000000,33,32,31,1,0,0,1,1,0.968750000,0,0,0,0
1396.592156649,498.736492082,0.169259428,0.985183466,0.263132465,0.560000000,33,32,31,1,0,0,1,1,0.968750000,0,0,0,0
1397.634742737,499.236228191,0.169260681,0.985183466,0.263132465,0.560000000,33,32,31,1,0,0,1,1,0.968750000,0,0,0,0
1398.569831371,499.735319570,0.169260681,0.985183466,0.263132465,0.560000000,33,32,31,1,0,0,1,1,0.968750000,0,0,0,0
1399.570922136,500.234473135,0.169271956,0.985174182,0.263132465,0.560000000,33,32,31,1,0,0,1,1,0.968750000,0,0,0,0
1400.571135283,500.734127407,0.169271956,0.985174182,0.263132465,0.560000000,33,32,31,1,0,0,1,1,0.968750000,0,0,0,0
1401.595753670,501.203259420,0.169271956,0.985174182,0.263132465,0.560000000,33,32,31,1,0,0,1,1,0.968750000,0,0,0,0
1402.571447611,501.733165420,0.169271956,0.985174182,0.263132465,0.560000000,33,32,31,1,0,0,1,1,0.968750000,0,0,0,0
1403.571621180,502.233165272,0.169284483,0.985174182,0.263132465,0.560000000,33,32,31,1,0,0,1,1,0.968750000,0,0,0,0
1404.578682661,502.733164096,0.169319560,0.985174182,0.263132465,0.560000000,33,32,31,1,0,0,1,1,0.968750000,0,0,0,0
1405.585504055,503.222809897,0.169540043,0.985174182,0.263132465,0.560000000,33,32,31,1,0,0,1,1,0.968750000,0,0,0,0
1406.589751482,503.720759262,0.169580130,0.985174182,0.263132465,0.560000000,33,32,31,1,0,0,1,1,0.968750000,0,0,0,0
1407.570119381,504.219506147,0.169581383,0.985174182,0.263132465,0.560000000,33,32,31,1,0,0,1,1,0.968750000,0,0,0,0
1408.570469856,504.706136584,0.169581383,0.985174182,0.263132465,0.560000000,33,32,31,1,0,0,1,1,0.968750000,0,0,0,0
1409.629109383,505.092997283,0.169581383,0.985174182,0.263132465,0.560000000,33,32,31,1,0,0,1,1,0.968750000,0,0,0,0
1410.575182438,505.383500522,0.169581383,0.985174182,0.263132465,0.560000000,33,32,31,1,0,0,1,1,0.968750000,0,0,0,0
1411.575783491,505.580893445,0.169581383,0.985174182,0.263132465,0.560000000,33,33,32,1,0,0,1,1,0.969696970,0,0,0,0
1418.517424822,505.580893445,0.169581383,0.985174182,0.264428376,0.560000000,34,33,32,1,0,0,1,1,0.969696970,0,0,0,0
1418.602616072,505.580893445,0.169581383,0.985174182,0.264428376,0.560000000,34,33,32,1,0,0,1,1,0.969696970,0,0,0,0
1425.429542303,505.580893445,0.169581383,0.985174182,0.264428376,0.560000000,35,34,32,2,0,0,2,2,0.941176471,0,0,0,0
1425.571844578,505.631581987,0.169581383,0.985174182,0.264428376,0.560000000,35,34,32,2,0,0,2,2,0.941176471,0,0,0,0
1426.626062632,506.090584603,0.169581383,0.985174182,0.264428376,0.560000000,35,34,32,2,0,0,2,2,0.941176471,0,0,0,0
1427.569053173,506.587133120,0.169581383,0.985174182,0.264428376,0.560000000,35,34,32,2,0,0,2,2,0.941176471,0,0,0,0
1428.568264961,507.082595857,0.169581383,0.985174182,0.264428376,0.560000000,35,34,32,2,0,0,2,2,0.941176471,0,0,0,0
1429.571233034,507.581026872,0.169581383,0.985174182,0.264428376,0.560000000,35,34,32,2,0,0,2,2,0.941176471,0,0,0,0
1430.584714174,508.068911062,0.169581383,0.985174182,0.264428376,0.560000000,35,34,32,2,0,0,2,2,0.941176471,0,0,0,0
1431.568181515,508.567746352,0.169581383,0.985174182,0.264428376,0.560000000,35,34,32,2,0,0,2,2,0.941176471,0,0,0,0
1432.602329254,509.056686743,0.169581383,0.985174182,0.264428376,0.560000000,35,34,32,2,0,0,2,2,0.941176471,0,0,0,0
1433.569854021,509.556676288,0.169581383,0.985174182,0.264428376,0.560000000,35,34,32,2,0,0,2,2,0.941176471,0,0,0,0
1434.568747520,510.046378784,0.169581383,0.985174182,0.264428376,0.560000000,35,34,32,2,0,0,2,2,0.941176471,0,0,0,0
1435.574227333,510.544100075,0.169581383,0.985174182,0.264428376,0.560000000,35,34,32,2,0,0,2,2,0.941176471,0,0,0,0
1436.574155569,511.033082847,0.169582636,0.985174182,0.264428376,0.560000000,35,34,32,2,0,0,2,2,0.941176471,0,0,0,0
1437.582790136,511.533066664,0.169582636,0.985174182,0.264428376,0.560000000,35,34,32,2,0,0,2,2,0.941176471,0,0,0,0
1438.581065893,512.033024401,0.169582636,0.985174182,0.264428376,0.560000000,35,34,32,2,0,0,2,2,0.941176471,0,0,0,0
1439.567950964,512.522644948,0.169583889,0.985174182,0.264428376,0.560000000,35,34,32,2,0,0,2,2,0.941176471,0,0,0,0
1440.570973158,513.022108791,0.169582636,0.985146332,0.264428376,0.560000000,35,34,32,2,0,0,2,2,0.941176471,0,0,0,0
1441.574077606,513.521881342,0.169582636,0.985146332,0.264428376,0.560000000,35,34,32,2,0,0,2,2,0.941176471,0,0,0,0
1442.574745893,514.011860503,0.169582636,0.985146332,0.264428376,0.560000000,35,34,32,2,0,0,2,2,0.941176471,0,0,0,0
1443.581721783,514.499124546,0.169509977,0.985081347,0.264428376,0.560000000,35,34,32,2,0,0,2,2,0.941176471,0,0,0,0
1444.577129841,514.997326684,0.169509977,0.985081347,0.264428376,0.560000000,35,34,32,2,0,0,2,2,0.941176471,0,0,0,0
1445.567222357,515.485943343,0.169509977,0.985081347,0.264428376,0.560000000,35,34,32,2,0,0,2,2,0.941176471,0,0,0,0
1446.567709684,515.985076467,0.169513735,0.985081347,0.264428376,0.560000000,35,34,32,2,0,0,2,2,0.941176471,0,0,0,0
1447.589934587,516.474312589,0.169513735,0.985081347,0.264428376,0.560000000,35,34,32,2,0,0,2,2,0.941176471,0,0,0,0
1448.570636272,516.972585624,0.169513735,0.985081347,0.264428376,0.560000000,35,34,32,2,0,0,2,2,0.941176471,0,0,0,0
1449.572675467,517.472071375,0.169513735,0.985081347,0.264428376,0.560000000,35,34,32,2,0,0,2,2,0.941176471,0,0,0,0
1450.570453882,517.958444006,0.169514988,0.985081347,0.264428376,0.560000000,35,34,32,2,0,0,2,2,0.941176471,0,0,0,0
1451.613869190,518.436944011,0.169514988,0.985081347,0.264428376,0.560000000,35,34,32,2,0,0,2,2,0.941176471,0,0,0,0
1452.571160316,518.924981828,0.169514988,0.985081347,0.264428376,0.560000000,35,34,32,2,0,0,2,2,0.941176471,0,0,0,0
1453.637331963,519.403278540,0.169514988,0.985081347,0.264428376,0.560000000,35,34,32,2,0,0,2,2,0.941176471,0,0,0,0
1454.579557896,519.912551752,0.169514988,0.985081347,0.264428376,0.560000000,35,34,32,2,0,0,2,2,0.941176471,0,0,0,0
1455.580309391,520.412311647,0.169514988,0.985081347,0.264428376,0.560000000,35,34,32,2,0,0,2,2,0.941176471,0,0,0,0
1456.571267843,520.901045389,0.169516241,0.985081347,0.264428376,0.560000000,35,34,32,2,0,0,2,2,0.941176471,0,0,0,0
1457.568444252,521.399546923,0.169516241,0.985081347,0.264428376,0.560000000,35,34,32,2,0,0,2,2,0.941176471,0,0,0,0
1458.571363211,521.897599106,0.169516241,0.985081347,0.264428376,0.560000000,35,34,32,2,0,0,2,2,0.941176471,0,0,0,0
1459.569967270,522.395120709,0.169516241,0.985081347,0.264428376,0.560000000,35,34,32,2,0,0,2,2,0.941176471,0,0,0,0
1460.627768755,522.883730823,0.169517493,0.985081347,0.264428376,0.560000000,35,34,32,2,0,0,2,2,0.941176471,0,0,0,0
1461.570851803,523.382751028,0.169518746,0.985081347,0.264428376,0.560000000,35,34,32,2,0,0,2,2,0.941176471,0,0,0,0
1462.568117142,523.872613803,0.169532526,0.985081347,0.264428376,0.560000000,35,34,32,2,0,0,2,2,0.941176471,0,0,0,0
1463.578525305,524.372071554,0.169561339,0.985081347,0.264428376,0.560000000,35,34,32,2,0,0,2,2,0.941176471,0,0,0,0
1464.588178635,524.862071506,0.169615207,0.985081347,0.264428376,0.560000000,35,34,32,2,0,0,2,2,0.941176471,0,0,0,0
1465.570061445,525.358530800,0.169709163,0.985211317,0.264428376,0.560000000,35,34,32,2,0,0,2,2,0.941176471,0,0,0,0
1466.608842373,525.724821530,0.169790591,0.985378420,0.264428376,0.560000000,35,34,32,2,0,0,2,2,0.941176471,0,0,0,0
1467.580169439,525.991959973,0.169821910,0.985434122,0.264428376,0.560000000,35,34,32,2,0,0,2,2,0.941176471,0,0,0,0
1468.572860241,526.222721859,0.169824415,0.985452689,0.264428376,0.560000000,35,35,33,2,0,0,2,2,0.942857143,0,0,0,0
1474.842165947,526.271746671,0.169824415,0.985452689,0.264449277,0.570000000,36,35,33,2,0,0,2,2,0.942857143,0,0,0,0
1475.625130653,526.499300992,0.169824415,0.985452689,0.264449277,0.570000000,36,35,33,2,0,0,2,2,0.942857143,0,0,0,0
1476.572467804,526.759647492,0.169824415,0.985452689,0.264449277,0.570000000,36,35,33,2,0,0,2,2,0.942857143,0,0,0,0
1477.575688839,526.816149340,0.169824415,0.985452689,0.264449277,0.570000000,36,35,33,2,0,0,2,2,0.942857143,0,0,0,0
1478.590272665,527.121207322,0.169824415,0.985452689,0.264449277,0.570000000,36,35,33,2,0,0,2,2,0.942857143,0,0,0,0
1479.570017099,527.608882234,0.169825668,0.985452689,0.264449277,0.570000000,36,35,33,2,0,0,2,2,0.942857143,0,0,0,0
1480.592046976,528.098315831,0.169828174,0.985452689,0.264449277,0.570000000,36,35,33,2,0,0,2,2,0.942857143,0,0,0,0
1481.591004372,528.598259027,0.169828174,0.985452689,0.264449277,0.570000000,36,35,33,2,0,0,2,2,0.942857143,0,0,0,0
1482.570500851,529.087564889,0.169830679,0.985452689,0.264449277,0.570000000,36,35,33,2,0,0,2,2,0.942857143,0,0,0,0
1483.567921162,529.586797210,0.169833185,0.985452689,0.264449277,0.570000000,36,35,33,2,0,0,2,2,0.942857143,0,0,0,0
1484.570945740,530.086796117,0.169835690,0.985452689,0.264449277,0.570000000,36,35,33,2,0,0,2,2,0.942857143,0,0,0,0
1485.568289757,530.586695169,0.169835690,0.985452689,0.264449277,0.570000000,36,35,33,2,0,0,2,2,0.942857143,0,0,0,0
1486.611187696,531.073870126,0.169835690,0.985452689,0.264449277,0.570000000,36,35,33,2,0,0,2,2,0.942857143,0,0,0,0
1487.572673082,531.570894893,0.169800613,0.985489823,0.264449277,0.570000000,36,35,33,2,0,0,2,2,0.942857143,0,0,0,0
1488.581464291,532.059310889,0.169800613,0.985489823,0.264449277,0.570000000,36,35,33,2,0,0,2,2,0.942857143,0,0,0,0
1489.578028202,532.547339112,0.169834437,0.985489823,0.264449277,0.570000000,36,35,33,2,0,0,2,2,0.942857143,0,0,0,0
1490.568561792,532.954292891,0.169840701,0.985489823,0.264449277,0.570000000,36,35,33,2,0,0,2,2,0.942857143,0,0,0,0
1491.587262630,533.216072791,0.169844459,0.985489823,0.264449277,0.570000000,36,35,33,2,0,0,2,2,0.942857143,0,0,0,0
1492.570386410,533.405446496,0.169844459,0.985489823,0.264449277,0.570000000,36,35,33,2,0,0,2,2,0.942857143,0,0,0,0
1499.145872355,533.497711616,0.169844459,0.985489823,0.264202032,0.560000000,37,36,34,2,0,0,2,2,0.944444444,0,0,0,0
1499.568943501,533.627380570,0.169844459,0.985489823,0.264202032,0.560000000,37,36,34,2,0,0,2,2,0.944444444,0,0,0,0
1500.567462206,533.868405652,0.169844459,0.985489823,0.264202032,0.560000000,37,36,34,2,0,0,2,2,0.944444444,0,0,0,0
1501.567473650,533.941375007,0.169844459,0.985489823,0.264202032,0.560000000,37,36,34,2,0,0,2,2,0.944444444,0,0,0,0
1502.583731651,534.170639974,0.169845712,0.985489823,0.264202032,0.560000000,37,36,34,2,0,0,2,2,0.944444444,0,0,0,0
1503.575541735,534.646054269,0.169845712,0.985489823,0.264202032,0.560000000,37,36,34,2,0,0,2,2,0.944444444,0,0,0,0
1504.568384409,535.135060177,0.169845712,0.985489823,0.264202032,0.560000000,37,36,34,2,0,0,2,2,0.944444444,0,0,0,0
1505.567694187,535.634282543,0.169845712,0.985489823,0.264202032,0.560000000,37,36,34,2,0,0,2,2,0.944444444,0,0,0,0
1506.570021391,536.133913739,0.169845712,0.985489823,0.264202032,0.560000000,37,36,34,2,0,0,2,2,0.944444444,0,0,0,0
1507.567234516,536.621843043,0.169845712,0.985489823,0.264202032,0.560000000,37,36,34,2,0,0,2,2,0.944444444,0,0,0,0
1508.670664310,537.111149697,0.169845712,0.985489823,0.264202032,0.560000000,37,36,34,2,0,0,2,2,0.944444444,0,0,0,0
1509.670859575,537.600031279,0.169845712,0.985489823,0.264202032,0.560000000,37,36,34,2,0,0,2,2,0.944444444,0,0,0,0
1510.567129612,538.109505903,0.169845712,0.985489823,0.264202032,0.560000000,37,36,34,2,0,0,2,2,0.944444444,0,0,0,0
1511.571673393,538.608393262,0.169856987,0.985461972,0.264202032,0.560000000,37,36,34,2,0,0,2,2,0.944444444,0,0,0,0
1512.567773342,539.107451951,0.169856987,0.985461972,0.264202032,0.560000000,37,36,34,2,0,0,2,2,0.944444444,0,0,0,0
1513.569759369,539.606834832,0.169856987,0.985461972,0.264202032,0.560000000,37,36,34,2,0,0,2,2,0.944444444,0,0,0,0
1514.567722797,540.106458534,0.169856987,0.985461972,0.264202032,0.560000000,37,36,34,2,0,0,2,2,0.944444444,0,0,0,0
1515.569425106,540.605384168,0.169856987,0.985461972,0.264202032,0.560000000,37,36,34,2,0,0,2,2,0.944444444,0,0,0,0
1516.569400787,541.093778284,0.169856987,0.985461972,0.264202032,0.560000000,37,36,34,2,0,0,2,2,0.944444444,0,0,0,0
1517.571778536,541.592892195,0.169856987,0.985461972,0.264202032,0.560000000,37,36,34,2,0,0,2,2,0.944444444,0,0,0,0
1518.572575808,542.082481047,0.169856987,0.985461972,0.264202032,0.560000000,37,36,34,2,0,0,2,2,0.944444444,0,0,0,0
1519.574944973,542.582463939,0.169858240,0.985461972,0.264202032,0.560000000,37,36,34,2,0,0,2,2,0.944444444,0,0,0,0
1520.569142580,543.080366774,0.169858240,0.985461972,0.264202032,0.560000000,37,36,34,2,0,0,2,2,0.944444444,0,0,0,0
1521.568849087,543.566780645,0.169859492,0.985461972,0.264202032,0.560000000,37,36,34,2,0,0,2,2,0.944444444,0,0,0,0
1522.567881346,544.065837165,0.169855734,0.985424838,0.264202032,0.560000000,37,36,34,2,0,0,2,2,0.944444444,0,0,0,0
1523.586077929,544.554748708,0.169855734,0.985424838,0.264202032,0.560000000,37,36,34,2,0,0,2,2,0.944444444,0,0,0,0
1524.568623543,545.060517913,0.169855734,0.985424838,0.264202032,0.560000000,37,36,34,2,0,0,2,2,0.944444444,0,0,0,0
1525.569561243,545.557338741,0.169855734,0.985424838,0.264202032,0.560000000,37,36,34,2,0,0,2,2,0.944444444,0,0,0,0
1526.568121433,546.054397263,0.169861998,0.985406271,0.264202032,0.560000000,37,36,34,2,0,0,2,2,0.944444444,0,0,0,0
1527.569245100,546.550581223,0.169861998,0.985406271,0.264202032,0.560000000,37,36,34,2,0,0,2,2,0.944444444,0,0,0,0
1528.569470406,547.043908383,0.169861998,0.985406271,0.264202032,0.560000000,37,36,34,2,0,0,2,2,0.944444444,0,0,0,0
1529.569109678,547.540313574,0.169861998,0.985406271,0.264202032,0.560000000,37,36,34,2,0,0,2,2,0.944444444,0,0,0,0
1530.577002048,548.027146852,0.169861998,0.985406271,0.264202032,0.560000000,37,36,34,2,0,0,2,2,0.944444444,0,0,0,0
1531.568433046,548.525064864,0.169861998,0.985406271,0.264202032,0.560000000,37,36,34,2,0,0,2,2,0.944444444,0,0,0,0
1532.568505764,549.022573661,0.169861998,0.985406271,0.264202032,0.560000000,37,36,34,2,0,0,2,2,0.944444444,0,0,0,0
1533.572117567,549.520526725,0.169861998,0.985406271,0.264202032,0.560000000,37,36,34,2,0,0,2,2,0.944444444,0,0,0,0
1534.585398436,550.015062768,0.169861998,0.985406271,0.264202032,0.560000000,37,36,34,2,0,0,2,2,0.944444444,0,0,0,0
1535.578359604,550.512168295,0.169861998,0.985406271,0.264202032,0.560000000,37,36,34,2,0,0,2,2,0.944444444,0,0,0,0
1536.628293037,550.999315599,0.169861998,0.985406271,0.264202032,0.560000000,37,36,34,2,0,0,2,2,0.944444444,0,0,0,0
1537.576008320,551.507116471,0.169861998,0.985406271,0.264202032,0.560000000,37,36,34,2,0,0,2,2,0.944444444,0,0,0,0
1538.569142580,551.996388266,0.169861998,0.985406271,0.264202032,0.560000000,37,36,34,2,0,0,2,2,0.944444444,0,0,0,0
1539.571388721,552.495047076,0.169861998,0.985406271,0.264202032,0.560000000,37,36,34,2,0,0,2,2,0.944444444,0,0,0,0
1540.623831272,552.994375005,0.169861998,0.985406271,0.264202032,0.560000000,37,36,34,2,0,0,2,2,0.944444444,0,0,0,0
1541.576516151,553.492413136,0.169861998,0.985406271,0.264202032,0.560000000,37,36,34,2,0,0,2,2,0.944444444,0,0,0,0
1542.571885824,553.988880124,0.169861998,0.985406271,0.264202032,0.560000000,37,36,34,2,0,0,2,2,0.944444444,0,0,0,0
1543.568200588,554.477672125,0.169861998,0.985406271,0.264202032,0.560000000,37,36,34,2,0,0,2,2,0.944444444,0,0,0,0
1544.570214987,554.975449096,0.169861998,0.985406271,0.264202032,0.560000000,37,36,34,2,0,0,2,2,0.944444444,0,0,0,0
1545.617801666,555.462779077,0.169861998,0.985406271,0.264202032,0.560000000,37,36,34,2,0,0,2,2,0.944444444,0,0,0,0
1546.607295990,555.960282146,0.169861998,0.985406271,0.264202032,0.560000000,37,36,34,2,0,0,2,2,0.944444444,0,0,0,0
1547.581280947,556.456476588,0.169861998,0.985406271,0.264202032,0.560000000,37,36,34,2,0,0,2,2,0.944444444,0,0,0,0
1548.570601225,556.956468726,0.169861998,0.985406271,0.264202032,0.560000000,37,36,34,2,0,0,2,2,0.944444444,0,0,0,0
1549.616716862,557.446036607,0.169861998,0.985406271,0.264202032,0.560000000,37,36,34,2,0,0,2,2,0.944444444,0,0,0,0
1550.585758209,557.945738597,0.169861998,0.985406271,0.264202032,0.560000000,37,36,34,2,0,0,2,2,0.944444444,0,0,0,0
1551.621403456,558.434979444,0.169863251,0.985406271,0.264202032,0.560000000,37,36,34,2,0,0,2,2,0.944444444,0,0,0,0
1552.574002504,558.932493552,0.169865756,0.985406271,0.264202032,0.560000000,37,36,34,2,0,0,2,2,0.944444444,0,0,0,0
1553.578516960,559.382029350,0.169856987,0.985332003,0.264202032,0.560000000,37,36,34,2,0,0,2,2,0.944444444,0,0,0,0
1554.570382118,559.877031777,0.169860745,0.985350570,0.264202032,0.560000000,37,36,34,2,0,0,2,2,0.944444444,0,0,0,0
1555.580878258,560.353937331,0.169864503,0.985406271,0.264202032,0.560000000,37,36,34,2,0,0,2,2,0.944444444,0,0,0,0
1556.568788528,560.851750301,0.169859492,0.985359853,0.264202032,0.560000000,37,36,34,2,0,0,2,2,0.944444444,0,0,0,0
1557.570838451,561.347102087,0.169859492,0.985359853,0.264202032,0.560000000,37,36,34,2,0,0,2,2,0.944444444,0,0,0,0
1558.569781303,561.833682504,0.169861998,0.985396987,0.264202032,0.560000000,37,36,34,2,0,0,2,2,0.944444444,0,0,0,0
1559.567325115,562.328004411,0.169861998,0.985396987,0.264202032,0.560000000,37,36,34,2,0,0,2,2,0.944444444,0,0,0,0
1560.614648819,562.816725512,0.169858240,0.985378420,0.264202032,0.560000000,37,36,34,2,0,0,2,2,0.944444444,0,0,0,0
1561.608970642,563.314799455,0.169859492,0.985396987,0.264202032,0.560000000,37,36,34,2,0,0,2,2,0.944444444,0,0,0,0
1562.573179245,563.812907271,0.169859492,0.985396987,0.264202032,0.560000000,37,36,34,2,0,0,2,2,0.944444444,0,0,0,0
1563.580267429,564.311649297,0.169860745,0.985415555,0.264202032,0.560000000,37,36,34,2,0,0,2,2,0.944444444,0,0,0,0
1564.628901243,564.798418669,0.169860745,0.985415555,0.264202032,0.560000000,37,36,34,2,0,0,2,2,0.944444444,0,0,0,0
1565.575205088,565.306412982,0.169860745,0.985415555,0.264202032,0.560000000,37,36,34,2,0,0,2,2,0.944444444,0,0,0,0
1566.574655294,565.794388688,0.169860745,0.985415555,0.264202032,0.560000000,37,36,34,2,0,0,2,2,0.944444444,0,0,0,0
1567.567123413,566.283295096,0.169860745,0.985415555,0.264202032,0.560000000,37,36,34,2,0,0,2,2,0.944444444,0,0,0,0
1568.570449829,566.780628569,0.169860745,0.985415555,0.264202032,0.560000000,37,36,34,2,0,0,2,2,0.944444444,0,0,0,0
1569.611589670,567.268784636,0.169861998,0.985415555,0.264202032,0.560000000,37,36,34,2,0,0,2,2,0.944444444,0,0,0,0
1570.597026825,567.754469830,0.169861998,0.985415555,0.264202032,0.560000000,37,36,34,2,0,0,2,2,0.944444444,0,0,0,0
1571.596849918,568.242970984,0.169870767,0.985545524,0.264202032,0.560000000,37,36,34,2,0,0,2,2,0.944444444,0,0,0,0
1572.583775282,568.732317389,0.169880789,0.985675494,0.264202032,0.560000000,37,36,34,2,0,0,2,2,0.944444444,0,0,0,0
1573.571683407,569.231684286,0.169918371,0.986213939,0.264202032,0.560000000,37,36,34,2,0,0,2,2,0.944444444,0,0,0,0
1574.567470789,569.721473882,0.169962217,0.986724534,0.264202032,0.560000000,37,36,34,2,0,0,2,2,0.944444444,0,0,0,0
1575.570877552,570.201632413,0.170077470,0.987987096,0.264202032,0.560000000,37,36,34,2,0,0,2,2,0.944444444,0,0,0,0
1576.567344427,570.543028788,0.170292942,0.990475085,0.264202032,0.560000000,37,36,34,2,0,0,2,2,0.944444444,0,0,0,0
1577.580030918,570.805104720,0.170646215,0.995618168,0.264202032,0.560000000,37,36,34,2,0,0,2,2,0.944444444,0,0,0,0
1578.584606409,571.032715968,0.170662501,0.995859540,0.264202032,0.560000000,37,37,35,2,0,0,2,2,0.945945946,0,0,0,0
1585.434284449,571.042499494,0.170662501,0.995859540,0.267235541,0.560000000,38,37,35,2,0,0,2,2,0.945945946,0,0,0,0
1585.578116417,571.089884057,0.170662501,0.995859540,0.267235541,0.560000000,38,37,35,2,0,0,2,2,0.945945946,0,0,0,0
1586.600787401,571.428017985,0.170662501,0.995859540,0.267235541,0.560000000,38,37,35,2,0,0,2,2,0.945945946,0,0,0,0
1587.579692364,571.764759082,0.170665006,0.995859540,0.267235541,0.560000000,38,37,35,2,0,0,2,2,0.945945946,0,0,0,0
1588.663401365,571.982443948,0.170676281,0.996026644,0.267235541,0.560000000,38,37,35,2,0,0,2,2,0.945945946,0,0,0,0
1589.574115753,572.027309526,0.170676281,0.996026644,0.267235541,0.560000000,38,37,35,2,0,0,2,2,0.945945946,0,0,0,0
1590.573450089,572.376561499,0.170676281,0.996026644,0.267235541,0.560000000,38,37,35,2,0,0,2,2,0.945945946,0,0,0,0
1591.596296310,572.876087726,0.170677534,0.996026644,0.267235541,0.560000000,38,37,35,2,0,0,2,2,0.945945946,0,0,0,0
1592.569769144,573.375002509,0.170677534,0.996026644,0.267235541,0.560000000,38,37,35,2,0,0,2,2,0.945945946,0,0,0,0
1593.567748070,573.873825302,0.170677534,0.996026644,0.267235541,0.560000000,38,37,35,2,0,0,2,2,0.945945946,0,0,0,0
1594.567859173,574.372070495,0.170677534,0.996026644,0.267235541,0.560000000,38,37,35,2,0,0,2,2,0.945945946,0,0,0,0
1595.697548866,574.862069598,0.170677534,0.996026644,0.267235541,0.560000000,38,37,35,2,0,0,2,2,0.945945946,0,0,0,0
1596.569061995,575.362051917,0.170677534,0.996026644,0.267235541,0.560000000,38,37,35,2,0,0,2,2,0.945945946,0,0,0,0
1597.634072781,575.851517931,0.170677534,0.996026644,0.267235541,0.560000000,38,37,35,2,0,0,2,2,0.945945946,0,0,0,0
1598.593055487,576.304814160,0.170677534,0.996026644,0.267235541,0.560000000,38,37,35,2,0,0,2,2,0.945945946,0,0,0,0
1599.567418575,576.834197381,0.170677534,0.996026644,0.267235541,0.560000000,38,37,35,2,0,0,2,2,0.945945946,0,0,0,0
1600.608084440,577.312936973,0.170717622,0.996620790,0.267235541,0.560000000,38,37,35,2,0,0,2,2,0.945945946,0,0,0,0
1601.569542646,577.743679361,0.170728896,0.996732193,0.267235541,0.560000000,38,37,35,2,0,0,2,2,0.945945946,0,0,0,0
1602.578613997,578.028425584,0.170735160,0.996732193,0.267235541,0.560000000,38,37,35,2,0,0,2,2,0.945945946,0,0,0,0
1603.567437887,578.237904155,0.170735160,0.996732193,0.267235541,0.560000000,38,38,36,2,0,0,2,2,0.947368421,0,0,0,0
1609.961329222,578.252114743,0.170735160,0.996732193,0.268033697,0.560000000,39,38,36,2,0,0,2,2,0.947368421,0,0,0,0
1610.596541166,578.446314646,0.170735160,0.996732193,0.268033697,0.560000000,39,38,36,2,0,0,2,2,0.947368421,0,0,0,0
1611.577886581,578.631810277,0.170735160,0.996732193,0.268033697,0.560000000,39,38,36,2,0,0,2,2,0.947368421,0,0,0,0
1612.580700874,578.681420746,0.170735160,0.996732193,0.268033697,0.560000000,39,38,36,2,0,0,2,2,0.947368421,0,0,0,0
1613.580303431,578.833830731,0.170735160,0.996732193,0.268033697,0.560000000,39,38,36,2,0,0,2,2,0.947368421,0,0,0,0
1614.625346661,579.321562266,0.170736413,0.996732193,0.268033697,0.560000000,39,38,36,2,0,0,2,2,0.947368421,0,0,0,0
1615.569032669,579.810589285,0.170736413,0.996732193,0.268033697,0.560000000,39,38,36,2,0,0,2,2,0.947368421,0,0,0,0
1616.570173025,580.310118514,0.170736413,0.996732193,0.268033697,0.560000000,39,38,36,2,0,0,2,2,0.947368421,0,0,0,0
1617.578756094,580.799606369,0.170736413,0.996732193,0.268033697,0.560000000,39,38,36,2,0,0,2,2,0.947368421,0,0,0,0
1618.580806971,581.298527912,0.170736413,0.996732193,0.268033697,0.560000000,39,38,36,2,0,0,2,2,0.947368421,0,0,0,0
1619.573045731,581.797869833,0.170736413,0.996732193,0.268033697,0.560000000,39,38,36,2,0,0,2,2,0.947368421,0,0,0,0
1620.570492506,582.286119051,0.170745182,0.996797178,0.268033697,0.560000000,39,38,36,2,0,0,2,2,0.947368421,0,0,0,0
1621.574260712,582.764266197,0.170745182,0.996797178,0.268033697,0.560000000,39,38,36,2,0,0,2,2,0.947368421,0,0,0,0
1622.572528601,583.283726526,0.170745182,0.996797178,0.268033697,0.560000000,39,38,36,2,0,0,2,2,0.947368421,0,0,0,0
1623.574563503,583.783316754,0.170745182,0.996797178,0.268033697,0.560000000,39,38,36,2,0,0,2,2,0.947368421,0,0,0,0
1624.571744680,584.270436972,0.170745182,0.996797178,0.268033697,0.560000000,39,38,36,2,0,0,2,2,0.947368421,0,0,0,0
1625.567675114,584.769023402,0.170745182,0.996797178,0.268033697,0.560000000,39,38,36,2,0,0,2,2,0.947368421,0,0,0,0
1626.590950012,585.247571733,0.170745182,0.996797178,0.268033697,0.560000000,39,38,36,2,0,0,2,2,0.947368421,0,0,0,0
1627.589523315,585.736337433,0.170745182,0.996797178,0.268033697,0.560000000,39,38,36,2,0,0,2,2,0.947368421,0,0,0,0
1628.595700026,586.234715125,0.170745182,0.996797178,0.268033697,0.560000000,39,38,36,2,0,0,2,2,0.947368421,0,0,0,0
1629.580316782,586.734208763,0.170743929,0.996760044,0.268033697,0.560000000,39,38,36,2,0,0,2,2,0.947368421,0,0,0,0
1630.658054829,587.233971749,0.170743929,0.996760044,0.268033697,0.560000000,39,38,36,2,0,0,2,2,0.947368421,0,0,0,0
1631.628914356,587.713208542,0.170743929,0.996760044,0.268033697,0.560000000,39,38,36,2,0,0,2,2,0.947368421,0,0,0,0
1632.606477499,588.213030676,0.170745182,0.996760044,0.268033697,0.560000000,39,38,36,2,0,0,2,2,0.947368421,0,0,0,0
1633.690641642,588.711927093,0.170746435,0.996760044,0.268033697,0.560000000,39,38,36,2,0,0,2,2,0.947368421,0,0,0,0
1634.615646601,589.209889703,0.170746435,0.996760044,0.268033697,0.560000000,39,38,36,2,0,0,2,2,0.947368421,0,0,0,0
1635.567742586,589.709504225,0.170747687,0.996760044,0.268033697,0.560000000,39,38,36,2,0,0,2,2,0.947368421,0,0,0,0
1636.571023226,590.208642868,0.170747687,0.996760044,0.268033697,0.560000000,39,38,36,2,0,0,2,2,0.947368421,0,0,0,0
1637.618932009,590.698639821,0.170747687,0.996760044,0.268033697,0.560000000,39,38,36,2,0,0,2,2,0.947368421,0,0,0,0
1638.614862680,591.178636545,0.170747687,0.996760044,0.268033697,0.560000000,39,38,36,2,0,0,2,2,0.947368421,0,0,0,0
1639.621479750,591.688160692,0.170747687,0.996760044,0.268033697,0.560000000,39,38,36,2,0,0,2,2,0.947368421,0,0,0,0
1640.569669008,592.198104432,0.170747687,0.996760044,0.268033697,0.560000000,39,38,36,2,0,0,2,2,0.947368421,0,0,0,0
1641.570538759,592.698104072,0.170747687,0.996760044,0.268033697,0.560000000,39,38,36,2,0,0,2,2,0.947368421,0,0,0,0
1642.670203686,593.198103363,0.170747687,0.996760044,0.268033697,0.560000000,39,38,36,2,0,0,2,2,0.947368421,0,0,0,0
1643.578024387,593.686765091,0.170742676,0.996630074,0.268033697,0.560000000,39,38,36,2,0,0,2,2,0.947368421,0,0,0,0
1644.569173574,594.172011779,0.170742676,0.996630074,0.268033697,0.560000000,39,38,36,2,0,0,2,2,0.947368421,0,0,0,0
1645.577801943,594.669241079,0.170742676,0.996630074,0.268033697,0.560000000,39,38,36,2,0,0,2,2,0.947368421,0,0,0,0
1646.613880634,595.168243072,0.170742676,0.996630074,0.268033697,0.560000000,39,38,36,2,0,0,2,2,0.947368421,0,0,0,0
1647.568396807,595.667849013,0.170742676,0.996630074,0.268033697,0.560000000,39,38,36,2,0,0,2,2,0.947368421,0,0,0,0
1648.568462849,596.164898750,0.170742676,0.996630074,0.268033697,0.560000000,39,38,36,2,0,0,2,2,0.947368421,0,0,0,0
1649.570628166,596.664133057,0.170742676,0.996630074,0.268033697,0.560000000,39,38,36,2,0,0,2,2,0.947368421,0,0,0,0
1650.590970755,597.153947336,0.170742676,0.996630074,0.268033697,0.560000000,39,38,36,2,0,0,2,2,0.947368421,0,0,0,0
1651.571645260,597.653826741,0.170742676,0.996630074,0.268033697,0.560000000,39,38,36,2,0,0,2,2,0.947368421,0,0,0,0
1652.572630405,598.153700243,0.170742676,0.996630074,0.268033697,0.560000000,39,38,36,2,0,0,2,2,0.947368421,0,0,0,0
1653.582297087,598.653389575,0.170742676,0.996630074,0.268033697,0.560000000,39,38,36,2,0,0,2,2,0.947368421,0,0,0,0
1654.574595451,599.153389499,0.170747687,0.996722909,0.268033697,0.560000000,39,38,36,2,0,0,2,2,0.947368421,0,0,0,0
1655.576028109,599.652940461,0.170747687,0.996722909,0.268033697,0.560000000,39,38,36,2,0,0,2,2,0.947368421,0,0,0,0
1656.593336821,600.142938564,0.170747687,0.996722909,0.268033697,0.560000000,39,38,36,2,0,0,2,2,0.947368421,0,0,0,0
1657.575262308,600.642938490,0.170747687,0.996722909,0.268033697,0.560000000,39,38,36,2,0,0,2,2,0.947368421,0,0,0,0
1658.570619106,601.142901977,0.170747687,0.996722909,0.268033697,0.560000000,39,38,36,2,0,0,2,2,0.947368421,0,0,0,0
1659.568462372,601.641928473,0.170747687,0.996722909,0.268033697,0.560000000,39,38,36,2,0,0,2,2,0.947368421,0,0,0,0
1660.569607496,602.141900257,0.170747687,0.996722909,0.268033697,0.560000000,39,38,36,2,0,0,2,2,0.947368421,0,0,0,0
1661.567807913,602.641839895,0.170747687,0.996722909,0.268033697,0.560000000,39,38,36,2,0,0,2,2,0.947368421,0,0,0,0
1662.571166039,603.141729210,0.170747687,0.996722909,0.268033697,0.560000000,39,38,36,2,0,0,2,2,0.947368421,0,0,0,0
1663.570530653,603.629854095,0.170747687,0.996722909,0.268033697,0.560000000,39,38,36,2,0,0,2,2,0.947368421,0,0,0,0
1664.569520712,604.129524561,0.170747687,0.996722909,0.268033697,0.560000000,39,38,36,2,0,0,2,2,0.947368421,0,0,0,0
1665.569763422,604.628210103,0.170747687,0.996722909,0.268033697,0.560000000,39,38,36,2,0,0,2,2,0.947368421,0,0,0,0
1666.573200464,605.115150720,0.170747687,0.996722909,0.268033697,0.560000000,39,38,36,2,0,0,2,2,0.947368421,0,0,0,0
1667.568823099,605.613178186,0.170747687,0.996722909,0.268033697,0.560000000,39,38,36,2,0,0,2,2,0.947368421,0,0,0,0
1668.569766998,606.112655706,0.170747687,0.996722909,0.268033697,0.560000000,39,38,36,2,0,0,2,2,0.947368421,0,0,0,0
1669.588004589,606.600910912,0.170747687,0.996722909,0.268033697,0.560000000,39,38,36,2,0,0,2,2,0.947368421,0,0,0,0
1670.610215664,607.108396621,0.170747687,0.996722909,0.268033697,0.560000000,39,38,36,2,0,0,2,2,0.947368421,0,0,0,0
1671.573313951,607.607760646,0.170747687,0.996722909,0.268033697,0.560000000,39,38,36,2,0,0,2,2,0.947368421,0,0,0,0
1672.574576855,608.107420160,0.170747687,0.996722909,0.268033697,0.560000000,39,38,36,2,0,0,2,2,0.947368421,0,0,0,0
1673.570202112,608.607419097,0.170747687,0.996722909,0.268033697,0.560000000,39,38,36,2,0,0,2,2,0.947368421,0,0,0,0
1674.612408638,609.097399474,0.170750193,0.996722909,0.268033697,0.560000000,39,38,36,2,0,0,2,2,0.947368421,0,0,0,0
1675.616192818,609.596757265,0.170750193,0.996722909,0.268033697,0.560000000,39,38,36,2,0,0,2,2,0.947368421,0,0,0,0
1676.570847988,610.093489764,0.170750193,0.996722909,0.268033697,0.560000000,39,38,36,2,0,0,2,2,0.947368421,0,0,0,0
1677.608043909,610.592495656,0.170750193,0.996722909,0.268033697,0.560000000,39,38,36,2,0,0,2,2,0.947368421,0,0,0,0
1678.613623619,611.088203096,0.170753951,0.996722909,0.268033697,0.560000000,39,38,36,2,0,0,2,2,0.947368421,0,0,0,0
1679.567672491,611.584873821,0.170758962,0.996722909,0.268033697,0.560000000,39,38,36,2,0,0,2,2,0.947368421,0,0,0,0
1680.628646851,612.071117787,0.170758962,0.996722909,0.268033697,0.560000000,39,38,36,2,0,0,2,2,0.947368421,0,0,0,0
1681.596837997,612.566317917,0.170747687,0.996630074,0.268033697,0.560000000,39,38,36,2,0,0,2,2,0.947368421,0,0,0,0
1682.571512699,613.064058432,0.170750193,0.996630074,0.268033697,0.560000000,39,38,36,2,0,0,2,2,0.947368421,0,0,0,0
1683.595589161,613.550173975,0.170750193,0.996630074,0.268033697,0.560000000,39,38,36,2,0,0,2,2,0.947368421,0,0,0,0
1684.572192192,614.048168487,0.170752698,0.996630074,0.268033697,0.560000000,39,38,36,2,0,0,2,2,0.947368421,0,0,0,0
1685.578454494,614.545576672,0.170752698,0.996630074,0.268033697,0.560000000,39,38,36,2,0,0,2,2,0.947368421,0,0,0,0
1686.576210499,615.044148615,0.170752698,0.996630074,0.268033697,0.560000000,39,38,36,2,0,0,2,2,0.947368421,0,0,0,0
1687.584682226,615.529650010,0.170752698,0.996630074,0.268033697,0.560000000,39,38,36,2,0,0,2,2,0.947368421,0,0,0,0
1688.597996950,616.025093711,0.170755204,0.996630074,0.268033697,0.560000000,39,38,36,2,0,0,2,2,0.947368421,0,0,0,0
1689.570772886,616.522596494,0.170755204,0.996630074,0.268033697,0.560000000,39,38,36,2,0,0,2,2,0.947368421,0,0,0,0
1690.592238665,617.009449960,0.170755204,0.996630074,0.268033697,0.560000000,39,38,36,2,0,0,2,2,0.947368421,0,0,0,0
1691.568758488,617.506549781,0.170765226,0.996630074,0.268033697,0.560000000,39,38,36,2,0,0,2,2,0.947368421,0,0,0,0
1692.578361750,618.004333633,0.170771490,0.996630074,0.268033697,0.560000000,39,38,36,2,0,0,2,2,0.947368421,0,0,0,0
1693.567690372,618.377220395,0.170780259,0.996630074,0.268033697,0.560000000,39,39,36,3,0,0,3,3,0.923076923,0,0,0,0
1699.702519178,618.380473243,0.170787775,0.996630074,0.264861062,0.550000000,40,39,36,3,0,0,3,3,0.923076923,0,0,0,0
1700.773025990,618.511992393,0.170787775,0.996630074,0.264861062,0.550000000,40,39,36,3,0,0,3,3,0.923076923,0,0,0,0
1701.569930315,618.545949496,0.170789028,0.996630074,0.264861062,0.550000000,40,39,36,3,0,0,3,3,0.923076923,0,0,0,0
1702.568791866,618.706542481,0.170789028,0.996630074,0.264861062,0.550000000,40,39,36,3,0,0,3,3,0.923076923,0,0,0,0
1703.569126368,619.187783434,0.170790281,0.996630074,0.264861062,0.550000000,40,39,36,3,0,0,3,3,0.923076923,0,0,0,0
1704.571193457,619.672739185,0.170790281,0.996630074,0.264861062,0.550000000,40,39,36,3,0,0,3,3,0.923076923,0,0,0,0
1705.620148897,620.158337908,0.170790281,0.996630074,0.264861062,0.550000000,40,39,36,3,0,0,3,3,0.923076923,0,0,0,0
1706.652371883,620.645834727,0.170791533,0.996630074,0.264861062,0.550000000,40,39,36,3,0,0,3,3,0.923076923,0,0,0,0
1707.586090088,621.133747100,0.170794039,0.996630074,0.264861062,0.550000000,40,39,36,3,0,0,3,3,0.923076923,0,0,0,0
1708.573298216,621.629389116,0.170802808,0.996630074,0.264861062,0.550000000,40,39,36,3,0,0,3,3,0.923076923,0,0,0,0
1709.574345827,622.118532116,0.170815336,0.996630074,0.264861062,0.550000000,40,39,36,3,0,0,3,3,0.923076923,0,0,0,0
1710.568261623,622.618121352,0.170871709,0.996630074,0.264861062,0.550000000,40,39,36,3,0,0,3,3,0.923076923,0,0,0,0
1711.567393780,623.108656334,0.170940610,0.996630074,0.264861062,0.550000000,40,39,36,3,0,0,3,3,0.923076923,0,0,0,0
1712.567967653,623.471208940,0.171082170,0.996630074,0.264861062,0.550000000,40,39,36,3,0,0,3,3,0.923076923,0,0,0,0
1713.567279577,623.744794612,0.171100961,0.996630074,0.264861062,0.550000000,40,39,36,3,0,0,3,3,0.923076923,0,0,0,0
1714.589868546,623.957667002,0.171100961,0.996630074,0.264861062,0.550000000,40,40,37,3,0,0,3,3,0.925000000,0,0,0,0
1720.554404736,623.959121717,0.171102214,0.996630074,0.264536378,0.550000000,41,40,37,3,0,0,3,3,0.925000000,0,0,0,0
1720.567521572,623.959121717,0.171102214,0.996630074,0.264536378,0.550000000,41,40,37,3,0,0,3,3,0.925000000,0,0,0,0
1726.688256502,623.959121717,0.171102214,0.996630074,0.264536378,0.550000000,42,41,37,4,0,0,4,4,0.902439024,0,0,0,0
1727.568493366,624.168042491,0.171102214,0.996630074,0.264536378,0.550000000,42,41,37,4,0,0,4,4,0.902439024,0,0,0,0
1728.570077896,624.492935802,0.171102214,0.996630074,0.264536378,0.550000000,42,41,37,4,0,0,4,4,0.902439024,0,0,0,0
1729.610663891,624.617640794,0.171102214,0.996630074,0.264536378,0.550000000,42,41,37,4,0,0,4,4,0.902439024,0,0,0,0
1730.569584608,624.757608871,0.171103467,0.996630074,0.264536378,0.550000000,42,41,37,4,0,0,4,4,0.902439024,0,0,0,0
1731.577469349,625.233095994,0.171103467,0.996630074,0.264536378,0.550000000,42,41,37,4,0,0,4,4,0.902439024,0,0,0,0
1732.571511030,625.596382309,0.171104719,0.996630074,0.264536378,0.550000000,42,41,37,4,0,0,4,4,0.902439024,0,0,0,0
1733.569714069,626.053064597,0.171105972,0.996630074,0.264536378,0.550000000,42,41,37,4,0,0,4,4,0.902439024,0,0,0,0
1734.571960211,626.542275004,0.171107225,0.996630074,0.264536378,0.550000000,42,41,37,4,0,0,4,4,0.902439024,0,0,0,0
1735.571184635,627.040612165,0.171107225,0.996630074,0.264536378,0.550000000,42,41,37,4,0,0,4,4,0.902439024,0,0,0,0
1736.612692118,627.526866431,0.171107225,0.996630074,0.264536378,0.550000000,42,41,37,4,0,0,4,4,0.902439024,0,0,0,0
1737.570236683,628.026061841,0.171107225,0.996630074,0.264536378,0.550000000,42,41,37,4,0,0,4,4,0.902439024,0,0,0,0
1738.596411943,628.515719135,0.171108478,0.996630074,0.264536378,0.550000000,42,41,37,4,0,0,4,4,0.902439024,0,0,0,0
1739.568475485,629.014662624,0.171108478,0.996630074,0.264536378,0.550000000,42,41,37,4,0,0,4,4,0.902439024,0,0,0,0
1740.568689346,629.514230234,0.171108478,0.996630074,0.264536378,0.550000000,42,41,37,4,0,0,4,4,0.902439024,0,0,0,0
1741.579576254,630.001239403,0.171108478,0.996630074,0.264536378,0.550000000,42,41,37,4,0,0,4,4,0.902439024,0,0,0,0
1742.660588264,630.480575784,0.171108478,0.996630074,0.264536378,0.550000000,42,41,37,4,0,0,4,4,0.902439024,0,0,0,0
1743.572792530,630.979647793,0.171108478,0.996630074,0.264536378,0.550000000,42,41,37,4,0,0,4,4,0.902439024,0,0,0,0
1744.607914686,631.489558026,0.171108478,0.996630074,0.264536378,0.550000000,42,41,37,4,0,0,4,4,0.902439024,0,0,0,0
1745.571606398,631.998834101,0.171108478,0.996630074,0.264536378,0.550000000,42,41,37,4,0,0,4,4,0.902439024,0,0,0,0
1746.568694353,632.488628102,0.171108478,0.996630074,0.264536378,0.550000000,42,41,37,4,0,0,4,4,0.902439024,0,0,0,0
1747.577364683,632.988382727,0.171108478,0.996630074,0.264536378,0.550000000,42,41,37,4,0,0,4,4,0.902439024,0,0,0,0
1748.568056583,633.488079296,0.171108478,0.996630074,0.264536378,0.550000000,42,41,37,4,0,0,4,4,0.902439024,0,0,0,0
1749.581654310,633.977937170,0.171108478,0.996630074,0.264536378,0.550000000,42,41,37,4,0,0,4,4,0.902439024,0,0,0,0
1750.690157175,634.477861561,0.171108478,0.996630074,0.264536378,0.550000000,42,41,37,4,0,0,4,4,0.902439024,0,0,0,0
1751.567155600,634.977357310,0.171108478,0.996630074,0.264536378,0.550000000,42,41,37,4,0,0,4,4,0.902439024,0,0,0,0
1752.611997604,635.467357238,0.171108478,0.996630074,0.264536378,0.550000000,42,41,37,4,0,0,4,4,0.902439024,0,0,0,0
1753.568371773,635.967324844,0.171108478,0.996630074,0.264536378,0.550000000,42,41,37,4,0,0,4,4,0.902439024,0,0,0,0
1754.610455036,636.466233730,0.171109730,0.996630074,0.264536378,0.550000000,42,41,37,4,0,0,4,4,0.902439024,0,0,0,0
1755.567829370,636.963524217,0.171094697,0.996630074,0.264536378,0.550000000,42,41,37,4,0,0,4,4,0.902439024,0,0,0,0
1756.571984529,637.462280888,0.171094697,0.996630074,0.264536378,0.550000000,42,41,37,4,0,0,4,4,0.902439024,0,0,0,0
1757.570757627,637.961100090,0.171094697,0.996630074,0.264536378,0.550000000,42,41,37,4,0,0,4,4,0.902439024,0,0,0,0
1758.578332663,638.445080982,0.171095950,0.996760044,0.264536378,0.550000000,42,41,37,4,0,0,4,4,0.902439024,0,0,0,0
1759.590978622,638.944439099,0.171095950,0.996760044,0.264536378,0.550000000,42,41,37,4,0,0,4,4,0.902439024,0,0,0,0
1760.724243879,639.443508573,0.171095950,0.996760044,0.264536378,0.550000000,42,41,37,4,0,0,4,4,0.902439024,0,0,0,0
1761.570607424,639.943269905,0.171095950,0.996760044,0.264536378,0.550000000,42,41,37,4,0,0,4,4,0.902439024,0,0,0,0
1762.659082651,640.412311308,0.171095950,0.996760044,0.264536378,0.550000000,42,41,37,4,0,0,4,4,0.902439024,0,0,0,0
1763.570977688,640.941770656,0.171095950,0.996760044,0.264536378,0.550000000,42,41,37,4,0,0,4,4,0.902439024,0,0,0,0
1764.567156315,641.441474228,0.171095950,0.996760044,0.264536378,0.550000000,42,41,37,4,0,0,4,4,0.902439024,0,0,0,0
1765.570086241,641.941388737,0.171095950,0.996760044,0.264536378,0.550000000,42,41,37,4,0,0,4,4,0.902439024,0,0,0,0
1766.571909428,642.440972564,0.171095950,0.996760044,0.264536378,0.550000000,42,41,37,4,0,0,4,4,0.902439024,0,0,0,0
1767.598013639,642.930879365,0.171095950,0.996760044,0.264536378,0.550000000,42,41,37,4,0,0,4,4,0.902439024,0,0,0,0
1768.571542501,643.333111250,0.171095950,0.996760044,0.264536378,0.550000000,42,42,37,5,0,0,4,4,0.880952381,0,0,0,0
1769.590278149,643.578431530,0.171095950,0.996760044,0.264536378,0.550000000,42,42,37,5,0,0,4,4,0.880952381,1,1,0,0
1770.573119164,644.068952699,0.171095950,0.996760044,0.264536378,0.550000000,42,42,37,5,0,0,4,4,0.880952381,1,1,0,0
1771.595535040,644.558530484,0.171094697,0.996760044,0.264536378,0.550000000,42,42,37,5,0,0,4,4,0.880952381,1,1,0,0
1772.580094337,645.036592924,0.171094697,0.996760044,0.264536378,0.550000000,42,42,37,5,0,0,4,4,0.880952381,1,1,0,0
1773.593935728,645.552974823,0.171094697,0.996760044,0.264536378,0.550000000,42,42,37,5,0,0,4,4,0.880952381,1,1,0,0
1774.568870544,646.050005923,0.171094697,0.996760044,0.264536378,0.550000000,42,42,37,5,0,0,4,4,0.880952381,1,1,0,0
1775.569408178,646.546733207,0.171094697,0.996760044,0.264536378,0.550000000,42,42,37,5,0,0,4,4,0.880952381,1,1,0,0
1776.594315767,647.033994038,0.171094697,0.996760044,0.264536378,0.550000000,42,42,37,5,0,0,4,4,0.880952381,1,1,0,0
1777.582239866,647.533307721,0.171094697,0.996760044,0.264536378,0.550000000,42,42,37,5,0,0,4,4,0.880952381,1,1,0,0
1778.571023941,648.033006610,0.171094697,0.996760044,0.264536378,0.550000000,42,42,37,5,0,0,4,4,0.880952381,1,1,0,0
1779.569344759,648.531701804,0.171094697,0.996760044,0.264536378,0.550000000,42,42,37,5,0,0,4,4,0.880952381,1,1,0,0
1780.574232578,649.029705178,0.171094697,0.996760044,0.264536378,0.550000000,42,42,37,5,0,0,4,4,0.880952381,1,1,0,0
1781.611387253,649.479411120,0.171094697,0.996760044,0.264536378,0.550000000,42,42,37,5,0,0,4,4,0.880952381,1,1,0,0
1782.572949409,650.018297165,0.171094697,0.996760044,0.264536378,0.550000000,42,42,37,5,0,0,4,4,0.880952381,1,1,0,0
1783.568013191,650.403588917,0.171094697,0.996760044,0.264536378,0.550000000,42,42,37,5,0,0,4,4,0.880952381,1,1,0,0
1784.568807840,650.849011019,0.171095950,0.996760044,0.264536378,0.550000000,42,42,37,5,0,0,4,4,0.880952381,1,1,0,0
1785.580421209,651.349010468,0.171095950,0.996760044,0.264536378,0.550000000,42,42,37,5,0,0,4,4,0.880952381,1,1,0,0
1786.574661493,651.848975477,0.171095950,0.996760044,0.264536378,0.550000000,42,42,37,5,0,0,4,4,0.880952381,1,1,0,0
1787.621354580,652.338975082,0.171095950,0.996760044,0.264536378,0.550000000,42,42,37,5,0,0,4,4,0.880952381,1,1,0,0
1788.567365646,652.837987218,0.171095950,0.996750760,0.264536378,0.550000000,42,42,37,5,0,0,4,4,0.880952381,1,1,0,0
1789.567250729,653.337767151,0.171095950,0.996750760,0.264536378,0.550000000,42,42,37,5,0,0,4,4,0.880952381,1,1,0,0
1790.568968296,653.837766271,0.171095950,0.996750760,0.264536378,0.550000000,42,42,37,5,0,0,4,4,0.880952381,1,1,0,0
1791.611813307,654.317392274,0.171095950,0.996750760,0.264536378,0.550000000,42,42,37,5,0,0,4,4,0.880952381,1,1,0,0
1792.594384432,654.827000204,0.171095950,0.996750760,0.264536378,0.550000000,42,42,37,5,0,0,4,4,0.880952381,1,1,0,0
1793.567814112,655.336260096,0.171095950,0.996750760,0.264536378,0.550000000,42,42,37,5,0,0,4,4,0.880952381,1,1,0,0
1794.631963730,655.826020543,0.171095950,0.996750760,0.264536378,0.550000000,42,42,37,5,0,0,4,4,0.880952381,1,1,0,0
1795.630356312,656.325986871,0.171095950,0.996750760,0.264536378,0.550000000,42,42,37,5,0,0,4,4,0.880952381,1,1,0,0
1796.567481518,656.825983545,0.171095950,0.996750760,0.264536378,0.550000000,42,42,37,5,0,0,4,4,0.880952381,1,1,0,0
1797.571846724,657.325839354,0.171095950,0.996750760,0.264536378,0.550000000,42,42,37,5,0,0,4,4,0.880952381,1,1,0,0
1798.572236300,657.825760863,0.171095950,0.996750760,0.264536378,0.550000000,42,42,37,5,0,0,4,4,0.880952381,1,1,0,0
1799.576780796,658.324859566,0.171097203,0.996750760,0.264536378,0.550000000,42,42,37,5,0,0,4,4,0.880952381,1,1,0,0
1800.574092627,658.823238570,0.171102214,0.996787894,0.264536378,0.550000000,42,42,37,5,0,0,4,4,0.880952381,1,1,0,0
1801.607392311,659.310736790,0.171102214,0.996787894,0.264536378,0.550000000,42,42,37,5,0,0,4,4,0.880952381,1,1,0,0
1802.567574501,659.809308687,0.171098456,0.996732193,0.264536378,0.550000000,42,42,37,5,0,0,4,4,0.880952381,1,1,0,0
1803.569445133,660.307168615,0.171098456,0.996732193,0.264536378,0.550000000,42,42,37,5,0,0,4,4,0.880952381,1,1,0,0
1804.568940163,660.806536141,0.171099708,0.996732193,0.264536378,0.550000000,42,42,37,5,0,0,4,4,0.880952381,1,1,0,0
1805.567928791,661.295431621,0.171099708,0.996732193,0.264536378,0.550000000,42,42,37,5,0,0,4,4,0.880952381,1,1,0,0
1806.667422295,661.783097788,0.171099708,0.996732193,0.264536378,0.550000000,42,42,37,5,0,0,4,4,0.880952381,1,1,0,0
1807.567526579,662.282940333,0.171099708,0.996732193,0.264536378,0.550000000,42,42,37,5,0,0,4,4,0.880952381,1,1,0,0
1808.595689297,662.772534599,0.171100961,0.996732193,0.264536378,0.550000000,42,42,37,5,0,0,4,4,0.880952381,1,1,0,0
1809.607888699,663.189539953,0.171100961,0.996732193,0.264536378,0.550000000,42,43,37,6,0,0,5,5,0.860465116,1,1,0,0
1816.287664175,663.201031953,0.171100961,0.996732193,0.263806666,0.530000000,43,43,37,6,0,0,5,5,0.860465116,1,1,0,0
1816.569104433,663.201031953,0.171100961,0.996732193,0.263806666,0.530000000,43,44,37,7,0,0,6,6,0.840909091,1,1,0,0
1822.778943300,663.201031953,0.171100961,0.996732193,0.263806666,0.530000000,44,44,37,7,0,0,6,6,0.840909091,1,1,0,0
1828.759546280,663.201031953,0.171100961,0.996732193,0.263806666,0.530000000,45,45,37,8,0,0,7,7,0.822222222,1,1,0,0
1835.560149670,663.201031953,0.171100961,0.996732193,0.263806666,0.530000000,46,46,37,9,0,0,8,8,0.804347826,1,1,0,0
1835.569897652,663.201031953,0.171100961,0.996732193,0.263806666,0.530000000,46,47,37,10,0,0,9,9,0.787234043,1,1,0,0
1842.572434902,663.201031953,0.171100961,0.996732193,0.263806666,0.530000000,46,47,37,10,0,0,9,9,0.787234043,1,1,0,0
1849.457246065,663.201031953,0.171100961,0.996732193,0.263806666,0.530000000,46,47,37,10,0,0,9,9,0.787234043,1,1,0,0
1849.569497824,663.201031953,0.171100961,0.996732193,0.263806666,0.530000000,46,47,37,10,0,0,9,9,0.787234043,1,1,0,0
1928.319671392,663.201031953,0.171100961,0.996732193,0.263806666,0.530000000,46,47,37,10,0,0,9,9,0.787234043,1,1,0,0
1928.576547623,663.201031953,0.171100961,0.996732193,0.263806666,0.530000000,46,47,37,10,0,0,9,9,0.787234043,1,1,0,0
1934.570257187,663.201031953,0.171100961,0.996732193,0.263806666,0.530000000,46,47,37,10,0,0,9,9,0.787234043,1,1,0,0
1934.574415684,663.201031953,0.171100961,0.996732193,0.263806666,0.530000000,46,47,37,10,0,0,9,9,0.787234043,1,1,0,0
1941.533390522,663.201031953,0.171100961,0.996732193,0.263806666,0.530000000,46,47,37,10,0,0,9,9,0.787234043,1,1,0,0
1941.586288691,663.201031953,0.171100961,0.996732193,0.263806666,0.530000000,46,47,37,10,0,0,9,9,0.787234043,1,1,0,0
