100644 blob d493ccf63bf8391662acdc22387be24aad8548eb	mapex_lab/experiments/mapex/mpx_p500_001/candidates.csv
100644 blob 728222e48a4eb3020b9e3695191b32abde707b86	mapex_lab/experiments/mapex/mpx_p500_001/decision_maps/decision_000001_canvas.npz
100644 blob 0abe052e43ce81cd361a506096ce3c0bfb709dfd	mapex_lab/experiments/mapex/mpx_p500_001/decision_maps/decision_000001_raw.npz
100644 blob 47dd53b1b03631cb94a97697dd3965c510e96cf3	mapex_lab/experiments/mapex/mpx_p500_001/decision_maps/decision_000002_canvas.npz
100644 blob 1d1e3acb43dc33280749f8576742108168d4abb3	mapex_lab/experiments/mapex/mpx_p500_001/decision_maps/decision_000002_raw.npz
100644 blob 7c71dec848685e9f671181e76a40c4d6a173309d	mapex_lab/experiments/mapex/mpx_p500_001/decision_maps/decision_000003_canvas.npz
100644 blob ef6da61ca0776b978ba95198066f83051f190a4a	mapex_lab/experiments/mapex/mpx_p500_001/decision_maps/decision_000003_raw.npz
100644 blob 7c5ff60bd78687dce3008898c7ceda49c925465b	mapex_lab/experiments/mapex/mpx_p500_001/decision_maps/decision_000004_canvas.npz
100644 blob 075de1b6d2e111fefc7631fd9efe900c0b19d3bc	mapex_lab/experiments/mapex/mpx_p500_001/decision_maps/decision_000004_raw.npz
100644 blob 04931c019e56c3099e480917ed5424638b336c67	mapex_lab/experiments/mapex/mpx_p500_001/decision_maps/decision_000005_canvas.npz
100644 blob 76e0fb78c0dc027a174ab4a0081c7e3c425ecced	mapex_lab/experiments/mapex/mpx_p500_001/decision_maps/decision_000005_raw.npz
100644 blob 1d90fae4a6139b45403209ff95020929846a461a	mapex_lab/experiments/mapex/mpx_p500_001/decision_maps/decision_000006_canvas.npz
100644 blob 77068a2b94028603ac7912c41e5d0693b22122ca	mapex_lab/experiments/mapex/mpx_p500_001/decision_maps/decision_000006_raw.npz
100644 blob 6e1901290141b375a13513e22265a42bf1c90aeb	mapex_lab/experiments/mapex/mpx_p500_001/decision_maps/decision_000007_canvas.npz
100644 blob 94e10520b50e2bc53ad333dc48d5b30281c7a76d	mapex_lab/experiments/mapex/mpx_p500_001/decision_maps/decision_000007_raw.npz
100644 blob 8453abc1af680e5a77c1bc5cb6112a868cad52ac	mapex_lab/experiments/mapex/mpx_p500_001/decision_maps/decision_000008_canvas.npz
100644 blob 80860d2d37c93a43b1742f8f960c72f22aaaef2a	mapex_lab/experiments/mapex/mpx_p500_001/decision_maps/decision_000008_raw.npz
100644 blob e160a16fcec097db7b0fc64b089ebea497311638	mapex_lab/experiments/mapex/mpx_p500_001/decision_maps/decision_000009_canvas.npz
100644 blob 35f204259ff23822130b9f7129d0b59b78a91267	mapex_lab/experiments/mapex/mpx_p500_001/decision_maps/decision_000009_raw.npz
100644 blob 82326b18352da996c9520009dbb14bc15c66f798	mapex_lab/experiments/mapex/mpx_p500_001/decision_maps/decision_000010_canvas.npz
100644 blob 3bc1d6f2e13fc24b89d7b9247bbffb6df9cbb6ea	mapex_lab/experiments/mapex/mpx_p500_001/decision_maps/decision_000010_raw.npz
100644 blob b752412a315ecee4dddad88a60e2b3ba8d3cbc33	mapex_lab/experiments/mapex/mpx_p500_001/decision_maps/decision_000011_canvas.npz
100644 blob 4cbde4350da58330505297ac5d438334dbe8a8d6	mapex_lab/experiments/mapex/mpx_p500_001/decision_maps/decision_000011_raw.npz
100644 blob ac329be9185d6f26e82394c5ce611fbddbabb660	mapex_lab/experiments/mapex/mpx_p500_001/decision_maps/decision_000012_canvas.npz
100644 blob 23f579d86f45568aed2678d32c55fd304be543b5	mapex_lab/experiments/mapex/mpx_p500_001/decision_maps/decision_000012_raw.npz
100644 blob a8672a9cef2e6c30481da84f531af3f3ff84b016	mapex_lab/experiments/mapex/mpx_p500_001/decision_maps/decision_000013_canvas.npz
100644 blob 631608e8f3f6c9a8527be7b145a03596734afde1	mapex_lab/experiments/mapex/mpx_p500_001/decision_maps/decision_000013_raw.npz
100644 blob 576d3a57a4a9e33d4d595f8b24fa4e6eb4ed8b9c	mapex_lab/experiments/mapex/mpx_p500_001/decision_maps/decision_000014_canvas.npz
100644 blob a9916b661c3c71afd0431f07a63110321b3dd3e6	mapex_lab/experiments/mapex/mpx_p500_001/decision_maps/decision_000014_raw.npz
100644 blob 673114e561da7deb302c04eb07b31922d6f167d5	mapex_lab/experiments/mapex/mpx_p500_001/decision_maps/decision_000015_canvas.npz
100644 blob 0479692de2f792f675a999307f9b3e2adea0bf72	mapex_lab/experiments/mapex/mpx_p500_001/decision_maps/decision_000015_raw.npz
100644 blob e6ab0531020a9eaf08abafce1d7470eaf5b2d069	mapex_lab/experiments/mapex/mpx_p500_001/decision_maps/decision_000016_canvas.npz
100644 blob 0158600aa0bc7fb2ad2f95f792213fab512c07e9	mapex_lab/experiments/mapex/mpx_p500_001/decision_maps/decision_000016_raw.npz
100644 blob 3321990ea514d1279b0f4dda974df38de0bade4f	mapex_lab/experiments/mapex/mpx_p500_001/decision_maps/decision_000017_canvas.npz
100644 blob 86a80f33d49720e2c1aa46fa93af0568acb11f7b	mapex_lab/experiments/mapex/mpx_p500_001/decision_maps/decision_000017_raw.npz
100644 blob 39ae33ba4663c1835d760f2ba86e6c8387ef83ff	mapex_lab/experiments/mapex/mpx_p500_001/decision_maps/decision_000018_canvas.npz
100644 blob d25fa534ae59c672ff311e7e05cbeb387bce6eeb	mapex_lab/experiments/mapex/mpx_p500_001/decision_maps/decision_000018_raw.npz
100644 blob 7fc2c4177bf07b10cc80e222a5bd0ef4f36eaa02	mapex_lab/experiments/mapex/mpx_p500_001/decision_maps/decision_000019_canvas.npz
100644 blob b54c09acb581506340094ea43fa2be17d40dc72a	mapex_lab/experiments/mapex/mpx_p500_001/decision_maps/decision_000019_raw.npz
100644 blob e0f33f6aeb466cf5726ffd88b8c894db67be3b4e	mapex_lab/experiments/mapex/mpx_p500_001/decisions.csv
100644 blob 0a0aa7a3327488f4cee3e5de96f7258d00537d41	mapex_lab/experiments/mapex/mpx_p500_001/decisions/policy_decision_000001/candidates.csv
100644 blob 7084f2edd1134af68dd797f3de60d92c020bb95b	mapex_lab/experiments/mapex/mpx_p500_001/decisions/policy_decision_000001/decision.json
100644 blob 728222e48a4eb3020b9e3695191b32abde707b86	mapex_lab/experiments/mapex/mpx_p500_001/decisions/policy_decision_000001/observed_map_canvas.npz
100644 blob 0abe052e43ce81cd361a506096ce3c0bfb709dfd	mapex_lab/experiments/mapex/mpx_p500_001/decisions/policy_decision_000001/observed_map_raw.npz
100644 blob 4a290895b4d199db310432cef93e04b9d556fd11	mapex_lab/experiments/mapex/mpx_p500_001/decisions/policy_decision_000002/candidates.csv
100644 blob 3e067cb48f74f42839ad0a8d4bca01c14efbdec8	mapex_lab/experiments/mapex/mpx_p500_001/decisions/policy_decision_000002/decision.json
100644 blob 47dd53b1b03631cb94a97697dd3965c510e96cf3	mapex_lab/experiments/mapex/mpx_p500_001/decisions/policy_decision_000002/observed_map_canvas.npz
100644 blob 1d1e3acb43dc33280749f8576742108168d4abb3	mapex_lab/experiments/mapex/mpx_p500_001/decisions/policy_decision_000002/observed_map_raw.npz
100644 blob 2b987264a7a99762e505cf67e951b1c86c67f3b1	mapex_lab/experiments/mapex/mpx_p500_001/decisions/policy_decision_000003/candidates.csv
100644 blob ee499e2dd7a77762154f7c539ffbbd21633e4dd5	mapex_lab/experiments/mapex/mpx_p500_001/decisions/policy_decision_000003/decision.json
100644 blob 7c71dec848685e9f671181e76a40c4d6a173309d	mapex_lab/experiments/mapex/mpx_p500_001/decisions/policy_decision_000003/observed_map_canvas.npz
100644 blob ef6da61ca0776b978ba95198066f83051f190a4a	mapex_lab/experiments/mapex/mpx_p500_001/decisions/policy_decision_000003/observed_map_raw.npz
100644 blob 56aa8992a73bfa8abd60e32aa1e45f6c30b28a9f	mapex_lab/experiments/mapex/mpx_p500_001/decisions/policy_decision_000004/candidates.csv
100644 blob e243cab96e013bb4f1274f010412910f747f8e03	mapex_lab/experiments/mapex/mpx_p500_001/decisions/policy_decision_000004/decision.json
100644 blob 7c5ff60bd78687dce3008898c7ceda49c925465b	mapex_lab/experiments/mapex/mpx_p500_001/decisions/policy_decision_000004/observed_map_canvas.npz
100644 blob 075de1b6d2e111fefc7631fd9efe900c0b19d3bc	mapex_lab/experiments/mapex/mpx_p500_001/decisions/policy_decision_000004/observed_map_raw.npz
100644 blob 5d5f527526d5c34c327ace53a9953c8a5bed40c9	mapex_lab/experiments/mapex/mpx_p500_001/decisions/policy_decision_000005/candidates.csv
100644 blob bbe968607c72b390e9baf6643c21d6743975ae60	mapex_lab/experiments/mapex/mpx_p500_001/decisions/policy_decision_000005/decision.json
100644 blob 04931c019e56c3099e480917ed5424638b336c67	mapex_lab/experiments/mapex/mpx_p500_001/decisions/policy_decision_000005/observed_map_canvas.npz
100644 blob 76e0fb78c0dc027a174ab4a0081c7e3c425ecced	mapex_lab/experiments/mapex/mpx_p500_001/decisions/policy_decision_000005/observed_map_raw.npz
100644 blob 6370748989da37c3a9cebfddf0e9df973b217519	mapex_lab/experiments/mapex/mpx_p500_001/decisions/policy_decision_000006/candidates.csv
100644 blob 9d5e4636b1d6bcc8a174626c976d0c9d41d53b4f	mapex_lab/experiments/mapex/mpx_p500_001/decisions/policy_decision_000006/decision.json
100644 blob 1d90fae4a6139b45403209ff95020929846a461a	mapex_lab/experiments/mapex/mpx_p500_001/decisions/policy_decision_000006/observed_map_canvas.npz
100644 blob 77068a2b94028603ac7912c41e5d0693b22122ca	mapex_lab/experiments/mapex/mpx_p500_001/decisions/policy_decision_000006/observed_map_raw.npz
100644 blob 7da1fbde5b964bd61b4836553a3408c15adb7015	mapex_lab/experiments/mapex/mpx_p500_001/decisions/policy_decision_000007/candidates.csv
100644 blob 6e958c73fa02e5044edf772e30bd4bc07cbf2cec	mapex_lab/experiments/mapex/mpx_p500_001/decisions/policy_decision_000007/decision.json
100644 blob 6e1901290141b375a13513e22265a42bf1c90aeb	mapex_lab/experiments/mapex/mpx_p500_001/decisions/policy_decision_000007/observed_map_canvas.npz
100644 blob 94e10520b50e2bc53ad333dc48d5b30281c7a76d	mapex_lab/experiments/mapex/mpx_p500_001/decisions/policy_decision_000007/observed_map_raw.npz
100644 blob 362ea6a1b8b02f3dea94f2ea2a4956e3635d3f54	mapex_lab/experiments/mapex/mpx_p500_001/decisions/policy_decision_000008/candidates.csv
100644 blob 5cff4ae049eab732e695c27b1c1f85a6546c4ffb	mapex_lab/experiments/mapex/mpx_p500_001/decisions/policy_decision_000008/decision.json
100644 blob 8453abc1af680e5a77c1bc5cb6112a868cad52ac	mapex_lab/experiments/mapex/mpx_p500_001/decisions/policy_decision_000008/observed_map_canvas.npz
100644 blob 80860d2d37c93a43b1742f8f960c72f22aaaef2a	mapex_lab/experiments/mapex/mpx_p500_001/decisions/policy_decision_000008/observed_map_raw.npz
100644 blob 303008ad80acd885535d2c7e79ebf396fd79bcf8	mapex_lab/experiments/mapex/mpx_p500_001/decisions/policy_decision_000009/candidates.csv
100644 blob 16a0f85d0f58212b9db56fc32ae3e8b94b032dc5	mapex_lab/experiments/mapex/mpx_p500_001/decisions/policy_decision_000009/decision.json
100644 blob e160a16fcec097db7b0fc64b089ebea497311638	mapex_lab/experiments/mapex/mpx_p500_001/decisions/policy_decision_000009/observed_map_canvas.npz
100644 blob 35f204259ff23822130b9f7129d0b59b78a91267	mapex_lab/experiments/mapex/mpx_p500_001/decisions/policy_decision_000009/observed_map_raw.npz
100644 blob 3f1a28628f285e87031292294781f28cd08cf10f	mapex_lab/experiments/mapex/mpx_p500_001/decisions/policy_decision_000010/candidates.csv
100644 blob 79c85e868abc04eb757282147d20b7116805f444	mapex_lab/experiments/mapex/mpx_p500_001/decisions/policy_decision_000010/decision.json
100644 blob 82326b18352da996c9520009dbb14bc15c66f798	mapex_lab/experiments/mapex/mpx_p500_001/decisions/policy_decision_000010/observed_map_canvas.npz
100644 blob 3bc1d6f2e13fc24b89d7b9247bbffb6df9cbb6ea	mapex_lab/experiments/mapex/mpx_p500_001/decisions/policy_decision_000010/observed_map_raw.npz
100644 blob e97d0c305eb008e4294d760ea5a44609f9b93ced	mapex_lab/experiments/mapex/mpx_p500_001/decisions/policy_decision_000011/candidates.csv
100644 blob 9284bd30d40d54a0ad5837e5530fca66ec274598	mapex_lab/experiments/mapex/mpx_p500_001/decisions/policy_decision_000011/decision.json
100644 blob b752412a315ecee4dddad88a60e2b3ba8d3cbc33	mapex_lab/experiments/mapex/mpx_p500_001/decisions/policy_decision_000011/observed_map_canvas.npz
100644 blob 4cbde4350da58330505297ac5d438334dbe8a8d6	mapex_lab/experiments/mapex/mpx_p500_001/decisions/policy_decision_000011/observed_map_raw.npz
100644 blob e2d1414d09a55123e807c042cd20a87b642a9e6b	mapex_lab/experiments/mapex/mpx_p500_001/decisions/policy_decision_000012/candidates.csv
100644 blob 26143921e0d4546c157fb6d1a4c3223f72c067a5	mapex_lab/experiments/mapex/mpx_p500_001/decisions/policy_decision_000012/decision.json
100644 blob ac329be9185d6f26e82394c5ce611fbddbabb660	mapex_lab/experiments/mapex/mpx_p500_001/decisions/policy_decision_000012/observed_map_canvas.npz
100644 blob 23f579d86f45568aed2678d32c55fd304be543b5	mapex_lab/experiments/mapex/mpx_p500_001/decisions/policy_decision_000012/observed_map_raw.npz
100644 blob 600c1452ba724562cc382c261f073dedbd7d7eac	mapex_lab/experiments/mapex/mpx_p500_001/decisions/policy_decision_000013/candidates.csv
100644 blob 16250a334c4ab3cab267b80d3a330b99339ab21a	mapex_lab/experiments/mapex/mpx_p500_001/decisions/policy_decision_000013/decision.json
100644 blob a8672a9cef2e6c30481da84f531af3f3ff84b016	mapex_lab/experiments/mapex/mpx_p500_001/decisions/policy_decision_000013/observed_map_canvas.npz
100644 blob 631608e8f3f6c9a8527be7b145a03596734afde1	mapex_lab/experiments/mapex/mpx_p500_001/decisions/policy_decision_000013/observed_map_raw.npz
100644 blob e2a828443f68570ceca0ddf5e88b4ae21265e18f	mapex_lab/experiments/mapex/mpx_p500_001/decisions/policy_decision_000014/candidates.csv
100644 blob 021180b0ae164444fb260abc7122bf589c64f758	mapex_lab/experiments/mapex/mpx_p500_001/decisions/policy_decision_000014/decision.json
100644 blob 576d3a57a4a9e33d4d595f8b24fa4e6eb4ed8b9c	mapex_lab/experiments/mapex/mpx_p500_001/decisions/policy_decision_000014/observed_map_canvas.npz
100644 blob a9916b661c3c71afd0431f07a63110321b3dd3e6	mapex_lab/experiments/mapex/mpx_p500_001/decisions/policy_decision_000014/observed_map_raw.npz
100644 blob 3d4151e0e9581fbb6eca3bc1244372ebce874c82	mapex_lab/experiments/mapex/mpx_p500_001/decisions/policy_decision_000015/candidates.csv
100644 blob d60b40e1a09c1442c061b323b9b434273ec36511	mapex_lab/experiments/mapex/mpx_p500_001/decisions/policy_decision_000015/decision.json
100644 blob 673114e561da7deb302c04eb07b31922d6f167d5	mapex_lab/experiments/mapex/mpx_p500_001/decisions/policy_decision_000015/observed_map_canvas.npz
100644 blob 0479692de2f792f675a999307f9b3e2adea0bf72	mapex_lab/experiments/mapex/mpx_p500_001/decisions/policy_decision_000015/observed_map_raw.npz
100644 blob 890ee4654f7ee1a94ae30796199d94fb1c498479	mapex_lab/experiments/mapex/mpx_p500_001/decisions/policy_decision_000016/candidates.csv
100644 blob 5a861ef4ad07237235677e12d783e451ad053055	mapex_lab/experiments/mapex/mpx_p500_001/decisions/policy_decision_000016/decision.json
100644 blob e6ab0531020a9eaf08abafce1d7470eaf5b2d069	mapex_lab/experiments/mapex/mpx_p500_001/decisions/policy_decision_000016/observed_map_canvas.npz
100644 blob 0158600aa0bc7fb2ad2f95f792213fab512c07e9	mapex_lab/experiments/mapex/mpx_p500_001/decisions/policy_decision_000016/observed_map_raw.npz
100644 blob 4bd55457e75a0b6fc6d428e6ed55fa7080ef27a1	mapex_lab/experiments/mapex/mpx_p500_001/decisions/policy_decision_000017/candidates.csv
100644 blob 2be89aec4e5a5122cd0088fcd513519472c35027	mapex_lab/experiments/mapex/mpx_p500_001/decisions/policy_decision_000017/decision.json
100644 blob 3321990ea514d1279b0f4dda974df38de0bade4f	mapex_lab/experiments/mapex/mpx_p500_001/decisions/policy_decision_000017/observed_map_canvas.npz
100644 blob 86a80f33d49720e2c1aa46fa93af0568acb11f7b	mapex_lab/experiments/mapex/mpx_p500_001/decisions/policy_decision_000017/observed_map_raw.npz
100644 blob a65c7b6fc2a1dc000ce2916838107fb87bb9df80	mapex_lab/experiments/mapex/mpx_p500_001/decisions/policy_decision_000018/candidates.csv
100644 blob 85b436d083b142cbdb4918aee61e3706a00d9454	mapex_lab/experiments/mapex/mpx_p500_001/decisions/policy_decision_000018/decision.json
100644 blob 39ae33ba4663c1835d760f2ba86e6c8387ef83ff	mapex_lab/experiments/mapex/mpx_p500_001/decisions/policy_decision_000018/observed_map_canvas.npz
100644 blob d25fa534ae59c672ff311e7e05cbeb387bce6eeb	mapex_lab/experiments/mapex/mpx_p500_001/decisions/policy_decision_000018/observed_map_raw.npz
100644 blob db34d6dcb1c8e0be0da4635df563a211b379f0b1	mapex_lab/experiments/mapex/mpx_p500_001/decisions/policy_decision_000019/candidates.csv
100644 blob 7817957d0df8bedf31d4d5e224dd3e1cb58ba848	mapex_lab/experiments/mapex/mpx_p500_001/decisions/policy_decision_000019/decision.json
100644 blob 7fc2c4177bf07b10cc80e222a5bd0ef4f36eaa02	mapex_lab/experiments/mapex/mpx_p500_001/decisions/policy_decision_000019/observed_map_canvas.npz
100644 blob b54c09acb581506340094ea43fa2be17d40dc72a	mapex_lab/experiments/mapex/mpx_p500_001/decisions/policy_decision_000019/observed_map_raw.npz
100644 blob 886acfd227648564bc1747145e41fe25fec7a7c3	mapex_lab/experiments/mapex/mpx_p500_001/evaluation/alltrain_snapshots/manifest.json
100644 blob 6d240c0d7df129709fe12494a5f4261041be3979	mapex_lab/experiments/mapex/mpx_p500_001/evaluation/alltrain_snapshots/sample_000001_alltrain.npz
100644 blob 36c63c3010a7705bb342bbb1862a3d73c0bdea5f	mapex_lab/experiments/mapex/mpx_p500_001/evaluation/alltrain_snapshots/sample_000002_alltrain.npz
100644 blob d4ed1e3897d2cbf2c49d3e19d1373f66a4af224f	mapex_lab/experiments/mapex/mpx_p500_001/evaluation/alltrain_snapshots/sample_000003_alltrain.npz
100644 blob d091991dc214cc75cc00596de3dc9c1623cde3ed	mapex_lab/experiments/mapex/mpx_p500_001/evaluation/alltrain_snapshots/sample_000004_alltrain.npz
100644 blob fb82e9d7eb18f78fd0db3d96cbe9c65bf02fc194	mapex_lab/experiments/mapex/mpx_p500_001/evaluation/alltrain_snapshots/sample_000005_alltrain.npz
100644 blob 2d7faf83257a1c71536c48ae657f2d8835942a36	mapex_lab/experiments/mapex/mpx_p500_001/evaluation/alltrain_snapshots/sample_000006_alltrain.npz
100644 blob dd8116fb7321537efc5d6e043d15c2539cbb6bfe	mapex_lab/experiments/mapex/mpx_p500_001/evaluation/alltrain_snapshots/sample_000007_alltrain.npz
100644 blob a6f31602c49e60c075a5c477f553bdf14038658f	mapex_lab/experiments/mapex/mpx_p500_001/evaluation/alltrain_snapshots/sample_000008_alltrain.npz
100644 blob cdbc46540655bbc239d546f5f57aeadc4c3973d8	mapex_lab/experiments/mapex/mpx_p500_001/evaluation/alltrain_snapshots/sample_000009_alltrain.npz
100644 blob 7b9bae6994100b05e2441f25688c02be90f0db0c	mapex_lab/experiments/mapex/mpx_p500_001/evaluation/alltrain_snapshots/sample_000010_alltrain.npz
100644 blob 65c2cd3ce38fe5c6c74af05665449a43d2b041d5	mapex_lab/experiments/mapex/mpx_p500_001/evaluation/alltrain_snapshots/sample_000011_alltrain.npz
100644 blob b4f504ff071654d080fdb87c2627f54b9ec97374	mapex_lab/experiments/mapex/mpx_p500_001/evaluation/alltrain_snapshots/sample_000012_alltrain.npz
100644 blob 36a101dc95178193bda5ce62112b0dcbb031f3fa	mapex_lab/experiments/mapex/mpx_p500_001/evaluation/alltrain_snapshots/sample_000013_alltrain.npz
100644 blob a39fc797e3f541b323234881ca486d033cc691c3	mapex_lab/experiments/mapex/mpx_p500_001/evaluation/alltrain_snapshots/sample_000014_alltrain.npz
100644 blob 464e48bd3f9e25f54943b145d09dae85368f0322	mapex_lab/experiments/mapex/mpx_p500_001/evaluation/alltrain_snapshots/sample_000015_alltrain.npz
100644 blob db74a8ed02c42f257002e788841e40e79ab06212	mapex_lab/experiments/mapex/mpx_p500_001/evaluation/alltrain_snapshots/sample_000016_alltrain.npz
100644 blob 96699d162b399c060410f2b01c589f8c83b30b5a	mapex_lab/experiments/mapex/mpx_p500_001/evaluation/alltrain_snapshots/sample_000017_alltrain.npz
100644 blob 57d535a2e7f5f15dabf661b0b0e5b7d4377a4da9	mapex_lab/experiments/mapex/mpx_p500_001/evaluation/alltrain_snapshots/sample_000018_alltrain.npz
100644 blob 032e2c087278f32eedecd5480c2d99fe521e7876	mapex_lab/experiments/mapex/mpx_p500_001/evaluation/alltrain_snapshots/sample_000019_alltrain.npz
100644 blob 50e5c4d3c098bf5de5888ca366510584080447ba	mapex_lab/experiments/mapex/mpx_p500_001/evaluation/alltrain_snapshots/sample_000020_alltrain.npz
100644 blob 9d59a47a9dbb5ebd9e6308a76c6f75e124e9eb04	mapex_lab/experiments/mapex/mpx_p500_001/evaluation/alltrain_snapshots/sample_000021_alltrain.npz
100644 blob 73f049b78e541b1c6849676a136aafeeaa4f0349	mapex_lab/experiments/mapex/mpx_p500_001/evaluation/alltrain_snapshots/sample_000022_alltrain.npz
100644 blob 300d01d5acd1594d6b1f9de0b06ae8ea27302405	mapex_lab/experiments/mapex/mpx_p500_001/evaluation/alltrain_snapshots/sample_000023_alltrain.npz
100644 blob 6780da8a6e993d138f7f3c2843dc0e6b997e9bd3	mapex_lab/experiments/mapex/mpx_p500_001/evaluation/alltrain_snapshots/sample_000024_alltrain.npz
100644 blob f68cd9a4a86af757b85416560de90ab02bc598af	mapex_lab/experiments/mapex/mpx_p500_001/evaluation/alltrain_snapshots/sample_000025_alltrain.npz
100644 blob 4b79f9792c7665c6b8955a8ed6fcc85b000b9961	mapex_lab/experiments/mapex/mpx_p500_001/evaluation/alltrain_snapshots/sample_000026_alltrain.npz
100644 blob 16f89efa5aca05e923e0f9098cb3df183b52baab	mapex_lab/experiments/mapex/mpx_p500_001/evaluation/alltrain_snapshots/sample_000027_alltrain.npz
100644 blob cb17875d43b7e0f6f67af7141e58712decc8756d	mapex_lab/experiments/mapex/mpx_p500_001/evaluation/alltrain_snapshots/sample_000028_alltrain.npz
100644 blob ed17e704bcddc828507e28887a7b9795d968a2f1	mapex_lab/experiments/mapex/mpx_p500_001/evaluation/alltrain_snapshots/sample_000029_alltrain.npz
100644 blob 30423a44cc9b86e4a4e7e6dc0a1f688964e7ab36	mapex_lab/experiments/mapex/mpx_p500_001/evaluation/alltrain_snapshots/sample_000030_alltrain.npz
100644 blob 3c56de8e4832277f0dc4d192bbc4f2cabc017342	mapex_lab/experiments/mapex/mpx_p500_001/evaluation/alltrain_snapshots/sample_000031_alltrain.npz
100644 blob b30c2249a2deba12510e84889b04627cf378f797	mapex_lab/experiments/mapex/mpx_p500_001/evaluation/alltrain_snapshots/sample_000032_alltrain.npz
100644 blob 4020e5229cc9ef0ee2fe0f0843563ce0e41df430	mapex_lab/experiments/mapex/mpx_p500_001/evaluation/alltrain_snapshots/sample_000033_alltrain.npz
100644 blob 259a68b16712b22517e1e69377043342a89b6b43	mapex_lab/experiments/mapex/mpx_p500_001/evaluation/alltrain_snapshots/sample_000034_alltrain.npz
100644 blob 9952aba7599bc88bf0a4ecd29c79cdff2cab59fa	mapex_lab/experiments/mapex/mpx_p500_001/evaluation/alltrain_snapshots/sample_000035_alltrain.npz
100644 blob 0dad8f88ce28728b39ff18284bf961ecfb58ad25	mapex_lab/experiments/mapex/mpx_p500_001/evaluation/alltrain_snapshots/sample_000036_alltrain.npz
100644 blob 1e9dcdb456c10ff8946acccad4a52e9b0f5c1c5e	mapex_lab/experiments/mapex/mpx_p500_001/evaluation/alltrain_snapshots/sample_000037_alltrain.npz
100644 blob d95f029d68da5c006fc409f0b6c9615cfad314b6	mapex_lab/experiments/mapex/mpx_p500_001/evaluation/alltrain_snapshots/sample_000038_alltrain.npz
100644 blob af6b0c42d7edd4c4b5353ffaa6f9a19421350802	mapex_lab/experiments/mapex/mpx_p500_001/evaluation/alltrain_snapshots/sample_000039_alltrain.npz
100644 blob 63e6989b3b132efd7d94348f8a87d54b7330f301	mapex_lab/experiments/mapex/mpx_p500_001/evaluation/alltrain_snapshots/sample_000040_alltrain.npz
100644 blob 5bf2a3a2e66975fe22d80618b81063c65aa4b702	mapex_lab/experiments/mapex/mpx_p500_001/evaluation/alltrain_snapshots/sample_000041_alltrain.npz
100644 blob 72cf1242a847d4a06c976c8dcda2dfc1c5085327	mapex_lab/experiments/mapex/mpx_p500_001/evaluation/alltrain_snapshots/sample_000042_alltrain.npz
100644 blob dbec047118fd8d5f6cf83b4a92db3d3f231ec764	mapex_lab/experiments/mapex/mpx_p500_001/evaluation/alltrain_snapshots/sample_000043_alltrain.npz
100644 blob 33de135057af9835d6f25d27b224634c861156c4	mapex_lab/experiments/mapex/mpx_p500_001/evaluation/alltrain_snapshots/sample_000044_alltrain.npz
100644 blob bcf1393d6f1c896a53807c85e665481ac40642bf	mapex_lab/experiments/mapex/mpx_p500_001/evaluation/alltrain_snapshots/sample_000045_alltrain.npz
100644 blob 50fd3b3f63f1b5f77f262fb495e2049ca19b1ae4	mapex_lab/experiments/mapex/mpx_p500_001/evaluation/alltrain_snapshots/sample_000046_alltrain.npz
100644 blob 7665cb1f24026b78b89eeea8bf34b64e8686c245	mapex_lab/experiments/mapex/mpx_p500_001/evaluation/alltrain_snapshots/sample_000047_alltrain.npz
100644 blob f7435b9c9f538d0aab67bf7eda9bcbeb3e70ba5f	mapex_lab/experiments/mapex/mpx_p500_001/evaluation/alltrain_snapshots/sample_000048_alltrain.npz
100644 blob 738ae23f288e8df1e7a8648433659f089e0ae14c	mapex_lab/experiments/mapex/mpx_p500_001/evaluation/alltrain_snapshots/sample_000049_alltrain.npz
100644 blob 3763ae94af40c8d895ea99583fc35b1293eb1e29	mapex_lab/experiments/mapex/mpx_p500_001/evaluation/alltrain_snapshots/sample_000050_alltrain.npz
100644 blob 02d480175b7bff2185e29ff1f906f8597719d82e	mapex_lab/experiments/mapex/mpx_p500_001/evaluation/alltrain_snapshots/sample_000051_alltrain.npz
100644 blob 9fa15d5064300371a3ee9ba1e6b568c85472fc3b	mapex_lab/experiments/mapex/mpx_p500_001/evaluation/alltrain_snapshots/sample_000053_alltrain.npz
100644 blob e02753efa2312019aa3e5f7d27b999f12cd958fd	mapex_lab/experiments/mapex/mpx_p500_001/evaluation/paper500/curve.csv
100644 blob 1800758461845c532fd2d4e31d3d09ddbb649053	mapex_lab/experiments/mapex/mpx_p500_001/evaluation/paper500/evaluation.json
100644 blob 1cdb938e222f655311ee890a3c09808872d525a6	mapex_lab/experiments/mapex/mpx_p500_001/evaluation/paper500/samples.csv
100644 blob 44e2b4f7973d990b6fef164a79510dc374c87f24	mapex_lab/experiments/mapex/mpx_p500_001/goals.csv
100644 blob 728222e48a4eb3020b9e3695191b32abde707b86	mapex_lab/experiments/mapex/mpx_p500_001/maps/paper500_0001_initial_k0000_canvas.npz
100644 blob 0abe052e43ce81cd361a506096ce3c0bfb709dfd	mapex_lab/experiments/mapex/mpx_p500_001/maps/paper500_0001_initial_k0000_raw.npz
100644 blob 4b3f940a86a7801b9dbc73e7986651c85973a7b6	mapex_lab/experiments/mapex/mpx_p500_001/maps/paper500_0002_progress_k0010_canvas.npz
100644 blob 7439e48e96ca630a67e072f120f1de77f744886f	mapex_lab/experiments/mapex/mpx_p500_001/maps/paper500_0002_progress_k0010_raw.npz
100644 blob 3232c8a85183bb26a97fb9d8ccf2c4ebb364efca	mapex_lab/experiments/mapex/mpx_p500_001/maps/paper500_0003_progress_k0020_canvas.npz
100644 blob e67c68a17b644550eab45958045c6f697bbf73b8	mapex_lab/experiments/mapex/mpx_p500_001/maps/paper500_0003_progress_k0020_raw.npz
100644 blob 15740323271741d827890079a4263185ea7bb2e2	mapex_lab/experiments/mapex/mpx_p500_001/maps/paper500_0004_progress_k0030_canvas.npz
100644 blob bd5381b26ecc3c10617a67a1183f045ce648ae13	mapex_lab/experiments/mapex/mpx_p500_001/maps/paper500_0004_progress_k0030_raw.npz
100644 blob 3a589f967fa2ad7ea1ef9309d1e97e2555466fb0	mapex_lab/experiments/mapex/mpx_p500_001/maps/paper500_0005_progress_k0040_canvas.npz
100644 blob 8b674921e93beb3ec9963f922e48927a33051c78	mapex_lab/experiments/mapex/mpx_p500_001/maps/paper500_0005_progress_k0040_raw.npz
100644 blob 24fde0a6ce591a93e8fdd16d823c7e87dbba7412	mapex_lab/experiments/mapex/mpx_p500_001/maps/paper500_0006_progress_k0050_canvas.npz
100644 blob 468fb2392e90d2df98878bd83981e1821ddaf737	mapex_lab/experiments/mapex/mpx_p500_001/maps/paper500_0006_progress_k0050_raw.npz
100644 blob 6d6f9a956863c407ffef9801c6cf4929a0424863	mapex_lab/experiments/mapex/mpx_p500_001/maps/paper500_0007_progress_k0060_canvas.npz
100644 blob 3bf457c7477b7388cd5aed734b3a9b9e47405864	mapex_lab/experiments/mapex/mpx_p500_001/maps/paper500_0007_progress_k0060_raw.npz
100644 blob dd41b56d7e4ddf462748453f391602d9b85f2a8f	mapex_lab/experiments/mapex/mpx_p500_001/maps/paper500_0008_progress_k0070_canvas.npz
100644 blob cc8c2c0a640a551d32986ebc487fb855bf9c9293	mapex_lab/experiments/mapex/mpx_p500_001/maps/paper500_0008_progress_k0070_raw.npz
100644 blob 0cdc0965c0acc0c5c5dee6aa0bea517a56e1103a	mapex_lab/experiments/mapex/mpx_p500_001/maps/paper500_0009_progress_k0080_canvas.npz
100644 blob eb42f721e2d72b6b4258ab5303e7e27d2b45b7b7	mapex_lab/experiments/mapex/mpx_p500_001/maps/paper500_0009_progress_k0080_raw.npz
100644 blob 8c96e22a5f83a536921ea95efaafca0c571fe374	mapex_lab/experiments/mapex/mpx_p500_001/maps/paper500_0010_progress_k0090_canvas.npz
100644 blob 0fd9c21cb4a6e6c65be9aaa845fb0a914f873982	mapex_lab/experiments/mapex/mpx_p500_001/maps/paper500_0010_progress_k0090_raw.npz
100644 blob 97fd6a6b2846cd46d651c2c9438f73fba3a1212e	mapex_lab/experiments/mapex/mpx_p500_001/maps/paper500_0011_progress_k0100_canvas.npz
100644 blob f89f2244c0c5d977fe7db48d2b6ba4cdeed82387	mapex_lab/experiments/mapex/mpx_p500_001/maps/paper500_0011_progress_k0100_raw.npz
100644 blob ad504fac4d1e90c92f7d2f9ed0232c1cdcea5f15	mapex_lab/experiments/mapex/mpx_p500_001/maps/paper500_0012_progress_k0110_canvas.npz
100644 blob 7db41c50ac0f7bdb45f3fc4ed56b54769493956e	mapex_lab/experiments/mapex/mpx_p500_001/maps/paper500_0012_progress_k0110_raw.npz
100644 blob f61dab8f0f095fa8c6600959a979c17664cfec56	mapex_lab/experiments/mapex/mpx_p500_001/maps/paper500_0013_progress_k0120_canvas.npz
100644 blob a99fb2cd082fcf41f237677fa57e62bb85b47727	mapex_lab/experiments/mapex/mpx_p500_001/maps/paper500_0013_progress_k0120_raw.npz
100644 blob a3597f1fdb92a373216806b23e2fec5b20aa2e77	mapex_lab/experiments/mapex/mpx_p500_001/maps/paper500_0014_progress_k0130_canvas.npz
100644 blob 97c392ed470995b8a6c8ac9bb7a65a5d6b035ef0	mapex_lab/experiments/mapex/mpx_p500_001/maps/paper500_0014_progress_k0130_raw.npz
100644 blob 7f276e38f2babcc46ea5b30e57936ea88623f0c4	mapex_lab/experiments/mapex/mpx_p500_001/maps/paper500_0015_progress_k0140_canvas.npz
100644 blob 1bb8cc080bf2516459d369bb43a64b56fd52b7ed	mapex_lab/experiments/mapex/mpx_p500_001/maps/paper500_0015_progress_k0140_raw.npz
100644 blob e58b87d9a0af5e2958af84518159a3800ef530a0	mapex_lab/experiments/mapex/mpx_p500_001/maps/paper500_0016_progress_k0150_canvas.npz
100644 blob c790b4d1b4f118fa630ebc798203a55afd918476	mapex_lab/experiments/mapex/mpx_p500_001/maps/paper500_0016_progress_k0150_raw.npz
100644 blob b6707fbf9786b2f8b1a6e9411c098cf1f3a1e735	mapex_lab/experiments/mapex/mpx_p500_001/maps/paper500_0017_progress_k0160_canvas.npz
100644 blob a438b2af3e49ac7e69d951c70f596f924936303c	mapex_lab/experiments/mapex/mpx_p500_001/maps/paper500_0017_progress_k0160_raw.npz
100644 blob c0958da97a68f9fa30f18259393c6b67a0924cbf	mapex_lab/experiments/mapex/mpx_p500_001/maps/paper500_0018_progress_k0170_canvas.npz
100644 blob d550b4fa68ac0b041713d9a151ca644053337330	mapex_lab/experiments/mapex/mpx_p500_001/maps/paper500_0018_progress_k0170_raw.npz
100644 blob 2369cd185f7cf8a718156ec3d3df58ce8ab99548	mapex_lab/experiments/mapex/mpx_p500_001/maps/paper500_0019_progress_k0180_canvas.npz
100644 blob 85287ced7efcbe4a6905915cf103958dfe8628d1	mapex_lab/experiments/mapex/mpx_p500_001/maps/paper500_0019_progress_k0180_raw.npz
100644 blob 52a52fac3ef3a63a5a5c33b2b49ea7dc530b5e6d	mapex_lab/experiments/mapex/mpx_p500_001/maps/paper500_0020_progress_k0190_canvas.npz
100644 blob bd10f270b7045ef5b644377c7f64b02998f36782	mapex_lab/experiments/mapex/mpx_p500_001/maps/paper500_0020_progress_k0190_raw.npz
100644 blob 57d2de12298c02ddc5dcc8d408004358fb4ab927	mapex_lab/experiments/mapex/mpx_p500_001/maps/paper500_0021_progress_k0200_canvas.npz
100644 blob 39b0431e9b53807a42ed740768465d04e3ff2c07	mapex_lab/experiments/mapex/mpx_p500_001/maps/paper500_0021_progress_k0200_raw.npz
100644 blob a203ef73ca8412f0aa38336ebf9c71b6fa9c194d	mapex_lab/experiments/mapex/mpx_p500_001/maps/paper500_0022_progress_k0210_canvas.npz
100644 blob 01d4e88872d95eb7e0929e54591df3bbdc4adf65	mapex_lab/experiments/mapex/mpx_p500_001/maps/paper500_0022_progress_k0210_raw.npz
100644 blob 6704477aaa5e94b65f83f0c6c80a779d6bc08960	mapex_lab/experiments/mapex/mpx_p500_001/maps/paper500_0023_progress_k0220_canvas.npz
100644 blob 633aefb1810546165caaf30ca0f9f48b51655ec4	mapex_lab/experiments/mapex/mpx_p500_001/maps/paper500_0023_progress_k0220_raw.npz
100644 blob d82c2f2a7acbd742865d1c27fa93ae2a268dc8b1	mapex_lab/experiments/mapex/mpx_p500_001/maps/paper500_0024_progress_k0230_canvas.npz
100644 blob d313dcab18e8180b16bf456379542fb0c8c5581f	mapex_lab/experiments/mapex/mpx_p500_001/maps/paper500_0024_progress_k0230_raw.npz
100644 blob 1e0f1a4011d5842102ed613bd8a91502a8c67fb4	mapex_lab/experiments/mapex/mpx_p500_001/maps/paper500_0025_progress_k0240_canvas.npz
100644 blob 7eff0bf3baf01ed61392651d72921bca17ee8d30	mapex_lab/experiments/mapex/mpx_p500_001/maps/paper500_0025_progress_k0240_raw.npz
100644 blob 05db0bfbe2cd8101d31963376379db177cb8a071	mapex_lab/experiments/mapex/mpx_p500_001/maps/paper500_0026_progress_k0250_canvas.npz
100644 blob 86a11ae7a2d6904074c97f265d93b628b4045b91	mapex_lab/experiments/mapex/mpx_p500_001/maps/paper500_0026_progress_k0250_raw.npz
100644 blob 953b03989ba83ba01a63e55e636c1a853a900572	mapex_lab/experiments/mapex/mpx_p500_001/maps/paper500_0027_progress_k0260_canvas.npz
100644 blob 30e77da787b02640d6b26f040f7cc401e4537fb6	mapex_lab/experiments/mapex/mpx_p500_001/maps/paper500_0027_progress_k0260_raw.npz
100644 blob 11eccaddf1a3efd9ee8fa2df85768f36814c244e	mapex_lab/experiments/mapex/mpx_p500_001/maps/paper500_0028_progress_k0270_canvas.npz
100644 blob d43c83925096d933dfd2d81336450062576f4b4f	mapex_lab/experiments/mapex/mpx_p500_001/maps/paper500_0028_progress_k0270_raw.npz
100644 blob ae5c388ee61115bc23f06be2987f13eb48eafe0c	mapex_lab/experiments/mapex/mpx_p500_001/maps/paper500_0029_progress_k0280_canvas.npz
100644 blob 20d3812f4138e95d34a0c9c11f9e67b7177ccf0d	mapex_lab/experiments/mapex/mpx_p500_001/maps/paper500_0029_progress_k0280_raw.npz
100644 blob 17fad135b55169214c47d6e1ddac38ab713a865c	mapex_lab/experiments/mapex/mpx_p500_001/maps/paper500_0030_progress_k0290_canvas.npz
100644 blob 55c9c59e0437cf9ae71c185d664bcc75aa6922cc	mapex_lab/experiments/mapex/mpx_p500_001/maps/paper500_0030_progress_k0290_raw.npz
100644 blob 43b5f35746f96a3577edc50f03717a7abdce1a6e	mapex_lab/experiments/mapex/mpx_p500_001/maps/paper500_0031_progress_k0300_canvas.npz
100644 blob 893a0babba7eac2d8773c0cbbdaf197aad7a6eae	mapex_lab/experiments/mapex/mpx_p500_001/maps/paper500_0031_progress_k0300_raw.npz
100644 blob a852049d9a1aa691e81fd72eca8624b0494e8fb6	mapex_lab/experiments/mapex/mpx_p500_001/maps/paper500_0032_progress_k0310_canvas.npz
100644 blob 21da4b7e5966f0d37213daa7e40d12e4c846b85b	mapex_lab/experiments/mapex/mpx_p500_001/maps/paper500_0032_progress_k0310_raw.npz
100644 blob a45e5292f225e4bb026ca07ecd33688e3accec4c	mapex_lab/experiments/mapex/mpx_p500_001/maps/paper500_0033_progress_k0320_canvas.npz
100644 blob 64b4cf6c859e3416ba833bd1832a78c5dda6ae78	mapex_lab/experiments/mapex/mpx_p500_001/maps/paper500_0033_progress_k0320_raw.npz
100644 blob 2b3ec42e6955b30aa3afdc4afa6d6a91a1b9d820	mapex_lab/experiments/mapex/mpx_p500_001/maps/paper500_0034_progress_k0330_canvas.npz
100644 blob 08129ded99a05ac4a190a181937554cbea65af00	mapex_lab/experiments/mapex/mpx_p500_001/maps/paper500_0034_progress_k0330_raw.npz
100644 blob fd6024c3c456f2a3222b5acb0e4541d49fe2de78	mapex_lab/experiments/mapex/mpx_p500_001/maps/paper500_0035_progress_k0340_canvas.npz
100644 blob 8a808e4eca7ca5c8359c93b1621f32c2cc342c67	mapex_lab/experiments/mapex/mpx_p500_001/maps/paper500_0035_progress_k0340_raw.npz
100644 blob 87eaf301c06e8c1c8b066913c8df7f9753b96f10	mapex_lab/experiments/mapex/mpx_p500_001/maps/paper500_0036_progress_k0350_canvas.npz
100644 blob 278081c2337d3176ca766fa0fa3438658a53127b	mapex_lab/experiments/mapex/mpx_p500_001/maps/paper500_0036_progress_k0350_raw.npz
100644 blob 38c6a88b9df0ef960713557a2726513572436c9f	mapex_lab/experiments/mapex/mpx_p500_001/maps/paper500_0037_progress_k0360_canvas.npz
100644 blob add610fdcb7f6462cbdb3028c53cc608508d270d	mapex_lab/experiments/mapex/mpx_p500_001/maps/paper500_0037_progress_k0360_raw.npz
100644 blob b16e69310b3fa1ed13d3916e6d182301b7ea193a	mapex_lab/experiments/mapex/mpx_p500_001/maps/paper500_0038_progress_k0370_canvas.npz
100644 blob c8ab6d2459d76b11f4987f9507748083386cc94d	mapex_lab/experiments/mapex/mpx_p500_001/maps/paper500_0038_progress_k0370_raw.npz
100644 blob faa22e62ac379ba54d66545c4ec0aedeec49d88e	mapex_lab/experiments/mapex/mpx_p500_001/maps/paper500_0039_progress_k0380_canvas.npz
100644 blob 3c9a40c9d5a8124989661c204d49a87209eee332	mapex_lab/experiments/mapex/mpx_p500_001/maps/paper500_0039_progress_k0380_raw.npz
100644 blob a32e364cac6353ca5b880b462901a334b4daae97	mapex_lab/experiments/mapex/mpx_p500_001/maps/paper500_0040_progress_k0390_canvas.npz
100644 blob b62d0995e861c084e25b097aa90288e42b8aa0a3	mapex_lab/experiments/mapex/mpx_p500_001/maps/paper500_0040_progress_k0390_raw.npz
100644 blob 034f18200b95bd6a25911b58287f1cf1482f061d	mapex_lab/experiments/mapex/mpx_p500_001/maps/paper500_0041_progress_k0400_canvas.npz
100644 blob 412b1ddab9960b82fb8e9da8a1c1495a431ca92f	mapex_lab/experiments/mapex/mpx_p500_001/maps/paper500_0041_progress_k0400_raw.npz
100644 blob c153353a0bc7f0fc6ea39ff8cdb35d0eb296c5d3	mapex_lab/experiments/mapex/mpx_p500_001/maps/paper500_0042_progress_k0410_canvas.npz
100644 blob f0ad81e8b738f67d0643cfdde235df1a30d77815	mapex_lab/experiments/mapex/mpx_p500_001/maps/paper500_0042_progress_k0410_raw.npz
100644 blob 39d7a62ec3a26d7757c16d53aea8c20590dd0a1f	mapex_lab/experiments/mapex/mpx_p500_001/maps/paper500_0043_progress_k0420_canvas.npz
100644 blob c91fef63bfa207d23369d4b6f977ac0d0fd66973	mapex_lab/experiments/mapex/mpx_p500_001/maps/paper500_0043_progress_k0420_raw.npz
100644 blob 711918adafdb409070b84f6d5389bdfa0ebafd39	mapex_lab/experiments/mapex/mpx_p500_001/maps/paper500_0044_progress_k0430_canvas.npz
100644 blob cfd6e38878259484cea0b530aeb56e1a51db0b5b	mapex_lab/experiments/mapex/mpx_p500_001/maps/paper500_0044_progress_k0430_raw.npz
100644 blob e3d3a405e89f9cd4b8e594e733292190676c80b9	mapex_lab/experiments/mapex/mpx_p500_001/maps/paper500_0045_progress_k0440_canvas.npz
100644 blob 5a609e7b30f4e34245f182bbd9962bfda2b711e6	mapex_lab/experiments/mapex/mpx_p500_001/maps/paper500_0045_progress_k0440_raw.npz
100644 blob 180fcf7e0e5414de7b5cf81b46ac8edc5a0b8943	mapex_lab/experiments/mapex/mpx_p500_001/maps/paper500_0046_progress_k0450_canvas.npz
100644 blob 66c14e9c6f70d108443ce930a89cf410d0ba464c	mapex_lab/experiments/mapex/mpx_p500_001/maps/paper500_0046_progress_k0450_raw.npz
100644 blob ff3f662bec4e6ef1908c38de36bed85cdcc34b46	mapex_lab/experiments/mapex/mpx_p500_001/maps/paper500_0047_progress_k0460_canvas.npz
100644 blob ef7d6292287dec2456a2ac96e6b12a7ade5dad5a	mapex_lab/experiments/mapex/mpx_p500_001/maps/paper500_0047_progress_k0460_raw.npz
100644 blob 35236ceb8adee4d61a79855a455e8aafb2d780a6	mapex_lab/experiments/mapex/mpx_p500_001/maps/paper500_0048_progress_k0470_canvas.npz
100644 blob 4c39bcfb0d331e95bfb54137e82ee4e64c0e8e8c	mapex_lab/experiments/mapex/mpx_p500_001/maps/paper500_0048_progress_k0470_raw.npz
100644 blob 1ac3016beb5b98be8c81584eecfad5fdd0d82cb6	mapex_lab/experiments/mapex/mpx_p500_001/maps/paper500_0049_progress_k0480_canvas.npz
100644 blob e8cff9c650e0301a0f550e7b21d2c949dfb99779	mapex_lab/experiments/mapex/mpx_p500_001/maps/paper500_0049_progress_k0480_raw.npz
100644 blob 7ff9424671c3f07967da1e2b90b391fa813345ad	mapex_lab/experiments/mapex/mpx_p500_001/maps/paper500_0050_progress_k0490_canvas.npz
100644 blob a6471b9f579731504252d8ac1eb1701896864399	mapex_lab/experiments/mapex/mpx_p500_001/maps/paper500_0050_progress_k0490_raw.npz
100644 blob e4e033ed0c40da6c6eaedcb2afcb4adcf806b26b	mapex_lab/experiments/mapex/mpx_p500_001/maps/paper500_0051_progress_k0500_canvas.npz
100644 blob 1a8804db961292f939de40d1ab53cc1a63c6e2d8	mapex_lab/experiments/mapex/mpx_p500_001/maps/paper500_0051_progress_k0500_raw.npz
100644 blob e4e033ed0c40da6c6eaedcb2afcb4adcf806b26b	mapex_lab/experiments/mapex/mpx_p500_001/maps/paper500_0052_budget_cutoff_k0500_canvas.npz
100644 blob 1a8804db961292f939de40d1ab53cc1a63c6e2d8	mapex_lab/experiments/mapex/mpx_p500_001/maps/paper500_0052_budget_cutoff_k0500_raw.npz
100644 blob 449847b10b6869789069b43bbd6c9e0ecf622dc6	mapex_lab/experiments/mapex/mpx_p500_001/maps/paper500_0053_post_cancellation_k0500_canvas.npz
100644 blob 2a0bcabaf09c58a041c8693121a06180b7689bb5	mapex_lab/experiments/mapex/mpx_p500_001/maps/paper500_0053_post_cancellation_k0500_raw.npz
100644 blob 728222e48a4eb3020b9e3695191b32abde707b86	mapex_lab/experiments/mapex/mpx_p500_001/maps/snapshot_000001_periodic_canvas.npz
100644 blob 0abe052e43ce81cd361a506096ce3c0bfb709dfd	mapex_lab/experiments/mapex/mpx_p500_001/maps/snapshot_000001_periodic_raw.npz
100644 blob 182095f90751c7e2332238a9d201b80226e395e6	mapex_lab/experiments/mapex/mpx_p500_001/maps/snapshot_000002_periodic_canvas.npz
100644 blob dcda3aa76399f9a64121450861afced3aa74d4e4	mapex_lab/experiments/mapex/mpx_p500_001/maps/snapshot_000002_periodic_raw.npz
100644 blob 7c71dec848685e9f671181e76a40c4d6a173309d	mapex_lab/experiments/mapex/mpx_p500_001/maps/snapshot_000003_periodic_canvas.npz
100644 blob ef6da61ca0776b978ba95198066f83051f190a4a	mapex_lab/experiments/mapex/mpx_p500_001/maps/snapshot_000003_periodic_raw.npz
100644 blob 87a734b873d3727237c48e361442f25c0d4b23e6	mapex_lab/experiments/mapex/mpx_p500_001/maps/snapshot_000004_periodic_canvas.npz
100644 blob f63aaed151effdf27f0a1dd7d2ff4b36ba7a88f6	mapex_lab/experiments/mapex/mpx_p500_001/maps/snapshot_000004_periodic_raw.npz
100644 blob 3a589f967fa2ad7ea1ef9309d1e97e2555466fb0	mapex_lab/experiments/mapex/mpx_p500_001/maps/snapshot_000005_periodic_canvas.npz
100644 blob 8b674921e93beb3ec9963f922e48927a33051c78	mapex_lab/experiments/mapex/mpx_p500_001/maps/snapshot_000005_periodic_raw.npz
100644 blob b198db9d9b5ab924defc5bc193a4ce702e57e3e2	mapex_lab/experiments/mapex/mpx_p500_001/maps/snapshot_000006_periodic_canvas.npz
100644 blob 2e5deb7d5be118420ac2aca59bc4082cbae68ec3	mapex_lab/experiments/mapex/mpx_p500_001/maps/snapshot_000006_periodic_raw.npz
100644 blob 04931c019e56c3099e480917ed5424638b336c67	mapex_lab/experiments/mapex/mpx_p500_001/maps/snapshot_000007_periodic_canvas.npz
100644 blob 76e0fb78c0dc027a174ab4a0081c7e3c425ecced	mapex_lab/experiments/mapex/mpx_p500_001/maps/snapshot_000007_periodic_raw.npz
100644 blob b35dec7219a8df4b3395893edf3a6229bae5791d	mapex_lab/experiments/mapex/mpx_p500_001/maps/snapshot_000008_periodic_canvas.npz
100644 blob 23a047762419797495a3e306db6a7a17f90064dc	mapex_lab/experiments/mapex/mpx_p500_001/maps/snapshot_000008_periodic_raw.npz
100644 blob e819e53c19e81207cbdf43f269ecc34a6b7af124	mapex_lab/experiments/mapex/mpx_p500_001/maps/snapshot_000009_periodic_canvas.npz
100644 blob a7f3af4b4f66998503aa8f2f1f774c3626844c8d	mapex_lab/experiments/mapex/mpx_p500_001/maps/snapshot_000009_periodic_raw.npz
100644 blob 463c4edda5b8a6d8e1b8e502ebe3ab65dbcb4581	mapex_lab/experiments/mapex/mpx_p500_001/maps/snapshot_000010_periodic_canvas.npz
100644 blob b403e1c88b2f96e6d2d2f1d0f00064ace2634b84	mapex_lab/experiments/mapex/mpx_p500_001/maps/snapshot_000010_periodic_raw.npz
100644 blob 1d90fae4a6139b45403209ff95020929846a461a	mapex_lab/experiments/mapex/mpx_p500_001/maps/snapshot_000011_periodic_canvas.npz
100644 blob 77068a2b94028603ac7912c41e5d0693b22122ca	mapex_lab/experiments/mapex/mpx_p500_001/maps/snapshot_000011_periodic_raw.npz
100644 blob 6e1901290141b375a13513e22265a42bf1c90aeb	mapex_lab/experiments/mapex/mpx_p500_001/maps/snapshot_000012_periodic_canvas.npz
100644 blob 94e10520b50e2bc53ad333dc48d5b30281c7a76d	mapex_lab/experiments/mapex/mpx_p500_001/maps/snapshot_000012_periodic_raw.npz
100644 blob 2be4a5afdd4830a47b904d54d797e95a58ccf6b1	mapex_lab/experiments/mapex/mpx_p500_001/maps/snapshot_000013_periodic_canvas.npz
100644 blob dce3eddcd9d3789fbfb0c9e33cf051ee9839542e	mapex_lab/experiments/mapex/mpx_p500_001/maps/snapshot_000013_periodic_raw.npz
100644 blob 4266e9951511357254572c4210649fd11ea55e5d	mapex_lab/experiments/mapex/mpx_p500_001/maps/snapshot_000014_periodic_canvas.npz
100644 blob c1648c63d473c7398463f1b3308a2b9b2f977adb	mapex_lab/experiments/mapex/mpx_p500_001/maps/snapshot_000014_periodic_raw.npz
100644 blob 8453abc1af680e5a77c1bc5cb6112a868cad52ac	mapex_lab/experiments/mapex/mpx_p500_001/maps/snapshot_000015_periodic_canvas.npz
100644 blob 80860d2d37c93a43b1742f8f960c72f22aaaef2a	mapex_lab/experiments/mapex/mpx_p500_001/maps/snapshot_000015_periodic_raw.npz
100644 blob e58b87d9a0af5e2958af84518159a3800ef530a0	mapex_lab/experiments/mapex/mpx_p500_001/maps/snapshot_000016_periodic_canvas.npz
100644 blob c790b4d1b4f118fa630ebc798203a55afd918476	mapex_lab/experiments/mapex/mpx_p500_001/maps/snapshot_000016_periodic_raw.npz
100644 blob 11ff4c6e390b8ba92d8b088b015d76fae96d23fd	mapex_lab/experiments/mapex/mpx_p500_001/maps/snapshot_000017_periodic_canvas.npz
100644 blob 04aa07197fc90d8d90d87a44dac5974e2f0c4862	mapex_lab/experiments/mapex/mpx_p500_001/maps/snapshot_000017_periodic_raw.npz
100644 blob 00c3fa1f39e0964e5e72955035c4c53de95d84b1	mapex_lab/experiments/mapex/mpx_p500_001/maps/snapshot_000018_periodic_canvas.npz
100644 blob 847e0065825075bdac78c45990ea6a5333538922	mapex_lab/experiments/mapex/mpx_p500_001/maps/snapshot_000018_periodic_raw.npz
100644 blob b30b3fa6c976d70d7301721b661a969dd31988f1	mapex_lab/experiments/mapex/mpx_p500_001/maps/snapshot_000019_periodic_canvas.npz
100644 blob 950d600aab746a479555445e5fa256f108e1e400	mapex_lab/experiments/mapex/mpx_p500_001/maps/snapshot_000019_periodic_raw.npz
100644 blob f2a2be0d46b47711f19044f652c6cfc204db4f8d	mapex_lab/experiments/mapex/mpx_p500_001/maps/snapshot_000020_periodic_canvas.npz
100644 blob 8b39748aaef6fd8609949d5caf80d2af0932375b	mapex_lab/experiments/mapex/mpx_p500_001/maps/snapshot_000020_periodic_raw.npz
100644 blob c1e31c0ac4bd6e13e747eff9e046f097272eca7c	mapex_lab/experiments/mapex/mpx_p500_001/maps/snapshot_000021_periodic_canvas.npz
100644 blob 155e8c52f667204f447aa101c2573fb01b8a8a70	mapex_lab/experiments/mapex/mpx_p500_001/maps/snapshot_000021_periodic_raw.npz
100644 blob 46c33eb833ec9605599269be451b7b2b9ac6173e	mapex_lab/experiments/mapex/mpx_p500_001/maps/snapshot_000022_periodic_canvas.npz
100644 blob 07b83794147d7179d630d0e54d5ca332a2e0a8f9	mapex_lab/experiments/mapex/mpx_p500_001/maps/snapshot_000022_periodic_raw.npz
100644 blob 2369cd185f7cf8a718156ec3d3df58ce8ab99548	mapex_lab/experiments/mapex/mpx_p500_001/maps/snapshot_000023_periodic_canvas.npz
100644 blob 85287ced7efcbe4a6905915cf103958dfe8628d1	mapex_lab/experiments/mapex/mpx_p500_001/maps/snapshot_000023_periodic_raw.npz
100644 blob 82326b18352da996c9520009dbb14bc15c66f798	mapex_lab/experiments/mapex/mpx_p500_001/maps/snapshot_000024_periodic_canvas.npz
100644 blob 3bc1d6f2e13fc24b89d7b9247bbffb6df9cbb6ea	mapex_lab/experiments/mapex/mpx_p500_001/maps/snapshot_000024_periodic_raw.npz
100644 blob c1eadad53e80a490c7a11454b4ca9678d41c8d65	mapex_lab/experiments/mapex/mpx_p500_001/maps/snapshot_000025_periodic_canvas.npz
100644 blob 665ea7793d254fa65398cf6ac26420cce4af4afa	mapex_lab/experiments/mapex/mpx_p500_001/maps/snapshot_000025_periodic_raw.npz
100644 blob ef6855aa9636720880314f06bf9808543f7cceed	mapex_lab/experiments/mapex/mpx_p500_001/maps/snapshot_000026_periodic_canvas.npz
100644 blob d364458c2e8fca6b69547710183817e01d491964	mapex_lab/experiments/mapex/mpx_p500_001/maps/snapshot_000026_periodic_raw.npz
100644 blob ac28ce4431f02dd7e3358aae90e584c7558578df	mapex_lab/experiments/mapex/mpx_p500_001/maps/snapshot_000027_periodic_canvas.npz
100644 blob 798e30de7aedd523d2123ee154090ebb290af4a2	mapex_lab/experiments/mapex/mpx_p500_001/maps/snapshot_000027_periodic_raw.npz
100644 blob c783f471d1564ac598950d1fa28804eee408599f	mapex_lab/experiments/mapex/mpx_p500_001/maps/snapshot_000028_periodic_canvas.npz
100644 blob 97fb136f0302013dacd089f14b8ab9e378096cf2	mapex_lab/experiments/mapex/mpx_p500_001/maps/snapshot_000028_periodic_raw.npz
100644 blob aa50ff8df4ea86cea7e6f7cbe1d7e600e935807c	mapex_lab/experiments/mapex/mpx_p500_001/maps/snapshot_000029_periodic_canvas.npz
100644 blob 4c0801f806b87a0b33894c0cc7f1dbb65a7252a3	mapex_lab/experiments/mapex/mpx_p500_001/maps/snapshot_000029_periodic_raw.npz
100644 blob ac329be9185d6f26e82394c5ce611fbddbabb660	mapex_lab/experiments/mapex/mpx_p500_001/maps/snapshot_000030_periodic_canvas.npz
100644 blob 23f579d86f45568aed2678d32c55fd304be543b5	mapex_lab/experiments/mapex/mpx_p500_001/maps/snapshot_000030_periodic_raw.npz
100644 blob a8672a9cef2e6c30481da84f531af3f3ff84b016	mapex_lab/experiments/mapex/mpx_p500_001/maps/snapshot_000031_periodic_canvas.npz
100644 blob 631608e8f3f6c9a8527be7b145a03596734afde1	mapex_lab/experiments/mapex/mpx_p500_001/maps/snapshot_000031_periodic_raw.npz
100644 blob 576d3a57a4a9e33d4d595f8b24fa4e6eb4ed8b9c	mapex_lab/experiments/mapex/mpx_p500_001/maps/snapshot_000032_periodic_canvas.npz
100644 blob a9916b661c3c71afd0431f07a63110321b3dd3e6	mapex_lab/experiments/mapex/mpx_p500_001/maps/snapshot_000032_periodic_raw.npz
100644 blob 43b5f35746f96a3577edc50f03717a7abdce1a6e	mapex_lab/experiments/mapex/mpx_p500_001/maps/snapshot_000033_periodic_canvas.npz
100644 blob 893a0babba7eac2d8773c0cbbdaf197aad7a6eae	mapex_lab/experiments/mapex/mpx_p500_001/maps/snapshot_000033_periodic_raw.npz
100644 blob e6ab0531020a9eaf08abafce1d7470eaf5b2d069	mapex_lab/experiments/mapex/mpx_p500_001/maps/snapshot_000034_periodic_canvas.npz
100644 blob 0158600aa0bc7fb2ad2f95f792213fab512c07e9	mapex_lab/experiments/mapex/mpx_p500_001/maps/snapshot_000034_periodic_raw.npz
100644 blob 91ff3e8640f6881aa893fba2eff6872dcccc8b59	mapex_lab/experiments/mapex/mpx_p500_001/maps/snapshot_000035_periodic_canvas.npz
100644 blob 4f5050bb61810c8028f74e13ff03f73cec09bcb2	mapex_lab/experiments/mapex/mpx_p500_001/maps/snapshot_000035_periodic_raw.npz
100644 blob d55bd259640e2e770b2c922a0d6901a1cae47954	mapex_lab/experiments/mapex/mpx_p500_001/maps/snapshot_000036_periodic_canvas.npz
100644 blob ef97cf5b54b97b77215baa4df02d09d16f8519e8	mapex_lab/experiments/mapex/mpx_p500_001/maps/snapshot_000036_periodic_raw.npz
100644 blob 38c6a88b9df0ef960713557a2726513572436c9f	mapex_lab/experiments/mapex/mpx_p500_001/maps/snapshot_000037_periodic_canvas.npz
100644 blob add610fdcb7f6462cbdb3028c53cc608508d270d	mapex_lab/experiments/mapex/mpx_p500_001/maps/snapshot_000037_periodic_raw.npz
100644 blob 7faea5c45904d0bca47e6466444a5b9d4d8e749c	mapex_lab/experiments/mapex/mpx_p500_001/maps/snapshot_000038_periodic_canvas.npz
100644 blob dd134e5b012a9ef7e9fc0715385b93385e292454	mapex_lab/experiments/mapex/mpx_p500_001/maps/snapshot_000038_periodic_raw.npz
100644 blob 8293f4ea43eee58af4f755006e694cd1d93e5129	mapex_lab/experiments/mapex/mpx_p500_001/maps/snapshot_000039_periodic_canvas.npz
100644 blob ca30cbc2d3d86654121185749316905d4dea02ca	mapex_lab/experiments/mapex/mpx_p500_001/maps/snapshot_000039_periodic_raw.npz
100644 blob 034f18200b95bd6a25911b58287f1cf1482f061d	mapex_lab/experiments/mapex/mpx_p500_001/maps/snapshot_000040_periodic_canvas.npz
100644 blob 412b1ddab9960b82fb8e9da8a1c1495a431ca92f	mapex_lab/experiments/mapex/mpx_p500_001/maps/snapshot_000040_periodic_raw.npz
100644 blob ed9f14e230d8ea549b6ac658593caa1a97bc1956	mapex_lab/experiments/mapex/mpx_p500_001/maps/snapshot_000041_periodic_canvas.npz
100644 blob d7c6528f3115a93268a9fba9c983441b06f17e71	mapex_lab/experiments/mapex/mpx_p500_001/maps/snapshot_000041_periodic_raw.npz
100644 blob 39ae33ba4663c1835d760f2ba86e6c8387ef83ff	mapex_lab/experiments/mapex/mpx_p500_001/maps/snapshot_000042_periodic_canvas.npz
100644 blob d25fa534ae59c672ff311e7e05cbeb387bce6eeb	mapex_lab/experiments/mapex/mpx_p500_001/maps/snapshot_000042_periodic_raw.npz
100644 blob e3d3a405e89f9cd4b8e594e733292190676c80b9	mapex_lab/experiments/mapex/mpx_p500_001/maps/snapshot_000043_periodic_canvas.npz
100644 blob 5a609e7b30f4e34245f182bbd9962bfda2b711e6	mapex_lab/experiments/mapex/mpx_p500_001/maps/snapshot_000043_periodic_raw.npz
100644 blob 4fe03941ae7e34e102aa578e0c2e9ac280fe1e02	mapex_lab/experiments/mapex/mpx_p500_001/maps/snapshot_000044_periodic_canvas.npz
100644 blob 4a5b4a1ab21e106e2918f9e4e0575765c5596354	mapex_lab/experiments/mapex/mpx_p500_001/maps/snapshot_000044_periodic_raw.npz
100644 blob 050b0bc120a620eab6f92377f7c5310f7fb5b159	mapex_lab/experiments/mapex/mpx_p500_001/maps/snapshot_000045_periodic_canvas.npz
100644 blob ada56b1b5fa158f78022bd8b21528936248a963b	mapex_lab/experiments/mapex/mpx_p500_001/maps/snapshot_000045_periodic_raw.npz
100644 blob 1ac3016beb5b98be8c81584eecfad5fdd0d82cb6	mapex_lab/experiments/mapex/mpx_p500_001/maps/snapshot_000046_periodic_canvas.npz
100644 blob e8cff9c650e0301a0f550e7b21d2c949dfb99779	mapex_lab/experiments/mapex/mpx_p500_001/maps/snapshot_000046_periodic_raw.npz
100644 blob 1c83c3ce9941f90aef8e552953ece397e0d1bbf6	mapex_lab/experiments/mapex/mpx_p500_001/maps/snapshot_000047_periodic_canvas.npz
100644 blob 9612e426e0828240dfceeb417354d892f5ae11b4	mapex_lab/experiments/mapex/mpx_p500_001/maps/snapshot_000047_periodic_raw.npz
100644 blob 449847b10b6869789069b43bbd6c9e0ecf622dc6	mapex_lab/experiments/mapex/mpx_p500_001/maps/snapshot_000048_final_canvas.npz
100644 blob 2a0bcabaf09c58a041c8693121a06180b7689bb5	mapex_lab/experiments/mapex/mpx_p500_001/maps/snapshot_000048_final_raw.npz
100644 blob d376c46c8db1ad46323f2c096ff806aaaca9d772	mapex_lab/experiments/mapex/mpx_p500_001/metadata.json
100644 blob 789293e17ddb4f112b6bcabd0f1b38418d943ec0	mapex_lab/experiments/mapex/mpx_p500_001/metrics.csv
100644 blob 97a16605d32939e91a11ead1c8f362041cbac48b	mapex_lab/experiments/mapex/mpx_p500_001/paper500_snapshots.csv
100644 blob 0b218b5c478a6df8dd51ecbf93412dbe063a6ced	mapex_lab/experiments/mapex/mpx_p500_001/plans.csv
100644 blob dab8d299a34272a283d671447be4755fb863873a	mapex_lab/experiments/mapex/mpx_p500_001/policy_decisions.csv
100644 blob 287b6dbd6c50ff1552dea0bd66f663732f26752b	mapex_lab/experiments/mapex/mpx_p500_001/predictions/decision_000001_g1.npz
100644 blob d288d6970140b57eb9d5a5db18ccda68ac6d7084	mapex_lab/experiments/mapex/mpx_p500_001/predictions/decision_000001_g2.npz
100644 blob e1a3ef5e4ac94fa969c846165a2cfd5ac1d51531	mapex_lab/experiments/mapex/mpx_p500_001/predictions/decision_000001_g3.npz
100644 blob 5e60fb84d9fa9e5cbbcd6b706a6e8047bce169c7	mapex_lab/experiments/mapex/mpx_p500_001/predictions/decision_000001_mean.npz
100644 blob ec3c53ab4018b26dab7259b1356649958ec5daf7	mapex_lab/experiments/mapex/mpx_p500_001/predictions/decision_000001_variance.npz
100644 blob f40ca51636904d69ae95448e3dc7df819e2a4f1c	mapex_lab/experiments/mapex/mpx_p500_001/predictions/decision_000002_g1.npz
100644 blob be90ee8c026014fd21805563ecc505a60cf3f729	mapex_lab/experiments/mapex/mpx_p500_001/predictions/decision_000002_g2.npz
100644 blob 1533c856a01cedab71679af4c0eedb2add6f7449	mapex_lab/experiments/mapex/mpx_p500_001/predictions/decision_000002_g3.npz
100644 blob 40674c6e36574bf98a98c3f525afd860b82a35ce	mapex_lab/experiments/mapex/mpx_p500_001/predictions/decision_000002_mean.npz
100644 blob a34429e0190c58513f961058c5bc2eff9502e5fd	mapex_lab/experiments/mapex/mpx_p500_001/predictions/decision_000002_variance.npz
100644 blob bb3f24f2fd24f5b4c5b7d84485bcd82e7b15973f	mapex_lab/experiments/mapex/mpx_p500_001/predictions/decision_000003_g1.npz
100644 blob 3ffbd4f22f75cee2974d05b9ca0d6aa310b42e50	mapex_lab/experiments/mapex/mpx_p500_001/predictions/decision_000003_g2.npz
100644 blob 1b04253f941ea558b424669ea9c162a078b34695	mapex_lab/experiments/mapex/mpx_p500_001/predictions/decision_000003_g3.npz
100644 blob efb18979ff1684184439a3d269439ecab78daa81	mapex_lab/experiments/mapex/mpx_p500_001/predictions/decision_000003_mean.npz
100644 blob 2ac122f3c2af11da635ad52f62338807de71bdba	mapex_lab/experiments/mapex/mpx_p500_001/predictions/decision_000003_variance.npz
100644 blob e308b1a2375f8e5bad4fd438a5f6d9f101340002	mapex_lab/experiments/mapex/mpx_p500_001/predictions/decision_000004_g1.npz
100644 blob 0d4b339e1d833e296787a10a5e7c57540ceb8727	mapex_lab/experiments/mapex/mpx_p500_001/predictions/decision_000004_g2.npz
100644 blob 074d641a30617cd657cccbbb6c98bc3769d0e762	mapex_lab/experiments/mapex/mpx_p500_001/predictions/decision_000004_g3.npz
100644 blob a0a906630dcc5a7c1db8aad75468964039496321	mapex_lab/experiments/mapex/mpx_p500_001/predictions/decision_000004_mean.npz
100644 blob 8a0fa99c9693f43955c9ad32d4c95c6a66310849	mapex_lab/experiments/mapex/mpx_p500_001/predictions/decision_000004_variance.npz
100644 blob 791101e685c4af574aa535dccccc1387238edfae	mapex_lab/experiments/mapex/mpx_p500_001/predictions/decision_000005_g1.npz
100644 blob 208f293ff1fc6a0ce2c9fd199088b97f1fc92437	mapex_lab/experiments/mapex/mpx_p500_001/predictions/decision_000005_g2.npz
100644 blob 0a5ede04229fd74ef5442cfc5508a8cf90e4d41a	mapex_lab/experiments/mapex/mpx_p500_001/predictions/decision_000005_g3.npz
100644 blob c8c86a306fae2fc26529731ad5b83051432f1aed	mapex_lab/experiments/mapex/mpx_p500_001/predictions/decision_000005_mean.npz
100644 blob 895677dfe34697164d6d4c80dccacae927cf99d3	mapex_lab/experiments/mapex/mpx_p500_001/predictions/decision_000005_variance.npz
100644 blob 324c1369ba795071a703715451ca2deedd86feb4	mapex_lab/experiments/mapex/mpx_p500_001/predictions/decision_000006_g1.npz
100644 blob 8c32debeb56842a3399996e381977f27b6ddab79	mapex_lab/experiments/mapex/mpx_p500_001/predictions/decision_000006_g2.npz
100644 blob 04407f15c52e07c664f56064de487d6bf4ae07c1	mapex_lab/experiments/mapex/mpx_p500_001/predictions/decision_000006_g3.npz
100644 blob eebdbd1acd7fa2ab3433c84a06e3296ca3d16bda	mapex_lab/experiments/mapex/mpx_p500_001/predictions/decision_000006_mean.npz
100644 blob 153e70b349b4915b333ca7a2c2b29b9091b6fc26	mapex_lab/experiments/mapex/mpx_p500_001/predictions/decision_000006_variance.npz
100644 blob 7574c25455fabba0504e759b3092b828e2027735	mapex_lab/experiments/mapex/mpx_p500_001/predictions/decision_000007_g1.npz
100644 blob 5eff36189552369998ecc208fd4cb7ed2490d894	mapex_lab/experiments/mapex/mpx_p500_001/predictions/decision_000007_g2.npz
100644 blob d1b98f85262f111160890f98949f0c7a6a9dd35e	mapex_lab/experiments/mapex/mpx_p500_001/predictions/decision_000007_g3.npz
100644 blob 5609956f51b2c2dba5c840c20c0185bdab241672	mapex_lab/experiments/mapex/mpx_p500_001/predictions/decision_000007_mean.npz
100644 blob 7189de50cbef3a8bfb880cee444e55515f44d7b8	mapex_lab/experiments/mapex/mpx_p500_001/predictions/decision_000007_variance.npz
100644 blob 608bcd7284a8bf7ac973f59a849a7c27a1146574	mapex_lab/experiments/mapex/mpx_p500_001/predictions/decision_000008_g1.npz
100644 blob e4895f6a1d63033c4fd5c35421630517f8d62560	mapex_lab/experiments/mapex/mpx_p500_001/predictions/decision_000008_g2.npz
100644 blob 7f43e2548d0ddfde932b69b583adde1011f36d01	mapex_lab/experiments/mapex/mpx_p500_001/predictions/decision_000008_g3.npz
100644 blob e94683e6831da49ca9ea3d0eda4edcdcd1b24c7c	mapex_lab/experiments/mapex/mpx_p500_001/predictions/decision_000008_mean.npz
100644 blob ae14b68561714fed68ebae62b462b6e0419606a6	mapex_lab/experiments/mapex/mpx_p500_001/predictions/decision_000008_variance.npz
100644 blob 8f10348a0545a5e21ecee0b67f35aba9053aff53	mapex_lab/experiments/mapex/mpx_p500_001/predictions/decision_000009_g1.npz
100644 blob c109919c46397fb09d73c04b91093bfe97c05685	mapex_lab/experiments/mapex/mpx_p500_001/predictions/decision_000009_g2.npz
100644 blob 85e5170f9d02a3d6486e4365a3ea9f8edc566fa4	mapex_lab/experiments/mapex/mpx_p500_001/predictions/decision_000009_g3.npz
100644 blob be2244d9011f35184c61c2ab0c808046e5a3f7a7	mapex_lab/experiments/mapex/mpx_p500_001/predictions/decision_000009_mean.npz
100644 blob 504a17e7c73607f16c26d4141e2205bc598a1e07	mapex_lab/experiments/mapex/mpx_p500_001/predictions/decision_000009_variance.npz
100644 blob 584c530cd52395773dcf61ea7676478cd2eb2f14	mapex_lab/experiments/mapex/mpx_p500_001/predictions/decision_000010_g1.npz
100644 blob 76b512ec2c7b0529baf6b4cfcae974f52b879431	mapex_lab/experiments/mapex/mpx_p500_001/predictions/decision_000010_g2.npz
100644 blob b2a7cba700519141063598eda4c1ddfa51d1b4cf	mapex_lab/experiments/mapex/mpx_p500_001/predictions/decision_000010_g3.npz
100644 blob 72a5314e623b5f0689ba161a8c52fe90f151c56a	mapex_lab/experiments/mapex/mpx_p500_001/predictions/decision_000010_mean.npz
100644 blob 44f3c5e4cbaee61c026841b3c991aa854ce5b228	mapex_lab/experiments/mapex/mpx_p500_001/predictions/decision_000010_variance.npz
100644 blob 4cf492d9185a07f121ae1ab3471b4767a29dae23	mapex_lab/experiments/mapex/mpx_p500_001/predictions/decision_000011_g1.npz
100644 blob 08fbbee3fb6dd237bc519843bdee449b0e5ad744	mapex_lab/experiments/mapex/mpx_p500_001/predictions/decision_000011_g2.npz
100644 blob 35ade7c305aa4f5bbc729145844755d5b4197c00	mapex_lab/experiments/mapex/mpx_p500_001/predictions/decision_000011_g3.npz
100644 blob e9c833f1615e9df039a55fcd334e8c9714f5b3c5	mapex_lab/experiments/mapex/mpx_p500_001/predictions/decision_000011_mean.npz
100644 blob 3ef9c138fcda6c29198129652e639a19d303f0d6	mapex_lab/experiments/mapex/mpx_p500_001/predictions/decision_000011_variance.npz
100644 blob 112b3a000a6bd7cffcca73c601c0d2236d66c946	mapex_lab/experiments/mapex/mpx_p500_001/predictions/decision_000012_g1.npz
100644 blob 144856a17ef6ab40ae6bd564e90975c3c42b5ae0	mapex_lab/experiments/mapex/mpx_p500_001/predictions/decision_000012_g2.npz
100644 blob 49969ab919433248b99e402d503b418946da1f18	mapex_lab/experiments/mapex/mpx_p500_001/predictions/decision_000012_g3.npz
100644 blob 14438960184ea91c1fd6e5b704196c042677dfb9	mapex_lab/experiments/mapex/mpx_p500_001/predictions/decision_000012_mean.npz
100644 blob 62a0a39ef12077b6c4b98196a5f164bd87e35d14	mapex_lab/experiments/mapex/mpx_p500_001/predictions/decision_000012_variance.npz
100644 blob 4d6c280be9cd8fbe0cb1bb2296794625b10af7bf	mapex_lab/experiments/mapex/mpx_p500_001/predictions/decision_000013_g1.npz
100644 blob f5cf9d087daedffff4e477b3eaba6690ce012a27	mapex_lab/experiments/mapex/mpx_p500_001/predictions/decision_000013_g2.npz
100644 blob 6c216d459549136b34c222aecaaf9a766487ee8b	mapex_lab/experiments/mapex/mpx_p500_001/predictions/decision_000013_g3.npz
100644 blob 9474c9dec71793f3d55c1ae1ecb225b109d25f75	mapex_lab/experiments/mapex/mpx_p500_001/predictions/decision_000013_mean.npz
100644 blob 8429784d9b900f7ae69a02fa02997b00d7fc9993	mapex_lab/experiments/mapex/mpx_p500_001/predictions/decision_000013_variance.npz
100644 blob ba5c320e926f2aeb536e34528f945ccfe34fad85	mapex_lab/experiments/mapex/mpx_p500_001/predictions/decision_000014_g1.npz
100644 blob 1499f6709df8499625e092e016dd82c067960ba6	mapex_lab/experiments/mapex/mpx_p500_001/predictions/decision_000014_g2.npz
100644 blob 1aaec1f805d110b040971d6e4c2361099e3c6697	mapex_lab/experiments/mapex/mpx_p500_001/predictions/decision_000014_g3.npz
100644 blob c2282eab6beadb1c38ef7a692517808fa13383ff	mapex_lab/experiments/mapex/mpx_p500_001/predictions/decision_000014_mean.npz
100644 blob 7be3d2399b4a6876dbc5583fa862d0b17674d812	mapex_lab/experiments/mapex/mpx_p500_001/predictions/decision_000014_variance.npz
100644 blob 4661f63faeea6d313fe670c2940627e2ce1a35a4	mapex_lab/experiments/mapex/mpx_p500_001/predictions/decision_000015_g1.npz
100644 blob 63703c68f664ad9071ba57c146b50cf2ae3148e7	mapex_lab/experiments/mapex/mpx_p500_001/predictions/decision_000015_g2.npz
100644 blob b83c6d251a895c75f489f15bde43f1b64e33308c	mapex_lab/experiments/mapex/mpx_p500_001/predictions/decision_000015_g3.npz
100644 blob 82a3ebb557dea922857a3931a2acd61824df0291	mapex_lab/experiments/mapex/mpx_p500_001/predictions/decision_000015_mean.npz
100644 blob 84c4aaabdea38e7c64632cc85dd17a5d88ed6f87	mapex_lab/experiments/mapex/mpx_p500_001/predictions/decision_000015_variance.npz
100644 blob 38b6812ad2976510f95b809c7c872ed5955806b9	mapex_lab/experiments/mapex/mpx_p500_001/predictions/decision_000016_g1.npz
100644 blob 914345a56329066626e8608229381aef21a4d33f	mapex_lab/experiments/mapex/mpx_p500_001/predictions/decision_000016_g2.npz
100644 blob 7840a7c4745df1d8acd2516ca13a3f794119d313	mapex_lab/experiments/mapex/mpx_p500_001/predictions/decision_000016_g3.npz
100644 blob f52f08bba3264645345e85bd8570c179b73349e2	mapex_lab/experiments/mapex/mpx_p500_001/predictions/decision_000016_mean.npz
100644 blob 750de1e7818fdf54d9948bc408e077061afc888d	mapex_lab/experiments/mapex/mpx_p500_001/predictions/decision_000016_variance.npz
100644 blob cebfc87464851efa9b286d4772f745ac34f91975	mapex_lab/experiments/mapex/mpx_p500_001/predictions/decision_000017_g1.npz
100644 blob b9dfdf79c9f1d513434e081d28a5d5df6574935e	mapex_lab/experiments/mapex/mpx_p500_001/predictions/decision_000017_g2.npz
100644 blob c2fd552675a84189d48fc20267b051e73e3c7add	mapex_lab/experiments/mapex/mpx_p500_001/predictions/decision_000017_g3.npz
100644 blob 60b0c27ee14eb83c93cb4d95e3a19f9f0add5c36	mapex_lab/experiments/mapex/mpx_p500_001/predictions/decision_000017_mean.npz
100644 blob 64eaccfe8a8dc723036bf58e3e435ef466b45206	mapex_lab/experiments/mapex/mpx_p500_001/predictions/decision_000017_variance.npz
100644 blob 00ec5176a8a3810175b728bda4247cc84d145b54	mapex_lab/experiments/mapex/mpx_p500_001/predictions/decision_000018_g1.npz
100644 blob 62f777b792556bf6616499e91efa9224e9b7bda2	mapex_lab/experiments/mapex/mpx_p500_001/predictions/decision_000018_g2.npz
100644 blob 4bb2040c644bf527af7b19c63047ca11163794f9	mapex_lab/experiments/mapex/mpx_p500_001/predictions/decision_000018_g3.npz
100644 blob 4fa5746c7059683ddbeabb32c9c72dd22422a372	mapex_lab/experiments/mapex/mpx_p500_001/predictions/decision_000018_mean.npz
100644 blob 0b9bd79d744961e5224c4771e23665a25099b059	mapex_lab/experiments/mapex/mpx_p500_001/predictions/decision_000018_variance.npz
100644 blob 8f3f729046fd32c73e7eeedc207123fdca0c638d	mapex_lab/experiments/mapex/mpx_p500_001/predictions/decision_000019_g1.npz
100644 blob 7539d58b73885268fadd7eb5302fe333cac0304c	mapex_lab/experiments/mapex/mpx_p500_001/predictions/decision_000019_g2.npz
100644 blob 07d2fbf4780e3da3585382ad7dcc1fb9624173d3	mapex_lab/experiments/mapex/mpx_p500_001/predictions/decision_000019_g3.npz
100644 blob f1ce304adb294e4b17d5d6057b530b05f20de856	mapex_lab/experiments/mapex/mpx_p500_001/predictions/decision_000019_mean.npz
100644 blob f095709c6974d5897e26b97f122f500fe3810509	mapex_lab/experiments/mapex/mpx_p500_001/predictions/decision_000019_variance.npz
100644 blob 82b0e62f6abeb9f437810d14fc54165160d8db68	mapex_lab/experiments/mapex/mpx_p500_001/runtime_mapex.yaml
100644 blob 077a6e6e1c99535b0e441a99ae4d1894cb09a978	mapex_lab/experiments/mapex/mpx_p500_001/runtime_nav2_merged.yaml
100644 blob be334b6dd45cd2c21cb7186bc83229cba3bfc1df	mapex_lab/experiments/mapex/mpx_p500_001/snapshots.csv
100644 blob f532368afdda53f6d4dec3b838a937a1a884f1b2	mapex_lab/experiments/mapex/mpx_p500_001/summary.json
100644 blob 87ec99094ca5d7eb989f7df92d9c1cdd722f21d7	mapex_lab/experiments/mapex/mpx_p500_001/trajectory.csv
100644 blob 4ef4217ecc0fcd7ca5161605ecdc7adee1611a8c	mapex_lab/experiments/mapex/mpx_p500_002/candidates.csv
100644 blob 28fd13ba94fcc7622027e101dc13fecd01800447	mapex_lab/experiments/mapex/mpx_p500_002/decision_maps/decision_000001_canvas.npz
100644 blob b42be12f9ef6810a4850141f8dec0e08d2f3fd74	mapex_lab/experiments/mapex/mpx_p500_002/decision_maps/decision_000001_raw.npz
100644 blob ebab4909de3675bca4cda8c2755e2a569af1b573	mapex_lab/experiments/mapex/mpx_p500_002/decision_maps/decision_000002_canvas.npz
100644 blob 808fd2338f39845ce3e638c04ba4b2afdddd577a	mapex_lab/experiments/mapex/mpx_p500_002/decision_maps/decision_000002_raw.npz
100644 blob 2077a078b24d493e412f8e8d61266ce3e2656c46	mapex_lab/experiments/mapex/mpx_p500_002/decision_maps/decision_000003_canvas.npz
100644 blob 9bd7f8f05f7c3223402db0fb770b9f1f0215cabe	mapex_lab/experiments/mapex/mpx_p500_002/decision_maps/decision_000003_raw.npz
100644 blob 76e65830be660d3fb839561650091322ec22f569	mapex_lab/experiments/mapex/mpx_p500_002/decision_maps/decision_000004_canvas.npz
100644 blob 3dc9c5333cf2f0ca4a310c984f1720fdcfeb32aa	mapex_lab/experiments/mapex/mpx_p500_002/decision_maps/decision_000004_raw.npz
100644 blob ab4f3d7dc43b19b862e9767ad55d0990d9a515c6	mapex_lab/experiments/mapex/mpx_p500_002/decision_maps/decision_000005_canvas.npz
100644 blob 01410d22ce6a57f8eafc88750a8a65b3f0e83339	mapex_lab/experiments/mapex/mpx_p500_002/decision_maps/decision_000005_raw.npz
100644 blob 7ebfb3c1cee7dd30884bcfee2b9aa06985936e0c	mapex_lab/experiments/mapex/mpx_p500_002/decision_maps/decision_000006_canvas.npz
100644 blob e6ed60b1abf446ab8ab29503c45b6279fcb67b23	mapex_lab/experiments/mapex/mpx_p500_002/decision_maps/decision_000006_raw.npz
100644 blob 20facb154ac5fe948eb43b36aa95d132c0e951aa	mapex_lab/experiments/mapex/mpx_p500_002/decision_maps/decision_000007_canvas.npz
100644 blob 62f7abf13bb632d665822b52a76826f0db18398c	mapex_lab/experiments/mapex/mpx_p500_002/decision_maps/decision_000007_raw.npz
100644 blob dd4712ff4b6fa2856fd74673ac6cfd4bf58e7de5	mapex_lab/experiments/mapex/mpx_p500_002/decision_maps/decision_000008_canvas.npz
100644 blob 31f938d3f8bf9f20381ccfc19a09ad73091e660f	mapex_lab/experiments/mapex/mpx_p500_002/decision_maps/decision_000008_raw.npz
100644 blob c0122f6769f539f2b575253c9b576b4903f1b367	mapex_lab/experiments/mapex/mpx_p500_002/decision_maps/decision_000009_canvas.npz
100644 blob 972403c91dd6ba86381ca257d0373536cdda2553	mapex_lab/experiments/mapex/mpx_p500_002/decision_maps/decision_000009_raw.npz
100644 blob 8b925d148b4d6c774c83062018ac7f9d3ccef7f7	mapex_lab/experiments/mapex/mpx_p500_002/decision_maps/decision_000010_canvas.npz
100644 blob 2911c532254bb61ad391a3c91dab1f69d561cdcf	mapex_lab/experiments/mapex/mpx_p500_002/decision_maps/decision_000010_raw.npz
100644 blob 4878b350d699569ba9a92970f94f13eb055ad82c	mapex_lab/experiments/mapex/mpx_p500_002/decision_maps/decision_000011_canvas.npz
100644 blob 39edab13c19e50ce9ddfc7c3752f73c9dcb14083	mapex_lab/experiments/mapex/mpx_p500_002/decision_maps/decision_000011_raw.npz
100644 blob 6b0b2d4c78200899f61b63106a2e0c9e0b98dc59	mapex_lab/experiments/mapex/mpx_p500_002/decision_maps/decision_000012_canvas.npz
100644 blob 217e5c35c2f9d42176eb026f6a9ba6480c3ebb7c	mapex_lab/experiments/mapex/mpx_p500_002/decision_maps/decision_000012_raw.npz
100644 blob 88cb1011652ddea70150d84c974891fd4f3568ac	mapex_lab/experiments/mapex/mpx_p500_002/decision_maps/decision_000013_canvas.npz
100644 blob 4423ae270f7915345d9ece4b794a8283fb13edd6	mapex_lab/experiments/mapex/mpx_p500_002/decision_maps/decision_000013_raw.npz
100644 blob 03890c34b7d063797cf218ef94b44c9cf0a3870d	mapex_lab/experiments/mapex/mpx_p500_002/decision_maps/decision_000014_canvas.npz
100644 blob d2d33b13f9c909379380027443ddaa4961f0dd91	mapex_lab/experiments/mapex/mpx_p500_002/decision_maps/decision_000014_raw.npz
100644 blob cd1abe6f5f8703702d694ff3fdecc66b404c0c8d	mapex_lab/experiments/mapex/mpx_p500_002/decision_maps/decision_000015_canvas.npz
100644 blob 962452472ca41326fe532631763da9fb99380d7b	mapex_lab/experiments/mapex/mpx_p500_002/decision_maps/decision_000015_raw.npz
100644 blob 0d601c03a29c6d98521462f1df3e896afd35a9a9	mapex_lab/experiments/mapex/mpx_p500_002/decision_maps/decision_000016_canvas.npz
100644 blob 1fdd3d255bdd6391e1133ad83cbc743d059c509e	mapex_lab/experiments/mapex/mpx_p500_002/decision_maps/decision_000016_raw.npz
100644 blob d0852c935939acd31d8feae43f2914ed0737ae75	mapex_lab/experiments/mapex/mpx_p500_002/decision_maps/decision_000017_canvas.npz
100644 blob 87836c20ba25ef870bc8e87292940cafb730b61e	mapex_lab/experiments/mapex/mpx_p500_002/decision_maps/decision_000017_raw.npz
100644 blob 890a5f9c4c17eb315e93242fe39f8da0e5dc0b33	mapex_lab/experiments/mapex/mpx_p500_002/decision_maps/decision_000018_canvas.npz
100644 blob 87c917b88266cd1b8c50aae57efad9e969b0198a	mapex_lab/experiments/mapex/mpx_p500_002/decision_maps/decision_000018_raw.npz
100644 blob 054463212dc45f2074d8bf5d462ca3267adc54fc	mapex_lab/experiments/mapex/mpx_p500_002/decision_maps/decision_000019_canvas.npz
100644 blob 5dc2483951db792c8f9c9cc3d5a604be543a04ae	mapex_lab/experiments/mapex/mpx_p500_002/decision_maps/decision_000019_raw.npz
100644 blob 398fa59c97d555ded1dc1dca875992d5a4f10957	mapex_lab/experiments/mapex/mpx_p500_002/decisions.csv
100644 blob 268d16a56b57fc28659539780f27e6093ed33e9f	mapex_lab/experiments/mapex/mpx_p500_002/decisions/policy_decision_000001/candidates.csv
100644 blob b38f9eaacdf21dd6deebfafa59eecdfe2aab4262	mapex_lab/experiments/mapex/mpx_p500_002/decisions/policy_decision_000001/decision.json
100644 blob 28fd13ba94fcc7622027e101dc13fecd01800447	mapex_lab/experiments/mapex/mpx_p500_002/decisions/policy_decision_000001/observed_map_canvas.npz
100644 blob b42be12f9ef6810a4850141f8dec0e08d2f3fd74	mapex_lab/experiments/mapex/mpx_p500_002/decisions/policy_decision_000001/observed_map_raw.npz
100644 blob 3a1a5440f2f7e9ac97d2995bcebd712c8e309a6b	mapex_lab/experiments/mapex/mpx_p500_002/decisions/policy_decision_000002/candidates.csv
100644 blob 3f438952220ec83d0b545d6cd784299d27363ff1	mapex_lab/experiments/mapex/mpx_p500_002/decisions/policy_decision_000002/decision.json
100644 blob ebab4909de3675bca4cda8c2755e2a569af1b573	mapex_lab/experiments/mapex/mpx_p500_002/decisions/policy_decision_000002/observed_map_canvas.npz
100644 blob 808fd2338f39845ce3e638c04ba4b2afdddd577a	mapex_lab/experiments/mapex/mpx_p500_002/decisions/policy_decision_000002/observed_map_raw.npz
100644 blob 65c5586a3ee85cd57f0e1b1015250e05743e7a30	mapex_lab/experiments/mapex/mpx_p500_002/decisions/policy_decision_000003/candidates.csv
100644 blob bd939219f1a99d3b3cf5570b0bdc2d98749c488f	mapex_lab/experiments/mapex/mpx_p500_002/decisions/policy_decision_000003/decision.json
100644 blob 2077a078b24d493e412f8e8d61266ce3e2656c46	mapex_lab/experiments/mapex/mpx_p500_002/decisions/policy_decision_000003/observed_map_canvas.npz
100644 blob 9bd7f8f05f7c3223402db0fb770b9f1f0215cabe	mapex_lab/experiments/mapex/mpx_p500_002/decisions/policy_decision_000003/observed_map_raw.npz
100644 blob f02eae49e29e243ba2f301440429bdb630360464	mapex_lab/experiments/mapex/mpx_p500_002/decisions/policy_decision_000004/candidates.csv
100644 blob 367d139d1ec07cd70f6cdae13a8d022408758195	mapex_lab/experiments/mapex/mpx_p500_002/decisions/policy_decision_000004/decision.json
100644 blob 76e65830be660d3fb839561650091322ec22f569	mapex_lab/experiments/mapex/mpx_p500_002/decisions/policy_decision_000004/observed_map_canvas.npz
100644 blob 3dc9c5333cf2f0ca4a310c984f1720fdcfeb32aa	mapex_lab/experiments/mapex/mpx_p500_002/decisions/policy_decision_000004/observed_map_raw.npz
100644 blob 03e7e7a29de9dd3b78324b72ac6eb36e77da3380	mapex_lab/experiments/mapex/mpx_p500_002/decisions/policy_decision_000005/candidates.csv
100644 blob d28a16bc52e047f3d4f62936ff7de6f30d921a55	mapex_lab/experiments/mapex/mpx_p500_002/decisions/policy_decision_000005/decision.json
100644 blob ab4f3d7dc43b19b862e9767ad55d0990d9a515c6	mapex_lab/experiments/mapex/mpx_p500_002/decisions/policy_decision_000005/observed_map_canvas.npz
100644 blob 01410d22ce6a57f8eafc88750a8a65b3f0e83339	mapex_lab/experiments/mapex/mpx_p500_002/decisions/policy_decision_000005/observed_map_raw.npz
100644 blob d00428298350d111b15ed5a45dd93bb8899aa559	mapex_lab/experiments/mapex/mpx_p500_002/decisions/policy_decision_000006/candidates.csv
100644 blob 10dab8bb7a4ca29b522e18c3b1b07b66d02a8384	mapex_lab/experiments/mapex/mpx_p500_002/decisions/policy_decision_000006/decision.json
100644 blob 7ebfb3c1cee7dd30884bcfee2b9aa06985936e0c	mapex_lab/experiments/mapex/mpx_p500_002/decisions/policy_decision_000006/observed_map_canvas.npz
100644 blob e6ed60b1abf446ab8ab29503c45b6279fcb67b23	mapex_lab/experiments/mapex/mpx_p500_002/decisions/policy_decision_000006/observed_map_raw.npz
100644 blob 254c4776ab3cff54b5a1a7866b754175f24dac88	mapex_lab/experiments/mapex/mpx_p500_002/decisions/policy_decision_000007/candidates.csv
100644 blob ea2b55e8c409c1fbbba2dda00c182da138f49f0d	mapex_lab/experiments/mapex/mpx_p500_002/decisions/policy_decision_000007/decision.json
100644 blob 20facb154ac5fe948eb43b36aa95d132c0e951aa	mapex_lab/experiments/mapex/mpx_p500_002/decisions/policy_decision_000007/observed_map_canvas.npz
100644 blob 62f7abf13bb632d665822b52a76826f0db18398c	mapex_lab/experiments/mapex/mpx_p500_002/decisions/policy_decision_000007/observed_map_raw.npz
100644 blob 8278deba7092532be54fd86f9fcc086f4e133592	mapex_lab/experiments/mapex/mpx_p500_002/decisions/policy_decision_000008/candidates.csv
100644 blob 6abccbd1ded6d3797c9a5cf2859780163a5a26a5	mapex_lab/experiments/mapex/mpx_p500_002/decisions/policy_decision_000008/decision.json
100644 blob dd4712ff4b6fa2856fd74673ac6cfd4bf58e7de5	mapex_lab/experiments/mapex/mpx_p500_002/decisions/policy_decision_000008/observed_map_canvas.npz
100644 blob 31f938d3f8bf9f20381ccfc19a09ad73091e660f	mapex_lab/experiments/mapex/mpx_p500_002/decisions/policy_decision_000008/observed_map_raw.npz
100644 blob eda9e53ca62bc2aeb81f04d694d72b55910604d2	mapex_lab/experiments/mapex/mpx_p500_002/decisions/policy_decision_000009/candidates.csv
100644 blob b06be5bf3af5df76d5a97e539acf6b44c7773feb	mapex_lab/experiments/mapex/mpx_p500_002/decisions/policy_decision_000009/decision.json
100644 blob c0122f6769f539f2b575253c9b576b4903f1b367	mapex_lab/experiments/mapex/mpx_p500_002/decisions/policy_decision_000009/observed_map_canvas.npz
100644 blob 972403c91dd6ba86381ca257d0373536cdda2553	mapex_lab/experiments/mapex/mpx_p500_002/decisions/policy_decision_000009/observed_map_raw.npz
100644 blob 1934cf59325b110705f4cd5995e217c844b95826	mapex_lab/experiments/mapex/mpx_p500_002/decisions/policy_decision_000010/candidates.csv
100644 blob d51bf768ef0a762786d0617b6ae305a2891d9631	mapex_lab/experiments/mapex/mpx_p500_002/decisions/policy_decision_000010/decision.json
100644 blob 8b925d148b4d6c774c83062018ac7f9d3ccef7f7	mapex_lab/experiments/mapex/mpx_p500_002/decisions/policy_decision_000010/observed_map_canvas.npz
100644 blob 2911c532254bb61ad391a3c91dab1f69d561cdcf	mapex_lab/experiments/mapex/mpx_p500_002/decisions/policy_decision_000010/observed_map_raw.npz
100644 blob 9edef9aad5deeeaf3e732017daecc305f5eb8836	mapex_lab/experiments/mapex/mpx_p500_002/decisions/policy_decision_000011/candidates.csv
100644 blob a0e3da4d678624373226e1b4e80ef1673e9299b6	mapex_lab/experiments/mapex/mpx_p500_002/decisions/policy_decision_000011/decision.json
100644 blob 4878b350d699569ba9a92970f94f13eb055ad82c	mapex_lab/experiments/mapex/mpx_p500_002/decisions/policy_decision_000011/observed_map_canvas.npz
100644 blob 39edab13c19e50ce9ddfc7c3752f73c9dcb14083	mapex_lab/experiments/mapex/mpx_p500_002/decisions/policy_decision_000011/observed_map_raw.npz
100644 blob f2bdc156a0562a61a65b63d9b3f7a6899815dbba	mapex_lab/experiments/mapex/mpx_p500_002/decisions/policy_decision_000012/candidates.csv
100644 blob 13efa58f0ade2a8fec54d2a908972d43dcf348b9	mapex_lab/experiments/mapex/mpx_p500_002/decisions/policy_decision_000012/decision.json
100644 blob 6b0b2d4c78200899f61b63106a2e0c9e0b98dc59	mapex_lab/experiments/mapex/mpx_p500_002/decisions/policy_decision_000012/observed_map_canvas.npz
100644 blob 217e5c35c2f9d42176eb026f6a9ba6480c3ebb7c	mapex_lab/experiments/mapex/mpx_p500_002/decisions/policy_decision_000012/observed_map_raw.npz
100644 blob 06542e2f44e28b06160748396c43bfbdb5914739	mapex_lab/experiments/mapex/mpx_p500_002/decisions/policy_decision_000013/candidates.csv
100644 blob 803dc4b1d0a120435bf431828ed64e2a990fd781	mapex_lab/experiments/mapex/mpx_p500_002/decisions/policy_decision_000013/decision.json
100644 blob 88cb1011652ddea70150d84c974891fd4f3568ac	mapex_lab/experiments/mapex/mpx_p500_002/decisions/policy_decision_000013/observed_map_canvas.npz
100644 blob 4423ae270f7915345d9ece4b794a8283fb13edd6	mapex_lab/experiments/mapex/mpx_p500_002/decisions/policy_decision_000013/observed_map_raw.npz
100644 blob 780aed4f967e9715437c215a469c01e8bb16f5df	mapex_lab/experiments/mapex/mpx_p500_002/decisions/policy_decision_000014/candidates.csv
100644 blob 1f88ebea5270a45dd945ac02ecf9c88e9c90cc20	mapex_lab/experiments/mapex/mpx_p500_002/decisions/policy_decision_000014/decision.json
100644 blob 03890c34b7d063797cf218ef94b44c9cf0a3870d	mapex_lab/experiments/mapex/mpx_p500_002/decisions/policy_decision_000014/observed_map_canvas.npz
100644 blob d2d33b13f9c909379380027443ddaa4961f0dd91	mapex_lab/experiments/mapex/mpx_p500_002/decisions/policy_decision_000014/observed_map_raw.npz
100644 blob f12de14b1e81998c6cd9134a1ac5d48a8fb308a3	mapex_lab/experiments/mapex/mpx_p500_002/decisions/policy_decision_000015/candidates.csv
100644 blob 523905d8172999b6a41ad165bbadc995c224117d	mapex_lab/experiments/mapex/mpx_p500_002/decisions/policy_decision_000015/decision.json
100644 blob cd1abe6f5f8703702d694ff3fdecc66b404c0c8d	mapex_lab/experiments/mapex/mpx_p500_002/decisions/policy_decision_000015/observed_map_canvas.npz
100644 blob 962452472ca41326fe532631763da9fb99380d7b	mapex_lab/experiments/mapex/mpx_p500_002/decisions/policy_decision_000015/observed_map_raw.npz
100644 blob e7727eb6bcd5665245a9f7804ae5e0cad16ad7d5	mapex_lab/experiments/mapex/mpx_p500_002/decisions/policy_decision_000016/candidates.csv
100644 blob 1dced6924d26f283c6a6fd0f4466373665598d62	mapex_lab/experiments/mapex/mpx_p500_002/decisions/policy_decision_000016/decision.json
100644 blob 0d601c03a29c6d98521462f1df3e896afd35a9a9	mapex_lab/experiments/mapex/mpx_p500_002/decisions/policy_decision_000016/observed_map_canvas.npz
100644 blob 1fdd3d255bdd6391e1133ad83cbc743d059c509e	mapex_lab/experiments/mapex/mpx_p500_002/decisions/policy_decision_000016/observed_map_raw.npz
100644 blob 6ac87cf222b4abcf22a65dd647fc6078cb683fb4	mapex_lab/experiments/mapex/mpx_p500_002/decisions/policy_decision_000017/candidates.csv
100644 blob 2fcfad6cc2acc6f43ec7abd938ff665f7daebdb1	mapex_lab/experiments/mapex/mpx_p500_002/decisions/policy_decision_000017/decision.json
100644 blob d0852c935939acd31d8feae43f2914ed0737ae75	mapex_lab/experiments/mapex/mpx_p500_002/decisions/policy_decision_000017/observed_map_canvas.npz
100644 blob 87836c20ba25ef870bc8e87292940cafb730b61e	mapex_lab/experiments/mapex/mpx_p500_002/decisions/policy_decision_000017/observed_map_raw.npz
100644 blob 823755e8edb926d3beac4751fc6aa2b3120264e6	mapex_lab/experiments/mapex/mpx_p500_002/decisions/policy_decision_000018/candidates.csv
100644 blob 678ed06a10f9f9bc294505a85930345f707596f8	mapex_lab/experiments/mapex/mpx_p500_002/decisions/policy_decision_000018/decision.json
100644 blob 890a5f9c4c17eb315e93242fe39f8da0e5dc0b33	mapex_lab/experiments/mapex/mpx_p500_002/decisions/policy_decision_000018/observed_map_canvas.npz
100644 blob 87c917b88266cd1b8c50aae57efad9e969b0198a	mapex_lab/experiments/mapex/mpx_p500_002/decisions/policy_decision_000018/observed_map_raw.npz
100644 blob 3a50867bea7468dc6ee33ff573bc44f5e83184b1	mapex_lab/experiments/mapex/mpx_p500_002/decisions/policy_decision_000019/candidates.csv
100644 blob ce26d6c4a1095b5a2a77a33ae3d98104edecbf1c	mapex_lab/experiments/mapex/mpx_p500_002/decisions/policy_decision_000019/decision.json
100644 blob 054463212dc45f2074d8bf5d462ca3267adc54fc	mapex_lab/experiments/mapex/mpx_p500_002/decisions/policy_decision_000019/observed_map_canvas.npz
100644 blob 5dc2483951db792c8f9c9cc3d5a604be543a04ae	mapex_lab/experiments/mapex/mpx_p500_002/decisions/policy_decision_000019/observed_map_raw.npz
100644 blob 6462194e4eaaef0bea0d35680106f44afaab6af2	mapex_lab/experiments/mapex/mpx_p500_002/evaluation/alltrain_snapshots/manifest.json
100644 blob 6d240c0d7df129709fe12494a5f4261041be3979	mapex_lab/experiments/mapex/mpx_p500_002/evaluation/alltrain_snapshots/sample_000001_alltrain.npz
100644 blob 4ad5bce326ad1279af5da637cb72b90bb3904c60	mapex_lab/experiments/mapex/mpx_p500_002/evaluation/alltrain_snapshots/sample_000002_alltrain.npz
100644 blob 175d69fc9a29180502281167634e50edaa05a26c	mapex_lab/experiments/mapex/mpx_p500_002/evaluation/alltrain_snapshots/sample_000003_alltrain.npz
100644 blob 3d92c7c5c49349eb24252afb9b373c37d28ff7da	mapex_lab/experiments/mapex/mpx_p500_002/evaluation/alltrain_snapshots/sample_000004_alltrain.npz
100644 blob 6ab3515e04c4361f2c92cea859067f0184801a9e	mapex_lab/experiments/mapex/mpx_p500_002/evaluation/alltrain_snapshots/sample_000005_alltrain.npz
100644 blob ad6a0c0bd9a4b9bbbdd41c0412ccb25bb042818c	mapex_lab/experiments/mapex/mpx_p500_002/evaluation/alltrain_snapshots/sample_000006_alltrain.npz
100644 blob 3fce63e4f1228f5225d9ba96d9fb4abbd522f71c	mapex_lab/experiments/mapex/mpx_p500_002/evaluation/alltrain_snapshots/sample_000007_alltrain.npz
100644 blob 1b1bbc44889ef4f9d6d094d9b555dc69c4588c1c	mapex_lab/experiments/mapex/mpx_p500_002/evaluation/alltrain_snapshots/sample_000008_alltrain.npz
100644 blob 84671192f454ae8380dfa460e44f6877d4f58d8c	mapex_lab/experiments/mapex/mpx_p500_002/evaluation/alltrain_snapshots/sample_000009_alltrain.npz
100644 blob 5ad7e8100bfdc31b059f5f90c91a58b20f2d6bb3	mapex_lab/experiments/mapex/mpx_p500_002/evaluation/alltrain_snapshots/sample_000010_alltrain.npz
100644 blob 199725c57ee94d75f517e3db2b9c6309759f4453	mapex_lab/experiments/mapex/mpx_p500_002/evaluation/alltrain_snapshots/sample_000011_alltrain.npz
100644 blob 3fe8e9e1af52de1ebc4bc598d2361869ddd2d673	mapex_lab/experiments/mapex/mpx_p500_002/evaluation/alltrain_snapshots/sample_000012_alltrain.npz
100644 blob 35ee8241b0683f4db56fc5cc484837c6145a41c9	mapex_lab/experiments/mapex/mpx_p500_002/evaluation/alltrain_snapshots/sample_000013_alltrain.npz
100644 blob 4d77e6063b91f3f3a26d5a78a1926f00351c71e5	mapex_lab/experiments/mapex/mpx_p500_002/evaluation/alltrain_snapshots/sample_000014_alltrain.npz
100644 blob 74bd71e8e847221c3eca0f63993bc36c6a18d8fe	mapex_lab/experiments/mapex/mpx_p500_002/evaluation/alltrain_snapshots/sample_000015_alltrain.npz
100644 blob 6e7fb130db97bf459b94d0ce22d21f292272e7ec	mapex_lab/experiments/mapex/mpx_p500_002/evaluation/alltrain_snapshots/sample_000016_alltrain.npz
100644 blob 835919dd5d5b1f16666c5106429fc6bfc2e4f1d6	mapex_lab/experiments/mapex/mpx_p500_002/evaluation/alltrain_snapshots/sample_000017_alltrain.npz
100644 blob 3ffa7ada9101c4faa073555f61c3b7f9e791c9aa	mapex_lab/experiments/mapex/mpx_p500_002/evaluation/alltrain_snapshots/sample_000018_alltrain.npz
100644 blob fc611f501fc3fa3c8296c288bf230544f137a5e2	mapex_lab/experiments/mapex/mpx_p500_002/evaluation/alltrain_snapshots/sample_000019_alltrain.npz
100644 blob ffcefd41d3e62d5d650bfa2273d319db044741be	mapex_lab/experiments/mapex/mpx_p500_002/evaluation/alltrain_snapshots/sample_000020_alltrain.npz
100644 blob 8477ed1a29f60eca863050347e7db360086c24c5	mapex_lab/experiments/mapex/mpx_p500_002/evaluation/alltrain_snapshots/sample_000021_alltrain.npz
100644 blob 45be6b4175dc9b673307065c6ede8e975fbc1141	mapex_lab/experiments/mapex/mpx_p500_002/evaluation/alltrain_snapshots/sample_000022_alltrain.npz
100644 blob 1b2c3f1db530a2b975d60e611117c1ce8b172d89	mapex_lab/experiments/mapex/mpx_p500_002/evaluation/alltrain_snapshots/sample_000023_alltrain.npz
100644 blob 771991974a0cb2941f07775e382571bd43afeb6f	mapex_lab/experiments/mapex/mpx_p500_002/evaluation/alltrain_snapshots/sample_000024_alltrain.npz
100644 blob 7efef8827a226270095ab7a8a145fc49839f7de5	mapex_lab/experiments/mapex/mpx_p500_002/evaluation/alltrain_snapshots/sample_000025_alltrain.npz
100644 blob 623c662b58ce21697430b87484afd56e5ca52272	mapex_lab/experiments/mapex/mpx_p500_002/evaluation/alltrain_snapshots/sample_000026_alltrain.npz
100644 blob 49af6ef1a8becb74f767782ab80a76225f273456	mapex_lab/experiments/mapex/mpx_p500_002/evaluation/alltrain_snapshots/sample_000027_alltrain.npz
100644 blob 9579def6860ddefe0a0fc11cf794361b540a071b	mapex_lab/experiments/mapex/mpx_p500_002/evaluation/alltrain_snapshots/sample_000028_alltrain.npz
100644 blob cd2f5dfb1297ff9c1a705927ddc722cfe228fbab	mapex_lab/experiments/mapex/mpx_p500_002/evaluation/alltrain_snapshots/sample_000029_alltrain.npz
100644 blob 698a31504e78869d8b03e16e80f6be8574eed94d	mapex_lab/experiments/mapex/mpx_p500_002/evaluation/alltrain_snapshots/sample_000030_alltrain.npz
100644 blob d411239ac4d15cd7a8a4d814aa9c266d3ab04f0c	mapex_lab/experiments/mapex/mpx_p500_002/evaluation/alltrain_snapshots/sample_000031_alltrain.npz
100644 blob 06f683fc23dc01c7ed062a9e1a57d059f3fd2f21	mapex_lab/experiments/mapex/mpx_p500_002/evaluation/alltrain_snapshots/sample_000032_alltrain.npz
100644 blob ab1057a4b8a7ed011d52e6b0121ec9ec76c45604	mapex_lab/experiments/mapex/mpx_p500_002/evaluation/alltrain_snapshots/sample_000033_alltrain.npz
100644 blob 8bcbb88841df04d19740170bf8acfa12f74625f8	mapex_lab/experiments/mapex/mpx_p500_002/evaluation/alltrain_snapshots/sample_000034_alltrain.npz
100644 blob 79d4fa49a938388f39d02a72514cbde025cb3bd3	mapex_lab/experiments/mapex/mpx_p500_002/evaluation/alltrain_snapshots/sample_000035_alltrain.npz
100644 blob bce2eba4e111bfd608a855b6239ae276b71a8baa	mapex_lab/experiments/mapex/mpx_p500_002/evaluation/alltrain_snapshots/sample_000036_alltrain.npz
100644 blob 4e5d678437d279ae675ddddef9b082238bfa0a69	mapex_lab/experiments/mapex/mpx_p500_002/evaluation/alltrain_snapshots/sample_000037_alltrain.npz
100644 blob 563f4697007c7285e1e70341e9b686bce238027e	mapex_lab/experiments/mapex/mpx_p500_002/evaluation/alltrain_snapshots/sample_000038_alltrain.npz
100644 blob 695d4dc70de7fe512d0db765e5ff5f7641f5aa97	mapex_lab/experiments/mapex/mpx_p500_002/evaluation/alltrain_snapshots/sample_000039_alltrain.npz
100644 blob d6faac1f8b4998eef91290b20b893f75fac851ba	mapex_lab/experiments/mapex/mpx_p500_002/evaluation/alltrain_snapshots/sample_000040_alltrain.npz
100644 blob 789a28d88e437477e16e351a077161e2fe41db94	mapex_lab/experiments/mapex/mpx_p500_002/evaluation/alltrain_snapshots/sample_000041_alltrain.npz
100644 blob f943093201a77af50003b2675102e3f10e26b253	mapex_lab/experiments/mapex/mpx_p500_002/evaluation/alltrain_snapshots/sample_000042_alltrain.npz
100644 blob 1d542587e631e871d3999c3f4b0824f886475f64	mapex_lab/experiments/mapex/mpx_p500_002/evaluation/alltrain_snapshots/sample_000043_alltrain.npz
100644 blob 560684aa9f2f2d508fe939a44d32a3bb779ab721	mapex_lab/experiments/mapex/mpx_p500_002/evaluation/alltrain_snapshots/sample_000044_alltrain.npz
100644 blob 251c6aa70cfc5adabccba676a1c4a2a7a46389af	mapex_lab/experiments/mapex/mpx_p500_002/evaluation/alltrain_snapshots/sample_000045_alltrain.npz
100644 blob 0ebc21c500483d0ee3b497d351fd6cb87a46f45f	mapex_lab/experiments/mapex/mpx_p500_002/evaluation/alltrain_snapshots/sample_000046_alltrain.npz
100644 blob 5ce478b91515ab7a32de835961954b9cdab8777c	mapex_lab/experiments/mapex/mpx_p500_002/evaluation/alltrain_snapshots/sample_000047_alltrain.npz
100644 blob 2212c9c3267b68324db7d1fd3308307e58c7314e	mapex_lab/experiments/mapex/mpx_p500_002/evaluation/alltrain_snapshots/sample_000048_alltrain.npz
100644 blob 37a59a1374de0782352132ebe598803c8b452312	mapex_lab/experiments/mapex/mpx_p500_002/evaluation/alltrain_snapshots/sample_000049_alltrain.npz
100644 blob fa2e3ff94b56df203de731fe9ee47c7397f60a46	mapex_lab/experiments/mapex/mpx_p500_002/evaluation/alltrain_snapshots/sample_000050_alltrain.npz
100644 blob 07fed8d3916e86e028026097171394774256e495	mapex_lab/experiments/mapex/mpx_p500_002/evaluation/alltrain_snapshots/sample_000051_alltrain.npz
100644 blob 3bd135ca23971deab726f10cdc2a2f958be23afa	mapex_lab/experiments/mapex/mpx_p500_002/evaluation/paper500/curve.csv
100644 blob 5bde1e47fc816bb60fcc7ec85ac68d01e6a5dea6	mapex_lab/experiments/mapex/mpx_p500_002/evaluation/paper500/evaluation.json
100644 blob 3b69e17ced3ac329b9eb2743a1444962710898f9	mapex_lab/experiments/mapex/mpx_p500_002/evaluation/paper500/samples.csv
100644 blob fe9769e8f8e36b583b5b51e0c8cb570aca3bda7b	mapex_lab/experiments/mapex/mpx_p500_002/goals.csv
100644 blob 28fd13ba94fcc7622027e101dc13fecd01800447	mapex_lab/experiments/mapex/mpx_p500_002/maps/paper500_0001_initial_k0000_canvas.npz
100644 blob b42be12f9ef6810a4850141f8dec0e08d2f3fd74	mapex_lab/experiments/mapex/mpx_p500_002/maps/paper500_0001_initial_k0000_raw.npz
100644 blob 28533731d3d61b5c3df2c6fbdeb998f1eedfe393	mapex_lab/experiments/mapex/mpx_p500_002/maps/paper500_0002_progress_k0010_canvas.npz
100644 blob 989c3b4ac1b29979f4f45dc7a80c237779d0b11f	mapex_lab/experiments/mapex/mpx_p500_002/maps/paper500_0002_progress_k0010_raw.npz
100644 blob ab75cd74d8e06f33d0b964342d55af37aaa0e3fa	mapex_lab/experiments/mapex/mpx_p500_002/maps/paper500_0003_progress_k0020_canvas.npz
100644 blob a9e3f25245bb20b2068298ea20908acf3ac93e83	mapex_lab/experiments/mapex/mpx_p500_002/maps/paper500_0003_progress_k0020_raw.npz
100644 blob 2664c6cca2b8e964a07b2703c0e5783599159398	mapex_lab/experiments/mapex/mpx_p500_002/maps/paper500_0004_progress_k0030_canvas.npz
100644 blob 948889507dab3046bd9c302d39f7593757e3d289	mapex_lab/experiments/mapex/mpx_p500_002/maps/paper500_0004_progress_k0030_raw.npz
100644 blob 65c86fdb6ab1966052f54d348fc4b06fb44a95d4	mapex_lab/experiments/mapex/mpx_p500_002/maps/paper500_0005_progress_k0040_canvas.npz
100644 blob f739bbe0456e326a94664c9d68052000b3cd7342	mapex_lab/experiments/mapex/mpx_p500_002/maps/paper500_0005_progress_k0040_raw.npz
100644 blob 3b7c34aaf8f482bc1971bccfe960bb57d91f55b5	mapex_lab/experiments/mapex/mpx_p500_002/maps/paper500_0006_progress_k0050_canvas.npz
100644 blob 8bb5d40d311f75518a9521f878f5b319f4a2c132	mapex_lab/experiments/mapex/mpx_p500_002/maps/paper500_0006_progress_k0050_raw.npz
100644 blob 3f4ecc5cc91bf1047758aca1b8a6dae9d21bd798	mapex_lab/experiments/mapex/mpx_p500_002/maps/paper500_0007_progress_k0060_canvas.npz
100644 blob d94b2a1ff051bee77933c78663f2ae50e9772116	mapex_lab/experiments/mapex/mpx_p500_002/maps/paper500_0007_progress_k0060_raw.npz
100644 blob d49b95d4e5483d04e9f503f55633f65777e77c27	mapex_lab/experiments/mapex/mpx_p500_002/maps/paper500_0008_progress_k0070_canvas.npz
100644 blob de4794482257f571ce12e986eb1e53a33a53b2eb	mapex_lab/experiments/mapex/mpx_p500_002/maps/paper500_0008_progress_k0070_raw.npz
100644 blob 96d67b8afe1b68ba0369effa86a1d04efce7d589	mapex_lab/experiments/mapex/mpx_p500_002/maps/paper500_0009_progress_k0080_canvas.npz
100644 blob 68fcf3fae67952a454e53ee59069152cc8456d08	mapex_lab/experiments/mapex/mpx_p500_002/maps/paper500_0009_progress_k0080_raw.npz
100644 blob 46cdf8b90b15a32fde380408c3585dc9fca2f47c	mapex_lab/experiments/mapex/mpx_p500_002/maps/paper500_0010_progress_k0090_canvas.npz
100644 blob ee9461f0813937a38cee30679b65e0b9446065fc	mapex_lab/experiments/mapex/mpx_p500_002/maps/paper500_0010_progress_k0090_raw.npz
100644 blob 95556e87ae2ddb1ed6bd20b831da1128009d0377	mapex_lab/experiments/mapex/mpx_p500_002/maps/paper500_0011_progress_k0100_canvas.npz
100644 blob b2908671e24f9a190d8259ddefc1743d6f0913d1	mapex_lab/experiments/mapex/mpx_p500_002/maps/paper500_0011_progress_k0100_raw.npz
100644 blob 6d11bacafa34a5e79265eb3be132745d246fc355	mapex_lab/experiments/mapex/mpx_p500_002/maps/paper500_0012_progress_k0110_canvas.npz
100644 blob ca8534b6f8046195dcbf22c162132f3738b4f06d	mapex_lab/experiments/mapex/mpx_p500_002/maps/paper500_0012_progress_k0110_raw.npz
100644 blob 8deff327df01fd24dddc8c269fec9c67864c7351	mapex_lab/experiments/mapex/mpx_p500_002/maps/paper500_0013_progress_k0120_canvas.npz
100644 blob f4caaabc5e9eed8ba4a2370cde4dfd00b8c8219e	mapex_lab/experiments/mapex/mpx_p500_002/maps/paper500_0013_progress_k0120_raw.npz
100644 blob 68b6b58f7cdea6df8919978558849a6e72b764da	mapex_lab/experiments/mapex/mpx_p500_002/maps/paper500_0014_progress_k0130_canvas.npz
100644 blob df3dc3d8f33fda190041f6c1f753cca65af314bc	mapex_lab/experiments/mapex/mpx_p500_002/maps/paper500_0014_progress_k0130_raw.npz
100644 blob f569c6caa1430a47d5e75c0becaa52c8c6c001d1	mapex_lab/experiments/mapex/mpx_p500_002/maps/paper500_0015_progress_k0140_canvas.npz
100644 blob af1579cda4a243cd546f97b9e80c7780a3e35f93	mapex_lab/experiments/mapex/mpx_p500_002/maps/paper500_0015_progress_k0140_raw.npz
100644 blob ef91651f83cbfe56dc4835cf5e6a676194442d3f	mapex_lab/experiments/mapex/mpx_p500_002/maps/paper500_0016_progress_k0150_canvas.npz
100644 blob 548e959472e9a67a27a32b57eb89d7386a32dd7f	mapex_lab/experiments/mapex/mpx_p500_002/maps/paper500_0016_progress_k0150_raw.npz
100644 blob ba54271eadaa7c34eceecffec024535c759ea9f3	mapex_lab/experiments/mapex/mpx_p500_002/maps/paper500_0017_progress_k0160_canvas.npz
100644 blob 763360e4b55dae3fe8f9002ee9953a02ecd7ee42	mapex_lab/experiments/mapex/mpx_p500_002/maps/paper500_0017_progress_k0160_raw.npz
100644 blob dadd07a1ac364823b07f52159c57237275398c18	mapex_lab/experiments/mapex/mpx_p500_002/maps/paper500_0018_progress_k0170_canvas.npz
100644 blob 8f2194ca4e531bc73760207c7e6a900f8f8d0377	mapex_lab/experiments/mapex/mpx_p500_002/maps/paper500_0018_progress_k0170_raw.npz
100644 blob d6df157968c060d9e15a5cc3b06ccceb9a5f76c4	mapex_lab/experiments/mapex/mpx_p500_002/maps/paper500_0019_progress_k0180_canvas.npz
100644 blob 051f9d854c56a3fa156b2e147c10a78a0f7cdc23	mapex_lab/experiments/mapex/mpx_p500_002/maps/paper500_0019_progress_k0180_raw.npz
100644 blob 937cebaa3cbaf767859c173789945e2d91d70f63	mapex_lab/experiments/mapex/mpx_p500_002/maps/paper500_0020_progress_k0190_canvas.npz
100644 blob d607f489e3ae3c43178d737e943b7b0f5af97b86	mapex_lab/experiments/mapex/mpx_p500_002/maps/paper500_0020_progress_k0190_raw.npz
100644 blob 610453bb7586fdaaebd0dd87b1b0e73db47d69f8	mapex_lab/experiments/mapex/mpx_p500_002/maps/paper500_0021_progress_k0200_canvas.npz
100644 blob 519d9d80865fdc5e7e4c4d6e4d738a25838c6212	mapex_lab/experiments/mapex/mpx_p500_002/maps/paper500_0021_progress_k0200_raw.npz
100644 blob 9ec5ee9729bd53d05da301cf828d095a9121d1dd	mapex_lab/experiments/mapex/mpx_p500_002/maps/paper500_0022_progress_k0210_canvas.npz
100644 blob 17644109e3741c337bccb9e71810c9fb15bb8594	mapex_lab/experiments/mapex/mpx_p500_002/maps/paper500_0022_progress_k0210_raw.npz
100644 blob 3763011c7d052a9bde258c31dcf2bd18d03ed7d5	mapex_lab/experiments/mapex/mpx_p500_002/maps/paper500_0023_progress_k0220_canvas.npz
100644 blob 2d6de1b43c37445c9665f0dcaa45d11833c6a82f	mapex_lab/experiments/mapex/mpx_p500_002/maps/paper500_0023_progress_k0220_raw.npz
100644 blob 293ac3ca88cc67638431fd294aaa69b1cdb462c9	mapex_lab/experiments/mapex/mpx_p500_002/maps/paper500_0024_progress_k0230_canvas.npz
100644 blob a4ebef5fa6429f38245e79422a71cab16fdb9ff6	mapex_lab/experiments/mapex/mpx_p500_002/maps/paper500_0024_progress_k0230_raw.npz
100644 blob 0847a0487a6d11237ed6ac9da06d5ed085e54093	mapex_lab/experiments/mapex/mpx_p500_002/maps/paper500_0025_progress_k0240_canvas.npz
100644 blob 462e8f8935855d7de3cfc17f1ea091f6101ad670	mapex_lab/experiments/mapex/mpx_p500_002/maps/paper500_0025_progress_k0240_raw.npz
100644 blob 6b842085ba79acc20afe8cccb68fffc99bb88b62	mapex_lab/experiments/mapex/mpx_p500_002/maps/paper500_0026_progress_k0250_canvas.npz
100644 blob 7a018a1bec96ecbcef7941d17cc2a07bfd575aed	mapex_lab/experiments/mapex/mpx_p500_002/maps/paper500_0026_progress_k0250_raw.npz
100644 blob 1e5ce0cd71c45f7a97b3588b1a68b568665fe093	mapex_lab/experiments/mapex/mpx_p500_002/maps/paper500_0027_progress_k0260_canvas.npz
100644 blob 77e8ef57d5760d457df15c3db58981cd85519ad9	mapex_lab/experiments/mapex/mpx_p500_002/maps/paper500_0027_progress_k0260_raw.npz
100644 blob 7b0af2538f3131133dfbe2f559100cc2077f76da	mapex_lab/experiments/mapex/mpx_p500_002/maps/paper500_0028_progress_k0270_canvas.npz
100644 blob 4bb28c0b29af98be51ef6f3c8d27e091e3ca9537	mapex_lab/experiments/mapex/mpx_p500_002/maps/paper500_0028_progress_k0270_raw.npz
100644 blob 1ff91d6be07a042d3e5555b6073c24b0383c3a3a	mapex_lab/experiments/mapex/mpx_p500_002/maps/paper500_0029_progress_k0280_canvas.npz
100644 blob a891782af54f5d5c4bf9eba8ea048db490585df9	mapex_lab/experiments/mapex/mpx_p500_002/maps/paper500_0029_progress_k0280_raw.npz
100644 blob d2b1490b53ffac058b286dcc95ff6516c2231b34	mapex_lab/experiments/mapex/mpx_p500_002/maps/paper500_0030_progress_k0290_canvas.npz
100644 blob 74f0a0120e4ee9f7f92fbed87662c71262a29828	mapex_lab/experiments/mapex/mpx_p500_002/maps/paper500_0030_progress_k0290_raw.npz
100644 blob 335485d232f5f90ec240bbeb0d55c069f48b9ca6	mapex_lab/experiments/mapex/mpx_p500_002/maps/paper500_0031_progress_k0300_canvas.npz
100644 blob 597e155989b40a14be7abac577da17cf6854d2a3	mapex_lab/experiments/mapex/mpx_p500_002/maps/paper500_0031_progress_k0300_raw.npz
100644 blob e6fb9eacccb7b537c50d59118fec4aa65385b518	mapex_lab/experiments/mapex/mpx_p500_002/maps/paper500_0032_progress_k0310_canvas.npz
100644 blob e1fc7dd6bb1401895648c4d6a92c5364ccf2cbd0	mapex_lab/experiments/mapex/mpx_p500_002/maps/paper500_0032_progress_k0310_raw.npz
100644 blob 06cffae8eca9cd39dd7cad40e5b9ee1f9ac7e323	mapex_lab/experiments/mapex/mpx_p500_002/maps/paper500_0033_progress_k0320_canvas.npz
100644 blob b5364423c43eee78f0720094a74eda84e26e59be	mapex_lab/experiments/mapex/mpx_p500_002/maps/paper500_0033_progress_k0320_raw.npz
100644 blob 9f8ceddc820dbebad7258c015c5d4f595107b0ac	mapex_lab/experiments/mapex/mpx_p500_002/maps/paper500_0034_progress_k0330_canvas.npz
100644 blob 3bacfacd9c578a6c9eacec4e765b0c1f354ccc9e	mapex_lab/experiments/mapex/mpx_p500_002/maps/paper500_0034_progress_k0330_raw.npz
100644 blob 7c0cfcee5be0d640d563b959b7d64b56acd6c885	mapex_lab/experiments/mapex/mpx_p500_002/maps/paper500_0035_progress_k0340_canvas.npz
100644 blob f1e60c4a39c5f7348db202399adeaa61ef83666a	mapex_lab/experiments/mapex/mpx_p500_002/maps/paper500_0035_progress_k0340_raw.npz
100644 blob f0e8d6a7b75209d53130f165b542df26dfa3639c	mapex_lab/experiments/mapex/mpx_p500_002/maps/paper500_0036_progress_k0350_canvas.npz
100644 blob 0dab6c2e3f4351df89cb35824902cb2bfbd05686	mapex_lab/experiments/mapex/mpx_p500_002/maps/paper500_0036_progress_k0350_raw.npz
100644 blob 5c6381ae8cfb7d49d38f051f6aa5465d6ad9acdc	mapex_lab/experiments/mapex/mpx_p500_002/maps/paper500_0037_progress_k0360_canvas.npz
100644 blob 6e5193de46844f81270929f1c7e39cafdbc9f9e7	mapex_lab/experiments/mapex/mpx_p500_002/maps/paper500_0037_progress_k0360_raw.npz
100644 blob 64bfed8f98a5aee146671043a1e35e6afbfbaaf7	mapex_lab/experiments/mapex/mpx_p500_002/maps/paper500_0038_progress_k0370_canvas.npz
100644 blob 755995743ce6536432db506109490286795959c8	mapex_lab/experiments/mapex/mpx_p500_002/maps/paper500_0038_progress_k0370_raw.npz
100644 blob c8e56665d986a13f661af35a064ca07c38b4bd3b	mapex_lab/experiments/mapex/mpx_p500_002/maps/paper500_0039_progress_k0380_canvas.npz
100644 blob 01c39d42d6ba29c7ea99d8c5d4ec87fedf4046d5	mapex_lab/experiments/mapex/mpx_p500_002/maps/paper500_0039_progress_k0380_raw.npz
100644 blob 97c07d1f063fd4bc105cd94855d46499ebbaa2f5	mapex_lab/experiments/mapex/mpx_p500_002/maps/paper500_0040_progress_k0390_canvas.npz
100644 blob 123e5574c49518cbdd94ca45735052db5b8d2d5c	mapex_lab/experiments/mapex/mpx_p500_002/maps/paper500_0040_progress_k0390_raw.npz
100644 blob 4768b42dba2603d73c00d5203e94117816c0781e	mapex_lab/experiments/mapex/mpx_p500_002/maps/paper500_0041_progress_k0400_canvas.npz
100644 blob c35d8cefd841736595f21d59a0a5851c5f4ae22c	mapex_lab/experiments/mapex/mpx_p500_002/maps/paper500_0041_progress_k0400_raw.npz
100644 blob 9a7dafcf97e6a5e3766242ab26ce6cefcb7dad7c	mapex_lab/experiments/mapex/mpx_p500_002/maps/paper500_0042_progress_k0410_canvas.npz
100644 blob 1b4c8779e3e7a504490c28a9ae40d71f52f4bdc5	mapex_lab/experiments/mapex/mpx_p500_002/maps/paper500_0042_progress_k0410_raw.npz
100644 blob 894157a5a37223f7d982e747d45ded960cee4e78	mapex_lab/experiments/mapex/mpx_p500_002/maps/paper500_0043_progress_k0420_canvas.npz
100644 blob fdc8067abe0d99d7f697a6b6469947cbe7f5ee7f	mapex_lab/experiments/mapex/mpx_p500_002/maps/paper500_0043_progress_k0420_raw.npz
100644 blob ebcb6285c1085f5bd7ccb6211324ade4b97024ba	mapex_lab/experiments/mapex/mpx_p500_002/maps/paper500_0044_progress_k0430_canvas.npz
100644 blob a104cc9e0a4e7bc9b0fccb447839859e94874c87	mapex_lab/experiments/mapex/mpx_p500_002/maps/paper500_0044_progress_k0430_raw.npz
100644 blob 2042bc4bfa6979bd8d528694ba30ff074a3379de	mapex_lab/experiments/mapex/mpx_p500_002/maps/paper500_0045_progress_k0440_canvas.npz
100644 blob c67f5aa1c54b7d8c0dc24c144d2aea5bee5a39e7	mapex_lab/experiments/mapex/mpx_p500_002/maps/paper500_0045_progress_k0440_raw.npz
100644 blob ab4df5ed2a924269a2be0eb9185d1caee27f3108	mapex_lab/experiments/mapex/mpx_p500_002/maps/paper500_0046_progress_k0450_canvas.npz
100644 blob 823f9ac51fe5d0291edd2731e98a3ae39fc0879c	mapex_lab/experiments/mapex/mpx_p500_002/maps/paper500_0046_progress_k0450_raw.npz
100644 blob 123728c5a583f41059714926bc829cadd8783885	mapex_lab/experiments/mapex/mpx_p500_002/maps/paper500_0047_progress_k0460_canvas.npz
100644 blob 7591181010b3a17025af2ad24543a6637552e7ff	mapex_lab/experiments/mapex/mpx_p500_002/maps/paper500_0047_progress_k0460_raw.npz
100644 blob 7c82a40deb26d64ef515302625ab44f7e423f6a7	mapex_lab/experiments/mapex/mpx_p500_002/maps/paper500_0048_progress_k0470_canvas.npz
100644 blob d15e974df6040e40a799817497b67c88c2b2d0b7	mapex_lab/experiments/mapex/mpx_p500_002/maps/paper500_0048_progress_k0470_raw.npz
100644 blob 13a820ece69d71492df9200a9d8e986870c8a977	mapex_lab/experiments/mapex/mpx_p500_002/maps/paper500_0049_progress_k0480_canvas.npz
100644 blob a7f6dd81444d6acd5f5e5a0d6f2ed120d9494b67	mapex_lab/experiments/mapex/mpx_p500_002/maps/paper500_0049_progress_k0480_raw.npz
100644 blob 2fefea0adba90c2db584ca91895990018069417e	mapex_lab/experiments/mapex/mpx_p500_002/maps/paper500_0050_progress_k0490_canvas.npz
100644 blob 675c324aa5ea89f4e8c7e5569a437b7f8393d574	mapex_lab/experiments/mapex/mpx_p500_002/maps/paper500_0050_progress_k0490_raw.npz
100644 blob 7da857ce18052f2c63dcd6fc4c65c1eaa17590b9	mapex_lab/experiments/mapex/mpx_p500_002/maps/paper500_0051_progress_k0500_canvas.npz
100644 blob 7fe2c1c237056b8b356e70a16b1d470ee1824379	mapex_lab/experiments/mapex/mpx_p500_002/maps/paper500_0051_progress_k0500_raw.npz
100644 blob 7da857ce18052f2c63dcd6fc4c65c1eaa17590b9	mapex_lab/experiments/mapex/mpx_p500_002/maps/paper500_0052_budget_cutoff_k0500_canvas.npz
100644 blob 7fe2c1c237056b8b356e70a16b1d470ee1824379	mapex_lab/experiments/mapex/mpx_p500_002/maps/paper500_0052_budget_cutoff_k0500_raw.npz
100644 blob 7da857ce18052f2c63dcd6fc4c65c1eaa17590b9	mapex_lab/experiments/mapex/mpx_p500_002/maps/paper500_0053_post_cancellation_k0500_canvas.npz
100644 blob 7fe2c1c237056b8b356e70a16b1d470ee1824379	mapex_lab/experiments/mapex/mpx_p500_002/maps/paper500_0053_post_cancellation_k0500_raw.npz
100644 blob 28fd13ba94fcc7622027e101dc13fecd01800447	mapex_lab/experiments/mapex/mpx_p500_002/maps/snapshot_000001_periodic_canvas.npz
100644 blob b42be12f9ef6810a4850141f8dec0e08d2f3fd74	mapex_lab/experiments/mapex/mpx_p500_002/maps/snapshot_000001_periodic_raw.npz
100644 blob 1b6cd50a604787303e82d211b19fc3e09473d3c7	mapex_lab/experiments/mapex/mpx_p500_002/maps/snapshot_000002_periodic_canvas.npz
100644 blob ab35fa945d9c279ead2a499dbd5c0de6ea1094ca	mapex_lab/experiments/mapex/mpx_p500_002/maps/snapshot_000002_periodic_raw.npz
100644 blob 2077a078b24d493e412f8e8d61266ce3e2656c46	mapex_lab/experiments/mapex/mpx_p500_002/maps/snapshot_000003_periodic_canvas.npz
100644 blob 9bd7f8f05f7c3223402db0fb770b9f1f0215cabe	mapex_lab/experiments/mapex/mpx_p500_002/maps/snapshot_000003_periodic_raw.npz
100644 blob 012f55f8dedf6ba831827e83e3642c6b5e00e421	mapex_lab/experiments/mapex/mpx_p500_002/maps/snapshot_000004_periodic_canvas.npz
100644 blob c84f49056654849fa06a5f790edfcee335fe3a03	mapex_lab/experiments/mapex/mpx_p500_002/maps/snapshot_000004_periodic_raw.npz
100644 blob 65c86fdb6ab1966052f54d348fc4b06fb44a95d4	mapex_lab/experiments/mapex/mpx_p500_002/maps/snapshot_000005_periodic_canvas.npz
100644 blob f739bbe0456e326a94664c9d68052000b3cd7342	mapex_lab/experiments/mapex/mpx_p500_002/maps/snapshot_000005_periodic_raw.npz
100644 blob 76e65830be660d3fb839561650091322ec22f569	mapex_lab/experiments/mapex/mpx_p500_002/maps/snapshot_000006_periodic_canvas.npz
100644 blob 3dc9c5333cf2f0ca4a310c984f1720fdcfeb32aa	mapex_lab/experiments/mapex/mpx_p500_002/maps/snapshot_000006_periodic_raw.npz
100644 blob 4a6d6208f2f87ebca4de684f4b2c44c9b60d922a	mapex_lab/experiments/mapex/mpx_p500_002/maps/snapshot_000007_periodic_canvas.npz
100644 blob 197b13c27adcf6212fc2200448b06a9dd991550b	mapex_lab/experiments/mapex/mpx_p500_002/maps/snapshot_000007_periodic_raw.npz
100644 blob e1221c40c7ca9d82638a006dc140acd7db2d79df	mapex_lab/experiments/mapex/mpx_p500_002/maps/snapshot_000008_periodic_canvas.npz
100644 blob ec246d366f2b727b244b690007c26b2e8b09afd4	mapex_lab/experiments/mapex/mpx_p500_002/maps/snapshot_000008_periodic_raw.npz
100644 blob d49b95d4e5483d04e9f503f55633f65777e77c27	mapex_lab/experiments/mapex/mpx_p500_002/maps/snapshot_000009_periodic_canvas.npz
100644 blob de4794482257f571ce12e986eb1e53a33a53b2eb	mapex_lab/experiments/mapex/mpx_p500_002/maps/snapshot_000009_periodic_raw.npz
100644 blob c8e5724b4ac46dadb183cee3ec2e9034e4b2a612	mapex_lab/experiments/mapex/mpx_p500_002/maps/snapshot_000010_periodic_canvas.npz
100644 blob c09cc6b6787c8f3c16ab8739dda7757c2f6da383	mapex_lab/experiments/mapex/mpx_p500_002/maps/snapshot_000010_periodic_raw.npz
100644 blob fea2e9fbe004ff7e0b297f29f728ea61b7484aa7	mapex_lab/experiments/mapex/mpx_p500_002/maps/snapshot_000011_periodic_canvas.npz
100644 blob a65fd75e17c75cf083408c9ce2ba642290af7690	mapex_lab/experiments/mapex/mpx_p500_002/maps/snapshot_000011_periodic_raw.npz
100644 blob 7ebfb3c1cee7dd30884bcfee2b9aa06985936e0c	mapex_lab/experiments/mapex/mpx_p500_002/maps/snapshot_000012_periodic_canvas.npz
100644 blob e6ed60b1abf446ab8ab29503c45b6279fcb67b23	mapex_lab/experiments/mapex/mpx_p500_002/maps/snapshot_000012_periodic_raw.npz
100644 blob b6dee5ab35ae985fc33c810632125efc5dd63616	mapex_lab/experiments/mapex/mpx_p500_002/maps/snapshot_000013_periodic_canvas.npz
100644 blob 1e650b2b277dea2336dd3ebd071d8584d3c34f19	mapex_lab/experiments/mapex/mpx_p500_002/maps/snapshot_000013_periodic_raw.npz
100644 blob 9cadfdc747c327ddfc0572fa7b286ea9349d2844	mapex_lab/experiments/mapex/mpx_p500_002/maps/snapshot_000014_periodic_canvas.npz
100644 blob 7de273c1e122db1fd8d701ee9a0e5c6496848f96	mapex_lab/experiments/mapex/mpx_p500_002/maps/snapshot_000014_periodic_raw.npz
100644 blob 20facb154ac5fe948eb43b36aa95d132c0e951aa	mapex_lab/experiments/mapex/mpx_p500_002/maps/snapshot_000015_periodic_canvas.npz
100644 blob 62f7abf13bb632d665822b52a76826f0db18398c	mapex_lab/experiments/mapex/mpx_p500_002/maps/snapshot_000015_periodic_raw.npz
100644 blob dadbf7218c10719218d8a183678d87e0e5986fd3	mapex_lab/experiments/mapex/mpx_p500_002/maps/snapshot_000016_periodic_canvas.npz
100644 blob cd20fdd1c020aaa34367a62626ed8db26a268cc9	mapex_lab/experiments/mapex/mpx_p500_002/maps/snapshot_000016_periodic_raw.npz
100644 blob c760a4655b79ff0a7ba0fb33c4e0df9f6e06b723	mapex_lab/experiments/mapex/mpx_p500_002/maps/snapshot_000017_periodic_canvas.npz
100644 blob db7a5e75ffdb20d0bc752373dfa7676dcc39999c	mapex_lab/experiments/mapex/mpx_p500_002/maps/snapshot_000017_periodic_raw.npz
100644 blob 082717841520ae5813b0c5ad91f7f8d8eb17ec39	mapex_lab/experiments/mapex/mpx_p500_002/maps/snapshot_000018_periodic_canvas.npz
100644 blob 1b8143acad4e9ec08508114cb2f7b9010b167404	mapex_lab/experiments/mapex/mpx_p500_002/maps/snapshot_000018_periodic_raw.npz
100644 blob 5974aa0077b35afc9d6df434723a18de7b3add71	mapex_lab/experiments/mapex/mpx_p500_002/maps/snapshot_000019_periodic_canvas.npz
100644 blob 40b84bf3f55f9e6da43af09ddb08efc07daa3735	mapex_lab/experiments/mapex/mpx_p500_002/maps/snapshot_000019_periodic_raw.npz
100644 blob 46fd83bd5c3c3212fc203f43cc6a5ce5b2030e43	mapex_lab/experiments/mapex/mpx_p500_002/maps/snapshot_000020_periodic_canvas.npz
100644 blob f7319303d696afb81c282d2af8a85005623e0f04	mapex_lab/experiments/mapex/mpx_p500_002/maps/snapshot_000020_periodic_raw.npz
100644 blob f820eb7c4cefd065066dba5313641541e84a1986	mapex_lab/experiments/mapex/mpx_p500_002/maps/snapshot_000021_periodic_canvas.npz
100644 blob 891604de3483ec14b2be4ebdacd68595f5643f86	mapex_lab/experiments/mapex/mpx_p500_002/maps/snapshot_000021_periodic_raw.npz
100644 blob 8b925d148b4d6c774c83062018ac7f9d3ccef7f7	mapex_lab/experiments/mapex/mpx_p500_002/maps/snapshot_000022_periodic_canvas.npz
100644 blob 2911c532254bb61ad391a3c91dab1f69d561cdcf	mapex_lab/experiments/mapex/mpx_p500_002/maps/snapshot_000022_periodic_raw.npz
100644 blob fb96dbe8479bcd621d18bae2625cb8636427e5ee	mapex_lab/experiments/mapex/mpx_p500_002/maps/snapshot_000023_periodic_canvas.npz
100644 blob b85decf7667d1de37652b3f93e6c9648a6364852	mapex_lab/experiments/mapex/mpx_p500_002/maps/snapshot_000023_periodic_raw.npz
100644 blob 3947127ffd9274109dfcb7a67085e7e5cca9e7bf	mapex_lab/experiments/mapex/mpx_p500_002/maps/snapshot_000024_periodic_canvas.npz
100644 blob 6b1632984cf270f40372a15ce77b8f15122c7198	mapex_lab/experiments/mapex/mpx_p500_002/maps/snapshot_000024_periodic_raw.npz
100644 blob 293ac3ca88cc67638431fd294aaa69b1cdb462c9	mapex_lab/experiments/mapex/mpx_p500_002/maps/snapshot_000025_periodic_canvas.npz
100644 blob a4ebef5fa6429f38245e79422a71cab16fdb9ff6	mapex_lab/experiments/mapex/mpx_p500_002/maps/snapshot_000025_periodic_raw.npz
100644 blob 4878b350d699569ba9a92970f94f13eb055ad82c	mapex_lab/experiments/mapex/mpx_p500_002/maps/snapshot_000026_periodic_canvas.npz
100644 blob 39edab13c19e50ce9ddfc7c3752f73c9dcb14083	mapex_lab/experiments/mapex/mpx_p500_002/maps/snapshot_000026_periodic_raw.npz
100644 blob 6b0b2d4c78200899f61b63106a2e0c9e0b98dc59	mapex_lab/experiments/mapex/mpx_p500_002/maps/snapshot_000027_periodic_canvas.npz
100644 blob 217e5c35c2f9d42176eb026f6a9ba6480c3ebb7c	mapex_lab/experiments/mapex/mpx_p500_002/maps/snapshot_000027_periodic_raw.npz
100644 blob f2593da9287eb343685c26fd9302f5219ad4b09b	mapex_lab/experiments/mapex/mpx_p500_002/maps/snapshot_000028_periodic_canvas.npz
100644 blob 88776dba6d5090e00d3dc97a8b3531ece2597394	mapex_lab/experiments/mapex/mpx_p500_002/maps/snapshot_000028_periodic_raw.npz
100644 blob 88cb1011652ddea70150d84c974891fd4f3568ac	mapex_lab/experiments/mapex/mpx_p500_002/maps/snapshot_000029_periodic_canvas.npz
100644 blob 4423ae270f7915345d9ece4b794a8283fb13edd6	mapex_lab/experiments/mapex/mpx_p500_002/maps/snapshot_000029_periodic_raw.npz
100644 blob 99b67572bea01ef340ceba11e5ffc33930e266e3	mapex_lab/experiments/mapex/mpx_p500_002/maps/snapshot_000030_periodic_canvas.npz
100644 blob 442f730bc98ed41da50a80e462f8696fff85364e	mapex_lab/experiments/mapex/mpx_p500_002/maps/snapshot_000030_periodic_raw.npz
100644 blob 5202a5fe08d1c12d12f6ce463ac98a38d543c6d8	mapex_lab/experiments/mapex/mpx_p500_002/maps/snapshot_000031_periodic_canvas.npz
100644 blob f12cff62d6734bd0c8226a5e7a8a2ef7f1644f40	mapex_lab/experiments/mapex/mpx_p500_002/maps/snapshot_000031_periodic_raw.npz
100644 blob e2ebb9bfda768fd6efdb71167f57f0afe0c2b5a2	mapex_lab/experiments/mapex/mpx_p500_002/maps/snapshot_000032_periodic_canvas.npz
100644 blob ec02d15c39ba93c377c0d640e5646525aed13b58	mapex_lab/experiments/mapex/mpx_p500_002/maps/snapshot_000032_periodic_raw.npz
100644 blob 3c154d50ca9b849a8183278532109451a11a906e	mapex_lab/experiments/mapex/mpx_p500_002/maps/snapshot_000033_periodic_canvas.npz
100644 blob 94c28303cd56a9b2f0d5c3d6947821aa6b6425d3	mapex_lab/experiments/mapex/mpx_p500_002/maps/snapshot_000033_periodic_raw.npz
100644 blob df59c9d7bca51d3c47db549dd5059916ceb0d527	mapex_lab/experiments/mapex/mpx_p500_002/maps/snapshot_000034_periodic_canvas.npz
100644 blob f6f3bc82b235e180178b5ff4c07fe45db8c2600e	mapex_lab/experiments/mapex/mpx_p500_002/maps/snapshot_000034_periodic_raw.npz
100644 blob 7c0cfcee5be0d640d563b959b7d64b56acd6c885	mapex_lab/experiments/mapex/mpx_p500_002/maps/snapshot_000035_periodic_canvas.npz
100644 blob f1e60c4a39c5f7348db202399adeaa61ef83666a	mapex_lab/experiments/mapex/mpx_p500_002/maps/snapshot_000035_periodic_raw.npz
100644 blob 636c1bcc40a363e0cfee1c1bd8a33bb37827375a	mapex_lab/experiments/mapex/mpx_p500_002/maps/snapshot_000036_periodic_canvas.npz
100644 blob d884972f2388e59a227779a365d1698dcf83289b	mapex_lab/experiments/mapex/mpx_p500_002/maps/snapshot_000036_periodic_raw.npz
100644 blob cd1abe6f5f8703702d694ff3fdecc66b404c0c8d	mapex_lab/experiments/mapex/mpx_p500_002/maps/snapshot_000037_periodic_canvas.npz
100644 blob 962452472ca41326fe532631763da9fb99380d7b	mapex_lab/experiments/mapex/mpx_p500_002/maps/snapshot_000037_periodic_raw.npz
100644 blob 0d601c03a29c6d98521462f1df3e896afd35a9a9	mapex_lab/experiments/mapex/mpx_p500_002/maps/snapshot_000038_periodic_canvas.npz
100644 blob 1fdd3d255bdd6391e1133ad83cbc743d059c509e	mapex_lab/experiments/mapex/mpx_p500_002/maps/snapshot_000038_periodic_raw.npz
100644 blob d3730f8774801368ddba23107b595269ae13f6b6	mapex_lab/experiments/mapex/mpx_p500_002/maps/snapshot_000039_periodic_canvas.npz
100644 blob 6216a2a2c64137dbbefd19795f40f0fe6db976be	mapex_lab/experiments/mapex/mpx_p500_002/maps/snapshot_000039_periodic_raw.npz
100644 blob ff3ad01f6a02368c9f98d944f8bdc58c0a4c14eb	mapex_lab/experiments/mapex/mpx_p500_002/maps/snapshot_000040_periodic_canvas.npz
100644 blob 56b32984b2c5fd8c0d64d8dddd9006e88ce45ba3	mapex_lab/experiments/mapex/mpx_p500_002/maps/snapshot_000040_periodic_raw.npz
100644 blob d0852c935939acd31d8feae43f2914ed0737ae75	mapex_lab/experiments/mapex/mpx_p500_002/maps/snapshot_000041_periodic_canvas.npz
100644 blob 87836c20ba25ef870bc8e87292940cafb730b61e	mapex_lab/experiments/mapex/mpx_p500_002/maps/snapshot_000041_periodic_raw.npz
100644 blob 894157a5a37223f7d982e747d45ded960cee4e78	mapex_lab/experiments/mapex/mpx_p500_002/maps/snapshot_000042_periodic_canvas.npz
100644 blob fdc8067abe0d99d7f697a6b6469947cbe7f5ee7f	mapex_lab/experiments/mapex/mpx_p500_002/maps/snapshot_000042_periodic_raw.npz
100644 blob 9ba003a0004727766621b2c6796028778a006597	mapex_lab/experiments/mapex/mpx_p500_002/maps/snapshot_000043_periodic_canvas.npz
100644 blob 156f49fd5888d2c53cb8353e79f3c43faf5651b4	mapex_lab/experiments/mapex/mpx_p500_002/maps/snapshot_000043_periodic_raw.npz
100644 blob 2042bc4bfa6979bd8d528694ba30ff074a3379de	mapex_lab/experiments/mapex/mpx_p500_002/maps/snapshot_000044_periodic_canvas.npz
100644 blob c67f5aa1c54b7d8c0dc24c144d2aea5bee5a39e7	mapex_lab/experiments/mapex/mpx_p500_002/maps/snapshot_000044_periodic_raw.npz
100644 blob 829f4369bb84aed4adfc6d5bb70dc14b32304c5c	mapex_lab/experiments/mapex/mpx_p500_002/maps/snapshot_000045_periodic_canvas.npz
100644 blob ff0aaac805815ca78624e749e94c71516f09bf46	mapex_lab/experiments/mapex/mpx_p500_002/maps/snapshot_000045_periodic_raw.npz
100644 blob 28ef9518105b23c7438b238631726571bf310a62	mapex_lab/experiments/mapex/mpx_p500_002/maps/snapshot_000046_periodic_canvas.npz
100644 blob 984bb11ea9be598162e6bf64de7da80cf503b883	mapex_lab/experiments/mapex/mpx_p500_002/maps/snapshot_000046_periodic_raw.npz
100644 blob ba091bd17a677b152b941e0ac8ececb7fae404ce	mapex_lab/experiments/mapex/mpx_p500_002/maps/snapshot_000047_periodic_canvas.npz
100644 blob 3696ede93b05934fca08880960435057f860f1ea	mapex_lab/experiments/mapex/mpx_p500_002/maps/snapshot_000047_periodic_raw.npz
100644 blob 5befd19574ed3a7d33d798f9e0ff6461eae5e816	mapex_lab/experiments/mapex/mpx_p500_002/maps/snapshot_000048_periodic_canvas.npz
100644 blob e715fbecf862c76f649e8c3387e5ed2b41ae5327	mapex_lab/experiments/mapex/mpx_p500_002/maps/snapshot_000048_periodic_raw.npz
100644 blob 7da857ce18052f2c63dcd6fc4c65c1eaa17590b9	mapex_lab/experiments/mapex/mpx_p500_002/maps/snapshot_000049_final_canvas.npz
100644 blob 7fe2c1c237056b8b356e70a16b1d470ee1824379	mapex_lab/experiments/mapex/mpx_p500_002/maps/snapshot_000049_final_raw.npz
100644 blob b73c3a423f22682dea9df67f67d3d13c39706586	mapex_lab/experiments/mapex/mpx_p500_002/metadata.json
100644 blob 63d9666377f328a3af1373df324c7b8d4fe3d19b	mapex_lab/experiments/mapex/mpx_p500_002/metrics.csv
100644 blob d16bd6e8f9d5c512ffd2fab253c9b93add80308f	mapex_lab/experiments/mapex/mpx_p500_002/paper500_snapshots.csv
100644 blob aaac618030301711cfaa10905a8450cc445dc10b	mapex_lab/experiments/mapex/mpx_p500_002/plans.csv
100644 blob 38a2de8f95108096d9a82f7850e92705c53d3891	mapex_lab/experiments/mapex/mpx_p500_002/policy_decisions.csv
100644 blob 26293ec5ef18b9628ba53acfbd93cfd57ea44a5a	mapex_lab/experiments/mapex/mpx_p500_002/predictions/decision_000001_g1.npz
100644 blob e5adde7d91c1f3ecb6de88012479e3b3454cf2a9	mapex_lab/experiments/mapex/mpx_p500_002/predictions/decision_000001_g2.npz
100644 blob 98c463f3560368968cd22f4ef096348bcad23889	mapex_lab/experiments/mapex/mpx_p500_002/predictions/decision_000001_g3.npz
100644 blob 3f2cca956ca875000a87268b34448c736b364b07	mapex_lab/experiments/mapex/mpx_p500_002/predictions/decision_000001_mean.npz
100644 blob 45c412b4ee745d00aecf609756c1319eb94a09dc	mapex_lab/experiments/mapex/mpx_p500_002/predictions/decision_000001_variance.npz
100644 blob 48905ce9ce09d545d454a4a46e3f7b87688b4385	mapex_lab/experiments/mapex/mpx_p500_002/predictions/decision_000002_g1.npz
100644 blob abc27fac5fe6b7ac06322c033f3de1576b9e52af	mapex_lab/experiments/mapex/mpx_p500_002/predictions/decision_000002_g2.npz
100644 blob cec7d91d090a1d29c9be3d9ea57ff5164ed2a745	mapex_lab/experiments/mapex/mpx_p500_002/predictions/decision_000002_g3.npz
100644 blob e69c7826b985e0c5ff8742e69eb1c508ba966e87	mapex_lab/experiments/mapex/mpx_p500_002/predictions/decision_000002_mean.npz
100644 blob 2f4e5969e31aeb0de31f062b50a7ef47e6fe3cfb	mapex_lab/experiments/mapex/mpx_p500_002/predictions/decision_000002_variance.npz
100644 blob 9ebdd1b57de50c912890aa617e09b0d3565edc1d	mapex_lab/experiments/mapex/mpx_p500_002/predictions/decision_000003_g1.npz
100644 blob 81d2069dd1a8e8fa036350c0c468c3a964893665	mapex_lab/experiments/mapex/mpx_p500_002/predictions/decision_000003_g2.npz
100644 blob e97d53c322a111491dc5895741850aa653f890cf	mapex_lab/experiments/mapex/mpx_p500_002/predictions/decision_000003_g3.npz
100644 blob 2ca39e8bb11e4241b638b84e6c83146e152e4df2	mapex_lab/experiments/mapex/mpx_p500_002/predictions/decision_000003_mean.npz
100644 blob 42a143644474c3ea94fe229bdee36713e734cb24	mapex_lab/experiments/mapex/mpx_p500_002/predictions/decision_000003_variance.npz
100644 blob 316bc2126175b0afc737f820bcf7bd803e463a27	mapex_lab/experiments/mapex/mpx_p500_002/predictions/decision_000004_g1.npz
100644 blob 77b28057fa6dfd5cc360b15fb94b77a9e3158a00	mapex_lab/experiments/mapex/mpx_p500_002/predictions/decision_000004_g2.npz
100644 blob 417f83440b469ef12e25ba14f8deebbfba2cde67	mapex_lab/experiments/mapex/mpx_p500_002/predictions/decision_000004_g3.npz
100644 blob 070909d882b355658e0fba8279b47ae78d417ce5	mapex_lab/experiments/mapex/mpx_p500_002/predictions/decision_000004_mean.npz
100644 blob f92fe92f34e332321f24b04e30c3b789bdafe119	mapex_lab/experiments/mapex/mpx_p500_002/predictions/decision_000004_variance.npz
100644 blob cbc7d947d54401812cff4f595ef6945396468de4	mapex_lab/experiments/mapex/mpx_p500_002/predictions/decision_000005_g1.npz
100644 blob 2c647a708f12ae686b2267111803cf95bc02d9f0	mapex_lab/experiments/mapex/mpx_p500_002/predictions/decision_000005_g2.npz
100644 blob 51d42e608a1447420b27e65abbb4b1a623fbe15f	mapex_lab/experiments/mapex/mpx_p500_002/predictions/decision_000005_g3.npz
100644 blob 61529fd7e3470751cadd4365b2dfc7942c8a938a	mapex_lab/experiments/mapex/mpx_p500_002/predictions/decision_000005_mean.npz
100644 blob 4c50b7932603bd9ae70390d50ab65d92194d522c	mapex_lab/experiments/mapex/mpx_p500_002/predictions/decision_000005_variance.npz
100644 blob 40fca4895925bccb41d5a845e9378303d1ee0b58	mapex_lab/experiments/mapex/mpx_p500_002/predictions/decision_000006_g1.npz
100644 blob 69d04343554849d3af67f65d563c395de64d71fb	mapex_lab/experiments/mapex/mpx_p500_002/predictions/decision_000006_g2.npz
100644 blob 8146d240507bb5ba4e26e44fb2175518930151a2	mapex_lab/experiments/mapex/mpx_p500_002/predictions/decision_000006_g3.npz
100644 blob 6db1eff07592dc2779224ca07d75a8fd3333b4ca	mapex_lab/experiments/mapex/mpx_p500_002/predictions/decision_000006_mean.npz
100644 blob 6526e605aa9045ebdd595e449886d46e7c00f4db	mapex_lab/experiments/mapex/mpx_p500_002/predictions/decision_000006_variance.npz
100644 blob 8a93115d6ac30e68d2b554200a8d68287986ca80	mapex_lab/experiments/mapex/mpx_p500_002/predictions/decision_000007_g1.npz
100644 blob 08340fdca00afcce35ca21909b93ec1bf16ff439	mapex_lab/experiments/mapex/mpx_p500_002/predictions/decision_000007_g2.npz
100644 blob 6954c83485f2c35b42c452c1b46720e2aca59343	mapex_lab/experiments/mapex/mpx_p500_002/predictions/decision_000007_g3.npz
100644 blob 8f99743b3d78ffac545f608f4d21859028e1b08a	mapex_lab/experiments/mapex/mpx_p500_002/predictions/decision_000007_mean.npz
100644 blob 55cbc7fcf0fa2fcc89d13ba8bd6660b89f94efe2	mapex_lab/experiments/mapex/mpx_p500_002/predictions/decision_000007_variance.npz
100644 blob 77d12ea30c6a061ee0705a29cdbfc88bca8cd151	mapex_lab/experiments/mapex/mpx_p500_002/predictions/decision_000008_g1.npz
100644 blob 6f6ebc6d44f32ff2e64ec5484176c9f9debc6425	mapex_lab/experiments/mapex/mpx_p500_002/predictions/decision_000008_g2.npz
100644 blob 68adc3c6eb31c313b3c6e25b019a8f1e4aff3de0	mapex_lab/experiments/mapex/mpx_p500_002/predictions/decision_000008_g3.npz
100644 blob dcb809aec84393030a152070161f6678b322bff9	mapex_lab/experiments/mapex/mpx_p500_002/predictions/decision_000008_mean.npz
100644 blob 4fa9cc0bee9fc12375b7864665b56c73af55f3a0	mapex_lab/experiments/mapex/mpx_p500_002/predictions/decision_000008_variance.npz
100644 blob 0667308e6d63b270c903db24b4e1b0671e0b1d21	mapex_lab/experiments/mapex/mpx_p500_002/predictions/decision_000009_g1.npz
100644 blob 028bdf36a996102ad17d1aaf048bf28137009c56	mapex_lab/experiments/mapex/mpx_p500_002/predictions/decision_000009_g2.npz
100644 blob 11b10e2b9ac5e5d406fb143c5491c57d19977919	mapex_lab/experiments/mapex/mpx_p500_002/predictions/decision_000009_g3.npz
100644 blob d810dfcda76c57337d5a71d71ec5b7669be21d89	mapex_lab/experiments/mapex/mpx_p500_002/predictions/decision_000009_mean.npz
100644 blob 8cb6ddf5da787f2f764e7583482b6e02c990c542	mapex_lab/experiments/mapex/mpx_p500_002/predictions/decision_000009_variance.npz
100644 blob f5bd8d54c236d68738eca734454a636d48e15713	mapex_lab/experiments/mapex/mpx_p500_002/predictions/decision_000010_g1.npz
100644 blob 569c46688c8b6a113b70a1bef338b05e2d4360fb	mapex_lab/experiments/mapex/mpx_p500_002/predictions/decision_000010_g2.npz
100644 blob 036681d43f3f789cabd978cfae6905e2702d5655	mapex_lab/experiments/mapex/mpx_p500_002/predictions/decision_000010_g3.npz
100644 blob e31ab27117ced8e8b6cdd0e9f044afa376224453	mapex_lab/experiments/mapex/mpx_p500_002/predictions/decision_000010_mean.npz
100644 blob be1558c019dc56a41f516feb4205c347bd6145fd	mapex_lab/experiments/mapex/mpx_p500_002/predictions/decision_000010_variance.npz
100644 blob ae5b11a48212f1048e3b89faef823e2f473008e2	mapex_lab/experiments/mapex/mpx_p500_002/predictions/decision_000011_g1.npz
100644 blob 56c8283a13d1b70e9ed48b2f0870078e873d1f11	mapex_lab/experiments/mapex/mpx_p500_002/predictions/decision_000011_g2.npz
100644 blob fb6839a1b742c1148ef433e60dbdf9b8c25da9a1	mapex_lab/experiments/mapex/mpx_p500_002/predictions/decision_000011_g3.npz
100644 blob e8ab8e6a142c007b41c1d74d5d7baef163492b3f	mapex_lab/experiments/mapex/mpx_p500_002/predictions/decision_000011_mean.npz
100644 blob bfb528c19eca7ce6cd82395e33bdf2d2db333d6b	mapex_lab/experiments/mapex/mpx_p500_002/predictions/decision_000011_variance.npz
100644 blob 9aefdbf03a2d961b418907e2634af903a007cde5	mapex_lab/experiments/mapex/mpx_p500_002/predictions/decision_000012_g1.npz
100644 blob 64b88346f3458a1185eb9c056f92cd6c64964815	mapex_lab/experiments/mapex/mpx_p500_002/predictions/decision_000012_g2.npz
100644 blob 438853e73afebd31101caf9384f837bbee24a1d4	mapex_lab/experiments/mapex/mpx_p500_002/predictions/decision_000012_g3.npz
100644 blob ba556f7e43c30737bd4afd902187e2d36fbb1fa0	mapex_lab/experiments/mapex/mpx_p500_002/predictions/decision_000012_mean.npz
100644 blob 424c5257ed69a9f7c309031d46c6cab89d4414b5	mapex_lab/experiments/mapex/mpx_p500_002/predictions/decision_000012_variance.npz
100644 blob 29a7a00e61636c476087a6e7df65ce755254bbd7	mapex_lab/experiments/mapex/mpx_p500_002/predictions/decision_000013_g1.npz
100644 blob 09f8cca8686af4cfbadd773bcde81dbb45601a99	mapex_lab/experiments/mapex/mpx_p500_002/predictions/decision_000013_g2.npz
100644 blob 079214872072ca7da226afa7250b4c463f6307de	mapex_lab/experiments/mapex/mpx_p500_002/predictions/decision_000013_g3.npz
100644 blob cc55902290180974f76f90223ea378f79428a441	mapex_lab/experiments/mapex/mpx_p500_002/predictions/decision_000013_mean.npz
100644 blob 9e94a70ecfa908fc7cbf959a8e53afb8dc957ca8	mapex_lab/experiments/mapex/mpx_p500_002/predictions/decision_000013_variance.npz
100644 blob e056d313b8fb87b418b7026fe1935b9d818245b7	mapex_lab/experiments/mapex/mpx_p500_002/predictions/decision_000014_g1.npz
100644 blob 12918e73828fdaa6167ddfc4b994edf306be2dc4	mapex_lab/experiments/mapex/mpx_p500_002/predictions/decision_000014_g2.npz
100644 blob b7e46ea0248be62bd437379ce8114643ce040129	mapex_lab/experiments/mapex/mpx_p500_002/predictions/decision_000014_g3.npz
100644 blob 8f3f50ad881c30ed26ca63713a1d3465a65cdb00	mapex_lab/experiments/mapex/mpx_p500_002/predictions/decision_000014_mean.npz
100644 blob 69e4e78140676c33c4eef2f1e5cb4ec28aa092dc	mapex_lab/experiments/mapex/mpx_p500_002/predictions/decision_000014_variance.npz
100644 blob 0b7e004c6b19bd775d2b3d72eb2923bb9d252c49	mapex_lab/experiments/mapex/mpx_p500_002/predictions/decision_000015_g1.npz
100644 blob 1e70fc5a85c4bda310d16b1c8d0ac313d38685c8	mapex_lab/experiments/mapex/mpx_p500_002/predictions/decision_000015_g2.npz
100644 blob 5e25dcafbe61a4947c849c622da7b2d4f3c18caa	mapex_lab/experiments/mapex/mpx_p500_002/predictions/decision_000015_g3.npz
100644 blob ffc81a7c5a04c4481e3215e776c9278237eba535	mapex_lab/experiments/mapex/mpx_p500_002/predictions/decision_000015_mean.npz
100644 blob 7fccf071be557006ece9e16384a29d050dd9605f	mapex_lab/experiments/mapex/mpx_p500_002/predictions/decision_000015_variance.npz
100644 blob af791b5f0e447e9de00d2acd128fb7c70e9939c3	mapex_lab/experiments/mapex/mpx_p500_002/predictions/decision_000016_g1.npz
100644 blob c2cc03b2f46c5d66e8543dc1230c0047a8c25d77	mapex_lab/experiments/mapex/mpx_p500_002/predictions/decision_000016_g2.npz
100644 blob f4929491a1fa95160b00e164c716155c2a645ef6	mapex_lab/experiments/mapex/mpx_p500_002/predictions/decision_000016_g3.npz
100644 blob bfda268ba1d3bc89f3475179f875009023164baa	mapex_lab/experiments/mapex/mpx_p500_002/predictions/decision_000016_mean.npz
100644 blob e7a6627c162138cd23ae0f35af34e7108bb4277c	mapex_lab/experiments/mapex/mpx_p500_002/predictions/decision_000016_variance.npz
100644 blob 3c3e52b806e32c270fa2db58aa86ad0bbd9e917d	mapex_lab/experiments/mapex/mpx_p500_002/predictions/decision_000017_g1.npz
100644 blob 92fcbf95cbc4fe5afa17f8b838f4a4b859e0b4ea	mapex_lab/experiments/mapex/mpx_p500_002/predictions/decision_000017_g2.npz
100644 blob 777726c148b7d8b2e713ab5b304b2e9a87b7769c	mapex_lab/experiments/mapex/mpx_p500_002/predictions/decision_000017_g3.npz
100644 blob 8013f860a7266f842e58db7555665b1ab161ccf3	mapex_lab/experiments/mapex/mpx_p500_002/predictions/decision_000017_mean.npz
100644 blob 25ee8870ae483ab7e5135ab918d32435822db76b	mapex_lab/experiments/mapex/mpx_p500_002/predictions/decision_000017_variance.npz
100644 blob b6bf9f26984ead27fce90256e418f2bc29a34e4d	mapex_lab/experiments/mapex/mpx_p500_002/predictions/decision_000018_g1.npz
100644 blob c878dcb12bc2e823b15c6b46d1858e22ed845eac	mapex_lab/experiments/mapex/mpx_p500_002/predictions/decision_000018_g2.npz
100644 blob f3cfec7241ee7703b1053b9104dc418bfd1722a6	mapex_lab/experiments/mapex/mpx_p500_002/predictions/decision_000018_g3.npz
100644 blob 3c0f29741818f31b8e656054eaacf49c48fa7d4a	mapex_lab/experiments/mapex/mpx_p500_002/predictions/decision_000018_mean.npz
100644 blob 845e76e044f6a7f1e31d8ce1ca95ebd46052f7b8	mapex_lab/experiments/mapex/mpx_p500_002/predictions/decision_000018_variance.npz
100644 blob 8d1282969244c9ed89264c922d6913a5c2c85227	mapex_lab/experiments/mapex/mpx_p500_002/predictions/decision_000019_g1.npz
100644 blob 238e8bc36323a10585d8aeed8fab62ba67d93c23	mapex_lab/experiments/mapex/mpx_p500_002/predictions/decision_000019_g2.npz
100644 blob 4e36c2562e400b0aae409c6785f1a9ae22bcff84	mapex_lab/experiments/mapex/mpx_p500_002/predictions/decision_000019_g3.npz
100644 blob 8ae9fee053cae5f48ddf53abbd77a34bbffa5e74	mapex_lab/experiments/mapex/mpx_p500_002/predictions/decision_000019_mean.npz
100644 blob fe88aa07847621716729bd7b5f561b745ac07d1f	mapex_lab/experiments/mapex/mpx_p500_002/predictions/decision_000019_variance.npz
100644 blob 82b0e62f6abeb9f437810d14fc54165160d8db68	mapex_lab/experiments/mapex/mpx_p500_002/runtime_mapex.yaml
100644 blob 077a6e6e1c99535b0e441a99ae4d1894cb09a978	mapex_lab/experiments/mapex/mpx_p500_002/runtime_nav2_merged.yaml
100644 blob 028e08902dfb75a8ef0a3943c71897f7aac961cf	mapex_lab/experiments/mapex/mpx_p500_002/snapshots.csv
100644 blob 7d33d1289aaef72ea65620a2f8051286ffeebe4c	mapex_lab/experiments/mapex/mpx_p500_002/summary.json
100644 blob d1933fe2f9ce6edbc77af4749b283772eac38c18	mapex_lab/experiments/mapex/mpx_p500_002/trajectory.csv
100644 blob 9ffc6eb4fd2db0e2d7218fb578abd21dc10275fb	mapex_lab/experiments/nearest/nf_p500_001/candidates.csv
100644 blob fdb93283b9e2c75f720ffaa1464ffc675e141196	mapex_lab/experiments/nearest/nf_p500_001/decisions/policy_decision_000001/candidates.csv
100644 blob 9157527d6122de3c151e890152a16301a2478bcf	mapex_lab/experiments/nearest/nf_p500_001/decisions/policy_decision_000001/decision.json
100644 blob 533affbc390502f3880629a306dd945698a389bf	mapex_lab/experiments/nearest/nf_p500_001/decisions/policy_decision_000001/observed_map_canvas.npz
100644 blob 22d43a3001b10e212913996be0f82100518e388b	mapex_lab/experiments/nearest/nf_p500_001/decisions/policy_decision_000001/observed_map_raw.npz
100644 blob 5a761cfc3252cb4c58e6f07aab6b3b95ff390513	mapex_lab/experiments/nearest/nf_p500_001/decisions/policy_decision_000002/candidates.csv
100644 blob d90098968511561d7f44ad585577176ffe40f750	mapex_lab/experiments/nearest/nf_p500_001/decisions/policy_decision_000002/decision.json
100644 blob eb87f44891fe856969200dc5313995ce76fd6e3b	mapex_lab/experiments/nearest/nf_p500_001/decisions/policy_decision_000002/observed_map_canvas.npz
100644 blob d56d6ad483ff6d5339d8d18f5506b627d379f541	mapex_lab/experiments/nearest/nf_p500_001/decisions/policy_decision_000002/observed_map_raw.npz
100644 blob 9c9fc3b97109a933dd4bf95414a277e2f30ebe7b	mapex_lab/experiments/nearest/nf_p500_001/decisions/policy_decision_000003/candidates.csv
100644 blob 99d92252637e96fb74f721ac45154ec45242c98a	mapex_lab/experiments/nearest/nf_p500_001/decisions/policy_decision_000003/decision.json
100644 blob f0068cae5ae0a494daec1fd08e6a033a7bf67f32	mapex_lab/experiments/nearest/nf_p500_001/decisions/policy_decision_000003/observed_map_canvas.npz
100644 blob 64bd9afc135fabf4f6d521c1ff49b3363f2149be	mapex_lab/experiments/nearest/nf_p500_001/decisions/policy_decision_000003/observed_map_raw.npz
100644 blob b35db061337e3d4b03ffe149a632855eec820b29	mapex_lab/experiments/nearest/nf_p500_001/decisions/policy_decision_000004/candidates.csv
100644 blob a70b59fcc41b2c5086415cca8439658beb1a235a	mapex_lab/experiments/nearest/nf_p500_001/decisions/policy_decision_000004/decision.json
100644 blob 0286ee7239680a23d5d5e2bdfe0ef0185a5f0e6f	mapex_lab/experiments/nearest/nf_p500_001/decisions/policy_decision_000004/observed_map_canvas.npz
100644 blob a7f9d40a15805041629b5d34bd2b312bc9a5607e	mapex_lab/experiments/nearest/nf_p500_001/decisions/policy_decision_000004/observed_map_raw.npz
100644 blob ce94589e0c62bdf19812ad919a06bd049d280b92	mapex_lab/experiments/nearest/nf_p500_001/decisions/policy_decision_000005/candidates.csv
100644 blob 819dc5739fd8d8930b0e7d63ad76f7bb11db0281	mapex_lab/experiments/nearest/nf_p500_001/decisions/policy_decision_000005/decision.json
100644 blob 0956c8f81795e3ad4b86329b618c4576a243a5c2	mapex_lab/experiments/nearest/nf_p500_001/decisions/policy_decision_000005/observed_map_canvas.npz
100644 blob 1cf01760dab15d1a63e744113cc96ea0a917cd0e	mapex_lab/experiments/nearest/nf_p500_001/decisions/policy_decision_000005/observed_map_raw.npz
100644 blob 6bfb9528799f91ee4b410690a483ff1fb273131a	mapex_lab/experiments/nearest/nf_p500_001/decisions/policy_decision_000006/candidates.csv
100644 blob 9cc6782e7fc351bba5b76be3b5c2360a31a307ce	mapex_lab/experiments/nearest/nf_p500_001/decisions/policy_decision_000006/decision.json
100644 blob 795be30496c415c33b8c8a0c5502267828e5231d	mapex_lab/experiments/nearest/nf_p500_001/decisions/policy_decision_000006/observed_map_canvas.npz
100644 blob d455df8630131a1cf710ed1c5cde1597312d5e66	mapex_lab/experiments/nearest/nf_p500_001/decisions/policy_decision_000006/observed_map_raw.npz
100644 blob 2af2938310517bf1b270b0df252c3d7ad8e0629a	mapex_lab/experiments/nearest/nf_p500_001/decisions/policy_decision_000007/candidates.csv
100644 blob e2b782b5ac5f77d7e96aef075db2c9409380c4b1	mapex_lab/experiments/nearest/nf_p500_001/decisions/policy_decision_000007/decision.json
100644 blob 455f599a1c37d2df15aa019f0db8a46b6ae5ba12	mapex_lab/experiments/nearest/nf_p500_001/decisions/policy_decision_000007/observed_map_canvas.npz
100644 blob 5fd2a5e10ea876694bde777d92f390ee9d818219	mapex_lab/experiments/nearest/nf_p500_001/decisions/policy_decision_000007/observed_map_raw.npz
100644 blob ad85d1b6123c1e708dba0bbe2293d058cd3a29b3	mapex_lab/experiments/nearest/nf_p500_001/decisions/policy_decision_000008/candidates.csv
100644 blob 86a063699c38e4c2ae8aacfb5145455c055deed8	mapex_lab/experiments/nearest/nf_p500_001/decisions/policy_decision_000008/decision.json
100644 blob 4a329ab5ef2db3468157401c7551cb1bdadf28d1	mapex_lab/experiments/nearest/nf_p500_001/decisions/policy_decision_000008/observed_map_canvas.npz
100644 blob 4dcea8f225f33320a4bc478428c687a0a2cd6902	mapex_lab/experiments/nearest/nf_p500_001/decisions/policy_decision_000008/observed_map_raw.npz
100644 blob 35225c8ed92401d5c8491b9a463a87908d121463	mapex_lab/experiments/nearest/nf_p500_001/decisions/policy_decision_000009/candidates.csv
100644 blob 233093fce4eb4e25bad5d30825416f51132e69cb	mapex_lab/experiments/nearest/nf_p500_001/decisions/policy_decision_000009/decision.json
100644 blob 3affae450b8bad9e388c66e1f4fb2578fbba8eb0	mapex_lab/experiments/nearest/nf_p500_001/decisions/policy_decision_000009/observed_map_canvas.npz
100644 blob 43327cf4dfdf7542ab68bde58306ae5d3c4a8ba7	mapex_lab/experiments/nearest/nf_p500_001/decisions/policy_decision_000009/observed_map_raw.npz
100644 blob 4592d71fec399c7f18dd5a379311c97e4cf07860	mapex_lab/experiments/nearest/nf_p500_001/decisions/policy_decision_000010/candidates.csv
100644 blob c74e546fd46122784702d9269a264a30b9e3ffd3	mapex_lab/experiments/nearest/nf_p500_001/decisions/policy_decision_000010/decision.json
100644 blob 230189c1d85805c2b9b3b584349bd0a7e08de3a7	mapex_lab/experiments/nearest/nf_p500_001/decisions/policy_decision_000010/observed_map_canvas.npz
100644 blob ef32c1d3691d29d677abbbaf1ab63cbf4930d4a4	mapex_lab/experiments/nearest/nf_p500_001/decisions/policy_decision_000010/observed_map_raw.npz
100644 blob a357626eb6b5af6bf7e1ed5e1a384bb9274c9102	mapex_lab/experiments/nearest/nf_p500_001/decisions/policy_decision_000011/candidates.csv
100644 blob fd1d88f7ee6c725f25593209dec82cb31ea393aa	mapex_lab/experiments/nearest/nf_p500_001/decisions/policy_decision_000011/decision.json
100644 blob 2647bf97e4021f734a430243bf3cf0390774353b	mapex_lab/experiments/nearest/nf_p500_001/decisions/policy_decision_000011/observed_map_canvas.npz
100644 blob 74cb09e146e39044c430b3fac4e3981b1aa72b67	mapex_lab/experiments/nearest/nf_p500_001/decisions/policy_decision_000011/observed_map_raw.npz
100644 blob 1c0ae607495abbd3a5f5866b00f66647a7381a7f	mapex_lab/experiments/nearest/nf_p500_001/decisions/policy_decision_000012/candidates.csv
100644 blob 6ef721c270f94dd214427145e855be7bd72abad6	mapex_lab/experiments/nearest/nf_p500_001/decisions/policy_decision_000012/decision.json
100644 blob 9c996a9be481ffac619cd6a994a24b01eb2ad354	mapex_lab/experiments/nearest/nf_p500_001/decisions/policy_decision_000012/observed_map_canvas.npz
100644 blob 13eb84409b30f883619238a3c8384c9767f1797a	mapex_lab/experiments/nearest/nf_p500_001/decisions/policy_decision_000012/observed_map_raw.npz
100644 blob 8edcfcbe86cb50db6cc8ad66d591396a46e6bda4	mapex_lab/experiments/nearest/nf_p500_001/decisions/policy_decision_000013/candidates.csv
100644 blob 0e8dc80c3aa80740b60d63c18fd6631f86aa53a5	mapex_lab/experiments/nearest/nf_p500_001/decisions/policy_decision_000013/decision.json
100644 blob ae535ae889946f4331db127d588ab546d11c1195	mapex_lab/experiments/nearest/nf_p500_001/decisions/policy_decision_000013/observed_map_canvas.npz
100644 blob d6fb8fad7af206d40356aa73a20dde2b6eaa4694	mapex_lab/experiments/nearest/nf_p500_001/decisions/policy_decision_000013/observed_map_raw.npz
100644 blob 1e9f10044066a83ae03562c21c90f354f6aed6f6	mapex_lab/experiments/nearest/nf_p500_001/decisions/policy_decision_000014/candidates.csv
100644 blob 3e597aa45d09ba45ffac86649a8043ca19fa1751	mapex_lab/experiments/nearest/nf_p500_001/decisions/policy_decision_000014/decision.json
100644 blob 9198d6a20450c8115177afd5aa477c2de3afaf01	mapex_lab/experiments/nearest/nf_p500_001/decisions/policy_decision_000014/observed_map_canvas.npz
100644 blob fc93151f526c4cbbe50d81603ca050d1c3b7ad56	mapex_lab/experiments/nearest/nf_p500_001/decisions/policy_decision_000014/observed_map_raw.npz
100644 blob 5ca631db72ce6870a0bb3374b005bb6c23c80f92	mapex_lab/experiments/nearest/nf_p500_001/decisions/policy_decision_000015/candidates.csv
100644 blob 13973b71e25651ba69509d76feda2e9d766ab4ec	mapex_lab/experiments/nearest/nf_p500_001/decisions/policy_decision_000015/decision.json
100644 blob 4a045df600d2422f2c3ceeb16f109d68aa50301c	mapex_lab/experiments/nearest/nf_p500_001/decisions/policy_decision_000015/observed_map_canvas.npz
100644 blob b10ca75ac99b4abd7c813bd8f80adcf5028bb21e	mapex_lab/experiments/nearest/nf_p500_001/decisions/policy_decision_000015/observed_map_raw.npz
100644 blob 758040508a2e78466c5d1987bfcc909a35995fae	mapex_lab/experiments/nearest/nf_p500_001/decisions/policy_decision_000016/candidates.csv
100644 blob 005dd814b82969e404f647640cfecc70d60845ee	mapex_lab/experiments/nearest/nf_p500_001/decisions/policy_decision_000016/decision.json
100644 blob 4e826425e676384dcc6f137717f9a83778a101b3	mapex_lab/experiments/nearest/nf_p500_001/decisions/policy_decision_000016/observed_map_canvas.npz
100644 blob c0fa5fe7c6334d3b9884b5ef9abd699f30401731	mapex_lab/experiments/nearest/nf_p500_001/decisions/policy_decision_000016/observed_map_raw.npz
100644 blob 882b535a1d14cff66363d178f21c02d88941c7c4	mapex_lab/experiments/nearest/nf_p500_001/decisions/policy_decision_000017/candidates.csv
100644 blob 64cafc6d3ded2c47f45f4e1e2c37efc9b1deacad	mapex_lab/experiments/nearest/nf_p500_001/decisions/policy_decision_000017/decision.json
100644 blob ee36fc510c4ef60fe37c7c7a427a6e03a2ffb0fe	mapex_lab/experiments/nearest/nf_p500_001/decisions/policy_decision_000017/observed_map_canvas.npz
100644 blob 91de6e86dc4e81916a5d1e93ad4de35d78a86354	mapex_lab/experiments/nearest/nf_p500_001/decisions/policy_decision_000017/observed_map_raw.npz
100644 blob 39df27db46de9c7645ecb325e784445b5680e809	mapex_lab/experiments/nearest/nf_p500_001/decisions/policy_decision_000018/candidates.csv
100644 blob eb33b0fcff43c84b2a4484f48e74658af56ffdcf	mapex_lab/experiments/nearest/nf_p500_001/decisions/policy_decision_000018/decision.json
100644 blob 6f4ea89a5c8bb9ddda3261d7b583ccbdbaa72304	mapex_lab/experiments/nearest/nf_p500_001/decisions/policy_decision_000018/observed_map_canvas.npz
100644 blob 9b50dc35c1b5f7f0bae3e61d67f2c8b9430a5310	mapex_lab/experiments/nearest/nf_p500_001/decisions/policy_decision_000018/observed_map_raw.npz
100644 blob 12443a1dd5421c1fc015efba4f778b4a5598e353	mapex_lab/experiments/nearest/nf_p500_001/decisions/policy_decision_000019/candidates.csv
100644 blob 508586c8d86b73acd8e0b62ae4ce47105bcddfab	mapex_lab/experiments/nearest/nf_p500_001/decisions/policy_decision_000019/decision.json
100644 blob 6f7e84578658f4dd307c59a92d953a627ec84183	mapex_lab/experiments/nearest/nf_p500_001/decisions/policy_decision_000019/observed_map_canvas.npz
100644 blob 11b9734f10e1d05b4db9f0ffd1e30135c7bbcc20	mapex_lab/experiments/nearest/nf_p500_001/decisions/policy_decision_000019/observed_map_raw.npz
100644 blob 51c807117604fba4e7ea92e7dff25243e8f123ad	mapex_lab/experiments/nearest/nf_p500_001/decisions/policy_decision_000020/candidates.csv
100644 blob 818a7a0e3065cb5cf8160c5b62446d0148c58fcb	mapex_lab/experiments/nearest/nf_p500_001/decisions/policy_decision_000020/decision.json
100644 blob 7e224f8feff992dae3d604ac539dc7cabf9016dc	mapex_lab/experiments/nearest/nf_p500_001/decisions/policy_decision_000020/observed_map_canvas.npz
100644 blob 49a8fb2c0b595663467686495d70c540480579b4	mapex_lab/experiments/nearest/nf_p500_001/decisions/policy_decision_000020/observed_map_raw.npz
100644 blob 6ac8b759c9d024c10431d7839a9a2f2c2cf23053	mapex_lab/experiments/nearest/nf_p500_001/decisions/policy_decision_000021/candidates.csv
100644 blob 99ef3b2dbba88178fe7b29e158b8de359cc294fd	mapex_lab/experiments/nearest/nf_p500_001/decisions/policy_decision_000021/decision.json
100644 blob 993523e894351a89ba4c5e785e5901c2dab50758	mapex_lab/experiments/nearest/nf_p500_001/decisions/policy_decision_000021/observed_map_canvas.npz
100644 blob 5a072f5d5d897d7553c3d5ebad02fd7d79738373	mapex_lab/experiments/nearest/nf_p500_001/decisions/policy_decision_000021/observed_map_raw.npz
100644 blob 77aaced7b192fb9c1c52a945be4f14a2407d5e91	mapex_lab/experiments/nearest/nf_p500_001/decisions/policy_decision_000022/candidates.csv
100644 blob 5b81155c1c31f1089f14ced8b728104abd6a4fe6	mapex_lab/experiments/nearest/nf_p500_001/decisions/policy_decision_000022/decision.json
100644 blob e595428b1a866989d5aa161e84496dd283b4ffbd	mapex_lab/experiments/nearest/nf_p500_001/decisions/policy_decision_000022/observed_map_canvas.npz
100644 blob bd3ccf1d47e53f394af466655bdb753cfee59fbf	mapex_lab/experiments/nearest/nf_p500_001/decisions/policy_decision_000022/observed_map_raw.npz
100644 blob 3541df86e65f6cd2ce121e96092b57aee3897df6	mapex_lab/experiments/nearest/nf_p500_001/decisions/policy_decision_000023/candidates.csv
100644 blob c153b61ee803f36c7dbe01034ed44d710cd4b389	mapex_lab/experiments/nearest/nf_p500_001/decisions/policy_decision_000023/decision.json
100644 blob ef6fa5a3fd897ed23e4e7ef3f4bc49bc6a9676d9	mapex_lab/experiments/nearest/nf_p500_001/decisions/policy_decision_000023/observed_map_canvas.npz
100644 blob b28676d42233158a9d59f3a8f27448373d5e09fa	mapex_lab/experiments/nearest/nf_p500_001/decisions/policy_decision_000023/observed_map_raw.npz
100644 blob 919ea32adf5a8fa0405ced0ed15cb9497ccd4f64	mapex_lab/experiments/nearest/nf_p500_001/decisions/policy_decision_000024/candidates.csv
100644 blob 6369ae03e3da9e55517e9d2cd1a122d4460e80b2	mapex_lab/experiments/nearest/nf_p500_001/decisions/policy_decision_000024/decision.json
100644 blob 4a2e3877ec359efe2a342f1ae8bd568a776a7e20	mapex_lab/experiments/nearest/nf_p500_001/decisions/policy_decision_000024/observed_map_canvas.npz
100644 blob e62603f3342ea80a18fffe2be322f8c19bcd5226	mapex_lab/experiments/nearest/nf_p500_001/decisions/policy_decision_000024/observed_map_raw.npz
100644 blob 7eb87dd6e5dee1d45304ae30ae7ed3affee4ebb0	mapex_lab/experiments/nearest/nf_p500_001/decisions/policy_decision_000025/candidates.csv
100644 blob 70947ec69ce83810e3bccde8db97ff59637b3edc	mapex_lab/experiments/nearest/nf_p500_001/decisions/policy_decision_000025/decision.json
100644 blob 3d1437d17a1a2e323b92dc9ca02bcb3ca1d1c6d9	mapex_lab/experiments/nearest/nf_p500_001/decisions/policy_decision_000025/observed_map_canvas.npz
100644 blob 96d8c4216a32f9b5f41751b2242842596e088a65	mapex_lab/experiments/nearest/nf_p500_001/decisions/policy_decision_000025/observed_map_raw.npz
100644 blob bf5ec7309eefc5a187647521f479cf81b0bd00f1	mapex_lab/experiments/nearest/nf_p500_001/decisions/policy_decision_000026/candidates.csv
100644 blob ac671a654907c215e42185b0bca177ab210a5cb0	mapex_lab/experiments/nearest/nf_p500_001/decisions/policy_decision_000026/decision.json
100644 blob b6e6537844472334b1fc5ef3477e1c6efe82825a	mapex_lab/experiments/nearest/nf_p500_001/decisions/policy_decision_000026/observed_map_canvas.npz
100644 blob cb7c0e084bab890aff7c31b6cb25c3bafd7c9dfd	mapex_lab/experiments/nearest/nf_p500_001/decisions/policy_decision_000026/observed_map_raw.npz
100644 blob dc68708b670b7037a739b1400a4a506c678685c1	mapex_lab/experiments/nearest/nf_p500_001/decisions/policy_decision_000027/candidates.csv
100644 blob 0fea661952d0a508e381dac82c16b646846b0207	mapex_lab/experiments/nearest/nf_p500_001/decisions/policy_decision_000027/decision.json
100644 blob 5e9b273f1cdb8f8666ae0a53d846c49cb7597735	mapex_lab/experiments/nearest/nf_p500_001/decisions/policy_decision_000027/observed_map_canvas.npz
100644 blob dc64fc7045b4ce7d62d1295f41f6b0d3b97f8a08	mapex_lab/experiments/nearest/nf_p500_001/decisions/policy_decision_000027/observed_map_raw.npz
100644 blob 5e81d43e30237fb1320150cd7e0610c5ce8b6141	mapex_lab/experiments/nearest/nf_p500_001/decisions/policy_decision_000028/candidates.csv
100644 blob aa0acdd4938a32b4e4dabb253996c6a61a015385	mapex_lab/experiments/nearest/nf_p500_001/decisions/policy_decision_000028/decision.json
100644 blob c8c2f77fed441aedd47f9a7e8013de53d060c086	mapex_lab/experiments/nearest/nf_p500_001/decisions/policy_decision_000028/observed_map_canvas.npz
100644 blob ea48882ab72553998bc17e1b7546a1fe6456fba9	mapex_lab/experiments/nearest/nf_p500_001/decisions/policy_decision_000028/observed_map_raw.npz
100644 blob de2d8d78cdf496fb218a8581159951b7a7d0bc8c	mapex_lab/experiments/nearest/nf_p500_001/evaluation/alltrain_snapshots/manifest.json
100644 blob 6242c2367ba8c7bda59e95e047d3c951fb6a1336	mapex_lab/experiments/nearest/nf_p500_001/evaluation/alltrain_snapshots/sample_000001_alltrain.npz
100644 blob a4803ba07807411e07184bf444101e8302f812d7	mapex_lab/experiments/nearest/nf_p500_001/evaluation/alltrain_snapshots/sample_000002_alltrain.npz
100644 blob fe25b283547a92ca971bc7c91e89bc6e518cb4dc	mapex_lab/experiments/nearest/nf_p500_001/evaluation/alltrain_snapshots/sample_000003_alltrain.npz
100644 blob 1cc85b73775e32c3e6ee4d3a380f04ed5a5d86a8	mapex_lab/experiments/nearest/nf_p500_001/evaluation/alltrain_snapshots/sample_000004_alltrain.npz
100644 blob db2c49d7411088ed1abebcf257590c36ed342845	mapex_lab/experiments/nearest/nf_p500_001/evaluation/alltrain_snapshots/sample_000005_alltrain.npz
100644 blob ff0caff85feeffa8eeb4e70e3e19277653d2adf2	mapex_lab/experiments/nearest/nf_p500_001/evaluation/alltrain_snapshots/sample_000006_alltrain.npz
100644 blob 9a51c684b8dcde21b941149ee3ea005fd39bbfef	mapex_lab/experiments/nearest/nf_p500_001/evaluation/alltrain_snapshots/sample_000007_alltrain.npz
100644 blob fee35b4dabdb715b61d118b38eda53bcd1156ecd	mapex_lab/experiments/nearest/nf_p500_001/evaluation/alltrain_snapshots/sample_000008_alltrain.npz
100644 blob 07a43ff24e99e6ea34aa333c16b29c0ed279e9fd	mapex_lab/experiments/nearest/nf_p500_001/evaluation/alltrain_snapshots/sample_000009_alltrain.npz
100644 blob 0cc17013768cf2e81686dfcc25365f09891caac8	mapex_lab/experiments/nearest/nf_p500_001/evaluation/alltrain_snapshots/sample_000010_alltrain.npz
100644 blob 5135edf6c90947fce5a973a4ac74bcde068e1d4c	mapex_lab/experiments/nearest/nf_p500_001/evaluation/alltrain_snapshots/sample_000011_alltrain.npz
100644 blob 9952fbc2a3ff3db4017b1e42c156bcf1021f4042	mapex_lab/experiments/nearest/nf_p500_001/evaluation/alltrain_snapshots/sample_000012_alltrain.npz
100644 blob d02d5141758339245910a563575a117f0718ae0a	mapex_lab/experiments/nearest/nf_p500_001/evaluation/alltrain_snapshots/sample_000013_alltrain.npz
100644 blob fbcbad66925795a1bfc6528aa6f5a103397305b5	mapex_lab/experiments/nearest/nf_p500_001/evaluation/alltrain_snapshots/sample_000014_alltrain.npz
100644 blob 894e3cd1f85c6764543e4a963eadcb4dc11370e9	mapex_lab/experiments/nearest/nf_p500_001/evaluation/alltrain_snapshots/sample_000015_alltrain.npz
100644 blob 0017ad8a2c63bf9f707be24319a1df0ca0e0b9cb	mapex_lab/experiments/nearest/nf_p500_001/evaluation/alltrain_snapshots/sample_000016_alltrain.npz
100644 blob e708eac91c8bfd04ae1cd4483a504dc8168d19e4	mapex_lab/experiments/nearest/nf_p500_001/evaluation/alltrain_snapshots/sample_000017_alltrain.npz
100644 blob beb86056f3f69ccc66c3fd73a5d141b74d328d71	mapex_lab/experiments/nearest/nf_p500_001/evaluation/alltrain_snapshots/sample_000018_alltrain.npz
100644 blob d9eb20930a54f3fd1749b661ce792c1f96084cf9	mapex_lab/experiments/nearest/nf_p500_001/evaluation/alltrain_snapshots/sample_000019_alltrain.npz
100644 blob f230f66014a2411e65e0f4feaf57a56c889adfde	mapex_lab/experiments/nearest/nf_p500_001/evaluation/alltrain_snapshots/sample_000020_alltrain.npz
100644 blob e8d16c42c8444fd9ede7b92f10a7107f67b09ed7	mapex_lab/experiments/nearest/nf_p500_001/evaluation/alltrain_snapshots/sample_000021_alltrain.npz
100644 blob 197725e798dc92667f3d2a808594bca086fe8183	mapex_lab/experiments/nearest/nf_p500_001/evaluation/alltrain_snapshots/sample_000022_alltrain.npz
100644 blob 0597f30f11cc636ca15cece25b390e76f450297f	mapex_lab/experiments/nearest/nf_p500_001/evaluation/alltrain_snapshots/sample_000023_alltrain.npz
100644 blob cbc4703291678ef14675811146d80299161adda1	mapex_lab/experiments/nearest/nf_p500_001/evaluation/alltrain_snapshots/sample_000024_alltrain.npz
100644 blob 8e729a4391ce36b58be5d7168a05614ce95fda5a	mapex_lab/experiments/nearest/nf_p500_001/evaluation/alltrain_snapshots/sample_000025_alltrain.npz
100644 blob 14895b2bbc4669190a8b31918031967456acd4b8	mapex_lab/experiments/nearest/nf_p500_001/evaluation/alltrain_snapshots/sample_000026_alltrain.npz
100644 blob 765817967db291c112620e19757587c1c299b4c5	mapex_lab/experiments/nearest/nf_p500_001/evaluation/alltrain_snapshots/sample_000027_alltrain.npz
100644 blob 5550a35d2a3a125d6ed5c8c8d476fcd687dbb5ec	mapex_lab/experiments/nearest/nf_p500_001/evaluation/alltrain_snapshots/sample_000028_alltrain.npz
100644 blob 260d788116802b938a17093cc676f0158eeedd04	mapex_lab/experiments/nearest/nf_p500_001/evaluation/alltrain_snapshots/sample_000029_alltrain.npz
100644 blob d592037b996874fe5dd79434c33bb014200eac4a	mapex_lab/experiments/nearest/nf_p500_001/evaluation/alltrain_snapshots/sample_000030_alltrain.npz
100644 blob 1f8afaa03439e522de34abf6b2c8b40299d54f1d	mapex_lab/experiments/nearest/nf_p500_001/evaluation/alltrain_snapshots/sample_000031_alltrain.npz
100644 blob b81a639bcd6203bde6a5538b1d7425feea3a799d	mapex_lab/experiments/nearest/nf_p500_001/evaluation/alltrain_snapshots/sample_000032_alltrain.npz
100644 blob f3432f6ab32255ab4a9c2d04b3385b5142ec6fe2	mapex_lab/experiments/nearest/nf_p500_001/evaluation/alltrain_snapshots/sample_000033_alltrain.npz
100644 blob 00da4b77120df963dc1fc8ab88ec4dc80db068a2	mapex_lab/experiments/nearest/nf_p500_001/evaluation/alltrain_snapshots/sample_000034_alltrain.npz
100644 blob cd34ae82c20bf31c1114687cd772f914a84723b4	mapex_lab/experiments/nearest/nf_p500_001/evaluation/alltrain_snapshots/sample_000035_alltrain.npz
100644 blob a192ec11eaf9ea3ae22bc1a0ec7b928350914e52	mapex_lab/experiments/nearest/nf_p500_001/evaluation/alltrain_snapshots/sample_000036_alltrain.npz
100644 blob 8439eec14583a7fad6e48ca01d8796945f0f7ebb	mapex_lab/experiments/nearest/nf_p500_001/evaluation/alltrain_snapshots/sample_000037_alltrain.npz
100644 blob 2469096572acc810b7c2488fc95e0fe4783b6f78	mapex_lab/experiments/nearest/nf_p500_001/evaluation/alltrain_snapshots/sample_000038_alltrain.npz
100644 blob 54f30446336b887f97d8146dbe0a232b3afdd121	mapex_lab/experiments/nearest/nf_p500_001/evaluation/alltrain_snapshots/sample_000039_alltrain.npz
100644 blob f7d2d49834ec38094f015ca514779387ec00940d	mapex_lab/experiments/nearest/nf_p500_001/evaluation/alltrain_snapshots/sample_000040_alltrain.npz
100644 blob 949946b0f373f6014175f1c27b6a7195ccd17750	mapex_lab/experiments/nearest/nf_p500_001/evaluation/alltrain_snapshots/sample_000041_alltrain.npz
100644 blob 3460934b599908aabe6aec81d7f03fa4ef816f82	mapex_lab/experiments/nearest/nf_p500_001/evaluation/alltrain_snapshots/sample_000042_alltrain.npz
100644 blob 3d32ef1b2c75fc8777abdecd08dc48456d198905	mapex_lab/experiments/nearest/nf_p500_001/evaluation/alltrain_snapshots/sample_000043_alltrain.npz
100644 blob 900fb7a1aaf2b655918dcc410c1d00d15b846e1a	mapex_lab/experiments/nearest/nf_p500_001/evaluation/alltrain_snapshots/sample_000044_alltrain.npz
100644 blob 754fdadbbcac263950e28d58a6d649f9bace1856	mapex_lab/experiments/nearest/nf_p500_001/evaluation/alltrain_snapshots/sample_000045_alltrain.npz
100644 blob 38f60f43b4b253c0468fb3e4cc9415d5e2eed517	mapex_lab/experiments/nearest/nf_p500_001/evaluation/alltrain_snapshots/sample_000046_alltrain.npz
100644 blob 05b5833f0aede257ef91f07b5028e39893f2d2a0	mapex_lab/experiments/nearest/nf_p500_001/evaluation/alltrain_snapshots/sample_000047_alltrain.npz
100644 blob c2a59537c9b609217809affb035f9c5ebd793eb7	mapex_lab/experiments/nearest/nf_p500_001/evaluation/alltrain_snapshots/sample_000048_alltrain.npz
100644 blob 803337d688290b991cecf454c0a8d6ff51d50dab	mapex_lab/experiments/nearest/nf_p500_001/evaluation/alltrain_snapshots/sample_000049_alltrain.npz
100644 blob 7d86b69e2860cb6ebdbc0af6eafb926e0ec13995	mapex_lab/experiments/nearest/nf_p500_001/evaluation/alltrain_snapshots/sample_000050_alltrain.npz
100644 blob df737e4f353fbf3e14e1638638488fa7e7ff0d8d	mapex_lab/experiments/nearest/nf_p500_001/evaluation/alltrain_snapshots/sample_000051_alltrain.npz
100644 blob d777254deac820e1a1d13c5458669c5cc5f953dc	mapex_lab/experiments/nearest/nf_p500_001/evaluation/alltrain_snapshots/sample_000052_alltrain.npz
100644 blob 50cb285a12d29cf549722601ac0bdb1c85a3de51	mapex_lab/experiments/nearest/nf_p500_001/evaluation/paper500/curve.csv
100644 blob 7307076dd1ad61d795b6dc9d787581d452db89c1	mapex_lab/experiments/nearest/nf_p500_001/evaluation/paper500/evaluation.json
100644 blob 8d67c2b1335366261433550ff772054ea075acae	mapex_lab/experiments/nearest/nf_p500_001/evaluation/paper500/samples.csv
100644 blob f37d961813271a5e84fd53844936bbbac3a98a1e	mapex_lab/experiments/nearest/nf_p500_001/goals.csv
100644 blob 533affbc390502f3880629a306dd945698a389bf	mapex_lab/experiments/nearest/nf_p500_001/maps/paper500_0001_initial_k0000_canvas.npz
100644 blob 22d43a3001b10e212913996be0f82100518e388b	mapex_lab/experiments/nearest/nf_p500_001/maps/paper500_0001_initial_k0000_raw.npz
100644 blob c33b1807b305d537b5579a41d25675ef2e6e7f90	mapex_lab/experiments/nearest/nf_p500_001/maps/paper500_0002_progress_k0010_canvas.npz
100644 blob 60ee0b9fb3931f308edb4cec2d88397e263b8257	mapex_lab/experiments/nearest/nf_p500_001/maps/paper500_0002_progress_k0010_raw.npz
100644 blob 52f09e299dbd894a2268b6793e128fd8521eaf30	mapex_lab/experiments/nearest/nf_p500_001/maps/paper500_0003_progress_k0020_canvas.npz
100644 blob 70cb3e446d5a4a759d8936471614a12504c9776a	mapex_lab/experiments/nearest/nf_p500_001/maps/paper500_0003_progress_k0020_raw.npz
100644 blob 57655b954d0a2db512e7c321604456ee70048d45	mapex_lab/experiments/nearest/nf_p500_001/maps/paper500_0004_progress_k0030_canvas.npz
100644 blob 59d875012208c0059c479aaaef176ca422cee967	mapex_lab/experiments/nearest/nf_p500_001/maps/paper500_0004_progress_k0030_raw.npz
100644 blob 0286ee7239680a23d5d5e2bdfe0ef0185a5f0e6f	mapex_lab/experiments/nearest/nf_p500_001/maps/paper500_0005_progress_k0040_canvas.npz
100644 blob a7f9d40a15805041629b5d34bd2b312bc9a5607e	mapex_lab/experiments/nearest/nf_p500_001/maps/paper500_0005_progress_k0040_raw.npz
100644 blob ee69c52bcb8eeb2c6eb99768516c2a2361a8c649	mapex_lab/experiments/nearest/nf_p500_001/maps/paper500_0006_progress_k0050_canvas.npz
100644 blob 66996a6af08c40c00c449d201a82d4a0d2cb2a20	mapex_lab/experiments/nearest/nf_p500_001/maps/paper500_0006_progress_k0050_raw.npz
100644 blob 15f1f4ce3bda976c7a92e3a76a8a77e49291eca2	mapex_lab/experiments/nearest/nf_p500_001/maps/paper500_0007_progress_k0060_canvas.npz
100644 blob f64050915ae5f16c971d1c095362fa4e62290844	mapex_lab/experiments/nearest/nf_p500_001/maps/paper500_0007_progress_k0060_raw.npz
100644 blob c4f63d7056ac2af444bec23d2f893e4152ffd358	mapex_lab/experiments/nearest/nf_p500_001/maps/paper500_0008_progress_k0070_canvas.npz
100644 blob 801c1d964e06e7ee15883ec2bf8dd68153002dd9	mapex_lab/experiments/nearest/nf_p500_001/maps/paper500_0008_progress_k0070_raw.npz
100644 blob b80e6c7d7f342cca118748e2fdb2e4c5988fbb6c	mapex_lab/experiments/nearest/nf_p500_001/maps/paper500_0009_progress_k0080_canvas.npz
100644 blob 83a01c49079bb6c05cd52a1c68ca92e5d0ab58ca	mapex_lab/experiments/nearest/nf_p500_001/maps/paper500_0009_progress_k0080_raw.npz
100644 blob 5743213377ad83939b4460393b2c35b08ef958c2	mapex_lab/experiments/nearest/nf_p500_001/maps/paper500_0010_progress_k0090_canvas.npz
100644 blob 7464edb6df348d1c95d0a1ebd51ae3d0f1bdc252	mapex_lab/experiments/nearest/nf_p500_001/maps/paper500_0010_progress_k0090_raw.npz
100644 blob 882a742009d45ba485ac147c0a0eadcd78d04036	mapex_lab/experiments/nearest/nf_p500_001/maps/paper500_0011_progress_k0100_canvas.npz
100644 blob 2d242daf0aa23303dc41055ef9b5c2171c0932c0	mapex_lab/experiments/nearest/nf_p500_001/maps/paper500_0011_progress_k0100_raw.npz
100644 blob 551e0ca8c0ae92ace77f135a3b30ecd39dae043d	mapex_lab/experiments/nearest/nf_p500_001/maps/paper500_0012_progress_k0110_canvas.npz
100644 blob 775a78e837de8868a14f8f0453eb430404166fce	mapex_lab/experiments/nearest/nf_p500_001/maps/paper500_0012_progress_k0110_raw.npz
100644 blob d814b84c8bcb69eda93cfd39ff4a0c38d7b2b14e	mapex_lab/experiments/nearest/nf_p500_001/maps/paper500_0013_progress_k0120_canvas.npz
100644 blob 5aea58ae1c31136ae8dd812dafb516da017e9b4e	mapex_lab/experiments/nearest/nf_p500_001/maps/paper500_0013_progress_k0120_raw.npz
100644 blob 3b225f5a20f3a6dbfb8b6dcb6a9b5a365130052a	mapex_lab/experiments/nearest/nf_p500_001/maps/paper500_0014_progress_k0130_canvas.npz
100644 blob d04f5c276788f4af8cef760f026c445c78bfcbb4	mapex_lab/experiments/nearest/nf_p500_001/maps/paper500_0014_progress_k0130_raw.npz
100644 blob 0114d101e14e8006c2535cb5d136e618dbcf9077	mapex_lab/experiments/nearest/nf_p500_001/maps/paper500_0015_progress_k0140_canvas.npz
100644 blob 14c32e60d24a1a8a3d4eb04c5592795a010f45df	mapex_lab/experiments/nearest/nf_p500_001/maps/paper500_0015_progress_k0140_raw.npz
100644 blob ed7e74c2badf26ed47c20045ad3391690a7b0f7e	mapex_lab/experiments/nearest/nf_p500_001/maps/paper500_0016_progress_k0150_canvas.npz
100644 blob 86eb2c70a282881a6c78615aa6bc75092d9a0d7f	mapex_lab/experiments/nearest/nf_p500_001/maps/paper500_0016_progress_k0150_raw.npz
100644 blob 720154432c853c90698ab5a0360446dca3289999	mapex_lab/experiments/nearest/nf_p500_001/maps/paper500_0017_progress_k0160_canvas.npz
100644 blob 39a00fbf4851a9d4dd2dd28d15136784d6d15552	mapex_lab/experiments/nearest/nf_p500_001/maps/paper500_0017_progress_k0160_raw.npz
100644 blob 8c5f43c3a7120b0f22f7ab6371c9004395095f3e	mapex_lab/experiments/nearest/nf_p500_001/maps/paper500_0018_progress_k0170_canvas.npz
100644 blob b90a7a87230e2f7a1a22268d4b8c1bda265538d6	mapex_lab/experiments/nearest/nf_p500_001/maps/paper500_0018_progress_k0170_raw.npz
100644 blob 04885c47ab004eb9c7377928f6cf6e8b6acde396	mapex_lab/experiments/nearest/nf_p500_001/maps/paper500_0019_progress_k0180_canvas.npz
100644 blob e798d848971e9d20d565d84653dc1aa60a6fcf53	mapex_lab/experiments/nearest/nf_p500_001/maps/paper500_0019_progress_k0180_raw.npz
100644 blob 6abc3ef895bc02a1097413383a15979e174c5ffe	mapex_lab/experiments/nearest/nf_p500_001/maps/paper500_0020_progress_k0190_canvas.npz
100644 blob 6c79e22322d6a3bfda475fc5be8d883b3e0c680e	mapex_lab/experiments/nearest/nf_p500_001/maps/paper500_0020_progress_k0190_raw.npz
100644 blob acf86e4ebc8fb35176e6c282d418b4c3e691d24c	mapex_lab/experiments/nearest/nf_p500_001/maps/paper500_0021_progress_k0200_canvas.npz
100644 blob bc7d8f3174b96f9a6ee8da3382186b1db7f50cf6	mapex_lab/experiments/nearest/nf_p500_001/maps/paper500_0021_progress_k0200_raw.npz
100644 blob 59d65d73a0e6559b2fa7ab16f556fb60dd80c595	mapex_lab/experiments/nearest/nf_p500_001/maps/paper500_0022_progress_k0210_canvas.npz
100644 blob abe5d77873f11ffa271fe1d98d0d338da4fb7aa0	mapex_lab/experiments/nearest/nf_p500_001/maps/paper500_0022_progress_k0210_raw.npz
100644 blob 070b826f0559939e8d5cddacd2c795528daa5dcf	mapex_lab/experiments/nearest/nf_p500_001/maps/paper500_0023_progress_k0220_canvas.npz
100644 blob d36685f111c3dd00e88ce27af99a0173c94b8df0	mapex_lab/experiments/nearest/nf_p500_001/maps/paper500_0023_progress_k0220_raw.npz
100644 blob 58923b389eae9b7febfd74c221508a149e2b4c70	mapex_lab/experiments/nearest/nf_p500_001/maps/paper500_0024_progress_k0230_canvas.npz
100644 blob 7c24a647ba267a01c6202abeb80491f8288a7ab3	mapex_lab/experiments/nearest/nf_p500_001/maps/paper500_0024_progress_k0230_raw.npz
100644 blob fc16f8936f1e8e8c0d0d9bb765243437552a04fd	mapex_lab/experiments/nearest/nf_p500_001/maps/paper500_0025_progress_k0240_canvas.npz
100644 blob 3a0820e6326b35e3f78e0fe58ad2e61bc51ddee5	mapex_lab/experiments/nearest/nf_p500_001/maps/paper500_0025_progress_k0240_raw.npz
100644 blob c78973a553135f468c6d3e41d1047fef97126027	mapex_lab/experiments/nearest/nf_p500_001/maps/paper500_0026_progress_k0250_canvas.npz
100644 blob d93040ba9c68cbb96ab9699b02dc2c8ad22935d7	mapex_lab/experiments/nearest/nf_p500_001/maps/paper500_0026_progress_k0250_raw.npz
100644 blob ae2f712cf78c971a8a28017441f461a3f51b135b	mapex_lab/experiments/nearest/nf_p500_001/maps/paper500_0027_progress_k0260_canvas.npz
100644 blob d2d8576808558130fd1ddab4dbd04cd43b4bc7ef	mapex_lab/experiments/nearest/nf_p500_001/maps/paper500_0027_progress_k0260_raw.npz
100644 blob 0c1bd00a227f5f9f2c9223d206b13c4fe40dd1f8	mapex_lab/experiments/nearest/nf_p500_001/maps/paper500_0028_progress_k0270_canvas.npz
100644 blob 5e3dd8fdb427bae2bba30fabf11760f31f698dce	mapex_lab/experiments/nearest/nf_p500_001/maps/paper500_0028_progress_k0270_raw.npz
100644 blob 38b229257502363a01ff840ff0da2fd0b9f1a46a	mapex_lab/experiments/nearest/nf_p500_001/maps/paper500_0029_progress_k0280_canvas.npz
100644 blob 978b4a526107d651e8e9587c46353bc9f88a8818	mapex_lab/experiments/nearest/nf_p500_001/maps/paper500_0029_progress_k0280_raw.npz
100644 blob b4f7e5cec171af45e84387b0f792151865e586f8	mapex_lab/experiments/nearest/nf_p500_001/maps/paper500_0030_progress_k0290_canvas.npz
100644 blob b48e41e04309edbbed6c619dac0477852d47da4b	mapex_lab/experiments/nearest/nf_p500_001/maps/paper500_0030_progress_k0290_raw.npz
100644 blob f9c7be520a3173310800a92eaa830d7207b6d5cd	mapex_lab/experiments/nearest/nf_p500_001/maps/paper500_0031_progress_k0300_canvas.npz
100644 blob 17c174e13ba2bdf785992935f65ffc08e944f7a4	mapex_lab/experiments/nearest/nf_p500_001/maps/paper500_0031_progress_k0300_raw.npz
100644 blob 431b591e8f01b73200644bdbccbcefabb1fad708	mapex_lab/experiments/nearest/nf_p500_001/maps/paper500_0032_progress_k0310_canvas.npz
100644 blob eae09b2911ba853be84cd4d7e5bea1a86f977dfc	mapex_lab/experiments/nearest/nf_p500_001/maps/paper500_0032_progress_k0310_raw.npz
100644 blob 1db9c0c3fc4464c03d9d4b514654d1e0e1bd41d2	mapex_lab/experiments/nearest/nf_p500_001/maps/paper500_0033_progress_k0320_canvas.npz
100644 blob eaf017e29dd0987f5524c5ccb45bcbba79089eaa	mapex_lab/experiments/nearest/nf_p500_001/maps/paper500_0033_progress_k0320_raw.npz
100644 blob 32bf9bb24817988038d41d624b3111892a691517	mapex_lab/experiments/nearest/nf_p500_001/maps/paper500_0034_progress_k0330_canvas.npz
100644 blob 111407f5e9a8b48339bae7556d5541c7718586e0	mapex_lab/experiments/nearest/nf_p500_001/maps/paper500_0034_progress_k0330_raw.npz
100644 blob 3f232fd4c1adfcc3ab8d098cd873c3c2594ca1bd	mapex_lab/experiments/nearest/nf_p500_001/maps/paper500_0035_progress_k0340_canvas.npz
100644 blob bd8e28e7d93c385693bef3dd70a523d45400ea5e	mapex_lab/experiments/nearest/nf_p500_001/maps/paper500_0035_progress_k0340_raw.npz
100644 blob 48bc47bb30cc9f9cf6a3df52bf2c01dabb812d77	mapex_lab/experiments/nearest/nf_p500_001/maps/paper500_0036_progress_k0350_canvas.npz
100644 blob 5ac1f9d3a89ff3bba3d57c77ddb8a3ac19e32c8a	mapex_lab/experiments/nearest/nf_p500_001/maps/paper500_0036_progress_k0350_raw.npz
100644 blob f83becdb496e3a927fe85f8f122b8a9badc4ecc1	mapex_lab/experiments/nearest/nf_p500_001/maps/paper500_0037_progress_k0360_canvas.npz
100644 blob 733d1d8b641fa9f11794c384b32382ee4e5f808d	mapex_lab/experiments/nearest/nf_p500_001/maps/paper500_0037_progress_k0360_raw.npz
100644 blob 34d257fad7cbcef3b08bfc3b812db16ee923f29b	mapex_lab/experiments/nearest/nf_p500_001/maps/paper500_0038_progress_k0370_canvas.npz
100644 blob bfcb583bc777abf3cf5089a071e40beeb8aa6b6e	mapex_lab/experiments/nearest/nf_p500_001/maps/paper500_0038_progress_k0370_raw.npz
100644 blob fbfd79faf2f7da45a553a377f44b0fa30f7530e6	mapex_lab/experiments/nearest/nf_p500_001/maps/paper500_0039_progress_k0380_canvas.npz
100644 blob ac4987330056a60b70a026d40efff0ce2ede4930	mapex_lab/experiments/nearest/nf_p500_001/maps/paper500_0039_progress_k0380_raw.npz
100644 blob 57d1ca9a4af5a20b77a04c16729b2abd685d7bd1	mapex_lab/experiments/nearest/nf_p500_001/maps/paper500_0040_progress_k0390_canvas.npz
100644 blob a6db17fba7c26d670a8cf6151568338fabd5068a	mapex_lab/experiments/nearest/nf_p500_001/maps/paper500_0040_progress_k0390_raw.npz
100644 blob ed1993b02c9f5cc00591732fc3df0be565a3ba70	mapex_lab/experiments/nearest/nf_p500_001/maps/paper500_0041_progress_k0400_canvas.npz
100644 blob c743634bde6d4e9decc30e3665cc0b02712c812c	mapex_lab/experiments/nearest/nf_p500_001/maps/paper500_0041_progress_k0400_raw.npz
100644 blob 2c923b630656d02ed9ad4633435feb9534b5914f	mapex_lab/experiments/nearest/nf_p500_001/maps/paper500_0042_progress_k0410_canvas.npz
100644 blob d1ea54f0b14b2032b82f05dcb16f691bea18b034	mapex_lab/experiments/nearest/nf_p500_001/maps/paper500_0042_progress_k0410_raw.npz
100644 blob 60162cefbfdf568a0d2c385e253da932b5871a51	mapex_lab/experiments/nearest/nf_p500_001/maps/paper500_0043_progress_k0420_canvas.npz
100644 blob 8cf70139bea873b040d23d629437d0ebff9ce25b	mapex_lab/experiments/nearest/nf_p500_001/maps/paper500_0043_progress_k0420_raw.npz
100644 blob 6518297ba21a7878b98f4f0e64e893bba8a126c0	mapex_lab/experiments/nearest/nf_p500_001/maps/paper500_0044_progress_k0430_canvas.npz
100644 blob d74fb432341f2e986f18721da752db02597ee2f2	mapex_lab/experiments/nearest/nf_p500_001/maps/paper500_0044_progress_k0430_raw.npz
100644 blob d5a509b14ad7e9739e79efa72d3168c8db30b14d	mapex_lab/experiments/nearest/nf_p500_001/maps/paper500_0045_progress_k0440_canvas.npz
100644 blob fae9f8627595feaedac43538c27935cbabd68c3b	mapex_lab/experiments/nearest/nf_p500_001/maps/paper500_0045_progress_k0440_raw.npz
100644 blob f3a1ea0714e3b21245175db0238436e8b398412f	mapex_lab/experiments/nearest/nf_p500_001/maps/paper500_0046_progress_k0450_canvas.npz
100644 blob 9ce28ae69eb837f8c8ae86907ea8abe67cfbe735	mapex_lab/experiments/nearest/nf_p500_001/maps/paper500_0046_progress_k0450_raw.npz
100644 blob 17dde2828dfede6f410358687037e15deae63ed4	mapex_lab/experiments/nearest/nf_p500_001/maps/paper500_0047_progress_k0460_canvas.npz
100644 blob 7a940ba3b9f4b900b4d770fc1b3d0fd071a9f304	mapex_lab/experiments/nearest/nf_p500_001/maps/paper500_0047_progress_k0460_raw.npz
100644 blob edc712f90d904fa8a018ad5b0a39163701e8bbcf	mapex_lab/experiments/nearest/nf_p500_001/maps/paper500_0048_progress_k0470_canvas.npz
100644 blob e147d71dc8ee20422662b44bd98b9fcfe002f773	mapex_lab/experiments/nearest/nf_p500_001/maps/paper500_0048_progress_k0470_raw.npz
100644 blob f1d0a5e67e21e507dcdefa5f5bcf6d09df40fc84	mapex_lab/experiments/nearest/nf_p500_001/maps/paper500_0049_progress_k0480_canvas.npz
100644 blob 6ed2cd48247a63423d37641b0159acd2640eedf9	mapex_lab/experiments/nearest/nf_p500_001/maps/paper500_0049_progress_k0480_raw.npz
100644 blob 3f7d6abf05b5fb2a265304b299055605363ef2aa	mapex_lab/experiments/nearest/nf_p500_001/maps/paper500_0050_progress_k0490_canvas.npz
100644 blob d6cf578487d08dbc24fbd82f8bdc62a5562139f3	mapex_lab/experiments/nearest/nf_p500_001/maps/paper500_0050_progress_k0490_raw.npz
100644 blob 930b2777689c1cb017c0121efc143736641e71b7	mapex_lab/experiments/nearest/nf_p500_001/maps/paper500_0051_progress_k0500_canvas.npz
100644 blob 3ff68fa8df0f41a061c559817ea0fff16c737cc3	mapex_lab/experiments/nearest/nf_p500_001/maps/paper500_0051_progress_k0500_raw.npz
100644 blob 81637dfd4eea40f887c0485f002d564d2776c62e	mapex_lab/experiments/nearest/nf_p500_001/maps/paper500_0052_budget_cutoff_k0500_canvas.npz
100644 blob de9cf4f35e4d5b468c55c884143735d4277cc6c3	mapex_lab/experiments/nearest/nf_p500_001/maps/paper500_0052_budget_cutoff_k0500_raw.npz
100644 blob 81637dfd4eea40f887c0485f002d564d2776c62e	mapex_lab/experiments/nearest/nf_p500_001/maps/paper500_0053_post_cancellation_k0500_canvas.npz
100644 blob de9cf4f35e4d5b468c55c884143735d4277cc6c3	mapex_lab/experiments/nearest/nf_p500_001/maps/paper500_0053_post_cancellation_k0500_raw.npz
100644 blob 533affbc390502f3880629a306dd945698a389bf	mapex_lab/experiments/nearest/nf_p500_001/maps/snapshot_000001_periodic_canvas.npz
100644 blob 22d43a3001b10e212913996be0f82100518e388b	mapex_lab/experiments/nearest/nf_p500_001/maps/snapshot_000001_periodic_raw.npz
100644 blob af5ca0f5ee93a00384168aad35045caeb8ce38f7	mapex_lab/experiments/nearest/nf_p500_001/maps/snapshot_000002_periodic_canvas.npz
100644 blob 644a8bddebd46213d24385049c038bcf24f117a6	mapex_lab/experiments/nearest/nf_p500_001/maps/snapshot_000002_periodic_raw.npz
100644 blob c8cf248433111ed3107c180a338d18025358d11c	mapex_lab/experiments/nearest/nf_p500_001/maps/snapshot_000003_periodic_canvas.npz
100644 blob 3fcc8c5f41eea0b9a5d9dd12ee39ba10795f676a	mapex_lab/experiments/nearest/nf_p500_001/maps/snapshot_000003_periodic_raw.npz
100644 blob 4aa503b21f7a9f9ff6ca4ce003cc06fe0aabbeb7	mapex_lab/experiments/nearest/nf_p500_001/maps/snapshot_000004_periodic_canvas.npz
100644 blob 7e5aa79c3a5e7bc466d38f0f9ccdb1239f5d71c6	mapex_lab/experiments/nearest/nf_p500_001/maps/snapshot_000004_periodic_raw.npz
100644 blob cdaa03f57f5864f154c3bcb0644baa299d7bbabc	mapex_lab/experiments/nearest/nf_p500_001/maps/snapshot_000005_periodic_canvas.npz
100644 blob e2b3491f57b377f0a562a8b454e93846b584ffb3	mapex_lab/experiments/nearest/nf_p500_001/maps/snapshot_000005_periodic_raw.npz
100644 blob 3e963b50c38c9be9b974bb6a573e90e830051642	mapex_lab/experiments/nearest/nf_p500_001/maps/snapshot_000006_periodic_canvas.npz
100644 blob 7c3a73f1c84fb7d55693c953ecb397d8b6595cfe	mapex_lab/experiments/nearest/nf_p500_001/maps/snapshot_000006_periodic_raw.npz
100644 blob 523d755839f29af84b369e116574d9e42a000d1a	mapex_lab/experiments/nearest/nf_p500_001/maps/snapshot_000007_periodic_canvas.npz
100644 blob 7b477b91ca9a4acfa27db0160a273d99a19bb30a	mapex_lab/experiments/nearest/nf_p500_001/maps/snapshot_000007_periodic_raw.npz
100644 blob ea6034fae564a3bb9551699c71bc2d3442ec5b31	mapex_lab/experiments/nearest/nf_p500_001/maps/snapshot_000008_periodic_canvas.npz
100644 blob 5c3985d29096fa8830d1375a99c4babe71a2a2e2	mapex_lab/experiments/nearest/nf_p500_001/maps/snapshot_000008_periodic_raw.npz
100644 blob 693e85b92d617923c071fc28da36a5f23786040b	mapex_lab/experiments/nearest/nf_p500_001/maps/snapshot_000009_periodic_canvas.npz
100644 blob 4d0f2ee57fd64e4fa46a9447f6d07bd019b4f624	mapex_lab/experiments/nearest/nf_p500_001/maps/snapshot_000009_periodic_raw.npz
100644 blob cfd9d49c139aa32201c72969c42300beabc4ae3d	mapex_lab/experiments/nearest/nf_p500_001/maps/snapshot_000010_periodic_canvas.npz
100644 blob 88f06355f51b728441c372885a4752c31569c34c	mapex_lab/experiments/nearest/nf_p500_001/maps/snapshot_000010_periodic_raw.npz
100644 blob 06fa51250140cd8bf4e5eacc9bc8630b495652e7	mapex_lab/experiments/nearest/nf_p500_001/maps/snapshot_000011_periodic_canvas.npz
100644 blob 21b34fed2814ed131378663b7ebf6289eb1ecabb	mapex_lab/experiments/nearest/nf_p500_001/maps/snapshot_000011_periodic_raw.npz
100644 blob 230189c1d85805c2b9b3b584349bd0a7e08de3a7	mapex_lab/experiments/nearest/nf_p500_001/maps/snapshot_000012_periodic_canvas.npz
100644 blob ef32c1d3691d29d677abbbaf1ab63cbf4930d4a4	mapex_lab/experiments/nearest/nf_p500_001/maps/snapshot_000012_periodic_raw.npz
100644 blob 3b225f5a20f3a6dbfb8b6dcb6a9b5a365130052a	mapex_lab/experiments/nearest/nf_p500_001/maps/snapshot_000013_periodic_canvas.npz
100644 blob d04f5c276788f4af8cef760f026c445c78bfcbb4	mapex_lab/experiments/nearest/nf_p500_001/maps/snapshot_000013_periodic_raw.npz
100644 blob 2647bf97e4021f734a430243bf3cf0390774353b	mapex_lab/experiments/nearest/nf_p500_001/maps/snapshot_000014_periodic_canvas.npz
100644 blob 74cb09e146e39044c430b3fac4e3981b1aa72b67	mapex_lab/experiments/nearest/nf_p500_001/maps/snapshot_000014_periodic_raw.npz
100644 blob 43c0754bb1c0e2eba2af08cc2350c22e8b4046de	mapex_lab/experiments/nearest/nf_p500_001/maps/snapshot_000015_periodic_canvas.npz
100644 blob dedecfae2f5cd03e5a8c36c496c1c4d9f75686de	mapex_lab/experiments/nearest/nf_p500_001/maps/snapshot_000015_periodic_raw.npz
100644 blob 530d13ce2b473502a2b884df9f5087bdd27991c8	mapex_lab/experiments/nearest/nf_p500_001/maps/snapshot_000016_periodic_canvas.npz
100644 blob 9a67ce01382859efb89ab9a694c0c7b209179b60	mapex_lab/experiments/nearest/nf_p500_001/maps/snapshot_000016_periodic_raw.npz
100644 blob 9c996a9be481ffac619cd6a994a24b01eb2ad354	mapex_lab/experiments/nearest/nf_p500_001/maps/snapshot_000017_periodic_canvas.npz
100644 blob 13eb84409b30f883619238a3c8384c9767f1797a	mapex_lab/experiments/nearest/nf_p500_001/maps/snapshot_000017_periodic_raw.npz
100644 blob 4c05fd2ab9a3a1f6eb4370528aab4bb4ee3f492e	mapex_lab/experiments/nearest/nf_p500_001/maps/snapshot_000018_periodic_canvas.npz
100644 blob 4fa4d214f90c73c1fddb1c23c0d84bf8ead54906	mapex_lab/experiments/nearest/nf_p500_001/maps/snapshot_000018_periodic_raw.npz
100644 blob d1b35b93917f91daf661d60eb9a40427d82be3fc	mapex_lab/experiments/nearest/nf_p500_001/maps/snapshot_000019_periodic_canvas.npz
100644 blob 14db578cdd8ff7b67860cf1cc8aa421b66079aab	mapex_lab/experiments/nearest/nf_p500_001/maps/snapshot_000019_periodic_raw.npz
100644 blob 83bc381350472aa103fe91bda690011ab5629dee	mapex_lab/experiments/nearest/nf_p500_001/maps/snapshot_000020_periodic_canvas.npz
100644 blob 91121fd38b24d5c2ec3fa2bc3b16b9fa47c3156d	mapex_lab/experiments/nearest/nf_p500_001/maps/snapshot_000020_periodic_raw.npz
100644 blob c0c264a9e8d6b53ef1300ff9675728e147356ddc	mapex_lab/experiments/nearest/nf_p500_001/maps/snapshot_000021_periodic_canvas.npz
100644 blob 8bac4c4cdd2f012231b3afe5a5346a2226f93b27	mapex_lab/experiments/nearest/nf_p500_001/maps/snapshot_000021_periodic_raw.npz
100644 blob 884e917ba9ff0d46e9959f9447231cce891fa3bf	mapex_lab/experiments/nearest/nf_p500_001/maps/snapshot_000022_periodic_canvas.npz
100644 blob 93299c36ddae7dee33b47608276bd968d590e612	mapex_lab/experiments/nearest/nf_p500_001/maps/snapshot_000022_periodic_raw.npz
100644 blob ae2f712cf78c971a8a28017441f461a3f51b135b	mapex_lab/experiments/nearest/nf_p500_001/maps/snapshot_000023_periodic_canvas.npz
100644 blob d2d8576808558130fd1ddab4dbd04cd43b4bc7ef	mapex_lab/experiments/nearest/nf_p500_001/maps/snapshot_000023_periodic_raw.npz
100644 blob 24f14df660e17834e6d98add19ed372b385fe3ae	mapex_lab/experiments/nearest/nf_p500_001/maps/snapshot_000024_periodic_canvas.npz
100644 blob 02cf2a7ca2866ed25d47684d882ab0fb9aa37e8f	mapex_lab/experiments/nearest/nf_p500_001/maps/snapshot_000024_periodic_raw.npz
100644 blob dd59a817be000cb4cb1d2a8699631296f3768f11	mapex_lab/experiments/nearest/nf_p500_001/maps/snapshot_000025_periodic_canvas.npz
100644 blob b9f0cb7a334e3959c9da8514053c3ba03ac639e4	mapex_lab/experiments/nearest/nf_p500_001/maps/snapshot_000025_periodic_raw.npz
100644 blob bcb0958046f45ba0044c9e4b5cce1b1807bf5e29	mapex_lab/experiments/nearest/nf_p500_001/maps/snapshot_000026_periodic_canvas.npz
100644 blob ddb3841ff9cdba100c3894546b5544d705801065	mapex_lab/experiments/nearest/nf_p500_001/maps/snapshot_000026_periodic_raw.npz
100644 blob 6f7e84578658f4dd307c59a92d953a627ec84183	mapex_lab/experiments/nearest/nf_p500_001/maps/snapshot_000027_periodic_canvas.npz
100644 blob 11b9734f10e1d05b4db9f0ffd1e30135c7bbcc20	mapex_lab/experiments/nearest/nf_p500_001/maps/snapshot_000027_periodic_raw.npz
100644 blob 8d0a7886ffd75a540e7fa228cc7d8ab02da2f011	mapex_lab/experiments/nearest/nf_p500_001/maps/snapshot_000028_periodic_canvas.npz
100644 blob 5b01a0fbd9cf7c88d48f353c1d0be13471506f92	mapex_lab/experiments/nearest/nf_p500_001/maps/snapshot_000028_periodic_raw.npz
100644 blob f8f845b0abb04509d5b639b69afa8a178d87a301	mapex_lab/experiments/nearest/nf_p500_001/maps/snapshot_000029_periodic_canvas.npz
100644 blob 68f100c76c120eff1640e999f5036a624549e848	mapex_lab/experiments/nearest/nf_p500_001/maps/snapshot_000029_periodic_raw.npz
100644 blob 3c8a2570ec7fdf49f994e632f8e1132077254726	mapex_lab/experiments/nearest/nf_p500_001/maps/snapshot_000030_periodic_canvas.npz
100644 blob 2f695f9e5e27f014c3aa6e1191f4834abcdfadb8	mapex_lab/experiments/nearest/nf_p500_001/maps/snapshot_000030_periodic_raw.npz
100644 blob 13e2a92fc65cdebc7325564cee3f25196ce1d678	mapex_lab/experiments/nearest/nf_p500_001/maps/snapshot_000031_periodic_canvas.npz
100644 blob 4c10320001633e19624ea5f2d6e843a2b299ffa5	mapex_lab/experiments/nearest/nf_p500_001/maps/snapshot_000031_periodic_raw.npz
100644 blob b0eb0ce8376b175bcbe81c3f494e565435d776f6	mapex_lab/experiments/nearest/nf_p500_001/maps/snapshot_000032_periodic_canvas.npz
100644 blob e2fb2ebbf0f72bac7393472860b87bb07429414d	mapex_lab/experiments/nearest/nf_p500_001/maps/snapshot_000032_periodic_raw.npz
100644 blob ef6fa5a3fd897ed23e4e7ef3f4bc49bc6a9676d9	mapex_lab/experiments/nearest/nf_p500_001/maps/snapshot_000033_periodic_canvas.npz
100644 blob b28676d42233158a9d59f3a8f27448373d5e09fa	mapex_lab/experiments/nearest/nf_p500_001/maps/snapshot_000033_periodic_raw.npz
100644 blob 199d1b61b536523a52be3abbcfb527848fc6a397	mapex_lab/experiments/nearest/nf_p500_001/maps/snapshot_000034_periodic_canvas.npz
100644 blob c5de380fec61288dd6447afd65bbf8a8af4f89a9	mapex_lab/experiments/nearest/nf_p500_001/maps/snapshot_000034_periodic_raw.npz
100644 blob 3c64ed802b068ee9bdbe8efe5281ecfb9117ecbd	mapex_lab/experiments/nearest/nf_p500_001/maps/snapshot_000035_periodic_canvas.npz
100644 blob beaaa35fdf2f84adf095f0351c396ca87991f1f0	mapex_lab/experiments/nearest/nf_p500_001/maps/snapshot_000035_periodic_raw.npz
100644 blob 48d4e544fdbbcc2cfac1ac5464db0343fc7bd9c3	mapex_lab/experiments/nearest/nf_p500_001/maps/snapshot_000036_periodic_canvas.npz
100644 blob 665b40449ef3bf4a5470f79c89289d6e85306d34	mapex_lab/experiments/nearest/nf_p500_001/maps/snapshot_000036_periodic_raw.npz
100644 blob ad09f52f7cf21084e595f6862fde5c505305ca2f	mapex_lab/experiments/nearest/nf_p500_001/maps/snapshot_000037_periodic_canvas.npz
100644 blob f9e522dc60fe15eff9aa41f407a37147d1ac11e1	mapex_lab/experiments/nearest/nf_p500_001/maps/snapshot_000037_periodic_raw.npz
100644 blob 8dc1660ab7774072f7bb2635da0c72b01de057a0	mapex_lab/experiments/nearest/nf_p500_001/maps/snapshot_000038_periodic_canvas.npz
100644 blob 49dcedf236c4df140220103613249d39028574aa	mapex_lab/experiments/nearest/nf_p500_001/maps/snapshot_000038_periodic_raw.npz
100644 blob 21cf1ff912f94abc64c94fa65369cb6231440336	mapex_lab/experiments/nearest/nf_p500_001/maps/snapshot_000039_periodic_canvas.npz
100644 blob 41a7be876ed74ab28dcb64b21aed311192550d62	mapex_lab/experiments/nearest/nf_p500_001/maps/snapshot_000039_periodic_raw.npz
100644 blob 8daf41433eb4951a1c758e0412a350a5b243a7be	mapex_lab/experiments/nearest/nf_p500_001/maps/snapshot_000040_periodic_canvas.npz
100644 blob 0002e9cc8746653c9dbe9156e9b9fa39cbd6bf0a	mapex_lab/experiments/nearest/nf_p500_001/maps/snapshot_000040_periodic_raw.npz
100644 blob db064d5c787ac3eb7765abf975728480f215f149	mapex_lab/experiments/nearest/nf_p500_001/maps/snapshot_000041_periodic_canvas.npz
100644 blob ee47dc6b65d102e9b0237a9ad7a4d1ec8e7d35af	mapex_lab/experiments/nearest/nf_p500_001/maps/snapshot_000041_periodic_raw.npz
100644 blob 930b2777689c1cb017c0121efc143736641e71b7	mapex_lab/experiments/nearest/nf_p500_001/maps/snapshot_000042_periodic_canvas.npz
100644 blob 3ff68fa8df0f41a061c559817ea0fff16c737cc3	mapex_lab/experiments/nearest/nf_p500_001/maps/snapshot_000042_periodic_raw.npz
100644 blob 81637dfd4eea40f887c0485f002d564d2776c62e	mapex_lab/experiments/nearest/nf_p500_001/maps/snapshot_000043_final_canvas.npz
100644 blob de9cf4f35e4d5b468c55c884143735d4277cc6c3	mapex_lab/experiments/nearest/nf_p500_001/maps/snapshot_000043_final_raw.npz
100644 blob 75555f2f614746c59b1c81c97663980b5d6bf082	mapex_lab/experiments/nearest/nf_p500_001/metadata.json
100644 blob ca82cb99846e6510a71a93a9fde407ac7292dcad	mapex_lab/experiments/nearest/nf_p500_001/metrics.csv
100644 blob 259eea372e27ca18e6635d2f7aed4815acfe0aa5	mapex_lab/experiments/nearest/nf_p500_001/paper500_snapshots.csv
100644 blob 1a031ef25e6113b7ff45b56be8bc8ca879c2afde	mapex_lab/experiments/nearest/nf_p500_001/plans.csv
100644 blob edc9fa138ce4943ad3519db66085558cc68beedb	mapex_lab/experiments/nearest/nf_p500_001/policy_decisions.csv
100644 blob 077a6e6e1c99535b0e441a99ae4d1894cb09a978	mapex_lab/experiments/nearest/nf_p500_001/runtime_nav2_merged.yaml
100644 blob 6c1b75a0bb956e80d3edccfcd7a78cc46ced485d	mapex_lab/experiments/nearest/nf_p500_001/snapshots.csv
100644 blob d7552705d72c23e5738a82990cbc27912728d749	mapex_lab/experiments/nearest/nf_p500_001/summary.json
100644 blob 3ecdc7464f0f7ecd0cfe523718769ebdfd3604d3	mapex_lab/experiments/nearest/nf_p500_001/trajectory.csv
100644 blob 0771c982507c930289eba7cde291bde8838da377	mapex_lab/experiments/nearest/nf_p500_002/candidates.csv
100644 blob 50d65fcc988cb9ee7ead5360ec4e0c4e9b143ba4	mapex_lab/experiments/nearest/nf_p500_002/decisions/policy_decision_000001/candidates.csv
100644 blob 415ee6d240ca31ee288c3dddd578f5c4fdd9492a	mapex_lab/experiments/nearest/nf_p500_002/decisions/policy_decision_000001/decision.json
100644 blob f33742e7aa4c12219dd38a41238ef06450f86a30	mapex_lab/experiments/nearest/nf_p500_002/decisions/policy_decision_000001/observed_map_canvas.npz
100644 blob 9d1585050914ac7b45ec8f15d72852df021acebf	mapex_lab/experiments/nearest/nf_p500_002/decisions/policy_decision_000001/observed_map_raw.npz
100644 blob d8d75c55a97063304f3fb893b429da7cf900f44d	mapex_lab/experiments/nearest/nf_p500_002/decisions/policy_decision_000002/candidates.csv
100644 blob 49693b5912758ecc04366f7e0259ad4a53b468b5	mapex_lab/experiments/nearest/nf_p500_002/decisions/policy_decision_000002/decision.json
100644 blob ea7bde1fc984f45ee0a6830a95d3ea39cbc44521	mapex_lab/experiments/nearest/nf_p500_002/decisions/policy_decision_000002/observed_map_canvas.npz
100644 blob 56c8b95ae99a08856a54c1fa0cda4cb937a797c3	mapex_lab/experiments/nearest/nf_p500_002/decisions/policy_decision_000002/observed_map_raw.npz
100644 blob abb8192c2e45126433325fec265e6dd178256a23	mapex_lab/experiments/nearest/nf_p500_002/decisions/policy_decision_000003/candidates.csv
100644 blob e87b73b3c9e48c51002b5726dc92e55cab54d90b	mapex_lab/experiments/nearest/nf_p500_002/decisions/policy_decision_000003/decision.json
100644 blob f59409a80982c2ec1b3da6d76f3c08304f001d74	mapex_lab/experiments/nearest/nf_p500_002/decisions/policy_decision_000003/observed_map_canvas.npz
100644 blob 3024f18756f1cf8f1c966819ce56c883568c8646	mapex_lab/experiments/nearest/nf_p500_002/decisions/policy_decision_000003/observed_map_raw.npz
100644 blob 5634f6105e5ff89cf29eb1f75a861482988af2a1	mapex_lab/experiments/nearest/nf_p500_002/decisions/policy_decision_000004/candidates.csv
100644 blob bf0c1e58b18e98748cb6f078cd2aa14e1759520c	mapex_lab/experiments/nearest/nf_p500_002/decisions/policy_decision_000004/decision.json
100644 blob 79da880f2f5e29fd6a17aecb420a50a52875c0db	mapex_lab/experiments/nearest/nf_p500_002/decisions/policy_decision_000004/observed_map_canvas.npz
100644 blob 03960f06ceea50ed8db1d61486397db31ddbc026	mapex_lab/experiments/nearest/nf_p500_002/decisions/policy_decision_000004/observed_map_raw.npz
100644 blob c7f375dadcb0317457281cc6a4e82f1050171f25	mapex_lab/experiments/nearest/nf_p500_002/decisions/policy_decision_000005/candidates.csv
100644 blob d34018d4882e16fc6ae7a60413bd830a9cae7905	mapex_lab/experiments/nearest/nf_p500_002/decisions/policy_decision_000005/decision.json
100644 blob 6a6ad4742782cb5f00fa65f865baea0641504875	mapex_lab/experiments/nearest/nf_p500_002/decisions/policy_decision_000005/observed_map_canvas.npz
100644 blob 0d84ef805b61f412cdab6cc48daa7883b578e803	mapex_lab/experiments/nearest/nf_p500_002/decisions/policy_decision_000005/observed_map_raw.npz
100644 blob c014aefb4400b50898a35f6905ed03f0159ad82c	mapex_lab/experiments/nearest/nf_p500_002/decisions/policy_decision_000006/candidates.csv
100644 blob 51e9ce63bec62e448f5955c7bf3aca853ec2ddcc	mapex_lab/experiments/nearest/nf_p500_002/decisions/policy_decision_000006/decision.json
100644 blob 0f75561add192d339b53222c92b4c715cc1f4347	mapex_lab/experiments/nearest/nf_p500_002/decisions/policy_decision_000006/observed_map_canvas.npz
100644 blob d7c8c1dfb243299c76ec46d233ce867f35e03c39	mapex_lab/experiments/nearest/nf_p500_002/decisions/policy_decision_000006/observed_map_raw.npz
100644 blob 6766d4fdc6809c0a211bf67b25b895a64bb2a925	mapex_lab/experiments/nearest/nf_p500_002/decisions/policy_decision_000007/candidates.csv
100644 blob 1293b9aefa877c54957fc323ebbc2c2400f64a27	mapex_lab/experiments/nearest/nf_p500_002/decisions/policy_decision_000007/decision.json
100644 blob 9afaeca242340a01de92bf66032d9617db7de833	mapex_lab/experiments/nearest/nf_p500_002/decisions/policy_decision_000007/observed_map_canvas.npz
100644 blob 4737cd28d8db59cbcbfc1922a4320243dd4eae1e	mapex_lab/experiments/nearest/nf_p500_002/decisions/policy_decision_000007/observed_map_raw.npz
100644 blob 5a17ad6e4da57bb8e7da265345a7d90a255699c2	mapex_lab/experiments/nearest/nf_p500_002/decisions/policy_decision_000008/candidates.csv
100644 blob ef2caf0e6052da331fcc3db2403aee5b76cff1ce	mapex_lab/experiments/nearest/nf_p500_002/decisions/policy_decision_000008/decision.json
100644 blob 4d5f2844801107aa0771198e44e94b75bb65a188	mapex_lab/experiments/nearest/nf_p500_002/decisions/policy_decision_000008/observed_map_canvas.npz
100644 blob e899159a7627a08b89af62a88ccdc73de3a961a7	mapex_lab/experiments/nearest/nf_p500_002/decisions/policy_decision_000008/observed_map_raw.npz
100644 blob 8dd823946d680c34502750aba3f752c3ab1f6a30	mapex_lab/experiments/nearest/nf_p500_002/decisions/policy_decision_000009/candidates.csv
100644 blob 9a3f3c6dcd33ef7a17ed6627e2745d89b0dbb876	mapex_lab/experiments/nearest/nf_p500_002/decisions/policy_decision_000009/decision.json
100644 blob 242beccbe30f7a53f689597588fe9a8ff4f17940	mapex_lab/experiments/nearest/nf_p500_002/decisions/policy_decision_000009/observed_map_canvas.npz
100644 blob ce2643e53276ade956dec61e6d89f34a4c73328f	mapex_lab/experiments/nearest/nf_p500_002/decisions/policy_decision_000009/observed_map_raw.npz
100644 blob c8ccfe68737098bf6bba7f44de2f06976f5f6141	mapex_lab/experiments/nearest/nf_p500_002/decisions/policy_decision_000010/candidates.csv
100644 blob 49ee462e316f368cb574bc63b570de2cf827f380	mapex_lab/experiments/nearest/nf_p500_002/decisions/policy_decision_000010/decision.json
100644 blob 36d020e41a912d7187159d5964e713e8b0700323	mapex_lab/experiments/nearest/nf_p500_002/decisions/policy_decision_000010/observed_map_canvas.npz
100644 blob cbfc670a9aa02e9efac396f616f5684141d75f59	mapex_lab/experiments/nearest/nf_p500_002/decisions/policy_decision_000010/observed_map_raw.npz
100644 blob 738f4e5e8ad05ce8e783c8abfe2c934a6196aa2c	mapex_lab/experiments/nearest/nf_p500_002/decisions/policy_decision_000011/candidates.csv
100644 blob 9fcf23f261b3c32ec89d06cce6e7361a13600897	mapex_lab/experiments/nearest/nf_p500_002/decisions/policy_decision_000011/decision.json
100644 blob b1474b2caf3fc7f608c6e0473cfcafe6a0768d5e	mapex_lab/experiments/nearest/nf_p500_002/decisions/policy_decision_000011/observed_map_canvas.npz
100644 blob 1c48ae738e36ebf659a64ac3205e0316200f8654	mapex_lab/experiments/nearest/nf_p500_002/decisions/policy_decision_000011/observed_map_raw.npz
100644 blob 0b14ae7d2a6f94fe98af37367fd870338659e9f4	mapex_lab/experiments/nearest/nf_p500_002/decisions/policy_decision_000012/candidates.csv
100644 blob 6978c4ac17435258e7f95c8c8bf40bcf394aadac	mapex_lab/experiments/nearest/nf_p500_002/decisions/policy_decision_000012/decision.json
100644 blob d696d8891aa1849c18a53a0f4067a47f68feabe4	mapex_lab/experiments/nearest/nf_p500_002/decisions/policy_decision_000012/observed_map_canvas.npz
100644 blob 3538df7679aa54fd7f6ae6ea6967d54905bf243e	mapex_lab/experiments/nearest/nf_p500_002/decisions/policy_decision_000012/observed_map_raw.npz
100644 blob 2222c11d558b07b0313290e606d6eb00c0e3ffaf	mapex_lab/experiments/nearest/nf_p500_002/decisions/policy_decision_000013/candidates.csv
100644 blob 7cfe67ed64fda98cb6f8e96b307bd1a1794edeac	mapex_lab/experiments/nearest/nf_p500_002/decisions/policy_decision_000013/decision.json
100644 blob 1304eb65724dcd56f954a9a9bf7f12c88432c5ce	mapex_lab/experiments/nearest/nf_p500_002/decisions/policy_decision_000013/observed_map_canvas.npz
100644 blob a84af370df56e16666d14ad4a5fa5a487e08b201	mapex_lab/experiments/nearest/nf_p500_002/decisions/policy_decision_000013/observed_map_raw.npz
100644 blob 914adf0759ce4fbd8c10598b9a5c5f2d0855415b	mapex_lab/experiments/nearest/nf_p500_002/decisions/policy_decision_000014/candidates.csv
100644 blob f2cee2a8c53ef90c4766e3a694149d35116427f6	mapex_lab/experiments/nearest/nf_p500_002/decisions/policy_decision_000014/decision.json
100644 blob 47c867c08252bb29cda287d0d445a09de3f14a4b	mapex_lab/experiments/nearest/nf_p500_002/decisions/policy_decision_000014/observed_map_canvas.npz
100644 blob b4852c27b7329f2128157676fad9d7cb4e28ca51	mapex_lab/experiments/nearest/nf_p500_002/decisions/policy_decision_000014/observed_map_raw.npz
100644 blob bb235b6d1ab0f29086e46984dff0da9837641992	mapex_lab/experiments/nearest/nf_p500_002/decisions/policy_decision_000015/candidates.csv
100644 blob 3b388df6b8f3a3e9dbc55a85882cd556262f74c8	mapex_lab/experiments/nearest/nf_p500_002/decisions/policy_decision_000015/decision.json
100644 blob f118e68a979870b30cd25c90e0b93cef9c2a0788	mapex_lab/experiments/nearest/nf_p500_002/decisions/policy_decision_000015/observed_map_canvas.npz
100644 blob fd98087c10fb05f6252ee3b9714145e0776cfc28	mapex_lab/experiments/nearest/nf_p500_002/decisions/policy_decision_000015/observed_map_raw.npz
100644 blob 5b75f680f38d0d952a3d9d377ee212ff314c695f	mapex_lab/experiments/nearest/nf_p500_002/decisions/policy_decision_000016/candidates.csv
100644 blob b463c8c5dee1b167e9c820e5939d7a516eade8d8	mapex_lab/experiments/nearest/nf_p500_002/decisions/policy_decision_000016/decision.json
100644 blob a003998cfa659e99dda403804a6db81b1098f8ff	mapex_lab/experiments/nearest/nf_p500_002/decisions/policy_decision_000016/observed_map_canvas.npz
100644 blob ce9a8de9f47550794654e63688b85d0fafecd2cc	mapex_lab/experiments/nearest/nf_p500_002/decisions/policy_decision_000016/observed_map_raw.npz
100644 blob b48be03b44cc124f8caa2705a580446354bce1d7	mapex_lab/experiments/nearest/nf_p500_002/decisions/policy_decision_000017/candidates.csv
100644 blob 57c67d5caa01d0a5473dcdcabb3b295c9a2bf6e0	mapex_lab/experiments/nearest/nf_p500_002/decisions/policy_decision_000017/decision.json
100644 blob b27579d766eb024e19b71b2c8d7d99fd82502606	mapex_lab/experiments/nearest/nf_p500_002/decisions/policy_decision_000017/observed_map_canvas.npz
100644 blob ebdb9c14be2e57dda918dee579f55f49953185e7	mapex_lab/experiments/nearest/nf_p500_002/decisions/policy_decision_000017/observed_map_raw.npz
100644 blob 4665e951ed922b57253a2447125e01e03a2629f5	mapex_lab/experiments/nearest/nf_p500_002/decisions/policy_decision_000018/candidates.csv
100644 blob 24b6535bc822d44771865a8a2db3b796242d7fd6	mapex_lab/experiments/nearest/nf_p500_002/decisions/policy_decision_000018/decision.json
100644 blob 23c6aa123043bd9c0494a01791d66b8125997e69	mapex_lab/experiments/nearest/nf_p500_002/decisions/policy_decision_000018/observed_map_canvas.npz
100644 blob e46abee164963044230f1f000cdac0c2f22d723b	mapex_lab/experiments/nearest/nf_p500_002/decisions/policy_decision_000018/observed_map_raw.npz
100644 blob 595f314e5cb64b7ec198bf4f3a5f89ee522ca77c	mapex_lab/experiments/nearest/nf_p500_002/decisions/policy_decision_000019/candidates.csv
100644 blob 78200b3c8493e581ce20d36acbeef09dbd0b06e0	mapex_lab/experiments/nearest/nf_p500_002/decisions/policy_decision_000019/decision.json
100644 blob a0e79c76651d15f82f180d2ee3300bfc80240b7d	mapex_lab/experiments/nearest/nf_p500_002/decisions/policy_decision_000019/observed_map_canvas.npz
100644 blob 162fead3fe476027a51f40d94c433573760b5030	mapex_lab/experiments/nearest/nf_p500_002/decisions/policy_decision_000019/observed_map_raw.npz
100644 blob 7c37db11e7ab91f53cf4cb2266d6a0182bd1b264	mapex_lab/experiments/nearest/nf_p500_002/decisions/policy_decision_000020/candidates.csv
100644 blob 277c5be96806c44eb28f9991c02941c3d75a5a1e	mapex_lab/experiments/nearest/nf_p500_002/decisions/policy_decision_000020/decision.json
100644 blob 13f83719297041c3572e9b6810ade85413207370	mapex_lab/experiments/nearest/nf_p500_002/decisions/policy_decision_000020/observed_map_canvas.npz
100644 blob ecc74f7be015d88f9dc033a6561e4cd909331e7f	mapex_lab/experiments/nearest/nf_p500_002/decisions/policy_decision_000020/observed_map_raw.npz
100644 blob 4ee1c79172ca30f0f34d3e3e379c8286a8e276f3	mapex_lab/experiments/nearest/nf_p500_002/decisions/policy_decision_000021/candidates.csv
100644 blob 713b101504a54631524eca1f8793f75978fa3b3e	mapex_lab/experiments/nearest/nf_p500_002/decisions/policy_decision_000021/decision.json
100644 blob 94c2799fe36d555fa61d9d86fdaa30871f5c618c	mapex_lab/experiments/nearest/nf_p500_002/decisions/policy_decision_000021/observed_map_canvas.npz
100644 blob 652aeedf91d398b462034daf1bca8ba24d557309	mapex_lab/experiments/nearest/nf_p500_002/decisions/policy_decision_000021/observed_map_raw.npz
100644 blob 261b331ca8aa9cebd3a8eee49186ccf8a3f2ab1e	mapex_lab/experiments/nearest/nf_p500_002/decisions/policy_decision_000022/candidates.csv
100644 blob 143313c5297279e79bd80dbcb5b9039396a96968	mapex_lab/experiments/nearest/nf_p500_002/decisions/policy_decision_000022/decision.json
100644 blob 9b017e6a8df6b17879aeecd415f932be8a5c00a0	mapex_lab/experiments/nearest/nf_p500_002/decisions/policy_decision_000022/observed_map_canvas.npz
100644 blob 945afdb24b3f15996704f03d00f447fa018f7db9	mapex_lab/experiments/nearest/nf_p500_002/decisions/policy_decision_000022/observed_map_raw.npz
100644 blob d9adb4ef72db363c2408626c97b42edc61eba5d7	mapex_lab/experiments/nearest/nf_p500_002/decisions/policy_decision_000023/candidates.csv
100644 blob cebd53905dbce001bd58b4ba12185e1e53bfb886	mapex_lab/experiments/nearest/nf_p500_002/decisions/policy_decision_000023/decision.json
100644 blob 411f92ac54b52cc7c5445181b157e8e0ddf07539	mapex_lab/experiments/nearest/nf_p500_002/decisions/policy_decision_000023/observed_map_canvas.npz
100644 blob 9ace40c425f830918320b401f66f6afa0aef01a4	mapex_lab/experiments/nearest/nf_p500_002/decisions/policy_decision_000023/observed_map_raw.npz
100644 blob 7fdc48e50287d3d95c7789290480196dd6519ea7	mapex_lab/experiments/nearest/nf_p500_002/decisions/policy_decision_000024/candidates.csv
100644 blob 8c28dd357845348e28cfb1f6206374ae6612b328	mapex_lab/experiments/nearest/nf_p500_002/decisions/policy_decision_000024/decision.json
100644 blob a03fd876cec698d6825dc8b2601d6b3879c1e207	mapex_lab/experiments/nearest/nf_p500_002/decisions/policy_decision_000024/observed_map_canvas.npz
100644 blob a9c9a53a75e40fcb4117a1890edd15995ff18de2	mapex_lab/experiments/nearest/nf_p500_002/decisions/policy_decision_000024/observed_map_raw.npz
100644 blob 494002a2e8665bbb347aaa1a65d0235a7037cea5	mapex_lab/experiments/nearest/nf_p500_002/decisions/policy_decision_000025/candidates.csv
100644 blob f9e0c09acbf65556071a66ae04104a53986575cb	mapex_lab/experiments/nearest/nf_p500_002/decisions/policy_decision_000025/decision.json
100644 blob 7ccc1fbb98e0069507d0e3833a9f49780198742d	mapex_lab/experiments/nearest/nf_p500_002/decisions/policy_decision_000025/observed_map_canvas.npz
100644 blob 4db5f3721431e65e2aa4d1373d8e148cf4fa29d4	mapex_lab/experiments/nearest/nf_p500_002/decisions/policy_decision_000025/observed_map_raw.npz
100644 blob 7623124526c12a26572ea26c25ed3c458a14edad	mapex_lab/experiments/nearest/nf_p500_002/decisions/policy_decision_000026/candidates.csv
100644 blob 39d8b0366aacd2e59874fa46288138fadca2b3bf	mapex_lab/experiments/nearest/nf_p500_002/decisions/policy_decision_000026/decision.json
100644 blob cdfbbf4d7c7a4694929f7be44907e24b984ec41f	mapex_lab/experiments/nearest/nf_p500_002/decisions/policy_decision_000026/observed_map_canvas.npz
100644 blob 11f47f01d4a60d98894ba9976742e3cce4d9b903	mapex_lab/experiments/nearest/nf_p500_002/decisions/policy_decision_000026/observed_map_raw.npz
100644 blob 4d269b727ff4d4141577c55cf7a7d5c2d618eea4	mapex_lab/experiments/nearest/nf_p500_002/decisions/policy_decision_000027/candidates.csv
100644 blob 7f9a6fa69ea492199174e100d2199ad8b9654124	mapex_lab/experiments/nearest/nf_p500_002/decisions/policy_decision_000027/decision.json
100644 blob 2ced24e9d22e5a52480b7deac5cf43351e5de4a0	mapex_lab/experiments/nearest/nf_p500_002/decisions/policy_decision_000027/observed_map_canvas.npz
100644 blob 61cbc876fef7795a3bbfeb3d0c970ff2d3b2fa6e	mapex_lab/experiments/nearest/nf_p500_002/decisions/policy_decision_000027/observed_map_raw.npz
100644 blob cf7179d5e2560eda416e407df63ab6fe83274c17	mapex_lab/experiments/nearest/nf_p500_002/decisions/policy_decision_000028/candidates.csv
100644 blob 85a5687eec6d25524a7db890ed276d40b6302727	mapex_lab/experiments/nearest/nf_p500_002/decisions/policy_decision_000028/decision.json
100644 blob e7a57f1c2760ea703483716073b6dcd34dafefa7	mapex_lab/experiments/nearest/nf_p500_002/decisions/policy_decision_000028/observed_map_canvas.npz
100644 blob 32be7a98ddea81f4c746d8fa2e0dff1013aa81a0	mapex_lab/experiments/nearest/nf_p500_002/decisions/policy_decision_000028/observed_map_raw.npz
100644 blob fecb400649e2d17e105acb836369178fc838cdea	mapex_lab/experiments/nearest/nf_p500_002/decisions/policy_decision_000029/candidates.csv
100644 blob 9a7cb2416f6a1a2e7b667cc49be043f4a0805bee	mapex_lab/experiments/nearest/nf_p500_002/decisions/policy_decision_000029/decision.json
100644 blob 2c2fa9cee7dab62e92cfb286157c434f74241efa	mapex_lab/experiments/nearest/nf_p500_002/decisions/policy_decision_000029/observed_map_canvas.npz
100644 blob 22a03fbba2239f4bf7ddc4a52d155f8f6da74464	mapex_lab/experiments/nearest/nf_p500_002/decisions/policy_decision_000029/observed_map_raw.npz
100644 blob a84420b17a23c312b75ee0b69d9e998dd7cd8955	mapex_lab/experiments/nearest/nf_p500_002/decisions/policy_decision_000030/candidates.csv
100644 blob 03fd11fc15c17efdb0952c885bf4663c5ef1a8f1	mapex_lab/experiments/nearest/nf_p500_002/decisions/policy_decision_000030/decision.json
100644 blob bb008fdd752431a07a2f0bd8a35b90749c827344	mapex_lab/experiments/nearest/nf_p500_002/decisions/policy_decision_000030/observed_map_canvas.npz
100644 blob b5dd5da0bebaaa340609855ad5796f5280d451c5	mapex_lab/experiments/nearest/nf_p500_002/decisions/policy_decision_000030/observed_map_raw.npz
100644 blob d781b7048161ff6df4935d3cb1af0ac7266f961c	mapex_lab/experiments/nearest/nf_p500_002/decisions/policy_decision_000031/candidates.csv
100644 blob 172855f7431d80400d541cb7bfe462612c83a9cd	mapex_lab/experiments/nearest/nf_p500_002/decisions/policy_decision_000031/decision.json
100644 blob f3e7b50981452a4deb6b3db5752ac2154c1f8e47	mapex_lab/experiments/nearest/nf_p500_002/decisions/policy_decision_000031/observed_map_canvas.npz
100644 blob 246e46384095266aadf061fe1dc6208c1dbb0de8	mapex_lab/experiments/nearest/nf_p500_002/decisions/policy_decision_000031/observed_map_raw.npz
100644 blob 5c88424b571127d2c05899415b9a72e0076189b3	mapex_lab/experiments/nearest/nf_p500_002/evaluation/alltrain_snapshots/manifest.json
100644 blob ae53e1b18b9203d2146bbf709687240c48000b02	mapex_lab/experiments/nearest/nf_p500_002/evaluation/alltrain_snapshots/sample_000001_alltrain.npz
100644 blob 4174c0caacfca5db75684c26a30e86c11389db36	mapex_lab/experiments/nearest/nf_p500_002/evaluation/alltrain_snapshots/sample_000002_alltrain.npz
100644 blob 870dc2de611253b4aea99ddb2e0397f2b49e03cc	mapex_lab/experiments/nearest/nf_p500_002/evaluation/alltrain_snapshots/sample_000003_alltrain.npz
100644 blob 3cb2d9544680db3dfff4645bd80f00c65ba3a9aa	mapex_lab/experiments/nearest/nf_p500_002/evaluation/alltrain_snapshots/sample_000004_alltrain.npz
100644 blob c0dd3930302dac52307284d8bff998688ccadb12	mapex_lab/experiments/nearest/nf_p500_002/evaluation/alltrain_snapshots/sample_000005_alltrain.npz
100644 blob cbac520ebc635b03e166ac7fbd1b8139f385770e	mapex_lab/experiments/nearest/nf_p500_002/evaluation/alltrain_snapshots/sample_000006_alltrain.npz
100644 blob 7a019f3be00e154a15b7e4a2190cc32da9dc8341	mapex_lab/experiments/nearest/nf_p500_002/evaluation/alltrain_snapshots/sample_000007_alltrain.npz
100644 blob 698d3be47b3486375f02ff7b24a0db9ea5156038	mapex_lab/experiments/nearest/nf_p500_002/evaluation/alltrain_snapshots/sample_000008_alltrain.npz
100644 blob a7c8ba95f2c042306d0adf6b6429d06bc97be17e	mapex_lab/experiments/nearest/nf_p500_002/evaluation/alltrain_snapshots/sample_000009_alltrain.npz
100644 blob fc0b34c3365a8f9e7dd2971c0fec8a760f347cf0	mapex_lab/experiments/nearest/nf_p500_002/evaluation/alltrain_snapshots/sample_000010_alltrain.npz
100644 blob 4d65eca8ca6cb96e4cf30fd63acdb757bc6feeae	mapex_lab/experiments/nearest/nf_p500_002/evaluation/alltrain_snapshots/sample_000011_alltrain.npz
100644 blob 86a9e9410341c885b4faac0b8e5ac70a35420c71	mapex_lab/experiments/nearest/nf_p500_002/evaluation/alltrain_snapshots/sample_000012_alltrain.npz
100644 blob b5b60e1f90f14fc874e0a87f8d50d06a88ce78c0	mapex_lab/experiments/nearest/nf_p500_002/evaluation/alltrain_snapshots/sample_000013_alltrain.npz
100644 blob 72f043fc2f876697bcecb463ccfefee9861a825b	mapex_lab/experiments/nearest/nf_p500_002/evaluation/alltrain_snapshots/sample_000014_alltrain.npz
100644 blob 7537f38b774a048c455ae3fc5f0b339236a585f8	mapex_lab/experiments/nearest/nf_p500_002/evaluation/alltrain_snapshots/sample_000015_alltrain.npz
100644 blob f14482f86fc99655beeb22744b7551a293096671	mapex_lab/experiments/nearest/nf_p500_002/evaluation/alltrain_snapshots/sample_000016_alltrain.npz
100644 blob 01fe118353a0b70ba4975a882b0616116d88efc9	mapex_lab/experiments/nearest/nf_p500_002/evaluation/alltrain_snapshots/sample_000017_alltrain.npz
100644 blob 34a09aaee3a93458e2f74e1b619f5da57167aee1	mapex_lab/experiments/nearest/nf_p500_002/evaluation/alltrain_snapshots/sample_000018_alltrain.npz
100644 blob 6a7e1623392d9cc2668e3ce8e5ed6a0be9700656	mapex_lab/experiments/nearest/nf_p500_002/evaluation/alltrain_snapshots/sample_000019_alltrain.npz
100644 blob 73756333a66e51c6796badd1ce699ad219c4e621	mapex_lab/experiments/nearest/nf_p500_002/evaluation/alltrain_snapshots/sample_000020_alltrain.npz
100644 blob 6cf2b19e55f691bbf638ddbc8add02e88da2f61e	mapex_lab/experiments/nearest/nf_p500_002/evaluation/alltrain_snapshots/sample_000021_alltrain.npz
100644 blob 51ea77c74ebae98615f40432b9baeae39590b872	mapex_lab/experiments/nearest/nf_p500_002/evaluation/alltrain_snapshots/sample_000022_alltrain.npz
100644 blob 181672ee15fe00a0990fa257ef3e9cec04959243	mapex_lab/experiments/nearest/nf_p500_002/evaluation/alltrain_snapshots/sample_000023_alltrain.npz
100644 blob 986f4a812967a79b2f5fa24aa2310c2b4d52ecb3	mapex_lab/experiments/nearest/nf_p500_002/evaluation/alltrain_snapshots/sample_000024_alltrain.npz
100644 blob ce835b47d29ca6da7c88058a15daac125d191ce6	mapex_lab/experiments/nearest/nf_p500_002/evaluation/alltrain_snapshots/sample_000025_alltrain.npz
100644 blob 83d9bd6c4479a0274d2751b2c09c105569edf9d1	mapex_lab/experiments/nearest/nf_p500_002/evaluation/alltrain_snapshots/sample_000026_alltrain.npz
100644 blob 0e7f4271f3e3216342cf99806303737ae17bc4ff	mapex_lab/experiments/nearest/nf_p500_002/evaluation/alltrain_snapshots/sample_000027_alltrain.npz
100644 blob da912a4b843bc944fe982647511f067a8d7fb2b7	mapex_lab/experiments/nearest/nf_p500_002/evaluation/alltrain_snapshots/sample_000028_alltrain.npz
100644 blob 9611d25f3b5b2f71a7ebeeda81a8003e12340f05	mapex_lab/experiments/nearest/nf_p500_002/evaluation/alltrain_snapshots/sample_000029_alltrain.npz
100644 blob be3d705366370c608daadca40b52aa90aae924f9	mapex_lab/experiments/nearest/nf_p500_002/evaluation/alltrain_snapshots/sample_000030_alltrain.npz
100644 blob 138e50810ab7f733f283b00d372daccfaf7da89e	mapex_lab/experiments/nearest/nf_p500_002/evaluation/alltrain_snapshots/sample_000031_alltrain.npz
100644 blob 955438d1647ba6bf65664a0003e6edcc2e9347cd	mapex_lab/experiments/nearest/nf_p500_002/evaluation/alltrain_snapshots/sample_000032_alltrain.npz
100644 blob 0348f3a9d6fd61ce3ff60ef29ff3e5d55d32f927	mapex_lab/experiments/nearest/nf_p500_002/evaluation/alltrain_snapshots/sample_000033_alltrain.npz
100644 blob 6f3669e21dc00b622264699afbbb64c6f76eb15c	mapex_lab/experiments/nearest/nf_p500_002/evaluation/alltrain_snapshots/sample_000034_alltrain.npz
100644 blob 48ca4ffdd516abf85b5455a36ceb6455134b0584	mapex_lab/experiments/nearest/nf_p500_002/evaluation/alltrain_snapshots/sample_000035_alltrain.npz
100644 blob 4cafb72815787bca6eb332962fc19d98333079e9	mapex_lab/experiments/nearest/nf_p500_002/evaluation/alltrain_snapshots/sample_000036_alltrain.npz
100644 blob 7c52c39046303455e8c46966e48739a0b2745887	mapex_lab/experiments/nearest/nf_p500_002/evaluation/alltrain_snapshots/sample_000037_alltrain.npz
100644 blob c04f98665f4062e06abe8644e42824e73d68c99a	mapex_lab/experiments/nearest/nf_p500_002/evaluation/alltrain_snapshots/sample_000038_alltrain.npz
100644 blob c2eccf7656b01b22dd8827c979235da82e362793	mapex_lab/experiments/nearest/nf_p500_002/evaluation/alltrain_snapshots/sample_000039_alltrain.npz
100644 blob 0eca2fc616d0a68b7edcb7171b060d8ef6ade74d	mapex_lab/experiments/nearest/nf_p500_002/evaluation/alltrain_snapshots/sample_000040_alltrain.npz
100644 blob 4d3ca777ef437feb41e047051bf3eb4b97adc5bf	mapex_lab/experiments/nearest/nf_p500_002/evaluation/alltrain_snapshots/sample_000041_alltrain.npz
100644 blob e2ce4f3b75332f60060bfbd080524cf0b8343aee	mapex_lab/experiments/nearest/nf_p500_002/evaluation/alltrain_snapshots/sample_000042_alltrain.npz
100644 blob f14b672608c0145ab7eb0e3ba02535c88de6a5a2	mapex_lab/experiments/nearest/nf_p500_002/evaluation/alltrain_snapshots/sample_000043_alltrain.npz
100644 blob 2b787ce8e8496d60f27ca6f9f78277430adb1415	mapex_lab/experiments/nearest/nf_p500_002/evaluation/alltrain_snapshots/sample_000044_alltrain.npz
100644 blob 860fc497c08ad50cd4bb44661858e97d7b2fe733	mapex_lab/experiments/nearest/nf_p500_002/evaluation/alltrain_snapshots/sample_000045_alltrain.npz
100644 blob f48a029f3a3be0085a4e41f533a0eb130b069ab5	mapex_lab/experiments/nearest/nf_p500_002/evaluation/alltrain_snapshots/sample_000046_alltrain.npz
100644 blob 88a744c7a0cf29c00fef1ce02182f3fb0c3e2d45	mapex_lab/experiments/nearest/nf_p500_002/evaluation/alltrain_snapshots/sample_000047_alltrain.npz
100644 blob 12cb8b4cdbe30df0c5fb3c69dc1a4a269cce0468	mapex_lab/experiments/nearest/nf_p500_002/evaluation/alltrain_snapshots/sample_000048_alltrain.npz
100644 blob 6d90e2febee7dd392a60782c3bca37cfe27bd504	mapex_lab/experiments/nearest/nf_p500_002/evaluation/alltrain_snapshots/sample_000049_alltrain.npz
100644 blob 99f47819068fdb72ef3a57b216c7f51a9a5495ff	mapex_lab/experiments/nearest/nf_p500_002/evaluation/alltrain_snapshots/sample_000050_alltrain.npz
100644 blob 309ac32f0e3259f4bde329e62be5ec4f6ad2a0a2	mapex_lab/experiments/nearest/nf_p500_002/evaluation/alltrain_snapshots/sample_000051_alltrain.npz
100644 blob 954105944414ab75492fa3781042da18c085e99b	mapex_lab/experiments/nearest/nf_p500_002/evaluation/paper500/curve.csv
100644 blob 870d6a863cf0c3c73fd0c7440684f315045255a5	mapex_lab/experiments/nearest/nf_p500_002/evaluation/paper500/evaluation.json
100644 blob cdde06748effa3a092ae8aac4ef691aaa28e86be	mapex_lab/experiments/nearest/nf_p500_002/evaluation/paper500/samples.csv
100644 blob 989c11586fb7d3a6c42aa4752e0771f036eb9668	mapex_lab/experiments/nearest/nf_p500_002/goals.csv
100644 blob f33742e7aa4c12219dd38a41238ef06450f86a30	mapex_lab/experiments/nearest/nf_p500_002/maps/paper500_0001_initial_k0000_canvas.npz
100644 blob 9d1585050914ac7b45ec8f15d72852df021acebf	mapex_lab/experiments/nearest/nf_p500_002/maps/paper500_0001_initial_k0000_raw.npz
100644 blob ae34f9f7fc23ea35d4e1eab85e0c12b07b7fbf6a	mapex_lab/experiments/nearest/nf_p500_002/maps/paper500_0002_progress_k0010_canvas.npz
100644 blob 67ee3a5eccdd71b20b7bf59dcef01cbfc5af739b	mapex_lab/experiments/nearest/nf_p500_002/maps/paper500_0002_progress_k0010_raw.npz
100644 blob c65e3efb892319b40b462d936774d59dfde3554c	mapex_lab/experiments/nearest/nf_p500_002/maps/paper500_0003_progress_k0020_canvas.npz
100644 blob 5b9e276c306a6fa8a0a0e4bf17559bd08df7153b	mapex_lab/experiments/nearest/nf_p500_002/maps/paper500_0003_progress_k0020_raw.npz
100644 blob 642610bea677acce7a4d2e8d966b8815dad8451a	mapex_lab/experiments/nearest/nf_p500_002/maps/paper500_0004_progress_k0030_canvas.npz
100644 blob 8a73091037ee15c5dcf9ffd0108d6956a96afe77	mapex_lab/experiments/nearest/nf_p500_002/maps/paper500_0004_progress_k0030_raw.npz
100644 blob 76eeb576185130829724734ea1bddebdfb71aa21	mapex_lab/experiments/nearest/nf_p500_002/maps/paper500_0005_progress_k0040_canvas.npz
100644 blob 5f56968164a1dab38ce9a40eded433d3fe0a0a9e	mapex_lab/experiments/nearest/nf_p500_002/maps/paper500_0005_progress_k0040_raw.npz
100644 blob f57770b1c89563b9716056b7e5568c6255a86453	mapex_lab/experiments/nearest/nf_p500_002/maps/paper500_0006_progress_k0050_canvas.npz
100644 blob 5eeb35a308d8a0a441bef8b28c1f97ec509aa645	mapex_lab/experiments/nearest/nf_p500_002/maps/paper500_0006_progress_k0050_raw.npz
100644 blob 6745fd9576f6d236fd3a7bca655ddd5dd932a611	mapex_lab/experiments/nearest/nf_p500_002/maps/paper500_0007_progress_k0060_canvas.npz
100644 blob 2927efc91aee9ac041fad70d5562784a5927738e	mapex_lab/experiments/nearest/nf_p500_002/maps/paper500_0007_progress_k0060_raw.npz
100644 blob 7f744cc0265eb9060a7f5bf85d22f1c583b6f6d4	mapex_lab/experiments/nearest/nf_p500_002/maps/paper500_0008_progress_k0070_canvas.npz
100644 blob 7a6784eca189a7f4e38ec0c5d4cd9897540bfcfa	mapex_lab/experiments/nearest/nf_p500_002/maps/paper500_0008_progress_k0070_raw.npz
100644 blob 9f39e345dd7ca4401fa04e860cae1dca2b55d880	mapex_lab/experiments/nearest/nf_p500_002/maps/paper500_0009_progress_k0080_canvas.npz
100644 blob c7747534bef4d6cbc63676f90fc8bfa9cb15327b	mapex_lab/experiments/nearest/nf_p500_002/maps/paper500_0009_progress_k0080_raw.npz
100644 blob 5b605d528a6fab090db53632eb96b5bd92bece9e	mapex_lab/experiments/nearest/nf_p500_002/maps/paper500_0010_progress_k0090_canvas.npz
100644 blob 32082235843488a1ef22364fd3d8edc592dceeaa	mapex_lab/experiments/nearest/nf_p500_002/maps/paper500_0010_progress_k0090_raw.npz
100644 blob a9ccc4f4ba361605f2492094d58c58651667f184	mapex_lab/experiments/nearest/nf_p500_002/maps/paper500_0011_progress_k0100_canvas.npz
100644 blob 6290fc12988a67530c344953db5ee87c96b5a284	mapex_lab/experiments/nearest/nf_p500_002/maps/paper500_0011_progress_k0100_raw.npz
100644 blob c7bc7b6a9505399232f67ffad81358149a387feb	mapex_lab/experiments/nearest/nf_p500_002/maps/paper500_0012_progress_k0110_canvas.npz
100644 blob c2f25f021d75374d67cd73f691313ace11ba1fd7	mapex_lab/experiments/nearest/nf_p500_002/maps/paper500_0012_progress_k0110_raw.npz
100644 blob 36d020e41a912d7187159d5964e713e8b0700323	mapex_lab/experiments/nearest/nf_p500_002/maps/paper500_0013_progress_k0120_canvas.npz
100644 blob cbfc670a9aa02e9efac396f616f5684141d75f59	mapex_lab/experiments/nearest/nf_p500_002/maps/paper500_0013_progress_k0120_raw.npz
100644 blob 7d85c6bcc5a6fee316f6083a522b3ca3df81ea71	mapex_lab/experiments/nearest/nf_p500_002/maps/paper500_0014_progress_k0130_canvas.npz
100644 blob c2fc67b532e9f710e720b7592663f00116193e9c	mapex_lab/experiments/nearest/nf_p500_002/maps/paper500_0014_progress_k0130_raw.npz
100644 blob 16ee229dea183d8432c61507d8a30a103cf2497e	mapex_lab/experiments/nearest/nf_p500_002/maps/paper500_0015_progress_k0140_canvas.npz
100644 blob 88a2050e4958e27274aa4c22a6617235227dcbf9	mapex_lab/experiments/nearest/nf_p500_002/maps/paper500_0015_progress_k0140_raw.npz
100644 blob 2dc326468bc960824aae5b4e16d4f9cec134e32d	mapex_lab/experiments/nearest/nf_p500_002/maps/paper500_0016_progress_k0150_canvas.npz
100644 blob 1ab70ee2e0ee0a781c937e71f80f8f86e43a3067	mapex_lab/experiments/nearest/nf_p500_002/maps/paper500_0016_progress_k0150_raw.npz
100644 blob 4aa0c625378efeefbccaa9cb71b3fe509a0e23c9	mapex_lab/experiments/nearest/nf_p500_002/maps/paper500_0017_progress_k0160_canvas.npz
100644 blob 2cb12bb4d8d0951fd1218e3019899ee759cc3369	mapex_lab/experiments/nearest/nf_p500_002/maps/paper500_0017_progress_k0160_raw.npz
100644 blob 5f5fe1c7a8caa817d7f0736ea31001bb2b9504a6	mapex_lab/experiments/nearest/nf_p500_002/maps/paper500_0018_progress_k0170_canvas.npz
100644 blob e55ae44c93f64065ec2305eafb5755decba59932	mapex_lab/experiments/nearest/nf_p500_002/maps/paper500_0018_progress_k0170_raw.npz
100644 blob c31e8ba41f94e23ad94b5d7aec006aa52e1edb0d	mapex_lab/experiments/nearest/nf_p500_002/maps/paper500_0019_progress_k0180_canvas.npz
100644 blob b170346dba6b114c11d4d5b3eb55c4651c571388	mapex_lab/experiments/nearest/nf_p500_002/maps/paper500_0019_progress_k0180_raw.npz
100644 blob 836c7c64cc95bf4e2c0b964b9ad8575507cd31a9	mapex_lab/experiments/nearest/nf_p500_002/maps/paper500_0020_progress_k0190_canvas.npz
100644 blob 095f8497b404c3ca1b42d1051a09a2cdd0beda64	mapex_lab/experiments/nearest/nf_p500_002/maps/paper500_0020_progress_k0190_raw.npz
100644 blob 180003d0c920384e95ce5e8ab6ed18383f9a42ef	mapex_lab/experiments/nearest/nf_p500_002/maps/paper500_0021_progress_k0200_canvas.npz
100644 blob 2f96ccd911e7cb4ade2043ad4b1ecd8ec6336bbb	mapex_lab/experiments/nearest/nf_p500_002/maps/paper500_0021_progress_k0200_raw.npz
100644 blob a7fb35836f8148d058ca76ad712bb54b380a5251	mapex_lab/experiments/nearest/nf_p500_002/maps/paper500_0022_progress_k0210_canvas.npz
100644 blob e4c14077b60d5dddaf69f2ddbdd975dd5002c006	mapex_lab/experiments/nearest/nf_p500_002/maps/paper500_0022_progress_k0210_raw.npz
100644 blob 5437c884a815303db96b78b0b84c19f0e191f11f	mapex_lab/experiments/nearest/nf_p500_002/maps/paper500_0023_progress_k0220_canvas.npz
100644 blob 0d5d1cbf618c9e9272e3f8d3f3ce9baa34913b52	mapex_lab/experiments/nearest/nf_p500_002/maps/paper500_0023_progress_k0220_raw.npz
100644 blob 480d2a75e713259139194db80ccff3bbacc02f9f	mapex_lab/experiments/nearest/nf_p500_002/maps/paper500_0024_progress_k0230_canvas.npz
100644 blob f728fe86bdc6dd517f96af8931ff75ed0a86fda8	mapex_lab/experiments/nearest/nf_p500_002/maps/paper500_0024_progress_k0230_raw.npz
100644 blob cfa8d78537c526fd5a583687eff297ee348f818c	mapex_lab/experiments/nearest/nf_p500_002/maps/paper500_0025_progress_k0240_canvas.npz
100644 blob 02c194f67f0ff04448fe6dce71bb188d749d51af	mapex_lab/experiments/nearest/nf_p500_002/maps/paper500_0025_progress_k0240_raw.npz
100644 blob 8eaf1f7613a3f692d9d9499d98334aa9c3db821b	mapex_lab/experiments/nearest/nf_p500_002/maps/paper500_0026_progress_k0250_canvas.npz
100644 blob f6faff4ef6a00e0d984c968e9038c2f7cf8af4d1	mapex_lab/experiments/nearest/nf_p500_002/maps/paper500_0026_progress_k0250_raw.npz
100644 blob d09746c110f1718f8dace6b47328d936aed816c6	mapex_lab/experiments/nearest/nf_p500_002/maps/paper500_0027_progress_k0260_canvas.npz
100644 blob 5992db577292534580335fca25511d4e8548241e	mapex_lab/experiments/nearest/nf_p500_002/maps/paper500_0027_progress_k0260_raw.npz
100644 blob 37ddab27365800f50c0ee2f4d28fd76bbee7941c	mapex_lab/experiments/nearest/nf_p500_002/maps/paper500_0028_progress_k0270_canvas.npz
100644 blob 052b9a77283499969f3cb9864c35f1a2673c9fb2	mapex_lab/experiments/nearest/nf_p500_002/maps/paper500_0028_progress_k0270_raw.npz
100644 blob 2a4df026ff91cb6669072ae92960cba946e0243d	mapex_lab/experiments/nearest/nf_p500_002/maps/paper500_0029_progress_k0280_canvas.npz
100644 blob 3987bafa46a0be07a187b7d1c4345608dbf5b73f	mapex_lab/experiments/nearest/nf_p500_002/maps/paper500_0029_progress_k0280_raw.npz
100644 blob b78db0ae744878828a25637004336472d26bee4e	mapex_lab/experiments/nearest/nf_p500_002/maps/paper500_0030_progress_k0290_canvas.npz
100644 blob bb9442375eef0f87f4bd6e5df3b064054c2cc619	mapex_lab/experiments/nearest/nf_p500_002/maps/paper500_0030_progress_k0290_raw.npz
100644 blob 0ead8c241f9d87f9b041a3a73a6a84ca1a68573f	mapex_lab/experiments/nearest/nf_p500_002/maps/paper500_0031_progress_k0300_canvas.npz
100644 blob b310e7fec1bf198cabc116098583e4f5df44912e	mapex_lab/experiments/nearest/nf_p500_002/maps/paper500_0031_progress_k0300_raw.npz
100644 blob 17010abf87ecf0a5decb7ac420424f3cdd957107	mapex_lab/experiments/nearest/nf_p500_002/maps/paper500_0032_progress_k0310_canvas.npz
100644 blob c18b9b6110a900472b8d539ee0700d554e35f0b4	mapex_lab/experiments/nearest/nf_p500_002/maps/paper500_0032_progress_k0310_raw.npz
100644 blob 87eb22af8ef20762893959fd6284ee179bbf1bb6	mapex_lab/experiments/nearest/nf_p500_002/maps/paper500_0033_progress_k0320_canvas.npz
100644 blob 6066fa630a19bd45a81e785cceb7da8f3b899207	mapex_lab/experiments/nearest/nf_p500_002/maps/paper500_0033_progress_k0320_raw.npz
100644 blob d01444295eef650c4e21a5ab2afae70c27868fd2	mapex_lab/experiments/nearest/nf_p500_002/maps/paper500_0034_progress_k0330_canvas.npz
100644 blob 6deebbb10072a3dca81666f75a2a9b3690109f8d	mapex_lab/experiments/nearest/nf_p500_002/maps/paper500_0034_progress_k0330_raw.npz
100644 blob 79c4aeccce6969b637d7948cb30cc18fcb1c365d	mapex_lab/experiments/nearest/nf_p500_002/maps/paper500_0035_progress_k0340_canvas.npz
100644 blob 8edaf01b90b5fbb4b97b8edfeaaaa9e88232751e	mapex_lab/experiments/nearest/nf_p500_002/maps/paper500_0035_progress_k0340_raw.npz
100644 blob 225dd9c674a2a0e89a1a50ff0fc903255dcead3a	mapex_lab/experiments/nearest/nf_p500_002/maps/paper500_0036_progress_k0350_canvas.npz
100644 blob 0c8d150cf432b0a4c1e26ae2954e44d7ee87dd63	mapex_lab/experiments/nearest/nf_p500_002/maps/paper500_0036_progress_k0350_raw.npz
100644 blob e2e2349c09eb818529f119f01cf4f70d3caa75ee	mapex_lab/experiments/nearest/nf_p500_002/maps/paper500_0037_progress_k0360_canvas.npz
100644 blob 7f41c39be308489558cca1f5e5167d209d5e41e3	mapex_lab/experiments/nearest/nf_p500_002/maps/paper500_0037_progress_k0360_raw.npz
100644 blob 11c329fd0d0185efcd7b2aa16f1f04eb2236bc41	mapex_lab/experiments/nearest/nf_p500_002/maps/paper500_0038_progress_k0370_canvas.npz
100644 blob dac4cee2e2d7c88b79d09c04846496c8a8c895b8	mapex_lab/experiments/nearest/nf_p500_002/maps/paper500_0038_progress_k0370_raw.npz
100644 blob 0649f8c6358ddcc98ac2e23b4322f502aed8d0dc	mapex_lab/experiments/nearest/nf_p500_002/maps/paper500_0039_progress_k0380_canvas.npz
100644 blob d98696ce28b226db0f49ba7528f5a0cac7fc94f9	mapex_lab/experiments/nearest/nf_p500_002/maps/paper500_0039_progress_k0380_raw.npz
100644 blob d4c7ab40405a790f1bd9d9a09efcced054481638	mapex_lab/experiments/nearest/nf_p500_002/maps/paper500_0040_progress_k0390_canvas.npz
100644 blob 616669fd5389f190df370c058cb338f160df343a	mapex_lab/experiments/nearest/nf_p500_002/maps/paper500_0040_progress_k0390_raw.npz
100644 blob 263c40717cabc4af9f5c14db64c158388d34f6a4	mapex_lab/experiments/nearest/nf_p500_002/maps/paper500_0041_progress_k0400_canvas.npz
100644 blob 3e75971ed92f936e5bafb81a27900e44057e6360	mapex_lab/experiments/nearest/nf_p500_002/maps/paper500_0041_progress_k0400_raw.npz
100644 blob 57c1ef621b6d1e8266e6b4b0d957133bef172ea9	mapex_lab/experiments/nearest/nf_p500_002/maps/paper500_0042_progress_k0410_canvas.npz
100644 blob ef90098827e1717ee8d30150aa2a1b2274fc67fe	mapex_lab/experiments/nearest/nf_p500_002/maps/paper500_0042_progress_k0410_raw.npz
100644 blob a9ce34e56aa72d35efb3e781d72239b7f7ed7b9d	mapex_lab/experiments/nearest/nf_p500_002/maps/paper500_0043_progress_k0420_canvas.npz
100644 blob 612d729589137ddcb53bbef959ada1f5393c6e57	mapex_lab/experiments/nearest/nf_p500_002/maps/paper500_0043_progress_k0420_raw.npz
100644 blob 018746b83772e6aca691eb2638f6b7f6e76cbfd6	mapex_lab/experiments/nearest/nf_p500_002/maps/paper500_0044_progress_k0430_canvas.npz
100644 blob 6127342234c2e1c22ae17462c0d03987e4c49ad8	mapex_lab/experiments/nearest/nf_p500_002/maps/paper500_0044_progress_k0430_raw.npz
100644 blob e4490067f54ca953ac5721288f5fdbbfb31714d7	mapex_lab/experiments/nearest/nf_p500_002/maps/paper500_0045_progress_k0440_canvas.npz
100644 blob 9ec1e6582070643f898fa1dd9d78b013035f4f90	mapex_lab/experiments/nearest/nf_p500_002/maps/paper500_0045_progress_k0440_raw.npz
100644 blob 9f12b50653f34002557d3ecd1085b54f9f45ec08	mapex_lab/experiments/nearest/nf_p500_002/maps/paper500_0046_progress_k0450_canvas.npz
100644 blob 69cdd87f9647747d408a261eb1d8fd5f9a35d53c	mapex_lab/experiments/nearest/nf_p500_002/maps/paper500_0046_progress_k0450_raw.npz
100644 blob 9f3f905e4e978dcd156d6e197f4aed99221e61f3	mapex_lab/experiments/nearest/nf_p500_002/maps/paper500_0047_progress_k0460_canvas.npz
100644 blob 66b86aa6a03ce7569fc0a74bd895b8b9e42ca668	mapex_lab/experiments/nearest/nf_p500_002/maps/paper500_0047_progress_k0460_raw.npz
100644 blob 4f839dc17cf5c54cf687639af6c1e71af7e378e8	mapex_lab/experiments/nearest/nf_p500_002/maps/paper500_0048_progress_k0470_canvas.npz
100644 blob ae4c08ea0cb4cd2b9c44dd1feb5fa0601a91baa0	mapex_lab/experiments/nearest/nf_p500_002/maps/paper500_0048_progress_k0470_raw.npz
100644 blob 5d2eb3406dcc508e4f574c4003346f9986ca1eae	mapex_lab/experiments/nearest/nf_p500_002/maps/paper500_0049_progress_k0480_canvas.npz
100644 blob dfdaa6c0367f30de63c7c0dcaf0490b3cf7dab2f	mapex_lab/experiments/nearest/nf_p500_002/maps/paper500_0049_progress_k0480_raw.npz
100644 blob a6e0040bbcca8e295a6f815e5a5bcaa357f7e247	mapex_lab/experiments/nearest/nf_p500_002/maps/paper500_0050_progress_k0490_canvas.npz
100644 blob 9267c2e1772657284a5152a62e97497af7d9ff73	mapex_lab/experiments/nearest/nf_p500_002/maps/paper500_0050_progress_k0490_raw.npz
100644 blob e2c0203e8b3cf864f15c994e616acde37fa29485	mapex_lab/experiments/nearest/nf_p500_002/maps/paper500_0051_progress_k0500_canvas.npz
100644 blob 4b50aa54f73fd142317fb771e28c178e2e29d38f	mapex_lab/experiments/nearest/nf_p500_002/maps/paper500_0051_progress_k0500_raw.npz
100644 blob e2c0203e8b3cf864f15c994e616acde37fa29485	mapex_lab/experiments/nearest/nf_p500_002/maps/paper500_0052_budget_cutoff_k0500_canvas.npz
100644 blob 4b50aa54f73fd142317fb771e28c178e2e29d38f	mapex_lab/experiments/nearest/nf_p500_002/maps/paper500_0052_budget_cutoff_k0500_raw.npz
100644 blob e2c0203e8b3cf864f15c994e616acde37fa29485	mapex_lab/experiments/nearest/nf_p500_002/maps/paper500_0053_post_cancellation_k0500_canvas.npz
100644 blob 4b50aa54f73fd142317fb771e28c178e2e29d38f	mapex_lab/experiments/nearest/nf_p500_002/maps/paper500_0053_post_cancellation_k0500_raw.npz
100644 blob f33742e7aa4c12219dd38a41238ef06450f86a30	mapex_lab/experiments/nearest/nf_p500_002/maps/snapshot_000001_periodic_canvas.npz
100644 blob 9d1585050914ac7b45ec8f15d72852df021acebf	mapex_lab/experiments/nearest/nf_p500_002/maps/snapshot_000001_periodic_raw.npz
100644 blob ae34f9f7fc23ea35d4e1eab85e0c12b07b7fbf6a	mapex_lab/experiments/nearest/nf_p500_002/maps/snapshot_000002_periodic_canvas.npz
100644 blob 67ee3a5eccdd71b20b7bf59dcef01cbfc5af739b	mapex_lab/experiments/nearest/nf_p500_002/maps/snapshot_000002_periodic_raw.npz
100644 blob f59409a80982c2ec1b3da6d76f3c08304f001d74	mapex_lab/experiments/nearest/nf_p500_002/maps/snapshot_000003_periodic_canvas.npz
100644 blob 3024f18756f1cf8f1c966819ce56c883568c8646	mapex_lab/experiments/nearest/nf_p500_002/maps/snapshot_000003_periodic_raw.npz
100644 blob 93c59168767b54a97277062c3c2c5c5239a126d4	mapex_lab/experiments/nearest/nf_p500_002/maps/snapshot_000004_periodic_canvas.npz
100644 blob 667966b4b76692969866c24c7c8431fe6072873f	mapex_lab/experiments/nearest/nf_p500_002/maps/snapshot_000004_periodic_raw.npz
100644 blob e97e0954146f0ef631419f55a8e6420f50e0716d	mapex_lab/experiments/nearest/nf_p500_002/maps/snapshot_000005_periodic_canvas.npz
100644 blob 8c0ef036ad7dbb38ce15d1cea5433b8d2bba1570	mapex_lab/experiments/nearest/nf_p500_002/maps/snapshot_000005_periodic_raw.npz
100644 blob 369e53554e484b475aecaf67a816b60c8c952aa0	mapex_lab/experiments/nearest/nf_p500_002/maps/snapshot_000006_periodic_canvas.npz
100644 blob fb7fe88a41449e82ed00086db589bab04b621532	mapex_lab/experiments/nearest/nf_p500_002/maps/snapshot_000006_periodic_raw.npz
100644 blob 9dc51b468133670ddc145c0c01dff71eefe1f7d2	mapex_lab/experiments/nearest/nf_p500_002/maps/snapshot_000007_periodic_canvas.npz
100644 blob 2a9dda97e09801f3a734fc27a18f47e160c31fe1	mapex_lab/experiments/nearest/nf_p500_002/maps/snapshot_000007_periodic_raw.npz
100644 blob ee07dae7cb09f9cdb04f796f654c14f67f55e560	mapex_lab/experiments/nearest/nf_p500_002/maps/snapshot_000008_periodic_canvas.npz
100644 blob b7ad578089dcb0ea5e6017e8bbce3c118c1ca874	mapex_lab/experiments/nearest/nf_p500_002/maps/snapshot_000008_periodic_raw.npz
100644 blob 498a2f2d2654c0d881be1d4faa8832f638138cfa	mapex_lab/experiments/nearest/nf_p500_002/maps/snapshot_000009_periodic_canvas.npz
100644 blob 90bb0228d2e883e4b5102ddeb0fb8e33ec549c7a	mapex_lab/experiments/nearest/nf_p500_002/maps/snapshot_000009_periodic_raw.npz
100644 blob 242beccbe30f7a53f689597588fe9a8ff4f17940	mapex_lab/experiments/nearest/nf_p500_002/maps/snapshot_000010_periodic_canvas.npz
100644 blob ce2643e53276ade956dec61e6d89f34a4c73328f	mapex_lab/experiments/nearest/nf_p500_002/maps/snapshot_000010_periodic_raw.npz
100644 blob 8b03227ddf70d8ba8d494cc33c3091a1fe10634f	mapex_lab/experiments/nearest/nf_p500_002/maps/snapshot_000011_periodic_canvas.npz
100644 blob 7d7023871034533c68c4d4911dc8b5b6d84722cf	mapex_lab/experiments/nearest/nf_p500_002/maps/snapshot_000011_periodic_raw.npz
100644 blob 36d020e41a912d7187159d5964e713e8b0700323	mapex_lab/experiments/nearest/nf_p500_002/maps/snapshot_000012_periodic_canvas.npz
100644 blob cbfc670a9aa02e9efac396f616f5684141d75f59	mapex_lab/experiments/nearest/nf_p500_002/maps/snapshot_000012_periodic_raw.npz
100644 blob 33a68bee6b199db9a84fae722485e0051d6846e5	mapex_lab/experiments/nearest/nf_p500_002/maps/snapshot_000013_periodic_canvas.npz
100644 blob d91e70a05466f815856d804baf58c3ada6713fa2	mapex_lab/experiments/nearest/nf_p500_002/maps/snapshot_000013_periodic_raw.npz
100644 blob d696d8891aa1849c18a53a0f4067a47f68feabe4	mapex_lab/experiments/nearest/nf_p500_002/maps/snapshot_000014_periodic_canvas.npz
100644 blob 3538df7679aa54fd7f6ae6ea6967d54905bf243e	mapex_lab/experiments/nearest/nf_p500_002/maps/snapshot_000014_periodic_raw.npz
100644 blob 37fdb148bb78d4792ffde6109300be39417369a1	mapex_lab/experiments/nearest/nf_p500_002/maps/snapshot_000015_periodic_canvas.npz
100644 blob 8b2ecf2bbc68a8d3c04fca92a51136020131d3a4	mapex_lab/experiments/nearest/nf_p500_002/maps/snapshot_000015_periodic_raw.npz
100644 blob 5f5fe1c7a8caa817d7f0736ea31001bb2b9504a6	mapex_lab/experiments/nearest/nf_p500_002/maps/snapshot_000016_periodic_canvas.npz
100644 blob e55ae44c93f64065ec2305eafb5755decba59932	mapex_lab/experiments/nearest/nf_p500_002/maps/snapshot_000016_periodic_raw.npz
100644 blob 1304eb65724dcd56f954a9a9bf7f12c88432c5ce	mapex_lab/experiments/nearest/nf_p500_002/maps/snapshot_000017_periodic_canvas.npz
100644 blob a84af370df56e16666d14ad4a5fa5a487e08b201	mapex_lab/experiments/nearest/nf_p500_002/maps/snapshot_000017_periodic_raw.npz
100644 blob cb3790b8264958e22a1a5899183739e463eac88a	mapex_lab/experiments/nearest/nf_p500_002/maps/snapshot_000018_periodic_canvas.npz
100644 blob 9646ab6a224d4441adb089e2ef269f00d50ce667	mapex_lab/experiments/nearest/nf_p500_002/maps/snapshot_000018_periodic_raw.npz
100644 blob b3070bf90198cc008b57d8c56f2812130e9591d3	mapex_lab/experiments/nearest/nf_p500_002/maps/snapshot_000019_periodic_canvas.npz
100644 blob 4b8a0d75de16374b6a05cb39f1457ffe397b03fc	mapex_lab/experiments/nearest/nf_p500_002/maps/snapshot_000019_periodic_raw.npz
100644 blob dc43292200ec3bf055f91f06c542098a54f86707	mapex_lab/experiments/nearest/nf_p500_002/maps/snapshot_000020_periodic_canvas.npz
100644 blob 43c29a9472cd74d46b3e8d87e11690ffe38c27a6	mapex_lab/experiments/nearest/nf_p500_002/maps/snapshot_000020_periodic_raw.npz
100644 blob 2740e15e219883edca33490d876f5a99113802b7	mapex_lab/experiments/nearest/nf_p500_002/maps/snapshot_000021_periodic_canvas.npz
100644 blob f1153bba28616ba6a11fed2d6915b0b27dacc3a8	mapex_lab/experiments/nearest/nf_p500_002/maps/snapshot_000021_periodic_raw.npz
100644 blob d0be9d40debbe8f1c6a7f67ad7443d4a3f9c9d62	mapex_lab/experiments/nearest/nf_p500_002/maps/snapshot_000022_periodic_canvas.npz
100644 blob 387022c3a47ee5aac83796234429328810727c33	mapex_lab/experiments/nearest/nf_p500_002/maps/snapshot_000022_periodic_raw.npz
100644 blob b437b33780eea6ac48bbb2f5dbda1c2959d669a6	mapex_lab/experiments/nearest/nf_p500_002/maps/snapshot_000023_periodic_canvas.npz
100644 blob 0eba0304761dfcf42491428924aa2b67e59b2514	mapex_lab/experiments/nearest/nf_p500_002/maps/snapshot_000023_periodic_raw.npz
100644 blob e83447e2dc012729dcef44e7e2238da618ab9058	mapex_lab/experiments/nearest/nf_p500_002/maps/snapshot_000024_periodic_canvas.npz
100644 blob 44d87fcaad46d368f0a997b98ba4ef9b4ff7ef5d	mapex_lab/experiments/nearest/nf_p500_002/maps/snapshot_000024_periodic_raw.npz
100644 blob d329b2c6a3c97c84d6fb5854031728493a677056	mapex_lab/experiments/nearest/nf_p500_002/maps/snapshot_000025_periodic_canvas.npz
100644 blob 2a7dfc27ea40893843f8d24fbf0cc95dae406d4f	mapex_lab/experiments/nearest/nf_p500_002/maps/snapshot_000025_periodic_raw.npz
100644 blob 30306fa8ac476144852840f6268127d9208d6d28	mapex_lab/experiments/nearest/nf_p500_002/maps/snapshot_000026_periodic_canvas.npz
100644 blob 40743825f7b99c302b75ca9d4d625b2acb525db9	mapex_lab/experiments/nearest/nf_p500_002/maps/snapshot_000026_periodic_raw.npz
100644 blob 23c6aa123043bd9c0494a01791d66b8125997e69	mapex_lab/experiments/nearest/nf_p500_002/maps/snapshot_000027_periodic_canvas.npz
100644 blob e46abee164963044230f1f000cdac0c2f22d723b	mapex_lab/experiments/nearest/nf_p500_002/maps/snapshot_000027_periodic_raw.npz
100644 blob 134299b11b85b39f541b057d9e360632c2d38659	mapex_lab/experiments/nearest/nf_p500_002/maps/snapshot_000028_periodic_canvas.npz
100644 blob 8854d60b02143067abb10f23c69eaf8789a6ddd9	mapex_lab/experiments/nearest/nf_p500_002/maps/snapshot_000028_periodic_raw.npz
100644 blob dd7ae386ed8ccfff62266e77db6459cb19dd147e	mapex_lab/experiments/nearest/nf_p500_002/maps/snapshot_000029_periodic_canvas.npz
100644 blob 87c93c0732edc8c4e1000d15fd26396edef92e0e	mapex_lab/experiments/nearest/nf_p500_002/maps/snapshot_000029_periodic_raw.npz
100644 blob 7e476029adec7c310429d862315685e880b1de8d	mapex_lab/experiments/nearest/nf_p500_002/maps/snapshot_000030_periodic_canvas.npz
100644 blob 573ec1c8dd14f9b4c331817c7a84e1f85ffa09b3	mapex_lab/experiments/nearest/nf_p500_002/maps/snapshot_000030_periodic_raw.npz
100644 blob f4be5affa37f8e46875bfb3baec64f58c873b318	mapex_lab/experiments/nearest/nf_p500_002/maps/snapshot_000031_periodic_canvas.npz
100644 blob 99f07124fef2e2e9d80f3f63a4c9504570588e2b	mapex_lab/experiments/nearest/nf_p500_002/maps/snapshot_000031_periodic_raw.npz
100644 blob 27bfc33df6edc03536e0c764543a80c9237d240d	mapex_lab/experiments/nearest/nf_p500_002/maps/snapshot_000032_periodic_canvas.npz
100644 blob 063936973dccd92bc773804181c50c4eeb942c10	mapex_lab/experiments/nearest/nf_p500_002/maps/snapshot_000032_periodic_raw.npz
100644 blob 5197b287fb18cb0cb4f488eeab221e0ce74c529c	mapex_lab/experiments/nearest/nf_p500_002/maps/snapshot_000033_periodic_canvas.npz
100644 blob c2d3fd9ef7ec33d34cd20f5dd6fc5f3ff447522d	mapex_lab/experiments/nearest/nf_p500_002/maps/snapshot_000033_periodic_raw.npz
100644 blob 44799da892a82aa5e93939dae726952f627130d3	mapex_lab/experiments/nearest/nf_p500_002/maps/snapshot_000034_periodic_canvas.npz
100644 blob 0e2f4ffbbf4a3c1097e6de1eec621d87d255a84c	mapex_lab/experiments/nearest/nf_p500_002/maps/snapshot_000034_periodic_raw.npz
100644 blob 4509671f92b761c1edc014cb51e091b479116566	mapex_lab/experiments/nearest/nf_p500_002/maps/snapshot_000035_periodic_canvas.npz
100644 blob 4a0bbe1f22e83828930aacb6cd4c21e79c5e05f6	mapex_lab/experiments/nearest/nf_p500_002/maps/snapshot_000035_periodic_raw.npz
100644 blob 6bd9e9c51fa8e0accdedec2bd707279eaa300a2a	mapex_lab/experiments/nearest/nf_p500_002/maps/snapshot_000036_periodic_canvas.npz
100644 blob 430bb19509163f41f6805c1cf56720ac81b96efc	mapex_lab/experiments/nearest/nf_p500_002/maps/snapshot_000036_periodic_raw.npz
100644 blob c37d58f6ddd86e09711bca89cce0e874fa9fa30e	mapex_lab/experiments/nearest/nf_p500_002/maps/snapshot_000037_periodic_canvas.npz
100644 blob 582222700e9a3cb221230871f75b2d92823d667e	mapex_lab/experiments/nearest/nf_p500_002/maps/snapshot_000037_periodic_raw.npz
100644 blob 7c432d67120703404ef89026dd16d021ac04ec26	mapex_lab/experiments/nearest/nf_p500_002/maps/snapshot_000038_periodic_canvas.npz
100644 blob 12c8728c3e0e4c0b612199a3cf62ccff5fa8dddf	mapex_lab/experiments/nearest/nf_p500_002/maps/snapshot_000038_periodic_raw.npz
100644 blob 9d3e1ee4c60f3a2a94f53d2c5a8d6a77d47fa2fe	mapex_lab/experiments/nearest/nf_p500_002/maps/snapshot_000039_periodic_canvas.npz
100644 blob d02033ed1fb5df2345146ebcce63a9b07159f9b8	mapex_lab/experiments/nearest/nf_p500_002/maps/snapshot_000039_periodic_raw.npz
100644 blob bb8e4cc3e1f0bb3e533a41e7b4ab812d95f32ffa	mapex_lab/experiments/nearest/nf_p500_002/maps/snapshot_000040_periodic_canvas.npz
100644 blob 9a087fc81f293fecdf8eb28a6b560d0d3d1703d2	mapex_lab/experiments/nearest/nf_p500_002/maps/snapshot_000040_periodic_raw.npz
100644 blob cdfbbf4d7c7a4694929f7be44907e24b984ec41f	mapex_lab/experiments/nearest/nf_p500_002/maps/snapshot_000041_periodic_canvas.npz
100644 blob 11f47f01d4a60d98894ba9976742e3cce4d9b903	mapex_lab/experiments/nearest/nf_p500_002/maps/snapshot_000041_periodic_raw.npz
100644 blob c73470d478b01d23fa15bae2137a10a74ded72ea	mapex_lab/experiments/nearest/nf_p500_002/maps/snapshot_000042_periodic_canvas.npz
100644 blob a9403d333d4613e40dd416423191471ca287c8a8	mapex_lab/experiments/nearest/nf_p500_002/maps/snapshot_000042_periodic_raw.npz
100644 blob 9f3f905e4e978dcd156d6e197f4aed99221e61f3	mapex_lab/experiments/nearest/nf_p500_002/maps/snapshot_000043_periodic_canvas.npz
100644 blob 66b86aa6a03ce7569fc0a74bd895b8b9e42ca668	mapex_lab/experiments/nearest/nf_p500_002/maps/snapshot_000043_periodic_raw.npz
100644 blob e7a57f1c2760ea703483716073b6dcd34dafefa7	mapex_lab/experiments/nearest/nf_p500_002/maps/snapshot_000044_periodic_canvas.npz
100644 blob 32be7a98ddea81f4c746d8fa2e0dff1013aa81a0	mapex_lab/experiments/nearest/nf_p500_002/maps/snapshot_000044_periodic_raw.npz
100644 blob 2c2fa9cee7dab62e92cfb286157c434f74241efa	mapex_lab/experiments/nearest/nf_p500_002/maps/snapshot_000045_periodic_canvas.npz
100644 blob 22a03fbba2239f4bf7ddc4a52d155f8f6da74464	mapex_lab/experiments/nearest/nf_p500_002/maps/snapshot_000045_periodic_raw.npz
100644 blob a6e0040bbcca8e295a6f815e5a5bcaa357f7e247	mapex_lab/experiments/nearest/nf_p500_002/maps/snapshot_000046_periodic_canvas.npz
100644 blob 9267c2e1772657284a5152a62e97497af7d9ff73	mapex_lab/experiments/nearest/nf_p500_002/maps/snapshot_000046_periodic_raw.npz
100644 blob c74db9c30c80ea66e5842b3f5208f1747d9f4825	mapex_lab/experiments/nearest/nf_p500_002/maps/snapshot_000047_periodic_canvas.npz
100644 blob 4f79b54e350e1589f839fc592e3c8060d1e5f351	mapex_lab/experiments/nearest/nf_p500_002/maps/snapshot_000047_periodic_raw.npz
100644 blob e2c0203e8b3cf864f15c994e616acde37fa29485	mapex_lab/experiments/nearest/nf_p500_002/maps/snapshot_000048_final_canvas.npz
100644 blob 4b50aa54f73fd142317fb771e28c178e2e29d38f	mapex_lab/experiments/nearest/nf_p500_002/maps/snapshot_000048_final_raw.npz
100644 blob 375a8dffce247be36d688efb91de164d7f090f72	mapex_lab/experiments/nearest/nf_p500_002/metadata.json
100644 blob 6aad7840a025c0a6455eba5e74d7aee32c94dadd	mapex_lab/experiments/nearest/nf_p500_002/metrics.csv
100644 blob 37948892729a73c057e3f30ba8b6a565d897801f	mapex_lab/experiments/nearest/nf_p500_002/paper500_snapshots.csv
100644 blob fa80ab414cbf0e668e20ec91d21485eb3006f976	mapex_lab/experiments/nearest/nf_p500_002/plans.csv
100644 blob ddbf855d01fc1ab2263c9c37577359981ca49a7e	mapex_lab/experiments/nearest/nf_p500_002/policy_decisions.csv
100644 blob 077a6e6e1c99535b0e441a99ae4d1894cb09a978	mapex_lab/experiments/nearest/nf_p500_002/runtime_nav2_merged.yaml
100644 blob 6c7711073f8460d647d1601bc43c0febe13d3b4a	mapex_lab/experiments/nearest/nf_p500_002/snapshots.csv
100644 blob 41cd923075fe308bbc0c9b736ee87524d6d5b6df	mapex_lab/experiments/nearest/nf_p500_002/summary.json
100644 blob e04b88565a240d56e54a8a0eeb19789f34f42307	mapex_lab/experiments/nearest/nf_p500_002/trajectory.csv
