run_id,decision_id,variance_parity_pass,variance_max_abs_diff,variance_mean_abs_diff,variance_rtol,variance_atol,variance_estimator,g1_path,g2_path,g3_path,mean_path,variance_path
mpx_001,1,1,5.960464477539063e-08,2.2093446689098228e-09,1e-05,1e-07,"np.var(G1,G2,G3,axis=0,ddof=1)",predictions/decision_000001_g1.npz,predictions/decision_000001_g2.npz,predictions/decision_000001_g3.npz,predictions/decision_000001_mean.npz,predictions/decision_000001_variance.npz
mpx_001,2,1,5.960464477539063e-08,2.0258962769809543e-09,1e-05,1e-07,"np.var(G1,G2,G3,axis=0,ddof=1)",predictions/decision_000002_g1.npz,predictions/decision_000002_g2.npz,predictions/decision_000002_g3.npz,predictions/decision_000002_mean.npz,predictions/decision_000002_variance.npz
mpx_001,3,1,5.960464477539063e-08,1.3709443049993497e-09,1e-05,1e-07,"np.var(G1,G2,G3,axis=0,ddof=1)",predictions/decision_000003_g1.npz,predictions/decision_000003_g2.npz,predictions/decision_000003_g3.npz,predictions/decision_000003_mean.npz,predictions/decision_000003_variance.npz
mpx_001,4,1,5.960464477539063e-08,9.643631568291878e-10,1e-05,1e-07,"np.var(G1,G2,G3,axis=0,ddof=1)",predictions/decision_000004_g1.npz,predictions/decision_000004_g2.npz,predictions/decision_000004_g3.npz,predictions/decision_000004_mean.npz,predictions/decision_000004_variance.npz
mpx_001,5,1,5.960464477539063e-08,8.609237757455003e-10,1e-05,1e-07,"np.var(G1,G2,G3,axis=0,ddof=1)",predictions/decision_000005_g1.npz,predictions/decision_000005_g2.npz,predictions/decision_000005_g3.npz,predictions/decision_000005_mean.npz,predictions/decision_000005_variance.npz
mpx_001,6,1,5.960464477539063e-08,1.0247332147255288e-09,1e-05,1e-07,"np.var(G1,G2,G3,axis=0,ddof=1)",predictions/decision_000006_g1.npz,predictions/decision_000006_g2.npz,predictions/decision_000006_g3.npz,predictions/decision_000006_mean.npz,predictions/decision_000006_variance.npz
mpx_001,7,1,5.960464477539063e-08,9.241623529112617e-10,1e-05,1e-07,"np.var(G1,G2,G3,axis=0,ddof=1)",predictions/decision_000007_g1.npz,predictions/decision_000007_g2.npz,predictions/decision_000007_g3.npz,predictions/decision_000007_mean.npz,predictions/decision_000007_variance.npz
mpx_001,8,1,5.960464477539063e-08,1.1084883645343275e-09,1e-05,1e-07,"np.var(G1,G2,G3,axis=0,ddof=1)",predictions/decision_000008_g1.npz,predictions/decision_000008_g2.npz,predictions/decision_000008_g3.npz,predictions/decision_000008_mean.npz,predictions/decision_000008_variance.npz
mpx_001,9,1,5.960464477539063e-08,1.0332637592519068e-09,1e-05,1e-07,"np.var(G1,G2,G3,axis=0,ddof=1)",predictions/decision_000009_g1.npz,predictions/decision_000009_g2.npz,predictions/decision_000009_g3.npz,predictions/decision_000009_mean.npz,predictions/decision_000009_variance.npz
mpx_001,10,1,5.960464477539063e-08,9.576410815957758e-10,1e-05,1e-07,"np.var(G1,G2,G3,axis=0,ddof=1)",predictions/decision_000010_g1.npz,predictions/decision_000010_g2.npz,predictions/decision_000010_g3.npz,predictions/decision_000010_mean.npz,predictions/decision_000010_variance.npz
mpx_001,11,1,5.960464477539063e-08,6.768367777951629e-10,1e-05,1e-07,"np.var(G1,G2,G3,axis=0,ddof=1)",predictions/decision_000011_g1.npz,predictions/decision_000011_g2.npz,predictions/decision_000011_g3.npz,predictions/decision_000011_mean.npz,predictions/decision_000011_variance.npz
mpx_001,12,1,5.960464477539063e-08,6.836922309211588e-10,1e-05,1e-07,"np.var(G1,G2,G3,axis=0,ddof=1)",predictions/decision_000012_g1.npz,predictions/decision_000012_g2.npz,predictions/decision_000012_g3.npz,predictions/decision_000012_mean.npz,predictions/decision_000012_variance.npz
mpx_001,13,1,5.960464477539063e-08,4.654596507115641e-10,1e-05,1e-07,"np.var(G1,G2,G3,axis=0,ddof=1)",predictions/decision_000013_g1.npz,predictions/decision_000013_g2.npz,predictions/decision_000013_g3.npz,predictions/decision_000013_mean.npz,predictions/decision_000013_variance.npz
mpx_001,14,1,5.960464477539063e-08,4.1111357270430237e-10,1e-05,1e-07,"np.var(G1,G2,G3,axis=0,ddof=1)",predictions/decision_000014_g1.npz,predictions/decision_000014_g2.npz,predictions/decision_000014_g3.npz,predictions/decision_000014_mean.npz,predictions/decision_000014_variance.npz
mpx_001,15,1,5.960464477539063e-08,3.2872107297060755e-10,1e-05,1e-07,"np.var(G1,G2,G3,axis=0,ddof=1)",predictions/decision_000015_g1.npz,predictions/decision_000015_g2.npz,predictions/decision_000015_g3.npz,predictions/decision_000015_mean.npz,predictions/decision_000015_variance.npz
mpx_001,16,1,5.960464477539063e-08,3.003981479030287e-10,1e-05,1e-07,"np.var(G1,G2,G3,axis=0,ddof=1)",predictions/decision_000016_g1.npz,predictions/decision_000016_g2.npz,predictions/decision_000016_g3.npz,predictions/decision_000016_mean.npz,predictions/decision_000016_variance.npz
mpx_001,17,1,5.960464477539063e-08,3.1587261727000377e-10,1e-05,1e-07,"np.var(G1,G2,G3,axis=0,ddof=1)",predictions/decision_000017_g1.npz,predictions/decision_000017_g2.npz,predictions/decision_000017_g3.npz,predictions/decision_000017_mean.npz,predictions/decision_000017_variance.npz
mpx_001,18,1,5.960464477539063e-08,3.1587261727000377e-10,1e-05,1e-07,"np.var(G1,G2,G3,axis=0,ddof=1)",predictions/decision_000018_g1.npz,predictions/decision_000018_g2.npz,predictions/decision_000018_g3.npz,predictions/decision_000018_mean.npz,predictions/decision_000018_variance.npz
mpx_001,19,1,5.960464477539063e-08,2.561701491439495e-10,1e-05,1e-07,"np.var(G1,G2,G3,axis=0,ddof=1)",predictions/decision_000019_g1.npz,predictions/decision_000019_g2.npz,predictions/decision_000019_g3.npz,predictions/decision_000019_mean.npz,predictions/decision_000019_variance.npz
mpx_001,20,1,5.960464477539063e-08,1.2510480036513778e-10,1e-05,1e-07,"np.var(G1,G2,G3,axis=0,ddof=1)",predictions/decision_000020_g1.npz,predictions/decision_000020_g2.npz,predictions/decision_000020_g3.npz,predictions/decision_000020_mean.npz,predictions/decision_000020_variance.npz
mpx_001,21,1,5.960464477539063e-08,7.805440648798147e-11,1e-05,1e-07,"np.var(G1,G2,G3,axis=0,ddof=1)",predictions/decision_000021_g1.npz,predictions/decision_000021_g2.npz,predictions/decision_000021_g3.npz,predictions/decision_000021_mean.npz,predictions/decision_000021_variance.npz
mpx_001,22,1,5.960464477539063e-08,4.793414002082302e-11,1e-05,1e-07,"np.var(G1,G2,G3,axis=0,ddof=1)",predictions/decision_000022_g1.npz,predictions/decision_000022_g2.npz,predictions/decision_000022_g3.npz,predictions/decision_000022_mean.npz,predictions/decision_000022_variance.npz
mpx_001,23,1,5.960464477539063e-08,3.91062628806296e-11,1e-05,1e-07,"np.var(G1,G2,G3,axis=0,ddof=1)",predictions/decision_000023_g1.npz,predictions/decision_000023_g2.npz,predictions/decision_000023_g3.npz,predictions/decision_000023_mean.npz,predictions/decision_000023_variance.npz
mpx_001,24,1,5.960464477539063e-08,3.4027794145529094e-11,1e-05,1e-07,"np.var(G1,G2,G3,axis=0,ddof=1)",predictions/decision_000024_g1.npz,predictions/decision_000024_g2.npz,predictions/decision_000024_g3.npz,predictions/decision_000024_mean.npz,predictions/decision_000024_variance.npz
mpx_001,25,1,2.9802322387695312e-08,2.9540920980459225e-11,1e-05,1e-07,"np.var(G1,G2,G3,axis=0,ddof=1)",predictions/decision_000025_g1.npz,predictions/decision_000025_g2.npz,predictions/decision_000025_g3.npz,predictions/decision_000025_mean.npz,predictions/decision_000025_variance.npz
mpx_001,26,1,2.9802322387695312e-08,2.5001776465276912e-11,1e-05,1e-07,"np.var(G1,G2,G3,axis=0,ddof=1)",predictions/decision_000026_g1.npz,predictions/decision_000026_g2.npz,predictions/decision_000026_g3.npz,predictions/decision_000026_mean.npz,predictions/decision_000026_variance.npz
mpx_001,27,1,2.9802322387695312e-08,2.023936753150473e-11,1e-05,1e-07,"np.var(G1,G2,G3,axis=0,ddof=1)",predictions/decision_000027_g1.npz,predictions/decision_000027_g2.npz,predictions/decision_000027_g3.npz,predictions/decision_000027_mean.npz,predictions/decision_000027_variance.npz
mpx_001,28,1,2.9802322387695312e-08,2.4063206308055083e-11,1e-05,1e-07,"np.var(G1,G2,G3,axis=0,ddof=1)",predictions/decision_000028_g1.npz,predictions/decision_000028_g2.npz,predictions/decision_000028_g3.npz,predictions/decision_000028_mean.npz,predictions/decision_000028_variance.npz
mpx_001,29,1,2.9802322387695312e-08,2.0415283085533073e-11,1e-05,1e-07,"np.var(G1,G2,G3,axis=0,ddof=1)",predictions/decision_000029_g1.npz,predictions/decision_000029_g2.npz,predictions/decision_000029_g3.npz,predictions/decision_000029_mean.npz,predictions/decision_000029_variance.npz
mpx_001,30,1,2.9802322387695312e-08,2.0415283085533073e-11,1e-05,1e-07,"np.var(G1,G2,G3,axis=0,ddof=1)",predictions/decision_000030_g1.npz,predictions/decision_000030_g2.npz,predictions/decision_000030_g3.npz,predictions/decision_000030_mean.npz,predictions/decision_000030_variance.npz
mpx_001,31,1,2.9802322387695312e-08,2.0415283085533073e-11,1e-05,1e-07,"np.var(G1,G2,G3,axis=0,ddof=1)",predictions/decision_000031_g1.npz,predictions/decision_000031_g2.npz,predictions/decision_000031_g3.npz,predictions/decision_000031_mean.npz,predictions/decision_000031_variance.npz
mpx_001,32,1,2.9802322387695312e-08,2.0415283085533073e-11,1e-05,1e-07,"np.var(G1,G2,G3,axis=0,ddof=1)",predictions/decision_000032_g1.npz,predictions/decision_000032_g2.npz,predictions/decision_000032_g3.npz,predictions/decision_000032_mean.npz,predictions/decision_000032_variance.npz
mpx_001,33,1,2.9802322387695312e-08,2.0415283085533073e-11,1e-05,1e-07,"np.var(G1,G2,G3,axis=0,ddof=1)",predictions/decision_000033_g1.npz,predictions/decision_000033_g2.npz,predictions/decision_000033_g3.npz,predictions/decision_000033_mean.npz,predictions/decision_000033_variance.npz
mpx_001,34,1,2.9802322387695312e-08,2.0415283085533073e-11,1e-05,1e-07,"np.var(G1,G2,G3,axis=0,ddof=1)",predictions/decision_000034_g1.npz,predictions/decision_000034_g2.npz,predictions/decision_000034_g3.npz,predictions/decision_000034_mean.npz,predictions/decision_000034_variance.npz
mpx_001,35,1,2.9802322387695312e-08,2.0415283085533073e-11,1e-05,1e-07,"np.var(G1,G2,G3,axis=0,ddof=1)",predictions/decision_000035_g1.npz,predictions/decision_000035_g2.npz,predictions/decision_000035_g3.npz,predictions/decision_000035_mean.npz,predictions/decision_000035_variance.npz
mpx_002,1,1,5.960464477539063e-08,2.2093446689098228e-09,1e-05,1e-07,"np.var(G1,G2,G3,axis=0,ddof=1)",predictions/decision_000001_g1.npz,predictions/decision_000001_g2.npz,predictions/decision_000001_g3.npz,predictions/decision_000001_mean.npz,predictions/decision_000001_variance.npz
mpx_002,2,1,5.960464477539063e-08,1.911448643006354e-09,1e-05,1e-07,"np.var(G1,G2,G3,axis=0,ddof=1)",predictions/decision_000002_g1.npz,predictions/decision_000002_g2.npz,predictions/decision_000002_g3.npz,predictions/decision_000002_mean.npz,predictions/decision_000002_variance.npz
mpx_002,3,1,5.960464477539063e-08,1.3231690493145076e-09,1e-05,1e-07,"np.var(G1,G2,G3,axis=0,ddof=1)",predictions/decision_000003_g1.npz,predictions/decision_000003_g2.npz,predictions/decision_000003_g3.npz,predictions/decision_000003_mean.npz,predictions/decision_000003_variance.npz
mpx_002,4,1,5.960464477539063e-08,9.235332471423822e-10,1e-05,1e-07,"np.var(G1,G2,G3,axis=0,ddof=1)",predictions/decision_000004_g1.npz,predictions/decision_000004_g2.npz,predictions/decision_000004_g3.npz,predictions/decision_000004_mean.npz,predictions/decision_000004_variance.npz
mpx_002,5,1,5.960464477539063e-08,9.262344138018204e-10,1e-05,1e-07,"np.var(G1,G2,G3,axis=0,ddof=1)",predictions/decision_000005_g1.npz,predictions/decision_000005_g2.npz,predictions/decision_000005_g3.npz,predictions/decision_000005_mean.npz,predictions/decision_000005_variance.npz
mpx_002,6,1,5.960464477539063e-08,1.0612157308469591e-09,1e-05,1e-07,"np.var(G1,G2,G3,axis=0,ddof=1)",predictions/decision_000006_g1.npz,predictions/decision_000006_g2.npz,predictions/decision_000006_g3.npz,predictions/decision_000006_mean.npz,predictions/decision_000006_variance.npz
mpx_002,7,1,5.960464477539063e-08,8.462758063022205e-10,1e-05,1e-07,"np.var(G1,G2,G3,axis=0,ddof=1)",predictions/decision_000007_g1.npz,predictions/decision_000007_g2.npz,predictions/decision_000007_g3.npz,predictions/decision_000007_mean.npz,predictions/decision_000007_variance.npz
mpx_002,8,1,5.960464477539063e-08,6.26420047253422e-10,1e-05,1e-07,"np.var(G1,G2,G3,axis=0,ddof=1)",predictions/decision_000008_g1.npz,predictions/decision_000008_g2.npz,predictions/decision_000008_g3.npz,predictions/decision_000008_mean.npz,predictions/decision_000008_variance.npz
mpx_002,9,1,5.960464477539063e-08,5.578313404780133e-10,1e-05,1e-07,"np.var(G1,G2,G3,axis=0,ddof=1)",predictions/decision_000009_g1.npz,predictions/decision_000009_g2.npz,predictions/decision_000009_g3.npz,predictions/decision_000009_mean.npz,predictions/decision_000009_variance.npz
mpx_002,10,1,5.960464477539063e-08,5.040716361488739e-10,1e-05,1e-07,"np.var(G1,G2,G3,axis=0,ddof=1)",predictions/decision_000010_g1.npz,predictions/decision_000010_g2.npz,predictions/decision_000010_g3.npz,predictions/decision_000010_mean.npz,predictions/decision_000010_variance.npz
mpx_002,11,1,5.960464477539063e-08,5.540861436409671e-10,1e-05,1e-07,"np.var(G1,G2,G3,axis=0,ddof=1)",predictions/decision_000011_g1.npz,predictions/decision_000011_g2.npz,predictions/decision_000011_g3.npz,predictions/decision_000011_mean.npz,predictions/decision_000011_variance.npz
mpx_002,12,1,5.960464477539063e-08,5.26600872627792e-10,1e-05,1e-07,"np.var(G1,G2,G3,axis=0,ddof=1)",predictions/decision_000012_g1.npz,predictions/decision_000012_g2.npz,predictions/decision_000012_g3.npz,predictions/decision_000012_mean.npz,predictions/decision_000012_variance.npz
mpx_002,13,1,5.960464477539063e-08,3.900353669881694e-10,1e-05,1e-07,"np.var(G1,G2,G3,axis=0,ddof=1)",predictions/decision_000013_g1.npz,predictions/decision_000013_g2.npz,predictions/decision_000013_g3.npz,predictions/decision_000013_mean.npz,predictions/decision_000013_variance.npz
mpx_002,14,1,5.960464477539063e-08,3.2443223041956477e-10,1e-05,1e-07,"np.var(G1,G2,G3,axis=0,ddof=1)",predictions/decision_000014_g1.npz,predictions/decision_000014_g2.npz,predictions/decision_000014_g3.npz,predictions/decision_000014_mean.npz,predictions/decision_000014_variance.npz
mpx_002,15,1,5.960464477539063e-08,2.575090697664854e-10,1e-05,1e-07,"np.var(G1,G2,G3,axis=0,ddof=1)",predictions/decision_000015_g1.npz,predictions/decision_000015_g2.npz,predictions/decision_000015_g3.npz,predictions/decision_000015_mean.npz,predictions/decision_000015_variance.npz
mpx_002,16,1,5.960464477539063e-08,2.256172666488032e-10,1e-05,1e-07,"np.var(G1,G2,G3,axis=0,ddof=1)",predictions/decision_000016_g1.npz,predictions/decision_000016_g2.npz,predictions/decision_000016_g3.npz,predictions/decision_000016_mean.npz,predictions/decision_000016_variance.npz
mpx_002,17,1,5.960464477539063e-08,2.084655799519405e-10,1e-05,1e-07,"np.var(G1,G2,G3,axis=0,ddof=1)",predictions/decision_000017_g1.npz,predictions/decision_000017_g2.npz,predictions/decision_000017_g3.npz,predictions/decision_000017_mean.npz,predictions/decision_000017_variance.npz
mpx_002,18,1,5.960464477539063e-08,1.0859654492256074e-10,1e-05,1e-07,"np.var(G1,G2,G3,axis=0,ddof=1)",predictions/decision_000018_g1.npz,predictions/decision_000018_g2.npz,predictions/decision_000018_g3.npz,predictions/decision_000018_mean.npz,predictions/decision_000018_variance.npz
mpx_002,19,1,5.960464477539063e-08,7.878968468052307e-11,1e-05,1e-07,"np.var(G1,G2,G3,axis=0,ddof=1)",predictions/decision_000019_g1.npz,predictions/decision_000019_g2.npz,predictions/decision_000019_g3.npz,predictions/decision_000019_mean.npz,predictions/decision_000019_variance.npz
mpx_002,20,1,5.960464477539063e-08,5.363019862550652e-11,1e-05,1e-07,"np.var(G1,G2,G3,axis=0,ddof=1)",predictions/decision_000020_g1.npz,predictions/decision_000020_g2.npz,predictions/decision_000020_g3.npz,predictions/decision_000020_mean.npz,predictions/decision_000020_variance.npz
mpx_002,21,1,5.960464477539063e-08,4.7632464175204946e-11,1e-05,1e-07,"np.var(G1,G2,G3,axis=0,ddof=1)",predictions/decision_000021_g1.npz,predictions/decision_000021_g2.npz,predictions/decision_000021_g3.npz,predictions/decision_000021_mean.npz,predictions/decision_000021_variance.npz
mpx_002,22,1,4.470348358154297e-08,3.291328767259366e-11,1e-05,1e-07,"np.var(G1,G2,G3,axis=0,ddof=1)",predictions/decision_000022_g1.npz,predictions/decision_000022_g2.npz,predictions/decision_000022_g3.npz,predictions/decision_000022_mean.npz,predictions/decision_000022_variance.npz
mpx_002,23,1,2.9802322387695312e-08,3.312330464540911e-11,1e-05,1e-07,"np.var(G1,G2,G3,axis=0,ddof=1)",predictions/decision_000023_g1.npz,predictions/decision_000023_g2.npz,predictions/decision_000023_g3.npz,predictions/decision_000023_mean.npz,predictions/decision_000023_variance.npz
mpx_002,24,1,5.960464477539063e-08,3.088457488682405e-11,1e-05,1e-07,"np.var(G1,G2,G3,axis=0,ddof=1)",predictions/decision_000024_g1.npz,predictions/decision_000024_g2.npz,predictions/decision_000024_g3.npz,predictions/decision_000024_mean.npz,predictions/decision_000024_variance.npz
mpx_002,25,1,2.9802322387695312e-08,1.7345537711503035e-11,1e-05,1e-07,"np.var(G1,G2,G3,axis=0,ddof=1)",predictions/decision_000025_g1.npz,predictions/decision_000025_g2.npz,predictions/decision_000025_g3.npz,predictions/decision_000025_mean.npz,predictions/decision_000025_variance.npz
mpx_002,26,1,2.9802322387695312e-08,1.8953403761475798e-11,1e-05,1e-07,"np.var(G1,G2,G3,axis=0,ddof=1)",predictions/decision_000026_g1.npz,predictions/decision_000026_g2.npz,predictions/decision_000026_g3.npz,predictions/decision_000026_mean.npz,predictions/decision_000026_variance.npz
mpx_002,27,1,2.9802322387695312e-08,1.5558117541912804e-11,1e-05,1e-07,"np.var(G1,G2,G3,axis=0,ddof=1)",predictions/decision_000027_g1.npz,predictions/decision_000027_g2.npz,predictions/decision_000027_g3.npz,predictions/decision_000027_mean.npz,predictions/decision_000027_variance.npz
mpx_002,28,1,2.9802322387695312e-08,2.0543355508065844e-11,1e-05,1e-07,"np.var(G1,G2,G3,axis=0,ddof=1)",predictions/decision_000028_g1.npz,predictions/decision_000028_g2.npz,predictions/decision_000028_g3.npz,predictions/decision_000028_mean.npz,predictions/decision_000028_variance.npz
mpx_002,29,1,2.9802322387695312e-08,1.4792023024206636e-11,1e-05,1e-07,"np.var(G1,G2,G3,axis=0,ddof=1)",predictions/decision_000029_g1.npz,predictions/decision_000029_g2.npz,predictions/decision_000029_g3.npz,predictions/decision_000029_mean.npz,predictions/decision_000029_variance.npz
mpx_002,30,1,2.9802322387695312e-08,1.4792023024206636e-11,1e-05,1e-07,"np.var(G1,G2,G3,axis=0,ddof=1)",predictions/decision_000030_g1.npz,predictions/decision_000030_g2.npz,predictions/decision_000030_g3.npz,predictions/decision_000030_mean.npz,predictions/decision_000030_variance.npz
mpx_002,31,1,4.470348358154297e-08,1.8785243258350798e-11,1e-05,1e-07,"np.var(G1,G2,G3,axis=0,ddof=1)",predictions/decision_000031_g1.npz,predictions/decision_000031_g2.npz,predictions/decision_000031_g3.npz,predictions/decision_000031_mean.npz,predictions/decision_000031_variance.npz
mpx_002,32,1,4.470348358154297e-08,1.8785243258350798e-11,1e-05,1e-07,"np.var(G1,G2,G3,axis=0,ddof=1)",predictions/decision_000032_g1.npz,predictions/decision_000032_g2.npz,predictions/decision_000032_g3.npz,predictions/decision_000032_mean.npz,predictions/decision_000032_variance.npz
mpx_002,33,1,4.470348358154297e-08,1.8785243258350798e-11,1e-05,1e-07,"np.var(G1,G2,G3,axis=0,ddof=1)",predictions/decision_000033_g1.npz,predictions/decision_000033_g2.npz,predictions/decision_000033_g3.npz,predictions/decision_000033_mean.npz,predictions/decision_000033_variance.npz
mpx_002,34,1,4.470348358154297e-08,1.8785243258350798e-11,1e-05,1e-07,"np.var(G1,G2,G3,axis=0,ddof=1)",predictions/decision_000034_g1.npz,predictions/decision_000034_g2.npz,predictions/decision_000034_g3.npz,predictions/decision_000034_mean.npz,predictions/decision_000034_variance.npz
mpx_002,35,1,4.470348358154297e-08,1.8785243258350798e-11,1e-05,1e-07,"np.var(G1,G2,G3,axis=0,ddof=1)",predictions/decision_000035_g1.npz,predictions/decision_000035_g2.npz,predictions/decision_000035_g3.npz,predictions/decision_000035_mean.npz,predictions/decision_000035_variance.npz
mpx_002,36,1,4.470348358154297e-08,1.8785243258350798e-11,1e-05,1e-07,"np.var(G1,G2,G3,axis=0,ddof=1)",predictions/decision_000036_g1.npz,predictions/decision_000036_g2.npz,predictions/decision_000036_g3.npz,predictions/decision_000036_mean.npz,predictions/decision_000036_variance.npz
mpx_002,37,1,4.470348358154297e-08,1.8785243258350798e-11,1e-05,1e-07,"np.var(G1,G2,G3,axis=0,ddof=1)",predictions/decision_000037_g1.npz,predictions/decision_000037_g2.npz,predictions/decision_000037_g3.npz,predictions/decision_000037_mean.npz,predictions/decision_000037_variance.npz
mpx_003,1,1,5.960464477539063e-08,2.2093446689098228e-09,1e-05,1e-07,"np.var(G1,G2,G3,axis=0,ddof=1)",predictions/decision_000001_g1.npz,predictions/decision_000001_g2.npz,predictions/decision_000001_g3.npz,predictions/decision_000001_mean.npz,predictions/decision_000001_variance.npz
mpx_003,2,1,5.960464477539063e-08,1.9975879588226692e-09,1e-05,1e-07,"np.var(G1,G2,G3,axis=0,ddof=1)",predictions/decision_000002_g1.npz,predictions/decision_000002_g2.npz,predictions/decision_000002_g3.npz,predictions/decision_000002_mean.npz,predictions/decision_000002_variance.npz
mpx_003,3,1,5.960464477539063e-08,1.3581333057370294e-09,1e-05,1e-07,"np.var(G1,G2,G3,axis=0,ddof=1)",predictions/decision_000003_g1.npz,predictions/decision_000003_g2.npz,predictions/decision_000003_g3.npz,predictions/decision_000003_mean.npz,predictions/decision_000003_variance.npz
mpx_003,4,1,5.960464477539063e-08,1.1459168955951033e-09,1e-05,1e-07,"np.var(G1,G2,G3,axis=0,ddof=1)",predictions/decision_000004_g1.npz,predictions/decision_000004_g2.npz,predictions/decision_000004_g3.npz,predictions/decision_000004_mean.npz,predictions/decision_000004_variance.npz
mpx_003,5,1,5.960464477539063e-08,9.647917703805564e-10,1e-05,1e-07,"np.var(G1,G2,G3,axis=0,ddof=1)",predictions/decision_000005_g1.npz,predictions/decision_000005_g2.npz,predictions/decision_000005_g3.npz,predictions/decision_000005_mean.npz,predictions/decision_000005_variance.npz
mpx_003,6,1,5.960464477539063e-08,1.2166503832383298e-09,1e-05,1e-07,"np.var(G1,G2,G3,axis=0,ddof=1)",predictions/decision_000006_g1.npz,predictions/decision_000006_g2.npz,predictions/decision_000006_g3.npz,predictions/decision_000006_mean.npz,predictions/decision_000006_variance.npz
mpx_003,7,1,5.960464477539063e-08,9.997617957563215e-10,1e-05,1e-07,"np.var(G1,G2,G3,axis=0,ddof=1)",predictions/decision_000007_g1.npz,predictions/decision_000007_g2.npz,predictions/decision_000007_g3.npz,predictions/decision_000007_mean.npz,predictions/decision_000007_variance.npz
mpx_003,8,1,5.960464477539063e-08,9.283797291263363e-10,1e-05,1e-07,"np.var(G1,G2,G3,axis=0,ddof=1)",predictions/decision_000008_g1.npz,predictions/decision_000008_g2.npz,predictions/decision_000008_g3.npz,predictions/decision_000008_mean.npz,predictions/decision_000008_variance.npz
mpx_003,9,1,5.960464477539063e-08,9.345503751005988e-10,1e-05,1e-07,"np.var(G1,G2,G3,axis=0,ddof=1)",predictions/decision_000009_g1.npz,predictions/decision_000009_g2.npz,predictions/decision_000009_g3.npz,predictions/decision_000009_mean.npz,predictions/decision_000009_variance.npz
mpx_003,10,1,5.960464477539063e-08,1.0721140469979107e-09,1e-05,1e-07,"np.var(G1,G2,G3,axis=0,ddof=1)",predictions/decision_000010_g1.npz,predictions/decision_000010_g2.npz,predictions/decision_000010_g3.npz,predictions/decision_000010_mean.npz,predictions/decision_000010_variance.npz
mpx_003,11,1,5.960464477539063e-08,7.440982762876211e-10,1e-05,1e-07,"np.var(G1,G2,G3,axis=0,ddof=1)",predictions/decision_000011_g1.npz,predictions/decision_000011_g2.npz,predictions/decision_000011_g3.npz,predictions/decision_000011_mean.npz,predictions/decision_000011_variance.npz
mpx_003,12,1,5.960464477539063e-08,6.357544797428838e-10,1e-05,1e-07,"np.var(G1,G2,G3,axis=0,ddof=1)",predictions/decision_000012_g1.npz,predictions/decision_000012_g2.npz,predictions/decision_000012_g3.npz,predictions/decision_000012_mean.npz,predictions/decision_000012_variance.npz
mpx_003,13,1,5.960464477539063e-08,5.830670903305801e-10,1e-05,1e-07,"np.var(G1,G2,G3,axis=0,ddof=1)",predictions/decision_000013_g1.npz,predictions/decision_000013_g2.npz,predictions/decision_000013_g3.npz,predictions/decision_000013_mean.npz,predictions/decision_000013_variance.npz
mpx_003,14,1,5.960464477539063e-08,5.216014317803586e-10,1e-05,1e-07,"np.var(G1,G2,G3,axis=0,ddof=1)",predictions/decision_000014_g1.npz,predictions/decision_000014_g2.npz,predictions/decision_000014_g3.npz,predictions/decision_000014_mean.npz,predictions/decision_000014_variance.npz
mpx_003,15,1,5.960464477539063e-08,4.175776973570113e-10,1e-05,1e-07,"np.var(G1,G2,G3,axis=0,ddof=1)",predictions/decision_000015_g1.npz,predictions/decision_000015_g2.npz,predictions/decision_000015_g3.npz,predictions/decision_000015_mean.npz,predictions/decision_000015_variance.npz
mpx_003,16,1,5.960464477539063e-08,3.9641846118161585e-10,1e-05,1e-07,"np.var(G1,G2,G3,axis=0,ddof=1)",predictions/decision_000016_g1.npz,predictions/decision_000016_g2.npz,predictions/decision_000016_g3.npz,predictions/decision_000016_mean.npz,predictions/decision_000016_variance.npz
mpx_003,17,1,5.960464477539063e-08,3.8382085751373375e-10,1e-05,1e-07,"np.var(G1,G2,G3,axis=0,ddof=1)",predictions/decision_000017_g1.npz,predictions/decision_000017_g2.npz,predictions/decision_000017_g3.npz,predictions/decision_000017_mean.npz,predictions/decision_000017_variance.npz
mpx_003,18,1,5.960464477539063e-08,3.3140819214711695e-10,1e-05,1e-07,"np.var(G1,G2,G3,axis=0,ddof=1)",predictions/decision_000018_g1.npz,predictions/decision_000018_g2.npz,predictions/decision_000018_g3.npz,predictions/decision_000018_mean.npz,predictions/decision_000018_variance.npz
mpx_003,19,1,5.960464477539063e-08,2.3033023285176532e-10,1e-05,1e-07,"np.var(G1,G2,G3,axis=0,ddof=1)",predictions/decision_000019_g1.npz,predictions/decision_000019_g2.npz,predictions/decision_000019_g3.npz,predictions/decision_000019_mean.npz,predictions/decision_000019_variance.npz
mpx_003,20,1,5.960464477539063e-08,2.1468951765567734e-10,1e-05,1e-07,"np.var(G1,G2,G3,axis=0,ddof=1)",predictions/decision_000020_g1.npz,predictions/decision_000020_g2.npz,predictions/decision_000020_g3.npz,predictions/decision_000020_mean.npz,predictions/decision_000020_variance.npz
mpx_003,21,1,5.960464477539063e-08,1.3453756666521703e-10,1e-05,1e-07,"np.var(G1,G2,G3,axis=0,ddof=1)",predictions/decision_000021_g1.npz,predictions/decision_000021_g2.npz,predictions/decision_000021_g3.npz,predictions/decision_000021_mean.npz,predictions/decision_000021_variance.npz
mpx_003,22,1,2.9802322387695312e-08,1.0736601385711785e-10,1e-05,1e-07,"np.var(G1,G2,G3,axis=0,ddof=1)",predictions/decision_000022_g1.npz,predictions/decision_000022_g2.npz,predictions/decision_000022_g3.npz,predictions/decision_000022_mean.npz,predictions/decision_000022_variance.npz
mpx_003,23,1,5.960464477539063e-08,8.115666645025963e-11,1e-05,1e-07,"np.var(G1,G2,G3,axis=0,ddof=1)",predictions/decision_000023_g1.npz,predictions/decision_000023_g2.npz,predictions/decision_000023_g3.npz,predictions/decision_000023_mean.npz,predictions/decision_000023_variance.npz
mpx_003,24,1,5.960464477539063e-08,7.753716189614172e-11,1e-05,1e-07,"np.var(G1,G2,G3,axis=0,ddof=1)",predictions/decision_000024_g1.npz,predictions/decision_000024_g2.npz,predictions/decision_000024_g3.npz,predictions/decision_000024_mean.npz,predictions/decision_000024_variance.npz
mpx_003,25,1,2.9802322387695312e-08,4.6822953596513374e-11,1e-05,1e-07,"np.var(G1,G2,G3,axis=0,ddof=1)",predictions/decision_000025_g1.npz,predictions/decision_000025_g2.npz,predictions/decision_000025_g3.npz,predictions/decision_000025_mean.npz,predictions/decision_000025_variance.npz
mpx_003,26,1,5.960464477539063e-08,4.198034264518239e-11,1e-05,1e-07,"np.var(G1,G2,G3,axis=0,ddof=1)",predictions/decision_000026_g1.npz,predictions/decision_000026_g2.npz,predictions/decision_000026_g3.npz,predictions/decision_000026_mean.npz,predictions/decision_000026_variance.npz
mpx_003,27,1,5.960464477539063e-08,4.063872070652268e-11,1e-05,1e-07,"np.var(G1,G2,G3,axis=0,ddof=1)",predictions/decision_000027_g1.npz,predictions/decision_000027_g2.npz,predictions/decision_000027_g3.npz,predictions/decision_000027_mean.npz,predictions/decision_000027_variance.npz
mpx_003,28,1,2.9802322387695312e-08,2.273869062858348e-11,1e-05,1e-07,"np.var(G1,G2,G3,axis=0,ddof=1)",predictions/decision_000028_g1.npz,predictions/decision_000028_g2.npz,predictions/decision_000028_g3.npz,predictions/decision_000028_mean.npz,predictions/decision_000028_variance.npz
mpx_003,29,1,2.9802322387695312e-08,1.9742714585100504e-11,1e-05,1e-07,"np.var(G1,G2,G3,axis=0,ddof=1)",predictions/decision_000029_g1.npz,predictions/decision_000029_g2.npz,predictions/decision_000029_g3.npz,predictions/decision_000029_mean.npz,predictions/decision_000029_variance.npz
mpx_003,30,1,2.9802322387695312e-08,1.723352272241367e-11,1e-05,1e-07,"np.var(G1,G2,G3,axis=0,ddof=1)",predictions/decision_000030_g1.npz,predictions/decision_000030_g2.npz,predictions/decision_000030_g3.npz,predictions/decision_000030_mean.npz,predictions/decision_000030_variance.npz
mpx_003,31,1,5.960464477539063e-08,1.791957500350611e-11,1e-05,1e-07,"np.var(G1,G2,G3,axis=0,ddof=1)",predictions/decision_000031_g1.npz,predictions/decision_000031_g2.npz,predictions/decision_000031_g3.npz,predictions/decision_000031_mean.npz,predictions/decision_000031_variance.npz
mpx_003,32,1,2.9802322387695312e-08,1.6218623136945046e-11,1e-05,1e-07,"np.var(G1,G2,G3,axis=0,ddof=1)",predictions/decision_000032_g1.npz,predictions/decision_000032_g2.npz,predictions/decision_000032_g3.npz,predictions/decision_000032_mean.npz,predictions/decision_000032_variance.npz
mpx_003,33,1,2.9802322387695312e-08,1.7780780332721e-11,1e-05,1e-07,"np.var(G1,G2,G3,axis=0,ddof=1)",predictions/decision_000033_g1.npz,predictions/decision_000033_g2.npz,predictions/decision_000033_g3.npz,predictions/decision_000033_mean.npz,predictions/decision_000033_variance.npz
mpx_003,34,1,2.9802322387695312e-08,1.7780780332721e-11,1e-05,1e-07,"np.var(G1,G2,G3,axis=0,ddof=1)",predictions/decision_000034_g1.npz,predictions/decision_000034_g2.npz,predictions/decision_000034_g3.npz,predictions/decision_000034_mean.npz,predictions/decision_000034_variance.npz
mpx_003,35,1,2.9802322387695312e-08,1.7780780332721e-11,1e-05,1e-07,"np.var(G1,G2,G3,axis=0,ddof=1)",predictions/decision_000035_g1.npz,predictions/decision_000035_g2.npz,predictions/decision_000035_g3.npz,predictions/decision_000035_mean.npz,predictions/decision_000035_variance.npz
mpx_003,36,1,2.9802322387695312e-08,1.7780780332721e-11,1e-05,1e-07,"np.var(G1,G2,G3,axis=0,ddof=1)",predictions/decision_000036_g1.npz,predictions/decision_000036_g2.npz,predictions/decision_000036_g3.npz,predictions/decision_000036_mean.npz,predictions/decision_000036_variance.npz
mpx_003,37,1,2.9802322387695312e-08,1.7780780332721e-11,1e-05,1e-07,"np.var(G1,G2,G3,axis=0,ddof=1)",predictions/decision_000037_g1.npz,predictions/decision_000037_g2.npz,predictions/decision_000037_g3.npz,predictions/decision_000037_mean.npz,predictions/decision_000037_variance.npz
mpx_003,38,1,2.9802322387695312e-08,1.7780780332721e-11,1e-05,1e-07,"np.var(G1,G2,G3,axis=0,ddof=1)",predictions/decision_000038_g1.npz,predictions/decision_000038_g2.npz,predictions/decision_000038_g3.npz,predictions/decision_000038_mean.npz,predictions/decision_000038_variance.npz
mpx_003,39,1,2.9802322387695312e-08,1.7780780332721e-11,1e-05,1e-07,"np.var(G1,G2,G3,axis=0,ddof=1)",predictions/decision_000039_g1.npz,predictions/decision_000039_g2.npz,predictions/decision_000039_g3.npz,predictions/decision_000039_mean.npz,predictions/decision_000039_variance.npz
mpx_003,40,1,2.9802322387695312e-08,1.7780780332721e-11,1e-05,1e-07,"np.var(G1,G2,G3,axis=0,ddof=1)",predictions/decision_000040_g1.npz,predictions/decision_000040_g2.npz,predictions/decision_000040_g3.npz,predictions/decision_000040_mean.npz,predictions/decision_000040_variance.npz
mpx_003,41,1,2.9802322387695312e-08,1.7780780332721e-11,1e-05,1e-07,"np.var(G1,G2,G3,axis=0,ddof=1)",predictions/decision_000041_g1.npz,predictions/decision_000041_g2.npz,predictions/decision_000041_g3.npz,predictions/decision_000041_mean.npz,predictions/decision_000041_variance.npz
mpx_004,1,1,5.960464477539063e-08,2.2093446689098228e-09,1e-05,1e-07,"np.var(G1,G2,G3,axis=0,ddof=1)",predictions/decision_000001_g1.npz,predictions/decision_000001_g2.npz,predictions/decision_000001_g3.npz,predictions/decision_000001_mean.npz,predictions/decision_000001_variance.npz
mpx_004,2,1,5.960464477539063e-08,1.916031423518584e-09,1e-05,1e-07,"np.var(G1,G2,G3,axis=0,ddof=1)",predictions/decision_000002_g1.npz,predictions/decision_000002_g2.npz,predictions/decision_000002_g3.npz,predictions/decision_000002_mean.npz,predictions/decision_000002_variance.npz
mpx_004,3,1,5.960464477539063e-08,1.2889690285294962e-09,1e-05,1e-07,"np.var(G1,G2,G3,axis=0,ddof=1)",predictions/decision_000003_g1.npz,predictions/decision_000003_g2.npz,predictions/decision_000003_g3.npz,predictions/decision_000003_mean.npz,predictions/decision_000003_variance.npz
mpx_004,4,1,5.960464477539063e-08,1.0060978728711388e-09,1e-05,1e-07,"np.var(G1,G2,G3,axis=0,ddof=1)",predictions/decision_000004_g1.npz,predictions/decision_000004_g2.npz,predictions/decision_000004_g3.npz,predictions/decision_000004_mean.npz,predictions/decision_000004_variance.npz
mpx_004,5,1,5.960464477539063e-08,1.1937229183062915e-09,1e-05,1e-07,"np.var(G1,G2,G3,axis=0,ddof=1)",predictions/decision_000005_g1.npz,predictions/decision_000005_g2.npz,predictions/decision_000005_g3.npz,predictions/decision_000005_mean.npz,predictions/decision_000005_variance.npz
mpx_004,6,1,5.960464477539063e-08,9.731887922721628e-10,1e-05,1e-07,"np.var(G1,G2,G3,axis=0,ddof=1)",predictions/decision_000006_g1.npz,predictions/decision_000006_g2.npz,predictions/decision_000006_g3.npz,predictions/decision_000006_mean.npz,predictions/decision_000006_variance.npz
mpx_004,7,1,5.960464477539063e-08,9.226390901436272e-10,1e-05,1e-07,"np.var(G1,G2,G3,axis=0,ddof=1)",predictions/decision_000007_g1.npz,predictions/decision_000007_g2.npz,predictions/decision_000007_g3.npz,predictions/decision_000007_mean.npz,predictions/decision_000007_variance.npz
mpx_004,8,1,5.960464477539063e-08,7.916143060958981e-10,1e-05,1e-07,"np.var(G1,G2,G3,axis=0,ddof=1)",predictions/decision_000008_g1.npz,predictions/decision_000008_g2.npz,predictions/decision_000008_g3.npz,predictions/decision_000008_mean.npz,predictions/decision_000008_variance.npz
mpx_004,9,1,5.960464477539063e-08,6.600793417257067e-10,1e-05,1e-07,"np.var(G1,G2,G3,axis=0,ddof=1)",predictions/decision_000009_g1.npz,predictions/decision_000009_g2.npz,predictions/decision_000009_g3.npz,predictions/decision_000009_mean.npz,predictions/decision_000009_variance.npz
mpx_004,10,1,5.960464477539063e-08,6.451375827005359e-10,1e-05,1e-07,"np.var(G1,G2,G3,axis=0,ddof=1)",predictions/decision_000010_g1.npz,predictions/decision_000010_g2.npz,predictions/decision_000010_g3.npz,predictions/decision_000010_mean.npz,predictions/decision_000010_variance.npz
mpx_004,11,1,5.960464477539063e-08,4.457317984618953e-10,1e-05,1e-07,"np.var(G1,G2,G3,axis=0,ddof=1)",predictions/decision_000011_g1.npz,predictions/decision_000011_g2.npz,predictions/decision_000011_g3.npz,predictions/decision_000011_mean.npz,predictions/decision_000011_variance.npz
mpx_004,12,1,5.960464477539063e-08,4.243920245326912e-10,1e-05,1e-07,"np.var(G1,G2,G3,axis=0,ddof=1)",predictions/decision_000012_g1.npz,predictions/decision_000012_g2.npz,predictions/decision_000012_g3.npz,predictions/decision_000012_mean.npz,predictions/decision_000012_variance.npz
mpx_004,13,1,5.960464477539063e-08,2.8955881855856127e-10,1e-05,1e-07,"np.var(G1,G2,G3,axis=0,ddof=1)",predictions/decision_000013_g1.npz,predictions/decision_000013_g2.npz,predictions/decision_000013_g3.npz,predictions/decision_000013_mean.npz,predictions/decision_000013_variance.npz
mpx_004,14,1,5.960464477539063e-08,1.9991501768723293e-10,1e-05,1e-07,"np.var(G1,G2,G3,axis=0,ddof=1)",predictions/decision_000014_g1.npz,predictions/decision_000014_g2.npz,predictions/decision_000014_g3.npz,predictions/decision_000014_mean.npz,predictions/decision_000014_variance.npz
mpx_004,15,1,5.960464477539063e-08,1.6871964333561547e-10,1e-05,1e-07,"np.var(G1,G2,G3,axis=0,ddof=1)",predictions/decision_000015_g1.npz,predictions/decision_000015_g2.npz,predictions/decision_000015_g3.npz,predictions/decision_000015_mean.npz,predictions/decision_000015_variance.npz
mpx_004,16,1,5.960464477539063e-08,1.4141317499331854e-10,1e-05,1e-07,"np.var(G1,G2,G3,axis=0,ddof=1)",predictions/decision_000016_g1.npz,predictions/decision_000016_g2.npz,predictions/decision_000016_g3.npz,predictions/decision_000016_mean.npz,predictions/decision_000016_variance.npz
mpx_004,17,1,5.960464477539063e-08,1.339133130949693e-10,1e-05,1e-07,"np.var(G1,G2,G3,axis=0,ddof=1)",predictions/decision_000017_g1.npz,predictions/decision_000017_g2.npz,predictions/decision_000017_g3.npz,predictions/decision_000017_mean.npz,predictions/decision_000017_variance.npz
mpx_004,18,1,5.960464477539063e-08,9.309023052166036e-11,1e-05,1e-07,"np.var(G1,G2,G3,axis=0,ddof=1)",predictions/decision_000018_g1.npz,predictions/decision_000018_g2.npz,predictions/decision_000018_g3.npz,predictions/decision_000018_mean.npz,predictions/decision_000018_variance.npz
mpx_004,19,1,5.960464477539063e-08,6.990881769967398e-11,1e-05,1e-07,"np.var(G1,G2,G3,axis=0,ddof=1)",predictions/decision_000019_g1.npz,predictions/decision_000019_g2.npz,predictions/decision_000019_g3.npz,predictions/decision_000019_mean.npz,predictions/decision_000019_variance.npz
mpx_004,20,1,5.960464477539063e-08,5.812805334902213e-11,1e-05,1e-07,"np.var(G1,G2,G3,axis=0,ddof=1)",predictions/decision_000020_g1.npz,predictions/decision_000020_g2.npz,predictions/decision_000020_g3.npz,predictions/decision_000020_mean.npz,predictions/decision_000020_variance.npz
mpx_004,21,1,5.960464477539063e-08,4.9843443776116947e-11,1e-05,1e-07,"np.var(G1,G2,G3,axis=0,ddof=1)",predictions/decision_000021_g1.npz,predictions/decision_000021_g2.npz,predictions/decision_000021_g3.npz,predictions/decision_000021_mean.npz,predictions/decision_000021_variance.npz
mpx_004,22,1,5.960464477539063e-08,3.434923239420833e-11,1e-05,1e-07,"np.var(G1,G2,G3,axis=0,ddof=1)",predictions/decision_000022_g1.npz,predictions/decision_000022_g2.npz,predictions/decision_000022_g3.npz,predictions/decision_000022_mean.npz,predictions/decision_000022_variance.npz
mpx_004,23,1,2.9802322387695312e-08,2.4808470826185726e-11,1e-05,1e-07,"np.var(G1,G2,G3,axis=0,ddof=1)",predictions/decision_000023_g1.npz,predictions/decision_000023_g2.npz,predictions/decision_000023_g3.npz,predictions/decision_000023_mean.npz,predictions/decision_000023_variance.npz
mpx_004,24,1,2.9802322387695312e-08,3.011907829490453e-11,1e-05,1e-07,"np.var(G1,G2,G3,axis=0,ddof=1)",predictions/decision_000024_g1.npz,predictions/decision_000024_g2.npz,predictions/decision_000024_g3.npz,predictions/decision_000024_mean.npz,predictions/decision_000024_variance.npz
mpx_004,25,1,5.960464477539063e-08,2.3947970087839644e-11,1e-05,1e-07,"np.var(G1,G2,G3,axis=0,ddof=1)",predictions/decision_000025_g1.npz,predictions/decision_000025_g2.npz,predictions/decision_000025_g3.npz,predictions/decision_000025_mean.npz,predictions/decision_000025_variance.npz
mpx_004,26,1,2.9802322387695312e-08,1.7953796900840278e-11,1e-05,1e-07,"np.var(G1,G2,G3,axis=0,ddof=1)",predictions/decision_000026_g1.npz,predictions/decision_000026_g2.npz,predictions/decision_000026_g3.npz,predictions/decision_000026_mean.npz,predictions/decision_000026_variance.npz
mpx_004,27,1,2.9802322387695312e-08,1.668757264421445e-11,1e-05,1e-07,"np.var(G1,G2,G3,axis=0,ddof=1)",predictions/decision_000027_g1.npz,predictions/decision_000027_g2.npz,predictions/decision_000027_g3.npz,predictions/decision_000027_mean.npz,predictions/decision_000027_variance.npz
mpx_004,28,1,2.9802322387695312e-08,1.2393229022210854e-11,1e-05,1e-07,"np.var(G1,G2,G3,axis=0,ddof=1)",predictions/decision_000028_g1.npz,predictions/decision_000028_g2.npz,predictions/decision_000028_g3.npz,predictions/decision_000028_mean.npz,predictions/decision_000028_variance.npz
mpx_004,29,1,2.9802322387695312e-08,1.424946824292894e-11,1e-05,1e-07,"np.var(G1,G2,G3,axis=0,ddof=1)",predictions/decision_000029_g1.npz,predictions/decision_000029_g2.npz,predictions/decision_000029_g3.npz,predictions/decision_000029_mean.npz,predictions/decision_000029_variance.npz
mpx_004,30,1,2.9802322387695312e-08,1.3727360559325258e-11,1e-05,1e-07,"np.var(G1,G2,G3,axis=0,ddof=1)",predictions/decision_000030_g1.npz,predictions/decision_000030_g2.npz,predictions/decision_000030_g3.npz,predictions/decision_000030_mean.npz,predictions/decision_000030_variance.npz
mpx_004,31,1,2.9802322387695312e-08,1.3727360559325258e-11,1e-05,1e-07,"np.var(G1,G2,G3,axis=0,ddof=1)",predictions/decision_000031_g1.npz,predictions/decision_000031_g2.npz,predictions/decision_000031_g3.npz,predictions/decision_000031_mean.npz,predictions/decision_000031_variance.npz
mpx_004,32,1,2.9802322387695312e-08,1.3727360559325258e-11,1e-05,1e-07,"np.var(G1,G2,G3,axis=0,ddof=1)",predictions/decision_000032_g1.npz,predictions/decision_000032_g2.npz,predictions/decision_000032_g3.npz,predictions/decision_000032_mean.npz,predictions/decision_000032_variance.npz
mpx_004,33,1,2.9802322387695312e-08,1.3727360559325258e-11,1e-05,1e-07,"np.var(G1,G2,G3,axis=0,ddof=1)",predictions/decision_000033_g1.npz,predictions/decision_000033_g2.npz,predictions/decision_000033_g3.npz,predictions/decision_000033_mean.npz,predictions/decision_000033_variance.npz
mpx_004,34,1,2.9802322387695312e-08,1.3727360559325258e-11,1e-05,1e-07,"np.var(G1,G2,G3,axis=0,ddof=1)",predictions/decision_000034_g1.npz,predictions/decision_000034_g2.npz,predictions/decision_000034_g3.npz,predictions/decision_000034_mean.npz,predictions/decision_000034_variance.npz
mpx_004,35,1,2.9802322387695312e-08,1.3727360559325258e-11,1e-05,1e-07,"np.var(G1,G2,G3,axis=0,ddof=1)",predictions/decision_000035_g1.npz,predictions/decision_000035_g2.npz,predictions/decision_000035_g3.npz,predictions/decision_000035_mean.npz,predictions/decision_000035_variance.npz
mpx_004,36,1,2.9802322387695312e-08,1.3727360559325258e-11,1e-05,1e-07,"np.var(G1,G2,G3,axis=0,ddof=1)",predictions/decision_000036_g1.npz,predictions/decision_000036_g2.npz,predictions/decision_000036_g3.npz,predictions/decision_000036_mean.npz,predictions/decision_000036_variance.npz
mpx_005,1,1,5.960464477539063e-08,2.2093446689098228e-09,1e-05,1e-07,"np.var(G1,G2,G3,axis=0,ddof=1)",predictions/decision_000001_g1.npz,predictions/decision_000001_g2.npz,predictions/decision_000001_g3.npz,predictions/decision_000001_mean.npz,predictions/decision_000001_variance.npz
mpx_005,2,1,5.960464477539063e-08,1.8129807177022703e-09,1e-05,1e-07,"np.var(G1,G2,G3,axis=0,ddof=1)",predictions/decision_000002_g1.npz,predictions/decision_000002_g2.npz,predictions/decision_000002_g3.npz,predictions/decision_000002_mean.npz,predictions/decision_000002_variance.npz
mpx_005,3,1,5.960464477539063e-08,1.4205395680636228e-09,1e-05,1e-07,"np.var(G1,G2,G3,axis=0,ddof=1)",predictions/decision_000003_g1.npz,predictions/decision_000003_g2.npz,predictions/decision_000003_g3.npz,predictions/decision_000003_mean.npz,predictions/decision_000003_variance.npz
mpx_005,4,1,5.960464477539063e-08,9.901928750559767e-10,1e-05,1e-07,"np.var(G1,G2,G3,axis=0,ddof=1)",predictions/decision_000004_g1.npz,predictions/decision_000004_g2.npz,predictions/decision_000004_g3.npz,predictions/decision_000004_mean.npz,predictions/decision_000004_variance.npz
mpx_005,5,1,5.960464477539063e-08,9.766504584685468e-10,1e-05,1e-07,"np.var(G1,G2,G3,axis=0,ddof=1)",predictions/decision_000005_g1.npz,predictions/decision_000005_g2.npz,predictions/decision_000005_g3.npz,predictions/decision_000005_mean.npz,predictions/decision_000005_variance.npz
mpx_005,6,1,5.960464477539063e-08,1.133136958110485e-09,1e-05,1e-07,"np.var(G1,G2,G3,axis=0,ddof=1)",predictions/decision_000006_g1.npz,predictions/decision_000006_g2.npz,predictions/decision_000006_g3.npz,predictions/decision_000006_mean.npz,predictions/decision_000006_variance.npz
mpx_005,7,1,5.960464477539063e-08,8.653115892283092e-10,1e-05,1e-07,"np.var(G1,G2,G3,axis=0,ddof=1)",predictions/decision_000007_g1.npz,predictions/decision_000007_g2.npz,predictions/decision_000007_g3.npz,predictions/decision_000007_mean.npz,predictions/decision_000007_variance.npz
mpx_005,8,1,5.960464477539063e-08,9.880344136101298e-10,1e-05,1e-07,"np.var(G1,G2,G3,axis=0,ddof=1)",predictions/decision_000008_g1.npz,predictions/decision_000008_g2.npz,predictions/decision_000008_g3.npz,predictions/decision_000008_mean.npz,predictions/decision_000008_variance.npz
mpx_005,9,1,5.960464477539063e-08,6.082722486174555e-10,1e-05,1e-07,"np.var(G1,G2,G3,axis=0,ddof=1)",predictions/decision_000009_g1.npz,predictions/decision_000009_g2.npz,predictions/decision_000009_g3.npz,predictions/decision_000009_mean.npz,predictions/decision_000009_variance.npz
mpx_005,10,1,5.960464477539063e-08,6.420219488680582e-10,1e-05,1e-07,"np.var(G1,G2,G3,axis=0,ddof=1)",predictions/decision_000010_g1.npz,predictions/decision_000010_g2.npz,predictions/decision_000010_g3.npz,predictions/decision_000010_mean.npz,predictions/decision_000010_variance.npz
mpx_005,11,1,5.960464477539063e-08,4.3305575465518786e-10,1e-05,1e-07,"np.var(G1,G2,G3,axis=0,ddof=1)",predictions/decision_000011_g1.npz,predictions/decision_000011_g2.npz,predictions/decision_000011_g3.npz,predictions/decision_000011_mean.npz,predictions/decision_000011_variance.npz
mpx_005,12,1,5.960464477539063e-08,3.7403471723690934e-10,1e-05,1e-07,"np.var(G1,G2,G3,axis=0,ddof=1)",predictions/decision_000012_g1.npz,predictions/decision_000012_g2.npz,predictions/decision_000012_g3.npz,predictions/decision_000012_mean.npz,predictions/decision_000012_variance.npz
mpx_005,13,1,5.960464477539063e-08,2.4417804867159506e-10,1e-05,1e-07,"np.var(G1,G2,G3,axis=0,ddof=1)",predictions/decision_000013_g1.npz,predictions/decision_000013_g2.npz,predictions/decision_000013_g3.npz,predictions/decision_000013_mean.npz,predictions/decision_000013_variance.npz
mpx_005,14,1,5.960464477539063e-08,2.120697700996266e-10,1e-05,1e-07,"np.var(G1,G2,G3,axis=0,ddof=1)",predictions/decision_000014_g1.npz,predictions/decision_000014_g2.npz,predictions/decision_000014_g3.npz,predictions/decision_000014_mean.npz,predictions/decision_000014_variance.npz
mpx_005,15,1,5.960464477539063e-08,1.5855878891342594e-10,1e-05,1e-07,"np.var(G1,G2,G3,axis=0,ddof=1)",predictions/decision_000015_g1.npz,predictions/decision_000015_g2.npz,predictions/decision_000015_g3.npz,predictions/decision_000015_mean.npz,predictions/decision_000015_variance.npz
mpx_005,16,1,5.960464477539063e-08,1.0629395082502976e-10,1e-05,1e-07,"np.var(G1,G2,G3,axis=0,ddof=1)",predictions/decision_000016_g1.npz,predictions/decision_000016_g2.npz,predictions/decision_000016_g3.npz,predictions/decision_000016_mean.npz,predictions/decision_000016_variance.npz
mpx_005,17,1,5.960464477539063e-08,1.0560790391143618e-10,1e-05,1e-07,"np.var(G1,G2,G3,axis=0,ddof=1)",predictions/decision_000017_g1.npz,predictions/decision_000017_g2.npz,predictions/decision_000017_g3.npz,predictions/decision_000017_mean.npz,predictions/decision_000017_variance.npz
mpx_005,18,1,2.9802322387695312e-08,8.801557950489867e-11,1e-05,1e-07,"np.var(G1,G2,G3,axis=0,ddof=1)",predictions/decision_000018_g1.npz,predictions/decision_000018_g2.npz,predictions/decision_000018_g3.npz,predictions/decision_000018_mean.npz,predictions/decision_000018_variance.npz
mpx_005,19,1,5.960464477539063e-08,1.0907068580478076e-10,1e-05,1e-07,"np.var(G1,G2,G3,axis=0,ddof=1)",predictions/decision_000019_g1.npz,predictions/decision_000019_g2.npz,predictions/decision_000019_g3.npz,predictions/decision_000019_mean.npz,predictions/decision_000019_variance.npz
mpx_005,20,1,5.960464477539063e-08,7.214733032716631e-11,1e-05,1e-07,"np.var(G1,G2,G3,axis=0,ddof=1)",predictions/decision_000020_g1.npz,predictions/decision_000020_g2.npz,predictions/decision_000020_g3.npz,predictions/decision_000020_mean.npz,predictions/decision_000020_variance.npz
mpx_005,21,1,2.9802322387695312e-08,5.200343917703838e-11,1e-05,1e-07,"np.var(G1,G2,G3,axis=0,ddof=1)",predictions/decision_000021_g1.npz,predictions/decision_000021_g2.npz,predictions/decision_000021_g3.npz,predictions/decision_000021_mean.npz,predictions/decision_000021_variance.npz
mpx_005,22,1,5.960464477539063e-08,4.967979448788691e-11,1e-05,1e-07,"np.var(G1,G2,G3,axis=0,ddof=1)",predictions/decision_000022_g1.npz,predictions/decision_000022_g2.npz,predictions/decision_000022_g3.npz,predictions/decision_000022_mean.npz,predictions/decision_000022_variance.npz
mpx_005,23,1,2.9802322387695312e-08,2.7672191563889002e-11,1e-05,1e-07,"np.var(G1,G2,G3,axis=0,ddof=1)",predictions/decision_000023_g1.npz,predictions/decision_000023_g2.npz,predictions/decision_000023_g3.npz,predictions/decision_000023_mean.npz,predictions/decision_000023_variance.npz
mpx_005,24,1,2.9802322387695312e-08,2.554976936547398e-11,1e-05,1e-07,"np.var(G1,G2,G3,axis=0,ddof=1)",predictions/decision_000024_g1.npz,predictions/decision_000024_g2.npz,predictions/decision_000024_g3.npz,predictions/decision_000024_mean.npz,predictions/decision_000024_variance.npz
mpx_005,25,1,2.9802322387695312e-08,2.5039254381315506e-11,1e-05,1e-07,"np.var(G1,G2,G3,axis=0,ddof=1)",predictions/decision_000025_g1.npz,predictions/decision_000025_g2.npz,predictions/decision_000025_g3.npz,predictions/decision_000025_mean.npz,predictions/decision_000025_variance.npz
mpx_005,26,1,2.9802322387695312e-08,2.0996334674657825e-11,1e-05,1e-07,"np.var(G1,G2,G3,axis=0,ddof=1)",predictions/decision_000026_g1.npz,predictions/decision_000026_g2.npz,predictions/decision_000026_g3.npz,predictions/decision_000026_mean.npz,predictions/decision_000026_variance.npz
mpx_005,27,1,2.9802322387695312e-08,2.3419818663549896e-11,1e-05,1e-07,"np.var(G1,G2,G3,axis=0,ddof=1)",predictions/decision_000027_g1.npz,predictions/decision_000027_g2.npz,predictions/decision_000027_g3.npz,predictions/decision_000027_mean.npz,predictions/decision_000027_variance.npz
mpx_005,28,1,2.9802322387695312e-08,2.3419818663549896e-11,1e-05,1e-07,"np.var(G1,G2,G3,axis=0,ddof=1)",predictions/decision_000028_g1.npz,predictions/decision_000028_g2.npz,predictions/decision_000028_g3.npz,predictions/decision_000028_mean.npz,predictions/decision_000028_variance.npz
mpx_005,29,1,2.9802322387695312e-08,2.3419818663549896e-11,1e-05,1e-07,"np.var(G1,G2,G3,axis=0,ddof=1)",predictions/decision_000029_g1.npz,predictions/decision_000029_g2.npz,predictions/decision_000029_g3.npz,predictions/decision_000029_mean.npz,predictions/decision_000029_variance.npz
mpx_005,30,1,2.9802322387695312e-08,2.3419818663549896e-11,1e-05,1e-07,"np.var(G1,G2,G3,axis=0,ddof=1)",predictions/decision_000030_g1.npz,predictions/decision_000030_g2.npz,predictions/decision_000030_g3.npz,predictions/decision_000030_mean.npz,predictions/decision_000030_variance.npz
mpx_005,31,1,2.9802322387695312e-08,2.3419818663549896e-11,1e-05,1e-07,"np.var(G1,G2,G3,axis=0,ddof=1)",predictions/decision_000031_g1.npz,predictions/decision_000031_g2.npz,predictions/decision_000031_g3.npz,predictions/decision_000031_mean.npz,predictions/decision_000031_variance.npz
mpx_005,32,1,2.9802322387695312e-08,2.3419818663549896e-11,1e-05,1e-07,"np.var(G1,G2,G3,axis=0,ddof=1)",predictions/decision_000032_g1.npz,predictions/decision_000032_g2.npz,predictions/decision_000032_g3.npz,predictions/decision_000032_mean.npz,predictions/decision_000032_variance.npz
mpx_005,33,1,2.9802322387695312e-08,2.3419818663549896e-11,1e-05,1e-07,"np.var(G1,G2,G3,axis=0,ddof=1)",predictions/decision_000033_g1.npz,predictions/decision_000033_g2.npz,predictions/decision_000033_g3.npz,predictions/decision_000033_mean.npz,predictions/decision_000033_variance.npz
mpx_005,34,1,2.9802322387695312e-08,2.3419818663549896e-11,1e-05,1e-07,"np.var(G1,G2,G3,axis=0,ddof=1)",predictions/decision_000034_g1.npz,predictions/decision_000034_g2.npz,predictions/decision_000034_g3.npz,predictions/decision_000034_mean.npz,predictions/decision_000034_variance.npz
mpx_006,1,1,5.960464477539063e-08,2.2093446689098228e-09,1e-05,1e-07,"np.var(G1,G2,G3,axis=0,ddof=1)",predictions/decision_000001_g1.npz,predictions/decision_000001_g2.npz,predictions/decision_000001_g3.npz,predictions/decision_000001_mean.npz,predictions/decision_000001_variance.npz
mpx_006,2,1,5.960464477539063e-08,2.1517642189465853e-09,1e-05,1e-07,"np.var(G1,G2,G3,axis=0,ddof=1)",predictions/decision_000002_g1.npz,predictions/decision_000002_g2.npz,predictions/decision_000002_g3.npz,predictions/decision_000002_mean.npz,predictions/decision_000002_variance.npz
mpx_006,3,1,5.960464477539063e-08,1.4382830540878586e-09,1e-05,1e-07,"np.var(G1,G2,G3,axis=0,ddof=1)",predictions/decision_000003_g1.npz,predictions/decision_000003_g2.npz,predictions/decision_000003_g3.npz,predictions/decision_000003_mean.npz,predictions/decision_000003_variance.npz
mpx_006,4,1,5.960464477539063e-08,1.0083044219828505e-09,1e-05,1e-07,"np.var(G1,G2,G3,axis=0,ddof=1)",predictions/decision_000004_g1.npz,predictions/decision_000004_g2.npz,predictions/decision_000004_g3.npz,predictions/decision_000004_mean.npz,predictions/decision_000004_variance.npz
mpx_006,5,1,5.960464477539063e-08,9.142652431862101e-10,1e-05,1e-07,"np.var(G1,G2,G3,axis=0,ddof=1)",predictions/decision_000005_g1.npz,predictions/decision_000005_g2.npz,predictions/decision_000005_g3.npz,predictions/decision_000005_mean.npz,predictions/decision_000005_variance.npz
mpx_006,6,1,5.960464477539063e-08,8.115607980146648e-10,1e-05,1e-07,"np.var(G1,G2,G3,axis=0,ddof=1)",predictions/decision_000006_g1.npz,predictions/decision_000006_g2.npz,predictions/decision_000006_g3.npz,predictions/decision_000006_mean.npz,predictions/decision_000006_variance.npz
mpx_006,7,1,5.960464477539063e-08,1.2012411082541454e-09,1e-05,1e-07,"np.var(G1,G2,G3,axis=0,ddof=1)",predictions/decision_000007_g1.npz,predictions/decision_000007_g2.npz,predictions/decision_000007_g3.npz,predictions/decision_000007_mean.npz,predictions/decision_000007_variance.npz
mpx_006,8,1,5.960464477539063e-08,1.1403657472758727e-09,1e-05,1e-07,"np.var(G1,G2,G3,axis=0,ddof=1)",predictions/decision_000008_g1.npz,predictions/decision_000008_g2.npz,predictions/decision_000008_g3.npz,predictions/decision_000008_mean.npz,predictions/decision_000008_variance.npz
mpx_006,9,1,5.960464477539063e-08,1.0175708391107877e-09,1e-05,1e-07,"np.var(G1,G2,G3,axis=0,ddof=1)",predictions/decision_000009_g1.npz,predictions/decision_000009_g2.npz,predictions/decision_000009_g3.npz,predictions/decision_000009_mean.npz,predictions/decision_000009_variance.npz
mpx_006,10,1,5.960464477539063e-08,6.498769347780489e-10,1e-05,1e-07,"np.var(G1,G2,G3,axis=0,ddof=1)",predictions/decision_000010_g1.npz,predictions/decision_000010_g2.npz,predictions/decision_000010_g3.npz,predictions/decision_000010_mean.npz,predictions/decision_000010_variance.npz
mpx_006,11,1,5.960464477539063e-08,5.668384791155483e-10,1e-05,1e-07,"np.var(G1,G2,G3,axis=0,ddof=1)",predictions/decision_000011_g1.npz,predictions/decision_000011_g2.npz,predictions/decision_000011_g3.npz,predictions/decision_000011_mean.npz,predictions/decision_000011_variance.npz
mpx_006,12,1,5.960464477539063e-08,4.89603393277356e-10,1e-05,1e-07,"np.var(G1,G2,G3,axis=0,ddof=1)",predictions/decision_000012_g1.npz,predictions/decision_000012_g2.npz,predictions/decision_000012_g3.npz,predictions/decision_000012_mean.npz,predictions/decision_000012_variance.npz
mpx_006,13,1,5.960464477539063e-08,4.788388992697702e-10,1e-05,1e-07,"np.var(G1,G2,G3,axis=0,ddof=1)",predictions/decision_000013_g1.npz,predictions/decision_000013_g2.npz,predictions/decision_000013_g3.npz,predictions/decision_000013_mean.npz,predictions/decision_000013_variance.npz
mpx_006,14,1,5.960464477539063e-08,4.144393640571627e-10,1e-05,1e-07,"np.var(G1,G2,G3,axis=0,ddof=1)",predictions/decision_000014_g1.npz,predictions/decision_000014_g2.npz,predictions/decision_000014_g3.npz,predictions/decision_000014_mean.npz,predictions/decision_000014_variance.npz
mpx_006,15,1,5.960464477539063e-08,3.8432535775424265e-10,1e-05,1e-07,"np.var(G1,G2,G3,axis=0,ddof=1)",predictions/decision_000015_g1.npz,predictions/decision_000015_g2.npz,predictions/decision_000015_g3.npz,predictions/decision_000015_mean.npz,predictions/decision_000015_variance.npz
mpx_006,16,1,5.960464477539063e-08,3.491017768988268e-10,1e-05,1e-07,"np.var(G1,G2,G3,axis=0,ddof=1)",predictions/decision_000016_g1.npz,predictions/decision_000016_g2.npz,predictions/decision_000016_g3.npz,predictions/decision_000016_mean.npz,predictions/decision_000016_variance.npz
mpx_006,17,1,5.960464477539063e-08,3.77163604527958e-10,1e-05,1e-07,"np.var(G1,G2,G3,axis=0,ddof=1)",predictions/decision_000017_g1.npz,predictions/decision_000017_g2.npz,predictions/decision_000017_g3.npz,predictions/decision_000017_mean.npz,predictions/decision_000017_variance.npz
mpx_006,18,1,5.960464477539063e-08,2.9513993889389416e-10,1e-05,1e-07,"np.var(G1,G2,G3,axis=0,ddof=1)",predictions/decision_000018_g1.npz,predictions/decision_000018_g2.npz,predictions/decision_000018_g3.npz,predictions/decision_000018_mean.npz,predictions/decision_000018_variance.npz
mpx_006,19,1,5.960464477539063e-08,2.036073672970552e-10,1e-05,1e-07,"np.var(G1,G2,G3,axis=0,ddof=1)",predictions/decision_000019_g1.npz,predictions/decision_000019_g2.npz,predictions/decision_000019_g3.npz,predictions/decision_000019_mean.npz,predictions/decision_000019_variance.npz
mpx_006,20,1,5.960464477539063e-08,1.6336646248735436e-10,1e-05,1e-07,"np.var(G1,G2,G3,axis=0,ddof=1)",predictions/decision_000020_g1.npz,predictions/decision_000020_g2.npz,predictions/decision_000020_g3.npz,predictions/decision_000020_mean.npz,predictions/decision_000020_variance.npz
mpx_006,21,1,5.960464477539063e-08,1.3795449243879482e-10,1e-05,1e-07,"np.var(G1,G2,G3,axis=0,ddof=1)",predictions/decision_000021_g1.npz,predictions/decision_000021_g2.npz,predictions/decision_000021_g3.npz,predictions/decision_000021_mean.npz,predictions/decision_000021_variance.npz
mpx_006,22,1,5.960464477539063e-08,1.0289132951508955e-10,1e-05,1e-07,"np.var(G1,G2,G3,axis=0,ddof=1)",predictions/decision_000022_g1.npz,predictions/decision_000022_g2.npz,predictions/decision_000022_g3.npz,predictions/decision_000022_mean.npz,predictions/decision_000022_variance.npz
mpx_006,23,1,5.960464477539063e-08,8.322303573231251e-11,1e-05,1e-07,"np.var(G1,G2,G3,axis=0,ddof=1)",predictions/decision_000023_g1.npz,predictions/decision_000023_g2.npz,predictions/decision_000023_g3.npz,predictions/decision_000023_mean.npz,predictions/decision_000023_variance.npz
mpx_006,24,1,5.960464477539063e-08,2.4571622555607496e-11,1e-05,1e-07,"np.var(G1,G2,G3,axis=0,ddof=1)",predictions/decision_000024_g1.npz,predictions/decision_000024_g2.npz,predictions/decision_000024_g3.npz,predictions/decision_000024_mean.npz,predictions/decision_000024_variance.npz
mpx_006,25,1,2.9802322387695312e-08,2.237864242676193e-11,1e-05,1e-07,"np.var(G1,G2,G3,axis=0,ddof=1)",predictions/decision_000025_g1.npz,predictions/decision_000025_g2.npz,predictions/decision_000025_g3.npz,predictions/decision_000025_mean.npz,predictions/decision_000025_variance.npz
mpx_006,26,1,2.9802322387695312e-08,2.6238067114643456e-11,1e-05,1e-07,"np.var(G1,G2,G3,axis=0,ddof=1)",predictions/decision_000026_g1.npz,predictions/decision_000026_g2.npz,predictions/decision_000026_g3.npz,predictions/decision_000026_mean.npz,predictions/decision_000026_variance.npz
mpx_006,27,1,2.9802322387695312e-08,2.2334507407955787e-11,1e-05,1e-07,"np.var(G1,G2,G3,axis=0,ddof=1)",predictions/decision_000027_g1.npz,predictions/decision_000027_g2.npz,predictions/decision_000027_g3.npz,predictions/decision_000027_mean.npz,predictions/decision_000027_variance.npz
mpx_006,28,1,2.9802322387695312e-08,2.2334507407955787e-11,1e-05,1e-07,"np.var(G1,G2,G3,axis=0,ddof=1)",predictions/decision_000028_g1.npz,predictions/decision_000028_g2.npz,predictions/decision_000028_g3.npz,predictions/decision_000028_mean.npz,predictions/decision_000028_variance.npz
mpx_006,29,1,2.9802322387695312e-08,2.1825431762405494e-11,1e-05,1e-07,"np.var(G1,G2,G3,axis=0,ddof=1)",predictions/decision_000029_g1.npz,predictions/decision_000029_g2.npz,predictions/decision_000029_g3.npz,predictions/decision_000029_mean.npz,predictions/decision_000029_variance.npz
mpx_006,30,1,2.9802322387695312e-08,2.1825431762405494e-11,1e-05,1e-07,"np.var(G1,G2,G3,axis=0,ddof=1)",predictions/decision_000030_g1.npz,predictions/decision_000030_g2.npz,predictions/decision_000030_g3.npz,predictions/decision_000030_mean.npz,predictions/decision_000030_variance.npz
mpx_006,31,1,2.9802322387695312e-08,2.1825431762405494e-11,1e-05,1e-07,"np.var(G1,G2,G3,axis=0,ddof=1)",predictions/decision_000031_g1.npz,predictions/decision_000031_g2.npz,predictions/decision_000031_g3.npz,predictions/decision_000031_mean.npz,predictions/decision_000031_variance.npz
mpx_006,32,1,2.9802322387695312e-08,2.1825431762405494e-11,1e-05,1e-07,"np.var(G1,G2,G3,axis=0,ddof=1)",predictions/decision_000032_g1.npz,predictions/decision_000032_g2.npz,predictions/decision_000032_g3.npz,predictions/decision_000032_mean.npz,predictions/decision_000032_variance.npz
mpx_006,33,1,2.9802322387695312e-08,2.1825431762405494e-11,1e-05,1e-07,"np.var(G1,G2,G3,axis=0,ddof=1)",predictions/decision_000033_g1.npz,predictions/decision_000033_g2.npz,predictions/decision_000033_g3.npz,predictions/decision_000033_mean.npz,predictions/decision_000033_variance.npz
mpx_006,34,1,2.9802322387695312e-08,2.1825431762405494e-11,1e-05,1e-07,"np.var(G1,G2,G3,axis=0,ddof=1)",predictions/decision_000034_g1.npz,predictions/decision_000034_g2.npz,predictions/decision_000034_g3.npz,predictions/decision_000034_mean.npz,predictions/decision_000034_variance.npz
mpx_006,35,1,2.9802322387695312e-08,2.1825431762405494e-11,1e-05,1e-07,"np.var(G1,G2,G3,axis=0,ddof=1)",predictions/decision_000035_g1.npz,predictions/decision_000035_g2.npz,predictions/decision_000035_g3.npz,predictions/decision_000035_mean.npz,predictions/decision_000035_variance.npz
mpx_006,36,1,2.9802322387695312e-08,2.1825431762405494e-11,1e-05,1e-07,"np.var(G1,G2,G3,axis=0,ddof=1)",predictions/decision_000036_g1.npz,predictions/decision_000036_g2.npz,predictions/decision_000036_g3.npz,predictions/decision_000036_mean.npz,predictions/decision_000036_variance.npz
mpx_007,1,1,5.960464477539063e-08,2.2093446689098228e-09,1e-05,1e-07,"np.var(G1,G2,G3,axis=0,ddof=1)",predictions/decision_000001_g1.npz,predictions/decision_000001_g2.npz,predictions/decision_000001_g3.npz,predictions/decision_000001_mean.npz,predictions/decision_000001_variance.npz
mpx_007,2,1,5.960464477539063e-08,2.1026197431289385e-09,1e-05,1e-07,"np.var(G1,G2,G3,axis=0,ddof=1)",predictions/decision_000002_g1.npz,predictions/decision_000002_g2.npz,predictions/decision_000002_g3.npz,predictions/decision_000002_mean.npz,predictions/decision_000002_variance.npz
mpx_007,3,1,5.960464477539063e-08,1.296348649452958e-09,1e-05,1e-07,"np.var(G1,G2,G3,axis=0,ddof=1)",predictions/decision_000003_g1.npz,predictions/decision_000003_g2.npz,predictions/decision_000003_g3.npz,predictions/decision_000003_mean.npz,predictions/decision_000003_variance.npz
mpx_007,4,1,5.960464477539063e-08,1.3441747004791228e-09,1e-05,1e-07,"np.var(G1,G2,G3,axis=0,ddof=1)",predictions/decision_000004_g1.npz,predictions/decision_000004_g2.npz,predictions/decision_000004_g3.npz,predictions/decision_000004_mean.npz,predictions/decision_000004_variance.npz
mpx_007,5,1,5.960464477539063e-08,1.1370721372244386e-09,1e-05,1e-07,"np.var(G1,G2,G3,axis=0,ddof=1)",predictions/decision_000005_g1.npz,predictions/decision_000005_g2.npz,predictions/decision_000005_g3.npz,predictions/decision_000005_mean.npz,predictions/decision_000005_variance.npz
mpx_007,6,1,5.960464477539063e-08,9.006810713014296e-10,1e-05,1e-07,"np.var(G1,G2,G3,axis=0,ddof=1)",predictions/decision_000006_g1.npz,predictions/decision_000006_g2.npz,predictions/decision_000006_g3.npz,predictions/decision_000006_mean.npz,predictions/decision_000006_variance.npz
mpx_007,7,1,5.960464477539063e-08,7.435269474730356e-10,1e-05,1e-07,"np.var(G1,G2,G3,axis=0,ddof=1)",predictions/decision_000007_g1.npz,predictions/decision_000007_g2.npz,predictions/decision_000007_g3.npz,predictions/decision_000007_mean.npz,predictions/decision_000007_variance.npz
mpx_007,8,1,5.960464477539063e-08,7.498610850420617e-10,1e-05,1e-07,"np.var(G1,G2,G3,axis=0,ddof=1)",predictions/decision_000008_g1.npz,predictions/decision_000008_g2.npz,predictions/decision_000008_g3.npz,predictions/decision_000008_mean.npz,predictions/decision_000008_variance.npz
mpx_007,9,1,5.960464477539063e-08,6.5930186764253e-10,1e-05,1e-07,"np.var(G1,G2,G3,axis=0,ddof=1)",predictions/decision_000009_g1.npz,predictions/decision_000009_g2.npz,predictions/decision_000009_g3.npz,predictions/decision_000009_mean.npz,predictions/decision_000009_variance.npz
mpx_007,10,1,5.960464477539063e-08,5.254056601526157e-10,1e-05,1e-07,"np.var(G1,G2,G3,axis=0,ddof=1)",predictions/decision_000010_g1.npz,predictions/decision_000010_g2.npz,predictions/decision_000010_g3.npz,predictions/decision_000010_mean.npz,predictions/decision_000010_variance.npz
mpx_007,11,1,5.960464477539063e-08,4.86813212648465e-10,1e-05,1e-07,"np.var(G1,G2,G3,axis=0,ddof=1)",predictions/decision_000011_g1.npz,predictions/decision_000011_g2.npz,predictions/decision_000011_g3.npz,predictions/decision_000011_mean.npz,predictions/decision_000011_variance.npz
mpx_007,12,1,5.960464477539063e-08,3.9303885460177663e-10,1e-05,1e-07,"np.var(G1,G2,G3,axis=0,ddof=1)",predictions/decision_000012_g1.npz,predictions/decision_000012_g2.npz,predictions/decision_000012_g3.npz,predictions/decision_000012_mean.npz,predictions/decision_000012_variance.npz
mpx_007,13,1,5.960464477539063e-08,3.6629240195905483e-10,1e-05,1e-07,"np.var(G1,G2,G3,axis=0,ddof=1)",predictions/decision_000013_g1.npz,predictions/decision_000013_g2.npz,predictions/decision_000013_g3.npz,predictions/decision_000013_mean.npz,predictions/decision_000013_variance.npz
mpx_007,14,1,5.960464477539063e-08,2.5963448428406803e-10,1e-05,1e-07,"np.var(G1,G2,G3,axis=0,ddof=1)",predictions/decision_000014_g1.npz,predictions/decision_000014_g2.npz,predictions/decision_000014_g3.npz,predictions/decision_000014_mean.npz,predictions/decision_000014_variance.npz
mpx_007,15,1,5.960464477539063e-08,2.364819422075325e-10,1e-05,1e-07,"np.var(G1,G2,G3,axis=0,ddof=1)",predictions/decision_000015_g1.npz,predictions/decision_000015_g2.npz,predictions/decision_000015_g3.npz,predictions/decision_000015_mean.npz,predictions/decision_000015_variance.npz
mpx_007,16,1,5.960464477539063e-08,2.1048195831827236e-10,1e-05,1e-07,"np.var(G1,G2,G3,axis=0,ddof=1)",predictions/decision_000016_g1.npz,predictions/decision_000016_g2.npz,predictions/decision_000016_g3.npz,predictions/decision_000016_mean.npz,predictions/decision_000016_variance.npz
mpx_007,17,1,5.960464477539063e-08,2.3177792682194544e-10,1e-05,1e-07,"np.var(G1,G2,G3,axis=0,ddof=1)",predictions/decision_000017_g1.npz,predictions/decision_000017_g2.npz,predictions/decision_000017_g3.npz,predictions/decision_000017_mean.npz,predictions/decision_000017_variance.npz
mpx_007,18,1,2.9802322387695312e-08,1.5022150732466386e-10,1e-05,1e-07,"np.var(G1,G2,G3,axis=0,ddof=1)",predictions/decision_000018_g1.npz,predictions/decision_000018_g2.npz,predictions/decision_000018_g3.npz,predictions/decision_000018_mean.npz,predictions/decision_000018_variance.npz
mpx_007,19,1,5.960464477539063e-08,1.2192045146703536e-10,1e-05,1e-07,"np.var(G1,G2,G3,axis=0,ddof=1)",predictions/decision_000019_g1.npz,predictions/decision_000019_g2.npz,predictions/decision_000019_g3.npz,predictions/decision_000019_mean.npz,predictions/decision_000019_variance.npz
mpx_007,20,1,5.960464477539063e-08,8.454322134531291e-11,1e-05,1e-07,"np.var(G1,G2,G3,axis=0,ddof=1)",predictions/decision_000020_g1.npz,predictions/decision_000020_g2.npz,predictions/decision_000020_g3.npz,predictions/decision_000020_mean.npz,predictions/decision_000020_variance.npz
mpx_007,21,1,5.960464477539063e-08,9.19876182275183e-11,1e-05,1e-07,"np.var(G1,G2,G3,axis=0,ddof=1)",predictions/decision_000021_g1.npz,predictions/decision_000021_g2.npz,predictions/decision_000021_g3.npz,predictions/decision_000021_mean.npz,predictions/decision_000021_variance.npz
mpx_007,22,1,5.960464477539063e-08,5.531377084931403e-11,1e-05,1e-07,"np.var(G1,G2,G3,axis=0,ddof=1)",predictions/decision_000022_g1.npz,predictions/decision_000022_g2.npz,predictions/decision_000022_g3.npz,predictions/decision_000022_mean.npz,predictions/decision_000022_variance.npz
mpx_007,23,1,2.9802322387695312e-08,4.628304581475294e-11,1e-05,1e-07,"np.var(G1,G2,G3,axis=0,ddof=1)",predictions/decision_000023_g1.npz,predictions/decision_000023_g2.npz,predictions/decision_000023_g3.npz,predictions/decision_000023_mean.npz,predictions/decision_000023_variance.npz
mpx_007,24,1,2.9802322387695312e-08,4.893182585390731e-11,1e-05,1e-07,"np.var(G1,G2,G3,axis=0,ddof=1)",predictions/decision_000024_g1.npz,predictions/decision_000024_g2.npz,predictions/decision_000024_g3.npz,predictions/decision_000024_mean.npz,predictions/decision_000024_variance.npz
mpx_007,25,1,5.960464477539063e-08,3.290121615119688e-11,1e-05,1e-07,"np.var(G1,G2,G3,axis=0,ddof=1)",predictions/decision_000025_g1.npz,predictions/decision_000025_g2.npz,predictions/decision_000025_g3.npz,predictions/decision_000025_mean.npz,predictions/decision_000025_variance.npz
mpx_007,26,1,2.9802322387695312e-08,1.990432016696705e-11,1e-05,1e-07,"np.var(G1,G2,G3,axis=0,ddof=1)",predictions/decision_000026_g1.npz,predictions/decision_000026_g2.npz,predictions/decision_000026_g3.npz,predictions/decision_000026_mean.npz,predictions/decision_000026_variance.npz
mpx_007,27,1,5.960464477539063e-08,1.889578458898153e-11,1e-05,1e-07,"np.var(G1,G2,G3,axis=0,ddof=1)",predictions/decision_000027_g1.npz,predictions/decision_000027_g2.npz,predictions/decision_000027_g3.npz,predictions/decision_000027_mean.npz,predictions/decision_000027_variance.npz
mpx_007,28,1,4.470348358154297e-08,2.174355731354393e-11,1e-05,1e-07,"np.var(G1,G2,G3,axis=0,ddof=1)",predictions/decision_000028_g1.npz,predictions/decision_000028_g2.npz,predictions/decision_000028_g3.npz,predictions/decision_000028_mean.npz,predictions/decision_000028_variance.npz
mpx_007,29,1,4.470348358154297e-08,1.7940245339778054e-11,1e-05,1e-07,"np.var(G1,G2,G3,axis=0,ddof=1)",predictions/decision_000029_g1.npz,predictions/decision_000029_g2.npz,predictions/decision_000029_g3.npz,predictions/decision_000029_mean.npz,predictions/decision_000029_variance.npz
mpx_007,30,1,4.470348358154297e-08,1.7940245339778054e-11,1e-05,1e-07,"np.var(G1,G2,G3,axis=0,ddof=1)",predictions/decision_000030_g1.npz,predictions/decision_000030_g2.npz,predictions/decision_000030_g3.npz,predictions/decision_000030_mean.npz,predictions/decision_000030_variance.npz
mpx_007,31,1,4.470348358154297e-08,1.7940245339778054e-11,1e-05,1e-07,"np.var(G1,G2,G3,axis=0,ddof=1)",predictions/decision_000031_g1.npz,predictions/decision_000031_g2.npz,predictions/decision_000031_g3.npz,predictions/decision_000031_mean.npz,predictions/decision_000031_variance.npz
mpx_007,32,1,4.470348358154297e-08,1.7940245339778054e-11,1e-05,1e-07,"np.var(G1,G2,G3,axis=0,ddof=1)",predictions/decision_000032_g1.npz,predictions/decision_000032_g2.npz,predictions/decision_000032_g3.npz,predictions/decision_000032_mean.npz,predictions/decision_000032_variance.npz
mpx_007,33,1,4.470348358154297e-08,1.7940245339778054e-11,1e-05,1e-07,"np.var(G1,G2,G3,axis=0,ddof=1)",predictions/decision_000033_g1.npz,predictions/decision_000033_g2.npz,predictions/decision_000033_g3.npz,predictions/decision_000033_mean.npz,predictions/decision_000033_variance.npz
mpx_007,34,1,4.470348358154297e-08,1.7940245339778054e-11,1e-05,1e-07,"np.var(G1,G2,G3,axis=0,ddof=1)",predictions/decision_000034_g1.npz,predictions/decision_000034_g2.npz,predictions/decision_000034_g3.npz,predictions/decision_000034_mean.npz,predictions/decision_000034_variance.npz
mpx_007,35,1,4.470348358154297e-08,1.7940245339778054e-11,1e-05,1e-07,"np.var(G1,G2,G3,axis=0,ddof=1)",predictions/decision_000035_g1.npz,predictions/decision_000035_g2.npz,predictions/decision_000035_g3.npz,predictions/decision_000035_mean.npz,predictions/decision_000035_variance.npz
mpx_008,1,1,5.960464477539063e-08,2.2093446689098228e-09,1e-05,1e-07,"np.var(G1,G2,G3,axis=0,ddof=1)",predictions/decision_000001_g1.npz,predictions/decision_000001_g2.npz,predictions/decision_000001_g3.npz,predictions/decision_000001_mean.npz,predictions/decision_000001_variance.npz
mpx_008,2,1,5.960464477539063e-08,1.6588708523347644e-09,1e-05,1e-07,"np.var(G1,G2,G3,axis=0,ddof=1)",predictions/decision_000002_g1.npz,predictions/decision_000002_g2.npz,predictions/decision_000002_g3.npz,predictions/decision_000002_mean.npz,predictions/decision_000002_variance.npz
mpx_008,3,1,5.960464477539063e-08,1.522181427277096e-09,1e-05,1e-07,"np.var(G1,G2,G3,axis=0,ddof=1)",predictions/decision_000003_g1.npz,predictions/decision_000003_g2.npz,predictions/decision_000003_g3.npz,predictions/decision_000003_mean.npz,predictions/decision_000003_variance.npz
mpx_008,4,1,5.960464477539063e-08,1.3760715085799973e-09,1e-05,1e-07,"np.var(G1,G2,G3,axis=0,ddof=1)",predictions/decision_000004_g1.npz,predictions/decision_000004_g2.npz,predictions/decision_000004_g3.npz,predictions/decision_000004_mean.npz,predictions/decision_000004_variance.npz
mpx_008,5,1,5.960464477539063e-08,1.1871899877042097e-09,1e-05,1e-07,"np.var(G1,G2,G3,axis=0,ddof=1)",predictions/decision_000005_g1.npz,predictions/decision_000005_g2.npz,predictions/decision_000005_g3.npz,predictions/decision_000005_mean.npz,predictions/decision_000005_variance.npz
mpx_008,6,1,5.960464477539063e-08,1.0324482314584837e-09,1e-05,1e-07,"np.var(G1,G2,G3,axis=0,ddof=1)",predictions/decision_000006_g1.npz,predictions/decision_000006_g2.npz,predictions/decision_000006_g3.npz,predictions/decision_000006_mean.npz,predictions/decision_000006_variance.npz
mpx_008,7,1,5.960464477539063e-08,9.897239120796371e-10,1e-05,1e-07,"np.var(G1,G2,G3,axis=0,ddof=1)",predictions/decision_000007_g1.npz,predictions/decision_000007_g2.npz,predictions/decision_000007_g3.npz,predictions/decision_000007_mean.npz,predictions/decision_000007_variance.npz
mpx_008,8,1,5.960464477539063e-08,7.425644513344967e-10,1e-05,1e-07,"np.var(G1,G2,G3,axis=0,ddof=1)",predictions/decision_000008_g1.npz,predictions/decision_000008_g2.npz,predictions/decision_000008_g3.npz,predictions/decision_000008_mean.npz,predictions/decision_000008_variance.npz
mpx_008,9,1,5.960464477539063e-08,5.86315212137253e-10,1e-05,1e-07,"np.var(G1,G2,G3,axis=0,ddof=1)",predictions/decision_000009_g1.npz,predictions/decision_000009_g2.npz,predictions/decision_000009_g3.npz,predictions/decision_000009_mean.npz,predictions/decision_000009_variance.npz
mpx_008,10,1,5.960464477539063e-08,5.842391843345727e-10,1e-05,1e-07,"np.var(G1,G2,G3,axis=0,ddof=1)",predictions/decision_000010_g1.npz,predictions/decision_000010_g2.npz,predictions/decision_000010_g3.npz,predictions/decision_000010_mean.npz,predictions/decision_000010_variance.npz
mpx_008,11,1,5.960464477539063e-08,5.553041270041256e-10,1e-05,1e-07,"np.var(G1,G2,G3,axis=0,ddof=1)",predictions/decision_000011_g1.npz,predictions/decision_000011_g2.npz,predictions/decision_000011_g3.npz,predictions/decision_000011_mean.npz,predictions/decision_000011_variance.npz
mpx_008,12,1,5.960464477539063e-08,5.132040790453503e-10,1e-05,1e-07,"np.var(G1,G2,G3,axis=0,ddof=1)",predictions/decision_000012_g1.npz,predictions/decision_000012_g2.npz,predictions/decision_000012_g3.npz,predictions/decision_000012_mean.npz,predictions/decision_000012_variance.npz
mpx_008,13,1,5.960464477539063e-08,4.768856432244359e-10,1e-05,1e-07,"np.var(G1,G2,G3,axis=0,ddof=1)",predictions/decision_000013_g1.npz,predictions/decision_000013_g2.npz,predictions/decision_000013_g3.npz,predictions/decision_000013_mean.npz,predictions/decision_000013_variance.npz
mpx_008,14,1,5.960464477539063e-08,4.0007628911851027e-10,1e-05,1e-07,"np.var(G1,G2,G3,axis=0,ddof=1)",predictions/decision_000014_g1.npz,predictions/decision_000014_g2.npz,predictions/decision_000014_g3.npz,predictions/decision_000014_mean.npz,predictions/decision_000014_variance.npz
mpx_008,15,1,5.960464477539063e-08,2.668254502446996e-10,1e-05,1e-07,"np.var(G1,G2,G3,axis=0,ddof=1)",predictions/decision_000015_g1.npz,predictions/decision_000015_g2.npz,predictions/decision_000015_g3.npz,predictions/decision_000015_mean.npz,predictions/decision_000015_variance.npz
mpx_008,16,1,5.960464477539063e-08,2.3553644297977615e-10,1e-05,1e-07,"np.var(G1,G2,G3,axis=0,ddof=1)",predictions/decision_000016_g1.npz,predictions/decision_000016_g2.npz,predictions/decision_000016_g3.npz,predictions/decision_000016_mean.npz,predictions/decision_000016_variance.npz
mpx_008,17,1,2.9802322387695312e-08,1.4352951330680314e-10,1e-05,1e-07,"np.var(G1,G2,G3,axis=0,ddof=1)",predictions/decision_000017_g1.npz,predictions/decision_000017_g2.npz,predictions/decision_000017_g3.npz,predictions/decision_000017_mean.npz,predictions/decision_000017_variance.npz
mpx_008,18,1,5.960464477539063e-08,1.646489989271127e-10,1e-05,1e-07,"np.var(G1,G2,G3,axis=0,ddof=1)",predictions/decision_000018_g1.npz,predictions/decision_000018_g2.npz,predictions/decision_000018_g3.npz,predictions/decision_000018_mean.npz,predictions/decision_000018_variance.npz
mpx_008,19,1,5.960464477539063e-08,1.301634962404991e-10,1e-05,1e-07,"np.var(G1,G2,G3,axis=0,ddof=1)",predictions/decision_000019_g1.npz,predictions/decision_000019_g2.npz,predictions/decision_000019_g3.npz,predictions/decision_000019_mean.npz,predictions/decision_000019_variance.npz
mpx_008,20,1,5.960464477539063e-08,1.2665818253879363e-10,1e-05,1e-07,"np.var(G1,G2,G3,axis=0,ddof=1)",predictions/decision_000020_g1.npz,predictions/decision_000020_g2.npz,predictions/decision_000020_g3.npz,predictions/decision_000020_mean.npz,predictions/decision_000020_variance.npz
mpx_008,21,1,5.960464477539063e-08,1.0896747002305355e-10,1e-05,1e-07,"np.var(G1,G2,G3,axis=0,ddof=1)",predictions/decision_000021_g1.npz,predictions/decision_000021_g2.npz,predictions/decision_000021_g3.npz,predictions/decision_000021_mean.npz,predictions/decision_000021_variance.npz
mpx_008,22,1,5.960464477539063e-08,1.0474419816863249e-10,1e-05,1e-07,"np.var(G1,G2,G3,axis=0,ddof=1)",predictions/decision_000022_g1.npz,predictions/decision_000022_g2.npz,predictions/decision_000022_g3.npz,predictions/decision_000022_mean.npz,predictions/decision_000022_variance.npz
mpx_008,23,1,5.960464477539063e-08,8.892681236926256e-11,1e-05,1e-07,"np.var(G1,G2,G3,axis=0,ddof=1)",predictions/decision_000023_g1.npz,predictions/decision_000023_g2.npz,predictions/decision_000023_g3.npz,predictions/decision_000023_mean.npz,predictions/decision_000023_variance.npz
mpx_008,24,1,5.960464477539063e-08,8.990542816326338e-11,1e-05,1e-07,"np.var(G1,G2,G3,axis=0,ddof=1)",predictions/decision_000024_g1.npz,predictions/decision_000024_g2.npz,predictions/decision_000024_g3.npz,predictions/decision_000024_mean.npz,predictions/decision_000024_variance.npz
mpx_008,25,1,5.960464477539063e-08,4.932625452495029e-11,1e-05,1e-07,"np.var(G1,G2,G3,axis=0,ddof=1)",predictions/decision_000025_g1.npz,predictions/decision_000025_g2.npz,predictions/decision_000025_g3.npz,predictions/decision_000025_mean.npz,predictions/decision_000025_variance.npz
mpx_008,26,1,5.960464477539063e-08,2.944213499346168e-11,1e-05,1e-07,"np.var(G1,G2,G3,axis=0,ddof=1)",predictions/decision_000026_g1.npz,predictions/decision_000026_g2.npz,predictions/decision_000026_g3.npz,predictions/decision_000026_mean.npz,predictions/decision_000026_variance.npz
mpx_008,27,1,5.960464477539063e-08,2.7297499244685808e-11,1e-05,1e-07,"np.var(G1,G2,G3,axis=0,ddof=1)",predictions/decision_000027_g1.npz,predictions/decision_000027_g2.npz,predictions/decision_000027_g3.npz,predictions/decision_000027_mean.npz,predictions/decision_000027_variance.npz
mpx_008,28,1,2.9802322387695312e-08,2.4870221071978567e-11,1e-05,1e-07,"np.var(G1,G2,G3,axis=0,ddof=1)",predictions/decision_000028_g1.npz,predictions/decision_000028_g2.npz,predictions/decision_000028_g3.npz,predictions/decision_000028_mean.npz,predictions/decision_000028_variance.npz
mpx_008,29,1,2.9802322387695312e-08,2.4870221071978567e-11,1e-05,1e-07,"np.var(G1,G2,G3,axis=0,ddof=1)",predictions/decision_000029_g1.npz,predictions/decision_000029_g2.npz,predictions/decision_000029_g3.npz,predictions/decision_000029_mean.npz,predictions/decision_000029_variance.npz
mpx_008,30,1,2.9802322387695312e-08,2.4870221071978567e-11,1e-05,1e-07,"np.var(G1,G2,G3,axis=0,ddof=1)",predictions/decision_000030_g1.npz,predictions/decision_000030_g2.npz,predictions/decision_000030_g3.npz,predictions/decision_000030_mean.npz,predictions/decision_000030_variance.npz
mpx_008,31,1,2.9802322387695312e-08,2.4870221071978567e-11,1e-05,1e-07,"np.var(G1,G2,G3,axis=0,ddof=1)",predictions/decision_000031_g1.npz,predictions/decision_000031_g2.npz,predictions/decision_000031_g3.npz,predictions/decision_000031_mean.npz,predictions/decision_000031_variance.npz
mpx_008,32,1,2.9802322387695312e-08,2.4870221071978567e-11,1e-05,1e-07,"np.var(G1,G2,G3,axis=0,ddof=1)",predictions/decision_000032_g1.npz,predictions/decision_000032_g2.npz,predictions/decision_000032_g3.npz,predictions/decision_000032_mean.npz,predictions/decision_000032_variance.npz
mpx_008,33,1,2.9802322387695312e-08,2.4870221071978567e-11,1e-05,1e-07,"np.var(G1,G2,G3,axis=0,ddof=1)",predictions/decision_000033_g1.npz,predictions/decision_000033_g2.npz,predictions/decision_000033_g3.npz,predictions/decision_000033_mean.npz,predictions/decision_000033_variance.npz
mpx_008,34,1,2.9802322387695312e-08,2.4870221071978567e-11,1e-05,1e-07,"np.var(G1,G2,G3,axis=0,ddof=1)",predictions/decision_000034_g1.npz,predictions/decision_000034_g2.npz,predictions/decision_000034_g3.npz,predictions/decision_000034_mean.npz,predictions/decision_000034_variance.npz
mpx_008,35,1,2.9802322387695312e-08,2.4870221071978567e-11,1e-05,1e-07,"np.var(G1,G2,G3,axis=0,ddof=1)",predictions/decision_000035_g1.npz,predictions/decision_000035_g2.npz,predictions/decision_000035_g3.npz,predictions/decision_000035_mean.npz,predictions/decision_000035_variance.npz
mpx_009,1,1,5.960464477539063e-08,2.2093446689098228e-09,1e-05,1e-07,"np.var(G1,G2,G3,axis=0,ddof=1)",predictions/decision_000001_g1.npz,predictions/decision_000001_g2.npz,predictions/decision_000001_g3.npz,predictions/decision_000001_mean.npz,predictions/decision_000001_variance.npz
mpx_009,2,1,5.960464477539063e-08,1.8526536281171585e-09,1e-05,1e-07,"np.var(G1,G2,G3,axis=0,ddof=1)",predictions/decision_000002_g1.npz,predictions/decision_000002_g2.npz,predictions/decision_000002_g3.npz,predictions/decision_000002_mean.npz,predictions/decision_000002_variance.npz
mpx_009,3,1,5.960464477539063e-08,1.4427970822196648e-09,1e-05,1e-07,"np.var(G1,G2,G3,axis=0,ddof=1)",predictions/decision_000003_g1.npz,predictions/decision_000003_g2.npz,predictions/decision_000003_g3.npz,predictions/decision_000003_mean.npz,predictions/decision_000003_variance.npz
mpx_009,4,1,5.960464477539063e-08,1.335420227725648e-09,1e-05,1e-07,"np.var(G1,G2,G3,axis=0,ddof=1)",predictions/decision_000004_g1.npz,predictions/decision_000004_g2.npz,predictions/decision_000004_g3.npz,predictions/decision_000004_mean.npz,predictions/decision_000004_variance.npz
mpx_009,5,1,5.960464477539063e-08,1.2620578429647855e-09,1e-05,1e-07,"np.var(G1,G2,G3,axis=0,ddof=1)",predictions/decision_000005_g1.npz,predictions/decision_000005_g2.npz,predictions/decision_000005_g3.npz,predictions/decision_000005_mean.npz,predictions/decision_000005_variance.npz
mpx_009,6,1,5.960464477539063e-08,1.307157703977628e-09,1e-05,1e-07,"np.var(G1,G2,G3,axis=0,ddof=1)",predictions/decision_000006_g1.npz,predictions/decision_000006_g2.npz,predictions/decision_000006_g3.npz,predictions/decision_000006_mean.npz,predictions/decision_000006_variance.npz
mpx_009,7,1,5.960464477539063e-08,7.844031450147216e-10,1e-05,1e-07,"np.var(G1,G2,G3,axis=0,ddof=1)",predictions/decision_000007_g1.npz,predictions/decision_000007_g2.npz,predictions/decision_000007_g3.npz,predictions/decision_000007_mean.npz,predictions/decision_000007_variance.npz
mpx_009,8,1,5.960464477539063e-08,1.005860310033373e-09,1e-05,1e-07,"np.var(G1,G2,G3,axis=0,ddof=1)",predictions/decision_000008_g1.npz,predictions/decision_000008_g2.npz,predictions/decision_000008_g3.npz,predictions/decision_000008_mean.npz,predictions/decision_000008_variance.npz
mpx_009,9,1,5.960464477539063e-08,7.531706328465304e-10,1e-05,1e-07,"np.var(G1,G2,G3,axis=0,ddof=1)",predictions/decision_000009_g1.npz,predictions/decision_000009_g2.npz,predictions/decision_000009_g3.npz,predictions/decision_000009_mean.npz,predictions/decision_000009_variance.npz
mpx_009,10,1,5.960464477539063e-08,5.709447191299511e-10,1e-05,1e-07,"np.var(G1,G2,G3,axis=0,ddof=1)",predictions/decision_000010_g1.npz,predictions/decision_000010_g2.npz,predictions/decision_000010_g3.npz,predictions/decision_000010_mean.npz,predictions/decision_000010_variance.npz
mpx_009,11,1,5.960464477539063e-08,5.052814766448994e-10,1e-05,1e-07,"np.var(G1,G2,G3,axis=0,ddof=1)",predictions/decision_000011_g1.npz,predictions/decision_000011_g2.npz,predictions/decision_000011_g3.npz,predictions/decision_000011_mean.npz,predictions/decision_000011_variance.npz
mpx_009,12,1,5.960464477539063e-08,3.456702953444591e-10,1e-05,1e-07,"np.var(G1,G2,G3,axis=0,ddof=1)",predictions/decision_000012_g1.npz,predictions/decision_000012_g2.npz,predictions/decision_000012_g3.npz,predictions/decision_000012_mean.npz,predictions/decision_000012_variance.npz
mpx_009,13,1,5.960464477539063e-08,2.944238914966925e-10,1e-05,1e-07,"np.var(G1,G2,G3,axis=0,ddof=1)",predictions/decision_000013_g1.npz,predictions/decision_000013_g2.npz,predictions/decision_000013_g3.npz,predictions/decision_000013_mean.npz,predictions/decision_000013_variance.npz
mpx_009,14,1,5.960464477539063e-08,2.642138531318885e-10,1e-05,1e-07,"np.var(G1,G2,G3,axis=0,ddof=1)",predictions/decision_000014_g1.npz,predictions/decision_000014_g2.npz,predictions/decision_000014_g3.npz,predictions/decision_000014_mean.npz,predictions/decision_000014_variance.npz
mpx_009,15,1,5.960464477539063e-08,2.2149494077293112e-10,1e-05,1e-07,"np.var(G1,G2,G3,axis=0,ddof=1)",predictions/decision_000015_g1.npz,predictions/decision_000015_g2.npz,predictions/decision_000015_g3.npz,predictions/decision_000015_mean.npz,predictions/decision_000015_variance.npz
mpx_009,16,1,5.960464477539063e-08,1.6465261265618974e-10,1e-05,1e-07,"np.var(G1,G2,G3,axis=0,ddof=1)",predictions/decision_000016_g1.npz,predictions/decision_000016_g2.npz,predictions/decision_000016_g3.npz,predictions/decision_000016_mean.npz,predictions/decision_000016_variance.npz
mpx_009,17,1,5.960464477539063e-08,1.335266424144886e-10,1e-05,1e-07,"np.var(G1,G2,G3,axis=0,ddof=1)",predictions/decision_000017_g1.npz,predictions/decision_000017_g2.npz,predictions/decision_000017_g3.npz,predictions/decision_000017_mean.npz,predictions/decision_000017_variance.npz
mpx_009,18,1,5.960464477539063e-08,1.1834024768276203e-10,1e-05,1e-07,"np.var(G1,G2,G3,axis=0,ddof=1)",predictions/decision_000018_g1.npz,predictions/decision_000018_g2.npz,predictions/decision_000018_g3.npz,predictions/decision_000018_mean.npz,predictions/decision_000018_variance.npz
mpx_009,19,1,2.9802322387695312e-08,1.215906499637991e-10,1e-05,1e-07,"np.var(G1,G2,G3,axis=0,ddof=1)",predictions/decision_000019_g1.npz,predictions/decision_000019_g2.npz,predictions/decision_000019_g3.npz,predictions/decision_000019_mean.npz,predictions/decision_000019_variance.npz
mpx_009,20,1,5.960464477539063e-08,1.0456034501431697e-10,1e-05,1e-07,"np.var(G1,G2,G3,axis=0,ddof=1)",predictions/decision_000020_g1.npz,predictions/decision_000020_g2.npz,predictions/decision_000020_g3.npz,predictions/decision_000020_mean.npz,predictions/decision_000020_variance.npz
mpx_009,21,1,5.960464477539063e-08,9.709304423654278e-11,1e-05,1e-07,"np.var(G1,G2,G3,axis=0,ddof=1)",predictions/decision_000021_g1.npz,predictions/decision_000021_g2.npz,predictions/decision_000021_g3.npz,predictions/decision_000021_mean.npz,predictions/decision_000021_variance.npz
mpx_009,22,1,5.960464477539063e-08,6.108982640855634e-11,1e-05,1e-07,"np.var(G1,G2,G3,axis=0,ddof=1)",predictions/decision_000022_g1.npz,predictions/decision_000022_g2.npz,predictions/decision_000022_g3.npz,predictions/decision_000022_mean.npz,predictions/decision_000022_variance.npz
mpx_009,23,1,2.9802322387695312e-08,4.244509395499227e-11,1e-05,1e-07,"np.var(G1,G2,G3,axis=0,ddof=1)",predictions/decision_000023_g1.npz,predictions/decision_000023_g2.npz,predictions/decision_000023_g3.npz,predictions/decision_000023_mean.npz,predictions/decision_000023_variance.npz
mpx_009,24,1,4.470348358154297e-08,3.6718542257751083e-11,1e-05,1e-07,"np.var(G1,G2,G3,axis=0,ddof=1)",predictions/decision_000024_g1.npz,predictions/decision_000024_g2.npz,predictions/decision_000024_g3.npz,predictions/decision_000024_mean.npz,predictions/decision_000024_variance.npz
mpx_009,25,1,2.9802322387695312e-08,3.562880679439783e-11,1e-05,1e-07,"np.var(G1,G2,G3,axis=0,ddof=1)",predictions/decision_000025_g1.npz,predictions/decision_000025_g2.npz,predictions/decision_000025_g3.npz,predictions/decision_000025_mean.npz,predictions/decision_000025_variance.npz
mpx_009,26,1,5.960464477539063e-08,3.5903070850871784e-11,1e-05,1e-07,"np.var(G1,G2,G3,axis=0,ddof=1)",predictions/decision_000026_g1.npz,predictions/decision_000026_g2.npz,predictions/decision_000026_g3.npz,predictions/decision_000026_mean.npz,predictions/decision_000026_variance.npz
mpx_009,27,1,5.960464477539063e-08,3.4406644961126695e-11,1e-05,1e-07,"np.var(G1,G2,G3,axis=0,ddof=1)",predictions/decision_000027_g1.npz,predictions/decision_000027_g2.npz,predictions/decision_000027_g3.npz,predictions/decision_000027_mean.npz,predictions/decision_000027_variance.npz
mpx_009,28,1,5.960464477539063e-08,3.4692430009041794e-11,1e-05,1e-07,"np.var(G1,G2,G3,axis=0,ddof=1)",predictions/decision_000028_g1.npz,predictions/decision_000028_g2.npz,predictions/decision_000028_g3.npz,predictions/decision_000028_mean.npz,predictions/decision_000028_variance.npz
mpx_009,29,1,5.960464477539063e-08,3.4692430009041794e-11,1e-05,1e-07,"np.var(G1,G2,G3,axis=0,ddof=1)",predictions/decision_000029_g1.npz,predictions/decision_000029_g2.npz,predictions/decision_000029_g3.npz,predictions/decision_000029_mean.npz,predictions/decision_000029_variance.npz
mpx_009,30,1,5.960464477539063e-08,3.2191837156816475e-11,1e-05,1e-07,"np.var(G1,G2,G3,axis=0,ddof=1)",predictions/decision_000030_g1.npz,predictions/decision_000030_g2.npz,predictions/decision_000030_g3.npz,predictions/decision_000030_mean.npz,predictions/decision_000030_variance.npz
mpx_009,31,1,5.960464477539063e-08,3.2191837156816475e-11,1e-05,1e-07,"np.var(G1,G2,G3,axis=0,ddof=1)",predictions/decision_000031_g1.npz,predictions/decision_000031_g2.npz,predictions/decision_000031_g3.npz,predictions/decision_000031_mean.npz,predictions/decision_000031_variance.npz
mpx_009,32,1,5.960464477539063e-08,3.2191837156816475e-11,1e-05,1e-07,"np.var(G1,G2,G3,axis=0,ddof=1)",predictions/decision_000032_g1.npz,predictions/decision_000032_g2.npz,predictions/decision_000032_g3.npz,predictions/decision_000032_mean.npz,predictions/decision_000032_variance.npz
mpx_009,33,1,5.960464477539063e-08,3.2191837156816475e-11,1e-05,1e-07,"np.var(G1,G2,G3,axis=0,ddof=1)",predictions/decision_000033_g1.npz,predictions/decision_000033_g2.npz,predictions/decision_000033_g3.npz,predictions/decision_000033_mean.npz,predictions/decision_000033_variance.npz
mpx_009,34,1,5.960464477539063e-08,3.2191837156816475e-11,1e-05,1e-07,"np.var(G1,G2,G3,axis=0,ddof=1)",predictions/decision_000034_g1.npz,predictions/decision_000034_g2.npz,predictions/decision_000034_g3.npz,predictions/decision_000034_mean.npz,predictions/decision_000034_variance.npz
mpx_009,35,1,5.960464477539063e-08,3.2191837156816475e-11,1e-05,1e-07,"np.var(G1,G2,G3,axis=0,ddof=1)",predictions/decision_000035_g1.npz,predictions/decision_000035_g2.npz,predictions/decision_000035_g3.npz,predictions/decision_000035_mean.npz,predictions/decision_000035_variance.npz
mpx_009,36,1,5.960464477539063e-08,3.2191837156816475e-11,1e-05,1e-07,"np.var(G1,G2,G3,axis=0,ddof=1)",predictions/decision_000036_g1.npz,predictions/decision_000036_g2.npz,predictions/decision_000036_g3.npz,predictions/decision_000036_mean.npz,predictions/decision_000036_variance.npz
mpx_010,1,1,5.960464477539063e-08,2.2093446689098228e-09,1e-05,1e-07,"np.var(G1,G2,G3,axis=0,ddof=1)",predictions/decision_000001_g1.npz,predictions/decision_000001_g2.npz,predictions/decision_000001_g3.npz,predictions/decision_000001_mean.npz,predictions/decision_000001_variance.npz
mpx_010,2,1,5.960464477539063e-08,1.933950964796921e-09,1e-05,1e-07,"np.var(G1,G2,G3,axis=0,ddof=1)",predictions/decision_000002_g1.npz,predictions/decision_000002_g2.npz,predictions/decision_000002_g3.npz,predictions/decision_000002_mean.npz,predictions/decision_000002_variance.npz
mpx_010,3,1,5.960464477539063e-08,1.3750443306304244e-09,1e-05,1e-07,"np.var(G1,G2,G3,axis=0,ddof=1)",predictions/decision_000003_g1.npz,predictions/decision_000003_g2.npz,predictions/decision_000003_g3.npz,predictions/decision_000003_mean.npz,predictions/decision_000003_variance.npz
mpx_010,4,1,5.960464477539063e-08,1.0827879131495391e-09,1e-05,1e-07,"np.var(G1,G2,G3,axis=0,ddof=1)",predictions/decision_000004_g1.npz,predictions/decision_000004_g2.npz,predictions/decision_000004_g3.npz,predictions/decision_000004_mean.npz,predictions/decision_000004_variance.npz
mpx_010,5,1,5.960464477539063e-08,9.857247106952371e-10,1e-05,1e-07,"np.var(G1,G2,G3,axis=0,ddof=1)",predictions/decision_000005_g1.npz,predictions/decision_000005_g2.npz,predictions/decision_000005_g3.npz,predictions/decision_000005_mean.npz,predictions/decision_000005_variance.npz
mpx_010,6,1,5.960464477539063e-08,1.1720099218843152e-09,1e-05,1e-07,"np.var(G1,G2,G3,axis=0,ddof=1)",predictions/decision_000006_g1.npz,predictions/decision_000006_g2.npz,predictions/decision_000006_g3.npz,predictions/decision_000006_mean.npz,predictions/decision_000006_variance.npz
mpx_010,7,1,5.960464477539063e-08,8.292823681611728e-10,1e-05,1e-07,"np.var(G1,G2,G3,axis=0,ddof=1)",predictions/decision_000007_g1.npz,predictions/decision_000007_g2.npz,predictions/decision_000007_g3.npz,predictions/decision_000007_mean.npz,predictions/decision_000007_variance.npz
mpx_010,8,1,5.960464477539063e-08,1.160460202690663e-09,1e-05,1e-07,"np.var(G1,G2,G3,axis=0,ddof=1)",predictions/decision_000008_g1.npz,predictions/decision_000008_g2.npz,predictions/decision_000008_g3.npz,predictions/decision_000008_mean.npz,predictions/decision_000008_variance.npz
mpx_010,9,1,5.960464477539063e-08,7.777691868050534e-10,1e-05,1e-07,"np.var(G1,G2,G3,axis=0,ddof=1)",predictions/decision_000009_g1.npz,predictions/decision_000009_g2.npz,predictions/decision_000009_g3.npz,predictions/decision_000009_mean.npz,predictions/decision_000009_variance.npz
mpx_010,10,1,5.960464477539063e-08,7.824072375128347e-10,1e-05,1e-07,"np.var(G1,G2,G3,axis=0,ddof=1)",predictions/decision_000010_g1.npz,predictions/decision_000010_g2.npz,predictions/decision_000010_g3.npz,predictions/decision_000010_mean.npz,predictions/decision_000010_variance.npz
mpx_010,11,1,5.960464477539063e-08,4.639607687466861e-10,1e-05,1e-07,"np.var(G1,G2,G3,axis=0,ddof=1)",predictions/decision_000011_g1.npz,predictions/decision_000011_g2.npz,predictions/decision_000011_g3.npz,predictions/decision_000011_mean.npz,predictions/decision_000011_variance.npz
mpx_010,12,1,5.960464477539063e-08,3.8004273651016704e-10,1e-05,1e-07,"np.var(G1,G2,G3,axis=0,ddof=1)",predictions/decision_000012_g1.npz,predictions/decision_000012_g2.npz,predictions/decision_000012_g3.npz,predictions/decision_000012_mean.npz,predictions/decision_000012_variance.npz
mpx_010,13,1,5.960464477539063e-08,3.4795686597654937e-10,1e-05,1e-07,"np.var(G1,G2,G3,axis=0,ddof=1)",predictions/decision_000013_g1.npz,predictions/decision_000013_g2.npz,predictions/decision_000013_g3.npz,predictions/decision_000013_mean.npz,predictions/decision_000013_variance.npz
mpx_010,14,1,5.960464477539063e-08,2.988541608154436e-10,1e-05,1e-07,"np.var(G1,G2,G3,axis=0,ddof=1)",predictions/decision_000014_g1.npz,predictions/decision_000014_g2.npz,predictions/decision_000014_g3.npz,predictions/decision_000014_mean.npz,predictions/decision_000014_variance.npz
mpx_010,15,1,5.960464477539063e-08,2.7558058891071484e-10,1e-05,1e-07,"np.var(G1,G2,G3,axis=0,ddof=1)",predictions/decision_000015_g1.npz,predictions/decision_000015_g2.npz,predictions/decision_000015_g3.npz,predictions/decision_000015_mean.npz,predictions/decision_000015_variance.npz
mpx_010,16,1,5.960464477539063e-08,2.4387937354425187e-10,1e-05,1e-07,"np.var(G1,G2,G3,axis=0,ddof=1)",predictions/decision_000016_g1.npz,predictions/decision_000016_g2.npz,predictions/decision_000016_g3.npz,predictions/decision_000016_mean.npz,predictions/decision_000016_variance.npz
mpx_010,17,1,5.960464477539063e-08,2.4886669785463736e-10,1e-05,1e-07,"np.var(G1,G2,G3,axis=0,ddof=1)",predictions/decision_000017_g1.npz,predictions/decision_000017_g2.npz,predictions/decision_000017_g3.npz,predictions/decision_000017_mean.npz,predictions/decision_000017_variance.npz
mpx_010,18,1,5.960464477539063e-08,1.8204509772101287e-10,1e-05,1e-07,"np.var(G1,G2,G3,axis=0,ddof=1)",predictions/decision_000018_g1.npz,predictions/decision_000018_g2.npz,predictions/decision_000018_g3.npz,predictions/decision_000018_mean.npz,predictions/decision_000018_variance.npz
mpx_010,19,1,5.960464477539063e-08,1.6663780088595924e-10,1e-05,1e-07,"np.var(G1,G2,G3,axis=0,ddof=1)",predictions/decision_000019_g1.npz,predictions/decision_000019_g2.npz,predictions/decision_000019_g3.npz,predictions/decision_000019_mean.npz,predictions/decision_000019_variance.npz
mpx_010,20,1,5.960464477539063e-08,1.3790644760665043e-10,1e-05,1e-07,"np.var(G1,G2,G3,axis=0,ddof=1)",predictions/decision_000020_g1.npz,predictions/decision_000020_g2.npz,predictions/decision_000020_g3.npz,predictions/decision_000020_mean.npz,predictions/decision_000020_variance.npz
mpx_010,21,1,2.9802322387695312e-08,1.0803268765473798e-10,1e-05,1e-07,"np.var(G1,G2,G3,axis=0,ddof=1)",predictions/decision_000021_g1.npz,predictions/decision_000021_g2.npz,predictions/decision_000021_g3.npz,predictions/decision_000021_mean.npz,predictions/decision_000021_variance.npz
mpx_010,22,1,5.960464477539063e-08,1.0770620372576402e-10,1e-05,1e-07,"np.var(G1,G2,G3,axis=0,ddof=1)",predictions/decision_000022_g1.npz,predictions/decision_000022_g2.npz,predictions/decision_000022_g3.npz,predictions/decision_000022_mean.npz,predictions/decision_000022_variance.npz
mpx_010,23,1,5.960464477539063e-08,1.0642476724975147e-10,1e-05,1e-07,"np.var(G1,G2,G3,axis=0,ddof=1)",predictions/decision_000023_g1.npz,predictions/decision_000023_g2.npz,predictions/decision_000023_g3.npz,predictions/decision_000023_mean.npz,predictions/decision_000023_variance.npz
mpx_010,24,1,5.960464477539063e-08,1.0642476724975147e-10,1e-05,1e-07,"np.var(G1,G2,G3,axis=0,ddof=1)",predictions/decision_000024_g1.npz,predictions/decision_000024_g2.npz,predictions/decision_000024_g3.npz,predictions/decision_000024_mean.npz,predictions/decision_000024_variance.npz
mpx_010,25,1,5.960464477539063e-08,8.466655766202496e-11,1e-05,1e-07,"np.var(G1,G2,G3,axis=0,ddof=1)",predictions/decision_000025_g1.npz,predictions/decision_000025_g2.npz,predictions/decision_000025_g3.npz,predictions/decision_000025_mean.npz,predictions/decision_000025_variance.npz
mpx_010,26,1,2.9802322387695312e-08,6.626513646676058e-11,1e-05,1e-07,"np.var(G1,G2,G3,axis=0,ddof=1)",predictions/decision_000026_g1.npz,predictions/decision_000026_g2.npz,predictions/decision_000026_g3.npz,predictions/decision_000026_mean.npz,predictions/decision_000026_variance.npz
mpx_010,27,1,2.9802322387695312e-08,6.347358766937045e-11,1e-05,1e-07,"np.var(G1,G2,G3,axis=0,ddof=1)",predictions/decision_000027_g1.npz,predictions/decision_000027_g2.npz,predictions/decision_000027_g3.npz,predictions/decision_000027_mean.npz,predictions/decision_000027_variance.npz
mpx_010,28,1,2.9802322387695312e-08,5.964067201627735e-11,1e-05,1e-07,"np.var(G1,G2,G3,axis=0,ddof=1)",predictions/decision_000028_g1.npz,predictions/decision_000028_g2.npz,predictions/decision_000028_g3.npz,predictions/decision_000028_mean.npz,predictions/decision_000028_variance.npz
mpx_010,29,1,5.960464477539063e-08,4.826610234850798e-11,1e-05,1e-07,"np.var(G1,G2,G3,axis=0,ddof=1)",predictions/decision_000029_g1.npz,predictions/decision_000029_g2.npz,predictions/decision_000029_g3.npz,predictions/decision_000029_mean.npz,predictions/decision_000029_variance.npz
mpx_010,30,1,2.9802322387695312e-08,4.260649556951802e-11,1e-05,1e-07,"np.var(G1,G2,G3,axis=0,ddof=1)",predictions/decision_000030_g1.npz,predictions/decision_000030_g2.npz,predictions/decision_000030_g3.npz,predictions/decision_000030_mean.npz,predictions/decision_000030_variance.npz
mpx_010,31,1,2.9802322387695312e-08,1.8448079780346332e-11,1e-05,1e-07,"np.var(G1,G2,G3,axis=0,ddof=1)",predictions/decision_000031_g1.npz,predictions/decision_000031_g2.npz,predictions/decision_000031_g3.npz,predictions/decision_000031_mean.npz,predictions/decision_000031_variance.npz
mpx_010,32,1,2.9802322387695312e-08,1.3362100091729745e-11,1e-05,1e-07,"np.var(G1,G2,G3,axis=0,ddof=1)",predictions/decision_000032_g1.npz,predictions/decision_000032_g2.npz,predictions/decision_000032_g3.npz,predictions/decision_000032_mean.npz,predictions/decision_000032_variance.npz
mpx_010,33,1,2.9802322387695312e-08,1.3362100091729745e-11,1e-05,1e-07,"np.var(G1,G2,G3,axis=0,ddof=1)",predictions/decision_000033_g1.npz,predictions/decision_000033_g2.npz,predictions/decision_000033_g3.npz,predictions/decision_000033_mean.npz,predictions/decision_000033_variance.npz
mpx_010,34,1,2.9802322387695312e-08,1.3362100091729745e-11,1e-05,1e-07,"np.var(G1,G2,G3,axis=0,ddof=1)",predictions/decision_000034_g1.npz,predictions/decision_000034_g2.npz,predictions/decision_000034_g3.npz,predictions/decision_000034_mean.npz,predictions/decision_000034_variance.npz
mpx_010,35,1,2.9802322387695312e-08,1.3362100091729745e-11,1e-05,1e-07,"np.var(G1,G2,G3,axis=0,ddof=1)",predictions/decision_000035_g1.npz,predictions/decision_000035_g2.npz,predictions/decision_000035_g3.npz,predictions/decision_000035_mean.npz,predictions/decision_000035_variance.npz
mpx_010,36,1,2.9802322387695312e-08,1.3362100091729745e-11,1e-05,1e-07,"np.var(G1,G2,G3,axis=0,ddof=1)",predictions/decision_000036_g1.npz,predictions/decision_000036_g2.npz,predictions/decision_000036_g3.npz,predictions/decision_000036_mean.npz,predictions/decision_000036_variance.npz
mpx_010,37,1,2.9802322387695312e-08,1.3362100091729745e-11,1e-05,1e-07,"np.var(G1,G2,G3,axis=0,ddof=1)",predictions/decision_000037_g1.npz,predictions/decision_000037_g2.npz,predictions/decision_000037_g3.npz,predictions/decision_000037_mean.npz,predictions/decision_000037_variance.npz
mpx_010,38,1,2.9802322387695312e-08,1.3362100091729745e-11,1e-05,1e-07,"np.var(G1,G2,G3,axis=0,ddof=1)",predictions/decision_000038_g1.npz,predictions/decision_000038_g2.npz,predictions/decision_000038_g3.npz,predictions/decision_000038_mean.npz,predictions/decision_000038_variance.npz
mpx_010,39,1,2.9802322387695312e-08,1.3362100091729745e-11,1e-05,1e-07,"np.var(G1,G2,G3,axis=0,ddof=1)",predictions/decision_000039_g1.npz,predictions/decision_000039_g2.npz,predictions/decision_000039_g3.npz,predictions/decision_000039_mean.npz,predictions/decision_000039_variance.npz
mpx_010,40,1,2.9802322387695312e-08,1.3362100091729745e-11,1e-05,1e-07,"np.var(G1,G2,G3,axis=0,ddof=1)",predictions/decision_000040_g1.npz,predictions/decision_000040_g2.npz,predictions/decision_000040_g3.npz,predictions/decision_000040_mean.npz,predictions/decision_000040_variance.npz
