time_s,distance_m,known_fraction,coverage,occupied_iou,tu,frontiers_selected,main_attempts,main_succeeded,main_failed,main_interrupted,abandoned_208,main_success_rate,subgoal_attempts,subgoal_succeeded,subgoal_failed,subgoal_interrupted
0.659196377,0.000000000,0.001847797,0.017842969,nan,nan,1,1,0,0,0,0,0.000000000,0,0,0,0
1.195989847,0.000000000,0.001847797,0.017842969,nan,nan,1,1,0,0,0,0,0.000000000,0,0,0,0
2.188961983,0.005522400,0.001847797,0.017842969,nan,nan,1,1,0,0,0,0,0.000000000,0,0,0,0
3.181785822,0.035402381,0.001847797,0.017842969,nan,nan,1,1,0,0,0,0,0.000000000,0,0,0,0
4.212836504,0.099002288,0.001847797,0.017842969,nan,nan,1,1,0,0,0,0,0.000000000,0,0,0,0
5.176000595,0.195633720,0.001847797,0.017842969,nan,nan,1,1,0,0,0,0,0.000000000,0,0,0,0
6.250076532,0.274030956,0.007736944,0.064455636,nan,nan,1,1,0,0,0,0,0.000000000,0,0,0,0
7.287014008,0.362944458,0.007736944,0.064455636,nan,nan,1,1,0,0,0,0,0.000000000,0,0,0,0
8.198979378,0.453960088,0.017241509,0.169703159,nan,nan,1,1,1,0,0,0,1.000000000,0,0,0,0
10.751537085,0.505651441,0.017241509,0.169703159,nan,nan,2,2,1,0,0,0,0.500000000,0,0,0,0
11.183463335,0.548235456,0.022669647,0.235175343,nan,nan,2,2,1,0,0,0,0.500000000,0,0,0,0
12.259622335,0.554841197,0.022669647,0.235175343,nan,nan,2,2,1,0,0,0,0.500000000,0,0,0,0
13.216475248,0.590078184,0.022669647,0.235175343,nan,nan,2,2,1,0,0,0,0.500000000,0,0,0,0
14.201020956,0.627668490,0.022669647,0.235175343,nan,nan,2,2,1,0,0,0,0.500000000,0,0,0,0
15.222652912,0.665532449,0.022669647,0.235175343,nan,nan,2,2,1,0,0,0,0.500000000,0,0,0,0
16.219738722,0.695509284,0.022669647,0.235175343,nan,nan,2,2,1,0,0,0,0.500000000,0,0,0,0
17.195667744,0.712200481,0.026620800,0.284684476,nan,nan,2,2,1,0,0,0,0.500000000,0,0,0,0
18.209939718,0.723368353,0.026620800,0.284684476,nan,nan,2,2,1,0,0,0,0.500000000,0,0,0,0
19.181020021,0.728193796,0.026620800,0.284684476,nan,nan,2,2,1,0,0,0,0.500000000,0,0,0,0
20.199097872,0.729550233,0.026620800,0.284684476,nan,nan,2,2,1,0,0,0,0.500000000,0,0,0,0
21.213560343,0.734018869,0.026620800,0.284684476,nan,nan,2,2,1,0,0,0,0.500000000,0,0,0,0
22.185600042,0.745385735,0.026620800,0.284684476,nan,nan,2,2,1,0,0,0,0.500000000,0,0,0,0
23.219006777,0.761094662,0.026620800,0.284684476,nan,nan,2,2,1,0,0,0,0.500000000,0,0,0,0
24.178985119,0.789797828,0.026620800,0.284684476,nan,nan,2,2,1,0,0,0,0.500000000,0,0,0,0
25.274541855,0.820479719,0.026620800,0.284684476,nan,nan,2,2,1,0,0,0,0.500000000,0,0,0,0
26.190792561,0.871493835,0.029416923,0.321345185,nan,nan,2,2,1,0,0,0,0.500000000,0,0,0,0
27.193322659,0.940013180,0.029416923,0.321345185,nan,nan,2,2,1,0,0,0,0.500000000,0,0,0,0
28.202926397,1.011734724,0.029416923,0.321345185,nan,nan,2,2,1,0,0,0,0.500000000,0,0,0,0
29.201462507,1.070608647,0.031530301,0.350685822,nan,nan,2,2,1,0,0,0,0.500000000,0,0,0,0
30.244873524,1.160471011,0.031530301,0.350685822,nan,nan,2,2,1,0,0,0,0.500000000,0,0,0,0
31.255623579,1.250436282,0.031530301,0.350685822,nan,nan,2,2,1,0,0,0,0.500000000,0,0,0,0
32.197622538,1.350424404,0.032501178,0.363757050,nan,nan,2,2,1,0,0,0,0.500000000,0,0,0,0
33.194391727,1.450424250,0.032501178,0.363757050,nan,nan,2,2,1,0,0,0,0.500000000,0,0,0,0
34.191835880,1.560424166,0.032501178,0.363757050,nan,nan,2,2,1,0,0,0,0.500000000,0,0,0,0
35.197557688,1.660424134,0.033428208,0.376359459,nan,nan,2,2,1,0,0,0,0.500000000,0,0,0,0
36.195982695,1.740393735,0.033428208,0.376359459,nan,nan,2,2,1,0,0,0,0.500000000,0,0,0,0
37.212332964,1.820392083,0.034124733,0.385712628,nan,nan,2,2,1,0,0,0,0.500000000,0,0,0,0
38.200145721,1.920391302,0.034124733,0.385712628,nan,nan,2,2,1,0,0,0,0.500000000,0,0,0,0
39.206286669,2.020391280,0.034124733,0.385712628,nan,nan,2,2,1,0,0,0,0.500000000,0,0,0,0
40.199565649,2.130390808,0.034617061,0.392150765,nan,nan,2,2,1,0,0,0,0.500000000,0,0,0,0
41.190135479,2.230390778,0.034617061,0.392150765,nan,nan,2,2,1,0,0,0,0.500000000,0,0,0,0
42.240952015,2.330382154,0.034617061,0.392150765,nan,nan,2,2,1,0,0,0,0.500000000,0,0,0,0
43.252902985,2.420343831,0.034991632,0.396848237,nan,nan,2,2,1,0,0,0,0.500000000,0,0,0,0
44.236010313,2.520289659,0.034991632,0.396848237,nan,nan,2,2,1,0,0,0,0.500000000,0,0,0,0
45.202765465,2.630170785,0.035252202,0.400255297,nan,nan,2,2,1,0,0,0,0.500000000,0,0,0,0
46.194939375,2.720170326,0.035252202,0.400255297,nan,nan,2,2,1,0,0,0,0.500000000,0,0,0,0
47.203488350,2.810166185,0.035252202,0.400255297,nan,nan,2,2,1,0,0,0,0.500000000,0,0,0,0
48.215534687,2.900164988,0.035416312,0.402260543,nan,nan,2,2,1,0,0,0,0.500000000,0,0,0,0
49.221330404,3.000164983,0.035416312,0.402260543,nan,nan,2,2,1,0,0,0,0.500000000,0,0,0,0
50.186246395,3.090164495,0.035574157,0.404321489,nan,nan,2,2,1,0,0,0,0.500000000,0,0,0,0
51.202829838,3.180163762,0.035574157,0.404321489,nan,nan,2,2,1,0,0,0,0.500000000,0,0,0,0
52.205766201,3.259770295,0.035574157,0.404321489,nan,nan,2,2,1,0,0,0,0.500000000,0,0,0,0
53.244157791,3.365183141,0.035648069,0.405101307,nan,nan,2,2,1,0,0,0,0.500000000,0,0,0,0
54.243092299,3.451964251,0.035648069,0.405101307,nan,nan,2,2,1,0,0,0,0.500000000,0,0,0,0
55.182667494,3.548611476,0.035648069,0.405101307,nan,nan,2,2,1,0,0,0,0.500000000,0,0,0,0
58.634917021,3.610501156,0.035695674,0.405630469,nan,nan,3,3,2,0,0,0,0.666666667,0,0,0,0
59.243958712,3.695934401,0.035760816,0.406363868,nan,nan,3,3,2,0,0,0,0.666666667,0,0,0,0
60.204174995,3.711648490,0.035760816,0.406363868,nan,nan,3,3,2,0,0,0,0.666666667,0,0,0,0
61.233641386,3.717105130,0.035760816,0.406363868,nan,nan,3,3,2,0,0,0,0.666666667,0,0,0,0
62.215316772,3.727290271,0.035760816,0.406363868,nan,nan,3,3,2,0,0,0,0.666666667,0,0,0,0
63.218219995,3.753841626,0.035760816,0.406363868,nan,nan,3,3,2,0,0,0,0.666666667,0,0,0,0
64.214231253,3.786972744,0.035760816,0.406363868,nan,nan,3,3,2,0,0,0,0.666666667,0,0,0,0
65.204645395,3.843970699,0.035842245,0.407357208,nan,nan,3,3,2,0,0,0,0.666666667,0,0,0,0
66.220093250,3.935955529,0.035842245,0.407357208,nan,nan,3,3,2,0,0,0,0.666666667,0,0,0,0
67.196795702,4.044786465,0.035842245,0.407357208,nan,nan,3,3,2,0,0,0,0.666666667,0,0,0,0
68.219845057,4.154743039,0.035904882,0.408034906,nan,nan,3,3,2,0,0,0,0.666666667,0,0,0,0
69.193989754,4.254683918,0.035904882,0.408034906,nan,nan,3,3,2,0,0,0,0.666666667,0,0,0,0
70.220893860,4.374657295,0.035942464,0.408350547,nan,nan,3,3,2,0,0,0,0.666666667,0,0,0,0
71.200616360,4.474610094,0.035942464,0.408350547,nan,nan,3,3,2,0,0,0,0.666666667,0,0,0,0
72.244111061,4.564562267,0.035982552,0.408740455,nan,nan,3,3,2,0,0,0,0.666666667,0,0,0,0
73.228754997,4.674556327,0.035982552,0.408740455,nan,nan,3,3,2,0,0,0,0.666666667,0,0,0,0
74.253434420,4.764449567,0.035982552,0.408740455,nan,nan,3,3,2,0,0,0,0.666666667,0,0,0,0
75.225920200,4.864374428,0.036015123,0.409111797,nan,nan,3,3,2,0,0,0,0.666666667,0,0,0,0
76.193934917,4.954356164,0.036015123,0.409111797,nan,nan,3,3,2,0,0,0,0.666666667,0,0,0,0
77.184335470,5.034226596,0.036042683,0.409260334,nan,nan,3,3,2,0,0,0,0.666666667,0,0,0,0
78.243757248,5.114164743,0.036042683,0.409260334,nan,nan,3,3,2,0,0,0,0.666666667,0,0,0,0
79.220732450,5.253840041,0.036042683,0.409260334,nan,nan,3,3,2,0,0,0,0.666666667,0,0,0,0
80.194814682,5.363188252,0.036097804,0.409891615,nan,nan,3,3,2,0,0,0,0.666666667,0,0,0,0
81.247731924,5.472900514,0.036097804,0.409891615,nan,nan,3,3,2,0,0,0,0.666666667,0,0,0,0
82.187650919,5.582521540,0.036122859,0.410068002,nan,nan,3,3,2,0,0,0,0.666666667,0,0,0,0
83.288336754,5.682361167,0.036122859,0.410068002,nan,nan,3,3,2,0,0,0,0.666666667,0,0,0,0
84.252167463,5.801537902,0.036122859,0.410068002,nan,nan,3,3,2,0,0,0,0.666666667,0,0,0,0
85.263140917,5.901411007,0.036134134,0.410086569,nan,nan,3,3,2,0,0,0,0.666666667,0,0,0,0
86.199157953,5.991169427,0.036134134,0.410086569,nan,nan,3,3,2,0,0,0,0.666666667,0,0,0,0
87.188066959,6.071048765,0.036150419,0.410142270,nan,nan,3,3,2,0,0,0,0.666666667,0,0,0,0
88.200302601,6.200576462,0.036150419,0.410142270,nan,nan,3,3,2,0,0,0,0.666666667,0,0,0,0
89.305063725,6.340251273,0.036171716,0.410290807,nan,nan,3,3,2,0,0,0,0.666666667,0,0,0,0
90.198065758,6.439792306,0.036171716,0.410290807,nan,nan,3,3,2,0,0,0,0.666666667,0,0,0,0
91.196517706,6.538241348,0.036194265,0.410327941,nan,nan,3,3,2,0,0,0,0.666666667,0,0,0,0
92.185522556,6.652868206,0.036194265,0.410327941,nan,nan,3,3,2,0,0,0,0.666666667,0,0,0,0
93.223257303,6.771420967,0.036194265,0.410327941,nan,nan,3,3,2,0,0,0,0.666666667,0,0,0,0
94.208033800,6.849936952,0.036229342,0.410457911,nan,nan,3,3,2,0,0,0,0.666666667,0,0,0,0
95.288637638,6.932575505,0.036229342,0.410457911,nan,nan,3,3,2,0,0,0,0.666666667,0,0,0,0
96.192979574,7.022114280,0.036270683,0.410569313,nan,nan,3,3,2,0,0,0,0.666666667,0,0,0,0
97.220069647,7.101540472,0.036270683,0.410569313,nan,nan,3,3,2,0,0,0,0.666666667,0,0,0,0
98.189215183,7.172646830,0.036270683,0.410569313,nan,nan,3,3,2,0,0,0,0.666666667,0,0,0,0
99.198671579,7.240771914,0.036353364,0.410662149,nan,nan,3,3,2,0,0,0,0.666666667,0,0,0,0
100.182506084,7.291414653,0.036353364,0.410662149,nan,nan,3,3,2,0,0,0,0.666666667,0,0,0,0
101.188466787,7.347629593,0.036353364,0.410662149,nan,nan,3,3,2,0,0,0,0.666666667,0,0,0,0
102.224553108,7.417396318,0.036571341,0.411140251,nan,nan,3,3,2,0,0,0,0.666666667,0,0,0,0
103.218249321,7.499360773,0.036571341,0.411140251,nan,nan,3,3,2,0,0,0,0.666666667,0,0,0,0
104.211288691,7.557164506,0.036897055,0.411177385,nan,nan,3,3,2,0,0,0,0.666666667,0,0,0,0
105.226443291,7.625219917,0.036897055,0.411177385,nan,nan,3,3,2,0,0,0,0.666666667,0,0,0,0
106.196257353,7.701119907,0.036897055,0.411177385,nan,nan,3,3,2,0,0,0,0.666666667,0,0,0,0
107.197144270,7.760105645,0.036897055,0.411177385,nan,nan,3,3,2,0,0,0,0.666666667,0,0,0,0
108.239094496,7.832974835,0.037405668,0.411660130,nan,nan,3,3,2,0,0,0,0.666666667,0,0,0,0
109.216140509,7.901052498,0.037405668,0.411660130,nan,nan,3,3,2,0,0,0,0.666666667,0,0,0,0
110.184948444,7.958760470,0.037951865,0.412031471,nan,nan,3,3,2,0,0,0,0.666666667,0,0,0,0
111.192395687,8.014977058,0.037951865,0.412031471,nan,nan,3,3,3,0,0,0,1.000000000,0,0,0,0
113.964213371,8.059702127,0.037951865,0.412031471,nan,nan,4,4,3,0,0,0,0.750000000,0,0,0,0
114.181066036,8.103553927,0.038323929,0.412254276,nan,nan,4,4,3,0,0,0,0.750000000,0,0,0,0
115.209442854,8.112215509,0.038323929,0.412254276,nan,nan,4,4,3,0,0,0,0.750000000,0,0,0,0
116.199318171,8.135853554,0.038323929,0.412254276,nan,nan,4,4,3,0,0,0,0.750000000,0,0,0,0
117.212482452,8.175171528,0.038323929,0.412254276,nan,nan,4,4,3,0,0,0,0.750000000,0,0,0,0
118.190575838,8.230169474,0.038323929,0.412254276,nan,nan,4,4,3,0,0,0,0.750000000,0,0,0,0
119.217829704,8.288514983,0.038486786,0.412198575,nan,nan,4,4,3,0,0,0,0.750000000,0,0,0,0
120.223590612,8.358505294,0.038486786,0.412198575,nan,nan,4,4,3,0,0,0,0.750000000,0,0,0,0
121.203286886,8.428447437,0.038486786,0.412198575,nan,nan,4,4,3,0,0,0,0.750000000,0,0,0,0
122.180908203,8.508351297,0.038620830,0.412439947,nan,nan,4,4,3,0,0,0,0.750000000,0,0,0,0
123.215159416,8.598316797,0.038620830,0.412439947,nan,nan,4,4,3,0,0,0,0.750000000,0,0,0,0
124.222562313,8.698171442,0.038620830,0.412439947,nan,nan,4,4,3,0,0,0,0.750000000,0,0,0,0
125.209001303,8.837968368,0.038662170,0.412495648,nan,nan,4,4,3,0,0,0,0.750000000,0,0,0,0
126.254178286,8.937724952,0.038662170,0.412495648,nan,nan,4,4,3,0,0,0,0.750000000,0,0,0,0
127.230065823,9.047543629,0.038684720,0.412532783,nan,nan,4,4,3,0,0,0,0.750000000,0,0,0,0
128.198881626,9.177365620,0.038684720,0.412532783,nan,nan,4,4,3,0,0,0,0.750000000,0,0,0,0
129.237284660,9.267130195,0.038689731,0.412532783,nan,nan,4,4,3,0,0,0,0.750000000,0,0,0,0
130.233358383,9.366984864,0.038689731,0.412532783,nan,nan,4,4,3,0,0,0,0.750000000,0,0,0,0
131.222431421,9.436960354,0.038689731,0.412532783,nan,nan,4,4,3,0,0,0,0.750000000,0,0,0,0
132.197630882,9.556757931,0.038712280,0.412532783,nan,nan,4,4,3,0,0,0,0.750000000,0,0,0,0
133.200816393,9.656649147,0.038712280,0.412532783,nan,nan,4,4,3,0,0,0,0.750000000,0,0,0,0
134.183585167,9.746439807,0.038712280,0.412532783,nan,nan,4,4,3,0,0,0,0.750000000,0,0,0,0
135.212809801,9.826254645,0.038741093,0.412532783,nan,nan,4,4,3,0,0,0,0.750000000,0,0,0,0
136.254236221,9.926012533,0.038741093,0.412532783,nan,nan,4,4,3,0,0,0,0.750000000,0,0,0,0
137.198633671,9.995870740,0.038808741,0.412532783,nan,nan,4,4,3,0,0,0,0.750000000,0,0,0,0
138.192159414,10.085657836,0.038808741,0.412532783,nan,nan,4,4,3,0,0,0,0.750000000,0,0,0,0
139.196322203,10.165426079,0.038808741,0.412532783,nan,nan,4,4,3,0,0,0,0.750000000,0,0,0,0
140.198474169,10.255210052,0.038808741,0.412532783,nan,nan,4,4,3,0,0,0,0.750000000,0,0,0,0
141.221856594,10.344980664,0.038956565,0.412532783,nan,nan,4,4,3,0,0,0,0.750000000,0,0,0,0
142.205880404,10.432765364,0.038956565,0.412532783,nan,nan,4,4,3,0,0,0,0.750000000,0,0,0,0
143.181430578,10.499722621,0.039279773,0.412532783,nan,nan,4,4,3,0,0,0,0.750000000,0,0,0,0
144.182441711,10.595606230,0.039279773,0.412532783,nan,nan,4,4,3,0,0,0,0.750000000,0,0,0,0
145.197637081,10.702821064,0.039279773,0.412532783,nan,nan,4,4,3,0,0,0,0.750000000,0,0,0,0
146.190332174,10.792754414,0.039704453,0.412551350,nan,nan,4,4,3,0,0,0,0.750000000,0,0,0,0
147.187505960,10.882195124,0.039704453,0.412551350,nan,nan,4,4,3,0,0,0,0.750000000,0,0,0,0
148.203394651,10.960693760,0.039704453,0.412551350,nan,nan,4,4,3,0,0,0,0.750000000,0,0,0,0
149.199735880,11.035812938,0.040015133,0.412569917,nan,nan,4,4,3,0,0,0,0.750000000,0,0,0,0
150.236309528,11.114661895,0.040015133,0.412569917,nan,nan,4,4,3,0,0,0,0.750000000,0,0,0,0
151.230236530,11.187442165,0.040015133,0.412569917,nan,nan,4,4,3,0,0,0,0.750000000,0,0,0,0
152.198651314,11.256058581,0.040142913,0.412569917,nan,nan,4,4,3,0,0,0,0.750000000,0,0,0,0
155.356790066,11.300772537,0.040142913,0.412569917,nan,nan,5,5,4,0,0,0,0.800000000,0,0,0,0
156.213948488,11.377469518,0.040198034,0.412644185,nan,nan,5,5,4,0,0,0,0.800000000,0,0,0,0
157.227142096,11.377602932,0.040198034,0.412644185,nan,nan,5,5,4,0,0,0,0.800000000,0,0,0,0
160.564252615,11.377602932,0.040198034,0.412644185,nan,nan,6,6,4,1,0,1,0.666666667,0,0,0,0
161.204965591,11.378195732,0.040198034,0.412644185,nan,nan,6,6,4,1,0,1,0.666666667,0,0,0,0
162.185659170,11.390347726,0.040198034,0.412644185,nan,nan,6,6,4,1,0,1,0.666666667,0,0,0,0
163.207199335,11.418179662,0.040198034,0.412644185,nan,nan,6,6,4,1,0,1,0.666666667,0,0,0,0
164.188264847,11.461691472,0.040198034,0.412644185,nan,nan,6,6,4,1,0,1,0.666666667,0,0,0,0
165.184891701,11.511118595,0.040218078,0.412644185,nan,nan,6,6,4,1,0,1,0.666666667,0,0,0,0
166.225392580,11.568523367,0.040218078,0.412644185,nan,nan,6,6,4,1,0,1,0.666666667,0,0,0,0
167.196359158,11.628142270,0.040218078,0.412644185,nan,nan,6,6,4,1,0,1,0.666666667,0,0,0,0
168.197658300,11.688007509,0.040218078,0.412644185,nan,nan,6,6,4,1,0,1,0.666666667,0,0,0,0
169.196997166,11.747884425,0.040231858,0.412644185,nan,nan,6,6,4,1,0,1,0.666666667,0,0,0,0
170.209110737,11.807756649,0.040231858,0.412644185,nan,nan,6,6,4,1,0,1,0.666666667,0,0,0,0
171.190840721,11.877562771,0.040231858,0.412644185,nan,nan,6,6,4,1,0,1,0.666666667,0,0,0,0
172.213166237,11.947540379,0.040231858,0.412644185,nan,nan,6,6,4,1,0,1,0.666666667,0,0,0,0
173.219012976,12.007473705,0.040233111,0.412644185,nan,nan,6,6,4,1,0,1,0.666666667,0,0,0,0
174.202056408,12.087381844,0.040233111,0.412644185,nan,nan,6,6,4,1,0,1,0.666666667,0,0,0,0
175.224263430,12.157238469,0.040233111,0.412644185,nan,nan,6,6,4,1,0,1,0.666666667,0,0,0,0
176.208129883,12.217109741,0.040236869,0.412644185,nan,nan,6,6,4,1,0,1,0.666666667,0,0,0,0
177.191209316,12.287020102,0.040236869,0.412644185,nan,nan,6,6,4,1,0,1,0.666666667,0,0,0,0
178.182414055,12.356995135,0.040236869,0.412644185,nan,nan,6,6,4,1,0,1,0.666666667,0,0,0,0
179.214400291,12.426957397,0.040236869,0.412644185,nan,nan,6,6,4,1,0,1,0.666666667,0,0,0,0
180.200466633,12.496855458,0.040238121,0.412644185,nan,nan,6,6,4,1,0,1,0.666666667,0,0,0,0
181.234757900,12.566799007,0.040238121,0.412644185,nan,nan,6,6,4,1,0,1,0.666666667,0,0,0,0
182.186214447,12.636742587,0.040238121,0.412644185,nan,nan,6,6,4,1,0,1,0.666666667,0,0,0,0
183.199638367,12.706665757,0.040238121,0.412644185,nan,nan,6,6,4,1,0,1,0.666666667,0,0,0,0
184.204986811,12.776640319,0.040239374,0.412644185,nan,nan,6,6,4,1,0,1,0.666666667,0,0,0,0
185.208965540,12.836626697,0.040239374,0.412644185,nan,nan,6,6,4,1,0,1,0.666666667,0,0,0,0
186.254288197,12.906583684,0.040239374,0.412644185,nan,nan,6,6,4,1,0,1,0.666666667,0,0,0,0
187.188987255,12.976529755,0.040239374,0.412644185,nan,nan,6,6,4,1,0,1,0.666666667,0,0,0,0
188.197224379,13.046280870,0.040239374,0.412644185,nan,nan,6,6,4,1,0,1,0.666666667,0,0,0,0
189.216371536,13.106262252,0.040239374,0.412644185,nan,nan,6,6,4,1,0,1,0.666666667,0,0,0,0
190.207448006,13.176244649,0.040239374,0.412644185,nan,nan,6,6,4,1,0,1,0.666666667,0,0,0,0
191.191618919,13.246200126,0.040241880,0.412644185,nan,nan,6,6,4,1,0,1,0.666666667,0,0,0,0
192.192326307,13.316148888,0.040241880,0.412644185,nan,nan,6,6,4,1,0,1,0.666666667,0,0,0,0
193.214236021,13.396072807,0.040241880,0.412644185,nan,nan,6,6,4,1,0,1,0.666666667,0,0,0,0
194.233555794,13.456034596,0.040241880,0.412644185,nan,nan,6,6,4,1,0,1,0.666666667,0,0,0,0
195.216482162,13.555677999,0.040243132,0.412644185,nan,nan,6,6,4,1,0,1,0.666666667,0,0,0,0
196.191902637,13.615630215,0.040243132,0.412644185,nan,nan,6,6,4,1,0,1,0.666666667,0,0,0,0
197.197907686,13.685571834,0.040243132,0.412644185,nan,nan,6,6,4,1,0,1,0.666666667,0,0,0,0
198.191369295,13.775388594,0.040243132,0.412644185,nan,nan,6,6,4,1,0,1,0.666666667,0,0,0,0
199.186418533,13.855297745,0.040243132,0.412644185,nan,nan,6,6,4,1,0,1,0.666666667,0,0,0,0
200.214977503,13.915270922,0.040243132,0.412644185,nan,nan,6,6,4,1,0,1,0.666666667,0,0,0,0
201.198803902,13.975234889,0.040243132,0.412644185,nan,nan,6,6,4,1,0,1,0.666666667,0,0,0,0
202.189706087,14.055106453,0.040243132,0.412644185,nan,nan,6,6,4,1,0,1,0.666666667,0,0,0,0
203.213725328,14.115067346,0.040243132,0.412644185,nan,nan,6,6,4,1,0,1,0.666666667,0,0,0,0
204.189574718,14.175004759,0.040243132,0.412644185,nan,nan,6,6,4,1,0,1,0.666666667,0,0,0,0
205.220408440,14.244831952,0.040243132,0.412644185,nan,nan,6,6,4,1,0,1,0.666666667,0,0,0,0
206.220093489,14.314681060,0.040243132,0.412644185,nan,nan,6,6,4,1,0,1,0.666666667,0,0,0,0
207.197065115,14.384522520,0.040243132,0.412644185,nan,nan,6,6,4,1,0,1,0.666666667,0,0,0,0
208.205103397,14.464395820,0.040243132,0.412644185,nan,nan,6,6,4,1,0,1,0.666666667,0,0,0,0
209.189110994,14.534334518,0.040243132,0.412644185,nan,nan,6,6,4,1,0,1,0.666666667,0,0,0,0
210.225350618,14.594202037,0.040243132,0.412644185,nan,nan,6,6,4,1,0,1,0.666666667,0,0,0,0
211.194581032,14.664012883,0.040243132,0.412644185,nan,nan,6,6,4,1,0,1,0.666666667,0,0,0,0
212.196826220,14.723933858,0.040243132,0.412644185,nan,nan,6,6,4,1,0,1,0.666666667,0,0,0,0
213.218807697,14.793826145,0.040243132,0.412644185,nan,nan,6,6,4,1,0,1,0.666666667,0,0,0,0
214.194748402,14.863510677,0.040243132,0.412644185,nan,nan,6,6,4,1,0,1,0.666666667,0,0,0,0
215.206325531,14.933194320,0.040243132,0.412644185,nan,nan,6,6,4,1,0,1,0.666666667,0,0,0,0
216.243090391,14.993114961,0.040243132,0.412644185,nan,nan,6,6,4,1,0,1,0.666666667,0,0,0,0
217.191969872,15.063004943,0.040243132,0.412644185,nan,nan,6,6,4,1,0,1,0.666666667,0,0,0,0
218.201236486,15.132828609,0.040243132,0.412644185,nan,nan,6,6,4,1,0,1,0.666666667,0,0,0,0
219.210201025,15.202603394,0.040243132,0.412644185,nan,nan,6,6,4,1,0,1,0.666666667,0,0,0,0
220.202229023,15.282352753,0.040243132,0.412644185,nan,nan,6,6,4,1,0,1,0.666666667,0,0,0,0
221.208968639,15.352291106,0.040243132,0.412644185,nan,nan,6,6,4,1,0,1,0.666666667,0,0,0,0
222.201677561,15.412246387,0.040243132,0.412644185,nan,nan,6,6,4,1,0,1,0.666666667,0,0,0,0
223.221088409,15.472244665,0.040243132,0.412644185,nan,nan,6,6,4,1,0,1,0.666666667,0,0,0,0
224.196337223,15.532244658,0.040243132,0.412644185,nan,nan,6,6,4,1,0,1,0.666666667,0,0,0,0
225.189548492,15.602244650,0.040243132,0.412644185,nan,nan,6,6,4,1,0,1,0.666666667,0,0,0,0
226.212539434,15.662243230,0.040243132,0.412644185,nan,nan,6,6,4,1,0,1,0.666666667,0,0,0,0
227.187899351,15.732242995,0.040243132,0.412644185,nan,nan,6,6,4,1,0,1,0.666666667,0,0,0,0
228.193645477,15.792240322,0.040243132,0.412644185,nan,nan,6,6,4,1,0,1,0.666666667,0,0,0,0
229.190596819,15.862176285,0.040243132,0.412644185,nan,nan,6,6,4,1,0,1,0.666666667,0,0,0,0
230.214370489,15.932173678,0.040243132,0.412644185,nan,nan,6,6,4,1,0,1,0.666666667,0,0,0,0
231.195872068,16.012140803,0.040243132,0.412644185,nan,nan,6,6,4,1,0,1,0.666666667,0,0,0,0
232.196052790,16.091711073,0.040243132,0.412644185,nan,nan,6,6,4,1,0,1,0.666666667,0,0,0,0
233.197844028,16.159790900,0.040243132,0.412644185,nan,nan,6,6,4,1,0,1,0.666666667,0,0,0,0
234.203585863,16.223900202,0.040243132,0.412644185,nan,nan,6,6,4,1,0,1,0.666666667,0,0,0,0
235.206373692,16.274755082,0.040243132,0.412644185,nan,nan,6,6,4,1,0,1,0.666666667,0,0,0,0
236.207290888,16.322567063,0.040243132,0.412644185,nan,nan,6,6,4,1,0,1,0.666666667,0,0,0,0
237.199880123,16.370216146,0.040243132,0.412644185,nan,nan,6,6,4,1,0,1,0.666666667,0,0,0,0
240.092889786,16.417690892,0.040244385,0.412644185,nan,nan,7,7,5,1,0,1,0.714285714,0,0,0,0
240.178851366,16.475034407,0.040244385,0.412644185,nan,nan,7,7,5,1,0,1,0.714285714,0,0,0,0
241.220226526,16.497869218,0.040244385,0.412644185,nan,nan,7,7,5,1,0,1,0.714285714,0,0,0,0
242.231480837,16.501926623,0.040244385,0.412644185,nan,nan,7,7,5,1,0,1,0.714285714,0,0,0,0
243.202617407,16.512186132,0.040244385,0.412644185,nan,nan,7,7,5,1,0,1,0.714285714,0,0,0,0
244.196520567,16.531367011,0.040244385,0.412644185,nan,nan,7,7,5,1,0,1,0.714285714,0,0,0,0
245.185003281,16.550747825,0.040244385,0.412644185,nan,nan,7,7,5,1,0,1,0.714285714,0,0,0,0
246.225392818,16.570738562,0.040244385,0.412644185,nan,nan,7,7,5,1,0,1,0.714285714,0,0,0,0
247.229178190,16.585556209,0.040244385,0.412644185,nan,nan,7,7,5,1,0,1,0.714285714,0,0,0,0
248.186777115,16.598338330,0.040244385,0.412644185,nan,nan,7,7,5,1,0,1,0.714285714,0,0,0,0
249.219730854,16.608438125,0.040244385,0.412644185,nan,nan,7,7,5,1,0,1,0.714285714,0,0,0,0
250.216245413,16.615288019,0.040244385,0.412644185,nan,nan,7,7,5,1,0,1,0.714285714,0,0,0,0
251.183240891,16.618886526,0.040244385,0.412644185,nan,nan,7,7,5,1,0,1,0.714285714,0,0,0,0
252.200278521,16.621130892,0.040244385,0.412644185,nan,nan,7,7,5,1,0,1,0.714285714,0,0,0,0
253.197299242,16.621563207,0.040244385,0.412644185,nan,nan,7,7,5,1,0,1,0.714285714,0,0,0,0
254.218100071,16.622995615,0.040244385,0.412644185,nan,nan,7,7,5,1,0,1,0.714285714,0,0,0,0
255.204447746,16.626421867,0.040244385,0.412644185,nan,nan,7,7,5,1,0,1,0.714285714,0,0,0,0
256.204844236,16.630016377,0.040244385,0.412644185,nan,nan,7,7,5,1,0,1,0.714285714,0,0,0,0
257.185282707,16.637469988,0.040244385,0.412644185,nan,nan,7,7,5,1,0,1,0.714285714,0,0,0,0
258.233219147,16.649509935,0.040244385,0.412644185,nan,nan,7,7,5,1,0,1,0.714285714,0,0,0,0
259.200610876,16.669224958,0.040244385,0.412644185,nan,nan,7,7,5,1,0,1,0.714285714,0,0,0,0
260.196206808,16.696710518,0.040244385,0.412644185,nan,nan,7,7,5,1,0,1,0.714285714,0,0,0,0
261.207350969,16.732154061,0.040244385,0.412644185,nan,nan,7,7,5,1,0,1,0.714285714,0,0,0,0
262.199571371,16.778181051,0.040244385,0.412644185,nan,nan,7,7,5,1,0,1,0.714285714,0,0,0,0
263.188510418,16.841023078,0.040244385,0.412644185,nan,nan,7,7,5,1,0,1,0.714285714,0,0,0,0
264.195141554,16.898669719,0.040244385,0.412644185,nan,nan,7,7,5,1,0,1,0.714285714,0,0,0,0
265.187293768,16.958543083,0.040244385,0.412644185,nan,nan,7,7,5,1,0,1,0.714285714,0,0,0,0
266.256005049,17.028287106,0.040244385,0.412644185,nan,nan,7,7,5,1,0,1,0.714285714,0,0,0,0
267.192698002,17.098113087,0.040244385,0.412644185,nan,nan,7,7,5,1,0,1,0.714285714,0,0,0,0
268.217830181,17.168079313,0.040244385,0.412644185,nan,nan,7,7,5,1,0,1,0.714285714,0,0,0,0
269.215449333,17.238022302,0.040244385,0.412644185,nan,nan,7,7,5,1,0,1,0.714285714,0,0,0,0
270.265533924,17.307970281,0.040244385,0.412644185,nan,nan,7,7,5,1,0,1,0.714285714,0,0,0,0
271.189291954,17.377970192,0.040244385,0.412644185,nan,nan,7,7,5,1,0,1,0.714285714,0,0,0,0
272.232772589,17.427965273,0.040244385,0.412644185,nan,nan,7,7,5,1,0,1,0.714285714,0,0,0,0
273.195833445,17.507915665,0.040244385,0.412644185,nan,nan,7,7,5,1,0,1,0.714285714,0,0,0,0
274.186118364,17.577915025,0.040244385,0.412644185,nan,nan,7,7,5,1,0,1,0.714285714,0,0,0,0
275.202897310,17.647903445,0.040244385,0.412644185,nan,nan,7,7,5,1,0,1,0.714285714,0,0,0,0
276.232951164,17.727828096,0.040244385,0.412644185,nan,nan,7,7,5,1,0,1,0.714285714,0,0,0,0
277.187033653,17.817793542,0.040244385,0.412644185,nan,nan,7,7,5,1,0,1,0.714285714,0,0,0,0
278.193424940,17.877787127,0.040244385,0.412644185,nan,nan,7,7,5,1,0,1,0.714285714,0,0,0,0
279.212436676,17.937750596,0.040244385,0.412644185,nan,nan,7,7,5,1,0,1,0.714285714,0,0,0,0
280.209599257,17.997728787,0.040244385,0.412644185,nan,nan,7,7,5,1,0,1,0.714285714,0,0,0,0
281.196938038,18.067703580,0.040244385,0.412644185,nan,nan,7,7,5,1,0,1,0.714285714,0,0,0,0
282.223236561,18.137621403,0.040244385,0.412644185,nan,nan,7,7,5,1,0,1,0.714285714,0,0,0,0
283.188166142,18.197558016,0.040244385,0.412644185,nan,nan,7,7,5,1,0,1,0.714285714,0,0,0,0
284.196951151,18.267517320,0.040244385,0.412644185,nan,nan,7,7,5,1,0,1,0.714285714,0,0,0,0
285.221399069,18.357478983,0.040244385,0.412644185,nan,nan,7,7,5,1,0,1,0.714285714,0,0,0,0
286.202583075,18.427456428,0.040244385,0.412644185,nan,nan,7,7,5,1,0,1,0.714285714,0,0,0,0
287.213234663,18.487413358,0.040244385,0.412644185,nan,nan,7,7,5,1,0,1,0.714285714,0,0,0,0
288.222300768,18.557350696,0.040244385,0.412644185,nan,nan,7,7,5,1,0,1,0.714285714,0,0,0,0
289.212095499,18.617191499,0.040244385,0.412644185,nan,nan,7,7,5,1,0,1,0.714285714,0,0,0,0
290.215808868,18.677113282,0.040244385,0.412644185,nan,nan,7,7,5,1,0,1,0.714285714,0,0,0,0
291.262626171,18.747015773,0.040244385,0.412644185,nan,nan,7,7,5,1,0,1,0.714285714,0,0,0,0
292.203023195,18.816872739,0.040244385,0.412644185,nan,nan,7,7,5,1,0,1,0.714285714,0,0,0,0
293.255263567,18.876741236,0.040244385,0.412644185,nan,nan,7,7,5,1,0,1,0.714285714,0,0,0,0
294.199643135,18.946602441,0.040244385,0.412644185,nan,nan,7,7,5,1,0,1,0.714285714,0,0,0,0
295.200852394,19.016518523,0.040244385,0.412644185,nan,nan,7,7,5,1,0,1,0.714285714,0,0,0,0
296.175940037,19.086489716,0.040244385,0.412644185,nan,nan,7,7,5,1,0,1,0.714285714,0,0,0,0
297.217908859,19.156459073,0.040244385,0.412644185,nan,nan,7,7,5,1,0,1,0.714285714,0,0,0,0
298.201360941,19.226366622,0.040244385,0.412644185,nan,nan,7,7,5,1,0,1,0.714285714,0,0,0,0
299.184565544,19.286280787,0.040244385,0.412644185,nan,nan,7,7,5,1,0,1,0.714285714,0,0,0,0
300.202837944,19.346108102,0.040244385,0.412644185,nan,nan,7,7,5,1,0,1,0.714285714,0,0,0,0
301.205856562,19.436103899,0.040244385,0.412644185,nan,nan,7,7,5,1,0,1,0.714285714,0,0,0,0
302.240183115,19.486037811,0.040244385,0.412644185,nan,nan,7,7,5,1,0,1,0.714285714,0,0,0,0
303.250247717,19.555844549,0.040244385,0.412644185,nan,nan,7,7,5,1,0,1,0.714285714,0,0,0,0
304.201502323,19.615829382,0.040244385,0.412644185,nan,nan,7,7,5,1,0,1,0.714285714,0,0,0,0
305.182495594,19.695815465,0.040244385,0.412644185,nan,nan,7,7,5,1,0,1,0.714285714,0,0,0,0
306.213764191,19.745770567,0.040244385,0.412644185,nan,nan,7,7,5,1,0,1,0.714285714,0,0,0,0
307.215517044,19.815656758,0.040244385,0.412644185,nan,nan,7,7,5,1,0,1,0.714285714,0,0,0,0
308.199046373,19.875641952,0.040244385,0.412644185,nan,nan,7,7,5,1,0,1,0.714285714,0,0,0,0
309.211985350,19.935567943,0.040244385,0.412644185,nan,nan,7,7,5,1,0,1,0.714285714,0,0,0,0
310.191205025,20.015467844,0.040244385,0.412644185,nan,nan,7,7,5,1,0,1,0.714285714,0,0,0,0
311.194931507,20.095285843,0.040244385,0.412644185,nan,nan,7,7,5,1,0,1,0.714285714,0,0,0,0
312.189802408,20.175212368,0.040244385,0.412644185,nan,nan,7,7,5,1,0,1,0.714285714,0,0,0,0
313.189483643,20.265080440,0.040244385,0.412644185,nan,nan,7,7,5,1,0,1,0.714285714,0,0,0,0
314.179858446,20.364965509,0.040244385,0.412644185,nan,nan,7,7,5,1,0,1,0.714285714,0,0,0,0
315.196807384,20.464745418,0.040244385,0.412644185,nan,nan,7,7,5,1,0,1,0.714285714,0,0,0,0
316.196718931,20.564628388,0.040244385,0.412644185,nan,nan,7,7,5,1,0,1,0.714285714,0,0,0,0
317.186678886,20.664414494,0.040244385,0.412644185,nan,nan,7,7,5,1,0,1,0.714285714,0,0,0,0
318.190183878,20.764247925,0.040244385,0.412644185,nan,nan,7,7,5,1,0,1,0.714285714,0,0,0,0
319.191290379,20.864087525,0.040244385,0.412644185,nan,nan,7,7,5,1,0,1,0.714285714,0,0,0,0
320.191967249,20.963796458,0.040244385,0.412644185,nan,nan,7,7,5,1,0,1,0.714285714,0,0,0,0
321.255631447,21.033594612,0.040244385,0.412644185,nan,nan,7,7,5,1,0,1,0.714285714,0,0,0,0
322.218700409,21.123210195,0.040244385,0.412644185,nan,nan,7,7,5,1,0,1,0.714285714,0,0,0,0
323.179337978,21.172984123,0.040244385,0.412644185,nan,nan,7,7,5,1,0,1,0.714285714,0,0,0,0
324.183704138,21.232685297,0.040244385,0.412644185,nan,nan,7,7,5,1,0,1,0.714285714,0,0,0,0
325.180987597,21.292541611,0.040246891,0.412644185,nan,nan,7,7,5,1,0,1,0.714285714,0,0,0,0
326.188274384,21.381940109,0.040246891,0.412644185,nan,nan,7,7,5,1,0,1,0.714285714,0,0,0,0
327.185012579,21.471500656,0.040246891,0.412644185,nan,nan,7,7,5,1,0,1,0.714285714,0,0,0,0
328.180659294,21.551468976,0.040248143,0.412644185,nan,nan,7,7,5,1,0,1,0.714285714,0,0,0,0
329.217312098,21.641143877,0.040248143,0.412644185,nan,nan,7,7,5,1,0,1,0.714285714,0,0,0,0
330.229233980,21.721075080,0.040248143,0.412644185,nan,nan,7,7,5,1,0,1,0.714285714,0,0,0,0
331.191578150,21.800922988,0.040249396,0.412644185,nan,nan,7,7,5,1,0,1,0.714285714,0,0,0,0
332.240450859,21.870898453,0.040249396,0.412644185,nan,nan,7,7,5,1,0,1,0.714285714,0,0,0,0
333.205496550,21.950856131,0.040249396,0.412644185,nan,nan,7,7,5,1,0,1,0.714285714,0,0,0,0
334.186705589,22.040774347,0.040251902,0.412644185,nan,nan,7,7,5,1,0,1,0.714285714,0,0,0,0
335.207814217,22.130395954,0.040251902,0.412644185,nan,nan,7,7,5,1,0,1,0.714285714,0,0,0,0
336.200842857,22.239812374,0.040251902,0.412644185,nan,nan,7,7,5,1,0,1,0.714285714,0,0,0,0
337.212300062,22.369564363,0.040256913,0.412644185,nan,nan,7,7,5,1,0,1,0.714285714,0,0,0,0
338.191294670,22.489089191,0.040256913,0.412644185,nan,nan,7,7,5,1,0,1,0.714285714,0,0,0,0
339.198640823,22.618466258,0.040258165,0.412644185,nan,nan,7,7,5,1,0,1,0.714285714,0,0,0,0
340.182466507,22.737903201,0.040258165,0.412644185,nan,nan,7,7,5,1,0,1,0.714285714,0,0,0,0
341.217962027,22.857620412,0.040258165,0.412644185,nan,nan,7,7,5,1,0,1,0.714285714,0,0,0,0
342.200341463,22.977372047,0.040258165,0.412644185,nan,nan,7,7,5,1,0,1,0.714285714,0,0,0,0
343.200372696,23.117191599,0.040258165,0.412644185,nan,nan,7,7,5,1,0,1,0.714285714,0,0,0,0
344.184518337,23.256874409,0.040258165,0.412644185,nan,nan,7,7,5,1,0,1,0.714285714,0,0,0,0
345.202524662,23.384634960,0.040260671,0.412644185,nan,nan,7,7,5,1,0,1,0.714285714,0,0,0,0
346.186259508,23.511030969,0.040260671,0.412644185,nan,nan,7,7,5,1,0,1,0.714285714,0,0,0,0
347.196938038,23.653360511,0.040264429,0.412644185,nan,nan,7,7,5,1,0,1,0.714285714,0,0,0,0
348.179973841,23.790886073,0.040264429,0.412644185,nan,nan,7,7,5,1,0,1,0.714285714,0,0,0,0
349.207556725,23.919903904,0.040268187,0.412644185,nan,nan,7,7,5,1,0,1,0.714285714,0,0,0,0
350.316707373,24.029692969,0.040268187,0.412644185,nan,nan,7,7,5,1,0,1,0.714285714,0,0,0,0
351.192240715,24.159152152,0.040270693,0.412644185,nan,nan,7,7,5,1,0,1,0.714285714,0,0,0,0
352.197791576,24.299023469,0.040270693,0.412644185,nan,nan,7,7,5,1,0,1,0.714285714,0,0,0,0
353.193174124,24.428987651,0.040278209,0.412699886,nan,nan,7,7,5,1,0,1,0.714285714,0,0,0,0
354.178238630,24.548987538,0.040279462,0.412699886,nan,nan,7,7,5,1,0,1,0.714285714,0,0,0,0
355.197097540,24.658954743,0.040279462,0.412699886,nan,nan,7,7,5,1,0,1,0.714285714,0,0,0,0
356.192423344,24.748949527,0.040279462,0.412699886,nan,nan,7,7,5,1,0,1,0.714285714,0,0,0,0
357.189741611,24.858949504,0.040243132,0.412008262,nan,nan,7,7,5,1,0,1,0.714285714,0,0,0,0
358.197360992,24.968949483,0.040243132,0.412008262,nan,nan,7,7,5,1,0,1,0.714285714,0,0,0,0
359.197213411,25.088937015,0.040254407,0.412082531,nan,nan,7,7,5,1,0,1,0.714285714,0,0,0,0
360.176158428,25.218757058,0.040254407,0.412082531,nan,nan,7,7,5,1,0,1,0.714285714,0,0,0,0
361.187087536,25.338522113,0.040271946,0.412133590,nan,nan,7,7,5,1,0,1,0.714285714,0,0,0,0
362.225763321,25.448454385,0.040271946,0.412133590,nan,nan,7,7,5,1,0,1,0.714285714,0,0,0,0
363.182853460,25.578404768,0.040305770,0.412467798,nan,nan,7,7,5,1,0,1,0.714285714,0,0,0,0
364.219174147,25.698238206,0.040305770,0.412467798,nan,nan,7,7,5,1,0,1,0.714285714,0,0,0,0
365.189758539,25.818111935,0.040339594,0.412848423,nan,nan,7,7,5,1,0,1,0.714285714,0,0,0,0
366.181608677,25.938000292,0.040339594,0.412848423,nan,nan,7,7,5,1,0,1,0.714285714,0,0,0,0
367.197601080,26.047972286,0.040365901,0.413089795,nan,nan,7,7,5,1,0,1,0.714285714,0,0,0,0
368.215338945,26.167761982,0.040365901,0.413089795,nan,nan,7,7,5,1,0,1,0.714285714,0,0,0,0
369.197212934,26.287678834,0.040365901,0.413089795,nan,nan,7,7,5,1,0,1,0.714285714,0,0,0,0
370.208705187,26.407388959,0.040395967,0.413410077,nan,nan,7,7,5,1,0,1,0.714285714,0,0,0,0
371.190538645,26.517240678,0.040395967,0.413410077,nan,nan,7,7,5,1,0,1,0.714285714,0,0,0,0
372.201455116,26.637112730,0.040407242,0.413502913,nan,nan,7,7,5,1,0,1,0.714285714,0,0,0,0
373.184693813,26.746921282,0.040407242,0.413502913,nan,nan,7,7,5,1,0,1,0.714285714,0,0,0,0
374.206322432,26.866842883,0.040418517,0.413595748,nan,nan,7,7,5,1,0,1,0.714285714,0,0,0,0
375.184620619,26.976389195,0.040418517,0.413595748,nan,nan,7,7,5,1,0,1,0.714285714,0,0,0,0
376.194633245,27.096229464,0.040446077,0.413929956,nan,nan,7,7,5,1,0,1,0.714285714,0,0,0,0
377.204368353,27.215246062,0.040446077,0.413929956,nan,nan,7,7,5,1,0,1,0.714285714,0,0,0,0
378.181367159,27.334750971,0.040474890,0.414171328,nan,nan,7,7,5,1,0,1,0.714285714,0,0,0,0
379.189842701,27.454484683,0.040474890,0.414171328,nan,nan,7,7,5,1,0,1,0.714285714,0,0,0,0
380.189678431,27.584394127,0.040545044,0.414904728,nan,nan,7,7,5,1,0,1,0.714285714,0,0,0,0
381.192941427,27.714161445,0.040545044,0.414904728,nan,nan,7,7,5,1,0,1,0.714285714,0,0,0,0
382.211453915,27.854087038,0.040583879,0.415489591,nan,nan,7,7,5,1,0,1,0.714285714,0,0,0,0
383.189564705,27.993873679,0.040583879,0.415489591,nan,nan,7,7,5,1,0,1,0.714285714,0,0,0,0
384.224014521,28.143005606,0.040724186,0.417077077,nan,nan,7,7,5,1,0,1,0.714285714,0,0,0,0
385.184597731,28.291899913,0.040724186,0.417077077,nan,nan,7,7,5,1,0,1,0.714285714,0,0,0,0
386.189451694,28.436636911,0.040853219,0.418687771,nan,nan,7,7,5,1,0,1,0.714285714,0,0,0,0
387.192075253,28.569556805,0.041076207,0.421101492,nan,nan,7,7,5,1,0,1,0.714285714,0,0,0,0
388.202650547,28.714802116,0.041076207,0.421101492,nan,nan,7,7,5,1,0,1,0.714285714,0,0,0,0
389.192755222,28.853981439,0.041374360,0.422410472,nan,nan,7,7,5,1,0,1,0.714285714,0,0,0,0
390.198206663,28.993706090,0.041374360,0.422410472,nan,nan,7,7,5,1,0,1,0.714285714,0,0,0,0
391.185629845,29.153436487,0.041906776,0.423431662,nan,nan,7,7,5,1,0,1,0.714285714,0,0,0,0
392.184345245,29.293267242,0.041906776,0.423431662,nan,nan,7,7,5,1,0,1,0.714285714,0,0,0,0
393.194462538,29.433152859,0.042703521,0.424652447,nan,nan,7,7,5,1,0,1,0.714285714,0,0,0,0
394.191092491,29.573016231,0.043374991,0.426212083,nan,nan,7,7,5,1,0,1,0.714285714,0,0,0,0
395.199702978,29.732822656,0.043374991,0.426212083,nan,nan,7,7,5,1,0,1,0.714285714,0,0,0,0
396.183705330,29.882656426,0.043694441,0.427688166,nan,nan,7,7,5,1,0,1,0.714285714,0,0,0,0
397.196182013,30.032449361,0.043694441,0.427688166,nan,nan,7,7,5,1,0,1,0.714285714,0,0,0,0
398.220198393,30.182131629,0.043772111,0.428491192,nan,nan,7,7,5,1,0,1,0.714285714,0,0,0,0
399.206950188,30.321017091,0.043868572,0.429670202,nan,nan,7,7,5,1,0,1,0.714285714,0,0,0,0
400.196756124,30.469835009,0.043868572,0.429670202,nan,nan,7,7,5,1,0,1,0.714285714,0,0,0,0
401.196033001,30.616756486,0.043967539,0.430877063,nan,nan,7,7,5,1,0,1,0.714285714,0,0,0,0
402.196352482,30.751228259,0.043967539,0.430877063,nan,nan,7,7,5,1,0,1,0.714285714,0,0,0,0
403.206433296,30.890022769,0.044066506,0.432125699,nan,nan,7,7,5,1,0,1,0.714285714,0,0,0,0
404.186087608,31.018801840,0.044174242,0.433527514,nan,nan,7,7,5,1,0,1,0.714285714,0,0,0,0
405.212924480,31.158116357,0.044174242,0.433527514,nan,nan,7,7,5,1,0,1,0.714285714,0,0,0,0
406.204917192,31.297540088,0.044279472,0.434920045,nan,nan,7,7,5,1,0,1,0.714285714,0,0,0,0
407.198770285,31.416971428,0.044279472,0.434920045,nan,nan,7,7,5,1,0,1,0.714285714,0,0,0,0
408.206736326,31.546888118,0.044397230,0.436386845,nan,nan,7,7,5,1,0,1,0.714285714,0,0,0,0
409.192493200,31.666838997,0.044397230,0.436386845,nan,nan,7,7,5,1,0,1,0.714285714,0,0,0,0
410.184880972,31.776776695,0.044598922,0.439041938,nan,nan,7,7,5,1,0,1,0.714285714,0,0,0,0
411.181981802,31.886776584,0.044598922,0.439041938,nan,nan,7,7,5,1,0,1,0.714285714,0,0,0,0
412.196248293,32.006754953,0.045012327,0.443948291,nan,nan,7,7,5,1,0,1,0.714285714,0,0,0,0
413.200205088,32.126699708,0.045012327,0.443948291,nan,nan,7,7,5,1,0,1,0.714285714,0,0,0,0
414.189418077,32.256693416,0.045012327,0.443948291,nan,nan,7,7,5,1,0,1,0.714285714,0,0,0,0
415.230117083,32.406690186,0.045250348,0.446946875,nan,nan,7,7,5,1,0,1,0.714285714,0,0,0,0
416.201485634,32.536662323,0.045271645,0.447123262,nan,nan,7,7,5,1,0,1,0.714285714,0,0,0,0
417.182870388,32.656589840,0.045271645,0.447123262,nan,nan,7,7,5,1,0,1,0.714285714,0,0,0,0
418.201696157,32.774532193,0.045272898,0.447141829,nan,nan,7,7,5,1,0,1,0.714285714,0,0,0,0
419.203948736,32.884837802,0.045272898,0.447141829,nan,nan,7,7,5,1,0,1,0.714285714,0,0,0,0
420.177805901,32.984069985,0.045274150,0.447141829,nan,nan,7,7,5,1,0,1,0.714285714,0,0,0,0
423.379987478,33.061409885,0.045274150,0.447141829,nan,nan,8,8,6,1,0,1,0.750000000,0,0,0,0
424.188499928,33.159559374,0.045274150,0.447141829,nan,nan,8,8,6,1,0,1,0.750000000,0,0,0,0
425.180469990,33.200569682,0.045274150,0.447141829,nan,nan,8,8,6,1,0,1,0.750000000,0,0,0,0
426.205512524,33.258314743,0.045274150,0.447141829,nan,nan,8,8,6,1,0,1,0.750000000,0,0,0,0
427.184072256,33.292548060,0.045274150,0.447141829,nan,nan,8,8,6,1,0,1,0.750000000,0,0,0,0
428.198854446,33.320439090,0.045274150,0.447141829,nan,nan,8,8,6,1,0,1,0.750000000,0,0,0,0
429.181702137,33.343881247,0.045276656,0.447160396,nan,nan,8,8,6,1,0,1,0.750000000,0,0,0,0
430.195227146,33.350430902,0.045276656,0.447160396,nan,nan,8,8,6,1,0,1,0.750000000,0,0,0,0
431.181975842,33.356547098,0.045276656,0.447160396,nan,nan,8,8,6,1,0,1,0.750000000,0,0,0,0
432.202507496,33.368803476,0.045276656,0.447160396,nan,nan,8,8,6,1,0,1,0.750000000,0,0,0,0
433.191222191,33.391154886,0.045276656,0.447160396,nan,nan,8,8,6,1,0,1,0.750000000,0,0,0,0
434.201612949,33.424140809,0.045276656,0.447160396,nan,nan,8,8,6,1,0,1,0.750000000,0,0,0,0
435.181701660,33.477152891,0.045276656,0.447160396,nan,nan,8,8,6,1,0,1,0.750000000,0,0,0,0
436.223746538,33.566711280,0.045276656,0.447160396,nan,nan,8,8,6,1,0,1,0.750000000,0,0,0,0
437.200114727,33.663811815,0.045276656,0.447160396,nan,nan,8,8,6,1,0,1,0.750000000,0,0,0,0
438.201637030,33.795272670,0.045276656,0.447160396,nan,nan,8,8,6,1,0,1,0.750000000,0,0,0,0
439.195780516,33.915023969,0.045276656,0.447160396,nan,nan,8,8,6,1,0,1,0.750000000,0,0,0,0
440.195445538,34.044761316,0.045277909,0.447160396,nan,nan,8,8,6,1,0,1,0.750000000,0,0,0,0
441.219228983,34.184615940,0.045277909,0.447160396,nan,nan,8,8,6,1,0,1,0.750000000,0,0,0,0
442.181255341,34.304588881,0.045277909,0.447160396,nan,nan,8,8,6,1,0,1,0.750000000,0,0,0,0
443.187876463,34.424588421,0.045277909,0.447160396,nan,nan,8,8,6,1,0,1,0.750000000,0,0,0,0
444.212260962,34.544581284,0.045280414,0.447160396,nan,nan,8,8,6,1,0,1,0.750000000,0,0,0,0
445.193740129,34.654570323,0.045280414,0.447160396,nan,nan,8,8,6,1,0,1,0.750000000,0,0,0,0
446.193063021,34.794570116,0.045334282,0.447912363,nan,nan,8,8,6,1,0,1,0.750000000,0,0,0,0
447.221562147,34.934566767,0.045334282,0.447912363,nan,nan,8,8,6,1,0,1,0.750000000,0,0,0,0
448.196907282,35.074565162,0.045390656,0.448645763,nan,nan,8,8,6,1,0,1,0.750000000,0,0,0,0
449.201424122,35.204478221,0.045434502,0.449230626,nan,nan,8,8,6,1,0,1,0.750000000,0,0,0,0
450.180903196,35.344348397,0.045434502,0.449230626,nan,nan,8,8,6,1,0,1,0.750000000,0,0,0,0
451.180119276,35.473855504,0.045477095,0.449778355,nan,nan,8,8,6,1,0,1,0.750000000,0,0,0,0
452.207474709,35.601230400,0.045477095,0.449778355,nan,nan,8,8,6,1,0,1,0.750000000,0,0,0,0
453.225958824,35.727231610,0.045519688,0.450307517,nan,nan,8,8,6,1,0,1,0.750000000,0,0,0,0
454.196550369,35.845522180,0.045519688,0.450307517,nan,nan,8,8,6,1,0,1,0.750000000,0,0,0,0
455.200777292,35.950561040,0.045566040,0.450771694,nan,nan,8,8,6,1,0,1,0.750000000,0,0,0,0
456.230196714,36.049998883,0.045566040,0.450771694,nan,nan,8,8,6,1,0,1,0.750000000,0,0,0,0
457.227998495,36.154897761,0.045597358,0.451189454,nan,nan,8,8,6,1,0,1,0.750000000,0,0,0,0
458.189557552,36.231210158,0.045597358,0.451189454,nan,nan,8,8,6,1,0,1,0.750000000,0,0,0,0
459.186174154,36.314846159,0.045681292,0.452247778,nan,nan,8,8,6,1,0,1,0.750000000,0,0,0,0
460.187852383,36.389677056,0.045681292,0.452247778,nan,nan,8,8,6,1,0,1,0.750000000,0,0,0,0
461.199885130,36.459823988,0.045710105,0.452544851,nan,nan,8,8,6,1,0,1,0.750000000,0,0,0,0
462.197283268,36.532956677,0.045736413,0.452888342,nan,nan,8,8,6,1,0,1,0.750000000,0,0,0,0
463.177776098,36.605146547,0.045736413,0.452888342,nan,nan,8,8,6,1,0,1,0.750000000,0,0,0,0
464.190430403,36.685869728,0.045743929,0.452962611,nan,nan,8,8,6,1,0,1,0.750000000,0,0,0,0
465.226073027,36.774306284,0.045743929,0.452962611,nan,nan,8,8,6,1,0,1,0.750000000,0,0,0,0
466.201100588,36.860910530,0.045781512,0.453417504,nan,nan,8,8,6,1,0,1,0.750000000,0,0,0,0
467.187040806,36.974005819,0.045781512,0.453417504,nan,nan,8,8,6,1,0,1,0.750000000,0,0,0,0
468.202809572,37.103633180,0.045856676,0.454011651,nan,nan,8,8,6,1,0,1,0.750000000,0,0,0,0
469.198816061,37.233632389,0.045856676,0.454011651,nan,nan,8,8,6,1,0,1,0.750000000,0,0,0,0
470.182642460,37.343631941,0.046074653,0.454401560,nan,nan,8,8,6,1,0,1,0.750000000,0,0,0,0
471.225841045,37.463631592,0.046074653,0.454401560,nan,nan,8,8,6,1,0,1,0.750000000,0,0,0,0
472.197056770,37.583631241,0.046554454,0.454875020,nan,nan,8,8,6,1,0,1,0.750000000,0,0,0,0
473.226422548,37.703624691,0.046554454,0.454875020,nan,nan,8,8,6,1,0,1,0.750000000,0,0,0,0
474.220904827,37.823513407,0.046941552,0.455571286,nan,nan,8,8,6,1,0,1,0.750000000,0,0,0,0
475.230019808,37.953473997,0.046941552,0.455571286,nan,nan,8,8,6,1,0,1,0.750000000,0,0,0,0
476.217323542,38.063408400,0.047326144,0.457103071,nan,nan,8,8,6,1,0,1,0.750000000,0,0,0,0
477.237184286,38.183395020,0.047326144,0.457103071,nan,nan,8,8,6,1,0,1,0.750000000,0,0,0,0
478.235559702,38.313337326,0.047606759,0.458495602,nan,nan,8,8,6,1,0,1,0.750000000,0,0,0,0
479.262320280,38.443326969,0.047606759,0.458495602,nan,nan,8,8,6,1,0,1,0.750000000,0,0,0,0
480.195872307,38.563306978,0.047658121,0.458931928,nan,nan,8,8,6,1,0,1,0.750000000,0,0,0,0
481.209954023,38.683282853,0.047658121,0.458931928,nan,nan,8,8,6,1,0,1,0.750000000,0,0,0,0
482.185627699,38.823280390,0.047679418,0.459080465,nan,nan,8,8,6,1,0,1,0.750000000,0,0,0,0
483.184891939,38.963274101,0.047679418,0.459080465,nan,nan,8,8,6,1,0,1,0.750000000,0,0,0,0
484.209840536,39.103274080,0.047683176,0.459089749,nan,nan,8,8,6,1,0,1,0.750000000,0,0,0,0
485.218341589,39.233271464,0.047683176,0.459089749,nan,nan,8,8,6,1,0,1,0.750000000,0,0,0,0
486.227415323,39.373238793,0.047684429,0.459089749,nan,nan,8,8,6,1,0,1,0.750000000,0,0,0,0
487.185693502,39.503230881,0.047684429,0.459089749,nan,nan,8,8,6,1,0,1,0.750000000,0,0,0,0
488.201271534,39.643230845,0.047689440,0.459089749,nan,nan,8,8,6,1,0,1,0.750000000,0,0,0,0
489.181216955,39.773165055,0.047689440,0.459089749,nan,nan,8,8,6,1,0,1,0.750000000,0,0,0,0
490.182595015,39.903111919,0.047693198,0.459089749,nan,nan,8,8,6,1,0,1,0.750000000,0,0,0,0
491.204688072,40.043110959,0.047694451,0.459089749,nan,nan,8,8,6,1,0,1,0.750000000,0,0,0,0
492.185627460,40.173042242,0.047694451,0.459089749,nan,nan,8,8,6,1,0,1,0.750000000,0,0,0,0
493.202248335,40.312999272,0.047695704,0.459089749,nan,nan,8,8,6,1,0,1,0.750000000,0,0,0,0
494.180807114,40.442875540,0.047695704,0.459089749,nan,nan,8,8,6,1,0,1,0.750000000,0,0,0,0
495.189515829,40.582776048,0.047698209,0.459089749,nan,nan,8,8,6,1,0,1,0.750000000,0,0,0,0
496.202569485,40.712743871,0.047698209,0.459089749,nan,nan,8,8,6,1,0,1,0.750000000,0,0,0,0
497.179671764,40.842742809,0.047700715,0.459089749,nan,nan,8,8,6,1,0,1,0.750000000,0,0,0,0
498.182277918,40.972718322,0.047700715,0.459089749,nan,nan,8,8,6,1,0,1,0.750000000,0,0,0,0
499.230717659,41.109600296,0.047700715,0.459089749,nan,nan,8,8,6,1,0,1,0.750000000,0,0,0,0
500.178980350,41.216758606,0.047700715,0.459089749,nan,nan,8,8,6,1,0,1,0.750000000,0,0,0,0
501.179890871,41.344191898,0.047701967,0.459089749,nan,nan,8,8,7,1,0,1,0.875000000,0,0,0,0
504.285849094,41.407486542,0.047701967,0.459089749,nan,nan,9,9,7,1,0,1,0.777777778,0,0,0,0
505.194080353,41.450759347,0.047703220,0.459089749,nan,nan,9,9,7,1,0,1,0.777777778,0,0,0,0
506.182924747,41.497817911,0.047703220,0.459089749,nan,nan,9,9,7,1,0,1,0.777777778,0,0,0,0
507.193627119,41.567614414,0.047703220,0.459089749,nan,nan,9,9,7,1,0,1,0.777777778,0,0,0,0
508.202298880,41.618510953,0.047703220,0.459089749,nan,nan,9,9,7,1,0,1,0.777777778,0,0,0,0
509.181494713,41.657039569,0.047703220,0.459089749,nan,nan,9,9,7,1,0,1,0.777777778,0,0,0,0
510.192446709,41.676359991,0.047703220,0.459089749,nan,nan,9,9,7,1,0,1,0.777777778,0,0,0,0
511.193235159,41.681772261,0.047703220,0.459089749,nan,nan,9,9,7,1,0,1,0.777777778,0,0,0,0
512.209019184,41.684153097,0.047703220,0.459089749,nan,nan,9,9,7,1,0,1,0.777777778,0,0,0,0
513.204038620,41.695065385,0.047703220,0.459089749,nan,nan,9,9,7,1,0,1,0.777777778,0,0,0,0
514.203928947,41.716252182,0.047703220,0.459089749,nan,nan,9,9,7,1,0,1,0.777777778,0,0,0,0
515.193806887,41.751939677,0.047703220,0.459089749,nan,nan,9,9,7,1,0,1,0.777777778,0,0,0,0
516.191422939,41.826109785,0.047703220,0.459089749,nan,nan,9,9,7,1,0,1,0.777777778,0,0,0,0
517.199576378,41.931159794,0.047703220,0.459089749,nan,nan,9,9,7,1,0,1,0.777777778,0,0,0,0
518.184513330,42.060754024,0.047705726,0.459089749,nan,nan,9,9,7,1,0,1,0.777777778,0,0,0,0
519.195480585,42.190752251,0.047705726,0.459089749,nan,nan,9,9,7,1,0,1,0.777777778,0,0,0,0
520.202682018,42.320752007,0.047708231,0.459089749,nan,nan,9,9,7,1,0,1,0.777777778,0,0,0,0
521.191349030,42.460751890,0.047708231,0.459089749,nan,nan,9,9,7,1,0,1,0.777777778,0,0,0,0
522.200291872,42.600751853,0.047708231,0.459089749,nan,nan,9,9,7,1,0,1,0.777777778,0,0,0,0
523.205486536,42.730751836,0.047708231,0.459089749,nan,nan,9,9,7,1,0,1,0.777777778,0,0,0,0
524.221109867,42.860751819,0.047709484,0.459089749,nan,nan,9,9,7,1,0,1,0.777777778,0,0,0,0
525.189478874,42.990721607,0.047709484,0.459089749,nan,nan,9,9,7,1,0,1,0.777777778,0,0,0,0
526.194208622,43.130721575,0.047709484,0.459089749,nan,nan,9,9,7,1,0,1,0.777777778,0,0,0,0
527.195634604,43.260721533,0.047709484,0.459089749,nan,nan,9,9,7,1,0,1,0.777777778,0,0,0,0
528.229265928,43.390706958,0.047711989,0.459089749,nan,nan,9,9,7,1,0,1,0.777777778,0,0,0,0
529.198804855,43.540677090,0.047711989,0.459089749,nan,nan,9,9,7,1,0,1,0.777777778,0,0,0,0
530.213221550,43.670588052,0.047711989,0.459089749,nan,nan,9,9,7,1,0,1,0.777777778,0,0,0,0
531.178941727,43.829986250,0.047711989,0.459089749,nan,nan,9,9,7,1,0,1,0.777777778,0,0,0,0
532.186580181,43.957859879,0.047711989,0.459089749,nan,nan,9,9,7,1,0,1,0.777777778,0,0,0,0
533.211214304,44.080083473,0.047711989,0.459089749,nan,nan,9,9,7,1,0,1,0.777777778,0,0,0,0
534.184542894,44.185580801,0.047711989,0.459089749,nan,nan,9,9,7,1,0,1,0.777777778,0,0,0,0
535.192446470,44.293124510,0.047711989,0.459089749,nan,nan,9,9,7,1,0,1,0.777777778,0,0,0,0
536.206153154,44.392954993,0.047711989,0.459089749,nan,nan,9,9,7,1,0,1,0.777777778,0,0,0,0
537.184542656,44.507159248,0.047714495,0.459089749,nan,nan,9,9,7,1,0,1,0.777777778,0,0,0,0
538.193957567,44.611993550,0.047714495,0.459089749,nan,nan,9,9,7,1,0,1,0.777777778,0,0,0,0
539.179700851,44.741749421,0.047715747,0.459089749,nan,nan,9,9,7,1,0,1,0.777777778,0,0,0,0
540.196752310,44.851551367,0.047715747,0.459089749,nan,nan,9,9,7,1,0,1,0.777777778,0,0,0,0
541.201671600,44.980811290,0.047715747,0.459089749,nan,nan,9,9,7,1,0,1,0.777777778,0,0,0,0
542.214772701,45.090088514,0.047715747,0.459089749,nan,nan,9,9,7,1,0,1,0.777777778,0,0,0,0
543.199267149,45.220030162,0.047720758,0.459089749,nan,nan,9,9,7,1,0,1,0.777777778,0,0,0,0
544.202252626,45.330011706,0.047720758,0.459089749,nan,nan,9,9,7,1,0,1,0.777777778,0,0,0,0
545.221884012,45.450008544,0.047720758,0.459089749,nan,nan,9,9,7,1,0,1,0.777777778,0,0,0,0
546.193433285,45.570008357,0.047720758,0.459089749,nan,nan,9,9,7,1,0,1,0.777777778,0,0,0,0
547.210080862,45.680004344,0.047706978,0.459247569,nan,nan,9,9,7,1,0,1,0.777777778,0,0,0,0
548.185827017,45.799951702,0.047706978,0.459247569,nan,nan,9,9,7,1,0,1,0.777777778,0,0,0,0
549.196922779,45.939856594,0.047711989,0.459247569,nan,nan,9,9,7,1,0,1,0.777777778,0,0,0,0
550.220708847,46.079837488,0.047711989,0.459247569,nan,nan,9,9,7,1,0,1,0.777777778,0,0,0,0
551.197336435,46.209749615,0.047742055,0.459609627,nan,nan,9,9,7,1,0,1,0.777777778,0,0,0,0
552.186810970,46.339700320,0.047742055,0.459609627,nan,nan,9,9,7,1,0,1,0.777777778,0,0,0,0
553.186713457,46.459393147,0.047752077,0.459711746,nan,nan,9,9,7,1,0,1,0.777777778,0,0,0,0
554.199334145,46.589306100,0.047752077,0.459711746,nan,nan,9,9,7,1,0,1,0.777777778,0,0,0,0
555.218609095,46.729153358,0.047768363,0.459925267,nan,nan,9,9,7,1,0,1,0.777777778,0,0,0,0
556.213678122,46.899028900,0.047768363,0.459925267,nan,nan,9,9,7,1,0,1,0.777777778,0,0,0,0
557.204280853,47.058669150,0.047770868,0.459943835,nan,nan,9,9,7,1,0,1,0.777777778,0,0,0,0
558.188132763,47.198539544,0.047770868,0.459943835,nan,nan,9,9,7,1,0,1,0.777777778,0,0,0,0
559.215096951,47.328398546,0.047779637,0.459943835,nan,nan,9,9,7,1,0,1,0.777777778,0,0,0,0
560.178056240,47.458365740,0.047793418,0.460045954,nan,nan,9,9,7,1,0,1,0.777777778,0,0,0,0
561.214447021,47.598335931,0.047793418,0.460045954,nan,nan,9,9,7,1,0,1,0.777777778,0,0,0,0
562.220274925,47.748227038,0.047813461,0.460203774,nan,nan,9,9,7,1,0,1,0.777777778,0,0,0,0
563.178577900,47.918226247,0.047813461,0.460203774,nan,nan,9,9,7,1,0,1,0.777777778,0,0,0,0
564.200961828,48.058148098,0.047823483,0.460222341,nan,nan,9,9,7,1,0,1,0.777777778,0,0,0,0
565.191245079,48.198070054,0.047823483,0.460222341,nan,nan,9,9,7,1,0,1,0.777777778,0,0,0,0
566.190815926,48.327997696,0.047846033,0.460352310,nan,nan,9,9,7,1,0,1,0.777777778,0,0,0,0
567.183762074,48.467960912,0.047921197,0.461248172,nan,nan,9,9,7,1,0,1,0.777777778,0,0,0,0
568.191360950,48.607862447,0.047921197,0.461248172,nan,nan,9,9,7,1,0,1,0.777777778,0,0,0,0
569.178670168,48.747781947,0.047947505,0.461554529,nan,nan,9,9,7,1,0,1,0.777777778,0,0,0,0
570.196264267,48.877766904,0.047947505,0.461554529,nan,nan,9,9,7,1,0,1,0.777777778,0,0,0,0
571.189063549,49.027709623,0.048005131,0.462306496,nan,nan,9,9,7,1,0,1,0.777777778,0,0,0,0
572.188633204,49.167679666,0.048005131,0.462306496,nan,nan,9,9,7,1,0,1,0.777777778,0,0,0,0
573.189569950,49.297620919,0.048020164,0.462492167,nan,nan,9,9,7,1,0,1,0.777777778,0,0,0,0
574.188137770,49.427600668,0.048020164,0.462492167,nan,nan,9,9,7,1,0,1,0.777777778,0,0,0,0
575.195206881,49.557571776,0.048045219,0.462733539,nan,nan,9,9,7,1,0,1,0.777777778,0,0,0,0
576.255651951,49.687368046,0.048061505,0.462891359,nan,nan,9,9,7,1,0,1,0.777777778,0,0,0,0
577.189472437,49.797328905,0.048061505,0.462891359,nan,nan,9,9,7,1,0,1,0.777777778,0,0,0,0
578.184717655,49.927293416,0.048061505,0.462891359,nan,nan,9,9,7,1,0,1,0.777777778,0,0,0,0
579.193251610,50.067270155,0.048087812,0.463207000,nan,nan,9,9,7,1,0,1,0.777777778,0,0,0,0
580.213897705,50.187253918,0.048077790,0.463211642,nan,nan,9,9,7,1,0,1,0.777777778,0,0,0,0
581.194983006,50.317181364,0.048077790,0.463211642,nan,nan,9,9,7,1,0,1,0.777777778,0,0,0,0
582.188849926,50.467093637,0.048094076,0.463378745,nan,nan,9,9,7,1,0,1,0.777777778,0,0,0,0
583.186589241,50.607061887,0.048094076,0.463378745,nan,nan,9,9,7,1,0,1,0.777777778,0,0,0,0
584.196369171,50.737016469,0.048111614,0.463592267,nan,nan,9,9,7,1,0,1,0.777777778,0,0,0,0
585.204776049,50.876902233,0.048111614,0.463592267,nan,nan,9,9,7,1,0,1,0.777777778,0,0,0,0
586.204206705,51.026815682,0.048135417,0.463917191,nan,nan,9,9,7,1,0,1,0.777777778,0,0,0,0
587.200268030,51.156814073,0.048135417,0.463917191,nan,nan,9,9,7,1,0,1,0.777777778,0,0,0,0
588.211509228,51.296726888,0.048151702,0.464130712,nan,nan,9,9,7,1,0,1,0.777777778,0,0,0,0
589.206220388,51.446578908,0.048151702,0.464130712,nan,nan,9,9,7,1,0,1,0.777777778,0,0,0,0
590.202584505,51.576248529,0.048160471,0.464232831,nan,nan,9,9,7,1,0,1,0.777777778,0,0,0,0
591.186070442,51.713960975,0.048185526,0.464529905,nan,nan,9,9,7,1,0,1,0.777777778,0,0,0,0
592.207875013,51.836496756,0.048185526,0.464529905,nan,nan,9,9,7,1,0,1,0.777777778,0,0,0,0
593.200867653,51.948444911,0.048216845,0.464938380,nan,nan,9,9,7,1,0,1,0.777777778,0,0,0,0
594.183735371,52.056118273,0.048216845,0.464938380,nan,nan,9,9,7,1,0,1,0.777777778,0,0,0,0
595.201745510,52.154510555,0.048233131,0.465137977,nan,nan,9,9,7,1,0,1,0.777777778,0,0,0,0
596.181119680,52.243680447,0.048233131,0.465137977,nan,nan,9,9,7,1,0,1,0.777777778,0,0,0,0
597.201169729,52.322625445,0.048409767,0.465954928,nan,nan,9,9,7,1,0,1,0.777777778,0,0,0,0
598.197681904,52.395262557,0.048409767,0.465954928,nan,nan,9,9,7,1,0,1,0.777777778,0,0,0,0
599.214772940,52.466806272,0.048497459,0.467398519,nan,nan,9,9,7,1,0,1,0.777777778,0,0,0,0
600.203459263,52.531116053,0.048497459,0.467398519,nan,nan,9,9,7,1,0,1,0.777777778,0,0,0,0
601.188194990,52.611091070,0.048655305,0.469366630,nan,nan,9,9,7,1,0,1,0.777777778,0,0,0,0
602.186311722,52.678199905,0.048655305,0.469366630,nan,nan,9,9,7,1,0,1,0.777777778,0,0,0,0
603.204267502,52.757672886,0.048780579,0.470972683,nan,nan,9,9,7,1,0,1,0.777777778,0,0,0,0
604.194411993,52.813275514,0.048908359,0.472527677,nan,nan,9,9,7,1,0,1,0.777777778,0,0,0,0
605.211952925,52.857070864,0.048908359,0.472527677,nan,nan,9,9,7,1,0,1,0.777777778,0,0,0,0
606.178202391,52.889941552,0.048908359,0.472527677,nan,nan,9,9,7,1,0,1,0.777777778,0,0,0,0
607.203028440,52.921634555,0.048908359,0.472527677,nan,nan,9,9,7,1,0,1,0.777777778,0,0,0,0
608.194462538,52.951005734,0.048908359,0.472527677,nan,nan,9,9,7,1,0,1,0.777777778,0,0,0,0
609.207029819,52.975310597,0.049017348,0.473910924,nan,nan,9,9,7,1,0,1,0.777777778,0,0,0,0
610.195306301,53.000118540,0.049017348,0.473910924,nan,nan,9,9,7,1,0,1,0.777777778,0,0,0,0
611.187585592,53.020189791,0.049017348,0.473910924,nan,nan,9,9,7,1,0,1,0.777777778,0,0,0,0
612.193318844,53.036573503,0.049017348,0.473910924,nan,nan,9,9,7,1,0,1,0.777777778,0,0,0,0
613.177001953,53.054886220,0.049017348,0.473910924,nan,nan,9,9,7,1,0,1,0.777777778,0,0,0,0
614.188915014,53.094406824,0.049175194,0.475906886,nan,nan,9,9,7,1,0,1,0.777777778,0,0,0,0
615.192581415,53.177250071,0.049175194,0.475906886,nan,nan,9,9,7,1,0,1,0.777777778,0,0,0,0
616.206303120,53.279718714,0.049326776,0.477847146,nan,nan,9,9,7,1,0,1,0.777777778,0,0,0,0
617.188656807,53.414401756,0.049326776,0.477847146,nan,nan,9,9,7,1,0,1,0.777777778,0,0,0,0
618.186760426,53.515621792,0.049513434,0.480214450,nan,nan,9,9,7,1,0,1,0.777777778,0,0,0,0
619.187760353,53.609666645,0.049513434,0.480214450,nan,nan,9,9,7,1,0,1,0.777777778,0,0,0,0
620.196174145,53.703793721,0.049771500,0.483291944,nan,nan,9,9,8,1,0,1,0.888888889,0,0,0,0
623.401585102,53.769246983,0.049771500,0.483291944,nan,nan,10,10,8,1,0,1,0.800000000,0,0,0,0
624.204242468,53.796381444,0.049923082,0.484981549,nan,nan,10,10,8,1,0,1,0.800000000,0,0,0,0
625.184566498,53.835641592,0.049923082,0.484981549,nan,nan,10,10,8,1,0,1,0.800000000,0,0,0,0
626.196792603,53.851179341,0.049949389,0.485074384,nan,nan,10,10,8,1,0,1,0.800000000,0,0,0,0
627.191280127,53.890870681,0.049949389,0.485074384,nan,nan,10,10,8,1,0,1,0.800000000,0,0,0,0
628.189124823,53.962768524,0.049949389,0.485074384,nan,nan,10,10,8,1,0,1,0.800000000,0,0,0,0
629.186781168,54.074160530,0.049959411,0.485074384,nan,nan,10,10,8,1,0,1,0.800000000,0,0,0,0
630.183449507,54.197043559,0.049959411,0.485074384,nan,nan,10,10,8,1,0,1,0.800000000,0,0,0,0
631.219460726,54.325573703,0.049959411,0.485074384,nan,nan,10,10,8,1,0,1,0.800000000,0,0,0,0
632.212419271,54.465223043,0.049959411,0.485074384,nan,nan,10,10,8,1,0,1,0.800000000,0,0,0,0
633.188332796,54.585146720,0.049959411,0.485074384,nan,nan,10,10,8,1,0,1,0.800000000,0,0,0,0
634.203556061,54.734647104,0.049959411,0.485074384,nan,nan,10,10,8,1,0,1,0.800000000,0,0,0,0
635.192252636,54.864494178,0.049959411,0.485074384,nan,nan,10,10,8,1,0,1,0.800000000,0,0,0,0
636.202631950,54.984285595,0.049959411,0.485074384,nan,nan,10,10,8,1,0,1,0.800000000,0,0,0,0
637.194081068,55.123960143,0.049959411,0.485074384,nan,nan,10,10,8,1,0,1,0.800000000,0,0,0,0
638.187546968,55.253862012,0.049959411,0.485074384,nan,nan,10,10,8,1,0,1,0.800000000,0,0,0,0
639.214021683,55.393855931,0.049959411,0.485074384,nan,nan,10,10,8,1,0,1,0.800000000,0,0,0,0
640.192853451,55.523686895,0.049959411,0.485074384,nan,nan,10,10,8,1,0,1,0.800000000,0,0,0,0
641.188148499,55.653679974,0.049959411,0.485074384,nan,nan,10,10,8,1,0,1,0.800000000,0,0,0,0
642.183743477,55.793673377,0.049959411,0.485074384,nan,nan,10,10,8,1,0,1,0.800000000,0,0,0,0
643.198424578,55.932974813,0.049959411,0.485074384,nan,nan,10,10,8,1,0,1,0.800000000,0,0,0,0
644.196093559,56.055903023,0.049959411,0.485074384,nan,nan,10,10,8,1,0,1,0.800000000,0,0,0,0
645.214005470,56.182021955,0.049959411,0.485074384,nan,nan,10,10,8,1,0,1,0.800000000,0,0,0,0
648.542166233,56.267352920,0.049959411,0.485074384,nan,nan,11,11,9,1,0,1,0.818181818,0,0,0,0
649.199049234,56.320231276,0.049958158,0.485037250,nan,nan,11,11,9,1,0,1,0.818181818,0,0,0,0
650.202687740,56.361084031,0.049958158,0.485037250,nan,nan,11,11,9,1,0,1,0.818181818,0,0,0,0
651.221203566,56.421537526,0.049958158,0.485037250,nan,nan,11,11,9,1,0,1,0.818181818,0,0,0,0
652.195233345,56.459181648,0.049958158,0.485037250,nan,nan,11,11,9,1,0,1,0.818181818,0,0,0,0
653.197856188,56.481089585,0.049960664,0.484935131,nan,nan,11,11,9,1,0,1,0.818181818,0,0,0,0
654.226360798,56.485171956,0.049960664,0.484935131,nan,nan,11,11,9,1,0,1,0.818181818,0,0,0,0
655.201730013,56.495814652,0.049960664,0.484935131,nan,nan,11,11,9,1,0,1,0.818181818,0,0,0,0
656.185434103,56.518563358,0.049960664,0.484935131,nan,nan,11,11,9,1,0,1,0.818181818,0,0,0,0
657.186968565,56.559751822,0.049960664,0.484935131,nan,nan,11,11,9,1,0,1,0.818181818,0,0,0,0
658.196054935,56.616432103,0.049960664,0.484935131,nan,nan,11,11,9,1,0,1,0.818181818,0,0,0,0
659.192230940,56.708686754,0.049960664,0.484935131,nan,nan,11,11,9,1,0,1,0.818181818,0,0,0,0
660.194174290,56.821417123,0.049960664,0.484935131,nan,nan,11,11,9,1,0,1,0.818181818,0,0,0,0
661.203811884,56.960453885,0.049960664,0.484935131,nan,nan,11,11,9,1,0,1,0.818181818,0,0,0,0
662.198353052,57.100438356,0.049960664,0.484935131,nan,nan,11,11,9,1,0,1,0.818181818,0,0,0,0
663.191861391,57.220316425,0.049960664,0.484935131,nan,nan,11,11,9,1,0,1,0.818181818,0,0,0,0
664.236176252,57.349758080,0.049960664,0.484935131,nan,nan,11,11,9,1,0,1,0.818181818,0,0,0,0
665.215770721,57.429191158,0.049960664,0.484935131,nan,nan,11,11,9,1,0,1,0.818181818,0,0,0,0
666.216207266,57.517552493,0.049960664,0.484935131,nan,nan,11,11,9,1,0,1,0.818181818,0,0,0,0
667.218653679,57.618112630,0.049960664,0.484935131,nan,nan,11,11,9,1,0,1,0.818181818,0,0,0,0
668.217820644,57.710107255,0.049960664,0.484935131,nan,nan,11,11,9,1,0,1,0.818181818,0,0,0,0
669.183324099,57.811330661,0.049960664,0.484935131,nan,nan,11,11,9,1,0,1,0.818181818,0,0,0,0
670.197971344,57.907675738,0.049960664,0.484935131,nan,nan,11,11,9,1,0,1,0.818181818,0,0,0,0
671.197600365,57.993423947,0.049960664,0.484935131,nan,nan,11,11,9,1,0,1,0.818181818,0,0,0,0
672.194612026,58.080568022,0.049960664,0.484935131,nan,nan,11,11,9,1,0,1,0.818181818,0,0,0,0
673.186876535,58.159831306,0.049960664,0.484935131,nan,nan,11,11,9,1,0,1,0.818181818,0,0,0,0
674.202317238,58.269255576,0.049960664,0.484935131,nan,nan,11,11,9,1,0,1,0.818181818,0,0,0,0
675.189503431,58.383384974,0.049960664,0.484935131,nan,nan,11,11,9,1,0,1,0.818181818,0,0,0,0
676.198712826,58.488632594,0.049960664,0.484935131,nan,nan,11,11,9,1,0,1,0.818181818,0,0,0,0
677.213733673,58.614540744,0.049960664,0.484935131,nan,nan,11,11,9,1,0,1,0.818181818,0,0,0,0
678.189262152,58.741779202,0.049960664,0.484935131,nan,nan,11,11,9,1,0,1,0.818181818,0,0,0,0
679.185425997,58.880168726,0.049960664,0.484935131,nan,nan,11,11,9,1,0,1,0.818181818,0,0,0,0
680.188897848,59.000154945,0.049971939,0.485102235,nan,nan,11,11,9,1,0,1,0.818181818,0,0,0,0
681.204157114,59.120148683,0.049971939,0.485102235,nan,nan,11,11,9,1,0,1,0.818181818,0,0,0,0
682.186599970,59.220148564,0.049953147,0.484461671,nan,nan,11,11,9,1,0,1,0.818181818,0,0,0,0
683.190064192,59.350130996,0.049953147,0.484461671,nan,nan,11,11,9,1,0,1,0.818181818,0,0,0,0
684.194640636,59.490130140,0.049954400,0.484461671,nan,nan,11,11,9,1,0,1,0.818181818,0,0,0,0
685.217527628,59.600110269,0.049954400,0.484461671,nan,nan,11,11,9,1,0,1,0.818181818,0,0,0,0
686.216748953,59.699938654,0.049956906,0.484461671,nan,nan,11,11,9,1,0,1,0.818181818,0,0,0,0
687.211197376,59.829369843,0.049956906,0.484461671,nan,nan,11,11,9,1,0,1,0.818181818,0,0,0,0
688.181705475,59.939129279,0.049956906,0.484461671,nan,nan,11,11,9,1,0,1,0.818181818,0,0,0,0
689.183394670,60.068989032,0.049956906,0.484461671,nan,nan,11,11,9,1,0,1,0.818181818,0,0,0,0
690.191688538,60.198915264,0.049958158,0.484461671,nan,nan,11,11,9,1,0,1,0.818181818,0,0,0,0
691.198112011,60.328904728,0.049958158,0.484461671,nan,nan,11,11,9,1,0,1,0.818181818,0,0,0,0
692.201306343,60.448776036,0.049959411,0.484461671,nan,nan,11,11,9,1,0,1,0.818181818,0,0,0,0
693.179916620,60.588603428,0.049959411,0.484461671,nan,nan,11,11,9,1,0,1,0.818181818,0,0,0,0
694.180824518,60.708523071,0.049961917,0.484461671,nan,nan,11,11,9,1,0,1,0.818181818,0,0,0,0
695.222422123,60.838477265,0.049961917,0.484461671,nan,nan,11,11,9,1,0,1,0.818181818,0,0,0,0
696.205582619,60.978226622,0.049965675,0.484517372,nan,nan,11,11,9,1,0,1,0.818181818,0,0,0,0
697.188103676,61.097539477,0.049965675,0.484517372,nan,nan,11,11,9,1,0,1,0.818181818,0,0,0,0
698.206172943,61.236531424,0.050004510,0.485032608,nan,nan,11,11,9,1,0,1,0.818181818,0,0,0,0
699.199087143,61.365617775,0.050004510,0.485032608,nan,nan,11,11,9,1,0,1,0.818181818,0,0,0,0
700.194096327,61.494501549,0.050048356,0.485524636,nan,nan,11,11,9,1,0,1,0.818181818,0,0,0,0
701.221269846,61.624371205,0.050048356,0.485524636,nan,nan,11,11,9,1,0,1,0.818181818,0,0,0,0
702.183011770,61.753944991,0.050117257,0.486369439,nan,nan,11,11,9,1,0,1,0.818181818,0,0,0,0
703.212448120,61.893662454,0.050117257,0.486369439,nan,nan,11,11,9,1,0,1,0.818181818,0,0,0,0
704.185326815,62.033442902,0.050232509,0.487873372,nan,nan,11,11,9,1,0,1,0.818181818,0,0,0,0
705.181792021,62.172987277,0.050232509,0.487873372,nan,nan,11,11,9,1,0,1,0.818181818,0,0,0,0
706.205244541,62.312004200,0.050371564,0.489785782,nan,nan,11,11,9,1,0,1,0.818181818,0,0,0,0
707.202824593,62.431086766,0.050535673,0.491953489,nan,nan,11,11,9,1,0,1,0.818181818,0,0,0,0
708.197327375,62.579925977,0.050535673,0.491953489,nan,nan,11,11,9,1,0,1,0.818181818,0,0,0,0
709.203934431,62.719290764,0.050699783,0.494079421,nan,nan,11,11,9,1,0,1,0.818181818,0,0,0,0
710.194182158,62.848493420,0.050699783,0.494079421,nan,nan,11,11,9,1,0,1,0.818181818,0,0,0,0
711.201882601,63.007914034,0.050822551,0.495620489,nan,nan,11,11,9,1,0,1,0.818181818,0,0,0,0
712.195265532,63.147815021,0.050822551,0.495620489,nan,nan,11,11,9,1,0,1,0.818181818,0,0,0,0
713.194633007,63.287760457,0.050937804,0.497161557,nan,nan,11,11,9,1,0,1,0.818181818,0,0,0,0
714.205626965,63.407670287,0.050937804,0.497161557,nan,nan,11,11,9,1,0,1,0.818181818,0,0,0,0
715.192430496,63.547529915,0.051066836,0.498725834,nan,nan,11,11,9,1,0,1,0.818181818,0,0,0,0
716.186450005,63.677452246,0.051182089,0.499997679,nan,nan,11,11,9,1,0,1,0.818181818,0,0,0,0
717.189833641,63.797319920,0.051182089,0.499997679,nan,nan,11,11,9,1,0,1,0.818181818,0,0,0,0
718.182744741,63.927082913,0.051314880,0.501431986,nan,nan,11,11,9,1,0,1,0.818181818,0,0,0,0
719.182117939,64.056931642,0.051314880,0.501431986,nan,nan,11,11,9,1,0,1,0.818181818,0,0,0,0
720.196791649,64.186834948,0.051423868,0.502304639,nan,nan,11,11,9,1,0,1,0.818181818,0,0,0,0
721.236691475,64.326405533,0.051423868,0.502304639,nan,nan,11,11,9,1,0,1,0.818181818,0,0,0,0
722.201802015,64.446278168,0.051596747,0.504082438,nan,nan,11,11,9,1,0,1,0.818181818,0,0,0,0
723.196531296,64.576082576,0.051596747,0.504082438,nan,nan,11,11,9,1,0,1,0.818181818,0,0,0,0
724.226193905,64.705881514,0.051773384,0.505628148,nan,nan,11,11,9,1,0,1,0.818181818,0,0,0,0
725.202114105,64.835716869,0.051773384,0.505628148,nan,nan,11,11,9,1,0,1,0.818181818,0,0,0,0
726.184674025,64.965519634,0.051889889,0.506821083,nan,nan,11,11,9,1,0,1,0.818181818,0,0,0,0
727.201070070,65.105334846,0.051889889,0.506821083,nan,nan,11,11,9,1,0,1,0.818181818,0,0,0,0
728.232182741,65.235146705,0.052050240,0.508519971,nan,nan,11,11,9,1,0,1,0.818181818,0,0,0,0
729.195634842,65.384811685,0.052050240,0.508519971,nan,nan,11,11,9,1,0,1,0.818181818,0,0,0,0
730.185658693,65.514659432,0.052147954,0.509801100,nan,nan,11,11,9,1,0,1,0.818181818,0,0,0,0
731.190802336,65.654485157,0.052147954,0.509801100,nan,nan,11,11,9,1,0,1,0.818181818,0,0,0,0
732.197695255,65.794293254,0.052215602,0.510673753,nan,nan,11,11,9,1,0,1,0.818181818,0,0,0,0
733.211856842,65.964230010,0.052393492,0.512688282,nan,nan,11,11,9,1,0,1,0.818181818,0,0,0,0
734.181233168,66.083867465,0.052393492,0.512688282,nan,nan,11,11,9,1,0,1,0.818181818,0,0,0,0
735.187676191,66.213770915,0.052522524,0.514062246,nan,nan,11,11,9,1,0,1,0.818181818,0,0,0,0
736.188160181,66.333421016,0.052522524,0.514062246,nan,nan,11,11,9,1,0,1,0.818181818,0,0,0,0
737.179851532,66.463198603,0.052706678,0.515733284,nan,nan,11,11,9,1,0,1,0.818181818,0,0,0,0
738.196960926,66.583066682,0.052706678,0.515733284,nan,nan,11,11,9,1,0,1,0.818181818,0,0,0,0
739.186111689,66.712906493,0.052841974,0.516717339,nan,nan,11,11,9,1,0,1,0.818181818,0,0,0,0
740.184322119,66.832388876,0.052841974,0.516717339,nan,nan,11,11,9,1,0,1,0.818181818,0,0,0,0
741.185657024,66.972005484,0.052933424,0.517487873,nan,nan,11,11,9,1,0,1,0.818181818,0,0,0,0
742.206439257,67.111830464,0.052933424,0.517487873,nan,nan,11,11,9,1,0,1,0.818181818,0,0,0,0
743.241015673,67.231597301,0.053022369,0.518072737,nan,nan,11,11,9,1,0,1,0.818181818,0,0,0,0
744.182254791,67.341220542,0.053022369,0.518072737,nan,nan,11,11,9,1,0,1,0.818181818,0,0,0,0
745.193871737,67.480983650,0.053143885,0.518861838,nan,nan,11,11,9,1,0,1,0.818181818,0,0,0,0
746.203939676,67.620849895,0.053143885,0.518861838,nan,nan,11,11,9,1,0,1,0.818181818,0,0,0,0
747.210614443,67.750547782,0.053227819,0.519660222,nan,nan,11,11,9,1,0,1,0.818181818,0,0,0,0
748.206862688,67.880150651,0.053227819,0.519660222,nan,nan,11,11,9,1,0,1,0.818181818,0,0,0,0
749.197058201,68.018545846,0.053329291,0.520607144,nan,nan,11,11,9,1,0,1,0.818181818,0,0,0,0
750.197264433,68.147207941,0.053329291,0.520607144,nan,nan,11,11,9,1,0,1,0.818181818,0,0,0,0
751.221162081,68.286910592,0.053418236,0.521721169,nan,nan,11,11,9,1,0,1,0.818181818,0,0,0,0
752.194103241,68.426451624,0.053539752,0.522389584,nan,nan,11,11,9,1,0,1,0.818181818,0,0,0,0
753.188127041,68.551501745,0.053539752,0.522389584,nan,nan,11,11,9,1,0,1,0.818181818,0,0,0,0
754.200611830,68.673319238,0.053658763,0.523299371,nan,nan,11,11,9,1,0,1,0.818181818,0,0,0,0
755.184444189,68.796555229,0.053658763,0.523299371,nan,nan,11,11,9,1,0,1,0.818181818,0,0,0,0
756.237130165,68.918543526,0.053869224,0.524896140,nan,nan,11,11,9,1,0,1,0.818181818,0,0,0,0
757.200285912,69.046768251,0.053869224,0.524896140,nan,nan,11,11,9,1,0,1,0.818181818,0,0,0,0
758.207471609,69.154100461,0.053974454,0.525824495,nan,nan,11,11,9,1,0,1,0.818181818,0,0,0,0
759.207610607,69.266784783,0.053974454,0.525824495,nan,nan,11,11,9,1,0,1,0.818181818,0,0,0,0
760.210416317,69.388169393,0.054099728,0.527179892,nan,nan,11,11,9,1,0,1,0.818181818,0,0,0,0
761.182663918,69.547980667,0.054099728,0.527179892,nan,nan,11,11,9,1,0,1,0.818181818,0,0,0,0
762.183322668,69.697760215,0.054152344,0.527569801,nan,nan,11,11,9,1,0,1,0.818181818,0,0,0,0
763.211086512,69.837756654,0.054225003,0.528507438,nan,nan,11,11,9,1,0,1,0.818181818,0,0,0,0
764.189636707,69.966510225,0.054225003,0.528507438,nan,nan,11,11,9,1,0,1,0.818181818,0,0,0,0
765.189284325,70.088581567,0.054308937,0.529264047,nan,nan,11,11,9,1,0,1,0.818181818,0,0,0,0
766.188390970,70.191905171,0.054308937,0.529264047,nan,nan,11,11,9,1,0,1,0.818181818,0,0,0,0
770.479115009,70.284625702,0.054470540,0.530591594,nan,nan,12,12,10,1,0,1,0.833333333,0,0,0,0
771.184868813,70.377547367,0.054575771,0.531371411,nan,nan,12,12,10,1,0,1,0.833333333,0,0,0,0
772.223891735,70.430351686,0.054575771,0.531371411,nan,nan,12,12,10,1,0,1,0.833333333,0,0,0,0
773.182721376,70.470161808,0.054575771,0.531371411,nan,nan,12,12,10,1,0,1,0.833333333,0,0,0,0
774.261211872,70.488826404,0.054575771,0.531371411,nan,nan,12,12,10,1,0,1,0.833333333,0,0,0,0
775.203595877,70.491402440,0.054748650,0.532030543,nan,nan,12,12,10,1,0,1,0.833333333,0,0,0,0
776.189572096,70.493759217,0.054748650,0.532030543,nan,nan,12,12,10,1,0,1,0.833333333,0,0,0,0
777.209027052,70.502775985,0.054748650,0.532030543,nan,nan,12,12,10,1,0,1,0.833333333,0,0,0,0
778.223706484,70.527287493,0.054748650,0.532030543,nan,nan,12,12,10,1,0,1,0.833333333,0,0,0,0
779.201449871,70.586671739,0.054748650,0.532030543,nan,nan,12,12,10,1,0,1,0.833333333,0,0,0,0
780.213725090,70.705438464,0.054748650,0.532030543,nan,nan,12,12,10,1,0,1,0.833333333,0,0,0,0
781.207456589,70.835371588,0.054843858,0.532782510,nan,nan,12,12,10,1,0,1,0.833333333,0,0,0,0
782.187266588,70.975369261,0.054959110,0.534045072,nan,nan,12,12,10,1,0,1,0.833333333,0,0,0,0
783.199239492,71.115335695,0.054959110,0.534045072,nan,nan,12,12,10,1,0,1,0.833333333,0,0,0,0
784.187012911,71.245297011,0.055089396,0.535604707,nan,nan,12,12,10,1,0,1,0.833333333,0,0,0,0
785.186210394,71.375222442,0.055089396,0.535604707,nan,nan,12,12,10,1,0,1,0.833333333,0,0,0,0
786.200068712,71.515192179,0.055472735,0.539327407,nan,nan,12,12,10,1,0,1,0.833333333,0,0,0,0
787.215808153,71.645160252,0.055472735,0.539327407,nan,nan,12,12,10,1,0,1,0.833333333,0,0,0,0
788.204968691,71.775081592,0.055871108,0.541369787,nan,nan,12,12,10,1,0,1,0.833333333,0,0,0,0
789.207621813,71.904943263,0.055871108,0.541369787,nan,nan,12,12,10,1,0,1,0.833333333,0,0,0,0
790.195091724,72.034829540,0.056254447,0.542325992,nan,nan,12,12,10,1,0,1,0.833333333,0,0,0,0
791.199746609,72.154731692,0.056254447,0.542325992,nan,nan,12,12,10,1,0,1,0.833333333,0,0,0,0
792.191484928,72.314527706,0.056478688,0.543644255,nan,nan,12,12,10,1,0,1,0.833333333,0,0,0,0
793.210433483,72.454422009,0.056478688,0.543644255,nan,nan,12,12,10,1,0,1,0.833333333,0,0,0,0
794.204996109,72.584111163,0.056637787,0.543848493,nan,nan,12,12,10,1,0,1,0.833333333,0,0,0,0
795.183304548,72.723376908,0.056717962,0.543876343,nan,nan,12,12,10,1,0,1,0.833333333,0,0,0,0
796.208738327,72.873016705,0.056717962,0.543876343,nan,nan,12,12,10,1,0,1,0.833333333,0,0,0,0
797.198007345,73.002521750,0.056828204,0.543922761,nan,nan,12,12,10,1,0,1,0.833333333,0,0,0,0
798.186003923,73.142223467,0.056828204,0.543922761,nan,nan,12,12,10,1,0,1,0.833333333,0,0,0,0
799.183985233,73.261284036,0.056863281,0.543959895,nan,nan,12,12,10,1,0,1,0.833333333,0,0,0,0
800.188485622,73.390784320,0.056863281,0.543959895,nan,nan,12,12,10,1,0,1,0.833333333,0,0,0,0
801.203993797,73.519903076,0.056879566,0.543959895,nan,nan,12,12,10,1,0,1,0.833333333,0,0,0,0
802.189737082,73.659839917,0.056879566,0.543959895,nan,nan,12,12,10,1,0,1,0.833333333,0,0,0,0
803.205082178,73.789385918,0.056889588,0.543959895,nan,nan,12,12,10,1,0,1,0.833333333,0,0,0,0
804.200111151,73.938334085,0.056889588,0.543959895,nan,nan,12,12,10,1,0,1,0.833333333,0,0,0,0
805.192224264,74.067609273,0.056917149,0.543959895,nan,nan,12,12,10,1,0,1,0.833333333,0,0,0,0
806.192449331,74.187484946,0.056917149,0.543959895,nan,nan,12,12,10,1,0,1,0.833333333,0,0,0,0
807.181471586,74.317261572,0.056964753,0.544219834,nan,nan,12,12,10,1,0,1,0.833333333,0,0,0,0
808.202350616,74.456620167,0.056964753,0.544219834,nan,nan,12,12,10,1,0,1,0.833333333,0,0,0,0
809.190893650,74.575723352,0.056978533,0.544396222,nan,nan,12,12,10,1,0,1,0.833333333,0,0,0,0
810.189560413,74.702369400,0.057007346,0.544563325,nan,nan,12,12,10,1,0,1,0.833333333,0,0,0,0
811.193392754,74.828439834,0.057007346,0.544563325,nan,nan,12,12,10,1,0,1,0.833333333,0,0,0,0
812.254475594,74.926539819,0.057105060,0.545435978,nan,nan,12,12,10,1,0,1,0.833333333,0,0,0,0
813.279881954,75.029221119,0.057105060,0.545435978,nan,nan,12,12,10,1,0,1,0.833333333,0,0,0,0
814.205546618,75.146965481,0.057133873,0.545733052,nan,nan,12,12,10,1,0,1,0.833333333,0,0,0,0
815.195441961,75.241150385,0.057133873,0.545733052,nan,nan,12,12,10,1,0,1,0.833333333,0,0,0,0
816.199248075,75.331965517,0.057153917,0.545890872,nan,nan,12,12,10,1,0,1,0.833333333,0,0,0,0
817.210014820,75.425621919,0.057153917,0.545890872,nan,nan,12,12,10,1,0,1,0.833333333,0,0,0,0
818.196926117,75.525249191,0.057166445,0.546002274,nan,nan,12,12,10,1,0,1,0.833333333,0,0,0,0
819.195717573,75.621121249,0.057166445,0.546002274,nan,nan,12,12,10,1,0,1,0.833333333,0,0,0,0
820.210021496,75.714817528,0.057187741,0.546169378,nan,nan,12,12,10,1,0,1,0.833333333,0,0,0,0
821.205755949,75.808968718,0.057187741,0.546169378,nan,nan,12,12,10,1,0,1,0.833333333,0,0,0,0
822.185752869,75.887340224,0.057219060,0.546568571,nan,nan,12,12,10,1,0,1,0.833333333,0,0,0,0
823.266015053,75.975902334,0.057219060,0.546568571,nan,nan,12,12,10,1,0,1,0.833333333,0,0,0,0
824.213763952,76.070549778,0.057279191,0.547199851,nan,nan,12,12,10,1,0,1,0.833333333,0,0,0,0
825.192000628,76.156381785,0.057279191,0.547199851,nan,nan,12,12,10,1,0,1,0.833333333,0,0,0,0
826.201330423,76.264524468,0.057343081,0.548035370,nan,nan,12,12,10,1,0,1,0.833333333,0,0,0,0
827.194468498,76.375421445,0.057406971,0.548870889,nan,nan,12,12,10,1,0,1,0.833333333,0,0,0,0
828.195262671,76.485182571,0.057406971,0.548870889,nan,nan,12,12,10,1,0,1,0.833333333,0,0,0,0
829.186883450,76.575126759,0.057406971,0.548870889,nan,nan,12,12,10,1,0,1,0.833333333,0,0,0,0
830.200257063,76.665109409,0.057434532,0.549177246,nan,nan,12,12,10,1,0,1,0.833333333,0,0,0,0
831.187371731,76.755109049,0.057434532,0.549177246,nan,nan,12,12,10,1,0,1,0.833333333,0,0,0,0
832.183768272,76.835104200,0.057527235,0.550207719,nan,nan,12,12,10,1,0,1,0.833333333,0,0,0,0
833.196130276,76.915100808,0.057527235,0.550207719,nan,nan,12,12,10,1,0,1,0.833333333,0,0,0,0
834.181103945,77.005093691,0.057527235,0.550207719,nan,nan,12,12,10,1,0,1,0.833333333,0,0,0,0
835.182707787,77.085074690,0.057577344,0.550671896,nan,nan,12,12,10,1,0,1,0.833333333,0,0,0,0
836.182722569,77.175032356,0.057577344,0.550671896,nan,nan,12,12,10,1,0,1,0.833333333,0,0,0,0
837.179174662,77.254981488,0.057577344,0.550671896,nan,nan,12,12,10,1,0,1,0.833333333,0,0,0,0
838.197305441,77.334843089,0.057619938,0.551266043,nan,nan,12,12,10,1,0,1,0.833333333,0,0,0,0
839.187619925,77.424824238,0.057619938,0.551266043,nan,nan,12,12,10,1,0,1,0.833333333,0,0,0,0
840.209318161,77.514765080,0.057619938,0.551266043,nan,nan,12,12,10,1,0,1,0.833333333,0,0,0,0
841.175544024,77.594751053,0.057624949,0.551293894,nan,nan,12,12,10,1,0,1,0.833333333,0,0,0,0
842.198914051,77.694745683,0.057624949,0.551293894,nan,nan,12,12,10,1,0,1,0.833333333,0,0,0,0
843.213125706,77.774699865,0.057624949,0.551293894,nan,nan,12,12,10,1,0,1,0.833333333,0,0,0,0
844.184295654,77.874698669,0.057692597,0.551646668,nan,nan,12,12,10,1,0,1,0.833333333,0,0,0,0
845.186823606,77.984671299,0.057692597,0.551646668,nan,nan,12,12,10,1,0,1,0.833333333,0,0,0,0
846.184791327,78.084664266,0.057692597,0.551646668,nan,nan,12,12,10,1,0,1,0.833333333,0,0,0,0
847.194806576,78.194551832,0.057777783,0.552370785,nan,nan,12,12,10,1,0,1,0.833333333,0,0,0,0
848.187104464,78.294526489,0.057777783,0.552370785,nan,nan,12,12,10,1,0,1,0.833333333,0,0,0,0
849.199294567,78.394517628,0.057878003,0.553433750,nan,nan,12,12,10,1,0,1,0.833333333,0,0,0,0
850.177512646,78.504514612,0.057878003,0.553433750,nan,nan,12,12,10,1,0,1,0.833333333,0,0,0,0
851.192203522,78.604514545,0.057894288,0.553563720,nan,nan,12,12,10,1,0,1,0.833333333,0,0,0,0
852.179047823,78.704498563,0.057894288,0.553563720,nan,nan,12,12,10,1,0,1,0.833333333,0,0,0,0
853.236905813,78.814396695,0.057894288,0.553563720,nan,nan,12,12,10,1,0,1,0.833333333,0,0,0,0
854.203650475,78.914368283,0.057914332,0.553823659,nan,nan,12,12,10,1,0,1,0.833333333,0,0,0,0
855.240566254,79.024242717,0.057914332,0.553823659,nan,nan,12,12,10,1,0,1,0.833333333,0,0,0,0
856.198819399,79.134229328,0.057921849,0.553907211,nan,nan,12,12,10,1,0,1,0.833333333,0,0,0,0
857.183445454,79.234202040,0.057921849,0.553907211,nan,nan,12,12,10,1,0,1,0.833333333,0,0,0,0
858.182947874,79.344005813,0.057921849,0.553907211,nan,nan,12,12,10,1,0,1,0.833333333,0,0,0,0
859.223124743,79.453502127,0.057929365,0.554009330,nan,nan,12,12,10,1,0,1,0.833333333,0,0,0,0
860.181588411,79.563260076,0.057929365,0.554009330,nan,nan,12,12,10,1,0,1,0.833333333,0,0,0,0
861.207067966,79.673106343,0.057940640,0.554139300,nan,nan,12,12,10,1,0,1,0.833333333,0,0,0,0
862.182122231,79.773016563,0.057940640,0.554139300,nan,nan,12,12,10,1,0,1,0.833333333,0,0,0,0
863.183704376,79.892924464,0.057958178,0.554362105,nan,nan,12,12,10,1,0,1,0.833333333,0,0,0,0
864.188158035,80.002832796,0.057958178,0.554362105,nan,nan,12,12,10,1,0,1,0.833333333,0,0,0,0
865.178924561,80.112768794,0.057973211,0.554524567,nan,nan,12,12,10,1,0,1,0.833333333,0,0,0,0
866.187207699,80.212751826,0.057973211,0.554524567,nan,nan,12,12,10,1,0,1,0.833333333,0,0,0,0
867.178234577,80.322729645,0.057973211,0.554524567,nan,nan,12,12,10,1,0,1,0.833333333,0,0,0,0
868.184788227,80.442719023,0.057992002,0.554710237,nan,nan,12,12,10,1,0,1,0.833333333,0,0,0,0
869.202563763,80.552624541,0.057992002,0.554710237,nan,nan,12,12,10,1,0,1,0.833333333,0,0,0,0
870.187840700,80.662384165,0.058012046,0.554877341,nan,nan,12,12,10,1,0,1,0.833333333,0,0,0,0
871.217319727,80.769635428,0.058012046,0.554877341,nan,nan,12,12,10,1,0,1,0.833333333,0,0,0,0
872.195727587,80.869365900,0.058024574,0.554970177,nan,nan,12,12,10,1,0,1,0.833333333,0,0,0,0
873.180068016,80.979307386,0.058024574,0.554970177,nan,nan,12,12,10,1,0,1,0.833333333,0,0,0,0
874.183495522,81.089244613,0.058024574,0.554970177,nan,nan,12,12,10,1,0,1,0.833333333,0,0,0,0
875.198546648,81.188815396,0.058030838,0.555016594,nan,nan,12,12,10,1,0,1,0.833333333,0,0,0,0
876.207456589,81.305731879,0.058030838,0.555016594,nan,nan,12,12,10,1,0,1,0.833333333,0,0,0,0
877.204713106,81.405562605,0.058039607,0.555081579,nan,nan,12,12,10,1,0,1,0.833333333,0,0,0,0
878.213073969,81.512652718,0.058039607,0.555081579,nan,nan,12,12,10,1,0,1,0.833333333,0,0,0,0
879.189148426,81.611904669,0.058057145,0.555211549,nan,nan,12,12,10,1,0,1,0.833333333,0,0,0,0
880.178515673,81.701019666,0.058057145,0.555211549,nan,nan,12,12,10,1,0,1,0.833333333,0,0,0,0
884.267518282,81.770572119,0.058057145,0.555211549,nan,nan,13,13,11,1,0,1,0.846153846,0,0,0,0
885.185194969,81.876036776,0.058070925,0.555304384,nan,nan,13,13,11,1,0,1,0.846153846,0,0,0,0
886.205154896,81.919420766,0.058070925,0.555304384,nan,nan,13,13,11,1,0,1,0.846153846,0,0,0,0
887.199753761,82.001524744,0.058070925,0.555304384,nan,nan,13,13,11,1,0,1,0.846153846,0,0,0,0
888.177891016,82.100336746,0.058070925,0.555304384,nan,nan,13,13,11,1,0,1,0.846153846,0,0,0,0
889.193887472,82.210226861,0.058070925,0.555304384,nan,nan,13,13,11,1,0,1,0.846153846,0,0,0,0
890.188495874,82.310114560,0.058080947,0.555369369,nan,nan,13,13,11,1,0,1,0.846153846,0,0,0,0
891.188332558,82.419954062,0.058080947,0.555369369,nan,nan,13,13,11,1,0,1,0.846153846,0,0,0,0
892.185009241,82.528886571,0.058080947,0.555369369,nan,nan,13,13,11,1,0,1,0.846153846,0,0,0,0
893.191311359,82.633630205,0.058100991,0.555397220,nan,nan,13,13,11,1,0,1,0.846153846,0,0,0,0
894.199834585,82.735225062,0.058100991,0.555397220,nan,nan,13,13,11,1,0,1,0.846153846,0,0,0,0
895.187295914,82.834799142,0.058106002,0.555397220,nan,nan,13,13,11,1,0,1,0.846153846,0,0,0,0
896.187966824,82.937469244,0.058106002,0.555397220,nan,nan,13,13,11,1,0,1,0.846153846,0,0,0,0
897.200268984,83.034035162,0.058107255,0.555397220,nan,nan,13,13,11,1,0,1,0.846153846,0,0,0,0
898.180999517,83.136919514,0.058107255,0.555397220,nan,nan,13,13,11,1,0,1,0.846153846,0,0,0,0
899.189181089,83.223207937,0.058107255,0.555397220,nan,nan,13,13,11,1,0,1,0.846153846,0,0,0,0
900.206831932,83.325771327,0.058107255,0.555397220,nan,nan,13,13,11,1,0,1,0.846153846,0,0,0,0
901.195992947,83.416724574,0.058107255,0.555397220,nan,nan,13,13,11,1,0,1,0.846153846,0,0,0,0
902.181136131,83.508483510,0.058107255,0.555397220,nan,nan,13,13,11,1,0,1,0.846153846,0,0,0,0
903.194183350,83.585075468,0.058107255,0.555397220,nan,nan,13,13,11,1,0,1,0.846153846,0,0,0,0
906.443173170,83.649621668,0.058107255,0.555397220,nan,nan,14,14,12,1,0,1,0.857142857,0,0,0,0
907.199857712,83.681701943,0.058107255,0.555397220,nan,nan,14,14,12,1,0,1,0.857142857,0,0,0,0
908.176870584,83.718045884,0.058107255,0.555397220,nan,nan,14,14,12,1,0,1,0.857142857,0,0,0,0
909.206609964,83.777765886,0.058107255,0.555397220,nan,nan,14,14,12,1,0,1,0.857142857,0,0,0,0
910.205802679,83.820304296,0.058107255,0.555397220,nan,nan,14,14,12,1,0,1,0.857142857,0,0,0,0
911.185904980,83.849536632,0.058107255,0.555397220,nan,nan,14,14,12,1,0,1,0.857142857,0,0,0,0
912.178757429,83.869229893,0.058107255,0.555397220,nan,nan,14,14,12,1,0,1,0.857142857,0,0,0,0
913.199805498,83.880572414,0.058107255,0.555397220,nan,nan,14,14,12,1,0,1,0.857142857,0,0,0,0
914.196196318,83.887353431,0.058107255,0.555397220,nan,nan,14,14,12,1,0,1,0.857142857,0,0,0,0
915.186111450,83.890349946,0.058107255,0.555397220,nan,nan,14,14,12,1,0,1,0.857142857,0,0,0,0
916.192683697,83.891608775,0.058107255,0.555397220,nan,nan,14,14,12,1,0,1,0.857142857,0,0,0,0
917.183095217,83.895449212,0.058107255,0.555397220,nan,nan,14,14,12,1,0,1,0.857142857,0,0,0,0
918.179977894,83.902088692,0.058107255,0.555397220,nan,nan,14,14,12,1,0,1,0.857142857,0,0,0,0
919.188497782,83.915638157,0.058107255,0.555397220,nan,nan,14,14,12,1,0,1,0.857142857,0,0,0,0
920.207571268,83.942711078,0.058107255,0.555397220,nan,nan,14,14,12,1,0,1,0.857142857,0,0,0,0
921.181115389,84.011500531,0.058107255,0.555397220,nan,nan,14,14,12,1,0,1,0.857142857,0,0,0,0
922.204547644,84.122870977,0.058107255,0.555397220,nan,nan,14,14,12,1,0,1,0.857142857,0,0,0,0
923.209628344,84.232869316,0.058107255,0.555397220,nan,nan,14,14,12,1,0,1,0.857142857,0,0,0,0
924.200699806,84.332869296,0.058107255,0.555397220,nan,nan,14,14,12,1,0,1,0.857142857,0,0,0,0
925.194517851,84.452865963,0.058107255,0.555397220,nan,nan,14,14,12,1,0,1,0.857142857,0,0,0,0
926.190509081,84.562832081,0.058107255,0.555397220,nan,nan,14,14,12,1,0,1,0.857142857,0,0,0,0
927.195740700,84.672734090,0.058107255,0.555397220,nan,nan,14,14,12,1,0,1,0.857142857,0,0,0,0
928.181275368,84.781751374,0.058107255,0.555397220,nan,nan,14,14,12,1,0,1,0.857142857,0,0,0,0
929.213896513,84.887084177,0.058107255,0.555397220,nan,nan,14,14,12,1,0,1,0.857142857,0,0,0,0
930.184222937,84.992489576,0.058107255,0.555397220,nan,nan,14,14,12,1,0,1,0.857142857,0,0,0,0
931.194658279,85.100186914,0.058107255,0.555397220,nan,nan,14,14,12,1,0,1,0.857142857,0,0,0,0
932.208970308,85.209211488,0.058107255,0.555397220,nan,nan,14,14,12,1,0,1,0.857142857,0,0,0,0
933.195044041,85.318612711,0.058107255,0.555397220,nan,nan,14,14,12,1,0,1,0.857142857,0,0,0,0
934.200706482,85.438347940,0.058107255,0.555397220,nan,nan,14,14,12,1,0,1,0.857142857,0,0,0,0
935.193801165,85.548132898,0.058107255,0.555397220,nan,nan,14,14,12,1,0,1,0.857142857,0,0,0,0
936.188505411,85.657890866,0.058107255,0.555397220,nan,nan,14,14,12,1,0,1,0.857142857,0,0,0,0
937.206131220,85.757811780,0.058107255,0.555397220,nan,nan,14,14,12,1,0,1,0.857142857,0,0,0,0
938.180485487,85.877635111,0.058107255,0.555397220,nan,nan,14,14,12,1,0,1,0.857142857,0,0,0,0
939.182826281,85.987272017,0.058107255,0.555397220,nan,nan,14,14,12,1,0,1,0.857142857,0,0,0,0
940.194452286,86.106936903,0.058107255,0.555397220,nan,nan,14,14,12,1,0,1,0.857142857,0,0,0,0
941.194965363,86.216836237,0.058107255,0.555397220,nan,nan,14,14,12,1,0,1,0.857142857,0,0,0,0
942.185542345,86.326689957,0.058107255,0.555397220,nan,nan,14,14,12,1,0,1,0.857142857,0,0,0,0
943.193022013,86.446515286,0.058107255,0.555397220,nan,nan,14,14,12,1,0,1,0.857142857,0,0,0,0
944.198544502,86.556453603,0.058107255,0.555397220,nan,nan,14,14,12,1,0,1,0.857142857,0,0,0,0
945.182121277,86.676285378,0.058107255,0.555397220,nan,nan,14,14,12,1,0,1,0.857142857,0,0,0,0
946.181391716,86.776139788,0.058107255,0.555397220,nan,nan,14,14,12,1,0,1,0.857142857,0,0,0,0
947.180106640,86.885890091,0.058107255,0.555397220,nan,nan,14,14,12,1,0,1,0.857142857,0,0,0,0
948.184112072,87.005346962,0.058107255,0.555397220,nan,nan,14,14,12,1,0,1,0.857142857,0,0,0,0
949.194651127,87.114826141,0.058107255,0.555397220,nan,nan,14,14,12,1,0,1,0.857142857,0,0,0,0
950.196218491,87.224756551,0.058107255,0.555397220,nan,nan,14,14,12,1,0,1,0.857142857,0,0,0,0
951.186514854,87.334693595,0.058107255,0.555397220,nan,nan,14,14,12,1,0,1,0.857142857,0,0,0,0
952.176654339,87.444631716,0.058107255,0.555397220,nan,nan,14,14,12,1,0,1,0.857142857,0,0,0,0
953.193976641,87.554579523,0.058107255,0.555397220,nan,nan,14,14,12,1,0,1,0.857142857,0,0,0,0
954.187025309,87.664564357,0.058107255,0.555397220,nan,nan,14,14,12,1,0,1,0.857142857,0,0,0,0
955.194535732,87.774556751,0.058107255,0.555397220,nan,nan,14,14,12,1,0,1,0.857142857,0,0,0,0
956.184884071,87.884546680,0.058107255,0.555397220,nan,nan,14,14,12,1,0,1,0.857142857,0,0,0,0
957.182989359,87.994538374,0.058107255,0.555397220,nan,nan,14,14,12,1,0,1,0.857142857,0,0,0,0
958.181077003,88.104522121,0.058107255,0.555397220,nan,nan,14,14,12,1,0,1,0.857142857,0,0,0,0
959.270567417,88.214392094,0.058107255,0.555397220,nan,nan,14,14,12,1,0,1,0.857142857,0,0,0,0
960.187027931,88.314341457,0.058107255,0.555397220,nan,nan,14,14,12,1,0,1,0.857142857,0,0,0,0
961.183567286,88.424058951,0.058107255,0.555397220,nan,nan,14,14,12,1,0,1,0.857142857,0,0,0,0
962.189350128,88.523131102,0.058107255,0.555397220,nan,nan,14,14,12,1,0,1,0.857142857,0,0,0,0
963.198202848,88.627300858,0.058107255,0.555397220,nan,nan,14,14,12,1,0,1,0.857142857,0,0,0,0
964.194745541,88.718797792,0.058107255,0.555397220,nan,nan,14,14,12,1,0,1,0.857142857,0,0,0,0
965.202812433,88.816173520,0.058107255,0.555397220,nan,nan,14,14,12,1,0,1,0.857142857,0,0,0,0
966.178515196,88.911777869,0.058107255,0.555397220,nan,nan,14,14,12,1,0,1,0.857142857,0,0,0,0
967.212695837,88.985992035,0.058107255,0.555397220,nan,nan,14,14,12,1,0,1,0.857142857,0,0,0,0
968.196950674,89.066448716,0.058107255,0.555397220,nan,nan,14,14,12,1,0,1,0.857142857,0,0,0,0
969.176950455,89.131531770,0.058107255,0.555397220,nan,nan,14,14,12,1,0,1,0.857142857,0,0,0,0
970.194866657,89.212908521,0.058107255,0.555397220,nan,nan,14,14,12,1,0,1,0.857142857,0,0,0,0
971.202097654,89.287298324,0.058107255,0.555397220,nan,nan,14,14,12,1,0,1,0.857142857,0,0,0,0
972.182453394,89.358025335,0.058107255,0.555397220,nan,nan,14,14,12,1,0,1,0.857142857,0,0,0,0
973.213100910,89.432079273,0.058107255,0.555397220,nan,nan,14,14,12,1,0,1,0.857142857,0,0,0,0
974.182451487,89.495519401,0.058107255,0.555397220,nan,nan,14,14,12,1,0,1,0.857142857,0,0,0,0
975.188856602,89.556901796,0.058107255,0.555397220,nan,nan,14,14,12,1,0,1,0.857142857,0,0,0,0
976.189065456,89.635085968,0.058108508,0.555397220,nan,nan,14,14,12,1,0,1,0.857142857,0,0,0,0
977.183482409,89.701935295,0.058108508,0.555397220,nan,nan,14,14,12,1,0,1,0.857142857,0,0,0,0
978.178794861,89.768768632,0.058108508,0.555397220,nan,nan,14,14,12,1,0,1,0.857142857,0,0,0,0
979.193319798,89.844679109,0.058114771,0.555397220,nan,nan,14,14,12,1,0,1,0.857142857,0,0,0,0
980.185982227,89.912186177,0.058114771,0.555397220,nan,nan,14,14,12,1,0,1,0.857142857,0,0,0,0
981.207795858,89.980737847,0.058114771,0.555397220,nan,nan,14,14,12,1,0,1,0.857142857,0,0,0,0
982.186049223,90.048664379,0.058129804,0.555749994,nan,nan,14,14,12,1,0,1,0.857142857,0,0,0,0
983.181793213,90.128535538,0.058129804,0.555749994,nan,nan,14,14,12,1,0,1,0.857142857,0,0,0,0
984.187395573,90.214526627,0.058129804,0.555749994,nan,nan,14,14,12,1,0,1,0.857142857,0,0,0,0
985.178548813,90.314473389,0.058141079,0.555749994,nan,nan,14,14,12,1,0,1,0.857142857,0,0,0,0
986.184142590,90.443870831,0.058141079,0.555749994,nan,nan,14,14,12,1,0,1,0.857142857,0,0,0,0
987.182146549,90.559755970,0.058143584,0.555749994,nan,nan,14,14,12,1,0,1,0.857142857,0,0,0,0
988.266293764,90.681554583,0.058143584,0.555749994,nan,nan,14,14,12,1,0,1,0.857142857,0,0,0,0
989.178053141,90.780770914,0.058148595,0.555787128,nan,nan,14,14,12,1,0,1,0.857142857,0,0,0,0
990.214292049,90.871809237,0.058148595,0.555787128,nan,nan,14,14,12,1,0,1,0.857142857,0,0,0,0
991.193563938,90.984919016,0.058156112,0.555796412,nan,nan,14,14,12,1,0,1,0.857142857,0,0,0,0
992.190680504,91.100093082,0.058156112,0.555796412,nan,nan,14,14,12,1,0,1,0.857142857,0,0,0,0
993.218385220,91.219683183,0.058159870,0.555852113,nan,nan,14,14,12,1,0,1,0.857142857,0,0,0,0
994.219408035,91.349402436,0.058159870,0.555852113,nan,nan,14,14,12,1,0,1,0.857142857,0,0,0,0
995.198729753,91.479380296,0.058162376,0.555852113,nan,nan,14,14,12,1,0,1,0.857142857,0,0,0,0
996.223760366,91.609300256,0.058162376,0.555852113,nan,nan,14,14,12,1,0,1,0.857142857,0,0,0,0
997.198507547,91.738990708,0.058164881,0.555852113,nan,nan,14,14,12,1,0,1,0.857142857,0,0,0,0
998.192013979,91.878720666,0.058164881,0.555852113,nan,nan,14,14,12,1,0,1,0.857142857,0,0,0,0
999.202831984,92.018411367,0.058167387,0.555852113,nan,nan,14,14,12,1,0,1,0.857142857,0,0,0,0
1000.193539143,92.148157164,0.058167387,0.555852113,nan,nan,14,14,12,1,0,1,0.857142857,0,0,0,0
1001.196607351,92.268062348,0.058169892,0.555852113,nan,nan,14,14,12,1,0,1,0.857142857,0,0,0,0
1002.222632885,92.397689554,0.058169892,0.555852113,nan,nan,14,14,12,1,0,1,0.857142857,0,0,0,0
1003.187007427,92.527515760,0.058169892,0.555852113,nan,nan,14,14,12,1,0,1,0.857142857,0,0,0,0
1004.199687958,92.637299987,0.058169892,0.555852113,nan,nan,14,14,12,1,0,1,0.857142857,0,0,0,0
1005.196953535,92.787094526,0.058184925,0.555898531,nan,nan,14,14,12,1,0,1,0.857142857,0,0,0,0
1006.207575798,92.917031900,0.058184925,0.555898531,nan,nan,14,14,12,1,0,1,0.857142857,0,0,0,0
1007.203511238,93.046832546,0.058204969,0.556028500,nan,nan,14,14,12,1,0,1,0.857142857,0,0,0,0
1008.223397017,93.166654199,0.058204969,0.556028500,nan,nan,14,14,12,1,0,1,0.857142857,0,0,0,0
1009.198183775,93.296544172,0.058204969,0.556028500,nan,nan,14,14,12,1,0,1,0.857142857,0,0,0,0
1010.223283529,93.416533288,0.058204969,0.556028500,nan,nan,14,14,12,1,0,1,0.857142857,0,0,0,0
1011.223480940,93.556347362,0.058213738,0.556074918,nan,nan,14,14,12,1,0,1,0.857142857,0,0,0,0
1012.184124947,93.676172316,0.058213738,0.556074918,nan,nan,14,14,12,1,0,1,0.857142857,0,0,0,0
1013.217605114,93.805832892,0.058218749,0.556074918,nan,nan,14,14,12,1,0,1,0.857142857,0,0,0,0
1014.229301214,93.925656368,0.058218749,0.556074918,nan,nan,14,14,12,1,0,1,0.857142857,0,0,0,0
1015.187023640,94.075517789,0.058230024,0.556112052,nan,nan,14,14,12,1,0,1,0.857142857,0,0,0,0
1016.204091072,94.195330522,0.058272617,0.556297723,nan,nan,14,14,12,1,0,1,0.857142857,0,0,0,0
1017.210018396,94.335013387,0.058272617,0.556297723,nan,nan,14,14,12,1,0,1,0.857142857,0,0,0,0
1018.203464508,94.434753972,0.058204969,0.555963516,nan,nan,14,14,12,1,0,1,0.857142857,0,0,0,0
1019.206734419,94.564489242,0.058204969,0.555963516,nan,nan,14,14,12,1,0,1,0.857142857,0,0,0,0
1020.188343048,94.704246206,0.058213738,0.556019217,nan,nan,14,14,12,1,0,1,0.857142857,0,0,0,0
1021.230710983,94.834181167,0.058213738,0.556019217,nan,nan,14,14,12,1,0,1,0.857142857,0,0,0,0
1022.179363012,94.963895608,0.058228771,0.556019217,nan,nan,14,14,12,1,0,1,0.857142857,0,0,0,0
1023.205131531,95.103602795,0.058228771,0.556019217,nan,nan,14,14,12,1,0,1,0.857142857,0,0,0,0
1024.221014023,95.243376894,0.058236287,0.556037784,nan,nan,14,14,12,1,0,1,0.857142857,0,0,0,0
1025.197751522,95.373188461,0.058236287,0.556037784,nan,nan,14,14,12,1,0,1,0.857142857,0,0,0,0
1026.234855652,95.502967237,0.058248815,0.556056351,nan,nan,14,14,12,1,0,1,0.857142857,0,0,0,0
1027.204153061,95.642850512,0.058248815,0.556056351,nan,nan,14,14,12,1,0,1,0.857142857,0,0,0,0
1028.205919266,95.772785895,0.058255079,0.556056351,nan,nan,14,14,12,1,0,1,0.857142857,0,0,0,0
1029.182359457,95.902746665,0.058255079,0.556056351,nan,nan,14,14,12,1,0,1,0.857142857,0,0,0,0
1030.199600458,96.032601162,0.058275123,0.556065635,nan,nan,14,14,12,1,0,1,0.857142857,0,0,0,0
1031.211749077,96.172479215,0.058275123,0.556065635,nan,nan,14,14,12,1,0,1,0.857142857,0,0,0,0
1032.178669691,96.292339080,0.058286397,0.556084202,nan,nan,14,14,12,1,0,1,0.857142857,0,0,0,0
1033.195723534,96.432094928,0.058286397,0.556084202,nan,nan,14,14,12,1,0,1,0.857142857,0,0,0,0
1034.196782351,96.552022641,0.058291408,0.556130619,nan,nan,14,14,12,1,0,1,0.857142857,0,0,0,0
1035.213721037,96.681952700,0.058291408,0.556130619,nan,nan,14,14,12,1,0,1,0.857142857,0,0,0,0
1036.189856052,96.811699743,0.058317716,0.556316290,nan,nan,14,14,12,1,0,1,0.857142857,0,0,0,0
1037.201021671,96.941249103,0.058326485,0.556316290,nan,nan,14,14,12,1,0,1,0.857142857,0,0,0,0
1038.203963757,97.071118796,0.058326485,0.556316290,nan,nan,14,14,12,1,0,1,0.857142857,0,0,0,0
1039.199002743,97.200985796,0.058337760,0.556371992,nan,nan,14,14,12,1,0,1,0.857142857,0,0,0,0
1040.212390900,97.330909653,0.058337760,0.556371992,nan,nan,14,14,12,1,0,1,0.857142857,0,0,0,0
1041.176743031,97.450608905,0.058362815,0.556539095,nan,nan,14,14,12,1,0,1,0.857142857,0,0,0,0
1042.207273006,97.580454053,0.058362815,0.556539095,nan,nan,14,14,12,1,0,1,0.857142857,0,0,0,0
1043.182016611,97.760337931,0.058394133,0.556641214,nan,nan,14,14,12,1,0,1,0.857142857,0,0,0,0
1044.226937532,97.900259928,0.058394133,0.556641214,nan,nan,14,14,12,1,0,1,0.857142857,0,0,0,0
1045.208789587,98.029999963,0.058419188,0.556734050,nan,nan,14,14,12,1,0,1,0.857142857,0,0,0,0
1046.215326071,98.169960387,0.058419188,0.556734050,nan,nan,14,14,12,1,0,1,0.857142857,0,0,0,0
1047.197788239,98.299767588,0.058435474,0.556799035,nan,nan,14,14,12,1,0,1,0.857142857,0,0,0,0
1048.209748268,98.439384118,0.058435474,0.556799035,nan,nan,14,14,12,1,0,1,0.857142857,0,0,0,0
1049.185478926,98.578946240,0.058481825,0.557179660,nan,nan,14,14,12,1,0,1,0.857142857,0,0,0,0
1050.191023827,98.708657630,0.058513144,0.557411748,nan,nan,14,14,12,1,0,1,0.857142857,0,0,0,0
1051.189985037,98.858351017,0.058513144,0.557411748,nan,nan,14,14,12,1,0,1,0.857142857,0,0,0,0
1052.190286636,98.978044651,0.058587056,0.558191566,nan,nan,14,14,12,1,0,1,0.857142857,0,0,0,0
1053.190866947,99.107784037,0.058587056,0.558191566,nan,nan,14,14,12,1,0,1,0.857142857,0,0,0,0
1054.191727638,99.237550593,0.058721099,0.559407710,nan,nan,14,14,12,1,0,1,0.857142857,0,0,0,0
1055.194861412,99.367260323,0.058721099,0.559407710,nan,nan,14,14,12,1,0,1,0.857142857,0,0,0,0
1056.185973167,99.507182385,0.058945340,0.561737879,nan,nan,14,14,12,1,0,1,0.857142857,0,0,0,0
1057.227048159,99.627060466,0.058945340,0.561737879,nan,nan,14,14,12,1,0,1,0.857142857,0,0,0,0
1058.186372280,99.767031008,0.059334944,0.566565321,nan,nan,14,14,12,1,0,1,0.857142857,0,0,0,0
1059.194288492,99.897004599,0.059334944,0.566565321,nan,nan,14,14,12,1,0,1,0.857142857,0,0,0,0
1060.203078747,100.046767480,0.059913711,0.573685799,nan,nan,14,14,12,1,0,1,0.857142857,0,0,0,0
1061.201287746,100.176518777,0.059913711,0.573685799,nan,nan,14,14,12,1,0,1,0.857142857,0,0,0,0
1062.184685946,100.296380685,0.061036169,0.588339870,nan,nan,14,14,12,1,0,1,0.857142857,0,0,0,0
1063.216373205,100.426222235,0.061036169,0.588339870,nan,nan,14,14,12,1,0,1,0.857142857,0,0,0,0
1064.201813936,100.556222090,0.062050891,0.600167104,nan,nan,14,14,12,1,0,1,0.857142857,0,0,0,0
1065.196497679,100.686220834,0.062815065,0.610532179,nan,nan,14,14,12,1,0,1,0.857142857,0,0,0,0
1066.184610605,100.816219950,0.062815065,0.610532179,nan,nan,14,14,12,1,0,1,0.857142857,0,0,0,0
1067.203550577,100.946160874,0.063372536,0.617425209,nan,nan,14,14,12,1,0,1,0.857142857,0,0,0,0
1068.198479176,101.084316872,0.063372536,0.617425209,nan,nan,14,14,12,1,0,1,0.857142857,0,0,0,0
1069.203283310,101.193444858,0.063898688,0.623779794,nan,nan,14,14,12,1,0,1,0.857142857,0,0,0,0
1070.208598375,101.299058069,0.063898688,0.623779794,nan,nan,14,14,12,1,0,1,0.857142857,0,0,0,0
1073.669698000,101.383684207,0.064264489,0.628226611,nan,nan,15,15,13,1,0,1,0.866666667,0,0,0,0
1074.198286057,101.431138623,0.064585192,0.632125699,nan,nan,15,15,13,1,0,1,0.866666667,0,0,0,0
1075.202807665,101.460141183,0.064585192,0.632125699,nan,nan,15,15,13,1,0,1,0.866666667,0,0,0,0
1076.184355021,101.514506946,0.064585192,0.632125699,nan,nan,15,15,13,1,0,1,0.866666667,0,0,0,0
1077.193878651,101.621708549,0.064880839,0.635551326,nan,nan,15,15,13,1,0,1,0.866666667,0,0,0,0
1078.193138599,101.746449444,0.064880839,0.635551326,nan,nan,15,15,13,1,0,1,0.866666667,0,0,0,0
1079.199646711,101.875652721,0.065111344,0.638494209,nan,nan,15,15,13,1,0,1,0.866666667,0,0,0,0
1080.187294245,102.005518315,0.065111344,0.638494209,nan,nan,15,15,13,1,0,1,0.866666667,0,0,0,0
1081.194278479,102.125456218,0.065259168,0.640211665,nan,nan,15,15,13,1,0,1,0.866666667,0,0,0,0
1082.204761028,102.265335154,0.065259168,0.640211665,nan,nan,15,15,13,1,0,1,0.866666667,0,0,0,0
1083.204185724,102.405166289,0.065422024,0.642291178,nan,nan,15,15,13,1,0,1,0.866666667,0,0,0,0
1084.209784269,102.524967089,0.065422024,0.642291178,nan,nan,15,15,13,1,0,1,0.866666667,0,0,0,0
1085.200777531,102.654872544,0.065579870,0.644222155,nan,nan,15,15,13,1,0,1,0.866666667,0,0,0,0
1086.201281548,102.784864720,0.065579870,0.644222155,nan,nan,15,15,13,1,0,1,0.866666667,0,0,0,0
1087.191732407,102.904759609,0.065752749,0.646626593,nan,nan,15,15,13,1,0,1,0.866666667,0,0,0,0
1088.190071344,103.014721389,0.065752749,0.646626593,nan,nan,15,15,13,1,0,1,0.866666667,0,0,0,0
1089.183248758,103.104721144,0.066013319,0.650186831,nan,nan,15,15,13,1,0,1,0.866666667,0,0,0,0
1090.201316595,103.204710817,0.066013319,0.650186831,nan,nan,15,15,13,1,0,1,0.866666667,0,0,0,0
1091.212099314,103.294710741,0.066013319,0.650186831,nan,nan,15,15,13,1,0,1,0.866666667,0,0,0,0
1092.196977854,103.404497436,0.066281406,0.653575324,nan,nan,15,15,13,1,0,1,0.866666667,0,0,0,0
1093.213309765,103.504088696,0.066281406,0.653575324,nan,nan,15,15,13,1,0,1,0.866666667,0,0,0,0
1094.183292150,103.614084533,0.066381626,0.654772901,nan,nan,15,15,13,1,0,1,0.866666667,0,0,0,0
1095.201721907,103.714068647,0.066381626,0.654772901,nan,nan,15,15,13,1,0,1,0.866666667,0,0,0,0
1096.184478521,103.823868936,0.066381626,0.654772901,nan,nan,15,15,13,1,0,1,0.866666667,0,0,0,0
1097.191218376,103.921410540,0.066386637,0.654772901,nan,nan,15,15,13,1,0,1,0.866666667,0,0,0,0
1098.186223507,104.027280234,0.066386637,0.654772901,nan,nan,15,15,13,1,0,1,0.866666667,0,0,0,0
1099.198312759,104.121164612,0.066387889,0.654772901,nan,nan,15,15,13,1,0,1,0.866666667,0,0,0,0
1100.181771755,104.219867522,0.066387889,0.654772901,nan,nan,15,15,13,1,0,1,0.866666667,0,0,0,0
1101.186090231,104.302904988,0.066387889,0.654772901,nan,nan,15,15,13,1,0,1,0.866666667,0,0,0,0
1102.199036598,104.388144310,0.066387889,0.654772901,nan,nan,15,15,13,1,0,1,0.866666667,0,0,0,0
1103.216939211,104.460084350,0.066387889,0.654772901,nan,nan,15,15,13,1,0,1,0.866666667,0,0,0,0
1107.035982847,104.518643810,0.066387889,0.654772901,nan,nan,16,16,14,1,0,1,0.875000000,0,0,0,0
1107.177633524,104.562572467,0.066387889,0.654772901,nan,nan,16,16,14,1,0,1,0.875000000,0,0,0,0
1108.186548233,104.575460461,0.066387889,0.654772901,nan,nan,16,16,14,1,0,1,0.875000000,0,0,0,0
1109.187758684,104.618162015,0.066387889,0.654772901,nan,nan,16,16,14,1,0,1,0.875000000,0,0,0,0
1110.183291912,104.660021644,0.066387889,0.654772901,nan,nan,16,16,14,1,0,1,0.875000000,0,0,0,0
1111.184997320,104.696473974,0.066387889,0.654772901,nan,nan,16,16,14,1,0,1,0.875000000,0,0,0,0
1112.188281298,104.733891028,0.066387889,0.654772901,nan,nan,16,16,14,1,0,1,0.875000000,0,0,0,0
1113.193290234,104.763824520,0.066387889,0.654772901,nan,nan,16,16,14,1,0,1,0.875000000,0,0,0,0
1114.204324007,104.789063661,0.066387889,0.654772901,nan,nan,16,16,14,1,0,1,0.875000000,0,0,0,0
1115.202097654,104.799431398,0.066387889,0.654772901,nan,nan,16,16,14,1,0,1,0.875000000,0,0,0,0
1116.197509289,104.803855103,0.066387889,0.654772901,nan,nan,16,16,14,1,0,1,0.875000000,0,0,0,0
1117.194528580,104.813461180,0.066387889,0.654772901,nan,nan,16,16,14,1,0,1,0.875000000,0,0,0,0
1118.192460299,104.828309073,0.066387889,0.654772901,nan,nan,16,16,14,1,0,1,0.875000000,0,0,0,0
1119.179677010,104.854225040,0.066387889,0.654772901,nan,nan,16,16,14,1,0,1,0.875000000,0,0,0,0
1120.187014580,104.887607124,0.066387889,0.654772901,nan,nan,16,16,14,1,0,1,0.875000000,0,0,0,0
1121.199586391,104.937648512,0.066387889,0.654772901,nan,nan,16,16,14,1,0,1,0.875000000,0,0,0,0
1122.185844660,105.005779816,0.066387889,0.654772901,nan,nan,16,16,14,1,0,1,0.875000000,0,0,0,0
1123.185419559,105.102375267,0.066387889,0.654772901,nan,nan,16,16,14,1,0,1,0.875000000,0,0,0,0
1124.188622952,105.200444828,0.066387889,0.654772901,nan,nan,16,16,14,1,0,1,0.875000000,0,0,0,0
1125.196096182,105.310148685,0.066387889,0.654772901,nan,nan,16,16,14,1,0,1,0.875000000,0,0,0,0
1126.193639278,105.409770214,0.066387889,0.654772901,nan,nan,16,16,14,1,0,1,0.875000000,0,0,0,0
1127.213901520,105.507959639,0.066387889,0.654772901,nan,nan,16,16,14,1,0,1,0.875000000,0,0,0,0
1128.194925785,105.616577590,0.066387889,0.654772901,nan,nan,16,16,14,1,0,1,0.875000000,0,0,0,0
1129.207052231,105.726199221,0.066387889,0.654772901,nan,nan,16,16,14,1,0,1,0.875000000,0,0,0,0
1130.199349165,105.825724900,0.066387889,0.654772901,nan,nan,16,16,14,1,0,1,0.875000000,0,0,0,0
1131.189585924,105.925669530,0.066387889,0.654772901,nan,nan,16,16,14,1,0,1,0.875000000,0,0,0,0
1132.184405804,106.025629434,0.066389142,0.654772901,nan,nan,16,16,14,1,0,1,0.875000000,0,0,0,0
1133.204453707,106.115587243,0.066389142,0.654772901,nan,nan,16,16,14,1,0,1,0.875000000,0,0,0,0
1134.185387373,106.205545391,0.066440505,0.655515585,nan,nan,16,16,14,1,0,1,0.875000000,0,0,0,0
1135.197431326,106.315150892,0.066440505,0.655515585,nan,nan,16,16,14,1,0,1,0.875000000,0,0,0,0
1136.186266422,106.431822849,0.066440505,0.655515585,nan,nan,16,16,14,1,0,1,0.875000000,0,0,0,0
1137.199324369,106.539000590,0.066510658,0.656499640,nan,nan,16,16,14,1,0,1,0.875000000,0,0,0,0
1138.197117329,106.645334191,0.066510658,0.656499640,nan,nan,16,16,14,1,0,1,0.875000000,0,0,0,0
1139.201521635,106.740451268,0.066570790,0.657372293,nan,nan,16,16,14,1,0,1,0.875000000,0,0,0,0
1140.198905945,106.840908919,0.066570790,0.657372293,nan,nan,16,16,14,1,0,1,0.875000000,0,0,0,0
1141.185347795,106.974393930,0.066589581,0.657595098,nan,nan,16,16,14,1,0,1,0.875000000,0,0,0,0
1142.187109232,107.102363517,0.066589581,0.657595098,nan,nan,16,16,14,1,0,1,0.875000000,0,0,0,0
1143.195319891,107.231894286,0.066603361,0.657780769,nan,nan,16,16,14,1,0,1,0.875000000,0,0,0,0
1144.189804077,107.361553176,0.066603361,0.657780769,nan,nan,16,16,14,1,0,1,0.875000000,0,0,0,0
1145.184083939,107.491498580,0.066632174,0.658031425,nan,nan,16,16,14,1,0,1,0.875000000,0,0,0,0
1146.199109793,107.611365073,0.066707339,0.658449184,nan,nan,16,16,14,1,0,1,0.875000000,0,0,0,0
1147.217804432,107.750434264,0.066707339,0.658449184,nan,nan,16,16,14,1,0,1,0.875000000,0,0,0,0
1148.265813828,107.890110340,0.066796284,0.658718407,nan,nan,16,16,14,1,0,1,0.875000000,0,0,0,0
1149.188078880,108.039145450,0.066796284,0.658718407,nan,nan,16,16,14,1,0,1,0.875000000,0,0,0,0
1150.194477558,108.158608714,0.066860174,0.659061898,nan,nan,16,16,14,1,0,1,0.875000000,0,0,0,0
1151.192404747,108.287672061,0.066860174,0.659061898,nan,nan,16,16,14,1,0,1,0.875000000,0,0,0,0
1152.185586929,108.417200898,0.066940349,0.659507508,nan,nan,16,16,14,1,0,1,0.875000000,0,0,0,0
1153.218589544,108.546513906,0.066940349,0.659507508,nan,nan,16,16,14,1,0,1,0.875000000,0,0,0,0
1154.201748848,108.676432989,0.067100701,0.659934551,nan,nan,16,16,14,1,0,1,0.875000000,0,0,0,0
1155.200741053,108.826300973,0.067100701,0.659934551,nan,nan,16,16,14,1,0,1,0.875000000,0,0,0,0
1156.193917751,108.956170581,0.067204678,0.660472996,nan,nan,16,16,14,1,0,1,0.875000000,0,0,0,0
1157.180404902,109.085976344,0.067204678,0.660472996,nan,nan,16,16,14,1,0,1,0.875000000,0,0,0,0
1158.206151724,109.215840696,0.067375051,0.661030009,nan,nan,16,16,14,1,0,1,0.875000000,0,0,0,0
1159.219980478,109.345612810,0.067375051,0.661030009,nan,nan,16,16,14,1,0,1,0.875000000,0,0,0,0
1160.204169989,109.475543465,0.067639380,0.661791260,nan,nan,16,16,14,1,0,1,0.875000000,0,0,0,0
1161.205271482,109.615480665,0.067639380,0.661791260,nan,nan,16,16,14,1,0,1,0.875000000,0,0,0,0
1162.227325678,109.765299421,0.067914984,0.663053821,nan,nan,16,16,14,1,0,1,0.875000000,0,0,0,0
1163.178077459,109.884692660,0.068219400,0.664056444,nan,nan,16,16,14,1,0,1,0.875000000,0,0,0,0
1164.202059746,110.024455213,0.068219400,0.664056444,nan,nan,16,16,14,1,0,1,0.875000000,0,0,0,0
1165.199421167,110.144322438,0.068541356,0.665690347,nan,nan,16,16,14,1,0,1,0.875000000,0,0,0,0
1166.237996817,110.273991933,0.068541356,0.665690347,nan,nan,16,16,14,1,0,1,0.875000000,0,0,0,0
1167.179105520,110.393824032,0.068848278,0.666915775,nan,nan,16,16,14,1,0,1,0.875000000,0,0,0,0
1168.186433077,110.513443759,0.068848278,0.666915775,nan,nan,16,16,14,1,0,1,0.875000000,0,0,0,0
1169.203742027,110.643189246,0.069409507,0.670109314,nan,nan,16,16,14,1,0,1,0.875000000,0,0,0,0
1170.186053038,110.782871274,0.069409507,0.670109314,nan,nan,16,16,14,1,0,1,0.875000000,0,0,0,0
1171.197894335,110.912543861,0.069805374,0.672188827,nan,nan,16,16,14,1,0,1,0.875000000,0,0,0,0
1172.196681976,111.032438206,0.069805374,0.672188827,nan,nan,16,16,14,1,0,1,0.875000000,0,0,0,0
1173.189226866,111.172430515,0.070177439,0.674249774,nan,nan,16,16,14,1,0,1,0.875000000,0,0,0,0
1174.205591440,111.292398131,0.070177439,0.674249774,nan,nan,16,16,14,1,0,1,0.875000000,0,0,0,0
1175.192495108,111.432362639,0.070610888,0.675883677,nan,nan,16,16,14,1,0,1,0.875000000,0,0,0,0
1176.205589056,111.602245276,0.070610888,0.675883677,nan,nan,16,16,14,1,0,1,0.875000000,0,0,0,0
1177.279186249,111.761662699,0.071351259,0.678520203,nan,nan,16,16,14,1,0,1,0.875000000,0,0,0,0
1178.206799507,111.899237538,0.072221916,0.680711119,nan,nan,16,16,14,1,0,1,0.875000000,0,0,0,0
1179.185070992,112.019149244,0.072221916,0.680711119,nan,nan,16,16,14,1,0,1,0.875000000,0,0,0,0
1180.208669901,112.159131980,0.073429561,0.682010815,nan,nan,16,16,14,1,0,1,0.875000000,0,0,0,0
1181.192295790,112.299124693,0.073429561,0.682010815,nan,nan,16,16,14,1,0,1,0.875000000,0,0,0,0
1182.190736055,112.419124686,0.074184965,0.682939170,nan,nan,16,16,14,1,0,1,0.875000000,0,0,0,0
1183.189658165,112.548815331,0.074184965,0.682939170,nan,nan,16,16,14,1,0,1,0.875000000,0,0,0,0
1184.210651875,112.663259820,0.074742436,0.684220298,nan,nan,16,16,14,1,0,1,0.875000000,0,0,0,0
1185.227811098,112.783107863,0.074742436,0.684220298,nan,nan,16,16,14,1,0,1,0.875000000,0,0,0,0
1189.953506708,112.874876994,0.075172127,0.685427159,nan,nan,17,17,15,1,0,1,0.882352941,0,0,0,0
1190.178981066,112.958419022,0.075524148,0.686466916,nan,nan,17,17,15,1,0,1,0.882352941,0,0,0,0
1191.193064213,112.965271053,0.075524148,0.686466916,nan,nan,17,17,15,1,0,1,0.882352941,0,0,0,0
1192.196404696,112.981761520,0.075524148,0.686466916,nan,nan,17,17,15,1,0,1,0.882352941,0,0,0,0
1193.209518194,112.984344075,0.075524148,0.686466916,nan,nan,17,17,15,1,0,1,0.882352941,0,0,0,0
1194.180399418,113.005139828,0.075524148,0.686466916,nan,nan,17,17,15,1,0,1,0.882352941,0,0,0,0
1195.217275143,113.070851424,0.075524148,0.686466916,nan,nan,17,17,15,1,0,1,0.882352941,0,0,0,0
1196.184437275,113.179787687,0.075863641,0.687358136,nan,nan,17,17,15,1,0,1,0.882352941,0,0,0,0
1197.221711159,113.299707756,0.075863641,0.687358136,nan,nan,17,17,15,1,0,1,0.882352941,0,0,0,0
1198.219802856,113.429707278,0.076137992,0.688193655,nan,nan,17,17,15,1,0,1,0.882352941,0,0,0,0
1199.226714373,113.559647311,0.076137992,0.688193655,nan,nan,17,17,15,1,0,1,0.882352941,0,0,0,0
1200.207763910,113.689647183,0.076283310,0.688685682,nan,nan,17,17,15,1,0,1,0.882352941,0,0,0,0
1201.190493107,113.819633856,0.076283310,0.688685682,nan,nan,17,17,15,1,0,1,0.882352941,0,0,0,0
1202.196927786,113.939603378,0.076392299,0.688750667,nan,nan,17,17,15,1,0,1,0.882352941,0,0,0,0
1203.201446056,114.079517206,0.076392299,0.688750667,nan,nan,17,17,15,1,0,1,0.882352941,0,0,0,0
1204.227309465,114.209243761,0.076647859,0.688769234,nan,nan,17,17,15,1,0,1,0.882352941,0,0,0,0
1205.203392506,114.339116133,0.076647859,0.688769234,nan,nan,17,17,15,1,0,1,0.882352941,0,0,0,0
1206.214917660,114.469077505,0.076865836,0.688806369,nan,nan,17,17,15,1,0,1,0.882352941,0,0,0,0
1207.224560499,114.618719368,0.076865836,0.688806369,nan,nan,17,17,15,1,0,1,0.882352941,0,0,0,0
1208.205619812,114.758636282,0.077399505,0.688899204,nan,nan,17,17,15,1,0,1,0.882352941,0,0,0,0
1209.192633152,114.888372159,0.078020866,0.688899204,nan,nan,17,17,15,1,0,1,0.882352941,0,0,0,0
1210.224339485,115.026977873,0.078020866,0.688899204,nan,nan,17,17,15,1,0,1,0.882352941,0,0,0,0
1211.187571526,115.146537783,0.078598380,0.688945622,nan,nan,17,17,15,1,0,1,0.882352941,0,0,0,0
1212.183433294,115.266183636,0.078598380,0.688945622,nan,nan,17,17,15,1,0,1,0.882352941,0,0,0,0
1213.191207170,115.386020329,0.078885259,0.689038457,nan,nan,17,17,15,1,0,1,0.882352941,0,0,0,0
1214.208351135,115.525613986,0.078885259,0.689038457,nan,nan,17,17,15,1,0,1,0.882352941,0,0,0,0
1215.203978539,115.655453022,0.079232269,0.689149860,nan,nan,17,17,15,1,0,1,0.882352941,0,0,0,0
1216.188614845,115.785389154,0.079232269,0.689149860,nan,nan,17,17,15,1,0,1,0.882352941,0,0,0,0
1217.199686289,115.925243478,0.079564246,0.689632604,nan,nan,17,17,15,1,0,1,0.882352941,0,0,0,0
1218.184335709,116.044646299,0.079564246,0.689632604,nan,nan,17,17,15,1,0,1,0.882352941,0,0,0,0
1219.184840918,116.178753761,0.079673234,0.690059647,nan,nan,17,17,15,1,0,1,0.882352941,0,0,0,0
1220.201483488,116.283711726,0.079673234,0.690059647,nan,nan,17,17,15,1,0,1,0.882352941,0,0,0,0
1221.200686932,116.383560418,0.080022750,0.690728062,nan,nan,17,17,15,1,0,1,0.882352941,0,0,0,0
1222.186617136,116.471170826,0.080022750,0.690728062,nan,nan,17,17,15,1,0,1,0.882352941,0,0,0,0
1223.183324337,116.585801021,0.080153035,0.690728062,nan,nan,17,17,15,1,0,1,0.882352941,0,0,0,0
1224.206869841,116.669749324,0.080153035,0.690728062,nan,nan,17,17,15,1,0,1,0.882352941,0,0,0,0
1225.204835415,116.759805536,0.080329672,0.690746629,nan,nan,17,17,15,1,0,1,0.882352941,0,0,0,0
1226.183740139,116.840343078,0.080329672,0.690746629,nan,nan,17,17,15,1,0,1,0.882352941,0,0,0,0
1227.194443226,116.934778412,0.080417364,0.691099404,nan,nan,17,17,15,1,0,1,0.882352941,0,0,0,0
1228.197910070,117.023807607,0.080417364,0.691099404,nan,nan,17,17,15,1,0,1,0.882352941,0,0,0,0
1229.201136589,117.119300116,0.080601517,0.691303641,nan,nan,17,17,15,1,0,1,0.882352941,0,0,0,0
1230.237468719,117.182276422,0.080665407,0.691693550,nan,nan,17,17,15,1,0,1,0.882352941,0,0,0,0
1231.214012623,117.269736103,0.080665407,0.691693550,nan,nan,17,17,15,1,0,1,0.882352941,0,0,0,0
1232.207149267,117.357100894,0.080665407,0.691693550,nan,nan,17,17,15,1,0,1,0.882352941,0,0,0,0
1233.182590246,117.459790947,0.080760616,0.691693550,nan,nan,17,17,15,1,0,1,0.882352941,0,0,0,0
1234.216845274,117.534124750,0.080918461,0.692083459,nan,nan,17,17,15,1,0,1,0.882352941,0,0,0,0
1235.186841249,117.611264547,0.080918461,0.692083459,nan,nan,17,17,15,1,0,1,0.882352941,0,0,0,0
1236.189163923,117.680481552,0.080991121,0.692083459,nan,nan,17,17,15,1,0,1,0.882352941,0,0,0,0
1241.103363991,117.738432934,0.080991121,0.692083459,nan,nan,18,18,16,1,0,1,0.888888889,0,0,0,0
1241.177727699,117.762549313,0.081105120,0.692083459,nan,nan,18,18,16,1,0,1,0.888888889,0,0,0,0
1242.200791836,117.781147478,0.081105120,0.692083459,nan,nan,18,18,16,1,0,1,0.888888889,0,0,0,0
1243.204272509,117.798767856,0.081105120,0.692083459,nan,nan,18,18,16,1,0,1,0.888888889,0,0,0,0
1244.202342749,117.800369766,0.081105120,0.692083459,nan,nan,18,18,16,1,0,1,0.888888889,0,0,0,0
1245.196587324,117.802231311,0.081105120,0.692083459,nan,nan,18,18,16,1,0,1,0.888888889,0,0,0,0
1246.208813906,117.812287351,0.081105120,0.692083459,nan,nan,18,18,16,1,0,1,0.888888889,0,0,0,0
1247.194704533,117.833006967,0.081105120,0.692083459,nan,nan,18,18,16,1,0,1,0.888888889,0,0,0,0
1248.180115223,117.892911360,0.081105120,0.692083459,nan,nan,18,18,16,1,0,1,0.888888889,0,0,0,0
1249.193796396,118.004109634,0.081169010,0.692083459,nan,nan,18,18,16,1,0,1,0.888888889,0,0,0,0
1250.199999332,118.122683833,0.081169010,0.692083459,nan,nan,18,18,16,1,0,1,0.888888889,0,0,0,0
1251.210032463,118.262387731,0.081214109,0.692083459,nan,nan,18,18,16,1,0,1,0.888888889,0,0,0,0
1252.223521948,118.392364165,0.081214109,0.692083459,nan,nan,18,18,16,1,0,1,0.888888889,0,0,0,0
1253.189878702,118.532329492,0.081230395,0.692083459,nan,nan,18,18,16,1,0,1,0.888888889,0,0,0,0
1254.195846081,118.652316453,0.081230395,0.692083459,nan,nan,18,18,16,1,0,1,0.888888889,0,0,0,0
1255.183296204,118.772261111,0.081276746,0.692083459,nan,nan,18,18,16,1,0,1,0.888888889,0,0,0,0
1256.194971561,118.902109288,0.081276746,0.692083459,nan,nan,18,18,16,1,0,1,0.888888889,0,0,0,0
1257.202339649,119.031885732,0.081336878,0.692083459,nan,nan,18,18,16,1,0,1,0.888888889,0,0,0,0
1258.230320454,119.161443978,0.081336878,0.692083459,nan,nan,18,18,16,1,0,1,0.888888889,0,0,0,0
1259.198235989,119.291098644,0.081338131,0.692083459,nan,nan,18,18,16,1,0,1,0.888888889,0,0,0,0
1260.205661774,119.431003247,0.081338131,0.692083459,nan,nan,18,18,16,1,0,1,0.888888889,0,0,0,0
1261.197240591,119.560804752,0.081340636,0.692083459,nan,nan,18,18,16,1,0,1,0.888888889,0,0,0,0
1262.186921120,119.690560251,0.081340636,0.692083459,nan,nan,18,18,16,1,0,1,0.888888889,0,0,0,0
1263.198163271,119.810309895,0.081349405,0.692083459,nan,nan,18,18,16,1,0,1,0.888888889,0,0,0,0
1264.181638479,119.940150719,0.081349405,0.692083459,nan,nan,18,18,16,1,0,1,0.888888889,0,0,0,0
1265.197345734,120.069877279,0.081354416,0.692083459,nan,nan,18,18,16,1,0,1,0.888888889,0,0,0,0
1266.203322411,120.199436088,0.081354416,0.692083459,nan,nan,18,18,16,1,0,1,0.888888889,0,0,0,0
1267.203090668,120.329289333,0.081358174,0.692083459,nan,nan,18,18,16,1,0,1,0.888888889,0,0,0,0
1268.201870203,120.448889610,0.081358174,0.692083459,nan,nan,18,18,16,1,0,1,0.888888889,0,0,0,0
1269.200703382,120.578585217,0.081370702,0.692129877,nan,nan,18,18,16,1,0,1,0.888888889,0,0,0,0
1270.216424942,120.697842051,0.081370702,0.692129877,nan,nan,18,18,16,1,0,1,0.888888889,0,0,0,0
1271.199231386,120.821992644,0.081418306,0.692399099,nan,nan,18,18,16,1,0,1,0.888888889,0,0,0,0
1272.191617012,120.925423068,0.081418306,0.692399099,nan,nan,18,18,16,1,0,1,0.888888889,0,0,0,0
1273.183700562,121.031481859,0.081468416,0.692417667,nan,nan,18,18,16,1,0,1,0.888888889,0,0,0,0
1274.227209568,121.126741326,0.081468416,0.692417667,nan,nan,18,18,16,1,0,1,0.888888889,0,0,0,0
1275.196546078,121.231396956,0.081488460,0.692417667,nan,nan,18,18,16,1,0,1,0.888888889,0,0,0,0
1276.184982061,121.324445994,0.081488460,0.692417667,nan,nan,18,18,16,1,0,1,0.888888889,0,0,0,0
1277.202225924,121.418151269,0.081536064,0.692556920,nan,nan,18,18,16,1,0,1,0.888888889,0,0,0,0
1278.181608677,121.517786842,0.081536064,0.692556920,nan,nan,18,18,16,1,0,1,0.888888889,0,0,0,0
1279.218600035,121.622287102,0.081576152,0.692594054,nan,nan,18,18,16,1,0,1,0.888888889,0,0,0,0
1280.198786020,121.712667890,0.081576152,0.692594054,nan,nan,18,18,16,1,0,1,0.888888889,0,0,0,0
1281.204318523,121.800870720,0.081696415,0.692937545,nan,nan,18,18,16,1,0,1,0.888888889,0,0,0,0
1282.199972153,121.881652762,0.081696415,0.692937545,nan,nan,18,18,16,1,0,1,0.888888889,0,0,0,0
1283.196372509,121.970364044,0.081854261,0.693178917,nan,nan,18,18,16,1,0,1,0.888888889,0,0,0,0
1284.182648182,122.060335398,0.081854261,0.693178917,nan,nan,18,18,16,1,0,1,0.888888889,0,0,0,0
1285.206807137,122.163620918,0.082018370,0.693475990,nan,nan,18,18,16,1,0,1,0.888888889,0,0,0,0
1286.185066223,122.280854727,0.082018370,0.693475990,nan,nan,18,18,16,1,0,1,0.888888889,0,0,0,0
1287.198344946,122.393403575,0.082227578,0.693865899,nan,nan,18,18,16,1,0,1,0.888888889,0,0,0,0
1288.196191072,122.510943805,0.082296479,0.693865899,nan,nan,18,18,16,1,0,1,0.888888889,0,0,0,0
1289.208624125,122.620933978,0.082296479,0.693865899,nan,nan,18,18,16,1,0,1,0.888888889,0,0,0,0
1290.179590225,122.730924852,0.082296479,0.693865899,nan,nan,18,18,16,1,0,1,0.888888889,0,0,0,0
1291.187941074,122.850924807,0.082367886,0.694404345,nan,nan,18,18,16,1,0,1,0.888888889,0,0,0,0
1292.200033426,122.970924219,0.082367886,0.694404345,nan,nan,18,18,16,1,0,1,0.888888889,0,0,0,0
1293.196580648,123.100923630,0.082463094,0.694422912,nan,nan,18,18,16,1,0,1,0.888888889,0,0,0,0
1294.218955994,123.240880267,0.082463094,0.694422912,nan,nan,18,18,16,1,0,1,0.888888889,0,0,0,0
1295.203670979,123.370862555,0.082491907,0.694497180,nan,nan,18,18,16,1,0,1,0.888888889,0,0,0,0
1296.198373318,123.480805647,0.082491907,0.694497180,nan,nan,18,18,16,1,0,1,0.888888889,0,0,0,0
1297.187249660,123.610801417,0.082491907,0.694497180,nan,nan,18,18,16,1,0,1,0.888888889,0,0,0,0
1298.234960318,123.730680965,0.082491907,0.694497180,nan,nan,18,18,16,1,0,1,0.888888889,0,0,0,0
1299.205182076,123.850673094,0.082494413,0.694534314,nan,nan,18,18,16,1,0,1,0.888888889,0,0,0,0
1300.190316439,123.990649795,0.082494413,0.694534314,nan,nan,18,18,16,1,0,1,0.888888889,0,0,0,0
1301.182919502,124.120649770,0.082498171,0.694590016,nan,nan,18,18,16,1,0,1,0.888888889,0,0,0,0
1302.224475145,124.250646811,0.082498171,0.694590016,nan,nan,18,18,16,1,0,1,0.888888889,0,0,0,0
1303.191520929,124.380639027,0.082503182,0.694664284,nan,nan,18,18,16,1,0,1,0.888888889,0,0,0,0
1304.190943241,124.500638907,0.082503182,0.694664284,nan,nan,18,18,16,1,0,1,0.888888889,0,0,0,0
1305.223881245,124.620617097,0.082506940,0.694719985,nan,nan,18,18,16,1,0,1,0.888888889,0,0,0,0
1306.207017899,124.750554763,0.082506940,0.694719985,nan,nan,18,18,16,1,0,1,0.888888889,0,0,0,0
1307.187881231,124.880493115,0.082506940,0.694719985,nan,nan,18,18,16,1,0,1,0.888888889,0,0,0,0
1308.182980776,125.000489597,0.082506940,0.694719985,nan,nan,18,18,16,1,0,1,0.888888889,0,0,0,0
1309.186767817,125.120449529,0.082506940,0.694719985,nan,nan,18,18,16,1,0,1,0.888888889,0,0,0,0
1310.187503815,125.240336653,0.082506940,0.694719985,nan,nan,18,18,16,1,0,1,0.888888889,0,0,0,0
1311.236980915,125.370263399,0.082506940,0.694719985,nan,nan,18,18,16,1,0,1,0.888888889,0,0,0,0
1312.204773426,125.420193754,0.082506940,0.694719985,nan,nan,18,18,16,1,0,1,0.888888889,0,0,0,0
1313.239091635,125.520061736,0.082506940,0.694719985,nan,nan,18,18,16,1,0,1,0.888888889,0,0,0,0
1314.209548712,125.589997752,0.082506940,0.694719985,nan,nan,18,18,16,1,0,1,0.888888889,0,0,0,0
1315.217788458,125.659930886,0.082506940,0.694719985,nan,nan,18,18,16,1,0,1,0.888888889,0,0,0,0
1316.183487415,125.741902287,0.082506940,0.694719985,nan,nan,18,18,16,1,0,1,0.888888889,0,0,0,0
1317.202616930,125.808140289,0.082506940,0.694719985,nan,nan,18,18,16,1,0,1,0.888888889,0,0,0,0
1318.209630251,125.911116780,0.082506940,0.694719985,nan,nan,18,18,16,1,0,1,0.888888889,0,0,0,0
1319.198555231,125.994392938,0.082506940,0.694719985,nan,nan,18,18,16,1,0,1,0.888888889,0,0,0,0
1320.183118343,126.073649250,0.082506940,0.694719985,nan,nan,18,18,16,1,0,1,0.888888889,0,0,0,0
1321.182492256,126.152491307,0.082506940,0.694719985,nan,nan,18,18,16,1,0,1,0.888888889,0,0,0,0
1322.202606678,126.221733622,0.082506940,0.694719985,nan,nan,18,18,16,1,0,1,0.888888889,0,0,0,0
1323.208196163,126.290134498,0.082508193,0.694719985,nan,nan,18,18,16,1,0,1,0.888888889,0,0,0,0
1324.187901974,126.337194810,0.082508193,0.694719985,nan,nan,18,18,16,1,0,1,0.888888889,0,0,0,0
1325.213428259,126.380007398,0.082508193,0.694719985,nan,nan,18,18,16,1,0,1,0.888888889,0,0,0,0
1326.180322409,126.425336512,0.082508193,0.694719985,nan,nan,18,18,16,1,0,1,0.888888889,0,0,0,0
1327.185088158,126.467121736,0.082508193,0.694719985,nan,nan,18,18,16,1,0,1,0.888888889,0,0,0,0
1328.185783625,126.502229804,0.082508193,0.694719985,nan,nan,18,18,16,1,0,1,0.888888889,0,0,0,0
1329.189096928,126.537455709,0.082508193,0.694719985,nan,nan,18,18,16,1,0,1,0.888888889,0,0,0,0
1330.196090460,126.572211950,0.082509446,0.694719985,nan,nan,18,18,16,1,0,1,0.888888889,0,0,0,0
1331.199736595,126.591519196,0.082509446,0.694719985,nan,nan,18,18,16,1,0,1,0.888888889,0,0,0,0
1332.196046591,126.604576633,0.082509446,0.694719985,nan,nan,18,18,16,1,0,1,0.888888889,0,0,0,0
1333.201211691,126.625273712,0.082509446,0.694719985,nan,nan,18,18,16,1,0,1,0.888888889,0,0,0,0
1334.191924572,126.641377139,0.082509446,0.694719985,nan,nan,18,18,16,1,0,1,0.888888889,0,0,0,0
1335.206464529,126.645725502,0.082509446,0.694719985,nan,nan,18,18,16,1,0,1,0.888888889,0,0,0,0
1336.203113556,126.648113571,0.082509446,0.694719985,nan,nan,18,18,16,1,0,1,0.888888889,0,0,0,0
1337.179864168,126.654879014,0.082509446,0.694719985,nan,nan,18,18,16,1,0,1,0.888888889,0,0,0,0
1338.197795391,126.663104227,0.082509446,0.694719985,nan,nan,18,18,16,1,0,1,0.888888889,0,0,0,0
1339.205898285,126.664677461,0.082509446,0.694719985,nan,nan,18,18,16,1,0,1,0.888888889,0,0,0,0
1340.191157341,126.667391576,0.082509446,0.694719985,nan,nan,18,18,16,1,0,1,0.888888889,0,0,0,0
1341.220069885,126.671247971,0.082509446,0.694719985,nan,nan,18,18,16,1,0,1,0.888888889,0,0,0,0
1342.192715168,126.674151746,0.082509446,0.694719985,nan,nan,18,18,16,1,0,1,0.888888889,0,0,0,0
1343.186900377,126.681652964,0.082509446,0.694719985,nan,nan,18,18,16,1,0,1,0.888888889,0,0,0,0
1344.205109596,126.682179764,0.082509446,0.694719985,nan,nan,18,18,16,1,0,1,0.888888889,0,0,0,0
1345.211624622,126.683145681,0.082509446,0.694719985,nan,nan,18,18,16,1,0,1,0.888888889,0,0,0,0
1346.228602409,126.685143604,0.082509446,0.694719985,nan,nan,18,18,16,1,0,1,0.888888889,0,0,0,0
1347.206312895,126.688418594,0.082509446,0.694719985,nan,nan,18,18,16,1,0,1,0.888888889,0,0,0,0
1348.211185932,126.692157741,0.082509446,0.694719985,nan,nan,18,18,16,1,0,1,0.888888889,0,0,0,0
1349.185583115,126.693179464,0.082509446,0.694719985,nan,nan,18,18,16,1,0,1,0.888888889,0,0,0,0
1350.205917120,126.697298004,0.082509446,0.694719985,nan,nan,18,18,16,1,0,1,0.888888889,0,0,0,0
1351.216611385,126.699911548,0.082509446,0.694719985,nan,nan,18,18,16,1,0,1,0.888888889,0,0,0,0
1352.220982552,126.704684389,0.082509446,0.694719985,nan,nan,18,18,16,1,0,1,0.888888889,0,0,0,0
1353.212433577,126.712145929,0.082509446,0.694719985,nan,nan,18,18,16,1,0,1,0.888888889,0,0,0,0
1354.190033436,126.714221250,0.082509446,0.694719985,nan,nan,18,18,16,1,0,1,0.888888889,0,0,0,0
1355.193871975,126.716480323,0.082509446,0.694719985,nan,nan,18,18,16,1,0,1,0.888888889,0,0,0,0
1356.187793493,126.720103196,0.082509446,0.694719985,nan,nan,18,18,16,1,0,1,0.888888889,0,0,0,0
1357.251846075,126.725629771,0.082509446,0.694719985,nan,nan,18,18,16,1,0,1,0.888888889,0,0,0,0
1358.194425821,126.729082227,0.082509446,0.694719985,nan,nan,18,18,16,1,0,1,0.888888889,0,0,0,0
1359.215415001,126.731017100,0.082509446,0.694719985,nan,nan,18,18,16,1,0,1,0.888888889,0,0,0,0
1360.216303587,126.733542543,0.082509446,0.694719985,nan,nan,18,18,16,1,0,1,0.888888889,0,0,0,0
1361.215491772,126.735853735,0.082509446,0.694719985,nan,nan,18,18,16,1,0,1,0.888888889,0,0,0,0
1362.181413651,126.738314637,0.082509446,0.694719985,nan,nan,18,18,16,1,0,1,0.888888889,0,0,0,0
1363.194072723,126.741835213,0.082509446,0.694719985,nan,nan,18,18,16,1,0,1,0.888888889,0,0,0,0
1364.207955599,126.742537629,0.082509446,0.694719985,nan,nan,18,18,16,1,0,1,0.888888889,0,0,0,0
1365.192875385,126.744747254,0.082509446,0.694719985,nan,nan,18,18,16,1,0,1,0.888888889,0,0,0,0
1366.243220329,126.747787056,0.082509446,0.694719985,nan,nan,18,18,16,1,0,1,0.888888889,0,0,0,0
1367.195052862,126.753512847,0.082509446,0.694719985,nan,nan,18,18,16,1,0,1,0.888888889,0,0,0,0
1368.215607882,126.755263469,0.082509446,0.694719985,nan,nan,18,18,16,1,0,1,0.888888889,0,0,0,0
1369.185198545,126.761840383,0.082509446,0.694719985,nan,nan,18,18,16,1,0,1,0.888888889,0,0,0,0
1370.215075254,126.771704752,0.082509446,0.694719985,nan,nan,18,18,16,1,0,1,0.888888889,0,0,0,0
1371.203922510,126.774744253,0.082509446,0.694719985,nan,nan,18,18,16,1,0,1,0.888888889,0,0,0,0
1372.179940939,126.782905789,0.082509446,0.694719985,nan,nan,18,18,16,1,0,1,0.888888889,0,0,0,0
1373.218017340,126.814179875,0.082509446,0.694719985,nan,nan,18,18,16,1,0,1,0.888888889,0,0,0,0
1374.227519751,126.862406370,0.082509446,0.694719985,nan,nan,18,18,16,1,0,1,0.888888889,0,0,0,0
1375.179123163,126.917716306,0.082510698,0.694719985,nan,nan,18,18,16,1,0,1,0.888888889,0,0,0,0
1376.226692438,126.973894159,0.082511951,0.694719985,nan,nan,18,18,16,1,0,1,0.888888889,0,0,0,0
1377.295868874,127.030493433,0.082511951,0.694719985,nan,nan,18,18,16,1,0,1,0.888888889,0,0,0,0
1378.214778662,127.079834929,0.082511951,0.694719985,nan,nan,18,18,16,1,0,1,0.888888889,0,0,0,0
1379.237035513,127.138983707,0.082513204,0.694719985,nan,nan,18,18,16,1,0,1,0.888888889,0,0,0,0
1384.308137894,127.182325706,0.082513204,0.694719985,nan,nan,19,19,17,1,0,1,0.894736842,0,0,0,0
1385.191638470,127.205688826,0.082513204,0.694719985,nan,nan,19,19,17,1,0,1,0.894736842,0,0,0,0
1386.205778599,127.224189754,0.082513204,0.694719985,nan,nan,19,19,17,1,0,1,0.894736842,0,0,0,0
1387.179306030,127.229010605,0.082513204,0.694719985,nan,nan,19,19,17,1,0,1,0.894736842,0,0,0,0
1388.194855213,127.231474103,0.082513204,0.694719985,nan,nan,19,19,17,1,0,1,0.894736842,0,0,0,0
1389.205572844,127.237786215,0.082513204,0.694719985,nan,nan,19,19,17,1,0,1,0.894736842,0,0,0,0
1390.179651737,127.251864909,0.082513204,0.694719985,nan,nan,19,19,17,1,0,1,0.894736842,0,0,0,0
1391.189543962,127.294791466,0.082513204,0.694719985,nan,nan,19,19,17,1,0,1,0.894736842,0,0,0,0
1392.183902740,127.355064517,0.082513204,0.694719985,nan,nan,19,19,17,1,0,1,0.894736842,0,0,0,0
1393.188769341,127.465452604,0.082514457,0.694719985,nan,nan,19,19,17,1,0,1,0.894736842,0,0,0,0
1394.201670170,127.573131111,0.082514457,0.694719985,nan,nan,19,19,17,1,0,1,0.894736842,0,0,0,0
1395.183539152,127.672811901,0.082514457,0.694719985,nan,nan,19,19,17,1,0,1,0.894736842,0,0,0,0
1396.193034410,127.812688921,0.082514457,0.694719985,nan,nan,19,19,17,1,0,1,0.894736842,0,0,0,0
1397.199187756,127.932509973,0.082514457,0.694719985,nan,nan,19,19,17,1,0,1,0.894736842,0,0,0,0
1398.200671196,128.052428004,0.082514457,0.694719985,nan,nan,19,19,17,1,0,1,0.894736842,0,0,0,0
1399.188765287,128.152400052,0.082514457,0.694719985,nan,nan,19,19,17,1,0,1,0.894736842,0,0,0,0
1400.208646774,128.272302643,0.082514457,0.694719985,nan,nan,19,19,17,1,0,1,0.894736842,0,0,0,0
1401.190635681,128.381944009,0.082514457,0.694719985,nan,nan,19,19,17,1,0,1,0.894736842,0,0,0,0
1402.193046093,128.511851846,0.082514457,0.694719985,nan,nan,19,19,17,1,0,1,0.894736842,0,0,0,0
1403.181173563,128.651608589,0.082514457,0.694719985,nan,nan,19,19,17,1,0,1,0.894736842,0,0,0,0
1404.194035053,128.771425895,0.082514457,0.694719985,nan,nan,19,19,17,1,0,1,0.894736842,0,0,0,0
1405.186629295,128.891236276,0.082514457,0.694719985,nan,nan,19,19,17,1,0,1,0.894736842,0,0,0,0
1406.193763494,129.011174433,0.082514457,0.694719985,nan,nan,19,19,17,1,0,1,0.894736842,0,0,0,0
1407.192145586,129.131130742,0.082514457,0.694719985,nan,nan,19,19,17,1,0,1,0.894736842,0,0,0,0
1408.193649054,129.241107478,0.082514457,0.694719985,nan,nan,19,19,17,1,0,1,0.894736842,0,0,0,0
1409.192902088,129.341051342,0.082514457,0.694719985,nan,nan,19,19,17,1,0,1,0.894736842,0,0,0,0
1410.195333481,129.450940386,0.082514457,0.694719985,nan,nan,19,19,17,1,0,1,0.894736842,0,0,0,0
1411.258846998,129.560818290,0.082514457,0.694719985,nan,nan,19,19,17,1,0,1,0.894736842,0,0,0,0
1412.207228422,129.660668709,0.082514457,0.694719985,nan,nan,19,19,17,1,0,1,0.894736842,0,0,0,0
1413.190343142,129.790258533,0.082514457,0.694719985,nan,nan,19,19,17,1,0,1,0.894736842,0,0,0,0
1414.184229374,129.910060827,0.082514457,0.694719985,nan,nan,19,19,17,1,0,1,0.894736842,0,0,0,0
1415.181179285,130.019764225,0.082514457,0.694719985,nan,nan,19,19,17,1,0,1,0.894736842,0,0,0,0
1416.229227543,130.138465727,0.082514457,0.694719985,nan,nan,19,19,17,1,0,1,0.894736842,0,0,0,0
1417.183723450,130.267792580,0.082514457,0.694719985,nan,nan,19,19,17,1,0,1,0.894736842,0,0,0,0
1418.216498613,130.376429613,0.082514457,0.694719985,nan,nan,19,19,17,1,0,1,0.894736842,0,0,0,0
1419.184941769,130.494899554,0.082514457,0.694719985,nan,nan,19,19,17,1,0,1,0.894736842,0,0,0,0
1420.198641062,130.614097512,0.082514457,0.694719985,nan,nan,19,19,17,1,0,1,0.894736842,0,0,0,0
1421.195049524,130.713578500,0.082514457,0.694719985,nan,nan,19,19,17,1,0,1,0.894736842,0,0,0,0
1422.184185505,130.821919778,0.082514457,0.694719985,nan,nan,19,19,17,1,0,1,0.894736842,0,0,0,0
1423.203884363,130.936969624,0.082514457,0.694719985,nan,nan,19,19,17,1,0,1,0.894736842,0,0,0,0
1424.214590788,131.046332097,0.082514457,0.694719985,nan,nan,19,19,17,1,0,1,0.894736842,0,0,0,0
1425.203889370,131.170931651,0.082515709,0.694719985,nan,nan,19,19,17,1,0,1,0.894736842,0,0,0,0
1426.184631348,131.272444291,0.082515709,0.694719985,nan,nan,19,19,17,1,0,1,0.894736842,0,0,0,0
1427.200782537,131.390202193,0.082515709,0.694719985,nan,nan,19,19,17,1,0,1,0.894736842,0,0,0,0
1428.263984442,131.499912574,0.082515709,0.694719985,nan,nan,19,19,17,1,0,1,0.894736842,0,0,0,0
1429.180940866,131.609845036,0.082529490,0.694905656,nan,nan,19,19,17,1,0,1,0.894736842,0,0,0,0
1430.190008640,131.736919291,0.082529490,0.694905656,nan,nan,19,19,17,1,0,1,0.894736842,0,0,0,0
1431.202166319,131.837585480,0.082539512,0.695026342,nan,nan,19,19,17,1,0,1,0.894736842,0,0,0,0
1432.197900057,131.963135832,0.082539512,0.695026342,nan,nan,19,19,17,1,0,1,0.894736842,0,0,0,0
1433.189976931,132.077651802,0.082552039,0.695137745,nan,nan,19,19,17,1,0,1,0.894736842,0,0,0,0
1434.204508305,132.180017210,0.082552039,0.695137745,nan,nan,19,19,17,1,0,1,0.894736842,0,0,0,0
1435.205520153,132.283508538,0.082565819,0.695267714,nan,nan,19,19,17,1,0,1,0.894736842,0,0,0,0
1436.242054224,132.420486167,0.082565819,0.695267714,nan,nan,19,19,17,1,0,1,0.894736842,0,0,0,0
1437.200016737,132.549784779,0.082570830,0.695304848,nan,nan,19,19,17,1,0,1,0.894736842,0,0,0,0
1438.230673552,132.669522856,0.082570830,0.695304848,nan,nan,19,19,17,1,0,1,0.894736842,0,0,0,0
1439.198699713,132.789383940,0.082612171,0.695620489,nan,nan,19,19,17,1,0,1,0.894736842,0,0,0,0
1440.212942362,132.919044904,0.082612171,0.695620489,nan,nan,19,19,17,1,0,1,0.894736842,0,0,0,0
1441.197118044,133.038968535,0.082622193,0.695620489,nan,nan,19,19,17,1,0,1,0.894736842,0,0,0,0
1442.223880529,133.168817155,0.082622193,0.695620489,nan,nan,19,19,17,1,0,1,0.894736842,0,0,0,0
1443.189782858,133.288497516,0.082632215,0.695620489,nan,nan,19,19,17,1,0,1,0.894736842,0,0,0,0
1444.216024399,133.416360421,0.082632215,0.695620489,nan,nan,19,19,17,1,0,1,0.894736842,0,0,0,0
1445.247824907,133.545429663,0.082634720,0.695620489,nan,nan,19,19,17,1,0,1,0.894736842,0,0,0,0
1446.216408491,133.665099987,0.082634720,0.695620489,nan,nan,19,19,17,1,0,1,0.894736842,0,0,0,0
1447.195713043,133.792890819,0.082640984,0.695620489,nan,nan,19,19,17,1,0,1,0.894736842,0,0,0,0
1448.239347219,133.922508435,0.082640984,0.695620489,nan,nan,19,19,17,1,0,1,0.894736842,0,0,0,0
1449.202073574,134.052207704,0.082656017,0.695843294,nan,nan,19,19,17,1,0,1,0.894736842,0,0,0,0
1450.193707943,134.172027479,0.082656017,0.695843294,nan,nan,19,19,17,1,0,1,0.894736842,0,0,0,0
1451.186496973,134.301873582,0.082672302,0.696066099,nan,nan,19,19,17,1,0,1,0.894736842,0,0,0,0
1452.189832926,134.431749111,0.082672302,0.696066099,nan,nan,19,19,17,1,0,1,0.894736842,0,0,0,0
1453.224325657,134.561619305,0.082741203,0.696771648,nan,nan,19,19,17,1,0,1,0.894736842,0,0,0,0
1454.185758114,134.681512836,0.082741203,0.696771648,nan,nan,19,19,17,1,0,1,0.894736842,0,0,0,0
1455.181197166,134.811407113,0.082770016,0.697142990,nan,nan,19,19,17,1,0,1,0.894736842,0,0,0,0
1456.184868813,134.930825333,0.082770016,0.697142990,nan,nan,19,19,17,1,0,1,0.894736842,0,0,0,0
1457.179142714,135.060739839,0.082807599,0.697700002,nan,nan,19,19,17,1,0,1,0.894736842,0,0,0,0
1458.186227322,135.190721428,0.082807599,0.697700002,nan,nan,19,19,17,1,0,1,0.894736842,0,0,0,0
1459.193156719,135.320488366,0.082831401,0.697997076,nan,nan,19,19,17,1,0,1,0.894736842,0,0,0,0
1460.195154190,135.450260533,0.082831401,0.697997076,nan,nan,19,19,17,1,0,1,0.894736842,0,0,0,0
1461.220049143,135.580176491,0.082855203,0.698294149,nan,nan,19,19,17,1,0,1,0.894736842,0,0,0,0
1462.234678030,135.710110928,0.082855203,0.698294149,nan,nan,19,19,17,1,0,1,0.894736842,0,0,0,0
1463.189957380,135.849958553,0.082884016,0.698646924,nan,nan,19,19,17,1,0,1,0.894736842,0,0,0,0
1464.186522722,135.969817480,0.082884016,0.698646924,nan,nan,19,19,17,1,0,1,0.894736842,0,0,0,0
1465.242138386,136.109691886,0.082910324,0.698906863,nan,nan,19,19,17,1,0,1,0.894736842,0,0,0,0
1466.192157269,136.239381091,0.082910324,0.698906863,nan,nan,19,19,17,1,0,1,0.894736842,0,0,0,0
1467.189488411,136.369079209,0.082946653,0.698906863,nan,nan,19,19,17,1,0,1,0.894736842,0,0,0,0
1468.223772049,136.498858442,0.082981730,0.698906863,nan,nan,19,19,17,1,0,1,0.894736842,0,0,0,0
1469.235066652,136.638758755,0.082981730,0.698906863,nan,nan,19,19,17,1,0,1,0.894736842,0,0,0,0
1470.189019442,136.758520385,0.082989246,0.698906863,nan,nan,19,19,17,1,0,1,0.894736842,0,0,0,0
1471.206471443,136.888176102,0.082989246,0.698906863,nan,nan,19,19,17,1,0,1,0.894736842,0,0,0,0
1472.216688395,137.008015417,0.083006785,0.698906863,nan,nan,19,19,17,1,0,1,0.894736842,0,0,0,0
1473.191664219,137.137874817,0.083006785,0.698906863,nan,nan,19,19,17,1,0,1,0.894736842,0,0,0,0
1474.207798719,137.257528362,0.083045620,0.698906863,nan,nan,19,19,17,1,0,1,0.894736842,0,0,0,0
1475.204007626,137.387386468,0.083045620,0.698906863,nan,nan,19,19,17,1,0,1,0.894736842,0,0,0,0
1476.240551233,137.507269546,0.083095730,0.699036832,nan,nan,19,19,17,1,0,1,0.894736842,0,0,0,0
1477.199199200,137.617091816,0.083095730,0.699036832,nan,nan,19,19,17,1,0,1,0.894736842,0,0,0,0
1478.202087641,137.746696238,0.083095730,0.699036832,nan,nan,19,19,17,1,0,1,0.894736842,0,0,0,0
1479.194708586,137.876595104,0.083133312,0.699036832,nan,nan,19,19,17,1,0,1,0.894736842,0,0,0,0
1480.186433315,138.016425866,0.083194696,0.699036832,nan,nan,19,19,17,1,0,1,0.894736842,0,0,0,0
1481.180059433,138.136379857,0.083194696,0.699036832,nan,nan,19,19,17,1,0,1,0.894736842,0,0,0,0
1482.208114386,138.266253634,0.083312454,0.699036832,nan,nan,19,19,17,1,0,1,0.894736842,0,0,0,0
1483.235208035,138.405831017,0.083312454,0.699036832,nan,nan,19,19,17,1,0,1,0.894736842,0,0,0,0
1484.187992096,138.525642529,0.083454014,0.699036832,nan,nan,19,19,17,1,0,1,0.894736842,0,0,0,0
1485.234642267,138.665485112,0.083454014,0.699036832,nan,nan,19,19,17,1,0,1,0.894736842,0,0,0,0
1486.206703424,138.805364689,0.083573025,0.699036832,nan,nan,19,19,17,1,0,1,0.894736842,0,0,0,0
1487.189761639,138.925149086,0.083573025,0.699036832,nan,nan,19,19,17,1,0,1,0.894736842,0,0,0,0
1488.226024389,139.054525177,0.083717090,0.699036832,nan,nan,19,19,17,1,0,1,0.894736842,0,0,0,0
1489.200439930,139.184318146,0.083717090,0.699036832,nan,nan,19,19,17,1,0,1,0.894736842,0,0,0,0
1490.193204641,139.313614627,0.083871178,0.699036832,nan,nan,19,19,17,1,0,1,0.894736842,0,0,0,0
1491.238722563,139.443266039,0.083871178,0.699036832,nan,nan,19,19,17,1,0,1,0.894736842,0,0,0,0
1492.206285715,139.573030149,0.084174342,0.699361756,nan,nan,19,19,17,1,0,1,0.894736842,0,0,0,0
1493.198735714,139.692863228,0.084174342,0.699361756,nan,nan,19,19,17,1,0,1,0.894736842,0,0,0,0
1494.205327511,139.821731648,0.084374781,0.699510293,nan,nan,19,19,17,1,0,1,0.894736842,0,0,0,0
1495.204361677,139.941593289,0.084374781,0.699510293,nan,nan,19,19,17,1,0,1,0.894736842,0,0,0,0
1496.184806347,140.071302384,0.084550165,0.699055400,nan,nan,19,19,17,1,0,1,0.894736842,0,0,0,0
1497.193364143,140.201149422,0.084550165,0.699055400,nan,nan,19,19,17,1,0,1,0.894736842,0,0,0,0
1498.188541174,140.331076032,0.084918471,0.699055400,nan,nan,19,19,17,1,0,1,0.894736842,0,0,0,0
1499.179031134,140.451040934,0.084918471,0.699055400,nan,nan,19,19,17,1,0,1,0.894736842,0,0,0,0
1500.190009594,140.580963073,0.085408294,0.699055400,nan,nan,19,19,17,1,0,1,0.894736842,0,0,0,0
1501.184486151,140.700817933,0.085408294,0.699055400,nan,nan,19,19,17,1,0,1,0.894736842,0,0,0,0
1502.182694197,140.840803311,0.085931941,0.699055400,nan,nan,19,19,17,1,0,1,0.894736842,0,0,0,0
1503.199932098,140.970803187,0.085931941,0.699055400,nan,nan,19,19,17,1,0,1,0.894736842,0,0,0,0
1504.204489946,141.100802427,0.086592137,0.699055400,nan,nan,19,19,17,1,0,1,0.894736842,0,0,0,0
1505.197190523,141.230796554,0.086592137,0.699055400,nan,nan,19,19,17,1,0,1,0.894736842,0,0,0,0
1506.199044943,141.360763968,0.087500376,0.699055400,nan,nan,19,19,17,1,0,1,0.894736842,0,0,0,0
1507.189282417,141.480574562,0.087500376,0.699055400,nan,nan,19,19,17,1,0,1,0.894736842,0,0,0,0
1508.186766624,141.620545382,0.088756878,0.699055400,nan,nan,19,19,17,1,0,1,0.894736842,0,0,0,0
1509.187770128,141.740465424,0.090093555,0.699055400,nan,nan,19,19,17,1,0,1,0.894736842,0,0,0,0
1510.186685562,141.870447232,0.090093555,0.699055400,nan,nan,19,19,17,1,0,1,0.894736842,0,0,0,0
1511.206017494,141.990445775,0.091137090,0.699166802,nan,nan,19,19,17,1,0,1,0.894736842,0,0,0,0
1512.187537909,142.109724293,0.091137090,0.699166802,nan,nan,19,19,17,1,0,1,0.894736842,0,0,0,0
1513.199409962,142.234005951,0.091137090,0.699166802,nan,nan,19,19,17,1,0,1,0.894736842,0,0,0,0
1514.190821886,142.343509334,0.092100450,0.699166802,nan,nan,19,19,17,1,0,1,0.894736842,0,0,0,0
1519.326589346,142.419475367,0.092100450,0.699166802,nan,nan,20,20,18,1,0,1,0.900000000,0,0,0,0
1520.234579325,142.511717728,0.093382007,0.699166802,nan,nan,20,20,18,1,0,1,0.900000000,0,0,0,0
1521.204133272,142.545124553,0.093382007,0.699166802,nan,nan,20,20,18,1,0,1,0.900000000,0,0,0,0
1522.197783709,142.583969051,0.093382007,0.699166802,nan,nan,20,20,18,1,0,1,0.900000000,0,0,0,0
1523.222795725,142.690853152,0.093382007,0.699166802,nan,nan,20,20,18,1,0,1,0.900000000,0,0,0,0
1524.199048519,142.817984413,0.093843016,0.699166802,nan,nan,20,20,18,1,0,1,0.900000000,0,0,0,0
1525.221892357,142.957895573,0.094131147,0.699166802,nan,nan,20,20,18,1,0,1,0.900000000,0,0,0,0
1526.200555325,143.087895324,0.094131147,0.699166802,nan,nan,20,20,18,1,0,1,0.900000000,0,0,0,0
1527.194851398,143.217864804,0.094357894,0.699166802,nan,nan,20,20,18,1,0,1,0.900000000,0,0,0,0
1528.192434072,143.347839068,0.094357894,0.699166802,nan,nan,20,20,18,1,0,1,0.900000000,0,0,0,0
1529.183826208,143.477816613,0.094503212,0.699166802,nan,nan,20,20,18,1,0,1,0.900000000,0,0,0,0
1530.200072765,143.587806325,0.094503212,0.699166802,nan,nan,20,20,18,1,0,1,0.900000000,0,0,0,0
1531.183654547,143.717764052,0.094659805,0.699166802,nan,nan,20,20,18,1,0,1,0.900000000,0,0,0,0
1532.206227779,143.847723326,0.094659805,0.699166802,nan,nan,20,20,18,1,0,1,0.900000000,0,0,0,0
1533.181077957,143.967703099,0.094770046,0.699166802,nan,nan,20,20,18,1,0,1,0.900000000,0,0,0,0
1534.197976828,144.087573415,0.094770046,0.699166802,nan,nan,20,20,18,1,0,1,0.900000000,0,0,0,0
1535.226697922,144.217503780,0.094861497,0.699166802,nan,nan,20,20,18,1,0,1,0.900000000,0,0,0,0
1536.189170361,144.347392445,0.094861497,0.699166802,nan,nan,20,20,18,1,0,1,0.900000000,0,0,0,0
1537.198954105,144.477311528,0.094882793,0.699166802,nan,nan,20,20,18,1,0,1,0.900000000,0,0,0,0
1538.180475950,144.597216092,0.094882793,0.699166802,nan,nan,20,20,18,1,0,1,0.900000000,0,0,0,0
1539.215438366,144.727131749,0.095045650,0.699166802,nan,nan,20,20,18,1,0,1,0.900000000,0,0,0,0
1540.195072174,144.857084698,0.095045650,0.699166802,nan,nan,20,20,18,1,0,1,0.900000000,0,0,0,0
1541.212991476,144.977080212,0.095148375,0.699166802,nan,nan,20,20,18,1,0,1,0.900000000,0,0,0,0
1542.244357824,145.107028876,0.095148375,0.699166802,nan,nan,20,20,18,1,0,1,0.900000000,0,0,0,0
1543.198545694,145.236864553,0.095204748,0.699166802,nan,nan,20,20,18,1,0,1,0.900000000,0,0,0,0
1544.219015360,145.356801887,0.095204748,0.699166802,nan,nan,20,20,18,1,0,1,0.900000000,0,0,0,0
1545.209748983,145.496736160,0.095237320,0.699166802,nan,nan,20,20,18,1,0,1,0.900000000,0,0,0,0
1546.197584867,145.626572598,0.095237320,0.699166802,nan,nan,20,20,18,1,0,1,0.900000000,0,0,0,0
1547.193160772,145.756519105,0.095291188,0.699166802,nan,nan,20,20,18,1,0,1,0.900000000,0,0,0,0
1548.218740940,145.906403086,0.095291188,0.699166802,nan,nan,20,20,18,1,0,1,0.900000000,0,0,0,0
1549.223775148,146.036299536,0.095333781,0.699166802,nan,nan,20,20,18,1,0,1,0.900000000,0,0,0,0
1550.234300613,146.165933399,0.095333781,0.699166802,nan,nan,20,20,18,1,0,1,0.900000000,0,0,0,0
1551.223120689,146.283153210,0.095427737,0.699166802,nan,nan,20,20,18,1,0,1,0.900000000,0,0,0,0
1552.244671583,146.395261201,0.095427737,0.699166802,nan,nan,20,20,18,1,0,1,0.900000000,0,0,0,0
1553.203773499,146.500542524,0.095519187,0.699166802,nan,nan,20,20,18,1,0,1,0.900000000,0,0,0,0
1554.205150127,146.622940421,0.095519187,0.699166802,nan,nan,20,20,18,1,0,1,0.900000000,0,0,0,0
1555.248698711,146.745617316,0.095668263,0.699166802,nan,nan,20,20,18,1,0,1,0.900000000,0,0,0,0
1556.209477425,146.863568884,0.095668263,0.699166802,nan,nan,20,20,18,1,0,1,0.900000000,0,0,0,0
1557.208114386,146.988760360,0.095783516,0.699166802,nan,nan,20,20,18,1,0,1,0.900000000,0,0,0,0
1558.255676508,147.109894304,0.095783516,0.699166802,nan,nan,20,20,18,1,0,1,0.900000000,0,0,0,0
1559.188600779,147.218927569,0.095947625,0.699166802,nan,nan,20,20,18,1,0,1,0.900000000,0,0,0,0
1560.200316906,147.310206994,0.096069141,0.699166802,nan,nan,20,20,18,1,0,1,0.900000000,0,0,0,0
1561.228177071,147.391822218,0.096069141,0.699166802,nan,nan,20,20,18,1,0,1,0.900000000,0,0,0,0
1562.191912174,147.468211406,0.096186899,0.699166802,nan,nan,20,20,18,1,0,1,0.900000000,0,0,0,0
1563.197511673,147.540943015,0.096186899,0.699166802,nan,nan,20,20,18,1,0,1,0.900000000,0,0,0,0
1568.506752729,147.584263175,0.096356020,0.699166802,nan,nan,21,21,19,1,0,1,0.904761905,0,0,0,0
1569.215417862,147.609203820,0.096356020,0.699166802,nan,nan,21,21,19,1,0,1,0.904761905,0,0,0,0
1570.217857599,147.621178938,0.096356020,0.699166802,nan,nan,21,21,19,1,0,1,0.904761905,0,0,0,0
1571.190847635,147.633671832,0.096356020,0.699166802,nan,nan,21,21,19,1,0,1,0.904761905,0,0,0,0
1572.223571301,147.669095526,0.096356020,0.699166802,nan,nan,21,21,19,1,0,1,0.904761905,0,0,0,0
1573.201933384,147.758598999,0.096356020,0.699166802,nan,nan,21,21,19,1,0,1,0.904761905,0,0,0,0
1574.179479837,147.886793789,0.096476283,0.699166802,nan,nan,21,21,19,1,0,1,0.904761905,0,0,0,0
1575.190466166,148.006793567,0.096624107,0.699166802,nan,nan,21,21,19,1,0,1,0.904761905,0,0,0,0
1576.202597141,148.166792569,0.096624107,0.699166802,nan,nan,21,21,19,1,0,1,0.904761905,0,0,0,0
1577.198945045,148.306775700,0.096766920,0.699166802,nan,nan,21,21,19,1,0,1,0.904761905,0,0,0,0
1578.199069023,148.426683454,0.096766920,0.699166802,nan,nan,21,21,19,1,0,1,0.904761905,0,0,0,0
1579.198999882,148.546660292,0.096943556,0.699166802,nan,nan,21,21,19,1,0,1,0.904761905,0,0,0,0
1580.202683687,148.666558806,0.096943556,0.699166802,nan,nan,21,21,19,1,0,1,0.904761905,0,0,0,0
1581.223696709,148.806428835,0.097185336,0.699166802,nan,nan,21,21,19,1,0,1,0.904761905,0,0,0,0
1582.191463709,148.956407392,0.097185336,0.699166802,nan,nan,21,21,19,1,0,1,0.904761905,0,0,0,0
1583.201901913,149.076350993,0.097415841,0.699166802,nan,nan,21,21,19,1,0,1,0.904761905,0,0,0,0
1584.221453905,149.216342389,0.097415841,0.699166802,nan,nan,21,21,19,1,0,1,0.904761905,0,0,0,0
1585.186443090,149.356295935,0.097740301,0.699166802,nan,nan,21,21,19,1,0,1,0.904761905,0,0,0,0
1586.198616982,149.486267535,0.097740301,0.699166802,nan,nan,21,21,19,1,0,1,0.904761905,0,0,0,0
1587.193975449,149.616259726,0.098164981,0.699166802,nan,nan,21,21,19,1,0,1,0.904761905,0,0,0,0
1588.181722641,149.746187098,0.098164981,0.699166802,nan,nan,21,21,19,1,0,1,0.904761905,0,0,0,0
1589.185539246,149.866185766,0.098722452,0.699333906,nan,nan,21,21,19,1,0,1,0.904761905,0,0,0,0
1590.240901470,150.016164419,0.098722452,0.699333906,nan,nan,21,21,19,1,0,1,0.904761905,0,0,0,0
1591.191645145,150.145911028,0.099553021,0.699445308,nan,nan,21,21,19,1,0,1,0.904761905,0,0,0,0
1592.210304499,150.265771900,0.100403634,0.699575278,nan,nan,21,21,19,1,0,1,0.904761905,0,0,0,0
1593.264270782,150.405771551,0.100403634,0.699575278,nan,nan,21,21,19,1,0,1,0.904761905,0,0,0,0
1594.200108290,150.535741982,0.100974885,0.700299394,nan,nan,21,21,19,1,0,1,0.904761905,0,0,0,0
1595.196157217,150.665735293,0.100974885,0.700299394,nan,nan,21,21,19,1,0,1,0.904761905,0,0,0,0
1596.205059052,150.805620292,0.101460949,0.700930675,nan,nan,21,21,19,1,0,1,0.904761905,0,0,0,0
1597.204198837,150.932402324,0.101460949,0.700930675,nan,nan,21,21,19,1,0,1,0.904761905,0,0,0,0
1598.199705362,151.054899610,0.101886882,0.701134913,nan,nan,21,21,19,1,0,1,0.904761905,0,0,0,0
1599.240986109,151.155959573,0.101886882,0.701134913,nan,nan,21,21,20,1,0,1,0.952380952,0,0,0,0
1605.492164612,151.238027325,0.102275233,0.701246316,nan,nan,22,22,20,1,0,1,0.909090909,0,0,0,0
1606.178543329,151.264336596,0.102615979,0.701431986,nan,nan,22,22,20,1,0,1,0.909090909,0,0,0,0
1607.183132887,151.296738571,0.102615979,0.701431986,nan,nan,22,22,20,1,0,1,0.909090909,0,0,0,0
1608.197323561,151.341139908,0.102615979,0.701431986,nan,nan,22,22,20,1,0,1,0.909090909,0,0,0,0
1609.241308928,151.424483238,0.102855253,0.701794045,nan,nan,22,22,20,1,0,1,0.909090909,0,0,0,0
1610.222754478,151.547956812,0.102855253,0.701794045,nan,nan,22,22,20,1,0,1,0.909090909,0,0,0,0
1611.221911907,151.677863091,0.102993055,0.701854388,nan,nan,22,22,20,1,0,1,0.909090909,0,0,0,0
1612.186896324,151.807776433,0.102993055,0.701854388,nan,nan,22,22,20,1,0,1,0.909090909,0,0,0,0
1613.192901611,151.927665699,0.103098285,0.702049342,nan,nan,22,22,20,1,0,1,0.909090909,0,0,0,0
1614.212218046,152.067628742,0.103098285,0.702049342,nan,nan,22,22,20,1,0,1,0.909090909,0,0,0,0
1615.206675768,152.207502018,0.103173450,0.702230371,nan,nan,22,22,20,1,0,1,0.909090909,0,0,0,0
1616.181706905,152.337446788,0.103173450,0.702230371,nan,nan,22,22,20,1,0,1,0.909090909,0,0,0,0
1617.232161760,152.476923033,0.103234834,0.702369624,nan,nan,22,22,20,1,0,1,0.909090909,0,0,0,0
1618.203033209,152.606474602,0.103234834,0.702369624,nan,nan,22,22,20,1,0,1,0.909090909,0,0,0,0
1619.188177109,152.726325685,0.103288702,0.702805951,nan,nan,22,22,20,1,0,1,0.909090909,0,0,0,0
1620.180573463,152.856147630,0.103288702,0.702805951,nan,nan,22,22,20,1,0,1,0.909090909,0,0,0,0
1621.224187851,152.986066231,0.103337559,0.703195860,nan,nan,22,22,20,1,0,1,0.909090909,0,0,0,0
1622.202731133,153.126018489,0.103337559,0.703195860,nan,nan,22,22,20,1,0,1,0.909090909,0,0,0,0
1623.189354897,153.255935615,0.103375142,0.703483649,nan,nan,22,22,20,1,0,1,0.909090909,0,0,0,0
1624.196744680,153.385877503,0.103375142,0.703483649,nan,nan,22,22,20,1,0,1,0.909090909,0,0,0,0
1625.202315331,153.565719358,0.103462834,0.704295959,nan,nan,22,22,20,1,0,1,0.909090909,0,0,0,0
1626.200366497,153.695622907,0.103515449,0.704741569,nan,nan,22,22,20,1,0,1,0.909090909,0,0,0,0
1627.184993505,153.835622707,0.103515449,0.704741569,nan,nan,22,22,20,1,0,1,0.909090909,0,0,0,0
1628.220896482,153.955589447,0.103522965,0.704834405,nan,nan,22,22,20,1,0,1,0.909090909,0,0,0,0
1629.202562332,154.095547121,0.103522965,0.704834405,nan,nan,22,22,20,1,0,1,0.909090909,0,0,0,0
1630.221160889,154.225516579,0.103541756,0.704945807,nan,nan,22,22,20,1,0,1,0.909090909,0,0,0,0
1631.206710577,154.355415731,0.103541756,0.704945807,nan,nan,22,22,20,1,0,1,0.909090909,0,0,0,0
1632.191358328,154.495313726,0.103578086,0.705150045,nan,nan,22,22,20,1,0,1,0.909090909,0,0,0,0
1633.201896429,154.615264882,0.103578086,0.705150045,nan,nan,22,22,20,1,0,1,0.909090909,0,0,0,0
1634.200708151,154.755225725,0.103591866,0.705205747,nan,nan,22,22,20,1,0,1,0.909090909,0,0,0,0
1635.181617737,154.884987794,0.103591866,0.705205747,nan,nan,22,22,20,1,0,1,0.909090909,0,0,0,0
1636.185951233,155.022522648,0.103653251,0.705855594,nan,nan,22,22,20,1,0,1,0.909090909,0,0,0,0
1637.194022894,155.146431050,0.103680811,0.706171235,nan,nan,22,22,20,1,0,1,0.909090909,0,0,0,0
1638.198245525,155.252832271,0.103680811,0.706171235,nan,nan,22,22,20,1,0,1,0.909090909,0,0,0,0
1639.183918715,155.372089320,0.103680811,0.706171235,nan,nan,22,22,20,1,0,1,0.909090909,0,0,0,0
1640.191090345,155.487191841,0.103722152,0.706579711,nan,nan,22,22,20,1,0,1,0.909090909,0,0,0,0
1641.189318657,155.581968384,0.103747206,0.706858217,nan,nan,22,22,20,1,0,1,0.909090909,0,0,0,0
1642.200771332,155.686988753,0.103747206,0.706858217,nan,nan,22,22,20,1,0,1,0.909090909,0,0,0,0
1643.202040672,155.820134884,0.103779778,0.707192425,nan,nan,22,22,20,1,0,1,0.909090909,0,0,0,0
1644.212407827,155.948117029,0.103779778,0.707192425,nan,nan,22,22,20,1,0,1,0.909090909,0,0,0,0
1645.202186823,156.073924267,0.103802327,0.707526632,nan,nan,22,22,20,1,0,1,0.909090909,0,0,0,0
1646.199903965,156.183095015,0.103802327,0.707526632,nan,nan,22,22,21,1,0,1,0.954545455,0,0,0,0
1651.282112598,156.249645507,0.103848679,0.708213614,nan,nan,23,23,21,1,0,1,0.913043478,0,0,0,0
1652.185960054,156.276398556,0.103885008,0.708668508,nan,nan,23,23,21,1,0,1,0.913043478,0,0,0,0
1653.205821991,156.347070513,0.103885008,0.708668508,nan,nan,23,23,21,1,0,1,0.913043478,0,0,0,0
1654.195767403,156.484792334,0.103885008,0.708668508,nan,nan,23,23,21,1,0,1,0.913043478,0,0,0,0
1655.214291573,156.614496855,0.103885008,0.708668508,nan,nan,23,23,21,1,0,1,0.913043478,0,0,0,0
1656.207553148,156.754322637,0.103906305,0.708984148,nan,nan,23,23,21,1,0,1,0.913043478,0,0,0,0
1657.197539091,156.883769187,0.103906305,0.708984148,nan,nan,23,23,21,1,0,1,0.913043478,0,0,0,0
1658.185322762,157.013342119,0.103942634,0.709466893,nan,nan,23,23,21,1,0,1,0.913043478,0,0,0,0
1659.206062078,157.152802682,0.103942634,0.709466893,nan,nan,23,23,21,1,0,1,0.913043478,0,0,0,0
1660.195305109,157.292530406,0.103973953,0.709856801,nan,nan,23,23,21,1,0,1,0.913043478,0,0,0,0
1661.206451893,157.422498144,0.103973953,0.709856801,nan,nan,23,23,21,1,0,1,0.913043478,0,0,0,0
1662.181905270,157.542430749,0.103988986,0.710079606,nan,nan,23,23,21,1,0,1,0.913043478,0,0,0,0
1663.214609146,157.682327882,0.103988986,0.710079606,nan,nan,23,23,21,1,0,1,0.913043478,0,0,0,0
1664.223552465,157.812163342,0.104009030,0.710246710,nan,nan,23,23,21,1,0,1,0.913043478,0,0,0,0
1665.206918001,157.951968119,0.104009030,0.710246710,nan,nan,23,23,21,1,0,1,0.913043478,0,0,0,0
1666.203503132,158.101663065,0.104051623,0.710831573,nan,nan,23,23,21,1,0,1,0.913043478,0,0,0,0
1667.220181227,158.240501855,0.104099227,0.711453571,nan,nan,23,23,21,1,0,1,0.913043478,0,0,0,0
1668.183902502,158.334377090,0.104099227,0.711453571,nan,nan,23,23,21,1,0,1,0.913043478,0,0,0,0
1669.199574947,158.397885008,0.104113007,0.711555690,nan,nan,23,23,21,1,0,1,0.913043478,0,0,0,0
1670.204123735,158.453881342,0.104113007,0.711555690,nan,nan,23,23,21,1,0,1,0.913043478,0,0,0,0
1671.197575331,158.523664659,0.104138062,0.711908464,nan,nan,23,23,21,1,0,1,0.913043478,0,0,0,0
1672.208024502,158.584937121,0.104138062,0.711908464,nan,nan,23,23,21,1,0,1,0.913043478,0,0,0,0
1673.198250771,158.648658897,0.104186919,0.712474760,nan,nan,23,23,21,1,0,1,0.913043478,0,0,0,0
1674.190710068,158.713383943,0.104186919,0.712474760,nan,nan,23,23,21,1,0,1,0.913043478,0,0,0,0
1675.199893713,158.786010718,0.104221996,0.712864669,nan,nan,23,23,21,1,0,1,0.913043478,0,0,0,0
1676.200809717,158.875542787,0.104221996,0.712864669,nan,nan,23,23,21,1,0,1,0.913043478,0,0,0,0
1677.196133137,158.956654148,0.104304677,0.713208160,nan,nan,23,23,21,1,0,1,0.913043478,0,0,0,0
1678.207349300,159.038121272,0.104304677,0.713208160,nan,nan,23,23,21,1,0,1,0.913043478,0,0,0,0
1679.199213982,159.126426461,0.104426193,0.713570218,nan,nan,23,23,21,1,0,1,0.913043478,0,0,0,0
1680.220914602,159.212817100,0.104426193,0.713570218,nan,nan,23,23,21,1,0,1,0.913043478,0,0,0,0
1681.185570002,159.297733659,0.104590303,0.714331469,nan,nan,23,23,21,1,0,1,0.913043478,0,0,0,0
1682.217506409,159.372715469,0.104813291,0.714981317,nan,nan,23,23,21,1,0,1,0.913043478,0,0,0,0
1683.182233095,159.451973609,0.104813291,0.714981317,nan,nan,23,23,21,1,0,1,0.913043478,0,0,0,0
1684.201888323,159.537024352,0.105176587,0.715575464,nan,nan,23,23,21,1,0,1,0.913043478,0,0,0,0
1685.183546782,159.617226917,0.105176587,0.715575464,nan,nan,23,23,21,1,0,1,0.913043478,0,0,0,0
1686.199358702,159.714702233,0.105799200,0.716243879,nan,nan,23,23,21,1,0,1,0.913043478,0,0,0,0
1687.218975544,159.799290106,0.105799200,0.716243879,nan,nan,23,23,21,1,0,1,0.913043478,0,0,0,0
1688.194485664,159.877298100,0.106542077,0.716503818,nan,nan,23,23,21,1,0,1,0.913043478,0,0,0,0
1689.226847887,159.963513950,0.106542077,0.716503818,nan,nan,23,23,21,1,0,1,0.913043478,0,0,0,0
1690.248563290,160.028662813,0.107098295,0.717246501,nan,nan,23,23,21,1,0,1,0.913043478,0,0,0,0
1691.186389446,160.105066916,0.107098295,0.717246501,nan,nan,23,23,21,1,0,1,0.913043478,0,0,0,0
1697.396087408,160.170737483,0.107098295,0.717246501,nan,nan,24,24,22,1,0,1,0.916666667,0,0,0,0
1698.201173544,160.211181315,0.107317525,0.718713301,nan,nan,24,24,22,1,0,1,0.916666667,0,0,0,0
1699.186416388,160.251012981,0.107317525,0.718713301,nan,nan,24,24,22,1,0,1,0.916666667,0,0,0,0
1700.200554848,160.319595060,0.107599393,0.721275559,nan,nan,24,24,22,1,0,1,0.916666667,0,0,0,0
1701.194143057,160.392948827,0.107599393,0.721275559,nan,nan,24,24,22,1,0,1,0.916666667,0,0,0,0
1702.216172457,160.497116336,0.107735942,0.722445285,nan,nan,24,24,22,1,0,1,0.916666667,0,0,0,0
1703.201146841,160.616738870,0.107735942,0.722445285,nan,nan,24,24,22,1,0,1,0.916666667,0,0,0,0
1704.199931860,160.756633744,0.107925106,0.723373639,nan,nan,24,24,22,1,0,1,0.916666667,0,0,0,0
1705.178827524,160.896522886,0.107925106,0.723373639,nan,nan,24,24,22,1,0,1,0.916666667,0,0,0,0
1706.201005220,161.008324732,0.108010293,0.724004920,nan,nan,24,24,22,1,0,1,0.916666667,0,0,0,0
1707.208114386,161.133003596,0.108010293,0.724004920,nan,nan,24,24,22,1,0,1,0.916666667,0,0,0,0
1708.210782766,161.255114638,0.108030336,0.724246292,nan,nan,24,24,22,1,0,1,0.916666667,0,0,0,0
1709.197682142,161.375043749,0.108031589,0.724246292,nan,nan,24,24,22,1,0,1,0.916666667,0,0,0,0
1710.201339483,161.504888630,0.108031589,0.724246292,nan,nan,24,24,22,1,0,1,0.916666667,0,0,0,0
1711.186720610,161.624885016,0.108031589,0.724246292,nan,nan,24,24,22,1,0,1,0.916666667,0,0,0,0
1712.217659712,161.764871947,0.108071677,0.724766171,nan,nan,24,24,22,1,0,1,0.916666667,0,0,0,0
1713.185130835,161.884603299,0.108091721,0.725063244,nan,nan,24,24,22,1,0,1,0.916666667,0,0,0,0
1714.202141285,161.998574393,0.108091721,0.725063244,nan,nan,24,24,22,1,0,1,0.916666667,0,0,0,0
1715.184485674,162.109600286,0.108094226,0.725063244,nan,nan,24,24,22,1,0,1,0.916666667,0,0,0,0
1721.927736998,162.195425498,0.108094226,0.725063244,nan,nan,25,25,23,1,0,1,0.920000000,0,0,0,0
1722.179890156,162.275683000,0.108095479,0.725063244,nan,nan,25,25,23,1,0,1,0.920000000,0,0,0,0
1723.220128298,162.299586721,0.108095479,0.725063244,nan,nan,25,25,23,1,0,1,0.920000000,0,0,0,0
1724.192036390,162.362265638,0.108095479,0.725063244,nan,nan,25,25,23,1,0,1,0.920000000,0,0,0,0
1725.199031830,162.414927552,0.108095479,0.725063244,nan,nan,25,25,23,1,0,1,0.920000000,0,0,0,0
1726.210140944,162.459957805,0.108095479,0.725063244,nan,nan,25,25,23,1,0,1,0.920000000,0,0,0,0
1727.216831207,162.499958719,0.108095479,0.725063244,nan,nan,25,25,23,1,0,1,0.920000000,0,0,0,0
1728.189574718,162.533750962,0.108095479,0.725063244,nan,nan,25,25,23,1,0,1,0.920000000,0,0,0,0
1729.223289967,162.541309507,0.108095479,0.725063244,nan,nan,25,25,23,1,0,1,0.920000000,0,0,0,0
1730.188078880,162.545511819,0.108095479,0.725063244,nan,nan,25,25,23,1,0,1,0.920000000,0,0,0,0
1731.182510376,162.556655998,0.108095479,0.725063244,nan,nan,25,25,23,1,0,1,0.920000000,0,0,0,0
1732.194123268,162.574696299,0.108095479,0.725063244,nan,nan,25,25,23,1,0,1,0.920000000,0,0,0,0
1733.185152054,162.604099354,0.108095479,0.725063244,nan,nan,25,25,23,1,0,1,0.920000000,0,0,0,0
1734.196167469,162.641856679,0.108095479,0.725063244,nan,nan,25,25,23,1,0,1,0.920000000,0,0,0,0
1735.182585955,162.684483462,0.108095479,0.725063244,nan,nan,25,25,23,1,0,1,0.920000000,0,0,0,0
1736.212607861,162.747445828,0.108095479,0.725063244,nan,nan,25,25,23,1,0,1,0.920000000,0,0,0,0
1737.181143045,162.819549848,0.108096732,0.725063244,nan,nan,25,25,23,1,0,1,0.920000000,0,0,0,0
1738.202839613,162.898976460,0.108096732,0.725063244,nan,nan,25,25,23,1,0,1,0.920000000,0,0,0,0
1739.188925505,163.007822789,0.108097985,0.725063244,nan,nan,25,25,23,1,0,1,0.920000000,0,0,0,0
1740.202070713,163.102439326,0.108097985,0.725063244,nan,nan,25,25,23,1,0,1,0.920000000,0,0,0,0
1741.179722309,163.197395544,0.108111765,0.725267482,nan,nan,25,25,23,1,0,1,0.920000000,0,0,0,0
1742.184709311,163.274739296,0.108111765,0.725267482,nan,nan,25,25,23,1,0,1,0.920000000,0,0,0,0
1743.195095301,163.354715358,0.108111765,0.725267482,nan,nan,25,25,23,1,0,1,0.920000000,0,0,0,0
1744.220332384,163.438463301,0.108111765,0.725267482,nan,nan,25,25,23,1,0,1,0.920000000,0,0,0,0
1745.221891642,163.519939324,0.108111765,0.725267482,nan,nan,25,25,23,1,0,1,0.920000000,0,0,0,0
1746.179815292,163.596908500,0.108111765,0.725267482,nan,nan,25,25,23,1,0,1,0.920000000,0,0,0,0
1747.207199574,163.658376451,0.108111765,0.725267482,nan,nan,25,25,23,1,0,1,0.920000000,0,0,0,0
1748.201811552,163.730160120,0.108111765,0.725267482,nan,nan,25,25,23,1,0,1,0.920000000,0,0,0,0
1749.198067904,163.828978006,0.108111765,0.725267482,nan,nan,25,25,23,1,0,1,0.920000000,0,0,0,0
1750.198715925,163.937555495,0.108116776,0.725341750,nan,nan,25,25,23,1,0,1,0.920000000,0,0,0,0
1751.197571516,164.052082779,0.108116776,0.725341750,nan,nan,25,25,23,1,0,1,0.920000000,0,0,0,0
1752.187087297,164.171561096,0.108116776,0.725341750,nan,nan,25,25,23,1,0,1,0.920000000,0,0,0,0
1753.201257944,164.291406627,0.108116776,0.725341750,nan,nan,25,25,23,1,0,1,0.920000000,0,0,0,0
1754.188414097,164.401375651,0.108116776,0.725341750,nan,nan,25,25,23,1,0,1,0.920000000,0,0,0,0
1755.187429190,164.521375621,0.108130556,0.725527421,nan,nan,25,25,23,1,0,1,0.920000000,0,0,0,0
1756.188907862,164.641356907,0.108130556,0.725527421,nan,nan,25,25,23,1,0,1,0.920000000,0,0,0,0
1757.199651957,164.771341573,0.108143083,0.725713092,nan,nan,25,25,23,1,0,1,0.920000000,0,0,0,0
1758.188159943,164.891305604,0.108143083,0.725713092,nan,nan,25,25,23,1,0,1,0.920000000,0,0,0,0
1759.182055712,165.031231916,0.108215742,0.726771416,nan,nan,25,25,23,1,0,1,0.920000000,0,0,0,0
1760.196748734,165.150972606,0.108215742,0.726771416,nan,nan,25,25,23,1,0,1,0.920000000,0,0,0,0
1761.180634737,165.290799509,0.108349786,0.727941142,nan,nan,25,25,23,1,0,1,0.920000000,0,0,0,0
1762.190488815,165.420785870,0.108349786,0.727941142,nan,nan,25,25,23,1,0,1,0.920000000,0,0,0,0
1763.192556381,165.540769173,0.108421192,0.728943765,nan,nan,25,25,23,1,0,1,0.920000000,0,0,0,0
1764.205878496,165.690769114,0.108421192,0.728943765,nan,nan,25,25,23,1,0,1,0.920000000,0,0,0,0
1765.202915668,165.810765265,0.108511390,0.730224894,nan,nan,25,25,23,1,0,1,0.920000000,0,0,0,0
1766.190939188,165.930765250,0.108635412,0.732025901,nan,nan,25,25,23,1,0,1,0.920000000,0,0,0,0
1767.216175079,166.060754338,0.108635412,0.732025901,nan,nan,25,25,23,1,0,1,0.920000000,0,0,0,0
1768.205718517,166.180753766,0.108743147,0.733511268,nan,nan,25,25,23,1,0,1,0.920000000,0,0,0,0
1769.218144178,166.310720869,0.108743147,0.733511268,nan,nan,25,25,23,1,0,1,0.920000000,0,0,0,0
1770.203312397,166.430686423,0.108944839,0.736426300,nan,nan,25,25,23,1,0,1,0.920000000,0,0,0,0
1771.207569361,166.580647324,0.108944839,0.736426300,nan,nan,25,25,23,1,0,1,0.920000000,0,0,0,0
1772.184137106,166.700565052,0.109016246,0.737354655,nan,nan,25,25,23,1,0,1,0.920000000,0,0,0,0
1773.216514349,166.830440925,0.109016246,0.737354655,nan,nan,25,25,23,1,0,1,0.920000000,0,0,0,0
1774.188296556,166.960309875,0.109086399,0.738338710,nan,nan,25,25,23,1,0,1,0.920000000,0,0,0,0
1775.182214260,167.080084274,0.109086399,0.738338710,nan,nan,25,25,23,1,0,1,0.920000000,0,0,0,0
1776.197493792,167.219793483,0.109171586,0.739545571,nan,nan,25,25,23,1,0,1,0.920000000,0,0,0,0
1777.206926107,167.339627792,0.109171586,0.739545571,nan,nan,25,25,23,1,0,1,0.920000000,0,0,0,0
1778.187952042,167.469366645,0.109224201,0.740269687,nan,nan,25,25,23,1,0,1,0.920000000,0,0,0,0
1779.201125145,167.599078207,0.109224201,0.740269687,nan,nan,25,25,23,1,0,1,0.920000000,0,0,0,0
1780.200841665,167.728512422,0.109264289,0.740808132,nan,nan,25,25,23,1,0,1,0.920000000,0,0,0,0
1781.186221123,167.838096795,0.109264289,0.740808132,nan,nan,25,25,23,1,0,1,0.920000000,0,0,0,0
1782.208141088,167.977471400,0.109321915,0.741550816,nan,nan,25,25,23,1,0,1,0.920000000,0,0,0,0
1783.203343868,168.117228542,0.109321915,0.741550816,nan,nan,25,25,23,1,0,1,0.920000000,0,0,0,0
1784.216134548,168.267011578,0.109372025,0.742233156,nan,nan,25,25,23,1,0,1,0.920000000,0,0,0,0
1785.190729380,168.396873112,0.109372025,0.742233156,nan,nan,25,25,23,1,0,1,0.920000000,0,0,0,0
1786.209616423,168.526660401,0.109397080,0.742567364,nan,nan,25,25,23,1,0,1,0.920000000,0,0,0,0
1787.191918850,168.656479713,0.109397080,0.742567364,nan,nan,25,25,23,1,0,1,0.920000000,0,0,0,0
1788.204920292,168.816289513,0.109442178,0.743161510,nan,nan,25,25,23,1,0,1,0.920000000,0,0,0,0
1789.203468561,168.946091112,0.109581233,0.745203890,nan,nan,25,25,23,1,0,1,0.920000000,0,0,0,0
1790.222456694,169.085914009,0.109581233,0.745203890,nan,nan,25,25,23,1,0,1,0.920000000,0,0,0,0
1791.192564964,169.215700074,0.109706507,0.746986330,nan,nan,25,25,23,1,0,1,0.920000000,0,0,0,0
1792.190287828,169.345344908,0.109706507,0.746986330,nan,nan,25,25,23,1,0,1,0.920000000,0,0,0,0
1793.202172995,169.465068146,0.109890661,0.749492886,nan,nan,25,25,23,1,0,1,0.920000000,0,0,0,0
1794.228168726,169.604470171,0.109890661,0.749492886,nan,nan,25,25,23,1,0,1,0.920000000,0,0,0,0
1795.199128866,169.724247116,0.110114902,0.752649291,nan,nan,25,25,23,1,0,1,0.920000000,0,0,0,0
1796.199483156,169.843526384,0.110114902,0.752649291,nan,nan,25,25,23,1,0,1,0.920000000,0,0,0,0
1797.193486691,169.943967567,0.110320352,0.755620025,nan,nan,25,25,23,1,0,1,0.920000000,0,0,0,0
1798.198859453,170.008650064,0.110320352,0.755620025,nan,nan,25,25,23,1,0,1,0.920000000,0,0,0,0
1799.182053566,170.060643594,0.110588439,0.759444844,nan,nan,25,25,23,1,0,1,0.920000000,0,0,0,0
1800.196639061,170.111861817,0.110588439,0.759444844,nan,nan,25,25,23,1,0,1,0.920000000,0,0,0,0
1801.214029551,170.159521508,0.110895361,0.763863810,nan,nan,25,25,23,1,0,1,0.920000000,0,0,0,0
1802.198733091,170.208368027,0.110895361,0.763863810,nan,nan,25,25,23,1,0,1,0.920000000,0,0,0,0
1803.213335514,170.257096327,0.110895361,0.763863810,nan,nan,25,25,23,1,0,1,0.920000000,0,0,0,0
1804.206762075,170.309812741,0.110895361,0.763863810,nan,nan,25,25,23,1,0,1,0.920000000,0,0,0,0
1805.194447041,170.350006956,0.111148415,0.767484392,nan,nan,25,25,23,1,0,1,0.920000000,0,0,0,0
1806.196310043,170.390981199,0.111148415,0.767484392,nan,nan,25,25,23,1,0,1,0.920000000,0,0,0,0
1807.195407629,170.434516105,0.111148415,0.767484392,nan,nan,25,25,23,1,0,1,0.920000000,0,0,0,0
1808.199521065,170.470561924,0.111148415,0.767484392,nan,nan,25,25,23,1,0,1,0.920000000,0,0,0,0
1809.197581291,170.510837321,0.111316283,0.769805278,nan,nan,25,25,23,1,0,1,0.920000000,0,0,0,0
1810.194057703,170.548937809,0.111316283,0.769805278,nan,nan,25,25,23,1,0,1,0.920000000,0,0,0,0
1811.202666759,170.580509616,0.111316283,0.769805278,nan,nan,25,25,23,1,0,1,0.920000000,0,0,0,0
1812.186342478,170.613781410,0.111316283,0.769805278,nan,nan,25,25,23,1,0,1,0.920000000,0,0,0,0
1813.219853163,170.643060264,0.111316283,0.769805278,nan,nan,25,25,23,1,0,1,0.920000000,0,0,0,0
1814.191629171,170.677051278,0.111316283,0.769805278,nan,nan,25,25,23,1,0,1,0.920000000,0,0,0,0
1815.192977667,170.709094035,0.111427777,0.771420614,nan,nan,25,25,23,1,0,1,0.920000000,0,0,0,0
1816.194353580,170.736177239,0.111427777,0.771420614,nan,nan,25,25,23,1,0,1,0.920000000,0,0,0,0
1817.188698292,170.764788731,0.111427777,0.771420614,nan,nan,25,25,23,1,0,1,0.920000000,0,0,0,0
1818.204488516,170.792290914,0.111427777,0.771420614,nan,nan,25,25,23,1,0,1,0.920000000,0,0,0,0
1819.199628353,170.821379919,0.111427777,0.771420614,nan,nan,25,25,23,1,0,1,0.920000000,0,0,0,0
1820.185108185,170.848442531,0.111427777,0.771420614,nan,nan,25,25,23,1,0,1,0.920000000,0,0,0,0
1821.185431719,170.875933216,0.111427777,0.771420614,nan,nan,25,25,23,1,0,1,0.920000000,0,0,0,0
1822.192959547,170.910006202,0.111492919,0.772274700,nan,nan,25,25,23,1,0,1,0.920000000,0,0,0,0
1823.208214521,170.936742292,0.111492919,0.772274700,nan,nan,25,25,23,1,0,1,0.920000000,0,0,0,0
1824.243565083,170.970705111,0.111492919,0.772274700,nan,nan,25,25,23,1,0,1,0.920000000,0,0,0,0
1825.182840109,171.009049307,0.111554304,0.773082368,nan,nan,25,25,23,1,0,1,0.920000000,0,0,0,0
1826.205587626,171.043148144,0.111554304,0.773082368,nan,nan,25,25,23,1,0,1,0.920000000,0,0,0,0
1827.193969011,171.078673618,0.111601908,0.773565112,nan,nan,25,25,23,1,0,1,0.920000000,0,0,0,0
1828.203670979,171.129181880,0.111601908,0.773565112,nan,nan,25,25,23,1,0,1,0.920000000,0,0,0,0
1829.211609364,171.172115679,0.111601908,0.773565112,nan,nan,25,25,23,1,0,1,0.920000000,0,0,0,0
1830.213257551,171.218921802,0.111673315,0.774372781,nan,nan,25,25,23,1,0,1,0.920000000,0,0,0,0
1831.217606306,171.271994465,0.111673315,0.774372781,nan,nan,25,25,23,1,0,1,0.920000000,0,0,0,0
1832.204433680,171.334448571,0.111766018,0.775528582,nan,nan,25,25,23,1,0,1,0.920000000,0,0,0,0
1833.194864273,171.395103333,0.111766018,0.775528582,nan,nan,25,25,23,1,0,1,0.920000000,0,0,0,0
1834.200279236,171.462409318,0.111872501,0.776846845,nan,nan,25,25,23,1,0,1,0.920000000,0,0,0,0
1835.202096701,171.527987882,0.111872501,0.776846845,nan,nan,25,25,23,1,0,1,0.920000000,0,0,0,0
1836.184262753,171.600445505,0.112009050,0.778582867,nan,nan,25,25,23,1,0,1,0.920000000,0,0,0,0
1837.200901985,171.661765959,0.112009050,0.778582867,nan,nan,25,25,23,1,0,1,0.920000000,0,0,0,0
1838.199461937,171.721363725,0.112225774,0.781302945,nan,nan,25,25,23,1,0,1,0.920000000,0,0,0,0
1839.211422205,171.784678817,0.112225774,0.781302945,nan,nan,25,25,23,1,0,1,0.920000000,0,0,0,0
1840.198885918,171.853257382,0.112502631,0.784821408,nan,nan,25,25,23,1,0,1,0.920000000,0,0,0,0
1841.200181246,171.920383605,0.112502631,0.784821408,nan,nan,25,25,23,1,0,1,0.920000000,0,0,0,0
1842.202052355,171.996746563,0.112734388,0.787731798,nan,nan,25,25,23,1,0,1,0.920000000,0,0,0,0
1843.211684942,172.070943275,0.112734388,0.787731798,nan,nan,25,25,23,1,0,1,0.920000000,0,0,0,0
1844.223644733,172.156891533,0.112913531,0.789950565,nan,nan,25,25,23,1,0,1,0.920000000,0,0,0,0
1845.205561399,172.253670065,0.112913531,0.789950565,nan,nan,25,25,23,1,0,1,0.920000000,0,0,0,0
1846.183953762,172.336643574,0.113046321,0.791603036,nan,nan,25,25,23,1,0,1,0.920000000,0,0,0,0
1847.215719223,172.401728785,0.113046321,0.791603036,nan,nan,25,25,23,1,0,1,0.920000000,0,0,0,0
1848.179532766,172.477177739,0.113090167,0.792178615,nan,nan,25,25,24,1,0,1,0.960000000,0,0,0,0
1853.872372627,172.522932417,0.113090167,0.792178615,nan,nan,26,26,24,1,0,1,0.923076923,0,0,0,0
1854.185059547,172.536918699,0.113156563,0.793106970,nan,nan,26,26,24,1,0,1,0.923076923,0,0,0,0
1855.194304943,172.556038692,0.113156563,0.793106970,nan,nan,26,26,24,1,0,1,0.923076923,0,0,0,0
1856.183447123,172.600606648,0.113156563,0.793106970,nan,nan,26,26,24,1,0,1,0.923076923,0,0,0,0
1857.190077782,172.661982600,0.113156563,0.793106970,nan,nan,26,26,24,1,0,1,0.923076923,0,0,0,0
1858.189726353,172.750259878,0.113179112,0.793329775,nan,nan,26,26,24,1,0,1,0.923076923,0,0,0,0
1859.191738129,172.840241364,0.113179112,0.793329775,nan,nan,26,26,24,1,0,1,0.923076923,0,0,0,0
1860.181810141,172.940240989,0.113237991,0.793812519,nan,nan,26,26,24,1,0,1,0.923076923,0,0,0,0
1861.196027994,173.040240424,0.113237991,0.793812519,nan,nan,26,26,24,1,0,1,0.923076923,0,0,0,0
1862.204594612,173.150237393,0.113237991,0.793812519,nan,nan,26,26,24,1,0,1,0.923076923,0,0,0,0
1863.203874111,173.250078296,0.113273068,0.793909996,nan,nan,26,26,24,1,0,1,0.923076923,0,0,0,0
1864.196163654,173.349030340,0.113273068,0.793909996,nan,nan,26,26,24,1,0,1,0.923076923,0,0,0,0
1865.202193260,173.435121918,0.113273068,0.793909996,nan,nan,26,26,24,1,0,1,0.923076923,0,0,0,0
1866.189599276,173.531488020,0.113273068,0.793909996,nan,nan,26,26,24,1,0,1,0.923076923,0,0,0,0
1867.195304394,173.610368503,0.113273068,0.793909996,nan,nan,26,26,24,1,0,1,0.923076923,0,0,0,0
1868.183301687,173.700014103,0.113273068,0.793909996,nan,nan,26,26,24,1,0,1,0.923076923,0,0,0,0
1869.186098576,173.769986791,0.113273068,0.793909996,nan,nan,26,26,24,1,0,1,0.923076923,0,0,0,0
1870.180836678,173.839939525,0.113273068,0.793909996,nan,nan,26,26,24,1,0,1,0.923076923,0,0,0,0
1871.188315630,173.919939184,0.113273068,0.793909996,nan,nan,26,26,24,1,0,1,0.923076923,0,0,0,0
1872.189963579,173.999938485,0.113273068,0.793909996,nan,nan,26,26,24,1,0,1,0.923076923,0,0,0,0
1873.180872679,174.069934057,0.113273068,0.793909996,nan,nan,26,26,24,1,0,1,0.923076923,0,0,0,0
1874.203451395,174.139906399,0.113273068,0.793909996,nan,nan,26,26,24,1,0,1,0.923076923,0,0,0,0
1875.186165094,174.219615789,0.113273068,0.793909996,nan,nan,26,26,24,1,0,1,0.923076923,0,0,0,0
1876.199950695,174.287786591,0.113273068,0.793909996,nan,nan,26,26,24,1,0,1,0.923076923,0,0,0,0
1877.188848495,174.353448407,0.113273068,0.793909996,nan,nan,26,26,24,1,0,1,0.923076923,0,0,0,0
1878.185838938,174.423873602,0.113273068,0.793909996,nan,nan,26,26,24,1,0,1,0.923076923,0,0,0,0
1879.178615808,174.487950000,0.113273068,0.793909996,nan,nan,26,26,24,1,0,1,0.923076923,0,0,0,0
1880.184562683,174.542587932,0.113273068,0.793909996,nan,nan,26,26,25,1,0,1,0.961538462,0,0,0,0
1885.494116306,174.592478377,0.113274321,0.793909996,nan,nan,27,27,25,1,0,1,0.925925926,0,0,0,0
1886.182895422,174.650532561,0.113274321,0.793909996,nan,nan,27,27,25,1,0,1,0.925925926,0,0,0,0
1887.195186377,174.650532561,0.113274321,0.793909996,nan,nan,27,27,25,1,0,1,0.925925926,0,0,0,0
1892.752690077,174.650532561,0.113274321,0.793909996,nan,nan,28,28,25,2,0,2,0.892857143,0,0,0,0
1893.192273617,174.651156561,0.113274321,0.793909996,nan,nan,28,28,25,2,0,2,0.892857143,0,0,0,0
1894.181298018,174.663420554,0.113274321,0.793909996,nan,nan,28,28,25,2,0,2,0.892857143,0,0,0,0
1895.181622505,174.690997364,0.113274321,0.793909996,nan,nan,28,28,25,2,0,2,0.892857143,0,0,0,0
1896.179042101,174.720511116,0.113274321,0.793909996,nan,nan,28,28,25,2,0,2,0.892857143,0,0,0,0
1897.186447620,174.748829535,0.113274321,0.793909996,nan,nan,28,28,25,2,0,2,0.892857143,0,0,0,0
1898.198604584,174.768003474,0.113274321,0.793909996,nan,nan,28,28,25,2,0,2,0.892857143,0,0,0,0
1899.190527678,174.793379518,0.113274321,0.793909996,nan,nan,28,28,25,2,0,2,0.892857143,0,0,0,0
1900.191743851,174.814152197,0.113274321,0.793909996,nan,nan,28,28,25,2,0,2,0.892857143,0,0,0,0
1901.192307472,174.833175595,0.113274321,0.793909996,nan,nan,28,28,25,2,0,2,0.892857143,0,0,0,0
1902.195818663,174.849028971,0.113274321,0.793909996,nan,nan,28,28,25,2,0,2,0.892857143,0,0,0,0
1903.183261156,174.853270237,0.113274321,0.793909996,nan,nan,28,28,25,2,0,2,0.892857143,0,0,0,0
1904.189053297,174.854227312,0.113274321,0.793909996,nan,nan,28,28,25,2,0,2,0.892857143,0,0,0,0
1905.185672522,174.857503728,0.113274321,0.793909996,nan,nan,28,28,25,2,0,2,0.892857143,0,0,0,0
1906.191604853,174.864359328,0.113274321,0.793909996,nan,nan,28,28,25,2,0,2,0.892857143,0,0,0,0
1907.181306839,174.873308443,0.113274321,0.793909996,nan,nan,28,28,25,2,0,2,0.892857143,0,0,0,0
1908.181616545,174.884817209,0.113274321,0.793909996,nan,nan,28,28,25,2,0,2,0.892857143,0,0,0,0
1909.194920540,174.899839123,0.113274321,0.793909996,nan,nan,28,28,25,2,0,2,0.892857143,0,0,0,0
1910.185920954,174.919152472,0.113274321,0.793909996,nan,nan,28,28,25,2,0,2,0.892857143,0,0,0,0
1911.189750195,174.946561659,0.113274321,0.793909996,nan,nan,28,28,25,2,0,2,0.892857143,0,0,0,0
1912.184036732,174.971216537,0.113274321,0.793909996,nan,nan,28,28,25,2,0,2,0.892857143,0,0,0,0
1913.181509495,175.000761006,0.113274321,0.793909996,nan,nan,28,28,25,2,0,2,0.892857143,0,0,0,0
1914.181626320,175.036897160,0.113274321,0.793909996,nan,nan,28,28,25,2,0,2,0.892857143,0,0,0,0
1915.190770626,175.083647469,0.113274321,0.793909996,nan,nan,28,28,25,2,0,2,0.892857143,0,0,0,0
1916.191845894,175.128597851,0.113274321,0.793909996,nan,nan,28,28,25,2,0,2,0.892857143,0,0,0,0
1917.189659119,175.176061488,0.113274321,0.793909996,nan,nan,28,28,25,2,0,2,0.892857143,0,0,0,0
1918.194934607,175.232389133,0.113274321,0.793909996,nan,nan,28,28,25,2,0,2,0.892857143,0,0,0,0
1919.177706718,175.275317965,0.113274321,0.793909996,nan,nan,28,28,25,2,0,2,0.892857143,0,0,0,0
1920.195319891,175.323591119,0.113274321,0.793909996,nan,nan,28,28,25,2,0,2,0.892857143,0,0,0,0
1921.186087847,175.377794545,0.113274321,0.793909996,nan,nan,28,28,25,2,0,2,0.892857143,0,0,0,0
1922.181830645,175.424735928,0.113274321,0.793909996,nan,nan,28,28,25,2,0,2,0.892857143,0,0,0,0
1923.184372663,175.471790736,0.113274321,0.793909996,nan,nan,28,28,25,2,0,2,0.892857143,0,0,0,0
1924.189558744,175.518969920,0.113274321,0.793909996,nan,nan,28,28,25,2,0,2,0.892857143,0,0,0,0
1925.192327738,175.568302319,0.113274321,0.793909996,nan,nan,28,28,25,2,0,2,0.892857143,0,0,0,0
1926.189871550,175.608370454,0.113274321,0.793909996,nan,nan,28,28,25,2,0,2,0.892857143,0,0,0,0
1927.206490517,175.652232300,0.113274321,0.793909996,nan,nan,28,28,25,2,0,2,0.892857143,0,0,0,0
1928.196564913,175.694301413,0.113274321,0.793909996,nan,nan,28,28,25,2,0,2,0.892857143,0,0,0,0
1929.185179949,175.735228765,0.113274321,0.793909996,nan,nan,28,28,25,2,0,2,0.892857143,0,0,0,0
1930.197425842,175.774364759,0.113274321,0.793909996,nan,nan,28,28,25,2,0,2,0.892857143,0,0,0,0
1931.187920809,175.827381736,0.113274321,0.793909996,nan,nan,28,28,25,2,0,2,0.892857143,0,0,0,0
1932.206921339,175.893135875,0.113274321,0.793909996,nan,nan,28,28,25,2,0,2,0.892857143,0,0,0,0
1933.224494457,175.957170710,0.113274321,0.793909996,nan,nan,28,28,25,2,0,2,0.892857143,0,0,0,0
1934.206556082,176.022512577,0.113274321,0.793909996,nan,nan,28,28,25,2,0,2,0.892857143,0,0,0,0
1935.227006674,176.077588312,0.113274321,0.793909996,nan,nan,28,28,25,2,0,2,0.892857143,0,0,0,0
1936.195906878,176.146164100,0.113274321,0.793909996,nan,nan,28,28,25,2,0,2,0.892857143,0,0,0,0
1937.207076788,176.222156291,0.113274321,0.793909996,nan,nan,28,28,25,2,0,2,0.892857143,0,0,0,0
1938.196297169,176.304801251,0.113274321,0.793909996,nan,nan,28,28,25,2,0,2,0.892857143,0,0,0,0
1939.289170504,176.386664505,0.113274321,0.793909996,nan,nan,28,28,25,2,0,2,0.892857143,0,0,0,0
1940.184264898,176.473912919,0.113274321,0.793909996,nan,nan,28,28,25,2,0,2,0.892857143,0,0,0,0
1941.217969418,176.563632890,0.113274321,0.793909996,nan,nan,28,28,25,2,0,2,0.892857143,0,0,0,0
1942.217654467,176.653558507,0.113274321,0.793909996,nan,nan,28,28,25,2,0,2,0.892857143,0,0,0,0
1943.201303959,176.733547158,0.113274321,0.793909996,nan,nan,28,28,25,2,0,2,0.892857143,0,0,0,0
1944.198150396,176.843534053,0.113274321,0.793909996,nan,nan,28,28,25,2,0,2,0.892857143,0,0,0,0
1945.190098286,176.953534033,0.113274321,0.793909996,nan,nan,28,28,25,2,0,2,0.892857143,0,0,0,0
1946.188554525,177.063528553,0.113276826,0.793928563,nan,nan,28,28,25,2,0,2,0.892857143,0,0,0,0
1947.180764914,177.183527515,0.113276826,0.793928563,nan,nan,28,28,25,2,0,2,0.892857143,0,0,0,0
1948.196896315,177.303522553,0.113286848,0.794039966,nan,nan,28,28,25,2,0,2,0.892857143,0,0,0,0
1949.216261148,177.413475428,0.113286848,0.794039966,nan,nan,28,28,25,2,0,2,0.892857143,0,0,0,0
1950.195031404,177.563241877,0.113294365,0.794132801,nan,nan,28,28,25,2,0,2,0.892857143,0,0,0,0
1951.200504780,177.683215037,0.113294365,0.794132801,nan,nan,28,28,25,2,0,2,0.892857143,0,0,0,0
1952.193665266,177.803212940,0.113295617,0.794132801,nan,nan,28,28,25,2,0,2,0.892857143,0,0,0,0
1953.206514597,177.923202206,0.113295617,0.794132801,nan,nan,28,28,25,2,0,2,0.892857143,0,0,0,0
1954.216300488,178.053175139,0.113295617,0.794132801,nan,nan,28,28,25,2,0,2,0.892857143,0,0,0,0
1955.203820705,178.183156984,0.113295617,0.794132801,nan,nan,28,28,25,2,0,2,0.892857143,0,0,0,0
1956.197629452,178.313156440,0.113296870,0.794132801,nan,nan,28,28,25,2,0,2,0.892857143,0,0,0,0
1957.209825516,178.433153735,0.113296870,0.794132801,nan,nan,28,28,25,2,0,2,0.892857143,0,0,0,0
1958.200151443,178.553086804,0.113296870,0.794132801,nan,nan,28,28,25,2,0,2,0.892857143,0,0,0,0
1959.207894802,178.663016471,0.113296870,0.794132801,nan,nan,28,28,25,2,0,2,0.892857143,0,0,0,0
1960.208551168,178.792918526,0.113296870,0.794132801,nan,nan,28,28,25,2,0,2,0.892857143,0,0,0,0
1961.216272593,178.922834919,0.113296870,0.794132801,nan,nan,28,28,25,2,0,2,0.892857143,0,0,0,0
1962.202297449,179.042804426,0.113296870,0.794132801,nan,nan,28,28,25,2,0,2,0.892857143,0,0,0,0
1963.203949690,179.152660362,0.113296870,0.794132801,nan,nan,28,28,25,2,0,2,0.892857143,0,0,0,0
1964.203265429,179.302368344,0.113300628,0.794169935,nan,nan,28,28,25,2,0,2,0.892857143,0,0,0,0
1965.196749687,179.442334608,0.113300628,0.794169935,nan,nan,28,28,25,2,0,2,0.892857143,0,0,0,0
1966.186428070,179.572019106,0.113326936,0.794522710,nan,nan,28,28,25,2,0,2,0.892857143,0,0,0,0
1967.183140278,179.701666822,0.113326936,0.794522710,nan,nan,28,28,25,2,0,2,0.892857143,0,0,0,0
1968.192006588,179.821447265,0.113345727,0.794726948,nan,nan,28,28,25,2,0,2,0.892857143,0,0,0,0
1969.220710516,179.950874706,0.113345727,0.794726948,nan,nan,28,28,25,2,0,2,0.892857143,0,0,0,0
1970.218509674,180.090207686,0.113375793,0.795126140,nan,nan,28,28,25,2,0,2,0.892857143,0,0,0,0
1971.202183247,180.209781277,0.113375793,0.795126140,nan,nan,28,28,25,2,0,2,0.892857143,0,0,0,0
1972.198519707,180.329500363,0.113408364,0.795553183,nan,nan,28,28,25,2,0,2,0.892857143,0,0,0,0
1973.184796572,180.449319729,0.113408364,0.795553183,nan,nan,28,28,25,2,0,2,0.892857143,0,0,0,0
1974.181998968,180.578840572,0.113467243,0.796249449,nan,nan,28,28,25,2,0,2,0.892857143,0,0,0,0
1975.203366756,180.708189653,0.113467243,0.796249449,nan,nan,28,28,25,2,0,2,0.892857143,0,0,0,0
1976.216210127,180.837817662,0.113522364,0.796769327,nan,nan,28,28,25,2,0,2,0.892857143,0,0,0,0
1977.204151869,180.966770761,0.113522364,0.796769327,nan,nan,28,28,25,2,0,2,0.892857143,0,0,0,0
1978.217975140,181.095999953,0.113581243,0.797307773,nan,nan,28,28,25,2,0,2,0.892857143,0,0,0,0
1979.186228991,181.213295809,0.113581243,0.797307773,nan,nan,28,28,25,2,0,2,0.892857143,0,0,0,0
1980.205797911,181.392611472,0.113626342,0.797679114,nan,nan,28,28,25,2,0,2,0.892857143,0,0,0,0
1981.184528828,181.521306988,0.113663924,0.797901919,nan,nan,28,28,25,2,0,2,0.892857143,0,0,0,0
1982.200829983,181.644829321,0.113663924,0.797901919,nan,nan,28,28,25,2,0,2,0.892857143,0,0,0,0
1983.186478853,181.752192037,0.113691484,0.798106157,nan,nan,28,28,25,2,0,2,0.892857143,0,0,0,0
1984.194602013,181.850180298,0.113691484,0.798106157,nan,nan,28,28,25,2,0,2,0.892857143,0,0,0,0
1985.202995062,181.939849218,0.113734078,0.798421798,nan,nan,28,28,25,2,0,2,0.892857143,0,0,0,0
1986.214168310,182.051748081,0.113734078,0.798421798,nan,nan,28,28,25,2,0,2,0.892857143,0,0,0,0
1987.202776670,182.147214633,0.113761638,0.798570334,nan,nan,28,28,25,2,0,2,0.892857143,0,0,0,0
1988.206155300,182.244518198,0.113761638,0.798570334,nan,nan,28,28,25,2,0,2,0.892857143,0,0,0,0
1989.189417362,182.348018247,0.113816759,0.799238750,nan,nan,28,28,25,2,0,2,0.892857143,0,0,0,0
1990.192591667,182.456135919,0.113816759,0.799238750,nan,nan,28,28,25,2,0,2,0.892857143,0,0,0,0
1991.198782921,182.563672122,0.113816759,0.799238750,nan,nan,28,28,25,2,0,2,0.892857143,0,0,0,0
1992.187213898,182.668805205,0.113881901,0.800185671,nan,nan,28,28,25,2,0,2,0.892857143,0,0,0,0
1993.205956697,182.774772293,0.113881901,0.800185671,nan,nan,28,28,25,2,0,2,0.892857143,0,0,0,0
1994.188316107,182.863854421,0.113909462,0.800538445,nan,nan,28,28,25,2,0,2,0.892857143,0,0,0,0
2000.776765108,182.933577677,0.113909462,0.800538445,nan,nan,29,29,26,2,0,2,0.896551724,0,0,0,0
2001.187668800,182.992482948,0.113911967,0.800557013,nan,nan,29,29,26,2,0,2,0.896551724,0,0,0,0
2002.217255116,183.026477971,0.113911967,0.800557013,nan,nan,29,29,26,2,0,2,0.896551724,0,0,0,0
2003.232088804,183.095164845,0.113911967,0.800557013,nan,nan,29,29,26,2,0,2,0.896551724,0,0,0,0
2004.221689939,183.205765728,0.113913220,0.800557013,nan,nan,29,29,26,2,0,2,0.896551724,0,0,0,0
2005.213099480,183.333952576,0.113913220,0.800557013,nan,nan,29,29,26,2,0,2,0.896551724,0,0,0,0
2006.193318605,183.453925389,0.113918231,0.800557013,nan,nan,29,29,26,2,0,2,0.896551724,0,0,0,0
2007.195070505,183.573877473,0.113918231,0.800557013,nan,nan,29,29,26,2,0,2,0.896551724,0,0,0,0
2008.195117474,183.703866534,0.113918231,0.800557013,nan,nan,29,29,26,2,0,2,0.896551724,0,0,0,0
2009.202332735,183.823795025,0.113919484,0.800557013,nan,nan,29,29,26,2,0,2,0.896551724,0,0,0,0
2010.228943825,183.953795005,0.113919484,0.800557013,nan,nan,29,29,26,2,0,2,0.896551724,0,0,0,0
2011.216389656,184.073771476,0.113920736,0.800557013,nan,nan,29,29,26,2,0,2,0.896551724,0,0,0,0
2012.220891714,184.173709845,0.113920736,0.800557013,nan,nan,29,29,26,2,0,2,0.896551724,0,0,0,0
2013.179477453,184.293685426,0.113921989,0.800557013,nan,nan,29,29,26,2,0,2,0.896551724,0,0,0,0
2014.198828697,184.413626642,0.113921989,0.800557013,nan,nan,29,29,26,2,0,2,0.896551724,0,0,0,0
2015.221352816,184.523619989,0.113923242,0.800557013,nan,nan,29,29,26,2,0,2,0.896551724,0,0,0,0
2016.215202093,184.653536611,0.113923242,0.800557013,nan,nan,29,29,26,2,0,2,0.896551724,0,0,0,0
2017.193853855,184.773443238,0.113924495,0.800575580,nan,nan,29,29,26,2,0,2,0.896551724,0,0,0,0
2018.186912298,184.893229143,0.113924495,0.800575580,nan,nan,29,29,26,2,0,2,0.896551724,0,0,0,0
2019.201217175,185.013001162,0.113930758,0.800612714,nan,nan,29,29,26,2,0,2,0.896551724,0,0,0,0
2020.205480099,185.142875607,0.113930758,0.800612714,nan,nan,29,29,26,2,0,2,0.896551724,0,0,0,0
2021.203081369,185.262741238,0.114000912,0.800733400,nan,nan,29,29,26,2,0,2,0.896551724,0,0,0,0
2022.216500998,185.382603591,0.114000912,0.800733400,nan,nan,29,29,26,2,0,2,0.896551724,0,0,0,0
2023.188538074,185.512388707,0.114058538,0.800789101,nan,nan,29,29,26,2,0,2,0.896551724,0,0,0,0
2024.233295918,185.622337542,0.114058538,0.800789101,nan,nan,29,29,26,2,0,2,0.896551724,0,0,0,0
2025.201569796,185.732278948,0.114071066,0.800844802,nan,nan,29,29,26,2,0,2,0.896551724,0,0,0,0
2026.202828884,185.842061555,0.114071066,0.800844802,nan,nan,29,29,26,2,0,2,0.896551724,0,0,0,0
2027.240451574,185.962022765,0.114092362,0.800844802,nan,nan,29,29,26,2,0,2,0.896551724,0,0,0,0
2028.226482153,186.072012899,0.114092362,0.800844802,nan,nan,29,29,26,2,0,2,0.896551724,0,0,0,0
2029.206932545,186.201851899,0.114092362,0.800844802,nan,nan,29,29,26,2,0,2,0.896551724,0,0,0,0
2030.223433256,186.311841407,0.114147483,0.800993339,nan,nan,29,29,26,2,0,2,0.896551724,0,0,0,0
2031.237177610,186.431828090,0.114147483,0.800993339,nan,nan,29,29,26,2,0,2,0.896551724,0,0,0,0
2032.193986893,186.551825297,0.114287790,0.801076891,nan,nan,29,29,26,2,0,2,0.896551724,0,0,0,0
2033.179022551,186.661815016,0.114287790,0.801076891,nan,nan,29,29,26,2,0,2,0.896551724,0,0,0,0
2034.212030172,186.771787872,0.114332889,0.801095458,nan,nan,29,29,26,2,0,2,0.896551724,0,0,0,0
2035.198268652,186.921721669,0.114332889,0.801095458,nan,nan,29,29,26,2,0,2,0.896551724,0,0,0,0
2036.188998222,187.051664365,0.114388010,0.801141876,nan,nan,29,29,26,2,0,2,0.896551724,0,0,0,0
2037.200149059,187.171604518,0.114388010,0.801141876,nan,nan,29,29,26,2,0,2,0.896551724,0,0,0,0
2038.199000120,187.301589275,0.114441878,0.801141876,nan,nan,29,29,26,2,0,2,0.896551724,0,0,0,0
2039.203605652,187.421585336,0.114441878,0.801141876,nan,nan,29,29,26,2,0,2,0.896551724,0,0,0,0
2040.187035084,187.541583028,0.114471944,0.801141876,nan,nan,29,29,26,2,0,2,0.896551724,0,0,0,0
2041.203783989,187.651517369,0.114471944,0.801141876,nan,nan,29,29,26,2,0,2,0.896551724,0,0,0,0
2042.214456797,187.771455416,0.114498251,0.801188293,nan,nan,29,29,26,2,0,2,0.896551724,0,0,0,0
2043.192946911,187.891423979,0.114498251,0.801188293,nan,nan,29,29,26,2,0,2,0.896551724,0,0,0,0
2044.200759888,188.031190487,0.114533328,0.801206861,nan,nan,29,29,26,2,0,2,0.896551724,0,0,0,0
2045.184240103,188.140706820,0.114533328,0.801206861,nan,nan,29,29,26,2,0,2,0.896551724,0,0,0,0
2046.204622746,188.267947916,0.114552119,0.801206861,nan,nan,29,29,26,2,0,2,0.896551724,0,0,0,0
2047.208662748,188.388230661,0.114552119,0.801206861,nan,nan,29,29,26,2,0,2,0.896551724,0,0,0,0
2048.207520247,188.489751648,0.114595965,0.801434307,nan,nan,29,29,26,2,0,2,0.896551724,0,0,0,0
2049.178821325,188.586866444,0.114595965,0.801434307,nan,nan,29,29,26,2,0,2,0.896551724,0,0,0,0
2050.202289581,188.710511045,0.114696185,0.802399796,nan,nan,29,29,26,2,0,2,0.896551724,0,0,0,0
2051.202034473,188.854687593,0.114696185,0.802399796,nan,nan,29,29,26,2,0,2,0.896551724,0,0,0,0
2052.204153776,188.953596699,0.114881591,0.804237937,nan,nan,29,29,26,2,0,2,0.896551724,0,0,0,0
2053.191293478,189.054637478,0.114881591,0.804237937,nan,nan,29,29,26,2,0,2,0.896551724,0,0,0,0
2054.218708515,189.151378497,0.115160952,0.807064776,nan,nan,29,29,26,2,0,2,0.896551724,0,0,0,0
2055.180082321,189.260933734,0.115540534,0.811223803,nan,nan,29,29,26,2,0,2,0.896551724,0,0,0,0
2056.193516970,189.340668659,0.115540534,0.811223803,nan,nan,29,29,26,2,0,2,0.896551724,0,0,0,0
2057.184133291,189.426517600,0.115903829,0.815419964,nan,nan,29,29,26,2,0,2,0.896551724,0,0,0,0
2058.215289116,189.534435092,0.115903829,0.815419964,nan,nan,29,29,26,2,0,2,0.896551724,0,0,0,0
2059.225784063,189.651338039,0.116145609,0.818149326,nan,nan,29,29,26,2,0,2,0.896551724,0,0,0,0
2060.219086170,189.753240759,0.116145609,0.818149326,nan,nan,29,29,26,2,0,2,0.896551724,0,0,0,0
2061.218525171,189.872956415,0.116267125,0.819755379,nan,nan,29,29,26,2,0,2,0.896551724,0,0,0,0
2062.191051722,189.972956235,0.116267125,0.819755379,nan,nan,29,29,26,2,0,2,0.896551724,0,0,0,0
2063.188489676,190.052956167,0.116267125,0.819755379,nan,nan,29,29,26,2,0,2,0.896551724,0,0,0,0
2064.190713167,190.142956134,0.116399916,0.821426416,nan,nan,29,29,26,2,0,2,0.896551724,0,0,0,0
2065.201885223,190.222954808,0.116399916,0.821426416,nan,nan,29,29,26,2,0,2,0.896551724,0,0,0,0
2066.193991899,190.302954578,0.116399916,0.821426416,nan,nan,29,29,26,2,0,2,0.896551724,0,0,0,0
2067.182366371,190.382895854,0.116557761,0.823069603,nan,nan,29,29,26,2,0,2,0.896551724,0,0,0,0
2068.211431503,190.461762649,0.116557761,0.823069603,nan,nan,29,29,26,2,0,2,0.896551724,0,0,0,0
2069.190290213,190.537348599,0.116557761,0.823069603,nan,nan,29,29,26,2,0,2,0.896551724,0,0,0,0
2070.181060553,190.607325028,0.116600355,0.823375960,nan,nan,29,29,26,2,0,2,0.896551724,0,0,0,0
2071.192346573,190.671534382,0.116600355,0.823375960,nan,nan,29,29,26,2,0,2,0.896551724,0,0,0,0
2072.199907780,190.726463166,0.116600355,0.823375960,nan,nan,29,29,26,2,0,2,0.896551724,0,0,0,0
2077.942816973,190.785543428,0.116635432,0.823784436,nan,nan,30,30,27,2,0,2,0.900000000,0,0,0,0
2078.180786610,190.848858982,0.116644201,0.823895839,nan,nan,30,30,27,2,0,2,0.900000000,0,0,0,0
2079.186809778,190.858117855,0.116644201,0.823895839,nan,nan,30,30,27,2,0,2,0.900000000,0,0,0,0
2080.196125984,190.877404856,0.116644201,0.823895839,nan,nan,30,30,27,2,0,2,0.900000000,0,0,0,0
2081.187650919,190.906885906,0.116644201,0.823895839,nan,nan,30,30,27,2,0,2,0.900000000,0,0,0,0
2082.200711966,190.945623409,0.116644201,0.823895839,nan,nan,30,30,27,2,0,2,0.900000000,0,0,0,0
2083.194656372,191.011789922,0.116656728,0.824081510,nan,nan,30,30,27,2,0,2,0.900000000,0,0,0,0
2084.193671703,191.076561775,0.116656728,0.824081510,nan,nan,30,30,27,2,0,2,0.900000000,0,0,0,0
2085.203195095,191.146623062,0.116656728,0.824081510,nan,nan,30,30,27,2,0,2,0.900000000,0,0,0,0
2086.195168257,191.220415527,0.116681783,0.824369299,nan,nan,30,30,27,2,0,2,0.900000000,0,0,0,0
2087.193342209,191.318800417,0.116681783,0.824369299,nan,nan,30,30,27,2,0,2,0.900000000,0,0,0,0
2088.180104733,191.408681581,0.116681783,0.824369299,nan,nan,30,30,27,2,0,2,0.900000000,0,0,0,0
2089.191499472,191.508506329,0.116738157,0.825046998,nan,nan,30,30,27,2,0,2,0.900000000,0,0,0,0
2090.196817160,191.608455779,0.116738157,0.825046998,nan,nan,30,30,27,2,0,2,0.900000000,0,0,0,0
2091.186239243,191.708309688,0.116888486,0.826662334,nan,nan,30,30,27,2,0,2,0.900000000,0,0,0,0
2092.179870367,191.808308672,0.116888486,0.826662334,nan,nan,30,30,27,2,0,2,0.900000000,0,0,0,0
2093.207910299,191.906546738,0.116888486,0.826662334,nan,nan,30,30,27,2,0,2,0.900000000,0,0,0,0
2094.206133366,192.015867978,0.116993716,0.827948105,nan,nan,30,30,27,2,0,2,0.900000000,0,0,0,0
2095.184244156,192.125557503,0.116993716,0.827948105,nan,nan,30,30,27,2,0,2,0.900000000,0,0,0,0
2096.195711851,192.223748651,0.117006244,0.828105925,nan,nan,30,30,27,2,0,2,0.900000000,0,0,0,0
2097.202438116,192.323009071,0.117006244,0.828105925,nan,nan,30,30,27,2,0,2,0.900000000,0,0,0,0
2098.202799797,192.422712051,0.117006244,0.828105925,nan,nan,30,30,27,2,0,2,0.900000000,0,0,0,0
2099.218180656,192.522428840,0.117013760,0.828189477,nan,nan,30,30,27,2,0,2,0.900000000,0,0,0,0
2100.206820965,192.632372614,0.117013760,0.828189477,nan,nan,30,30,27,2,0,2,0.900000000,0,0,0,0
2101.190877199,192.742255014,0.117021277,0.828263745,nan,nan,30,30,27,2,0,2,0.900000000,0,0,0,0
2102.202449083,192.842199050,0.117021277,0.828263745,nan,nan,30,30,27,2,0,2,0.900000000,0,0,0,0
2103.184909821,192.952124714,0.117021277,0.828263745,nan,nan,30,30,27,2,0,2,0.900000000,0,0,0,0
2104.184974194,193.072039912,0.117028793,0.828347297,nan,nan,30,30,27,2,0,2,0.900000000,0,0,0,0
2105.200676680,193.171938008,0.117028793,0.828347297,nan,nan,30,30,27,2,0,2,0.900000000,0,0,0,0
2106.194945574,193.281701723,0.117042573,0.828542252,nan,nan,30,30,27,2,0,2,0.900000000,0,0,0,0
2107.203049183,193.391510617,0.117042573,0.828542252,nan,nan,30,30,27,2,0,2,0.900000000,0,0,0,0
2108.186059952,193.491176196,0.117053848,0.828681505,nan,nan,30,30,27,2,0,2,0.900000000,0,0,0,0
2109.186444283,193.600954935,0.117053848,0.828681505,nan,nan,30,30,27,2,0,2,0.900000000,0,0,0,0
2110.196850777,193.710821736,0.117061364,0.828765057,nan,nan,30,30,27,2,0,2,0.900000000,0,0,0,0
2111.184361696,193.810819613,0.117061364,0.828765057,nan,nan,30,30,27,2,0,2,0.900000000,0,0,0,0
2112.194273710,193.920819081,0.117061364,0.828765057,nan,nan,30,30,27,2,0,2,0.900000000,0,0,0,0
2113.192971706,194.020817995,0.117075145,0.828960011,nan,nan,30,30,27,2,0,2,0.900000000,0,0,0,0
2114.208755493,194.130801297,0.117075145,0.828960011,nan,nan,30,30,27,2,0,2,0.900000000,0,0,0,0
2115.202159643,194.240786663,0.117081408,0.828997145,nan,nan,30,30,27,2,0,2,0.900000000,0,0,0,0
2116.204966545,194.359806554,0.117081408,0.828997145,nan,nan,30,30,27,2,0,2,0.900000000,0,0,0,0
2117.191922426,194.454271292,0.117093936,0.829145682,nan,nan,30,30,27,2,0,2,0.900000000,0,0,0,0
2118.185962439,194.550514262,0.117093936,0.829145682,nan,nan,30,30,27,2,0,2,0.900000000,0,0,0,0
2119.188308954,194.639578293,0.117093936,0.829145682,nan,nan,30,30,27,2,0,2,0.900000000,0,0,0,0
2125.838123083,194.706496518,0.117121496,0.829507740,nan,nan,31,31,28,2,0,2,0.903225806,0,0,0,0
2126.181083918,194.768106761,0.117131518,0.829656277,nan,nan,31,31,28,2,0,2,0.903225806,0,0,0,0
2127.189485788,194.790048148,0.117131518,0.829656277,nan,nan,31,31,28,2,0,2,0.903225806,0,0,0,0
2128.194054842,194.832356530,0.117131518,0.829656277,nan,nan,31,31,28,2,0,2,0.903225806,0,0,0,0
2129.197137833,194.897372180,0.117131518,0.829656277,nan,nan,31,31,28,2,0,2,0.903225806,0,0,0,0
2130.193411827,194.963081049,0.117145298,0.829860515,nan,nan,31,31,28,2,0,2,0.903225806,0,0,0,0
2131.192881584,195.047118958,0.117145298,0.829860515,nan,nan,31,31,28,2,0,2,0.903225806,0,0,0,0
2132.217930079,195.149040313,0.117155320,0.830009051,nan,nan,31,31,28,2,0,2,0.903225806,0,0,0,0
2133.192348480,195.253115752,0.117155320,0.830009051,nan,nan,31,31,28,2,0,2,0.903225806,0,0,0,0
2134.200701714,195.346753425,0.117187891,0.830417527,nan,nan,31,31,28,2,0,2,0.903225806,0,0,0,0
2135.213536978,195.443547239,0.117187891,0.830417527,nan,nan,31,31,28,2,0,2,0.903225806,0,0,0,0
2136.194494009,195.561760370,0.117187891,0.830417527,nan,nan,31,31,28,2,0,2,0.903225806,0,0,0,0
2137.260339022,195.658701389,0.117216705,0.830603198,nan,nan,31,31,28,2,0,2,0.903225806,0,0,0,0
2138.193167210,195.754137135,0.117216705,0.830603198,nan,nan,31,31,28,2,0,2,0.903225806,0,0,0,0
2139.186594486,195.856155817,0.117230485,0.830603198,nan,nan,31,31,28,2,0,2,0.903225806,0,0,0,0
2140.193525314,195.939579493,0.117230485,0.830603198,nan,nan,31,31,28,2,0,2,0.903225806,0,0,0,0
2141.185469389,196.037841467,0.117230485,0.830603198,nan,nan,31,31,28,2,0,2,0.903225806,0,0,0,0
2142.184928656,196.144300082,0.117235496,0.830603198,nan,nan,31,31,28,2,0,2,0.903225806,0,0,0,0
2143.198333740,196.254248277,0.117235496,0.830603198,nan,nan,31,31,28,2,0,2,0.903225806,0,0,0,0
2144.189251900,196.354223226,0.117235496,0.830603198,nan,nan,31,31,28,2,0,2,0.903225806,0,0,0,0
2145.207138062,196.454012615,0.117235496,0.830603198,nan,nan,31,31,28,2,0,2,0.903225806,0,0,0,0
2146.182085752,196.569590592,0.117235496,0.830603198,nan,nan,31,31,28,2,0,2,0.903225806,0,0,0,0
2147.187423468,196.664998123,0.117235496,0.830603198,nan,nan,31,31,28,2,0,2,0.903225806,0,0,0,0
2148.193034649,196.743936274,0.117235496,0.830603198,nan,nan,31,31,28,2,0,2,0.903225806,0,0,0,0
2154.747411966,196.817563273,0.117235496,0.830603198,nan,nan,32,32,29,2,0,2,0.906250000,0,0,0,0
2155.188054800,196.858941319,0.117235496,0.830603198,nan,nan,32,32,29,2,0,2,0.906250000,0,0,0,0
2156.196827412,196.887990463,0.117235496,0.830603198,nan,nan,32,32,29,2,0,2,0.906250000,0,0,0,0
2157.181827545,196.940710931,0.117235496,0.830603198,nan,nan,32,32,29,2,0,2,0.906250000,0,0,0,0
2158.183547258,196.980446881,0.117235496,0.830603198,nan,nan,32,32,29,2,0,2,0.906250000,0,0,0,0
2159.228455067,197.014457220,0.117235496,0.830603198,nan,nan,32,32,29,2,0,2,0.906250000,0,0,0,0
2160.193490744,197.034846743,0.117235496,0.830603198,nan,nan,32,32,29,2,0,2,0.906250000,0,0,0,0
2161.205083132,197.046615046,0.117235496,0.830603198,nan,nan,32,32,29,2,0,2,0.906250000,0,0,0,0
2162.229505301,197.053727837,0.117235496,0.830603198,nan,nan,32,32,29,2,0,2,0.906250000,0,0,0,0
2163.206316948,197.056685713,0.117235496,0.830603198,nan,nan,32,32,29,2,0,2,0.906250000,0,0,0,0
2164.206956387,197.057945153,0.117235496,0.830603198,nan,nan,32,32,29,2,0,2,0.906250000,0,0,0,0
2165.202022076,197.064289032,0.117235496,0.830603198,nan,nan,32,32,29,2,0,2,0.906250000,0,0,0,0
2166.201828241,197.074439472,0.117235496,0.830603198,nan,nan,32,32,29,2,0,2,0.906250000,0,0,0,0
2167.189958811,197.094571532,0.117235496,0.830603198,nan,nan,32,32,29,2,0,2,0.906250000,0,0,0,0
2168.178040028,197.125802360,0.117235496,0.830603198,nan,nan,32,32,29,2,0,2,0.906250000,0,0,0,0
2169.185208321,197.170103194,0.117235496,0.830603198,nan,nan,32,32,29,2,0,2,0.906250000,0,0,0,0
2170.223424673,197.236761967,0.117235496,0.830603198,nan,nan,32,32,29,2,0,2,0.906250000,0,0,0,0
2171.185501337,197.319266261,0.117235496,0.830603198,nan,nan,32,32,29,2,0,2,0.906250000,0,0,0,0
2172.187230110,197.415656256,0.117235496,0.830603198,nan,nan,32,32,29,2,0,2,0.906250000,0,0,0,0
2173.196067810,197.525570498,0.117235496,0.830603198,nan,nan,32,32,29,2,0,2,0.906250000,0,0,0,0
2174.197677135,197.635559093,0.117235496,0.830603198,nan,nan,32,32,29,2,0,2,0.906250000,0,0,0,0
2175.188109636,197.735558977,0.117235496,0.830603198,nan,nan,32,32,29,2,0,2,0.906250000,0,0,0,0
2176.184506893,197.845550533,0.117235496,0.830603198,nan,nan,32,32,29,2,0,2,0.906250000,0,0,0,0
2177.183659554,197.945496953,0.117235496,0.830603198,nan,nan,32,32,29,2,0,2,0.906250000,0,0,0,0
2178.191622734,198.055434935,0.117235496,0.830603198,nan,nan,32,32,29,2,0,2,0.906250000,0,0,0,0
2179.199291945,198.155419692,0.117235496,0.830603198,nan,nan,32,32,29,2,0,2,0.906250000,0,0,0,0
2180.191439629,198.255289262,0.117235496,0.830603198,nan,nan,32,32,29,2,0,2,0.906250000,0,0,0,0
2181.196519136,198.355063971,0.117235496,0.830603198,nan,nan,32,32,29,2,0,2,0.906250000,0,0,0,0
2182.219915152,198.464922943,0.117235496,0.830603198,nan,nan,32,32,29,2,0,2,0.906250000,0,0,0,0
2183.188976765,198.564738386,0.117235496,0.830603198,nan,nan,32,32,29,2,0,2,0.906250000,0,0,0,0
2184.184165716,198.674429875,0.117235496,0.830603198,nan,nan,32,32,29,2,0,2,0.906250000,0,0,0,0
2185.191091061,198.774307018,0.117235496,0.830603198,nan,nan,32,32,29,2,0,2,0.906250000,0,0,0,0
2186.216548920,198.874230702,0.117235496,0.830603198,nan,nan,32,32,29,2,0,2,0.906250000,0,0,0,0
2187.185107708,198.984120819,0.117235496,0.830603198,nan,nan,32,32,29,2,0,2,0.906250000,0,0,0,0
2188.187070370,199.084015449,0.117235496,0.830603198,nan,nan,32,32,29,2,0,2,0.906250000,0,0,0,0
2189.207293510,199.193917651,0.117235496,0.830603198,nan,nan,32,32,29,2,0,2,0.906250000,0,0,0,0
2190.187204361,199.293759266,0.117235496,0.830603198,nan,nan,32,32,29,2,0,2,0.906250000,0,0,0,0
2191.181493521,199.403546149,0.117235496,0.830603198,nan,nan,32,32,29,2,0,2,0.906250000,0,0,0,0
2192.188794613,199.503523046,0.117235496,0.830603198,nan,nan,32,32,29,2,0,2,0.906250000,0,0,0,0
2193.184005022,199.613431522,0.117235496,0.830603198,nan,nan,32,32,29,2,0,2,0.906250000,0,0,0,0
2194.235837936,199.723274705,0.117235496,0.830603198,nan,nan,32,32,29,2,0,2,0.906250000,0,0,0,0
2195.206597328,199.833197576,0.117235496,0.830603198,nan,nan,32,32,29,2,0,2,0.906250000,0,0,0,0
2196.311913967,199.923122473,0.117235496,0.830603198,nan,nan,32,32,29,2,0,2,0.906250000,0,0,0,0
2197.189927578,200.012865835,0.117235496,0.830603198,nan,nan,32,32,29,2,0,2,0.906250000,0,0,0,0
2198.202406645,200.112771525,0.117235496,0.830603198,nan,nan,32,32,29,2,0,2,0.906250000,0,0,0,0
2199.184969187,200.222477418,0.117235496,0.830603198,nan,nan,32,32,29,2,0,2,0.906250000,0,0,0,0
2200.194719553,200.332240520,0.117235496,0.830603198,nan,nan,32,32,29,2,0,2,0.906250000,0,0,0,0
2201.180636644,200.442015503,0.117235496,0.830603198,nan,nan,32,32,29,2,0,2,0.906250000,0,0,0,0
2202.195470095,200.541949454,0.117235496,0.830603198,nan,nan,32,32,29,2,0,2,0.906250000,0,0,0,0
2203.188447475,200.651225645,0.117235496,0.830603198,nan,nan,32,32,29,2,0,2,0.906250000,0,0,0,0
2204.220409870,200.751008698,0.117235496,0.830603198,nan,nan,32,32,29,2,0,2,0.906250000,0,0,0,0
2205.186305761,200.870428147,0.117235496,0.830603198,nan,nan,32,32,29,2,0,2,0.906250000,0,0,0,0
2206.212117910,200.980067689,0.117235496,0.830603198,nan,nan,32,32,29,2,0,2,0.906250000,0,0,0,0
2207.179270744,201.089682090,0.117235496,0.830603198,nan,nan,32,32,29,2,0,2,0.906250000,0,0,0,0
2208.189747810,201.189630765,0.117235496,0.830603198,nan,nan,32,32,29,2,0,2,0.906250000,0,0,0,0
2209.182630301,201.289602423,0.117238001,0.830603198,nan,nan,32,32,29,2,0,2,0.906250000,0,0,0,0
2210.204965591,201.389521124,0.117238001,0.830603198,nan,nan,32,32,29,2,0,2,0.906250000,0,0,0,0
2211.184827328,201.499450200,0.117238001,0.830603198,nan,nan,32,32,29,2,0,2,0.906250000,0,0,0,0
2212.179917336,201.599422945,0.117244265,0.830603198,nan,nan,32,32,29,2,0,2,0.906250000,0,0,0,0
2213.185103178,201.699372299,0.117244265,0.830603198,nan,nan,32,32,29,2,0,2,0.906250000,0,0,0,0
2214.178930283,201.789190848,0.117256792,0.830603198,nan,nan,32,32,29,2,0,2,0.906250000,0,0,0,0
2215.185094833,201.895849680,0.117256792,0.830603198,nan,nan,32,32,29,2,0,2,0.906250000,0,0,0,0
2216.180361509,201.988669825,0.117256792,0.830603198,nan,nan,32,32,29,2,0,2,0.906250000,0,0,0,0
2217.181459665,202.075938231,0.117269320,0.830603198,nan,nan,32,32,29,2,0,2,0.906250000,0,0,0,0
2218.199034691,202.168293696,0.117269320,0.830603198,nan,nan,32,32,29,2,0,2,0.906250000,0,0,0,0
2219.194267988,202.249285174,0.117278089,0.830603198,nan,nan,32,32,29,2,0,2,0.906250000,0,0,0,0
2220.196719408,202.326263237,0.117278089,0.830603198,nan,nan,32,32,29,2,0,2,0.906250000,0,0,0,0
2221.178625822,202.401707963,0.117278089,0.830603198,nan,nan,32,32,29,2,0,2,0.906250000,0,0,0,0
2222.181232929,202.479252823,0.117296880,0.830603198,nan,nan,32,32,29,2,0,2,0.906250000,0,0,0,0
2223.187168360,202.552336581,0.117296880,0.830603198,nan,nan,32,32,29,2,0,2,0.906250000,0,0,0,0
2224.199179411,202.614138137,0.117300638,0.830603198,nan,nan,32,32,29,2,0,2,0.906250000,0,0,0,0
2225.182870388,202.701667028,0.117300638,0.830603198,nan,nan,32,32,29,2,0,2,0.906250000,0,0,0,0
2226.183316708,202.781147501,0.117300638,0.830603198,nan,nan,32,32,29,2,0,2,0.906250000,0,0,0,0
2227.182324409,202.850097393,0.117300638,0.830603198,nan,nan,32,32,29,2,0,2,0.906250000,0,0,0,0
2228.185420036,202.925725674,0.117305649,0.830603198,nan,nan,32,32,29,2,0,2,0.906250000,0,0,0,0
2229.181586266,202.999173544,0.117305649,0.830603198,nan,nan,32,32,29,2,0,2,0.906250000,0,0,0,0
2230.180354834,203.072428659,0.117305649,0.830603198,nan,nan,32,32,29,2,0,2,0.906250000,0,0,0,0
2231.183317423,203.143042350,0.117323188,0.830603198,nan,nan,32,32,29,2,0,2,0.906250000,0,0,0,0
2232.186919451,203.212956525,0.117323188,0.830603198,nan,nan,32,32,29,2,0,2,0.906250000,0,0,0,0
2233.186744690,203.284490039,0.117323188,0.830603198,nan,nan,32,32,29,2,0,2,0.906250000,0,0,0,0
2234.183583975,203.349340064,0.117333210,0.830603198,nan,nan,32,32,29,2,0,2,0.906250000,0,0,0,0
2235.180554867,203.435836585,0.117333210,0.830603198,nan,nan,32,32,29,2,0,2,0.906250000,0,0,0,0
2236.207125187,203.504448658,0.117333210,0.830603198,nan,nan,32,32,29,2,0,2,0.906250000,0,0,0,0
2237.215943098,203.583269497,0.117623846,0.831721865,nan,nan,32,32,29,2,0,2,0.906250000,0,0,0,0
2238.188345194,203.680487123,0.117623846,0.831721865,nan,nan,32,32,29,2,0,2,0.906250000,0,0,0,0
2239.215713739,203.783230626,0.117623846,0.831721865,nan,nan,32,32,29,2,0,2,0.906250000,0,0,0,0
2240.185808420,203.888504744,0.117638879,0.831721865,nan,nan,32,32,29,2,0,2,0.906250000,0,0,0,0
2241.184931755,203.994285407,0.117638879,0.831721865,nan,nan,32,32,29,2,0,2,0.906250000,0,0,0,0
2242.188371420,204.098834355,0.117641385,0.831721865,nan,nan,32,32,29,2,0,2,0.906250000,0,0,0,0
2243.226158142,204.199975119,0.117641385,0.831721865,nan,nan,32,32,29,2,0,2,0.906250000,0,0,0,0
2244.195722342,204.294636683,0.117663934,0.831721865,nan,nan,32,32,29,2,0,2,0.906250000,0,0,0,0
2245.195369482,204.382565986,0.117663934,0.831721865,nan,nan,32,32,29,2,0,2,0.906250000,0,0,0,0
2246.199084997,204.478039053,0.117697758,0.831721865,nan,nan,32,32,29,2,0,2,0.906250000,0,0,0,0
2247.194199562,204.600172283,0.117697758,0.831721865,nan,nan,32,32,29,2,0,2,0.906250000,0,0,0,0
2248.204123974,204.729769563,0.117701516,0.831721865,nan,nan,32,32,29,2,0,2,0.906250000,0,0,0,0
2249.204751968,204.849654046,0.117701516,0.831721865,nan,nan,32,32,29,2,0,2,0.906250000,0,0,0,0
2250.197045088,204.959515506,0.117727824,0.831721865,nan,nan,32,32,29,2,0,2,0.906250000,0,0,0,0
2251.212134361,205.079445345,0.117727824,0.831721865,nan,nan,32,32,29,2,0,2,0.906250000,0,0,0,0
2252.191580772,205.209276803,0.117731582,0.831721865,nan,nan,32,32,29,2,0,2,0.906250000,0,0,0,0
2253.194902897,205.338849136,0.117731582,0.831721865,nan,nan,32,32,29,2,0,2,0.906250000,0,0,0,0
2254.222241640,205.468528417,0.117740351,0.831721865,nan,nan,32,32,29,2,0,2,0.906250000,0,0,0,0
2255.215545177,205.578171037,0.117740351,0.831721865,nan,nan,32,32,29,2,0,2,0.906250000,0,0,0,0
2256.185233831,205.708093889,0.117749121,0.831721865,nan,nan,32,32,29,2,0,2,0.906250000,0,0,0,0
2257.221548557,205.838091762,0.117749121,0.831721865,nan,nan,32,32,29,2,0,2,0.906250000,0,0,0,0
2258.193502188,205.957998974,0.117765406,0.831721865,nan,nan,32,32,29,2,0,2,0.906250000,0,0,0,0
2259.183287621,206.097991424,0.117765406,0.831721865,nan,nan,32,32,29,2,0,2,0.906250000,0,0,0,0
2260.229091406,206.237980356,0.117780439,0.831721865,nan,nan,32,32,29,2,0,2,0.906250000,0,0,0,0
2261.209061623,206.357941857,0.117780439,0.831721865,nan,nan,32,32,29,2,0,2,0.906250000,0,0,0,0
2262.189744711,206.477937282,0.117794219,0.831721865,nan,nan,32,32,29,2,0,2,0.906250000,0,0,0,0
2263.196758032,206.587937254,0.117794219,0.831721865,nan,nan,32,32,29,2,0,2,0.906250000,0,0,0,0
2264.184715033,206.717937234,0.117799230,0.831721865,nan,nan,32,32,29,2,0,2,0.906250000,0,0,0,0
2265.182235003,206.837892098,0.117799230,0.831721865,nan,nan,32,32,29,2,0,2,0.906250000,0,0,0,0
2266.192981958,206.957837582,0.117828043,0.831721865,nan,nan,32,32,29,2,0,2,0.906250000,0,0,0,0
2267.180125713,207.077837554,0.117828043,0.831721865,nan,nan,32,32,29,2,0,2,0.906250000,0,0,0,0
2268.185365677,207.217756802,0.117836813,0.831721865,nan,nan,32,32,29,2,0,2,0.906250000,0,0,0,0
2269.227116108,207.327756714,0.117836813,0.831721865,nan,nan,32,32,29,2,0,2,0.906250000,0,0,0,0
2270.184881687,207.437740692,0.117784197,0.830886346,nan,nan,32,32,29,2,0,2,0.906250000,0,0,0,0
2271.191388607,207.557721878,0.117784197,0.830886346,nan,nan,32,32,29,2,0,2,0.906250000,0,0,0,0
2272.201281786,207.677718668,0.117790461,0.830890988,nan,nan,32,32,29,2,0,2,0.906250000,0,0,0,0
2273.201328039,207.797718634,0.117790461,0.830890988,nan,nan,32,32,29,2,0,2,0.906250000,0,0,0,0
2274.185319662,207.917684524,0.117800483,0.830909555,nan,nan,32,32,29,2,0,2,0.906250000,0,0,0,0
2275.187190056,208.037681385,0.117800483,0.830909555,nan,nan,32,32,29,2,0,2,0.906250000,0,0,0,0
2276.215416908,208.167681276,0.117800483,0.830909555,nan,nan,32,32,29,2,0,2,0.906250000,0,0,0,0
2277.202219009,208.297666392,0.117800483,0.830909555,nan,nan,32,32,29,2,0,2,0.906250000,0,0,0,0
2278.204505205,208.427642839,0.117816769,0.830909555,nan,nan,32,32,29,2,0,2,0.906250000,0,0,0,0
2279.189935207,208.537637659,0.117816769,0.830909555,nan,nan,32,32,29,2,0,2,0.906250000,0,0,0,0
2280.200942516,208.667515813,0.117816769,0.830909555,nan,nan,32,32,29,2,0,2,0.906250000,0,0,0,0
2281.214959383,208.797508834,0.117825538,0.830909555,nan,nan,32,32,29,2,0,2,0.906250000,0,0,0,0
2282.201652765,208.917391900,0.117830549,0.830909555,nan,nan,32,32,29,2,0,2,0.906250000,0,0,0,0
2283.193939686,209.037371675,0.117830549,0.830909555,nan,nan,32,32,29,2,0,2,0.906250000,0,0,0,0
2284.183729410,209.157338356,0.117831802,0.830909555,nan,nan,32,32,29,2,0,2,0.906250000,0,0,0,0
2285.182669640,209.277304932,0.117831802,0.830909555,nan,nan,32,32,29,2,0,2,0.906250000,0,0,0,0
2286.199733019,209.407173546,0.117831802,0.830909555,nan,nan,32,32,29,2,0,2,0.906250000,0,0,0,0
2287.194259167,209.527098899,0.117834307,0.830909555,nan,nan,32,32,29,2,0,2,0.906250000,0,0,0,0
2288.190348148,209.637065355,0.117834307,0.830909555,nan,nan,32,32,29,2,0,2,0.906250000,0,0,0,0
2289.181030989,209.767052698,0.117838065,0.830918839,nan,nan,32,32,29,2,0,2,0.906250000,0,0,0,0
2290.193063974,209.897033143,0.117838065,0.830918839,nan,nan,32,32,29,2,0,2,0.906250000,0,0,0,0
2291.205437422,210.027030663,0.117732835,0.830259707,nan,nan,32,32,29,2,0,2,0.906250000,0,0,0,0
2292.197725773,210.146992351,0.117732835,0.830259707,nan,nan,32,32,29,2,0,2,0.906250000,0,0,0,0
2293.201970100,210.266958747,0.117732835,0.830259707,nan,nan,32,32,29,2,0,2,0.906250000,0,0,0,0
2294.184006453,210.376935248,0.117732835,0.830259707,nan,nan,32,32,29,2,0,2,0.906250000,0,0,0,0
2295.201744318,210.496893847,0.117732835,0.830259707,nan,nan,32,32,29,2,0,2,0.906250000,0,0,0,0
2296.228444576,210.626749641,0.117732835,0.830259707,nan,nan,32,32,29,2,0,2,0.906250000,0,0,0,0
2297.189548016,210.756700769,0.117735340,0.830259707,nan,nan,32,32,29,2,0,2,0.906250000,0,0,0,0
2298.183854580,210.876594989,0.117735340,0.830259707,nan,nan,32,32,29,2,0,2,0.906250000,0,0,0,0
2299.187947989,210.996554717,0.117735340,0.830259707,nan,nan,32,32,29,2,0,2,0.906250000,0,0,0,0
2300.201812744,211.106414261,0.117735340,0.830259707,nan,nan,32,32,29,2,0,2,0.906250000,0,0,0,0
2301.181158781,211.236260140,0.117735340,0.830259707,nan,nan,32,32,29,2,0,2,0.906250000,0,0,0,0
2302.228264093,211.366152913,0.117735340,0.830259707,nan,nan,32,32,29,2,0,2,0.906250000,0,0,0,0
2303.205024958,211.466118188,0.117737846,0.830259707,nan,nan,32,32,29,2,0,2,0.906250000,0,0,0,0
2304.205552816,211.585946331,0.117737846,0.830259707,nan,nan,32,32,29,2,0,2,0.906250000,0,0,0,0
2305.212480068,211.705791638,0.117740351,0.830259707,nan,nan,32,32,29,2,0,2,0.906250000,0,0,0,0
2306.197491884,211.825674839,0.117740351,0.830259707,nan,nan,32,32,29,2,0,2,0.906250000,0,0,0,0
2307.224745274,211.955624316,0.117746615,0.830259707,nan,nan,32,32,29,2,0,2,0.906250000,0,0,0,0
2308.198935032,212.065550008,0.117746615,0.830259707,nan,nan,32,32,29,2,0,2,0.906250000,0,0,0,0
2309.240815401,212.185166663,0.117747868,0.830259707,nan,nan,32,32,29,2,0,2,0.906250000,0,0,0,0
2310.242196321,212.314885302,0.117747868,0.830259707,nan,nan,32,32,29,2,0,2,0.906250000,0,0,0,0
2311.226042747,212.434796891,0.117749121,0.830259707,nan,nan,32,32,29,2,0,2,0.906250000,0,0,0,0
2312.224411964,212.564636803,0.117749121,0.830259707,nan,nan,32,32,29,2,0,2,0.906250000,0,0,0,0
2313.209821939,212.684390044,0.117762901,0.830259707,nan,nan,32,32,29,2,0,2,0.906250000,0,0,0,0
2314.202908754,212.834272989,0.117762901,0.830259707,nan,nan,32,32,29,2,0,2,0.906250000,0,0,0,0
2315.190003395,212.954084395,0.117765406,0.830259707,nan,nan,32,32,29,2,0,2,0.906250000,0,0,0,0
2316.209295511,213.083909685,0.117765406,0.830259707,nan,nan,32,32,29,2,0,2,0.906250000,0,0,0,0
2317.237113237,213.213869633,0.117771670,0.830259707,nan,nan,32,32,29,2,0,2,0.906250000,0,0,0,0
2318.221738577,213.323606579,0.117771670,0.830259707,nan,nan,32,32,29,2,0,2,0.906250000,0,0,0,0
2319.210245371,213.453546598,0.117772923,0.830259707,nan,nan,32,32,29,2,0,2,0.906250000,0,0,0,0
2320.203599930,213.583445508,0.117772923,0.830259707,nan,nan,32,32,29,2,0,2,0.906250000,0,0,0,0
2321.220101118,213.703268731,0.117776681,0.830259707,nan,nan,32,32,29,2,0,2,0.906250000,0,0,0,0
2322.218288660,213.813215162,0.117776681,0.830259707,nan,nan,32,32,29,2,0,2,0.906250000,0,0,0,0
2323.180032253,214.002871774,0.117782945,0.830259707,nan,nan,32,32,29,2,0,2,0.906250000,0,0,0,0
2324.253616571,214.112448709,0.117782945,0.830259707,nan,nan,32,32,29,2,0,2,0.906250000,0,0,0,0
2325.191718102,214.240902567,0.117795472,0.830278274,nan,nan,32,32,29,2,0,2,0.906250000,0,0,0,0
2326.178525448,214.350162035,0.117795472,0.830278274,nan,nan,32,32,29,2,0,2,0.906250000,0,0,0,0
2327.189971685,214.469932869,0.117795472,0.830278274,nan,nan,32,32,29,2,0,2,0.906250000,0,0,0,0
2328.201510668,214.579355856,0.117795472,0.830278274,nan,nan,32,32,29,2,0,2,0.906250000,0,0,0,0
2329.197759867,214.697688523,0.117808000,0.830278274,nan,nan,32,32,29,2,0,2,0.906250000,0,0,0,0
2330.200995445,214.816499450,0.117808000,0.830278274,nan,nan,32,32,29,2,0,2,0.906250000,0,0,0,0
2331.183712006,214.935341611,0.117813010,0.830287558,nan,nan,32,32,29,2,0,2,0.906250000,0,0,0,0
2332.209547281,215.064876584,0.117813010,0.830287558,nan,nan,32,32,29,2,0,2,0.906250000,0,0,0,0
2333.202707052,215.194615561,0.117830549,0.830528930,nan,nan,32,32,29,2,0,2,0.906250000,0,0,0,0
2334.209286451,215.314522556,0.117830549,0.830528930,nan,nan,32,32,29,2,0,2,0.906250000,0,0,0,0
2335.181768179,215.444245594,0.117928263,0.831847193,nan,nan,32,32,29,2,0,2,0.906250000,0,0,0,0
2336.184472322,215.544165534,0.117928263,0.831847193,nan,nan,32,32,29,2,0,2,0.906250000,0,0,0,0
2337.180614471,215.654035090,0.118077339,0.833889572,nan,nan,32,32,29,2,0,2,0.906250000,0,0,0,0
2338.206800938,215.763978882,0.118077339,0.833889572,nan,nan,32,32,29,2,0,2,0.906250000,0,0,0,0
2339.189680576,215.873887732,0.118077339,0.833889572,nan,nan,32,32,29,2,0,2,0.906250000,0,0,0,0
2340.181894064,216.003791401,0.118445646,0.838429225,nan,nan,32,32,29,2,0,2,0.906250000,0,0,0,0
2341.195199490,216.113599642,0.118445646,0.838429225,nan,nan,32,32,29,2,0,2,0.906250000,0,0,0,0
2342.179135323,216.233501550,0.119164721,0.847791677,nan,nan,32,32,29,2,0,2,0.906250000,0,0,0,0
2343.198562860,216.363472793,0.119164721,0.847791677,nan,nan,32,32,29,2,0,2,0.906250000,0,0,0,0
2344.188356400,216.473436653,0.120126828,0.860774712,nan,nan,32,32,29,2,0,2,0.906250000,0,0,0,0
2345.242980719,216.593425193,0.120126828,0.860774712,nan,nan,32,32,29,2,0,2,0.906250000,0,0,0,0
2346.182281017,216.713387006,0.120819595,0.870346044,nan,nan,32,32,29,2,0,2,0.906250000,0,0,0,0
2347.184917927,216.823386009,0.120819595,0.870346044,nan,nan,32,32,29,2,0,2,0.906250000,0,0,0,0
2348.217194080,216.973337407,0.121308165,0.877113747,nan,nan,32,32,29,2,0,2,0.906250000,0,0,0,0
2349.198889256,217.083313899,0.121308165,0.877113747,nan,nan,32,32,29,2,0,2,0.906250000,0,0,0,0
2350.200174809,217.203301655,0.121618845,0.881439877,nan,nan,32,32,29,2,0,2,0.906250000,0,0,0,0
2351.181859255,217.313298069,0.121618845,0.881439877,nan,nan,32,32,29,2,0,2,0.906250000,0,0,0,0
2352.179478168,217.433253369,0.121836823,0.884276000,nan,nan,32,32,29,2,0,2,0.906250000,0,0,0,0
2353.188824415,217.553247132,0.121836823,0.884276000,nan,nan,32,32,29,2,0,2,0.906250000,0,0,0,0
2354.192285538,217.673213338,0.122022229,0.886517975,nan,nan,32,32,29,2,0,2,0.906250000,0,0,0,0
2355.204365969,217.783197634,0.122022229,0.886517975,nan,nan,32,32,29,2,0,2,0.906250000,0,0,0,0
2356.186968803,217.893197596,0.122152514,0.888086894,nan,nan,32,32,29,2,0,2,0.906250000,0,0,0,0
2357.209396839,218.003195956,0.122152514,0.888086894,nan,nan,32,32,29,2,0,2,0.906250000,0,0,0,0
2358.188128471,218.123161932,0.122152514,0.888086894,nan,nan,32,32,29,2,0,2,0.906250000,0,0,0,0
2359.206228018,218.243057467,0.122241459,0.889043099,nan,nan,32,32,29,2,0,2,0.906250000,0,0,0,0
2360.188056231,218.363038754,0.122241459,0.889043099,nan,nan,32,32,29,2,0,2,0.906250000,0,0,0,0
2361.179994106,218.483029294,0.122319129,0.890045721,nan,nan,32,32,29,2,0,2,0.906250000,0,0,0,0
2362.181393623,218.593004720,0.122319129,0.890045721,nan,nan,32,32,29,2,0,2,0.906250000,0,0,0,0
2363.200700283,218.702991402,0.122354206,0.890412421,nan,nan,32,32,29,2,0,2,0.906250000,0,0,0,0
2364.200238943,218.822950873,0.122354206,0.890412421,nan,nan,32,32,29,2,0,2,0.906250000,0,0,0,0
2365.214900732,218.932748248,0.122380513,0.890718778,nan,nan,32,32,29,2,0,2,0.906250000,0,0,0,0
2366.197091341,219.042626071,0.122380513,0.890718778,nan,nan,32,32,29,2,0,2,0.906250000,0,0,0,0
2367.181051254,219.172445170,0.122400557,0.890885882,nan,nan,32,32,29,2,0,2,0.906250000,0,0,0,0
2368.201364994,219.302444464,0.122400557,0.890885882,nan,nan,32,32,29,2,0,2,0.906250000,0,0,0,0
2369.189488888,219.402443421,0.122410579,0.890978717,nan,nan,32,32,29,2,0,2,0.906250000,0,0,0,0
2370.199826717,219.522443142,0.122410579,0.890978717,nan,nan,32,32,29,2,0,2,0.906250000,0,0,0,0
2371.184710979,219.652436858,0.122416843,0.890988001,nan,nan,32,32,29,2,0,2,0.906250000,0,0,0,0
2372.200364113,219.762404974,0.122416843,0.890988001,nan,nan,32,32,29,2,0,2,0.906250000,0,0,0,0
2373.203659296,219.877983346,0.122416843,0.890988001,nan,nan,32,32,29,2,0,2,0.906250000,0,0,0,0
2374.190786839,219.973212081,0.122423107,0.891025135,nan,nan,32,32,29,2,0,2,0.906250000,0,0,0,0
2375.201500177,220.061050303,0.122423107,0.891025135,nan,nan,32,32,29,2,0,2,0.906250000,0,0,0,0
2382.258303642,220.132637362,0.122428118,0.891052986,nan,nan,33,33,30,2,0,2,0.909090909,0,0,0,0
2383.203663588,220.196093729,0.122431876,0.891071553,nan,nan,33,33,30,2,0,2,0.909090909,0,0,0,0
2384.183032036,220.222782508,0.122431876,0.891071553,nan,nan,33,33,30,2,0,2,0.909090909,0,0,0,0
2385.196852446,220.247259578,0.122431876,0.891071553,nan,nan,33,33,30,2,0,2,0.909090909,0,0,0,0
2386.203464746,220.290171775,0.122431876,0.891071553,nan,nan,33,33,30,2,0,2,0.909090909,0,0,0,0
2387.205312490,220.370215745,0.122440645,0.891182955,nan,nan,33,33,30,2,0,2,0.909090909,0,0,0,0
2388.217626572,220.487233945,0.122440645,0.891182955,nan,nan,33,33,30,2,0,2,0.909090909,0,0,0,0
2389.200457335,220.597095476,0.122445656,0.891238657,nan,nan,33,33,30,2,0,2,0.909090909,0,0,0,0
2390.194768906,220.717086014,0.122445656,0.891238657,nan,nan,33,33,30,2,0,2,0.909090909,0,0,0,0
2391.217128515,220.827085866,0.122451920,0.891303641,nan,nan,33,33,30,2,0,2,0.909090909,0,0,0,0
2392.205447197,220.937045277,0.122451920,0.891303641,nan,nan,33,33,30,2,0,2,0.909090909,0,0,0,0
2393.197236776,221.057038660,0.122453172,0.891312925,nan,nan,33,33,30,2,0,2,0.909090909,0,0,0,0
2394.191104412,221.167038223,0.122453172,0.891312925,nan,nan,33,33,30,2,0,2,0.909090909,0,0,0,0
2395.188520193,221.277019031,0.122453172,0.891312925,nan,nan,33,33,30,2,0,2,0.909090909,0,0,0,0
2396.184439659,221.407017404,0.122454425,0.891326850,nan,nan,33,33,30,2,0,2,0.909090909,0,0,0,0
2397.191714525,221.517017374,0.122454425,0.891326850,nan,nan,33,33,30,2,0,2,0.909090909,0,0,0,0
2398.185185432,221.627011346,0.122455678,0.891326850,nan,nan,33,33,30,2,0,2,0.909090909,0,0,0,0
2399.224864006,221.736990850,0.122455678,0.891326850,nan,nan,33,33,30,2,0,2,0.909090909,0,0,0,0
2400.224755287,221.866983150,0.122461942,0.891419686,nan,nan,33,33,30,2,0,2,0.909090909,0,0,0,0
2401.192426920,221.986983037,0.122461942,0.891419686,nan,nan,33,33,30,2,0,2,0.909090909,0,0,0,0
2402.200941324,222.106974513,0.122463194,0.891419686,nan,nan,33,33,30,2,0,2,0.909090909,0,0,0,0
2403.196965456,222.216964861,0.122463194,0.891419686,nan,nan,33,33,30,2,0,2,0.909090909,0,0,0,0
2404.203660011,222.336957137,0.122463194,0.891419686,nan,nan,33,33,30,2,0,2,0.909090909,0,0,0,0
2405.198243380,222.456921276,0.122463194,0.891419686,nan,nan,33,33,30,2,0,2,0.909090909,0,0,0,0
2406.181690693,222.566920911,0.122463194,0.891419686,nan,nan,33,33,30,2,0,2,0.909090909,0,0,0,0
2407.206888676,222.686887419,0.122463194,0.891419686,nan,nan,33,33,30,2,0,2,0.909090909,0,0,0,0
2408.191439867,222.816886672,0.122463194,0.891419686,nan,nan,33,33,30,2,0,2,0.909090909,0,0,0,0
2409.188080311,222.926866721,0.122463194,0.891419686,nan,nan,33,33,30,2,0,2,0.909090909,0,0,0,0
2410.187580347,223.046857880,0.122463194,0.891419686,nan,nan,33,33,30,2,0,2,0.909090909,0,0,0,0
2411.201134682,223.166857775,0.122464447,0.891438253,nan,nan,33,33,30,2,0,2,0.909090909,0,0,0,0
2412.182657957,223.286847207,0.122464447,0.891438253,nan,nan,33,33,30,2,0,2,0.909090909,0,0,0,0
2413.210658789,223.406826711,0.122465700,0.891438253,nan,nan,33,33,30,2,0,2,0.909090909,0,0,0,0
2414.201300383,223.516826598,0.122465700,0.891438253,nan,nan,33,33,30,2,0,2,0.909090909,0,0,0,0
2415.184505701,223.636810109,0.122465700,0.891438253,nan,nan,33,33,30,2,0,2,0.909090909,0,0,0,0
2416.193283081,223.766808884,0.122465700,0.891438253,nan,nan,33,33,30,2,0,2,0.909090909,0,0,0,0
2417.194699287,223.906774106,0.122465700,0.891438253,nan,nan,33,33,30,2,0,2,0.909090909,0,0,0,0
2418.192937374,224.016774011,0.122465700,0.891438253,nan,nan,33,33,30,2,0,2,0.909090909,0,0,0,0
2419.207360268,224.136758535,0.122466953,0.891456820,nan,nan,33,33,30,2,0,2,0.909090909,0,0,0,0
2420.231507778,224.236667592,0.122466953,0.891456820,nan,nan,33,33,30,2,0,2,0.909090909,0,0,0,0
2421.184914351,224.346146745,0.122478227,0.891596073,nan,nan,33,33,30,2,0,2,0.909090909,0,0,0,0
2422.191464186,224.464640993,0.122478227,0.891596073,nan,nan,33,33,30,2,0,2,0.909090909,0,0,0,0
2423.186714649,224.572672349,0.122489502,0.891735326,nan,nan,33,33,30,2,0,2,0.909090909,0,0,0,0
2424.187641144,224.689608399,0.122489502,0.891735326,nan,nan,33,33,30,2,0,2,0.909090909,0,0,0,0
2425.203145027,224.807524129,0.122497018,0.891800311,nan,nan,33,33,30,2,0,2,0.909090909,0,0,0,0
2426.189439535,224.917445394,0.122497018,0.891800311,nan,nan,33,33,30,2,0,2,0.909090909,0,0,0,0
2427.178501844,225.037346153,0.122497018,0.891800311,nan,nan,33,33,30,2,0,2,0.909090909,0,0,0,0
2428.216905117,225.157205416,0.122537106,0.892102026,nan,nan,33,33,30,2,0,2,0.909090909,0,0,0,0
2429.193240404,225.277063492,0.122537106,0.892102026,nan,nan,33,33,30,2,0,2,0.909090909,0,0,0,0
2430.200589657,225.386846131,0.122552139,0.892120593,nan,nan,33,33,30,2,0,2,0.909090909,0,0,0,0
2431.201239347,225.506691192,0.122552139,0.892120593,nan,nan,33,33,30,2,0,2,0.909090909,0,0,0,0
2432.189442158,225.616661573,0.122559656,0.892157727,nan,nan,33,33,30,2,0,2,0.909090909,0,0,0,0
2433.183169842,225.726659279,0.122559656,0.892157727,nan,nan,33,33,30,2,0,2,0.909090909,0,0,0,0
2434.193762541,225.826659204,0.122564667,0.892167011,nan,nan,33,33,30,2,0,2,0.909090909,0,0,0,0
2435.188447475,225.926659133,0.122564667,0.892167011,nan,nan,33,33,30,2,0,2,0.909090909,0,0,0,0
2436.192070246,226.036630577,0.122570930,0.892180936,nan,nan,33,33,30,2,0,2,0.909090909,0,0,0,0
2437.212021351,226.136267796,0.122570930,0.892180936,nan,nan,33,33,30,2,0,2,0.909090909,0,0,0,0
2438.184370995,226.245535607,0.122570930,0.892180936,nan,nan,33,33,30,2,0,2,0.909090909,0,0,0,0
2439.198899746,226.350347183,0.122574689,0.892180936,nan,nan,33,33,30,2,0,2,0.909090909,0,0,0,0
2440.215761423,226.441370820,0.122574689,0.892180936,nan,nan,33,33,30,2,0,2,0.909090909,0,0,0,0
2441.195802689,226.532446467,0.122575941,0.892180936,nan,nan,33,33,30,2,0,2,0.909090909,0,0,0,0
2442.183651924,226.609014821,0.122575941,0.892180936,nan,nan,33,33,30,2,0,2,0.909090909,0,0,0,0
2448.575177431,226.674926748,0.122575941,0.892180936,nan,nan,34,34,31,2,0,2,0.911764706,0,0,0,0
2449.202263832,226.741998286,0.122575941,0.892180936,nan,nan,34,34,31,2,0,2,0.911764706,0,0,0,0
2450.182771683,226.771952654,0.122575941,0.892180936,nan,nan,34,34,31,2,0,2,0.911764706,0,0,0,0
2451.195968628,226.812572924,0.122575941,0.892180936,nan,nan,34,34,31,2,0,2,0.911764706,0,0,0,0
2452.196688890,226.844170028,0.122575941,0.892180936,nan,nan,34,34,31,2,0,2,0.911764706,0,0,0,0
2453.198554277,226.868124497,0.122575941,0.892180936,nan,nan,34,34,31,2,0,2,0.911764706,0,0,0,0
2454.198305845,226.881835842,0.122575941,0.892180936,nan,nan,34,34,31,2,0,2,0.911764706,0,0,0,0
2455.187655926,226.892428839,0.122575941,0.892180936,nan,nan,34,34,31,2,0,2,0.911764706,0,0,0,0
2456.201668262,226.897422035,0.122575941,0.892180936,nan,nan,34,34,31,2,0,2,0.911764706,0,0,0,0
2457.192815542,226.898656459,0.122575941,0.892180936,nan,nan,34,34,31,2,0,2,0.911764706,0,0,0,0
2458.179404497,226.899707752,0.122575941,0.892180936,nan,nan,34,34,31,2,0,2,0.911764706,0,0,0,0
2459.182595015,226.920443770,0.122575941,0.892180936,nan,nan,34,34,31,2,0,2,0.911764706,0,0,0,0
2460.214418650,226.941309058,0.122575941,0.892180936,nan,nan,34,34,31,2,0,2,0.911764706,0,0,0,0
2461.192272902,226.957500514,0.122575941,0.892180936,nan,nan,34,34,31,2,0,2,0.911764706,0,0,0,0
2462.178443670,226.980610123,0.122575941,0.892180936,nan,nan,34,34,31,2,0,2,0.911764706,0,0,0,0
2463.185834646,227.009263312,0.122575941,0.892180936,nan,nan,34,34,31,2,0,2,0.911764706,0,0,0,0
2464.195007801,227.045949491,0.122575941,0.892180936,nan,nan,34,34,31,2,0,2,0.911764706,0,0,0,0
2465.192056894,227.079939322,0.122575941,0.892180936,nan,nan,34,34,31,2,0,2,0.911764706,0,0,0,0
2466.184201956,227.115760662,0.122575941,0.892180936,nan,nan,34,34,31,2,0,2,0.911764706,0,0,0,0
2467.207712412,227.173940913,0.122575941,0.892180936,nan,nan,34,34,31,2,0,2,0.911764706,0,0,0,0
2468.203372240,227.243423579,0.122575941,0.892180936,nan,nan,34,34,31,2,0,2,0.911764706,0,0,0,0
2469.211699009,227.327121010,0.122575941,0.892180936,nan,nan,34,34,31,2,0,2,0.911764706,0,0,0,0
2470.198870182,227.433598847,0.122575941,0.892180936,nan,nan,34,34,31,2,0,2,0.911764706,0,0,0,0
2471.192334652,227.543522005,0.122575941,0.892180936,nan,nan,34,34,31,2,0,2,0.911764706,0,0,0,0
2472.197623968,227.643500415,0.122575941,0.892180936,nan,nan,34,34,31,2,0,2,0.911764706,0,0,0,0
2473.203398228,227.753496804,0.122575941,0.892180936,nan,nan,34,34,31,2,0,2,0.911764706,0,0,0,0
2474.179815292,227.863471471,0.122577194,0.892180936,nan,nan,34,34,31,2,0,2,0.911764706,0,0,0,0
2475.187055588,227.973345156,0.122577194,0.892180936,nan,nan,34,34,31,2,0,2,0.911764706,0,0,0,0
2476.189940929,228.089146285,0.122577194,0.892180936,nan,nan,34,34,31,2,0,2,0.911764706,0,0,0,0
2477.181078434,228.191973448,0.122577194,0.892180936,nan,nan,34,34,31,2,0,2,0.911764706,0,0,0,0
2478.180357695,228.286897415,0.122580952,0.892180936,nan,nan,34,34,31,2,0,2,0.911764706,0,0,0,0
2479.205879450,228.401145539,0.122580952,0.892180936,nan,nan,34,34,31,2,0,2,0.911764706,0,0,0,0
2480.198225975,228.517400208,0.122583458,0.892180936,nan,nan,34,34,31,2,0,2,0.911764706,0,0,0,0
2481.193085670,228.655212527,0.122583458,0.892180936,nan,nan,34,34,31,2,0,2,0.911764706,0,0,0,0
2482.193012476,228.775065459,0.122583458,0.892180936,nan,nan,34,34,31,2,0,2,0.911764706,0,0,0,0
2483.190549850,228.894998732,0.122583458,0.892180936,nan,nan,34,34,31,2,0,2,0.911764706,0,0,0,0
2484.196206093,229.004974991,0.122583458,0.892180936,nan,nan,34,34,31,2,0,2,0.911764706,0,0,0,0
2485.217630625,229.114938850,0.122583458,0.892180936,nan,nan,34,34,31,2,0,2,0.911764706,0,0,0,0
2486.195988178,229.224852835,0.122583458,0.892180936,nan,nan,34,34,31,2,0,2,0.911764706,0,0,0,0
2487.183097839,229.354643890,0.122583458,0.892180936,nan,nan,34,34,31,2,0,2,0.911764706,0,0,0,0
2488.185124636,229.464136200,0.122584711,0.892180936,nan,nan,34,34,31,2,0,2,0.911764706,0,0,0,0
2489.184162378,229.572920868,0.122584711,0.892180936,nan,nan,34,34,31,2,0,2,0.911764706,0,0,0,0
2490.192458391,229.681439739,0.122584711,0.892180936,nan,nan,34,34,31,2,0,2,0.911764706,0,0,0,0
2491.221128702,229.791085658,0.122585963,0.892180936,nan,nan,34,34,31,2,0,2,0.911764706,0,0,0,0
2492.189743042,229.919833666,0.122585963,0.892180936,nan,nan,34,34,31,2,0,2,0.911764706,0,0,0,0
2493.217548609,230.019421575,0.122590974,0.892245921,nan,nan,34,34,31,2,0,2,0.911764706,0,0,0,0
2494.183859110,230.129135944,0.122590974,0.892245921,nan,nan,34,34,31,2,0,2,0.911764706,0,0,0,0
2495.195183992,230.249061811,0.122593480,0.892283055,nan,nan,34,34,31,2,0,2,0.911764706,0,0,0,0
2496.188012362,230.358966995,0.122593480,0.892283055,nan,nan,34,34,31,2,0,2,0.911764706,0,0,0,0
2497.188215971,230.468947797,0.122598491,0.892357324,nan,nan,34,34,31,2,0,2,0.911764706,0,0,0,0
2498.227250576,230.588942181,0.122598491,0.892357324,nan,nan,34,34,31,2,0,2,0.911764706,0,0,0,0
2499.201121807,230.698821411,0.122598491,0.892357324,nan,nan,34,34,31,2,0,2,0.911764706,0,0,0,0
2500.223710775,230.808722608,0.122604754,0.892431592,nan,nan,34,34,31,2,0,2,0.911764706,0,0,0,0
2501.215409517,230.918712215,0.122604754,0.892431592,nan,nan,34,34,31,2,0,2,0.911764706,0,0,0,0
2502.209189415,231.028649116,0.122612271,0.892542994,nan,nan,34,34,31,2,0,2,0.911764706,0,0,0,0
2503.217939615,231.138564796,0.122612271,0.892542994,nan,nan,34,34,31,2,0,2,0.911764706,0,0,0,0
2504.188483953,231.248563510,0.122619787,0.892654397,nan,nan,34,34,31,2,0,2,0.911764706,0,0,0,0
2505.203213215,231.358553779,0.122619787,0.892654397,nan,nan,34,34,31,2,0,2,0.911764706,0,0,0,0
2506.179129362,231.468528469,0.122632315,0.892840068,nan,nan,34,34,31,2,0,2,0.911764706,0,0,0,0
2507.231549978,231.588520299,0.122632315,0.892840068,nan,nan,34,34,31,2,0,2,0.911764706,0,0,0,0
2508.213936090,231.688498611,0.122632315,0.892840068,nan,nan,34,34,31,2,0,2,0.911764706,0,0,0,0
2509.207616091,231.798395410,0.122638578,0.892932903,nan,nan,34,34,31,2,0,2,0.911764706,0,0,0,0
2510.219215631,231.918242116,0.122638578,0.892932903,nan,nan,34,34,31,2,0,2,0.911764706,0,0,0,0
2511.184551954,232.028009541,0.122659875,0.893248544,nan,nan,34,34,31,2,0,2,0.911764706,0,0,0,0
2512.189390182,232.127897236,0.122659875,0.893248544,nan,nan,34,34,31,2,0,2,0.911764706,0,0,0,0
2513.191627026,232.237792258,0.122703721,0.893879825,nan,nan,34,34,31,2,0,2,0.911764706,0,0,0,0
2514.211483955,232.347774505,0.122703721,0.893879825,nan,nan,34,34,31,2,0,2,0.911764706,0,0,0,0
2515.193146229,232.477492889,0.122751325,0.894492538,nan,nan,34,34,31,2,0,2,0.911764706,0,0,0,0
2516.181496859,232.586537379,0.122751325,0.894492538,nan,nan,34,34,31,2,0,2,0.911764706,0,0,0,0
2517.184689045,232.692902265,0.122751325,0.894492538,nan,nan,34,34,31,2,0,2,0.911764706,0,0,0,0
2518.183427811,232.796486677,0.122825237,0.895318774,nan,nan,34,34,31,2,0,2,0.911764706,0,0,0,0
2519.199642658,232.901453756,0.122825237,0.895318774,nan,nan,34,34,31,2,0,2,0.911764706,0,0,0,0
2520.189979553,233.020918444,0.122869083,0.895676190,nan,nan,34,34,31,2,0,2,0.911764706,0,0,0,0
2521.191165924,233.139221526,0.122869083,0.895676190,nan,nan,34,34,31,2,0,2,0.911764706,0,0,0,0
2522.181358337,233.242819633,0.122886622,0.895704041,nan,nan,34,34,31,2,0,2,0.911764706,0,0,0,0
2523.194816589,233.336122104,0.122886622,0.895704041,nan,nan,34,34,31,2,0,2,0.911764706,0,0,0,0
2524.196663380,233.428228665,0.122889127,0.895704041,nan,nan,34,34,31,2,0,2,0.911764706,0,0,0,0
2530.648517847,233.493549278,0.122889127,0.895704041,nan,nan,35,35,32,2,0,2,0.914285714,0,0,0,0
2531.215969086,233.574880572,0.122889127,0.895704041,nan,nan,35,35,32,2,0,2,0.914285714,0,0,0,0
2532.204527855,233.607339760,0.122889127,0.895704041,nan,nan,35,35,32,2,0,2,0.914285714,0,0,0,0
2533.187153816,233.657759980,0.122889127,0.895704041,nan,nan,35,35,32,2,0,2,0.914285714,0,0,0,0
2534.181528568,233.696194245,0.122889127,0.895704041,nan,nan,35,35,32,2,0,2,0.914285714,0,0,0,0
2535.205156803,233.726142209,0.122889127,0.895704041,nan,nan,35,35,32,2,0,2,0.914285714,0,0,0,0
2536.199673176,233.746169181,0.122890380,0.895704041,nan,nan,35,35,32,2,0,2,0.914285714,0,0,0,0
2537.192622423,233.761109971,0.122890380,0.895704041,nan,nan,35,35,32,2,0,2,0.914285714,0,0,0,0
2538.226196527,233.770051428,0.122890380,0.895704041,nan,nan,35,35,32,2,0,2,0.914285714,0,0,0,0
2539.200451374,233.771966787,0.122890380,0.895704041,nan,nan,35,35,32,2,0,2,0.914285714,0,0,0,0
2540.194612503,233.775972684,0.122890380,0.895704041,nan,nan,35,35,32,2,0,2,0.914285714,0,0,0,0
2541.190397501,233.786847647,0.122890380,0.895704041,nan,nan,35,35,32,2,0,2,0.914285714,0,0,0,0
2542.186001062,233.811298671,0.122890380,0.895704041,nan,nan,35,35,32,2,0,2,0.914285714,0,0,0,0
2543.199201584,233.867257714,0.122890380,0.895704041,nan,nan,35,35,32,2,0,2,0.914285714,0,0,0,0
2544.186046124,233.950743559,0.122890380,0.895704041,nan,nan,35,35,32,2,0,2,0.914285714,0,0,0,0
2545.196002483,234.066746319,0.122890380,0.895704041,nan,nan,35,35,32,2,0,2,0.914285714,0,0,0,0
2546.264734983,234.176721625,0.122890380,0.895704041,nan,nan,35,35,32,2,0,2,0.914285714,0,0,0,0
2547.191346884,234.306721533,0.122891633,0.895704041,nan,nan,35,35,32,2,0,2,0.914285714,0,0,0,0
2548.183329344,234.426721513,0.122891633,0.895704041,nan,nan,35,35,32,2,0,2,0.914285714,0,0,0,0
2549.201635122,234.536721461,0.122891633,0.895704041,nan,nan,35,35,32,2,0,2,0.914285714,0,0,0,0
2550.208300114,234.646710762,0.122891633,0.895704041,nan,nan,35,35,32,2,0,2,0.914285714,0,0,0,0
2551.193655014,234.786696530,0.122894138,0.895704041,nan,nan,35,35,32,2,0,2,0.914285714,0,0,0,0
2552.188647032,234.896692904,0.122894138,0.895704041,nan,nan,35,35,32,2,0,2,0.914285714,0,0,0,0
2553.184444427,235.016679505,0.122896644,0.895704041,nan,nan,35,35,32,2,0,2,0.914285714,0,0,0,0
2554.254421949,235.136652856,0.122896644,0.895704041,nan,nan,35,35,32,2,0,2,0.914285714,0,0,0,0
2555.191229105,235.266634388,0.122896644,0.895704041,nan,nan,35,35,32,2,0,2,0.914285714,0,0,0,0
2556.245632887,235.386634304,0.122896644,0.895704041,nan,nan,35,35,32,2,0,2,0.914285714,0,0,0,0
2557.186414957,235.516611387,0.122899149,0.895704041,nan,nan,35,35,32,2,0,2,0.914285714,0,0,0,0
2558.217900038,235.626611035,0.122899149,0.895704041,nan,nan,35,35,32,2,0,2,0.914285714,0,0,0,0
2559.188960075,235.756611015,0.122899149,0.895704041,nan,nan,35,35,32,2,0,2,0.914285714,0,0,0,0
2560.219944477,235.876608880,0.122899149,0.895704041,nan,nan,35,35,32,2,0,2,0.914285714,0,0,0,0
2561.183132410,235.986603094,0.122899149,0.895704041,nan,nan,35,35,32,2,0,2,0.914285714,0,0,0,0
2562.197373629,236.116595959,0.122899149,0.895704041,nan,nan,35,35,32,2,0,2,0.914285714,0,0,0,0
2563.202435493,236.226591137,0.122899149,0.895704041,nan,nan,35,35,32,2,0,2,0.914285714,0,0,0,0
2564.183531761,236.336586288,0.122899149,0.895704041,nan,nan,35,35,32,2,0,2,0.914285714,0,0,0,0
2565.189959288,236.456494882,0.122899149,0.895704041,nan,nan,35,35,32,2,0,2,0.914285714,0,0,0,0
2566.180255413,236.576431677,0.122899149,0.895704041,nan,nan,35,35,32,2,0,2,0.914285714,0,0,0,0
2567.191827059,236.686430896,0.122899149,0.895704041,nan,nan,35,35,32,2,0,2,0.914285714,0,0,0,0
2568.197780371,236.796427645,0.122899149,0.895704041,nan,nan,35,35,32,2,0,2,0.914285714,0,0,0,0
2569.203215837,236.916418282,0.122899149,0.895704041,nan,nan,35,35,32,2,0,2,0.914285714,0,0,0,0
2570.215805531,237.036339158,0.122899149,0.895704041,nan,nan,35,35,32,2,0,2,0.914285714,0,0,0,0
2571.184838057,237.156311192,0.122899149,0.895704041,nan,nan,35,35,32,2,0,2,0.914285714,0,0,0,0
2572.215983868,237.276269820,0.122899149,0.895704041,nan,nan,35,35,32,2,0,2,0.914285714,0,0,0,0
2573.212535858,237.386188284,0.122899149,0.895704041,nan,nan,35,35,32,2,0,2,0.914285714,0,0,0,0
2574.194358349,237.526173798,0.122899149,0.895704041,nan,nan,35,35,32,2,0,2,0.914285714,0,0,0,0
2575.234464407,237.636063294,0.122899149,0.895704041,nan,nan,35,35,32,2,0,2,0.914285714,0,0,0,0
2576.186430216,237.746041962,0.122899149,0.895704041,nan,nan,35,35,32,2,0,2,0.914285714,0,0,0,0
2577.189001322,237.856028315,0.122899149,0.895704041,nan,nan,35,35,32,2,0,2,0.914285714,0,0,0,0
2578.200855255,237.965991525,0.122899149,0.895704041,nan,nan,35,35,32,2,0,2,0.914285714,0,0,0,0
2579.201067686,238.085936107,0.122899149,0.895704041,nan,nan,35,35,32,2,0,2,0.914285714,0,0,0,0
2580.208293915,238.185928897,0.122899149,0.895704041,nan,nan,35,35,32,2,0,2,0.914285714,0,0,0,0
2581.183243036,238.305815376,0.122899149,0.895704041,nan,nan,35,35,32,2,0,2,0.914285714,0,0,0,0
2582.184443951,238.425748220,0.122899149,0.895704041,nan,nan,35,35,32,2,0,2,0.914285714,0,0,0,0
2583.190167665,238.545567540,0.122899149,0.895704041,nan,nan,35,35,32,2,0,2,0.914285714,0,0,0,0
2584.183475733,238.655470207,0.122899149,0.895704041,nan,nan,35,35,32,2,0,2,0.914285714,0,0,0,0
2585.183664560,238.775414100,0.122899149,0.895704041,nan,nan,35,35,32,2,0,2,0.914285714,0,0,0,0
2586.184461832,238.885331749,0.122899149,0.895704041,nan,nan,35,35,32,2,0,2,0.914285714,0,0,0,0
2587.205833197,239.005116476,0.122899149,0.895704041,nan,nan,35,35,32,2,0,2,0.914285714,0,0,0,0
2588.216475487,239.124996919,0.122899149,0.895704041,nan,nan,35,35,32,2,0,2,0.914285714,0,0,0,0
2589.200945377,239.254866305,0.122899149,0.895704041,nan,nan,35,35,32,2,0,2,0.914285714,0,0,0,0
2590.219906807,239.394696091,0.122899149,0.895704041,nan,nan,35,35,32,2,0,2,0.914285714,0,0,0,0
2591.222327471,239.514488243,0.122899149,0.895704041,nan,nan,35,35,32,2,0,2,0.914285714,0,0,0,0
2592.196185589,239.624376389,0.122900402,0.895704041,nan,nan,35,35,32,2,0,2,0.914285714,0,0,0,0
2593.187118530,239.724267127,0.122900402,0.895704041,nan,nan,35,35,32,2,0,2,0.914285714,0,0,0,0
2594.180050373,239.853956491,0.122900402,0.895704041,nan,nan,35,35,32,2,0,2,0.914285714,0,0,0,0
2595.187545776,239.953902377,0.122901655,0.895704041,nan,nan,35,35,32,2,0,2,0.914285714,0,0,0,0
2596.184805870,240.063803421,0.122901655,0.895704041,nan,nan,35,35,32,2,0,2,0.914285714,0,0,0,0
2597.187839031,240.163779749,0.122901655,0.895704041,nan,nan,35,35,32,2,0,2,0.914285714,0,0,0,0
2598.197851181,240.283659352,0.122901655,0.895704041,nan,nan,35,35,32,2,0,2,0.914285714,0,0,0,0
2599.210597038,240.393476021,0.122901655,0.895704041,nan,nan,35,35,32,2,0,2,0.914285714,0,0,0,0
2600.195045948,240.503444372,0.122901655,0.895704041,nan,nan,35,35,32,2,0,2,0.914285714,0,0,0,0
2601.225308895,240.633094422,0.122901655,0.895704041,nan,nan,35,35,32,2,0,2,0.914285714,0,0,0,0
2602.197079897,240.743094007,0.122901655,0.895704041,nan,nan,35,35,32,2,0,2,0.914285714,0,0,0,0
2603.178689957,240.863036600,0.122901655,0.895704041,nan,nan,35,35,32,2,0,2,0.914285714,0,0,0,0
2604.223951101,240.973023232,0.122902907,0.895704041,nan,nan,35,35,32,2,0,2,0.914285714,0,0,0,0
2605.217927933,241.082925551,0.122902907,0.895704041,nan,nan,35,35,32,2,0,2,0.914285714,0,0,0,0
2606.204781055,241.192898808,0.122902907,0.895704041,nan,nan,35,35,32,2,0,2,0.914285714,0,0,0,0
2607.203230619,241.322827192,0.122902907,0.895704041,nan,nan,35,35,32,2,0,2,0.914285714,0,0,0,0
2608.221891642,241.442778979,0.122902907,0.895704041,nan,nan,35,35,32,2,0,2,0.914285714,0,0,0,0
2609.190480471,241.552670754,0.122902907,0.895704041,nan,nan,35,35,32,2,0,2,0.914285714,0,0,0,0
2610.199121952,241.672596825,0.122902907,0.895704041,nan,nan,35,35,32,2,0,2,0.914285714,0,0,0,0
2611.211457491,241.802563948,0.122902907,0.895704041,nan,nan,35,35,32,2,0,2,0.914285714,0,0,0,0
2612.200626135,241.912505928,0.122902907,0.895704041,nan,nan,35,35,32,2,0,2,0.914285714,0,0,0,0
2613.219225407,242.022461243,0.122902907,0.895704041,nan,nan,35,35,32,2,0,2,0.914285714,0,0,0,0
2614.194549322,242.142457929,0.122902907,0.895704041,nan,nan,35,35,32,2,0,2,0.914285714,0,0,0,0
2615.190300703,242.252393353,0.122902907,0.895704041,nan,nan,35,35,32,2,0,2,0.914285714,0,0,0,0
2616.204204321,242.372378815,0.122902907,0.895704041,nan,nan,35,35,32,2,0,2,0.914285714,0,0,0,0
2617.204940796,242.502352471,0.122904160,0.895704041,nan,nan,35,35,32,2,0,2,0.914285714,0,0,0,0
2618.198583841,242.622238775,0.122904160,0.895704041,nan,nan,35,35,32,2,0,2,0.914285714,0,0,0,0
2619.191923618,242.732170584,0.122905413,0.895704041,nan,nan,35,35,32,2,0,2,0.914285714,0,0,0,0
2620.238451958,242.872163263,0.122905413,0.895704041,nan,nan,35,35,32,2,0,2,0.914285714,0,0,0,0
2621.213554621,242.982054662,0.122906666,0.895704041,nan,nan,35,35,32,2,0,2,0.914285714,0,0,0,0
2622.201600313,243.111926136,0.122906666,0.895704041,nan,nan,35,35,32,2,0,2,0.914285714,0,0,0,0
2623.212509394,243.221799038,0.122906666,0.895704041,nan,nan,35,35,32,2,0,2,0.914285714,0,0,0,0
2624.200521708,243.341584784,0.122906666,0.895704041,nan,nan,35,35,32,2,0,2,0.914285714,0,0,0,0
2625.218138933,243.461537673,0.122906666,0.895704041,nan,nan,35,35,32,2,0,2,0.914285714,0,0,0,0
2626.185601473,243.561414381,0.122906666,0.895704041,nan,nan,35,35,32,2,0,2,0.914285714,0,0,0,0
2627.245312214,243.681382063,0.122906666,0.895704041,nan,nan,35,35,32,2,0,2,0.914285714,0,0,0,0
2628.209190369,243.801268106,0.122906666,0.895704041,nan,nan,35,35,32,2,0,2,0.914285714,0,0,0,0
2629.207194328,243.901194552,0.122906666,0.895704041,nan,nan,35,35,32,2,0,2,0.914285714,0,0,0,0
2630.189476013,244.021093285,0.122906666,0.895704041,nan,nan,35,35,32,2,0,2,0.914285714,0,0,0,0
2631.220709085,244.130968473,0.122906666,0.895704041,nan,nan,35,35,32,2,0,2,0.914285714,0,0,0,0
2632.207779884,244.250438431,0.122906666,0.895704041,nan,nan,35,35,32,2,0,2,0.914285714,0,0,0,0
2633.197896719,244.359732990,0.122906666,0.895704041,nan,nan,35,35,32,2,0,2,0.914285714,0,0,0,0
2634.196871281,244.468625055,0.122906666,0.895704041,nan,nan,35,35,32,2,0,2,0.914285714,0,0,0,0
2635.188259125,244.585795556,0.122906666,0.895704041,nan,nan,35,35,32,2,0,2,0.914285714,0,0,0,0
2636.212451935,244.694460327,0.122906666,0.895704041,nan,nan,35,35,32,2,0,2,0.914285714,0,0,0,0
2637.195711136,244.813761670,0.122906666,0.895704041,nan,nan,35,35,32,2,0,2,0.914285714,0,0,0,0
2638.228207350,244.933309958,0.122906666,0.895704041,nan,nan,35,35,32,2,0,2,0.914285714,0,0,0,0
2639.178412914,245.102190345,0.122906666,0.895704041,nan,nan,35,35,32,2,0,2,0.914285714,0,0,0,0
2640.205745220,245.211813549,0.122907918,0.895704041,nan,nan,35,35,32,2,0,2,0.914285714,0,0,0,0
2641.183969259,245.329535923,0.122907918,0.895704041,nan,nan,35,35,32,2,0,2,0.914285714,0,0,0,0
2642.181959391,245.437193208,0.122907918,0.895704041,nan,nan,35,35,32,2,0,2,0.914285714,0,0,0,0
2643.204640150,245.554232079,0.122907918,0.895704041,nan,nan,35,35,32,2,0,2,0.914285714,0,0,0,0
2644.198969603,245.681852631,0.122907918,0.895704041,nan,nan,35,35,32,2,0,2,0.914285714,0,0,0,0
2645.198460340,245.790355658,0.122907918,0.895704041,nan,nan,35,35,32,2,0,2,0.914285714,0,0,0,0
2646.207874775,245.897467014,0.122907918,0.895704041,nan,nan,35,35,32,2,0,2,0.914285714,0,0,0,0
2647.200124741,246.005824744,0.122907918,0.895704041,nan,nan,35,35,32,2,0,2,0.914285714,0,0,0,0
2648.226695538,246.105086008,0.122907918,0.895704041,nan,nan,35,35,32,2,0,2,0.914285714,0,0,0,0
2649.197498322,246.223349064,0.122909171,0.895704041,nan,nan,35,35,32,2,0,2,0.914285714,0,0,0,0
2650.193284035,246.341992221,0.122909171,0.895704041,nan,nan,35,35,32,2,0,2,0.914285714,0,0,0,0
2651.229655266,246.441661062,0.122909171,0.895704041,nan,nan,35,35,32,2,0,2,0.914285714,0,0,0,0
2652.250075102,246.570778999,0.122860314,0.896279620,nan,nan,35,35,32,2,0,2,0.914285714,0,0,0,0
2653.180553436,246.709548898,0.122861567,0.896279620,nan,nan,35,35,32,2,0,2,0.914285714,0,0,0,0
2654.213303089,246.809192284,0.122861567,0.896279620,nan,nan,35,35,32,2,0,2,0.914285714,0,0,0,0
2655.217142344,246.919031511,0.122861567,0.896279620,nan,nan,35,35,32,2,0,2,0.914285714,0,0,0,0
2656.201617956,247.048857051,0.122861567,0.896279620,nan,nan,35,35,32,2,0,2,0.914285714,0,0,0,0
2657.178989887,247.178845414,0.122861567,0.896279620,nan,nan,35,35,32,2,0,2,0.914285714,0,0,0,0
2658.200774431,247.298693103,0.122862820,0.896288904,nan,nan,35,35,32,2,0,2,0.914285714,0,0,0,0
2659.194072008,247.418675902,0.122862820,0.896288904,nan,nan,35,35,32,2,0,2,0.914285714,0,0,0,0
2660.180498362,247.528596597,0.122862820,0.896288904,nan,nan,35,35,32,2,0,2,0.914285714,0,0,0,0
2661.184851885,247.638549781,0.122862820,0.896288904,nan,nan,35,35,32,2,0,2,0.914285714,0,0,0,0
2662.212227821,247.748517654,0.122862820,0.896288904,nan,nan,35,35,32,2,0,2,0.914285714,0,0,0,0
2663.255109787,247.868451999,0.122862820,0.896288904,nan,nan,35,35,32,2,0,2,0.914285714,0,0,0,0
2664.180711508,247.978437120,0.122862820,0.896288904,nan,nan,35,35,32,2,0,2,0.914285714,0,0,0,0
2665.231207848,248.098420711,0.122862820,0.896288904,nan,nan,35,35,32,2,0,2,0.914285714,0,0,0,0
2666.179760218,248.208400488,0.122862820,0.896288904,nan,nan,35,35,32,2,0,2,0.914285714,0,0,0,0
2667.215415478,248.328293793,0.122862820,0.896288904,nan,nan,35,35,32,2,0,2,0.914285714,0,0,0,0
2668.195147753,248.448272024,0.122862820,0.896288904,nan,nan,35,35,32,2,0,2,0.914285714,0,0,0,0
2669.189193010,248.578238691,0.122862820,0.896288904,nan,nan,35,35,32,2,0,2,0.914285714,0,0,0,0
2670.181220531,248.688194348,0.122862820,0.896288904,nan,nan,35,35,32,2,0,2,0.914285714,0,0,0,0
2671.190341711,248.808136347,0.122862820,0.896288904,nan,nan,35,35,32,2,0,2,0.914285714,0,0,0,0
2672.190547943,248.918113923,0.122862820,0.896288904,nan,nan,35,35,32,2,0,2,0.914285714,0,0,0,0
2673.225577831,249.048110190,0.122862820,0.896288904,nan,nan,35,35,32,2,0,2,0.914285714,0,0,0,0
2674.205415726,249.178062697,0.122862820,0.896288904,nan,nan,35,35,32,2,0,2,0.914285714,0,0,0,0
2675.201007843,249.298056975,0.122862820,0.896288904,nan,nan,35,35,32,2,0,2,0.914285714,0,0,0,0
2676.224725246,249.418024049,0.122862820,0.896288904,nan,nan,35,35,32,2,0,2,0.914285714,0,0,0,0
2677.205073118,249.547941185,0.122862820,0.896288904,nan,nan,35,35,32,2,0,2,0.914285714,0,0,0,0
2678.219284773,249.677864189,0.122862820,0.896288904,nan,nan,35,35,32,2,0,2,0.914285714,0,0,0,0
2679.260062695,249.797853998,0.122862820,0.896288904,nan,nan,35,35,32,2,0,2,0.914285714,0,0,0,0
2680.219472170,249.917804179,0.122862820,0.896288904,nan,nan,35,35,32,2,0,2,0.914285714,0,0,0,0
2681.239667416,250.047804097,0.122862820,0.896288904,nan,nan,35,35,32,2,0,2,0.914285714,0,0,0,0
2682.184303284,250.167802771,0.122862820,0.896288904,nan,nan,35,35,32,2,0,2,0.914285714,0,0,0,0
2683.262604952,250.297795609,0.122862820,0.896288904,nan,nan,35,35,32,2,0,2,0.914285714,0,0,0,0
2684.225552559,250.427635089,0.122862820,0.896288904,nan,nan,35,35,32,2,0,2,0.914285714,0,0,0,0
2685.239909410,250.557626538,0.122862820,0.896288904,nan,nan,35,35,32,2,0,2,0.914285714,0,0,0,0
2686.234319210,250.677588749,0.122862820,0.896288904,nan,nan,35,35,32,2,0,2,0.914285714,0,0,0,0
2687.229282856,250.807524714,0.122862820,0.896288904,nan,nan,35,35,32,2,0,2,0.914285714,0,0,0,0
2688.201568604,250.927519663,0.122862820,0.896288904,nan,nan,35,35,32,2,0,2,0.914285714,0,0,0,0
2689.239641428,251.057519344,0.122864072,0.896288904,nan,nan,35,35,32,2,0,2,0.914285714,0,0,0,0
2690.190487385,251.187514366,0.122864072,0.896288904,nan,nan,35,35,32,2,0,2,0.914285714,0,0,0,0
2691.184768915,251.307419089,0.122864072,0.896288904,nan,nan,35,35,32,2,0,2,0.914285714,0,0,0,0
2692.236192465,251.447381229,0.122864072,0.896288904,nan,nan,35,35,32,2,0,2,0.914285714,0,0,0,0
2693.199649096,251.557356288,0.122864072,0.896288904,nan,nan,35,35,32,2,0,2,0.914285714,0,0,0,0
2694.203928232,251.687300533,0.122864072,0.896288904,nan,nan,35,35,32,2,0,2,0.914285714,0,0,0,0
2695.199717522,251.837197196,0.122864072,0.896288904,nan,nan,35,35,32,2,0,2,0.914285714,0,0,0,0
2696.201507330,251.957045263,0.122864072,0.896288904,nan,nan,35,35,32,2,0,2,0.914285714,0,0,0,0
2697.213123798,252.086970364,0.122864072,0.896288904,nan,nan,35,35,32,2,0,2,0.914285714,0,0,0,0
2698.180948019,252.196929204,0.122864072,0.896288904,nan,nan,35,35,32,2,0,2,0.914285714,0,0,0,0
2699.189005852,252.336877886,0.122864072,0.896288904,nan,nan,35,35,32,2,0,2,0.914285714,0,0,0,0
2700.188892603,252.466854579,0.122864072,0.896288904,nan,nan,35,35,32,2,0,2,0.914285714,0,0,0,0
2701.239323854,252.596834928,0.122864072,0.896288904,nan,nan,35,35,32,2,0,2,0.914285714,0,0,0,0
2702.180746794,252.716780533,0.122867831,0.896288904,nan,nan,35,35,32,2,0,2,0.914285714,0,0,0,0
2703.213410616,252.846758546,0.122867831,0.896288904,nan,nan,35,35,32,2,0,2,0.914285714,0,0,0,0
2704.196245909,252.966733051,0.122886622,0.896288904,nan,nan,35,35,32,2,0,2,0.914285714,0,0,0,0
2705.202440977,253.086710586,0.122886622,0.896288904,nan,nan,35,35,32,2,0,2,0.914285714,0,0,0,0
2706.185510397,253.196707192,0.122904160,0.896288904,nan,nan,35,35,32,2,0,2,0.914285714,0,0,0,0
2707.205710649,253.326705162,0.122904160,0.896288904,nan,nan,35,35,32,2,0,2,0.914285714,0,0,0,0
2708.193485260,253.446639624,0.122907918,0.896288904,nan,nan,35,35,32,2,0,2,0.914285714,0,0,0,0
2709.200574160,253.556612346,0.122907918,0.896288904,nan,nan,35,35,32,2,0,2,0.914285714,0,0,0,0
2710.192266941,253.686591917,0.122907918,0.896288904,nan,nan,35,35,32,2,0,2,0.914285714,0,0,0,0
2711.204319715,253.806565972,0.122914182,0.896288904,nan,nan,35,35,32,2,0,2,0.914285714,0,0,0,0
2712.197010994,253.926555275,0.122914182,0.896288904,nan,nan,35,35,32,2,0,2,0.914285714,0,0,0,0
2713.191945791,254.046522470,0.122925457,0.896288904,nan,nan,35,35,32,2,0,2,0.914285714,0,0,0,0
2714.271387339,254.186514919,0.122925457,0.896288904,nan,nan,35,35,32,2,0,2,0.914285714,0,0,0,0
2715.193006039,254.326485007,0.122925457,0.896288904,nan,nan,35,35,32,2,0,2,0.914285714,0,0,0,0
2716.196174622,254.496436957,0.122942995,0.896288904,nan,nan,35,35,32,2,0,2,0.914285714,0,0,0,0
2717.233576059,254.616376755,0.122942995,0.896288904,nan,nan,35,35,32,2,0,2,0.914285714,0,0,0,0
2718.199834824,254.756314489,0.122942995,0.896288904,nan,nan,35,35,32,2,0,2,0.914285714,0,0,0,0
2719.247329950,254.856305712,0.122942995,0.896288904,nan,nan,35,35,32,2,0,2,0.914285714,0,0,0,0
2720.204416990,254.976241173,0.122954270,0.896288904,nan,nan,35,35,32,2,0,2,0.914285714,0,0,0,0
2721.185249805,255.096202476,0.122954270,0.896288904,nan,nan,35,35,32,2,0,2,0.914285714,0,0,0,0
2722.182319641,255.196194053,0.122955523,0.896288904,nan,nan,35,35,32,2,0,2,0.914285714,0,0,0,0
2723.183386087,255.316035508,0.122955523,0.896288904,nan,nan,35,35,32,2,0,2,0.914285714,0,0,0,0
2724.213312626,255.425964819,0.122955523,0.896288904,nan,nan,35,35,32,2,0,2,0.914285714,0,0,0,0
2725.219974041,255.535914248,0.122964292,0.896288904,nan,nan,35,35,32,2,0,2,0.914285714,0,0,0,0
2726.180337906,255.655914233,0.122964292,0.896288904,nan,nan,35,35,32,2,0,2,0.914285714,0,0,0,0
2727.183572292,255.775909283,0.122965545,0.896288904,nan,nan,35,35,32,2,0,2,0.914285714,0,0,0,0
2728.190709591,255.895868747,0.122965545,0.896288904,nan,nan,35,35,32,2,0,2,0.914285714,0,0,0,0
2729.197491646,256.025859585,0.122965545,0.896288904,nan,nan,35,35,32,2,0,2,0.914285714,0,0,0,0
2730.204668760,256.145859386,0.122924204,0.895648339,nan,nan,35,35,32,2,0,2,0.914285714,0,0,0,0
2731.195631981,256.275767891,0.122924204,0.895648339,nan,nan,35,35,32,2,0,2,0.914285714,0,0,0,0
2732.196321726,256.395539883,0.122924204,0.895648339,nan,nan,35,35,32,2,0,2,0.914285714,0,0,0,0
2733.180845499,256.525538705,0.122926709,0.895648339,nan,nan,35,35,32,2,0,2,0.914285714,0,0,0,0
2734.188793182,256.635532866,0.122926709,0.895648339,nan,nan,35,35,32,2,0,2,0.914285714,0,0,0,0
2735.190940619,256.755478777,0.122963039,0.895648339,nan,nan,35,35,32,2,0,2,0.914285714,0,0,0,0
2736.192048788,256.865399129,0.122963039,0.895648339,nan,nan,35,35,32,2,0,2,0.914285714,0,0,0,0
2737.190400600,256.985304729,0.122981830,0.895648339,nan,nan,35,35,32,2,0,2,0.914285714,0,0,0,0
2738.187548876,257.095274361,0.122981830,0.895648339,nan,nan,35,35,32,2,0,2,0.914285714,0,0,0,0
2739.201422453,257.215179146,0.123029434,0.895648339,nan,nan,35,35,32,2,0,2,0.914285714,0,0,0,0
2740.184019804,257.335153487,0.123029434,0.895648339,nan,nan,35,35,32,2,0,2,0.914285714,0,0,0,0
2741.182491302,257.464965469,0.123029434,0.895648339,nan,nan,35,35,32,2,0,2,0.914285714,0,0,0,0
2742.204888821,257.584925200,0.123062006,0.895648339,nan,nan,35,35,32,2,0,2,0.914285714,0,0,0,0
2743.186924696,257.694873146,0.123134665,0.895648339,nan,nan,35,35,32,2,0,2,0.914285714,0,0,0,0
2744.221670389,257.824844168,0.123134665,0.895648339,nan,nan,35,35,32,2,0,2,0.914285714,0,0,0,0
2745.191368103,257.954657042,0.123203566,0.895648339,nan,nan,35,35,32,2,0,2,0.914285714,0,0,0,0
2746.196533203,258.084621969,0.123203566,0.895648339,nan,nan,35,35,32,2,0,2,0.914285714,0,0,0,0
2747.198294163,258.194584447,0.123288752,0.895648339,nan,nan,35,35,32,2,0,2,0.914285714,0,0,0,0
2748.181247711,258.324519948,0.123288752,0.895648339,nan,nan,35,35,32,2,0,2,0.914285714,0,0,0,0
2749.193765879,258.444433181,0.123337609,0.895648339,nan,nan,35,35,32,2,0,2,0.914285714,0,0,0,0
2750.188727856,258.574341608,0.123337609,0.895648339,nan,nan,35,35,32,2,0,2,0.914285714,0,0,0,0
2751.195238113,258.684113288,0.123401499,0.895648339,nan,nan,35,35,32,2,0,2,0.914285714,0,0,0,0
2752.192182779,258.803746086,0.123401499,0.895648339,nan,nan,35,35,32,2,0,2,0.914285714,0,0,0,0
2753.183346510,258.923436687,0.123401499,0.895648339,nan,nan,35,35,32,2,0,2,0.914285714,0,0,0,0
2754.182051659,259.033318016,0.123412774,0.895648339,nan,nan,35,35,32,2,0,2,0.914285714,0,0,0,0
2755.196177244,259.153171234,0.123412774,0.895648339,nan,nan,35,35,32,2,0,2,0.914285714,0,0,0,0
2756.203836679,259.273102419,0.123412774,0.895648339,nan,nan,35,35,32,2,0,2,0.914285714,0,0,0,0
2757.199394226,259.382963295,0.123446598,0.895648339,nan,nan,35,35,32,2,0,2,0.914285714,0,0,0,0
2758.216666698,259.502885854,0.123496708,0.895917562,nan,nan,35,35,32,2,0,2,0.914285714,0,0,0,0
2759.190029383,259.622823619,0.123496708,0.895917562,nan,nan,35,35,32,2,0,2,0.914285714,0,0,0,0
2760.198793888,259.742809636,0.123525521,0.896112517,nan,nan,35,35,32,2,0,2,0.914285714,0,0,0,0
2761.200165033,259.872777672,0.123525521,0.896112517,nan,nan,35,35,32,2,0,2,0.914285714,0,0,0,0
2762.230340719,260.002601873,0.123525521,0.896112517,nan,nan,35,35,32,2,0,2,0.914285714,0,0,0,0
2763.206925392,260.112508304,0.123583147,0.896131084,nan,nan,35,35,32,2,0,2,0.914285714,0,0,0,0
2764.208034277,260.242160405,0.123635762,0.896205352,nan,nan,35,35,32,2,0,2,0.914285714,0,0,0,0
2765.185562849,260.371837025,0.123635762,0.896205352,nan,nan,35,35,32,2,0,2,0.914285714,0,0,0,0
2766.187226534,260.531549971,0.123693389,0.896497784,nan,nan,35,35,32,2,0,2,0.914285714,0,0,0,0
2767.184262037,260.641369720,0.123693389,0.896497784,nan,nan,35,35,32,2,0,2,0.914285714,0,0,0,0
2768.220778465,260.781288562,0.123729718,0.896497784,nan,nan,35,35,32,2,0,2,0.914285714,0,0,0,0
2769.196788549,260.891268861,0.123729718,0.896497784,nan,nan,35,35,32,2,0,2,0.914285714,0,0,0,0
2770.199225903,261.011250184,0.123729718,0.896497784,nan,nan,35,35,32,2,0,2,0.914285714,0,0,0,0
2771.228319168,261.141144324,0.123743498,0.896497784,nan,nan,35,35,32,2,0,2,0.914285714,0,0,0,0
2772.188771009,261.281075640,0.123816157,0.896497784,nan,nan,35,35,32,2,0,2,0.914285714,0,0,0,0
2773.191590071,261.391038238,0.123816157,0.896497784,nan,nan,35,35,32,2,0,2,0.914285714,0,0,0,0
2774.197761536,261.520939599,0.123851234,0.896497784,nan,nan,35,35,32,2,0,2,0.914285714,0,0,0,0
2775.189856291,261.640177026,0.123851234,0.896497784,nan,nan,35,35,32,2,0,2,0.914285714,0,0,0,0
2776.188243866,261.768048820,0.123893827,0.896497784,nan,nan,35,35,32,2,0,2,0.914285714,0,0,0,0
2777.196099997,261.883931713,0.123893827,0.896497784,nan,nan,35,35,32,2,0,2,0.914285714,0,0,0,0
2778.199372768,262.007415166,0.123947695,0.896469933,nan,nan,35,35,32,2,0,2,0.914285714,0,0,0,0
2779.204210997,262.125890073,0.123947695,0.896469933,nan,nan,35,35,32,2,0,2,0.914285714,0,0,0,0
2780.200619221,262.245560417,0.123995300,0.896469933,nan,nan,35,35,32,2,0,2,0.914285714,0,0,0,0
2781.186936617,262.375548339,0.123995300,0.896469933,nan,nan,35,35,32,2,0,2,0.914285714,0,0,0,0
2782.193731070,262.505494001,0.124039146,0.896534918,nan,nan,35,35,32,2,0,2,0.914285714,0,0,0,0
2783.242996454,262.625493914,0.124039146,0.896534918,nan,nan,35,35,32,2,0,2,0.914285714,0,0,0,0
2784.187099934,262.755461384,0.124079234,0.896906259,nan,nan,35,35,32,2,0,2,0.914285714,0,0,0,0
2785.216651678,262.885461202,0.124079234,0.896906259,nan,nan,35,35,32,2,0,2,0.914285714,0,0,0,0
2786.226707697,262.995461169,0.124188222,0.898196672,nan,nan,35,35,32,2,0,2,0.914285714,0,0,0,0
2787.192393780,263.115457988,0.124188222,0.898196672,nan,nan,35,35,32,2,0,2,0.914285714,0,0,0,0
2788.218038559,263.225457954,0.124371123,0.900568617,nan,nan,35,35,32,2,0,2,0.914285714,0,0,0,0
2789.182784081,263.335457930,0.124371123,0.900568617,nan,nan,35,35,32,2,0,2,0.914285714,0,0,0,0
2790.225810289,263.435457913,0.124683056,0.904681226,nan,nan,35,35,32,2,0,2,0.914285714,0,0,0,0
2791.186042070,263.565457894,0.124683056,0.904681226,nan,nan,35,35,32,2,0,2,0.914285714,0,0,0,0
2792.203990698,263.685447150,0.124913561,0.907470931,nan,nan,35,35,32,2,0,2,0.914285714,0,0,0,0
2793.187373161,263.795379576,0.124913561,0.907470931,nan,nan,35,35,32,2,0,2,0.914285714,0,0,0,0
2794.200416565,263.915273389,0.124928594,0.907619468,nan,nan,35,35,32,2,0,2,0.914285714,0,0,0,0
2795.215098858,264.025246689,0.124928594,0.907619468,nan,nan,35,35,32,2,0,2,0.914285714,0,0,0,0
2796.188394070,264.145171332,0.124928594,0.907619468,nan,nan,35,35,32,2,0,2,0.914285714,0,0,0,0
2797.194025278,264.284508739,0.124929846,0.907638035,nan,nan,35,35,32,2,0,2,0.914285714,0,0,0,0
2798.197115421,264.401587418,0.124929846,0.907638035,nan,nan,35,35,32,2,0,2,0.914285714,0,0,0,0
2799.183594227,264.515534676,0.124929846,0.907638035,nan,nan,35,35,32,2,0,2,0.914285714,0,0,0,0
2800.194005966,264.632802120,0.124929846,0.907638035,nan,nan,35,35,32,2,0,2,0.914285714,0,0,0,0
2801.200481653,264.772608026,0.124929846,0.907638035,nan,nan,35,35,32,2,0,2,0.914285714,0,0,0,0
2802.185916662,264.868021831,0.124929846,0.907638035,nan,nan,35,35,32,2,0,2,0.914285714,0,0,0,0
2803.193803310,264.969416373,0.124929846,0.907638035,nan,nan,35,35,32,2,0,2,0.914285714,0,0,0,0
2804.188577652,265.070193906,0.124929846,0.907638035,nan,nan,35,35,32,2,0,2,0.914285714,0,0,0,0
2805.195291758,265.182373268,0.124931099,0.907638035,nan,nan,35,35,32,2,0,2,0.914285714,0,0,0,0
2806.195525646,265.257923497,0.124931099,0.907638035,nan,nan,35,35,32,2,0,2,0.914285714,0,0,0,0
2807.200479746,265.345788671,0.124931099,0.907638035,nan,nan,35,35,32,2,0,2,0.914285714,0,0,0,0
2808.217082739,265.422747458,0.124931099,0.907638035,nan,nan,35,35,32,2,0,2,0.914285714,0,0,0,0
2809.200591803,265.508174865,0.124931099,0.907638035,nan,nan,35,35,32,2,0,2,0.914285714,0,0,0,0
2815.993155956,265.565339295,0.124931099,0.907638035,nan,nan,36,36,33,2,0,2,0.916666667,0,0,0,0
2816.202525377,265.588985204,0.124931099,0.907638035,nan,nan,36,36,33,2,0,2,0.916666667,0,0,0,0
2817.204548359,265.657872950,0.124931099,0.907638035,nan,nan,36,36,33,2,0,2,0.916666667,0,0,0,0
2818.199623823,265.703624062,0.124931099,0.907638035,nan,nan,36,36,33,2,0,2,0.916666667,0,0,0,0
2819.190901041,265.739430468,0.124931099,0.907638035,nan,nan,36,36,33,2,0,2,0.916666667,0,0,0,0
2820.197653532,265.758854787,0.124931099,0.907638035,nan,nan,36,36,33,2,0,2,0.916666667,0,0,0,0
2821.205267429,265.776269284,0.124931099,0.907638035,nan,nan,36,36,33,2,0,2,0.916666667,0,0,0,0
2822.178004503,265.779629276,0.124931099,0.907638035,nan,nan,36,36,33,2,0,2,0.916666667,0,0,0,0
2823.189534187,265.783906147,0.124931099,0.907638035,nan,nan,36,36,33,2,0,2,0.916666667,0,0,0,0
2824.202844858,265.794533876,0.124931099,0.907638035,nan,nan,36,36,33,2,0,2,0.916666667,0,0,0,0
2825.193719387,265.815877076,0.124931099,0.907638035,nan,nan,36,36,33,2,0,2,0.916666667,0,0,0,0
2826.182178259,265.886495539,0.124931099,0.907638035,nan,nan,36,36,33,2,0,2,0.916666667,0,0,0,0
2827.178254604,265.990254801,0.124931099,0.907638035,nan,nan,36,36,33,2,0,2,0.916666667,0,0,0,0
2828.202850342,266.107800275,0.124931099,0.907638035,nan,nan,36,36,33,2,0,2,0.916666667,0,0,0,0
2829.183959246,266.217557390,0.124931099,0.907638035,nan,nan,36,36,33,2,0,2,0.916666667,0,0,0,0
2830.214468956,266.337401022,0.124931099,0.907638035,nan,nan,36,36,33,2,0,2,0.916666667,0,0,0,0
2831.202554226,266.467374932,0.124931099,0.907638035,nan,nan,36,36,33,2,0,2,0.916666667,0,0,0,0
2832.184322357,266.597363120,0.124931099,0.907638035,nan,nan,36,36,33,2,0,2,0.916666667,0,0,0,0
2833.182917356,266.717001531,0.124931099,0.907638035,nan,nan,36,36,33,2,0,2,0.916666667,0,0,0,0
2834.186395168,266.836532834,0.124931099,0.907638035,nan,nan,36,36,33,2,0,2,0.916666667,0,0,0,0
2835.190220118,266.954915894,0.124931099,0.907638035,nan,nan,36,36,33,2,0,2,0.916666667,0,0,0,0
2836.232419729,267.071860692,0.124931099,0.907638035,nan,nan,36,36,33,2,0,2,0.916666667,0,0,0,0
2837.179085255,267.190236705,0.124931099,0.907638035,nan,nan,36,36,33,2,0,2,0.916666667,0,0,0,0
2838.202689886,267.299992585,0.124931099,0.907638035,nan,nan,36,36,33,2,0,2,0.916666667,0,0,0,0
2839.207819462,267.419375275,0.124931099,0.907638035,nan,nan,36,36,33,2,0,2,0.916666667,0,0,0,0
2840.185592413,267.537038598,0.124931099,0.907638035,nan,nan,36,36,33,2,0,2,0.916666667,0,0,0,0
2841.196018696,267.644373030,0.124931099,0.907638035,nan,nan,36,36,33,2,0,2,0.916666667,0,0,0,0
2842.217667341,267.763304076,0.124931099,0.907638035,nan,nan,36,36,33,2,0,2,0.916666667,0,0,0,0
2843.192588568,267.882750783,0.124931099,0.907638035,nan,nan,36,36,33,2,0,2,0.916666667,0,0,0,0
2844.198621511,268.002628595,0.124931099,0.907638035,nan,nan,36,36,33,2,0,2,0.916666667,0,0,0,0
2845.193140984,268.112591149,0.124931099,0.907638035,nan,nan,36,36,33,2,0,2,0.916666667,0,0,0,0
2846.187577248,268.222582181,0.124931099,0.907638035,nan,nan,36,36,33,2,0,2,0.916666667,0,0,0,0
2847.234511137,268.342519815,0.124931099,0.907638035,nan,nan,36,36,33,2,0,2,0.916666667,0,0,0,0
2848.207808256,268.461442627,0.125033824,0.907865481,nan,nan,36,36,33,2,0,2,0.916666667,0,0,0,0
2849.188780785,268.640792270,0.125033824,0.907865481,nan,nan,36,36,33,2,0,2,0.916666667,0,0,0,0
2850.205791235,268.770356455,0.125033824,0.907865481,nan,nan,36,36,33,2,0,2,0.916666667,0,0,0,0
2851.214843988,268.859887614,0.125041341,0.907865481,nan,nan,36,36,33,2,0,2,0.916666667,0,0,0,0
2852.186103106,268.970874152,0.125048857,0.907865481,nan,nan,36,36,33,2,0,2,0.916666667,0,0,0,0
2853.246349812,269.099407711,0.125048857,0.907865481,nan,nan,36,36,33,2,0,2,0.916666667,0,0,0,0
2854.203083038,269.208966799,0.125067648,0.907865481,nan,nan,36,36,33,2,0,2,0.916666667,0,0,0,0
2855.209227085,269.338453670,0.125067648,0.907865481,nan,nan,36,36,33,2,0,2,0.916666667,0,0,0,0
2856.235339165,269.458269096,0.125068901,0.907865481,nan,nan,36,36,33,2,0,2,0.916666667,0,0,0,0
2857.232120514,269.597772284,0.125068901,0.907865481,nan,nan,36,36,33,2,0,2,0.916666667,0,0,0,0
2858.219353437,269.727617328,0.125073912,0.907865481,nan,nan,36,36,33,2,0,2,0.916666667,0,0,0,0
2859.185478449,269.847585269,0.125073912,0.907865481,nan,nan,36,36,33,2,0,2,0.916666667,0,0,0,0
2860.205439329,269.977507743,0.125073912,0.907865481,nan,nan,36,36,33,2,0,2,0.916666667,0,0,0,0
2861.230432272,270.097418669,0.125073912,0.907865481,nan,nan,36,36,33,2,0,2,0.916666667,0,0,0,0
2862.239266396,270.237346754,0.125073912,0.907865481,nan,nan,36,36,33,2,0,2,0.916666667,0,0,0,0
2863.190531254,270.357206522,0.125081428,0.907865481,nan,nan,36,36,33,2,0,2,0.916666667,0,0,0,0
2864.259746552,270.487139874,0.125085187,0.907865481,nan,nan,36,36,33,2,0,2,0.916666667,0,0,0,0
2865.212128401,270.606708039,0.125085187,0.907865481,nan,nan,36,36,33,2,0,2,0.916666667,0,0,0,0
2866.206562281,270.746648713,0.125085187,0.907865481,nan,nan,36,36,33,2,0,2,0.916666667,0,0,0,0
2867.225562334,270.866517946,0.125085187,0.907865481,nan,nan,36,36,33,2,0,2,0.916666667,0,0,0,0
2868.220069647,271.026387774,0.125086439,0.907884049,nan,nan,36,36,33,2,0,2,0.916666667,0,0,0,0
2869.199183464,271.146178009,0.125086439,0.907884049,nan,nan,36,36,33,2,0,2,0.916666667,0,0,0,0
2870.210224867,271.265983466,0.125086439,0.907884049,nan,nan,36,36,33,2,0,2,0.916666667,0,0,0,0
2871.187045813,271.395661225,0.125087692,0.907884049,nan,nan,36,36,33,2,0,2,0.916666667,0,0,0,0
2872.187444925,271.515603288,0.125087692,0.907884049,nan,nan,36,36,33,2,0,2,0.916666667,0,0,0,0
2873.226843834,271.635465627,0.125088945,0.907884049,nan,nan,36,36,33,2,0,2,0.916666667,0,0,0,0
2874.219590664,271.745427050,0.125088945,0.907884049,nan,nan,36,36,33,2,0,2,0.916666667,0,0,0,0
2875.216110229,271.875239756,0.125088945,0.907884049,nan,nan,36,36,33,2,0,2,0.916666667,0,0,0,0
2876.201373339,272.015197906,0.125088945,0.907884049,nan,nan,36,36,33,2,0,2,0.916666667,0,0,0,0
2877.219235659,272.135148246,0.125090198,0.907884049,nan,nan,36,36,33,2,0,2,0.916666667,0,0,0,0
2878.193295956,272.275079634,0.125092703,0.907884049,nan,nan,36,36,33,2,0,2,0.916666667,0,0,0,0
2879.198406458,272.384804442,0.125096461,0.907884049,nan,nan,36,36,33,2,0,2,0.916666667,0,0,0,0
2880.201997995,272.504753757,0.125096461,0.907884049,nan,nan,36,36,33,2,0,2,0.916666667,0,0,0,0
2881.196747065,272.624630522,0.125096461,0.907884049,nan,nan,36,36,33,2,0,2,0.916666667,0,0,0,0
2882.200079918,272.744595529,0.125098967,0.907884049,nan,nan,36,36,33,2,0,2,0.916666667,0,0,0,0
2883.203788280,272.884445395,0.125098967,0.907884049,nan,nan,36,36,33,2,0,2,0.916666667,0,0,0,0
2884.232084990,273.004417448,0.125098967,0.907884049,nan,nan,36,36,33,2,0,2,0.916666667,0,0,0,0
2885.196337461,273.134256655,0.125098967,0.907884049,nan,nan,36,36,33,2,0,2,0.916666667,0,0,0,0
2886.193720341,273.254072719,0.125098967,0.907884049,nan,nan,36,36,33,2,0,2,0.916666667,0,0,0,0
2887.182141781,273.373760291,0.125098967,0.907884049,nan,nan,36,36,33,2,0,2,0.916666667,0,0,0,0
2888.201175928,273.493595223,0.125098967,0.907884049,nan,nan,36,36,33,2,0,2,0.916666667,0,0,0,0
2889.181918383,273.603205499,0.125098967,0.907884049,nan,nan,36,36,33,2,0,2,0.916666667,0,0,0,0
2890.184214115,273.721038855,0.125098967,0.907884049,nan,nan,36,36,33,2,0,2,0.916666667,0,0,0,0
2891.211971998,273.831586049,0.125098967,0.907884049,nan,nan,36,36,33,2,0,2,0.916666667,0,0,0,0
2892.196189404,273.936640932,0.125098967,0.907884049,nan,nan,36,36,33,2,0,2,0.916666667,0,0,0,0
2893.193448544,274.033613578,0.125098967,0.907884049,nan,nan,36,36,33,2,0,2,0.916666667,0,0,0,0
2894.232591629,274.126577555,0.125101472,0.907884049,nan,nan,36,36,33,2,0,2,0.916666667,0,0,0,0
2895.200416565,274.214405345,0.125101472,0.907884049,nan,nan,36,36,33,2,0,2,0.916666667,0,0,0,0
2896.208517075,274.297807160,0.125101472,0.907884049,nan,nan,36,36,33,2,0,2,0.916666667,0,0,0,0
2897.185308695,274.378199699,0.125101472,0.907884049,nan,nan,36,36,33,2,0,2,0.916666667,0,0,0,0
2898.186282873,274.463616537,0.125107736,0.907939750,nan,nan,36,36,33,2,0,2,0.916666667,0,0,0,0
2899.194425583,274.535456665,0.125107736,0.907939750,nan,nan,36,36,33,2,0,2,0.916666667,0,0,0,0
2900.183453798,274.607444374,0.125117758,0.908014018,nan,nan,36,36,33,2,0,2,0.916666667,0,0,0,0
2901.183339357,274.669575648,0.125117758,0.908014018,nan,nan,36,36,33,2,0,2,0.916666667,0,0,0,0
2902.195619583,274.742647662,0.125120263,0.908014018,nan,nan,36,36,33,2,0,2,0.916666667,0,0,0,0
2903.231689453,274.819394148,0.125120263,0.908014018,nan,nan,36,36,33,2,0,2,0.916666667,0,0,0,0
2904.185641289,274.902907530,0.125121516,0.908014018,nan,nan,36,36,33,2,0,2,0.916666667,0,0,0,0
2905.203091621,274.986442543,0.125121516,0.908014018,nan,nan,36,36,33,2,0,2,0.916666667,0,0,0,0
2906.186712742,275.073829188,0.125135296,0.908181122,nan,nan,36,36,33,2,0,2,0.916666667,0,0,0,0
2907.196295738,275.181370248,0.125135296,0.908181122,nan,nan,36,36,33,2,0,2,0.916666667,0,0,0,0
2908.207116842,275.290448079,0.125172879,0.908663866,nan,nan,36,36,33,2,0,2,0.916666667,0,0,0,0
2909.186770678,275.410443329,0.125172879,0.908663866,nan,nan,36,36,33,2,0,2,0.916666667,0,0,0,0
2910.232366562,275.520443001,0.125259318,0.909870727,nan,nan,36,36,33,2,0,2,0.916666667,0,0,0,0
2911.186170578,275.610442841,0.125259318,0.909870727,nan,nan,36,36,33,2,0,2,0.916666667,0,0,0,0
2912.204526186,275.700442588,0.125528658,0.913361339,nan,nan,36,36,33,2,0,2,0.916666667,0,0,0,0
2913.198981047,275.810442455,0.125528658,0.913361339,nan,nan,36,36,33,2,0,2,0.916666667,0,0,0,0
2914.198498964,275.910442292,0.125528658,0.913361339,nan,nan,36,36,33,2,0,2,0.916666667,0,0,0,0
2915.214992762,276.010245479,0.125841844,0.917130457,nan,nan,36,36,33,2,0,2,0.916666667,0,0,0,0
2916.210343599,276.128482417,0.125841844,0.917130457,nan,nan,36,36,33,2,0,2,0.916666667,0,0,0,0
2917.207453251,276.236190311,0.126034766,0.919349224,nan,nan,36,36,33,2,0,2,0.916666667,0,0,0,0
2918.183813095,276.345979449,0.126034766,0.919349224,nan,nan,36,36,33,2,0,2,0.916666667,0,0,0,0
2919.211187601,276.452872931,0.126034766,0.919349224,nan,nan,36,36,33,2,0,2,0.916666667,0,0,0,0
2920.200227737,276.552668337,0.126048546,0.919423492,nan,nan,36,36,33,2,0,2,0.916666667,0,0,0,0
2921.183976173,276.642826088,0.126048546,0.919423492,nan,nan,36,36,33,2,0,2,0.916666667,0,0,0,0
2922.195064068,276.726015486,0.126049799,0.919423492,nan,nan,36,36,34,2,0,2,0.944444444,0,0,0,0
2929.839902878,276.782999972,0.126049799,0.919423492,nan,nan,37,37,34,2,0,2,0.918918919,0,0,0,0
2930.205451727,276.809248804,0.126051052,0.919423492,nan,nan,37,37,34,2,0,2,0.918918919,0,0,0,0
2931.219928741,276.834129999,0.126051052,0.919423492,nan,nan,37,37,34,2,0,2,0.918918919,0,0,0,0
2932.219267845,276.875155738,0.126051052,0.919423492,nan,nan,37,37,34,2,0,2,0.918918919,0,0,0,0
2933.247780085,276.910621789,0.126051052,0.919423492,nan,nan,37,37,34,2,0,2,0.918918919,0,0,0,0
2934.191995382,276.947333936,0.126051052,0.919423492,nan,nan,37,37,34,2,0,2,0.918918919,0,0,0,0
2935.197403193,276.974568097,0.126051052,0.919423492,nan,nan,37,37,34,2,0,2,0.918918919,0,0,0,0
2936.183225155,276.994599735,0.126051052,0.919423492,nan,nan,37,37,34,2,0,2,0.918918919,0,0,0,0
2937.205675125,277.001727489,0.126051052,0.919423492,nan,nan,37,37,34,2,0,2,0.918918919,0,0,0,0
2938.201873064,277.008769524,0.126051052,0.919423492,nan,nan,37,37,34,2,0,2,0.918918919,0,0,0,0
2939.189818382,277.022632349,0.126051052,0.919423492,nan,nan,37,37,34,2,0,2,0.918918919,0,0,0,0
2940.183362246,277.048055251,0.126051052,0.919423492,nan,nan,37,37,34,2,0,2,0.918918919,0,0,0,0
2941.196008921,277.078629997,0.126051052,0.919423492,nan,nan,37,37,34,2,0,2,0.918918919,0,0,0,0
2942.182014942,277.115260733,0.126051052,0.919423492,nan,nan,37,37,34,2,0,2,0.918918919,0,0,0,0
2943.199694872,277.176806233,0.126051052,0.919423492,nan,nan,37,37,34,2,0,2,0.918918919,0,0,0,0
2944.179702282,277.256457354,0.126051052,0.919423492,nan,nan,37,37,34,2,0,2,0.918918919,0,0,0,0
2945.185855389,277.346522663,0.126051052,0.919423492,nan,nan,37,37,34,2,0,2,0.918918919,0,0,0,0
2946.204609632,277.452065257,0.126051052,0.919423492,nan,nan,37,37,34,2,0,2,0.918918919,0,0,0,0
2947.200068712,277.554633331,0.126051052,0.919423492,nan,nan,37,37,34,2,0,2,0.918918919,0,0,0,0
2948.234924316,277.663132190,0.126051052,0.919423492,nan,nan,37,37,34,2,0,2,0.918918919,0,0,0,0
2949.207255125,277.782554358,0.126052305,0.919423492,nan,nan,37,37,34,2,0,2,0.918918919,0,0,0,0
2950.201074600,277.902533172,0.126052305,0.919423492,nan,nan,37,37,34,2,0,2,0.918918919,0,0,0,0
2951.178734064,278.012521224,0.126052305,0.919423492,nan,nan,37,37,34,2,0,2,0.918918919,0,0,0,0
2952.194698572,278.112521137,0.126052305,0.919423492,nan,nan,37,37,34,2,0,2,0.918918919,0,0,0,0
2953.193721294,278.232521098,0.126052305,0.919423492,nan,nan,37,37,34,2,0,2,0.918918919,0,0,0,0
2954.214791775,278.352414009,0.126052305,0.919423492,nan,nan,37,37,34,2,0,2,0.918918919,0,0,0,0
2955.197893620,278.472323706,0.126052305,0.919423492,nan,nan,37,37,34,2,0,2,0.918918919,0,0,0,0
2956.226058245,278.602220153,0.126053557,0.919423492,nan,nan,37,37,34,2,0,2,0.918918919,0,0,0,0
2957.204462290,278.732156958,0.126053557,0.919423492,nan,nan,37,37,34,2,0,2,0.918918919,0,0,0,0
2958.196601868,278.862031318,0.126053557,0.919423492,nan,nan,37,37,34,2,0,2,0.918918919,0,0,0,0
2959.187040806,278.981682677,0.126054810,0.919423492,nan,nan,37,37,34,2,0,2,0.918918919,0,0,0,0
2960.189305305,279.131028426,0.126054810,0.919423492,nan,nan,37,37,34,2,0,2,0.918918919,0,0,0,0
2961.193827868,279.246553114,0.126054810,0.919423492,nan,nan,37,37,34,2,0,2,0.918918919,0,0,0,0
2962.191813231,279.355884289,0.126054810,0.919423492,nan,nan,37,37,34,2,0,2,0.918918919,0,0,0,0
2963.194403887,279.458346975,0.126054810,0.919423492,nan,nan,37,37,34,2,0,2,0.918918919,0,0,0,0
2964.192930937,279.545351054,0.126054810,0.919423492,nan,nan,37,37,34,2,0,2,0.918918919,0,0,0,0
2965.206732988,279.636237743,0.126054810,0.919423492,nan,nan,37,37,34,2,0,2,0.918918919,0,0,0,0
2966.211818218,279.717970875,0.126054810,0.919423492,nan,nan,37,37,34,2,0,2,0.918918919,0,0,0,0
2967.203514099,279.794522814,0.126054810,0.919423492,nan,nan,37,37,34,2,0,2,0.918918919,0,0,0,0
2968.194887400,279.869949314,0.126054810,0.919423492,nan,nan,37,37,34,2,0,2,0.918918919,0,0,0,0
2969.223250389,279.939692921,0.126054810,0.919423492,nan,nan,37,37,34,2,0,2,0.918918919,0,0,0,0
2970.187904119,279.996785362,0.126057316,0.920101191,nan,nan,37,37,34,2,0,2,0.918918919,0,0,0,0
2971.222029686,280.044329367,0.126057316,0.920101191,nan,nan,37,37,34,2,0,2,0.918918919,0,0,0,0
2972.185900688,280.092376754,0.126057316,0.920101191,nan,nan,37,37,34,2,0,2,0.918918919,0,0,0,0
2973.189710140,280.143895927,0.126057316,0.920101191,nan,nan,37,37,34,2,0,2,0.918918919,0,0,0,0
2974.237705708,280.212929162,0.126057316,0.920101191,nan,nan,37,37,34,2,0,2,0.918918919,0,0,0,0
2975.186117411,280.278128543,0.126057316,0.920101191,nan,nan,37,37,34,2,0,2,0.918918919,0,0,0,0
2976.180979490,280.358969409,0.126069843,0.920101191,nan,nan,37,37,34,2,0,2,0.918918919,0,0,0,0
2977.185432434,280.420509989,0.126069843,0.920101191,nan,nan,37,37,34,2,0,2,0.918918919,0,0,0,0
2978.207171679,280.490745782,0.126106173,0.920138325,nan,nan,37,37,34,2,0,2,0.918918919,0,0,0,0
2979.231138706,280.592977864,0.126106173,0.920138325,nan,nan,37,37,34,2,0,2,0.918918919,0,0,0,0
2980.197491884,280.699454700,0.126106173,0.920138325,nan,nan,37,37,34,2,0,2,0.918918919,0,0,0,0
2981.182322741,280.819357686,0.126236458,0.920194026,nan,nan,37,37,34,2,0,2,0.918918919,0,0,0,0
2982.213272333,280.929352587,0.126523336,0.920305429,nan,nan,37,37,34,2,0,2,0.918918919,0,0,0,0
2983.228441000,281.039352459,0.126523336,0.920305429,nan,nan,37,37,34,2,0,2,0.918918919,0,0,0,0
2984.194043398,281.149352387,0.126523336,0.920305429,nan,nan,37,37,34,2,0,2,0.918918919,0,0,0,0
2985.204779387,281.259293677,0.126953027,0.920862441,nan,nan,37,37,34,2,0,2,0.918918919,0,0,0,0
2986.195925951,281.368522944,0.126953027,0.920862441,nan,nan,37,37,34,2,0,2,0.918918919,0,0,0,0
2987.219913244,281.476437671,0.127692146,0.921438021,nan,nan,37,37,34,2,0,2,0.918918919,0,0,0,0
2988.210776329,281.579969718,0.127692146,0.921438021,nan,nan,37,37,34,2,0,2,0.918918919,0,0,0,0
2989.195244789,281.663033895,0.128363616,0.922756284,nan,nan,37,37,34,2,0,2,0.918918919,0,0,0,0
2990.198918104,281.754664923,0.128363616,0.922756284,nan,nan,37,37,34,2,0,2,0.918918919,0,0,0,0
2991.186570406,281.845123003,0.128724406,0.923684638,nan,nan,37,37,34,2,0,2,0.918918919,0,0,0,0
2992.204818010,281.928277303,0.128724406,0.923684638,nan,nan,37,37,34,2,0,2,0.918918919,0,0,0,0
2993.180727482,282.022601582,0.128810846,0.923684638,nan,nan,37,37,34,2,0,2,0.918918919,0,0,0,0
2994.180817366,282.101875821,0.128810846,0.923684638,nan,nan,37,37,34,2,0,2,0.918918919,0,0,0,0
2995.179601192,282.190924117,0.128810846,0.923684638,nan,nan,37,37,34,2,0,2,0.918918919,0,0,0,0
2996.187823772,282.279583838,0.128838406,0.923684638,nan,nan,37,37,34,2,0,2,0.918918919,0,0,0,0
2997.205599785,282.362527109,0.128844670,0.923684638,nan,nan,37,37,34,2,0,2,0.918918919,0,0,0,0
2998.186012983,282.453245879,0.128844670,0.923684638,nan,nan,37,37,35,2,0,2,0.945945946,0,0,0,0
3005.455692530,282.506253693,0.128844670,0.923684638,nan,nan,38,38,35,2,0,2,0.921052632,0,0,0,0
3006.190063953,282.526268135,0.128844670,0.923684638,nan,nan,38,38,35,2,0,2,0.921052632,0,0,0,0
3007.197926998,282.567409184,0.128844670,0.923684638,nan,nan,38,38,35,2,0,2,0.921052632,0,0,0,0
3008.239069700,282.606757947,0.128844670,0.923684638,nan,nan,38,38,35,2,0,2,0.921052632,0,0,0,0
3009.188759089,282.618083544,0.128844670,0.923684638,nan,nan,38,38,35,2,0,2,0.921052632,0,0,0,0
3010.201627731,282.620895136,0.128844670,0.923684638,nan,nan,38,38,35,2,0,2,0.921052632,0,0,0,0
3011.205998182,282.622030061,0.128844670,0.923684638,nan,nan,38,38,35,2,0,2,0.921052632,0,0,0,0
3012.180737257,282.625123810,0.128844670,0.923684638,nan,nan,38,38,35,2,0,2,0.921052632,0,0,0,0
3013.257472754,282.634747687,0.128844670,0.923684638,nan,nan,38,38,35,2,0,2,0.921052632,0,0,0,0
3014.191006660,282.649995565,0.128844670,0.923684638,nan,nan,38,38,35,2,0,2,0.921052632,0,0,0,0
3015.198527098,282.675354487,0.128844670,0.923684638,nan,nan,38,38,35,2,0,2,0.921052632,0,0,0,0
3016.185625553,282.705695445,0.128844670,0.923684638,nan,nan,38,38,35,2,0,2,0.921052632,0,0,0,0
3017.205366850,282.737572921,0.128844670,0.923684638,nan,nan,38,38,35,2,0,2,0.921052632,0,0,0,0
3018.194369555,282.777460530,0.128849681,0.923684638,nan,nan,38,38,35,2,0,2,0.921052632,0,0,0,0
3019.210505486,282.825915508,0.128849681,0.923684638,nan,nan,38,38,35,2,0,2,0.921052632,0,0,0,0
3020.183642626,282.882147056,0.128854692,0.923684638,nan,nan,38,38,35,2,0,2,0.921052632,0,0,0,0
3021.180211782,282.965128002,0.128854692,0.923684638,nan,nan,38,38,35,2,0,2,0.921052632,0,0,0,0
3022.236552954,283.063913857,0.128854692,0.923684638,nan,nan,38,38,35,2,0,2,0.921052632,0,0,0,0
3023.186970472,283.158352170,0.128854692,0.923684638,nan,nan,38,38,35,2,0,2,0.921052632,0,0,0,0
3024.251231432,283.271282512,0.128854692,0.923684638,nan,nan,38,38,35,2,0,2,0.921052632,0,0,0,0
3025.194435120,283.364254460,0.128854692,0.923684638,nan,nan,38,38,35,2,0,2,0.921052632,0,0,0,0
3026.201577425,283.451011678,0.128854692,0.923684638,nan,nan,38,38,35,2,0,2,0.921052632,0,0,0,0
3027.204121590,283.556763112,0.128855945,0.923684638,nan,nan,38,38,35,2,0,2,0.921052632,0,0,0,0
3028.223390102,283.655198093,0.128855945,0.923684638,nan,nan,38,38,35,2,0,2,0.921052632,0,0,0,0
3029.211580515,283.756317661,0.128855945,0.923684638,nan,nan,38,38,35,2,0,2,0.921052632,0,0,0,0
3030.186514139,283.856491170,0.128855945,0.923684638,nan,nan,38,38,35,2,0,2,0.921052632,0,0,0,0
3031.226258039,283.975751938,0.128855945,0.923684638,nan,nan,38,38,35,2,0,2,0.921052632,0,0,0,0
3032.243961811,284.095446629,0.128855945,0.923684638,nan,nan,38,38,35,2,0,2,0.921052632,0,0,0,0
3033.217180729,284.235318638,0.128855945,0.923684638,nan,nan,38,38,35,2,0,2,0.921052632,0,0,0,0
3034.179259062,284.345317919,0.128855945,0.923684638,nan,nan,38,38,35,2,0,2,0.921052632,0,0,0,0
3035.220171690,284.456955247,0.128855945,0.923684638,nan,nan,38,38,35,2,0,2,0.921052632,0,0,0,0
3036.187683821,284.570899110,0.128878494,0.923526818,nan,nan,38,38,35,2,0,2,0.921052632,0,0,0,0
3037.204369783,284.688808915,0.128878494,0.923526818,nan,nan,38,38,35,2,0,2,0.921052632,0,0,0,0
3038.199408531,284.808364432,0.128878494,0.923526818,nan,nan,38,38,35,2,0,2,0.921052632,0,0,0,0
3039.200346231,284.928128518,0.128880999,0.923526818,nan,nan,38,38,35,2,0,2,0.921052632,0,0,0,0
3040.179684401,285.047938099,0.128880999,0.923526818,nan,nan,38,38,35,2,0,2,0.921052632,0,0,0,0
3041.197067738,285.177831235,0.128977461,0.923526818,nan,nan,38,38,35,2,0,2,0.921052632,0,0,0,0
3042.216348886,285.297801506,0.128977461,0.923526818,nan,nan,38,38,35,2,0,2,0.921052632,0,0,0,0
3043.220425367,285.437794891,0.129043856,0.923526818,nan,nan,38,38,35,2,0,2,0.921052632,0,0,0,0
3044.206855059,285.557700691,0.129043856,0.923526818,nan,nan,38,38,35,2,0,2,0.921052632,0,0,0,0
3045.179258347,285.677377235,0.129102735,0.923526818,nan,nan,38,38,35,2,0,2,0.921052632,0,0,0,0
3046.197636843,285.807200032,0.129102735,0.923526818,nan,nan,38,38,35,2,0,2,0.921052632,0,0,0,0
3047.212717056,285.906915369,0.129102735,0.923526818,nan,nan,38,38,35,2,0,2,0.921052632,0,0,0,0
3048.211916208,286.026302866,0.129144076,0.923526818,nan,nan,38,38,35,2,0,2,0.921052632,0,0,0,0
3049.202243567,286.136160783,0.129144076,0.923526818,nan,nan,38,38,35,2,0,2,0.921052632,0,0,0,0
3050.194447041,286.255877060,0.129166625,0.923526818,nan,nan,38,38,35,2,0,2,0.921052632,0,0,0,0
3051.193598270,286.345535891,0.129166625,0.923526818,nan,nan,38,38,35,2,0,2,0.921052632,0,0,0,0
3052.188132763,286.455157133,0.129191680,0.923526818,nan,nan,38,38,35,2,0,2,0.921052632,0,0,0,0
3053.206068993,286.554966137,0.129191680,0.923526818,nan,nan,38,38,35,2,0,2,0.921052632,0,0,0,0
3054.188985348,286.644734338,0.129191680,0.923526818,nan,nan,38,38,35,2,0,2,0.921052632,0,0,0,0
3055.181136847,286.754474640,0.129209218,0.923526818,nan,nan,38,38,35,2,0,2,0.921052632,0,0,0,0
3056.185581207,286.873927306,0.129209218,0.923526818,nan,nan,38,38,35,2,0,2,0.921052632,0,0,0,0
3057.206662655,286.963722417,0.129209218,0.923526818,nan,nan,38,38,35,2,0,2,0.921052632,0,0,0,0
3058.213608503,287.063475826,0.129212976,0.923526818,nan,nan,38,38,35,2,0,2,0.921052632,0,0,0,0
3059.191806793,287.163398609,0.129224251,0.923526818,nan,nan,38,38,35,2,0,2,0.921052632,0,0,0,0
3060.184037924,287.263245944,0.129224251,0.923526818,nan,nan,38,38,35,2,0,2,0.921052632,0,0,0,0
3061.203312635,287.353005123,0.129224251,0.923526818,nan,nan,38,38,35,2,0,2,0.921052632,0,0,0,0
3062.197407961,287.452885343,0.129229262,0.923526818,nan,nan,38,38,35,2,0,2,0.921052632,0,0,0,0
3063.208124638,287.552689433,0.129229262,0.923526818,nan,nan,38,38,35,2,0,2,0.921052632,0,0,0,0
3064.185668945,287.642649138,0.129235526,0.923526818,nan,nan,38,38,35,2,0,2,0.921052632,0,0,0,0
3065.180934906,287.741858605,0.129235526,0.923526818,nan,nan,38,38,35,2,0,2,0.921052632,0,0,0,0
3066.208172798,287.838606444,0.129235526,0.923526818,nan,nan,38,38,35,2,0,2,0.921052632,0,0,0,0
3067.191857576,287.933679923,0.129244295,0.923526818,nan,nan,38,38,35,2,0,2,0.921052632,0,0,0,0
3068.200411797,288.039042143,0.129244295,0.923526818,nan,nan,38,38,35,2,0,2,0.921052632,0,0,0,0
3069.196760893,288.114033827,0.129286888,0.923526818,nan,nan,38,38,35,2,0,2,0.921052632,0,0,0,0
3070.241746426,288.225445280,0.129286888,0.923526818,nan,nan,38,38,35,2,0,2,0.921052632,0,0,0,0
3071.251266718,288.336346813,0.129286888,0.923526818,nan,nan,38,38,35,2,0,2,0.921052632,0,0,0,0
3072.182145834,288.423654891,0.129286888,0.923526818,nan,nan,38,38,35,2,0,2,0.921052632,0,0,0,0
3073.234212875,288.513272670,0.129310690,0.923526818,nan,nan,38,38,35,2,0,2,0.921052632,0,0,0,0
3074.194202423,288.603103803,0.129378339,0.923526818,nan,nan,38,38,35,2,0,2,0.921052632,0,0,0,0
3075.199268579,288.732843919,0.129378339,0.923526818,nan,nan,38,38,35,2,0,2,0.921052632,0,0,0,0
3076.200348616,288.842656484,0.129417174,0.923526818,nan,nan,38,38,35,2,0,2,0.921052632,0,0,0,0
3077.191936255,288.942590776,0.129417174,0.923526818,nan,nan,38,38,35,2,0,2,0.921052632,0,0,0,0
3078.185598135,289.042586667,0.129417174,0.923526818,nan,nan,38,38,35,2,0,2,0.921052632,0,0,0,0
3079.189601898,289.152586654,0.129539942,0.923526818,nan,nan,38,38,35,2,0,2,0.921052632,0,0,0,0
3080.199291229,289.242586640,0.129539942,0.923526818,nan,nan,38,38,35,2,0,2,0.921052632,0,0,0,0
3081.191209078,289.322586625,0.129731612,0.923526818,nan,nan,38,38,35,2,0,2,0.921052632,0,0,0,0
3082.189689398,289.412586602,0.129731612,0.923526818,nan,nan,38,38,35,2,0,2,0.921052632,0,0,0,0
3083.202865601,289.512586573,0.129731612,0.923526818,nan,nan,38,38,35,2,0,2,0.921052632,0,0,0,0
3084.183254004,289.642586520,0.129925787,0.923526818,nan,nan,38,38,35,2,0,2,0.921052632,0,0,0,0
3085.204171181,289.752586448,0.129925787,0.923526818,nan,nan,38,38,35,2,0,2,0.921052632,0,0,0,0
3086.184088469,289.862583869,0.129994688,0.923526818,nan,nan,38,38,35,2,0,2,0.921052632,0,0,0,0
3087.207088709,289.972517757,0.129994688,0.923526818,nan,nan,38,38,35,2,0,2,0.921052632,0,0,0,0
3088.204790354,290.092464714,0.130003458,0.923526818,nan,nan,38,38,35,2,0,2,0.921052632,0,0,0,0
3089.195595503,290.202406220,0.130003458,0.923526818,nan,nan,38,38,35,2,0,2,0.921052632,0,0,0,0
3090.197123289,290.322356527,0.130003458,0.923526818,nan,nan,38,38,35,2,0,2,0.921052632,0,0,0,0
3091.195006609,290.452291615,0.130026007,0.923526818,nan,nan,38,38,35,2,0,2,0.921052632,0,0,0,0
3092.201624870,290.571763290,0.130026007,0.923526818,nan,nan,38,38,35,2,0,2,0.921052632,0,0,0,0
3093.208162069,290.681013082,0.130074864,0.923526818,nan,nan,38,38,35,2,0,2,0.921052632,0,0,0,0
3094.212326288,290.800164176,0.130074864,0.923526818,nan,nan,38,38,35,2,0,2,0.921052632,0,0,0,0
3095.199240685,290.909548483,0.130119963,0.923526818,nan,nan,38,38,35,2,0,2,0.921052632,0,0,0,0
3096.210770369,291.029225221,0.130119963,0.923526818,nan,nan,38,38,35,2,0,2,0.921052632,0,0,0,0
3097.222563744,291.138931142,0.130195127,0.923526818,nan,nan,38,38,35,2,0,2,0.921052632,0,0,0,0
3098.185659170,291.248089120,0.130195127,0.923526818,nan,nan,38,38,35,2,0,2,0.921052632,0,0,0,0
3099.199419975,291.364356954,0.130332929,0.923526818,nan,nan,38,38,35,2,0,2,0.921052632,0,0,0,0
3100.220108986,291.478240237,0.130332929,0.923526818,nan,nan,38,38,35,2,0,2,0.921052632,0,0,0,0
3101.196254969,291.579212991,0.130574709,0.923526818,nan,nan,38,38,35,2,0,2,0.921052632,0,0,0,0
3102.217483044,291.681413718,0.130574709,0.923526818,nan,nan,38,38,35,2,0,2,0.921052632,0,0,0,0
3103.190982819,291.777151765,0.130574709,0.923526818,nan,nan,38,38,35,2,0,2,0.921052632,0,0,0,0
3104.182928324,291.884812595,0.130934246,0.923526818,nan,nan,38,38,35,2,0,2,0.921052632,0,0,0,0
3105.230768919,291.994700321,0.130934246,0.923526818,nan,nan,38,38,35,2,0,2,0.921052632,0,0,0,0
3106.186011314,292.114383117,0.131176025,0.923526818,nan,nan,38,38,35,2,0,2,0.921052632,0,0,0,0
3107.184293747,292.212972910,0.131176025,0.923526818,nan,nan,38,38,35,2,0,2,0.921052632,0,0,0,0
3108.213500738,292.318730583,0.131376464,0.923526818,nan,nan,38,38,35,2,0,2,0.921052632,0,0,0,0
3109.215834141,292.413236313,0.131376464,0.923526818,nan,nan,38,38,35,2,0,2,0.921052632,0,0,0,0
3110.197581768,292.517506094,0.131425321,0.923526818,nan,nan,38,38,35,2,0,2,0.921052632,0,0,0,0
3111.180928946,292.597690322,0.131425321,0.923526818,nan,nan,38,38,35,2,0,2,0.921052632,0,0,0,0
3112.184895515,292.670768773,0.131425321,0.923526818,nan,nan,38,38,35,2,0,2,0.921052632,0,0,0,0
3113.186521053,292.735971911,0.131451629,0.923526818,nan,nan,38,38,35,2,0,2,0.921052632,0,0,0,0
3114.181317091,292.806400423,0.131451629,0.923526818,nan,nan,38,38,35,2,0,2,0.921052632,0,0,0,0
3115.200945616,292.883258593,0.131474178,0.923526818,nan,nan,38,38,35,2,0,2,0.921052632,0,0,0,0
3116.217441320,292.960214663,0.131474178,0.923526818,nan,nan,38,38,35,2,0,2,0.921052632,0,0,0,0
3117.201660633,293.034061979,0.131500486,0.923526818,nan,nan,38,38,35,2,0,2,0.921052632,0,0,0,0
3118.204982281,293.104132934,0.131500486,0.923526818,nan,nan,38,38,35,2,0,2,0.921052632,0,0,0,0
3119.199930668,293.193483704,0.131504244,0.923526818,nan,nan,38,38,35,2,0,2,0.921052632,0,0,0,0
3120.184628487,293.276050135,0.131504244,0.923526818,nan,nan,38,38,35,2,0,2,0.921052632,0,0,0,0
3121.182348490,293.345021249,0.131510508,0.923526818,nan,nan,38,38,35,2,0,2,0.921052632,0,0,0,0
3122.184238434,293.420773939,0.131510508,0.923526818,nan,nan,38,38,35,2,0,2,0.921052632,0,0,0,0
3123.207254171,293.486446584,0.131510508,0.923526818,nan,nan,38,38,35,2,0,2,0.921052632,0,0,0,0
3124.197850704,293.566411585,0.131519277,0.923526818,nan,nan,38,38,35,2,0,2,0.921052632,0,0,0,0
3125.204000473,293.661003524,0.131519277,0.923526818,nan,nan,38,38,35,2,0,2,0.921052632,0,0,0,0
3126.184012890,293.746996623,0.131521783,0.923526818,nan,nan,38,38,35,2,0,2,0.921052632,0,0,0,0
3127.209311247,293.824223774,0.131521783,0.923526818,nan,nan,38,38,35,2,0,2,0.921052632,0,0,0,0
3128.185203552,293.910303592,0.131521783,0.923526818,nan,nan,38,38,35,2,0,2,0.921052632,0,0,0,0
3135.313622236,293.971449642,0.131521783,0.923526818,nan,nan,39,39,36,2,0,2,0.923076923,0,0,0,0
3136.182223320,294.034590774,0.131521783,0.923526818,nan,nan,39,39,36,2,0,2,0.923076923,0,0,0,0
3137.205239773,294.072882328,0.131521783,0.923526818,nan,nan,39,39,36,2,0,2,0.923076923,0,0,0,0
3138.192772150,294.104219722,0.131521783,0.923526818,nan,nan,39,39,36,2,0,2,0.923076923,0,0,0,0
3139.196446180,294.113460856,0.131521783,0.923526818,nan,nan,39,39,36,2,0,2,0.923076923,0,0,0,0
3140.183354616,294.143787922,0.131521783,0.923526818,nan,nan,39,39,36,2,0,2,0.923076923,0,0,0,0
3141.201338768,294.202010955,0.131521783,0.923526818,nan,nan,39,39,36,2,0,2,0.923076923,0,0,0,0
3142.187732697,294.299474099,0.131521783,0.923526818,nan,nan,39,39,36,2,0,2,0.923076923,0,0,0,0
3143.189044237,294.418973412,0.131523035,0.923526818,nan,nan,39,39,36,2,0,2,0.923076923,0,0,0,0
3144.189405680,294.518588704,0.131523035,0.923526818,nan,nan,39,39,36,2,0,2,0.923076923,0,0,0,0
3145.184385777,294.638483031,0.131525541,0.923526818,nan,nan,39,39,36,2,0,2,0.923076923,0,0,0,0
3146.186537266,294.738263326,0.131525541,0.923526818,nan,nan,39,39,36,2,0,2,0.923076923,0,0,0,0
3147.194544315,294.848161669,0.131525541,0.923526818,nan,nan,39,39,36,2,0,2,0.923076923,0,0,0,0
3148.205052376,294.958046296,0.131525541,0.923526818,nan,nan,39,39,36,2,0,2,0.923076923,0,0,0,0
3149.191645861,295.057897545,0.131525541,0.923526818,nan,nan,39,39,36,2,0,2,0.923076923,0,0,0,0
3150.199131489,295.167618498,0.131528046,0.923526818,nan,nan,39,39,36,2,0,2,0.923076923,0,0,0,0
3151.190464497,295.287328049,0.131528046,0.923526818,nan,nan,39,39,36,2,0,2,0.923076923,0,0,0,0
3152.190144062,295.386984227,0.131528046,0.923526818,nan,nan,39,39,36,2,0,2,0.923076923,0,0,0,0
3153.202489376,295.496510091,0.131528046,0.923526818,nan,nan,39,39,36,2,0,2,0.923076923,0,0,0,0
3154.198081255,295.606401843,0.131529299,0.923526818,nan,nan,39,39,36,2,0,2,0.923076923,0,0,0,0
3155.196779490,295.716174249,0.131529299,0.923526818,nan,nan,39,39,36,2,0,2,0.923076923,0,0,0,0
3156.187061071,295.816064220,0.131529299,0.923526818,nan,nan,39,39,36,2,0,2,0.923076923,0,0,0,0
3157.231563330,295.905856086,0.131530552,0.923526818,nan,nan,39,39,36,2,0,2,0.923076923,0,0,0,0
3158.182401180,295.995744304,0.131530552,0.923526818,nan,nan,39,39,36,2,0,2,0.923076923,0,0,0,0
3159.212680101,296.105643169,0.131530552,0.923526818,nan,nan,39,39,36,2,0,2,0.923076923,0,0,0,0
3160.199187040,296.225169479,0.131530552,0.923526818,nan,nan,39,39,36,2,0,2,0.923076923,0,0,0,0
3161.191561460,296.354245649,0.131533057,0.923526818,nan,nan,39,39,36,2,0,2,0.923076923,0,0,0,0
3162.199574232,296.473446456,0.131533057,0.923526818,nan,nan,39,39,36,2,0,2,0.923076923,0,0,0,0
3163.185156822,296.611107683,0.131533057,0.923526818,nan,nan,39,39,36,2,0,2,0.923076923,0,0,0,0
3164.201922655,296.720575277,0.131533057,0.923526818,nan,nan,39,39,36,2,0,2,0.923076923,0,0,0,0
3165.191195726,296.823259823,0.131533057,0.923526818,nan,nan,39,39,36,2,0,2,0.923076923,0,0,0,0
3166.181602478,296.919713443,0.131533057,0.923526818,nan,nan,39,39,36,2,0,2,0.923076923,0,0,0,0
3167.200247765,297.011216716,0.131533057,0.923526818,nan,nan,39,39,36,2,0,2,0.923076923,0,0,0,0
3168.218245268,297.100913270,0.131533057,0.923526818,nan,nan,39,39,36,2,0,2,0.923076923,0,0,0,0
3169.182981968,297.191585937,0.131533057,0.923526818,nan,nan,39,39,36,2,0,2,0.923076923,0,0,0,0
3170.212038994,297.299339220,0.131533057,0.923526818,nan,nan,39,39,36,2,0,2,0.923076923,0,0,0,0
3171.218324900,297.398733584,0.131533057,0.923526818,nan,nan,39,39,36,2,0,2,0.923076923,0,0,0,0
3172.195278406,297.518285811,0.131485453,0.923424699,nan,nan,39,39,36,2,0,2,0.923076923,0,0,0,0
3173.215966940,297.648063029,0.131485453,0.923424699,nan,nan,39,39,36,2,0,2,0.923076923,0,0,0,0
3174.186953306,297.758035387,0.131485453,0.923424699,nan,nan,39,39,36,2,0,2,0.923076923,0,0,0,0
3175.213172436,297.868033120,0.131485453,0.923424699,nan,nan,39,39,36,2,0,2,0.923076923,0,0,0,0
3176.191223383,297.968033102,0.131485453,0.923424699,nan,nan,39,39,36,2,0,2,0.923076923,0,0,0,0
3177.186031342,298.058033080,0.131485453,0.923424699,nan,nan,39,39,36,2,0,2,0.923076923,0,0,0,0
3178.189642429,298.148033052,0.131485453,0.923424699,nan,nan,39,39,36,2,0,2,0.923076923,0,0,0,0
3179.189831972,298.228033013,0.131486706,0.923424699,nan,nan,39,39,36,2,0,2,0.923076923,0,0,0,0
3180.189288616,298.328032944,0.131486706,0.923424699,nan,nan,39,39,36,2,0,2,0.923076923,0,0,0,0
3181.184028149,298.408032872,0.131486706,0.923424699,nan,nan,39,39,36,2,0,2,0.923076923,0,0,0,0
3182.183599472,298.498032273,0.131502992,0.923693922,nan,nan,39,39,36,2,0,2,0.923076923,0,0,0,0
3183.220447063,298.598029359,0.131502992,0.923693922,nan,nan,39,39,36,2,0,2,0.923076923,0,0,0,0
3184.183733702,298.698025180,0.131502992,0.923693922,nan,nan,39,39,36,2,0,2,0.923076923,0,0,0,0
3185.191036463,298.798018343,0.131502992,0.923693922,nan,nan,39,39,36,2,0,2,0.923076923,0,0,0,0
3186.185612440,298.897942409,0.131502992,0.923693922,nan,nan,39,39,36,2,0,2,0.923076923,0,0,0,0
3187.200927734,298.997926954,0.131502992,0.923693922,nan,nan,39,39,36,2,0,2,0.923076923,0,0,0,0
3188.241932869,299.097921681,0.131502992,0.923693922,nan,nan,39,39,36,2,0,2,0.923076923,0,0,0,0
3189.178503752,299.197921559,0.131502992,0.923693922,nan,nan,39,39,36,2,0,2,0.923076923,0,0,0,0
3190.219493389,299.307921495,0.131502992,0.923693922,nan,nan,39,39,36,2,0,2,0.923076923,0,0,0,0
3191.216135263,299.407908759,0.131502992,0.923693922,nan,nan,39,39,36,2,0,2,0.923076923,0,0,0,0
3192.220882654,299.507908723,0.131505497,0.923675355,nan,nan,39,39,36,2,0,2,0.923076923,0,0,0,0
3193.186996222,299.607884974,0.131505497,0.923675355,nan,nan,39,39,36,2,0,2,0.923076923,0,0,0,0
3194.218861818,299.717854374,0.131505497,0.923675355,nan,nan,39,39,36,2,0,2,0.923076923,0,0,0,0
3195.204309225,299.817853973,0.131508003,0.923796041,nan,nan,39,39,36,2,0,2,0.923076923,0,0,0,0
3196.190397978,299.917853960,0.131508003,0.923796041,nan,nan,39,39,36,2,0,2,0.923076923,0,0,0,0
3197.208210707,300.017822961,0.131489211,0.923647504,nan,nan,39,39,36,2,0,2,0.923076923,0,0,0,0
3198.205135584,300.137819707,0.131489211,0.923647504,nan,nan,39,39,36,2,0,2,0.923076923,0,0,0,0
3199.189635277,300.277812921,0.131482948,0.923610370,nan,nan,39,39,36,2,0,2,0.923076923,0,0,0,0
3200.184106350,300.387812907,0.131482948,0.923610370,nan,nan,39,39,36,2,0,2,0.923076923,0,0,0,0
3201.220490217,300.487812563,0.131482948,0.923610370,nan,nan,39,39,36,2,0,2,0.923076923,0,0,0,0
3202.234607458,300.597789272,0.131482948,0.923610370,nan,nan,39,39,36,2,0,2,0.923076923,0,0,0,0
3203.212949038,300.717786698,0.131482948,0.923610370,nan,nan,39,39,36,2,0,2,0.923076923,0,0,0,0
3204.217469931,300.837786523,0.131474178,0.923619653,nan,nan,39,39,36,2,0,2,0.923076923,0,0,0,0
3205.239789248,300.957777290,0.131474178,0.923619653,nan,nan,39,39,36,2,0,2,0.923076923,0,0,0,0
3206.249844074,301.067776741,0.131474178,0.923610370,nan,nan,39,39,36,2,0,2,0.923076923,0,0,0,0
3207.186863661,301.197725537,0.131474178,0.923610370,nan,nan,39,39,36,2,0,2,0.923076923,0,0,0,0
3208.188412905,301.337725453,0.131474178,0.923610370,nan,nan,39,39,36,2,0,2,0.923076923,0,0,0,0
3209.253941536,301.437718739,0.131474178,0.923610370,nan,nan,39,39,36,2,0,2,0.923076923,0,0,0,0
3210.183418989,301.557710568,0.131485453,0.923452549,nan,nan,39,39,36,2,0,2,0.923076923,0,0,0,0
3211.254117489,301.697710367,0.131485453,0.923452549,nan,nan,39,39,36,2,0,2,0.923076923,0,0,0,0
3212.208234072,301.807702353,0.131485453,0.923452549,nan,nan,39,39,36,2,0,2,0.923076923,0,0,0,0
3213.229227066,301.917700968,0.131485453,0.923452549,nan,nan,39,39,36,2,0,2,0.923076923,0,0,0,0
3214.227875948,302.077645685,0.131485453,0.923452549,nan,nan,39,39,36,2,0,2,0.923076923,0,0,0,0
3215.204290867,302.187645331,0.131491717,0.923378281,nan,nan,39,39,36,2,0,2,0.923076923,0,0,0,0
3216.216924429,302.297645260,0.131491717,0.923378281,nan,nan,39,39,36,2,0,2,0.923076923,0,0,0,0
3217.183448792,302.407574543,0.131114641,0.922709866,nan,nan,39,39,36,2,0,2,0.923076923,0,0,0,0
3218.207706213,302.517574430,0.131114641,0.922709866,nan,nan,39,39,36,2,0,2,0.923076923,0,0,0,0
3219.186918259,302.627570872,0.131114641,0.922709866,nan,nan,39,39,36,2,0,2,0.923076923,0,0,0,0
3220.186849594,302.747564117,0.131114641,0.922709866,nan,nan,39,39,36,2,0,2,0.923076923,0,0,0,0
3221.189848423,302.877411835,0.131114641,0.922709866,nan,nan,39,39,36,2,0,2,0.923076923,0,0,0,0
3222.251002789,302.987386896,0.131115894,0.922709866,nan,nan,39,39,36,2,0,2,0.923076923,0,0,0,0
3223.203707695,303.107386844,0.131115894,0.922709866,nan,nan,39,39,36,2,0,2,0.923076923,0,0,0,0
3224.210835695,303.227386829,0.131118399,0.922709866,nan,nan,39,39,36,2,0,2,0.923076923,0,0,0,0
3225.216501474,303.347367892,0.131118399,0.922709866,nan,nan,39,39,36,2,0,2,0.923076923,0,0,0,0
3226.200174093,303.467364638,0.131118399,0.922709866,nan,nan,39,39,36,2,0,2,0.923076923,0,0,0,0
3227.222643375,303.587364617,0.131123410,0.922709866,nan,nan,39,39,36,2,0,2,0.923076923,0,0,0,0
3228.200562477,303.687363415,0.131123410,0.922709866,nan,nan,39,39,36,2,0,2,0.923076923,0,0,0,0
3229.185926437,303.797322133,0.131123410,0.922709866,nan,nan,39,39,36,2,0,2,0.923076923,0,0,0,0
3230.206622124,303.907279371,0.131123410,0.922709866,nan,nan,39,39,36,2,0,2,0.923076923,0,0,0,0
3231.182733536,304.017279237,0.131123410,0.922709866,nan,nan,39,39,36,2,0,2,0.923076923,0,0,0,0
3232.212750673,304.157250626,0.131123410,0.922709866,nan,nan,39,39,36,2,0,2,0.923076923,0,0,0,0
3233.197255611,304.277231667,0.131123410,0.922709866,nan,nan,39,39,36,2,0,2,0.923076923,0,0,0,0
3234.199892282,304.417222472,0.131123410,0.922709866,nan,nan,39,39,36,2,0,2,0.923076923,0,0,0,0
3235.178118944,304.537135064,0.131123410,0.922709866,nan,nan,39,39,36,2,0,2,0.923076923,0,0,0,0
3236.200429916,304.647133915,0.131123410,0.922709866,nan,nan,39,39,36,2,0,2,0.923076923,0,0,0,0
3237.213528633,304.777126899,0.131123410,0.922709866,nan,nan,39,39,36,2,0,2,0.923076923,0,0,0,0
3238.182861090,304.907120050,0.131123410,0.922709866,nan,nan,39,39,36,2,0,2,0.923076923,0,0,0,0
3239.183629274,305.017120038,0.131123410,0.922709866,nan,nan,39,39,36,2,0,2,0.923076923,0,0,0,0
3240.196506739,305.127112744,0.131123410,0.922709866,nan,nan,39,39,36,2,0,2,0.923076923,0,0,0,0
3241.191210985,305.247109861,0.131124663,0.922709866,nan,nan,39,39,36,2,0,2,0.923076923,0,0,0,0
3242.205603600,305.357109792,0.131124663,0.922709866,nan,nan,39,39,36,2,0,2,0.923076923,0,0,0,0
3243.182045460,305.487098971,0.131125916,0.922709866,nan,nan,39,39,36,2,0,2,0.923076923,0,0,0,0
3244.208650589,305.597074158,0.131125916,0.922709866,nan,nan,39,39,36,2,0,2,0.923076923,0,0,0,0
3245.196593761,305.717074118,0.131125916,0.922709866,nan,nan,39,39,36,2,0,2,0.923076923,0,0,0,0
3246.182925224,305.837054660,0.131125916,0.922709866,nan,nan,39,39,36,2,0,2,0.923076923,0,0,0,0
3247.203732729,305.947054619,0.131127168,0.922709866,nan,nan,39,39,36,2,0,2,0.923076923,0,0,0,0
3248.199497223,306.067049422,0.131127168,0.922709866,nan,nan,39,39,36,2,0,2,0.923076923,0,0,0,0
3249.195060253,306.187048400,0.131127168,0.922709866,nan,nan,39,39,36,2,0,2,0.923076923,0,0,0,0
3250.243877411,306.306999412,0.131127168,0.922709866,nan,nan,39,39,36,2,0,2,0.923076923,0,0,0,0
3251.197557211,306.426920128,0.131127168,0.922709866,nan,nan,39,39,36,2,0,2,0.923076923,0,0,0,0
3252.206256151,306.546919663,0.131127168,0.922709866,nan,nan,39,39,36,2,0,2,0.923076923,0,0,0,0
3253.231725216,306.666891843,0.131127168,0.922709866,nan,nan,39,39,36,2,0,2,0.923076923,0,0,0,0
3254.196979046,306.766877752,0.131127168,0.922709866,nan,nan,39,39,36,2,0,2,0.923076923,0,0,0,0
3255.189073086,306.896867251,0.131127168,0.922709866,nan,nan,39,39,36,2,0,2,0.923076923,0,0,0,0
3256.182932138,307.006825437,0.131127168,0.922709866,nan,nan,39,39,36,2,0,2,0.923076923,0,0,0,0
3257.182969570,307.126818945,0.131127168,0.922709866,nan,nan,39,39,36,2,0,2,0.923076923,0,0,0,0
3258.211631298,307.246818931,0.131281256,0.922709866,nan,nan,39,39,36,2,0,2,0.923076923,0,0,0,0
3259.187425852,307.366818916,0.131281256,0.922709866,nan,nan,39,39,36,2,0,2,0.923076923,0,0,0,0
3260.275734186,307.486814363,0.131281256,0.922709866,nan,nan,39,39,36,2,0,2,0.923076923,0,0,0,0
3261.189289808,307.606814349,0.131281256,0.922709866,nan,nan,39,39,36,2,0,2,0.923076923,0,0,0,0
3262.195837498,307.726797115,0.131281256,0.922709866,nan,nan,39,39,36,2,0,2,0.923076923,0,0,0,0
3263.277753830,307.846714878,0.131281256,0.922709866,nan,nan,39,39,36,2,0,2,0.923076923,0,0,0,0
3264.179157734,307.956662205,0.131281256,0.922709866,nan,nan,39,39,36,2,0,2,0.923076923,0,0,0,0
3265.193423986,308.066660305,0.131281256,0.922709866,nan,nan,39,39,36,2,0,2,0.923076923,0,0,0,0
3266.196897507,308.176564767,0.131281256,0.922709866,nan,nan,39,39,36,2,0,2,0.923076923,0,0,0,0
3267.206080675,308.296467017,0.131281256,0.922709866,nan,nan,39,39,36,2,0,2,0.923076923,0,0,0,0
3268.202439547,308.436440239,0.131281256,0.922709866,nan,nan,39,39,36,2,0,2,0.923076923,0,0,0,0
3269.212681532,308.546440183,0.131281256,0.922709866,nan,nan,39,39,36,2,0,2,0.923076923,0,0,0,0
3270.189562559,308.656428911,0.131281256,0.922709866,nan,nan,39,39,36,2,0,2,0.923076923,0,0,0,0
3271.181313753,308.776420686,0.131281256,0.922709866,nan,nan,39,39,36,2,0,2,0.923076923,0,0,0,0
3272.184885263,308.896413765,0.131281256,0.922709866,nan,nan,39,39,36,2,0,2,0.923076923,0,0,0,0
3273.213286400,309.006413701,0.131281256,0.922709866,nan,nan,39,39,36,2,0,2,0.923076923,0,0,0,0
3274.205438137,309.136408895,0.131281256,0.922709866,nan,nan,39,39,36,2,0,2,0.923076923,0,0,0,0
3275.192907572,309.246408883,0.131281256,0.922709866,nan,nan,39,39,36,2,0,2,0.923076923,0,0,0,0
3276.206815004,309.376404628,0.131281256,0.922709866,nan,nan,39,39,36,2,0,2,0.923076923,0,0,0,0
3277.239820004,309.496314890,0.131281256,0.922709866,nan,nan,39,39,36,2,0,2,0.923076923,0,0,0,0
3278.221283674,309.606314437,0.131281256,0.922709866,nan,nan,39,39,36,2,0,2,0.923076923,0,0,0,0
3279.180596590,309.706314425,0.131281256,0.922709866,nan,nan,39,39,36,2,0,2,0.923076923,0,0,0,0
3280.187638283,309.846289821,0.131281256,0.922709866,nan,nan,39,39,36,2,0,2,0.923076923,0,0,0,0
3281.222486019,309.946256796,0.131281256,0.922709866,nan,nan,39,39,36,2,0,2,0.923076923,0,0,0,0
3282.195024729,310.066256758,0.131281256,0.922709866,nan,nan,39,39,36,2,0,2,0.923076923,0,0,0,0
3283.205553532,310.176256744,0.131281256,0.922709866,nan,nan,39,39,36,2,0,2,0.923076923,0,0,0,0
3284.262679815,310.306256728,0.131281256,0.922709866,nan,nan,39,39,36,2,0,2,0.923076923,0,0,0,0
3285.240830660,310.426234735,0.131281256,0.922709866,nan,nan,39,39,36,2,0,2,0.923076923,0,0,0,0
3286.212921619,310.536231602,0.131281256,0.922709866,nan,nan,39,39,36,2,0,2,0.923076923,0,0,0,0
3287.233588696,310.646226319,0.131281256,0.922709866,nan,nan,39,39,36,2,0,2,0.923076923,0,0,0,0
3288.186573744,310.766222667,0.131281256,0.922709866,nan,nan,39,39,36,2,0,2,0.923076923,0,0,0,0
3289.194118977,310.886222604,0.131281256,0.922709866,nan,nan,39,39,36,2,0,2,0.923076923,0,0,0,0
3290.199331522,311.006222492,0.131281256,0.922709866,nan,nan,39,39,36,2,0,2,0.923076923,0,0,0,0
3291.222898245,311.106222466,0.131281256,0.922709866,nan,nan,39,39,36,2,0,2,0.923076923,0,0,0,0
3292.195518970,311.216199183,0.131281256,0.922709866,nan,nan,39,39,36,2,0,2,0.923076923,0,0,0,0
3293.218463182,311.336182145,0.131281256,0.922709866,nan,nan,39,39,36,2,0,2,0.923076923,0,0,0,0
3294.218760490,311.456182125,0.131281256,0.922709866,nan,nan,39,39,36,2,0,2,0.923076923,0,0,0,0
3295.219429493,311.566162407,0.131315080,0.922802702,nan,nan,39,39,36,2,0,2,0.923076923,0,0,0,0
3296.195294380,311.686154200,0.131315080,0.922802702,nan,nan,39,39,36,2,0,2,0.923076923,0,0,0,0
3297.206724167,311.796129698,0.131315080,0.922802702,nan,nan,39,39,36,2,0,2,0.923076923,0,0,0,0
3298.197182178,311.916124566,0.131315080,0.922802702,nan,nan,39,39,36,2,0,2,0.923076923,0,0,0,0
3299.199616432,312.046108057,0.131315080,0.922802702,nan,nan,39,39,36,2,0,2,0.923076923,0,0,0,0
3300.222100258,312.166096869,0.131315080,0.922802702,nan,nan,39,39,36,2,0,2,0.923076923,0,0,0,0
3301.192924261,312.276095404,0.131315080,0.922802702,nan,nan,39,39,36,2,0,2,0.923076923,0,0,0,0
3302.184452772,312.386051700,0.131315080,0.922802702,nan,nan,39,39,36,2,0,2,0.923076923,0,0,0,0
3303.197721004,312.516051686,0.131315080,0.922802702,nan,nan,39,39,36,2,0,2,0.923076923,0,0,0,0
3304.175838232,312.626051470,0.131315080,0.922802702,nan,nan,39,39,36,2,0,2,0.923076923,0,0,0,0
3305.224624157,312.736040026,0.131315080,0.922802702,nan,nan,39,39,36,2,0,2,0.923076923,0,0,0,0
3306.194091320,312.856037462,0.131315080,0.922802702,nan,nan,39,39,36,2,0,2,0.923076923,0,0,0,0
3307.179067612,312.976037447,0.131315080,0.922802702,nan,nan,39,39,36,2,0,2,0.923076923,0,0,0,0
3308.204311609,313.096023177,0.131315080,0.922802702,nan,nan,39,39,36,2,0,2,0.923076923,0,0,0,0
3309.209830523,313.206016981,0.131315080,0.922802702,nan,nan,39,39,36,2,0,2,0.923076923,0,0,0,0
3310.192839622,313.336006702,0.131315080,0.922802702,nan,nan,39,39,36,2,0,2,0.923076923,0,0,0,0
3311.204010725,313.446005041,0.131315080,0.922802702,nan,nan,39,39,36,2,0,2,0.923076923,0,0,0,0
3312.231801748,313.556000598,0.131315080,0.922802702,nan,nan,39,39,36,2,0,2,0.923076923,0,0,0,0
3313.185809135,313.685998487,0.131315080,0.922802702,nan,nan,39,39,36,2,0,2,0.923076923,0,0,0,0
3314.212580442,313.795994667,0.131315080,0.922802702,nan,nan,39,39,36,2,0,2,0.923076923,0,0,0,0
3315.180341721,313.895989460,0.131315080,0.922802702,nan,nan,39,39,36,2,0,2,0.923076923,0,0,0,0
3316.183801651,314.015954893,0.131315080,0.922802702,nan,nan,39,39,36,2,0,2,0.923076923,0,0,0,0
3317.183594704,314.125954605,0.131315080,0.922802702,nan,nan,39,39,36,2,0,2,0.923076923,0,0,0,0
3318.182728529,314.235953475,0.131315080,0.922802702,nan,nan,39,39,36,2,0,2,0.923076923,0,0,0,0
3319.218065262,314.345867885,0.131315080,0.922802702,nan,nan,39,39,36,2,0,2,0.923076923,0,0,0,0
3320.181112766,314.455750363,0.131316333,0.922802702,nan,nan,39,39,36,2,0,2,0.923076923,0,0,0,0
3321.211887598,314.585729563,0.131316333,0.922802702,nan,nan,39,39,36,2,0,2,0.923076923,0,0,0,0
3322.226003885,314.695616008,0.131316333,0.922802702,nan,nan,39,39,36,2,0,2,0.923076923,0,0,0,0
3323.218315363,314.825585648,0.131316333,0.922802702,nan,nan,39,39,36,2,0,2,0.923076923,0,0,0,0
3324.188488007,314.945423528,0.131316333,0.922802702,nan,nan,39,39,36,2,0,2,0.923076923,0,0,0,0
3325.200459003,315.055371765,0.131316333,0.922802702,nan,nan,39,39,36,2,0,2,0.923076923,0,0,0,0
3326.227301359,315.175198136,0.131316333,0.922802702,nan,nan,39,39,36,2,0,2,0.923076923,0,0,0,0
3327.189847469,315.285069127,0.131316333,0.922802702,nan,nan,39,39,36,2,0,2,0.923076923,0,0,0,0
3328.186734915,315.414815977,0.131316333,0.922802702,nan,nan,39,39,36,2,0,2,0.923076923,0,0,0,0
3329.179416656,315.534338837,0.131316333,0.922802702,nan,nan,39,39,36,2,0,2,0.923076923,0,0,0,0
3330.232661247,315.644024600,0.131316333,0.922802702,nan,nan,39,39,36,2,0,2,0.923076923,0,0,0,0
3331.211570024,315.763813750,0.131316333,0.922802702,nan,nan,39,39,36,2,0,2,0.923076923,0,0,0,0
3332.200886965,315.883387218,0.131316333,0.922802702,nan,nan,39,39,36,2,0,2,0.923076923,0,0,0,0
3333.233084917,316.003165243,0.131316333,0.922802702,nan,nan,39,39,36,2,0,2,0.923076923,0,0,0,0
3334.229287148,316.103099768,0.131317586,0.922802702,nan,nan,39,39,36,2,0,2,0.923076923,0,0,0,0
3335.212599993,316.223035943,0.131318838,0.922802702,nan,nan,39,39,36,2,0,2,0.923076923,0,0,0,0
3336.199745178,316.332956049,0.131318838,0.922802702,nan,nan,39,39,36,2,0,2,0.923076923,0,0,0,0
3337.212100029,316.462899532,0.131318838,0.922802702,nan,nan,39,39,36,2,0,2,0.923076923,0,0,0,0
3338.181262493,316.572862005,0.131318838,0.922802702,nan,nan,39,39,36,2,0,2,0.923076923,0,0,0,0
3339.179255962,316.682777636,0.131318838,0.922802702,nan,nan,39,39,36,2,0,2,0.923076923,0,0,0,0
3340.203665495,316.792730437,0.131318838,0.922802702,nan,nan,39,39,36,2,0,2,0.923076923,0,0,0,0
3341.209877968,316.912722150,0.131318838,0.922802702,nan,nan,39,39,36,2,0,2,0.923076923,0,0,0,0
3342.208773613,317.032695503,0.131318838,0.922802702,nan,nan,39,39,36,2,0,2,0.923076923,0,0,0,0
3343.220882654,317.152397547,0.131321344,0.922802702,nan,nan,39,39,36,2,0,2,0.923076923,0,0,0,0
3344.197662354,317.272309959,0.131322596,0.922802702,nan,nan,39,39,36,2,0,2,0.923076923,0,0,0,0
3345.262045383,317.402078638,0.131322596,0.922802702,nan,nan,39,39,36,2,0,2,0.923076923,0,0,0,0
3346.217080116,317.522005407,0.131322596,0.922802702,nan,nan,39,39,36,2,0,2,0.923076923,0,0,0,0
3347.221672058,317.641850728,0.131367695,0.923025507,nan,nan,39,39,36,2,0,2,0.923076923,0,0,0,0
3348.186603546,317.761760921,0.131367695,0.923025507,nan,nan,39,39,36,2,0,2,0.923076923,0,0,0,0
3349.203930855,317.871262207,0.131367695,0.923025507,nan,nan,39,39,36,2,0,2,0.923076923,0,0,0,0
3350.192592621,318.001096265,0.131367695,0.923025507,nan,nan,39,39,36,2,0,2,0.923076923,0,0,0,0
3351.215721130,318.110838566,0.131367695,0.923025507,nan,nan,39,39,36,2,0,2,0.923076923,0,0,0,0
3352.192919731,318.220700050,0.131367695,0.923025507,nan,nan,39,39,36,2,0,2,0.923076923,0,0,0,0
3353.247170448,318.340650952,0.131367695,0.923025507,nan,nan,39,39,36,2,0,2,0.923076923,0,0,0,0
3354.186468840,318.450649971,0.131367695,0.923025507,nan,nan,39,39,36,2,0,2,0.923076923,0,0,0,0
3355.208022594,318.570588846,0.131367695,0.923025507,nan,nan,39,39,36,2,0,2,0.923076923,0,0,0,0
3356.188470364,318.680476328,0.131367695,0.923025507,nan,nan,39,39,36,2,0,2,0.923076923,0,0,0,0
3357.244565725,318.800473643,0.131367695,0.923025507,nan,nan,39,39,36,2,0,2,0.923076923,0,0,0,0
3358.239648342,318.920364060,0.131367695,0.923025507,nan,nan,39,39,36,2,0,2,0.923076923,0,0,0,0
3359.242068291,319.030347099,0.131367695,0.923025507,nan,nan,39,39,36,2,0,2,0.923076923,0,0,0,0
3360.202700615,319.140171477,0.131367695,0.923025507,nan,nan,39,39,36,2,0,2,0.923076923,0,0,0,0
3361.250458956,319.260123748,0.131367695,0.923025507,nan,nan,39,39,36,2,0,2,0.923076923,0,0,0,0
3362.235026121,319.399978669,0.131367695,0.923025507,nan,nan,39,39,36,2,0,2,0.923076923,0,0,0,0
3363.182649851,319.509881184,0.131367695,0.923025507,nan,nan,39,39,36,2,0,2,0.923076923,0,0,0,0
3364.180062771,319.629800681,0.131367695,0.923025507,nan,nan,39,39,36,2,0,2,0.923076923,0,0,0,0
3365.209405184,319.729776805,0.131367695,0.923025507,nan,nan,39,39,36,2,0,2,0.923076923,0,0,0,0
3366.217885256,319.849482778,0.131367695,0.923025507,nan,nan,39,39,36,2,0,2,0.923076923,0,0,0,0
3367.198137283,319.979394139,0.131367695,0.923025507,nan,nan,39,39,36,2,0,2,0.923076923,0,0,0,0
3368.261825323,320.089333611,0.131367695,0.923025507,nan,nan,39,39,36,2,0,2,0.923076923,0,0,0,0
3369.249069691,320.189229323,0.131367695,0.923025507,nan,nan,39,39,36,2,0,2,0.923076923,0,0,0,0
3370.195121765,320.288970273,0.131368948,0.923025507,nan,nan,39,39,36,2,0,2,0.923076923,0,0,0,0
3371.203969479,320.408893117,0.131368948,0.923025507,nan,nan,39,39,36,2,0,2,0.923076923,0,0,0,0
3372.199990988,320.538857000,0.131368948,0.923025507,nan,nan,39,39,36,2,0,2,0.923076923,0,0,0,0
3373.195181608,320.658668558,0.131368948,0.923025507,nan,nan,39,39,36,2,0,2,0.923076923,0,0,0,0
3374.180623293,320.768332033,0.131368948,0.923025507,nan,nan,39,39,36,2,0,2,0.923076923,0,0,0,0
3375.274162531,320.888234346,0.131368948,0.923025507,nan,nan,39,39,36,2,0,2,0.923076923,0,0,0,0
3376.186198473,320.998212319,0.131368948,0.923025507,nan,nan,39,39,36,2,0,2,0.923076923,0,0,0,0
3377.210471869,321.118131658,0.131368948,0.923025507,nan,nan,39,39,36,2,0,2,0.923076923,0,0,0,0
3378.181985378,321.258085744,0.131368948,0.923025507,nan,nan,39,39,36,2,0,2,0.923076923,0,0,0,0
3379.206821203,321.377974571,0.131368948,0.923025507,nan,nan,39,39,36,2,0,2,0.923076923,0,0,0,0
3380.213129520,321.497925851,0.131368948,0.923025507,nan,nan,39,39,36,2,0,2,0.923076923,0,0,0,0
3381.260517120,321.617857767,0.131368948,0.923025507,nan,nan,39,39,36,2,0,2,0.923076923,0,0,0,0
3382.214430809,321.747541349,0.131368948,0.923025507,nan,nan,39,39,36,2,0,2,0.923076923,0,0,0,0
3383.203869820,321.867455364,0.131373959,0.923025507,nan,nan,39,39,36,2,0,2,0.923076923,0,0,0,0
3384.203828573,321.977351951,0.131373959,0.923025507,nan,nan,39,39,36,2,0,2,0.923076923,0,0,0,0
3385.196268559,322.087269181,0.131377717,0.923025507,nan,nan,39,39,36,2,0,2,0.923076923,0,0,0,0
3386.205117464,322.197181315,0.131377717,0.923025507,nan,nan,39,39,36,2,0,2,0.923076923,0,0,0,0
3387.220175028,322.307174091,0.131377717,0.923025507,nan,nan,39,39,36,2,0,2,0.923076923,0,0,0,0
3388.185109615,322.417010368,0.131377717,0.923025507,nan,nan,39,39,36,2,0,2,0.923076923,0,0,0,0
3389.202695131,322.546801226,0.131377717,0.923025507,nan,nan,39,39,36,2,0,2,0.923076923,0,0,0,0
3390.201030493,322.656798330,0.131378970,0.923025507,nan,nan,39,39,36,2,0,2,0.923076923,0,0,0,0
3391.196687460,322.776389487,0.131380223,0.923025507,nan,nan,39,39,36,2,0,2,0.923076923,0,0,0,0
3392.226848364,322.886334915,0.131380223,0.923025507,nan,nan,39,39,36,2,0,2,0.923076923,0,0,0,0
3393.225763083,322.996296145,0.131381475,0.923025507,nan,nan,39,39,36,2,0,2,0.923076923,0,0,0,0
3394.182394266,323.126295445,0.131381475,0.923025507,nan,nan,39,39,36,2,0,2,0.923076923,0,0,0,0
3395.204396963,323.226247882,0.131381475,0.923025507,nan,nan,39,39,36,2,0,2,0.923076923,0,0,0,0
3396.202018976,323.336239694,0.131381475,0.923025507,nan,nan,39,39,36,2,0,2,0.923076923,0,0,0,0
3397.199410439,323.446194401,0.131382728,0.923025507,nan,nan,39,39,36,2,0,2,0.923076923,0,0,0,0
3398.201172590,323.575774909,0.131382728,0.923025507,nan,nan,39,39,36,2,0,2,0.923076923,0,0,0,0
3399.221541405,323.685322753,0.131386486,0.923025507,nan,nan,39,39,36,2,0,2,0.923076923,0,0,0,0
3400.209808826,323.814933824,0.131386486,0.923025507,nan,nan,39,39,36,2,0,2,0.923076923,0,0,0,0
3401.200178385,323.924605772,0.131386486,0.923025507,nan,nan,39,39,36,2,0,2,0.923076923,0,0,0,0
3402.202407360,324.044188732,0.131388992,0.923025507,nan,nan,39,39,36,2,0,2,0.923076923,0,0,0,0
3403.205387831,324.164036890,0.131388992,0.923025507,nan,nan,39,39,36,2,0,2,0.923076923,0,0,0,0
3404.219899416,324.293596331,0.131388992,0.923025507,nan,nan,39,39,36,2,0,2,0.923076923,0,0,0,0
3405.256453753,324.413415006,0.131388992,0.923025507,nan,nan,39,39,36,2,0,2,0.923076923,0,0,0,0
3406.191063643,324.513175138,0.131388992,0.923025507,nan,nan,39,39,36,2,0,2,0.923076923,0,0,0,0
3407.210298777,324.621948760,0.131376464,0.923062641,nan,nan,39,39,36,2,0,2,0.923076923,0,0,0,0
3408.199476242,324.750614346,0.131376464,0.923062641,nan,nan,39,39,36,2,0,2,0.923076923,0,0,0,0
3409.184712887,324.880072247,0.131376464,0.923062641,nan,nan,39,39,36,2,0,2,0.923076923,0,0,0,0
3410.203983307,324.999867023,0.131376464,0.923062641,nan,nan,39,39,36,2,0,2,0.923076923,0,0,0,0
3411.200580597,325.119688892,0.131377717,0.923081208,nan,nan,39,39,36,2,0,2,0.923076923,0,0,0,0
3412.203528643,325.229462470,0.131440354,0.923926010,nan,nan,39,39,36,2,0,2,0.923076923,0,0,0,0
3413.190840006,325.329284797,0.131440354,0.923926010,nan,nan,39,39,36,2,0,2,0.923076923,0,0,0,0
3414.200683117,325.429075834,0.131649563,0.926813192,nan,nan,39,39,36,2,0,2,0.923076923,0,0,0,0
3415.195282459,325.538706040,0.131649563,0.926813192,nan,nan,39,39,36,2,0,2,0.923076923,0,0,0,0
3416.190723419,325.648611070,0.131649563,0.926813192,nan,nan,39,39,36,2,0,2,0.923076923,0,0,0,0
3417.197830677,325.758286615,0.131972770,0.931222875,nan,nan,39,39,36,2,0,2,0.923076923,0,0,0,0
3418.187077522,325.887922478,0.131972770,0.931222875,nan,nan,39,39,36,2,0,2,0.923076923,0,0,0,0
3419.212104559,326.007186516,0.131972770,0.931222875,nan,nan,39,39,36,2,0,2,0.923076923,0,0,0,0
3420.199868917,326.106548792,0.132535252,0.939030334,nan,nan,39,39,36,2,0,2,0.923076923,0,0,0,0
3421.193441868,326.225708868,0.132535252,0.939030334,nan,nan,39,39,36,2,0,2,0.923076923,0,0,0,0
3422.203977823,326.325493627,0.133394634,0.951149999,nan,nan,39,39,36,2,0,2,0.923076923,0,0,0,0
3423.183948517,326.435411707,0.134032281,0.959978648,nan,nan,39,39,36,2,0,2,0.923076923,0,0,0,0
3424.181164503,326.565327799,0.134032281,0.959978648,nan,nan,39,39,36,2,0,2,0.923076923,0,0,0,0
3425.234839916,326.675316519,0.134032281,0.959978648,nan,nan,39,39,36,2,0,2,0.923076923,0,0,0,0
3426.202933311,326.795311892,0.134537136,0.966973797,nan,nan,39,39,36,2,0,2,0.923076923,0,0,0,0
3427.185655594,326.905270570,0.134537136,0.966973797,nan,nan,39,39,36,2,0,2,0.923076923,0,0,0,0
3428.186707020,327.015170659,0.134840300,0.971137466,nan,nan,39,39,36,2,0,2,0.923076923,0,0,0,0
3429.203582287,327.115156933,0.134840300,0.971137466,nan,nan,39,39,36,2,0,2,0.923076923,0,0,0,0
3430.192768812,327.235150385,0.134840300,0.971137466,nan,nan,39,39,36,2,0,2,0.923076923,0,0,0,0
3431.197296858,327.345098251,0.135125926,0.974878734,nan,nan,39,39,36,2,0,2,0.923076923,0,0,0,0
3432.199585199,327.475068016,0.135253706,0.976577622,nan,nan,39,39,36,2,0,2,0.923076923,0,0,0,0
3433.184100151,327.575043797,0.135253706,0.976577622,nan,nan,39,39,36,2,0,2,0.923076923,0,0,0,0
3434.200114489,327.685010005,0.135376474,0.978104765,nan,nan,39,39,36,2,0,2,0.923076923,0,0,0,0
3435.193268061,327.794846039,0.135376474,0.978104765,nan,nan,39,39,36,2,0,2,0.923076923,0,0,0,0
3436.199891090,327.904804808,0.135376474,0.978104765,nan,nan,39,39,36,2,0,2,0.923076923,0,0,0,0
3437.204410791,328.024730836,0.135480452,0.979441595,nan,nan,39,39,36,2,0,2,0.923076923,0,0,0,0
3438.195442200,328.134724655,0.135480452,0.979441595,nan,nan,39,39,36,2,0,2,0.923076923,0,0,0,0
3439.217864990,328.244702147,0.135480452,0.979441595,nan,nan,39,39,36,2,0,2,0.923076923,0,0,0,0
3440.203480005,328.364653337,0.135560628,0.980434934,nan,nan,39,39,36,2,0,2,0.923076923,0,0,0,0
3441.191574335,328.464433831,0.135630781,0.981289020,nan,nan,39,39,36,2,0,2,0.923076923,0,0,0,0
3442.205018282,328.574333851,0.135630781,0.981289020,nan,nan,39,39,36,2,0,2,0.923076923,0,0,0,0
3443.185884237,328.674272474,0.135723484,0.982291642,nan,nan,39,39,36,2,0,2,0.923076923,0,0,0,0
3444.198210001,328.794216227,0.135723484,0.982291642,nan,nan,39,39,36,2,0,2,0.923076923,0,0,0,0
3445.212348223,328.894037138,0.135723484,0.982291642,nan,nan,39,39,36,2,0,2,0.923076923,0,0,0,0
3446.200194120,329.003241804,0.135799902,0.983229280,nan,nan,39,39,36,2,0,2,0.923076923,0,0,0,0
3447.220986843,329.110381753,0.135799902,0.983229280,nan,nan,39,39,36,2,0,2,0.923076923,0,0,0,0
3448.206343174,329.213632008,0.135873814,0.984129784,nan,nan,39,39,36,2,0,2,0.923076923,0,0,0,0
3449.223673344,329.304513038,0.135873814,0.984129784,nan,nan,39,39,36,2,0,2,0.923076923,0,0,0,0
3450.228871346,329.404064667,0.135931440,0.984751781,nan,nan,39,39,36,2,0,2,0.923076923,0,0,0,0
3451.198728561,329.510158351,0.135931440,0.984751781,nan,nan,39,39,36,2,0,2,0.923076923,0,0,0,0
3452.201246023,329.597468598,0.135931440,0.984751781,nan,nan,39,39,36,2,0,2,0.923076923,0,0,0,0
3453.200312376,329.684655418,0.135997835,0.985457331,nan,nan,39,39,36,2,0,2,0.923076923,0,0,0,0
3454.185454369,329.780334524,0.135997835,0.985457331,nan,nan,39,39,36,2,0,2,0.923076923,0,0,0,0
3455.203923702,329.878358166,0.136034165,0.985717270,nan,nan,39,39,36,2,0,2,0.923076923,0,0,0,0
3456.213187933,329.968516525,0.136034165,0.985717270,nan,nan,39,39,36,2,0,2,0.923076923,0,0,0,0
3457.226232290,330.057328681,0.136034165,0.985717270,nan,nan,39,39,36,2,0,2,0.923076923,0,0,0,0
3458.199099541,330.151920030,0.136059220,0.985930791,nan,nan,39,39,36,2,0,2,0.923076923,0,0,0,0
3459.177591324,330.244885428,0.136079264,0.986144313,nan,nan,39,39,36,2,0,2,0.923076923,0,0,0,0
3460.181738853,330.325125773,0.136079264,0.986144313,nan,nan,39,39,36,2,0,2,0.923076923,0,0,0,0
3461.177628756,330.403242275,0.136079264,0.986144313,nan,nan,39,39,36,2,0,2,0.923076923,0,0,0,0
3462.181404114,330.498756159,0.136083022,0.986200014,nan,nan,39,39,37,2,0,2,0.948717949,0,0,0,0
3469.624251366,330.566520872,0.136083022,0.986200014,nan,nan,40,40,37,2,0,2,0.925000000,0,0,0,0
3470.197483778,330.588922365,0.136089286,0.986292849,nan,nan,40,40,37,2,0,2,0.925000000,0,0,0,0
3477.870321512,330.588922365,0.136089286,0.986292849,nan,nan,41,41,37,3,0,3,0.902439024,0,0,0,0
3478.202988386,330.589044765,0.136089286,0.986292849,nan,nan,41,41,37,3,0,3,0.902439024,0,0,0,0
3479.217325687,330.615444746,0.136089286,0.986292849,nan,nan,41,41,37,3,0,3,0.902439024,0,0,0,0
3480.192709923,330.680124602,0.136089286,0.986292849,nan,nan,41,41,37,3,0,3,0.902439024,0,0,0,0
3481.196342945,330.771120621,0.136089286,0.986292849,nan,nan,41,41,37,3,0,3,0.902439024,0,0,0,0
3482.204211235,330.881117539,0.136089286,0.986292849,nan,nan,41,41,37,3,0,3,0.902439024,0,0,0,0
3483.207354546,330.991117450,0.136090538,0.986302133,nan,nan,41,41,37,3,0,3,0.902439024,0,0,0,0
3484.241584063,331.101064148,0.136090538,0.986302133,nan,nan,41,41,37,3,0,3,0.902439024,0,0,0,0
3485.204261541,331.211033846,0.136094297,0.986339267,nan,nan,41,41,37,3,0,3,0.902439024,0,0,0,0
3486.188144445,331.331021036,0.136094297,0.986339267,nan,nan,41,41,37,3,0,3,0.902439024,0,0,0,0
3487.203039408,331.440994768,0.136095549,0.986348551,nan,nan,41,41,37,3,0,3,0.902439024,0,0,0,0
3488.193831444,331.550825858,0.136095549,0.986348551,nan,nan,41,41,37,3,0,3,0.902439024,0,0,0,0
3489.215985060,331.670793628,0.136095549,0.986348551,nan,nan,41,41,37,3,0,3,0.902439024,0,0,0,0
3490.187686682,331.790556164,0.136095549,0.986348551,nan,nan,41,41,37,3,0,3,0.902439024,0,0,0,0
3491.229852676,331.900523777,0.136098055,0.986367118,nan,nan,41,41,37,3,0,3,0.902439024,0,0,0,0
3492.197205067,332.000480798,0.136098055,0.986367118,nan,nan,41,41,37,3,0,3,0.902439024,0,0,0,0
3493.195890903,332.120422142,0.136098055,0.986367118,nan,nan,41,41,37,3,0,3,0.902439024,0,0,0,0
3494.214894295,332.240363668,0.136098055,0.986367118,nan,nan,41,41,37,3,0,3,0.902439024,0,0,0,0
3495.199124813,332.350290207,0.136098055,0.986367118,nan,nan,41,41,37,3,0,3,0.902439024,0,0,0,0
3496.197202682,332.470153511,0.136098055,0.986367118,nan,nan,41,41,37,3,0,3,0.902439024,0,0,0,0
3497.246348381,332.590016103,0.136098055,0.986367118,nan,nan,41,41,37,3,0,3,0.902439024,0,0,0,0
3498.184888601,332.699935583,0.136103066,0.986441386,nan,nan,41,41,37,3,0,3,0.902439024,0,0,0,0
3499.183669090,332.809850632,0.136103066,0.986441386,nan,nan,41,41,37,3,0,3,0.902439024,0,0,0,0
3500.209258318,332.939563519,0.136103066,0.986441386,nan,nan,41,41,37,3,0,3,0.902439024,0,0,0,0
3501.184694290,333.039255038,0.136108077,0.986515654,nan,nan,41,41,37,3,0,3,0.902439024,0,0,0,0
3502.229558706,333.148773930,0.136108077,0.986515654,nan,nan,41,41,37,3,0,3,0.902439024,0,0,0,0
3503.198258877,333.266606203,0.136108077,0.986515654,nan,nan,41,41,37,3,0,3,0.902439024,0,0,0,0
3504.180764437,333.373562179,0.136118099,0.986562072,nan,nan,41,41,37,3,0,3,0.902439024,0,0,0,0
3505.200237989,333.470221022,0.136135637,0.986617773,nan,nan,41,41,37,3,0,3,0.902439024,0,0,0,0
3506.187534332,333.578473511,0.136135637,0.986617773,nan,nan,41,41,37,3,0,3,0.902439024,0,0,0,0
3507.200242996,333.688012513,0.136156934,0.986692042,nan,nan,41,41,37,3,0,3,0.902439024,0,0,0,0
3508.214415550,333.807684081,0.136156934,0.986692042,nan,nan,41,41,37,3,0,3,0.902439024,0,0,0,0
3509.263967752,333.917314381,0.136156934,0.986692042,nan,nan,41,41,37,3,0,3,0.902439024,0,0,0,0
3510.206222296,334.036196495,0.136174472,0.986701325,nan,nan,41,41,37,3,0,3,0.902439024,0,0,0,0
3511.191715002,334.136059306,0.136174472,0.986701325,nan,nan,41,41,37,3,0,3,0.902439024,0,0,0,0
3512.181600094,334.255867905,0.136174472,0.986701325,nan,nan,41,41,37,3,0,3,0.902439024,0,0,0,0
3513.259749413,334.365841756,0.136184494,0.986710609,nan,nan,41,41,37,3,0,3,0.902439024,0,0,0,0
3514.189405918,334.475736181,0.136190758,0.986719892,nan,nan,41,41,37,3,0,3,0.902439024,0,0,0,0
3515.206293583,334.575718523,0.136190758,0.986719892,nan,nan,41,41,37,3,0,3,0.902439024,0,0,0,0
3516.217835188,334.685718185,0.136197021,0.986719892,nan,nan,41,41,37,3,0,3,0.902439024,0,0,0,0
3517.214759111,334.785718119,0.136197021,0.986719892,nan,nan,41,41,37,3,0,3,0.902439024,0,0,0,0
3518.189261436,334.885716545,0.136197021,0.986719892,nan,nan,41,41,37,3,0,3,0.902439024,0,0,0,0
3519.188946486,334.975716512,0.136203285,0.986738459,nan,nan,41,41,37,3,0,3,0.902439024,0,0,0,0
3520.203544378,335.075692874,0.136203285,0.986738459,nan,nan,41,41,37,3,0,3,0.902439024,0,0,0,0
3521.190243244,335.165529658,0.136207043,0.986747743,nan,nan,41,41,37,3,0,3,0.902439024,0,0,0,0
3522.199359894,335.254124103,0.136207043,0.986747743,nan,nan,41,41,37,3,0,3,0.902439024,0,0,0,0
3523.205493212,335.364389001,0.136207043,0.986747743,nan,nan,41,41,37,3,0,3,0.902439024,0,0,0,0
3524.187951326,335.439581935,0.136207043,0.986747743,nan,nan,41,41,37,3,0,3,0.902439024,0,0,0,0
3525.192433119,335.508030827,0.136207043,0.986747743,nan,nan,41,41,37,3,0,3,0.902439024,0,0,0,0
3533.339682579,335.573583003,0.136207043,0.986747743,nan,nan,42,42,38,3,0,3,0.904761905,0,0,0,0
3534.213728189,335.643446169,0.136207043,0.986747743,nan,nan,42,42,38,3,0,3,0.904761905,0,0,0,0
3535.186578751,335.682542660,0.136207043,0.986747743,nan,nan,42,42,38,3,0,3,0.904761905,0,0,0,0
3536.190335274,335.719826099,0.136207043,0.986747743,nan,nan,42,42,38,3,0,3,0.904761905,0,0,0,0
3537.219670057,335.751346718,0.136207043,0.986747743,nan,nan,42,42,38,3,0,3,0.904761905,0,0,0,0
3538.200215101,335.779574318,0.136207043,0.986747743,nan,nan,42,42,38,3,0,3,0.904761905,0,0,0,0
3539.185037136,335.802177457,0.136207043,0.986747743,nan,nan,42,42,38,3,0,3,0.904761905,0,0,0,0
3540.185059071,335.821039785,0.136207043,0.986747743,nan,nan,42,42,38,3,0,3,0.904761905,0,0,0,0
3541.186653852,335.834202427,0.136207043,0.986747743,nan,nan,42,42,38,3,0,3,0.904761905,0,0,0,0
3542.217035770,335.844409848,0.136207043,0.986747743,nan,nan,42,42,38,3,0,3,0.904761905,0,0,0,0
3543.202117443,335.849640958,0.136207043,0.986747743,nan,nan,42,42,38,3,0,3,0.904761905,0,0,0,0
3544.178209782,335.855821170,0.136207043,0.986747743,nan,nan,42,42,38,3,0,3,0.904761905,0,0,0,0
3545.204353094,335.868870111,0.136207043,0.986747743,nan,nan,42,42,38,3,0,3,0.904761905,0,0,0,0
3546.221256256,335.885784603,0.136207043,0.986747743,nan,nan,42,42,38,3,0,3,0.904761905,0,0,0,0
3547.192632437,335.901766372,0.136207043,0.986747743,nan,nan,42,42,38,3,0,3,0.904761905,0,0,0,0
3548.188588619,335.921316586,0.136207043,0.986747743,nan,nan,42,42,38,3,0,3,0.904761905,0,0,0,0
3549.191297054,335.948954312,0.136207043,0.986747743,nan,nan,42,42,38,3,0,3,0.904761905,0,0,0,0
3550.201141834,335.978354133,0.136207043,0.986747743,nan,nan,42,42,38,3,0,3,0.904761905,0,0,0,0
3551.190718889,336.008201771,0.136207043,0.986747743,nan,nan,42,42,38,3,0,3,0.904761905,0,0,0,0
3552.198448896,336.038315518,0.136207043,0.986747743,nan,nan,42,42,38,3,0,3,0.904761905,0,0,0,0
3553.239603996,336.080992084,0.136207043,0.986747743,nan,nan,42,42,38,3,0,3,0.904761905,0,0,0,0
3554.192154408,336.139467838,0.136207043,0.986747743,nan,nan,42,42,38,3,0,3,0.904761905,0,0,0,0
3555.185120583,336.202979833,0.136207043,0.986747743,nan,nan,42,42,38,3,0,3,0.904761905,0,0,0,0
3556.181584358,336.287390109,0.136207043,0.986747743,nan,nan,42,42,38,3,0,3,0.904761905,0,0,0,0
3557.204469442,336.372987065,0.136207043,0.986747743,nan,nan,42,42,38,3,0,3,0.904761905,0,0,0,0
3558.241776943,336.472282021,0.136207043,0.986747743,nan,nan,42,42,38,3,0,3,0.904761905,0,0,0,0
3559.199759007,336.562218926,0.136207043,0.986747743,nan,nan,42,42,38,3,0,3,0.904761905,0,0,0,0
3560.253515482,336.672209523,0.136207043,0.986747743,nan,nan,42,42,38,3,0,3,0.904761905,0,0,0,0
3561.207256317,336.762067370,0.136207043,0.986747743,nan,nan,42,42,38,3,0,3,0.904761905,0,0,0,0
3562.283068657,336.862007853,0.136207043,0.986747743,nan,nan,42,42,38,3,0,3,0.904761905,0,0,0,0
3563.204131603,336.971891057,0.136207043,0.986747743,nan,nan,42,42,38,3,0,3,0.904761905,0,0,0,0
3564.207870722,337.089407592,0.136207043,0.986747743,nan,nan,42,42,38,3,0,3,0.904761905,0,0,0,0
3565.197909594,337.190262209,0.136207043,0.986747743,nan,nan,42,42,38,3,0,3,0.904761905,0,0,0,0
3566.243635416,337.288034081,0.136207043,0.986747743,nan,nan,42,42,38,3,0,3,0.904761905,0,0,0,0
3567.190888405,337.373960934,0.136208296,0.986747743,nan,nan,42,42,38,3,0,3,0.904761905,0,0,0,0
3568.181616306,337.528523361,0.136208296,0.986747743,nan,nan,42,42,38,3,0,3,0.904761905,0,0,0,0
3569.217937469,337.638037218,0.136208296,0.986747743,nan,nan,42,42,38,3,0,3,0.904761905,0,0,0,0
3570.212025404,337.747720673,0.136209549,0.986747743,nan,nan,42,42,38,3,0,3,0.904761905,0,0,0,0
3571.200001955,337.857576978,0.136209549,0.986747743,nan,nan,42,42,38,3,0,3,0.904761905,0,0,0,0
3572.254164696,337.977390903,0.136209549,0.986747743,nan,nan,42,42,38,3,0,3,0.904761905,0,0,0,0
3573.233971119,338.087240809,0.136209549,0.986747743,nan,nan,42,42,38,3,0,3,0.904761905,0,0,0,0
3574.198247910,338.196637158,0.136209549,0.986747743,nan,nan,42,42,38,3,0,3,0.904761905,0,0,0,0
3575.193731785,338.306146967,0.136217065,0.986831295,nan,nan,42,42,38,3,0,3,0.904761905,0,0,0,0
3576.221733332,338.415024458,0.136217065,0.986831295,nan,nan,42,42,38,3,0,3,0.904761905,0,0,0,0
3577.209487915,338.513764266,0.136219571,0.986849862,nan,nan,42,42,38,3,0,3,0.904761905,0,0,0,0
3578.228885412,338.612826718,0.136219571,0.986849862,nan,nan,42,42,38,3,0,3,0.904761905,0,0,0,0
3579.202742338,338.718085332,0.136219571,0.986849862,nan,nan,42,42,38,3,0,3,0.904761905,0,0,0,0
3580.214614868,338.815387218,0.136229593,0.986961264,nan,nan,42,42,38,3,0,3,0.904761905,0,0,0,0
3581.206400156,338.924483953,0.136229593,0.986961264,nan,nan,42,42,38,3,0,3,0.904761905,0,0,0,0
3582.185614824,339.044028099,0.136239615,0.987072667,nan,nan,42,42,38,3,0,3,0.904761905,0,0,0,0
3583.218821049,339.153562626,0.136239615,0.987072667,nan,nan,42,42,38,3,0,3,0.904761905,0,0,0,0
3584.207090855,339.263440088,0.136252142,0.987239771,nan,nan,42,42,38,3,0,3,0.904761905,0,0,0,0
3585.190281630,339.383005730,0.136252142,0.987239771,nan,nan,42,42,38,3,0,3,0.904761905,0,0,0,0
3586.182428360,339.492765205,0.136252142,0.987239771,nan,nan,42,42,38,3,0,3,0.904761905,0,0,0,0
3587.221433163,339.592562457,0.136252142,0.987239771,nan,nan,42,42,38,3,0,3,0.904761905,0,0,0,0
3588.183560371,339.702444407,0.136252142,0.987239771,nan,nan,42,42,38,3,0,3,0.904761905,0,0,0,0
3589.214211941,339.812115613,0.136252142,0.987239771,nan,nan,42,42,38,3,0,3,0.904761905,0,0,0,0
3590.182517290,339.921840888,0.136259659,0.987332606,nan,nan,42,42,38,3,0,3,0.904761905,0,0,0,0
3591.203966141,340.041397873,0.136259659,0.987332606,nan,nan,42,42,38,3,0,3,0.904761905,0,0,0,0
3592.212494612,340.121195913,0.136273439,0.987518277,nan,nan,42,42,38,3,0,3,0.904761905,0,0,0,0
3593.222052574,340.231052090,0.136273439,0.987518277,nan,nan,42,42,38,3,0,3,0.904761905,0,0,0,0
3594.180112362,340.330837347,0.136275944,0.987536844,nan,nan,42,42,38,3,0,3,0.904761905,0,0,0,0
3595.185423613,340.430315165,0.136275944,0.987536844,nan,nan,42,42,38,3,0,3,0.904761905,0,0,0,0
3596.203560352,340.529905769,0.136292230,0.987759649,nan,nan,42,42,38,3,0,3,0.904761905,0,0,0,0
3597.212601900,340.649514727,0.136292230,0.987759649,nan,nan,42,42,38,3,0,3,0.904761905,0,0,0,0
3598.201692581,340.749099776,0.136304757,0.987926753,nan,nan,42,42,38,3,0,3,0.904761905,0,0,0,0
3599.217949629,340.858683607,0.136304757,0.987926753,nan,nan,42,42,38,3,0,3,0.904761905,0,0,0,0
3600.192824364,340.966998386,0.136304757,0.987926753,nan,nan,42,42,38,3,0,3,0.904761905,0,0,0,0
3601.195702314,341.090888980,0.136304757,0.987926753,nan,nan,42,42,38,3,0,3,0.904761905,0,0,0,0
3602.202637434,341.206505808,0.136328560,0.988186692,nan,nan,42,42,38,3,0,3,0.904761905,0,0,0,0
3603.210291147,341.311299489,0.136388691,0.989012927,nan,nan,42,42,38,3,0,3,0.904761905,0,0,0,0
3604.186055899,341.406266670,0.136388691,0.989012927,nan,nan,42,42,38,3,0,3,0.904761905,0,0,0,0
3605.206717968,341.508233276,0.136455087,0.989802028,nan,nan,42,42,38,3,0,3,0.904761905,0,0,0,0
3606.203489780,341.606244481,0.136455087,0.989802028,nan,nan,42,42,38,3,0,3,0.904761905,0,0,0,0
3607.203929186,341.692499324,0.136540273,0.990786084,nan,nan,42,42,38,3,0,3,0.904761905,0,0,0,0
3608.207075596,341.785281183,0.136540273,0.990786084,nan,nan,42,42,38,3,0,3,0.904761905,0,0,0,0
3609.204975843,341.883506860,0.136540273,0.990786084,nan,nan,42,42,38,3,0,3,0.904761905,0,0,0,0
3610.198992491,341.981373259,0.136679328,0.992614942,nan,nan,42,42,38,3,0,3,0.904761905,0,0,0,0
3611.200773478,342.074559606,0.136679328,0.992614942,nan,nan,42,42,38,3,0,3,0.904761905,0,0,0,0
3612.198083639,342.157360818,0.136770778,0.993845011,nan,nan,42,42,38,3,0,3,0.904761905,0,0,0,0
3613.219180822,342.240220103,0.136770778,0.993845011,nan,nan,42,42,38,3,0,3,0.904761905,0,0,0,0
3620.070570946,342.304560192,0.136783305,0.993956414,nan,nan,43,43,39,3,0,3,0.906976744,0,0,0,0
3620.177503347,342.370847958,0.136797086,0.994039966,nan,nan,43,43,39,3,0,3,0.906976744,0,0,0,0
3621.213545561,342.386135954,0.136797086,0.994039966,nan,nan,43,43,39,3,0,3,0.906976744,0,0,0,0
3622.181123495,342.446457717,0.136797086,0.994039966,nan,nan,43,43,39,3,0,3,0.906976744,0,0,0,0
3623.187905550,342.504719747,0.136797086,0.994039966,nan,nan,43,43,39,3,0,3,0.906976744,0,0,0,0
3624.191036463,342.541953262,0.136797086,0.994039966,nan,nan,43,43,39,3,0,3,0.906976744,0,0,0,0
3625.227866411,342.576116330,0.136797086,0.994039966,nan,nan,43,43,39,3,0,3,0.906976744,0,0,0,0
3626.192275286,342.616758204,0.136797086,0.994039966,nan,nan,43,43,39,3,0,3,0.906976744,0,0,0,0
3627.196469545,342.656152511,0.136797086,0.994039966,nan,nan,43,43,39,3,0,3,0.906976744,0,0,0,0
3628.188874483,342.680860529,0.136797086,0.994039966,nan,nan,43,43,39,3,0,3,0.906976744,0,0,0,0
3629.221240044,342.686147395,0.136797086,0.994039966,nan,nan,43,43,39,3,0,3,0.906976744,0,0,0,0
3630.181219816,342.689872556,0.136797086,0.994039966,nan,nan,43,43,39,3,0,3,0.906976744,0,0,0,0
3631.190443277,342.708883576,0.136797086,0.994039966,nan,nan,43,43,39,3,0,3,0.906976744,0,0,0,0
3632.197410583,342.755889004,0.136797086,0.994039966,nan,nan,43,43,39,3,0,3,0.906976744,0,0,0,0
3633.183248043,342.830807856,0.136797086,0.994039966,nan,nan,43,43,39,3,0,3,0.906976744,0,0,0,0
3634.186009645,342.924547769,0.136798338,0.994039966,nan,nan,43,43,39,3,0,3,0.906976744,0,0,0,0
3635.201980591,343.023653440,0.136798338,0.994039966,nan,nan,43,43,39,3,0,3,0.906976744,0,0,0,0
3636.185095787,343.123635382,0.136798338,0.994039966,nan,nan,43,43,39,3,0,3,0.906976744,0,0,0,0
3637.186486006,343.233634618,0.136798338,0.994039966,nan,nan,43,43,39,3,0,3,0.906976744,0,0,0,0
3638.197587490,343.333634599,0.136798338,0.994039966,nan,nan,43,43,39,3,0,3,0.906976744,0,0,0,0
3639.200703382,343.433575902,0.136798338,0.994039966,nan,nan,43,43,39,3,0,3,0.906976744,0,0,0,0
3640.208712816,343.543546745,0.136798338,0.994039966,nan,nan,43,43,39,3,0,3,0.906976744,0,0,0,0
3641.218327999,343.673509278,0.136798338,0.994039966,nan,nan,43,43,39,3,0,3,0.906976744,0,0,0,0
3642.190714359,343.763338970,0.136798338,0.994039966,nan,nan,43,43,39,3,0,3,0.906976744,0,0,0,0
3643.240641832,343.893197681,0.136798338,0.994039966,nan,nan,43,43,39,3,0,3,0.906976744,0,0,0,0
3644.193206787,343.993159866,0.136798338,0.994039966,nan,nan,43,43,39,3,0,3,0.906976744,0,0,0,0
3645.185566664,344.113119132,0.136798338,0.994039966,nan,nan,43,43,39,3,0,3,0.906976744,0,0,0,0
3646.256106853,344.242971209,0.136798338,0.994039966,nan,nan,43,43,39,3,0,3,0.906976744,0,0,0,0
3647.187998772,344.372841349,0.136798338,0.994039966,nan,nan,43,43,39,3,0,3,0.906976744,0,0,0,0
3648.200140715,344.472713395,0.136798338,0.994039966,nan,nan,43,43,39,3,0,3,0.906976744,0,0,0,0
3649.194130898,344.582648939,0.136798338,0.994039966,nan,nan,43,43,39,3,0,3,0.906976744,0,0,0,0
3650.219352722,344.692569883,0.136798338,0.994039966,nan,nan,43,43,39,3,0,3,0.906976744,0,0,0,0
3651.192777157,344.802508657,0.136798338,0.994039966,nan,nan,43,43,39,3,0,3,0.906976744,0,0,0,0
3652.213761330,344.922427726,0.136798338,0.994039966,nan,nan,43,43,39,3,0,3,0.906976744,0,0,0,0
3653.193434715,345.022316146,0.136798338,0.994039966,nan,nan,43,43,39,3,0,3,0.906976744,0,0,0,0
3654.186832666,345.122139155,0.136798338,0.994039966,nan,nan,43,43,39,3,0,3,0.906976744,0,0,0,0
3655.183059216,345.232071461,0.136798338,0.994039966,nan,nan,43,43,39,3,0,3,0.906976744,0,0,0,0
3656.179766178,345.321941858,0.136798338,0.994039966,nan,nan,43,43,39,3,0,3,0.906976744,0,0,0,0
3657.235187769,345.441635660,0.136798338,0.994039966,nan,nan,43,43,39,3,0,3,0.906976744,0,0,0,0
3658.195787668,345.541462872,0.136798338,0.994039966,nan,nan,43,43,39,3,0,3,0.906976744,0,0,0,0
3659.192164660,345.651391173,0.136798338,0.994039966,nan,nan,43,43,39,3,0,3,0.906976744,0,0,0,0
3660.200692892,345.761208832,0.136798338,0.994039966,nan,nan,43,43,39,3,0,3,0.906976744,0,0,0,0
3661.205154657,345.881065367,0.136798338,0.994039966,nan,nan,43,43,39,3,0,3,0.906976744,0,0,0,0
3662.184128523,345.981020155,0.136798338,0.994039966,nan,nan,43,43,39,3,0,3,0.906976744,0,0,0,0
3663.214362860,346.081005466,0.136798338,0.994039966,nan,nan,43,43,39,3,0,3,0.906976744,0,0,0,0
3664.215932131,346.190886432,0.136798338,0.994039966,nan,nan,43,43,39,3,0,3,0.906976744,0,0,0,0
3665.225334644,346.290832568,0.136798338,0.994039966,nan,nan,43,43,39,3,0,3,0.906976744,0,0,0,0
3666.206774712,346.400826125,0.136798338,0.994039966,nan,nan,43,43,39,3,0,3,0.906976744,0,0,0,0
3667.184689999,346.500745825,0.136798338,0.994039966,nan,nan,43,43,39,3,0,3,0.906976744,0,0,0,0
3668.206759453,346.610665134,0.136798338,0.994039966,nan,nan,43,43,39,3,0,3,0.906976744,0,0,0,0
3669.192682028,346.720610596,0.136798338,0.994039966,nan,nan,43,43,39,3,0,3,0.906976744,0,0,0,0
3670.222682953,346.830280060,0.136798338,0.994039966,nan,nan,43,43,39,3,0,3,0.906976744,0,0,0,0
3671.200338364,346.940239326,0.136798338,0.994039966,nan,nan,43,43,39,3,0,3,0.906976744,0,0,0,0
3672.249084473,347.040023694,0.136798338,0.994039966,nan,nan,43,43,39,3,0,3,0.906976744,0,0,0,0
3673.218166590,347.149657064,0.136798338,0.994039966,nan,nan,43,43,39,3,0,3,0.906976744,0,0,0,0
3674.201084375,347.249344456,0.136798338,0.994039966,nan,nan,43,43,39,3,0,3,0.906976744,0,0,0,0
3675.186829805,347.358734406,0.136798338,0.994039966,nan,nan,43,43,39,3,0,3,0.906976744,0,0,0,0
3676.205649376,347.458556026,0.136798338,0.994039966,nan,nan,43,43,39,3,0,3,0.906976744,0,0,0,0
3677.236572266,347.558429212,0.136798338,0.994039966,nan,nan,43,43,39,3,0,3,0.906976744,0,0,0,0
3678.190449715,347.638399976,0.136798338,0.994039966,nan,nan,43,43,39,3,0,3,0.906976744,0,0,0,0
3679.190263748,347.728303939,0.136798338,0.994039966,nan,nan,43,43,39,3,0,3,0.906976744,0,0,0,0
3680.197357416,347.818257403,0.136798338,0.994039966,nan,nan,43,43,39,3,0,3,0.906976744,0,0,0,0
3681.190368176,347.928248354,0.136798338,0.994039966,nan,nan,43,43,39,3,0,3,0.906976744,0,0,0,0
3682.205373526,348.008135855,0.136798338,0.994039966,nan,nan,43,43,39,3,0,3,0.906976744,0,0,0,0
3683.188908577,348.108107695,0.136798338,0.994039966,nan,nan,43,43,39,3,0,3,0.906976744,0,0,0,0
3684.268120289,348.187976115,0.136798338,0.994039966,nan,nan,43,43,39,3,0,3,0.906976744,0,0,0,0
3685.182455301,348.247959893,0.136799591,0.994058533,nan,nan,43,43,39,3,0,3,0.906976744,0,0,0,0
3686.221970320,348.337807739,0.136799591,0.994058533,nan,nan,43,43,39,3,0,3,0.906976744,0,0,0,0
3687.301288128,348.377743897,0.136799591,0.994058533,nan,nan,43,43,39,3,0,3,0.906976744,0,0,0,0
3688.241939068,348.467707441,0.136799591,0.994058533,nan,nan,43,43,39,3,0,3,0.906976744,0,0,0,0
3689.204578638,348.527622645,0.136799591,0.994058533,nan,nan,43,43,39,3,0,3,0.906976744,0,0,0,0
3690.183099747,348.607408780,0.136799591,0.994058533,nan,nan,43,43,39,3,0,3,0.906976744,0,0,0,0
3691.306116819,348.657365063,0.136799591,0.994058533,nan,nan,43,43,39,3,0,3,0.906976744,0,0,0,0
3692.295797586,348.717348496,0.136799591,0.994058533,nan,nan,43,43,39,3,0,3,0.906976744,0,0,0,0
3693.356302023,348.787294241,0.136799591,0.994058533,nan,nan,43,43,39,3,0,3,0.906976744,0,0,0,0
3694.325876951,348.867033885,0.136799591,0.994058533,nan,nan,43,43,39,3,0,3,0.906976744,0,0,0,0
3695.197952271,348.926887941,0.136799591,0.994058533,nan,nan,43,43,39,3,0,3,0.906976744,0,0,0,0
3696.379160166,348.986759935,0.136799591,0.994058533,nan,nan,43,43,39,3,0,3,0.906976744,0,0,0,0
3697.201851130,349.076681438,0.136799591,0.994058533,nan,nan,43,43,39,3,0,3,0.906976744,0,0,0,0
3698.262484074,349.116665074,0.136799591,0.994058533,nan,nan,43,43,39,3,0,3,0.906976744,0,0,0,0
3699.404200792,349.166551944,0.136799591,0.994058533,nan,nan,43,43,39,3,0,3,0.906976744,0,0,0,0
3700.261119604,349.206523855,0.136799591,0.994058533,nan,nan,43,43,39,3,0,3,0.906976744,0,0,0,0
3701.241423845,349.306291198,0.136799591,0.994058533,nan,nan,43,43,39,3,0,3,0.906976744,0,0,0,0
3702.219004393,349.346261519,0.136800844,0.994058533,nan,nan,43,43,39,3,0,3,0.906976744,0,0,0,0
3703.279216528,349.406218207,0.136800844,0.994058533,nan,nan,43,43,39,3,0,3,0.906976744,0,0,0,0
3704.336950779,349.466155137,0.136800844,0.994058533,nan,nan,43,43,39,3,0,3,0.906976744,0,0,0,0
3705.280805826,349.586020894,0.136800844,0.994058533,nan,nan,43,43,39,3,0,3,0.906976744,0,0,0,0
3706.213560343,349.626020131,0.136800844,0.994058533,nan,nan,43,43,39,3,0,3,0.906976744,0,0,0,0
3707.385037422,349.656020053,0.136800844,0.994058533,nan,nan,43,43,39,3,0,3,0.906976744,0,0,0,0
3708.287483692,349.686015694,0.136800844,0.994058533,nan,nan,43,43,39,3,0,3,0.906976744,0,0,0,0
3709.211337328,349.755987690,0.136800844,0.994058533,nan,nan,43,43,39,3,0,3,0.906976744,0,0,0,0
3710.182417393,349.845921550,0.136800844,0.994058533,nan,nan,43,43,39,3,0,3,0.906976744,0,0,0,0
3711.288692474,349.975665657,0.136800844,0.994058533,nan,nan,43,43,39,3,0,3,0.906976744,0,0,0,0
3712.435853004,350.025593072,0.136800844,0.994058533,nan,nan,43,43,39,3,0,3,0.906976744,0,0,0,0
3713.327713490,350.095588488,0.136800844,0.994058533,nan,nan,43,43,39,3,0,3,0.906976744,0,0,0,0
3714.325963974,350.125584181,0.136800844,0.994058533,nan,nan,43,43,39,3,0,3,0.906976744,0,0,0,0
3715.349127531,350.165581935,0.136800844,0.994058533,nan,nan,43,43,39,3,0,3,0.906976744,0,0,0,0
3716.338399887,350.215538172,0.136800844,0.994058533,nan,nan,43,43,39,3,0,3,0.906976744,0,0,0,0
3717.313780069,350.255528669,0.136800844,0.994058533,nan,nan,43,43,39,3,0,3,0.906976744,0,0,0,0
3718.340924025,350.335470070,0.136800844,0.994058533,nan,nan,43,43,39,3,0,3,0.906976744,0,0,0,0
3719.202160597,350.395351706,0.136800844,0.994058533,nan,nan,43,43,39,3,0,3,0.906976744,0,0,0,0
3720.447312117,350.475261842,0.136800844,0.994058533,nan,nan,43,43,39,3,0,3,0.906976744,0,0,0,0
3721.218916655,350.545110008,0.136800844,0.994058533,nan,nan,43,43,39,3,0,3,0.906976744,0,0,0,0
3722.228497744,350.635020910,0.136800844,0.994058533,nan,nan,43,43,39,3,0,3,0.906976744,0,0,0,0
3723.225084066,350.754997395,0.136800844,0.994058533,nan,nan,43,43,39,3,0,3,0.906976744,0,0,0,0
3724.255284786,350.854927799,0.136800844,0.994058533,nan,nan,43,43,39,3,0,3,0.906976744,0,0,0,0
3725.203420877,350.954633657,0.136800844,0.994058533,nan,nan,43,43,39,3,0,3,0.906976744,0,0,0,0
3726.425031900,351.084427467,0.136800844,0.994058533,nan,nan,43,43,39,3,0,3,0.906976744,0,0,0,0
3727.206930161,351.214059697,0.136800844,0.994058533,nan,nan,43,43,39,3,0,3,0.906976744,0,0,0,0
3728.205305099,351.324010187,0.136800844,0.994058533,nan,nan,43,43,39,3,0,3,0.906976744,0,0,0,0
3729.209079981,351.423935106,0.136800844,0.994058533,nan,nan,43,43,39,3,0,3,0.906976744,0,0,0,0
3730.220250130,351.533778611,0.136800844,0.994058533,nan,nan,43,43,39,3,0,3,0.906976744,0,0,0,0
3731.202641010,351.623742377,0.136800844,0.994058533,nan,nan,43,43,39,3,0,3,0.906976744,0,0,0,0
3732.193129539,351.733703775,0.136800844,0.994058533,nan,nan,43,43,39,3,0,3,0.906976744,0,0,0,0
3733.225982428,351.823630538,0.136800844,0.994058533,nan,nan,43,43,39,3,0,3,0.906976744,0,0,0,0
3734.308858395,351.913460354,0.136800844,0.994058533,nan,nan,43,43,39,3,0,3,0.906976744,0,0,0,0
3735.243722200,351.993335948,0.136800844,0.994058533,nan,nan,43,43,39,3,0,3,0.906976744,0,0,0,0
3736.204883814,352.073254999,0.136800844,0.994058533,nan,nan,43,43,39,3,0,3,0.906976744,0,0,0,0
3737.228571653,352.163195895,0.136800844,0.994058533,nan,nan,43,43,39,3,0,3,0.906976744,0,0,0,0
3738.209764719,352.273193987,0.136800844,0.994058533,nan,nan,43,43,39,3,0,3,0.906976744,0,0,0,0
3739.217722893,352.383180028,0.136800844,0.994058533,nan,nan,43,43,39,3,0,3,0.906976744,0,0,0,0
3740.225482464,352.483165655,0.136800844,0.994058533,nan,nan,43,43,39,3,0,3,0.906976744,0,0,0,0
3741.223582745,352.583103572,0.136800844,0.994058533,nan,nan,43,43,39,3,0,3,0.906976744,0,0,0,0
3742.234312057,352.683060844,0.136800844,0.994058533,nan,nan,43,43,39,3,0,3,0.906976744,0,0,0,0
3743.246042490,352.833035656,0.136800844,0.994058533,nan,nan,43,43,39,3,0,3,0.906976744,0,0,0,0
3744.219293356,352.912973282,0.136800844,0.994058533,nan,nan,43,43,39,3,0,3,0.906976744,0,0,0,0
3745.300606251,353.032947116,0.136800844,0.994058533,nan,nan,43,43,39,3,0,3,0.906976744,0,0,0,0
3746.201292992,353.142905881,0.136800844,0.994058533,nan,nan,43,43,39,3,0,3,0.906976744,0,0,0,0
3747.239034414,353.242856044,0.136800844,0.994058533,nan,nan,43,43,39,3,0,3,0.906976744,0,0,0,0
3748.224444866,353.342851746,0.136800844,0.994058533,nan,nan,43,43,39,3,0,3,0.906976744,0,0,0,0
3749.221870661,353.492851353,0.136800844,0.994058533,nan,nan,43,43,39,3,0,3,0.906976744,0,0,0,0
3750.238187313,353.582830527,0.136800844,0.994058533,nan,nan,43,43,39,3,0,3,0.906976744,0,0,0,0
3751.240023613,353.692757189,0.136800844,0.994058533,nan,nan,43,43,39,3,0,3,0.906976744,0,0,0,0
3752.209987879,353.792615547,0.136800844,0.994058533,nan,nan,43,43,39,3,0,3,0.906976744,0,0,0,0
3753.209365368,353.892491900,0.136800844,0.994058533,nan,nan,43,43,39,3,0,3,0.906976744,0,0,0,0
3754.214492321,353.982424721,0.136800844,0.994058533,nan,nan,43,43,39,3,0,3,0.906976744,0,0,0,0
3755.226319551,354.082219283,0.136800844,0.994058533,nan,nan,43,43,39,3,0,3,0.906976744,0,0,0,0
3756.220664740,354.212023522,0.136802097,0.994058533,nan,nan,43,43,39,3,0,3,0.906976744,0,0,0,0
3757.226683855,354.311787006,0.136802097,0.994058533,nan,nan,43,43,39,3,0,3,0.906976744,0,0,0,0
3758.249833822,354.421664248,0.136802097,0.994058533,nan,nan,43,43,39,3,0,3,0.906976744,0,0,0,0
3759.189701080,354.531466625,0.136802097,0.994058533,nan,nan,43,43,39,3,0,3,0.906976744,0,0,0,0
3760.195629597,354.631157328,0.136802097,0.994058533,nan,nan,43,43,39,3,0,3,0.906976744,0,0,0,0
3761.253560543,354.730747317,0.136802097,0.994058533,nan,nan,43,43,39,3,0,3,0.906976744,0,0,0,0
3762.221069336,354.840454759,0.136802097,0.994058533,nan,nan,43,43,39,3,0,3,0.906976744,0,0,0,0
3763.185207844,354.960179649,0.136802097,0.994058533,nan,nan,43,43,39,3,0,3,0.906976744,0,0,0,0
3764.227970600,355.069639068,0.136802097,0.994058533,nan,nan,43,43,39,3,0,3,0.906976744,0,0,0,0
3765.193430185,355.158772461,0.136802097,0.994058533,nan,nan,43,43,39,3,0,3,0.906976744,0,0,0,0
3766.199466228,355.264988344,0.136802097,0.994058533,nan,nan,43,43,39,3,0,3,0.906976744,0,0,0,0
3767.199604511,355.363201847,0.136802097,0.994058533,nan,nan,43,43,39,3,0,3,0.906976744,0,0,0,0
3768.236119986,355.455351344,0.136802097,0.994058533,nan,nan,43,43,39,3,0,3,0.906976744,0,0,0,0
3769.232425690,355.527220785,0.136802097,0.994058533,nan,nan,43,43,39,3,0,3,0.906976744,0,0,0,0
3770.199233532,355.613353044,0.136802097,0.994058533,nan,nan,43,43,39,3,0,3,0.906976744,0,0,0,0
3771.223923206,355.680611254,0.136802097,0.994058533,nan,nan,43,43,39,3,0,3,0.906976744,0,0,0,0
3772.186097622,355.761478447,0.136802097,0.994058533,nan,nan,43,43,39,3,0,3,0.906976744,0,0,0,0
3773.210210562,355.816094310,0.136802097,0.994058533,nan,nan,43,43,39,3,0,3,0.906976744,0,0,0,0
3774.216515541,355.862886615,0.136802097,0.994058533,nan,nan,43,43,39,3,0,3,0.906976744,0,0,0,0
3775.220178127,355.909889125,0.136802097,0.994058533,nan,nan,43,43,39,3,0,3,0.906976744,0,0,0,0
3776.243868589,355.950646630,0.136802097,0.994058533,nan,nan,43,43,39,3,0,3,0.906976744,0,0,0,0
3777.221737385,355.990770608,0.136802097,0.994058533,nan,nan,43,43,39,3,0,3,0.906976744,0,0,0,0
3778.216638327,356.029351187,0.136802097,0.994058533,nan,nan,43,43,39,3,0,3,0.906976744,0,0,0,0
3779.236309290,356.082968585,0.136802097,0.994058533,nan,nan,43,43,39,3,0,3,0.906976744,0,0,0,0
3780.224536419,356.125465641,0.136802097,0.994058533,nan,nan,43,43,39,3,0,3,0.906976744,0,0,0,0
3781.184963226,356.159276138,0.136802097,0.994058533,nan,nan,43,43,39,3,0,3,0.906976744,0,0,0,0
3782.231574059,356.184996220,0.136802097,0.994058533,nan,nan,43,43,39,3,0,3,0.906976744,0,0,0,0
3783.217534542,356.206674892,0.136802097,0.994058533,nan,nan,43,43,39,3,0,3,0.906976744,0,0,0,0
3784.192413330,356.224797152,0.136802097,0.994058533,nan,nan,43,43,39,3,0,3,0.906976744,0,0,0,0
3785.263311148,356.240020998,0.136802097,0.994058533,nan,nan,43,43,39,3,0,3,0.906976744,0,0,0,0
3786.220325470,356.264108572,0.136802097,0.994058533,nan,nan,43,43,39,3,0,3,0.906976744,0,0,0,0
3787.203451395,356.291384955,0.136802097,0.994058533,nan,nan,43,43,39,3,0,3,0.906976744,0,0,0,0
3788.195987225,356.313629775,0.136802097,0.994058533,nan,nan,43,43,39,3,0,3,0.906976744,0,0,0,0
3789.214611769,356.329539067,0.136802097,0.994058533,nan,nan,43,43,39,3,0,3,0.906976744,0,0,0,0
3790.234786034,356.336983244,0.136802097,0.994058533,nan,nan,43,43,39,3,0,3,0.906976744,0,0,0,0
3791.217209101,356.341033569,0.136802097,0.994058533,nan,nan,43,43,39,3,0,3,0.906976744,0,0,0,0
3792.203435898,356.343692530,0.136802097,0.994058533,nan,nan,43,43,39,3,0,3,0.906976744,0,0,0,0
3793.320547104,356.344914967,0.136802097,0.994058533,nan,nan,43,43,39,3,0,3,0.906976744,0,0,0,0
3794.212098122,356.345138613,0.136802097,0.994058533,nan,nan,43,43,39,3,0,3,0.906976744,0,0,0,0
3795.222124577,356.345467487,0.136802097,0.994058533,nan,nan,43,43,39,3,0,3,0.906976744,0,0,0,0
3796.232033014,356.345990939,0.136802097,0.994058533,nan,nan,43,43,39,3,0,3,0.906976744,0,0,0,0
3797.191107273,356.346634293,0.136802097,0.994058533,nan,nan,43,43,39,3,0,3,0.906976744,0,0,0,0
3798.232125998,356.347313661,0.136802097,0.994058533,nan,nan,43,43,39,3,0,3,0.906976744,0,0,0,0
3799.209743977,356.347964307,0.136802097,0.994058533,nan,nan,43,43,39,3,0,3,0.906976744,0,0,0,0
3800.325772762,356.349426404,0.136802097,0.994058533,nan,nan,43,43,39,3,0,3,0.906976744,0,0,0,0
3801.227413654,356.350199121,0.136802097,0.994058533,nan,nan,43,43,39,3,0,3,0.906976744,0,0,0,0
3802.206824541,356.351303297,0.136802097,0.994058533,nan,nan,43,43,39,3,0,3,0.906976744,0,0,0,0
3803.205840588,356.352382521,0.136802097,0.994058533,nan,nan,43,43,39,3,0,3,0.906976744,0,0,0,0
3804.177692175,356.352848944,0.136802097,0.994058533,nan,nan,43,43,39,3,0,3,0.906976744,0,0,0,0
3805.211913824,356.353820696,0.136802097,0.994058533,nan,nan,43,43,39,3,0,3,0.906976744,0,0,0,0
3806.200346231,356.354607835,0.136802097,0.994058533,nan,nan,43,43,39,3,0,3,0.906976744,0,0,0,0
3807.238787651,356.355003916,0.136802097,0.994058533,nan,nan,43,43,39,3,0,3,0.906976744,0,0,0,0
3808.215281487,356.355657013,0.136802097,0.994058533,nan,nan,43,43,39,3,0,3,0.906976744,0,0,0,0
3809.192578316,356.355991898,0.136802097,0.994058533,nan,nan,43,43,39,3,0,3,0.906976744,0,0,0,0
3810.224211931,356.356535796,0.136802097,0.994058533,nan,nan,43,43,39,3,0,3,0.906976744,0,0,0,0
3811.222336531,356.356994616,0.136802097,0.994058533,nan,nan,43,43,39,3,0,3,0.906976744,0,0,0,0
3812.197965384,356.358261788,0.136802097,0.994058533,nan,nan,43,43,39,3,0,3,0.906976744,0,0,0,0
3813.238195658,356.359731539,0.136802097,0.994058533,nan,nan,43,43,39,3,0,3,0.906976744,0,0,0,0
3814.225157976,356.360588414,0.136802097,0.994058533,nan,nan,43,43,39,3,0,3,0.906976744,0,0,0,0
3815.219788790,356.361063195,0.136802097,0.994058533,nan,nan,43,43,39,3,0,3,0.906976744,0,0,0,0
3816.221935034,356.362234817,0.136802097,0.994058533,nan,nan,43,43,39,3,0,3,0.906976744,0,0,0,0
3817.226792097,356.363117806,0.136802097,0.994058533,nan,nan,43,43,39,3,0,3,0.906976744,0,0,0,0
3818.216247082,356.364183384,0.136802097,0.994058533,nan,nan,43,43,39,3,0,3,0.906976744,0,0,0,0
3819.186511517,356.364637022,0.136802097,0.994058533,nan,nan,43,43,39,3,0,3,0.906976744,0,0,0,0
3820.203155518,356.365436871,0.136802097,0.994058533,nan,nan,43,43,39,3,0,3,0.906976744,0,0,0,0
3821.185508251,356.366218524,0.136802097,0.994058533,nan,nan,43,43,39,3,0,3,0.906976744,0,0,0,0
3822.177245617,356.366892843,0.136802097,0.994058533,nan,nan,43,43,39,3,0,3,0.906976744,0,0,0,0
3823.204776049,356.367349601,0.136802097,0.994058533,nan,nan,43,43,39,3,0,3,0.906976744,0,0,0,0
3824.204550266,356.367877998,0.136802097,0.994058533,nan,nan,43,43,39,3,0,3,0.906976744,0,0,0,0
3825.217921019,356.368283780,0.136802097,0.994058533,nan,nan,43,43,39,3,0,3,0.906976744,0,0,0,0
3826.242853880,356.368691738,0.136802097,0.994058533,nan,nan,43,43,39,3,0,3,0.906976744,0,0,0,0
3827.219847202,356.370455619,0.136802097,0.994058533,nan,nan,43,43,39,3,0,3,0.906976744,0,0,0,0
3828.214011192,356.372109741,0.136802097,0.994058533,nan,nan,43,43,39,3,0,3,0.906976744,0,0,0,0
3829.187595129,356.373152341,0.136802097,0.994058533,nan,nan,43,43,39,3,0,3,0.906976744,0,0,0,0
3830.213440418,356.374255046,0.136802097,0.994058533,nan,nan,43,43,39,3,0,3,0.906976744,0,0,0,0
3831.229338408,356.374649253,0.136802097,0.994058533,nan,nan,43,43,39,3,0,3,0.906976744,0,0,0,0
3832.242264271,356.375320369,0.136802097,0.994058533,nan,nan,43,43,39,3,0,3,0.906976744,0,0,0,0
3833.201086044,356.375857911,0.136802097,0.994058533,nan,nan,43,43,39,3,0,3,0.906976744,0,0,0,0
3834.229014397,356.376377038,0.136802097,0.994058533,nan,nan,43,43,39,3,0,3,0.906976744,0,0,0,0
3835.215594053,356.376390544,0.136802097,0.994058533,nan,nan,43,43,39,3,0,3,0.906976744,0,0,0,0
3836.215707541,356.376390544,0.136802097,0.994058533,nan,nan,43,43,39,4,0,3,0.906976744,1,0,0,0
3837.202592850,356.376390544,0.136802097,0.994058533,nan,nan,43,44,39,4,0,3,0.886363636,1,0,1,0
3844.729960680,356.376390544,0.136802097,0.994058533,nan,nan,44,45,39,5,0,4,0.866666667,1,0,1,0
3845.260765553,356.376390544,0.136802097,0.994058533,nan,nan,44,45,39,5,0,4,0.866666667,1,0,1,0
3851.667109966,356.376390544,0.136802097,0.994058533,nan,nan,45,46,39,6,0,5,0.847826087,1,0,1,0
3852.185739756,356.377759344,0.136802097,0.994058533,nan,nan,45,46,39,6,0,5,0.847826087,1,0,1,0
3853.189960480,356.406990557,0.136802097,0.994058533,nan,nan,45,46,39,6,0,5,0.847826087,1,0,1,0
3854.201803446,356.441138204,0.136802097,0.994058533,nan,nan,45,46,39,6,0,5,0.847826087,1,0,1,0
3855.209423304,356.469773223,0.136802097,0.994058533,nan,nan,45,46,39,6,0,5,0.847826087,1,0,1,0
3856.196920633,356.494111878,0.136802097,0.994058533,nan,nan,45,46,39,6,0,5,0.847826087,1,0,1,0
3857.202233315,356.507805357,0.136802097,0.994058533,nan,nan,45,46,39,6,0,5,0.847826087,1,0,1,0
3858.231183290,356.513149619,0.136802097,0.994058533,nan,nan,45,46,39,6,0,5,0.847826087,1,0,1,0
3859.214950800,356.521608071,0.136802097,0.994058533,nan,nan,45,46,39,6,0,5,0.847826087,1,0,1,0
3860.228875875,356.538776601,0.136802097,0.994058533,nan,nan,45,46,39,6,0,5,0.847826087,1,0,1,0
3861.205934286,356.565126134,0.136802097,0.994058533,nan,nan,45,46,39,6,0,5,0.847826087,1,0,1,0
3862.187648058,356.614578116,0.136802097,0.994058533,nan,nan,45,46,39,6,0,5,0.847826087,1,0,1,0
3863.201600075,356.689104105,0.136802097,0.994058533,nan,nan,45,46,39,6,0,5,0.847826087,1,0,1,0
3864.185353518,356.789232205,0.136802097,0.994058533,nan,nan,45,46,39,6,0,5,0.847826087,1,0,1,0
3865.216819286,356.887982108,0.136802097,0.994058533,nan,nan,45,46,39,6,0,5,0.847826087,1,0,1,0
3866.216258049,357.017841351,0.136802097,0.994058533,nan,nan,45,46,39,6,0,5,0.847826087,1,0,1,0
3867.211867809,357.127839822,0.136802097,0.994058533,nan,nan,45,46,39,6,0,5,0.847826087,1,0,1,0
3868.216574430,357.237839649,0.136802097,0.994058533,nan,nan,45,46,39,6,0,5,0.847826087,1,0,1,0
3869.232470751,357.357811586,0.136802097,0.994058533,nan,nan,45,46,39,6,0,5,0.847826087,1,0,1,0
3870.222737074,357.487711031,0.136802097,0.994058533,nan,nan,45,46,39,6,0,5,0.847826087,1,0,1,0
3871.195823669,357.597633168,0.136802097,0.994058533,nan,nan,45,46,39,6,0,5,0.847826087,1,0,1,0
3872.228255033,357.707535872,0.136802097,0.994058533,nan,nan,45,46,39,6,0,5,0.847826087,1,0,1,0
3873.223395824,357.827470538,0.136802097,0.994058533,nan,nan,45,46,39,6,0,5,0.847826087,1,0,1,0
3874.201952457,357.937431529,0.136802097,0.994058533,nan,nan,45,46,39,6,0,5,0.847826087,1,0,1,0
3875.261148453,358.047340664,0.136802097,0.994058533,nan,nan,45,46,39,6,0,5,0.847826087,1,0,1,0
3876.207048178,358.167288615,0.136802097,0.994058533,nan,nan,45,46,39,6,0,5,0.847826087,1,0,1,0
3877.238951445,358.277243363,0.136802097,0.994058533,nan,nan,45,46,39,6,0,5,0.847826087,1,0,1,0
3878.230243683,358.387183813,0.136802097,0.994058533,nan,nan,45,46,39,6,0,5,0.847826087,1,0,1,0
3879.220555305,358.497084927,0.136802097,0.994058533,nan,nan,45,46,39,6,0,5,0.847826087,1,0,1,0
3880.215715885,358.626982876,0.136802097,0.994058533,nan,nan,45,46,39,6,0,5,0.847826087,1,0,1,0
3881.267817736,358.756948177,0.136802097,0.994058533,nan,nan,45,46,39,6,0,5,0.847826087,1,0,1,0
3882.236831427,358.866937842,0.136802097,0.994058533,nan,nan,45,46,39,6,0,5,0.847826087,1,0,1,0
3883.246275663,358.986862853,0.136802097,0.994058533,nan,nan,45,46,39,6,0,5,0.847826087,1,0,1,0
3884.240080357,359.096808388,0.136802097,0.994058533,nan,nan,45,46,39,6,0,5,0.847826087,1,0,1,0
3885.221081972,359.196803107,0.136802097,0.994058533,nan,nan,45,46,39,6,0,5,0.847826087,1,0,1,0
3886.242003679,359.316780956,0.136802097,0.994058533,nan,nan,45,46,39,6,0,5,0.847826087,1,0,1,0
3887.227345943,359.476740118,0.136802097,0.994058533,nan,nan,45,46,39,6,0,5,0.847826087,1,0,1,0
3888.217860937,359.586683644,0.136802097,0.994058533,nan,nan,45,46,39,6,0,5,0.847826087,1,0,1,0
3889.226130486,359.686653367,0.136802097,0.994058533,nan,nan,45,46,39,6,0,5,0.847826087,1,0,1,0
3890.195251942,359.816551538,0.136807108,0.994058533,nan,nan,45,46,39,6,0,5,0.847826087,1,0,1,0
3891.231079578,359.926479127,0.136807108,0.994058533,nan,nan,45,46,39,6,0,5,0.847826087,1,0,1,0
3892.201032877,360.046425189,0.136813371,0.994058533,nan,nan,45,46,39,6,0,5,0.847826087,1,0,1,0
3893.197670698,360.136368752,0.136813371,0.994058533,nan,nan,45,46,39,6,0,5,0.847826087,1,0,1,0
3894.235674858,360.256261992,0.136819635,0.994058533,nan,nan,45,46,39,6,0,5,0.847826087,1,0,1,0
3895.201463699,360.376095444,0.136819635,0.994058533,nan,nan,45,46,39,6,0,5,0.847826087,1,0,1,0
3896.186514139,360.496062999,0.136819635,0.994058533,nan,nan,45,46,39,6,0,5,0.847826087,1,0,1,0
3897.186706543,360.606047462,0.136827151,0.994058533,nan,nan,45,46,39,6,0,5,0.847826087,1,0,1,0
3898.223648787,360.715896603,0.136827151,0.994058533,nan,nan,45,46,39,6,0,5,0.847826087,1,0,1,0
3899.223227739,360.835837926,0.136832162,0.994058533,nan,nan,45,46,39,6,0,5,0.847826087,1,0,1,0
3900.195167303,360.955667929,0.136832162,0.994058533,nan,nan,45,46,39,6,0,5,0.847826087,1,0,1,0
3901.213086367,361.075163341,0.136833415,0.994058533,nan,nan,45,46,39,6,0,5,0.847826087,1,0,1,0
3902.190882206,361.194714685,0.136833415,0.994058533,nan,nan,45,46,39,6,0,5,0.847826087,1,0,1,0
3903.212899685,361.314506006,0.136833415,0.994058533,nan,nan,45,46,39,6,0,5,0.847826087,1,0,1,0
3904.241059303,361.423759755,0.136833415,0.994058533,nan,nan,45,46,39,6,0,5,0.847826087,1,0,1,0
3905.232724428,361.533561405,0.136833415,0.994058533,nan,nan,45,46,39,6,0,5,0.847826087,1,0,1,0
3906.193462372,361.633214672,0.136833415,0.994058533,nan,nan,45,46,39,6,0,5,0.847826087,1,0,1,0
3907.216652155,361.732857883,0.136833415,0.994058533,nan,nan,45,46,39,6,0,5,0.847826087,1,0,1,0
3908.204856873,361.842703638,0.136833415,0.994058533,nan,nan,45,46,39,6,0,5,0.847826087,1,0,1,0
3909.232398510,361.932671380,0.136833415,0.994058533,nan,nan,45,46,39,6,0,5,0.847826087,1,0,1,0
3910.224545002,362.062589445,0.136835921,0.994058533,nan,nan,45,46,39,6,0,5,0.847826087,1,0,1,0
3911.244341612,362.221960406,0.136835921,0.994058533,nan,nan,45,46,39,6,0,5,0.847826087,1,0,1,0
3912.233859777,362.331902743,0.136835921,0.994058533,nan,nan,45,46,39,6,0,5,0.847826087,1,0,1,0
3913.224274635,362.441140363,0.136835921,0.994058533,nan,nan,45,46,39,6,0,5,0.847826087,1,0,1,0
3914.199184179,362.549473404,0.136835921,0.994058533,nan,nan,45,46,39,6,0,5,0.847826087,1,0,1,0
3915.215554237,362.668778702,0.136835921,0.994058533,nan,nan,45,46,39,6,0,5,0.847826087,1,0,1,0
3916.220201731,362.778237729,0.136837173,0.994058533,nan,nan,45,46,39,6,0,5,0.847826087,1,0,1,0
3917.199264050,362.897809559,0.136837173,0.994058533,nan,nan,45,46,39,6,0,5,0.847826087,1,0,1,0
3918.208360434,363.007606062,0.136838426,0.994058533,nan,nan,45,46,39,6,0,5,0.847826087,1,0,1,0
3919.190921068,363.117397597,0.136838426,0.994058533,nan,nan,45,46,39,6,0,5,0.847826087,1,0,1,0
3920.220500708,363.217362288,0.136842184,0.993965697,nan,nan,45,46,39,6,0,5,0.847826087,1,0,1,0
3921.225492477,363.327295244,0.136842184,0.993965697,nan,nan,45,46,39,6,0,5,0.847826087,1,0,1,0
3922.209175825,363.437115389,0.136842184,0.993965697,nan,nan,45,46,39,6,0,5,0.847826087,1,0,1,0
3923.190532207,363.567104060,0.136843437,0.993965697,nan,nan,45,46,39,6,0,5,0.847826087,1,0,1,0
3924.258774281,363.677091070,0.136843437,0.993965697,nan,nan,45,46,39,6,0,5,0.847826087,1,0,1,0
3925.208064556,363.747017616,0.136843437,0.993965697,nan,nan,45,46,39,6,0,5,0.847826087,1,0,1,0
3926.226680040,363.846817132,0.136843437,0.993965697,nan,nan,45,46,39,6,0,5,0.847826087,1,0,1,0
3927.221355677,363.956743065,0.136843437,0.993965697,nan,nan,45,46,39,6,0,5,0.847826087,1,0,1,0
3928.224939108,364.046619825,0.136843437,0.993965697,nan,nan,45,46,39,6,0,5,0.847826087,1,0,1,0
3929.232698202,364.166584065,0.136843437,0.993965697,nan,nan,45,46,39,6,0,5,0.847826087,1,0,1,0
3930.216906309,364.286500317,0.136843437,0.993965697,nan,nan,45,46,39,6,0,5,0.847826087,1,0,1,0
3931.221994400,364.396423913,0.136843437,0.993965697,nan,nan,45,46,39,6,0,5,0.847826087,1,0,1,0
3932.210574150,364.516306429,0.136843437,0.993965697,nan,nan,45,46,39,6,0,5,0.847826087,1,0,1,0
3933.197561026,364.636108027,0.136843437,0.993965697,nan,nan,45,46,39,6,0,5,0.847826087,1,0,1,0
3934.200980425,364.756071488,0.136844690,0.993965697,nan,nan,45,46,39,6,0,5,0.847826087,1,0,1,0
3935.226885557,364.865945849,0.136844690,0.993965697,nan,nan,45,46,39,6,0,5,0.847826087,1,0,1,0
3936.218008041,364.965814417,0.136844690,0.993965697,nan,nan,45,46,39,6,0,5,0.847826087,1,0,1,0
3937.219753027,365.085703047,0.136844690,0.993965697,nan,nan,45,46,39,6,0,5,0.847826087,1,0,1,0
3938.218274117,365.195595368,0.136844690,0.993965697,nan,nan,45,46,39,6,0,5,0.847826087,1,0,1,0
3939.189470768,365.315423051,0.136844690,0.993965697,nan,nan,45,46,39,6,0,5,0.847826087,1,0,1,0
3940.187866688,365.425381260,0.136844690,0.993965697,nan,nan,45,46,39,6,0,5,0.847826087,1,0,1,0
3941.217029095,365.544973634,0.136845943,0.993965697,nan,nan,45,46,39,6,0,5,0.847826087,1,0,1,0
3942.192847013,365.654887502,0.136845943,0.993965697,nan,nan,45,46,39,6,0,5,0.847826087,1,0,1,0
3943.215320349,365.764849984,0.136845943,0.993965697,nan,nan,45,46,39,6,0,5,0.847826087,1,0,1,0
3944.220539331,365.874833755,0.136845943,0.993965697,nan,nan,45,46,39,6,0,5,0.847826087,1,0,1,0
3945.221297741,365.994405010,0.136845943,0.993965697,nan,nan,45,46,39,6,0,5,0.847826087,1,0,1,0
3946.183790684,366.104344918,0.136845943,0.993965697,nan,nan,45,46,39,6,0,5,0.847826087,1,0,1,0
3947.230962038,366.204282956,0.136845943,0.993965697,nan,nan,45,46,39,6,0,5,0.847826087,1,0,1,0
3948.205108881,366.343721122,0.136847195,0.993965697,nan,nan,45,46,39,6,0,5,0.847826087,1,0,1,0
3949.178012609,366.463467601,0.136847195,0.993965697,nan,nan,45,46,39,6,0,5,0.847826087,1,0,1,0
3950.231263638,366.573273846,0.136847195,0.993965697,nan,nan,45,46,39,6,0,5,0.847826087,1,0,1,0
3951.216634989,366.693172070,0.136847195,0.993965697,nan,nan,45,46,39,6,0,5,0.847826087,1,0,1,0
3952.221541405,366.813040493,0.136847195,0.993965697,nan,nan,45,46,39,6,0,5,0.847826087,1,0,1,0
3953.210164547,366.912842069,0.136847195,0.993965697,nan,nan,45,46,39,6,0,5,0.847826087,1,0,1,0
3954.226697206,367.032778645,0.136853459,0.993872862,nan,nan,45,46,39,6,0,5,0.847826087,1,0,1,0
3955.269289255,367.142708149,0.136853459,0.993872862,nan,nan,45,46,39,6,0,5,0.847826087,1,0,1,0
3956.241350174,367.272632441,0.136853459,0.993872862,nan,nan,45,46,39,6,0,5,0.847826087,1,0,1,0
3957.223485947,367.412081165,0.136853459,0.993872862,nan,nan,45,46,39,6,0,5,0.847826087,1,0,1,0
3958.213907719,367.521957066,0.136853459,0.993872862,nan,nan,45,46,39,6,0,5,0.847826087,1,0,1,0
3959.247617722,367.641805907,0.136853459,0.993872862,nan,nan,45,46,39,6,0,5,0.847826087,1,0,1,0
3960.204493761,367.751742140,0.136853459,0.993872862,nan,nan,45,46,39,6,0,5,0.847826087,1,0,1,0
3961.236722231,367.891518975,0.136853459,0.993872862,nan,nan,45,46,39,6,0,5,0.847826087,1,0,1,0
3962.185847282,368.041376458,0.136853459,0.993872862,nan,nan,45,46,39,6,0,5,0.847826087,1,0,1,0
3963.268354654,368.161325001,0.136853459,0.993872862,nan,nan,45,46,39,6,0,5,0.847826087,1,0,1,0
3964.207365036,368.301064840,0.136853459,0.993872862,nan,nan,45,46,39,6,0,5,0.847826087,1,0,1,0
3965.209833145,368.420839592,0.136855965,0.993872862,nan,nan,45,46,39,6,0,5,0.847826087,1,0,1,0
3966.219916105,368.530756812,0.136855965,0.993872862,nan,nan,45,46,39,6,0,5,0.847826087,1,0,1,0
3967.220866203,368.660722961,0.136857217,0.993872862,nan,nan,45,46,39,6,0,5,0.847826087,1,0,1,0
3968.217092514,368.760684804,0.136857217,0.993872862,nan,nan,45,46,39,6,0,5,0.847826087,1,0,1,0
3969.205368042,368.870546470,0.136857217,0.993872862,nan,nan,45,46,39,6,0,5,0.847826087,1,0,1,0
3970.193300247,368.980385796,0.136857217,0.993872862,nan,nan,45,46,39,6,0,5,0.847826087,1,0,1,0
3971.221105099,369.100276943,0.136857217,0.993872862,nan,nan,45,46,39,6,0,5,0.847826087,1,0,1,0
3972.219633818,369.200231926,0.136857217,0.993872862,nan,nan,45,46,39,6,0,5,0.847826087,1,0,1,0
3973.226136684,369.309981827,0.136857217,0.993872862,nan,nan,45,46,39,6,0,5,0.847826087,1,0,1,0
3974.234354019,369.419745899,0.136857217,0.993872862,nan,nan,45,46,39,6,0,5,0.847826087,1,0,1,0
3975.197799921,369.559683462,0.136857217,0.993872862,nan,nan,45,46,39,6,0,5,0.847826087,1,0,1,0
3976.272884130,369.669652718,0.136857217,0.993872862,nan,nan,45,46,39,6,0,5,0.847826087,1,0,1,0
3977.201951265,369.779569124,0.136857217,0.993872862,nan,nan,45,46,39,6,0,5,0.847826087,1,0,1,0
3978.207767963,369.889424120,0.136857217,0.993872862,nan,nan,45,46,39,6,0,5,0.847826087,1,0,1,0
3979.206907749,369.989339150,0.136857217,0.993872862,nan,nan,45,46,39,6,0,5,0.847826087,1,0,1,0
3980.311108828,370.099110021,0.136857217,0.993872862,nan,nan,45,46,39,6,0,5,0.847826087,1,0,1,0
3981.234510183,370.209052436,0.136857217,0.993872862,nan,nan,45,46,39,6,0,5,0.847826087,1,0,1,0
3982.217655897,370.318820229,0.136857217,0.993872862,nan,nan,45,46,39,6,0,5,0.847826087,1,0,1,0
3983.199739456,370.418709711,0.136857217,0.993872862,nan,nan,45,46,39,6,0,5,0.847826087,1,0,1,0
3984.223223925,370.518582836,0.136857217,0.993872862,nan,nan,45,46,39,6,0,5,0.847826087,1,0,1,0
3985.222888470,370.618524956,0.136857217,0.993872862,nan,nan,45,46,39,6,0,5,0.847826087,1,0,1,0
3986.243524551,370.728457885,0.136864734,0.993872862,nan,nan,45,46,39,6,0,5,0.847826087,1,0,1,0
3987.210726976,370.858385041,0.136864734,0.993872862,nan,nan,45,46,39,6,0,5,0.847826087,1,0,1,0
3988.210177660,370.968319015,0.136864734,0.993872862,nan,nan,45,46,39,6,0,5,0.847826087,1,0,1,0
3989.188184261,371.068315982,0.136864734,0.993872862,nan,nan,45,46,39,6,0,5,0.847826087,1,0,1,0
3990.217753649,371.188123975,0.136864734,0.993872862,nan,nan,45,46,39,6,0,5,0.847826087,1,0,1,0
3991.234969139,371.318057581,0.136864734,0.993872862,nan,nan,45,46,39,6,0,5,0.847826087,1,0,1,0
3992.247648478,371.417934036,0.136864734,0.993872862,nan,nan,45,46,39,6,0,5,0.847826087,1,0,1,0
3993.225515366,371.537905375,0.136869745,0.993872862,nan,nan,45,46,39,6,0,5,0.847826087,1,0,1,0
3994.229946136,371.647840429,0.136869745,0.993872862,nan,nan,45,46,39,6,0,5,0.847826087,1,0,1,0
3995.205494642,371.757358837,0.136872250,0.993872862,nan,nan,45,46,39,6,0,5,0.847826087,1,0,1,0
3996.223452568,371.897260875,0.136872250,0.993872862,nan,nan,45,46,39,6,0,5,0.847826087,1,0,1,0
3997.217980862,372.037124559,0.136877261,0.993872862,nan,nan,45,46,39,6,0,5,0.847826087,1,0,1,0
3998.195648193,372.157085326,0.136877261,0.993872862,nan,nan,45,46,39,6,0,5,0.847826087,1,0,1,0
3999.221175909,372.276805211,0.136953679,0.993872862,nan,nan,45,46,39,6,0,5,0.847826087,1,0,1,0
4000.190942049,372.386758289,0.136953679,0.993872862,nan,nan,45,46,39,6,0,5,0.847826087,1,0,1,0
4001.211985588,372.496544223,0.136957437,0.993872862,nan,nan,45,46,39,6,0,5,0.847826087,1,0,1,0
4002.214583397,372.626505688,0.136957437,0.993872862,nan,nan,45,46,39,6,0,5,0.847826087,1,0,1,0
4003.193531036,372.746433218,0.136962448,0.993872862,nan,nan,45,46,39,6,0,5,0.847826087,1,0,1,0
4004.202927828,372.856421397,0.136962448,0.993872862,nan,nan,45,46,39,6,0,5,0.847826087,1,0,1,0
4005.208939075,372.966413310,0.136969964,0.993872862,nan,nan,45,46,39,6,0,5,0.847826087,1,0,1,0
4006.205513000,373.086347384,0.136969964,0.993872862,nan,nan,45,46,39,6,0,5,0.847826087,1,0,1,0
4007.201194763,373.186223991,0.136969964,0.993872862,nan,nan,45,46,39,6,0,5,0.847826087,1,0,1,0
4008.237948418,373.316066210,0.136996272,0.993872862,nan,nan,45,46,39,6,0,5,0.847826087,1,0,1,0
4009.182729006,373.425727829,0.136996272,0.993872862,nan,nan,45,46,39,6,0,5,0.847826087,1,0,1,0
4010.206948280,373.535517606,0.137058909,0.993872862,nan,nan,45,46,39,6,0,5,0.847826087,1,0,1,0
4011.182928324,373.645470671,0.137058909,0.993872862,nan,nan,45,46,39,6,0,5,0.847826087,1,0,1,0
4012.186259270,373.755405522,0.137095239,0.993872862,nan,nan,45,46,39,6,0,5,0.847826087,1,0,1,0
4013.214068174,373.865246621,0.137095239,0.993872862,nan,nan,45,46,39,6,0,5,0.847826087,1,0,1,0
4014.218095064,373.975201496,0.137104008,0.993872862,nan,nan,45,46,39,6,0,5,0.847826087,1,0,1,0
4015.197595596,374.095171554,0.137104008,0.993872862,nan,nan,45,46,39,6,0,5,0.847826087,1,0,1,0
4016.229197979,374.215114190,0.137104008,0.993872862,nan,nan,45,46,39,6,0,5,0.847826087,1,0,1,0
4017.213495731,374.324873032,0.137106513,0.993872862,nan,nan,45,46,39,6,0,5,0.847826087,1,0,1,0
4018.205068588,374.443970819,0.137106513,0.993872862,nan,nan,45,46,39,6,0,5,0.847826087,1,0,1,0
4019.205080986,374.552998600,0.137112777,0.993872862,nan,nan,45,46,39,6,0,5,0.847826087,1,0,1,0
4020.180575609,374.662300676,0.137112777,0.993872862,nan,nan,45,46,39,6,0,5,0.847826087,1,0,1,0
4021.228852987,374.771573376,0.137112777,0.993872862,nan,nan,45,46,39,6,0,5,0.847826087,1,0,1,0
4022.195432425,374.901213945,0.137112777,0.993872862,nan,nan,45,46,39,6,0,5,0.847826087,1,0,1,0
4023.217291355,375.011007259,0.137115282,0.993872862,nan,nan,45,46,39,6,0,5,0.847826087,1,0,1,0
4024.216226339,375.120808482,0.137115282,0.993872862,nan,nan,45,46,39,6,0,5,0.847826087,1,0,1,0
4025.197072744,375.230553072,0.137119041,0.993872862,nan,nan,45,46,39,6,0,5,0.847826087,1,0,1,0
4026.216260672,375.360382677,0.137119041,0.993872862,nan,nan,45,46,39,6,0,5,0.847826087,1,0,1,0
4027.283543348,375.450380698,0.137130315,0.993872862,nan,nan,45,46,39,6,0,5,0.847826087,1,0,1,0
4028.237794638,375.589880899,0.137130315,0.993872862,nan,nan,45,46,39,6,0,5,0.847826087,1,0,1,0
4029.204164982,375.709537525,0.137130315,0.993872862,nan,nan,45,46,39,6,0,5,0.847826087,1,0,1,0
4030.196065187,375.829277569,0.137164139,0.993872862,nan,nan,45,46,39,6,0,5,0.847826087,1,0,1,0
4031.250243187,375.939154985,0.137164139,0.993872862,nan,nan,45,46,39,6,0,5,0.847826087,1,0,1,0
4032.233223677,376.069015697,0.137288161,0.993872862,nan,nan,45,46,39,6,0,5,0.847826087,1,0,1,0
4033.206665754,376.158965677,0.137288161,0.993872862,nan,nan,45,46,39,6,0,5,0.847826087,1,0,1,0
4034.218824387,376.268858254,0.137368337,0.993872862,nan,nan,45,46,39,6,0,5,0.847826087,1,0,1,0
4035.254508734,376.378766498,0.137368337,0.993872862,nan,nan,45,46,39,6,0,5,0.847826087,1,0,1,0
4036.208001375,376.478627543,0.137622644,0.993872862,nan,nan,45,46,39,6,0,5,0.847826087,1,0,1,0
4037.221957922,376.588613478,0.137622644,0.993872862,nan,nan,45,46,39,6,0,5,0.847826087,1,0,1,0
4038.207775593,376.688606296,0.137622644,0.993872862,nan,nan,45,46,39,6,0,5,0.847826087,1,0,1,0
4039.217823267,376.798582123,0.138366773,0.993872862,nan,nan,45,46,39,6,0,5,0.847826087,1,0,1,0
4040.232693911,376.908511218,0.138366773,0.993872862,nan,nan,45,46,39,6,0,5,0.847826087,1,0,1,0
4041.244542122,377.018461775,0.138366773,0.993872862,nan,nan,45,46,39,6,0,5,0.847826087,1,0,1,0
4042.201230526,377.118459485,0.139714725,0.993872862,nan,nan,45,46,39,6,0,5,0.847826087,1,0,1,0
4043.212929487,377.218439449,0.141377116,0.993872862,nan,nan,45,46,39,6,0,5,0.847826087,1,0,1,0
4044.221617937,377.338439371,0.141377116,0.993872862,nan,nan,45,46,39,6,0,5,0.847826087,1,0,1,0
4045.235417128,377.448429788,0.141377116,0.993872862,nan,nan,45,46,39,6,0,5,0.847826087,1,0,1,0
4046.214884758,377.548401652,0.142415640,0.993872862,nan,nan,45,46,39,6,0,5,0.847826087,1,0,1,0
4047.203468084,377.658397590,0.142415640,0.993872862,nan,nan,45,46,39,6,0,5,0.847826087,1,0,1,0
4048.239752054,377.768391983,0.143139726,0.993872862,nan,nan,45,46,39,6,0,5,0.847826087,1,0,1,0
4049.196084261,377.888391957,0.143139726,0.993872862,nan,nan,45,46,39,6,0,5,0.847826087,1,0,1,0
4050.196969748,377.988391945,0.143644582,0.993872862,nan,nan,45,46,39,6,0,5,0.847826087,1,0,1,0
4051.249079704,378.098387067,0.143644582,0.993872862,nan,nan,45,46,39,6,0,5,0.847826087,1,0,1,0
4052.220355034,378.198387055,0.143992844,0.993872862,nan,nan,45,46,39,6,0,5,0.847826087,1,0,1,0
4053.202469587,378.318385896,0.143992844,0.993872862,nan,nan,45,46,39,6,0,5,0.847826087,1,0,1,0
4054.253370047,378.418385887,0.143992844,0.993872862,nan,nan,45,46,39,6,0,5,0.847826087,1,0,1,0
4055.234442949,378.538383974,0.144242140,0.993872862,nan,nan,45,46,39,6,0,5,0.847826087,1,0,1,0
4056.244050503,378.648383961,0.144242140,0.993872862,nan,nan,45,46,39,6,0,5,0.847826087,1,0,1,0
4057.199479818,378.758380417,0.144394975,0.993872862,nan,nan,45,46,39,6,0,5,0.847826087,1,0,1,0
4058.183496237,378.858380405,0.144394975,0.993872862,nan,nan,45,46,39,6,0,5,0.847826087,1,0,1,0
4059.280016661,378.968377915,0.144491436,0.993872862,nan,nan,45,46,39,6,0,5,0.847826087,1,0,1,0
4060.239811659,379.118339684,0.144491436,0.993872862,nan,nan,45,46,39,6,0,5,0.847826087,1,0,1,0
4061.216346979,379.238323489,0.144491436,0.993872862,nan,nan,45,46,39,6,0,5,0.847826087,1,0,1,0
4062.216720581,379.348254051,0.144562843,0.993872862,nan,nan,45,46,39,6,0,5,0.847826087,1,0,1,0
4063.225843191,379.458072454,0.144595414,0.993872862,nan,nan,45,46,39,6,0,5,0.847826087,1,0,1,0
4064.235329628,379.548031266,0.144595414,0.993872862,nan,nan,45,46,39,6,0,5,0.847826087,1,0,1,0
4065.247322798,379.658026315,0.144595414,0.993872862,nan,nan,45,46,39,6,0,5,0.847826087,1,0,1,0
4066.222696304,379.737990410,0.144625480,0.993872862,nan,nan,45,46,39,6,0,5,0.847826087,1,0,1,0
4067.223001719,379.847990026,0.144625480,0.993872862,nan,nan,45,46,39,6,0,5,0.847826087,1,0,1,0
4068.223493576,379.957984114,0.144625480,0.993872862,nan,nan,45,46,39,6,0,5,0.847826087,1,0,1,0
4069.237097263,380.057877806,0.144643018,0.993872862,nan,nan,45,46,39,6,0,5,0.847826087,1,0,1,0
4070.187027931,380.206198777,0.144643018,0.993872862,nan,nan,45,46,39,6,0,5,0.847826087,1,0,1,0
4071.236783981,380.298709395,0.144658051,0.993872862,nan,nan,45,46,39,6,0,5,0.847826087,1,0,1,0
4072.218222141,380.380248216,0.144658051,0.993872862,nan,nan,45,46,39,6,0,5,0.847826087,1,0,1,0
4080.055413961,380.448829999,0.144670579,0.993872862,nan,nan,46,47,40,6,0,5,0.851063830,1,0,1,0
4080.186240911,380.462929526,0.144689370,0.993872862,nan,nan,46,47,40,6,0,5,0.851063830,1,0,1,0
4081.229538202,380.546297037,0.144689370,0.993872862,nan,nan,46,47,40,6,0,5,0.851063830,1,0,1,0
4082.226717949,380.583448828,0.144689370,0.993872862,nan,nan,46,47,40,6,0,5,0.851063830,1,0,1,0
4083.214916945,380.634801983,0.144689370,0.993872862,nan,nan,46,47,40,6,0,5,0.851063830,1,0,1,0
4084.222817659,380.670454415,0.144689370,0.993872862,nan,nan,46,47,40,6,0,5,0.851063830,1,0,1,0
4085.237629652,380.697177133,0.144689370,0.993872862,nan,nan,46,47,40,6,0,5,0.851063830,1,0,1,0
4086.243209839,380.710960712,0.144704403,0.993872862,nan,nan,46,47,40,6,0,5,0.851063830,1,0,1,0
4087.197057009,380.713327763,0.144704403,0.993872862,nan,nan,46,47,40,6,0,5,0.851063830,1,0,1,0
4088.225342989,380.716276048,0.144704403,0.993872862,nan,nan,46,47,40,6,0,5,0.851063830,1,0,1,0
4089.206863403,380.723657180,0.144704403,0.993872862,nan,nan,46,47,40,6,0,5,0.851063830,1,0,1,0
4090.203436375,380.736301900,0.144704403,0.993872862,nan,nan,46,47,40,6,0,5,0.851063830,1,0,1,0
4091.205445528,380.760626835,0.144704403,0.993872862,nan,nan,46,47,40,6,0,5,0.851063830,1,0,1,0
4092.214479208,380.798722364,0.144704403,0.993872862,nan,nan,46,47,40,6,0,5,0.851063830,1,0,1,0
4093.205821991,380.859868521,0.144704403,0.993872862,nan,nan,46,47,40,6,0,5,0.851063830,1,0,1,0
4094.235561371,380.958150181,0.144706908,0.993872862,nan,nan,46,47,40,6,0,5,0.851063830,1,0,1,0
4095.229557991,381.067702138,0.144706908,0.993872862,nan,nan,46,47,40,6,0,5,0.851063830,1,0,1,0
4096.262047052,381.177607430,0.144706908,0.993872862,nan,nan,46,47,40,6,0,5,0.851063830,1,0,1,0
4097.202763796,381.277573764,0.144715677,0.993872862,nan,nan,46,47,40,6,0,5,0.851063830,1,0,1,0
4098.184544325,381.367570966,0.144715677,0.993872862,nan,nan,46,47,40,6,0,5,0.851063830,1,0,1,0
4099.229450464,381.477570644,0.144724447,0.993872862,nan,nan,46,47,40,6,0,5,0.851063830,1,0,1,0
4100.229721785,381.587570596,0.144724447,0.993872862,nan,nan,46,47,40,6,0,5,0.851063830,1,0,1,0
4101.214065552,381.707570572,0.144726952,0.993872862,nan,nan,46,47,40,6,0,5,0.851063830,1,0,1,0
4102.223229408,381.817562785,0.144726952,0.993872862,nan,nan,46,47,40,6,0,5,0.851063830,1,0,1,0
4103.194400549,381.907562771,0.144726952,0.993872862,nan,nan,46,47,40,6,0,5,0.851063830,1,0,1,0
4104.203099728,382.017547846,0.144728205,0.993872862,nan,nan,46,47,40,6,0,5,0.851063830,1,0,1,0
4105.243417263,382.137544276,0.144728205,0.993872862,nan,nan,46,47,40,6,0,5,0.851063830,1,0,1,0
4106.202938080,382.247544250,0.144730710,0.993872862,nan,nan,46,47,40,6,0,5,0.851063830,1,0,1,0
4107.194946051,382.357478736,0.144730710,0.993872862,nan,nan,46,47,40,6,0,5,0.851063830,1,0,1,0
4108.221689701,382.457476564,0.144731963,0.993872862,nan,nan,46,47,40,6,0,5,0.851063830,1,0,1,0
4109.255971432,382.567475503,0.144731963,0.993872862,nan,nan,46,47,40,6,0,5,0.851063830,1,0,1,0
4110.269590855,382.687361608,0.144731963,0.993872862,nan,nan,46,47,40,6,0,5,0.851063830,1,0,1,0
4111.223392248,382.787324394,0.144731963,0.993872862,nan,nan,46,47,40,6,0,5,0.851063830,1,0,1,0
4112.246362209,382.907318785,0.144731963,0.993872862,nan,nan,46,47,40,6,0,5,0.851063830,1,0,1,0
4113.206168413,383.017270234,0.144733216,0.993872862,nan,nan,46,47,40,6,0,5,0.851063830,1,0,1,0
4114.205321312,383.127269716,0.144733216,0.993872862,nan,nan,46,47,40,6,0,5,0.851063830,1,0,1,0
4115.251909018,383.237269027,0.144735721,0.993872862,nan,nan,46,47,40,6,0,5,0.851063830,1,0,1,0
4116.202609777,383.337262725,0.144735721,0.993872862,nan,nan,46,47,40,6,0,5,0.851063830,1,0,1,0
4117.213567734,383.447252583,0.144736974,0.993872862,nan,nan,46,47,40,6,0,5,0.851063830,1,0,1,0
4118.226873159,383.557230505,0.144736974,0.993872862,nan,nan,46,47,40,6,0,5,0.851063830,1,0,1,0
4119.182123184,383.677219656,0.144736974,0.993872862,nan,nan,46,47,40,6,0,5,0.851063830,1,0,1,0
4120.245360613,383.777219453,0.144743238,0.993872862,nan,nan,46,47,40,6,0,5,0.851063830,1,0,1,0
4121.217864990,383.897125490,0.144743238,0.993872862,nan,nan,46,47,40,6,0,5,0.851063830,1,0,1,0
4122.228275776,384.027054518,0.144744490,0.993872862,nan,nan,46,47,40,6,0,5,0.851063830,1,0,1,0
4123.201834202,384.146688627,0.144744490,0.993872862,nan,nan,46,47,40,6,0,5,0.851063830,1,0,1,0
4124.223532915,384.246027383,0.144745743,0.993872862,nan,nan,46,47,40,6,0,5,0.851063830,1,0,1,0
4125.226834297,384.353434281,0.144745743,0.993872862,nan,nan,46,47,40,6,0,5,0.851063830,1,0,1,0
4126.223541498,384.448191970,0.144757018,0.993872862,nan,nan,46,47,40,6,0,5,0.851063830,1,0,1,0
4127.238753557,384.546379513,0.144757018,0.993872862,nan,nan,46,47,40,6,0,5,0.851063830,1,0,1,0
4128.202586412,384.625479451,0.144757018,0.993872862,nan,nan,46,47,40,6,0,5,0.851063830,1,0,1,0
4129.203486443,384.712680644,0.144790842,0.993872862,nan,nan,46,47,40,6,0,5,0.851063830,1,0,1,0
4130.244817734,384.801792885,0.144790842,0.993872862,nan,nan,46,47,40,6,0,5,0.851063830,1,0,1,0
4131.204302788,384.892691421,0.144798358,0.993872862,nan,nan,46,47,40,6,0,5,0.851063830,1,0,1,0
4132.225172043,385.008267614,0.144798358,0.993872862,nan,nan,46,47,40,6,0,5,0.851063830,1,0,1,0
4133.195933819,385.158123820,0.144798358,0.993872862,nan,nan,46,47,40,6,0,5,0.851063830,1,0,1,0
4134.206287622,385.277951303,0.144807128,0.993872862,nan,nan,46,47,40,6,0,5,0.851063830,1,0,1,0
4135.241159678,385.407753499,0.144807128,0.993872862,nan,nan,46,47,40,6,0,5,0.851063830,1,0,1,0
4136.224197626,385.517278747,0.144845963,0.993872862,nan,nan,46,47,40,6,0,5,0.851063830,1,0,1,0
4137.218302011,385.637032963,0.144845963,0.993872862,nan,nan,46,47,40,6,0,5,0.851063830,1,0,1,0
4138.261753559,385.755830195,0.144876029,0.993872862,nan,nan,46,47,40,6,0,5,0.851063830,1,0,1,0
4139.215112209,385.904472287,0.145043896,0.993659340,nan,nan,46,47,40,6,0,5,0.851063830,1,0,1,0
4140.211926222,386.024428125,0.145043896,0.993659340,nan,nan,46,47,40,6,0,5,0.851063830,1,0,1,0
4141.207113981,386.124368980,0.145165412,0.993659340,nan,nan,46,47,40,6,0,5,0.851063830,1,0,1,0
4142.265640974,386.254252750,0.145165412,0.993659340,nan,nan,46,47,40,6,0,5,0.851063830,1,0,1,0
4143.241074800,386.354140609,0.145165412,0.993659340,nan,nan,46,47,40,6,0,5,0.851063830,1,0,1,0
4144.211040258,386.473682274,0.145226797,0.993659340,nan,nan,46,47,40,6,0,5,0.851063830,1,0,1,0
4145.202799082,386.573439649,0.145226797,0.993659340,nan,nan,46,47,40,6,0,5,0.851063830,1,0,1,0
4146.224892139,386.673348416,0.145130335,0.993798594,nan,nan,46,47,40,6,0,5,0.851063830,1,0,1,0
4147.235035181,386.783329296,0.145130335,0.993798594,nan,nan,46,47,40,6,0,5,0.851063830,1,0,1,0
4148.225635290,386.912975104,0.145223038,0.993798594,nan,nan,46,47,40,6,0,5,0.851063830,1,0,1,0
4149.222872496,387.032433265,0.145223038,0.993798594,nan,nan,46,47,40,6,0,5,0.851063830,1,0,1,0
4150.189596176,387.142268322,0.145256863,0.993798594,nan,nan,46,47,40,6,0,5,0.851063830,1,0,1,0
4151.204615593,387.232174202,0.145256863,0.993798594,nan,nan,46,47,40,6,0,5,0.851063830,1,0,1,0
4152.210749626,387.322024748,0.145256863,0.993798594,nan,nan,46,47,40,6,0,5,0.851063830,1,0,1,0
4153.193783998,387.431941802,0.145275654,0.993798594,nan,nan,46,47,40,6,0,5,0.851063830,1,0,1,0
4154.220018387,387.511878188,0.145275654,0.993798594,nan,nan,46,47,40,6,0,5,0.851063830,1,0,1,0
4155.247339964,387.621842126,0.145395917,0.993798594,nan,nan,46,47,40,6,0,5,0.851063830,1,0,1,0
4156.236855745,387.731842005,0.145395917,0.993798594,nan,nan,46,47,40,6,0,5,0.851063830,1,0,1,0
4157.283791304,387.831720095,0.145395917,0.993798594,nan,nan,46,47,40,6,0,5,0.851063830,1,0,1,0
4158.255083561,387.941663872,0.145607631,0.993798594,nan,nan,46,47,40,6,0,5,0.851063830,1,0,1,0
4159.194658756,388.040842263,0.145607631,0.993798594,nan,nan,46,47,40,6,0,5,0.851063830,1,0,1,0
4160.262270451,388.167673868,0.145778004,0.993798594,nan,nan,46,47,40,6,0,5,0.851063830,1,0,1,0
4161.200780630,388.279242432,0.145778004,0.993798594,nan,nan,46,47,40,6,0,5,0.851063830,1,0,1,0
4162.248554230,388.376164977,0.145920817,0.993798594,nan,nan,46,47,40,6,0,5,0.851063830,1,0,1,0
4163.189442873,388.497710421,0.145920817,0.993798594,nan,nan,46,47,40,6,0,5,0.851063830,1,0,1,0
4164.220886946,388.593749994,0.146008509,0.993798594,nan,nan,46,47,40,6,0,5,0.851063830,1,0,1,0
4165.218085051,388.697561662,0.146008509,0.993798594,nan,nan,46,47,40,6,0,5,0.851063830,1,0,1,0
4166.202506781,388.824861456,0.146036069,0.993798594,nan,nan,46,47,40,6,0,5,0.851063830,1,0,1,0
4167.179495335,388.933263597,0.146036069,0.993798594,nan,nan,46,47,40,6,0,5,0.851063830,1,0,1,0
4168.219142914,389.028836689,0.146036069,0.993798594,nan,nan,46,47,40,6,0,5,0.851063830,1,0,1,0
4169.236010075,389.110951903,0.146051102,0.993798594,nan,nan,46,47,40,6,0,5,0.851063830,1,0,1,0
4170.208004951,389.206047495,0.146051102,0.993798594,nan,nan,46,47,40,6,0,5,0.851063830,1,0,1,0
4171.217595339,389.270606969,0.146067388,0.993798594,nan,nan,46,47,40,6,0,5,0.851063830,1,0,1,0
4172.198029518,389.333494148,0.146067388,0.993798594,nan,nan,46,47,40,6,0,5,0.851063830,1,0,1,0
4173.195562363,389.399337021,0.146081168,0.993798594,nan,nan,46,47,40,6,0,5,0.851063830,1,0,1,0
4180.930196285,389.445124664,0.146081168,0.993798594,nan,nan,47,48,41,6,0,5,0.854166667,1,0,1,0
4181.177783728,389.460382964,0.146087431,0.993798594,nan,nan,47,48,41,6,0,5,0.854166667,1,0,1,0
4182.185950994,389.475827761,0.146087431,0.993798594,nan,nan,47,48,41,6,0,5,0.854166667,1,0,1,0
4183.181155682,389.523262404,0.146087431,0.993798594,nan,nan,47,48,41,6,0,5,0.854166667,1,0,1,0
4184.247777224,389.591265204,0.146087431,0.993798594,nan,nan,47,48,41,6,0,5,0.854166667,1,0,1,0
4185.227167845,389.630158387,0.146087431,0.993798594,nan,nan,47,48,41,6,0,5,0.854166667,1,0,1,0
4186.221568584,389.645574626,0.146087431,0.993798594,nan,nan,47,48,41,6,0,5,0.854166667,1,0,1,0
4187.188548088,389.649218264,0.146087431,0.993798594,nan,nan,47,48,41,6,0,5,0.854166667,1,0,1,0
4188.209003448,389.667040698,0.146087431,0.993798594,nan,nan,47,48,41,6,0,5,0.854166667,1,0,1,0
4189.216419935,389.704299957,0.146087431,0.993798594,nan,nan,47,48,41,6,0,5,0.854166667,1,0,1,0
4190.226646185,389.772689650,0.146087431,0.993798594,nan,nan,47,48,41,6,0,5,0.854166667,1,0,1,0
4191.185023785,389.856981466,0.146087431,0.993798594,nan,nan,47,48,41,6,0,5,0.854166667,1,0,1,0
4192.222061872,389.951145161,0.146088684,0.993798594,nan,nan,47,48,41,6,0,5,0.854166667,1,0,1,0
4193.221221209,390.069648864,0.146088684,0.993798594,nan,nan,47,48,41,6,0,5,0.854166667,1,0,1,0
4194.192445278,390.178929150,0.146089937,0.993798594,nan,nan,47,48,41,6,0,5,0.854166667,1,0,1,0
4195.228263140,390.288335379,0.146089937,0.993798594,nan,nan,47,48,41,6,0,5,0.854166667,1,0,1,0
4196.220867395,390.388087305,0.146089937,0.993798594,nan,nan,47,48,41,6,0,5,0.854166667,1,0,1,0
4197.179116726,390.517658704,0.146091190,0.993798594,nan,nan,47,48,41,6,0,5,0.854166667,1,0,1,0
4198.238302469,390.627379350,0.146091190,0.993798594,nan,nan,47,48,41,6,0,5,0.854166667,1,0,1,0
4199.198124647,390.737304034,0.146091190,0.993798594,nan,nan,47,48,41,6,0,5,0.854166667,1,0,1,0
4200.199457645,390.847128763,0.146091190,0.993798594,nan,nan,47,48,41,6,0,5,0.854166667,1,0,1,0
4201.253699780,390.956998367,0.146092442,0.993798594,nan,nan,47,48,41,6,0,5,0.854166667,1,0,1,0
4202.197039127,391.076813829,0.146092442,0.993798594,nan,nan,47,48,41,6,0,5,0.854166667,1,0,1,0
4203.241624594,391.176613495,0.146092442,0.993798594,nan,nan,47,48,41,6,0,5,0.854166667,1,0,1,0
4204.200967073,391.276544568,0.146092442,0.993798594,nan,nan,47,48,41,6,0,5,0.854166667,1,0,1,0
4205.189321995,391.376533914,0.146092442,0.993798594,nan,nan,47,48,41,6,0,5,0.854166667,1,0,1,0
4206.188591003,391.476387450,0.146092442,0.993798594,nan,nan,47,48,41,6,0,5,0.854166667,1,0,1,0
4207.204686165,391.576224218,0.146092442,0.993798594,nan,nan,47,48,41,6,0,5,0.854166667,1,0,1,0
4208.205290079,391.686212169,0.146092442,0.993798594,nan,nan,47,48,41,6,0,5,0.854166667,1,0,1,0
4209.224267721,391.796117150,0.146092442,0.993798594,nan,nan,47,48,41,6,0,5,0.854166667,1,0,1,0
4210.232608557,391.906094426,0.146092442,0.993798594,nan,nan,47,48,41,6,0,5,0.854166667,1,0,1,0
4211.213826656,392.015947843,0.146092442,0.993798594,nan,nan,47,48,41,6,0,5,0.854166667,1,0,1,0
4212.189013243,392.115812606,0.146092442,0.993798594,nan,nan,47,48,41,6,0,5,0.854166667,1,0,1,0
4213.218134165,392.225805605,0.146092442,0.993798594,nan,nan,47,48,41,6,0,5,0.854166667,1,0,1,0
4214.178669930,392.335760298,0.146092442,0.993798594,nan,nan,47,48,41,6,0,5,0.854166667,1,0,1,0
4215.185826778,392.435673946,0.146092442,0.993798594,nan,nan,47,48,41,6,0,5,0.854166667,1,0,1,0
4216.203626871,392.525523537,0.146092442,0.993798594,nan,nan,47,48,41,6,0,5,0.854166667,1,0,1,0
4217.208464384,392.635521709,0.146092442,0.993798594,nan,nan,47,48,41,6,0,5,0.854166667,1,0,1,0
4218.202729464,392.745418007,0.146092442,0.993798594,nan,nan,47,48,41,6,0,5,0.854166667,1,0,1,0
4219.201313019,392.855389944,0.146092442,0.993798594,nan,nan,47,48,41,6,0,5,0.854166667,1,0,1,0
4220.204583406,392.965320653,0.146092442,0.993798594,nan,nan,47,48,41,6,0,5,0.854166667,1,0,1,0
4221.199572325,393.065253878,0.146092442,0.993798594,nan,nan,47,48,41,6,0,5,0.854166667,1,0,1,0
4222.221412182,393.165145573,0.146093695,0.993798594,nan,nan,47,48,41,6,0,5,0.854166667,1,0,1,0
4223.215829849,393.265083574,0.146093695,0.993798594,nan,nan,47,48,41,6,0,5,0.854166667,1,0,1,0
4224.271534920,393.364844606,0.146093695,0.993798594,nan,nan,47,48,41,6,0,5,0.854166667,1,0,1,0
4225.204585552,393.474394625,0.146093695,0.993798594,nan,nan,47,48,41,6,0,5,0.854166667,1,0,1,0
4226.205668688,393.574211999,0.146093695,0.993798594,nan,nan,47,48,41,6,0,5,0.854166667,1,0,1,0
4227.201218128,393.674154293,0.146096201,0.993798594,nan,nan,47,48,41,6,0,5,0.854166667,1,0,1,0
4228.189583540,393.784036883,0.146096201,0.993798594,nan,nan,47,48,41,6,0,5,0.854166667,1,0,1,0
4229.203246593,393.873985516,0.146096201,0.993798594,nan,nan,47,48,41,6,0,5,0.854166667,1,0,1,0
4230.226190567,393.983879144,0.146096201,0.993798594,nan,nan,47,48,41,6,0,5,0.854166667,1,0,1,0
4231.216067791,394.093838999,0.146096201,0.993798594,nan,nan,47,48,41,6,0,5,0.854166667,1,0,1,0
4232.217882395,394.203682584,0.146096201,0.993798594,nan,nan,47,48,41,6,0,5,0.854166667,1,0,1,0
4233.182413340,394.293662096,0.146096201,0.993798594,nan,nan,47,48,41,6,0,5,0.854166667,1,0,1,0
4234.216906548,394.403577930,0.146096201,0.993798594,nan,nan,47,48,41,6,0,5,0.854166667,1,0,1,0
4235.213929176,394.503552822,0.146096201,0.993798594,nan,nan,47,48,41,6,0,5,0.854166667,1,0,1,0
4236.206827641,394.593447256,0.146096201,0.993798594,nan,nan,47,48,41,6,0,5,0.854166667,1,0,1,0
4237.197178364,394.703352650,0.146097453,0.993798594,nan,nan,47,48,41,6,0,5,0.854166667,1,0,1,0
4238.197746038,394.803216819,0.146097453,0.993798594,nan,nan,47,48,41,6,0,5,0.854166667,1,0,1,0
4239.234295368,394.903176232,0.146101212,0.993798594,nan,nan,47,48,41,6,0,5,0.854166667,1,0,1,0
4240.192073107,395.012968265,0.146101212,0.993798594,nan,nan,47,48,41,6,0,5,0.854166667,1,0,1,0
4241.227509737,395.112917838,0.146101212,0.993798594,nan,nan,47,48,41,6,0,5,0.854166667,1,0,1,0
4242.219177961,395.212874526,0.146117497,0.993798594,nan,nan,47,48,41,6,0,5,0.854166667,1,0,1,0
4243.183496952,395.312755666,0.146117497,0.993798594,nan,nan,47,48,41,6,0,5,0.854166667,1,0,1,0
4244.198953152,395.422754910,0.146127519,0.993798594,nan,nan,47,48,41,6,0,5,0.854166667,1,0,1,0
4245.222490788,395.522734635,0.146127519,0.993798594,nan,nan,47,48,41,6,0,5,0.854166667,1,0,1,0
4246.218894243,395.642363571,0.146127519,0.993798594,nan,nan,47,48,41,6,0,5,0.854166667,1,0,1,0
4247.209504604,395.732323910,0.146140047,0.993798594,nan,nan,47,48,41,6,0,5,0.854166667,1,0,1,0
4248.205937147,395.822161104,0.146140047,0.993798594,nan,nan,47,48,41,6,0,5,0.854166667,1,0,1,0
4249.200308800,395.922084103,0.146147563,0.993798594,nan,nan,47,48,41,6,0,5,0.854166667,1,0,1,0
4250.208331347,396.022008872,0.146147563,0.993798594,nan,nan,47,48,41,6,0,5,0.854166667,1,0,1,0
4251.249182224,396.111925190,0.146147563,0.993798594,nan,nan,47,48,41,6,0,5,0.854166667,1,0,1,0
4252.225172758,396.211815765,0.146181387,0.993798594,nan,nan,47,48,41,6,0,5,0.854166667,1,0,1,0
4253.262185335,396.321569933,0.146181387,0.993798594,nan,nan,47,48,41,6,0,5,0.854166667,1,0,1,0
4254.228240728,396.431480590,0.146222728,0.993798594,nan,nan,47,48,41,6,0,5,0.854166667,1,0,1,0
4255.214457750,396.531056381,0.146222728,0.993798594,nan,nan,47,48,41,6,0,5,0.854166667,1,0,1,0
4256.198755503,396.629065402,0.146222728,0.993798594,nan,nan,47,48,41,6,0,5,0.854166667,1,0,1,0
4257.189023972,396.723817141,0.146282859,0.993798594,nan,nan,47,48,41,6,0,5,0.854166667,1,0,1,0
4258.182004452,396.825734318,0.146282859,0.993798594,nan,nan,47,48,41,6,0,5,0.854166667,1,0,1,0
4259.203517437,396.916349602,0.146373057,0.993798594,nan,nan,47,48,41,6,0,5,0.854166667,1,0,1,0
4260.203507900,397.003564315,0.146373057,0.993798594,nan,nan,47,48,41,6,0,5,0.854166667,1,0,1,0
4261.220886469,397.103786549,0.146601056,0.993696475,nan,nan,47,48,41,6,0,5,0.854166667,1,0,1,0
4262.218729973,397.185098572,0.146601056,0.993696475,nan,nan,47,48,41,6,0,5,0.854166667,1,0,1,0
4263.191874504,397.262644664,0.146601056,0.993696475,nan,nan,47,48,41,6,0,5,0.854166667,1,0,1,0
4264.218591213,397.343435651,0.146925517,0.993696475,nan,nan,47,48,41,6,0,5,0.854166667,1,0,1,0
4265.202598333,397.425628865,0.146925517,0.993696475,nan,nan,47,48,41,6,0,5,0.854166667,1,0,1,0
4266.234277725,397.498210981,0.147363977,0.993696475,nan,nan,47,48,41,6,0,5,0.854166667,1,0,1,0
4267.217002153,397.556779104,0.147363977,0.993696475,nan,nan,47,48,41,6,0,5,0.854166667,1,0,1,0
4268.178063154,397.621306714,0.148081799,0.993622206,nan,nan,47,48,41,6,0,5,0.854166667,1,0,1,0
4269.229911089,397.702942423,0.148081799,0.993622206,nan,nan,47,48,41,6,0,5,0.854166667,1,0,1,0
4270.221096516,397.772575875,0.148081799,0.993622206,nan,nan,47,48,42,6,0,5,0.875000000,1,0,1,0
4278.919726372,397.824309187,0.148081799,0.993622206,nan,nan,48,49,42,6,0,5,0.857142857,1,0,1,0
4279.204463005,397.831393611,0.150127529,0.993622206,nan,nan,48,49,42,6,0,5,0.857142857,1,0,1,0
4280.228548765,397.859915027,0.150127529,0.993622206,nan,nan,48,49,42,6,0,5,0.857142857,1,0,1,0
4281.207999706,397.918867832,0.150127529,0.993622206,nan,nan,48,49,42,6,0,5,0.857142857,1,0,1,0
4282.232593775,397.955542194,0.150127529,0.993622206,nan,nan,48,49,42,6,0,5,0.857142857,1,0,1,0
4283.217107296,397.964876164,0.150127529,0.993622206,nan,nan,48,49,42,6,0,5,0.857142857,1,0,1,0
4284.228480101,397.967567847,0.150801505,0.993622206,nan,nan,48,49,42,6,0,5,0.857142857,1,0,1,0
4285.227230549,397.971344514,0.150801505,0.993622206,nan,nan,48,49,42,6,0,5,0.857142857,1,0,1,0
4286.200465441,397.980005688,0.150801505,0.993622206,nan,nan,48,49,42,6,0,5,0.857142857,1,0,1,0
4287.215050697,397.999041974,0.150801505,0.993622206,nan,nan,48,49,42,6,0,5,0.857142857,1,0,1,0
4288.219830275,398.034633980,0.150801505,0.993622206,nan,nan,48,49,42,6,0,5,0.857142857,1,0,1,0
4289.250936985,398.106539772,0.150801505,0.993622206,nan,nan,48,49,42,6,0,5,0.857142857,1,0,1,0
4290.180167675,398.203125009,0.150801505,0.993622206,nan,nan,48,49,42,6,0,5,0.857142857,1,0,1,0
4291.204105616,398.330773730,0.151290075,0.993622206,nan,nan,48,49,42,6,0,5,0.857142857,1,0,1,0
4292.202396870,398.440601643,0.151290075,0.993622206,nan,nan,48,49,42,6,0,5,0.857142857,1,0,1,0
4293.217424870,398.540541926,0.151622052,0.993622206,nan,nan,48,49,42,6,0,5,0.857142857,1,0,1,0
4294.189959526,398.650384670,0.151622052,0.993622206,nan,nan,48,49,42,6,0,5,0.857142857,1,0,1,0
4295.245734930,398.780354201,0.151826249,0.993622206,nan,nan,48,49,42,6,0,5,0.857142857,1,0,1,0
4296.212033749,398.930248812,0.151826249,0.993622206,nan,nan,48,49,42,6,0,5,0.857142857,1,0,1,0
4297.196462154,399.040205793,0.151980337,0.993622206,nan,nan,48,49,42,6,0,5,0.857142857,1,0,1,0
4298.201207876,399.149830301,0.151980337,0.993622206,nan,nan,48,49,42,6,0,5,0.857142857,1,0,1,0
4299.224811792,399.249726707,0.152135677,0.993622206,nan,nan,48,49,42,6,0,5,0.857142857,1,0,1,0
4300.216113329,399.359456129,0.152135677,0.993622206,nan,nan,48,49,42,6,0,5,0.857142857,1,0,1,0
4301.192174673,399.469151285,0.152218358,0.993622206,nan,nan,48,49,42,6,0,5,0.857142857,1,0,1,0
4302.206111431,399.578895033,0.152218358,0.993622206,nan,nan,48,49,42,6,0,5,0.857142857,1,0,1,0
4303.217966080,399.688776912,0.152218358,0.993622206,nan,nan,48,49,42,6,0,5,0.857142857,1,0,1,0
4304.197459936,399.818509495,0.152317325,0.993622206,nan,nan,48,49,42,6,0,5,0.857142857,1,0,1,0
4305.230353117,399.938277267,0.152317325,0.993622206,nan,nan,48,49,42,6,0,5,0.857142857,1,0,1,0
4306.237873554,400.058020606,0.152417544,0.993622206,nan,nan,48,49,42,6,0,5,0.857142857,1,0,1,0
4307.224248648,400.167830843,0.152417544,0.993622206,nan,nan,48,49,42,6,0,5,0.857142857,1,0,1,0
4308.201506615,400.267634750,0.152492709,0.993622206,nan,nan,48,49,42,6,0,5,0.857142857,1,0,1,0
4309.196969509,400.377110056,0.152492709,0.993622206,nan,nan,48,49,42,6,0,5,0.857142857,1,0,1,0
4310.194195986,400.496967372,0.152541566,0.993622206,nan,nan,48,49,42,6,0,5,0.857142857,1,0,1,0
4311.242361069,400.616773079,0.152541566,0.993622206,nan,nan,48,49,42,6,0,5,0.857142857,1,0,1,0
4312.224733353,400.735893768,0.152566621,0.993622206,nan,nan,48,49,42,6,0,5,0.857142857,1,0,1,0
4313.208390951,400.855833486,0.152566621,0.993622206,nan,nan,48,49,42,6,0,5,0.857142857,1,0,1,0
4314.212196589,400.955832287,0.152582907,0.993622206,nan,nan,48,49,42,6,0,5,0.857142857,1,0,1,0
4315.201363564,401.065827105,0.152582907,0.993622206,nan,nan,48,49,42,6,0,5,0.857142857,1,0,1,0
4316.262982130,401.195804280,0.152582907,0.993622206,nan,nan,48,49,42,6,0,5,0.857142857,1,0,1,0
4317.225531101,401.315784017,0.152600445,0.993622206,nan,nan,48,49,42,6,0,5,0.857142857,1,0,1,0
4318.239354134,401.425485003,0.152600445,0.993622206,nan,nan,48,49,42,6,0,5,0.857142857,1,0,1,0
4319.229544163,401.530972765,0.152607961,0.993622206,nan,nan,48,49,42,6,0,5,0.857142857,1,0,1,0
4320.185011864,401.634209493,0.152607961,0.993622206,nan,nan,48,49,42,6,0,5,0.857142857,1,0,1,0
4329.813605547,401.712493900,0.152620489,0.993622206,nan,nan,49,50,43,6,0,5,0.860000000,1,0,1,0
4330.198222399,401.815385310,0.152666840,0.993622206,nan,nan,49,50,43,6,0,5,0.860000000,1,0,1,0
4331.200454950,401.845306087,0.152666840,0.993622206,nan,nan,49,50,43,6,0,5,0.860000000,1,0,1,0
4332.213391304,401.894236456,0.152666840,0.993622206,nan,nan,49,50,43,6,0,5,0.860000000,1,0,1,0
4333.214788675,401.927730179,0.152666840,0.993622206,nan,nan,49,50,43,6,0,5,0.860000000,1,0,1,0
4334.206631184,401.951493857,0.152666840,0.993622206,nan,nan,49,50,43,6,0,5,0.860000000,1,0,1,0
4335.266846657,401.963508916,0.152666840,0.993622206,nan,nan,49,50,43,6,0,5,0.860000000,1,0,1,0
4336.212564468,401.966862483,0.152666840,0.993622206,nan,nan,49,50,43,6,0,5,0.860000000,1,0,1,0
4337.186007023,401.968719664,0.152666840,0.993622206,nan,nan,49,50,43,6,0,5,0.860000000,1,0,1,0
4338.223600626,401.975545898,0.152666840,0.993622206,nan,nan,49,50,43,6,0,5,0.860000000,1,0,1,0
4339.207435846,401.989774564,0.152666840,0.993622206,nan,nan,49,50,43,6,0,5,0.860000000,1,0,1,0
4340.206559420,402.014149933,0.152666840,0.993622206,nan,nan,49,50,43,6,0,5,0.860000000,1,0,1,0
4341.218178034,402.074330967,0.152666840,0.993622206,nan,nan,49,50,43,6,0,5,0.860000000,1,0,1,0
4342.243423223,402.157438320,0.152675610,0.993622206,nan,nan,49,50,43,6,0,5,0.860000000,1,0,1,0
4343.198351383,402.272225329,0.152675610,0.993622206,nan,nan,49,50,43,6,0,5,0.860000000,1,0,1,0
4344.213759184,402.361909642,0.152675610,0.993622206,nan,nan,49,50,43,6,0,5,0.860000000,1,0,1,0
4345.225654602,402.481856554,0.152688137,0.993622206,nan,nan,49,50,43,6,0,5,0.860000000,1,0,1,0
4346.232699156,402.611608492,0.152688137,0.993622206,nan,nan,49,50,43,6,0,5,0.860000000,1,0,1,0
4347.213989019,402.721595491,0.152688137,0.993622206,nan,nan,49,50,43,6,0,5,0.860000000,1,0,1,0
4348.207095861,402.831595168,0.152688137,0.993622206,nan,nan,49,50,43,6,0,5,0.860000000,1,0,1,0
4349.221568823,402.951551585,0.152696906,0.993622206,nan,nan,49,50,43,6,0,5,0.860000000,1,0,1,0
4350.216831207,403.071473754,0.152696906,0.993622206,nan,nan,49,50,43,6,0,5,0.860000000,1,0,1,0
4351.197498798,403.191424662,0.152698159,0.993622206,nan,nan,49,50,43,6,0,5,0.860000000,1,0,1,0
4352.214313507,403.291329585,0.152698159,0.993622206,nan,nan,49,50,43,6,0,5,0.860000000,1,0,1,0
4353.212480068,403.421092964,0.152700664,0.993622206,nan,nan,49,50,43,6,0,5,0.860000000,1,0,1,0
4354.210223913,403.540923298,0.152700664,0.993622206,nan,nan,49,50,43,6,0,5,0.860000000,1,0,1,0
4355.232028961,403.650791896,0.152736994,0.993622206,nan,nan,49,50,43,6,0,5,0.860000000,1,0,1,0
4356.239957094,403.770671753,0.152736994,0.993622206,nan,nan,49,50,43,6,0,5,0.860000000,1,0,1,0
4357.213742495,403.880547394,0.152744510,0.993622206,nan,nan,49,50,43,6,0,5,0.860000000,1,0,1,0
4358.203623772,403.990452091,0.152744510,0.993622206,nan,nan,49,50,43,6,0,5,0.860000000,1,0,1,0
4359.233588219,404.100400192,0.152744510,0.993622206,nan,nan,49,50,43,6,0,5,0.860000000,1,0,1,0
4360.216131926,404.220391364,0.152760796,0.993622206,nan,nan,49,50,43,6,0,5,0.860000000,1,0,1,0
4361.192963123,404.350138132,0.152760796,0.993622206,nan,nan,49,50,43,6,0,5,0.860000000,1,0,1,0
4362.218956947,404.469995639,0.152770818,0.993622206,nan,nan,49,50,43,6,0,5,0.860000000,1,0,1,0
4363.217578411,404.579597861,0.152770818,0.993622206,nan,nan,49,50,43,6,0,5,0.860000000,1,0,1,0
4364.224651337,404.699535930,0.152778335,0.993622206,nan,nan,49,50,43,6,0,5,0.860000000,1,0,1,0
4365.197272539,404.819428455,0.152778335,0.993622206,nan,nan,49,50,43,6,0,5,0.860000000,1,0,1,0
4366.201193571,404.939292031,0.152804642,0.993622206,nan,nan,49,50,43,6,0,5,0.860000000,1,0,1,0
4367.238352060,405.059082627,0.152804642,0.993622206,nan,nan,49,50,43,6,0,5,0.860000000,1,0,1,0
4368.215099335,405.178811533,0.152845983,0.993622206,nan,nan,49,50,43,6,0,5,0.860000000,1,0,1,0
4369.195970058,405.288793561,0.152845983,0.993622206,nan,nan,49,50,43,6,0,5,0.860000000,1,0,1,0
4370.213693857,405.418749740,0.152933675,0.993622206,nan,nan,49,50,43,6,0,5,0.860000000,1,0,1,0
4371.227399349,405.538622748,0.152933675,0.993622206,nan,nan,49,50,43,6,0,5,0.860000000,1,0,1,0
4372.194671869,405.648483183,0.153072729,0.993622206,nan,nan,49,50,43,6,0,5,0.860000000,1,0,1,0
4373.219438076,405.778443227,0.153072729,0.993622206,nan,nan,49,50,43,6,0,5,0.860000000,1,0,1,0
4374.187355757,405.878416459,0.153072729,0.993622206,nan,nan,49,50,43,6,0,5,0.860000000,1,0,1,0
4375.249923706,405.998292588,0.153135366,0.993622206,nan,nan,49,50,43,6,0,5,0.860000000,1,0,1,0
4376.210204601,406.108078953,0.153135366,0.993622206,nan,nan,49,50,43,6,0,5,0.860000000,1,0,1,0
4377.213321447,406.218010548,0.153200509,0.993622206,nan,nan,49,50,43,6,0,5,0.860000000,1,0,1,0
4378.249709368,406.348002366,0.153200509,0.993622206,nan,nan,49,50,43,6,0,5,0.860000000,1,0,1,0
4379.198807955,406.467926722,0.153283190,0.993622206,nan,nan,49,50,43,6,0,5,0.860000000,1,0,1,0
4380.264930725,406.567694974,0.153283190,0.993622206,nan,nan,49,50,43,6,0,5,0.860000000,1,0,1,0
4381.222296476,406.697515777,0.153390926,0.993622206,nan,nan,49,50,43,6,0,5,0.860000000,1,0,1,0
4382.222651720,406.817429180,0.153390926,0.993622206,nan,nan,49,50,43,6,0,5,0.860000000,1,0,1,0
4383.214174747,406.927407823,0.153513695,0.993622206,nan,nan,49,50,43,6,0,5,0.860000000,1,0,1,0
4384.195428371,407.037194780,0.153513695,0.993622206,nan,nan,49,50,43,6,0,5,0.860000000,1,0,1,0
4385.205012798,407.157087733,0.153626442,0.993622206,nan,nan,49,50,43,6,0,5,0.860000000,1,0,1,0
4386.189176559,407.256763020,0.153626442,0.993622206,nan,nan,49,50,43,6,0,5,0.860000000,1,0,1,0
4387.224970341,407.366645876,0.153626442,0.993622206,nan,nan,49,50,43,6,0,5,0.860000000,1,0,1,0
4388.180598974,407.486556889,0.153778024,0.993622206,nan,nan,49,50,43,6,0,5,0.860000000,1,0,1,0
4389.202768564,407.596420321,0.153778024,0.993622206,nan,nan,49,50,43,6,0,5,0.860000000,1,0,1,0
4390.210633993,407.716414669,0.154043605,0.993622206,nan,nan,49,50,43,6,0,5,0.860000000,1,0,1,0
4391.212658644,407.826202739,0.154043605,0.993622206,nan,nan,49,50,43,6,0,5,0.860000000,1,0,1,0
4392.197786331,407.946084678,0.154452000,0.993622206,nan,nan,49,50,43,6,0,5,0.860000000,1,0,1,0
4393.226461887,408.055947254,0.154452000,0.993622206,nan,nan,49,50,43,6,0,5,0.860000000,1,0,1,0
4394.202187300,408.165865401,0.154741384,0.993622206,nan,nan,49,50,43,6,0,5,0.860000000,1,0,1,0
4395.223583937,408.265824926,0.154741384,0.993622206,nan,nan,49,50,43,6,0,5,0.860000000,1,0,1,0
4396.222744465,408.375714889,0.155112196,0.993622206,nan,nan,49,50,43,6,0,5,0.860000000,1,0,1,0
4397.210515738,408.495502169,0.155112196,0.993622206,nan,nan,49,50,43,6,0,5,0.860000000,1,0,1,0
4398.230023146,408.625438883,0.155112196,0.993622206,nan,nan,49,50,43,6,0,5,0.860000000,1,0,1,0
4399.233103991,408.765351916,0.155112196,0.993622206,nan,nan,49,50,43,6,0,5,0.860000000,1,0,1,0
4400.225441694,408.885269274,0.155571953,0.993622206,nan,nan,49,50,43,6,0,5,0.860000000,1,0,1,0
4401.212251186,408.995161493,0.155571953,0.993622206,nan,nan,49,50,43,6,0,5,0.860000000,1,0,1,0
4402.207863331,409.115086537,0.155951534,0.993622206,nan,nan,49,50,43,6,0,5,0.860000000,1,0,1,0
4403.214066505,409.224950594,0.156451379,0.993622206,nan,nan,49,50,43,6,0,5,0.860000000,1,0,1,0
4404.214571953,409.334665817,0.156451379,0.993622206,nan,nan,49,50,43,6,0,5,0.860000000,1,0,1,0
4405.225282192,409.444616213,0.157013860,0.993622206,nan,nan,49,50,43,6,0,5,0.860000000,1,0,1,0
4406.206953526,409.554508647,0.157013860,0.993622206,nan,nan,49,50,43,6,0,5,0.860000000,1,0,1,0
4407.204298973,409.664380703,0.157773023,0.993622206,nan,nan,49,50,43,6,0,5,0.860000000,1,0,1,0
4408.219961166,409.774240277,0.157773023,0.993622206,nan,nan,49,50,43,6,0,5,0.860000000,1,0,1,0
4409.209370852,409.884016789,0.158329241,0.993622206,nan,nan,49,50,43,6,0,5,0.860000000,1,0,1,0
4410.237900257,409.993938198,0.158329241,0.993622206,nan,nan,49,50,43,6,0,5,0.860000000,1,0,1,0
4411.221579313,410.123802447,0.158329241,0.993622206,nan,nan,49,50,43,6,0,5,0.860000000,1,0,1,0
4412.229114771,410.233762962,0.158500867,0.993622206,nan,nan,49,50,43,6,0,5,0.860000000,1,0,1,0
4413.219931126,410.353594129,0.158500867,0.993622206,nan,nan,49,50,43,6,0,5,0.860000000,1,0,1,0
4414.243493319,410.473394457,0.158500867,0.993622206,nan,nan,49,50,43,6,0,5,0.860000000,1,0,1,0
4415.220701456,410.593201286,0.158500867,0.993622206,nan,nan,49,50,43,6,0,5,0.860000000,1,0,1,0
4416.227737427,410.702992821,0.158617372,0.993622206,nan,nan,49,50,43,6,0,5,0.860000000,1,0,1,0
4417.267575741,410.812905744,0.158617372,0.993622206,nan,nan,49,50,43,6,0,5,0.860000000,1,0,1,0
4418.180342197,410.942491753,0.158632405,0.993622206,nan,nan,49,50,43,6,0,5,0.860000000,1,0,1,0
4419.206939459,411.062435964,0.158632405,0.993622206,nan,nan,49,50,43,6,0,5,0.860000000,1,0,1,0
4420.242814064,411.182257664,0.158638669,0.993622206,nan,nan,49,50,43,6,0,5,0.860000000,1,0,1,0
4421.209208727,411.302064918,0.158638669,0.993622206,nan,nan,49,50,43,6,0,5,0.860000000,1,0,1,0
4422.193923235,411.421926978,0.158642427,0.993622206,nan,nan,49,50,43,6,0,5,0.860000000,1,0,1,0
4423.260012388,411.551763576,0.158642427,0.993622206,nan,nan,49,50,43,6,0,5,0.860000000,1,0,1,0
4424.198264599,411.671169570,0.158648691,0.993622206,nan,nan,49,50,43,6,0,5,0.860000000,1,0,1,0
4425.202709198,411.795788663,0.158648691,0.993622206,nan,nan,49,50,43,6,0,5,0.860000000,1,0,1,0
4426.214356899,411.895962338,0.158654954,0.993622206,nan,nan,49,50,43,6,0,5,0.860000000,1,0,1,0
4427.228684664,411.990893905,0.158654954,0.993622206,nan,nan,49,50,43,6,0,5,0.860000000,1,0,1,0
4428.228320599,412.057705251,0.158658713,0.993622206,nan,nan,49,50,43,6,0,5,0.860000000,1,0,1,0
4429.202422857,412.110111394,0.158658713,0.993622206,nan,nan,49,50,43,6,0,5,0.860000000,1,0,1,0
4430.260660172,412.176244085,0.158662471,0.993622206,nan,nan,49,50,43,6,0,5,0.860000000,1,0,1,0
4431.218789339,412.225220027,0.158662471,0.993622206,nan,nan,49,50,43,6,0,5,0.860000000,1,0,1,0
4432.217476606,412.272379704,0.158663724,0.993622206,nan,nan,49,50,43,6,0,5,0.860000000,1,0,1,0
4433.207466364,412.311408021,0.158663724,0.993622206,nan,nan,49,50,43,6,0,5,0.860000000,1,0,1,0
4434.208220482,412.354655626,0.158663724,0.993622206,nan,nan,49,50,43,6,0,5,0.860000000,1,0,1,0
4435.187208891,412.388786272,0.158663724,0.993622206,nan,nan,49,50,43,6,0,5,0.860000000,1,0,1,0
4436.196913719,412.424113256,0.158667482,0.993622206,nan,nan,49,50,43,6,0,5,0.860000000,1,0,1,0
4437.230274200,412.452294211,0.158667482,0.993622206,nan,nan,49,50,43,6,0,5,0.860000000,1,0,1,0
4438.231967211,412.479758314,0.158667482,0.993622206,nan,nan,49,50,43,6,0,5,0.860000000,1,0,1,0
4439.218194008,412.503914500,0.158667482,0.993622206,nan,nan,49,50,43,6,0,5,0.860000000,1,0,1,0
4440.229510546,412.525177790,0.158667482,0.993622206,nan,nan,49,50,43,6,0,5,0.860000000,1,0,1,0
4441.192462921,412.545304303,0.158669987,0.993622206,nan,nan,49,50,43,6,0,5,0.860000000,1,0,1,0
4442.192256689,412.558516628,0.158669987,0.993622206,nan,nan,49,50,43,6,0,5,0.860000000,1,0,1,0
4443.220169544,412.572670309,0.158669987,0.993622206,nan,nan,49,50,43,6,0,5,0.860000000,1,0,1,0
4444.206551075,412.584469255,0.158669987,0.993622206,nan,nan,49,50,43,6,0,5,0.860000000,1,0,1,0
4445.205106735,412.595369199,0.158669987,0.993622206,nan,nan,49,50,43,6,0,5,0.860000000,1,0,1,0
4446.218010664,412.605793248,0.158669987,0.993622206,nan,nan,49,50,43,6,0,5,0.860000000,1,0,1,0
4447.217639685,412.612369324,0.158669987,0.993622206,nan,nan,49,50,43,6,0,5,0.860000000,1,0,1,0
4448.198078156,412.621097306,0.158669987,0.993622206,nan,nan,49,50,43,6,0,5,0.860000000,1,0,1,0
4449.278040886,412.626293397,0.158669987,0.993622206,nan,nan,49,50,43,6,0,5,0.860000000,1,0,1,0
4450.217142344,412.631243337,0.158669987,0.993622206,nan,nan,49,50,43,6,0,5,0.860000000,1,0,1,0
4451.230424881,412.635285087,0.158669987,0.993622206,nan,nan,49,50,43,6,0,5,0.860000000,1,0,1,0
4452.205530405,412.639303874,0.158669987,0.993622206,nan,nan,49,50,43,6,0,5,0.860000000,1,0,1,0
4453.206232786,412.641815816,0.158669987,0.993622206,nan,nan,49,50,43,6,0,5,0.860000000,1,0,1,0
4454.207406044,412.643829498,0.158669987,0.993622206,nan,nan,49,50,43,6,0,5,0.860000000,1,0,1,0
4455.226894379,412.646509348,0.158669987,0.993622206,nan,nan,49,50,43,6,0,5,0.860000000,1,0,1,0
4456.202724934,412.647517967,0.158669987,0.993622206,nan,nan,49,50,43,6,0,5,0.860000000,1,0,1,0
4457.207285166,412.648706792,0.158669987,0.993622206,nan,nan,49,50,43,6,0,5,0.860000000,1,0,1,0
4458.222991943,412.649274477,0.158669987,0.993622206,nan,nan,49,50,43,6,0,5,0.860000000,1,0,1,0
4459.208348989,412.649717874,0.158669987,0.993622206,nan,nan,49,50,43,6,0,5,0.860000000,1,0,1,0
4460.200392962,412.650315666,0.158669987,0.993622206,nan,nan,49,50,43,6,0,5,0.860000000,1,0,1,0
4461.213489532,412.651419962,0.158669987,0.993622206,nan,nan,49,50,43,6,0,5,0.860000000,1,0,1,0
4462.196783543,412.651948444,0.158669987,0.993622206,nan,nan,49,50,43,6,0,5,0.860000000,1,0,1,0
4463.227075100,412.653070868,0.158669987,0.993622206,nan,nan,49,50,43,6,0,5,0.860000000,1,0,1,0
4464.217238903,412.653963503,0.158669987,0.993622206,nan,nan,49,50,43,6,0,5,0.860000000,1,0,1,0
4465.211003065,412.655634933,0.158669987,0.993622206,nan,nan,49,50,43,6,0,5,0.860000000,1,0,1,0
4466.203437567,412.656673644,0.158669987,0.993622206,nan,nan,49,50,43,6,0,5,0.860000000,1,0,1,0
4467.203151464,412.657446884,0.158669987,0.993622206,nan,nan,49,50,43,6,0,5,0.860000000,1,0,1,0
4468.208155394,412.657853461,0.158669987,0.993622206,nan,nan,49,50,43,6,0,5,0.860000000,1,0,1,0
4469.212173223,412.658191913,0.158669987,0.993622206,nan,nan,49,50,43,6,0,5,0.860000000,1,0,1,0
4470.232969284,412.658948330,0.158669987,0.993622206,nan,nan,49,50,43,6,0,5,0.860000000,1,0,1,0
4471.204979420,412.659914669,0.158669987,0.993622206,nan,nan,49,50,43,6,0,5,0.860000000,1,0,1,0
4472.225302935,412.660495291,0.158669987,0.993622206,nan,nan,49,50,43,6,0,5,0.860000000,1,0,1,0
4473.255797625,412.661051534,0.158669987,0.993622206,nan,nan,49,50,43,6,0,5,0.860000000,1,0,1,0
4474.236888409,412.662045260,0.158669987,0.993622206,nan,nan,49,50,43,6,0,5,0.860000000,1,0,1,0
4475.236711025,412.662573678,0.158669987,0.993622206,nan,nan,49,50,43,6,0,5,0.860000000,1,0,1,0
4476.201705694,412.663565049,0.158669987,0.993622206,nan,nan,49,50,43,6,0,5,0.860000000,1,0,1,0
4477.208265305,412.664406645,0.158669987,0.993622206,nan,nan,49,50,43,6,0,5,0.860000000,1,0,1,0
4478.215582371,412.665141646,0.158669987,0.993622206,nan,nan,49,50,43,6,0,5,0.860000000,1,0,1,0
4479.221039772,412.665791262,0.158669987,0.993622206,nan,nan,49,50,43,6,0,5,0.860000000,1,0,1,0
4480.244796515,412.666749517,0.158669987,0.993622206,nan,nan,49,50,43,6,0,5,0.860000000,1,0,1,0
4481.190963507,412.667251401,0.158669987,0.993622206,nan,nan,49,50,43,6,0,5,0.860000000,1,0,1,0
4482.222321749,412.667543553,0.158669987,0.993622206,nan,nan,49,50,43,6,0,5,0.860000000,1,0,1,0
4483.246599197,412.668257963,0.158669987,0.993622206,nan,nan,49,50,43,6,0,5,0.860000000,1,0,1,0
4484.229424477,412.668883524,0.158669987,0.993622206,nan,nan,49,50,43,6,0,5,0.860000000,1,0,1,0
4485.183632612,412.669007327,0.158669987,0.993622206,nan,nan,49,50,43,6,0,5,0.860000000,1,0,1,0
4486.212082863,412.670403475,0.158669987,0.993622206,nan,nan,49,50,43,6,0,5,0.860000000,1,0,1,0
4487.257924557,412.673433319,0.158669987,0.993622206,nan,nan,49,50,43,6,0,5,0.860000000,1,0,1,0
4488.201938629,412.676550464,0.158669987,0.993622206,nan,nan,49,50,43,6,0,5,0.860000000,1,0,1,0
4489.178695917,412.677708124,0.158669987,0.993622206,nan,nan,49,50,43,6,0,5,0.860000000,1,0,1,0
4490.180597544,412.680420380,0.158669987,0.993622206,nan,nan,49,50,43,6,0,5,0.860000000,1,0,1,0
4491.207444668,412.683364586,0.158669987,0.993622206,nan,nan,49,50,43,6,0,5,0.860000000,1,0,1,0
4492.202845335,412.687113767,0.158669987,0.993622206,nan,nan,49,50,43,6,0,5,0.860000000,1,0,1,0
4493.213324308,412.689286343,0.158669987,0.993622206,nan,nan,49,50,43,6,0,5,0.860000000,1,0,1,0
4494.221993208,412.692056580,0.158669987,0.993622206,nan,nan,49,50,43,6,0,5,0.860000000,1,0,1,0
4495.228034258,412.694421787,0.158669987,0.993622206,nan,nan,49,50,43,6,0,5,0.860000000,1,0,1,0
4496.181069851,412.697025974,0.158669987,0.993622206,nan,nan,49,50,43,6,0,5,0.860000000,1,0,1,0
4497.190115452,412.698178512,0.158669987,0.993622206,nan,nan,49,50,43,6,0,5,0.860000000,1,0,1,0
4498.194406986,412.699429102,0.158669987,0.993622206,nan,nan,49,50,43,6,0,5,0.860000000,1,0,1,0
4499.204333782,412.700157689,0.158669987,0.993622206,nan,nan,49,50,43,6,0,5,0.860000000,1,0,1,0
4500.201923609,412.700917923,0.158669987,0.993622206,nan,nan,49,50,43,6,0,5,0.860000000,1,0,1,0
4501.207592010,412.702154821,0.158669987,0.993622206,nan,nan,49,50,43,6,0,5,0.860000000,1,0,1,0
4502.225288630,412.702531034,0.158669987,0.993622206,nan,nan,49,50,43,6,0,5,0.860000000,1,0,1,0
4503.245826244,412.706220814,0.158669987,0.993622206,nan,nan,49,50,43,6,0,5,0.860000000,1,0,1,0
4504.233293295,412.712165837,0.158669987,0.993622206,nan,nan,49,50,43,6,0,5,0.860000000,1,0,1,0
4505.194817305,412.720082955,0.158669987,0.993622206,nan,nan,49,50,43,6,0,5,0.860000000,1,0,1,0
4506.225799799,412.729817726,0.158669987,0.993622206,nan,nan,49,50,43,6,0,5,0.860000000,1,0,1,0
4507.229452133,412.741743357,0.158669987,0.993622206,nan,nan,49,50,43,6,0,5,0.860000000,1,0,1,0
4508.213014364,412.754698583,0.158669987,0.993622206,nan,nan,49,50,43,6,0,5,0.860000000,1,0,1,0
4509.222152948,412.768404743,0.158669987,0.993622206,nan,nan,49,50,43,6,0,5,0.860000000,1,0,1,0
4510.215046644,412.783329185,0.158669987,0.993622206,nan,nan,49,50,43,6,0,5,0.860000000,1,0,1,0
4511.210534096,412.798834674,0.158669987,0.993622206,nan,nan,49,50,43,6,0,5,0.860000000,1,0,1,0
4512.222759724,412.815547478,0.158669987,0.993622206,nan,nan,49,50,43,6,0,5,0.860000000,1,0,1,0
4513.219814062,412.831884737,0.158669987,0.993622206,nan,nan,49,50,43,6,0,5,0.860000000,1,0,1,0
4514.227121830,412.848508725,0.158669987,0.993622206,nan,nan,49,50,43,6,0,5,0.860000000,1,0,1,0
4515.197763681,412.865165418,0.158669987,0.993622206,nan,nan,49,50,43,6,0,5,0.860000000,1,0,1,0
4516.219262123,412.867389999,0.158683767,0.993622206,nan,nan,49,50,43,6,0,5,0.860000000,1,0,1,0
4517.219899416,412.873644134,0.158683767,0.993622206,nan,nan,49,50,43,6,0,5,0.860000000,1,0,1,0
4518.202843428,412.884655256,0.158683767,0.993622206,nan,nan,49,50,43,6,0,5,0.860000000,1,0,1,0
4519.207529068,412.897529538,0.158683767,0.993622206,nan,nan,49,50,43,6,0,5,0.860000000,1,0,1,0
4520.211006880,412.907683935,0.158683767,0.993622206,nan,nan,49,50,43,6,0,5,0.860000000,1,0,1,0
4521.209300280,412.921403521,0.158683767,0.993622206,nan,nan,49,50,43,6,0,5,0.860000000,1,0,1,0
4522.240836620,412.935501230,0.158683767,0.993622206,nan,nan,49,50,43,6,0,5,0.860000000,1,0,1,0
4523.204224586,412.946007480,0.158683767,0.993622206,nan,nan,49,50,43,6,0,5,0.860000000,1,0,1,0
4524.200138330,412.956818532,0.158683767,0.993622206,nan,nan,49,50,43,6,0,5,0.860000000,1,0,1,0
4525.220361710,412.966824386,0.158688778,0.993622206,nan,nan,49,50,43,6,0,5,0.860000000,1,0,1,0
4526.217574835,412.978570883,0.158688778,0.993622206,nan,nan,49,50,43,6,0,5,0.860000000,1,0,1,0
4527.258148670,412.987728418,0.158688778,0.993622206,nan,nan,49,50,43,6,0,5,0.860000000,1,0,1,0
4528.213446140,412.998607720,0.158688778,0.993622206,nan,nan,49,50,43,6,0,5,0.860000000,1,0,1,0
4529.228500605,413.007577972,0.158688778,0.993622206,nan,nan,49,50,43,6,0,5,0.860000000,1,0,1,0
4530.209576607,413.014945195,0.158688778,0.993622206,nan,nan,49,50,43,7,0,5,0.860000000,2,0,1,0
4531.224847317,413.044112185,0.158688778,0.993622206,nan,nan,49,50,43,7,0,5,0.860000000,2,0,1,0
4532.202929020,413.103614003,0.158688778,0.993622206,nan,nan,49,50,43,7,0,5,0.860000000,2,0,1,0
4533.193809509,413.205882560,0.158688778,0.993622206,nan,nan,49,50,43,7,0,5,0.860000000,2,0,1,0
4534.220704079,413.297452884,0.158688778,0.993622206,nan,nan,49,50,43,7,0,5,0.860000000,2,0,1,0
4535.305986166,413.399126496,0.158691284,0.993622206,nan,nan,49,51,43,7,0,5,0.843137255,2,1,1,0
4536.226106644,413.467603221,0.158691284,0.993622206,nan,nan,49,51,43,7,0,5,0.843137255,2,1,1,0
4537.220573425,413.499485910,0.158692537,0.993622206,nan,nan,49,51,43,7,0,5,0.843137255,2,1,1,0
4538.219869375,413.500828091,0.158692537,0.993622206,nan,nan,49,51,43,7,0,5,0.843137255,2,1,1,0
4539.234452963,413.501146906,0.158692537,0.993622206,nan,nan,49,51,43,7,0,5,0.843137255,2,1,1,0
4540.227576256,413.501653417,0.158692537,0.993622206,nan,nan,49,51,43,7,0,5,0.843137255,2,1,1,0
4541.181798458,413.503897939,0.158692537,0.993622206,nan,nan,49,51,43,7,0,5,0.843137255,2,1,1,0
4542.218985081,413.506315596,0.158692537,0.993622206,nan,nan,49,51,43,7,0,5,0.843137255,2,1,1,0
4543.196304560,413.510858701,0.158692537,0.993622206,nan,nan,49,51,43,7,0,5,0.843137255,2,1,1,0
4544.249665976,413.516841562,0.158695042,0.993622206,nan,nan,49,51,43,7,0,5,0.843137255,2,1,1,0
4545.197796822,413.524555023,0.158695042,0.993622206,nan,nan,49,51,43,7,0,5,0.843137255,2,1,1,0
4546.235716343,413.532501333,0.158695042,0.993622206,nan,nan,49,51,43,7,0,5,0.843137255,2,1,1,0
4547.223160028,413.540559785,0.158695042,0.993622206,nan,nan,49,51,43,7,0,5,0.843137255,2,1,1,0
4548.217370987,413.547955870,0.158695042,0.993622206,nan,nan,49,51,43,7,0,5,0.843137255,2,1,1,0
4549.202713251,413.558876091,0.158695042,0.993622206,nan,nan,49,51,43,7,0,5,0.843137255,2,1,1,0
4550.233632326,413.567681621,0.158695042,0.993622206,nan,nan,49,51,43,7,0,5,0.843137255,2,1,1,0
4551.215373039,413.576411825,0.158695042,0.993622206,nan,nan,49,51,43,7,0,5,0.843137255,2,1,1,0
4552.217331171,413.587401583,0.158695042,0.993622206,nan,nan,49,51,43,7,0,5,0.843137255,2,1,1,0
4553.222284555,413.596661419,0.158695042,0.993622206,nan,nan,49,51,43,7,0,5,0.843137255,2,1,1,0
4554.219583273,413.606920239,0.158695042,0.993622206,nan,nan,49,51,43,7,0,5,0.843137255,2,1,1,0
4555.217164278,413.615859022,0.158696295,0.993622206,nan,nan,49,51,43,7,0,5,0.843137255,2,1,1,0
4556.219454765,413.625958723,0.158696295,0.993622206,nan,nan,49,51,43,7,0,5,0.843137255,2,1,1,0
4557.236259222,413.637385025,0.158696295,0.993622206,nan,nan,49,51,43,7,0,5,0.843137255,2,1,1,0
4558.211527348,413.648291922,0.158696295,0.993622206,nan,nan,49,51,43,7,0,5,0.843137255,2,1,1,0
4559.227185726,413.657692246,0.158696295,0.993622206,nan,nan,49,51,43,7,0,5,0.843137255,2,1,1,0
4560.220021009,413.663579951,0.158696295,0.993622206,nan,nan,49,51,43,7,0,5,0.843137255,2,1,1,0
4561.204054356,413.670396746,0.158696295,0.993622206,nan,nan,49,51,43,7,0,5,0.843137255,2,1,1,0
4562.218552113,413.676823549,0.158696295,0.993622206,nan,nan,49,51,43,7,0,5,0.843137255,2,1,1,0
4563.212100506,413.683120714,0.158696295,0.993622206,nan,nan,49,51,43,7,0,5,0.843137255,2,1,1,0
4564.209672689,413.688488376,0.158696295,0.993622206,nan,nan,49,51,43,7,0,5,0.843137255,2,1,1,0
4565.219764948,413.693800576,0.158696295,0.993622206,nan,nan,49,51,43,7,0,5,0.843137255,2,1,1,0
4566.220117807,413.699844179,0.158696295,0.993622206,nan,nan,49,51,43,7,0,5,0.843137255,2,1,1,0
4567.202940226,413.704476436,0.158696295,0.993622206,nan,nan,49,51,43,7,0,5,0.843137255,2,1,1,0
4568.210445642,413.710382533,0.158696295,0.993622206,nan,nan,49,51,43,7,0,5,0.843137255,2,1,1,0
4569.200829029,413.714461027,0.158696295,0.993622206,nan,nan,49,51,43,7,0,5,0.843137255,2,1,1,0
4570.220891237,413.716903354,0.158696295,0.993622206,nan,nan,49,51,43,7,0,5,0.843137255,2,1,1,0
4571.231221199,413.720101294,0.158696295,0.993622206,nan,nan,49,51,43,7,0,5,0.843137255,2,1,1,0
4572.218868017,413.722689841,0.158696295,0.993622206,nan,nan,49,51,43,7,0,5,0.843137255,2,1,1,0
4573.199757338,413.725614172,0.158696295,0.993622206,nan,nan,49,51,43,7,0,5,0.843137255,2,1,1,0
4574.224357128,413.730104215,0.158696295,0.993622206,nan,nan,49,51,43,7,0,5,0.843137255,2,1,1,0
4575.206085443,413.732995610,0.158696295,0.993622206,nan,nan,49,51,43,7,0,5,0.843137255,2,1,1,0
4576.216228008,413.734521176,0.158696295,0.993622206,nan,nan,49,51,43,7,0,5,0.843137255,2,1,1,0
4577.200791121,413.735626582,0.158696295,0.993622206,nan,nan,49,51,43,7,0,5,0.843137255,2,1,1,0
4578.207732677,413.738947360,0.158696295,0.993622206,nan,nan,49,51,43,7,0,5,0.843137255,2,1,1,0
4579.239523411,413.739485809,0.158696295,0.993622206,nan,nan,49,51,43,7,0,5,0.843137255,2,1,1,0
4580.248188257,413.741067684,0.158696295,0.993622206,nan,nan,49,51,43,7,0,5,0.843137255,2,1,1,0
4581.186843157,413.742026284,0.158696295,0.993622206,nan,nan,49,51,43,7,0,5,0.843137255,2,1,1,0
4582.188295603,413.743125423,0.158696295,0.993622206,nan,nan,49,51,43,7,0,5,0.843137255,2,1,1,0
4583.216691017,413.743710844,0.158696295,0.993622206,nan,nan,49,51,43,7,0,5,0.843137255,2,1,1,0
4584.191034317,413.744919285,0.158696295,0.993622206,nan,nan,49,51,43,7,0,5,0.843137255,2,1,1,0
4585.248719692,413.745785108,0.158696295,0.993622206,nan,nan,49,51,43,7,0,5,0.843137255,2,1,1,0
4586.213441133,413.747037455,0.158696295,0.993622206,nan,nan,49,51,43,7,0,5,0.843137255,2,1,1,0
4587.225879908,413.747498334,0.158696295,0.993622206,nan,nan,49,51,43,7,0,5,0.843137255,2,1,1,0
4588.220833540,413.748098050,0.158696295,0.993622206,nan,nan,49,51,43,7,0,5,0.843137255,2,1,1,0
4589.182466745,413.748873826,0.158696295,0.993622206,nan,nan,49,51,43,7,0,5,0.843137255,2,1,1,0
4590.199070454,413.749556789,0.158696295,0.993622206,nan,nan,49,51,43,7,0,5,0.843137255,2,1,1,0
4591.192631483,413.750934739,0.158696295,0.993622206,nan,nan,49,51,43,7,0,5,0.843137255,2,1,1,0
4592.224925995,413.751789504,0.158696295,0.993622206,nan,nan,49,51,43,7,0,5,0.843137255,2,1,1,0
4593.236961603,413.752884905,0.158696295,0.993622206,nan,nan,49,51,43,7,0,5,0.843137255,2,1,1,0
4594.217692137,413.753362393,0.158696295,0.993622206,nan,nan,49,51,43,7,0,5,0.843137255,2,1,1,0
4595.189223528,413.754059661,0.158696295,0.993622206,nan,nan,49,51,43,7,0,5,0.843137255,2,1,1,0
4596.246158838,413.754412335,0.158696295,0.993622206,nan,nan,49,51,43,7,0,5,0.843137255,2,1,1,0
4597.199511051,413.755092330,0.158696295,0.993622206,nan,nan,49,51,43,7,0,5,0.843137255,2,1,1,0
4598.181010485,413.755687197,0.158696295,0.993622206,nan,nan,49,51,43,7,0,5,0.843137255,2,1,1,0
4599.200556040,413.756433590,0.158696295,0.993622206,nan,nan,49,51,43,7,0,5,0.843137255,2,1,1,0
4600.229938269,413.757897259,0.158696295,0.993622206,nan,nan,49,51,43,7,0,5,0.843137255,2,1,1,0
4601.181017876,413.758738758,0.158696295,0.993622206,nan,nan,49,51,43,7,0,5,0.843137255,2,1,1,0
4602.252020597,413.759458635,0.158696295,0.993622206,nan,nan,49,51,43,7,0,5,0.843137255,2,1,1,0
4603.194650173,413.759968342,0.158696295,0.993622206,nan,nan,49,51,43,7,0,5,0.843137255,2,1,1,0
4604.222357273,413.760864450,0.158696295,0.993622206,nan,nan,49,51,43,7,0,5,0.843137255,2,1,1,0
4605.272471666,413.761723039,0.158696295,0.993622206,nan,nan,49,51,43,7,0,5,0.843137255,2,1,1,0
4606.244644403,413.762584144,0.158696295,0.993622206,nan,nan,49,51,43,7,0,5,0.843137255,2,1,1,0
4607.267667055,413.763214739,0.158696295,0.993622206,nan,nan,49,51,43,7,0,5,0.843137255,2,1,1,0
4608.206342697,413.764227680,0.158696295,0.993622206,nan,nan,49,51,43,7,0,5,0.843137255,2,1,1,0
4609.199713945,413.765278992,0.158696295,0.993622206,nan,nan,49,51,43,7,0,5,0.843137255,2,1,1,0
4610.243006706,413.765751419,0.158696295,0.993622206,nan,nan,49,51,43,7,0,5,0.843137255,2,1,1,0
4611.183091402,413.766338013,0.158696295,0.993622206,nan,nan,49,51,43,7,0,5,0.843137255,2,1,1,0
4612.242723227,413.768319900,0.158696295,0.993622206,nan,nan,49,51,43,7,0,5,0.843137255,2,1,1,0
4613.245819569,413.769455676,0.158696295,0.993622206,nan,nan,49,51,43,7,0,5,0.843137255,2,1,1,0
4614.258544445,413.770892086,0.158696295,0.993622206,nan,nan,49,51,43,7,0,5,0.843137255,2,1,1,0
4615.186808586,413.772009687,0.158696295,0.993622206,nan,nan,49,51,43,7,0,5,0.843137255,2,1,1,0
4616.225807428,413.772371210,0.158696295,0.993622206,nan,nan,49,51,43,7,0,5,0.843137255,2,1,1,0
4617.221476316,413.773221391,0.158696295,0.993622206,nan,nan,49,51,43,7,0,5,0.843137255,2,1,1,0
4618.213128090,413.774062877,0.158696295,0.993622206,nan,nan,49,51,43,7,0,5,0.843137255,2,1,1,0
4619.245068312,413.775099544,0.158696295,0.993622206,nan,nan,49,51,43,7,0,5,0.843137255,2,1,1,0
4620.289622545,413.776143389,0.158696295,0.993622206,nan,nan,49,51,43,7,0,5,0.843137255,2,1,1,0
4621.199460983,413.777549847,0.158696295,0.993622206,nan,nan,49,51,43,7,0,5,0.843137255,2,1,1,0
4622.205724955,413.781742090,0.158696295,0.993622206,nan,nan,49,51,43,8,0,5,0.843137255,3,1,1,0
4623.193014860,413.817910075,0.158696295,0.993622206,nan,nan,49,51,43,8,0,5,0.843137255,3,1,1,0
4624.206755161,413.906439445,0.158696295,0.993622206,nan,nan,49,51,43,8,0,5,0.843137255,3,1,1,0
4625.225797176,413.991511485,0.158703811,0.993622206,nan,nan,49,51,43,8,0,5,0.843137255,3,1,1,0
4626.198522568,414.071399190,0.158703811,0.993622206,nan,nan,49,51,43,8,0,5,0.843137255,3,1,1,0
4627.199480295,414.146807252,0.158703811,0.993622206,nan,nan,49,52,43,8,0,5,0.826923077,3,2,1,0
4628.218445778,414.201702178,0.158703811,0.993622206,nan,nan,49,52,43,8,0,5,0.826923077,3,2,1,0
4629.195745945,414.303398110,0.158703811,0.993622206,nan,nan,49,52,43,8,0,5,0.826923077,3,2,1,0
4630.222978830,414.423546390,0.158703811,0.993622206,nan,nan,49,52,43,8,0,5,0.826923077,3,2,1,0
4631.214464664,414.521359590,0.158703811,0.993622206,nan,nan,49,52,43,8,0,5,0.826923077,3,2,1,0
4632.225034714,414.620159100,0.158705064,0.993622206,nan,nan,49,52,43,8,0,5,0.826923077,3,2,1,0
4633.248637438,414.737897106,0.158705064,0.993622206,nan,nan,49,52,43,8,0,5,0.826923077,3,2,1,0
4634.225409269,414.832919880,0.158712581,0.993622206,nan,nan,49,52,43,8,0,5,0.826923077,3,2,1,0
4635.216933012,414.942078056,0.158712581,0.993622206,nan,nan,49,52,43,8,0,5,0.826923077,3,2,1,0
4636.222614288,415.035858663,0.158723855,0.993622206,nan,nan,49,52,43,8,0,5,0.826923077,3,2,1,0
4637.226618767,415.140153587,0.158723855,0.993622206,nan,nan,49,52,43,8,0,5,0.826923077,3,2,1,0
4638.217667341,415.242050217,0.158723855,0.993622206,nan,nan,49,52,43,8,0,5,0.826923077,3,2,1,0
4639.217038393,415.338077721,0.158731372,0.993622206,nan,nan,49,52,43,8,0,5,0.826923077,3,2,1,0
4640.222680569,415.445776496,0.158731372,0.993622206,nan,nan,49,52,43,8,0,5,0.826923077,3,2,1,0
4641.224116802,415.544654953,0.158809042,0.993622206,nan,nan,49,52,43,8,0,5,0.826923077,3,2,1,0
4642.193495989,415.642694905,0.158809042,0.993622206,nan,nan,49,52,43,8,0,5,0.826923077,3,2,1,0
4643.224763870,415.730619511,0.159158557,0.993622206,nan,nan,49,52,43,8,0,5,0.826923077,3,2,1,0
4644.204126120,415.828639036,0.159158557,0.993622206,nan,nan,49,52,43,8,0,5,0.826923077,3,2,1,0
4645.199807405,415.943827952,0.159158557,0.993622206,nan,nan,49,52,43,8,0,5,0.826923077,3,2,1,0
4646.202467918,416.062277331,0.159842555,0.993622206,nan,nan,49,52,43,8,0,5,0.826923077,3,2,1,0
4647.188059330,416.180398805,0.159842555,0.993622206,nan,nan,49,52,43,8,0,5,0.826923077,3,2,1,0
4648.216756344,416.277685961,0.160397521,0.993622206,nan,nan,49,52,43,8,0,5,0.826923077,3,2,1,0
4649.212951899,416.375297715,0.160397521,0.993622206,nan,nan,49,52,43,8,0,5,0.826923077,3,2,1,0
4650.206526995,416.502882052,0.160847255,0.993622206,nan,nan,49,52,43,8,0,5,0.826923077,3,2,1,0
4651.180869341,416.612382569,0.160847255,0.993622206,nan,nan,49,52,43,8,0,5,0.826923077,3,2,1,0
4652.181119442,416.721262192,0.160847255,0.993622206,nan,nan,49,52,43,8,0,5,0.826923077,3,2,1,0
4653.202663422,416.840908615,0.161087782,0.993622206,nan,nan,49,52,43,8,0,5,0.826923077,3,2,1,0
4654.220022440,416.950885221,0.161087782,0.993622206,nan,nan,49,52,43,8,0,5,0.826923077,3,2,1,0
4655.237250566,417.060607314,0.161264419,0.993622206,nan,nan,49,52,43,8,0,5,0.826923077,3,2,1,0
4656.221427679,417.179381448,0.161264419,0.993622206,nan,nan,49,52,43,8,0,5,0.826923077,3,2,1,0
4657.204738140,417.284822125,0.161397210,0.993622206,nan,nan,49,52,43,8,0,5,0.826923077,3,2,1,0
4658.211791277,417.403175787,0.161397210,0.993622206,nan,nan,49,52,43,8,0,5,0.826923077,3,2,1,0
4659.226754427,417.520040363,0.161467364,0.993622206,nan,nan,49,52,43,8,0,5,0.826923077,3,2,1,0
4660.212260008,417.642235067,0.161467364,0.993622206,nan,nan,49,52,43,8,0,5,0.826923077,3,2,1,0
4661.244124651,417.751478894,0.161467364,0.993622206,nan,nan,49,52,43,8,0,5,0.826923077,3,2,1,0
4662.219079494,417.851873034,0.161601407,0.993622206,nan,nan,49,52,43,8,0,5,0.826923077,3,2,1,0
4663.204193115,417.934038183,0.161670308,0.993622206,nan,nan,49,52,43,8,0,5,0.826923077,3,2,1,0
4664.199213982,418.018195337,0.161670308,0.993622206,nan,nan,49,52,43,8,0,5,0.826923077,3,2,1,0
4665.206780910,418.084749298,0.161691605,0.993622206,nan,nan,49,52,43,8,0,5,0.826923077,3,2,1,0
4666.209633112,418.165576690,0.161691605,0.993622206,nan,nan,49,52,43,8,0,5,0.826923077,3,2,1,0
4667.242572308,418.243016624,0.161721670,0.993622206,nan,nan,49,52,43,8,0,5,0.826923077,3,2,1,0
4668.223469496,418.320660578,0.161721670,0.993622206,nan,nan,49,52,43,8,0,5,0.826923077,3,2,1,0
4676.698404551,418.383178215,0.161760506,0.993492237,nan,nan,50,53,44,8,0,5,0.830188679,3,2,1,0
4677.243129969,418.427260613,0.161809363,0.993715042,nan,nan,50,53,44,8,0,5,0.830188679,3,2,1,0
4678.205188513,418.444111870,0.161809363,0.993715042,nan,nan,50,53,44,8,0,5,0.830188679,3,2,1,0
4679.208776474,418.457323919,0.161809363,0.993715042,nan,nan,50,53,44,8,0,5,0.830188679,3,2,1,0
4680.207974911,418.490445324,0.161809363,0.993715042,nan,nan,50,53,44,8,0,5,0.830188679,3,2,1,0
4681.198158503,418.567444251,0.161809363,0.993715042,nan,nan,50,53,44,8,0,5,0.830188679,3,2,1,0
4682.233054161,418.661113028,0.161809363,0.993715042,nan,nan,50,53,44,8,0,5,0.830188679,3,2,1,0
4683.191647768,418.780782105,0.161819384,0.993715042,nan,nan,50,53,44,8,0,5,0.830188679,3,2,1,0
4684.206272840,418.890779956,0.161819384,0.993715042,nan,nan,50,53,44,8,0,5,0.830188679,3,2,1,0
4685.231860638,419.010779722,0.161835670,0.993715042,nan,nan,50,53,44,8,0,5,0.830188679,3,2,1,0
4686.222159624,419.140777876,0.161835670,0.993715042,nan,nan,50,53,44,8,0,5,0.830188679,3,2,1,0
4687.219758749,419.260777843,0.161843187,0.993715042,nan,nan,50,53,44,8,0,5,0.830188679,3,2,1,0
4688.217861652,419.370777828,0.161843187,0.993715042,nan,nan,50,53,44,8,0,5,0.830188679,3,2,1,0
4689.219372272,419.480754852,0.161872000,0.993715042,nan,nan,50,53,44,8,0,5,0.830188679,3,2,1,0
4690.203492165,419.600753933,0.161872000,0.993715042,nan,nan,50,53,44,8,0,5,0.830188679,3,2,1,0
4691.227822781,419.720753846,0.161872000,0.993715042,nan,nan,50,53,44,8,0,5,0.830188679,3,2,1,0
4692.246574879,419.830753817,0.161882022,0.993715042,nan,nan,50,53,44,8,0,5,0.830188679,3,2,1,0
4693.185114145,419.940751818,0.161903318,0.993715042,nan,nan,50,53,44,8,0,5,0.830188679,3,2,1,0
4694.209998608,420.060730418,0.161903318,0.993715042,nan,nan,50,53,44,8,0,5,0.830188679,3,2,1,0
4695.249020576,420.160729665,0.161903318,0.993715042,nan,nan,50,53,44,8,0,5,0.830188679,3,2,1,0
4696.244214058,420.290715093,0.161905824,0.993715042,nan,nan,50,53,44,8,0,5,0.830188679,3,2,1,0
4697.201636076,420.450703964,0.161905824,0.993715042,nan,nan,50,53,44,8,0,5,0.830188679,3,2,1,0
4698.197441578,420.550692790,0.161912087,0.993715042,nan,nan,50,53,44,8,0,5,0.830188679,3,2,1,0
4699.229946136,420.680692517,0.161920857,0.993715042,nan,nan,50,53,44,8,0,5,0.830188679,3,2,1,0
4700.243640661,420.820688616,0.161920857,0.993715042,nan,nan,50,53,44,8,0,5,0.830188679,3,2,1,0
4701.191274643,420.930682796,0.161920857,0.993715042,nan,nan,50,53,44,8,0,5,0.830188679,3,2,1,0
4702.205189943,421.040666458,0.161930879,0.993715042,nan,nan,50,53,44,8,0,5,0.830188679,3,2,1,0
4703.224125385,421.130663014,0.161930879,0.993715042,nan,nan,50,53,44,8,0,5,0.830188679,3,2,1,0
4704.220530748,421.260635784,0.161930879,0.993715042,nan,nan,50,53,44,8,0,5,0.830188679,3,2,1,0
4705.203456163,421.370635163,0.161933384,0.993715042,nan,nan,50,53,44,8,0,5,0.830188679,3,2,1,0
4706.229565620,421.490614396,0.161939648,0.993715042,nan,nan,50,53,44,8,0,5,0.830188679,3,2,1,0
4707.233310461,421.590612447,0.161939648,0.993715042,nan,nan,50,53,44,8,0,5,0.830188679,3,2,1,0
4708.239050388,421.730587812,0.161939648,0.993715042,nan,nan,50,53,44,8,0,5,0.830188679,3,2,1,0
4709.221734047,421.830580094,0.161949670,0.993715042,nan,nan,50,53,44,8,0,5,0.830188679,3,2,1,0
4710.212235928,421.950575411,0.161955933,0.993715042,nan,nan,50,53,44,8,0,5,0.830188679,3,2,1,0
4711.225186110,422.070567713,0.161955933,0.993715042,nan,nan,50,53,44,8,0,5,0.830188679,3,2,1,0
4712.202695370,422.180564512,0.161955933,0.993715042,nan,nan,50,53,44,8,0,5,0.830188679,3,2,1,0
4713.220417738,422.280564323,0.161965955,0.993715042,nan,nan,50,53,44,8,0,5,0.830188679,3,2,1,0
4714.197606802,422.390524193,0.161965955,0.993715042,nan,nan,50,53,44,8,0,5,0.830188679,3,2,1,0
4715.203509331,422.490500044,0.161980988,0.993715042,nan,nan,50,53,44,8,0,5,0.830188679,3,2,1,0
4716.184658527,422.600490528,0.161980988,0.993715042,nan,nan,50,53,44,8,0,5,0.830188679,3,2,1,0
4717.185401201,422.720456230,0.162022329,0.993715042,nan,nan,50,53,44,8,0,5,0.830188679,3,2,1,0
4718.180583954,422.840453003,0.162022329,0.993715042,nan,nan,50,53,44,8,0,5,0.830188679,3,2,1,0
4719.207012892,422.940434047,0.162022329,0.993715042,nan,nan,50,53,44,8,0,5,0.830188679,3,2,1,0
4720.206541300,423.050426357,0.162103757,0.993715042,nan,nan,50,53,44,8,0,5,0.830188679,3,2,1,0
4721.234065771,423.160392194,0.162103757,0.993715042,nan,nan,50,53,44,8,0,5,0.830188679,3,2,1,0
4722.192712545,423.260346638,0.162188944,0.993715042,nan,nan,50,53,44,8,0,5,0.830188679,3,2,1,0
4723.249253750,423.370346628,0.162188944,0.993715042,nan,nan,50,53,44,8,0,5,0.830188679,3,2,1,0
4724.187908649,423.490241801,0.162270372,0.993715042,nan,nan,50,53,44,8,0,5,0.830188679,3,2,1,0
4725.211068153,423.580206455,0.162270372,0.993715042,nan,nan,50,53,44,8,0,5,0.830188679,3,2,1,0
4726.207373142,423.720175186,0.162327998,0.993715042,nan,nan,50,53,44,8,0,5,0.830188679,3,2,1,0
4727.219623327,423.810165780,0.162327998,0.993715042,nan,nan,50,53,44,8,0,5,0.830188679,3,2,1,0
4728.239977360,423.930165759,0.162359317,0.993715042,nan,nan,50,53,44,8,0,5,0.830188679,3,2,1,0
4729.224549532,424.040165746,0.162359317,0.993715042,nan,nan,50,53,44,8,0,5,0.830188679,3,2,1,0
4730.214927673,424.160165732,0.162359317,0.993715042,nan,nan,50,53,44,8,0,5,0.830188679,3,2,1,0
4731.206742287,424.270142053,0.162386877,0.993715042,nan,nan,50,53,44,8,0,5,0.830188679,3,2,1,0
4732.234081984,424.370124512,0.162386877,0.993715042,nan,nan,50,53,44,8,0,5,0.830188679,3,2,1,0
4733.253427982,424.480078081,0.162439492,0.993715042,nan,nan,50,53,44,8,0,5,0.830188679,3,2,1,0
4734.191500664,424.600031999,0.162439492,0.993715042,nan,nan,50,53,44,8,0,5,0.830188679,3,2,1,0
4735.204038143,424.710010520,0.162569778,0.993715042,nan,nan,50,53,44,8,0,5,0.830188679,3,2,1,0
4736.222440958,424.810009624,0.162569778,0.993715042,nan,nan,50,53,44,8,0,5,0.830188679,3,2,1,0
4737.214360237,424.929995236,0.162569778,0.993715042,nan,nan,50,53,44,8,0,5,0.830188679,3,2,1,0
4738.205248356,425.059967863,0.162677514,0.993715042,nan,nan,50,53,44,8,0,5,0.830188679,3,2,1,0
4739.200140476,425.169966126,0.162677514,0.993715042,nan,nan,50,53,44,8,0,5,0.830188679,3,2,1,0
4740.202022314,425.319942914,0.162733887,0.993715042,nan,nan,50,53,44,8,0,5,0.830188679,3,2,1,0
4741.225434780,425.429939339,0.162733887,0.993715042,nan,nan,50,53,44,8,0,5,0.830188679,3,2,1,0
4742.215203524,425.549909188,0.162765206,0.993715042,nan,nan,50,53,44,8,0,5,0.830188679,3,2,1,0
4743.234327793,425.659888324,0.162765206,0.993715042,nan,nan,50,53,44,8,0,5,0.830188679,3,2,1,0
4744.196570158,425.799881569,0.162804041,0.993715042,nan,nan,50,53,44,8,0,5,0.830188679,3,2,1,0
4745.245073557,425.909817508,0.162804041,0.993715042,nan,nan,50,53,44,8,0,5,0.830188679,3,2,1,0
4746.188801050,426.029817343,0.162835359,0.993715042,nan,nan,50,53,44,8,0,5,0.830188679,3,2,1,0
4747.201801538,426.139786273,0.162835359,0.993715042,nan,nan,50,53,44,8,0,5,0.830188679,3,2,1,0
4748.201305151,426.249785475,0.162835359,0.993715042,nan,nan,50,53,44,8,0,5,0.830188679,3,2,1,0
4749.223338604,426.349785332,0.162876700,0.993715042,nan,nan,50,53,44,8,0,5,0.830188679,3,2,1,0
4750.220915556,426.459731627,0.162910524,0.993715042,nan,nan,50,53,44,8,0,5,0.830188679,3,2,1,0
4751.216128826,426.579730101,0.162910524,0.993715042,nan,nan,50,53,44,8,0,5,0.830188679,3,2,1,0
4752.208785057,426.699710353,0.162956876,0.993715042,nan,nan,50,53,44,8,0,5,0.830188679,3,2,1,0
4753.179929495,426.819708843,0.162956876,0.993715042,nan,nan,50,53,44,8,0,5,0.830188679,3,2,1,0
4754.179328203,426.909617142,0.162956876,0.993715042,nan,nan,50,53,44,8,0,5,0.830188679,3,2,1,0
4755.216748476,427.019597329,0.162956876,0.993715042,nan,nan,50,53,44,8,0,5,0.830188679,3,2,1,0
4756.228979111,427.129584371,0.163005733,0.993715042,nan,nan,50,53,44,8,0,5,0.830188679,3,2,1,0
4757.224012136,427.219566651,0.163009491,0.993715042,nan,nan,50,53,44,8,0,5,0.830188679,3,2,1,0
4758.207603216,427.349565419,0.163009491,0.993715042,nan,nan,50,53,44,8,0,5,0.830188679,3,2,1,0
4759.277703762,427.469555008,0.163009491,0.993715042,nan,nan,50,53,44,8,0,5,0.830188679,3,2,1,0
4760.224862576,427.619298104,0.163009491,0.993715042,nan,nan,50,53,44,8,0,5,0.830188679,3,2,1,0
4761.211938381,427.719296790,0.163009491,0.993715042,nan,nan,50,53,44,8,0,5,0.830188679,3,2,1,0
4762.226220369,427.839296206,0.163009491,0.993715042,nan,nan,50,53,44,8,0,5,0.830188679,3,2,1,0
4763.194289207,427.979295819,0.163009491,0.993715042,nan,nan,50,53,44,8,0,5,0.830188679,3,2,1,0
4764.219851255,428.089278501,0.163009491,0.993715042,nan,nan,50,53,44,8,0,5,0.830188679,3,2,1,0
4765.181204081,428.178792194,0.163009491,0.993715042,nan,nan,50,53,44,8,0,5,0.830188679,3,2,1,0
4766.200876713,428.324826375,0.163009491,0.993715042,nan,nan,50,53,44,8,0,5,0.830188679,3,2,1,0
4767.220198393,428.412157600,0.163009491,0.993715042,nan,nan,50,53,44,8,0,5,0.830188679,3,2,1,0
4768.207727671,428.499676936,0.163009491,0.993715042,nan,nan,50,53,44,8,0,5,0.830188679,3,2,1,0
4778.046154976,428.578350365,0.163009491,0.993715042,nan,nan,51,54,45,8,0,5,0.833333333,3,2,1,0
4778.306368113,428.628802984,0.163010744,0.993715042,nan,nan,51,54,45,8,0,5,0.833333333,3,2,1,0
4779.181011200,428.645272958,0.163010744,0.993715042,nan,nan,51,54,45,8,0,5,0.833333333,3,2,1,0
4780.206511259,428.694606093,0.163010744,0.993715042,nan,nan,51,54,45,8,0,5,0.833333333,3,2,1,0
4781.216412306,428.750415221,0.163010744,0.993715042,nan,nan,51,54,45,8,0,5,0.833333333,3,2,1,0
4782.223747253,428.786095667,0.163010744,0.993715042,nan,nan,51,54,45,8,0,5,0.833333333,3,2,1,0
4783.182405472,428.807232155,0.163010744,0.993715042,nan,nan,51,54,45,8,0,5,0.833333333,3,2,1,0
4784.208109379,428.817146144,0.163010744,0.993715042,nan,nan,51,54,45,8,0,5,0.833333333,3,2,1,0
4785.208846331,428.822103274,0.163010744,0.993715042,nan,nan,51,54,45,8,0,5,0.833333333,3,2,1,0
4786.212082386,428.823127288,0.163010744,0.993715042,nan,nan,51,54,45,8,0,5,0.833333333,3,2,1,0
4787.247207880,428.829230990,0.163010744,0.993715042,nan,nan,51,54,45,8,0,5,0.833333333,3,2,1,0
4788.206453085,428.842795888,0.163010744,0.993715042,nan,nan,51,54,45,8,0,5,0.833333333,3,2,1,0
4789.275141239,428.863939628,0.163010744,0.993715042,nan,nan,51,54,45,8,0,5,0.833333333,3,2,1,0
4790.224956751,428.907256994,0.163010744,0.993715042,nan,nan,51,54,45,8,0,5,0.833333333,3,2,1,0
4791.190660477,428.978725146,0.163010744,0.993715042,nan,nan,51,54,45,8,0,5,0.833333333,3,2,1,0
4792.194225788,429.086697064,0.163010744,0.993715042,nan,nan,51,54,45,8,0,5,0.833333333,3,2,1,0
4793.226336956,429.185770439,0.163010744,0.993715042,nan,nan,51,54,45,8,0,5,0.833333333,3,2,1,0
4794.245706797,429.315694582,0.163010744,0.993715042,nan,nan,51,54,45,8,0,5,0.833333333,3,2,1,0
4795.219942570,429.435610364,0.163010744,0.993715042,nan,nan,51,54,45,8,0,5,0.833333333,3,2,1,0
4796.266179800,429.555548007,0.163010744,0.993715042,nan,nan,51,54,45,8,0,5,0.833333333,3,2,1,0
4797.213120222,429.665515292,0.163010744,0.993715042,nan,nan,51,54,45,8,0,5,0.833333333,3,2,1,0
4798.210125923,429.765476808,0.163010744,0.993715042,nan,nan,51,54,45,8,0,5,0.833333333,3,2,1,0
4799.237435102,429.885448832,0.163010744,0.993715042,nan,nan,51,54,45,8,0,5,0.833333333,3,2,1,0
4800.264950275,430.015362638,0.163010744,0.993715042,nan,nan,51,54,45,8,0,5,0.833333333,3,2,1,0
4801.239016056,430.145334550,0.163011996,0.993715042,nan,nan,51,54,45,8,0,5,0.833333333,3,2,1,0
4802.201056242,430.265140115,0.163011996,0.993715042,nan,nan,51,54,45,8,0,5,0.833333333,3,2,1,0
4803.244889021,430.374771429,0.163011996,0.993715042,nan,nan,51,54,45,8,0,5,0.833333333,3,2,1,0
4804.217041731,430.494547785,0.163011996,0.993715042,nan,nan,51,54,45,8,0,5,0.833333333,3,2,1,0
4805.196292400,430.604461622,0.163011996,0.993715042,nan,nan,51,54,45,8,0,5,0.833333333,3,2,1,0
4806.214152336,430.704428666,0.163011996,0.993715042,nan,nan,51,54,45,8,0,5,0.833333333,3,2,1,0
4807.227635622,430.824277236,0.163011996,0.993715042,nan,nan,51,54,45,8,0,5,0.833333333,3,2,1,0
4808.205941439,430.944127042,0.163011996,0.993715042,nan,nan,51,54,45,8,0,5,0.833333333,3,2,1,0
4809.232095480,431.053950554,0.163011996,0.993715042,nan,nan,51,54,45,8,0,5,0.833333333,3,2,1,0
4810.194574118,431.173600088,0.163011996,0.993715042,nan,nan,51,54,45,8,0,5,0.833333333,3,2,1,0
4811.205138206,431.263449143,0.163011996,0.993715042,nan,nan,51,54,45,8,0,5,0.833333333,3,2,1,0
4812.206060886,431.382981311,0.163015755,0.993715042,nan,nan,51,54,45,8,0,5,0.833333333,3,2,1,0
4813.223722219,431.492608155,0.163015755,0.993715042,nan,nan,51,54,45,8,0,5,0.833333333,3,2,1,0
4814.221967936,431.602002993,0.163024524,0.993715042,nan,nan,51,54,45,8,0,5,0.833333333,3,2,1,0
4815.252985001,431.731268736,0.163024524,0.993715042,nan,nan,51,54,45,8,0,5,0.833333333,3,2,1,0
4816.225413084,431.840992817,0.163024524,0.993715042,nan,nan,51,54,45,8,0,5,0.833333333,3,2,1,0
4817.190419674,431.940471171,0.163115974,0.993715042,nan,nan,51,54,45,8,0,5,0.833333333,3,2,1,0
4818.181075811,432.029687951,0.163361512,0.993715042,nan,nan,51,54,45,8,0,5,0.833333333,3,2,1,0
4819.224625826,432.129269041,0.163361512,0.993715042,nan,nan,51,54,45,8,0,5,0.833333333,3,2,1,0
4820.227457047,432.228938390,0.163361512,0.993715042,nan,nan,51,54,45,8,0,5,0.833333333,3,2,1,0
4821.186612844,432.318883025,0.163519357,0.993715042,nan,nan,51,54,45,8,0,5,0.833333333,3,2,1,0
4822.220573187,432.428755873,0.163519357,0.993715042,nan,nan,51,54,45,8,0,5,0.833333333,3,2,1,0
4823.200744152,432.548557793,0.163519357,0.993715042,nan,nan,51,54,45,8,0,5,0.833333333,3,2,1,0
4824.232633114,432.648485360,0.163712280,0.993947130,nan,nan,51,54,45,8,0,5,0.833333333,3,2,1,0
4825.223514080,432.758455779,0.163712280,0.993947130,nan,nan,51,54,45,8,0,5,0.833333333,3,2,1,0
4826.217801809,432.888366218,0.164060543,0.993947130,nan,nan,51,54,45,8,0,5,0.833333333,3,2,1,0
4827.186512947,433.008160089,0.164060543,0.993947130,nan,nan,51,54,45,8,0,5,0.833333333,3,2,1,0
4828.185810089,433.108115137,0.164060543,0.993947130,nan,nan,51,54,45,8,0,5,0.833333333,3,2,1,0
4829.245749950,433.218014691,0.164303575,0.993947130,nan,nan,51,54,45,8,0,5,0.833333333,3,2,1,0
4830.200451612,433.348014608,0.164694431,0.993947130,nan,nan,51,54,45,8,0,5,0.833333333,3,2,1,0
4831.242705584,433.448002949,0.164694431,0.993947130,nan,nan,51,54,45,8,0,5,0.833333333,3,2,1,0
4832.228010178,433.588002867,0.164937463,0.993947130,nan,nan,51,54,45,8,0,5,0.833333333,3,2,1,0
4833.212991953,433.687938021,0.164937463,0.993947130,nan,nan,51,54,45,8,0,5,0.833333333,3,2,1,0
4834.190580845,433.797680133,0.165280715,0.993947130,nan,nan,51,54,45,8,0,5,0.833333333,3,2,1,0
4835.181651831,433.917127119,0.165280715,0.993947130,nan,nan,51,54,45,8,0,5,0.833333333,3,2,1,0
4836.221744537,434.026053211,0.165280715,0.993947130,nan,nan,51,54,45,8,0,5,0.833333333,3,2,1,0
4837.202828407,434.135201784,0.165608934,0.993947130,nan,nan,51,54,45,8,0,5,0.833333333,3,2,1,0
4838.184403658,434.234809289,0.165608934,0.993947130,nan,nan,51,54,45,8,0,5,0.833333333,3,2,1,0
4839.224198580,434.344788695,0.165893306,0.993947130,nan,nan,51,54,45,8,0,5,0.833333333,3,2,1,0
4840.206323862,434.444668742,0.165893306,0.993947130,nan,nan,51,54,45,8,0,5,0.833333333,3,2,1,0
4841.216345072,434.584291281,0.166207745,0.993947130,nan,nan,51,54,45,8,0,5,0.833333333,3,2,1,0
4842.198305845,434.683555121,0.166207745,0.993947130,nan,nan,51,54,45,8,0,5,0.833333333,3,2,1,0
4843.191728830,434.798333209,0.166444513,0.993947130,nan,nan,51,54,45,8,0,5,0.833333333,3,2,1,0
4844.191863775,434.897567506,0.166444513,0.993947130,nan,nan,51,54,45,8,0,5,0.833333333,3,2,1,0
4845.237713099,434.981446567,0.166444513,0.993947130,nan,nan,51,54,45,8,0,5,0.833333333,3,2,1,0
4846.194250345,435.069047422,0.166444513,0.993947130,nan,nan,51,54,45,8,0,5,0.833333333,3,2,1,0
4847.183865786,435.137036260,0.166607370,0.993947130,nan,nan,51,54,45,8,0,5,0.833333333,3,2,1,0
4848.222708702,435.219827538,0.166717612,0.993947130,nan,nan,51,54,45,8,0,5,0.833333333,3,2,1,0
4849.245240688,435.304847381,0.166717612,0.993947130,nan,nan,51,54,45,8,0,5,0.833333333,3,2,1,0
4850.179207087,435.407139034,0.166717612,0.993947130,nan,nan,51,54,45,8,0,5,0.833333333,3,2,1,0
4851.205847740,435.503850732,0.166851655,0.993947130,nan,nan,51,54,45,8,0,5,0.833333333,3,2,1,0
4852.224859715,435.603518720,0.166851655,0.993947130,nan,nan,51,54,45,8,0,5,0.833333333,3,2,1,0
4853.256553411,435.703473624,0.167226225,0.993947130,nan,nan,51,54,45,8,0,5,0.833333333,3,2,1,0
4854.220767021,435.793473470,0.167226225,0.993947130,nan,nan,51,54,45,8,0,5,0.833333333,3,2,1,0
4855.207788467,435.893468560,0.167625851,0.993947130,nan,nan,51,54,45,8,0,5,0.833333333,3,2,1,0
4856.195266247,436.023451066,0.167625851,0.993947130,nan,nan,51,54,45,8,0,5,0.833333333,3,2,1,0
4857.196278334,436.113403864,0.167625851,0.993947130,nan,nan,51,54,45,8,0,5,0.833333333,3,2,1,0
4858.231326818,436.242939875,0.168081849,0.993947130,nan,nan,51,54,45,8,0,5,0.833333333,3,2,1,0
4859.189763546,436.342737539,0.168081849,0.993947130,nan,nan,51,54,45,8,0,5,0.833333333,3,2,1,0
4860.260490656,436.442726527,0.168646837,0.993947130,nan,nan,51,54,45,8,0,5,0.833333333,3,2,1,0
4861.197351217,436.582647917,0.168646837,0.993947130,nan,nan,51,54,45,8,0,5,0.833333333,3,2,1,0
4862.282877684,436.682625033,0.168646837,0.993947130,nan,nan,51,54,45,8,0,5,0.833333333,3,2,1,0
4863.210775375,436.782567793,0.169042704,0.993947130,nan,nan,51,54,45,8,0,5,0.833333333,3,2,1,0
4864.208860397,436.892281323,0.169298263,0.993947130,nan,nan,51,54,45,8,0,5,0.833333333,3,2,1,0
4865.234540224,436.991910741,0.169298263,0.993947130,nan,nan,51,54,45,8,0,5,0.833333333,3,2,1,0
4866.200694799,437.091558370,0.169298263,0.993947130,nan,nan,51,54,45,8,0,5,0.833333333,3,2,1,0
4867.267373323,437.180847705,0.169441076,0.993947130,nan,nan,51,54,45,8,0,5,0.833333333,3,2,1,0
4868.210057735,437.299452968,0.169441076,0.993947130,nan,nan,51,54,45,8,0,5,0.833333333,3,2,1,0
4869.202768087,437.395940979,0.169552570,0.993947130,nan,nan,51,54,45,8,0,5,0.833333333,3,2,1,0
4870.198484421,437.497219039,0.169552570,0.993947130,nan,nan,51,54,45,8,0,5,0.833333333,3,2,1,0
4871.188591480,437.594726642,0.169552570,0.993947130,nan,nan,51,54,45,8,0,5,0.833333333,3,2,1,0
4872.221774101,437.690985036,0.169552570,0.993947130,nan,nan,51,54,45,8,0,5,0.833333333,3,2,1,0
4873.207045794,437.784704443,0.169552570,0.993947130,nan,nan,51,54,45,8,0,5,0.833333333,3,2,1,0
4874.213013411,437.870974044,0.169712921,0.993947130,nan,nan,51,54,45,8,0,5,0.833333333,3,2,1,0
4875.221402884,437.960718731,0.169712921,0.993947130,nan,nan,51,54,45,8,0,5,0.833333333,3,2,1,0
4876.192623138,438.050007799,0.169763031,0.993947130,nan,nan,51,54,45,8,0,5,0.833333333,3,2,1,0
4877.200859308,438.141684840,0.169763031,0.993947130,nan,nan,51,54,45,8,0,5,0.833333333,3,2,1,0
4878.198914289,438.218905518,0.169763031,0.993947130,nan,nan,51,54,45,8,0,5,0.833333333,3,2,1,0
4879.201579332,438.288388123,0.169798108,0.993947130,nan,nan,51,54,45,8,0,5,0.833333333,3,2,1,0
4880.194134712,438.358182442,0.169798108,0.993947130,nan,nan,51,54,45,8,0,5,0.833333333,3,2,1,0
4881.203753233,438.416978670,0.169833185,0.993947130,nan,nan,51,54,45,8,0,5,0.833333333,3,2,1,0
4882.199835539,438.481937014,0.169833185,0.993947130,nan,nan,51,54,45,8,0,5,0.833333333,3,2,1,0
4883.201000452,438.535326971,0.169860745,0.993947130,nan,nan,51,54,45,8,0,5,0.833333333,3,2,1,0
4884.191369295,438.589168437,0.169860745,0.993947130,nan,nan,51,54,45,8,0,5,0.833333333,3,2,1,0
4885.217039347,438.640080099,0.169860745,0.993947130,nan,nan,51,54,45,8,0,5,0.833333333,3,2,1,0
4886.210978031,438.682703961,0.169860745,0.993947130,nan,nan,51,54,45,8,0,5,0.833333333,3,2,1,0
4887.219164133,438.720684695,0.169863251,0.993947130,nan,nan,51,54,45,8,0,5,0.833333333,3,2,1,0
4888.184304476,438.758982045,0.169870767,0.993947130,nan,nan,51,54,45,8,0,5,0.833333333,3,2,1,0
4889.200926304,438.796986448,0.169870767,0.993947130,nan,nan,51,54,45,8,0,5,0.833333333,3,2,1,0
4890.192501068,438.838592799,0.169870767,0.993947130,nan,nan,51,54,45,8,0,5,0.833333333,3,2,1,0
4891.243700504,438.884439066,0.169870767,0.993947130,nan,nan,51,54,45,8,0,5,0.833333333,3,2,1,0
4892.195444345,438.931101537,0.169870767,0.993947130,nan,nan,51,54,45,8,0,5,0.833333333,3,2,1,0
4893.212466717,438.973330457,0.169878283,0.993947130,nan,nan,51,54,45,8,0,5,0.833333333,3,2,1,0
4894.225556135,439.009168710,0.169878283,0.993947130,nan,nan,51,54,45,8,0,5,0.833333333,3,2,1,0
4895.213304996,439.056759484,0.169878283,0.993947130,nan,nan,51,54,45,8,0,5,0.833333333,3,2,1,0
4896.217681170,439.137714409,0.169893316,0.993947130,nan,nan,51,54,45,8,0,5,0.833333333,3,2,1,0
4897.189957142,439.228073146,0.169893316,0.993947130,nan,nan,51,54,45,8,0,5,0.833333333,3,2,1,0
4898.257177114,439.317803037,0.169898327,0.993947130,nan,nan,51,54,45,8,0,5,0.833333333,3,2,1,0
4899.190919638,439.424544886,0.169898327,0.993947130,nan,nan,51,54,45,8,0,5,0.833333333,3,2,1,0
4900.183284283,439.504309887,0.169898327,0.993947130,nan,nan,51,54,45,8,0,5,0.833333333,3,2,1,0
4901.186517715,439.598501955,0.169905844,0.993947130,nan,nan,51,54,45,8,0,5,0.833333333,3,2,1,0
4908.848825932,439.666183527,0.169905844,0.993947130,nan,nan,52,55,46,8,0,5,0.836363636,3,2,1,0
4909.181040287,439.735815801,0.169922129,0.993947130,nan,nan,52,55,46,8,0,5,0.836363636,3,2,1,0
4910.186853647,439.735815801,0.169922129,0.993947130,nan,nan,52,55,46,9,0,6,0.836363636,3,2,1,0
4917.627967596,439.735815801,0.169922129,0.993947130,nan,nan,53,56,46,9,0,6,0.821428571,3,2,1,0
4918.198220015,439.738156601,0.169922129,0.993947130,nan,nan,53,56,46,9,0,6,0.821428571,3,2,1,0
4919.199719667,439.769501075,0.169922129,0.993947130,nan,nan,53,56,46,9,0,6,0.821428571,3,2,1,0
4920.198107004,439.832813848,0.169922129,0.993947130,nan,nan,53,56,46,9,0,6,0.821428571,3,2,1,0
4921.221114635,439.956582140,0.169922129,0.993947130,nan,nan,53,56,46,9,0,6,0.821428571,3,2,1,0
4922.215745211,440.055699380,0.169922129,0.993947130,nan,nan,53,56,46,9,0,6,0.821428571,3,2,1,0
4923.211300135,440.145392760,0.169942173,0.993947130,nan,nan,53,56,46,9,0,6,0.821428571,3,2,1,0
4924.176829338,440.245350705,0.169954701,0.993947130,nan,nan,53,56,46,9,0,6,0.821428571,3,2,1,0
4925.235546827,440.355310286,0.169954701,0.993947130,nan,nan,53,56,46,9,0,6,0.821428571,3,2,1,0
4926.267471313,440.455075099,0.169954701,0.993947130,nan,nan,53,56,46,9,0,6,0.821428571,3,2,1,0
4927.232518435,440.574965599,0.169964723,0.993947130,nan,nan,53,56,46,9,0,6,0.821428571,3,2,1,0
4928.201796293,440.684932178,0.169964723,0.993947130,nan,nan,53,56,46,9,0,6,0.821428571,3,2,1,0
4929.181823730,440.794883491,0.169965975,0.993947130,nan,nan,53,56,46,9,0,6,0.821428571,3,2,1,0
4930.208949327,440.914561831,0.169965975,0.993947130,nan,nan,53,56,46,9,0,6,0.821428571,3,2,1,0
4931.260125160,441.034379720,0.169965975,0.993947130,nan,nan,53,56,46,9,0,6,0.821428571,3,2,1,0
4932.217143536,441.154328019,0.169968481,0.993947130,nan,nan,53,56,46,9,0,6,0.821428571,3,2,1,0
4933.192061663,441.244174434,0.169968481,0.993947130,nan,nan,53,56,46,9,0,6,0.821428571,3,2,1,0
4934.197889566,441.343757643,0.169972239,0.993947130,nan,nan,53,56,46,9,0,6,0.821428571,3,2,1,0
4935.226960897,441.453519249,0.169972239,0.993947130,nan,nan,53,56,46,9,0,6,0.821428571,3,2,1,0
4936.234532356,441.553258519,0.169973492,0.993947130,nan,nan,53,56,46,9,0,6,0.821428571,3,2,1,0
4937.192403793,441.662993260,0.169973492,0.993947130,nan,nan,53,56,46,9,0,6,0.821428571,3,2,1,0
4938.215432644,441.792751395,0.169973492,0.993947130,nan,nan,53,56,46,9,0,6,0.821428571,3,2,1,0
4939.209902763,441.922488463,0.169974745,0.993947130,nan,nan,53,56,46,9,0,6,0.821428571,3,2,1,0
4940.198166370,442.012302370,0.169974745,0.993947130,nan,nan,53,56,46,9,0,6,0.821428571,3,2,1,0
4941.200425386,442.102045228,0.169975997,0.993947130,nan,nan,53,56,46,9,0,6,0.821428571,3,2,1,0
4942.221053123,442.201575549,0.169975997,0.993947130,nan,nan,53,56,46,9,0,6,0.821428571,3,2,1,0
4943.213260651,442.301399682,0.169975997,0.993947130,nan,nan,53,56,46,9,0,6,0.821428571,3,2,1,0
4944.216150522,442.410975295,0.169975997,0.993947130,nan,nan,53,56,46,9,0,6,0.821428571,3,2,1,0
4945.177755833,442.500823394,0.169981008,0.993947130,nan,nan,53,56,46,9,0,6,0.821428571,3,2,1,0
4946.236545801,442.630631346,0.169981008,0.993947130,nan,nan,53,56,46,9,0,6,0.821428571,3,2,1,0
4947.211843491,442.720484780,0.169981008,0.993947130,nan,nan,53,56,46,9,0,6,0.821428571,3,2,1,0
4948.208627939,442.840223582,0.169981008,0.993947130,nan,nan,53,56,46,9,0,6,0.821428571,3,2,1,0
4949.237145901,442.930103539,0.169981008,0.993947130,nan,nan,53,56,46,9,0,6,0.821428571,3,2,1,0
4950.214538336,443.019846946,0.169993536,0.993947130,nan,nan,53,56,46,9,0,6,0.821428571,3,2,1,0
4951.187241316,443.129618269,0.169993536,0.993947130,nan,nan,53,56,46,9,0,6,0.821428571,3,2,1,0
4952.216752529,443.249232659,0.169993536,0.993947130,nan,nan,53,56,46,9,0,6,0.821428571,3,2,1,0
4953.194393873,443.378317546,0.169994789,0.993947130,nan,nan,53,56,46,9,0,6,0.821428571,3,2,1,0
4954.192928314,443.478148106,0.169994789,0.993947130,nan,nan,53,56,46,9,0,6,0.821428571,3,2,1,0
4955.223576307,443.577999201,0.169997294,0.993947130,nan,nan,53,56,46,9,0,6,0.821428571,3,2,1,0
4956.211735487,443.687741153,0.169997294,0.993947130,nan,nan,53,56,46,9,0,6,0.821428571,3,2,1,0
4957.233533621,443.787309669,0.169999800,0.993947130,nan,nan,53,56,46,9,0,6,0.821428571,3,2,1,0
4958.215133190,443.887045790,0.169999800,0.993947130,nan,nan,53,56,46,9,0,6,0.821428571,3,2,1,0
4959.202758551,443.996709258,0.169999800,0.993947130,nan,nan,53,56,46,9,0,6,0.821428571,3,2,1,0
4960.219639778,444.096596923,0.170004811,0.993947130,nan,nan,53,56,46,9,0,6,0.821428571,3,2,1,0
4961.249662161,444.206153130,0.170004811,0.993947130,nan,nan,53,56,46,9,0,6,0.821428571,3,2,1,0
4962.186583996,444.296000588,0.170004811,0.993947130,nan,nan,53,56,46,9,0,6,0.821428571,3,2,1,0
4963.214044333,444.425287051,0.170004811,0.993947130,nan,nan,53,56,46,9,0,6,0.821428571,3,2,1,0
4964.195734501,444.524865471,0.170013580,0.993947130,nan,nan,53,56,46,9,0,6,0.821428571,3,2,1,0
4965.255391121,444.634348158,0.170013580,0.993947130,nan,nan,53,56,46,9,0,6,0.821428571,3,2,1,0
4966.218423128,444.734020529,0.170013580,0.993947130,nan,nan,53,56,46,9,0,6,0.821428571,3,2,1,0
4967.181415319,444.853710516,0.170018591,0.993947130,nan,nan,53,56,46,9,0,6,0.821428571,3,2,1,0
4968.240796089,444.943243884,0.170018591,0.993947130,nan,nan,53,56,46,9,0,6,0.821428571,3,2,1,0
4969.208756685,445.062336013,0.170018591,0.993947130,nan,nan,53,56,46,9,0,6,0.821428571,3,2,1,0
4970.232228041,445.171565530,0.170024854,0.993947130,nan,nan,53,56,46,9,0,6,0.821428571,3,2,1,0
4971.203421354,445.260544396,0.170031118,0.993947130,nan,nan,53,56,46,9,0,6,0.821428571,3,2,1,0
4972.263592720,445.369896974,0.170031118,0.993947130,nan,nan,53,56,46,9,0,6,0.821428571,3,2,1,0
4973.225203514,445.479191270,0.170031118,0.993947130,nan,nan,53,56,46,9,0,6,0.821428571,3,2,1,0
4974.228437662,445.578747485,0.170032371,0.993947130,nan,nan,53,56,46,9,0,6,0.821428571,3,2,1,0
4975.286216736,445.678390736,0.170032371,0.993947130,nan,nan,53,56,46,9,0,6,0.821428571,3,2,1,0
4976.222688437,445.778363241,0.170041140,0.993947130,nan,nan,53,56,46,9,0,6,0.821428571,3,2,1,0
4977.241367102,445.877973493,0.170041140,0.993947130,nan,nan,53,56,46,9,0,6,0.821428571,3,2,1,0
4978.280267477,445.977739532,0.170041140,0.993947130,nan,nan,53,56,46,9,0,6,0.821428571,3,2,1,0
4979.254066467,446.077344948,0.170051162,0.993947130,nan,nan,53,56,46,9,0,6,0.821428571,3,2,1,0
4980.203569889,446.177047631,0.170051162,0.993947130,nan,nan,53,56,46,9,0,6,0.821428571,3,2,1,0
4981.267317295,446.286587155,0.170062437,0.993947130,nan,nan,53,56,46,9,0,6,0.821428571,3,2,1,0
4982.195498466,446.396444132,0.170062437,0.993947130,nan,nan,53,56,46,9,0,6,0.821428571,3,2,1,0
4983.226951361,446.486304156,0.170062437,0.993947130,nan,nan,53,56,46,9,0,6,0.821428571,3,2,1,0
4984.212583780,446.586267444,0.170083733,0.993947130,nan,nan,53,56,46,9,0,6,0.821428571,3,2,1,0
4985.207550764,446.696082624,0.170083733,0.993947130,nan,nan,53,56,46,9,0,6,0.821428571,3,2,1,0
4986.245232105,446.785909739,0.170083733,0.993947130,nan,nan,53,56,46,9,0,6,0.821428571,3,2,1,0
4987.214602470,446.905755375,0.170117557,0.993947130,nan,nan,53,56,46,9,0,6,0.821428571,3,2,1,0
4988.231479883,447.005704558,0.170153887,0.993947130,nan,nan,53,56,46,9,0,6,0.821428571,3,2,1,0
4989.228029966,447.105680795,0.170153887,0.993947130,nan,nan,53,56,46,9,0,6,0.821428571,3,2,1,0
4990.218444347,447.195639982,0.170153887,0.993947130,nan,nan,53,56,46,9,0,6,0.821428571,3,2,1,0
4991.187483549,447.295606688,0.170219030,0.993947130,nan,nan,53,56,46,9,0,6,0.821428571,3,2,1,0
4992.207677364,447.395251360,0.170219030,0.993947130,nan,nan,53,56,46,9,0,6,0.821428571,3,2,1,0
4993.187194109,447.493866721,0.170219030,0.993947130,nan,nan,53,56,46,9,0,6,0.821428571,3,2,1,0
4994.205694675,447.598310485,0.170299205,0.993947130,nan,nan,53,56,46,9,0,6,0.821428571,3,2,1,0
4995.216121435,447.678954260,0.170299205,0.993947130,nan,nan,53,56,46,9,0,6,0.821428571,3,2,1,0
4996.200770140,447.776193846,0.170350568,0.993947130,nan,nan,53,56,46,9,0,6,0.821428571,3,2,1,0
4997.208770990,447.843672986,0.170350568,0.993947130,nan,nan,53,56,46,9,0,6,0.821428571,3,2,1,0
5006.808801174,447.904427297,0.170350568,0.993947130,nan,nan,54,57,47,9,0,6,0.824561404,3,2,1,0
5007.208076715,447.952495813,0.170355579,0.993947130,nan,nan,54,57,47,9,0,6,0.824561404,3,2,1,0
5008.224471331,447.967521002,0.170355579,0.993947130,nan,nan,54,57,47,9,0,6,0.824561404,3,2,1,0
5009.203950167,448.016782480,0.170355579,0.993947130,nan,nan,54,57,47,9,0,6,0.824561404,3,2,1,0
5010.210255861,448.060768748,0.170355579,0.993947130,nan,nan,54,57,47,9,0,6,0.824561404,3,2,1,0
5011.241311789,448.095858401,0.170355579,0.993947130,nan,nan,54,57,47,9,0,6,0.824561404,3,2,1,0
5012.202148914,448.128726816,0.170356831,0.993947130,nan,nan,54,57,47,9,0,6,0.824561404,3,2,1,0
5013.204061508,448.160243420,0.170356831,0.993947130,nan,nan,54,57,47,9,0,6,0.824561404,3,2,1,0
5014.217612982,448.184937085,0.170356831,0.993947130,nan,nan,54,57,47,9,0,6,0.824561404,3,2,1,0
5015.217208862,448.194417826,0.170356831,0.993947130,nan,nan,54,57,47,9,0,6,0.824561404,3,2,1,0
5016.230398417,448.197730439,0.170356831,0.993947130,nan,nan,54,57,47,9,0,6,0.824561404,3,2,1,0
5017.203652620,448.206717503,0.170356831,0.993947130,nan,nan,54,57,47,9,0,6,0.824561404,3,2,1,0
5018.187867641,448.218323908,0.170356831,0.993947130,nan,nan,54,57,47,9,0,6,0.824561404,3,2,1,0
5019.190941811,448.241882154,0.170356831,0.993947130,nan,nan,54,57,47,9,0,6,0.824561404,3,2,1,0
5020.214893341,448.284222475,0.170356831,0.993947130,nan,nan,54,57,47,9,0,6,0.824561404,3,2,1,0
5021.203177452,448.359565578,0.170356831,0.993947130,nan,nan,54,57,47,9,0,6,0.824561404,3,2,1,0
5022.222836971,448.471278293,0.170356831,0.993947130,nan,nan,54,57,47,9,0,6,0.824561404,3,2,1,0
5023.206268072,448.561250102,0.170358084,0.993947130,nan,nan,54,57,47,9,0,6,0.824561404,3,2,1,0
5024.221486092,448.661249881,0.170358084,0.993947130,nan,nan,54,57,47,9,0,6,0.824561404,3,2,1,0
5025.195181608,448.771249793,0.170359337,0.993947130,nan,nan,54,57,47,9,0,6,0.824561404,3,2,1,0
5026.194785118,448.881249410,0.170359337,0.993947130,nan,nan,54,57,47,9,0,6,0.824561404,3,2,1,0
5027.187550068,448.971246833,0.170359337,0.993947130,nan,nan,54,57,47,9,0,6,0.824561404,3,2,1,0
5028.190672636,449.101145978,0.170359337,0.993947130,nan,nan,54,57,47,9,0,6,0.824561404,3,2,1,0
5029.208011866,449.211051394,0.170359337,0.993947130,nan,nan,54,57,47,9,0,6,0.824561404,3,2,1,0
5030.215440035,449.301038678,0.170359337,0.993947130,nan,nan,54,57,47,9,0,6,0.824561404,3,2,1,0
5031.213956594,449.410925062,0.170359337,0.993947130,nan,nan,54,57,47,9,0,6,0.824561404,3,2,1,0
5032.217712164,449.490886766,0.170359337,0.993947130,nan,nan,54,57,47,9,0,6,0.824561404,3,2,1,0
5033.212873697,449.600611970,0.170359337,0.993947130,nan,nan,54,57,47,9,0,6,0.824561404,3,2,1,0
5034.248526573,449.710336350,0.170359337,0.993947130,nan,nan,54,57,47,9,0,6,0.824561404,3,2,1,0
5035.203781843,449.820105285,0.170359337,0.993947130,nan,nan,54,57,47,9,0,6,0.824561404,3,2,1,0
5036.190951824,449.919912328,0.170359337,0.993947130,nan,nan,54,57,47,9,0,6,0.824561404,3,2,1,0
5037.189750195,450.029563314,0.170360590,0.993947130,nan,nan,54,57,47,9,0,6,0.824561404,3,2,1,0
5038.211538792,450.129402980,0.170360590,0.993947130,nan,nan,54,57,47,9,0,6,0.824561404,3,2,1,0
5039.199897766,450.219339406,0.170360590,0.993947130,nan,nan,54,57,47,9,0,6,0.824561404,3,2,1,0
5040.204445124,450.319296132,0.170360590,0.993947130,nan,nan,54,57,47,9,0,6,0.824561404,3,2,1,0
5041.218430996,450.429199493,0.170360590,0.993947130,nan,nan,54,57,47,9,0,6,0.824561404,3,2,1,0
5042.214222908,450.529166354,0.170361842,0.993947130,nan,nan,54,57,47,9,0,6,0.824561404,3,2,1,0
5043.227505445,450.629027283,0.170361842,0.993947130,nan,nan,54,57,47,9,0,6,0.824561404,3,2,1,0
5044.201845884,450.728908054,0.170361842,0.993947130,nan,nan,54,57,47,9,0,6,0.824561404,3,2,1,0
5045.180566549,450.838861624,0.170361842,0.993947130,nan,nan,54,57,47,9,0,6,0.824561404,3,2,1,0
5046.206888199,450.948709857,0.170361842,0.993947130,nan,nan,54,57,47,9,0,6,0.824561404,3,2,1,0
5047.216436386,451.038636913,0.170361842,0.993947130,nan,nan,54,57,47,9,0,6,0.824561404,3,2,1,0
5048.247879505,451.138629563,0.170361842,0.993947130,nan,nan,54,57,47,9,0,6,0.824561404,3,2,1,0
5049.236766100,451.238406545,0.170361842,0.993947130,nan,nan,54,57,47,9,0,6,0.824561404,3,2,1,0
5050.232339859,451.338344004,0.170361842,0.993947130,nan,nan,54,57,47,9,0,6,0.824561404,3,2,1,0
5051.183605433,451.448234209,0.170361842,0.993947130,nan,nan,54,57,47,9,0,6,0.824561404,3,2,1,0
5052.203633070,451.548219127,0.170361842,0.993947130,nan,nan,54,57,47,9,0,6,0.824561404,3,2,1,0
5053.204813242,451.678156170,0.170361842,0.993947130,nan,nan,54,57,47,9,0,6,0.824561404,3,2,1,0
5054.180245161,451.778149154,0.170363095,0.993947130,nan,nan,54,57,47,9,0,6,0.824561404,3,2,1,0
5055.234628439,451.898081139,0.170363095,0.993947130,nan,nan,54,57,47,9,0,6,0.824561404,3,2,1,0
5056.203626156,451.997924722,0.170363095,0.993947130,nan,nan,54,57,47,9,0,6,0.824561404,3,2,1,0
5057.217775583,452.107905557,0.170363095,0.993947130,nan,nan,54,57,47,9,0,6,0.824561404,3,2,1,0
5058.221394777,452.207835925,0.170363095,0.993947130,nan,nan,54,57,47,9,0,6,0.824561404,3,2,1,0
5059.236272335,452.297756439,0.170363095,0.993947130,nan,nan,54,57,47,9,0,6,0.824561404,3,2,1,0
5060.219954014,452.397716039,0.170363095,0.993947130,nan,nan,54,57,47,9,0,6,0.824561404,3,2,1,0
5061.226429462,452.497709707,0.170363095,0.993947130,nan,nan,54,57,47,9,0,6,0.824561404,3,2,1,0
5062.203924179,452.587692569,0.170363095,0.993947130,nan,nan,54,57,47,9,0,6,0.824561404,3,2,1,0
5063.177733898,452.677616345,0.170363095,0.993947130,nan,nan,54,57,47,9,0,6,0.824561404,3,2,1,0
5064.205187321,452.797506077,0.170366853,0.993947130,nan,nan,54,57,47,9,0,6,0.824561404,3,2,1,0
5065.222523212,452.887499120,0.170366853,0.993947130,nan,nan,54,57,47,9,0,6,0.824561404,3,2,1,0
5066.226036072,452.987447743,0.170366853,0.993947130,nan,nan,54,57,47,9,0,6,0.824561404,3,2,1,0
5067.210879803,453.107431698,0.170366853,0.993947130,nan,nan,54,57,47,9,0,6,0.824561404,3,2,1,0
5068.217986107,453.227285357,0.170366853,0.993947130,nan,nan,54,57,47,9,0,6,0.824561404,3,2,1,0
5069.198010921,453.327260206,0.170366853,0.993947130,nan,nan,54,57,47,9,0,6,0.824561404,3,2,1,0
5070.208009243,453.427200320,0.170366853,0.993947130,nan,nan,54,57,47,9,0,6,0.824561404,3,2,1,0
5071.226723433,453.517029526,0.170366853,0.993947130,nan,nan,54,57,47,9,0,6,0.824561404,3,2,1,0
5072.192632675,453.636978865,0.170366853,0.993947130,nan,nan,54,57,47,9,0,6,0.824561404,3,2,1,0
5073.220565319,453.736935605,0.170368106,0.993947130,nan,nan,54,57,47,9,0,6,0.824561404,3,2,1,0
5074.209350348,453.846793032,0.170368106,0.993947130,nan,nan,54,57,47,9,0,6,0.824561404,3,2,1,0
5075.196157932,453.956780673,0.170368106,0.993947130,nan,nan,54,57,47,9,0,6,0.824561404,3,2,1,0
5076.185631514,454.066730273,0.170368106,0.993947130,nan,nan,54,57,47,9,0,6,0.824561404,3,2,1,0
5077.248664856,454.166651544,0.170368106,0.993947130,nan,nan,54,57,47,9,0,6,0.824561404,3,2,1,0
5078.227166414,454.256548970,0.170369359,0.993947130,nan,nan,54,57,47,9,0,6,0.824561404,3,2,1,0
5079.185940027,454.356508825,0.170369359,0.993947130,nan,nan,54,57,47,9,0,6,0.824561404,3,2,1,0
5080.221272230,454.456508618,0.170369359,0.993947130,nan,nan,54,57,47,9,0,6,0.824561404,3,2,1,0
5081.220671177,454.546484549,0.170369359,0.993947130,nan,nan,54,57,47,9,0,6,0.824561404,3,2,1,0
5082.223564863,454.646437488,0.170369359,0.993947130,nan,nan,54,57,47,9,0,6,0.824561404,3,2,1,0
5083.211328268,454.746399309,0.170369359,0.993947130,nan,nan,54,57,47,9,0,6,0.824561404,3,2,1,0
5084.240863800,454.856348502,0.170369359,0.993947130,nan,nan,54,57,47,9,0,6,0.824561404,3,2,1,0
5085.213841677,454.956309194,0.170369359,0.993947130,nan,nan,54,57,47,9,0,6,0.824561404,3,2,1,0
5086.209307909,455.056251707,0.170369359,0.993947130,nan,nan,54,57,47,9,0,6,0.824561404,3,2,1,0
5087.205355644,455.166221060,0.170369359,0.993947130,nan,nan,54,57,47,9,0,6,0.824561404,3,2,1,0
5088.204832315,455.266108464,0.170370612,0.993947130,nan,nan,54,57,47,9,0,6,0.824561404,3,2,1,0
5089.214624405,455.356108275,0.170370612,0.993947130,nan,nan,54,57,47,9,0,6,0.824561404,3,2,1,0
5090.231893539,455.456108089,0.170370612,0.993947130,nan,nan,54,57,47,9,0,6,0.824561404,3,2,1,0
5091.232556105,455.546090369,0.170370612,0.993947130,nan,nan,54,57,47,9,0,6,0.824561404,3,2,1,0
5092.204182386,455.676088518,0.170370612,0.993947130,nan,nan,54,57,47,9,0,6,0.824561404,3,2,1,0
5093.186165094,455.776076510,0.170371864,0.993947130,nan,nan,54,57,47,9,0,6,0.824561404,3,2,1,0
5094.232901573,455.876020579,0.170371864,0.993947130,nan,nan,54,57,47,9,0,6,0.824561404,3,2,1,0
5095.244709969,456.006020129,0.170371864,0.993947130,nan,nan,54,57,47,9,0,6,0.824561404,3,2,1,0
5096.189626455,456.106008396,0.170371864,0.993947130,nan,nan,54,57,47,9,0,6,0.824561404,3,2,1,0
5097.208092690,456.205982795,0.170371864,0.993947130,nan,nan,54,57,47,9,0,6,0.824561404,3,2,1,0
5098.216210365,456.305965637,0.170373117,0.993947130,nan,nan,54,57,47,9,0,6,0.824561404,3,2,1,0
5099.214119673,456.395949911,0.170373117,0.993947130,nan,nan,54,57,47,9,0,6,0.824561404,3,2,1,0
5100.234015465,456.515860637,0.170373117,0.993947130,nan,nan,54,57,47,9,0,6,0.824561404,3,2,1,0
5101.213158607,456.605848817,0.170373117,0.993947130,nan,nan,54,57,47,9,0,6,0.824561404,3,2,1,0
5102.179107189,456.705805644,0.170373117,0.993947130,nan,nan,54,57,47,9,0,6,0.824561404,3,2,1,0
5103.194274426,456.825783791,0.170373117,0.993947130,nan,nan,54,57,47,9,0,6,0.824561404,3,2,1,0
5104.226792336,456.925693721,0.170373117,0.993947130,nan,nan,54,57,47,9,0,6,0.824561404,3,2,1,0
5105.212588787,457.025633473,0.170373117,0.993947130,nan,nan,54,57,47,9,0,6,0.824561404,3,2,1,0
5106.217246771,457.145615932,0.170373117,0.993947130,nan,nan,54,57,47,9,0,6,0.824561404,3,2,1,0
5107.193826675,457.245541697,0.170373117,0.993947130,nan,nan,54,57,47,9,0,6,0.824561404,3,2,1,0
5108.184412479,457.345534031,0.170373117,0.993947130,nan,nan,54,57,47,9,0,6,0.824561404,3,2,1,0
5109.229209661,457.435499710,0.170373117,0.993947130,nan,nan,54,57,47,9,0,6,0.824561404,3,2,1,0
5110.181813955,457.535489244,0.170373117,0.993947130,nan,nan,54,57,47,9,0,6,0.824561404,3,2,1,0
5111.219965696,457.635486907,0.170374370,0.993947130,nan,nan,54,57,47,9,0,6,0.824561404,3,2,1,0
5112.264316559,457.745482380,0.170374370,0.993947130,nan,nan,54,57,47,9,0,6,0.824561404,3,2,1,0
5113.245459318,457.835465093,0.170374370,0.993947130,nan,nan,54,57,47,9,0,6,0.824561404,3,2,1,0
5114.256863356,457.935464118,0.170374370,0.993947130,nan,nan,54,57,47,9,0,6,0.824561404,3,2,1,0
5115.203069210,458.035413755,0.170374370,0.993947130,nan,nan,54,57,47,9,0,6,0.824561404,3,2,1,0
5116.185008287,458.165366328,0.170374370,0.993947130,nan,nan,54,57,47,9,0,6,0.824561404,3,2,1,0
5117.189569950,458.265295844,0.170374370,0.993947130,nan,nan,54,57,47,9,0,6,0.824561404,3,2,1,0
5118.213295460,458.355231006,0.170383139,0.993947130,nan,nan,54,57,47,9,0,6,0.824561404,3,2,1,0
5119.245491743,458.455152981,0.170383139,0.993947130,nan,nan,54,57,47,9,0,6,0.824561404,3,2,1,0
5120.236494064,458.544826457,0.170383139,0.993947130,nan,nan,54,57,47,9,0,6,0.824561404,3,2,1,0
5121.226200342,458.644133595,0.170383139,0.993947130,nan,nan,54,57,47,9,0,6,0.824561404,3,2,1,0
5122.259415150,458.753645579,0.170384392,0.993947130,nan,nan,54,57,47,9,0,6,0.824561404,3,2,1,0
5123.192591429,458.863061622,0.170384392,0.993947130,nan,nan,54,57,47,9,0,6,0.824561404,3,2,1,0
5124.215782642,458.952792533,0.170386897,0.993947130,nan,nan,54,57,47,9,0,6,0.824561404,3,2,1,0
5125.191084146,459.052530429,0.170391908,0.993947130,nan,nan,54,57,47,9,0,6,0.824561404,3,2,1,0
5126.223837852,459.142404417,0.170391908,0.993947130,nan,nan,54,57,47,9,0,6,0.824561404,3,2,1,0
5127.208016157,459.242133995,0.170391908,0.993947130,nan,nan,54,57,47,9,0,6,0.824561404,3,2,1,0
5128.218207121,459.342043881,0.170391908,0.993947130,nan,nan,54,57,47,9,0,6,0.824561404,3,2,1,0
5129.215342760,459.451840395,0.170391908,0.993947130,nan,nan,54,57,47,9,0,6,0.824561404,3,2,1,0
5130.208159685,459.571523215,0.170393161,0.993947130,nan,nan,54,57,47,9,0,6,0.824561404,3,2,1,0
5131.183126688,459.651293819,0.170393161,0.993947130,nan,nan,54,57,47,9,0,6,0.824561404,3,2,1,0
5132.180751801,459.766631558,0.170393161,0.993947130,nan,nan,54,57,47,9,0,6,0.824561404,3,2,1,0
5133.216649294,459.879756987,0.170393161,0.993947130,nan,nan,54,57,47,9,0,6,0.824561404,3,2,1,0
5134.217026472,459.985318722,0.170393161,0.993947130,nan,nan,54,57,47,9,0,6,0.824561404,3,2,1,0
5135.217117548,460.092363908,0.170393161,0.993947130,nan,nan,54,57,47,9,0,6,0.824561404,3,2,1,0
5136.222512960,460.191399595,0.170393161,0.993947130,nan,nan,54,57,47,9,0,6,0.824561404,3,2,1,0
5137.199938536,460.290696316,0.170395667,0.993947130,nan,nan,54,57,47,9,0,6,0.824561404,3,2,1,0
5138.193468094,460.390681383,0.170395667,0.993947130,nan,nan,54,57,47,9,0,6,0.824561404,3,2,1,0
5139.200330257,460.500649942,0.170395667,0.993947130,nan,nan,54,57,47,9,0,6,0.824561404,3,2,1,0
5140.191352606,460.650552364,0.170395667,0.993947130,nan,nan,54,57,47,9,0,6,0.824561404,3,2,1,0
5141.199515343,460.760520372,0.170395667,0.993947130,nan,nan,54,57,47,9,0,6,0.824561404,3,2,1,0
5142.205332518,460.870331245,0.170395667,0.993947130,nan,nan,54,57,47,9,0,6,0.824561404,3,2,1,0
5143.220843792,460.980108143,0.170395667,0.993947130,nan,nan,54,57,47,9,0,6,0.824561404,3,2,1,0
5144.199228048,461.099632799,0.170395667,0.993947130,nan,nan,54,57,47,9,0,6,0.824561404,3,2,1,0
5145.191418171,461.189502949,0.170395667,0.993947130,nan,nan,54,57,47,9,0,6,0.824561404,3,2,1,0
5146.210828304,461.319360711,0.170344304,0.993817161,nan,nan,54,57,47,9,0,6,0.824561404,3,2,1,0
5147.206500769,461.429249867,0.170344304,0.993817161,nan,nan,54,57,47,9,0,6,0.824561404,3,2,1,0
5148.220582247,461.528993783,0.170344304,0.993817161,nan,nan,54,57,47,9,0,6,0.824561404,3,2,1,0
5149.229620695,461.648665505,0.170344304,0.993817161,nan,nan,54,57,47,9,0,6,0.824561404,3,2,1,0
5150.265321493,461.748575152,0.170344304,0.993817161,nan,nan,54,57,47,9,0,6,0.824561404,3,2,1,0
5151.222859859,461.858486277,0.170344304,0.993817161,nan,nan,54,57,47,9,0,6,0.824561404,3,2,1,0
5152.216624975,461.958444704,0.170344304,0.993817161,nan,nan,54,57,47,9,0,6,0.824561404,3,2,1,0
5153.246535540,462.058296688,0.170344304,0.993817161,nan,nan,54,57,47,9,0,6,0.824561404,3,2,1,0
5154.254556179,462.188089624,0.170344304,0.993817161,nan,nan,54,57,47,9,0,6,0.824561404,3,2,1,0
5155.214246750,462.307700597,0.170344304,0.993817161,nan,nan,54,57,47,9,0,6,0.824561404,3,2,1,0
5156.217907906,462.407614940,0.170344304,0.993817161,nan,nan,54,57,47,9,0,6,0.824561404,3,2,1,0
5157.191606522,462.497575420,0.170344304,0.993817161,nan,nan,54,57,47,9,0,6,0.824561404,3,2,1,0
5158.228553534,462.607242000,0.170344304,0.993817161,nan,nan,54,57,47,9,0,6,0.824561404,3,2,1,0
5159.239288568,462.707125046,0.170344304,0.993817161,nan,nan,54,57,47,9,0,6,0.824561404,3,2,1,0
5160.217767477,462.807002304,0.170344304,0.993817161,nan,nan,54,57,47,9,0,6,0.824561404,3,2,1,0
5161.178521395,462.906973373,0.170344304,0.993817161,nan,nan,54,57,47,9,0,6,0.824561404,3,2,1,0
5162.238014221,463.026818739,0.170344304,0.993817161,nan,nan,54,57,47,9,0,6,0.824561404,3,2,1,0
5163.196954966,463.136479879,0.170344304,0.993817161,nan,nan,54,57,47,9,0,6,0.824561404,3,2,1,0
5164.263118029,463.246208901,0.170344304,0.993817161,nan,nan,54,57,47,9,0,6,0.824561404,3,2,1,0
5165.217336893,463.355848647,0.170344304,0.993817161,nan,nan,54,57,47,9,0,6,0.824561404,3,2,1,0
5166.233053684,463.465048367,0.170344304,0.993817161,nan,nan,54,57,47,9,0,6,0.824561404,3,2,1,0
5167.221153975,463.564857628,0.170345557,0.993817161,nan,nan,54,57,47,9,0,6,0.824561404,3,2,1,0
5168.181257486,463.654617299,0.170345557,0.993817161,nan,nan,54,57,47,9,0,6,0.824561404,3,2,1,0
5169.198436260,463.774380255,0.170345557,0.993817161,nan,nan,54,57,47,9,0,6,0.824561404,3,2,1,0
5170.224776030,463.914104321,0.170345557,0.993817161,nan,nan,54,57,47,9,0,6,0.824561404,3,2,1,0
5171.199941397,464.123903972,0.170345557,0.993817161,nan,nan,54,57,47,9,0,6,0.824561404,3,2,1,0
5172.205420256,464.233684776,0.170345557,0.993817161,nan,nan,54,57,47,9,0,6,0.824561404,3,2,1,0
5173.244990826,464.323558609,0.170345557,0.993817161,nan,nan,54,57,47,9,0,6,0.824561404,3,2,1,0
5174.190089941,464.433551276,0.170345557,0.993817161,nan,nan,54,57,47,9,0,6,0.824561404,3,2,1,0
5175.216117859,464.543324725,0.170345557,0.993817161,nan,nan,54,57,47,9,0,6,0.824561404,3,2,1,0
5176.200966597,464.643186110,0.170345557,0.993817161,nan,nan,54,57,47,9,0,6,0.824561404,3,2,1,0
5177.204735041,464.743059295,0.170345557,0.993817161,nan,nan,54,57,47,9,0,6,0.824561404,3,2,1,0
5178.196471930,464.842963950,0.170345557,0.993817161,nan,nan,54,57,47,9,0,6,0.824561404,3,2,1,0
5179.231832027,464.952720513,0.170345557,0.993817161,nan,nan,54,57,47,9,0,6,0.824561404,3,2,1,0
5180.246769905,465.052593070,0.170345557,0.993817161,nan,nan,54,57,47,9,0,6,0.824561404,3,2,1,0
5181.215326548,465.172303913,0.170345557,0.993817161,nan,nan,54,57,47,9,0,6,0.824561404,3,2,1,0
5182.257678032,465.291740084,0.170345557,0.993817161,nan,nan,54,57,47,9,0,6,0.824561404,3,2,1,0
5183.223225355,465.401133669,0.170345557,0.993817161,nan,nan,54,57,47,9,0,6,0.824561404,3,2,1,0
5184.233066797,465.511004674,0.170345557,0.993817161,nan,nan,54,57,47,9,0,6,0.824561404,3,2,1,0
5185.223225594,465.610915353,0.170345557,0.993817161,nan,nan,54,57,47,9,0,6,0.824561404,3,2,1,0
5186.235373497,465.710706192,0.170345557,0.993817161,nan,nan,54,57,47,9,0,6,0.824561404,3,2,1,0
5187.227986336,465.850033558,0.170345557,0.993817161,nan,nan,54,57,47,9,0,6,0.824561404,3,2,1,0
5188.209118128,465.969989044,0.170345557,0.993817161,nan,nan,54,57,47,9,0,6,0.824561404,3,2,1,0
5189.238856316,466.079680266,0.170345557,0.993817161,nan,nan,54,57,47,9,0,6,0.824561404,3,2,1,0
5190.226440668,466.199454950,0.170345557,0.993817161,nan,nan,54,57,47,9,0,6,0.824561404,3,2,1,0
5191.216656685,466.339036786,0.170345557,0.993817161,nan,nan,54,57,47,9,0,6,0.824561404,3,2,1,0
5192.216466665,466.438397370,0.170345557,0.993817161,nan,nan,54,57,47,9,0,6,0.824561404,3,2,1,0
5193.216580868,466.538326623,0.170345557,0.993817161,nan,nan,54,57,47,9,0,6,0.824561404,3,2,1,0
5194.231797457,466.648156406,0.170345557,0.993817161,nan,nan,54,57,47,9,0,6,0.824561404,3,2,1,0
5195.230681896,466.767761740,0.170345557,0.993817161,nan,nan,54,57,47,9,0,6,0.824561404,3,2,1,0
5196.182249069,466.877569778,0.170345557,0.993817161,nan,nan,54,57,47,9,0,6,0.824561404,3,2,1,0
5197.201530933,467.007350502,0.170345557,0.993817161,nan,nan,54,57,47,9,0,6,0.824561404,3,2,1,0
5198.187127352,467.117194227,0.170345557,0.993817161,nan,nan,54,57,47,9,0,6,0.824561404,3,2,1,0
5199.185655832,467.226800521,0.170345557,0.993817161,nan,nan,54,57,47,9,0,6,0.824561404,3,2,1,0
5200.224839449,467.336652453,0.170345557,0.993817161,nan,nan,54,57,47,9,0,6,0.824561404,3,2,1,0
5201.201251507,467.466435885,0.170345557,0.993817161,nan,nan,54,57,47,9,0,6,0.824561404,3,2,1,0
5202.211630583,467.566275663,0.170345557,0.993817161,nan,nan,54,57,47,9,0,6,0.824561404,3,2,1,0
5203.210101604,467.676225724,0.170345557,0.993817161,nan,nan,54,57,47,9,0,6,0.824561404,3,2,1,0
5204.215507746,467.776037103,0.170345557,0.993817161,nan,nan,54,57,47,9,0,6,0.824561404,3,2,1,0
5205.213589191,467.875860288,0.170345557,0.993817161,nan,nan,54,57,47,9,0,6,0.824561404,3,2,1,0
5206.230367661,467.985485976,0.170345557,0.993817161,nan,nan,54,57,47,9,0,6,0.824561404,3,2,1,0
5207.227402449,468.095354198,0.170345557,0.993817161,nan,nan,54,57,47,9,0,6,0.824561404,3,2,1,0
5208.217367411,468.205267224,0.170345557,0.993817161,nan,nan,54,57,47,9,0,6,0.824561404,3,2,1,0
5209.209295988,468.325019224,0.170345557,0.993817161,nan,nan,54,57,47,9,0,6,0.824561404,3,2,1,0
5210.261988163,468.444850311,0.170345557,0.993817161,nan,nan,54,57,47,9,0,6,0.824561404,3,2,1,0
5211.204895735,468.544564409,0.170345557,0.993817161,nan,nan,54,57,47,9,0,6,0.824561404,3,2,1,0
5212.219987154,468.654496016,0.170345557,0.993817161,nan,nan,54,57,47,9,0,6,0.824561404,3,2,1,0
5213.200450659,468.754029389,0.170345557,0.993817161,nan,nan,54,57,47,9,0,6,0.824561404,3,2,1,0
5214.196664333,468.853970234,0.170345557,0.993817161,nan,nan,54,57,47,9,0,6,0.824561404,3,2,1,0
5215.215406895,468.963573865,0.170345557,0.993817161,nan,nan,54,57,47,9,0,6,0.824561404,3,2,1,0
5216.183260918,469.063210953,0.170345557,0.993817161,nan,nan,54,57,47,9,0,6,0.824561404,3,2,1,0
5217.199456215,469.162598405,0.170345557,0.993817161,nan,nan,54,57,47,9,0,6,0.824561404,3,2,1,0
5218.203815460,469.262336243,0.170345557,0.993817161,nan,nan,54,57,47,9,0,6,0.824561404,3,2,1,0
5219.245912552,469.372289664,0.170345557,0.993817161,nan,nan,54,57,47,9,0,6,0.824561404,3,2,1,0
5220.199660778,469.492074067,0.170345557,0.993817161,nan,nan,54,57,47,9,0,6,0.824561404,3,2,1,0
5221.272706032,469.601923477,0.170345557,0.993817161,nan,nan,54,57,47,9,0,6,0.824561404,3,2,1,0
5222.232769966,469.771839780,0.170345557,0.993817161,nan,nan,54,57,47,9,0,6,0.824561404,3,2,1,0
5223.218719244,469.871764026,0.170345557,0.993817161,nan,nan,54,57,47,9,0,6,0.824561404,3,2,1,0
5224.223052502,469.971687401,0.170345557,0.993817161,nan,nan,54,57,47,9,0,6,0.824561404,3,2,1,0
5225.221337318,470.081585232,0.170345557,0.993817161,nan,nan,54,57,47,9,0,6,0.824561404,3,2,1,0
5226.232153654,470.181530100,0.170345557,0.993817161,nan,nan,54,57,47,9,0,6,0.824561404,3,2,1,0
5227.225638390,470.301505376,0.170345557,0.993817161,nan,nan,54,57,47,9,0,6,0.824561404,3,2,1,0
5228.227346897,470.401459633,0.170345557,0.993817161,nan,nan,54,57,47,9,0,6,0.824561404,3,2,1,0
5229.216521263,470.531395987,0.170345557,0.993817161,nan,nan,54,57,47,9,0,6,0.824561404,3,2,1,0
5230.206474781,470.641318021,0.170345557,0.993817161,nan,nan,54,57,47,9,0,6,0.824561404,3,2,1,0
5231.207920551,470.761315262,0.170345557,0.993817161,nan,nan,54,57,47,9,0,6,0.824561404,3,2,1,0
5232.309453487,470.841297474,0.170345557,0.993817161,nan,nan,54,57,47,9,0,6,0.824561404,3,2,1,0
5233.255643845,470.931295915,0.170345557,0.993817161,nan,nan,54,57,47,9,0,6,0.824561404,3,2,1,0
5234.197969913,471.051276282,0.170345557,0.993817161,nan,nan,54,57,47,9,0,6,0.824561404,3,2,1,0
5235.242681980,471.151233031,0.170345557,0.993817161,nan,nan,54,57,47,9,0,6,0.824561404,3,2,1,0
5236.212291002,471.291198135,0.170345557,0.993817161,nan,nan,54,57,47,9,0,6,0.824561404,3,2,1,0
5237.230178356,471.391122393,0.170345557,0.993817161,nan,nan,54,57,47,9,0,6,0.824561404,3,2,1,0
5238.207163811,471.491074906,0.170345557,0.993817161,nan,nan,54,57,47,9,0,6,0.824561404,3,2,1,0
5239.209973335,471.601001875,0.170345557,0.993817161,nan,nan,54,57,47,9,0,6,0.824561404,3,2,1,0
5240.211678743,471.740996195,0.170345557,0.993817161,nan,nan,54,57,47,9,0,6,0.824561404,3,2,1,0
5241.192109108,471.840987146,0.170345557,0.993817161,nan,nan,54,57,47,9,0,6,0.824561404,3,2,1,0
5242.243944407,471.930986755,0.170345557,0.993817161,nan,nan,54,57,47,9,0,6,0.824561404,3,2,1,0
5243.203551292,472.050986728,0.170346810,0.993817161,nan,nan,54,57,47,9,0,6,0.824561404,3,2,1,0
5244.205520391,472.160962328,0.170346810,0.993817161,nan,nan,54,57,47,9,0,6,0.824561404,3,2,1,0
5245.229729176,472.270939741,0.170346810,0.993817161,nan,nan,54,57,47,9,0,6,0.824561404,3,2,1,0
5246.211363316,472.390905436,0.170346810,0.993817161,nan,nan,54,57,47,9,0,6,0.824561404,3,2,1,0
5247.230146885,472.500874343,0.170346810,0.993817161,nan,nan,54,57,47,9,0,6,0.824561404,3,2,1,0
5248.186356544,472.610872695,0.170346810,0.993817161,nan,nan,54,57,47,9,0,6,0.824561404,3,2,1,0
5249.200726509,472.710870516,0.170346810,0.993817161,nan,nan,54,57,47,9,0,6,0.824561404,3,2,1,0
5250.190387249,472.820766034,0.170346810,0.993817161,nan,nan,54,57,47,9,0,6,0.824561404,3,2,1,0
5251.194979429,472.930671833,0.170346810,0.993817161,nan,nan,54,57,47,9,0,6,0.824561404,3,2,1,0
5252.214658499,473.050430906,0.170346810,0.993817161,nan,nan,54,57,47,9,0,6,0.824561404,3,2,1,0
5253.228086948,473.170348720,0.170346810,0.993817161,nan,nan,54,57,47,9,0,6,0.824561404,3,2,1,0
5254.217278957,473.269905019,0.170346810,0.993817161,nan,nan,54,57,47,9,0,6,0.824561404,3,2,1,0
5255.210271597,473.359731142,0.170346810,0.993817161,nan,nan,54,57,47,9,0,6,0.824561404,3,2,1,0
5256.196095943,473.449548148,0.170346810,0.993817161,nan,nan,54,57,47,9,0,6,0.824561404,3,2,1,0
5257.221424341,473.549448282,0.170346810,0.993817161,nan,nan,54,57,47,9,0,6,0.824561404,3,2,1,0
5258.233105421,473.649390208,0.170346810,0.993817161,nan,nan,54,57,47,9,0,6,0.824561404,3,2,1,0
5259.214421988,473.749246331,0.170353073,0.993817161,nan,nan,54,57,47,9,0,6,0.824561404,3,2,1,0
5260.192471981,473.849204092,0.170353073,0.993817161,nan,nan,54,57,47,9,0,6,0.824561404,3,2,1,0
5261.227850676,473.969022426,0.170353073,0.993817161,nan,nan,54,57,47,9,0,6,0.824561404,3,2,1,0
5262.207817078,474.088974009,0.170353073,0.993817161,nan,nan,54,57,47,9,0,6,0.824561404,3,2,1,0
5263.226251364,474.208644045,0.170353073,0.993817161,nan,nan,54,57,47,9,0,6,0.824561404,3,2,1,0
5264.236551523,474.318152095,0.170354326,0.993817161,nan,nan,54,57,47,9,0,6,0.824561404,3,2,1,0
5265.193885565,474.417843896,0.170354326,0.993817161,nan,nan,54,57,47,9,0,6,0.824561404,3,2,1,0
5266.224092007,474.517391771,0.170354326,0.993817161,nan,nan,54,57,47,9,0,6,0.824561404,3,2,1,0
5267.188398600,474.616960624,0.170354326,0.993817161,nan,nan,54,57,47,9,0,6,0.824561404,3,2,1,0
5268.200015068,474.716757529,0.170354326,0.993817161,nan,nan,54,57,47,9,0,6,0.824561404,3,2,1,0
5269.224591970,474.825994606,0.170358084,0.993817161,nan,nan,54,57,47,9,0,6,0.824561404,3,2,1,0
5270.207756042,474.925494667,0.170358084,0.993817161,nan,nan,54,57,47,9,0,6,0.824561404,3,2,1,0
5271.203349352,475.025187372,0.170358084,0.993817161,nan,nan,54,57,47,9,0,6,0.824561404,3,2,1,0
5272.183472395,475.115004913,0.170378128,0.993817161,nan,nan,54,57,47,9,0,6,0.824561404,3,2,1,0
5273.218712330,475.214751724,0.170378128,0.993817161,nan,nan,54,57,47,9,0,6,0.824561404,3,2,1,0
5274.266876221,475.314691515,0.170378128,0.993817161,nan,nan,54,57,47,9,0,6,0.824561404,3,2,1,0
5275.209414721,475.424469355,0.170378128,0.993817161,nan,nan,54,57,47,9,0,6,0.824561404,3,2,1,0
5276.196212292,475.514419823,0.170378128,0.993817161,nan,nan,54,57,47,9,0,6,0.824561404,3,2,1,0
5277.243842125,475.614337084,0.170378128,0.993817161,nan,nan,54,57,47,9,0,6,0.824561404,3,2,1,0
5278.235303640,475.704265722,0.170378128,0.993817161,nan,nan,54,57,47,9,0,6,0.824561404,3,2,1,0
5279.198451757,475.824196065,0.170378128,0.993817161,nan,nan,54,57,47,9,0,6,0.824561404,3,2,1,0
5280.214520931,475.923933645,0.170378128,0.993817161,nan,nan,54,57,47,9,0,6,0.824561404,3,2,1,0
5281.241559029,476.033700723,0.170378128,0.993817161,nan,nan,54,57,47,9,0,6,0.824561404,3,2,1,0
5282.235914946,476.123661402,0.170378128,0.993817161,nan,nan,54,57,47,9,0,6,0.824561404,3,2,1,0
5283.230882883,476.223521259,0.170309227,0.994058533,nan,nan,54,57,47,9,0,6,0.824561404,3,2,1,0
5284.179776192,476.323117905,0.170309227,0.994058533,nan,nan,54,57,47,9,0,6,0.824561404,3,2,1,0
5285.193190098,476.442978127,0.170309227,0.994058533,nan,nan,54,57,47,9,0,6,0.824561404,3,2,1,0
5286.211122513,476.552773281,0.170309227,0.994058533,nan,nan,54,57,47,9,0,6,0.824561404,3,2,1,0
5287.230921507,476.652626131,0.170309227,0.994058533,nan,nan,54,57,47,9,0,6,0.824561404,3,2,1,0
5288.218753576,476.762381742,0.170309227,0.994058533,nan,nan,54,57,47,9,0,6,0.824561404,3,2,1,0
5289.221920729,476.862105076,0.170309227,0.994058533,nan,nan,54,57,47,9,0,6,0.824561404,3,2,1,0
5290.218683004,476.971617619,0.170309227,0.994058533,nan,nan,54,57,47,9,0,6,0.824561404,3,2,1,0
5291.193929434,477.071376689,0.170309227,0.994058533,nan,nan,54,57,47,9,0,6,0.824561404,3,2,1,0
5292.190937042,477.171227997,0.170309227,0.994058533,nan,nan,54,57,47,9,0,6,0.824561404,3,2,1,0
5293.226549149,477.261028603,0.170309227,0.994058533,nan,nan,54,57,47,9,0,6,0.824561404,3,2,1,0
5294.218999386,477.360959856,0.170309227,0.994058533,nan,nan,54,57,47,9,0,6,0.824561404,3,2,1,0
5295.228450298,477.450825845,0.170309227,0.994058533,nan,nan,54,57,47,9,0,6,0.824561404,3,2,1,0
5296.221121073,477.560716721,0.170309227,0.994058533,nan,nan,54,57,47,9,0,6,0.824561404,3,2,1,0
5297.234525919,477.660603533,0.170309227,0.994058533,nan,nan,54,57,47,9,0,6,0.824561404,3,2,1,0
5298.213729620,477.750274705,0.170309227,0.994058533,nan,nan,54,57,47,9,0,6,0.824561404,3,2,1,0
5299.251479626,477.860143811,0.170309227,0.994058533,nan,nan,54,57,47,9,0,6,0.824561404,3,2,1,0
5300.188607216,477.949712302,0.170309227,0.994058533,nan,nan,54,57,47,9,0,6,0.824561404,3,2,1,0
5301.205506802,478.049391716,0.170309227,0.994058533,nan,nan,54,57,47,9,0,6,0.824561404,3,2,1,0
5302.199153185,478.149320432,0.170309227,0.994058533,nan,nan,54,57,47,9,0,6,0.824561404,3,2,1,0
5303.189971209,478.268863042,0.170309227,0.994058533,nan,nan,54,57,47,9,0,6,0.824561404,3,2,1,0
5304.181235313,478.368635807,0.170309227,0.994058533,nan,nan,54,57,47,9,0,6,0.824561404,3,2,1,0
5305.200123072,478.468547946,0.170309227,0.994058533,nan,nan,54,57,47,9,0,6,0.824561404,3,2,1,0
5306.211427450,478.558441707,0.170309227,0.994058533,nan,nan,54,57,47,9,0,6,0.824561404,3,2,1,0
5307.182637691,478.678163524,0.170309227,0.994058533,nan,nan,54,57,47,9,0,6,0.824561404,3,2,1,0
5308.262715101,478.787950278,0.170309227,0.994058533,nan,nan,54,57,47,9,0,6,0.824561404,3,2,1,0
5309.207352161,478.887631515,0.170309227,0.994058533,nan,nan,54,57,47,9,0,6,0.824561404,3,2,1,0
5310.247992754,478.987601444,0.170309227,0.994058533,nan,nan,54,57,47,9,0,6,0.824561404,3,2,1,0
5311.215851784,479.087459244,0.170309227,0.994058533,nan,nan,54,57,47,9,0,6,0.824561404,3,2,1,0
5312.203815460,479.187263368,0.170309227,0.994058533,nan,nan,54,57,47,9,0,6,0.824561404,3,2,1,0
5313.221745729,479.286984100,0.170309227,0.994058533,nan,nan,54,57,47,9,0,6,0.824561404,3,2,1,0
5314.185991526,479.386697316,0.170312985,0.994058533,nan,nan,54,57,47,9,0,6,0.824561404,3,2,1,0
5315.222297430,479.496526534,0.170312985,0.994058533,nan,nan,54,57,47,9,0,6,0.824561404,3,2,1,0
5316.196205378,479.596423516,0.170312985,0.994058533,nan,nan,54,57,47,9,0,6,0.824561404,3,2,1,0
5317.190105915,479.706143091,0.170312985,0.994058533,nan,nan,54,57,47,9,0,6,0.824561404,3,2,1,0
5318.217454910,479.805957380,0.170312985,0.994058533,nan,nan,54,57,47,9,0,6,0.824561404,3,2,1,0
5319.205370903,479.895821648,0.170312985,0.994058533,nan,nan,54,57,47,9,0,6,0.824561404,3,2,1,0
5320.251175880,479.985434074,0.170312985,0.994058533,nan,nan,54,57,47,9,0,6,0.824561404,3,2,1,0
5321.254603863,480.085124473,0.170312985,0.994058533,nan,nan,54,57,47,9,0,6,0.824561404,3,2,1,0
5322.212185383,480.184749737,0.170312985,0.994058533,nan,nan,54,57,47,9,0,6,0.824561404,3,2,1,0
5323.241734743,480.284520765,0.170312985,0.994058533,nan,nan,54,57,47,9,0,6,0.824561404,3,2,1,0
5324.267366648,480.384339710,0.170312985,0.994058533,nan,nan,54,57,47,9,0,6,0.824561404,3,2,1,0
5325.255068541,480.484230756,0.170314238,0.994058533,nan,nan,54,57,47,9,0,6,0.824561404,3,2,1,0
5326.196310282,480.584070895,0.170314238,0.994058533,nan,nan,54,57,47,9,0,6,0.824561404,3,2,1,0
5327.276916265,480.683845469,0.170314238,0.994058533,nan,nan,54,57,47,9,0,6,0.824561404,3,2,1,0
5328.181252956,480.793765826,0.170314238,0.994058533,nan,nan,54,57,47,9,0,6,0.824561404,3,2,1,0
5329.241050482,480.900318632,0.170316744,0.994058533,nan,nan,54,57,47,9,0,6,0.824561404,3,2,1,0
5330.190757990,481.004494329,0.170316744,0.994058533,nan,nan,54,57,47,9,0,6,0.824561404,3,2,1,0
5331.202202082,481.095711994,0.170316744,0.994058533,nan,nan,54,57,47,9,0,6,0.824561404,3,2,1,0
5332.223420143,481.186661611,0.170316744,0.994058533,nan,nan,54,57,47,9,0,6,0.824561404,3,2,1,0
5333.197314739,481.296439732,0.170320502,0.994058533,nan,nan,54,57,47,9,0,6,0.824561404,3,2,1,0
5334.194289923,481.393166699,0.170326766,0.994058533,nan,nan,54,57,47,9,0,6,0.824561404,3,2,1,0
5335.221755981,481.492812223,0.170326766,0.994058533,nan,nan,54,57,47,9,0,6,0.824561404,3,2,1,0
5336.268602610,481.592467545,0.170336788,0.994058533,nan,nan,54,57,47,9,0,6,0.824561404,3,2,1,0
5337.196787357,481.702260815,0.170336788,0.994058533,nan,nan,54,57,47,9,0,6,0.824561404,3,2,1,0
5338.184318542,481.802029863,0.170336788,0.994058533,nan,nan,54,57,47,9,0,6,0.824561404,3,2,1,0
5339.208673000,481.892003529,0.170345557,0.994058533,nan,nan,54,57,47,9,0,6,0.824561404,3,2,1,0
5340.256925344,482.021670730,0.170345557,0.994058533,nan,nan,54,57,47,9,0,6,0.824561404,3,2,1,0
5341.186225176,482.161567553,0.170345557,0.994058533,nan,nan,54,57,47,9,0,6,0.824561404,3,2,1,0
5342.201098919,482.241567519,0.170354326,0.994058533,nan,nan,54,57,47,9,0,6,0.824561404,3,2,1,0
5343.203365088,482.321567493,0.170354326,0.994058533,nan,nan,54,57,47,9,0,6,0.824561404,3,2,1,0
5344.227546453,482.391567470,0.170360590,0.994058533,nan,nan,54,57,47,9,0,6,0.824561404,3,2,1,0
5345.208104372,482.461532026,0.170360590,0.994058533,nan,nan,54,57,47,9,0,6,0.824561404,3,2,1,0
5346.215249300,482.539255981,0.170360590,0.994058533,nan,nan,54,57,47,9,0,6,0.824561404,3,2,1,0
5347.182661057,482.606537286,0.170365601,0.994058533,nan,nan,54,57,47,9,0,6,0.824561404,3,2,1,0
5348.202686310,482.673715671,0.170365601,0.994058533,nan,nan,54,57,47,9,0,6,0.824561404,3,2,1,0
5349.189362764,482.729319884,0.170365601,0.994058533,nan,nan,54,57,47,9,0,6,0.824561404,3,2,1,0
5350.208429575,482.791420254,0.170365601,0.994058533,nan,nan,54,57,47,9,0,6,0.824561404,3,2,1,0
5351.205595493,482.859203798,0.170365601,0.994058533,nan,nan,54,57,47,9,0,6,0.824561404,3,2,1,0
5352.203460455,482.907014350,0.170365601,0.994058533,nan,nan,54,57,47,9,0,6,0.824561404,3,2,1,0
5353.178545952,482.966600265,0.170365601,0.994058533,nan,nan,54,57,47,9,0,6,0.824561404,3,2,1,0
5354.180274725,483.021332071,0.170365601,0.994058533,nan,nan,54,57,47,9,0,6,0.824561404,3,2,1,0
5355.201510429,483.068376883,0.170365601,0.994058533,nan,nan,54,57,47,9,0,6,0.824561404,3,2,1,0
5362.970492840,483.108660781,0.170365601,0.994058533,nan,nan,55,58,48,9,0,6,0.827586207,3,2,1,0
5363.176849842,483.181770979,0.170365601,0.994058533,nan,nan,55,58,48,9,0,6,0.827586207,3,2,1,0
5364.200104475,483.187387778,0.170365601,0.994058533,nan,nan,55,58,48,9,0,6,0.827586207,3,2,1,0
5365.202333927,483.208499746,0.170365601,0.994058533,nan,nan,55,58,48,9,0,6,0.827586207,3,2,1,0
5366.209510565,483.241432799,0.170365601,0.994058533,nan,nan,55,58,48,9,0,6,0.827586207,3,2,1,0
5367.201513290,483.265260276,0.170365601,0.994058533,nan,nan,55,58,48,9,0,6,0.827586207,3,2,1,0
5368.220922709,483.286964452,0.170365601,0.994058533,nan,nan,55,58,48,9,0,6,0.827586207,3,2,1,0
5369.189693451,483.310039447,0.170365601,0.994058533,nan,nan,55,58,48,9,0,6,0.827586207,3,2,1,0
5370.203606606,483.328683326,0.170365601,0.994058533,nan,nan,55,58,48,9,0,6,0.827586207,3,2,1,0
5371.188497782,483.343759343,0.170365601,0.994058533,nan,nan,55,58,48,9,0,6,0.827586207,3,2,1,0
5372.185781956,483.353383624,0.170365601,0.994058533,nan,nan,55,58,48,9,0,6,0.827586207,3,2,1,0
5373.217441082,483.361627026,0.170365601,0.994058533,nan,nan,55,58,48,9,0,6,0.827586207,3,2,1,0
5374.218725443,483.368254661,0.170365601,0.994058533,nan,nan,55,58,48,9,0,6,0.827586207,3,2,1,0
5375.202885628,483.373278859,0.170365601,0.994058533,nan,nan,55,58,48,9,0,6,0.827586207,3,2,1,0
5376.200892925,483.374679525,0.170365601,0.994058533,nan,nan,55,58,48,9,0,6,0.827586207,3,2,1,0
5377.217354298,483.376576406,0.170365601,0.994058533,nan,nan,55,58,48,9,0,6,0.827586207,3,2,1,0
5378.177397013,483.380663844,0.170365601,0.994058533,nan,nan,55,58,48,9,0,6,0.827586207,3,2,1,0
5379.194895983,483.386806537,0.170365601,0.994058533,nan,nan,55,58,48,9,0,6,0.827586207,3,2,1,0
5380.185571909,483.394729878,0.170365601,0.994058533,nan,nan,55,58,48,9,0,6,0.827586207,3,2,1,0
5381.205768824,483.406531989,0.170365601,0.994058533,nan,nan,55,58,48,9,0,6,0.827586207,3,2,1,0
5382.197309494,483.419093217,0.170365601,0.994058533,nan,nan,55,58,48,9,0,6,0.827586207,3,2,1,0
5383.223501921,483.435170484,0.170365601,0.994058533,nan,nan,55,58,48,9,0,6,0.827586207,3,2,1,0
5384.184248209,483.460521987,0.170365601,0.994058533,nan,nan,55,58,48,9,0,6,0.827586207,3,2,1,0
5385.192357063,483.486894344,0.170365601,0.994058533,nan,nan,55,58,48,9,0,6,0.827586207,3,2,1,0
5386.191577673,483.515569166,0.170365601,0.994058533,nan,nan,55,58,48,9,0,6,0.827586207,3,2,1,0
5387.202945709,483.549896935,0.170365601,0.994058533,nan,nan,55,58,48,9,0,6,0.827586207,3,2,1,0
5388.213010073,483.611289914,0.170365601,0.994058533,nan,nan,55,58,48,9,0,6,0.827586207,3,2,1,0
5389.184487581,483.678822362,0.170365601,0.994058533,nan,nan,55,58,48,9,0,6,0.827586207,3,2,1,0
5390.184064865,483.753682622,0.170365601,0.994058533,nan,nan,55,58,48,9,0,6,0.827586207,3,2,1,0
5391.206253052,483.822742936,0.170365601,0.994058533,nan,nan,55,58,48,9,0,6,0.827586207,3,2,1,0
5392.203468323,483.892536331,0.170365601,0.994058533,nan,nan,55,58,48,9,0,6,0.827586207,3,2,1,0
5393.197182178,483.972509032,0.170365601,0.994058533,nan,nan,55,58,48,9,0,6,0.827586207,3,2,1,0
5394.191928625,484.032505812,0.170365601,0.994058533,nan,nan,55,58,48,9,0,6,0.827586207,3,2,1,0
5395.191564560,484.112476996,0.170365601,0.994058533,nan,nan,55,58,48,9,0,6,0.827586207,3,2,1,0
5396.202558756,484.192473335,0.170365601,0.994058533,nan,nan,55,58,48,9,0,6,0.827586207,3,2,1,0
5397.226570606,484.292435172,0.170365601,0.994058533,nan,nan,55,58,48,9,0,6,0.827586207,3,2,1,0
5398.227129936,484.402324622,0.170365601,0.994058533,nan,nan,55,58,48,9,0,6,0.827586207,3,2,1,0
5399.206185818,484.521755020,0.170365601,0.994058533,nan,nan,55,58,48,9,0,6,0.827586207,3,2,1,0
5400.199391603,484.600680661,0.170365601,0.994058533,nan,nan,55,58,48,9,0,6,0.827586207,3,2,1,0
5401.183091164,484.695023127,0.170365601,0.994058533,nan,nan,55,58,48,9,0,6,0.827586207,3,2,1,0
5402.191591740,484.780872631,0.170366853,0.994058533,nan,nan,55,58,48,9,0,6,0.827586207,3,2,1,0
5403.226512909,484.880202072,0.170366853,0.994058533,nan,nan,55,58,48,9,0,6,0.827586207,3,2,1,0
5404.220581293,484.967554299,0.170368106,0.994058533,nan,nan,55,58,48,9,0,6,0.827586207,3,2,1,0
5405.204717398,485.076925487,0.170368106,0.994058533,nan,nan,55,58,48,9,0,6,0.827586207,3,2,1,0
5406.211141825,485.166665114,0.170369359,0.994058533,nan,nan,55,58,48,9,0,6,0.827586207,3,2,1,0
5407.196053743,485.256588362,0.170369359,0.994058533,nan,nan,55,58,48,9,0,6,0.827586207,3,2,1,0
5408.221599340,485.356467173,0.170369359,0.994058533,nan,nan,55,58,48,9,0,6,0.827586207,3,2,1,0
5409.205716848,485.456330715,0.170369359,0.994058533,nan,nan,55,58,48,9,0,6,0.827586207,3,2,1,0
5410.225298882,485.556282645,0.170369359,0.994058533,nan,nan,55,58,48,9,0,6,0.827586207,3,2,1,0
5411.181885958,485.665783690,0.170369359,0.994058533,nan,nan,55,58,48,9,0,6,0.827586207,3,2,1,0
5412.183322191,485.765630390,0.170369359,0.994058533,nan,nan,55,58,48,9,0,6,0.827586207,3,2,1,0
5413.184089661,485.865173452,0.170369359,0.994058533,nan,nan,55,58,48,9,0,6,0.827586207,3,2,1,0
5414.198585510,485.964731933,0.170369359,0.994058533,nan,nan,55,58,48,9,0,6,0.827586207,3,2,1,0
5415.215092182,486.063273395,0.170369359,0.994058533,nan,nan,55,58,48,9,0,6,0.827586207,3,2,1,0
5416.188714504,486.178890513,0.170370612,0.994058533,nan,nan,55,58,48,9,0,6,0.827586207,3,2,1,0
5417.209453106,486.277302260,0.170370612,0.994058533,nan,nan,55,58,48,9,0,6,0.827586207,3,2,1,0
5418.186213017,486.416207088,0.170371864,0.994058533,nan,nan,55,58,48,9,0,6,0.827586207,3,2,1,0
5419.221223354,486.525604884,0.170371864,0.994058533,nan,nan,55,58,48,9,0,6,0.827586207,3,2,1,0
5420.197793722,486.625425655,0.170371864,0.994058533,nan,nan,55,58,48,9,0,6,0.827586207,3,2,1,0
5421.197042704,486.725262781,0.170371864,0.994058533,nan,nan,55,58,48,9,0,6,0.827586207,3,2,1,0
5422.195728064,486.835054774,0.170378128,0.994058533,nan,nan,55,58,48,9,0,6,0.827586207,3,2,1,0
5423.223530293,486.934700142,0.170378128,0.994058533,nan,nan,55,58,48,9,0,6,0.827586207,3,2,1,0
5424.213109970,487.034313110,0.170378128,0.994058533,nan,nan,55,58,48,9,0,6,0.827586207,3,2,1,0
5425.224600315,487.144194698,0.170378128,0.994058533,nan,nan,55,58,48,9,0,6,0.827586207,3,2,1,0
5426.221164703,487.233777515,0.170378128,0.994058533,nan,nan,55,58,48,9,0,6,0.827586207,3,2,1,0
5427.221656084,487.343492185,0.170380634,0.994058533,nan,nan,55,58,48,9,0,6,0.827586207,3,2,1,0
5428.221580029,487.443254016,0.170391908,0.994058533,nan,nan,55,58,48,9,0,6,0.827586207,3,2,1,0
5429.226512671,487.543086358,0.170391908,0.994058533,nan,nan,55,58,48,9,0,6,0.827586207,3,2,1,0
5430.186895847,487.652898814,0.170415710,0.994058533,nan,nan,55,58,48,9,0,6,0.827586207,3,2,1,0
5431.205313683,487.752636939,0.170415710,0.994058533,nan,nan,55,58,48,9,0,6,0.827586207,3,2,1,0
5432.207283974,487.852560672,0.170418216,0.994058533,nan,nan,55,58,48,9,0,6,0.827586207,3,2,1,0
5433.196020603,487.942348425,0.170418216,0.994058533,nan,nan,55,58,48,9,0,6,0.827586207,3,2,1,0
5434.185407639,488.042206258,0.170418216,0.994058533,nan,nan,55,58,48,9,0,6,0.827586207,3,2,1,0
5435.193029404,488.152134802,0.170435754,0.994058533,nan,nan,55,58,48,9,0,6,0.827586207,3,2,1,0
5436.194303036,488.242080221,0.170435754,0.994058533,nan,nan,55,58,48,9,0,6,0.827586207,3,2,1,0
5437.218914747,488.361777714,0.170435754,0.994058533,nan,nan,55,58,48,9,0,6,0.827586207,3,2,1,0
5438.208300114,488.480986133,0.170435754,0.994058533,nan,nan,55,58,48,9,0,6,0.827586207,3,2,1,0
5439.192896605,488.579616250,0.170460809,0.994058533,nan,nan,55,58,48,9,0,6,0.827586207,3,2,1,0
5440.220282793,488.668785210,0.170490875,0.994058533,nan,nan,55,58,48,9,0,6,0.827586207,3,2,1,0
5441.241656780,488.797285527,0.170490875,0.994058533,nan,nan,55,58,48,9,0,6,0.827586207,3,2,1,0
5442.233625174,488.892530596,0.170534721,0.994058533,nan,nan,55,58,48,9,0,6,0.827586207,3,2,1,0
5443.212227583,488.977101782,0.170534721,0.994058533,nan,nan,55,58,48,9,0,6,0.827586207,3,2,1,0
5444.216170788,489.077643138,0.170593600,0.994058533,nan,nan,55,58,48,9,0,6,0.827586207,3,2,1,0
5445.204880714,489.157957753,0.170593600,0.994058533,nan,nan,55,58,48,9,0,6,0.827586207,3,2,1,0
5446.189916611,489.253307467,0.170593600,0.994058533,nan,nan,55,58,48,9,0,6,0.827586207,3,2,1,0
5447.179256916,489.323879115,0.170653732,0.994058533,nan,nan,55,58,48,9,0,6,0.827586207,3,2,1,0
5448.245133162,489.418099485,0.170653732,0.994058533,nan,nan,55,58,48,9,0,6,0.827586207,3,2,1,0
5449.206164837,489.521876910,0.170678787,0.994058533,nan,nan,55,58,48,9,0,6,0.827586207,3,2,1,0
5450.206959724,489.620773386,0.170678787,0.994058533,nan,nan,55,58,48,9,0,6,0.827586207,3,2,1,0
5451.221658707,489.697450916,0.170678787,0.994058533,nan,nan,55,58,48,9,0,6,0.827586207,3,2,1,0
5452.217716455,489.783958976,0.170678787,0.994058533,nan,nan,55,58,48,9,0,6,0.827586207,3,2,1,0
5453.207728148,489.864124377,0.170687556,0.994058533,nan,nan,55,58,48,9,0,6,0.827586207,3,2,1,0
5462.567494631,489.916687208,0.170687556,0.994058533,nan,nan,56,59,49,9,0,6,0.830508475,3,2,1,0
5463.197036266,489.963767545,0.170688808,0.994058533,nan,nan,56,59,49,9,0,6,0.830508475,3,2,1,0
5471.387840509,489.963767545,0.170688808,0.994058533,nan,nan,57,60,49,10,0,7,0.816666667,3,2,1,0
5472.181883335,489.963767545,0.170688808,0.994058533,nan,nan,57,60,49,10,0,7,0.816666667,3,2,1,0
5480.518537283,489.963767545,0.170688808,0.994058533,nan,nan,58,61,49,11,0,8,0.803278689,3,2,1,0
5481.192054987,489.966169944,0.170688808,0.994058533,nan,nan,58,61,49,11,0,8,0.803278689,3,2,1,0
5482.217959881,489.983117583,0.170688808,0.994058533,nan,nan,58,61,49,11,0,8,0.803278689,3,2,1,0
5483.200829268,490.001166474,0.170688808,0.994058533,nan,nan,58,61,49,11,0,8,0.803278689,3,2,1,0
5484.182210922,490.017683619,0.170688808,0.994058533,nan,nan,58,61,49,11,0,8,0.803278689,3,2,1,0
5485.183350801,490.034991392,0.170688808,0.994058533,nan,nan,58,61,49,11,0,8,0.803278689,3,2,1,0
5486.200612545,490.052064363,0.170688808,0.994058533,nan,nan,58,61,49,11,0,8,0.803278689,3,2,1,0
5487.189752340,490.065925740,0.170688808,0.994058533,nan,nan,58,61,49,11,0,8,0.803278689,3,2,1,0
5488.222673655,490.076485875,0.170688808,0.994058533,nan,nan,58,61,49,11,0,8,0.803278689,3,2,1,0
5489.210765362,490.094740234,0.170688808,0.994058533,nan,nan,58,61,49,11,0,8,0.803278689,3,2,1,0
5490.199705601,490.107318985,0.170688808,0.994058533,nan,nan,58,61,49,11,0,8,0.803278689,3,2,1,0
5491.209394693,490.125435330,0.170688808,0.994058533,nan,nan,58,61,49,11,0,8,0.803278689,3,2,1,0
5492.195479155,490.160550448,0.170688808,0.994058533,nan,nan,58,61,49,11,0,8,0.803278689,3,2,1,0
5493.211848497,490.195844597,0.170688808,0.994058533,nan,nan,58,61,49,11,0,8,0.803278689,3,2,1,0
5494.215805292,490.248543079,0.170688808,0.994058533,nan,nan,58,61,49,11,0,8,0.803278689,3,2,1,0
5495.207957983,490.302684234,0.170688808,0.994058533,nan,nan,58,61,49,11,0,8,0.803278689,3,2,1,0
5496.212334871,490.363180165,0.170688808,0.994058533,nan,nan,58,61,49,11,0,8,0.803278689,3,2,1,0
5497.254703522,490.426409480,0.170688808,0.994058533,nan,nan,58,61,49,11,0,8,0.803278689,3,2,1,0
5498.220110655,490.515811187,0.170688808,0.994058533,nan,nan,58,61,49,11,0,8,0.803278689,3,2,1,0
5499.213193178,490.612115592,0.170688808,0.994058533,nan,nan,58,61,49,11,0,8,0.803278689,3,2,1,0
5500.178406715,490.701598955,0.170688808,0.994058533,nan,nan,58,61,49,11,0,8,0.803278689,3,2,1,0
5501.203073978,490.800990386,0.170688808,0.994058533,nan,nan,58,61,49,11,0,8,0.803278689,3,2,1,0
5502.204257488,490.900342945,0.170688808,0.994058533,nan,nan,58,61,49,11,0,8,0.803278689,3,2,1,0
5503.179591894,490.999889157,0.170688808,0.994058533,nan,nan,58,61,49,11,0,8,0.803278689,3,2,1,0
5504.180449247,491.109469025,0.170688808,0.994058533,nan,nan,58,61,49,11,0,8,0.803278689,3,2,1,0
5505.220804214,491.199327135,0.170688808,0.994058533,nan,nan,58,61,49,11,0,8,0.803278689,3,2,1,0
5506.234607697,491.299101938,0.170688808,0.994058533,nan,nan,58,61,49,11,0,8,0.803278689,3,2,1,0
5507.193424225,491.399040732,0.170690061,0.994058533,nan,nan,58,61,49,11,0,8,0.803278689,3,2,1,0
5508.229309082,491.498697267,0.170690061,0.994058533,nan,nan,58,61,49,11,0,8,0.803278689,3,2,1,0
5509.202191114,491.608494962,0.170690061,0.994058533,nan,nan,58,61,49,11,0,8,0.803278689,3,2,1,0
5510.215171576,491.708372727,0.170690061,0.994058533,nan,nan,58,61,49,11,0,8,0.803278689,3,2,1,0
5511.212932110,491.798238234,0.170690061,0.994058533,nan,nan,58,61,49,11,0,8,0.803278689,3,2,1,0
5512.207685947,491.908139333,0.170690061,0.994058533,nan,nan,58,61,49,11,0,8,0.803278689,3,2,1,0
5513.192104816,492.007988081,0.170690061,0.994058533,nan,nan,58,61,49,11,0,8,0.803278689,3,2,1,0
5514.232484579,492.097897925,0.170690061,0.994058533,nan,nan,58,61,49,11,0,8,0.803278689,3,2,1,0
5515.193090200,492.217661068,0.170690061,0.994058533,nan,nan,58,61,49,11,0,8,0.803278689,3,2,1,0
5516.222676277,492.317549868,0.170690061,0.994058533,nan,nan,58,61,49,11,0,8,0.803278689,3,2,1,0
5517.193567991,492.437181919,0.170690061,0.994058533,nan,nan,58,61,49,11,0,8,0.803278689,3,2,1,0
5518.226974249,492.556795385,0.170690061,0.994058533,nan,nan,58,61,49,11,0,8,0.803278689,3,2,1,0
5519.194230318,492.656562673,0.170690061,0.994058533,nan,nan,58,61,49,11,0,8,0.803278689,3,2,1,0
5520.217940092,492.756389965,0.170690061,0.994058533,nan,nan,58,61,49,11,0,8,0.803278689,3,2,1,0
5521.249948263,492.846290384,0.170690061,0.994058533,nan,nan,58,61,49,11,0,8,0.803278689,3,2,1,0
5522.226118088,492.945995666,0.170690061,0.994058533,nan,nan,58,61,49,11,0,8,0.803278689,3,2,1,0
5523.205106497,493.055788034,0.170690061,0.994058533,nan,nan,58,61,49,11,0,8,0.803278689,3,2,1,0
5524.260554314,493.165647730,0.170690061,0.994058533,nan,nan,58,61,49,11,0,8,0.803278689,3,2,1,0
5525.222336292,493.275530355,0.170690061,0.994058533,nan,nan,58,61,49,11,0,8,0.803278689,3,2,1,0
5526.233994007,493.365378926,0.170690061,0.994058533,nan,nan,58,61,49,11,0,8,0.803278689,3,2,1,0
5527.198113441,493.475323836,0.170690061,0.994058533,nan,nan,58,61,49,11,0,8,0.803278689,3,2,1,0
5528.241995573,493.565318227,0.170690061,0.994058533,nan,nan,58,61,49,11,0,8,0.803278689,3,2,1,0
5529.189029694,493.655242604,0.170690061,0.994058533,nan,nan,58,61,49,11,0,8,0.803278689,3,2,1,0
5530.203961134,493.774945691,0.170690061,0.994058533,nan,nan,58,61,49,11,0,8,0.803278689,3,2,1,0
5531.224246979,493.874832313,0.170690061,0.994058533,nan,nan,58,61,49,11,0,8,0.803278689,3,2,1,0
5532.225741386,493.964744908,0.170690061,0.994058533,nan,nan,58,61,49,11,0,8,0.803278689,3,2,1,0
5533.237834930,494.054646946,0.170690061,0.994058533,nan,nan,58,61,49,11,0,8,0.803278689,3,2,1,0
5534.190193892,494.154499369,0.170690061,0.994058533,nan,nan,58,61,49,11,0,8,0.803278689,3,2,1,0
5535.218020678,494.254459907,0.170690061,0.994058533,nan,nan,58,61,49,11,0,8,0.803278689,3,2,1,0
5536.200706482,494.364359777,0.170690061,0.994058533,nan,nan,58,61,49,11,0,8,0.803278689,3,2,1,0
5537.200456142,494.474301872,0.170690061,0.994058533,nan,nan,58,61,49,11,0,8,0.803278689,3,2,1,0
5538.199234724,494.574209584,0.170690061,0.994058533,nan,nan,58,61,49,11,0,8,0.803278689,3,2,1,0
5539.205832005,494.684163117,0.170690061,0.994058533,nan,nan,58,61,49,11,0,8,0.803278689,3,2,1,0
5540.216194153,494.784113155,0.170690061,0.994058533,nan,nan,58,61,49,11,0,8,0.803278689,3,2,1,0
5541.251466751,494.894059558,0.170690061,0.994058533,nan,nan,58,61,49,11,0,8,0.803278689,3,2,1,0
5542.197793007,495.003964015,0.170690061,0.994058533,nan,nan,58,61,49,11,0,8,0.803278689,3,2,1,0
5543.197494030,495.113706251,0.170690061,0.994058533,nan,nan,58,61,49,11,0,8,0.803278689,3,2,1,0
5544.187128782,495.213592759,0.170690061,0.994058533,nan,nan,58,61,49,11,0,8,0.803278689,3,2,1,0
5545.196149111,495.313510573,0.170690061,0.994058533,nan,nan,58,61,49,11,0,8,0.803278689,3,2,1,0
5546.221164703,495.403495694,0.170690061,0.994058533,nan,nan,58,61,49,11,0,8,0.803278689,3,2,1,0
5547.206306934,495.503399673,0.170690061,0.994058533,nan,nan,58,61,49,11,0,8,0.803278689,3,2,1,0
5548.202710629,495.613285344,0.170690061,0.994058533,nan,nan,58,61,49,11,0,8,0.803278689,3,2,1,0
5549.211840153,495.703208964,0.170690061,0.994058533,nan,nan,58,61,49,11,0,8,0.803278689,3,2,1,0
5550.226850033,495.813111242,0.170690061,0.994058533,nan,nan,58,61,49,11,0,8,0.803278689,3,2,1,0
5551.189906359,495.912910384,0.170690061,0.994058533,nan,nan,58,61,49,11,0,8,0.803278689,3,2,1,0
5552.186799526,496.002853670,0.170690061,0.994058533,nan,nan,58,61,49,11,0,8,0.803278689,3,2,1,0
5553.199998140,496.112795572,0.170690061,0.994058533,nan,nan,58,61,49,11,0,8,0.803278689,3,2,1,0
5554.196407080,496.232617625,0.170690061,0.994058533,nan,nan,58,61,49,11,0,8,0.803278689,3,2,1,0
5555.200997591,496.342490678,0.170690061,0.994058533,nan,nan,58,61,49,11,0,8,0.803278689,3,2,1,0
5556.186869144,496.422416771,0.170690061,0.994058533,nan,nan,58,61,49,11,0,8,0.803278689,3,2,1,0
5557.235043526,496.502412878,0.170690061,0.994058533,nan,nan,58,61,49,11,0,8,0.803278689,3,2,1,0
5558.177719116,496.622403993,0.170690061,0.994058533,nan,nan,58,61,49,11,0,8,0.803278689,3,2,1,0
5559.236259222,496.742354216,0.170690061,0.994058533,nan,nan,58,61,49,11,0,8,0.803278689,3,2,1,0
5560.227441311,496.842301169,0.170690061,0.994058533,nan,nan,58,61,49,11,0,8,0.803278689,3,2,1,0
5561.190650225,496.942271239,0.170690061,0.994058533,nan,nan,58,61,49,11,0,8,0.803278689,3,2,1,0
5562.202864647,497.042249822,0.170690061,0.994058533,nan,nan,58,61,49,11,0,8,0.803278689,3,2,1,0
5563.231744766,497.141971224,0.170690061,0.994058533,nan,nan,58,61,49,11,0,8,0.803278689,3,2,1,0
5564.189079762,497.241826877,0.170690061,0.994058533,nan,nan,58,61,49,11,0,8,0.803278689,3,2,1,0
5565.225801468,497.331669928,0.170690061,0.994058533,nan,nan,58,61,49,11,0,8,0.803278689,3,2,1,0
5566.192398787,497.441592400,0.170690061,0.994058533,nan,nan,58,61,49,11,0,8,0.803278689,3,2,1,0
5567.197069645,497.531525633,0.170690061,0.994058533,nan,nan,58,61,49,11,0,8,0.803278689,3,2,1,0
5568.218441486,497.621493796,0.170690061,0.994058533,nan,nan,58,61,49,11,0,8,0.803278689,3,2,1,0
5569.241534710,497.721426515,0.170690061,0.994058533,nan,nan,58,61,49,11,0,8,0.803278689,3,2,1,0
5570.195542574,497.821336706,0.170690061,0.994058533,nan,nan,58,61,49,11,0,8,0.803278689,3,2,1,0
5571.213772535,497.921235273,0.170690061,0.994058533,nan,nan,58,61,49,11,0,8,0.803278689,3,2,1,0
5572.218253136,498.020934059,0.170690061,0.994058533,nan,nan,58,61,49,11,0,8,0.803278689,3,2,1,0
5573.189246416,498.130819780,0.170690061,0.994058533,nan,nan,58,61,49,11,0,8,0.803278689,3,2,1,0
5574.223433733,498.240717647,0.170690061,0.994058533,nan,nan,58,61,49,11,0,8,0.803278689,3,2,1,0
5575.225457668,498.360639902,0.170690061,0.994058533,nan,nan,58,61,49,11,0,8,0.803278689,3,2,1,0
5576.224524498,498.450500645,0.170690061,0.994058533,nan,nan,58,61,49,11,0,8,0.803278689,3,2,1,0
5577.220171213,498.560087388,0.170690061,0.994058533,nan,nan,58,61,49,11,0,8,0.803278689,3,2,1,0
5578.180400610,498.659522715,0.170690061,0.994058533,nan,nan,58,61,49,11,0,8,0.803278689,3,2,1,0
5579.189198494,498.769316918,0.170690061,0.994058533,nan,nan,58,61,49,11,0,8,0.803278689,3,2,1,0
5580.216331959,498.869231230,0.170690061,0.994058533,nan,nan,58,61,49,11,0,8,0.803278689,3,2,1,0
5581.228979826,498.959206794,0.170690061,0.994058533,nan,nan,58,61,49,11,0,8,0.803278689,3,2,1,0
5582.214671850,499.049047294,0.170690061,0.994058533,nan,nan,58,61,49,11,0,8,0.803278689,3,2,1,0
5583.211736917,499.159021574,0.170690061,0.994058533,nan,nan,58,61,49,11,0,8,0.803278689,3,2,1,0
5584.237506628,499.249011256,0.170690061,0.994058533,nan,nan,58,61,49,11,0,8,0.803278689,3,2,1,0
5585.212636471,499.348706637,0.170690061,0.994058533,nan,nan,58,61,49,11,0,8,0.803278689,3,2,1,0
5586.236792326,499.448585433,0.170690061,0.994058533,nan,nan,58,61,49,11,0,8,0.803278689,3,2,1,0
5587.219139576,499.548315964,0.170690061,0.994058533,nan,nan,58,61,49,11,0,8,0.803278689,3,2,1,0
5588.218559027,499.638221332,0.170690061,0.994058533,nan,nan,58,61,49,11,0,8,0.803278689,3,2,1,0
5589.221166611,499.737908788,0.170690061,0.994058533,nan,nan,58,61,49,11,0,8,0.803278689,3,2,1,0
5590.200167656,499.827847271,0.170690061,0.994058533,nan,nan,58,61,49,11,0,8,0.803278689,3,2,1,0
5591.184843540,499.917761188,0.170690061,0.994058533,nan,nan,58,61,49,11,0,8,0.803278689,3,2,1,0
5592.202725649,500.007336788,0.170690061,0.994058533,nan,nan,58,61,49,11,0,8,0.803278689,3,2,1,0
5593.185696602,500.107126492,0.170690061,0.994058533,nan,nan,58,61,49,11,0,8,0.803278689,3,2,1,0
5594.204812765,500.216834483,0.170690061,0.994058533,nan,nan,58,61,49,11,0,8,0.803278689,3,2,1,0
5595.199887514,500.316717209,0.170690061,0.994058533,nan,nan,58,61,49,11,0,8,0.803278689,3,2,1,0
5596.218880892,500.406578612,0.170690061,0.994058533,nan,nan,58,61,49,11,0,8,0.803278689,3,2,1,0
5597.198987961,500.506495169,0.170690061,0.994058533,nan,nan,58,61,49,11,0,8,0.803278689,3,2,1,0
5598.190556765,500.616367707,0.170690061,0.994058533,nan,nan,58,61,49,11,0,8,0.803278689,3,2,1,0
5599.178061008,500.706304021,0.170690061,0.994058533,nan,nan,58,61,49,11,0,8,0.803278689,3,2,1,0
5600.221289873,500.796040214,0.170690061,0.994058533,nan,nan,58,61,49,11,0,8,0.803278689,3,2,1,0
5601.217488527,500.895724583,0.170690061,0.994058533,nan,nan,58,61,49,11,0,8,0.803278689,3,2,1,0
5602.200254202,500.984950222,0.170690061,0.994058533,nan,nan,58,61,49,11,0,8,0.803278689,3,2,1,0
5603.193037510,501.074006404,0.170691314,0.994058533,nan,nan,58,61,49,11,0,8,0.803278689,3,2,1,0
5604.223939657,501.186647207,0.170691314,0.994058533,nan,nan,58,61,49,11,0,8,0.803278689,3,2,1,0
5605.199070692,501.322368727,0.170691314,0.994058533,nan,nan,58,61,49,11,0,8,0.803278689,3,2,1,0
5606.183619261,501.439275785,0.170691314,0.994058533,nan,nan,58,61,49,11,0,8,0.803278689,3,2,1,0
5607.210454941,501.536340503,0.170691314,0.994058533,nan,nan,58,61,49,11,0,8,0.803278689,3,2,1,0
5608.203103065,501.640734692,0.170691314,0.994058533,nan,nan,58,61,49,11,0,8,0.803278689,3,2,1,0
5609.214750290,501.744054663,0.170691314,0.994058533,nan,nan,58,61,49,11,0,8,0.803278689,3,2,1,0
5610.225779057,501.852638800,0.170691314,0.994058533,nan,nan,58,61,49,11,0,8,0.803278689,3,2,1,0
5611.210538864,501.950639820,0.170691314,0.994058533,nan,nan,58,61,49,11,0,8,0.803278689,3,2,1,0
5612.199824810,502.056181777,0.170691314,0.994058533,nan,nan,58,61,49,11,0,8,0.803278689,3,2,1,0
5613.262861490,502.163883882,0.170691314,0.994058533,nan,nan,58,61,49,11,0,8,0.803278689,3,2,1,0
5614.204275608,502.290217136,0.170691314,0.994058533,nan,nan,58,61,49,11,0,8,0.803278689,3,2,1,0
5615.226359367,502.398981483,0.170691314,0.994058533,nan,nan,58,61,49,11,0,8,0.803278689,3,2,1,0
5616.183397055,502.505882654,0.170691314,0.994058533,nan,nan,58,61,49,11,0,8,0.803278689,3,2,1,0
5617.189745426,502.605640407,0.170693819,0.994058533,nan,nan,58,61,49,11,0,8,0.803278689,3,2,1,0
5618.198617458,502.695419867,0.170693819,0.994058533,nan,nan,58,61,49,11,0,8,0.803278689,3,2,1,0
5619.221973419,502.795411826,0.170693819,0.994058533,nan,nan,58,61,49,11,0,8,0.803278689,3,2,1,0
5620.189716816,502.915408998,0.170693819,0.994058533,nan,nan,58,61,49,11,0,8,0.803278689,3,2,1,0
5621.227314472,503.015408973,0.170693819,0.994058533,nan,nan,58,61,49,11,0,8,0.803278689,3,2,1,0
5622.215442419,503.155384550,0.170693819,0.994058533,nan,nan,58,61,49,11,0,8,0.803278689,3,2,1,0
5623.196981907,503.275340449,0.170693819,0.994058533,nan,nan,58,61,49,11,0,8,0.803278689,3,2,1,0
5624.191943884,503.385290005,0.170693819,0.994058533,nan,nan,58,61,49,11,0,8,0.803278689,3,2,1,0
5625.184768677,503.515151925,0.170693819,0.994058533,nan,nan,58,61,49,11,0,8,0.803278689,3,2,1,0
5626.201900244,503.625125948,0.170695072,0.994058533,nan,nan,58,61,49,11,0,8,0.803278689,3,2,1,0
5627.204835892,503.735125819,0.170695072,0.994058533,nan,nan,58,61,49,11,0,8,0.803278689,3,2,1,0
5628.210414886,503.835122484,0.170644962,0.993984264,nan,nan,58,61,49,11,0,8,0.803278689,3,2,1,0
5629.271666288,503.955122450,0.170644962,0.993984264,nan,nan,58,61,49,11,0,8,0.803278689,3,2,1,0
5630.183463335,504.045100253,0.170644962,0.993984264,nan,nan,58,61,49,11,0,8,0.803278689,3,2,1,0
5631.207316637,504.155085132,0.170644962,0.993984264,nan,nan,58,61,49,11,0,8,0.803278689,3,2,1,0
5632.210946560,504.265027469,0.170644962,0.993984264,nan,nan,58,61,49,11,0,8,0.803278689,3,2,1,0
5633.185816288,504.394977719,0.170644962,0.993984264,nan,nan,58,61,49,11,0,8,0.803278689,3,2,1,0
5634.197300196,504.494926510,0.170644962,0.993984264,nan,nan,58,61,49,11,0,8,0.803278689,3,2,1,0
5635.217584372,504.604914023,0.170644962,0.993984264,nan,nan,58,61,49,11,0,8,0.803278689,3,2,1,0
5636.205596209,504.714826034,0.170644962,0.993984264,nan,nan,58,61,49,11,0,8,0.803278689,3,2,1,0
5637.217173576,504.824785089,0.170644962,0.993984264,nan,nan,58,61,49,11,0,8,0.803278689,3,2,1,0
5638.223298073,504.924609051,0.170644962,0.993984264,nan,nan,58,61,49,11,0,8,0.803278689,3,2,1,0
5639.202450752,505.024605357,0.170644962,0.993984264,nan,nan,58,61,49,11,0,8,0.803278689,3,2,1,0
5640.200015068,505.134358648,0.170644962,0.993984264,nan,nan,58,61,49,11,0,8,0.803278689,3,2,1,0
5641.191680431,505.254233710,0.170644962,0.993984264,nan,nan,58,61,49,11,0,8,0.803278689,3,2,1,0
5642.227143526,505.374211066,0.170644962,0.993984264,nan,nan,58,61,49,11,0,8,0.803278689,3,2,1,0
5643.212158680,505.474141835,0.170644962,0.993984264,nan,nan,58,61,49,11,0,8,0.803278689,3,2,1,0
5644.214025736,505.564029243,0.170644962,0.993984264,nan,nan,58,61,49,11,0,8,0.803278689,3,2,1,0
5645.199638844,505.653973805,0.170644962,0.993984264,nan,nan,58,61,49,11,0,8,0.803278689,3,2,1,0
5646.182404757,505.743897967,0.170644962,0.993984264,nan,nan,58,61,49,11,0,8,0.803278689,3,2,1,0
5647.205959797,505.863822491,0.170644962,0.993984264,nan,nan,58,61,49,11,0,8,0.803278689,3,2,1,0
5648.238273621,505.973390934,0.170644962,0.993984264,nan,nan,58,61,49,11,0,8,0.803278689,3,2,1,0
5649.202836037,506.073281709,0.170646215,0.993984264,nan,nan,58,61,49,11,0,8,0.803278689,3,2,1,0
5650.239124298,506.183106267,0.170646215,0.993984264,nan,nan,58,61,49,11,0,8,0.803278689,3,2,1,0
5651.235214233,506.283021475,0.170646215,0.993984264,nan,nan,58,61,49,11,0,8,0.803278689,3,2,1,0
5652.204984188,506.432941143,0.170646215,0.993984264,nan,nan,58,61,49,11,0,8,0.803278689,3,2,1,0
5653.220266581,506.532792748,0.170646215,0.993984264,nan,nan,58,61,49,11,0,8,0.803278689,3,2,1,0
5654.181830406,506.622576177,0.170646215,0.993984264,nan,nan,58,61,49,11,0,8,0.803278689,3,2,1,0
5655.217566490,506.722418774,0.170646215,0.993984264,nan,nan,58,61,49,11,0,8,0.803278689,3,2,1,0
5656.201454163,506.832154084,0.170646215,0.993984264,nan,nan,58,61,49,11,0,8,0.803278689,3,2,1,0
5657.188833475,506.931704328,0.170646215,0.993984264,nan,nan,58,61,49,11,0,8,0.803278689,3,2,1,0
5658.215858221,507.021622303,0.170646215,0.993984264,nan,nan,58,61,49,11,0,8,0.803278689,3,2,1,0
5659.233949423,507.131130949,0.170646215,0.993984264,nan,nan,58,61,49,11,0,8,0.803278689,3,2,1,0
5660.204993725,507.271029143,0.170646215,0.993984264,nan,nan,58,61,49,11,0,8,0.803278689,3,2,1,0
5661.187425137,507.371021247,0.170646215,0.993984264,nan,nan,58,61,49,11,0,8,0.803278689,3,2,1,0
5662.224906445,507.480928082,0.170646215,0.993984264,nan,nan,58,61,49,11,0,8,0.803278689,3,2,1,0
5663.235071421,507.580858528,0.170646215,0.993984264,nan,nan,58,61,49,11,0,8,0.803278689,3,2,1,0
5664.220243692,507.700750221,0.170646215,0.993984264,nan,nan,58,61,49,11,0,8,0.803278689,3,2,1,0
5665.204348326,507.810538777,0.170646215,0.993984264,nan,nan,58,61,49,11,0,8,0.803278689,3,2,1,0
5666.238013268,507.940386166,0.170646215,0.993984264,nan,nan,58,61,49,11,0,8,0.803278689,3,2,1,0
5667.186777592,508.050305160,0.170646215,0.993984264,nan,nan,58,61,49,11,0,8,0.803278689,3,2,1,0
5668.199118614,508.150172411,0.170646215,0.993984264,nan,nan,58,61,49,11,0,8,0.803278689,3,2,1,0
5669.180260181,508.250018705,0.170646215,0.993984264,nan,nan,58,61,49,11,0,8,0.803278689,3,2,1,0
5670.202779770,508.369795044,0.170646215,0.993984264,nan,nan,58,61,49,11,0,8,0.803278689,3,2,1,0
5671.215126753,508.469673484,0.170646215,0.993984264,nan,nan,58,61,49,11,0,8,0.803278689,3,2,1,0
5672.221002340,508.589609515,0.170646215,0.993984264,nan,nan,58,61,49,11,0,8,0.803278689,3,2,1,0
5673.215180397,508.679412547,0.170646215,0.993984264,nan,nan,58,61,49,11,0,8,0.803278689,3,2,1,0
5674.213572025,508.789311621,0.170646215,0.993984264,nan,nan,58,61,49,11,0,8,0.803278689,3,2,1,0
5675.216126919,508.879246609,0.170646215,0.993984264,nan,nan,58,61,49,11,0,8,0.803278689,3,2,1,0
5676.205062628,508.979111900,0.170646215,0.993984264,nan,nan,58,61,49,11,0,8,0.803278689,3,2,1,0
5677.219771862,509.098937151,0.170646215,0.993984264,nan,nan,58,61,49,11,0,8,0.803278689,3,2,1,0
5678.222211361,509.198841574,0.170646215,0.993984264,nan,nan,58,61,49,11,0,8,0.803278689,3,2,1,0
5679.208257437,509.298714965,0.170646215,0.993984264,nan,nan,58,61,49,11,0,8,0.803278689,3,2,1,0
5680.225320101,509.408624894,0.170646215,0.993984264,nan,nan,58,61,49,11,0,8,0.803278689,3,2,1,0
5681.198180437,509.498561444,0.170646215,0.993984264,nan,nan,58,61,49,11,0,8,0.803278689,3,2,1,0
5682.202885866,509.628291441,0.170646215,0.993984264,nan,nan,58,61,49,11,0,8,0.803278689,3,2,1,0
5683.222662926,509.738104814,0.170646215,0.993984264,nan,nan,58,61,49,11,0,8,0.803278689,3,2,1,0
5684.185338259,509.827875377,0.170646215,0.993984264,nan,nan,58,61,49,11,0,8,0.803278689,3,2,1,0
5685.251188993,509.957734235,0.170646215,0.993984264,nan,nan,58,61,49,11,0,8,0.803278689,3,2,1,0
5686.216136932,510.077600989,0.170646215,0.993984264,nan,nan,58,61,49,11,0,8,0.803278689,3,2,1,0
5687.216957092,510.177320727,0.170646215,0.993984264,nan,nan,58,61,49,11,0,8,0.803278689,3,2,1,0
5688.225294828,510.287180749,0.170646215,0.993984264,nan,nan,58,61,49,11,0,8,0.803278689,3,2,1,0
5689.203171015,510.387125581,0.170646215,0.993984264,nan,nan,58,61,49,11,0,8,0.803278689,3,2,1,0
5690.222072124,510.506729129,0.170646215,0.993984264,nan,nan,58,61,49,11,0,8,0.803278689,3,2,1,0
5691.237164736,510.646495551,0.170646215,0.993984264,nan,nan,58,61,49,11,0,8,0.803278689,3,2,1,0
5692.184032679,510.766393734,0.170646215,0.993984264,nan,nan,58,61,49,11,0,8,0.803278689,3,2,1,0
5693.276330233,510.896366940,0.170646215,0.993984264,nan,nan,58,61,49,11,0,8,0.803278689,3,2,1,0
5694.213641405,511.006302593,0.170646215,0.993984264,nan,nan,58,61,49,11,0,8,0.803278689,3,2,1,0
5695.258586884,511.116237479,0.170646215,0.993984264,nan,nan,58,61,49,11,0,8,0.803278689,3,2,1,0
5696.252418995,511.216098293,0.170646215,0.993984264,nan,nan,58,61,49,11,0,8,0.803278689,3,2,1,0
5697.253602266,511.315797890,0.170646215,0.993984264,nan,nan,58,61,49,11,0,8,0.803278689,3,2,1,0
5698.214227200,511.415612351,0.170646215,0.993984264,nan,nan,58,61,49,11,0,8,0.803278689,3,2,1,0
5699.213357210,511.525495865,0.170646215,0.993984264,nan,nan,58,61,49,11,0,8,0.803278689,3,2,1,0
5700.253865719,511.625331657,0.170646215,0.993984264,nan,nan,58,61,49,11,0,8,0.803278689,3,2,1,0
5701.228718281,511.725183758,0.170646215,0.993984264,nan,nan,58,61,49,11,0,8,0.803278689,3,2,1,0
5702.208443403,511.834974632,0.170646215,0.993984264,nan,nan,58,61,49,11,0,8,0.803278689,3,2,1,0
5703.220755100,511.944769060,0.170646215,0.993984264,nan,nan,58,61,49,11,0,8,0.803278689,3,2,1,0
5704.218043804,512.054695037,0.170646215,0.993984264,nan,nan,58,61,49,11,0,8,0.803278689,3,2,1,0
5705.248871803,512.174599345,0.170646215,0.993984264,nan,nan,58,61,49,11,0,8,0.803278689,3,2,1,0
5706.264214516,512.284477016,0.170646215,0.993984264,nan,nan,58,61,49,11,0,8,0.803278689,3,2,1,0
5707.203579664,512.394243198,0.170646215,0.993984264,nan,nan,58,61,49,11,0,8,0.803278689,3,2,1,0
5708.223977327,512.494124216,0.170646215,0.993984264,nan,nan,58,61,49,11,0,8,0.803278689,3,2,1,0
5709.199906826,512.594063765,0.170646215,0.993984264,nan,nan,58,61,49,11,0,8,0.803278689,3,2,1,0
5710.226962090,512.693907139,0.170646215,0.993984264,nan,nan,58,61,49,11,0,8,0.803278689,3,2,1,0
5711.208437204,512.793666313,0.170646215,0.993984264,nan,nan,58,61,49,11,0,8,0.803278689,3,2,1,0
5712.183925867,512.903555976,0.170646215,0.993984264,nan,nan,58,61,49,11,0,8,0.803278689,3,2,1,0
5713.243355036,512.993537278,0.170646215,0.993984264,nan,nan,58,61,49,11,0,8,0.803278689,3,2,1,0
5714.189822435,513.113458985,0.170646215,0.993984264,nan,nan,58,61,49,11,0,8,0.803278689,3,2,1,0
5715.208835840,513.233323300,0.170646215,0.993984264,nan,nan,58,61,49,11,0,8,0.803278689,3,2,1,0
5716.203785896,513.343281786,0.170646215,0.993984264,nan,nan,58,61,49,11,0,8,0.803278689,3,2,1,0
5717.183153629,513.503262322,0.170646215,0.993984264,nan,nan,58,61,49,11,0,8,0.803278689,3,2,1,0
5718.180053949,513.593181526,0.170646215,0.993984264,nan,nan,58,61,49,11,0,8,0.803278689,3,2,1,0
5719.209709406,513.703178264,0.170646215,0.993984264,nan,nan,58,61,49,11,0,8,0.803278689,3,2,1,0
5720.230835676,513.823111368,0.170646215,0.993984264,nan,nan,58,61,49,11,0,8,0.803278689,3,2,1,0
5721.202164650,513.923090515,0.170646215,0.993984264,nan,nan,58,61,49,11,0,8,0.803278689,3,2,1,0
5722.237214327,514.023089496,0.170646215,0.993984264,nan,nan,58,61,49,11,0,8,0.803278689,3,2,1,0
5723.198178530,514.123073464,0.170646215,0.993984264,nan,nan,58,61,49,11,0,8,0.803278689,3,2,1,0
5724.229642153,514.253035630,0.170646215,0.993984264,nan,nan,58,61,49,11,0,8,0.803278689,3,2,1,0
5725.179548502,514.363034246,0.170646215,0.993984264,nan,nan,58,61,49,11,0,8,0.803278689,3,2,1,0
5726.185154915,514.472916779,0.170646215,0.993984264,nan,nan,58,61,49,11,0,8,0.803278689,3,2,1,0
5727.233258486,514.572811262,0.170646215,0.993984264,nan,nan,58,61,49,11,0,8,0.803278689,3,2,1,0
5728.216668129,514.692785969,0.170646215,0.993984264,nan,nan,58,61,49,11,0,8,0.803278689,3,2,1,0
5729.218482018,514.822711228,0.170646215,0.993984264,nan,nan,58,61,49,11,0,8,0.803278689,3,2,1,0
5730.248980284,514.942640854,0.170646215,0.993984264,nan,nan,58,61,49,11,0,8,0.803278689,3,2,1,0
5731.203769445,515.062617422,0.170646215,0.993984264,nan,nan,58,61,49,11,0,8,0.803278689,3,2,1,0
5732.206052065,515.162575893,0.170646215,0.993984264,nan,nan,58,61,49,11,0,8,0.803278689,3,2,1,0
5733.219542503,515.272427600,0.170646215,0.993984264,nan,nan,58,61,49,11,0,8,0.803278689,3,2,1,0
5734.195569515,515.392085128,0.170646215,0.993984264,nan,nan,58,61,49,11,0,8,0.803278689,3,2,1,0
5735.214256287,515.501842804,0.170646215,0.993984264,nan,nan,58,61,49,11,0,8,0.803278689,3,2,1,0
5736.221056700,515.611584003,0.170646215,0.993984264,nan,nan,58,61,49,11,0,8,0.803278689,3,2,1,0
5737.205116987,515.721478290,0.170646215,0.993984264,nan,nan,58,61,49,11,0,8,0.803278689,3,2,1,0
5738.220405102,515.811437555,0.170646215,0.993984264,nan,nan,58,61,49,11,0,8,0.803278689,3,2,1,0
5739.226373196,515.901296625,0.170646215,0.993984264,nan,nan,58,61,49,11,0,8,0.803278689,3,2,1,0
5740.222204208,516.001235132,0.170646215,0.993984264,nan,nan,58,61,49,11,0,8,0.803278689,3,2,1,0
5741.234264374,516.120997050,0.170646215,0.993984264,nan,nan,58,61,49,11,0,8,0.803278689,3,2,1,0
5742.210220575,516.220952891,0.170647468,0.993984264,nan,nan,58,61,49,11,0,8,0.803278689,3,2,1,0
5743.210726738,516.340807037,0.170647468,0.993984264,nan,nan,58,61,49,11,0,8,0.803278689,3,2,1,0
5744.204953194,516.440571699,0.170647468,0.993984264,nan,nan,58,61,49,11,0,8,0.803278689,3,2,1,0
5745.196922302,516.540269062,0.170647468,0.993984264,nan,nan,58,61,49,11,0,8,0.803278689,3,2,1,0
5746.204860210,516.639565607,0.170647468,0.993984264,nan,nan,58,61,49,11,0,8,0.803278689,3,2,1,0
5747.223410845,516.757243013,0.170647468,0.993984264,nan,nan,58,61,49,11,0,8,0.803278689,3,2,1,0
5748.183974743,516.862135184,0.170647468,0.993984264,nan,nan,58,61,49,11,0,8,0.803278689,3,2,1,0
5749.202836752,516.951410300,0.170651226,0.993984264,nan,nan,58,61,49,11,0,8,0.803278689,3,2,1,0
5750.187934399,517.050773570,0.170651226,0.993984264,nan,nan,58,61,49,11,0,8,0.803278689,3,2,1,0
5751.203600645,517.150200968,0.170651226,0.993984264,nan,nan,58,61,49,11,0,8,0.803278689,3,2,1,0
5752.194701433,517.249760958,0.170651226,0.993984264,nan,nan,58,61,49,11,0,8,0.803278689,3,2,1,0
5753.231471300,517.359668720,0.170651226,0.993984264,nan,nan,58,61,49,11,0,8,0.803278689,3,2,1,0
5754.215318441,517.469500750,0.170651226,0.993984264,nan,nan,58,61,49,11,0,8,0.803278689,3,2,1,0
5755.192891121,517.559318550,0.170651226,0.993984264,nan,nan,58,61,49,11,0,8,0.803278689,3,2,1,0
5756.196544170,517.649171494,0.170651226,0.993984264,nan,nan,58,61,49,11,0,8,0.803278689,3,2,1,0
5757.217545748,517.749110174,0.170609886,0.993965697,nan,nan,58,61,49,11,0,8,0.803278689,3,2,1,0
5758.199462175,517.848858702,0.170609886,0.993965697,nan,nan,58,61,49,11,0,8,0.803278689,3,2,1,0
5759.196761131,517.928738167,0.170609886,0.993965697,nan,nan,58,61,49,11,0,8,0.803278689,3,2,1,0
5760.203504562,518.018597434,0.170609886,0.993965697,nan,nan,58,61,49,11,0,8,0.803278689,3,2,1,0
5761.233993053,518.108207570,0.170609886,0.993965697,nan,nan,58,61,49,11,0,8,0.803278689,3,2,1,0
5762.202273130,518.198001870,0.170609886,0.993965697,nan,nan,58,61,49,11,0,8,0.803278689,3,2,1,0
5763.190148830,518.297645798,0.170609886,0.993965697,nan,nan,58,61,49,11,0,8,0.803278689,3,2,1,0
5764.208575249,518.396422882,0.170609886,0.993965697,nan,nan,58,61,49,11,0,8,0.803278689,3,2,1,0
5765.217028856,518.486121193,0.170609886,0.993965697,nan,nan,58,61,49,11,0,8,0.803278689,3,2,1,0
5766.222657204,518.595777651,0.170609886,0.993965697,nan,nan,58,61,49,11,0,8,0.803278689,3,2,1,0
5767.223531723,518.695177420,0.170609886,0.993965697,nan,nan,58,61,49,11,0,8,0.803278689,3,2,1,0
5768.212586641,518.794809443,0.170609886,0.993965697,nan,nan,58,61,49,11,0,8,0.803278689,3,2,1,0
5769.220181704,518.903885796,0.170609886,0.993965697,nan,nan,58,61,49,11,0,8,0.803278689,3,2,1,0
5770.211598158,518.992958232,0.170609886,0.993965697,nan,nan,58,61,49,11,0,8,0.803278689,3,2,1,0
5771.228514194,519.112615250,0.170609886,0.993965697,nan,nan,58,61,49,11,0,8,0.803278689,3,2,1,0
5772.231360435,519.202425553,0.170609886,0.993965697,nan,nan,58,61,49,11,0,8,0.803278689,3,2,1,0
5773.202611208,519.311963819,0.170609886,0.993965697,nan,nan,58,61,49,11,0,8,0.803278689,3,2,1,0
5774.204076052,519.411647390,0.170609886,0.993965697,nan,nan,58,61,49,11,0,8,0.803278689,3,2,1,0
5775.183066130,519.511422035,0.170609886,0.993965697,nan,nan,58,61,49,11,0,8,0.803278689,3,2,1,0
5776.205662727,519.621163160,0.170609886,0.993965697,nan,nan,58,61,49,11,0,8,0.803278689,3,2,1,0
5777.203878641,519.741028870,0.170609886,0.993965697,nan,nan,58,61,49,11,0,8,0.803278689,3,2,1,0
5778.193092823,519.840784740,0.170609886,0.993965697,nan,nan,58,61,49,11,0,8,0.803278689,3,2,1,0
5779.203190327,519.940708003,0.170609886,0.993965697,nan,nan,58,61,49,11,0,8,0.803278689,3,2,1,0
5780.190713882,520.040524618,0.170609886,0.993965697,nan,nan,58,61,49,11,0,8,0.803278689,3,2,1,0
5781.206535101,520.160139921,0.170609886,0.993965697,nan,nan,58,61,49,11,0,8,0.803278689,3,2,1,0
5782.196716070,520.289810176,0.170609886,0.993965697,nan,nan,58,61,49,11,0,8,0.803278689,3,2,1,0
5783.208662271,520.399677793,0.170609886,0.993965697,nan,nan,58,61,49,11,0,8,0.803278689,3,2,1,0
5784.226363420,520.509123219,0.170609886,0.993965697,nan,nan,58,61,49,11,0,8,0.803278689,3,2,1,0
5785.224672794,520.638805844,0.170609886,0.993965697,nan,nan,58,61,49,11,0,8,0.803278689,3,2,1,0
5786.216910362,520.758153451,0.170616149,0.993965697,nan,nan,58,61,49,11,0,8,0.803278689,3,2,1,0
5787.200166702,520.857943413,0.170616149,0.993965697,nan,nan,58,61,49,11,0,8,0.803278689,3,2,1,0
5788.207786560,520.967633895,0.170616149,0.993965697,nan,nan,58,61,49,11,0,8,0.803278689,3,2,1,0
5789.242583513,521.047487393,0.170616149,0.993965697,nan,nan,58,61,49,11,0,8,0.803278689,3,2,1,0
5790.223835707,521.137141778,0.170616149,0.993965697,nan,nan,58,61,49,11,0,8,0.803278689,3,2,1,0
5791.194481134,521.236555621,0.170616149,0.993965697,nan,nan,58,61,49,11,0,8,0.803278689,3,2,1,0
5792.208161831,521.326363158,0.170616149,0.993965697,nan,nan,58,61,49,11,0,8,0.803278689,3,2,1,0
5793.195349932,521.416118708,0.170616149,0.993965697,nan,nan,58,61,49,11,0,8,0.803278689,3,2,1,0
5794.220886469,521.515819848,0.170616149,0.993965697,nan,nan,58,61,49,11,0,8,0.803278689,3,2,1,0
5795.209432364,521.615574845,0.170616149,0.993965697,nan,nan,58,61,49,11,0,8,0.803278689,3,2,1,0
5796.214778423,521.715469422,0.170616149,0.993965697,nan,nan,58,61,49,11,0,8,0.803278689,3,2,1,0
5797.217140198,521.805072601,0.170616149,0.993965697,nan,nan,58,61,49,11,0,8,0.803278689,3,2,1,0
5798.205002069,521.914614339,0.170616149,0.993965697,nan,nan,58,61,49,11,0,8,0.803278689,3,2,1,0
5799.192547321,522.023901318,0.170618655,0.993965697,nan,nan,58,61,49,11,0,8,0.803278689,3,2,1,0
5800.223230124,522.123212268,0.170618655,0.993965697,nan,nan,58,61,49,11,0,8,0.803278689,3,2,1,0
5801.196063042,522.222794085,0.170618655,0.993965697,nan,nan,58,61,49,11,0,8,0.803278689,3,2,1,0
5802.229868889,522.332275930,0.170626171,0.993965697,nan,nan,58,61,49,11,0,8,0.803278689,3,2,1,0
5803.196274996,522.432137856,0.170626171,0.993965697,nan,nan,58,61,49,11,0,8,0.803278689,3,2,1,0
5804.216872692,522.532007875,0.170626171,0.993965697,nan,nan,58,61,49,11,0,8,0.803278689,3,2,1,0
5805.211355686,522.631899858,0.170626171,0.993965697,nan,nan,58,61,49,11,0,8,0.803278689,3,2,1,0
5806.200920582,522.721858799,0.170631182,0.993965697,nan,nan,58,61,49,11,0,8,0.803278689,3,2,1,0
5807.194526672,522.811671503,0.170631182,0.993965697,nan,nan,58,61,49,11,0,8,0.803278689,3,2,1,0
5808.212711573,522.901532474,0.170631182,0.993965697,nan,nan,58,61,49,11,0,8,0.803278689,3,2,1,0
5809.183133602,523.000953655,0.170634941,0.993965697,nan,nan,58,61,49,11,0,8,0.803278689,3,2,1,0
5810.260284662,523.110718084,0.170634941,0.993965697,nan,nan,58,61,49,11,0,8,0.803278689,3,2,1,0
5811.182924747,523.210559317,0.170634941,0.993965697,nan,nan,58,61,49,11,0,8,0.803278689,3,2,1,0
5812.194977999,523.309308341,0.170637446,0.993965697,nan,nan,58,61,49,11,0,8,0.803278689,3,2,1,0
5813.224416971,523.395358088,0.170637446,0.993965697,nan,nan,58,61,49,11,0,8,0.803278689,3,2,1,0
5814.219627857,523.504035336,0.170637446,0.993965697,nan,nan,58,61,49,11,0,8,0.803278689,3,2,1,0
5815.197543383,523.611882969,0.170638699,0.993965697,nan,nan,58,61,49,11,0,8,0.803278689,3,2,1,0
5816.187052727,523.709873582,0.170638699,0.993965697,nan,nan,58,61,49,11,0,8,0.803278689,3,2,1,0
5817.225976944,523.808621843,0.170642457,0.993965697,nan,nan,58,61,49,11,0,8,0.803278689,3,2,1,0
5818.200575829,523.906635780,0.170642457,0.993965697,nan,nan,58,61,49,11,0,8,0.803278689,3,2,1,0
5819.180747271,524.016003547,0.170642457,0.993965697,nan,nan,58,61,49,11,0,8,0.803278689,3,2,1,0
5820.180924416,524.115668562,0.170643710,0.993965697,nan,nan,58,61,49,11,0,8,0.803278689,3,2,1,0
5821.199212551,524.214880246,0.170643710,0.993965697,nan,nan,58,61,49,11,0,8,0.803278689,3,2,1,0
5822.221088886,524.304249538,0.170647468,0.993965697,nan,nan,58,61,49,11,0,8,0.803278689,3,2,1,0
5823.180627823,524.394112588,0.170649973,0.993965697,nan,nan,58,61,49,11,0,8,0.803278689,3,2,1,0
5824.207756281,524.494020921,0.170649973,0.993965697,nan,nan,58,61,49,11,0,8,0.803278689,3,2,1,0
5825.211894989,524.593919733,0.170649973,0.993965697,nan,nan,58,61,49,11,0,8,0.803278689,3,2,1,0
5826.198275805,524.673774980,0.170649973,0.993965697,nan,nan,58,61,49,11,0,8,0.803278689,3,2,1,0
5827.230501175,524.753647992,0.170653732,0.993965697,nan,nan,58,61,49,11,0,8,0.803278689,3,2,1,0
5828.202260494,524.833647734,0.170653732,0.993965697,nan,nan,58,61,49,11,0,8,0.803278689,3,2,1,0
5829.201877832,524.903646944,0.170653732,0.993965697,nan,nan,58,61,49,11,0,8,0.803278689,3,2,1,0
5830.187081814,524.973646935,0.170653732,0.993965697,nan,nan,58,61,49,11,0,8,0.803278689,3,2,1,0
5831.221652508,525.042892186,0.170661248,0.993965697,nan,nan,58,61,49,11,0,8,0.803278689,3,2,1,0
5832.226993322,525.109899481,0.170665006,0.993965697,nan,nan,58,61,49,11,0,8,0.803278689,3,2,1,0
5833.196371555,525.170985294,0.170665006,0.993965697,nan,nan,58,61,49,11,0,8,0.803278689,3,2,1,0
5834.196064234,525.222207461,0.170665006,0.993965697,nan,nan,58,61,49,11,0,8,0.803278689,3,2,1,0
5835.187917948,525.284001179,0.170665006,0.993965697,nan,nan,58,61,49,11,0,8,0.803278689,3,2,1,0
5836.213110209,525.337067264,0.170665006,0.993965697,nan,nan,58,61,49,11,0,8,0.803278689,3,2,1,0
5837.182401657,525.398598565,0.170665006,0.993965697,nan,nan,58,61,49,11,0,8,0.803278689,3,2,1,0
5838.202158689,525.465679498,0.170665006,0.993965697,nan,nan,58,61,49,11,0,8,0.803278689,3,2,1,0
5839.193734884,525.514827102,0.170665006,0.993965697,nan,nan,58,61,49,11,0,8,0.803278689,3,2,1,0
5840.183855772,525.568895261,0.170665006,0.993965697,nan,nan,58,61,49,11,0,8,0.803278689,3,2,1,0
5841.189614296,525.611630295,0.170665006,0.993965697,nan,nan,58,61,49,11,0,8,0.803278689,3,2,1,0
5842.189084530,525.663664699,0.170665006,0.993965697,nan,nan,58,61,49,11,0,8,0.803278689,3,2,1,0
5843.196013212,525.701001422,0.170665006,0.993965697,nan,nan,58,61,49,11,0,8,0.803278689,3,2,1,0
5844.216772318,525.739130909,0.170665006,0.993965697,nan,nan,58,61,49,11,0,8,0.803278689,3,2,1,0
5853.100068808,525.777238363,0.170665006,0.993965697,nan,nan,59,62,50,11,0,8,0.806451613,3,2,1,0
5853.178614378,525.850346248,0.170665006,0.993965697,nan,nan,59,62,50,11,0,8,0.806451613,3,2,1,0
5854.192414284,525.850346248,0.170665006,0.993965697,nan,nan,59,62,50,11,0,8,0.806451613,3,2,1,0
5855.204745293,525.850346248,0.170665006,0.993965697,nan,nan,59,62,50,12,0,9,0.806451613,3,2,1,0
5863.903740883,525.850346248,0.170665006,0.993965697,nan,nan,59,62,50,12,0,9,0.806451613,3,2,1,0
5872.543050289,525.850346248,0.170665006,0.993965697,nan,nan,59,62,50,12,0,9,0.806451613,3,2,1,0
5881.031896114,525.850346248,0.170665006,0.993965697,nan,nan,59,62,50,12,0,9,0.806451613,3,2,1,0
5881.181107521,525.850346248,0.170665006,0.993965697,nan,nan,59,62,50,12,0,9,0.806451613,3,2,1,0
5888.637930155,525.850346248,0.170665006,0.993965697,nan,nan,59,62,50,12,0,9,0.806451613,3,2,1,0
5896.862087965,525.850346248,0.170665006,0.993965697,nan,nan,59,62,50,12,0,9,0.806451613,3,2,1,0
