ROS isolation: domain=42, localhost_only=1


==============================
Method : MapEx
Map    : Hospital
Record : yes
Run ID : hpx_002
Python : /usr/bin/python3
MapEx  : /home/com1/MapEx
LaMa   : /work/conda-envs/lama/bin/python
Weights: /work/com1/mapex_weights/weights/lama_ensemble
Device : cpu
Launch : mapex_lab/launch/slam.launch.py
Headless: True
RViz    : False
==============================


Dang cho /map, Nav2 lifecycle active va /clock on dinh...
[INFO] [launch]: All log files can be found below /home/com1/.ros/log/2026-10-01-12-51-45-442472-com1-29727
[INFO] [launch]: Default logging verbosity is set to INFO
[INFO] [launch.user]: Simulation world: hospital; path=/work/com1/turtlebot4_project_mx029/mapex_lab/map/hospital_aws_flat.sdf; spawn=(0.0, 12.0, -1.57)
[INFO] [xacro-1]: process started with pid [29747]
[INFO] [parameter_bridge-2]: process started with pid [29748]
[INFO] [image_bridge-3]: process started with pid [29749]
[INFO] [image_bridge-4]: process started with pid [29750]
[INFO] [create-5]: process started with pid [29751]
[INFO] [robot_state_publisher-6]: process started with pid [29752]
[robot_state_publisher-6] [WARN] [1790833905.738851826] [rcl]: ROS_LOCALHOST_ONLY is deprecated but still honored if it is enabled. Use ROS_AUTOMATIC_DISCOVERY_RANGE and ROS_STATIC_PEERS instead.
[robot_state_publisher-6] [WARN] [1790833905.738862872] [rcl]: 'localhost_only' is enabled, 'automatic_discovery_range' and 'static_peers' will be ignored.
[create-5] [WARN] [1790833905.749489321] [rcl]: ROS_LOCALHOST_ONLY is deprecated but still honored if it is enabled. Use ROS_AUTOMATIC_DISCOVERY_RANGE and ROS_STATIC_PEERS instead.
[create-5] [WARN] [1790833905.749500841] [rcl]: 'localhost_only' is enabled, 'automatic_discovery_range' and 'static_peers' will be ignored.
[robot_state_publisher-6] [WARN] [1790833905.761715198] [kdl_parser]: The root link base_link has an inertia specified in the URDF, but KDL does not support a root link with an inertia.  As a workaround, you can add an extra dummy link to your URDF.
[robot_state_publisher-6] [INFO] [1790833905.761834558] [robot_state_publisher]: Robot initialized
[create-5] [INFO] [1790833905.762400961] [ros_gz_sim]: Requesting list of world names.
[parameter_bridge-2] [WARN] [1790833905.770347704] [rcl]: ROS_LOCALHOST_ONLY is deprecated but still honored if it is enabled. Use ROS_AUTOMATIC_DISCOVERY_RANGE and ROS_STATIC_PEERS instead.
[parameter_bridge-2] [WARN] [1790833905.770361879] [rcl]: 'localhost_only' is enabled, 'automatic_discovery_range' and 'static_peers' will be ignored.
[image_bridge-4] [WARN] [1790833905.771265586] [rcl]: ROS_LOCALHOST_ONLY is deprecated but still honored if it is enabled. Use ROS_AUTOMATIC_DISCOVERY_RANGE and ROS_STATIC_PEERS instead.
[image_bridge-4] [WARN] [1790833905.771277733] [rcl]: 'localhost_only' is enabled, 'automatic_discovery_range' and 'static_peers' will be ignored.
[image_bridge-3] [WARN] [1790833905.771668470] [rcl]: ROS_LOCALHOST_ONLY is deprecated but still honored if it is enabled. Use ROS_AUTOMATIC_DISCOVERY_RANGE and ROS_STATIC_PEERS instead.
[image_bridge-3] [WARN] [1790833905.771682551] [rcl]: 'localhost_only' is enabled, 'automatic_discovery_range' and 'static_peers' will be ignored.
[INFO] [xacro-1]: process has finished cleanly [pid 29747]
[INFO] [gz-7]: process started with pid [29849]
[gz-7] [1;32m[Msg] [0m[1;32mGazebo Sim Server v[0m[1;32m8.11.0[0m[1;32m[0m
[gz-7] [1;32m[Msg] [0m[1;32mLoading SDF world file[[0m[1;32m/tmp/nav2_81ausjk3.sdf[0m[1;32m].[0m
[gz-7] [1;32m[Msg] [0m[1;32mServing entity system service on [[0m[1;32m/[0m[1;32mentity/system/add[0m[1;32m][0m[1;32m[0m
[gz-7] [1;36m[Dbg] [Physics.cc:906] [0m[1;36mLoaded [[0m[1;36mgz::physics::dartsim::Plugin[0m[1;36m] from library [[0m[1;36m/opt/ros/jazzy/opt/gz_physics_vendor/lib/gz-physics-7/engine-plugins/libgz-physics-dartsim-plugin.so[0m[1;36m][0m[1;36m[0m
[gz-7] [1;36m[Dbg] [SystemManager.cc:80] [0m[1;36mLoaded system [[0m[1;36mgz::sim::systems::Physics[0m[1;36m] for entity [[0m[1;36m1[0m[1;36m][0m[1;36m[0m
[gz-7] [1;32m[Msg] [0m[1;32mCreate[0m[1;32m service on [[0m[1;32m/world/hospital_flat_world/create_multiple[0m[1;32m] (async)[0m[1;32m[0m
[gz-7] [1;32m[Msg] [0m[1;32mCreate[0m[1;32m service on [[0m[1;32m/world/hospital_flat_world/create_multiple/blocking[0m[1;32m] (blocking)[0m[1;32m[0m
[gz-7] [1;32m[Msg] [0m[1;32mRemove[0m[1;32m service on [[0m[1;32m/world/hospital_flat_world/remove[0m[1;32m] (async)[0m[1;32m[0m
[gz-7] [1;32m[Msg] [0m[1;32mRemove[0m[1;32m service on [[0m[1;32m/world/hospital_flat_world/remove/blocking[0m[1;32m] (blocking)[0m[1;32m[0m
[gz-7] [1;32m[Msg] [0m[1;32mPose[0m[1;32m service on [[0m[1;32m/world/hospital_flat_world/set_pose[0m[1;32m] (async)[0m[1;32m[0m
[gz-7] [1;32m[Msg] [0m[1;32mPose[0m[1;32m service on [[0m[1;32m/world/hospital_flat_world/set_pose/blocking[0m[1;32m] (blocking)[0m[1;32m[0m
[gz-7] [1;32m[Msg] [0m[1;32mPose[0m[1;32m service on [[0m[1;32m/world/hospital_flat_world/set_pose_vector[0m[1;32m] (async)[0m[1;32m[0m
[gz-7] [1;32m[Msg] [0m[1;32mPose[0m[1;32m service on [[0m[1;32m/world/hospital_flat_world/set_pose_vector/blocking[0m[1;32m] (blocking)[0m[1;32m[0m
[gz-7] [1;32m[Msg] [0m[1;32mLight configuration[0m[1;32m service on [[0m[1;32m/world/hospital_flat_world/light_config[0m[1;32m] (async)[0m[1;32m[0m
[gz-7] [1;32m[Msg] [0m[1;32mLight configuration[0m[1;32m service on [[0m[1;32m/world/hospital_flat_world/light_config/blocking[0m[1;32m] (blocking)[0m[1;32m[0m
[gz-7] [1;32m[Msg] [0m[1;32mPhysics[0m[1;32m service on [[0m[1;32m/world/hospital_flat_world/set_physics[0m[1;32m] (async)[0m[1;32m[0m
[gz-7] [1;32m[Msg] [0m[1;32mPhysics[0m[1;32m service on [[0m[1;32m/world/hospital_flat_world/set_physics/blocking[0m[1;32m] (blocking)[0m[1;32m[0m
[gz-7] [1;32m[Msg] [0m[1;32mSphericalCoordinates[0m[1;32m service on [[0m[1;32m/world/hospital_flat_world/set_spherical_coordinates[0m[1;32m] (async)[0m[1;32m[0m
[gz-7] [1;32m[Msg] [0m[1;32mSphericalCoordinates[0m[1;32m service on [[0m[1;32m/world/hospital_flat_world/set_spherical_coordinates/blocking[0m[1;32m] (blocking)[0m[1;32m[0m
[gz-7] [1;32m[Msg] [0m[1;32mEnable collision[0m[1;32m service on [[0m[1;32m/world/hospital_flat_world/enable_collision[0m[1;32m] (async)[0m[1;32m[0m
[gz-7] [1;32m[Msg] [0m[1;32mEnable collision[0m[1;32m service on [[0m[1;32m/world/hospital_flat_world/enable_collision/blocking[0m[1;32m] (blocking)[0m[1;32m[0m
[gz-7] [1;32m[Msg] [0m[1;32mDisable collision[0m[1;32m service on [[0m[1;32m/world/hospital_flat_world/disable_collision[0m[1;32m] (async)[0m[1;32m[0m
[gz-7] [1;32m[Msg] [0m[1;32mDisable collision[0m[1;32m service on [[0m[1;32m/world/hospital_flat_world/disable_collision/blocking[0m[1;32m] (blocking)[0m[1;32m[0m
[gz-7] [1;32m[Msg] [0m[1;32mMaterial[0m[1;32m service on [[0m[1;32m/world/hospital_flat_world/visual_config[0m[1;32m] (async)[0m[1;32m[0m
[gz-7] [1;32m[Msg] [0m[1;32mMaterial[0m[1;32m service on [[0m[1;32m/world/hospital_flat_world/visual_config/blocking[0m[1;32m] (blocking)[0m[1;32m[0m
[gz-7] [1;32m[Msg] [0m[1;32mMaterial[0m[1;32m service on [[0m[1;32m/world/hospital_flat_world/wheel_slip[0m[1;32m] (async)[0m[1;32m[0m
[gz-7] [1;32m[Msg] [0m[1;32mMaterial[0m[1;32m service on [[0m[1;32m/world/hospital_flat_world/wheel_slip/blocking[0m[1;32m] (blocking)[0m[1;32m[0m
[create-5] [INFO] [1790833906.388809272] [ros_gz_sim]: Waiting messages on topic [robot_description].
[create-5] [INFO] [1790833906.399966600] [ros_gz_sim]: Entity creation successful.
[INFO] [create-5]: process has finished cleanly [pid 29751]
[parameter_bridge-2] [INFO] [1790833906.783546080] [bridge_ros_gz]: Creating GZ->ROS Bridge: [/clock (gz.msgs.Clock) -> clock (rosgraph_msgs/msg/Clock)] (Lazy 0)
[parameter_bridge-2] [INFO] [1790833906.784798791] [bridge_ros_gz]: Creating GZ->ROS Bridge: [joint_states (gz.msgs.Model) -> joint_states (sensor_msgs/msg/JointState)] (Lazy 0)
[parameter_bridge-2] [INFO] [1790833906.786983571] [bridge_ros_gz]: Creating GZ->ROS Bridge: [/odom (gz.msgs.Odometry) -> odom (nav_msgs/msg/Odometry)] (Lazy 0)
[parameter_bridge-2] [INFO] [1790833906.789447084] [bridge_ros_gz]: Creating GZ->ROS Bridge: [/tf (gz.msgs.Pose_V) -> tf (tf2_msgs/msg/TFMessage)] (Lazy 0)
[parameter_bridge-2] [INFO] [1790833906.790943195] [bridge_ros_gz]: Creating GZ->ROS Bridge: [/imu (gz.msgs.IMU) -> imu (sensor_msgs/msg/Imu)] (Lazy 0)
[parameter_bridge-2] [INFO] [1790833906.791287108] [bridge_ros_gz]: Creating GZ->ROS Bridge: [/scan (gz.msgs.LaserScan) -> scan (sensor_msgs/msg/LaserScan)] (Lazy 0)
[parameter_bridge-2] [INFO] [1790833906.791602410] [bridge_ros_gz]: Creating ROS->GZ Bridge: [cmd_vel (geometry_msgs/msg/Twist) -> /cmd_vel (gz.msgs.Twist)] (Lazy 0)
[parameter_bridge-2] [INFO] [1790833906.792548355] [bridge_ros_gz]: Creating GZ->ROS Bridge: [/rgbd_camera/camera_info (gz.msgs.CameraInfo) -> /rgbd_camera/camera_info (sensor_msgs/msg/CameraInfo)] (Lazy 0)
[gz-7] [1;36m[Dbg] [SystemManager.cc:80] [0m[1;36mLoaded system [[0m[1;36mgz::sim::systems::UserCommands[0m[1;36m] for entity [[0m[1;36m1[0m[1;36m][0m[1;36m[0m
[gz-7] [1;36m[Dbg] [SystemManager.cc:80] [0m[1;36mLoaded system [[0m[1;36mgz::sim::systems::SceneBroadcaster[0m[1;36m] for entity [[0m[1;36m1[0m[1;36m][0m[1;36m[0m
[gz-7] [1;36m[Dbg] [Sensors.cc:697] [0m[1;36mConfiguring Sensors system[0m[1;36m[0m
[gz-7] [1;36m[Dbg] [Sensors.cc:557] [0m[1;36mSensorsPrivate::Run[0m[1;36m[0m
[gz-7] [1;36m[Dbg] [SystemManager.cc:80] [0m[1;36mLoaded system [[0m[1;36mgz::sim::systems::Sensors[0m[1;36m] for entity [[0m[1;36m1[0m[1;36m][0m[1;36m[0m
[gz-7] [1;36m[Dbg] [Sensors.cc:532] [0m[1;36mSensorsPrivate::RenderThread started[0m[1;36m[0m
[gz-7] [1;36m[Dbg] [Sensors.cc:337] [0m[1;36mWaiting for init[0m[1;36m[0m
[gz-7] [1;36m[Dbg] [SystemManager.cc:80] [0m[1;36mLoaded system [[0m[1;36mgz::sim::systems::Imu[0m[1;36m] for entity [[0m[1;36m1[0m[1;36m][0m[1;36m[0m
[gz-7] [1;32m[Msg] [0m[1;32mLoaded level [[0m[1;32mdefault[0m[1;32m][0m[1;32m[0m
[gz-7] [1;32m[Msg] [0m[1;32mServing world controls on [[0m[1;32m/world/hospital_flat_world[0m[1;32m/control], [[0m[1;32m/world/hospital_flat_world[0m[1;32m/control/state] and [[0m[1;32m/world/hospital_flat_world[0m[1;32m/playback/control][0m[1;32m[0m
[gz-7] [1;32m[Msg] [0m[1;32mServing GUI information on [[0m[1;32m/world/hospital_flat_world[0m[1;32m/[0m[1;32mgui/info[0m[1;32m][0m[1;32m[0m
[gz-7] [1;32m[Msg] [0m[1;32mWorld [[0m[1;32mhospital_flat_world[0m[1;32m] initialized with [[0m[1;32mhospital_realtime[0m[1;32m] physics profile.[0m[1;32m[0m
[gz-7] [1;32m[Msg] [0m[1;32mServing world SDF generation service on [[0m[1;32m/world/hospital_flat_world[0m[1;32m/[0m[1;32mgenerate_world_sdf[0m[1;32m][0m[1;32m[0m
[gz-7] [1;32m[Msg] [0m[1;32mServing world names on [[0m[1;32m/gazebo/worlds[0m[1;32m][0m[1;32m[0m
[gz-7] [1;32m[Msg] [0m[1;32mResource path add service on [[0m[1;32m/gazebo/resource_paths/add[0m[1;32m].[0m[1;32m[0m
[gz-7] [1;32m[Msg] [0m[1;32mResource path get service on [[0m[1;32m/gazebo/resource_paths/get[0m[1;32m].[0m[1;32m[0m
[gz-7] [1;32m[Msg] [0m[1;32mResource path resolve service on [[0m[1;32m/gazebo/resource_paths/resolve[0m[1;32m].[0m[1;32m[0m
[gz-7] [1;32m[Msg] [0m[1;32mResource paths published on [[0m[1;32m/gazebo/resource_paths[0m[1;32m].[0m[1;32m[0m
[gz-7] [1;32m[Msg] [0m[1;32mServer control service on [[0m[1;32m/server_control[0m[1;32m].[0m[1;32m[0m
[gz-7] [1;32m[Msg] [0m[1;32mFound no publishers on /stats, adding root stats topic[0m[1;32m[0m
[gz-7] [1;32m[Msg] [0m[1;32mFound no publishers on /clock, adding root clock topic[0m[1;32m[0m
[gz-7] [1;36m[Dbg] [SimulationRunner.cc:551] [0m[1;36mCreating PostUpdate worker threads: [0m[1;36m4[0m[1;36m[0m
[gz-7] [1;36m[Dbg] [SimulationRunner.cc:562] [0m[1;36mCreating postupdate worker thread ([0m[1;36m0[0m[1;36m)[0m[1;36m[0m
[gz-7] [1;36m[Dbg] [SimulationRunner.cc:562] [0m[1;36mCreating postupdate worker thread ([0m[1;36m1[0m[1;36m)[0m[1;36m[0m
[gz-7] [1;36m[Dbg] [SimulationRunner.cc:562] [0m[1;36mCreating postupdate worker thread ([0m[1;36m2[0m[1;36m)[0m[1;36m[0m
[gz-7] [1;33mWarning [Utils.cc:132][0m [/sdf/model[@name="turtlebot4"]/link[@name="rplidar_link"]/sensor[@name="rplidar"]/gz_frame_id:<urdf-string>:L0]: XML Element[gz_frame_id], child of element[sensor], not defined in SDF. Copying[gz_frame_id] as children of [sensor].
[gz-7] [1;33m[Wrn] [SdfEntityCreator.cc:933] [0m[1;33mGazebo does not support Ogre material scripts. See [0m[1;33mhttps://gazebosim.org/api/sim/8/migrationsdf.html#:~:text=Materials [0m[1;33mfor details.[0m[1;33m[0m
[gz-7] [1;33m[Wrn] [SdfEntityCreator.cc:949] [0m[1;33mUsing an internal gazebo.material to parse [0m[1;33mGazebo/DarkGrey[0m[1;33m[0m
[gz-7] [1;33m[Wrn] [SdfEntityCreator.cc:933] [0m[1;33mGazebo does not support Ogre material scripts. See [0m[1;33mhttps://gazebosim.org/api/sim/8/migrationsdf.html#:~:text=Materials [0m[1;33mfor details.[0m[1;33m[0m
[gz-7] [1;33m[Wrn] [SdfEntityCreator.cc:949] [0m[1;33mUsing an internal gazebo.material to parse [0m[1;33mGazebo/DarkGrey[0m[1;33m[0m
[gz-7] [1;33m[Wrn] [SdfEntityCreator.cc:933] [0m[1;33mGazebo does not support Ogre material scripts. See [0m[1;33mhttps://gazebosim.org/api/sim/8/migrationsdf.html#:~:text=Materials [0m[1;33mfor details.[0m[1;33m[0m
[gz-7] [1;33m[Wrn] [SdfEntityCreator.cc:949] [0m[1;33mUsing an internal gazebo.material to parse [0m[1;33mGazebo/DarkGrey[0m[1;33m[0m
[gz-7] [1;33m[Wrn] [ColladaLoader.cc:1993] [0m[1;33mUnable to add material[[0m[1;33m][0m
[gz-7] [1;33m[Wrn] [ColladaLoader.cc:1993] [0m[1;33mUnable to add material[[0m[1;33m][0m
[gz-7] [1;33m[Wrn] [ColladaLoader.cc:1993] [0m[1;33mUnable to add material[[0m[1;33m][0m
[gz-7] [1;33m[Wrn] [ColladaLoader.cc:1993] [0m[1;33mUnable to add material[[0m[1;33m][0m
[gz-7] [1;33m[Wrn] [ColladaLoader.cc:1993] [0m[1;33mUnable to add material[[0m[1;33m][0m
[gz-7] [1;33m[Wrn] [ColladaLoader.cc:1993] [0m[1;33mUnable to add material[[0m[1;33m][0m
[gz-7] [1;33m[Wrn] [ColladaLoader.cc:1993] [0m[1;33mUnable to add material[[0m[1;33m][0m
[gz-7] [1;32m[Msg] [0m[1;32mDiffDrive subscribing to twist messages on [[0m[1;32m/cmd_vel[0m[1;32m][0m[1;32m[0m
[gz-7] [1;36m[Dbg] [SystemManager.cc:80] [0m[1;36mLoaded system [[0m[1;36mgz::sim::systems::DiffDrive[0m[1;36m] for entity [[0m[1;36m26[0m[1;36m][0m[1;36m[0m
[gz-7] [1;36m[Dbg] [SystemManager.cc:80] [0m[1;36mLoaded system [[0m[1;36mgz::sim::systems::JointStatePublisher[0m[1;36m] for entity [[0m[1;36m26[0m[1;36m][0m[1;36m[0m
[gz-7] [1;36m[Dbg] [UserCommands.cc:1094] [0m[1;36mCreated entity [[0m[1;36m26[0m[1;36m] named [[0m[1;36mturtlebot4[0m[1;36m][0m[1;36m[0m
[gz-7] [1;36m[Dbg] [SDFFeatures.cc:332] [0m[1;36mMesh construction from an SDF has not been implemented yet for [0m[1;36mdartsim. Use AttachMeshShapeFeature to use mesh shapes.[0m
[gz-7] [1;36m[Dbg] [SDFFeatures.cc:864] [0m[1;36mThe geometry element of collision [[0m[1;36mcollision[0m[1;36m] [0m[1;36mcouldn't be created[0m
[gz-7] [1;36m[Dbg] [SDFFeatures.cc:332] [0m[1;36mMesh construction from an SDF has not been implemented yet for [0m[1;36mdartsim. Use AttachMeshShapeFeature to use mesh shapes.[0m
[gz-7] [1;36m[Dbg] [SDFFeatures.cc:864] [0m[1;36mThe geometry element of collision [[0m[1;36mcollision[0m[1;36m] [0m[1;36mcouldn't be created[0m
[gz-7] [1;36m[Dbg] [SDFFeatures.cc:332] [0m[1;36mMesh construction from an SDF has not been implemented yet for [0m[1;36mdartsim. Use AttachMeshShapeFeature to use mesh shapes.[0m
[gz-7] [1;36m[Dbg] [SDFFeatures.cc:864] [0m[1;36mThe geometry element of collision [[0m[1;36mbase_link_fixed_joint_lump__bumper_collision_1[0m[1;36m] [0m[1;36mcouldn't be created[0m
[gz-7] [1;36m[Dbg] [SDFFeatures.cc:332] [0m[1;36mMesh construction from an SDF has not been implemented yet for [0m[1;36mdartsim. Use AttachMeshShapeFeature to use mesh shapes.[0m
[gz-7] [1;36m[Dbg] [SDFFeatures.cc:864] [0m[1;36mThe geometry element of collision [[0m[1;36mbase_link_fixed_joint_lump__shell_collision_collision_2[0m[1;36m] [0m[1;36mcouldn't be created[0m
[gz-7] [1;36m[Dbg] [Sensors.cc:953] [0m[1;36mInitialization needed[0m[1;36m[0m
[gz-7] [1;36m[Dbg] [Sensors.cc:349] [0m[1;36mInitializing render context[0m[1;36m[0m
[gz-7] [1;32m[Msg] [0m[1;32mLoading plugin [[0m[1;32mgz-rendering-ogre2[0m[1;32m][0m[1;32m[0m
[gz-7] [1;36m[Dbg] [ImuSensor.cc:150] [0m[1;36mIMU data for [[0m[1;36mturtlebot4::imu_link::imu[0m[1;36m] advertised on [[0m[1;36mimu[0m[1;36m][0m[1;36m[0m
[gz-7] [1;32m[Msg] [0m[1;32mServing scene information on [[0m[1;32m/world/hospital_flat_world[0m[1;32m/[0m[1;32mscene/info[0m[1;32m][0m[1;32m[0m
[gz-7] [1;32m[Msg] [0m[1;32mServing graph information on [[0m[1;32m/world/hospital_flat_world[0m[1;32m/[0m[1;32mscene/graph[0m[1;32m][0m[1;32m[0m
[gz-7] [1;32m[Msg] [0m[1;32mServing full state on [[0m[1;32m/world/hospital_flat_world[0m[1;32m/[0m[1;32mstate[0m[1;32m][0m[1;32m[0m
[gz-7] [1;32m[Msg] [0m[1;32mServing full state (async) on [[0m[1;32m/world/hospital_flat_world[0m[1;32m/[0m[1;32mstate_async[0m[1;32m][0m[1;32m[0m
[gz-7] [1;32m[Msg] [0m[1;32mPublishing scene information on [[0m[1;32m/world/hospital_flat_world/scene/info[0m[1;32m][0m[1;32m[0m
[gz-7] [1;32m[Msg] [0m[1;32mPublishing entity deletions on [[0m[1;32m/world/hospital_flat_world/scene/deletion[0m[1;32m][0m[1;32m[0m
[gz-7] [1;32m[Msg] [0m[1;32mPublishing state changes on [[0m[1;32m/world/hospital_flat_world/state[0m[1;32m][0m[1;32m[0m
[gz-7] [1;32m[Msg] [0m[1;32mPublishing pose messages on [[0m[1;32m/world/hospital_flat_world[0m[1;32m/[0m[1;32mpose/info[0m[1;32m][0m[1;32m[0m
[gz-7] [1;32m[Msg] [0m[1;32mPublishing dynamic pose messages on [[0m[1;32m/world/hospital_flat_world[0m[1;32m/[0m[1;32mdynamic_pose/info[0m[1;32m][0m[1;32m[0m
[gz-7] [1;36m[Dbg] [SimulationRunner.cc:578] [0m[1;36mExiting postupdate worker thread ([0m[1;36m0[0m[1;36m)[0m[1;36m
[gz-7] [Dbg] [SimulationRunner.cc:578] [0m[1;36m[0m
[gz-7] [1;36m1[0m[1;36m)[0m[1;36m[0m
[gz-7] [1;36m[Dbg] [SimulationRunner.cc:578] [0m[1;36mExiting postupdate worker thread ([0m[1;36m2[0m[1;36m)[0m[1;36m[0m
[gz-7] libEGL warning: failed to open /dev/dri/renderD128: Permission denied
[gz-7] 
[gz-7] libEGL warning: failed to open /dev/dri/renderD128: Permission denied
[gz-7] 
[gz-7] libEGL warning: failed to open /dev/dri/card1: Permission denied
[gz-7] 
[WARN] [1790833915.769386336] [rcl]: ROS_LOCALHOST_ONLY is deprecated but still honored if it is enabled. Use ROS_AUTOMATIC_DISCOVERY_RANGE and ROS_STATIC_PEERS instead.
[WARN] [1790833915.769414041] [rcl]: 'localhost_only' is enabled, 'automatic_discovery_range' and 'static_peers' will be ignored.
[INFO] [async_slam_toolbox_node-8]: process started with pid [30090]
[async_slam_toolbox_node-8] [WARN] [1790833915.964475236] [rcl]: ROS_LOCALHOST_ONLY is deprecated but still honored if it is enabled. Use ROS_AUTOMATIC_DISCOVERY_RANGE and ROS_STATIC_PEERS instead.
[async_slam_toolbox_node-8] [WARN] [1790833915.964485718] [rcl]: 'localhost_only' is enabled, 'automatic_discovery_range' and 'static_peers' will be ignored.
[async_slam_toolbox_node-8] [INFO] [1790833915.978461499] [slam_toolbox]: Node using stack size 40000000
[async_slam_toolbox_node-8] [INFO] [1790833916.172569238] [slam_toolbox]: Configuring
[async_slam_toolbox_node-8] [INFO] [1790833916.173998107] [slam_toolbox]: Old-map sequential matcher: enabled=false, min_conf=0.25, decay=70.0, keep_first=true, keyframe_dist=1.00, history_radius=1.50, history_max=6
[async_slam_toolbox_node-8] [INFO] [1790833916.184521659] [slam_toolbox]: Using solver plugin solver_plugins::CeresSolver
[async_slam_toolbox_node-8] [INFO] [1790833916.184831853] [slam_toolbox]: CeresSolver adaptive anchor V1: enabled=true, weight=5.00->1.00, decay=70.0, local_gap<=5, loop_gap>=30, evidence=3, mahal_sq>=9.00, release=1.00->1.00
[async_slam_toolbox_node-8] [INFO] [1790833916.186652608] [slam_toolbox]: CeresSolver: Using SCHUR_JACOBI preconditioner.
[INFO] [launch.user]: [LifecycleLaunch] Slamtoolbox node is activating.
[async_slam_toolbox_node-8] [INFO] [1790833916.209334349] [slam_toolbox]: Activating
[async_slam_toolbox_node-8] Registering sensor: [Custom Described Lidar]
[INFO] [controller_server-9]: process started with pid [30233]
[INFO] [smoother_server-10]: process started with pid [30234]
[INFO] [planner_server-11]: process started with pid [30235]
[INFO] [route_server-12]: process started with pid [30236]
[INFO] [behavior_server-13]: process started with pid [30237]
[INFO] [bt_navigator-14]: process started with pid [30238]
[INFO] [waypoint_follower-15]: process started with pid [30239]
[INFO] [velocity_smoother-16]: process started with pid [30240]
[INFO] [collision_monitor-17]: process started with pid [30241]
[INFO] [opennav_docking-18]: process started with pid [30242]
[INFO] [lifecycle_manager-19]: process started with pid [30243]
[velocity_smoother-16] [WARN] [1790833925.823538003] [rcl]: ROS_LOCALHOST_ONLY is deprecated but still honored if it is enabled. Use ROS_AUTOMATIC_DISCOVERY_RANGE and ROS_STATIC_PEERS instead.
[velocity_smoother-16] [WARN] [1790833925.823552968] [rcl]: 'localhost_only' is enabled, 'automatic_discovery_range' and 'static_peers' will be ignored.
[lifecycle_manager-19] [WARN] [1790833925.825400512] [rcl]: ROS_LOCALHOST_ONLY is deprecated but still honored if it is enabled. Use ROS_AUTOMATIC_DISCOVERY_RANGE and ROS_STATIC_PEERS instead.
[lifecycle_manager-19] [WARN] [1790833925.825416651] [rcl]: 'localhost_only' is enabled, 'automatic_discovery_range' and 'static_peers' will be ignored.
[waypoint_follower-15] [WARN] [1790833925.826029655] [rcl]: ROS_LOCALHOST_ONLY is deprecated but still honored if it is enabled. Use ROS_AUTOMATIC_DISCOVERY_RANGE and ROS_STATIC_PEERS instead.
[waypoint_follower-15] [WARN] [1790833925.826044334] [rcl]: 'localhost_only' is enabled, 'automatic_discovery_range' and 'static_peers' will be ignored.
[bt_navigator-14] [WARN] [1790833925.829091504] [rcl]: ROS_LOCALHOST_ONLY is deprecated but still honored if it is enabled. Use ROS_AUTOMATIC_DISCOVERY_RANGE and ROS_STATIC_PEERS instead.
[bt_navigator-14] [WARN] [1790833925.829112923] [rcl]: 'localhost_only' is enabled, 'automatic_discovery_range' and 'static_peers' will be ignored.
[route_server-12] [WARN] [1790833925.831209984] [rcl]: ROS_LOCALHOST_ONLY is deprecated but still honored if it is enabled. Use ROS_AUTOMATIC_DISCOVERY_RANGE and ROS_STATIC_PEERS instead.
[route_server-12] [WARN] [1790833925.831226709] [rcl]: 'localhost_only' is enabled, 'automatic_discovery_range' and 'static_peers' will be ignored.
[behavior_server-13] [WARN] [1790833925.831254633] [rcl]: ROS_LOCALHOST_ONLY is deprecated but still honored if it is enabled. Use ROS_AUTOMATIC_DISCOVERY_RANGE and ROS_STATIC_PEERS instead.
[behavior_server-13] [WARN] [1790833925.831264141] [rcl]: 'localhost_only' is enabled, 'automatic_discovery_range' and 'static_peers' will be ignored.
[controller_server-9] [WARN] [1790833925.832031059] [rcl]: ROS_LOCALHOST_ONLY is deprecated but still honored if it is enabled. Use ROS_AUTOMATIC_DISCOVERY_RANGE and ROS_STATIC_PEERS instead.
[controller_server-9] [WARN] [1790833925.832047371] [rcl]: 'localhost_only' is enabled, 'automatic_discovery_range' and 'static_peers' will be ignored.
[smoother_server-10] [WARN] [1790833925.834447064] [rcl]: ROS_LOCALHOST_ONLY is deprecated but still honored if it is enabled. Use ROS_AUTOMATIC_DISCOVERY_RANGE and ROS_STATIC_PEERS instead.
[smoother_server-10] [WARN] [1790833925.834475786] [rcl]: 'localhost_only' is enabled, 'automatic_discovery_range' and 'static_peers' will be ignored.
[opennav_docking-18] [WARN] [1790833925.836194629] [rcl]: ROS_LOCALHOST_ONLY is deprecated but still honored if it is enabled. Use ROS_AUTOMATIC_DISCOVERY_RANGE and ROS_STATIC_PEERS instead.
[opennav_docking-18] [WARN] [1790833925.836217006] [rcl]: 'localhost_only' is enabled, 'automatic_discovery_range' and 'static_peers' will be ignored.
[planner_server-11] [WARN] [1790833925.836319982] [rcl]: ROS_LOCALHOST_ONLY is deprecated but still honored if it is enabled. Use ROS_AUTOMATIC_DISCOVERY_RANGE and ROS_STATIC_PEERS instead.
[planner_server-11] [WARN] [1790833925.836338953] [rcl]: 'localhost_only' is enabled, 'automatic_discovery_range' and 'static_peers' will be ignored.
[collision_monitor-17] [WARN] [1790833925.844456088] [rcl]: ROS_LOCALHOST_ONLY is deprecated but still honored if it is enabled. Use ROS_AUTOMATIC_DISCOVERY_RANGE and ROS_STATIC_PEERS instead.
[collision_monitor-17] [WARN] [1790833925.844471113] [rcl]: 'localhost_only' is enabled, 'automatic_discovery_range' and 'static_peers' will be ignored.
[velocity_smoother-16] [INFO] [1790833925.852428359] [velocity_smoother]: 
[velocity_smoother-16] 	velocity_smoother lifecycle node launched. 
[velocity_smoother-16] 	Waiting on external lifecycle transitions to activate
[velocity_smoother-16] 	See https://design.ros2.org/articles/node_lifecycle.html for more information.
[lifecycle_manager-19] [INFO] [1790833925.854889504] [lifecycle_manager_navigation]: Creating
[lifecycle_manager-19] [INFO] [1790833925.862935472] [lifecycle_manager_navigation]: [34m[1mCreating and initializing lifecycle service clients[0m[0m
[opennav_docking-18] [INFO] [1790833925.867964689] [docking_server]: 
[opennav_docking-18] 	docking_server lifecycle node launched. 
[opennav_docking-18] 	Waiting on external lifecycle transitions to activate
[opennav_docking-18] 	See https://design.ros2.org/articles/node_lifecycle.html for more information.
[opennav_docking-18] [INFO] [1790833925.868043170] [docking_server]: Creating docking_server
[route_server-12] [INFO] [1790833925.879897103] [route_server]: 
[route_server-12] 	route_server lifecycle node launched. 
[route_server-12] 	Waiting on external lifecycle transitions to activate
[route_server-12] 	See https://design.ros2.org/articles/node_lifecycle.html for more information.
[behavior_server-13] [INFO] [1790833925.881055813] [behavior_server]: 
[behavior_server-13] 	behavior_server lifecycle node launched. 
[behavior_server-13] 	Waiting on external lifecycle transitions to activate
[behavior_server-13] 	See https://design.ros2.org/articles/node_lifecycle.html for more information.
[bt_navigator-14] [INFO] [1790833925.881585867] [bt_navigator]: 
[bt_navigator-14] 	bt_navigator lifecycle node launched. 
[bt_navigator-14] 	Waiting on external lifecycle transitions to activate
[bt_navigator-14] 	See https://design.ros2.org/articles/node_lifecycle.html for more information.
[planner_server-11] [INFO] [1790833925.882876503] [planner_server]: 
[planner_server-11] 	planner_server lifecycle node launched. 
[planner_server-11] 	Waiting on external lifecycle transitions to activate
[planner_server-11] 	See https://design.ros2.org/articles/node_lifecycle.html for more information.
[smoother_server-10] [INFO] [1790833925.883055139] [smoother_server]: 
[smoother_server-10] 	smoother_server lifecycle node launched. 
[smoother_server-10] 	Waiting on external lifecycle transitions to activate
[smoother_server-10] 	See https://design.ros2.org/articles/node_lifecycle.html for more information.
[controller_server-9] [INFO] [1790833925.885176115] [controller_server]: 
[controller_server-9] 	controller_server lifecycle node launched. 
[controller_server-9] 	Waiting on external lifecycle transitions to activate
[controller_server-9] 	See https://design.ros2.org/articles/node_lifecycle.html for more information.
[collision_monitor-17] [INFO] [1790833925.886453168] [collision_monitor]: 
[collision_monitor-17] 	collision_monitor lifecycle node launched. 
[collision_monitor-17] 	Waiting on external lifecycle transitions to activate
[collision_monitor-17] 	See https://design.ros2.org/articles/node_lifecycle.html for more information.
[bt_navigator-14] [INFO] [1790833925.888021979] [bt_navigator]: Creating
[smoother_server-10] [INFO] [1790833925.888036079] [smoother_server]: Creating smoother server
[planner_server-11] [INFO] [1790833925.888052665] [planner_server]: Creating
[controller_server-9] [INFO] [1790833925.890007397] [controller_server]: Creating controller server
[planner_server-11] [INFO] [1790833925.898396558] [global_costmap.global_costmap]: 
[planner_server-11] 	global_costmap lifecycle node launched. 
[planner_server-11] 	Waiting on external lifecycle transitions to activate
[planner_server-11] 	See https://design.ros2.org/articles/node_lifecycle.html for more information.
[planner_server-11] [INFO] [1790833925.899768825] [global_costmap.global_costmap]: Creating Costmap
[controller_server-9] [INFO] [1790833925.901231940] [local_costmap.local_costmap]: 
[controller_server-9] 	local_costmap lifecycle node launched. 
[controller_server-9] 	Waiting on external lifecycle transitions to activate
[controller_server-9] 	See https://design.ros2.org/articles/node_lifecycle.html for more information.
[controller_server-9] [INFO] [1790833925.901506166] [local_costmap.local_costmap]: Creating Costmap
[waypoint_follower-15] [INFO] [1790833926.229051946] [waypoint_follower]: 
[waypoint_follower-15] 	waypoint_follower lifecycle node launched. 
[waypoint_follower-15] 	Waiting on external lifecycle transitions to activate
[waypoint_follower-15] 	See https://design.ros2.org/articles/node_lifecycle.html for more information.
[waypoint_follower-15] [INFO] [1790833926.231292293] [waypoint_follower]: Creating
[lifecycle_manager-19] [INFO] [1790833926.293734855] [lifecycle_manager_navigation]: [34m[1mStarting managed nodes bringup...[0m[0m
[lifecycle_manager-19] [INFO] [1790833926.293787625] [lifecycle_manager_navigation]: [34m[1mConfiguring controller_server[0m[0m
[controller_server-9] [INFO] [1790833926.353236176] [controller_server]: Configuring controller interface
[controller_server-9] [INFO] [1790833926.353281280] [controller_server]: getting progress checker plugins..
[controller_server-9] [INFO] [1790833926.353569633] [controller_server]: getting goal checker plugins..
[controller_server-9] [INFO] [1790833926.354231481] [controller_server]: Controller frequency set to 15.0000Hz
[controller_server-9] [INFO] [1790833926.354293732] [local_costmap.local_costmap]: Configuring
[controller_server-9] [INFO] [1790833926.366254638] [local_costmap.local_costmap]: Using plugin "static_layer"
[controller_server-9] [INFO] [1790833926.371259893] [local_costmap.local_costmap]: Subscribing to the map topic (/map) with transient local durability
[controller_server-9] [INFO] [1790833926.373450963] [local_costmap.local_costmap]: Initialized plugin "static_layer"
[controller_server-9] [INFO] [1790833926.373486430] [local_costmap.local_costmap]: Using plugin "voxel_layer"
[controller_server-9] [INFO] [1790833926.374557840] [local_costmap.local_costmap]: Subscribed to Topics: scan
[controller_server-9] [INFO] [1790833926.386179930] [local_costmap.local_costmap]: Initialized plugin "voxel_layer"
[controller_server-9] [INFO] [1790833926.386208670] [local_costmap.local_costmap]: Using plugin "inflation_layer"
[controller_server-9] [INFO] [1790833926.386704736] [local_costmap.local_costmap]: Initialized plugin "inflation_layer"
[controller_server-9] [INFO] [1790833926.404016344] [local_costmap.local_costmap]: StaticLayer: Resizing static layer to 193 X 180 at 0.100000 m/pix
[controller_server-9] [INFO] [1790833926.404175326] [controller_server]: Created progress_checker : progress_checker of type nav2_controller::SimpleProgressChecker
[controller_server-9] [INFO] [1790833926.404857558] [controller_server]: Controller Server has progress_checker  progress checkers available.
[controller_server-9] [INFO] [1790833926.405348193] [controller_server]: Created goal checker : general_goal_checker of type nav2_controller::SimpleGoalChecker
[controller_server-9] [INFO] [1790833926.405674263] [controller_server]: Controller Server has general_goal_checker  goal checkers available.
[controller_server-9] [INFO] [1790833926.407353184] [controller_server]: Created controller : FollowPath of type nav2_mppi_controller::MPPIController
[controller_server-9] [INFO] [1790833926.408489935] [controller_server]: Controller period is equal to model dt. Control sequence shifting is ON
[controller_server-9] [INFO] [1790833926.410662222] [controller_server]: ConstraintCritic instantiated with 1 power and 4.000000 weight.
[controller_server-9] [INFO] [1790833926.410687363] [controller_server]: Critic loaded : mppi::critics::ConstraintCritic
[controller_server-9] [INFO] [1790833926.411519272] [controller_server]: InflationCostCritic instantiated with 1 power and 300.000000 / 0.015000 weights. Critic will collision check based on footprint cost.
[controller_server-9] [INFO] [1790833926.411549895] [controller_server]: Critic loaded : mppi::critics::CostCritic
[controller_server-9] [INFO] [1790833926.411947022] [controller_server]: GoalCritic instantiated with 1 power and 5.000000 weight.
[controller_server-9] [INFO] [1790833926.411964869] [controller_server]: Critic loaded : mppi::critics::GoalCritic
[controller_server-9] [INFO] [1790833926.412398442] [controller_server]: GoalAngleCritic instantiated with 1 power, 3.000000 weight, 0.500000 angular threshold and symmetric_yaw_tolerance disabled
[controller_server-9] [INFO] [1790833926.412418192] [controller_server]: Critic loaded : mppi::critics::GoalAngleCritic
[controller_server-9] [INFO] [1790833926.413025880] [controller_server]: ReferenceTrajectoryCritic instantiated with 1 power and 20.000000 weight
[controller_server-9] [INFO] [1790833926.413050615] [controller_server]: Critic loaded : mppi::critics::PathAlignCritic
[controller_server-9] [INFO] [1790833926.413671715] [controller_server]: Critic loaded : mppi::critics::PathFollowCritic
[controller_server-9] [INFO] [1790833926.414901022] [controller_server]: PathAngleCritic instantiated with 1 power and 4.000000 weight. Mode set to: Forward Preference
[controller_server-9] [INFO] [1790833926.415006630] [controller_server]: Critic loaded : mppi::critics::PathAngleCritic
[controller_server-9] [INFO] [1790833926.415771779] [controller_server]: PreferForwardCritic instantiated with 1 power and 5.000000 weight.
[controller_server-9] [INFO] [1790833926.415814625] [controller_server]: Critic loaded : mppi::critics::PreferForwardCritic
[controller_server-9] [INFO] [1790833926.417275765] [controller_server]: Optimizer reset
[controller_server-9] [INFO] [1790833926.422489601] [MPPIController]: Configured MPPI Controller: FollowPath
[controller_server-9] [INFO] [1790833926.422541466] [controller_server]: Controller Server has FollowPath  controllers available.
[lifecycle_manager-19] [INFO] [1790833926.431083175] [lifecycle_manager_navigation]: [34m[1mConfiguring smoother_server[0m[0m
[smoother_server-10] [INFO] [1790833926.434301911] [smoother_server]: Configuring smoother server
[smoother_server-10] [INFO] [1790833926.447818855] [smoother_server]: Created smoother : simple_smoother of type nav2_smoother::SimpleSmoother
[smoother_server-10] [INFO] [1790833926.448242351] [smoother_server]: Smoother Server has simple_smoother  smoothers available.
[lifecycle_manager-19] [INFO] [1790833926.454041645] [lifecycle_manager_navigation]: [34m[1mConfiguring planner_server[0m[0m
[planner_server-11] [INFO] [1790833926.454347722] [planner_server]: Configuring
[planner_server-11] [INFO] [1790833926.454385632] [global_costmap.global_costmap]: Configuring
[planner_server-11] [INFO] [1790833926.460370766] [global_costmap.global_costmap]: Using plugin "static_layer"
[planner_server-11] [INFO] [1790833926.462901852] [global_costmap.global_costmap]: Subscribing to the map topic (/map) with transient local durability
[planner_server-11] [INFO] [1790833926.464996513] [global_costmap.global_costmap]: Initialized plugin "static_layer"
[planner_server-11] [INFO] [1790833926.465036062] [global_costmap.global_costmap]: Using plugin "obstacle_layer"
[planner_server-11] [INFO] [1790833926.465913809] [global_costmap.global_costmap]: Subscribed to Topics: scan
[planner_server-11] [INFO] [1790833926.469739013] [global_costmap.global_costmap]: Initialized plugin "obstacle_layer"
[planner_server-11] [INFO] [1790833926.469764035] [global_costmap.global_costmap]: Using plugin "inflation_layer"
[planner_server-11] [INFO] [1790833926.470199733] [global_costmap.global_costmap]: Initialized plugin "inflation_layer"
[planner_server-11] [INFO] [1790833926.485595282] [global_costmap.global_costmap]: StaticLayer: Resizing costmap to 193 X 180 at 0.100000 m/pix
[planner_server-11] [INFO] [1790833926.485977692] [planner_server]: Created global planner plugin GridBased of type nav2_navfn_planner::NavfnPlanner
[planner_server-11] [INFO] [1790833926.485993063] [planner_server]: Configuring plugin GridBased of type NavfnPlanner
[planner_server-11] [INFO] [1790833926.486403150] [planner_server]: Planner Server has GridBased  planners available.
[lifecycle_manager-19] [INFO] [1790833926.494412317] [lifecycle_manager_navigation]: [34m[1mConfiguring route_server[0m[0m
[route_server-12] [INFO] [1790833926.494602875] [route_server]: Configuring
[route_server-12] [INFO] [1790833926.517979911] [route_server]: Created GraphFileLoader GeoJsonGraphFileLoader of type nav2_route::GeoJsonGraphFileLoader
[route_server-12] [INFO] [1790833926.518019651] [route_server]: Configuring geojson graph file loader
[route_server-12] [INFO] [1790833926.518027721] [route_server]: No graph file provided to load yet.
[route_server-12] [INFO] [1790833926.519842367] [route_server]: Created edge cost function plugin DistanceScorer of type nav2_route::DistanceScorer
[route_server-12] [INFO] [1790833926.519864998] [route_server]: Configuring distance scorer.
[route_server-12] [INFO] [1790833926.519996152] [route_server]: Created edge cost function plugin DynamicEdgesScorer of type nav2_route::DynamicEdgesScorer
[route_server-12] [INFO] [1790833926.520005808] [route_server]: Configuring adjust edges scorer.
[route_server-12] [INFO] [1790833926.522547223] [route_server]: Created route operation AdjustSpeedLimit of type nav2_route::AdjustSpeedLimit
[route_server-12] [INFO] [1790833926.522570088] [route_server]: Configuring Adjust speed limit operation.
[route_server-12] [INFO] [1790833926.523303866] [route_server]: Created route operation ReroutingService of type nav2_route::ReroutingService
[route_server-12] [INFO] [1790833926.523328482] [route_server]: Configuring Rerouting service operation.
[lifecycle_manager-19] [INFO] [1790833926.528706012] [lifecycle_manager_navigation]: [34m[1mConfiguring behavior_server[0m[0m
[behavior_server-13] [INFO] [1790833926.528915517] [behavior_server]: Configuring
[behavior_server-13] [INFO] [1790833926.533789346] [behavior_server]: Creating behavior plugin spin of type nav2_behaviors::Spin
[behavior_server-13] [INFO] [1790833926.535603533] [behavior_server]: Creating behavior plugin backup of type nav2_behaviors::BackUp
[behavior_server-13] [INFO] [1790833926.536526370] [behavior_server]: Creating behavior plugin drive_on_heading of type nav2_behaviors::DriveOnHeading
[behavior_server-13] [INFO] [1790833926.537596338] [behavior_server]: Creating behavior plugin assisted_teleop of type nav2_behaviors::AssistedTeleop
[behavior_server-13] [INFO] [1790833926.539675541] [behavior_server]: Creating behavior plugin wait of type nav2_behaviors::Wait
[behavior_server-13] [INFO] [1790833926.546738099] [behavior_server]: Configuring spin
[behavior_server-13] [INFO] [1790833926.552180746] [behavior_server]: Configuring backup
[behavior_server-13] [INFO] [1790833926.557348481] [behavior_server]: Configuring drive_on_heading
[behavior_server-13] [INFO] [1790833926.560828701] [behavior_server]: Configuring assisted_teleop
[behavior_server-13] [INFO] [1790833926.566281970] [behavior_server]: Configuring wait
[lifecycle_manager-19] [INFO] [1790833926.569705091] [lifecycle_manager_navigation]: [34m[1mConfiguring velocity_smoother[0m[0m
[velocity_smoother-16] [INFO] [1790833926.569908505] [velocity_smoother]: Configuring velocity smoother
[lifecycle_manager-19] [INFO] [1790833926.575091851] [lifecycle_manager_navigation]: [34m[1mConfiguring collision_monitor[0m[0m
[collision_monitor-17] [INFO] [1790833926.575412103] [collision_monitor]: Configuring
[collision_monitor-17] [INFO] [1790833926.579633834] [collision_monitor]: [scan]: Creating Scan
[collision_monitor-17] [INFO] [1790833926.581954750] [collision_monitor]: [FootprintApproach]: Creating Polygon
[collision_monitor-17] [INFO] [1790833926.582940093] [collision_monitor]: [FootprintApproach]: Polygon points are not defined. Using dynamic subscription instead.
[collision_monitor-17] [INFO] [1790833926.583558601] [collision_monitor]: [FootprintApproach]: Making footprint subscriber on local_costmap/published_footprint topic
[lifecycle_manager-19] [INFO] [1790833926.594089011] [lifecycle_manager_navigation]: [34m[1mConfiguring bt_navigator[0m[0m
[bt_navigator-14] [INFO] [1790833926.594244210] [bt_navigator]: Configuring
[bt_navigator-14] [INFO] [1790833926.599060640] [bt_navigator]: Creating navigator id navigate_to_pose of type nav2_bt_navigator::NavigateToPoseNavigator
[bt_navigator-14] [INFO] [1790833926.662532698] [bt_navigator]: Creating navigator id navigate_through_poses of type nav2_bt_navigator::NavigateThroughPosesNavigator
[lifecycle_manager-19] [INFO] [1790833926.679868264] [lifecycle_manager_navigation]: [34m[1mConfiguring waypoint_follower[0m[0m
[waypoint_follower-15] [INFO] [1790833926.680021850] [waypoint_follower]: Configuring
[waypoint_follower-15] [INFO] [1790833926.697534150] [waypoint_follower]: Created waypoint_task_executor : wait_at_waypoint of type nav2_waypoint_follower::WaitAtWaypoint
[lifecycle_manager-19] [INFO] [1790833926.697996143] [lifecycle_manager_navigation]: [34m[1mConfiguring docking_server[0m[0m
[opennav_docking-18] [INFO] [1790833926.698138971] [docking_server]: Configuring docking_server
[opennav_docking-18] [INFO] [1790833926.698162670] [docking_server]: Controller frequency set to 50.0000Hz
[opennav_docking-18] [INFO] [1790833926.721619485] [docking_server]: Created charging dock plugin simple_charging_dock of type opennav_docking::SimpleChargingDock
[opennav_docking-18] [WARN] [1790833926.726099204] [docking_server]: Dock database filepath nor dock parameters set. Docking actions can only be executed specifying the dock pose via the action request. Or update the dock database via the reload_database service.
[opennav_docking-18] [INFO] [1790833926.726140701] [docking_server]: Docking Server has 1 dock types and 0 dock instances available.
[lifecycle_manager-19] [INFO] [1790833926.727649352] [lifecycle_manager_navigation]: [34m[1mActivating controller_server[0m[0m
[controller_server-9] [INFO] [1790833926.727825951] [controller_server]: Activating
[controller_server-9] [INFO] [1790833926.727852002] [local_costmap.local_costmap]: Activating
[controller_server-9] [INFO] [1790833926.727856761] [local_costmap.local_costmap]: Checking transform
[controller_server-9] [INFO] [1790833926.727945397] [local_costmap.local_costmap]: start
[controller_server-9] [WARN] [1790833926.978729350] [controller_server]: Parameter controller_server.verbose not found
[controller_server-9] [INFO] [1790833926.979328601] [controller_server]: Optimizer reset
[controller_server-9] [INFO] [1790833926.979485667] [MPPIController]: Activated MPPI Controller: FollowPath
[controller_server-9] [INFO] [1790833926.979511757] [controller_server]: Creating bond (controller_server) to lifecycle manager.
[lifecycle_manager-19] [INFO] [1790833927.083637620] [lifecycle_manager_navigation]: Server controller_server connected with bond.
[lifecycle_manager-19] [INFO] [1790833927.083689662] [lifecycle_manager_navigation]: [34m[1mActivating smoother_server[0m[0m
[smoother_server-10] [INFO] [1790833927.084155929] [smoother_server]: Activating
[smoother_server-10] [INFO] [1790833927.084208588] [smoother_server]: Creating bond (smoother_server) to lifecycle manager.
[lifecycle_manager-19] [INFO] [1790833927.188333380] [lifecycle_manager_navigation]: Server smoother_server connected with bond.
[lifecycle_manager-19] [INFO] [1790833927.188376139] [lifecycle_manager_navigation]: [34m[1mActivating planner_server[0m[0m
[planner_server-11] [INFO] [1790833927.188691151] [planner_server]: Activating
[planner_server-11] [INFO] [1790833927.188761326] [global_costmap.global_costmap]: Activating
[planner_server-11] [INFO] [1790833927.188782700] [global_costmap.global_costmap]: Checking transform
[planner_server-11] [INFO] [1790833927.188953781] [global_costmap.global_costmap]: start
[planner_server-11] [INFO] [1790833928.190250196] [planner_server]: Activating plugin GridBased of type NavfnPlanner
[planner_server-11] [INFO] [1790833928.192662647] [planner_server]: Creating bond (planner_server) to lifecycle manager.
[lifecycle_manager-19] [INFO] [1790833928.297430885] [lifecycle_manager_navigation]: Server planner_server connected with bond.
[lifecycle_manager-19] [INFO] [1790833928.297513566] [lifecycle_manager_navigation]: [34m[1mActivating route_server[0m[0m
[route_server-12] [INFO] [1790833928.298351401] [route_server]: Activating
[route_server-12] [INFO] [1790833928.298692422] [route_server]: Creating bond (route_server) to lifecycle manager.
[lifecycle_manager-19] [INFO] [1790833928.412235062] [lifecycle_manager_navigation]: Server route_server connected with bond.
[lifecycle_manager-19] [INFO] [1790833928.412283530] [lifecycle_manager_navigation]: [34m[1mActivating behavior_server[0m[0m
[behavior_server-13] [INFO] [1790833928.412677792] [behavior_server]: Activating
[behavior_server-13] [INFO] [1790833928.412699795] [behavior_server]: Activating spin
[behavior_server-13] [INFO] [1790833928.412707147] [behavior_server]: Activating backup
[behavior_server-13] [INFO] [1790833928.412712637] [behavior_server]: Activating drive_on_heading
[behavior_server-13] [INFO] [1790833928.412717881] [behavior_server]: Activating assisted_teleop
[behavior_server-13] [INFO] [1790833928.412723026] [behavior_server]: Activating wait
[behavior_server-13] [INFO] [1790833928.412731559] [behavior_server]: Creating bond (behavior_server) to lifecycle manager.
[lifecycle_manager-19] [INFO] [1790833928.521136269] [lifecycle_manager_navigation]: Server behavior_server connected with bond.
[lifecycle_manager-19] [INFO] [1790833928.521359001] [lifecycle_manager_navigation]: [34m[1mActivating velocity_smoother[0m[0m
[velocity_smoother-16] [INFO] [1790833928.521830703] [velocity_smoother]: Activating
[velocity_smoother-16] [INFO] [1790833928.521921683] [velocity_smoother]: Creating bond (velocity_smoother) to lifecycle manager.
[lifecycle_manager-19] [INFO] [1790833928.631713121] [lifecycle_manager_navigation]: Server velocity_smoother connected with bond.
[lifecycle_manager-19] [INFO] [1790833928.631754591] [lifecycle_manager_navigation]: [34m[1mActivating collision_monitor[0m[0m
[collision_monitor-17] [INFO] [1790833928.632022965] [collision_monitor]: Activating
[collision_monitor-17] [INFO] [1790833928.632051526] [collision_monitor]: Creating bond (collision_monitor) to lifecycle manager.
[lifecycle_manager-19] [INFO] [1790833928.739639669] [lifecycle_manager_navigation]: Server collision_monitor connected with bond.
[lifecycle_manager-19] [INFO] [1790833928.739758796] [lifecycle_manager_navigation]: [34m[1mActivating bt_navigator[0m[0m
[bt_navigator-14] [INFO] [1790833928.740755244] [bt_navigator]: Activating
[bt_navigator-14] [INFO] [1790833928.817813700] [bt_navigator]: Creating bond (bt_navigator) to lifecycle manager.
[lifecycle_manager-19] [INFO] [1790833928.924519824] [lifecycle_manager_navigation]: Server bt_navigator connected with bond.
[lifecycle_manager-19] [INFO] [1790833928.924625232] [lifecycle_manager_navigation]: [34m[1mActivating waypoint_follower[0m[0m
[waypoint_follower-15] [INFO] [1790833928.925544092] [waypoint_follower]: Activating
[waypoint_follower-15] [INFO] [1790833928.925658121] [waypoint_follower]: Creating bond (waypoint_follower) to lifecycle manager.
[lifecycle_manager-19] [INFO] [1790833929.039555086] [lifecycle_manager_navigation]: Server waypoint_follower connected with bond.
[lifecycle_manager-19] [INFO] [1790833929.039600892] [lifecycle_manager_navigation]: [34m[1mActivating docking_server[0m[0m
[opennav_docking-18] [INFO] [1790833929.040063268] [docking_server]: Activating docking_server
[opennav_docking-18] [INFO] [1790833929.049517620] [docking_server]: Creating bond (docking_server) to lifecycle manager.
[lifecycle_manager-19] [INFO] [1790833929.155547736] [lifecycle_manager_navigation]: Server docking_server connected with bond.
[lifecycle_manager-19] [INFO] [1790833929.155634628] [lifecycle_manager_navigation]: [34m[1mManaged nodes are active[0m[0m
[lifecycle_manager-19] [INFO] [1790833929.155656611] [lifecycle_manager_navigation]: [34m[1mCreating bond timer...[0m[0m
Nav2 active; kiem tra /clock lien tuc trong 5 giay...
[WARN] [1790833942.905708899] [rcl]: ROS_LOCALHOST_ONLY is deprecated but still honored if it is enabled. Use ROS_AUTOMATIC_DISCOVERY_RANGE and ROS_STATIC_PEERS instead.
[WARN] [1790833942.905735647] [rcl]: 'localhost_only' is enabled, 'automatic_discovery_range' and 'static_peers' will be ignored.
SLAM/Nav2 san sang; /clock on dinh, khong co buoc nhay lui trong 5 giay.

Starting MapEx on Hospital...
Command: /usr/bin/python3 /work/com1/turtlebot4_project_mx029/mapex_lab/scripts/mapex_run.py --run-id hpx_002 --environment hospital --runtime-profile hospital_slam
Run hoan tat se tu dong dung exploration, SLAM, Nav2 va Gazebo.
Nhan Ctrl+C mot lan neu muon dung som.

[WARN] [1790833948.898710269] [rcl]: ROS_LOCALHOST_ONLY is deprecated but still honored if it is enabled. Use ROS_AUTOMATIC_DISCOVERY_RANGE and ROS_STATIC_PEERS instead.
[WARN] [1790833948.898730474] [rcl]: 'localhost_only' is enabled, 'automatic_discovery_range' and 'static_peers' will be ignored.
[INFO] [1790833949.004347902] [mapex_explorer]: Loading official MapEx LaMa ensemble...
[INFO] [1790833958.168547613] [mapex_explorer]: MapEx Explorer started (config=/work/com1/turtlebot4_project_mx029/mapex_lab/config/mapex.yaml, commit=53636bd1c79153acc3c74a532837d78c926bae5e, grid=0.10 m, visibility=20.0 m/250 rays, epsilon=0.80, preferred min distance=1.00 m, near fallback=all-frontiers-close, shared execution=nf_basic)
[INFO] [1790833958.169209023] [mapex_explorer]: MapEx G1: /work/com1/mapex_weights/weights/lama_ensemble/train_1/models/best.ckpt
[INFO] [1790833958.169489619] [mapex_explorer]: MapEx G2: /work/com1/mapex_weights/weights/lama_ensemble/train_2/models/best.ckpt
[INFO] [1790833958.169751857] [mapex_explorer]: MapEx G3: /work/com1/mapex_weights/weights/lama_ensemble/train_3/models/best.ckpt
[WARN] [1790833961.928295393] [mapex_explorer]: MAPEX RECORDING: env=hospital, profile=hospital_slam, output=/work/com1/turtlebot4_project_mx029/mapex_lab/experiments/mapex/hpx_002
[WARN] [1790833964.989511708] [mapex_explorer]: MAPEX READY: Nav2 stable for >= 3.0s; benchmark clock will start at first frontier decision
[INFO] [1790833966.678307534] [mapex_explorer]: All current MapEx frontier representatives are closer than 1.00 m; enabling near-frontier fallback.
[INFO] [1790833966.680041589] [mapex_explorer]: MapEx decision 1: selected x=0.88, y=0.21, IG=315.060852, distance=0.91 m, score=348.013789, region=593, candidates=1, near_fallback=True, compute=1.69 s
[bt_navigator-14] [INFO] [1790833966.788844920] [bt_navigator]: Begin navigating from current location (0.00, -0.00) to (0.88, 0.21)
[controller_server-9] [INFO] [1790833966.812428985] [controller_server]: Received a goal, begin computing control effort.
[controller_server-9] [WARN] [1790833966.812498112] [controller_server]: No goal checker was specified in parameter 'current_goal_checker'. Server will use only plugin loaded general_goal_checker . This warning will appear once.
[controller_server-9] [WARN] [1790833966.812514829] [controller_server]: No progress checker was specified in parameter 'current_progress_checker'. Server will use only plugin loaded progress_checker . This warning will appear once.
[INFO] [1790833966.826355675] [mapex_explorer]: Main goal accepted
[parameter_bridge-2] [INFO] [1790833966.854275818] [bridge_ros_gz]: Passing message from ROS geometry_msgs/msg/Twist to Gazebo gz.msgs.Twist (showing msg only once per type)
[INFO] [1790833966.899078916] [mapex_explorer]: Main /plan diagnostic: poses=17, endpoint=(0.88, 0.21), frontier=(0.88, 0.21), endpoint_to_frontier=0.000 m, limit=0.10 m -> usable
[INFO] [1790833967.826171516] [mapex_explorer]: Main /plan diagnostic: poses=14, endpoint=(0.88, 0.21), frontier=(0.88, 0.21), endpoint_to_frontier=0.000 m, limit=0.10 m -> usable
[controller_server-9] [INFO] [1790833967.880568667] [controller_server]: Passing new path to controller.
[controller_server-9] [INFO] [1790833968.328158576] [local_costmap.local_costmap]: StaticLayer: Resizing static layer to 193 X 181 at 0.100000 m/pix
[INFO] [1790833968.856252886] [mapex_explorer]: Main /plan diagnostic: poses=10, endpoint=(0.88, 0.21), frontier=(0.88, 0.21), endpoint_to_frontier=0.000 m, limit=0.10 m -> usable
[controller_server-9] [INFO] [1790833968.880557058] [controller_server]: Passing new path to controller.
[controller_server-9] [INFO] [1790833969.148529891] [controller_server]: Reached the goal!
[controller_server-9] [INFO] [1790833969.149108672] [controller_server]: Optimizer reset
[bt_navigator-14] [INFO] [1790833969.159335188] [bt_navigator]: Goal succeeded
[INFO] [1790833969.161782179] [mapex_explorer]: Goal reached
[planner_server-11] [INFO] [1790833969.189169291] [global_costmap.global_costmap]: StaticLayer: Resizing costmap to 193 X 181 at 0.100000 m/pix
[controller_server-9] [INFO] [1790833969.328170818] [local_costmap.local_costmap]: StaticLayer: Resizing static layer to 193 X 182 at 0.100000 m/pix
[planner_server-11] [INFO] [1790833970.189146328] [global_costmap.global_costmap]: StaticLayer: Resizing costmap to 193 X 182 at 0.100000 m/pix
[INFO] [1790833976.109667051] [mapex_explorer]: MapEx decision 2: selected x=5.37, y=-2.29, IG=39.408051, distance=5.37 m, score=7.339833, region=14, candidates=17, near_fallback=False, compute=6.12 s
[bt_navigator-14] [INFO] [1790833976.110598043] [bt_navigator]: Begin navigating from current location (0.56, 0.09) to (5.37, -2.29)
[controller_server-9] [INFO] [1790833976.131263203] [controller_server]: Received a goal, begin computing control effort.
[INFO] [1790833976.213772480] [mapex_explorer]: Main goal accepted
[INFO] [1790833976.356188069] [mapex_explorer]: Main /plan diagnostic: poses=108, endpoint=(5.37, -2.29), frontier=(5.37, -2.29), endpoint_to_frontier=0.000 m, limit=0.10 m -> usable
[controller_server-9] [INFO] [1790833977.198103260] [controller_server]: Passing new path to controller.
[INFO] [1790833977.222062174] [mapex_explorer]: Main /plan diagnostic: poses=103, endpoint=(5.37, -2.29), frontier=(5.37, -2.29), endpoint_to_frontier=0.000 m, limit=0.10 m -> usable
[controller_server-9] [INFO] [1790833977.328335829] [local_costmap.local_costmap]: StaticLayer: Resizing static layer to 193 X 191 at 0.100000 m/pix
[INFO] [1790833978.175520643] [mapex_explorer]: Main /plan diagnostic: poses=94, endpoint=(5.37, -2.29), frontier=(5.37, -2.29), endpoint_to_frontier=0.000 m, limit=0.10 m -> usable
[planner_server-11] [INFO] [1790833978.189148015] [global_costmap.global_costmap]: StaticLayer: Resizing costmap to 193 X 191 at 0.100000 m/pix
[controller_server-9] [INFO] [1790833978.198108868] [controller_server]: Passing new path to controller.
[controller_server-9] [INFO] [1790833978.328103057] [local_costmap.local_costmap]: StaticLayer: Resizing static layer to 193 X 197 at 0.100000 m/pix
[INFO] [1790833979.188406845] [mapex_explorer]: Main /plan diagnostic: poses=85, endpoint=(5.37, -2.29), frontier=(5.37, -2.29), endpoint_to_frontier=0.000 m, limit=0.10 m -> usable
[planner_server-11] [INFO] [1790833979.189166614] [global_costmap.global_costmap]: StaticLayer: Resizing costmap to 193 X 197 at 0.100000 m/pix
[controller_server-9] [INFO] [1790833979.264729487] [controller_server]: Passing new path to controller.
[controller_server-9] [INFO] [1790833979.328727413] [local_costmap.local_costmap]: StaticLayer: Resizing static layer to 204 X 215 at 0.100000 m/pix
[planner_server-11] [INFO] [1790833980.189124427] [global_costmap.global_costmap]: StaticLayer: Resizing costmap to 204 X 215 at 0.100000 m/pix
[INFO] [1790833980.214503545] [mapex_explorer]: Main /plan diagnostic: poses=74, endpoint=(5.37, -2.29), frontier=(5.37, -2.29), endpoint_to_frontier=0.000 m, limit=0.10 m -> usable
[controller_server-9] [INFO] [1790833980.264743790] [controller_server]: Passing new path to controller.
[controller_server-9] [INFO] [1790833980.328106083] [local_costmap.local_costmap]: StaticLayer: Resizing static layer to 209 X 228 at 0.100000 m/pix
[planner_server-11] [INFO] [1790833981.189109640] [global_costmap.global_costmap]: StaticLayer: Resizing costmap to 209 X 228 at 0.100000 m/pix
[INFO] [1790833981.249165862] [mapex_explorer]: Main /plan diagnostic: poses=65, endpoint=(5.37, -2.29), frontier=(5.37, -2.29), endpoint_to_frontier=0.000 m, limit=0.10 m -> usable
[controller_server-9] [INFO] [1790833981.264732990] [controller_server]: Passing new path to controller.
[controller_server-9] [INFO] [1790833981.328144916] [local_costmap.local_costmap]: StaticLayer: Resizing static layer to 213 X 236 at 0.100000 m/pix
[planner_server-11] [INFO] [1790833982.189161232] [global_costmap.global_costmap]: StaticLayer: Resizing costmap to 213 X 236 at 0.100000 m/pix
[INFO] [1790833982.295485030] [mapex_explorer]: Main /plan diagnostic: poses=55, endpoint=(5.37, -2.29), frontier=(5.37, -2.29), endpoint_to_frontier=0.000 m, limit=0.10 m -> usable
[controller_server-9] [INFO] [1790833982.328099203] [local_costmap.local_costmap]: StaticLayer: Resizing static layer to 213 X 236 at 0.100000 m/pix
[controller_server-9] [INFO] [1790833982.331401289] [controller_server]: Passing new path to controller.
[planner_server-11] [INFO] [1790833983.189099456] [global_costmap.global_costmap]: StaticLayer: Resizing costmap to 213 X 236 at 0.100000 m/pix
[INFO] [1790833983.274037269] [mapex_explorer]: Main /plan diagnostic: poses=46, endpoint=(5.37, -2.29), frontier=(5.37, -2.29), endpoint_to_frontier=0.000 m, limit=0.10 m -> usable
[controller_server-9] [INFO] [1790833983.328095286] [local_costmap.local_costmap]: StaticLayer: Resizing static layer to 213 X 236 at 0.100000 m/pix
[controller_server-9] [INFO] [1790833983.331400774] [controller_server]: Passing new path to controller.
[planner_server-11] [INFO] [1790833984.189111310] [global_costmap.global_costmap]: StaticLayer: Resizing costmap to 213 X 236 at 0.100000 m/pix
[INFO] [1790833984.309005904] [mapex_explorer]: Main /plan diagnostic: poses=36, endpoint=(5.37, -2.29), frontier=(5.37, -2.29), endpoint_to_frontier=0.000 m, limit=0.10 m -> usable
[controller_server-9] [INFO] [1790833984.328125057] [local_costmap.local_costmap]: StaticLayer: Resizing static layer to 217 X 236 at 0.100000 m/pix
[controller_server-9] [INFO] [1790833984.331403687] [controller_server]: Passing new path to controller.
[planner_server-11] [INFO] [1790833985.189096566] [global_costmap.global_costmap]: StaticLayer: Resizing costmap to 217 X 236 at 0.100000 m/pix
[controller_server-9] [INFO] [1790833985.328117085] [local_costmap.local_costmap]: StaticLayer: Resizing static layer to 222 X 236 at 0.100000 m/pix
[INFO] [1790833985.349923823] [mapex_explorer]: Main /plan diagnostic: poses=25, endpoint=(5.37, -2.29), frontier=(5.37, -2.29), endpoint_to_frontier=0.000 m, limit=0.10 m -> usable
[controller_server-9] [INFO] [1790833985.398104966] [controller_server]: Passing new path to controller.
[planner_server-11] [INFO] [1790833986.189110356] [global_costmap.global_costmap]: StaticLayer: Resizing costmap to 222 X 236 at 0.100000 m/pix
[controller_server-9] [INFO] [1790833986.328126864] [local_costmap.local_costmap]: StaticLayer: Resizing static layer to 226 X 236 at 0.100000 m/pix
[INFO] [1790833986.353566116] [mapex_explorer]: Main /plan diagnostic: poses=16, endpoint=(5.37, -2.29), frontier=(5.37, -2.29), endpoint_to_frontier=0.000 m, limit=0.10 m -> usable
[controller_server-9] [INFO] [1790833986.398074048] [controller_server]: Passing new path to controller.
[planner_server-11] [INFO] [1790833987.189097270] [global_costmap.global_costmap]: StaticLayer: Resizing costmap to 226 X 236 at 0.100000 m/pix
[controller_server-9] [INFO] [1790833987.328097701] [local_costmap.local_costmap]: StaticLayer: Resizing static layer to 230 X 236 at 0.100000 m/pix
[INFO] [1790833987.383432500] [mapex_explorer]: Main /plan diagnostic: poses=10, endpoint=(5.37, -2.29), frontier=(5.37, -2.29), endpoint_to_frontier=0.000 m, limit=0.10 m -> usable
[controller_server-9] [INFO] [1790833987.464729491] [controller_server]: Passing new path to controller.
[controller_server-9] [INFO] [1790833988.067546482] [controller_server]: Reached the goal!
[controller_server-9] [INFO] [1790833988.067804400] [controller_server]: Optimizer reset
[bt_navigator-14] [INFO] [1790833988.090802108] [bt_navigator]: Goal succeeded
[INFO] [1790833988.092494526] [mapex_explorer]: Goal reached
[planner_server-11] [INFO] [1790833988.189135535] [global_costmap.global_costmap]: StaticLayer: Resizing costmap to 230 X 236 at 0.100000 m/pix
[controller_server-9] [INFO] [1790833988.328154679] [local_costmap.local_costmap]: StaticLayer: Resizing static layer to 233 X 236 at 0.100000 m/pix
[planner_server-11] [INFO] [1790833989.189120438] [global_costmap.global_costmap]: StaticLayer: Resizing costmap to 233 X 236 at 0.100000 m/pix
[controller_server-9] [INFO] [1790833989.328099845] [local_costmap.local_costmap]: StaticLayer: Resizing static layer to 234 X 236 at 0.100000 m/pix
[planner_server-11] [INFO] [1790833990.189135874] [global_costmap.global_costmap]: StaticLayer: Resizing costmap to 234 X 236 at 0.100000 m/pix
[INFO] [1790833992.644012180] [mapex_explorer]: MapEx decision 3: selected x=-1.74, y=-9.32, IG=106.392227, distance=9.99 m, score=10.649371, region=371, candidates=13, near_fallback=False, compute=3.65 s
[bt_navigator-14] [INFO] [1790833992.645408960] [bt_navigator]: Begin navigating from current location (5.13, -2.07) to (-1.74, -9.32)
[controller_server-9] [INFO] [1790833992.666176721] [controller_server]: Received a goal, begin computing control effort.
[INFO] [1790833992.820277469] [mapex_explorer]: Main goal accepted
[INFO] [1790833992.834949979] [mapex_explorer]: Main /plan diagnostic: poses=209, endpoint=(-1.74, -9.32), frontier=(-1.74, -9.32), endpoint_to_frontier=0.000 m, limit=0.10 m -> usable
[INFO] [1790833993.697693338] [mapex_explorer]: Main /plan diagnostic: poses=209, endpoint=(-1.74, -9.32), frontier=(-1.74, -9.32), endpoint_to_frontier=0.000 m, limit=0.10 m -> usable
[controller_server-9] [INFO] [1790833993.732991736] [controller_server]: Passing new path to controller.
[INFO] [1790833994.727995717] [mapex_explorer]: Main /plan diagnostic: poses=206, endpoint=(-1.74, -9.32), frontier=(-1.74, -9.32), endpoint_to_frontier=0.000 m, limit=0.10 m -> usable
[controller_server-9] [INFO] [1790833994.732988623] [controller_server]: Passing new path to controller.
[controller_server-9] [INFO] [1790833995.328143088] [local_costmap.local_costmap]: StaticLayer: Resizing static layer to 239 X 236 at 0.100000 m/pix
[INFO] [1790833995.748939355] [mapex_explorer]: Main /plan diagnostic: poses=199, endpoint=(-1.74, -9.32), frontier=(-1.74, -9.32), endpoint_to_frontier=0.000 m, limit=0.10 m -> usable
[controller_server-9] [INFO] [1790833995.799939877] [controller_server]: Passing new path to controller.
[planner_server-11] [INFO] [1790833996.189131060] [global_costmap.global_costmap]: StaticLayer: Resizing costmap to 239 X 236 at 0.100000 m/pix
[INFO] [1790833996.776385733] [mapex_explorer]: Main /plan diagnostic: poses=186, endpoint=(-1.74, -9.32), frontier=(-1.74, -9.32), endpoint_to_frontier=0.000 m, limit=0.10 m -> usable
[controller_server-9] [INFO] [1790833996.799630452] [controller_server]: Passing new path to controller.
[INFO] [1790833997.797064048] [mapex_explorer]: Main /plan diagnostic: poses=178, endpoint=(-1.74, -9.32), frontier=(-1.74, -9.32), endpoint_to_frontier=0.000 m, limit=0.10 m -> usable
[controller_server-9] [INFO] [1790833997.866346890] [controller_server]: Passing new path to controller.
[INFO] [1790833998.812332239] [mapex_explorer]: Main /plan diagnostic: poses=168, endpoint=(-1.74, -9.32), frontier=(-1.74, -9.32), endpoint_to_frontier=0.000 m, limit=0.10 m -> usable
[controller_server-9] [INFO] [1790833998.866359278] [controller_server]: Passing new path to controller.
[controller_server-9] [INFO] [1790833999.328101035] [local_costmap.local_costmap]: StaticLayer: Resizing static layer to 241 X 236 at 0.100000 m/pix
[controller_server-9] [INFO] [1790833999.866321745] [controller_server]: Passing new path to controller.
[INFO] [1790833999.874360150] [mapex_explorer]: Main /plan diagnostic: poses=158, endpoint=(-1.74, -9.32), frontier=(-1.74, -9.32), endpoint_to_frontier=0.000 m, limit=0.10 m -> usable
[planner_server-11] [INFO] [1790834000.189104642] [global_costmap.global_costmap]: StaticLayer: Resizing costmap to 241 X 236 at 0.100000 m/pix
[controller_server-9] [INFO] [1790834000.328169048] [local_costmap.local_costmap]: StaticLayer: Resizing static layer to 247 X 236 at 0.100000 m/pix
[INFO] [1790834000.904742429] [mapex_explorer]: Main /plan diagnostic: poses=146, endpoint=(-1.74, -9.32), frontier=(-1.74, -9.32), endpoint_to_frontier=0.000 m, limit=0.10 m -> usable
[controller_server-9] [INFO] [1790834000.932992706] [controller_server]: Passing new path to controller.
[planner_server-11] [INFO] [1790834001.189147859] [global_costmap.global_costmap]: StaticLayer: Resizing costmap to 247 X 236 at 0.100000 m/pix
[controller_server-9] [INFO] [1790834001.328093485] [local_costmap.local_costmap]: StaticLayer: Resizing static layer to 248 X 236 at 0.100000 m/pix
[INFO] [1790834001.913210713] [mapex_explorer]: Main /plan diagnostic: poses=137, endpoint=(-1.74, -9.32), frontier=(-1.74, -9.32), endpoint_to_frontier=0.000 m, limit=0.10 m -> usable
[controller_server-9] [INFO] [1790834001.932997275] [controller_server]: Passing new path to controller.
[planner_server-11] [INFO] [1790834002.189154880] [global_costmap.global_costmap]: StaticLayer: Resizing costmap to 248 X 236 at 0.100000 m/pix
[controller_server-9] [INFO] [1790834002.328208652] [local_costmap.local_costmap]: StaticLayer: Resizing static layer to 254 X 236 at 0.100000 m/pix
[INFO] [1790834002.933367242] [mapex_explorer]: Main /plan diagnostic: poses=128, endpoint=(-1.74, -9.32), frontier=(-1.74, -9.32), endpoint_to_frontier=0.000 m, limit=0.10 m -> usable
[controller_server-9] [INFO] [1790834002.933021718] [controller_server]: Passing new path to controller.
[planner_server-11] [INFO] [1790834003.189124046] [global_costmap.global_costmap]: StaticLayer: Resizing costmap to 254 X 236 at 0.100000 m/pix
[controller_server-9] [INFO] [1790834003.328141534] [local_costmap.local_costmap]: StaticLayer: Resizing static layer to 254 X 236 at 0.100000 m/pix
[INFO] [1790834003.963903443] [mapex_explorer]: Main /plan diagnostic: poses=117, endpoint=(-1.74, -9.32), frontier=(-1.74, -9.32), endpoint_to_frontier=0.000 m, limit=0.10 m -> usable
[controller_server-9] [INFO] [1790834003.999637258] [controller_server]: Passing new path to controller.
[planner_server-11] [INFO] [1790834004.189126756] [global_costmap.global_costmap]: StaticLayer: Resizing costmap to 254 X 236 at 0.100000 m/pix
[controller_server-9] [INFO] [1790834004.328159223] [local_costmap.local_costmap]: StaticLayer: Resizing static layer to 254 X 236 at 0.100000 m/pix
[controller_server-9] [INFO] [1790834004.999633897] [controller_server]: Passing new path to controller.
[INFO] [1790834005.017229229] [mapex_explorer]: Main /plan diagnostic: poses=108, endpoint=(-1.74, -9.32), frontier=(-1.74, -9.32), endpoint_to_frontier=0.000 m, limit=0.10 m -> usable
[planner_server-11] [INFO] [1790834005.189120640] [global_costmap.global_costmap]: StaticLayer: Resizing costmap to 254 X 236 at 0.100000 m/pix
[INFO] [1790834005.983516842] [mapex_explorer]: Main /plan diagnostic: poses=98, endpoint=(-1.74, -9.32), frontier=(-1.74, -9.32), endpoint_to_frontier=0.000 m, limit=0.10 m -> usable
[controller_server-9] [INFO] [1790834005.999644148] [controller_server]: Passing new path to controller.
[controller_server-9] [INFO] [1790834006.328096935] [local_costmap.local_costmap]: StaticLayer: Resizing static layer to 254 X 236 at 0.100000 m/pix
[INFO] [1790834007.030529660] [mapex_explorer]: Main /plan diagnostic: poses=87, endpoint=(-1.74, -9.32), frontier=(-1.74, -9.32), endpoint_to_frontier=0.000 m, limit=0.10 m -> usable
[controller_server-9] [INFO] [1790834007.066323679] [controller_server]: Passing new path to controller.
[planner_server-11] [INFO] [1790834007.189102434] [global_costmap.global_costmap]: StaticLayer: Resizing costmap to 254 X 236 at 0.100000 m/pix
[INFO] [1790834008.054598740] [mapex_explorer]: Main /plan diagnostic: poses=79, endpoint=(-1.74, -9.32), frontier=(-1.74, -9.32), endpoint_to_frontier=0.000 m, limit=0.10 m -> usable
[controller_server-9] [INFO] [1790834008.066553520] [controller_server]: Passing new path to controller.
[INFO] [1790834009.074134346] [mapex_explorer]: Main /plan diagnostic: poses=68, endpoint=(-1.74, -9.32), frontier=(-1.74, -9.32), endpoint_to_frontier=0.000 m, limit=0.10 m -> usable
[controller_server-9] [INFO] [1790834009.133123491] [controller_server]: Passing new path to controller.
[controller_server-9] [INFO] [1790834009.328125788] [local_costmap.local_costmap]: StaticLayer: Resizing static layer to 254 X 236 at 0.100000 m/pix
[INFO] [1790834010.109572151] [mapex_explorer]: Main /plan diagnostic: poses=56, endpoint=(-1.74, -9.32), frontier=(-1.74, -9.32), endpoint_to_frontier=0.000 m, limit=0.10 m -> usable
[controller_server-9] [INFO] [1790834010.133061735] [controller_server]: Passing new path to controller.
[planner_server-11] [INFO] [1790834010.189089586] [global_costmap.global_costmap]: StaticLayer: Resizing costmap to 254 X 236 at 0.100000 m/pix
[INFO] [1790834011.114573681] [mapex_explorer]: Main /plan diagnostic: poses=48, endpoint=(-1.74, -9.32), frontier=(-1.74, -9.32), endpoint_to_frontier=0.000 m, limit=0.10 m -> usable
[controller_server-9] [INFO] [1790834011.132997745] [controller_server]: Passing new path to controller.
[controller_server-9] [INFO] [1790834011.328094380] [local_costmap.local_costmap]: StaticLayer: Resizing static layer to 254 X 236 at 0.100000 m/pix
[INFO] [1790834012.145580487] [mapex_explorer]: Main /plan diagnostic: poses=38, endpoint=(-1.74, -9.32), frontier=(-1.74, -9.32), endpoint_to_frontier=0.000 m, limit=0.10 m -> usable
[planner_server-11] [INFO] [1790834012.189107882] [global_costmap.global_costmap]: StaticLayer: Resizing costmap to 254 X 236 at 0.100000 m/pix
[controller_server-9] [INFO] [1790834012.199634391] [controller_server]: Passing new path to controller.
[controller_server-9] [INFO] [1790834012.328145326] [local_costmap.local_costmap]: StaticLayer: Resizing static layer to 254 X 236 at 0.100000 m/pix
[INFO] [1790834013.184707272] [mapex_explorer]: Main /plan diagnostic: poses=27, endpoint=(-1.74, -9.32), frontier=(-1.74, -9.32), endpoint_to_frontier=0.000 m, limit=0.10 m -> usable
[planner_server-11] [INFO] [1790834013.189128174] [global_costmap.global_costmap]: StaticLayer: Resizing costmap to 254 X 236 at 0.100000 m/pix
[controller_server-9] [INFO] [1790834013.199633626] [controller_server]: Passing new path to controller.
[INFO] [1790834014.211881174] [mapex_explorer]: Main /plan diagnostic: poses=19, endpoint=(-1.74, -9.32), frontier=(-1.74, -9.32), endpoint_to_frontier=0.000 m, limit=0.10 m -> usable
[controller_server-9] [INFO] [1790834014.266325870] [controller_server]: Passing new path to controller.
[INFO] [1790834015.262155713] [mapex_explorer]: Main /plan diagnostic: poses=11, endpoint=(-1.74, -9.32), frontier=(-1.74, -9.32), endpoint_to_frontier=0.000 m, limit=0.10 m -> usable
[controller_server-9] [INFO] [1790834015.266339827] [controller_server]: Passing new path to controller.
[controller_server-9] [INFO] [1790834016.067839617] [controller_server]: Reached the goal!
[controller_server-9] [INFO] [1790834016.067956014] [controller_server]: Optimizer reset
[bt_navigator-14] [INFO] [1790834016.095762763] [bt_navigator]: Goal succeeded
[INFO] [1790834016.102770863] [mapex_explorer]: Goal reached
[INFO] [1790834020.495966885] [mapex_explorer]: MapEx decision 4: selected x=-6.08, y=-6.35, IG=60.962700, distance=5.28 m, score=11.539648, region=32, candidates=13, near_fallback=False, compute=3.50 s
[bt_navigator-14] [INFO] [1790834020.498388423] [bt_navigator]: Begin navigating from current location (-1.54, -9.04) to (-6.08, -6.35)
[controller_server-9] [INFO] [1790834020.519001591] [controller_server]: Received a goal, begin computing control effort.
[INFO] [1790834020.676498290] [mapex_explorer]: Main goal accepted
[INFO] [1790834020.784699302] [mapex_explorer]: Main /plan diagnostic: poses=241, endpoint=(-6.08, -6.35), frontier=(-6.08, -6.35), endpoint_to_frontier=0.000 m, limit=0.10 m -> usable
[INFO] [1790834021.555602317] [mapex_explorer]: Main /plan diagnostic: poses=237, endpoint=(-6.08, -6.35), frontier=(-6.08, -6.35), endpoint_to_frontier=0.000 m, limit=0.10 m -> usable
[controller_server-9] [INFO] [1790834021.585802296] [controller_server]: Passing new path to controller.
[INFO] [1790834022.583297137] [mapex_explorer]: Main /plan diagnostic: poses=230, endpoint=(-6.08, -6.35), frontier=(-6.08, -6.35), endpoint_to_frontier=0.000 m, limit=0.10 m -> usable
[controller_server-9] [INFO] [1790834022.586234714] [controller_server]: Passing new path to controller.
[INFO] [1790834023.597672745] [mapex_explorer]: Main /plan diagnostic: poses=222, endpoint=(-6.08, -6.35), frontier=(-6.08, -6.35), endpoint_to_frontier=0.000 m, limit=0.10 m -> usable
[controller_server-9] [INFO] [1790834023.652497673] [controller_server]: Passing new path to controller.
[INFO] [1790834024.638759408] [mapex_explorer]: Main /plan diagnostic: poses=216, endpoint=(-6.08, -6.35), frontier=(-6.08, -6.35), endpoint_to_frontier=0.000 m, limit=0.10 m -> usable
[controller_server-9] [INFO] [1790834024.652460961] [controller_server]: Passing new path to controller.
[INFO] [1790834025.685427954] [mapex_explorer]: Main /plan diagnostic: poses=209, endpoint=(-6.08, -6.35), frontier=(-6.08, -6.35), endpoint_to_frontier=0.000 m, limit=0.10 m -> usable
[controller_server-9] [INFO] [1790834025.719133501] [controller_server]: Passing new path to controller.
[INFO] [1790834026.706240188] [mapex_explorer]: Main /plan diagnostic: poses=203, endpoint=(-6.08, -6.35), frontier=(-6.08, -6.35), endpoint_to_frontier=0.000 m, limit=0.10 m -> usable
[controller_server-9] [INFO] [1790834026.719142589] [controller_server]: Passing new path to controller.
[controller_server-9] [INFO] [1790834027.719125287] [controller_server]: Passing new path to controller.
[INFO] [1790834027.723504847] [mapex_explorer]: Main /plan diagnostic: poses=203, endpoint=(-6.08, -6.35), frontier=(-6.08, -6.35), endpoint_to_frontier=0.000 m, limit=0.10 m -> usable
[INFO] [1790834028.727916156] [mapex_explorer]: Main /plan diagnostic: poses=201, endpoint=(-6.08, -6.35), frontier=(-6.08, -6.35), endpoint_to_frontier=0.000 m, limit=0.10 m -> usable
[controller_server-9] [INFO] [1790834028.785791593] [controller_server]: Passing new path to controller.
[INFO] [1790834029.751463075] [mapex_explorer]: Main /plan diagnostic: poses=196, endpoint=(-6.08, -6.35), frontier=(-6.08, -6.35), endpoint_to_frontier=0.000 m, limit=0.10 m -> usable
[controller_server-9] [INFO] [1790834029.785803442] [controller_server]: Passing new path to controller.
[INFO] [1790834030.770462661] [mapex_explorer]: Main /plan diagnostic: poses=187, endpoint=(-6.08, -6.35), frontier=(-6.08, -6.35), endpoint_to_frontier=0.000 m, limit=0.10 m -> usable
[controller_server-9] [INFO] [1790834030.785810192] [controller_server]: Passing new path to controller.
[INFO] [1790834031.808504683] [mapex_explorer]: Main /plan diagnostic: poses=179, endpoint=(-6.08, -6.35), frontier=(-6.08, -6.35), endpoint_to_frontier=0.000 m, limit=0.10 m -> usable
[controller_server-9] [INFO] [1790834031.852472959] [controller_server]: Passing new path to controller.
[INFO] [1790834032.826024384] [mapex_explorer]: Main /plan diagnostic: poses=168, endpoint=(-6.08, -6.35), frontier=(-6.08, -6.35), endpoint_to_frontier=0.000 m, limit=0.10 m -> usable
[controller_server-9] [INFO] [1790834032.852485490] [controller_server]: Passing new path to controller.
[INFO] [1790834033.837318626] [mapex_explorer]: Main /plan diagnostic: poses=159, endpoint=(-6.08, -6.35), frontier=(-6.08, -6.35), endpoint_to_frontier=0.000 m, limit=0.10 m -> usable
[controller_server-9] [INFO] [1790834033.852480079] [controller_server]: Passing new path to controller.
[INFO] [1790834034.864879951] [mapex_explorer]: Main /plan diagnostic: poses=148, endpoint=(-6.08, -6.35), frontier=(-6.08, -6.35), endpoint_to_frontier=0.000 m, limit=0.10 m -> usable
[controller_server-9] [INFO] [1790834034.919116068] [controller_server]: Passing new path to controller.
[controller_server-9] [INFO] [1790834035.328118976] [local_costmap.local_costmap]: StaticLayer: Resizing static layer to 254 X 236 at 0.100000 m/pix
[INFO] [1790834035.876079037] [mapex_explorer]: Main /plan diagnostic: poses=137, endpoint=(-6.08, -6.35), frontier=(-6.08, -6.35), endpoint_to_frontier=0.000 m, limit=0.10 m -> usable
[controller_server-9] [INFO] [1790834035.919125464] [controller_server]: Passing new path to controller.
[planner_server-11] [INFO] [1790834036.189158365] [global_costmap.global_costmap]: StaticLayer: Resizing costmap to 254 X 236 at 0.100000 m/pix
[controller_server-9] [INFO] [1790834036.328148157] [local_costmap.local_costmap]: StaticLayer: Resizing static layer to 254 X 236 at 0.100000 m/pix
[INFO] [1790834036.908557716] [mapex_explorer]: Main /plan diagnostic: poses=128, endpoint=(-6.08, -6.35), frontier=(-6.08, -6.35), endpoint_to_frontier=0.000 m, limit=0.10 m -> usable
[controller_server-9] [INFO] [1790834036.985809948] [controller_server]: Passing new path to controller.
[planner_server-11] [INFO] [1790834037.189110976] [global_costmap.global_costmap]: StaticLayer: Resizing costmap to 254 X 236 at 0.100000 m/pix
[controller_server-9] [INFO] [1790834037.985792709] [controller_server]: Passing new path to controller.
[INFO] [1790834037.989276268] [mapex_explorer]: Main /plan diagnostic: poses=118, endpoint=(-6.08, -6.35), frontier=(-6.08, -6.35), endpoint_to_frontier=0.000 m, limit=0.10 m -> usable
[INFO] [1790834038.969113613] [mapex_explorer]: Main /plan diagnostic: poses=108, endpoint=(-6.08, -6.35), frontier=(-6.08, -6.35), endpoint_to_frontier=0.000 m, limit=0.10 m -> usable
[controller_server-9] [INFO] [1790834038.985813035] [controller_server]: Passing new path to controller.
[INFO] [1790834039.992443496] [mapex_explorer]: Main /plan diagnostic: poses=99, endpoint=(-6.08, -6.35), frontier=(-6.08, -6.35), endpoint_to_frontier=0.000 m, limit=0.10 m -> usable
[controller_server-9] [INFO] [1790834040.052486926] [controller_server]: Passing new path to controller.
[controller_server-9] [INFO] [1790834040.328146043] [local_costmap.local_costmap]: StaticLayer: Resizing static layer to 254 X 236 at 0.100000 m/pix
[controller_server-9] [INFO] [1790834041.052460555] [controller_server]: Passing new path to controller.
[INFO] [1790834041.114657691] [mapex_explorer]: Main /plan diagnostic: poses=90, endpoint=(-6.08, -6.35), frontier=(-6.08, -6.35), endpoint_to_frontier=0.000 m, limit=0.10 m -> usable
[planner_server-11] [INFO] [1790834041.189133185] [global_costmap.global_costmap]: StaticLayer: Resizing costmap to 254 X 236 at 0.100000 m/pix
[INFO] [1790834042.043415483] [mapex_explorer]: Main /plan diagnostic: poses=82, endpoint=(-6.08, -6.35), frontier=(-6.08, -6.35), endpoint_to_frontier=0.000 m, limit=0.10 m -> usable
[controller_server-9] [INFO] [1790834042.119128231] [controller_server]: Passing new path to controller.
[INFO] [1790834043.071199518] [mapex_explorer]: Main /plan diagnostic: poses=72, endpoint=(-6.08, -6.35), frontier=(-6.08, -6.35), endpoint_to_frontier=0.000 m, limit=0.10 m -> usable
[controller_server-9] [INFO] [1790834043.119134138] [controller_server]: Passing new path to controller.
[INFO] [1790834044.093164769] [mapex_explorer]: Main /plan diagnostic: poses=67, endpoint=(-6.08, -6.35), frontier=(-6.08, -6.35), endpoint_to_frontier=0.000 m, limit=0.10 m -> usable
[controller_server-9] [INFO] [1790834044.119125269] [controller_server]: Passing new path to controller.
[controller_server-9] [INFO] [1790834044.328176550] [local_costmap.local_costmap]: StaticLayer: Resizing static layer to 254 X 236 at 0.100000 m/pix
[INFO] [1790834045.137707236] [mapex_explorer]: Main /plan diagnostic: poses=52, endpoint=(-6.08, -6.35), frontier=(-6.08, -6.35), endpoint_to_frontier=0.000 m, limit=0.10 m -> usable
[controller_server-9] [INFO] [1790834045.185794283] [controller_server]: Passing new path to controller.
[planner_server-11] [INFO] [1790834045.189148860] [global_costmap.global_costmap]: StaticLayer: Resizing costmap to 254 X 236 at 0.100000 m/pix
[INFO] [1790834046.138293873] [mapex_explorer]: Main /plan diagnostic: poses=42, endpoint=(-6.08, -6.35), frontier=(-6.08, -6.35), endpoint_to_frontier=0.000 m, limit=0.10 m -> usable
[controller_server-9] [INFO] [1790834046.185821739] [controller_server]: Passing new path to controller.
[INFO] [1790834047.164432924] [mapex_explorer]: Main /plan diagnostic: poses=32, endpoint=(-6.08, -6.35), frontier=(-6.08, -6.35), endpoint_to_frontier=0.000 m, limit=0.10 m -> usable
[controller_server-9] [INFO] [1790834047.185801387] [controller_server]: Passing new path to controller.
[INFO] [1790834048.191156526] [mapex_explorer]: Main /plan diagnostic: poses=22, endpoint=(-6.08, -6.35), frontier=(-6.08, -6.35), endpoint_to_frontier=0.000 m, limit=0.10 m -> usable
[controller_server-9] [INFO] [1790834048.252485618] [controller_server]: Passing new path to controller.
[INFO] [1790834049.215548662] [mapex_explorer]: Main /plan diagnostic: poses=16, endpoint=(-6.08, -6.35), frontier=(-6.08, -6.35), endpoint_to_frontier=0.000 m, limit=0.10 m -> usable
[controller_server-9] [INFO] [1790834049.252457545] [controller_server]: Passing new path to controller.
[INFO] [1790834050.234794484] [mapex_explorer]: Main /plan diagnostic: poses=10, endpoint=(-6.08, -6.35), frontier=(-6.08, -6.35), endpoint_to_frontier=0.000 m, limit=0.10 m -> usable
[controller_server-9] [INFO] [1790834050.252486607] [controller_server]: Passing new path to controller.
[controller_server-9] [INFO] [1790834050.920721942] [controller_server]: Reached the goal!
[controller_server-9] [INFO] [1790834050.920836837] [controller_server]: Optimizer reset
[bt_navigator-14] [INFO] [1790834050.948737194] [bt_navigator]: Goal succeeded
[INFO] [1790834050.951318972] [mapex_explorer]: Goal reached
[INFO] [1790834054.247387317] [mapex_explorer]: MapEx decision 5: selected x=-0.51, y=8.54, IG=118.764847, distance=15.54 m, score=7.640816, region=103, candidates=11, near_fallback=False, compute=3.26 s
[bt_navigator-14] [INFO] [1790834054.248146600] [bt_navigator]: Begin navigating from current location (-5.91, -6.08) to (-0.51, 8.54)
[controller_server-9] [INFO] [1790834054.268894147] [controller_server]: Received a goal, begin computing control effort.
[INFO] [1790834054.390965920] [mapex_explorer]: Main goal accepted
[INFO] [1790834054.439202389] [mapex_explorer]: Main /plan diagnostic: poses=374, endpoint=(-0.51, 8.54), frontier=(-0.51, 8.54), endpoint_to_frontier=0.000 m, limit=0.10 m -> usable
[INFO] [1790834055.310127661] [mapex_explorer]: Main /plan diagnostic: poses=375, endpoint=(-0.51, 8.54), frontier=(-0.51, 8.54), endpoint_to_frontier=0.000 m, limit=0.10 m -> usable
[controller_server-9] [INFO] [1790834055.335688931] [controller_server]: Passing new path to controller.
[controller_server-9] [INFO] [1790834056.335746902] [controller_server]: Passing new path to controller.
[INFO] [1790834056.343986240] [mapex_explorer]: Main /plan diagnostic: poses=370, endpoint=(-0.51, 8.54), frontier=(-0.51, 8.54), endpoint_to_frontier=0.000 m, limit=0.10 m -> usable
[INFO] [1790834057.336139685] [mapex_explorer]: Main /plan diagnostic: poses=364, endpoint=(-0.51, 8.54), frontier=(-0.51, 8.54), endpoint_to_frontier=0.000 m, limit=0.10 m -> usable
[controller_server-9] [INFO] [1790834057.402377787] [controller_server]: Passing new path to controller.
[INFO] [1790834058.365019228] [mapex_explorer]: Main /plan diagnostic: poses=365, endpoint=(-0.51, 8.54), frontier=(-0.51, 8.54), endpoint_to_frontier=0.000 m, limit=0.10 m -> usable
[controller_server-9] [INFO] [1790834058.402388329] [controller_server]: Passing new path to controller.
[controller_server-9] [INFO] [1790834059.402361364] [controller_server]: Passing new path to controller.
[INFO] [1790834059.423414137] [mapex_explorer]: Main /plan diagnostic: poses=356, endpoint=(-0.51, 8.54), frontier=(-0.51, 8.54), endpoint_to_frontier=0.000 m, limit=0.10 m -> usable
[INFO] [1790834060.416097705] [mapex_explorer]: Main /plan diagnostic: poses=344, endpoint=(-0.51, 8.54), frontier=(-0.51, 8.54), endpoint_to_frontier=0.000 m, limit=0.10 m -> usable
[controller_server-9] [INFO] [1790834060.469044892] [controller_server]: Passing new path to controller.
[INFO] [1790834061.452148324] [mapex_explorer]: Main /plan diagnostic: poses=332, endpoint=(-0.51, 8.54), frontier=(-0.51, 8.54), endpoint_to_frontier=0.000 m, limit=0.10 m -> usable
[controller_server-9] [INFO] [1790834061.469027636] [controller_server]: Passing new path to controller.
[INFO] [1790834062.495163153] [mapex_explorer]: Main /plan diagnostic: poses=327, endpoint=(-0.51, 8.54), frontier=(-0.51, 8.54), endpoint_to_frontier=0.000 m, limit=0.10 m -> usable
[controller_server-9] [INFO] [1790834062.535732872] [controller_server]: Passing new path to controller.
[INFO] [1790834063.516415467] [mapex_explorer]: Main /plan diagnostic: poses=318, endpoint=(-0.51, 8.54), frontier=(-0.51, 8.54), endpoint_to_frontier=0.000 m, limit=0.10 m -> usable
[controller_server-9] [INFO] [1790834063.535708366] [controller_server]: Passing new path to controller.
[INFO] [1790834064.534456011] [mapex_explorer]: Main /plan diagnostic: poses=305, endpoint=(-0.51, 8.54), frontier=(-0.51, 8.54), endpoint_to_frontier=0.000 m, limit=0.10 m -> usable
[controller_server-9] [INFO] [1790834064.535747241] [controller_server]: Passing new path to controller.
[INFO] [1790834065.577643239] [mapex_explorer]: Main /plan diagnostic: poses=298, endpoint=(-0.51, 8.54), frontier=(-0.51, 8.54), endpoint_to_frontier=0.000 m, limit=0.10 m -> usable
[controller_server-9] [INFO] [1790834065.602379184] [controller_server]: Passing new path to controller.
[INFO] [1790834066.594519699] [mapex_explorer]: Main /plan diagnostic: poses=287, endpoint=(-0.51, 8.54), frontier=(-0.51, 8.54), endpoint_to_frontier=0.000 m, limit=0.10 m -> usable
[controller_server-9] [INFO] [1790834066.602357943] [controller_server]: Passing new path to controller.
[INFO] [1790834067.594747563] [mapex_explorer]: Main /plan diagnostic: poses=275, endpoint=(-0.51, 8.54), frontier=(-0.51, 8.54), endpoint_to_frontier=0.000 m, limit=0.10 m -> usable
[controller_server-9] [INFO] [1790834067.602356606] [controller_server]: Passing new path to controller.
[INFO] [1790834068.658086705] [mapex_explorer]: Main /plan diagnostic: poses=268, endpoint=(-0.51, 8.54), frontier=(-0.51, 8.54), endpoint_to_frontier=0.000 m, limit=0.10 m -> usable
[controller_server-9] [INFO] [1790834068.669025972] [controller_server]: Passing new path to controller.
[INFO] [1790834069.647540525] [mapex_explorer]: Main /plan diagnostic: poses=255, endpoint=(-0.51, 8.54), frontier=(-0.51, 8.54), endpoint_to_frontier=0.000 m, limit=0.10 m -> usable
[controller_server-9] [INFO] [1790834069.669051381] [controller_server]: Passing new path to controller.
[controller_server-9] [INFO] [1790834070.669023060] [controller_server]: Passing new path to controller.
[INFO] [1790834070.697553797] [mapex_explorer]: Main /plan diagnostic: poses=248, endpoint=(-0.51, 8.54), frontier=(-0.51, 8.54), endpoint_to_frontier=0.000 m, limit=0.10 m -> usable
[INFO] [1790834071.695279035] [mapex_explorer]: Main /plan diagnostic: poses=240, endpoint=(-0.51, 8.54), frontier=(-0.51, 8.54), endpoint_to_frontier=0.000 m, limit=0.10 m -> usable
[controller_server-9] [INFO] [1790834071.736000755] [controller_server]: Passing new path to controller.
[INFO] [1790834072.724866000] [mapex_explorer]: Main /plan diagnostic: poses=227, endpoint=(-0.51, 8.54), frontier=(-0.51, 8.54), endpoint_to_frontier=0.000 m, limit=0.10 m -> usable
[controller_server-9] [INFO] [1790834072.735701637] [controller_server]: Passing new path to controller.
[INFO] [1790834073.750919305] [mapex_explorer]: Main /plan diagnostic: poses=218, endpoint=(-0.51, 8.54), frontier=(-0.51, 8.54), endpoint_to_frontier=0.000 m, limit=0.10 m -> usable
[controller_server-9] [INFO] [1790834073.802420434] [controller_server]: Passing new path to controller.
[controller_server-9] [INFO] [1790834074.802363470] [controller_server]: Passing new path to controller.
[INFO] [1790834074.804872172] [mapex_explorer]: Main /plan diagnostic: poses=211, endpoint=(-0.51, 8.54), frontier=(-0.51, 8.54), endpoint_to_frontier=0.000 m, limit=0.10 m -> usable
[INFO] [1790834075.802547409] [mapex_explorer]: Main /plan diagnostic: poses=198, endpoint=(-0.51, 8.54), frontier=(-0.51, 8.54), endpoint_to_frontier=0.000 m, limit=0.10 m -> usable
[controller_server-9] [INFO] [1790834075.802362503] [controller_server]: Passing new path to controller.
[INFO] [1790834076.815022339] [mapex_explorer]: Main /plan diagnostic: poses=191, endpoint=(-0.51, 8.54), frontier=(-0.51, 8.54), endpoint_to_frontier=0.000 m, limit=0.10 m -> usable
[controller_server-9] [INFO] [1790834076.869024928] [controller_server]: Passing new path to controller.
[INFO] [1790834077.829233442] [mapex_explorer]: Main /plan diagnostic: poses=183, endpoint=(-0.51, 8.54), frontier=(-0.51, 8.54), endpoint_to_frontier=0.000 m, limit=0.10 m -> usable
[controller_server-9] [INFO] [1790834077.869043702] [controller_server]: Passing new path to controller.
[INFO] [1790834078.858713254] [mapex_explorer]: Main /plan diagnostic: poses=170, endpoint=(-0.51, 8.54), frontier=(-0.51, 8.54), endpoint_to_frontier=0.000 m, limit=0.10 m -> usable
[controller_server-9] [INFO] [1790834078.869050314] [controller_server]: Passing new path to controller.
[controller_server-9] [INFO] [1790834079.328218765] [local_costmap.local_costmap]: StaticLayer: Resizing static layer to 254 X 249 at 0.100000 m/pix
[INFO] [1790834079.897030340] [mapex_explorer]: Main /plan diagnostic: poses=159, endpoint=(-0.51, 8.54), frontier=(-0.51, 8.54), endpoint_to_frontier=0.000 m, limit=0.10 m -> usable
[controller_server-9] [INFO] [1790834079.935762032] [controller_server]: Passing new path to controller.
[planner_server-11] [INFO] [1790834080.189170991] [global_costmap.global_costmap]: StaticLayer: Resizing costmap to 254 X 249 at 0.100000 m/pix
[INFO] [1790834080.918888069] [mapex_explorer]: Main /plan diagnostic: poses=149, endpoint=(-0.51, 8.54), frontier=(-0.51, 8.54), endpoint_to_frontier=0.000 m, limit=0.10 m -> usable
[controller_server-9] [INFO] [1790834080.935705937] [controller_server]: Passing new path to controller.
[controller_server-9] [INFO] [1790834081.328118058] [local_costmap.local_costmap]: StaticLayer: Resizing static layer to 254 X 250 at 0.100000 m/pix
[controller_server-9] [INFO] [1790834082.002361149] [controller_server]: Passing new path to controller.
[INFO] [1790834082.009387595] [mapex_explorer]: Main /plan diagnostic: poses=143, endpoint=(-0.51, 8.54), frontier=(-0.51, 8.54), endpoint_to_frontier=0.000 m, limit=0.10 m -> usable
[planner_server-11] [INFO] [1790834082.189129101] [global_costmap.global_costmap]: StaticLayer: Resizing costmap to 254 X 250 at 0.100000 m/pix
[INFO] [1790834082.971931114] [mapex_explorer]: Main /plan diagnostic: poses=131, endpoint=(-0.51, 8.54), frontier=(-0.51, 8.54), endpoint_to_frontier=0.000 m, limit=0.10 m -> usable
[controller_server-9] [INFO] [1790834083.002362824] [controller_server]: Passing new path to controller.
[INFO] [1790834083.982737235] [mapex_explorer]: Main /plan diagnostic: poses=122, endpoint=(-0.51, 8.54), frontier=(-0.51, 8.54), endpoint_to_frontier=0.000 m, limit=0.10 m -> usable
[controller_server-9] [INFO] [1790834084.002794993] [controller_server]: Passing new path to controller.
[INFO] [1790834085.012243599] [mapex_explorer]: Main /plan diagnostic: poses=111, endpoint=(-0.51, 8.54), frontier=(-0.51, 8.54), endpoint_to_frontier=0.000 m, limit=0.10 m -> usable
[controller_server-9] [INFO] [1790834085.069022489] [controller_server]: Passing new path to controller.
[INFO] [1790834086.050675625] [mapex_explorer]: Main /plan diagnostic: poses=103, endpoint=(-0.51, 8.54), frontier=(-0.51, 8.54), endpoint_to_frontier=0.000 m, limit=0.10 m -> usable
[controller_server-9] [INFO] [1790834086.069042854] [controller_server]: Passing new path to controller.
[INFO] [1790834087.075910883] [mapex_explorer]: Main /plan diagnostic: poses=91, endpoint=(-0.51, 8.54), frontier=(-0.51, 8.54), endpoint_to_frontier=0.000 m, limit=0.10 m -> usable
[controller_server-9] [INFO] [1790834087.135727735] [controller_server]: Passing new path to controller.
[INFO] [1790834088.093012646] [mapex_explorer]: Main /plan diagnostic: poses=84, endpoint=(-0.51, 8.54), frontier=(-0.51, 8.54), endpoint_to_frontier=0.000 m, limit=0.10 m -> usable
[controller_server-9] [INFO] [1790834088.135703044] [controller_server]: Passing new path to controller.
[INFO] [1790834089.113727948] [mapex_explorer]: Main /plan diagnostic: poses=70, endpoint=(-0.51, 8.54), frontier=(-0.51, 8.54), endpoint_to_frontier=0.000 m, limit=0.10 m -> usable
[controller_server-9] [INFO] [1790834089.135697854] [controller_server]: Passing new path to controller.
[INFO] [1790834090.148025845] [mapex_explorer]: Main /plan diagnostic: poses=73, endpoint=(-0.51, 8.54), frontier=(-0.51, 8.54), endpoint_to_frontier=0.000 m, limit=0.10 m -> usable
[controller_server-9] [INFO] [1790834090.202390700] [controller_server]: Passing new path to controller.
[INFO] [1790834091.178459925] [mapex_explorer]: Main /plan diagnostic: poses=66, endpoint=(-0.51, 8.54), frontier=(-0.51, 8.54), endpoint_to_frontier=0.000 m, limit=0.10 m -> usable
[controller_server-9] [INFO] [1790834091.202356461] [controller_server]: Passing new path to controller.
[INFO] [1790834092.195627723] [mapex_explorer]: Main /plan diagnostic: poses=57, endpoint=(-0.51, 8.54), frontier=(-0.51, 8.54), endpoint_to_frontier=0.000 m, limit=0.10 m -> usable
[controller_server-9] [INFO] [1790834092.269025123] [controller_server]: Passing new path to controller.
[INFO] [1790834093.222569205] [mapex_explorer]: Main /plan diagnostic: poses=55, endpoint=(-0.51, 8.54), frontier=(-0.51, 8.54), endpoint_to_frontier=0.000 m, limit=0.10 m -> usable
[controller_server-9] [INFO] [1790834093.269033496] [controller_server]: Passing new path to controller.
[INFO] [1790834094.243277029] [mapex_explorer]: Main /plan diagnostic: poses=40, endpoint=(-0.51, 8.54), frontier=(-0.51, 8.54), endpoint_to_frontier=0.000 m, limit=0.10 m -> usable
[controller_server-9] [INFO] [1790834094.269042862] [controller_server]: Passing new path to controller.
[INFO] [1790834095.271170611] [mapex_explorer]: Main /plan diagnostic: poses=32, endpoint=(-0.51, 8.54), frontier=(-0.51, 8.54), endpoint_to_frontier=0.000 m, limit=0.10 m -> usable
[controller_server-9] [INFO] [1790834095.335728399] [controller_server]: Passing new path to controller.
[INFO] [1790834096.293656073] [mapex_explorer]: Main /plan diagnostic: poses=22, endpoint=(-0.51, 8.54), frontier=(-0.51, 8.54), endpoint_to_frontier=0.000 m, limit=0.10 m -> usable
[controller_server-9] [INFO] [1790834096.335711801] [controller_server]: Passing new path to controller.
[INFO] [1790834097.355997048] [mapex_explorer]: Main /plan diagnostic: poses=16, endpoint=(-0.51, 8.54), frontier=(-0.51, 8.54), endpoint_to_frontier=0.000 m, limit=0.10 m -> usable
[controller_server-9] [INFO] [1790834097.402398666] [controller_server]: Passing new path to controller.
[INFO] [1790834098.342892904] [mapex_explorer]: Main /plan diagnostic: poses=10, endpoint=(-0.51, 8.54), frontier=(-0.51, 8.54), endpoint_to_frontier=0.000 m, limit=0.10 m -> usable
[controller_server-9] [INFO] [1790834098.402379835] [controller_server]: Passing new path to controller.
[controller_server-9] [INFO] [1790834098.604438879] [controller_server]: Reached the goal!
[controller_server-9] [INFO] [1790834098.604590843] [controller_server]: Optimizer reset
[bt_navigator-14] [INFO] [1790834098.628471865] [bt_navigator]: Goal succeeded
[INFO] [1790834098.634832984] [mapex_explorer]: Goal reached
[INFO] [1790834102.858798702] [mapex_explorer]: MapEx decision 6: selected x=0.19, y=9.94, IG=40.679504, distance=1.90 m, score=21.393485, region=21, candidates=11, near_fallback=False, compute=3.87 s
[bt_navigator-14] [INFO] [1790834102.859466174] [bt_navigator]: Begin navigating from current location (-0.70, 8.25) to (0.19, 9.94)
[controller_server-9] [INFO] [1790834102.880332569] [controller_server]: Received a goal, begin computing control effort.
[INFO] [1790834103.143278009] [mapex_explorer]: Main goal accepted
[INFO] [1790834103.160826629] [mapex_explorer]: Main /plan diagnostic: poses=130, endpoint=(0.19, 9.94), frontier=(0.19, 9.94), endpoint_to_frontier=0.000 m, limit=0.10 m -> usable
[INFO] [1790834103.893864381] [mapex_explorer]: Main /plan diagnostic: poses=126, endpoint=(0.19, 9.94), frontier=(0.19, 9.94), endpoint_to_frontier=0.000 m, limit=0.10 m -> usable
[controller_server-9] [INFO] [1790834103.947222471] [controller_server]: Passing new path to controller.
[controller_server-9] [INFO] [1790834104.947179277] [controller_server]: Passing new path to controller.
[INFO] [1790834104.953559316] [mapex_explorer]: Main /plan diagnostic: poses=118, endpoint=(0.19, 9.94), frontier=(0.19, 9.94), endpoint_to_frontier=0.000 m, limit=0.10 m -> usable
[INFO] [1790834105.995624269] [mapex_explorer]: Main /plan diagnostic: poses=112, endpoint=(0.19, 9.94), frontier=(0.19, 9.94), endpoint_to_frontier=0.000 m, limit=0.10 m -> usable
[controller_server-9] [INFO] [1790834106.013841211] [controller_server]: Passing new path to controller.
[INFO] [1790834106.984807751] [mapex_explorer]: Main /plan diagnostic: poses=106, endpoint=(0.19, 9.94), frontier=(0.19, 9.94), endpoint_to_frontier=0.000 m, limit=0.10 m -> usable
[controller_server-9] [INFO] [1790834107.013858925] [controller_server]: Passing new path to controller.
[controller_server-9] [INFO] [1790834108.013842543] [controller_server]: Passing new path to controller.
[INFO] [1790834108.073622765] [mapex_explorer]: Main /plan diagnostic: poses=100, endpoint=(0.19, 9.94), frontier=(0.19, 9.94), endpoint_to_frontier=0.000 m, limit=0.10 m -> usable
[INFO] [1790834109.012924259] [mapex_explorer]: Main /plan diagnostic: poses=100, endpoint=(0.19, 9.94), frontier=(0.19, 9.94), endpoint_to_frontier=0.000 m, limit=0.10 m -> usable
[controller_server-9] [INFO] [1790834109.080528693] [controller_server]: Passing new path to controller.
[INFO] [1790834110.026420392] [mapex_explorer]: Main /plan diagnostic: poses=93, endpoint=(0.19, 9.94), frontier=(0.19, 9.94), endpoint_to_frontier=0.000 m, limit=0.10 m -> usable
[controller_server-9] [INFO] [1790834110.080522300] [controller_server]: Passing new path to controller.
[INFO] [1790834111.056512638] [mapex_explorer]: Main /plan diagnostic: poses=85, endpoint=(0.19, 9.94), frontier=(0.19, 9.94), endpoint_to_frontier=0.000 m, limit=0.10 m -> usable
[controller_server-9] [INFO] [1790834111.080590375] [controller_server]: Passing new path to controller.
[INFO] [1790834112.087051122] [mapex_explorer]: Main /plan diagnostic: poses=77, endpoint=(0.19, 9.94), frontier=(0.19, 9.94), endpoint_to_frontier=0.000 m, limit=0.10 m -> usable
[controller_server-9] [INFO] [1790834112.147168675] [controller_server]: Passing new path to controller.
[INFO] [1790834113.114586141] [mapex_explorer]: Main /plan diagnostic: poses=63, endpoint=(0.19, 9.94), frontier=(0.19, 9.94), endpoint_to_frontier=0.000 m, limit=0.10 m -> usable
[controller_server-9] [INFO] [1790834113.147175659] [controller_server]: Passing new path to controller.
[INFO] [1790834114.133794818] [mapex_explorer]: Main /plan diagnostic: poses=53, endpoint=(0.19, 9.94), frontier=(0.19, 9.94), endpoint_to_frontier=0.000 m, limit=0.10 m -> usable
[controller_server-9] [INFO] [1790834114.213876106] [controller_server]: Passing new path to controller.
[INFO] [1790834115.158432742] [mapex_explorer]: Main /plan diagnostic: poses=43, endpoint=(0.19, 9.94), frontier=(0.19, 9.94), endpoint_to_frontier=0.000 m, limit=0.10 m -> usable
[controller_server-9] [INFO] [1790834115.213870875] [controller_server]: Passing new path to controller.
[INFO] [1790834116.185557956] [mapex_explorer]: Main /plan diagnostic: poses=35, endpoint=(0.19, 9.94), frontier=(0.19, 9.94), endpoint_to_frontier=0.000 m, limit=0.10 m -> usable
[controller_server-9] [INFO] [1790834116.213839341] [controller_server]: Passing new path to controller.
[INFO] [1790834117.217276827] [mapex_explorer]: Main /plan diagnostic: poses=26, endpoint=(0.19, 9.94), frontier=(0.19, 9.94), endpoint_to_frontier=0.000 m, limit=0.10 m -> usable
[controller_server-9] [INFO] [1790834117.280509998] [controller_server]: Passing new path to controller.
[INFO] [1790834118.235630006] [mapex_explorer]: Main /plan diagnostic: poses=16, endpoint=(0.19, 9.94), frontier=(0.19, 9.94), endpoint_to_frontier=0.000 m, limit=0.10 m -> usable
[controller_server-9] [INFO] [1790834118.280540601] [controller_server]: Passing new path to controller.
[INFO] [1790834119.272242776] [mapex_explorer]: Main /plan diagnostic: poses=14, endpoint=(0.19, 9.94), frontier=(0.19, 9.94), endpoint_to_frontier=0.000 m, limit=0.10 m -> usable
[controller_server-9] [INFO] [1790834119.280506412] [controller_server]: Passing new path to controller.
[INFO] [1790834120.298955796] [mapex_explorer]: Main /plan diagnostic: poses=9, endpoint=(0.19, 9.94), frontier=(0.19, 9.94), endpoint_to_frontier=0.000 m, limit=0.10 m -> usable
[controller_server-9] [INFO] [1790834120.347177580] [controller_server]: Passing new path to controller.
[controller_server-9] [INFO] [1790834121.282066480] [controller_server]: Reached the goal!
[controller_server-9] [INFO] [1790834121.282354569] [controller_server]: Optimizer reset
[bt_navigator-14] [INFO] [1790834121.309823401] [bt_navigator]: Goal succeeded
[INFO] [1790834121.311853118] [mapex_explorer]: Goal reached
[INFO] [1790834125.369938490] [mapex_explorer]: MapEx decision 7: selected x=-6.01, y=6.34, IG=74.104591, distance=7.44 m, score=9.956176, region=32, candidates=9, near_fallback=False, compute=3.38 s
[bt_navigator-14] [INFO] [1790834125.370761026] [bt_navigator]: Begin navigating from current location (0.54, 9.86) to (-6.01, 6.34)
[controller_server-9] [INFO] [1790834125.391575075] [controller_server]: Received a goal, begin computing control effort.
[INFO] [1790834125.605336047] [mapex_explorer]: Main goal accepted
[INFO] [1790834125.631753841] [mapex_explorer]: Main /plan diagnostic: poses=234, endpoint=(-6.01, 6.34), frontier=(-6.01, 6.34), endpoint_to_frontier=0.000 m, limit=0.10 m -> usable
[INFO] [1790834126.408374653] [mapex_explorer]: Main /plan diagnostic: poses=228, endpoint=(-6.01, 6.34), frontier=(-6.01, 6.34), endpoint_to_frontier=0.000 m, limit=0.10 m -> usable
[controller_server-9] [INFO] [1790834126.458387127] [controller_server]: Passing new path to controller.
[INFO] [1790834127.436139968] [mapex_explorer]: Main /plan diagnostic: poses=229, endpoint=(-6.01, 6.34), frontier=(-6.01, 6.34), endpoint_to_frontier=0.000 m, limit=0.10 m -> usable
[controller_server-9] [INFO] [1790834127.458428538] [controller_server]: Passing new path to controller.
[INFO] [1790834128.444669815] [mapex_explorer]: Main /plan diagnostic: poses=229, endpoint=(-6.01, 6.34), frontier=(-6.01, 6.34), endpoint_to_frontier=0.000 m, limit=0.10 m -> usable
[controller_server-9] [INFO] [1790834128.458414579] [controller_server]: Passing new path to controller.
[INFO] [1790834129.478881298] [mapex_explorer]: Main /plan diagnostic: poses=218, endpoint=(-6.01, 6.34), frontier=(-6.01, 6.34), endpoint_to_frontier=0.000 m, limit=0.10 m -> usable
[controller_server-9] [INFO] [1790834129.525084527] [controller_server]: Passing new path to controller.
[controller_server-9] [INFO] [1790834130.525061879] [controller_server]: Passing new path to controller.
[INFO] [1790834130.532264803] [mapex_explorer]: Main /plan diagnostic: poses=210, endpoint=(-6.01, 6.34), frontier=(-6.01, 6.34), endpoint_to_frontier=0.000 m, limit=0.10 m -> usable
[INFO] [1790834131.539247825] [mapex_explorer]: Main /plan diagnostic: poses=203, endpoint=(-6.01, 6.34), frontier=(-6.01, 6.34), endpoint_to_frontier=0.000 m, limit=0.10 m -> usable
[controller_server-9] [INFO] [1790834131.591823599] [controller_server]: Passing new path to controller.
[INFO] [1790834132.543207921] [mapex_explorer]: Main /plan diagnostic: poses=190, endpoint=(-6.01, 6.34), frontier=(-6.01, 6.34), endpoint_to_frontier=0.000 m, limit=0.10 m -> usable
[controller_server-9] [INFO] [1790834132.591719404] [controller_server]: Passing new path to controller.
[INFO] [1790834133.574921400] [mapex_explorer]: Main /plan diagnostic: poses=183, endpoint=(-6.01, 6.34), frontier=(-6.01, 6.34), endpoint_to_frontier=0.000 m, limit=0.10 m -> usable
[controller_server-9] [INFO] [1790834133.591738421] [controller_server]: Passing new path to controller.
[INFO] [1790834134.613793512] [mapex_explorer]: Main /plan diagnostic: poses=170, endpoint=(-6.01, 6.34), frontier=(-6.01, 6.34), endpoint_to_frontier=0.000 m, limit=0.10 m -> usable
[controller_server-9] [INFO] [1790834134.658406508] [controller_server]: Passing new path to controller.
[INFO] [1790834135.649583296] [mapex_explorer]: Main /plan diagnostic: poses=160, endpoint=(-6.01, 6.34), frontier=(-6.01, 6.34), endpoint_to_frontier=0.000 m, limit=0.10 m -> usable
[controller_server-9] [INFO] [1790834135.658390661] [controller_server]: Passing new path to controller.
[INFO] [1790834136.663729091] [mapex_explorer]: Main /plan diagnostic: poses=154, endpoint=(-6.01, 6.34), frontier=(-6.01, 6.34), endpoint_to_frontier=0.000 m, limit=0.10 m -> usable
[controller_server-9] [INFO] [1790834136.725079987] [controller_server]: Passing new path to controller.
[INFO] [1790834137.676371140] [mapex_explorer]: Main /plan diagnostic: poses=140, endpoint=(-6.01, 6.34), frontier=(-6.01, 6.34), endpoint_to_frontier=0.000 m, limit=0.10 m -> usable
[controller_server-9] [INFO] [1790834137.725066567] [controller_server]: Passing new path to controller.
[INFO] [1790834138.720054903] [mapex_explorer]: Main /plan diagnostic: poses=131, endpoint=(-6.01, 6.34), frontier=(-6.01, 6.34), endpoint_to_frontier=0.000 m, limit=0.10 m -> usable
[controller_server-9] [INFO] [1790834138.725053620] [controller_server]: Passing new path to controller.
[async_slam_toolbox_node-8] WARNING: Logging before InitGoogleLogging() is written to STDERR
[async_slam_toolbox_node-8] W20261001 12:55:39.661643 30090 preprocessor.cc:67] Specified options.num_threads: 50 exceeds maximum available from the threading model Ceres was compiled with: 16.  Bounding to maximum number available.
[async_slam_toolbox_node-8] [INFO] [1790834139.666778322] [slam_toolbox]: Adaptive anchor summary: latest_node=406, local_edges=420, loop_history=0, avg_effective_weight=1.683, release_regions=0
[INFO] [1790834139.736895171] [mapex_explorer]: Main /plan diagnostic: poses=121, endpoint=(-6.01, 6.34), frontier=(-6.01, 6.34), endpoint_to_frontier=0.000 m, limit=0.10 m -> usable
[controller_server-9] [INFO] [1790834139.791733144] [controller_server]: Passing new path to controller.
[controller_server-9] [INFO] [1790834140.328126602] [local_costmap.local_costmap]: StaticLayer: Resizing static layer to 254 X 250 at 0.100000 m/pix
[INFO] [1790834140.773788936] [mapex_explorer]: Main /plan diagnostic: poses=111, endpoint=(-6.01, 6.34), frontier=(-6.01, 6.34), endpoint_to_frontier=0.000 m, limit=0.10 m -> usable
[controller_server-9] [INFO] [1790834140.791807049] [controller_server]: Passing new path to controller.
[planner_server-11] [INFO] [1790834141.189111538] [global_costmap.global_costmap]: StaticLayer: Resizing costmap to 254 X 250 at 0.100000 m/pix
[INFO] [1790834141.795820671] [mapex_explorer]: Main /plan diagnostic: poses=102, endpoint=(-6.01, 6.34), frontier=(-6.01, 6.34), endpoint_to_frontier=0.000 m, limit=0.10 m -> usable
[controller_server-9] [INFO] [1790834141.858586909] [controller_server]: Passing new path to controller.
[INFO] [1790834142.821878183] [mapex_explorer]: Main /plan diagnostic: poses=91, endpoint=(-6.01, 6.34), frontier=(-6.01, 6.34), endpoint_to_frontier=0.000 m, limit=0.10 m -> usable
[controller_server-9] [INFO] [1790834142.858394013] [controller_server]: Passing new path to controller.
[INFO] [1790834143.835310451] [mapex_explorer]: Main /plan diagnostic: poses=87, endpoint=(-6.01, 6.34), frontier=(-6.01, 6.34), endpoint_to_frontier=0.000 m, limit=0.10 m -> usable
[controller_server-9] [INFO] [1790834143.858439595] [controller_server]: Passing new path to controller.
[INFO] [1790834144.890631330] [mapex_explorer]: Main /plan diagnostic: poses=81, endpoint=(-6.01, 6.34), frontier=(-6.01, 6.34), endpoint_to_frontier=0.000 m, limit=0.10 m -> usable
[controller_server-9] [INFO] [1790834144.925057448] [controller_server]: Passing new path to controller.
[INFO] [1790834145.876442240] [mapex_explorer]: Main /plan diagnostic: poses=71, endpoint=(-6.01, 6.34), frontier=(-6.01, 6.34), endpoint_to_frontier=0.000 m, limit=0.10 m -> usable
[controller_server-9] [INFO] [1790834145.925292317] [controller_server]: Passing new path to controller.
[INFO] [1790834146.917119993] [mapex_explorer]: Main /plan diagnostic: poses=54, endpoint=(-6.01, 6.34), frontier=(-6.01, 6.34), endpoint_to_frontier=0.000 m, limit=0.10 m -> usable
[controller_server-9] [INFO] [1790834146.925054495] [controller_server]: Passing new path to controller.
[INFO] [1790834147.929281266] [mapex_explorer]: Main /plan diagnostic: poses=47, endpoint=(-6.01, 6.34), frontier=(-6.01, 6.34), endpoint_to_frontier=0.000 m, limit=0.10 m -> usable
[controller_server-9] [INFO] [1790834147.992661998] [controller_server]: Passing new path to controller.
[INFO] [1790834148.959084557] [mapex_explorer]: Main /plan diagnostic: poses=38, endpoint=(-6.01, 6.34), frontier=(-6.01, 6.34), endpoint_to_frontier=0.000 m, limit=0.10 m -> usable
[controller_server-9] [INFO] [1790834148.991719126] [controller_server]: Passing new path to controller.
[INFO] [1790834149.964075720] [mapex_explorer]: Main /plan diagnostic: poses=28, endpoint=(-6.01, 6.34), frontier=(-6.01, 6.34), endpoint_to_frontier=0.000 m, limit=0.10 m -> usable
[controller_server-9] [INFO] [1790834149.991929244] [controller_server]: Passing new path to controller.
[INFO] [1790834150.995423514] [mapex_explorer]: Main /plan diagnostic: poses=20, endpoint=(-6.01, 6.34), frontier=(-6.01, 6.34), endpoint_to_frontier=0.000 m, limit=0.10 m -> usable
[controller_server-9] [INFO] [1790834151.058389446] [controller_server]: Passing new path to controller.
[INFO] [1790834152.012276697] [mapex_explorer]: Main /plan diagnostic: poses=15, endpoint=(-6.01, 6.34), frontier=(-6.01, 6.34), endpoint_to_frontier=0.000 m, limit=0.10 m -> usable
[controller_server-9] [INFO] [1790834152.058421932] [controller_server]: Passing new path to controller.
[INFO] [1790834153.033014338] [mapex_explorer]: Main /plan diagnostic: poses=10, endpoint=(-6.01, 6.34), frontier=(-6.01, 6.34), endpoint_to_frontier=0.000 m, limit=0.10 m -> usable
[controller_server-9] [INFO] [1790834153.058386240] [controller_server]: Passing new path to controller.
[controller_server-9] [INFO] [1790834153.261663214] [controller_server]: Reached the goal!
[controller_server-9] [INFO] [1790834153.262048180] [controller_server]: Optimizer reset
[bt_navigator-14] [INFO] [1790834153.290992989] [bt_navigator]: Goal succeeded
[INFO] [1790834153.292419014] [mapex_explorer]: Goal reached
[INFO] [1790834157.073724522] [mapex_explorer]: MapEx decision 8: selected x=14.49, y=-1.97, IG=68.769142, distance=21.86 m, score=3.146389, region=74, candidates=8, near_fallback=False, compute=3.08 s
[bt_navigator-14] [INFO] [1790834157.074508844] [bt_navigator]: Begin navigating from current location (-5.86, 6.03) to (14.49, -1.97)
[controller_server-9] [INFO] [1790834157.095290750] [controller_server]: Received a goal, begin computing control effort.
[INFO] [1790834157.251325279] [mapex_explorer]: Main goal accepted
[INFO] [1790834157.272475100] [mapex_explorer]: Main /plan diagnostic: poses=467, endpoint=(14.49, -1.97), frontier=(14.49, -1.97), endpoint_to_frontier=0.000 m, limit=0.10 m -> usable
[INFO] [1790834158.148356480] [mapex_explorer]: Main /plan diagnostic: poses=462, endpoint=(14.49, -1.97), frontier=(14.49, -1.97), endpoint_to_frontier=0.000 m, limit=0.10 m -> usable
[controller_server-9] [INFO] [1790834158.162101702] [controller_server]: Passing new path to controller.
[controller_server-9] [INFO] [1790834159.162096099] [controller_server]: Passing new path to controller.
[INFO] [1790834159.168670752] [mapex_explorer]: Main /plan diagnostic: poses=457, endpoint=(14.49, -1.97), frontier=(14.49, -1.97), endpoint_to_frontier=0.000 m, limit=0.10 m -> usable
[INFO] [1790834160.177719922] [mapex_explorer]: Main /plan diagnostic: poses=448, endpoint=(14.49, -1.97), frontier=(14.49, -1.97), endpoint_to_frontier=0.000 m, limit=0.10 m -> usable
[controller_server-9] [INFO] [1790834160.228767121] [controller_server]: Passing new path to controller.
[INFO] [1790834161.217518557] [mapex_explorer]: Main /plan diagnostic: poses=440, endpoint=(14.49, -1.97), frontier=(14.49, -1.97), endpoint_to_frontier=0.000 m, limit=0.10 m -> usable
[controller_server-9] [INFO] [1790834161.228763618] [controller_server]: Passing new path to controller.
[INFO] [1790834162.244684026] [mapex_explorer]: Main /plan diagnostic: poses=435, endpoint=(14.49, -1.97), frontier=(14.49, -1.97), endpoint_to_frontier=0.000 m, limit=0.10 m -> usable
[controller_server-9] [INFO] [1790834162.295438996] [controller_server]: Passing new path to controller.
[INFO] [1790834163.251777305] [mapex_explorer]: Main /plan diagnostic: poses=427, endpoint=(14.49, -1.97), frontier=(14.49, -1.97), endpoint_to_frontier=0.000 m, limit=0.10 m -> usable
[controller_server-9] [INFO] [1790834163.295430402] [controller_server]: Passing new path to controller.
[INFO] [1790834164.267987271] [mapex_explorer]: Main /plan diagnostic: poses=421, endpoint=(14.49, -1.97), frontier=(14.49, -1.97), endpoint_to_frontier=0.000 m, limit=0.10 m -> usable
[controller_server-9] [INFO] [1790834164.295423717] [controller_server]: Passing new path to controller.
[INFO] [1790834165.357796195] [mapex_explorer]: Main /plan diagnostic: poses=411, endpoint=(14.49, -1.97), frontier=(14.49, -1.97), endpoint_to_frontier=0.000 m, limit=0.10 m -> usable
[controller_server-9] [INFO] [1790834165.362103714] [controller_server]: Passing new path to controller.
[INFO] [1790834166.325465860] [mapex_explorer]: Main /plan diagnostic: poses=406, endpoint=(14.49, -1.97), frontier=(14.49, -1.97), endpoint_to_frontier=0.000 m, limit=0.10 m -> usable
[controller_server-9] [INFO] [1790834166.362139733] [controller_server]: Passing new path to controller.
[INFO] [1790834167.348536963] [mapex_explorer]: Main /plan diagnostic: poses=400, endpoint=(14.49, -1.97), frontier=(14.49, -1.97), endpoint_to_frontier=0.000 m, limit=0.10 m -> usable
[controller_server-9] [INFO] [1790834167.362093028] [controller_server]: Passing new path to controller.
[INFO] [1790834168.389396862] [mapex_explorer]: Main /plan diagnostic: poses=393, endpoint=(14.49, -1.97), frontier=(14.49, -1.97), endpoint_to_frontier=0.000 m, limit=0.10 m -> usable
[controller_server-9] [INFO] [1790834168.428777844] [controller_server]: Passing new path to controller.
[INFO] [1790834169.420170136] [mapex_explorer]: Main /plan diagnostic: poses=386, endpoint=(14.49, -1.97), frontier=(14.49, -1.97), endpoint_to_frontier=0.000 m, limit=0.10 m -> usable
[controller_server-9] [INFO] [1790834169.429391338] [controller_server]: Passing new path to controller.
[INFO] [1790834170.427186007] [mapex_explorer]: Main /plan diagnostic: poses=380, endpoint=(14.49, -1.97), frontier=(14.49, -1.97), endpoint_to_frontier=0.000 m, limit=0.10 m -> usable
[controller_server-9] [INFO] [1790834170.428752327] [controller_server]: Passing new path to controller.
[async_slam_toolbox_node-8] W20261001 12:56:11.178957 30090 preprocessor.cc:67] Specified options.num_threads: 50 exceeds maximum available from the threading model Ceres was compiled with: 16.  Bounding to maximum number available.
[async_slam_toolbox_node-8] [INFO] [1790834171.181634522] [slam_toolbox]: Adaptive anchor summary: latest_node=483, local_edges=499, loop_history=0, avg_effective_weight=1.576, release_regions=0
[controller_server-9] [INFO] [1790834171.328113083] [local_costmap.local_costmap]: StaticLayer: Resizing static layer to 254 X 250 at 0.100000 m/pix
[INFO] [1790834171.466224100] [mapex_explorer]: Main /plan diagnostic: poses=373, endpoint=(14.49, -1.97), frontier=(14.49, -1.97), endpoint_to_frontier=0.000 m, limit=0.10 m -> usable
[controller_server-9] [INFO] [1790834171.495422030] [controller_server]: Passing new path to controller.
[planner_server-11] [INFO] [1790834172.189089538] [global_costmap.global_costmap]: StaticLayer: Resizing costmap to 254 X 250 at 0.100000 m/pix
[INFO] [1790834172.486475946] [mapex_explorer]: Main /plan diagnostic: poses=365, endpoint=(14.49, -1.97), frontier=(14.49, -1.97), endpoint_to_frontier=0.000 m, limit=0.10 m -> usable
[controller_server-9] [INFO] [1790834172.495421969] [controller_server]: Passing new path to controller.
[INFO] [1790834173.545173335] [mapex_explorer]: Main /plan diagnostic: poses=356, endpoint=(14.49, -1.97), frontier=(14.49, -1.97), endpoint_to_frontier=0.000 m, limit=0.10 m -> usable
[controller_server-9] [INFO] [1790834173.562112865] [controller_server]: Passing new path to controller.
[INFO] [1790834174.517137311] [mapex_explorer]: Main /plan diagnostic: poses=353, endpoint=(14.49, -1.97), frontier=(14.49, -1.97), endpoint_to_frontier=0.000 m, limit=0.10 m -> usable
[controller_server-9] [INFO] [1790834174.562118741] [controller_server]: Passing new path to controller.
[INFO] [1790834175.558562421] [mapex_explorer]: Main /plan diagnostic: poses=345, endpoint=(14.49, -1.97), frontier=(14.49, -1.97), endpoint_to_frontier=0.000 m, limit=0.10 m -> usable
[controller_server-9] [INFO] [1790834175.562095901] [controller_server]: Passing new path to controller.
[INFO] [1790834176.575006884] [mapex_explorer]: Main /plan diagnostic: poses=337, endpoint=(14.49, -1.97), frontier=(14.49, -1.97), endpoint_to_frontier=0.000 m, limit=0.10 m -> usable
[controller_server-9] [INFO] [1790834176.628768187] [controller_server]: Passing new path to controller.
[controller_server-9] [INFO] [1790834177.628754730] [controller_server]: Passing new path to controller.
[INFO] [1790834177.656871834] [mapex_explorer]: Main /plan diagnostic: poses=329, endpoint=(14.49, -1.97), frontier=(14.49, -1.97), endpoint_to_frontier=0.000 m, limit=0.10 m -> usable
[INFO] [1790834178.642791536] [mapex_explorer]: Main /plan diagnostic: poses=325, endpoint=(14.49, -1.97), frontier=(14.49, -1.97), endpoint_to_frontier=0.000 m, limit=0.10 m -> usable
[controller_server-9] [INFO] [1790834178.695447583] [controller_server]: Passing new path to controller.
[INFO] [1790834179.666472129] [mapex_explorer]: Main /plan diagnostic: poses=317, endpoint=(14.49, -1.97), frontier=(14.49, -1.97), endpoint_to_frontier=0.000 m, limit=0.10 m -> usable
[controller_server-9] [INFO] [1790834179.695665199] [controller_server]: Passing new path to controller.
[INFO] [1790834180.679495506] [mapex_explorer]: Main /plan diagnostic: poses=308, endpoint=(14.49, -1.97), frontier=(14.49, -1.97), endpoint_to_frontier=0.000 m, limit=0.10 m -> usable
[controller_server-9] [INFO] [1790834180.695437707] [controller_server]: Passing new path to controller.
[INFO] [1790834181.736120897] [mapex_explorer]: Main /plan diagnostic: poses=304, endpoint=(14.49, -1.97), frontier=(14.49, -1.97), endpoint_to_frontier=0.000 m, limit=0.10 m -> usable
[controller_server-9] [INFO] [1790834181.762115991] [controller_server]: Passing new path to controller.
[INFO] [1790834182.738740376] [mapex_explorer]: Main /plan diagnostic: poses=296, endpoint=(14.49, -1.97), frontier=(14.49, -1.97), endpoint_to_frontier=0.000 m, limit=0.10 m -> usable
[controller_server-9] [INFO] [1790834182.762141311] [controller_server]: Passing new path to controller.
[INFO] [1790834183.771322763] [mapex_explorer]: Main /plan diagnostic: poses=291, endpoint=(14.49, -1.97), frontier=(14.49, -1.97), endpoint_to_frontier=0.000 m, limit=0.10 m -> usable
[controller_server-9] [INFO] [1790834183.828760599] [controller_server]: Passing new path to controller.
[INFO] [1790834184.828546987] [mapex_explorer]: Main /plan diagnostic: poses=280, endpoint=(14.49, -1.97), frontier=(14.49, -1.97), endpoint_to_frontier=0.000 m, limit=0.10 m -> usable
[controller_server-9] [INFO] [1790834184.828786400] [controller_server]: Passing new path to controller.
[controller_server-9] [INFO] [1790834185.828768067] [controller_server]: Passing new path to controller.
[INFO] [1790834185.857282849] [mapex_explorer]: Main /plan diagnostic: poses=274, endpoint=(14.49, -1.97), frontier=(14.49, -1.97), endpoint_to_frontier=0.000 m, limit=0.10 m -> usable
[INFO] [1790834186.864495800] [mapex_explorer]: Main /plan diagnostic: poses=265, endpoint=(14.49, -1.97), frontier=(14.49, -1.97), endpoint_to_frontier=0.000 m, limit=0.10 m -> usable
[controller_server-9] [INFO] [1790834186.895423646] [controller_server]: Passing new path to controller.
[INFO] [1790834187.871991322] [mapex_explorer]: Main /plan diagnostic: poses=262, endpoint=(14.49, -1.97), frontier=(14.49, -1.97), endpoint_to_frontier=0.000 m, limit=0.10 m -> usable
[controller_server-9] [INFO] [1790834187.895449496] [controller_server]: Passing new path to controller.
[INFO] [1790834188.927794453] [mapex_explorer]: Main /plan diagnostic: poses=255, endpoint=(14.49, -1.97), frontier=(14.49, -1.97), endpoint_to_frontier=0.000 m, limit=0.10 m -> usable
[controller_server-9] [INFO] [1790834188.962093083] [controller_server]: Passing new path to controller.
[controller_server-9] [INFO] [1790834189.962094808] [controller_server]: Passing new path to controller.
[INFO] [1790834190.041720040] [mapex_explorer]: Main /plan diagnostic: poses=247, endpoint=(14.49, -1.97), frontier=(14.49, -1.97), endpoint_to_frontier=0.000 m, limit=0.10 m -> usable
[INFO] [1790834190.964974914] [mapex_explorer]: Main /plan diagnostic: poses=242, endpoint=(14.49, -1.97), frontier=(14.49, -1.97), endpoint_to_frontier=0.000 m, limit=0.10 m -> usable
[controller_server-9] [INFO] [1790834191.028754910] [controller_server]: Passing new path to controller.
[INFO] [1790834191.972624261] [mapex_explorer]: Main /plan diagnostic: poses=231, endpoint=(14.49, -1.97), frontier=(14.49, -1.97), endpoint_to_frontier=0.000 m, limit=0.10 m -> usable
[controller_server-9] [INFO] [1790834192.028767403] [controller_server]: Passing new path to controller.
[INFO] [1790834193.003712982] [mapex_explorer]: Main /plan diagnostic: poses=228, endpoint=(14.49, -1.97), frontier=(14.49, -1.97), endpoint_to_frontier=0.000 m, limit=0.10 m -> usable
[controller_server-9] [INFO] [1790834193.028791820] [controller_server]: Passing new path to controller.
[INFO] [1790834194.024560023] [mapex_explorer]: Main /plan diagnostic: poses=220, endpoint=(14.49, -1.97), frontier=(14.49, -1.97), endpoint_to_frontier=0.000 m, limit=0.10 m -> usable
[controller_server-9] [INFO] [1790834194.028766379] [controller_server]: Passing new path to controller.
[INFO] [1790834195.048916871] [mapex_explorer]: Main /plan diagnostic: poses=214, endpoint=(14.49, -1.97), frontier=(14.49, -1.97), endpoint_to_frontier=0.000 m, limit=0.10 m -> usable
[controller_server-9] [INFO] [1790834195.095433136] [controller_server]: Passing new path to controller.
[INFO] [1790834196.078444204] [mapex_explorer]: Main /plan diagnostic: poses=204, endpoint=(14.49, -1.97), frontier=(14.49, -1.97), endpoint_to_frontier=0.000 m, limit=0.10 m -> usable
[controller_server-9] [INFO] [1790834196.095442452] [controller_server]: Passing new path to controller.
[INFO] [1790834197.071675217] [mapex_explorer]: Main /plan diagnostic: poses=200, endpoint=(14.49, -1.97), frontier=(14.49, -1.97), endpoint_to_frontier=0.000 m, limit=0.10 m -> usable
[controller_server-9] [INFO] [1790834197.095440950] [controller_server]: Passing new path to controller.
[INFO] [1790834198.109665856] [mapex_explorer]: Main /plan diagnostic: poses=193, endpoint=(14.49, -1.97), frontier=(14.49, -1.97), endpoint_to_frontier=0.000 m, limit=0.10 m -> usable
[controller_server-9] [INFO] [1790834198.162088510] [controller_server]: Passing new path to controller.
[controller_server-9] [INFO] [1790834198.328151861] [local_costmap.local_costmap]: StaticLayer: Resizing static layer to 256 X 250 at 0.100000 m/pix
[INFO] [1790834199.112071038] [mapex_explorer]: Main /plan diagnostic: poses=185, endpoint=(14.49, -1.97), frontier=(14.49, -1.97), endpoint_to_frontier=0.000 m, limit=0.10 m -> usable
[controller_server-9] [INFO] [1790834199.162095947] [controller_server]: Passing new path to controller.
[planner_server-11] [INFO] [1790834199.189105228] [global_costmap.global_costmap]: StaticLayer: Resizing costmap to 256 X 250 at 0.100000 m/pix
[controller_server-9] [INFO] [1790834199.328143892] [local_costmap.local_costmap]: StaticLayer: Resizing static layer to 257 X 250 at 0.100000 m/pix
[INFO] [1790834200.148905476] [mapex_explorer]: Main /plan diagnostic: poses=176, endpoint=(14.49, -1.97), frontier=(14.49, -1.97), endpoint_to_frontier=0.000 m, limit=0.10 m -> usable
[controller_server-9] [INFO] [1790834200.162113251] [controller_server]: Passing new path to controller.
[planner_server-11] [INFO] [1790834200.189129119] [global_costmap.global_costmap]: StaticLayer: Resizing costmap to 257 X 250 at 0.100000 m/pix
[INFO] [1790834201.207161291] [mapex_explorer]: Main /plan diagnostic: poses=172, endpoint=(14.49, -1.97), frontier=(14.49, -1.97), endpoint_to_frontier=0.000 m, limit=0.10 m -> usable
[controller_server-9] [INFO] [1790834201.228764731] [controller_server]: Passing new path to controller.
[INFO] [1790834202.206343291] [mapex_explorer]: Main /plan diagnostic: poses=165, endpoint=(14.49, -1.97), frontier=(14.49, -1.97), endpoint_to_frontier=0.000 m, limit=0.10 m -> usable
[controller_server-9] [INFO] [1790834202.228760652] [controller_server]: Passing new path to controller.
[INFO] [1790834203.249675531] [mapex_explorer]: Main /plan diagnostic: poses=158, endpoint=(14.49, -1.97), frontier=(14.49, -1.97), endpoint_to_frontier=0.000 m, limit=0.10 m -> usable
[controller_server-9] [INFO] [1790834203.295436144] [controller_server]: Passing new path to controller.
[INFO] [1790834204.253790433] [mapex_explorer]: Main /plan diagnostic: poses=148, endpoint=(14.49, -1.97), frontier=(14.49, -1.97), endpoint_to_frontier=0.000 m, limit=0.10 m -> usable
[controller_server-9] [INFO] [1790834204.295424764] [controller_server]: Passing new path to controller.
[INFO] [1790834205.272941355] [mapex_explorer]: Main /plan diagnostic: poses=144, endpoint=(14.49, -1.97), frontier=(14.49, -1.97), endpoint_to_frontier=0.000 m, limit=0.10 m -> usable
[controller_server-9] [INFO] [1790834205.295423581] [controller_server]: Passing new path to controller.
[INFO] [1790834206.303825993] [mapex_explorer]: Main /plan diagnostic: poses=137, endpoint=(14.49, -1.97), frontier=(14.49, -1.97), endpoint_to_frontier=0.000 m, limit=0.10 m -> usable
[controller_server-9] [INFO] [1790834206.362098613] [controller_server]: Passing new path to controller.
[INFO] [1790834207.344777963] [mapex_explorer]: Main /plan diagnostic: poses=130, endpoint=(14.49, -1.97), frontier=(14.49, -1.97), endpoint_to_frontier=0.000 m, limit=0.10 m -> usable
[controller_server-9] [INFO] [1790834207.362089238] [controller_server]: Passing new path to controller.
[INFO] [1790834208.352918473] [mapex_explorer]: Main /plan diagnostic: poses=120, endpoint=(14.49, -1.97), frontier=(14.49, -1.97), endpoint_to_frontier=0.000 m, limit=0.10 m -> usable
[controller_server-9] [INFO] [1790834208.362088207] [controller_server]: Passing new path to controller.
[INFO] [1790834209.374123243] [mapex_explorer]: Main /plan diagnostic: poses=113, endpoint=(14.49, -1.97), frontier=(14.49, -1.97), endpoint_to_frontier=0.000 m, limit=0.10 m -> usable
[controller_server-9] [INFO] [1790834209.428807947] [controller_server]: Passing new path to controller.
[INFO] [1790834210.415251645] [mapex_explorer]: Main /plan diagnostic: poses=110, endpoint=(14.49, -1.97), frontier=(14.49, -1.97), endpoint_to_frontier=0.000 m, limit=0.10 m -> usable
[controller_server-9] [INFO] [1790834210.428923841] [controller_server]: Passing new path to controller.
[INFO] [1790834211.425789583] [mapex_explorer]: Main /plan diagnostic: poses=103, endpoint=(14.49, -1.97), frontier=(14.49, -1.97), endpoint_to_frontier=0.000 m, limit=0.10 m -> usable
[controller_server-9] [INFO] [1790834211.428781824] [controller_server]: Passing new path to controller.
[INFO] [1790834212.463950262] [mapex_explorer]: Main /plan diagnostic: poses=93, endpoint=(14.49, -1.97), frontier=(14.49, -1.97), endpoint_to_frontier=0.000 m, limit=0.10 m -> usable
[controller_server-9] [INFO] [1790834212.496172973] [controller_server]: Passing new path to controller.
[INFO] [1790834213.495961061] [mapex_explorer]: Main /plan diagnostic: poses=89, endpoint=(14.49, -1.97), frontier=(14.49, -1.97), endpoint_to_frontier=0.000 m, limit=0.10 m -> usable
[controller_server-9] [INFO] [1790834213.495530760] [controller_server]: Passing new path to controller.
[controller_server-9] [INFO] [1790834214.328193900] [local_costmap.local_costmap]: StaticLayer: Resizing static layer to 279 X 250 at 0.100000 m/pix
[INFO] [1790834214.536587440] [mapex_explorer]: Main /plan diagnostic: poses=80, endpoint=(14.49, -1.97), frontier=(14.49, -1.97), endpoint_to_frontier=0.000 m, limit=0.10 m -> usable
[controller_server-9] [INFO] [1790834214.562093898] [controller_server]: Passing new path to controller.
[planner_server-11] [INFO] [1790834215.189170456] [global_costmap.global_costmap]: StaticLayer: Resizing costmap to 279 X 250 at 0.100000 m/pix
[controller_server-9] [INFO] [1790834215.328109693] [local_costmap.local_costmap]: StaticLayer: Resizing static layer to 280 X 250 at 0.100000 m/pix
[INFO] [1790834215.530098247] [mapex_explorer]: Main /plan diagnostic: poses=75, endpoint=(14.49, -1.97), frontier=(14.49, -1.97), endpoint_to_frontier=0.000 m, limit=0.10 m -> usable
[controller_server-9] [INFO] [1790834215.562107601] [controller_server]: Passing new path to controller.
[planner_server-11] [INFO] [1790834216.189499185] [global_costmap.global_costmap]: StaticLayer: Resizing costmap to 280 X 250 at 0.100000 m/pix
[INFO] [1790834216.553427384] [mapex_explorer]: Main /plan diagnostic: poses=73, endpoint=(14.49, -1.97), frontier=(14.49, -1.97), endpoint_to_frontier=0.000 m, limit=0.10 m -> usable
[controller_server-9] [INFO] [1790834216.628808023] [controller_server]: Passing new path to controller.
[INFO] [1790834217.571964250] [mapex_explorer]: Main /plan diagnostic: poses=61, endpoint=(14.49, -1.97), frontier=(14.49, -1.97), endpoint_to_frontier=0.000 m, limit=0.10 m -> usable
[controller_server-9] [INFO] [1790834217.628769301] [controller_server]: Passing new path to controller.
[INFO] [1790834218.589463564] [mapex_explorer]: Main /plan diagnostic: poses=55, endpoint=(14.49, -1.97), frontier=(14.49, -1.97), endpoint_to_frontier=0.000 m, limit=0.10 m -> usable
[controller_server-9] [INFO] [1790834218.628767041] [controller_server]: Passing new path to controller.
[INFO] [1790834219.618812665] [mapex_explorer]: Main /plan diagnostic: poses=48, endpoint=(14.49, -1.97), frontier=(14.49, -1.97), endpoint_to_frontier=0.000 m, limit=0.10 m -> usable
[controller_server-9] [INFO] [1790834219.695435409] [controller_server]: Passing new path to controller.
[INFO] [1790834220.639048313] [mapex_explorer]: Main /plan diagnostic: poses=40, endpoint=(14.49, -1.97), frontier=(14.49, -1.97), endpoint_to_frontier=0.000 m, limit=0.10 m -> usable
[controller_server-9] [INFO] [1790834220.695425865] [controller_server]: Passing new path to controller.
[INFO] [1790834221.669932101] [mapex_explorer]: Main /plan diagnostic: poses=34, endpoint=(14.49, -1.97), frontier=(14.49, -1.97), endpoint_to_frontier=0.000 m, limit=0.10 m -> usable
[controller_server-9] [INFO] [1790834221.695431753] [controller_server]: Passing new path to controller.
[INFO] [1790834222.707151668] [mapex_explorer]: Main /plan diagnostic: poses=29, endpoint=(14.49, -1.97), frontier=(14.49, -1.97), endpoint_to_frontier=0.000 m, limit=0.10 m -> usable
[controller_server-9] [INFO] [1790834222.762129509] [controller_server]: Passing new path to controller.
[INFO] [1790834223.717635888] [mapex_explorer]: Main /plan diagnostic: poses=22, endpoint=(14.49, -1.97), frontier=(14.49, -1.97), endpoint_to_frontier=0.000 m, limit=0.10 m -> usable
[controller_server-9] [INFO] [1790834223.762124472] [controller_server]: Passing new path to controller.
[INFO] [1790834224.754419743] [mapex_explorer]: Main /plan diagnostic: poses=15, endpoint=(14.49, -1.97), frontier=(14.49, -1.97), endpoint_to_frontier=0.000 m, limit=0.10 m -> usable
[controller_server-9] [INFO] [1790834224.762090258] [controller_server]: Passing new path to controller.
[INFO] [1790834225.768940209] [mapex_explorer]: Main /plan diagnostic: poses=13, endpoint=(14.49, -1.97), frontier=(14.49, -1.97), endpoint_to_frontier=0.000 m, limit=0.10 m -> usable
[controller_server-9] [INFO] [1790834225.828758854] [controller_server]: Passing new path to controller.
[INFO] [1790834226.790267952] [mapex_explorer]: Main /plan diagnostic: poses=13, endpoint=(14.49, -1.97), frontier=(14.49, -1.97), endpoint_to_frontier=0.000 m, limit=0.10 m -> usable
[controller_server-9] [INFO] [1790834226.828774544] [controller_server]: Passing new path to controller.
[INFO] [1790834227.817230077] [mapex_explorer]: Main /plan diagnostic: poses=13, endpoint=(14.49, -1.97), frontier=(14.49, -1.97), endpoint_to_frontier=0.000 m, limit=0.10 m -> usable
[controller_server-9] [INFO] [1790834227.895418723] [controller_server]: Passing new path to controller.
[controller_server-9] [INFO] [1790834228.764075481] [controller_server]: Reached the goal!
[controller_server-9] [INFO] [1790834228.764302921] [controller_server]: Optimizer reset
[bt_navigator-14] [INFO] [1790834228.784956572] [bt_navigator]: Goal succeeded
[INFO] [1790834228.790860496] [mapex_explorer]: Goal reached
[INFO] [1790834232.292254144] [mapex_explorer]: MapEx decision 9: selected x=15.48, y=-4.47, IG=59.065125, distance=2.88 m, score=20.522924, region=118, candidates=7, near_fallback=False, compute=3.30 s
[bt_navigator-14] [INFO] [1790834232.292989485] [bt_navigator]: Begin navigating from current location (14.14, -1.92) to (15.48, -4.47)
[controller_server-9] [INFO] [1790834232.313838995] [controller_server]: Received a goal, begin computing control effort.
[INFO] [1790834232.385430162] [mapex_explorer]: Main goal accepted
[INFO] [1790834232.400973504] [mapex_explorer]: Main /plan diagnostic: poses=173, endpoint=(15.48, -4.47), frontier=(15.48, -4.47), endpoint_to_frontier=0.000 m, limit=0.10 m -> usable
[INFO] [1790834233.330327969] [mapex_explorer]: Main /plan diagnostic: poses=166, endpoint=(15.48, -4.47), frontier=(15.48, -4.47), endpoint_to_frontier=0.000 m, limit=0.10 m -> usable
[controller_server-9] [INFO] [1790834233.381046166] [controller_server]: Passing new path to controller.
[INFO] [1790834234.376270354] [mapex_explorer]: Main /plan diagnostic: poses=163, endpoint=(15.48, -4.47), frontier=(15.48, -4.47), endpoint_to_frontier=0.000 m, limit=0.10 m -> usable
[controller_server-9] [INFO] [1790834234.381660519] [controller_server]: Passing new path to controller.
[INFO] [1790834235.389012031] [mapex_explorer]: Main /plan diagnostic: poses=163, endpoint=(15.48, -4.47), frontier=(15.48, -4.47), endpoint_to_frontier=0.000 m, limit=0.10 m -> usable
[controller_server-9] [INFO] [1790834235.447336149] [controller_server]: Passing new path to controller.
[INFO] [1790834236.399466818] [mapex_explorer]: Main /plan diagnostic: poses=161, endpoint=(15.48, -4.47), frontier=(15.48, -4.47), endpoint_to_frontier=0.000 m, limit=0.10 m -> usable
[controller_server-9] [INFO] [1790834236.447349630] [controller_server]: Passing new path to controller.
[INFO] [1790834237.430283198] [mapex_explorer]: Main /plan diagnostic: poses=148, endpoint=(15.48, -4.47), frontier=(15.48, -4.47), endpoint_to_frontier=0.000 m, limit=0.10 m -> usable
[controller_server-9] [INFO] [1790834237.447360562] [controller_server]: Passing new path to controller.
[INFO] [1790834238.479138322] [mapex_explorer]: Main /plan diagnostic: poses=139, endpoint=(15.48, -4.47), frontier=(15.48, -4.47), endpoint_to_frontier=0.000 m, limit=0.10 m -> usable
[controller_server-9] [INFO] [1790834238.514007497] [controller_server]: Passing new path to controller.
[INFO] [1790834239.489112449] [mapex_explorer]: Main /plan diagnostic: poses=127, endpoint=(15.48, -4.47), frontier=(15.48, -4.47), endpoint_to_frontier=0.000 m, limit=0.10 m -> usable
[controller_server-9] [INFO] [1790834239.514026041] [controller_server]: Passing new path to controller.
[INFO] [1790834240.535172850] [mapex_explorer]: Main /plan diagnostic: poses=122, endpoint=(15.48, -4.47), frontier=(15.48, -4.47), endpoint_to_frontier=0.000 m, limit=0.10 m -> usable
[controller_server-9] [INFO] [1790834240.580644332] [controller_server]: Passing new path to controller.
[INFO] [1790834241.538286429] [mapex_explorer]: Main /plan diagnostic: poses=106, endpoint=(15.48, -4.47), frontier=(15.48, -4.47), endpoint_to_frontier=0.000 m, limit=0.10 m -> usable
[controller_server-9] [INFO] [1790834241.581220790] [controller_server]: Passing new path to controller.
[INFO] [1790834242.568177337] [mapex_explorer]: Main /plan diagnostic: poses=98, endpoint=(15.48, -4.47), frontier=(15.48, -4.47), endpoint_to_frontier=0.000 m, limit=0.10 m -> usable
[controller_server-9] [INFO] [1790834242.580645414] [controller_server]: Passing new path to controller.
[controller_server-9] [INFO] [1790834243.328158880] [local_costmap.local_costmap]: StaticLayer: Resizing static layer to 317 X 250 at 0.100000 m/pix
[INFO] [1790834243.597748342] [mapex_explorer]: Main /plan diagnostic: poses=89, endpoint=(15.48, -4.47), frontier=(15.48, -4.47), endpoint_to_frontier=0.000 m, limit=0.10 m -> usable
[controller_server-9] [INFO] [1790834243.647351736] [controller_server]: Passing new path to controller.
[planner_server-11] [INFO] [1790834244.189188488] [global_costmap.global_costmap]: StaticLayer: Resizing costmap to 317 X 250 at 0.100000 m/pix
[controller_server-9] [INFO] [1790834244.328121665] [local_costmap.local_costmap]: StaticLayer: Resizing static layer to 321 X 250 at 0.100000 m/pix
[INFO] [1790834244.636003307] [mapex_explorer]: Main /plan diagnostic: poses=77, endpoint=(15.48, -4.47), frontier=(15.48, -4.47), endpoint_to_frontier=0.000 m, limit=0.10 m -> usable
[controller_server-9] [INFO] [1790834244.647362213] [controller_server]: Passing new path to controller.
[planner_server-11] [INFO] [1790834245.189128360] [global_costmap.global_costmap]: StaticLayer: Resizing costmap to 321 X 250 at 0.100000 m/pix
[controller_server-9] [INFO] [1790834245.328159910] [local_costmap.local_costmap]: StaticLayer: Resizing static layer to 325 X 250 at 0.100000 m/pix
[INFO] [1790834245.648684707] [mapex_explorer]: Main /plan diagnostic: poses=69, endpoint=(15.48, -4.47), frontier=(15.48, -4.47), endpoint_to_frontier=0.000 m, limit=0.10 m -> usable
[controller_server-9] [INFO] [1790834245.714013148] [controller_server]: Passing new path to controller.
[planner_server-11] [INFO] [1790834246.189136561] [global_costmap.global_costmap]: StaticLayer: Resizing costmap to 325 X 250 at 0.100000 m/pix
[controller_server-9] [INFO] [1790834246.328159173] [local_costmap.local_costmap]: StaticLayer: Resizing static layer to 329 X 250 at 0.100000 m/pix
[INFO] [1790834246.698276820] [mapex_explorer]: Main /plan diagnostic: poses=59, endpoint=(15.48, -4.47), frontier=(15.48, -4.47), endpoint_to_frontier=0.000 m, limit=0.10 m -> usable
[controller_server-9] [INFO] [1790834246.714016044] [controller_server]: Passing new path to controller.
[planner_server-11] [INFO] [1790834247.189090689] [global_costmap.global_costmap]: StaticLayer: Resizing costmap to 329 X 250 at 0.100000 m/pix
[controller_server-9] [INFO] [1790834247.328113741] [local_costmap.local_costmap]: StaticLayer: Resizing static layer to 337 X 250 at 0.100000 m/pix
[INFO] [1790834247.696727798] [mapex_explorer]: Main /plan diagnostic: poses=48, endpoint=(15.48, -4.47), frontier=(15.48, -4.47), endpoint_to_frontier=0.000 m, limit=0.10 m -> usable
[controller_server-9] [INFO] [1790834247.713999158] [controller_server]: Passing new path to controller.
[planner_server-11] [INFO] [1790834248.189690172] [global_costmap.global_costmap]: StaticLayer: Resizing costmap to 337 X 250 at 0.100000 m/pix
[controller_server-9] [INFO] [1790834248.328088050] [local_costmap.local_costmap]: StaticLayer: Resizing static layer to 339 X 250 at 0.100000 m/pix
[INFO] [1790834248.727190255] [mapex_explorer]: Main /plan diagnostic: poses=38, endpoint=(15.48, -4.47), frontier=(15.48, -4.47), endpoint_to_frontier=0.000 m, limit=0.10 m -> usable
[controller_server-9] [INFO] [1790834248.780670612] [controller_server]: Passing new path to controller.
[planner_server-11] [INFO] [1790834249.189180818] [global_costmap.global_costmap]: StaticLayer: Resizing costmap to 339 X 250 at 0.100000 m/pix
[controller_server-9] [INFO] [1790834249.328418880] [local_costmap.local_costmap]: StaticLayer: Resizing static layer to 340 X 250 at 0.100000 m/pix
[INFO] [1790834249.772931209] [mapex_explorer]: Main /plan diagnostic: poses=26, endpoint=(15.48, -4.47), frontier=(15.48, -4.47), endpoint_to_frontier=0.000 m, limit=0.10 m -> usable
[controller_server-9] [INFO] [1790834249.780634128] [controller_server]: Passing new path to controller.
[planner_server-11] [INFO] [1790834250.189099387] [global_costmap.global_costmap]: StaticLayer: Resizing costmap to 340 X 250 at 0.100000 m/pix
[controller_server-9] [INFO] [1790834250.328123722] [local_costmap.local_costmap]: StaticLayer: Resizing static layer to 348 X 250 at 0.100000 m/pix
[INFO] [1790834250.786878519] [mapex_explorer]: Main /plan diagnostic: poses=18, endpoint=(15.48, -4.47), frontier=(15.48, -4.47), endpoint_to_frontier=0.000 m, limit=0.10 m -> usable
[controller_server-9] [INFO] [1790834250.847368184] [controller_server]: Passing new path to controller.
[planner_server-11] [INFO] [1790834251.189177014] [global_costmap.global_costmap]: StaticLayer: Resizing costmap to 348 X 250 at 0.100000 m/pix
[controller_server-9] [INFO] [1790834251.328105330] [local_costmap.local_costmap]: StaticLayer: Resizing static layer to 349 X 250 at 0.100000 m/pix
[INFO] [1790834251.831473961] [mapex_explorer]: Main /plan diagnostic: poses=12, endpoint=(15.48, -4.47), frontier=(15.48, -4.47), endpoint_to_frontier=0.000 m, limit=0.10 m -> usable
[controller_server-9] [INFO] [1790834251.847359706] [controller_server]: Passing new path to controller.
[planner_server-11] [INFO] [1790834252.189158105] [global_costmap.global_costmap]: StaticLayer: Resizing costmap to 349 X 250 at 0.100000 m/pix
[controller_server-9] [INFO] [1790834252.715277264] [controller_server]: Reached the goal!
[controller_server-9] [INFO] [1790834252.715406289] [controller_server]: Optimizer reset
[bt_navigator-14] [INFO] [1790834252.743426346] [bt_navigator]: Goal succeeded
[INFO] [1790834252.747416962] [mapex_explorer]: Goal reached
[controller_server-9] [INFO] [1790834253.328139537] [local_costmap.local_costmap]: StaticLayer: Resizing static layer to 354 X 250 at 0.100000 m/pix
[planner_server-11] [INFO] [1790834254.189190793] [global_costmap.global_costmap]: StaticLayer: Resizing costmap to 354 X 250 at 0.100000 m/pix
[INFO] [1790834256.817820383] [mapex_explorer]: MapEx decision 10: selected x=21.28, y=-6.67, IG=100.834961, distance=6.54 m, score=15.419312, region=22, candidates=10, near_fallback=False, compute=3.82 s
[bt_navigator-14] [INFO] [1790834256.818935629] [bt_navigator]: Begin navigating from current location (15.17, -4.36) to (21.28, -6.67)
[controller_server-9] [INFO] [1790834256.839538969] [controller_server]: Received a goal, begin computing control effort.
[INFO] [1790834256.988000192] [mapex_explorer]: Main goal accepted
[INFO] [1790834256.994819993] [mapex_explorer]: Main /plan diagnostic: poses=136, endpoint=(21.28, -6.67), frontier=(21.28, -6.67), endpoint_to_frontier=0.000 m, limit=0.10 m -> usable
[INFO] [1790834257.888104250] [mapex_explorer]: Main /plan diagnostic: poses=129, endpoint=(21.28, -6.67), frontier=(21.28, -6.67), endpoint_to_frontier=0.000 m, limit=0.10 m -> usable
[controller_server-9] [INFO] [1790834257.906363718] [controller_server]: Passing new path to controller.
[controller_server-9] [INFO] [1790834258.328117377] [local_costmap.local_costmap]: StaticLayer: Resizing static layer to 361 X 250 at 0.100000 m/pix
[INFO] [1790834258.894778321] [mapex_explorer]: Main /plan diagnostic: poses=119, endpoint=(21.28, -6.67), frontier=(21.28, -6.67), endpoint_to_frontier=0.000 m, limit=0.10 m -> usable
[controller_server-9] [INFO] [1790834258.906351854] [controller_server]: Passing new path to controller.
[planner_server-11] [INFO] [1790834259.189101379] [global_costmap.global_costmap]: StaticLayer: Resizing costmap to 361 X 250 at 0.100000 m/pix
[INFO] [1790834259.921788624] [mapex_explorer]: Main /plan diagnostic: poses=111, endpoint=(21.28, -6.67), frontier=(21.28, -6.67), endpoint_to_frontier=0.000 m, limit=0.10 m -> usable
[controller_server-9] [INFO] [1790834259.973012072] [controller_server]: Passing new path to controller.
[controller_server-9] [INFO] [1790834260.328137467] [local_costmap.local_costmap]: StaticLayer: Resizing static layer to 371 X 250 at 0.100000 m/pix
[INFO] [1790834260.944665403] [mapex_explorer]: Main /plan diagnostic: poses=101, endpoint=(21.28, -6.67), frontier=(21.28, -6.67), endpoint_to_frontier=0.000 m, limit=0.10 m -> usable
[controller_server-9] [INFO] [1790834260.973032604] [controller_server]: Passing new path to controller.
[planner_server-11] [INFO] [1790834261.189137694] [global_costmap.global_costmap]: StaticLayer: Resizing costmap to 371 X 250 at 0.100000 m/pix
[controller_server-9] [INFO] [1790834261.328121439] [local_costmap.local_costmap]: StaticLayer: Resizing static layer to 372 X 250 at 0.100000 m/pix
[INFO] [1790834261.979363872] [mapex_explorer]: Main /plan diagnostic: poses=91, endpoint=(21.28, -6.67), frontier=(21.28, -6.67), endpoint_to_frontier=0.000 m, limit=0.10 m -> usable
[controller_server-9] [INFO] [1790834262.039646253] [controller_server]: Passing new path to controller.
[planner_server-11] [INFO] [1790834262.189135003] [global_costmap.global_costmap]: StaticLayer: Resizing costmap to 372 X 250 at 0.100000 m/pix
[controller_server-9] [INFO] [1790834262.328105314] [local_costmap.local_costmap]: StaticLayer: Resizing static layer to 380 X 250 at 0.100000 m/pix
[INFO] [1790834262.999102212] [mapex_explorer]: Main /plan diagnostic: poses=81, endpoint=(21.28, -6.67), frontier=(21.28, -6.67), endpoint_to_frontier=0.000 m, limit=0.10 m -> usable
[controller_server-9] [INFO] [1790834263.039635499] [controller_server]: Passing new path to controller.
[planner_server-11] [INFO] [1790834263.189099246] [global_costmap.global_costmap]: StaticLayer: Resizing costmap to 380 X 250 at 0.100000 m/pix
[controller_server-9] [INFO] [1790834263.328143452] [local_costmap.local_costmap]: StaticLayer: Resizing static layer to 385 X 250 at 0.100000 m/pix
[INFO] [1790834264.015154435] [mapex_explorer]: Main /plan diagnostic: poses=70, endpoint=(21.28, -6.67), frontier=(21.28, -6.67), endpoint_to_frontier=0.000 m, limit=0.10 m -> usable
[controller_server-9] [INFO] [1790834264.039701347] [controller_server]: Passing new path to controller.
[planner_server-11] [INFO] [1790834264.189087571] [global_costmap.global_costmap]: StaticLayer: Resizing costmap to 385 X 250 at 0.100000 m/pix
[controller_server-9] [INFO] [1790834264.328098872] [local_costmap.local_costmap]: StaticLayer: Resizing static layer to 387 X 250 at 0.100000 m/pix
[INFO] [1790834265.052105142] [mapex_explorer]: Main /plan diagnostic: poses=60, endpoint=(21.28, -6.67), frontier=(21.28, -6.67), endpoint_to_frontier=0.000 m, limit=0.10 m -> usable
[controller_server-9] [INFO] [1790834265.106369237] [controller_server]: Passing new path to controller.
[planner_server-11] [INFO] [1790834265.189475033] [global_costmap.global_costmap]: StaticLayer: Resizing costmap to 387 X 250 at 0.100000 m/pix
[controller_server-9] [INFO] [1790834265.328117550] [local_costmap.local_costmap]: StaticLayer: Resizing static layer to 392 X 250 at 0.100000 m/pix
[INFO] [1790834266.066460590] [mapex_explorer]: Main /plan diagnostic: poses=51, endpoint=(21.28, -6.67), frontier=(21.28, -6.67), endpoint_to_frontier=0.000 m, limit=0.10 m -> usable
[controller_server-9] [INFO] [1790834266.106338267] [controller_server]: Passing new path to controller.
[planner_server-11] [INFO] [1790834266.189130147] [global_costmap.global_costmap]: StaticLayer: Resizing costmap to 392 X 250 at 0.100000 m/pix
[INFO] [1790834267.134826687] [mapex_explorer]: Main /plan diagnostic: poses=41, endpoint=(21.28, -6.67), frontier=(21.28, -6.67), endpoint_to_frontier=0.000 m, limit=0.10 m -> usable
[controller_server-9] [INFO] [1790834267.173007018] [controller_server]: Passing new path to controller.
[controller_server-9] [INFO] [1790834267.328167565] [local_costmap.local_costmap]: StaticLayer: Resizing static layer to 396 X 250 at 0.100000 m/pix
[INFO] [1790834268.113063324] [mapex_explorer]: Main /plan diagnostic: poses=30, endpoint=(21.28, -6.67), frontier=(21.28, -6.67), endpoint_to_frontier=0.000 m, limit=0.10 m -> usable
[controller_server-9] [INFO] [1790834268.173030517] [controller_server]: Passing new path to controller.
[planner_server-11] [INFO] [1790834268.189134927] [global_costmap.global_costmap]: StaticLayer: Resizing costmap to 396 X 250 at 0.100000 m/pix
[controller_server-9] [INFO] [1790834268.328098132] [local_costmap.local_costmap]: StaticLayer: Resizing static layer to 408 X 250 at 0.100000 m/pix
[INFO] [1790834269.145155909] [mapex_explorer]: Main /plan diagnostic: poses=21, endpoint=(21.28, -6.67), frontier=(21.28, -6.67), endpoint_to_frontier=0.000 m, limit=0.10 m -> usable
[controller_server-9] [INFO] [1790834269.173189625] [controller_server]: Passing new path to controller.
[planner_server-11] [INFO] [1790834269.189154291] [global_costmap.global_costmap]: StaticLayer: Resizing costmap to 408 X 250 at 0.100000 m/pix
[INFO] [1790834270.178652796] [mapex_explorer]: Main /plan diagnostic: poses=13, endpoint=(21.28, -6.67), frontier=(21.28, -6.67), endpoint_to_frontier=0.000 m, limit=0.10 m -> usable
[controller_server-9] [INFO] [1790834270.239653951] [controller_server]: Passing new path to controller.
[controller_server-9] [INFO] [1790834270.328098906] [local_costmap.local_costmap]: StaticLayer: Resizing static layer to 414 X 250 at 0.100000 m/pix
[planner_server-11] [INFO] [1790834271.189095369] [global_costmap.global_costmap]: StaticLayer: Resizing costmap to 414 X 250 at 0.100000 m/pix
[INFO] [1790834271.194384843] [mapex_explorer]: Main /plan diagnostic: poses=10, endpoint=(21.28, -6.67), frontier=(21.28, -6.67), endpoint_to_frontier=0.000 m, limit=0.10 m -> usable
[controller_server-9] [INFO] [1790834271.239645684] [controller_server]: Passing new path to controller.
[controller_server-9] [INFO] [1790834271.574425099] [controller_server]: Reached the goal!
[controller_server-9] [INFO] [1790834271.574554794] [controller_server]: Optimizer reset
[bt_navigator-14] [INFO] [1790834271.599274790] [bt_navigator]: Goal succeeded
[INFO] [1790834271.605603634] [mapex_explorer]: Goal reached
[INFO] [1790834277.638584598] [mapex_explorer]: MapEx decision 11: selected x=19.38, y=-8.17, IG=46.510014, distance=2.50 m, score=18.568510, region=75, candidates=15, near_fallback=False, compute=5.63 s
[bt_navigator-14] [INFO] [1790834277.639355481] [bt_navigator]: Begin navigating from current location (21.14, -6.37) to (19.38, -8.17)
[controller_server-9] [INFO] [1790834277.659790214] [controller_server]: Received a goal, begin computing control effort.
[INFO] [1790834278.042590488] [mapex_explorer]: Main goal accepted
[INFO] [1790834278.092348482] [mapex_explorer]: Main /plan diagnostic: poses=49, endpoint=(19.38, -8.17), frontier=(19.38, -8.17), endpoint_to_frontier=0.000 m, limit=0.10 m -> usable
[INFO] [1790834278.677985000] [mapex_explorer]: Main /plan diagnostic: poses=49, endpoint=(19.38, -8.17), frontier=(19.38, -8.17), endpoint_to_frontier=0.000 m, limit=0.10 m -> usable
[controller_server-9] [INFO] [1790834278.726571720] [controller_server]: Passing new path to controller.
[INFO] [1790834279.707587297] [mapex_explorer]: Main /plan diagnostic: poses=41, endpoint=(19.38, -8.17), frontier=(19.38, -8.17), endpoint_to_frontier=0.000 m, limit=0.10 m -> usable
[controller_server-9] [INFO] [1790834279.726559940] [controller_server]: Passing new path to controller.
[controller_server-9] [INFO] [1790834280.793236777] [controller_server]: Passing new path to controller.
[INFO] [1790834280.823063097] [mapex_explorer]: Main /plan diagnostic: poses=31, endpoint=(19.38, -8.17), frontier=(19.38, -8.17), endpoint_to_frontier=0.000 m, limit=0.10 m -> usable
[INFO] [1790834281.770932480] [mapex_explorer]: Main /plan diagnostic: poses=21, endpoint=(19.38, -8.17), frontier=(19.38, -8.17), endpoint_to_frontier=0.000 m, limit=0.10 m -> usable
[controller_server-9] [INFO] [1790834281.793257483] [controller_server]: Passing new path to controller.
[INFO] [1790834282.821790796] [mapex_explorer]: Main /plan diagnostic: poses=14, endpoint=(19.38, -8.17), frontier=(19.38, -8.17), endpoint_to_frontier=0.000 m, limit=0.10 m -> usable
[controller_server-9] [INFO] [1790834282.859932508] [controller_server]: Passing new path to controller.
[INFO] [1790834283.803595748] [mapex_explorer]: Main /plan diagnostic: poses=8, endpoint=(19.38, -8.17), frontier=(19.38, -8.17), endpoint_to_frontier=0.000 m, limit=0.10 m -> usable
[controller_server-9] [INFO] [1790834283.859903839] [controller_server]: Passing new path to controller.
[controller_server-9] [INFO] [1790834284.194646748] [controller_server]: Reached the goal!
[controller_server-9] [INFO] [1790834284.194788036] [controller_server]: Optimizer reset
[bt_navigator-14] [INFO] [1790834284.219638578] [bt_navigator]: Goal succeeded
[INFO] [1790834284.221204901] [mapex_explorer]: Goal reached
[INFO] [1790834291.171679257] [mapex_explorer]: MapEx decision 12: selected x=16.48, y=-10.87, IG=32.974037, distance=4.29 m, score=7.679634, region=57, candidates=20, near_fallback=False, compute=6.18 s
[bt_navigator-14] [INFO] [1790834291.172672032] [bt_navigator]: Begin navigating from current location (19.64, -7.95) to (16.48, -10.87)
[controller_server-9] [INFO] [1790834291.193158301] [controller_server]: Received a goal, begin computing control effort.
[INFO] [1790834291.475416933] [mapex_explorer]: Main goal accepted
[INFO] [1790834291.682329443] [mapex_explorer]: Main /plan diagnostic: poses=88, endpoint=(16.48, -10.87), frontier=(16.48, -10.87), endpoint_to_frontier=0.000 m, limit=0.10 m -> usable
[controller_server-9] [INFO] [1790834292.259979137] [controller_server]: Passing new path to controller.
[INFO] [1790834292.271590471] [mapex_explorer]: Main /plan diagnostic: poses=80, endpoint=(16.48, -10.87), frontier=(16.48, -10.87), endpoint_to_frontier=0.000 m, limit=0.10 m -> usable
[INFO] [1790834293.248383221] [mapex_explorer]: Main /plan diagnostic: poses=72, endpoint=(16.48, -10.87), frontier=(16.48, -10.87), endpoint_to_frontier=0.000 m, limit=0.10 m -> usable
[controller_server-9] [INFO] [1790834293.259994752] [controller_server]: Passing new path to controller.
[controller_server-9] [INFO] [1790834293.329354656] [local_costmap.local_costmap]: StaticLayer: Resizing static layer to 414 X 250 at 0.100000 m/pix
[planner_server-11] [INFO] [1790834294.189149152] [global_costmap.global_costmap]: StaticLayer: Resizing costmap to 414 X 250 at 0.100000 m/pix
[INFO] [1790834294.294516202] [mapex_explorer]: Main /plan diagnostic: poses=61, endpoint=(16.48, -10.87), frontier=(16.48, -10.87), endpoint_to_frontier=0.000 m, limit=0.10 m -> usable
[controller_server-9] [INFO] [1790834294.326619962] [controller_server]: Passing new path to controller.
[INFO] [1790834295.298118465] [mapex_explorer]: Main /plan diagnostic: poses=53, endpoint=(16.48, -10.87), frontier=(16.48, -10.87), endpoint_to_frontier=0.000 m, limit=0.10 m -> usable
[controller_server-9] [INFO] [1790834295.326657503] [controller_server]: Passing new path to controller.
[INFO] [1790834296.327800810] [mapex_explorer]: Main /plan diagnostic: poses=42, endpoint=(16.48, -10.87), frontier=(16.48, -10.87), endpoint_to_frontier=0.000 m, limit=0.10 m -> usable
[controller_server-9] [INFO] [1790834296.393283270] [controller_server]: Passing new path to controller.
[INFO] [1790834297.336704683] [mapex_explorer]: Main /plan diagnostic: poses=31, endpoint=(16.48, -10.87), frontier=(16.48, -10.87), endpoint_to_frontier=0.000 m, limit=0.10 m -> usable
[controller_server-9] [INFO] [1790834297.393284668] [controller_server]: Passing new path to controller.
[INFO] [1790834298.371679649] [mapex_explorer]: Main /plan diagnostic: poses=22, endpoint=(16.48, -10.87), frontier=(16.48, -10.87), endpoint_to_frontier=0.000 m, limit=0.10 m -> usable
[controller_server-9] [INFO] [1790834298.393285340] [controller_server]: Passing new path to controller.
[INFO] [1790834299.398231282] [mapex_explorer]: Main /plan diagnostic: poses=14, endpoint=(16.48, -10.87), frontier=(16.48, -10.87), endpoint_to_frontier=0.000 m, limit=0.10 m -> usable
[controller_server-9] [INFO] [1790834299.459951460] [controller_server]: Passing new path to controller.
[INFO] [1790834300.418352685] [mapex_explorer]: Main /plan diagnostic: poses=9, endpoint=(16.48, -10.87), frontier=(16.48, -10.87), endpoint_to_frontier=0.000 m, limit=0.10 m -> usable
[controller_server-9] [INFO] [1790834300.460140506] [controller_server]: Passing new path to controller.
[controller_server-9] [INFO] [1790834300.929876340] [controller_server]: Reached the goal!
[controller_server-9] [INFO] [1790834300.930259072] [controller_server]: Optimizer reset
[bt_navigator-14] [INFO] [1790834300.953245236] [bt_navigator]: Goal succeeded
[INFO] [1790834300.955938877] [mapex_explorer]: Goal reached
[INFO] [1790834306.881737858] [mapex_explorer]: MapEx decision 13: selected x=30.18, y=-1.47, IG=98.159485, distance=16.26 m, score=6.035573, region=153, candidates=19, near_fallback=False, compute=5.87 s
[bt_navigator-14] [INFO] [1790834306.882760935] [bt_navigator]: Begin navigating from current location (16.68, -10.61) to (30.18, -1.47)
[controller_server-9] [INFO] [1790834306.903441778] [controller_server]: Received a goal, begin computing control effort.
[INFO] [1790834307.287875511] [mapex_explorer]: Main goal accepted
[INFO] [1790834307.405151639] [mapex_explorer]: Main /plan diagnostic: poses=343, endpoint=(30.18, -1.47), frontier=(30.18, -1.47), endpoint_to_frontier=0.000 m, limit=0.10 m -> usable
[controller_server-9] [INFO] [1790834307.970293252] [controller_server]: Passing new path to controller.
[INFO] [1790834308.012162543] [mapex_explorer]: Main /plan diagnostic: poses=337, endpoint=(30.18, -1.47), frontier=(30.18, -1.47), endpoint_to_frontier=0.000 m, limit=0.10 m -> usable
[INFO] [1790834308.936586326] [mapex_explorer]: Main /plan diagnostic: poses=331, endpoint=(30.18, -1.47), frontier=(30.18, -1.47), endpoint_to_frontier=0.000 m, limit=0.10 m -> usable
[controller_server-9] [INFO] [1790834308.970329270] [controller_server]: Passing new path to controller.
[controller_server-9] [INFO] [1790834310.036962322] [controller_server]: Passing new path to controller.
[INFO] [1790834310.085235683] [mapex_explorer]: Main /plan diagnostic: poses=325, endpoint=(30.18, -1.47), frontier=(30.18, -1.47), endpoint_to_frontier=0.000 m, limit=0.10 m -> usable
[INFO] [1790834310.995588948] [mapex_explorer]: Main /plan diagnostic: poses=316, endpoint=(30.18, -1.47), frontier=(30.18, -1.47), endpoint_to_frontier=0.000 m, limit=0.10 m -> usable
[controller_server-9] [INFO] [1790834311.036979576] [controller_server]: Passing new path to controller.
[INFO] [1790834312.021560487] [mapex_explorer]: Main /plan diagnostic: poses=310, endpoint=(30.18, -1.47), frontier=(30.18, -1.47), endpoint_to_frontier=0.000 m, limit=0.10 m -> usable
[controller_server-9] [INFO] [1790834312.036984395] [controller_server]: Passing new path to controller.
[INFO] [1790834313.069466967] [mapex_explorer]: Main /plan diagnostic: poses=302, endpoint=(30.18, -1.47), frontier=(30.18, -1.47), endpoint_to_frontier=0.000 m, limit=0.10 m -> usable
[controller_server-9] [INFO] [1790834313.106369015] [controller_server]: Passing new path to controller.
[controller_server-9] [INFO] [1790834314.103666845] [controller_server]: Passing new path to controller.
[INFO] [1790834314.116507392] [mapex_explorer]: Main /plan diagnostic: poses=295, endpoint=(30.18, -1.47), frontier=(30.18, -1.47), endpoint_to_frontier=0.000 m, limit=0.10 m -> usable
[controller_server-9] [INFO] [1790834315.103628957] [controller_server]: Passing new path to controller.
[INFO] [1790834315.181375077] [mapex_explorer]: Main /plan diagnostic: poses=289, endpoint=(30.18, -1.47), frontier=(30.18, -1.47), endpoint_to_frontier=0.000 m, limit=0.10 m -> usable
[INFO] [1790834316.125106222] [mapex_explorer]: Main /plan diagnostic: poses=281, endpoint=(30.18, -1.47), frontier=(30.18, -1.47), endpoint_to_frontier=0.000 m, limit=0.10 m -> usable
[controller_server-9] [INFO] [1790834316.170333870] [controller_server]: Passing new path to controller.
[INFO] [1790834317.141101199] [mapex_explorer]: Main /plan diagnostic: poses=274, endpoint=(30.18, -1.47), frontier=(30.18, -1.47), endpoint_to_frontier=0.000 m, limit=0.10 m -> usable
[controller_server-9] [INFO] [1790834317.170310511] [controller_server]: Passing new path to controller.
[INFO] [1790834318.171517815] [mapex_explorer]: Main /plan diagnostic: poses=267, endpoint=(30.18, -1.47), frontier=(30.18, -1.47), endpoint_to_frontier=0.000 m, limit=0.10 m -> usable
[controller_server-9] [INFO] [1790834318.236959097] [controller_server]: Passing new path to controller.
[INFO] [1790834319.184461998] [mapex_explorer]: Main /plan diagnostic: poses=261, endpoint=(30.18, -1.47), frontier=(30.18, -1.47), endpoint_to_frontier=0.000 m, limit=0.10 m -> usable
[controller_server-9] [INFO] [1790834319.236963374] [controller_server]: Passing new path to controller.
[controller_server-9] [INFO] [1790834320.236966149] [controller_server]: Passing new path to controller.
[INFO] [1790834320.258694449] [mapex_explorer]: Main /plan diagnostic: poses=254, endpoint=(30.18, -1.47), frontier=(30.18, -1.47), endpoint_to_frontier=0.000 m, limit=0.10 m -> usable
[INFO] [1790834321.288934434] [mapex_explorer]: Main /plan diagnostic: poses=245, endpoint=(30.18, -1.47), frontier=(30.18, -1.47), endpoint_to_frontier=0.000 m, limit=0.10 m -> usable
[controller_server-9] [INFO] [1790834321.303626918] [controller_server]: Passing new path to controller.
[INFO] [1790834322.268439258] [mapex_explorer]: Main /plan diagnostic: poses=238, endpoint=(30.18, -1.47), frontier=(30.18, -1.47), endpoint_to_frontier=0.000 m, limit=0.10 m -> usable
[controller_server-9] [INFO] [1790834322.303626249] [controller_server]: Passing new path to controller.
[controller_server-9] [INFO] [1790834323.303623018] [controller_server]: Passing new path to controller.
[INFO] [1790834323.304310919] [mapex_explorer]: Main /plan diagnostic: poses=234, endpoint=(30.18, -1.47), frontier=(30.18, -1.47), endpoint_to_frontier=0.000 m, limit=0.10 m -> usable
[INFO] [1790834324.342972180] [mapex_explorer]: Main /plan diagnostic: poses=225, endpoint=(30.18, -1.47), frontier=(30.18, -1.47), endpoint_to_frontier=0.000 m, limit=0.10 m -> usable
[controller_server-9] [INFO] [1790834324.370416281] [controller_server]: Passing new path to controller.
[INFO] [1790834325.354452954] [mapex_explorer]: Main /plan diagnostic: poses=217, endpoint=(30.18, -1.47), frontier=(30.18, -1.47), endpoint_to_frontier=0.000 m, limit=0.10 m -> usable
[controller_server-9] [INFO] [1790834325.370606291] [controller_server]: Passing new path to controller.
[async_slam_toolbox_node-8] W20261001 12:58:45.610781 30090 preprocessor.cc:67] Specified options.num_threads: 50 exceeds maximum available from the threading model Ceres was compiled with: 16.  Bounding to maximum number available.
[async_slam_toolbox_node-8] [INFO] [1790834325.615507848] [slam_toolbox]: Adaptive anchor summary: latest_node=864, local_edges=888, loop_history=0, avg_effective_weight=1.324, release_regions=0
[controller_server-9] [INFO] [1790834326.328097646] [local_costmap.local_costmap]: StaticLayer: Resizing static layer to 417 X 250 at 0.100000 m/pix
[INFO] [1790834326.391717467] [mapex_explorer]: Main /plan diagnostic: poses=210, endpoint=(30.18, -1.47), frontier=(30.18, -1.47), endpoint_to_frontier=0.000 m, limit=0.10 m -> usable
[controller_server-9] [INFO] [1790834326.436988160] [controller_server]: Passing new path to controller.
[planner_server-11] [INFO] [1790834327.189130437] [global_costmap.global_costmap]: StaticLayer: Resizing costmap to 417 X 250 at 0.100000 m/pix
[controller_server-9] [INFO] [1790834327.328099255] [local_costmap.local_costmap]: StaticLayer: Resizing static layer to 418 X 250 at 0.100000 m/pix
[controller_server-9] [INFO] [1790834327.436977171] [controller_server]: Passing new path to controller.
[INFO] [1790834327.448826983] [mapex_explorer]: Main /plan diagnostic: poses=201, endpoint=(30.18, -1.47), frontier=(30.18, -1.47), endpoint_to_frontier=0.000 m, limit=0.10 m -> usable
[planner_server-11] [INFO] [1790834328.189107046] [global_costmap.global_costmap]: StaticLayer: Resizing costmap to 418 X 250 at 0.100000 m/pix
[controller_server-9] [INFO] [1790834328.328113054] [local_costmap.local_costmap]: StaticLayer: Resizing static layer to 424 X 250 at 0.100000 m/pix
[controller_server-9] [INFO] [1790834328.503625263] [controller_server]: Passing new path to controller.
[INFO] [1790834328.577459472] [mapex_explorer]: Main /plan diagnostic: poses=195, endpoint=(30.18, -1.47), frontier=(30.18, -1.47), endpoint_to_frontier=0.000 m, limit=0.10 m -> usable
[planner_server-11] [INFO] [1790834329.189095058] [global_costmap.global_costmap]: StaticLayer: Resizing costmap to 424 X 250 at 0.100000 m/pix
[controller_server-9] [INFO] [1790834329.503624035] [controller_server]: Passing new path to controller.
[INFO] [1790834329.512884299] [mapex_explorer]: Main /plan diagnostic: poses=189, endpoint=(30.18, -1.47), frontier=(30.18, -1.47), endpoint_to_frontier=0.000 m, limit=0.10 m -> usable
[controller_server-9] [INFO] [1790834330.328147211] [local_costmap.local_costmap]: StaticLayer: Resizing static layer to 432 X 250 at 0.100000 m/pix
[controller_server-9] [INFO] [1790834330.503649992] [controller_server]: Passing new path to controller.
[INFO] [1790834330.513970449] [mapex_explorer]: Main /plan diagnostic: poses=180, endpoint=(30.18, -1.47), frontier=(30.18, -1.47), endpoint_to_frontier=0.000 m, limit=0.10 m -> usable
[planner_server-11] [INFO] [1790834331.189167839] [global_costmap.global_costmap]: StaticLayer: Resizing costmap to 432 X 250 at 0.100000 m/pix
[controller_server-9] [INFO] [1790834331.328172864] [local_costmap.local_costmap]: StaticLayer: Resizing static layer to 434 X 250 at 0.100000 m/pix
[INFO] [1790834331.526861025] [mapex_explorer]: Main /plan diagnostic: poses=172, endpoint=(30.18, -1.47), frontier=(30.18, -1.47), endpoint_to_frontier=0.000 m, limit=0.10 m -> usable
[controller_server-9] [INFO] [1790834331.570287756] [controller_server]: Passing new path to controller.
[planner_server-11] [INFO] [1790834332.189107296] [global_costmap.global_costmap]: StaticLayer: Resizing costmap to 434 X 250 at 0.100000 m/pix
[INFO] [1790834332.530380404] [mapex_explorer]: Main /plan diagnostic: poses=166, endpoint=(30.18, -1.47), frontier=(30.18, -1.47), endpoint_to_frontier=0.000 m, limit=0.10 m -> usable
[controller_server-9] [INFO] [1790834332.570289286] [controller_server]: Passing new path to controller.
[controller_server-9] [INFO] [1790834333.328159896] [local_costmap.local_costmap]: StaticLayer: Resizing static layer to 438 X 250 at 0.100000 m/pix
[INFO] [1790834333.552638586] [mapex_explorer]: Main /plan diagnostic: poses=160, endpoint=(30.18, -1.47), frontier=(30.18, -1.47), endpoint_to_frontier=0.000 m, limit=0.10 m -> usable
[controller_server-9] [INFO] [1790834333.570347385] [controller_server]: Passing new path to controller.
[planner_server-11] [INFO] [1790834334.189129755] [global_costmap.global_costmap]: StaticLayer: Resizing costmap to 438 X 250 at 0.100000 m/pix
[INFO] [1790834334.574928392] [mapex_explorer]: Main /plan diagnostic: poses=154, endpoint=(30.18, -1.47), frontier=(30.18, -1.47), endpoint_to_frontier=0.000 m, limit=0.10 m -> usable
[controller_server-9] [INFO] [1790834334.636957113] [controller_server]: Passing new path to controller.
[controller_server-9] [INFO] [1790834335.328125123] [local_costmap.local_costmap]: StaticLayer: Resizing static layer to 440 X 250 at 0.100000 m/pix
[INFO] [1790834335.596048022] [mapex_explorer]: Main /plan diagnostic: poses=144, endpoint=(30.18, -1.47), frontier=(30.18, -1.47), endpoint_to_frontier=0.000 m, limit=0.10 m -> usable
[controller_server-9] [INFO] [1790834335.636988353] [controller_server]: Passing new path to controller.
[planner_server-11] [INFO] [1790834336.189120806] [global_costmap.global_costmap]: StaticLayer: Resizing costmap to 440 X 250 at 0.100000 m/pix
[controller_server-9] [INFO] [1790834336.328123260] [local_costmap.local_costmap]: StaticLayer: Resizing static layer to 448 X 250 at 0.100000 m/pix
[INFO] [1790834336.628486819] [mapex_explorer]: Main /plan diagnostic: poses=137, endpoint=(30.18, -1.47), frontier=(30.18, -1.47), endpoint_to_frontier=0.000 m, limit=0.10 m -> usable
[controller_server-9] [INFO] [1790834336.636957166] [controller_server]: Passing new path to controller.
[planner_server-11] [INFO] [1790834337.189094287] [global_costmap.global_costmap]: StaticLayer: Resizing costmap to 448 X 250 at 0.100000 m/pix
[controller_server-9] [INFO] [1790834337.328155803] [local_costmap.local_costmap]: StaticLayer: Resizing static layer to 450 X 250 at 0.100000 m/pix
[INFO] [1790834337.666743943] [mapex_explorer]: Main /plan diagnostic: poses=131, endpoint=(30.18, -1.47), frontier=(30.18, -1.47), endpoint_to_frontier=0.000 m, limit=0.10 m -> usable
[controller_server-9] [INFO] [1790834337.703655058] [controller_server]: Passing new path to controller.
[planner_server-11] [INFO] [1790834338.189111186] [global_costmap.global_costmap]: StaticLayer: Resizing costmap to 450 X 250 at 0.100000 m/pix
[controller_server-9] [INFO] [1790834338.703643738] [controller_server]: Passing new path to controller.
[INFO] [1790834338.796240743] [mapex_explorer]: Main /plan diagnostic: poses=124, endpoint=(30.18, -1.47), frontier=(30.18, -1.47), endpoint_to_frontier=0.000 m, limit=0.10 m -> usable
[controller_server-9] [INFO] [1790834339.328150668] [local_costmap.local_costmap]: StaticLayer: Resizing static layer to 451 X 250 at 0.100000 m/pix
[INFO] [1790834339.734540330] [mapex_explorer]: Main /plan diagnostic: poses=115, endpoint=(30.18, -1.47), frontier=(30.18, -1.47), endpoint_to_frontier=0.000 m, limit=0.10 m -> usable
[controller_server-9] [INFO] [1790834339.770319426] [controller_server]: Passing new path to controller.
[planner_server-11] [INFO] [1790834340.189100410] [global_costmap.global_costmap]: StaticLayer: Resizing costmap to 451 X 250 at 0.100000 m/pix
[INFO] [1790834340.729205761] [mapex_explorer]: Main /plan diagnostic: poses=109, endpoint=(30.18, -1.47), frontier=(30.18, -1.47), endpoint_to_frontier=0.000 m, limit=0.10 m -> usable
[controller_server-9] [INFO] [1790834340.770321329] [controller_server]: Passing new path to controller.
[INFO] [1790834341.751305143] [mapex_explorer]: Main /plan diagnostic: poses=104, endpoint=(30.18, -1.47), frontier=(30.18, -1.47), endpoint_to_frontier=0.000 m, limit=0.10 m -> usable
[controller_server-9] [INFO] [1790834341.770295379] [controller_server]: Passing new path to controller.
[controller_server-9] [INFO] [1790834342.328126894] [local_costmap.local_costmap]: StaticLayer: Resizing static layer to 470 X 250 at 0.100000 m/pix
[INFO] [1790834342.779338314] [mapex_explorer]: Main /plan diagnostic: poses=97, endpoint=(30.18, -1.47), frontier=(30.18, -1.47), endpoint_to_frontier=0.000 m, limit=0.10 m -> usable
[controller_server-9] [INFO] [1790834342.836951642] [controller_server]: Passing new path to controller.
[planner_server-11] [INFO] [1790834343.189122851] [global_costmap.global_costmap]: StaticLayer: Resizing costmap to 470 X 250 at 0.100000 m/pix
[INFO] [1790834343.815411005] [mapex_explorer]: Main /plan diagnostic: poses=89, endpoint=(30.18, -1.47), frontier=(30.18, -1.47), endpoint_to_frontier=0.000 m, limit=0.10 m -> usable
[controller_server-9] [INFO] [1790834343.836978263] [controller_server]: Passing new path to controller.
[controller_server-9] [INFO] [1790834344.328107737] [local_costmap.local_costmap]: StaticLayer: Resizing static layer to 471 X 250 at 0.100000 m/pix
[INFO] [1790834344.836554105] [mapex_explorer]: Main /plan diagnostic: poses=82, endpoint=(30.18, -1.47), frontier=(30.18, -1.47), endpoint_to_frontier=0.000 m, limit=0.10 m -> usable
[controller_server-9] [INFO] [1790834344.903624626] [controller_server]: Passing new path to controller.
[planner_server-11] [INFO] [1790834345.189108724] [global_costmap.global_costmap]: StaticLayer: Resizing costmap to 471 X 250 at 0.100000 m/pix
[INFO] [1790834345.873576808] [mapex_explorer]: Main /plan diagnostic: poses=75, endpoint=(30.18, -1.47), frontier=(30.18, -1.47), endpoint_to_frontier=0.000 m, limit=0.10 m -> usable
[controller_server-9] [INFO] [1790834345.903626461] [controller_server]: Passing new path to controller.
[controller_server-9] [INFO] [1790834346.903648121] [controller_server]: Passing new path to controller.
[INFO] [1790834347.012137691] [mapex_explorer]: Main /plan diagnostic: poses=73, endpoint=(30.18, -1.47), frontier=(30.18, -1.47), endpoint_to_frontier=0.000 m, limit=0.10 m -> usable
[INFO] [1790834347.918628845] [mapex_explorer]: Main /plan diagnostic: poses=73, endpoint=(30.18, -1.47), frontier=(30.18, -1.47), endpoint_to_frontier=0.000 m, limit=0.10 m -> usable
[controller_server-9] [INFO] [1790834347.970292250] [controller_server]: Passing new path to controller.
[INFO] [1790834348.957844760] [mapex_explorer]: Main /plan diagnostic: poses=64, endpoint=(30.18, -1.47), frontier=(30.18, -1.47), endpoint_to_frontier=0.000 m, limit=0.10 m -> usable
[controller_server-9] [INFO] [1790834348.970443820] [controller_server]: Passing new path to controller.
[INFO] [1790834350.030097433] [mapex_explorer]: Main /plan diagnostic: poses=55, endpoint=(30.18, -1.47), frontier=(30.18, -1.47), endpoint_to_frontier=0.000 m, limit=0.10 m -> usable
[controller_server-9] [INFO] [1790834350.036989926] [controller_server]: Passing new path to controller.
[INFO] [1790834351.007124900] [mapex_explorer]: Main /plan diagnostic: poses=46, endpoint=(30.18, -1.47), frontier=(30.18, -1.47), endpoint_to_frontier=0.000 m, limit=0.10 m -> usable
[controller_server-9] [INFO] [1790834351.036957416] [controller_server]: Passing new path to controller.
[INFO] [1790834352.066190362] [mapex_explorer]: Main /plan diagnostic: poses=34, endpoint=(30.18, -1.47), frontier=(30.18, -1.47), endpoint_to_frontier=0.000 m, limit=0.10 m -> usable
[controller_server-9] [INFO] [1790834352.103628860] [controller_server]: Passing new path to controller.
[INFO] [1790834353.047985646] [mapex_explorer]: Main /plan diagnostic: poses=25, endpoint=(30.18, -1.47), frontier=(30.18, -1.47), endpoint_to_frontier=0.000 m, limit=0.10 m -> usable
[controller_server-9] [INFO] [1790834353.103649099] [controller_server]: Passing new path to controller.
[INFO] [1790834354.069357811] [mapex_explorer]: Main /plan diagnostic: poses=15, endpoint=(30.18, -1.47), frontier=(30.18, -1.47), endpoint_to_frontier=0.000 m, limit=0.10 m -> usable
[controller_server-9] [INFO] [1790834354.103713739] [controller_server]: Passing new path to controller.
[INFO] [1790834355.089858687] [mapex_explorer]: Main /plan diagnostic: poses=10, endpoint=(30.18, -1.47), frontier=(30.18, -1.47), endpoint_to_frontier=0.000 m, limit=0.10 m -> usable
[controller_server-9] [INFO] [1790834355.103623806] [controller_server]: Passing new path to controller.
[controller_server-9] [INFO] [1790834355.705702912] [controller_server]: Reached the goal!
[controller_server-9] [INFO] [1790834355.706060695] [controller_server]: Optimizer reset
[bt_navigator-14] [INFO] [1790834355.733059310] [bt_navigator]: Goal succeeded
[INFO] [1790834355.734503898] [mapex_explorer]: Goal reached
[INFO] [1790834362.295717771] [mapex_explorer]: MapEx decision 14: selected x=36.48, y=-3.47, IG=82.605934, distance=6.77 m, score=12.209227, region=32, candidates=21, near_fallback=False, compute=6.30 s
[bt_navigator-14] [INFO] [1790834362.296707145] [bt_navigator]: Begin navigating from current location (29.95, -1.71) to (36.48, -3.47)
[controller_server-9] [INFO] [1790834362.317365462] [controller_server]: Received a goal, begin computing control effort.
[INFO] [1790834362.726852991] [mapex_explorer]: Main goal accepted
[INFO] [1790834362.824339511] [mapex_explorer]: Main /plan diagnostic: poses=269, endpoint=(36.48, -3.47), frontier=(36.48, -3.47), endpoint_to_frontier=0.000 m, limit=0.10 m -> usable
[INFO] [1790834363.330673916] [mapex_explorer]: Main /plan diagnostic: poses=261, endpoint=(36.48, -3.47), frontier=(36.48, -3.47), endpoint_to_frontier=0.000 m, limit=0.10 m -> usable
[controller_server-9] [INFO] [1790834363.384198458] [controller_server]: Passing new path to controller.
[INFO] [1790834364.356151229] [mapex_explorer]: Main /plan diagnostic: poses=260, endpoint=(36.48, -3.47), frontier=(36.48, -3.47), endpoint_to_frontier=0.000 m, limit=0.10 m -> usable
[controller_server-9] [INFO] [1790834364.384224872] [controller_server]: Passing new path to controller.
[INFO] [1790834365.377640742] [mapex_explorer]: Main /plan diagnostic: poses=251, endpoint=(36.48, -3.47), frontier=(36.48, -3.47), endpoint_to_frontier=0.000 m, limit=0.10 m -> usable
[controller_server-9] [INFO] [1790834365.450879016] [controller_server]: Passing new path to controller.
[INFO] [1790834366.408028247] [mapex_explorer]: Main /plan diagnostic: poses=244, endpoint=(36.48, -3.47), frontier=(36.48, -3.47), endpoint_to_frontier=0.000 m, limit=0.10 m -> usable
[controller_server-9] [INFO] [1790834366.450871763] [controller_server]: Passing new path to controller.
[controller_server-9] [INFO] [1790834367.450875564] [controller_server]: Passing new path to controller.
[INFO] [1790834367.455513964] [mapex_explorer]: Main /plan diagnostic: poses=237, endpoint=(36.48, -3.47), frontier=(36.48, -3.47), endpoint_to_frontier=0.000 m, limit=0.10 m -> usable
[INFO] [1790834368.470705419] [mapex_explorer]: Main /plan diagnostic: poses=234, endpoint=(36.48, -3.47), frontier=(36.48, -3.47), endpoint_to_frontier=0.000 m, limit=0.10 m -> usable
[controller_server-9] [INFO] [1790834368.517538778] [controller_server]: Passing new path to controller.
[INFO] [1790834369.470959088] [mapex_explorer]: Main /plan diagnostic: poses=234, endpoint=(36.48, -3.47), frontier=(36.48, -3.47), endpoint_to_frontier=0.000 m, limit=0.10 m -> usable
[controller_server-9] [INFO] [1790834369.517570554] [controller_server]: Passing new path to controller.
[INFO] [1790834370.510333270] [mapex_explorer]: Main /plan diagnostic: poses=231, endpoint=(36.48, -3.47), frontier=(36.48, -3.47), endpoint_to_frontier=0.000 m, limit=0.10 m -> usable
[controller_server-9] [INFO] [1790834370.517562365] [controller_server]: Passing new path to controller.
[INFO] [1790834371.520412075] [mapex_explorer]: Main /plan diagnostic: poses=220, endpoint=(36.48, -3.47), frontier=(36.48, -3.47), endpoint_to_frontier=0.000 m, limit=0.10 m -> usable
[controller_server-9] [INFO] [1790834371.584194850] [controller_server]: Passing new path to controller.
[INFO] [1790834372.563295852] [mapex_explorer]: Main /plan diagnostic: poses=211, endpoint=(36.48, -3.47), frontier=(36.48, -3.47), endpoint_to_frontier=0.000 m, limit=0.10 m -> usable
[controller_server-9] [INFO] [1790834372.584196222] [controller_server]: Passing new path to controller.
[INFO] [1790834373.573186175] [mapex_explorer]: Main /plan diagnostic: poses=202, endpoint=(36.48, -3.47), frontier=(36.48, -3.47), endpoint_to_frontier=0.000 m, limit=0.10 m -> usable
[controller_server-9] [INFO] [1790834373.584199938] [controller_server]: Passing new path to controller.
[controller_server-9] [INFO] [1790834374.328205465] [local_costmap.local_costmap]: StaticLayer: Resizing static layer to 478 X 250 at 0.100000 m/pix
[INFO] [1790834374.598732480] [mapex_explorer]: Main /plan diagnostic: poses=193, endpoint=(36.48, -3.47), frontier=(36.48, -3.47), endpoint_to_frontier=0.000 m, limit=0.10 m -> usable
[controller_server-9] [INFO] [1790834374.650878377] [controller_server]: Passing new path to controller.
[planner_server-11] [INFO] [1790834375.189175847] [global_costmap.global_costmap]: StaticLayer: Resizing costmap to 478 X 250 at 0.100000 m/pix
[INFO] [1790834375.624638377] [mapex_explorer]: Main /plan diagnostic: poses=181, endpoint=(36.48, -3.47), frontier=(36.48, -3.47), endpoint_to_frontier=0.000 m, limit=0.10 m -> usable
[controller_server-9] [INFO] [1790834375.650881473] [controller_server]: Passing new path to controller.
[controller_server-9] [INFO] [1790834376.328094987] [local_costmap.local_costmap]: StaticLayer: Resizing static layer to 485 X 250 at 0.100000 m/pix
[INFO] [1790834376.659117275] [mapex_explorer]: Main /plan diagnostic: poses=171, endpoint=(36.48, -3.47), frontier=(36.48, -3.47), endpoint_to_frontier=0.000 m, limit=0.10 m -> usable
[controller_server-9] [INFO] [1790834376.717531242] [controller_server]: Passing new path to controller.
[planner_server-11] [INFO] [1790834377.189130876] [global_costmap.global_costmap]: StaticLayer: Resizing costmap to 485 X 250 at 0.100000 m/pix
[INFO] [1790834377.707916901] [mapex_explorer]: Main /plan diagnostic: poses=161, endpoint=(36.48, -3.47), frontier=(36.48, -3.47), endpoint_to_frontier=0.000 m, limit=0.10 m -> usable
[controller_server-9] [INFO] [1790834377.717537765] [controller_server]: Passing new path to controller.
[controller_server-9] [INFO] [1790834378.328099152] [local_costmap.local_costmap]: StaticLayer: Resizing static layer to 496 X 250 at 0.100000 m/pix
[INFO] [1790834378.709010237] [mapex_explorer]: Main /plan diagnostic: poses=151, endpoint=(36.48, -3.47), frontier=(36.48, -3.47), endpoint_to_frontier=0.000 m, limit=0.10 m -> usable
[controller_server-9] [INFO] [1790834378.717558810] [controller_server]: Passing new path to controller.
[planner_server-11] [INFO] [1790834379.189113653] [global_costmap.global_costmap]: StaticLayer: Resizing costmap to 496 X 250 at 0.100000 m/pix
[controller_server-9] [INFO] [1790834379.328127059] [local_costmap.local_costmap]: StaticLayer: Resizing static layer to 498 X 250 at 0.100000 m/pix
[INFO] [1790834379.765581634] [mapex_explorer]: Main /plan diagnostic: poses=140, endpoint=(36.48, -3.47), frontier=(36.48, -3.47), endpoint_to_frontier=0.000 m, limit=0.10 m -> usable
[controller_server-9] [INFO] [1790834379.784198306] [controller_server]: Passing new path to controller.
[planner_server-11] [INFO] [1790834380.189126938] [global_costmap.global_costmap]: StaticLayer: Resizing costmap to 498 X 250 at 0.100000 m/pix
[controller_server-9] [INFO] [1790834380.328131556] [local_costmap.local_costmap]: StaticLayer: Resizing static layer to 501 X 250 at 0.100000 m/pix
[INFO] [1790834380.764641340] [mapex_explorer]: Main /plan diagnostic: poses=130, endpoint=(36.48, -3.47), frontier=(36.48, -3.47), endpoint_to_frontier=0.000 m, limit=0.10 m -> usable
[controller_server-9] [INFO] [1790834380.784198986] [controller_server]: Passing new path to controller.
[planner_server-11] [INFO] [1790834381.189118366] [global_costmap.global_costmap]: StaticLayer: Resizing costmap to 501 X 250 at 0.100000 m/pix
[controller_server-9] [INFO] [1790834381.328090523] [local_costmap.local_costmap]: StaticLayer: Resizing static layer to 506 X 250 at 0.100000 m/pix
[INFO] [1790834381.766869110] [mapex_explorer]: Main /plan diagnostic: poses=119, endpoint=(36.48, -3.47), frontier=(36.48, -3.47), endpoint_to_frontier=0.000 m, limit=0.10 m -> usable
[controller_server-9] [INFO] [1790834381.784197477] [controller_server]: Passing new path to controller.
[planner_server-11] [INFO] [1790834382.189117353] [global_costmap.global_costmap]: StaticLayer: Resizing costmap to 506 X 250 at 0.100000 m/pix
[controller_server-9] [INFO] [1790834382.528093943] [local_costmap.local_costmap]: StaticLayer: Resizing static layer to 511 X 250 at 0.100000 m/pix
[INFO] [1790834382.796649484] [mapex_explorer]: Main /plan diagnostic: poses=108, endpoint=(36.48, -3.47), frontier=(36.48, -3.47), endpoint_to_frontier=0.000 m, limit=0.10 m -> usable
[controller_server-9] [INFO] [1790834382.850872794] [controller_server]: Passing new path to controller.
[planner_server-11] [INFO] [1790834383.189128581] [global_costmap.global_costmap]: StaticLayer: Resizing costmap to 511 X 250 at 0.100000 m/pix
[controller_server-9] [INFO] [1790834383.328120365] [local_costmap.local_costmap]: StaticLayer: Resizing static layer to 519 X 250 at 0.100000 m/pix
[INFO] [1790834383.814932094] [mapex_explorer]: Main /plan diagnostic: poses=100, endpoint=(36.48, -3.47), frontier=(36.48, -3.47), endpoint_to_frontier=0.000 m, limit=0.10 m -> usable
[controller_server-9] [INFO] [1790834383.850860792] [controller_server]: Passing new path to controller.
[planner_server-11] [INFO] [1790834384.189129945] [global_costmap.global_costmap]: StaticLayer: Resizing costmap to 519 X 250 at 0.100000 m/pix
[INFO] [1790834384.883183808] [mapex_explorer]: Main /plan diagnostic: poses=90, endpoint=(36.48, -3.47), frontier=(36.48, -3.47), endpoint_to_frontier=0.000 m, limit=0.10 m -> usable
[controller_server-9] [INFO] [1790834384.917528154] [controller_server]: Passing new path to controller.
[controller_server-9] [INFO] [1790834385.328105915] [local_costmap.local_costmap]: StaticLayer: Resizing static layer to 528 X 250 at 0.100000 m/pix
[INFO] [1790834385.868679814] [mapex_explorer]: Main /plan diagnostic: poses=80, endpoint=(36.48, -3.47), frontier=(36.48, -3.47), endpoint_to_frontier=0.000 m, limit=0.10 m -> usable
[controller_server-9] [INFO] [1790834385.917534603] [controller_server]: Passing new path to controller.
[planner_server-11] [INFO] [1790834386.189098420] [global_costmap.global_costmap]: StaticLayer: Resizing costmap to 528 X 250 at 0.100000 m/pix
[controller_server-9] [INFO] [1790834386.328091424] [local_costmap.local_costmap]: StaticLayer: Resizing static layer to 531 X 250 at 0.100000 m/pix
[controller_server-9] [INFO] [1790834386.917532248] [controller_server]: Passing new path to controller.
[INFO] [1790834386.937059269] [mapex_explorer]: Main /plan diagnostic: poses=70, endpoint=(36.48, -3.47), frontier=(36.48, -3.47), endpoint_to_frontier=0.000 m, limit=0.10 m -> usable
[planner_server-11] [INFO] [1790834387.189092653] [global_costmap.global_costmap]: StaticLayer: Resizing costmap to 531 X 250 at 0.100000 m/pix
[INFO] [1790834387.959086335] [mapex_explorer]: Main /plan diagnostic: poses=60, endpoint=(36.48, -3.47), frontier=(36.48, -3.47), endpoint_to_frontier=0.000 m, limit=0.10 m -> usable
[controller_server-9] [INFO] [1790834387.984195753] [controller_server]: Passing new path to controller.
[controller_server-9] [INFO] [1790834388.984194992] [controller_server]: Passing new path to controller.
[INFO] [1790834388.990394105] [mapex_explorer]: Main /plan diagnostic: poses=50, endpoint=(36.48, -3.47), frontier=(36.48, -3.47), endpoint_to_frontier=0.000 m, limit=0.10 m -> usable
[INFO] [1790834389.955388666] [mapex_explorer]: Main /plan diagnostic: poses=41, endpoint=(36.48, -3.47), frontier=(36.48, -3.47), endpoint_to_frontier=0.000 m, limit=0.10 m -> usable
[controller_server-9] [INFO] [1790834389.984196087] [controller_server]: Passing new path to controller.
[INFO] [1790834391.023397210] [mapex_explorer]: Main /plan diagnostic: poses=30, endpoint=(36.48, -3.47), frontier=(36.48, -3.47), endpoint_to_frontier=0.000 m, limit=0.10 m -> usable
[controller_server-9] [INFO] [1790834391.050861227] [controller_server]: Passing new path to controller.
[controller_server-9] [INFO] [1790834391.328094842] [local_costmap.local_costmap]: StaticLayer: Resizing static layer to 560 X 250 at 0.100000 m/pix
[INFO] [1790834392.006938916] [mapex_explorer]: Main /plan diagnostic: poses=20, endpoint=(36.48, -3.47), frontier=(36.48, -3.47), endpoint_to_frontier=0.000 m, limit=0.10 m -> usable
[controller_server-9] [INFO] [1790834392.050861469] [controller_server]: Passing new path to controller.
[planner_server-11] [INFO] [1790834392.189089978] [global_costmap.global_costmap]: StaticLayer: Resizing costmap to 560 X 250 at 0.100000 m/pix
[INFO] [1790834393.031558204] [mapex_explorer]: Main /plan diagnostic: poses=14, endpoint=(36.48, -3.47), frontier=(36.48, -3.47), endpoint_to_frontier=0.000 m, limit=0.10 m -> usable
[controller_server-9] [INFO] [1790834393.051071158] [controller_server]: Passing new path to controller.
[controller_server-9] [INFO] [1790834394.053721992] [controller_server]: Reached the goal!
[controller_server-9] [INFO] [1790834394.053982443] [controller_server]: Optimizer reset
[bt_navigator-14] [INFO] [1790834394.077091462] [bt_navigator]: Goal succeeded
[INFO] [1790834394.077557635] [mapex_explorer]: Main /plan diagnostic: poses=9, endpoint=(36.48, -3.47), frontier=(36.48, -3.47), endpoint_to_frontier=0.000 m, limit=0.10 m -> usable
[INFO] [1790834394.088546963] [mapex_explorer]: Goal reached
[INFO] [1790834402.787526797] [mapex_explorer]: MapEx decision 15: selected x=38.18, y=6.03, IG=122.623421, distance=9.91 m, score=12.370845, region=95, candidates=31, near_fallback=False, compute=7.79 s
[bt_navigator-14] [INFO] [1790834402.788265988] [bt_navigator]: Begin navigating from current location (36.22, -3.69) to (38.18, 6.03)
[planner_server-11] [WARN] [1790834402.794232535] [planner_server]: GridBased plugin failed to plan from (36.22, -3.69) to (38.18, 6.03): "Failed to create plan with tolerance of: 0.000000"
[planner_server-11] [WARN] [1790834402.794325103] [planner_server]: [compute_path_to_pose] [ActionServer] Aborting handle.
[behavior_server-13] [INFO] [1790834402.810884115] [behavior_server]: Running wait
[INFO] [1790834403.038941611] [mapex_explorer]: Main goal accepted
[behavior_server-13] [INFO] [1790834403.111087940] [behavior_server]: wait completed successfully
[planner_server-11] [WARN] [1790834403.133419531] [planner_server]: GridBased plugin failed to plan from (36.22, -3.69) to (38.18, 6.03): "Failed to create plan with tolerance of: 0.000000"
[planner_server-11] [WARN] [1790834403.133464594] [planner_server]: [compute_path_to_pose] [ActionServer] Aborting handle.
[bt_navigator-14] [WARN] [1790834403.158455794] [bt_navigator]: [navigate_to_pose] [ActionServer] Aborting handle.
[bt_navigator-14] [ERROR] [1790834403.158792397] [bt_navigator]: Goal failed
[WARN] [1790834403.162473790] [mapex_explorer]: Main goal failed (status=6, error_code=208)
[WARN] [1790834403.162732906] [mapex_explorer]: Main frontier abandoned after NO_VALID_PATH (208): x=38.18, y=6.03; candidates within 0.10 m are skipped during normal selection but will be checked again by terminal planner revalidation.
[INFO] [1790834411.905132141] [mapex_explorer]: MapEx decision 16: selected x=35.48, y=6.53, IG=109.461288, distance=10.24 m, score=10.686916, region=137, candidates=30, near_fallback=False, compute=7.91 s
[bt_navigator-14] [INFO] [1790834411.906223795] [bt_navigator]: Begin navigating from current location (36.22, -3.69) to (35.48, 6.53)
[controller_server-9] [INFO] [1790834411.927418751] [controller_server]: Received a goal, begin computing control effort.
[INFO] [1790834412.138755491] [mapex_explorer]: Main goal accepted
[INFO] [1790834412.194240083] [mapex_explorer]: Main /plan diagnostic: poses=210, endpoint=(35.48, 6.53), frontier=(35.48, 6.53), endpoint_to_frontier=0.000 m, limit=0.10 m -> usable
[INFO] [1790834412.952362820] [mapex_explorer]: Main /plan diagnostic: poses=209, endpoint=(35.48, 6.53), frontier=(35.48, 6.53), endpoint_to_frontier=0.000 m, limit=0.10 m -> usable
[controller_server-9] [INFO] [1790834412.994293692] [controller_server]: Passing new path to controller.
[controller_server-9] [INFO] [1790834413.994294120] [controller_server]: Passing new path to controller.
[INFO] [1790834413.995051807] [mapex_explorer]: Main /plan diagnostic: poses=198, endpoint=(35.48, 6.53), frontier=(35.48, 6.53), endpoint_to_frontier=0.000 m, limit=0.10 m -> usable
[INFO] [1790834415.016471996] [mapex_explorer]: Main /plan diagnostic: poses=190, endpoint=(35.48, 6.53), frontier=(35.48, 6.53), endpoint_to_frontier=0.000 m, limit=0.10 m -> usable
[controller_server-9] [INFO] [1790834415.060941657] [controller_server]: Passing new path to controller.
[INFO] [1790834416.051358053] [mapex_explorer]: Main /plan diagnostic: poses=177, endpoint=(35.48, 6.53), frontier=(35.48, 6.53), endpoint_to_frontier=0.000 m, limit=0.10 m -> usable
[controller_server-9] [INFO] [1790834416.060963754] [controller_server]: Passing new path to controller.
[INFO] [1790834417.074723940] [mapex_explorer]: Main /plan diagnostic: poses=168, endpoint=(35.48, 6.53), frontier=(35.48, 6.53), endpoint_to_frontier=0.000 m, limit=0.10 m -> usable
[controller_server-9] [INFO] [1790834417.127599760] [controller_server]: Passing new path to controller.
[INFO] [1790834418.105639267] [mapex_explorer]: Main /plan diagnostic: poses=158, endpoint=(35.48, 6.53), frontier=(35.48, 6.53), endpoint_to_frontier=0.000 m, limit=0.10 m -> usable
[controller_server-9] [INFO] [1790834418.127598375] [controller_server]: Passing new path to controller.
[INFO] [1790834419.107453862] [mapex_explorer]: Main /plan diagnostic: poses=147, endpoint=(35.48, 6.53), frontier=(35.48, 6.53), endpoint_to_frontier=0.000 m, limit=0.10 m -> usable
[controller_server-9] [INFO] [1790834419.127637276] [controller_server]: Passing new path to controller.
[INFO] [1790834420.151103617] [mapex_explorer]: Main /plan diagnostic: poses=140, endpoint=(35.48, 6.53), frontier=(35.48, 6.53), endpoint_to_frontier=0.000 m, limit=0.10 m -> usable
[controller_server-9] [INFO] [1790834420.194273790] [controller_server]: Passing new path to controller.
[INFO] [1790834421.179752310] [mapex_explorer]: Main /plan diagnostic: poses=130, endpoint=(35.48, 6.53), frontier=(35.48, 6.53), endpoint_to_frontier=0.000 m, limit=0.10 m -> usable
[controller_server-9] [INFO] [1790834421.194267088] [controller_server]: Passing new path to controller.
[INFO] [1790834422.229448701] [mapex_explorer]: Main /plan diagnostic: poses=120, endpoint=(35.48, 6.53), frontier=(35.48, 6.53), endpoint_to_frontier=0.000 m, limit=0.10 m -> usable
[controller_server-9] [INFO] [1790834422.260934528] [controller_server]: Passing new path to controller.
[INFO] [1790834423.225001584] [mapex_explorer]: Main /plan diagnostic: poses=110, endpoint=(35.48, 6.53), frontier=(35.48, 6.53), endpoint_to_frontier=0.000 m, limit=0.10 m -> usable
[controller_server-9] [INFO] [1790834423.261679293] [controller_server]: Passing new path to controller.
[INFO] [1790834424.245763213] [mapex_explorer]: Main /plan diagnostic: poses=100, endpoint=(35.48, 6.53), frontier=(35.48, 6.53), endpoint_to_frontier=0.000 m, limit=0.10 m -> usable
[controller_server-9] [INFO] [1790834424.260956399] [controller_server]: Passing new path to controller.
[INFO] [1790834425.288903741] [mapex_explorer]: Main /plan diagnostic: poses=90, endpoint=(35.48, 6.53), frontier=(35.48, 6.53), endpoint_to_frontier=0.000 m, limit=0.10 m -> usable
[controller_server-9] [INFO] [1790834425.327599003] [controller_server]: Passing new path to controller.
[INFO] [1790834426.292086341] [mapex_explorer]: Main /plan diagnostic: poses=80, endpoint=(35.48, 6.53), frontier=(35.48, 6.53), endpoint_to_frontier=0.000 m, limit=0.10 m -> usable
[controller_server-9] [INFO] [1790834426.327605141] [controller_server]: Passing new path to controller.
[controller_server-9] [INFO] [1790834427.327630410] [controller_server]: Passing new path to controller.
[INFO] [1790834427.331931141] [mapex_explorer]: Main /plan diagnostic: poses=70, endpoint=(35.48, 6.53), frontier=(35.48, 6.53), endpoint_to_frontier=0.000 m, limit=0.10 m -> usable
[INFO] [1790834428.345888039] [mapex_explorer]: Main /plan diagnostic: poses=60, endpoint=(35.48, 6.53), frontier=(35.48, 6.53), endpoint_to_frontier=0.000 m, limit=0.10 m -> usable
[controller_server-9] [INFO] [1790834428.394336420] [controller_server]: Passing new path to controller.
[INFO] [1790834429.372026041] [mapex_explorer]: Main /plan diagnostic: poses=54, endpoint=(35.48, 6.53), frontier=(35.48, 6.53), endpoint_to_frontier=0.000 m, limit=0.10 m -> usable
[controller_server-9] [INFO] [1790834429.394269988] [controller_server]: Passing new path to controller.
[INFO] [1790834430.405156819] [mapex_explorer]: Main /plan diagnostic: poses=40, endpoint=(35.48, 6.53), frontier=(35.48, 6.53), endpoint_to_frontier=0.000 m, limit=0.10 m -> usable
[controller_server-9] [INFO] [1790834430.460952987] [controller_server]: Passing new path to controller.
[INFO] [1790834431.429301834] [mapex_explorer]: Main /plan diagnostic: poses=29, endpoint=(35.48, 6.53), frontier=(35.48, 6.53), endpoint_to_frontier=0.000 m, limit=0.10 m -> usable
[controller_server-9] [INFO] [1790834431.460941226] [controller_server]: Passing new path to controller.
[INFO] [1790834432.474354318] [mapex_explorer]: Main /plan diagnostic: poses=23, endpoint=(35.48, 6.53), frontier=(35.48, 6.53), endpoint_to_frontier=0.000 m, limit=0.10 m -> usable
[controller_server-9] [INFO] [1790834432.527605444] [controller_server]: Passing new path to controller.
[INFO] [1790834433.526606597] [mapex_explorer]: Main /plan diagnostic: poses=20, endpoint=(35.48, 6.53), frontier=(35.48, 6.53), endpoint_to_frontier=0.000 m, limit=0.10 m -> usable
[controller_server-9] [INFO] [1790834433.527621270] [controller_server]: Passing new path to controller.
[controller_server-9] [INFO] [1790834434.527601476] [controller_server]: Passing new path to controller.
[controller_server-9] [INFO] [1790834434.529378631] [local_costmap.local_costmap]: StaticLayer: Resizing static layer to 560 X 251 at 0.100000 m/pix
[INFO] [1790834434.545563753] [mapex_explorer]: Main /plan diagnostic: poses=22, endpoint=(35.48, 6.53), frontier=(35.48, 6.53), endpoint_to_frontier=0.000 m, limit=0.10 m -> usable
[planner_server-11] [INFO] [1790834435.189098104] [global_costmap.global_costmap]: StaticLayer: Resizing costmap to 560 X 251 at 0.100000 m/pix
[INFO] [1790834435.534002433] [mapex_explorer]: Main /plan diagnostic: poses=22, endpoint=(35.48, 6.53), frontier=(35.48, 6.53), endpoint_to_frontier=0.000 m, limit=0.10 m -> usable
[controller_server-9] [INFO] [1790834435.594293561] [controller_server]: Passing new path to controller.
[INFO] [1790834436.562153258] [mapex_explorer]: Main /plan diagnostic: poses=22, endpoint=(35.48, 6.53), frontier=(35.48, 6.53), endpoint_to_frontier=0.000 m, limit=0.10 m -> usable
[controller_server-9] [INFO] [1790834436.594300578] [controller_server]: Passing new path to controller.
[INFO] [1790834437.581598524] [mapex_explorer]: Main /plan diagnostic: poses=22, endpoint=(35.48, 6.53), frontier=(35.48, 6.53), endpoint_to_frontier=0.000 m, limit=0.10 m -> usable
[controller_server-9] [INFO] [1790834437.660980925] [controller_server]: Passing new path to controller.
[INFO] [1790834438.607568981] [mapex_explorer]: Main /plan diagnostic: poses=22, endpoint=(35.48, 6.53), frontier=(35.48, 6.53), endpoint_to_frontier=0.000 m, limit=0.10 m -> usable
[controller_server-9] [INFO] [1790834438.661007534] [controller_server]: Passing new path to controller.
[INFO] [1790834439.638346435] [mapex_explorer]: Main /plan diagnostic: poses=22, endpoint=(35.48, 6.53), frontier=(35.48, 6.53), endpoint_to_frontier=0.000 m, limit=0.10 m -> usable
[controller_server-9] [INFO] [1790834439.660978429] [controller_server]: Passing new path to controller.
[INFO] [1790834440.662777250] [mapex_explorer]: Main /plan diagnostic: poses=22, endpoint=(35.48, 6.53), frontier=(35.48, 6.53), endpoint_to_frontier=0.000 m, limit=0.10 m -> usable
[controller_server-9] [INFO] [1790834440.727628471] [controller_server]: Passing new path to controller.
[INFO] [1790834441.700313576] [mapex_explorer]: Main /plan diagnostic: poses=22, endpoint=(35.48, 6.53), frontier=(35.48, 6.53), endpoint_to_frontier=0.000 m, limit=0.10 m -> usable
[controller_server-9] [INFO] [1790834441.727640213] [controller_server]: Passing new path to controller.
[INFO] [1790834442.702734545] [mapex_explorer]: Main /plan diagnostic: poses=22, endpoint=(35.48, 6.53), frontier=(35.48, 6.53), endpoint_to_frontier=0.000 m, limit=0.10 m -> usable
[controller_server-9] [INFO] [1790834442.727606896] [controller_server]: Passing new path to controller.
[INFO] [1790834443.730230216] [mapex_explorer]: Main /plan diagnostic: poses=22, endpoint=(35.48, 6.53), frontier=(35.48, 6.53), endpoint_to_frontier=0.000 m, limit=0.10 m -> usable
[controller_server-9] [INFO] [1790834443.794294953] [controller_server]: Passing new path to controller.
[INFO] [1790834444.747429370] [mapex_explorer]: Main /plan diagnostic: poses=22, endpoint=(35.48, 6.53), frontier=(35.48, 6.53), endpoint_to_frontier=0.000 m, limit=0.10 m -> usable
[controller_server-9] [INFO] [1790834444.794266553] [controller_server]: Passing new path to controller.
[controller_server-9] [ERROR] [1790834444.795079862] [controller_server]: Failed to make progress
[controller_server-9] [INFO] [1790834444.795354142] [controller_server]: Optimizer reset
[controller_server-9] [WARN] [1790834444.795369629] [controller_server]: [follow_path] [ActionServer] Aborting handle.
[behavior_server-13] [INFO] [1790834444.817667099] [behavior_server]: Running wait
[behavior_server-13] [INFO] [1790834445.117869115] [behavior_server]: wait completed successfully
[controller_server-9] [INFO] [1790834445.157148554] [controller_server]: Received a goal, begin computing control effort.
[INFO] [1790834445.162842685] [mapex_explorer]: Main /plan diagnostic: poses=13, endpoint=(35.48, 6.53), frontier=(35.48, 6.53), endpoint_to_frontier=0.000 m, limit=0.10 m -> usable
[controller_server-9] [INFO] [1790834445.759858948] [controller_server]: Reached the goal!
[controller_server-9] [INFO] [1790834445.760353318] [controller_server]: Optimizer reset
[bt_navigator-14] [INFO] [1790834445.786500766] [bt_navigator]: Goal succeeded
[INFO] [1790834445.788315293] [mapex_explorer]: Goal reached
[INFO] [1790834456.369050823] [mapex_explorer]: MapEx decision 17: selected x=39.48, y=10.13, IG=86.712479, distance=5.63 m, score=15.396602, region=120, candidates=35, near_fallback=False, compute=10.37 s
[bt_navigator-14] [INFO] [1790834456.369752137] [bt_navigator]: Begin navigating from current location (35.47, 6.19) to (39.48, 10.13)
[controller_server-9] [INFO] [1790834456.390195442] [controller_server]: Received a goal, begin computing control effort.
[INFO] [1790834456.649923671] [mapex_explorer]: Main goal accepted
[INFO] [1790834456.748002129] [mapex_explorer]: Main /plan diagnostic: poses=167, endpoint=(39.48, 10.13), frontier=(39.48, 10.13), endpoint_to_frontier=0.000 m, limit=0.10 m -> usable
[INFO] [1790834457.405351641] [mapex_explorer]: Main /plan diagnostic: poses=167, endpoint=(39.48, 10.13), frontier=(39.48, 10.13), endpoint_to_frontier=0.000 m, limit=0.10 m -> usable
[controller_server-9] [INFO] [1790834457.456996050] [controller_server]: Passing new path to controller.
[INFO] [1790834458.436325890] [mapex_explorer]: Main /plan diagnostic: poses=167, endpoint=(39.48, 10.13), frontier=(39.48, 10.13), endpoint_to_frontier=0.000 m, limit=0.10 m -> usable
[controller_server-9] [INFO] [1790834458.456976893] [controller_server]: Passing new path to controller.
[INFO] [1790834459.484639669] [mapex_explorer]: Main /plan diagnostic: poses=160, endpoint=(39.48, 10.13), frontier=(39.48, 10.13), endpoint_to_frontier=0.000 m, limit=0.10 m -> usable
[controller_server-9] [INFO] [1790834459.523667361] [controller_server]: Passing new path to controller.
[INFO] [1790834460.490905695] [mapex_explorer]: Main /plan diagnostic: poses=148, endpoint=(39.48, 10.13), frontier=(39.48, 10.13), endpoint_to_frontier=0.000 m, limit=0.10 m -> usable
[controller_server-9] [INFO] [1790834460.523635032] [controller_server]: Passing new path to controller.
[INFO] [1790834461.524099078] [mapex_explorer]: Main /plan diagnostic: poses=137, endpoint=(39.48, 10.13), frontier=(39.48, 10.13), endpoint_to_frontier=0.000 m, limit=0.10 m -> usable
[controller_server-9] [INFO] [1790834461.590311255] [controller_server]: Passing new path to controller.
[INFO] [1790834462.539941836] [mapex_explorer]: Main /plan diagnostic: poses=128, endpoint=(39.48, 10.13), frontier=(39.48, 10.13), endpoint_to_frontier=0.000 m, limit=0.10 m -> usable
[controller_server-9] [INFO] [1790834462.590312023] [controller_server]: Passing new path to controller.
[INFO] [1790834463.574801135] [mapex_explorer]: Main /plan diagnostic: poses=118, endpoint=(39.48, 10.13), frontier=(39.48, 10.13), endpoint_to_frontier=0.000 m, limit=0.10 m -> usable
[controller_server-9] [INFO] [1790834463.590313878] [controller_server]: Passing new path to controller.
[INFO] [1790834464.650172803] [mapex_explorer]: Main /plan diagnostic: poses=109, endpoint=(39.48, 10.13), frontier=(39.48, 10.13), endpoint_to_frontier=0.000 m, limit=0.10 m -> usable
[controller_server-9] [INFO] [1790834464.656974114] [controller_server]: Passing new path to controller.
[INFO] [1790834465.614532399] [mapex_explorer]: Main /plan diagnostic: poses=95, endpoint=(39.48, 10.13), frontier=(39.48, 10.13), endpoint_to_frontier=0.000 m, limit=0.10 m -> usable
[controller_server-9] [INFO] [1790834465.657007257] [controller_server]: Passing new path to controller.
[INFO] [1790834466.661822280] [mapex_explorer]: Main /plan diagnostic: poses=85, endpoint=(39.48, 10.13), frontier=(39.48, 10.13), endpoint_to_frontier=0.000 m, limit=0.10 m -> usable
[controller_server-9] [INFO] [1790834466.723663699] [controller_server]: Passing new path to controller.
[INFO] [1790834467.666381876] [mapex_explorer]: Main /plan diagnostic: poses=75, endpoint=(39.48, 10.13), frontier=(39.48, 10.13), endpoint_to_frontier=0.000 m, limit=0.10 m -> usable
[controller_server-9] [INFO] [1790834467.723668163] [controller_server]: Passing new path to controller.
[INFO] [1790834468.711454870] [mapex_explorer]: Main /plan diagnostic: poses=65, endpoint=(39.48, 10.13), frontier=(39.48, 10.13), endpoint_to_frontier=0.000 m, limit=0.10 m -> usable
[controller_server-9] [INFO] [1790834468.723667253] [controller_server]: Passing new path to controller.
[INFO] [1790834469.743462586] [mapex_explorer]: Main /plan diagnostic: poses=55, endpoint=(39.48, 10.13), frontier=(39.48, 10.13), endpoint_to_frontier=0.000 m, limit=0.10 m -> usable
[controller_server-9] [INFO] [1790834469.790305441] [controller_server]: Passing new path to controller.
[INFO] [1790834470.748033091] [mapex_explorer]: Main /plan diagnostic: poses=46, endpoint=(39.48, 10.13), frontier=(39.48, 10.13), endpoint_to_frontier=0.000 m, limit=0.10 m -> usable
[controller_server-9] [INFO] [1790834470.790336064] [controller_server]: Passing new path to controller.
[INFO] [1790834471.778358625] [mapex_explorer]: Main /plan diagnostic: poses=35, endpoint=(39.48, 10.13), frontier=(39.48, 10.13), endpoint_to_frontier=0.000 m, limit=0.10 m -> usable
[controller_server-9] [INFO] [1790834471.857006086] [controller_server]: Passing new path to controller.
[INFO] [1790834472.805939245] [mapex_explorer]: Main /plan diagnostic: poses=25, endpoint=(39.48, 10.13), frontier=(39.48, 10.13), endpoint_to_frontier=0.000 m, limit=0.10 m -> usable
[controller_server-9] [INFO] [1790834472.857016779] [controller_server]: Passing new path to controller.
[INFO] [1790834473.837274515] [mapex_explorer]: Main /plan diagnostic: poses=17, endpoint=(39.48, 10.13), frontier=(39.48, 10.13), endpoint_to_frontier=0.000 m, limit=0.10 m -> usable
[controller_server-9] [INFO] [1790834473.856977915] [controller_server]: Passing new path to controller.
[INFO] [1790834474.863484017] [mapex_explorer]: Main /plan diagnostic: poses=11, endpoint=(39.48, 10.13), frontier=(39.48, 10.13), endpoint_to_frontier=0.000 m, limit=0.10 m -> usable
[controller_server-9] [INFO] [1790834474.923665975] [controller_server]: Passing new path to controller.
[controller_server-9] [INFO] [1790834475.325115771] [controller_server]: Reached the goal!
[controller_server-9] [INFO] [1790834475.325402085] [controller_server]: Optimizer reset
[bt_navigator-14] [INFO] [1790834475.350055772] [bt_navigator]: Goal succeeded
[INFO] [1790834475.351864547] [mapex_explorer]: Goal reached
[INFO] [1790834484.338955340] [mapex_explorer]: MapEx decision 18: selected x=26.98, y=10.03, IG=71.578568, distance=12.35 m, score=5.794993, region=424, candidates=26, near_fallback=False, compute=8.35 s
[bt_navigator-14] [INFO] [1790834484.340067125] [bt_navigator]: Begin navigating from current location (39.33, 9.84) to (26.98, 10.03)
[controller_server-9] [INFO] [1790834484.360671819] [controller_server]: Received a goal, begin computing control effort.
[INFO] [1790834484.741558546] [mapex_explorer]: Main goal accepted
[INFO] [1790834484.870551285] [mapex_explorer]: Main /plan diagnostic: poses=346, endpoint=(26.98, 10.03), frontier=(26.98, 10.03), endpoint_to_frontier=0.000 m, limit=0.10 m -> usable
[INFO] [1790834485.383689354] [mapex_explorer]: Main /plan diagnostic: poses=342, endpoint=(26.98, 10.03), frontier=(26.98, 10.03), endpoint_to_frontier=0.000 m, limit=0.10 m -> usable
[controller_server-9] [INFO] [1790834485.427464040] [controller_server]: Passing new path to controller.
[controller_server-9] [INFO] [1790834486.427479472] [controller_server]: Passing new path to controller.
[INFO] [1790834486.429584392] [mapex_explorer]: Main /plan diagnostic: poses=337, endpoint=(26.98, 10.03), frontier=(26.98, 10.03), endpoint_to_frontier=0.000 m, limit=0.10 m -> usable
[controller_server-9] [INFO] [1790834487.494137952] [controller_server]: Passing new path to controller.
[INFO] [1790834487.514749341] [mapex_explorer]: Main /plan diagnostic: poses=335, endpoint=(26.98, 10.03), frontier=(26.98, 10.03), endpoint_to_frontier=0.000 m, limit=0.10 m -> usable
[INFO] [1790834488.451325905] [mapex_explorer]: Main /plan diagnostic: poses=333, endpoint=(26.98, 10.03), frontier=(26.98, 10.03), endpoint_to_frontier=0.000 m, limit=0.10 m -> usable
[controller_server-9] [INFO] [1790834488.494139279] [controller_server]: Passing new path to controller.
[controller_server-9] [INFO] [1790834489.494133139] [controller_server]: Passing new path to controller.
[INFO] [1790834489.558419926] [mapex_explorer]: Main /plan diagnostic: poses=323, endpoint=(26.98, 10.03), frontier=(26.98, 10.03), endpoint_to_frontier=0.000 m, limit=0.10 m -> usable
[controller_server-9] [INFO] [1790834490.560800922] [controller_server]: Passing new path to controller.
[INFO] [1790834490.566380671] [mapex_explorer]: Main /plan diagnostic: poses=313, endpoint=(26.98, 10.03), frontier=(26.98, 10.03), endpoint_to_frontier=0.000 m, limit=0.10 m -> usable
[INFO] [1790834491.538839197] [mapex_explorer]: Main /plan diagnostic: poses=301, endpoint=(26.98, 10.03), frontier=(26.98, 10.03), endpoint_to_frontier=0.000 m, limit=0.10 m -> usable
[controller_server-9] [INFO] [1790834491.560798532] [controller_server]: Passing new path to controller.
[INFO] [1790834492.570181769] [mapex_explorer]: Main /plan diagnostic: poses=292, endpoint=(26.98, 10.03), frontier=(26.98, 10.03), endpoint_to_frontier=0.000 m, limit=0.10 m -> usable
[controller_server-9] [INFO] [1790834492.627481188] [controller_server]: Passing new path to controller.
[INFO] [1790834493.600224300] [mapex_explorer]: Main /plan diagnostic: poses=282, endpoint=(26.98, 10.03), frontier=(26.98, 10.03), endpoint_to_frontier=0.000 m, limit=0.10 m -> usable
[controller_server-9] [INFO] [1790834493.627496471] [controller_server]: Passing new path to controller.
[INFO] [1790834494.619008176] [mapex_explorer]: Main /plan diagnostic: poses=274, endpoint=(26.98, 10.03), frontier=(26.98, 10.03), endpoint_to_frontier=0.000 m, limit=0.10 m -> usable
[controller_server-9] [INFO] [1790834494.694136156] [controller_server]: Passing new path to controller.
[INFO] [1790834495.663365888] [mapex_explorer]: Main /plan diagnostic: poses=264, endpoint=(26.98, 10.03), frontier=(26.98, 10.03), endpoint_to_frontier=0.000 m, limit=0.10 m -> usable
[controller_server-9] [INFO] [1790834495.694132665] [controller_server]: Passing new path to controller.
[INFO] [1790834496.669728446] [mapex_explorer]: Main /plan diagnostic: poses=252, endpoint=(26.98, 10.03), frontier=(26.98, 10.03), endpoint_to_frontier=0.000 m, limit=0.10 m -> usable
[controller_server-9] [INFO] [1790834496.694135766] [controller_server]: Passing new path to controller.
[INFO] [1790834497.699236473] [mapex_explorer]: Main /plan diagnostic: poses=243, endpoint=(26.98, 10.03), frontier=(26.98, 10.03), endpoint_to_frontier=0.000 m, limit=0.10 m -> usable
[controller_server-9] [INFO] [1790834497.760801548] [controller_server]: Passing new path to controller.
[INFO] [1790834498.719004704] [mapex_explorer]: Main /plan diagnostic: poses=233, endpoint=(26.98, 10.03), frontier=(26.98, 10.03), endpoint_to_frontier=0.000 m, limit=0.10 m -> usable
[controller_server-9] [INFO] [1790834498.760846966] [controller_server]: Passing new path to controller.
[INFO] [1790834499.738584777] [mapex_explorer]: Main /plan diagnostic: poses=221, endpoint=(26.98, 10.03), frontier=(26.98, 10.03), endpoint_to_frontier=0.000 m, limit=0.10 m -> usable
[controller_server-9] [INFO] [1790834499.760811714] [controller_server]: Passing new path to controller.
[async_slam_toolbox_node-8] W20261001 13:01:40.338862 30090 preprocessor.cc:67] Specified options.num_threads: 50 exceeds maximum available from the threading model Ceres was compiled with: 16.  Bounding to maximum number available.
[async_slam_toolbox_node-8] [INFO] [1790834500.344968623] [slam_toolbox]: Adaptive anchor summary: latest_node=1210, local_edges=1246, loop_history=0, avg_effective_weight=1.231, release_regions=0
[INFO] [1790834500.768877376] [mapex_explorer]: Main /plan diagnostic: poses=212, endpoint=(26.98, 10.03), frontier=(26.98, 10.03), endpoint_to_frontier=0.000 m, limit=0.10 m -> usable
[controller_server-9] [INFO] [1790834500.827465799] [controller_server]: Passing new path to controller.
[controller_server-9] [INFO] [1790834501.328129799] [local_costmap.local_costmap]: StaticLayer: Resizing static layer to 560 X 251 at 0.100000 m/pix
[INFO] [1790834501.788394884] [mapex_explorer]: Main /plan diagnostic: poses=200, endpoint=(26.98, 10.03), frontier=(26.98, 10.03), endpoint_to_frontier=0.000 m, limit=0.10 m -> usable
[controller_server-9] [INFO] [1790834501.827465428] [controller_server]: Passing new path to controller.
[planner_server-11] [INFO] [1790834502.189097634] [global_costmap.global_costmap]: StaticLayer: Resizing costmap to 560 X 251 at 0.100000 m/pix
[INFO] [1790834502.881820832] [mapex_explorer]: Main /plan diagnostic: poses=193, endpoint=(26.98, 10.03), frontier=(26.98, 10.03), endpoint_to_frontier=0.000 m, limit=0.10 m -> usable
[controller_server-9] [INFO] [1790834502.894131873] [controller_server]: Passing new path to controller.
[INFO] [1790834503.847556744] [mapex_explorer]: Main /plan diagnostic: poses=182, endpoint=(26.98, 10.03), frontier=(26.98, 10.03), endpoint_to_frontier=0.000 m, limit=0.10 m -> usable
[controller_server-9] [INFO] [1790834503.894138523] [controller_server]: Passing new path to controller.
[INFO] [1790834504.886325937] [mapex_explorer]: Main /plan diagnostic: poses=169, endpoint=(26.98, 10.03), frontier=(26.98, 10.03), endpoint_to_frontier=0.000 m, limit=0.10 m -> usable
[controller_server-9] [INFO] [1790834504.894160819] [controller_server]: Passing new path to controller.
[INFO] [1790834505.890485200] [mapex_explorer]: Main /plan diagnostic: poses=161, endpoint=(26.98, 10.03), frontier=(26.98, 10.03), endpoint_to_frontier=0.000 m, limit=0.10 m -> usable
[controller_server-9] [INFO] [1790834505.960802772] [controller_server]: Passing new path to controller.
[INFO] [1790834506.907531907] [mapex_explorer]: Main /plan diagnostic: poses=152, endpoint=(26.98, 10.03), frontier=(26.98, 10.03), endpoint_to_frontier=0.000 m, limit=0.10 m -> usable
[controller_server-9] [INFO] [1790834506.960829017] [controller_server]: Passing new path to controller.
[INFO] [1790834507.946497523] [mapex_explorer]: Main /plan diagnostic: poses=141, endpoint=(26.98, 10.03), frontier=(26.98, 10.03), endpoint_to_frontier=0.000 m, limit=0.10 m -> usable
[controller_server-9] [INFO] [1790834507.960800944] [controller_server]: Passing new path to controller.
[INFO] [1790834508.984698215] [mapex_explorer]: Main /plan diagnostic: poses=130, endpoint=(26.98, 10.03), frontier=(26.98, 10.03), endpoint_to_frontier=0.000 m, limit=0.10 m -> usable
[controller_server-9] [INFO] [1790834509.027467560] [controller_server]: Passing new path to controller.
[INFO] [1790834509.987170664] [mapex_explorer]: Main /plan diagnostic: poses=122, endpoint=(26.98, 10.03), frontier=(26.98, 10.03), endpoint_to_frontier=0.000 m, limit=0.10 m -> usable
[controller_server-9] [INFO] [1790834510.027465968] [controller_server]: Passing new path to controller.
[INFO] [1790834511.035529190] [mapex_explorer]: Main /plan diagnostic: poses=111, endpoint=(26.98, 10.03), frontier=(26.98, 10.03), endpoint_to_frontier=0.000 m, limit=0.10 m -> usable
[controller_server-9] [INFO] [1790834511.094131017] [controller_server]: Passing new path to controller.
[INFO] [1790834512.044887535] [mapex_explorer]: Main /plan diagnostic: poses=100, endpoint=(26.98, 10.03), frontier=(26.98, 10.03), endpoint_to_frontier=0.000 m, limit=0.10 m -> usable
[controller_server-9] [INFO] [1790834512.094194492] [controller_server]: Passing new path to controller.
[INFO] [1790834513.058985026] [mapex_explorer]: Main /plan diagnostic: poses=88, endpoint=(26.98, 10.03), frontier=(26.98, 10.03), endpoint_to_frontier=0.000 m, limit=0.10 m -> usable
[controller_server-9] [INFO] [1790834513.094131675] [controller_server]: Passing new path to controller.
[INFO] [1790834514.117717817] [mapex_explorer]: Main /plan diagnostic: poses=81, endpoint=(26.98, 10.03), frontier=(26.98, 10.03), endpoint_to_frontier=0.000 m, limit=0.10 m -> usable
[controller_server-9] [INFO] [1790834514.160801291] [controller_server]: Passing new path to controller.
[INFO] [1790834515.104475826] [mapex_explorer]: Main /plan diagnostic: poses=71, endpoint=(26.98, 10.03), frontier=(26.98, 10.03), endpoint_to_frontier=0.000 m, limit=0.10 m -> usable
[controller_server-9] [INFO] [1790834515.160809310] [controller_server]: Passing new path to controller.
[INFO] [1790834516.136052127] [mapex_explorer]: Main /plan diagnostic: poses=58, endpoint=(26.98, 10.03), frontier=(26.98, 10.03), endpoint_to_frontier=0.000 m, limit=0.10 m -> usable
[controller_server-9] [INFO] [1790834516.160806351] [controller_server]: Passing new path to controller.
[controller_server-9] [INFO] [1790834517.227482288] [controller_server]: Passing new path to controller.
[INFO] [1790834517.245406828] [mapex_explorer]: Main /plan diagnostic: poses=50, endpoint=(26.98, 10.03), frontier=(26.98, 10.03), endpoint_to_frontier=0.000 m, limit=0.10 m -> usable
[INFO] [1790834518.185063326] [mapex_explorer]: Main /plan diagnostic: poses=39, endpoint=(26.98, 10.03), frontier=(26.98, 10.03), endpoint_to_frontier=0.000 m, limit=0.10 m -> usable
[controller_server-9] [INFO] [1790834518.227483528] [controller_server]: Passing new path to controller.
[INFO] [1790834519.214480791] [mapex_explorer]: Main /plan diagnostic: poses=31, endpoint=(26.98, 10.03), frontier=(26.98, 10.03), endpoint_to_frontier=0.000 m, limit=0.10 m -> usable
[controller_server-9] [INFO] [1790834519.294147926] [controller_server]: Passing new path to controller.
[controller_server-9] [INFO] [1790834520.294132030] [controller_server]: Passing new path to controller.
[INFO] [1790834520.306854907] [mapex_explorer]: Main /plan diagnostic: poses=20, endpoint=(26.98, 10.03), frontier=(26.98, 10.03), endpoint_to_frontier=0.000 m, limit=0.10 m -> usable
[INFO] [1790834521.272782812] [mapex_explorer]: Main /plan diagnostic: poses=14, endpoint=(26.98, 10.03), frontier=(26.98, 10.03), endpoint_to_frontier=0.000 m, limit=0.10 m -> usable
[controller_server-9] [INFO] [1790834521.294129143] [controller_server]: Passing new path to controller.
[INFO] [1790834522.304069779] [mapex_explorer]: Main /plan diagnostic: poses=7, endpoint=(26.98, 10.03), frontier=(26.98, 10.03), endpoint_to_frontier=0.000 m, limit=0.10 m -> usable
[controller_server-9] [INFO] [1790834522.360798309] [controller_server]: Passing new path to controller.
[controller_server-9] [INFO] [1790834522.429424059] [controller_server]: Reached the goal!
[controller_server-9] [INFO] [1790834522.429593114] [controller_server]: Optimizer reset
[bt_navigator-14] [INFO] [1790834522.450400723] [bt_navigator]: Goal succeeded
[INFO] [1790834522.454183860] [mapex_explorer]: Goal reached
[INFO] [1790834530.758229804] [mapex_explorer]: MapEx decision 19: selected x=21.88, y=6.33, IG=74.279160, distance=6.43 m, score=11.556419, region=80, candidates=27, near_fallback=False, compute=7.77 s
[bt_navigator-14] [INFO] [1790834530.760144357] [bt_navigator]: Begin navigating from current location (27.26, 9.85) to (21.88, 6.33)
[planner_server-11] [WARN] [1790834530.766881474] [planner_server]: GridBased plugin failed to plan from (27.26, 9.85) to (21.88, 6.33): "Failed to create plan with tolerance of: 0.000000"
[planner_server-11] [WARN] [1790834530.766925015] [planner_server]: [compute_path_to_pose] [ActionServer] Aborting handle.
[behavior_server-13] [INFO] [1790834530.780733055] [behavior_server]: Running wait
[behavior_server-13] [INFO] [1790834531.080894356] [behavior_server]: wait completed successfully
[planner_server-11] [WARN] [1790834531.106493079] [planner_server]: GridBased plugin failed to plan from (27.26, 9.85) to (21.88, 6.33): "Failed to create plan with tolerance of: 0.000000"
[planner_server-11] [WARN] [1790834531.106576514] [planner_server]: [compute_path_to_pose] [ActionServer] Aborting handle.
[bt_navigator-14] [WARN] [1790834531.130319220] [bt_navigator]: [navigate_to_pose] [ActionServer] Aborting handle.
[bt_navigator-14] [ERROR] [1790834531.130407726] [bt_navigator]: Goal failed
[INFO] [1790834531.170144605] [mapex_explorer]: Main goal accepted
[WARN] [1790834531.278409174] [mapex_explorer]: Main goal failed (status=6, error_code=208)
[WARN] [1790834531.281456891] [mapex_explorer]: Main frontier abandoned after NO_VALID_PATH (208): x=21.88, y=6.33; candidates within 0.10 m are skipped during normal selection but will be checked again by terminal planner revalidation.
[INFO] [1790834539.857458676] [mapex_explorer]: MapEx decision 20: selected x=28.18, y=2.93, IG=50.465851, distance=6.98 m, score=7.225287, region=15, candidates=26, near_fallback=False, compute=7.86 s
[bt_navigator-14] [INFO] [1790834539.859378236] [bt_navigator]: Begin navigating from current location (27.26, 9.85) to (28.18, 2.93)
[controller_server-9] [INFO] [1790834539.880287256] [controller_server]: Received a goal, begin computing control effort.
[INFO] [1790834540.278806203] [mapex_explorer]: Main goal accepted
[INFO] [1790834540.326412984] [mapex_explorer]: Main /plan diagnostic: poses=381, endpoint=(28.18, 2.93), frontier=(28.18, 2.93), endpoint_to_frontier=0.000 m, limit=0.10 m -> usable
[controller_server-9] [INFO] [1790834540.947135124] [controller_server]: Passing new path to controller.
[INFO] [1790834541.038509483] [mapex_explorer]: Main /plan diagnostic: poses=376, endpoint=(28.18, 2.93), frontier=(28.18, 2.93), endpoint_to_frontier=0.000 m, limit=0.10 m -> usable
[controller_server-9] [INFO] [1790834541.947131036] [controller_server]: Passing new path to controller.
[INFO] [1790834541.989999941] [mapex_explorer]: Main /plan diagnostic: poses=368, endpoint=(28.18, 2.93), frontier=(28.18, 2.93), endpoint_to_frontier=0.000 m, limit=0.10 m -> usable
[INFO] [1790834542.989863461] [mapex_explorer]: Main /plan diagnostic: poses=361, endpoint=(28.18, 2.93), frontier=(28.18, 2.93), endpoint_to_frontier=0.000 m, limit=0.10 m -> usable
[controller_server-9] [INFO] [1790834543.013801100] [controller_server]: Passing new path to controller.
[controller_server-9] [INFO] [1790834544.013799074] [controller_server]: Passing new path to controller.
[INFO] [1790834544.040899881] [mapex_explorer]: Main /plan diagnostic: poses=355, endpoint=(28.18, 2.93), frontier=(28.18, 2.93), endpoint_to_frontier=0.000 m, limit=0.10 m -> usable
[controller_server-9] [INFO] [1790834545.013799404] [controller_server]: Passing new path to controller.
[INFO] [1790834545.077203586] [mapex_explorer]: Main /plan diagnostic: poses=346, endpoint=(28.18, 2.93), frontier=(28.18, 2.93), endpoint_to_frontier=0.000 m, limit=0.10 m -> usable
[controller_server-9] [INFO] [1790834546.080462499] [controller_server]: Passing new path to controller.
[INFO] [1790834546.129252929] [mapex_explorer]: Main /plan diagnostic: poses=340, endpoint=(28.18, 2.93), frontier=(28.18, 2.93), endpoint_to_frontier=0.000 m, limit=0.10 m -> usable
[controller_server-9] [INFO] [1790834547.080488904] [controller_server]: Passing new path to controller.
[INFO] [1790834547.096196184] [mapex_explorer]: Main /plan diagnostic: poses=334, endpoint=(28.18, 2.93), frontier=(28.18, 2.93), endpoint_to_frontier=0.000 m, limit=0.10 m -> usable
[INFO] [1790834548.120590148] [mapex_explorer]: Main /plan diagnostic: poses=326, endpoint=(28.18, 2.93), frontier=(28.18, 2.93), endpoint_to_frontier=0.000 m, limit=0.10 m -> usable
[controller_server-9] [INFO] [1790834548.147133303] [controller_server]: Passing new path to controller.
[INFO] [1790834549.109494573] [mapex_explorer]: Main /plan diagnostic: poses=320, endpoint=(28.18, 2.93), frontier=(28.18, 2.93), endpoint_to_frontier=0.000 m, limit=0.10 m -> usable
[controller_server-9] [INFO] [1790834549.147137164] [controller_server]: Passing new path to controller.
[controller_server-9] [INFO] [1790834550.147132101] [controller_server]: Passing new path to controller.
[INFO] [1790834550.215759758] [mapex_explorer]: Main /plan diagnostic: poses=313, endpoint=(28.18, 2.93), frontier=(28.18, 2.93), endpoint_to_frontier=0.000 m, limit=0.10 m -> usable
[INFO] [1790834551.204348476] [mapex_explorer]: Main /plan diagnostic: poses=305, endpoint=(28.18, 2.93), frontier=(28.18, 2.93), endpoint_to_frontier=0.000 m, limit=0.10 m -> usable
[controller_server-9] [INFO] [1790834551.213803395] [controller_server]: Passing new path to controller.
[INFO] [1790834552.197560520] [mapex_explorer]: Main /plan diagnostic: poses=299, endpoint=(28.18, 2.93), frontier=(28.18, 2.93), endpoint_to_frontier=0.000 m, limit=0.10 m -> usable
[controller_server-9] [INFO] [1790834552.213797649] [controller_server]: Passing new path to controller.
[INFO] [1790834553.211800910] [mapex_explorer]: Main /plan diagnostic: poses=292, endpoint=(28.18, 2.93), frontier=(28.18, 2.93), endpoint_to_frontier=0.000 m, limit=0.10 m -> usable
[controller_server-9] [INFO] [1790834553.280468972] [controller_server]: Passing new path to controller.
[INFO] [1790834554.249083511] [mapex_explorer]: Main /plan diagnostic: poses=284, endpoint=(28.18, 2.93), frontier=(28.18, 2.93), endpoint_to_frontier=0.000 m, limit=0.10 m -> usable
[controller_server-9] [INFO] [1790834554.280464929] [controller_server]: Passing new path to controller.
[async_slam_toolbox_node-8] W20261001 13:02:34.456439 30090 preprocessor.cc:67] Specified options.num_threads: 50 exceeds maximum available from the threading model Ceres was compiled with: 16.  Bounding to maximum number available.
[async_slam_toolbox_node-8] [INFO] [1790834554.464001926] [slam_toolbox]: Adaptive anchor summary: latest_node=1325, local_edges=1364, loop_history=0, avg_effective_weight=1.211, release_regions=0
[INFO] [1790834555.268452116] [mapex_explorer]: Main /plan diagnostic: poses=278, endpoint=(28.18, 2.93), frontier=(28.18, 2.93), endpoint_to_frontier=0.000 m, limit=0.10 m -> usable
[controller_server-9] [INFO] [1790834555.280463154] [controller_server]: Passing new path to controller.
[controller_server-9] [INFO] [1790834555.328141264] [local_costmap.local_costmap]: StaticLayer: Resizing static layer to 560 X 251 at 0.100000 m/pix
[planner_server-11] [INFO] [1790834556.189121008] [global_costmap.global_costmap]: StaticLayer: Resizing costmap to 560 X 251 at 0.100000 m/pix
[INFO] [1790834556.333373178] [mapex_explorer]: Main /plan diagnostic: poses=273, endpoint=(28.18, 2.93), frontier=(28.18, 2.93), endpoint_to_frontier=0.000 m, limit=0.10 m -> usable
[controller_server-9] [INFO] [1790834556.347138991] [controller_server]: Passing new path to controller.
[INFO] [1790834557.332274331] [mapex_explorer]: Main /plan diagnostic: poses=265, endpoint=(28.18, 2.93), frontier=(28.18, 2.93), endpoint_to_frontier=0.000 m, limit=0.10 m -> usable
[controller_server-9] [INFO] [1790834557.347129676] [controller_server]: Passing new path to controller.
[INFO] [1790834558.354016229] [mapex_explorer]: Main /plan diagnostic: poses=258, endpoint=(28.18, 2.93), frontier=(28.18, 2.93), endpoint_to_frontier=0.000 m, limit=0.10 m -> usable
[controller_server-9] [INFO] [1790834558.413801138] [controller_server]: Passing new path to controller.
[controller_server-9] [INFO] [1790834559.413796603] [controller_server]: Passing new path to controller.
[INFO] [1790834559.498700305] [mapex_explorer]: Main /plan diagnostic: poses=251, endpoint=(28.18, 2.93), frontier=(28.18, 2.93), endpoint_to_frontier=0.000 m, limit=0.10 m -> usable
[controller_server-9] [INFO] [1790834560.413794251] [controller_server]: Passing new path to controller.
[INFO] [1790834560.454703476] [mapex_explorer]: Main /plan diagnostic: poses=243, endpoint=(28.18, 2.93), frontier=(28.18, 2.93), endpoint_to_frontier=0.000 m, limit=0.10 m -> usable
[INFO] [1790834561.441433508] [mapex_explorer]: Main /plan diagnostic: poses=238, endpoint=(28.18, 2.93), frontier=(28.18, 2.93), endpoint_to_frontier=0.000 m, limit=0.10 m -> usable
[controller_server-9] [INFO] [1790834561.480466510] [controller_server]: Passing new path to controller.
[controller_server-9] [INFO] [1790834562.480490700] [controller_server]: Passing new path to controller.
[INFO] [1790834562.487482930] [mapex_explorer]: Main /plan diagnostic: poses=230, endpoint=(28.18, 2.93), frontier=(28.18, 2.93), endpoint_to_frontier=0.000 m, limit=0.10 m -> usable
[INFO] [1790834563.453208714] [mapex_explorer]: Main /plan diagnostic: poses=223, endpoint=(28.18, 2.93), frontier=(28.18, 2.93), endpoint_to_frontier=0.000 m, limit=0.10 m -> usable
[controller_server-9] [INFO] [1790834563.480489067] [controller_server]: Passing new path to controller.
[INFO] [1790834564.493752215] [mapex_explorer]: Main /plan diagnostic: poses=217, endpoint=(28.18, 2.93), frontier=(28.18, 2.93), endpoint_to_frontier=0.000 m, limit=0.10 m -> usable
[controller_server-9] [INFO] [1790834564.547165697] [controller_server]: Passing new path to controller.
[INFO] [1790834565.496254658] [mapex_explorer]: Main /plan diagnostic: poses=209, endpoint=(28.18, 2.93), frontier=(28.18, 2.93), endpoint_to_frontier=0.000 m, limit=0.10 m -> usable
[controller_server-9] [INFO] [1790834565.547170362] [controller_server]: Passing new path to controller.
[INFO] [1790834566.516976083] [mapex_explorer]: Main /plan diagnostic: poses=203, endpoint=(28.18, 2.93), frontier=(28.18, 2.93), endpoint_to_frontier=0.000 m, limit=0.10 m -> usable
[controller_server-9] [INFO] [1790834566.547158253] [controller_server]: Passing new path to controller.
[async_slam_toolbox_node-8] W20261001 13:02:47.096028 30090 preprocessor.cc:67] Specified options.num_threads: 50 exceeds maximum available from the threading model Ceres was compiled with: 16.  Bounding to maximum number available.
[controller_server-9] [INFO] [1790834567.328122970] [local_costmap.local_costmap]: StaticLayer: Resizing static layer to 560 X 251 at 0.100000 m/pix
[INFO] [1790834567.568542170] [mapex_explorer]: Main /plan diagnostic: poses=195, endpoint=(28.18, 2.93), frontier=(28.18, 2.93), endpoint_to_frontier=0.000 m, limit=0.10 m -> usable
[controller_server-9] [INFO] [1790834567.613796840] [controller_server]: Passing new path to controller.
[planner_server-11] [INFO] [1790834568.189161104] [global_costmap.global_costmap]: StaticLayer: Resizing costmap to 560 X 251 at 0.100000 m/pix
[INFO] [1790834568.584153529] [mapex_explorer]: Main /plan diagnostic: poses=186, endpoint=(28.18, 2.93), frontier=(28.18, 2.93), endpoint_to_frontier=0.000 m, limit=0.10 m -> usable
[controller_server-9] [INFO] [1790834568.613819461] [controller_server]: Passing new path to controller.
[INFO] [1790834569.601888546] [mapex_explorer]: Main /plan diagnostic: poses=178, endpoint=(28.18, 2.93), frontier=(28.18, 2.93), endpoint_to_frontier=0.000 m, limit=0.10 m -> usable
[controller_server-9] [INFO] [1790834569.613809770] [controller_server]: Passing new path to controller.
[INFO] [1790834570.625439970] [mapex_explorer]: Main /plan diagnostic: poses=174, endpoint=(28.18, 2.93), frontier=(28.18, 2.93), endpoint_to_frontier=0.000 m, limit=0.10 m -> usable
[controller_server-9] [INFO] [1790834570.680489742] [controller_server]: Passing new path to controller.
[INFO] [1790834571.645906740] [mapex_explorer]: Main /plan diagnostic: poses=166, endpoint=(28.18, 2.93), frontier=(28.18, 2.93), endpoint_to_frontier=0.000 m, limit=0.10 m -> usable
[controller_server-9] [INFO] [1790834571.680474940] [controller_server]: Passing new path to controller.
[INFO] [1790834572.678146957] [mapex_explorer]: Main /plan diagnostic: poses=159, endpoint=(28.18, 2.93), frontier=(28.18, 2.93), endpoint_to_frontier=0.000 m, limit=0.10 m -> usable
[controller_server-9] [INFO] [1790834572.747131269] [controller_server]: Passing new path to controller.
[INFO] [1790834573.724247806] [mapex_explorer]: Main /plan diagnostic: poses=151, endpoint=(28.18, 2.93), frontier=(28.18, 2.93), endpoint_to_frontier=0.000 m, limit=0.10 m -> usable
[controller_server-9] [INFO] [1790834573.747164226] [controller_server]: Passing new path to controller.
[INFO] [1790834574.732225746] [mapex_explorer]: Main /plan diagnostic: poses=146, endpoint=(28.18, 2.93), frontier=(28.18, 2.93), endpoint_to_frontier=0.000 m, limit=0.10 m -> usable
[controller_server-9] [INFO] [1790834574.747134459] [controller_server]: Passing new path to controller.
[INFO] [1790834575.761862046] [mapex_explorer]: Main /plan diagnostic: poses=138, endpoint=(28.18, 2.93), frontier=(28.18, 2.93), endpoint_to_frontier=0.000 m, limit=0.10 m -> usable
[controller_server-9] [INFO] [1790834575.813799933] [controller_server]: Passing new path to controller.
[INFO] [1790834576.805860719] [mapex_explorer]: Main /plan diagnostic: poses=132, endpoint=(28.18, 2.93), frontier=(28.18, 2.93), endpoint_to_frontier=0.000 m, limit=0.10 m -> usable
[controller_server-9] [INFO] [1790834576.813795872] [controller_server]: Passing new path to controller.
[INFO] [1790834577.819395516] [mapex_explorer]: Main /plan diagnostic: poses=123, endpoint=(28.18, 2.93), frontier=(28.18, 2.93), endpoint_to_frontier=0.000 m, limit=0.10 m -> usable
[controller_server-9] [INFO] [1790834577.880525484] [controller_server]: Passing new path to controller.
[INFO] [1790834578.838043906] [mapex_explorer]: Main /plan diagnostic: poses=118, endpoint=(28.18, 2.93), frontier=(28.18, 2.93), endpoint_to_frontier=0.000 m, limit=0.10 m -> usable
[controller_server-9] [INFO] [1790834578.880464973] [controller_server]: Passing new path to controller.
[INFO] [1790834579.863444071] [mapex_explorer]: Main /plan diagnostic: poses=109, endpoint=(28.18, 2.93), frontier=(28.18, 2.93), endpoint_to_frontier=0.000 m, limit=0.10 m -> usable
[controller_server-9] [INFO] [1790834579.880463335] [controller_server]: Passing new path to controller.
[controller_server-9] [INFO] [1790834580.947182723] [controller_server]: Passing new path to controller.
[INFO] [1790834580.951920766] [mapex_explorer]: Main /plan diagnostic: poses=103, endpoint=(28.18, 2.93), frontier=(28.18, 2.93), endpoint_to_frontier=0.000 m, limit=0.10 m -> usable
[INFO] [1790834581.909621089] [mapex_explorer]: Main /plan diagnostic: poses=96, endpoint=(28.18, 2.93), frontier=(28.18, 2.93), endpoint_to_frontier=0.000 m, limit=0.10 m -> usable
[controller_server-9] [INFO] [1790834581.947150373] [controller_server]: Passing new path to controller.
[INFO] [1790834582.935782771] [mapex_explorer]: Main /plan diagnostic: poses=89, endpoint=(28.18, 2.93), frontier=(28.18, 2.93), endpoint_to_frontier=0.000 m, limit=0.10 m -> usable
[controller_server-9] [INFO] [1790834583.013798279] [controller_server]: Passing new path to controller.
[INFO] [1790834583.955410628] [mapex_explorer]: Main /plan diagnostic: poses=81, endpoint=(28.18, 2.93), frontier=(28.18, 2.93), endpoint_to_frontier=0.000 m, limit=0.10 m -> usable
[controller_server-9] [INFO] [1790834584.013803362] [controller_server]: Passing new path to controller.
[INFO] [1790834584.996240748] [mapex_explorer]: Main /plan diagnostic: poses=76, endpoint=(28.18, 2.93), frontier=(28.18, 2.93), endpoint_to_frontier=0.000 m, limit=0.10 m -> usable
[controller_server-9] [INFO] [1790834585.013843482] [controller_server]: Passing new path to controller.
[INFO] [1790834586.067477737] [mapex_explorer]: Main /plan diagnostic: poses=67, endpoint=(28.18, 2.93), frontier=(28.18, 2.93), endpoint_to_frontier=0.000 m, limit=0.10 m -> usable
[controller_server-9] [INFO] [1790834586.080462307] [controller_server]: Passing new path to controller.
[INFO] [1790834587.027111286] [mapex_explorer]: Main /plan diagnostic: poses=61, endpoint=(28.18, 2.93), frontier=(28.18, 2.93), endpoint_to_frontier=0.000 m, limit=0.10 m -> usable
[controller_server-9] [INFO] [1790834587.080469548] [controller_server]: Passing new path to controller.
[INFO] [1790834588.076595000] [mapex_explorer]: Main /plan diagnostic: poses=53, endpoint=(28.18, 2.93), frontier=(28.18, 2.93), endpoint_to_frontier=0.000 m, limit=0.10 m -> usable
[controller_server-9] [INFO] [1790834588.080464752] [controller_server]: Passing new path to controller.
[INFO] [1790834589.074499938] [mapex_explorer]: Main /plan diagnostic: poses=41, endpoint=(28.18, 2.93), frontier=(28.18, 2.93), endpoint_to_frontier=0.000 m, limit=0.10 m -> usable
[controller_server-9] [INFO] [1790834589.147144949] [controller_server]: Passing new path to controller.
[INFO] [1790834590.094508080] [mapex_explorer]: Main /plan diagnostic: poses=36, endpoint=(28.18, 2.93), frontier=(28.18, 2.93), endpoint_to_frontier=0.000 m, limit=0.10 m -> usable
[controller_server-9] [INFO] [1790834590.147137136] [controller_server]: Passing new path to controller.
[INFO] [1790834591.122476780] [mapex_explorer]: Main /plan diagnostic: poses=34, endpoint=(28.18, 2.93), frontier=(28.18, 2.93), endpoint_to_frontier=0.000 m, limit=0.10 m -> usable
[controller_server-9] [INFO] [1790834591.147137560] [controller_server]: Passing new path to controller.
[INFO] [1790834592.146917911] [mapex_explorer]: Main /plan diagnostic: poses=34, endpoint=(28.18, 2.93), frontier=(28.18, 2.93), endpoint_to_frontier=0.000 m, limit=0.10 m -> usable
[controller_server-9] [INFO] [1790834592.213796520] [controller_server]: Passing new path to controller.
[INFO] [1790834593.169176022] [mapex_explorer]: Main /plan diagnostic: poses=34, endpoint=(28.18, 2.93), frontier=(28.18, 2.93), endpoint_to_frontier=0.000 m, limit=0.10 m -> usable
[controller_server-9] [INFO] [1790834593.213797562] [controller_server]: Passing new path to controller.
[INFO] [1790834594.194197597] [mapex_explorer]: Main /plan diagnostic: poses=35, endpoint=(28.18, 2.93), frontier=(28.18, 2.93), endpoint_to_frontier=0.000 m, limit=0.10 m -> usable
[controller_server-9] [INFO] [1790834594.213795530] [controller_server]: Passing new path to controller.
[INFO] [1790834595.218024629] [mapex_explorer]: Main /plan diagnostic: poses=31, endpoint=(28.18, 2.93), frontier=(28.18, 2.93), endpoint_to_frontier=0.000 m, limit=0.10 m -> usable
[controller_server-9] [INFO] [1790834595.280468839] [controller_server]: Passing new path to controller.
[INFO] [1790834596.233780345] [mapex_explorer]: Main /plan diagnostic: poses=28, endpoint=(28.18, 2.93), frontier=(28.18, 2.93), endpoint_to_frontier=0.000 m, limit=0.10 m -> usable
[controller_server-9] [INFO] [1790834596.280497254] [controller_server]: Passing new path to controller.
[controller_server-9] [INFO] [1790834597.280465287] [controller_server]: Passing new path to controller.
[INFO] [1790834597.290126284] [mapex_explorer]: Main /plan diagnostic: poses=25, endpoint=(28.18, 2.93), frontier=(28.18, 2.93), endpoint_to_frontier=0.000 m, limit=0.10 m -> usable
[INFO] [1790834598.293263999] [mapex_explorer]: Main /plan diagnostic: poses=13, endpoint=(28.18, 2.93), frontier=(28.18, 2.93), endpoint_to_frontier=0.000 m, limit=0.10 m -> usable
[controller_server-9] [INFO] [1790834598.347131324] [controller_server]: Passing new path to controller.
[INFO] [1790834599.324389133] [mapex_explorer]: Main /plan diagnostic: poses=13, endpoint=(28.18, 2.93), frontier=(28.18, 2.93), endpoint_to_frontier=0.000 m, limit=0.10 m -> usable
[controller_server-9] [INFO] [1790834599.347151711] [controller_server]: Passing new path to controller.
[INFO] [1790834600.352724856] [mapex_explorer]: Main /plan diagnostic: poses=11, endpoint=(28.18, 2.93), frontier=(28.18, 2.93), endpoint_to_frontier=0.000 m, limit=0.10 m -> usable
[controller_server-9] [INFO] [1790834600.413796915] [controller_server]: Passing new path to controller.
[controller_server-9] [INFO] [1790834600.749703953] [controller_server]: Reached the goal!
[controller_server-9] [INFO] [1790834600.749829220] [controller_server]: Optimizer reset
[bt_navigator-14] [INFO] [1790834600.759641271] [bt_navigator]: Goal succeeded
[INFO] [1790834600.761193498] [mapex_explorer]: Goal reached
[INFO] [1790834609.117209260] [mapex_explorer]: MapEx decision 21: selected x=18.98, y=7.73, IG=124.195770, distance=10.16 m, score=12.229197, region=257, candidates=26, near_fallback=False, compute=8.12 s
[bt_navigator-14] [INFO] [1790834609.118019095] [bt_navigator]: Begin navigating from current location (27.86, 2.79) to (18.98, 7.73)
[controller_server-9] [INFO] [1790834609.138552479] [controller_server]: Received a goal, begin computing control effort.
[INFO] [1790834609.422992759] [mapex_explorer]: Main goal accepted
[INFO] [1790834609.555897174] [mapex_explorer]: Main /plan diagnostic: poses=213, endpoint=(18.98, 7.73), frontier=(18.98, 7.73), endpoint_to_frontier=0.000 m, limit=0.10 m -> usable
[INFO] [1790834610.154518310] [mapex_explorer]: Main /plan diagnostic: poses=209, endpoint=(18.98, 7.73), frontier=(18.98, 7.73), endpoint_to_frontier=0.000 m, limit=0.10 m -> usable
[controller_server-9] [INFO] [1790834610.205336912] [controller_server]: Passing new path to controller.
[INFO] [1790834611.180410971] [mapex_explorer]: Main /plan diagnostic: poses=201, endpoint=(18.98, 7.73), frontier=(18.98, 7.73), endpoint_to_frontier=0.000 m, limit=0.10 m -> usable
[controller_server-9] [INFO] [1790834611.205378362] [controller_server]: Passing new path to controller.
[controller_server-9] [INFO] [1790834612.205358594] [controller_server]: Passing new path to controller.
[INFO] [1790834612.225421347] [mapex_explorer]: Main /plan diagnostic: poses=195, endpoint=(18.98, 7.73), frontier=(18.98, 7.73), endpoint_to_frontier=0.000 m, limit=0.10 m -> usable
[INFO] [1790834613.217167477] [mapex_explorer]: Main /plan diagnostic: poses=196, endpoint=(18.98, 7.73), frontier=(18.98, 7.73), endpoint_to_frontier=0.000 m, limit=0.10 m -> usable
[controller_server-9] [INFO] [1790834613.272026607] [controller_server]: Passing new path to controller.
[controller_server-9] [INFO] [1790834614.272004827] [controller_server]: Passing new path to controller.
[INFO] [1790834614.290255298] [mapex_explorer]: Main /plan diagnostic: poses=191, endpoint=(18.98, 7.73), frontier=(18.98, 7.73), endpoint_to_frontier=0.000 m, limit=0.10 m -> usable
[INFO] [1790834615.275298526] [mapex_explorer]: Main /plan diagnostic: poses=181, endpoint=(18.98, 7.73), frontier=(18.98, 7.73), endpoint_to_frontier=0.000 m, limit=0.10 m -> usable
[controller_server-9] [INFO] [1790834615.338637784] [controller_server]: Passing new path to controller.
[INFO] [1790834616.294840744] [mapex_explorer]: Main /plan diagnostic: poses=171, endpoint=(18.98, 7.73), frontier=(18.98, 7.73), endpoint_to_frontier=0.000 m, limit=0.10 m -> usable
[controller_server-9] [INFO] [1790834616.338632281] [controller_server]: Passing new path to controller.
[INFO] [1790834617.327647775] [mapex_explorer]: Main /plan diagnostic: poses=160, endpoint=(18.98, 7.73), frontier=(18.98, 7.73), endpoint_to_frontier=0.000 m, limit=0.10 m -> usable
[controller_server-9] [INFO] [1790834617.338633626] [controller_server]: Passing new path to controller.
[INFO] [1790834618.357925719] [mapex_explorer]: Main /plan diagnostic: poses=151, endpoint=(18.98, 7.73), frontier=(18.98, 7.73), endpoint_to_frontier=0.000 m, limit=0.10 m -> usable
[controller_server-9] [INFO] [1790834618.405335234] [controller_server]: Passing new path to controller.
[controller_server-9] [INFO] [1790834619.405359876] [controller_server]: Passing new path to controller.
[INFO] [1790834619.438153492] [mapex_explorer]: Main /plan diagnostic: poses=141, endpoint=(18.98, 7.73), frontier=(18.98, 7.73), endpoint_to_frontier=0.000 m, limit=0.10 m -> usable
[INFO] [1790834620.412450504] [mapex_explorer]: Main /plan diagnostic: poses=130, endpoint=(18.98, 7.73), frontier=(18.98, 7.73), endpoint_to_frontier=0.000 m, limit=0.10 m -> usable
[controller_server-9] [INFO] [1790834620.472010996] [controller_server]: Passing new path to controller.
[INFO] [1790834621.437981982] [mapex_explorer]: Main /plan diagnostic: poses=122, endpoint=(18.98, 7.73), frontier=(18.98, 7.73), endpoint_to_frontier=0.000 m, limit=0.10 m -> usable
[controller_server-9] [INFO] [1790834621.472017473] [controller_server]: Passing new path to controller.
[INFO] [1790834622.457897909] [mapex_explorer]: Main /plan diagnostic: poses=110, endpoint=(18.98, 7.73), frontier=(18.98, 7.73), endpoint_to_frontier=0.000 m, limit=0.10 m -> usable
[controller_server-9] [INFO] [1790834622.472037065] [controller_server]: Passing new path to controller.
[INFO] [1790834623.483274788] [mapex_explorer]: Main /plan diagnostic: poses=99, endpoint=(18.98, 7.73), frontier=(18.98, 7.73), endpoint_to_frontier=0.000 m, limit=0.10 m -> usable
[controller_server-9] [INFO] [1790834623.538641176] [controller_server]: Passing new path to controller.
[INFO] [1790834624.509113728] [mapex_explorer]: Main /plan diagnostic: poses=92, endpoint=(18.98, 7.73), frontier=(18.98, 7.73), endpoint_to_frontier=0.000 m, limit=0.10 m -> usable
[controller_server-9] [INFO] [1790834624.538633901] [controller_server]: Passing new path to controller.
[INFO] [1790834625.571729545] [mapex_explorer]: Main /plan diagnostic: poses=81, endpoint=(18.98, 7.73), frontier=(18.98, 7.73), endpoint_to_frontier=0.000 m, limit=0.10 m -> usable
[controller_server-9] [INFO] [1790834625.605345810] [controller_server]: Passing new path to controller.
[INFO] [1790834626.573382254] [mapex_explorer]: Main /plan diagnostic: poses=71, endpoint=(18.98, 7.73), frontier=(18.98, 7.73), endpoint_to_frontier=0.000 m, limit=0.10 m -> usable
[controller_server-9] [INFO] [1790834626.605348331] [controller_server]: Passing new path to controller.
[INFO] [1790834627.621632584] [mapex_explorer]: Main /plan diagnostic: poses=61, endpoint=(18.98, 7.73), frontier=(18.98, 7.73), endpoint_to_frontier=0.000 m, limit=0.10 m -> usable
[controller_server-9] [INFO] [1790834627.672011108] [controller_server]: Passing new path to controller.
[INFO] [1790834628.611889438] [mapex_explorer]: Main /plan diagnostic: poses=52, endpoint=(18.98, 7.73), frontier=(18.98, 7.73), endpoint_to_frontier=0.000 m, limit=0.10 m -> usable
[controller_server-9] [INFO] [1790834628.672004844] [controller_server]: Passing new path to controller.
[INFO] [1790834629.642499844] [mapex_explorer]: Main /plan diagnostic: poses=38, endpoint=(18.98, 7.73), frontier=(18.98, 7.73), endpoint_to_frontier=0.000 m, limit=0.10 m -> usable
[controller_server-9] [INFO] [1790834629.672024607] [controller_server]: Passing new path to controller.
[INFO] [1790834630.670919585] [mapex_explorer]: Main /plan diagnostic: poses=30, endpoint=(18.98, 7.73), frontier=(18.98, 7.73), endpoint_to_frontier=0.000 m, limit=0.10 m -> usable
[controller_server-9] [INFO] [1790834630.738643394] [controller_server]: Passing new path to controller.
[INFO] [1790834631.706737560] [mapex_explorer]: Main /plan diagnostic: poses=20, endpoint=(18.98, 7.73), frontier=(18.98, 7.73), endpoint_to_frontier=0.000 m, limit=0.10 m -> usable
[controller_server-9] [INFO] [1790834631.738640852] [controller_server]: Passing new path to controller.
[INFO] [1790834632.732327694] [mapex_explorer]: Main /plan diagnostic: poses=14, endpoint=(18.98, 7.73), frontier=(18.98, 7.73), endpoint_to_frontier=0.000 m, limit=0.10 m -> usable
[controller_server-9] [INFO] [1790834632.738648122] [controller_server]: Passing new path to controller.
[INFO] [1790834633.784590681] [mapex_explorer]: Main /plan diagnostic: poses=7, endpoint=(18.98, 7.73), frontier=(18.98, 7.73), endpoint_to_frontier=0.000 m, limit=0.10 m -> usable
[controller_server-9] [INFO] [1790834633.805343524] [controller_server]: Passing new path to controller.
[controller_server-9] [INFO] [1790834633.874027091] [controller_server]: Reached the goal!
[controller_server-9] [INFO] [1790834633.874177175] [controller_server]: Optimizer reset
[bt_navigator-14] [INFO] [1790834633.898384674] [bt_navigator]: Goal succeeded
[INFO] [1790834633.922894683] [mapex_explorer]: Goal reached
[INFO] [1790834641.863744860] [mapex_explorer]: MapEx decision 22: selected x=13.38, y=2.43, IG=31.657249, distance=7.86 m, score=4.026761, region=28, candidates=26, near_fallback=False, compute=7.87 s
[bt_navigator-14] [INFO] [1790834641.865208564] [bt_navigator]: Begin navigating from current location (19.27, 7.62) to (13.38, 2.43)
[controller_server-9] [INFO] [1790834641.885765795] [controller_server]: Received a goal, begin computing control effort.
[INFO] [1790834642.107133915] [mapex_explorer]: Main goal accepted
[INFO] [1790834642.212130577] [mapex_explorer]: Main /plan diagnostic: poses=221, endpoint=(13.38, 2.43), frontier=(13.38, 2.43), endpoint_to_frontier=0.000 m, limit=0.10 m -> usable
[INFO] [1790834642.894603156] [mapex_explorer]: Main /plan diagnostic: poses=216, endpoint=(13.38, 2.43), frontier=(13.38, 2.43), endpoint_to_frontier=0.000 m, limit=0.10 m -> usable
[controller_server-9] [INFO] [1790834642.952559691] [controller_server]: Passing new path to controller.
[controller_server-9] [INFO] [1790834643.528127495] [local_costmap.local_costmap]: StaticLayer: Resizing static layer to 560 X 252 at 0.100000 m/pix
[INFO] [1790834643.948472531] [mapex_explorer]: Main /plan diagnostic: poses=210, endpoint=(13.38, 2.43), frontier=(13.38, 2.43), endpoint_to_frontier=0.000 m, limit=0.10 m -> usable
[controller_server-9] [INFO] [1790834643.952555040] [controller_server]: Passing new path to controller.
[planner_server-11] [INFO] [1790834644.189127793] [global_costmap.global_costmap]: StaticLayer: Resizing costmap to 560 X 252 at 0.100000 m/pix
[controller_server-9] [INFO] [1790834644.952557376] [controller_server]: Passing new path to controller.
[INFO] [1790834644.998477633] [mapex_explorer]: Main /plan diagnostic: poses=210, endpoint=(13.38, 2.43), frontier=(13.38, 2.43), endpoint_to_frontier=0.000 m, limit=0.10 m -> usable
[INFO] [1790834645.966939006] [mapex_explorer]: Main /plan diagnostic: poses=208, endpoint=(13.38, 2.43), frontier=(13.38, 2.43), endpoint_to_frontier=0.000 m, limit=0.10 m -> usable
[controller_server-9] [INFO] [1790834646.019232382] [controller_server]: Passing new path to controller.
[controller_server-9] [INFO] [1790834647.019226092] [controller_server]: Passing new path to controller.
[INFO] [1790834647.032879308] [mapex_explorer]: Main /plan diagnostic: poses=198, endpoint=(13.38, 2.43), frontier=(13.38, 2.43), endpoint_to_frontier=0.000 m, limit=0.10 m -> usable
[controller_server-9] [INFO] [1790834648.085887947] [controller_server]: Passing new path to controller.
[INFO] [1790834648.107253405] [mapex_explorer]: Main /plan diagnostic: poses=187, endpoint=(13.38, 2.43), frontier=(13.38, 2.43), endpoint_to_frontier=0.000 m, limit=0.10 m -> usable
[INFO] [1790834649.046080171] [mapex_explorer]: Main /plan diagnostic: poses=178, endpoint=(13.38, 2.43), frontier=(13.38, 2.43), endpoint_to_frontier=0.000 m, limit=0.10 m -> usable
[controller_server-9] [INFO] [1790834649.085891629] [controller_server]: Passing new path to controller.
[INFO] [1790834650.077903555] [mapex_explorer]: Main /plan diagnostic: poses=167, endpoint=(13.38, 2.43), frontier=(13.38, 2.43), endpoint_to_frontier=0.000 m, limit=0.10 m -> usable
[controller_server-9] [INFO] [1790834650.085887310] [controller_server]: Passing new path to controller.
[controller_server-9] [INFO] [1790834651.152555786] [controller_server]: Passing new path to controller.
[INFO] [1790834651.221996693] [mapex_explorer]: Main /plan diagnostic: poses=156, endpoint=(13.38, 2.43), frontier=(13.38, 2.43), endpoint_to_frontier=0.000 m, limit=0.10 m -> usable
[INFO] [1790834652.131065330] [mapex_explorer]: Main /plan diagnostic: poses=142, endpoint=(13.38, 2.43), frontier=(13.38, 2.43), endpoint_to_frontier=0.000 m, limit=0.10 m -> usable
[controller_server-9] [INFO] [1790834652.152553756] [controller_server]: Passing new path to controller.
[INFO] [1790834653.187127296] [mapex_explorer]: Main /plan diagnostic: poses=131, endpoint=(13.38, 2.43), frontier=(13.38, 2.43), endpoint_to_frontier=0.000 m, limit=0.10 m -> usable
[controller_server-9] [INFO] [1790834653.219241976] [controller_server]: Passing new path to controller.
[INFO] [1790834654.197456672] [mapex_explorer]: Main /plan diagnostic: poses=122, endpoint=(13.38, 2.43), frontier=(13.38, 2.43), endpoint_to_frontier=0.000 m, limit=0.10 m -> usable
[controller_server-9] [INFO] [1790834654.219277703] [controller_server]: Passing new path to controller.
[controller_server-9] [INFO] [1790834655.219251458] [controller_server]: Passing new path to controller.
[INFO] [1790834655.244407017] [mapex_explorer]: Main /plan diagnostic: poses=114, endpoint=(13.38, 2.43), frontier=(13.38, 2.43), endpoint_to_frontier=0.000 m, limit=0.10 m -> usable
[controller_server-9] [INFO] [1790834656.285895055] [controller_server]: Passing new path to controller.
[INFO] [1790834656.289474549] [mapex_explorer]: Main /plan diagnostic: poses=102, endpoint=(13.38, 2.43), frontier=(13.38, 2.43), endpoint_to_frontier=0.000 m, limit=0.10 m -> usable
[INFO] [1790834657.272387122] [mapex_explorer]: Main /plan diagnostic: poses=95, endpoint=(13.38, 2.43), frontier=(13.38, 2.43), endpoint_to_frontier=0.000 m, limit=0.10 m -> usable
[controller_server-9] [INFO] [1790834657.285890783] [controller_server]: Passing new path to controller.
[INFO] [1790834658.293666417] [mapex_explorer]: Main /plan diagnostic: poses=189, endpoint=(13.38, 2.43), frontier=(13.38, 2.43), endpoint_to_frontier=0.000 m, limit=0.10 m -> usable
[controller_server-9] [INFO] [1790834658.352553974] [controller_server]: Passing new path to controller.
[INFO] [1790834659.314633710] [mapex_explorer]: Main /plan diagnostic: poses=178, endpoint=(13.38, 2.43), frontier=(13.38, 2.43), endpoint_to_frontier=0.000 m, limit=0.10 m -> usable
[controller_server-9] [INFO] [1790834659.352555552] [controller_server]: Passing new path to controller.
[INFO] [1790834660.348181511] [mapex_explorer]: Main /plan diagnostic: poses=168, endpoint=(13.38, 2.43), frontier=(13.38, 2.43), endpoint_to_frontier=0.000 m, limit=0.10 m -> usable
[controller_server-9] [INFO] [1790834660.419248681] [controller_server]: Passing new path to controller.
[INFO] [1790834661.373236647] [mapex_explorer]: Main /plan diagnostic: poses=160, endpoint=(13.38, 2.43), frontier=(13.38, 2.43), endpoint_to_frontier=0.000 m, limit=0.10 m -> usable
[controller_server-9] [INFO] [1790834661.419255308] [controller_server]: Passing new path to controller.
[INFO] [1790834662.407519141] [mapex_explorer]: Main /plan diagnostic: poses=149, endpoint=(13.38, 2.43), frontier=(13.38, 2.43), endpoint_to_frontier=0.000 m, limit=0.10 m -> usable
[controller_server-9] [INFO] [1790834662.419280344] [controller_server]: Passing new path to controller.
[INFO] [1790834663.426000689] [mapex_explorer]: Main /plan diagnostic: poses=140, endpoint=(13.38, 2.43), frontier=(13.38, 2.43), endpoint_to_frontier=0.000 m, limit=0.10 m -> usable
[controller_server-9] [INFO] [1790834663.485899294] [controller_server]: Passing new path to controller.
[INFO] [1790834664.447224883] [mapex_explorer]: Main /plan diagnostic: poses=130, endpoint=(13.38, 2.43), frontier=(13.38, 2.43), endpoint_to_frontier=0.000 m, limit=0.10 m -> usable
[controller_server-9] [INFO] [1790834664.485889732] [controller_server]: Passing new path to controller.
[controller_server-9] [INFO] [1790834665.485887684] [controller_server]: Passing new path to controller.
[INFO] [1790834665.496402814] [mapex_explorer]: Main /plan diagnostic: poses=120, endpoint=(13.38, 2.43), frontier=(13.38, 2.43), endpoint_to_frontier=0.000 m, limit=0.10 m -> usable
[INFO] [1790834666.503936263] [mapex_explorer]: Main /plan diagnostic: poses=111, endpoint=(13.38, 2.43), frontier=(13.38, 2.43), endpoint_to_frontier=0.000 m, limit=0.10 m -> usable
[controller_server-9] [INFO] [1790834666.552575926] [controller_server]: Passing new path to controller.
[controller_server-9] [INFO] [1790834667.552604068] [controller_server]: Passing new path to controller.
[INFO] [1790834667.594034832] [mapex_explorer]: Main /plan diagnostic: poses=99, endpoint=(13.38, 2.43), frontier=(13.38, 2.43), endpoint_to_frontier=0.000 m, limit=0.10 m -> usable
[INFO] [1790834668.551141029] [mapex_explorer]: Main /plan diagnostic: poses=91, endpoint=(13.38, 2.43), frontier=(13.38, 2.43), endpoint_to_frontier=0.000 m, limit=0.10 m -> usable
[controller_server-9] [INFO] [1790834668.552572544] [controller_server]: Passing new path to controller.
[INFO] [1790834669.575328022] [mapex_explorer]: Main /plan diagnostic: poses=79, endpoint=(13.38, 2.43), frontier=(13.38, 2.43), endpoint_to_frontier=0.000 m, limit=0.10 m -> usable
[controller_server-9] [INFO] [1790834669.619227123] [controller_server]: Passing new path to controller.
[INFO] [1790834670.585184253] [mapex_explorer]: Main /plan diagnostic: poses=70, endpoint=(13.38, 2.43), frontier=(13.38, 2.43), endpoint_to_frontier=0.000 m, limit=0.10 m -> usable
[controller_server-9] [INFO] [1790834670.619233410] [controller_server]: Passing new path to controller.
[INFO] [1790834671.619272571] [mapex_explorer]: Main /plan diagnostic: poses=61, endpoint=(13.38, 2.43), frontier=(13.38, 2.43), endpoint_to_frontier=0.000 m, limit=0.10 m -> usable
[controller_server-9] [INFO] [1790834671.619288103] [controller_server]: Passing new path to controller.
[INFO] [1790834672.634714453] [mapex_explorer]: Main /plan diagnostic: poses=51, endpoint=(13.38, 2.43), frontier=(13.38, 2.43), endpoint_to_frontier=0.000 m, limit=0.10 m -> usable
[controller_server-9] [INFO] [1790834672.685918040] [controller_server]: Passing new path to controller.
[INFO] [1790834673.659126492] [mapex_explorer]: Main /plan diagnostic: poses=45, endpoint=(13.38, 2.43), frontier=(13.38, 2.43), endpoint_to_frontier=0.000 m, limit=0.10 m -> usable
[controller_server-9] [INFO] [1790834673.685902388] [controller_server]: Passing new path to controller.
[INFO] [1790834674.693938742] [mapex_explorer]: Main /plan diagnostic: poses=32, endpoint=(13.38, 2.43), frontier=(13.38, 2.43), endpoint_to_frontier=0.000 m, limit=0.10 m -> usable
[controller_server-9] [INFO] [1790834674.752554157] [controller_server]: Passing new path to controller.
[INFO] [1790834675.704408496] [mapex_explorer]: Main /plan diagnostic: poses=23, endpoint=(13.38, 2.43), frontier=(13.38, 2.43), endpoint_to_frontier=0.000 m, limit=0.10 m -> usable
[controller_server-9] [INFO] [1790834675.752581125] [controller_server]: Passing new path to controller.
[controller_server-9] [INFO] [1790834676.752573825] [controller_server]: Passing new path to controller.
[INFO] [1790834676.797000127] [mapex_explorer]: Main /plan diagnostic: poses=15, endpoint=(13.38, 2.43), frontier=(13.38, 2.43), endpoint_to_frontier=0.000 m, limit=0.10 m -> usable
[INFO] [1790834677.816283974] [mapex_explorer]: Main /plan diagnostic: poses=7, endpoint=(13.38, 2.43), frontier=(13.38, 2.43), endpoint_to_frontier=0.000 m, limit=0.10 m -> usable
[controller_server-9] [INFO] [1790834677.819224558] [controller_server]: Passing new path to controller.
[controller_server-9] [INFO] [1790834678.155003586] [controller_server]: Reached the goal!
[controller_server-9] [INFO] [1790834678.155167682] [controller_server]: Optimizer reset
[bt_navigator-14] [INFO] [1790834678.175595359] [bt_navigator]: Goal succeeded
[INFO] [1790834678.183161969] [mapex_explorer]: Goal reached
[INFO] [1790834686.944657067] [mapex_explorer]: MapEx decision 23: selected x=16.48, y=2.23, IG=12.440892, distance=3.39 m, score=3.668178, region=57, candidates=29, near_fallback=False, compute=7.95 s
[bt_navigator-14] [INFO] [1790834686.945514978] [bt_navigator]: Begin navigating from current location (13.12, 2.63) to (16.48, 2.23)
[controller_server-9] [INFO] [1790834686.966065241] [controller_server]: Received a goal, begin computing control effort.
[INFO] [1790834687.158073683] [mapex_explorer]: Main goal accepted
[INFO] [1790834687.273114317] [mapex_explorer]: Main /plan diagnostic: poses=78, endpoint=(16.48, 2.23), frontier=(16.48, 2.23), endpoint_to_frontier=0.000 m, limit=0.10 m -> usable
[INFO] [1790834687.988175122] [mapex_explorer]: Main /plan diagnostic: poses=75, endpoint=(16.48, 2.23), frontier=(16.48, 2.23), endpoint_to_frontier=0.000 m, limit=0.10 m -> usable
[controller_server-9] [INFO] [1790834688.032879104] [controller_server]: Passing new path to controller.
[controller_server-9] [INFO] [1790834689.032881053] [controller_server]: Passing new path to controller.
[INFO] [1790834689.038844848] [mapex_explorer]: Main /plan diagnostic: poses=69, endpoint=(16.48, 2.23), frontier=(16.48, 2.23), endpoint_to_frontier=0.000 m, limit=0.10 m -> usable
[INFO] [1790834690.032454700] [mapex_explorer]: Main /plan diagnostic: poses=54, endpoint=(16.48, 2.23), frontier=(16.48, 2.23), endpoint_to_frontier=0.000 m, limit=0.10 m -> usable
[controller_server-9] [INFO] [1790834690.099553133] [controller_server]: Passing new path to controller.
[INFO] [1790834691.048756827] [mapex_explorer]: Main /plan diagnostic: poses=47, endpoint=(16.48, 2.23), frontier=(16.48, 2.23), endpoint_to_frontier=0.000 m, limit=0.10 m -> usable
[controller_server-9] [INFO] [1790834691.099565409] [controller_server]: Passing new path to controller.
[INFO] [1790834692.082277574] [mapex_explorer]: Main /plan diagnostic: poses=37, endpoint=(16.48, 2.23), frontier=(16.48, 2.23), endpoint_to_frontier=0.000 m, limit=0.10 m -> usable
[controller_server-9] [INFO] [1790834692.099540961] [controller_server]: Passing new path to controller.
[INFO] [1790834693.099004266] [mapex_explorer]: Main /plan diagnostic: poses=27, endpoint=(16.48, 2.23), frontier=(16.48, 2.23), endpoint_to_frontier=0.000 m, limit=0.10 m -> usable
[controller_server-9] [INFO] [1790834693.166216255] [controller_server]: Passing new path to controller.
[INFO] [1790834694.127531735] [mapex_explorer]: Main /plan diagnostic: poses=19, endpoint=(16.48, 2.23), frontier=(16.48, 2.23), endpoint_to_frontier=0.000 m, limit=0.10 m -> usable
[controller_server-9] [INFO] [1790834694.166212784] [controller_server]: Passing new path to controller.
[INFO] [1790834695.178689033] [mapex_explorer]: Main /plan diagnostic: poses=13, endpoint=(16.48, 2.23), frontier=(16.48, 2.23), endpoint_to_frontier=0.000 m, limit=0.10 m -> usable
[controller_server-9] [INFO] [1790834695.232877968] [controller_server]: Passing new path to controller.
[INFO] [1790834696.178706831] [mapex_explorer]: Main /plan diagnostic: poses=15, endpoint=(16.48, 2.23), frontier=(16.48, 2.23), endpoint_to_frontier=0.000 m, limit=0.10 m -> usable
[controller_server-9] [INFO] [1790834696.233032421] [controller_server]: Passing new path to controller.
[controller_server-9] [INFO] [1790834696.434953638] [controller_server]: Reached the goal!
[controller_server-9] [INFO] [1790834696.435209220] [controller_server]: Optimizer reset
[bt_navigator-14] [INFO] [1790834696.455860121] [bt_navigator]: Goal succeeded
[INFO] [1790834696.459182254] [mapex_explorer]: Goal reached
[INFO] [1790834705.169050997] [mapex_explorer]: MapEx decision 24: selected x=45.08, y=-3.07, IG=63.673954, distance=29.23 m, score=2.178610, region=50, candidates=29, near_fallback=False, compute=8.18 s
[bt_navigator-14] [INFO] [1790834705.169962050] [bt_navigator]: Begin navigating from current location (16.29, 1.94) to (45.08, -3.07)
[controller_server-9] [INFO] [1790834705.191056994] [controller_server]: Received a goal, begin computing control effort.
[INFO] [1790834705.526850635] [mapex_explorer]: Main goal accepted
[INFO] [1790834705.581672562] [mapex_explorer]: Main /plan diagnostic: poses=899, endpoint=(45.08, -3.07), frontier=(45.08, -3.07), endpoint_to_frontier=0.000 m, limit=0.10 m -> usable
[INFO] [1790834706.231228636] [mapex_explorer]: Main /plan diagnostic: poses=892, endpoint=(45.08, -3.07), frontier=(45.08, -3.07), endpoint_to_frontier=0.000 m, limit=0.10 m -> usable
[controller_server-9] [INFO] [1790834706.257894255] [controller_server]: Passing new path to controller.
[INFO] [1790834707.257405994] [mapex_explorer]: Main /plan diagnostic: poses=885, endpoint=(45.08, -3.07), frontier=(45.08, -3.07), endpoint_to_frontier=0.000 m, limit=0.10 m -> usable
[controller_server-9] [INFO] [1790834707.257898636] [controller_server]: Passing new path to controller.
[INFO] [1790834708.299027778] [mapex_explorer]: Main /plan diagnostic: poses=887, endpoint=(45.08, -3.07), frontier=(45.08, -3.07), endpoint_to_frontier=0.000 m, limit=0.10 m -> usable
[controller_server-9] [INFO] [1790834708.324560579] [controller_server]: Passing new path to controller.
[INFO] [1790834709.312234996] [mapex_explorer]: Main /plan diagnostic: poses=887, endpoint=(45.08, -3.07), frontier=(45.08, -3.07), endpoint_to_frontier=0.000 m, limit=0.10 m -> usable
[controller_server-9] [INFO] [1790834709.324569359] [controller_server]: Passing new path to controller.
[INFO] [1790834710.355978336] [mapex_explorer]: Main /plan diagnostic: poses=876, endpoint=(45.08, -3.07), frontier=(45.08, -3.07), endpoint_to_frontier=0.000 m, limit=0.10 m -> usable
[controller_server-9] [INFO] [1790834710.391226074] [controller_server]: Passing new path to controller.
[INFO] [1790834711.384384376] [mapex_explorer]: Main /plan diagnostic: poses=868, endpoint=(45.08, -3.07), frontier=(45.08, -3.07), endpoint_to_frontier=0.000 m, limit=0.10 m -> usable
[controller_server-9] [INFO] [1790834711.391226311] [controller_server]: Passing new path to controller.
[controller_server-9] [INFO] [1790834712.391222854] [controller_server]: Passing new path to controller.
[INFO] [1790834712.451394215] [mapex_explorer]: Main /plan diagnostic: poses=858, endpoint=(45.08, -3.07), frontier=(45.08, -3.07), endpoint_to_frontier=0.000 m, limit=0.10 m -> usable
[INFO] [1790834713.451713746] [mapex_explorer]: Main /plan diagnostic: poses=846, endpoint=(45.08, -3.07), frontier=(45.08, -3.07), endpoint_to_frontier=0.000 m, limit=0.10 m -> usable
[controller_server-9] [INFO] [1790834713.457893609] [controller_server]: Passing new path to controller.
[controller_server-9] [INFO] [1790834714.457895799] [controller_server]: Passing new path to controller.
[INFO] [1790834714.459023379] [mapex_explorer]: Main /plan diagnostic: poses=836, endpoint=(45.08, -3.07), frontier=(45.08, -3.07), endpoint_to_frontier=0.000 m, limit=0.10 m -> usable
[INFO] [1790834715.507497195] [mapex_explorer]: Main /plan diagnostic: poses=828, endpoint=(45.08, -3.07), frontier=(45.08, -3.07), endpoint_to_frontier=0.000 m, limit=0.10 m -> usable
[controller_server-9] [INFO] [1790834715.524559905] [controller_server]: Passing new path to controller.
[controller_server-9] [INFO] [1790834716.524682400] [controller_server]: Passing new path to controller.
[INFO] [1790834716.538955552] [mapex_explorer]: Main /plan diagnostic: poses=820, endpoint=(45.08, -3.07), frontier=(45.08, -3.07), endpoint_to_frontier=0.000 m, limit=0.10 m -> usable
[INFO] [1790834717.578146847] [mapex_explorer]: Main /plan diagnostic: poses=810, endpoint=(45.08, -3.07), frontier=(45.08, -3.07), endpoint_to_frontier=0.000 m, limit=0.10 m -> usable
[controller_server-9] [INFO] [1790834717.591257446] [controller_server]: Passing new path to controller.
[async_slam_toolbox_node-8] W20261001 13:05:17.834354 30090 preprocessor.cc:67] Specified options.num_threads: 50 exceeds maximum available from the threading model Ceres was compiled with: 16.  Bounding to maximum number available.
[async_slam_toolbox_node-8] [INFO] [1790834717.844426293] [slam_toolbox]: Adaptive anchor summary: latest_node=1697, local_edges=1745, loop_history=0, avg_effective_weight=1.165, release_regions=0
[controller_server-9] [INFO] [1790834718.528840705] [local_costmap.local_costmap]: StaticLayer: Resizing static layer to 560 X 252 at 0.100000 m/pix
[controller_server-9] [INFO] [1790834718.591226797] [controller_server]: Passing new path to controller.
[INFO] [1790834718.622391839] [mapex_explorer]: Main /plan diagnostic: poses=802, endpoint=(45.08, -3.07), frontier=(45.08, -3.07), endpoint_to_frontier=0.000 m, limit=0.10 m -> usable
[planner_server-11] [INFO] [1790834719.189138233] [global_costmap.global_costmap]: StaticLayer: Resizing costmap to 560 X 252 at 0.100000 m/pix
[controller_server-9] [INFO] [1790834719.657895920] [controller_server]: Passing new path to controller.
[INFO] [1790834719.675919621] [mapex_explorer]: Main /plan diagnostic: poses=790, endpoint=(45.08, -3.07), frontier=(45.08, -3.07), endpoint_to_frontier=0.000 m, limit=0.10 m -> usable
[INFO] [1790834720.644712955] [mapex_explorer]: Main /plan diagnostic: poses=783, endpoint=(45.08, -3.07), frontier=(45.08, -3.07), endpoint_to_frontier=0.000 m, limit=0.10 m -> usable
[controller_server-9] [INFO] [1790834720.657892984] [controller_server]: Passing new path to controller.
[controller_server-9] [INFO] [1790834721.657922832] [controller_server]: Passing new path to controller.
[INFO] [1790834721.696192489] [mapex_explorer]: Main /plan diagnostic: poses=772, endpoint=(45.08, -3.07), frontier=(45.08, -3.07), endpoint_to_frontier=0.000 m, limit=0.10 m -> usable
[INFO] [1790834722.687339542] [mapex_explorer]: Main /plan diagnostic: poses=758, endpoint=(45.08, -3.07), frontier=(45.08, -3.07), endpoint_to_frontier=0.000 m, limit=0.10 m -> usable
[controller_server-9] [INFO] [1790834722.724560446] [controller_server]: Passing new path to controller.
[INFO] [1790834723.714576935] [mapex_explorer]: Main /plan diagnostic: poses=749, endpoint=(45.08, -3.07), frontier=(45.08, -3.07), endpoint_to_frontier=0.000 m, limit=0.10 m -> usable
[controller_server-9] [INFO] [1790834723.724582906] [controller_server]: Passing new path to controller.
[INFO] [1790834724.764439697] [mapex_explorer]: Main /plan diagnostic: poses=736, endpoint=(45.08, -3.07), frontier=(45.08, -3.07), endpoint_to_frontier=0.000 m, limit=0.10 m -> usable
[controller_server-9] [INFO] [1790834724.791238890] [controller_server]: Passing new path to controller.
[controller_server-9] [INFO] [1790834725.791229888] [controller_server]: Passing new path to controller.
[INFO] [1790834725.856570287] [mapex_explorer]: Main /plan diagnostic: poses=728, endpoint=(45.08, -3.07), frontier=(45.08, -3.07), endpoint_to_frontier=0.000 m, limit=0.10 m -> usable
[INFO] [1790834726.847723533] [mapex_explorer]: Main /plan diagnostic: poses=716, endpoint=(45.08, -3.07), frontier=(45.08, -3.07), endpoint_to_frontier=0.000 m, limit=0.10 m -> usable
[controller_server-9] [INFO] [1790834726.857892534] [controller_server]: Passing new path to controller.
[controller_server-9] [INFO] [1790834727.857897574] [controller_server]: Passing new path to controller.
[INFO] [1790834727.866388560] [mapex_explorer]: Main /plan diagnostic: poses=709, endpoint=(45.08, -3.07), frontier=(45.08, -3.07), endpoint_to_frontier=0.000 m, limit=0.10 m -> usable
[INFO] [1790834728.892435751] [mapex_explorer]: Main /plan diagnostic: poses=696, endpoint=(45.08, -3.07), frontier=(45.08, -3.07), endpoint_to_frontier=0.000 m, limit=0.10 m -> usable
[controller_server-9] [INFO] [1790834728.924564277] [controller_server]: Passing new path to controller.
[controller_server-9] [INFO] [1790834729.924573790] [controller_server]: Passing new path to controller.
[INFO] [1790834729.943123866] [mapex_explorer]: Main /plan diagnostic: poses=689, endpoint=(45.08, -3.07), frontier=(45.08, -3.07), endpoint_to_frontier=0.000 m, limit=0.10 m -> usable
[controller_server-9] [INFO] [1790834730.924572461] [controller_server]: Passing new path to controller.
[INFO] [1790834731.073021554] [mapex_explorer]: Main /plan diagnostic: poses=676, endpoint=(45.08, -3.07), frontier=(45.08, -3.07), endpoint_to_frontier=0.000 m, limit=0.10 m -> usable
[INFO] [1790834731.982146553] [mapex_explorer]: Main /plan diagnostic: poses=669, endpoint=(45.08, -3.07), frontier=(45.08, -3.07), endpoint_to_frontier=0.000 m, limit=0.10 m -> usable
[controller_server-9] [INFO] [1790834731.991226755] [controller_server]: Passing new path to controller.
[controller_server-9] [INFO] [1790834733.057893692] [controller_server]: Passing new path to controller.
[INFO] [1790834733.073036654] [mapex_explorer]: Main /plan diagnostic: poses=656, endpoint=(45.08, -3.07), frontier=(45.08, -3.07), endpoint_to_frontier=0.000 m, limit=0.10 m -> usable
[controller_server-9] [INFO] [1790834734.057891331] [controller_server]: Passing new path to controller.
[INFO] [1790834734.097197212] [mapex_explorer]: Main /plan diagnostic: poses=649, endpoint=(45.08, -3.07), frontier=(45.08, -3.07), endpoint_to_frontier=0.000 m, limit=0.10 m -> usable
[INFO] [1790834735.051209999] [mapex_explorer]: Main /plan diagnostic: poses=636, endpoint=(45.08, -3.07), frontier=(45.08, -3.07), endpoint_to_frontier=0.000 m, limit=0.10 m -> usable
[controller_server-9] [INFO] [1790834735.057892063] [controller_server]: Passing new path to controller.
[controller_server-9] [INFO] [1790834736.124586889] [controller_server]: Passing new path to controller.
[INFO] [1790834736.153304158] [mapex_explorer]: Main /plan diagnostic: poses=629, endpoint=(45.08, -3.07), frontier=(45.08, -3.07), endpoint_to_frontier=0.000 m, limit=0.10 m -> usable
[INFO] [1790834737.097391227] [mapex_explorer]: Main /plan diagnostic: poses=616, endpoint=(45.08, -3.07), frontier=(45.08, -3.07), endpoint_to_frontier=0.000 m, limit=0.10 m -> usable
[controller_server-9] [INFO] [1790834737.124570417] [controller_server]: Passing new path to controller.
[INFO] [1790834738.144870770] [mapex_explorer]: Main /plan diagnostic: poses=609, endpoint=(45.08, -3.07), frontier=(45.08, -3.07), endpoint_to_frontier=0.000 m, limit=0.10 m -> usable
[controller_server-9] [INFO] [1790834738.191285512] [controller_server]: Passing new path to controller.
[INFO] [1790834739.161631112] [mapex_explorer]: Main /plan diagnostic: poses=596, endpoint=(45.08, -3.07), frontier=(45.08, -3.07), endpoint_to_frontier=0.000 m, limit=0.10 m -> usable
[controller_server-9] [INFO] [1790834739.191228721] [controller_server]: Passing new path to controller.
[controller_server-9] [INFO] [1790834740.191234213] [controller_server]: Passing new path to controller.
[INFO] [1790834740.193345012] [mapex_explorer]: Main /plan diagnostic: poses=589, endpoint=(45.08, -3.07), frontier=(45.08, -3.07), endpoint_to_frontier=0.000 m, limit=0.10 m -> usable
[INFO] [1790834741.217652771] [mapex_explorer]: Main /plan diagnostic: poses=576, endpoint=(45.08, -3.07), frontier=(45.08, -3.07), endpoint_to_frontier=0.000 m, limit=0.10 m -> usable
[controller_server-9] [INFO] [1790834741.257898478] [controller_server]: Passing new path to controller.
[controller_server-9] [INFO] [1790834742.257894272] [controller_server]: Passing new path to controller.
[INFO] [1790834742.264107235] [mapex_explorer]: Main /plan diagnostic: poses=569, endpoint=(45.08, -3.07), frontier=(45.08, -3.07), endpoint_to_frontier=0.000 m, limit=0.10 m -> usable
[INFO] [1790834743.288073457] [mapex_explorer]: Main /plan diagnostic: poses=556, endpoint=(45.08, -3.07), frontier=(45.08, -3.07), endpoint_to_frontier=0.000 m, limit=0.10 m -> usable
[controller_server-9] [INFO] [1790834743.324559783] [controller_server]: Passing new path to controller.
[controller_server-9] [INFO] [1790834744.324565560] [controller_server]: Passing new path to controller.
[INFO] [1790834744.369440359] [mapex_explorer]: Main /plan diagnostic: poses=549, endpoint=(45.08, -3.07), frontier=(45.08, -3.07), endpoint_to_frontier=0.000 m, limit=0.10 m -> usable
[INFO] [1790834745.355802691] [mapex_explorer]: Main /plan diagnostic: poses=536, endpoint=(45.08, -3.07), frontier=(45.08, -3.07), endpoint_to_frontier=0.000 m, limit=0.10 m -> usable
[controller_server-9] [INFO] [1790834745.391250206] [controller_server]: Passing new path to controller.
[controller_server-9] [INFO] [1790834746.391224810] [controller_server]: Passing new path to controller.
[INFO] [1790834746.488353947] [mapex_explorer]: Main /plan diagnostic: poses=529, endpoint=(45.08, -3.07), frontier=(45.08, -3.07), endpoint_to_frontier=0.000 m, limit=0.10 m -> usable
[controller_server-9] [INFO] [1790834747.391224073] [controller_server]: Passing new path to controller.
[INFO] [1790834747.449970566] [mapex_explorer]: Main /plan diagnostic: poses=516, endpoint=(45.08, -3.07), frontier=(45.08, -3.07), endpoint_to_frontier=0.000 m, limit=0.10 m -> usable
[controller_server-9] [INFO] [1790834748.457894102] [controller_server]: Passing new path to controller.
[INFO] [1790834748.489429435] [mapex_explorer]: Main /plan diagnostic: poses=509, endpoint=(45.08, -3.07), frontier=(45.08, -3.07), endpoint_to_frontier=0.000 m, limit=0.10 m -> usable
[INFO] [1790834749.446320580] [mapex_explorer]: Main /plan diagnostic: poses=496, endpoint=(45.08, -3.07), frontier=(45.08, -3.07), endpoint_to_frontier=0.000 m, limit=0.10 m -> usable
[controller_server-9] [INFO] [1790834749.457894021] [controller_server]: Passing new path to controller.
[INFO] [1790834750.519209096] [mapex_explorer]: Main /plan diagnostic: poses=489, endpoint=(45.08, -3.07), frontier=(45.08, -3.07), endpoint_to_frontier=0.000 m, limit=0.10 m -> usable
[controller_server-9] [INFO] [1790834750.524618041] [controller_server]: Passing new path to controller.
[async_slam_toolbox_node-8] W20261001 13:05:50.687529 30090 preprocessor.cc:67] Specified options.num_threads: 50 exceeds maximum available from the threading model Ceres was compiled with: 16.  Bounding to maximum number available.
[async_slam_toolbox_node-8] [INFO] [1790834750.697533899] [slam_toolbox]: Adaptive anchor summary: latest_node=1786, local_edges=1835, loop_history=0, avg_effective_weight=1.157, release_regions=0
[controller_server-9] [INFO] [1790834751.524621005] [controller_server]: Passing new path to controller.
[INFO] [1790834751.524932348] [mapex_explorer]: Main /plan diagnostic: poses=476, endpoint=(45.08, -3.07), frontier=(45.08, -3.07), endpoint_to_frontier=0.000 m, limit=0.10 m -> usable
[controller_server-9] [INFO] [1790834751.528088351] [local_costmap.local_costmap]: StaticLayer: Resizing static layer to 560 X 252 at 0.100000 m/pix
[planner_server-11] [INFO] [1790834752.189160353] [global_costmap.global_costmap]: StaticLayer: Resizing costmap to 560 X 252 at 0.100000 m/pix
[INFO] [1790834752.516699496] [mapex_explorer]: Main /plan diagnostic: poses=469, endpoint=(45.08, -3.07), frontier=(45.08, -3.07), endpoint_to_frontier=0.000 m, limit=0.10 m -> usable
[controller_server-9] [INFO] [1790834752.524560840] [controller_server]: Passing new path to controller.
[INFO] [1790834753.583687671] [mapex_explorer]: Main /plan diagnostic: poses=456, endpoint=(45.08, -3.07), frontier=(45.08, -3.07), endpoint_to_frontier=0.000 m, limit=0.10 m -> usable
[controller_server-9] [INFO] [1790834753.591248393] [controller_server]: Passing new path to controller.
[INFO] [1790834754.575031894] [mapex_explorer]: Main /plan diagnostic: poses=449, endpoint=(45.08, -3.07), frontier=(45.08, -3.07), endpoint_to_frontier=0.000 m, limit=0.10 m -> usable
[controller_server-9] [INFO] [1790834754.591257330] [controller_server]: Passing new path to controller.
[controller_server-9] [INFO] [1790834755.657893602] [controller_server]: Passing new path to controller.
[INFO] [1790834755.671153051] [mapex_explorer]: Main /plan diagnostic: poses=436, endpoint=(45.08, -3.07), frontier=(45.08, -3.07), endpoint_to_frontier=0.000 m, limit=0.10 m -> usable
[INFO] [1790834756.629053321] [mapex_explorer]: Main /plan diagnostic: poses=429, endpoint=(45.08, -3.07), frontier=(45.08, -3.07), endpoint_to_frontier=0.000 m, limit=0.10 m -> usable
[controller_server-9] [INFO] [1790834756.657895737] [controller_server]: Passing new path to controller.
[controller_server-9] [INFO] [1790834757.657978088] [controller_server]: Passing new path to controller.
[INFO] [1790834757.658517468] [mapex_explorer]: Main /plan diagnostic: poses=416, endpoint=(45.08, -3.07), frontier=(45.08, -3.07), endpoint_to_frontier=0.000 m, limit=0.10 m -> usable
[INFO] [1790834758.690228771] [mapex_explorer]: Main /plan diagnostic: poses=409, endpoint=(45.08, -3.07), frontier=(45.08, -3.07), endpoint_to_frontier=0.000 m, limit=0.10 m -> usable
[controller_server-9] [INFO] [1790834758.724569289] [controller_server]: Passing new path to controller.
[async_slam_toolbox_node-8] W20261001 13:05:59.232189 30090 preprocessor.cc:67] Specified options.num_threads: 50 exceeds maximum available from the threading model Ceres was compiled with: 16.  Bounding to maximum number available.
[controller_server-9] [INFO] [1790834759.528098120] [local_costmap.local_costmap]: StaticLayer: Resizing static layer to 560 X 252 at 0.100000 m/pix
[INFO] [1790834759.696714162] [mapex_explorer]: Main /plan diagnostic: poses=396, endpoint=(45.08, -3.07), frontier=(45.08, -3.07), endpoint_to_frontier=0.000 m, limit=0.10 m -> usable
[controller_server-9] [INFO] [1790834759.724557201] [controller_server]: Passing new path to controller.
[planner_server-11] [INFO] [1790834760.189141418] [global_costmap.global_costmap]: StaticLayer: Resizing costmap to 560 X 252 at 0.100000 m/pix
[INFO] [1790834760.734994111] [mapex_explorer]: Main /plan diagnostic: poses=389, endpoint=(45.08, -3.07), frontier=(45.08, -3.07), endpoint_to_frontier=0.000 m, limit=0.10 m -> usable
[controller_server-9] [INFO] [1790834760.791252678] [controller_server]: Passing new path to controller.
[controller_server-9] [INFO] [1790834761.791248787] [controller_server]: Passing new path to controller.
[INFO] [1790834761.884957657] [mapex_explorer]: Main /plan diagnostic: poses=376, endpoint=(45.08, -3.07), frontier=(45.08, -3.07), endpoint_to_frontier=0.000 m, limit=0.10 m -> usable
[controller_server-9] [INFO] [1790834762.791237591] [controller_server]: Passing new path to controller.
[INFO] [1790834762.889035171] [mapex_explorer]: Main /plan diagnostic: poses=369, endpoint=(45.08, -3.07), frontier=(45.08, -3.07), endpoint_to_frontier=0.000 m, limit=0.10 m -> usable
[async_slam_toolbox_node-8] W20261001 13:06:03.381242 30090 preprocessor.cc:67] Specified options.num_threads: 50 exceeds maximum available from the threading model Ceres was compiled with: 16.  Bounding to maximum number available.
[INFO] [1790834763.812937199] [mapex_explorer]: Main /plan diagnostic: poses=356, endpoint=(45.08, -3.07), frontier=(45.08, -3.07), endpoint_to_frontier=0.000 m, limit=0.10 m -> usable
[controller_server-9] [INFO] [1790834763.857900863] [controller_server]: Passing new path to controller.
[controller_server-9] [INFO] [1790834764.528086822] [local_costmap.local_costmap]: StaticLayer: Resizing static layer to 560 X 252 at 0.100000 m/pix
[INFO] [1790834764.838067532] [mapex_explorer]: Main /plan diagnostic: poses=349, endpoint=(45.08, -3.07), frontier=(45.08, -3.07), endpoint_to_frontier=0.000 m, limit=0.10 m -> usable
[controller_server-9] [INFO] [1790834764.857892876] [controller_server]: Passing new path to controller.
[planner_server-11] [INFO] [1790834765.189104684] [global_costmap.global_costmap]: StaticLayer: Resizing costmap to 560 X 252 at 0.100000 m/pix
[INFO] [1790834765.865940033] [mapex_explorer]: Main /plan diagnostic: poses=336, endpoint=(45.08, -3.07), frontier=(45.08, -3.07), endpoint_to_frontier=0.000 m, limit=0.10 m -> usable
[controller_server-9] [INFO] [1790834765.924562403] [controller_server]: Passing new path to controller.
[async_slam_toolbox_node-8] W20261001 13:06:06.795686 30090 preprocessor.cc:67] Specified options.num_threads: 50 exceeds maximum available from the threading model Ceres was compiled with: 16.  Bounding to maximum number available.
[INFO] [1790834766.895341117] [mapex_explorer]: Main /plan diagnostic: poses=329, endpoint=(45.08, -3.07), frontier=(45.08, -3.07), endpoint_to_frontier=0.000 m, limit=0.10 m -> usable
[controller_server-9] [INFO] [1790834766.924594894] [controller_server]: Passing new path to controller.
[controller_server-9] [INFO] [1790834767.528122354] [local_costmap.local_costmap]: StaticLayer: Resizing static layer to 560 X 252 at 0.100000 m/pix
[INFO] [1790834767.914420415] [mapex_explorer]: Main /plan diagnostic: poses=318, endpoint=(45.08, -3.07), frontier=(45.08, -3.07), endpoint_to_frontier=0.000 m, limit=0.10 m -> usable
[controller_server-9] [INFO] [1790834767.924577638] [controller_server]: Passing new path to controller.
[planner_server-11] [INFO] [1790834768.189146077] [global_costmap.global_costmap]: StaticLayer: Resizing costmap to 560 X 252 at 0.100000 m/pix
[INFO] [1790834768.984888540] [mapex_explorer]: Main /plan diagnostic: poses=308, endpoint=(45.08, -3.07), frontier=(45.08, -3.07), endpoint_to_frontier=0.000 m, limit=0.10 m -> usable
[controller_server-9] [INFO] [1790834768.991227326] [controller_server]: Passing new path to controller.
[INFO] [1790834769.975551811] [mapex_explorer]: Main /plan diagnostic: poses=298, endpoint=(45.08, -3.07), frontier=(45.08, -3.07), endpoint_to_frontier=0.000 m, limit=0.10 m -> usable
[controller_server-9] [INFO] [1790834769.991233184] [controller_server]: Passing new path to controller.
[async_slam_toolbox_node-8] W20261001 13:06:10.871215 30090 preprocessor.cc:67] Specified options.num_threads: 50 exceeds maximum available from the threading model Ceres was compiled with: 16.  Bounding to maximum number available.
[async_slam_toolbox_node-8] [INFO] [1790834770.880088583] [slam_toolbox]: Adaptive anchor summary: latest_node=1836, local_edges=1885, loop_history=0, avg_effective_weight=1.153, release_regions=0
[INFO] [1790834771.030594890] [mapex_explorer]: Main /plan diagnostic: poses=289, endpoint=(45.08, -3.07), frontier=(45.08, -3.07), endpoint_to_frontier=0.000 m, limit=0.10 m -> usable
[controller_server-9] [INFO] [1790834771.057899814] [controller_server]: Passing new path to controller.
[controller_server-9] [INFO] [1790834771.528111310] [local_costmap.local_costmap]: StaticLayer: Resizing static layer to 560 X 252 at 0.100000 m/pix
[controller_server-9] [INFO] [1790834772.057913416] [controller_server]: Passing new path to controller.
[INFO] [1790834772.081620412] [mapex_explorer]: Main /plan diagnostic: poses=278, endpoint=(45.08, -3.07), frontier=(45.08, -3.07), endpoint_to_frontier=0.000 m, limit=0.10 m -> usable
[planner_server-11] [INFO] [1790834772.189098365] [global_costmap.global_costmap]: StaticLayer: Resizing costmap to 560 X 252 at 0.100000 m/pix
[INFO] [1790834773.055066172] [mapex_explorer]: Main /plan diagnostic: poses=267, endpoint=(45.08, -3.07), frontier=(45.08, -3.07), endpoint_to_frontier=0.000 m, limit=0.10 m -> usable
[controller_server-9] [INFO] [1790834773.124585864] [controller_server]: Passing new path to controller.
[INFO] [1790834774.085980186] [mapex_explorer]: Main /plan diagnostic: poses=257, endpoint=(45.08, -3.07), frontier=(45.08, -3.07), endpoint_to_frontier=0.000 m, limit=0.10 m -> usable
[controller_server-9] [INFO] [1790834774.124559542] [controller_server]: Passing new path to controller.
[controller_server-9] [INFO] [1790834775.124561295] [controller_server]: Passing new path to controller.
[INFO] [1790834775.136805914] [mapex_explorer]: Main /plan diagnostic: poses=246, endpoint=(45.08, -3.07), frontier=(45.08, -3.07), endpoint_to_frontier=0.000 m, limit=0.10 m -> usable
[INFO] [1790834776.155950670] [mapex_explorer]: Main /plan diagnostic: poses=236, endpoint=(45.08, -3.07), frontier=(45.08, -3.07), endpoint_to_frontier=0.000 m, limit=0.10 m -> usable
[controller_server-9] [INFO] [1790834776.191253026] [controller_server]: Passing new path to controller.
[INFO] [1790834777.153546544] [mapex_explorer]: Main /plan diagnostic: poses=227, endpoint=(45.08, -3.07), frontier=(45.08, -3.07), endpoint_to_frontier=0.000 m, limit=0.10 m -> usable
[controller_server-9] [INFO] [1790834777.191251190] [controller_server]: Passing new path to controller.
[controller_server-9] [INFO] [1790834778.191244239] [controller_server]: Passing new path to controller.
[INFO] [1790834778.202675317] [mapex_explorer]: Main /plan diagnostic: poses=216, endpoint=(45.08, -3.07), frontier=(45.08, -3.07), endpoint_to_frontier=0.000 m, limit=0.10 m -> usable
[INFO] [1790834779.257297209] [mapex_explorer]: Main /plan diagnostic: poses=203, endpoint=(45.08, -3.07), frontier=(45.08, -3.07), endpoint_to_frontier=0.000 m, limit=0.10 m -> usable
[controller_server-9] [INFO] [1790834779.257892563] [controller_server]: Passing new path to controller.
[INFO] [1790834780.218233392] [mapex_explorer]: Main /plan diagnostic: poses=195, endpoint=(45.08, -3.07), frontier=(45.08, -3.07), endpoint_to_frontier=0.000 m, limit=0.10 m -> usable
[controller_server-9] [INFO] [1790834780.257895677] [controller_server]: Passing new path to controller.
[INFO] [1790834781.248253805] [mapex_explorer]: Main /plan diagnostic: poses=181, endpoint=(45.08, -3.07), frontier=(45.08, -3.07), endpoint_to_frontier=0.000 m, limit=0.10 m -> usable
[controller_server-9] [INFO] [1790834781.324542627] [controller_server]: Passing new path to controller.
[INFO] [1790834782.282753825] [mapex_explorer]: Main /plan diagnostic: poses=176, endpoint=(45.08, -3.07), frontier=(45.08, -3.07), endpoint_to_frontier=0.000 m, limit=0.10 m -> usable
[controller_server-9] [INFO] [1790834782.325157714] [controller_server]: Passing new path to controller.
[controller_server-9] [INFO] [1790834783.324585383] [controller_server]: Passing new path to controller.
[INFO] [1790834783.332448472] [mapex_explorer]: Main /plan diagnostic: poses=166, endpoint=(45.08, -3.07), frontier=(45.08, -3.07), endpoint_to_frontier=0.000 m, limit=0.10 m -> usable
[INFO] [1790834784.326271048] [mapex_explorer]: Main /plan diagnostic: poses=155, endpoint=(45.08, -3.07), frontier=(45.08, -3.07), endpoint_to_frontier=0.000 m, limit=0.10 m -> usable
[controller_server-9] [INFO] [1790834784.391225193] [controller_server]: Passing new path to controller.
[INFO] [1790834785.345659187] [mapex_explorer]: Main /plan diagnostic: poses=147, endpoint=(45.08, -3.07), frontier=(45.08, -3.07), endpoint_to_frontier=0.000 m, limit=0.10 m -> usable
[controller_server-9] [INFO] [1790834785.391225344] [controller_server]: Passing new path to controller.
[INFO] [1790834786.378905457] [mapex_explorer]: Main /plan diagnostic: poses=135, endpoint=(45.08, -3.07), frontier=(45.08, -3.07), endpoint_to_frontier=0.000 m, limit=0.10 m -> usable
[controller_server-9] [INFO] [1790834786.391252743] [controller_server]: Passing new path to controller.
[INFO] [1790834787.409084847] [mapex_explorer]: Main /plan diagnostic: poses=122, endpoint=(45.08, -3.07), frontier=(45.08, -3.07), endpoint_to_frontier=0.000 m, limit=0.10 m -> usable
[controller_server-9] [INFO] [1790834787.457895785] [controller_server]: Passing new path to controller.
[INFO] [1790834788.454997219] [mapex_explorer]: Main /plan diagnostic: poses=115, endpoint=(45.08, -3.07), frontier=(45.08, -3.07), endpoint_to_frontier=0.000 m, limit=0.10 m -> usable
[controller_server-9] [INFO] [1790834788.457892373] [controller_server]: Passing new path to controller.
[INFO] [1790834789.462101114] [mapex_explorer]: Main /plan diagnostic: poses=104, endpoint=(45.08, -3.07), frontier=(45.08, -3.07), endpoint_to_frontier=0.000 m, limit=0.10 m -> usable
[controller_server-9] [INFO] [1790834789.524570748] [controller_server]: Passing new path to controller.
[INFO] [1790834790.481756516] [mapex_explorer]: Main /plan diagnostic: poses=90, endpoint=(45.08, -3.07), frontier=(45.08, -3.07), endpoint_to_frontier=0.000 m, limit=0.10 m -> usable
[controller_server-9] [INFO] [1790834790.524563534] [controller_server]: Passing new path to controller.
[INFO] [1790834791.523487880] [mapex_explorer]: Main /plan diagnostic: poses=82, endpoint=(45.08, -3.07), frontier=(45.08, -3.07), endpoint_to_frontier=0.000 m, limit=0.10 m -> usable
[controller_server-9] [INFO] [1790834791.524640722] [controller_server]: Passing new path to controller.
[INFO] [1790834792.530645959] [mapex_explorer]: Main /plan diagnostic: poses=73, endpoint=(45.08, -3.07), frontier=(45.08, -3.07), endpoint_to_frontier=0.000 m, limit=0.10 m -> usable
[controller_server-9] [INFO] [1790834792.591224599] [controller_server]: Passing new path to controller.
[INFO] [1790834793.545366719] [mapex_explorer]: Main /plan diagnostic: poses=61, endpoint=(45.08, -3.07), frontier=(45.08, -3.07), endpoint_to_frontier=0.000 m, limit=0.10 m -> usable
[controller_server-9] [INFO] [1790834793.591228618] [controller_server]: Passing new path to controller.
[controller_server-9] [INFO] [1790834794.591224777] [controller_server]: Passing new path to controller.
[INFO] [1790834794.594817642] [mapex_explorer]: Main /plan diagnostic: poses=52, endpoint=(45.08, -3.07), frontier=(45.08, -3.07), endpoint_to_frontier=0.000 m, limit=0.10 m -> usable
[INFO] [1790834795.606782671] [mapex_explorer]: Main /plan diagnostic: poses=43, endpoint=(45.08, -3.07), frontier=(45.08, -3.07), endpoint_to_frontier=0.000 m, limit=0.10 m -> usable
[controller_server-9] [INFO] [1790834795.657918844] [controller_server]: Passing new path to controller.
[INFO] [1790834796.631738855] [mapex_explorer]: Main /plan diagnostic: poses=31, endpoint=(45.08, -3.07), frontier=(45.08, -3.07), endpoint_to_frontier=0.000 m, limit=0.10 m -> usable
[controller_server-9] [INFO] [1790834796.657918175] [controller_server]: Passing new path to controller.
[INFO] [1790834797.656141417] [mapex_explorer]: Main /plan diagnostic: poses=22, endpoint=(45.08, -3.07), frontier=(45.08, -3.07), endpoint_to_frontier=0.000 m, limit=0.10 m -> usable
[controller_server-9] [INFO] [1790834797.724558496] [controller_server]: Passing new path to controller.
[controller_server-9] [INFO] [1790834798.528086757] [local_costmap.local_costmap]: StaticLayer: Resizing static layer to 561 X 252 at 0.100000 m/pix
[INFO] [1790834798.676714783] [mapex_explorer]: Main /plan diagnostic: poses=15, endpoint=(45.08, -3.07), frontier=(45.08, -3.07), endpoint_to_frontier=0.000 m, limit=0.10 m -> usable
[controller_server-9] [INFO] [1790834798.724559830] [controller_server]: Passing new path to controller.
[planner_server-11] [INFO] [1790834799.189102661] [global_costmap.global_costmap]: StaticLayer: Resizing costmap to 561 X 252 at 0.100000 m/pix
[controller_server-9] [INFO] [1790834799.724582543] [controller_server]: Passing new path to controller.
[INFO] [1790834799.774704754] [mapex_explorer]: Main /plan diagnostic: poses=8, endpoint=(45.08, -3.07), frontier=(45.08, -3.07), endpoint_to_frontier=0.000 m, limit=0.10 m -> usable
[controller_server-9] [INFO] [1790834800.060119807] [controller_server]: Reached the goal!
[controller_server-9] [INFO] [1790834800.060458189] [controller_server]: Optimizer reset
[bt_navigator-14] [INFO] [1790834800.070154875] [bt_navigator]: Goal succeeded
[INFO] [1790834800.071679305] [mapex_explorer]: Goal reached
[INFO] [1790834809.602977867] [mapex_explorer]: MapEx decision 25: selected x=45.98, y=3.71, IG=45.068214, distance=6.66 m, score=6.765232, region=16, candidates=31, near_fallback=False, compute=8.60 s
[bt_navigator-14] [INFO] [1790834809.603660736] [bt_navigator]: Begin navigating from current location (44.83, -2.85) to (45.98, 3.71)
[controller_server-9] [INFO] [1790834809.624208276] [controller_server]: Received a goal, begin computing control effort.
[INFO] [1790834809.774721082] [mapex_explorer]: Main goal accepted
[INFO] [1790834809.975882802] [mapex_explorer]: Main /plan diagnostic: poses=134, endpoint=(45.98, 3.71), frontier=(45.98, 3.71), endpoint_to_frontier=0.000 m, limit=0.10 m -> usable
[INFO] [1790834810.652487342] [mapex_explorer]: Main /plan diagnostic: poses=135, endpoint=(45.98, 3.71), frontier=(45.98, 3.71), endpoint_to_frontier=0.000 m, limit=0.10 m -> usable
[controller_server-9] [INFO] [1790834810.691006381] [controller_server]: Passing new path to controller.
[controller_server-9] [INFO] [1790834811.691004903] [controller_server]: Passing new path to controller.
[INFO] [1790834811.723814240] [mapex_explorer]: Main /plan diagnostic: poses=135, endpoint=(45.98, 3.71), frontier=(45.98, 3.71), endpoint_to_frontier=0.000 m, limit=0.10 m -> usable
[controller_server-9] [INFO] [1790834812.757657481] [controller_server]: Passing new path to controller.
[INFO] [1790834812.782982129] [mapex_explorer]: Main /plan diagnostic: poses=127, endpoint=(45.98, 3.71), frontier=(45.98, 3.71), endpoint_to_frontier=0.000 m, limit=0.10 m -> usable
[controller_server-9] [INFO] [1790834813.757652940] [controller_server]: Passing new path to controller.
[INFO] [1790834813.856742272] [mapex_explorer]: Main /plan diagnostic: poses=116, endpoint=(45.98, 3.71), frontier=(45.98, 3.71), endpoint_to_frontier=0.000 m, limit=0.10 m -> usable
[INFO] [1790834814.732108159] [mapex_explorer]: Main /plan diagnostic: poses=106, endpoint=(45.98, 3.71), frontier=(45.98, 3.71), endpoint_to_frontier=0.000 m, limit=0.10 m -> usable
[controller_server-9] [INFO] [1790834814.757670512] [controller_server]: Passing new path to controller.
[INFO] [1790834815.751424462] [mapex_explorer]: Main /plan diagnostic: poses=97, endpoint=(45.98, 3.71), frontier=(45.98, 3.71), endpoint_to_frontier=0.000 m, limit=0.10 m -> usable
[controller_server-9] [INFO] [1790834815.824339387] [controller_server]: Passing new path to controller.
[INFO] [1790834816.812795717] [mapex_explorer]: Main /plan diagnostic: poses=87, endpoint=(45.98, 3.71), frontier=(45.98, 3.71), endpoint_to_frontier=0.000 m, limit=0.10 m -> usable
[controller_server-9] [INFO] [1790834816.824339902] [controller_server]: Passing new path to controller.
[INFO] [1790834817.794461330] [mapex_explorer]: Main /plan diagnostic: poses=77, endpoint=(45.98, 3.71), frontier=(45.98, 3.71), endpoint_to_frontier=0.000 m, limit=0.10 m -> usable
[controller_server-9] [INFO] [1790834817.824342842] [controller_server]: Passing new path to controller.
[INFO] [1790834818.816568097] [mapex_explorer]: Main /plan diagnostic: poses=67, endpoint=(45.98, 3.71), frontier=(45.98, 3.71), endpoint_to_frontier=0.000 m, limit=0.10 m -> usable
[controller_server-9] [INFO] [1790834818.891005936] [controller_server]: Passing new path to controller.
[INFO] [1790834819.867882996] [mapex_explorer]: Main /plan diagnostic: poses=59, endpoint=(45.98, 3.71), frontier=(45.98, 3.71), endpoint_to_frontier=0.000 m, limit=0.10 m -> usable
[controller_server-9] [INFO] [1790834819.891032469] [controller_server]: Passing new path to controller.
[INFO] [1790834820.869833089] [mapex_explorer]: Main /plan diagnostic: poses=49, endpoint=(45.98, 3.71), frontier=(45.98, 3.71), endpoint_to_frontier=0.000 m, limit=0.10 m -> usable
[controller_server-9] [INFO] [1790834820.891184730] [controller_server]: Passing new path to controller.
[INFO] [1790834821.908819887] [mapex_explorer]: Main /plan diagnostic: poses=39, endpoint=(45.98, 3.71), frontier=(45.98, 3.71), endpoint_to_frontier=0.000 m, limit=0.10 m -> usable
[controller_server-9] [INFO] [1790834821.957632028] [controller_server]: Passing new path to controller.
[INFO] [1790834822.932290472] [mapex_explorer]: Main /plan diagnostic: poses=28, endpoint=(45.98, 3.71), frontier=(45.98, 3.71), endpoint_to_frontier=0.000 m, limit=0.10 m -> usable
[controller_server-9] [INFO] [1790834822.957678091] [controller_server]: Passing new path to controller.
[INFO] [1790834823.958740433] [mapex_explorer]: Main /plan diagnostic: poses=20, endpoint=(45.98, 3.71), frontier=(45.98, 3.71), endpoint_to_frontier=0.000 m, limit=0.10 m -> usable
[controller_server-9] [INFO] [1790834824.024361821] [controller_server]: Passing new path to controller.
[INFO] [1790834824.968751186] [mapex_explorer]: Main /plan diagnostic: poses=13, endpoint=(45.98, 3.71), frontier=(45.98, 3.71), endpoint_to_frontier=0.000 m, limit=0.10 m -> usable
[controller_server-9] [INFO] [1790834825.024342492] [controller_server]: Passing new path to controller.
[controller_server-9] [INFO] [1790834825.758875532] [controller_server]: Reached the goal!
[controller_server-9] [INFO] [1790834825.759027366] [controller_server]: Optimizer reset
[bt_navigator-14] [INFO] [1790834825.783987046] [bt_navigator]: Goal succeeded
[INFO] [1790834825.789727613] [mapex_explorer]: Goal reached
[INFO] [1790834833.974236338] [mapex_explorer]: MapEx decision 26: selected x=32.68, y=-9.59, IG=41.156090, distance=18.47 m, score=2.228323, region=99, candidates=25, near_fallback=False, compute=7.98 s
[bt_navigator-14] [INFO] [1790834833.975045094] [bt_navigator]: Begin navigating from current location (45.81, 3.41) to (32.68, -9.59)
[controller_server-9] [INFO] [1790834833.995645388] [controller_server]: Received a goal, begin computing control effort.
[INFO] [1790834834.344136485] [mapex_explorer]: Main goal accepted
[INFO] [1790834834.454398565] [mapex_explorer]: Main /plan diagnostic: poses=433, endpoint=(32.68, -9.59), frontier=(32.68, -9.59), endpoint_to_frontier=0.000 m, limit=0.10 m -> usable
[INFO] [1790834835.050683149] [mapex_explorer]: Main /plan diagnostic: poses=429, endpoint=(32.68, -9.59), frontier=(32.68, -9.59), endpoint_to_frontier=0.000 m, limit=0.10 m -> usable
[controller_server-9] [INFO] [1790834835.062450418] [controller_server]: Passing new path to controller.
[INFO] [1790834836.051670327] [mapex_explorer]: Main /plan diagnostic: poses=423, endpoint=(32.68, -9.59), frontier=(32.68, -9.59), endpoint_to_frontier=0.000 m, limit=0.10 m -> usable
[controller_server-9] [INFO] [1790834836.062448819] [controller_server]: Passing new path to controller.
[INFO] [1790834837.112591271] [mapex_explorer]: Main /plan diagnostic: poses=420, endpoint=(32.68, -9.59), frontier=(32.68, -9.59), endpoint_to_frontier=0.000 m, limit=0.10 m -> usable
[controller_server-9] [INFO] [1790834837.129137280] [controller_server]: Passing new path to controller.
[controller_server-9] [INFO] [1790834838.129110021] [controller_server]: Passing new path to controller.
[INFO] [1790834838.175881160] [mapex_explorer]: Main /plan diagnostic: poses=419, endpoint=(32.68, -9.59), frontier=(32.68, -9.59), endpoint_to_frontier=0.000 m, limit=0.10 m -> usable
[INFO] [1790834839.136997523] [mapex_explorer]: Main /plan diagnostic: poses=408, endpoint=(32.68, -9.59), frontier=(32.68, -9.59), endpoint_to_frontier=0.000 m, limit=0.10 m -> usable
[controller_server-9] [INFO] [1790834839.196138021] [controller_server]: Passing new path to controller.
[controller_server-9] [INFO] [1790834840.195779759] [controller_server]: Passing new path to controller.
[INFO] [1790834840.211857050] [mapex_explorer]: Main /plan diagnostic: poses=399, endpoint=(32.68, -9.59), frontier=(32.68, -9.59), endpoint_to_frontier=0.000 m, limit=0.10 m -> usable
[INFO] [1790834841.193146074] [mapex_explorer]: Main /plan diagnostic: poses=389, endpoint=(32.68, -9.59), frontier=(32.68, -9.59), endpoint_to_frontier=0.000 m, limit=0.10 m -> usable
[controller_server-9] [INFO] [1790834841.195808445] [controller_server]: Passing new path to controller.
[INFO] [1790834842.216832876] [mapex_explorer]: Main /plan diagnostic: poses=379, endpoint=(32.68, -9.59), frontier=(32.68, -9.59), endpoint_to_frontier=0.000 m, limit=0.10 m -> usable
[controller_server-9] [INFO] [1790834842.262467702] [controller_server]: Passing new path to controller.
[controller_server-9] [INFO] [1790834843.262462232] [controller_server]: Passing new path to controller.
[INFO] [1790834843.299020548] [mapex_explorer]: Main /plan diagnostic: poses=369, endpoint=(32.68, -9.59), frontier=(32.68, -9.59), endpoint_to_frontier=0.000 m, limit=0.10 m -> usable
[INFO] [1790834844.294771294] [mapex_explorer]: Main /plan diagnostic: poses=359, endpoint=(32.68, -9.59), frontier=(32.68, -9.59), endpoint_to_frontier=0.000 m, limit=0.10 m -> usable
[controller_server-9] [INFO] [1790834844.329139925] [controller_server]: Passing new path to controller.
[INFO] [1790834845.309913973] [mapex_explorer]: Main /plan diagnostic: poses=350, endpoint=(32.68, -9.59), frontier=(32.68, -9.59), endpoint_to_frontier=0.000 m, limit=0.10 m -> usable
[controller_server-9] [INFO] [1790834845.329137424] [controller_server]: Passing new path to controller.
[INFO] [1790834846.345361276] [mapex_explorer]: Main /plan diagnostic: poses=340, endpoint=(32.68, -9.59), frontier=(32.68, -9.59), endpoint_to_frontier=0.000 m, limit=0.10 m -> usable
[controller_server-9] [INFO] [1790834846.395744878] [controller_server]: Passing new path to controller.
[INFO] [1790834847.355395651] [mapex_explorer]: Main /plan diagnostic: poses=330, endpoint=(32.68, -9.59), frontier=(32.68, -9.59), endpoint_to_frontier=0.000 m, limit=0.10 m -> usable
[controller_server-9] [INFO] [1790834847.395786070] [controller_server]: Passing new path to controller.
[controller_server-9] [INFO] [1790834848.395779555] [controller_server]: Passing new path to controller.
[INFO] [1790834848.450694521] [mapex_explorer]: Main /plan diagnostic: poses=320, endpoint=(32.68, -9.59), frontier=(32.68, -9.59), endpoint_to_frontier=0.000 m, limit=0.10 m -> usable
[INFO] [1790834849.416889371] [mapex_explorer]: Main /plan diagnostic: poses=310, endpoint=(32.68, -9.59), frontier=(32.68, -9.59), endpoint_to_frontier=0.000 m, limit=0.10 m -> usable
[controller_server-9] [INFO] [1790834849.462450670] [controller_server]: Passing new path to controller.
[controller_server-9] [INFO] [1790834850.462447822] [controller_server]: Passing new path to controller.
[INFO] [1790834850.484630287] [mapex_explorer]: Main /plan diagnostic: poses=299, endpoint=(32.68, -9.59), frontier=(32.68, -9.59), endpoint_to_frontier=0.000 m, limit=0.10 m -> usable
[controller_server-9] [INFO] [1790834850.528160742] [local_costmap.local_costmap]: StaticLayer: Resizing static layer to 561 X 252 at 0.100000 m/pix
[planner_server-11] [INFO] [1790834851.189141938] [global_costmap.global_costmap]: StaticLayer: Resizing costmap to 561 X 252 at 0.100000 m/pix
[INFO] [1790834851.477645902] [mapex_explorer]: Main /plan diagnostic: poses=291, endpoint=(32.68, -9.59), frontier=(32.68, -9.59), endpoint_to_frontier=0.000 m, limit=0.10 m -> usable
[controller_server-9] [INFO] [1790834851.529112500] [controller_server]: Passing new path to controller.
[controller_server-9] [INFO] [1790834852.529139898] [controller_server]: Passing new path to controller.
[INFO] [1790834852.545733019] [mapex_explorer]: Main /plan diagnostic: poses=280, endpoint=(32.68, -9.59), frontier=(32.68, -9.59), endpoint_to_frontier=0.000 m, limit=0.10 m -> usable
[INFO] [1790834853.568326094] [mapex_explorer]: Main /plan diagnostic: poses=270, endpoint=(32.68, -9.59), frontier=(32.68, -9.59), endpoint_to_frontier=0.000 m, limit=0.10 m -> usable
[controller_server-9] [INFO] [1790834853.595784823] [controller_server]: Passing new path to controller.
[INFO] [1790834854.589223094] [mapex_explorer]: Main /plan diagnostic: poses=260, endpoint=(32.68, -9.59), frontier=(32.68, -9.59), endpoint_to_frontier=0.000 m, limit=0.10 m -> usable
[controller_server-9] [INFO] [1790834854.595784716] [controller_server]: Passing new path to controller.
[controller_server-9] [INFO] [1790834855.595778270] [controller_server]: Passing new path to controller.
[INFO] [1790834855.619317399] [mapex_explorer]: Main /plan diagnostic: poses=250, endpoint=(32.68, -9.59), frontier=(32.68, -9.59), endpoint_to_frontier=0.000 m, limit=0.10 m -> usable
[INFO] [1790834856.630439308] [mapex_explorer]: Main /plan diagnostic: poses=240, endpoint=(32.68, -9.59), frontier=(32.68, -9.59), endpoint_to_frontier=0.000 m, limit=0.10 m -> usable
[controller_server-9] [INFO] [1790834856.662472738] [controller_server]: Passing new path to controller.
[INFO] [1790834857.649970627] [mapex_explorer]: Main /plan diagnostic: poses=230, endpoint=(32.68, -9.59), frontier=(32.68, -9.59), endpoint_to_frontier=0.000 m, limit=0.10 m -> usable
[controller_server-9] [INFO] [1790834857.662492319] [controller_server]: Passing new path to controller.
[INFO] [1790834858.677573775] [mapex_explorer]: Main /plan diagnostic: poses=220, endpoint=(32.68, -9.59), frontier=(32.68, -9.59), endpoint_to_frontier=0.000 m, limit=0.10 m -> usable
[controller_server-9] [INFO] [1790834858.729131811] [controller_server]: Passing new path to controller.
[INFO] [1790834859.707086841] [mapex_explorer]: Main /plan diagnostic: poses=211, endpoint=(32.68, -9.59), frontier=(32.68, -9.59), endpoint_to_frontier=0.000 m, limit=0.10 m -> usable
[controller_server-9] [INFO] [1790834859.729141392] [controller_server]: Passing new path to controller.
[INFO] [1790834860.725291984] [mapex_explorer]: Main /plan diagnostic: poses=201, endpoint=(32.68, -9.59), frontier=(32.68, -9.59), endpoint_to_frontier=0.000 m, limit=0.10 m -> usable
[controller_server-9] [INFO] [1790834860.795777207] [controller_server]: Passing new path to controller.
[INFO] [1790834861.751194828] [mapex_explorer]: Main /plan diagnostic: poses=190, endpoint=(32.68, -9.59), frontier=(32.68, -9.59), endpoint_to_frontier=0.000 m, limit=0.10 m -> usable
[controller_server-9] [INFO] [1790834861.795793409] [controller_server]: Passing new path to controller.
[INFO] [1790834862.777489142] [mapex_explorer]: Main /plan diagnostic: poses=180, endpoint=(32.68, -9.59), frontier=(32.68, -9.59), endpoint_to_frontier=0.000 m, limit=0.10 m -> usable
[controller_server-9] [INFO] [1790834862.796055147] [controller_server]: Passing new path to controller.
[INFO] [1790834863.818917199] [mapex_explorer]: Main /plan diagnostic: poses=170, endpoint=(32.68, -9.59), frontier=(32.68, -9.59), endpoint_to_frontier=0.000 m, limit=0.10 m -> usable
[controller_server-9] [INFO] [1790834863.862473058] [controller_server]: Passing new path to controller.
[controller_server-9] [INFO] [1790834864.862454919] [controller_server]: Passing new path to controller.
[INFO] [1790834864.890472407] [mapex_explorer]: Main /plan diagnostic: poses=162, endpoint=(32.68, -9.59), frontier=(32.68, -9.59), endpoint_to_frontier=0.000 m, limit=0.10 m -> usable
[INFO] [1790834865.855247082] [mapex_explorer]: Main /plan diagnostic: poses=152, endpoint=(32.68, -9.59), frontier=(32.68, -9.59), endpoint_to_frontier=0.000 m, limit=0.10 m -> usable
[controller_server-9] [INFO] [1790834865.862463504] [controller_server]: Passing new path to controller.
[INFO] [1790834866.897882135] [mapex_explorer]: Main /plan diagnostic: poses=141, endpoint=(32.68, -9.59), frontier=(32.68, -9.59), endpoint_to_frontier=0.000 m, limit=0.10 m -> usable
[controller_server-9] [INFO] [1790834866.929151582] [controller_server]: Passing new path to controller.
[controller_server-9] [INFO] [1790834867.929207401] [controller_server]: Passing new path to controller.
[INFO] [1790834867.996996081] [mapex_explorer]: Main /plan diagnostic: poses=131, endpoint=(32.68, -9.59), frontier=(32.68, -9.59), endpoint_to_frontier=0.000 m, limit=0.10 m -> usable
[INFO] [1790834868.938987995] [mapex_explorer]: Main /plan diagnostic: poses=120, endpoint=(32.68, -9.59), frontier=(32.68, -9.59), endpoint_to_frontier=0.000 m, limit=0.10 m -> usable
[controller_server-9] [INFO] [1790834868.995799613] [controller_server]: Passing new path to controller.
[INFO] [1790834869.952011483] [mapex_explorer]: Main /plan diagnostic: poses=111, endpoint=(32.68, -9.59), frontier=(32.68, -9.59), endpoint_to_frontier=0.000 m, limit=0.10 m -> usable
[controller_server-9] [INFO] [1790834869.995790144] [controller_server]: Passing new path to controller.
[INFO] [1790834870.976612405] [mapex_explorer]: Main /plan diagnostic: poses=102, endpoint=(32.68, -9.59), frontier=(32.68, -9.59), endpoint_to_frontier=0.000 m, limit=0.10 m -> usable
[controller_server-9] [INFO] [1790834870.995778681] [controller_server]: Passing new path to controller.
[controller_server-9] [INFO] [1790834871.528146858] [local_costmap.local_costmap]: StaticLayer: Resizing static layer to 561 X 252 at 0.100000 m/pix
[INFO] [1790834871.998822117] [mapex_explorer]: Main /plan diagnostic: poses=90, endpoint=(32.68, -9.59), frontier=(32.68, -9.59), endpoint_to_frontier=0.000 m, limit=0.10 m -> usable
[controller_server-9] [INFO] [1790834872.062460256] [controller_server]: Passing new path to controller.
[planner_server-11] [INFO] [1790834872.189125316] [global_costmap.global_costmap]: StaticLayer: Resizing costmap to 561 X 252 at 0.100000 m/pix
[INFO] [1790834873.029487006] [mapex_explorer]: Main /plan diagnostic: poses=81, endpoint=(32.68, -9.59), frontier=(32.68, -9.59), endpoint_to_frontier=0.000 m, limit=0.10 m -> usable
[controller_server-9] [INFO] [1790834873.062476618] [controller_server]: Passing new path to controller.
[controller_server-9] [INFO] [1790834874.062444308] [controller_server]: Passing new path to controller.
[INFO] [1790834874.074358601] [mapex_explorer]: Main /plan diagnostic: poses=70, endpoint=(32.68, -9.59), frontier=(32.68, -9.59), endpoint_to_frontier=0.000 m, limit=0.10 m -> usable
[INFO] [1790834875.071941526] [mapex_explorer]: Main /plan diagnostic: poses=60, endpoint=(32.68, -9.59), frontier=(32.68, -9.59), endpoint_to_frontier=0.000 m, limit=0.10 m -> usable
[controller_server-9] [INFO] [1790834875.129110986] [controller_server]: Passing new path to controller.
[controller_server-9] [INFO] [1790834876.129097352] [controller_server]: Passing new path to controller.
[INFO] [1790834876.161992146] [mapex_explorer]: Main /plan diagnostic: poses=50, endpoint=(32.68, -9.59), frontier=(32.68, -9.59), endpoint_to_frontier=0.000 m, limit=0.10 m -> usable
[INFO] [1790834877.118512082] [mapex_explorer]: Main /plan diagnostic: poses=39, endpoint=(32.68, -9.59), frontier=(32.68, -9.59), endpoint_to_frontier=0.000 m, limit=0.10 m -> usable
[controller_server-9] [INFO] [1790834877.195778243] [controller_server]: Passing new path to controller.
[controller_server-9] [INFO] [1790834878.195778707] [controller_server]: Passing new path to controller.
[INFO] [1790834878.207770402] [mapex_explorer]: Main /plan diagnostic: poses=29, endpoint=(32.68, -9.59), frontier=(32.68, -9.59), endpoint_to_frontier=0.000 m, limit=0.10 m -> usable
[INFO] [1790834879.181291362] [mapex_explorer]: Main /plan diagnostic: poses=21, endpoint=(32.68, -9.59), frontier=(32.68, -9.59), endpoint_to_frontier=0.000 m, limit=0.10 m -> usable
[controller_server-9] [INFO] [1790834879.195777778] [controller_server]: Passing new path to controller.
[INFO] [1790834880.198509998] [mapex_explorer]: Main /plan diagnostic: poses=13, endpoint=(32.68, -9.59), frontier=(32.68, -9.59), endpoint_to_frontier=0.000 m, limit=0.10 m -> usable
[controller_server-9] [INFO] [1790834880.262450334] [controller_server]: Passing new path to controller.
[INFO] [1790834881.247781532] [mapex_explorer]: Main /plan diagnostic: poses=8, endpoint=(32.68, -9.59), frontier=(32.68, -9.59), endpoint_to_frontier=0.000 m, limit=0.10 m -> usable
[controller_server-9] [INFO] [1790834881.262474711] [controller_server]: Passing new path to controller.
[controller_server-9] [INFO] [1790834881.531070598] [controller_server]: Reached the goal!
[controller_server-9] [INFO] [1790834881.531345657] [controller_server]: Optimizer reset
[bt_navigator-14] [INFO] [1790834881.555429361] [bt_navigator]: Goal succeeded
[INFO] [1790834881.562892284] [mapex_explorer]: Goal reached
[INFO] [1790834888.974951883] [mapex_explorer]: MapEx decision 27: selected x=41.98, y=-7.89, IG=12.776645, distance=9.18 m, score=1.391648, region=136, candidates=24, near_fallback=False, compute=6.98 s
[bt_navigator-14] [INFO] [1790834888.975868932] [bt_navigator]: Begin navigating from current location (32.92, -9.35) to (41.98, -7.89)
[controller_server-9] [INFO] [1790834888.996426192] [controller_server]: Received a goal, begin computing control effort.
[INFO] [1790834889.511620841] [mapex_explorer]: Main goal accepted
[INFO] [1790834889.637686850] [mapex_explorer]: Main /plan diagnostic: poses=237, endpoint=(41.98, -7.89), frontier=(41.98, -7.89), endpoint_to_frontier=0.000 m, limit=0.10 m -> usable
[INFO] [1790834890.014238771] [mapex_explorer]: Main /plan diagnostic: poses=235, endpoint=(41.98, -7.89), frontier=(41.98, -7.89), endpoint_to_frontier=0.000 m, limit=0.10 m -> usable
[controller_server-9] [INFO] [1790834890.063228857] [controller_server]: Passing new path to controller.
[controller_server-9] [INFO] [1790834891.063239584] [controller_server]: Passing new path to controller.
[INFO] [1790834891.135453161] [mapex_explorer]: Main /plan diagnostic: poses=222, endpoint=(41.98, -7.89), frontier=(41.98, -7.89), endpoint_to_frontier=0.000 m, limit=0.10 m -> usable
[INFO] [1790834892.071221469] [mapex_explorer]: Main /plan diagnostic: poses=216, endpoint=(41.98, -7.89), frontier=(41.98, -7.89), endpoint_to_frontier=0.000 m, limit=0.10 m -> usable
[controller_server-9] [INFO] [1790834892.129900685] [controller_server]: Passing new path to controller.
[INFO] [1790834893.086095127] [mapex_explorer]: Main /plan diagnostic: poses=215, endpoint=(41.98, -7.89), frontier=(41.98, -7.89), endpoint_to_frontier=0.000 m, limit=0.10 m -> usable
[controller_server-9] [INFO] [1790834893.129908749] [controller_server]: Passing new path to controller.
[INFO] [1790834894.115496339] [mapex_explorer]: Main /plan diagnostic: poses=204, endpoint=(41.98, -7.89), frontier=(41.98, -7.89), endpoint_to_frontier=0.000 m, limit=0.10 m -> usable
[controller_server-9] [INFO] [1790834894.129894609] [controller_server]: Passing new path to controller.
[INFO] [1790834895.148924974] [mapex_explorer]: Main /plan diagnostic: poses=197, endpoint=(41.98, -7.89), frontier=(41.98, -7.89), endpoint_to_frontier=0.000 m, limit=0.10 m -> usable
[controller_server-9] [INFO] [1790834895.196562714] [controller_server]: Passing new path to controller.
[INFO] [1790834896.183215457] [mapex_explorer]: Main /plan diagnostic: poses=190, endpoint=(41.98, -7.89), frontier=(41.98, -7.89), endpoint_to_frontier=0.000 m, limit=0.10 m -> usable
[controller_server-9] [INFO] [1790834896.196609140] [controller_server]: Passing new path to controller.
[INFO] [1790834897.217408078] [mapex_explorer]: Main /plan diagnostic: poses=182, endpoint=(41.98, -7.89), frontier=(41.98, -7.89), endpoint_to_frontier=0.000 m, limit=0.10 m -> usable
[controller_server-9] [INFO] [1790834897.263230869] [controller_server]: Passing new path to controller.
[INFO] [1790834898.227056704] [mapex_explorer]: Main /plan diagnostic: poses=175, endpoint=(41.98, -7.89), frontier=(41.98, -7.89), endpoint_to_frontier=0.000 m, limit=0.10 m -> usable
[controller_server-9] [INFO] [1790834898.263260102] [controller_server]: Passing new path to controller.
[INFO] [1790834899.252511628] [mapex_explorer]: Main /plan diagnostic: poses=165, endpoint=(41.98, -7.89), frontier=(41.98, -7.89), endpoint_to_frontier=0.000 m, limit=0.10 m -> usable
[controller_server-9] [INFO] [1790834899.329893803] [controller_server]: Passing new path to controller.
[INFO] [1790834900.286712286] [mapex_explorer]: Main /plan diagnostic: poses=159, endpoint=(41.98, -7.89), frontier=(41.98, -7.89), endpoint_to_frontier=0.000 m, limit=0.10 m -> usable
[controller_server-9] [INFO] [1790834900.329894488] [controller_server]: Passing new path to controller.
[INFO] [1790834901.318018812] [mapex_explorer]: Main /plan diagnostic: poses=150, endpoint=(41.98, -7.89), frontier=(41.98, -7.89), endpoint_to_frontier=0.000 m, limit=0.10 m -> usable
[controller_server-9] [INFO] [1790834901.329895480] [controller_server]: Passing new path to controller.
[INFO] [1790834902.367745603] [mapex_explorer]: Main /plan diagnostic: poses=146, endpoint=(41.98, -7.89), frontier=(41.98, -7.89), endpoint_to_frontier=0.000 m, limit=0.10 m -> usable
[controller_server-9] [INFO] [1790834902.396567908] [controller_server]: Passing new path to controller.
[controller_server-9] [INFO] [1790834903.396558919] [controller_server]: Passing new path to controller.
[INFO] [1790834903.448297702] [mapex_explorer]: Main /plan diagnostic: poses=139, endpoint=(41.98, -7.89), frontier=(41.98, -7.89), endpoint_to_frontier=0.000 m, limit=0.10 m -> usable
[INFO] [1790834904.442731781] [mapex_explorer]: Main /plan diagnostic: poses=135, endpoint=(41.98, -7.89), frontier=(41.98, -7.89), endpoint_to_frontier=0.000 m, limit=0.10 m -> usable
[controller_server-9] [INFO] [1790834904.463235920] [controller_server]: Passing new path to controller.
[INFO] [1790834905.423509626] [mapex_explorer]: Main /plan diagnostic: poses=127, endpoint=(41.98, -7.89), frontier=(41.98, -7.89), endpoint_to_frontier=0.000 m, limit=0.10 m -> usable
[controller_server-9] [INFO] [1790834905.463246671] [controller_server]: Passing new path to controller.
[INFO] [1790834906.462262600] [mapex_explorer]: Main /plan diagnostic: poses=119, endpoint=(41.98, -7.89), frontier=(41.98, -7.89), endpoint_to_frontier=0.000 m, limit=0.10 m -> usable
[controller_server-9] [INFO] [1790834906.529904209] [controller_server]: Passing new path to controller.
[INFO] [1790834907.473747472] [mapex_explorer]: Main /plan diagnostic: poses=112, endpoint=(41.98, -7.89), frontier=(41.98, -7.89), endpoint_to_frontier=0.000 m, limit=0.10 m -> usable
[controller_server-9] [INFO] [1790834907.529898961] [controller_server]: Passing new path to controller.
[INFO] [1790834908.510607742] [mapex_explorer]: Main /plan diagnostic: poses=100, endpoint=(41.98, -7.89), frontier=(41.98, -7.89), endpoint_to_frontier=0.000 m, limit=0.10 m -> usable
[controller_server-9] [INFO] [1790834908.529895633] [controller_server]: Passing new path to controller.
[INFO] [1790834909.531578197] [mapex_explorer]: Main /plan diagnostic: poses=94, endpoint=(41.98, -7.89), frontier=(41.98, -7.89), endpoint_to_frontier=0.000 m, limit=0.10 m -> usable
[controller_server-9] [INFO] [1790834909.596563455] [controller_server]: Passing new path to controller.
[INFO] [1790834910.552595287] [mapex_explorer]: Main /plan diagnostic: poses=92, endpoint=(41.98, -7.89), frontier=(41.98, -7.89), endpoint_to_frontier=0.000 m, limit=0.10 m -> usable
[controller_server-9] [INFO] [1790834910.596562517] [controller_server]: Passing new path to controller.
[INFO] [1790834911.582048711] [mapex_explorer]: Main /plan diagnostic: poses=92, endpoint=(41.98, -7.89), frontier=(41.98, -7.89), endpoint_to_frontier=0.000 m, limit=0.10 m -> usable
[controller_server-9] [INFO] [1790834911.596775876] [controller_server]: Passing new path to controller.
[INFO] [1790834912.609973746] [mapex_explorer]: Main /plan diagnostic: poses=81, endpoint=(41.98, -7.89), frontier=(41.98, -7.89), endpoint_to_frontier=0.000 m, limit=0.10 m -> usable
[controller_server-9] [INFO] [1790834912.663235185] [controller_server]: Passing new path to controller.
[INFO] [1790834913.642864685] [mapex_explorer]: Main /plan diagnostic: poses=70, endpoint=(41.98, -7.89), frontier=(41.98, -7.89), endpoint_to_frontier=0.000 m, limit=0.10 m -> usable
[controller_server-9] [INFO] [1790834913.663256153] [controller_server]: Passing new path to controller.
[controller_server-9] [INFO] [1790834914.729893726] [controller_server]: Passing new path to controller.
[INFO] [1790834914.828641308] [mapex_explorer]: Main /plan diagnostic: poses=60, endpoint=(41.98, -7.89), frontier=(41.98, -7.89), endpoint_to_frontier=0.000 m, limit=0.10 m -> usable
[INFO] [1790834915.676313967] [mapex_explorer]: Main /plan diagnostic: poses=53, endpoint=(41.98, -7.89), frontier=(41.98, -7.89), endpoint_to_frontier=0.000 m, limit=0.10 m -> usable
[controller_server-9] [INFO] [1790834915.729892112] [controller_server]: Passing new path to controller.
[controller_server-9] [INFO] [1790834916.729893187] [controller_server]: Passing new path to controller.
[INFO] [1790834916.784164629] [mapex_explorer]: Main /plan diagnostic: poses=42, endpoint=(41.98, -7.89), frontier=(41.98, -7.89), endpoint_to_frontier=0.000 m, limit=0.10 m -> usable
[INFO] [1790834917.725677669] [mapex_explorer]: Main /plan diagnostic: poses=32, endpoint=(41.98, -7.89), frontier=(41.98, -7.89), endpoint_to_frontier=0.000 m, limit=0.10 m -> usable
[controller_server-9] [INFO] [1790834917.796563382] [controller_server]: Passing new path to controller.
[INFO] [1790834918.745412178] [mapex_explorer]: Main /plan diagnostic: poses=24, endpoint=(41.98, -7.89), frontier=(41.98, -7.89), endpoint_to_frontier=0.000 m, limit=0.10 m -> usable
[controller_server-9] [INFO] [1790834918.796563574] [controller_server]: Passing new path to controller.
[INFO] [1790834919.762195054] [mapex_explorer]: Main /plan diagnostic: poses=15, endpoint=(41.98, -7.89), frontier=(41.98, -7.89), endpoint_to_frontier=0.000 m, limit=0.10 m -> usable
[controller_server-9] [INFO] [1790834919.796560831] [controller_server]: Passing new path to controller.
[INFO] [1790834920.794662602] [mapex_explorer]: Main /plan diagnostic: poses=9, endpoint=(41.98, -7.89), frontier=(41.98, -7.89), endpoint_to_frontier=0.000 m, limit=0.10 m -> usable
[controller_server-9] [INFO] [1790834920.863232013] [controller_server]: Passing new path to controller.
[controller_server-9] [INFO] [1790834921.131207608] [controller_server]: Reached the goal!
[controller_server-9] [INFO] [1790834921.131382026] [controller_server]: Optimizer reset
[bt_navigator-14] [INFO] [1790834921.156155685] [bt_navigator]: Goal succeeded
[INFO] [1790834921.161150227] [mapex_explorer]: Goal reached
[INFO] [1790834929.611987969] [mapex_explorer]: MapEx decision 28: selected x=6.28, y=-10.89, IG=23.304501, distance=35.58 m, score=0.654975, region=52, candidates=21, near_fallback=False, compute=7.62 s
[bt_navigator-14] [INFO] [1790834929.612974096] [bt_navigator]: Begin navigating from current location (41.72, -7.69) to (6.28, -10.89)
[controller_server-9] [INFO] [1790834929.634393649] [controller_server]: Received a goal, begin computing control effort.
[INFO] [1790834929.895832848] [mapex_explorer]: Main goal accepted
[INFO] [1790834929.921250841] [mapex_explorer]: Main /plan diagnostic: poses=807, endpoint=(6.28, -10.89), frontier=(6.28, -10.89), endpoint_to_frontier=0.000 m, limit=0.10 m -> usable
[INFO] [1790834930.692692120] [mapex_explorer]: Main /plan diagnostic: poses=803, endpoint=(6.28, -10.89), frontier=(6.28, -10.89), endpoint_to_frontier=0.000 m, limit=0.10 m -> usable
[controller_server-9] [INFO] [1790834930.701242705] [controller_server]: Passing new path to controller.
[controller_server-9] [INFO] [1790834931.701234135] [controller_server]: Passing new path to controller.
[INFO] [1790834931.814672536] [mapex_explorer]: Main /plan diagnostic: poses=797, endpoint=(6.28, -10.89), frontier=(6.28, -10.89), endpoint_to_frontier=0.000 m, limit=0.10 m -> usable
[INFO] [1790834932.754980767] [mapex_explorer]: Main /plan diagnostic: poses=794, endpoint=(6.28, -10.89), frontier=(6.28, -10.89), endpoint_to_frontier=0.000 m, limit=0.10 m -> usable
[controller_server-9] [INFO] [1790834932.767901760] [controller_server]: Passing new path to controller.
[INFO] [1790834933.745050683] [mapex_explorer]: Main /plan diagnostic: poses=793, endpoint=(6.28, -10.89), frontier=(6.28, -10.89), endpoint_to_frontier=0.000 m, limit=0.10 m -> usable
[controller_server-9] [INFO] [1790834933.767931145] [controller_server]: Passing new path to controller.
[INFO] [1790834934.786686510] [mapex_explorer]: Main /plan diagnostic: poses=785, endpoint=(6.28, -10.89), frontier=(6.28, -10.89), endpoint_to_frontier=0.000 m, limit=0.10 m -> usable
[controller_server-9] [INFO] [1790834934.834566828] [controller_server]: Passing new path to controller.
[controller_server-9] [INFO] [1790834935.834573591] [controller_server]: Passing new path to controller.
[INFO] [1790834935.926027345] [mapex_explorer]: Main /plan diagnostic: poses=773, endpoint=(6.28, -10.89), frontier=(6.28, -10.89), endpoint_to_frontier=0.000 m, limit=0.10 m -> usable
[controller_server-9] [INFO] [1790834936.834568284] [controller_server]: Passing new path to controller.
[INFO] [1790834936.845905356] [mapex_explorer]: Main /plan diagnostic: poses=765, endpoint=(6.28, -10.89), frontier=(6.28, -10.89), endpoint_to_frontier=0.000 m, limit=0.10 m -> usable
[controller_server-9] [INFO] [1790834937.901240872] [controller_server]: Passing new path to controller.
[INFO] [1790834937.937323835] [mapex_explorer]: Main /plan diagnostic: poses=754, endpoint=(6.28, -10.89), frontier=(6.28, -10.89), endpoint_to_frontier=0.000 m, limit=0.10 m -> usable
[INFO] [1790834938.870567170] [mapex_explorer]: Main /plan diagnostic: poses=745, endpoint=(6.28, -10.89), frontier=(6.28, -10.89), endpoint_to_frontier=0.000 m, limit=0.10 m -> usable
[controller_server-9] [INFO] [1790834938.901257468] [controller_server]: Passing new path to controller.
[INFO] [1790834939.916251448] [mapex_explorer]: Main /plan diagnostic: poses=734, endpoint=(6.28, -10.89), frontier=(6.28, -10.89), endpoint_to_frontier=0.000 m, limit=0.10 m -> usable
[controller_server-9] [INFO] [1790834939.967901905] [controller_server]: Passing new path to controller.
[controller_server-9] [INFO] [1790834940.967900778] [controller_server]: Passing new path to controller.
[INFO] [1790834940.988758715] [mapex_explorer]: Main /plan diagnostic: poses=724, endpoint=(6.28, -10.89), frontier=(6.28, -10.89), endpoint_to_frontier=0.000 m, limit=0.10 m -> usable
[INFO] [1790834941.966378188] [mapex_explorer]: Main /plan diagnostic: poses=714, endpoint=(6.28, -10.89), frontier=(6.28, -10.89), endpoint_to_frontier=0.000 m, limit=0.10 m -> usable
[controller_server-9] [INFO] [1790834941.967901570] [controller_server]: Passing new path to controller.
[async_slam_toolbox_node-8] W20261001 13:09:01.982884 30090 preprocessor.cc:67] Specified options.num_threads: 50 exceeds maximum available from the threading model Ceres was compiled with: 16.  Bounding to maximum number available.
[async_slam_toolbox_node-8] [INFO] [1790834941.994683914] [slam_toolbox]: Adaptive anchor summary: latest_node=2253, local_edges=2315, loop_history=0, avg_effective_weight=1.124, release_regions=0
[controller_server-9] [INFO] [1790834942.528612592] [local_costmap.local_costmap]: StaticLayer: Resizing static layer to 561 X 252 at 0.100000 m/pix
[controller_server-9] [INFO] [1790834943.034575462] [controller_server]: Passing new path to controller.
[INFO] [1790834943.042243746] [mapex_explorer]: Main /plan diagnostic: poses=702, endpoint=(6.28, -10.89), frontier=(6.28, -10.89), endpoint_to_frontier=0.000 m, limit=0.10 m -> usable
[planner_server-11] [INFO] [1790834943.189152374] [global_costmap.global_costmap]: StaticLayer: Resizing costmap to 561 X 252 at 0.100000 m/pix
[INFO] [1790834944.028480468] [mapex_explorer]: Main /plan diagnostic: poses=696, endpoint=(6.28, -10.89), frontier=(6.28, -10.89), endpoint_to_frontier=0.000 m, limit=0.10 m -> usable
[controller_server-9] [INFO] [1790834944.034582629] [controller_server]: Passing new path to controller.
[INFO] [1790834945.067119733] [mapex_explorer]: Main /plan diagnostic: poses=684, endpoint=(6.28, -10.89), frontier=(6.28, -10.89), endpoint_to_frontier=0.000 m, limit=0.10 m -> usable
[controller_server-9] [INFO] [1790834945.101236727] [controller_server]: Passing new path to controller.
[controller_server-9] [INFO] [1790834945.528174714] [local_costmap.local_costmap]: StaticLayer: Resizing static layer to 561 X 252 at 0.100000 m/pix
[INFO] [1790834946.070183844] [mapex_explorer]: Main /plan diagnostic: poses=674, endpoint=(6.28, -10.89), frontier=(6.28, -10.89), endpoint_to_frontier=0.000 m, limit=0.10 m -> usable
[controller_server-9] [INFO] [1790834946.101241315] [controller_server]: Passing new path to controller.
[planner_server-11] [INFO] [1790834946.189139860] [global_costmap.global_costmap]: StaticLayer: Resizing costmap to 561 X 252 at 0.100000 m/pix
[INFO] [1790834947.114837395] [mapex_explorer]: Main /plan diagnostic: poses=662, endpoint=(6.28, -10.89), frontier=(6.28, -10.89), endpoint_to_frontier=0.000 m, limit=0.10 m -> usable
[controller_server-9] [INFO] [1790834947.167906389] [controller_server]: Passing new path to controller.
[controller_server-9] [INFO] [1790834948.167909215] [controller_server]: Passing new path to controller.
[INFO] [1790834948.226612573] [mapex_explorer]: Main /plan diagnostic: poses=652, endpoint=(6.28, -10.89), frontier=(6.28, -10.89), endpoint_to_frontier=0.000 m, limit=0.10 m -> usable
[INFO] [1790834949.178145273] [mapex_explorer]: Main /plan diagnostic: poses=642, endpoint=(6.28, -10.89), frontier=(6.28, -10.89), endpoint_to_frontier=0.000 m, limit=0.10 m -> usable
[controller_server-9] [INFO] [1790834949.234591738] [controller_server]: Passing new path to controller.
[INFO] [1790834950.230658175] [mapex_explorer]: Main /plan diagnostic: poses=632, endpoint=(6.28, -10.89), frontier=(6.28, -10.89), endpoint_to_frontier=0.000 m, limit=0.10 m -> usable
[controller_server-9] [INFO] [1790834950.234568396] [controller_server]: Passing new path to controller.
[INFO] [1790834951.231667207] [mapex_explorer]: Main /plan diagnostic: poses=622, endpoint=(6.28, -10.89), frontier=(6.28, -10.89), endpoint_to_frontier=0.000 m, limit=0.10 m -> usable
[controller_server-9] [INFO] [1790834951.234588365] [controller_server]: Passing new path to controller.
[INFO] [1790834952.270991479] [mapex_explorer]: Main /plan diagnostic: poses=612, endpoint=(6.28, -10.89), frontier=(6.28, -10.89), endpoint_to_frontier=0.000 m, limit=0.10 m -> usable
[controller_server-9] [INFO] [1790834952.301260884] [controller_server]: Passing new path to controller.
[INFO] [1790834953.271586360] [mapex_explorer]: Main /plan diagnostic: poses=604, endpoint=(6.28, -10.89), frontier=(6.28, -10.89), endpoint_to_frontier=0.000 m, limit=0.10 m -> usable
[controller_server-9] [INFO] [1790834953.301232664] [controller_server]: Passing new path to controller.
[controller_server-9] [INFO] [1790834954.301244318] [controller_server]: Passing new path to controller.
[INFO] [1790834954.331506800] [mapex_explorer]: Main /plan diagnostic: poses=592, endpoint=(6.28, -10.89), frontier=(6.28, -10.89), endpoint_to_frontier=0.000 m, limit=0.10 m -> usable
[INFO] [1790834955.337674815] [mapex_explorer]: Main /plan diagnostic: poses=584, endpoint=(6.28, -10.89), frontier=(6.28, -10.89), endpoint_to_frontier=0.000 m, limit=0.10 m -> usable
[controller_server-9] [INFO] [1790834955.367899245] [controller_server]: Passing new path to controller.
[INFO] [1790834956.358749506] [mapex_explorer]: Main /plan diagnostic: poses=574, endpoint=(6.28, -10.89), frontier=(6.28, -10.89), endpoint_to_frontier=0.000 m, limit=0.10 m -> usable
[controller_server-9] [INFO] [1790834956.367899448] [controller_server]: Passing new path to controller.
[INFO] [1790834957.425990299] [mapex_explorer]: Main /plan diagnostic: poses=562, endpoint=(6.28, -10.89), frontier=(6.28, -10.89), endpoint_to_frontier=0.000 m, limit=0.10 m -> usable
[controller_server-9] [INFO] [1790834957.434598028] [controller_server]: Passing new path to controller.
[INFO] [1790834958.407836972] [mapex_explorer]: Main /plan diagnostic: poses=552, endpoint=(6.28, -10.89), frontier=(6.28, -10.89), endpoint_to_frontier=0.000 m, limit=0.10 m -> usable
[controller_server-9] [INFO] [1790834958.434567545] [controller_server]: Passing new path to controller.
[controller_server-9] [INFO] [1790834959.434579030] [controller_server]: Passing new path to controller.
[INFO] [1790834959.438289535] [mapex_explorer]: Main /plan diagnostic: poses=544, endpoint=(6.28, -10.89), frontier=(6.28, -10.89), endpoint_to_frontier=0.000 m, limit=0.10 m -> usable
[INFO] [1790834960.458657366] [mapex_explorer]: Main /plan diagnostic: poses=532, endpoint=(6.28, -10.89), frontier=(6.28, -10.89), endpoint_to_frontier=0.000 m, limit=0.10 m -> usable
[controller_server-9] [INFO] [1790834960.501231941] [controller_server]: Passing new path to controller.
[INFO] [1790834961.514893647] [mapex_explorer]: Main /plan diagnostic: poses=522, endpoint=(6.28, -10.89), frontier=(6.28, -10.89), endpoint_to_frontier=0.000 m, limit=0.10 m -> usable
[controller_server-9] [INFO] [1790834961.569742590] [controller_server]: Passing new path to controller.
[controller_server-9] [INFO] [1790834962.567900807] [controller_server]: Passing new path to controller.
[INFO] [1790834962.584161019] [mapex_explorer]: Main /plan diagnostic: poses=512, endpoint=(6.28, -10.89), frontier=(6.28, -10.89), endpoint_to_frontier=0.000 m, limit=0.10 m -> usable
[INFO] [1790834963.547496977] [mapex_explorer]: Main /plan diagnostic: poses=504, endpoint=(6.28, -10.89), frontier=(6.28, -10.89), endpoint_to_frontier=0.000 m, limit=0.10 m -> usable
[controller_server-9] [INFO] [1790834963.567904762] [controller_server]: Passing new path to controller.
[async_slam_toolbox_node-8] W20261001 13:09:24.468420 30090 preprocessor.cc:67] Specified options.num_threads: 50 exceeds maximum available from the threading model Ceres was compiled with: 16.  Bounding to maximum number available.
[async_slam_toolbox_node-8] [INFO] [1790834964.480163432] [slam_toolbox]: Adaptive anchor summary: latest_node=2315, local_edges=2377, loop_history=0, avg_effective_weight=1.121, release_regions=0
[controller_server-9] [INFO] [1790834964.567905427] [controller_server]: Passing new path to controller.
[INFO] [1790834964.584404537] [mapex_explorer]: Main /plan diagnostic: poses=492, endpoint=(6.28, -10.89), frontier=(6.28, -10.89), endpoint_to_frontier=0.000 m, limit=0.10 m -> usable
[controller_server-9] [INFO] [1790834965.528122481] [local_costmap.local_costmap]: StaticLayer: Resizing static layer to 561 X 252 at 0.100000 m/pix
[INFO] [1790834965.611725505] [mapex_explorer]: Main /plan diagnostic: poses=482, endpoint=(6.28, -10.89), frontier=(6.28, -10.89), endpoint_to_frontier=0.000 m, limit=0.10 m -> usable
[controller_server-9] [INFO] [1790834965.634568777] [controller_server]: Passing new path to controller.
[planner_server-11] [INFO] [1790834966.189095006] [global_costmap.global_costmap]: StaticLayer: Resizing costmap to 561 X 252 at 0.100000 m/pix
[INFO] [1790834966.618210726] [mapex_explorer]: Main /plan diagnostic: poses=472, endpoint=(6.28, -10.89), frontier=(6.28, -10.89), endpoint_to_frontier=0.000 m, limit=0.10 m -> usable
[controller_server-9] [INFO] [1790834966.634567651] [controller_server]: Passing new path to controller.
[controller_server-9] [INFO] [1790834967.701233523] [controller_server]: Passing new path to controller.
[INFO] [1790834967.773235504] [mapex_explorer]: Main /plan diagnostic: poses=464, endpoint=(6.28, -10.89), frontier=(6.28, -10.89), endpoint_to_frontier=0.000 m, limit=0.10 m -> usable
[controller_server-9] [INFO] [1790834968.701236752] [controller_server]: Passing new path to controller.
[INFO] [1790834968.708548801] [mapex_explorer]: Main /plan diagnostic: poses=454, endpoint=(6.28, -10.89), frontier=(6.28, -10.89), endpoint_to_frontier=0.000 m, limit=0.10 m -> usable
[async_slam_toolbox_node-8] W20261001 13:09:29.003412 30090 preprocessor.cc:67] Specified options.num_threads: 50 exceeds maximum available from the threading model Ceres was compiled with: 16.  Bounding to maximum number available.
[controller_server-9] [INFO] [1790834969.528140184] [local_costmap.local_costmap]: StaticLayer: Resizing static layer to 561 X 252 at 0.100000 m/pix
[INFO] [1790834969.734431017] [mapex_explorer]: Main /plan diagnostic: poses=442, endpoint=(6.28, -10.89), frontier=(6.28, -10.89), endpoint_to_frontier=0.000 m, limit=0.10 m -> usable
[controller_server-9] [INFO] [1790834969.767931355] [controller_server]: Passing new path to controller.
[planner_server-11] [INFO] [1790834970.189215902] [global_costmap.global_costmap]: StaticLayer: Resizing costmap to 561 X 252 at 0.100000 m/pix
[controller_server-9] [INFO] [1790834970.767925798] [controller_server]: Passing new path to controller.
[INFO] [1790834970.794024239] [mapex_explorer]: Main /plan diagnostic: poses=436, endpoint=(6.28, -10.89), frontier=(6.28, -10.89), endpoint_to_frontier=0.000 m, limit=0.10 m -> usable
[controller_server-9] [INFO] [1790834971.767897600] [controller_server]: Passing new path to controller.
[INFO] [1790834971.783015391] [mapex_explorer]: Main /plan diagnostic: poses=426, endpoint=(6.28, -10.89), frontier=(6.28, -10.89), endpoint_to_frontier=0.000 m, limit=0.10 m -> usable
[controller_server-9] [INFO] [1790834972.834595986] [controller_server]: Passing new path to controller.
[INFO] [1790834972.836308963] [mapex_explorer]: Main /plan diagnostic: poses=414, endpoint=(6.28, -10.89), frontier=(6.28, -10.89), endpoint_to_frontier=0.000 m, limit=0.10 m -> usable
[async_slam_toolbox_node-8] W20261001 13:09:33.743220 30090 preprocessor.cc:67] Specified options.num_threads: 50 exceeds maximum available from the threading model Ceres was compiled with: 16.  Bounding to maximum number available.
[controller_server-9] [INFO] [1790834973.834563438] [controller_server]: Passing new path to controller.
[INFO] [1790834973.856738661] [mapex_explorer]: Main /plan diagnostic: poses=406, endpoint=(6.28, -10.89), frontier=(6.28, -10.89), endpoint_to_frontier=0.000 m, limit=0.10 m -> usable
[controller_server-9] [INFO] [1790834974.528138351] [local_costmap.local_costmap]: StaticLayer: Resizing static layer to 561 X 252 at 0.100000 m/pix
[INFO] [1790834974.845060542] [mapex_explorer]: Main /plan diagnostic: poses=396, endpoint=(6.28, -10.89), frontier=(6.28, -10.89), endpoint_to_frontier=0.000 m, limit=0.10 m -> usable
[controller_server-9] [INFO] [1790834974.901255776] [controller_server]: Passing new path to controller.
[planner_server-11] [INFO] [1790834975.189096378] [global_costmap.global_costmap]: StaticLayer: Resizing costmap to 561 X 252 at 0.100000 m/pix
[INFO] [1790834975.874011740] [mapex_explorer]: Main /plan diagnostic: poses=385, endpoint=(6.28, -10.89), frontier=(6.28, -10.89), endpoint_to_frontier=0.000 m, limit=0.10 m -> usable
[controller_server-9] [INFO] [1790834975.901262569] [controller_server]: Passing new path to controller.
[controller_server-9] [INFO] [1790834976.901339933] [controller_server]: Passing new path to controller.
[INFO] [1790834976.952810168] [mapex_explorer]: Main /plan diagnostic: poses=375, endpoint=(6.28, -10.89), frontier=(6.28, -10.89), endpoint_to_frontier=0.000 m, limit=0.10 m -> usable
[controller_server-9] [INFO] [1790834977.967901074] [controller_server]: Passing new path to controller.
[INFO] [1790834977.971594706] [mapex_explorer]: Main /plan diagnostic: poses=363, endpoint=(6.28, -10.89), frontier=(6.28, -10.89), endpoint_to_frontier=0.000 m, limit=0.10 m -> usable
[INFO] [1790834978.950450443] [mapex_explorer]: Main /plan diagnostic: poses=353, endpoint=(6.28, -10.89), frontier=(6.28, -10.89), endpoint_to_frontier=0.000 m, limit=0.10 m -> usable
[controller_server-9] [INFO] [1790834978.967901602] [controller_server]: Passing new path to controller.
[INFO] [1790834979.972105175] [mapex_explorer]: Main /plan diagnostic: poses=343, endpoint=(6.28, -10.89), frontier=(6.28, -10.89), endpoint_to_frontier=0.000 m, limit=0.10 m -> usable
[controller_server-9] [INFO] [1790834980.034575693] [controller_server]: Passing new path to controller.
[async_slam_toolbox_node-8] W20261001 13:09:40.066016 30090 preprocessor.cc:67] Specified options.num_threads: 50 exceeds maximum available from the threading model Ceres was compiled with: 16.  Bounding to maximum number available.
[controller_server-9] [INFO] [1790834980.528154778] [local_costmap.local_costmap]: StaticLayer: Resizing static layer to 561 X 252 at 0.100000 m/pix
[INFO] [1790834980.994652957] [mapex_explorer]: Main /plan diagnostic: poses=333, endpoint=(6.28, -10.89), frontier=(6.28, -10.89), endpoint_to_frontier=0.000 m, limit=0.10 m -> usable
[controller_server-9] [INFO] [1790834981.034567492] [controller_server]: Passing new path to controller.
[planner_server-11] [INFO] [1790834981.189093518] [global_costmap.global_costmap]: StaticLayer: Resizing costmap to 561 X 252 at 0.100000 m/pix
[INFO] [1790834982.034214493] [mapex_explorer]: Main /plan diagnostic: poses=323, endpoint=(6.28, -10.89), frontier=(6.28, -10.89), endpoint_to_frontier=0.000 m, limit=0.10 m -> usable
[controller_server-9] [INFO] [1790834982.034593498] [controller_server]: Passing new path to controller.
[INFO] [1790834983.052786185] [mapex_explorer]: Main /plan diagnostic: poses=315, endpoint=(6.28, -10.89), frontier=(6.28, -10.89), endpoint_to_frontier=0.000 m, limit=0.10 m -> usable
[controller_server-9] [INFO] [1790834983.101337686] [controller_server]: Passing new path to controller.
[INFO] [1790834984.096893548] [mapex_explorer]: Main /plan diagnostic: poses=303, endpoint=(6.28, -10.89), frontier=(6.28, -10.89), endpoint_to_frontier=0.000 m, limit=0.10 m -> usable
[controller_server-9] [INFO] [1790834984.101234747] [controller_server]: Passing new path to controller.
[INFO] [1790834985.098299607] [mapex_explorer]: Main /plan diagnostic: poses=293, endpoint=(6.28, -10.89), frontier=(6.28, -10.89), endpoint_to_frontier=0.000 m, limit=0.10 m -> usable
[controller_server-9] [INFO] [1790834985.167915457] [controller_server]: Passing new path to controller.
[INFO] [1790834986.115854993] [mapex_explorer]: Main /plan diagnostic: poses=285, endpoint=(6.28, -10.89), frontier=(6.28, -10.89), endpoint_to_frontier=0.000 m, limit=0.10 m -> usable
[controller_server-9] [INFO] [1790834986.167913826] [controller_server]: Passing new path to controller.
[controller_server-9] [INFO] [1790834987.167906207] [controller_server]: Passing new path to controller.
[INFO] [1790834987.202669459] [mapex_explorer]: Main /plan diagnostic: poses=275, endpoint=(6.28, -10.89), frontier=(6.28, -10.89), endpoint_to_frontier=0.000 m, limit=0.10 m -> usable
[INFO] [1790834988.171186232] [mapex_explorer]: Main /plan diagnostic: poses=263, endpoint=(6.28, -10.89), frontier=(6.28, -10.89), endpoint_to_frontier=0.000 m, limit=0.10 m -> usable
[controller_server-9] [INFO] [1790834988.234568257] [controller_server]: Passing new path to controller.
[INFO] [1790834989.195477594] [mapex_explorer]: Main /plan diagnostic: poses=253, endpoint=(6.28, -10.89), frontier=(6.28, -10.89), endpoint_to_frontier=0.000 m, limit=0.10 m -> usable
[controller_server-9] [INFO] [1790834989.234580908] [controller_server]: Passing new path to controller.
[controller_server-9] [INFO] [1790834990.234604510] [controller_server]: Passing new path to controller.
[INFO] [1790834990.256695210] [mapex_explorer]: Main /plan diagnostic: poses=243, endpoint=(6.28, -10.89), frontier=(6.28, -10.89), endpoint_to_frontier=0.000 m, limit=0.10 m -> usable
[INFO] [1790834991.294924669] [mapex_explorer]: Main /plan diagnostic: poses=233, endpoint=(6.28, -10.89), frontier=(6.28, -10.89), endpoint_to_frontier=0.000 m, limit=0.10 m -> usable
[controller_server-9] [INFO] [1790834991.301242112] [controller_server]: Passing new path to controller.
[INFO] [1790834992.298031661] [mapex_explorer]: Main /plan diagnostic: poses=223, endpoint=(6.28, -10.89), frontier=(6.28, -10.89), endpoint_to_frontier=0.000 m, limit=0.10 m -> usable
[controller_server-9] [INFO] [1790834992.301246322] [controller_server]: Passing new path to controller.
[INFO] [1790834993.317939766] [mapex_explorer]: Main /plan diagnostic: poses=213, endpoint=(6.28, -10.89), frontier=(6.28, -10.89), endpoint_to_frontier=0.000 m, limit=0.10 m -> usable
[controller_server-9] [INFO] [1790834993.367904195] [controller_server]: Passing new path to controller.
[INFO] [1790834994.349746116] [mapex_explorer]: Main /plan diagnostic: poses=203, endpoint=(6.28, -10.89), frontier=(6.28, -10.89), endpoint_to_frontier=0.000 m, limit=0.10 m -> usable
[controller_server-9] [INFO] [1790834994.367899924] [controller_server]: Passing new path to controller.
[INFO] [1790834995.403951531] [mapex_explorer]: Main /plan diagnostic: poses=193, endpoint=(6.28, -10.89), frontier=(6.28, -10.89), endpoint_to_frontier=0.000 m, limit=0.10 m -> usable
[controller_server-9] [INFO] [1790834995.434591608] [controller_server]: Passing new path to controller.
[INFO] [1790834996.401406369] [mapex_explorer]: Main /plan diagnostic: poses=183, endpoint=(6.28, -10.89), frontier=(6.28, -10.89), endpoint_to_frontier=0.000 m, limit=0.10 m -> usable
[controller_server-9] [INFO] [1790834996.434566507] [controller_server]: Passing new path to controller.
[INFO] [1790834997.429835232] [mapex_explorer]: Main /plan diagnostic: poses=173, endpoint=(6.28, -10.89), frontier=(6.28, -10.89), endpoint_to_frontier=0.000 m, limit=0.10 m -> usable
[controller_server-9] [INFO] [1790834997.434567342] [controller_server]: Passing new path to controller.
[controller_server-9] [INFO] [1790834998.501249612] [controller_server]: Passing new path to controller.
[INFO] [1790834998.538807253] [mapex_explorer]: Main /plan diagnostic: poses=163, endpoint=(6.28, -10.89), frontier=(6.28, -10.89), endpoint_to_frontier=0.000 m, limit=0.10 m -> usable
[INFO] [1790834999.484412289] [mapex_explorer]: Main /plan diagnostic: poses=153, endpoint=(6.28, -10.89), frontier=(6.28, -10.89), endpoint_to_frontier=0.000 m, limit=0.10 m -> usable
[controller_server-9] [INFO] [1790834999.501261404] [controller_server]: Passing new path to controller.
[INFO] [1790835000.531662871] [mapex_explorer]: Main /plan diagnostic: poses=143, endpoint=(6.28, -10.89), frontier=(6.28, -10.89), endpoint_to_frontier=0.000 m, limit=0.10 m -> usable
[controller_server-9] [INFO] [1790835000.567899810] [controller_server]: Passing new path to controller.
[INFO] [1790835001.530919897] [mapex_explorer]: Main /plan diagnostic: poses=133, endpoint=(6.28, -10.89), frontier=(6.28, -10.89), endpoint_to_frontier=0.000 m, limit=0.10 m -> usable
[controller_server-9] [INFO] [1790835001.567915404] [controller_server]: Passing new path to controller.
[INFO] [1790835002.549211293] [mapex_explorer]: Main /plan diagnostic: poses=123, endpoint=(6.28, -10.89), frontier=(6.28, -10.89), endpoint_to_frontier=0.000 m, limit=0.10 m -> usable
[controller_server-9] [INFO] [1790835002.567897742] [controller_server]: Passing new path to controller.
[INFO] [1790835003.616183819] [mapex_explorer]: Main /plan diagnostic: poses=113, endpoint=(6.28, -10.89), frontier=(6.28, -10.89), endpoint_to_frontier=0.000 m, limit=0.10 m -> usable
[controller_server-9] [INFO] [1790835003.634592460] [controller_server]: Passing new path to controller.
[INFO] [1790835004.611539511] [mapex_explorer]: Main /plan diagnostic: poses=103, endpoint=(6.28, -10.89), frontier=(6.28, -10.89), endpoint_to_frontier=0.000 m, limit=0.10 m -> usable
[controller_server-9] [INFO] [1790835004.634565976] [controller_server]: Passing new path to controller.
[INFO] [1790835005.655509345] [mapex_explorer]: Main /plan diagnostic: poses=92, endpoint=(6.28, -10.89), frontier=(6.28, -10.89), endpoint_to_frontier=0.000 m, limit=0.10 m -> usable
[controller_server-9] [INFO] [1790835005.701260491] [controller_server]: Passing new path to controller.
[INFO] [1790835006.650914681] [mapex_explorer]: Main /plan diagnostic: poses=80, endpoint=(6.28, -10.89), frontier=(6.28, -10.89), endpoint_to_frontier=0.000 m, limit=0.10 m -> usable
[controller_server-9] [INFO] [1790835006.701236431] [controller_server]: Passing new path to controller.
[INFO] [1790835007.676599831] [mapex_explorer]: Main /plan diagnostic: poses=70, endpoint=(6.28, -10.89), frontier=(6.28, -10.89), endpoint_to_frontier=0.000 m, limit=0.10 m -> usable
[controller_server-9] [INFO] [1790835007.701233735] [controller_server]: Passing new path to controller.
[INFO] [1790835008.709545174] [mapex_explorer]: Main /plan diagnostic: poses=60, endpoint=(6.28, -10.89), frontier=(6.28, -10.89), endpoint_to_frontier=0.000 m, limit=0.10 m -> usable
[controller_server-9] [INFO] [1790835008.767900450] [controller_server]: Passing new path to controller.
[INFO] [1790835009.764294407] [mapex_explorer]: Main /plan diagnostic: poses=50, endpoint=(6.28, -10.89), frontier=(6.28, -10.89), endpoint_to_frontier=0.000 m, limit=0.10 m -> usable
[controller_server-9] [INFO] [1790835009.767903765] [controller_server]: Passing new path to controller.
[INFO] [1790835010.766121935] [mapex_explorer]: Main /plan diagnostic: poses=40, endpoint=(6.28, -10.89), frontier=(6.28, -10.89), endpoint_to_frontier=0.000 m, limit=0.10 m -> usable
[controller_server-9] [INFO] [1790835010.834565563] [controller_server]: Passing new path to controller.
[INFO] [1790835011.790341686] [mapex_explorer]: Main /plan diagnostic: poses=29, endpoint=(6.28, -10.89), frontier=(6.28, -10.89), endpoint_to_frontier=0.000 m, limit=0.10 m -> usable
[controller_server-9] [INFO] [1790835011.834596782] [controller_server]: Passing new path to controller.
[controller_server-9] [INFO] [1790835012.834563745] [controller_server]: Passing new path to controller.
[INFO] [1790835012.970048097] [mapex_explorer]: Main /plan diagnostic: poses=21, endpoint=(6.28, -10.89), frontier=(6.28, -10.89), endpoint_to_frontier=0.000 m, limit=0.10 m -> usable
[INFO] [1790835013.846119735] [mapex_explorer]: Main /plan diagnostic: poses=14, endpoint=(6.28, -10.89), frontier=(6.28, -10.89), endpoint_to_frontier=0.000 m, limit=0.10 m -> usable
[controller_server-9] [INFO] [1790835013.901238248] [controller_server]: Passing new path to controller.
[INFO] [1790835014.865542684] [mapex_explorer]: Main /plan diagnostic: poses=9, endpoint=(6.28, -10.89), frontier=(6.28, -10.89), endpoint_to_frontier=0.000 m, limit=0.10 m -> usable
[controller_server-9] [INFO] [1790835014.901266794] [controller_server]: Passing new path to controller.
[controller_server-9] [INFO] [1790835014.969201420] [controller_server]: Reached the goal!
[controller_server-9] [INFO] [1790835014.969442500] [controller_server]: Optimizer reset
[bt_navigator-14] [INFO] [1790835014.993285123] [bt_navigator]: Goal succeeded
[INFO] [1790835014.996899461] [mapex_explorer]: Goal reached
[INFO] [1790835024.311886240] [mapex_explorer]: MapEx decision 29: selected x=2.08, y=-10.69, IG=38.985050, distance=4.43 m, score=8.806150, region=49, candidates=19, near_fallback=False, compute=8.32 s
[bt_navigator-14] [INFO] [1790835024.312755072] [bt_navigator]: Begin navigating from current location (6.51, -10.65) to (2.08, -10.69)
[controller_server-9] [INFO] [1790835024.333362222] [controller_server]: Received a goal, begin computing control effort.
[INFO] [1790835025.100295248] [mapex_explorer]: Main goal accepted
[INFO] [1790835025.295565390] [mapex_explorer]: Main /plan diagnostic: poses=232, endpoint=(2.08, -10.69), frontier=(2.08, -10.69), endpoint_to_frontier=0.000 m, limit=0.10 m -> usable
[controller_server-9] [INFO] [1790835025.400177164] [controller_server]: Passing new path to controller.
[INFO] [1790835025.457637854] [mapex_explorer]: Main /plan diagnostic: poses=227, endpoint=(2.08, -10.69), frontier=(2.08, -10.69), endpoint_to_frontier=0.000 m, limit=0.10 m -> usable
[controller_server-9] [INFO] [1790835026.400170550] [controller_server]: Passing new path to controller.
[INFO] [1790835026.458401471] [mapex_explorer]: Main /plan diagnostic: poses=217, endpoint=(2.08, -10.69), frontier=(2.08, -10.69), endpoint_to_frontier=0.000 m, limit=0.10 m -> usable
[controller_server-9] [INFO] [1790835027.467266590] [controller_server]: Passing new path to controller.
[INFO] [1790835027.471506744] [mapex_explorer]: Main /plan diagnostic: poses=209, endpoint=(2.08, -10.69), frontier=(2.08, -10.69), endpoint_to_frontier=0.000 m, limit=0.10 m -> usable
[controller_server-9] [INFO] [1790835028.466837496] [controller_server]: Passing new path to controller.
[INFO] [1790835028.490676697] [mapex_explorer]: Main /plan diagnostic: poses=207, endpoint=(2.08, -10.69), frontier=(2.08, -10.69), endpoint_to_frontier=0.000 m, limit=0.10 m -> usable
[INFO] [1790835029.477194514] [mapex_explorer]: Main /plan diagnostic: poses=206, endpoint=(2.08, -10.69), frontier=(2.08, -10.69), endpoint_to_frontier=0.000 m, limit=0.10 m -> usable
[controller_server-9] [INFO] [1790835029.533502409] [controller_server]: Passing new path to controller.
[INFO] [1790835030.520939178] [mapex_explorer]: Main /plan diagnostic: poses=203, endpoint=(2.08, -10.69), frontier=(2.08, -10.69), endpoint_to_frontier=0.000 m, limit=0.10 m -> usable
[controller_server-9] [INFO] [1790835030.533510352] [controller_server]: Passing new path to controller.
[INFO] [1790835031.529174038] [mapex_explorer]: Main /plan diagnostic: poses=197, endpoint=(2.08, -10.69), frontier=(2.08, -10.69), endpoint_to_frontier=0.000 m, limit=0.10 m -> usable
[controller_server-9] [INFO] [1790835031.533523581] [controller_server]: Passing new path to controller.
[controller_server-9] [INFO] [1790835032.600170189] [controller_server]: Passing new path to controller.
[INFO] [1790835032.827188389] [mapex_explorer]: Main /plan diagnostic: poses=191, endpoint=(2.08, -10.69), frontier=(2.08, -10.69), endpoint_to_frontier=0.000 m, limit=0.10 m -> usable
[INFO] [1790835033.556791006] [mapex_explorer]: Main /plan diagnostic: poses=180, endpoint=(2.08, -10.69), frontier=(2.08, -10.69), endpoint_to_frontier=0.000 m, limit=0.10 m -> usable
[controller_server-9] [INFO] [1790835033.600189902] [controller_server]: Passing new path to controller.
[INFO] [1790835034.597450194] [mapex_explorer]: Main /plan diagnostic: poses=169, endpoint=(2.08, -10.69), frontier=(2.08, -10.69), endpoint_to_frontier=0.000 m, limit=0.10 m -> usable
[controller_server-9] [INFO] [1790835034.600171711] [controller_server]: Passing new path to controller.
[controller_server-9] [INFO] [1790835035.666836137] [controller_server]: Passing new path to controller.
[INFO] [1790835035.680240881] [mapex_explorer]: Main /plan diagnostic: poses=155, endpoint=(2.08, -10.69), frontier=(2.08, -10.69), endpoint_to_frontier=0.000 m, limit=0.10 m -> usable
[INFO] [1790835036.638776512] [mapex_explorer]: Main /plan diagnostic: poses=145, endpoint=(2.08, -10.69), frontier=(2.08, -10.69), endpoint_to_frontier=0.000 m, limit=0.10 m -> usable
[controller_server-9] [INFO] [1790835036.666837301] [controller_server]: Passing new path to controller.
[INFO] [1790835037.670088756] [mapex_explorer]: Main /plan diagnostic: poses=139, endpoint=(2.08, -10.69), frontier=(2.08, -10.69), endpoint_to_frontier=0.000 m, limit=0.10 m -> usable
[controller_server-9] [INFO] [1790835037.733510792] [controller_server]: Passing new path to controller.
[INFO] [1790835038.697753568] [mapex_explorer]: Main /plan diagnostic: poses=129, endpoint=(2.08, -10.69), frontier=(2.08, -10.69), endpoint_to_frontier=0.000 m, limit=0.10 m -> usable
[controller_server-9] [INFO] [1790835038.733526942] [controller_server]: Passing new path to controller.
[controller_server-9] [INFO] [1790835039.733501492] [controller_server]: Passing new path to controller.
[INFO] [1790835039.828779804] [mapex_explorer]: Main /plan diagnostic: poses=119, endpoint=(2.08, -10.69), frontier=(2.08, -10.69), endpoint_to_frontier=0.000 m, limit=0.10 m -> usable
[INFO] [1790835040.749380329] [mapex_explorer]: Main /plan diagnostic: poses=106, endpoint=(2.08, -10.69), frontier=(2.08, -10.69), endpoint_to_frontier=0.000 m, limit=0.10 m -> usable
[controller_server-9] [INFO] [1790835040.800140300] [controller_server]: Passing new path to controller.
[controller_server-9] [INFO] [1790835041.800167318] [controller_server]: Passing new path to controller.
[INFO] [1790835041.856856993] [mapex_explorer]: Main /plan diagnostic: poses=103, endpoint=(2.08, -10.69), frontier=(2.08, -10.69), endpoint_to_frontier=0.000 m, limit=0.10 m -> usable
[INFO] [1790835042.797681734] [mapex_explorer]: Main /plan diagnostic: poses=90, endpoint=(2.08, -10.69), frontier=(2.08, -10.69), endpoint_to_frontier=0.000 m, limit=0.10 m -> usable
[controller_server-9] [INFO] [1790835042.866840732] [controller_server]: Passing new path to controller.
[controller_server-9] [INFO] [1790835043.866846083] [controller_server]: Passing new path to controller.
[INFO] [1790835043.959012633] [mapex_explorer]: Main /plan diagnostic: poses=85, endpoint=(2.08, -10.69), frontier=(2.08, -10.69), endpoint_to_frontier=0.000 m, limit=0.10 m -> usable
[controller_server-9] [INFO] [1790835044.866844942] [controller_server]: Passing new path to controller.
[INFO] [1790835044.908679458] [mapex_explorer]: Main /plan diagnostic: poses=72, endpoint=(2.08, -10.69), frontier=(2.08, -10.69), endpoint_to_frontier=0.000 m, limit=0.10 m -> usable
[INFO] [1790835045.887536868] [mapex_explorer]: Main /plan diagnostic: poses=64, endpoint=(2.08, -10.69), frontier=(2.08, -10.69), endpoint_to_frontier=0.000 m, limit=0.10 m -> usable
[controller_server-9] [INFO] [1790835045.933503431] [controller_server]: Passing new path to controller.
[INFO] [1790835046.928326450] [mapex_explorer]: Main /plan diagnostic: poses=53, endpoint=(2.08, -10.69), frontier=(2.08, -10.69), endpoint_to_frontier=0.000 m, limit=0.10 m -> usable
[controller_server-9] [INFO] [1790835046.933508247] [controller_server]: Passing new path to controller.
[INFO] [1790835047.991260187] [mapex_explorer]: Main /plan diagnostic: poses=60, endpoint=(2.08, -10.69), frontier=(2.08, -10.69), endpoint_to_frontier=0.000 m, limit=0.10 m -> usable
[controller_server-9] [INFO] [1790835048.000196435] [controller_server]: Passing new path to controller.
[INFO] [1790835048.947371541] [mapex_explorer]: Main /plan diagnostic: poses=29, endpoint=(2.08, -10.69), frontier=(2.08, -10.69), endpoint_to_frontier=0.000 m, limit=0.10 m -> usable
[controller_server-9] [INFO] [1790835049.000197138] [controller_server]: Passing new path to controller.
[controller_server-9] [INFO] [1790835050.000169445] [controller_server]: Passing new path to controller.
[INFO] [1790835050.034526411] [mapex_explorer]: Main /plan diagnostic: poses=20, endpoint=(2.08, -10.69), frontier=(2.08, -10.69), endpoint_to_frontier=0.000 m, limit=0.10 m -> usable
[INFO] [1790835051.004659440] [mapex_explorer]: Main /plan diagnostic: poses=12, endpoint=(2.08, -10.69), frontier=(2.08, -10.69), endpoint_to_frontier=0.000 m, limit=0.10 m -> usable
[controller_server-9] [INFO] [1790835051.066835945] [controller_server]: Passing new path to controller.
[controller_server-9] [INFO] [1790835052.001693686] [controller_server]: Reached the goal!
[controller_server-9] [INFO] [1790835052.001860558] [controller_server]: Optimizer reset
[bt_navigator-14] [INFO] [1790835052.022954286] [bt_navigator]: Goal succeeded
[INFO] [1790835052.024385611] [mapex_explorer]: Goal reached
[INFO] [1790835062.539038783] [mapex_explorer]: MapEx decision 30: selected x=9.08, y=-7.69, IG=7.930853, distance=7.72 m, score=1.027822, region=24, candidates=18, near_fallback=False, compute=9.55 s
[bt_navigator-14] [INFO] [1790835062.539803749] [bt_navigator]: Begin navigating from current location (1.87, -10.42) to (9.08, -7.69)
[controller_server-9] [INFO] [1790835062.560517326] [controller_server]: Received a goal, begin computing control effort.
[INFO] [1790835062.775199590] [mapex_explorer]: Main goal accepted
[INFO] [1790835062.952622962] [mapex_explorer]: Main /plan diagnostic: poses=737, endpoint=(9.08, -7.69), frontier=(9.08, -7.69), endpoint_to_frontier=0.000 m, limit=0.10 m -> usable
[controller_server-9] [INFO] [1790835063.627336829] [controller_server]: Passing new path to controller.
[INFO] [1790835063.757068155] [mapex_explorer]: Main /plan diagnostic: poses=736, endpoint=(9.08, -7.69), frontier=(9.08, -7.69), endpoint_to_frontier=0.000 m, limit=0.10 m -> usable
[controller_server-9] [INFO] [1790835064.627338952] [controller_server]: Passing new path to controller.
[INFO] [1790835064.643776580] [mapex_explorer]: Main /plan diagnostic: poses=727, endpoint=(9.08, -7.69), frontier=(9.08, -7.69), endpoint_to_frontier=0.000 m, limit=0.10 m -> usable
[INFO] [1790835065.673041215] [mapex_explorer]: Main /plan diagnostic: poses=715, endpoint=(9.08, -7.69), frontier=(9.08, -7.69), endpoint_to_frontier=0.000 m, limit=0.10 m -> usable
[controller_server-9] [INFO] [1790835065.694002214] [controller_server]: Passing new path to controller.
[controller_server-9] [INFO] [1790835066.694003258] [controller_server]: Passing new path to controller.
[INFO] [1790835066.869646332] [mapex_explorer]: Main /plan diagnostic: poses=717, endpoint=(9.08, -7.69), frontier=(9.08, -7.69), endpoint_to_frontier=0.000 m, limit=0.10 m -> usable
[controller_server-9] [INFO] [1790835067.760658455] [controller_server]: Passing new path to controller.
[INFO] [1790835067.833612700] [mapex_explorer]: Main /plan diagnostic: poses=703, endpoint=(9.08, -7.69), frontier=(9.08, -7.69), endpoint_to_frontier=0.000 m, limit=0.10 m -> usable
[controller_server-9] [INFO] [1790835068.760634492] [controller_server]: Passing new path to controller.
[INFO] [1790835068.788462924] [mapex_explorer]: Main /plan diagnostic: poses=696, endpoint=(9.08, -7.69), frontier=(9.08, -7.69), endpoint_to_frontier=0.000 m, limit=0.10 m -> usable
[controller_server-9] [INFO] [1790835069.760637495] [controller_server]: Passing new path to controller.
[INFO] [1790835070.123216833] [mapex_explorer]: Main /plan diagnostic: poses=689, endpoint=(9.08, -7.69), frontier=(9.08, -7.69), endpoint_to_frontier=0.000 m, limit=0.10 m -> usable
[INFO] [1790835070.820966913] [mapex_explorer]: Main /plan diagnostic: poses=679, endpoint=(9.08, -7.69), frontier=(9.08, -7.69), endpoint_to_frontier=0.000 m, limit=0.10 m -> usable
[controller_server-9] [INFO] [1790835070.827458374] [controller_server]: Passing new path to controller.
[controller_server-9] [INFO] [1790835071.827341358] [controller_server]: Passing new path to controller.
[INFO] [1790835071.830881984] [mapex_explorer]: Main /plan diagnostic: poses=673, endpoint=(9.08, -7.69), frontier=(9.08, -7.69), endpoint_to_frontier=0.000 m, limit=0.10 m -> usable
[controller_server-9] [INFO] [1790835072.894024160] [controller_server]: Passing new path to controller.
[INFO] [1790835072.943500632] [mapex_explorer]: Main /plan diagnostic: poses=667, endpoint=(9.08, -7.69), frontier=(9.08, -7.69), endpoint_to_frontier=0.000 m, limit=0.10 m -> usable
[INFO] [1790835073.856828084] [mapex_explorer]: Main /plan diagnostic: poses=666, endpoint=(9.08, -7.69), frontier=(9.08, -7.69), endpoint_to_frontier=0.000 m, limit=0.10 m -> usable
[controller_server-9] [INFO] [1790835073.894002817] [controller_server]: Passing new path to controller.
[controller_server-9] [INFO] [1790835074.894003821] [controller_server]: Passing new path to controller.
[INFO] [1790835075.165295556] [mapex_explorer]: Main /plan diagnostic: poses=666, endpoint=(9.08, -7.69), frontier=(9.08, -7.69), endpoint_to_frontier=0.000 m, limit=0.10 m -> usable
[INFO] [1790835075.923534932] [mapex_explorer]: Main /plan diagnostic: poses=651, endpoint=(9.08, -7.69), frontier=(9.08, -7.69), endpoint_to_frontier=0.000 m, limit=0.10 m -> usable
[controller_server-9] [INFO] [1790835075.960649664] [controller_server]: Passing new path to controller.
[controller_server-9] [INFO] [1790835076.960630749] [controller_server]: Passing new path to controller.
[INFO] [1790835077.096982341] [mapex_explorer]: Main /plan diagnostic: poses=643, endpoint=(9.08, -7.69), frontier=(9.08, -7.69), endpoint_to_frontier=0.000 m, limit=0.10 m -> usable
[controller_server-9] [INFO] [1790835077.960628525] [controller_server]: Passing new path to controller.
[INFO] [1790835078.011210267] [mapex_explorer]: Main /plan diagnostic: poses=631, endpoint=(9.08, -7.69), frontier=(9.08, -7.69), endpoint_to_frontier=0.000 m, limit=0.10 m -> usable
[controller_server-9] [INFO] [1790835079.027366521] [controller_server]: Passing new path to controller.
[INFO] [1790835079.129977731] [mapex_explorer]: Main /plan diagnostic: poses=621, endpoint=(9.08, -7.69), frontier=(9.08, -7.69), endpoint_to_frontier=0.000 m, limit=0.10 m -> usable
[controller_server-9] [INFO] [1790835080.027342597] [controller_server]: Passing new path to controller.
[INFO] [1790835080.045590413] [mapex_explorer]: Main /plan diagnostic: poses=610, endpoint=(9.08, -7.69), frontier=(9.08, -7.69), endpoint_to_frontier=0.000 m, limit=0.10 m -> usable
[controller_server-9] [INFO] [1790835081.093999993] [controller_server]: Passing new path to controller.
[INFO] [1790835081.261739295] [mapex_explorer]: Main /plan diagnostic: poses=602, endpoint=(9.08, -7.69), frontier=(9.08, -7.69), endpoint_to_frontier=0.000 m, limit=0.10 m -> usable
[controller_server-9] [INFO] [1790835082.094005174] [controller_server]: Passing new path to controller.
[INFO] [1790835082.177409005] [mapex_explorer]: Main /plan diagnostic: poses=592, endpoint=(9.08, -7.69), frontier=(9.08, -7.69), endpoint_to_frontier=0.000 m, limit=0.10 m -> usable
[controller_server-9] [INFO] [1790835083.160628937] [controller_server]: Passing new path to controller.
[INFO] [1790835083.196154234] [mapex_explorer]: Main /plan diagnostic: poses=580, endpoint=(9.08, -7.69), frontier=(9.08, -7.69), endpoint_to_frontier=0.000 m, limit=0.10 m -> usable
[controller_server-9] [INFO] [1790835084.160659522] [controller_server]: Passing new path to controller.
[INFO] [1790835084.228577680] [mapex_explorer]: Main /plan diagnostic: poses=573, endpoint=(9.08, -7.69), frontier=(9.08, -7.69), endpoint_to_frontier=0.000 m, limit=0.10 m -> usable
[controller_server-9] [INFO] [1790835085.227337493] [controller_server]: Passing new path to controller.
[INFO] [1790835085.239339027] [mapex_explorer]: Main /plan diagnostic: poses=560, endpoint=(9.08, -7.69), frontier=(9.08, -7.69), endpoint_to_frontier=0.000 m, limit=0.10 m -> usable
[INFO] [1790835086.178515389] [mapex_explorer]: Main /plan diagnostic: poses=553, endpoint=(9.08, -7.69), frontier=(9.08, -7.69), endpoint_to_frontier=0.000 m, limit=0.10 m -> usable
[controller_server-9] [INFO] [1790835086.227334964] [controller_server]: Passing new path to controller.
[controller_server-9] [INFO] [1790835087.227333954] [controller_server]: Passing new path to controller.
[INFO] [1790835087.308605526] [mapex_explorer]: Main /plan diagnostic: poses=542, endpoint=(9.08, -7.69), frontier=(9.08, -7.69), endpoint_to_frontier=0.000 m, limit=0.10 m -> usable
[INFO] [1790835088.285689863] [mapex_explorer]: Main /plan diagnostic: poses=531, endpoint=(9.08, -7.69), frontier=(9.08, -7.69), endpoint_to_frontier=0.000 m, limit=0.10 m -> usable
[controller_server-9] [INFO] [1790835088.294004136] [controller_server]: Passing new path to controller.
[INFO] [1790835089.256205169] [mapex_explorer]: Main /plan diagnostic: poses=521, endpoint=(9.08, -7.69), frontier=(9.08, -7.69), endpoint_to_frontier=0.000 m, limit=0.10 m -> usable
[controller_server-9] [INFO] [1790835089.294039459] [controller_server]: Passing new path to controller.
[controller_server-9] [INFO] [1790835090.294025082] [controller_server]: Passing new path to controller.
[INFO] [1790835090.332530547] [mapex_explorer]: Main /plan diagnostic: poses=511, endpoint=(9.08, -7.69), frontier=(9.08, -7.69), endpoint_to_frontier=0.000 m, limit=0.10 m -> usable
[INFO] [1790835091.325805183] [mapex_explorer]: Main /plan diagnostic: poses=501, endpoint=(9.08, -7.69), frontier=(9.08, -7.69), endpoint_to_frontier=0.000 m, limit=0.10 m -> usable
[controller_server-9] [INFO] [1790835091.360637326] [controller_server]: Passing new path to controller.
[INFO] [1790835092.335814791] [mapex_explorer]: Main /plan diagnostic: poses=491, endpoint=(9.08, -7.69), frontier=(9.08, -7.69), endpoint_to_frontier=0.000 m, limit=0.10 m -> usable
[controller_server-9] [INFO] [1790835092.360643558] [controller_server]: Passing new path to controller.
[INFO] [1790835093.352186095] [mapex_explorer]: Main /plan diagnostic: poses=481, endpoint=(9.08, -7.69), frontier=(9.08, -7.69), endpoint_to_frontier=0.000 m, limit=0.10 m -> usable
[controller_server-9] [INFO] [1790835093.360633291] [controller_server]: Passing new path to controller.
[INFO] [1790835094.406012534] [mapex_explorer]: Main /plan diagnostic: poses=469, endpoint=(9.08, -7.69), frontier=(9.08, -7.69), endpoint_to_frontier=0.000 m, limit=0.10 m -> usable
[controller_server-9] [INFO] [1790835094.427627236] [controller_server]: Passing new path to controller.
[controller_server-9] [INFO] [1790835095.427344601] [controller_server]: Passing new path to controller.
[INFO] [1790835095.435790245] [mapex_explorer]: Main /plan diagnostic: poses=459, endpoint=(9.08, -7.69), frontier=(9.08, -7.69), endpoint_to_frontier=0.000 m, limit=0.10 m -> usable
[INFO] [1790835096.448354962] [mapex_explorer]: Main /plan diagnostic: poses=449, endpoint=(9.08, -7.69), frontier=(9.08, -7.69), endpoint_to_frontier=0.000 m, limit=0.10 m -> usable
[controller_server-9] [INFO] [1790835096.494001461] [controller_server]: Passing new path to controller.
[controller_server-9] [INFO] [1790835097.494010397] [controller_server]: Passing new path to controller.
[INFO] [1790835097.507957299] [mapex_explorer]: Main /plan diagnostic: poses=439, endpoint=(9.08, -7.69), frontier=(9.08, -7.69), endpoint_to_frontier=0.000 m, limit=0.10 m -> usable
[INFO] [1790835098.506181283] [mapex_explorer]: Main /plan diagnostic: poses=429, endpoint=(9.08, -7.69), frontier=(9.08, -7.69), endpoint_to_frontier=0.000 m, limit=0.10 m -> usable
[controller_server-9] [INFO] [1790835098.560634306] [controller_server]: Passing new path to controller.
[controller_server-9] [INFO] [1790835099.560631948] [controller_server]: Passing new path to controller.
[INFO] [1790835099.625852741] [mapex_explorer]: Main /plan diagnostic: poses=419, endpoint=(9.08, -7.69), frontier=(9.08, -7.69), endpoint_to_frontier=0.000 m, limit=0.10 m -> usable
[INFO] [1790835100.552175299] [mapex_explorer]: Main /plan diagnostic: poses=409, endpoint=(9.08, -7.69), frontier=(9.08, -7.69), endpoint_to_frontier=0.000 m, limit=0.10 m -> usable
[controller_server-9] [INFO] [1790835100.560629591] [controller_server]: Passing new path to controller.
[INFO] [1790835101.582388699] [mapex_explorer]: Main /plan diagnostic: poses=399, endpoint=(9.08, -7.69), frontier=(9.08, -7.69), endpoint_to_frontier=0.000 m, limit=0.10 m -> usable
[controller_server-9] [INFO] [1790835101.627331782] [controller_server]: Passing new path to controller.
[controller_server-9] [INFO] [1790835102.627331441] [controller_server]: Passing new path to controller.
[INFO] [1790835102.670127008] [mapex_explorer]: Main /plan diagnostic: poses=389, endpoint=(9.08, -7.69), frontier=(9.08, -7.69), endpoint_to_frontier=0.000 m, limit=0.10 m -> usable
[INFO] [1790835103.677123667] [mapex_explorer]: Main /plan diagnostic: poses=379, endpoint=(9.08, -7.69), frontier=(9.08, -7.69), endpoint_to_frontier=0.000 m, limit=0.10 m -> usable
[controller_server-9] [INFO] [1790835103.694005500] [controller_server]: Passing new path to controller.
[controller_server-9] [INFO] [1790835104.694015035] [controller_server]: Passing new path to controller.
[INFO] [1790835104.694440409] [mapex_explorer]: Main /plan diagnostic: poses=369, endpoint=(9.08, -7.69), frontier=(9.08, -7.69), endpoint_to_frontier=0.000 m, limit=0.10 m -> usable
[INFO] [1790835105.717873042] [mapex_explorer]: Main /plan diagnostic: poses=359, endpoint=(9.08, -7.69), frontier=(9.08, -7.69), endpoint_to_frontier=0.000 m, limit=0.10 m -> usable
[controller_server-9] [INFO] [1790835105.760637308] [controller_server]: Passing new path to controller.
[INFO] [1790835106.757330531] [mapex_explorer]: Main /plan diagnostic: poses=349, endpoint=(9.08, -7.69), frontier=(9.08, -7.69), endpoint_to_frontier=0.000 m, limit=0.10 m -> usable
[controller_server-9] [INFO] [1790835106.760686461] [controller_server]: Passing new path to controller.
[INFO] [1790835107.753734971] [mapex_explorer]: Main /plan diagnostic: poses=338, endpoint=(9.08, -7.69), frontier=(9.08, -7.69), endpoint_to_frontier=0.000 m, limit=0.10 m -> usable
[controller_server-9] [INFO] [1790835107.760631809] [controller_server]: Passing new path to controller.
[controller_server-9] [INFO] [1790835108.827342670] [controller_server]: Passing new path to controller.
[INFO] [1790835108.908902779] [mapex_explorer]: Main /plan diagnostic: poses=329, endpoint=(9.08, -7.69), frontier=(9.08, -7.69), endpoint_to_frontier=0.000 m, limit=0.10 m -> usable
[INFO] [1790835109.788944965] [mapex_explorer]: Main /plan diagnostic: poses=322, endpoint=(9.08, -7.69), frontier=(9.08, -7.69), endpoint_to_frontier=0.000 m, limit=0.10 m -> usable
[controller_server-9] [INFO] [1790835109.827361659] [controller_server]: Passing new path to controller.
[INFO] [1790835110.887436392] [mapex_explorer]: Main /plan diagnostic: poses=306, endpoint=(9.08, -7.69), frontier=(9.08, -7.69), endpoint_to_frontier=0.000 m, limit=0.10 m -> usable
[controller_server-9] [INFO] [1790835110.894005228] [controller_server]: Passing new path to controller.
[async_slam_toolbox_node-8] W20261001 13:11:50.920924 30090 preprocessor.cc:67] Specified options.num_threads: 50 exceeds maximum available from the threading model Ceres was compiled with: 16.  Bounding to maximum number available.
[async_slam_toolbox_node-8] [INFO] [1790835110.943835165] [slam_toolbox]: Adaptive anchor summary: latest_node=2678, local_edges=2746, loop_history=1, avg_effective_weight=1.105, release_regions=0
[controller_server-9] [INFO] [1790835111.528117192] [local_costmap.local_costmap]: StaticLayer: Resizing static layer to 561 X 252 at 0.100000 m/pix
[INFO] [1790835111.839220970] [mapex_explorer]: Main /plan diagnostic: poses=301, endpoint=(9.08, -7.69), frontier=(9.08, -7.69), endpoint_to_frontier=0.000 m, limit=0.10 m -> usable
[controller_server-9] [INFO] [1790835111.894010651] [controller_server]: Passing new path to controller.
[planner_server-11] [INFO] [1790835112.189144308] [global_costmap.global_costmap]: StaticLayer: Resizing costmap to 561 X 252 at 0.100000 m/pix
[controller_server-9] [INFO] [1790835112.894024824] [controller_server]: Passing new path to controller.
[INFO] [1790835113.032313371] [mapex_explorer]: Main /plan diagnostic: poses=290, endpoint=(9.08, -7.69), frontier=(9.08, -7.69), endpoint_to_frontier=0.000 m, limit=0.10 m -> usable
[INFO] [1790835113.909004438] [mapex_explorer]: Main /plan diagnostic: poses=278, endpoint=(9.08, -7.69), frontier=(9.08, -7.69), endpoint_to_frontier=0.000 m, limit=0.10 m -> usable
[controller_server-9] [INFO] [1790835113.960665576] [controller_server]: Passing new path to controller.
[INFO] [1790835114.916361951] [mapex_explorer]: Main /plan diagnostic: poses=267, endpoint=(9.08, -7.69), frontier=(9.08, -7.69), endpoint_to_frontier=0.000 m, limit=0.10 m -> usable
[controller_server-9] [INFO] [1790835114.960634270] [controller_server]: Passing new path to controller.
[async_slam_toolbox_node-8] W20261001 13:11:55.189004 30090 preprocessor.cc:67] Specified options.num_threads: 50 exceeds maximum available from the threading model Ceres was compiled with: 16.  Bounding to maximum number available.
[controller_server-9] [INFO] [1790835115.528121197] [local_costmap.local_costmap]: StaticLayer: Resizing static layer to 561 X 252 at 0.100000 m/pix
[INFO] [1790835115.949118932] [mapex_explorer]: Main /plan diagnostic: poses=256, endpoint=(9.08, -7.69), frontier=(9.08, -7.69), endpoint_to_frontier=0.000 m, limit=0.10 m -> usable
[controller_server-9] [INFO] [1790835115.960637477] [controller_server]: Passing new path to controller.
[planner_server-11] [INFO] [1790835116.189097999] [global_costmap.global_costmap]: StaticLayer: Resizing costmap to 561 X 252 at 0.100000 m/pix
[controller_server-9] [INFO] [1790835117.027331545] [controller_server]: Passing new path to controller.
[INFO] [1790835117.106112109] [mapex_explorer]: Main /plan diagnostic: poses=248, endpoint=(9.08, -7.69), frontier=(9.08, -7.69), endpoint_to_frontier=0.000 m, limit=0.10 m -> usable
[controller_server-9] [INFO] [1790835118.027294083] [controller_server]: Passing new path to controller.
[INFO] [1790835118.055962973] [mapex_explorer]: Main /plan diagnostic: poses=239, endpoint=(9.08, -7.69), frontier=(9.08, -7.69), endpoint_to_frontier=0.000 m, limit=0.10 m -> usable
[async_slam_toolbox_node-8] W20261001 13:11:58.868636 30090 preprocessor.cc:67] Specified options.num_threads: 50 exceeds maximum available from the threading model Ceres was compiled with: 16.  Bounding to maximum number available.
[INFO] [1790835119.033901743] [mapex_explorer]: Main /plan diagnostic: poses=226, endpoint=(9.08, -7.69), frontier=(9.08, -7.69), endpoint_to_frontier=0.000 m, limit=0.10 m -> usable
[controller_server-9] [INFO] [1790835119.094026267] [controller_server]: Passing new path to controller.
[INFO] [1790835120.049164938] [mapex_explorer]: Main /plan diagnostic: poses=216, endpoint=(9.08, -7.69), frontier=(9.08, -7.69), endpoint_to_frontier=0.000 m, limit=0.10 m -> usable
[controller_server-9] [INFO] [1790835120.094000727] [controller_server]: Passing new path to controller.
[INFO] [1790835121.085045936] [mapex_explorer]: Main /plan diagnostic: poses=206, endpoint=(9.08, -7.69), frontier=(9.08, -7.69), endpoint_to_frontier=0.000 m, limit=0.10 m -> usable
[controller_server-9] [INFO] [1790835121.094026761] [controller_server]: Passing new path to controller.
[INFO] [1790835122.116939415] [mapex_explorer]: Main /plan diagnostic: poses=196, endpoint=(9.08, -7.69), frontier=(9.08, -7.69), endpoint_to_frontier=0.000 m, limit=0.10 m -> usable
[async_slam_toolbox_node-8] W20261001 13:12:02.146544 30090 preprocessor.cc:67] Specified options.num_threads: 50 exceeds maximum available from the threading model Ceres was compiled with: 16.  Bounding to maximum number available.
[controller_server-9] [INFO] [1790835122.160645353] [controller_server]: Passing new path to controller.
[controller_server-9] [INFO] [1790835122.528125077] [local_costmap.local_costmap]: StaticLayer: Resizing static layer to 561 X 252 at 0.100000 m/pix
[controller_server-9] [INFO] [1790835123.160631282] [controller_server]: Passing new path to controller.
[planner_server-11] [INFO] [1790835123.189098807] [global_costmap.global_costmap]: StaticLayer: Resizing costmap to 561 X 252 at 0.100000 m/pix
[INFO] [1790835123.217998632] [mapex_explorer]: Main /plan diagnostic: poses=186, endpoint=(9.08, -7.69), frontier=(9.08, -7.69), endpoint_to_frontier=0.000 m, limit=0.10 m -> usable
[INFO] [1790835124.157796771] [mapex_explorer]: Main /plan diagnostic: poses=177, endpoint=(9.08, -7.69), frontier=(9.08, -7.69), endpoint_to_frontier=0.000 m, limit=0.10 m -> usable
[controller_server-9] [INFO] [1790835124.227360557] [controller_server]: Passing new path to controller.
[INFO] [1790835125.197206652] [mapex_explorer]: Main /plan diagnostic: poses=166, endpoint=(9.08, -7.69), frontier=(9.08, -7.69), endpoint_to_frontier=0.000 m, limit=0.10 m -> usable
[controller_server-9] [INFO] [1790835125.227333515] [controller_server]: Passing new path to controller.
[controller_server-9] [INFO] [1790835126.227339561] [controller_server]: Passing new path to controller.
[INFO] [1790835126.232150391] [mapex_explorer]: Main /plan diagnostic: poses=156, endpoint=(9.08, -7.69), frontier=(9.08, -7.69), endpoint_to_frontier=0.000 m, limit=0.10 m -> usable
[controller_server-9] [INFO] [1790835127.294462133] [controller_server]: Passing new path to controller.
[INFO] [1790835127.299023293] [mapex_explorer]: Main /plan diagnostic: poses=146, endpoint=(9.08, -7.69), frontier=(9.08, -7.69), endpoint_to_frontier=0.000 m, limit=0.10 m -> usable
[controller_server-9] [INFO] [1790835128.294033735] [controller_server]: Passing new path to controller.
[INFO] [1790835128.312880819] [mapex_explorer]: Main /plan diagnostic: poses=137, endpoint=(9.08, -7.69), frontier=(9.08, -7.69), endpoint_to_frontier=0.000 m, limit=0.10 m -> usable
[controller_server-9] [INFO] [1790835129.293998112] [controller_server]: Passing new path to controller.
[INFO] [1790835129.405564657] [mapex_explorer]: Main /plan diagnostic: poses=127, endpoint=(9.08, -7.69), frontier=(9.08, -7.69), endpoint_to_frontier=0.000 m, limit=0.10 m -> usable
[INFO] [1790835130.338841465] [mapex_explorer]: Main /plan diagnostic: poses=116, endpoint=(9.08, -7.69), frontier=(9.08, -7.69), endpoint_to_frontier=0.000 m, limit=0.10 m -> usable
[controller_server-9] [INFO] [1790835130.360634522] [controller_server]: Passing new path to controller.
[INFO] [1790835131.304299689] [mapex_explorer]: Main /plan diagnostic: poses=106, endpoint=(9.08, -7.69), frontier=(9.08, -7.69), endpoint_to_frontier=0.000 m, limit=0.10 m -> usable
[controller_server-9] [INFO] [1790835131.360668584] [controller_server]: Passing new path to controller.
[controller_server-9] [INFO] [1790835132.360629986] [controller_server]: Passing new path to controller.
[INFO] [1790835132.394299458] [mapex_explorer]: Main /plan diagnostic: poses=98, endpoint=(9.08, -7.69), frontier=(9.08, -7.69), endpoint_to_frontier=0.000 m, limit=0.10 m -> usable
[INFO] [1790835133.366864580] [mapex_explorer]: Main /plan diagnostic: poses=87, endpoint=(9.08, -7.69), frontier=(9.08, -7.69), endpoint_to_frontier=0.000 m, limit=0.10 m -> usable
[controller_server-9] [INFO] [1790835133.427334510] [controller_server]: Passing new path to controller.
[controller_server-9] [INFO] [1790835134.427336875] [controller_server]: Passing new path to controller.
[INFO] [1790835134.438132674] [mapex_explorer]: Main /plan diagnostic: poses=80, endpoint=(9.08, -7.69), frontier=(9.08, -7.69), endpoint_to_frontier=0.000 m, limit=0.10 m -> usable
[INFO] [1790835135.413526706] [mapex_explorer]: Main /plan diagnostic: poses=72, endpoint=(9.08, -7.69), frontier=(9.08, -7.69), endpoint_to_frontier=0.000 m, limit=0.10 m -> usable
[controller_server-9] [INFO] [1790835135.493998398] [controller_server]: Passing new path to controller.
[INFO] [1790835136.435424381] [mapex_explorer]: Main /plan diagnostic: poses=62, endpoint=(9.08, -7.69), frontier=(9.08, -7.69), endpoint_to_frontier=0.000 m, limit=0.10 m -> usable
[controller_server-9] [INFO] [1790835136.494018119] [controller_server]: Passing new path to controller.
[INFO] [1790835137.454195139] [mapex_explorer]: Main /plan diagnostic: poses=50, endpoint=(9.08, -7.69), frontier=(9.08, -7.69), endpoint_to_frontier=0.000 m, limit=0.10 m -> usable
[controller_server-9] [INFO] [1790835137.494006807] [controller_server]: Passing new path to controller.
[INFO] [1790835138.483762333] [mapex_explorer]: Main /plan diagnostic: poses=41, endpoint=(9.08, -7.69), frontier=(9.08, -7.69), endpoint_to_frontier=0.000 m, limit=0.10 m -> usable
[controller_server-9] [INFO] [1790835138.560636120] [controller_server]: Passing new path to controller.
[INFO] [1790835139.505084825] [mapex_explorer]: Main /plan diagnostic: poses=31, endpoint=(9.08, -7.69), frontier=(9.08, -7.69), endpoint_to_frontier=0.000 m, limit=0.10 m -> usable
[controller_server-9] [INFO] [1790835139.560952661] [controller_server]: Passing new path to controller.
[controller_server-9] [INFO] [1790835140.528095497] [local_costmap.local_costmap]: StaticLayer: Resizing static layer to 561 X 252 at 0.100000 m/pix
[INFO] [1790835140.533645535] [mapex_explorer]: Main /plan diagnostic: poses=27, endpoint=(9.08, -7.69), frontier=(9.08, -7.69), endpoint_to_frontier=0.000 m, limit=0.10 m -> usable
[controller_server-9] [INFO] [1790835140.560633322] [controller_server]: Passing new path to controller.
[planner_server-11] [INFO] [1790835141.189093959] [global_costmap.global_costmap]: StaticLayer: Resizing costmap to 561 X 252 at 0.100000 m/pix
[INFO] [1790835141.562683743] [mapex_explorer]: Main /plan diagnostic: poses=15, endpoint=(9.08, -7.69), frontier=(9.08, -7.69), endpoint_to_frontier=0.000 m, limit=0.10 m -> usable
[controller_server-9] [INFO] [1790835141.627366416] [controller_server]: Passing new path to controller.
[INFO] [1790835142.582345012] [mapex_explorer]: Main /plan diagnostic: poses=10, endpoint=(9.08, -7.69), frontier=(9.08, -7.69), endpoint_to_frontier=0.000 m, limit=0.10 m -> usable
[controller_server-9] [INFO] [1790835142.627395749] [controller_server]: Passing new path to controller.
[controller_server-9] [INFO] [1790835143.029326709] [controller_server]: Reached the goal!
[controller_server-9] [INFO] [1790835143.029527446] [controller_server]: Optimizer reset
[bt_navigator-14] [INFO] [1790835143.049989848] [bt_navigator]: Goal succeeded
[INFO] [1790835143.051838715] [mapex_explorer]: Goal reached
[INFO] [1790835151.980050306] [mapex_explorer]: MapEx decision 31: selected x=11.48, y=-7.69, IG=3.297650, distance=2.34 m, score=1.407081, region=26, candidates=18, near_fallback=False, compute=7.99 s
[bt_navigator-14] [INFO] [1790835151.981312268] [bt_navigator]: Begin navigating from current location (9.16, -8.02) to (11.48, -7.69)
[controller_server-9] [INFO] [1790835152.001907935] [controller_server]: Received a goal, begin computing control effort.
[INFO] [1790835152.354999013] [mapex_explorer]: Main goal accepted
[INFO] [1790835152.497768148] [mapex_explorer]: Main /plan diagnostic: poses=148, endpoint=(11.48, -7.69), frontier=(11.48, -7.69), endpoint_to_frontier=0.000 m, limit=0.10 m -> usable
[INFO] [1790835153.018226746] [mapex_explorer]: Main /plan diagnostic: poses=144, endpoint=(11.48, -7.69), frontier=(11.48, -7.69), endpoint_to_frontier=0.000 m, limit=0.10 m -> usable
[controller_server-9] [INFO] [1790835153.068750978] [controller_server]: Passing new path to controller.
[INFO] [1790835154.052781597] [mapex_explorer]: Main /plan diagnostic: poses=138, endpoint=(11.48, -7.69), frontier=(11.48, -7.69), endpoint_to_frontier=0.000 m, limit=0.10 m -> usable
[controller_server-9] [INFO] [1790835154.068704545] [controller_server]: Passing new path to controller.
[controller_server-9] [INFO] [1790835155.135361335] [controller_server]: Passing new path to controller.
[INFO] [1790835155.171244260] [mapex_explorer]: Main /plan diagnostic: poses=135, endpoint=(11.48, -7.69), frontier=(11.48, -7.69), endpoint_to_frontier=0.000 m, limit=0.10 m -> usable
[controller_server-9] [INFO] [1790835156.135369645] [controller_server]: Passing new path to controller.
[INFO] [1790835156.194022641] [mapex_explorer]: Main /plan diagnostic: poses=134, endpoint=(11.48, -7.69), frontier=(11.48, -7.69), endpoint_to_frontier=0.000 m, limit=0.10 m -> usable
[controller_server-9] [INFO] [1790835157.136393885] [controller_server]: Passing new path to controller.
[INFO] [1790835157.138790923] [mapex_explorer]: Main /plan diagnostic: poses=131, endpoint=(11.48, -7.69), frontier=(11.48, -7.69), endpoint_to_frontier=0.000 m, limit=0.10 m -> usable
[controller_server-9] [INFO] [1790835158.202029512] [controller_server]: Passing new path to controller.
[INFO] [1790835158.251577745] [mapex_explorer]: Main /plan diagnostic: poses=119, endpoint=(11.48, -7.69), frontier=(11.48, -7.69), endpoint_to_frontier=0.000 m, limit=0.10 m -> usable
[INFO] [1790835159.184545583] [mapex_explorer]: Main /plan diagnostic: poses=108, endpoint=(11.48, -7.69), frontier=(11.48, -7.69), endpoint_to_frontier=0.000 m, limit=0.10 m -> usable
[controller_server-9] [INFO] [1790835159.202027974] [controller_server]: Passing new path to controller.
[INFO] [1790835160.213192785] [mapex_explorer]: Main /plan diagnostic: poses=99, endpoint=(11.48, -7.69), frontier=(11.48, -7.69), endpoint_to_frontier=0.000 m, limit=0.10 m -> usable
[controller_server-9] [INFO] [1790835160.268695598] [controller_server]: Passing new path to controller.
[INFO] [1790835161.253059026] [mapex_explorer]: Main /plan diagnostic: poses=89, endpoint=(11.48, -7.69), frontier=(11.48, -7.69), endpoint_to_frontier=0.000 m, limit=0.10 m -> usable
[controller_server-9] [INFO] [1790835161.268698072] [controller_server]: Passing new path to controller.
[INFO] [1790835162.250218617] [mapex_explorer]: Main /plan diagnostic: poses=79, endpoint=(11.48, -7.69), frontier=(11.48, -7.69), endpoint_to_frontier=0.000 m, limit=0.10 m -> usable
[controller_server-9] [INFO] [1790835162.268699916] [controller_server]: Passing new path to controller.
[INFO] [1790835163.277158173] [mapex_explorer]: Main /plan diagnostic: poses=68, endpoint=(11.48, -7.69), frontier=(11.48, -7.69), endpoint_to_frontier=0.000 m, limit=0.10 m -> usable
[controller_server-9] [INFO] [1790835163.335367846] [controller_server]: Passing new path to controller.
[INFO] [1790835164.304851710] [mapex_explorer]: Main /plan diagnostic: poses=58, endpoint=(11.48, -7.69), frontier=(11.48, -7.69), endpoint_to_frontier=0.000 m, limit=0.10 m -> usable
[controller_server-9] [INFO] [1790835164.335386344] [controller_server]: Passing new path to controller.
[INFO] [1790835165.340611967] [mapex_explorer]: Main /plan diagnostic: poses=47, endpoint=(11.48, -7.69), frontier=(11.48, -7.69), endpoint_to_frontier=0.000 m, limit=0.10 m -> usable
[controller_server-9] [INFO] [1790835165.402027985] [controller_server]: Passing new path to controller.
[INFO] [1790835166.373264238] [mapex_explorer]: Main /plan diagnostic: poses=35, endpoint=(11.48, -7.69), frontier=(11.48, -7.69), endpoint_to_frontier=0.000 m, limit=0.10 m -> usable
[controller_server-9] [INFO] [1790835166.402028126] [controller_server]: Passing new path to controller.
[INFO] [1790835167.376537568] [mapex_explorer]: Main /plan diagnostic: poses=28, endpoint=(11.48, -7.69), frontier=(11.48, -7.69), endpoint_to_frontier=0.000 m, limit=0.10 m -> usable
[controller_server-9] [INFO] [1790835167.402030599] [controller_server]: Passing new path to controller.
[INFO] [1790835168.421667753] [mapex_explorer]: Main /plan diagnostic: poses=18, endpoint=(11.48, -7.69), frontier=(11.48, -7.69), endpoint_to_frontier=0.000 m, limit=0.10 m -> usable
[controller_server-9] [INFO] [1790835168.468703857] [controller_server]: Passing new path to controller.
[INFO] [1790835169.424053549] [mapex_explorer]: Main /plan diagnostic: poses=12, endpoint=(11.48, -7.69), frontier=(11.48, -7.69), endpoint_to_frontier=0.000 m, limit=0.10 m -> usable
[controller_server-9] [INFO] [1790835169.468729644] [controller_server]: Passing new path to controller.
[INFO] [1790835170.453888570] [mapex_explorer]: Main /plan diagnostic: poses=5, endpoint=(11.48, -7.69), frontier=(11.48, -7.69), endpoint_to_frontier=0.000 m, limit=0.10 m -> usable
[controller_server-9] [INFO] [1790835170.471696722] [controller_server]: Reached the goal!
[controller_server-9] [INFO] [1790835170.471934524] [controller_server]: Optimizer reset
[controller_server-9] [INFO] [1790835170.472015905] [controller_server]: Received a goal, begin computing control effort.
[controller_server-9] [INFO] [1790835170.476630035] [controller_server]: Reached the goal!
[controller_server-9] [INFO] [1790835170.476762624] [controller_server]: Optimizer reset
[bt_navigator-14] [INFO] [1790835170.511747116] [bt_navigator]: Goal succeeded
[INFO] [1790835170.598499397] [mapex_explorer]: Goal reached
[INFO] [1790835177.825516272] [mapex_explorer]: MapEx decision 32: selected x=8.68, y=11.81, IG=18.432198, distance=19.46 m, score=0.947118, region=43, candidates=18, near_fallback=False, compute=6.83 s
[bt_navigator-14] [INFO] [1790835177.826324844] [bt_navigator]: Begin navigating from current location (11.72, -7.42) to (8.68, 11.81)
[controller_server-9] [INFO] [1790835177.847144381] [controller_server]: Received a goal, begin computing control effort.
[INFO] [1790835178.379263617] [mapex_explorer]: Main goal accepted
[INFO] [1790835178.576086166] [mapex_explorer]: Main /plan diagnostic: poses=734, endpoint=(8.68, 11.81), frontier=(8.68, 11.81), endpoint_to_frontier=0.000 m, limit=0.10 m -> usable
[controller_server-9] [INFO] [1790835178.913953915] [controller_server]: Passing new path to controller.
[INFO] [1790835178.943774330] [mapex_explorer]: Main /plan diagnostic: poses=727, endpoint=(8.68, 11.81), frontier=(8.68, 11.81), endpoint_to_frontier=0.000 m, limit=0.10 m -> usable
[controller_server-9] [INFO] [1790835179.913961731] [controller_server]: Passing new path to controller.
[INFO] [1790835179.938152124] [mapex_explorer]: Main /plan diagnostic: poses=729, endpoint=(8.68, 11.81), frontier=(8.68, 11.81), endpoint_to_frontier=0.000 m, limit=0.10 m -> usable
[INFO] [1790835180.975436343] [mapex_explorer]: Main /plan diagnostic: poses=726, endpoint=(8.68, 11.81), frontier=(8.68, 11.81), endpoint_to_frontier=0.000 m, limit=0.10 m -> usable
[controller_server-9] [INFO] [1790835180.980621090] [controller_server]: Passing new path to controller.
[INFO] [1790835181.974149437] [mapex_explorer]: Main /plan diagnostic: poses=720, endpoint=(8.68, 11.81), frontier=(8.68, 11.81), endpoint_to_frontier=0.000 m, limit=0.10 m -> usable
[controller_server-9] [INFO] [1790835181.980668756] [controller_server]: Passing new path to controller.
[INFO] [1790835182.996339848] [mapex_explorer]: Main /plan diagnostic: poses=708, endpoint=(8.68, 11.81), frontier=(8.68, 11.81), endpoint_to_frontier=0.000 m, limit=0.10 m -> usable
[controller_server-9] [INFO] [1790835183.047282586] [controller_server]: Passing new path to controller.
[INFO] [1790835184.047366062] [mapex_explorer]: Main /plan diagnostic: poses=697, endpoint=(8.68, 11.81), frontier=(8.68, 11.81), endpoint_to_frontier=0.000 m, limit=0.10 m -> usable
[controller_server-9] [INFO] [1790835184.047308442] [controller_server]: Passing new path to controller.
[controller_server-9] [INFO] [1790835185.047294111] [controller_server]: Passing new path to controller.
[INFO] [1790835185.092648626] [mapex_explorer]: Main /plan diagnostic: poses=685, endpoint=(8.68, 11.81), frontier=(8.68, 11.81), endpoint_to_frontier=0.000 m, limit=0.10 m -> usable
[INFO] [1790835186.102343028] [mapex_explorer]: Main /plan diagnostic: poses=677, endpoint=(8.68, 11.81), frontier=(8.68, 11.81), endpoint_to_frontier=0.000 m, limit=0.10 m -> usable
[controller_server-9] [INFO] [1790835186.113955184] [controller_server]: Passing new path to controller.
[async_slam_toolbox_node-8] W20261001 13:13:06.460824 30090 preprocessor.cc:67] Specified options.num_threads: 50 exceeds maximum available from the threading model Ceres was compiled with: 16.  Bounding to maximum number available.
[async_slam_toolbox_node-8] [INFO] [1790835186.475218905] [slam_toolbox]: Adaptive anchor summary: latest_node=2848, local_edges=2921, loop_history=0, avg_effective_weight=1.099, release_regions=0
[controller_server-9] [INFO] [1790835187.113956104] [controller_server]: Passing new path to controller.
[INFO] [1790835187.131646833] [mapex_explorer]: Main /plan diagnostic: poses=665, endpoint=(8.68, 11.81), frontier=(8.68, 11.81), endpoint_to_frontier=0.000 m, limit=0.10 m -> usable
[controller_server-9] [INFO] [1790835187.530661433] [local_costmap.local_costmap]: StaticLayer: Resizing static layer to 561 X 252 at 0.100000 m/pix
[INFO] [1790835188.132232056] [mapex_explorer]: Main /plan diagnostic: poses=657, endpoint=(8.68, 11.81), frontier=(8.68, 11.81), endpoint_to_frontier=0.000 m, limit=0.10 m -> usable
[controller_server-9] [INFO] [1790835188.180623567] [controller_server]: Passing new path to controller.
[planner_server-11] [INFO] [1790835188.189088876] [global_costmap.global_costmap]: StaticLayer: Resizing costmap to 561 X 252 at 0.100000 m/pix
[INFO] [1790835189.169670976] [mapex_explorer]: Main /plan diagnostic: poses=645, endpoint=(8.68, 11.81), frontier=(8.68, 11.81), endpoint_to_frontier=0.000 m, limit=0.10 m -> usable
[controller_server-9] [INFO] [1790835189.180647402] [controller_server]: Passing new path to controller.
[controller_server-9] [INFO] [1790835190.180654698] [controller_server]: Passing new path to controller.
[INFO] [1790835190.275805955] [mapex_explorer]: Main /plan diagnostic: poses=638, endpoint=(8.68, 11.81), frontier=(8.68, 11.81), endpoint_to_frontier=0.000 m, limit=0.10 m -> usable
[controller_server-9] [INFO] [1790835191.247284977] [controller_server]: Passing new path to controller.
[INFO] [1790835191.285914373] [mapex_explorer]: Main /plan diagnostic: poses=627, endpoint=(8.68, 11.81), frontier=(8.68, 11.81), endpoint_to_frontier=0.000 m, limit=0.10 m -> usable
[INFO] [1790835192.313040059] [mapex_explorer]: Main /plan diagnostic: poses=614, endpoint=(8.68, 11.81), frontier=(8.68, 11.81), endpoint_to_frontier=0.000 m, limit=0.10 m -> usable
[controller_server-9] [INFO] [1790835192.313954020] [controller_server]: Passing new path to controller.
[INFO] [1790835193.281072829] [mapex_explorer]: Main /plan diagnostic: poses=605, endpoint=(8.68, 11.81), frontier=(8.68, 11.81), endpoint_to_frontier=0.000 m, limit=0.10 m -> usable
[controller_server-9] [INFO] [1790835193.313949611] [controller_server]: Passing new path to controller.
[controller_server-9] [INFO] [1790835194.313978234] [controller_server]: Passing new path to controller.
[INFO] [1790835194.346269212] [mapex_explorer]: Main /plan diagnostic: poses=597, endpoint=(8.68, 11.81), frontier=(8.68, 11.81), endpoint_to_frontier=0.000 m, limit=0.10 m -> usable
[INFO] [1790835195.331366676] [mapex_explorer]: Main /plan diagnostic: poses=587, endpoint=(8.68, 11.81), frontier=(8.68, 11.81), endpoint_to_frontier=0.000 m, limit=0.10 m -> usable
[controller_server-9] [INFO] [1790835195.380631483] [controller_server]: Passing new path to controller.
[INFO] [1790835196.361447103] [mapex_explorer]: Main /plan diagnostic: poses=576, endpoint=(8.68, 11.81), frontier=(8.68, 11.81), endpoint_to_frontier=0.000 m, limit=0.10 m -> usable
[controller_server-9] [INFO] [1790835196.380647839] [controller_server]: Passing new path to controller.
[async_slam_toolbox_node-8] W20261001 13:13:17.081964 30090 preprocessor.cc:67] Specified options.num_threads: 50 exceeds maximum available from the threading model Ceres was compiled with: 16.  Bounding to maximum number available.
[INFO] [1790835197.392702792] [mapex_explorer]: Main /plan diagnostic: poses=567, endpoint=(8.68, 11.81), frontier=(8.68, 11.81), endpoint_to_frontier=0.000 m, limit=0.10 m -> usable
[controller_server-9] [INFO] [1790835197.447307283] [controller_server]: Passing new path to controller.
[controller_server-9] [INFO] [1790835197.528106355] [local_costmap.local_costmap]: StaticLayer: Resizing static layer to 561 X 252 at 0.100000 m/pix
[planner_server-11] [INFO] [1790835198.189089990] [global_costmap.global_costmap]: StaticLayer: Resizing costmap to 561 X 252 at 0.100000 m/pix
[controller_server-9] [INFO] [1790835198.447285751] [controller_server]: Passing new path to controller.
[INFO] [1790835198.451970967] [mapex_explorer]: Main /plan diagnostic: poses=558, endpoint=(8.68, 11.81), frontier=(8.68, 11.81), endpoint_to_frontier=0.000 m, limit=0.10 m -> usable
[controller_server-9] [INFO] [1790835199.447281022] [controller_server]: Passing new path to controller.
[INFO] [1790835199.484282561] [mapex_explorer]: Main /plan diagnostic: poses=547, endpoint=(8.68, 11.81), frontier=(8.68, 11.81), endpoint_to_frontier=0.000 m, limit=0.10 m -> usable
[INFO] [1790835200.472485609] [mapex_explorer]: Main /plan diagnostic: poses=535, endpoint=(8.68, 11.81), frontier=(8.68, 11.81), endpoint_to_frontier=0.000 m, limit=0.10 m -> usable
[controller_server-9] [INFO] [1790835200.513970755] [controller_server]: Passing new path to controller.
[async_slam_toolbox_node-8] W20261001 13:13:20.564330 30090 preprocessor.cc:67] Specified options.num_threads: 50 exceeds maximum available from the threading model Ceres was compiled with: 16.  Bounding to maximum number available.
[controller_server-9] [INFO] [1790835201.513949513] [controller_server]: Passing new path to controller.
[controller_server-9] [INFO] [1790835201.528106136] [local_costmap.local_costmap]: StaticLayer: Resizing static layer to 561 X 252 at 0.100000 m/pix
[INFO] [1790835201.532732854] [mapex_explorer]: Main /plan diagnostic: poses=526, endpoint=(8.68, 11.81), frontier=(8.68, 11.81), endpoint_to_frontier=0.000 m, limit=0.10 m -> usable
[planner_server-11] [INFO] [1790835202.189092230] [global_costmap.global_costmap]: StaticLayer: Resizing costmap to 561 X 252 at 0.100000 m/pix
[controller_server-9] [INFO] [1790835202.580647561] [controller_server]: Passing new path to controller.
[INFO] [1790835202.647035055] [mapex_explorer]: Main /plan diagnostic: poses=515, endpoint=(8.68, 11.81), frontier=(8.68, 11.81), endpoint_to_frontier=0.000 m, limit=0.10 m -> usable
[controller_server-9] [INFO] [1790835203.580632312] [controller_server]: Passing new path to controller.
[INFO] [1790835203.634106504] [mapex_explorer]: Main /plan diagnostic: poses=506, endpoint=(8.68, 11.81), frontier=(8.68, 11.81), endpoint_to_frontier=0.000 m, limit=0.10 m -> usable
[INFO] [1790835204.641916932] [mapex_explorer]: Main /plan diagnostic: poses=495, endpoint=(8.68, 11.81), frontier=(8.68, 11.81), endpoint_to_frontier=0.000 m, limit=0.10 m -> usable
[controller_server-9] [INFO] [1790835204.647309137] [controller_server]: Passing new path to controller.
[INFO] [1790835205.632127991] [mapex_explorer]: Main /plan diagnostic: poses=486, endpoint=(8.68, 11.81), frontier=(8.68, 11.81), endpoint_to_frontier=0.000 m, limit=0.10 m -> usable
[controller_server-9] [INFO] [1790835205.647284958] [controller_server]: Passing new path to controller.
[controller_server-9] [INFO] [1790835206.647347586] [controller_server]: Passing new path to controller.
[INFO] [1790835206.710414376] [mapex_explorer]: Main /plan diagnostic: poses=475, endpoint=(8.68, 11.81), frontier=(8.68, 11.81), endpoint_to_frontier=0.000 m, limit=0.10 m -> usable
[INFO] [1790835207.685610836] [mapex_explorer]: Main /plan diagnostic: poses=466, endpoint=(8.68, 11.81), frontier=(8.68, 11.81), endpoint_to_frontier=0.000 m, limit=0.10 m -> usable
[controller_server-9] [INFO] [1790835207.713947399] [controller_server]: Passing new path to controller.
[controller_server-9] [INFO] [1790835208.713966589] [controller_server]: Passing new path to controller.
[INFO] [1790835208.746955182] [mapex_explorer]: Main /plan diagnostic: poses=455, endpoint=(8.68, 11.81), frontier=(8.68, 11.81), endpoint_to_frontier=0.000 m, limit=0.10 m -> usable
[INFO] [1790835209.746391669] [mapex_explorer]: Main /plan diagnostic: poses=447, endpoint=(8.68, 11.81), frontier=(8.68, 11.81), endpoint_to_frontier=0.000 m, limit=0.10 m -> usable
[controller_server-9] [INFO] [1790835209.780621053] [controller_server]: Passing new path to controller.
[controller_server-9] [INFO] [1790835210.780652815] [controller_server]: Passing new path to controller.
[INFO] [1790835210.818066522] [mapex_explorer]: Main /plan diagnostic: poses=438, endpoint=(8.68, 11.81), frontier=(8.68, 11.81), endpoint_to_frontier=0.000 m, limit=0.10 m -> usable
[INFO] [1790835211.799027211] [mapex_explorer]: Main /plan diagnostic: poses=426, endpoint=(8.68, 11.81), frontier=(8.68, 11.81), endpoint_to_frontier=0.000 m, limit=0.10 m -> usable
[controller_server-9] [INFO] [1790835211.847288244] [controller_server]: Passing new path to controller.
[controller_server-9] [INFO] [1790835212.847279996] [controller_server]: Passing new path to controller.
[INFO] [1790835212.918545651] [mapex_explorer]: Main /plan diagnostic: poses=418, endpoint=(8.68, 11.81), frontier=(8.68, 11.81), endpoint_to_frontier=0.000 m, limit=0.10 m -> usable
[INFO] [1790835213.862892994] [mapex_explorer]: Main /plan diagnostic: poses=406, endpoint=(8.68, 11.81), frontier=(8.68, 11.81), endpoint_to_frontier=0.000 m, limit=0.10 m -> usable
[controller_server-9] [INFO] [1790835213.913949605] [controller_server]: Passing new path to controller.
[INFO] [1790835214.896153305] [mapex_explorer]: Main /plan diagnostic: poses=395, endpoint=(8.68, 11.81), frontier=(8.68, 11.81), endpoint_to_frontier=0.000 m, limit=0.10 m -> usable
[controller_server-9] [INFO] [1790835214.913976180] [controller_server]: Passing new path to controller.
[controller_server-9] [INFO] [1790835215.913969746] [controller_server]: Passing new path to controller.
[INFO] [1790835216.009895838] [mapex_explorer]: Main /plan diagnostic: poses=387, endpoint=(8.68, 11.81), frontier=(8.68, 11.81), endpoint_to_frontier=0.000 m, limit=0.10 m -> usable
[controller_server-9] [INFO] [1790835216.980626992] [controller_server]: Passing new path to controller.
[INFO] [1790835217.013519437] [mapex_explorer]: Main /plan diagnostic: poses=375, endpoint=(8.68, 11.81), frontier=(8.68, 11.81), endpoint_to_frontier=0.000 m, limit=0.10 m -> usable
[INFO] [1790835217.953471745] [mapex_explorer]: Main /plan diagnostic: poses=367, endpoint=(8.68, 11.81), frontier=(8.68, 11.81), endpoint_to_frontier=0.000 m, limit=0.10 m -> usable
[controller_server-9] [INFO] [1790835217.980657929] [controller_server]: Passing new path to controller.
[INFO] [1790835218.982557404] [mapex_explorer]: Main /plan diagnostic: poses=355, endpoint=(8.68, 11.81), frontier=(8.68, 11.81), endpoint_to_frontier=0.000 m, limit=0.10 m -> usable
[controller_server-9] [INFO] [1790835219.047285606] [controller_server]: Passing new path to controller.
[INFO] [1790835220.029084650] [mapex_explorer]: Main /plan diagnostic: poses=347, endpoint=(8.68, 11.81), frontier=(8.68, 11.81), endpoint_to_frontier=0.000 m, limit=0.10 m -> usable
[controller_server-9] [INFO] [1790835220.047285475] [controller_server]: Passing new path to controller.
[controller_server-9] [INFO] [1790835221.047282568] [controller_server]: Passing new path to controller.
[INFO] [1790835221.071502022] [mapex_explorer]: Main /plan diagnostic: poses=335, endpoint=(8.68, 11.81), frontier=(8.68, 11.81), endpoint_to_frontier=0.000 m, limit=0.10 m -> usable
[controller_server-9] [INFO] [1790835222.113958923] [controller_server]: Passing new path to controller.
[INFO] [1790835222.118229684] [mapex_explorer]: Main /plan diagnostic: poses=326, endpoint=(8.68, 11.81), frontier=(8.68, 11.81), endpoint_to_frontier=0.000 m, limit=0.10 m -> usable
[INFO] [1790835223.075466102] [mapex_explorer]: Main /plan diagnostic: poses=315, endpoint=(8.68, 11.81), frontier=(8.68, 11.81), endpoint_to_frontier=0.000 m, limit=0.10 m -> usable
[controller_server-9] [INFO] [1790835223.113982591] [controller_server]: Passing new path to controller.
[INFO] [1790835224.109888751] [mapex_explorer]: Main /plan diagnostic: poses=306, endpoint=(8.68, 11.81), frontier=(8.68, 11.81), endpoint_to_frontier=0.000 m, limit=0.10 m -> usable
[controller_server-9] [INFO] [1790835224.113947124] [controller_server]: Passing new path to controller.
[INFO] [1790835225.164070750] [mapex_explorer]: Main /plan diagnostic: poses=295, endpoint=(8.68, 11.81), frontier=(8.68, 11.81), endpoint_to_frontier=0.000 m, limit=0.10 m -> usable
[controller_server-9] [INFO] [1790835225.180636624] [controller_server]: Passing new path to controller.
[controller_server-9] [INFO] [1790835226.180618721] [controller_server]: Passing new path to controller.
[INFO] [1790835226.190619708] [mapex_explorer]: Main /plan diagnostic: poses=286, endpoint=(8.68, 11.81), frontier=(8.68, 11.81), endpoint_to_frontier=0.000 m, limit=0.10 m -> usable
[async_slam_toolbox_node-8] W20261001 13:13:46.454604 30090 preprocessor.cc:67] Specified options.num_threads: 50 exceeds maximum available from the threading model Ceres was compiled with: 16.  Bounding to maximum number available.
[async_slam_toolbox_node-8] [INFO] [1790835226.491651418] [slam_toolbox]: Adaptive anchor summary: latest_node=2960, local_edges=3033, loop_history=0, avg_effective_weight=1.095, release_regions=0
[INFO] [1790835227.172964802] [mapex_explorer]: Main /plan diagnostic: poses=275, endpoint=(8.68, 11.81), frontier=(8.68, 11.81), endpoint_to_frontier=0.000 m, limit=0.10 m -> usable
[controller_server-9] [INFO] [1790835227.180612292] [controller_server]: Passing new path to controller.
[controller_server-9] [INFO] [1790835227.528128141] [local_costmap.local_costmap]: StaticLayer: Resizing static layer to 561 X 252 at 0.100000 m/pix
[planner_server-11] [INFO] [1790835228.189114844] [global_costmap.global_costmap]: StaticLayer: Resizing costmap to 561 X 252 at 0.100000 m/pix
[INFO] [1790835228.205971717] [mapex_explorer]: Main /plan diagnostic: poses=266, endpoint=(8.68, 11.81), frontier=(8.68, 11.81), endpoint_to_frontier=0.000 m, limit=0.10 m -> usable
[controller_server-9] [INFO] [1790835228.247284702] [controller_server]: Passing new path to controller.
[controller_server-9] [INFO] [1790835229.247337983] [controller_server]: Passing new path to controller.
[INFO] [1790835229.276181594] [mapex_explorer]: Main /plan diagnostic: poses=257, endpoint=(8.68, 11.81), frontier=(8.68, 11.81), endpoint_to_frontier=0.000 m, limit=0.10 m -> usable
[async_slam_toolbox_node-8] W20261001 13:13:50.216912 30090 preprocessor.cc:67] Specified options.num_threads: 50 exceeds maximum available from the threading model Ceres was compiled with: 16.  Bounding to maximum number available.
[INFO] [1790835230.253348091] [mapex_explorer]: Main /plan diagnostic: poses=248, endpoint=(8.68, 11.81), frontier=(8.68, 11.81), endpoint_to_frontier=0.000 m, limit=0.10 m -> usable
[controller_server-9] [INFO] [1790835230.313948644] [controller_server]: Passing new path to controller.
[controller_server-9] [INFO] [1790835230.528130322] [local_costmap.local_costmap]: StaticLayer: Resizing static layer to 561 X 252 at 0.100000 m/pix
[planner_server-11] [INFO] [1790835231.189280841] [global_costmap.global_costmap]: StaticLayer: Resizing costmap to 561 X 252 at 0.100000 m/pix
[INFO] [1790835231.284053267] [mapex_explorer]: Main /plan diagnostic: poses=235, endpoint=(8.68, 11.81), frontier=(8.68, 11.81), endpoint_to_frontier=0.000 m, limit=0.10 m -> usable
[controller_server-9] [INFO] [1790835231.313948786] [controller_server]: Passing new path to controller.
[INFO] [1790835232.293564766] [mapex_explorer]: Main /plan diagnostic: poses=228, endpoint=(8.68, 11.81), frontier=(8.68, 11.81), endpoint_to_frontier=0.000 m, limit=0.10 m -> usable
[controller_server-9] [INFO] [1790835232.313999060] [controller_server]: Passing new path to controller.
[INFO] [1790835233.378515867] [mapex_explorer]: Main /plan diagnostic: poses=215, endpoint=(8.68, 11.81), frontier=(8.68, 11.81), endpoint_to_frontier=0.000 m, limit=0.10 m -> usable
[controller_server-9] [INFO] [1790835233.380619459] [controller_server]: Passing new path to controller.
[INFO] [1790835234.358108542] [mapex_explorer]: Main /plan diagnostic: poses=204, endpoint=(8.68, 11.81), frontier=(8.68, 11.81), endpoint_to_frontier=0.000 m, limit=0.10 m -> usable
[controller_server-9] [INFO] [1790835234.380639616] [controller_server]: Passing new path to controller.
[INFO] [1790835235.394417442] [mapex_explorer]: Main /plan diagnostic: poses=197, endpoint=(8.68, 11.81), frontier=(8.68, 11.81), endpoint_to_frontier=0.000 m, limit=0.10 m -> usable
[controller_server-9] [INFO] [1790835235.447289807] [controller_server]: Passing new path to controller.
[INFO] [1790835236.414502053] [mapex_explorer]: Main /plan diagnostic: poses=185, endpoint=(8.68, 11.81), frontier=(8.68, 11.81), endpoint_to_frontier=0.000 m, limit=0.10 m -> usable
[controller_server-9] [INFO] [1790835236.447282436] [controller_server]: Passing new path to controller.
[INFO] [1790835237.437927806] [mapex_explorer]: Main /plan diagnostic: poses=176, endpoint=(8.68, 11.81), frontier=(8.68, 11.81), endpoint_to_frontier=0.000 m, limit=0.10 m -> usable
[controller_server-9] [INFO] [1790835237.513951925] [controller_server]: Passing new path to controller.
[INFO] [1790835238.490253352] [mapex_explorer]: Main /plan diagnostic: poses=165, endpoint=(8.68, 11.81), frontier=(8.68, 11.81), endpoint_to_frontier=0.000 m, limit=0.10 m -> usable
[controller_server-9] [INFO] [1790835238.513949263] [controller_server]: Passing new path to controller.
[INFO] [1790835239.488286068] [mapex_explorer]: Main /plan diagnostic: poses=155, endpoint=(8.68, 11.81), frontier=(8.68, 11.81), endpoint_to_frontier=0.000 m, limit=0.10 m -> usable
[controller_server-9] [INFO] [1790835239.513959981] [controller_server]: Passing new path to controller.
[INFO] [1790835240.514040541] [mapex_explorer]: Main /plan diagnostic: poses=146, endpoint=(8.68, 11.81), frontier=(8.68, 11.81), endpoint_to_frontier=0.000 m, limit=0.10 m -> usable
[controller_server-9] [INFO] [1790835240.580688189] [controller_server]: Passing new path to controller.
[INFO] [1790835241.545633192] [mapex_explorer]: Main /plan diagnostic: poses=136, endpoint=(8.68, 11.81), frontier=(8.68, 11.81), endpoint_to_frontier=0.000 m, limit=0.10 m -> usable
[controller_server-9] [INFO] [1790835241.580625035] [controller_server]: Passing new path to controller.
[INFO] [1790835242.578455160] [mapex_explorer]: Main /plan diagnostic: poses=125, endpoint=(8.68, 11.81), frontier=(8.68, 11.81), endpoint_to_frontier=0.000 m, limit=0.10 m -> usable
[controller_server-9] [INFO] [1790835242.580626735] [controller_server]: Passing new path to controller.
[INFO] [1790835243.594859897] [mapex_explorer]: Main /plan diagnostic: poses=116, endpoint=(8.68, 11.81), frontier=(8.68, 11.81), endpoint_to_frontier=0.000 m, limit=0.10 m -> usable
[controller_server-9] [INFO] [1790835243.647281694] [controller_server]: Passing new path to controller.
[INFO] [1790835244.626776365] [mapex_explorer]: Main /plan diagnostic: poses=106, endpoint=(8.68, 11.81), frontier=(8.68, 11.81), endpoint_to_frontier=0.000 m, limit=0.10 m -> usable
[controller_server-9] [INFO] [1790835244.647301848] [controller_server]: Passing new path to controller.
[INFO] [1790835245.631304961] [mapex_explorer]: Main /plan diagnostic: poses=95, endpoint=(8.68, 11.81), frontier=(8.68, 11.81), endpoint_to_frontier=0.000 m, limit=0.10 m -> usable
[controller_server-9] [INFO] [1790835245.647282386] [controller_server]: Passing new path to controller.
[INFO] [1790835246.666302057] [mapex_explorer]: Main /plan diagnostic: poses=85, endpoint=(8.68, 11.81), frontier=(8.68, 11.81), endpoint_to_frontier=0.000 m, limit=0.10 m -> usable
[controller_server-9] [INFO] [1790835246.713960887] [controller_server]: Passing new path to controller.
[controller_server-9] [INFO] [1790835247.713968620] [controller_server]: Passing new path to controller.
[INFO] [1790835247.747522477] [mapex_explorer]: Main /plan diagnostic: poses=77, endpoint=(8.68, 11.81), frontier=(8.68, 11.81), endpoint_to_frontier=0.000 m, limit=0.10 m -> usable
[INFO] [1790835248.773509123] [mapex_explorer]: Main /plan diagnostic: poses=64, endpoint=(8.68, 11.81), frontier=(8.68, 11.81), endpoint_to_frontier=0.000 m, limit=0.10 m -> usable
[controller_server-9] [INFO] [1790835248.780631164] [controller_server]: Passing new path to controller.
[INFO] [1790835249.742045670] [mapex_explorer]: Main /plan diagnostic: poses=55, endpoint=(8.68, 11.81), frontier=(8.68, 11.81), endpoint_to_frontier=0.000 m, limit=0.10 m -> usable
[controller_server-9] [INFO] [1790835249.780645495] [controller_server]: Passing new path to controller.
[INFO] [1790835250.780157915] [mapex_explorer]: Main /plan diagnostic: poses=43, endpoint=(8.68, 11.81), frontier=(8.68, 11.81), endpoint_to_frontier=0.000 m, limit=0.10 m -> usable
[controller_server-9] [INFO] [1790835250.780619734] [controller_server]: Passing new path to controller.
[controller_server-9] [INFO] [1790835251.847360913] [controller_server]: Passing new path to controller.
[INFO] [1790835251.851112791] [mapex_explorer]: Main /plan diagnostic: poses=36, endpoint=(8.68, 11.81), frontier=(8.68, 11.81), endpoint_to_frontier=0.000 m, limit=0.10 m -> usable
[INFO] [1790835252.821713647] [mapex_explorer]: Main /plan diagnostic: poses=26, endpoint=(8.68, 11.81), frontier=(8.68, 11.81), endpoint_to_frontier=0.000 m, limit=0.10 m -> usable
[controller_server-9] [INFO] [1790835252.847284682] [controller_server]: Passing new path to controller.
[INFO] [1790835253.836310039] [mapex_explorer]: Main /plan diagnostic: poses=17, endpoint=(8.68, 11.81), frontier=(8.68, 11.81), endpoint_to_frontier=0.000 m, limit=0.10 m -> usable
[controller_server-9] [INFO] [1790835253.847281530] [controller_server]: Passing new path to controller.
[INFO] [1790835254.851760625] [mapex_explorer]: Main /plan diagnostic: poses=9, endpoint=(8.68, 11.81), frontier=(8.68, 11.81), endpoint_to_frontier=0.000 m, limit=0.10 m -> usable
[controller_server-9] [INFO] [1790835254.913949569] [controller_server]: Passing new path to controller.
[controller_server-9] [INFO] [1790835255.382400313] [controller_server]: Reached the goal!
[controller_server-9] [INFO] [1790835255.382546888] [controller_server]: Optimizer reset
[bt_navigator-14] [INFO] [1790835255.406629227] [bt_navigator]: Goal succeeded
[INFO] [1790835255.409246827] [mapex_explorer]: Goal reached
[INFO] [1790835261.930182062] [mapex_explorer]: MapEx decision 33: selected x=6.58, y=10.91, IG=2.840113, distance=2.46 m, score=1.152765, region=50, candidates=12, near_fallback=False, compute=5.94 s
[bt_navigator-14] [INFO] [1790835261.930895378] [bt_navigator]: Begin navigating from current location (8.94, 11.62) to (6.58, 10.91)
[controller_server-9] [INFO] [1790835261.951872887] [controller_server]: Received a goal, begin computing control effort.
[INFO] [1790835262.456465731] [mapex_explorer]: Main goal accepted
[INFO] [1790835262.519653874] [mapex_explorer]: Main /plan diagnostic: poses=653, endpoint=(6.58, 10.91), frontier=(6.58, 10.91), endpoint_to_frontier=0.000 m, limit=0.10 m -> usable
[INFO] [1790835262.986735719] [mapex_explorer]: Main /plan diagnostic: poses=647, endpoint=(6.58, 10.91), frontier=(6.58, 10.91), endpoint_to_frontier=0.000 m, limit=0.10 m -> usable
[controller_server-9] [INFO] [1790835263.018703002] [controller_server]: Passing new path to controller.
[controller_server-9] [INFO] [1790835264.018701550] [controller_server]: Passing new path to controller.
[INFO] [1790835264.052508256] [mapex_explorer]: Main /plan diagnostic: poses=641, endpoint=(6.58, 10.91), frontier=(6.58, 10.91), endpoint_to_frontier=0.000 m, limit=0.10 m -> usable
[INFO] [1790835265.066191187] [mapex_explorer]: Main /plan diagnostic: poses=632, endpoint=(6.58, 10.91), frontier=(6.58, 10.91), endpoint_to_frontier=0.000 m, limit=0.10 m -> usable
[controller_server-9] [INFO] [1790835265.085368097] [controller_server]: Passing new path to controller.
[INFO] [1790835266.053839661] [mapex_explorer]: Main /plan diagnostic: poses=626, endpoint=(6.58, 10.91), frontier=(6.58, 10.91), endpoint_to_frontier=0.000 m, limit=0.10 m -> usable
[controller_server-9] [INFO] [1790835266.085408961] [controller_server]: Passing new path to controller.
[INFO] [1790835267.083975467] [mapex_explorer]: Main /plan diagnostic: poses=619, endpoint=(6.58, 10.91), frontier=(6.58, 10.91), endpoint_to_frontier=0.000 m, limit=0.10 m -> usable
[controller_server-9] [INFO] [1790835267.085368189] [controller_server]: Passing new path to controller.
[INFO] [1790835268.112060040] [mapex_explorer]: Main /plan diagnostic: poses=613, endpoint=(6.58, 10.91), frontier=(6.58, 10.91), endpoint_to_frontier=0.000 m, limit=0.10 m -> usable
[controller_server-9] [INFO] [1790835268.152036619] [controller_server]: Passing new path to controller.
[controller_server-9] [INFO] [1790835269.152064091] [controller_server]: Passing new path to controller.
[INFO] [1790835269.170380608] [mapex_explorer]: Main /plan diagnostic: poses=604, endpoint=(6.58, 10.91), frontier=(6.58, 10.91), endpoint_to_frontier=0.000 m, limit=0.10 m -> usable
[INFO] [1790835270.146580846] [mapex_explorer]: Main /plan diagnostic: poses=598, endpoint=(6.58, 10.91), frontier=(6.58, 10.91), endpoint_to_frontier=0.000 m, limit=0.10 m -> usable
[controller_server-9] [INFO] [1790835270.152035115] [controller_server]: Passing new path to controller.
[INFO] [1790835271.168283506] [mapex_explorer]: Main /plan diagnostic: poses=591, endpoint=(6.58, 10.91), frontier=(6.58, 10.91), endpoint_to_frontier=0.000 m, limit=0.10 m -> usable
[controller_server-9] [INFO] [1790835271.218702939] [controller_server]: Passing new path to controller.
[INFO] [1790835272.185968735] [mapex_explorer]: Main /plan diagnostic: poses=585, endpoint=(6.58, 10.91), frontier=(6.58, 10.91), endpoint_to_frontier=0.000 m, limit=0.10 m -> usable
[controller_server-9] [INFO] [1790835272.218701075] [controller_server]: Passing new path to controller.
[controller_server-9] [INFO] [1790835273.218703151] [controller_server]: Passing new path to controller.
[INFO] [1790835273.264801959] [mapex_explorer]: Main /plan diagnostic: poses=576, endpoint=(6.58, 10.91), frontier=(6.58, 10.91), endpoint_to_frontier=0.000 m, limit=0.10 m -> usable
[INFO] [1790835274.232077176] [mapex_explorer]: Main /plan diagnostic: poses=570, endpoint=(6.58, 10.91), frontier=(6.58, 10.91), endpoint_to_frontier=0.000 m, limit=0.10 m -> usable
[controller_server-9] [INFO] [1790835274.285368308] [controller_server]: Passing new path to controller.
[async_slam_toolbox_node-8] W20261001 13:14:34.883328 30090 preprocessor.cc:67] Specified options.num_threads: 50 exceeds maximum available from the threading model Ceres was compiled with: 16.  Bounding to maximum number available.
[async_slam_toolbox_node-8] [INFO] [1790835274.899174166] [slam_toolbox]: Adaptive anchor summary: latest_node=3107, local_edges=3183, loop_history=0, avg_effective_weight=1.090, release_regions=0
[controller_server-9] [INFO] [1790835275.285369775] [controller_server]: Passing new path to controller.
[INFO] [1790835275.334756229] [mapex_explorer]: Main /plan diagnostic: poses=564, endpoint=(6.58, 10.91), frontier=(6.58, 10.91), endpoint_to_frontier=0.000 m, limit=0.10 m -> usable
[controller_server-9] [INFO] [1790835275.528120995] [local_costmap.local_costmap]: StaticLayer: Resizing static layer to 561 X 252 at 0.100000 m/pix
[planner_server-11] [INFO] [1790835276.189090101] [global_costmap.global_costmap]: StaticLayer: Resizing costmap to 561 X 252 at 0.100000 m/pix
[INFO] [1790835276.281287215] [mapex_explorer]: Main /plan diagnostic: poses=554, endpoint=(6.58, 10.91), frontier=(6.58, 10.91), endpoint_to_frontier=0.000 m, limit=0.10 m -> usable
[controller_server-9] [INFO] [1790835276.285368661] [controller_server]: Passing new path to controller.
[INFO] [1790835277.342519276] [mapex_explorer]: Main /plan diagnostic: poses=548, endpoint=(6.58, 10.91), frontier=(6.58, 10.91), endpoint_to_frontier=0.000 m, limit=0.10 m -> usable
[controller_server-9] [INFO] [1790835277.352034581] [controller_server]: Passing new path to controller.
[INFO] [1790835278.337899001] [mapex_explorer]: Main /plan diagnostic: poses=541, endpoint=(6.58, 10.91), frontier=(6.58, 10.91), endpoint_to_frontier=0.000 m, limit=0.10 m -> usable
[controller_server-9] [INFO] [1790835278.352054977] [controller_server]: Passing new path to controller.
[controller_server-9] [WARN] [1790835278.521299899] [controller_server]: Control loop missed its desired rate of 15.0000 Hz. Current loop rate is 9.9010 Hz.
[controller_server-9] [INFO] [1790835279.388072910] [controller_server]: Passing new path to controller.
[INFO] [1790835279.431682119] [mapex_explorer]: Main /plan diagnostic: poses=532, endpoint=(6.58, 10.91), frontier=(6.58, 10.91), endpoint_to_frontier=0.000 m, limit=0.10 m -> usable
[INFO] [1790835280.405945070] [mapex_explorer]: Main /plan diagnostic: poses=526, endpoint=(6.58, 10.91), frontier=(6.58, 10.91), endpoint_to_frontier=0.000 m, limit=0.10 m -> usable
[controller_server-9] [INFO] [1790835280.454743597] [controller_server]: Passing new path to controller.
[controller_server-9] [INFO] [1790835281.454768639] [controller_server]: Passing new path to controller.
[INFO] [1790835281.576528976] [mapex_explorer]: Main /plan diagnostic: poses=519, endpoint=(6.58, 10.91), frontier=(6.58, 10.91), endpoint_to_frontier=0.000 m, limit=0.10 m -> usable
[controller_server-9] [INFO] [1790835282.454743989] [controller_server]: Passing new path to controller.
[INFO] [1790835282.458674196] [mapex_explorer]: Main /plan diagnostic: poses=513, endpoint=(6.58, 10.91), frontier=(6.58, 10.91), endpoint_to_frontier=0.000 m, limit=0.10 m -> usable
[INFO] [1790835283.484777850] [mapex_explorer]: Main /plan diagnostic: poses=505, endpoint=(6.58, 10.91), frontier=(6.58, 10.91), endpoint_to_frontier=0.000 m, limit=0.10 m -> usable
[controller_server-9] [INFO] [1790835283.521412985] [controller_server]: Passing new path to controller.
[controller_server-9] [INFO] [1790835284.521412850] [controller_server]: Passing new path to controller.
[INFO] [1790835284.549416030] [mapex_explorer]: Main /plan diagnostic: poses=499, endpoint=(6.58, 10.91), frontier=(6.58, 10.91), endpoint_to_frontier=0.000 m, limit=0.10 m -> usable
[INFO] [1790835285.514771433] [mapex_explorer]: Main /plan diagnostic: poses=490, endpoint=(6.58, 10.91), frontier=(6.58, 10.91), endpoint_to_frontier=0.000 m, limit=0.10 m -> usable
[controller_server-9] [INFO] [1790835285.588083664] [controller_server]: Passing new path to controller.
[controller_server-9] [INFO] [1790835286.588072990] [controller_server]: Passing new path to controller.
[INFO] [1790835286.614157400] [mapex_explorer]: Main /plan diagnostic: poses=484, endpoint=(6.58, 10.91), frontier=(6.58, 10.91), endpoint_to_frontier=0.000 m, limit=0.10 m -> usable
[INFO] [1790835287.574591328] [mapex_explorer]: Main /plan diagnostic: poses=478, endpoint=(6.58, 10.91), frontier=(6.58, 10.91), endpoint_to_frontier=0.000 m, limit=0.10 m -> usable
[controller_server-9] [INFO] [1790835287.588078018] [controller_server]: Passing new path to controller.
[INFO] [1790835288.617377031] [mapex_explorer]: Main /plan diagnostic: poses=469, endpoint=(6.58, 10.91), frontier=(6.58, 10.91), endpoint_to_frontier=0.000 m, limit=0.10 m -> usable
[controller_server-9] [INFO] [1790835288.654746975] [controller_server]: Passing new path to controller.
[controller_server-9] [INFO] [1790835289.654741309] [controller_server]: Passing new path to controller.
[INFO] [1790835289.664925961] [mapex_explorer]: Main /plan diagnostic: poses=463, endpoint=(6.58, 10.91), frontier=(6.58, 10.91), endpoint_to_frontier=0.000 m, limit=0.10 m -> usable
[INFO] [1790835290.681341613] [mapex_explorer]: Main /plan diagnostic: poses=457, endpoint=(6.58, 10.91), frontier=(6.58, 10.91), endpoint_to_frontier=0.000 m, limit=0.10 m -> usable
[controller_server-9] [INFO] [1790835290.721404098] [controller_server]: Passing new path to controller.
[INFO] [1790835291.708637864] [mapex_explorer]: Main /plan diagnostic: poses=449, endpoint=(6.58, 10.91), frontier=(6.58, 10.91), endpoint_to_frontier=0.000 m, limit=0.10 m -> usable
[controller_server-9] [INFO] [1790835291.721409663] [controller_server]: Passing new path to controller.
[INFO] [1790835292.712550620] [mapex_explorer]: Main /plan diagnostic: poses=442, endpoint=(6.58, 10.91), frontier=(6.58, 10.91), endpoint_to_frontier=0.000 m, limit=0.10 m -> usable
[controller_server-9] [INFO] [1790835292.788103414] [controller_server]: Passing new path to controller.
[INFO] [1790835293.775522907] [mapex_explorer]: Main /plan diagnostic: poses=435, endpoint=(6.58, 10.91), frontier=(6.58, 10.91), endpoint_to_frontier=0.000 m, limit=0.10 m -> usable
[controller_server-9] [INFO] [1790835293.788161132] [controller_server]: Passing new path to controller.
[controller_server-9] [INFO] [1790835294.788097767] [controller_server]: Passing new path to controller.
[INFO] [1790835294.804526303] [mapex_explorer]: Main /plan diagnostic: poses=427, endpoint=(6.58, 10.91), frontier=(6.58, 10.91), endpoint_to_frontier=0.000 m, limit=0.10 m -> usable
[controller_server-9] [INFO] [1790835295.854738078] [controller_server]: Passing new path to controller.
[INFO] [1790835295.961117411] [mapex_explorer]: Main /plan diagnostic: poses=421, endpoint=(6.58, 10.91), frontier=(6.58, 10.91), endpoint_to_frontier=0.000 m, limit=0.10 m -> usable
[async_slam_toolbox_node-8] W20261001 13:14:56.069110 30090 preprocessor.cc:67] Specified options.num_threads: 50 exceeds maximum available from the threading model Ceres was compiled with: 16.  Bounding to maximum number available.
[async_slam_toolbox_node-8] [INFO] [1790835296.086296528] [slam_toolbox]: Adaptive anchor summary: latest_node=3176, local_edges=3252, loop_history=0, avg_effective_weight=1.089, release_regions=0
[controller_server-9] [INFO] [1790835296.528138932] [local_costmap.local_costmap]: StaticLayer: Resizing static layer to 561 X 252 at 0.100000 m/pix
[controller_server-9] [INFO] [1790835296.854769854] [controller_server]: Passing new path to controller.
[INFO] [1790835296.870774297] [mapex_explorer]: Main /plan diagnostic: poses=414, endpoint=(6.58, 10.91), frontier=(6.58, 10.91), endpoint_to_frontier=0.000 m, limit=0.10 m -> usable
[planner_server-11] [INFO] [1790835297.189141897] [global_costmap.global_costmap]: StaticLayer: Resizing costmap to 561 X 252 at 0.100000 m/pix
[INFO] [1790835297.882824578] [mapex_explorer]: Main /plan diagnostic: poses=407, endpoint=(6.58, 10.91), frontier=(6.58, 10.91), endpoint_to_frontier=0.000 m, limit=0.10 m -> usable
[controller_server-9] [INFO] [1790835297.921405403] [controller_server]: Passing new path to controller.
[INFO] [1790835298.916831120] [mapex_explorer]: Main /plan diagnostic: poses=400, endpoint=(6.58, 10.91), frontier=(6.58, 10.91), endpoint_to_frontier=0.000 m, limit=0.10 m -> usable
[controller_server-9] [INFO] [1790835298.921408165] [controller_server]: Passing new path to controller.
[controller_server-9] [INFO] [1790835299.921405826] [controller_server]: Passing new path to controller.
[INFO] [1790835299.945187890] [mapex_explorer]: Main /plan diagnostic: poses=393, endpoint=(6.58, 10.91), frontier=(6.58, 10.91), endpoint_to_frontier=0.000 m, limit=0.10 m -> usable
[controller_server-9] [INFO] [1790835300.988107928] [controller_server]: Passing new path to controller.
[INFO] [1790835300.994508698] [mapex_explorer]: Main /plan diagnostic: poses=386, endpoint=(6.58, 10.91), frontier=(6.58, 10.91), endpoint_to_frontier=0.000 m, limit=0.10 m -> usable
[INFO] [1790835301.974142409] [mapex_explorer]: Main /plan diagnostic: poses=378, endpoint=(6.58, 10.91), frontier=(6.58, 10.91), endpoint_to_frontier=0.000 m, limit=0.10 m -> usable
[controller_server-9] [INFO] [1790835301.988071005] [controller_server]: Passing new path to controller.
[controller_server-9] [INFO] [1790835303.054741926] [controller_server]: Passing new path to controller.
[INFO] [1790835303.093007770] [mapex_explorer]: Main /plan diagnostic: poses=377, endpoint=(6.58, 10.91), frontier=(6.58, 10.91), endpoint_to_frontier=0.000 m, limit=0.10 m -> usable
[controller_server-9] [INFO] [1790835304.054738339] [controller_server]: Passing new path to controller.
[INFO] [1790835304.130592312] [mapex_explorer]: Main /plan diagnostic: poses=363, endpoint=(6.58, 10.91), frontier=(6.58, 10.91), endpoint_to_frontier=0.000 m, limit=0.10 m -> usable
[controller_server-9] [INFO] [1790835305.055166424] [controller_server]: Passing new path to controller.
[INFO] [1790835305.068699894] [mapex_explorer]: Main /plan diagnostic: poses=356, endpoint=(6.58, 10.91), frontier=(6.58, 10.91), endpoint_to_frontier=0.000 m, limit=0.10 m -> usable
[async_slam_toolbox_node-8] W20261001 13:15:05.595716 30090 preprocessor.cc:67] Specified options.num_threads: 50 exceeds maximum available from the threading model Ceres was compiled with: 16.  Bounding to maximum number available.
[INFO] [1790835306.093315421] [mapex_explorer]: Main /plan diagnostic: poses=350, endpoint=(6.58, 10.91), frontier=(6.58, 10.91), endpoint_to_frontier=0.000 m, limit=0.10 m -> usable
[controller_server-9] [INFO] [1790835306.121417047] [controller_server]: Passing new path to controller.
[controller_server-9] [INFO] [1790835306.528126193] [local_costmap.local_costmap]: StaticLayer: Resizing static layer to 561 X 252 at 0.100000 m/pix
[controller_server-9] [INFO] [1790835307.121430331] [controller_server]: Passing new path to controller.
[INFO] [1790835307.125068932] [mapex_explorer]: Main /plan diagnostic: poses=342, endpoint=(6.58, 10.91), frontier=(6.58, 10.91), endpoint_to_frontier=0.000 m, limit=0.10 m -> usable
[planner_server-11] [INFO] [1790835307.189124449] [global_costmap.global_costmap]: StaticLayer: Resizing costmap to 561 X 252 at 0.100000 m/pix
[controller_server-9] [INFO] [1790835308.190338774] [controller_server]: Passing new path to controller.
[INFO] [1790835308.231122257] [mapex_explorer]: Main /plan diagnostic: poses=336, endpoint=(6.58, 10.91), frontier=(6.58, 10.91), endpoint_to_frontier=0.000 m, limit=0.10 m -> usable
[controller_server-9] [INFO] [1790835309.188076823] [controller_server]: Passing new path to controller.
[INFO] [1790835309.289779776] [mapex_explorer]: Main /plan diagnostic: poses=328, endpoint=(6.58, 10.91), frontier=(6.58, 10.91), endpoint_to_frontier=0.000 m, limit=0.10 m -> usable
[controller_server-9] [INFO] [1790835310.188099656] [controller_server]: Passing new path to controller.
[INFO] [1790835310.207104399] [mapex_explorer]: Main /plan diagnostic: poses=320, endpoint=(6.58, 10.91), frontier=(6.58, 10.91), endpoint_to_frontier=0.000 m, limit=0.10 m -> usable
[INFO] [1790835311.194777266] [mapex_explorer]: Main /plan diagnostic: poses=314, endpoint=(6.58, 10.91), frontier=(6.58, 10.91), endpoint_to_frontier=0.000 m, limit=0.10 m -> usable
[controller_server-9] [INFO] [1790835311.254754679] [controller_server]: Passing new path to controller.
[INFO] [1790835312.236739242] [mapex_explorer]: Main /plan diagnostic: poses=306, endpoint=(6.58, 10.91), frontier=(6.58, 10.91), endpoint_to_frontier=0.000 m, limit=0.10 m -> usable
[controller_server-9] [INFO] [1790835312.254777595] [controller_server]: Passing new path to controller.
[controller_server-9] [INFO] [1790835313.254744112] [controller_server]: Passing new path to controller.
[INFO] [1790835313.263886784] [mapex_explorer]: Main /plan diagnostic: poses=300, endpoint=(6.58, 10.91), frontier=(6.58, 10.91), endpoint_to_frontier=0.000 m, limit=0.10 m -> usable
[INFO] [1790835314.277212384] [mapex_explorer]: Main /plan diagnostic: poses=294, endpoint=(6.58, 10.91), frontier=(6.58, 10.91), endpoint_to_frontier=0.000 m, limit=0.10 m -> usable
[controller_server-9] [INFO] [1790835314.321434694] [controller_server]: Passing new path to controller.
[INFO] [1790835315.295881426] [mapex_explorer]: Main /plan diagnostic: poses=286, endpoint=(6.58, 10.91), frontier=(6.58, 10.91), endpoint_to_frontier=0.000 m, limit=0.10 m -> usable
[controller_server-9] [INFO] [1790835315.321405090] [controller_server]: Passing new path to controller.
[INFO] [1790835316.309228054] [mapex_explorer]: Main /plan diagnostic: poses=280, endpoint=(6.58, 10.91), frontier=(6.58, 10.91), endpoint_to_frontier=0.000 m, limit=0.10 m -> usable
[controller_server-9] [INFO] [1790835316.388073794] [controller_server]: Passing new path to controller.
[INFO] [1790835317.351341743] [mapex_explorer]: Main /plan diagnostic: poses=272, endpoint=(6.58, 10.91), frontier=(6.58, 10.91), endpoint_to_frontier=0.000 m, limit=0.10 m -> usable
[controller_server-9] [INFO] [1790835317.388113640] [controller_server]: Passing new path to controller.
[INFO] [1790835318.374403162] [mapex_explorer]: Main /plan diagnostic: poses=266, endpoint=(6.58, 10.91), frontier=(6.58, 10.91), endpoint_to_frontier=0.000 m, limit=0.10 m -> usable
[controller_server-9] [INFO] [1790835318.388072206] [controller_server]: Passing new path to controller.
[INFO] [1790835319.402307148] [mapex_explorer]: Main /plan diagnostic: poses=258, endpoint=(6.58, 10.91), frontier=(6.58, 10.91), endpoint_to_frontier=0.000 m, limit=0.10 m -> usable
[controller_server-9] [INFO] [1790835319.454754171] [controller_server]: Passing new path to controller.
[INFO] [1790835320.406540132] [mapex_explorer]: Main /plan diagnostic: poses=252, endpoint=(6.58, 10.91), frontier=(6.58, 10.91), endpoint_to_frontier=0.000 m, limit=0.10 m -> usable
[controller_server-9] [INFO] [1790835320.454738905] [controller_server]: Passing new path to controller.
[INFO] [1790835321.432746754] [mapex_explorer]: Main /plan diagnostic: poses=244, endpoint=(6.58, 10.91), frontier=(6.58, 10.91), endpoint_to_frontier=0.000 m, limit=0.10 m -> usable
[controller_server-9] [INFO] [1790835321.454754447] [controller_server]: Passing new path to controller.
[INFO] [1790835322.452745321] [mapex_explorer]: Main /plan diagnostic: poses=238, endpoint=(6.58, 10.91), frontier=(6.58, 10.91), endpoint_to_frontier=0.000 m, limit=0.10 m -> usable
[controller_server-9] [WARN] [1790835322.548922248] [controller_server]: Control loop missed its desired rate of 15.0000 Hz. Current loop rate is 10.8696 Hz.
[controller_server-9] [INFO] [1790835322.548978080] [controller_server]: Passing new path to controller.
[INFO] [1790835323.485641083] [mapex_explorer]: Main /plan diagnostic: poses=232, endpoint=(6.58, 10.91), frontier=(6.58, 10.91), endpoint_to_frontier=0.000 m, limit=0.10 m -> usable
[controller_server-9] [WARN] [1790835323.488732299] [controller_server]: Control loop missed its desired rate of 15.0000 Hz. Current loop rate is 14.0845 Hz.
[controller_server-9] [INFO] [1790835323.555583801] [controller_server]: Passing new path to controller.
[INFO] [1790835324.514490861] [mapex_explorer]: Main /plan diagnostic: poses=224, endpoint=(6.58, 10.91), frontier=(6.58, 10.91), endpoint_to_frontier=0.000 m, limit=0.10 m -> usable
[controller_server-9] [INFO] [1790835324.555550699] [controller_server]: Passing new path to controller.
[controller_server-9] [INFO] [1790835325.555539140] [controller_server]: Passing new path to controller.
[INFO] [1790835325.570590962] [mapex_explorer]: Main /plan diagnostic: poses=218, endpoint=(6.58, 10.91), frontier=(6.58, 10.91), endpoint_to_frontier=0.000 m, limit=0.10 m -> usable
[INFO] [1790835326.609107535] [mapex_explorer]: Main /plan diagnostic: poses=210, endpoint=(6.58, 10.91), frontier=(6.58, 10.91), endpoint_to_frontier=0.000 m, limit=0.10 m -> usable
[controller_server-9] [INFO] [1790835326.622230220] [controller_server]: Passing new path to controller.
[INFO] [1790835327.604114330] [mapex_explorer]: Main /plan diagnostic: poses=202, endpoint=(6.58, 10.91), frontier=(6.58, 10.91), endpoint_to_frontier=0.000 m, limit=0.10 m -> usable
[controller_server-9] [INFO] [1790835327.622209727] [controller_server]: Passing new path to controller.
[controller_server-9] [INFO] [1790835328.622225115] [controller_server]: Passing new path to controller.
[INFO] [1790835328.669845512] [mapex_explorer]: Main /plan diagnostic: poses=196, endpoint=(6.58, 10.91), frontier=(6.58, 10.91), endpoint_to_frontier=0.000 m, limit=0.10 m -> usable
[INFO] [1790835329.642991603] [mapex_explorer]: Main /plan diagnostic: poses=188, endpoint=(6.58, 10.91), frontier=(6.58, 10.91), endpoint_to_frontier=0.000 m, limit=0.10 m -> usable
[controller_server-9] [INFO] [1790835329.688875134] [controller_server]: Passing new path to controller.
[INFO] [1790835330.685807529] [mapex_explorer]: Main /plan diagnostic: poses=182, endpoint=(6.58, 10.91), frontier=(6.58, 10.91), endpoint_to_frontier=0.000 m, limit=0.10 m -> usable
[controller_server-9] [INFO] [1790835330.689035574] [controller_server]: Passing new path to controller.
[INFO] [1790835331.687033404] [mapex_explorer]: Main /plan diagnostic: poses=174, endpoint=(6.58, 10.91), frontier=(6.58, 10.91), endpoint_to_frontier=0.000 m, limit=0.10 m -> usable
[controller_server-9] [INFO] [1790835331.688879487] [controller_server]: Passing new path to controller.
[INFO] [1790835332.719575578] [mapex_explorer]: Main /plan diagnostic: poses=168, endpoint=(6.58, 10.91), frontier=(6.58, 10.91), endpoint_to_frontier=0.000 m, limit=0.10 m -> usable
[controller_server-9] [INFO] [1790835332.755540718] [controller_server]: Passing new path to controller.
[controller_server-9] [WARN] [1790835333.504918775] [controller_server]: Control loop missed its desired rate of 15.0000 Hz. Current loop rate is 12.0482 Hz.
[INFO] [1790835333.717221132] [mapex_explorer]: Main /plan diagnostic: poses=162, endpoint=(6.58, 10.91), frontier=(6.58, 10.91), endpoint_to_frontier=0.000 m, limit=0.10 m -> usable
[controller_server-9] [INFO] [1790835333.771689353] [controller_server]: Passing new path to controller.
[INFO] [1790835334.758382594] [mapex_explorer]: Main /plan diagnostic: poses=154, endpoint=(6.58, 10.91), frontier=(6.58, 10.91), endpoint_to_frontier=0.000 m, limit=0.10 m -> usable
[controller_server-9] [INFO] [1790835334.771702485] [controller_server]: Passing new path to controller.
[INFO] [1790835335.814101514] [mapex_explorer]: Main /plan diagnostic: poses=148, endpoint=(6.58, 10.91), frontier=(6.58, 10.91), endpoint_to_frontier=0.000 m, limit=0.10 m -> usable
[controller_server-9] [INFO] [1790835335.838378200] [controller_server]: Passing new path to controller.
[INFO] [1790835336.827205678] [mapex_explorer]: Main /plan diagnostic: poses=140, endpoint=(6.58, 10.91), frontier=(6.58, 10.91), endpoint_to_frontier=0.000 m, limit=0.10 m -> usable
[controller_server-9] [INFO] [1790835336.838366917] [controller_server]: Passing new path to controller.
[INFO] [1790835337.829543052] [mapex_explorer]: Main /plan diagnostic: poses=134, endpoint=(6.58, 10.91), frontier=(6.58, 10.91), endpoint_to_frontier=0.000 m, limit=0.10 m -> usable
[controller_server-9] [INFO] [1790835337.905022821] [controller_server]: Passing new path to controller.
[INFO] [1790835338.869462060] [mapex_explorer]: Main /plan diagnostic: poses=126, endpoint=(6.58, 10.91), frontier=(6.58, 10.91), endpoint_to_frontier=0.000 m, limit=0.10 m -> usable
[controller_server-9] [INFO] [1790835338.905037636] [controller_server]: Passing new path to controller.
[INFO] [1790835339.875100282] [mapex_explorer]: Main /plan diagnostic: poses=120, endpoint=(6.58, 10.91), frontier=(6.58, 10.91), endpoint_to_frontier=0.000 m, limit=0.10 m -> usable
[controller_server-9] [INFO] [1790835339.905057227] [controller_server]: Passing new path to controller.
[INFO] [1790835340.906155509] [mapex_explorer]: Main /plan diagnostic: poses=117, endpoint=(6.58, 10.91), frontier=(6.58, 10.91), endpoint_to_frontier=0.000 m, limit=0.10 m -> usable
[controller_server-9] [INFO] [1790835340.971781946] [controller_server]: Passing new path to controller.
[INFO] [1790835341.916771940] [mapex_explorer]: Main /plan diagnostic: poses=105, endpoint=(6.58, 10.91), frontier=(6.58, 10.91), endpoint_to_frontier=0.000 m, limit=0.10 m -> usable
[controller_server-9] [INFO] [1790835341.971694728] [controller_server]: Passing new path to controller.
[controller_server-9] [INFO] [1790835342.971694790] [controller_server]: Passing new path to controller.
[INFO] [1790835342.977179075] [mapex_explorer]: Main /plan diagnostic: poses=98, endpoint=(6.58, 10.91), frontier=(6.58, 10.91), endpoint_to_frontier=0.000 m, limit=0.10 m -> usable
[INFO] [1790835343.970906215] [mapex_explorer]: Main /plan diagnostic: poses=89, endpoint=(6.58, 10.91), frontier=(6.58, 10.91), endpoint_to_frontier=0.000 m, limit=0.10 m -> usable
[controller_server-9] [INFO] [1790835344.038388197] [controller_server]: Passing new path to controller.
[INFO] [1790835344.998220901] [mapex_explorer]: Main /plan diagnostic: poses=83, endpoint=(6.58, 10.91), frontier=(6.58, 10.91), endpoint_to_frontier=0.000 m, limit=0.10 m -> usable
[controller_server-9] [INFO] [1790835345.038358266] [controller_server]: Passing new path to controller.
[controller_server-9] [INFO] [1790835346.038381178] [controller_server]: Passing new path to controller.
[INFO] [1790835346.070524703] [mapex_explorer]: Main /plan diagnostic: poses=77, endpoint=(6.58, 10.91), frontier=(6.58, 10.91), endpoint_to_frontier=0.000 m, limit=0.10 m -> usable
[INFO] [1790835347.050689455] [mapex_explorer]: Main /plan diagnostic: poses=74, endpoint=(6.58, 10.91), frontier=(6.58, 10.91), endpoint_to_frontier=0.000 m, limit=0.10 m -> usable
[controller_server-9] [INFO] [1790835347.105045499] [controller_server]: Passing new path to controller.
[controller_server-9] [WARN] [1790835347.542987266] [controller_server]: Control loop missed its desired rate of 15.0000 Hz. Current loop rate is 9.7087 Hz.
[INFO] [1790835348.087946400] [mapex_explorer]: Main /plan diagnostic: poses=74, endpoint=(6.58, 10.91), frontier=(6.58, 10.91), endpoint_to_frontier=0.000 m, limit=0.10 m -> usable
[controller_server-9] [INFO] [1790835348.143118623] [controller_server]: Passing new path to controller.
[INFO] [1790835349.097164000] [mapex_explorer]: Main /plan diagnostic: poses=68, endpoint=(6.58, 10.91), frontier=(6.58, 10.91), endpoint_to_frontier=0.000 m, limit=0.10 m -> usable
[controller_server-9] [INFO] [1790835349.143105136] [controller_server]: Passing new path to controller.
[controller_server-9] [WARN] [1790835349.512228804] [controller_server]: Control loop missed its desired rate of 15.0000 Hz. Current loop rate is 10.3093 Hz.
[INFO] [1790835350.124702196] [mapex_explorer]: Main /plan diagnostic: poses=58, endpoint=(6.58, 10.91), frontier=(6.58, 10.91), endpoint_to_frontier=0.000 m, limit=0.10 m -> usable
[controller_server-9] [INFO] [1790835350.179021750] [controller_server]: Passing new path to controller.
[controller_server-9] [WARN] [1790835350.528289711] [controller_server]: Control loop missed its desired rate of 15.0000 Hz. Current loop rate is 11.9048 Hz.
[INFO] [1790835351.138150453] [mapex_explorer]: Main /plan diagnostic: poses=47, endpoint=(6.58, 10.91), frontier=(6.58, 10.91), endpoint_to_frontier=0.000 m, limit=0.10 m -> usable
[controller_server-9] [INFO] [1790835351.195081064] [controller_server]: Passing new path to controller.
[INFO] [1790835352.164765421] [mapex_explorer]: Main /plan diagnostic: poses=37, endpoint=(6.58, 10.91), frontier=(6.58, 10.91), endpoint_to_frontier=0.000 m, limit=0.10 m -> usable
[controller_server-9] [INFO] [1790835352.195055527] [controller_server]: Passing new path to controller.
[INFO] [1790835353.209299755] [mapex_explorer]: Main /plan diagnostic: poses=27, endpoint=(6.58, 10.91), frontier=(6.58, 10.91), endpoint_to_frontier=0.000 m, limit=0.10 m -> usable
[controller_server-9] [INFO] [1790835353.261728300] [controller_server]: Passing new path to controller.
[INFO] [1790835354.214858532] [mapex_explorer]: Main /plan diagnostic: poses=19, endpoint=(6.58, 10.91), frontier=(6.58, 10.91), endpoint_to_frontier=0.000 m, limit=0.10 m -> usable
[controller_server-9] [INFO] [1790835354.261722007] [controller_server]: Passing new path to controller.
[INFO] [1790835355.245322151] [mapex_explorer]: Main /plan diagnostic: poses=12, endpoint=(6.58, 10.91), frontier=(6.58, 10.91), endpoint_to_frontier=0.000 m, limit=0.10 m -> usable
[controller_server-9] [INFO] [1790835355.261717948] [controller_server]: Passing new path to controller.
[controller_server-9] [INFO] [1790835356.265438144] [controller_server]: Reached the goal!
[controller_server-9] [INFO] [1790835356.266048649] [controller_server]: Optimizer reset
[controller_server-9] [INFO] [1790835356.271941904] [controller_server]: Received a goal, begin computing control effort.
[controller_server-9] [INFO] [1790835356.275025297] [controller_server]: Reached the goal!
[controller_server-9] [INFO] [1790835356.275491270] [controller_server]: Optimizer reset
[bt_navigator-14] [INFO] [1790835356.301122595] [bt_navigator]: Goal succeeded
[INFO] [1790835356.323474141] [mapex_explorer]: Main /plan diagnostic: poses=7, endpoint=(6.58, 10.91), frontier=(6.58, 10.91), endpoint_to_frontier=0.000 m, limit=0.10 m -> usable
[INFO] [1790835356.344866678] [mapex_explorer]: Goal reached
[INFO] [1790835363.077100453] [mapex_explorer]: MapEx decision 34: selected x=18.18, y=-2.49, IG=8.499702, distance=17.40 m, score=0.488540, region=21, candidates=11, near_fallback=False, compute=6.08 s
[bt_navigator-14] [INFO] [1790835363.078488548] [bt_navigator]: Begin navigating from current location (6.74, 10.62) to (18.18, -2.49)
[controller_server-9] [INFO] [1790835363.100648722] [controller_server]: Received a goal, begin computing control effort.
[INFO] [1790835363.286376592] [mapex_explorer]: Main goal accepted
[INFO] [1790835363.407444703] [mapex_explorer]: Main /plan diagnostic: poses=438, endpoint=(18.18, -2.49), frontier=(18.18, -2.49), endpoint_to_frontier=0.000 m, limit=0.10 m -> usable
[controller_server-9] [INFO] [1790835364.167512189] [controller_server]: Passing new path to controller.
[INFO] [1790835364.170113330] [mapex_explorer]: Main /plan diagnostic: poses=431, endpoint=(18.18, -2.49), frontier=(18.18, -2.49), endpoint_to_frontier=0.000 m, limit=0.10 m -> usable
[controller_server-9] [ERROR] [1790835364.535808585] [controller_server]: Exception in transformPose: Lookup would require extrapolation into the future.  Requested time 1412.720000 but the latest data is at time 1412.700000, when looking up transform from frame [map] to frame [odom]
[controller_server-9] [ERROR] [1790835364.535886527] [controller_server]: Unable to transform goal pose into costmap frame
[controller_server-9] [INFO] [1790835364.536090362] [controller_server]: Optimizer reset
[controller_server-9] [WARN] [1790835364.536104252] [controller_server]: [follow_path] [ActionServer] Aborting handle.
[behavior_server-13] [INFO] [1790835364.548972313] [behavior_server]: Running wait
[behavior_server-13] [INFO] [1790835364.849109688] [behavior_server]: wait completed successfully
[controller_server-9] [INFO] [1790835364.889471583] [controller_server]: Received a goal, begin computing control effort.
[INFO] [1790835364.909891439] [mapex_explorer]: Main /plan diagnostic: poses=427, endpoint=(18.18, -2.49), frontier=(18.18, -2.49), endpoint_to_frontier=0.000 m, limit=0.10 m -> usable
[INFO] [1790835365.928368872] [mapex_explorer]: Main /plan diagnostic: poses=423, endpoint=(18.18, -2.49), frontier=(18.18, -2.49), endpoint_to_frontier=0.000 m, limit=0.10 m -> usable
[controller_server-9] [INFO] [1790835365.956328570] [controller_server]: Passing new path to controller.
[controller_server-9] [INFO] [1790835366.956333943] [controller_server]: Passing new path to controller.
[INFO] [1790835367.008475272] [mapex_explorer]: Main /plan diagnostic: poses=420, endpoint=(18.18, -2.49), frontier=(18.18, -2.49), endpoint_to_frontier=0.000 m, limit=0.10 m -> usable
[INFO] [1790835367.971082818] [mapex_explorer]: Main /plan diagnostic: poses=420, endpoint=(18.18, -2.49), frontier=(18.18, -2.49), endpoint_to_frontier=0.000 m, limit=0.10 m -> usable
[controller_server-9] [INFO] [1790835368.022987272] [controller_server]: Passing new path to controller.
[INFO] [1790835368.991458185] [mapex_explorer]: Main /plan diagnostic: poses=412, endpoint=(18.18, -2.49), frontier=(18.18, -2.49), endpoint_to_frontier=0.000 m, limit=0.10 m -> usable
[controller_server-9] [INFO] [1790835369.022971587] [controller_server]: Passing new path to controller.
[INFO] [1790835369.992364473] [mapex_explorer]: Main /plan diagnostic: poses=405, endpoint=(18.18, -2.49), frontier=(18.18, -2.49), endpoint_to_frontier=0.000 m, limit=0.10 m -> usable
[controller_server-9] [INFO] [1790835370.022967817] [controller_server]: Passing new path to controller.
[INFO] [1790835371.052688668] [mapex_explorer]: Main /plan diagnostic: poses=391, endpoint=(18.18, -2.49), frontier=(18.18, -2.49), endpoint_to_frontier=0.000 m, limit=0.10 m -> usable
[controller_server-9] [INFO] [1790835371.089659991] [controller_server]: Passing new path to controller.
[INFO] [1790835372.058634696] [mapex_explorer]: Main /plan diagnostic: poses=382, endpoint=(18.18, -2.49), frontier=(18.18, -2.49), endpoint_to_frontier=0.000 m, limit=0.10 m -> usable
[controller_server-9] [INFO] [1790835372.089632454] [controller_server]: Passing new path to controller.
[INFO] [1790835373.089523263] [mapex_explorer]: Main /plan diagnostic: poses=371, endpoint=(18.18, -2.49), frontier=(18.18, -2.49), endpoint_to_frontier=0.000 m, limit=0.10 m -> usable
[controller_server-9] [INFO] [1790835373.089772898] [controller_server]: Passing new path to controller.
[controller_server-9] [INFO] [1790835374.156295238] [controller_server]: Passing new path to controller.
[INFO] [1790835374.168842523] [mapex_explorer]: Main /plan diagnostic: poses=362, endpoint=(18.18, -2.49), frontier=(18.18, -2.49), endpoint_to_frontier=0.000 m, limit=0.10 m -> usable
[async_slam_toolbox_node-8] W20261001 13:16:14.472806 30090 preprocessor.cc:67] Specified options.num_threads: 50 exceeds maximum available from the threading model Ceres was compiled with: 16.  Bounding to maximum number available.
[async_slam_toolbox_node-8] [INFO] [1790835374.493047334] [slam_toolbox]: Adaptive anchor summary: latest_node=3389, local_edges=3474, loop_history=0, avg_effective_weight=1.083, release_regions=0
[controller_server-9] [WARN] [1790835374.525722542] [controller_server]: Control loop missed its desired rate of 15.0000 Hz. Current loop rate is 9.8039 Hz.
[INFO] [1790835375.125578088] [mapex_explorer]: Main /plan diagnostic: poses=351, endpoint=(18.18, -2.49), frontier=(18.18, -2.49), endpoint_to_frontier=0.000 m, limit=0.10 m -> usable
[controller_server-9] [INFO] [1790835375.192481526] [controller_server]: Passing new path to controller.
[controller_server-9] [INFO] [1790835375.528082257] [local_costmap.local_costmap]: StaticLayer: Resizing static layer to 561 X 252 at 0.100000 m/pix
[INFO] [1790835376.148318773] [mapex_explorer]: Main /plan diagnostic: poses=342, endpoint=(18.18, -2.49), frontier=(18.18, -2.49), endpoint_to_frontier=0.000 m, limit=0.10 m -> usable
[planner_server-11] [INFO] [1790835376.189127242] [global_costmap.global_costmap]: StaticLayer: Resizing costmap to 561 X 252 at 0.100000 m/pix
[controller_server-9] [INFO] [1790835376.192531211] [controller_server]: Passing new path to controller.
[INFO] [1790835377.178173604] [mapex_explorer]: Main /plan diagnostic: poses=331, endpoint=(18.18, -2.49), frontier=(18.18, -2.49), endpoint_to_frontier=0.000 m, limit=0.10 m -> usable
[controller_server-9] [INFO] [1790835377.192482798] [controller_server]: Passing new path to controller.
[INFO] [1790835378.193464086] [mapex_explorer]: Main /plan diagnostic: poses=323, endpoint=(18.18, -2.49), frontier=(18.18, -2.49), endpoint_to_frontier=0.000 m, limit=0.10 m -> usable
[controller_server-9] [INFO] [1790835378.259152148] [controller_server]: Passing new path to controller.
[INFO] [1790835379.214769160] [mapex_explorer]: Main /plan diagnostic: poses=312, endpoint=(18.18, -2.49), frontier=(18.18, -2.49), endpoint_to_frontier=0.000 m, limit=0.10 m -> usable
[controller_server-9] [INFO] [1790835379.259151876] [controller_server]: Passing new path to controller.
[controller_server-9] [INFO] [1790835380.259154469] [controller_server]: Passing new path to controller.
[INFO] [1790835380.293631273] [mapex_explorer]: Main /plan diagnostic: poses=302, endpoint=(18.18, -2.49), frontier=(18.18, -2.49), endpoint_to_frontier=0.000 m, limit=0.10 m -> usable
[INFO] [1790835381.280204858] [mapex_explorer]: Main /plan diagnostic: poses=291, endpoint=(18.18, -2.49), frontier=(18.18, -2.49), endpoint_to_frontier=0.000 m, limit=0.10 m -> usable
[controller_server-9] [INFO] [1790835381.325817828] [controller_server]: Passing new path to controller.
[INFO] [1790835382.292522102] [mapex_explorer]: Main /plan diagnostic: poses=283, endpoint=(18.18, -2.49), frontier=(18.18, -2.49), endpoint_to_frontier=0.000 m, limit=0.10 m -> usable
[controller_server-9] [INFO] [1790835382.325817121] [controller_server]: Passing new path to controller.
[INFO] [1790835383.308693916] [mapex_explorer]: Main /plan diagnostic: poses=273, endpoint=(18.18, -2.49), frontier=(18.18, -2.49), endpoint_to_frontier=0.000 m, limit=0.10 m -> usable
[controller_server-9] [INFO] [1790835383.325816120] [controller_server]: Passing new path to controller.
[INFO] [1790835384.333268372] [mapex_explorer]: Main /plan diagnostic: poses=261, endpoint=(18.18, -2.49), frontier=(18.18, -2.49), endpoint_to_frontier=0.000 m, limit=0.10 m -> usable
[controller_server-9] [INFO] [1790835384.392508125] [controller_server]: Passing new path to controller.
[INFO] [1790835385.362334296] [mapex_explorer]: Main /plan diagnostic: poses=252, endpoint=(18.18, -2.49), frontier=(18.18, -2.49), endpoint_to_frontier=0.000 m, limit=0.10 m -> usable
[controller_server-9] [INFO] [1790835385.392480635] [controller_server]: Passing new path to controller.
[controller_server-9] [INFO] [1790835386.392486069] [controller_server]: Passing new path to controller.
[INFO] [1790835386.394391388] [mapex_explorer]: Main /plan diagnostic: poses=243, endpoint=(18.18, -2.49), frontier=(18.18, -2.49), endpoint_to_frontier=0.000 m, limit=0.10 m -> usable
[INFO] [1790835387.411808600] [mapex_explorer]: Main /plan diagnostic: poses=232, endpoint=(18.18, -2.49), frontier=(18.18, -2.49), endpoint_to_frontier=0.000 m, limit=0.10 m -> usable
[controller_server-9] [INFO] [1790835387.459159042] [controller_server]: Passing new path to controller.
[INFO] [1790835388.435611692] [mapex_explorer]: Main /plan diagnostic: poses=223, endpoint=(18.18, -2.49), frontier=(18.18, -2.49), endpoint_to_frontier=0.000 m, limit=0.10 m -> usable
[controller_server-9] [INFO] [1790835388.459151630] [controller_server]: Passing new path to controller.
[INFO] [1790835389.456063709] [mapex_explorer]: Main /plan diagnostic: poses=212, endpoint=(18.18, -2.49), frontier=(18.18, -2.49), endpoint_to_frontier=0.000 m, limit=0.10 m -> usable
[controller_server-9] [INFO] [1790835389.525835595] [controller_server]: Passing new path to controller.
[INFO] [1790835390.484061987] [mapex_explorer]: Main /plan diagnostic: poses=204, endpoint=(18.18, -2.49), frontier=(18.18, -2.49), endpoint_to_frontier=0.000 m, limit=0.10 m -> usable
[controller_server-9] [INFO] [1790835390.525842749] [controller_server]: Passing new path to controller.
[controller_server-9] [INFO] [1790835391.525819832] [controller_server]: Passing new path to controller.
[INFO] [1790835391.528533509] [mapex_explorer]: Main /plan diagnostic: poses=192, endpoint=(18.18, -2.49), frontier=(18.18, -2.49), endpoint_to_frontier=0.000 m, limit=0.10 m -> usable
[async_slam_toolbox_node-8] W20261001 13:16:31.833461 30090 preprocessor.cc:67] Specified options.num_threads: 50 exceeds maximum available from the threading model Ceres was compiled with: 16.  Bounding to maximum number available.
[controller_server-9] [INFO] [1790835392.528100859] [local_costmap.local_costmap]: StaticLayer: Resizing static layer to 561 X 252 at 0.100000 m/pix
[INFO] [1790835392.553345635] [mapex_explorer]: Main /plan diagnostic: poses=180, endpoint=(18.18, -2.49), frontier=(18.18, -2.49), endpoint_to_frontier=0.000 m, limit=0.10 m -> usable
[controller_server-9] [INFO] [1790835392.592514038] [controller_server]: Passing new path to controller.
[planner_server-11] [INFO] [1790835393.189093377] [global_costmap.global_costmap]: StaticLayer: Resizing costmap to 561 X 252 at 0.100000 m/pix
[INFO] [1790835393.567179812] [mapex_explorer]: Main /plan diagnostic: poses=172, endpoint=(18.18, -2.49), frontier=(18.18, -2.49), endpoint_to_frontier=0.000 m, limit=0.10 m -> usable
[controller_server-9] [INFO] [1790835393.592488581] [controller_server]: Passing new path to controller.
[INFO] [1790835394.607037668] [mapex_explorer]: Main /plan diagnostic: poses=161, endpoint=(18.18, -2.49), frontier=(18.18, -2.49), endpoint_to_frontier=0.000 m, limit=0.10 m -> usable
[controller_server-9] [INFO] [1790835394.659154184] [controller_server]: Passing new path to controller.
[INFO] [1790835395.656522461] [mapex_explorer]: Main /plan diagnostic: poses=151, endpoint=(18.18, -2.49), frontier=(18.18, -2.49), endpoint_to_frontier=0.000 m, limit=0.10 m -> usable
[controller_server-9] [INFO] [1790835395.659150501] [controller_server]: Passing new path to controller.
[INFO] [1790835396.646534524] [mapex_explorer]: Main /plan diagnostic: poses=141, endpoint=(18.18, -2.49), frontier=(18.18, -2.49), endpoint_to_frontier=0.000 m, limit=0.10 m -> usable
[controller_server-9] [INFO] [1790835396.659158255] [controller_server]: Passing new path to controller.
[async_slam_toolbox_node-8] W20261001 13:16:37.557933 30090 preprocessor.cc:67] Specified options.num_threads: 50 exceeds maximum available from the threading model Ceres was compiled with: 16.  Bounding to maximum number available.
[async_slam_toolbox_node-8] [INFO] [1790835397.582917381] [slam_toolbox]: Adaptive anchor summary: latest_node=3455, local_edges=3540, loop_history=0, avg_effective_weight=1.081, release_regions=0
[INFO] [1790835397.701407660] [mapex_explorer]: Main /plan diagnostic: poses=131, endpoint=(18.18, -2.49), frontier=(18.18, -2.49), endpoint_to_frontier=0.000 m, limit=0.10 m -> usable
[controller_server-9] [INFO] [1790835397.725843079] [controller_server]: Passing new path to controller.
[controller_server-9] [INFO] [1790835398.528093488] [local_costmap.local_costmap]: StaticLayer: Resizing static layer to 561 X 252 at 0.100000 m/pix
[INFO] [1790835398.694004747] [mapex_explorer]: Main /plan diagnostic: poses=119, endpoint=(18.18, -2.49), frontier=(18.18, -2.49), endpoint_to_frontier=0.000 m, limit=0.10 m -> usable
[controller_server-9] [INFO] [1790835398.725826064] [controller_server]: Passing new path to controller.
[planner_server-11] [INFO] [1790835399.189120303] [global_costmap.global_costmap]: StaticLayer: Resizing costmap to 561 X 252 at 0.100000 m/pix
[INFO] [1790835399.729988714] [mapex_explorer]: Main /plan diagnostic: poses=107, endpoint=(18.18, -2.49), frontier=(18.18, -2.49), endpoint_to_frontier=0.000 m, limit=0.10 m -> usable
[controller_server-9] [INFO] [1790835399.792497635] [controller_server]: Passing new path to controller.
[controller_server-9] [INFO] [1790835400.792481654] [controller_server]: Passing new path to controller.
[INFO] [1790835400.796185034] [mapex_explorer]: Main /plan diagnostic: poses=99, endpoint=(18.18, -2.49), frontier=(18.18, -2.49), endpoint_to_frontier=0.000 m, limit=0.10 m -> usable
[INFO] [1790835401.773532256] [mapex_explorer]: Main /plan diagnostic: poses=86, endpoint=(18.18, -2.49), frontier=(18.18, -2.49), endpoint_to_frontier=0.000 m, limit=0.10 m -> usable
[controller_server-9] [INFO] [1790835401.792500605] [controller_server]: Passing new path to controller.
[INFO] [1790835402.802045468] [mapex_explorer]: Main /plan diagnostic: poses=76, endpoint=(18.18, -2.49), frontier=(18.18, -2.49), endpoint_to_frontier=0.000 m, limit=0.10 m -> usable
[controller_server-9] [INFO] [1790835402.859149733] [controller_server]: Passing new path to controller.
[INFO] [1790835403.836362424] [mapex_explorer]: Main /plan diagnostic: poses=66, endpoint=(18.18, -2.49), frontier=(18.18, -2.49), endpoint_to_frontier=0.000 m, limit=0.10 m -> usable
[controller_server-9] [INFO] [1790835403.859149573] [controller_server]: Passing new path to controller.
[INFO] [1790835404.889462249] [mapex_explorer]: Main /plan diagnostic: poses=58, endpoint=(18.18, -2.49), frontier=(18.18, -2.49), endpoint_to_frontier=0.000 m, limit=0.10 m -> usable
[controller_server-9] [INFO] [1790835404.925814675] [controller_server]: Passing new path to controller.
[INFO] [1790835405.894071329] [mapex_explorer]: Main /plan diagnostic: poses=48, endpoint=(18.18, -2.49), frontier=(18.18, -2.49), endpoint_to_frontier=0.000 m, limit=0.10 m -> usable
[controller_server-9] [INFO] [1790835405.925817289] [controller_server]: Passing new path to controller.
[INFO] [1790835406.908338511] [mapex_explorer]: Main /plan diagnostic: poses=38, endpoint=(18.18, -2.49), frontier=(18.18, -2.49), endpoint_to_frontier=0.000 m, limit=0.10 m -> usable
[controller_server-9] [INFO] [1790835406.925814209] [controller_server]: Passing new path to controller.
[INFO] [1790835407.957846414] [mapex_explorer]: Main /plan diagnostic: poses=28, endpoint=(18.18, -2.49), frontier=(18.18, -2.49), endpoint_to_frontier=0.000 m, limit=0.10 m -> usable
[controller_server-9] [INFO] [1790835407.992555896] [controller_server]: Passing new path to controller.
[INFO] [1790835408.949980019] [mapex_explorer]: Main /plan diagnostic: poses=18, endpoint=(18.18, -2.49), frontier=(18.18, -2.49), endpoint_to_frontier=0.000 m, limit=0.10 m -> usable
[controller_server-9] [INFO] [1790835408.992482242] [controller_server]: Passing new path to controller.
[INFO] [1790835409.989757661] [mapex_explorer]: Main /plan diagnostic: poses=11, endpoint=(18.18, -2.49), frontier=(18.18, -2.49), endpoint_to_frontier=0.000 m, limit=0.10 m -> usable
[controller_server-9] [INFO] [1790835409.992484966] [controller_server]: Passing new path to controller.
[INFO] [1790835410.983889072] [mapex_explorer]: Main /plan diagnostic: poses=7, endpoint=(18.18, -2.49), frontier=(18.18, -2.49), endpoint_to_frontier=0.000 m, limit=0.10 m -> usable
[controller_server-9] [INFO] [1790835411.059322304] [controller_server]: Passing new path to controller.
[controller_server-9] [INFO] [1790835411.127369154] [controller_server]: Reached the goal!
[controller_server-9] [INFO] [1790835411.127609082] [controller_server]: Optimizer reset
[bt_navigator-14] [INFO] [1790835411.148720740] [bt_navigator]: Goal succeeded
[INFO] [1790835411.150386072] [mapex_explorer]: Goal reached
[INFO] [1790835418.797672397] [mapex_explorer]: MapEx decision 35: selected x=23.18, y=-7.89, IG=9.119612, distance=7.69 m, score=1.185367, region=22, candidates=10, near_fallback=False, compute=6.81 s
[bt_navigator-14] [INFO] [1790835418.798742180] [bt_navigator]: Begin navigating from current location (17.98, -2.22) to (23.18, -7.89)
[controller_server-9] [INFO] [1790835418.820367973] [controller_server]: Received a goal, begin computing control effort.
[INFO] [1790835418.946628633] [mapex_explorer]: Main goal accepted
[INFO] [1790835419.008023137] [mapex_explorer]: Main /plan diagnostic: poses=903, endpoint=(23.18, -7.89), frontier=(23.18, -7.89), endpoint_to_frontier=0.000 m, limit=0.10 m -> usable
[INFO] [1790835419.856992208] [mapex_explorer]: Main /plan diagnostic: poses=899, endpoint=(23.18, -7.89), frontier=(23.18, -7.89), endpoint_to_frontier=0.000 m, limit=0.10 m -> usable
[controller_server-9] [INFO] [1790835419.887220508] [controller_server]: Passing new path to controller.
[controller_server-9] [INFO] [1790835420.887217173] [controller_server]: Passing new path to controller.
[INFO] [1790835420.893968437] [mapex_explorer]: Main /plan diagnostic: poses=893, endpoint=(23.18, -7.89), frontier=(23.18, -7.89), endpoint_to_frontier=0.000 m, limit=0.10 m -> usable
[INFO] [1790835421.951456874] [mapex_explorer]: Main /plan diagnostic: poses=884, endpoint=(23.18, -7.89), frontier=(23.18, -7.89), endpoint_to_frontier=0.000 m, limit=0.10 m -> usable
[controller_server-9] [INFO] [1790835421.953894784] [controller_server]: Passing new path to controller.
[INFO] [1790835422.950746868] [mapex_explorer]: Main /plan diagnostic: poses=879, endpoint=(23.18, -7.89), frontier=(23.18, -7.89), endpoint_to_frontier=0.000 m, limit=0.10 m -> usable
[controller_server-9] [INFO] [1790835422.953898037] [controller_server]: Passing new path to controller.
[INFO] [1790835423.959241974] [mapex_explorer]: Main /plan diagnostic: poses=870, endpoint=(23.18, -7.89), frontier=(23.18, -7.89), endpoint_to_frontier=0.000 m, limit=0.10 m -> usable
[controller_server-9] [INFO] [1790835424.020619437] [controller_server]: Passing new path to controller.
[INFO] [1790835424.997302657] [mapex_explorer]: Main /plan diagnostic: poses=865, endpoint=(23.18, -7.89), frontier=(23.18, -7.89), endpoint_to_frontier=0.000 m, limit=0.10 m -> usable
[controller_server-9] [INFO] [1790835425.020565872] [controller_server]: Passing new path to controller.
[controller_server-9] [INFO] [1790835426.020572025] [controller_server]: Passing new path to controller.
[INFO] [1790835426.033705300] [mapex_explorer]: Main /plan diagnostic: poses=857, endpoint=(23.18, -7.89), frontier=(23.18, -7.89), endpoint_to_frontier=0.000 m, limit=0.10 m -> usable
[INFO] [1790835427.054919410] [mapex_explorer]: Main /plan diagnostic: poses=850, endpoint=(23.18, -7.89), frontier=(23.18, -7.89), endpoint_to_frontier=0.000 m, limit=0.10 m -> usable
[controller_server-9] [INFO] [1790835427.087439878] [controller_server]: Passing new path to controller.
[controller_server-9] [INFO] [1790835428.087215308] [controller_server]: Passing new path to controller.
[INFO] [1790835428.111565775] [mapex_explorer]: Main /plan diagnostic: poses=842, endpoint=(23.18, -7.89), frontier=(23.18, -7.89), endpoint_to_frontier=0.000 m, limit=0.10 m -> usable
[INFO] [1790835429.096790660] [mapex_explorer]: Main /plan diagnostic: poses=836, endpoint=(23.18, -7.89), frontier=(23.18, -7.89), endpoint_to_frontier=0.000 m, limit=0.10 m -> usable
[controller_server-9] [INFO] [1790835429.153904721] [controller_server]: Passing new path to controller.
[INFO] [1790835430.130870135] [mapex_explorer]: Main /plan diagnostic: poses=828, endpoint=(23.18, -7.89), frontier=(23.18, -7.89), endpoint_to_frontier=0.000 m, limit=0.10 m -> usable
[controller_server-9] [INFO] [1790835430.153905884] [controller_server]: Passing new path to controller.
[controller_server-9] [INFO] [1790835431.153883179] [controller_server]: Passing new path to controller.
[INFO] [1790835431.174482656] [mapex_explorer]: Main /plan diagnostic: poses=824, endpoint=(23.18, -7.89), frontier=(23.18, -7.89), endpoint_to_frontier=0.000 m, limit=0.10 m -> usable
[INFO] [1790835432.190623551] [mapex_explorer]: Main /plan diagnostic: poses=816, endpoint=(23.18, -7.89), frontier=(23.18, -7.89), endpoint_to_frontier=0.000 m, limit=0.10 m -> usable
[controller_server-9] [INFO] [1790835432.220550114] [controller_server]: Passing new path to controller.
[INFO] [1790835433.201810805] [mapex_explorer]: Main /plan diagnostic: poses=809, endpoint=(23.18, -7.89), frontier=(23.18, -7.89), endpoint_to_frontier=0.000 m, limit=0.10 m -> usable
[controller_server-9] [INFO] [1790835433.220586749] [controller_server]: Passing new path to controller.
[controller_server-9] [INFO] [1790835434.220549173] [controller_server]: Passing new path to controller.
[INFO] [1790835434.246864802] [mapex_explorer]: Main /plan diagnostic: poses=803, endpoint=(23.18, -7.89), frontier=(23.18, -7.89), endpoint_to_frontier=0.000 m, limit=0.10 m -> usable
[INFO] [1790835435.259278167] [mapex_explorer]: Main /plan diagnostic: poses=803, endpoint=(23.18, -7.89), frontier=(23.18, -7.89), endpoint_to_frontier=0.000 m, limit=0.10 m -> usable
[controller_server-9] [INFO] [1790835435.287220680] [controller_server]: Passing new path to controller.
[controller_server-9] [INFO] [1790835436.287217480] [controller_server]: Passing new path to controller.
[INFO] [1790835436.307233380] [mapex_explorer]: Main /plan diagnostic: poses=800, endpoint=(23.18, -7.89), frontier=(23.18, -7.89), endpoint_to_frontier=0.000 m, limit=0.10 m -> usable
[INFO] [1790835437.315527917] [mapex_explorer]: Main /plan diagnostic: poses=788, endpoint=(23.18, -7.89), frontier=(23.18, -7.89), endpoint_to_frontier=0.000 m, limit=0.10 m -> usable
[controller_server-9] [INFO] [1790835437.353902209] [controller_server]: Passing new path to controller.
[INFO] [1790835438.346797733] [mapex_explorer]: Main /plan diagnostic: poses=779, endpoint=(23.18, -7.89), frontier=(23.18, -7.89), endpoint_to_frontier=0.000 m, limit=0.10 m -> usable
[controller_server-9] [INFO] [1790835438.353893640] [controller_server]: Passing new path to controller.
[INFO] [1790835439.375047352] [mapex_explorer]: Main /plan diagnostic: poses=768, endpoint=(23.18, -7.89), frontier=(23.18, -7.89), endpoint_to_frontier=0.000 m, limit=0.10 m -> usable
[controller_server-9] [INFO] [1790835439.420578644] [controller_server]: Passing new path to controller.
[INFO] [1790835440.389508405] [mapex_explorer]: Main /plan diagnostic: poses=759, endpoint=(23.18, -7.89), frontier=(23.18, -7.89), endpoint_to_frontier=0.000 m, limit=0.10 m -> usable
[controller_server-9] [INFO] [1790835440.420551388] [controller_server]: Passing new path to controller.
[controller_server-9] [WARN] [1790835440.505385655] [controller_server]: Control loop missed its desired rate of 15.0000 Hz. Current loop rate is 12.1951 Hz.
[INFO] [1790835441.438979623] [mapex_explorer]: Main /plan diagnostic: poses=748, endpoint=(23.18, -7.89), frontier=(23.18, -7.89), endpoint_to_frontier=0.000 m, limit=0.10 m -> usable
[controller_server-9] [INFO] [1790835441.438855869] [controller_server]: Passing new path to controller.
[INFO] [1790835442.458650870] [mapex_explorer]: Main /plan diagnostic: poses=740, endpoint=(23.18, -7.89), frontier=(23.18, -7.89), endpoint_to_frontier=0.000 m, limit=0.10 m -> usable
[controller_server-9] [INFO] [1790835442.505518222] [controller_server]: Passing new path to controller.
[async_slam_toolbox_node-8] W20261001 13:17:23.145731 30090 preprocessor.cc:67] Specified options.num_threads: 50 exceeds maximum available from the threading model Ceres was compiled with: 16.  Bounding to maximum number available.
[async_slam_toolbox_node-8] [INFO] [1790835443.166814899] [slam_toolbox]: Adaptive anchor summary: latest_node=3572, local_edges=3661, loop_history=0, avg_effective_weight=1.079, release_regions=0
[INFO] [1790835443.468083929] [mapex_explorer]: Main /plan diagnostic: poses=730, endpoint=(23.18, -7.89), frontier=(23.18, -7.89), endpoint_to_frontier=0.000 m, limit=0.10 m -> usable
[controller_server-9] [INFO] [1790835443.505519468] [controller_server]: Passing new path to controller.
[controller_server-9] [INFO] [1790835443.528090386] [local_costmap.local_costmap]: StaticLayer: Resizing static layer to 561 X 252 at 0.100000 m/pix
[planner_server-11] [INFO] [1790835444.189108544] [global_costmap.global_costmap]: StaticLayer: Resizing costmap to 561 X 252 at 0.100000 m/pix
[INFO] [1790835444.498791574] [mapex_explorer]: Main /plan diagnostic: poses=720, endpoint=(23.18, -7.89), frontier=(23.18, -7.89), endpoint_to_frontier=0.000 m, limit=0.10 m -> usable
[controller_server-9] [INFO] [1790835444.505518540] [controller_server]: Passing new path to controller.
[INFO] [1790835445.554691171] [mapex_explorer]: Main /plan diagnostic: poses=710, endpoint=(23.18, -7.89), frontier=(23.18, -7.89), endpoint_to_frontier=0.000 m, limit=0.10 m -> usable
[controller_server-9] [INFO] [1790835445.572421470] [controller_server]: Passing new path to controller.
[controller_server-9] [INFO] [1790835446.572183134] [controller_server]: Passing new path to controller.
[INFO] [1790835446.598816434] [mapex_explorer]: Main /plan diagnostic: poses=698, endpoint=(23.18, -7.89), frontier=(23.18, -7.89), endpoint_to_frontier=0.000 m, limit=0.10 m -> usable
[INFO] [1790835447.630238621] [mapex_explorer]: Main /plan diagnostic: poses=688, endpoint=(23.18, -7.89), frontier=(23.18, -7.89), endpoint_to_frontier=0.000 m, limit=0.10 m -> usable
[controller_server-9] [INFO] [1790835447.638875352] [controller_server]: Passing new path to controller.
[INFO] [1790835448.633640011] [mapex_explorer]: Main /plan diagnostic: poses=678, endpoint=(23.18, -7.89), frontier=(23.18, -7.89), endpoint_to_frontier=0.000 m, limit=0.10 m -> usable
[controller_server-9] [INFO] [1790835448.638857147] [controller_server]: Passing new path to controller.
[INFO] [1790835449.678142202] [mapex_explorer]: Main /plan diagnostic: poses=668, endpoint=(23.18, -7.89), frontier=(23.18, -7.89), endpoint_to_frontier=0.000 m, limit=0.10 m -> usable
[controller_server-9] [INFO] [1790835449.705544959] [controller_server]: Passing new path to controller.
[INFO] [1790835450.690350091] [mapex_explorer]: Main /plan diagnostic: poses=658, endpoint=(23.18, -7.89), frontier=(23.18, -7.89), endpoint_to_frontier=0.000 m, limit=0.10 m -> usable
[controller_server-9] [INFO] [1790835450.705516876] [controller_server]: Passing new path to controller.
[INFO] [1790835451.734229353] [mapex_explorer]: Main /plan diagnostic: poses=648, endpoint=(23.18, -7.89), frontier=(23.18, -7.89), endpoint_to_frontier=0.000 m, limit=0.10 m -> usable
[controller_server-9] [INFO] [1790835451.772184858] [controller_server]: Passing new path to controller.
[INFO] [1790835452.743029094] [mapex_explorer]: Main /plan diagnostic: poses=638, endpoint=(23.18, -7.89), frontier=(23.18, -7.89), endpoint_to_frontier=0.000 m, limit=0.10 m -> usable
[controller_server-9] [INFO] [1790835452.772209595] [controller_server]: Passing new path to controller.
[INFO] [1790835453.770670326] [mapex_explorer]: Main /plan diagnostic: poses=628, endpoint=(23.18, -7.89), frontier=(23.18, -7.89), endpoint_to_frontier=0.000 m, limit=0.10 m -> usable
[controller_server-9] [INFO] [1790835453.772187940] [controller_server]: Passing new path to controller.
[INFO] [1790835454.826686054] [mapex_explorer]: Main /plan diagnostic: poses=618, endpoint=(23.18, -7.89), frontier=(23.18, -7.89), endpoint_to_frontier=0.000 m, limit=0.10 m -> usable
[controller_server-9] [INFO] [1790835454.838853532] [controller_server]: Passing new path to controller.
[INFO] [1790835455.830838212] [mapex_explorer]: Main /plan diagnostic: poses=608, endpoint=(23.18, -7.89), frontier=(23.18, -7.89), endpoint_to_frontier=0.000 m, limit=0.10 m -> usable
[controller_server-9] [INFO] [1790835455.838848235] [controller_server]: Passing new path to controller.
[INFO] [1790835456.857936471] [mapex_explorer]: Main /plan diagnostic: poses=598, endpoint=(23.18, -7.89), frontier=(23.18, -7.89), endpoint_to_frontier=0.000 m, limit=0.10 m -> usable
[controller_server-9] [INFO] [1790835456.905528417] [controller_server]: Passing new path to controller.
[INFO] [1790835457.878877293] [mapex_explorer]: Main /plan diagnostic: poses=588, endpoint=(23.18, -7.89), frontier=(23.18, -7.89), endpoint_to_frontier=0.000 m, limit=0.10 m -> usable
[controller_server-9] [INFO] [1790835457.905517261] [controller_server]: Passing new path to controller.
[INFO] [1790835458.898853554] [mapex_explorer]: Main /plan diagnostic: poses=578, endpoint=(23.18, -7.89), frontier=(23.18, -7.89), endpoint_to_frontier=0.000 m, limit=0.10 m -> usable
[controller_server-9] [INFO] [1790835458.905548378] [controller_server]: Passing new path to controller.
[controller_server-9] [INFO] [1790835459.972186629] [controller_server]: Passing new path to controller.
[INFO] [1790835459.974668473] [mapex_explorer]: Main /plan diagnostic: poses=568, endpoint=(23.18, -7.89), frontier=(23.18, -7.89), endpoint_to_frontier=0.000 m, limit=0.10 m -> usable
[controller_server-9] [INFO] [1790835460.972196234] [controller_server]: Passing new path to controller.
[INFO] [1790835461.002259308] [mapex_explorer]: Main /plan diagnostic: poses=558, endpoint=(23.18, -7.89), frontier=(23.18, -7.89), endpoint_to_frontier=0.000 m, limit=0.10 m -> usable
[INFO] [1790835461.996039555] [mapex_explorer]: Main /plan diagnostic: poses=548, endpoint=(23.18, -7.89), frontier=(23.18, -7.89), endpoint_to_frontier=0.000 m, limit=0.10 m -> usable
[controller_server-9] [INFO] [1790835462.038872342] [controller_server]: Passing new path to controller.
[controller_server-9] [INFO] [1790835463.038853594] [controller_server]: Passing new path to controller.
[INFO] [1790835463.053973150] [mapex_explorer]: Main /plan diagnostic: poses=538, endpoint=(23.18, -7.89), frontier=(23.18, -7.89), endpoint_to_frontier=0.000 m, limit=0.10 m -> usable
[INFO] [1790835464.096864429] [mapex_explorer]: Main /plan diagnostic: poses=528, endpoint=(23.18, -7.89), frontier=(23.18, -7.89), endpoint_to_frontier=0.000 m, limit=0.10 m -> usable
[controller_server-9] [INFO] [1790835464.105522375] [controller_server]: Passing new path to controller.
[INFO] [1790835465.097320549] [mapex_explorer]: Main /plan diagnostic: poses=518, endpoint=(23.18, -7.89), frontier=(23.18, -7.89), endpoint_to_frontier=0.000 m, limit=0.10 m -> usable
[controller_server-9] [INFO] [1790835465.105523939] [controller_server]: Passing new path to controller.
[async_slam_toolbox_node-8] W20261001 13:17:45.504750 30090 preprocessor.cc:67] Specified options.num_threads: 50 exceeds maximum available from the threading model Ceres was compiled with: 16.  Bounding to maximum number available.
[async_slam_toolbox_node-8] [INFO] [1790835465.536876128] [slam_toolbox]: Adaptive anchor summary: latest_node=3635, local_edges=3725, loop_history=0, avg_effective_weight=1.077, release_regions=0
[controller_server-9] [ERROR] [1790835465.551192497] [controller_server]: Exception in transformPose: Lookup would require extrapolation into the future.  Requested time 1510.560000 but the latest data is at time 1510.500000, when looking up transform from frame [map] to frame [odom]
[controller_server-9] [ERROR] [1790835465.551308006] [controller_server]: Unable to transform goal pose into costmap frame
[controller_server-9] [INFO] [1790835465.551646773] [controller_server]: Optimizer reset
[controller_server-9] [WARN] [1790835465.551663159] [controller_server]: [follow_path] [ActionServer] Aborting handle.
[behavior_server-13] [INFO] [1790835465.569197837] [behavior_server]: Running wait
[behavior_server-13] [INFO] [1790835465.869333011] [behavior_server]: wait completed successfully
[controller_server-9] [INFO] [1790835465.909365945] [controller_server]: Received a goal, begin computing control effort.
[INFO] [1790835465.923595041] [mapex_explorer]: Main /plan diagnostic: poses=512, endpoint=(23.18, -7.89), frontier=(23.18, -7.89), endpoint_to_frontier=0.000 m, limit=0.10 m -> usable
[controller_server-9] [INFO] [1790835466.528102915] [local_costmap.local_costmap]: StaticLayer: Resizing static layer to 561 X 252 at 0.100000 m/pix
[INFO] [1790835466.949853912] [mapex_explorer]: Main /plan diagnostic: poses=504, endpoint=(23.18, -7.89), frontier=(23.18, -7.89), endpoint_to_frontier=0.000 m, limit=0.10 m -> usable
[controller_server-9] [INFO] [1790835466.976176312] [controller_server]: Passing new path to controller.
[planner_server-11] [INFO] [1790835467.189101130] [global_costmap.global_costmap]: StaticLayer: Resizing costmap to 561 X 252 at 0.100000 m/pix
[controller_server-9] [INFO] [1790835467.976171435] [controller_server]: Passing new path to controller.
[INFO] [1790835467.990212545] [mapex_explorer]: Main /plan diagnostic: poses=494, endpoint=(23.18, -7.89), frontier=(23.18, -7.89), endpoint_to_frontier=0.000 m, limit=0.10 m -> usable
[INFO] [1790835469.021212706] [mapex_explorer]: Main /plan diagnostic: poses=484, endpoint=(23.18, -7.89), frontier=(23.18, -7.89), endpoint_to_frontier=0.000 m, limit=0.10 m -> usable
[controller_server-9] [INFO] [1790835469.042853692] [controller_server]: Passing new path to controller.
[INFO] [1790835470.017489253] [mapex_explorer]: Main /plan diagnostic: poses=474, endpoint=(23.18, -7.89), frontier=(23.18, -7.89), endpoint_to_frontier=0.000 m, limit=0.10 m -> usable
[controller_server-9] [INFO] [1790835470.042838645] [controller_server]: Passing new path to controller.
[async_slam_toolbox_node-8] W20261001 13:17:50.148684 30090 preprocessor.cc:67] Specified options.num_threads: 50 exceeds maximum available from the threading model Ceres was compiled with: 16.  Bounding to maximum number available.
[controller_server-9] [INFO] [1790835471.109520359] [controller_server]: Passing new path to controller.
[INFO] [1790835471.116811738] [mapex_explorer]: Main /plan diagnostic: poses=464, endpoint=(23.18, -7.89), frontier=(23.18, -7.89), endpoint_to_frontier=0.000 m, limit=0.10 m -> usable
[INFO] [1790835472.068532240] [mapex_explorer]: Main /plan diagnostic: poses=454, endpoint=(23.18, -7.89), frontier=(23.18, -7.89), endpoint_to_frontier=0.000 m, limit=0.10 m -> usable
[controller_server-9] [INFO] [1790835472.109507177] [controller_server]: Passing new path to controller.
[INFO] [1790835473.104539756] [mapex_explorer]: Main /plan diagnostic: poses=442, endpoint=(23.18, -7.89), frontier=(23.18, -7.89), endpoint_to_frontier=0.000 m, limit=0.10 m -> usable
[controller_server-9] [INFO] [1790835473.109503229] [controller_server]: Passing new path to controller.
[controller_server-9] [INFO] [1790835474.176177715] [controller_server]: Passing new path to controller.
[INFO] [1790835474.187753916] [mapex_explorer]: Main /plan diagnostic: poses=432, endpoint=(23.18, -7.89), frontier=(23.18, -7.89), endpoint_to_frontier=0.000 m, limit=0.10 m -> usable
[INFO] [1790835475.144065050] [mapex_explorer]: Main /plan diagnostic: poses=422, endpoint=(23.18, -7.89), frontier=(23.18, -7.89), endpoint_to_frontier=0.000 m, limit=0.10 m -> usable
[controller_server-9] [INFO] [1790835475.176204611] [controller_server]: Passing new path to controller.
[INFO] [1790835476.171076505] [mapex_explorer]: Main /plan diagnostic: poses=412, endpoint=(23.18, -7.89), frontier=(23.18, -7.89), endpoint_to_frontier=0.000 m, limit=0.10 m -> usable
[controller_server-9] [INFO] [1790835476.242830450] [controller_server]: Passing new path to controller.
[INFO] [1790835477.211489622] [mapex_explorer]: Main /plan diagnostic: poses=403, endpoint=(23.18, -7.89), frontier=(23.18, -7.89), endpoint_to_frontier=0.000 m, limit=0.10 m -> usable
[controller_server-9] [INFO] [1790835477.242849574] [controller_server]: Passing new path to controller.
[controller_server-9] [WARN] [1790835477.525094871] [controller_server]: Control loop missed its desired rate of 15.0000 Hz. Current loop rate is 12.1951 Hz.
[controller_server-9] [INFO] [1790835478.259464547] [controller_server]: Passing new path to controller.
[INFO] [1790835478.303230344] [mapex_explorer]: Main /plan diagnostic: poses=393, endpoint=(23.18, -7.89), frontier=(23.18, -7.89), endpoint_to_frontier=0.000 m, limit=0.10 m -> usable
[INFO] [1790835479.265093568] [mapex_explorer]: Main /plan diagnostic: poses=385, endpoint=(23.18, -7.89), frontier=(23.18, -7.89), endpoint_to_frontier=0.000 m, limit=0.10 m -> usable
[controller_server-9] [INFO] [1790835479.325194599] [controller_server]: Passing new path to controller.
[INFO] [1790835480.290251328] [mapex_explorer]: Main /plan diagnostic: poses=375, endpoint=(23.18, -7.89), frontier=(23.18, -7.89), endpoint_to_frontier=0.000 m, limit=0.10 m -> usable
[controller_server-9] [INFO] [1790835480.325197584] [controller_server]: Passing new path to controller.
[INFO] [1790835481.317822080] [mapex_explorer]: Main /plan diagnostic: poses=365, endpoint=(23.18, -7.89), frontier=(23.18, -7.89), endpoint_to_frontier=0.000 m, limit=0.10 m -> usable
[controller_server-9] [INFO] [1790835481.325204605] [controller_server]: Passing new path to controller.
[INFO] [1790835482.338161917] [mapex_explorer]: Main /plan diagnostic: poses=354, endpoint=(23.18, -7.89), frontier=(23.18, -7.89), endpoint_to_frontier=0.000 m, limit=0.10 m -> usable
[controller_server-9] [INFO] [1790835482.391877615] [controller_server]: Passing new path to controller.
[controller_server-9] [INFO] [1790835483.391907530] [controller_server]: Passing new path to controller.
[INFO] [1790835483.394547788] [mapex_explorer]: Main /plan diagnostic: poses=345, endpoint=(23.18, -7.89), frontier=(23.18, -7.89), endpoint_to_frontier=0.000 m, limit=0.10 m -> usable
[controller_server-9] [ERROR] [1790835483.493866189] [controller_server]: Exception in transformPose: Lookup would require extrapolation into the future.  Requested time 1528.120000 but the latest data is at time 1528.100000, when looking up transform from frame [map] to frame [odom]
[controller_server-9] [ERROR] [1790835483.494040265] [controller_server]: Unable to transform goal pose into costmap frame
[controller_server-9] [INFO] [1790835483.494472889] [controller_server]: Optimizer reset
[controller_server-9] [WARN] [1790835483.494503441] [controller_server]: [follow_path] [ActionServer] Aborting handle.
[bt_navigator-14] [WARN] [1790835483.518887814] [bt_navigator]: [navigate_to_pose] [ActionServer] Aborting handle.
[bt_navigator-14] [ERROR] [1790835483.519044570] [bt_navigator]: Goal failed
[WARN] [1790835483.554888488] [mapex_explorer]: Main goal failed (status=6, error_code=102)
[WARN] [1790835483.555579694] [mapex_explorer]: Path-guided recovery #1: temporary subgoal x=31.90, y=-4.85, 0.70 m ahead on main path (remaining main path=17.12 m, trigger_error=102)
[bt_navigator-14] [INFO] [1790835483.557246963] [bt_navigator]: Begin navigating from current location (31.25, -4.71) to (31.90, -4.85)
[INFO] [1790835483.561786251] [mapex_explorer]: Subgoal goal accepted
[controller_server-9] [INFO] [1790835483.577783383] [controller_server]: Received a goal, begin computing control effort.
[controller_server-9] [INFO] [1790835484.579639471] [controller_server]: Reached the goal!
[controller_server-9] [INFO] [1790835484.580031053] [controller_server]: Optimizer reset
[bt_navigator-14] [INFO] [1790835484.607536890] [bt_navigator]: Goal succeeded
[INFO] [1790835484.611541394] [mapex_explorer]: Recovery subgoal reached; retrying the same main frontier.
[bt_navigator-14] [INFO] [1790835484.613635612] [bt_navigator]: Begin navigating from current location (31.53, -4.78) to (23.18, -7.89)
[INFO] [1790835484.618998920] [mapex_explorer]: Main goal accepted
[controller_server-9] [INFO] [1790835484.634798844] [controller_server]: Received a goal, begin computing control effort.
[INFO] [1790835484.638966551] [mapex_explorer]: Main /plan diagnostic: poses=336, endpoint=(23.18, -7.89), frontier=(23.18, -7.89), endpoint_to_frontier=0.000 m, limit=0.10 m -> usable
[controller_server-9] [INFO] [1790835485.701623542] [controller_server]: Passing new path to controller.
[INFO] [1790835485.763223137] [mapex_explorer]: Main /plan diagnostic: poses=328, endpoint=(23.18, -7.89), frontier=(23.18, -7.89), endpoint_to_frontier=0.000 m, limit=0.10 m -> usable
[controller_server-9] [INFO] [1790835486.701627049] [controller_server]: Passing new path to controller.
[INFO] [1790835486.754991718] [mapex_explorer]: Main /plan diagnostic: poses=318, endpoint=(23.18, -7.89), frontier=(23.18, -7.89), endpoint_to_frontier=0.000 m, limit=0.10 m -> usable
[controller_server-9] [WARN] [1790835487.506952503] [controller_server]: Control loop missed its desired rate of 15.0000 Hz. Current loop rate is 14.2857 Hz.
[INFO] [1790835487.723226547] [mapex_explorer]: Main /plan diagnostic: poses=307, endpoint=(23.18, -7.89), frontier=(23.18, -7.89), endpoint_to_frontier=0.000 m, limit=0.10 m -> usable
[controller_server-9] [INFO] [1790835487.773774808] [controller_server]: Passing new path to controller.
[controller_server-9] [INFO] [1790835488.773726081] [controller_server]: Passing new path to controller.
[INFO] [1790835488.821389654] [mapex_explorer]: Main /plan diagnostic: poses=298, endpoint=(23.18, -7.89), frontier=(23.18, -7.89), endpoint_to_frontier=0.000 m, limit=0.10 m -> usable
[controller_server-9] [WARN] [1790835489.525795230] [controller_server]: Control loop missed its desired rate of 15.0000 Hz. Current loop rate is 12.1951 Hz.
[INFO] [1790835489.774308369] [mapex_explorer]: Main /plan diagnostic: poses=289, endpoint=(23.18, -7.89), frontier=(23.18, -7.89), endpoint_to_frontier=0.000 m, limit=0.10 m -> usable
[controller_server-9] [INFO] [1790835489.792585481] [controller_server]: Passing new path to controller.
[INFO] [1790835490.781937929] [mapex_explorer]: Main /plan diagnostic: poses=279, endpoint=(23.18, -7.89), frontier=(23.18, -7.89), endpoint_to_frontier=0.000 m, limit=0.10 m -> usable
[controller_server-9] [INFO] [1790835490.859277478] [controller_server]: Passing new path to controller.
[INFO] [1790835491.815644396] [mapex_explorer]: Main /plan diagnostic: poses=267, endpoint=(23.18, -7.89), frontier=(23.18, -7.89), endpoint_to_frontier=0.000 m, limit=0.10 m -> usable
[controller_server-9] [INFO] [1790835491.859248060] [controller_server]: Passing new path to controller.
[INFO] [1790835492.855671133] [mapex_explorer]: Main /plan diagnostic: poses=260, endpoint=(23.18, -7.89), frontier=(23.18, -7.89), endpoint_to_frontier=0.000 m, limit=0.10 m -> usable
[controller_server-9] [INFO] [1790835492.859250263] [controller_server]: Passing new path to controller.
[INFO] [1790835493.875406205] [mapex_explorer]: Main /plan diagnostic: poses=249, endpoint=(23.18, -7.89), frontier=(23.18, -7.89), endpoint_to_frontier=0.000 m, limit=0.10 m -> usable
[controller_server-9] [INFO] [1790835493.925965262] [controller_server]: Passing new path to controller.
[async_slam_toolbox_node-8] W20261001 13:18:14.581522 30090 preprocessor.cc:67] Specified options.num_threads: 50 exceeds maximum available from the threading model Ceres was compiled with: 16.  Bounding to maximum number available.
[async_slam_toolbox_node-8] [INFO] [1790835494.605791994] [slam_toolbox]: Adaptive anchor summary: latest_node=3734, local_edges=3824, loop_history=0, avg_effective_weight=1.075, release_regions=0
[controller_server-9] [INFO] [1790835494.925978307] [controller_server]: Passing new path to controller.
[INFO] [1790835494.929236989] [mapex_explorer]: Main /plan diagnostic: poses=238, endpoint=(23.18, -7.89), frontier=(23.18, -7.89), endpoint_to_frontier=0.000 m, limit=0.10 m -> usable
[controller_server-9] [INFO] [1790835495.528758237] [local_costmap.local_costmap]: StaticLayer: Resizing static layer to 561 X 252 at 0.100000 m/pix
[INFO] [1790835495.930448264] [mapex_explorer]: Main /plan diagnostic: poses=227, endpoint=(23.18, -7.89), frontier=(23.18, -7.89), endpoint_to_frontier=0.000 m, limit=0.10 m -> usable
[controller_server-9] [INFO] [1790835495.992581830] [controller_server]: Passing new path to controller.
[planner_server-11] [INFO] [1790835496.189112431] [global_costmap.global_costmap]: StaticLayer: Resizing costmap to 561 X 252 at 0.100000 m/pix
[controller_server-9] [INFO] [1790835496.992694784] [controller_server]: Passing new path to controller.
[INFO] [1790835496.999444709] [mapex_explorer]: Main /plan diagnostic: poses=217, endpoint=(23.18, -7.89), frontier=(23.18, -7.89), endpoint_to_frontier=0.000 m, limit=0.10 m -> usable
[INFO] [1790835497.973658366] [mapex_explorer]: Main /plan diagnostic: poses=208, endpoint=(23.18, -7.89), frontier=(23.18, -7.89), endpoint_to_frontier=0.000 m, limit=0.10 m -> usable
[controller_server-9] [INFO] [1790835497.992580844] [controller_server]: Passing new path to controller.
[controller_server-9] [INFO] [1790835499.059261983] [controller_server]: Passing new path to controller.
[INFO] [1790835499.074485545] [mapex_explorer]: Main /plan diagnostic: poses=198, endpoint=(23.18, -7.89), frontier=(23.18, -7.89), endpoint_to_frontier=0.000 m, limit=0.10 m -> usable
[controller_server-9] [INFO] [1790835500.059248777] [controller_server]: Passing new path to controller.
[INFO] [1790835500.097259994] [mapex_explorer]: Main /plan diagnostic: poses=188, endpoint=(23.18, -7.89), frontier=(23.18, -7.89), endpoint_to_frontier=0.000 m, limit=0.10 m -> usable
[INFO] [1790835501.096813340] [mapex_explorer]: Main /plan diagnostic: poses=178, endpoint=(23.18, -7.89), frontier=(23.18, -7.89), endpoint_to_frontier=0.000 m, limit=0.10 m -> usable
[controller_server-9] [INFO] [1790835501.125914267] [controller_server]: Passing new path to controller.
[INFO] [1790835502.091822435] [mapex_explorer]: Main /plan diagnostic: poses=168, endpoint=(23.18, -7.89), frontier=(23.18, -7.89), endpoint_to_frontier=0.000 m, limit=0.10 m -> usable
[controller_server-9] [INFO] [1790835502.125912751] [controller_server]: Passing new path to controller.
[INFO] [1790835503.117253397] [mapex_explorer]: Main /plan diagnostic: poses=160, endpoint=(23.18, -7.89), frontier=(23.18, -7.89), endpoint_to_frontier=0.000 m, limit=0.10 m -> usable
[controller_server-9] [INFO] [1790835503.125911457] [controller_server]: Passing new path to controller.
[INFO] [1790835504.154262211] [mapex_explorer]: Main /plan diagnostic: poses=150, endpoint=(23.18, -7.89), frontier=(23.18, -7.89), endpoint_to_frontier=0.000 m, limit=0.10 m -> usable
[controller_server-9] [INFO] [1790835504.192579722] [controller_server]: Passing new path to controller.
[controller_server-9] [WARN] [1790835504.562261672] [controller_server]: Control loop missed its desired rate of 15.0000 Hz. Current loop rate is 10.8696 Hz.
[INFO] [1790835505.193897321] [mapex_explorer]: Main /plan diagnostic: poses=139, endpoint=(23.18, -7.89), frontier=(23.18, -7.89), endpoint_to_frontier=0.000 m, limit=0.10 m -> usable
[controller_server-9] [INFO] [1790835505.229036786] [controller_server]: Passing new path to controller.
[INFO] [1790835506.221604585] [mapex_explorer]: Main /plan diagnostic: poses=129, endpoint=(23.18, -7.89), frontier=(23.18, -7.89), endpoint_to_frontier=0.000 m, limit=0.10 m -> usable
[controller_server-9] [INFO] [1790835506.229032767] [controller_server]: Passing new path to controller.
[INFO] [1790835507.265222513] [mapex_explorer]: Main /plan diagnostic: poses=119, endpoint=(23.18, -7.89), frontier=(23.18, -7.89), endpoint_to_frontier=0.000 m, limit=0.10 m -> usable
[controller_server-9] [INFO] [1790835507.295697939] [controller_server]: Passing new path to controller.
[INFO] [1790835508.277546364] [mapex_explorer]: Main /plan diagnostic: poses=110, endpoint=(23.18, -7.89), frontier=(23.18, -7.89), endpoint_to_frontier=0.000 m, limit=0.10 m -> usable
[controller_server-9] [INFO] [1790835508.295705745] [controller_server]: Passing new path to controller.
[INFO] [1790835509.268397350] [mapex_explorer]: Main /plan diagnostic: poses=100, endpoint=(23.18, -7.89), frontier=(23.18, -7.89), endpoint_to_frontier=0.000 m, limit=0.10 m -> usable
[controller_server-9] [INFO] [1790835509.295702045] [controller_server]: Passing new path to controller.
[controller_server-9] [WARN] [1790835509.501612116] [controller_server]: Control loop missed its desired rate of 15.0000 Hz. Current loop rate is 14.0845 Hz.
[INFO] [1790835510.324773605] [mapex_explorer]: Main /plan diagnostic: poses=89, endpoint=(23.18, -7.89), frontier=(23.18, -7.89), endpoint_to_frontier=0.000 m, limit=0.10 m -> usable
[controller_server-9] [INFO] [1790835510.368405843] [controller_server]: Passing new path to controller.
[controller_server-9] [WARN] [1790835510.527984733] [controller_server]: Control loop missed its desired rate of 15.0000 Hz. Current loop rate is 10.7527 Hz.
[INFO] [1790835511.355275378] [mapex_explorer]: Main /plan diagnostic: poses=80, endpoint=(23.18, -7.89), frontier=(23.18, -7.89), endpoint_to_frontier=0.000 m, limit=0.10 m -> usable
[controller_server-9] [INFO] [1790835511.394763915] [controller_server]: Passing new path to controller.
[INFO] [1790835512.347869540] [mapex_explorer]: Main /plan diagnostic: poses=70, endpoint=(23.18, -7.89), frontier=(23.18, -7.89), endpoint_to_frontier=0.000 m, limit=0.10 m -> usable
[controller_server-9] [INFO] [1790835512.394747022] [controller_server]: Passing new path to controller.
[INFO] [1790835513.377078016] [mapex_explorer]: Main /plan diagnostic: poses=62, endpoint=(23.18, -7.89), frontier=(23.18, -7.89), endpoint_to_frontier=0.000 m, limit=0.10 m -> usable
[controller_server-9] [INFO] [1790835513.394743823] [controller_server]: Passing new path to controller.
[INFO] [1790835514.407083834] [mapex_explorer]: Main /plan diagnostic: poses=51, endpoint=(23.18, -7.89), frontier=(23.18, -7.89), endpoint_to_frontier=0.000 m, limit=0.10 m -> usable
[controller_server-9] [INFO] [1790835514.461415121] [controller_server]: Passing new path to controller.
[INFO] [1790835515.447489065] [mapex_explorer]: Main /plan diagnostic: poses=42, endpoint=(23.18, -7.89), frontier=(23.18, -7.89), endpoint_to_frontier=0.000 m, limit=0.10 m -> usable
[controller_server-9] [INFO] [1790835515.461415340] [controller_server]: Passing new path to controller.
[INFO] [1790835516.467087673] [mapex_explorer]: Main /plan diagnostic: poses=32, endpoint=(23.18, -7.89), frontier=(23.18, -7.89), endpoint_to_frontier=0.000 m, limit=0.10 m -> usable
[controller_server-9] [INFO] [1790835516.528078048] [controller_server]: Passing new path to controller.
[INFO] [1790835517.497303257] [mapex_explorer]: Main /plan diagnostic: poses=21, endpoint=(23.18, -7.89), frontier=(23.18, -7.89), endpoint_to_frontier=0.000 m, limit=0.10 m -> usable
[controller_server-9] [INFO] [1790835517.528083657] [controller_server]: Passing new path to controller.
[INFO] [1790835518.590569982] [mapex_explorer]: Main /plan diagnostic: poses=14, endpoint=(23.18, -7.89), frontier=(23.18, -7.89), endpoint_to_frontier=0.000 m, limit=0.10 m -> usable
[controller_server-9] [INFO] [1790835518.594746331] [controller_server]: Passing new path to controller.
[INFO] [1790835519.537394720] [mapex_explorer]: Main /plan diagnostic: poses=9, endpoint=(23.18, -7.89), frontier=(23.18, -7.89), endpoint_to_frontier=0.000 m, limit=0.10 m -> usable
[controller_server-9] [INFO] [1790835519.594747586] [controller_server]: Passing new path to controller.
[controller_server-9] [INFO] [1790835520.133224609] [controller_server]: Reached the goal!
[controller_server-9] [INFO] [1790835520.133824469] [controller_server]: Optimizer reset
[bt_navigator-14] [INFO] [1790835520.154031653] [bt_navigator]: Goal succeeded
[INFO] [1790835520.155765535] [mapex_explorer]: Goal reached
[INFO] [1790835527.889960161] [mapex_explorer]: MapEx decision 36: selected x=25.38, y=-7.69, IG=2.225454, distance=2.17 m, score=1.023560, region=26, candidates=9, near_fallback=False, compute=6.90 s
[bt_navigator-14] [INFO] [1790835527.890825376] [bt_navigator]: Begin navigating from current location (23.27, -8.21) to (25.38, -7.69)
[controller_server-9] [INFO] [1790835527.911325814] [controller_server]: Received a goal, begin computing control effort.
[INFO] [1790835528.297643617] [mapex_explorer]: Main goal accepted
[INFO] [1790835528.771975730] [mapex_explorer]: Main /plan diagnostic: poses=145, endpoint=(25.38, -7.69), frontier=(25.38, -7.69), endpoint_to_frontier=0.000 m, limit=0.10 m -> usable
[INFO] [1790835528.968561597] [mapex_explorer]: Main /plan diagnostic: poses=142, endpoint=(25.38, -7.69), frontier=(25.38, -7.69), endpoint_to_frontier=0.000 m, limit=0.10 m -> usable
[controller_server-9] [INFO] [1790835528.978115265] [controller_server]: Passing new path to controller.
[controller_server-9] [WARN] [1790835529.528329265] [controller_server]: Control loop missed its desired rate of 15.0000 Hz. Current loop rate is 12.3457 Hz.
[INFO] [1790835529.953431334] [mapex_explorer]: Main /plan diagnostic: poses=136, endpoint=(25.38, -7.69), frontier=(25.38, -7.69), endpoint_to_frontier=0.000 m, limit=0.10 m -> usable
[controller_server-9] [INFO] [1790835529.995165344] [controller_server]: Passing new path to controller.
[INFO] [1790835530.991046702] [mapex_explorer]: Main /plan diagnostic: poses=134, endpoint=(25.38, -7.69), frontier=(25.38, -7.69), endpoint_to_frontier=0.000 m, limit=0.10 m -> usable
[controller_server-9] [INFO] [1790835530.995115735] [controller_server]: Passing new path to controller.
[controller_server-9] [INFO] [1790835532.061780997] [controller_server]: Passing new path to controller.
[INFO] [1790835532.065108534] [mapex_explorer]: Main /plan diagnostic: poses=134, endpoint=(25.38, -7.69), frontier=(25.38, -7.69), endpoint_to_frontier=0.000 m, limit=0.10 m -> usable
[controller_server-9] [INFO] [1790835533.061775905] [controller_server]: Passing new path to controller.
[INFO] [1790835533.064859462] [mapex_explorer]: Main /plan diagnostic: poses=126, endpoint=(25.38, -7.69), frontier=(25.38, -7.69), endpoint_to_frontier=0.000 m, limit=0.10 m -> usable
[INFO] [1790835534.086937008] [mapex_explorer]: Main /plan diagnostic: poses=117, endpoint=(25.38, -7.69), frontier=(25.38, -7.69), endpoint_to_frontier=0.000 m, limit=0.10 m -> usable
[controller_server-9] [INFO] [1790835534.128454116] [controller_server]: Passing new path to controller.
[INFO] [1790835535.086757512] [mapex_explorer]: Main /plan diagnostic: poses=107, endpoint=(25.38, -7.69), frontier=(25.38, -7.69), endpoint_to_frontier=0.000 m, limit=0.10 m -> usable
[controller_server-9] [INFO] [1790835535.128446743] [controller_server]: Passing new path to controller.
[controller_server-9] [INFO] [1790835536.128473641] [controller_server]: Passing new path to controller.
[INFO] [1790835536.145928729] [mapex_explorer]: Main /plan diagnostic: poses=97, endpoint=(25.38, -7.69), frontier=(25.38, -7.69), endpoint_to_frontier=0.000 m, limit=0.10 m -> usable
[INFO] [1790835537.185577351] [mapex_explorer]: Main /plan diagnostic: poses=87, endpoint=(25.38, -7.69), frontier=(25.38, -7.69), endpoint_to_frontier=0.000 m, limit=0.10 m -> usable
[controller_server-9] [INFO] [1790835537.195117279] [controller_server]: Passing new path to controller.
[INFO] [1790835538.193785238] [mapex_explorer]: Main /plan diagnostic: poses=76, endpoint=(25.38, -7.69), frontier=(25.38, -7.69), endpoint_to_frontier=0.000 m, limit=0.10 m -> usable
[controller_server-9] [INFO] [1790835538.195129973] [controller_server]: Passing new path to controller.
[INFO] [1790835539.194728136] [mapex_explorer]: Main /plan diagnostic: poses=67, endpoint=(25.38, -7.69), frontier=(25.38, -7.69), endpoint_to_frontier=0.000 m, limit=0.10 m -> usable
[controller_server-9] [INFO] [1790835539.262026431] [controller_server]: Passing new path to controller.
[controller_server-9] [WARN] [1790835539.544566065] [controller_server]: Control loop missed its desired rate of 15.0000 Hz. Current loop rate is 12.0482 Hz.
[INFO] [1790835540.235179129] [mapex_explorer]: Main /plan diagnostic: poses=57, endpoint=(25.38, -7.69), frontier=(25.38, -7.69), endpoint_to_frontier=0.000 m, limit=0.10 m -> usable
[controller_server-9] [INFO] [1790835540.278000746] [controller_server]: Passing new path to controller.
[INFO] [1790835541.247966829] [mapex_explorer]: Main /plan diagnostic: poses=47, endpoint=(25.38, -7.69), frontier=(25.38, -7.69), endpoint_to_frontier=0.000 m, limit=0.10 m -> usable
[controller_server-9] [INFO] [1790835541.278026032] [controller_server]: Passing new path to controller.
[INFO] [1790835542.274463670] [mapex_explorer]: Main /plan diagnostic: poses=35, endpoint=(25.38, -7.69), frontier=(25.38, -7.69), endpoint_to_frontier=0.000 m, limit=0.10 m -> usable
[controller_server-9] [INFO] [1790835542.344647401] [controller_server]: Passing new path to controller.
[INFO] [1790835543.287569204] [mapex_explorer]: Main /plan diagnostic: poses=28, endpoint=(25.38, -7.69), frontier=(25.38, -7.69), endpoint_to_frontier=0.000 m, limit=0.10 m -> usable
[controller_server-9] [INFO] [1790835543.344635341] [controller_server]: Passing new path to controller.
[controller_server-9] [INFO] [1790835543.528175730] [local_costmap.local_costmap]: StaticLayer: Resizing static layer to 561 X 252 at 0.100000 m/pix
[planner_server-11] [INFO] [1790835544.189108093] [global_costmap.global_costmap]: StaticLayer: Resizing costmap to 561 X 252 at 0.100000 m/pix
[INFO] [1790835544.325640257] [mapex_explorer]: Main /plan diagnostic: poses=18, endpoint=(25.38, -7.69), frontier=(25.38, -7.69), endpoint_to_frontier=0.000 m, limit=0.10 m -> usable
[controller_server-9] [INFO] [1790835544.344670027] [controller_server]: Passing new path to controller.
[INFO] [1790835545.338125826] [mapex_explorer]: Main /plan diagnostic: poses=14, endpoint=(25.38, -7.69), frontier=(25.38, -7.69), endpoint_to_frontier=0.000 m, limit=0.10 m -> usable
[controller_server-9] [INFO] [1790835545.411331282] [controller_server]: Passing new path to controller.
[INFO] [1790835546.355549898] [mapex_explorer]: Main /plan diagnostic: poses=9, endpoint=(25.38, -7.69), frontier=(25.38, -7.69), endpoint_to_frontier=0.000 m, limit=0.10 m -> usable
[controller_server-9] [INFO] [1790835546.411331512] [controller_server]: Passing new path to controller.
[controller_server-9] [INFO] [1790835547.082139193] [controller_server]: Reached the goal!
[controller_server-9] [INFO] [1790835547.082321475] [controller_server]: Optimizer reset
[bt_navigator-14] [INFO] [1790835547.111054632] [bt_navigator]: Goal succeeded
[INFO] [1790835547.113209993] [mapex_explorer]: Goal reached
[INFO] [1790835554.218379750] [mapex_explorer]: MapEx decision 37: selected x=28.58, y=1.01, IG=4.856080, distance=8.95 m, score=0.542744, region=36, candidates=8, near_fallback=False, compute=6.23 s
[bt_navigator-14] [INFO] [1790835554.219577392] [bt_navigator]: Begin navigating from current location (25.57, -7.41) to (28.58, 1.01)
[controller_server-9] [INFO] [1790835554.240412669] [controller_server]: Received a goal, begin computing control effort.
[INFO] [1790835554.373638740] [mapex_explorer]: Main goal accepted
[INFO] [1790835554.487075512] [mapex_explorer]: Main /plan diagnostic: poses=560, endpoint=(28.58, 1.01), frontier=(28.58, 1.01), endpoint_to_frontier=0.000 m, limit=0.10 m -> usable
[INFO] [1790835555.275502742] [mapex_explorer]: Main /plan diagnostic: poses=555, endpoint=(28.58, 1.01), frontier=(28.58, 1.01), endpoint_to_frontier=0.000 m, limit=0.10 m -> usable
[controller_server-9] [INFO] [1790835555.307265724] [controller_server]: Passing new path to controller.
[INFO] [1790835556.290143669] [mapex_explorer]: Main /plan diagnostic: poses=550, endpoint=(28.58, 1.01), frontier=(28.58, 1.01), endpoint_to_frontier=0.000 m, limit=0.10 m -> usable
[controller_server-9] [INFO] [1790835556.307250316] [controller_server]: Passing new path to controller.
[controller_server-9] [WARN] [1790835556.545292433] [controller_server]: Control loop missed its desired rate of 15.0000 Hz. Current loop rate is 10.2041 Hz.
[INFO] [1790835557.311262629] [mapex_explorer]: Main /plan diagnostic: poses=564, endpoint=(28.58, 1.01), frontier=(28.58, 1.01), endpoint_to_frontier=0.000 m, limit=0.10 m -> usable
[controller_server-9] [INFO] [1790835557.345396544] [controller_server]: Passing new path to controller.
[controller_server-9] [INFO] [1790835558.345394066] [controller_server]: Passing new path to controller.
[INFO] [1790835558.353610908] [mapex_explorer]: Main /plan diagnostic: poses=564, endpoint=(28.58, 1.01), frontier=(28.58, 1.01), endpoint_to_frontier=0.000 m, limit=0.10 m -> usable
[INFO] [1790835559.377138446] [mapex_explorer]: Main /plan diagnostic: poses=564, endpoint=(28.58, 1.01), frontier=(28.58, 1.01), endpoint_to_frontier=0.000 m, limit=0.10 m -> usable
[controller_server-9] [INFO] [1790835559.412066802] [controller_server]: Passing new path to controller.
[INFO] [1790835560.396848941] [mapex_explorer]: Main /plan diagnostic: poses=564, endpoint=(28.58, 1.01), frontier=(28.58, 1.01), endpoint_to_frontier=0.000 m, limit=0.10 m -> usable
[controller_server-9] [INFO] [1790835560.412060197] [controller_server]: Passing new path to controller.
[INFO] [1790835561.465543860] [mapex_explorer]: Main /plan diagnostic: poses=549, endpoint=(28.58, 1.01), frontier=(28.58, 1.01), endpoint_to_frontier=0.000 m, limit=0.10 m -> usable
[controller_server-9] [INFO] [1790835561.478734768] [controller_server]: Passing new path to controller.
[INFO] [1790835562.445142148] [mapex_explorer]: Main /plan diagnostic: poses=542, endpoint=(28.58, 1.01), frontier=(28.58, 1.01), endpoint_to_frontier=0.000 m, limit=0.10 m -> usable
[controller_server-9] [INFO] [1790835562.478733342] [controller_server]: Passing new path to controller.
[INFO] [1790835563.478199905] [mapex_explorer]: Main /plan diagnostic: poses=533, endpoint=(28.58, 1.01), frontier=(28.58, 1.01), endpoint_to_frontier=0.000 m, limit=0.10 m -> usable
[controller_server-9] [INFO] [1790835563.528096352] [local_costmap.local_costmap]: StaticLayer: Resizing static layer to 561 X 252 at 0.100000 m/pix
[controller_server-9] [INFO] [1790835563.545419617] [controller_server]: Passing new path to controller.
[planner_server-11] [INFO] [1790835564.189100392] [global_costmap.global_costmap]: StaticLayer: Resizing costmap to 561 X 252 at 0.100000 m/pix
[INFO] [1790835564.542641112] [mapex_explorer]: Main /plan diagnostic: poses=523, endpoint=(28.58, 1.01), frontier=(28.58, 1.01), endpoint_to_frontier=0.000 m, limit=0.10 m -> usable
[controller_server-9] [INFO] [1790835564.545417328] [controller_server]: Passing new path to controller.
[INFO] [1790835565.533165335] [mapex_explorer]: Main /plan diagnostic: poses=514, endpoint=(28.58, 1.01), frontier=(28.58, 1.01), endpoint_to_frontier=0.000 m, limit=0.10 m -> usable
[controller_server-9] [INFO] [1790835565.545393119] [controller_server]: Passing new path to controller.
[INFO] [1790835566.564050723] [mapex_explorer]: Main /plan diagnostic: poses=503, endpoint=(28.58, 1.01), frontier=(28.58, 1.01), endpoint_to_frontier=0.000 m, limit=0.10 m -> usable
[controller_server-9] [INFO] [1790835566.612097018] [controller_server]: Passing new path to controller.
[controller_server-9] [INFO] [1790835567.612069137] [controller_server]: Passing new path to controller.
[INFO] [1790835567.635853338] [mapex_explorer]: Main /plan diagnostic: poses=494, endpoint=(28.58, 1.01), frontier=(28.58, 1.01), endpoint_to_frontier=0.000 m, limit=0.10 m -> usable
[controller_server-9] [ERROR] [1790835568.513956363] [controller_server]: Exception in transformPose: Lookup would require extrapolation into the future.  Requested time 1607.720000 but the latest data is at time 1607.700000, when looking up transform from frame [map] to frame [odom]
[controller_server-9] [ERROR] [1790835568.514038384] [controller_server]: Unable to transform goal pose into costmap frame
[controller_server-9] [INFO] [1790835568.514323003] [controller_server]: Optimizer reset
[controller_server-9] [WARN] [1790835568.514341949] [controller_server]: [follow_path] [ActionServer] Aborting handle.
[behavior_server-13] [INFO] [1790835568.530029719] [behavior_server]: Running wait
[behavior_server-13] [INFO] [1790835568.830307515] [behavior_server]: wait completed successfully
[INFO] [1790835568.869657146] [mapex_explorer]: Main /plan diagnostic: poses=482, endpoint=(28.58, 1.01), frontier=(28.58, 1.01), endpoint_to_frontier=0.000 m, limit=0.10 m -> usable
[controller_server-9] [INFO] [1790835568.870296190] [controller_server]: Received a goal, begin computing control effort.
[async_slam_toolbox_node-8] W20261001 13:19:29.568460 30090 preprocessor.cc:67] Specified options.num_threads: 50 exceeds maximum available from the threading model Ceres was compiled with: 16.  Bounding to maximum number available.
[async_slam_toolbox_node-8] [INFO] [1790835569.597906265] [slam_toolbox]: Adaptive anchor summary: latest_node=3888, local_edges=3982, loop_history=0, avg_effective_weight=1.072, release_regions=0
[controller_server-9] [INFO] [1790835569.937098020] [controller_server]: Passing new path to controller.
[INFO] [1790835569.945217210] [mapex_explorer]: Main /plan diagnostic: poses=475, endpoint=(28.58, 1.01), frontier=(28.58, 1.01), endpoint_to_frontier=0.000 m, limit=0.10 m -> usable
[controller_server-9] [INFO] [1790835570.528105023] [local_costmap.local_costmap]: StaticLayer: Resizing static layer to 561 X 252 at 0.100000 m/pix
[controller_server-9] [INFO] [1790835570.937652009] [controller_server]: Passing new path to controller.
[INFO] [1790835570.961805156] [mapex_explorer]: Main /plan diagnostic: poses=467, endpoint=(28.58, 1.01), frontier=(28.58, 1.01), endpoint_to_frontier=0.000 m, limit=0.10 m -> usable
[planner_server-11] [INFO] [1790835571.189125836] [global_costmap.global_costmap]: StaticLayer: Resizing costmap to 561 X 252 at 0.100000 m/pix
[INFO] [1790835572.000637305] [mapex_explorer]: Main /plan diagnostic: poses=455, endpoint=(28.58, 1.01), frontier=(28.58, 1.01), endpoint_to_frontier=0.000 m, limit=0.10 m -> usable
[controller_server-9] [INFO] [1790835572.003748678] [controller_server]: Passing new path to controller.
[INFO] [1790835572.974168232] [mapex_explorer]: Main /plan diagnostic: poses=449, endpoint=(28.58, 1.01), frontier=(28.58, 1.01), endpoint_to_frontier=0.000 m, limit=0.10 m -> usable
[controller_server-9] [INFO] [1790835573.003754873] [controller_server]: Passing new path to controller.
[controller_server-9] [WARN] [1790835573.542893931] [controller_server]: Control loop missed its desired rate of 15.0000 Hz. Current loop rate is 14.0845 Hz.
[INFO] [1790835574.006248277] [mapex_explorer]: Main /plan diagnostic: poses=437, endpoint=(28.58, 1.01), frontier=(28.58, 1.01), endpoint_to_frontier=0.000 m, limit=0.10 m -> usable
[controller_server-9] [INFO] [1790835574.076344442] [controller_server]: Passing new path to controller.
[INFO] [1790835575.042021367] [mapex_explorer]: Main /plan diagnostic: poses=428, endpoint=(28.58, 1.01), frontier=(28.58, 1.01), endpoint_to_frontier=0.000 m, limit=0.10 m -> usable
[controller_server-9] [INFO] [1790835575.076372121] [controller_server]: Passing new path to controller.
[controller_server-9] [INFO] [1790835576.076359493] [controller_server]: Passing new path to controller.
[INFO] [1790835576.092652001] [mapex_explorer]: Main /plan diagnostic: poses=422, endpoint=(28.58, 1.01), frontier=(28.58, 1.01), endpoint_to_frontier=0.000 m, limit=0.10 m -> usable
[controller_server-9] [ERROR] [1790835576.513242216] [controller_server]: Exception in transformPose: Lookup would require extrapolation into the future.  Requested time 1615.340000 but the latest data is at time 1615.300000, when looking up transform from frame [map] to frame [odom]
[controller_server-9] [ERROR] [1790835576.513320881] [controller_server]: Unable to transform goal pose into costmap frame
[controller_server-9] [INFO] [1790835576.514006747] [controller_server]: Optimizer reset
[controller_server-9] [WARN] [1790835576.514023538] [controller_server]: [follow_path] [ActionServer] Aborting handle.
[bt_navigator-14] [WARN] [1790835576.539668005] [bt_navigator]: [navigate_to_pose] [ActionServer] Aborting handle.
[bt_navigator-14] [ERROR] [1790835576.539818155] [bt_navigator]: Goal failed
[WARN] [1790835576.541305811] [mapex_explorer]: Main goal failed (status=6, error_code=102)
[WARN] [1790835576.541931228] [mapex_explorer]: Path-guided recovery #1: temporary subgoal x=33.35, y=-7.35, 0.70 m ahead on main path (remaining main path=20.94 m, trigger_error=102)
[bt_navigator-14] [INFO] [1790835576.542476293] [bt_navigator]: Begin navigating from current location (32.66, -7.36) to (33.35, -7.35)
[INFO] [1790835576.548569287] [mapex_explorer]: Subgoal goal accepted
[controller_server-9] [INFO] [1790835576.563089373] [controller_server]: Received a goal, begin computing control effort.
[async_slam_toolbox_node-8] W20261001 13:19:36.570461 30090 preprocessor.cc:67] Specified options.num_threads: 50 exceeds maximum available from the threading model Ceres was compiled with: 16.  Bounding to maximum number available.
[controller_server-9] [WARN] [1790835576.647563547] [controller_server]: Control loop missed its desired rate of 15.0000 Hz. Current loop rate is 12.5000 Hz.
[controller_server-9] [INFO] [1790835577.249350337] [controller_server]: Reached the goal!
[controller_server-9] [INFO] [1790835577.249539971] [controller_server]: Optimizer reset
[bt_navigator-14] [INFO] [1790835577.272704751] [bt_navigator]: Goal succeeded
[INFO] [1790835577.274663387] [mapex_explorer]: Recovery subgoal reached; retrying the same main frontier.
[bt_navigator-14] [INFO] [1790835577.275902649] [bt_navigator]: Begin navigating from current location (32.95, -7.35) to (28.58, 1.01)
[INFO] [1790835577.278470249] [mapex_explorer]: Main goal accepted
[INFO] [1790835577.290695515] [mapex_explorer]: Main /plan diagnostic: poses=414, endpoint=(28.58, 1.01), frontier=(28.58, 1.01), endpoint_to_frontier=0.000 m, limit=0.10 m -> usable
[controller_server-9] [INFO] [1790835577.296521482] [controller_server]: Received a goal, begin computing control effort.
[INFO] [1790835578.329000280] [mapex_explorer]: Main /plan diagnostic: poses=404, endpoint=(28.58, 1.01), frontier=(28.58, 1.01), endpoint_to_frontier=0.000 m, limit=0.10 m -> usable
[controller_server-9] [INFO] [1790835578.363327657] [controller_server]: Passing new path to controller.
[controller_server-9] [WARN] [1790835578.523157530] [controller_server]: Control loop missed its desired rate of 15.0000 Hz. Current loop rate is 10.8696 Hz.
[INFO] [1790835579.338421139] [mapex_explorer]: Main /plan diagnostic: poses=392, endpoint=(28.58, 1.01), frontier=(28.58, 1.01), endpoint_to_frontier=0.000 m, limit=0.10 m -> usable
[controller_server-9] [INFO] [1790835579.389925539] [controller_server]: Passing new path to controller.
[controller_server-9] [WARN] [1790835579.529855447] [controller_server]: Control loop missed its desired rate of 15.0000 Hz. Current loop rate is 13.8889 Hz.
[INFO] [1790835580.376325078] [mapex_explorer]: Main /plan diagnostic: poses=384, endpoint=(28.58, 1.01), frontier=(28.58, 1.01), endpoint_to_frontier=0.000 m, limit=0.10 m -> usable
[controller_server-9] [INFO] [1790835580.396707700] [controller_server]: Passing new path to controller.
[INFO] [1790835581.398626292] [mapex_explorer]: Main /plan diagnostic: poses=373, endpoint=(28.58, 1.01), frontier=(28.58, 1.01), endpoint_to_frontier=0.000 m, limit=0.10 m -> usable
[controller_server-9] [INFO] [1790835581.463353272] [controller_server]: Passing new path to controller.
[INFO] [1790835582.422576950] [mapex_explorer]: Main /plan diagnostic: poses=362, endpoint=(28.58, 1.01), frontier=(28.58, 1.01), endpoint_to_frontier=0.000 m, limit=0.10 m -> usable
[controller_server-9] [INFO] [1790835582.463389063] [controller_server]: Passing new path to controller.
[async_slam_toolbox_node-8] W20261001 13:19:42.528596 30090 preprocessor.cc:67] Specified options.num_threads: 50 exceeds maximum available from the threading model Ceres was compiled with: 16.  Bounding to maximum number available.
[INFO] [1790835583.452006831] [mapex_explorer]: Main /plan diagnostic: poses=350, endpoint=(28.58, 1.01), frontier=(28.58, 1.01), endpoint_to_frontier=0.000 m, limit=0.10 m -> usable
[controller_server-9] [ERROR] [1790835583.507874108] [controller_server]: Exception in transformPose: Lookup would require extrapolation into the future.  Requested time 1622.020000 but the latest data is at time 1622.000000, when looking up transform from frame [map] to frame [odom]
[controller_server-9] [ERROR] [1790835583.507980057] [controller_server]: Unable to transform goal pose into costmap frame
[controller_server-9] [INFO] [1790835583.508379638] [controller_server]: Optimizer reset
[controller_server-9] [WARN] [1790835583.508404356] [controller_server]: [follow_path] [ActionServer] Aborting handle.
[controller_server-9] [INFO] [1790835583.508506948] [controller_server]: Received a goal, begin computing control effort.
[controller_server-9] [INFO] [1790835583.528104504] [local_costmap.local_costmap]: StaticLayer: Resizing static layer to 561 X 252 at 0.100000 m/pix
[planner_server-11] [INFO] [1790835584.189099067] [global_costmap.global_costmap]: StaticLayer: Resizing costmap to 561 X 252 at 0.100000 m/pix
[INFO] [1790835584.476040880] [mapex_explorer]: Main /plan diagnostic: poses=346, endpoint=(28.58, 1.01), frontier=(28.58, 1.01), endpoint_to_frontier=0.000 m, limit=0.10 m -> usable
[controller_server-9] [ERROR] [1790835584.553197682] [controller_server]: Exception in transformPose: Lookup would require extrapolation into the future.  Requested time 1623.020000 but the latest data is at time 1623.000000, when looking up transform from frame [map] to frame [odom]
[controller_server-9] [ERROR] [1790835584.553257880] [controller_server]: Unable to transform goal pose into costmap frame
[controller_server-9] [INFO] [1790835584.553526095] [controller_server]: Optimizer reset
[controller_server-9] [WARN] [1790835584.553539611] [controller_server]: [follow_path] [ActionServer] Aborting handle.
[controller_server-9] [INFO] [1790835584.553593444] [controller_server]: Received a goal, begin computing control effort.
[INFO] [1790835585.506250346] [mapex_explorer]: Main /plan diagnostic: poses=333, endpoint=(28.58, 1.01), frontier=(28.58, 1.01), endpoint_to_frontier=0.000 m, limit=0.10 m -> usable
[controller_server-9] [WARN] [1790835585.570752681] [controller_server]: Control loop missed its desired rate of 15.0000 Hz. Current loop rate is 12.1951 Hz.
[controller_server-9] [INFO] [1790835585.570796304] [controller_server]: Passing new path to controller.
[INFO] [1790835586.548451907] [mapex_explorer]: Main /plan diagnostic: poses=328, endpoint=(28.58, 1.01), frontier=(28.58, 1.01), endpoint_to_frontier=0.000 m, limit=0.10 m -> usable
[controller_server-9] [INFO] [1790835586.570902915] [controller_server]: Passing new path to controller.
[async_slam_toolbox_node-8] W20261001 13:19:47.560813 30090 preprocessor.cc:67] Specified options.num_threads: 50 exceeds maximum available from the threading model Ceres was compiled with: 16.  Bounding to maximum number available.
[INFO] [1790835587.573409876] [mapex_explorer]: Main /plan diagnostic: poses=316, endpoint=(28.58, 1.01), frontier=(28.58, 1.01), endpoint_to_frontier=0.000 m, limit=0.10 m -> usable
[async_slam_toolbox_node-8] [INFO] [1790835587.584400992] [slam_toolbox]: Adaptive anchor summary: latest_node=3948, local_edges=4042, loop_history=0, avg_effective_weight=1.071, release_regions=0
[controller_server-9] [INFO] [1790835587.637533660] [controller_server]: Passing new path to controller.
[controller_server-9] [INFO] [1790835588.528149341] [local_costmap.local_costmap]: StaticLayer: Resizing static layer to 561 X 252 at 0.100000 m/pix
[INFO] [1790835588.605909794] [mapex_explorer]: Main /plan diagnostic: poses=307, endpoint=(28.58, 1.01), frontier=(28.58, 1.01), endpoint_to_frontier=0.000 m, limit=0.10 m -> usable
[controller_server-9] [INFO] [1790835588.637524811] [controller_server]: Passing new path to controller.
[planner_server-11] [INFO] [1790835589.189179952] [global_costmap.global_costmap]: StaticLayer: Resizing costmap to 561 X 252 at 0.100000 m/pix
[INFO] [1790835589.616270719] [mapex_explorer]: Main /plan diagnostic: poses=293, endpoint=(28.58, 1.01), frontier=(28.58, 1.01), endpoint_to_frontier=0.000 m, limit=0.10 m -> usable
[controller_server-9] [INFO] [1790835589.637566503] [controller_server]: Passing new path to controller.
[INFO] [1790835590.650068377] [mapex_explorer]: Main /plan diagnostic: poses=288, endpoint=(28.58, 1.01), frontier=(28.58, 1.01), endpoint_to_frontier=0.000 m, limit=0.10 m -> usable
[controller_server-9] [INFO] [1790835590.704203984] [controller_server]: Passing new path to controller.
[async_slam_toolbox_node-8] W20261001 13:19:51.567606 30090 preprocessor.cc:67] Specified options.num_threads: 50 exceeds maximum available from the threading model Ceres was compiled with: 16.  Bounding to maximum number available.
[INFO] [1790835591.657516958] [mapex_explorer]: Main /plan diagnostic: poses=274, endpoint=(28.58, 1.01), frontier=(28.58, 1.01), endpoint_to_frontier=0.000 m, limit=0.10 m -> usable
[controller_server-9] [INFO] [1790835591.704206425] [controller_server]: Passing new path to controller.
[controller_server-9] [INFO] [1790835592.528105297] [local_costmap.local_costmap]: StaticLayer: Resizing static layer to 561 X 252 at 0.100000 m/pix
[INFO] [1790835592.685891638] [mapex_explorer]: Main /plan diagnostic: poses=267, endpoint=(28.58, 1.01), frontier=(28.58, 1.01), endpoint_to_frontier=0.000 m, limit=0.10 m -> usable
[controller_server-9] [INFO] [1790835592.704223540] [controller_server]: Passing new path to controller.
[planner_server-11] [INFO] [1790835593.189108445] [global_costmap.global_costmap]: StaticLayer: Resizing costmap to 561 X 252 at 0.100000 m/pix
[controller_server-9] [INFO] [1790835593.770905983] [controller_server]: Passing new path to controller.
[INFO] [1790835593.788712576] [mapex_explorer]: Main /plan diagnostic: poses=255, endpoint=(28.58, 1.01), frontier=(28.58, 1.01), endpoint_to_frontier=0.000 m, limit=0.10 m -> usable
[controller_server-9] [WARN] [1790835594.530071624] [controller_server]: Control loop missed its desired rate of 15.0000 Hz. Current loop rate is 10.9890 Hz.
[INFO] [1790835594.749562377] [mapex_explorer]: Main /plan diagnostic: poses=247, endpoint=(28.58, 1.01), frontier=(28.58, 1.01), endpoint_to_frontier=0.000 m, limit=0.10 m -> usable
[controller_server-9] [INFO] [1790835594.796850799] [controller_server]: Passing new path to controller.
[INFO] [1790835595.775261576] [mapex_explorer]: Main /plan diagnostic: poses=239, endpoint=(28.58, 1.01), frontier=(28.58, 1.01), endpoint_to_frontier=0.000 m, limit=0.10 m -> usable
[controller_server-9] [INFO] [1790835595.796839534] [controller_server]: Passing new path to controller.
[controller_server-9] [WARN] [1790835596.547530731] [controller_server]: Control loop missed its desired rate of 15.0000 Hz. Current loop rate is 12.0482 Hz.
[INFO] [1790835596.811181644] [mapex_explorer]: Main /plan diagnostic: poses=227, endpoint=(28.58, 1.01), frontier=(28.58, 1.01), endpoint_to_frontier=0.000 m, limit=0.10 m -> usable
[controller_server-9] [INFO] [1790835596.880964957] [controller_server]: Passing new path to controller.
[INFO] [1790835597.844530451] [mapex_explorer]: Main /plan diagnostic: poses=221, endpoint=(28.58, 1.01), frontier=(28.58, 1.01), endpoint_to_frontier=0.000 m, limit=0.10 m -> usable
[controller_server-9] [INFO] [1790835597.880976432] [controller_server]: Passing new path to controller.
[async_slam_toolbox_node-8] W20261001 13:19:58.747381 30090 preprocessor.cc:67] Specified options.num_threads: 50 exceeds maximum available from the threading model Ceres was compiled with: 16.  Bounding to maximum number available.
[INFO] [1790835598.855493368] [mapex_explorer]: Main /plan diagnostic: poses=206, endpoint=(28.58, 1.01), frontier=(28.58, 1.01), endpoint_to_frontier=0.000 m, limit=0.10 m -> usable
[controller_server-9] [INFO] [1790835598.881087089] [controller_server]: Passing new path to controller.
[controller_server-9] [INFO] [1790835599.528139908] [local_costmap.local_costmap]: StaticLayer: Resizing static layer to 561 X 252 at 0.100000 m/pix
[INFO] [1790835599.917015867] [mapex_explorer]: Main /plan diagnostic: poses=196, endpoint=(28.58, 1.01), frontier=(28.58, 1.01), endpoint_to_frontier=0.000 m, limit=0.10 m -> usable
[controller_server-9] [INFO] [1790835599.947680932] [controller_server]: Passing new path to controller.
[planner_server-11] [INFO] [1790835600.189096815] [global_costmap.global_costmap]: StaticLayer: Resizing costmap to 561 X 252 at 0.100000 m/pix
[INFO] [1790835600.934580283] [mapex_explorer]: Main /plan diagnostic: poses=189, endpoint=(28.58, 1.01), frontier=(28.58, 1.01), endpoint_to_frontier=0.000 m, limit=0.10 m -> usable
[controller_server-9] [INFO] [1790835600.947642136] [controller_server]: Passing new path to controller.
[INFO] [1790835601.945151750] [mapex_explorer]: Main /plan diagnostic: poses=177, endpoint=(28.58, 1.01), frontier=(28.58, 1.01), endpoint_to_frontier=0.000 m, limit=0.10 m -> usable
[controller_server-9] [INFO] [1790835601.947654045] [controller_server]: Passing new path to controller.
[controller_server-9] [ERROR] [1790835602.515168441] [controller_server]: Exception in transformPose: Lookup would require extrapolation into the future.  Requested time 1640.540000 but the latest data is at time 1640.500000, when looking up transform from frame [map] to frame [odom]
[controller_server-9] [ERROR] [1790835602.515243129] [controller_server]: Unable to transform goal pose into costmap frame
[controller_server-9] [INFO] [1790835602.515540368] [controller_server]: Optimizer reset
[controller_server-9] [WARN] [1790835602.515554614] [controller_server]: [follow_path] [ActionServer] Aborting handle.
[behavior_server-13] [INFO] [1790835602.526776474] [behavior_server]: Running wait
[behavior_server-13] [INFO] [1790835602.826974332] [behavior_server]: wait completed successfully
[INFO] [1790835602.852374954] [mapex_explorer]: Main /plan diagnostic: poses=170, endpoint=(28.58, 1.01), frontier=(28.58, 1.01), endpoint_to_frontier=0.000 m, limit=0.10 m -> usable
[controller_server-9] [INFO] [1790835602.866391629] [controller_server]: Received a goal, begin computing control effort.
[INFO] [1790835603.875180186] [mapex_explorer]: Main /plan diagnostic: poses=162, endpoint=(28.58, 1.01), frontier=(28.58, 1.01), endpoint_to_frontier=0.000 m, limit=0.10 m -> usable
[controller_server-9] [INFO] [1790835603.933189607] [controller_server]: Passing new path to controller.
[INFO] [1790835604.908699014] [mapex_explorer]: Main /plan diagnostic: poses=154, endpoint=(28.58, 1.01), frontier=(28.58, 1.01), endpoint_to_frontier=0.000 m, limit=0.10 m -> usable
[controller_server-9] [INFO] [1790835604.933204512] [controller_server]: Passing new path to controller.
[INFO] [1790835605.929208545] [mapex_explorer]: Main /plan diagnostic: poses=142, endpoint=(28.58, 1.01), frontier=(28.58, 1.01), endpoint_to_frontier=0.000 m, limit=0.10 m -> usable
[controller_server-9] [INFO] [1790835605.933210657] [controller_server]: Passing new path to controller.
[INFO] [1790835606.945787405] [mapex_explorer]: Main /plan diagnostic: poses=131, endpoint=(28.58, 1.01), frontier=(28.58, 1.01), endpoint_to_frontier=0.000 m, limit=0.10 m -> usable
[controller_server-9] [INFO] [1790835606.999876442] [controller_server]: Passing new path to controller.
[controller_server-9] [WARN] [1790835607.548705388] [controller_server]: Control loop missed its desired rate of 15.0000 Hz. Current loop rate is 12.1951 Hz.
[INFO] [1790835607.988756712] [mapex_explorer]: Main /plan diagnostic: poses=121, endpoint=(28.58, 1.01), frontier=(28.58, 1.01), endpoint_to_frontier=0.000 m, limit=0.10 m -> usable
[controller_server-9] [INFO] [1790835608.015469437] [controller_server]: Passing new path to controller.
[controller_server-9] [INFO] [1790835609.015467350] [controller_server]: Passing new path to controller.
[INFO] [1790835609.116902602] [mapex_explorer]: Main /plan diagnostic: poses=111, endpoint=(28.58, 1.01), frontier=(28.58, 1.01), endpoint_to_frontier=0.000 m, limit=0.10 m -> usable
[INFO] [1790835610.045741915] [mapex_explorer]: Main /plan diagnostic: poses=102, endpoint=(28.58, 1.01), frontier=(28.58, 1.01), endpoint_to_frontier=0.000 m, limit=0.10 m -> usable
[controller_server-9] [INFO] [1790835610.082168488] [controller_server]: Passing new path to controller.
[INFO] [1790835611.028903356] [mapex_explorer]: Main /plan diagnostic: poses=92, endpoint=(28.58, 1.01), frontier=(28.58, 1.01), endpoint_to_frontier=0.000 m, limit=0.10 m -> usable
[controller_server-9] [INFO] [1790835611.082157469] [controller_server]: Passing new path to controller.
[async_slam_toolbox_node-8] W20261001 13:20:11.977311 30090 preprocessor.cc:67] Specified options.num_threads: 50 exceeds maximum available from the threading model Ceres was compiled with: 16.  Bounding to maximum number available.
[async_slam_toolbox_node-8] [INFO] [1790835612.003890383] [slam_toolbox]: Adaptive anchor summary: latest_node=4030, local_edges=4124, loop_history=0, avg_effective_weight=1.070, release_regions=0
[INFO] [1790835612.076177232] [mapex_explorer]: Main /plan diagnostic: poses=82, endpoint=(28.58, 1.01), frontier=(28.58, 1.01), endpoint_to_frontier=0.000 m, limit=0.10 m -> usable
[controller_server-9] [INFO] [1790835612.082161240] [controller_server]: Passing new path to controller.
[controller_server-9] [INFO] [1790835612.528138911] [local_costmap.local_costmap]: StaticLayer: Resizing static layer to 561 X 252 at 0.100000 m/pix
[INFO] [1790835613.077071018] [mapex_explorer]: Main /plan diagnostic: poses=72, endpoint=(28.58, 1.01), frontier=(28.58, 1.01), endpoint_to_frontier=0.000 m, limit=0.10 m -> usable
[controller_server-9] [INFO] [1790835613.082133682] [controller_server]: Passing new path to controller.
[planner_server-11] [INFO] [1790835613.189158497] [global_costmap.global_costmap]: StaticLayer: Resizing costmap to 561 X 252 at 0.100000 m/pix
[INFO] [1790835614.107459338] [mapex_explorer]: Main /plan diagnostic: poses=63, endpoint=(28.58, 1.01), frontier=(28.58, 1.01), endpoint_to_frontier=0.000 m, limit=0.10 m -> usable
[controller_server-9] [INFO] [1790835614.148829684] [controller_server]: Passing new path to controller.
[controller_server-9] [ERROR] [1790835614.526544586] [controller_server]: Exception in transformPose: Lookup would require extrapolation into the future.  Requested time 1652.240000 but the latest data is at time 1652.200000, when looking up transform from frame [map] to frame [odom]
[controller_server-9] [ERROR] [1790835614.526608656] [controller_server]: Unable to transform goal pose into costmap frame
[controller_server-9] [INFO] [1790835614.526818085] [controller_server]: Optimizer reset
[controller_server-9] [WARN] [1790835614.526835815] [controller_server]: [follow_path] [ActionServer] Aborting handle.
[bt_navigator-14] [WARN] [1790835614.556075370] [bt_navigator]: [navigate_to_pose] [ActionServer] Aborting handle.
[bt_navigator-14] [ERROR] [1790835614.556235494] [bt_navigator]: Goal failed
[WARN] [1790835614.558262536] [mapex_explorer]: Main goal failed (status=6, error_code=102)
[WARN] [1790835614.558663102] [mapex_explorer]: Path-guided recovery #2: temporary subgoal x=28.20, y=2.79, 0.70 m ahead on main path (remaining main path=3.01 m, trigger_error=102)
[bt_navigator-14] [INFO] [1790835614.559393914] [bt_navigator]: Begin navigating from current location (27.59, 2.73) to (28.20, 2.79)
[INFO] [1790835614.562662603] [mapex_explorer]: Subgoal goal accepted
[controller_server-9] [INFO] [1790835614.579847361] [controller_server]: Received a goal, begin computing control effort.
[controller_server-9] [INFO] [1790835615.315854876] [controller_server]: Reached the goal!
[controller_server-9] [INFO] [1790835615.316038767] [controller_server]: Optimizer reset
[bt_navigator-14] [INFO] [1790835615.339612903] [bt_navigator]: Goal succeeded
[INFO] [1790835615.341103877] [mapex_explorer]: Recovery subgoal reached; retrying the same main frontier.
[bt_navigator-14] [INFO] [1790835615.342059502] [bt_navigator]: Begin navigating from current location (27.83, 2.81) to (28.58, 1.01)
[INFO] [1790835615.346349217] [mapex_explorer]: Main goal accepted
[INFO] [1790835615.346641273] [mapex_explorer]: Main /plan diagnostic: poses=50, endpoint=(28.58, 1.01), frontier=(28.58, 1.01), endpoint_to_frontier=0.000 m, limit=0.10 m -> usable
[controller_server-9] [INFO] [1790835615.362518596] [controller_server]: Received a goal, begin computing control effort.
[INFO] [1790835616.385511701] [mapex_explorer]: Main /plan diagnostic: poses=46, endpoint=(28.58, 1.01), frontier=(28.58, 1.01), endpoint_to_frontier=0.000 m, limit=0.10 m -> usable
[controller_server-9] [INFO] [1790835616.429308464] [controller_server]: Passing new path to controller.
[INFO] [1790835617.406018334] [mapex_explorer]: Main /plan diagnostic: poses=35, endpoint=(28.58, 1.01), frontier=(28.58, 1.01), endpoint_to_frontier=0.000 m, limit=0.10 m -> usable
[controller_server-9] [INFO] [1790835617.429334826] [controller_server]: Passing new path to controller.
[controller_server-9] [WARN] [1790835617.522690013] [controller_server]: Control loop missed its desired rate of 15.0000 Hz. Current loop rate is 10.8696 Hz.
[INFO] [1790835618.435442007] [mapex_explorer]: Main /plan diagnostic: poses=22, endpoint=(28.58, 1.01), frontier=(28.58, 1.01), endpoint_to_frontier=0.000 m, limit=0.10 m -> usable
[controller_server-9] [INFO] [1790835618.456119578] [controller_server]: Passing new path to controller.
[INFO] [1790835619.475499888] [mapex_explorer]: Main /plan diagnostic: poses=16, endpoint=(28.58, 1.01), frontier=(28.58, 1.01), endpoint_to_frontier=0.000 m, limit=0.10 m -> usable
[controller_server-9] [WARN] [1790835619.529230763] [controller_server]: Control loop missed its desired rate of 15.0000 Hz. Current loop rate is 13.6986 Hz.
[controller_server-9] [INFO] [1790835619.529271509] [controller_server]: Passing new path to controller.
[INFO] [1790835620.494726017] [mapex_explorer]: Main /plan diagnostic: poses=10, endpoint=(28.58, 1.01), frontier=(28.58, 1.01), endpoint_to_frontier=0.000 m, limit=0.10 m -> usable
[controller_server-9] [INFO] [1790835620.529328964] [controller_server]: Passing new path to controller.
[controller_server-9] [INFO] [1790835620.865357674] [controller_server]: Reached the goal!
[controller_server-9] [INFO] [1790835620.865549058] [controller_server]: Optimizer reset
[bt_navigator-14] [INFO] [1790835620.892352877] [bt_navigator]: Goal succeeded
[INFO] [1790835620.896882570] [mapex_explorer]: Goal reached
[INFO] [1790835626.382389851] [mapex_explorer]: MapEx decision 38: selected x=22.59, y=1.30, IG=3.124578, distance=6.15 m, score=0.507692, region=28, candidates=7, near_fallback=False, compute=5.39 s
[bt_navigator-14] [INFO] [1790835626.383358944] [bt_navigator]: Begin navigating from current location (28.73, 1.33) to (22.59, 1.30)
[controller_server-9] [INFO] [1790835626.404172565] [controller_server]: Received a goal, begin computing control effort.
[INFO] [1790835626.515965071] [mapex_explorer]: Main goal accepted
[INFO] [1790835626.587242386] [mapex_explorer]: Main /plan diagnostic: poses=255, endpoint=(22.59, 1.30), frontier=(22.59, 1.30), endpoint_to_frontier=0.000 m, limit=0.10 m -> usable
[INFO] [1790835627.421339835] [mapex_explorer]: Main /plan diagnostic: poses=251, endpoint=(22.59, 1.30), frontier=(22.59, 1.30), endpoint_to_frontier=0.000 m, limit=0.10 m -> usable
[controller_server-9] [INFO] [1790835627.471010122] [controller_server]: Passing new path to controller.
[INFO] [1790835628.451632005] [mapex_explorer]: Main /plan diagnostic: poses=246, endpoint=(22.59, 1.30), frontier=(22.59, 1.30), endpoint_to_frontier=0.000 m, limit=0.10 m -> usable
[controller_server-9] [INFO] [1790835628.470991906] [controller_server]: Passing new path to controller.
[INFO] [1790835629.488161301] [mapex_explorer]: Main /plan diagnostic: poses=240, endpoint=(22.59, 1.30), frontier=(22.59, 1.30), endpoint_to_frontier=0.000 m, limit=0.10 m -> usable
[controller_server-9] [ERROR] [1790835629.505316632] [controller_server]: Exception in transformPose: Lookup would require extrapolation into the future.  Requested time 1666.720000 but the latest data is at time 1666.700000, when looking up transform from frame [map] to frame [odom]
[controller_server-9] [ERROR] [1790835629.505433872] [controller_server]: Unable to transform goal pose into costmap frame
[controller_server-9] [INFO] [1790835629.506026615] [controller_server]: Optimizer reset
[controller_server-9] [WARN] [1790835629.506058594] [controller_server]: [follow_path] [ActionServer] Aborting handle.
[controller_server-9] [INFO] [1790835629.506183494] [controller_server]: Received a goal, begin computing control effort.
[INFO] [1790835630.518966622] [mapex_explorer]: Main /plan diagnostic: poses=241, endpoint=(22.59, 1.30), frontier=(22.59, 1.30), endpoint_to_frontier=0.000 m, limit=0.10 m -> usable
[controller_server-9] [INFO] [1790835630.572996699] [controller_server]: Passing new path to controller.
[INFO] [1790835631.532651886] [mapex_explorer]: Main /plan diagnostic: poses=241, endpoint=(22.59, 1.30), frontier=(22.59, 1.30), endpoint_to_frontier=0.000 m, limit=0.10 m -> usable
[controller_server-9] [INFO] [1790835631.573007907] [controller_server]: Passing new path to controller.
[INFO] [1790835632.577360752] [mapex_explorer]: Main /plan diagnostic: poses=238, endpoint=(22.59, 1.30), frontier=(22.59, 1.30), endpoint_to_frontier=0.000 m, limit=0.10 m -> usable
[controller_server-9] [INFO] [1790835632.639652071] [controller_server]: Passing new path to controller.
[controller_server-9] [WARN] [1790835633.542388683] [controller_server]: Control loop missed its desired rate of 15.0000 Hz. Current loop rate is 9.9010 Hz.
[INFO] [1790835633.598475376] [mapex_explorer]: Main /plan diagnostic: poses=233, endpoint=(22.59, 1.30), frontier=(22.59, 1.30), endpoint_to_frontier=0.000 m, limit=0.10 m -> usable
[controller_server-9] [INFO] [1790835633.609149112] [controller_server]: Passing new path to controller.
[INFO] [1790835634.619991730] [mapex_explorer]: Main /plan diagnostic: poses=217, endpoint=(22.59, 1.30), frontier=(22.59, 1.30), endpoint_to_frontier=0.000 m, limit=0.10 m -> usable
[controller_server-9] [INFO] [1790835634.675842233] [controller_server]: Passing new path to controller.
[controller_server-9] [INFO] [1790835635.675816068] [controller_server]: Passing new path to controller.
[INFO] [1790835635.714212819] [mapex_explorer]: Main /plan diagnostic: poses=207, endpoint=(22.59, 1.30), frontier=(22.59, 1.30), endpoint_to_frontier=0.000 m, limit=0.10 m -> usable
[INFO] [1790835636.687993955] [mapex_explorer]: Main /plan diagnostic: poses=198, endpoint=(22.59, 1.30), frontier=(22.59, 1.30), endpoint_to_frontier=0.000 m, limit=0.10 m -> usable
[controller_server-9] [INFO] [1790835636.742492037] [controller_server]: Passing new path to controller.
[INFO] [1790835637.715999719] [mapex_explorer]: Main /plan diagnostic: poses=187, endpoint=(22.59, 1.30), frontier=(22.59, 1.30), endpoint_to_frontier=0.000 m, limit=0.10 m -> usable
[controller_server-9] [INFO] [1790835637.742516493] [controller_server]: Passing new path to controller.
[controller_server-9] [ERROR] [1790835638.510121982] [controller_server]: Exception in transformPose: Lookup would require extrapolation into the future.  Requested time 1675.440000 but the latest data is at time 1675.400000, when looking up transform from frame [map] to frame [odom]
[controller_server-9] [ERROR] [1790835638.510202337] [controller_server]: Unable to transform goal pose into costmap frame
[controller_server-9] [INFO] [1790835638.510505773] [controller_server]: Optimizer reset
[controller_server-9] [WARN] [1790835638.510527016] [controller_server]: [follow_path] [ActionServer] Aborting handle.
[behavior_server-13] [INFO] [1790835638.523937402] [behavior_server]: Running wait
[behavior_server-13] [INFO] [1790835638.824096053] [behavior_server]: wait completed successfully
[INFO] [1790835638.851826512] [mapex_explorer]: Main /plan diagnostic: poses=177, endpoint=(22.59, 1.30), frontier=(22.59, 1.30), endpoint_to_frontier=0.000 m, limit=0.10 m -> usable
[controller_server-9] [INFO] [1790835638.863981656] [controller_server]: Received a goal, begin computing control effort.
[INFO] [1790835639.878959627] [mapex_explorer]: Main /plan diagnostic: poses=170, endpoint=(22.59, 1.30), frontier=(22.59, 1.30), endpoint_to_frontier=0.000 m, limit=0.10 m -> usable
[controller_server-9] [INFO] [1790835639.930776965] [controller_server]: Passing new path to controller.
[controller_server-9] [WARN] [1790835640.551245092] [controller_server]: Control loop missed its desired rate of 15.0000 Hz. Current loop rate is 12.0482 Hz.
[INFO] [1790835640.907072291] [mapex_explorer]: Main /plan diagnostic: poses=160, endpoint=(22.59, 1.30), frontier=(22.59, 1.30), endpoint_to_frontier=0.000 m, limit=0.10 m -> usable
[controller_server-9] [INFO] [1790835640.951451371] [controller_server]: Passing new path to controller.
[controller_server-9] [INFO] [1790835641.951452660] [controller_server]: Passing new path to controller.
[INFO] [1790835641.974491729] [mapex_explorer]: Main /plan diagnostic: poses=149, endpoint=(22.59, 1.30), frontier=(22.59, 1.30), endpoint_to_frontier=0.000 m, limit=0.10 m -> usable
[INFO] [1790835642.994910368] [mapex_explorer]: Main /plan diagnostic: poses=140, endpoint=(22.59, 1.30), frontier=(22.59, 1.30), endpoint_to_frontier=0.000 m, limit=0.10 m -> usable
[controller_server-9] [INFO] [1790835643.018210768] [controller_server]: Passing new path to controller.
[INFO] [1790835643.982999796] [mapex_explorer]: Main /plan diagnostic: poses=129, endpoint=(22.59, 1.30), frontier=(22.59, 1.30), endpoint_to_frontier=0.000 m, limit=0.10 m -> usable
[controller_server-9] [INFO] [1790835644.018142333] [controller_server]: Passing new path to controller.
[INFO] [1790835645.066814237] [mapex_explorer]: Main /plan diagnostic: poses=120, endpoint=(22.59, 1.30), frontier=(22.59, 1.30), endpoint_to_frontier=0.000 m, limit=0.10 m -> usable
[controller_server-9] [INFO] [1790835645.084786437] [controller_server]: Passing new path to controller.
[INFO] [1790835646.028780258] [mapex_explorer]: Main /plan diagnostic: poses=110, endpoint=(22.59, 1.30), frontier=(22.59, 1.30), endpoint_to_frontier=0.000 m, limit=0.10 m -> usable
[controller_server-9] [INFO] [1790835646.084800290] [controller_server]: Passing new path to controller.
[controller_server-9] [WARN] [1790835646.531356857] [controller_server]: Control loop missed its desired rate of 15.0000 Hz. Current loop rate is 8.9286 Hz.
[INFO] [1790835647.076551982] [mapex_explorer]: Main /plan diagnostic: poses=101, endpoint=(22.59, 1.30), frontier=(22.59, 1.30), endpoint_to_frontier=0.000 m, limit=0.10 m -> usable
[controller_server-9] [INFO] [1790835647.131506311] [controller_server]: Passing new path to controller.
[controller_server-9] [WARN] [1790835647.547882920] [controller_server]: Control loop missed its desired rate of 15.0000 Hz. Current loop rate is 12.1951 Hz.
[INFO] [1790835648.107138938] [mapex_explorer]: Main /plan diagnostic: poses=91, endpoint=(22.59, 1.30), frontier=(22.59, 1.30), endpoint_to_frontier=0.000 m, limit=0.10 m -> usable
[controller_server-9] [INFO] [1790835648.148003589] [controller_server]: Passing new path to controller.
[controller_server-9] [WARN] [1790835648.565527329] [controller_server]: Control loop missed its desired rate of 15.0000 Hz. Current loop rate is 12.1951 Hz.
[INFO] [1790835649.132778556] [mapex_explorer]: Main /plan diagnostic: poses=79, endpoint=(22.59, 1.30), frontier=(22.59, 1.30), endpoint_to_frontier=0.000 m, limit=0.10 m -> usable
[controller_server-9] [INFO] [1790835649.165638247] [controller_server]: Passing new path to controller.
[INFO] [1790835650.150102505] [mapex_explorer]: Main /plan diagnostic: poses=70, endpoint=(22.59, 1.30), frontier=(22.59, 1.30), endpoint_to_frontier=0.000 m, limit=0.10 m -> usable
[controller_server-9] [INFO] [1790835650.165633789] [controller_server]: Passing new path to controller.
[INFO] [1790835651.170473196] [mapex_explorer]: Main /plan diagnostic: poses=61, endpoint=(22.59, 1.30), frontier=(22.59, 1.30), endpoint_to_frontier=0.000 m, limit=0.10 m -> usable
[controller_server-9] [INFO] [1790835651.232324940] [controller_server]: Passing new path to controller.
[INFO] [1790835652.189994004] [mapex_explorer]: Main /plan diagnostic: poses=51, endpoint=(22.59, 1.30), frontier=(22.59, 1.30), endpoint_to_frontier=0.000 m, limit=0.10 m -> usable
[controller_server-9] [INFO] [1790835652.232354710] [controller_server]: Passing new path to controller.
[INFO] [1790835653.215404599] [mapex_explorer]: Main /plan diagnostic: poses=42, endpoint=(22.59, 1.30), frontier=(22.59, 1.30), endpoint_to_frontier=0.000 m, limit=0.10 m -> usable
[controller_server-9] [INFO] [1790835653.232336938] [controller_server]: Passing new path to controller.
[INFO] [1790835654.236708220] [mapex_explorer]: Main /plan diagnostic: poses=35, endpoint=(22.59, 1.30), frontier=(22.59, 1.30), endpoint_to_frontier=0.000 m, limit=0.10 m -> usable
[controller_server-9] [INFO] [1790835654.298995961] [controller_server]: Passing new path to controller.
[INFO] [1790835655.257917618] [mapex_explorer]: Main /plan diagnostic: poses=24, endpoint=(22.59, 1.30), frontier=(22.59, 1.30), endpoint_to_frontier=0.000 m, limit=0.10 m -> usable
[controller_server-9] [INFO] [1790835655.298997572] [controller_server]: Passing new path to controller.
[INFO] [1790835656.317140189] [mapex_explorer]: Main /plan diagnostic: poses=18, endpoint=(22.59, 1.30), frontier=(22.59, 1.30), endpoint_to_frontier=0.000 m, limit=0.10 m -> usable
[controller_server-9] [INFO] [1790835656.365667026] [controller_server]: Passing new path to controller.
[INFO] [1790835657.308547637] [mapex_explorer]: Main /plan diagnostic: poses=12, endpoint=(22.59, 1.30), frontier=(22.59, 1.30), endpoint_to_frontier=0.000 m, limit=0.10 m -> usable
[controller_server-9] [INFO] [1790835657.365631907] [controller_server]: Passing new path to controller.
[INFO] [1790835658.337930449] [mapex_explorer]: Main /plan diagnostic: poses=7, endpoint=(22.59, 1.30), frontier=(22.59, 1.30), endpoint_to_frontier=0.000 m, limit=0.10 m -> usable
[controller_server-9] [INFO] [1790835658.365635143] [controller_server]: Passing new path to controller.
[controller_server-9] [INFO] [1790835658.700988937] [controller_server]: Reached the goal!
[controller_server-9] [INFO] [1790835658.701152006] [controller_server]: Optimizer reset
[bt_navigator-14] [INFO] [1790835658.723622127] [bt_navigator]: Goal succeeded
[INFO] [1790835658.725852302] [mapex_explorer]: Goal reached
[INFO] [1790835664.464677315] [mapex_explorer]: MapEx decision 39: selected x=22.59, y=-1.10, IG=2.233847, distance=2.70 m, score=0.828784, region=25, candidates=6, near_fallback=False, compute=5.47 s
[bt_navigator-14] [INFO] [1790835664.465937071] [bt_navigator]: Begin navigating from current location (22.78, 1.58) to (22.59, -1.10)
[controller_server-9] [INFO] [1790835664.486624709] [controller_server]: Received a goal, begin computing control effort.
[INFO] [1790835664.645808135] [mapex_explorer]: Main goal accepted
[INFO] [1790835664.685974299] [mapex_explorer]: Main /plan diagnostic: poses=222, endpoint=(22.59, -1.10), frontier=(22.59, -1.10), endpoint_to_frontier=0.000 m, limit=0.10 m -> usable
[INFO] [1790835665.517588085] [mapex_explorer]: Main /plan diagnostic: poses=215, endpoint=(22.59, -1.10), frontier=(22.59, -1.10), endpoint_to_frontier=0.000 m, limit=0.10 m -> usable
[controller_server-9] [INFO] [1790835665.553434277] [controller_server]: Passing new path to controller.
[INFO] [1790835666.532505172] [mapex_explorer]: Main /plan diagnostic: poses=209, endpoint=(22.59, -1.10), frontier=(22.59, -1.10), endpoint_to_frontier=0.000 m, limit=0.10 m -> usable
[controller_server-9] [INFO] [1790835666.553429689] [controller_server]: Passing new path to controller.
[INFO] [1790835667.567708549] [mapex_explorer]: Main /plan diagnostic: poses=205, endpoint=(22.59, -1.10), frontier=(22.59, -1.10), endpoint_to_frontier=0.000 m, limit=0.10 m -> usable
[controller_server-9] [INFO] [1790835667.620099720] [controller_server]: Passing new path to controller.
[INFO] [1790835668.616537798] [mapex_explorer]: Main /plan diagnostic: poses=201, endpoint=(22.59, -1.10), frontier=(22.59, -1.10), endpoint_to_frontier=0.000 m, limit=0.10 m -> usable
[controller_server-9] [INFO] [1790835668.620096962] [controller_server]: Passing new path to controller.
[controller_server-9] [INFO] [1790835669.686763042] [controller_server]: Passing new path to controller.
[INFO] [1790835669.734558087] [mapex_explorer]: Main /plan diagnostic: poses=201, endpoint=(22.59, -1.10), frontier=(22.59, -1.10), endpoint_to_frontier=0.000 m, limit=0.10 m -> usable
[INFO] [1790835670.655338220] [mapex_explorer]: Main /plan diagnostic: poses=201, endpoint=(22.59, -1.10), frontier=(22.59, -1.10), endpoint_to_frontier=0.000 m, limit=0.10 m -> usable
[controller_server-9] [INFO] [1790835670.686809658] [controller_server]: Passing new path to controller.
[controller_server-9] [INFO] [1790835671.686769198] [controller_server]: Passing new path to controller.
[INFO] [1790835671.687594327] [mapex_explorer]: Main /plan diagnostic: poses=187, endpoint=(22.59, -1.10), frontier=(22.59, -1.10), endpoint_to_frontier=0.000 m, limit=0.10 m -> usable
[INFO] [1790835672.698801146] [mapex_explorer]: Main /plan diagnostic: poses=180, endpoint=(22.59, -1.10), frontier=(22.59, -1.10), endpoint_to_frontier=0.000 m, limit=0.10 m -> usable
[controller_server-9] [INFO] [1790835672.753436754] [controller_server]: Passing new path to controller.
[controller_server-9] [WARN] [1790835673.589277757] [controller_server]: Control loop missed its desired rate of 15.0000 Hz. Current loop rate is 9.9010 Hz.
[INFO] [1790835673.714653941] [mapex_explorer]: Main /plan diagnostic: poses=168, endpoint=(22.59, -1.10), frontier=(22.59, -1.10), endpoint_to_frontier=0.000 m, limit=0.10 m -> usable
[controller_server-9] [INFO] [1790835673.789377256] [controller_server]: Passing new path to controller.
[INFO] [1790835674.754269606] [mapex_explorer]: Main /plan diagnostic: poses=160, endpoint=(22.59, -1.10), frontier=(22.59, -1.10), endpoint_to_frontier=0.000 m, limit=0.10 m -> usable
[controller_server-9] [INFO] [1790835674.789391491] [controller_server]: Passing new path to controller.
[INFO] [1790835675.761909684] [mapex_explorer]: Main /plan diagnostic: poses=150, endpoint=(22.59, -1.10), frontier=(22.59, -1.10), endpoint_to_frontier=0.000 m, limit=0.10 m -> usable
[controller_server-9] [INFO] [1790835675.789411767] [controller_server]: Passing new path to controller.
[INFO] [1790835676.791062812] [mapex_explorer]: Main /plan diagnostic: poses=140, endpoint=(22.59, -1.10), frontier=(22.59, -1.10), endpoint_to_frontier=0.000 m, limit=0.10 m -> usable
[controller_server-9] [INFO] [1790835676.856056793] [controller_server]: Passing new path to controller.
[INFO] [1790835677.802744316] [mapex_explorer]: Main /plan diagnostic: poses=130, endpoint=(22.59, -1.10), frontier=(22.59, -1.10), endpoint_to_frontier=0.000 m, limit=0.10 m -> usable
[controller_server-9] [INFO] [1790835677.856040965] [controller_server]: Passing new path to controller.
[controller_server-9] [WARN] [1790835678.568583586] [controller_server]: Control loop missed its desired rate of 15.0000 Hz. Current loop rate is 9.0090 Hz.
[INFO] [1790835678.834864643] [mapex_explorer]: Main /plan diagnostic: poses=120, endpoint=(22.59, -1.10), frontier=(22.59, -1.10), endpoint_to_frontier=0.000 m, limit=0.10 m -> usable
[controller_server-9] [INFO] [1790835678.902033673] [controller_server]: Passing new path to controller.
[INFO] [1790835679.889785978] [mapex_explorer]: Main /plan diagnostic: poses=110, endpoint=(22.59, -1.10), frontier=(22.59, -1.10), endpoint_to_frontier=0.000 m, limit=0.10 m -> usable
[controller_server-9] [INFO] [1790835679.902040880] [controller_server]: Passing new path to controller.
[INFO] [1790835680.892038310] [mapex_explorer]: Main /plan diagnostic: poses=99, endpoint=(22.59, -1.10), frontier=(22.59, -1.10), endpoint_to_frontier=0.000 m, limit=0.10 m -> usable
[controller_server-9] [INFO] [1790835680.902018468] [controller_server]: Passing new path to controller.
[INFO] [1790835681.911488014] [mapex_explorer]: Main /plan diagnostic: poses=90, endpoint=(22.59, -1.10), frontier=(22.59, -1.10), endpoint_to_frontier=0.000 m, limit=0.10 m -> usable
[controller_server-9] [INFO] [1790835681.968639222] [controller_server]: Passing new path to controller.
[INFO] [1790835682.968540723] [mapex_explorer]: Main /plan diagnostic: poses=80, endpoint=(22.59, -1.10), frontier=(22.59, -1.10), endpoint_to_frontier=0.000 m, limit=0.10 m -> usable
[controller_server-9] [INFO] [1790835682.968644519] [controller_server]: Passing new path to controller.
[INFO] [1790835683.976547701] [mapex_explorer]: Main /plan diagnostic: poses=70, endpoint=(22.59, -1.10), frontier=(22.59, -1.10), endpoint_to_frontier=0.000 m, limit=0.10 m -> usable
[controller_server-9] [INFO] [1790835684.035350333] [controller_server]: Passing new path to controller.
[INFO] [1790835685.026291881] [mapex_explorer]: Main /plan diagnostic: poses=59, endpoint=(22.59, -1.10), frontier=(22.59, -1.10), endpoint_to_frontier=0.000 m, limit=0.10 m -> usable
[controller_server-9] [INFO] [1790835685.035348437] [controller_server]: Passing new path to controller.
[controller_server-9] [ERROR] [1790835685.536342282] [controller_server]: Exception in transformPose: Lookup would require extrapolation into the future.  Requested time 1717.940000 but the latest data is at time 1717.900000, when looking up transform from frame [map] to frame [odom]
[controller_server-9] [ERROR] [1790835685.536420202] [controller_server]: Unable to transform goal pose into costmap frame
[controller_server-9] [INFO] [1790835685.536677322] [controller_server]: Optimizer reset
[controller_server-9] [WARN] [1790835685.536707710] [controller_server]: [follow_path] [ActionServer] Aborting handle.
[behavior_server-13] [INFO] [1790835685.556461520] [behavior_server]: Running wait
[behavior_server-13] [INFO] [1790835685.856602836] [behavior_server]: wait completed successfully
[INFO] [1790835685.882035257] [mapex_explorer]: Main /plan diagnostic: poses=51, endpoint=(22.59, -1.10), frontier=(22.59, -1.10), endpoint_to_frontier=0.000 m, limit=0.10 m -> usable
[controller_server-9] [INFO] [1790835685.896519424] [controller_server]: Received a goal, begin computing control effort.
[INFO] [1790835686.911121985] [mapex_explorer]: Main /plan diagnostic: poses=45, endpoint=(22.59, -1.10), frontier=(22.59, -1.10), endpoint_to_frontier=0.000 m, limit=0.10 m -> usable
[controller_server-9] [INFO] [1790835686.963300445] [controller_server]: Passing new path to controller.
[INFO] [1790835687.946085778] [mapex_explorer]: Main /plan diagnostic: poses=31, endpoint=(22.59, -1.10), frontier=(22.59, -1.10), endpoint_to_frontier=0.000 m, limit=0.10 m -> usable
[controller_server-9] [INFO] [1790835687.963305388] [controller_server]: Passing new path to controller.
[INFO] [1790835688.970736562] [mapex_explorer]: Main /plan diagnostic: poses=24, endpoint=(22.59, -1.10), frontier=(22.59, -1.10), endpoint_to_frontier=0.000 m, limit=0.10 m -> usable
[controller_server-9] [INFO] [1790835689.029978007] [controller_server]: Passing new path to controller.
[INFO] [1790835690.007408380] [mapex_explorer]: Main /plan diagnostic: poses=20, endpoint=(22.59, -1.10), frontier=(22.59, -1.10), endpoint_to_frontier=0.000 m, limit=0.10 m -> usable
[controller_server-9] [INFO] [1790835690.030006800] [controller_server]: Passing new path to controller.
[INFO] [1790835691.032452910] [mapex_explorer]: Main /plan diagnostic: poses=14, endpoint=(22.59, -1.10), frontier=(22.59, -1.10), endpoint_to_frontier=0.000 m, limit=0.10 m -> usable
[controller_server-9] [INFO] [1790835691.096666625] [controller_server]: Passing new path to controller.
[INFO] [1790835692.043083128] [mapex_explorer]: Main /plan diagnostic: poses=10, endpoint=(22.59, -1.10), frontier=(22.59, -1.10), endpoint_to_frontier=0.000 m, limit=0.10 m -> usable
[controller_server-9] [INFO] [1790835692.096651749] [controller_server]: Passing new path to controller.
[controller_server-9] [INFO] [1790835692.632441831] [controller_server]: Reached the goal!
[controller_server-9] [INFO] [1790835692.633423471] [controller_server]: Optimizer reset
[bt_navigator-14] [INFO] [1790835692.656155180] [bt_navigator]: Goal succeeded
[INFO] [1790835692.657798337] [mapex_explorer]: Goal reached
[INFO] [1790835699.605108451] [mapex_explorer]: MapEx decision 40: selected x=25.49, y=7.80, IG=3.107906, distance=9.54 m, score=0.325854, region=25, candidates=5, near_fallback=False, compute=6.61 s
[bt_navigator-14] [INFO] [1790835699.605985329] [bt_navigator]: Begin navigating from current location (22.82, -1.36) to (25.49, 7.80)
[controller_server-9] [INFO] [1790835699.626771990] [controller_server]: Received a goal, begin computing control effort.
[INFO] [1790835700.068070690] [mapex_explorer]: Main goal accepted
[INFO] [1790835700.463348516] [mapex_explorer]: Main /plan diagnostic: poses=683, endpoint=(25.49, 7.80), frontier=(25.49, 7.80), endpoint_to_frontier=0.000 m, limit=0.10 m -> usable
[INFO] [1790835700.661716951] [mapex_explorer]: Main /plan diagnostic: poses=679, endpoint=(25.49, 7.80), frontier=(25.49, 7.80), endpoint_to_frontier=0.000 m, limit=0.10 m -> usable
[controller_server-9] [INFO] [1790835700.693565187] [controller_server]: Passing new path to controller.
[INFO] [1790835701.690055910] [mapex_explorer]: Main /plan diagnostic: poses=670, endpoint=(25.49, 7.80), frontier=(25.49, 7.80), endpoint_to_frontier=0.000 m, limit=0.10 m -> usable
[controller_server-9] [INFO] [1790835701.693577146] [controller_server]: Passing new path to controller.
[controller_server-9] [WARN] [1790835702.565783329] [controller_server]: Control loop missed its desired rate of 15.0000 Hz. Current loop rate is 14.0845 Hz.
[controller_server-9] [INFO] [1790835702.765916042] [controller_server]: Passing new path to controller.
[INFO] [1790835702.786266908] [mapex_explorer]: Main /plan diagnostic: poses=662, endpoint=(25.49, 7.80), frontier=(25.49, 7.80), endpoint_to_frontier=0.000 m, limit=0.10 m -> usable
[controller_server-9] [WARN] [1790835703.544978412] [controller_server]: Control loop missed its desired rate of 15.0000 Hz. Current loop rate is 9.0909 Hz.
[controller_server-9] [INFO] [1790835703.745099183] [controller_server]: Passing new path to controller.
[INFO] [1790835703.831173041] [mapex_explorer]: Main /plan diagnostic: poses=656, endpoint=(25.49, 7.80), frontier=(25.49, 7.80), endpoint_to_frontier=0.000 m, limit=0.10 m -> usable
[controller_server-9] [WARN] [1790835704.554317199] [controller_server]: Control loop missed its desired rate of 15.0000 Hz. Current loop rate is 14.0845 Hz.
[controller_server-9] [INFO] [1790835704.821108305] [controller_server]: Passing new path to controller.
[INFO] [1790835704.876870734] [mapex_explorer]: Main /plan diagnostic: poses=653, endpoint=(25.49, 7.80), frontier=(25.49, 7.80), endpoint_to_frontier=0.000 m, limit=0.10 m -> usable
[INFO] [1790835705.796173117] [mapex_explorer]: Main /plan diagnostic: poses=653, endpoint=(25.49, 7.80), frontier=(25.49, 7.80), endpoint_to_frontier=0.000 m, limit=0.10 m -> usable
[controller_server-9] [INFO] [1790835705.821121555] [controller_server]: Passing new path to controller.
[controller_server-9] [INFO] [1790835706.821108153] [controller_server]: Passing new path to controller.
[INFO] [1790835706.876920026] [mapex_explorer]: Main /plan diagnostic: poses=653, endpoint=(25.49, 7.80), frontier=(25.49, 7.80), endpoint_to_frontier=0.000 m, limit=0.10 m -> usable
[INFO] [1790835707.855736163] [mapex_explorer]: Main /plan diagnostic: poses=641, endpoint=(25.49, 7.80), frontier=(25.49, 7.80), endpoint_to_frontier=0.000 m, limit=0.10 m -> usable
[controller_server-9] [INFO] [1790835707.887774635] [controller_server]: Passing new path to controller.
[controller_server-9] [INFO] [1790835708.887793655] [controller_server]: Passing new path to controller.
[INFO] [1790835708.895278095] [mapex_explorer]: Main /plan diagnostic: poses=653, endpoint=(25.49, 7.80), frontier=(25.49, 7.80), endpoint_to_frontier=0.000 m, limit=0.10 m -> usable
[controller_server-9] [INFO] [1790835709.954466050] [controller_server]: Passing new path to controller.
[INFO] [1790835709.965734013] [mapex_explorer]: Main /plan diagnostic: poses=620, endpoint=(25.49, 7.80), frontier=(25.49, 7.80), endpoint_to_frontier=0.000 m, limit=0.10 m -> usable
[controller_server-9] [INFO] [1790835711.021108514] [controller_server]: Passing new path to controller.
[INFO] [1790835711.047887846] [mapex_explorer]: Main /plan diagnostic: poses=613, endpoint=(25.49, 7.80), frontier=(25.49, 7.80), endpoint_to_frontier=0.000 m, limit=0.10 m -> usable
[INFO] [1790835712.017892737] [mapex_explorer]: Main /plan diagnostic: poses=603, endpoint=(25.49, 7.80), frontier=(25.49, 7.80), endpoint_to_frontier=0.000 m, limit=0.10 m -> usable
[controller_server-9] [INFO] [1790835712.021111364] [controller_server]: Passing new path to controller.
[INFO] [1790835713.024049325] [mapex_explorer]: Main /plan diagnostic: poses=593, endpoint=(25.49, 7.80), frontier=(25.49, 7.80), endpoint_to_frontier=0.000 m, limit=0.10 m -> usable
[controller_server-9] [INFO] [1790835713.087825566] [controller_server]: Passing new path to controller.
[controller_server-9] [WARN] [1790835713.523735893] [controller_server]: Control loop missed its desired rate of 15.0000 Hz. Current loop rate is 9.9010 Hz.
[controller_server-9] [INFO] [1790835714.057221971] [controller_server]: Passing new path to controller.
[INFO] [1790835714.066128338] [mapex_explorer]: Main /plan diagnostic: poses=581, endpoint=(25.49, 7.80), frontier=(25.49, 7.80), endpoint_to_frontier=0.000 m, limit=0.10 m -> usable
[controller_server-9] [WARN] [1790835714.569587031] [controller_server]: Control loop missed its desired rate of 15.0000 Hz. Current loop rate is 9.0090 Hz.
[controller_server-9] [INFO] [1790835715.103028396] [controller_server]: Passing new path to controller.
[INFO] [1790835715.104210066] [mapex_explorer]: Main /plan diagnostic: poses=573, endpoint=(25.49, 7.80), frontier=(25.49, 7.80), endpoint_to_frontier=0.000 m, limit=0.10 m -> usable
[controller_server-9] [WARN] [1790835715.586720113] [controller_server]: Control loop missed its desired rate of 15.0000 Hz. Current loop rate is 12.0482 Hz.
[INFO] [1790835716.173112926] [mapex_explorer]: Main /plan diagnostic: poses=562, endpoint=(25.49, 7.80), frontier=(25.49, 7.80), endpoint_to_frontier=0.000 m, limit=0.10 m -> usable
[controller_server-9] [INFO] [1790835716.186823836] [controller_server]: Passing new path to controller.
[INFO] [1790835717.167320388] [mapex_explorer]: Main /plan diagnostic: poses=554, endpoint=(25.49, 7.80), frontier=(25.49, 7.80), endpoint_to_frontier=0.000 m, limit=0.10 m -> usable
[controller_server-9] [INFO] [1790835717.187433827] [controller_server]: Passing new path to controller.
[async_slam_toolbox_node-8] W20261001 13:21:57.196069 30090 preprocessor.cc:67] Specified options.num_threads: 50 exceeds maximum available from the threading model Ceres was compiled with: 16.  Bounding to maximum number available.
[async_slam_toolbox_node-8] [INFO] [1790835717.228297953] [slam_toolbox]: Adaptive anchor summary: latest_node=4274, local_edges=4376, loop_history=0, avg_effective_weight=1.066, release_regions=0
[controller_server-9] [INFO] [1790835717.728122943] [local_costmap.local_costmap]: StaticLayer: Resizing static layer to 561 X 252 at 0.100000 m/pix
[INFO] [1790835718.186187197] [mapex_explorer]: Main /plan diagnostic: poses=542, endpoint=(25.49, 7.80), frontier=(25.49, 7.80), endpoint_to_frontier=0.000 m, limit=0.10 m -> usable
[controller_server-9] [INFO] [1790835718.186843046] [controller_server]: Passing new path to controller.
[planner_server-11] [INFO] [1790835718.189132446] [global_costmap.global_costmap]: StaticLayer: Resizing costmap to 561 X 252 at 0.100000 m/pix
[INFO] [1790835719.241880245] [mapex_explorer]: Main /plan diagnostic: poses=533, endpoint=(25.49, 7.80), frontier=(25.49, 7.80), endpoint_to_frontier=0.000 m, limit=0.10 m -> usable
[controller_server-9] [INFO] [1790835719.253517577] [controller_server]: Passing new path to controller.
[INFO] [1790835720.248544327] [mapex_explorer]: Main /plan diagnostic: poses=525, endpoint=(25.49, 7.80), frontier=(25.49, 7.80), endpoint_to_frontier=0.000 m, limit=0.10 m -> usable
[controller_server-9] [INFO] [1790835720.253519175] [controller_server]: Passing new path to controller.
[controller_server-9] [WARN] [1790835720.526480551] [controller_server]: Control loop missed its desired rate of 15.0000 Hz. Current loop rate is 13.6986 Hz.
[async_slam_toolbox_node-8] W20261001 13:22:01.097767 30090 preprocessor.cc:67] Specified options.num_threads: 50 exceeds maximum available from the threading model Ceres was compiled with: 16.  Bounding to maximum number available.
[controller_server-9] [INFO] [1790835721.259952871] [controller_server]: Passing new path to controller.
[INFO] [1790835721.308105516] [mapex_explorer]: Main /plan diagnostic: poses=516, endpoint=(25.49, 7.80), frontier=(25.49, 7.80), endpoint_to_frontier=0.000 m, limit=0.10 m -> usable
[controller_server-9] [ERROR] [1790835721.560888007] [controller_server]: Exception in transformPose: Lookup would require extrapolation into the future.  Requested time 1749.640000 but the latest data is at time 1749.600000, when looking up transform from frame [map] to frame [odom]
[controller_server-9] [ERROR] [1790835721.560985397] [controller_server]: Unable to transform goal pose into costmap frame
[controller_server-9] [INFO] [1790835721.561318063] [controller_server]: Optimizer reset
[controller_server-9] [WARN] [1790835721.561338353] [controller_server]: [follow_path] [ActionServer] Aborting handle.
[behavior_server-13] [INFO] [1790835721.576560057] [behavior_server]: Running wait
[controller_server-9] [INFO] [1790835721.728146803] [local_costmap.local_costmap]: StaticLayer: Resizing static layer to 561 X 252 at 0.100000 m/pix
[behavior_server-13] [INFO] [1790835721.876696567] [behavior_server]: wait completed successfully
[controller_server-9] [INFO] [1790835721.916682948] [controller_server]: Received a goal, begin computing control effort.
[INFO] [1790835721.956687148] [mapex_explorer]: Main /plan diagnostic: poses=509, endpoint=(25.49, 7.80), frontier=(25.49, 7.80), endpoint_to_frontier=0.000 m, limit=0.10 m -> usable
[planner_server-11] [INFO] [1790835722.189127787] [global_costmap.global_costmap]: StaticLayer: Resizing costmap to 561 X 252 at 0.100000 m/pix
[INFO] [1790835722.983040446] [mapex_explorer]: Main /plan diagnostic: poses=498, endpoint=(25.49, 7.80), frontier=(25.49, 7.80), endpoint_to_frontier=0.000 m, limit=0.10 m -> usable
[controller_server-9] [INFO] [1790835722.983507128] [controller_server]: Passing new path to controller.
[controller_server-9] [INFO] [1790835723.983503090] [controller_server]: Passing new path to controller.
[INFO] [1790835723.985565547] [mapex_explorer]: Main /plan diagnostic: poses=489, endpoint=(25.49, 7.80), frontier=(25.49, 7.80), endpoint_to_frontier=0.000 m, limit=0.10 m -> usable
[controller_server-9] [WARN] [1790835724.542553534] [controller_server]: Control loop missed its desired rate of 15.0000 Hz. Current loop rate is 11.2360 Hz.
[INFO] [1790835725.033301867] [mapex_explorer]: Main /plan diagnostic: poses=480, endpoint=(25.49, 7.80), frontier=(25.49, 7.80), endpoint_to_frontier=0.000 m, limit=0.10 m -> usable
[controller_server-9] [INFO] [1790835725.076023276] [controller_server]: Passing new path to controller.
[controller_server-9] [WARN] [1790835725.548354317] [controller_server]: Control loop missed its desired rate of 15.0000 Hz. Current loop rate is 14.0845 Hz.
[INFO] [1790835726.073368619] [mapex_explorer]: Main /plan diagnostic: poses=469, endpoint=(25.49, 7.80), frontier=(25.49, 7.80), endpoint_to_frontier=0.000 m, limit=0.10 m -> usable
[controller_server-9] [INFO] [1790835726.081798156] [controller_server]: Passing new path to controller.
[controller_server-9] [WARN] [1790835726.584111203] [controller_server]: Control loop missed its desired rate of 15.0000 Hz. Current loop rate is 10.0000 Hz.
[INFO] [1790835727.070446637] [mapex_explorer]: Main /plan diagnostic: poses=459, endpoint=(25.49, 7.80), frontier=(25.49, 7.80), endpoint_to_frontier=0.000 m, limit=0.10 m -> usable
[controller_server-9] [INFO] [1790835727.117559921] [controller_server]: Passing new path to controller.
[controller_server-9] [INFO] [1790835728.117578007] [controller_server]: Passing new path to controller.
[INFO] [1790835728.191692653] [mapex_explorer]: Main /plan diagnostic: poses=448, endpoint=(25.49, 7.80), frontier=(25.49, 7.80), endpoint_to_frontier=0.000 m, limit=0.10 m -> usable
[INFO] [1790835729.149200194] [mapex_explorer]: Main /plan diagnostic: poses=438, endpoint=(25.49, 7.80), frontier=(25.49, 7.80), endpoint_to_frontier=0.000 m, limit=0.10 m -> usable
[controller_server-9] [INFO] [1790835729.184229388] [controller_server]: Passing new path to controller.
[INFO] [1790835730.183197337] [mapex_explorer]: Main /plan diagnostic: poses=428, endpoint=(25.49, 7.80), frontier=(25.49, 7.80), endpoint_to_frontier=0.000 m, limit=0.10 m -> usable
[controller_server-9] [INFO] [1790835730.184219302] [controller_server]: Passing new path to controller.
[INFO] [1790835731.191450060] [mapex_explorer]: Main /plan diagnostic: poses=418, endpoint=(25.49, 7.80), frontier=(25.49, 7.80), endpoint_to_frontier=0.000 m, limit=0.10 m -> usable
[controller_server-9] [INFO] [1790835731.250883352] [controller_server]: Passing new path to controller.
[async_slam_toolbox_node-8] W20261001 13:22:12.009131 30090 preprocessor.cc:67] Specified options.num_threads: 50 exceeds maximum available from the threading model Ceres was compiled with: 16.  Bounding to maximum number available.
[INFO] [1790835732.214611848] [mapex_explorer]: Main /plan diagnostic: poses=408, endpoint=(25.49, 7.80), frontier=(25.49, 7.80), endpoint_to_frontier=0.000 m, limit=0.10 m -> usable
[controller_server-9] [INFO] [1790835732.250885203] [controller_server]: Passing new path to controller.
[controller_server-9] [INFO] [1790835732.528129466] [local_costmap.local_costmap]: StaticLayer: Resizing static layer to 561 X 252 at 0.100000 m/pix
[planner_server-11] [INFO] [1790835733.189096128] [global_costmap.global_costmap]: StaticLayer: Resizing costmap to 561 X 252 at 0.100000 m/pix
[controller_server-9] [INFO] [1790835733.250899189] [controller_server]: Passing new path to controller.
[INFO] [1790835733.304064748] [mapex_explorer]: Main /plan diagnostic: poses=399, endpoint=(25.49, 7.80), frontier=(25.49, 7.80), endpoint_to_frontier=0.000 m, limit=0.10 m -> usable
[INFO] [1790835734.259133394] [mapex_explorer]: Main /plan diagnostic: poses=388, endpoint=(25.49, 7.80), frontier=(25.49, 7.80), endpoint_to_frontier=0.000 m, limit=0.10 m -> usable
[controller_server-9] [INFO] [1790835734.317551509] [controller_server]: Passing new path to controller.
[controller_server-9] [WARN] [1790835734.543607223] [controller_server]: Control loop missed its desired rate of 15.0000 Hz. Current loop rate is 10.7527 Hz.
[INFO] [1790835735.276243113] [mapex_explorer]: Main /plan diagnostic: poses=380, endpoint=(25.49, 7.80), frontier=(25.49, 7.80), endpoint_to_frontier=0.000 m, limit=0.10 m -> usable
[controller_server-9] [INFO] [1790835735.343717577] [controller_server]: Passing new path to controller.
[controller_server-9] [WARN] [1790835735.561885430] [controller_server]: Control loop missed its desired rate of 15.0000 Hz. Current loop rate is 12.3457 Hz.
[controller_server-9] [INFO] [1790835736.361987192] [controller_server]: Passing new path to controller.
[INFO] [1790835736.388155974] [mapex_explorer]: Main /plan diagnostic: poses=371, endpoint=(25.49, 7.80), frontier=(25.49, 7.80), endpoint_to_frontier=0.000 m, limit=0.10 m -> usable
[INFO] [1790835737.326515951] [mapex_explorer]: Main /plan diagnostic: poses=361, endpoint=(25.49, 7.80), frontier=(25.49, 7.80), endpoint_to_frontier=0.000 m, limit=0.10 m -> usable
[controller_server-9] [INFO] [1790835737.362063486] [controller_server]: Passing new path to controller.
[async_slam_toolbox_node-8] W20261001 13:22:17.574465 30090 preprocessor.cc:67] Specified options.num_threads: 50 exceeds maximum available from the threading model Ceres was compiled with: 16.  Bounding to maximum number available.
[async_slam_toolbox_node-8] [INFO] [1790835737.618634899] [slam_toolbox]: Adaptive anchor summary: latest_node=4333, local_edges=4435, loop_history=0, avg_effective_weight=1.065, release_regions=0
[controller_server-9] [INFO] [1790835738.428630374] [controller_server]: Passing new path to controller.
[INFO] [1790835738.489475713] [mapex_explorer]: Main /plan diagnostic: poses=351, endpoint=(25.49, 7.80), frontier=(25.49, 7.80), endpoint_to_frontier=0.000 m, limit=0.10 m -> usable
[controller_server-9] [INFO] [1790835738.528121245] [local_costmap.local_costmap]: StaticLayer: Resizing static layer to 561 X 252 at 0.100000 m/pix
[controller_server-9] [ERROR] [1790835738.529605946] [controller_server]: Exception in transformPose: Lookup would require extrapolation into the future.  Requested time 1766.260000 but the latest data is at time 1766.200000, when looking up transform from frame [map] to frame [odom]
[controller_server-9] [ERROR] [1790835738.529663242] [controller_server]: Unable to transform goal pose into costmap frame
[controller_server-9] [INFO] [1790835738.529837213] [controller_server]: Optimizer reset
[controller_server-9] [WARN] [1790835738.529848359] [controller_server]: [follow_path] [ActionServer] Aborting handle.
[bt_navigator-14] [WARN] [1790835738.556152922] [bt_navigator]: [navigate_to_pose] [ActionServer] Aborting handle.
[bt_navigator-14] [ERROR] [1790835738.556280679] [bt_navigator]: Goal failed
[WARN] [1790835738.558290951] [mapex_explorer]: Main goal failed (status=6, error_code=102)
[WARN] [1790835738.558905763] [mapex_explorer]: Path-guided recovery #1: temporary subgoal x=29.13, y=5.37, 0.70 m ahead on main path (remaining main path=17.51 m, trigger_error=102)
[bt_navigator-14] [INFO] [1790835738.559602164] [bt_navigator]: Begin navigating from current location (28.42, 5.38) to (29.13, 5.37)
[INFO] [1790835738.565987701] [mapex_explorer]: Subgoal goal accepted
[controller_server-9] [INFO] [1790835738.580213015] [controller_server]: Received a goal, begin computing control effort.
[planner_server-11] [INFO] [1790835739.189129825] [global_costmap.global_costmap]: StaticLayer: Resizing costmap to 561 X 252 at 0.100000 m/pix
[controller_server-9] [INFO] [1790835739.647023180] [controller_server]: Passing new path to controller.
[controller_server-9] [INFO] [1790835739.915882033] [controller_server]: Reached the goal!
[controller_server-9] [INFO] [1790835739.916130590] [controller_server]: Optimizer reset
[bt_navigator-14] [INFO] [1790835739.940087323] [bt_navigator]: Goal succeeded
[INFO] [1790835739.946018080] [mapex_explorer]: Recovery subgoal reached; retrying the same main frontier.
[bt_navigator-14] [INFO] [1790835739.948293143] [bt_navigator]: Begin navigating from current location (28.76, 5.46) to (25.49, 7.80)
[controller_server-9] [INFO] [1790835739.969011001] [controller_server]: Received a goal, begin computing control effort.
[INFO] [1790835739.970861543] [mapex_explorer]: Main goal accepted
[INFO] [1790835739.971145740] [mapex_explorer]: Main /plan diagnostic: poses=342, endpoint=(25.49, 7.80), frontier=(25.49, 7.80), endpoint_to_frontier=0.000 m, limit=0.10 m -> usable
[controller_server-9] [INFO] [1790835741.035887438] [controller_server]: Passing new path to controller.
[INFO] [1790835741.037531306] [mapex_explorer]: Main /plan diagnostic: poses=334, endpoint=(25.49, 7.80), frontier=(25.49, 7.80), endpoint_to_frontier=0.000 m, limit=0.10 m -> usable
[controller_server-9] [INFO] [1790835742.035812383] [controller_server]: Passing new path to controller.
[INFO] [1790835742.059842587] [mapex_explorer]: Main /plan diagnostic: poses=324, endpoint=(25.49, 7.80), frontier=(25.49, 7.80), endpoint_to_frontier=0.000 m, limit=0.10 m -> usable
[async_slam_toolbox_node-8] W20261001 13:22:22.720733 30090 preprocessor.cc:67] Specified options.num_threads: 50 exceeds maximum available from the threading model Ceres was compiled with: 16.  Bounding to maximum number available.
[INFO] [1790835743.076466539] [mapex_explorer]: Main /plan diagnostic: poses=314, endpoint=(25.49, 7.80), frontier=(25.49, 7.80), endpoint_to_frontier=0.000 m, limit=0.10 m -> usable
[controller_server-9] [INFO] [1790835743.102475890] [controller_server]: Passing new path to controller.
[controller_server-9] [INFO] [1790835743.728095711] [local_costmap.local_costmap]: StaticLayer: Resizing static layer to 561 X 252 at 0.100000 m/pix
[INFO] [1790835744.094118824] [mapex_explorer]: Main /plan diagnostic: poses=304, endpoint=(25.49, 7.80), frontier=(25.49, 7.80), endpoint_to_frontier=0.000 m, limit=0.10 m -> usable
[controller_server-9] [INFO] [1790835744.102475171] [controller_server]: Passing new path to controller.
[planner_server-11] [INFO] [1790835744.189191472] [global_costmap.global_costmap]: StaticLayer: Resizing costmap to 561 X 252 at 0.100000 m/pix
[INFO] [1790835745.111459964] [mapex_explorer]: Main /plan diagnostic: poses=294, endpoint=(25.49, 7.80), frontier=(25.49, 7.80), endpoint_to_frontier=0.000 m, limit=0.10 m -> usable
[controller_server-9] [INFO] [1790835745.169146076] [controller_server]: Passing new path to controller.
[INFO] [1790835746.131040531] [mapex_explorer]: Main /plan diagnostic: poses=284, endpoint=(25.49, 7.80), frontier=(25.49, 7.80), endpoint_to_frontier=0.000 m, limit=0.10 m -> usable
[controller_server-9] [INFO] [1790835746.169141810] [controller_server]: Passing new path to controller.
[async_slam_toolbox_node-8] W20261001 13:22:26.778095 30090 preprocessor.cc:67] Specified options.num_threads: 50 exceeds maximum available from the threading model Ceres was compiled with: 16.  Bounding to maximum number available.
[INFO] [1790835747.165936833] [mapex_explorer]: Main /plan diagnostic: poses=274, endpoint=(25.49, 7.80), frontier=(25.49, 7.80), endpoint_to_frontier=0.000 m, limit=0.10 m -> usable
[controller_server-9] [INFO] [1790835747.169099055] [controller_server]: Passing new path to controller.
[controller_server-9] [INFO] [1790835747.728112887] [local_costmap.local_costmap]: StaticLayer: Resizing static layer to 561 X 252 at 0.100000 m/pix
[planner_server-11] [INFO] [1790835748.189125117] [global_costmap.global_costmap]: StaticLayer: Resizing costmap to 561 X 252 at 0.100000 m/pix
[controller_server-9] [INFO] [1790835748.235807117] [controller_server]: Passing new path to controller.
[INFO] [1790835748.266392004] [mapex_explorer]: Main /plan diagnostic: poses=265, endpoint=(25.49, 7.80), frontier=(25.49, 7.80), endpoint_to_frontier=0.000 m, limit=0.10 m -> usable
[INFO] [1790835749.222273605] [mapex_explorer]: Main /plan diagnostic: poses=253, endpoint=(25.49, 7.80), frontier=(25.49, 7.80), endpoint_to_frontier=0.000 m, limit=0.10 m -> usable
[controller_server-9] [INFO] [1790835749.235808795] [controller_server]: Passing new path to controller.
[async_slam_toolbox_node-8] W20261001 13:22:30.050928 30090 preprocessor.cc:67] Specified options.num_threads: 50 exceeds maximum available from the threading model Ceres was compiled with: 16.  Bounding to maximum number available.
[INFO] [1790835750.250362403] [mapex_explorer]: Main /plan diagnostic: poses=243, endpoint=(25.49, 7.80), frontier=(25.49, 7.80), endpoint_to_frontier=0.000 m, limit=0.10 m -> usable
[controller_server-9] [INFO] [1790835750.302486676] [controller_server]: Passing new path to controller.
[controller_server-9] [ERROR] [1790835750.537808270] [controller_server]: Exception in transformPose: Lookup would require extrapolation into the future.  Requested time 1778.060000 but the latest data is at time 1778.000000, when looking up transform from frame [map] to frame [odom]
[controller_server-9] [ERROR] [1790835750.537903748] [controller_server]: Unable to transform goal pose into costmap frame
[controller_server-9] [INFO] [1790835750.538252006] [controller_server]: Optimizer reset
[controller_server-9] [WARN] [1790835750.538264021] [controller_server]: [follow_path] [ActionServer] Aborting handle.
[behavior_server-13] [INFO] [1790835750.548865218] [behavior_server]: Running wait
[controller_server-9] [INFO] [1790835750.728117132] [local_costmap.local_costmap]: StaticLayer: Resizing static layer to 561 X 252 at 0.100000 m/pix
[behavior_server-13] [INFO] [1790835750.848999951] [behavior_server]: wait completed successfully
[INFO] [1790835750.876402340] [mapex_explorer]: Main /plan diagnostic: poses=237, endpoint=(25.49, 7.80), frontier=(25.49, 7.80), endpoint_to_frontier=0.000 m, limit=0.10 m -> usable
[controller_server-9] [INFO] [1790835750.889001527] [controller_server]: Received a goal, begin computing control effort.
[planner_server-11] [INFO] [1790835751.189123414] [global_costmap.global_costmap]: StaticLayer: Resizing costmap to 561 X 252 at 0.100000 m/pix
[INFO] [1790835751.952159795] [mapex_explorer]: Main /plan diagnostic: poses=229, endpoint=(25.49, 7.80), frontier=(25.49, 7.80), endpoint_to_frontier=0.000 m, limit=0.10 m -> usable
[controller_server-9] [INFO] [1790835751.955835178] [controller_server]: Passing new path to controller.
[controller_server-9] [INFO] [1790835752.955825835] [controller_server]: Passing new path to controller.
[INFO] [1790835752.956927386] [mapex_explorer]: Main /plan diagnostic: poses=219, endpoint=(25.49, 7.80), frontier=(25.49, 7.80), endpoint_to_frontier=0.000 m, limit=0.10 m -> usable
[INFO] [1790835753.991092889] [mapex_explorer]: Main /plan diagnostic: poses=207, endpoint=(25.49, 7.80), frontier=(25.49, 7.80), endpoint_to_frontier=0.000 m, limit=0.10 m -> usable
[controller_server-9] [INFO] [1790835754.022494446] [controller_server]: Passing new path to controller.
[controller_server-9] [INFO] [1790835755.022519856] [controller_server]: Passing new path to controller.
[INFO] [1790835755.073282465] [mapex_explorer]: Main /plan diagnostic: poses=196, endpoint=(25.49, 7.80), frontier=(25.49, 7.80), endpoint_to_frontier=0.000 m, limit=0.10 m -> usable
[controller_server-9] [ERROR] [1790835755.523434655] [controller_server]: Exception in transformPose: Lookup would require extrapolation into the future.  Requested time 1782.960000 but the latest data is at time 1782.900000, when looking up transform from frame [map] to frame [odom]
[controller_server-9] [ERROR] [1790835755.523516269] [controller_server]: Unable to transform goal pose into costmap frame
[controller_server-9] [INFO] [1790835755.523742838] [controller_server]: Optimizer reset
[controller_server-9] [WARN] [1790835755.523759519] [controller_server]: [follow_path] [ActionServer] Aborting handle.
[bt_navigator-14] [WARN] [1790835755.548514268] [bt_navigator]: [navigate_to_pose] [ActionServer] Aborting handle.
[bt_navigator-14] [ERROR] [1790835755.548607919] [bt_navigator]: Goal failed
[WARN] [1790835755.550197841] [mapex_explorer]: Main goal failed (status=6, error_code=102)
[WARN] [1790835755.550653129] [mapex_explorer]: Path-guided recovery #2: temporary subgoal x=34.15, y=7.21, 0.70 m ahead on main path (remaining main path=9.66 m, trigger_error=102)
[bt_navigator-14] [INFO] [1790835755.551274010] [bt_navigator]: Begin navigating from current location (34.79, 7.02) to (34.15, 7.21)
[INFO] [1790835755.555731684] [mapex_explorer]: Subgoal goal accepted
[controller_server-9] [INFO] [1790835755.574947768] [controller_server]: Received a goal, begin computing control effort.
[controller_server-9] [INFO] [1790835756.443277246] [controller_server]: Reached the goal!
[controller_server-9] [INFO] [1790835756.443397664] [controller_server]: Optimizer reset
[bt_navigator-14] [INFO] [1790835756.471501985] [bt_navigator]: Goal succeeded
[INFO] [1790835756.473048058] [mapex_explorer]: Recovery subgoal reached; retrying the same main frontier.
[bt_navigator-14] [INFO] [1790835756.473921660] [bt_navigator]: Begin navigating from current location (34.56, 7.15) to (25.49, 7.80)
[controller_server-9] [INFO] [1790835756.495239325] [controller_server]: Received a goal, begin computing control effort.
[INFO] [1790835756.507485239] [mapex_explorer]: Main /plan diagnostic: poses=185, endpoint=(25.49, 7.80), frontier=(25.49, 7.80), endpoint_to_frontier=0.000 m, limit=0.10 m -> usable
[INFO] [1790835756.507722936] [mapex_explorer]: Main goal accepted
[INFO] [1790835757.516994123] [mapex_explorer]: Main /plan diagnostic: poses=179, endpoint=(25.49, 7.80), frontier=(25.49, 7.80), endpoint_to_frontier=0.000 m, limit=0.10 m -> usable
[controller_server-9] [INFO] [1790835757.562456334] [controller_server]: Passing new path to controller.
[INFO] [1790835758.547215033] [mapex_explorer]: Main /plan diagnostic: poses=170, endpoint=(25.49, 7.80), frontier=(25.49, 7.80), endpoint_to_frontier=0.000 m, limit=0.10 m -> usable
[controller_server-9] [INFO] [1790835758.562361659] [controller_server]: Passing new path to controller.
[async_slam_toolbox_node-8] W20261001 13:22:38.589649 30090 preprocessor.cc:67] Specified options.num_threads: 50 exceeds maximum available from the threading model Ceres was compiled with: 16.  Bounding to maximum number available.
[async_slam_toolbox_node-8] [INFO] [1790835758.617148925] [slam_toolbox]: Adaptive anchor summary: latest_node=4397, local_edges=4500, loop_history=0, avg_effective_weight=1.064, release_regions=0
[controller_server-9] [INFO] [1790835759.528092113] [local_costmap.local_costmap]: StaticLayer: Resizing static layer to 561 X 252 at 0.100000 m/pix
[INFO] [1790835759.577712561] [mapex_explorer]: Main /plan diagnostic: poses=159, endpoint=(25.49, 7.80), frontier=(25.49, 7.80), endpoint_to_frontier=0.000 m, limit=0.10 m -> usable
[controller_server-9] [INFO] [1790835759.629002314] [controller_server]: Passing new path to controller.
[planner_server-11] [INFO] [1790835760.189213419] [global_costmap.global_costmap]: StaticLayer: Resizing costmap to 561 X 252 at 0.100000 m/pix
[controller_server-9] [WARN] [1790835760.541743505] [controller_server]: Control loop missed its desired rate of 15.0000 Hz. Current loop rate is 9.0090 Hz.
[INFO] [1790835760.614627517] [mapex_explorer]: Main /plan diagnostic: poses=150, endpoint=(25.49, 7.80), frontier=(25.49, 7.80), endpoint_to_frontier=0.000 m, limit=0.10 m -> usable
[controller_server-9] [INFO] [1790835760.675194500] [controller_server]: Passing new path to controller.
[controller_server-9] [WARN] [1790835761.568030289] [controller_server]: Control loop missed its desired rate of 15.0000 Hz. Current loop rate is 10.8696 Hz.
[controller_server-9] [INFO] [1790835761.634789043] [controller_server]: Passing new path to controller.
[INFO] [1790835761.641317341] [mapex_explorer]: Main /plan diagnostic: poses=139, endpoint=(25.49, 7.80), frontier=(25.49, 7.80), endpoint_to_frontier=0.000 m, limit=0.10 m -> usable
[async_slam_toolbox_node-8] W20261001 13:22:42.085340 30090 preprocessor.cc:67] Specified options.num_threads: 50 exceeds maximum available from the threading model Ceres was compiled with: 16.  Bounding to maximum number available.
[INFO] [1790835762.656320851] [mapex_explorer]: Main /plan diagnostic: poses=130, endpoint=(25.49, 7.80), frontier=(25.49, 7.80), endpoint_to_frontier=0.000 m, limit=0.10 m -> usable
[controller_server-9] [INFO] [1790835762.701458372] [controller_server]: Passing new path to controller.
[INFO] [1790835763.691230934] [mapex_explorer]: Main /plan diagnostic: poses=119, endpoint=(25.49, 7.80), frontier=(25.49, 7.80), endpoint_to_frontier=0.000 m, limit=0.10 m -> usable
[controller_server-9] [INFO] [1790835763.701487565] [controller_server]: Passing new path to controller.
[INFO] [1790835764.764432655] [mapex_explorer]: Main /plan diagnostic: poses=110, endpoint=(25.49, 7.80), frontier=(25.49, 7.80), endpoint_to_frontier=0.000 m, limit=0.10 m -> usable
[controller_server-9] [INFO] [1790835764.768131517] [controller_server]: Passing new path to controller.
[INFO] [1790835765.752109227] [mapex_explorer]: Main /plan diagnostic: poses=99, endpoint=(25.49, 7.80), frontier=(25.49, 7.80), endpoint_to_frontier=0.000 m, limit=0.10 m -> usable
[controller_server-9] [INFO] [1790835765.768151425] [controller_server]: Passing new path to controller.
[INFO] [1790835766.753116132] [mapex_explorer]: Main /plan diagnostic: poses=90, endpoint=(25.49, 7.80), frontier=(25.49, 7.80), endpoint_to_frontier=0.000 m, limit=0.10 m -> usable
[controller_server-9] [INFO] [1790835766.768125277] [controller_server]: Passing new path to controller.
[INFO] [1790835767.789243921] [mapex_explorer]: Main /plan diagnostic: poses=79, endpoint=(25.49, 7.80), frontier=(25.49, 7.80), endpoint_to_frontier=0.000 m, limit=0.10 m -> usable
[controller_server-9] [INFO] [1790835767.834795195] [controller_server]: Passing new path to controller.
[INFO] [1790835768.825772281] [mapex_explorer]: Main /plan diagnostic: poses=70, endpoint=(25.49, 7.80), frontier=(25.49, 7.80), endpoint_to_frontier=0.000 m, limit=0.10 m -> usable
[controller_server-9] [INFO] [1790835768.834795129] [controller_server]: Passing new path to controller.
[INFO] [1790835769.827650950] [mapex_explorer]: Main /plan diagnostic: poses=59, endpoint=(25.49, 7.80), frontier=(25.49, 7.80), endpoint_to_frontier=0.000 m, limit=0.10 m -> usable
[controller_server-9] [INFO] [1790835769.834792398] [controller_server]: Passing new path to controller.
[controller_server-9] [ERROR] [1790835770.546288269] [controller_server]: Exception in transformPose: Lookup would require extrapolation into the future.  Requested time 1797.620000 but the latest data is at time 1797.600000, when looking up transform from frame [map] to frame [odom]
[controller_server-9] [ERROR] [1790835770.546390429] [controller_server]: Unable to transform goal pose into costmap frame
[controller_server-9] [INFO] [1790835770.546791947] [controller_server]: Optimizer reset
[controller_server-9] [WARN] [1790835770.546820698] [controller_server]: [follow_path] [ActionServer] Aborting handle.
[behavior_server-13] [INFO] [1790835770.564361061] [behavior_server]: Running wait
[behavior_server-13] [INFO] [1790835770.864654457] [behavior_server]: wait completed successfully
[INFO] [1790835770.888846606] [mapex_explorer]: Main /plan diagnostic: poses=49, endpoint=(25.49, 7.80), frontier=(25.49, 7.80), endpoint_to_frontier=0.000 m, limit=0.10 m -> usable
[controller_server-9] [INFO] [1790835770.904427937] [controller_server]: Received a goal, begin computing control effort.
[planner_server-11] [WARN] [1790835771.918888372] [planner_server]: GridBased plugin failed to plan from (27.37, 7.22) to (25.49, 7.80): "Failed to create plan with tolerance of: 0.000000"
[planner_server-11] [WARN] [1790835771.918927337] [planner_server]: [compute_path_to_pose] [ActionServer] Aborting handle.
[bt_navigator-14] [ERROR] [1790835771.954798825] [bt_navigator_navigate_to_pose_rclcpp_node]: Failed to get result for follow_path in node halt!
[bt_navigator-14] [WARN] [1790835771.954921863] [bt_navigator]: [navigate_to_pose] [ActionServer] Aborting handle.
[bt_navigator-14] [ERROR] [1790835771.955155730] [bt_navigator]: Goal failed
[WARN] [1790835771.958664525] [mapex_explorer]: Main goal failed (status=6, error_code=208)
[WARN] [1790835771.959004258] [mapex_explorer]: Main frontier abandoned after NO_VALID_PATH (208): x=25.49, y=7.80; candidates within 0.10 m are skipped during normal selection but will be checked again by terminal planner revalidation.
[controller_server-9] [INFO] [1790835771.971225480] [controller_server]: Cancellation was successful. Stopping the robot.
[controller_server-9] [INFO] [1790835771.971259781] [controller_server]: [follow_path] [ActionServer] Client requested to cancel the goal. Cancelling.
[controller_server-9] [INFO] [1790835771.971530332] [controller_server]: Optimizer reset
[INFO] [1790835778.147640595] [mapex_explorer]: MapEx decision 41: selected x=26.18, y=7.80, IG=1.064816, distance=1.29 m, score=0.824514, region=12, candidates=5, near_fallback=False, compute=6.16 s
[bt_navigator-14] [INFO] [1790835778.148652518] [bt_navigator]: Begin navigating from current location (27.19, 7.21) to (26.18, 7.80)
[controller_server-9] [INFO] [1790835778.169415214] [controller_server]: Received a goal, begin computing control effort.
[INFO] [1790835778.493288839] [mapex_explorer]: Main goal accepted
[INFO] [1790835778.696111308] [mapex_explorer]: Main /plan diagnostic: poses=23, endpoint=(26.18, 7.80), frontier=(26.18, 7.80), endpoint_to_frontier=0.000 m, limit=0.10 m -> usable
[INFO] [1790835779.186004946] [mapex_explorer]: Main /plan diagnostic: poses=23, endpoint=(26.18, 7.80), frontier=(26.18, 7.80), endpoint_to_frontier=0.000 m, limit=0.10 m -> usable
[controller_server-9] [INFO] [1790835779.236204021] [controller_server]: Passing new path to controller.
[controller_server-9] [ERROR] [1790835779.537059341] [controller_server]: Exception in transformPose: Lookup would require extrapolation into the future.  Requested time 1806.340000 but the latest data is at time 1806.300000, when looking up transform from frame [map] to frame [odom]
[controller_server-9] [ERROR] [1790835779.537132854] [controller_server]: Unable to transform goal pose into costmap frame
[controller_server-9] [INFO] [1790835779.537346998] [controller_server]: Optimizer reset
[controller_server-9] [WARN] [1790835779.537365763] [controller_server]: [follow_path] [ActionServer] Aborting handle.
[behavior_server-13] [INFO] [1790835779.549075515] [behavior_server]: Running wait
[behavior_server-13] [INFO] [1790835779.849211080] [behavior_server]: wait completed successfully
[planner_server-11] [WARN] [1790835779.877796291] [planner_server]: GridBased plugin failed to plan from (26.84, 7.24) to (26.18, 7.80): "Failed to create plan with tolerance of: 0.000000"
[planner_server-11] [WARN] [1790835779.877883982] [planner_server]: [compute_path_to_pose] [ActionServer] Aborting handle.
[bt_navigator-14] [WARN] [1790835779.898800312] [bt_navigator]: [navigate_to_pose] [ActionServer] Aborting handle.
[bt_navigator-14] [ERROR] [1790835779.898920729] [bt_navigator]: Goal failed
[WARN] [1790835779.904121344] [mapex_explorer]: Main goal failed (status=6, error_code=102)
[WARN] [1790835779.904783369] [mapex_explorer]: Path-guided recovery #1: temporary subgoal x=26.33, y=7.45, 0.59 m ahead on main path (remaining main path=1.04 m, trigger_error=102)
[bt_navigator-14] [INFO] [1790835779.905476038] [bt_navigator]: Begin navigating from current location (26.84, 7.24) to (26.33, 7.45)
[INFO] [1790835779.913397495] [mapex_explorer]: Subgoal goal accepted
[controller_server-9] [INFO] [1790835779.926861213] [controller_server]: Received a goal, begin computing control effort.
[controller_server-9] [INFO] [1790835780.862187062] [controller_server]: Reached the goal!
[controller_server-9] [INFO] [1790835780.862325418] [controller_server]: Optimizer reset
[bt_navigator-14] [INFO] [1790835780.885725161] [bt_navigator]: Goal succeeded
[INFO] [1790835780.888462839] [mapex_explorer]: Recovery subgoal reached; retrying the same main frontier.
[bt_navigator-14] [INFO] [1790835780.889097859] [bt_navigator]: Begin navigating from current location (26.66, 7.27) to (26.18, 7.80)
[INFO] [1790835780.892119523] [mapex_explorer]: Main goal accepted
[planner_server-11] [WARN] [1790835780.895443421] [planner_server]: GridBased plugin failed to plan from (26.66, 7.27) to (26.18, 7.80): "Failed to create plan with tolerance of: 0.000000"
[planner_server-11] [WARN] [1790835780.895479125] [planner_server]: [compute_path_to_pose] [ActionServer] Aborting handle.
[behavior_server-13] [INFO] [1790835780.909568206] [behavior_server]: Running wait
[behavior_server-13] [INFO] [1790835781.209657834] [behavior_server]: wait completed successfully
[planner_server-11] [WARN] [1790835781.235383200] [planner_server]: GridBased plugin failed to plan from (26.61, 7.30) to (26.18, 7.80): "Failed to create plan with tolerance of: 0.000000"
[planner_server-11] [WARN] [1790835781.235420327] [planner_server]: [compute_path_to_pose] [ActionServer] Aborting handle.
[bt_navigator-14] [WARN] [1790835781.259271851] [bt_navigator]: [navigate_to_pose] [ActionServer] Aborting handle.
[bt_navigator-14] [ERROR] [1790835781.259437806] [bt_navigator]: Goal failed
[WARN] [1790835781.261462512] [mapex_explorer]: Main goal failed (status=6, error_code=208)
[WARN] [1790835781.261709389] [mapex_explorer]: Main frontier abandoned after NO_VALID_PATH (208): x=26.18, y=7.80; candidates within 0.10 m are skipped during normal selection but will be checked again by terminal planner revalidation.
[INFO] [1790835788.210654699] [mapex_explorer]: MapEx decision 42: selected x=23.08, y=7.70, IG=1.728248, distance=3.54 m, score=0.487884, region=26, candidates=4, near_fallback=False, compute=6.18 s
[bt_navigator-14] [INFO] [1790835788.211515225] [bt_navigator]: Begin navigating from current location (26.60, 7.30) to (23.08, 7.70)
[controller_server-9] [INFO] [1790835788.232106771] [controller_server]: Received a goal, begin computing control effort.
[INFO] [1790835788.612881423] [mapex_explorer]: Main goal accepted
[INFO] [1790835788.707218028] [mapex_explorer]: Main /plan diagnostic: poses=126, endpoint=(23.08, 7.70), frontier=(23.08, 7.70), endpoint_to_frontier=0.000 m, limit=0.10 m -> usable
[INFO] [1790835789.249765255] [mapex_explorer]: Main /plan diagnostic: poses=124, endpoint=(23.08, 7.70), frontier=(23.08, 7.70), endpoint_to_frontier=0.000 m, limit=0.10 m -> usable
[controller_server-9] [INFO] [1790835789.298897808] [controller_server]: Passing new path to controller.
[INFO] [1790835790.261547432] [mapex_explorer]: Main /plan diagnostic: poses=116, endpoint=(23.08, 7.70), frontier=(23.08, 7.70), endpoint_to_frontier=0.000 m, limit=0.10 m -> usable
[controller_server-9] [INFO] [1790835790.298900541] [controller_server]: Passing new path to controller.
[INFO] [1790835791.286541146] [mapex_explorer]: Main /plan diagnostic: poses=111, endpoint=(23.08, 7.70), frontier=(23.08, 7.70), endpoint_to_frontier=0.000 m, limit=0.10 m -> usable
[controller_server-9] [INFO] [1790835791.365561163] [controller_server]: Passing new path to controller.
[INFO] [1790835792.309863042] [mapex_explorer]: Main /plan diagnostic: poses=110, endpoint=(23.08, 7.70), frontier=(23.08, 7.70), endpoint_to_frontier=0.000 m, limit=0.10 m -> usable
[controller_server-9] [INFO] [1790835792.365568367] [controller_server]: Passing new path to controller.
[INFO] [1790835793.339271684] [mapex_explorer]: Main /plan diagnostic: poses=110, endpoint=(23.08, 7.70), frontier=(23.08, 7.70), endpoint_to_frontier=0.000 m, limit=0.10 m -> usable
[controller_server-9] [INFO] [1790835793.365567392] [controller_server]: Passing new path to controller.
[INFO] [1790835794.369220338] [mapex_explorer]: Main /plan diagnostic: poses=103, endpoint=(23.08, 7.70), frontier=(23.08, 7.70), endpoint_to_frontier=0.000 m, limit=0.10 m -> usable
[controller_server-9] [INFO] [1790835794.432232118] [controller_server]: Passing new path to controller.
[controller_server-9] [INFO] [1790835795.432228496] [controller_server]: Passing new path to controller.
[INFO] [1790835795.456743807] [mapex_explorer]: Main /plan diagnostic: poses=92, endpoint=(23.08, 7.70), frontier=(23.08, 7.70), endpoint_to_frontier=0.000 m, limit=0.10 m -> usable
[INFO] [1790835796.420867656] [mapex_explorer]: Main /plan diagnostic: poses=84, endpoint=(23.08, 7.70), frontier=(23.08, 7.70), endpoint_to_frontier=0.000 m, limit=0.10 m -> usable
[controller_server-9] [INFO] [1790835796.432245704] [controller_server]: Passing new path to controller.
[controller_server-9] [INFO] [1790835797.498897041] [controller_server]: Passing new path to controller.
[INFO] [1790835797.521977695] [mapex_explorer]: Main /plan diagnostic: poses=74, endpoint=(23.08, 7.70), frontier=(23.08, 7.70), endpoint_to_frontier=0.000 m, limit=0.10 m -> usable
[INFO] [1790835798.476330624] [mapex_explorer]: Main /plan diagnostic: poses=64, endpoint=(23.08, 7.70), frontier=(23.08, 7.70), endpoint_to_frontier=0.000 m, limit=0.10 m -> usable
[controller_server-9] [INFO] [1790835798.498896606] [controller_server]: Passing new path to controller.
[INFO] [1790835799.501422495] [mapex_explorer]: Main /plan diagnostic: poses=54, endpoint=(23.08, 7.70), frontier=(23.08, 7.70), endpoint_to_frontier=0.000 m, limit=0.10 m -> usable
[controller_server-9] [INFO] [1790835799.565573144] [controller_server]: Passing new path to controller.
[INFO] [1790835800.516448495] [mapex_explorer]: Main /plan diagnostic: poses=45, endpoint=(23.08, 7.70), frontier=(23.08, 7.70), endpoint_to_frontier=0.000 m, limit=0.10 m -> usable
[controller_server-9] [WARN] [1790835800.545019874] [controller_server]: Control loop missed its desired rate of 15.0000 Hz. Current loop rate is 9.0090 Hz.
[controller_server-9] [INFO] [1790835800.545049828] [controller_server]: Passing new path to controller.
[INFO] [1790835801.547987933] [mapex_explorer]: Main /plan diagnostic: poses=34, endpoint=(23.08, 7.70), frontier=(23.08, 7.70), endpoint_to_frontier=0.000 m, limit=0.10 m -> usable
[controller_server-9] [WARN] [1790835801.571077457] [controller_server]: Control loop missed its desired rate of 15.0000 Hz. Current loop rate is 10.8696 Hz.
[controller_server-9] [INFO] [1790835801.571109465] [controller_server]: Passing new path to controller.
[controller_server-9] [WARN] [1790835802.587082496] [controller_server]: Control loop missed its desired rate of 15.0000 Hz. Current loop rate is 12.3457 Hz.
[controller_server-9] [INFO] [1790835802.587133237] [controller_server]: Passing new path to controller.
[INFO] [1790835802.601097952] [mapex_explorer]: Main /plan diagnostic: poses=23, endpoint=(23.08, 7.70), frontier=(23.08, 7.70), endpoint_to_frontier=0.000 m, limit=0.10 m -> usable
[INFO] [1790835803.593502371] [mapex_explorer]: Main /plan diagnostic: poses=17, endpoint=(23.08, 7.70), frontier=(23.08, 7.70), endpoint_to_frontier=0.000 m, limit=0.10 m -> usable
[controller_server-9] [INFO] [1790835803.653917179] [controller_server]: Passing new path to controller.
[INFO] [1790835804.634789072] [mapex_explorer]: Main /plan diagnostic: poses=9, endpoint=(23.08, 7.70), frontier=(23.08, 7.70), endpoint_to_frontier=0.000 m, limit=0.10 m -> usable
[controller_server-9] [INFO] [1790835804.653864707] [controller_server]: Passing new path to controller.
[controller_server-9] [INFO] [1790835805.322624189] [controller_server]: Reached the goal!
[controller_server-9] [INFO] [1790835805.322794253] [controller_server]: Optimizer reset
[bt_navigator-14] [INFO] [1790835805.351711540] [bt_navigator]: Goal succeeded
[INFO] [1790835805.353714569] [mapex_explorer]: Goal reached
[INFO] [1790835812.293185995] [mapex_explorer]: MapEx decision 43: selected x=11.58, y=7.90, IG=1.100221, distance=11.65 m, score=0.094450, region=24, candidates=3, near_fallback=False, compute=6.30 s
[bt_navigator-14] [INFO] [1790835812.294145266] [bt_navigator]: Begin navigating from current location (23.23, 7.99) to (11.58, 7.90)
[controller_server-9] [INFO] [1790835812.314944620] [controller_server]: Received a goal, begin computing control effort.
[INFO] [1790835812.664661221] [mapex_explorer]: Main goal accepted
[INFO] [1790835812.853977186] [mapex_explorer]: Main /plan diagnostic: poses=754, endpoint=(11.58, 7.90), frontier=(11.58, 7.90), endpoint_to_frontier=0.000 m, limit=0.10 m -> usable
[controller_server-9] [INFO] [1790835813.381765666] [controller_server]: Passing new path to controller.
[INFO] [1790835813.385283302] [mapex_explorer]: Main /plan diagnostic: poses=748, endpoint=(11.58, 7.90), frontier=(11.58, 7.90), endpoint_to_frontier=0.000 m, limit=0.10 m -> usable
[controller_server-9] [WARN] [1790835813.589258660] [controller_server]: Control loop missed its desired rate of 15.0000 Hz. Current loop rate is 14.7059 Hz.
[controller_server-9] [INFO] [1790835814.390976754] [controller_server]: Passing new path to controller.
[INFO] [1790835814.431197116] [mapex_explorer]: Main /plan diagnostic: poses=741, endpoint=(11.58, 7.90), frontier=(11.58, 7.90), endpoint_to_frontier=0.000 m, limit=0.10 m -> usable
[controller_server-9] [WARN] [1790835814.568962421] [controller_server]: Control loop missed its desired rate of 15.0000 Hz. Current loop rate is 9.0090 Hz.
[INFO] [1790835815.424923958] [mapex_explorer]: Main /plan diagnostic: poses=733, endpoint=(11.58, 7.90), frontier=(11.58, 7.90), endpoint_to_frontier=0.000 m, limit=0.10 m -> usable
[controller_server-9] [INFO] [1790835815.435723002] [controller_server]: Passing new path to controller.
[controller_server-9] [INFO] [1790835816.435720941] [controller_server]: Passing new path to controller.
[INFO] [1790835816.450244953] [mapex_explorer]: Main /plan diagnostic: poses=725, endpoint=(11.58, 7.90), frontier=(11.58, 7.90), endpoint_to_frontier=0.000 m, limit=0.10 m -> usable
[INFO] [1790835817.454696114] [mapex_explorer]: Main /plan diagnostic: poses=719, endpoint=(11.58, 7.90), frontier=(11.58, 7.90), endpoint_to_frontier=0.000 m, limit=0.10 m -> usable
[controller_server-9] [INFO] [1790835817.502390762] [controller_server]: Passing new path to controller.
[INFO] [1790835818.478707502] [mapex_explorer]: Main /plan diagnostic: poses=711, endpoint=(11.58, 7.90), frontier=(11.58, 7.90), endpoint_to_frontier=0.000 m, limit=0.10 m -> usable
[controller_server-9] [ERROR] [1790835818.546901781] [controller_server]: Exception in transformPose: Lookup would require extrapolation into the future.  Requested time 1843.440000 but the latest data is at time 1843.400000, when looking up transform from frame [map] to frame [odom]
[controller_server-9] [ERROR] [1790835818.546993142] [controller_server]: Unable to transform goal pose into costmap frame
[controller_server-9] [INFO] [1790835818.547314277] [controller_server]: Optimizer reset
[controller_server-9] [WARN] [1790835818.547340864] [controller_server]: [follow_path] [ActionServer] Aborting handle.
[controller_server-9] [INFO] [1790835818.547443333] [controller_server]: Received a goal, begin computing control effort.
[INFO] [1790835819.552430933] [mapex_explorer]: Main /plan diagnostic: poses=705, endpoint=(11.58, 7.90), frontier=(11.58, 7.90), endpoint_to_frontier=0.000 m, limit=0.10 m -> usable
[controller_server-9] [WARN] [1790835819.563851672] [controller_server]: Control loop missed its desired rate of 15.0000 Hz. Current loop rate is 12.3457 Hz.
[controller_server-9] [INFO] [1790835819.563888456] [controller_server]: Passing new path to controller.
[INFO] [1790835820.522099731] [mapex_explorer]: Main /plan diagnostic: poses=699, endpoint=(11.58, 7.90), frontier=(11.58, 7.90), endpoint_to_frontier=0.000 m, limit=0.10 m -> usable
[controller_server-9] [INFO] [1790835820.564032595] [controller_server]: Passing new path to controller.
[controller_server-9] [INFO] [1790835821.563970334] [controller_server]: Passing new path to controller.
[INFO] [1790835821.615720363] [mapex_explorer]: Main /plan diagnostic: poses=691, endpoint=(11.58, 7.90), frontier=(11.58, 7.90), endpoint_to_frontier=0.000 m, limit=0.10 m -> usable
[controller_server-9] [INFO] [1790835822.630625309] [controller_server]: Passing new path to controller.
[INFO] [1790835822.642221047] [mapex_explorer]: Main /plan diagnostic: poses=685, endpoint=(11.58, 7.90), frontier=(11.58, 7.90), endpoint_to_frontier=0.000 m, limit=0.10 m -> usable
[controller_server-9] [WARN] [1790835823.590641180] [controller_server]: Control loop missed its desired rate of 15.0000 Hz. Current loop rate is 10.8696 Hz.
[controller_server-9] [INFO] [1790835823.657511804] [controller_server]: Passing new path to controller.
[INFO] [1790835823.698164900] [mapex_explorer]: Main /plan diagnostic: poses=678, endpoint=(11.58, 7.90), frontier=(11.58, 7.90), endpoint_to_frontier=0.000 m, limit=0.10 m -> usable
[controller_server-9] [INFO] [1790835824.657495955] [controller_server]: Passing new path to controller.
[INFO] [1790835824.696117397] [mapex_explorer]: Main /plan diagnostic: poses=669, endpoint=(11.58, 7.90), frontier=(11.58, 7.90), endpoint_to_frontier=0.000 m, limit=0.10 m -> usable
[async_slam_toolbox_node-8] W20261001 13:23:45.164251 30090 preprocessor.cc:67] Specified options.num_threads: 50 exceeds maximum available from the threading model Ceres was compiled with: 16.  Bounding to maximum number available.
[async_slam_toolbox_node-8] [INFO] [1790835825.192170116] [slam_toolbox]: Adaptive anchor summary: latest_node=4517, local_edges=4624, loop_history=0, avg_effective_weight=1.062, release_regions=0
[INFO] [1790835825.674034878] [mapex_explorer]: Main /plan diagnostic: poses=664, endpoint=(11.58, 7.90), frontier=(11.58, 7.90), endpoint_to_frontier=0.000 m, limit=0.10 m -> usable
[controller_server-9] [INFO] [1790835825.724150069] [controller_server]: Passing new path to controller.
[controller_server-9] [INFO] [1790835825.728117715] [local_costmap.local_costmap]: StaticLayer: Resizing static layer to 561 X 252 at 0.100000 m/pix
[planner_server-11] [INFO] [1790835826.189104181] [global_costmap.global_costmap]: StaticLayer: Resizing costmap to 561 X 252 at 0.100000 m/pix
[INFO] [1790835826.711735043] [mapex_explorer]: Main /plan diagnostic: poses=661, endpoint=(11.58, 7.90), frontier=(11.58, 7.90), endpoint_to_frontier=0.000 m, limit=0.10 m -> usable
[controller_server-9] [INFO] [1790835826.724129622] [controller_server]: Passing new path to controller.
[controller_server-9] [ERROR] [1790835827.561796553] [controller_server]: Exception in transformPose: Lookup would require extrapolation into the future.  Requested time 1852.220000 but the latest data is at time 1852.200000, when looking up transform from frame [map] to frame [odom]
[controller_server-9] [ERROR] [1790835827.562016837] [controller_server]: Unable to transform goal pose into costmap frame
[controller_server-9] [INFO] [1790835827.563020512] [controller_server]: Optimizer reset
[controller_server-9] [WARN] [1790835827.563096044] [controller_server]: [follow_path] [ActionServer] Aborting handle.
[behavior_server-13] [INFO] [1790835827.574632128] [behavior_server]: Running wait
[behavior_server-13] [INFO] [1790835827.874809466] [behavior_server]: wait completed successfully
[controller_server-9] [INFO] [1790835827.914878236] [controller_server]: Received a goal, begin computing control effort.
[INFO] [1790835827.975430885] [mapex_explorer]: Main /plan diagnostic: poses=653, endpoint=(11.58, 7.90), frontier=(11.58, 7.90), endpoint_to_frontier=0.000 m, limit=0.10 m -> usable
[controller_server-9] [INFO] [1790835828.981695398] [controller_server]: Passing new path to controller.
[INFO] [1790835829.010605081] [mapex_explorer]: Main /plan diagnostic: poses=647, endpoint=(11.58, 7.90), frontier=(11.58, 7.90), endpoint_to_frontier=0.000 m, limit=0.10 m -> usable
[controller_server-9] [ERROR] [1790835829.549882063] [controller_server]: Exception in transformPose: Lookup would require extrapolation into the future.  Requested time 1854.160000 but the latest data is at time 1854.100000, when looking up transform from frame [map] to frame [odom]
[controller_server-9] [ERROR] [1790835829.549977002] [controller_server]: Unable to transform goal pose into costmap frame
[controller_server-9] [INFO] [1790835829.550295857] [controller_server]: Optimizer reset
[controller_server-9] [WARN] [1790835829.550315277] [controller_server]: [follow_path] [ActionServer] Aborting handle.
[bt_navigator-14] [WARN] [1790835829.574328097] [bt_navigator]: [navigate_to_pose] [ActionServer] Aborting handle.
[bt_navigator-14] [ERROR] [1790835829.574481393] [bt_navigator]: Goal failed
[WARN] [1790835829.577324076] [mapex_explorer]: Main goal failed (status=6, error_code=102)
[WARN] [1790835829.578663455] [mapex_explorer]: Path-guided recovery #1: temporary subgoal x=29.17, y=8.72, 0.75 m ahead on main path (remaining main path=32.36 m, trigger_error=102)
[bt_navigator-14] [INFO] [1790835829.579451049] [bt_navigator]: Begin navigating from current location (28.51, 8.71) to (29.17, 8.72)
[INFO] [1790835829.586484494] [mapex_explorer]: Subgoal goal accepted
[controller_server-9] [INFO] [1790835829.600010273] [controller_server]: Received a goal, begin computing control effort.
[controller_server-9] [INFO] [1790835830.560750878] [controller_server]: Reached the goal!
[controller_server-9] [INFO] [1790835830.560946801] [controller_server]: Optimizer reset
[bt_navigator-14] [INFO] [1790835830.589733372] [bt_navigator]: Goal succeeded
[INFO] [1790835830.591163112] [mapex_explorer]: Recovery subgoal reached; retrying the same main frontier.
[bt_navigator-14] [INFO] [1790835830.592003832] [bt_navigator]: Begin navigating from current location (28.81, 8.74) to (11.58, 7.90)
[INFO] [1790835830.594827007] [mapex_explorer]: Main goal accepted
[controller_server-9] [INFO] [1790835830.612747069] [controller_server]: Received a goal, begin computing control effort.
[INFO] [1790835830.645106240] [mapex_explorer]: Main /plan diagnostic: poses=637, endpoint=(11.58, 7.90), frontier=(11.58, 7.90), endpoint_to_frontier=0.000 m, limit=0.10 m -> usable
[controller_server-9] [WARN] [1790835831.561843957] [controller_server]: Control loop missed its desired rate of 15.0000 Hz. Current loop rate is 12.1951 Hz.
[INFO] [1790835831.688895705] [mapex_explorer]: Main /plan diagnostic: poses=631, endpoint=(11.58, 7.90), frontier=(11.58, 7.90), endpoint_to_frontier=0.000 m, limit=0.10 m -> usable
[controller_server-9] [INFO] [1790835831.695279893] [controller_server]: Passing new path to controller.
[controller_server-9] [INFO] [1790835832.695273012] [controller_server]: Passing new path to controller.
[INFO] [1790835832.732113154] [mapex_explorer]: Main /plan diagnostic: poses=625, endpoint=(11.58, 7.90), frontier=(11.58, 7.90), endpoint_to_frontier=0.000 m, limit=0.10 m -> usable
[controller_server-9] [INFO] [1790835833.761949149] [controller_server]: Passing new path to controller.
[INFO] [1790835833.795798550] [mapex_explorer]: Main /plan diagnostic: poses=617, endpoint=(11.58, 7.90), frontier=(11.58, 7.90), endpoint_to_frontier=0.000 m, limit=0.10 m -> usable
[controller_server-9] [INFO] [1790835834.761940327] [controller_server]: Passing new path to controller.
[INFO] [1790835834.837294973] [mapex_explorer]: Main /plan diagnostic: poses=611, endpoint=(11.58, 7.90), frontier=(11.58, 7.90), endpoint_to_frontier=0.000 m, limit=0.10 m -> usable
[controller_server-9] [ERROR] [1790835835.541081872] [controller_server]: Exception in transformPose: Lookup would require extrapolation into the future.  Requested time 1860.020000 but the latest data is at time 1860.000000, when looking up transform from frame [map] to frame [odom]
[controller_server-9] [ERROR] [1790835835.541179575] [controller_server]: Unable to transform goal pose into costmap frame
[controller_server-9] [INFO] [1790835835.541523962] [controller_server]: Optimizer reset
[controller_server-9] [WARN] [1790835835.541544555] [controller_server]: [follow_path] [ActionServer] Aborting handle.
[behavior_server-13] [INFO] [1790835835.552567283] [behavior_server]: Running wait
[behavior_server-13] [INFO] [1790835835.852729145] [behavior_server]: wait completed successfully
[controller_server-9] [INFO] [1790835835.892733633] [controller_server]: Received a goal, begin computing control effort.
[INFO] [1790835835.925973535] [mapex_explorer]: Main /plan diagnostic: poses=603, endpoint=(11.58, 7.90), frontier=(11.58, 7.90), endpoint_to_frontier=0.000 m, limit=0.10 m -> usable
[INFO] [1790835836.922293435] [mapex_explorer]: Main /plan diagnostic: poses=598, endpoint=(11.58, 7.90), frontier=(11.58, 7.90), endpoint_to_frontier=0.000 m, limit=0.10 m -> usable
[controller_server-9] [INFO] [1790835836.959554127] [controller_server]: Passing new path to controller.
[controller_server-9] [INFO] [1790835837.959543086] [controller_server]: Passing new path to controller.
[INFO] [1790835837.969383136] [mapex_explorer]: Main /plan diagnostic: poses=590, endpoint=(11.58, 7.90), frontier=(11.58, 7.90), endpoint_to_frontier=0.000 m, limit=0.10 m -> usable
[controller_server-9] [ERROR] [1790835838.604086804] [controller_server]: Exception in transformPose: Lookup would require extrapolation into the future.  Requested time 1863.020000 but the latest data is at time 1863.000000, when looking up transform from frame [map] to frame [odom]
[controller_server-9] [ERROR] [1790835838.604178135] [controller_server]: Unable to transform goal pose into costmap frame
[controller_server-9] [INFO] [1790835838.604497963] [controller_server]: Optimizer reset
[controller_server-9] [WARN] [1790835838.604515380] [controller_server]: [follow_path] [ActionServer] Aborting handle.
[bt_navigator-14] [WARN] [1790835838.632182633] [bt_navigator]: [navigate_to_pose] [ActionServer] Aborting handle.
[bt_navigator-14] [ERROR] [1790835838.632284745] [bt_navigator]: Goal failed
[WARN] [1790835838.634262048] [mapex_explorer]: Main goal failed (status=6, error_code=102)
[WARN] [1790835838.634981607] [mapex_explorer]: Path-guided recovery #2: temporary subgoal x=32.08, y=8.09, 0.75 m ahead on main path (remaining main path=29.36 m, trigger_error=102)
[bt_navigator-14] [INFO] [1790835838.635671418] [bt_navigator]: Begin navigating from current location (31.35, 8.33) to (32.08, 8.09)
[INFO] [1790835838.646231481] [mapex_explorer]: Subgoal goal accepted
[controller_server-9] [INFO] [1790835838.656631751] [controller_server]: Received a goal, begin computing control effort.
[controller_server-9] [INFO] [1790835839.723490451] [controller_server]: Passing new path to controller.
[controller_server-9] [INFO] [1790835840.192388827] [controller_server]: Reached the goal!
[controller_server-9] [INFO] [1790835840.192659899] [controller_server]: Optimizer reset
[bt_navigator-14] [INFO] [1790835840.215917983] [bt_navigator]: Goal succeeded
[INFO] [1790835840.218427446] [mapex_explorer]: Recovery subgoal reached; retrying the same main frontier.
[bt_navigator-14] [INFO] [1790835840.219267310] [bt_navigator]: Begin navigating from current location (31.71, 8.22) to (11.58, 7.90)
[INFO] [1790835840.227546613] [mapex_explorer]: Main goal accepted
[controller_server-9] [INFO] [1790835840.240236543] [controller_server]: Received a goal, begin computing control effort.
[INFO] [1790835840.271536864] [mapex_explorer]: Main /plan diagnostic: poses=578, endpoint=(11.58, 7.90), frontier=(11.58, 7.90), endpoint_to_frontier=0.000 m, limit=0.10 m -> usable
[controller_server-9] [WARN] [1790835840.610005811] [controller_server]: Control loop missed its desired rate of 15.0000 Hz. Current loop rate is 9.8039 Hz.
[INFO] [1790835841.265995630] [mapex_explorer]: Main /plan diagnostic: poses=573, endpoint=(11.58, 7.90), frontier=(11.58, 7.90), endpoint_to_frontier=0.000 m, limit=0.10 m -> usable
[controller_server-9] [INFO] [1790835841.276774725] [controller_server]: Passing new path to controller.
[INFO] [1790835842.293518930] [mapex_explorer]: Main /plan diagnostic: poses=565, endpoint=(11.58, 7.90), frontier=(11.58, 7.90), endpoint_to_frontier=0.000 m, limit=0.10 m -> usable
[controller_server-9] [INFO] [1790835842.343442381] [controller_server]: Passing new path to controller.
[controller_server-9] [ERROR] [1790835842.522302591] [controller_server]: Exception in transformPose: Lookup would require extrapolation into the future.  Requested time 1866.820000 but the latest data is at time 1866.800000, when looking up transform from frame [map] to frame [odom]
[controller_server-9] [ERROR] [1790835842.522408776] [controller_server]: Unable to transform goal pose into costmap frame
[controller_server-9] [INFO] [1790835842.522775921] [controller_server]: Optimizer reset
[controller_server-9] [WARN] [1790835842.522810797] [controller_server]: [follow_path] [ActionServer] Aborting handle.
[behavior_server-13] [INFO] [1790835842.540142526] [behavior_server]: Running wait
[behavior_server-13] [INFO] [1790835842.840343820] [behavior_server]: wait completed successfully
[controller_server-9] [INFO] [1790835842.879898201] [controller_server]: Received a goal, begin computing control effort.
[INFO] [1790835842.937645605] [mapex_explorer]: Main /plan diagnostic: poses=561, endpoint=(11.58, 7.90), frontier=(11.58, 7.90), endpoint_to_frontier=0.000 m, limit=0.10 m -> usable
[controller_server-9] [INFO] [1790835843.946698404] [controller_server]: Passing new path to controller.
[INFO] [1790835843.949983096] [mapex_explorer]: Main /plan diagnostic: poses=557, endpoint=(11.58, 7.90), frontier=(11.58, 7.90), endpoint_to_frontier=0.000 m, limit=0.10 m -> usable
[controller_server-9] [INFO] [1790835844.946724847] [controller_server]: Passing new path to controller.
[INFO] [1790835844.976869210] [mapex_explorer]: Main /plan diagnostic: poses=550, endpoint=(11.58, 7.90), frontier=(11.58, 7.90), endpoint_to_frontier=0.000 m, limit=0.10 m -> usable
[INFO] [1790835845.979026495] [mapex_explorer]: Main /plan diagnostic: poses=542, endpoint=(11.58, 7.90), frontier=(11.58, 7.90), endpoint_to_frontier=0.000 m, limit=0.10 m -> usable
[controller_server-9] [INFO] [1790835846.013393405] [controller_server]: Passing new path to controller.
[INFO] [1790835847.001774306] [mapex_explorer]: Main /plan diagnostic: poses=535, endpoint=(11.58, 7.90), frontier=(11.58, 7.90), endpoint_to_frontier=0.000 m, limit=0.10 m -> usable
[controller_server-9] [INFO] [1790835847.013367216] [controller_server]: Passing new path to controller.
[controller_server-9] [INFO] [1790835848.080048852] [controller_server]: Passing new path to controller.
[INFO] [1790835848.087973804] [mapex_explorer]: Main /plan diagnostic: poses=530, endpoint=(11.58, 7.90), frontier=(11.58, 7.90), endpoint_to_frontier=0.000 m, limit=0.10 m -> usable
[controller_server-9] [INFO] [1790835849.080059868] [controller_server]: Passing new path to controller.
[INFO] [1790835849.093105191] [mapex_explorer]: Main /plan diagnostic: poses=521, endpoint=(11.58, 7.90), frontier=(11.58, 7.90), endpoint_to_frontier=0.000 m, limit=0.10 m -> usable
[controller_server-9] [WARN] [1790835849.562539894] [controller_server]: Control loop missed its desired rate of 15.0000 Hz. Current loop rate is 12.3457 Hz.
[controller_server-9] [INFO] [1790835850.095984039] [controller_server]: Passing new path to controller.
[INFO] [1790835850.175204219] [mapex_explorer]: Main /plan diagnostic: poses=514, endpoint=(11.58, 7.90), frontier=(11.58, 7.90), endpoint_to_frontier=0.000 m, limit=0.10 m -> usable
[async_slam_toolbox_node-8] W20261001 13:24:11.140122 30090 preprocessor.cc:67] Specified options.num_threads: 50 exceeds maximum available from the threading model Ceres was compiled with: 16.  Bounding to maximum number available.
[INFO] [1790835851.143953515] [mapex_explorer]: Main /plan diagnostic: poses=508, endpoint=(11.58, 7.90), frontier=(11.58, 7.90), endpoint_to_frontier=0.000 m, limit=0.10 m -> usable
[controller_server-9] [INFO] [1790835851.162675505] [controller_server]: Passing new path to controller.
[async_slam_toolbox_node-8] [INFO] [1790835851.172749174] [slam_toolbox]: Adaptive anchor summary: latest_node=4588, local_edges=4695, loop_history=0, avg_effective_weight=1.061, release_regions=0
[controller_server-9] [INFO] [1790835851.728109453] [local_costmap.local_costmap]: StaticLayer: Resizing static layer to 561 X 252 at 0.100000 m/pix
[INFO] [1790835852.151444401] [mapex_explorer]: Main /plan diagnostic: poses=501, endpoint=(11.58, 7.90), frontier=(11.58, 7.90), endpoint_to_frontier=0.000 m, limit=0.10 m -> usable
[controller_server-9] [INFO] [1790835852.162667389] [controller_server]: Passing new path to controller.
[planner_server-11] [INFO] [1790835852.189160520] [global_costmap.global_costmap]: StaticLayer: Resizing costmap to 561 X 252 at 0.100000 m/pix
[controller_server-9] [INFO] [1790835853.162661258] [controller_server]: Passing new path to controller.
[INFO] [1790835853.208116505] [mapex_explorer]: Main /plan diagnostic: poses=491, endpoint=(11.58, 7.90), frontier=(11.58, 7.90), endpoint_to_frontier=0.000 m, limit=0.10 m -> usable
[controller_server-9] [ERROR] [1790835853.530342754] [controller_server]: Exception in transformPose: Lookup would require extrapolation into the future.  Requested time 1877.620000 but the latest data is at time 1877.600000, when looking up transform from frame [map] to frame [odom]
[controller_server-9] [ERROR] [1790835853.530468227] [controller_server]: Unable to transform goal pose into costmap frame
[controller_server-9] [INFO] [1790835853.530943837] [controller_server]: Optimizer reset
[controller_server-9] [WARN] [1790835853.530967755] [controller_server]: [follow_path] [ActionServer] Aborting handle.
[bt_navigator-14] [WARN] [1790835853.559416999] [bt_navigator]: [navigate_to_pose] [ActionServer] Aborting handle.
[bt_navigator-14] [ERROR] [1790835853.559580640] [bt_navigator]: Goal failed
[WARN] [1790835853.566054732] [mapex_explorer]: Main goal failed (status=6, error_code=102)
[WARN] [1790835853.567074315] [mapex_explorer]: Path-guided recovery #3: temporary subgoal x=34.33, y=5.75, 0.70 m ahead on main path (remaining main path=24.56 m, trigger_error=102)
[bt_navigator-14] [INFO] [1790835853.567967903] [bt_navigator]: Begin navigating from current location (34.86, 6.07) to (34.33, 5.75)
[INFO] [1790835853.572640825] [mapex_explorer]: Subgoal goal accepted
[controller_server-9] [INFO] [1790835853.588844021] [controller_server]: Received a goal, begin computing control effort.
[controller_server-9] [ERROR] [1790835854.556725901] [controller_server]: Exception in transformPose: Lookup would require extrapolation into the future.  Requested time 1878.620000 but the latest data is at time 1878.600000, when looking up transform from frame [map] to frame [odom]
[controller_server-9] [ERROR] [1790835854.556793310] [controller_server]: Unable to transform goal pose into costmap frame
[controller_server-9] [INFO] [1790835854.557120291] [controller_server]: Optimizer reset
[controller_server-9] [WARN] [1790835854.557135337] [controller_server]: [follow_path] [ActionServer] Aborting handle.
[behavior_server-13] [INFO] [1790835854.568463671] [behavior_server]: Running wait
[behavior_server-13] [INFO] [1790835854.868606967] [behavior_server]: wait completed successfully
[controller_server-9] [INFO] [1790835854.908459254] [controller_server]: Received a goal, begin computing control effort.
[controller_server-9] [INFO] [1790835854.910293330] [controller_server]: Reached the goal!
[controller_server-9] [INFO] [1790835854.910508340] [controller_server]: Optimizer reset
[bt_navigator-14] [INFO] [1790835854.938280172] [bt_navigator]: Goal succeeded
[INFO] [1790835854.950510041] [mapex_explorer]: Recovery subgoal reached; retrying the same main frontier.
[bt_navigator-14] [INFO] [1790835854.951460667] [bt_navigator]: Begin navigating from current location (34.65, 5.88) to (11.58, 7.90)
[controller_server-9] [INFO] [1790835854.972185003] [controller_server]: Received a goal, begin computing control effort.
[INFO] [1790835855.021568012] [mapex_explorer]: Main /plan diagnostic: poses=482, endpoint=(11.58, 7.90), frontier=(11.58, 7.90), endpoint_to_frontier=0.000 m, limit=0.10 m -> usable
[INFO] [1790835855.022507636] [mapex_explorer]: Main goal accepted
[INFO] [1790835856.022269667] [mapex_explorer]: Main /plan diagnostic: poses=478, endpoint=(11.58, 7.90), frontier=(11.58, 7.90), endpoint_to_frontier=0.000 m, limit=0.10 m -> usable
[controller_server-9] [INFO] [1790835856.039028756] [controller_server]: Passing new path to controller.
[INFO] [1790835857.037098678] [mapex_explorer]: Main /plan diagnostic: poses=472, endpoint=(11.58, 7.90), frontier=(11.58, 7.90), endpoint_to_frontier=0.000 m, limit=0.10 m -> usable
[controller_server-9] [INFO] [1790835857.039042555] [controller_server]: Passing new path to controller.
[async_slam_toolbox_node-8] W20261001 13:24:17.047040 30090 preprocessor.cc:67] Specified options.num_threads: 50 exceeds maximum available from the threading model Ceres was compiled with: 16.  Bounding to maximum number available.
[controller_server-9] [INFO] [1790835857.728117514] [local_costmap.local_costmap]: StaticLayer: Resizing static layer to 561 X 252 at 0.100000 m/pix
[INFO] [1790835858.054592895] [mapex_explorer]: Main /plan diagnostic: poses=466, endpoint=(11.58, 7.90), frontier=(11.58, 7.90), endpoint_to_frontier=0.000 m, limit=0.10 m -> usable
[controller_server-9] [INFO] [1790835858.105645415] [controller_server]: Passing new path to controller.
[planner_server-11] [INFO] [1790835858.189123383] [global_costmap.global_costmap]: StaticLayer: Resizing costmap to 561 X 252 at 0.100000 m/pix
[controller_server-9] [ERROR] [1790835858.550025747] [controller_server]: Exception in transformPose: Lookup would require extrapolation into the future.  Requested time 1882.540000 but the latest data is at time 1882.500000, when looking up transform from frame [map] to frame [odom]
[controller_server-9] [ERROR] [1790835858.550097486] [controller_server]: Unable to transform goal pose into costmap frame
[controller_server-9] [INFO] [1790835858.550423172] [controller_server]: Optimizer reset
[controller_server-9] [WARN] [1790835858.550444760] [controller_server]: [follow_path] [ActionServer] Aborting handle.
[behavior_server-13] [INFO] [1790835858.562456218] [behavior_server]: Running wait
[behavior_server-13] [INFO] [1790835858.862624794] [behavior_server]: wait completed successfully
[controller_server-9] [INFO] [1790835858.902108178] [controller_server]: Received a goal, begin computing control effort.
[INFO] [1790835858.918998278] [mapex_explorer]: Main /plan diagnostic: poses=463, endpoint=(11.58, 7.90), frontier=(11.58, 7.90), endpoint_to_frontier=0.000 m, limit=0.10 m -> usable
[controller_server-9] [INFO] [1790835859.968904284] [controller_server]: Passing new path to controller.
[INFO] [1790835860.027762157] [mapex_explorer]: Main /plan diagnostic: poses=461, endpoint=(11.58, 7.90), frontier=(11.58, 7.90), endpoint_to_frontier=0.000 m, limit=0.10 m -> usable
[controller_server-9] [INFO] [1790835860.968908758] [controller_server]: Passing new path to controller.
[INFO] [1790835860.994133675] [mapex_explorer]: Main /plan diagnostic: poses=462, endpoint=(11.58, 7.90), frontier=(11.58, 7.90), endpoint_to_frontier=0.000 m, limit=0.10 m -> usable
[INFO] [1790835862.002051296] [mapex_explorer]: Main /plan diagnostic: poses=455, endpoint=(11.58, 7.90), frontier=(11.58, 7.90), endpoint_to_frontier=0.000 m, limit=0.10 m -> usable
[controller_server-9] [INFO] [1790835862.035582496] [controller_server]: Passing new path to controller.
[async_slam_toolbox_node-8] W20261001 13:24:22.577356 30090 preprocessor.cc:67] Specified options.num_threads: 50 exceeds maximum available from the threading model Ceres was compiled with: 16.  Bounding to maximum number available.
[controller_server-9] [INFO] [1790835863.035572951] [controller_server]: Passing new path to controller.
[INFO] [1790835863.050624594] [mapex_explorer]: Main /plan diagnostic: poses=444, endpoint=(11.58, 7.90), frontier=(11.58, 7.90), endpoint_to_frontier=0.000 m, limit=0.10 m -> usable
[controller_server-9] [ERROR] [1790835863.536589782] [controller_server]: Exception in transformPose: Lookup would require extrapolation into the future.  Requested time 1887.440000 but the latest data is at time 1887.400000, when looking up transform from frame [map] to frame [odom]
[controller_server-9] [ERROR] [1790835863.536685997] [controller_server]: Unable to transform goal pose into costmap frame
[controller_server-9] [INFO] [1790835863.536959262] [controller_server]: Optimizer reset
[controller_server-9] [WARN] [1790835863.536978555] [controller_server]: [follow_path] [ActionServer] Aborting handle.
[bt_navigator-14] [WARN] [1790835863.561577502] [bt_navigator]: [navigate_to_pose] [ActionServer] Aborting handle.
[bt_navigator-14] [ERROR] [1790835863.561681200] [bt_navigator]: Goal failed
[WARN] [1790835863.563738343] [mapex_explorer]: Main goal failed (status=6, error_code=102)
[WARN] [1790835863.564316348] [mapex_explorer]: Path-guided recovery #4: temporary subgoal x=31.77, y=5.48, 0.75 m ahead on main path (remaining main path=22.06 m, trigger_error=102)
[bt_navigator-14] [INFO] [1790835863.564903500] [bt_navigator]: Begin navigating from current location (32.54, 5.45) to (31.77, 5.48)
[INFO] [1790835863.568079687] [mapex_explorer]: Subgoal goal accepted
[controller_server-9] [INFO] [1790835863.585573804] [controller_server]: Received a goal, begin computing control effort.
[controller_server-9] [INFO] [1790835863.728104572] [local_costmap.local_costmap]: StaticLayer: Resizing static layer to 561 X 252 at 0.100000 m/pix
[planner_server-11] [INFO] [1790835864.189152793] [global_costmap.global_costmap]: StaticLayer: Resizing costmap to 561 X 252 at 0.100000 m/pix
[controller_server-9] [INFO] [1790835864.589374673] [controller_server]: Reached the goal!
[controller_server-9] [INFO] [1790835864.589597899] [controller_server]: Optimizer reset
[bt_navigator-14] [INFO] [1790835864.615136625] [bt_navigator]: Goal succeeded
[INFO] [1790835864.618017083] [mapex_explorer]: Recovery subgoal reached; retrying the same main frontier.
[bt_navigator-14] [INFO] [1790835864.618961467] [bt_navigator]: Begin navigating from current location (32.15, 5.44) to (11.58, 7.90)
[controller_server-9] [INFO] [1790835864.639820682] [controller_server]: Received a goal, begin computing control effort.
[INFO] [1790835864.703789322] [mapex_explorer]: Main goal accepted
[INFO] [1790835864.704844538] [mapex_explorer]: Main /plan diagnostic: poses=432, endpoint=(11.58, 7.90), frontier=(11.58, 7.90), endpoint_to_frontier=0.000 m, limit=0.10 m -> usable
[INFO] [1790835865.705573739] [mapex_explorer]: Main /plan diagnostic: poses=424, endpoint=(11.58, 7.90), frontier=(11.58, 7.90), endpoint_to_frontier=0.000 m, limit=0.10 m -> usable
[controller_server-9] [INFO] [1790835865.706715342] [controller_server]: Passing new path to controller.
[async_slam_toolbox_node-8] W20261001 13:24:26.578011 30090 preprocessor.cc:67] Specified options.num_threads: 50 exceeds maximum available from the threading model Ceres was compiled with: 16.  Bounding to maximum number available.
[controller_server-9] [WARN] [1790835866.645716888] [controller_server]: Control loop missed its desired rate of 15.0000 Hz. Current loop rate is 13.6986 Hz.
[controller_server-9] [INFO] [1790835866.712476227] [controller_server]: Passing new path to controller.
[INFO] [1790835866.839112555] [mapex_explorer]: Main /plan diagnostic: poses=414, endpoint=(11.58, 7.90), frontier=(11.58, 7.90), endpoint_to_frontier=0.000 m, limit=0.10 m -> usable
[INFO] [1790835867.714263768] [mapex_explorer]: Main /plan diagnostic: poses=404, endpoint=(11.58, 7.90), frontier=(11.58, 7.90), endpoint_to_frontier=0.000 m, limit=0.10 m -> usable
[controller_server-9] [INFO] [1790835867.728138508] [local_costmap.local_costmap]: StaticLayer: Resizing static layer to 561 X 251 at 0.100000 m/pix
[controller_server-9] [INFO] [1790835867.780479693] [controller_server]: Passing new path to controller.
[planner_server-11] [INFO] [1790835868.189113765] [global_costmap.global_costmap]: StaticLayer: Resizing costmap to 561 X 251 at 0.100000 m/pix
[INFO] [1790835868.743509761] [mapex_explorer]: Main /plan diagnostic: poses=394, endpoint=(11.58, 7.90), frontier=(11.58, 7.90), endpoint_to_frontier=0.000 m, limit=0.10 m -> usable
[controller_server-9] [INFO] [1790835868.779150789] [controller_server]: Passing new path to controller.
[controller_server-9] [ERROR] [1790835869.556718632] [controller_server]: Exception in transformPose: Lookup would require extrapolation into the future.  Requested time 1893.360000 but the latest data is at time 1893.300000, when looking up transform from frame [map] to frame [odom]
[controller_server-9] [ERROR] [1790835869.556795324] [controller_server]: Unable to transform goal pose into costmap frame
[controller_server-9] [INFO] [1790835869.556982683] [controller_server]: Optimizer reset
[controller_server-9] [WARN] [1790835869.556994742] [controller_server]: [follow_path] [ActionServer] Aborting handle.
[behavior_server-13] [INFO] [1790835869.569447234] [behavior_server]: Running wait
[behavior_server-13] [INFO] [1790835869.869674351] [behavior_server]: wait completed successfully
[controller_server-9] [INFO] [1790835869.909542575] [controller_server]: Received a goal, begin computing control effort.
[INFO] [1790835869.932495817] [mapex_explorer]: Main /plan diagnostic: poses=384, endpoint=(11.58, 7.90), frontier=(11.58, 7.90), endpoint_to_frontier=0.000 m, limit=0.10 m -> usable
[async_slam_toolbox_node-8] W20261001 13:24:30.780639 30090 preprocessor.cc:67] Specified options.num_threads: 50 exceeds maximum available from the threading model Ceres was compiled with: 16.  Bounding to maximum number available.
[INFO] [1790835870.942329462] [mapex_explorer]: Main /plan diagnostic: poses=378, endpoint=(11.58, 7.90), frontier=(11.58, 7.90), endpoint_to_frontier=0.000 m, limit=0.10 m -> usable
[controller_server-9] [INFO] [1790835870.976368605] [controller_server]: Passing new path to controller.
[controller_server-9] [INFO] [1790835871.728129942] [local_costmap.local_costmap]: StaticLayer: Resizing static layer to 561 X 251 at 0.100000 m/pix
[controller_server-9] [INFO] [1790835871.976357177] [controller_server]: Passing new path to controller.
[INFO] [1790835871.992321574] [mapex_explorer]: Main /plan diagnostic: poses=368, endpoint=(11.58, 7.90), frontier=(11.58, 7.90), endpoint_to_frontier=0.000 m, limit=0.10 m -> usable
[planner_server-11] [INFO] [1790835872.189144031] [global_costmap.global_costmap]: StaticLayer: Resizing costmap to 561 X 251 at 0.100000 m/pix
[INFO] [1790835872.990722516] [mapex_explorer]: Main /plan diagnostic: poses=356, endpoint=(11.58, 7.90), frontier=(11.58, 7.90), endpoint_to_frontier=0.000 m, limit=0.10 m -> usable
[controller_server-9] [INFO] [1790835873.043011031] [controller_server]: Passing new path to controller.
[controller_server-9] [ERROR] [1790835873.554362420] [controller_server]: Exception in transformPose: Lookup would require extrapolation into the future.  Requested time 1897.260000 but the latest data is at time 1897.200000, when looking up transform from frame [map] to frame [odom]
[controller_server-9] [ERROR] [1790835873.554495725] [controller_server]: Unable to transform goal pose into costmap frame
[controller_server-9] [INFO] [1790835873.554807553] [controller_server]: Optimizer reset
[controller_server-9] [WARN] [1790835873.554833474] [controller_server]: [follow_path] [ActionServer] Aborting handle.
[bt_navigator-14] [WARN] [1790835873.579123826] [bt_navigator]: [navigate_to_pose] [ActionServer] Aborting handle.
[bt_navigator-14] [ERROR] [1790835873.579324568] [bt_navigator]: Goal failed
[WARN] [1790835873.583103106] [mapex_explorer]: Main goal failed (status=6, error_code=102)
[WARN] [1790835873.583977942] [mapex_explorer]: Path-guided recovery #5: temporary subgoal x=27.31, y=5.49, 0.75 m ahead on main path (remaining main path=17.61 m, trigger_error=102)
[bt_navigator-14] [INFO] [1790835873.585023782] [bt_navigator]: Begin navigating from current location (28.08, 5.47) to (27.31, 5.49)
[INFO] [1790835873.597381303] [mapex_explorer]: Subgoal goal accepted
[controller_server-9] [INFO] [1790835873.605586584] [controller_server]: Received a goal, begin computing control effort.
[controller_server-9] [ERROR] [1790835874.506831096] [controller_server]: Exception in transformPose: Lookup would require extrapolation into the future.  Requested time 1898.220000 but the latest data is at time 1898.200000, when looking up transform from frame [map] to frame [odom]
[controller_server-9] [ERROR] [1790835874.506930281] [controller_server]: Unable to transform goal pose into costmap frame
[controller_server-9] [INFO] [1790835874.507213806] [controller_server]: Optimizer reset
[controller_server-9] [WARN] [1790835874.507237051] [controller_server]: [follow_path] [ActionServer] Aborting handle.
[behavior_server-13] [INFO] [1790835874.525574517] [behavior_server]: Running wait
[behavior_server-13] [INFO] [1790835874.825760978] [behavior_server]: wait completed successfully
[controller_server-9] [INFO] [1790835874.865648900] [controller_server]: Received a goal, begin computing control effort.
[controller_server-9] [INFO] [1790835875.334575743] [controller_server]: Reached the goal!
[controller_server-9] [INFO] [1790835875.334809965] [controller_server]: Optimizer reset
[bt_navigator-14] [INFO] [1790835875.355329066] [bt_navigator]: Goal succeeded
[INFO] [1790835875.357242978] [mapex_explorer]: Recovery subgoal reached; retrying the same main frontier.
[bt_navigator-14] [INFO] [1790835875.358014011] [bt_navigator]: Begin navigating from current location (27.71, 5.47) to (11.58, 7.90)
[controller_server-9] [INFO] [1790835875.378598569] [controller_server]: Received a goal, begin computing control effort.
[INFO] [1790835875.433820653] [mapex_explorer]: Main goal accepted
[INFO] [1790835875.436024533] [mapex_explorer]: Main /plan diagnostic: poses=344, endpoint=(11.58, 7.90), frontier=(11.58, 7.90), endpoint_to_frontier=0.000 m, limit=0.10 m -> usable
[INFO] [1790835876.409495321] [mapex_explorer]: Main /plan diagnostic: poses=336, endpoint=(11.58, 7.90), frontier=(11.58, 7.90), endpoint_to_frontier=0.000 m, limit=0.10 m -> usable
[controller_server-9] [INFO] [1790835876.445427961] [controller_server]: Passing new path to controller.
[async_slam_toolbox_node-8] W20261001 13:24:36.607025 30090 preprocessor.cc:67] Specified options.num_threads: 50 exceeds maximum available from the threading model Ceres was compiled with: 16.  Bounding to maximum number available.
[async_slam_toolbox_node-8] [INFO] [1790835876.633981244] [slam_toolbox]: Adaptive anchor summary: latest_node=4650, local_edges=4758, loop_history=0, avg_effective_weight=1.060, release_regions=0
[INFO] [1790835877.426746770] [mapex_explorer]: Main /plan diagnostic: poses=326, endpoint=(11.58, 7.90), frontier=(11.58, 7.90), endpoint_to_frontier=0.000 m, limit=0.10 m -> usable
[controller_server-9] [INFO] [1790835877.445422601] [controller_server]: Passing new path to controller.
[controller_server-9] [INFO] [1790835877.728121220] [local_costmap.local_costmap]: StaticLayer: Resizing static layer to 561 X 251 at 0.100000 m/pix
[planner_server-11] [INFO] [1790835878.189106782] [global_costmap.global_costmap]: StaticLayer: Resizing costmap to 561 X 251 at 0.100000 m/pix
[INFO] [1790835878.495845355] [mapex_explorer]: Main /plan diagnostic: poses=315, endpoint=(11.58, 7.90), frontier=(11.58, 7.90), endpoint_to_frontier=0.000 m, limit=0.10 m -> usable
[controller_server-9] [ERROR] [1790835878.556313369] [controller_server]: Exception in transformPose: Lookup would require extrapolation into the future.  Requested time 1902.160000 but the latest data is at time 1902.100000, when looking up transform from frame [map] to frame [odom]
[controller_server-9] [ERROR] [1790835878.556378787] [controller_server]: Unable to transform goal pose into costmap frame
[controller_server-9] [INFO] [1790835878.556652957] [controller_server]: Optimizer reset
[controller_server-9] [WARN] [1790835878.556669926] [controller_server]: [follow_path] [ActionServer] Aborting handle.
[controller_server-9] [INFO] [1790835878.556733750] [controller_server]: Received a goal, begin computing control effort.
[INFO] [1790835879.491144582] [mapex_explorer]: Main /plan diagnostic: poses=305, endpoint=(11.58, 7.90), frontier=(11.58, 7.90), endpoint_to_frontier=0.000 m, limit=0.10 m -> usable
[controller_server-9] [INFO] [1790835879.556824260] [controller_server]: Passing new path to controller.
[INFO] [1790835880.505997585] [mapex_explorer]: Main /plan diagnostic: poses=295, endpoint=(11.58, 7.90), frontier=(11.58, 7.90), endpoint_to_frontier=0.000 m, limit=0.10 m -> usable
[controller_server-9] [INFO] [1790835880.556831200] [controller_server]: Passing new path to controller.
[INFO] [1790835881.535612155] [mapex_explorer]: Main /plan diagnostic: poses=287, endpoint=(11.58, 7.90), frontier=(11.58, 7.90), endpoint_to_frontier=0.000 m, limit=0.10 m -> usable
[controller_server-9] [INFO] [1790835881.556822941] [controller_server]: Passing new path to controller.
[INFO] [1790835882.572478804] [mapex_explorer]: Main /plan diagnostic: poses=275, endpoint=(11.58, 7.90), frontier=(11.58, 7.90), endpoint_to_frontier=0.000 m, limit=0.10 m -> usable
[controller_server-9] [INFO] [1790835882.623489636] [controller_server]: Passing new path to controller.
[controller_server-9] [WARN] [1790835883.583107130] [controller_server]: Control loop missed its desired rate of 15.0000 Hz. Current loop rate is 10.8696 Hz.
[INFO] [1790835883.596522497] [mapex_explorer]: Main /plan diagnostic: poses=265, endpoint=(11.58, 7.90), frontier=(11.58, 7.90), endpoint_to_frontier=0.000 m, limit=0.10 m -> usable
[controller_server-9] [INFO] [1790835883.649869734] [controller_server]: Passing new path to controller.
[INFO] [1790835884.644231722] [mapex_explorer]: Main /plan diagnostic: poses=259, endpoint=(11.58, 7.90), frontier=(11.58, 7.90), endpoint_to_frontier=0.000 m, limit=0.10 m -> usable
[controller_server-9] [INFO] [1790835884.649885559] [controller_server]: Passing new path to controller.
[INFO] [1790835885.670054024] [mapex_explorer]: Main /plan diagnostic: poses=248, endpoint=(11.58, 7.90), frontier=(11.58, 7.90), endpoint_to_frontier=0.000 m, limit=0.10 m -> usable
[controller_server-9] [INFO] [1790835885.716548220] [controller_server]: Passing new path to controller.
[INFO] [1790835886.700700472] [mapex_explorer]: Main /plan diagnostic: poses=240, endpoint=(11.58, 7.90), frontier=(11.58, 7.90), endpoint_to_frontier=0.000 m, limit=0.10 m -> usable
[controller_server-9] [INFO] [1790835886.716534691] [controller_server]: Passing new path to controller.
[controller_server-9] [INFO] [1790835887.716533736] [controller_server]: Passing new path to controller.
[INFO] [1790835887.730375880] [mapex_explorer]: Main /plan diagnostic: poses=228, endpoint=(11.58, 7.90), frontier=(11.58, 7.90), endpoint_to_frontier=0.000 m, limit=0.10 m -> usable
[async_slam_toolbox_node-8] W20261001 13:24:48.031358 30090 preprocessor.cc:67] Specified options.num_threads: 50 exceeds maximum available from the threading model Ceres was compiled with: 16.  Bounding to maximum number available.
[controller_server-9] [INFO] [1790835888.728128667] [local_costmap.local_costmap]: StaticLayer: Resizing static layer to 561 X 251 at 0.100000 m/pix
[controller_server-9] [INFO] [1790835888.783240820] [controller_server]: Passing new path to controller.
[INFO] [1790835888.793593657] [mapex_explorer]: Main /plan diagnostic: poses=218, endpoint=(11.58, 7.90), frontier=(11.58, 7.90), endpoint_to_frontier=0.000 m, limit=0.10 m -> usable
[planner_server-11] [INFO] [1790835889.189093429] [global_costmap.global_costmap]: StaticLayer: Resizing costmap to 561 X 251 at 0.100000 m/pix
[controller_server-9] [ERROR] [1790835889.560858204] [controller_server]: Exception in transformPose: Lookup would require extrapolation into the future.  Requested time 1912.880000 but the latest data is at time 1912.800000, when looking up transform from frame [map] to frame [odom]
[controller_server-9] [ERROR] [1790835889.560954675] [controller_server]: Unable to transform goal pose into costmap frame
[controller_server-9] [INFO] [1790835889.561302338] [controller_server]: Optimizer reset
[controller_server-9] [WARN] [1790835889.561338881] [controller_server]: [follow_path] [ActionServer] Aborting handle.
[behavior_server-13] [INFO] [1790835889.578474651] [behavior_server]: Running wait
[behavior_server-13] [INFO] [1790835889.878674704] [behavior_server]: wait completed successfully
[INFO] [1790835889.910537058] [mapex_explorer]: Main /plan diagnostic: poses=207, endpoint=(11.58, 7.90), frontier=(11.58, 7.90), endpoint_to_frontier=0.000 m, limit=0.10 m -> usable
[controller_server-9] [INFO] [1790835889.919438285] [controller_server]: Received a goal, begin computing control effort.
[INFO] [1790835890.958061730] [mapex_explorer]: Main /plan diagnostic: poses=201, endpoint=(11.58, 7.90), frontier=(11.58, 7.90), endpoint_to_frontier=0.000 m, limit=0.10 m -> usable
[controller_server-9] [INFO] [1790835890.986291657] [controller_server]: Passing new path to controller.
[INFO] [1790835891.985402069] [mapex_explorer]: Main /plan diagnostic: poses=190, endpoint=(11.58, 7.90), frontier=(11.58, 7.90), endpoint_to_frontier=0.000 m, limit=0.10 m -> usable
[controller_server-9] [INFO] [1790835891.986422640] [controller_server]: Passing new path to controller.
[controller_server-9] [ERROR] [1790835892.487492929] [controller_server]: Exception in transformPose: Lookup would require extrapolation into the future.  Requested time 1915.720000 but the latest data is at time 1915.700000, when looking up transform from frame [map] to frame [odom]
[controller_server-9] [ERROR] [1790835892.487652254] [controller_server]: Unable to transform goal pose into costmap frame
[controller_server-9] [INFO] [1790835892.488329550] [controller_server]: Optimizer reset
[controller_server-9] [WARN] [1790835892.488381161] [controller_server]: [follow_path] [ActionServer] Aborting handle.
[bt_navigator-14] [WARN] [1790835892.518175341] [bt_navigator]: [navigate_to_pose] [ActionServer] Aborting handle.
[bt_navigator-14] [ERROR] [1790835892.518414375] [bt_navigator]: Goal failed
[WARN] [1790835892.536751938] [mapex_explorer]: Main goal failed (status=6, error_code=102)
[WARN] [1790835892.537239842] [mapex_explorer]: Path-guided recovery #6: temporary subgoal x=19.84, y=7.21, 0.70 m ahead on main path (remaining main path=9.36 m, trigger_error=102)
[bt_navigator-14] [INFO] [1790835892.537918121] [bt_navigator]: Begin navigating from current location (20.53, 7.16) to (19.84, 7.21)
[INFO] [1790835892.546864107] [mapex_explorer]: Subgoal goal accepted
[controller_server-9] [INFO] [1790835892.558507975] [controller_server]: Received a goal, begin computing control effort.
[async_slam_toolbox_node-8] W20261001 13:24:52.637495 30090 preprocessor.cc:67] Specified options.num_threads: 50 exceeds maximum available from the threading model Ceres was compiled with: 16.  Bounding to maximum number available.
[async_slam_toolbox_node-8] [INFO] [1790835892.670942848] [slam_toolbox]: Adaptive anchor summary: latest_node=4703, local_edges=4811, loop_history=0, avg_effective_weight=1.060, release_regions=0
[controller_server-9] [INFO] [1790835893.359988606] [controller_server]: Reached the goal!
[controller_server-9] [INFO] [1790835893.360107211] [controller_server]: Optimizer reset
[bt_navigator-14] [INFO] [1790835893.388179427] [bt_navigator]: Goal succeeded
[INFO] [1790835893.390122711] [mapex_explorer]: Recovery subgoal reached; retrying the same main frontier.
[bt_navigator-14] [INFO] [1790835893.391238530] [bt_navigator]: Begin navigating from current location (20.25, 7.22) to (11.58, 7.90)
[INFO] [1790835893.398672786] [mapex_explorer]: Main /plan diagnostic: poses=178, endpoint=(11.58, 7.90), frontier=(11.58, 7.90), endpoint_to_frontier=0.000 m, limit=0.10 m -> usable
[INFO] [1790835893.398908643] [mapex_explorer]: Main goal accepted
[controller_server-9] [INFO] [1790835893.411800219] [controller_server]: Received a goal, begin computing control effort.
[controller_server-9] [INFO] [1790835893.728145770] [local_costmap.local_costmap]: StaticLayer: Resizing static layer to 561 X 251 at 0.100000 m/pix
[planner_server-11] [INFO] [1790835894.189128147] [global_costmap.global_costmap]: StaticLayer: Resizing costmap to 561 X 251 at 0.100000 m/pix
[INFO] [1790835894.430047229] [mapex_explorer]: Main /plan diagnostic: poses=173, endpoint=(11.58, 7.90), frontier=(11.58, 7.90), endpoint_to_frontier=0.000 m, limit=0.10 m -> usable
[controller_server-9] [INFO] [1790835894.478667949] [controller_server]: Passing new path to controller.
[INFO] [1790835895.458954269] [mapex_explorer]: Main /plan diagnostic: poses=163, endpoint=(11.58, 7.90), frontier=(11.58, 7.90), endpoint_to_frontier=0.000 m, limit=0.10 m -> usable
[controller_server-9] [INFO] [1790835895.478683812] [controller_server]: Passing new path to controller.
[INFO] [1790835896.488576342] [mapex_explorer]: Main /plan diagnostic: poses=153, endpoint=(11.58, 7.90), frontier=(11.58, 7.90), endpoint_to_frontier=0.000 m, limit=0.10 m -> usable
[controller_server-9] [ERROR] [1790835896.512866757] [controller_server]: Exception in transformPose: Lookup would require extrapolation into the future.  Requested time 1919.620000 but the latest data is at time 1919.600000, when looking up transform from frame [map] to frame [odom]
[controller_server-9] [ERROR] [1790835896.512988547] [controller_server]: Unable to transform goal pose into costmap frame
[controller_server-9] [INFO] [1790835896.513237064] [controller_server]: Optimizer reset
[controller_server-9] [WARN] [1790835896.513250474] [controller_server]: [follow_path] [ActionServer] Aborting handle.
[controller_server-9] [INFO] [1790835896.513343205] [controller_server]: Received a goal, begin computing control effort.
[INFO] [1790835897.518067839] [mapex_explorer]: Main /plan diagnostic: poses=143, endpoint=(11.58, 7.90), frontier=(11.58, 7.90), endpoint_to_frontier=0.000 m, limit=0.10 m -> usable
[controller_server-9] [INFO] [1790835897.580125276] [controller_server]: Passing new path to controller.
[async_slam_toolbox_node-8] W20261001 13:24:57.607607 30090 preprocessor.cc:67] Specified options.num_threads: 50 exceeds maximum available from the threading model Ceres was compiled with: 16.  Bounding to maximum number available.
[controller_server-9] [ERROR] [1790835897.691771914] [controller_server]: Exception in transformPose: Lookup would require extrapolation into the future.  Requested time 1920.740000 but the latest data is at time 1920.700000, when looking up transform from frame [map] to frame [odom]
[controller_server-9] [ERROR] [1790835897.691873254] [controller_server]: Unable to transform goal pose into costmap frame
[controller_server-9] [INFO] [1790835897.692187061] [controller_server]: Optimizer reset
[controller_server-9] [WARN] [1790835897.692203978] [controller_server]: [follow_path] [ActionServer] Aborting handle.
[behavior_server-13] [INFO] [1790835897.711857725] [behavior_server]: Running wait
[behavior_server-13] [INFO] [1790835898.012011506] [behavior_server]: wait completed successfully
[controller_server-9] [INFO] [1790835898.053018502] [controller_server]: Received a goal, begin computing control effort.
[INFO] [1790835898.074644269] [mapex_explorer]: Main /plan diagnostic: poses=139, endpoint=(11.58, 7.90), frontier=(11.58, 7.90), endpoint_to_frontier=0.000 m, limit=0.10 m -> usable
[controller_server-9] [INFO] [1790835898.728154144] [local_costmap.local_costmap]: StaticLayer: Resizing static layer to 561 X 251 at 0.100000 m/pix
[INFO] [1790835899.088316637] [mapex_explorer]: Main /plan diagnostic: poses=131, endpoint=(11.58, 7.90), frontier=(11.58, 7.90), endpoint_to_frontier=0.000 m, limit=0.10 m -> usable
[controller_server-9] [INFO] [1790835899.120031639] [controller_server]: Passing new path to controller.
[planner_server-11] [INFO] [1790835899.189142782] [global_costmap.global_costmap]: StaticLayer: Resizing costmap to 561 X 251 at 0.100000 m/pix
[controller_server-9] [ERROR] [1790835899.564357233] [controller_server]: Exception in transformPose: Lookup would require extrapolation into the future.  Requested time 1922.560000 but the latest data is at time 1922.500000, when looking up transform from frame [map] to frame [odom]
[controller_server-9] [ERROR] [1790835899.564459300] [controller_server]: Unable to transform goal pose into costmap frame
[controller_server-9] [INFO] [1790835899.564758686] [controller_server]: Optimizer reset
[controller_server-9] [WARN] [1790835899.564780094] [controller_server]: [follow_path] [ActionServer] Aborting handle.
[bt_navigator-14] [WARN] [1790835899.591418697] [bt_navigator]: [navigate_to_pose] [ActionServer] Aborting handle.
[bt_navigator-14] [ERROR] [1790835899.591557498] [bt_navigator]: Goal failed
[WARN] [1790835899.594777165] [mapex_explorer]: Main goal failed (status=6, error_code=102)
[WARN] [1790835899.595800191] [mapex_explorer]: Path-guided recovery #7: temporary subgoal x=16.94, y=7.26, 0.75 m ahead on main path (remaining main path=6.51 m, trigger_error=102)
[bt_navigator-14] [INFO] [1790835899.596925640] [bt_navigator]: Begin navigating from current location (17.69, 7.26) to (16.94, 7.26)
[INFO] [1790835899.605245840] [mapex_explorer]: Subgoal goal accepted
[controller_server-9] [INFO] [1790835899.617546452] [controller_server]: Received a goal, begin computing control effort.
[controller_server-9] [INFO] [1790835900.553248725] [controller_server]: Reached the goal!
[controller_server-9] [INFO] [1790835900.553571742] [controller_server]: Optimizer reset
[bt_navigator-14] [INFO] [1790835900.577184548] [bt_navigator]: Goal succeeded
[INFO] [1790835900.583437927] [mapex_explorer]: Recovery subgoal reached; retrying the same main frontier.
[bt_navigator-14] [INFO] [1790835900.584494362] [bt_navigator]: Begin navigating from current location (17.33, 7.26) to (11.58, 7.90)
[INFO] [1790835900.597024884] [mapex_explorer]: Main goal accepted
[INFO] [1790835900.597772454] [mapex_explorer]: Main /plan diagnostic: poses=121, endpoint=(11.58, 7.90), frontier=(11.58, 7.90), endpoint_to_frontier=0.000 m, limit=0.10 m -> usable
[controller_server-9] [INFO] [1790835900.604956528] [controller_server]: Received a goal, begin computing control effort.
[controller_server-9] [WARN] [1790835901.630920668] [controller_server]: Control loop missed its desired rate of 15.0000 Hz. Current loop rate is 11.1111 Hz.
[controller_server-9] [INFO] [1790835901.630950146] [controller_server]: Passing new path to controller.
[INFO] [1790835901.679856847] [mapex_explorer]: Main /plan diagnostic: poses=115, endpoint=(11.58, 7.90), frontier=(11.58, 7.90), endpoint_to_frontier=0.000 m, limit=0.10 m -> usable
[INFO] [1790835902.633764629] [mapex_explorer]: Main /plan diagnostic: poses=105, endpoint=(11.58, 7.90), frontier=(11.58, 7.90), endpoint_to_frontier=0.000 m, limit=0.10 m -> usable
[controller_server-9] [INFO] [1790835902.697690766] [controller_server]: Passing new path to controller.
[INFO] [1790835903.661397732] [mapex_explorer]: Main /plan diagnostic: poses=95, endpoint=(11.58, 7.90), frontier=(11.58, 7.90), endpoint_to_frontier=0.000 m, limit=0.10 m -> usable
[controller_server-9] [INFO] [1790835903.697679536] [controller_server]: Passing new path to controller.
[INFO] [1790835904.672071187] [mapex_explorer]: Main /plan diagnostic: poses=85, endpoint=(11.58, 7.90), frontier=(11.58, 7.90), endpoint_to_frontier=0.000 m, limit=0.10 m -> usable
[controller_server-9] [INFO] [1790835904.697820491] [controller_server]: Passing new path to controller.
[controller_server-9] [ERROR] [1790835905.542108961] [controller_server]: Exception in transformPose: Lookup would require extrapolation into the future.  Requested time 1928.320000 but the latest data is at time 1928.300000, when looking up transform from frame [map] to frame [odom]
[controller_server-9] [ERROR] [1790835905.542202779] [controller_server]: Unable to transform goal pose into costmap frame
[controller_server-9] [INFO] [1790835905.542485341] [controller_server]: Optimizer reset
[controller_server-9] [WARN] [1790835905.542513114] [controller_server]: [follow_path] [ActionServer] Aborting handle.
[behavior_server-13] [INFO] [1790835905.554904478] [behavior_server]: Running wait
[behavior_server-13] [INFO] [1790835905.855075701] [behavior_server]: wait completed successfully
[INFO] [1790835905.889727613] [mapex_explorer]: Main /plan diagnostic: poses=73, endpoint=(11.58, 7.90), frontier=(11.58, 7.90), endpoint_to_frontier=0.000 m, limit=0.10 m -> usable
[controller_server-9] [INFO] [1790835905.895003672] [controller_server]: Received a goal, begin computing control effort.
[controller_server-9] [WARN] [1790835906.645017451] [controller_server]: Control loop missed its desired rate of 15.0000 Hz. Current loop rate is 12.0482 Hz.
[INFO] [1790835906.916799179] [mapex_explorer]: Main /plan diagnostic: poses=66, endpoint=(11.58, 7.90), frontier=(11.58, 7.90), endpoint_to_frontier=0.000 m, limit=0.10 m -> usable
[controller_server-9] [INFO] [1790835906.978468216] [controller_server]: Passing new path to controller.
[INFO] [1790835907.945450263] [mapex_explorer]: Main /plan diagnostic: poses=58, endpoint=(11.58, 7.90), frontier=(11.58, 7.90), endpoint_to_frontier=0.000 m, limit=0.10 m -> usable
[controller_server-9] [INFO] [1790835907.978494380] [controller_server]: Passing new path to controller.
[controller_server-9] [ERROR] [1790835908.556929822] [controller_server]: Exception in transformPose: Lookup would require extrapolation into the future.  Requested time 1931.220000 but the latest data is at time 1931.200000, when looking up transform from frame [map] to frame [odom]
[controller_server-9] [ERROR] [1790835908.557035109] [controller_server]: Unable to transform goal pose into costmap frame
[controller_server-9] [INFO] [1790835908.557422154] [controller_server]: Optimizer reset
[controller_server-9] [WARN] [1790835908.557444451] [controller_server]: [follow_path] [ActionServer] Aborting handle.
[bt_navigator-14] [WARN] [1790835908.584646048] [bt_navigator]: [navigate_to_pose] [ActionServer] Aborting handle.
[bt_navigator-14] [ERROR] [1790835908.584794937] [bt_navigator]: Goal failed
[WARN] [1790835908.587005909] [mapex_explorer]: Main goal failed (status=6, error_code=102)
[WARN] [1790835908.587390249] [mapex_explorer]: Path-guided recovery #8: temporary subgoal x=13.12, y=7.29, 0.75 m ahead on main path (remaining main path=2.77 m, trigger_error=102)
[bt_navigator-14] [INFO] [1790835908.588012959] [bt_navigator]: Begin navigating from current location (13.84, 7.35) to (13.12, 7.29)
[INFO] [1790835908.594023305] [mapex_explorer]: Subgoal goal accepted
[controller_server-9] [INFO] [1790835908.608582718] [controller_server]: Received a goal, begin computing control effort.
[controller_server-9] [INFO] [1790835909.544477510] [controller_server]: Reached the goal!
[controller_server-9] [INFO] [1790835909.545105823] [controller_server]: Optimizer reset
[bt_navigator-14] [INFO] [1790835909.568232914] [bt_navigator]: Goal succeeded
[INFO] [1790835909.571512241] [mapex_explorer]: Recovery subgoal reached; retrying the same main frontier.
[bt_navigator-14] [INFO] [1790835909.572210487] [bt_navigator]: Begin navigating from current location (13.49, 7.34) to (11.58, 7.90)
[INFO] [1790835909.580638449] [mapex_explorer]: Main goal accepted
[planner_server-11] [WARN] [1790835909.581516922] [planner_server]: GridBased plugin failed to plan from (13.49, 7.34) to (11.58, 7.90): "Failed to create plan with tolerance of: 0.000000"
[planner_server-11] [WARN] [1790835909.581653723] [planner_server]: [compute_path_to_pose] [ActionServer] Aborting handle.
[behavior_server-13] [INFO] [1790835909.592898833] [behavior_server]: Running wait
[behavior_server-13] [INFO] [1790835909.893054150] [behavior_server]: wait completed successfully
[planner_server-11] [WARN] [1790835909.920178494] [planner_server]: GridBased plugin failed to plan from (13.44, 7.33) to (11.58, 7.90): "Failed to create plan with tolerance of: 0.000000"
[planner_server-11] [WARN] [1790835909.920270388] [planner_server]: [compute_path_to_pose] [ActionServer] Aborting handle.
[bt_navigator-14] [WARN] [1790835909.942354465] [bt_navigator]: [navigate_to_pose] [ActionServer] Aborting handle.
[bt_navigator-14] [ERROR] [1790835909.942521198] [bt_navigator]: Goal failed
[INFO] [1790835909.992231083] [mapex_explorer]: Retrying MapEx main frontier after recovery: x=11.58, y=7.90
[bt_navigator-14] [INFO] [1790835909.992904439] [bt_navigator]: Begin navigating from current location (13.44, 7.34) to (11.58, 7.90)
[WARN] [1790835909.997856199] [mapex_explorer]: Main goal failed (status=6, error_code=208)
[planner_server-11] [WARN] [1790835910.003060631] [planner_server]: GridBased plugin failed to plan from (13.44, 7.34) to (11.58, 7.90): "Failed to create plan with tolerance of: 0.000000"
[planner_server-11] [WARN] [1790835910.003174415] [planner_server]: [compute_path_to_pose] [ActionServer] Aborting handle.
[behavior_server-13] [INFO] [1790835910.013719014] [behavior_server]: Running wait
[INFO] [1790835910.017394607] [mapex_explorer]: Main goal accepted
[WARN] [1790835910.017590020] [mapex_explorer]: Main frontier abandoned after NO_VALID_PATH (208): x=11.58, y=7.90; candidates within 0.10 m are skipped during normal selection but will be checked again by terminal planner revalidation.
[behavior_server-13] [INFO] [1790835910.313999763] [behavior_server]: wait completed successfully
[planner_server-11] [WARN] [1790835910.339068956] [planner_server]: GridBased plugin failed to plan from (13.44, 7.34) to (11.58, 7.90): "Failed to create plan with tolerance of: 0.000000"
[planner_server-11] [WARN] [1790835910.339149080] [planner_server]: [compute_path_to_pose] [ActionServer] Aborting handle.
[bt_navigator-14] [WARN] [1790835910.363038261] [bt_navigator]: [navigate_to_pose] [ActionServer] Aborting handle.
[bt_navigator-14] [ERROR] [1790835910.363154528] [bt_navigator]: Goal failed
[WARN] [1790835910.364947959] [mapex_explorer]: Main goal failed (status=6, error_code=208)
[INFO] [1790835916.636871054] [mapex_explorer]: MapEx decision 44: selected x=18.08, y=3.00, IG=0.651481, distance=6.35 m, score=0.102568, region=24, candidates=2, near_fallback=False, compute=5.56 s
[bt_navigator-14] [INFO] [1790835916.638093932] [bt_navigator]: Begin navigating from current location (13.44, 7.34) to (18.08, 3.00)
[controller_server-9] [INFO] [1790835916.658751686] [controller_server]: Received a goal, begin computing control effort.
[INFO] [1790835916.782657092] [mapex_explorer]: Main goal accepted
[INFO] [1790835916.815727456] [mapex_explorer]: Main /plan diagnostic: poses=548, endpoint=(18.08, 3.00), frontier=(18.08, 3.00), endpoint_to_frontier=0.000 m, limit=0.10 m -> usable
[controller_server-9] [WARN] [1790835917.562708493] [controller_server]: Control loop missed its desired rate of 15.0000 Hz. Current loop rate is 9.7087 Hz.
[controller_server-9] [INFO] [1790835917.696149449] [controller_server]: Passing new path to controller.
[INFO] [1790835917.743996425] [mapex_explorer]: Main /plan diagnostic: poses=542, endpoint=(18.08, 3.00), frontier=(18.08, 3.00), endpoint_to_frontier=0.000 m, limit=0.10 m -> usable
[INFO] [1790835918.753965032] [mapex_explorer]: Main /plan diagnostic: poses=536, endpoint=(18.08, 3.00), frontier=(18.08, 3.00), endpoint_to_frontier=0.000 m, limit=0.10 m -> usable
[controller_server-9] [INFO] [1790835918.762825897] [controller_server]: Passing new path to controller.
[INFO] [1790835919.752890432] [mapex_explorer]: Main /plan diagnostic: poses=528, endpoint=(18.08, 3.00), frontier=(18.08, 3.00), endpoint_to_frontier=0.000 m, limit=0.10 m -> usable
[controller_server-9] [INFO] [1790835919.762819865] [controller_server]: Passing new path to controller.
[controller_server-9] [INFO] [1790835920.762819540] [controller_server]: Passing new path to controller.
[INFO] [1790835920.777887522] [mapex_explorer]: Main /plan diagnostic: poses=522, endpoint=(18.08, 3.00), frontier=(18.08, 3.00), endpoint_to_frontier=0.000 m, limit=0.10 m -> usable
[controller_server-9] [ERROR] [1790835921.531641191] [controller_server]: Exception in transformPose: Lookup would require extrapolation into the future.  Requested time 1943.720000 but the latest data is at time 1943.700000, when looking up transform from frame [map] to frame [odom]
[controller_server-9] [ERROR] [1790835921.531780059] [controller_server]: Unable to transform goal pose into costmap frame
[controller_server-9] [INFO] [1790835921.532164989] [controller_server]: Optimizer reset
[controller_server-9] [WARN] [1790835921.532193808] [controller_server]: [follow_path] [ActionServer] Aborting handle.
[behavior_server-13] [INFO] [1790835921.548583255] [behavior_server]: Running wait
[behavior_server-13] [INFO] [1790835921.848800194] [behavior_server]: wait completed successfully
[controller_server-9] [INFO] [1790835921.888767538] [controller_server]: Received a goal, begin computing control effort.
[INFO] [1790835921.890322179] [mapex_explorer]: Main /plan diagnostic: poses=514, endpoint=(18.08, 3.00), frontier=(18.08, 3.00), endpoint_to_frontier=0.000 m, limit=0.10 m -> usable
[INFO] [1790835922.943866586] [mapex_explorer]: Main /plan diagnostic: poses=510, endpoint=(18.08, 3.00), frontier=(18.08, 3.00), endpoint_to_frontier=0.000 m, limit=0.10 m -> usable
[controller_server-9] [INFO] [1790835922.955608329] [controller_server]: Passing new path to controller.
[INFO] [1790835923.955825937] [mapex_explorer]: Main /plan diagnostic: poses=502, endpoint=(18.08, 3.00), frontier=(18.08, 3.00), endpoint_to_frontier=0.000 m, limit=0.10 m -> usable
[controller_server-9] [INFO] [1790835923.955630679] [controller_server]: Passing new path to controller.
[INFO] [1790835924.992435171] [mapex_explorer]: Main /plan diagnostic: poses=496, endpoint=(18.08, 3.00), frontier=(18.08, 3.00), endpoint_to_frontier=0.000 m, limit=0.10 m -> usable
[controller_server-9] [INFO] [1790835925.022246291] [controller_server]: Passing new path to controller.
[INFO] [1790835926.006073863] [mapex_explorer]: Main /plan diagnostic: poses=488, endpoint=(18.08, 3.00), frontier=(18.08, 3.00), endpoint_to_frontier=0.000 m, limit=0.10 m -> usable
[controller_server-9] [INFO] [1790835926.022261516] [controller_server]: Passing new path to controller.
[controller_server-9] [ERROR] [1790835926.600063578] [controller_server]: Exception in transformPose: Lookup would require extrapolation into the future.  Requested time 1948.660000 but the latest data is at time 1948.600000, when looking up transform from frame [map] to frame [odom]
[controller_server-9] [ERROR] [1790835926.600152266] [controller_server]: Unable to transform goal pose into costmap frame
[controller_server-9] [INFO] [1790835926.600609558] [controller_server]: Optimizer reset
[controller_server-9] [WARN] [1790835926.600641746] [controller_server]: [follow_path] [ActionServer] Aborting handle.
[bt_navigator-14] [WARN] [1790835926.628476128] [bt_navigator]: [navigate_to_pose] [ActionServer] Aborting handle.
[bt_navigator-14] [ERROR] [1790835926.628646912] [bt_navigator]: Goal failed
[WARN] [1790835926.631861484] [mapex_explorer]: Main goal failed (status=6, error_code=102)
[WARN] [1790835926.632870422] [mapex_explorer]: Path-guided recovery #1: temporary subgoal x=17.36, y=7.35, 0.75 m ahead on main path (remaining main path=24.22 m, trigger_error=102)
[bt_navigator-14] [INFO] [1790835926.633762538] [bt_navigator]: Begin navigating from current location (16.61, 7.36) to (17.36, 7.35)
[INFO] [1790835926.646085553] [mapex_explorer]: Subgoal goal accepted
[controller_server-9] [INFO] [1790835926.654366740] [controller_server]: Received a goal, begin computing control effort.
[controller_server-9] [INFO] [1790835927.721189260] [controller_server]: Passing new path to controller.
[controller_server-9] [INFO] [1790835927.989811466] [controller_server]: Reached the goal!
[controller_server-9] [INFO] [1790835927.989960872] [controller_server]: Optimizer reset
[bt_navigator-14] [INFO] [1790835928.013974155] [bt_navigator]: Goal succeeded
[INFO] [1790835928.015533590] [mapex_explorer]: Recovery subgoal reached; retrying the same main frontier.
[bt_navigator-14] [INFO] [1790835928.016486024] [bt_navigator]: Begin navigating from current location (16.98, 7.35) to (18.08, 3.00)
[controller_server-9] [INFO] [1790835928.037236526] [controller_server]: Received a goal, begin computing control effort.
[INFO] [1790835928.088293169] [mapex_explorer]: Main goal accepted
[INFO] [1790835928.089099632] [mapex_explorer]: Main /plan diagnostic: poses=478, endpoint=(18.08, 3.00), frontier=(18.08, 3.00), endpoint_to_frontier=0.000 m, limit=0.10 m -> usable
[controller_server-9] [INFO] [1790835929.104057626] [controller_server]: Passing new path to controller.
[INFO] [1790835929.114720716] [mapex_explorer]: Main /plan diagnostic: poses=470, endpoint=(18.08, 3.00), frontier=(18.08, 3.00), endpoint_to_frontier=0.000 m, limit=0.10 m -> usable
[INFO] [1790835930.091716846] [mapex_explorer]: Main /plan diagnostic: poses=464, endpoint=(18.08, 3.00), frontier=(18.08, 3.00), endpoint_to_frontier=0.000 m, limit=0.10 m -> usable
[controller_server-9] [INFO] [1790835930.104054481] [controller_server]: Passing new path to controller.
[controller_server-9] [WARN] [1790835930.684588121] [controller_server]: Control loop missed its desired rate of 15.0000 Hz. Current loop rate is 9.0090 Hz.
[controller_server-9] [INFO] [1790835931.151394364] [controller_server]: Passing new path to controller.
[INFO] [1790835931.153913990] [mapex_explorer]: Main /plan diagnostic: poses=456, endpoint=(18.08, 3.00), frontier=(18.08, 3.00), endpoint_to_frontier=0.000 m, limit=0.10 m -> usable
[controller_server-9] [WARN] [1790835931.587193494] [controller_server]: Control loop missed its desired rate of 15.0000 Hz. Current loop rate is 9.9010 Hz.
[INFO] [1790835932.150979251] [mapex_explorer]: Main /plan diagnostic: poses=450, endpoint=(18.08, 3.00), frontier=(18.08, 3.00), endpoint_to_frontier=0.000 m, limit=0.10 m -> usable
[controller_server-9] [INFO] [1790835932.187288501] [controller_server]: Passing new path to controller.
[INFO] [1790835933.175450270] [mapex_explorer]: Main /plan diagnostic: poses=442, endpoint=(18.08, 3.00), frontier=(18.08, 3.00), endpoint_to_frontier=0.000 m, limit=0.10 m -> usable
[controller_server-9] [INFO] [1790835933.187346012] [controller_server]: Passing new path to controller.
[INFO] [1790835934.210833808] [mapex_explorer]: Main /plan diagnostic: poses=436, endpoint=(18.08, 3.00), frontier=(18.08, 3.00), endpoint_to_frontier=0.000 m, limit=0.10 m -> usable
[controller_server-9] [INFO] [1790835934.253969139] [controller_server]: Passing new path to controller.
[controller_server-9] [WARN] [1790835934.603635538] [controller_server]: Control loop missed its desired rate of 15.0000 Hz. Current loop rate is 12.0482 Hz.
[INFO] [1790835935.268365169] [mapex_explorer]: Main /plan diagnostic: poses=428, endpoint=(18.08, 3.00), frontier=(18.08, 3.00), endpoint_to_frontier=0.000 m, limit=0.10 m -> usable
[controller_server-9] [INFO] [1790835935.270416360] [controller_server]: Passing new path to controller.
[controller_server-9] [ERROR] [1790835935.581429421] [controller_server]: Exception in transformPose: Lookup would require extrapolation into the future.  Requested time 1957.440000 but the latest data is at time 1957.400000, when looking up transform from frame [map] to frame [odom]
[controller_server-9] [ERROR] [1790835935.581529465] [controller_server]: Unable to transform goal pose into costmap frame
[controller_server-9] [INFO] [1790835935.581883532] [controller_server]: Optimizer reset
[controller_server-9] [WARN] [1790835935.581901993] [controller_server]: [follow_path] [ActionServer] Aborting handle.
[behavior_server-13] [INFO] [1790835935.597003902] [behavior_server]: Running wait
[behavior_server-13] [INFO] [1790835935.897208492] [behavior_server]: wait completed successfully
[controller_server-9] [INFO] [1790835935.937643101] [controller_server]: Received a goal, begin computing control effort.
[INFO] [1790835935.982464456] [mapex_explorer]: Main /plan diagnostic: poses=424, endpoint=(18.08, 3.00), frontier=(18.08, 3.00), endpoint_to_frontier=0.000 m, limit=0.10 m -> usable
[INFO] [1790835936.963240539] [mapex_explorer]: Main /plan diagnostic: poses=418, endpoint=(18.08, 3.00), frontier=(18.08, 3.00), endpoint_to_frontier=0.000 m, limit=0.10 m -> usable
[controller_server-9] [INFO] [1790835937.004501096] [controller_server]: Passing new path to controller.
[controller_server-9] [INFO] [1790835938.004732836] [controller_server]: Passing new path to controller.
[INFO] [1790835938.028376996] [mapex_explorer]: Main /plan diagnostic: poses=412, endpoint=(18.08, 3.00), frontier=(18.08, 3.00), endpoint_to_frontier=0.000 m, limit=0.10 m -> usable
[async_slam_toolbox_node-8] W20261001 13:25:38.065232 30090 preprocessor.cc:67] Specified options.num_threads: 50 exceeds maximum available from the threading model Ceres was compiled with: 16.  Bounding to maximum number available.
[async_slam_toolbox_node-8] [INFO] [1790835938.105399091] [slam_toolbox]: Adaptive anchor summary: latest_node=4805, local_edges=4915, loop_history=0, avg_effective_weight=1.059, release_regions=0
[controller_server-9] [WARN] [1790835938.611277028] [controller_server]: Control loop missed its desired rate of 15.0000 Hz. Current loop rate is 13.6986 Hz.
[controller_server-9] [INFO] [1790835938.728153390] [local_costmap.local_costmap]: StaticLayer: Resizing static layer to 561 X 252 at 0.100000 m/pix
[INFO] [1790835939.029211438] [mapex_explorer]: Main /plan diagnostic: poses=406, endpoint=(18.08, 3.00), frontier=(18.08, 3.00), endpoint_to_frontier=0.000 m, limit=0.10 m -> usable
[controller_server-9] [INFO] [1790835939.078051398] [controller_server]: Passing new path to controller.
[planner_server-11] [INFO] [1790835939.189096625] [global_costmap.global_costmap]: StaticLayer: Resizing costmap to 561 X 252 at 0.100000 m/pix
[controller_server-9] [WARN] [1790835939.570818034] [controller_server]: Control loop missed its desired rate of 15.0000 Hz. Current loop rate is 10.8696 Hz.
[INFO] [1790835940.096065378] [mapex_explorer]: Main /plan diagnostic: poses=397, endpoint=(18.08, 3.00), frontier=(18.08, 3.00), endpoint_to_frontier=0.000 m, limit=0.10 m -> usable
[controller_server-9] [INFO] [1790835940.104255050] [controller_server]: Passing new path to controller.
[controller_server-9] [INFO] [1790835941.104268531] [controller_server]: Passing new path to controller.
[INFO] [1790835941.112944120] [mapex_explorer]: Main /plan diagnostic: poses=397, endpoint=(18.08, 3.00), frontier=(18.08, 3.00), endpoint_to_frontier=0.000 m, limit=0.10 m -> usable
[INFO] [1790835942.130958310] [mapex_explorer]: Main /plan diagnostic: poses=395, endpoint=(18.08, 3.00), frontier=(18.08, 3.00), endpoint_to_frontier=0.000 m, limit=0.10 m -> usable
[controller_server-9] [INFO] [1790835942.170918240] [controller_server]: Passing new path to controller.
[INFO] [1790835943.167301638] [mapex_explorer]: Main /plan diagnostic: poses=397, endpoint=(18.08, 3.00), frontier=(18.08, 3.00), endpoint_to_frontier=0.000 m, limit=0.10 m -> usable
[controller_server-9] [INFO] [1790835943.170922573] [controller_server]: Passing new path to controller.
[INFO] [1790835944.151548302] [mapex_explorer]: Main /plan diagnostic: poses=391, endpoint=(18.08, 3.00), frontier=(18.08, 3.00), endpoint_to_frontier=0.000 m, limit=0.10 m -> usable
[controller_server-9] [INFO] [1790835944.170952979] [controller_server]: Passing new path to controller.
[INFO] [1790835945.181943703] [mapex_explorer]: Main /plan diagnostic: poses=378, endpoint=(18.08, 3.00), frontier=(18.08, 3.00), endpoint_to_frontier=0.000 m, limit=0.10 m -> usable
[controller_server-9] [INFO] [1790835945.240475878] [controller_server]: Passing new path to controller.
[async_slam_toolbox_node-8] W20261001 13:25:45.719851 30090 preprocessor.cc:67] Specified options.num_threads: 50 exceeds maximum available from the threading model Ceres was compiled with: 16.  Bounding to maximum number available.
[INFO] [1790835946.234733264] [mapex_explorer]: Main /plan diagnostic: poses=369, endpoint=(18.08, 3.00), frontier=(18.08, 3.00), endpoint_to_frontier=0.000 m, limit=0.10 m -> usable
[controller_server-9] [INFO] [1790835946.237590800] [controller_server]: Passing new path to controller.
[INFO] [1790835947.221880496] [mapex_explorer]: Main /plan diagnostic: poses=359, endpoint=(18.08, 3.00), frontier=(18.08, 3.00), endpoint_to_frontier=0.000 m, limit=0.10 m -> usable
[controller_server-9] [INFO] [1790835947.237584011] [controller_server]: Passing new path to controller.
[controller_server-9] [ERROR] [1790835947.538517037] [controller_server]: Exception in transformPose: Lookup would require extrapolation into the future.  Requested time 1969.060000 but the latest data is at time 1969.000000, when looking up transform from frame [map] to frame [odom]
[controller_server-9] [ERROR] [1790835947.538581681] [controller_server]: Unable to transform goal pose into costmap frame
[controller_server-9] [INFO] [1790835947.538766912] [controller_server]: Optimizer reset
[controller_server-9] [WARN] [1790835947.538781586] [controller_server]: [follow_path] [ActionServer] Aborting handle.
[bt_navigator-14] [WARN] [1790835947.566637306] [bt_navigator]: [navigate_to_pose] [ActionServer] Aborting handle.
[bt_navigator-14] [ERROR] [1790835947.566761234] [bt_navigator]: Goal failed
[WARN] [1790835947.568886926] [mapex_explorer]: Main goal failed (status=6, error_code=102)
[WARN] [1790835947.569634538] [mapex_explorer]: Path-guided recovery #2: temporary subgoal x=19.37, y=5.75, 0.70 m ahead on main path (remaining main path=17.96 m, trigger_error=102)
[bt_navigator-14] [INFO] [1790835947.570322529] [bt_navigator]: Begin navigating from current location (20.08, 5.75) to (19.37, 5.75)
[INFO] [1790835947.573595660] [mapex_explorer]: Subgoal goal accepted
[controller_server-9] [INFO] [1790835947.591142557] [controller_server]: Received a goal, begin computing control effort.
[controller_server-9] [INFO] [1790835948.325993656] [controller_server]: Reached the goal!
[controller_server-9] [INFO] [1790835948.326090875] [controller_server]: Optimizer reset
[bt_navigator-14] [INFO] [1790835948.350576409] [bt_navigator]: Goal succeeded
[INFO] [1790835948.352748036] [mapex_explorer]: Recovery subgoal reached; retrying the same main frontier.
[bt_navigator-14] [INFO] [1790835948.353591799] [bt_navigator]: Begin navigating from current location (19.76, 5.74) to (18.08, 3.00)
[INFO] [1790835948.363325640] [mapex_explorer]: Main goal accepted
[controller_server-9] [INFO] [1790835948.374143137] [controller_server]: Received a goal, begin computing control effort.
[INFO] [1790835948.396044390] [mapex_explorer]: Main /plan diagnostic: poses=351, endpoint=(18.08, 3.00), frontier=(18.08, 3.00), endpoint_to_frontier=0.000 m, limit=0.10 m -> usable
[INFO] [1790835949.426318245] [mapex_explorer]: Main /plan diagnostic: poses=345, endpoint=(18.08, 3.00), frontier=(18.08, 3.00), endpoint_to_frontier=0.000 m, limit=0.10 m -> usable
[controller_server-9] [INFO] [1790835949.440962018] [controller_server]: Passing new path to controller.
[INFO] [1790835950.425419423] [mapex_explorer]: Main /plan diagnostic: poses=335, endpoint=(18.08, 3.00), frontier=(18.08, 3.00), endpoint_to_frontier=0.000 m, limit=0.10 m -> usable
[controller_server-9] [INFO] [1790835950.440934822] [controller_server]: Passing new path to controller.
[async_slam_toolbox_node-8] W20261001 13:25:50.818747 30090 preprocessor.cc:67] Specified options.num_threads: 50 exceeds maximum available from the threading model Ceres was compiled with: 16.  Bounding to maximum number available.
[INFO] [1790835951.472660862] [mapex_explorer]: Main /plan diagnostic: poses=325, endpoint=(18.08, 3.00), frontier=(18.08, 3.00), endpoint_to_frontier=0.000 m, limit=0.10 m -> usable
[controller_server-9] [INFO] [1790835951.507628335] [controller_server]: Passing new path to controller.
[controller_server-9] [INFO] [1790835951.728096378] [local_costmap.local_costmap]: StaticLayer: Resizing static layer to 561 X 252 at 0.100000 m/pix
[planner_server-11] [INFO] [1790835952.189248600] [global_costmap.global_costmap]: StaticLayer: Resizing costmap to 561 X 252 at 0.100000 m/pix
[INFO] [1790835952.506519702] [mapex_explorer]: Main /plan diagnostic: poses=315, endpoint=(18.08, 3.00), frontier=(18.08, 3.00), endpoint_to_frontier=0.000 m, limit=0.10 m -> usable
[controller_server-9] [ERROR] [1790835952.541939805] [controller_server]: Exception in transformPose: Lookup would require extrapolation into the future.  Requested time 1973.960000 but the latest data is at time 1973.900000, when looking up transform from frame [map] to frame [odom]
[controller_server-9] [ERROR] [1790835952.542028869] [controller_server]: Unable to transform goal pose into costmap frame
[controller_server-9] [INFO] [1790835952.542274946] [controller_server]: Optimizer reset
[controller_server-9] [WARN] [1790835952.542292948] [controller_server]: [follow_path] [ActionServer] Aborting handle.
[controller_server-9] [INFO] [1790835952.542369367] [controller_server]: Received a goal, begin computing control effort.
[INFO] [1790835953.515226483] [mapex_explorer]: Main /plan diagnostic: poses=306, endpoint=(18.08, 3.00), frontier=(18.08, 3.00), endpoint_to_frontier=0.000 m, limit=0.10 m -> usable
[controller_server-9] [INFO] [1790835953.542492656] [controller_server]: Passing new path to controller.
[INFO] [1790835954.564368438] [mapex_explorer]: Main /plan diagnostic: poses=296, endpoint=(18.08, 3.00), frontier=(18.08, 3.00), endpoint_to_frontier=0.000 m, limit=0.10 m -> usable
[controller_server-9] [INFO] [1790835954.609317844] [controller_server]: Passing new path to controller.
[INFO] [1790835955.583023190] [mapex_explorer]: Main /plan diagnostic: poses=286, endpoint=(18.08, 3.00), frontier=(18.08, 3.00), endpoint_to_frontier=0.000 m, limit=0.10 m -> usable
[controller_server-9] [INFO] [1790835955.609159356] [controller_server]: Passing new path to controller.
[controller_server-9] [ERROR] [1790835956.510059731] [controller_server]: Exception in transformPose: Lookup would require extrapolation into the future.  Requested time 1977.820000 but the latest data is at time 1977.800000, when looking up transform from frame [map] to frame [odom]
[controller_server-9] [ERROR] [1790835956.510132271] [controller_server]: Unable to transform goal pose into costmap frame
[controller_server-9] [INFO] [1790835956.510417137] [controller_server]: Optimizer reset
[controller_server-9] [WARN] [1790835956.510437194] [controller_server]: [follow_path] [ActionServer] Aborting handle.
[behavior_server-13] [INFO] [1790835956.524188112] [behavior_server]: Running wait
[behavior_server-13] [INFO] [1790835956.824464642] [behavior_server]: wait completed successfully
[controller_server-9] [INFO] [1790835956.864146218] [controller_server]: Received a goal, begin computing control effort.
[INFO] [1790835956.903752395] [mapex_explorer]: Main /plan diagnostic: poses=274, endpoint=(18.08, 3.00), frontier=(18.08, 3.00), endpoint_to_frontier=0.000 m, limit=0.10 m -> usable
[INFO] [1790835957.898979152] [mapex_explorer]: Main /plan diagnostic: poses=265, endpoint=(18.08, 3.00), frontier=(18.08, 3.00), endpoint_to_frontier=0.000 m, limit=0.10 m -> usable
[controller_server-9] [INFO] [1790835957.930974055] [controller_server]: Passing new path to controller.
[INFO] [1790835958.910788582] [mapex_explorer]: Main /plan diagnostic: poses=255, endpoint=(18.08, 3.00), frontier=(18.08, 3.00), endpoint_to_frontier=0.000 m, limit=0.10 m -> usable
[controller_server-9] [INFO] [1790835958.930954462] [controller_server]: Passing new path to controller.
[INFO] [1790835959.954751459] [mapex_explorer]: Main /plan diagnostic: poses=245, endpoint=(18.08, 3.00), frontier=(18.08, 3.00), endpoint_to_frontier=0.000 m, limit=0.10 m -> usable
[controller_server-9] [INFO] [1790835959.997611460] [controller_server]: Passing new path to controller.
[controller_server-9] [ERROR] [1790835960.498740242] [controller_server]: Exception in transformPose: Lookup would require extrapolation into the future.  Requested time 1981.720000 but the latest data is at time 1981.700000, when looking up transform from frame [map] to frame [odom]
[controller_server-9] [ERROR] [1790835960.498921912] [controller_server]: Unable to transform goal pose into costmap frame
[controller_server-9] [INFO] [1790835960.499735431] [controller_server]: Optimizer reset
[controller_server-9] [WARN] [1790835960.499783163] [controller_server]: [follow_path] [ActionServer] Aborting handle.
[bt_navigator-14] [WARN] [1790835960.523759333] [bt_navigator]: [navigate_to_pose] [ActionServer] Aborting handle.
[bt_navigator-14] [ERROR] [1790835960.523861898] [bt_navigator]: Goal failed
[WARN] [1790835960.526360070] [mapex_explorer]: Main goal failed (status=6, error_code=102)
[WARN] [1790835960.527002577] [mapex_explorer]: Path-guided recovery #3: temporary subgoal x=13.57, y=4.98, 0.70 m ahead on main path (remaining main path=12.11 m, trigger_error=102)
[bt_navigator-14] [INFO] [1790835960.527769434] [bt_navigator]: Begin navigating from current location (14.25, 5.18) to (13.57, 4.98)
[INFO] [1790835960.531208582] [mapex_explorer]: Subgoal goal accepted
[controller_server-9] [INFO] [1790835960.548503922] [controller_server]: Received a goal, begin computing control effort.
[controller_server-9] [INFO] [1790835961.350068947] [controller_server]: Reached the goal!
[controller_server-9] [INFO] [1790835961.350255628] [controller_server]: Optimizer reset
[bt_navigator-14] [INFO] [1790835961.377973401] [bt_navigator]: Goal succeeded
[INFO] [1790835961.394938829] [mapex_explorer]: Recovery subgoal reached; retrying the same main frontier.
[bt_navigator-14] [INFO] [1790835961.396424236] [bt_navigator]: Begin navigating from current location (13.94, 5.09) to (18.08, 3.00)
[controller_server-9] [INFO] [1790835961.418703909] [controller_server]: Received a goal, begin computing control effort.
[INFO] [1790835961.429026389] [mapex_explorer]: Main goal accepted
[INFO] [1790835961.429566058] [mapex_explorer]: Main /plan diagnostic: poses=235, endpoint=(18.08, 3.00), frontier=(18.08, 3.00), endpoint_to_frontier=0.000 m, limit=0.10 m -> usable
[INFO] [1790835962.437150300] [mapex_explorer]: Main /plan diagnostic: poses=228, endpoint=(18.08, 3.00), frontier=(18.08, 3.00), endpoint_to_frontier=0.000 m, limit=0.10 m -> usable
[controller_server-9] [INFO] [1790835962.485637356] [controller_server]: Passing new path to controller.
[controller_server-9] [INFO] [1790835963.485638829] [controller_server]: Passing new path to controller.
[INFO] [1790835963.486654177] [mapex_explorer]: Main /plan diagnostic: poses=218, endpoint=(18.08, 3.00), frontier=(18.08, 3.00), endpoint_to_frontier=0.000 m, limit=0.10 m -> usable
[INFO] [1790835964.492472428] [mapex_explorer]: Main /plan diagnostic: poses=209, endpoint=(18.08, 3.00), frontier=(18.08, 3.00), endpoint_to_frontier=0.000 m, limit=0.10 m -> usable
[controller_server-9] [ERROR] [1790835964.530109911] [controller_server]: Exception in transformPose: Lookup would require extrapolation into the future.  Requested time 1985.620000 but the latest data is at time 1985.600000, when looking up transform from frame [map] to frame [odom]
[controller_server-9] [ERROR] [1790835964.530175403] [controller_server]: Unable to transform goal pose into costmap frame
[controller_server-9] [INFO] [1790835964.530395773] [controller_server]: Optimizer reset
[controller_server-9] [WARN] [1790835964.530410122] [controller_server]: [follow_path] [ActionServer] Aborting handle.
[controller_server-9] [INFO] [1790835964.530456921] [controller_server]: Received a goal, begin computing control effort.
[controller_server-9] [WARN] [1790835964.623456003] [controller_server]: Control loop missed its desired rate of 15.0000 Hz. Current loop rate is 10.9890 Hz.
[INFO] [1790835965.553339895] [mapex_explorer]: Main /plan diagnostic: poses=198, endpoint=(18.08, 3.00), frontier=(18.08, 3.00), endpoint_to_frontier=0.000 m, limit=0.10 m -> usable
[controller_server-9] [INFO] [1790835965.556919410] [controller_server]: Passing new path to controller.
[controller_server-9] [WARN] [1790835965.649948837] [controller_server]: Control loop missed its desired rate of 15.0000 Hz. Current loop rate is 10.9890 Hz.
[async_slam_toolbox_node-8] W20261001 13:26:05.802639 30090 preprocessor.cc:67] Specified options.num_threads: 50 exceeds maximum available from the threading model Ceres was compiled with: 16.  Bounding to maximum number available.
[async_slam_toolbox_node-8] [INFO] [1790835965.830203579] [slam_toolbox]: Adaptive anchor summary: latest_node=4871, local_edges=4981, loop_history=0, avg_effective_weight=1.058, release_regions=0
[INFO] [1790835966.560786952] [mapex_explorer]: Main /plan diagnostic: poses=189, endpoint=(18.08, 3.00), frontier=(18.08, 3.00), endpoint_to_frontier=0.000 m, limit=0.10 m -> usable
[controller_server-9] [INFO] [1790835966.583384097] [controller_server]: Passing new path to controller.
[controller_server-9] [INFO] [1790835966.728091773] [local_costmap.local_costmap]: StaticLayer: Resizing static layer to 561 X 252 at 0.100000 m/pix
[async_slam_toolbox_node-8] W20261001 13:26:06.836360 30090 preprocessor.cc:67] Specified options.num_threads: 50 exceeds maximum available from the threading model Ceres was compiled with: 16.  Bounding to maximum number available.
[planner_server-11] [INFO] [1790835967.189091064] [global_costmap.global_costmap]: StaticLayer: Resizing costmap to 561 X 252 at 0.100000 m/pix
[INFO] [1790835967.588971197] [mapex_explorer]: Main /plan diagnostic: poses=180, endpoint=(18.08, 3.00), frontier=(18.08, 3.00), endpoint_to_frontier=0.000 m, limit=0.10 m -> usable
[controller_server-9] [INFO] [1790835967.650047990] [controller_server]: Passing new path to controller.
[controller_server-9] [INFO] [1790835967.728167278] [local_costmap.local_costmap]: StaticLayer: Resizing static layer to 561 X 251 at 0.100000 m/pix
[planner_server-11] [INFO] [1790835968.189097191] [global_costmap.global_costmap]: StaticLayer: Resizing costmap to 561 X 251 at 0.100000 m/pix
[controller_server-9] [ERROR] [1790835968.561544013] [controller_server]: Exception in transformPose: Lookup would require extrapolation into the future.  Requested time 1989.540000 but the latest data is at time 1989.500000, when looking up transform from frame [map] to frame [odom]
[controller_server-9] [ERROR] [1790835968.561600795] [controller_server]: Unable to transform goal pose into costmap frame
[controller_server-9] [INFO] [1790835968.561790311] [controller_server]: Optimizer reset
[controller_server-9] [WARN] [1790835968.561807249] [controller_server]: [follow_path] [ActionServer] Aborting handle.
[behavior_server-13] [INFO] [1790835968.576926953] [behavior_server]: Running wait
[behavior_server-13] [INFO] [1790835968.877066890] [behavior_server]: wait completed successfully
[controller_server-9] [INFO] [1790835968.917018509] [controller_server]: Received a goal, begin computing control effort.
[INFO] [1790835968.931832348] [mapex_explorer]: Main /plan diagnostic: poses=166, endpoint=(18.08, 3.00), frontier=(18.08, 3.00), endpoint_to_frontier=0.000 m, limit=0.10 m -> usable
[INFO] [1790835969.976607648] [mapex_explorer]: Main /plan diagnostic: poses=161, endpoint=(18.08, 3.00), frontier=(18.08, 3.00), endpoint_to_frontier=0.000 m, limit=0.10 m -> usable
[controller_server-9] [INFO] [1790835969.983824788] [controller_server]: Passing new path to controller.
[controller_server-9] [ERROR] [1790835970.484662591] [controller_server]: Exception in transformPose: Lookup would require extrapolation into the future.  Requested time 1991.420000 but the latest data is at time 1991.400000, when looking up transform from frame [map] to frame [odom]
[controller_server-9] [ERROR] [1790835970.484731533] [controller_server]: Unable to transform goal pose into costmap frame
[controller_server-9] [INFO] [1790835970.484908848] [controller_server]: Optimizer reset
[controller_server-9] [WARN] [1790835970.484921976] [controller_server]: [follow_path] [ActionServer] Aborting handle.
[bt_navigator-14] [WARN] [1790835970.506568183] [bt_navigator]: [navigate_to_pose] [ActionServer] Aborting handle.
[bt_navigator-14] [ERROR] [1790835970.506684087] [bt_navigator]: Goal failed
[WARN] [1790835970.508623595] [mapex_explorer]: Main goal failed (status=6, error_code=102)
[WARN] [1790835970.509283405] [mapex_explorer]: Path-guided recovery #4: temporary subgoal x=12.03, y=2.81, 0.70 m ahead on main path (remaining main path=7.96 m, trigger_error=102)
[bt_navigator-14] [INFO] [1790835970.510056700] [bt_navigator]: Begin navigating from current location (11.43, 2.94) to (12.03, 2.81)
[INFO] [1790835970.514693393] [mapex_explorer]: Subgoal goal accepted
[controller_server-9] [INFO] [1790835970.530478183] [controller_server]: Received a goal, begin computing control effort.
[controller_server-9] [INFO] [1790835971.201798542] [controller_server]: Reached the goal!
[controller_server-9] [INFO] [1790835971.202383269] [controller_server]: Optimizer reset
[bt_navigator-14] [INFO] [1790835971.230548903] [bt_navigator]: Goal succeeded
[INFO] [1790835971.237349629] [mapex_explorer]: Recovery subgoal reached; retrying the same main frontier.
[bt_navigator-14] [INFO] [1790835971.238772914] [bt_navigator]: Begin navigating from current location (11.65, 2.81) to (18.08, 3.00)
[controller_server-9] [INFO] [1790835971.259517531] [controller_server]: Received a goal, begin computing control effort.
[INFO] [1790835971.318389404] [mapex_explorer]: Main goal accepted
[INFO] [1790835971.320374116] [mapex_explorer]: Main /plan diagnostic: poses=151, endpoint=(18.08, 3.00), frontier=(18.08, 3.00), endpoint_to_frontier=0.000 m, limit=0.10 m -> usable
[controller_server-9] [WARN] [1790835971.608592498] [controller_server]: Control loop missed its desired rate of 15.0000 Hz. Current loop rate is 12.0482 Hz.
[async_slam_toolbox_node-8] W20261001 13:26:11.928756 30090 preprocessor.cc:67] Specified options.num_threads: 50 exceeds maximum available from the threading model Ceres was compiled with: 16.  Bounding to maximum number available.
[INFO] [1790835972.276581156] [mapex_explorer]: Main /plan diagnostic: poses=144, endpoint=(18.08, 3.00), frontier=(18.08, 3.00), endpoint_to_frontier=0.000 m, limit=0.10 m -> usable
[controller_server-9] [INFO] [1790835972.342027717] [controller_server]: Passing new path to controller.
[controller_server-9] [INFO] [1790835972.728100003] [local_costmap.local_costmap]: StaticLayer: Resizing static layer to 561 X 251 at 0.100000 m/pix
[planner_server-11] [INFO] [1790835973.189112151] [global_costmap.global_costmap]: StaticLayer: Resizing costmap to 561 X 251 at 0.100000 m/pix
[INFO] [1790835973.297897304] [mapex_explorer]: Main /plan diagnostic: poses=134, endpoint=(18.08, 3.00), frontier=(18.08, 3.00), endpoint_to_frontier=0.000 m, limit=0.10 m -> usable
[controller_server-9] [INFO] [1790835973.342031113] [controller_server]: Passing new path to controller.
[controller_server-9] [INFO] [1790835974.342028022] [controller_server]: Passing new path to controller.
[INFO] [1790835974.348078130] [mapex_explorer]: Main /plan diagnostic: poses=125, endpoint=(18.08, 3.00), frontier=(18.08, 3.00), endpoint_to_frontier=0.000 m, limit=0.10 m -> usable
[controller_server-9] [ERROR] [1790835974.586357366] [controller_server]: Exception in transformPose: Lookup would require extrapolation into the future.  Requested time 1995.240000 but the latest data is at time 1995.200000, when looking up transform from frame [map] to frame [odom]
[controller_server-9] [ERROR] [1790835974.586452370] [controller_server]: Unable to transform goal pose into costmap frame
[controller_server-9] [INFO] [1790835974.586735667] [controller_server]: Optimizer reset
[controller_server-9] [WARN] [1790835974.586758457] [controller_server]: [follow_path] [ActionServer] Aborting handle.
[behavior_server-13] [INFO] [1790835974.599705091] [behavior_server]: Running wait
[behavior_server-13] [INFO] [1790835974.899919871] [behavior_server]: wait completed successfully
[controller_server-9] [INFO] [1790835974.939321918] [controller_server]: Received a goal, begin computing control effort.
[INFO] [1790835974.944421211] [mapex_explorer]: Main /plan diagnostic: poses=120, endpoint=(18.08, 3.00), frontier=(18.08, 3.00), endpoint_to_frontier=0.000 m, limit=0.10 m -> usable
[INFO] [1790835975.962712723] [mapex_explorer]: Main /plan diagnostic: poses=114, endpoint=(18.08, 3.00), frontier=(18.08, 3.00), endpoint_to_frontier=0.000 m, limit=0.10 m -> usable
[controller_server-9] [INFO] [1790835976.006121660] [controller_server]: Passing new path to controller.
[controller_server-9] [ERROR] [1790835976.583793386] [controller_server]: Exception in transformPose: Lookup would require extrapolation into the future.  Requested time 1997.120000 but the latest data is at time 1997.100000, when looking up transform from frame [map] to frame [odom]
[controller_server-9] [ERROR] [1790835976.583910457] [controller_server]: Unable to transform goal pose into costmap frame
[controller_server-9] [INFO] [1790835976.584257877] [controller_server]: Optimizer reset
[controller_server-9] [WARN] [1790835976.584292139] [controller_server]: [follow_path] [ActionServer] Aborting handle.
[bt_navigator-14] [WARN] [1790835976.608995221] [bt_navigator]: [navigate_to_pose] [ActionServer] Aborting handle.
[bt_navigator-14] [ERROR] [1790835976.609172994] [bt_navigator]: Goal failed
[WARN] [1790835976.617156754] [mapex_explorer]: Main goal failed (status=6, error_code=102)
[WARN] [1790835976.618496165] [mapex_explorer]: Path-guided recovery #5: temporary subgoal x=14.23, y=1.79, 0.70 m ahead on main path (remaining main path=5.36 m, trigger_error=102)
[bt_navigator-14] [INFO] [1790835976.619881058] [bt_navigator]: Begin navigating from current location (13.61, 2.01) to (14.23, 1.79)
[INFO] [1790835976.625332495] [mapex_explorer]: Subgoal goal accepted
[controller_server-9] [INFO] [1790835976.640651767] [controller_server]: Received a goal, begin computing control effort.
[async_slam_toolbox_node-8] W20261001 13:26:16.739611 30090 preprocessor.cc:67] Specified options.num_threads: 50 exceeds maximum available from the threading model Ceres was compiled with: 16.  Bounding to maximum number available.
[controller_server-9] [INFO] [1790835977.707486868] [controller_server]: Passing new path to controller.
[controller_server-9] [INFO] [1790835977.710556775] [controller_server]: Reached the goal!
[controller_server-9] [INFO] [1790835977.711126516] [controller_server]: Optimizer reset
[controller_server-9] [INFO] [1790835977.728163080] [local_costmap.local_costmap]: StaticLayer: Resizing static layer to 561 X 251 at 0.100000 m/pix
[bt_navigator-14] [INFO] [1790835977.750580713] [bt_navigator]: Goal succeeded
[INFO] [1790835977.759469625] [mapex_explorer]: Recovery subgoal reached; retrying the same main frontier.
[bt_navigator-14] [INFO] [1790835977.761304213] [bt_navigator]: Begin navigating from current location (13.86, 1.88) to (18.08, 3.00)
[INFO] [1790835977.775283499] [mapex_explorer]: Main /plan diagnostic: poses=99, endpoint=(18.08, 3.00), frontier=(18.08, 3.00), endpoint_to_frontier=0.000 m, limit=0.10 m -> usable
[INFO] [1790835977.775554679] [mapex_explorer]: Main goal accepted
[controller_server-9] [INFO] [1790835977.782149990] [controller_server]: Received a goal, begin computing control effort.
[planner_server-11] [INFO] [1790835978.189140885] [global_costmap.global_costmap]: StaticLayer: Resizing costmap to 561 X 251 at 0.100000 m/pix
[INFO] [1790835978.799312570] [mapex_explorer]: Main /plan diagnostic: poses=91, endpoint=(18.08, 3.00), frontier=(18.08, 3.00), endpoint_to_frontier=0.000 m, limit=0.10 m -> usable
[controller_server-9] [INFO] [1790835978.848980320] [controller_server]: Passing new path to controller.
[controller_server-9] [ERROR] [1790835979.559972736] [controller_server]: Exception in transformPose: Lookup would require extrapolation into the future.  Requested time 1999.940000 but the latest data is at time 1999.900000, when looking up transform from frame [map] to frame [odom]
[controller_server-9] [ERROR] [1790835979.560069833] [controller_server]: Unable to transform goal pose into costmap frame
[controller_server-9] [INFO] [1790835979.560383187] [controller_server]: Optimizer reset
[controller_server-9] [WARN] [1790835979.560404498] [controller_server]: [follow_path] [ActionServer] Aborting handle.
[behavior_server-13] [INFO] [1790835979.571963234] [behavior_server]: Running wait
[behavior_server-13] [INFO] [1790835979.872088492] [behavior_server]: wait completed successfully
[INFO] [1790835979.895340377] [mapex_explorer]: Main /plan diagnostic: poses=82, endpoint=(18.08, 3.00), frontier=(18.08, 3.00), endpoint_to_frontier=0.000 m, limit=0.10 m -> usable
[controller_server-9] [INFO] [1790835979.911822049] [controller_server]: Received a goal, begin computing control effort.
[INFO] [1790835980.926449312] [mapex_explorer]: Main /plan diagnostic: poses=76, endpoint=(18.08, 3.00), frontier=(18.08, 3.00), endpoint_to_frontier=0.000 m, limit=0.10 m -> usable
[controller_server-9] [INFO] [1790835980.978624111] [controller_server]: Passing new path to controller.
[controller_server-9] [WARN] [1790835981.584562928] [controller_server]: Control loop missed its desired rate of 15.0000 Hz. Current loop rate is 14.2857 Hz.
[controller_server-9] [INFO] [1790835981.984635943] [controller_server]: Passing new path to controller.
[INFO] [1790835982.006103975] [mapex_explorer]: Main /plan diagnostic: poses=67, endpoint=(18.08, 3.00), frontier=(18.08, 3.00), endpoint_to_frontier=0.000 m, limit=0.10 m -> usable
[controller_server-9] [WARN] [1790835982.610438674] [controller_server]: Control loop missed its desired rate of 15.0000 Hz. Current loop rate is 10.6383 Hz.
[controller_server-9] [INFO] [1790835983.010592930] [controller_server]: Passing new path to controller.
[INFO] [1790835983.053647053] [mapex_explorer]: Main /plan diagnostic: poses=57, endpoint=(18.08, 3.00), frontier=(18.08, 3.00), endpoint_to_frontier=0.000 m, limit=0.10 m -> usable
[INFO] [1790835984.014642186] [mapex_explorer]: Main /plan diagnostic: poses=47, endpoint=(18.08, 3.00), frontier=(18.08, 3.00), endpoint_to_frontier=0.000 m, limit=0.10 m -> usable
[controller_server-9] [INFO] [1790835984.077199255] [controller_server]: Passing new path to controller.
[controller_server-9] [ERROR] [1790835984.521563701] [controller_server]: Exception in transformPose: Lookup would require extrapolation into the future.  Requested time 2004.720000 but the latest data is at time 2004.700000, when looking up transform from frame [map] to frame [odom]
[controller_server-9] [ERROR] [1790835984.521679258] [controller_server]: Unable to transform goal pose into costmap frame
[controller_server-9] [INFO] [1790835984.521981238] [controller_server]: Optimizer reset
[controller_server-9] [WARN] [1790835984.522001111] [controller_server]: [follow_path] [ActionServer] Aborting handle.
[bt_navigator-14] [WARN] [1790835984.551475938] [bt_navigator]: [navigate_to_pose] [ActionServer] Aborting handle.
[bt_navigator-14] [ERROR] [1790835984.551602881] [bt_navigator]: Goal failed
[WARN] [1790835984.559684892] [mapex_explorer]: Main goal failed (status=6, error_code=102)
[WARN] [1790835984.561141097] [mapex_explorer]: Path-guided recovery #6: temporary subgoal x=17.42, y=1.78, 0.75 m ahead on main path (remaining main path=2.26 m, trigger_error=102)
[bt_navigator-14] [INFO] [1790835984.561834568] [bt_navigator]: Begin navigating from current location (16.72, 1.70) to (17.42, 1.78)
[controller_server-9] [INFO] [1790835984.582370437] [controller_server]: Received a goal, begin computing control effort.
[INFO] [1790835984.612528900] [mapex_explorer]: Subgoal goal accepted
[controller_server-9] [INFO] [1790835985.317413571] [controller_server]: Reached the goal!
[controller_server-9] [INFO] [1790835985.317559579] [controller_server]: Optimizer reset
[bt_navigator-14] [INFO] [1790835985.342089805] [bt_navigator]: Goal succeeded
[INFO] [1790835985.345177456] [mapex_explorer]: Recovery subgoal reached; retrying the same main frontier.
[bt_navigator-14] [INFO] [1790835985.346338137] [bt_navigator]: Begin navigating from current location (17.03, 1.71) to (18.08, 3.00)
[INFO] [1790835985.350520430] [mapex_explorer]: Main /plan diagnostic: poses=36, endpoint=(18.08, 3.00), frontier=(18.08, 3.00), endpoint_to_frontier=0.000 m, limit=0.10 m -> usable
[INFO] [1790835985.350827441] [mapex_explorer]: Main goal accepted
[controller_server-9] [INFO] [1790835985.366790549] [controller_server]: Received a goal, begin computing control effort.
[INFO] [1790835986.382785408] [mapex_explorer]: Main /plan diagnostic: poses=30, endpoint=(18.08, 3.00), frontier=(18.08, 3.00), endpoint_to_frontier=0.000 m, limit=0.10 m -> usable
[controller_server-9] [INFO] [1790835986.433597822] [controller_server]: Passing new path to controller.
[controller_server-9] [WARN] [1790835986.583446324] [controller_server]: Control loop missed its desired rate of 15.0000 Hz. Current loop rate is 12.0482 Hz.
[INFO] [1790835987.410734666] [mapex_explorer]: Main /plan diagnostic: poses=21, endpoint=(18.08, 3.00), frontier=(18.08, 3.00), endpoint_to_frontier=0.000 m, limit=0.10 m -> usable
[controller_server-9] [INFO] [1790835987.450219961] [controller_server]: Passing new path to controller.
[controller_server-9] [WARN] [1790835987.611331928] [controller_server]: Control loop missed its desired rate of 15.0000 Hz. Current loop rate is 10.9890 Hz.
[INFO] [1790835988.439234638] [mapex_explorer]: Main /plan diagnostic: poses=15, endpoint=(18.08, 3.00), frontier=(18.08, 3.00), endpoint_to_frontier=0.000 m, limit=0.10 m -> usable
[controller_server-9] [INFO] [1790835988.478165126] [controller_server]: Passing new path to controller.
[INFO] [1790835989.504625775] [mapex_explorer]: Main /plan diagnostic: poses=8, endpoint=(18.08, 3.00), frontier=(18.08, 3.00), endpoint_to_frontier=0.000 m, limit=0.10 m -> usable
[controller_server-9] [INFO] [1790835989.544973805] [controller_server]: Passing new path to controller.
[controller_server-9] [INFO] [1790835989.946849829] [controller_server]: Reached the goal!
[controller_server-9] [INFO] [1790835989.947303250] [controller_server]: Optimizer reset
[bt_navigator-14] [INFO] [1790835989.976754734] [bt_navigator]: Goal succeeded
[INFO] [1790835989.986056493] [mapex_explorer]: Goal reached
[INFO] [1790835995.942876944] [mapex_explorer]: MapEx decision 45: selected x=18.79, y=-10.99, IG=0.440879, distance=13.68 m, score=0.032230, region=291, candidates=1, near_fallback=False, compute=5.92 s
[bt_navigator-14] [INFO] [1790835995.947520023] [bt_navigator]: Begin navigating from current location (17.96, 2.71) to (18.79, -10.99)
[controller_server-9] [INFO] [1790835995.968296235] [controller_server]: Received a goal, begin computing control effort.
[INFO] [1790835996.244678837] [mapex_explorer]: Main goal accepted
[INFO] [1790835996.277465923] [mapex_explorer]: Main /plan diagnostic: poses=662, endpoint=(18.79, -10.99), frontier=(18.79, -10.99), endpoint_to_frontier=0.000 m, limit=0.10 m -> usable
[INFO] [1790835997.017976027] [mapex_explorer]: Main /plan diagnostic: poses=657, endpoint=(18.79, -10.99), frontier=(18.79, -10.99), endpoint_to_frontier=0.000 m, limit=0.10 m -> usable
[controller_server-9] [INFO] [1790835997.035095083] [controller_server]: Passing new path to controller.
[controller_server-9] [INFO] [1790835998.035155800] [controller_server]: Passing new path to controller.
[INFO] [1790835998.058859161] [mapex_explorer]: Main /plan diagnostic: poses=655, endpoint=(18.79, -10.99), frontier=(18.79, -10.99), endpoint_to_frontier=0.000 m, limit=0.10 m -> usable
[INFO] [1790835999.067394642] [mapex_explorer]: Main /plan diagnostic: poses=655, endpoint=(18.79, -10.99), frontier=(18.79, -10.99), endpoint_to_frontier=0.000 m, limit=0.10 m -> usable
[controller_server-9] [INFO] [1790835999.101848616] [controller_server]: Passing new path to controller.
[INFO] [1790836000.101094178] [mapex_explorer]: Main /plan diagnostic: poses=649, endpoint=(18.79, -10.99), frontier=(18.79, -10.99), endpoint_to_frontier=0.000 m, limit=0.10 m -> usable
[controller_server-9] [INFO] [1790836000.101770428] [controller_server]: Passing new path to controller.
[INFO] [1790836001.117277809] [mapex_explorer]: Main /plan diagnostic: poses=640, endpoint=(18.79, -10.99), frontier=(18.79, -10.99), endpoint_to_frontier=0.000 m, limit=0.10 m -> usable
[controller_server-9] [INFO] [1790836001.168423883] [controller_server]: Passing new path to controller.
[INFO] [1790836002.157411802] [mapex_explorer]: Main /plan diagnostic: poses=632, endpoint=(18.79, -10.99), frontier=(18.79, -10.99), endpoint_to_frontier=0.000 m, limit=0.10 m -> usable
[controller_server-9] [INFO] [1790836002.168446278] [controller_server]: Passing new path to controller.
[controller_server-9] [ERROR] [1790836002.546552802] [controller_server]: Exception in transformPose: Lookup would require extrapolation into the future.  Requested time 2021.840000 but the latest data is at time 2021.800000, when looking up transform from frame [map] to frame [odom]
[controller_server-9] [ERROR] [1790836002.546654814] [controller_server]: Unable to transform goal pose into costmap frame
[controller_server-9] [INFO] [1790836002.546967007] [controller_server]: Optimizer reset
[controller_server-9] [WARN] [1790836002.546993526] [controller_server]: [follow_path] [ActionServer] Aborting handle.
[behavior_server-13] [INFO] [1790836002.558223408] [behavior_server]: Running wait
[behavior_server-13] [INFO] [1790836002.858416021] [behavior_server]: wait completed successfully
[controller_server-9] [INFO] [1790836002.898662575] [controller_server]: Received a goal, begin computing control effort.
[INFO] [1790836002.923160702] [mapex_explorer]: Main /plan diagnostic: poses=623, endpoint=(18.79, -10.99), frontier=(18.79, -10.99), endpoint_to_frontier=0.000 m, limit=0.10 m -> usable
[controller_server-9] [WARN] [1790836003.648299798] [controller_server]: Control loop missed its desired rate of 15.0000 Hz. Current loop rate is 12.0482 Hz.
[INFO] [1790836003.954486554] [mapex_explorer]: Main /plan diagnostic: poses=617, endpoint=(18.79, -10.99), frontier=(18.79, -10.99), endpoint_to_frontier=0.000 m, limit=0.10 m -> usable
[controller_server-9] [INFO] [1790836003.981742591] [controller_server]: Passing new path to controller.
[controller_server-9] [ERROR] [1790836004.626353436] [controller_server]: Exception in transformPose: Lookup would require extrapolation into the future.  Requested time 2023.840000 but the latest data is at time 2023.800000, when looking up transform from frame [map] to frame [odom]
[controller_server-9] [ERROR] [1790836004.626438710] [controller_server]: Unable to transform goal pose into costmap frame
[controller_server-9] [INFO] [1790836004.626660352] [controller_server]: Optimizer reset
[controller_server-9] [WARN] [1790836004.626677371] [controller_server]: [follow_path] [ActionServer] Aborting handle.
[bt_navigator-14] [WARN] [1790836004.647759585] [bt_navigator]: [navigate_to_pose] [ActionServer] Aborting handle.
[bt_navigator-14] [ERROR] [1790836004.647976680] [bt_navigator]: Goal failed
[WARN] [1790836004.655374651] [mapex_explorer]: Main goal failed (status=6, error_code=102)
[WARN] [1790836004.657327816] [mapex_explorer]: Path-guided recovery #1: temporary subgoal x=15.22, y=1.76, 0.70 m ahead on main path (remaining main path=30.50 m, trigger_error=102)
[bt_navigator-14] [INFO] [1790836004.658140893] [bt_navigator]: Begin navigating from current location (15.92, 1.76) to (15.22, 1.76)
[INFO] [1790836004.678464519] [mapex_explorer]: Subgoal goal accepted
[controller_server-9] [INFO] [1790836004.678960468] [controller_server]: Received a goal, begin computing control effort.
[controller_server-9] [INFO] [1790836005.745838553] [controller_server]: Passing new path to controller.
[controller_server-9] [INFO] [1790836005.881738524] [controller_server]: Reached the goal!
[controller_server-9] [INFO] [1790836005.881962046] [controller_server]: Optimizer reset
[bt_navigator-14] [INFO] [1790836005.908397785] [bt_navigator]: Goal succeeded
[INFO] [1790836005.910593652] [mapex_explorer]: Recovery subgoal reached; retrying the same main frontier.
[bt_navigator-14] [INFO] [1790836005.911474500] [bt_navigator]: Begin navigating from current location (15.60, 1.76) to (18.79, -10.99)
[controller_server-9] [INFO] [1790836005.932046082] [controller_server]: Received a goal, begin computing control effort.
[INFO] [1790836005.945318603] [mapex_explorer]: Main goal accepted
[INFO] [1790836005.946338656] [mapex_explorer]: Main /plan diagnostic: poses=603, endpoint=(18.79, -10.99), frontier=(18.79, -10.99), endpoint_to_frontier=0.000 m, limit=0.10 m -> usable
[INFO] [1790836006.956676984] [mapex_explorer]: Main /plan diagnostic: poses=595, endpoint=(18.79, -10.99), frontier=(18.79, -10.99), endpoint_to_frontier=0.000 m, limit=0.10 m -> usable
[controller_server-9] [INFO] [1790836006.998843941] [controller_server]: Passing new path to controller.
[controller_server-9] [ERROR] [1790836007.566663654] [controller_server]: Exception in transformPose: Lookup would require extrapolation into the future.  Requested time 2026.620000 but the latest data is at time 2026.600000, when looking up transform from frame [map] to frame [odom]
[controller_server-9] [ERROR] [1790836007.566771310] [controller_server]: Unable to transform goal pose into costmap frame
[controller_server-9] [INFO] [1790836007.567027259] [controller_server]: Optimizer reset
[controller_server-9] [WARN] [1790836007.567074835] [controller_server]: [follow_path] [ActionServer] Aborting handle.
[behavior_server-13] [INFO] [1790836007.581973541] [behavior_server]: Running wait
[behavior_server-13] [INFO] [1790836007.882153997] [behavior_server]: wait completed successfully
[INFO] [1790836007.917333098] [mapex_explorer]: Main /plan diagnostic: poses=587, endpoint=(18.79, -10.99), frontier=(18.79, -10.99), endpoint_to_frontier=0.000 m, limit=0.10 m -> usable
[controller_server-9] [INFO] [1790836007.922092815] [controller_server]: Received a goal, begin computing control effort.
[INFO] [1790836008.971118406] [mapex_explorer]: Main /plan diagnostic: poses=579, endpoint=(18.79, -10.99), frontier=(18.79, -10.99), endpoint_to_frontier=0.000 m, limit=0.10 m -> usable
[controller_server-9] [INFO] [1790836008.988983841] [controller_server]: Passing new path to controller.
[controller_server-9] [INFO] [1790836009.988915465] [controller_server]: Passing new path to controller.
[INFO] [1790836010.107408505] [mapex_explorer]: Main /plan diagnostic: poses=569, endpoint=(18.79, -10.99), frontier=(18.79, -10.99), endpoint_to_frontier=0.000 m, limit=0.10 m -> usable
[INFO] [1790836011.011353769] [mapex_explorer]: Main /plan diagnostic: poses=557, endpoint=(18.79, -10.99), frontier=(18.79, -10.99), endpoint_to_frontier=0.000 m, limit=0.10 m -> usable
[controller_server-9] [INFO] [1790836011.055568819] [controller_server]: Passing new path to controller.
[controller_server-9] [ERROR] [1790836011.566571299] [controller_server]: Exception in transformPose: Lookup would require extrapolation into the future.  Requested time 2030.460000 but the latest data is at time 2030.400000, when looking up transform from frame [map] to frame [odom]
[controller_server-9] [ERROR] [1790836011.566669630] [controller_server]: Unable to transform goal pose into costmap frame
[controller_server-9] [INFO] [1790836011.567030379] [controller_server]: Optimizer reset
[controller_server-9] [WARN] [1790836011.567053238] [controller_server]: [follow_path] [ActionServer] Aborting handle.
[bt_navigator-14] [WARN] [1790836011.591617154] [bt_navigator]: [navigate_to_pose] [ActionServer] Aborting handle.
[bt_navigator-14] [ERROR] [1790836011.591744703] [bt_navigator]: Goal failed
[WARN] [1790836011.593539599] [mapex_explorer]: Main goal failed (status=6, error_code=102)
[WARN] [1790836011.594199074] [mapex_explorer]: Path-guided recovery #2: temporary subgoal x=12.78, y=2.65, 0.70 m ahead on main path (remaining main path=27.70 m, trigger_error=102)
[bt_navigator-14] [INFO] [1790836011.594837445] [bt_navigator]: Begin navigating from current location (13.24, 2.14) to (12.78, 2.65)
[INFO] [1790836011.608411337] [mapex_explorer]: Subgoal goal accepted
[controller_server-9] [INFO] [1790836011.615317825] [controller_server]: Received a goal, begin computing control effort.
[controller_server-9] [INFO] [1790836012.682114044] [controller_server]: Passing new path to controller.
[controller_server-9] [INFO] [1790836012.685645276] [controller_server]: Reached the goal!
[controller_server-9] [INFO] [1790836012.686153173] [controller_server]: Optimizer reset
[bt_navigator-14] [INFO] [1790836012.725132475] [bt_navigator]: Goal succeeded
[INFO] [1790836012.729104219] [mapex_explorer]: Recovery subgoal reached; retrying the same main frontier.
[bt_navigator-14] [INFO] [1790836012.730501983] [bt_navigator]: Begin navigating from current location (13.02, 2.36) to (18.79, -10.99)
[controller_server-9] [INFO] [1790836012.751210073] [controller_server]: Received a goal, begin computing control effort.
[INFO] [1790836012.876507919] [mapex_explorer]: Main goal accepted
[INFO] [1790836012.877126047] [mapex_explorer]: Main /plan diagnostic: poses=545, endpoint=(18.79, -10.99), frontier=(18.79, -10.99), endpoint_to_frontier=0.000 m, limit=0.10 m -> usable
[INFO] [1790836013.776841569] [mapex_explorer]: Main /plan diagnostic: poses=539, endpoint=(18.79, -10.99), frontier=(18.79, -10.99), endpoint_to_frontier=0.000 m, limit=0.10 m -> usable
[controller_server-9] [INFO] [1790836013.818056677] [controller_server]: Passing new path to controller.
[INFO] [1790836014.811123141] [mapex_explorer]: Main /plan diagnostic: poses=528, endpoint=(18.79, -10.99), frontier=(18.79, -10.99), endpoint_to_frontier=0.000 m, limit=0.10 m -> usable
[controller_server-9] [INFO] [1790836014.818016640] [controller_server]: Passing new path to controller.
[async_slam_toolbox_node-8] W20261001 13:26:54.866658 30090 preprocessor.cc:67] Specified options.num_threads: 50 exceeds maximum available from the threading model Ceres was compiled with: 16.  Bounding to maximum number available.
[async_slam_toolbox_node-8] [INFO] [1790836014.904097504] [slam_toolbox]: Adaptive anchor summary: latest_node=4982, local_edges=5096, loop_history=0, avg_effective_weight=1.056, release_regions=0
[controller_server-9] [INFO] [1790836015.728146538] [local_costmap.local_costmap]: StaticLayer: Resizing static layer to 561 X 251 at 0.100000 m/pix
[INFO] [1790836015.879106502] [mapex_explorer]: Main /plan diagnostic: poses=521, endpoint=(18.79, -10.99), frontier=(18.79, -10.99), endpoint_to_frontier=0.000 m, limit=0.10 m -> usable
[controller_server-9] [INFO] [1790836015.884631121] [controller_server]: Passing new path to controller.
[planner_server-11] [INFO] [1790836016.189098442] [global_costmap.global_costmap]: StaticLayer: Resizing costmap to 561 X 251 at 0.100000 m/pix
[INFO] [1790836016.878922473] [mapex_explorer]: Main /plan diagnostic: poses=504, endpoint=(18.79, -10.99), frontier=(18.79, -10.99), endpoint_to_frontier=0.000 m, limit=0.10 m -> usable
[controller_server-9] [INFO] [1790836016.884638901] [controller_server]: Passing new path to controller.
[INFO] [1790836017.896682129] [mapex_explorer]: Main /plan diagnostic: poses=494, endpoint=(18.79, -10.99), frontier=(18.79, -10.99), endpoint_to_frontier=0.000 m, limit=0.10 m -> usable
[controller_server-9] [INFO] [1790836017.951374961] [controller_server]: Passing new path to controller.
[controller_server-9] [INFO] [1790836018.951369081] [controller_server]: Passing new path to controller.
[INFO] [1790836018.972206710] [mapex_explorer]: Main /plan diagnostic: poses=486, endpoint=(18.79, -10.99), frontier=(18.79, -10.99), endpoint_to_frontier=0.000 m, limit=0.10 m -> usable
[INFO] [1790836019.943621692] [mapex_explorer]: Main /plan diagnostic: poses=474, endpoint=(18.79, -10.99), frontier=(18.79, -10.99), endpoint_to_frontier=0.000 m, limit=0.10 m -> usable
[controller_server-9] [INFO] [1790836019.951365502] [controller_server]: Passing new path to controller.
[controller_server-9] [ERROR] [1790836020.519079076] [controller_server]: Exception in transformPose: Lookup would require extrapolation into the future.  Requested time 2039.020000 but the latest data is at time 2039.000000, when looking up transform from frame [map] to frame [odom]
[controller_server-9] [ERROR] [1790836020.519186362] [controller_server]: Unable to transform goal pose into costmap frame
[controller_server-9] [INFO] [1790836020.519541466] [controller_server]: Optimizer reset
[controller_server-9] [WARN] [1790836020.519564278] [controller_server]: [follow_path] [ActionServer] Aborting handle.
[behavior_server-13] [INFO] [1790836020.530994839] [behavior_server]: Running wait
[behavior_server-13] [INFO] [1790836020.831136313] [behavior_server]: wait completed successfully
[controller_server-9] [INFO] [1790836020.871195546] [controller_server]: Received a goal, begin computing control effort.
[INFO] [1790836020.908174574] [mapex_explorer]: Main /plan diagnostic: poses=466, endpoint=(18.79, -10.99), frontier=(18.79, -10.99), endpoint_to_frontier=0.000 m, limit=0.10 m -> usable
[controller_server-9] [WARN] [1790836021.610125121] [controller_server]: Control loop missed its desired rate of 15.0000 Hz. Current loop rate is 13.8889 Hz.
[INFO] [1790836021.895940904] [mapex_explorer]: Main /plan diagnostic: poses=458, endpoint=(18.79, -10.99), frontier=(18.79, -10.99), endpoint_to_frontier=0.000 m, limit=0.10 m -> usable
[controller_server-9] [INFO] [1790836021.943558617] [controller_server]: Passing new path to controller.
[controller_server-9] [INFO] [1790836022.943555164] [controller_server]: Passing new path to controller.
[INFO] [1790836022.976961378] [mapex_explorer]: Main /plan diagnostic: poses=448, endpoint=(18.79, -10.99), frontier=(18.79, -10.99), endpoint_to_frontier=0.000 m, limit=0.10 m -> usable
[controller_server-9] [INFO] [1790836024.010230230] [controller_server]: Passing new path to controller.
[INFO] [1790836024.078853359] [mapex_explorer]: Main /plan diagnostic: poses=438, endpoint=(18.79, -10.99), frontier=(18.79, -10.99), endpoint_to_frontier=0.000 m, limit=0.10 m -> usable
[controller_server-9] [ERROR] [1790836024.521306253] [controller_server]: Exception in transformPose: Lookup would require extrapolation into the future.  Requested time 2042.920000 but the latest data is at time 2042.900000, when looking up transform from frame [map] to frame [odom]
[controller_server-9] [ERROR] [1790836024.521402189] [controller_server]: Unable to transform goal pose into costmap frame
[controller_server-9] [INFO] [1790836024.521648638] [controller_server]: Optimizer reset
[controller_server-9] [WARN] [1790836024.521667313] [controller_server]: [follow_path] [ActionServer] Aborting handle.
[bt_navigator-14] [WARN] [1790836024.550643954] [bt_navigator]: [navigate_to_pose] [ActionServer] Aborting handle.
[bt_navigator-14] [ERROR] [1790836024.550844455] [bt_navigator]: Goal failed
[WARN] [1790836024.553811377] [mapex_explorer]: Main goal failed (status=6, error_code=102)
[WARN] [1790836024.560324939] [mapex_explorer]: Path-guided recovery #3: temporary subgoal x=11.24, y=-1.54, 0.70 m ahead on main path (remaining main path=21.81 m, trigger_error=102)
[bt_navigator-14] [INFO] [1790836024.561220819] [bt_navigator]: Begin navigating from current location (11.24, -0.83) to (11.24, -1.54)
[controller_server-9] [INFO] [1790836024.581847800] [controller_server]: Received a goal, begin computing control effort.
[INFO] [1790836024.595632276] [mapex_explorer]: Subgoal goal accepted
[async_slam_toolbox_node-8] W20261001 13:27:04.966702 30090 preprocessor.cc:67] Specified options.num_threads: 50 exceeds maximum available from the threading model Ceres was compiled with: 16.  Bounding to maximum number available.
[controller_server-9] [INFO] [1790836025.317673510] [controller_server]: Reached the goal!
[controller_server-9] [INFO] [1790836025.317966466] [controller_server]: Optimizer reset
[bt_navigator-14] [INFO] [1790836025.341486193] [bt_navigator]: Goal succeeded
[INFO] [1790836025.343503568] [mapex_explorer]: Recovery subgoal reached; retrying the same main frontier.
[bt_navigator-14] [INFO] [1790836025.344330140] [bt_navigator]: Begin navigating from current location (11.24, -1.17) to (18.79, -10.99)
[controller_server-9] [INFO] [1790836025.365002956] [controller_server]: Received a goal, begin computing control effort.
[INFO] [1790836025.375364491] [mapex_explorer]: Main goal accepted
[INFO] [1790836025.376029490] [mapex_explorer]: Main /plan diagnostic: poses=428, endpoint=(18.79, -10.99), frontier=(18.79, -10.99), endpoint_to_frontier=0.000 m, limit=0.10 m -> usable
[controller_server-9] [INFO] [1790836025.728128369] [local_costmap.local_costmap]: StaticLayer: Resizing static layer to 561 X 251 at 0.100000 m/pix
[planner_server-11] [INFO] [1790836026.189093780] [global_costmap.global_costmap]: StaticLayer: Resizing costmap to 561 X 251 at 0.100000 m/pix
[controller_server-9] [INFO] [1790836026.431812668] [controller_server]: Passing new path to controller.
[INFO] [1790836026.488794771] [mapex_explorer]: Main /plan diagnostic: poses=420, endpoint=(18.79, -10.99), frontier=(18.79, -10.99), endpoint_to_frontier=0.000 m, limit=0.10 m -> usable
[controller_server-9] [WARN] [1790836026.570818363] [controller_server]: Control loop missed its desired rate of 15.0000 Hz. Current loop rate is 14.0845 Hz.
[controller_server-9] [INFO] [1790836027.437580470] [controller_server]: Passing new path to controller.
[INFO] [1790836027.459401064] [mapex_explorer]: Main /plan diagnostic: poses=411, endpoint=(18.79, -10.99), frontier=(18.79, -10.99), endpoint_to_frontier=0.000 m, limit=0.10 m -> usable
[controller_server-9] [INFO] [1790836028.504242878] [controller_server]: Passing new path to controller.
[INFO] [1790836028.547314004] [mapex_explorer]: Main /plan diagnostic: poses=401, endpoint=(18.79, -10.99), frontier=(18.79, -10.99), endpoint_to_frontier=0.000 m, limit=0.10 m -> usable
[INFO] [1790836029.468691909] [mapex_explorer]: Main /plan diagnostic: poses=392, endpoint=(18.79, -10.99), frontier=(18.79, -10.99), endpoint_to_frontier=0.000 m, limit=0.10 m -> usable
[controller_server-9] [INFO] [1790836029.504242773] [controller_server]: Passing new path to controller.
[INFO] [1790836030.546073967] [mapex_explorer]: Main /plan diagnostic: poses=381, endpoint=(18.79, -10.99), frontier=(18.79, -10.99), endpoint_to_frontier=0.000 m, limit=0.10 m -> usable
[controller_server-9] [INFO] [1790836030.570913661] [controller_server]: Passing new path to controller.
[INFO] [1790836031.556987408] [mapex_explorer]: Main /plan diagnostic: poses=377, endpoint=(18.79, -10.99), frontier=(18.79, -10.99), endpoint_to_frontier=0.000 m, limit=0.10 m -> usable
[async_slam_toolbox_node-8] W20261001 13:27:11.567096 30090 preprocessor.cc:67] Specified options.num_threads: 50 exceeds maximum available from the threading model Ceres was compiled with: 16.  Bounding to maximum number available.
[controller_server-9] [INFO] [1790836031.570911403] [controller_server]: Passing new path to controller.
[async_slam_toolbox_node-8] [INFO] [1790836031.601204338] [slam_toolbox]: Adaptive anchor summary: latest_node=5035, local_edges=5149, loop_history=0, avg_effective_weight=1.056, release_regions=0
[INFO] [1790836032.554278690] [mapex_explorer]: Main /plan diagnostic: poses=360, endpoint=(18.79, -10.99), frontier=(18.79, -10.99), endpoint_to_frontier=0.000 m, limit=0.10 m -> usable
[controller_server-9] [INFO] [1790836032.570908827] [controller_server]: Passing new path to controller.
[controller_server-9] [INFO] [1790836032.728178605] [local_costmap.local_costmap]: StaticLayer: Resizing static layer to 561 X 251 at 0.100000 m/pix
[planner_server-11] [INFO] [1790836033.189091707] [global_costmap.global_costmap]: StaticLayer: Resizing costmap to 561 X 251 at 0.100000 m/pix
[INFO] [1790836033.605342261] [mapex_explorer]: Main /plan diagnostic: poses=348, endpoint=(18.79, -10.99), frontier=(18.79, -10.99), endpoint_to_frontier=0.000 m, limit=0.10 m -> usable
[controller_server-9] [INFO] [1790836033.637579808] [controller_server]: Passing new path to controller.
[INFO] [1790836034.616925803] [mapex_explorer]: Main /plan diagnostic: poses=340, endpoint=(18.79, -10.99), frontier=(18.79, -10.99), endpoint_to_frontier=0.000 m, limit=0.10 m -> usable
[controller_server-9] [INFO] [1790836034.637581359] [controller_server]: Passing new path to controller.
[INFO] [1790836035.672276108] [mapex_explorer]: Main /plan diagnostic: poses=329, endpoint=(18.79, -10.99), frontier=(18.79, -10.99), endpoint_to_frontier=0.000 m, limit=0.10 m -> usable
[controller_server-9] [INFO] [1790836035.704270143] [controller_server]: Passing new path to controller.
[INFO] [1790836036.670923276] [mapex_explorer]: Main /plan diagnostic: poses=319, endpoint=(18.79, -10.99), frontier=(18.79, -10.99), endpoint_to_frontier=0.000 m, limit=0.10 m -> usable
[controller_server-9] [INFO] [1790836036.704267235] [controller_server]: Passing new path to controller.
[INFO] [1790836037.702440191] [mapex_explorer]: Main /plan diagnostic: poses=309, endpoint=(18.79, -10.99), frontier=(18.79, -10.99), endpoint_to_frontier=0.000 m, limit=0.10 m -> usable
[controller_server-9] [INFO] [1790836037.770914965] [controller_server]: Passing new path to controller.
[controller_server-9] [ERROR] [1790836038.548450610] [controller_server]: Exception in transformPose: Lookup would require extrapolation into the future.  Requested time 2056.740000 but the latest data is at time 2056.700000, when looking up transform from frame [map] to frame [odom]
[controller_server-9] [ERROR] [1790836038.548533359] [controller_server]: Unable to transform goal pose into costmap frame
[controller_server-9] [INFO] [1790836038.548799280] [controller_server]: Optimizer reset
[controller_server-9] [WARN] [1790836038.548825966] [controller_server]: [follow_path] [ActionServer] Aborting handle.
[behavior_server-13] [INFO] [1790836038.564842113] [behavior_server]: Running wait
[behavior_server-13] [INFO] [1790836038.865000790] [behavior_server]: wait completed successfully
[controller_server-9] [INFO] [1790836038.907283571] [controller_server]: Received a goal, begin computing control effort.
[INFO] [1790836038.918173277] [mapex_explorer]: Main /plan diagnostic: poses=299, endpoint=(18.79, -10.99), frontier=(18.79, -10.99), endpoint_to_frontier=0.000 m, limit=0.10 m -> usable
[INFO] [1790836039.961747070] [mapex_explorer]: Main /plan diagnostic: poses=290, endpoint=(18.79, -10.99), frontier=(18.79, -10.99), endpoint_to_frontier=0.000 m, limit=0.10 m -> usable
[controller_server-9] [INFO] [1790836039.974158132] [controller_server]: Passing new path to controller.
[controller_server-9] [ERROR] [1790836040.551927949] [controller_server]: Exception in transformPose: Lookup would require extrapolation into the future.  Requested time 2058.720000 but the latest data is at time 2058.700000, when looking up transform from frame [map] to frame [odom]
[controller_server-9] [ERROR] [1790836040.552355333] [controller_server]: Unable to transform goal pose into costmap frame
[controller_server-9] [INFO] [1790836040.552579168] [controller_server]: Optimizer reset
[controller_server-9] [WARN] [1790836040.552592185] [controller_server]: [follow_path] [ActionServer] Aborting handle.
[bt_navigator-14] [WARN] [1790836040.574484328] [bt_navigator]: [navigate_to_pose] [ActionServer] Aborting handle.
[bt_navigator-14] [ERROR] [1790836040.574602634] [bt_navigator]: Goal failed
[WARN] [1790836040.664918758] [mapex_explorer]: Main goal failed (status=6, error_code=102)
[WARN] [1790836040.666288849] [mapex_explorer]: Path-guided recovery #4: temporary subgoal x=16.56, y=-4.52, 0.75 m ahead on main path (remaining main path=14.26 m, trigger_error=102)
[bt_navigator-14] [INFO] [1790836040.666934717] [bt_navigator]: Begin navigating from current location (15.84, -4.33) to (16.56, -4.52)
[controller_server-9] [INFO] [1790836040.687444574] [controller_server]: Received a goal, begin computing control effort.
[INFO] [1790836040.770491058] [mapex_explorer]: Subgoal goal accepted
[controller_server-9] [WARN] [1790836041.589559882] [controller_server]: Control loop missed its desired rate of 15.0000 Hz. Current loop rate is 9.8039 Hz.
[controller_server-9] [INFO] [1790836041.723010460] [controller_server]: Passing new path to controller.
[controller_server-9] [INFO] [1790836042.059713123] [controller_server]: Reached the goal!
[controller_server-9] [INFO] [1790836042.059970823] [controller_server]: Optimizer reset
[bt_navigator-14] [INFO] [1790836042.087152050] [bt_navigator]: Goal succeeded
[INFO] [1790836042.088837850] [mapex_explorer]: Recovery subgoal reached; retrying the same main frontier.
[bt_navigator-14] [INFO] [1790836042.089999579] [bt_navigator]: Begin navigating from current location (16.20, -4.40) to (18.79, -10.99)
[INFO] [1790836042.092336740] [mapex_explorer]: Main goal accepted
[controller_server-9] [INFO] [1790836042.110575707] [controller_server]: Received a goal, begin computing control effort.
[INFO] [1790836042.154253528] [mapex_explorer]: Main /plan diagnostic: poses=275, endpoint=(18.79, -10.99), frontier=(18.79, -10.99), endpoint_to_frontier=0.000 m, limit=0.10 m -> usable
[INFO] [1790836043.127963027] [mapex_explorer]: Main /plan diagnostic: poses=269, endpoint=(18.79, -10.99), frontier=(18.79, -10.99), endpoint_to_frontier=0.000 m, limit=0.10 m -> usable
[controller_server-9] [INFO] [1790836043.177370813] [controller_server]: Passing new path to controller.
[controller_server-9] [INFO] [1790836044.177360263] [controller_server]: Passing new path to controller.
[INFO] [1790836044.188356005] [mapex_explorer]: Main /plan diagnostic: poses=259, endpoint=(18.79, -10.99), frontier=(18.79, -10.99), endpoint_to_frontier=0.000 m, limit=0.10 m -> usable
[INFO] [1790836045.209129275] [mapex_explorer]: Main /plan diagnostic: poses=248, endpoint=(18.79, -10.99), frontier=(18.79, -10.99), endpoint_to_frontier=0.000 m, limit=0.10 m -> usable
[controller_server-9] [INFO] [1790836045.244054228] [controller_server]: Passing new path to controller.
[INFO] [1790836046.239708834] [mapex_explorer]: Main /plan diagnostic: poses=238, endpoint=(18.79, -10.99), frontier=(18.79, -10.99), endpoint_to_frontier=0.000 m, limit=0.10 m -> usable
[controller_server-9] [INFO] [1790836046.244046619] [controller_server]: Passing new path to controller.
[controller_server-9] [INFO] [1790836047.244045481] [controller_server]: Passing new path to controller.
[INFO] [1790836047.256331960] [mapex_explorer]: Main /plan diagnostic: poses=228, endpoint=(18.79, -10.99), frontier=(18.79, -10.99), endpoint_to_frontier=0.000 m, limit=0.10 m -> usable
[async_slam_toolbox_node-8] W20261001 13:27:28.210788 30090 preprocessor.cc:67] Specified options.num_threads: 50 exceeds maximum available from the threading model Ceres was compiled with: 16.  Bounding to maximum number available.
[async_slam_toolbox_node-8] [INFO] [1790836048.242592376] [slam_toolbox]: Adaptive anchor summary: latest_node=5085, local_edges=5199, loop_history=0, avg_effective_weight=1.055, release_regions=0
[INFO] [1790836048.289795426] [mapex_explorer]: Main /plan diagnostic: poses=219, endpoint=(18.79, -10.99), frontier=(18.79, -10.99), endpoint_to_frontier=0.000 m, limit=0.10 m -> usable
[controller_server-9] [INFO] [1790836048.310691091] [controller_server]: Passing new path to controller.
[controller_server-9] [WARN] [1790836048.649378121] [controller_server]: Control loop missed its desired rate of 15.0000 Hz. Current loop rate is 14.0845 Hz.
[controller_server-9] [INFO] [1790836048.728096133] [local_costmap.local_costmap]: StaticLayer: Resizing static layer to 561 X 251 at 0.100000 m/pix
[planner_server-11] [INFO] [1790836049.189091943] [global_costmap.global_costmap]: StaticLayer: Resizing costmap to 561 X 251 at 0.100000 m/pix
[INFO] [1790836049.286847618] [mapex_explorer]: Main /plan diagnostic: poses=209, endpoint=(18.79, -10.99), frontier=(18.79, -10.99), endpoint_to_frontier=0.000 m, limit=0.10 m -> usable
[controller_server-9] [INFO] [1790836049.316142134] [controller_server]: Passing new path to controller.
[controller_server-9] [INFO] [1790836050.382829014] [controller_server]: Passing new path to controller.
[INFO] [1790836050.385463563] [mapex_explorer]: Main /plan diagnostic: poses=198, endpoint=(18.79, -10.99), frontier=(18.79, -10.99), endpoint_to_frontier=0.000 m, limit=0.10 m -> usable
[INFO] [1790836051.326929881] [mapex_explorer]: Main /plan diagnostic: poses=189, endpoint=(18.79, -10.99), frontier=(18.79, -10.99), endpoint_to_frontier=0.000 m, limit=0.10 m -> usable
[controller_server-9] [INFO] [1790836051.382805373] [controller_server]: Passing new path to controller.
[INFO] [1790836052.355570400] [mapex_explorer]: Main /plan diagnostic: poses=178, endpoint=(18.79, -10.99), frontier=(18.79, -10.99), endpoint_to_frontier=0.000 m, limit=0.10 m -> usable
[controller_server-9] [INFO] [1790836052.382806592] [controller_server]: Passing new path to controller.
[controller_server-9] [ERROR] [1790836052.550293590] [controller_server]: Exception in transformPose: Lookup would require extrapolation into the future.  Requested time 2070.560000 but the latest data is at time 2070.500000, when looking up transform from frame [map] to frame [odom]
[controller_server-9] [ERROR] [1790836052.550368527] [controller_server]: Unable to transform goal pose into costmap frame
[controller_server-9] [INFO] [1790836052.550611303] [controller_server]: Optimizer reset
[controller_server-9] [WARN] [1790836052.550633682] [controller_server]: [follow_path] [ActionServer] Aborting handle.
[behavior_server-13] [INFO] [1790836052.570497134] [behavior_server]: Running wait
[behavior_server-13] [INFO] [1790836052.870676213] [behavior_server]: wait completed successfully
[controller_server-9] [INFO] [1790836052.910924842] [controller_server]: Received a goal, begin computing control effort.
[INFO] [1790836052.937132533] [mapex_explorer]: Main /plan diagnostic: poses=173, endpoint=(18.79, -10.99), frontier=(18.79, -10.99), endpoint_to_frontier=0.000 m, limit=0.10 m -> usable
[async_slam_toolbox_node-8] W20261001 13:27:32.972800 30090 preprocessor.cc:67] Specified options.num_threads: 50 exceeds maximum available from the threading model Ceres was compiled with: 16.  Bounding to maximum number available.
[controller_server-9] [INFO] [1790836053.728140691] [local_costmap.local_costmap]: StaticLayer: Resizing static layer to 561 X 251 at 0.100000 m/pix
[INFO] [1790836053.927796345] [mapex_explorer]: Main /plan diagnostic: poses=167, endpoint=(18.79, -10.99), frontier=(18.79, -10.99), endpoint_to_frontier=0.000 m, limit=0.10 m -> usable
[controller_server-9] [INFO] [1790836053.977732534] [controller_server]: Passing new path to controller.
[planner_server-11] [INFO] [1790836054.189101920] [global_costmap.global_costmap]: StaticLayer: Resizing costmap to 561 X 251 at 0.100000 m/pix
[controller_server-9] [INFO] [1790836054.977764187] [controller_server]: Passing new path to controller.
[INFO] [1790836055.040282643] [mapex_explorer]: Main /plan diagnostic: poses=157, endpoint=(18.79, -10.99), frontier=(18.79, -10.99), endpoint_to_frontier=0.000 m, limit=0.10 m -> usable
[controller_server-9] [INFO] [1790836056.044467609] [controller_server]: Passing new path to controller.
[INFO] [1790836056.146760491] [mapex_explorer]: Main /plan diagnostic: poses=147, endpoint=(18.79, -10.99), frontier=(18.79, -10.99), endpoint_to_frontier=0.000 m, limit=0.10 m -> usable
[INFO] [1790836057.020171461] [mapex_explorer]: Main /plan diagnostic: poses=137, endpoint=(18.79, -10.99), frontier=(18.79, -10.99), endpoint_to_frontier=0.000 m, limit=0.10 m -> usable
[controller_server-9] [INFO] [1790836057.044401620] [controller_server]: Passing new path to controller.
[INFO] [1790836058.044367795] [mapex_explorer]: Main /plan diagnostic: poses=127, endpoint=(18.79, -10.99), frontier=(18.79, -10.99), endpoint_to_frontier=0.000 m, limit=0.10 m -> usable
[controller_server-9] [INFO] [1790836058.111067352] [controller_server]: Passing new path to controller.
[INFO] [1790836059.068269709] [mapex_explorer]: Main /plan diagnostic: poses=117, endpoint=(18.79, -10.99), frontier=(18.79, -10.99), endpoint_to_frontier=0.000 m, limit=0.10 m -> usable
[controller_server-9] [INFO] [1790836059.111065429] [controller_server]: Passing new path to controller.
[INFO] [1790836060.098612575] [mapex_explorer]: Main /plan diagnostic: poses=105, endpoint=(18.79, -10.99), frontier=(18.79, -10.99), endpoint_to_frontier=0.000 m, limit=0.10 m -> usable
[controller_server-9] [INFO] [1790836060.111073233] [controller_server]: Passing new path to controller.
[controller_server-9] [ERROR] [1790836060.546611370] [controller_server]: Exception in transformPose: Lookup would require extrapolation into the future.  Requested time 2078.460000 but the latest data is at time 2078.400000, when looking up transform from frame [map] to frame [odom]
[controller_server-9] [ERROR] [1790836060.546678133] [controller_server]: Unable to transform goal pose into costmap frame
[controller_server-9] [INFO] [1790836060.546851231] [controller_server]: Optimizer reset
[controller_server-9] [WARN] [1790836060.546863614] [controller_server]: [follow_path] [ActionServer] Aborting handle.
[bt_navigator-14] [WARN] [1790836060.570139809] [bt_navigator]: [navigate_to_pose] [ActionServer] Aborting handle.
[bt_navigator-14] [ERROR] [1790836060.570332016] [bt_navigator]: Goal failed
[WARN] [1790836060.573264664] [mapex_explorer]: Main goal failed (status=6, error_code=102)
[WARN] [1790836060.573738470] [mapex_explorer]: Path-guided recovery #5: temporary subgoal x=20.99, y=-10.43, 0.70 m ahead on main path (remaining main path=5.26 m, trigger_error=102)
[bt_navigator-14] [INFO] [1790836060.574378308] [bt_navigator]: Begin navigating from current location (21.01, -9.74) to (20.99, -10.43)
[controller_server-9] [INFO] [1790836060.594892982] [controller_server]: Received a goal, begin computing control effort.
[INFO] [1790836060.601710191] [mapex_explorer]: Subgoal goal accepted
[controller_server-9] [INFO] [1790836061.263063803] [controller_server]: Reached the goal!
[controller_server-9] [INFO] [1790836061.263194610] [controller_server]: Optimizer reset
[bt_navigator-14] [INFO] [1790836061.284594093] [bt_navigator]: Goal succeeded
[INFO] [1790836061.286473211] [mapex_explorer]: Recovery subgoal reached; retrying the same main frontier.
[bt_navigator-14] [INFO] [1790836061.287236740] [bt_navigator]: Begin navigating from current location (21.00, -10.05) to (18.79, -10.99)
[controller_server-9] [INFO] [1790836061.307953748] [controller_server]: Received a goal, begin computing control effort.
[INFO] [1790836061.314457146] [mapex_explorer]: Main /plan diagnostic: poses=89, endpoint=(18.79, -10.99), frontier=(18.79, -10.99), endpoint_to_frontier=0.000 m, limit=0.10 m -> usable
[INFO] [1790836061.315802195] [mapex_explorer]: Main goal accepted
[planner_server-11] [WARN] [1790836062.322812099] [planner_server]: GridBased plugin failed to plan from (20.99, -10.46) to (18.79, -10.99): "Failed to create plan with tolerance of: 0.000000"
[planner_server-11] [WARN] [1790836062.322888461] [planner_server]: [compute_path_to_pose] [ActionServer] Aborting handle.
[bt_navigator-14] [ERROR] [1790836062.357879890] [bt_navigator_navigate_to_pose_rclcpp_node]: Failed to get result for follow_path in node halt!
[behavior_server-13] [INFO] [1790836062.358099314] [behavior_server]: Running wait
[controller_server-9] [INFO] [1790836062.374743901] [controller_server]: Cancellation was successful. Stopping the robot.
[controller_server-9] [INFO] [1790836062.374770932] [controller_server]: [follow_path] [ActionServer] Client requested to cancel the goal. Cancelling.
[controller_server-9] [INFO] [1790836062.374997071] [controller_server]: Optimizer reset
[behavior_server-13] [INFO] [1790836062.658248019] [behavior_server]: wait completed successfully
[planner_server-11] [WARN] [1790836062.684870618] [planner_server]: GridBased plugin failed to plan from (20.97, -10.63) to (18.79, -10.99): "Failed to create plan with tolerance of: 0.000000"
[planner_server-11] [WARN] [1790836062.684945295] [planner_server]: [compute_path_to_pose] [ActionServer] Aborting handle.
[bt_navigator-14] [WARN] [1790836062.708431870] [bt_navigator]: [navigate_to_pose] [ActionServer] Aborting handle.
[bt_navigator-14] [ERROR] [1790836062.708564370] [bt_navigator]: Goal failed
[WARN] [1790836062.710937473] [mapex_explorer]: Main goal failed (status=6, error_code=208)
[WARN] [1790836062.711174246] [mapex_explorer]: Main frontier abandoned after NO_VALID_PATH (208): x=18.79, y=-10.99; candidates within 0.10 m are skipped during normal selection but will be checked again by terminal planner revalidation.
[WARN] [1790836069.611704578] [mapex_explorer]: No normally selectable frontier remains; starting planner revalidation sweep over 1 candidates.
[planner_server-11] [WARN] [1790836069.617599015] [planner_server]: GridBased plugin failed to plan from (20.96, -10.69) to (18.79, -10.99): "Failed to create plan with tolerance of: 0.000000"
[planner_server-11] [WARN] [1790836069.617640266] [planner_server]: [compute_path_to_pose] [ActionServer] Aborting handle.
[WARN] [1790836071.777382184] [mapex_explorer]: Planner-reachability completion verification: 1/5 exhausted sweeps across 1 candidates, idle=9.1s, age=2122.8s
[WARN] [1790836079.490979463] [mapex_explorer]: No normally selectable frontier remains; starting planner revalidation sweep over 1 candidates.
[planner_server-11] [WARN] [1790836079.496303291] [planner_server]: GridBased plugin failed to plan from (20.96, -10.69) to (18.79, -10.99): "Failed to create plan with tolerance of: 0.000000"
[planner_server-11] [WARN] [1790836079.496350638] [planner_server]: [compute_path_to_pose] [ActionServer] Aborting handle.
[WARN] [1790836080.205207992] [mapex_explorer]: Planner-reachability completion verification: 2/5 exhausted sweeps across 1 candidates, idle=17.5s, age=2131.2s
[WARN] [1790836088.390961139] [mapex_explorer]: No normally selectable frontier remains; starting planner revalidation sweep over 1 candidates.
[planner_server-11] [WARN] [1790836088.396270595] [planner_server]: GridBased plugin failed to plan from (20.96, -10.69) to (18.79, -10.99): "Failed to create plan with tolerance of: 0.000000"
[planner_server-11] [WARN] [1790836088.396318684] [planner_server]: [compute_path_to_pose] [ActionServer] Aborting handle.
[WARN] [1790836089.475643639] [mapex_explorer]: Planner-reachability completion verification: 3/5 exhausted sweeps across 1 candidates, idle=26.8s, age=2140.5s
[WARN] [1790836097.726273007] [mapex_explorer]: No normally selectable frontier remains; starting planner revalidation sweep over 1 candidates.
[planner_server-11] [WARN] [1790836097.731042434] [planner_server]: GridBased plugin failed to plan from (20.96, -10.69) to (18.79, -10.99): "Failed to create plan with tolerance of: 0.000000"
[planner_server-11] [WARN] [1790836097.731105341] [planner_server]: [compute_path_to_pose] [ActionServer] Aborting handle.
[WARN] [1790836098.643904613] [mapex_explorer]: Planner-reachability completion verification: 4/5 exhausted sweeps across 1 candidates, idle=35.9s, age=2149.7s
[WARN] [1790836106.764296534] [mapex_explorer]: No normally selectable frontier remains; starting planner revalidation sweep over 1 candidates.
[planner_server-11] [WARN] [1790836106.769796514] [planner_server]: GridBased plugin failed to plan from (20.96, -10.69) to (18.79, -10.99): "Failed to create plan with tolerance of: 0.000000"
[planner_server-11] [WARN] [1790836106.770023730] [planner_server]: [compute_path_to_pose] [ActionServer] Aborting handle.
[WARN] [1790836108.225138790] [mapex_explorer]: Planner-reachability completion verification: 5/5 exhausted sweeps across 1 candidates, idle=45.5s, age=2159.3s
[WARN] [1790836108.226510157] [mapex_explorer]: ================ EXPLORATION COMPLETE ================
Reason: frontier regions remain, but no eligible frontier was planner-reachable across repeated ComputePathToPose sweeps.
Evidence: 5 stable sweeps, idle >= 10 s.
No further navigation goals will be issued.
======================================================
[WARN] [1790836389.128212871] [mapex_explorer]: MAPEX SAVED: env=hospital, profile=hospital_slam, coverage=0.997428459, distance=725.07m, output=/work/com1/turtlebot4_project_mx029/mapex_lab/experiments/mapex/hpx_002
Failed to publish log message to rosout: publisher's context is invalid, at ./src/rcl/publisher.c:423
MAPEX OFFLINE EVAL: env=hospital, IoU=0.485333, TU=0.490000, decisions=50

Stopping experiment...
[planner_server-11] [INFO] [1790836420.664353643] [rclcpp]: signal_handler(SIGINT/SIGTERM)
[async_slam_toolbox_node-8] [INFO] [1790836420.664552341] [rclcpp]: signal_handler(SIGINT/SIGTERM)
[controller_server-9] [INFO] [1790836420.664555662] [rclcpp]: signal_handler(SIGINT/SIGTERM)
[collision_monitor-17] [INFO] [1790836420.664713661] [rclcpp]: signal_handler(SIGINT/SIGTERM)
[route_server-12] [INFO] [1790836420.664731864] [rclcpp]: signal_handler(SIGINT/SIGTERM)
[controller_server-9] [INFO] [1790836420.664790150] [controller_server]: Running Nav2 LifecycleNode rcl preshutdown (controller_server)
[collision_monitor-17] [INFO] [1790836420.665781456] [collision_monitor]: Running Nav2 LifecycleNode rcl preshutdown (collision_monitor)
[parameter_bridge-2] [INFO] [1790836420.664823007] [rclcpp]: signal_handler(SIGINT/SIGTERM)
[behavior_server-13] [INFO] [1790836420.664865477] [rclcpp]: signal_handler(SIGINT/SIGTERM)
[behavior_server-13] [INFO] [1790836420.665022577] [behavior_server]: Running Nav2 LifecycleNode rcl preshutdown (behavior_server)
[planner_server-11] [INFO] [1790836420.664754948] [planner_server]: Running Nav2 LifecycleNode rcl preshutdown (planner_server)
[bt_navigator-14] [INFO] [1790836420.664954572] [rclcpp]: signal_handler(SIGINT/SIGTERM)
[bt_navigator-14] [INFO] [1790836420.665060876] [bt_navigator]: Running Nav2 LifecycleNode rcl preshutdown (bt_navigator)
[velocity_smoother-16] [INFO] [1790836420.664834453] [rclcpp]: signal_handler(SIGINT/SIGTERM)
[velocity_smoother-16] [INFO] [1790836420.666091426] [velocity_smoother]: Running Nav2 LifecycleNode rcl preshutdown (velocity_smoother)
[smoother_server-10] [INFO] [1790836420.664727674] [rclcpp]: signal_handler(SIGINT/SIGTERM)
[waypoint_follower-15] [INFO] [1790836420.665159295] [rclcpp]: signal_handler(SIGINT/SIGTERM)
[waypoint_follower-15] [INFO] [1790836420.666277945] [waypoint_follower]: Running Nav2 LifecycleNode rcl preshutdown (waypoint_follower)
[controller_server-9] [INFO] [1790836420.666534751] [controller_server]: Deactivating
[controller_server-9] [INFO] [1790836420.666627978] [MPPIController]: Deactivated MPPI Controller: FollowPath
[controller_server-9] [INFO] [1790836420.667707772] [local_costmap.local_costmap]: Deactivating
[route_server-12] [INFO] [1790836420.665993657] [route_server]: Running Nav2 LifecycleNode rcl preshutdown (route_server)
[lifecycle_manager-19] [INFO] [1790836420.666541777] [rclcpp]: signal_handler(SIGINT/SIGTERM)
[lifecycle_manager-19] [INFO] [1790836420.668234289] [lifecycle_manager_navigation]: Running Nav2 LifecycleManager rcl preshutdown (lifecycle_manager_navigation)
[opennav_docking-18] [INFO] [1790836420.666938344] [rclcpp]: signal_handler(SIGINT/SIGTERM)
[opennav_docking-18] [INFO] [1790836420.668453066] [docking_server]: Running Nav2 LifecycleNode rcl preshutdown (docking_server)
[planner_server-11] [INFO] [1790836420.667078412] [planner_server]: Deactivating
[planner_server-11] [INFO] [1790836420.668444537] [global_costmap.global_costmap]: Deactivating
[bt_navigator-14] [INFO] [1790836420.667039964] [bt_navigator]: Deactivating
[smoother_server-10] [INFO] [1790836420.667489360] [smoother_server]: Running Nav2 LifecycleNode rcl preshutdown (smoother_server)
[behavior_server-13] [INFO] [1790836420.667167612] [behavior_server]: Deactivating
[collision_monitor-17] [INFO] [1790836420.668177700] [collision_monitor]: Deactivating
[collision_monitor-17] [INFO] [1790836420.668222779] [collision_monitor]: Destroying bond (collision_monitor) to lifecycle manager.
[robot_state_publisher-6] [INFO] [1790836420.667823764] [rclcpp]: signal_handler(SIGINT/SIGTERM)
[image_bridge-4] [INFO] [1790836420.668165342] [rclcpp]: signal_handler(SIGINT/SIGTERM)
[image_bridge-3] [INFO] [1790836420.668643001] [rclcpp]: signal_handler(SIGINT/SIGTERM)
[bt_navigator-14] [INFO] [1790836420.671149218] [bt_navigator]: Destroying bond (bt_navigator) to lifecycle manager.
[route_server-12] [INFO] [1790836420.669762285] [route_server]: Deactivating
[route_server-12] [INFO] [1790836420.671931456] [route_server]: Destroying bond (route_server) to lifecycle manager.
[velocity_smoother-16] [INFO] [1790836420.671133183] [velocity_smoother]: Deactivating
[velocity_smoother-16] [INFO] [1790836420.671325051] [velocity_smoother]: Destroying bond (velocity_smoother) to lifecycle manager.
[lifecycle_manager-19] [INFO] [1790836420.672680579] [lifecycle_manager_navigation]: [34m[1mTerminating bond timer...[0m[0m
[smoother_server-10] [INFO] [1790836420.674149231] [smoother_server]: Deactivating
[smoother_server-10] [INFO] [1790836420.676189263] [smoother_server]: Destroying bond (smoother_server) to lifecycle manager.
[opennav_docking-18] [INFO] [1790836420.675843855] [docking_server]: Deactivating docking_server
[behavior_server-13] [INFO] [1790836420.677104338] [behavior_server]: Destroying bond (behavior_server) to lifecycle manager.
[waypoint_follower-15] [INFO] [1790836420.678569492] [waypoint_follower]: Deactivating
[waypoint_follower-15] [INFO] [1790836420.679355862] [waypoint_follower]: Destroying bond (waypoint_follower) to lifecycle manager.
[collision_monitor-17] [INFO] [1790836420.679398763] [collision_monitor]: Cleaning up
[collision_monitor-17] [INFO] [1790836420.679436909] [collision_monitor]: [FootprintApproach]: Destroying Polygon
[collision_monitor-17] [INFO] [1790836420.679673152] [collision_monitor]: [scan]: Destroying Scan
[bt_navigator-14] [INFO] [1790836420.681444826] [bt_navigator]: Cleaning up
[velocity_smoother-16] [INFO] [1790836420.682356389] [velocity_smoother]: Cleaning up
[velocity_smoother-16] [INFO] [1790836420.682391841] [velocity_smoother]: Destroying bond (velocity_smoother) to lifecycle manager.
[route_server-12] [INFO] [1790836420.683045400] [route_server]: Cleaning up
[smoother_server-10] [INFO] [1790836420.687365567] [smoother_server]: Cleaning up
[behavior_server-13] [INFO] [1790836420.687601648] [behavior_server]: Cleaning up
[collision_monitor-17] [INFO] [1790836420.691283147] [collision_monitor]: Destroying bond (collision_monitor) to lifecycle manager.
[waypoint_follower-15] [INFO] [1790836420.692873663] [waypoint_follower]: Cleaning up
[async_slam_toolbox_node-8] Unregistering sensor: Custom Described Lidar
[velocity_smoother-16] [INFO] [1790836420.701129805] [velocity_smoother]: Destroying
[collision_monitor-17] [INFO] [1790836420.708464334] [collision_monitor]: Destroying
[behavior_server-13] [INFO] [1790836420.709392555] [behavior_server]: Destroying bond (behavior_server) to lifecycle manager.
[opennav_docking-18] [INFO] [1790836420.711238116] [docking_server]: Destroying bond (docking_server) to lifecycle manager.
[waypoint_follower-15] [INFO] [1790836420.718514245] [waypoint_follower]: Destroying bond (waypoint_follower) to lifecycle manager.
[smoother_server-10] [INFO] [1790836420.718699944] [smoother_server]: Destroying bond (smoother_server) to lifecycle manager.
[opennav_docking-18] [INFO] [1790836420.721909522] [docking_server]: Cleaning up docking_server
[route_server-12] [INFO] [1790836420.728418724] [route_server]: Destroying bond (route_server) to lifecycle manager.
[waypoint_follower-15] [INFO] [1790836420.728496570] [waypoint_follower]: Destroying
[controller_server-9] [INFO] [1790836420.729012599] [controller_server]: Destroying bond (controller_server) to lifecycle manager.
[smoother_server-10] [INFO] [1790836420.730759057] [smoother_server]: Destroying
[controller_server-9] [INFO] [1790836420.739450274] [controller_server]: Cleaning up
[opennav_docking-18] [INFO] [1790836420.739555535] [docking_server]: Destroying bond (docking_server) to lifecycle manager.
[controller_server-9] [INFO] [1790836420.741588845] [MPPIController]: Cleaned up MPPI Controller: FollowPath
[controller_server-9] [INFO] [1790836420.742539530] [local_costmap.local_costmap]: Cleaning up
[route_server-12] [INFO] [1790836420.743897895] [route_server]: Destroying
[opennav_docking-18] [INFO] [1790836420.749531948] [docking_server]: Destroying
[behavior_server-13] [INFO] [1790836420.761544309] [behavior_server]: Destroying
[bt_navigator-14] [INFO] [1790836420.783389333] [bt_navigator]: Completed Cleaning up
[bt_navigator-14] [INFO] [1790836420.783433886] [bt_navigator]: Destroying bond (bt_navigator) to lifecycle manager.
[controller_server-9] [INFO] [1790836420.792400522] [controller_server]: Destroying bond (controller_server) to lifecycle manager.
[bt_navigator-14] [INFO] [1790836420.793587520] [bt_navigator]: Destroying
[controller_server-9] [INFO] [1790836420.796037943] [local_costmap.local_costmap]: Destroying
[controller_server-9] [INFO] [1790836420.809796575] [controller_server]: Destroying
[lifecycle_manager-19] [INFO] [1790836420.855440559] [lifecycle_manager_navigation]: Destroying lifecycle_manager_navigation
[INFO] [velocity_smoother-16]: process has finished cleanly [pid 30240]
[INFO] [robot_state_publisher-6]: process has finished cleanly [pid 29752]
[INFO] [collision_monitor-17]: process has finished cleanly [pid 30241]
[INFO] [waypoint_follower-15]: process has finished cleanly [pid 30239]
[INFO] [opennav_docking-18]: process has finished cleanly [pid 30242]
[INFO] [smoother_server-10]: process has finished cleanly [pid 30234]
[INFO] [parameter_bridge-2]: process has finished cleanly [pid 29748]
[INFO] [image_bridge-3]: process has finished cleanly [pid 29749]
[INFO] [route_server-12]: process has finished cleanly [pid 30236]
[INFO] [image_bridge-4]: process has finished cleanly [pid 29750]
[INFO] [behavior_server-13]: process has finished cleanly [pid 30237]
[INFO] [bt_navigator-14]: process has finished cleanly [pid 30238]
[INFO] [async_slam_toolbox_node-8]: process has finished cleanly [pid 30090]
[INFO] [controller_server-9]: process has finished cleanly [pid 30233]
[INFO] [lifecycle_manager-19]: process has finished cleanly [pid 30243]
[planner_server-11] [INFO] [1790836421.189404911] [planner_server]: Deactivating plugin GridBased of type NavfnPlanner
[planner_server-11] [INFO] [1790836421.189443307] [planner_server]: Destroying bond (planner_server) to lifecycle manager.
[planner_server-11] [INFO] [1790836421.199699570] [planner_server]: Cleaning up
[planner_server-11] [INFO] [1790836421.215480026] [global_costmap.global_costmap]: Cleaning up
[planner_server-11] [INFO] [1790836421.222057542] [planner_server]: Cleaning up plugin GridBased of type NavfnPlanner
[planner_server-11] [INFO] [1790836421.222545308] [planner_server]: Destroying plugin GridBased of type NavfnPlanner
[planner_server-11] [INFO] [1790836421.242306612] [planner_server]: Destroying bond (planner_server) to lifecycle manager.
[planner_server-11] [INFO] [1790836421.247372550] [global_costmap.global_costmap]: Destroying
[planner_server-11] [INFO] [1790836421.263348446] [planner_server]: Destroying
[INFO] [planner_server-11]: process has finished cleanly [pid 30235]
[gz-7] [1;36m[Dbg] [SimulationRunner.cc:551] [0m[1;36mCreating PostUpdate worker threads: [0m[1;36m6[0m[1;36m[0m
[gz-7] [1;36m[Dbg] [SimulationRunner.cc:562] [0m[1;36mCreating postupdate worker thread ([0m[1;36m0[0m[1;36m)[0m[1;36m[0m
[gz-7] [1;36m[Dbg] [SimulationRunner.cc:562] [0m[1;36mCreating postupdate worker thread ([0m[1;36m1[0m[1;36m)[0m[1;36m[0m
[gz-7] [1;36m[Dbg] [SimulationRunner.cc:562] [0m[1;36mCreating postupdate worker thread ([0m[1;36m2[0m[1;36m)[0m[1;36m[0m
[gz-7] [1;36m[Dbg] [SimulationRunner.cc:562] [0m[1;36mCreating postupdate worker thread ([0m[1;36m3[0m[1;36m)[0m[1;36m[0m
[gz-7] [1;36m[Dbg] [SimulationRunner.cc:562] [0m[1;36mCreating postupdate worker thread ([0m[1;36m4[0m[1;36m)[0m[1;36m[0m
[gz-7] [1;36m[Dbg] [RenderUtil.cc:2646] [0m[1;36mCreate scene [[0m[1;36mscene[0m[1;36m][0m[1;36m[0m
[gz-7] [1;36m[Dbg] [Sensors.cc:953] [0m[1;36mInitialization needed[0m[1;36m[0m
[gz-7] [1;36m[Dbg] [Sensors.cc:391] [0m[1;36mRendering Thread initialized[0m[1;36m[0m
[gz-7] [1;36m[Dbg] [RgbdCameraSensor.cc:210] [0m[1;36mRGB images for [[0m[1;36mturtlebot4::oakd_rgb_camera_frame::rgbd_camera[0m[1;36m] advertised on [[0m[1;36mrgbd_camera[0m[1;36m/image][0m[1;36m[0m
[gz-7] [1;36m[Dbg] [RgbdCameraSensor.cc:224] [0m[1;36mDepth images for [[0m[1;36mturtlebot4::oakd_rgb_camera_frame::rgbd_camera[0m[1;36m] advertised on [[0m[1;36mrgbd_camera[0m[1;36m/depth_image][0m[1;36m[0m
[gz-7] [1;36m[Dbg] [RgbdCameraSensor.cc:238] [0m[1;36mPoints for [[0m[1;36mturtlebot4::oakd_rgb_camera_frame::rgbd_camera[0m[1;36m] advertised on [[0m[1;36mrgbd_camera[0m[1;36m/points][0m[1;36m[0m
[gz-7] [1;36m[Dbg] [CameraSensor.cc:695] [0m[1;36mCamera info for [[0m[1;36mturtlebot4::oakd_rgb_camera_frame::rgbd_camera[0m[1;36m] advertised on [[0m[1;36mrgbd_camera/camera_info[0m[1;36m][0m[1;36m[0m
[gz-7] [1;36m[Dbg] [Lidar.cc:139] [0m[1;36mLaser scans for [[0m[1;36mturtlebot4::rplidar_link::rplidar[0m[1;36m] advertised on [[0m[1;36mscan[0m[1;36m][0m[1;36m[0m
[gz-7] [1;36m[Dbg] [GpuLidarSensor.cc:164] [0m[1;36mLidar points for [[0m[1;36mturtlebot4::rplidar_link::rplidar[0m[1;36m] advertised on [[0m[1;36mscan/points[0m[1;36m][0m[1;36m[0m
[gz-7] [1;36m[Dbg] [SignalHandler.cc:142] [0m[1;36mReceived signal[[0m[1;36m2[0m[1;36m].[0m
[gz-7] [1;36m[Dbg] [ServerPrivate.cc:122] [0m[1;36mServer received signal[[0m[1;36m2[0m[1;36m][0m
[gz-7] [1;36m[Dbg] [Sensors.cc:565] [0m[1;36mSensorsPrivate::Stop[0m[1;36m[0m
[gz-7] [1;36m[Dbg] [Sensors.cc:551] [0m[1;36mSensorsPrivate::RenderThread stopped[0m[1;36m[0m
[gz-7] [1;36m[Dbg] [gz.cc:434] [0m[1;36mShutting down gz-sim-server[0m[1;36m[0m
[gz-7] [1;36m[Dbg] [SimulationRunner.cc:578] [0m[1;36mExiting postupdate worker thread ([0m[1;36m4[0m[1;36m)[0m[1;36m[0m
[gz-7] [1;36mExiting postupdate worker thread ([0m[1;36m0[0m[1;36m
[gz-7] [Dbg] [SimulationRunner.cc:578] [0m[1;36mExiting postupdate worker thread ([0m[1;36mExiting postupdate worker thread ([0m[1;36m0[0m[1;36m)Exiting postupdate worker thread ([0m[1;36m2[0m[1;36m1[0m[1;36m)[0m[1;36m[0m
[gz-7] [1;36mExiting postupdate worker thread ([0m[1;36m)[0m[1;36m3[0m[1;36m3[0m[1;36m)[0m[1;36m[0m
[gz-7] [1;36m[0m
[gz-7] [1;36m[0m
[gz-7] [1;36m[Dbg] [Sensors.cc:565] [0m[1;36mSensorsPrivate::Stop[0m[1;36m[0m
[INFO] [gz-7]: process has finished cleanly [pid 29849]
Experiment stopped.
