time_s,goal_id,decision_id,poses,path_length_m,endpoint_x,endpoint_y,frontier_x,frontier_y,endpoint_error_m,usable
27.166535139,1,1,16,0.814918761,0.780995704,0.284521034,0.780995704,0.284521034,0.000000000,1
28.200693130,1,1,16,0.814918761,0.780995704,0.284521034,0.780995704,0.284521034,0.000000000,1
29.250175714,1,1,16,0.814918761,0.780995704,0.284521034,0.780995704,0.284521034,0.000000000,1
30.240381718,1,1,14,0.719919418,0.780995704,0.284521034,0.780995704,0.284521034,0.000000000,1
31.297450304,1,1,14,0.719919418,0.780995704,0.284521034,0.780995704,0.284521034,0.000000000,1
32.292942047,1,1,13,0.624634100,0.780995704,0.284521034,0.780995704,0.284521034,0.000000000,1
33.375920773,1,1,11,0.530156465,0.780995704,0.284521034,0.780995704,0.284521034,0.000000000,1
34.347563028,1,1,11,0.534867471,0.780995704,0.284521034,0.780995704,0.284521034,0.000000000,1
35.393810749,1,1,9,0.440511181,0.780995704,0.284521034,0.780995704,0.284521034,0.000000000,1
36.416636705,1,1,8,0.411712995,0.780995704,0.284521034,0.780995704,0.284521034,0.000000000,1
95.214457750,2,2,92,4.572735865,2.780995734,4.078054903,2.780995734,4.078054903,0.000000000,1
96.161125422,2,2,92,4.572735865,2.780995734,4.078054903,2.780995734,4.078054903,0.000000000,1
97.223720074,2,2,92,4.572735865,2.780995734,4.078054903,2.780995734,4.078054903,0.000000000,1
98.221677780,2,2,92,4.572735865,2.780995734,4.078054903,2.780995734,4.078054903,0.000000000,1
99.341173887,2,2,89,4.445086668,2.780995734,4.078054903,2.780995734,4.078054903,0.000000000,1
100.244862795,2,2,86,4.308723557,2.780995734,4.078054903,2.780995734,4.078054903,0.000000000,1
101.275154114,2,2,84,4.218600704,2.780995734,4.078054903,2.780995734,4.078054903,0.000000000,1
102.322841883,2,2,84,4.173813035,2.780995734,4.078054903,2.780995734,4.078054903,0.000000000,1
103.366526604,2,2,82,4.081086116,2.780995734,4.078054903,2.780995734,4.078054903,0.000000000,1
104.343648434,2,2,79,3.945653105,2.780995734,4.078054903,2.780995734,4.078054903,0.000000000,1
105.383259773,2,2,77,3.860919450,2.780995734,4.078054903,2.780995734,4.078054903,0.000000000,1
106.474698782,2,2,77,3.860919450,2.780995734,4.078054903,2.780995734,4.078054903,0.000000000,1
107.492359400,2,2,75,3.767641460,2.780995734,4.078054903,2.780995734,4.078054903,0.000000000,1
108.500167131,2,2,75,3.724894942,2.780995734,4.078054903,2.780995734,4.078054903,0.000000000,1
109.555925608,2,2,73,3.642342327,2.780995734,4.078054903,2.780995734,4.078054903,0.000000000,1
110.573148727,2,2,71,3.549869864,2.780995734,4.078054903,2.780995734,4.078054903,0.000000000,1
111.612951994,2,2,68,3.413080884,2.780995734,4.078054903,2.780995734,4.078054903,0.000000000,1
112.658230305,2,2,67,3.331001818,2.780995734,4.078054903,2.780995734,4.078054903,0.000000000,1
113.649672985,2,2,65,3.237556019,2.780995734,4.078054903,2.780995734,4.078054903,0.000000000,1
114.708170414,2,2,62,3.098787277,2.780995734,4.078054903,2.780995734,4.078054903,0.000000000,1
115.715339661,2,2,60,3.017233421,2.780995734,4.078054903,2.780995734,4.078054903,0.000000000,1
116.731302261,2,2,60,3.017233421,2.780995734,4.078054903,2.780995734,4.078054903,0.000000000,1
117.782069921,2,2,58,2.881123138,2.780995734,4.078054903,2.780995734,4.078054903,0.000000000,1
118.802427053,2,2,56,2.786457457,2.780995734,4.078054903,2.780995734,4.078054903,0.000000000,1
119.806269884,2,2,53,2.660099755,2.780995734,4.078054903,2.780995734,4.078054903,0.000000000,1
120.858785152,2,2,51,2.565428258,2.780995734,4.078054903,2.780995734,4.078054903,0.000000000,1
121.848845243,2,2,49,2.427812740,2.780995734,4.078054903,2.780995734,4.078054903,0.000000000,1
122.923896313,2,2,47,2.348837152,2.780995734,4.078054903,2.780995734,4.078054903,0.000000000,1
123.917717457,2,2,45,2.255274881,2.780995734,4.078054903,2.780995734,4.078054903,0.000000000,1
124.986654997,2,2,44,2.210445843,2.780995734,4.078054903,2.780995734,4.078054903,0.000000000,1
125.991949558,2,2,43,2.134446388,2.780995734,4.078054903,2.780995734,4.078054903,0.000000000,1
127.038720369,2,2,40,1.992693301,2.780995734,4.078054903,2.780995734,4.078054903,0.000000000,1
128.040680885,2,2,38,1.897138481,2.780995734,4.078054903,2.780995734,4.078054903,0.000000000,1
129.103344202,2,2,38,1.897138481,2.780995734,4.078054903,2.780995734,4.078054903,0.000000000,1
130.104337215,2,2,35,1.758248569,2.780995734,4.078054903,2.780995734,4.078054903,0.000000000,1
131.178521395,2,2,33,1.669757211,2.780995734,4.078054903,2.780995734,4.078054903,0.000000000,1
132.172234774,2,2,31,1.540534834,2.780995734,4.078054903,2.780995734,4.078054903,0.000000000,1
133.184958935,2,2,29,1.449138555,2.780995734,4.078054903,2.780995734,4.078054903,0.000000000,1
134.203549385,2,2,26,1.308525725,2.780995734,4.078054903,2.780995734,4.078054903,0.000000000,1
135.243898153,2,2,26,1.308525725,2.780995734,4.078054903,2.780995734,4.078054903,0.000000000,1
136.291248083,2,2,23,1.170135073,2.780995734,4.078054903,2.780995734,4.078054903,0.000000000,1
137.311015844,2,2,22,1.087621362,2.780995734,4.078054903,2.780995734,4.078054903,0.000000000,1
138.339606285,2,2,19,0.946874883,2.780995734,4.078054903,2.780995734,4.078054903,0.000000000,1
139.372084856,2,2,19,0.946874883,2.780995734,4.078054903,2.780995734,4.078054903,0.000000000,1
140.387495041,2,2,16,0.808956563,2.780995734,4.078054903,2.780995734,4.078054903,0.000000000,1
141.394103765,2,2,14,0.721940844,2.780995734,4.078054903,2.780995734,4.078054903,0.000000000,1
142.425228834,2,2,14,0.730916825,2.780995734,4.078054903,2.780995734,4.078054903,0.000000000,1
143.465546608,2,2,12,0.593619900,2.780995734,4.078054903,2.780995734,4.078054903,0.000000000,1
144.491518736,2,2,12,0.594967128,2.780995734,4.078054903,2.780995734,4.078054903,0.000000000,1
145.569313526,2,2,12,0.594967128,2.780995734,4.078054903,2.780995734,4.078054903,0.000000000,1
146.570216179,2,2,9,0.455057385,2.780995734,4.078054903,2.780995734,4.078054903,0.000000000,1
147.576038837,2,2,9,0.458509328,2.780995734,4.078054903,2.780995734,4.078054903,0.000000000,1
148.609264374,2,2,9,0.458509328,2.780995734,4.078054903,2.780995734,4.078054903,0.000000000,1
187.499699593,3,3,147,7.459271379,-1.560840813,9.266640932,-1.560840813,9.266640932,0.000000000,1
188.414842844,3,3,147,7.459271379,-1.560840813,9.266640932,-1.560840813,9.266640932,0.000000000,1
189.468685865,3,3,147,7.459271379,-1.560840813,9.266640932,-1.560840813,9.266640932,0.000000000,1
190.562298059,3,3,147,7.459271379,-1.560840813,9.266640932,-1.560840813,9.266640932,0.000000000,1
191.620333195,3,3,147,7.459271379,-1.560840813,9.266640932,-1.560840813,9.266640932,0.000000000,1
192.610471010,3,3,149,7.515962779,-1.560840813,9.266640932,-1.560840813,9.266640932,0.000000000,1
193.651877403,3,3,149,7.515962779,-1.560840813,9.266640932,-1.560840813,9.266640932,0.000000000,1
194.713157415,3,3,146,7.373933130,-1.560840813,9.266640932,-1.560840813,9.266640932,0.000000000,1
195.818938255,3,3,142,7.171411028,-1.560840813,9.266640932,-1.560840813,9.266640932,0.000000000,1
196.766204119,3,3,142,7.095184827,-1.560840813,9.266640932,-1.560840813,9.266640932,0.000000000,1
197.818649292,3,3,137,6.939605542,-1.560840813,9.266640932,-1.560840813,9.266640932,0.000000000,1
198.949497461,3,3,137,6.874657017,-1.560840813,9.266640932,-1.560840813,9.266640932,0.000000000,1
199.886026144,3,3,136,6.823997853,-1.560840813,9.266640932,-1.560840813,9.266640932,0.000000000,1
200.912574053,3,3,135,6.753107207,-1.560840813,9.266640932,-1.560840813,9.266640932,0.000000000,1
201.953893185,3,3,132,6.604735736,-1.560840813,9.266640932,-1.560840813,9.266640932,0.000000000,1
203.047567368,3,3,133,6.639578228,-1.560840813,9.266640932,-1.560840813,9.266640932,0.000000000,1
204.031630993,3,3,130,6.535784297,-1.560840813,9.266640932,-1.560840813,9.266640932,0.000000000,1
205.060385466,3,3,129,6.439429075,-1.560840813,9.266640932,-1.560840813,9.266640932,0.000000000,1
206.139588594,3,3,127,6.374255336,-1.560840813,9.266640932,-1.560840813,9.266640932,0.000000000,1
207.176839113,3,3,125,6.238089963,-1.560840813,9.266640932,-1.560840813,9.266640932,0.000000000,1
208.146881104,3,3,125,6.251320623,-1.560840813,9.266640932,-1.560840813,9.266640932,0.000000000,1
209.153894186,3,3,120,6.068128090,-1.560840813,9.266640932,-1.560840813,9.266640932,0.000000000,1
210.186534882,3,3,119,5.991120727,-1.560840813,9.266640932,-1.560840813,9.266640932,0.000000000,1
211.217021704,3,3,118,5.928598889,-1.560840813,9.266640932,-1.560840813,9.266640932,0.000000000,1
212.276199102,3,3,116,5.850336323,-1.560840813,9.266640932,-1.560840813,9.266640932,0.000000000,1
213.311525822,3,3,113,5.708842248,-1.560840813,9.266640932,-1.560840813,9.266640932,0.000000000,1
214.327632189,3,3,114,5.769879591,-1.560840813,9.266640932,-1.560840813,9.266640932,0.000000000,1
215.369680882,3,3,110,5.568162800,-1.560840813,9.266640932,-1.560840813,9.266640932,0.000000000,1
216.387841225,3,3,107,5.395240068,-1.560840813,9.266640932,-1.560840813,9.266640932,0.000000000,1
217.449787617,3,3,106,5.352824297,-1.560840813,9.266640932,-1.560840813,9.266640932,0.000000000,1
218.468146086,3,3,104,5.274122463,-1.560840813,9.266640932,-1.560840813,9.266640932,0.000000000,1
219.527211428,3,3,104,5.274078777,-1.560840813,9.266640932,-1.560840813,9.266640932,0.000000000,1
220.520498276,3,3,101,5.102487406,-1.560840813,9.266640932,-1.560840813,9.266640932,0.000000000,1
221.568541765,3,3,97,4.925428812,-1.560840813,9.266640932,-1.560840813,9.266640932,0.000000000,1
222.626027822,3,3,97,4.890606555,-1.560840813,9.266640932,-1.560840813,9.266640932,0.000000000,1
223.664324999,3,3,95,4.817383101,-1.560840813,9.266640932,-1.560840813,9.266640932,0.000000000,1
224.704804897,3,3,91,4.603717765,-1.560840813,9.266640932,-1.560840813,9.266640932,0.000000000,1
225.761678696,3,3,90,4.570314642,-1.560840813,9.266640932,-1.560840813,9.266640932,0.000000000,1
226.783937693,3,3,88,4.461111699,-1.560840813,9.266640932,-1.560840813,9.266640932,0.000000000,1
227.822213650,3,3,87,4.413525135,-1.560840813,9.266640932,-1.560840813,9.266640932,0.000000000,1
228.821838856,3,3,85,4.270125123,-1.560840813,9.266640932,-1.560840813,9.266640932,0.000000000,1
229.880668402,3,3,85,4.270125123,-1.560840813,9.266640932,-1.560840813,9.266640932,0.000000000,1
230.939237595,3,3,81,4.079190518,-1.560840813,9.266640932,-1.560840813,9.266640932,0.000000000,1
231.939830303,3,3,79,3.984562853,-1.560840813,9.266640932,-1.560840813,9.266640932,0.000000000,1
232.942719221,3,3,77,3.880490911,-1.560840813,9.266640932,-1.560840813,9.266640932,0.000000000,1
234.008400679,3,3,75,3.872366820,-1.560840813,9.266640932,-1.560840813,9.266640932,0.000000000,1
235.020735741,3,3,74,3.805606529,-1.560840813,9.266640932,-1.560840813,9.266640932,0.000000000,1
236.050004005,3,3,69,3.557614463,-1.560840813,9.266640932,-1.560840813,9.266640932,0.000000000,1
237.079148531,3,3,67,3.454923573,-1.560840813,9.266640932,-1.560840813,9.266640932,0.000000000,1
238.096139908,3,3,65,3.357559083,-1.560840813,9.266640932,-1.560840813,9.266640932,0.000000000,1
239.082921028,3,3,63,3.260389003,-1.560840813,9.266640932,-1.560840813,9.266640932,0.000000000,1
240.158050299,3,3,61,3.165965784,-1.560840813,9.266640932,-1.560840813,9.266640932,0.000000000,1
241.139283895,3,3,61,3.140840077,-1.560840813,9.266640932,-1.560840813,9.266640932,0.000000000,1
242.170726061,3,3,61,3.135434530,-1.560840813,9.266640932,-1.560840813,9.266640932,0.000000000,1
243.171344757,3,3,56,2.890942636,-1.560840813,9.266640932,-1.560840813,9.266640932,0.000000000,1
244.205054998,3,3,52,2.671269777,-1.560840813,9.266640932,-1.560840813,9.266640932,0.000000000,1
245.241379738,3,3,52,2.671269777,-1.560840813,9.266640932,-1.560840813,9.266640932,0.000000000,1
246.251037121,3,3,49,2.533054694,-1.560840813,9.266640932,-1.560840813,9.266640932,0.000000000,1
247.284828901,3,3,46,2.403454574,-1.560840813,9.266640932,-1.560840813,9.266640932,0.000000000,1
248.328746319,3,3,45,2.307552533,-1.560840813,9.266640932,-1.560840813,9.266640932,0.000000000,1
249.376626968,3,3,43,2.212522482,-1.560840813,9.266640932,-1.560840813,9.266640932,0.000000000,1
250.373717785,3,3,43,2.212522482,-1.560840813,9.266640932,-1.560840813,9.266640932,0.000000000,1
251.419989109,3,3,38,1.990294640,-1.560840813,9.266640932,-1.560840813,9.266640932,0.000000000,1
252.460284710,3,3,38,1.990294640,-1.560840813,9.266640932,-1.560840813,9.266640932,0.000000000,1
253.454466581,3,3,34,1.799181608,-1.560840813,9.266640932,-1.560840813,9.266640932,0.000000000,1
254.469168663,3,3,32,1.704360738,-1.560840813,9.266640932,-1.560840813,9.266640932,0.000000000,1
255.479273081,3,3,30,1.576848616,-1.560840813,9.266640932,-1.560840813,9.266640932,0.000000000,1
256.511850119,3,3,28,1.481309604,-1.560840813,9.266640932,-1.560840813,9.266640932,0.000000000,1
257.549426794,3,3,26,1.386422495,-1.560840813,9.266640932,-1.560840813,9.266640932,0.000000000,1
258.560770035,3,3,26,1.386422495,-1.560840813,9.266640932,-1.560840813,9.266640932,0.000000000,1
259.571066618,3,3,24,1.292254376,-1.560840813,9.266640932,-1.560840813,9.266640932,0.000000000,1
260.631671429,3,3,22,1.163772647,-1.560840813,9.266640932,-1.560840813,9.266640932,0.000000000,1
261.669905663,3,3,20,1.068947865,-1.560840813,9.266640932,-1.560840813,9.266640932,0.000000000,1
262.648623943,3,3,18,0.974151357,-1.560840813,9.266640932,-1.560840813,9.266640932,0.000000000,1
263.714946747,3,3,18,0.974151357,-1.560840813,9.266640932,-1.560840813,9.266640932,0.000000000,1
264.733270884,3,3,16,0.882065068,-1.560840813,9.266640932,-1.560840813,9.266640932,0.000000000,1
265.754699945,3,3,15,0.844942949,-1.560840813,9.266640932,-1.560840813,9.266640932,0.000000000,1
266.767444611,3,3,13,0.750132113,-1.560840813,9.266640932,-1.560840813,9.266640932,0.000000000,1
267.785944939,3,3,13,0.750132113,-1.560840813,9.266640932,-1.560840813,9.266640932,0.000000000,1
268.893944979,3,3,11,0.657242938,-1.560840813,9.266640932,-1.560840813,9.266640932,0.000000000,1
269.941760063,3,3,11,0.657242938,-1.560840813,9.266640932,-1.560840813,9.266640932,0.000000000,1
270.927818775,3,3,9,0.525131720,-1.560840813,9.266640932,-1.560840813,9.266640932,0.000000000,1
271.885410786,3,3,9,0.525131720,-1.560840813,9.266640932,-1.560840813,9.266640932,0.000000000,1
313.116321564,4,4,246,12.370746986,-6.068492861,6.366640889,-6.068492861,6.366640889,0.000000000,1
314.084071159,4,4,245,12.332609409,-6.068492861,6.366640889,-6.068492861,6.366640889,0.000000000,1
315.199841499,4,4,245,12.332609409,-6.068492861,6.366640889,-6.068492861,6.366640889,0.000000000,1
316.186544418,4,4,243,12.250576276,-6.068492861,6.366640889,-6.068492861,6.366640889,0.000000000,1
317.247112036,4,4,243,12.249097914,-6.068492861,6.366640889,-6.068492861,6.366640889,0.000000000,1
318.295682669,4,4,241,12.143175854,-6.068492861,6.366640889,-6.068492861,6.366640889,0.000000000,1
319.300167084,4,4,239,12.017861356,-6.068492861,6.366640889,-6.068492861,6.366640889,0.000000000,1
320.339026928,4,4,239,12.017861356,-6.068492861,6.366640889,-6.068492861,6.366640889,0.000000000,1
321.327311993,4,4,236,11.872083854,-6.068492861,6.366640889,-6.068492861,6.366640889,0.000000000,1
322.326058149,4,4,236,11.872083854,-6.068492861,6.366640889,-6.068492861,6.366640889,0.000000000,1
323.401983738,4,4,235,11.823346516,-6.068492861,6.366640889,-6.068492861,6.366640889,0.000000000,1
324.447419882,4,4,233,11.728234059,-6.068492861,6.366640889,-6.068492861,6.366640889,0.000000000,1
325.434108496,4,4,232,11.674220972,-6.068492861,6.366640889,-6.068492861,6.366640889,0.000000000,1
326.495266438,4,4,231,11.644825508,-6.068492861,6.366640889,-6.068492861,6.366640889,0.000000000,1
327.541518927,4,4,228,11.499753804,-6.068492861,6.366640889,-6.068492861,6.366640889,0.000000000,1
328.524837017,4,4,228,11.498406630,-6.068492861,6.366640889,-6.068492861,6.366640889,0.000000000,1
329.593854666,4,4,226,11.408097874,-6.068492861,6.366640889,-6.068492861,6.366640889,0.000000000,1
330.608343601,4,4,226,11.409951277,-6.068492861,6.366640889,-6.068492861,6.366640889,0.000000000,1
331.635713100,4,4,224,11.263738832,-6.068492861,6.366640889,-6.068492861,6.366640889,0.000000000,1
332.664699078,4,4,224,11.307194247,-6.068492861,6.366640889,-6.068492861,6.366640889,0.000000000,1
333.701125622,4,4,223,11.220338482,-6.068492861,6.366640889,-6.068492861,6.366640889,0.000000000,1
334.753845692,4,4,223,11.231738888,-6.068492861,6.366640889,-6.068492861,6.366640889,0.000000000,1
335.921854734,4,4,220,11.079881260,-6.068492861,6.366640889,-6.068492861,6.366640889,0.000000000,1
336.907249212,4,4,217,10.945824272,-6.068492861,6.366640889,-6.068492861,6.366640889,0.000000000,1
337.896379709,4,4,216,10.899575333,-6.068492861,6.366640889,-6.068492861,6.366640889,0.000000000,1
338.901340723,4,4,216,10.899575333,-6.068492861,6.366640889,-6.068492861,6.366640889,0.000000000,1
339.974804878,4,4,214,10.806195765,-6.068492861,6.366640889,-6.068492861,6.366640889,0.000000000,1
340.965646029,4,4,213,10.761344669,-6.068492861,6.366640889,-6.068492861,6.366640889,0.000000000,1
341.996091843,4,4,211,10.633392439,-6.068492861,6.366640889,-6.068492861,6.366640889,0.000000000,1
343.094428778,4,4,211,10.624083921,-6.068492861,6.366640889,-6.068492861,6.366640889,0.000000000,1
344.118111372,4,4,211,10.624083921,-6.068492861,6.366640889,-6.068492861,6.366640889,0.000000000,1
345.142358065,4,4,211,10.638920457,-6.068492861,6.366640889,-6.068492861,6.366640889,0.000000000,1
346.166518211,4,4,211,10.638920457,-6.068492861,6.366640889,-6.068492861,6.366640889,0.000000000,1
347.211352110,4,4,211,10.638920457,-6.068492861,6.366640889,-6.068492861,6.366640889,0.000000000,1
348.279706001,4,4,211,10.624083921,-6.068492861,6.366640889,-6.068492861,6.366640889,0.000000000,1
349.324846745,4,4,211,10.638920457,-6.068492861,6.366640889,-6.068492861,6.366640889,0.000000000,1
350.352644682,4,4,211,10.638920457,-6.068492861,6.366640889,-6.068492861,6.366640889,0.000000000,1
351.353712559,4,4,210,10.573538595,-6.068492861,6.366640889,-6.068492861,6.366640889,0.000000000,1
352.498388290,4,4,207,10.440981219,-6.068492861,6.366640889,-6.068492861,6.366640889,0.000000000,1
353.477680683,4,4,206,10.398359565,-6.068492861,6.366640889,-6.068492861,6.366640889,0.000000000,1
354.550607681,4,4,206,10.395443787,-6.068492861,6.366640889,-6.068492861,6.366640889,0.000000000,1
355.537598372,4,4,204,10.321580604,-6.068492861,6.366640889,-6.068492861,6.366640889,0.000000000,1
356.576441288,4,4,202,10.189292450,-6.068492861,6.366640889,-6.068492861,6.366640889,0.000000000,1
357.680425882,4,4,199,10.046696686,-6.068492861,6.366640889,-6.068492861,6.366640889,0.000000000,1
358.635432005,4,4,199,10.041448821,-6.068492861,6.366640889,-6.068492861,6.366640889,0.000000000,1
359.671832085,4,4,195,9.846953529,-6.068492861,6.366640889,-6.068492861,6.366640889,0.000000000,1
360.786893606,4,4,194,9.788911567,-6.068492861,6.366640889,-6.068492861,6.366640889,0.000000000,1
361.766952038,4,4,191,9.649798019,-6.068492861,6.366640889,-6.068492861,6.366640889,0.000000000,1
362.794699907,4,4,190,9.567002906,-6.068492861,6.366640889,-6.068492861,6.366640889,0.000000000,1
363.847455502,4,4,188,9.497834651,-6.068492861,6.366640889,-6.068492861,6.366640889,0.000000000,1
364.824025869,4,4,188,9.497834651,-6.068492861,6.366640889,-6.068492861,6.366640889,0.000000000,1
365.976247787,4,4,185,9.334966880,-6.068492861,6.366640889,-6.068492861,6.366640889,0.000000000,1
366.923168898,4,4,184,9.297597027,-6.068492861,6.366640889,-6.068492861,6.366640889,0.000000000,1
368.059820414,4,4,182,9.197940268,-6.068492861,6.366640889,-6.068492861,6.366640889,0.000000000,1
369.049926281,4,4,179,9.034510883,-6.068492861,6.366640889,-6.068492861,6.366640889,0.000000000,1
370.031775236,4,4,174,8.781762087,-6.068492861,6.366640889,-6.068492861,6.366640889,0.000000000,1
371.045586586,4,4,174,8.781762087,-6.068492861,6.366640889,-6.068492861,6.366640889,0.000000000,1
372.082569361,4,4,170,8.583640090,-6.068492861,6.366640889,-6.068492861,6.366640889,0.000000000,1
373.140222788,4,4,168,8.480528220,-6.068492861,6.366640889,-6.068492861,6.366640889,0.000000000,1
374.255578995,4,4,164,8.319896836,-6.068492861,6.366640889,-6.068492861,6.366640889,0.000000000,1
375.323280573,4,4,164,8.288400699,-6.068492861,6.366640889,-6.068492861,6.366640889,0.000000000,1
376.295112133,4,4,162,8.188440724,-6.068492861,6.366640889,-6.068492861,6.366640889,0.000000000,1
377.304954767,4,4,160,8.099724855,-6.068492861,6.366640889,-6.068492861,6.366640889,0.000000000,1
378.533530474,4,4,158,8.003841466,-6.068492861,6.366640889,-6.068492861,6.366640889,0.000000000,1
379.423368692,4,4,156,7.901073660,-6.068492861,6.366640889,-6.068492861,6.366640889,0.000000000,1
380.465042830,4,4,155,7.814424554,-6.068492861,6.366640889,-6.068492861,6.366640889,0.000000000,1
381.498479128,4,4,151,7.605338067,-6.068492861,6.366640889,-6.068492861,6.366640889,0.000000000,1
382.522325754,4,4,149,7.513979441,-6.068492861,6.366640889,-6.068492861,6.366640889,0.000000000,1
383.515736341,4,4,147,7.426648945,-6.068492861,6.366640889,-6.068492861,6.366640889,0.000000000,1
384.608658791,4,4,144,7.289653875,-6.068492861,6.366640889,-6.068492861,6.366640889,0.000000000,1
385.624599457,4,4,141,7.140343563,-6.068492861,6.366640889,-6.068492861,6.366640889,0.000000000,1
386.653338671,4,4,141,7.135128143,-6.068492861,6.366640889,-6.068492861,6.366640889,0.000000000,1
387.653216124,4,4,139,7.020519327,-6.068492861,6.366640889,-6.068492861,6.366640889,0.000000000,1
388.751242161,4,4,137,6.905498200,-6.068492861,6.366640889,-6.068492861,6.366640889,0.000000000,1
389.734257936,4,4,134,6.808736621,-6.068492861,6.366640889,-6.068492861,6.366640889,0.000000000,1
390.819208145,4,4,132,6.711731166,-6.068492861,6.366640889,-6.068492861,6.366640889,0.000000000,1
391.814061642,4,4,133,6.724603665,-6.068492861,6.366640889,-6.068492861,6.366640889,0.000000000,1
392.843166590,4,4,131,6.628568752,-6.068492861,6.366640889,-6.068492861,6.366640889,0.000000000,1
393.853805542,4,4,129,6.529061402,-6.068492861,6.366640889,-6.068492861,6.366640889,0.000000000,1
394.880032778,4,4,127,6.429684019,-6.068492861,6.366640889,-6.068492861,6.366640889,0.000000000,1
395.942723274,4,4,127,6.425569954,-6.068492861,6.366640889,-6.068492861,6.366640889,0.000000000,1
397.014646769,4,4,125,6.328050298,-6.068492861,6.366640889,-6.068492861,6.366640889,0.000000000,1
398.037376881,4,4,124,6.277894204,-6.068492861,6.366640889,-6.068492861,6.366640889,0.000000000,1
399.083428860,4,4,122,6.176039958,-6.068492861,6.366640889,-6.068492861,6.366640889,0.000000000,1
400.100764275,4,4,120,6.075456562,-6.068492861,6.366640889,-6.068492861,6.366640889,0.000000000,1
401.119895458,4,4,120,6.076772336,-6.068492861,6.366640889,-6.068492861,6.366640889,0.000000000,1
402.102273226,4,4,117,5.926282705,-6.068492861,6.366640889,-6.068492861,6.366640889,0.000000000,1
403.145723581,4,4,117,5.919019901,-6.068492861,6.366640889,-6.068492861,6.366640889,0.000000000,1
404.154029608,4,4,115,5.821459675,-6.068492861,6.366640889,-6.068492861,6.366640889,0.000000000,1
405.185946226,4,4,113,5.721021233,-6.068492861,6.366640889,-6.068492861,6.366640889,0.000000000,1
406.218727589,4,4,111,5.621756143,-6.068492861,6.366640889,-6.068492861,6.366640889,0.000000000,1
407.260015011,4,4,111,5.625652380,-6.068492861,6.366640889,-6.068492861,6.366640889,0.000000000,1
408.292736769,4,4,109,5.515335139,-6.068492861,6.366640889,-6.068492861,6.366640889,0.000000000,1
409.300081730,4,4,107,5.413057550,-6.068492861,6.366640889,-6.068492861,6.366640889,0.000000000,1
410.331793785,4,4,105,5.320135039,-6.068492861,6.366640889,-6.068492861,6.366640889,0.000000000,1
411.396253824,4,4,105,5.314758819,-6.068492861,6.366640889,-6.068492861,6.366640889,0.000000000,1
412.461383581,4,4,103,5.213077101,-6.068492861,6.366640889,-6.068492861,6.366640889,0.000000000,1
413.450536966,4,4,101,5.114434833,-6.068492861,6.366640889,-6.068492861,6.366640889,0.000000000,1
414.468463182,4,4,99,5.023046624,-6.068492861,6.366640889,-6.068492861,6.366640889,0.000000000,1
415.483520031,4,4,97,4.922832557,-6.068492861,6.366640889,-6.068492861,6.366640889,0.000000000,1
416.501152754,4,4,97,4.927435210,-6.068492861,6.366640889,-6.068492861,6.366640889,0.000000000,1
417.535204649,4,4,95,4.827425089,-6.068492861,6.366640889,-6.068492861,6.366640889,0.000000000,1
418.596823215,4,4,93,4.717633641,-6.068492861,6.366640889,-6.068492861,6.366640889,0.000000000,1
419.663402796,4,4,92,4.666448102,-6.068492861,6.366640889,-6.068492861,6.366640889,0.000000000,1
420.661511660,4,4,90,4.587662375,-6.068492861,6.366640889,-6.068492861,6.366640889,0.000000000,1
421.655502319,4,4,90,4.576628330,-6.068492861,6.366640889,-6.068492861,6.366640889,0.000000000,1
422.714155912,4,4,88,4.462901532,-6.068492861,6.366640889,-6.068492861,6.366640889,0.000000000,1
423.718238592,4,4,86,4.360384490,-6.068492861,6.366640889,-6.068492861,6.366640889,0.000000000,1
424.916168690,4,4,84,4.256849378,-6.068492861,6.366640889,-6.068492861,6.366640889,0.000000000,1
426.000869989,4,4,82,4.167424546,-6.068492861,6.366640889,-6.068492861,6.366640889,0.000000000,1
426.869387388,4,4,80,4.073614116,-6.068492861,6.366640889,-6.068492861,6.366640889,0.000000000,1
427.912458897,4,4,78,3.961254584,-6.068492861,6.366640889,-6.068492861,6.366640889,0.000000000,1
428.973403931,4,4,76,3.866538471,-6.068492861,6.366640889,-6.068492861,6.366640889,0.000000000,1
429.964178085,4,4,76,3.872593872,-6.068492861,6.366640889,-6.068492861,6.366640889,0.000000000,1
430.987895012,4,4,74,3.781963809,-6.068492861,6.366640889,-6.068492861,6.366640889,0.000000000,1
432.016160727,4,4,75,3.820245622,-6.068492861,6.366640889,-6.068492861,6.366640889,0.000000000,1
433.086894274,4,4,72,3.667345682,-6.068492861,6.366640889,-6.068492861,6.366640889,0.000000000,1
434.055242777,4,4,70,3.571864860,-6.068492861,6.366640889,-6.068492861,6.366640889,0.000000000,1
435.112893343,4,4,69,3.513334884,-6.068492861,6.366640889,-6.068492861,6.366640889,0.000000000,1
436.167383432,4,4,65,3.339483985,-6.068492861,6.366640889,-6.068492861,6.366640889,0.000000000,1
437.162677765,4,4,62,3.184340566,-6.068492861,6.366640889,-6.068492861,6.366640889,0.000000000,1
438.173564434,4,4,61,3.131487472,-6.068492861,6.366640889,-6.068492861,6.366640889,0.000000000,1
439.245028496,4,4,59,3.030308147,-6.068492861,6.366640889,-6.068492861,6.366640889,0.000000000,1
440.276515007,4,4,59,3.028661594,-6.068492861,6.366640889,-6.068492861,6.366640889,0.000000000,1
441.370470285,4,4,59,3.025173064,-6.068492861,6.366640889,-6.068492861,6.366640889,0.000000000,1
442.419259548,4,4,55,2.827787062,-6.068492861,6.366640889,-6.068492861,6.366640889,0.000000000,1
443.363106966,4,4,53,2.725981881,-6.068492861,6.366640889,-6.068492861,6.366640889,0.000000000,1
444.390551090,4,4,51,2.626826352,-6.068492861,6.366640889,-6.068492861,6.366640889,0.000000000,1
445.419804573,4,4,49,2.524990142,-6.068492861,6.366640889,-6.068492861,6.366640889,0.000000000,1
446.443430424,4,4,45,2.312435886,-6.068492861,6.366640889,-6.068492861,6.366640889,0.000000000,1
447.477519035,4,4,43,2.213259430,-6.068492861,6.366640889,-6.068492861,6.366640889,0.000000000,1
448.512634993,4,4,43,2.218421303,-6.068492861,6.366640889,-6.068492861,6.366640889,0.000000000,1
449.542445421,4,4,40,2.093415902,-6.068492861,6.366640889,-6.068492861,6.366640889,0.000000000,1
450.546296835,4,4,37,1.918960462,-6.068492861,6.366640889,-6.068492861,6.366640889,0.000000000,1
451.571215868,4,4,35,1.814196915,-6.068492861,6.366640889,-6.068492861,6.366640889,0.000000000,1
452.585521460,4,4,33,1.719989374,-6.068492861,6.366640889,-6.068492861,6.366640889,0.000000000,1
453.663078785,4,4,33,1.719989374,-6.068492861,6.366640889,-6.068492861,6.366640889,0.000000000,1
454.672047377,4,4,31,1.621974725,-6.068492861,6.366640889,-6.068492861,6.366640889,0.000000000,1
455.682198286,4,4,29,1.509604726,-6.068492861,6.366640889,-6.068492861,6.366640889,0.000000000,1
456.709012985,4,4,27,1.409911297,-6.068492861,6.366640889,-6.068492861,6.366640889,0.000000000,1
457.748036385,4,4,24,1.299011686,-6.068492861,6.366640889,-6.068492861,6.366640889,0.000000000,1
458.777537823,4,4,24,1.261446607,-6.068492861,6.366640889,-6.068492861,6.366640889,0.000000000,1
459.799559832,4,4,28,1.463339810,-6.068492861,6.366640889,-6.068492861,6.366640889,0.000000000,1
460.818517208,4,4,28,1.463339810,-6.068492861,6.366640889,-6.068492861,6.366640889,0.000000000,1
461.843758345,4,4,18,1.008383459,-6.068492861,6.366640889,-6.068492861,6.366640889,0.000000000,1
462.865138292,4,4,18,1.008383459,-6.068492861,6.366640889,-6.068492861,6.366640889,0.000000000,1
463.894620895,4,4,18,1.008383459,-6.068492861,6.366640889,-6.068492861,6.366640889,0.000000000,1
464.946102858,4,4,16,0.874108868,-6.068492861,6.366640889,-6.068492861,6.366640889,0.000000000,1
465.926783562,4,4,14,0.783675579,-6.068492861,6.366640889,-6.068492861,6.366640889,0.000000000,1
467.361387730,4,4,13,0.740897539,-6.068492861,6.366640889,-6.068492861,6.366640889,0.000000000,1
467.978032827,4,4,11,0.648008388,-6.068492861,6.366640889,-6.068492861,6.366640889,0.000000000,1
468.990170956,4,4,11,0.648008388,-6.068492861,6.366640889,-6.068492861,6.366640889,0.000000000,1
470.051570654,4,4,11,0.648008388,-6.068492861,6.366640889,-6.068492861,6.366640889,0.000000000,1
471.056560040,4,4,9,0.515897102,-6.068492861,6.366640889,-6.068492861,6.366640889,0.000000000,1
472.089691401,4,4,9,0.515897102,-6.068492861,6.366640889,-6.068492861,6.366640889,0.000000000,1
473.099835873,4,4,9,0.515897102,-6.068492861,6.366640889,-6.068492861,6.366640889,0.000000000,1
474.142898798,4,4,9,0.515897102,-6.068492861,6.366640889,-6.068492861,6.366640889,0.000000000,1
475.165097237,4,4,7,0.422367510,-6.068492861,6.366640889,-6.068492861,6.366640889,0.000000000,1
476.186091185,4,4,6,0.397710483,-6.068492861,6.366640889,-6.068492861,6.366640889,0.000000000,1
511.014605999,5,5,270,13.499617925,2.312271906,11.169502845,2.312271906,11.169502845,0.000000000,1
511.993875742,5,5,270,13.499617925,2.312271906,11.169502845,2.312271906,11.169502845,0.000000000,1
513.027309179,5,5,267,13.416341788,2.312271906,11.169502845,2.312271906,11.169502845,0.000000000,1
514.068870306,5,5,269,13.423511646,2.312271906,11.169502845,2.312271906,11.169502845,0.000000000,1
515.111950159,5,5,267,13.346270782,2.312271906,11.169502845,2.312271906,11.169502845,0.000000000,1
516.109341621,5,5,267,13.364164945,2.312271906,11.169502845,2.312271906,11.169502845,0.000000000,1
517.178310871,5,5,266,13.271563330,2.312271906,11.169502845,2.312271906,11.169502845,0.000000000,1
518.159631729,5,5,265,13.222809767,2.312271906,11.169502845,2.312271906,11.169502845,0.000000000,1
519.174732208,5,5,264,13.218074934,2.312271906,11.169502845,2.312271906,11.169502845,0.000000000,1
520.218136311,5,5,263,13.158688169,2.312271906,11.169502845,2.312271906,11.169502845,0.000000000,1
521.350594997,5,5,263,13.122751750,2.312271906,11.169502845,2.312271906,11.169502845,0.000000000,1
522.316184759,5,5,262,13.103909108,2.312271906,11.169502845,2.312271906,11.169502845,0.000000000,1
523.469930410,5,5,261,13.053187993,2.312271906,11.169502845,2.312271906,11.169502845,0.000000000,1
524.461259365,5,5,259,12.964015907,2.312271906,11.169502845,2.312271906,11.169502845,0.000000000,1
525.462170124,5,5,259,12.962611879,2.312271906,11.169502845,2.312271906,11.169502845,0.000000000,1
526.501458883,5,5,259,12.961939207,2.312271906,11.169502845,2.312271906,11.169502845,0.000000000,1
527.547144413,5,5,259,12.962807539,2.312271906,11.169502845,2.312271906,11.169502845,0.000000000,1
528.578697681,5,5,259,12.963433925,2.312271906,11.169502845,2.312271906,11.169502845,0.000000000,1
529.632930756,5,5,259,12.961193601,2.312271906,11.169502845,2.312271906,11.169502845,0.000000000,1
530.661804438,5,5,259,12.962122510,2.312271906,11.169502845,2.312271906,11.169502845,0.000000000,1
531.658480644,5,5,258,12.906929548,2.312271906,11.169502845,2.312271906,11.169502845,0.000000000,1
532.735294104,5,5,261,13.027129428,2.312271906,11.169502845,2.312271906,11.169502845,0.000000000,1
533.701431513,5,5,259,12.942310232,2.312271906,11.169502845,2.312271906,11.169502845,0.000000000,1
534.841009140,5,5,258,12.914571521,2.312271906,11.169502845,2.312271906,11.169502845,0.000000000,1
535.825790405,5,5,257,12.842239794,2.312271906,11.169502845,2.312271906,11.169502845,0.000000000,1
536.841044903,5,5,267,13.340796161,2.312271906,11.169502845,2.312271906,11.169502845,0.000000000,1
537.883896589,5,5,251,12.570718546,2.312271906,11.169502845,2.312271906,11.169502845,0.000000000,1
538.942788363,5,5,251,12.569521725,2.312271906,11.169502845,2.312271906,11.169502845,0.000000000,1
540.038305998,5,5,250,12.475246883,2.312271906,11.169502845,2.312271906,11.169502845,0.000000000,1
541.026543856,5,5,263,13.128957410,2.312271906,11.169502845,2.312271906,11.169502845,0.000000000,1
542.163045645,5,5,246,12.279828424,2.312271906,11.169502845,2.312271906,11.169502845,0.000000000,1
543.122818470,5,5,242,12.192156219,2.312271906,11.169502845,2.312271906,11.169502845,0.000000000,1
544.089228392,5,5,242,12.099072376,2.312271906,11.169502845,2.312271906,11.169502845,0.000000000,1
545.153613329,5,5,238,11.917460021,2.312271906,11.169502845,2.312271906,11.169502845,0.000000000,1
546.158579588,5,5,236,11.801771801,2.312271906,11.169502845,2.312271906,11.169502845,0.000000000,1
547.282010555,5,5,234,11.717348315,2.312271906,11.169502845,2.312271906,11.169502845,0.000000000,1
548.319532871,5,5,232,11.599701392,2.312271906,11.169502845,2.312271906,11.169502845,0.000000000,1
549.334215403,5,5,230,11.500800264,2.312271906,11.169502845,2.312271906,11.169502845,0.000000000,1
550.391824484,5,5,228,11.399801423,2.312271906,11.169502845,2.312271906,11.169502845,0.000000000,1
551.382282019,5,5,226,11.312948126,2.312271906,11.169502845,2.312271906,11.169502845,0.000000000,1
552.447384596,5,5,225,11.240875838,2.312271906,11.169502845,2.312271906,11.169502845,0.000000000,1
553.472652674,5,5,223,11.126134569,2.312271906,11.169502845,2.312271906,11.169502845,0.000000000,1
554.603166342,5,5,221,11.023141022,2.312271906,11.169502845,2.312271906,11.169502845,0.000000000,1
555.645854950,5,5,219,10.954790341,2.312271906,11.169502845,2.312271906,11.169502845,0.000000000,1
556.606751680,5,5,216,10.820343791,2.312271906,11.169502845,2.312271906,11.169502845,0.000000000,1
557.673453093,5,5,214,10.713696467,2.312271906,11.169502845,2.312271906,11.169502845,0.000000000,1
558.693125486,5,5,212,10.617579076,2.312271906,11.169502845,2.312271906,11.169502845,0.000000000,1
559.683634281,5,5,210,10.510564682,2.312271906,11.169502845,2.312271906,11.169502845,0.000000000,1
560.711710691,5,5,209,10.424736377,2.312271906,11.169502845,2.312271906,11.169502845,0.000000000,1
561.737553358,5,5,209,10.422561250,2.312271906,11.169502845,2.312271906,11.169502845,0.000000000,1
562.909051418,5,5,206,10.316088514,2.312271906,11.169502845,2.312271906,11.169502845,0.000000000,1
563.963607311,5,5,203,10.221941856,2.312271906,11.169502845,2.312271906,11.169502845,0.000000000,1
564.883369684,5,5,202,10.107692867,2.312271906,11.169502845,2.312271906,11.169502845,0.000000000,1
566.016699076,5,5,200,10.004724726,2.312271906,11.169502845,2.312271906,11.169502845,0.000000000,1
566.937529325,5,5,200,10.004724726,2.312271906,11.169502845,2.312271906,11.169502845,0.000000000,1
568.023638487,5,5,198,9.960759947,2.312271906,11.169502845,2.312271906,11.169502845,0.000000000,1
569.072920799,5,5,195,9.845962450,2.312271906,11.169502845,2.312271906,11.169502845,0.000000000,1
570.082799673,5,5,194,9.750085501,2.312271906,11.169502845,2.312271906,11.169502845,0.000000000,1
571.130538225,5,5,194,9.750085501,2.312271906,11.169502845,2.312271906,11.169502845,0.000000000,1
572.219422579,5,5,192,9.649762389,2.312271906,11.169502845,2.312271906,11.169502845,0.000000000,1
573.184490204,5,5,198,9.860189339,2.312271906,11.169502845,2.312271906,11.169502845,0.000000000,1
574.288836479,5,5,188,9.449842089,2.312271906,11.169502845,2.312271906,11.169502845,0.000000000,1
575.268229008,5,5,194,9.660359654,2.312271906,11.169502845,2.312271906,11.169502845,0.000000000,1
576.357221603,5,5,187,9.444454630,2.312271906,11.169502845,2.312271906,11.169502845,0.000000000,1
577.357115269,5,5,184,9.250035696,2.312271906,11.169502845,2.312271906,11.169502845,0.000000000,1
578.340607405,5,5,186,9.262861452,2.312271906,11.169502845,2.312271906,11.169502845,0.000000000,1
579.409378767,5,5,180,9.053981965,2.312271906,11.169502845,2.312271906,11.169502845,0.000000000,1
580.377068281,5,5,182,9.093344332,2.312271906,11.169502845,2.312271906,11.169502845,0.000000000,1
581.480090380,5,5,182,9.064470684,2.312271906,11.169502845,2.312271906,11.169502845,0.000000000,1
582.489932775,5,5,176,8.854852470,2.312271906,11.169502845,2.312271906,11.169502845,0.000000000,1
583.550192833,5,5,178,8.864830563,2.312271906,11.169502845,2.312271906,11.169502845,0.000000000,1
584.632879734,5,5,171,8.647404072,2.312271906,11.169502845,2.312271906,11.169502845,0.000000000,1
585.636681080,5,5,171,8.647404072,2.312271906,11.169502845,2.312271906,11.169502845,0.000000000,1
586.726342440,5,5,174,8.665220367,2.312271906,11.169502845,2.312271906,11.169502845,0.000000000,1
587.679172993,5,5,167,8.434788024,2.312271906,11.169502845,2.312271906,11.169502845,0.000000000,1
588.727554321,5,5,170,8.465874300,2.312271906,11.169502845,2.312271906,11.169502845,0.000000000,1
589.758810997,5,5,163,8.235261995,2.312271906,11.169502845,2.312271906,11.169502845,0.000000000,1
590.871522665,5,5,166,8.266795403,2.312271906,11.169502845,2.312271906,11.169502845,0.000000000,1
591.882209539,5,5,166,8.266795403,2.312271906,11.169502845,2.312271906,11.169502845,0.000000000,1
592.850198984,5,5,159,8.035955318,2.312271906,11.169502845,2.312271906,11.169502845,0.000000000,1
593.887330532,5,5,161,8.055591019,2.312271906,11.169502845,2.312271906,11.169502845,0.000000000,1
594.908595562,5,5,155,7.837028212,2.312271906,11.169502845,2.312271906,11.169502845,0.000000000,1
595.977723122,5,5,157,7.856877732,2.312271906,11.169502845,2.312271906,11.169502845,0.000000000,1
597.054893970,5,5,157,7.856877732,2.312271906,11.169502845,2.312271906,11.169502845,0.000000000,1
598.036066771,5,5,151,7.648178768,2.312271906,11.169502845,2.312271906,11.169502845,0.000000000,1
599.193305969,5,5,153,7.659121075,2.312271906,11.169502845,2.312271906,11.169502845,0.000000000,1
600.112712383,5,5,149,7.544302616,2.312271906,11.169502845,2.312271906,11.169502845,0.000000000,1
601.164518356,5,5,149,7.544302616,2.312271906,11.169502845,2.312271906,11.169502845,0.000000000,1
602.181818247,5,5,146,7.352357742,2.312271906,11.169502845,2.312271906,11.169502845,0.000000000,1
603.270438433,5,5,143,7.207604001,2.312271906,11.169502845,2.312271906,11.169502845,0.000000000,1
604.301184416,5,5,141,7.150196058,2.312271906,11.169502845,2.312271906,11.169502845,0.000000000,1
605.320623636,5,5,141,7.150196058,2.312271906,11.169502845,2.312271906,11.169502845,0.000000000,1
606.335860252,5,5,139,7.027800264,2.312271906,11.169502845,2.312271906,11.169502845,0.000000000,1
607.425695419,5,5,137,6.911034460,2.312271906,11.169502845,2.312271906,11.169502845,0.000000000,1
608.422002792,5,5,135,6.820917241,2.312271906,11.169502845,2.312271906,11.169502845,0.000000000,1
609.545222282,5,5,133,6.727065300,2.312271906,11.169502845,2.312271906,11.169502845,0.000000000,1
610.458757639,5,5,132,6.681612832,2.312271906,11.169502845,2.312271906,11.169502845,0.000000000,1
611.467500210,5,5,129,6.519079517,2.312271906,11.169502845,2.312271906,11.169502845,0.000000000,1
612.516328812,5,5,127,6.456442548,2.312271906,11.169502845,2.312271906,11.169502845,0.000000000,1
613.532815695,5,5,126,6.358795675,2.312271906,11.169502845,2.312271906,11.169502845,0.000000000,1
614.539778233,5,5,122,6.187831120,2.312271906,11.169502845,2.312271906,11.169502845,0.000000000,1
615.599065304,5,5,122,6.187831120,2.312271906,11.169502845,2.312271906,11.169502845,0.000000000,1
616.667257309,5,5,119,6.041478330,2.312271906,11.169502845,2.312271906,11.169502845,0.000000000,1
617.685089350,5,5,117,5.941082032,2.312271906,11.169502845,2.312271906,11.169502845,0.000000000,1
618.702052593,5,5,115,5.845304884,2.312271906,11.169502845,2.312271906,11.169502845,0.000000000,1
619.787476301,5,5,113,5.737585917,2.312271906,11.169502845,2.312271906,11.169502845,0.000000000,1
620.731923342,5,5,111,5.636476886,2.312271906,11.169502845,2.312271906,11.169502845,0.000000000,1
621.890932322,5,5,109,5.534645434,2.312271906,11.169502845,2.312271906,11.169502845,0.000000000,1
622.883141756,5,5,107,5.435991383,2.312271906,11.169502845,2.312271906,11.169502845,0.000000000,1
623.897256613,5,5,105,5.334874891,2.312271906,11.169502845,2.312271906,11.169502845,0.000000000,1
624.866760254,5,5,103,5.236233892,2.312271906,11.169502845,2.312271906,11.169502845,0.000000000,1
625.933352947,5,5,101,5.135160727,2.312271906,11.169502845,2.312271906,11.169502845,0.000000000,1
626.961689234,5,5,101,5.142963585,2.312271906,11.169502845,2.312271906,11.169502845,0.000000000,1
627.994940519,5,5,99,5.036535238,2.312271906,11.169502845,2.312271906,11.169502845,0.000000000,1
629.089661121,5,5,97,4.935516911,2.312271906,11.169502845,2.312271906,11.169502845,0.000000000,1
630.042323351,5,5,95,4.836915657,2.312271906,11.169502845,2.312271906,11.169502845,0.000000000,1
631.117099285,5,5,93,4.735969889,2.312271906,11.169502845,2.312271906,11.169502845,0.000000000,1
632.110422850,5,5,89,4.536549995,2.312271906,11.169502845,2.312271906,11.169502845,0.000000000,1
633.158463717,5,5,87,4.438029489,2.312271906,11.169502845,2.312271906,11.169502845,0.000000000,1
634.133405447,5,5,85,4.343247320,2.312271906,11.169502845,2.312271906,11.169502845,0.000000000,1
635.184275389,5,5,83,4.228021968,2.312271906,11.169502845,2.312271906,11.169502845,0.000000000,1
636.183218956,5,5,81,4.143013545,2.312271906,11.169502845,2.312271906,11.169502845,0.000000000,1
637.187339067,5,5,81,4.133769988,2.312271906,11.169502845,2.312271906,11.169502845,0.000000000,1
638.207827330,5,5,79,4.028237750,2.312271906,11.169502845,2.312271906,11.169502845,0.000000000,1
639.286183834,5,5,77,3.943218287,2.312271906,11.169502845,2.312271906,11.169502845,0.000000000,1
640.319962978,5,5,75,3.828102424,2.312271906,11.169502845,2.312271906,11.169502845,0.000000000,1
641.318680286,5,5,73,3.742765313,2.312271906,11.169502845,2.312271906,11.169502845,0.000000000,1
642.373571634,5,5,71,3.625980313,2.312271906,11.169502845,2.312271906,11.169502845,0.000000000,1
643.391077280,5,5,69,3.542882072,2.312271906,11.169502845,2.312271906,11.169502845,0.000000000,1
644.507374287,5,5,67,3.427795234,2.312271906,11.169502845,2.312271906,11.169502845,0.000000000,1
645.507627249,5,5,65,3.343727139,2.312271906,11.169502845,2.312271906,11.169502845,0.000000000,1
646.502718210,5,5,63,3.232501074,2.312271906,11.169502845,2.312271906,11.169502845,0.000000000,1
647.546201229,5,5,61,3.136524121,2.312271906,11.169502845,2.312271906,11.169502845,0.000000000,1
648.625236273,5,5,59,3.027731358,2.312271906,11.169502845,2.312271906,11.169502845,0.000000000,1
649.619553566,5,5,57,2.932956925,2.312271906,11.169502845,2.312271906,11.169502845,0.000000000,1
650.648571968,5,5,55,2.836217873,2.312271906,11.169502845,2.312271906,11.169502845,0.000000000,1
651.672369480,5,5,55,2.836217873,2.312271906,11.169502845,2.312271906,11.169502845,0.000000000,1
652.676446199,5,5,50,2.611319313,2.312271906,11.169502845,2.312271906,11.169502845,0.000000000,1
653.693897486,5,5,50,2.611319313,2.312271906,11.169502845,2.312271906,11.169502845,0.000000000,1
654.705875874,5,5,48,2.476850925,2.312271906,11.169502845,2.312271906,11.169502845,0.000000000,1
655.742666721,5,5,46,2.376107856,2.312271906,11.169502845,2.312271906,11.169502845,0.000000000,1
656.754241467,5,5,44,2.266598361,2.312271906,11.169502845,2.312271906,11.169502845,0.000000000,1
657.898776531,5,5,41,2.124386505,2.312271906,11.169502845,2.312271906,11.169502845,0.000000000,1
658.962052822,5,5,41,2.124386505,2.312271906,11.169502845,2.312271906,11.169502845,0.000000000,1
659.872958422,5,5,39,2.045360542,2.312271906,11.169502845,2.312271906,11.169502845,0.000000000,1
660.923984528,5,5,37,1.905676073,2.312271906,11.169502845,2.312271906,11.169502845,0.000000000,1
661.908938169,5,5,35,1.828602843,2.312271906,11.169502845,2.312271906,11.169502845,0.000000000,1
662.946474552,5,5,34,1.764852219,2.312271906,11.169502845,2.312271906,11.169502845,0.000000000,1
663.977223158,5,5,31,1.623581692,2.312271906,11.169502845,2.312271906,11.169502845,0.000000000,1
665.073648930,5,5,29,1.545939819,2.312271906,11.169502845,2.312271906,11.169502845,0.000000000,1
666.035057068,5,5,28,1.483122194,2.312271906,11.169502845,2.312271906,11.169502845,0.000000000,1
667.060795307,5,5,26,1.404752047,2.312271906,11.169502845,2.312271906,11.169502845,0.000000000,1
668.098738194,5,5,24,1.264139638,2.312271906,11.169502845,2.312271906,11.169502845,0.000000000,1
669.150455475,5,5,24,1.264139638,2.312271906,11.169502845,2.312271906,11.169502845,0.000000000,1
670.146661282,5,5,21,1.123462911,2.312271906,11.169502845,2.312271906,11.169502845,0.000000000,1
671.187867641,5,5,21,1.123462911,2.312271906,11.169502845,2.312271906,11.169502845,0.000000000,1
672.232589960,5,5,18,0.982861516,2.312271906,11.169502845,2.312271906,11.169502845,0.000000000,1
673.212763786,5,5,16,0.907258180,2.312271906,11.169502845,2.312271906,11.169502845,0.000000000,1
674.248967171,5,5,15,0.842379832,2.312271906,11.169502845,2.312271906,11.169502845,0.000000000,1
675.256289005,5,5,14,0.771564000,2.312271906,11.169502845,2.312271906,11.169502845,0.000000000,1
676.270200014,5,5,14,0.771564000,2.312271906,11.169502845,2.312271906,11.169502845,0.000000000,1
677.299262285,5,5,13,0.705082907,2.312271906,11.169502845,2.312271906,11.169502845,0.000000000,1
678.335614204,5,5,11,0.624415463,2.312271906,11.169502845,2.312271906,11.169502845,0.000000000,1
679.333159208,5,5,10,0.565173164,2.312271906,11.169502845,2.312271906,11.169502845,0.000000000,1
680.357287884,5,5,10,0.565173164,2.312271906,11.169502845,2.312271906,11.169502845,0.000000000,1
681.400965452,5,5,8,0.482994105,2.312271906,11.169502845,2.312271906,11.169502845,0.000000000,1
682.399681568,5,5,8,0.482994105,2.312271906,11.169502845,2.312271906,11.169502845,0.000000000,1
716.445884943,6,6,218,10.900080849,7.412565997,9.650784309,7.412565997,9.650784309,0.000000000,1
717.294017076,6,6,218,10.900080849,7.412565997,9.650784309,7.412565997,9.650784309,0.000000000,1
718.345670700,6,6,218,10.883840250,7.412565997,9.650784309,7.412565997,9.650784309,0.000000000,1
719.331662655,6,6,218,10.883840250,7.412565997,9.650784309,7.412565997,9.650784309,0.000000000,1
720.366426468,6,6,215,10.766889035,7.412565997,9.650784309,7.412565997,9.650784309,0.000000000,1
721.380297184,6,6,213,10.681806729,7.412565997,9.650784309,7.412565997,9.650784309,0.000000000,1
722.424426794,6,6,213,10.681806729,7.412565997,9.650784309,7.412565997,9.650784309,0.000000000,1
723.467856884,6,6,211,10.544332994,7.412565997,9.650784309,7.412565997,9.650784309,0.000000000,1
724.554166794,6,6,211,10.544332994,7.412565997,9.650784309,7.412565997,9.650784309,0.000000000,1
725.492456436,6,6,209,10.456719617,7.412565997,9.650784309,7.412565997,9.650784309,0.000000000,1
726.568779469,6,6,209,10.456719617,7.412565997,9.650784309,7.412565997,9.650784309,0.000000000,1
727.573775053,6,6,206,10.324927568,7.412565997,9.650784309,7.412565997,9.650784309,0.000000000,1
728.619791508,6,6,206,10.314800672,7.412565997,9.650784309,7.412565997,9.650784309,0.000000000,1
729.650198698,6,6,205,10.237943967,7.412565997,9.650784309,7.412565997,9.650784309,0.000000000,1
730.683002472,6,6,202,10.118515646,7.412565997,9.650784309,7.412565997,9.650784309,0.000000000,1
731.914548635,6,6,202,10.120273763,7.412565997,9.650784309,7.412565997,9.650784309,0.000000000,1
732.810362816,6,6,202,10.114579221,7.412565997,9.650784309,7.412565997,9.650784309,0.000000000,1
733.786383390,6,6,198,9.899226507,7.412565997,9.650784309,7.412565997,9.650784309,0.000000000,1
734.825781822,6,6,198,9.899226507,7.412565997,9.650784309,7.412565997,9.650784309,0.000000000,1
735.993943453,6,6,197,9.880983156,7.412565997,9.650784309,7.412565997,9.650784309,0.000000000,1
736.981191635,6,6,195,9.761243597,7.412565997,9.650784309,7.412565997,9.650784309,0.000000000,1
738.066798925,6,6,194,9.736638844,7.412565997,9.650784309,7.412565997,9.650784309,0.000000000,1
738.995711088,6,6,193,9.673700278,7.412565997,9.650784309,7.412565997,9.650784309,0.000000000,1
740.009485006,6,6,193,9.673700278,7.412565997,9.650784309,7.412565997,9.650784309,0.000000000,1
741.043660879,6,6,191,9.542435108,7.412565997,9.650784309,7.412565997,9.650784309,0.000000000,1
742.230735302,6,6,191,9.542435108,7.412565997,9.650784309,7.412565997,9.650784309,0.000000000,1
743.135799170,6,6,191,9.542435108,7.412565997,9.650784309,7.412565997,9.650784309,0.000000000,1
744.163357496,6,6,191,9.542435108,7.412565997,9.650784309,7.412565997,9.650784309,0.000000000,1
745.205045462,6,6,191,9.542435108,7.412565997,9.650784309,7.412565997,9.650784309,0.000000000,1
746.284974337,6,6,191,9.542435108,7.412565997,9.650784309,7.412565997,9.650784309,0.000000000,1
747.299361706,6,6,191,9.542435108,7.412565997,9.650784309,7.412565997,9.650784309,0.000000000,1
748.364209414,6,6,191,9.542435108,7.412565997,9.650784309,7.412565997,9.650784309,0.000000000,1
749.371664286,6,6,191,9.542435108,7.412565997,9.650784309,7.412565997,9.650784309,0.000000000,1
750.365669250,6,6,191,9.542435108,7.412565997,9.650784309,7.412565997,9.650784309,0.000000000,1
751.427297354,6,6,189,9.455000687,7.412565997,9.650784309,7.412565997,9.650784309,0.000000000,1
752.454901695,6,6,189,9.455000687,7.412565997,9.650784309,7.412565997,9.650784309,0.000000000,1
753.483118296,6,6,187,9.338077110,7.412565997,9.650784309,7.412565997,9.650784309,0.000000000,1
754.521640778,6,6,187,9.353734339,7.412565997,9.650784309,7.412565997,9.650784309,0.000000000,1
755.592549086,6,6,188,9.393421345,7.412565997,9.650784309,7.412565997,9.650784309,0.000000000,1
756.588414192,6,6,184,9.180965142,7.412565997,9.650784309,7.412565997,9.650784309,0.000000000,1
757.585269213,6,6,184,9.191042660,7.412565997,9.650784309,7.412565997,9.650784309,0.000000000,1
758.630246162,6,6,179,8.944053623,7.412565997,9.650784309,7.412565997,9.650784309,0.000000000,1
759.752616882,6,6,174,8.712104494,7.412565997,9.650784309,7.412565997,9.650784309,0.000000000,1
760.709322691,6,6,174,8.712104494,7.412565997,9.650784309,7.412565997,9.650784309,0.000000000,1
761.833033323,6,6,172,8.593430521,7.412565997,9.650784309,7.412565997,9.650784309,0.000000000,1
762.799183846,6,6,175,8.766941964,7.412565997,9.650784309,7.412565997,9.650784309,0.000000000,1
763.766408205,6,6,168,8.460058801,7.412565997,9.650784309,7.412565997,9.650784309,0.000000000,1
764.802003860,6,6,164,8.306683493,7.412565997,9.650784309,7.412565997,9.650784309,0.000000000,1
765.878743172,6,6,162,8.206108217,7.412565997,9.650784309,7.412565997,9.650784309,0.000000000,1
766.883016109,6,6,162,8.206108217,7.412565997,9.650784309,7.412565997,9.650784309,0.000000000,1
767.939401388,6,6,163,8.221205300,7.412565997,9.650784309,7.412565997,9.650784309,0.000000000,1
768.928546667,6,6,157,7.937762673,7.412565997,9.650784309,7.412565997,9.650784309,0.000000000,1
769.944500446,6,6,154,7.800628369,7.412565997,9.650784309,7.412565997,9.650784309,0.000000000,1
771.130867243,6,6,152,7.707365103,7.412565997,9.650784309,7.412565997,9.650784309,0.000000000,1
772.041224718,6,6,150,7.597501481,7.412565997,9.650784309,7.412565997,9.650784309,0.000000000,1
772.984573841,6,6,148,7.488892988,7.412565997,9.650784309,7.412565997,9.650784309,0.000000000,1
774.029773474,6,6,146,7.390049750,7.412565997,9.650784309,7.412565997,9.650784309,0.000000000,1
775.060965776,6,6,144,7.288902175,7.412565997,9.650784309,7.412565997,9.650784309,0.000000000,1
776.101971626,6,6,142,7.193551770,7.412565997,9.650784309,7.412565997,9.650784309,0.000000000,1
777.142813921,6,6,140,7.077456904,7.412565997,9.650784309,7.412565997,9.650784309,0.000000000,1
778.184254646,6,6,138,6.993584042,7.412565997,9.650784309,7.412565997,9.650784309,0.000000000,1
779.152731419,6,6,136,6.877485760,7.412565997,9.650784309,7.412565997,9.650784309,0.000000000,1
780.191524982,6,6,134,6.793612637,7.412565997,9.650784309,7.412565997,9.650784309,0.000000000,1
781.190238476,6,6,132,6.677519145,7.412565997,9.650784309,7.412565997,9.650784309,0.000000000,1
782.299173594,6,6,130,6.593645021,7.412565997,9.650784309,7.412565997,9.650784309,0.000000000,1
783.253072262,6,6,128,6.477559831,7.412565997,9.650784309,7.412565997,9.650784309,0.000000000,1
784.335810661,6,6,126,6.379038181,7.412565997,9.650784309,7.412565997,9.650784309,0.000000000,1
785.331142187,6,6,124,6.277607272,7.412565997,9.650784309,7.412565997,9.650784309,0.000000000,1
786.379934788,6,6,122,6.179091256,7.412565997,9.650784309,7.412565997,9.650784309,0.000000000,1
787.380358934,6,6,120,6.077662918,7.412565997,9.650784309,7.412565997,9.650784309,0.000000000,1
788.412878513,6,6,120,6.077662918,7.412565997,9.650784309,7.412565997,9.650784309,0.000000000,1
789.424336672,6,6,118,5.979153187,7.412565997,9.650784309,7.412565997,9.650784309,0.000000000,1
790.426886559,6,6,116,5.877730063,7.412565997,9.650784309,7.412565997,9.650784309,0.000000000,1
791.521636724,6,6,114,5.779228521,7.412565997,9.650784309,7.412565997,9.650784309,0.000000000,1
792.531761408,6,6,112,5.677808370,7.412565997,9.650784309,7.412565997,9.650784309,0.000000000,1
793.525352478,6,6,110,5.579316361,7.412565997,9.650784309,7.412565997,9.650784309,0.000000000,1
794.554158449,6,6,108,5.477901268,7.412565997,9.650784309,7.412565997,9.650784309,0.000000000,1
795.621994257,6,6,106,5.379421173,7.412565997,9.650784309,7.412565997,9.650784309,0.000000000,1
796.625522375,6,6,104,5.278013533,7.412565997,9.650784309,7.412565997,9.650784309,0.000000000,1
797.688703775,6,6,102,5.179545518,7.412565997,9.650784309,7.412565997,9.650784309,0.000000000,1
798.699749947,6,6,100,5.078146220,7.412565997,9.650784309,7.412565997,9.650784309,0.000000000,1
799.673180819,6,6,98,4.979693696,7.412565997,9.650784309,7.412565997,9.650784309,0.000000000,1
800.674544811,6,6,96,4.878305766,7.412565997,9.650784309,7.412565997,9.650784309,0.000000000,1
801.713193178,6,6,96,4.878305766,7.412565997,9.650784309,7.412565997,9.650784309,0.000000000,1
802.760367155,6,6,94,4.779871056,7.412565997,9.650784309,7.412565997,9.650784309,0.000000000,1
803.843357086,6,6,92,4.678495431,7.412565997,9.650784309,7.412565997,9.650784309,0.000000000,1
804.846135855,6,6,90,4.580083971,7.412565997,9.650784309,7.412565997,9.650784309,0.000000000,1
805.916494370,6,6,88,4.478725211,7.412565997,9.650784309,7.412565997,9.650784309,0.000000000,1
806.966346264,6,6,86,4.380346288,7.412565997,9.650784309,7.412565997,9.650784309,0.000000000,1
807.890492201,6,6,84,4.279007114,7.412565997,9.650784309,7.412565997,9.650784309,0.000000000,1
808.957898617,6,6,82,4.180668062,7.412565997,9.650784309,7.412565997,9.650784309,0.000000000,1
810.017174244,6,6,80,4.079357056,7.412565997,9.650784309,7.412565997,9.650784309,0.000000000,1
811.049807787,6,6,78,3.981068029,7.412565997,9.650784309,7.412565997,9.650784309,0.000000000,1
812.026280880,6,6,76,3.879795878,7.412565997,9.650784309,7.412565997,9.650784309,0.000000000,1
813.125893354,6,6,75,3.827784400,7.412565997,9.650784309,7.412565997,9.650784309,0.000000000,1
814.092093706,6,6,72,3.678891984,7.412565997,9.650784309,7.412565997,9.650784309,0.000000000,1
815.107566833,6,6,70,3.575119914,7.412565997,9.650784309,7.412565997,9.650784309,0.000000000,1
816.164739847,6,6,68,3.479585751,7.412565997,9.650784309,7.412565997,9.650784309,0.000000000,1
817.196726799,6,6,66,3.375754934,7.412565997,9.650784309,7.412565997,9.650784309,0.000000000,1
818.215325594,6,6,65,3.333412659,7.412565997,9.650784309,7.412565997,9.650784309,0.000000000,1
819.237143755,6,6,63,3.231844591,7.412565997,9.650784309,7.412565997,9.650784309,0.000000000,1
820.288154125,6,6,62,3.204509372,7.412565997,9.650784309,7.412565997,9.650784309,0.000000000,1
821.300696373,6,6,58,2.970854628,7.412565997,9.650784309,7.412565997,9.650784309,0.000000000,1
822.356812477,6,6,56,2.883548216,7.412565997,9.650784309,7.412565997,9.650784309,0.000000000,1
823.359623909,6,6,55,2.825562753,7.412565997,9.650784309,7.412565997,9.650784309,0.000000000,1
824.386868477,6,6,54,2.778477777,7.412565997,9.650784309,7.412565997,9.650784309,0.000000000,1
825.399060726,6,6,54,2.799911736,7.412565997,9.650784309,7.412565997,9.650784309,0.000000000,1
826.412511587,6,6,50,2.581185313,7.412565997,9.650784309,7.412565997,9.650784309,0.000000000,1
827.502127409,6,6,47,2.453321555,7.412565997,9.650784309,7.412565997,9.650784309,0.000000000,1
828.498845100,6,6,46,2.389207203,7.412565997,9.650784309,7.412565997,9.650784309,0.000000000,1
829.525709391,6,6,45,2.334064989,7.412565997,9.650784309,7.412565997,9.650784309,0.000000000,1
830.537879944,6,6,43,2.246755087,7.412565997,9.650784309,7.412565997,9.650784309,0.000000000,1
831.557270288,6,6,41,2.114038454,7.412565997,9.650784309,7.412565997,9.650784309,0.000000000,1
832.580820322,6,6,44,2.285844436,7.412565997,9.650784309,7.412565997,9.650784309,0.000000000,1
833.606199503,6,6,36,1.899468167,7.412565997,9.650784309,7.412565997,9.650784309,0.000000000,1
834.646494150,6,6,35,1.816629054,7.412565997,9.650784309,7.412565997,9.650784309,0.000000000,1
835.633122921,6,6,32,1.670961169,7.412565997,9.650784309,7.412565997,9.650784309,0.000000000,1
836.638946295,6,6,32,1.670961169,7.412565997,9.650784309,7.412565997,9.650784309,0.000000000,1
837.673235893,6,6,29,1.545218928,7.412565997,9.650784309,7.412565997,9.650784309,0.000000000,1
838.745167017,6,6,24,1.301603684,7.412565997,9.650784309,7.412565997,9.650784309,0.000000000,1
839.786372900,6,6,24,1.301603684,7.412565997,9.650784309,7.412565997,9.650784309,0.000000000,1
840.772286177,6,6,23,1.218393921,7.412565997,9.650784309,7.412565997,9.650784309,0.000000000,1
841.817673206,6,6,23,1.218393921,7.412565997,9.650784309,7.412565997,9.650784309,0.000000000,1
842.904870510,6,6,23,1.218737074,7.412565997,9.650784309,7.412565997,9.650784309,0.000000000,1
843.870487928,6,6,20,1.102736145,7.412565997,9.650784309,7.412565997,9.650784309,0.000000000,1
844.873486280,6,6,20,1.102736145,7.412565997,9.650784309,7.412565997,9.650784309,0.000000000,1
845.897761822,6,6,18,0.984381949,7.412565997,9.650784309,7.412565997,9.650784309,0.000000000,1
846.928070068,6,6,16,0.877845471,7.412565997,9.650784309,7.412565997,9.650784309,0.000000000,1
848.072617292,6,6,15,0.849988854,7.412565997,9.650784309,7.412565997,9.650784309,0.000000000,1
848.975284815,6,6,13,0.733173921,7.412565997,9.650784309,7.412565997,9.650784309,0.000000000,1
850.025221586,6,6,13,0.733173921,7.412565997,9.650784309,7.412565997,9.650784309,0.000000000,1
851.027099371,6,6,11,0.633912721,7.412565997,9.650784309,7.412565997,9.650784309,0.000000000,1
852.095829248,6,6,11,0.633912721,7.412565997,9.650784309,7.412565997,9.650784309,0.000000000,1
853.090434074,6,6,9,0.546477474,7.412565997,9.650784309,7.412565997,9.650784309,0.000000000,1
854.121783495,6,6,9,0.546477474,7.412565997,9.650784309,7.412565997,9.650784309,0.000000000,1
855.157401800,6,6,9,0.546477474,7.412565997,9.650784309,7.412565997,9.650784309,0.000000000,1
856.174738169,6,6,7,0.411971585,7.412565997,9.650784309,7.412565997,9.650784309,0.000000000,1
897.633772135,7,7,415,21.015664478,15.613915755,-5.445430679,15.613915755,-5.445430679,0.000000000,1
898.789947271,7,7,415,21.015664478,15.613915755,-5.445430679,15.613915755,-5.445430679,0.000000000,1
899.696141005,7,7,415,20.994353296,15.613915755,-5.445430679,15.613915755,-5.445430679,0.000000000,1
900.756096125,7,7,437,22.087487763,15.613915755,-5.445430679,15.613915755,-5.445430679,0.000000000,1
901.747040033,7,7,437,22.087487763,15.613915755,-5.445430679,15.613915755,-5.445430679,0.000000000,1
902.982322693,7,7,395,19.896337706,15.613915755,-5.445430679,15.613915755,-5.445430679,0.000000000,1
904.100753784,7,7,395,19.896337706,15.613915755,-5.445430679,15.613915755,-5.445430679,0.000000000,1
904.886097431,7,7,393,19.797862729,15.613915755,-5.445430679,15.613915755,-5.445430679,0.000000000,1
906.027493954,7,7,393,19.804967254,15.613915755,-5.445430679,15.613915755,-5.445430679,0.000000000,1
907.067769051,7,7,392,19.745665290,15.613915755,-5.445430679,15.613915755,-5.445430679,0.000000000,1
908.072676659,7,7,389,19.594309948,15.613915755,-5.445430679,15.613915755,-5.445430679,0.000000000,1
909.140031099,7,7,391,19.712847147,15.613915755,-5.445430679,15.613915755,-5.445430679,0.000000000,1
910.239823341,7,7,391,19.712847147,15.613915755,-5.445430679,15.613915755,-5.445430679,0.000000000,1
911.196552753,7,7,386,19.453068843,15.613915755,-5.445430679,15.613915755,-5.445430679,0.000000000,1
912.331963539,7,7,427,21.481550504,15.613915755,-5.445430679,15.613915755,-5.445430679,0.000000000,1
913.236207724,7,7,384,19.336650459,15.613915755,-5.445430679,15.613915755,-5.445430679,0.000000000,1
914.402099371,7,7,408,20.518890426,15.613915755,-5.445430679,15.613915755,-5.445430679,0.000000000,1
915.428256273,7,7,408,20.520573197,15.613915755,-5.445430679,15.613915755,-5.445430679,0.000000000,1
916.437130690,7,7,380,19.135710014,15.613915755,-5.445430679,15.613915755,-5.445430679,0.000000000,1
917.449829340,7,7,404,20.319172165,15.613915755,-5.445430679,15.613915755,-5.445430679,0.000000000,1
918.515509605,7,7,376,18.936115740,15.613915755,-5.445430679,15.613915755,-5.445430679,0.000000000,1
919.649649382,7,7,376,18.936115740,15.613915755,-5.445430679,15.613915755,-5.445430679,0.000000000,1
920.662826061,7,7,400,20.119543936,15.613915755,-5.445430679,15.613915755,-5.445430679,0.000000000,1
921.659845352,7,7,372,18.736680293,15.613915755,-5.445430679,15.613915755,-5.445430679,0.000000000,1
922.732878923,7,7,372,18.736680293,15.613915755,-5.445430679,15.613915755,-5.445430679,0.000000000,1
923.716603041,7,7,396,19.920040735,15.613915755,-5.445430679,15.613915755,-5.445430679,0.000000000,1
924.883576632,7,7,386,19.520203129,15.613915755,-5.445430679,15.613915755,-5.445430679,0.000000000,1
925.804000139,7,7,386,19.520203129,15.613915755,-5.445430679,15.613915755,-5.445430679,0.000000000,1
927.011144161,7,7,392,19.720658807,15.613915755,-5.445430679,15.613915755,-5.445430679,0.000000000,1
927.955254793,7,7,364,18.332812326,15.613915755,-5.445430679,15.613915755,-5.445430679,0.000000000,1
929.066721916,7,7,364,18.332812326,15.613915755,-5.445430679,15.613915755,-5.445430679,0.000000000,1
930.054658413,7,7,388,19.521652420,15.613915755,-5.445430679,15.613915755,-5.445430679,0.000000000,1
931.117869854,7,7,360,18.134219481,15.613915755,-5.445430679,15.613915755,-5.445430679,0.000000000,1
932.208204508,7,7,360,18.134219481,15.613915755,-5.445430679,15.613915755,-5.445430679,0.000000000,1
933.337255716,7,7,368,18.527957532,15.613915755,-5.445430679,15.613915755,-5.445430679,0.000000000,1
934.455972195,7,7,356,17.935943734,15.613915755,-5.445430679,15.613915755,-5.445430679,0.000000000,1
935.310060263,7,7,356,17.935943734,15.613915755,-5.445430679,15.613915755,-5.445430679,0.000000000,1
936.370764971,7,7,442,22.242622725,15.613915755,-5.445430679,15.613915755,-5.445430679,0.000000000,1
937.534740448,7,7,396,19.961587703,15.613915755,-5.445430679,15.613915755,-5.445430679,0.000000000,1
938.474286079,7,7,438,22.042804029,15.613915755,-5.445430679,15.613915755,-5.445430679,0.000000000,1
939.570161819,7,7,438,22.042804029,15.613915755,-5.445430679,15.613915755,-5.445430679,0.000000000,1
940.611067057,7,7,392,19.763511427,15.613915755,-5.445430679,15.613915755,-5.445430679,0.000000000,1
941.639724255,7,7,392,19.763902112,15.613915755,-5.445430679,15.613915755,-5.445430679,0.000000000,1
942.687790632,7,7,385,19.361228612,15.613915755,-5.445430679,15.613915755,-5.445430679,0.000000000,1
943.823592901,7,7,397,20.096113135,15.613915755,-5.445430679,15.613915755,-5.445430679,0.000000000,1
944.879973412,7,7,432,21.751878549,15.613915755,-5.445430679,15.613915755,-5.445430679,0.000000000,1
945.854391813,7,7,432,21.751878549,15.613915755,-5.445430679,15.613915755,-5.445430679,0.000000000,1
948.553443909,7,7,365,18.394185959,15.613915755,-5.445430679,15.613915755,-5.445430679,0.000000000,1
949.495978594,7,7,365,18.394185959,15.613915755,-5.445430679,15.613915755,-5.445430679,0.000000000,1
950.530329466,7,7,384,19.477163508,15.613915755,-5.445430679,15.613915755,-5.445430679,0.000000000,1
951.711333036,7,7,384,19.477163508,15.613915755,-5.445430679,15.613915755,-5.445430679,0.000000000,1
952.650444746,7,7,352,17.831585416,15.613915755,-5.445430679,15.613915755,-5.445430679,0.000000000,1
953.779129982,7,7,352,17.831585416,15.613915755,-5.445430679,15.613915755,-5.445430679,0.000000000,1
954.778455019,7,7,357,18.005335801,15.613915755,-5.445430679,15.613915755,-5.445430679,0.000000000,1
955.893527508,7,7,346,17.544939840,15.613915755,-5.445430679,15.613915755,-5.445430679,0.000000000,1
956.927507162,7,7,413,20.804337562,15.613915755,-5.445430679,15.613915755,-5.445430679,0.000000000,1
958.124876976,7,7,376,18.921831405,15.613915755,-5.445430679,15.613915755,-5.445430679,0.000000000,1
959.068155289,7,7,376,19.069917034,15.613915755,-5.445430679,15.613915755,-5.445430679,0.000000000,1
960.163486719,7,7,352,17.755450120,15.613915755,-5.445430679,15.613915755,-5.445430679,0.000000000,1
961.009851933,7,7,349,17.601394629,15.613915755,-5.445430679,15.613915755,-5.445430679,0.000000000,1
962.268718958,7,7,349,17.601394629,15.613915755,-5.445430679,15.613915755,-5.445430679,0.000000000,1
963.156312466,7,7,338,17.140343098,15.613915755,-5.445430679,15.613915755,-5.445430679,0.000000000,1
964.289853811,7,7,346,17.410386142,15.613915755,-5.445430679,15.613915755,-5.445430679,0.000000000,1
965.321736097,7,7,346,17.454382075,15.613915755,-5.445430679,15.613915755,-5.445430679,0.000000000,1
966.395653963,7,7,344,17.339602179,15.613915755,-5.445430679,15.613915755,-5.445430679,0.000000000,1
1010.684063196,8,8,154,7.764436079,13.715412375,1.155751692,13.715412375,1.155751692,0.000000000,1
1011.652689457,8,8,154,7.764436079,13.715412375,1.155751692,13.715412375,1.155751692,0.000000000,1
1012.729504108,8,8,154,7.764436079,13.715412375,1.155751692,13.715412375,1.155751692,0.000000000,1
1013.784684420,8,8,154,7.764436079,13.715412375,1.155751692,13.715412375,1.155751692,0.000000000,1
1014.787265062,8,8,152,7.704687638,13.715412375,1.155751692,13.715412375,1.155751692,0.000000000,1
1015.820621967,8,8,152,7.704687638,13.715412375,1.155751692,13.715412375,1.155751692,0.000000000,1
1016.836567163,8,8,152,7.704687638,13.715412375,1.155751692,13.715412375,1.155751692,0.000000000,1
1017.968998432,8,8,152,7.704687638,13.715412375,1.155751692,13.715412375,1.155751692,0.000000000,1
1018.970066786,8,8,154,7.764436079,13.715412375,1.155751692,13.715412375,1.155751692,0.000000000,1
1019.962658405,8,8,154,7.764436079,13.715412375,1.155751692,13.715412375,1.155751692,0.000000000,1
1021.135964870,8,8,152,7.667473918,13.715412375,1.155751692,13.715412375,1.155751692,0.000000000,1
1022.044796467,8,8,150,7.589228398,13.715412375,1.155751692,13.715412375,1.155751692,0.000000000,1
1023.053420782,8,8,150,7.589228398,13.715412375,1.155751692,13.715412375,1.155751692,0.000000000,1
1024.029263735,8,8,147,7.444872298,13.715412375,1.155751692,13.715412375,1.155751692,0.000000000,1
1025.089837313,8,8,145,7.352936399,13.715412375,1.155751692,13.715412375,1.155751692,0.000000000,1
1026.135094166,8,8,144,7.272192568,13.715412375,1.155751692,13.715412375,1.155751692,0.000000000,1
1027.150372028,8,8,141,7.140834015,13.715412375,1.155751692,13.715412375,1.155751692,0.000000000,1
1028.281668901,8,8,139,7.046497108,13.715412375,1.155751692,13.715412375,1.155751692,0.000000000,1
1029.309415579,8,8,136,6.906528239,13.715412375,1.155751692,13.715412375,1.155751692,0.000000000,1
1030.263710022,8,8,136,6.906528239,13.715412375,1.155751692,13.715412375,1.155751692,0.000000000,1
1031.328250170,8,8,135,6.824974216,13.715412375,1.155751692,13.715412375,1.155751692,0.000000000,1
1032.335886002,8,8,132,6.684585007,13.715412375,1.155751692,13.715412375,1.155751692,0.000000000,1
1033.404359341,8,8,130,6.608603468,13.715412375,1.155751692,13.715412375,1.155751692,0.000000000,1
1034.443996906,8,8,129,6.546361939,13.715412375,1.155751692,13.715412375,1.155751692,0.000000000,1
1035.503973961,8,8,128,6.465184443,13.715412375,1.155751692,13.715412375,1.155751692,0.000000000,1
1036.738560200,8,8,125,6.324744304,13.715412375,1.155751692,13.715412375,1.155751692,0.000000000,1
1037.619904757,8,8,123,6.248367901,13.715412375,1.155751692,13.715412375,1.155751692,0.000000000,1
1038.683076620,8,8,122,6.169008232,13.715412375,1.155751692,13.715412375,1.155751692,0.000000000,1
1039.725775003,8,8,119,6.018156546,13.715412375,1.155751692,13.715412375,1.155751692,0.000000000,1
1040.755325794,8,8,119,6.018156546,13.715412375,1.155751692,13.715412375,1.155751692,0.000000000,1
1041.771884680,8,8,116,5.884461986,13.715412375,1.155751692,13.715412375,1.155751692,0.000000000,1
1043.088320494,8,8,114,5.807322503,13.715412375,1.155751692,13.715412375,1.155751692,0.000000000,1
1043.885241985,8,8,112,5.712072026,13.715412375,1.155751692,13.715412375,1.155751692,0.000000000,1
1044.932600498,8,8,111,5.654131468,13.715412375,1.155751692,13.715412375,1.155751692,0.000000000,1
1045.900387764,8,8,110,5.594464972,13.715412375,1.155751692,13.715412375,1.155751692,0.000000000,1
1046.996992111,8,8,107,5.434143462,13.715412375,1.155751692,13.715412375,1.155751692,0.000000000,1
1048.013341665,8,8,105,5.344980072,13.715412375,1.155751692,13.715412375,1.155751692,0.000000000,1
1049.049053431,8,8,103,5.248151338,13.715412375,1.155751692,13.715412375,1.155751692,0.000000000,1
1050.073877811,8,8,102,5.176423453,13.715412375,1.155751692,13.715412375,1.155751692,0.000000000,1
1051.081307411,8,8,100,5.110059649,13.715412375,1.155751692,13.715412375,1.155751692,0.000000000,1
1052.111610889,8,8,98,4.984094226,13.715412375,1.155751692,13.715412375,1.155751692,0.000000000,1
1053.137423992,8,8,95,4.861728834,13.715412375,1.155751692,13.715412375,1.155751692,0.000000000,1
1054.197263241,8,8,94,4.807776743,13.715412375,1.155751692,13.715412375,1.155751692,0.000000000,1
1055.208758116,8,8,92,4.670817901,13.715412375,1.155751692,13.715412375,1.155751692,0.000000000,1
1056.248466253,8,8,91,4.648240953,13.715412375,1.155751692,13.715412375,1.155751692,0.000000000,1
1057.267355204,8,8,89,4.526505210,13.715412375,1.155751692,13.715412375,1.155751692,0.000000000,1
1058.325635195,8,8,87,4.430223833,13.715412375,1.155751692,13.715412375,1.155751692,0.000000000,1
1059.333368540,8,8,84,4.314119290,13.715412375,1.155751692,13.715412375,1.155751692,0.000000000,1
1060.355609417,8,8,84,4.311803918,13.715412375,1.155751692,13.715412375,1.155751692,0.000000000,1
1061.411571980,8,8,81,4.166262326,13.715412375,1.155751692,13.715412375,1.155751692,0.000000000,1
1062.467330217,8,8,80,4.087647758,13.715412375,1.155751692,13.715412375,1.155751692,0.000000000,1
1063.498821497,8,8,78,4.011875357,13.715412375,1.155751692,13.715412375,1.155751692,0.000000000,1
1064.563723326,8,8,76,3.922814252,13.715412375,1.155751692,13.715412375,1.155751692,0.000000000,1
1065.562648773,8,8,74,3.811809529,13.715412375,1.155751692,13.715412375,1.155751692,0.000000000,1
1066.575922251,8,8,72,3.712279006,13.715412375,1.155751692,13.715412375,1.155751692,0.000000000,1
1067.644567490,8,8,70,3.583718187,13.715412375,1.155751692,13.715412375,1.155751692,0.000000000,1
1068.729368210,8,8,68,3.496151700,13.715412375,1.155751692,13.715412375,1.155751692,0.000000000,1
1069.693733692,8,8,66,3.405716192,13.715412375,1.155751692,13.715412375,1.155751692,0.000000000,1
1070.762732506,8,8,65,3.353881606,13.715412375,1.155751692,13.715412375,1.155751692,0.000000000,1
1071.852119923,8,8,68,3.480713039,13.715412375,1.155751692,13.715412375,1.155751692,0.000000000,1
1072.916686773,8,8,59,3.041814373,13.715412375,1.155751692,13.715412375,1.155751692,0.000000000,1
1073.827103138,8,8,59,3.036725459,13.715412375,1.155751692,13.715412375,1.155751692,0.000000000,1
1074.943029404,8,8,57,2.939773585,13.715412375,1.155751692,13.715412375,1.155751692,0.000000000,1
1076.054389238,8,8,54,2.800147470,13.715412375,1.155751692,13.715412375,1.155751692,0.000000000,1
1076.924114943,8,8,52,2.702356147,13.715412375,1.155751692,13.715412375,1.155751692,0.000000000,1
1078.029734373,8,8,52,2.702389712,13.715412375,1.155751692,13.715412375,1.155751692,0.000000000,1
1079.030568600,8,8,50,2.604528580,13.715412375,1.155751692,13.715412375,1.155751692,0.000000000,1
1080.047899723,8,8,48,2.505939726,13.715412375,1.155751692,13.715412375,1.155751692,0.000000000,1
1081.085574389,8,8,48,2.505939726,13.715412375,1.155751692,13.715412375,1.155751692,0.000000000,1
1082.102592468,8,8,46,2.382166674,13.715412375,1.155751692,13.715412375,1.155751692,0.000000000,1
1083.137293339,8,8,46,2.382166674,13.715412375,1.155751692,13.715412375,1.155751692,0.000000000,1
1084.149861574,8,8,44,2.289175180,13.715412375,1.155751692,13.715412375,1.155751692,0.000000000,1
1085.164252281,8,8,44,2.289175180,13.715412375,1.155751692,13.715412375,1.155751692,0.000000000,1
1086.190050840,8,8,42,2.170567716,13.715412375,1.155751692,13.715412375,1.155751692,0.000000000,1
1087.225256681,8,8,42,2.170567716,13.715412375,1.155751692,13.715412375,1.155751692,0.000000000,1
1088.264447927,8,8,40,2.068041506,13.715412375,1.155751692,13.715412375,1.155751692,0.000000000,1
1089.321364880,8,8,39,2.033651152,13.715412375,1.155751692,13.715412375,1.155751692,0.000000000,1
1090.351187944,8,8,37,1.927176258,13.715412375,1.155751692,13.715412375,1.155751692,0.000000000,1
1091.414891243,8,8,37,1.927176258,13.715412375,1.155751692,13.715412375,1.155751692,0.000000000,1
1092.421113729,8,8,37,1.927176258,13.715412375,1.155751692,13.715412375,1.155751692,0.000000000,1
1093.456947088,8,8,33,1.774645779,13.715412375,1.155751692,13.715412375,1.155751692,0.000000000,1
1094.483320713,8,8,33,1.774645779,13.715412375,1.155751692,13.715412375,1.155751692,0.000000000,1
1095.504615307,8,8,33,1.725495892,13.715412375,1.155751692,13.715412375,1.155751692,0.000000000,1
1096.522271156,8,8,31,1.638765057,13.715412375,1.155751692,13.715412375,1.155751692,0.000000000,1
1097.556125402,8,8,30,1.584495298,13.715412375,1.155751692,13.715412375,1.155751692,0.000000000,1
1098.626141310,8,8,28,1.497823428,13.715412375,1.155751692,13.715412375,1.155751692,0.000000000,1
1099.642513514,8,8,28,1.497823428,13.715412375,1.155751692,13.715412375,1.155751692,0.000000000,1
1100.694128275,8,8,26,1.365519649,13.715412375,1.155751692,13.715412375,1.155751692,0.000000000,1
1101.686275721,8,8,26,1.365519649,13.715412375,1.155751692,13.715412375,1.155751692,0.000000000,1
1102.743375063,8,8,23,1.223271607,13.715412375,1.155751692,13.715412375,1.155751692,0.000000000,1
1103.781303883,8,8,23,1.223271607,13.715412375,1.155751692,13.715412375,1.155751692,0.000000000,1
1104.874224424,8,8,21,1.136633528,13.715412375,1.155751692,13.715412375,1.155751692,0.000000000,1
1105.875135899,8,8,20,1.082871698,13.715412375,1.155751692,13.715412375,1.155751692,0.000000000,1
1106.913094521,8,8,18,0.996683967,13.715412375,1.155751692,13.715412375,1.155751692,0.000000000,1
1108.004140854,8,8,18,0.996683967,13.715412375,1.155751692,13.715412375,1.155751692,0.000000000,1
1108.951292515,8,8,16,0.863073504,13.715412375,1.155751692,13.715412375,1.155751692,0.000000000,1
1109.991197586,8,8,16,0.863073504,13.715412375,1.155751692,13.715412375,1.155751692,0.000000000,1
1111.124182463,8,8,16,0.863073504,13.715412375,1.155751692,13.715412375,1.155751692,0.000000000,1
1112.117773771,8,8,13,0.720502908,13.715412375,1.155751692,13.715412375,1.155751692,0.000000000,1
1113.144667149,8,8,13,0.720502908,13.715412375,1.155751692,13.715412375,1.155751692,0.000000000,1
1114.226373434,8,8,11,0.636788454,13.715412375,1.155751692,13.715412375,1.155751692,0.000000000,1
1115.240567207,8,8,11,0.636788454,13.715412375,1.155751692,13.715412375,1.155751692,0.000000000,1
1116.234667301,8,8,10,0.580289904,13.715412375,1.155751692,13.715412375,1.155751692,0.000000000,1
1117.269418716,8,8,10,0.580289904,13.715412375,1.155751692,13.715412375,1.155751692,0.000000000,1
1118.309708357,8,8,8,0.495108177,13.715412375,1.155751692,13.715412375,1.155751692,0.000000000,1
1119.325055361,8,8,8,0.495108177,13.715412375,1.155751692,13.715412375,1.155751692,0.000000000,1
1162.964143515,9,9,151,7.772377189,20.615412478,3.455751726,20.615412478,3.455751726,0.000000000,1
1163.939208984,9,9,151,7.772377189,20.615412478,3.455751726,20.615412478,3.455751726,0.000000000,1
1164.968896627,9,9,151,7.772377189,20.615412478,3.455751726,20.615412478,3.455751726,0.000000000,1
1166.046842337,9,9,151,7.772377189,20.615412478,3.455751726,20.615412478,3.455751726,0.000000000,1
1167.032359838,9,9,151,7.772377189,20.615412478,3.455751726,20.615412478,3.455751726,0.000000000,1
1168.146704197,9,9,151,7.772377189,20.615412478,3.455751726,20.615412478,3.455751726,0.000000000,1
1169.085318327,9,9,153,7.826562038,20.615412478,3.455751726,20.615412478,3.455751726,0.000000000,1
1170.150441408,9,9,151,7.726084904,20.615412478,3.455751726,20.615412478,3.455751726,0.000000000,1
1171.133462906,9,9,149,7.702896417,20.615412478,3.455751726,20.615412478,3.455751726,0.000000000,1
1172.224945307,9,9,149,7.702896417,20.615412478,3.455751726,20.615412478,3.455751726,0.000000000,1
1173.337316275,9,9,147,7.606199225,20.615412478,3.455751726,20.615412478,3.455751726,0.000000000,1
1174.342744589,9,9,147,7.606199225,20.615412478,3.455751726,20.615412478,3.455751726,0.000000000,1
1175.327218533,9,9,145,7.497314500,20.615412478,3.455751726,20.615412478,3.455751726,0.000000000,1
1176.345957279,9,9,143,7.396241578,20.615412478,3.455751726,20.615412478,3.455751726,0.000000000,1
1177.373287916,9,9,141,7.297197180,20.615412478,3.455751726,20.615412478,3.455751726,0.000000000,1
1178.416966438,9,9,140,7.260570513,20.615412478,3.455751726,20.615412478,3.455751726,0.000000000,1
1179.486139059,9,9,136,7.189828119,20.615412478,3.455751726,20.615412478,3.455751726,0.000000000,1
1180.489266396,9,9,136,7.189828119,20.615412478,3.455751726,20.615412478,3.455751726,0.000000000,1
1181.524273634,9,9,134,7.090666368,20.615412478,3.455751726,20.615412478,3.455751726,0.000000000,1
1182.560514927,9,9,132,7.023364424,20.615412478,3.455751726,20.615412478,3.455751726,0.000000000,1
1183.582725286,9,9,132,7.023364424,20.615412478,3.455751726,20.615412478,3.455751726,0.000000000,1
1184.688544750,9,9,130,6.924118787,20.615412478,3.455751726,20.615412478,3.455751726,0.000000000,1
1185.687386751,9,9,128,6.825501782,20.615412478,3.455751726,20.615412478,3.455751726,0.000000000,1
1186.665135145,9,9,128,6.825501782,20.615412478,3.455751726,20.615412478,3.455751726,0.000000000,1
1187.728606462,9,9,126,6.726568899,20.615412478,3.455751726,20.615412478,3.455751726,0.000000000,1
1188.774936676,9,9,124,6.628508314,20.615412478,3.455751726,20.615412478,3.455751726,0.000000000,1
1189.796208858,9,9,124,6.565382056,20.615412478,3.455751726,20.615412478,3.455751726,0.000000000,1
1191.038175344,9,9,122,6.466456954,20.615412478,3.455751726,20.615412478,3.455751726,0.000000000,1
1191.981216908,9,9,122,6.466456954,20.615412478,3.455751726,20.615412478,3.455751726,0.000000000,1
1192.900927544,9,9,120,6.364517192,20.615412478,3.455751726,20.615412478,3.455751726,0.000000000,1
1193.985763311,9,9,118,6.267971360,20.615412478,3.455751726,20.615412478,3.455751726,0.000000000,1
1195.001440048,9,9,118,6.268012401,20.615412478,3.455751726,20.615412478,3.455751726,0.000000000,1
1195.991535664,9,9,116,6.167130967,20.615412478,3.455751726,20.615412478,3.455751726,0.000000000,1
1197.115809679,9,9,311,15.859324665,20.615412478,3.455751726,20.615412478,3.455751726,0.000000000,1
1198.159297228,9,9,313,16.000792069,20.615412478,3.455751726,20.615412478,3.455751726,0.000000000,1
1199.169538975,9,9,312,15.950756501,20.615412478,3.455751726,20.615412478,3.455751726,0.000000000,1
1200.305803061,9,9,312,15.950756501,20.615412478,3.455751726,20.615412478,3.455751726,0.000000000,1
1201.471361637,9,9,315,16.077042987,20.615412478,3.455751726,20.615412478,3.455751726,0.000000000,1
1202.293757915,9,9,314,16.054824114,20.615412478,3.455751726,20.615412478,3.455751726,0.000000000,1
1203.416006565,9,9,315,16.077042987,20.615412478,3.455751726,20.615412478,3.455751726,0.000000000,1
1204.365870237,9,9,313,16.000792069,20.615412478,3.455751726,20.615412478,3.455751726,0.000000000,1
1205.444546223,9,9,313,16.000792069,20.615412478,3.455751726,20.615412478,3.455751726,0.000000000,1
1206.499249220,9,9,313,16.000792069,20.615412478,3.455751726,20.615412478,3.455751726,0.000000000,1
1207.492990732,9,9,313,16.000792069,20.615412478,3.455751726,20.615412478,3.455751726,0.000000000,1
1208.526429415,9,9,313,16.000792069,20.615412478,3.455751726,20.615412478,3.455751726,0.000000000,1
1209.564539433,9,9,314,16.017805486,20.615412478,3.455751726,20.615412478,3.455751726,0.000000000,1
1210.610777378,9,9,314,16.018202255,20.615412478,3.455751726,20.615412478,3.455751726,0.000000000,1
1211.695031404,9,9,314,16.018202255,20.615412478,3.455751726,20.615412478,3.455751726,0.000000000,1
1212.686681986,9,9,314,16.018202255,20.615412478,3.455751726,20.615412478,3.455751726,0.000000000,1
1213.783931255,9,9,314,16.018897891,20.615412478,3.455751726,20.615412478,3.455751726,0.000000000,1
1214.750151396,9,9,314,16.018897891,20.615412478,3.455751726,20.615412478,3.455751726,0.000000000,1
1215.975771904,9,9,314,16.018897891,20.615412478,3.455751726,20.615412478,3.455751726,0.000000000,1
1217.007410765,9,9,314,16.018897891,20.615412478,3.455751726,20.615412478,3.455751726,0.000000000,1
1218.136981726,9,9,311,15.914855293,20.615412478,3.455751726,20.615412478,3.455751726,0.000000000,1
1219.004734993,9,9,311,15.914855293,20.615412478,3.455751726,20.615412478,3.455751726,0.000000000,1
1220.040267467,9,9,309,15.810506255,20.615412478,3.455751726,20.615412478,3.455751726,0.000000000,1
1221.115364790,9,9,306,15.640786802,20.615412478,3.455751726,20.615412478,3.455751726,0.000000000,1
1222.110498190,9,9,306,15.628754942,20.615412478,3.455751726,20.615412478,3.455751726,0.000000000,1
1223.225707531,9,9,304,15.532946687,20.615412478,3.455751726,20.615412478,3.455751726,0.000000000,1
1224.174553156,9,9,302,15.432850721,20.615412478,3.455751726,20.615412478,3.455751726,0.000000000,1
1225.316263676,9,9,300,15.333683221,20.615412478,3.455751726,20.615412478,3.455751726,0.000000000,1
1226.365538359,9,9,298,15.235825079,20.615412478,3.455751726,20.615412478,3.455751726,0.000000000,1
1227.405150175,9,9,298,15.235825079,20.615412478,3.455751726,20.615412478,3.455751726,0.000000000,1
1228.451539516,9,9,296,15.133757402,20.615412478,3.455751726,20.615412478,3.455751726,0.000000000,1
1229.421208858,9,9,293,15.014521685,20.615412478,3.455751726,20.615412478,3.455751726,0.000000000,1
1230.551834345,9,9,292,14.937699929,20.615412478,3.455751726,20.615412478,3.455751726,0.000000000,1
1231.795853615,9,9,292,14.937699929,20.615412478,3.455751726,20.615412478,3.455751726,0.000000000,1
1232.512485266,9,9,290,14.842209942,20.615412478,3.455751726,20.615412478,3.455751726,0.000000000,1
1233.627165318,9,9,288,14.745879905,20.615412478,3.455751726,20.615412478,3.455751726,0.000000000,1
1234.652635336,9,9,288,14.745879905,20.615412478,3.455751726,20.615412478,3.455751726,0.000000000,1
1235.709788084,9,9,286,14.637751780,20.615412478,3.455751726,20.615412478,3.455751726,0.000000000,1
1236.654328346,9,9,285,14.586003954,20.615412478,3.455751726,20.615412478,3.455751726,0.000000000,1
1237.739500999,9,9,282,14.431094434,20.615412478,3.455751726,20.615412478,3.455751726,0.000000000,1
1238.696433067,9,9,282,14.431094434,20.615412478,3.455751726,20.615412478,3.455751726,0.000000000,1
1239.776841402,9,9,281,14.387837025,20.615412478,3.455751726,20.615412478,3.455751726,0.000000000,1
1240.770873785,9,9,278,14.239622411,20.615412478,3.455751726,20.615412478,3.455751726,0.000000000,1
1241.897854567,9,9,278,14.239622411,20.615412478,3.455751726,20.615412478,3.455751726,0.000000000,1
1243.004885435,9,9,279,14.313885836,20.615412478,3.455751726,20.615412478,3.455751726,0.000000000,1
1243.930886507,9,9,276,14.096160732,20.615412478,3.455751726,20.615412478,3.455751726,0.000000000,1
1245.068681002,9,9,274,14.021072031,20.615412478,3.455751726,20.615412478,3.455751726,0.000000000,1
1246.021419764,9,9,278,14.220542093,20.615412478,3.455751726,20.615412478,3.455751726,0.000000000,1
1247.108821392,9,9,272,13.962966668,20.615412478,3.455751726,20.615412478,3.455751726,0.000000000,1
1248.119246960,9,9,269,13.771191374,20.615412478,3.455751726,20.615412478,3.455751726,0.000000000,1
1249.194008589,9,9,269,13.771191374,20.615412478,3.455751726,20.615412478,3.455751726,0.000000000,1
1250.168496609,9,9,269,13.771191374,20.615412478,3.455751726,20.615412478,3.455751726,0.000000000,1
1251.224630833,9,9,266,13.627870394,20.615412478,3.455751726,20.615412478,3.455751726,0.000000000,1
1252.254769325,9,9,266,13.627870394,20.615412478,3.455751726,20.615412478,3.455751726,0.000000000,1
1253.447257519,9,9,263,13.485070050,20.615412478,3.455751726,20.615412478,3.455751726,0.000000000,1
1254.335980654,9,9,261,13.415095616,20.615412478,3.455751726,20.615412478,3.455751726,0.000000000,1
1255.404939413,9,9,260,13.350736454,20.615412478,3.455751726,20.615412478,3.455751726,0.000000000,1
1256.422568560,9,9,258,13.273321665,20.615412478,3.455751726,20.615412478,3.455751726,0.000000000,1
1257.493272066,9,9,257,13.199854414,20.615412478,3.455751726,20.615412478,3.455751726,0.000000000,1
1258.534281969,9,9,257,13.199854414,20.615412478,3.455751726,20.615412478,3.455751726,0.000000000,1
1259.578424692,9,9,256,13.109126355,20.615412478,3.455751726,20.615412478,3.455751726,0.000000000,1
1260.568671703,9,9,253,13.004219098,20.615412478,3.455751726,20.615412478,3.455751726,0.000000000,1
1261.656112194,9,9,253,12.989650223,20.615412478,3.455751726,20.615412478,3.455751726,0.000000000,1
1262.737816334,9,9,251,12.916844081,20.615412478,3.455751726,20.615412478,3.455751726,0.000000000,1
1263.764825344,9,9,254,13.043012898,20.615412478,3.455751726,20.615412478,3.455751726,0.000000000,1
1264.773892164,9,9,251,12.873459847,20.615412478,3.455751726,20.615412478,3.455751726,0.000000000,1
1265.850614548,9,9,251,12.873459847,20.615412478,3.455751726,20.615412478,3.455751726,0.000000000,1
1266.787224293,9,9,246,12.658655720,20.615412478,3.455751726,20.615412478,3.455751726,0.000000000,1
1267.968811750,9,9,248,12.759836754,20.615412478,3.455751726,20.615412478,3.455751726,0.000000000,1
1269.001672506,9,9,246,12.658655720,20.615412478,3.455751726,20.615412478,3.455751726,0.000000000,1
1270.038166285,9,9,246,12.625907928,20.615412478,3.455751726,20.615412478,3.455751726,0.000000000,1
1271.070253134,9,9,244,12.538089845,20.615412478,3.455751726,20.615412478,3.455751726,0.000000000,1
1272.120553970,9,9,242,12.445350706,20.615412478,3.455751726,20.615412478,3.455751726,0.000000000,1
1273.110172749,9,9,245,12.611085634,20.615412478,3.455751726,20.615412478,3.455751726,0.000000000,1
1274.177834749,9,9,242,12.445350706,20.615412478,3.455751726,20.615412478,3.455751726,0.000000000,1
1275.155637026,9,9,241,12.391190041,20.615412478,3.455751726,20.615412478,3.455751726,0.000000000,1
1276.329647303,9,9,241,12.391190041,20.615412478,3.455751726,20.615412478,3.455751726,0.000000000,1
1277.267836809,9,9,242,12.400903593,20.615412478,3.455751726,20.615412478,3.455751726,0.000000000,1
1278.323938847,9,9,242,12.400903593,20.615412478,3.455751726,20.615412478,3.455751726,0.000000000,1
1279.449423552,9,9,237,12.164491316,20.615412478,3.455751726,20.615412478,3.455751726,0.000000000,1
1280.376572609,9,9,237,12.164491316,20.615412478,3.455751726,20.615412478,3.455751726,0.000000000,1
1281.412950039,9,9,235,12.059942793,20.615412478,3.455751726,20.615412478,3.455751726,0.000000000,1
1282.488648891,9,9,239,12.262337456,20.615412478,3.455751726,20.615412478,3.455751726,0.000000000,1
1283.554760456,9,9,233,12.290819013,20.615412478,3.455751726,20.615412478,3.455751726,0.000000000,1
1284.625731945,9,9,227,11.942302489,20.615412478,3.455751726,20.615412478,3.455751726,0.000000000,1
1285.575419664,9,9,225,11.895694858,20.615412478,3.455751726,20.615412478,3.455751726,0.000000000,1
1286.711256742,9,9,223,11.780356514,20.615412478,3.455751726,20.615412478,3.455751726,0.000000000,1
1287.705947638,9,9,226,11.932891148,20.615412478,3.455751726,20.615412478,3.455751726,0.000000000,1
1288.774851561,9,9,222,11.714509421,20.615412478,3.455751726,20.615412478,3.455751726,0.000000000,1
1289.795632124,9,9,222,11.714471170,20.615412478,3.455751726,20.615412478,3.455751726,0.000000000,1
1290.822005987,9,9,217,11.476076530,20.615412478,3.455751726,20.615412478,3.455751726,0.000000000,1
1292.000933409,9,9,213,11.276946548,20.615412478,3.455751726,20.615412478,3.455751726,0.000000000,1
1292.925525427,9,9,213,11.276946548,20.615412478,3.455751726,20.615412478,3.455751726,0.000000000,1
1293.907037258,9,9,206,10.944750279,20.615412478,3.455751726,20.615412478,3.455751726,0.000000000,1
1295.236050367,9,9,205,10.890971119,20.615412478,3.455751726,20.615412478,3.455751726,0.000000000,1
1296.033353329,9,9,202,10.743680375,20.615412478,3.455751726,20.615412478,3.455751726,0.000000000,1
1296.989823818,9,9,205,10.855682124,20.615412478,3.455751726,20.615412478,3.455751726,0.000000000,1
1298.121930599,9,9,205,10.855682124,20.615412478,3.455751726,20.615412478,3.455751726,0.000000000,1
1299.149811268,9,9,202,10.747509644,20.615412478,3.455751726,20.615412478,3.455751726,0.000000000,1
1300.418696642,9,9,201,10.650526796,20.615412478,3.455751726,20.615412478,3.455751726,0.000000000,1
1301.287719488,9,9,198,10.543297342,20.615412478,3.455751726,20.615412478,3.455751726,0.000000000,1
1302.287552118,9,9,223,11.565938271,20.615412478,3.455751726,20.615412478,3.455751726,0.000000000,1
1303.415586710,9,9,223,11.565938271,20.615412478,3.455751726,20.615412478,3.455751726,0.000000000,1
1304.445198536,9,9,223,11.671965779,20.615412478,3.455751726,20.615412478,3.455751726,0.000000000,1
1305.525615931,9,9,219,11.098736127,20.615412478,3.455751726,20.615412478,3.455751726,0.000000000,1
1306.529845238,9,9,215,10.886023347,20.615412478,3.455751726,20.615412478,3.455751726,0.000000000,1
1307.572323561,9,9,212,11.017702685,20.615412478,3.455751726,20.615412478,3.455751726,0.000000000,1
1308.643513203,9,9,205,10.391485568,20.615412478,3.455751726,20.615412478,3.455751726,0.000000000,1
1309.623618126,9,9,205,10.391485568,20.615412478,3.455751726,20.615412478,3.455751726,0.000000000,1
1310.625075579,9,9,201,10.220710106,20.615412478,3.455751726,20.615412478,3.455751726,0.000000000,1
1311.782407045,9,9,198,10.066579222,20.615412478,3.455751726,20.615412478,3.455751726,0.000000000,1
1312.725287676,9,9,203,10.188444789,20.615412478,3.455751726,20.615412478,3.455751726,0.000000000,1
1313.821263313,9,9,200,10.040809144,20.615412478,3.455751726,20.615412478,3.455751726,0.000000000,1
1314.776270151,9,9,198,9.955372649,20.615412478,3.455751726,20.615412478,3.455751726,0.000000000,1
1315.973617315,9,9,195,9.861056039,20.615412478,3.455751726,20.615412478,3.455751726,0.000000000,1
1316.969971180,9,9,191,9.731343324,20.615412478,3.455751726,20.615412478,3.455751726,0.000000000,1
1318.022729158,9,9,191,9.629674115,20.615412478,3.455751726,20.615412478,3.455751726,0.000000000,1
1319.059423447,9,9,186,9.491106105,20.615412478,3.455751726,20.615412478,3.455751726,0.000000000,1
1320.087670565,9,9,186,9.377447954,20.615412478,3.455751726,20.615412478,3.455751726,0.000000000,1
1321.162347794,9,9,186,9.377445618,20.615412478,3.455751726,20.615412478,3.455751726,0.000000000,1
1322.161531687,9,9,185,9.349676764,20.615412478,3.455751726,20.615412478,3.455751726,0.000000000,1
1323.157613754,9,9,183,9.234209542,20.615412478,3.455751726,20.615412478,3.455751726,0.000000000,1
1324.320709705,9,9,181,9.146065793,20.615412478,3.455751726,20.615412478,3.455751726,0.000000000,1
1325.268398046,9,9,179,9.024519590,20.615412478,3.455751726,20.615412478,3.455751726,0.000000000,1
1326.273658037,9,9,177,8.946018032,20.615412478,3.455751726,20.615412478,3.455751726,0.000000000,1
1327.373809814,9,9,174,8.791501577,20.615412478,3.455751726,20.615412478,3.455751726,0.000000000,1
1328.442312956,9,9,174,8.791501577,20.615412478,3.455751726,20.615412478,3.455751726,0.000000000,1
1329.449893951,9,9,172,8.665034910,20.615412478,3.455751726,20.615412478,3.455751726,0.000000000,1
1330.407896757,9,9,170,8.588019121,20.615412478,3.455751726,20.615412478,3.455751726,0.000000000,1
1331.442568302,9,9,168,8.464687351,20.615412478,3.455751726,20.615412478,3.455751726,0.000000000,1
1332.509114504,9,9,167,8.420290868,20.615412478,3.455751726,20.615412478,3.455751726,0.000000000,1
1333.543540955,9,9,163,8.235518571,20.615412478,3.455751726,20.615412478,3.455751726,0.000000000,1
1334.644240856,9,9,162,8.164982397,20.615412478,3.455751726,20.615412478,3.455751726,0.000000000,1
1335.597061157,9,9,162,8.164982397,20.615412478,3.455751726,20.615412478,3.455751726,0.000000000,1
1336.659849882,9,9,159,8.051329323,20.615412478,3.455751726,20.615412478,3.455751726,0.000000000,1
1337.668085575,9,9,158,7.991467738,20.615412478,3.455751726,20.615412478,3.455751726,0.000000000,1
1338.700958014,9,9,156,7.870165466,20.615412478,3.455751726,20.615412478,3.455751726,0.000000000,1
1339.730475664,9,9,154,7.798979771,20.615412478,3.455751726,20.615412478,3.455751726,0.000000000,1
1340.738898754,9,9,151,7.652098751,20.615412478,3.455751726,20.615412478,3.455751726,0.000000000,1
1341.818586349,9,9,122,6.502857221,20.615412478,3.455751726,20.615412478,3.455751726,0.000000000,1
1342.841842413,9,9,122,6.502857221,20.615412478,3.455751726,20.615412478,3.455751726,0.000000000,1
1343.877736330,9,9,120,6.384481039,20.615412478,3.455751726,20.615412478,3.455751726,0.000000000,1
1345.075390339,9,9,124,6.346018219,20.615412478,3.455751726,20.615412478,3.455751726,0.000000000,1
1345.915558100,9,9,124,6.278948292,20.615412478,3.455751726,20.615412478,3.455751726,0.000000000,1
1346.917282581,9,9,121,6.161280903,20.615412478,3.455751726,20.615412478,3.455751726,0.000000000,1
1347.937943697,9,9,120,6.079498739,20.615412478,3.455751726,20.615412478,3.455751726,0.000000000,1
1348.975882292,9,9,118,5.980646603,20.615412478,3.455751726,20.615412478,3.455751726,0.000000000,1
1350.002593756,9,9,116,5.882494769,20.615412478,3.455751726,20.615412478,3.455751726,0.000000000,1
1351.017758131,9,9,116,5.882660228,20.615412478,3.455751726,20.615412478,3.455751726,0.000000000,1
1352.127616882,9,9,114,5.790121322,20.615412478,3.455751726,20.615412478,3.455751726,0.000000000,1
1353.150141001,9,9,112,5.679775286,20.615412478,3.455751726,20.615412478,3.455751726,0.000000000,1
1354.102435827,9,9,110,5.574655364,20.615412478,3.455751726,20.615412478,3.455751726,0.000000000,1
1355.149212360,9,9,108,5.480146454,20.615412478,3.455751726,20.615412478,3.455751726,0.000000000,1
1356.199679852,9,9,104,5.274975202,20.615412478,3.455751726,20.615412478,3.455751726,0.000000000,1
1357.187656879,9,9,102,5.178494579,20.615412478,3.455751726,20.615412478,3.455751726,0.000000000,1
1358.183527708,9,9,100,5.084275748,20.615412478,3.455751726,20.615412478,3.455751726,0.000000000,1
1359.194974899,9,9,97,4.954740895,20.615412478,3.455751726,20.615412478,3.455751726,0.000000000,1
1360.257067919,9,9,95,4.857705947,20.615412478,3.455751726,20.615412478,3.455751726,0.000000000,1
1361.291490078,9,9,93,4.758313564,20.615412478,3.455751726,20.615412478,3.455751726,0.000000000,1
1362.340596437,9,9,92,4.683362977,20.615412478,3.455751726,20.615412478,3.455751726,0.000000000,1
1363.322577477,9,9,91,4.654889003,20.615412478,3.455751726,20.615412478,3.455751726,0.000000000,1
1364.385557652,9,9,88,4.466594800,20.615412478,3.455751726,20.615412478,3.455751726,0.000000000,1
1365.386186361,9,9,88,4.466594800,20.615412478,3.455751726,20.615412478,3.455751726,0.000000000,1
1366.421261787,9,9,86,4.367512495,20.615412478,3.455751726,20.615412478,3.455751726,0.000000000,1
1367.475120068,9,9,83,4.256209054,20.615412478,3.455751726,20.615412478,3.455751726,0.000000000,1
1368.426088333,9,9,81,4.162040494,20.615412478,3.455751726,20.615412478,3.455751726,0.000000000,1
1369.503930330,9,9,81,4.127998832,20.615412478,3.455751726,20.615412478,3.455751726,0.000000000,1
1370.549304485,9,9,78,3.992945398,20.615412478,3.455751726,20.615412478,3.455751726,0.000000000,1
1371.554841757,9,9,76,3.894778323,20.615412478,3.455751726,20.615412478,3.455751726,0.000000000,1
1372.587396383,9,9,74,3.787938798,20.615412478,3.455751726,20.615412478,3.455751726,0.000000000,1
1373.590635300,9,9,74,3.787219004,20.615412478,3.455751726,20.615412478,3.455751726,0.000000000,1
1374.628640652,9,9,72,3.686394511,20.615412478,3.455751726,20.615412478,3.455751726,0.000000000,1
1375.685627937,9,9,70,3.586430789,20.615412478,3.455751726,20.615412478,3.455751726,0.000000000,1
1376.686487913,9,9,67,3.458376723,20.615412478,3.455751726,20.615412478,3.455751726,0.000000000,1
1377.691801071,9,9,65,3.360171750,20.615412478,3.455751726,20.615412478,3.455751726,0.000000000,1
1378.736945391,9,9,65,3.360171750,20.615412478,3.455751726,20.615412478,3.455751726,0.000000000,1
1379.809818506,9,9,63,3.258710534,20.615412478,3.455751726,20.615412478,3.455751726,0.000000000,1
1380.989449978,9,9,62,3.163049887,20.615412478,3.455751726,20.615412478,3.455751726,0.000000000,1
1381.944667816,9,9,59,3.059702469,20.615412478,3.455751726,20.615412478,3.455751726,0.000000000,1
1382.995005846,9,9,58,2.970863321,20.615412478,3.455751726,20.615412478,3.455751726,0.000000000,1
1383.902090788,9,9,55,2.860325352,20.615412478,3.455751726,20.615412478,3.455751726,0.000000000,1
1384.983402729,9,9,54,2.769618717,20.615412478,3.455751726,20.615412478,3.455751726,0.000000000,1
1385.958899498,9,9,50,2.563159877,20.615412478,3.455751726,20.615412478,3.455751726,0.000000000,1
1387.022006512,9,9,48,2.463225334,20.615412478,3.455751726,20.615412478,3.455751726,0.000000000,1
1388.008368254,9,9,46,2.365072158,20.615412478,3.455751726,20.615412478,3.455751726,0.000000000,1
1389.034677267,9,9,44,2.265421818,20.615412478,3.455751726,20.615412478,3.455751726,0.000000000,1
1390.073281527,9,9,42,2.168531054,20.615412478,3.455751726,20.615412478,3.455751726,0.000000000,1
1391.092128277,9,9,42,2.168531054,20.615412478,3.455751726,20.615412478,3.455751726,0.000000000,1
1392.125007153,9,9,40,2.071301423,20.615412478,3.455751726,20.615412478,3.455751726,0.000000000,1
1393.112426758,9,9,38,1.972732957,20.615412478,3.455751726,20.615412478,3.455751726,0.000000000,1
1394.231308460,9,9,35,1.847325326,20.615412478,3.455751726,20.615412478,3.455751726,0.000000000,1
1395.208883762,9,9,33,1.749763222,20.615412478,3.455751726,20.615412478,3.455751726,0.000000000,1
1396.199835300,9,9,31,1.653650505,20.615412478,3.455751726,20.615412478,3.455751726,0.000000000,1
1397.239492893,9,9,31,1.653650505,20.615412478,3.455751726,20.615412478,3.455751726,0.000000000,1
1398.278737307,9,9,29,1.560991730,20.615412478,3.455751726,20.615412478,3.455751726,0.000000000,1
1399.318111658,9,9,27,1.427357816,20.615412478,3.455751726,20.615412478,3.455751726,0.000000000,1
1400.336134911,9,9,25,1.336639090,20.615412478,3.455751726,20.615412478,3.455751726,0.000000000,1
1401.410869122,9,9,23,1.247215941,20.615412478,3.455751726,20.615412478,3.455751726,0.000000000,1
1402.427331686,9,9,22,1.203475079,20.615412478,3.455751726,20.615412478,3.455751726,0.000000000,1
1403.475121737,9,9,20,1.112473851,20.615412478,3.455751726,20.615412478,3.455751726,0.000000000,1
1404.492955685,9,9,19,1.022735736,20.615412478,3.455751726,20.615412478,3.455751726,0.000000000,1
1405.539232492,9,9,19,1.022735736,20.615412478,3.455751726,20.615412478,3.455751726,0.000000000,1
1406.557235956,9,9,16,0.887201033,20.615412478,3.455751726,20.615412478,3.455751726,0.000000000,1
1407.565700531,9,9,16,0.887201033,20.615412478,3.455751726,20.615412478,3.455751726,0.000000000,1
1408.593572617,9,9,14,0.797592166,20.615412478,3.455751726,20.615412478,3.455751726,0.000000000,1
1409.628202677,9,9,14,0.797592166,20.615412478,3.455751726,20.615412478,3.455751726,0.000000000,1
1410.623684406,9,9,11,0.660775431,20.615412478,3.455751726,20.615412478,3.455751726,0.000000000,1
1411.683894396,9,9,11,0.660775431,20.615412478,3.455751726,20.615412478,3.455751726,0.000000000,1
1412.728637934,9,9,10,0.572877666,20.615412478,3.455751726,20.615412478,3.455751726,0.000000000,1
1413.794673681,9,9,10,0.572877666,20.615412478,3.455751726,20.615412478,3.455751726,0.000000000,1
1414.855736494,9,9,9,0.529623507,20.615412478,3.455751726,20.615412478,3.455751726,0.000000000,1
1472.658855677,10,10,129,6.457383662,21.114927590,10.055253641,21.114927590,10.055253641,0.000000000,1
1473.625705481,10,10,129,6.457383662,21.114927590,10.055253641,21.114927590,10.055253641,0.000000000,1
1474.605833769,10,10,129,6.457383662,21.114927590,10.055253641,21.114927590,10.055253641,0.000000000,1
1475.660181999,10,10,129,6.457383662,21.114927590,10.055253641,21.114927590,10.055253641,0.000000000,1
1476.707774878,10,10,129,6.457383662,21.114927590,10.055253641,21.114927590,10.055253641,0.000000000,1
1477.765517950,10,10,129,6.457383662,21.114927590,10.055253641,21.114927590,10.055253641,0.000000000,1
1478.797950506,10,10,129,6.457383662,21.114927590,10.055253641,21.114927590,10.055253641,0.000000000,1
1479.819565058,10,10,129,6.457383662,21.114927590,10.055253641,21.114927590,10.055253641,0.000000000,1
1480.859877825,10,10,129,6.457383662,21.114927590,10.055253641,21.114927590,10.055253641,0.000000000,1
1481.927521467,10,10,129,6.457383662,21.114927590,10.055253641,21.114927590,10.055253641,0.000000000,1
1482.939963102,10,10,129,6.457383662,21.114927590,10.055253641,21.114927590,10.055253641,0.000000000,1
1483.946629286,10,10,127,6.360746511,21.114927590,10.055253641,21.114927590,10.055253641,0.000000000,1
1485.033904791,10,10,127,6.338691364,21.114927590,10.055253641,21.114927590,10.055253641,0.000000000,1
1486.045746803,10,10,125,6.240214240,21.114927590,10.055253641,21.114927590,10.055253641,0.000000000,1
1487.086846352,10,10,123,6.142903443,21.114927590,10.055253641,21.114927590,10.055253641,0.000000000,1
1488.100272655,10,10,121,6.044498946,21.114927590,10.055253641,21.114927590,10.055253641,0.000000000,1
1489.178519964,10,10,121,6.024210454,21.114927590,10.055253641,21.114927590,10.055253641,0.000000000,1
1490.159663439,10,10,119,5.925333660,21.114927590,10.055253641,21.114927590,10.055253641,0.000000000,1
1491.203866243,10,10,117,5.827827114,21.114927590,10.055253641,21.114927590,10.055253641,0.000000000,1
1492.223428965,10,10,115,5.730179917,21.114927590,10.055253641,21.114927590,10.055253641,0.000000000,1
1493.279905319,10,10,113,5.631096472,21.114927590,10.055253641,21.114927590,10.055253641,0.000000000,1
1494.303183556,10,10,111,5.536522374,21.114927590,10.055253641,21.114927590,10.055253641,0.000000000,1
1495.339524984,10,10,109,5.439870970,21.114927590,10.055253641,21.114927590,10.055253641,0.000000000,1
1496.376521111,10,10,107,5.343683591,21.114927590,10.055253641,21.114927590,10.055253641,0.000000000,1
1497.424295902,10,10,105,5.245194596,21.114927590,10.055253641,21.114927590,10.055253641,0.000000000,1
1498.440867186,10,10,103,5.149369229,21.114927590,10.055253641,21.114927590,10.055253641,0.000000000,1
1499.507071495,10,10,101,5.054260365,21.114927590,10.055253641,21.114927590,10.055253641,0.000000000,1
1500.500816584,10,10,99,4.928744122,21.114927590,10.055253641,21.114927590,10.055253641,0.000000000,1
1501.566529512,10,10,97,4.832445083,21.114927590,10.055253641,21.114927590,10.055253641,0.000000000,1
1502.651202202,10,10,95,4.749018367,21.114927590,10.055253641,21.114927590,10.055253641,0.000000000,1
1503.728024960,10,10,93,4.654561396,21.114927590,10.055253641,21.114927590,10.055253641,0.000000000,1
1504.716282845,10,10,91,4.556926594,21.114927590,10.055253641,21.114927590,10.055253641,0.000000000,1
1505.743620157,10,10,91,4.556926594,21.114927590,10.055253641,21.114927590,10.055253641,0.000000000,1
1506.788573980,10,10,89,4.461452791,21.114927590,10.055253641,21.114927590,10.055253641,0.000000000,1
1507.824612141,10,10,87,4.330793221,21.114927590,10.055253641,21.114927590,10.055253641,0.000000000,1
1508.911968231,10,10,85,4.230804602,21.114927590,10.055253641,21.114927590,10.055253641,0.000000000,1
1509.935145855,10,10,83,4.147695890,21.114927590,10.055253641,21.114927590,10.055253641,0.000000000,1
1510.945852041,10,10,81,4.050770589,21.114927590,10.055253641,21.114927590,10.055253641,0.000000000,1
1512.037716150,10,10,79,3.938872340,21.114927590,10.055253641,21.114927590,10.055253641,0.000000000,1
1513.039332628,10,10,76,3.821378795,21.114927590,10.055253641,21.114927590,10.055253641,0.000000000,1
1514.118012667,10,10,76,3.807709593,21.114927590,10.055253641,21.114927590,10.055253641,0.000000000,1
1515.158793449,10,10,74,3.687145256,21.114927590,10.055253641,21.114927590,10.055253641,0.000000000,1
1516.125802040,10,10,72,3.581555904,21.114927590,10.055253641,21.114927590,10.055253641,0.000000000,1
1517.177124977,10,10,70,3.487980173,21.114927590,10.055253641,21.114927590,10.055253641,0.000000000,1
1518.297680855,10,10,70,3.498695788,21.114927590,10.055253641,21.114927590,10.055253641,0.000000000,1
1519.288733006,10,10,68,3.399991979,21.114927590,10.055253641,21.114927590,10.055253641,0.000000000,1
1520.289435387,10,10,66,3.299503723,21.114927590,10.055253641,21.114927590,10.055253641,0.000000000,1
1521.325692654,10,10,64,3.197688779,21.114927590,10.055253641,21.114927590,10.055253641,0.000000000,1
1522.369500399,10,10,62,3.092356963,21.114927590,10.055253641,21.114927590,10.055253641,0.000000000,1
1523.373666763,10,10,62,3.082108741,21.114927590,10.055253641,21.114927590,10.055253641,0.000000000,1
1524.412729740,10,10,60,2.983169930,21.114927590,10.055253641,21.114927590,10.055253641,0.000000000,1
1525.489925146,10,10,58,2.897987023,21.114927590,10.055253641,21.114927590,10.055253641,0.000000000,1
1526.484537125,10,10,56,2.796633759,21.114927590,10.055253641,21.114927590,10.055253641,0.000000000,1
1527.603280544,10,10,54,2.696823034,21.114927590,10.055253641,21.114927590,10.055253641,0.000000000,1
1528.548129320,10,10,52,2.597337259,21.114927590,10.055253641,21.114927590,10.055253641,0.000000000,1
1529.615828514,10,10,50,2.477780527,21.114927590,10.055253641,21.114927590,10.055253641,0.000000000,1
1530.664690018,10,10,48,2.376442415,21.114927590,10.055253641,21.114927590,10.055253641,0.000000000,1
1531.668336153,10,10,46,2.276651712,21.114927590,10.055253641,21.114927590,10.055253641,0.000000000,1
1532.715298176,10,10,46,2.276651712,21.114927590,10.055253641,21.114927590,10.055253641,0.000000000,1
1533.736320019,10,10,44,2.176873974,21.114927590,10.055253641,21.114927590,10.055253641,0.000000000,1
1534.752758980,10,10,42,2.077490544,21.114927590,10.055253641,21.114927590,10.055253641,0.000000000,1
1535.779722691,10,10,42,2.077490544,21.114927590,10.055253641,21.114927590,10.055253641,0.000000000,1
1536.897144079,10,10,40,1.978614451,21.114927590,10.055253641,21.114927590,10.055253641,0.000000000,1
1537.918388128,10,10,38,1.878823927,21.114927590,10.055253641,21.114927590,10.055253641,0.000000000,1
1538.938804150,10,10,36,1.779237402,21.114927590,10.055253641,21.114927590,10.055253641,0.000000000,1
1539.967411280,10,10,34,1.678866206,21.114927590,10.055253641,21.114927590,10.055253641,0.000000000,1
1540.914964676,10,10,32,1.579297115,21.114927590,10.055253641,21.114927590,10.055253641,0.000000000,1
1541.989691973,10,10,32,1.579293101,21.114927590,10.055253641,21.114927590,10.055253641,0.000000000,1
1543.006887674,10,10,30,1.479732753,21.114927590,10.055253641,21.114927590,10.055253641,0.000000000,1
1544.025623083,10,10,28,1.381170167,21.114927590,10.055253641,21.114927590,10.055253641,0.000000000,1
1545.067796469,10,10,26,1.281819019,21.114927590,10.055253641,21.114927590,10.055253641,0.000000000,1
1546.157843351,10,10,24,1.182472741,21.114927590,10.055253641,21.114927590,10.055253641,0.000000000,1
1547.136689901,10,10,22,1.083200220,21.114927590,10.055253641,21.114927590,10.055253641,0.000000000,1
1548.166347742,10,10,22,1.083200220,21.114927590,10.055253641,21.114927590,10.055253641,0.000000000,1
1549.221397400,10,10,20,0.983895108,21.114927590,10.055253641,21.114927590,10.055253641,0.000000000,1
1550.224410295,10,10,18,0.887039719,21.114927590,10.055253641,21.114927590,10.055253641,0.000000000,1
1551.257021189,10,10,18,0.887039719,21.114927590,10.055253641,21.114927590,10.055253641,0.000000000,1
1552.307503462,10,10,16,0.788117198,21.114927590,10.055253641,21.114927590,10.055253641,0.000000000,1
1553.314411640,10,10,14,0.688992278,21.114927590,10.055253641,21.114927590,10.055253641,0.000000000,1
1554.363190413,10,10,14,0.688992278,21.114927590,10.055253641,21.114927590,10.055253641,0.000000000,1
1555.406560421,10,10,12,0.595308009,21.114927590,10.055253641,21.114927590,10.055253641,0.000000000,1
1556.403342247,10,10,12,0.595308009,21.114927590,10.055253641,21.114927590,10.055253641,0.000000000,1
1557.476595163,10,10,10,0.496994387,21.114927590,10.055253641,21.114927590,10.055253641,0.000000000,1
1558.558098316,10,10,10,0.496994387,21.114927590,10.055253641,21.114927590,10.055253641,0.000000000,1
1559.566044331,10,10,10,0.496994387,21.114927590,10.055253641,21.114927590,10.055253641,0.000000000,1
1560.573405743,10,10,7,0.371271246,21.114927590,10.055253641,21.114927590,10.055253641,0.000000000,1
1611.420478344,11,11,365,18.248572108,34.914400354,6.554988617,34.914400354,6.554988617,0.000000000,1
1612.380405903,11,11,365,18.248572108,34.914400354,6.554988617,34.914400354,6.554988617,0.000000000,1
1613.400707006,11,11,363,18.150314845,34.914400354,6.554988617,34.914400354,6.554988617,0.000000000,1
1614.381354570,11,11,363,18.150324232,34.914400354,6.554988617,34.914400354,6.554988617,0.000000000,1
1615.559407949,11,11,361,18.056150406,34.914400354,6.554988617,34.914400354,6.554988617,0.000000000,1
1616.492035151,11,11,361,18.057412636,34.914400354,6.554988617,34.914400354,6.554988617,0.000000000,1
1617.621723175,11,11,359,17.941270509,34.914400354,6.554988617,34.914400354,6.554988617,0.000000000,1
1618.679005146,11,11,359,17.939224659,34.914400354,6.554988617,34.914400354,6.554988617,0.000000000,1
1619.724441051,11,11,357,17.856803538,34.914400354,6.554988617,34.914400354,6.554988617,0.000000000,1
1620.709960461,11,11,357,17.870386486,34.914400354,6.554988617,34.914400354,6.554988617,0.000000000,1
1621.842967510,11,11,357,17.870685148,34.914400354,6.554988617,34.914400354,6.554988617,0.000000000,1
1622.837021351,11,11,358,17.875761238,34.914400354,6.554988617,34.914400354,6.554988617,0.000000000,1
1623.900274992,11,11,358,17.873804658,34.914400354,6.554988617,34.914400354,6.554988617,0.000000000,1
1624.826024771,11,11,358,17.873803521,34.914400354,6.554988617,34.914400354,6.554988617,0.000000000,1
1625.915430546,11,11,358,17.874124045,34.914400354,6.554988617,34.914400354,6.554988617,0.000000000,1
1627.028554678,11,11,357,17.855449043,34.914400354,6.554988617,34.914400354,6.554988617,0.000000000,1
1628.021372557,11,11,357,17.856762276,34.914400354,6.554988617,34.914400354,6.554988617,0.000000000,1
1629.049747705,11,11,355,17.740273956,34.914400354,6.554988617,34.914400354,6.554988617,0.000000000,1
1630.066657305,11,11,355,17.750667440,34.914400354,6.554988617,34.914400354,6.554988617,0.000000000,1
1631.056631804,11,11,353,17.648890737,34.914400354,6.554988617,34.914400354,6.554988617,0.000000000,1
1632.113500834,11,11,351,17.550781468,34.914400354,6.554988617,34.914400354,6.554988617,0.000000000,1
1633.135989666,11,11,349,17.449255346,34.914400354,6.554988617,34.914400354,6.554988617,0.000000000,1
1634.163146973,11,11,347,17.351266799,34.914400354,6.554988617,34.914400354,6.554988617,0.000000000,1
1635.202599287,11,11,348,17.407494091,34.914400354,6.554988617,34.914400354,6.554988617,0.000000000,1
1636.272886753,11,11,346,17.280729893,34.914400354,6.554988617,34.914400354,6.554988617,0.000000000,1
1637.349503994,11,11,346,17.289052464,34.914400354,6.554988617,34.914400354,6.554988617,0.000000000,1
1638.353089571,11,11,343,17.155996328,34.914400354,6.554988617,34.914400354,6.554988617,0.000000000,1
1639.425492525,11,11,340,17.007519739,34.914400354,6.554988617,34.914400354,6.554988617,0.000000000,1
1640.450056553,11,11,339,16.955772129,34.914400354,6.554988617,34.914400354,6.554988617,0.000000000,1
1641.605050564,11,11,338,16.888611799,34.914400354,6.554988617,34.914400354,6.554988617,0.000000000,1
1642.547695875,11,11,334,16.680562734,34.914400354,6.554988617,34.914400354,6.554988617,0.000000000,1
1643.574059248,11,11,334,16.688301448,34.914400354,6.554988617,34.914400354,6.554988617,0.000000000,1
1644.701343536,11,11,334,16.688301448,34.914400354,6.554988617,34.914400354,6.554988617,0.000000000,1
1645.650338173,11,11,336,16.771702495,34.914400354,6.554988617,34.914400354,6.554988617,0.000000000,1
1646.708585262,11,11,330,16.487924197,34.914400354,6.554988617,34.914400354,6.554988617,0.000000000,1
1647.774594069,11,11,327,16.354703487,34.914400354,6.554988617,34.914400354,6.554988617,0.000000000,1
1648.779888391,11,11,326,16.287450481,34.914400354,6.554988617,34.914400354,6.554988617,0.000000000,1
1649.933388948,11,11,323,16.154153163,34.914400354,6.554988617,34.914400354,6.554988617,0.000000000,1
1651.067205191,11,11,322,16.086845340,34.914400354,6.554988617,34.914400354,6.554988617,0.000000000,1
1651.909150124,11,11,322,16.086845340,34.914400354,6.554988617,34.914400354,6.554988617,0.000000000,1
1653.026211262,11,11,319,15.953439758,34.914400354,6.554988617,34.914400354,6.554988617,0.000000000,1
1654.084735155,11,11,318,15.886056598,34.914400354,6.554988617,34.914400354,6.554988617,0.000000000,1
1655.148783684,11,11,315,15.752502810,34.914400354,6.554988617,34.914400354,6.554988617,0.000000000,1
1656.188802958,11,11,314,15.684977741,34.914400354,6.554988617,34.914400354,6.554988617,0.000000000,1
1657.137825012,11,11,314,15.684977741,34.914400354,6.554988617,34.914400354,6.554988617,0.000000000,1
1658.159497023,11,11,311,15.551257642,34.914400354,6.554988617,34.914400354,6.554988617,0.000000000,1
1659.261650085,11,11,310,15.483991246,34.914400354,6.554988617,34.914400354,6.554988617,0.000000000,1
1660.338975430,11,11,307,15.342973268,34.914400354,6.554988617,34.914400354,6.554988617,0.000000000,1
1661.294444561,11,11,306,15.292806379,34.914400354,6.554988617,34.914400354,6.554988617,0.000000000,1
1662.398782730,11,11,303,15.159527151,34.914400354,6.554988617,34.914400354,6.554988617,0.000000000,1
1663.483241320,11,11,306,15.309992903,34.914400354,6.554988617,34.914400354,6.554988617,0.000000000,1
1664.498175144,11,11,306,15.309992903,34.914400354,6.554988617,34.914400354,6.554988617,0.000000000,1
1665.518260479,11,11,299,14.928253690,34.914400354,6.554988617,34.914400354,6.554988617,0.000000000,1
1666.603041649,11,11,298,14.886896526,34.914400354,6.554988617,34.914400354,6.554988617,0.000000000,1
1667.506255627,11,11,297,14.835370977,34.914400354,6.554988617,34.914400354,6.554988617,0.000000000,1
1668.653365612,11,11,292,14.616247894,34.914400354,6.554988617,34.914400354,6.554988617,0.000000000,1
1669.620568752,11,11,292,14.616348333,34.914400354,6.554988617,34.914400354,6.554988617,0.000000000,1
1670.666070223,11,11,290,14.499451382,34.914400354,6.554988617,34.914400354,6.554988617,0.000000000,1
1671.734210968,11,11,287,14.363140034,34.914400354,6.554988617,34.914400354,6.554988617,0.000000000,1
1672.763750553,11,11,285,14.242568129,34.914400354,6.554988617,34.914400354,6.554988617,0.000000000,1
1673.790441990,11,11,287,14.357860774,34.914400354,6.554988617,34.914400354,6.554988617,0.000000000,1
1674.855227709,11,11,287,14.357860774,34.914400354,6.554988617,34.914400354,6.554988617,0.000000000,1
1675.961305618,11,11,285,14.261023032,34.914400354,6.554988617,34.914400354,6.554988617,0.000000000,1
1677.181497574,11,11,988,49.506613395,34.914400354,6.554988617,34.914400354,6.554988617,0.000000000,1
1677.992126703,11,11,275,13.737407249,34.914400354,6.554988617,34.914400354,6.554988617,0.000000000,1
1679.464020491,11,11,984,49.306613392,34.914400354,6.554988617,34.914400354,6.554988617,0.000000000,1
1680.102604151,11,11,271,13.537407246,34.914400354,6.554988617,34.914400354,6.554988617,0.000000000,1
1681.135153770,11,11,980,49.106613389,34.914400354,6.554988617,34.914400354,6.554988617,0.000000000,1
1682.105634928,11,11,267,13.337407243,34.914400354,6.554988617,34.914400354,6.554988617,0.000000000,1
1683.160584688,11,11,267,13.337407243,34.914400354,6.554988617,34.914400354,6.554988617,0.000000000,1
1684.431772232,11,11,988,49.506638455,34.914400354,6.554988617,34.914400354,6.554988617,0.000000000,1
1685.308102608,11,11,984,49.306638452,34.914400354,6.554988617,34.914400354,6.554988617,0.000000000,1
1686.361933231,11,11,1008,50.506236305,34.914400354,6.554988617,34.914400354,6.554988617,0.000000000,1
1687.306847811,11,11,259,12.936077912,34.914400354,6.554988617,34.914400354,6.554988617,0.000000000,1
1688.659283400,11,11,1004,50.306236302,34.914400354,6.554988617,34.914400354,6.554988617,0.000000000,1
1689.514499903,11,11,255,12.736077909,34.914400354,6.554988617,34.914400354,6.554988617,0.000000000,1
1690.609428883,11,11,1000,50.106236299,34.914400354,6.554988617,34.914400354,6.554988617,0.000000000,1
1691.499061108,11,11,252,12.596410558,34.914400354,6.554988617,34.914400354,6.554988617,0.000000000,1
1692.589872360,11,11,250,12.496345694,34.914400354,6.554988617,34.914400354,6.554988617,0.000000000,1
1693.647452116,11,11,248,12.403465776,34.914400354,6.554988617,34.914400354,6.554988617,0.000000000,1
1694.625149727,11,11,246,12.303408204,34.914400354,6.554988617,34.914400354,6.554988617,0.000000000,1
1695.645711899,11,11,246,12.302382899,34.914400354,6.554988617,34.914400354,6.554988617,0.000000000,1
1696.866209984,11,11,244,12.202440000,34.914400354,6.554988617,34.914400354,6.554988617,0.000000000,1
1697.733483315,11,11,242,12.107840471,34.914400354,6.554988617,34.914400354,6.554988617,0.000000000,1
1698.787488699,11,11,240,12.007887013,34.914400354,6.554988617,34.914400354,6.554988617,0.000000000,1
1699.989975691,11,11,238,11.907840511,34.914400354,6.554988617,34.914400354,6.554988617,0.000000000,1
1700.860734701,11,11,236,11.807968005,34.914400354,6.554988617,34.914400354,6.554988617,0.000000000,1
1701.927719116,11,11,236,11.807968005,34.914400354,6.554988617,34.914400354,6.554988617,0.000000000,1
1702.969780445,11,11,234,11.707920243,34.914400354,6.554988617,34.914400354,6.554988617,0.000000000,1
1703.996915817,11,11,232,11.608716802,34.914400354,6.554988617,34.914400354,6.554988617,0.000000000,1
1704.988274813,11,11,230,11.508667419,34.914400354,6.554988617,34.914400354,6.554988617,0.000000000,1
1706.052791119,11,11,228,11.408716414,34.914400354,6.554988617,34.914400354,6.554988617,0.000000000,1
1707.101536989,11,11,228,11.408716414,34.914400354,6.554988617,34.914400354,6.554988617,0.000000000,1
1708.154593468,11,11,223,11.161651581,34.914400354,6.554988617,34.914400354,6.554988617,0.000000000,1
1709.226326227,11,11,223,11.161651581,34.914400354,6.554988617,34.914400354,6.554988617,0.000000000,1
1710.202923536,11,11,221,11.061142463,34.914400354,6.554988617,34.914400354,6.554988617,0.000000000,1
1711.265844584,11,11,219,10.961652898,34.914400354,6.554988617,34.914400354,6.554988617,0.000000000,1
1712.252224922,11,11,217,10.861142815,34.914400354,6.554988617,34.914400354,6.554988617,0.000000000,1
1713.272979736,11,11,214,10.704813642,34.914400354,6.554988617,34.914400354,6.554988617,0.000000000,1
1714.324780941,11,11,212,10.603767900,34.914400354,6.554988617,34.914400354,6.554988617,0.000000000,1
1715.399305105,11,11,210,10.504813638,34.914400354,6.554988617,34.914400354,6.554988617,0.000000000,1
1716.389464378,11,11,207,10.366648753,34.914400354,6.554988617,34.914400354,6.554988617,0.000000000,1
1717.488245487,11,11,205,10.268075144,34.914400354,6.554988617,34.914400354,6.554988617,0.000000000,1
1718.519980907,11,11,203,10.166648750,34.914400354,6.554988617,34.914400354,6.554988617,0.000000000,1
1719.514544249,11,11,201,10.068075141,34.914400354,6.554988617,34.914400354,6.554988617,0.000000000,1
1720.597981453,11,11,199,9.966648593,34.914400354,6.554988617,34.914400354,6.554988617,0.000000000,1
1721.627209663,11,11,197,9.861998596,34.914400354,6.554988617,34.914400354,6.554988617,0.000000000,1
1722.687873602,11,11,195,9.763761530,34.914400354,6.554988617,34.914400354,6.554988617,0.000000000,1
1723.668700933,11,11,193,9.661998589,34.914400354,6.554988617,34.914400354,6.554988617,0.000000000,1
1724.710740805,11,11,191,9.563762330,34.914400354,6.554988617,34.914400354,6.554988617,0.000000000,1
1725.722476482,11,11,189,9.463183914,34.914400354,6.554988617,34.914400354,6.554988617,0.000000000,1
1726.840746641,11,11,187,9.363805218,34.914400354,6.554988617,34.914400354,6.554988617,0.000000000,1
1727.774352312,11,11,185,9.263183411,34.914400354,6.554988617,34.914400354,6.554988617,0.000000000,1
1728.816451788,11,11,185,9.263183411,34.914400354,6.554988617,34.914400354,6.554988617,0.000000000,1
1729.890774965,11,11,183,9.163804870,34.914400354,6.554988617,34.914400354,6.554988617,0.000000000,1
1730.893500328,11,11,181,9.063183671,34.914400354,6.554988617,34.914400354,6.554988617,0.000000000,1
1732.108659744,11,11,179,8.963816218,34.914400354,6.554988617,34.914400354,6.554988617,0.000000000,1
1732.950059891,11,11,177,8.863162499,34.914400354,6.554988617,34.914400354,6.554988617,0.000000000,1
1734.033621788,11,11,175,8.763817507,34.914400354,6.554988617,34.914400354,6.554988617,0.000000000,1
1735.095741510,11,11,173,8.663163756,34.914400354,6.554988617,34.914400354,6.554988617,0.000000000,1
1736.119935989,11,11,171,8.563818237,34.914400354,6.554988617,34.914400354,6.554988617,0.000000000,1
1737.119875431,11,11,171,8.563818237,34.914400354,6.554988617,34.914400354,6.554988617,0.000000000,1
1738.119462967,11,11,169,8.463164522,34.914400354,6.554988617,34.914400354,6.554988617,0.000000000,1
1739.192275524,11,11,165,8.263165372,34.914400354,6.554988617,34.914400354,6.554988617,0.000000000,1
1740.185523987,11,11,163,8.163823004,34.914400354,6.554988617,34.914400354,6.554988617,0.000000000,1
1741.291539669,11,11,161,8.063167374,34.914400354,6.554988617,34.914400354,6.554988617,0.000000000,1
1742.279573679,11,11,159,7.963822163,34.914400354,6.554988617,34.914400354,6.554988617,0.000000000,1
1743.337426424,11,11,157,7.863168656,34.914400354,6.554988617,34.914400354,6.554988617,0.000000000,1
1744.503412008,11,11,155,7.763825958,34.914400354,6.554988617,34.914400354,6.554988617,0.000000000,1
1745.364259243,11,11,153,7.663171047,34.914400354,6.554988617,34.914400354,6.554988617,0.000000000,1
1746.398070574,11,11,151,7.562151316,34.914400354,6.554988617,34.914400354,6.554988617,0.000000000,1
1747.442504644,11,11,149,7.461498790,34.914400354,6.554988617,34.914400354,6.554988617,0.000000000,1
1748.430989504,11,11,147,7.362154082,34.914400354,6.554988617,34.914400354,6.554988617,0.000000000,1
1749.539371014,11,11,145,7.261504427,34.914400354,6.554988617,34.914400354,6.554988617,0.000000000,1
1750.558774948,11,11,143,7.162161859,34.914400354,6.554988617,34.914400354,6.554988617,0.000000000,1
1751.585016489,11,11,141,7.061518847,34.914400354,6.554988617,34.914400354,6.554988617,0.000000000,1
1752.572121859,11,11,139,6.962169709,34.914400354,6.554988617,34.914400354,6.554988617,0.000000000,1
1753.582824469,11,11,137,6.859658726,34.914400354,6.554988617,34.914400354,6.554988617,0.000000000,1
1754.659194946,11,11,137,6.859658726,34.914400354,6.554988617,34.914400354,6.554988617,0.000000000,1
1755.728089333,11,11,135,6.761580101,34.914400354,6.554988617,34.914400354,6.554988617,0.000000000,1
1756.693720818,11,11,131,6.561288210,34.914400354,6.554988617,34.914400354,6.554988617,0.000000000,1
1757.806865215,11,11,129,6.459375270,34.914400354,6.554988617,34.914400354,6.554988617,0.000000000,1
1758.772445440,11,11,127,6.361302171,34.914400354,6.554988617,34.914400354,6.554988617,0.000000000,1
1759.795494080,11,11,125,6.259387844,34.914400354,6.554988617,34.914400354,6.554988617,0.000000000,1
1760.776895761,11,11,125,6.259335347,34.914400354,6.554988617,34.914400354,6.554988617,0.000000000,1
1761.834978104,11,11,123,6.161265936,34.914400354,6.554988617,34.914400354,6.554988617,0.000000000,1
1762.868530989,11,11,121,6.059359410,34.914400354,6.554988617,34.914400354,6.554988617,0.000000000,1
1763.929190397,11,11,119,5.961297326,34.914400354,6.554988617,34.914400354,6.554988617,0.000000000,1
1765.225568533,11,11,117,5.859392895,34.914400354,6.554988617,34.914400354,6.554988617,0.000000000,1
1765.955427885,11,11,115,5.761330176,34.914400354,6.554988617,34.914400354,6.554988617,0.000000000,1
1766.992231131,11,11,113,5.659431959,34.914400354,6.554988617,34.914400354,6.554988617,0.000000000,1
1767.962629318,11,11,111,5.561378776,34.914400354,6.554988617,34.914400354,6.554988617,0.000000000,1
1768.998386383,11,11,109,5.459485611,34.914400354,6.554988617,34.914400354,6.554988617,0.000000000,1
1770.082027674,11,11,107,5.361435614,34.914400354,6.554988617,34.914400354,6.554988617,0.000000000,1
1771.092274189,11,11,105,5.259549963,34.914400354,6.554988617,34.914400354,6.554988617,0.000000000,1
1772.101186514,11,11,101,5.040087102,34.914400354,6.554988617,34.914400354,6.554988617,0.000000000,1
1773.087425232,11,11,99,4.939893075,34.914400354,6.554988617,34.914400354,6.554988617,0.000000000,1
1774.104655027,11,11,99,4.940133912,34.914400354,6.554988617,34.914400354,6.554988617,0.000000000,1
1775.209106922,11,11,97,4.840942066,34.914400354,6.554988617,34.914400354,6.554988617,0.000000000,1
1776.165599346,11,11,95,4.740916374,34.914400354,6.554988617,34.914400354,6.554988617,0.000000000,1
1777.190172911,11,11,93,4.640838261,34.914400354,6.554988617,34.914400354,6.554988617,0.000000000,1
1778.225495815,11,11,91,4.541220197,34.914400354,6.554988617,34.914400354,6.554988617,0.000000000,1
1779.296366215,11,11,89,4.441768767,34.914400354,6.554988617,34.914400354,6.554988617,0.000000000,1
1780.254785299,11,11,87,4.341900967,34.914400354,6.554988617,34.914400354,6.554988617,0.000000000,1
1781.280684471,11,11,85,4.245593367,34.914400354,6.554988617,34.914400354,6.554988617,0.000000000,1
1782.416315079,11,11,83,4.145475361,34.914400354,6.554988617,34.914400354,6.554988617,0.000000000,1
1783.374046326,11,11,81,4.050297124,34.914400354,6.554988617,34.914400354,6.554988617,0.000000000,1
1784.369984150,11,11,79,3.937071425,34.914400354,6.554988617,34.914400354,6.554988617,0.000000000,1
1785.426690578,11,11,77,3.838279888,34.914400354,6.554988617,34.914400354,6.554988617,0.000000000,1
1786.440856457,11,11,75,3.738673742,34.914400354,6.554988617,34.914400354,6.554988617,0.000000000,1
1787.457603693,11,11,71,3.540960022,34.914400354,6.554988617,34.914400354,6.554988617,0.000000000,1
1788.481370687,11,11,69,3.441244220,34.914400354,6.554988617,34.914400354,6.554988617,0.000000000,1
1789.546939850,11,11,67,3.339220407,34.914400354,6.554988617,34.914400354,6.554988617,0.000000000,1
1790.569998741,11,11,68,3.376969579,34.914400354,6.554988617,34.914400354,6.554988617,0.000000000,1
1791.577368736,11,11,67,3.342492075,34.914400354,6.554988617,34.914400354,6.554988617,0.000000000,1
1792.612519026,11,11,64,3.179239652,34.914400354,6.554988617,34.914400354,6.554988617,0.000000000,1
1793.711322784,11,11,62,3.077952206,34.914400354,6.554988617,34.914400354,6.554988617,0.000000000,1
1794.687976360,11,11,60,2.980898339,34.914400354,6.554988617,34.914400354,6.554988617,0.000000000,1
1795.683322668,11,11,59,2.935251764,34.914400354,6.554988617,34.914400354,6.554988617,0.000000000,1
1796.746670723,11,11,56,2.781297278,34.914400354,6.554988617,34.914400354,6.554988617,0.000000000,1
1797.803242922,11,11,54,2.672334283,34.914400354,6.554988617,34.914400354,6.554988617,0.000000000,1
1798.867268562,11,11,52,2.581926831,34.914400354,6.554988617,34.914400354,6.554988617,0.000000000,1
1799.863816500,11,11,51,2.536069715,34.914400354,6.554988617,34.914400354,6.554988617,0.000000000,1
1800.840572596,11,11,48,2.382806719,34.914400354,6.554988617,34.914400354,6.554988617,0.000000000,1
1801.899367332,11,11,46,2.275484027,34.914400354,6.554988617,34.914400354,6.554988617,0.000000000,1
1802.977389812,11,11,44,2.184097726,34.914400354,6.554988617,34.914400354,6.554988617,0.000000000,1
1803.972467899,11,11,43,2.137879601,34.914400354,6.554988617,34.914400354,6.554988617,0.000000000,1
1804.988177538,11,11,40,1.973719225,34.914400354,6.554988617,34.914400354,6.554988617,0.000000000,1
1805.970550299,11,11,38,1.873570097,34.914400354,6.554988617,34.914400354,6.554988617,0.000000000,1
1807.016873121,11,11,36,1.817600665,34.914400354,6.554988617,34.914400354,6.554988617,0.000000000,1
1808.051171780,11,11,34,1.719478561,34.914400354,6.554988617,34.914400354,6.554988617,0.000000000,1
1809.089615583,11,11,34,1.719478561,34.914400354,6.554988617,34.914400354,6.554988617,0.000000000,1
1810.088130236,11,11,32,1.620806622,34.914400354,6.554988617,34.914400354,6.554988617,0.000000000,1
1811.121572733,11,11,31,1.524069162,34.914400354,6.554988617,34.914400354,6.554988617,0.000000000,1
1812.136505127,11,11,27,1.367529912,34.914400354,6.554988617,34.914400354,6.554988617,0.000000000,1
1813.195285559,11,11,27,1.321889939,34.914400354,6.554988617,34.914400354,6.554988617,0.000000000,1
1814.246227503,11,11,23,1.158436769,34.914400354,6.554988617,34.914400354,6.554988617,0.000000000,1
1815.261865377,11,11,22,1.116661518,34.914400354,6.554988617,34.914400354,6.554988617,0.000000000,1
1816.310886145,11,11,22,1.116661518,34.914400354,6.554988617,34.914400354,6.554988617,0.000000000,1
1817.300519705,11,11,21,1.025888846,34.914400354,6.554988617,34.914400354,6.554988617,0.000000000,1
1818.337374926,11,11,21,1.025888846,34.914400354,6.554988617,34.914400354,6.554988617,0.000000000,1
1819.380498648,11,11,18,0.900075340,34.914400354,6.554988617,34.914400354,6.554988617,0.000000000,1
1820.371628284,11,11,18,0.900075340,34.914400354,6.554988617,34.914400354,6.554988617,0.000000000,1
1821.420479298,11,11,16,0.799141607,34.914400354,6.554988617,34.914400354,6.554988617,0.000000000,1
1822.421429634,11,11,15,0.746025544,34.914400354,6.554988617,34.914400354,6.554988617,0.000000000,1
1823.464119911,11,11,13,0.677994034,34.914400354,6.554988617,34.914400354,6.554988617,0.000000000,1
1824.465291977,11,11,12,0.579534533,34.914400354,6.554988617,34.914400354,6.554988617,0.000000000,1
1825.512215137,11,11,12,0.579534533,34.914400354,6.554988617,34.914400354,6.554988617,0.000000000,1
1826.526646376,11,11,10,0.500883409,34.914400354,6.554988617,34.914400354,6.554988617,0.000000000,1
1827.599277973,11,11,8,0.407654397,34.914400354,6.554988617,34.914400354,6.554988617,0.000000000,1
1889.919020653,12,12,133,6.624538777,40.913890644,6.654575885,40.913890644,6.654575885,0.000000000,1
1890.924052238,12,12,133,6.624538777,40.913890644,6.654575885,40.913890644,6.654575885,0.000000000,1
1891.992439985,12,12,133,6.624538777,40.913890644,6.654575885,40.913890644,6.654575885,0.000000000,1
1893.119036674,12,12,133,6.624538777,40.913890644,6.654575885,40.913890644,6.654575885,0.000000000,1
1894.087573528,12,12,133,6.630321093,40.913890644,6.654575885,40.913890644,6.654575885,0.000000000,1
1895.158833742,12,12,133,6.639244606,40.913890644,6.654575885,40.913890644,6.654575885,0.000000000,1
1896.156338453,12,12,131,6.571232287,40.913890644,6.654575885,40.913890644,6.654575885,0.000000000,1
1897.214862347,12,12,130,6.495828522,40.913890644,6.654575885,40.913890644,6.654575885,0.000000000,1
1898.246212482,12,12,130,6.496733978,40.913890644,6.654575885,40.913890644,6.654575885,0.000000000,1
1899.233071327,12,12,129,6.457231711,40.913890644,6.654575885,40.913890644,6.654575885,0.000000000,1
1900.338067770,12,12,131,6.526429412,40.913890644,6.654575885,40.913890644,6.654575885,0.000000000,1
1901.429301500,12,12,129,6.449426606,40.913890644,6.654575885,40.913890644,6.654575885,0.000000000,1
1902.380406380,12,12,129,6.454774076,40.913890644,6.654575885,40.913890644,6.654575885,0.000000000,1
1903.425348759,12,12,123,6.155381136,40.913890644,6.654575885,40.913890644,6.654575885,0.000000000,1
1904.454203844,12,12,120,5.982884359,40.913890644,6.654575885,40.913890644,6.654575885,0.000000000,1
1905.502121925,12,12,120,5.982884359,40.913890644,6.654575885,40.913890644,6.654575885,0.000000000,1
1906.534752846,12,12,129,6.430889333,40.913890644,6.654575885,40.913890644,6.654575885,0.000000000,1
1907.657743692,12,12,112,5.632387139,40.913890644,6.654575885,40.913890644,6.654575885,0.000000000,1
1908.615705252,12,12,111,5.541851941,40.913890644,6.654575885,40.913890644,6.654575885,0.000000000,1
1909.629697561,12,12,109,5.425423159,40.913890644,6.654575885,40.913890644,6.654575885,0.000000000,1
1910.704074621,12,12,109,5.433763160,40.913890644,6.654575885,40.913890644,6.654575885,0.000000000,1
1911.698517323,12,12,106,5.299559324,40.913890644,6.654575885,40.913890644,6.654575885,0.000000000,1
1912.729352474,12,12,104,5.184708565,40.913890644,6.654575885,40.913890644,6.654575885,0.000000000,1
1913.778481722,12,12,102,5.077848502,40.913890644,6.654575885,40.913890644,6.654575885,0.000000000,1
1914.892557383,12,12,100,4.987579290,40.913890644,6.654575885,40.913890644,6.654575885,0.000000000,1
1915.892184258,12,12,97,4.839956904,40.913890644,6.654575885,40.913890644,6.654575885,0.000000000,1
1916.916319370,12,12,95,4.743745604,40.913890644,6.654575885,40.913890644,6.654575885,0.000000000,1
1917.931872368,12,12,93,4.632486910,40.913890644,6.654575885,40.913890644,6.654575885,0.000000000,1
1919.037984610,12,12,90,4.511121190,40.913890644,6.654575885,40.913890644,6.654575885,0.000000000,1
1920.010881186,12,12,87,4.461636578,40.913890644,6.654575885,40.913890644,6.654575885,0.000000000,1
1921.053831816,12,12,87,4.342173998,40.913890644,6.654575885,40.913890644,6.654575885,0.000000000,1
1922.102358818,12,12,84,4.217405408,40.913890644,6.654575885,40.913890644,6.654575885,0.000000000,1
1923.127182722,12,12,83,4.130514645,40.913890644,6.654575885,40.913890644,6.654575885,0.000000000,1
1924.237430334,12,12,81,4.043092504,40.913890644,6.654575885,40.913890644,6.654575885,0.000000000,1
1925.204360485,12,12,81,4.043092495,40.913890644,6.654575885,40.913890644,6.654575885,0.000000000,1
1926.256935358,12,12,79,3.926955606,40.913890644,6.654575885,40.913890644,6.654575885,0.000000000,1
1927.297191143,12,12,75,3.837045968,40.913890644,6.654575885,40.913890644,6.654575885,0.000000000,1
1928.364456892,12,12,74,3.704965430,40.913890644,6.654575885,40.913890644,6.654575885,0.000000000,1
1929.378946781,12,12,72,3.612869697,40.913890644,6.654575885,40.913890644,6.654575885,0.000000000,1
1930.407629490,12,12,71,3.542721492,40.913890644,6.654575885,40.913890644,6.654575885,0.000000000,1
1931.502282381,12,12,67,3.367292957,40.913890644,6.654575885,40.913890644,6.654575885,0.000000000,1
1932.519198418,12,12,65,3.261209940,40.913890644,6.654575885,40.913890644,6.654575885,0.000000000,1
1933.537216902,12,12,63,3.163320028,40.913890644,6.654575885,40.913890644,6.654575885,0.000000000,1
1934.619452238,12,12,61,3.069884226,40.913890644,6.654575885,40.913890644,6.654575885,0.000000000,1
1935.671986580,12,12,60,2.975375412,40.913890644,6.654575885,40.913890644,6.654575885,0.000000000,1
1936.691367149,12,12,58,2.873867628,40.913890644,6.654575885,40.913890644,6.654575885,0.000000000,1
1937.728991508,12,12,56,2.785618351,40.913890644,6.654575885,40.913890644,6.654575885,0.000000000,1
1938.766284466,12,12,53,2.761436621,40.913890644,6.654575885,40.913890644,6.654575885,0.000000000,1
1939.895034075,12,12,52,2.665727697,40.913890644,6.654575885,40.913890644,6.654575885,0.000000000,1
1940.928815365,12,12,50,2.570425226,40.913890644,6.654575885,40.913890644,6.654575885,0.000000000,1
1941.865088701,12,12,48,2.481385035,40.913890644,6.654575885,40.913890644,6.654575885,0.000000000,1
1942.913661480,12,12,48,2.379757575,40.913890644,6.654575885,40.913890644,6.654575885,0.000000000,1
1943.995882034,12,12,45,2.245573790,40.913890644,6.654575885,40.913890644,6.654575885,0.000000000,1
1945.079203844,12,12,43,2.151579607,40.913890644,6.654575885,40.913890644,6.654575885,0.000000000,1
1946.065976381,12,12,43,2.151579607,40.913890644,6.654575885,40.913890644,6.654575885,0.000000000,1
1947.118475199,12,12,41,2.065317514,40.913890644,6.654575885,40.913890644,6.654575885,0.000000000,1
1948.217728615,12,12,39,1.932790503,40.913890644,6.654575885,40.913890644,6.654575885,0.000000000,1
1949.222687960,12,12,37,1.838839921,40.913890644,6.654575885,40.913890644,6.654575885,0.000000000,1
1950.252131462,12,12,35,1.751701101,40.913890644,6.654575885,40.913890644,6.654575885,0.000000000,1
1951.260850906,12,12,32,1.618473839,40.913890644,6.654575885,40.913890644,6.654575885,0.000000000,1
1952.302349567,12,12,31,1.523611221,40.913890644,6.654575885,40.913890644,6.654575885,0.000000000,1
1953.304759741,12,12,29,1.435611537,40.913890644,6.654575885,40.913890644,6.654575885,0.000000000,1
1954.340245724,12,12,26,1.301884184,40.913890644,6.654575885,40.913890644,6.654575885,0.000000000,1
1955.389686584,12,12,24,1.206430503,40.913890644,6.654575885,40.913890644,6.654575885,0.000000000,1
1956.433640957,12,12,22,1.118824085,40.913890644,6.654575885,40.913890644,6.654575885,0.000000000,1
1957.447532654,12,12,22,1.082657772,40.913890644,6.654575885,40.913890644,6.654575885,0.000000000,1
1958.484234810,12,12,20,0.984590202,40.913890644,6.654575885,40.913890644,6.654575885,0.000000000,1
1959.504372120,12,12,18,0.895425470,40.913890644,6.654575885,40.913890644,6.654575885,0.000000000,1
1960.577274084,12,12,17,0.852721355,40.913890644,6.654575885,40.913890644,6.654575885,0.000000000,1
1961.570706129,12,12,15,0.765144063,40.913890644,6.654575885,40.913890644,6.654575885,0.000000000,1
1962.595902681,12,12,14,0.679170916,40.913890644,6.654575885,40.913890644,6.654575885,0.000000000,1
1963.713686705,12,12,14,0.679170916,40.913890644,6.654575885,40.913890644,6.654575885,0.000000000,1
1964.694821358,12,12,12,0.575641682,40.913890644,6.654575885,40.913890644,6.654575885,0.000000000,1
1965.697127342,12,12,11,0.530156374,40.913890644,6.654575885,40.913890644,6.654575885,0.000000000,1
1966.737207651,12,12,11,0.530156374,40.913890644,6.654575885,40.913890644,6.654575885,0.000000000,1
1967.774995565,12,12,9,0.435799897,40.913890644,6.654575885,40.913890644,6.654575885,0.000000000,1
2037.159739256,13,13,286,14.369121494,38.313890605,-4.945424288,38.313890605,-4.945424288,0.000000000,1
2038.139956474,13,13,286,14.369121494,38.313890605,-4.945424288,38.313890605,-4.945424288,0.000000000,1
2039.166637897,13,13,286,14.369121494,38.313890605,-4.945424288,38.313890605,-4.945424288,0.000000000,1
2040.233469248,13,13,283,14.256774836,38.313890605,-4.945424288,38.313890605,-4.945424288,0.000000000,1
2041.347325325,13,13,283,14.256774836,38.313890605,-4.945424288,38.313890605,-4.945424288,0.000000000,1
2042.279824972,13,13,281,14.157085589,38.313890605,-4.945424288,38.313890605,-4.945424288,0.000000000,1
2043.331633806,13,13,284,14.192726945,38.313890605,-4.945424288,38.313890605,-4.945424288,0.000000000,1
2044.431282043,13,13,284,14.192726945,38.313890605,-4.945424288,38.313890605,-4.945424288,0.000000000,1
2045.567673206,13,13,277,13.959858366,38.313890605,-4.945424288,38.313890605,-4.945424288,0.000000000,1
2046.464340925,13,13,279,13.950035508,38.313890605,-4.945424288,38.313890605,-4.945424288,0.000000000,1
2047.531039476,13,13,279,13.950035508,38.313890605,-4.945424288,38.313890605,-4.945424288,0.000000000,1
2048.640265942,13,13,273,13.737385796,38.313890605,-4.945424288,38.313890605,-4.945424288,0.000000000,1
2049.882348061,13,13,273,13.737385796,38.313890605,-4.945424288,38.313890605,-4.945424288,0.000000000,1
2050.749242067,13,13,275,13.760321114,38.313890605,-4.945424288,38.313890605,-4.945424288,0.000000000,1
2051.741581440,13,13,275,13.760321114,38.313890605,-4.945424288,38.313890605,-4.945424288,0.000000000,1
2052.792754173,13,13,269,13.546476655,38.313890605,-4.945424288,38.313890605,-4.945424288,0.000000000,1
2054.001833200,13,13,272,13.598034015,38.313890605,-4.945424288,38.313890605,-4.945424288,0.000000000,1
2054.892001390,13,13,271,13.559754790,38.313890605,-4.945424288,38.313890605,-4.945424288,0.000000000,1
2055.917933464,13,13,270,13.477028575,38.313890605,-4.945424288,38.313890605,-4.945424288,0.000000000,1
2056.975618362,13,13,268,13.372074826,38.313890605,-4.945424288,38.313890605,-4.945424288,0.000000000,1
2058.009874105,13,13,268,13.372186192,38.313890605,-4.945424288,38.313890605,-4.945424288,0.000000000,1
2059.033358574,13,13,266,13.292321595,38.313890605,-4.945424288,38.313890605,-4.945424288,0.000000000,1
2060.154592752,13,13,263,13.170974136,38.313890605,-4.945424288,38.313890605,-4.945424288,0.000000000,1
2061.099292040,13,13,259,13.026876741,38.313890605,-4.945424288,38.313890605,-4.945424288,0.000000000,1
2062.142281532,13,13,261,13.055269591,38.313890605,-4.945424288,38.313890605,-4.945424288,0.000000000,1
2063.254654646,13,13,262,13.072345559,38.313890605,-4.945424288,38.313890605,-4.945424288,0.000000000,1
2064.256047487,13,13,259,12.962542835,38.313890605,-4.945424288,38.313890605,-4.945424288,0.000000000,1
2065.280442953,13,13,253,12.743743243,38.313890605,-4.945424288,38.313890605,-4.945424288,0.000000000,1
2066.404051065,13,13,253,12.756866886,38.313890605,-4.945424288,38.313890605,-4.945424288,0.000000000,1
2067.375724316,13,13,250,12.613319434,38.313890605,-4.945424288,38.313890605,-4.945424288,0.000000000,1
2068.460873842,13,13,250,12.613319434,38.313890605,-4.945424288,38.313890605,-4.945424288,0.000000000,1
2069.495648623,13,13,253,12.663697504,38.313890605,-4.945424288,38.313890605,-4.945424288,0.000000000,1
2070.531657696,13,13,251,12.556631763,38.313890605,-4.945424288,38.313890605,-4.945424288,0.000000000,1
2071.534578323,13,13,246,12.391658378,38.313890605,-4.945424288,38.313890605,-4.945424288,0.000000000,1
2072.598081589,13,13,249,12.436279387,38.313890605,-4.945424288,38.313890605,-4.945424288,0.000000000,1
2073.707180262,13,13,242,12.211630992,38.313890605,-4.945424288,38.313890605,-4.945424288,0.000000000,1
2074.774240255,13,13,242,12.211630992,38.313890605,-4.945424288,38.313890605,-4.945424288,0.000000000,1
2075.776057720,13,13,244,12.209106790,38.313890605,-4.945424288,38.313890605,-4.945424288,0.000000000,1
2076.752257347,13,13,244,12.209106790,38.313890605,-4.945424288,38.313890605,-4.945424288,0.000000000,1
2077.782416105,13,13,238,11.988104494,38.313890605,-4.945424288,38.313890605,-4.945424288,0.000000000,1
2078.859263420,13,13,238,11.988104494,38.313890605,-4.945424288,38.313890605,-4.945424288,0.000000000,1
2079.845789433,13,13,239,11.976321312,38.313890605,-4.945424288,38.313890605,-4.945424288,0.000000000,1
2081.043065310,13,13,233,11.756241762,38.313890605,-4.945424288,38.313890605,-4.945424288,0.000000000,1
2081.920120478,13,13,233,11.756241762,38.313890605,-4.945424288,38.313890605,-4.945424288,0.000000000,1
2082.992431641,13,13,231,11.632304164,38.313890605,-4.945424288,38.313890605,-4.945424288,0.000000000,1
2084.047703981,13,13,231,11.632304164,38.313890605,-4.945424288,38.313890605,-4.945424288,0.000000000,1
2085.165862799,13,13,233,11.676585703,38.313890605,-4.945424288,38.313890605,-4.945424288,0.000000000,1
2086.203958273,13,13,227,11.452068786,38.313890605,-4.945424288,38.313890605,-4.945424288,0.000000000,1
2087.339287519,13,13,231,11.545215934,38.313890605,-4.945424288,38.313890605,-4.945424288,0.000000000,1
2088.255561829,13,13,229,11.438316562,38.313890605,-4.945424288,38.313890605,-4.945424288,0.000000000,1
2089.266425848,13,13,229,11.433815647,38.313890605,-4.945424288,38.313890605,-4.945424288,0.000000000,1
2090.345342875,13,13,223,11.238464607,38.313890605,-4.945424288,38.313890605,-4.945424288,0.000000000,1
2091.313622236,13,13,227,11.320951841,38.313890605,-4.945424288,38.313890605,-4.945424288,0.000000000,1
2092.344483614,13,13,220,11.098095222,38.313890605,-4.945424288,38.313890605,-4.945424288,0.000000000,1
2093.487404823,13,13,220,11.091415958,38.313890605,-4.945424288,38.313890605,-4.945424288,0.000000000,1
2094.547541618,13,13,221,11.067254499,38.313890605,-4.945424288,38.313890605,-4.945424288,0.000000000,1
2095.485020638,13,13,222,11.070968872,38.313890605,-4.945424288,38.313890605,-4.945424288,0.000000000,1
2096.584697962,13,13,219,10.926057688,38.313890605,-4.945424288,38.313890605,-4.945424288,0.000000000,1
2097.576031685,13,13,219,10.924081372,38.313890605,-4.945424288,38.313890605,-4.945424288,0.000000000,1
2098.686879873,13,13,215,10.755975955,38.313890605,-4.945424288,38.313890605,-4.945424288,0.000000000,1
2099.751974583,13,13,215,10.756080114,38.313890605,-4.945424288,38.313890605,-4.945424288,0.000000000,1
2100.720294714,13,13,209,10.533138521,38.313890605,-4.945424288,38.313890605,-4.945424288,0.000000000,1
2101.785239220,13,13,209,10.530318607,38.313890605,-4.945424288,38.313890605,-4.945424288,0.000000000,1
2102.924767256,13,13,210,10.523901814,38.313890605,-4.945424288,38.313890605,-4.945424288,0.000000000,1
2103.796139956,13,13,210,10.523901814,38.313890605,-4.945424288,38.313890605,-4.945424288,0.000000000,1
2104.920591354,13,13,204,10.305467112,38.313890605,-4.945424288,38.313890605,-4.945424288,0.000000000,1
2105.930369139,13,13,206,10.322332601,38.313890605,-4.945424288,38.313890605,-4.945424288,0.000000000,1
2106.934765100,13,13,206,10.325092083,38.313890605,-4.945424288,38.313890605,-4.945424288,0.000000000,1
2108.031206369,13,13,200,10.087486114,38.313890605,-4.945424288,38.313890605,-4.945424288,0.000000000,1
2109.062983274,13,13,200,10.090135213,38.313890605,-4.945424288,38.313890605,-4.945424288,0.000000000,1
2110.224706888,13,13,202,10.109727219,38.313890605,-4.945424288,38.313890605,-4.945424288,0.000000000,1
2111.202992201,13,13,196,9.887515724,38.313890605,-4.945424288,38.313890605,-4.945424288,0.000000000,1
2112.191079617,13,13,196,9.887430471,38.313890605,-4.945424288,38.313890605,-4.945424288,0.000000000,1
2113.213025808,13,13,198,9.911174365,38.313890605,-4.945424288,38.313890605,-4.945424288,0.000000000,1
2114.331852674,13,13,196,9.805578450,38.313890605,-4.945424288,38.313890605,-4.945424288,0.000000000,1
2115.264663696,13,13,196,9.805285748,38.313890605,-4.945424288,38.313890605,-4.945424288,0.000000000,1
2116.297108650,13,13,194,9.694757768,38.313890605,-4.945424288,38.313890605,-4.945424288,0.000000000,1
2117.316044569,13,13,192,9.603040287,38.313890605,-4.945424288,38.313890605,-4.945424288,0.000000000,1
2118.394815922,13,13,192,9.605554131,38.313890605,-4.945424288,38.313890605,-4.945424288,0.000000000,1
2119.503613234,13,13,190,9.495766188,38.313890605,-4.945424288,38.313890605,-4.945424288,0.000000000,1
2120.439150333,13,13,188,9.406206795,38.313890605,-4.945424288,38.313890605,-4.945424288,0.000000000,1
2121.531738758,13,13,188,9.403766614,38.313890605,-4.945424288,38.313890605,-4.945424288,0.000000000,1
2122.600620985,13,13,186,9.292788360,38.313890605,-4.945424288,38.313890605,-4.945424288,0.000000000,1
2123.553840399,13,13,184,9.203702134,38.313890605,-4.945424288,38.313890605,-4.945424288,0.000000000,1
2124.646807909,13,13,182,9.093426009,38.313890605,-4.945424288,38.313890605,-4.945424288,0.000000000,1
2125.573309183,13,13,182,9.094987486,38.313890605,-4.945424288,38.313890605,-4.945424288,0.000000000,1
2126.612210035,13,13,180,9.005225656,38.313890605,-4.945424288,38.313890605,-4.945424288,0.000000000,1
2127.639249802,13,13,178,8.895288707,38.313890605,-4.945424288,38.313890605,-4.945424288,0.000000000,1
2128.742030144,13,13,173,8.753552988,38.313890605,-4.945424288,38.313890605,-4.945424288,0.000000000,1
2129.787566900,13,13,176,8.789382525,38.313890605,-4.945424288,38.313890605,-4.945424288,0.000000000,1
2130.774301767,13,13,169,8.553682417,38.313890605,-4.945424288,38.313890605,-4.945424288,0.000000000,1
2132.141803503,13,13,169,8.553732101,38.313890605,-4.945424288,38.313890605,-4.945424288,0.000000000,1
2132.801383734,13,13,172,8.586120790,38.313890605,-4.945424288,38.313890605,-4.945424288,0.000000000,1
2133.905571938,13,13,165,8.349001801,38.313890605,-4.945424288,38.313890605,-4.945424288,0.000000000,1
2134.874920368,13,13,165,8.350420155,38.313890605,-4.945424288,38.313890605,-4.945424288,0.000000000,1
2136.039548397,13,13,168,8.386296643,38.313890605,-4.945424288,38.313890605,-4.945424288,0.000000000,1
2136.920404196,13,13,161,8.151839531,38.313890605,-4.945424288,38.313890605,-4.945424288,0.000000000,1
2137.989035130,13,13,161,8.152310991,38.313890605,-4.945424288,38.313890605,-4.945424288,0.000000000,1
2139.068559885,13,13,164,8.184457550,38.313890605,-4.945424288,38.313890605,-4.945424288,0.000000000,1
2140.057792664,13,13,157,7.948346994,38.313890605,-4.945424288,38.313890605,-4.945424288,0.000000000,1
2141.164623737,13,13,157,7.950873692,38.313890605,-4.945424288,38.313890605,-4.945424288,0.000000000,1
2142.133970499,13,13,160,7.984989357,38.313890605,-4.945424288,38.313890605,-4.945424288,0.000000000,1
2143.125535727,13,13,153,7.749130721,38.313890605,-4.945424288,38.313890605,-4.945424288,0.000000000,1
2144.190779924,13,13,153,7.749130721,38.313890605,-4.945424288,38.313890605,-4.945424288,0.000000000,1
2145.305016756,13,13,156,7.781755954,38.313890605,-4.945424288,38.313890605,-4.945424288,0.000000000,1
2146.255437613,13,13,149,7.546387420,38.313890605,-4.945424288,38.313890605,-4.945424288,0.000000000,1
2147.299092531,13,13,149,7.546857348,38.313890605,-4.945424288,38.313890605,-4.945424288,0.000000000,1
2148.313733339,13,13,152,7.580222327,38.313890605,-4.945424288,38.313890605,-4.945424288,0.000000000,1
2149.388533354,13,13,152,7.579740916,38.313890605,-4.945424288,38.313890605,-4.945424288,0.000000000,1
2150.384069681,13,13,145,7.345947559,38.313890605,-4.945424288,38.313890605,-4.945424288,0.000000000,1
2151.422996759,13,13,148,7.380165175,38.313890605,-4.945424288,38.313890605,-4.945424288,0.000000000,1
2152.449078560,13,13,148,7.380165175,38.313890605,-4.945424288,38.313890605,-4.945424288,0.000000000,1
2153.465325594,13,13,141,7.147179722,38.313890605,-4.945424288,38.313890605,-4.945424288,0.000000000,1
2154.502377510,13,13,144,7.180249114,38.313890605,-4.945424288,38.313890605,-4.945424288,0.000000000,1
2155.545940638,13,13,144,7.180249114,38.313890605,-4.945424288,38.313890605,-4.945424288,0.000000000,1
2156.681796312,13,13,137,6.947240481,38.313890605,-4.945424288,38.313890605,-4.945424288,0.000000000,1
2157.598957300,13,13,137,6.947240481,38.313890605,-4.945424288,38.313890605,-4.945424288,0.000000000,1
2158.666023016,13,13,140,6.980305962,38.313890605,-4.945424288,38.313890605,-4.945424288,0.000000000,1
2159.703696489,13,13,133,6.747292278,38.313890605,-4.945424288,38.313890605,-4.945424288,0.000000000,1
2160.698892832,13,13,133,6.747273690,38.313890605,-4.945424288,38.313890605,-4.945424288,0.000000000,1
2161.751224995,13,13,136,6.780350158,38.313890605,-4.945424288,38.313890605,-4.945424288,0.000000000,1
2162.747370720,13,13,129,6.547337759,38.313890605,-4.945424288,38.313890605,-4.945424288,0.000000000,1
2163.837272644,13,13,129,6.547337759,38.313890605,-4.945424288,38.313890605,-4.945424288,0.000000000,1
2164.838695049,13,13,132,6.580424072,38.313890605,-4.945424288,38.313890605,-4.945424288,0.000000000,1
2165.881434679,13,13,125,6.347414710,38.313890605,-4.945424288,38.313890605,-4.945424288,0.000000000,1
2166.892410040,13,13,125,6.347414710,38.313890605,-4.945424288,38.313890605,-4.945424288,0.000000000,1
2168.003744841,13,13,128,6.380510280,38.313890605,-4.945424288,38.313890605,-4.945424288,0.000000000,1
2169.087721586,13,13,128,6.380510280,38.313890605,-4.945424288,38.313890605,-4.945424288,0.000000000,1
2170.055102587,13,13,121,6.147503006,38.313890605,-4.945424288,38.313890605,-4.945424288,0.000000000,1
2170.969524622,13,13,124,6.180617358,38.313890605,-4.945424288,38.313890605,-4.945424288,0.000000000,1
2172.090228081,13,13,124,6.180617358,38.313890605,-4.945424288,38.313890605,-4.945424288,0.000000000,1
2173.044487953,13,13,117,5.947616420,38.313890605,-4.945424288,38.313890605,-4.945424288,0.000000000,1
2174.194530010,13,13,120,5.980703951,38.313890605,-4.945424288,38.313890605,-4.945424288,0.000000000,1
2175.121232271,13,13,120,5.980703951,38.313890605,-4.945424288,38.313890605,-4.945424288,0.000000000,1
2176.142050266,13,13,113,5.747742294,38.313890605,-4.945424288,38.313890605,-4.945424288,0.000000000,1
2177.221493006,13,13,116,5.780883269,38.313890605,-4.945424288,38.313890605,-4.945424288,0.000000000,1
2178.178445816,13,13,109,5.547871160,38.313890605,-4.945424288,38.313890605,-4.945424288,0.000000000,1
2179.189553738,13,13,109,5.547871160,38.313890605,-4.945424288,38.313890605,-4.945424288,0.000000000,1
2180.287843943,13,13,112,5.601359103,38.313890605,-4.945424288,38.313890605,-4.945424288,0.000000000,1
2181.259272814,13,13,112,5.601359103,38.313890605,-4.945424288,38.313890605,-4.945424288,0.000000000,1
2182.327194691,13,13,110,5.488861945,38.313890605,-4.945424288,38.313890605,-4.945424288,0.000000000,1
2183.379405499,13,13,108,5.401516237,38.313890605,-4.945424288,38.313890605,-4.945424288,0.000000000,1
2184.355231047,13,13,108,5.401516237,38.313890605,-4.945424288,38.313890605,-4.945424288,0.000000000,1
2185.379871368,13,13,106,5.289035115,38.313890605,-4.945424288,38.313890605,-4.945424288,0.000000000,1
2186.381152153,13,13,99,5.042837677,38.313890605,-4.945424288,38.313890605,-4.945424288,0.000000000,1
2187.422438145,13,13,99,5.042837677,38.313890605,-4.945424288,38.313890605,-4.945424288,0.000000000,1
2188.456531048,13,13,95,4.927543943,38.313890605,-4.945424288,38.313890605,-4.945424288,0.000000000,1
2189.467428207,13,13,95,4.828117014,38.313890605,-4.945424288,38.313890605,-4.945424288,0.000000000,1
2190.517753124,13,13,95,4.828222670,38.313890605,-4.945424288,38.313890605,-4.945424288,0.000000000,1
2191.531937599,13,13,91,4.727849688,38.313890605,-4.945424288,38.313890605,-4.945424288,0.000000000,1
2192.590869427,13,13,91,4.628197724,38.313890605,-4.945424288,38.313890605,-4.945424288,0.000000000,1
2193.582730532,13,13,91,4.629375006,38.313890605,-4.945424288,38.313890605,-4.945424288,0.000000000,1
2194.654902697,13,13,87,4.528918142,38.313890605,-4.945424288,38.313890605,-4.945424288,0.000000000,1
2195.647243977,13,13,87,4.429716190,38.313890605,-4.945424288,38.313890605,-4.945424288,0.000000000,1
2196.686939716,13,13,87,4.429716190,38.313890605,-4.945424288,38.313890605,-4.945424288,0.000000000,1
2197.728381634,13,13,83,4.331014799,38.313890605,-4.945424288,38.313890605,-4.945424288,0.000000000,1
2198.755697727,13,13,83,4.230047478,38.313890605,-4.945424288,38.313890605,-4.945424288,0.000000000,1
2199.826359510,13,13,83,4.230047478,38.313890605,-4.945424288,38.313890605,-4.945424288,0.000000000,1
2200.846724033,13,13,79,4.128926272,38.313890605,-4.945424288,38.313890605,-4.945424288,0.000000000,1
2202.091481447,13,13,79,4.131398885,38.313890605,-4.945424288,38.313890605,-4.945424288,0.000000000,1
2202.903833151,13,13,79,4.030214700,38.313890605,-4.945424288,38.313890605,-4.945424288,0.000000000,1
2203.960291386,13,13,75,3.953206220,38.313890605,-4.945424288,38.313890605,-4.945424288,0.000000000,1
2204.978209019,13,13,75,3.833309395,38.313890605,-4.945424288,38.313890605,-4.945424288,0.000000000,1
2205.956735611,13,13,75,3.833309395,38.313890605,-4.945424288,38.313890605,-4.945424288,0.000000000,1
2207.047949553,13,13,73,3.760212925,38.313890605,-4.945424288,38.313890605,-4.945424288,0.000000000,1
2207.991818190,13,13,71,3.628474424,38.313890605,-4.945424288,38.313890605,-4.945424288,0.000000000,1
2209.100872040,13,13,71,3.656787902,38.313890605,-4.945424288,38.313890605,-4.945424288,0.000000000,1
2210.064527035,13,13,69,3.554242882,38.313890605,-4.945424288,38.313890605,-4.945424288,0.000000000,1
2211.070116282,13,13,69,3.554242882,38.313890605,-4.945424288,38.313890605,-4.945424288,0.000000000,1
2212.099290609,13,13,67,3.457707069,38.313890605,-4.945424288,38.313890605,-4.945424288,0.000000000,1
2213.134503603,13,13,65,3.331715387,38.313890605,-4.945424288,38.313890605,-4.945424288,0.000000000,1
2214.199470520,13,13,65,3.331715387,38.313890605,-4.945424288,38.313890605,-4.945424288,0.000000000,1
2215.182195187,13,13,63,3.258908307,38.313890605,-4.945424288,38.313890605,-4.945424288,0.000000000,1
2216.194244623,13,13,61,3.156624311,38.313890605,-4.945424288,38.313890605,-4.945424288,0.000000000,1
2217.243289232,13,13,59,3.060527738,38.313890605,-4.945424288,38.313890605,-4.945424288,0.000000000,1
2218.292763948,13,13,59,3.060527738,38.313890605,-4.945424288,38.313890605,-4.945424288,0.000000000,1
2219.266901016,13,13,57,2.961638142,38.313890605,-4.945424288,38.313890605,-4.945424288,0.000000000,1
2220.320540190,13,13,55,2.856818105,38.313890605,-4.945424288,38.313890605,-4.945424288,0.000000000,1
2221.372533798,13,13,55,2.856818105,38.313890605,-4.945424288,38.313890605,-4.945424288,0.000000000,1
2222.382164001,13,13,54,2.762161982,38.313890605,-4.945424288,38.313890605,-4.945424288,0.000000000,1
2223.375620365,13,13,51,2.660220496,38.313890605,-4.945424288,38.313890605,-4.945424288,0.000000000,1
2224.405318499,13,13,51,2.660220496,38.313890605,-4.945424288,38.313890605,-4.945424288,0.000000000,1
2225.485295534,13,13,50,2.568019546,38.313890605,-4.945424288,38.313890605,-4.945424288,0.000000000,1
2226.557703495,13,13,48,2.465690629,38.313890605,-4.945424288,38.313890605,-4.945424288,0.000000000,1
2227.508871078,13,13,48,2.465690629,38.313890605,-4.945424288,38.313890605,-4.945424288,0.000000000,1
2228.582720518,13,13,46,2.375936956,38.313890605,-4.945424288,38.313890605,-4.945424288,0.000000000,1
2229.606881142,13,13,43,2.253864016,38.313890605,-4.945424288,38.313890605,-4.945424288,0.000000000,1
2230.618923903,13,13,43,2.253864016,38.313890605,-4.945424288,38.313890605,-4.945424288,0.000000000,1
2231.636036873,13,13,41,2.157325244,38.313890605,-4.945424288,38.313890605,-4.945424288,0.000000000,1
2232.652410030,13,13,39,2.052632361,38.313890605,-4.945424288,38.313890605,-4.945424288,0.000000000,1
2233.711811543,13,13,38,1.963883083,38.313890605,-4.945424288,38.313890605,-4.945424288,0.000000000,1
2234.766676426,13,13,38,1.963883083,38.313890605,-4.945424288,38.313890605,-4.945424288,0.000000000,1
2235.762058973,13,13,36,1.862071035,38.313890605,-4.945424288,38.313890605,-4.945424288,0.000000000,1
2236.782569885,13,13,33,1.740998986,38.313890605,-4.945424288,38.313890605,-4.945424288,0.000000000,1
2237.880926132,13,13,33,1.740998986,38.313890605,-4.945424288,38.313890605,-4.945424288,0.000000000,1
2238.860249043,13,13,31,1.629135205,38.313890605,-4.945424288,38.313890605,-4.945424288,0.000000000,1
2239.890624046,13,13,31,1.629135205,38.313890605,-4.945424288,38.313890605,-4.945424288,0.000000000,1
2240.947749853,13,13,28,1.491419075,38.313890605,-4.945424288,38.313890605,-4.945424288,0.000000000,1
2241.943691015,13,13,27,1.371388085,38.313890605,-4.945424288,38.313890605,-4.945424288,0.000000000,1
2242.987562418,13,13,26,1.307722524,38.313890605,-4.945424288,38.313890605,-4.945424288,0.000000000,1
2244.049765825,13,13,24,1.229464118,38.313890605,-4.945424288,38.313890605,-4.945424288,0.000000000,1
2245.026431799,13,13,24,1.229464118,38.313890605,-4.945424288,38.313890605,-4.945424288,0.000000000,1
2246.028960705,13,13,21,1.087999099,38.313890605,-4.945424288,38.313890605,-4.945424288,0.000000000,1
2247.081700087,13,13,21,1.087999099,38.313890605,-4.945424288,38.313890605,-4.945424288,0.000000000,1
2248.113779783,13,13,20,1.020167531,38.313890605,-4.945424288,38.313890605,-4.945424288,0.000000000,1
2249.140355587,13,13,18,0.946748855,38.313890605,-4.945424288,38.313890605,-4.945424288,0.000000000,1
2250.162890196,13,13,15,0.845141982,38.313890605,-4.945424288,38.313890605,-4.945424288,0.000000000,1
2251.204199791,13,13,14,0.778664139,38.313890605,-4.945424288,38.313890605,-4.945424288,0.000000000,1
2252.189106226,13,13,13,0.704982563,38.313890605,-4.945424288,38.313890605,-4.945424288,0.000000000,1
2253.221736431,13,13,11,0.638486914,38.313890605,-4.945424288,38.313890605,-4.945424288,0.000000000,1
2254.276788712,13,13,11,0.638486914,38.313890605,-4.945424288,38.313890605,-4.945424288,0.000000000,1
2255.311545372,13,13,10,0.559648111,38.313890605,-4.945424288,38.313890605,-4.945424288,0.000000000,1
2256.320884466,13,13,9,0.496432498,38.313890605,-4.945424288,38.313890605,-4.945424288,0.000000000,1
2257.381900787,13,13,7,0.417967779,38.313890605,-4.945424288,38.313890605,-4.945424288,0.000000000,1
2323.428463459,14,14,140,7.074013904,35.613834777,-9.810900595,35.613834777,-9.810900595,0.000000000,1
2324.340604782,14,14,140,7.074013904,35.613834777,-9.810900595,35.613834777,-9.810900595,0.000000000,1
2325.407949686,14,14,140,7.112814934,35.613834777,-9.810900595,35.613834777,-9.810900595,0.000000000,1
2326.457730293,14,14,140,7.112814934,35.613834777,-9.810900595,35.613834777,-9.810900595,0.000000000,1
2327.546690941,14,14,140,7.112814934,35.613834777,-9.810900595,35.613834777,-9.810900595,0.000000000,1
2328.536655426,14,14,138,7.012064300,35.613834777,-9.810900595,35.613834777,-9.810900595,0.000000000,1
2329.590396643,14,14,138,7.012064300,35.613834777,-9.810900595,35.613834777,-9.810900595,0.000000000,1
2330.626840591,14,14,135,6.844380308,35.613834777,-9.810900595,35.613834777,-9.810900595,0.000000000,1
2331.735057592,14,14,133,6.756044686,35.613834777,-9.810900595,35.613834777,-9.810900595,0.000000000,1
2332.771445274,14,14,133,6.726549275,35.613834777,-9.810900595,35.613834777,-9.810900595,0.000000000,1
2333.870417595,14,14,129,6.550918721,35.613834777,-9.810900595,35.613834777,-9.810900595,0.000000000,1
2334.941395998,14,14,123,6.390023281,35.613834777,-9.810900595,35.613834777,-9.810900595,0.000000000,1
2335.959799528,14,14,128,6.507674109,35.613834777,-9.810900595,35.613834777,-9.810900595,0.000000000,1
2336.948004484,14,14,126,6.394620631,35.613834777,-9.810900595,35.613834777,-9.810900595,0.000000000,1
2337.932389259,14,14,122,6.190145604,35.613834777,-9.810900595,35.613834777,-9.810900595,0.000000000,1
2339.012474298,14,14,118,6.006195701,35.613834777,-9.810900595,35.613834777,-9.810900595,0.000000000,1
2340.054748774,14,14,117,5.930068773,35.613834777,-9.810900595,35.613834777,-9.810900595,0.000000000,1
2341.054155588,14,14,116,5.879210496,35.613834777,-9.810900595,35.613834777,-9.810900595,0.000000000,1
2342.075988770,14,14,116,5.867904089,35.613834777,-9.810900595,35.613834777,-9.810900595,0.000000000,1
2343.113461733,14,14,113,5.732812999,35.613834777,-9.810900595,35.613834777,-9.810900595,0.000000000,1
2344.261096716,14,14,110,5.569186515,35.613834777,-9.810900595,35.613834777,-9.810900595,0.000000000,1
2345.230120182,14,14,109,5.557742144,35.613834777,-9.810900595,35.613834777,-9.810900595,0.000000000,1
2346.250158072,14,14,107,5.422126259,35.613834777,-9.810900595,35.613834777,-9.810900595,0.000000000,1
2347.325489283,14,14,103,5.251874378,35.613834777,-9.810900595,35.613834777,-9.810900595,0.000000000,1
2348.347157955,14,14,102,5.193076280,35.613834777,-9.810900595,35.613834777,-9.810900595,0.000000000,1
2349.362157583,14,14,101,5.126264495,35.613834777,-9.810900595,35.613834777,-9.810900595,0.000000000,1
2350.424983263,14,14,99,5.050833323,35.613834777,-9.810900595,35.613834777,-9.810900595,0.000000000,1
2351.428097963,14,14,98,4.973250908,35.613834777,-9.810900595,35.613834777,-9.810900595,0.000000000,1
2352.472445250,14,14,95,4.825787020,35.613834777,-9.810900595,35.613834777,-9.810900595,0.000000000,1
2353.496939898,14,14,92,4.718086920,35.613834777,-9.810900595,35.613834777,-9.810900595,0.000000000,1
2354.515090942,14,14,90,4.571649742,35.613834777,-9.810900595,35.613834777,-9.810900595,0.000000000,1
2355.557725668,14,14,90,4.589939981,35.613834777,-9.810900595,35.613834777,-9.810900595,0.000000000,1
2356.602525234,14,14,85,4.430027064,35.613834777,-9.810900595,35.613834777,-9.810900595,0.000000000,1
2357.602560997,14,14,83,4.264668768,35.613834777,-9.810900595,35.613834777,-9.810900595,0.000000000,1
2358.633059025,14,14,82,4.192491165,35.613834777,-9.810900595,35.613834777,-9.810900595,0.000000000,1
2359.753607035,14,14,82,4.182361643,35.613834777,-9.810900595,35.613834777,-9.810900595,0.000000000,1
2360.708114147,14,14,78,4.007988857,35.613834777,-9.810900595,35.613834777,-9.810900595,0.000000000,1
2361.732730865,14,14,76,3.909277788,35.613834777,-9.810900595,35.613834777,-9.810900595,0.000000000,1
2362.785248518,14,14,76,3.888292971,35.613834777,-9.810900595,35.613834777,-9.810900595,0.000000000,1
2363.829922676,14,14,72,3.686802861,35.613834777,-9.810900595,35.613834777,-9.810900595,0.000000000,1
2364.841283560,14,14,74,3.796635759,35.613834777,-9.810900595,35.613834777,-9.810900595,0.000000000,1
2365.923010111,14,14,73,3.761979027,35.613834777,-9.810900595,35.613834777,-9.810900595,0.000000000,1
2367.097580194,14,14,67,3.451748129,35.613834777,-9.810900595,35.613834777,-9.810900595,0.000000000,1
2368.136655569,14,14,66,3.369798456,35.613834777,-9.810900595,35.613834777,-9.810900595,0.000000000,1
2369.038192511,14,14,63,3.255522481,35.613834777,-9.810900595,35.613834777,-9.810900595,0.000000000,1
2370.041566133,14,14,61,3.150727455,35.613834777,-9.810900595,35.613834777,-9.810900595,0.000000000,1
2371.147197723,14,14,61,3.154813591,35.613834777,-9.810900595,35.613834777,-9.810900595,0.000000000,1
2372.141658783,14,14,59,3.054925223,35.613834777,-9.810900595,35.613834777,-9.810900595,0.000000000,1
2373.133155346,14,14,58,2.965197543,35.613834777,-9.810900595,35.613834777,-9.810900595,0.000000000,1
2374.221746922,14,14,56,2.867886571,35.613834777,-9.810900595,35.613834777,-9.810900595,0.000000000,1
2375.256526232,14,14,54,2.797061114,35.613834777,-9.810900595,35.613834777,-9.810900595,0.000000000,1
2376.291453838,14,14,50,2.661583251,35.613834777,-9.810900595,35.613834777,-9.810900595,0.000000000,1
2377.346375465,14,14,50,2.588945449,35.613834777,-9.810900595,35.613834777,-9.810900595,0.000000000,1
2378.389104128,14,14,50,2.582552922,35.613834777,-9.810900595,35.613834777,-9.810900595,0.000000000,1
2379.451960564,14,14,49,2.518824292,35.613834777,-9.810900595,35.613834777,-9.810900595,0.000000000,1
2380.492800951,14,14,46,2.407537908,35.613834777,-9.810900595,35.613834777,-9.810900595,0.000000000,1
2381.506870508,14,14,44,2.280087026,35.613834777,-9.810900595,35.613834777,-9.810900595,0.000000000,1
2382.535568714,14,14,42,2.208556179,35.613834777,-9.810900595,35.613834777,-9.810900595,0.000000000,1
2383.589008570,14,14,40,2.096697828,35.613834777,-9.810900595,35.613834777,-9.810900595,0.000000000,1
2384.652305841,14,14,38,2.009891477,35.613834777,-9.810900595,35.613834777,-9.810900595,0.000000000,1
2385.644797802,14,14,36,1.898308613,35.613834777,-9.810900595,35.613834777,-9.810900595,0.000000000,1
2386.698124409,14,14,36,1.898308613,35.613834777,-9.810900595,35.613834777,-9.810900595,0.000000000,1
2387.763701439,14,14,34,1.811697129,35.613834777,-9.810900595,35.613834777,-9.810900595,0.000000000,1
2388.806236029,14,14,32,1.700534580,35.613834777,-9.810900595,35.613834777,-9.810900595,0.000000000,1
2389.823462009,14,14,31,1.614242977,35.613834777,-9.810900595,35.613834777,-9.810900595,0.000000000,1
2390.890244007,14,14,28,1.503736458,35.613834777,-9.810900595,35.613834777,-9.810900595,0.000000000,1
2391.926616907,14,14,27,1.417978884,35.613834777,-9.810900595,35.613834777,-9.810900595,0.000000000,1
2392.960030079,14,14,24,1.308555829,35.613834777,-9.810900595,35.613834777,-9.810900595,0.000000000,1
2394.013427496,14,14,24,1.308555829,35.613834777,-9.810900595,35.613834777,-9.810900595,0.000000000,1
2395.058280230,14,14,23,1.221039297,35.613834777,-9.810900595,35.613834777,-9.810900595,0.000000000,1
2396.112319708,14,14,21,1.113909689,35.613834777,-9.810900595,35.613834777,-9.810900595,0.000000000,1
2397.165586948,14,14,19,1.034696808,35.613834777,-9.810900595,35.613834777,-9.810900595,0.000000000,1
2398.135588408,14,14,19,1.034696808,35.613834777,-9.810900595,35.613834777,-9.810900595,0.000000000,1
2399.193370819,14,14,17,0.933811721,35.613834777,-9.810900595,35.613834777,-9.810900595,0.000000000,1
2400.219407558,14,14,17,0.933811721,35.613834777,-9.810900595,35.613834777,-9.810900595,0.000000000,1
2401.261003971,14,14,16,0.906897829,35.613834777,-9.810900595,35.613834777,-9.810900595,0.000000000,1
2402.266923904,14,14,15,0.812532263,35.613834777,-9.810900595,35.613834777,-9.810900595,0.000000000,1
2403.315413237,14,14,15,0.812532263,35.613834777,-9.810900595,35.613834777,-9.810900595,0.000000000,1
2404.332594872,14,14,12,0.710544978,35.613834777,-9.810900595,35.613834777,-9.810900595,0.000000000,1
2405.393749475,14,14,12,0.710544978,35.613834777,-9.810900595,35.613834777,-9.810900595,0.000000000,1
2406.384242535,14,14,11,0.630336656,35.613834777,-9.810900595,35.613834777,-9.810900595,0.000000000,1
2407.434131384,14,14,7,0.518565117,35.613834777,-9.810900595,35.613834777,-9.810900595,0.000000000,1
2408.478873730,14,14,7,0.518565117,35.613834777,-9.810900595,35.613834777,-9.810900595,0.000000000,1
2470.356495142,15,15,231,11.633853533,41.113834859,-10.010900598,41.113834859,-10.010900598,0.000000000,1
2471.311041594,15,15,231,11.633853533,41.113834859,-10.010900598,41.113834859,-10.010900598,0.000000000,1
2472.354287624,15,15,231,11.633853533,41.113834859,-10.010900598,41.113834859,-10.010900598,0.000000000,1
2473.382540941,15,15,229,11.564510794,41.113834859,-10.010900598,41.113834859,-10.010900598,0.000000000,1
2474.470795631,15,15,229,11.536012649,41.113834859,-10.010900598,41.113834859,-10.010900598,0.000000000,1
2475.498541355,15,15,227,11.413202298,41.113834859,-10.010900598,41.113834859,-10.010900598,0.000000000,1
2476.552773952,15,15,227,11.413202298,41.113834859,-10.010900598,41.113834859,-10.010900598,0.000000000,1
2477.569124222,15,15,227,11.413202298,41.113834859,-10.010900598,41.113834859,-10.010900598,0.000000000,1
2478.615226269,15,15,227,11.413202298,41.113834859,-10.010900598,41.113834859,-10.010900598,0.000000000,1
2479.639642954,15,15,227,11.413202298,41.113834859,-10.010900598,41.113834859,-10.010900598,0.000000000,1
2480.719967127,15,15,227,11.413202298,41.113834859,-10.010900598,41.113834859,-10.010900598,0.000000000,1
2481.745465279,15,15,227,11.413202298,41.113834859,-10.010900598,41.113834859,-10.010900598,0.000000000,1
2482.741363525,15,15,227,11.416640986,41.113834859,-10.010900598,41.113834859,-10.010900598,0.000000000,1
2483.792751789,15,15,227,11.417071863,41.113834859,-10.010900598,41.113834859,-10.010900598,0.000000000,1
2484.862720251,15,15,227,11.417211668,41.113834859,-10.010900598,41.113834859,-10.010900598,0.000000000,1
2485.849204540,15,15,225,11.340123421,41.113834859,-10.010900598,41.113834859,-10.010900598,0.000000000,1
2486.897443771,15,15,223,11.242118174,41.113834859,-10.010900598,41.113834859,-10.010900598,0.000000000,1
2488.060243368,15,15,222,11.182906091,41.113834859,-10.010900598,41.113834859,-10.010900598,0.000000000,1
2489.110558271,15,15,219,11.039344430,41.113834859,-10.010900598,41.113834859,-10.010900598,0.000000000,1
2490.080446720,15,15,221,11.125141806,41.113834859,-10.010900598,41.113834859,-10.010900598,0.000000000,1
2491.103029490,15,15,219,11.028974167,41.113834859,-10.010900598,41.113834859,-10.010900598,0.000000000,1
2492.171372175,15,15,217,10.923257023,41.113834859,-10.010900598,41.113834859,-10.010900598,0.000000000,1
2493.211319685,15,15,216,10.788977762,41.113834859,-10.010900598,41.113834859,-10.010900598,0.000000000,1
2494.201760292,15,15,212,10.659211575,41.113834859,-10.010900598,41.113834859,-10.010900598,0.000000000,1
2495.218714476,15,15,212,10.589689693,41.113834859,-10.010900598,41.113834859,-10.010900598,0.000000000,1
2496.310167789,15,15,211,10.530458272,41.113834859,-10.010900598,41.113834859,-10.010900598,0.000000000,1
2497.337989807,15,15,201,10.242122606,41.113834859,-10.010900598,41.113834859,-10.010900598,0.000000000,1
2498.370767355,15,15,201,10.242122606,41.113834859,-10.010900598,41.113834859,-10.010900598,0.000000000,1
2499.419893980,15,15,207,10.355787281,41.113834859,-10.010900598,41.113834859,-10.010900598,0.000000000,1
2500.498989582,15,15,204,10.156952468,41.113834859,-10.010900598,41.113834859,-10.010900598,0.000000000,1
2501.448387861,15,15,200,10.050952528,41.113834859,-10.010900598,41.113834859,-10.010900598,0.000000000,1
2502.487657785,15,15,197,9.938012893,41.113834859,-10.010900598,41.113834859,-10.010900598,0.000000000,1
2503.711066246,15,15,196,9.877952045,41.113834859,-10.010900598,41.113834859,-10.010900598,0.000000000,1
2504.594829559,15,15,197,9.840618940,41.113834859,-10.010900598,41.113834859,-10.010900598,0.000000000,1
2505.625760555,15,15,192,9.677572133,41.113834859,-10.010900598,41.113834859,-10.010900598,0.000000000,1
2506.686388969,15,15,192,9.677572133,41.113834859,-10.010900598,41.113834859,-10.010900598,0.000000000,1
2507.687075853,15,15,193,9.632613510,41.113834859,-10.010900598,41.113834859,-10.010900598,0.000000000,1
2508.761937380,15,15,191,9.532119854,41.113834859,-10.010900598,41.113834859,-10.010900598,0.000000000,1
2509.792769194,15,15,182,9.233718022,41.113834859,-10.010900598,41.113834859,-10.010900598,0.000000000,1
2510.865492344,15,15,187,9.335147411,41.113834859,-10.010900598,41.113834859,-10.010900598,0.000000000,1
2511.849584818,15,15,178,9.058592709,41.113834859,-10.010900598,41.113834859,-10.010900598,0.000000000,1
2512.906415939,15,15,180,9.071861244,41.113834859,-10.010900598,41.113834859,-10.010900598,0.000000000,1
2513.977876186,15,15,183,9.109697977,41.113834859,-10.010900598,41.113834859,-10.010900598,0.000000000,1
2514.998946190,15,15,177,8.939902255,41.113834859,-10.010900598,41.113834859,-10.010900598,0.000000000,1
2516.035825014,15,15,176,8.846555392,41.113834859,-10.010900598,41.113834859,-10.010900598,0.000000000,1
2517.044143677,15,15,174,8.758697164,41.113834859,-10.010900598,41.113834859,-10.010900598,0.000000000,1
2518.058674812,15,15,173,8.718397408,41.113834859,-10.010900598,41.113834859,-10.010900598,0.000000000,1
2519.195123672,15,15,176,8.787435060,41.113834859,-10.010900598,41.113834859,-10.010900598,0.000000000,1
2520.151299238,15,15,174,8.673916244,41.113834859,-10.010900598,41.113834859,-10.010900598,0.000000000,1
2521.271470308,15,15,167,8.349478512,41.113834859,-10.010900598,41.113834859,-10.010900598,0.000000000,1
2522.233379841,15,15,168,8.358735006,41.113834859,-10.010900598,41.113834859,-10.010900598,0.000000000,1
2523.266687632,15,15,160,8.061995360,41.113834859,-10.010900598,41.113834859,-10.010900598,0.000000000,1
2524.354558945,15,15,158,7.956655912,41.113834859,-10.010900598,41.113834859,-10.010900598,0.000000000,1
2525.426297188,15,15,162,8.063916521,41.113834859,-10.010900598,41.113834859,-10.010900598,0.000000000,1
2526.474678755,15,15,156,7.862652697,41.113834859,-10.010900598,41.113834859,-10.010900598,0.000000000,1
2527.500566959,15,15,154,7.766830396,41.113834859,-10.010900598,41.113834859,-10.010900598,0.000000000,1
2528.537050247,15,15,155,7.709942095,41.113834859,-10.010900598,41.113834859,-10.010900598,0.000000000,1
2529.534717798,15,15,152,7.574068250,41.113834859,-10.010900598,41.113834859,-10.010900598,0.000000000,1
2530.623412848,15,15,145,7.344564500,41.113834859,-10.010900598,41.113834859,-10.010900598,0.000000000,1
2531.655556917,15,15,143,7.246321089,41.113834859,-10.010900598,41.113834859,-10.010900598,0.000000000,1
2532.709001541,15,15,142,7.152722733,41.113834859,-10.010900598,41.113834859,-10.010900598,0.000000000,1
2533.714658499,15,15,138,6.914690876,41.113834859,-10.010900598,41.113834859,-10.010900598,0.000000000,1
2534.764559984,15,15,136,6.823486099,41.113834859,-10.010900598,41.113834859,-10.010900598,0.000000000,1
2535.817394972,15,15,135,6.794081439,41.113834859,-10.010900598,41.113834859,-10.010900598,0.000000000,1
2536.923333645,15,15,131,6.588935660,41.113834859,-10.010900598,41.113834859,-10.010900598,0.000000000,1
2537.856032133,15,15,131,6.586320399,41.113834859,-10.010900598,41.113834859,-10.010900598,0.000000000,1
2538.932749271,15,15,128,6.456805083,41.113834859,-10.010900598,41.113834859,-10.010900598,0.000000000,1
2539.970466375,15,15,126,6.356725626,41.113834859,-10.010900598,41.113834859,-10.010900598,0.000000000,1
2540.946359873,15,15,123,6.216749804,41.113834859,-10.010900598,41.113834859,-10.010900598,0.000000000,1
2542.020120382,15,15,123,6.216749804,41.113834859,-10.010900598,41.113834859,-10.010900598,0.000000000,1
2543.037531137,15,15,121,6.092312912,41.113834859,-10.010900598,41.113834859,-10.010900598,0.000000000,1
2544.099499464,15,15,118,5.951195052,41.113834859,-10.010900598,41.113834859,-10.010900598,0.000000000,1
2545.072139978,15,15,116,5.855512029,41.113834859,-10.010900598,41.113834859,-10.010900598,0.000000000,1
2546.111386538,15,15,113,5.729183425,41.113834859,-10.010900598,41.113834859,-10.010900598,0.000000000,1
2547.197631598,15,15,113,5.729183425,41.113834859,-10.010900598,41.113834859,-10.010900598,0.000000000,1
2548.227162600,15,15,111,5.624951564,41.113834859,-10.010900598,41.113834859,-10.010900598,0.000000000,1
2549.267416239,15,15,110,5.539333665,41.113834859,-10.010900598,41.113834859,-10.010900598,0.000000000,1
2550.289314508,15,15,109,5.507312452,41.113834859,-10.010900598,41.113834859,-10.010900598,0.000000000,1
2551.267766714,15,15,107,5.407280340,41.113834859,-10.010900598,41.113834859,-10.010900598,0.000000000,1
2552.307634354,15,15,105,5.311404971,41.113834859,-10.010900598,41.113834859,-10.010900598,0.000000000,1
2553.386175632,15,15,102,5.187003879,41.113834859,-10.010900598,41.113834859,-10.010900598,0.000000000,1
2554.406058788,15,15,100,5.066155569,41.113834859,-10.010900598,41.113834859,-10.010900598,0.000000000,1
2555.427781343,15,15,99,5.023803948,41.113834859,-10.010900598,41.113834859,-10.010900598,0.000000000,1
2556.462149143,15,15,97,4.915339284,41.113834859,-10.010900598,41.113834859,-10.010900598,0.000000000,1
2557.460315943,15,15,94,4.775920716,41.113834859,-10.010900598,41.113834859,-10.010900598,0.000000000,1
2558.467591047,15,15,94,4.775920716,41.113834859,-10.010900598,41.113834859,-10.010900598,0.000000000,1
2559.511475086,15,15,91,4.636522735,41.113834859,-10.010900598,41.113834859,-10.010900598,0.000000000,1
2560.622680187,15,15,89,4.496620614,41.113834859,-10.010900598,41.113834859,-10.010900598,0.000000000,1
2561.582937717,15,15,89,4.496620614,41.113834859,-10.010900598,41.113834859,-10.010900598,0.000000000,1
2562.628474236,15,15,86,4.356835807,41.113834859,-10.010900598,41.113834859,-10.010900598,0.000000000,1
2563.623965740,15,15,84,4.275742954,41.113834859,-10.010900598,41.113834859,-10.010900598,0.000000000,1
2564.723647118,15,15,81,4.136022852,41.113834859,-10.010900598,41.113834859,-10.010900598,0.000000000,1
2565.766349316,15,15,81,4.136022852,41.113834859,-10.010900598,41.113834859,-10.010900598,0.000000000,1
2566.800807476,15,15,79,3.997080003,41.113834859,-10.010900598,41.113834859,-10.010900598,0.000000000,1
2567.841161966,15,15,77,3.916292578,41.113834859,-10.010900598,41.113834859,-10.010900598,0.000000000,1
2568.988798380,15,15,74,3.775724166,41.113834859,-10.010900598,41.113834859,-10.010900598,0.000000000,1
2569.911155224,15,15,74,3.775724166,41.113834859,-10.010900598,41.113834859,-10.010900598,0.000000000,1
2570.945656776,15,15,71,3.636019204,41.113834859,-10.010900598,41.113834859,-10.010900598,0.000000000,1
2571.936433315,15,15,70,3.555926971,41.113834859,-10.010900598,41.113834859,-10.010900598,0.000000000,1
2573.008471727,15,15,67,3.416214915,41.113834859,-10.010900598,41.113834859,-10.010900598,0.000000000,1
2574.057455301,15,15,67,3.416214915,41.113834859,-10.010900598,41.113834859,-10.010900598,0.000000000,1
2575.039270639,15,15,64,3.275686814,41.113834859,-10.010900598,41.113834859,-10.010900598,0.000000000,1
2576.072028875,15,15,63,3.196184122,41.113834859,-10.010900598,41.113834859,-10.010900598,0.000000000,1
2577.128737926,15,15,61,3.136376550,41.113834859,-10.010900598,41.113834859,-10.010900598,0.000000000,1
2578.174610138,15,15,60,3.056308812,41.113834859,-10.010900598,41.113834859,-10.010900598,0.000000000,1
2579.173638582,15,15,57,2.915755952,41.113834859,-10.010900598,41.113834859,-10.010900598,0.000000000,1
2580.149382830,15,15,55,2.836284204,41.113834859,-10.010900598,41.113834859,-10.010900598,0.000000000,1
2581.184949398,15,15,54,2.775618330,41.113834859,-10.010900598,41.113834859,-10.010900598,0.000000000,1
2582.249499798,15,15,53,2.696203405,41.113834859,-10.010900598,41.113834859,-10.010900598,0.000000000,1
2583.300044060,15,15,50,2.555899804,41.113834859,-10.010900598,41.113834859,-10.010900598,0.000000000,1
2584.292805672,15,15,50,2.555899804,41.113834859,-10.010900598,41.113834859,-10.010900598,0.000000000,1
2585.368556023,15,15,47,2.415979084,41.113834859,-10.010900598,41.113834859,-10.010900598,0.000000000,1
2586.409055710,15,15,45,2.336807829,41.113834859,-10.010900598,41.113834859,-10.010900598,0.000000000,1
2587.417872429,15,15,44,2.275519734,41.113834859,-10.010900598,41.113834859,-10.010900598,0.000000000,1
2588.463062763,15,15,43,2.196269994,41.113834859,-10.010900598,41.113834859,-10.010900598,0.000000000,1
2589.443381548,15,15,40,2.056231484,41.113834859,-10.010900598,41.113834859,-10.010900598,0.000000000,1
2590.476497650,15,15,37,1.915528655,41.113834859,-10.010900598,41.113834859,-10.010900598,0.000000000,1
2591.493400097,15,15,37,1.915528655,41.113834859,-10.010900598,41.113834859,-10.010900598,0.000000000,1
2592.514877081,15,15,34,1.775349235,41.113834859,-10.010900598,41.113834859,-10.010900598,0.000000000,1
2593.589190722,15,15,32,1.696101154,41.113834859,-10.010900598,41.113834859,-10.010900598,0.000000000,1
2594.589396477,15,15,30,1.556181466,41.113834859,-10.010900598,41.113834859,-10.010900598,0.000000000,1
2595.608119249,15,15,30,1.556181466,41.113834859,-10.010900598,41.113834859,-10.010900598,0.000000000,1
2596.694711685,15,15,27,1.415377207,41.113834859,-10.010900598,41.113834859,-10.010900598,0.000000000,1
2597.763559103,15,15,24,1.275153968,41.113834859,-10.010900598,41.113834859,-10.010900598,0.000000000,1
2598.779674530,15,15,24,1.275153968,41.113834859,-10.010900598,41.113834859,-10.010900598,0.000000000,1
2599.825896502,15,15,21,1.135189499,41.113834859,-10.010900598,41.113834859,-10.010900598,0.000000000,1
2600.918848991,15,15,20,1.055810267,41.113834859,-10.010900598,41.113834859,-10.010900598,0.000000000,1
2602.010369778,15,15,17,0.915084370,41.113834859,-10.010900598,41.113834859,-10.010900598,0.000000000,1
2602.874181271,15,15,17,0.915084370,41.113834859,-10.010900598,41.113834859,-10.010900598,0.000000000,1
2603.879829884,15,15,14,0.774374930,41.113834859,-10.010900598,41.113834859,-10.010900598,0.000000000,1
2604.930329800,15,15,14,0.774374930,41.113834859,-10.010900598,41.113834859,-10.010900598,0.000000000,1
2605.961278677,15,15,13,0.700693413,41.113834859,-10.010900598,41.113834859,-10.010900598,0.000000000,1
2606.977199316,15,15,11,0.634197731,41.113834859,-10.010900598,41.113834859,-10.010900598,0.000000000,1
2608.015801907,15,15,11,0.634197731,41.113834859,-10.010900598,41.113834859,-10.010900598,0.000000000,1
2609.001433372,15,15,10,0.558096320,41.113834859,-10.010900598,41.113834859,-10.010900598,0.000000000,1
2610.031764030,15,15,9,0.494880584,41.113834859,-10.010900598,41.113834859,-10.010900598,0.000000000,1
2611.047163725,15,15,9,0.494880584,41.113834859,-10.010900598,41.113834859,-10.010900598,0.000000000,1
2675.597536802,16,16,153,7.726567930,46.613825398,-9.337186324,46.613825398,-9.337186324,0.000000000,1
2676.550150156,16,16,153,7.726567930,46.613825398,-9.337186324,46.613825398,-9.337186324,0.000000000,1
2677.585451841,16,16,153,7.726567930,46.613825398,-9.337186324,46.613825398,-9.337186324,0.000000000,1
2678.639839649,16,16,153,7.726567930,46.613825398,-9.337186324,46.613825398,-9.337186324,0.000000000,1
2679.660167694,16,16,153,7.726567930,46.613825398,-9.337186324,46.613825398,-9.337186324,0.000000000,1
2680.725243330,16,16,153,7.726567930,46.613825398,-9.337186324,46.613825398,-9.337186324,0.000000000,1
2681.749612808,16,16,153,7.726567930,46.613825398,-9.337186324,46.613825398,-9.337186324,0.000000000,1
2682.773586035,16,16,151,7.655162663,46.613825398,-9.337186324,46.613825398,-9.337186324,0.000000000,1
2683.829633951,16,16,151,7.655162663,46.613825398,-9.337186324,46.613825398,-9.337186324,0.000000000,1
2684.961972713,16,16,149,7.569248463,46.613825398,-9.337186324,46.613825398,-9.337186324,0.000000000,1
2685.962774277,16,16,147,7.439386146,46.613825398,-9.337186324,46.613825398,-9.337186324,0.000000000,1
2687.031332731,16,16,145,7.357479653,46.613825398,-9.337186324,46.613825398,-9.337186324,0.000000000,1
2687.973475456,16,16,144,7.291460216,46.613825398,-9.337186324,46.613825398,-9.337186324,0.000000000,1
2689.079970837,16,16,143,7.222184285,46.613825398,-9.337186324,46.613825398,-9.337186324,0.000000000,1
2690.115292072,16,16,140,7.074229878,46.613825398,-9.337186324,46.613825398,-9.337186324,0.000000000,1
2691.150645971,16,16,140,7.074229878,46.613825398,-9.337186324,46.613825398,-9.337186324,0.000000000,1
2692.209080458,16,16,137,6.937439582,46.613825398,-9.337186324,46.613825398,-9.337186324,0.000000000,1
2693.221795797,16,16,134,6.791837540,46.613825398,-9.337186324,46.613825398,-9.337186324,0.000000000,1
2694.283852339,16,16,134,6.791837540,46.613825398,-9.337186324,46.613825398,-9.337186324,0.000000000,1
2695.306169748,16,16,131,6.659310477,46.613825398,-9.337186324,46.613825398,-9.337186324,0.000000000,1
2696.369571209,16,16,130,6.578785320,46.613825398,-9.337186324,46.613825398,-9.337186324,0.000000000,1
2697.423241138,16,16,128,6.507838630,46.613825398,-9.337186324,46.613825398,-9.337186324,0.000000000,1
2698.425863981,16,16,125,6.368374228,46.613825398,-9.337186324,46.613825398,-9.337186324,0.000000000,1
2699.451223850,16,16,124,6.298683761,46.613825398,-9.337186324,46.613825398,-9.337186324,0.000000000,1
2700.498834133,16,16,123,6.234728151,46.613825398,-9.337186324,46.613825398,-9.337186324,0.000000000,1
2701.645547390,16,16,121,6.147398934,46.613825398,-9.337186324,46.613825398,-9.337186324,0.000000000,1
2702.636117220,16,16,118,6.013942823,46.613825398,-9.337186324,46.613825398,-9.337186324,0.000000000,1
2703.674731255,16,16,117,5.949321296,46.613825398,-9.337186324,46.613825398,-9.337186324,0.000000000,1
2704.682132959,16,16,116,5.876868835,46.613825398,-9.337186324,46.613825398,-9.337186324,0.000000000,1
2705.770718098,16,16,113,5.728597721,46.613825398,-9.337186324,46.613825398,-9.337186324,0.000000000,1
2706.742683411,16,16,113,5.728597721,46.613825398,-9.337186324,46.613825398,-9.337186324,0.000000000,1
2707.791504860,16,16,110,5.598190689,46.613825398,-9.337186324,46.613825398,-9.337186324,0.000000000,1
2708.828185081,16,16,107,5.452777677,46.613825398,-9.337186324,46.613825398,-9.337186324,0.000000000,1
2709.871030569,16,16,107,5.452777677,46.613825398,-9.337186324,46.613825398,-9.337186324,0.000000000,1
2710.915484428,16,16,104,5.309449912,46.613825398,-9.337186324,46.613825398,-9.337186324,0.000000000,1
2711.949834347,16,16,101,5.169976099,46.613825398,-9.337186324,46.613825398,-9.337186324,0.000000000,1
2713.045146942,16,16,100,5.096537792,46.613825398,-9.337186324,46.613825398,-9.337186324,0.000000000,1
2714.092730284,16,16,99,5.032186013,46.613825398,-9.337186324,46.613825398,-9.337186324,0.000000000,1
2715.092288971,16,16,96,4.887763636,46.613825398,-9.337186324,46.613825398,-9.337186324,0.000000000,1
2716.165606499,16,16,95,4.822374179,46.613825398,-9.337186324,46.613825398,-9.337186324,0.000000000,1
2717.166404247,16,16,93,4.746654238,46.613825398,-9.337186324,46.613825398,-9.337186324,0.000000000,1
2718.279239178,16,16,92,4.680203606,46.613825398,-9.337186324,46.613825398,-9.337186324,0.000000000,1
2719.295968294,16,16,90,4.591613636,46.613825398,-9.337186324,46.613825398,-9.337186324,0.000000000,1
2720.379829407,16,16,85,4.368786388,46.613825398,-9.337186324,46.613825398,-9.337186324,0.000000000,1
2721.343444586,16,16,84,4.276011820,46.613825398,-9.337186324,46.613825398,-9.337186324,0.000000000,1
2722.409425974,16,16,79,4.029140364,46.613825398,-9.337186324,46.613825398,-9.337186324,0.000000000,1
2723.449962616,16,16,81,4.136327920,46.613825398,-9.337186324,46.613825398,-9.337186324,0.000000000,1
2724.426291943,16,16,77,3.921147664,46.613825398,-9.337186324,46.613825398,-9.337186324,0.000000000,1
2725.463616610,16,16,73,3.754195441,46.613825398,-9.337186324,46.613825398,-9.337186324,0.000000000,1
2726.485194683,16,16,74,3.774191553,46.613825398,-9.337186324,46.613825398,-9.337186324,0.000000000,1
2727.526443481,16,16,72,3.685278190,46.613825398,-9.337186324,46.613825398,-9.337186324,0.000000000,1
2728.537221432,16,16,69,3.557270160,46.613825398,-9.337186324,46.613825398,-9.337186324,0.000000000,1
2729.588178635,16,16,66,3.400975779,46.613825398,-9.337186324,46.613825398,-9.337186324,0.000000000,1
2730.601127625,16,16,64,3.300960330,46.613825398,-9.337186324,46.613825398,-9.337186324,0.000000000,1
2731.625883579,16,16,62,3.200424258,46.613825398,-9.337186324,46.613825398,-9.337186324,0.000000000,1
2732.678446770,16,16,58,3.093658438,46.613825398,-9.337186324,46.613825398,-9.337186324,0.000000000,1
2733.718172312,16,16,58,3.093658438,46.613825398,-9.337186324,46.613825398,-9.337186324,0.000000000,1
2734.742563009,16,16,58,2.966201134,46.613825398,-9.337186324,46.613825398,-9.337186324,0.000000000,1
2735.728558064,16,16,53,2.858747866,46.613825398,-9.337186324,46.613825398,-9.337186324,0.000000000,1
2736.753714323,16,16,50,2.712691926,46.613825398,-9.337186324,46.613825398,-9.337186324,0.000000000,1
2737.765408039,16,16,51,2.654093749,46.613825398,-9.337186324,46.613825398,-9.337186324,0.000000000,1
2738.900851965,16,16,46,2.497592774,46.613825398,-9.337186324,46.613825398,-9.337186324,0.000000000,1
2739.811004639,16,16,45,2.369713006,46.613825398,-9.337186324,46.613825398,-9.337186324,0.000000000,1
2741.009102106,16,16,42,2.283925092,46.613825398,-9.337186324,46.613825398,-9.337186324,0.000000000,1
2741.886158705,16,16,43,2.230261426,46.613825398,-9.337186324,46.613825398,-9.337186324,0.000000000,1
2742.931737423,16,16,41,2.157903397,46.613825398,-9.337186324,46.613825398,-9.337186324,0.000000000,1
2743.948299170,16,16,38,2.073897059,46.613825398,-9.337186324,46.613825398,-9.337186324,0.000000000,1
2745.034054518,16,16,37,1.950710519,46.613825398,-9.337186324,46.613825398,-9.337186324,0.000000000,1
2746.028301716,16,16,36,1.878227615,46.613825398,-9.337186324,46.613825398,-9.337186324,0.000000000,1
2747.074801207,16,16,34,1.804002996,46.613825398,-9.337186324,46.613825398,-9.337186324,0.000000000,1
2748.086260796,16,16,31,1.663964818,46.613825398,-9.337186324,46.613825398,-9.337186324,0.000000000,1
2749.121159077,16,16,30,1.592692741,46.613825398,-9.337186324,46.613825398,-9.337186324,0.000000000,1
2750.160267830,16,16,26,1.507902628,46.613825398,-9.337186324,46.613825398,-9.337186324,0.000000000,1
2751.158575773,16,16,26,1.380027913,46.613825398,-9.337186324,46.613825398,-9.337186324,0.000000000,1
2752.184292078,16,16,26,1.380027913,46.613825398,-9.337186324,46.613825398,-9.337186324,0.000000000,1
2753.189881325,16,16,23,1.239553795,46.613825398,-9.337186324,46.613825398,-9.337186324,0.000000000,1
2754.267979145,16,16,22,1.176121233,46.613825398,-9.337186324,46.613825398,-9.337186324,0.000000000,1
2755.255460262,16,16,20,1.096025631,46.613825398,-9.337186324,46.613825398,-9.337186324,0.000000000,1
2756.277653217,16,16,19,1.028689531,46.613825398,-9.337186324,46.613825398,-9.337186324,0.000000000,1
2757.370543242,16,16,15,0.945858471,46.613825398,-9.337186324,46.613825398,-9.337186324,0.000000000,1
2758.345839977,16,16,16,0.886147832,46.613825398,-9.337186324,46.613825398,-9.337186324,0.000000000,1
2759.376586914,16,16,14,0.820671172,46.613825398,-9.337186324,46.613825398,-9.337186324,0.000000000,1
2760.380782843,16,16,14,0.820671172,46.613825398,-9.337186324,46.613825398,-9.337186324,0.000000000,1
2761.411831141,16,16,11,0.726902328,46.613825398,-9.337186324,46.613825398,-9.337186324,0.000000000,1
2762.419085741,16,16,11,0.671917602,46.613825398,-9.337186324,46.613825398,-9.337186324,0.000000000,1
2763.452790737,16,16,11,0.671917602,46.613825398,-9.337186324,46.613825398,-9.337186324,0.000000000,1
2764.487012625,16,16,11,0.630336593,46.613825398,-9.337186324,46.613825398,-9.337186324,0.000000000,1
2765.507356882,16,16,7,0.553553399,46.613825398,-9.337186324,46.613825398,-9.337186324,0.000000000,1
2766.576754808,16,16,7,0.553553399,46.613825398,-9.337186324,46.613825398,-9.337186324,0.000000000,1
2832.683771849,17,17,452,22.599105379,28.013825121,-2.737186226,28.013825121,-2.737186226,0.000000000,1
2833.657454967,17,17,452,22.599105379,28.013825121,-2.737186226,28.013825121,-2.737186226,0.000000000,1
2834.718442917,17,17,452,22.599105379,28.013825121,-2.737186226,28.013825121,-2.737186226,0.000000000,1
2835.815016747,17,17,450,22.512285211,28.013825121,-2.737186226,28.013825121,-2.737186226,0.000000000,1
2836.783756018,17,17,450,22.486547655,28.013825121,-2.737186226,28.013825121,-2.737186226,0.000000000,1
2837.877739906,17,17,449,22.450822083,28.013825121,-2.737186226,28.013825121,-2.737186226,0.000000000,1
2838.993846178,17,17,449,22.450822083,28.013825121,-2.737186226,28.013825121,-2.737186226,0.000000000,1
2840.106650352,17,17,446,22.288381535,28.013825121,-2.737186226,28.013825121,-2.737186226,0.000000000,1
2841.095338345,17,17,445,22.249034022,28.013825121,-2.737186226,28.013825121,-2.737186226,0.000000000,1
2842.133320332,17,17,444,22.174215332,28.013825121,-2.737186226,28.013825121,-2.737186226,0.000000000,1
2843.196139812,17,17,442,22.086162201,28.013825121,-2.737186226,28.013825121,-2.737186226,0.000000000,1
2844.203345299,17,17,441,22.057972227,28.013825121,-2.737186226,28.013825121,-2.737186226,0.000000000,1
2845.210089684,17,17,438,21.919523436,28.013825121,-2.737186226,28.013825121,-2.737186226,0.000000000,1
2846.349155188,17,17,438,21.905355870,28.013825121,-2.737186226,28.013825121,-2.737186226,0.000000000,1
2847.457946539,17,17,436,21.808648966,28.013825121,-2.737186226,28.013825121,-2.737186226,0.000000000,1
2848.391682625,17,17,434,21.763084464,28.013825121,-2.737186226,28.013825121,-2.737186226,0.000000000,1
2849.456508636,17,17,433,21.661914079,28.013825121,-2.737186226,28.013825121,-2.737186226,0.000000000,1
2850.488311291,17,17,433,21.632104868,28.013825121,-2.737186226,28.013825121,-2.737186226,0.000000000,1
2851.507750034,17,17,430,21.545206227,28.013825121,-2.737186226,28.013825121,-2.737186226,0.000000000,1
2852.564215660,17,17,430,21.545206227,28.013825121,-2.737186226,28.013825121,-2.737186226,0.000000000,1
2853.548241615,17,17,428,21.407370557,28.013825121,-2.737186226,28.013825121,-2.737186226,0.000000000,1
2854.687559843,17,17,426,21.301899333,28.013825121,-2.737186226,28.013825121,-2.737186226,0.000000000,1
2855.617599964,17,17,426,21.276102796,28.013825121,-2.737186226,28.013825121,-2.737186226,0.000000000,1
2856.755123854,17,17,426,21.276102796,28.013825121,-2.737186226,28.013825121,-2.737186226,0.000000000,1
2857.834230423,17,17,422,21.076402906,28.013825121,-2.737186226,28.013825121,-2.737186226,0.000000000,1
2858.801169634,17,17,422,21.076402906,28.013825121,-2.737186226,28.013825121,-2.737186226,0.000000000,1
2859.897302628,17,17,419,20.933858263,28.013825121,-2.737186226,28.013825121,-2.737186226,0.000000000,1
2860.849062920,17,17,418,20.963027898,28.013825121,-2.737186226,28.013825121,-2.737186226,0.000000000,1
2861.946061611,17,17,417,20.853859440,28.013825121,-2.737186226,28.013825121,-2.737186226,0.000000000,1
2863.125231743,17,17,417,20.853859440,28.013825121,-2.737186226,28.013825121,-2.737186226,0.000000000,1
2863.988590002,17,17,416,20.788659402,28.013825121,-2.737186226,28.013825121,-2.737186226,0.000000000,1
2865.018934488,17,17,416,20.775186688,28.013825121,-2.737186226,28.013825121,-2.737186226,0.000000000,1
2866.077623844,17,17,412,20.635588487,28.013825121,-2.737186226,28.013825121,-2.737186226,0.000000000,1
2867.123085499,17,17,413,20.650674483,28.013825121,-2.737186226,28.013825121,-2.737186226,0.000000000,1
2868.181389332,17,17,411,20.541151710,28.013825121,-2.737186226,28.013825121,-2.737186226,0.000000000,1
2869.274947882,17,17,406,20.318152709,28.013825121,-2.737186226,28.013825121,-2.737186226,0.000000000,1
2870.388674736,17,17,406,20.318152732,28.013825121,-2.737186226,28.013825121,-2.737186226,0.000000000,1
2871.388378620,17,17,405,20.266663600,28.013825121,-2.737186226,28.013825121,-2.737186226,0.000000000,1
2872.465239286,17,17,404,20.179654151,28.013825121,-2.737186226,28.013825121,-2.737186226,0.000000000,1
2873.366394281,17,17,404,20.180273137,28.013825121,-2.737186226,28.013825121,-2.737186226,0.000000000,1
2874.505153656,17,17,403,20.124757340,28.013825121,-2.737186226,28.013825121,-2.737186226,0.000000000,1
2875.517840624,17,17,400,19.994542848,28.013825121,-2.737186226,28.013825121,-2.737186226,0.000000000,1
2876.553154707,17,17,397,19.878255821,28.013825121,-2.737186226,28.013825121,-2.737186226,0.000000000,1
2877.596711874,17,17,397,19.839416756,28.013825121,-2.737186226,28.013825121,-2.737186226,0.000000000,1
2878.716973782,17,17,395,19.766032751,28.013825121,-2.737186226,28.013825121,-2.737186226,0.000000000,1
2879.760478497,17,17,395,19.779399109,28.013825121,-2.737186226,28.013825121,-2.737186226,0.000000000,1
2880.803862810,17,17,392,19.661960066,28.013825121,-2.737186226,28.013825121,-2.737186226,0.000000000,1
2881.744328976,17,17,392,19.661943694,28.013825121,-2.737186226,28.013825121,-2.737186226,0.000000000,1
2882.777078629,17,17,392,19.574437265,28.013825121,-2.737186226,28.013825121,-2.737186226,0.000000000,1
2883.818764210,17,17,392,19.574433231,28.013825121,-2.737186226,28.013825121,-2.737186226,0.000000000,1
2884.917186022,17,17,388,19.454402578,28.013825121,-2.737186226,28.013825121,-2.737186226,0.000000000,1
2885.957383156,17,17,388,19.372320538,28.013825121,-2.737186226,28.013825121,-2.737186226,0.000000000,1
2887.218149900,17,17,388,19.372332766,28.013825121,-2.737186226,28.013825121,-2.737186226,0.000000000,1
2888.075605631,17,17,384,19.254375340,28.013825121,-2.737186226,28.013825121,-2.737186226,0.000000000,1
2889.118404627,17,17,384,19.254380280,28.013825121,-2.737186226,28.013825121,-2.737186226,0.000000000,1
2890.222083807,17,17,384,19.172298555,28.013825121,-2.737186226,28.013825121,-2.737186226,0.000000000,1
2891.283740520,17,17,384,19.172293353,28.013825121,-2.737186226,28.013825121,-2.737186226,0.000000000,1
2892.173057079,17,17,380,19.054366365,28.013825121,-2.737186226,28.013825121,-2.737186226,0.000000000,1
2893.240979671,17,17,380,18.972288685,28.013825121,-2.737186226,28.013825121,-2.737186226,0.000000000,1
2894.303879499,17,17,380,18.972288685,28.013825121,-2.737186226,28.013825121,-2.737186226,0.000000000,1
2895.250187874,17,17,376,18.854292174,28.013825121,-2.737186226,28.013825121,-2.737186226,0.000000000,1
2896.302550554,17,17,376,18.772232173,28.013825121,-2.737186226,28.013825121,-2.737186226,0.000000000,1
2897.417033672,17,17,376,18.772280150,28.013825121,-2.737186226,28.013825121,-2.737186226,0.000000000,1
2898.381082058,17,17,372,18.654300712,28.013825121,-2.737186226,28.013825121,-2.737186226,0.000000000,1
2899.476221085,17,17,372,18.572245021,28.013825121,-2.737186226,28.013825121,-2.737186226,0.000000000,1
2900.514008045,17,17,372,18.572237540,28.013825121,-2.737186226,28.013825121,-2.737186226,0.000000000,1
2901.456904650,17,17,368,18.454245578,28.013825121,-2.737186226,28.013825121,-2.737186226,0.000000000,1
2902.467686892,17,17,368,18.372226445,28.013825121,-2.737186226,28.013825121,-2.737186226,0.000000000,1
2903.552565813,17,17,368,18.372194009,28.013825121,-2.737186226,28.013825121,-2.737186226,0.000000000,1
2904.665232897,17,17,364,18.254211985,28.013825121,-2.737186226,28.013825121,-2.737186226,0.000000000,1
2905.731434345,17,17,364,18.254151529,28.013825121,-2.737186226,28.013825121,-2.737186226,0.000000000,1
2906.700669050,17,17,364,18.172180744,28.013825121,-2.737186226,28.013825121,-2.737186226,0.000000000,1
2907.754948616,17,17,360,18.054128107,28.013825121,-2.737186226,28.013825121,-2.737186226,0.000000000,1
2908.790817976,17,17,360,18.053982074,28.013825121,-2.737186226,28.013825121,-2.737186226,0.000000000,1
2909.844531059,17,17,360,17.972052799,28.013825121,-2.737186226,28.013825121,-2.737186226,0.000000000,1
2910.853474855,17,17,360,17.972035424,28.013825121,-2.737186226,28.013825121,-2.737186226,0.000000000,1
2911.883327961,17,17,356,17.853943033,28.013825121,-2.737186226,28.013825121,-2.737186226,0.000000000,1
2912.911618710,17,17,356,17.771931828,28.013825121,-2.737186226,28.013825121,-2.737186226,0.000000000,1
2913.971150637,17,17,356,17.771844419,28.013825121,-2.737186226,28.013825121,-2.737186226,0.000000000,1
2914.984947920,17,17,352,17.653757696,28.013825121,-2.737186226,28.013825121,-2.737186226,0.000000000,1
2916.090953112,17,17,352,17.653757696,28.013825121,-2.737186226,28.013825121,-2.737186226,0.000000000,1
2917.137995958,17,17,352,17.571909800,28.013825121,-2.737186226,28.013825121,-2.737186226,0.000000000,1
2918.136397123,17,17,352,17.571804616,28.013825121,-2.737186226,28.013825121,-2.737186226,0.000000000,1
2919.187736750,17,17,348,17.453554125,28.013825121,-2.737186226,28.013825121,-2.737186226,0.000000000,1
2920.255036592,17,17,348,17.371922944,28.013825121,-2.737186226,28.013825121,-2.737186226,0.000000000,1
2921.355678797,17,17,348,17.372953334,28.013825121,-2.737186226,28.013825121,-2.737186226,0.000000000,1
2922.301401615,17,17,344,17.253494008,28.013825121,-2.737186226,28.013825121,-2.737186226,0.000000000,1
2923.287215471,17,17,344,17.253301641,28.013825121,-2.737186226,28.013825121,-2.737186226,0.000000000,1
2924.411662817,17,17,344,17.172491027,28.013825121,-2.737186226,28.013825121,-2.737186226,0.000000000,1
2925.401055098,17,17,344,17.172087754,28.013825121,-2.737186226,28.013825121,-2.737186226,0.000000000,1
2926.482620478,17,17,340,17.053837737,28.013825121,-2.737186226,28.013825121,-2.737186226,0.000000000,1
2927.450745106,17,17,340,16.971859109,28.013825121,-2.737186226,28.013825121,-2.737186226,0.000000000,1
2928.499667645,17,17,340,16.971619035,28.013825121,-2.737186226,28.013825121,-2.737186226,0.000000000,1
2929.569736242,17,17,336,16.853757777,28.013825121,-2.737186226,28.013825121,-2.737186226,0.000000000,1
2930.642153263,17,17,336,16.853319392,28.013825121,-2.737186226,28.013825121,-2.737186226,0.000000000,1
2931.675504446,17,17,336,16.771244764,28.013825121,-2.737186226,28.013825121,-2.737186226,0.000000000,1
2932.744262934,17,17,332,16.660755697,28.013825121,-2.737186226,28.013825121,-2.737186226,0.000000000,1
2933.707787514,17,17,332,16.659821909,28.013825121,-2.737186226,28.013825121,-2.737186226,0.000000000,1
2934.833699942,17,17,332,16.577119468,28.013825121,-2.737186226,28.013825121,-2.737186226,0.000000000,1
2935.853559732,17,17,332,16.576800731,28.013825121,-2.737186226,28.013825121,-2.737186226,0.000000000,1
2936.851864576,17,17,328,16.459104068,28.013825121,-2.737186226,28.013825121,-2.737186226,0.000000000,1
2937.862537146,17,17,328,16.376914477,28.013825121,-2.737186226,28.013825121,-2.737186226,0.000000000,1
2938.930390120,17,17,328,16.376650061,28.013825121,-2.737186226,28.013825121,-2.737186226,0.000000000,1
2940.080154181,17,17,324,16.258998322,28.013825121,-2.737186226,28.013825121,-2.737186226,0.000000000,1
2941.023071527,17,17,324,16.258971035,28.013825121,-2.737186226,28.013825121,-2.737186226,0.000000000,1
2941.990996122,17,17,324,16.176476645,28.013825121,-2.737186226,28.013825121,-2.737186226,0.000000000,1
2943.068057299,17,17,320,15.992219265,28.013825121,-2.737186226,28.013825121,-2.737186226,0.000000000,1
2944.141775608,17,17,320,15.992219265,28.013825121,-2.737186226,28.013825121,-2.737186226,0.000000000,1
2945.215966940,17,17,317,15.872140646,28.013825121,-2.737186226,28.013825121,-2.737186226,0.000000000,1
2946.243342876,17,17,317,15.872140646,28.013825121,-2.737186226,28.013825121,-2.737186226,0.000000000,1
2947.289471626,17,17,316,15.792073883,28.013825121,-2.737186226,28.013825121,-2.737186226,0.000000000,1
2948.282640934,17,17,316,15.792073883,28.013825121,-2.737186226,28.013825121,-2.737186226,0.000000000,1
2949.266672134,17,17,313,15.673141543,28.013825121,-2.737186226,28.013825121,-2.737186226,0.000000000,1
2950.390655279,17,17,312,15.591965754,28.013825121,-2.737186226,28.013825121,-2.737186226,0.000000000,1
2951.684453487,17,17,311,15.537363348,28.013825121,-2.737186226,28.013825121,-2.737186226,0.000000000,1
2952.422554255,17,17,309,15.473015947,28.013825121,-2.737186226,28.013825121,-2.737186226,0.000000000,1
2953.514692545,17,17,310,15.488858976,28.013825121,-2.737186226,28.013825121,-2.737186226,0.000000000,1
2954.486303806,17,17,308,15.391794807,28.013825121,-2.737186226,28.013825121,-2.737186226,0.000000000,1
2955.547005177,17,17,305,15.273710946,28.013825121,-2.737186226,28.013825121,-2.737186226,0.000000000,1
2956.542899132,17,17,305,15.273710946,28.013825121,-2.737186226,28.013825121,-2.737186226,0.000000000,1
2957.616630077,17,17,304,15.193265321,28.013825121,-2.737186226,28.013825121,-2.737186226,0.000000000,1
2958.607146502,17,17,301,15.075937684,28.013825121,-2.737186226,28.013825121,-2.737186226,0.000000000,1
2959.714709997,17,17,301,15.075937684,28.013825121,-2.737186226,28.013825121,-2.737186226,0.000000000,1
2960.733847141,17,17,302,15.093176754,28.013825121,-2.737186226,28.013825121,-2.737186226,0.000000000,1
2961.761337042,17,17,298,14.903495428,28.013825121,-2.737186226,28.013825121,-2.737186226,0.000000000,1
2962.836837530,17,17,299,14.948434566,28.013825121,-2.737186226,28.013825121,-2.737186226,0.000000000,1
2964.018378973,17,17,298,14.902009658,28.013825121,-2.737186226,28.013825121,-2.737186226,0.000000000,1
2965.004268169,17,17,296,14.817905918,28.013825121,-2.737186226,28.013825121,-2.737186226,0.000000000,1
2965.893324614,17,17,294,14.709538986,28.013825121,-2.737186226,28.013825121,-2.737186226,0.000000000,1
2966.984997511,17,17,294,14.709538986,28.013825121,-2.737186226,28.013825121,-2.737186226,0.000000000,1
2968.068391800,17,17,292,14.612893495,28.013825121,-2.737186226,28.013825121,-2.737186226,0.000000000,1
2969.098852158,17,17,295,14.757527165,28.013825121,-2.737186226,28.013825121,-2.737186226,0.000000000,1
2970.212424755,17,17,289,14.468346353,28.013825121,-2.737186226,28.013825121,-2.737186226,0.000000000,1
2971.189286709,17,17,291,14.556574018,28.013825121,-2.737186226,28.013825121,-2.737186226,0.000000000,1
2972.259517193,17,17,289,14.436258686,28.013825121,-2.737186226,28.013825121,-2.737186226,0.000000000,1
2973.307006598,17,17,288,14.402200105,28.013825121,-2.737186226,28.013825121,-2.737186226,0.000000000,1
2974.309868097,17,17,288,14.402200105,28.013825121,-2.737186226,28.013825121,-2.737186226,0.000000000,1
2975.324959993,17,17,285,14.253906058,28.013825121,-2.737186226,28.013825121,-2.737186226,0.000000000,1
2976.307466269,17,17,285,14.253906058,28.013825121,-2.737186226,28.013825121,-2.737186226,0.000000000,1
2977.427521229,17,17,284,14.208848724,28.013825121,-2.737186226,28.013825121,-2.737186226,0.000000000,1
2978.441340446,17,17,281,14.085424522,28.013825121,-2.737186226,28.013825121,-2.737186226,0.000000000,1
2979.509140015,17,17,283,14.139146351,28.013825121,-2.737186226,28.013825121,-2.737186226,0.000000000,1
2980.447078943,17,17,283,14.139146351,28.013825121,-2.737186226,28.013825121,-2.737186226,0.000000000,1
2981.499737501,17,17,281,14.037687504,28.013825121,-2.737186226,28.013825121,-2.737186226,0.000000000,1
2982.513211012,17,17,281,14.037687504,28.013825121,-2.737186226,28.013825121,-2.737186226,0.000000000,1
2983.598596334,17,17,276,13.820312199,28.013825121,-2.737186226,28.013825121,-2.737186226,0.000000000,1
2984.579215288,17,17,277,13.821429461,28.013825121,-2.737186226,28.013825121,-2.737186226,0.000000000,1
2985.703143120,17,17,275,13.736135288,28.013825121,-2.737186226,28.013825121,-2.737186226,0.000000000,1
2986.774399757,17,17,273,13.652124831,28.013825121,-2.737186226,28.013825121,-2.737186226,0.000000000,1
2987.860177040,17,17,271,13.559449265,28.013825121,-2.737186226,28.013825121,-2.737186226,0.000000000,1
2988.870523214,17,17,271,13.559449265,28.013825121,-2.737186226,28.013825121,-2.737186226,0.000000000,1
2989.797981501,17,17,271,13.559869681,28.013825121,-2.737186226,28.013825121,-2.737186226,0.000000000,1
2990.890058994,17,17,266,13.311935699,28.013825121,-2.737186226,28.013825121,-2.737186226,0.000000000,1
2991.947453260,17,17,266,13.311935699,28.013825121,-2.737186226,28.013825121,-2.737186226,0.000000000,1
2993.004427910,17,17,265,13.254053267,28.013825121,-2.737186226,28.013825121,-2.737186226,0.000000000,1
2994.009056807,17,17,265,13.254053267,28.013825121,-2.737186226,28.013825121,-2.737186226,0.000000000,1
2995.092652082,17,17,264,13.194497254,28.013825121,-2.737186226,28.013825121,-2.737186226,0.000000000,1
2996.112829447,17,17,264,13.194497254,28.013825121,-2.737186226,28.013825121,-2.737186226,0.000000000,1
2997.260717154,17,17,264,13.194497254,28.013825121,-2.737186226,28.013825121,-2.737186226,0.000000000,1
2998.124392986,17,17,264,13.194497254,28.013825121,-2.737186226,28.013825121,-2.737186226,0.000000000,1
2999.241252661,17,17,264,13.194497254,28.013825121,-2.737186226,28.013825121,-2.737186226,0.000000000,1
3000.517227411,17,17,264,13.194497254,28.013825121,-2.737186226,28.013825121,-2.737186226,0.000000000,1
3001.420125723,17,17,264,13.194497254,28.013825121,-2.737186226,28.013825121,-2.737186226,0.000000000,1
3002.389395714,17,17,264,13.194497254,28.013825121,-2.737186226,28.013825121,-2.737186226,0.000000000,1
3003.389628887,17,17,262,13.092006139,28.013825121,-2.737186226,28.013825121,-2.737186226,0.000000000,1
3004.503246546,17,17,263,13.155776928,28.013825121,-2.737186226,28.013825121,-2.737186226,0.000000000,1
3005.529478312,17,17,260,12.999779330,28.013825121,-2.737186226,28.013825121,-2.737186226,0.000000000,1
3006.604105711,17,17,260,12.996191261,28.013825121,-2.737186226,28.013825121,-2.737186226,0.000000000,1
3007.674066067,17,17,255,12.755646595,28.013825121,-2.737186226,28.013825121,-2.737186226,0.000000000,1
3008.611081600,17,17,255,12.755646595,28.013825121,-2.737186226,28.013825121,-2.737186226,0.000000000,1
3009.646735668,17,17,252,12.576218580,28.013825121,-2.737186226,28.013825121,-2.737186226,0.000000000,1
3010.659433126,17,17,250,12.502779890,28.013825121,-2.737186226,28.013825121,-2.737186226,0.000000000,1
3011.712143898,17,17,247,12.355606247,28.013825121,-2.737186226,28.013825121,-2.737186226,0.000000000,1
3012.705721140,17,17,245,12.233387818,28.013825121,-2.737186226,28.013825121,-2.737186226,0.000000000,1
3013.814576626,17,17,242,12.106899944,28.013825121,-2.737186226,28.013825121,-2.737186226,0.000000000,1
3014.763548136,17,17,241,12.055462899,28.013825121,-2.737186226,28.013825121,-2.737186226,0.000000000,1
3015.863039017,17,17,239,11.956234850,28.013825121,-2.737186226,28.013825121,-2.737186226,0.000000000,1
3016.848005295,17,17,239,11.941912512,28.013825121,-2.737186226,28.013825121,-2.737186226,0.000000000,1
3017.982885599,17,17,236,11.809566339,28.013825121,-2.737186226,28.013825121,-2.737186226,0.000000000,1
3019.297028303,17,17,234,11.683960171,28.013825121,-2.737186226,28.013825121,-2.737186226,0.000000000,1
3020.090208530,17,17,231,11.582274595,28.013825121,-2.737186226,28.013825121,-2.737186226,0.000000000,1
3021.235272646,17,17,229,11.431360257,28.013825121,-2.737186226,28.013825121,-2.737186226,0.000000000,1
3022.182853937,17,17,229,11.431360257,28.013825121,-2.737186226,28.013825121,-2.737186226,0.000000000,1
3023.119513988,17,17,226,11.290724313,28.013825121,-2.737186226,28.013825121,-2.737186226,0.000000000,1
3024.168509245,17,17,224,11.195498814,28.013825121,-2.737186226,28.013825121,-2.737186226,0.000000000,1
3025.268403530,17,17,222,11.108216705,28.013825121,-2.737186226,28.013825121,-2.737186226,0.000000000,1
3026.331220627,17,17,221,11.061789286,28.013825121,-2.737186226,28.013825121,-2.737186226,0.000000000,1
3027.252466679,17,17,220,10.971953228,28.013825121,-2.737186226,28.013825121,-2.737186226,0.000000000,1
3028.367461443,17,17,220,10.971953228,28.013825121,-2.737186226,28.013825121,-2.737186226,0.000000000,1
3029.389611721,17,17,217,10.862226679,28.013825121,-2.737186226,28.013825121,-2.737186226,0.000000000,1
3030.372203112,17,17,214,10.727735507,28.013825121,-2.737186226,28.013825121,-2.737186226,0.000000000,1
3031.480286360,17,17,213,10.629528605,28.013825121,-2.737186226,28.013825121,-2.737186226,0.000000000,1
3032.447672367,17,17,210,10.528064833,28.013825121,-2.737186226,28.013825121,-2.737186226,0.000000000,1
3033.483728647,17,17,208,10.420798124,28.013825121,-2.737186226,28.013825121,-2.737186226,0.000000000,1
3034.548681021,17,17,206,10.319725248,28.013825121,-2.737186226,28.013825121,-2.737186226,0.000000000,1
3035.557702303,17,17,204,10.220905503,28.013825121,-2.737186226,28.013825121,-2.737186226,0.000000000,1
3036.577187538,17,17,202,10.105789278,28.013825121,-2.737186226,28.013825121,-2.737186226,0.000000000,1
3037.621049166,17,17,202,10.105790603,28.013825121,-2.737186226,28.013825121,-2.737186226,0.000000000,1
3038.655425072,17,17,200,10.006679578,28.013825121,-2.737186226,28.013825121,-2.737186226,0.000000000,1
3039.683513403,17,17,196,9.884214038,28.013825121,-2.737186226,28.013825121,-2.737186226,0.000000000,1
3040.782632113,17,17,193,9.683677475,28.013825121,-2.737186226,28.013825121,-2.737186226,0.000000000,1
3041.830608368,17,17,190,9.582342130,28.013825121,-2.737186226,28.013825121,-2.737186226,0.000000000,1
3042.863964796,17,17,190,9.582342130,28.013825121,-2.737186226,28.013825121,-2.737186226,0.000000000,1
3043.914119244,17,17,189,9.483713663,28.013825121,-2.737186226,28.013825121,-2.737186226,0.000000000,1
3044.870434523,17,17,186,9.371365513,28.013825121,-2.737186226,28.013825121,-2.737186226,0.000000000,1
3045.984398842,17,17,184,9.268619170,28.013825121,-2.737186226,28.013825121,-2.737186226,0.000000000,1
3046.991902351,17,17,182,9.171349655,28.013825121,-2.737186226,28.013825121,-2.737186226,0.000000000,1
3047.993189812,17,17,180,9.068601180,28.013825121,-2.737186226,28.013825121,-2.737186226,0.000000000,1
3049.025100708,17,17,178,8.971329356,28.013825121,-2.737186226,28.013825121,-2.737186226,0.000000000,1
3050.047380686,17,17,176,8.868580169,28.013825121,-2.737186226,28.013825121,-2.737186226,0.000000000,1
3051.118153334,17,17,174,8.771308017,28.013825121,-2.737186226,28.013825121,-2.737186226,0.000000000,1
3052.102730751,17,17,172,8.668554472,28.013825121,-2.737186226,28.013825121,-2.737186226,0.000000000,1
3053.195007563,17,17,170,8.570402968,28.013825121,-2.737186226,28.013825121,-2.737186226,0.000000000,1
3054.261329889,17,17,168,8.468523879,28.013825121,-2.737186226,28.013825121,-2.737186226,0.000000000,1
3055.250498295,17,17,166,8.370370848,28.013825121,-2.737186226,28.013825121,-2.737186226,0.000000000,1
3056.339825153,17,17,164,8.268490534,28.013825121,-2.737186226,28.013825121,-2.737186226,0.000000000,1
3057.314746380,17,17,162,8.170336236,28.013825121,-2.737186226,28.013825121,-2.737186226,0.000000000,1
3058.389646053,17,17,160,8.068455728,28.013825121,-2.737186226,28.013825121,-2.737186226,0.000000000,1
3059.423317909,17,17,158,7.970303000,28.013825121,-2.737186226,28.013825121,-2.737186226,0.000000000,1
3060.417808533,17,17,156,7.868426948,28.013825121,-2.737186226,28.013825121,-2.737186226,0.000000000,1
3061.481987000,17,17,154,7.770283575,28.013825121,-2.737186226,28.013825121,-2.737186226,0.000000000,1
3062.505501747,17,17,152,7.668423407,28.013825121,-2.737186226,28.013825121,-2.737186226,0.000000000,1
3063.606561899,17,17,150,7.570309548,28.013825121,-2.737186226,28.013825121,-2.737186226,0.000000000,1
3064.565032721,17,17,148,7.468494282,28.013825121,-2.737186226,28.013825121,-2.737186226,0.000000000,1
3065.613654137,17,17,146,7.371333857,28.013825121,-2.737186226,28.013825121,-2.737186226,0.000000000,1
3066.631280899,17,17,144,7.268766995,28.013825121,-2.737186226,28.013825121,-2.737186226,0.000000000,1
3067.664007187,17,17,142,7.172711606,28.013825121,-2.737186226,28.013825121,-2.737186226,0.000000000,1
3068.700653553,17,17,140,7.071311981,28.013825121,-2.737186226,28.013825121,-2.737186226,0.000000000,1
3069.759429932,17,17,140,7.071311981,28.013825121,-2.737186226,28.013825121,-2.737186226,0.000000000,1
3070.782565117,17,17,138,6.974826361,28.013825121,-2.737186226,28.013825121,-2.737186226,0.000000000,1
3071.803546429,17,17,136,6.884615174,28.013825121,-2.737186226,28.013825121,-2.737186226,0.000000000,1
3072.851241827,17,17,134,6.789148385,28.013825121,-2.737186226,28.013825121,-2.737186226,0.000000000,1
3074.125077963,17,17,133,6.691562469,28.013825121,-2.737186226,28.013825121,-2.737186226,0.000000000,1
3074.923027992,17,17,130,6.594566949,28.013825121,-2.737186226,28.013825121,-2.737186226,0.000000000,1
3076.034264326,17,17,129,6.488495591,28.013825121,-2.737186226,28.013825121,-2.737186226,0.000000000,1
3076.969995260,17,17,126,6.381807374,28.013825121,-2.737186226,28.013825121,-2.737186226,0.000000000,1
3077.999674082,17,17,124,6.304369850,28.013825121,-2.737186226,28.013825121,-2.737186226,0.000000000,1
3079.049462080,17,17,122,6.203852353,28.013825121,-2.737186226,28.013825121,-2.737186226,0.000000000,1
3080.113030434,17,17,120,6.100507112,28.013825121,-2.737186226,28.013825121,-2.737186226,0.000000000,1
3081.151290894,17,17,118,6.001259347,28.013825121,-2.737186226,28.013825121,-2.737186226,0.000000000,1
3082.173359156,17,17,118,5.951392102,28.013825121,-2.737186226,28.013825121,-2.737186226,0.000000000,1
3083.168636084,17,17,115,5.854930872,28.013825121,-2.737186226,28.013825121,-2.737186226,0.000000000,1
3084.175035715,17,17,114,5.753467276,28.013825121,-2.737186226,28.013825121,-2.737186226,0.000000000,1
3085.176078320,17,17,111,5.654884901,28.013825121,-2.737186226,28.013825121,-2.737186226,0.000000000,1
3086.187087059,17,17,109,5.551148364,28.013825121,-2.737186226,28.013825121,-2.737186226,0.000000000,1
3087.266921759,17,17,107,5.438293643,28.013825121,-2.737186226,28.013825121,-2.737186226,0.000000000,1
3088.296020508,17,17,106,5.364812119,28.013825121,-2.737186226,28.013825121,-2.737186226,0.000000000,1
3089.324278593,17,17,102,5.173322094,28.013825121,-2.737186226,28.013825121,-2.737186226,0.000000000,1
3090.346159220,17,17,99,5.062403857,28.013825121,-2.737186226,28.013825121,-2.737186226,0.000000000,1
3091.316030025,17,17,98,4.936244556,28.013825121,-2.737186226,28.013825121,-2.737186226,0.000000000,1
3092.428189039,17,17,98,4.937719696,28.013825121,-2.737186226,28.013825121,-2.737186226,0.000000000,1
3093.388115644,17,17,95,4.837892113,28.013825121,-2.737186226,28.013825121,-2.737186226,0.000000000,1
3094.452675343,17,17,94,4.778701697,28.013825121,-2.737186226,28.013825121,-2.737186226,0.000000000,1
3095.472625256,17,17,94,4.727164197,28.013825121,-2.737186226,28.013825121,-2.737186226,0.000000000,1
3096.504895687,17,17,91,4.606740187,28.013825121,-2.737186226,28.013825121,-2.737186226,0.000000000,1
3097.480444193,17,17,88,4.505571415,28.013825121,-2.737186226,28.013825121,-2.737186226,0.000000000,1
3098.524993896,17,17,86,4.414196418,28.013825121,-2.737186226,28.013825121,-2.737186226,0.000000000,1
3099.591789007,17,17,88,4.476985274,28.013825121,-2.737186226,28.013825121,-2.737186226,0.000000000,1
3100.619870424,17,17,83,4.175104779,28.013825121,-2.737186226,28.013825121,-2.737186226,0.000000000,1
3101.659093380,17,17,83,4.175102933,28.013825121,-2.737186226,28.013825121,-2.737186226,0.000000000,1
3102.699603558,17,17,79,3.982195166,28.013825121,-2.737186226,28.013825121,-2.737186226,0.000000000,1
3103.730526209,17,17,78,3.958633627,28.013825121,-2.737186226,28.013825121,-2.737186226,0.000000000,1
3104.820668459,17,17,75,3.858899090,28.013825121,-2.737186226,28.013825121,-2.737186226,0.000000000,1
3105.805149317,17,17,74,3.756332087,28.013825121,-2.737186226,28.013825121,-2.737186226,0.000000000,1
3107.244381428,17,17,71,3.656674339,28.013825121,-2.737186226,28.013825121,-2.737186226,0.000000000,1
3107.976800919,17,17,70,3.559854374,28.013825121,-2.737186226,28.013825121,-2.737186226,0.000000000,1
3108.898696423,17,17,68,3.465889932,28.013825121,-2.737186226,28.013825121,-2.737186226,0.000000000,1
3109.898411036,17,17,66,3.334689185,28.013825121,-2.737186226,28.013825121,-2.737186226,0.000000000,1
3110.924285173,17,17,63,3.237783258,28.013825121,-2.737186226,28.013825121,-2.737186226,0.000000000,1
3111.979083061,17,17,63,3.204056612,28.013825121,-2.737186226,28.013825121,-2.737186226,0.000000000,1
3113.022123337,17,17,60,3.110648896,28.013825121,-2.737186226,28.013825121,-2.737186226,0.000000000,1
3114.034183979,17,17,60,3.018956053,28.013825121,-2.737186226,28.013825121,-2.737186226,0.000000000,1
3115.043536901,17,17,56,2.867997060,28.013825121,-2.737186226,28.013825121,-2.737186226,0.000000000,1
3116.058253765,17,17,55,2.800524306,28.013825121,-2.737186226,28.013825121,-2.737186226,0.000000000,1
3117.114160538,17,17,55,2.800524306,28.013825121,-2.737186226,28.013825121,-2.737186226,0.000000000,1
3118.145357132,17,17,52,2.698645452,28.013825121,-2.737186226,28.013825121,-2.737186226,0.000000000,1
3119.182828188,17,17,49,2.538055835,28.013825121,-2.737186226,28.013825121,-2.737186226,0.000000000,1
3120.197807074,17,17,49,2.520161781,28.013825121,-2.737186226,28.013825121,-2.737186226,0.000000000,1
3121.212950468,17,17,47,2.429352233,28.013825121,-2.737186226,28.013825121,-2.737186226,0.000000000,1
3122.213459253,17,17,44,2.300804446,28.013825121,-2.737186226,28.013825121,-2.737186226,0.000000000,1
3123.274185419,17,17,41,2.174016288,28.013825121,-2.737186226,28.013825121,-2.737186226,0.000000000,1
3124.294826746,17,17,41,2.133650384,28.013825121,-2.737186226,28.013825121,-2.737186226,0.000000000,1
3125.373409510,17,17,39,2.037055985,28.013825121,-2.737186226,28.013825121,-2.737186226,0.000000000,1
3126.352904081,17,17,36,1.925968216,28.013825121,-2.737186226,28.013825121,-2.737186226,0.000000000,1
3127.383652925,17,17,33,1.795824692,28.013825121,-2.737186226,28.013825121,-2.737186226,0.000000000,1
3128.396274805,17,17,32,1.701284574,28.013825121,-2.737186226,28.013825121,-2.737186226,0.000000000,1
3129.453176260,17,17,32,1.701454682,28.013825121,-2.737186226,28.013825121,-2.737186226,0.000000000,1
3130.465893030,17,17,29,1.574337969,28.013825121,-2.737186226,28.013825121,-2.737186226,0.000000000,1
3131.510750532,17,17,25,1.377012709,28.013825121,-2.737186226,28.013825121,-2.737186226,0.000000000,1
3132.510925770,17,17,24,1.287352422,28.013825121,-2.737186226,28.013825121,-2.737186226,0.000000000,1
3133.546786547,17,17,21,1.183733216,28.013825121,-2.737186226,28.013825121,-2.737186226,0.000000000,1
3134.576778173,17,17,22,1.167904512,28.013825121,-2.737186226,28.013825121,-2.737186226,0.000000000,1
3135.560750484,17,17,22,1.167904512,28.013825121,-2.737186226,28.013825121,-2.737186226,0.000000000,1
3136.630678892,17,17,20,1.072083590,28.013825121,-2.737186226,28.013825121,-2.737186226,0.000000000,1
3137.629768610,17,17,18,0.951956721,28.013825121,-2.737186226,28.013825121,-2.737186226,0.000000000,1
3138.642765760,17,17,18,0.951956721,28.013825121,-2.737186226,28.013825121,-2.737186226,0.000000000,1
3139.667686701,17,17,15,0.856310882,28.013825121,-2.737186226,28.013825121,-2.737186226,0.000000000,1
3140.711589813,17,17,15,0.820440804,28.013825121,-2.737186226,28.013825121,-2.737186226,0.000000000,1
3141.721601248,17,17,13,0.714868099,28.013825121,-2.737186226,28.013825121,-2.737186226,0.000000000,1
3142.758383989,17,17,11,0.618799955,28.013825121,-2.737186226,28.013825121,-2.737186226,0.000000000,1
3143.787772417,17,17,11,0.618799955,28.013825121,-2.737186226,28.013825121,-2.737186226,0.000000000,1
3144.828636885,17,17,11,0.618799955,28.013825121,-2.737186226,28.013825121,-2.737186226,0.000000000,1
3145.831377506,17,17,9,0.500302466,28.013825121,-2.737186226,28.013825121,-2.737186226,0.000000000,1
3146.887374640,17,17,9,0.500302466,28.013825121,-2.737186226,28.013825121,-2.737186226,0.000000000,1
3147.891365767,17,17,9,0.500302466,28.013825121,-2.737186226,28.013825121,-2.737186226,0.000000000,1
3221.941320658,18,18,314,16.151557668,29.513827413,0.837547401,29.513827413,0.837547401,0.000000000,1
3222.873130083,18,18,314,16.151557668,29.513827413,0.837547401,29.513827413,0.837547401,0.000000000,1
3291.337096214,19,19,178,8.924869142,22.113827303,-2.862452654,22.113827303,-2.862452654,0.000000000,1
3292.287651300,19,19,178,8.924869142,22.113827303,-2.862452654,22.113827303,-2.862452654,0.000000000,1
3293.331129313,19,19,178,8.906734464,22.113827303,-2.862452654,22.113827303,-2.862452654,0.000000000,1
3294.326068163,19,19,178,8.906734464,22.113827303,-2.862452654,22.113827303,-2.862452654,0.000000000,1
3295.382392883,19,19,175,8.804931698,22.113827303,-2.862452654,22.113827303,-2.862452654,0.000000000,1
3296.378772736,19,19,173,8.712095967,22.113827303,-2.862452654,22.113827303,-2.862452654,0.000000000,1
3297.473610640,19,19,173,8.712095967,22.113827303,-2.862452654,22.113827303,-2.862452654,0.000000000,1
3298.472929955,19,19,171,8.612068565,22.113827303,-2.862452654,22.113827303,-2.862452654,0.000000000,1
3299.550681114,19,19,169,8.507138505,22.113827303,-2.862452654,22.113827303,-2.862452654,0.000000000,1
3300.551889658,19,19,167,8.410318340,22.113827303,-2.862452654,22.113827303,-2.862452654,0.000000000,1
3301.560155392,19,19,167,8.424459896,22.113827303,-2.862452654,22.113827303,-2.862452654,0.000000000,1
3302.614125013,19,19,167,8.410318340,22.113827303,-2.862452654,22.113827303,-2.862452654,0.000000000,1
3303.694341898,19,19,164,8.245069591,22.113827303,-2.862452654,22.113827303,-2.862452654,0.000000000,1
3304.709317684,19,19,163,8.160546033,22.113827303,-2.862452654,22.113827303,-2.862452654,0.000000000,1
3305.776273727,19,19,163,8.160546033,22.113827303,-2.862452654,22.113827303,-2.862452654,0.000000000,1
3306.814443111,19,19,160,8.044638198,22.113827303,-2.862452654,22.113827303,-2.862452654,0.000000000,1
3307.957614899,19,19,160,8.044638198,22.113827303,-2.862452654,22.113827303,-2.862452654,0.000000000,1
3308.884103060,19,19,159,7.969254043,22.113827303,-2.862452654,22.113827303,-2.862452654,0.000000000,1
3310.007328272,19,19,157,7.904305381,22.113827303,-2.862452654,22.113827303,-2.862452654,0.000000000,1
3310.947830439,19,19,157,7.839558695,22.113827303,-2.862452654,22.113827303,-2.862452654,0.000000000,1
3312.018872499,19,19,157,7.839558695,22.113827303,-2.862452654,22.113827303,-2.862452654,0.000000000,1
3313.078396320,19,19,153,7.688889314,22.113827303,-2.862452654,22.113827303,-2.862452654,0.000000000,1
3314.154361486,19,19,153,7.700582079,22.113827303,-2.862452654,22.113827303,-2.862452654,0.000000000,1
3315.185676575,19,19,152,7.631158514,22.113827303,-2.862452654,22.113827303,-2.862452654,0.000000000,1
3316.205904245,19,19,148,7.481305624,22.113827303,-2.862452654,22.113827303,-2.862452654,0.000000000,1
3317.185153008,19,19,148,7.481305624,22.113827303,-2.862452654,22.113827303,-2.862452654,0.000000000,1
3318.329952717,19,19,148,7.481305624,22.113827303,-2.862452654,22.113827303,-2.862452654,0.000000000,1
3319.250186205,19,19,146,7.338309387,22.113827303,-2.862452654,22.113827303,-2.862452654,0.000000000,1
3320.320017576,19,19,146,7.338309387,22.113827303,-2.862452654,22.113827303,-2.862452654,0.000000000,1
3321.397599459,19,19,144,7.263587334,22.113827303,-2.862452654,22.113827303,-2.862452654,0.000000000,1
3322.431958199,19,19,144,7.206758202,22.113827303,-2.862452654,22.113827303,-2.862452654,0.000000000,1
3323.459594965,19,19,141,7.116636908,22.113827303,-2.862452654,22.113827303,-2.862452654,0.000000000,1
3324.549433708,19,19,140,6.987308081,22.113827303,-2.862452654,22.113827303,-2.862452654,0.000000000,1
3325.519807816,19,19,140,6.987637519,22.113827303,-2.862452654,22.113827303,-2.862452654,0.000000000,1
3326.551827431,19,19,137,6.852500887,22.113827303,-2.862452654,22.113827303,-2.862452654,0.000000000,1
3327.820051670,19,19,136,6.854105131,22.113827303,-2.862452654,22.113827303,-2.862452654,0.000000000,1
3328.686206579,19,19,136,6.800729840,22.113827303,-2.862452654,22.113827303,-2.862452654,0.000000000,1
3329.732060909,19,19,133,6.702450232,22.113827303,-2.862452654,22.113827303,-2.862452654,0.000000000,1
3330.774171591,19,19,133,6.702287419,22.113827303,-2.862452654,22.113827303,-2.862452654,0.000000000,1
3331.767045498,19,19,131,6.583907677,22.113827303,-2.862452654,22.113827303,-2.862452654,0.000000000,1
3332.823405743,19,19,132,6.702114007,22.113827303,-2.862452654,22.113827303,-2.862452654,0.000000000,1
3333.872570753,19,19,131,6.694156155,22.113827303,-2.862452654,22.113827303,-2.862452654,0.000000000,1
3335.020998716,19,19,132,6.697708728,22.113827303,-2.862452654,22.113827303,-2.862452654,0.000000000,1
3335.834408998,19,19,132,6.702114007,22.113827303,-2.862452654,22.113827303,-2.862452654,0.000000000,1
3336.914845705,19,19,131,6.548149061,22.113827303,-2.862452654,22.113827303,-2.862452654,0.000000000,1
3338.006835222,19,19,131,6.553662466,22.113827303,-2.862452654,22.113827303,-2.862452654,0.000000000,1
3339.016211748,19,19,131,6.561839052,22.113827303,-2.862452654,22.113827303,-2.862452654,0.000000000,1
3340.026460409,19,19,131,6.559357669,22.113827303,-2.862452654,22.113827303,-2.862452654,0.000000000,1
3341.041397095,19,19,129,6.466878496,22.113827303,-2.862452654,22.113827303,-2.862452654,0.000000000,1
3342.039597511,19,19,126,6.389382963,22.113827303,-2.862452654,22.113827303,-2.862452654,0.000000000,1
3343.154744387,19,19,126,6.318098019,22.113827303,-2.862452654,22.113827303,-2.862452654,0.000000000,1
3344.203904629,19,19,124,6.198975851,22.113827303,-2.862452654,22.113827303,-2.862452654,0.000000000,1
3345.137232304,19,19,124,6.198804661,22.113827303,-2.862452654,22.113827303,-2.862452654,0.000000000,1
3346.216858149,19,19,119,6.036008809,22.113827303,-2.862452654,22.113827303,-2.862452654,0.000000000,1
3347.208776712,19,19,119,5.956698756,22.113827303,-2.862452654,22.113827303,-2.862452654,0.000000000,1
3348.245212793,19,19,116,5.858643045,22.113827303,-2.862452654,22.113827303,-2.862452654,0.000000000,1
3349.288713455,19,19,113,5.692711003,22.113827303,-2.862452654,22.113827303,-2.862452654,0.000000000,1
3350.334583998,19,19,111,5.595383844,22.113827303,-2.862452654,22.113827303,-2.862452654,0.000000000,1
3351.364254236,19,19,109,5.492801313,22.113827303,-2.862452654,22.113827303,-2.862452654,0.000000000,1
3352.405975580,19,19,107,5.392778643,22.113827303,-2.862452654,22.113827303,-2.862452654,0.000000000,1
3353.419718981,19,19,107,5.392778643,22.113827303,-2.862452654,22.113827303,-2.862452654,0.000000000,1
3354.409204721,19,19,104,5.209294623,22.113827303,-2.862452654,22.113827303,-2.862452654,0.000000000,1
3355.467545271,19,19,104,5.209294623,22.113827303,-2.862452654,22.113827303,-2.862452654,0.000000000,1
3356.460009336,19,19,102,5.084143585,22.113827303,-2.862452654,22.113827303,-2.862452654,0.000000000,1
3357.553116798,19,19,101,5.042442555,22.113827303,-2.862452654,22.113827303,-2.862452654,0.000000000,1
3358.515325069,19,19,97,4.843056836,22.113827303,-2.862452654,22.113827303,-2.862452654,0.000000000,1
3359.564559460,19,19,95,4.768339310,22.113827303,-2.862452654,22.113827303,-2.862452654,0.000000000,1
3360.633819580,19,19,95,4.776672365,22.113827303,-2.862452654,22.113827303,-2.862452654,0.000000000,1
3361.673601151,19,19,93,4.682979204,22.113827303,-2.862452654,22.113827303,-2.862452654,0.000000000,1
3362.683721781,19,19,90,4.540850458,22.113827303,-2.862452654,22.113827303,-2.862452654,0.000000000,1
3363.673475981,19,19,87,4.368133553,22.113827303,-2.862452654,22.113827303,-2.862452654,0.000000000,1
3364.752632618,19,19,85,4.332953908,22.113827303,-2.862452654,22.113827303,-2.862452654,0.000000000,1
3365.755298376,19,19,82,4.149848530,22.113827303,-2.862452654,22.113827303,-2.862452654,0.000000000,1
3366.765242100,19,19,81,4.048882983,22.113827303,-2.862452654,22.113827303,-2.862452654,0.000000000,1
3368.168294191,19,19,78,3.950576442,22.113827303,-2.862452654,22.113827303,-2.862452654,0.000000000,1
3368.844161510,19,19,80,4.030365346,22.113827303,-2.862452654,22.113827303,-2.862452654,0.000000000,1
3369.893799305,19,19,77,3.932840503,22.113827303,-2.862452654,22.113827303,-2.862452654,0.000000000,1
3370.892501354,19,19,75,3.751897507,22.113827303,-2.862452654,22.113827303,-2.862452654,0.000000000,1
3371.906319857,19,19,73,3.645181907,22.113827303,-2.862452654,22.113827303,-2.862452654,0.000000000,1
3372.996625662,19,19,71,3.547334055,22.113827303,-2.862452654,22.113827303,-2.862452654,0.000000000,1
3374.006592512,19,19,69,3.446505904,22.113827303,-2.862452654,22.113827303,-2.862452654,0.000000000,1
3375.044784784,19,19,67,3.350342535,22.113827303,-2.862452654,22.113827303,-2.862452654,0.000000000,1
3376.033876657,19,19,67,3.350342535,22.113827303,-2.862452654,22.113827303,-2.862452654,0.000000000,1
3377.114599228,19,19,65,3.248773827,22.113827303,-2.862452654,22.113827303,-2.862452654,0.000000000,1
3378.137692213,19,19,63,3.153411455,22.113827303,-2.862452654,22.113827303,-2.862452654,0.000000000,1
3379.131816387,19,19,61,3.053164506,22.113827303,-2.862452654,22.113827303,-2.862452654,0.000000000,1
3380.147215366,19,19,59,2.951455080,22.113827303,-2.862452654,22.113827303,-2.862452654,0.000000000,1
3381.226596832,19,19,56,2.821493149,22.113827303,-2.862452654,22.113827303,-2.862452654,0.000000000,1
3382.215423107,19,19,56,2.821493149,22.113827303,-2.862452654,22.113827303,-2.862452654,0.000000000,1
3383.273559809,19,19,53,2.703031472,22.113827303,-2.862452654,22.113827303,-2.862452654,0.000000000,1
3384.321648121,19,19,51,2.558059605,22.113827303,-2.862452654,22.113827303,-2.862452654,0.000000000,1
3385.284161568,19,19,48,2.423735521,22.113827303,-2.862452654,22.113827303,-2.862452654,0.000000000,1
3386.334003210,19,19,47,2.356000118,22.113827303,-2.862452654,22.113827303,-2.862452654,0.000000000,1
3387.363991976,19,19,44,2.211950543,22.113827303,-2.862452654,22.113827303,-2.862452654,0.000000000,1
3388.376562595,19,19,49,2.425090214,22.113827303,-2.862452654,22.113827303,-2.862452654,0.000000000,1
3389.423480272,19,19,40,2.068118072,22.113827303,-2.862452654,22.113827303,-2.862452654,0.000000000,1
3390.444451809,19,19,39,1.966801698,22.113827303,-2.862452654,22.113827303,-2.862452654,0.000000000,1
3391.441817522,19,19,37,1.837415589,22.113827303,-2.862452654,22.113827303,-2.862452654,0.000000000,1
3392.495845556,19,19,36,1.793209723,22.113827303,-2.862452654,22.113827303,-2.862452654,0.000000000,1
3393.498444796,19,19,33,1.672506254,22.113827303,-2.862452654,22.113827303,-2.862452654,0.000000000,1
3394.517003298,19,19,32,1.584577192,22.113827303,-2.862452654,22.113827303,-2.862452654,0.000000000,1
3395.573249102,19,19,29,1.483511584,22.113827303,-2.862452654,22.113827303,-2.862452654,0.000000000,1
3396.594111919,19,19,29,1.483511584,22.113827303,-2.862452654,22.113827303,-2.862452654,0.000000000,1
3397.601739168,19,19,28,1.397148451,22.113827303,-2.862452654,22.113827303,-2.862452654,0.000000000,1
3398.661618233,19,19,26,1.278135426,22.113827303,-2.862452654,22.113827303,-2.862452654,0.000000000,1
3399.675869226,19,19,24,1.166493291,22.113827303,-2.862452654,22.113827303,-2.862452654,0.000000000,1
3400.703015089,19,19,24,1.208983052,22.113827303,-2.862452654,22.113827303,-2.862452654,0.000000000,1
3401.709244013,19,19,22,1.070095090,22.113827303,-2.862452654,22.113827303,-2.862452654,0.000000000,1
3402.777008295,19,19,18,0.947488323,22.113827303,-2.862452654,22.113827303,-2.862452654,0.000000000,1
3403.812518358,19,19,20,1.020529533,22.113827303,-2.862452654,22.113827303,-2.862452654,0.000000000,1
3404.837634802,19,19,18,0.920963769,22.113827303,-2.862452654,22.113827303,-2.862452654,0.000000000,1
3405.853419781,19,19,16,0.799877536,22.113827303,-2.862452654,22.113827303,-2.862452654,0.000000000,1
3406.849056721,19,19,18,0.895990150,22.113827303,-2.862452654,22.113827303,-2.862452654,0.000000000,1
3407.891301632,19,19,14,0.681428137,22.113827303,-2.862452654,22.113827303,-2.862452654,0.000000000,1
3408.951352358,19,19,12,0.659796862,22.113827303,-2.862452654,22.113827303,-2.862452654,0.000000000,1
3409.929704428,19,19,13,0.659810878,22.113827303,-2.862452654,22.113827303,-2.862452654,0.000000000,1
3410.965260267,19,19,11,0.559811300,22.113827303,-2.862452654,22.113827303,-2.862452654,0.000000000,1
3412.206642628,19,19,11,0.559811300,22.113827303,-2.862452654,22.113827303,-2.862452654,0.000000000,1
3413.074333668,19,19,9,0.459812969,22.113827303,-2.862452654,22.113827303,-2.862452654,0.000000000,1
3414.088699818,19,19,9,0.459812969,22.113827303,-2.862452654,22.113827303,-2.862452654,0.000000000,1
3415.110451937,19,19,10,0.474426401,22.113827303,-2.862452654,22.113827303,-2.862452654,0.000000000,1
3483.678411245,20,20,181,9.243253482,16.713827222,-8.745250052,16.713827222,-8.745250052,0.000000000,1
3484.598594666,20,20,181,9.243253482,16.713827222,-8.745250052,16.713827222,-8.745250052,0.000000000,1
3485.619432926,20,20,181,9.243253482,16.713827222,-8.745250052,16.713827222,-8.745250052,0.000000000,1
3486.704001904,20,20,184,9.191049695,16.713827222,-8.745250052,16.713827222,-8.745250052,0.000000000,1
3487.720450640,20,20,179,9.006467180,16.713827222,-8.745250052,16.713827222,-8.745250052,0.000000000,1
3488.765645504,20,20,179,9.006467180,16.713827222,-8.745250052,16.713827222,-8.745250052,0.000000000,1
3489.817174911,20,20,176,8.957367500,16.713827222,-8.745250052,16.713827222,-8.745250052,0.000000000,1
3490.900098085,20,20,176,8.957367500,16.713827222,-8.745250052,16.713827222,-8.745250052,0.000000000,1
3491.928870201,20,20,176,8.957367500,16.713827222,-8.745250052,16.713827222,-8.745250052,0.000000000,1
3492.969510555,20,20,176,8.957367500,16.713827222,-8.745250052,16.713827222,-8.745250052,0.000000000,1
3494.011471272,20,20,176,8.957367500,16.713827222,-8.745250052,16.713827222,-8.745250052,0.000000000,1
3495.153395891,20,20,176,8.957367500,16.713827222,-8.745250052,16.713827222,-8.745250052,0.000000000,1
3496.145619869,20,20,173,8.826204368,16.713827222,-8.745250052,16.713827222,-8.745250052,0.000000000,1
3497.091673374,20,20,173,8.826204368,16.713827222,-8.745250052,16.713827222,-8.745250052,0.000000000,1
3498.164358616,20,20,173,8.689810220,16.713827222,-8.745250052,16.713827222,-8.745250052,0.000000000,1
3499.228762627,20,20,171,8.663142248,16.713827222,-8.745250052,16.713827222,-8.745250052,0.000000000,1
3500.292404413,20,20,171,8.527533167,16.713827222,-8.745250052,16.713827222,-8.745250052,0.000000000,1
3501.238008022,20,20,166,8.459864444,16.713827222,-8.745250052,16.713827222,-8.745250052,0.000000000,1
3502.314848423,20,20,166,8.319182120,16.713827222,-8.745250052,16.713827222,-8.745250052,0.000000000,1
3503.363995790,20,20,161,8.260952801,16.713827222,-8.745250052,16.713827222,-8.745250052,0.000000000,1
3504.381457329,20,20,157,8.051868256,16.713827222,-8.745250052,16.713827222,-8.745250052,0.000000000,1
3505.494066954,20,20,157,8.051868256,16.713827222,-8.745250052,16.713827222,-8.745250052,0.000000000,1
3506.521721601,20,20,153,7.853219517,16.713827222,-8.745250052,16.713827222,-8.745250052,0.000000000,1
3507.504325151,20,20,155,7.752886302,16.713827222,-8.745250052,16.713827222,-8.745250052,0.000000000,1
3508.569134712,20,20,155,7.752886302,16.713827222,-8.745250052,16.713827222,-8.745250052,0.000000000,1
3509.628465652,20,20,152,7.660872116,16.713827222,-8.745250052,16.713827222,-8.745250052,0.000000000,1
3510.802301884,20,20,147,7.555075615,16.713827222,-8.745250052,16.713827222,-8.745250052,0.000000000,1
3511.737709045,20,20,148,7.429989877,16.713827222,-8.745250052,16.713827222,-8.745250052,0.000000000,1
3512.770112276,20,20,147,7.351743404,16.713827222,-8.745250052,16.713827222,-8.745250052,0.000000000,1
3513.971542597,20,20,144,7.252072344,16.713827222,-8.745250052,16.713827222,-8.745250052,0.000000000,1
3514.857007742,20,20,139,7.157385109,16.713827222,-8.745250052,16.713827222,-8.745250052,0.000000000,1
3516.181483269,20,20,141,7.228149881,16.713827222,-8.745250052,16.713827222,-8.745250052,0.000000000,1
3516.938209772,20,20,140,7.036766026,16.713827222,-8.745250052,16.713827222,-8.745250052,0.000000000,1
3517.988127947,20,20,137,6.997486554,16.713827222,-8.745250052,16.713827222,-8.745250052,0.000000000,1
3519.016877413,20,20,136,6.840136881,16.713827222,-8.745250052,16.713827222,-8.745250052,0.000000000,1
3520.105532408,20,20,135,6.863373135,16.713827222,-8.745250052,16.713827222,-8.745250052,0.000000000,1
3521.143212557,20,20,130,6.685593440,16.713827222,-8.745250052,16.713827222,-8.745250052,0.000000000,1
3522.152505636,20,20,132,6.571370778,16.713827222,-8.745250052,16.713827222,-8.745250052,0.000000000,1
3523.226760626,20,20,129,6.497917317,16.713827222,-8.745250052,16.713827222,-8.745250052,0.000000000,1
3524.180835247,20,20,127,6.411726544,16.713827222,-8.745250052,16.713827222,-8.745250052,0.000000000,1
3525.257719517,20,20,125,6.285422922,16.713827222,-8.745250052,16.713827222,-8.745250052,0.000000000,1
3526.274866104,20,20,125,6.367865298,16.713827222,-8.745250052,16.713827222,-8.745250052,0.000000000,1
3527.264578104,20,20,124,6.206908199,16.713827222,-8.745250052,16.713827222,-8.745250052,0.000000000,1
3528.401421785,20,20,118,6.068622069,16.713827222,-8.745250052,16.713827222,-8.745250052,0.000000000,1
3529.381822586,20,20,120,6.003737917,16.713827222,-8.745250052,16.713827222,-8.745250052,0.000000000,1
3530.374412537,20,20,114,5.878325189,16.713827222,-8.745250052,16.713827222,-8.745250052,0.000000000,1
3531.473116159,20,20,114,5.814317827,16.713827222,-8.745250052,16.713827222,-8.745250052,0.000000000,1
3532.441241980,20,20,114,5.714073867,16.713827222,-8.745250052,16.713827222,-8.745250052,0.000000000,1
3533.446826696,20,20,112,5.607497074,16.713827222,-8.745250052,16.713827222,-8.745250052,0.000000000,1
3534.551578999,20,20,106,5.470799988,16.713827222,-8.745250052,16.713827222,-8.745250052,0.000000000,1
3535.516032934,20,20,108,5.393018583,16.713827222,-8.745250052,16.713827222,-8.745250052,0.000000000,1
3536.507271528,20,20,102,5.278771668,16.713827222,-8.745250052,16.713827222,-8.745250052,0.000000000,1
3537.583660603,20,20,102,5.278772051,16.713827222,-8.745250052,16.713827222,-8.745250052,0.000000000,1
3538.585846663,20,20,101,5.161066166,16.713827222,-8.745250052,16.713827222,-8.745250052,0.000000000,1
3539.681652546,20,20,96,5.024419092,16.713827222,-8.745250052,16.713827222,-8.745250052,0.000000000,1
3540.632897139,20,20,94,4.934627468,16.713827222,-8.745250052,16.713827222,-8.745250052,0.000000000,1
3541.724600077,20,20,94,4.810236112,16.713827222,-8.745250052,16.713827222,-8.745250052,0.000000000,1
3542.744699001,20,20,94,4.810788130,16.713827222,-8.745250052,16.713827222,-8.745250052,0.000000000,1
3543.750638723,20,20,90,4.666277316,16.713827222,-8.745250052,16.713827222,-8.745250052,0.000000000,1
3544.830838919,20,20,89,4.539997473,16.713827222,-8.745250052,16.713827222,-8.745250052,0.000000000,1
3545.871254683,20,20,86,4.381017657,16.713827222,-8.745250052,16.713827222,-8.745250052,0.000000000,1
3546.919988394,20,20,86,4.381017657,16.713827222,-8.745250052,16.713827222,-8.745250052,0.000000000,1
3547.916360140,20,20,83,4.240894591,16.713827222,-8.745250052,16.713827222,-8.745250052,0.000000000,1
3548.986316681,20,20,81,4.149111591,16.713827222,-8.745250052,16.713827222,-8.745250052,0.000000000,1
3549.985064983,20,20,81,4.149111591,16.713827222,-8.745250052,16.713827222,-8.745250052,0.000000000,1
3551.003720760,20,20,79,4.020090447,16.713827222,-8.745250052,16.713827222,-8.745250052,0.000000000,1
3552.043334007,20,20,77,3.929077906,16.713827222,-8.745250052,16.713827222,-8.745250052,0.000000000,1
3553.036234856,20,20,75,3.836539700,16.713827222,-8.745250052,16.713827222,-8.745250052,0.000000000,1
3554.083391666,20,20,74,3.800873328,16.713827222,-8.745250052,16.713827222,-8.745250052,0.000000000,1
3555.104976654,20,20,72,3.704029094,16.713827222,-8.745250052,16.713827222,-8.745250052,0.000000000,1
3556.153354883,20,20,70,3.607231355,16.713827222,-8.745250052,16.713827222,-8.745250052,0.000000000,1
3557.168874264,20,20,68,3.511992804,16.713827222,-8.745250052,16.713827222,-8.745250052,0.000000000,1
3558.175152302,20,20,66,3.386367565,16.713827222,-8.745250052,16.713827222,-8.745250052,0.000000000,1
3559.209559917,20,20,66,3.386367565,16.713827222,-8.745250052,16.713827222,-8.745250052,0.000000000,1
3560.269198895,20,20,64,3.290652226,16.713827222,-8.745250052,16.713827222,-8.745250052,0.000000000,1
3561.289625406,20,20,62,3.195547277,16.713827222,-8.745250052,16.713827222,-8.745250052,0.000000000,1
3562.308583975,20,20,60,3.100966077,16.713827222,-8.745250052,16.713827222,-8.745250052,0.000000000,1
3563.361498833,20,20,60,3.100966077,16.713827222,-8.745250052,16.713827222,-8.745250052,0.000000000,1
3564.442422390,20,20,56,2.988780853,16.713827222,-8.745250052,16.713827222,-8.745250052,0.000000000,1
3565.403903484,20,20,54,2.893038160,16.713827222,-8.745250052,16.713827222,-8.745250052,0.000000000,1
3566.446405888,20,20,52,2.798028903,16.713827222,-8.745250052,16.713827222,-8.745250052,0.000000000,1
3567.457284212,20,20,50,2.703510276,16.713827222,-8.745250052,16.713827222,-8.745250052,0.000000000,1
3568.493792772,20,20,49,2.609728612,16.713827222,-8.745250052,16.713827222,-8.745250052,0.000000000,1
3569.508026600,20,20,49,2.562088918,16.713827222,-8.745250052,16.713827222,-8.745250052,0.000000000,1
3570.524242878,20,20,48,2.468307254,16.713827222,-8.745250052,16.713827222,-8.745250052,0.000000000,1
3571.580863953,20,20,46,2.375043652,16.713827222,-8.745250052,16.713827222,-8.745250052,0.000000000,1
3572.617681265,20,20,44,2.282520365,16.713827222,-8.745250052,16.713827222,-8.745250052,0.000000000,1
3573.647762537,20,20,42,2.190639047,16.713827222,-8.745250052,16.713827222,-8.745250052,0.000000000,1
3574.623733521,20,20,41,2.152319501,16.713827222,-8.745250052,16.713827222,-8.745250052,0.000000000,1
3575.664262533,20,20,39,2.059307701,16.713827222,-8.745250052,16.713827222,-8.745250052,0.000000000,1
3576.738536358,20,20,38,1.967210270,16.713827222,-8.745250052,16.713827222,-8.745250052,0.000000000,1
3577.765977621,20,20,36,1.875942899,16.713827222,-8.745250052,16.713827222,-8.745250052,0.000000000,1
3578.768454552,20,20,33,1.743761674,16.713827222,-8.745250052,16.713827222,-8.745250052,0.000000000,1
3579.861155987,20,20,31,1.652165110,16.713827222,-8.745250052,16.713827222,-8.745250052,0.000000000,1
3580.876897097,20,20,31,1.652165110,16.713827222,-8.745250052,16.713827222,-8.745250052,0.000000000,1
3582.128684998,20,20,29,1.561673359,16.713827222,-8.745250052,16.713827222,-8.745250052,0.000000000,1
3582.905117989,20,20,27,1.428638321,16.713827222,-8.745250052,16.713827222,-8.745250052,0.000000000,1
3583.910111189,20,20,25,1.337821302,16.713827222,-8.745250052,16.713827222,-8.745250052,0.000000000,1
3584.956549883,20,20,25,1.337821302,16.713827222,-8.745250052,16.713827222,-8.745250052,0.000000000,1
3586.030691624,20,20,22,1.204884753,16.713827222,-8.745250052,16.713827222,-8.745250052,0.000000000,1
3587.000619173,20,20,20,1.113565330,16.713827222,-8.745250052,16.713827222,-8.745250052,0.000000000,1
3588.042514324,20,20,20,1.113565330,16.713827222,-8.745250052,16.713827222,-8.745250052,0.000000000,1
3589.099489689,20,20,19,1.023848109,16.713827222,-8.745250052,16.713827222,-8.745250052,0.000000000,1
3590.140228748,20,20,16,0.888502127,16.713827222,-8.745250052,16.713827222,-8.745250052,0.000000000,1
3591.152893543,20,20,16,0.888502127,16.713827222,-8.745250052,16.713827222,-8.745250052,0.000000000,1
3592.155520916,20,20,14,0.798877253,16.713827222,-8.745250052,16.713827222,-8.745250052,0.000000000,1
3593.191131353,20,20,14,0.798877253,16.713827222,-8.745250052,16.713827222,-8.745250052,0.000000000,1
3594.196092367,20,20,13,0.755735188,16.713827222,-8.745250052,16.713827222,-8.745250052,0.000000000,1
3595.204559803,20,20,11,0.662876767,16.713827222,-8.745250052,16.713827222,-8.745250052,0.000000000,1
3596.267939806,20,20,11,0.662876767,16.713827222,-8.745250052,16.713827222,-8.745250052,0.000000000,1
3597.271573782,20,20,10,0.574398339,16.713827222,-8.745250052,16.713827222,-8.745250052,0.000000000,1
3598.302942753,20,20,9,0.530431779,16.713827222,-8.745250052,16.713827222,-8.745250052,0.000000000,1
3599.350833416,20,20,9,0.530431779,16.713827222,-8.745250052,16.713827222,-8.745250052,0.000000000,1
3600.342661619,20,20,7,0.436784082,16.713827222,-8.745250052,16.713827222,-8.745250052,0.000000000,1
3601.373547554,20,20,7,0.436784082,16.713827222,-8.745250052,16.713827222,-8.745250052,0.000000000,1
3672.701713800,21,21,229,11.517535355,14.913827195,-4.645249991,14.913827195,-4.645249991,0.000000000,1
3673.650252819,21,21,229,11.517535355,14.913827195,-4.645249991,14.913827195,-4.645249991,0.000000000,1
3674.731460810,21,21,229,11.517535355,14.913827195,-4.645249991,14.913827195,-4.645249991,0.000000000,1
3675.815803289,21,21,226,11.410248390,14.913827195,-4.645249991,14.913827195,-4.645249991,0.000000000,1
3676.788209677,21,21,226,11.410248390,14.913827195,-4.645249991,14.913827195,-4.645249991,0.000000000,1
3677.796264410,21,21,225,11.316351518,14.913827195,-4.645249991,14.913827195,-4.645249991,0.000000000,1
3678.928402185,21,21,225,11.313616064,14.913827195,-4.645249991,14.913827195,-4.645249991,0.000000000,1
3679.867372036,21,21,223,11.240065490,14.913827195,-4.645249991,14.913827195,-4.645249991,0.000000000,1
3680.924593687,21,21,219,11.153247332,14.913827195,-4.645249991,14.913827195,-4.645249991,0.000000000,1
3681.967471600,21,21,218,11.099467324,14.913827195,-4.645249991,14.913827195,-4.645249991,0.000000000,1
3682.990550518,21,21,218,11.099694989,14.913827195,-4.645249991,14.913827195,-4.645249991,0.000000000,1
3684.097463846,21,21,218,10.969160393,14.913827195,-4.645249991,14.913827195,-4.645249991,0.000000000,1
3685.132611275,21,21,218,10.966868359,14.913827195,-4.645249991,14.913827195,-4.645249991,0.000000000,1
3686.252731323,21,21,214,10.899608385,14.913827195,-4.645249991,14.913827195,-4.645249991,0.000000000,1
3687.216960192,21,21,212,10.758132899,14.913827195,-4.645249991,14.913827195,-4.645249991,0.000000000,1
3688.264233351,21,21,211,10.749346582,14.913827195,-4.645249991,14.913827195,-4.645249991,0.000000000,1
3689.342410564,21,21,211,10.704776923,14.913827195,-4.645249991,14.913827195,-4.645249991,0.000000000,1
3690.259973288,21,21,212,10.672762561,14.913827195,-4.645249991,14.913827195,-4.645249991,0.000000000,1
3691.316784620,21,21,208,10.560359965,14.913827195,-4.645249991,14.913827195,-4.645249991,0.000000000,1
3692.413884878,21,21,207,10.551237353,14.913827195,-4.645249991,14.913827195,-4.645249991,0.000000000,1
3693.424770117,21,21,207,10.418692845,14.913827195,-4.645249991,14.913827195,-4.645249991,0.000000000,1
3694.463527441,21,21,209,10.430571126,14.913827195,-4.645249991,14.913827195,-4.645249991,0.000000000,1
3695.431253195,21,21,203,10.343787190,14.913827195,-4.645249991,14.913827195,-4.645249991,0.000000000,1
3696.469653368,21,21,204,10.356623430,14.913827195,-4.645249991,14.913827195,-4.645249991,0.000000000,1
3697.560050726,21,21,204,10.217903392,14.913827195,-4.645249991,14.913827195,-4.645249991,0.000000000,1
3698.588116169,21,21,200,10.107400229,14.913827195,-4.645249991,14.913827195,-4.645249991,0.000000000,1
3699.614888906,21,21,201,10.121554857,14.913827195,-4.645249991,14.913827195,-4.645249991,0.000000000,1
3700.698940992,21,21,201,10.041494702,14.913827195,-4.645249991,14.913827195,-4.645249991,0.000000000,1
3701.640311718,21,21,201,10.041494702,14.913827195,-4.645249991,14.913827195,-4.645249991,0.000000000,1
3702.717823267,21,21,197,9.949376331,14.913827195,-4.645249991,14.913827195,-4.645249991,0.000000000,1
3703.747202158,21,21,197,9.834737746,14.913827195,-4.645249991,14.913827195,-4.645249991,0.000000000,1
3704.739111423,21,21,195,9.818419375,14.913827195,-4.645249991,14.913827195,-4.645249991,0.000000000,1
3705.766320944,21,21,191,9.741137204,14.913827195,-4.645249991,14.913827195,-4.645249991,0.000000000,1
3706.786274672,21,21,191,9.741137204,14.913827195,-4.645249991,14.913827195,-4.645249991,0.000000000,1
3707.847650528,21,21,191,9.618115171,14.913827195,-4.645249991,14.913827195,-4.645249991,0.000000000,1
3708.926681519,21,21,191,9.618115171,14.913827195,-4.645249991,14.913827195,-4.645249991,0.000000000,1
3709.927138805,21,21,189,9.513674143,14.913827195,-4.645249991,14.913827195,-4.645249991,0.000000000,1
3710.918749571,21,21,187,9.452929337,14.913827195,-4.645249991,14.913827195,-4.645249991,0.000000000,1
3711.985108376,21,21,184,9.402207785,14.913827195,-4.645249991,14.913827195,-4.645249991,0.000000000,1
3712.978832960,21,21,183,9.314305286,14.913827195,-4.645249991,14.913827195,-4.645249991,0.000000000,1
3714.097632170,21,21,183,9.314305286,14.913827195,-4.645249991,14.913827195,-4.645249991,0.000000000,1
3715.045333624,21,21,181,9.203836652,14.913827195,-4.645249991,14.913827195,-4.645249991,0.000000000,1
3716.081964731,21,21,182,9.176585150,14.913827195,-4.645249991,14.913827195,-4.645249991,0.000000000,1
3717.069137573,21,21,178,9.080909569,14.913827195,-4.645249991,14.913827195,-4.645249991,0.000000000,1
3718.223871708,21,21,178,8.968948871,14.913827195,-4.645249991,14.913827195,-4.645249991,0.000000000,1
3719.242130041,21,21,178,8.968948871,14.913827195,-4.645249991,14.913827195,-4.645249991,0.000000000,1
3720.272298098,21,21,175,8.930922971,14.913827195,-4.645249991,14.913827195,-4.645249991,0.000000000,1
3721.299212694,21,21,175,8.930922971,14.913827195,-4.645249991,14.913827195,-4.645249991,0.000000000,1
3722.417947531,21,21,172,8.798229845,14.913827195,-4.645249991,14.913827195,-4.645249991,0.000000000,1
3723.314299107,21,21,173,8.754422604,14.913827195,-4.645249991,14.913827195,-4.645249991,0.000000000,1
3724.359875917,21,21,173,8.639028275,14.913827195,-4.645249991,14.913827195,-4.645249991,0.000000000,1
3725.344565868,21,21,169,8.538410176,14.913827195,-4.645249991,14.913827195,-4.645249991,0.000000000,1
3726.476942778,21,21,169,8.538410176,14.913827195,-4.645249991,14.913827195,-4.645249991,0.000000000,1
3727.462214470,21,21,168,8.484843787,14.913827195,-4.645249991,14.913827195,-4.645249991,0.000000000,1
3728.508625507,21,21,167,8.425027864,14.913827195,-4.645249991,14.913827195,-4.645249991,0.000000000,1
3729.567898512,21,21,165,8.344220203,14.913827195,-4.645249991,14.913827195,-4.645249991,0.000000000,1
3730.622442245,21,21,163,8.235187714,14.913827195,-4.645249991,14.913827195,-4.645249991,0.000000000,1
3731.582572937,21,21,163,8.235187714,14.913827195,-4.645249991,14.913827195,-4.645249991,0.000000000,1
3732.622890949,21,21,161,8.147753531,14.913827195,-4.645249991,14.913827195,-4.645249991,0.000000000,1
3733.646322727,21,21,161,8.133919416,14.913827195,-4.645249991,14.913827195,-4.645249991,0.000000000,1
3734.713480711,21,21,157,8.016692110,14.913827195,-4.645249991,14.913827195,-4.645249991,0.000000000,1
3735.738716364,21,21,157,8.016692110,14.913827195,-4.645249991,14.913827195,-4.645249991,0.000000000,1
3736.804218531,21,21,156,7.963151925,14.913827195,-4.645249991,14.913827195,-4.645249991,0.000000000,1
3737.844582796,21,21,158,7.893350517,14.913827195,-4.645249991,14.913827195,-4.645249991,0.000000000,1
3738.857406855,21,21,153,7.810137915,14.913827195,-4.645249991,14.913827195,-4.645249991,0.000000000,1
3739.903279066,21,21,150,7.712253019,14.913827195,-4.645249991,14.913827195,-4.645249991,0.000000000,1
3740.946852684,21,21,152,7.687536533,14.913827195,-4.645249991,14.913827195,-4.645249991,0.000000000,1
3741.940528631,21,21,149,7.543700270,14.913827195,-4.645249991,14.913827195,-4.645249991,0.000000000,1
3743.000070810,21,21,150,7.498233283,14.913827195,-4.645249991,14.913827195,-4.645249991,0.000000000,1
3744.023957729,21,21,150,7.498233283,14.913827195,-4.645249991,14.913827195,-4.645249991,0.000000000,1
3745.102076054,21,21,146,7.382023398,14.913827195,-4.645249991,14.913827195,-4.645249991,0.000000000,1
3746.176425934,21,21,145,7.418297584,14.913827195,-4.645249991,14.913827195,-4.645249991,0.000000000,1
3747.116258383,21,21,145,7.418297584,14.913827195,-4.645249991,14.913827195,-4.645249991,0.000000000,1
3748.171139717,21,21,142,7.303688986,14.913827195,-4.645249991,14.913827195,-4.645249991,0.000000000,1
3749.191867113,21,21,142,7.192002844,14.913827195,-4.645249991,14.913827195,-4.645249991,0.000000000,1
3750.256716251,21,21,142,7.192002844,14.913827195,-4.645249991,14.913827195,-4.645249991,0.000000000,1
3751.297748089,21,21,137,7.044019315,14.913827195,-4.645249991,14.913827195,-4.645249991,0.000000000,1
3752.330401182,21,21,137,7.044019315,14.913827195,-4.645249991,14.913827195,-4.645249991,0.000000000,1
3753.386074305,21,21,139,6.946771722,14.913827195,-4.645249991,14.913827195,-4.645249991,0.000000000,1
3754.434270382,21,21,133,6.833626195,14.913827195,-4.645249991,14.913827195,-4.645249991,0.000000000,1
3755.436032057,21,21,133,6.833626195,14.913827195,-4.645249991,14.913827195,-4.645249991,0.000000000,1
3756.438997984,21,21,133,6.714826100,14.913827195,-4.645249991,14.913827195,-4.645249991,0.000000000,1
3757.503848314,21,21,133,6.714826100,14.913827195,-4.645249991,14.913827195,-4.645249991,0.000000000,1
3758.523477793,21,21,129,6.628814538,14.913827195,-4.645249991,14.913827195,-4.645249991,0.000000000,1
3759.540590525,21,21,129,6.628814538,14.913827195,-4.645249991,14.913827195,-4.645249991,0.000000000,1
3760.540151834,21,21,129,6.539122175,14.913827195,-4.645249991,14.913827195,-4.645249991,0.000000000,1
3761.716904163,21,21,129,6.539122175,14.913827195,-4.645249991,14.913827195,-4.645249991,0.000000000,1
3762.655413151,21,21,124,6.386478979,14.913827195,-4.645249991,14.913827195,-4.645249991,0.000000000,1
3763.648375273,21,21,124,6.386478979,14.913827195,-4.645249991,14.913827195,-4.645249991,0.000000000,1
3764.711461306,21,21,124,6.288099571,14.913827195,-4.645249991,14.913827195,-4.645249991,0.000000000,1
3765.806125879,21,21,124,6.288099571,14.913827195,-4.645249991,14.913827195,-4.645249991,0.000000000,1
3766.856359482,21,21,121,6.156087328,14.913827195,-4.645249991,14.913827195,-4.645249991,0.000000000,1
3767.893144369,21,21,121,6.156087328,14.913827195,-4.645249991,14.913827195,-4.645249991,0.000000000,1
3768.849635839,21,21,120,6.024073643,14.913827195,-4.645249991,14.913827195,-4.645249991,0.000000000,1
3769.879393101,21,21,117,5.946435777,14.913827195,-4.645249991,14.913827195,-4.645249991,0.000000000,1
3771.052877188,21,21,118,5.935927411,14.913827195,-4.645249991,14.913827195,-4.645249991,0.000000000,1
3771.958720922,21,21,116,5.805342715,14.913827195,-4.645249991,14.913827195,-4.645249991,0.000000000,1
3772.947250843,21,21,116,5.805342715,14.913827195,-4.645249991,14.913827195,-4.645249991,0.000000000,1
3774.086370468,21,21,113,5.744326532,14.913827195,-4.645249991,14.913827195,-4.645249991,0.000000000,1
3775.005189896,21,21,112,5.707673948,14.913827195,-4.645249991,14.913827195,-4.645249991,0.000000000,1
3776.110180616,21,21,110,5.610013932,14.913827195,-4.645249991,14.913827195,-4.645249991,0.000000000,1
3777.140347958,21,21,108,5.516438643,14.913827195,-4.645249991,14.913827195,-4.645249991,0.000000000,1
3778.122562170,21,21,108,5.516438643,14.913827195,-4.645249991,14.913827195,-4.645249991,0.000000000,1
3779.126319647,21,21,106,5.419067884,14.913827195,-4.645249991,14.913827195,-4.645249991,0.000000000,1
3780.222709894,21,21,106,5.413378752,14.913827195,-4.645249991,14.913827195,-4.645249991,0.000000000,1
3781.211295843,21,21,104,5.318091484,14.913827195,-4.645249991,14.913827195,-4.645249991,0.000000000,1
3782.285054207,21,21,102,5.148782174,14.913827195,-4.645249991,14.913827195,-4.645249991,0.000000000,1
3783.276430130,21,21,101,5.051388605,14.913827195,-4.645249991,14.913827195,-4.645249991,0.000000000,1
3784.282565117,21,21,101,5.051388605,14.913827195,-4.645249991,14.913827195,-4.645249991,0.000000000,1
3785.375508785,21,21,99,4.957623864,14.913827195,-4.645249991,14.913827195,-4.645249991,0.000000000,1
3786.462823629,21,21,97,4.860857941,14.913827195,-4.645249991,14.913827195,-4.645249991,0.000000000,1
3787.387607098,21,21,95,4.766337918,14.913827195,-4.645249991,14.913827195,-4.645249991,0.000000000,1
3788.424147606,21,21,95,4.766337918,14.913827195,-4.645249991,14.913827195,-4.645249991,0.000000000,1
3789.500481606,21,21,93,4.673077849,14.913827195,-4.645249991,14.913827195,-4.645249991,0.000000000,1
3790.453010559,21,21,93,4.673077849,14.913827195,-4.645249991,14.913827195,-4.645249991,0.000000000,1
3791.508780479,21,21,91,4.583646002,14.913827195,-4.645249991,14.913827195,-4.645249991,0.000000000,1
3792.540788174,21,21,89,4.486631998,14.913827195,-4.645249991,14.913827195,-4.645249991,0.000000000,1
3793.610431910,21,21,89,4.486631998,14.913827195,-4.645249991,14.913827195,-4.645249991,0.000000000,1
3794.653357506,21,21,87,4.379498092,14.913827195,-4.645249991,14.913827195,-4.645249991,0.000000000,1
3795.648566961,21,21,85,4.282942742,14.913827195,-4.645249991,14.913827195,-4.645249991,0.000000000,1
3796.712991953,21,21,83,4.183458528,14.913827195,-4.645249991,14.913827195,-4.645249991,0.000000000,1
3797.718611240,21,21,83,4.183458528,14.913827195,-4.645249991,14.913827195,-4.645249991,0.000000000,1
3798.825658798,21,21,81,4.085055670,14.913827195,-4.645249991,14.913827195,-4.645249991,0.000000000,1
3799.772599936,21,21,81,4.085055670,14.913827195,-4.645249991,14.913827195,-4.645249991,0.000000000,1
3800.797621727,21,21,79,3.968914522,14.913827195,-4.645249991,14.913827195,-4.645249991,0.000000000,1
3801.884477615,21,21,77,3.867889389,14.913827195,-4.645249991,14.913827195,-4.645249991,0.000000000,1
3802.843997478,21,21,77,3.867889389,14.913827195,-4.645249991,14.913827195,-4.645249991,0.000000000,1
3803.964687586,21,21,77,3.867889389,14.913827195,-4.645249991,14.913827195,-4.645249991,0.000000000,1
3804.974207640,21,21,75,3.769948181,14.913827195,-4.645249991,14.913827195,-4.645249991,0.000000000,1
3805.926628351,21,21,73,3.673247517,14.913827195,-4.645249991,14.913827195,-4.645249991,0.000000000,1
3806.984613657,21,21,69,3.572120734,14.913827195,-4.645249991,14.913827195,-4.645249991,0.000000000,1
3808.055294752,21,21,67,3.472080387,14.913827195,-4.645249991,14.913827195,-4.645249991,0.000000000,1
3809.108979464,21,21,67,3.472080387,14.913827195,-4.645249991,14.913827195,-4.645249991,0.000000000,1
3810.129130602,21,21,65,3.371040272,14.913827195,-4.645249991,14.913827195,-4.645249991,0.000000000,1
3811.069482565,21,21,65,3.371040272,14.913827195,-4.645249991,14.913827195,-4.645249991,0.000000000,1
3812.163723946,21,21,63,3.276096409,14.913827195,-4.645249991,14.913827195,-4.645249991,0.000000000,1
3813.142321825,21,21,61,3.177313681,14.913827195,-4.645249991,14.913827195,-4.645249991,0.000000000,1
3814.192749262,21,21,61,3.177313681,14.913827195,-4.645249991,14.913827195,-4.645249991,0.000000000,1
3815.209010839,21,21,60,3.035892323,14.913827195,-4.645249991,14.913827195,-4.645249991,0.000000000,1
3816.266419411,21,21,60,3.035892323,14.913827195,-4.645249991,14.913827195,-4.645249991,0.000000000,1
3817.270553350,21,21,58,2.937583418,14.913827195,-4.645249991,14.913827195,-4.645249991,0.000000000,1
3818.321002722,21,21,58,2.937583418,14.913827195,-4.645249991,14.913827195,-4.645249991,0.000000000,1
3819.296666622,21,21,56,2.839842143,14.913827195,-4.645249991,14.913827195,-4.645249991,0.000000000,1
3820.390775442,21,21,54,2.742602307,14.913827195,-4.645249991,14.913827195,-4.645249991,0.000000000,1
3821.486322403,21,21,54,2.720002157,14.913827195,-4.645249991,14.913827195,-4.645249991,0.000000000,1
3822.459349155,21,21,52,2.618731428,14.913827195,-4.645249991,14.913827195,-4.645249991,0.000000000,1
3823.487648487,21,21,52,2.618731428,14.913827195,-4.645249991,14.913827195,-4.645249991,0.000000000,1
3824.537489414,21,21,50,2.522219442,14.913827195,-4.645249991,14.913827195,-4.645249991,0.000000000,1
3825.519862890,21,21,50,2.522219442,14.913827195,-4.645249991,14.913827195,-4.645249991,0.000000000,1
3826.564888716,21,21,48,2.428510799,14.913827195,-4.645249991,14.913827195,-4.645249991,0.000000000,1
3827.579057693,21,21,48,2.428510799,14.913827195,-4.645249991,14.913827195,-4.645249991,0.000000000,1
3828.631598473,21,21,46,2.331350286,14.913827195,-4.645249991,14.913827195,-4.645249991,0.000000000,1
3829.678712368,21,21,44,2.321827517,14.913827195,-4.645249991,14.913827195,-4.645249991,0.000000000,1
3830.683248520,21,21,42,2.221840081,14.913827195,-4.645249991,14.913827195,-4.645249991,0.000000000,1
3831.726980209,21,21,42,2.221840081,14.913827195,-4.645249991,14.913827195,-4.645249991,0.000000000,1
3832.818283081,21,21,40,2.126347940,14.913827195,-4.645249991,14.913827195,-4.645249991,0.000000000,1
3833.916689873,21,21,40,2.126347940,14.913827195,-4.645249991,14.913827195,-4.645249991,0.000000000,1
3834.868141174,21,21,40,2.016639215,14.913827195,-4.645249991,14.913827195,-4.645249991,0.000000000,1
3835.854867458,21,21,38,1.919966980,14.913827195,-4.645249991,14.913827195,-4.645249991,0.000000000,1
3836.978503227,21,21,37,1.891058496,14.913827195,-4.645249991,14.913827195,-4.645249991,0.000000000,1
3837.924478769,21,21,35,1.793393073,14.913827195,-4.645249991,14.913827195,-4.645249991,0.000000000,1
3839.017511845,21,21,34,1.701705241,14.913827195,-4.645249991,14.913827195,-4.645249991,0.000000000,1
3840.045307636,21,21,34,1.701705241,14.913827195,-4.645249991,14.913827195,-4.645249991,0.000000000,1
3841.071197033,21,21,34,1.701705241,14.913827195,-4.645249991,14.913827195,-4.645249991,0.000000000,1
3842.099534273,21,21,32,1.604805223,14.913827195,-4.645249991,14.913827195,-4.645249991,0.000000000,1
3843.134044170,21,21,29,1.479159459,14.913827195,-4.645249991,14.913827195,-4.645249991,0.000000000,1
3844.227384090,21,21,27,1.381140867,14.913827195,-4.645249991,14.913827195,-4.645249991,0.000000000,1
3845.275616407,21,21,27,1.381140867,14.913827195,-4.645249991,14.913827195,-4.645249991,0.000000000,1
3846.305572510,21,21,27,1.381140867,14.913827195,-4.645249991,14.913827195,-4.645249991,0.000000000,1
3847.298614979,21,21,25,1.289968485,14.913827195,-4.645249991,14.913827195,-4.645249991,0.000000000,1
3848.349170923,21,21,23,1.193552625,14.913827195,-4.645249991,14.913827195,-4.645249991,0.000000000,1
3849.341835499,21,21,23,1.161010779,14.913827195,-4.645249991,14.913827195,-4.645249991,0.000000000,1
3850.427553654,21,21,21,1.066386358,14.913827195,-4.645249991,14.913827195,-4.645249991,0.000000000,1
3851.411113501,21,21,21,1.066386358,14.913827195,-4.645249991,14.913827195,-4.645249991,0.000000000,1
3852.474728584,21,21,19,0.973681159,14.913827195,-4.645249991,14.913827195,-4.645249991,0.000000000,1
3853.486766815,21,21,19,0.973681159,14.913827195,-4.645249991,14.913827195,-4.645249991,0.000000000,1
3854.564747810,21,21,17,0.883153908,14.913827195,-4.645249991,14.913827195,-4.645249991,0.000000000,1
3855.543238163,21,21,16,0.841674954,14.913827195,-4.645249991,14.913827195,-4.645249991,0.000000000,1
3856.610493422,21,21,14,0.746336790,14.913827195,-4.645249991,14.913827195,-4.645249991,0.000000000,1
3857.644597769,21,21,14,0.746336790,14.913827195,-4.645249991,14.913827195,-4.645249991,0.000000000,1
3858.635311604,21,21,13,0.660980806,14.913827195,-4.645249991,14.913827195,-4.645249991,0.000000000,1
3859.758631468,21,21,13,0.660980806,14.913827195,-4.645249991,14.913827195,-4.645249991,0.000000000,1
3860.779815674,21,21,10,0.524569448,14.913827195,-4.645249991,14.913827195,-4.645249991,0.000000000,1
3861.856799364,21,21,10,0.524569448,14.913827195,-4.645249991,14.913827195,-4.645249991,0.000000000,1
3862.856721163,21,21,8,0.426649272,14.913827195,-4.645249991,14.913827195,-4.645249991,0.000000000,1
3931.295906067,22,22,139,6.934489073,13.013827285,-2.580673396,13.013827285,-2.580673396,0.000000000,1
3932.312061310,22,22,139,6.921648855,13.013827285,-2.580673396,13.013827285,-2.580673396,0.000000000,1
3933.309426069,22,22,139,6.921648855,13.013827285,-2.580673396,13.013827285,-2.580673396,0.000000000,1
3934.370750427,22,22,139,6.921648855,13.013827285,-2.580673396,13.013827285,-2.580673396,0.000000000,1
3935.369067430,22,22,136,6.819331612,13.013827285,-2.580673396,13.013827285,-2.580673396,0.000000000,1
3936.423143387,22,22,136,6.819331612,13.013827285,-2.580673396,13.013827285,-2.580673396,0.000000000,1
3937.455042124,22,22,134,6.718393575,13.013827285,-2.580673396,13.013827285,-2.580673396,0.000000000,1
3938.541508675,22,22,134,6.718393575,13.013827285,-2.580673396,13.013827285,-2.580673396,0.000000000,1
3939.556175232,22,22,134,6.718393575,13.013827285,-2.580673396,13.013827285,-2.580673396,0.000000000,1
3940.591326237,22,22,134,6.718393575,13.013827285,-2.580673396,13.013827285,-2.580673396,0.000000000,1
3941.655779123,22,22,134,6.718393575,13.013827285,-2.580673396,13.013827285,-2.580673396,0.000000000,1
3942.734679937,22,22,134,6.718393575,13.013827285,-2.580673396,13.013827285,-2.580673396,0.000000000,1
3943.738252163,22,22,134,6.718393575,13.013827285,-2.580673396,13.013827285,-2.580673396,0.000000000,1
3944.716737986,22,22,134,6.718393575,13.013827285,-2.580673396,13.013827285,-2.580673396,0.000000000,1
3945.771083117,22,22,134,6.718393575,13.013827285,-2.580673396,13.013827285,-2.580673396,0.000000000,1
3946.936874151,22,22,133,6.626436424,13.013827285,-2.580673396,13.013827285,-2.580673396,0.000000000,1
3947.927452087,22,22,132,6.620570302,13.013827285,-2.580673396,13.013827285,-2.580673396,0.000000000,1
3948.910530806,22,22,131,6.520731788,13.013827285,-2.580673396,13.013827285,-2.580673396,0.000000000,1
3949.897552013,22,22,128,6.418616623,13.013827285,-2.580673396,13.013827285,-2.580673396,0.000000000,1
3950.993811607,22,22,127,6.355644255,13.013827285,-2.580673396,13.013827285,-2.580673396,0.000000000,1
3952.180034161,22,22,122,6.208227983,13.013827285,-2.580673396,13.013827285,-2.580673396,0.000000000,1
3953.039759636,22,22,123,6.154548813,13.013827285,-2.580673396,13.013827285,-2.580673396,0.000000000,1
3954.067471743,22,22,121,6.027087093,13.013827285,-2.580673396,13.013827285,-2.580673396,0.000000000,1
3955.144321203,22,22,122,6.075998900,13.013827285,-2.580673396,13.013827285,-2.580673396,0.000000000,1
3956.189558029,22,22,119,5.966154105,13.013827285,-2.580673396,13.013827285,-2.580673396,0.000000000,1
3957.191774845,22,22,117,5.864428973,13.013827285,-2.580673396,13.013827285,-2.580673396,0.000000000,1
3958.212816715,22,22,114,5.717320522,13.013827285,-2.580673396,13.013827285,-2.580673396,0.000000000,1
3959.263056040,22,22,114,5.695107553,13.013827285,-2.580673396,13.013827285,-2.580673396,0.000000000,1
3960.297161341,22,22,112,5.596319241,13.013827285,-2.580673396,13.013827285,-2.580673396,0.000000000,1
3961.343574286,22,22,109,5.427837999,13.013827285,-2.580673396,13.013827285,-2.580673396,0.000000000,1
3962.382454395,22,22,108,5.396404085,13.013827285,-2.580673396,13.013827285,-2.580673396,0.000000000,1
3963.447003365,22,22,105,5.229001270,13.013827285,-2.580673396,13.013827285,-2.580673396,0.000000000,1
3964.467850447,22,22,106,5.301315219,13.013827285,-2.580673396,13.013827285,-2.580673396,0.000000000,1
3965.492898464,22,22,104,5.195562561,13.013827285,-2.580673396,13.013827285,-2.580673396,0.000000000,1
3966.521381617,22,22,102,5.101646057,13.013827285,-2.580673396,13.013827285,-2.580673396,0.000000000,1
3967.641309738,22,22,99,4.922765095,13.013827285,-2.580673396,13.013827285,-2.580673396,0.000000000,1
3968.593324661,22,22,98,4.901934245,13.013827285,-2.580673396,13.013827285,-2.580673396,0.000000000,1
3969.647203684,22,22,96,4.796124432,13.013827285,-2.580673396,13.013827285,-2.580673396,0.000000000,1
3970.690714598,22,22,94,4.705197274,13.013827285,-2.580673396,13.013827285,-2.580673396,0.000000000,1
3971.723674774,22,22,92,4.607061808,13.013827285,-2.580673396,13.013827285,-2.580673396,0.000000000,1
3972.792886019,22,22,93,4.665714290,13.013827285,-2.580673396,13.013827285,-2.580673396,0.000000000,1
3973.831140995,22,22,91,4.558932438,13.013827285,-2.580673396,13.013827285,-2.580673396,0.000000000,1
3975.216053963,22,22,88,4.386290911,13.013827285,-2.580673396,13.013827285,-2.580673396,0.000000000,1
3976.037628174,22,22,86,4.299919629,13.013827285,-2.580673396,13.013827285,-2.580673396,0.000000000,1
3976.996823311,22,22,84,4.203511854,13.013827285,-2.580673396,13.013827285,-2.580673396,0.000000000,1
3978.022367954,22,22,81,4.033338768,13.013827285,-2.580673396,13.013827285,-2.580673396,0.000000000,1
3979.005721569,22,22,79,3.930630764,13.013827285,-2.580673396,13.013827285,-2.580673396,0.000000000,1
3980.073075771,22,22,77,3.843439363,13.013827285,-2.580673396,13.013827285,-2.580673396,0.000000000,1
3981.114308357,22,22,74,4.022808409,13.013827285,-2.580673396,13.013827285,-2.580673396,0.000000000,1
3982.194411039,22,22,69,3.890020019,13.013827285,-2.580673396,13.013827285,-2.580673396,0.000000000,1
3983.200518370,22,22,69,3.825468198,13.013827285,-2.580673396,13.013827285,-2.580673396,0.000000000,1
3984.221468687,22,22,66,3.649543202,13.013827285,-2.580673396,13.013827285,-2.580673396,0.000000000,1
3985.245364428,22,22,67,3.640673936,13.013827285,-2.580673396,13.013827285,-2.580673396,0.000000000,1
3986.300505400,22,22,62,3.490997851,13.013827285,-2.580673396,13.013827285,-2.580673396,0.000000000,1
3987.303707123,22,22,60,3.395359310,13.013827285,-2.580673396,13.013827285,-2.580673396,0.000000000,1
3988.317960978,22,22,59,3.267960518,13.013827285,-2.580673396,13.013827285,-2.580673396,0.000000000,1
3989.382437944,22,22,56,3.136965860,13.013827285,-2.580673396,13.013827285,-2.580673396,0.000000000,1
3990.398482084,22,22,54,3.009641996,13.013827285,-2.580673396,13.013827285,-2.580673396,0.000000000,1
3991.409112930,22,22,54,2.942221723,13.013827285,-2.580673396,13.013827285,-2.580673396,0.000000000,1
3992.482199669,22,22,52,2.841324807,13.013827285,-2.580673396,13.013827285,-2.580673396,0.000000000,1
3993.500506639,22,22,51,2.794281090,13.013827285,-2.580673396,13.013827285,-2.580673396,0.000000000,1
3994.502990961,22,22,47,2.612412115,13.013827285,-2.580673396,13.013827285,-2.580673396,0.000000000,1
3995.563651800,22,22,47,2.612412115,13.013827285,-2.580673396,13.013827285,-2.580673396,0.000000000,1
3996.606688976,22,22,46,2.580383353,13.013827285,-2.580673396,13.013827285,-2.580673396,0.000000000,1
3997.645879984,22,22,41,2.366085072,13.013827285,-2.580673396,13.013827285,-2.580673396,0.000000000,1
3998.636387587,22,22,41,2.332925804,13.013827285,-2.580673396,13.013827285,-2.580673396,0.000000000,1
3999.654675245,22,22,42,2.243434515,13.013827285,-2.580673396,13.013827285,-2.580673396,0.000000000,1
4000.648495674,22,22,40,2.143286758,13.013827285,-2.580673396,13.013827285,-2.580673396,0.000000000,1
4001.670341253,22,22,38,2.089231253,13.013827285,-2.580673396,13.013827285,-2.580673396,0.000000000,1
4002.721806288,22,22,38,2.089231253,13.013827285,-2.580673396,13.013827285,-2.580673396,0.000000000,1
4003.798259497,22,22,38,2.089231253,13.013827285,-2.580673396,13.013827285,-2.580673396,0.000000000,1
4004.780202389,22,22,33,1.976275268,13.013827285,-2.580673396,13.013827285,-2.580673396,0.000000000,1
4005.851218700,22,22,35,1.924772212,13.013827285,-2.580673396,13.013827285,-2.580673396,0.000000000,1
4006.970386982,22,22,33,1.815252603,13.013827285,-2.580673396,13.013827285,-2.580673396,0.000000000,1
4008.066205978,22,22,33,1.815252603,13.013827285,-2.580673396,13.013827285,-2.580673396,0.000000000,1
4008.930018187,22,22,31,1.710682454,13.013827285,-2.580673396,13.013827285,-2.580673396,0.000000000,1
4009.979998350,22,22,31,1.710682454,13.013827285,-2.580673396,13.013827285,-2.580673396,0.000000000,1
4010.940107107,22,22,29,1.592136092,13.013827285,-2.580673396,13.013827285,-2.580673396,0.000000000,1
4011.961737394,22,22,29,1.626199492,13.013827285,-2.580673396,13.013827285,-2.580673396,0.000000000,1
4013.043415070,22,22,27,1.522963650,13.013827285,-2.580673396,13.013827285,-2.580673396,0.000000000,1
4014.027870417,22,22,25,1.425829740,13.013827285,-2.580673396,13.013827285,-2.580673396,0.000000000,1
4015.081462383,22,22,25,1.425829740,13.013827285,-2.580673396,13.013827285,-2.580673396,0.000000000,1
4016.126589775,22,22,24,1.280348369,13.013827285,-2.580673396,13.013827285,-2.580673396,0.000000000,1
4017.132803202,22,22,24,1.280348369,13.013827285,-2.580673396,13.013827285,-2.580673396,0.000000000,1
4018.147246838,22,22,23,1.182802084,13.013827285,-2.580673396,13.013827285,-2.580673396,0.000000000,1
4019.146080971,22,22,19,1.091471663,13.013827285,-2.580673396,13.013827285,-2.580673396,0.000000000,1
4020.224127769,22,22,19,1.091471663,13.013827285,-2.580673396,13.013827285,-2.580673396,0.000000000,1
4021.253653526,22,22,18,0.978030279,13.013827285,-2.580673396,13.013827285,-2.580673396,0.000000000,1
4022.256780863,22,22,18,0.978030279,13.013827285,-2.580673396,13.013827285,-2.580673396,0.000000000,1
4023.280382395,22,22,18,0.978030279,13.013827285,-2.580673396,13.013827285,-2.580673396,0.000000000,1
4024.318125486,22,22,18,0.978030279,13.013827285,-2.580673396,13.013827285,-2.580673396,0.000000000,1
4025.336656809,22,22,17,0.865626659,13.013827285,-2.580673396,13.013827285,-2.580673396,0.000000000,1
4026.366007566,22,22,17,0.865626659,13.013827285,-2.580673396,13.013827285,-2.580673396,0.000000000,1
4027.390352488,22,22,17,0.865626659,13.013827285,-2.580673396,13.013827285,-2.580673396,0.000000000,1
4028.413478613,22,22,17,0.865626659,13.013827285,-2.580673396,13.013827285,-2.580673396,0.000000000,1
4029.469359398,22,22,15,0.764833534,13.013827285,-2.580673396,13.013827285,-2.580673396,0.000000000,1
4030.470192671,22,22,15,0.764833534,13.013827285,-2.580673396,13.013827285,-2.580673396,0.000000000,1
4031.496849537,22,22,15,0.764833534,13.013827285,-2.580673396,13.013827285,-2.580673396,0.000000000,1
4032.544304132,22,22,15,0.759930412,13.013827285,-2.580673396,13.013827285,-2.580673396,0.000000000,1
4033.549216032,22,22,16,0.820431547,13.013827285,-2.580673396,13.013827285,-2.580673396,0.000000000,1
4034.648481607,22,22,14,0.712516172,13.013827285,-2.580673396,13.013827285,-2.580673396,0.000000000,1
4035.664657831,22,22,14,0.712516172,13.013827285,-2.580673396,13.013827285,-2.580673396,0.000000000,1
4036.728994608,22,22,14,0.712516172,13.013827285,-2.580673396,13.013827285,-2.580673396,0.000000000,1
4037.737643480,22,22,14,0.712516172,13.013827285,-2.580673396,13.013827285,-2.580673396,0.000000000,1
4038.776173353,22,22,14,0.712516172,13.013827285,-2.580673396,13.013827285,-2.580673396,0.000000000,1
4039.827402353,22,22,12,0.617292702,13.013827285,-2.580673396,13.013827285,-2.580673396,0.000000000,1
4041.096755743,22,22,12,0.617292702,13.013827285,-2.580673396,13.013827285,-2.580673396,0.000000000,1
4041.915130138,22,22,12,0.617292702,13.013827285,-2.580673396,13.013827285,-2.580673396,0.000000000,1
4042.918728828,22,22,12,0.590853134,13.013827285,-2.580673396,13.013827285,-2.580673396,0.000000000,1
4043.925697565,22,22,12,0.590853134,13.013827285,-2.580673396,13.013827285,-2.580673396,0.000000000,1
4113.982957602,23,23,849,42.552664814,25.713827474,9.919326790,25.713827474,9.919326790,0.000000000,1
4114.957092285,23,23,849,42.552664814,25.713827474,9.919326790,25.713827474,9.919326790,0.000000000,1
4116.154756546,23,23,849,42.552664814,25.713827474,9.919326790,25.713827474,9.919326790,0.000000000,1
4117.249310017,23,23,849,42.552664814,25.713827474,9.919326790,25.713827474,9.919326790,0.000000000,1
4118.370148897,23,23,849,42.552664814,25.713827474,9.919326790,25.713827474,9.919326790,0.000000000,1
4119.381450176,23,23,849,42.552664814,25.713827474,9.919326790,25.713827474,9.919326790,0.000000000,1
4120.479635954,23,23,846,42.406434674,25.713827474,9.919326790,25.713827474,9.919326790,0.000000000,1
4121.571997643,23,23,846,42.406434674,25.713827474,9.919326790,25.713827474,9.919326790,0.000000000,1
4122.658818722,23,23,846,42.406434674,25.713827474,9.919326790,25.713827474,9.919326790,0.000000000,1
4124.110795736,23,23,846,42.406434674,25.713827474,9.919326790,25.713827474,9.919326790,0.000000000,1
4124.830369711,23,23,844,42.410237053,25.713827474,9.919326790,25.713827474,9.919326790,0.000000000,1
4125.988089323,23,23,844,42.410237053,25.713827474,9.919326790,25.713827474,9.919326790,0.000000000,1
4127.072316170,23,23,844,42.410237053,25.713827474,9.919326790,25.713827474,9.919326790,0.000000000,1
4128.271924257,23,23,844,42.410237053,25.713827474,9.919326790,25.713827474,9.919326790,0.000000000,1
4129.342647552,23,23,844,42.410237053,25.713827474,9.919326790,25.713827474,9.919326790,0.000000000,1
4130.267063618,23,23,844,42.410237053,25.713827474,9.919326790,25.713827474,9.919326790,0.000000000,1
4131.353202105,23,23,844,42.410237053,25.713827474,9.919326790,25.713827474,9.919326790,0.000000000,1
4132.525007248,23,23,844,42.410237053,25.713827474,9.919326790,25.713827474,9.919326790,0.000000000,1
4133.532513142,23,23,844,42.410237053,25.713827474,9.919326790,25.713827474,9.919326790,0.000000000,1
4134.663818121,23,23,844,42.410237053,25.713827474,9.919326790,25.713827474,9.919326790,0.000000000,1
4135.817046165,23,23,844,42.410237053,25.713827474,9.919326790,25.713827474,9.919326790,0.000000000,1
4136.812800646,23,23,844,42.410237053,25.713827474,9.919326790,25.713827474,9.919326790,0.000000000,1
4137.949789047,23,23,844,42.410237053,25.713827474,9.919326790,25.713827474,9.919326790,0.000000000,1
4139.015602589,23,23,844,42.410237053,25.713827474,9.919326790,25.713827474,9.919326790,0.000000000,1
4140.175710201,23,23,844,42.410237053,25.713827474,9.919326790,25.713827474,9.919326790,0.000000000,1
4141.051831245,23,23,844,42.410237053,25.713827474,9.919326790,25.713827474,9.919326790,0.000000000,1
4142.138927937,23,23,844,42.410237053,25.713827474,9.919326790,25.713827474,9.919326790,0.000000000,1
4143.335486650,23,23,844,42.410237053,25.713827474,9.919326790,25.713827474,9.919326790,0.000000000,1
4144.284578085,23,23,852,42.709849907,25.713827474,9.919326790,25.713827474,9.919326790,0.000000000,1
4145.358700752,23,23,852,42.709849907,25.713827474,9.919326790,25.713827474,9.919326790,0.000000000,1
4146.558625937,23,23,852,42.709849907,25.713827474,9.919326790,25.713827474,9.919326790,0.000000000,1
4147.482987642,23,23,852,42.709849907,25.713827474,9.919326790,25.713827474,9.919326790,0.000000000,1
4148.565505743,23,23,838,42.159605691,25.713827474,9.919326790,25.713827474,9.919326790,0.000000000,1
4149.747029305,23,23,838,42.159605691,25.713827474,9.919326790,25.713827474,9.919326790,0.000000000,1
4151.063514233,23,23,839,42.163613926,25.713827474,9.919326790,25.713827474,9.919326790,0.000000000,1
4151.849302769,23,23,835,41.969824075,25.713827474,9.919326790,25.713827474,9.919326790,0.000000000,1
4152.911823988,23,23,835,41.969824075,25.713827474,9.919326790,25.713827474,9.919326790,0.000000000,1
4154.066171408,23,23,836,41.906404063,25.713827474,9.919326790,25.713827474,9.919326790,0.000000000,1
4155.074050188,23,23,833,41.848933090,25.713827474,9.919326790,25.713827474,9.919326790,0.000000000,1
4156.266672850,23,23,833,41.848933090,25.713827474,9.919326790,25.713827474,9.919326790,0.000000000,1
4157.233860493,23,23,836,41.905076291,25.713827474,9.919326790,25.713827474,9.919326790,0.000000000,1
4158.269877911,23,23,830,41.607616293,25.713827474,9.919326790,25.713827474,9.919326790,0.000000000,1
4159.305592299,23,23,827,41.469731112,25.713827474,9.919326790,25.713827474,9.919326790,0.000000000,1
4160.700754881,23,23,830,41.570199961,25.713827474,9.919326790,25.713827474,9.919326790,0.000000000,1
4161.570120335,23,23,830,41.570199961,25.713827474,9.919326790,25.713827474,9.919326790,0.000000000,1
4162.621377945,23,23,821,41.153084786,25.713827474,9.919326790,25.713827474,9.919326790,0.000000000,1
4163.976598024,23,23,821,41.153084786,25.713827474,9.919326790,25.713827474,9.919326790,0.000000000,1
4164.969194651,23,23,820,41.113636201,25.713827474,9.919326790,25.713827474,9.919326790,0.000000000,1
4166.168507338,23,23,820,41.113636201,25.713827474,9.919326790,25.713827474,9.919326790,0.000000000,1
4167.130594254,23,23,815,40.831556862,25.713827474,9.919326790,25.713827474,9.919326790,0.000000000,1
4168.040378094,23,23,815,40.831556862,25.713827474,9.919326790,25.713827474,9.919326790,0.000000000,1
4169.419601917,23,23,814,40.736440054,25.713827474,9.919326790,25.713827474,9.919326790,0.000000000,1
4170.480566502,23,23,814,40.736440054,25.713827474,9.919326790,25.713827474,9.919326790,0.000000000,1
4171.292575121,23,23,815,40.856759936,25.713827474,9.919326790,25.713827474,9.919326790,0.000000000,1
4172.622279882,23,23,809,40.551958167,25.713827474,9.919326790,25.713827474,9.919326790,0.000000000,1
4173.521111727,23,23,811,40.656761421,25.713827474,9.919326790,25.713827474,9.919326790,0.000000000,1
4174.634369135,23,23,811,40.656761421,25.713827474,9.919326790,25.713827474,9.919326790,0.000000000,1
4175.845730782,23,23,805,40.351960275,25.713827474,9.919326790,25.713827474,9.919326790,0.000000000,1
4176.784039974,23,23,807,40.456768383,25.713827474,9.919326790,25.713827474,9.919326790,0.000000000,1
4177.832793236,23,23,801,40.151971986,25.713827474,9.919326790,25.713827474,9.919326790,0.000000000,1
4179.000216722,23,23,803,40.256775071,25.713827474,9.919326790,25.713827474,9.919326790,0.000000000,1
4179.932626963,23,23,797,39.951977872,25.713827474,9.919326790,25.713827474,9.919326790,0.000000000,1
4181.028128386,23,23,799,40.056784842,25.713827474,9.919326790,25.713827474,9.919326790,0.000000000,1
4182.310611486,23,23,799,40.056784842,25.713827474,9.919326790,25.713827474,9.919326790,0.000000000,1
4183.551116228,23,23,794,39.733236513,25.713827474,9.919326790,25.713827474,9.919326790,0.000000000,1
4184.453018665,23,23,795,39.856796016,25.713827474,9.919326790,25.713827474,9.919326790,0.000000000,1
4185.462663651,23,23,790,39.569632540,25.713827474,9.919326790,25.713827474,9.919326790,0.000000000,1
4186.444748878,23,23,791,39.656807096,25.713827474,9.919326790,25.713827474,9.919326790,0.000000000,1
4187.619156361,23,23,786,39.369649608,25.713827474,9.919326790,25.713827474,9.919326790,0.000000000,1
4188.625678778,23,23,786,39.369649608,25.713827474,9.919326790,25.713827474,9.919326790,0.000000000,1
4189.727195263,23,23,787,39.456824387,25.713827474,9.919326790,25.713827474,9.919326790,0.000000000,1
4190.961904287,23,23,782,39.169666381,25.713827474,9.919326790,25.713827474,9.919326790,0.000000000,1
4191.911890745,23,23,783,39.256843315,25.713827474,9.919326790,25.713827474,9.919326790,0.000000000,1
4193.265393019,23,23,783,39.256843315,25.713827474,9.919326790,25.713827474,9.919326790,0.000000000,1
4194.131721735,23,23,780,39.108745024,25.713827474,9.919326790,25.713827474,9.919326790,0.000000000,1
4195.228087187,23,23,780,39.108745024,25.713827474,9.919326790,25.713827474,9.919326790,0.000000000,1
4196.330399513,23,23,774,38.853893825,25.713827474,9.919326790,25.713827474,9.919326790,0.000000000,1
4197.678006649,23,23,776,38.907596661,25.713827474,9.919326790,25.713827474,9.919326790,0.000000000,1
4198.550373316,23,23,776,38.907596661,25.713827474,9.919326790,25.713827474,9.919326790,0.000000000,1
4199.851343393,23,23,770,38.653925940,25.713827474,9.919326790,25.713827474,9.919326790,0.000000000,1
4200.628730774,23,23,768,38.474657726,25.713827474,9.919326790,25.713827474,9.919326790,0.000000000,1
4201.828487635,23,23,766,38.321480241,25.713827474,9.919326790,25.713827474,9.919326790,0.000000000,1
4202.953465462,23,23,766,38.321480241,25.713827474,9.919326790,25.713827474,9.919326790,0.000000000,1
4204.349849224,23,23,764,38.274677489,25.713827474,9.919326790,25.713827474,9.919326790,0.000000000,1
4205.060018301,23,23,763,38.317272987,25.713827474,9.919326790,25.713827474,9.919326790,0.000000000,1
4206.168326139,23,23,760,38.074731401,25.713827474,9.919326790,25.713827474,9.919326790,0.000000000,1
4207.341032743,23,23,759,38.117142962,25.713827474,9.919326790,25.713827474,9.919326790,0.000000000,1
4208.409681559,23,23,756,37.874802842,25.713827474,9.919326790,25.713827474,9.919326790,0.000000000,1
4209.286111355,23,23,754,37.867761891,25.713827474,9.919326790,25.713827474,9.919326790,0.000000000,1
4210.376366854,23,23,751,37.629295608,25.713827474,9.919326790,25.713827474,9.919326790,0.000000000,1
4211.616654396,23,23,751,37.629295608,25.713827474,9.919326790,25.713827474,9.919326790,0.000000000,1
4212.599887848,23,23,745,37.319831646,25.713827474,9.919326790,25.713827474,9.919326790,0.000000000,1
4213.827602863,23,23,741,37.121023097,25.713827474,9.919326790,25.713827474,9.919326790,0.000000000,1
4215.019843817,23,23,741,37.121023097,25.713827474,9.919326790,25.713827474,9.919326790,0.000000000,1
4216.276595831,23,23,734,36.764255978,25.713827474,9.919326790,25.713827474,9.919326790,0.000000000,1
4216.988056898,23,23,736,36.869267667,25.713827474,9.919326790,25.713827474,9.919326790,0.000000000,1
4218.044135094,23,23,729,36.604536587,25.713827474,9.919326790,25.713827474,9.919326790,0.000000000,1
4219.208513737,23,23,726,36.475017127,25.713827474,9.919326790,25.713827474,9.919326790,0.000000000,1
4220.256029367,23,23,733,36.716623158,25.713827474,9.919326790,25.713827474,9.919326790,0.000000000,1
4221.534935951,23,23,725,36.405741624,25.713827474,9.919326790,25.713827474,9.919326790,0.000000000,1
4222.491879463,23,23,726,36.364411929,25.713827474,9.919326790,25.713827474,9.919326790,0.000000000,1
4223.512595654,23,23,722,36.258050896,25.713827474,9.919326790,25.713827474,9.919326790,0.000000000,1
4224.628161669,23,23,720,36.092530146,25.713827474,9.919326790,25.713827474,9.919326790,0.000000000,1
4225.768496752,23,23,721,36.131822527,25.713827474,9.919326790,25.713827474,9.919326790,0.000000000,1
4226.789253950,23,23,717,36.015599092,25.713827474,9.919326790,25.713827474,9.919326790,0.000000000,1
4228.056904554,23,23,716,35.875778712,25.713827474,9.919326790,25.713827474,9.919326790,0.000000000,1
4229.160640955,23,23,713,35.794391055,25.713827474,9.919326790,25.713827474,9.919326790,0.000000000,1
4230.139086008,23,23,715,35.814059170,25.713827474,9.919326790,25.713827474,9.919326790,0.000000000,1
4231.203016996,23,23,713,35.696976598,25.713827474,9.919326790,25.713827474,9.919326790,0.000000000,1
4232.300058126,23,23,709,35.511919918,25.713827474,9.919326790,25.713827474,9.919326790,0.000000000,1
4233.344331980,23,23,704,35.356068373,25.713827474,9.919326790,25.713827474,9.919326790,0.000000000,1
4234.349630594,23,23,704,35.356068373,25.713827474,9.919326790,25.713827474,9.919326790,0.000000000,1
4235.580438375,23,23,704,35.295128324,25.713827474,9.919326790,25.713827474,9.919326790,0.000000000,1
4236.542290211,23,23,703,35.238096165,25.713827474,9.919326790,25.713827474,9.919326790,0.000000000,1
4237.569200277,23,23,701,35.144492507,25.713827474,9.919326790,25.713827474,9.919326790,0.000000000,1
4238.849326611,23,23,699,35.029681792,25.713827474,9.919326790,25.713827474,9.919326790,0.000000000,1
4239.868819714,23,23,694,34.847179875,25.713827474,9.919326790,25.713827474,9.919326790,0.000000000,1
4240.900228977,23,23,694,34.847179875,25.713827474,9.919326790,25.713827474,9.919326790,0.000000000,1
4241.946707010,23,23,692,34.787553612,25.713827474,9.919326790,25.713827474,9.919326790,0.000000000,1
4243.353203058,23,23,693,34.728780750,25.713827474,9.919326790,25.713827474,9.919326790,0.000000000,1
4244.318572521,23,23,695,34.821240007,25.713827474,9.919326790,25.713827474,9.919326790,0.000000000,1
4245.244602919,23,23,691,34.632748781,25.713827474,9.919326790,25.713827474,9.919326790,0.000000000,1
4246.488310575,23,23,688,34.477264526,25.713827474,9.919326790,25.713827474,9.919326790,0.000000000,1
4247.563101053,23,23,685,34.310535232,25.713827474,9.919326790,25.713827474,9.919326790,0.000000000,1
4248.800838709,23,23,684,34.274270502,25.713827474,9.919326790,25.713827474,9.919326790,0.000000000,1
4249.823614597,23,23,683,34.217220348,25.713827474,9.919326790,25.713827474,9.919326790,0.000000000,1
4250.989452362,23,23,677,34.023385163,25.713827474,9.919326790,25.713827474,9.919326790,0.000000000,1
4251.954128742,23,23,676,33.898031704,25.713827474,9.919326790,25.713827474,9.919326790,0.000000000,1
4253.167688131,23,23,675,33.824193629,25.713827474,9.919326790,25.713827474,9.919326790,0.000000000,1
4254.348826885,23,23,672,33.670742627,25.713827474,9.919326790,25.713827474,9.919326790,0.000000000,1
4255.158528566,23,23,670,33.573785801,25.713827474,9.919326790,25.713827474,9.919326790,0.000000000,1
4256.393279076,23,23,668,33.470747635,25.713827474,9.919326790,25.713827474,9.919326790,0.000000000,1
4257.210478067,23,23,667,33.425162045,25.713827474,9.919326790,25.713827474,9.919326790,0.000000000,1
4258.443044662,23,23,665,33.337271680,25.713827474,9.919326790,25.713827474,9.919326790,0.000000000,1
4259.347397804,23,23,663,33.225169880,25.713827474,9.919326790,25.713827474,9.919326790,0.000000000,1
4260.410814762,23,23,661,33.137280892,25.713827474,9.919326790,25.713827474,9.919326790,0.000000000,1
4261.672520876,23,23,661,33.137280892,25.713827474,9.919326790,25.713827474,9.919326790,0.000000000,1
4262.718534708,23,23,659,33.025179867,25.713827474,9.919326790,25.713827474,9.919326790,0.000000000,1
4263.660446167,23,23,656,32.979557040,25.713827474,9.919326790,25.713827474,9.919326790,0.000000000,1
4264.874203205,23,23,656,32.979557040,25.713827474,9.919326790,25.713827474,9.919326790,0.000000000,1
4265.958539724,23,23,657,32.943711576,25.713827474,9.919326790,25.713827474,9.919326790,0.000000000,1
4267.285754681,23,23,652,32.779564824,25.713827474,9.919326790,25.713827474,9.919326790,0.000000000,1
4268.207262754,23,23,651,32.618657874,25.713827474,9.919326790,25.713827474,9.919326790,0.000000000,1
4269.301853895,23,23,649,32.511088754,25.713827474,9.919326790,25.713827474,9.919326790,0.000000000,1
4270.470846653,23,23,647,32.418651345,25.713827474,9.919326790,25.713827474,9.919326790,0.000000000,1
4271.481233597,23,23,645,32.311073000,25.713827474,9.919326790,25.713827474,9.919326790,0.000000000,1
4272.502485275,23,23,643,32.218644447,25.713827474,9.919326790,25.713827474,9.919326790,0.000000000,1
4273.487164736,23,23,640,32.086565915,25.713827474,9.919326790,25.713827474,9.919326790,0.000000000,1
4274.624641895,23,23,638,31.995471918,25.713827474,9.919326790,25.713827474,9.919326790,0.000000000,1
4275.597273588,23,23,638,31.995472031,25.713827474,9.919326790,25.713827474,9.919326790,0.000000000,1
4276.965682507,23,23,634,31.795477915,25.713827474,9.919326790,25.713827474,9.919326790,0.000000000,1
4278.072257042,23,23,634,31.795478006,25.713827474,9.919326790,25.713827474,9.919326790,0.000000000,1
4279.047681808,23,23,632,31.686580880,25.713827474,9.919326790,25.713827474,9.919326790,0.000000000,1
4280.090139627,23,23,630,31.595489226,25.713827474,9.919326790,25.713827474,9.919326790,0.000000000,1
4281.195390463,23,23,630,31.595489226,25.713827474,9.919326790,25.713827474,9.919326790,0.000000000,1
4282.323421717,23,23,628,31.486596341,25.713827474,9.919326790,25.713827474,9.919326790,0.000000000,1
4283.366168976,23,23,626,31.395506640,25.713827474,9.919326790,25.713827474,9.919326790,0.000000000,1
4284.286491632,23,23,624,31.286618933,25.713827474,9.919326790,25.713827474,9.919326790,0.000000000,1
4285.594610691,23,23,622,31.195532489,25.713827474,9.919326790,25.713827474,9.919326790,0.000000000,1
4286.549970150,23,23,620,31.086651305,25.713827474,9.919326790,25.713827474,9.919326790,0.000000000,1
4287.562718630,23,23,618,30.995571901,25.713827474,9.919326790,25.713827474,9.919326790,0.000000000,1
4288.646899223,23,23,616,30.886697383,25.713827474,9.919326790,25.713827474,9.919326790,0.000000000,1
4289.796212912,23,23,614,30.795778407,25.713827474,9.919326790,25.713827474,9.919326790,0.000000000,1
4290.658218622,23,23,612,30.686762164,25.713827474,9.919326790,25.713827474,9.919326790,0.000000000,1
4291.863442421,23,23,612,30.686762164,25.713827474,9.919326790,25.713827474,9.919326790,0.000000000,1
4292.989459753,23,23,608,30.486856439,25.713827474,9.919326790,25.713827474,9.919326790,0.000000000,1
4294.172059059,23,23,606,30.395997947,25.713827474,9.919326790,25.713827474,9.919326790,0.000000000,1
4295.094517708,23,23,612,30.661810488,25.713827474,9.919326790,25.713827474,9.919326790,0.000000000,1
4296.235574484,23,23,609,30.505995786,25.713827474,9.919326790,25.713827474,9.919326790,0.000000000,1
4297.269430399,23,23,608,30.462191427,25.713827474,9.919326790,25.713827474,9.919326790,0.000000000,1
4298.334028482,23,23,604,30.262493691,25.713827474,9.919326790,25.713827474,9.919326790,0.000000000,1
4299.812666416,23,23,601,30.109177783,25.713827474,9.919326790,25.713827474,9.919326790,0.000000000,1
4300.463522673,23,23,600,30.062728547,25.713827474,9.919326790,25.713827474,9.919326790,0.000000000,1
4301.610600471,23,23,597,29.909601086,25.713827474,9.919326790,25.713827474,9.919326790,0.000000000,1
4302.658672333,23,23,596,29.864051481,25.713827474,9.919326790,25.713827474,9.919326790,0.000000000,1
4303.805093765,23,23,596,29.864051481,25.713827474,9.919326790,25.713827474,9.919326790,0.000000000,1
4304.792123556,23,23,593,29.709060557,25.713827474,9.919326790,25.713827474,9.919326790,0.000000000,1
4305.991182089,23,23,592,29.664698330,25.713827474,9.919326790,25.713827474,9.919326790,0.000000000,1
4307.077666283,23,23,589,29.510017425,25.713827474,9.919326790,25.713827474,9.919326790,0.000000000,1
4308.177875996,23,23,589,29.510017425,25.713827474,9.919326790,25.713827474,9.919326790,0.000000000,1
4309.053257704,23,23,588,29.463580035,25.713827474,9.919326790,25.713827474,9.919326790,0.000000000,1
4310.361288548,23,23,585,29.304935982,25.713827474,9.919326790,25.713827474,9.919326790,0.000000000,1
4311.237216711,23,23,584,29.260831450,25.713827474,9.919326790,25.713827474,9.919326790,0.000000000,1
4312.257190943,23,23,581,29.107273377,25.713827474,9.919326790,25.713827474,9.919326790,0.000000000,1
4313.487597704,23,23,580,29.068153399,25.713827474,9.919326790,25.713827474,9.919326790,0.000000000,1
4314.519763708,23,23,577,28.917477900,25.713827474,9.919326790,25.713827474,9.919326790,0.000000000,1
4315.664199114,23,23,577,28.917477900,25.713827474,9.919326790,25.713827474,9.919326790,0.000000000,1
4316.734254599,23,23,576,28.880765391,25.713827474,9.919326790,25.713827474,9.919326790,0.000000000,1
4317.909976959,23,23,573,28.733548394,25.713827474,9.919326790,25.713827474,9.919326790,0.000000000,1
4319.114624500,23,23,573,28.696947423,25.713827474,9.919326790,25.713827474,9.919326790,0.000000000,1
4320.113659382,23,23,573,28.696947423,25.713827474,9.919326790,25.713827474,9.919326790,0.000000000,1
4321.317702293,23,23,570,28.550978201,25.713827474,9.919326790,25.713827474,9.919326790,0.000000000,1
4322.319780350,23,23,569,28.499517005,25.713827474,9.919326790,25.713827474,9.919326790,0.000000000,1
4323.411044121,23,23,565,28.341537677,25.713827474,9.919326790,25.713827474,9.919326790,0.000000000,1
4324.370867252,23,23,564,28.283775122,25.713827474,9.919326790,25.713827474,9.919326790,0.000000000,1
4325.463708401,23,23,561,28.130540998,25.713827474,9.919326790,25.713827474,9.919326790,0.000000000,1
4326.718510628,23,23,560,28.084514943,25.713827474,9.919326790,25.713827474,9.919326790,0.000000000,1
4327.661995173,23,23,560,28.084514943,25.713827474,9.919326790,25.713827474,9.919326790,0.000000000,1
4328.831350327,23,23,557,27.933963209,25.713827474,9.919326790,25.713827474,9.919326790,0.000000000,1
4329.768841505,23,23,557,27.933963209,25.713827474,9.919326790,25.713827474,9.919326790,0.000000000,1
4331.034904003,23,23,556,27.891274321,25.713827474,9.919326790,25.713827474,9.919326790,0.000000000,1
4332.047858238,23,23,553,27.740196593,25.713827474,9.919326790,25.713827474,9.919326790,0.000000000,1
4333.338442087,23,23,554,27.752797538,25.713827474,9.919326790,25.713827474,9.919326790,0.000000000,1
4334.035207987,23,23,546,27.352168749,25.713827474,9.919326790,25.713827474,9.919326790,0.000000000,1
4335.273966551,23,23,550,27.552796985,25.713827474,9.919326790,25.713827474,9.919326790,0.000000000,1
4336.165342569,23,23,550,27.552796985,25.713827474,9.919326790,25.713827474,9.919326790,0.000000000,1
4337.336499691,23,23,542,27.152170782,25.713827474,9.919326790,25.713827474,9.919326790,0.000000000,1
4338.361238480,23,23,546,27.352797318,25.713827474,9.919326790,25.713827474,9.919326790,0.000000000,1
4339.543453217,23,23,538,26.952164785,25.713827474,9.919326790,25.713827474,9.919326790,0.000000000,1
4340.429139137,23,23,542,27.152799463,25.713827474,9.919326790,25.713827474,9.919326790,0.000000000,1
4341.551202297,23,23,534,26.752172057,25.713827474,9.919326790,25.713827474,9.919326790,0.000000000,1
4342.595840693,23,23,538,26.952798685,25.713827474,9.919326790,25.713827474,9.919326790,0.000000000,1
4343.809098721,23,23,530,26.552171192,25.713827474,9.919326790,25.713827474,9.919326790,0.000000000,1
4344.735804319,23,23,534,26.752800019,25.713827474,9.919326790,25.713827474,9.919326790,0.000000000,1
4345.965241194,23,23,526,26.352170544,25.713827474,9.919326790,25.713827474,9.919326790,0.000000000,1
4347.123432636,23,23,530,26.552800541,25.713827474,9.919326790,25.713827474,9.919326790,0.000000000,1
4348.034210920,23,23,522,26.151982753,25.713827474,9.919326790,25.713827474,9.919326790,0.000000000,1
4349.269390583,23,23,526,26.352613863,25.713827474,9.919326790,25.713827474,9.919326790,0.000000000,1
4350.163552046,23,23,518,25.951983481,25.713827474,9.919326790,25.713827474,9.919326790,0.000000000,1
4351.284210205,23,23,522,26.152614345,25.713827474,9.919326790,25.713827474,9.919326790,0.000000000,1
4352.314020634,23,23,514,25.751983341,25.713827474,9.919326790,25.713827474,9.919326790,0.000000000,1
4353.405152321,23,23,518,25.952612394,25.713827474,9.919326790,25.713827474,9.919326790,0.000000000,1
4354.552543879,23,23,518,25.952612394,25.713827474,9.919326790,25.713827474,9.919326790,0.000000000,1
4355.524045944,23,23,510,25.551983452,25.713827474,9.919326790,25.713827474,9.919326790,0.000000000,1
4356.725322485,23,23,514,25.752610141,25.713827474,9.919326790,25.713827474,9.919326790,0.000000000,1
4357.708304644,23,23,506,25.351981323,25.713827474,9.919326790,25.713827474,9.919326790,0.000000000,1
4358.738498211,23,23,510,25.552611441,25.713827474,9.919326790,25.713827474,9.919326790,0.000000000,1
4360.018488169,23,23,502,25.151980878,25.713827474,9.919326790,25.713827474,9.919326790,0.000000000,1
4360.987875223,23,23,506,25.352614444,25.713827474,9.919326790,25.713827474,9.919326790,0.000000000,1
4362.110893011,23,23,498,24.951983085,25.713827474,9.919326790,25.713827474,9.919326790,0.000000000,1
4363.182782888,23,23,498,24.951983085,25.713827474,9.919326790,25.713827474,9.919326790,0.000000000,1
4364.096575975,23,23,502,25.152615131,25.713827474,9.919326790,25.713827474,9.919326790,0.000000000,1
4365.187070608,23,23,494,24.751983500,25.713827474,9.919326790,25.713827474,9.919326790,0.000000000,1
4366.321247816,23,23,498,24.952614509,25.713827474,9.919326790,25.713827474,9.919326790,0.000000000,1
4367.260032415,23,23,490,24.551979539,25.713827474,9.919326790,25.713827474,9.919326790,0.000000000,1
4368.412135124,23,23,490,24.551979539,25.713827474,9.919326790,25.713827474,9.919326790,0.000000000,1
4369.434603214,23,23,494,24.752612008,25.713827474,9.919326790,25.713827474,9.919326790,0.000000000,1
4370.603695869,23,23,486,24.351980160,25.713827474,9.919326790,25.713827474,9.919326790,0.000000000,1
4371.732256413,23,23,490,24.552612448,25.713827474,9.919326790,25.713827474,9.919326790,0.000000000,1
4372.628887653,23,23,482,24.151981926,25.713827474,9.919326790,25.713827474,9.919326790,0.000000000,1
4373.882126808,23,23,486,24.352612170,25.713827474,9.919326790,25.713827474,9.919326790,0.000000000,1
4374.814184666,23,23,486,24.352612170,25.713827474,9.919326790,25.713827474,9.919326790,0.000000000,1
4375.888073921,23,23,478,23.951981929,25.713827474,9.919326790,25.713827474,9.919326790,0.000000000,1
4376.983236074,23,23,482,24.152612413,25.713827474,9.919326790,25.713827474,9.919326790,0.000000000,1
4378.169328928,23,23,474,23.751981012,25.713827474,9.919326790,25.713827474,9.919326790,0.000000000,1
4379.116305590,23,23,478,23.952612334,25.713827474,9.919326790,25.713827474,9.919326790,0.000000000,1
4380.113867521,23,23,470,23.551983102,25.713827474,9.919326790,25.713827474,9.919326790,0.000000000,1
4381.326855659,23,23,474,23.752611983,25.713827474,9.919326790,25.713827474,9.919326790,0.000000000,1
4382.618072987,23,23,466,23.351983517,25.713827474,9.919326790,25.713827474,9.919326790,0.000000000,1
4383.512261629,23,23,470,23.552602542,25.713827474,9.919326790,25.713827474,9.919326790,0.000000000,1
4384.514612913,23,23,470,23.552592762,25.713827474,9.919326790,25.713827474,9.919326790,0.000000000,1
4385.675525665,23,23,462,23.151972761,25.713827474,9.919326790,25.713827474,9.919326790,0.000000000,1
4386.594338894,23,23,466,23.352603126,25.713827474,9.919326790,25.713827474,9.919326790,0.000000000,1
4387.678275585,23,23,458,22.951971204,25.713827474,9.919326790,25.713827474,9.919326790,0.000000000,1
4388.748106718,23,23,462,23.152607170,25.713827474,9.919326790,25.713827474,9.919326790,0.000000000,1
4389.900922060,23,23,462,23.152600636,25.713827474,9.919326790,25.713827474,9.919326790,0.000000000,1
4390.949856758,23,23,454,22.751966245,25.713827474,9.919326790,25.713827474,9.919326790,0.000000000,1
4392.028098106,23,23,458,22.952595369,25.713827474,9.919326790,25.713827474,9.919326790,0.000000000,1
4392.954232931,23,23,450,22.551964342,25.713827474,9.919326790,25.713827474,9.919326790,0.000000000,1
4394.101050854,23,23,454,22.752594463,25.713827474,9.919326790,25.713827474,9.919326790,0.000000000,1
4395.296309233,23,23,446,22.351969519,25.713827474,9.919326790,25.713827474,9.919326790,0.000000000,1
4396.159996986,23,23,450,22.552600460,25.713827474,9.919326790,25.713827474,9.919326790,0.000000000,1
4397.352614880,23,23,442,22.151970285,25.713827474,9.919326790,25.713827474,9.919326790,0.000000000,1
4398.283184767,23,23,446,22.352601964,25.713827474,9.919326790,25.713827474,9.919326790,0.000000000,1
4399.445802927,23,23,438,21.951970946,25.713827474,9.919326790,25.713827474,9.919326790,0.000000000,1
4400.339981318,23,23,438,21.951963364,25.713827474,9.919326790,25.713827474,9.919326790,0.000000000,1
4401.513727427,23,23,442,22.152605048,25.713827474,9.919326790,25.713827474,9.919326790,0.000000000,1
4402.568408728,23,23,434,21.751970982,25.713827474,9.919326790,25.713827474,9.919326790,0.000000000,1
4403.591575623,23,23,438,21.952603946,25.713827474,9.919326790,25.713827474,9.919326790,0.000000000,1
4404.704192400,23,23,430,21.551976681,25.713827474,9.919326790,25.713827474,9.919326790,0.000000000,1
4405.739393950,23,23,434,21.752605761,25.713827474,9.919326790,25.713827474,9.919326790,0.000000000,1
4406.842028141,23,23,426,21.351976752,25.713827474,9.919326790,25.713827474,9.919326790,0.000000000,1
4407.901589632,23,23,430,21.552608733,25.713827474,9.919326790,25.713827474,9.919326790,0.000000000,1
4409.135498285,23,23,422,21.151979664,25.713827474,9.919326790,25.713827474,9.919326790,0.000000000,1
4410.088553667,23,23,426,21.352606534,25.713827474,9.919326790,25.713827474,9.919326790,0.000000000,1
4411.044257641,23,23,418,20.951985336,25.713827474,9.919326790,25.713827474,9.919326790,0.000000000,1
4412.126520634,23,23,422,21.152605978,25.713827474,9.919326790,25.713827474,9.919326790,0.000000000,1
4413.156250954,23,23,414,20.751988370,25.713827474,9.919326790,25.713827474,9.919326790,0.000000000,1
4414.257133961,23,23,414,20.751982876,25.713827474,9.919326790,25.713827474,9.919326790,0.000000000,1
4415.341121912,23,23,418,20.952602012,25.713827474,9.919326790,25.713827474,9.919326790,0.000000000,1
4416.381153345,23,23,410,20.551986848,25.713827474,9.919326790,25.713827474,9.919326790,0.000000000,1
4417.477495909,23,23,406,20.363744241,25.713827474,9.919326790,25.713827474,9.919326790,0.000000000,1
4418.364655018,23,23,407,20.402886604,25.713827474,9.919326790,25.713827474,9.919326790,0.000000000,1
4419.569177866,23,23,402,20.163742858,25.713827474,9.919326790,25.713827474,9.919326790,0.000000000,1
4420.617952585,23,23,403,20.202901699,25.713827474,9.919326790,25.713827474,9.919326790,0.000000000,1
4421.613817215,23,23,398,19.963751812,25.713827474,9.919326790,25.713827474,9.919326790,0.000000000,1
4422.884702444,23,23,398,19.963745035,25.713827474,9.919326790,25.713827474,9.919326790,0.000000000,1
4423.702504873,23,23,399,20.002899706,25.713827474,9.919326790,25.713827474,9.919326790,0.000000000,1
4424.937934637,23,23,395,19.802903000,25.713827474,9.919326790,25.713827474,9.919326790,0.000000000,1
4425.838819504,23,23,395,19.802895600,25.713827474,9.919326790,25.713827474,9.919326790,0.000000000,1
4427.000825167,23,23,387,19.520612643,25.713827474,9.919326790,25.713827474,9.919326790,0.000000000,1
4427.971088409,23,23,391,19.602923995,25.713827474,9.919326790,25.713827474,9.919326790,0.000000000,1
4429.187738419,23,23,383,19.320619915,25.713827474,9.919326790,25.713827474,9.919326790,0.000000000,1
4430.135648727,23,23,387,19.402915908,25.713827474,9.919326790,25.713827474,9.919326790,0.000000000,1
4431.177415133,23,23,379,19.120626530,25.713827474,9.919326790,25.713827474,9.919326790,0.000000000,1
4432.200437546,23,23,383,19.202157172,25.713827474,9.919326790,25.713827474,9.919326790,0.000000000,1
4433.216970205,23,23,375,18.920646450,25.713827474,9.919326790,25.713827474,9.919326790,0.000000000,1
4434.208310127,23,23,375,18.920638260,25.713827474,9.919326790,25.713827474,9.919326790,0.000000000,1
4435.338362932,23,23,379,19.002166771,25.713827474,9.919326790,25.713827474,9.919326790,0.000000000,1
4436.500831842,23,23,371,18.720663873,25.713827474,9.919326790,25.713827474,9.919326790,0.000000000,1
4437.472088337,23,23,375,18.802193823,25.713827474,9.919326790,25.713827474,9.919326790,0.000000000,1
4438.547294140,23,23,367,18.520678327,25.713827474,9.919326790,25.713827474,9.919326790,0.000000000,1
4439.743691206,23,23,371,18.602221470,25.713827474,9.919326790,25.713827474,9.919326790,0.000000000,1
4440.698011160,23,23,363,18.320709155,25.713827474,9.919326790,25.713827474,9.919326790,0.000000000,1
4441.692079544,23,23,363,18.320695608,25.713827474,9.919326790,25.713827474,9.919326790,0.000000000,1
4442.713599920,23,23,364,18.344600080,25.713827474,9.919326790,25.713827474,9.919326790,0.000000000,1
4443.849349499,23,23,360,18.170276398,25.713827474,9.919326790,25.713827474,9.919326790,0.000000000,1
4444.801342487,23,23,360,18.144113535,25.713827474,9.919326790,25.713827474,9.919326790,0.000000000,1
4446.181453705,23,23,358,17.987198554,25.713827474,9.919326790,25.713827474,9.919326790,0.000000000,1
4446.899872541,23,23,357,17.912611747,25.713827474,9.919326790,25.713827474,9.919326790,0.000000000,1
4447.964276791,23,23,354,17.787228605,25.713827474,9.919326790,25.713827474,9.919326790,0.000000000,1
4449.036966562,23,23,354,17.787220916,25.713827474,9.919326790,25.713827474,9.919326790,0.000000000,1
4450.127312422,23,23,354,17.758481533,25.713827474,9.919326790,25.713827474,9.919326790,0.000000000,1
4451.218710423,23,23,347,17.528815640,25.713827474,9.919326790,25.713827474,9.919326790,0.000000000,1
4452.173572779,23,23,349,17.530357855,25.713827474,9.919326790,25.713827474,9.919326790,0.000000000,1
4453.205819368,23,23,344,17.341293218,25.713827474,9.919326790,25.713827474,9.919326790,0.000000000,1
4454.242739439,23,23,345,17.330456824,25.713827474,9.919326790,25.713827474,9.919326790,0.000000000,1
4455.282661676,23,23,340,17.170238275,25.713827474,9.919326790,25.713827474,9.919326790,0.000000000,1
4456.495339155,23,23,341,17.117067114,25.713827474,9.919326790,25.713827474,9.919326790,0.000000000,1
4457.406002998,23,23,336,16.952811100,25.713827474,9.919326790,25.713827474,9.919326790,0.000000000,1
4458.505799294,23,23,337,16.945202051,25.713827474,9.919326790,25.713827474,9.919326790,0.000000000,1
4459.586099386,23,23,335,16.808025792,25.713827474,9.919326790,25.713827474,9.919326790,0.000000000,1
4460.575243711,23,23,333,16.706093593,25.713827474,9.919326790,25.713827474,9.919326790,0.000000000,1
4461.566171169,23,23,330,16.647472477,25.713827474,9.919326790,25.713827474,9.919326790,0.000000000,1
4462.728121996,23,23,329,16.535845638,25.713827474,9.919326790,25.713827474,9.919326790,0.000000000,1
4463.772363424,23,23,325,16.411782725,25.713827474,9.919326790,25.713827474,9.919326790,0.000000000,1
4464.848799944,23,23,325,16.411773492,25.713827474,9.919326790,25.713827474,9.919326790,0.000000000,1
4465.882167339,23,23,325,16.316295257,25.713827474,9.919326790,25.713827474,9.919326790,0.000000000,1
4466.900692940,23,23,321,16.195482200,25.713827474,9.919326790,25.713827474,9.919326790,0.000000000,1
4467.994304895,23,23,320,16.091120761,25.713827474,9.919326790,25.713827474,9.919326790,0.000000000,1
4469.174025536,23,23,317,15.993724270,25.713827474,9.919326790,25.713827474,9.919326790,0.000000000,1
4470.175785780,23,23,317,15.942245094,25.713827474,9.919326790,25.713827474,9.919326790,0.000000000,1
4471.080061436,23,23,313,15.792456527,25.713827474,9.919326790,25.713827474,9.919326790,0.000000000,1
4472.244410038,23,23,311,15.737193342,25.713827474,9.919326790,25.713827474,9.919326790,0.000000000,1
4473.304873466,23,23,311,15.620950088,25.713827474,9.919326790,25.713827474,9.919326790,0.000000000,1
4474.343020201,23,23,309,15.516090539,25.713827474,9.919326790,25.713827474,9.919326790,0.000000000,1
4475.364331484,23,23,306,15.381304063,25.713827474,9.919326790,25.713827474,9.919326790,0.000000000,1
4476.353960037,23,23,301,15.220690747,25.713827474,9.919326790,25.713827474,9.919326790,0.000000000,1
4477.452208996,23,23,301,15.191981654,25.713827474,9.919326790,25.713827474,9.919326790,0.000000000,1
4478.563849688,23,23,299,15.103556483,25.713827474,9.919326790,25.713827474,9.919326790,0.000000000,1
4479.601851463,23,23,299,15.101294096,25.713827474,9.919326790,25.713827474,9.919326790,0.000000000,1
4480.668092489,23,23,299,15.040120983,25.713827474,9.919326790,25.713827474,9.919326790,0.000000000,1
4481.751277924,23,23,294,14.854918347,25.713827474,9.919326790,25.713827474,9.919326790,0.000000000,1
4482.860291481,23,23,295,14.801114962,25.713827474,9.919326790,25.713827474,9.919326790,0.000000000,1
4483.879694223,23,23,293,14.730429671,25.713827474,9.919326790,25.713827474,9.919326790,0.000000000,1
4484.885839462,23,23,288,14.548976219,25.713827474,9.919326790,25.713827474,9.919326790,0.000000000,1
4485.993228912,23,23,288,14.548436161,25.713827474,9.919326790,25.713827474,9.919326790,0.000000000,1
4486.981388807,23,23,288,14.466429885,25.713827474,9.919326790,25.713827474,9.919326790,0.000000000,1
4488.084574938,23,23,287,14.406664448,25.713827474,9.919326790,25.713827474,9.919326790,0.000000000,1
4489.010963917,23,23,284,14.260772428,25.713827474,9.919326790,25.713827474,9.919326790,0.000000000,1
4490.015071392,23,23,282,14.194749601,25.713827474,9.919326790,25.713827474,9.919326790,0.000000000,1
4491.120496273,23,23,280,14.056627656,25.713827474,9.919326790,25.713827474,9.919326790,0.000000000,1
4492.218283176,23,23,277,13.942746993,25.713827474,9.919326790,25.713827474,9.919326790,0.000000000,1
4493.191789865,23,23,276,13.859012952,25.713827474,9.919326790,25.713827474,9.919326790,0.000000000,1
4494.220208645,23,23,274,13.776649488,25.713827474,9.919326790,25.713827474,9.919326790,0.000000000,1
4495.248703003,23,23,274,13.770269318,25.713827474,9.919326790,25.713827474,9.919326790,0.000000000,1
4496.346362114,23,23,269,13.604127652,25.713827474,9.919326790,25.713827474,9.919326790,0.000000000,1
4497.352255106,23,23,270,13.570101610,25.713827474,9.919326790,25.713827474,9.919326790,0.000000000,1
4498.325721502,23,23,266,13.448442065,25.713827474,9.919326790,25.713827474,9.919326790,0.000000000,1
4499.422654152,23,23,268,13.494086978,25.713827474,9.919326790,25.713827474,9.919326790,0.000000000,1
4500.420378685,23,23,265,13.347044853,25.713827474,9.919326790,25.713827474,9.919326790,0.000000000,1
4501.424011707,23,23,260,13.154279918,25.713827474,9.919326790,25.713827474,9.919326790,0.000000000,1
4502.499989748,23,23,261,13.139337794,25.713827474,9.919326790,25.713827474,9.919326790,0.000000000,1
4503.603868961,23,23,257,13.028849745,25.713827474,9.919326790,25.713827474,9.919326790,0.000000000,1
4504.588433266,23,23,256,12.957089253,25.713827474,9.919326790,25.713827474,9.919326790,0.000000000,1
4505.670594454,23,23,255,12.805410116,25.713827474,9.919326790,25.713827474,9.919326790,0.000000000,1
4506.685205221,23,23,255,12.805410116,25.713827474,9.919326790,25.713827474,9.919326790,0.000000000,1
4507.773727417,23,23,253,12.743206365,25.713827474,9.919326790,25.713827474,9.919326790,0.000000000,1
4508.794055223,23,23,249,12.516804166,25.713827474,9.919326790,25.713827474,9.919326790,0.000000000,1
4509.946141243,23,23,249,12.516804166,25.713827474,9.919326790,25.713827474,9.919326790,0.000000000,1
4510.983297348,23,23,248,12.451906958,25.713827474,9.919326790,25.713827474,9.919326790,0.000000000,1
4511.946302176,23,23,247,12.399090624,25.713827474,9.919326790,25.713827474,9.919326790,0.000000000,1
4513.011241913,23,23,242,12.177173673,25.713827474,9.919326790,25.713827474,9.919326790,0.000000000,1
4513.975928307,23,23,240,12.076250064,25.713827474,9.919326790,25.713827474,9.919326790,0.000000000,1
4515.136427641,23,23,239,12.010575990,25.713827474,9.919326790,25.713827474,9.919326790,0.000000000,1
4516.069368362,23,23,236,11.881710393,25.713827474,9.919326790,25.713827474,9.919326790,0.000000000,1
4517.179347515,23,23,232,11.752384131,25.713827474,9.919326790,25.713827474,9.919326790,0.000000000,1
4518.199130058,23,23,233,11.700340555,25.713827474,9.919326790,25.713827474,9.919326790,0.000000000,1
4519.272996902,23,23,232,11.677833911,25.713827474,9.919326790,25.713827474,9.919326790,0.000000000,1
4520.272995234,23,23,230,11.570390454,25.713827474,9.919326790,25.713827474,9.919326790,0.000000000,1
4521.360653877,23,23,225,11.411374568,25.713827474,9.919326790,25.713827474,9.919326790,0.000000000,1
4522.432960987,23,23,225,11.411374568,25.713827474,9.919326790,25.713827474,9.919326790,0.000000000,1
4523.471275806,23,23,224,11.262000639,25.713827474,9.919326790,25.713827474,9.919326790,0.000000000,1
4524.474125624,23,23,222,11.158583465,25.713827474,9.919326790,25.713827474,9.919326790,0.000000000,1
4525.502229214,23,23,221,11.112431961,25.713827474,9.919326790,25.713827474,9.919326790,0.000000000,1
4526.550071478,23,23,220,11.050190137,25.713827474,9.919326790,25.713827474,9.919326790,0.000000000,1
4527.600853682,23,23,223,11.234839992,25.713827474,9.919326790,25.713827474,9.919326790,0.000000000,1
4528.674012184,23,23,221,11.206039090,25.713827474,9.919326790,25.713827474,9.919326790,0.000000000,1
4529.740928888,23,23,214,10.764836521,25.713827474,9.919326790,25.713827474,9.919326790,0.000000000,1
4530.783782005,23,23,209,10.527752096,25.713827474,9.919326790,25.713827474,9.919326790,0.000000000,1
4531.833455324,23,23,207,10.407888668,25.713827474,9.919326790,25.713827474,9.919326790,0.000000000,1
4532.833532572,23,23,206,10.375332158,25.713827474,9.919326790,25.713827474,9.919326790,0.000000000,1
4533.873497486,23,23,205,10.321004238,25.713827474,9.919326790,25.713827474,9.919326790,0.000000000,1
4534.873384714,23,23,202,10.194359579,25.713827474,9.919326790,25.713827474,9.919326790,0.000000000,1
4535.945310354,23,23,204,10.238487694,25.713827474,9.919326790,25.713827474,9.919326790,0.000000000,1
4536.991967678,23,23,202,10.117834550,25.713827474,9.919326790,25.713827474,9.919326790,0.000000000,1
4537.999226332,23,23,200,10.011881052,25.713827474,9.919326790,25.713827474,9.919326790,0.000000000,1
4539.091782331,23,23,197,9.900604406,25.713827474,9.919326790,25.713827474,9.919326790,0.000000000,1
4540.078855276,23,23,193,9.796614886,25.713827474,9.919326790,25.713827474,9.919326790,0.000000000,1
4541.164292574,23,23,192,9.665113557,25.713827474,9.919326790,25.713827474,9.919326790,0.000000000,1
4542.208476067,23,23,188,9.574138377,25.713827474,9.919326790,25.713827474,9.919326790,0.000000000,1
4543.166481733,23,23,188,9.491813940,25.713827474,9.919326790,25.713827474,9.919326790,0.000000000,1
4544.312175512,23,23,186,9.455979883,25.713827474,9.919326790,25.713827474,9.919326790,0.000000000,1
4545.271488190,23,23,187,9.397997546,25.713827474,9.919326790,25.713827474,9.919326790,0.000000000,1
4546.310111523,23,23,185,9.322692081,25.713827474,9.919326790,25.713827474,9.919326790,0.000000000,1
4547.369271994,23,23,184,9.257625017,25.713827474,9.919326790,25.713827474,9.919326790,0.000000000,1
4548.378949404,23,23,182,9.169685285,25.713827474,9.919326790,25.713827474,9.919326790,0.000000000,1
4549.476835728,23,23,181,9.115825034,25.713827474,9.919326790,25.713827474,9.919326790,0.000000000,1
4550.422153950,23,23,179,9.014424551,25.713827474,9.919326790,25.713827474,9.919326790,0.000000000,1
4551.489395857,23,23,177,8.914286763,25.713827474,9.919326790,25.713827474,9.919326790,0.000000000,1
4552.585844517,23,23,175,8.908746548,25.713827474,9.919326790,25.713827474,9.919326790,0.000000000,1
4553.524927139,23,23,173,8.809002603,25.713827474,9.919326790,25.713827474,9.919326790,0.000000000,1
4554.639361382,23,23,171,8.709287635,25.713827474,9.919326790,25.713827474,9.919326790,0.000000000,1
4555.827891588,23,23,169,8.609603971,25.713827474,9.919326790,25.713827474,9.919326790,0.000000000,1
4556.709528685,23,23,170,8.567866277,25.713827474,9.919326790,25.713827474,9.919326790,0.000000000,1
4557.665771008,23,23,168,8.468182613,25.713827474,9.919326790,25.713827474,9.919326790,0.000000000,1
4558.748032331,23,23,166,8.368524562,25.713827474,9.919326790,25.713827474,9.919326790,0.000000000,1
4559.799232721,23,23,166,8.368524562,25.713827474,9.919326790,25.713827474,9.919326790,0.000000000,1
4560.788374424,23,23,163,8.215759551,25.713827474,9.919326790,25.713827474,9.919326790,0.000000000,1
4561.829941273,23,23,161,8.118414068,25.713827474,9.919326790,25.713827474,9.919326790,0.000000000,1
4562.845618725,23,23,161,8.118414068,25.713827474,9.919326790,25.713827474,9.919326790,0.000000000,1
4563.954528809,23,23,159,8.020414778,25.713827474,9.919326790,25.713827474,9.919326790,0.000000000,1
4564.946273804,23,23,155,7.913757128,25.713827474,9.919326790,25.713827474,9.919326790,0.000000000,1
4565.893221378,23,23,153,7.815415605,25.713827474,9.919326790,25.713827474,9.919326790,0.000000000,1
4566.986957073,23,23,153,7.815415605,25.713827474,9.919326790,25.713827474,9.919326790,0.000000000,1
4568.043082476,23,23,151,7.717815076,25.713827474,9.919326790,25.713827474,9.919326790,0.000000000,1
4568.975230217,23,23,150,7.576393718,25.713827474,9.919326790,25.713827474,9.919326790,0.000000000,1
4570.004312277,23,23,148,7.478659745,25.713827474,9.919326790,25.713827474,9.919326790,0.000000000,1
4571.041899204,23,23,146,7.382246087,25.713827474,9.919326790,25.713827474,9.919326790,0.000000000,1
4572.100796461,23,23,146,7.382246087,25.713827474,9.919326790,25.713827474,9.919326790,0.000000000,1
4573.075159788,23,23,144,7.262124311,25.713827474,9.919326790,25.713827474,9.919326790,0.000000000,1
4574.128621101,23,23,142,7.162237215,25.713827474,9.919326790,25.713827474,9.919326790,0.000000000,1
4575.138338327,23,23,140,7.064788497,25.713827474,9.919326790,25.713827474,9.919326790,0.000000000,1
4576.183557987,23,23,137,6.938008043,25.713827474,9.919326790,25.713827474,9.919326790,0.000000000,1
4577.263562679,23,23,135,6.838716549,25.713827474,9.919326790,25.713827474,9.919326790,0.000000000,1
4578.296177864,23,23,135,6.838716549,25.713827474,9.919326790,25.713827474,9.919326790,0.000000000,1
4579.344012260,23,23,133,6.740036806,25.713827474,9.919326790,25.713827474,9.919326790,0.000000000,1
4580.330218792,23,23,131,6.641636945,25.713827474,9.919326790,25.713827474,9.919326790,0.000000000,1
4581.349838495,23,23,127,6.534587353,25.713827474,9.919326790,25.713827474,9.919326790,0.000000000,1
4582.474466324,23,23,125,6.436443840,25.713827474,9.919326790,25.713827474,9.919326790,0.000000000,1
4583.426864624,23,23,125,6.436443840,25.713827474,9.919326790,25.713827474,9.919326790,0.000000000,1
4584.509717464,23,23,124,6.338481793,25.713827474,9.919326790,25.713827474,9.919326790,0.000000000,1
4585.518325567,23,23,123,6.197060435,25.713827474,9.919326790,25.713827474,9.919326790,0.000000000,1
4586.538901091,23,23,123,6.197060435,25.713827474,9.919326790,25.713827474,9.919326790,0.000000000,1
4587.585144520,23,23,121,6.099114441,25.713827474,9.919326790,25.713827474,9.919326790,0.000000000,1
4588.624264717,23,23,119,6.001144090,25.713827474,9.919326790,25.713827474,9.919326790,0.000000000,1
4589.653270721,23,23,116,5.883256752,25.713827474,9.919326790,25.713827474,9.919326790,0.000000000,1
4590.681547642,23,23,114,5.783806387,25.713827474,9.919326790,25.713827474,9.919326790,0.000000000,1
4591.697031498,23,23,112,5.684484589,25.713827474,9.919326790,25.713827474,9.919326790,0.000000000,1
4592.735388279,23,23,110,5.552180174,25.713827474,9.919326790,25.713827474,9.919326790,0.000000000,1
4593.737080812,23,23,106,5.357148893,25.713827474,9.919326790,25.713827474,9.919326790,0.000000000,1
4594.781210184,23,23,104,5.259671813,25.713827474,9.919326790,25.713827474,9.919326790,0.000000000,1
4595.801697016,23,23,100,5.154287547,25.713827474,9.919326790,25.713827474,9.919326790,0.000000000,1
4596.819398165,23,23,98,5.054883247,25.713827474,9.919326790,25.713827474,9.919326790,0.000000000,1
4597.948438168,23,23,96,4.960063693,25.713827474,9.919326790,25.713827474,9.919326790,0.000000000,1
4598.884547472,23,23,94,4.867098135,25.713827474,9.919326790,25.713827474,9.919326790,0.000000000,1
4599.891898155,23,23,93,4.725676776,25.713827474,9.919326790,25.713827474,9.919326790,0.000000000,1
4600.914740086,23,23,91,4.627289745,25.713827474,9.919326790,25.713827474,9.919326790,0.000000000,1
4601.969692230,23,23,91,4.627289745,25.713827474,9.919326790,25.713827474,9.919326790,0.000000000,1
4602.972568750,23,23,89,4.527290979,25.713827474,9.919326790,25.713827474,9.919326790,0.000000000,1
4604.003367662,23,23,87,4.428082071,25.713827474,9.919326790,25.713827474,9.919326790,0.000000000,1
4605.051818132,23,23,85,4.309046106,25.713827474,9.919326790,25.713827474,9.919326790,0.000000000,1
4606.066231728,23,23,83,4.210633035,25.713827474,9.919326790,25.713827474,9.919326790,0.000000000,1
4607.085289955,23,23,81,4.115577221,25.713827474,9.919326790,25.713827474,9.919326790,0.000000000,1
4608.171718121,23,23,77,3.898574845,25.713827474,9.919326790,25.713827474,9.919326790,0.000000000,1
4609.121107817,23,23,75,3.799618004,25.713827474,9.919326790,25.713827474,9.919326790,0.000000000,1
4610.139401197,23,23,73,3.703625848,25.713827474,9.919326790,25.713827474,9.919326790,0.000000000,1
4611.166139603,23,23,71,3.606520083,25.713827474,9.919326790,25.713827474,9.919326790,0.000000000,1
4612.185883284,23,23,68,3.484554465,25.713827474,9.919326790,25.713827474,9.919326790,0.000000000,1
4613.254653215,23,23,66,3.384930225,25.713827474,9.919326790,25.713827474,9.919326790,0.000000000,1
4614.278212547,23,23,64,3.286596751,25.713827474,9.919326790,25.713827474,9.919326790,0.000000000,1
4615.286466599,23,23,62,3.188792636,25.713827474,9.919326790,25.713827474,9.919326790,0.000000000,1
4616.311602354,23,23,58,3.078029978,25.713827474,9.919326790,25.713827474,9.919326790,0.000000000,1
4617.345836401,23,23,56,2.980789717,25.713827474,9.919326790,25.713827474,9.919326790,0.000000000,1
4618.346523523,23,23,53,2.793308962,25.713827474,9.919326790,25.713827474,9.919326790,0.000000000,1
4619.409788847,23,23,52,2.651887604,25.713827474,9.919326790,25.713827474,9.919326790,0.000000000,1
4620.436364651,23,23,50,2.555898662,25.713827474,9.919326790,25.713827474,9.919326790,0.000000000,1
4621.440963984,23,23,48,2.461200754,25.713827474,9.919326790,25.713827474,9.919326790,0.000000000,1
4622.452717066,23,23,46,2.372268770,25.713827474,9.919326790,25.713827474,9.919326790,0.000000000,1
4623.483303070,23,23,43,2.241608805,25.713827474,9.919326790,25.713827474,9.919326790,0.000000000,1
4624.498127222,23,23,42,2.146181041,25.713827474,9.919326790,25.713827474,9.919326790,0.000000000,1
4625.554439545,23,23,40,2.058340452,25.713827474,9.919326790,25.713827474,9.919326790,0.000000000,1
4626.566064835,23,23,37,1.927136244,25.713827474,9.919326790,25.713827474,9.919326790,0.000000000,1
4627.589150429,23,23,33,1.744118047,25.713827474,9.919326790,25.713827474,9.919326790,0.000000000,1
4628.599700689,23,23,32,1.648838457,25.713827474,9.919326790,25.713827474,9.919326790,0.000000000,1
4629.637273550,23,23,29,1.516083143,25.713827474,9.919326790,25.713827474,9.919326790,0.000000000,1
4630.678851128,23,23,27,1.429172747,25.713827474,9.919326790,25.713827474,9.919326790,0.000000000,1
4631.727375984,23,23,25,1.332829485,25.713827474,9.919326790,25.713827474,9.919326790,0.000000000,1
4632.760803461,23,23,23,1.200419630,25.713827474,9.919326790,25.713827474,9.919326790,0.000000000,1
4633.785116673,23,23,21,1.111863404,25.713827474,9.919326790,25.713827474,9.919326790,0.000000000,1
4634.847175121,23,23,19,1.025634839,25.713827474,9.919326790,25.713827474,9.919326790,0.000000000,1
4635.833022118,23,23,16,0.890232337,25.713827474,9.919326790,25.713827474,9.919326790,0.000000000,1
4636.854983568,23,23,16,0.890232337,25.713827474,9.919326790,25.713827474,9.919326790,0.000000000,1
4637.881098986,23,23,15,0.805717328,25.713827474,9.919326790,25.713827474,9.919326790,0.000000000,1
4638.915568352,23,23,12,0.667808162,25.713827474,9.919326790,25.713827474,9.919326790,0.000000000,1
4639.921848297,23,23,12,0.667808162,25.713827474,9.919326790,25.713827474,9.919326790,0.000000000,1
4641.036537409,23,23,10,0.563904474,25.713827474,9.919326790,25.713827474,9.919326790,0.000000000,1
4641.978447437,23,23,10,0.563904474,25.713827474,9.919326790,25.713827474,9.919326790,0.000000000,1
4642.996433973,23,23,7,0.426228140,25.713827474,9.919326790,25.713827474,9.919326790,0.000000000,1
4693.508142710,24,24,442,22.188519863,28.610926218,0.896400226,28.610926218,0.896400226,0.000000000,1
4694.404599190,24,24,440,22.078904643,28.610926218,0.896400226,28.610926218,0.896400226,0.000000000,1
4695.467899084,24,24,440,22.078904643,28.610926218,0.896400226,28.610926218,0.896400226,0.000000000,1
4696.445302010,24,24,437,21.952200424,28.610926218,0.896400226,28.610926218,0.896400226,0.000000000,1
4697.541756153,24,24,437,21.952200424,28.610926218,0.896400226,28.610926218,0.896400226,0.000000000,1
4698.528434992,24,24,435,21.831946241,28.610926218,0.896400226,28.610926218,0.896400226,0.000000000,1
4699.600503922,24,24,433,21.755017090,28.610926218,0.896400226,28.610926218,0.896400226,0.000000000,1
4700.648637295,24,24,431,21.658098280,28.610926218,0.896400226,28.610926218,0.896400226,0.000000000,1
4701.720525980,24,24,431,21.658098280,28.610926218,0.896400226,28.610926218,0.896400226,0.000000000,1
4702.732573032,24,24,429,21.550691810,28.610926218,0.896400226,28.610926218,0.896400226,0.000000000,1
4703.732208014,24,24,427,21.444361397,28.610926218,0.896400226,28.610926218,0.896400226,0.000000000,1
4704.820813417,24,24,425,21.330619595,28.610926218,0.896400226,28.610926218,0.896400226,0.000000000,1
4705.810863495,24,24,425,21.330619595,28.610926218,0.896400226,28.610926218,0.896400226,0.000000000,1
4706.920667648,24,24,423,21.255644897,28.610926218,0.896400226,28.610926218,0.896400226,0.000000000,1
4707.974195957,24,24,421,21.158236572,28.610926218,0.896400226,28.610926218,0.896400226,0.000000000,1
4708.949872494,24,24,420,21.062504056,28.610926218,0.896400226,28.610926218,0.896400226,0.000000000,1
4709.938446999,24,24,420,21.062504056,28.610926218,0.896400226,28.610926218,0.896400226,0.000000000,1
4711.048741341,24,24,417,20.953643296,28.610926218,0.896400226,28.610926218,0.896400226,0.000000000,1
4712.049310684,24,24,416,20.870128302,28.610926218,0.896400226,28.610926218,0.896400226,0.000000000,1
4713.066960812,24,24,413,20.718773654,28.610926218,0.896400226,28.610926218,0.896400226,0.000000000,1
4714.168102980,24,24,413,20.718773654,28.610926218,0.896400226,28.610926218,0.896400226,0.000000000,1
4715.196110487,24,24,411,20.641466349,28.610926218,0.896400226,28.610926218,0.896400226,0.000000000,1
4716.261436462,24,24,409,20.548527939,28.610926218,0.896400226,28.610926218,0.896400226,0.000000000,1
4717.254244328,24,24,407,20.455137909,28.610926218,0.896400226,28.610926218,0.896400226,0.000000000,1
4718.292318106,24,24,407,20.455137909,28.610926218,0.896400226,28.610926218,0.896400226,0.000000000,1
4719.364679098,24,24,405,20.349949971,28.610926218,0.896400226,28.610926218,0.896400226,0.000000000,1
4720.365761995,24,24,403,20.222778743,28.610926218,0.896400226,28.610926218,0.896400226,0.000000000,1
4721.370262384,24,24,400,20.108437744,28.610926218,0.896400226,28.610926218,0.896400226,0.000000000,1
4722.445137262,24,24,399,20.029576739,28.610926218,0.896400226,28.610926218,0.896400226,0.000000000,1
4723.452211142,24,24,399,20.029576739,28.610926218,0.896400226,28.610926218,0.896400226,0.000000000,1
4724.488103628,24,24,397,19.938632465,28.610926218,0.896400226,28.610926218,0.896400226,0.000000000,1
4725.508935928,24,24,395,19.842845093,28.610926218,0.896400226,28.610926218,0.896400226,0.000000000,1
4726.543178082,24,24,393,19.723624166,28.610926218,0.896400226,28.610926218,0.896400226,0.000000000,1
4727.548563004,24,24,393,19.723624166,28.610926218,0.896400226,28.610926218,0.896400226,0.000000000,1
4728.608813047,24,24,391,19.636107962,28.610926218,0.896400226,28.610926218,0.896400226,0.000000000,1
4729.647645235,24,24,389,19.537437587,28.610926218,0.896400226,28.610926218,0.896400226,0.000000000,1
4730.770966768,24,24,387,19.450235416,28.610926218,0.896400226,28.610926218,0.896400226,0.000000000,1
4731.767016172,24,24,387,19.450235416,28.610926218,0.896400226,28.610926218,0.896400226,0.000000000,1
4732.739894152,24,24,384,19.280011510,28.610926218,0.896400226,28.610926218,0.896400226,0.000000000,1
4733.768818617,24,24,383,19.223575621,28.610926218,0.896400226,28.610926218,0.896400226,0.000000000,1
4734.808574200,24,24,380,19.102120594,28.610926218,0.896400226,28.610926218,0.896400226,0.000000000,1
4735.952391148,24,24,380,19.102120594,28.610926218,0.896400226,28.610926218,0.896400226,0.000000000,1
4737.016972780,24,24,379,19.022613276,28.610926218,0.896400226,28.610926218,0.896400226,0.000000000,1
4737.989927292,24,24,376,18.908057463,28.610926218,0.896400226,28.610926218,0.896400226,0.000000000,1
4738.971749544,24,24,376,18.908057463,28.610926218,0.896400226,28.610926218,0.896400226,0.000000000,1
4740.163564920,24,24,372,18.712237137,28.610926218,0.896400226,28.610926218,0.896400226,0.000000000,1
4741.036774635,24,24,371,18.614288912,28.610926218,0.896400226,28.610926218,0.896400226,0.000000000,1
4742.136731863,24,24,371,18.615210629,28.610926218,0.896400226,28.610926218,0.896400226,0.000000000,1
4743.097305775,24,24,368,18.508948619,28.610926218,0.896400226,28.610926218,0.896400226,0.000000000,1
4744.254861593,24,24,366,18.392693192,28.610926218,0.896400226,28.610926218,0.896400226,0.000000000,1
4745.214796305,24,24,365,18.346584991,28.610926218,0.896400226,28.610926218,0.896400226,0.000000000,1
4746.249015093,24,24,365,18.346584991,28.610926218,0.896400226,28.610926218,0.896400226,0.000000000,1
4747.259069204,24,24,362,18.175758026,28.610926218,0.896400226,28.610926218,0.896400226,0.000000000,1
4748.343423605,24,24,360,18.076996595,28.610926218,0.896400226,28.610926218,0.896400226,0.000000000,1
4749.348453522,24,24,358,17.984252429,28.610926218,0.896400226,28.610926218,0.896400226,0.000000000,1
4750.399299622,24,24,358,17.984252429,28.610926218,0.896400226,28.610926218,0.896400226,0.000000000,1
4751.469580173,24,24,356,17.898473739,28.610926218,0.896400226,28.610926218,0.896400226,0.000000000,1
4752.460295677,24,24,353,17.731580224,28.610926218,0.896400226,28.610926218,0.896400226,0.000000000,1
4753.482217550,24,24,352,17.693160168,28.610926218,0.896400226,28.610926218,0.896400226,0.000000000,1
4754.491175175,24,24,352,17.693160168,28.610926218,0.896400226,28.610926218,0.896400226,0.000000000,1
4755.520437956,24,24,349,17.555928176,28.610926218,0.896400226,28.610926218,0.896400226,0.000000000,1
4756.601980925,24,24,348,17.480536867,28.610926218,0.896400226,28.610926218,0.896400226,0.000000000,1
4757.592730761,24,24,345,17.343562648,28.610926218,0.896400226,28.610926218,0.896400226,0.000000000,1
4758.614873648,24,24,345,17.343562648,28.610926218,0.896400226,28.610926218,0.896400226,0.000000000,1
4759.722599745,24,24,343,17.258765976,28.610926218,0.896400226,28.610926218,0.896400226,0.000000000,1
4760.681878567,24,24,342,17.171735248,28.610926218,0.896400226,28.610926218,0.896400226,0.000000000,1
4761.771731853,24,24,339,17.027895386,28.610926218,0.896400226,28.610926218,0.896400226,0.000000000,1
4762.782943249,24,24,339,17.027895386,28.610926218,0.896400226,28.610926218,0.896400226,0.000000000,1
4763.889230967,24,24,337,16.950110318,28.610926218,0.896400226,28.610926218,0.896400226,0.000000000,1
4764.991648197,24,24,335,16.847055549,28.610926218,0.896400226,28.610926218,0.896400226,0.000000000,1
4765.991443872,24,24,335,16.847055549,28.610926218,0.896400226,28.610926218,0.896400226,0.000000000,1
4766.987601519,24,24,333,16.744192767,28.610926218,0.896400226,28.610926218,0.896400226,0.000000000,1
4768.021604538,24,24,331,16.641817256,28.610926218,0.896400226,28.610926218,0.896400226,0.000000000,1
4769.050302744,24,24,329,16.539149025,28.610926218,0.896400226,28.610926218,0.896400226,0.000000000,1
4770.124858379,24,24,329,16.539149025,28.610926218,0.896400226,28.610926218,0.896400226,0.000000000,1
4771.154134750,24,24,326,16.390360432,28.610926218,0.896400226,28.610926218,0.896400226,0.000000000,1
4772.158847809,24,24,325,16.350519597,28.610926218,0.896400226,28.610926218,0.896400226,0.000000000,1
4773.304084539,24,24,323,16.223705818,28.610926218,0.896400226,28.610926218,0.896400226,0.000000000,1
4774.303130627,24,24,321,16.134343349,28.610926218,0.896400226,28.610926218,0.896400226,0.000000000,1
4775.365581512,24,24,320,16.087491839,28.610926218,0.896400226,28.610926218,0.896400226,0.000000000,1
4776.385067463,24,24,318,15.983541032,28.610926218,0.896400226,28.610926218,0.896400226,0.000000000,1
4777.397725821,24,24,316,15.894032590,28.610926218,0.896400226,28.610926218,0.896400226,0.000000000,1
4778.483936071,24,24,316,15.894032590,28.610926218,0.896400226,28.610926218,0.896400226,0.000000000,1
4779.520836592,24,24,314,15.811083762,28.610926218,0.896400226,28.610926218,0.896400226,0.000000000,1
4780.492751360,24,24,312,15.699286700,28.610926218,0.896400226,28.610926218,0.896400226,0.000000000,1
4781.555306196,24,24,310,15.601754082,28.610926218,0.896400226,28.610926218,0.896400226,0.000000000,1
4782.624248028,24,24,310,15.601754082,28.610926218,0.896400226,28.610926218,0.896400226,0.000000000,1
4783.661604643,24,24,309,15.543937546,28.610926218,0.896400226,28.610926218,0.896400226,0.000000000,1
4784.725682974,24,24,306,15.388324639,28.610926218,0.896400226,28.610926218,0.896400226,0.000000000,1
4785.762169123,24,24,304,15.290982155,28.610926218,0.896400226,28.610926218,0.896400226,0.000000000,1
4786.786240816,24,24,304,15.290982155,28.610926218,0.896400226,28.610926218,0.896400226,0.000000000,1
4787.821978807,24,24,302,15.191059661,28.610926218,0.896400226,28.610926218,0.896400226,0.000000000,1
4788.820663691,24,24,299,15.058807763,28.610926218,0.896400226,28.610926218,0.896400226,0.000000000,1
4789.915288448,24,24,299,15.058807763,28.610926218,0.896400226,28.610926218,0.896400226,0.000000000,1
4790.966229200,24,24,298,14.977537661,28.610926218,0.896400226,28.610926218,0.896400226,0.000000000,1
4792.191385984,24,24,296,14.874868553,28.610926218,0.896400226,28.610926218,0.896400226,0.000000000,1
4792.965526819,24,24,294,14.787255969,28.610926218,0.896400226,28.610926218,0.896400226,0.000000000,1
4794.046703815,24,24,294,14.787255969,28.610926218,0.896400226,28.610926218,0.896400226,0.000000000,1
4795.045977831,24,24,292,14.699637866,28.610926218,0.896400226,28.610926218,0.896400226,0.000000000,1
4796.213657141,24,24,289,14.516655817,28.610926218,0.896400226,28.610926218,0.896400226,0.000000000,1
4797.121741056,24,24,287,14.444698827,28.610926218,0.896400226,28.610926218,0.896400226,0.000000000,1
4798.137110233,24,24,287,14.444698827,28.610926218,0.896400226,28.610926218,0.896400226,0.000000000,1
4799.186893225,24,24,284,14.307823658,28.610926218,0.896400226,28.610926218,0.896400226,0.000000000,1
4800.215873241,24,24,282,14.204267627,28.610926218,0.896400226,28.610926218,0.896400226,0.000000000,1
4801.288631916,24,24,282,14.204267627,28.610926218,0.896400226,28.610926218,0.896400226,0.000000000,1
4802.336453199,24,24,280,14.089514513,28.610926218,0.896400226,28.610926218,0.896400226,0.000000000,1
4803.396534920,24,24,278,13.997575166,28.610926218,0.896400226,28.610926218,0.896400226,0.000000000,1
4804.335806131,24,24,276,13.899699547,28.610926218,0.896400226,28.610926218,0.896400226,0.000000000,1
4805.367317677,24,24,275,13.862516770,28.610926218,0.896400226,28.610926218,0.896400226,0.000000000,1
4806.401419163,24,24,274,13.809312149,28.610926218,0.896400226,28.610926218,0.896400226,0.000000000,1
4807.440507889,24,24,274,13.809312149,28.610926218,0.896400226,28.610926218,0.896400226,0.000000000,1
4808.484738588,24,24,271,13.635626377,28.610926218,0.896400226,28.610926218,0.896400226,0.000000000,1
4809.574514627,24,24,269,13.545635526,28.610926218,0.896400226,28.610926218,0.896400226,0.000000000,1
4810.647300720,24,24,268,13.502163164,28.610926218,0.896400226,28.610926218,0.896400226,0.000000000,1
4811.623427391,24,24,266,13.409697239,28.610926218,0.896400226,28.610926218,0.896400226,0.000000000,1
4812.686204672,24,24,267,13.440176746,28.610926218,0.896400226,28.610926218,0.896400226,0.000000000,1
4813.707323551,24,24,265,13.350253755,28.610926218,0.896400226,28.610926218,0.896400226,0.000000000,1
4814.746822119,24,24,263,13.217528262,28.610926218,0.896400226,28.610926218,0.896400226,0.000000000,1
4815.791136265,24,24,261,13.121357403,28.610926218,0.896400226,28.610926218,0.896400226,0.000000000,1
4816.868337154,24,24,261,13.121877735,28.610926218,0.896400226,28.610926218,0.896400226,0.000000000,1
4817.867170811,24,24,258,12.980282776,28.610926218,0.896400226,28.610926218,0.896400226,0.000000000,1
4818.991577148,24,24,256,12.887400295,28.610926218,0.896400226,28.610926218,0.896400226,0.000000000,1
4819.917275667,24,24,253,12.731121583,28.610926218,0.896400226,28.610926218,0.896400226,0.000000000,1
4821.006361723,24,24,253,12.731121583,28.610926218,0.896400226,28.610926218,0.896400226,0.000000000,1
4821.974462986,24,24,252,12.682144249,28.610926218,0.896400226,28.610926218,0.896400226,0.000000000,1
4823.043073416,24,24,252,12.682144249,28.610926218,0.896400226,28.610926218,0.896400226,0.000000000,1
4824.110970259,24,24,250,12.565497835,28.610926218,0.896400226,28.610926218,0.896400226,0.000000000,1
4825.156996489,24,24,250,12.565703084,28.610926218,0.896400226,28.610926218,0.896400226,0.000000000,1
4826.149934053,24,24,250,12.565703084,28.610926218,0.896400226,28.610926218,0.896400226,0.000000000,1
4827.140467882,24,24,250,12.565703084,28.610926218,0.896400226,28.610926218,0.896400226,0.000000000,1
4828.234104633,24,24,250,12.565703084,28.610926218,0.896400226,28.610926218,0.896400226,0.000000000,1
4829.292988062,24,24,250,12.565703084,28.610926218,0.896400226,28.610926218,0.896400226,0.000000000,1
4830.266517639,24,24,250,12.565703084,28.610926218,0.896400226,28.610926218,0.896400226,0.000000000,1
4831.312663078,24,24,250,12.565703084,28.610926218,0.896400226,28.610926218,0.896400226,0.000000000,1
4832.362300873,24,24,248,12.500292270,28.610926218,0.896400226,28.610926218,0.896400226,0.000000000,1
4833.441140413,24,24,246,12.370534600,28.610926218,0.896400226,28.610926218,0.896400226,0.000000000,1
4834.527523518,24,24,244,12.310291724,28.610926218,0.896400226,28.610926218,0.896400226,0.000000000,1
4835.526084900,24,24,241,12.172635688,28.610926218,0.896400226,28.610926218,0.896400226,0.000000000,1
4836.485920191,24,24,237,11.996115453,28.610926218,0.896400226,28.610926218,0.896400226,0.000000000,1
4837.594078064,24,24,235,11.813262830,28.610926218,0.896400226,28.610926218,0.896400226,0.000000000,1
4838.565276861,24,24,234,11.727551504,28.610926218,0.896400226,28.610926218,0.896400226,0.000000000,1
4839.614941120,24,24,233,11.642518793,28.610926218,0.896400226,28.610926218,0.896400226,0.000000000,1
4840.652485847,24,24,230,11.543833731,28.610926218,0.896400226,28.610926218,0.896400226,0.000000000,1
4841.692448139,24,24,229,11.425646171,28.610926218,0.896400226,28.610926218,0.896400226,0.000000000,1
4842.784696817,24,24,225,11.319844005,28.610926218,0.896400226,28.610926218,0.896400226,0.000000000,1
4843.799936295,24,24,225,11.233159693,28.610926218,0.896400226,28.610926218,0.896400226,0.000000000,1
4844.885777473,24,24,221,11.041872303,28.610926218,0.896400226,28.610926218,0.896400226,0.000000000,1
4845.993670702,24,24,218,10.936631109,28.610926218,0.896400226,28.610926218,0.896400226,0.000000000,1
4847.152357578,24,24,217,10.849164208,28.610926218,0.896400226,28.610926218,0.896400226,0.000000000,1
4847.924054146,24,24,214,10.741971938,28.610926218,0.896400226,28.610926218,0.896400226,0.000000000,1
4848.964842558,24,24,213,10.654304045,28.610926218,0.896400226,28.610926218,0.896400226,0.000000000,1
4849.969212770,24,24,210,10.551223801,28.610926218,0.896400226,28.610926218,0.896400226,0.000000000,1
4851.032317162,24,24,209,10.463519830,28.610926218,0.896400226,28.610926218,0.896400226,0.000000000,1
4852.059205055,24,24,205,10.257733931,28.610926218,0.896400226,28.610926218,0.896400226,0.000000000,1
4853.092073441,24,24,202,10.146005803,28.610926218,0.896400226,28.610926218,0.896400226,0.000000000,1
4854.110216618,24,24,201,10.055323926,28.610926218,0.896400226,28.610926218,0.896400226,0.000000000,1
4855.177041769,24,24,198,9.947678219,28.610926218,0.896400226,28.610926218,0.896400226,0.000000000,1
4856.185348511,24,24,194,9.752751045,28.610926218,0.896400226,28.610926218,0.896400226,0.000000000,1
4857.223572254,24,24,193,9.664975900,28.610926218,0.896400226,28.610926218,0.896400226,0.000000000,1
4858.237146139,24,24,190,9.558833740,28.610926218,0.896400226,28.610926218,0.896400226,0.000000000,1
4859.265011787,24,24,189,9.434524731,28.610926218,0.896400226,28.610926218,0.896400226,0.000000000,1
4860.311767817,24,24,186,9.332660515,28.610926218,0.896400226,28.610926218,0.896400226,0.000000000,1
4861.344560146,24,24,185,9.245032458,28.610926218,0.896400226,28.610926218,0.896400226,0.000000000,1
4862.401554346,24,24,182,9.136920430,28.610926218,0.896400226,28.610926218,0.896400226,0.000000000,1
4863.403232813,24,24,178,8.949171595,28.610926218,0.896400226,28.610926218,0.896400226,0.000000000,1
4864.438992023,24,24,177,8.866010129,28.610926218,0.896400226,28.610926218,0.896400226,0.000000000,1
4865.534813404,24,24,175,8.739228257,28.610926218,0.896400226,28.610926218,0.896400226,0.000000000,1
4866.489273310,24,24,171,8.610685476,28.610926218,0.896400226,28.610926218,0.896400226,0.000000000,1
4867.531491280,24,24,170,8.535876131,28.610926218,0.896400226,28.610926218,0.896400226,0.000000000,1
4868.582085133,24,24,167,8.333367264,28.610926218,0.896400226,28.610926218,0.896400226,0.000000000,1
4869.670679808,24,24,165,8.235989789,28.610926218,0.896400226,28.610926218,0.896400226,0.000000000,1
4870.670886755,24,24,163,8.136886121,28.610926218,0.896400226,28.610926218,0.896400226,0.000000000,1
4871.699279308,24,24,159,8.010383444,28.610926218,0.896400226,28.610926218,0.896400226,0.000000000,1
4872.692942142,24,24,158,7.922326548,28.610926218,0.896400226,28.610926218,0.896400226,0.000000000,1
4873.750227690,24,24,155,7.730810577,28.610926218,0.896400226,28.610926218,0.896400226,0.000000000,1
4874.796895266,24,24,153,7.635480048,28.610926218,0.896400226,28.610926218,0.896400226,0.000000000,1
4875.821207523,24,24,150,7.506330102,28.610926218,0.896400226,28.610926218,0.896400226,0.000000000,1
4876.895596266,24,24,148,7.412131157,28.610926218,0.896400226,28.610926218,0.896400226,0.000000000,1
4877.902710438,24,24,146,7.317779008,28.610926218,0.896400226,28.610926218,0.896400226,0.000000000,1
4878.996136427,24,24,142,7.092053765,28.610926218,0.896400226,28.610926218,0.896400226,0.000000000,1
4880.036965370,24,24,139,6.992684883,28.610926218,0.896400226,28.610926218,0.896400226,0.000000000,1
4880.965744257,24,24,138,6.918316191,28.610926218,0.896400226,28.610926218,0.896400226,0.000000000,1
4881.994148016,24,24,135,6.733221170,28.610926218,0.896400226,28.610926218,0.896400226,0.000000000,1
4883.076330662,24,24,132,6.632185806,28.610926218,0.896400226,28.610926218,0.896400226,0.000000000,1
4884.049045324,24,24,129,6.466922358,28.610926218,0.896400226,28.610926218,0.896400226,0.000000000,1
4885.068272352,24,24,128,6.380524217,28.610926218,0.896400226,28.610926218,0.896400226,0.000000000,1
4886.099730968,24,24,127,6.327984887,28.610926218,0.896400226,28.610926218,0.896400226,0.000000000,1
4887.142449856,24,24,123,6.151172859,28.610926218,0.896400226,28.610926218,0.896400226,0.000000000,1
4888.188672066,24,24,120,5.976419758,28.610926218,0.896400226,28.610926218,0.896400226,0.000000000,1
4889.204976797,24,24,118,5.879963811,28.610926218,0.896400226,28.610926218,0.896400226,0.000000000,1
4890.195598841,24,24,116,5.791996000,28.610926218,0.896400226,28.610926218,0.896400226,0.000000000,1
4891.262604475,24,24,112,5.650204610,28.610926218,0.896400226,28.610926218,0.896400226,0.000000000,1
4892.258937836,24,24,111,5.565012991,28.610926218,0.896400226,28.610926218,0.896400226,0.000000000,1
4893.298853159,24,24,108,5.465889260,28.610926218,0.896400226,28.610926218,0.896400226,0.000000000,1
4894.370570898,24,24,107,5.338693947,28.610926218,0.896400226,28.610926218,0.896400226,0.000000000,1
4895.343051910,24,24,104,5.242017010,28.610926218,0.896400226,28.610926218,0.896400226,0.000000000,1
4896.373861313,24,24,100,5.023695962,28.610926218,0.896400226,28.610926218,0.896400226,0.000000000,1
4897.413439751,24,24,99,4.937244315,28.610926218,0.896400226,28.610926218,0.896400226,0.000000000,1
4898.509992123,24,24,96,4.798416382,28.610926218,0.896400226,28.610926218,0.896400226,0.000000000,1
4899.467420816,24,24,94,4.719870936,28.610926218,0.896400226,28.610926218,0.896400226,0.000000000,1
4900.536804914,24,24,91,4.574249109,28.610926218,0.896400226,28.610926218,0.896400226,0.000000000,1
4901.546886683,24,24,88,4.430395218,28.610926218,0.896400226,28.610926218,0.896400226,0.000000000,1
4902.572559834,24,24,86,4.324684922,28.610926218,0.896400226,28.610926218,0.896400226,0.000000000,1
4903.573602915,24,24,83,4.163366909,28.610926218,0.896400226,28.610926218,0.896400226,0.000000000,1
4904.629611492,24,24,81,4.031032460,28.610926218,0.896400226,28.610926218,0.896400226,0.000000000,1
4905.650674582,24,24,79,3.964587486,28.610926218,0.896400226,28.610926218,0.896400226,0.000000000,1
4906.690098763,24,24,76,3.820036598,28.610926218,0.896400226,28.610926218,0.896400226,0.000000000,1
4907.725851536,24,24,74,3.721321094,28.610926218,0.896400226,28.610926218,0.896400226,0.000000000,1
4908.752577066,24,24,73,3.632623519,28.610926218,0.896400226,28.610926218,0.896400226,0.000000000,1
4909.825889349,24,24,71,3.526865814,28.610926218,0.896400226,28.610926218,0.896400226,0.000000000,1
4910.808124542,24,24,66,3.300268726,28.610926218,0.896400226,28.610926218,0.896400226,0.000000000,1
4911.899567842,24,24,66,3.300453269,28.610926218,0.896400226,28.610926218,0.896400226,0.000000000,1
4913.057265997,24,24,68,3.417090175,28.610926218,0.896400226,28.610926218,0.896400226,0.000000000,1
4913.870547771,24,24,59,2.966232255,28.610926218,0.896400226,28.610926218,0.896400226,0.000000000,1
4914.923616886,24,24,59,2.966232255,28.610926218,0.896400226,28.610926218,0.896400226,0.000000000,1
4915.931351185,24,24,55,2.758670736,28.610926218,0.896400226,28.610926218,0.896400226,0.000000000,1
4916.968509674,24,24,53,2.649959089,28.610926218,0.896400226,28.610926218,0.896400226,0.000000000,1
4917.964232922,24,24,50,2.553650014,28.610926218,0.896400226,28.610926218,0.896400226,0.000000000,1
4918.985521555,24,24,49,2.456276015,28.610926218,0.896400226,28.610926218,0.896400226,0.000000000,1
4920.030956268,24,24,47,2.347590116,28.610926218,0.896400226,28.610926218,0.896400226,0.000000000,1
4921.078094959,24,24,44,2.253431817,28.610926218,0.896400226,28.610926218,0.896400226,0.000000000,1
4922.100647211,24,24,43,2.144337636,28.610926218,0.896400226,28.610926218,0.896400226,0.000000000,1
4923.121155500,24,24,39,1.961314327,28.610926218,0.896400226,28.610926218,0.896400226,0.000000000,1
4924.175500393,24,24,37,1.853335665,28.610926218,0.896400226,28.610926218,0.896400226,0.000000000,1
4925.186796427,24,24,32,1.731712804,28.610926218,0.896400226,28.610926218,0.896400226,0.000000000,1
4926.210774660,24,24,32,1.596196477,28.610926218,0.896400226,28.610926218,0.896400226,0.000000000,1
4927.243325233,24,24,29,1.505893981,28.610926218,0.896400226,28.610926218,0.896400226,0.000000000,1
4928.255036354,24,24,26,1.370101320,28.610926218,0.896400226,28.610926218,0.896400226,0.000000000,1
4929.283330679,24,24,24,1.270101318,28.610926218,0.896400226,28.610926218,0.896400226,0.000000000,1
4930.318448305,24,24,20,1.070101315,28.610926218,0.896400226,28.610926218,0.896400226,0.000000000,1
4931.335489035,24,24,18,0.970101314,28.610926218,0.896400226,28.610926218,0.896400226,0.000000000,1
4932.377886057,24,24,16,0.870101312,28.610926218,0.896400226,28.610926218,0.896400226,0.000000000,1
4933.393481970,24,24,14,0.770101311,28.610926218,0.896400226,28.610926218,0.896400226,0.000000000,1
4934.404714108,24,24,14,0.770101311,28.610926218,0.896400226,28.610926218,0.896400226,0.000000000,1
4935.446742058,24,24,12,0.670101309,28.610926218,0.896400226,28.610926218,0.896400226,0.000000000,1
4936.500537157,24,24,10,0.570101308,28.610926218,0.896400226,28.610926218,0.896400226,0.000000000,1
4937.516160965,24,24,10,0.570101308,28.610926218,0.896400226,28.610926218,0.896400226,0.000000000,1
4938.546459198,24,24,8,0.470101306,28.610926218,0.896400226,28.610926218,0.896400226,0.000000000,1
4939.596933842,24,24,6,0.370101305,28.610926218,0.896400226,28.610926218,0.896400226,0.000000000,1
4989.961402178,25,25,228,11.388895186,28.908383644,-0.902005370,28.908383644,-0.902005370,0.000000000,1
4990.985831976,25,25,228,11.388895186,28.908383644,-0.902005370,28.908383644,-0.902005370,0.000000000,1
4991.990134239,25,25,228,11.388895186,28.908383644,-0.902005370,28.908383644,-0.902005370,0.000000000,1
4993.084510326,25,25,226,11.280764587,28.908383644,-0.902005370,28.908383644,-0.902005370,0.000000000,1
4994.061579943,25,25,224,11.183183007,28.908383644,-0.902005370,28.908383644,-0.902005370,0.000000000,1
4995.115349770,25,25,222,11.081611829,28.908383644,-0.902005370,28.908383644,-0.902005370,0.000000000,1
4996.148047924,25,25,220,10.981093698,28.908383644,-0.902005370,28.908383644,-0.902005370,0.000000000,1
4997.184497356,25,25,220,10.981093698,28.908383644,-0.902005370,28.908383644,-0.902005370,0.000000000,1
4998.150183678,25,25,218,10.882877540,28.908383644,-0.902005370,28.908383644,-0.902005370,0.000000000,1
4999.257083893,25,25,216,10.782648358,28.908383644,-0.902005370,28.908383644,-0.902005370,0.000000000,1
5000.256234884,25,25,214,10.685985426,28.908383644,-0.902005370,28.908383644,-0.902005370,0.000000000,1
5001.315476179,25,25,212,10.586796650,28.908383644,-0.902005370,28.908383644,-0.902005370,0.000000000,1
5002.432717800,25,25,210,10.491695214,28.908383644,-0.902005370,28.908383644,-0.902005370,0.000000000,1
5003.406418324,25,25,210,10.491695214,28.908383644,-0.902005370,28.908383644,-0.902005370,0.000000000,1
5004.400403500,25,25,210,10.491695214,28.908383644,-0.902005370,28.908383644,-0.902005370,0.000000000,1
5005.432979345,25,25,208,10.399130410,28.908383644,-0.902005370,28.908383644,-0.902005370,0.000000000,1
5006.495200872,25,25,208,10.399130410,28.908383644,-0.902005370,28.908383644,-0.902005370,0.000000000,1
5007.509814739,25,25,208,10.399130410,28.908383644,-0.902005370,28.908383644,-0.902005370,0.000000000,1
5008.556046963,25,25,209,10.464151734,28.908383644,-0.902005370,28.908383644,-0.902005370,0.000000000,1
5009.628438950,25,25,209,10.464151734,28.908383644,-0.902005370,28.908383644,-0.902005370,0.000000000,1
5010.659532547,25,25,208,10.399130410,28.908383644,-0.902005370,28.908383644,-0.902005370,0.000000000,1
5011.715839386,25,25,208,10.399130410,28.908383644,-0.902005370,28.908383644,-0.902005370,0.000000000,1
5012.650593281,25,25,205,10.249692492,28.908383644,-0.902005370,28.908383644,-0.902005370,0.000000000,1
5013.755859137,25,25,203,10.163031950,28.908383644,-0.902005370,28.908383644,-0.902005370,0.000000000,1
5014.760566235,25,25,204,10.206144170,28.908383644,-0.902005370,28.908383644,-0.902005370,0.000000000,1
5015.796746731,25,25,196,9.801837528,28.908383644,-0.902005370,28.908383644,-0.902005370,0.000000000,1
5016.828439236,25,25,192,9.610442767,28.908383644,-0.902005370,28.908383644,-0.902005370,0.000000000,1
5018.070325613,25,25,190,9.492354736,28.908383644,-0.902005370,28.908383644,-0.902005370,0.000000000,1
5018.916771650,25,25,190,9.492354736,28.908383644,-0.902005370,28.908383644,-0.902005370,0.000000000,1
5019.926327705,25,25,188,9.393336611,28.908383644,-0.902005370,28.908383644,-0.902005370,0.000000000,1
5020.935109615,25,25,184,9.188775441,28.908383644,-0.902005370,28.908383644,-0.902005370,0.000000000,1
5021.991896868,25,25,182,9.092079695,28.908383644,-0.902005370,28.908383644,-0.902005370,0.000000000,1
5023.053550959,25,25,180,8.992411415,28.908383644,-0.902005370,28.908383644,-0.902005370,0.000000000,1
5024.079795837,25,25,176,8.782786928,28.908383644,-0.902005370,28.908383644,-0.902005370,0.000000000,1
5025.101269245,25,25,172,8.617211830,28.908383644,-0.902005370,28.908383644,-0.902005370,0.000000000,1
5026.159244061,25,25,171,8.539946400,28.908383644,-0.902005370,28.908383644,-0.902005370,0.000000000,1
5027.186402321,25,25,168,8.397550341,28.908383644,-0.902005370,28.908383644,-0.902005370,0.000000000,1
5028.245230436,25,25,166,8.297736517,28.908383644,-0.902005370,28.908383644,-0.902005370,0.000000000,1
5029.223195314,25,25,164,8.190570196,28.908383644,-0.902005370,28.908383644,-0.902005370,0.000000000,1
5030.290277958,25,25,162,8.084708947,28.908383644,-0.902005370,28.908383644,-0.902005370,0.000000000,1
5031.299856424,25,25,158,7.884726925,28.908383644,-0.902005370,28.908383644,-0.902005370,0.000000000,1
5032.318664074,25,25,156,7.790610738,28.908383644,-0.902005370,28.908383644,-0.902005370,0.000000000,1
5033.320894241,25,25,154,7.684750088,28.908383644,-0.902005370,28.908383644,-0.902005370,0.000000000,1
5034.338546991,25,25,152,7.590638578,28.908383644,-0.902005370,28.908383644,-0.902005370,0.000000000,1
5035.379562140,25,25,148,7.383698116,28.908383644,-0.902005370,28.908383644,-0.902005370,0.000000000,1
5036.384281635,25,25,145,7.270364265,28.908383644,-0.902005370,28.908383644,-0.902005370,0.000000000,1
5037.445876122,25,25,144,7.183740907,28.908383644,-0.902005370,28.908383644,-0.902005370,0.000000000,1
5038.463364840,25,25,141,7.070418892,28.908383644,-0.902005370,28.908383644,-0.902005370,0.000000000,1
5039.482405424,25,25,137,6.870484735,28.908383644,-0.902005370,28.908383644,-0.902005370,0.000000000,1
5040.499382019,25,25,136,6.783854024,28.908383644,-0.902005370,28.908383644,-0.902005370,0.000000000,1
5041.570744276,25,25,133,6.670565677,28.908383644,-0.902005370,28.908383644,-0.902005370,0.000000000,1
5042.565066099,25,25,132,6.583932663,28.908383644,-0.902005370,28.908383644,-0.902005370,0.000000000,1
5043.588132620,25,25,128,6.390994959,28.908383644,-0.902005370,28.908383644,-0.902005370,0.000000000,1
5044.595485210,25,25,126,6.285156190,28.908383644,-0.902005370,28.908383644,-0.902005370,0.000000000,1
5045.625780344,25,25,124,6.191115916,28.908383644,-0.902005370,28.908383644,-0.902005370,0.000000000,1
5046.689607620,25,25,122,6.085287356,28.908383644,-0.902005370,28.908383644,-0.902005370,0.000000000,1
5047.702853918,25,25,120,5.991269608,28.908383644,-0.902005370,28.908383644,-0.902005370,0.000000000,1
5048.702129126,25,25,118,5.885450798,28.908383644,-0.902005370,28.908383644,-0.902005370,0.000000000,1
5049.739170313,25,25,114,5.686351242,28.908383644,-0.902005370,28.908383644,-0.902005370,0.000000000,1
5050.809491158,25,25,112,5.592408461,28.908383644,-0.902005370,28.908383644,-0.902005370,0.000000000,1
5051.793210506,25,25,110,5.517621050,28.908383644,-0.902005370,28.908383644,-0.902005370,0.000000000,1
5052.878818035,25,25,108,5.385789860,28.908383644,-0.902005370,28.908383644,-0.902005370,0.000000000,1
5053.873785973,25,25,106,5.317912860,28.908383644,-0.902005370,28.908383644,-0.902005370,0.000000000,1
5054.858942986,25,25,104,5.193164534,28.908383644,-0.902005370,28.908383644,-0.902005370,0.000000000,1
5055.978955269,25,25,104,5.203921549,28.908383644,-0.902005370,28.908383644,-0.902005370,0.000000000,1
5056.918581009,25,25,100,4.993741985,28.908383644,-0.902005370,28.908383644,-0.902005370,0.000000000,1
5057.947471857,25,25,98,4.891155719,28.908383644,-0.902005370,28.908383644,-0.902005370,0.000000000,1
5058.980254889,25,25,94,4.677449626,28.908383644,-0.902005370,28.908383644,-0.902005370,0.000000000,1
5060.042693853,25,25,92,4.595816087,28.908383644,-0.902005370,28.908383644,-0.902005370,0.000000000,1
5061.069327593,25,25,91,4.643042202,28.908383644,-0.902005370,28.908383644,-0.902005370,0.000000000,1
5062.103313684,25,25,89,4.529900617,28.908383644,-0.902005370,28.908383644,-0.902005370,0.000000000,1
5063.096281290,25,25,87,4.443122441,28.908383644,-0.902005370,28.908383644,-0.902005370,0.000000000,1
5064.144218683,25,25,85,4.355785655,28.908383644,-0.902005370,28.908383644,-0.902005370,0.000000000,1
5065.128922224,25,25,81,4.166884427,28.908383644,-0.902005370,28.908383644,-0.902005370,0.000000000,1
5066.176122904,25,25,79,4.044449533,28.908383644,-0.902005370,28.908383644,-0.902005370,0.000000000,1
5067.189330816,25,25,77,3.933905600,28.908383644,-0.902005370,28.908383644,-0.902005370,0.000000000,1
5068.224942446,25,25,75,3.837393282,28.908383644,-0.902005370,28.908383644,-0.902005370,0.000000000,1
5069.222001314,25,25,73,3.728654228,28.908383644,-0.902005370,28.908383644,-0.902005370,0.000000000,1
5070.269840002,25,25,72,3.702291686,28.908383644,-0.902005370,28.908383644,-0.902005370,0.000000000,1
5071.282186031,25,25,72,3.702291686,28.908383644,-0.902005370,28.908383644,-0.902005370,0.000000000,1
5072.299685001,25,25,66,3.405612784,28.908383644,-0.902005370,28.908383644,-0.902005370,0.000000000,1
5073.303152084,25,25,63,3.220557669,28.908383644,-0.902005370,28.908383644,-0.902005370,0.000000000,1
5074.363794565,25,25,66,3.371734742,28.908383644,-0.902005370,28.908383644,-0.902005370,0.000000000,1
5075.367076159,25,25,58,2.989732991,28.908383644,-0.902005370,28.908383644,-0.902005370,0.000000000,1
5076.371953487,25,25,56,2.897647817,28.908383644,-0.902005370,28.908383644,-0.902005370,0.000000000,1
5077.396083593,25,25,54,2.801259499,28.908383644,-0.902005370,28.908383644,-0.902005370,0.000000000,1
5078.440573931,25,25,52,2.702750591,28.908383644,-0.902005370,28.908383644,-0.902005370,0.000000000,1
5079.453834295,25,25,50,2.579325306,28.908383644,-0.902005370,28.908383644,-0.902005370,0.000000000,1
5080.507935762,25,25,48,2.484202343,28.908383644,-0.902005370,28.908383644,-0.902005370,0.000000000,1
5081.501179934,25,25,43,2.254340916,28.908383644,-0.902005370,28.908383644,-0.902005370,0.000000000,1
5082.513262033,25,25,41,2.138426194,28.908383644,-0.902005370,28.908383644,-0.902005370,0.000000000,1
5083.537105799,25,25,38,1.967944627,28.908383644,-0.902005370,28.908383644,-0.902005370,0.000000000,1
5084.590528250,25,25,38,1.967944627,28.908383644,-0.902005370,28.908383644,-0.902005370,0.000000000,1
5085.613046646,25,25,34,1.801666091,28.908383644,-0.902005370,28.908383644,-0.902005370,0.000000000,1
5086.633455276,25,25,31,1.658189866,28.908383644,-0.902005370,28.908383644,-0.902005370,0.000000000,1
5087.666194916,25,25,28,1.464609186,28.908383644,-0.902005370,28.908383644,-0.902005370,0.000000000,1
5088.686282873,25,25,26,1.369094723,28.908383644,-0.902005370,28.908383644,-0.902005370,0.000000000,1
5089.719983101,25,25,24,1.273893975,28.908383644,-0.902005370,28.908383644,-0.902005370,0.000000000,1
5090.774093866,25,25,21,1.147896570,28.908383644,-0.902005370,28.908383644,-0.902005370,0.000000000,1
5091.871531487,25,25,19,1.051659951,28.908383644,-0.902005370,28.908383644,-0.902005370,0.000000000,1
5092.823765278,25,25,17,0.955382428,28.908383644,-0.902005370,28.908383644,-0.902005370,0.000000000,1
5093.881378174,25,25,15,0.860301289,28.908383644,-0.902005370,28.908383644,-0.902005370,0.000000000,1
5094.893507719,25,25,14,0.771116794,28.908383644,-0.902005370,28.908383644,-0.902005370,0.000000000,1
5095.870145082,25,25,14,0.771116794,28.908383644,-0.902005370,28.908383644,-0.902005370,0.000000000,1
5096.936832666,25,25,11,0.636755781,28.908383644,-0.902005370,28.908383644,-0.902005370,0.000000000,1
5097.992805243,25,25,9,0.547323914,28.908383644,-0.902005370,28.908383644,-0.902005370,0.000000000,1
5098.962574482,25,25,9,0.547323914,28.908383644,-0.902005370,28.908383644,-0.902005370,0.000000000,1
5100.043210983,25,25,9,0.547323914,28.908383644,-0.902005370,28.908383644,-0.902005370,0.000000000,1
5153.077055693,26,26,733,37.216216151,-5.892983906,-6.101810602,-5.892983906,-6.101810602,0.000000000,1
5153.896594048,26,26,731,37.128193824,-5.892983906,-6.101810602,-5.892983906,-6.101810602,0.000000000,1
5155.050649166,26,26,731,37.128193824,-5.892983906,-6.101810602,-5.892983906,-6.101810602,0.000000000,1
5156.067444801,26,26,728,36.974132221,-5.892983906,-6.101810602,-5.892983906,-6.101810602,0.000000000,1
5157.305015802,26,26,726,36.879697976,-5.892983906,-6.101810602,-5.892983906,-6.101810602,0.000000000,1
5158.422472239,26,26,725,36.820581512,-5.892983906,-6.101810602,-5.892983906,-6.101810602,0.000000000,1
5159.422197819,26,26,722,36.668437897,-5.892983906,-6.101810602,-5.892983906,-6.101810602,0.000000000,1
5160.402975798,26,26,723,36.701542441,-5.892983906,-6.101810602,-5.892983906,-6.101810602,0.000000000,1
5161.453527689,26,26,719,36.554550180,-5.892983906,-6.101810602,-5.892983906,-6.101810602,0.000000000,1
5162.623259544,26,26,719,36.513740322,-5.892983906,-6.101810602,-5.892983906,-6.101810602,0.000000000,1
5163.552239180,26,26,717,36.442342296,-5.892983906,-6.101810602,-5.892983906,-6.101810602,0.000000000,1
5164.675421953,26,26,716,36.410048236,-5.892983906,-6.101810602,-5.892983906,-6.101810602,0.000000000,1
5165.740758181,26,26,714,36.263034796,-5.892983906,-6.101810602,-5.892983906,-6.101810602,0.000000000,1
5166.775895596,26,26,715,36.340759184,-5.892983906,-6.101810602,-5.892983906,-6.101810602,0.000000000,1
5167.815039635,26,26,713,36.221846244,-5.892983906,-6.101810602,-5.892983906,-6.101810602,0.000000000,1
5168.918363094,26,26,715,36.344577025,-5.892983906,-6.101810602,-5.892983906,-6.101810602,0.000000000,1
5169.973269701,26,26,715,36.344577025,-5.892983906,-6.101810602,-5.892983906,-6.101810602,0.000000000,1
5170.987440109,26,26,715,36.344577025,-5.892983906,-6.101810602,-5.892983906,-6.101810602,0.000000000,1
5172.108822823,26,26,715,36.344577025,-5.892983906,-6.101810602,-5.892983906,-6.101810602,0.000000000,1
5173.225728750,26,26,715,36.340759184,-5.892983906,-6.101810602,-5.892983906,-6.101810602,0.000000000,1
5174.162866831,26,26,712,36.210897902,-5.892983906,-6.101810602,-5.892983906,-6.101810602,0.000000000,1
5175.287178993,26,26,711,36.162381054,-5.892983906,-6.101810602,-5.892983906,-6.101810602,0.000000000,1
5176.398636818,26,26,708,35.991241444,-5.892983906,-6.101810602,-5.892983906,-6.101810602,0.000000000,1
5177.484530449,26,26,707,35.933410848,-5.892983906,-6.101810602,-5.892983906,-6.101810602,0.000000000,1
5178.445136547,26,26,706,35.861690969,-5.892983906,-6.101810602,-5.892983906,-6.101810602,0.000000000,1
5179.587469816,26,26,703,35.721243758,-5.892983906,-6.101810602,-5.892983906,-6.101810602,0.000000000,1
5180.658690214,26,26,696,35.408341577,-5.892983906,-6.101810602,-5.892983906,-6.101810602,0.000000000,1
5181.606091022,26,26,695,35.355258630,-5.892983906,-6.101810602,-5.892983906,-6.101810602,0.000000000,1
5182.685195446,26,26,693,35.245101557,-5.892983906,-6.101810602,-5.892983906,-6.101810602,0.000000000,1
5183.853212357,26,26,690,35.108547973,-5.892983906,-6.101810602,-5.892983906,-6.101810602,0.000000000,1
5184.892964602,26,26,689,35.049319279,-5.892983906,-6.101810602,-5.892983906,-6.101810602,0.000000000,1
5185.996761322,26,26,687,34.943929359,-5.892983906,-6.101810602,-5.892983906,-6.101810602,0.000000000,1
5187.019944429,26,26,684,34.782470742,-5.892983906,-6.101810602,-5.892983906,-6.101810602,0.000000000,1
5188.162070274,26,26,686,34.870392705,-5.892983906,-6.101810602,-5.892983906,-6.101810602,0.000000000,1
5189.225148201,26,26,680,34.597296445,-5.892983906,-6.101810602,-5.892983906,-6.101810602,0.000000000,1
5190.360734224,26,26,678,34.497347783,-5.892983906,-6.101810602,-5.892983906,-6.101810602,0.000000000,1
5191.411796093,26,26,676,34.398390942,-5.892983906,-6.101810602,-5.892983906,-6.101810602,0.000000000,1
5192.387625217,26,26,671,34.162306476,-5.892983906,-6.101810602,-5.892983906,-6.101810602,0.000000000,1
5193.522105455,26,26,671,34.120604126,-5.892983906,-6.101810602,-5.892983906,-6.101810602,0.000000000,1
5194.531944990,26,26,667,33.921545731,-5.892983906,-6.101810602,-5.892983906,-6.101810602,0.000000000,1
5195.706192017,26,26,666,33.870403342,-5.892983906,-6.101810602,-5.892983906,-6.101810602,0.000000000,1
5196.593274117,26,26,663,33.746363843,-5.892983906,-6.101810602,-5.892983906,-6.101810602,0.000000000,1
5197.827348709,26,26,661,33.636375871,-5.892983906,-6.101810602,-5.892983906,-6.101810602,0.000000000,1
5198.792389631,26,26,658,33.498292170,-5.892983906,-6.101810602,-5.892983906,-6.101810602,0.000000000,1
5199.861086845,26,26,656,33.394927383,-5.892983906,-6.101810602,-5.892983906,-6.101810602,0.000000000,1
5200.917376280,26,26,655,33.327269550,-5.892983906,-6.101810602,-5.892983906,-6.101810602,0.000000000,1
5202.004942894,26,26,652,33.191727534,-5.892983906,-6.101810602,-5.892983906,-6.101810602,0.000000000,1
5203.056280375,26,26,649,33.056250200,-5.892983906,-6.101810602,-5.892983906,-6.101810602,0.000000000,1
5204.125889540,26,26,646,32.921357676,-5.892983906,-6.101810602,-5.892983906,-6.101810602,0.000000000,1
5205.365819216,26,26,643,32.742014508,-5.892983906,-6.101810602,-5.892983906,-6.101810602,0.000000000,1
5206.413490295,26,26,641,32.626230515,-5.892983906,-6.101810602,-5.892983906,-6.101810602,0.000000000,1
5207.348632336,26,26,638,32.479181986,-5.892983906,-6.101810602,-5.892983906,-6.101810602,0.000000000,1
5208.511713266,26,26,637,32.442113176,-5.892983906,-6.101810602,-5.892983906,-6.101810602,0.000000000,1
5209.465620756,26,26,634,32.301358579,-5.892983906,-6.101810602,-5.892983906,-6.101810602,0.000000000,1
5210.612631559,26,26,633,32.249998056,-5.892983906,-6.101810602,-5.892983906,-6.101810602,0.000000000,1
5211.776303530,26,26,630,32.108506109,-5.892983906,-6.101810602,-5.892983906,-6.101810602,0.000000000,1
5212.676635265,26,26,628,31.995375256,-5.892983906,-6.101810602,-5.892983906,-6.101810602,0.000000000,1
5213.937935829,26,26,623,31.736543983,-5.892983906,-6.101810602,-5.892983906,-6.101810602,0.000000000,1
5214.790105581,26,26,621,31.638900803,-5.892983906,-6.101810602,-5.892983906,-6.101810602,0.000000000,1
5215.901767969,26,26,619,31.539271265,-5.892983906,-6.101810602,-5.892983906,-6.101810602,0.000000000,1
5217.023828745,26,26,616,31.385882724,-5.892983906,-6.101810602,-5.892983906,-6.101810602,0.000000000,1
5217.995868444,26,26,614,31.289835789,-5.892983906,-6.101810602,-5.892983906,-6.101810602,0.000000000,1
5219.053841591,26,26,610,31.090588745,-5.892983906,-6.101810602,-5.892983906,-6.101810602,0.000000000,1
5220.275410414,26,26,608,30.989567649,-5.892983906,-6.101810602,-5.892983906,-6.101810602,0.000000000,1
5221.246011257,26,26,606,30.890682684,-5.892983906,-6.101810602,-5.892983906,-6.101810602,0.000000000,1
5222.321514130,26,26,604,30.785882715,-5.892983906,-6.101810602,-5.892983906,-6.101810602,0.000000000,1
5223.419170856,26,26,600,30.585882712,-5.892983906,-6.101810602,-5.892983906,-6.101810602,0.000000000,1
5224.442515373,26,26,598,30.486939023,-5.892983906,-6.101810602,-5.892983906,-6.101810602,0.000000000,1
5225.559837103,26,26,596,30.385882709,-5.892983906,-6.101810602,-5.892983906,-6.101810602,0.000000000,1
5226.565997839,26,26,594,30.286939016,-5.892983906,-6.101810602,-5.892983906,-6.101810602,0.000000000,1
5227.664577007,26,26,592,30.185882683,-5.892983906,-6.101810602,-5.892983906,-6.101810602,0.000000000,1
5228.686527014,26,26,590,30.086939013,-5.892983906,-6.101810602,-5.892983906,-6.101810602,0.000000000,1
5229.778710604,26,26,588,29.985882680,-5.892983906,-6.101810602,-5.892983906,-6.101810602,0.000000000,1
5231.001124620,26,26,586,29.886939024,-5.892983906,-6.101810602,-5.892983906,-6.101810602,0.000000000,1
5231.894144058,26,26,584,29.785882700,-5.892983906,-6.101810602,-5.892983906,-6.101810602,0.000000000,1
5233.071508646,26,26,582,29.686939021,-5.892983906,-6.101810602,-5.892983906,-6.101810602,0.000000000,1
5234.165905476,26,26,580,29.585882697,-5.892983906,-6.101810602,-5.892983906,-6.101810602,0.000000000,1
5235.320234060,26,26,576,29.385882699,-5.892983906,-6.101810602,-5.892983906,-6.101810602,0.000000000,1
5236.386043549,26,26,574,29.286939009,-5.892983906,-6.101810602,-5.892983906,-6.101810602,0.000000000,1
5237.250091076,26,26,572,29.185882696,-5.892983906,-6.101810602,-5.892983906,-6.101810602,0.000000000,1
5238.424570560,26,26,570,29.086939006,-5.892983906,-6.101810602,-5.892983906,-6.101810602,0.000000000,1
5239.408898115,26,26,566,28.886939003,-5.892983906,-6.101810602,-5.892983906,-6.101810602,0.000000000,1
5240.531208992,26,26,564,28.785882690,-5.892983906,-6.101810602,-5.892983906,-6.101810602,0.000000000,1
5241.588269711,26,26,562,28.686939000,-5.892983906,-6.101810602,-5.892983906,-6.101810602,0.000000000,1
5242.611458778,26,26,560,28.585882687,-5.892983906,-6.101810602,-5.892983906,-6.101810602,0.000000000,1
5243.681806326,26,26,560,28.596615344,-5.892983906,-6.101810602,-5.892983906,-6.101810602,0.000000000,1
5244.837787867,26,26,556,28.396615341,-5.892983906,-6.101810602,-5.892983906,-6.101810602,0.000000000,1
5245.780298948,26,26,554,28.296306743,-5.892983906,-6.101810602,-5.892983906,-6.101810602,0.000000000,1
5246.821624994,26,26,552,28.196615338,-5.892983906,-6.101810602,-5.892983906,-6.101810602,0.000000000,1
5247.994141340,26,26,550,28.096306842,-5.892983906,-6.101810602,-5.892983906,-6.101810602,0.000000000,1
5248.989324570,26,26,548,27.996615335,-5.892983906,-6.101810602,-5.892983906,-6.101810602,0.000000000,1
5250.148973227,26,26,544,27.796615333,-5.892983906,-6.101810602,-5.892983906,-6.101810602,0.000000000,1
5251.155385494,26,26,542,27.696306734,-5.892983906,-6.101810602,-5.892983906,-6.101810602,0.000000000,1
5252.320379019,26,26,540,27.596615244,-5.892983906,-6.101810602,-5.892983906,-6.101810602,0.000000000,1
5253.261440992,26,26,538,27.496306763,-5.892983906,-6.101810602,-5.892983906,-6.101810602,0.000000000,1
5254.450742960,26,26,534,27.296306760,-5.892983906,-6.101810602,-5.892983906,-6.101810602,0.000000000,1
5255.501515388,26,26,532,27.196615238,-5.892983906,-6.101810602,-5.892983906,-6.101810602,0.000000000,1
5256.642516136,26,26,530,27.096306730,-5.892983906,-6.101810602,-5.892983906,-6.101810602,0.000000000,1
5257.697971821,26,26,528,26.996615260,-5.892983906,-6.101810602,-5.892983906,-6.101810602,0.000000000,1
5258.691329718,26,26,524,26.796615257,-5.892983906,-6.101810602,-5.892983906,-6.101810602,0.000000000,1
5259.824653864,26,26,522,26.696306826,-5.892983906,-6.101810602,-5.892983906,-6.101810602,0.000000000,1
5260.767741203,26,26,520,26.596615230,-5.892983906,-6.101810602,-5.892983906,-6.101810602,0.000000000,1
5261.845177412,26,26,518,26.496306720,-5.892983906,-6.101810602,-5.892983906,-6.101810602,0.000000000,1
5263.033339262,26,26,514,26.296306717,-5.892983906,-6.101810602,-5.892983906,-6.101810602,0.000000000,1
5263.963965178,26,26,512,26.196615225,-5.892983906,-6.101810602,-5.892983906,-6.101810602,0.000000000,1
5265.018469334,26,26,510,26.096306715,-5.892983906,-6.101810602,-5.892983906,-6.101810602,0.000000000,1
5266.095818043,26,26,508,25.996615223,-5.892983906,-6.101810602,-5.892983906,-6.101810602,0.000000000,1
5267.380132914,26,26,506,25.896306713,-5.892983906,-6.101810602,-5.892983906,-6.101810602,0.000000000,1
5268.310695887,26,26,502,25.696306710,-5.892983906,-6.101810602,-5.892983906,-6.101810602,0.000000000,1
5269.307222843,26,26,500,25.596615076,-5.892983906,-6.101810602,-5.892983906,-6.101810602,0.000000000,1
5270.522208929,26,26,498,25.496306566,-5.892983906,-6.101810602,-5.892983906,-6.101810602,0.000000000,1
5271.561777830,26,26,496,25.396615074,-5.892983906,-6.101810602,-5.892983906,-6.101810602,0.000000000,1
5272.591992140,26,26,492,25.196615072,-5.892983906,-6.101810602,-5.892983906,-6.101810602,0.000000000,1
5273.563045025,26,26,490,25.096306804,-5.892983906,-6.101810602,-5.892983906,-6.101810602,0.000000000,1
5274.683459520,26,26,488,24.996615291,-5.892983906,-6.101810602,-5.892983906,-6.101810602,0.000000000,1
5275.655555010,26,26,486,24.896306800,-5.892983906,-6.101810602,-5.892983906,-6.101810602,0.000000000,1
5276.815887690,26,26,484,24.796615256,-5.892983906,-6.101810602,-5.892983906,-6.101810602,0.000000000,1
5277.797338724,26,26,480,24.596615107,-5.892983906,-6.101810602,-5.892983906,-6.101810602,0.000000000,1
5278.922423363,26,26,478,24.496306566,-5.892983906,-6.101810602,-5.892983906,-6.101810602,0.000000000,1
5279.935465336,26,26,476,24.396615021,-5.892983906,-6.101810602,-5.892983906,-6.101810602,0.000000000,1
5281.038847446,26,26,472,24.196615124,-5.892983906,-6.101810602,-5.892983906,-6.101810602,0.000000000,1
5282.093278408,26,26,470,24.096306664,-5.892983906,-6.101810602,-5.892983906,-6.101810602,0.000000000,1
5283.151004791,26,26,468,23.996615135,-5.892983906,-6.101810602,-5.892983906,-6.101810602,0.000000000,1
5284.303155422,26,26,466,23.896306725,-5.892983906,-6.101810602,-5.892983906,-6.101810602,0.000000000,1
5285.223524570,26,26,462,23.696306812,-5.892983906,-6.101810602,-5.892983906,-6.101810602,0.000000000,1
5286.389502525,26,26,460,23.596615338,-5.892983906,-6.101810602,-5.892983906,-6.101810602,0.000000000,1
5287.415718317,26,26,458,23.496306855,-5.892983906,-6.101810602,-5.892983906,-6.101810602,0.000000000,1
5288.397330761,26,26,456,23.396615293,-5.892983906,-6.101810602,-5.892983906,-6.101810602,0.000000000,1
5289.533497572,26,26,454,23.296306886,-5.892983906,-6.101810602,-5.892983906,-6.101810602,0.000000000,1
5290.537149191,26,26,452,23.196615083,-5.892983906,-6.101810602,-5.892983906,-6.101810602,0.000000000,1
5291.649597645,26,26,448,22.996615078,-5.892983906,-6.101810602,-5.892983906,-6.101810602,0.000000000,1
5292.720161200,26,26,448,22.996615078,-5.892983906,-6.101810602,-5.892983906,-6.101810602,0.000000000,1
5293.746014833,26,26,446,22.896306804,-5.892983906,-6.101810602,-5.892983906,-6.101810602,0.000000000,1
5294.819816351,26,26,442,22.696306856,-5.892983906,-6.101810602,-5.892983906,-6.101810602,0.000000000,1
5296.124150991,26,26,440,22.596615431,-5.892983906,-6.101810602,-5.892983906,-6.101810602,0.000000000,1
5296.926674128,26,26,438,22.496306906,-5.892983906,-6.101810602,-5.892983906,-6.101810602,0.000000000,1
5297.985637188,26,26,436,22.396615408,-5.892983906,-6.101810602,-5.892983906,-6.101810602,0.000000000,1
5299.021587133,26,26,434,22.296306963,-5.892983906,-6.101810602,-5.892983906,-6.101810602,0.000000000,1
5300.089155197,26,26,432,22.196615420,-5.892983906,-6.101810602,-5.892983906,-6.101810602,0.000000000,1
5301.204533815,26,26,430,22.096306785,-5.892983906,-6.101810602,-5.892983906,-6.101810602,0.000000000,1
5302.228805542,26,26,426,21.896306822,-5.892983906,-6.101810602,-5.892983906,-6.101810602,0.000000000,1
5303.279630184,26,26,426,21.896306822,-5.892983906,-6.101810602,-5.892983906,-6.101810602,0.000000000,1
5304.385578871,26,26,422,21.696307018,-5.892983906,-6.101810602,-5.892983906,-6.101810602,0.000000000,1
5305.346808434,26,26,420,21.596615397,-5.892983906,-6.101810602,-5.892983906,-6.101810602,0.000000000,1
5306.439250708,26,26,418,21.496306906,-5.892983906,-6.101810602,-5.892983906,-6.101810602,0.000000000,1
5307.565234423,26,26,416,21.396615458,-5.892983906,-6.101810602,-5.892983906,-6.101810602,0.000000000,1
5308.675241232,26,26,414,21.296306942,-5.892983906,-6.101810602,-5.892983906,-6.101810602,0.000000000,1
5309.729376793,26,26,412,21.196615621,-5.892983906,-6.101810602,-5.892983906,-6.101810602,0.000000000,1
5310.728026867,26,26,408,20.996615875,-5.892983906,-6.101810602,-5.892983906,-6.101810602,0.000000000,1
5311.798790932,26,26,406,20.896307270,-5.892983906,-6.101810602,-5.892983906,-6.101810602,0.000000000,1
5312.877319098,26,26,404,20.796615981,-5.892983906,-6.101810602,-5.892983906,-6.101810602,0.000000000,1
5313.985937834,26,26,400,20.596617053,-5.892983906,-6.101810602,-5.892983906,-6.101810602,0.000000000,1
5314.935743809,26,26,398,20.496308076,-5.892983906,-6.101810602,-5.892983906,-6.101810602,0.000000000,1
5316.010423660,26,26,396,20.396616626,-5.892983906,-6.101810602,-5.892983906,-6.101810602,0.000000000,1
5317.175109863,26,26,394,20.296308293,-5.892983906,-6.101810602,-5.892983906,-6.101810602,0.000000000,1
5318.098449230,26,26,392,20.196617155,-5.892983906,-6.101810602,-5.892983906,-6.101810602,0.000000000,1
5319.241553068,26,26,388,19.996617433,-5.892983906,-6.101810602,-5.892983906,-6.101810602,0.000000000,1
5320.276464939,26,26,386,19.896308817,-5.892983906,-6.101810602,-5.892983906,-6.101810602,0.000000000,1
5321.307171345,26,26,384,19.796617717,-5.892983906,-6.101810602,-5.892983906,-6.101810602,0.000000000,1
5322.369132042,26,26,382,19.696309172,-5.892983906,-6.101810602,-5.892983906,-6.101810602,0.000000000,1
5323.382445335,26,26,378,19.496309603,-5.892983906,-6.101810602,-5.892983906,-6.101810602,0.000000000,1
5324.544678688,26,26,376,19.396618738,-5.892983906,-6.101810602,-5.892983906,-6.101810602,0.000000000,1
5325.562241554,26,26,374,19.296310109,-5.892983906,-6.101810602,-5.892983906,-6.101810602,0.000000000,1
5326.615303993,26,26,370,19.096310883,-5.892983906,-6.101810602,-5.892983906,-6.101810602,0.000000000,1
5327.696011782,26,26,368,18.996620582,-5.892983906,-6.101810602,-5.892983906,-6.101810602,0.000000000,1
5328.778966427,26,26,364,18.796621782,-5.892983906,-6.101810602,-5.892983906,-6.101810602,0.000000000,1
5329.749254465,26,26,366,18.698915525,-5.892983906,-6.101810602,-5.892983906,-6.101810602,0.000000000,1
5330.825742245,26,26,362,18.498916983,-5.892983906,-6.101810602,-5.892983906,-6.101810602,0.000000000,1
5331.844733715,26,26,360,18.401050550,-5.892983906,-6.101810602,-5.892983906,-6.101810602,0.000000000,1
5332.936870575,26,26,358,18.298918517,-5.892983906,-6.101810602,-5.892983906,-6.101810602,0.000000000,1
5333.968181372,26,26,356,18.201052064,-5.892983906,-6.101810602,-5.892983906,-6.101810602,0.000000000,1
5335.049946308,26,26,352,18.001054448,-5.892983906,-6.101810602,-5.892983906,-6.101810602,0.000000000,1
5336.077540159,26,26,350,17.898936479,-5.892983906,-6.101810602,-5.892983906,-6.101810602,0.000000000,1
5337.167529345,26,26,348,17.801079784,-5.892983906,-6.101810602,-5.892983906,-6.101810602,0.000000000,1
5338.218877077,26,26,344,17.601073652,-5.892983906,-6.101810602,-5.892983906,-6.101810602,0.000000000,1
5339.192927122,26,26,342,17.498939529,-5.892983906,-6.101810602,-5.892983906,-6.101810602,0.000000000,1
5340.317422390,26,26,347,17.450220297,-5.892983906,-6.101810602,-5.892983906,-6.101810602,0.000000000,1
5341.320870638,26,26,343,17.255960857,-5.892983906,-6.101810602,-5.892983906,-6.101810602,0.000000000,1
5342.449484110,26,26,342,17.167433734,-5.892983906,-6.101810602,-5.892983906,-6.101810602,0.000000000,1
5343.518507242,26,26,340,17.058720289,-5.892983906,-6.101810602,-5.892983906,-6.101810602,0.000000000,1
5344.569827557,26,26,320,16.392176807,-5.892983906,-6.101810602,-5.892983906,-6.101810602,0.000000000,1
5345.586555958,26,26,316,16.192188809,-5.892983906,-6.101810602,-5.892983906,-6.101810602,0.000000000,1
5346.688399792,26,26,314,16.095187068,-5.892983906,-6.101810602,-5.892983906,-6.101810602,0.000000000,1
5347.674784899,26,26,312,15.992175029,-5.892983906,-6.101810602,-5.892983906,-6.101810602,0.000000000,1
5348.723969936,26,26,310,15.917924630,-5.892983906,-6.101810602,-5.892983906,-6.101810602,0.000000000,1
5349.837895393,26,26,316,15.877569940,-5.892983906,-6.101810602,-5.892983906,-6.101810602,0.000000000,1
5350.871557474,26,26,312,15.677580482,-5.892983906,-6.101810602,-5.892983906,-6.101810602,0.000000000,1
5351.912006140,26,26,310,15.577580803,-5.892983906,-6.101810602,-5.892983906,-6.101810602,0.000000000,1
5352.943151951,26,26,308,15.477592349,-5.892983906,-6.101810602,-5.892983906,-6.101810602,0.000000000,1
5353.998746872,26,26,306,15.377592623,-5.892983906,-6.101810602,-5.892983906,-6.101810602,0.000000000,1
5354.944482565,26,26,304,15.277601575,-5.892983906,-6.101810602,-5.892983906,-6.101810602,0.000000000,1
5356.017931461,26,26,300,15.077612380,-5.892983906,-6.101810602,-5.892983906,-6.101810602,0.000000000,1
5357.029019833,26,26,298,14.977614213,-5.892983906,-6.101810602,-5.892983906,-6.101810602,0.000000000,1
5358.088784456,26,26,296,14.877625111,-5.892983906,-6.101810602,-5.892983906,-6.101810602,0.000000000,1
5359.152012587,26,26,294,14.777627850,-5.892983906,-6.101810602,-5.892983906,-6.101810602,0.000000000,1
5360.186997414,26,26,292,14.677639703,-5.892983906,-6.101810602,-5.892983906,-6.101810602,0.000000000,1
5361.266721725,26,26,287,14.432244329,-5.892983906,-6.101810602,-5.892983906,-6.101810602,0.000000000,1
5362.254067421,26,26,285,14.332253132,-5.892983906,-6.101810602,-5.892983906,-6.101810602,0.000000000,1
5363.298495293,26,26,283,14.232270843,-5.892983906,-6.101810602,-5.892983906,-6.101810602,0.000000000,1
5364.399975538,26,26,282,14.151604579,-5.892983906,-6.101810602,-5.892983906,-6.101810602,0.000000000,1
5365.475525618,26,26,280,14.051617043,-5.892983906,-6.101810602,-5.892983906,-6.101810602,0.000000000,1
5366.452629805,26,26,277,13.936830598,-5.892983906,-6.101810602,-5.892983906,-6.101810602,0.000000000,1
5367.622118950,26,26,275,13.836855318,-5.892983906,-6.101810602,-5.892983906,-6.101810602,0.000000000,1
5368.597866535,26,26,271,13.636898617,-5.892983906,-6.101810602,-5.892983906,-6.101810602,0.000000000,1
5369.563136816,26,26,269,13.535828231,-5.892983906,-6.101810602,-5.892983906,-6.101810602,0.000000000,1
5370.595425844,26,26,267,13.435861281,-5.892983906,-6.101810602,-5.892983906,-6.101810602,0.000000000,1
5371.678609848,26,26,264,13.250250711,-5.892983906,-6.101810602,-5.892983906,-6.101810602,0.000000000,1
5372.727509499,26,26,262,13.150272616,-5.892983906,-6.101810602,-5.892983906,-6.101810602,0.000000000,1
5373.796621323,26,26,262,13.162163226,-5.892983906,-6.101810602,-5.892983906,-6.101810602,0.000000000,1
5374.787503481,26,26,260,13.066576522,-5.892983906,-6.101810602,-5.892983906,-6.101810602,0.000000000,1
5375.833851814,26,26,258,12.962229919,-5.892983906,-6.101810602,-5.892983906,-6.101810602,0.000000000,1
5376.850133896,26,26,254,12.762315885,-5.892983906,-6.101810602,-5.892983906,-6.101810602,0.000000000,1
5377.934249878,26,26,252,12.666738351,-5.892983906,-6.101810602,-5.892983906,-6.101810602,0.000000000,1
5378.942141771,26,26,250,12.562425213,-5.892983906,-6.101810602,-5.892983906,-6.101810602,0.000000000,1
5379.943467140,26,26,246,12.362548293,-5.892983906,-6.101810602,-5.892983906,-6.101810602,0.000000000,1
5380.974238396,26,26,244,12.266988262,-5.892983906,-6.101810602,-5.892983906,-6.101810602,0.000000000,1
5382.066678524,26,26,242,12.162701898,-5.892983906,-6.101810602,-5.892983906,-6.101810602,0.000000000,1
5383.044956684,26,26,240,12.081474420,-5.892983906,-6.101810602,-5.892983906,-6.101810602,0.000000000,1
5384.122269154,26,26,236,11.881658642,-5.892983906,-6.101810602,-5.892983906,-6.101810602,0.000000000,1
5385.114653826,26,26,234,11.775979950,-5.892983906,-6.101810602,-5.892983906,-6.101810602,0.000000000,1
5386.161970854,26,26,232,11.681823549,-5.892983906,-6.101810602,-5.892983906,-6.101810602,0.000000000,1
5387.206137657,26,26,229,11.537903897,-5.892983906,-6.101810602,-5.892983906,-6.101810602,0.000000000,1
5388.253566980,26,26,227,11.436089254,-5.892983906,-6.101810602,-5.892983906,-6.101810602,0.000000000,1
5389.371674776,26,26,226,11.346808784,-5.892983906,-6.101810602,-5.892983906,-6.101810602,0.000000000,1
5390.317680359,26,26,224,11.248090422,-5.892983906,-6.101810602,-5.892983906,-6.101810602,0.000000000,1
5391.398828030,26,26,220,11.048391371,-5.892983906,-6.101810602,-5.892983906,-6.101810602,0.000000000,1
5392.378468990,26,26,218,10.947225803,-5.892983906,-6.101810602,-5.892983906,-6.101810602,0.000000000,1
5393.553038120,26,26,216,10.848591673,-5.892983906,-6.101810602,-5.892983906,-6.101810602,0.000000000,1
5394.548636913,26,26,212,10.649030707,-5.892983906,-6.101810602,-5.892983906,-6.101810602,0.000000000,1
5395.526674032,26,26,210,10.545300809,-5.892983906,-6.101810602,-5.892983906,-6.101810602,0.000000000,1
5396.563358068,26,26,208,10.446884934,-5.892983906,-6.101810602,-5.892983906,-6.101810602,0.000000000,1
5397.545500278,26,26,206,10.345873289,-5.892983906,-6.101810602,-5.892983906,-6.101810602,0.000000000,1
5398.607661009,26,26,204,10.247490262,-5.892983906,-6.101810602,-5.892983906,-6.101810602,0.000000000,1
5399.699420214,26,26,199,9.999233042,-5.892983906,-6.101810602,-5.892983906,-6.101810602,0.000000000,1
5400.670845985,26,26,197,9.898276829,-5.892983906,-6.101810602,-5.892983906,-6.101810602,0.000000000,1
5401.732946396,26,26,195,9.800476132,-5.892983906,-6.101810602,-5.892983906,-6.101810602,0.000000000,1
5402.725064516,26,26,193,9.709093401,-5.892983906,-6.101810602,-5.892983906,-6.101810602,0.000000000,1
5403.761621952,26,26,191,9.608922908,-5.892983906,-6.101810602,-5.892983906,-6.101810602,0.000000000,1
5404.793758631,26,26,187,9.410136263,-5.892983906,-6.101810602,-5.892983906,-6.101810602,0.000000000,1
5406.244955778,26,26,185,9.311614902,-5.892983906,-6.101810602,-5.892983906,-6.101810602,0.000000000,1
5406.862077236,26,26,183,9.211741388,-5.892983906,-6.101810602,-5.892983906,-6.101810602,0.000000000,1
5407.986056328,26,26,181,9.113377729,-5.892983906,-6.101810602,-5.892983906,-6.101810602,0.000000000,1
5408.948466301,26,26,179,9.013732459,-5.892983906,-6.101810602,-5.892983906,-6.101810602,0.000000000,1
5409.977922201,26,26,175,8.821616149,-5.892983906,-6.101810602,-5.892983906,-6.101810602,0.000000000,1
5411.031823874,26,26,173,8.719325944,-5.892983906,-6.101810602,-5.892983906,-6.101810602,0.000000000,1
5412.068790436,26,26,171,8.625189493,-5.892983906,-6.101810602,-5.892983906,-6.101810602,0.000000000,1
5413.120576143,26,26,169,8.523915982,-5.892983906,-6.101810602,-5.892983906,-6.101810602,0.000000000,1
5414.216007471,26,26,167,8.431150973,-5.892983906,-6.101810602,-5.892983906,-6.101810602,0.000000000,1
5415.213561296,26,26,165,8.330409849,-5.892983906,-6.101810602,-5.892983906,-6.101810602,0.000000000,1
5416.260935545,26,26,163,8.237136550,-5.892983906,-6.101810602,-5.892983906,-6.101810602,0.000000000,1
5417.283804417,26,26,161,8.138490618,-5.892983906,-6.101810602,-5.892983906,-6.101810602,0.000000000,1
5418.324139595,26,26,158,7.944190250,-5.892983906,-6.101810602,-5.892983906,-6.101810602,0.000000000,1
5419.384238243,26,26,156,7.848918071,-5.892983906,-6.101810602,-5.892983906,-6.101810602,0.000000000,1
5420.391932487,26,26,154,7.752642481,-5.892983906,-6.101810602,-5.892983906,-6.101810602,0.000000000,1
5421.496452808,26,26,152,7.657296180,-5.892983906,-6.101810602,-5.892983906,-6.101810602,0.000000000,1
5422.479943037,26,26,148,7.458969767,-5.892983906,-6.101810602,-5.892983906,-6.101810602,0.000000000,1
5423.554971695,26,26,146,7.354970664,-5.892983906,-6.101810602,-5.892983906,-6.101810602,0.000000000,1
5424.551655293,26,26,144,7.284466742,-5.892983906,-6.101810602,-5.892983906,-6.101810602,0.000000000,1
5425.694245815,26,26,142,7.184404660,-5.892983906,-6.101810602,-5.892983906,-6.101810602,0.000000000,1
5426.633296967,26,26,140,7.085824826,-5.892983906,-6.101810602,-5.892983906,-6.101810602,0.000000000,1
5427.770263672,26,26,139,6.989624955,-5.892983906,-6.101810602,-5.892983906,-6.101810602,0.000000000,1
5428.720769405,26,26,137,6.893030230,-5.892983906,-6.101810602,-5.892983906,-6.101810602,0.000000000,1
5429.742805243,26,26,133,6.691788793,-5.892983906,-6.101810602,-5.892983906,-6.101810602,0.000000000,1
5430.789371252,26,26,130,6.581804037,-5.892983906,-6.101810602,-5.892983906,-6.101810602,0.000000000,1
5431.847979069,26,26,129,6.499414577,-5.892983906,-6.101810602,-5.892983906,-6.101810602,0.000000000,1
5432.891288280,26,26,127,6.390364624,-5.892983906,-6.101810602,-5.892983906,-6.101810602,0.000000000,1
5433.892756701,26,26,124,6.261730701,-5.892983906,-6.101810602,-5.892983906,-6.101810602,0.000000000,1
5434.876242399,26,26,122,6.169349853,-5.892983906,-6.101810602,-5.892983906,-6.101810602,0.000000000,1
5435.879547596,26,26,120,6.071496392,-5.892983906,-6.101810602,-5.892983906,-6.101810602,0.000000000,1
5436.936814785,26,26,118,5.980131806,-5.892983906,-6.101810602,-5.892983906,-6.101810602,0.000000000,1
5437.920353174,26,26,116,5.850490753,-5.892983906,-6.101810602,-5.892983906,-6.101810602,0.000000000,1
5439.161101341,26,26,112,5.662649573,-5.892983906,-6.101810602,-5.892983906,-6.101810602,0.000000000,1
5440.006411314,26,26,112,5.662649573,-5.892983906,-6.101810602,-5.892983906,-6.101810602,0.000000000,1
5441.016130686,26,26,108,5.442865253,-5.892983906,-6.101810602,-5.892983906,-6.101810602,0.000000000,1
5442.101571321,26,26,108,5.442865253,-5.892983906,-6.101810602,-5.892983906,-6.101810602,0.000000000,1
5443.105289698,26,26,106,5.348554088,-5.892983906,-6.101810602,-5.892983906,-6.101810602,0.000000000,1
5444.165114880,26,26,101,5.107599207,-5.892983906,-6.101810602,-5.892983906,-6.101810602,0.000000000,1
5445.146216869,26,26,101,5.122676875,-5.892983906,-6.101810602,-5.892983906,-6.101810602,0.000000000,1
5446.205542088,26,26,99,5.025896250,-5.892983906,-6.101810602,-5.892983906,-6.101810602,0.000000000,1
5447.228250027,26,26,97,4.932270171,-5.892983906,-6.101810602,-5.892983906,-6.101810602,0.000000000,1
5448.249791622,26,26,95,4.796379653,-5.892983906,-6.101810602,-5.892983906,-6.101810602,0.000000000,1
5449.226000547,26,26,93,4.699658143,-5.892983906,-6.101810602,-5.892983906,-6.101810602,0.000000000,1
5450.295270205,26,26,91,4.602547448,-5.892983906,-6.101810602,-5.892983906,-6.101810602,0.000000000,1
5451.334873915,26,26,88,4.471989708,-5.892983906,-6.101810602,-5.892983906,-6.101810602,0.000000000,1
5452.295192719,26,26,86,4.381456402,-5.892983906,-6.101810602,-5.892983906,-6.101810602,0.000000000,1
5453.326368332,26,26,84,4.295069750,-5.892983906,-6.101810602,-5.892983906,-6.101810602,0.000000000,1
5454.372599602,26,26,80,4.154693779,-5.892983906,-6.101810602,-5.892983906,-6.101810602,0.000000000,1
5455.403283834,26,26,81,4.089276047,-5.892983906,-6.101810602,-5.892983906,-6.101810602,0.000000000,1
5456.393718958,26,26,78,3.968087318,-5.892983906,-6.101810602,-5.892983906,-6.101810602,0.000000000,1
5457.449867964,26,26,76,3.859085656,-5.892983906,-6.101810602,-5.892983906,-6.101810602,0.000000000,1
5458.478848934,26,26,74,3.750033717,-5.892983906,-6.101810602,-5.892983906,-6.101810602,0.000000000,1
5459.496714354,26,26,71,3.638553354,-5.892983906,-6.101810602,-5.892983906,-6.101810602,0.000000000,1
5460.506892443,26,26,68,3.538016321,-5.892983906,-6.101810602,-5.892983906,-6.101810602,0.000000000,1
5461.534161091,26,26,68,3.443168481,-5.892983906,-6.101810602,-5.892983906,-6.101810602,0.000000000,1
5462.582015514,26,26,65,3.338791584,-5.892983906,-6.101810602,-5.892983906,-6.101810602,0.000000000,1
5463.641151667,26,26,62,3.236218431,-5.892983906,-6.101810602,-5.892983906,-6.101810602,0.000000000,1
5464.625506163,26,26,61,3.130983637,-5.892983906,-6.101810602,-5.892983906,-6.101810602,0.000000000,1
5465.665154219,26,26,59,3.035520548,-5.892983906,-6.101810602,-5.892983906,-6.101810602,0.000000000,1
5466.660446882,26,26,57,2.924352782,-5.892983906,-6.101810602,-5.892983906,-6.101810602,0.000000000,1
5467.727742672,26,26,55,2.824761577,-5.892983906,-6.101810602,-5.892983906,-6.101810602,0.000000000,1
5468.730697155,26,26,53,2.724265775,-5.892983906,-6.101810602,-5.892983906,-6.101810602,0.000000000,1
5469.772027254,26,26,51,2.624575801,-5.892983906,-6.101810602,-5.892983906,-6.101810602,0.000000000,1
5470.784066439,26,26,47,2.424336157,-5.892983906,-6.101810602,-5.892983906,-6.101810602,0.000000000,1
5471.939706087,26,26,45,2.323781081,-5.892983906,-6.101810602,-5.892983906,-6.101810602,0.000000000,1
5472.883952618,26,26,44,2.231313247,-5.892983906,-6.101810602,-5.892983906,-6.101810602,0.000000000,1
5473.847886562,26,26,42,2.132048261,-5.892983906,-6.101810602,-5.892983906,-6.101810602,0.000000000,1
5474.889100075,26,26,39,2.029964120,-5.892983906,-6.101810602,-5.892983906,-6.101810602,0.000000000,1
5475.915579796,26,26,37,1.930853567,-5.892983906,-6.101810602,-5.892983906,-6.101810602,0.000000000,1
5476.922546387,26,26,35,1.823230510,-5.892983906,-6.101810602,-5.892983906,-6.101810602,0.000000000,1
5477.931370735,26,26,31,1.623538238,-5.892983906,-6.101810602,-5.892983906,-6.101810602,0.000000000,1
5478.967021942,26,26,29,1.523226281,-5.892983906,-6.101810602,-5.892983906,-6.101810602,0.000000000,1
5480.001820803,26,26,27,1.418471870,-5.892983906,-6.101810602,-5.892983906,-6.101810602,0.000000000,1
5481.023487091,26,26,25,1.317487026,-5.892983906,-6.101810602,-5.892983906,-6.101810602,0.000000000,1
5482.033055782,26,26,23,1.221130281,-5.892983906,-6.101810602,-5.892983906,-6.101810602,0.000000000,1
5483.054455757,26,26,21,1.096172099,-5.892983906,-6.101810602,-5.892983906,-6.101810602,0.000000000,1
5484.096682787,26,26,21,1.096172099,-5.892983906,-6.101810602,-5.892983906,-6.101810602,0.000000000,1
5485.121469259,26,26,19,0.999795943,-5.892983906,-6.101810602,-5.892983906,-6.101810602,0.000000000,1
5486.141376257,26,26,16,0.852666676,-5.892983906,-6.101810602,-5.892983906,-6.101810602,0.000000000,1
5487.144753456,26,26,16,0.852666676,-5.892983906,-6.101810602,-5.892983906,-6.101810602,0.000000000,1
5488.164086819,26,26,16,0.852666676,-5.892983906,-6.101810602,-5.892983906,-6.101810602,0.000000000,1
5489.199588299,26,26,12,0.701878569,-5.892983906,-6.101810602,-5.892983906,-6.101810602,0.000000000,1
5490.242898226,26,26,12,0.701878569,-5.892983906,-6.101810602,-5.892983906,-6.101810602,0.000000000,1
5491.250389814,26,26,10,0.605940936,-5.892983906,-6.101810602,-5.892983906,-6.101810602,0.000000000,1
5492.305743217,26,26,10,0.586042675,-5.892983906,-6.101810602,-5.892983906,-6.101810602,0.000000000,1
5493.342123985,26,26,9,0.506277172,-5.892983906,-6.101810602,-5.892983906,-6.101810602,0.000000000,1
5494.398354292,26,26,9,0.506277172,-5.892983906,-6.101810602,-5.892983906,-6.101810602,0.000000000,1
5542.908576727,27,27,232,11.696445953,-3.006743453,-6.636661721,-3.006743453,-6.636661721,0.000000000,1
5543.759384394,27,27,232,11.696445953,-3.006743453,-6.636661721,-3.006743453,-6.636661721,0.000000000,1
5544.781854630,27,27,232,11.685077047,-3.006743453,-6.636661721,-3.006743453,-6.636661721,0.000000000,1
5545.758882761,27,27,230,11.570502986,-3.006743453,-6.636661721,-3.006743453,-6.636661721,0.000000000,1
5546.843126535,27,27,227,11.471129227,-3.006743453,-6.636661721,-3.006743453,-6.636661721,0.000000000,1
5547.908499718,27,27,227,11.437458768,-3.006743453,-6.636661721,-3.006743453,-6.636661721,0.000000000,1
5548.891427755,27,27,225,11.348222060,-3.006743453,-6.636661721,-3.006743453,-6.636661721,0.000000000,1
5549.989289761,27,27,223,11.250348040,-3.006743453,-6.636661721,-3.006743453,-6.636661721,0.000000000,1
5550.997168303,27,27,223,11.250348040,-3.006743453,-6.636661721,-3.006743453,-6.636661721,0.000000000,1
5552.023811340,27,27,221,11.121390923,-3.006743453,-6.636661721,-3.006743453,-6.636661721,0.000000000,1
5553.168573618,27,27,218,11.010760775,-3.006743453,-6.636661721,-3.006743453,-6.636661721,0.000000000,1
5554.128058434,27,27,217,10.962944500,-3.006743453,-6.636661721,-3.006743453,-6.636661721,0.000000000,1
5555.170697689,27,27,215,10.870382593,-3.006743453,-6.636661721,-3.006743453,-6.636661721,0.000000000,1
5556.186429977,27,27,215,10.870382593,-3.006743453,-6.636661721,-3.006743453,-6.636661721,0.000000000,1
5557.208726645,27,27,213,10.715591310,-3.006743453,-6.636661721,-3.006743453,-6.636661721,0.000000000,1
5558.336783409,27,27,213,10.715591310,-3.006743453,-6.636661721,-3.006743453,-6.636661721,0.000000000,1
5559.316455603,27,27,213,10.715591310,-3.006743453,-6.636661721,-3.006743453,-6.636661721,0.000000000,1
5560.328064680,27,27,213,10.715591310,-3.006743453,-6.636661721,-3.006743453,-6.636661721,0.000000000,1
5561.388517380,27,27,213,10.713948916,-3.006743453,-6.636661721,-3.006743453,-6.636661721,0.000000000,1
5562.436731577,27,27,213,10.713948916,-3.006743453,-6.636661721,-3.006743453,-6.636661721,0.000000000,1
5563.487915993,27,27,210,10.608321022,-3.006743453,-6.636661721,-3.006743453,-6.636661721,0.000000000,1
5564.503979206,27,27,212,10.679854645,-3.006743453,-6.636661721,-3.006743453,-6.636661721,0.000000000,1
5565.511219501,27,27,209,10.570387942,-3.006743453,-6.636661721,-3.006743453,-6.636661721,0.000000000,1
5566.548815727,27,27,206,10.379824035,-3.006743453,-6.636661721,-3.006743453,-6.636661721,0.000000000,1
5567.588645697,27,27,204,10.284300802,-3.006743453,-6.636661721,-3.006743453,-6.636661721,0.000000000,1
5568.638567686,27,27,202,10.180394082,-3.006743453,-6.636661721,-3.006743453,-6.636661721,0.000000000,1
5569.670202732,27,27,199,10.072111190,-3.006743453,-6.636661721,-3.006743453,-6.636661721,0.000000000,1
5570.697051048,27,27,196,9.881056534,-3.006743453,-6.636661721,-3.006743453,-6.636661721,0.000000000,1
5571.754880428,27,27,194,9.792065450,-3.006743453,-6.636661721,-3.006743453,-6.636661721,0.000000000,1
5572.789719582,27,27,192,9.686004842,-3.006743453,-6.636661721,-3.006743453,-6.636661721,0.000000000,1
5573.964259148,27,27,190,9.575321111,-3.006743453,-6.636661721,-3.006743453,-6.636661721,0.000000000,1
5574.915730953,27,27,186,9.411444698,-3.006743453,-6.636661721,-3.006743453,-6.636661721,0.000000000,1
5575.923433781,27,27,185,9.321881675,-3.006743453,-6.636661721,-3.006743453,-6.636661721,0.000000000,1
5576.906961441,27,27,181,9.121723855,-3.006743453,-6.636661721,-3.006743453,-6.636661721,0.000000000,1
5577.929178238,27,27,179,9.019705429,-3.006743453,-6.636661721,-3.006743453,-6.636661721,0.000000000,1
5578.989865541,27,27,176,8.903780963,-3.006743453,-6.636661721,-3.006743453,-6.636661721,0.000000000,1
5580.027800083,27,27,175,8.831334554,-3.006743453,-6.636661721,-3.006743453,-6.636661721,0.000000000,1
5581.027037144,27,27,173,8.731761491,-3.006743453,-6.636661721,-3.006743453,-6.636661721,0.000000000,1
5582.042703867,27,27,171,8.628487318,-3.006743453,-6.636661721,-3.006743453,-6.636661721,0.000000000,1
5583.096317053,27,27,170,8.504311953,-3.006743453,-6.636661721,-3.006743453,-6.636661721,0.000000000,1
5584.146627903,27,27,170,8.504311953,-3.006743453,-6.636661721,-3.006743453,-6.636661721,0.000000000,1
5585.144464016,27,27,168,8.402948350,-3.006743453,-6.636661721,-3.006743453,-6.636661721,0.000000000,1
5586.231647015,27,27,166,8.309966597,-3.006743453,-6.636661721,-3.006743453,-6.636661721,0.000000000,1
5587.188022852,27,27,163,8.177042140,-3.006743453,-6.636661721,-3.006743453,-6.636661721,0.000000000,1
5588.282137632,27,27,162,8.084941517,-3.006743453,-6.636661721,-3.006743453,-6.636661721,0.000000000,1
5589.345455408,27,27,158,7.884379100,-3.006743453,-6.636661721,-3.006743453,-6.636661721,0.000000000,1
5590.314349174,27,27,155,7.774656745,-3.006743453,-6.636661721,-3.006743453,-6.636661721,0.000000000,1
5591.299593210,27,27,155,7.774656745,-3.006743453,-6.636661721,-3.006743453,-6.636661721,0.000000000,1
5592.393045425,27,27,151,7.575528324,-3.006743453,-6.636661721,-3.006743453,-6.636661721,0.000000000,1
5593.446547270,27,27,150,7.484819645,-3.006743453,-6.636661721,-3.006743453,-6.636661721,0.000000000,1
5594.419456482,27,27,147,7.360726102,-3.006743453,-6.636661721,-3.006743453,-6.636661721,0.000000000,1
5595.466884613,27,27,146,7.283327471,-3.006743453,-6.636661721,-3.006743453,-6.636661721,0.000000000,1
5596.525300741,27,27,143,7.161897267,-3.006743453,-6.636661721,-3.006743453,-6.636661721,0.000000000,1
5597.517085552,27,27,142,7.084551904,-3.006743453,-6.636661721,-3.006743453,-6.636661721,0.000000000,1
5598.583032131,27,27,139,6.963253922,-3.006743453,-6.636661721,-3.006743453,-6.636661721,0.000000000,1
5599.595685959,27,27,138,6.886064731,-3.006743453,-6.636661721,-3.006743453,-6.636661721,0.000000000,1
5600.660161734,27,27,135,6.764996426,-3.006743453,-6.636661721,-3.006743453,-6.636661721,0.000000000,1
5601.710339546,27,27,134,6.687921745,-3.006743453,-6.636661721,-3.006743453,-6.636661721,0.000000000,1
5602.733548880,27,27,131,6.567224264,-3.006743453,-6.636661721,-3.006743453,-6.636661721,0.000000000,1
5603.788933754,27,27,130,6.490356652,-3.006743453,-6.636661721,-3.006743453,-6.636661721,0.000000000,1
5604.849224329,27,27,127,6.370076881,-3.006743453,-6.636661721,-3.006743453,-6.636661721,0.000000000,1
5605.901935339,27,27,126,6.294140294,-3.006743453,-6.636661721,-3.006743453,-6.636661721,0.000000000,1
5606.936322451,27,27,124,6.183679080,-3.006743453,-6.636661721,-3.006743453,-6.636661721,0.000000000,1
5607.921845675,27,27,122,6.104310158,-3.006743453,-6.636661721,-3.006743453,-6.636661721,0.000000000,1
5609.008380175,27,27,122,6.104310158,-3.006743453,-6.636661721,-3.006743453,-6.636661721,0.000000000,1
5609.984684944,27,27,120,5.984125003,-3.006743453,-6.636661721,-3.006743453,-6.636661721,0.000000000,1
5611.026290894,27,27,118,5.946528961,-3.006743453,-6.636661721,-3.006743453,-6.636661721,0.000000000,1
5612.063603163,27,27,115,5.841476535,-3.006743453,-6.636661721,-3.006743453,-6.636661721,0.000000000,1
5613.065260649,27,27,112,5.689452002,-3.006743453,-6.636661721,-3.006743453,-6.636661721,0.000000000,1
5614.098073483,27,27,109,5.590014339,-3.006743453,-6.636661721,-3.006743453,-6.636661721,0.000000000,1
5615.159542799,27,27,108,5.469761767,-3.006743453,-6.636661721,-3.006743453,-6.636661721,0.000000000,1
5616.178281784,27,27,105,5.334786359,-3.006743453,-6.636661721,-3.006743453,-6.636661721,0.000000000,1
5617.177196026,27,27,103,5.200094764,-3.006743453,-6.636661721,-3.006743453,-6.636661721,0.000000000,1
5618.233200312,27,27,98,5.074636012,-3.006743453,-6.636661721,-3.006743453,-6.636661721,0.000000000,1
5619.244751692,27,27,98,4.982296089,-3.006743453,-6.636661721,-3.006743453,-6.636661721,0.000000000,1
5620.302168369,27,27,96,4.869305720,-3.006743453,-6.636661721,-3.006743453,-6.636661721,0.000000000,1
5621.311234474,27,27,94,4.748428040,-3.006743453,-6.636661721,-3.006743453,-6.636661721,0.000000000,1
5622.341684341,27,27,91,4.616668949,-3.006743453,-6.636661721,-3.006743453,-6.636661721,0.000000000,1
5623.373895884,27,27,89,4.518078943,-3.006743453,-6.636661721,-3.006743453,-6.636661721,0.000000000,1
5624.389863968,27,27,87,4.421482866,-3.006743453,-6.636661721,-3.006743453,-6.636661721,0.000000000,1
5625.398330688,27,27,83,4.218108947,-3.006743453,-6.636661721,-3.006743453,-6.636661721,0.000000000,1
5626.431015015,27,27,81,4.100366088,-3.006743453,-6.636661721,-3.006743453,-6.636661721,0.000000000,1
5627.468065977,27,27,79,4.006813710,-3.006743453,-6.636661721,-3.006743453,-6.636661721,0.000000000,1
5628.469676495,27,27,76,3.941511844,-3.006743453,-6.636661721,-3.006743453,-6.636661721,0.000000000,1
5629.491361856,27,27,74,3.783248996,-3.006743453,-6.636661721,-3.006743453,-6.636661721,0.000000000,1
5630.531939745,27,27,70,3.640957930,-3.006743453,-6.636661721,-3.006743453,-6.636661721,0.000000000,1
5631.552337646,27,27,67,3.485706026,-3.006743453,-6.636661721,-3.006743453,-6.636661721,0.000000000,1
5632.577035904,27,27,66,3.356750738,-3.006743453,-6.636661721,-3.006743453,-6.636661721,0.000000000,1
5633.614507437,27,27,64,3.258799876,-3.006743453,-6.636661721,-3.006743453,-6.636661721,0.000000000,1
5634.636990786,27,27,61,3.193663242,-3.006743453,-6.636661721,-3.006743453,-6.636661721,0.000000000,1
5635.639160872,27,27,59,2.995232985,-3.006743453,-6.636661721,-3.006743453,-6.636661721,0.000000000,1
5636.717973948,27,27,57,2.895204640,-3.006743453,-6.636661721,-3.006743453,-6.636661721,0.000000000,1
5637.712461948,27,27,55,2.794997031,-3.006743453,-6.636661721,-3.006743453,-6.636661721,0.000000000,1
5638.715540171,27,27,53,2.694724176,-3.006743453,-6.636661721,-3.006743453,-6.636661721,0.000000000,1
5639.781763077,27,27,54,2.748516760,-3.006743453,-6.636661721,-3.006743453,-6.636661721,0.000000000,1
5640.822346926,27,27,50,2.569608429,-3.006743453,-6.636661721,-3.006743453,-6.636661721,0.000000000,1
5641.823788404,27,27,44,2.289184190,-3.006743453,-6.636661721,-3.006743453,-6.636661721,0.000000000,1
5642.833606958,27,27,42,2.189184189,-3.006743453,-6.636661721,-3.006743453,-6.636661721,0.000000000,1
5643.871289730,27,27,40,2.089184187,-3.006743453,-6.636661721,-3.006743453,-6.636661721,0.000000000,1
5644.910045385,27,27,38,1.989184186,-3.006743453,-6.636661721,-3.006743453,-6.636661721,0.000000000,1
5645.920097351,27,27,36,1.889184184,-3.006743453,-6.636661721,-3.006743453,-6.636661721,0.000000000,1
5646.944366217,27,27,34,1.789184183,-3.006743453,-6.636661721,-3.006743453,-6.636661721,0.000000000,1
5647.992427588,27,27,32,1.689184181,-3.006743453,-6.636661721,-3.006743453,-6.636661721,0.000000000,1
5649.010651350,27,27,30,1.589184180,-3.006743453,-6.636661721,-3.006743453,-6.636661721,0.000000000,1
5650.030272961,27,27,28,1.489184178,-3.006743453,-6.636661721,-3.006743453,-6.636661721,0.000000000,1
5651.099773407,27,27,26,1.389184177,-3.006743453,-6.636661721,-3.006743453,-6.636661721,0.000000000,1
5652.060328245,27,27,24,1.289184175,-3.006743453,-6.636661721,-3.006743453,-6.636661721,0.000000000,1
5653.092693567,27,27,22,1.189184174,-3.006743453,-6.636661721,-3.006743453,-6.636661721,0.000000000,1
5654.144818544,27,27,20,1.089184172,-3.006743453,-6.636661721,-3.006743453,-6.636661721,0.000000000,1
5655.172086477,27,27,18,0.989184171,-3.006743453,-6.636661721,-3.006743453,-6.636661721,0.000000000,1
5656.175830126,27,27,16,0.889184169,-3.006743453,-6.636661721,-3.006743453,-6.636661721,0.000000000,1
5657.202032328,27,27,14,0.789184168,-3.006743453,-6.636661721,-3.006743453,-6.636661721,0.000000000,1
5658.254338980,27,27,12,0.689184166,-3.006743453,-6.636661721,-3.006743453,-6.636661721,0.000000000,1
5659.241678715,27,27,12,0.689184166,-3.006743453,-6.636661721,-3.006743453,-6.636661721,0.000000000,1
5660.268063307,27,27,10,0.589184165,-3.006743453,-6.636661721,-3.006743453,-6.636661721,0.000000000,1
5661.298152924,27,27,10,0.589184165,-3.006743453,-6.636661721,-3.006743453,-6.636661721,0.000000000,1
5662.316874266,27,27,8,0.489184163,-3.006743453,-6.636661721,-3.006743453,-6.636661721,0.000000000,1
5663.346200228,27,27,8,0.489184163,-3.006743453,-6.636661721,-3.006743453,-6.636661721,0.000000000,1
5713.907617331,28,28,155,7.733698636,1.787203771,-10.667955289,1.787203771,-10.667955289,0.000000000,1
5714.906089067,28,28,155,7.733698636,1.787203771,-10.667955289,1.787203771,-10.667955289,0.000000000,1
5715.912281990,28,28,154,7.695753491,1.787203771,-10.667955289,1.787203771,-10.667955289,0.000000000,1
5716.900164127,28,28,153,7.657563840,1.787203771,-10.667955289,1.787203771,-10.667955289,0.000000000,1
5717.970951796,28,28,151,7.525712686,1.787203771,-10.667955289,1.787203771,-10.667955289,0.000000000,1
5718.965756655,28,28,149,7.425913105,1.787203771,-10.667955289,1.787203771,-10.667955289,0.000000000,1
5720.000937462,28,28,149,7.425913105,1.787203771,-10.667955289,1.787203771,-10.667955289,0.000000000,1
5721.064864159,28,28,145,7.266811199,1.787203771,-10.667955289,1.787203771,-10.667955289,0.000000000,1
5722.156585455,28,28,145,7.232730812,1.787203771,-10.667955289,1.787203771,-10.667955289,0.000000000,1
5723.199456930,28,28,145,7.232730812,1.787203771,-10.667955289,1.787203771,-10.667955289,0.000000000,1
5724.208894730,28,28,141,7.066748145,1.787203771,-10.667955289,1.787203771,-10.667955289,0.000000000,1
5725.253607273,28,28,141,7.056645064,1.787203771,-10.667955289,1.787203771,-10.667955289,0.000000000,1
5726.239090919,28,28,137,6.866666214,1.787203771,-10.667955289,1.787203771,-10.667955289,0.000000000,1
5727.260835648,28,28,137,6.825888845,1.787203771,-10.667955289,1.787203771,-10.667955289,0.000000000,1
5728.315237522,28,28,137,6.832548313,1.787203771,-10.667955289,1.787203771,-10.667955289,0.000000000,1
5729.342102051,28,28,133,6.666558189,1.787203771,-10.667955289,1.787203771,-10.667955289,0.000000000,1
5730.383745670,28,28,133,6.633467136,1.787203771,-10.667955289,1.787203771,-10.667955289,0.000000000,1
5731.396426916,28,28,133,6.632413746,1.787203771,-10.667955289,1.787203771,-10.667955289,0.000000000,1
5732.437038660,28,28,129,6.466417696,1.787203771,-10.667955289,1.787203771,-10.667955289,0.000000000,1
5733.483803272,28,28,129,6.432234564,1.787203771,-10.667955289,1.787203771,-10.667955289,0.000000000,1
5734.529275179,28,28,125,6.266226690,1.787203771,-10.667955289,1.787203771,-10.667955289,0.000000000,1
5735.558271408,28,28,125,6.266226690,1.787203771,-10.667955289,1.787203771,-10.667955289,0.000000000,1
5736.616343737,28,28,125,6.231997812,1.787203771,-10.667955289,1.787203771,-10.667955289,0.000000000,1
5737.763257027,28,28,121,6.065967429,1.787203771,-10.667955289,1.787203771,-10.667955289,0.000000000,1
5738.736217260,28,28,121,6.031859485,1.787203771,-10.667955289,1.787203771,-10.667955289,0.000000000,1
5739.834220171,28,28,121,6.031859485,1.787203771,-10.667955289,1.787203771,-10.667955289,0.000000000,1
5740.878322363,28,28,117,5.865837013,1.787203771,-10.667955289,1.787203771,-10.667955289,0.000000000,1
5741.890029430,28,28,117,5.831938890,1.787203771,-10.667955289,1.787203771,-10.667955289,0.000000000,1
5742.917752981,28,28,115,5.738135138,1.787203771,-10.667955289,1.787203771,-10.667955289,0.000000000,1
5743.903722286,28,28,115,5.738135138,1.787203771,-10.667955289,1.787203771,-10.667955289,0.000000000,1
5744.948326826,28,28,113,5.637850836,1.787203771,-10.667955289,1.787203771,-10.667955289,0.000000000,1
5745.973615408,28,28,111,5.542437548,1.787203771,-10.667955289,1.787203771,-10.667955289,0.000000000,1
5747.292315960,28,28,109,5.439230118,1.787203771,-10.667955289,1.787203771,-10.667955289,0.000000000,1
5748.094927788,28,28,109,5.439230118,1.787203771,-10.667955289,1.787203771,-10.667955289,0.000000000,1
5749.120312214,28,28,107,5.341045842,1.787203771,-10.667955289,1.787203771,-10.667955289,0.000000000,1
5750.160838842,28,28,100,5.093517003,1.787203771,-10.667955289,1.787203771,-10.667955289,0.000000000,1
5751.234195709,28,28,96,4.993247052,1.787203771,-10.667955289,1.787203771,-10.667955289,0.000000000,1
5752.285085440,28,28,96,4.993247052,1.787203771,-10.667955289,1.787203771,-10.667955289,0.000000000,1
5753.268642664,28,28,96,4.871957811,1.787203771,-10.667955289,1.787203771,-10.667955289,0.000000000,1
5754.336476088,28,28,94,4.771194821,1.787203771,-10.667955289,1.787203771,-10.667955289,0.000000000,1
5755.388442039,28,28,94,4.771194821,1.787203771,-10.667955289,1.787203771,-10.667955289,0.000000000,1
5756.415077925,28,28,92,4.705121166,1.787203771,-10.667955289,1.787203771,-10.667955289,0.000000000,1
5757.429933786,28,28,90,4.563331987,1.787203771,-10.667955289,1.787203771,-10.667955289,0.000000000,1
5758.438458920,28,28,90,4.563374611,1.787203771,-10.667955289,1.787203771,-10.667955289,0.000000000,1
5759.493535519,28,28,86,4.373499296,1.787203771,-10.667955289,1.787203771,-10.667955289,0.000000000,1
5760.511343241,28,28,85,4.313663830,1.787203771,-10.667955289,1.787203771,-10.667955289,0.000000000,1
5761.515226603,28,28,82,4.214388713,1.787203771,-10.667955289,1.787203771,-10.667955289,0.000000000,1
5762.565489531,28,28,79,4.063021094,1.787203771,-10.667955289,1.787203771,-10.667955289,0.000000000,1
5763.610147953,28,28,79,4.065368193,1.787203771,-10.667955289,1.787203771,-10.667955289,0.000000000,1
5764.636288404,28,28,77,3.962940472,1.787203771,-10.667955289,1.787203771,-10.667955289,0.000000000,1
5765.628550768,28,28,74,3.806212656,1.787203771,-10.667955289,1.787203771,-10.667955289,0.000000000,1
5766.666740894,28,28,73,3.740655350,1.787203771,-10.667955289,1.787203771,-10.667955289,0.000000000,1
5767.692190647,28,28,71,3.648381645,1.787203771,-10.667955289,1.787203771,-10.667955289,0.000000000,1
5768.727566957,28,28,69,3.540578347,1.787203771,-10.667955289,1.787203771,-10.667955289,0.000000000,1
5769.824426651,28,28,69,3.540578347,1.787203771,-10.667955289,1.787203771,-10.667955289,0.000000000,1
5770.821588755,28,28,67,3.442382546,1.787203771,-10.667955289,1.787203771,-10.667955289,0.000000000,1
5771.896065950,28,28,65,3.342591113,1.787203771,-10.667955289,1.787203771,-10.667955289,0.000000000,1
5772.876784801,28,28,63,3.242379347,1.787203771,-10.667955289,1.787203771,-10.667955289,0.000000000,1
5773.887314558,28,28,65,3.313918213,1.787203771,-10.667955289,1.787203771,-10.667955289,0.000000000,1
5774.906335354,28,28,62,3.160459981,1.787203771,-10.667955289,1.787203771,-10.667955289,0.000000000,1
5775.928927898,28,28,60,3.112622970,1.787203771,-10.667955289,1.787203771,-10.667955289,0.000000000,1
5776.942396164,28,28,60,3.112622970,1.787203771,-10.667955289,1.787203771,-10.667955289,0.000000000,1
5777.973133087,28,28,60,3.101184559,1.787203771,-10.667955289,1.787203771,-10.667955289,0.000000000,1
5778.995170832,28,28,60,3.101184559,1.787203771,-10.667955289,1.787203771,-10.667955289,0.000000000,1
5780.131510019,28,28,60,3.101184559,1.787203771,-10.667955289,1.787203771,-10.667955289,0.000000000,1
5781.045866489,28,28,60,3.101184559,1.787203771,-10.667955289,1.787203771,-10.667955289,0.000000000,1
5782.055242062,28,28,60,3.101184559,1.787203771,-10.667955289,1.787203771,-10.667955289,0.000000000,1
5783.087152958,28,28,59,3.012417155,1.787203771,-10.667955289,1.787203771,-10.667955289,0.000000000,1
5784.080933809,28,28,57,2.917505739,1.787203771,-10.667955289,1.787203771,-10.667955289,0.000000000,1
5785.128047466,28,28,55,2.816133780,1.787203771,-10.667955289,1.787203771,-10.667955289,0.000000000,1
5786.134358883,28,28,52,2.700572866,1.787203771,-10.667955289,1.787203771,-10.667955289,0.000000000,1
5787.162865639,28,28,48,2.499763420,1.787203771,-10.667955289,1.787203771,-10.667955289,0.000000000,1
5788.187224388,28,28,46,2.387454140,1.787203771,-10.667955289,1.787203771,-10.667955289,0.000000000,1
5789.221159220,28,28,43,2.240070060,1.787203771,-10.667955289,1.787203771,-10.667955289,0.000000000,1
5790.222113132,28,28,41,2.144147359,1.787203771,-10.667955289,1.787203771,-10.667955289,0.000000000,1
5791.239691257,28,28,39,2.048921573,1.787203771,-10.667955289,1.787203771,-10.667955289,0.000000000,1
5792.255007505,28,28,37,1.951605044,1.787203771,-10.667955289,1.787203771,-10.667955289,0.000000000,1
5793.302802801,28,28,47,2.461960007,1.787203771,-10.667955289,1.787203771,-10.667955289,0.000000000,1
5794.306637287,28,28,33,1.730617580,1.787203771,-10.667955289,1.787203771,-10.667955289,0.000000000,1
5795.339346647,28,28,32,1.676899359,1.787203771,-10.667955289,1.787203771,-10.667955289,0.000000000,1
5796.362600803,28,28,30,1.562298905,1.787203771,-10.667955289,1.787203771,-10.667955289,0.000000000,1
5797.380832672,28,28,28,1.480850858,1.787203771,-10.667955289,1.787203771,-10.667955289,0.000000000,1
5798.398226500,28,28,25,1.339165745,1.787203771,-10.667955289,1.787203771,-10.667955289,0.000000000,1
5799.432312727,28,28,22,1.197700594,1.787203771,-10.667955289,1.787203771,-10.667955289,0.000000000,1
5800.473212719,28,28,21,1.129869146,1.787203771,-10.667955289,1.787203771,-10.667955289,0.000000000,1
5801.524878263,28,28,18,0.989143215,1.787203771,-10.667955289,1.787203771,-10.667955289,0.000000000,1
5802.555244684,28,28,16,0.914911646,1.787203771,-10.667955289,1.787203771,-10.667955289,0.000000000,1
5803.565534830,28,28,15,0.848433870,1.787203771,-10.667955289,1.787203771,-10.667955289,0.000000000,1
5804.602676392,28,28,14,0.774752045,1.787203771,-10.667955289,1.787203771,-10.667955289,0.000000000,1
5805.675579309,28,28,12,0.708256587,1.787203771,-10.667955289,1.787203771,-10.667955289,0.000000000,1
5806.648377895,28,28,11,0.632154978,1.787203771,-10.667955289,1.787203771,-10.667955289,0.000000000,1
5807.711506128,28,28,10,0.568939458,1.787203771,-10.667955289,1.787203771,-10.667955289,0.000000000,1
5808.729226112,28,28,10,0.568939458,1.787203771,-10.667955289,1.787203771,-10.667955289,0.000000000,1
5809.838378429,28,28,8,0.490474706,1.787203771,-10.667955289,1.787203771,-10.667955289,0.000000000,1
5863.430670023,29,29,233,11.733498850,5.984447481,-10.771757520,5.984447481,-10.771757520,0.000000000,1
5864.449678183,29,29,231,11.651582577,5.984447481,-10.771757520,5.984447481,-10.771757520,0.000000000,1
5865.544584751,29,29,231,11.651582577,5.984447481,-10.771757520,5.984447481,-10.771757520,0.000000000,1
5866.526098728,29,29,230,11.610928329,5.984447481,-10.771757520,5.984447481,-10.771757520,0.000000000,1
5867.626662254,29,29,228,11.526415036,5.984447481,-10.771757520,5.984447481,-10.771757520,0.000000000,1
5868.623730421,29,29,227,11.444645018,5.984447481,-10.771757520,5.984447481,-10.771757520,0.000000000,1
5869.634308815,29,29,224,11.306772110,5.984447481,-10.771757520,5.984447481,-10.771757520,0.000000000,1
5870.720287800,29,29,224,11.306772110,5.984447481,-10.771757520,5.984447481,-10.771757520,0.000000000,1
5871.767155647,29,29,221,11.165464342,5.984447481,-10.771757520,5.984447481,-10.771757520,0.000000000,1
5872.839515448,29,29,221,11.165464342,5.984447481,-10.771757520,5.984447481,-10.771757520,0.000000000,1
5873.798579693,29,29,219,11.032984006,5.984447481,-10.771757520,5.984447481,-10.771757520,0.000000000,1
5874.966050148,29,29,219,11.032984006,5.984447481,-10.771757520,5.984447481,-10.771757520,0.000000000,1
5875.929208517,29,29,215,10.879491705,5.984447481,-10.771757520,5.984447481,-10.771757520,0.000000000,1
5876.928592682,29,29,214,10.806394984,5.984447481,-10.771757520,5.984447481,-10.771757520,0.000000000,1
5877.974897861,29,29,212,10.707426857,5.984447481,-10.771757520,5.984447481,-10.771757520,0.000000000,1
5878.984505415,29,29,212,10.681547314,5.984447481,-10.771757520,5.984447481,-10.771757520,0.000000000,1
5880.016222715,29,29,212,10.681547314,5.984447481,-10.771757520,5.984447481,-10.771757520,0.000000000,1
5881.089623213,29,29,212,10.681547314,5.984447481,-10.771757520,5.984447481,-10.771757520,0.000000000,1
5882.120339870,29,29,212,10.681547314,5.984447481,-10.771757520,5.984447481,-10.771757520,0.000000000,1
5883.150936365,29,29,211,10.661965161,5.984447481,-10.771757520,5.984447481,-10.771757520,0.000000000,1
5884.207742691,29,29,212,10.699009660,5.984447481,-10.771757520,5.984447481,-10.771757520,0.000000000,1
5885.182313919,29,29,212,10.682753099,5.984447481,-10.771757520,5.984447481,-10.771757520,0.000000000,1
5886.255384207,29,29,211,10.633347450,5.984447481,-10.771757520,5.984447481,-10.771757520,0.000000000,1
5887.231541634,29,29,211,10.633347450,5.984447481,-10.771757520,5.984447481,-10.771757520,0.000000000,1
5888.259733438,29,29,214,10.763794070,5.984447481,-10.771757520,5.984447481,-10.771757520,0.000000000,1
5889.255646944,29,29,208,10.486135336,5.984447481,-10.771757520,5.984447481,-10.771757520,0.000000000,1
5890.349633694,29,29,208,10.486135336,5.984447481,-10.771757520,5.984447481,-10.771757520,0.000000000,1
5891.396600246,29,29,206,10.371996530,5.984447481,-10.771757520,5.984447481,-10.771757520,0.000000000,1
5892.376385689,29,29,201,10.138976410,5.984447481,-10.771757520,5.984447481,-10.771757520,0.000000000,1
5893.453808069,29,29,199,10.057603299,5.984447481,-10.771757520,5.984447481,-10.771757520,0.000000000,1
5894.447662830,29,29,196,9.911198936,5.984447481,-10.771757520,5.984447481,-10.771757520,0.000000000,1
5895.532036543,29,29,195,9.845755081,5.984447481,-10.771757520,5.984447481,-10.771757520,0.000000000,1
5896.500306129,29,29,193,9.737077717,5.984447481,-10.771757520,5.984447481,-10.771757520,0.000000000,1
5897.552706957,29,29,190,9.612370731,5.984447481,-10.771757520,5.984447481,-10.771757520,0.000000000,1
5898.587108850,29,29,187,9.421684092,5.984447481,-10.771757520,5.984447481,-10.771757520,0.000000000,1
5899.642483711,29,29,184,9.268056240,5.984447481,-10.771757520,5.984447481,-10.771757520,0.000000000,1
5900.643428326,29,29,182,9.170885291,5.984447481,-10.771757520,5.984447481,-10.771757520,0.000000000,1
5901.694936275,29,29,179,9.053025916,5.984447481,-10.771757520,5.984447481,-10.771757520,0.000000000,1
5902.712716341,29,29,179,9.036379183,5.984447481,-10.771757520,5.984447481,-10.771757520,0.000000000,1
5903.748582840,29,29,175,8.828009294,5.984447481,-10.771757520,5.984447481,-10.771757520,0.000000000,1
5904.776423931,29,29,173,8.719061144,5.984447481,-10.771757520,5.984447481,-10.771757520,0.000000000,1
5905.845658064,29,29,171,8.627156118,5.984447481,-10.771757520,5.984447481,-10.771757520,0.000000000,1
5907.014267921,29,29,169,8.518095981,5.984447481,-10.771757520,5.984447481,-10.771757520,0.000000000,1
5907.886539459,29,29,167,8.427181523,5.984447481,-10.771757520,5.984447481,-10.771757520,0.000000000,1
5908.927285433,29,29,165,8.318124318,5.984447481,-10.771757520,5.984447481,-10.771757520,0.000000000,1
5909.951537848,29,29,163,8.227213611,5.984447481,-10.771757520,5.984447481,-10.771757520,0.000000000,1
5910.972533464,29,29,159,8.027252606,5.984447481,-10.771757520,5.984447481,-10.771757520,0.000000000,1
5912.043055058,29,29,157,7.918202635,5.984447481,-10.771757520,5.984447481,-10.771757520,0.000000000,1
5913.053305387,29,29,155,7.827301123,5.984447481,-10.771757520,5.984447481,-10.771757520,0.000000000,1
5914.073433638,29,29,153,7.718256585,5.984447481,-10.771757520,5.984447481,-10.771757520,0.000000000,1
5915.118297577,29,29,151,7.627360765,5.984447481,-10.771757520,5.984447481,-10.771757520,0.000000000,1
5916.189280748,29,29,149,7.518322278,5.984447481,-10.771757520,5.984447481,-10.771757520,0.000000000,1
5917.293880701,29,29,144,7.283101767,5.984447481,-10.771757520,5.984447481,-10.771757520,0.000000000,1
5918.211785078,29,29,142,7.183749195,5.984447481,-10.771757520,5.984447481,-10.771757520,0.000000000,1
5919.258704185,29,29,141,7.119091377,5.984447481,-10.771757520,5.984447481,-10.771757520,0.000000000,1
5920.323693991,29,29,139,7.028098708,5.984447481,-10.771757520,5.984447481,-10.771757520,0.000000000,1
5921.350223541,29,29,135,6.828219911,5.984447481,-10.771757520,5.984447481,-10.771757520,0.000000000,1
5922.374988317,29,29,133,6.719334881,5.984447481,-10.771757520,5.984447481,-10.771757520,0.000000000,1
5923.405207157,29,29,131,6.628373689,5.984447481,-10.771757520,5.984447481,-10.771757520,0.000000000,1
5924.417110205,29,29,128,6.484092842,5.984447481,-10.771757520,5.984447481,-10.771757520,0.000000000,1
5925.482326984,29,29,126,6.383365691,5.984447481,-10.771757520,5.984447481,-10.771757520,0.000000000,1
5926.484181881,29,29,124,6.286128547,5.984447481,-10.771757520,5.984447481,-10.771757520,0.000000000,1
5927.479990244,29,29,120,6.086322311,5.984447481,-10.771757520,5.984447481,-10.771757520,0.000000000,1
5928.547295332,29,29,118,5.983755923,5.984447481,-10.771757520,5.984447481,-10.771757520,0.000000000,1
5929.586639881,29,29,116,5.886570912,5.984447481,-10.771757520,5.984447481,-10.771757520,0.000000000,1
5930.590757608,29,29,114,5.785390568,5.984447481,-10.771757520,5.984447481,-10.771757520,0.000000000,1
5931.614252090,29,29,112,5.688209071,5.984447481,-10.771757520,5.984447481,-10.771757520,0.000000000,1
5932.649043322,29,29,110,5.585684242,5.984447481,-10.771757520,5.984447481,-10.771757520,0.000000000,1
5933.709459066,29,29,108,5.488544885,5.984447481,-10.771757520,5.984447481,-10.771757520,0.000000000,1
5934.697170734,29,29,104,5.289791398,5.984447481,-10.771757520,5.984447481,-10.771757520,0.000000000,1
5935.737500191,29,29,102,5.186731917,5.984447481,-10.771757520,5.984447481,-10.771757520,0.000000000,1
5936.816310406,29,29,100,5.085255592,5.984447481,-10.771757520,5.984447481,-10.771757520,0.000000000,1
5937.802476168,29,29,98,4.987200558,5.984447481,-10.771757520,5.984447481,-10.771757520,0.000000000,1
5938.885658264,29,29,96,4.885770165,5.984447481,-10.771757520,5.984447481,-10.771757520,0.000000000,1
5940.199086666,29,29,94,4.792228547,5.984447481,-10.771757520,5.984447481,-10.771757520,0.000000000,1
5940.861271620,29,29,90,4.593063771,5.984447481,-10.771757520,5.984447481,-10.771757520,0.000000000,1
5941.925469637,29,29,88,4.487548756,5.984447481,-10.771757520,5.984447481,-10.771757520,0.000000000,1
5942.968803406,29,29,86,4.393607390,5.984447481,-10.771757520,5.984447481,-10.771757520,0.000000000,1
5944.008035183,29,29,85,4.323141454,5.984447481,-10.771757520,5.984447481,-10.771757520,0.000000000,1
5944.975978613,29,29,83,4.218445832,5.984447481,-10.771757520,5.984447481,-10.771757520,0.000000000,1
5946.026592731,29,29,81,4.126143075,5.984447481,-10.771757520,5.984447481,-10.771757520,0.000000000,1
5947.037677765,29,29,77,3.925545617,5.984447481,-10.771757520,5.984447481,-10.771757520,0.000000000,1
5948.083424568,29,29,75,3.825054367,5.984447481,-10.771757520,5.984447481,-10.771757520,0.000000000,1
5949.127195358,29,29,73,3.727167596,5.984447481,-10.771757520,5.984447481,-10.771757520,0.000000000,1
5950.129821539,29,29,71,3.628363694,5.984447481,-10.771757520,5.984447481,-10.771757520,0.000000000,1
5951.216693878,29,29,69,3.532010465,5.984447481,-10.771757520,5.984447481,-10.771757520,0.000000000,1
5952.215366840,29,29,66,3.399616413,5.984447481,-10.771757520,5.984447481,-10.771757520,0.000000000,1
5953.267453909,29,29,65,3.342071862,5.984447481,-10.771757520,5.984447481,-10.771757520,0.000000000,1
5954.281632900,29,29,63,3.239896945,5.984447481,-10.771757520,5.984447481,-10.771757520,0.000000000,1
5955.292932510,29,29,60,3.099661133,5.984447481,-10.771757520,5.984447481,-10.771757520,0.000000000,1
5956.331123352,29,29,56,2.892200024,5.984447481,-10.771757520,5.984447481,-10.771757520,0.000000000,1
5957.345729351,29,29,53,2.731857713,5.984447481,-10.771757520,5.984447481,-10.771757520,0.000000000,1
5958.385884285,29,29,53,2.731513463,5.984447481,-10.771757520,5.984447481,-10.771757520,0.000000000,1
5959.402967930,29,29,51,2.627703179,5.984447481,-10.771757520,5.984447481,-10.771757520,0.000000000,1
5960.440845251,29,29,47,2.427259966,5.984447481,-10.771757520,5.984447481,-10.771757520,0.000000000,1
5961.425382137,29,29,45,2.326948089,5.984447481,-10.771757520,5.984447481,-10.771757520,0.000000000,1
5962.463232040,29,29,43,2.226814271,5.984447481,-10.771757520,5.984447481,-10.771757520,0.000000000,1
5963.474835634,29,29,41,2.128035357,5.984447481,-10.771757520,5.984447481,-10.771757520,0.000000000,1
5964.502902508,29,29,39,2.038381603,5.984447481,-10.771757520,5.984447481,-10.771757520,0.000000000,1
5965.541689396,29,29,37,1.937554808,5.984447481,-10.771757520,5.984447481,-10.771757520,0.000000000,1
5966.576723337,29,29,34,1.789361475,5.984447481,-10.771757520,5.984447481,-10.771757520,0.000000000,1
5967.592438698,29,29,32,1.695225172,5.984447481,-10.771757520,5.984447481,-10.771757520,0.000000000,1
5968.598956585,29,29,30,1.620982234,5.984447481,-10.771757520,5.984447481,-10.771757520,0.000000000,1
5969.641904354,29,29,28,1.479560677,5.984447481,-10.771757520,5.984447481,-10.771757520,0.000000000,1
5970.647104263,29,29,25,1.338139249,5.984447481,-10.771757520,5.984447481,-10.771757520,0.000000000,1
5971.690027475,29,29,25,1.338139249,5.984447481,-10.771757520,5.984447481,-10.771757520,0.000000000,1
5972.746533394,29,29,22,1.196717884,5.984447481,-10.771757520,5.984447481,-10.771757520,0.000000000,1
5973.784446001,29,29,19,1.055296526,5.984447481,-10.771757520,5.984447481,-10.771757520,0.000000000,1
5974.773956776,29,29,18,0.988773719,5.984447481,-10.771757520,5.984447481,-10.771757520,0.000000000,1
5975.868094206,29,29,16,0.913875167,5.984447481,-10.771757520,5.984447481,-10.771757520,0.000000000,1
5976.853261471,29,29,13,0.772453809,5.984447481,-10.771757520,5.984447481,-10.771757520,0.000000000,1
5977.824651241,29,29,13,0.772453809,5.984447481,-10.771757520,5.984447481,-10.771757520,0.000000000,1
5978.851530552,29,29,11,0.631032451,5.984447481,-10.771757520,5.984447481,-10.771757520,0.000000000,1
5979.898942471,29,29,11,0.631032451,5.984447481,-10.771757520,5.984447481,-10.771757520,0.000000000,1
5980.938735247,29,29,10,0.569034744,5.984447481,-10.771757520,5.984447481,-10.771757520,0.000000000,1
5981.969990969,29,29,8,0.489611092,5.984447481,-10.771757520,5.984447481,-10.771757520,0.000000000,1
5983.004734278,29,29,8,0.489611092,5.984447481,-10.771757520,5.984447481,-10.771757520,0.000000000,1
6032.660248756,30,30,609,30.519490552,10.285555907,-8.078400355,10.285555907,-8.078400355,0.000000000,1
6033.817380428,30,30,607,30.438944539,10.285555907,-8.078400355,10.285555907,-8.078400355,0.000000000,1
6034.830374956,30,30,606,30.377744952,10.285555907,-8.078400355,10.285555907,-8.078400355,0.000000000,1
6035.845146179,30,30,606,30.377744952,10.285555907,-8.078400355,10.285555907,-8.078400355,0.000000000,1
6036.984254837,30,30,603,30.215944629,10.285555907,-8.078400355,10.285555907,-8.078400355,0.000000000,1
6038.153389215,30,30,602,30.209420917,10.285555907,-8.078400355,10.285555907,-8.078400355,0.000000000,1
6039.025604486,30,30,600,30.073198292,10.285555907,-8.078400355,10.285555907,-8.078400355,0.000000000,1
6040.067061663,30,30,597,29.975856565,10.285555907,-8.078400355,10.285555907,-8.078400355,0.000000000,1
6041.107416630,30,30,594,29.814304383,10.285555907,-8.078400355,10.285555907,-8.078400355,0.000000000,1
6042.153284788,30,30,594,29.815548747,10.285555907,-8.078400355,10.285555907,-8.078400355,0.000000000,1
6043.283464432,30,30,592,29.710267080,10.285555907,-8.078400355,10.285555907,-8.078400355,0.000000000,1
6044.330358028,30,30,591,29.632768967,10.285555907,-8.078400355,10.285555907,-8.078400355,0.000000000,1
6045.409666300,30,30,590,29.569555393,10.285555907,-8.078400355,10.285555907,-8.078400355,0.000000000,1
6046.484776735,30,30,589,29.531970236,10.285555907,-8.078400355,10.285555907,-8.078400355,0.000000000,1
6047.443307400,30,30,589,29.534026359,10.285555907,-8.078400355,10.285555907,-8.078400355,0.000000000,1
6048.456495523,30,30,589,29.536751878,10.285555907,-8.078400355,10.285555907,-8.078400355,0.000000000,1
6049.621221542,30,30,588,29.494933523,10.285555907,-8.078400355,10.285555907,-8.078400355,0.000000000,1
6050.623939753,30,30,588,29.494933523,10.285555907,-8.078400355,10.285555907,-8.078400355,0.000000000,1
6051.638620377,30,30,588,29.495912773,10.285555907,-8.078400355,10.285555907,-8.078400355,0.000000000,1
6052.677615643,30,30,585,29.356991177,10.285555907,-8.078400355,10.285555907,-8.078400355,0.000000000,1
6053.683956385,30,30,586,29.372666780,10.285555907,-8.078400355,10.285555907,-8.078400355,0.000000000,1
6054.832726002,30,30,589,29.542947523,10.285555907,-8.078400355,10.285555907,-8.078400355,0.000000000,1
6055.785016537,30,30,586,29.401743675,10.285555907,-8.078400355,10.285555907,-8.078400355,0.000000000,1
6056.887302160,30,30,586,29.401593934,10.285555907,-8.078400355,10.285555907,-8.078400355,0.000000000,1
6058.021579504,30,30,579,29.035154715,10.285555907,-8.078400355,10.285555907,-8.078400355,0.000000000,1
6058.919704199,30,30,575,28.833462585,10.285555907,-8.078400355,10.285555907,-8.078400355,0.000000000,1
6060.081130743,30,30,573,28.733236973,10.285555907,-8.078400355,10.285555907,-8.078400355,0.000000000,1
6061.087011576,30,30,570,28.598800666,10.285555907,-8.078400355,10.285555907,-8.078400355,0.000000000,1
6062.102595568,30,30,568,28.506240082,10.285555907,-8.078400355,10.285555907,-8.078400355,0.000000000,1
6063.156634331,30,30,566,28.411138370,10.285555907,-8.078400355,10.285555907,-8.078400355,0.000000000,1
6064.181815863,30,30,565,28.323552151,10.285555907,-8.078400355,10.285555907,-8.078400355,0.000000000,1
6065.251762390,30,30,562,28.171939424,10.285555907,-8.078400355,10.285555907,-8.078400355,0.000000000,1
6066.401822090,30,30,559,28.028622135,10.285555907,-8.078400355,10.285555907,-8.078400355,0.000000000,1
6067.486851454,30,30,558,28.002929715,10.285555907,-8.078400355,10.285555907,-8.078400355,0.000000000,1
6068.405466318,30,30,557,27.842372751,10.285555907,-8.078400355,10.285555907,-8.078400355,0.000000000,1
6069.537942410,30,30,554,27.687208620,10.285555907,-8.078400355,10.285555907,-8.078400355,0.000000000,1
6070.484616041,30,30,553,27.669694026,10.285555907,-8.078400355,10.285555907,-8.078400355,0.000000000,1
6071.631571531,30,30,550,27.519740961,10.285555907,-8.078400355,10.285555907,-8.078400355,0.000000000,1
6072.717622995,30,30,548,27.382257885,10.285555907,-8.078400355,10.285555907,-8.078400355,0.000000000,1
6073.775815725,30,30,547,27.368884963,10.285555907,-8.078400355,10.285555907,-8.078400355,0.000000000,1
6074.852860451,30,30,545,27.252508452,10.285555907,-8.078400355,10.285555907,-8.078400355,0.000000000,1
6075.924351215,30,30,541,27.057588041,10.285555907,-8.078400355,10.285555907,-8.078400355,0.000000000,1
6076.996534348,30,30,538,26.990323726,10.285555907,-8.078400355,10.285555907,-8.078400355,0.000000000,1
6078.042770386,30,30,536,26.875675091,10.285555907,-8.078400355,10.285555907,-8.078400355,0.000000000,1
6079.152061462,30,30,534,26.792136226,10.285555907,-8.078400355,10.285555907,-8.078400355,0.000000000,1
6080.232023239,30,30,532,26.678253276,10.285555907,-8.078400355,10.285555907,-8.078400355,0.000000000,1
6081.247033834,30,30,529,26.501958813,10.285555907,-8.078400355,10.285555907,-8.078400355,0.000000000,1
6082.242124796,30,30,527,26.397113978,10.285555907,-8.078400355,10.285555907,-8.078400355,0.000000000,1
6083.270974874,30,30,523,26.203322222,10.285555907,-8.078400355,10.285555907,-8.078400355,0.000000000,1
6084.387768030,30,30,520,26.086582649,10.285555907,-8.078400355,10.285555907,-8.078400355,0.000000000,1
6085.429476500,30,30,518,25.966478538,10.285555907,-8.078400355,10.285555907,-8.078400355,0.000000000,1
6086.452924728,30,30,517,25.863842413,10.285555907,-8.078400355,10.285555907,-8.078400355,0.000000000,1
6087.587499619,30,30,515,25.751718061,10.285555907,-8.078400355,10.285555907,-8.078400355,0.000000000,1
6088.532128334,30,30,512,25.603537747,10.285555907,-8.078400355,10.285555907,-8.078400355,0.000000000,1
6089.571779013,30,30,510,25.511559536,10.285555907,-8.078400355,10.285555907,-8.078400355,0.000000000,1
6090.660095453,30,30,508,25.407291923,10.285555907,-8.078400355,10.285555907,-8.078400355,0.000000000,1
6091.689106703,30,30,505,25.273089987,10.285555907,-8.078400355,10.285555907,-8.078400355,0.000000000,1
6092.907173157,30,30,503,25.142186431,10.285555907,-8.078400355,10.285555907,-8.078400355,0.000000000,1
6093.860362768,30,30,498,24.945186145,10.285555907,-8.078400355,10.285555907,-8.078400355,0.000000000,1
6095.030540943,30,30,496,24.833061655,10.285555907,-8.078400355,10.285555907,-8.078400355,0.000000000,1
6096.045670986,30,30,495,24.739615218,10.285555907,-8.078400355,10.285555907,-8.078400355,0.000000000,1
6097.016334772,30,30,492,24.633061269,10.285555907,-8.078400355,10.285555907,-8.078400355,0.000000000,1
6098.022808075,30,30,491,24.539614710,10.285555907,-8.078400355,10.285555907,-8.078400355,0.000000000,1
6099.073337317,30,30,488,24.433061379,10.285555907,-8.078400355,10.285555907,-8.078400355,0.000000000,1
6100.212885141,30,30,487,24.339614405,10.285555907,-8.078400355,10.285555907,-8.078400355,0.000000000,1
6101.275101662,30,30,484,24.233060648,10.285555907,-8.078400355,10.285555907,-8.078400355,0.000000000,1
6102.320382118,30,30,483,24.139614036,10.285555907,-8.078400355,10.285555907,-8.078400355,0.000000000,1
6103.433568239,30,30,479,23.939614134,10.285555907,-8.078400355,10.285555907,-8.078400355,0.000000000,1
6104.424112082,30,30,476,23.833060591,10.285555907,-8.078400355,10.285555907,-8.078400355,0.000000000,1
6105.462257862,30,30,475,23.739613470,10.285555907,-8.078400355,10.285555907,-8.078400355,0.000000000,1
6106.497660160,30,30,471,23.539614119,10.285555907,-8.078400355,10.285555907,-8.078400355,0.000000000,1
6107.607675552,30,30,468,23.433060433,10.285555907,-8.078400355,10.285555907,-8.078400355,0.000000000,1
6108.642223120,30,30,467,23.339613537,10.285555907,-8.078400355,10.285555907,-8.078400355,0.000000000,1
6109.677830458,30,30,464,23.233060449,10.285555907,-8.078400355,10.285555907,-8.078400355,0.000000000,1
6110.767523289,30,30,463,23.139613576,10.285555907,-8.078400355,10.285555907,-8.078400355,0.000000000,1
6111.921838045,30,30,460,23.033060446,10.285555907,-8.078400355,10.285555907,-8.078400355,0.000000000,1
6112.957387209,30,30,456,22.833060152,10.285555907,-8.078400355,10.285555907,-8.078400355,0.000000000,1
6114.020972013,30,30,455,22.739614402,10.285555907,-8.078400355,10.285555907,-8.078400355,0.000000000,1
6115.084359407,30,30,452,22.633060320,10.285555907,-8.078400355,10.285555907,-8.078400355,0.000000000,1
6116.055567503,30,30,451,22.539614399,10.285555907,-8.078400355,10.285555907,-8.078400355,0.000000000,1
6117.162455559,30,30,448,22.433059586,10.285555907,-8.078400355,10.285555907,-8.078400355,0.000000000,1
6118.266509533,30,30,447,22.339614354,10.285555907,-8.078400355,10.285555907,-8.078400355,0.000000000,1
6119.321315527,30,30,444,22.233059490,10.285555907,-8.078400355,10.285555907,-8.078400355,0.000000000,1
6120.344143629,30,30,443,22.139614015,10.285555907,-8.078400355,10.285555907,-8.078400355,0.000000000,1
6121.300287008,30,30,439,21.939613613,10.285555907,-8.078400355,10.285555907,-8.078400355,0.000000000,1
6122.362646580,30,30,436,21.833059441,10.285555907,-8.078400355,10.285555907,-8.078400355,0.000000000,1
6123.451989651,30,30,435,21.739614639,10.285555907,-8.078400355,10.285555907,-8.078400355,0.000000000,1
6124.588257074,30,30,432,21.633059503,10.285555907,-8.078400355,10.285555907,-8.078400355,0.000000000,1
6125.592758894,30,30,431,21.539614365,10.285555907,-8.078400355,10.285555907,-8.078400355,0.000000000,1
6126.591320276,30,30,428,21.433060216,10.285555907,-8.078400355,10.285555907,-8.078400355,0.000000000,1
6127.650443077,30,30,427,21.339613657,10.285555907,-8.078400355,10.285555907,-8.078400355,0.000000000,1
6128.717640638,30,30,424,21.233060226,10.285555907,-8.078400355,10.285555907,-8.078400355,0.000000000,1
6129.760657549,30,30,420,21.033060275,10.285555907,-8.078400355,10.285555907,-8.078400355,0.000000000,1
6130.844494104,30,30,419,20.939614000,10.285555907,-8.078400355,10.285555907,-8.078400355,0.000000000,1
6131.872997999,30,30,419,20.939614000,10.285555907,-8.078400355,10.285555907,-8.078400355,0.000000000,1
6132.895767450,30,30,415,20.739614564,10.285555907,-8.078400355,10.285555907,-8.078400355,0.000000000,1
6133.995292664,30,30,412,20.633060411,10.285555907,-8.078400355,10.285555907,-8.078400355,0.000000000,1
6135.018879414,30,30,411,20.539615672,10.285555907,-8.078400355,10.285555907,-8.078400355,0.000000000,1
6136.038839102,30,30,407,20.339617054,10.285555907,-8.078400355,10.285555907,-8.078400355,0.000000000,1
6137.151781321,30,30,411,20.539615672,10.285555907,-8.078400355,10.285555907,-8.078400355,0.000000000,1
6138.172865391,30,30,407,20.439541854,10.285555907,-8.078400355,10.285555907,-8.078400355,0.000000000,1
6139.180260420,30,30,406,20.354693399,10.285555907,-8.078400355,10.285555907,-8.078400355,0.000000000,1
6140.316147566,30,30,402,20.154693016,10.285555907,-8.078400355,10.285555907,-8.078400355,0.000000000,1
6141.419923782,30,30,399,20.039541986,10.285555907,-8.078400355,10.285555907,-8.078400355,0.000000000,1
6142.422370672,30,30,398,19.954693851,10.285555907,-8.078400355,10.285555907,-8.078400355,0.000000000,1
6143.482782364,30,30,399,20.039541986,10.285555907,-8.078400355,10.285555907,-8.078400355,0.000000000,1
6144.580548048,30,30,398,19.954693851,10.285555907,-8.078400355,10.285555907,-8.078400355,0.000000000,1
6145.614329100,30,30,395,19.839542513,10.285555907,-8.078400355,10.285555907,-8.078400355,0.000000000,1
6146.842350006,30,30,394,19.754694600,10.285555907,-8.078400355,10.285555907,-8.078400355,0.000000000,1
6147.719457150,30,30,382,19.154695974,10.285555907,-8.078400355,10.285555907,-8.078400355,0.000000000,1
6148.827210188,30,30,379,19.043684255,10.285555907,-8.078400355,10.285555907,-8.078400355,0.000000000,1
6149.920809746,30,30,378,18.958168972,10.285555907,-8.078400355,10.285555907,-8.078400355,0.000000000,1
6150.864292383,30,30,378,18.958168972,10.285555907,-8.078400355,10.285555907,-8.078400355,0.000000000,1
6151.927495956,30,30,375,18.843685801,10.285555907,-8.078400355,10.285555907,-8.078400355,0.000000000,1
6153.300989151,30,30,371,18.643687237,10.285555907,-8.078400355,10.285555907,-8.078400355,0.000000000,1
6154.099350691,30,30,370,18.558172393,10.285555907,-8.078400355,10.285555907,-8.078400355,0.000000000,1
6155.160425425,30,30,367,18.443688571,10.285555907,-8.078400355,10.285555907,-8.078400355,0.000000000,1
6156.150449991,30,30,366,18.358176335,10.285555907,-8.078400355,10.285555907,-8.078400355,0.000000000,1
6157.162311316,30,30,363,18.249049501,10.285555907,-8.078400355,10.285555907,-8.078400355,0.000000000,1
6158.290150166,30,30,362,18.158178758,10.285555907,-8.078400355,10.285555907,-8.078400355,0.000000000,1
6159.373564482,30,30,358,17.958182261,10.285555907,-8.078400355,10.285555907,-8.078400355,0.000000000,1
6160.382237196,30,30,355,17.849056639,10.285555907,-8.078400355,10.285555907,-8.078400355,0.000000000,1
6161.423758745,30,30,351,17.649061762,10.285555907,-8.078400355,10.285555907,-8.078400355,0.000000000,1
6162.373430014,30,30,350,17.558192776,10.285555907,-8.078400355,10.285555907,-8.078400355,0.000000000,1
6163.522656202,30,30,347,17.438314639,10.285555907,-8.078400355,10.285555907,-8.078400355,0.000000000,1
6164.464581013,30,30,343,17.238322849,10.285555907,-8.078400355,10.285555907,-8.078400355,0.000000000,1
6165.526460886,30,30,342,17.158207265,10.285555907,-8.078400355,10.285555907,-8.078400355,0.000000000,1
6166.577721357,30,30,339,17.038331300,10.285555907,-8.078400355,10.285555907,-8.078400355,0.000000000,1
6167.672294617,30,30,338,16.958217457,10.285555907,-8.078400355,10.285555907,-8.078400355,0.000000000,1
6168.611332655,30,30,335,16.838342476,10.285555907,-8.078400355,10.285555907,-8.078400355,0.000000000,1
6169.725217342,30,30,331,16.638355602,10.285555907,-8.078400355,10.285555907,-8.078400355,0.000000000,1
6170.761841774,30,30,330,16.586638529,10.285555907,-8.078400355,10.285555907,-8.078400355,0.000000000,1
6171.805136681,30,30,327,16.443296453,10.285555907,-8.078400355,10.285555907,-8.078400355,0.000000000,1
6172.840900898,30,30,326,16.375456863,10.285555907,-8.078400355,10.285555907,-8.078400355,0.000000000,1
6173.967696905,30,30,323,16.243317889,10.285555907,-8.078400355,10.285555907,-8.078400355,0.000000000,1
6175.308569193,30,30,322,16.175479708,10.285555907,-8.078400355,10.285555907,-8.078400355,0.000000000,1
6175.945198774,30,30,319,16.043341500,10.285555907,-8.078400355,10.285555907,-8.078400355,0.000000000,1
6177.061986685,30,30,315,15.843373269,10.285555907,-8.078400355,10.285555907,-8.078400355,0.000000000,1
6178.143899202,30,30,314,15.759211338,10.285555907,-8.078400355,10.285555907,-8.078400355,0.000000000,1
6179.117933750,30,30,311,15.643411602,10.285555907,-8.078400355,10.285555907,-8.078400355,0.000000000,1
6180.207748652,30,30,307,15.443458682,10.285555907,-8.078400355,10.285555907,-8.078400355,0.000000000,1
6181.172780991,30,30,306,15.376456474,10.285555907,-8.078400355,10.285555907,-8.078400355,0.000000000,1
6182.343772888,30,30,304,15.257118916,10.285555907,-8.078400355,10.285555907,-8.078400355,0.000000000,1
6183.361765385,30,30,299,15.049508755,10.285555907,-8.078400355,10.285555907,-8.078400355,0.000000000,1
6184.385481358,30,30,298,14.951075470,10.285555907,-8.078400355,10.285555907,-8.078400355,0.000000000,1
6185.376585960,30,30,295,14.849603355,10.285555907,-8.078400355,10.285555907,-8.078400355,0.000000000,1
6186.457677603,30,30,293,14.747314552,10.285555907,-8.078400355,10.285555907,-8.078400355,0.000000000,1
6187.525052547,30,30,291,14.649724001,10.285555907,-8.078400355,10.285555907,-8.078400355,0.000000000,1
6188.566076040,30,30,289,14.547840321,10.285555907,-8.078400355,10.285555907,-8.078400355,0.000000000,1
6189.547016621,30,30,285,14.337246359,10.285555907,-8.078400355,10.285555907,-8.078400355,0.000000000,1
6190.534654379,30,30,284,14.249877518,10.285555907,-8.078400355,10.285555907,-8.078400355,0.000000000,1
6191.622417927,30,30,281,14.134916648,10.285555907,-8.078400355,10.285555907,-8.078400355,0.000000000,1
6192.661229134,30,30,280,14.050481579,10.285555907,-8.078400355,10.285555907,-8.078400355,0.000000000,1
6193.672428131,30,30,277,13.943744519,10.285555907,-8.078400355,10.285555907,-8.078400355,0.000000000,1
6194.655128956,30,30,276,13.855113338,10.285555907,-8.078400355,10.285555907,-8.078400355,0.000000000,1
6195.749628067,30,30,274,13.751169563,10.285555907,-8.078400355,10.285555907,-8.078400355,0.000000000,1
6196.741791010,30,30,272,13.653471118,10.285555907,-8.078400355,10.285555907,-8.078400355,0.000000000,1
6197.885317564,30,30,270,13.550926563,10.285555907,-8.078400355,10.285555907,-8.078400355,0.000000000,1
6198.808294535,30,30,265,13.332763703,10.285555907,-8.078400355,10.285555907,-8.078400355,0.000000000,1
6199.918352842,30,30,264,13.271912064,10.285555907,-8.078400355,10.285555907,-8.078400355,0.000000000,1
6200.971286774,30,30,262,13.156124145,10.285555907,-8.078400355,10.285555907,-8.078400355,0.000000000,1
6201.951072931,30,30,260,13.066030314,10.285555907,-8.078400355,10.285555907,-8.078400355,0.000000000,1
6202.936845541,30,30,257,12.949380269,10.285555907,-8.078400355,10.285555907,-8.078400355,0.000000000,1
6204.019890070,30,30,254,12.761472206,10.285555907,-8.078400355,10.285555907,-8.078400355,0.000000000,1
6205.060045719,30,30,251,12.642300366,10.285555907,-8.078400355,10.285555907,-8.078400355,0.000000000,1
6206.097092867,30,30,250,12.561768633,10.285555907,-8.078400355,10.285555907,-8.078400355,0.000000000,1
6207.087897778,30,30,247,12.450047061,10.285555907,-8.078400355,10.285555907,-8.078400355,0.000000000,1
6208.196798086,30,30,245,12.322785651,10.285555907,-8.078400355,10.285555907,-8.078400355,0.000000000,1
6209.216289282,30,30,245,12.332426286,10.285555907,-8.078400355,10.285555907,-8.078400355,0.000000000,1
6210.253061295,30,30,243,12.202661888,10.285555907,-8.078400355,10.285555907,-8.078400355,0.000000000,1
6211.362762928,30,30,239,12.040115194,10.285555907,-8.078400355,10.285555907,-8.078400355,0.000000000,1
6212.383953810,30,30,237,11.913104107,10.285555907,-8.078400355,10.285555907,-8.078400355,0.000000000,1
6213.347583532,30,30,234,11.773740724,10.285555907,-8.078400355,10.285555907,-8.078400355,0.000000000,1
6214.457106113,30,30,232,11.669920938,10.285555907,-8.078400355,10.285555907,-8.078400355,0.000000000,1
6215.458754301,30,30,230,11.577663886,10.285555907,-8.078400355,10.285555907,-8.078400355,0.000000000,1
6216.489732981,30,30,229,11.503008564,10.285555907,-8.078400355,10.285555907,-8.078400355,0.000000000,1
6217.500475883,30,30,226,11.360209814,10.285555907,-8.078400355,10.285555907,-8.078400355,0.000000000,1
6218.575068474,30,30,224,11.256355484,10.285555907,-8.078400355,10.285555907,-8.078400355,0.000000000,1
6219.585442543,30,30,221,11.140700585,10.285555907,-8.078400355,10.285555907,-8.078400355,0.000000000,1
6220.579639196,30,30,218,10.994168363,10.285555907,-8.078400355,10.285555907,-8.078400355,0.000000000,1
6221.686368465,30,30,217,10.946615232,10.285555907,-8.078400355,10.285555907,-8.078400355,0.000000000,1
6222.693236113,30,30,214,10.789059507,10.285555907,-8.078400355,10.285555907,-8.078400355,0.000000000,1
6223.743062258,30,30,212,10.702304663,10.285555907,-8.078400355,10.285555907,-8.078400355,0.000000000,1
6224.750201464,30,30,210,10.559013108,10.285555907,-8.078400355,10.285555907,-8.078400355,0.000000000,1
6225.797493935,30,30,208,10.469856145,10.285555907,-8.078400355,10.285555907,-8.078400355,0.000000000,1
6226.855843306,30,30,205,10.338107564,10.285555907,-8.078400355,10.285555907,-8.078400355,0.000000000,1
6227.883630037,30,30,203,10.237811672,10.285555907,-8.078400355,10.285555907,-8.078400355,0.000000000,1
6228.925359249,30,30,201,10.139757332,10.285555907,-8.078400355,10.285555907,-8.078400355,0.000000000,1
6230.095314741,30,30,199,10.039709668,10.285555907,-8.078400355,10.285555907,-8.078400355,0.000000000,1
6230.965708256,30,30,197,9.941872127,10.285555907,-8.078400355,10.285555907,-8.078400355,0.000000000,1
6231.990874767,30,30,195,9.842027460,10.285555907,-8.078400355,10.285555907,-8.078400355,0.000000000,1
6233.025493383,30,30,193,9.744410920,10.285555907,-8.078400355,10.285555907,-8.078400355,0.000000000,1
6234.029847622,30,30,189,9.547666401,10.285555907,-8.078400355,10.285555907,-8.078400355,0.000000000,1
6235.080663204,30,30,188,9.453682493,10.285555907,-8.078400355,10.285555907,-8.078400355,0.000000000,1
6236.106967688,30,30,186,9.349901780,10.285555907,-8.078400355,10.285555907,-8.078400355,0.000000000,1
6237.137096167,30,30,184,9.255312929,10.285555907,-8.078400355,10.285555907,-8.078400355,0.000000000,1
6238.167804956,30,30,182,9.157346657,10.285555907,-8.078400355,10.285555907,-8.078400355,0.000000000,1
6239.199123859,30,30,180,9.063424895,10.285555907,-8.078400355,10.285555907,-8.078400355,0.000000000,1
6240.229472876,30,30,178,8.966131763,10.285555907,-8.078400355,10.285555907,-8.078400355,0.000000000,1
6241.274933577,30,30,176,8.872287503,10.285555907,-8.078400355,10.285555907,-8.078400355,0.000000000,1
6242.288057089,30,30,174,8.774247518,10.285555907,-8.078400355,10.285555907,-8.078400355,0.000000000,1
6243.320693731,30,30,172,8.679628221,10.285555907,-8.078400355,10.285555907,-8.078400355,0.000000000,1
6244.336879253,30,30,170,8.577403948,10.285555907,-8.078400355,10.285555907,-8.078400355,0.000000000,1
6245.352628469,30,30,166,8.371109987,10.285555907,-8.078400355,10.285555907,-8.078400355,0.000000000,1
6246.369723320,30,30,164,8.274214941,10.285555907,-8.078400355,10.285555907,-8.078400355,0.000000000,1
6247.428596497,30,30,162,8.171968654,10.285555907,-8.078400355,10.285555907,-8.078400355,0.000000000,1
6248.430611372,30,30,160,8.073118954,10.285555907,-8.078400355,10.285555907,-8.078400355,0.000000000,1
6249.479814291,30,30,158,7.975485300,10.285555907,-8.078400355,10.285555907,-8.078400355,0.000000000,1
6250.510199547,30,30,156,7.870843151,10.285555907,-8.078400355,10.285555907,-8.078400355,0.000000000,1
6251.510200024,30,30,154,7.770541170,10.285555907,-8.078400355,10.285555907,-8.078400355,0.000000000,1
6252.509293795,30,30,152,7.668882844,10.285555907,-8.078400355,10.285555907,-8.078400355,0.000000000,1
6253.580228806,30,30,150,7.572001633,10.285555907,-8.078400355,10.285555907,-8.078400355,0.000000000,1
6254.593419790,30,30,148,7.486788974,10.285555907,-8.078400355,10.285555907,-8.078400355,0.000000000,1
6255.644124031,30,30,147,7.402501350,10.285555907,-8.078400355,10.285555907,-8.078400355,0.000000000,1
6256.643141508,30,30,145,7.307158746,10.285555907,-8.078400355,10.285555907,-8.078400355,0.000000000,1
6257.650652170,30,30,140,7.084779352,10.285555907,-8.078400355,10.285555907,-8.078400355,0.000000000,1
6258.731738329,30,30,138,6.987065744,10.285555907,-8.078400355,10.285555907,-8.078400355,0.000000000,1
6259.740091324,30,30,136,6.890329556,10.285555907,-8.078400355,10.285555907,-8.078400355,0.000000000,1
6260.774543285,30,30,134,6.792514504,10.285555907,-8.078400355,10.285555907,-8.078400355,0.000000000,1
6261.814215899,30,30,133,6.705906908,10.285555907,-8.078400355,10.285555907,-8.078400355,0.000000000,1
6263.079068661,30,30,130,6.581231030,10.285555907,-8.078400355,10.285555907,-8.078400355,0.000000000,1
6263.900625467,30,30,128,6.481202823,10.285555907,-8.078400355,10.285555907,-8.078400355,0.000000000,1
6264.869553566,30,30,126,6.382798869,10.285555907,-8.078400355,10.285555907,-8.078400355,0.000000000,1
6265.941390991,30,30,124,6.291022880,10.285555907,-8.078400355,10.285555907,-8.078400355,0.000000000,1
6266.939681530,30,30,122,6.162718804,10.285555907,-8.078400355,10.285555907,-8.078400355,0.000000000,1
6268.005134106,30,30,120,6.066602357,10.285555907,-8.078400355,10.285555907,-8.078400355,0.000000000,1
6269.010498047,30,30,118,5.980617764,10.285555907,-8.078400355,10.285555907,-8.078400355,0.000000000,1
6270.068235636,30,30,116,5.875671362,10.285555907,-8.078400355,10.285555907,-8.078400355,0.000000000,1
6271.069513798,30,30,113,5.748083101,10.285555907,-8.078400355,10.285555907,-8.078400355,0.000000000,1
6272.077777147,30,30,112,5.659420710,10.285555907,-8.078400355,10.285555907,-8.078400355,0.000000000,1
6273.097467899,30,30,110,5.560279131,10.285555907,-8.078400355,10.285555907,-8.078400355,0.000000000,1
6274.126434088,30,30,107,5.430069900,10.285555907,-8.078400355,10.285555907,-8.078400355,0.000000000,1
6275.189319849,30,30,105,5.323859231,10.285555907,-8.078400355,10.285555907,-8.078400355,0.000000000,1
6276.191426277,30,30,102,5.150768794,10.285555907,-8.078400355,10.285555907,-8.078400355,0.000000000,1
6277.246608019,30,30,101,5.110266004,10.285555907,-8.078400355,10.285555907,-8.078400355,0.000000000,1
6278.261602879,30,30,97,4.920556318,10.285555907,-8.078400355,10.285555907,-8.078400355,0.000000000,1
6279.239021301,30,30,95,4.848292392,10.285555907,-8.078400355,10.285555907,-8.078400355,0.000000000,1
6280.307459354,30,30,93,4.725895958,10.285555907,-8.078400355,10.285555907,-8.078400355,0.000000000,1
6281.332413673,30,30,91,4.627449142,10.285555907,-8.078400355,10.285555907,-8.078400355,0.000000000,1
6282.350687265,30,30,89,4.535586630,10.285555907,-8.078400355,10.285555907,-8.078400355,0.000000000,1
6283.390146494,30,30,87,4.405020570,10.285555907,-8.078400355,10.285555907,-8.078400355,0.000000000,1
6284.396691084,30,30,85,4.308183057,10.285555907,-8.078400355,10.285555907,-8.078400355,0.000000000,1
6285.416873217,30,30,83,4.214939743,10.285555907,-8.078400355,10.285555907,-8.078400355,0.000000000,1
6286.439980030,30,30,80,4.076669405,10.285555907,-8.078400355,10.285555907,-8.078400355,0.000000000,1
6287.454686880,30,30,79,4.006707787,10.285555907,-8.078400355,10.285555907,-8.078400355,0.000000000,1
6288.474543810,30,30,77,3.929851437,10.285555907,-8.078400355,10.285555907,-8.078400355,0.000000000,1
6289.512056351,30,30,75,3.844614249,10.285555907,-8.078400355,10.285555907,-8.078400355,0.000000000,1
6290.536546707,30,30,73,3.727390781,10.285555907,-8.078400355,10.285555907,-8.078400355,0.000000000,1
6291.611447573,30,30,74,3.753119502,10.285555907,-8.078400355,10.285555907,-8.078400355,0.000000000,1
6292.642595530,30,30,71,3.625739086,10.285555907,-8.078400355,10.285555907,-8.078400355,0.000000000,1
6293.666445971,30,30,69,3.536573485,10.285555907,-8.078400355,10.285555907,-8.078400355,0.000000000,1
6344.765501976,31,31,84,4.302557864,9.280552722,-7.991137500,9.280552722,-7.991137500,0.000000000,1
6345.672325373,31,31,84,4.302557864,9.280552722,-7.991137500,9.280552722,-7.991137500,0.000000000,1
6346.681446075,31,31,83,4.242582513,9.280552722,-7.991137500,9.280552722,-7.991137500,0.000000000,1
6347.757164478,31,31,80,4.109301557,9.280552722,-7.991137500,9.280552722,-7.991137500,0.000000000,1
6348.809134483,31,31,76,3.933018424,9.280552722,-7.991137500,9.280552722,-7.991137500,0.000000000,1
6349.867708206,31,31,73,3.799681345,9.280552722,-7.991137500,9.280552722,-7.991137500,0.000000000,1
6350.882705927,31,31,73,3.758165427,9.280552722,-7.991137500,9.280552722,-7.991137500,0.000000000,1
6351.923008442,31,31,73,3.732593047,9.280552722,-7.991137500,9.280552722,-7.991137500,0.000000000,1
6352.953480721,31,31,69,3.591464215,9.280552722,-7.991137500,9.280552722,-7.991137500,0.000000000,1
6354.019766569,31,31,69,3.524266966,9.280552722,-7.991137500,9.280552722,-7.991137500,0.000000000,1
6355.282391310,31,31,66,3.448938171,9.280552722,-7.991137500,9.280552722,-7.991137500,0.000000000,1
6356.088063955,31,31,65,3.309498108,9.280552722,-7.991137500,9.280552722,-7.991137500,0.000000000,1
6357.136615038,31,31,66,3.311620358,9.280552722,-7.991137500,9.280552722,-7.991137500,0.000000000,1
6358.148012161,31,31,61,3.109832053,9.280552722,-7.991137500,9.280552722,-7.991137500,0.000000000,1
6359.197882175,31,31,59,3.009863215,9.280552722,-7.991137500,9.280552722,-7.991137500,0.000000000,1
6360.242178440,31,31,60,3.010901578,9.280552722,-7.991137500,9.280552722,-7.991137500,0.000000000,1
6361.273429871,31,31,58,2.912241985,9.280552722,-7.991137500,9.280552722,-7.991137500,0.000000000,1
6362.255199671,31,31,56,2.810547343,9.280552722,-7.991137500,9.280552722,-7.991137500,0.000000000,1
6363.306574821,31,31,54,2.712635503,9.280552722,-7.991137500,9.280552722,-7.991137500,0.000000000,1
6364.342554331,31,31,52,2.610387433,9.280552722,-7.991137500,9.280552722,-7.991137500,0.000000000,1
6365.395014763,31,31,50,2.512498256,9.280552722,-7.991137500,9.280552722,-7.991137500,0.000000000,1
6366.409729242,31,31,46,2.313252963,9.280552722,-7.991137500,9.280552722,-7.991137500,0.000000000,1
6367.440476418,31,31,44,2.211930263,9.280552722,-7.991137500,9.280552722,-7.991137500,0.000000000,1
6368.472616434,31,31,42,2.114357404,9.280552722,-7.991137500,9.280552722,-7.991137500,0.000000000,1
6369.513823748,31,31,40,2.013293156,9.280552722,-7.991137500,9.280552722,-7.991137500,0.000000000,1
6370.551825762,31,31,38,1.916068755,9.280552722,-7.991137500,9.280552722,-7.991137500,0.000000000,1
6371.585118532,31,31,36,1.816146244,9.280552722,-7.991137500,9.280552722,-7.991137500,0.000000000,1
6372.612428188,31,31,34,1.718968802,9.280552722,-7.991137500,9.280552722,-7.991137500,0.000000000,1
6373.653024673,31,31,32,1.620133059,9.280552722,-7.991137500,9.280552722,-7.991137500,0.000000000,1
6374.679984808,31,31,30,1.515830505,9.280552722,-7.991137500,9.280552722,-7.991137500,0.000000000,1
6375.740868092,31,31,28,1.417398042,9.280552722,-7.991137500,9.280552722,-7.991137500,0.000000000,1
6376.757719040,31,31,27,1.325748115,9.280552722,-7.991137500,9.280552722,-7.991137500,0.000000000,1
6377.815184832,31,31,25,1.225748716,9.280552722,-7.991137500,9.280552722,-7.991137500,0.000000000,1
6378.890324116,31,31,22,1.095099117,9.280552722,-7.991137500,9.280552722,-7.991137500,0.000000000,1
6379.859631300,31,31,21,1.037543365,9.280552722,-7.991137500,9.280552722,-7.991137500,0.000000000,1
6380.886466980,31,31,21,1.037543365,9.280552722,-7.991137500,9.280552722,-7.991137500,0.000000000,1
6381.912161827,31,31,18,0.909491602,9.280552722,-7.991137500,9.280552722,-7.991137500,0.000000000,1
6382.948727369,31,31,15,0.751402023,9.280552722,-7.991137500,9.280552722,-7.991137500,0.000000000,1
6383.996530533,31,31,15,0.751402023,9.280552722,-7.991137500,9.280552722,-7.991137500,0.000000000,1
6385.020640135,31,31,15,0.751402023,9.280552722,-7.991137500,9.280552722,-7.991137500,0.000000000,1
6386.027843237,31,31,20,0.989002332,9.280552722,-7.991137500,9.280552722,-7.991137500,0.000000000,1
6387.089709997,31,31,12,0.630892393,9.280552722,-7.991137500,9.280552722,-7.991137500,0.000000000,1
6388.146642447,31,31,12,0.630892393,9.280552722,-7.991137500,9.280552722,-7.991137500,0.000000000,1
6389.170193195,31,31,10,0.513010878,9.280552722,-7.991137500,9.280552722,-7.991137500,0.000000000,1
6390.196805477,31,31,10,0.513010878,9.280552722,-7.991137500,9.280552722,-7.991137500,0.000000000,1
6443.855080605,32,32,146,7.397412117,11.280552752,-7.691137496,11.280552752,-7.691137496,0.000000000,1
6444.705527306,32,32,146,7.397412117,11.280552752,-7.691137496,11.280552752,-7.691137496,0.000000000,1
6445.797437906,32,32,146,7.397412117,11.280552752,-7.691137496,11.280552752,-7.691137496,0.000000000,1
6446.774253607,32,32,140,7.111919668,11.280552752,-7.691137496,11.280552752,-7.691137496,0.000000000,1
6447.781004906,32,32,140,7.111919668,11.280552752,-7.691137496,11.280552752,-7.691137496,0.000000000,1
6448.927402258,32,32,138,6.996836829,11.280552752,-7.691137496,11.280552752,-7.691137496,0.000000000,1
6449.962508202,32,32,137,6.948552021,11.280552752,-7.691137496,11.280552752,-7.691137496,0.000000000,1
6450.967819214,32,32,137,6.948552021,11.280552752,-7.691137496,11.280552752,-7.691137496,0.000000000,1
6451.941136599,32,32,137,6.948552021,11.280552752,-7.691137496,11.280552752,-7.691137496,0.000000000,1
6452.981740236,32,32,137,6.948552021,11.280552752,-7.691137496,11.280552752,-7.691137496,0.000000000,1
6454.111115456,32,32,135,6.865627680,11.280552752,-7.691137496,11.280552752,-7.691137496,0.000000000,1
6455.040093899,32,32,135,6.845557206,11.280552752,-7.691137496,11.280552752,-7.691137496,0.000000000,1
6456.111782312,32,32,133,6.761447133,11.280552752,-7.691137496,11.280552752,-7.691137496,0.000000000,1
6457.109482527,32,32,134,6.774472857,11.280552752,-7.691137496,11.280552752,-7.691137496,0.000000000,1
6458.141970158,32,32,144,7.269313692,11.280552752,-7.691137496,11.280552752,-7.691137496,0.000000000,1
6459.172788382,32,32,129,6.536780458,11.280552752,-7.691137496,11.280552752,-7.691137496,0.000000000,1
6460.248067379,32,32,127,6.428298871,11.280552752,-7.691137496,11.280552752,-7.691137496,0.000000000,1
6461.266604662,32,32,125,6.336784833,11.280552752,-7.691137496,11.280552752,-7.691137496,0.000000000,1
6462.284439564,32,32,123,6.228288379,11.280552752,-7.691137496,11.280552752,-7.691137496,0.000000000,1
6463.347617388,32,32,118,6.017997212,11.280552752,-7.691137496,11.280552752,-7.691137496,0.000000000,1
6464.391705275,32,32,116,5.921853931,11.280552752,-7.691137496,11.280552752,-7.691137496,0.000000000,1
6465.425206900,32,32,114,5.818054823,11.280552752,-7.691137496,11.280552752,-7.691137496,0.000000000,1
6466.411773443,32,32,112,5.721899766,11.280552752,-7.691137496,11.280552752,-7.691137496,0.000000000,1
6467.453878164,32,32,110,5.618124098,11.280552752,-7.691137496,11.280552752,-7.691137496,0.000000000,1
6468.491438389,32,32,109,5.513337518,11.280552752,-7.691137496,11.280552752,-7.691137496,0.000000000,1
6469.545529604,32,32,106,5.408453651,11.280552752,-7.691137496,11.280552752,-7.691137496,0.000000000,1
6470.544712305,32,32,105,5.313998050,11.280552752,-7.691137496,11.280552752,-7.691137496,0.000000000,1
6471.569519043,32,32,102,5.209031143,11.280552752,-7.691137496,11.280552752,-7.691137496,0.000000000,1
6472.614174128,32,32,98,4.996370094,11.280552752,-7.691137496,11.280552752,-7.691137496,0.000000000,1
6473.636587143,32,32,97,4.915631716,11.280552752,-7.691137496,11.280552752,-7.691137496,0.000000000,1
6474.669606686,32,32,94,4.797064430,11.280552752,-7.691137496,11.280552752,-7.691137496,0.000000000,1
6475.747449875,32,32,92,4.703622094,11.280552752,-7.691137496,11.280552752,-7.691137496,0.000000000,1
6476.770442963,32,32,90,4.598130600,11.280552752,-7.691137496,11.280552752,-7.691137496,0.000000000,1
6477.902322531,32,32,86,4.401492189,11.280552752,-7.691137496,11.280552752,-7.691137496,0.000000000,1
6478.897417784,32,32,84,4.307302599,11.280552752,-7.691137496,11.280552752,-7.691137496,0.000000000,1
6479.926396608,32,32,82,4.204803935,11.280552752,-7.691137496,11.280552752,-7.691137496,0.000000000,1
6480.945139170,32,32,80,4.111898047,11.280552752,-7.691137496,11.280552752,-7.691137496,0.000000000,1
6481.987569571,32,32,78,4.012937389,11.280552752,-7.691137496,11.280552752,-7.691137496,0.000000000,1
6482.961916685,32,32,76,3.890647997,11.280552752,-7.691137496,11.280552752,-7.691137496,0.000000000,1
6484.027354240,32,32,74,3.783834085,11.280552752,-7.691137496,11.280552752,-7.691137496,0.000000000,1
6485.111209393,32,32,72,3.688519453,11.280552752,-7.691137496,11.280552752,-7.691137496,0.000000000,1
6486.092560768,32,32,70,3.569755264,11.280552752,-7.691137496,11.280552752,-7.691137496,0.000000000,1
6487.122798204,32,32,67,3.439613695,11.280552752,-7.691137496,11.280552752,-7.691137496,0.000000000,1
6488.143774986,32,32,64,3.275751090,11.280552752,-7.691137496,11.280552752,-7.691137496,0.000000000,1
6489.175261736,32,32,62,3.183198917,11.280552752,-7.691137496,11.280552752,-7.691137496,0.000000000,1
6490.210196018,32,32,60,3.081444429,11.280552752,-7.691137496,11.280552752,-7.691137496,0.000000000,1
6491.256978035,32,32,58,2.968341090,11.280552752,-7.691137496,11.280552752,-7.691137496,0.000000000,1
6492.275608540,32,32,55,2.817364813,11.280552752,-7.691137496,11.280552752,-7.691137496,0.000000000,1
6493.337574244,32,32,52,2.721090586,11.280552752,-7.691137496,11.280552752,-7.691137496,0.000000000,1
6494.349896193,32,32,50,2.619245124,11.280552752,-7.691137496,11.280552752,-7.691137496,0.000000000,1
6495.399065733,32,32,49,2.526888499,11.280552752,-7.691137496,11.280552752,-7.691137496,0.000000000,1
6496.421301603,32,32,47,2.428681389,11.280552752,-7.691137496,11.280552752,-7.691137496,0.000000000,1
6497.456164122,32,32,45,2.336334580,11.280552752,-7.691137496,11.280552752,-7.691137496,0.000000000,1
6498.458060741,32,32,42,2.196225778,11.280552752,-7.691137496,11.280552752,-7.691137496,0.000000000,1
6499.480461121,32,32,40,2.104614411,11.280552752,-7.691137496,11.280552752,-7.691137496,0.000000000,1
6500.539085627,32,32,38,1.970962965,11.280552752,-7.691137496,11.280552752,-7.691137496,0.000000000,1
6501.558271885,32,32,34,1.811002438,11.280552752,-7.691137496,11.280552752,-7.691137496,0.000000000,1
6502.574728012,32,32,33,1.730404079,11.280552752,-7.691137496,11.280552752,-7.691137496,0.000000000,1
6503.643039227,32,32,33,1.721910178,11.280552752,-7.691137496,11.280552752,-7.691137496,0.000000000,1
6504.694458008,32,32,31,1.662184210,11.280552752,-7.691137496,11.280552752,-7.691137496,0.000000000,1
6505.741600990,32,32,29,1.563251491,11.280552752,-7.691137496,11.280552752,-7.691137496,0.000000000,1
6506.778746843,32,32,27,1.464209960,11.280552752,-7.691137496,11.280552752,-7.691137496,0.000000000,1
6507.869086504,32,32,26,1.366564674,11.280552752,-7.691137496,11.280552752,-7.691137496,0.000000000,1
6508.987197399,32,32,24,1.267086753,11.280552752,-7.691137496,11.280552752,-7.691137496,0.000000000,1
6509.869415045,32,32,25,1.316206567,11.280552752,-7.691137496,11.280552752,-7.691137496,0.000000000,1
6510.926938534,32,32,23,1.217637357,11.280552752,-7.691137496,11.280552752,-7.691137496,0.000000000,1
6511.965464592,32,32,23,1.217637357,11.280552752,-7.691137496,11.280552752,-7.691137496,0.000000000,1
6512.994015455,32,32,18,0.971742893,11.280552752,-7.691137496,11.280552752,-7.691137496,0.000000000,1
6514.028573990,32,32,19,1.039392129,11.280552752,-7.691137496,11.280552752,-7.691137496,0.000000000,1
6515.086838245,32,32,17,0.921780442,11.280552752,-7.691137496,11.280552752,-7.691137496,0.000000000,1
6516.165452719,32,32,15,0.813473215,11.280552752,-7.691137496,11.280552752,-7.691137496,0.000000000,1
6517.132927895,32,32,13,0.755169091,11.280552752,-7.691137496,11.280552752,-7.691137496,0.000000000,1
6518.182871819,32,32,11,0.654458226,11.280552752,-7.691137496,11.280552752,-7.691137496,0.000000000,1
6519.202253342,32,32,11,0.654458226,11.280552752,-7.691137496,11.280552752,-7.691137496,0.000000000,1
6520.248922825,32,32,9,0.543446168,11.280552752,-7.691137496,11.280552752,-7.691137496,0.000000000,1
6521.272837877,32,32,9,0.543446168,11.280552752,-7.691137496,11.280552752,-7.691137496,0.000000000,1
6522.322535038,32,32,9,0.543446168,11.280552752,-7.691137496,11.280552752,-7.691137496,0.000000000,1
6523.373111486,32,32,5,0.355377853,11.280552752,-7.691137496,11.280552752,-7.691137496,0.000000000,1
6573.423041821,33,33,574,28.780520472,17.980552852,-2.291137415,17.980552852,-2.291137415,0.000000000,1
6574.297641039,33,33,574,28.780520472,17.980552852,-2.291137415,17.980552852,-2.291137415,0.000000000,1
6575.372642994,33,33,574,28.780520472,17.980552852,-2.291137415,17.980552852,-2.291137415,0.000000000,1
6576.440252066,33,33,573,28.731470653,17.980552852,-2.291137415,17.980552852,-2.291137415,0.000000000,1
6577.487892866,33,33,570,28.587319256,17.980552852,-2.291137415,17.980552852,-2.291137415,0.000000000,1
6578.591831446,33,33,568,28.499067580,17.980552852,-2.291137415,17.980552852,-2.291137415,0.000000000,1
6579.671822548,33,33,568,28.507186177,17.980552852,-2.291137415,17.980552852,-2.291137415,0.000000000,1
6580.743489027,33,33,568,28.507186177,17.980552852,-2.291137415,17.980552852,-2.291137415,0.000000000,1
6581.726240158,33,33,568,28.507186177,17.980552852,-2.291137415,17.980552852,-2.291137415,0.000000000,1
6582.788680077,33,33,568,28.507186177,17.980552852,-2.291137415,17.980552852,-2.291137415,0.000000000,1
6583.842145443,33,33,568,28.507186177,17.980552852,-2.291137415,17.980552852,-2.291137415,0.000000000,1
6584.919216394,33,33,568,28.507186177,17.980552852,-2.291137415,17.980552852,-2.291137415,0.000000000,1
6585.869148493,33,33,568,28.507186177,17.980552852,-2.291137415,17.980552852,-2.291137415,0.000000000,1
6586.934268713,33,33,568,28.507186177,17.980552852,-2.291137415,17.980552852,-2.291137415,0.000000000,1
6587.975324631,33,33,567,28.435919832,17.980552852,-2.291137415,17.980552852,-2.291137415,0.000000000,1
6589.054479361,33,33,564,28.273949564,17.980552852,-2.291137415,17.980552852,-2.291137415,0.000000000,1
6590.104322672,33,33,564,28.281945830,17.980552852,-2.291137415,17.980552852,-2.291137415,0.000000000,1
6591.162733793,33,33,562,28.191840909,17.980552852,-2.291137415,17.980552852,-2.291137415,0.000000000,1
6592.163761854,33,33,560,28.090142769,17.980552852,-2.291137415,17.980552852,-2.291137415,0.000000000,1
6593.199438095,33,33,559,28.022464746,17.980552852,-2.291137415,17.980552852,-2.291137415,0.000000000,1
6594.154356241,33,33,556,27.888605273,17.980552852,-2.291137415,17.980552852,-2.291137415,0.000000000,1
6595.257651091,33,33,554,27.795605960,17.980552852,-2.291137415,17.980552852,-2.291137415,0.000000000,1
6596.325571775,33,33,551,27.647982691,17.980552852,-2.291137415,17.980552852,-2.291137415,0.000000000,1
6597.370221853,33,33,547,27.554066746,17.980552852,-2.291137415,17.980552852,-2.291137415,0.000000000,1
6598.364945889,33,33,547,27.465962913,17.980552852,-2.291137415,17.980552852,-2.291137415,0.000000000,1
6599.438335180,33,33,546,27.390269246,17.980552852,-2.291137415,17.980552852,-2.291137415,0.000000000,1
6600.525305986,33,33,544,27.287458344,17.980552852,-2.291137415,17.980552852,-2.291137415,0.000000000,1
6601.775283575,33,33,542,27.172949189,17.980552852,-2.291137415,17.980552852,-2.291137415,0.000000000,1
6602.659681082,33,33,538,26.972977985,17.980552852,-2.291137415,17.980552852,-2.291137415,0.000000000,1
6603.619741440,33,33,536,26.876205629,17.980552852,-2.291137415,17.980552852,-2.291137415,0.000000000,1
6604.687862396,33,33,534,26.775394096,17.980552852,-2.291137415,17.980552852,-2.291137415,0.000000000,1
6605.723228693,33,33,532,26.676244029,17.980552852,-2.291137415,17.980552852,-2.291137415,0.000000000,1
6606.950676680,33,33,530,26.575440064,17.980552852,-2.291137415,17.980552852,-2.291137415,0.000000000,1
6607.944690466,33,33,528,26.476299581,17.980552852,-2.291137415,17.980552852,-2.291137415,0.000000000,1
6608.950505257,33,33,526,26.375501307,17.980552852,-2.291137415,17.980552852,-2.291137415,0.000000000,1
6610.052555799,33,33,524,26.276294291,17.980552852,-2.291137415,17.980552852,-2.291137415,0.000000000,1
6610.972081661,33,33,520,26.076303936,17.980552852,-2.291137415,17.980552852,-2.291137415,0.000000000,1
6612.093605042,33,33,518,25.975055509,17.980552852,-2.291137415,17.980552852,-2.291137415,0.000000000,1
6613.235725164,33,33,516,25.876257737,17.980552852,-2.291137415,17.980552852,-2.291137415,0.000000000,1
6614.209670067,33,33,514,25.773174882,17.980552852,-2.291137415,17.980552852,-2.291137415,0.000000000,1
6615.222622871,33,33,512,25.676292958,17.980552852,-2.291137415,17.980552852,-2.291137415,0.000000000,1
6616.288753271,33,33,510,25.573166774,17.980552852,-2.291137415,17.980552852,-2.291137415,0.000000000,1
6617.296684980,33,33,508,25.476284887,17.980552852,-2.291137415,17.980552852,-2.291137415,0.000000000,1
6618.385490894,33,33,506,25.373158279,17.980552852,-2.291137415,17.980552852,-2.291137415,0.000000000,1
6619.329697132,33,33,504,25.276134711,17.980552852,-2.291137415,17.980552852,-2.291137415,0.000000000,1
6620.442277670,33,33,502,25.175010480,17.980552852,-2.291137415,17.980552852,-2.291137415,0.000000000,1
6621.523870707,33,33,500,25.076121350,17.980552852,-2.291137415,17.980552852,-2.291137415,0.000000000,1
6622.466995478,33,33,498,24.975347390,17.980552852,-2.291137415,17.980552852,-2.291137415,0.000000000,1
6623.621754646,33,33,496,24.876105373,17.980552852,-2.291137415,17.980552852,-2.291137415,0.000000000,1
6624.619373322,33,33,492,24.675827131,17.980552852,-2.291137415,17.980552852,-2.291137415,0.000000000,1
6625.663499117,33,33,490,24.575045079,17.980552852,-2.291137415,17.980552852,-2.291137415,0.000000000,1
6626.742017746,33,33,488,24.476115973,17.980552852,-2.291137415,17.980552852,-2.291137415,0.000000000,1
6627.716879606,33,33,486,24.375330379,17.980552852,-2.291137415,17.980552852,-2.291137415,0.000000000,1
6628.736391544,33,33,485,24.316217425,17.980552852,-2.291137415,17.980552852,-2.291137415,0.000000000,1
6629.818437576,33,33,482,24.175391183,17.980552852,-2.291137415,17.980552852,-2.291137415,0.000000000,1
6630.826395750,33,33,481,24.123651142,17.980552852,-2.291137415,17.980552852,-2.291137415,0.000000000,1
6631.993487120,33,33,478,23.974764916,17.980552852,-2.291137415,17.980552852,-2.291137415,0.000000000,1
6632.994748354,33,33,477,23.923463793,17.980552852,-2.291137415,17.980552852,-2.291137415,0.000000000,1
6634.143216133,33,33,473,23.723486418,17.980552852,-2.291137415,17.980552852,-2.291137415,0.000000000,1
6635.129208326,33,33,470,23.573734533,17.980552852,-2.291137415,17.980552852,-2.291137415,0.000000000,1
6636.190484285,33,33,468,23.481194604,17.980552852,-2.291137415,17.980552852,-2.291137415,0.000000000,1
6637.199872732,33,33,465,23.333012676,17.980552852,-2.291137415,17.980552852,-2.291137415,0.000000000,1
6638.235470295,33,33,464,23.281806768,17.980552852,-2.291137415,17.980552852,-2.291137415,0.000000000,1
6639.345642805,33,33,461,23.133463782,17.980552852,-2.291137415,17.980552852,-2.291137415,0.000000000,1
6640.285222530,33,33,460,23.084305160,17.980552852,-2.291137415,17.980552852,-2.291137415,0.000000000,1
6641.445987701,33,33,457,22.934159256,17.980552852,-2.291137415,17.980552852,-2.291137415,0.000000000,1
6642.496362209,33,33,456,22.875329810,17.980552852,-2.291137415,17.980552852,-2.291137415,0.000000000,1
6643.563284159,33,33,452,22.686366396,17.980552852,-2.291137415,17.980552852,-2.291137415,0.000000000,1
6644.569405794,33,33,452,22.686323805,17.980552852,-2.291137415,17.980552852,-2.291137415,0.000000000,1
6645.599595070,33,33,450,22.598851839,17.980552852,-2.291137415,17.980552852,-2.291137415,0.000000000,1
6646.599723816,33,33,447,22.450516705,17.980552852,-2.291137415,17.980552852,-2.291137415,0.000000000,1
6647.611953974,33,33,446,22.405141346,17.980552852,-2.291137415,17.980552852,-2.291137415,0.000000000,1
6648.786737919,33,33,442,22.172658477,17.980552852,-2.291137415,17.980552852,-2.291137415,0.000000000,1
6649.875719309,33,33,440,22.068005786,17.980552852,-2.291137415,17.980552852,-2.291137415,0.000000000,1
6650.872102976,33,33,438,21.978317540,17.980552852,-2.291137415,17.980552852,-2.291137415,0.000000000,1
6651.962489128,33,33,436,21.868623739,17.980552852,-2.291137415,17.980552852,-2.291137415,0.000000000,1
6653.020259142,33,33,434,21.775574654,17.980552852,-2.291137415,17.980552852,-2.291137415,0.000000000,1
6653.942043543,33,33,432,21.668180194,17.980552852,-2.291137415,17.980552852,-2.291137415,0.000000000,1
6655.089749575,33,33,430,21.592420684,17.980552852,-2.291137415,17.980552852,-2.291137415,0.000000000,1
6656.005592346,33,33,426,21.362839073,17.980552852,-2.291137415,17.980552852,-2.291137415,0.000000000,1
6657.125930309,33,33,424,21.309166958,17.980552852,-2.291137415,17.980552852,-2.291137415,0.000000000,1
6658.224492550,33,33,422,21.163385920,17.980552852,-2.291137415,17.980552852,-2.291137415,0.000000000,1
6659.279004335,33,33,419,21.050492843,17.980552852,-2.291137415,17.980552852,-2.291137415,0.000000000,1
6660.351795197,33,33,417,20.954606556,17.980552852,-2.291137415,17.980552852,-2.291137415,0.000000000,1
6661.266597033,33,33,415,20.829724763,17.980552852,-2.291137415,17.980552852,-2.291137415,0.000000000,1
6662.365180731,33,33,413,20.736166832,17.980552852,-2.291137415,17.980552852,-2.291137415,0.000000000,1
6663.445136547,33,33,412,20.685210795,17.980552852,-2.291137415,17.980552852,-2.291137415,0.000000000,1
6664.470635414,33,33,410,20.564806721,17.980552852,-2.291137415,17.980552852,-2.291137415,0.000000000,1
6665.523461580,33,33,406,20.367329777,17.980552852,-2.291137415,17.980552852,-2.291137415,0.000000000,1
6666.614597082,33,33,403,20.256269161,17.980552852,-2.291137415,17.980552852,-2.291137415,0.000000000,1
6667.646877050,33,33,402,20.172305057,17.980552852,-2.291137415,17.980552852,-2.291137415,0.000000000,1
6668.747327805,33,33,400,20.066629522,17.980552852,-2.291137415,17.980552852,-2.291137415,0.000000000,1
6669.728745461,33,33,398,20.001196952,17.980552852,-2.291137415,17.980552852,-2.291137415,0.000000000,1
6670.698372602,33,33,396,19.881334926,17.980552852,-2.291137415,17.980552852,-2.291137415,0.000000000,1
6671.816057205,33,33,394,19.766656629,17.980552852,-2.291137415,17.980552852,-2.291137415,0.000000000,1
6672.846592188,33,33,390,19.573577857,17.980552852,-2.291137415,17.980552852,-2.291137415,0.000000000,1
6673.845240355,33,33,390,19.573577857,17.980552852,-2.291137415,17.980552852,-2.291137415,0.000000000,1
6675.045424461,33,33,388,19.478571423,17.980552852,-2.291137415,17.980552852,-2.291137415,0.000000000,1
6675.965509176,33,33,384,19.300991821,17.980552852,-2.291137415,17.980552852,-2.291137415,0.000000000,1
6677.012270451,33,33,383,19.238464911,17.980552852,-2.291137415,17.980552852,-2.291137415,0.000000000,1
6678.064945221,33,33,380,19.111237001,17.980552852,-2.291137415,17.980552852,-2.291137415,0.000000000,1
6679.086028099,33,33,379,19.043541345,17.980552852,-2.291137415,17.980552852,-2.291137415,0.000000000,1
6680.151291370,33,33,376,18.907246282,17.980552852,-2.291137415,17.980552852,-2.291137415,0.000000000,1
6681.449997187,33,33,376,18.878233455,17.980552852,-2.291137415,17.980552852,-2.291137415,0.000000000,1
6682.287154913,33,33,372,18.684480415,17.980552852,-2.291137415,17.980552852,-2.291137415,0.000000000,1
6683.329616070,33,33,371,18.618750736,17.980552852,-2.291137415,17.980552852,-2.291137415,0.000000000,1
6684.296043634,33,33,369,18.519170406,17.980552852,-2.291137415,17.980552852,-2.291137415,0.000000000,1
6685.301734924,33,33,366,18.393602395,17.980552852,-2.291137415,17.980552852,-2.291137415,0.000000000,1
6686.341385603,33,33,364,18.306996168,17.980552852,-2.291137415,17.980552852,-2.291137415,0.000000000,1
6687.481409073,33,33,362,18.179015270,17.980552852,-2.291137415,17.980552852,-2.291137415,0.000000000,1
6688.501784086,33,33,360,18.098271034,17.980552852,-2.291137415,17.980552852,-2.291137415,0.000000000,1
6689.515413523,33,33,357,17.962985827,17.980552852,-2.291137415,17.980552852,-2.291137415,0.000000000,1
6690.568049669,33,33,356,17.879297312,17.980552852,-2.291137415,17.980552852,-2.291137415,0.000000000,1
6691.542548656,33,33,351,17.717134540,17.980552852,-2.291137415,17.980552852,-2.291137415,0.000000000,1
6692.579463720,33,33,351,17.620288726,17.980552852,-2.291137415,17.980552852,-2.291137415,0.000000000,1
6693.619626760,33,33,347,17.511804509,17.980552852,-2.291137415,17.980552852,-2.291137415,0.000000000,1
6694.692934275,33,33,346,17.410271802,17.980552852,-2.291137415,17.980552852,-2.291137415,0.000000000,1
6695.796884298,33,33,342,17.208803682,17.980552852,-2.291137415,17.980552852,-2.291137415,0.000000000,1
6696.797526121,33,33,340,17.095419502,17.980552852,-2.291137415,17.980552852,-2.291137415,0.000000000,1
6697.893564463,33,33,338,16.995038107,17.980552852,-2.291137415,17.980552852,-2.291137415,0.000000000,1
6698.886152506,33,33,336,16.896014634,17.980552852,-2.291137415,17.980552852,-2.291137415,0.000000000,1
6700.021540642,33,33,332,16.696267079,17.980552852,-2.291137415,17.980552852,-2.291137415,0.000000000,1
6701.095342159,33,33,330,16.569635584,17.980552852,-2.291137415,17.980552852,-2.291137415,0.000000000,1
6702.086655378,33,33,330,16.569635584,17.980552852,-2.291137415,17.980552852,-2.291137415,0.000000000,1
6703.186728954,33,33,326,16.378626261,17.980552852,-2.291137415,17.980552852,-2.291137415,0.000000000,1
6704.205494642,33,33,324,16.288686827,17.980552852,-2.291137415,17.980552852,-2.291137415,0.000000000,1
6705.225249529,33,33,322,16.197284784,17.980552852,-2.291137415,17.980552852,-2.291137415,0.000000000,1
6706.327421427,33,33,318,15.998002574,17.980552852,-2.291137415,17.980552852,-2.291137415,0.000000000,1
6707.385457277,33,33,316,15.880706483,17.980552852,-2.291137415,17.980552852,-2.291137415,0.000000000,1
6708.460228920,33,33,314,15.776413632,17.980552852,-2.291137415,17.980552852,-2.291137415,0.000000000,1
6709.443263531,33,33,312,15.680553546,17.980552852,-2.291137415,17.980552852,-2.291137415,0.000000000,1
6710.449826002,33,33,310,15.583578678,17.980552852,-2.291137415,17.980552852,-2.291137415,0.000000000,1
6711.486067533,33,33,308,15.488165259,17.980552852,-2.291137415,17.980552852,-2.291137415,0.000000000,1
6712.557181597,33,33,306,15.371147948,17.980552852,-2.291137415,17.980552852,-2.291137415,0.000000000,1
6713.586678982,33,33,302,15.177334963,17.980552852,-2.291137415,17.980552852,-2.291137415,0.000000000,1
6714.586588383,33,33,300,15.081654407,17.980552852,-2.291137415,17.980552852,-2.291137415,0.000000000,1
6715.667874098,33,33,298,14.983772814,17.980552852,-2.291137415,17.980552852,-2.291137415,0.000000000,1
6716.777953863,33,33,295,14.849953122,17.980552852,-2.291137415,17.980552852,-2.291137415,0.000000000,1
6717.818826914,33,33,293,14.759268586,17.980552852,-2.291137415,17.980552852,-2.291137415,0.000000000,1
6718.876920223,33,33,291,14.650210365,17.980552852,-2.291137415,17.980552852,-2.291137415,0.000000000,1
6719.958434105,33,33,289,14.559598618,17.980552852,-2.291137415,17.980552852,-2.291137415,0.000000000,1
6720.962451696,33,33,287,14.450593783,17.980552852,-2.291137415,17.980552852,-2.291137415,0.000000000,1
6721.925882578,33,33,283,14.253515929,17.980552852,-2.291137415,17.980552852,-2.291137415,0.000000000,1
6722.942773104,33,33,282,14.168710421,17.980552852,-2.291137415,17.980552852,-2.291137415,0.000000000,1
6724.045217037,33,33,279,14.057484156,17.980552852,-2.291137415,17.980552852,-2.291137415,0.000000000,1
6725.001340866,33,33,278,13.968490461,17.980552852,-2.291137415,17.980552852,-2.291137415,0.000000000,1
6726.036437750,33,33,276,13.862872769,17.980552852,-2.291137415,17.980552852,-2.291137415,0.000000000,1
6727.142850637,33,33,274,13.769819419,17.980552852,-2.291137415,17.980552852,-2.291137415,0.000000000,1
6728.165767908,33,33,271,13.660116564,17.980552852,-2.291137415,17.980552852,-2.291137415,0.000000000,1
6729.227172136,33,33,267,13.460957756,17.980552852,-2.291137415,17.980552852,-2.291137415,0.000000000,1
6730.195137739,33,33,264,13.362620362,17.980552852,-2.291137415,17.980552852,-2.291137415,0.000000000,1
6731.267793894,33,33,263,13.259036542,17.980552852,-2.291137415,17.980552852,-2.291137415,0.000000000,1
6732.359106302,33,33,261,13.157989771,17.980552852,-2.291137415,17.980552852,-2.291137415,0.000000000,1
6733.321316004,33,33,260,13.080930004,17.980552852,-2.291137415,17.980552852,-2.291137415,0.000000000,1
6734.369052887,33,33,258,12.988993285,17.980552852,-2.291137415,17.980552852,-2.291137415,0.000000000,1
6735.421393633,33,33,254,12.798659040,17.980552852,-2.291137415,17.980552852,-2.291137415,0.000000000,1
6736.453195333,33,33,252,12.689374412,17.980552852,-2.291137415,17.980552852,-2.291137415,0.000000000,1
6737.520694971,33,33,250,12.563223062,17.980552852,-2.291137415,17.980552852,-2.291137415,0.000000000,1
6738.621883154,33,33,247,12.452926049,17.980552852,-2.291137415,17.980552852,-2.291137415,0.000000000,1
6739.634399652,33,33,245,12.320762859,17.980552852,-2.291137415,17.980552852,-2.291137415,0.000000000,1
6740.642383337,33,33,240,12.108982680,17.980552852,-2.291137415,17.980552852,-2.291137415,0.000000000,1
6741.650631905,33,33,238,12.004185074,17.980552852,-2.291137415,17.980552852,-2.291137415,0.000000000,1
6742.742312193,33,33,237,11.919216904,17.980552852,-2.291137415,17.980552852,-2.291137415,0.000000000,1
6743.845923901,33,33,233,11.810848347,17.980552852,-2.291137415,17.980552852,-2.291137415,0.000000000,1
6744.969201326,33,33,232,11.707308855,17.980552852,-2.291137415,17.980552852,-2.291137415,0.000000000,1
6745.841020823,33,33,229,11.615320667,17.980552852,-2.291137415,17.980552852,-2.291137415,0.000000000,1
6746.904381990,33,33,228,11.495031783,17.980552852,-2.291137415,17.980552852,-2.291137415,0.000000000,1
6747.973880529,33,33,227,11.433987222,17.980552852,-2.291137415,17.980552852,-2.291137415,0.000000000,1
6749.057520866,33,33,226,11.377263922,17.980552852,-2.291137415,17.980552852,-2.291137415,0.000000000,1
6750.032038927,33,33,221,11.135844556,17.980552852,-2.291137415,17.980552852,-2.291137415,0.000000000,1
6751.121123075,33,33,219,11.039430995,17.980552852,-2.291137415,17.980552852,-2.291137415,0.000000000,1
6752.131123066,33,33,217,10.940014992,17.980552852,-2.291137415,17.980552852,-2.291137415,0.000000000,1
6753.177447081,33,33,213,10.826943999,17.980552852,-2.291137415,17.980552852,-2.291137415,0.000000000,1
6754.144845009,33,33,213,10.727042313,17.980552852,-2.291137415,17.980552852,-2.291137415,0.000000000,1
6755.227330685,33,33,211,10.632480131,17.980552852,-2.291137415,17.980552852,-2.291137415,0.000000000,1
6756.273413897,33,33,209,10.527860423,17.980552852,-2.291137415,17.980552852,-2.291137415,0.000000000,1
6757.314407349,33,33,207,10.427181884,17.980552852,-2.291137415,17.980552852,-2.291137415,0.000000000,1
6758.286856651,33,33,206,10.406521583,17.980552852,-2.291137415,17.980552852,-2.291137415,0.000000000,1
6759.292323828,33,33,203,10.227848823,17.980552852,-2.291137415,17.980552852,-2.291137415,0.000000000,1
6760.329455853,33,33,200,10.097822157,17.980552852,-2.291137415,17.980552852,-2.291137415,0.000000000,1
6761.370352268,33,33,198,10.006755753,17.980552852,-2.291137415,17.980552852,-2.291137415,0.000000000,1
6762.447241545,33,33,194,9.811979150,17.980552852,-2.291137415,17.980552852,-2.291137415,0.000000000,1
6763.418809652,33,33,194,9.811979150,17.980552852,-2.291137415,17.980552852,-2.291137415,0.000000000,1
6764.500285864,33,33,191,9.626623953,17.980552852,-2.291137415,17.980552852,-2.291137415,0.000000000,1
6765.502158642,33,33,189,9.517706895,17.980552852,-2.291137415,17.980552852,-2.291137415,0.000000000,1
6766.517718315,33,33,186,9.400100724,17.980552852,-2.291137415,17.980552852,-2.291137415,0.000000000,1
6767.540111542,33,33,184,9.298274017,17.980552852,-2.291137415,17.980552852,-2.291137415,0.000000000,1
6768.546195745,33,33,182,9.201740322,17.980552852,-2.291137415,17.980552852,-2.291137415,0.000000000,1
6769.636558771,33,33,180,9.077503754,17.980552852,-2.291137415,17.980552852,-2.291137415,0.000000000,1
6770.621252775,33,33,178,8.985580812,17.980552852,-2.291137415,17.980552852,-2.291137415,0.000000000,1
6771.673338890,33,33,172,8.655750978,17.980552852,-2.291137415,17.980552852,-2.291137415,0.000000000,1
6772.664471149,33,33,170,8.575383817,17.980552852,-2.291137415,17.980552852,-2.291137415,0.000000000,1
6773.722677231,33,33,166,8.392335801,17.980552852,-2.291137415,17.980552852,-2.291137415,0.000000000,1
6774.726110458,33,33,164,8.260076106,17.980552852,-2.291137415,17.980552852,-2.291137415,0.000000000,1
6775.827029228,33,33,161,8.128324482,17.980552852,-2.291137415,17.980552852,-2.291137415,0.000000000,1
6776.843331099,33,33,161,8.141220951,17.980552852,-2.291137415,17.980552852,-2.291137415,0.000000000,1
6777.854426384,33,33,159,8.007214909,17.980552852,-2.291137415,17.980552852,-2.291137415,0.000000000,1
6778.921750546,33,33,159,8.014875279,17.980552852,-2.291137415,17.980552852,-2.291137415,0.000000000,1
6779.919434309,33,33,158,7.962371056,17.980552852,-2.291137415,17.980552852,-2.291137415,0.000000000,1
6780.899677515,33,33,152,7.674110453,17.980552852,-2.291137415,17.980552852,-2.291137415,0.000000000,1
6781.924449444,33,33,150,7.573200004,17.980552852,-2.291137415,17.980552852,-2.291137415,0.000000000,1
6783.004890680,33,33,148,7.446236766,17.980552852,-2.291137415,17.980552852,-2.291137415,0.000000000,1
6784.022594452,33,33,145,7.321639428,17.980552852,-2.291137415,17.980552852,-2.291137415,0.000000000,1
6785.061292410,33,33,141,7.127240914,17.980552852,-2.291137415,17.980552852,-2.291137415,0.000000000,1
6786.146068335,33,33,139,7.025108556,17.980552852,-2.291137415,17.980552852,-2.291137415,0.000000000,1
6787.146013975,33,33,137,6.929639500,17.980552852,-2.291137415,17.980552852,-2.291137415,0.000000000,1
6788.199945688,33,33,135,6.822341720,17.980552852,-2.291137415,17.980552852,-2.291137415,0.000000000,1
6789.218775034,33,33,133,6.710317635,17.980552852,-2.291137415,17.980552852,-2.291137415,0.000000000,1
6790.223174095,33,33,133,6.710747680,17.980552852,-2.291137415,17.980552852,-2.291137415,0.000000000,1
6791.264587402,33,33,131,6.613297784,17.980552852,-2.291137415,17.980552852,-2.291137415,0.000000000,1
6792.290526152,33,33,129,6.511200193,17.980552852,-2.291137415,17.980552852,-2.291137415,0.000000000,1
6793.311649084,33,33,127,6.405154767,17.980552852,-2.291137415,17.980552852,-2.291137415,0.000000000,1
6794.367951155,33,33,127,6.405154767,17.980552852,-2.291137415,17.980552852,-2.291137415,0.000000000,1
6795.353036165,33,33,125,6.309502723,17.980552852,-2.291137415,17.980552852,-2.291137415,0.000000000,1
6796.390808344,33,33,123,6.196157736,17.980552852,-2.291137415,17.980552852,-2.291137415,0.000000000,1
6797.416153669,33,33,127,6.431326176,17.980552852,-2.291137415,17.980552852,-2.291137415,0.000000000,1
6798.436318398,33,33,125,6.336454566,17.980552852,-2.291137415,17.980552852,-2.291137415,0.000000000,1
6799.458072186,33,33,118,5.962998059,17.980552852,-2.291137415,17.980552852,-2.291137415,0.000000000,1
6800.473737717,33,33,118,5.962998059,17.980552852,-2.291137415,17.980552852,-2.291137415,0.000000000,1
6801.495906115,33,33,116,5.837620551,17.980552852,-2.291137415,17.980552852,-2.291137415,0.000000000,1
6802.520513535,33,33,114,5.765180892,17.980552852,-2.291137415,17.980552852,-2.291137415,0.000000000,1
6803.545466185,33,33,113,5.700807724,17.980552852,-2.291137415,17.980552852,-2.291137415,0.000000000,1
6804.598308563,33,33,111,5.632451390,17.980552852,-2.291137415,17.980552852,-2.291137415,0.000000000,1
6805.575344801,33,33,109,5.545722452,17.980552852,-2.291137415,17.980552852,-2.291137415,0.000000000,1
6806.639065504,33,33,108,5.487517336,17.980552852,-2.291137415,17.980552852,-2.291137415,0.000000000,1
6807.686727047,33,33,107,5.405949059,17.980552852,-2.291137415,17.980552852,-2.291137415,0.000000000,1
6808.727573395,33,33,106,5.342225555,17.980552852,-2.291137415,17.980552852,-2.291137415,0.000000000,1
6809.755206347,33,33,102,5.189354929,17.980552852,-2.291137415,17.980552852,-2.291137415,0.000000000,1
6810.776547432,33,33,102,5.140556317,17.980552852,-2.291137415,17.980552852,-2.291137415,0.000000000,1
6811.799058199,33,33,100,5.056464829,17.980552852,-2.291137415,17.980552852,-2.291137415,0.000000000,1
6812.829844713,33,33,99,5.014196302,17.980552852,-2.291137415,17.980552852,-2.291137415,0.000000000,1
6813.872188568,33,33,97,4.913948176,17.980552852,-2.291137415,17.980552852,-2.291137415,0.000000000,1
6815.025069237,33,33,94,4.771204069,17.980552852,-2.291137415,17.980552852,-2.291137415,0.000000000,1
6815.919927597,33,33,94,4.747317214,17.980552852,-2.291137415,17.980552852,-2.291137415,0.000000000,1
6816.907466173,33,33,90,4.567960723,17.980552852,-2.291137415,17.980552852,-2.291137415,0.000000000,1
6817.920993805,33,33,87,4.416877791,17.980552852,-2.291137415,17.980552852,-2.291137415,0.000000000,1
6818.971419811,33,33,87,4.416877791,17.980552852,-2.291137415,17.980552852,-2.291137415,0.000000000,1
6819.980501652,33,33,84,4.281413393,17.980552852,-2.291137415,17.980552852,-2.291137415,0.000000000,1
6820.995246887,33,33,83,4.201866818,17.980552852,-2.291137415,17.980552852,-2.291137415,0.000000000,1
6822.043573380,33,33,81,4.102720583,17.980552852,-2.291137415,17.980552852,-2.291137415,0.000000000,1
6823.055479050,33,33,79,4.002117082,17.980552852,-2.291137415,17.980552852,-2.291137415,0.000000000,1
6824.094300032,33,33,77,3.906113659,17.980552852,-2.291137415,17.980552852,-2.291137415,0.000000000,1
6825.114195824,33,33,75,3.805932912,17.980552852,-2.291137415,17.980552852,-2.291137415,0.000000000,1
6826.107883215,33,33,73,3.708800037,17.980552852,-2.291137415,17.980552852,-2.291137415,0.000000000,1
6827.165018559,33,33,71,3.609300676,17.980552852,-2.291137415,17.980552852,-2.291137415,0.000000000,1
6828.219751358,33,33,69,3.514269467,17.980552852,-2.291137415,17.980552852,-2.291137415,0.000000000,1
6829.240406513,33,33,69,3.500350627,17.980552852,-2.291137415,17.980552852,-2.291137415,0.000000000,1
6830.236632586,33,33,67,3.400459780,17.980552852,-2.291137415,17.980552852,-2.291137415,0.000000000,1
6831.276552200,33,33,65,3.304925234,17.980552852,-2.291137415,17.980552852,-2.291137415,0.000000000,1
6832.303318024,33,33,63,3.201775273,17.980552852,-2.291137415,17.980552852,-2.291137415,0.000000000,1
6833.359469175,33,33,61,3.101881560,17.980552852,-2.291137415,17.980552852,-2.291137415,0.000000000,1
6834.355611801,33,33,59,3.005580546,17.980552852,-2.291137415,17.980552852,-2.291137415,0.000000000,1
6835.360478640,33,33,57,2.907685191,17.980552852,-2.291137415,17.980552852,-2.291137415,0.000000000,1
6836.403432846,33,33,55,2.806473799,17.980552852,-2.291137415,17.980552852,-2.291137415,0.000000000,1
6837.400203228,33,33,53,2.709502118,17.980552852,-2.291137415,17.980552852,-2.291137415,0.000000000,1
6838.449420691,33,33,51,2.636253180,17.980552852,-2.291137415,17.980552852,-2.291137415,0.000000000,1
6839.451339006,33,33,49,2.533375680,17.980552852,-2.291137415,17.980552852,-2.291137415,0.000000000,1
6840.508362055,33,33,47,2.437010606,17.980552852,-2.291137415,17.980552852,-2.291137415,0.000000000,1
6841.558680773,33,33,45,2.333738036,17.980552852,-2.291137415,17.980552852,-2.291137415,0.000000000,1
6842.585113525,33,33,44,2.237502248,17.980552852,-2.291137415,17.980552852,-2.291137415,0.000000000,1
6843.568649530,33,33,41,2.134235028,17.980552852,-2.291137415,17.980552852,-2.291137415,0.000000000,1
6844.605286837,33,33,41,2.121428868,17.980552852,-2.291137415,17.980552852,-2.291137415,0.000000000,1
6845.667189837,33,33,39,2.018708019,17.980552852,-2.291137415,17.980552852,-2.291137415,0.000000000,1
6846.675798655,33,33,37,1.922331826,17.980552852,-2.291137415,17.980552852,-2.291137415,0.000000000,1
6847.712154865,33,33,35,1.824525254,17.980552852,-2.291137415,17.980552852,-2.291137415,0.000000000,1
6848.726660728,33,33,33,1.727364139,17.980552852,-2.291137415,17.980552852,-2.291137415,0.000000000,1
6849.802624702,33,33,31,1.632040965,17.980552852,-2.291137415,17.980552852,-2.291137415,0.000000000,1
6850.801516056,33,33,29,1.529425661,17.980552852,-2.291137415,17.980552852,-2.291137415,0.000000000,1
6851.843579769,33,33,27,1.434879734,17.980552852,-2.291137415,17.980552852,-2.291137415,0.000000000,1
6852.876904249,33,33,25,1.337011097,17.980552852,-2.291137415,17.980552852,-2.291137415,0.000000000,1
6853.893259525,33,33,24,1.240907794,17.980552852,-2.291137415,17.980552852,-2.291137415,0.000000000,1
6854.905155659,33,33,21,1.111082572,17.980552852,-2.291137415,17.980552852,-2.291137415,0.000000000,1
6855.932036877,33,33,19,1.014471181,17.980552852,-2.291137415,17.980552852,-2.291137415,0.000000000,1
6856.947068691,33,33,19,1.014471181,17.980552852,-2.291137415,17.980552852,-2.291137415,0.000000000,1
6857.971899271,33,33,17,0.919784413,17.980552852,-2.291137415,17.980552852,-2.291137415,0.000000000,1
6859.040310383,33,33,15,0.831275859,17.980552852,-2.291137415,17.980552852,-2.291137415,0.000000000,1
6860.047454834,33,33,15,0.831275859,17.980552852,-2.291137415,17.980552852,-2.291137415,0.000000000,1
6861.078564882,33,33,12,0.691291921,17.980552852,-2.291137415,17.980552852,-2.291137415,0.000000000,1
6862.102488518,33,33,12,0.691291921,17.980552852,-2.291137415,17.980552852,-2.291137415,0.000000000,1
6863.122379780,33,33,11,0.611691856,17.980552852,-2.291137415,17.980552852,-2.291137415,0.000000000,1
6864.162115097,33,33,11,0.611691856,17.980552852,-2.291137415,17.980552852,-2.291137415,0.000000000,1
6865.173107386,33,33,10,0.549217599,17.980552852,-2.291137415,17.980552852,-2.291137415,0.000000000,1
6866.250234604,33,33,8,0.470105680,17.980552852,-2.291137415,17.980552852,-2.291137415,0.000000000,1
6867.237063885,33,33,8,0.470105680,17.980552852,-2.291137415,17.980552852,-2.291137415,0.000000000,1
6912.730829716,34,34,464,23.774056878,22.385826480,1.049440381,22.385826480,1.049440381,0.000000000,1
6913.699675798,34,34,464,23.774056878,22.385826480,1.049440381,22.385826480,1.049440381,0.000000000,1
6914.810051441,34,34,464,23.778279228,22.385826480,1.049440381,22.385826480,1.049440381,0.000000000,1
6915.827781916,34,34,461,23.641973901,22.385826480,1.049440381,22.385826480,1.049440381,0.000000000,1
6917.000558853,34,34,461,23.641973901,22.385826480,1.049440381,22.385826480,1.049440381,0.000000000,1
6917.993178844,34,34,459,23.548189758,22.385826480,1.049440381,22.385826480,1.049440381,0.000000000,1
6919.015986443,34,34,457,23.419080831,22.385826480,1.049440381,22.385826480,1.049440381,0.000000000,1
6920.045336723,34,34,457,23.419080831,22.385826480,1.049440381,22.385826480,1.049440381,0.000000000,1
6921.056284189,34,34,455,23.355375709,22.385826480,1.049440381,22.385826480,1.049440381,0.000000000,1
6922.112371683,34,34,455,23.355375709,22.385826480,1.049440381,22.385826480,1.049440381,0.000000000,1
6923.248209715,34,34,453,23.221444974,22.385826480,1.049440381,22.385826480,1.049440381,0.000000000,1
6924.215672731,34,34,451,23.149277002,22.385826480,1.049440381,22.385826480,1.049440381,0.000000000,1
6925.199054718,34,34,450,23.085344265,22.385826480,1.049440381,22.385826480,1.049440381,0.000000000,1
6926.295446157,34,34,449,23.027982864,22.385826480,1.049440381,22.385826480,1.049440381,0.000000000,1
6927.367667913,34,34,446,22.887484353,22.385826480,1.049440381,22.385826480,1.049440381,0.000000000,1
6928.456329584,34,34,446,22.883495597,22.385826480,1.049440381,22.385826480,1.049440381,0.000000000,1
6929.418188810,34,34,445,22.823545599,22.385826480,1.049440381,22.385826480,1.049440381,0.000000000,1
6930.409727097,34,34,445,22.823545599,22.385826480,1.049440381,22.385826480,1.049440381,0.000000000,1
6931.517118931,34,34,442,22.688028126,22.385826480,1.049440381,22.385826480,1.049440381,0.000000000,1
6932.631304741,34,34,441,22.625851991,22.385826480,1.049440381,22.385826480,1.049440381,0.000000000,1
6933.547571182,34,34,438,22.489831807,22.385826480,1.049440381,22.385826480,1.049440381,0.000000000,1
6934.590732574,34,34,438,22.489831807,22.385826480,1.049440381,22.385826480,1.049440381,0.000000000,1
6935.602212429,34,34,437,22.429543088,22.385826480,1.049440381,22.385826480,1.049440381,0.000000000,1
6936.687124252,34,34,437,22.429543088,22.385826480,1.049440381,22.385826480,1.049440381,0.000000000,1
6937.740769386,34,34,434,22.292700628,22.385826480,1.049440381,22.385826480,1.049440381,0.000000000,1
6938.737982512,34,34,433,22.221679857,22.385826480,1.049440381,22.385826480,1.049440381,0.000000000,1
6939.836065054,34,34,433,22.221777276,22.385826480,1.049440381,22.385826480,1.049440381,0.000000000,1
6940.819733620,34,34,430,22.080864010,22.385826480,1.049440381,22.385826480,1.049440381,0.000000000,1
6941.890675068,34,34,429,22.021897176,22.385826480,1.049440381,22.385826480,1.049440381,0.000000000,1
6942.941327333,34,34,429,22.021897176,22.385826480,1.049440381,22.385826480,1.049440381,0.000000000,1
6944.012063503,34,34,426,21.878004133,22.385826480,1.049440381,22.385826480,1.049440381,0.000000000,1
6945.015240431,34,34,424,21.794973415,22.385826480,1.049440381,22.385826480,1.049440381,0.000000000,1
6946.158281326,34,34,424,21.794973415,22.385826480,1.049440381,22.385826480,1.049440381,0.000000000,1
6947.095007181,34,34,422,21.678332538,22.385826480,1.049440381,22.385826480,1.049440381,0.000000000,1
6948.219281435,34,34,422,21.681447750,22.385826480,1.049440381,22.385826480,1.049440381,0.000000000,1
6949.207082272,34,34,420,21.595036753,22.385826480,1.049440381,22.385826480,1.049440381,0.000000000,1
6950.266613007,34,34,418,21.486380662,22.385826480,1.049440381,22.385826480,1.049440381,0.000000000,1
6951.297620773,34,34,418,21.494047343,22.385826480,1.049440381,22.385826480,1.049440381,0.000000000,1
6952.400496244,34,34,416,21.391948987,22.385826480,1.049440381,22.385826480,1.049440381,0.000000000,1
6953.368645191,34,34,414,21.294611940,22.385826480,1.049440381,22.385826480,1.049440381,0.000000000,1
6954.408202171,34,34,414,21.286745147,22.385826480,1.049440381,22.385826480,1.049440381,0.000000000,1
6955.476174116,34,34,412,21.193544817,22.385826480,1.049440381,22.385826480,1.049440381,0.000000000,1
6956.530093670,34,34,410,21.087236097,22.385826480,1.049440381,22.385826480,1.049440381,0.000000000,1
6957.561849117,34,34,410,21.087236097,22.385826480,1.049440381,22.385826480,1.049440381,0.000000000,1
6958.594430685,34,34,408,20.994197619,22.385826480,1.049440381,22.385826480,1.049440381,0.000000000,1
6959.692862988,34,34,406,20.887899521,22.385826480,1.049440381,22.385826480,1.049440381,0.000000000,1
6960.677227736,34,34,406,20.887899521,22.385826480,1.049440381,22.385826480,1.049440381,0.000000000,1
6961.694647789,34,34,404,20.798422891,22.385826480,1.049440381,22.385826480,1.049440381,0.000000000,1
6962.729777098,34,34,402,20.678144083,22.385826480,1.049440381,22.385826480,1.049440381,0.000000000,1
6963.749941111,34,34,402,20.678140953,22.385826480,1.049440381,22.385826480,1.049440381,0.000000000,1
6964.832174301,34,34,400,20.601589539,22.385826480,1.049440381,22.385826480,1.049440381,0.000000000,1
6965.851683378,34,34,400,20.599566959,22.385826480,1.049440381,22.385826480,1.049440381,0.000000000,1
6967.133501768,34,34,398,20.494540849,22.385826480,1.049440381,22.385826480,1.049440381,0.000000000,1
6967.897107601,34,34,396,20.388669869,22.385826480,1.049440381,22.385826480,1.049440381,0.000000000,1
6969.063054800,34,34,396,20.388669869,22.385826480,1.049440381,22.385826480,1.049440381,0.000000000,1
6970.070354223,34,34,395,20.332180284,22.385826480,1.049440381,22.385826480,1.049440381,0.000000000,1
6971.132459641,34,34,392,20.192321715,22.385826480,1.049440381,22.385826480,1.049440381,0.000000000,1
6972.116451979,34,34,392,20.192321715,22.385826480,1.049440381,22.385826480,1.049440381,0.000000000,1
6973.141761303,34,34,391,20.134928601,22.385826480,1.049440381,22.385826480,1.049440381,0.000000000,1
6974.240010023,34,34,388,19.997178376,22.385826480,1.049440381,22.385826480,1.049440381,0.000000000,1
6975.246636868,34,34,388,19.997178376,22.385826480,1.049440381,22.385826480,1.049440381,0.000000000,1
6976.353255033,34,34,387,19.932668570,22.385826480,1.049440381,22.385826480,1.049440381,0.000000000,1
6977.335144758,34,34,387,19.932668570,22.385826480,1.049440381,22.385826480,1.049440381,0.000000000,1
6978.440918207,34,34,387,19.932668570,22.385826480,1.049440381,22.385826480,1.049440381,0.000000000,1
6979.443421364,34,34,387,19.932668570,22.385826480,1.049440381,22.385826480,1.049440381,0.000000000,1
6980.471228361,34,34,384,19.804021922,22.385826480,1.049440381,22.385826480,1.049440381,0.000000000,1
6981.480886459,34,34,384,19.804021922,22.385826480,1.049440381,22.385826480,1.049440381,0.000000000,1
6982.621062279,34,34,384,19.804021922,22.385826480,1.049440381,22.385826480,1.049440381,0.000000000,1
6983.594958544,34,34,384,19.804021922,22.385826480,1.049440381,22.385826480,1.049440381,0.000000000,1
6984.647150755,34,34,384,19.804021922,22.385826480,1.049440381,22.385826480,1.049440381,0.000000000,1
6985.679884434,34,34,384,19.774565887,22.385826480,1.049440381,22.385826480,1.049440381,0.000000000,1
6986.701135635,34,34,383,19.739784032,22.385826480,1.049440381,22.385826480,1.049440381,0.000000000,1
6987.812997341,34,34,381,19.658859296,22.385826480,1.049440381,22.385826480,1.049440381,0.000000000,1
6988.792098284,34,34,379,19.546264241,22.385826480,1.049440381,22.385826480,1.049440381,0.000000000,1
6989.926223040,34,34,379,19.546264241,22.385826480,1.049440381,22.385826480,1.049440381,0.000000000,1
6990.924724340,34,34,378,19.499064702,22.385826480,1.049440381,22.385826480,1.049440381,0.000000000,1
6991.964613199,34,34,373,19.247524279,22.385826480,1.049440381,22.385826480,1.049440381,0.000000000,1
6992.988563776,34,34,373,19.247524279,22.385826480,1.049440381,22.385826480,1.049440381,0.000000000,1
6994.026352167,34,34,370,19.101977422,22.385826480,1.049440381,22.385826480,1.049440381,0.000000000,1
6995.058105469,34,34,368,19.021717697,22.385826480,1.049440381,22.385826480,1.049440381,0.000000000,1
6996.083018303,34,34,367,18.963609821,22.385826480,1.049440381,22.385826480,1.049440381,0.000000000,1
6997.078042507,34,34,368,18.998828718,22.385826480,1.049440381,22.385826480,1.049440381,0.000000000,1
6998.179720163,34,34,363,18.771125567,22.385826480,1.049440381,22.385826480,1.049440381,0.000000000,1
6999.153639793,34,34,363,18.771125567,22.385826480,1.049440381,22.385826480,1.049440381,0.000000000,1
7000.284440756,34,34,360,18.607381830,22.385826480,1.049440381,22.385826480,1.049440381,0.000000000,1
7001.291392565,34,34,358,18.490666363,22.385826480,1.049440381,22.385826480,1.049440381,0.000000000,1
7002.335077286,34,34,361,18.636494507,22.385826480,1.049440381,22.385826480,1.049440381,0.000000000,1
7003.376938820,34,34,357,18.469173270,22.385826480,1.049440381,22.385826480,1.049440381,0.000000000,1
7004.388684988,34,34,357,18.469173270,22.385826480,1.049440381,22.385826480,1.049440381,0.000000000,1
7005.475368500,34,34,354,18.291320719,22.385826480,1.049440381,22.385826480,1.049440381,0.000000000,1
7006.483107805,34,34,355,18.327936988,22.385826480,1.049440381,22.385826480,1.049440381,0.000000000,1
7007.516448975,34,34,351,18.123227232,22.385826480,1.049440381,22.385826480,1.049440381,0.000000000,1
7008.533298254,34,34,351,18.131538554,22.385826480,1.049440381,22.385826480,1.049440381,0.000000000,1
7009.551717520,34,34,351,18.131538554,22.385826480,1.049440381,22.385826480,1.049440381,0.000000000,1
7010.616307974,34,34,346,17.899558497,22.385826480,1.049440381,22.385826480,1.049440381,0.000000000,1
7011.742956877,34,34,347,17.937008764,22.385826480,1.049440381,22.385826480,1.049440381,0.000000000,1
7012.694894791,34,34,344,17.803700330,22.385826480,1.049440381,22.385826480,1.049440381,0.000000000,1
7013.815766335,34,34,342,17.707217668,22.385826480,1.049440381,22.385826480,1.049440381,0.000000000,1
7014.840175390,34,34,340,17.611074404,22.385826480,1.049440381,22.385826480,1.049440381,0.000000000,1
7015.932747364,34,34,336,17.465961284,22.385826480,1.049440381,22.385826480,1.049440381,0.000000000,1
7016.951853752,34,34,336,17.465961284,22.385826480,1.049440381,22.385826480,1.049440381,0.000000000,1
7018.020850420,34,34,331,17.206710623,22.385826480,1.049440381,22.385826480,1.049440381,0.000000000,1
7019.097778559,34,34,335,17.399523332,22.385826480,1.049440381,22.385826480,1.049440381,0.000000000,1
7020.112262964,34,34,330,17.187807799,22.385826480,1.049440381,22.385826480,1.049440381,0.000000000,1
7021.137345314,34,34,325,16.896306792,22.385826480,1.049440381,22.385826480,1.049440381,0.000000000,1
7022.226596594,34,34,325,16.927604896,22.385826480,1.049440381,22.385826480,1.049440381,0.000000000,1
7023.319414854,34,34,321,16.749146726,22.385826480,1.049440381,22.385826480,1.049440381,0.000000000,1
7024.284022570,34,34,320,16.651299642,22.385826480,1.049440381,22.385826480,1.049440381,0.000000000,1
7025.415235758,34,34,320,16.663328401,22.385826480,1.049440381,22.385826480,1.049440381,0.000000000,1
7026.443167210,34,34,315,16.409492596,22.385826480,1.049440381,22.385826480,1.049440381,0.000000000,1
7027.490641594,34,34,311,16.203655806,22.385826480,1.049440381,22.385826480,1.049440381,0.000000000,1
7028.482782125,34,34,309,16.108005593,22.385826480,1.049440381,22.385826480,1.049440381,0.000000000,1
7029.573409319,34,34,307,16.025178534,22.385826480,1.049440381,22.385826480,1.049440381,0.000000000,1
7030.753594160,34,34,304,15.879066436,22.385826480,1.049440381,22.385826480,1.049440381,0.000000000,1
7031.672219515,34,34,304,15.879066436,22.385826480,1.049440381,22.385826480,1.049440381,0.000000000,1
7032.770824909,34,34,301,15.735470544,22.385826480,1.049440381,22.385826480,1.049440381,0.000000000,1
7033.763974190,34,34,299,15.622153343,22.385826480,1.049440381,22.385826480,1.049440381,0.000000000,1
7034.838785410,34,34,296,15.453352269,22.385826480,1.049440381,22.385826480,1.049440381,0.000000000,1
7035.846723318,34,34,294,15.353682984,22.385826480,1.049440381,22.385826480,1.049440381,0.000000000,1
7036.943546057,34,34,292,15.260389014,22.385826480,1.049440381,22.385826480,1.049440381,0.000000000,1
7037.936699867,34,34,289,15.140830313,22.385826480,1.049440381,22.385826480,1.049440381,0.000000000,1
7039.022897482,34,34,285,14.940831293,22.385826480,1.049440381,22.385826480,1.049440381,0.000000000,1
7040.102385044,34,34,284,14.844200456,22.385826480,1.049440381,22.385826480,1.049440381,0.000000000,1
7041.128731012,34,34,281,14.740833964,22.385826480,1.049440381,22.385826480,1.049440381,0.000000000,1
7042.167392492,34,34,280,14.644203580,22.385826480,1.049440381,22.385826480,1.049440381,0.000000000,1
7043.217675924,34,34,277,14.540837300,22.385826480,1.049440381,22.385826480,1.049440381,0.000000000,1
7044.277493000,34,34,276,14.444205992,22.385826480,1.049440381,22.385826480,1.049440381,0.000000000,1
7045.326615572,34,34,272,14.244210118,22.385826480,1.049440381,22.385826480,1.049440381,0.000000000,1
7046.423525333,34,34,269,14.140842821,22.385826480,1.049440381,22.385826480,1.049440381,0.000000000,1
7047.344408989,34,34,268,14.044214092,22.385826480,1.049440381,22.385826480,1.049440381,0.000000000,1
7048.461664438,34,34,265,13.940847796,22.385826480,1.049440381,22.385826480,1.049440381,0.000000000,1
7049.392994404,34,34,261,13.740853031,22.385826480,1.049440381,22.385826480,1.049440381,0.000000000,1
7050.515817165,34,34,261,13.740853031,22.385826480,1.049440381,22.385826480,1.049440381,0.000000000,1
7051.575778723,34,34,257,13.540859423,22.385826480,1.049440381,22.385826480,1.049440381,0.000000000,1
7052.589923859,34,34,256,13.444234586,22.385826480,1.049440381,22.385826480,1.049440381,0.000000000,1
7053.637687206,34,34,253,13.340867726,22.385826480,1.049440381,22.385826480,1.049440381,0.000000000,1
7054.645076036,34,34,254,13.347078557,22.385826480,1.049440381,22.385826480,1.049440381,0.000000000,1
7055.725049257,34,34,250,13.147089654,22.385826480,1.049440381,22.385826480,1.049440381,0.000000000,1
7056.760630846,34,34,248,13.044746870,22.385826480,1.049440381,22.385826480,1.049440381,0.000000000,1
7057.778686523,34,34,246,12.947103695,22.385826480,1.049440381,22.385826480,1.049440381,0.000000000,1
7058.828668833,34,34,244,12.844763206,22.385826480,1.049440381,22.385826480,1.049440381,0.000000000,1
7059.918400526,34,34,242,12.747120918,22.385826480,1.049440381,22.385826480,1.049440381,0.000000000,1
7060.937668800,34,34,240,12.644783333,22.385826480,1.049440381,22.385826480,1.049440381,0.000000000,1
7062.002507210,34,34,238,12.547144718,22.385826480,1.049440381,22.385826480,1.049440381,0.000000000,1
7063.066852570,34,34,236,12.444808735,22.385826480,1.049440381,22.385826480,1.049440381,0.000000000,1
7064.056406021,34,34,234,12.347170202,22.385826480,1.049440381,22.385826480,1.049440381,0.000000000,1
7065.095886707,34,34,232,12.244836478,22.385826480,1.049440381,22.385826480,1.049440381,0.000000000,1
7066.186491966,34,34,230,12.147202002,22.385826480,1.049440381,22.385826480,1.049440381,0.000000000,1
7067.096054316,34,34,226,11.947243733,22.385826480,1.049440381,22.385826480,1.049440381,0.000000000,1
7068.124595404,34,34,224,11.844914822,22.385826480,1.049440381,22.385826480,1.049440381,0.000000000,1
7069.213566780,34,34,220,11.644970370,22.385826480,1.049440381,22.385826480,1.049440381,0.000000000,1
7070.227000475,34,34,218,11.547477756,22.385826480,1.049440381,22.385826480,1.049440381,0.000000000,1
7071.315584660,34,34,216,11.445041783,22.385826480,1.049440381,22.385826480,1.049440381,0.000000000,1
7072.294078827,34,34,214,11.347553395,22.385826480,1.049440381,22.385826480,1.049440381,0.000000000,1
7073.380181551,34,34,210,11.147637168,22.385826480,1.049440381,22.385826480,1.049440381,0.000000000,1
7074.449277163,34,34,208,11.045232718,22.385826480,1.049440381,22.385826480,1.049440381,0.000000000,1
7075.440436840,34,34,206,10.948085267,22.385826480,1.049440381,22.385826480,1.049440381,0.000000000,1
7076.480317593,34,34,204,10.845367312,22.385826480,1.049440381,22.385826480,1.049440381,0.000000000,1
7077.500166655,34,34,200,10.645535254,22.385826480,1.049440381,22.385826480,1.049440381,0.000000000,1
7078.477554798,34,34,198,10.548423191,22.385826480,1.049440381,22.385826480,1.049440381,0.000000000,1
7079.586953163,34,34,196,10.448583210,22.385826480,1.049440381,22.385826480,1.049440381,0.000000000,1
7080.593570709,34,34,194,10.348665246,22.385826480,1.049440381,22.385826480,1.049440381,0.000000000,1
7081.653007030,34,34,192,10.248857569,22.385826480,1.049440381,22.385826480,1.049440381,0.000000000,1
7082.685628891,34,34,190,10.150468289,22.385826480,1.049440381,22.385826480,1.049440381,0.000000000,1
7083.785921335,34,34,188,10.049825574,22.385826480,1.049440381,22.385826480,1.049440381,0.000000000,1
7084.723309755,34,34,186,9.950881068,22.385826480,1.049440381,22.385826480,1.049440381,0.000000000,1
7085.749675035,34,34,184,9.845995364,22.385826480,1.049440381,22.385826480,1.049440381,0.000000000,1
7086.795683861,34,34,182,9.745898755,22.385826480,1.049440381,22.385826480,1.049440381,0.000000000,1
7087.820673227,34,34,180,9.646002061,22.385826480,1.049440381,22.385826480,1.049440381,0.000000000,1
7088.827970743,34,34,177,9.541294798,22.385826480,1.049440381,22.385826480,1.049440381,0.000000000,1
7089.911667347,34,34,176,9.450041344,22.385826480,1.049440381,22.385826480,1.049440381,0.000000000,1
7090.901108265,34,34,173,9.330944664,22.385826480,1.049440381,22.385826480,1.049440381,0.000000000,1
7091.924732208,34,34,171,9.238867649,22.385826480,1.049440381,22.385826480,1.049440381,0.000000000,1
7092.994353294,34,34,169,9.131866776,22.385826480,1.049440381,22.385826480,1.049440381,0.000000000,1
7094.100284338,34,34,165,8.933311428,22.385826480,1.049440381,22.385826480,1.049440381,0.000000000,1
7095.103426933,34,34,163,8.839431223,22.385826480,1.049440381,22.385826480,1.049440381,0.000000000,1
7096.119768143,34,34,161,8.735627126,22.385826480,1.049440381,22.385826480,1.049440381,0.000000000,1
7097.192571878,34,34,160,8.643321021,22.385826480,1.049440381,22.385826480,1.049440381,0.000000000,1
7098.193901300,34,34,155,8.440011758,22.385826480,1.049440381,22.385826480,1.049440381,0.000000000,1
7099.268230677,34,34,153,8.342884554,22.385826480,1.049440381,22.385826480,1.049440381,0.000000000,1
7100.283420563,34,34,152,8.248321108,22.385826480,1.049440381,22.385826480,1.049440381,0.000000000,1
7101.338706255,34,34,149,8.124637326,22.385826480,1.049440381,22.385826480,1.049440381,0.000000000,1
7102.298473835,34,34,147,8.026936612,22.385826480,1.049440381,22.385826480,1.049440381,0.000000000,1
7103.334728003,34,34,144,7.846699034,22.385826480,1.049440381,22.385826480,1.049440381,0.000000000,1
7104.430844545,34,34,141,7.718680655,22.385826480,1.049440381,22.385826480,1.049440381,0.000000000,1
7105.439273119,34,34,139,7.624541342,22.385826480,1.049440381,22.385826480,1.049440381,0.000000000,1
7106.545904636,34,34,136,7.485958095,22.385826480,1.049440381,22.385826480,1.049440381,0.000000000,1
7107.548779488,34,34,136,7.443599887,22.385826480,1.049440381,22.385826480,1.049440381,0.000000000,1
7108.576569080,34,34,133,7.319954339,22.385826480,1.049440381,22.385826480,1.049440381,0.000000000,1
7109.599267960,34,34,131,7.231998144,22.385826480,1.049440381,22.385826480,1.049440381,0.000000000,1
7110.716046810,34,34,128,7.072986118,22.385826480,1.049440381,22.385826480,1.049440381,0.000000000,1
7111.699427843,34,34,125,6.918211414,22.385826480,1.049440381,22.385826480,1.049440381,0.000000000,1
7112.746998787,34,34,123,6.832193312,22.385826480,1.049440381,22.385826480,1.049440381,0.000000000,1
7113.774854898,34,34,121,6.695440480,22.385826480,1.049440381,22.385826480,1.049440381,0.000000000,1
7114.831649780,34,34,119,6.616608934,22.385826480,1.049440381,22.385826480,1.049440381,0.000000000,1
7115.890127420,34,34,116,6.467877023,22.385826480,1.049440381,22.385826480,1.049440381,0.000000000,1
7116.930214882,34,34,113,6.334473208,22.385826480,1.049440381,22.385826480,1.049440381,0.000000000,1
7117.969003201,34,34,111,6.202037263,22.385826480,1.049440381,22.385826480,1.049440381,0.000000000,1
7118.943071842,34,34,108,6.097119779,22.385826480,1.049440381,22.385826480,1.049440381,0.000000000,1
7120.012412786,34,34,106,5.958479282,22.385826480,1.049440381,22.385826480,1.049440381,0.000000000,1
7121.067771912,34,34,103,5.823289964,22.385826480,1.049440381,22.385826480,1.049440381,0.000000000,1
7122.052776098,34,34,101,5.698852356,22.385826480,1.049440381,22.385826480,1.049440381,0.000000000,1
7123.113845348,34,34,99,5.614638065,22.385826480,1.049440381,22.385826480,1.049440381,0.000000000,1
7124.131668329,34,34,97,5.538411844,22.385826480,1.049440381,22.385826480,1.049440381,0.000000000,1
7125.173194408,34,34,93,5.337047814,22.385826480,1.049440381,22.385826480,1.049440381,0.000000000,1
7126.180148363,34,34,92,5.249669045,22.385826480,1.049440381,22.385826480,1.049440381,0.000000000,1
7127.241740465,34,34,90,5.151760975,22.385826480,1.049440381,22.385826480,1.049440381,0.000000000,1
7128.253441095,34,34,87,5.017948457,22.385826480,1.049440381,22.385826480,1.049440381,0.000000000,1
7129.312340021,34,34,85,4.918265086,22.385826480,1.049440381,22.385826480,1.049440381,0.000000000,1
7130.275085211,34,34,83,4.816272557,22.385826480,1.049440381,22.385826480,1.049440381,0.000000000,1
7131.332687378,34,34,83,4.816272557,22.385826480,1.049440381,22.385826480,1.049440381,0.000000000,1
7132.342480898,34,34,81,4.712804387,22.385826480,1.049440381,22.385826480,1.049440381,0.000000000,1
7133.358222008,34,34,79,4.612569894,22.385826480,1.049440381,22.385826480,1.049440381,0.000000000,1
7134.387035370,34,34,77,4.509631681,22.385826480,1.049440381,22.385826480,1.049440381,0.000000000,1
7135.422810555,34,34,188,9.512882465,22.385826480,1.049440381,22.385826480,1.049440381,0.000000000,1
7136.447505474,34,34,194,9.689197552,22.385826480,1.049440381,22.385826480,1.049440381,0.000000000,1
7137.534015417,34,34,192,9.692940226,22.385826480,1.049440381,22.385826480,1.049440381,0.000000000,1
7138.526228189,34,34,200,9.960495321,22.385826480,1.049440381,22.385826480,1.049440381,0.000000000,1
7139.650982141,34,34,200,9.960495321,22.385826480,1.049440381,22.385826480,1.049440381,0.000000000,1
7140.631092787,34,34,192,9.692940226,22.385826480,1.049440381,22.385826480,1.049440381,0.000000000,1
7141.669656038,34,34,192,9.692940226,22.385826480,1.049440381,22.385826480,1.049440381,0.000000000,1
7142.682444334,34,34,192,9.692940226,22.385826480,1.049440381,22.385826480,1.049440381,0.000000000,1
7143.727201700,34,34,192,9.692940226,22.385826480,1.049440381,22.385826480,1.049440381,0.000000000,1
7144.771574974,34,34,192,9.692940226,22.385826480,1.049440381,22.385826480,1.049440381,0.000000000,1
7145.820230961,34,34,192,9.692940226,22.385826480,1.049440381,22.385826480,1.049440381,0.000000000,1
7146.898570538,34,34,192,9.692940226,22.385826480,1.049440381,22.385826480,1.049440381,0.000000000,1
7147.914079428,34,34,192,9.692940226,22.385826480,1.049440381,22.385826480,1.049440381,0.000000000,1
7148.907515764,34,34,192,9.692940226,22.385826480,1.049440381,22.385826480,1.049440381,0.000000000,1
7149.919547558,34,34,192,9.692940226,22.385826480,1.049440381,22.385826480,1.049440381,0.000000000,1
7150.955922842,34,34,194,9.689197552,22.385826480,1.049440381,22.385826480,1.049440381,0.000000000,1
7151.988026857,34,34,192,9.715498455,22.385826480,1.049440381,22.385826480,1.049440381,0.000000000,1
7152.996440172,34,34,188,9.512882465,22.385826480,1.049440381,22.385826480,1.049440381,0.000000000,1
7154.214523554,34,34,190,9.624357800,22.385826480,1.049440381,22.385826480,1.049440381,0.000000000,1
7155.145426512,34,34,185,9.377246042,22.385826480,1.049440381,22.385826480,1.049440381,0.000000000,1
7156.126818180,34,34,188,9.386443883,22.385826480,1.049440381,22.385826480,1.049440381,0.000000000,1
7157.140926123,34,34,181,9.144161479,22.385826480,1.049440381,22.385826480,1.049440381,0.000000000,1
7158.150785685,34,34,181,9.144161479,22.385826480,1.049440381,22.385826480,1.049440381,0.000000000,1
7159.214281082,34,34,182,9.085171099,22.385826480,1.049440381,22.385826480,1.049440381,0.000000000,1
7160.248876095,34,34,179,9.069424219,22.385826480,1.049440381,22.385826480,1.049440381,0.000000000,1
7161.316310644,34,34,181,9.010030708,22.385826480,1.049440381,22.385826480,1.049440381,0.000000000,1
7162.325550795,34,34,180,8.957533853,22.385826480,1.049440381,22.385826480,1.049440381,0.000000000,1
7163.358217478,34,34,174,8.683968420,22.385826480,1.049440381,22.385826480,1.049440381,0.000000000,1
7164.405230522,34,34,170,8.494228756,22.385826480,1.049440381,22.385826480,1.049440381,0.000000000,1
7165.387330770,34,34,167,8.349436155,22.385826480,1.049440381,22.385826480,1.049440381,0.000000000,1
7166.456903696,34,34,160,8.127211405,22.385826480,1.049440381,22.385826480,1.049440381,0.000000000,1
7167.473869085,34,34,163,8.139695151,22.385826480,1.049440381,22.385826480,1.049440381,0.000000000,1
7168.519583702,34,34,163,8.139695151,22.385826480,1.049440381,22.385826480,1.049440381,0.000000000,1
7169.516016960,34,34,159,7.939711467,22.385826480,1.049440381,22.385826480,1.049440381,0.000000000,1
7170.615072966,34,34,152,7.716662163,22.385826480,1.049440381,22.385826480,1.049440381,0.000000000,1
7171.609197617,34,34,155,7.739732964,22.385826480,1.049440381,22.385826480,1.049440381,0.000000000,1
7172.666504622,34,34,148,7.516687199,22.385826480,1.049440381,22.385826480,1.049440381,0.000000000,1
7173.682496309,34,34,151,7.539760186,22.385826480,1.049440381,22.385826480,1.049440381,0.000000000,1
7174.718386889,34,34,147,7.339789475,22.385826480,1.049440381,22.385826480,1.049440381,0.000000000,1
7175.713314533,34,34,140,7.116754988,22.385826480,1.049440381,22.385826480,1.049440381,0.000000000,1
7176.726292372,34,34,143,7.139828364,22.385826480,1.049440381,22.385826480,1.049440381,0.000000000,1
7177.826004744,34,34,136,6.916800751,22.385826480,1.049440381,22.385826480,1.049440381,0.000000000,1
7178.938091516,34,34,139,6.939879400,22.385826480,1.049440381,22.385826480,1.049440381,0.000000000,1
7179.886860847,34,34,132,6.716859457,22.385826480,1.049440381,22.385826480,1.049440381,0.000000000,1
7180.907115459,34,34,135,6.739939417,22.385826480,1.049440381,22.385826480,1.049440381,0.000000000,1
7181.953600645,34,34,128,6.516931652,22.385826480,1.049440381,22.385826480,1.049440381,0.000000000,1
7183.019964457,34,34,131,6.540017359,22.385826480,1.049440381,22.385826480,1.049440381,0.000000000,1
7184.086871862,34,34,127,6.340114457,22.385826480,1.049440381,22.385826480,1.049440381,0.000000000,1
7185.063380003,34,34,120,6.117132615,22.385826480,1.049440381,22.385826480,1.049440381,0.000000000,1
7186.079632282,34,34,123,6.140232677,22.385826480,1.049440381,22.385826480,1.049440381,0.000000000,1
7187.162788153,34,34,116,5.917276608,22.385826480,1.049440381,22.385826480,1.049440381,0.000000000,1
7188.177543640,34,34,119,5.940383963,22.385826480,1.049440381,22.385826480,1.049440381,0.000000000,1
7189.159206390,34,34,112,5.717453983,22.385826480,1.049440381,22.385826480,1.049440381,0.000000000,1
7190.225811958,34,34,115,5.740578816,22.385826480,1.049440381,22.385826480,1.049440381,0.000000000,1
7191.268038273,34,34,113,5.671265758,22.385826480,1.049440381,22.385826480,1.049440381,0.000000000,1
7192.305176020,34,34,109,5.546441144,22.385826480,1.049440381,22.385826480,1.049440381,0.000000000,1
7193.298774004,34,34,105,5.323318339,22.385826480,1.049440381,22.385826480,1.049440381,0.000000000,1
7194.320041180,34,34,107,5.328301469,22.385826480,1.049440381,22.385826480,1.049440381,0.000000000,1
7195.350388765,34,34,103,5.128533951,22.385826480,1.049440381,22.385826480,1.049440381,0.000000000,1
7196.450190783,34,34,97,4.924193561,22.385826480,1.049440381,22.385826480,1.049440381,0.000000000,1
7197.464987278,34,34,99,4.928872986,22.385826480,1.049440381,22.385826480,1.049440381,0.000000000,1
7198.503266096,34,34,93,4.724850663,22.385826480,1.049440381,22.385826480,1.049440381,0.000000000,1
7199.528249502,34,34,95,4.729322143,22.385826480,1.049440381,22.385826480,1.049440381,0.000000000,1
7200.569517851,34,34,89,4.525408828,22.385826480,1.049440381,22.385826480,1.049440381,0.000000000,1
7201.596582890,34,34,91,4.535030284,22.385826480,1.049440381,22.385826480,1.049440381,0.000000000,1
7202.587257624,34,34,91,4.517516853,22.385826480,1.049440381,22.385826480,1.049440381,0.000000000,1
7203.623155832,34,34,88,4.366679634,22.385826480,1.049440381,22.385826480,1.049440381,0.000000000,1
7204.686404943,34,34,80,4.005146131,22.385826480,1.049440381,22.385826480,1.049440381,0.000000000,1
7205.718707561,34,34,84,4.151351424,22.385826480,1.049440381,22.385826480,1.049440381,0.000000000,1
7206.773974657,34,34,77,3.870208940,22.385826480,1.049440381,22.385826480,1.049440381,0.000000000,1
7207.787256002,34,34,77,3.864396496,22.385826480,1.049440381,22.385826480,1.049440381,0.000000000,1
7208.805505991,34,34,75,3.766173743,22.385826480,1.049440381,22.385826480,1.049440381,0.000000000,1
7209.822867155,34,34,73,3.636571118,22.385826480,1.049440381,22.385826480,1.049440381,0.000000000,1
7210.866725683,34,34,71,3.536776520,22.385826480,1.049440381,22.385826480,1.049440381,0.000000000,1
7211.876832724,34,34,67,3.326930641,22.385826480,1.049440381,22.385826480,1.049440381,0.000000000,1
7212.924226522,34,34,64,3.271462295,22.385826480,1.049440381,22.385826480,1.049440381,0.000000000,1
7213.913155794,34,34,61,3.144879121,22.385826480,1.049440381,22.385826480,1.049440381,0.000000000,1
7214.928239584,34,34,57,2.926665019,22.385826480,1.049440381,22.385826480,1.049440381,0.000000000,1
7215.976413488,34,34,55,2.834543793,22.385826480,1.049440381,22.385826480,1.049440381,0.000000000,1
7217.007778883,34,34,53,2.737132713,22.385826480,1.049440381,22.385826480,1.049440381,0.000000000,1
7218.027226686,34,34,51,2.660488282,22.385826480,1.049440381,22.385826480,1.049440381,0.000000000,1
7219.041158438,34,34,49,2.550369504,22.385826480,1.049440381,22.385826480,1.049440381,0.000000000,1
7220.067129374,34,34,47,2.450035529,22.385826480,1.049440381,22.385826480,1.049440381,0.000000000,1
7221.091235638,34,34,47,2.450035529,22.385826480,1.049440381,22.385826480,1.049440381,0.000000000,1
7222.114289999,34,34,46,2.370696160,22.385826480,1.049440381,22.385826480,1.049440381,0.000000000,1
7223.157307863,34,34,44,2.262166005,22.385826480,1.049440381,22.385826480,1.049440381,0.000000000,1
7224.170734644,34,34,42,2.167783371,22.385826480,1.049440381,22.385826480,1.049440381,0.000000000,1
7225.221085548,34,34,39,2.016981597,22.385826480,1.049440381,22.385826480,1.049440381,0.000000000,1
7226.219263077,34,34,39,2.016981597,22.385826480,1.049440381,22.385826480,1.049440381,0.000000000,1
7227.251697540,34,34,37,1.914115808,22.385826480,1.049440381,22.385826480,1.049440381,0.000000000,1
7228.287046432,34,34,35,1.816895108,22.385826480,1.049440381,22.385826480,1.049440381,0.000000000,1
7229.316385269,34,34,32,1.712782157,22.385826480,1.049440381,22.385826480,1.049440381,0.000000000,1
7230.348592520,34,34,32,1.680339261,22.385826480,1.049440381,22.385826480,1.049440381,0.000000000,1
7231.382111549,34,34,28,1.570125866,22.385826480,1.049440381,22.385826480,1.049440381,0.000000000,1
7232.388148785,34,34,28,1.481496444,22.385826480,1.049440381,22.385826480,1.049440381,0.000000000,1
7233.424925089,34,34,26,1.384744122,22.385826480,1.049440381,22.385826480,1.049440381,0.000000000,1
7234.450961828,34,34,26,1.390865197,22.385826480,1.049440381,22.385826480,1.049440381,0.000000000,1
7235.473697662,34,34,24,1.291431818,22.385826480,1.049440381,22.385826480,1.049440381,0.000000000,1
7236.510762453,34,34,24,1.291431818,22.385826480,1.049440381,22.385826480,1.049440381,0.000000000,1
7237.528114796,34,34,22,1.192128218,22.385826480,1.049440381,22.385826480,1.049440381,0.000000000,1
7238.547386169,34,34,21,1.158907067,22.385826480,1.049440381,22.385826480,1.049440381,0.000000000,1
7239.580508232,34,34,20,1.061058061,22.385826480,1.049440381,22.385826480,1.049440381,0.000000000,1
7240.631120443,34,34,20,1.061058061,22.385826480,1.049440381,22.385826480,1.049440381,0.000000000,1
7241.633472681,34,34,18,0.963701559,22.385826480,1.049440381,22.385826480,1.049440381,0.000000000,1
7242.649680853,34,34,17,0.958102087,22.385826480,1.049440381,22.385826480,1.049440381,0.000000000,1
7243.676542997,34,34,16,0.861427746,22.385826480,1.049440381,22.385826480,1.049440381,0.000000000,1
7244.738719463,34,34,16,0.861427746,22.385826480,1.049440381,22.385826480,1.049440381,0.000000000,1
7245.757781267,34,34,16,0.861427746,22.385826480,1.049440381,22.385826480,1.049440381,0.000000000,1
7246.772935390,34,34,14,0.765902241,22.385826480,1.049440381,22.385826480,1.049440381,0.000000000,1
7247.852775097,34,34,14,0.765902241,22.385826480,1.049440381,22.385826480,1.049440381,0.000000000,1
7248.816875935,34,34,14,0.765902241,22.385826480,1.049440381,22.385826480,1.049440381,0.000000000,1
7249.834949255,34,34,12,0.672176720,22.385826480,1.049440381,22.385826480,1.049440381,0.000000000,1
7250.848691702,34,34,11,0.639031929,22.385826480,1.049440381,22.385826480,1.049440381,0.000000000,1
7251.861314774,34,34,11,0.639031929,22.385826480,1.049440381,22.385826480,1.049440381,0.000000000,1
7252.939001083,34,34,11,0.639031929,22.385826480,1.049440381,22.385826480,1.049440381,0.000000000,1
7253.912086964,34,34,9,0.540602995,22.385826480,1.049440381,22.385826480,1.049440381,0.000000000,1
7254.941007614,34,34,9,0.540602995,22.385826480,1.049440381,22.385826480,1.049440381,0.000000000,1
7255.960510254,34,34,9,0.540602995,22.385826480,1.049440381,22.385826480,1.049440381,0.000000000,1
7295.532546997,35,35,774,38.707343183,45.884275731,4.551239185,45.884275731,4.551239185,0.000000000,1
7296.589613676,35,35,774,38.707343183,45.884275731,4.551239185,45.884275731,4.551239185,0.000000000,1
7297.619108677,35,35,774,38.707343183,45.884275731,4.551239185,45.884275731,4.551239185,0.000000000,1
7298.626792908,35,35,773,38.703555354,45.884275731,4.551239185,45.884275731,4.551239185,0.000000000,1
7299.712554455,35,35,771,38.553022331,45.884275731,4.551239185,45.884275731,4.551239185,0.000000000,1
7300.734598160,35,35,771,38.553022331,45.884275731,4.551239185,45.884275731,4.551239185,0.000000000,1
7301.769138575,35,35,771,38.553022331,45.884275731,4.551239185,45.884275731,4.551239185,0.000000000,1
7302.863222599,35,35,769,38.455367825,45.884275731,4.551239185,45.884275731,4.551239185,0.000000000,1
7303.970401525,35,35,769,38.469179370,45.884275731,4.551239185,45.884275731,4.551239185,0.000000000,1
7305.017184258,35,35,769,38.469179370,45.884275731,4.551239185,45.884275731,4.551239185,0.000000000,1
7306.259423971,35,35,769,38.469179370,45.884275731,4.551239185,45.884275731,4.551239185,0.000000000,1
7307.139100790,35,35,769,38.469179370,45.884275731,4.551239185,45.884275731,4.551239185,0.000000000,1
7308.272366047,35,35,769,38.469179370,45.884275731,4.551239185,45.884275731,4.551239185,0.000000000,1
7309.217514992,35,35,769,38.469179370,45.884275731,4.551239185,45.884275731,4.551239185,0.000000000,1
7310.377838135,35,35,769,38.469179370,45.884275731,4.551239185,45.884275731,4.551239185,0.000000000,1
7311.337252140,35,35,769,38.469179370,45.884275731,4.551239185,45.884275731,4.551239185,0.000000000,1
7312.461501837,35,35,769,38.469179370,45.884275731,4.551239185,45.884275731,4.551239185,0.000000000,1
7313.494725227,35,35,769,38.469179370,45.884275731,4.551239185,45.884275731,4.551239185,0.000000000,1
7314.576936245,35,35,769,38.469179370,45.884275731,4.551239185,45.884275731,4.551239185,0.000000000,1
7315.643338442,35,35,769,38.469179370,45.884275731,4.551239185,45.884275731,4.551239185,0.000000000,1
7316.676451206,35,35,769,38.469179370,45.884275731,4.551239185,45.884275731,4.551239185,0.000000000,1
7317.681815147,35,35,769,38.469179370,45.884275731,4.551239185,45.884275731,4.551239185,0.000000000,1
7318.725857019,35,35,767,38.361794673,45.884275731,4.551239185,45.884275731,4.551239185,0.000000000,1
7319.780253410,35,35,767,38.354036087,45.884275731,4.551239185,45.884275731,4.551239185,0.000000000,1
7320.807486773,35,35,767,38.354036087,45.884275731,4.551239185,45.884275731,4.551239185,0.000000000,1
7322.031880617,35,35,765,38.257901819,45.884275731,4.551239185,45.884275731,4.551239185,0.000000000,1
7322.967147589,35,35,765,38.257901819,45.884275731,4.551239185,45.884275731,4.551239185,0.000000000,1
7324.041263103,35,35,763,38.154140023,45.884275731,4.551239185,45.884275731,4.551239185,0.000000000,1
7325.079874754,35,35,763,38.154140023,45.884275731,4.551239185,45.884275731,4.551239185,0.000000000,1
7326.155793905,35,35,761,38.058201558,45.884275731,4.551239185,45.884275731,4.551239185,0.000000000,1
7327.124780416,35,35,761,38.058201558,45.884275731,4.551239185,45.884275731,4.551239185,0.000000000,1
7328.212811470,35,35,759,37.954865822,45.884275731,4.551239185,45.884275731,4.551239185,0.000000000,1
7329.230889320,35,35,757,37.851838365,45.884275731,4.551239185,45.884275731,4.551239185,0.000000000,1
7330.347074509,35,35,757,37.851838365,45.884275731,4.551239185,45.884275731,4.551239185,0.000000000,1
7331.367786646,35,35,755,37.804358612,45.884275731,4.551239185,45.884275731,4.551239185,0.000000000,1
7332.587658167,35,35,755,37.804358612,45.884275731,4.551239185,45.884275731,4.551239185,0.000000000,1
7333.655831575,35,35,753,37.640209831,45.884275731,4.551239185,45.884275731,4.551239185,0.000000000,1
7334.700840235,35,35,750,37.563400699,45.884275731,4.551239185,45.884275731,4.551239185,0.000000000,1
7335.837727308,35,35,748,37.403938991,45.884275731,4.551239185,45.884275731,4.551239185,0.000000000,1
7336.832334518,35,35,746,37.306414619,45.884275731,4.551239185,45.884275731,4.551239185,0.000000000,1
7337.903998613,35,35,744,37.212505041,45.884275731,4.551239185,45.884275731,4.551239185,0.000000000,1
7338.984422207,35,35,743,37.148784707,45.884275731,4.551239185,45.884275731,4.551239185,0.000000000,1
7340.053379297,35,35,741,37.047165564,45.884275731,4.551239185,45.884275731,4.551239185,0.000000000,1
7341.122294426,35,35,741,37.047165564,45.884275731,4.551239185,45.884275731,4.551239185,0.000000000,1
7342.134820461,35,35,738,36.971808671,45.884275731,4.551239185,45.884275731,4.551239185,0.000000000,1
7343.180635214,35,35,736,36.799557135,45.884275731,4.551239185,45.884275731,4.551239185,0.000000000,1
7344.207463741,35,35,738,36.915724567,45.884275731,4.551239185,45.884275731,4.551239185,0.000000000,1
7345.290445328,35,35,738,36.915724567,45.884275731,4.551239185,45.884275731,4.551239185,0.000000000,1
7346.390514135,35,35,732,36.669104145,45.884275731,4.551239185,45.884275731,4.551239185,0.000000000,1
7347.459462643,35,35,730,36.570075653,45.884275731,4.551239185,45.884275731,4.551239185,0.000000000,1
7348.608791828,35,35,728,36.402075738,45.884275731,4.551239185,45.884275731,4.551239185,0.000000000,1
7349.600480318,35,35,726,36.303587677,45.884275731,4.551239185,45.884275731,4.551239185,0.000000000,1
7350.717047215,35,35,726,36.314210894,45.884275731,4.551239185,45.884275731,4.551239185,0.000000000,1
7351.669262409,35,35,720,36.016502532,45.884275731,4.551239185,45.884275731,4.551239185,0.000000000,1
7352.833267450,35,35,717,35.830465843,45.884275731,4.551239185,45.884275731,4.551239185,0.000000000,1
7353.852354765,35,35,716,35.792061661,45.884275731,4.551239185,45.884275731,4.551239185,0.000000000,1
7354.962424040,35,35,714,35.692665213,45.884275731,4.551239185,45.884275731,4.551239185,0.000000000,1
7356.192882299,35,35,712,35.575690144,45.884275731,4.551239185,45.884275731,4.551239185,0.000000000,1
7357.176647663,35,35,708,35.373832892,45.884275731,4.551239185,45.884275731,4.551239185,0.000000000,1
7358.142343760,35,35,706,35.278692610,45.884275731,4.551239185,45.884275731,4.551239185,0.000000000,1
7359.251202822,35,35,703,35.136234355,45.884275731,4.551239185,45.884275731,4.551239185,0.000000000,1
7360.578010798,35,35,700,34.999693721,45.884275731,4.551239185,45.884275731,4.551239185,0.000000000,1
7361.481103897,35,35,699,34.937648694,45.884275731,4.551239185,45.884275731,4.551239185,0.000000000,1
7362.490460873,35,35,696,34.782676813,45.884275731,4.551239185,45.884275731,4.551239185,0.000000000,1
7363.610133886,35,35,694,34.744232884,45.884275731,4.551239185,45.884275731,4.551239185,0.000000000,1
7364.630439997,35,35,691,34.541298846,45.884275731,4.551239185,45.884275731,4.551239185,0.000000000,1
7365.691465616,35,35,689,34.441944653,45.884275731,4.551239185,45.884275731,4.551239185,0.000000000,1
7366.728451014,35,35,687,34.347479577,45.884275731,4.551239185,45.884275731,4.551239185,0.000000000,1
7367.675618410,35,35,682,34.144440898,45.884275731,4.551239185,45.884275731,4.551239185,0.000000000,1
7368.811599493,35,35,680,34.044814843,45.884275731,4.551239185,45.884275731,4.551239185,0.000000000,1
7369.801615715,35,35,680,34.044814843,45.884275731,4.551239185,45.884275731,4.551239185,0.000000000,1
7371.068540096,35,35,678,33.944439814,45.884275731,4.551239185,45.884275731,4.551239185,0.000000000,1
7372.033619165,35,35,674,33.744434051,45.884275731,4.551239185,45.884275731,4.551239185,0.000000000,1
7373.097969055,35,35,672,33.644815152,45.884275731,4.551239185,45.884275731,4.551239185,0.000000000,1
7374.093573570,35,35,670,33.544434335,45.884275731,4.551239185,45.884275731,4.551239185,0.000000000,1
7375.175857544,35,35,668,33.444814245,45.884275731,4.551239185,45.884275731,4.551239185,0.000000000,1
7376.256995440,35,35,666,33.344434459,45.884275731,4.551239185,45.884275731,4.551239185,0.000000000,1
7377.320838451,35,35,664,33.244814428,45.884275731,4.551239185,45.884275731,4.551239185,0.000000000,1
7378.354752779,35,35,662,33.144434601,45.884275731,4.551239185,45.884275731,4.551239185,0.000000000,1
7379.510992050,35,35,660,33.044814502,45.884275731,4.551239185,45.884275731,4.551239185,0.000000000,1
7380.481864214,35,35,656,32.844814114,45.884275731,4.551239185,45.884275731,4.551239185,0.000000000,1
7381.712650299,35,35,654,32.744433969,45.884275731,4.551239185,45.884275731,4.551239185,0.000000000,1
7382.700387716,35,35,652,32.644813293,45.884275731,4.551239185,45.884275731,4.551239185,0.000000000,1
7383.798095465,35,35,650,32.544433848,45.884275731,4.551239185,45.884275731,4.551239185,0.000000000,1
7384.837126255,35,35,648,32.444813308,45.884275731,4.551239185,45.884275731,4.551239185,0.000000000,1
7385.826071739,35,35,646,32.344433779,45.884275731,4.551239185,45.884275731,4.551239185,0.000000000,1
7387.003460884,35,35,642,32.144434477,45.884275731,4.551239185,45.884275731,4.551239185,0.000000000,1
7387.994923830,35,35,640,32.044815727,45.884275731,4.551239185,45.884275731,4.551239185,0.000000000,1
7389.061888456,35,35,638,31.944434692,45.884275731,4.551239185,45.884275731,4.551239185,0.000000000,1
7390.158367157,35,35,636,31.844815553,45.884275731,4.551239185,45.884275731,4.551239185,0.000000000,1
7391.261531591,35,35,634,31.744434248,45.884275731,4.551239185,45.884275731,4.551239185,0.000000000,1
7392.312076330,35,35,632,31.644814688,45.884275731,4.551239185,45.884275731,4.551239185,0.000000000,1
7393.382880211,35,35,630,31.544433355,45.884275731,4.551239185,45.884275731,4.551239185,0.000000000,1
7394.453549385,35,35,628,31.444813766,45.884275731,4.551239185,45.884275731,4.551239185,0.000000000,1
7395.474074602,35,35,626,31.344432678,45.884275731,4.551239185,45.884275731,4.551239185,0.000000000,1
7396.568404913,35,35,624,31.244813311,45.884275731,4.551239185,45.884275731,4.551239185,0.000000000,1
7397.602728605,35,35,619,31.049978175,45.884275731,4.551239185,45.884275731,4.551239185,0.000000000,1
7398.580221653,35,35,619,30.995062123,45.884275731,4.551239185,45.884275731,4.551239185,0.000000000,1
7399.755448103,35,35,615,30.849980014,45.884275731,4.551239185,45.884275731,4.551239185,0.000000000,1
7400.851788282,35,35,615,30.795063266,45.884275731,4.551239185,45.884275731,4.551239185,0.000000000,1
7401.801850080,35,35,611,30.595064865,45.884275731,4.551239185,45.884275731,4.551239185,0.000000000,1
7402.877214670,35,35,607,30.449980033,45.884275731,4.551239185,45.884275731,4.551239185,0.000000000,1
7404.046842098,35,35,607,30.395065295,45.884275731,4.551239185,45.884275731,4.551239185,0.000000000,1
7405.139634371,35,35,603,30.249978067,45.884275731,4.551239185,45.884275731,4.551239185,0.000000000,1
7406.148665190,35,35,599,30.049977796,45.884275731,4.551239185,45.884275731,4.551239185,0.000000000,1
7407.228108168,35,35,599,29.995064588,45.884275731,4.551239185,45.884275731,4.551239185,0.000000000,1
7408.297361374,35,35,595,29.849978136,45.884275731,4.551239185,45.884275731,4.551239185,0.000000000,1
7409.272443056,35,35,595,29.795065048,45.884275731,4.551239185,45.884275731,4.551239185,0.000000000,1
7410.414956093,35,35,591,29.649976176,45.884275731,4.551239185,45.884275731,4.551239185,0.000000000,1
7411.487846136,35,35,587,29.449976689,45.884275731,4.551239185,45.884275731,4.551239185,0.000000000,1
7412.596732616,35,35,587,29.395062386,45.884275731,4.551239185,45.884275731,4.551239185,0.000000000,1
7413.600147963,35,35,583,29.249974934,45.884275731,4.551239185,45.884275731,4.551239185,0.000000000,1
7414.628664732,35,35,583,29.195062166,45.884275731,4.551239185,45.884275731,4.551239185,0.000000000,1
7415.649435520,35,35,579,28.995064696,45.884275731,4.551239185,45.884275731,4.551239185,0.000000000,1
7416.692782640,35,35,575,28.849974484,45.884275731,4.551239185,45.884275731,4.551239185,0.000000000,1
7417.796108246,35,35,575,28.795065094,45.884275731,4.551239185,45.884275731,4.551239185,0.000000000,1
7418.877003670,35,35,571,28.649974528,45.884275731,4.551239185,45.884275731,4.551239185,0.000000000,1
7419.995955944,35,35,571,28.595064986,45.884275731,4.551239185,45.884275731,4.551239185,0.000000000,1
7421.075160503,35,35,567,28.395067868,45.884275731,4.551239185,45.884275731,4.551239185,0.000000000,1
7422.126985073,35,35,563,28.249974476,45.884275731,4.551239185,45.884275731,4.551239185,0.000000000,1
7423.240938902,35,35,563,28.195067743,45.884275731,4.551239185,45.884275731,4.551239185,0.000000000,1
7424.229771137,35,35,559,28.049973582,45.884275731,4.551239185,45.884275731,4.551239185,0.000000000,1
7425.317642927,35,35,555,27.849973039,45.884275731,4.551239185,45.884275731,4.551239185,0.000000000,1
7426.361831427,35,35,555,27.795069734,45.884275731,4.551239185,45.884275731,4.551239185,0.000000000,1
7427.492442608,35,35,551,27.649974873,45.884275731,4.551239185,45.884275731,4.551239185,0.000000000,1
7428.461242676,35,35,551,27.595073375,45.884275731,4.551239185,45.884275731,4.551239185,0.000000000,1
7429.567133188,35,35,547,27.450368952,45.884275731,4.551239185,45.884275731,4.551239185,0.000000000,1
7430.565349102,35,35,543,27.250372166,45.884275731,4.551239185,45.884275731,4.551239185,0.000000000,1
7431.732756138,35,35,543,27.195083196,45.884275731,4.551239185,45.884275731,4.551239185,0.000000000,1
7432.749895334,35,35,539,27.050374514,45.884275731,4.551239185,45.884275731,4.551239185,0.000000000,1
7433.834371567,35,35,539,26.995091919,45.884275731,4.551239185,45.884275731,4.551239185,0.000000000,1
7434.874826670,35,35,535,26.850381250,45.884275731,4.551239185,45.884275731,4.551239185,0.000000000,1
7435.999778986,35,35,535,26.795103209,45.884275731,4.551239185,45.884275731,4.551239185,0.000000000,1
7437.064436674,35,35,531,26.650409133,45.884275731,4.551239185,45.884275731,4.551239185,0.000000000,1
7437.997949600,35,35,531,26.597118313,45.884275731,4.551239185,45.884275731,4.551239185,0.000000000,1
7439.096812010,35,35,527,26.450421260,45.884275731,4.551239185,45.884275731,4.551239185,0.000000000,1
7440.264357567,35,35,527,26.397119781,45.884275731,4.551239185,45.884275731,4.551239185,0.000000000,1
7441.263118744,35,35,523,26.250440737,45.884275731,4.551239185,45.884275731,4.551239185,0.000000000,1
7442.266260624,35,35,523,26.197123327,45.884275731,4.551239185,45.884275731,4.551239185,0.000000000,1
7443.444369793,35,35,519,25.997132998,45.884275731,4.551239185,45.884275731,4.551239185,0.000000000,1
7444.404656410,35,35,515,25.850509198,45.884275731,4.551239185,45.884275731,4.551239185,0.000000000,1
7445.505430937,35,35,515,25.797149849,45.884275731,4.551239185,45.884275731,4.551239185,0.000000000,1
7446.597426653,35,35,511,25.650567359,45.884275731,4.551239185,45.884275731,4.551239185,0.000000000,1
7447.600318432,35,35,511,25.597177051,45.884275731,4.551239185,45.884275731,4.551239185,0.000000000,1
7448.602787971,35,35,507,25.450646802,45.884275731,4.551239185,45.884275731,4.551239185,0.000000000,1
7449.696735382,35,35,503,25.250764373,45.884275731,4.551239185,45.884275731,4.551239185,0.000000000,1
7450.694897890,35,35,503,25.197292690,45.884275731,4.551239185,45.884275731,4.551239185,0.000000000,1
7451.876178503,35,35,499,25.050453599,45.884275731,4.551239185,45.884275731,4.551239185,0.000000000,1
7452.905610800,35,35,499,24.997269319,45.884275731,4.551239185,45.884275731,4.551239185,0.000000000,1
7453.859246731,35,35,495,24.850661035,45.884275731,4.551239185,45.884275731,4.551239185,0.000000000,1
7455.041334391,35,35,495,24.796679837,45.884275731,4.551239185,45.884275731,4.551239185,0.000000000,1
7455.951152563,35,35,491,24.650951027,45.884275731,4.551239185,45.884275731,4.551239185,0.000000000,1
7457.127222300,35,35,487,24.451402550,45.884275731,4.551239185,45.884275731,4.551239185,0.000000000,1
7458.160043001,35,35,487,24.396810969,45.884275731,4.551239185,45.884275731,4.551239185,0.000000000,1
7459.164153576,35,35,483,24.251954562,45.884275731,4.551239185,45.884275731,4.551239185,0.000000000,1
7460.395462036,35,35,483,24.196751151,45.884275731,4.551239185,45.884275731,4.551239185,0.000000000,1
7461.346246243,35,35,480,24.100630750,45.884275731,4.551239185,45.884275731,4.551239185,0.000000000,1
7462.399995089,35,35,479,23.997699775,45.884275731,4.551239185,45.884275731,4.551239185,0.000000000,1
7463.420177937,35,35,476,23.901456485,45.884275731,4.551239185,45.884275731,4.551239185,0.000000000,1
7464.497711420,35,35,475,23.797926146,45.884275731,4.551239185,45.884275731,4.551239185,0.000000000,1
7465.543642282,35,35,471,23.608179211,45.884275731,4.551239185,45.884275731,4.551239185,0.000000000,1
7466.595577955,35,35,468,23.518749989,45.884275731,4.551239185,45.884275731,4.551239185,0.000000000,1
7467.566730261,35,35,467,23.416316221,45.884275731,4.551239185,45.884275731,4.551239185,0.000000000,1
7468.704588175,35,35,464,23.285018451,45.884275731,4.551239185,45.884275731,4.551239185,0.000000000,1
7469.676783800,35,35,464,23.228923913,45.884275731,4.551239185,45.884275731,4.551239185,0.000000000,1
7470.790060043,35,35,460,23.105622919,45.884275731,4.551239185,45.884275731,4.551239185,0.000000000,1
7472.024327755,35,35,457,22.914896700,45.884275731,4.551239185,45.884275731,4.551239185,0.000000000,1
7473.013117075,35,35,455,22.817103351,45.884275731,4.551239185,45.884275731,4.551239185,0.000000000,1
7474.117103577,35,35,453,22.719044604,45.884275731,4.551239185,45.884275731,4.551239185,0.000000000,1
7475.184229136,35,35,451,22.622495149,45.884275731,4.551239185,45.884275731,4.551239185,0.000000000,1
7476.179319859,35,35,449,22.523174401,45.884275731,4.551239185,45.884275731,4.551239185,0.000000000,1
7477.204080820,35,35,448,22.437699366,45.884275731,4.551239185,45.884275731,4.551239185,0.000000000,1
7478.327686310,35,35,443,22.211028240,45.884275731,4.551239185,45.884275731,4.551239185,0.000000000,1
7479.414404631,35,35,439,22.067477066,45.884275731,4.551239185,45.884275731,4.551239185,0.000000000,1
7480.415931702,35,35,439,22.017048545,45.884275731,4.551239185,45.884275731,4.551239185,0.000000000,1
7481.545222044,35,35,436,21.882864013,45.884275731,4.551239185,45.884275731,4.551239185,0.000000000,1
7482.621456146,35,35,436,21.839001851,45.884275731,4.551239185,45.884275731,4.551239185,0.000000000,1
7483.540508270,35,35,431,21.650903263,45.884275731,4.551239185,45.884275731,4.551239185,0.000000000,1
7484.584811687,35,35,431,21.592088210,45.884275731,4.551239185,45.884275731,4.551239185,0.000000000,1
7485.653180361,35,35,427,21.457423954,45.884275731,4.551239185,45.884275731,4.551239185,0.000000000,1
7486.769306660,35,35,427,21.407022066,45.884275731,4.551239185,45.884275731,4.551239185,0.000000000,1
7487.804402113,35,35,423,21.263098640,45.884275731,4.551239185,45.884275731,4.551239185,0.000000000,1
7488.853194714,35,35,419,21.036869893,45.884275731,4.551239185,45.884275731,4.551239185,0.000000000,1
7489.955260515,35,35,419,20.986460415,45.884275731,4.551239185,45.884275731,4.551239185,0.000000000,1
7490.907896996,35,35,415,20.843515780,45.884275731,4.551239185,45.884275731,4.551239185,0.000000000,1
7491.937460423,35,35,414,20.765709498,45.884275731,4.551239185,45.884275731,4.551239185,0.000000000,1
7492.975483894,35,35,411,20.575788269,45.884275731,4.551239185,45.884275731,4.551239185,0.000000000,1
7494.088543892,35,35,407,20.440901278,45.884275731,4.551239185,45.884275731,4.551239185,0.000000000,1
7495.140665770,35,35,404,20.306638129,45.884275731,4.551239185,45.884275731,4.551239185,0.000000000,1
7496.089877129,35,35,404,20.262598254,45.884275731,4.551239185,45.884275731,4.551239185,0.000000000,1
7497.237469196,35,35,398,20.024452428,45.884275731,4.551239185,45.884275731,4.551239185,0.000000000,1
7498.272690535,35,35,398,19.972237918,45.884275731,4.551239185,45.884275731,4.551239185,0.000000000,1
7499.350527763,35,35,396,19.851277340,45.884275731,4.551239185,45.884275731,4.551239185,0.000000000,1
7500.371488571,35,35,392,19.719511186,45.884275731,4.551239185,45.884275731,4.551239185,0.000000000,1
7501.404692650,35,35,393,19.679651312,45.884275731,4.551239185,45.884275731,4.551239185,0.000000000,1
7502.440163374,35,35,388,19.498288298,45.884275731,4.551239185,45.884275731,4.551239185,0.000000000,1
7503.471523285,35,35,388,19.452806169,45.884275731,4.551239185,45.884275731,4.551239185,0.000000000,1
7504.472402811,35,35,385,19.372955729,45.884275731,4.551239185,45.884275731,4.551239185,0.000000000,1
7505.550585508,35,35,385,19.281448213,45.884275731,4.551239185,45.884275731,4.551239185,0.000000000,1
7506.538030624,35,35,380,19.102798554,45.884275731,4.551239185,45.884275731,4.551239185,0.000000000,1
7507.640162468,35,35,380,19.061440091,45.884275731,4.551239185,45.884275731,4.551239185,0.000000000,1
7508.672000647,35,35,377,18.973539573,45.884275731,4.551239185,45.884275731,4.551239185,0.000000000,1
7509.691335440,35,35,375,18.822446681,45.884275731,4.551239185,45.884275731,4.551239185,0.000000000,1
7510.708337784,35,35,371,18.654968262,45.884275731,4.551239185,45.884275731,4.551239185,0.000000000,1
7511.740663052,35,35,370,18.597630043,45.884275731,4.551239185,45.884275731,4.551239185,0.000000000,1
7512.889249086,35,35,369,18.485683399,45.884275731,4.551239185,45.884275731,4.551239185,0.000000000,1
7514.197521925,35,35,366,18.370523104,45.884275731,4.551239185,45.884275731,4.551239185,0.000000000,1
7514.970981836,35,35,364,18.238834642,45.884275731,4.551239185,45.884275731,4.551239185,0.000000000,1
7515.999112129,35,35,360,18.092163001,45.884275731,4.551239185,45.884275731,4.551239185,0.000000000,1
7517.058671474,35,35,359,18.019601303,45.884275731,4.551239185,45.884275731,4.551239185,0.000000000,1
7518.060301781,35,35,356,17.883077643,45.884275731,4.551239185,45.884275731,4.551239185,0.000000000,1
7519.073406219,35,35,354,17.790755418,45.884275731,4.551239185,45.884275731,4.551239185,0.000000000,1
7520.158838034,35,35,353,17.681605794,45.884275731,4.551239185,45.884275731,4.551239185,0.000000000,1
7521.206757307,35,35,352,17.681143234,45.884275731,4.551239185,45.884275731,4.551239185,0.000000000,1
7522.278669834,35,35,350,17.564277409,45.884275731,4.551239185,45.884275731,4.551239185,0.000000000,1
7523.244705439,35,35,349,17.517596887,45.884275731,4.551239185,45.884275731,4.551239185,0.000000000,1
7524.304579973,35,35,346,17.386687559,45.884275731,4.551239185,45.884275731,4.551239185,0.000000000,1
7525.355352640,35,35,343,17.241584855,45.884275731,4.551239185,45.884275731,4.551239185,0.000000000,1
7526.427615643,35,35,342,17.155826795,45.884275731,4.551239185,45.884275731,4.551239185,0.000000000,1
7527.453737974,35,35,339,17.030217864,45.884275731,4.551239185,45.884275731,4.551239185,0.000000000,1
7528.505810022,35,35,337,16.937479555,45.884275731,4.551239185,45.884275731,4.551239185,0.000000000,1
7529.522610188,35,35,334,16.798851140,45.884275731,4.551239185,45.884275731,4.551239185,0.000000000,1
7530.525636196,35,35,333,16.722790754,45.884275731,4.551239185,45.884275731,4.551239185,0.000000000,1
7531.614770651,35,35,330,16.581757437,45.884275731,4.551239185,45.884275731,4.551239185,0.000000000,1
7532.645010948,35,35,328,16.491280335,45.884275731,4.551239185,45.884275731,4.551239185,0.000000000,1
7533.716860771,35,35,325,16.350507323,45.884275731,4.551239185,45.884275731,4.551239185,0.000000000,1
7534.776357889,35,35,324,16.274064856,45.884275731,4.551239185,45.884275731,4.551239185,0.000000000,1
7535.764023781,35,35,321,16.133026281,45.884275731,4.551239185,45.884275731,4.551239185,0.000000000,1
7536.766892433,35,35,320,16.064349911,45.884275731,4.551239185,45.884275731,4.551239185,0.000000000,1
7537.820851326,35,35,318,15.993545853,45.884275731,4.551239185,45.884275731,4.551239185,0.000000000,1
7538.816965580,35,35,317,15.917988598,45.884275731,4.551239185,45.884275731,4.551239185,0.000000000,1
7539.860787630,35,35,314,15.775267567,45.884275731,4.551239185,45.884275731,4.551239185,0.000000000,1
7540.943745136,35,35,313,15.732687037,45.884275731,4.551239185,45.884275731,4.551239185,0.000000000,1
7541.921430588,35,35,310,15.564886215,45.884275731,4.551239185,45.884275731,4.551239185,0.000000000,1
7542.985918999,35,35,308,15.465913874,45.884275731,4.551239185,45.884275731,4.551239185,0.000000000,1
7544.043128729,35,35,305,15.327679295,45.884275731,4.551239185,45.884275731,4.551239185,0.000000000,1
7545.074929953,35,35,303,15.236221925,45.884275731,4.551239185,45.884275731,4.551239185,0.000000000,1
7546.055114269,35,35,301,15.113377237,45.884275731,4.551239185,45.884275731,4.551239185,0.000000000,1
7547.140046835,35,35,299,15.023365966,45.884275731,4.551239185,45.884275731,4.551239185,0.000000000,1
7548.162557125,35,35,296,14.879832877,45.884275731,4.551239185,45.884275731,4.551239185,0.000000000,1
7549.230842829,35,35,293,14.738695707,45.884275731,4.551239185,45.884275731,4.551239185,0.000000000,1
7550.348880768,35,35,292,14.662116499,45.884275731,4.551239185,45.884275731,4.551239185,0.000000000,1
7551.315494537,35,35,289,14.521606319,45.884275731,4.551239185,45.884275731,4.551239185,0.000000000,1
7552.348358154,35,35,287,14.436190543,45.884275731,4.551239185,45.884275731,4.551239185,0.000000000,1
7553.384636402,35,35,285,14.309986472,45.884275731,4.551239185,45.884275731,4.551239185,0.000000000,1
7554.454817057,35,35,282,14.164191389,45.884275731,4.551239185,45.884275731,4.551239185,0.000000000,1
7555.444235802,35,35,280,14.075194730,45.884275731,4.551239185,45.884275731,4.551239185,0.000000000,1
7556.508386374,35,35,277,13.933931836,45.884275731,4.551239185,45.884275731,4.551239185,0.000000000,1
7557.569682121,35,35,276,13.857843103,45.884275731,4.551239185,45.884275731,4.551239185,0.000000000,1
7558.587470293,35,35,273,13.716892993,45.884275731,4.551239185,45.884275731,4.551239185,0.000000000,1
7559.662204027,35,35,270,13.577772961,45.884275731,4.551239185,45.884275731,4.551239185,0.000000000,1
7560.610881329,35,35,269,13.536985500,45.884275731,4.551239185,45.884275731,4.551239185,0.000000000,1
7561.682256937,35,35,266,13.359845328,45.884275731,4.551239185,45.884275731,4.551239185,0.000000000,1
7562.794623852,35,35,263,13.217940839,45.884275731,4.551239185,45.884275731,4.551239185,0.000000000,1
7563.803163052,35,35,261,13.131404503,45.884275731,4.551239185,45.884275731,4.551239185,0.000000000,1
7564.821848869,35,35,259,13.005435177,45.884275731,4.551239185,45.884275731,4.551239185,0.000000000,1
7565.927414656,35,35,256,12.856984187,45.884275731,4.551239185,45.884275731,4.551239185,0.000000000,1
7567.102704525,35,35,254,12.773079236,45.884275731,4.551239185,45.884275731,4.551239185,0.000000000,1
7567.923162937,35,35,253,12.715891973,45.884275731,4.551239185,45.884275731,4.551239185,0.000000000,1
7568.985509872,35,35,251,12.633023994,45.884275731,4.551239185,45.884275731,4.551239185,0.000000000,1
7570.015757561,35,35,248,12.489686964,45.884275731,4.551239185,45.884275731,4.551239185,0.000000000,1
7570.996807814,35,35,246,12.358461352,45.884275731,4.551239185,45.884275731,4.551239185,0.000000000,1
7572.090047359,35,35,244,12.267374760,45.884275731,4.551239185,45.884275731,4.551239185,0.000000000,1
7573.101015329,35,35,241,12.130418224,45.884275731,4.551239185,45.884275731,4.551239185,0.000000000,1
7574.125024319,35,35,239,12.003838018,45.884275731,4.551239185,45.884275731,4.551239185,0.000000000,1
7575.135476589,35,35,236,11.859006402,45.884275731,4.551239185,45.884275731,4.551239185,0.000000000,1
7576.176398993,35,35,234,11.774071749,45.884275731,4.551239185,45.884275731,4.551239185,0.000000000,1
7577.216605186,35,35,231,11.631293998,45.884275731,4.551239185,45.884275731,4.551239185,0.000000000,1
7578.293756485,35,35,228,11.488131983,45.884275731,4.551239185,45.884275731,4.551239185,0.000000000,1
7579.270686626,35,35,226,11.356483731,45.884275731,4.551239185,45.884275731,4.551239185,0.000000000,1
7580.321362019,35,35,224,11.264263341,45.884275731,4.551239185,45.884275731,4.551239185,0.000000000,1
7581.326053143,35,35,221,11.128279371,45.884275731,4.551239185,45.884275731,4.551239185,0.000000000,1
7582.325254679,35,35,220,11.054698660,45.884275731,4.551239185,45.884275731,4.551239185,0.000000000,1
7583.409862757,35,35,218,10.955759144,45.884275731,4.551239185,45.884275731,4.551239185,0.000000000,1
7584.403034210,35,35,214,10.765914606,45.884275731,4.551239185,45.884275731,4.551239185,0.000000000,1
7585.468701839,35,35,211,10.627680327,45.884275731,4.551239185,45.884275731,4.551239185,0.000000000,1
7586.471546412,35,35,211,10.627680327,45.884275731,4.551239185,45.884275731,4.551239185,0.000000000,1
7587.581235170,35,35,208,10.479834735,45.884275731,4.551239185,45.884275731,4.551239185,0.000000000,1
7588.536475897,35,35,206,10.352739375,45.884275731,4.551239185,45.884275731,4.551239185,0.000000000,1
7589.565335035,35,35,204,10.267241482,45.884275731,4.551239185,45.884275731,4.551239185,0.000000000,1
7590.592559099,35,35,202,10.168205662,45.884275731,4.551239185,45.884275731,4.551239185,0.000000000,1
7591.677072287,35,35,198,9.986803744,45.884275731,4.551239185,45.884275731,4.551239185,0.000000000,1
7592.689778566,35,35,195,9.844353524,45.884275731,4.551239185,45.884275731,4.551239185,0.000000000,1
7593.745363951,35,35,194,9.760486379,45.884275731,4.551239185,45.884275731,4.551239185,0.000000000,1
7594.743304729,35,35,191,9.622868488,45.884275731,4.551239185,45.884275731,4.551239185,0.000000000,1
7595.766426563,35,35,188,9.481370778,45.884275731,4.551239185,45.884275731,4.551239185,0.000000000,1
7596.863467455,35,35,186,9.381879912,45.884275731,4.551239185,45.884275731,4.551239185,0.000000000,1
7597.931472540,35,35,183,9.262800764,45.884275731,4.551239185,45.884275731,4.551239185,0.000000000,1
7598.847483873,35,35,180,9.111017417,45.884275731,4.551239185,45.884275731,4.551239185,0.000000000,1
7599.886155128,35,35,178,8.975273891,45.884275731,4.551239185,45.884275731,4.551239185,0.000000000,1
7600.905853033,35,35,175,8.832863963,45.884275731,4.551239185,45.884275731,4.551239185,0.000000000,1
7602.010970354,35,35,174,8.800010807,45.884275731,4.551239185,45.884275731,4.551239185,0.000000000,1
7603.014720678,35,35,172,8.684833703,45.884275731,4.551239185,45.884275731,4.551239185,0.000000000,1
7604.046347141,35,35,169,8.539819386,45.884275731,4.551239185,45.884275731,4.551239185,0.000000000,1
7605.063737392,35,35,166,8.378653089,45.884275731,4.551239185,45.884275731,4.551239185,0.000000000,1
7606.060023308,35,35,164,8.275969396,45.884275731,4.551239185,45.884275731,4.551239185,0.000000000,1
7607.210073709,35,35,165,8.343932745,45.884275731,4.551239185,45.884275731,4.551239185,0.000000000,1
7608.146034956,35,35,165,8.331813094,45.884275731,4.551239185,45.884275731,4.551239185,0.000000000,1
7609.209046602,35,35,158,7.999057410,45.884275731,4.551239185,45.884275731,4.551239185,0.000000000,1
7610.190483093,35,35,156,7.887075061,45.884275731,4.551239185,45.884275731,4.551239185,0.000000000,1
7611.213083982,35,35,154,7.774497347,45.884275731,4.551239185,45.884275731,4.551239185,0.000000000,1
7612.337328911,35,35,149,7.512345922,45.884275731,4.551239185,45.884275731,4.551239185,0.000000000,1
7613.293165207,35,35,147,7.424968689,45.884275731,4.551239185,45.884275731,4.551239185,0.000000000,1
7614.349687338,35,35,143,7.204861107,45.884275731,4.551239185,45.884275731,4.551239185,0.000000000,1
7615.321359634,35,35,138,6.937675127,45.884275731,4.551239185,45.884275731,4.551239185,0.000000000,1
7616.367756367,35,35,135,6.802115112,45.884275731,4.551239185,45.884275731,4.551239185,0.000000000,1
7617.379318953,35,35,130,6.570451687,45.884275731,4.551239185,45.884275731,4.551239185,0.000000000,1
7618.435649157,35,35,128,6.472961985,45.884275731,4.551239185,45.884275731,4.551239185,0.000000000,1
7619.438806534,35,35,127,6.375971446,45.884275731,4.551239185,45.884275731,4.551239185,0.000000000,1
7620.488578081,35,35,126,6.280928789,45.884275731,4.551239185,45.884275731,4.551239185,0.000000000,1
7621.546027422,35,35,123,6.177990691,45.884275731,4.551239185,45.884275731,4.551239185,0.000000000,1
7622.540578604,35,35,118,5.923689898,45.884275731,4.551239185,45.884275731,4.551239185,0.000000000,1
7623.581970453,35,35,116,5.827166426,45.884275731,4.551239185,45.884275731,4.551239185,0.000000000,1
7624.622314215,35,35,114,5.729367875,45.884275731,4.551239185,45.884275731,4.551239185,0.000000000,1
7625.669724464,35,35,113,5.631792036,45.884275731,4.551239185,45.884275731,4.551239185,0.000000000,1
7626.676707029,35,35,109,5.435645264,45.884275731,4.551239185,45.884275731,4.551239185,0.000000000,1
7627.701795101,35,35,107,5.339521873,45.884275731,4.551239185,45.884275731,4.551239185,0.000000000,1
7628.686574459,35,35,105,5.242129047,45.884275731,4.551239185,45.884275731,4.551239185,0.000000000,1
7629.690180540,35,35,103,5.144942878,45.884275731,4.551239185,45.884275731,4.551239185,0.000000000,1
7630.741270781,35,35,99,4.952087539,45.884275731,4.551239185,45.884275731,4.551239185,0.000000000,1
7631.794200897,35,35,97,4.855179369,45.884275731,4.551239185,45.884275731,4.551239185,0.000000000,1
7632.744236469,35,35,95,4.759920905,45.884275731,4.551239185,45.884275731,4.551239185,0.000000000,1
7633.806341887,35,35,93,4.663431789,45.884275731,4.551239185,45.884275731,4.551239185,0.000000000,1
7634.954248905,35,35,89,4.472108849,45.884275731,4.551239185,45.884275731,4.551239185,0.000000000,1
7635.852373123,35,35,87,4.375791136,45.884275731,4.551239185,45.884275731,4.551239185,0.000000000,1
7636.859428644,35,35,86,4.282495269,45.884275731,4.551239185,45.884275731,4.551239185,0.000000000,1
7637.874351025,35,35,84,4.186074634,45.884275731,4.551239185,45.884275731,4.551239185,0.000000000,1
7638.919833660,35,35,82,4.092531284,45.884275731,4.551239185,45.884275731,4.551239185,0.000000000,1
7639.957380056,35,35,78,3.900857790,45.884275731,4.551239185,45.884275731,4.551239185,0.000000000,1
7640.948603868,35,35,75,3.773978413,45.884275731,4.551239185,45.884275731,4.551239185,0.000000000,1
7642.007429361,35,35,73,3.680615476,45.884275731,4.551239185,45.884275731,4.551239185,0.000000000,1
7643.015150785,35,35,72,3.584693494,45.884275731,4.551239185,45.884275731,4.551239185,0.000000000,1
7644.045455217,35,35,70,3.491872890,45.884275731,4.551239185,45.884275731,4.551239185,0.000000000,1
7645.067507267,35,35,66,3.304705340,45.884275731,4.551239185,45.884275731,4.551239185,0.000000000,1
7646.125527859,35,35,64,3.209012438,45.884275731,4.551239185,45.884275731,4.551239185,0.000000000,1
7647.095603943,35,35,62,3.114191039,45.884275731,4.551239185,45.884275731,4.551239185,0.000000000,1
7648.155545473,35,35,60,2.984796206,45.884275731,4.551239185,45.884275731,4.551239185,0.000000000,1
7649.165445089,35,35,58,2.892663849,45.884275731,4.551239185,45.884275731,4.551239185,0.000000000,1
7650.191401243,35,35,56,2.798060654,45.884275731,4.551239185,45.884275731,4.551239185,0.000000000,1
7651.228183270,35,35,54,2.707488392,45.884275731,4.551239185,45.884275731,4.551239185,0.000000000,1
7652.239531755,35,35,51,2.577093055,45.884275731,4.551239185,45.884275731,4.551239185,0.000000000,1
7653.293070316,35,35,50,2.486611332,45.884275731,4.551239185,45.884275731,4.551239185,0.000000000,1
7654.327471733,35,35,46,2.296870262,45.884275731,4.551239185,45.884275731,4.551239185,0.000000000,1
7655.331478119,35,35,44,2.206207747,45.884275731,4.551239185,45.884275731,4.551239185,0.000000000,1
7656.405125856,35,35,41,2.074706429,45.884275731,4.551239185,45.884275731,4.551239185,0.000000000,1
7657.380546808,35,35,40,1.986959485,45.884275731,4.551239185,45.884275731,4.551239185,0.000000000,1
7658.396103382,35,35,35,1.764803505,45.884275731,4.551239185,45.884275731,4.551239185,0.000000000,1
7659.408147335,35,35,33,1.668388170,45.884275731,4.551239185,45.884275731,4.551239185,0.000000000,1
7660.445722342,35,35,32,1.585093624,45.884275731,4.551239185,45.884275731,4.551239185,0.000000000,1
7661.464126587,35,35,29,1.446454788,45.884275731,4.551239185,45.884275731,4.551239185,0.000000000,1
7662.459147930,35,35,27,1.360321149,45.884275731,4.551239185,45.884275731,4.551239185,0.000000000,1
7663.504614592,35,35,25,1.263425721,45.884275731,4.551239185,45.884275731,4.551239185,0.000000000,1
7664.542971134,35,35,22,1.128649452,45.884275731,4.551239185,45.884275731,4.551239185,0.000000000,1
7665.554867506,35,35,21,1.041853056,45.884275731,4.551239185,45.884275731,4.551239185,0.000000000,1
7666.621651411,35,35,18,0.905155147,45.884275731,4.551239185,45.884275731,4.551239185,0.000000000,1
7667.616159201,35,35,16,0.809879916,45.884275731,4.551239185,45.884275731,4.551239185,0.000000000,1
7668.664860487,35,35,15,0.767574809,45.884275731,4.551239185,45.884275731,4.551239185,0.000000000,1
7669.665621996,35,35,13,0.671031438,45.884275731,4.551239185,45.884275731,4.551239185,0.000000000,1
7670.710598946,35,35,12,0.585566111,45.884275731,4.551239185,45.884275731,4.551239185,0.000000000,1
7671.722141981,35,35,11,0.547170850,45.884275731,4.551239185,45.884275731,4.551239185,0.000000000,1
7672.757380486,35,35,9,0.445657426,45.884275731,4.551239185,45.884275731,4.551239185,0.000000000,1
7673.797513008,35,35,9,0.445657426,45.884275731,4.551239185,45.884275731,4.551239185,0.000000000,1
7719.164748669,36,36,627,31.418300578,23.080967350,-8.059261286,23.080967350,-8.059261286,0.000000000,1
7720.272795439,36,36,627,31.418300578,23.080967350,-8.059261286,23.080967350,-8.059261286,0.000000000,1
7721.341016293,36,36,627,31.418206638,23.080967350,-8.059261286,23.080967350,-8.059261286,0.000000000,1
7722.446694851,36,36,624,31.295982205,23.080967350,-8.059261286,23.080967350,-8.059261286,0.000000000,1
7723.392850876,36,36,624,31.279198388,23.080967350,-8.059261286,23.080967350,-8.059261286,0.000000000,1
7724.443145514,36,36,622,31.174888664,23.080967350,-8.059261286,23.080967350,-8.059261286,0.000000000,1
7725.568886280,36,36,622,31.174888664,23.080967350,-8.059261286,23.080967350,-8.059261286,0.000000000,1
7726.524338961,36,36,622,31.174888664,23.080967350,-8.059261286,23.080967350,-8.059261286,0.000000000,1
7727.584439039,36,36,622,31.174888664,23.080967350,-8.059261286,23.080967350,-8.059261286,0.000000000,1
7728.608181000,36,36,622,31.174888664,23.080967350,-8.059261286,23.080967350,-8.059261286,0.000000000,1
7729.720035315,36,36,622,31.174888664,23.080967350,-8.059261286,23.080967350,-8.059261286,0.000000000,1
7730.753124475,36,36,620,31.099802481,23.080967350,-8.059261286,23.080967350,-8.059261286,0.000000000,1
7731.791159153,36,36,619,31.013021588,23.080967350,-8.059261286,23.080967350,-8.059261286,0.000000000,1
7732.839065790,36,36,617,30.918442550,23.080967350,-8.059261286,23.080967350,-8.059261286,0.000000000,1
7733.751421452,36,36,615,30.822192268,23.080967350,-8.059261286,23.080967350,-8.059261286,0.000000000,1
7734.888144970,36,36,613,30.719482636,23.080967350,-8.059261286,23.080967350,-8.059261286,0.000000000,1
7736.030536413,36,36,610,30.598270814,23.080967350,-8.059261286,23.080967350,-8.059261286,0.000000000,1
7736.999869108,36,36,609,30.532808393,23.080967350,-8.059261286,23.080967350,-8.059261286,0.000000000,1
7738.210840225,36,36,605,30.345301166,23.080967350,-8.059261286,23.080967350,-8.059261286,0.000000000,1
7739.115250111,36,36,603,30.221622117,23.080967350,-8.059261286,23.080967350,-8.059261286,0.000000000,1
7740.100242853,36,36,599,30.022402833,23.080967350,-8.059261286,23.080967350,-8.059261286,0.000000000,1
7741.398825407,36,36,597,29.927535150,23.080967350,-8.059261286,23.080967350,-8.059261286,0.000000000,1
7742.197160482,36,36,595,29.836205175,23.080967350,-8.059261286,23.080967350,-8.059261286,0.000000000,1
7743.239279509,36,36,593,29.732997417,23.080967350,-8.059261286,23.080967350,-8.059261286,0.000000000,1
7744.373701334,36,36,589,29.528918884,23.080967350,-8.059261286,23.080967350,-8.059261286,0.000000000,1
7745.405848503,36,36,587,29.448423941,23.080967350,-8.059261286,23.080967350,-8.059261286,0.000000000,1
7746.466891766,36,36,585,29.348239618,23.080967350,-8.059261286,23.080967350,-8.059261286,0.000000000,1
7747.432862282,36,36,581,29.121258499,23.080967350,-8.059261286,23.080967350,-8.059261286,0.000000000,1
7748.512496710,36,36,579,29.034892409,23.080967350,-8.059261286,23.080967350,-8.059261286,0.000000000,1
7749.512979984,36,36,576,28.900565590,23.080967350,-8.059261286,23.080967350,-8.059261286,0.000000000,1
7750.564866781,36,36,575,28.860178715,23.080967350,-8.059261286,23.080967350,-8.059261286,0.000000000,1
7751.755551815,36,36,573,28.745034840,23.080967350,-8.059261286,23.080967350,-8.059261286,0.000000000,1
7752.665970325,36,36,572,28.663725075,23.080967350,-8.059261286,23.080967350,-8.059261286,0.000000000,1
7753.692684650,36,36,569,28.528732134,23.080967350,-8.059261286,23.080967350,-8.059261286,0.000000000,1
7754.827489614,36,36,565,28.344822570,23.080967350,-8.059261286,23.080967350,-8.059261286,0.000000000,1
7755.910765409,36,36,563,28.243033274,23.080967350,-8.059261286,23.080967350,-8.059261286,0.000000000,1
7756.799415588,36,36,561,28.152318684,23.080967350,-8.059261286,23.080967350,-8.059261286,0.000000000,1
7757.923751116,36,36,557,27.959419298,23.080967350,-8.059261286,23.080967350,-8.059261286,0.000000000,1
7758.961677790,36,36,555,27.855292081,23.080967350,-8.059261286,23.080967350,-8.059261286,0.000000000,1
7760.046091795,36,36,553,27.754779859,23.080967350,-8.059261286,23.080967350,-8.059261286,0.000000000,1
7761.050984383,36,36,552,27.683829172,23.080967350,-8.059261286,23.080967350,-8.059261286,0.000000000,1
7761.999181271,36,36,550,27.565351782,23.080967350,-8.059261286,23.080967350,-8.059261286,0.000000000,1
7763.070162296,36,36,548,27.473114751,23.080967350,-8.059261286,23.080967350,-8.059261286,0.000000000,1
7764.214699507,36,36,543,27.251876781,23.080967350,-8.059261286,23.080967350,-8.059261286,0.000000000,1
7765.144552469,36,36,542,27.177639520,23.080967350,-8.059261286,23.080967350,-8.059261286,0.000000000,1
7766.174143553,36,36,540,27.081954171,23.080967350,-8.059261286,23.080967350,-8.059261286,0.000000000,1
7767.230337381,36,36,538,27.004395957,23.080967350,-8.059261286,23.080967350,-8.059261286,0.000000000,1
7768.277412891,36,36,535,26.816662815,23.080967350,-8.059261286,23.080967350,-8.059261286,0.000000000,1
7769.401487589,36,36,532,26.687615805,23.080967350,-8.059261286,23.080967350,-8.059261286,0.000000000,1
7770.472939730,36,36,531,26.619957785,23.080967350,-8.059261286,23.080967350,-8.059261286,0.000000000,1
7771.419593334,36,36,528,26.469015001,23.080967350,-8.059261286,23.080967350,-8.059261286,0.000000000,1
7772.463126421,36,36,526,26.394311456,23.080967350,-8.059261286,23.080967350,-8.059261286,0.000000000,1
7773.536534786,36,36,525,26.331720360,23.080967350,-8.059261286,23.080967350,-8.059261286,0.000000000,1
7774.683475018,36,36,521,26.126152503,23.080967350,-8.059261286,23.080967350,-8.059261286,0.000000000,1
7775.686964035,36,36,519,26.013381621,23.080967350,-8.059261286,23.080967350,-8.059261286,0.000000000,1
7776.709249020,36,36,517,25.920536587,23.080967350,-8.059261286,23.080967350,-8.059261286,0.000000000,1
7777.753231287,36,36,514,25.792190533,23.080967350,-8.059261286,23.080967350,-8.059261286,0.000000000,1
7778.814535379,36,36,512,25.705106280,23.080967350,-8.059261286,23.080967350,-8.059261286,0.000000000,1
7779.927712202,36,36,511,25.636682125,23.080967350,-8.059261286,23.080967350,-8.059261286,0.000000000,1
7780.986114264,36,36,508,25.506302120,23.080967350,-8.059261286,23.080967350,-8.059261286,0.000000000,1
7781.996059895,36,36,507,25.441064939,23.080967350,-8.059261286,23.080967350,-8.059261286,0.000000000,1
7783.018481731,36,36,502,25.207188640,23.080967350,-8.059261286,23.080967350,-8.059261286,0.000000000,1
7784.010802746,36,36,501,25.112701699,23.080967350,-8.059261286,23.080967350,-8.059261286,0.000000000,1
7785.251053333,36,36,499,25.052282826,23.080967350,-8.059261286,23.080967350,-8.059261286,0.000000000,1
7786.101130247,36,36,497,24.944761498,23.080967350,-8.059261286,23.080967350,-8.059261286,0.000000000,1
7787.177354574,36,36,494,24.794665147,23.080967350,-8.059261286,23.080967350,-8.059261286,0.000000000,1
7788.190614223,36,36,492,24.705197654,23.080967350,-8.059261286,23.080967350,-8.059261286,0.000000000,1
7789.254265070,36,36,491,24.632735794,23.080967350,-8.059261286,23.080967350,-8.059261286,0.000000000,1
7790.297378302,36,36,487,24.459744455,23.080967350,-8.059261286,23.080967350,-8.059261286,0.000000000,1
7791.471156597,36,36,486,24.411625698,23.080967350,-8.059261286,23.080967350,-8.059261286,0.000000000,1
7792.410513163,36,36,482,24.180156518,23.080967350,-8.059261286,23.080967350,-8.059261286,0.000000000,1
7793.398050308,36,36,479,24.058374462,23.080967350,-8.059261286,23.080967350,-8.059261286,0.000000000,1
7794.421505451,36,36,477,23.941465797,23.080967350,-8.059261286,23.080967350,-8.059261286,0.000000000,1
7795.416994810,36,36,476,23.867634613,23.080967350,-8.059261286,23.080967350,-8.059261286,0.000000000,1
7796.451555252,36,36,473,23.728295440,23.080967350,-8.059261286,23.080967350,-8.059261286,0.000000000,1
7797.562757254,36,36,469,23.537913002,23.080967350,-8.059261286,23.080967350,-8.059261286,0.000000000,1
7798.664352655,36,36,466,23.413634656,23.080967350,-8.059261286,23.080967350,-8.059261286,0.000000000,1
7799.692573071,36,36,464,23.282484720,23.080967350,-8.059261286,23.080967350,-8.059261286,0.000000000,1
7800.715480566,36,36,464,23.282484720,23.080967350,-8.059261286,23.080967350,-8.059261286,0.000000000,1
7801.815031052,36,36,461,23.131000127,23.080967350,-8.059261286,23.080967350,-8.059261286,0.000000000,1
7802.881497860,36,36,457,22.971556613,23.080967350,-8.059261286,23.080967350,-8.059261286,0.000000000,1
7803.861008644,36,36,455,22.827267301,23.080967350,-8.059261286,23.080967350,-8.059261286,0.000000000,1
7804.999714613,36,36,453,22.749319467,23.080967350,-8.059261286,23.080967350,-8.059261286,0.000000000,1
7805.936433554,36,36,451,22.621528876,23.080967350,-8.059261286,23.080967350,-8.059261286,0.000000000,1
7806.961711168,36,36,448,22.514942759,23.080967350,-8.059261286,23.080967350,-8.059261286,0.000000000,1
7808.096178532,36,36,447,22.431190729,23.080967350,-8.059261286,23.080967350,-8.059261286,0.000000000,1
7809.071062088,36,36,444,22.299029125,23.080967350,-8.059261286,23.080967350,-8.059261286,0.000000000,1
7810.133514881,36,36,440,22.099897044,23.080967350,-8.059261286,23.080967350,-8.059261286,0.000000000,1
7811.169513702,36,36,438,22.004313768,23.080967350,-8.059261286,23.080967350,-8.059261286,0.000000000,1
7812.196546555,36,36,436,21.900846976,23.080967350,-8.059261286,23.080967350,-8.059261286,0.000000000,1
7813.247343779,36,36,434,21.805333546,23.080967350,-8.059261286,23.080967350,-8.059261286,0.000000000,1
7814.280405998,36,36,432,21.701968566,23.080967350,-8.059261286,23.080967350,-8.059261286,0.000000000,1
7815.267010212,36,36,430,21.606630866,23.080967350,-8.059261286,23.080967350,-8.059261286,0.000000000,1
7816.454158306,36,36,426,21.408201646,23.080967350,-8.059261286,23.080967350,-8.059261286,0.000000000,1
7817.426493645,36,36,424,21.305142241,23.080967350,-8.059261286,23.080967350,-8.059261286,0.000000000,1
7818.438677788,36,36,422,21.210112670,23.080967350,-8.059261286,23.080967350,-8.059261286,0.000000000,1
7819.539618969,36,36,419,21.012532943,23.080967350,-8.059261286,23.080967350,-8.059261286,0.000000000,1
7820.525918245,36,36,416,20.909988782,23.080967350,-8.059261286,23.080967350,-8.059261286,0.000000000,1
7821.598651648,36,36,415,20.815530821,23.080967350,-8.059261286,23.080967350,-8.059261286,0.000000000,1
7822.659658194,36,36,413,20.713454343,23.080967350,-8.059261286,23.080967350,-8.059261286,0.000000000,1
7823.657328844,36,36,411,20.619740225,23.080967350,-8.059261286,23.080967350,-8.059261286,0.000000000,1
7824.807622910,36,36,409,20.518675595,23.080967350,-8.059261286,23.080967350,-8.059261286,0.000000000,1
7825.807547569,36,36,405,20.326284798,23.080967350,-8.059261286,23.080967350,-8.059261286,0.000000000,1
7826.793004751,36,36,403,20.234603726,23.080967350,-8.059261286,23.080967350,-8.059261286,0.000000000,1
7827.919765949,36,36,401,20.134974910,23.080967350,-8.059261286,23.080967350,-8.059261286,0.000000000,1
7828.955324888,36,36,399,20.042921948,23.080967350,-8.059261286,23.080967350,-8.059261286,0.000000000,1
7829.865239620,36,36,397,19.942130162,23.080967350,-8.059261286,23.080967350,-8.059261286,0.000000000,1
7830.947288752,36,36,395,19.848059106,23.080967350,-8.059261286,23.080967350,-8.059261286,0.000000000,1
7831.980970144,36,36,391,19.659360244,23.080967350,-8.059261286,23.080967350,-8.059261286,0.000000000,1
7833.010415792,36,36,390,19.582039230,23.080967350,-8.059261286,23.080967350,-8.059261286,0.000000000,1
7834.043587685,36,36,387,19.442409320,23.080967350,-8.059261286,23.080967350,-8.059261286,0.000000000,1
7835.103960991,36,36,386,19.372036540,23.080967350,-8.059261286,23.080967350,-8.059261286,0.000000000,1
7836.163050652,36,36,383,19.241389667,23.080967350,-8.059261286,23.080967350,-8.059261286,0.000000000,1
7837.186877251,36,36,382,19.170434433,23.080967350,-8.059261286,23.080967350,-8.059261286,0.000000000,1
7838.183473587,36,36,379,19.043428723,23.080967350,-8.059261286,23.080967350,-8.059261286,0.000000000,1
7839.207786560,36,36,378,18.974406721,23.080967350,-8.059261286,23.080967350,-8.059261286,0.000000000,1
7840.288812399,36,36,374,18.780261292,23.080967350,-8.059261286,23.080967350,-8.059261286,0.000000000,1
7841.357344627,36,36,371,18.654692862,23.080967350,-8.059261286,23.080967350,-8.059261286,0.000000000,1
7842.337290049,36,36,369,18.531806131,23.080967350,-8.059261286,23.080967350,-8.059261286,0.000000000,1
7843.383725166,36,36,367,18.422790017,23.080967350,-8.059261286,23.080967350,-8.059261286,0.000000000,1
7844.381186485,36,36,365,18.348337655,23.080967350,-8.059261286,23.080967350,-8.059261286,0.000000000,1
7845.458407879,36,36,363,18.239557123,23.080967350,-8.059261286,23.080967350,-8.059261286,0.000000000,1
7846.426997662,36,36,361,18.141678591,23.080967350,-8.059261286,23.080967350,-8.059261286,0.000000000,1
7847.512019396,36,36,358,17.960936721,23.080967350,-8.059261286,23.080967350,-8.059261286,0.000000000,1
7848.598330021,36,36,357,17.921892172,23.080967350,-8.059261286,23.080967350,-8.059261286,0.000000000,1
7849.650660276,36,36,355,17.837414718,23.080967350,-8.059261286,23.080967350,-8.059261286,0.000000000,1
7850.712947845,36,36,353,17.720158467,23.080967350,-8.059261286,23.080967350,-8.059261286,0.000000000,1
7851.651042700,36,36,351,17.633260424,23.080967350,-8.059261286,23.080967350,-8.059261286,0.000000000,1
7852.698564768,36,36,345,17.345489687,23.080967350,-8.059261286,23.080967350,-8.059261286,0.000000000,1
7853.775243759,36,36,344,17.253642548,23.080967350,-8.059261286,23.080967350,-8.059261286,0.000000000,1
7854.836335659,36,36,343,17.220208801,23.080967350,-8.059261286,23.080967350,-8.059261286,0.000000000,1
7855.887695789,36,36,341,17.122977471,23.080967350,-8.059261286,23.080967350,-8.059261286,0.000000000,1
7857.050671101,36,36,336,16.901779516,23.080967350,-8.059261286,23.080967350,-8.059261286,0.000000000,1
7857.944445848,36,36,335,16.812620075,23.080967350,-8.059261286,23.080967350,-8.059261286,0.000000000,1
7859.063569069,36,36,332,16.705618066,23.080967350,-8.059261286,23.080967350,-8.059261286,0.000000000,1
7860.160640001,36,36,331,16.619936775,23.080967350,-8.059261286,23.080967350,-8.059261286,0.000000000,1
7861.257020950,36,36,328,16.500436068,23.080967350,-8.059261286,23.080967350,-8.059261286,0.000000000,1
7862.162296534,36,36,325,16.313303723,23.080967350,-8.059261286,23.080967350,-8.059261286,0.000000000,1
7863.195376873,36,36,322,16.186233371,23.080967350,-8.059261286,23.080967350,-8.059261286,0.000000000,1
7864.236400366,36,36,320,16.076869765,23.080967350,-8.059261286,23.080967350,-8.059261286,0.000000000,1
7865.299476862,36,36,318,16.005676315,23.080967350,-8.059261286,23.080967350,-8.059261286,0.000000000,1
7866.282751799,36,36,316,15.883147831,23.080967350,-8.059261286,23.080967350,-8.059261286,0.000000000,1
7867.351755142,36,36,314,15.795861884,23.080967350,-8.059261286,23.080967350,-8.059261286,0.000000000,1
7868.416117668,36,36,312,15.702449182,23.080967350,-8.059261286,23.080967350,-8.059261286,0.000000000,1
7869.555117607,36,36,309,15.552930130,23.080967350,-8.059261286,23.080967350,-8.059261286,0.000000000,1
7870.451227665,36,36,308,15.484916914,23.080967350,-8.059261286,23.080967350,-8.059261286,0.000000000,1
7871.488187551,36,36,306,15.388180994,23.080967350,-8.059261286,23.080967350,-8.059261286,0.000000000,1
7872.541036606,36,36,303,15.251854766,23.080967350,-8.059261286,23.080967350,-8.059261286,0.000000000,1
7873.566971064,36,36,301,15.142109797,23.080967350,-8.059261286,23.080967350,-8.059261286,0.000000000,1
7874.559447050,36,36,300,15.066122313,23.080967350,-8.059261286,23.080967350,-8.059261286,0.000000000,1
7875.697411299,36,36,297,14.948597000,23.080967350,-8.059261286,23.080967350,-8.059261286,0.000000000,1
7876.629596949,36,36,295,14.846757584,23.080967350,-8.059261286,23.080967350,-8.059261286,0.000000000,1
7877.711834431,36,36,292,14.703370520,23.080967350,-8.059261286,23.080967350,-8.059261286,0.000000000,1
7878.756095648,36,36,291,14.628819355,23.080967350,-8.059261286,23.080967350,-8.059261286,0.000000000,1
7879.755468130,36,36,289,14.544390270,23.080967350,-8.059261286,23.080967350,-8.059261286,0.000000000,1
7880.813902855,36,36,286,14.391911507,23.080967350,-8.059261286,23.080967350,-8.059261286,0.000000000,1
7881.845327854,36,36,285,14.311990215,23.080967350,-8.059261286,23.080967350,-8.059261286,0.000000000,1
7882.969168425,36,36,282,14.187280810,23.080967350,-8.059261286,23.080967350,-8.059261286,0.000000000,1
7883.987926722,36,36,278,14.006801120,23.080967350,-8.059261286,23.080967350,-8.059261286,0.000000000,1
7885.020733595,36,36,278,13.963269514,23.080967350,-8.059261286,23.080967350,-8.059261286,0.000000000,1
7886.036251307,36,36,275,13.821314378,23.080967350,-8.059261286,23.080967350,-8.059261286,0.000000000,1
7887.083434105,36,36,272,13.710011367,23.080967350,-8.059261286,23.080967350,-8.059261286,0.000000000,1
7888.059983015,36,36,270,13.592461090,23.080967350,-8.059261286,23.080967350,-8.059261286,0.000000000,1
7889.088371754,36,36,267,13.426014565,23.080967350,-8.059261286,23.080967350,-8.059261286,0.000000000,1
7890.170015335,36,36,266,13.300112909,23.080967350,-8.059261286,23.080967350,-8.059261286,0.000000000,1
7891.246996403,36,36,263,13.168509688,23.080967350,-8.059261286,23.080967350,-8.059261286,0.000000000,1
7892.218566418,36,36,262,13.100569072,23.080967350,-8.059261286,23.080967350,-8.059261286,0.000000000,1
7893.199807644,36,36,260,13.013670446,23.080967350,-8.059261286,23.080967350,-8.059261286,0.000000000,1
7894.250260592,36,36,258,12.919384663,23.080967350,-8.059261286,23.080967350,-8.059261286,0.000000000,1
7895.298328400,36,36,256,12.791979910,23.080967350,-8.059261286,23.080967350,-8.059261286,0.000000000,1
7896.369274616,36,36,254,12.701632131,23.080967350,-8.059261286,23.080967350,-8.059261286,0.000000000,1
7897.352437019,36,36,251,12.553828764,23.080967350,-8.059261286,23.080967350,-8.059261286,0.000000000,1
7898.417262793,36,36,249,12.457718891,23.080967350,-8.059261286,23.080967350,-8.059261286,0.000000000,1
7899.491216421,36,36,249,12.456316890,23.080967350,-8.059261286,23.080967350,-8.059261286,0.000000000,1
7900.506065369,36,36,246,12.309910063,23.080967350,-8.059261286,23.080967350,-8.059261286,0.000000000,1
7901.585379839,36,36,243,12.166389496,23.080967350,-8.059261286,23.080967350,-8.059261286,0.000000000,1
7902.567625284,36,36,240,12.007362707,23.080967350,-8.059261286,23.080967350,-8.059261286,0.000000000,1
7903.600748777,36,36,237,11.873917669,23.080967350,-8.059261286,23.080967350,-8.059261286,0.000000000,1
7904.579158783,36,36,235,11.773535717,23.080967350,-8.059261286,23.080967350,-8.059261286,0.000000000,1
7905.630945206,36,36,233,11.679770750,23.080967350,-8.059261286,23.080967350,-8.059261286,0.000000000,1
7906.676516771,36,36,231,11.559146797,23.080967350,-8.059261286,23.080967350,-8.059261286,0.000000000,1
7907.746064901,36,36,229,11.462417138,23.080967350,-8.059261286,23.080967350,-8.059261286,0.000000000,1
7908.713189363,36,36,227,11.360926038,23.080967350,-8.059261286,23.080967350,-8.059261286,0.000000000,1
7909.791170120,36,36,225,11.264437425,23.080967350,-8.059261286,23.080967350,-8.059261286,0.000000000,1
7910.795236349,36,36,223,11.160169239,23.080967350,-8.059261286,23.080967350,-8.059261286,0.000000000,1
7911.829276562,36,36,221,11.063420552,23.080967350,-8.059261286,23.080967350,-8.059261286,0.000000000,1
7912.894688129,36,36,219,10.962891031,23.080967350,-8.059261286,23.080967350,-8.059261286,0.000000000,1
7913.912659168,36,36,217,10.866467703,23.080967350,-8.059261286,23.080967350,-8.059261286,0.000000000,1
7914.952678442,36,36,215,10.766275487,23.080967350,-8.059261286,23.080967350,-8.059261286,0.000000000,1
7915.984478474,36,36,213,10.670386369,23.080967350,-8.059261286,23.080967350,-8.059261286,0.000000000,1
7917.086187840,36,36,211,10.571093309,23.080967350,-8.059261286,23.080967350,-8.059261286,0.000000000,1
7918.088338137,36,36,209,10.476352635,23.080967350,-8.059261286,23.080967350,-8.059261286,0.000000000,1
7919.189968824,36,36,207,10.378349604,23.080967350,-8.059261286,23.080967350,-8.059261286,0.000000000,1
7920.177091599,36,36,206,10.284710533,23.080967350,-8.059261286,23.080967350,-8.059261286,0.000000000,1
7921.186037540,36,36,204,10.187334588,23.080967350,-8.059261286,23.080967350,-8.059261286,0.000000000,1
7922.260962725,36,36,202,10.093724171,23.080967350,-8.059261286,23.080967350,-8.059261286,0.000000000,1
7923.242878437,36,36,200,9.995819622,23.080967350,-8.059261286,23.080967350,-8.059261286,0.000000000,1
7924.329358816,36,36,196,9.799391016,23.080967350,-8.059261286,23.080967350,-8.059261286,0.000000000,1
7925.310639381,36,36,196,9.799391016,23.080967350,-8.059261286,23.080967350,-8.059261286,0.000000000,1
7926.339858294,36,36,194,9.701210946,23.080967350,-8.059261286,23.080967350,-8.059261286,0.000000000,1
7927.418402195,36,36,192,9.596959803,23.080967350,-8.059261286,23.080967350,-8.059261286,0.000000000,1
7928.379362106,36,36,188,9.398269880,23.080967350,-8.059261286,23.080967350,-8.059261286,0.000000000,1
7929.437776089,36,36,186,9.306768838,23.080967350,-8.059261286,23.080967350,-8.059261286,0.000000000,1
7930.446182966,36,36,184,9.196281844,23.080967350,-8.059261286,23.080967350,-8.059261286,0.000000000,1
7931.423853159,36,36,182,9.108602408,23.080967350,-8.059261286,23.080967350,-8.059261286,0.000000000,1
7932.446996689,36,36,180,9.001067388,23.080967350,-8.059261286,23.080967350,-8.059261286,0.000000000,1
7933.501466990,36,36,178,8.914565816,23.080967350,-8.059261286,23.080967350,-8.059261286,0.000000000,1
7934.518393993,36,36,176,8.808460231,23.080967350,-8.059261286,23.080967350,-8.059261286,0.000000000,1
7935.534440756,36,36,174,8.722203720,23.080967350,-8.059261286,23.080967350,-8.059261286,0.000000000,1
7936.616265059,36,36,172,8.616871595,23.080967350,-8.059261286,23.080967350,-8.059261286,0.000000000,1
7937.593818426,36,36,170,8.497653521,23.080967350,-8.059261286,23.080967350,-8.059261286,0.000000000,1
7938.624825954,36,36,170,8.497653521,23.080967350,-8.059261286,23.080967350,-8.059261286,0.000000000,1
7939.650420189,36,36,168,8.397406499,23.080967350,-8.059261286,23.080967350,-8.059261286,0.000000000,1
7940.734574080,36,36,166,8.303735310,23.080967350,-8.059261286,23.080967350,-8.059261286,0.000000000,1
7941.719005108,36,36,164,8.203040702,23.080967350,-8.059261286,23.080967350,-8.059261286,0.000000000,1
7942.758775234,36,36,160,8.009875173,23.080967350,-8.059261286,23.080967350,-8.059261286,0.000000000,1
7943.806622505,36,36,158,7.919652656,23.080967350,-8.059261286,23.080967350,-8.059261286,0.000000000,1
7944.863356829,36,36,158,7.885769391,23.080967350,-8.059261286,23.080967350,-8.059261286,0.000000000,1
7945.873594284,36,36,156,7.784921705,23.080967350,-8.059261286,23.080967350,-8.059261286,0.000000000,1
7946.908051729,36,36,154,7.692348161,23.080967350,-8.059261286,23.080967350,-8.059261286,0.000000000,1
7947.920485258,36,36,152,7.594099038,23.080967350,-8.059261286,23.080967350,-8.059261286,0.000000000,1
7949.090708971,36,36,149,7.471519977,23.080967350,-8.059261286,23.080967350,-8.059261286,0.000000000,1
7949.996411324,36,36,147,7.372886615,23.080967350,-8.059261286,23.080967350,-8.059261286,0.000000000,1
7951.026576996,36,36,146,7.283013491,23.080967350,-8.059261286,23.080967350,-8.059261286,0.000000000,1
7952.079329491,36,36,144,7.185919718,23.080967350,-8.059261286,23.080967350,-8.059261286,0.000000000,1
7953.102557182,36,36,141,7.055636741,23.080967350,-8.059261286,23.080967350,-8.059261286,0.000000000,1
7954.094770908,36,36,139,6.960825319,23.080967350,-8.059261286,23.080967350,-8.059261286,0.000000000,1
7955.155192852,36,36,137,6.865064187,23.080967350,-8.059261286,23.080967350,-8.059261286,0.000000000,1
7956.172184944,36,36,135,6.771472304,23.080967350,-8.059261286,23.080967350,-8.059261286,0.000000000,1
7957.219413996,36,36,133,6.645225254,23.080967350,-8.059261286,23.080967350,-8.059261286,0.000000000,1
7958.237678766,36,36,131,6.561692605,23.080967350,-8.059261286,23.080967350,-8.059261286,0.000000000,1
7959.267061234,36,36,129,6.459390076,23.080967350,-8.059261286,23.080967350,-8.059261286,0.000000000,1
7960.294827223,36,36,127,6.366680828,23.080967350,-8.059261286,23.080967350,-8.059261286,0.000000000,1
7961.342902660,36,36,125,6.233918632,23.080967350,-8.059261286,23.080967350,-8.059261286,0.000000000,1
7962.358179331,36,36,123,6.146316926,23.080967350,-8.059261286,23.080967350,-8.059261286,0.000000000,1
7963.382112741,36,36,121,6.048622547,23.080967350,-8.059261286,23.080967350,-8.059261286,0.000000000,1
7964.453278542,36,36,118,5.916016621,23.080967350,-8.059261286,23.080967350,-8.059261286,0.000000000,1
7965.476177216,36,36,116,5.818132553,23.080967350,-8.059261286,23.080967350,-8.059261286,0.000000000,1
7966.509116411,36,36,114,5.729104175,23.080967350,-8.059261286,23.080967350,-8.059261286,0.000000000,1
7967.522700787,36,36,114,5.729104175,23.080967350,-8.059261286,23.080967350,-8.059261286,0.000000000,1
7968.620680332,36,36,112,5.594884368,23.080967350,-8.059261286,23.080967350,-8.059261286,0.000000000,1
7969.554944515,36,36,110,5.504300883,23.080967350,-8.059261286,23.080967350,-8.059261286,0.000000000,1
7970.576986790,36,36,108,5.407821296,23.080967350,-8.059261286,23.080967350,-8.059261286,0.000000000,1
7971.629437923,36,36,106,5.280371242,23.080967350,-8.059261286,23.080967350,-8.059261286,0.000000000,1
7972.623598337,36,36,104,5.194495036,23.080967350,-8.059261286,23.080967350,-8.059261286,0.000000000,1
7973.642036676,36,36,102,5.101283989,23.080967350,-8.059261286,23.080967350,-8.059261286,0.000000000,1
7974.714780092,36,36,100,5.003441721,23.080967350,-8.059261286,23.080967350,-8.059261286,0.000000000,1
7975.737438440,36,36,99,4.947466345,23.080967350,-8.059261286,23.080967350,-8.059261286,0.000000000,1
7976.731869459,36,36,97,4.858379570,23.080967350,-8.059261286,23.080967350,-8.059261286,0.000000000,1
7977.767412663,36,36,95,4.768374008,23.080967350,-8.059261286,23.080967350,-8.059261286,0.000000000,1
7978.797222137,36,36,93,4.637961944,23.080967350,-8.059261286,23.080967350,-8.059261286,0.000000000,1
7979.866647243,36,36,91,4.550192748,23.080967350,-8.059261286,23.080967350,-8.059261286,0.000000000,1
7980.886722565,36,36,88,4.414308011,23.080967350,-8.059261286,23.080967350,-8.059261286,0.000000000,1
7982.180754423,36,36,86,4.322623819,23.080967350,-8.059261286,23.080967350,-8.059261286,0.000000000,1
7982.876502037,36,36,83,4.165458236,23.080967350,-8.059261286,23.080967350,-8.059261286,0.000000000,1
7983.940652847,36,36,81,4.087223495,23.080967350,-8.059261286,23.080967350,-8.059261286,0.000000000,1
7984.910667658,36,36,79,3.991315648,23.080967350,-8.059261286,23.080967350,-8.059261286,0.000000000,1
7985.952387094,36,36,77,3.859730470,23.080967350,-8.059261286,23.080967350,-8.059261286,0.000000000,1
7986.981600285,36,36,75,3.763254104,23.080967350,-8.059261286,23.080967350,-8.059261286,0.000000000,1
7988.035133600,36,36,73,3.665811931,23.080967350,-8.059261286,23.080967350,-8.059261286,0.000000000,1
7989.010214090,36,36,72,3.601225281,23.080967350,-8.059261286,23.080967350,-8.059261286,0.000000000,1
7990.071854830,36,36,70,3.488423851,23.080967350,-8.059261286,23.080967350,-8.059261286,0.000000000,1
7991.110536814,36,36,69,3.441950751,23.080967350,-8.059261286,23.080967350,-8.059261286,0.000000000,1
7992.134876966,36,36,67,3.339392233,23.080967350,-8.059261286,23.080967350,-8.059261286,0.000000000,1
7993.189833879,36,36,65,3.242096323,23.080967350,-8.059261286,23.080967350,-8.059261286,0.000000000,1
7994.244897604,36,36,63,3.140469326,23.080967350,-8.059261286,23.080967350,-8.059261286,0.000000000,1
7995.218155384,36,36,61,3.042161911,23.080967350,-8.059261286,23.080967350,-8.059261286,0.000000000,1
7996.238451481,36,36,58,2.887471928,23.080967350,-8.059261286,23.080967350,-8.059261286,0.000000000,1
7997.250308752,36,36,57,2.842502334,23.080967350,-8.059261286,23.080967350,-8.059261286,0.000000000,1
7998.318948269,36,36,55,2.741116735,23.080967350,-8.059261286,23.080967350,-8.059261286,0.000000000,1
7999.331014872,36,36,53,2.642965230,23.080967350,-8.059261286,23.080967350,-8.059261286,0.000000000,1
8000.332635164,36,36,51,2.541652837,23.080967350,-8.059261286,23.080967350,-8.059261286,0.000000000,1
8001.393928051,36,36,49,2.442240363,23.080967350,-8.059261286,23.080967350,-8.059261286,0.000000000,1
8002.411975622,36,36,47,2.343598742,23.080967350,-8.059261286,23.080967350,-8.059261286,0.000000000,1
8003.452492476,36,36,45,2.237608553,23.080967350,-8.059261286,23.080967350,-8.059261286,0.000000000,1
8004.486991405,36,36,43,2.138965324,23.080967350,-8.059261286,23.080967350,-8.059261286,0.000000000,1
8005.496069431,36,36,41,2.038448065,23.080967350,-8.059261286,23.080967350,-8.059261286,0.000000000,1
8006.530452490,36,36,39,1.940000880,23.080967350,-8.059261286,23.080967350,-8.059261286,0.000000000,1
8007.561165094,36,36,37,1.839769596,23.080967350,-8.059261286,23.080967350,-8.059261286,0.000000000,1
8008.569181204,36,36,35,1.742042142,23.080967350,-8.059261286,23.080967350,-8.059261286,0.000000000,1
8009.621061802,36,36,33,1.643396520,23.080967350,-8.059261286,23.080967350,-8.059261286,0.000000000,1
8010.622310877,36,36,31,1.545147887,23.080967350,-8.059261286,23.080967350,-8.059261286,0.000000000,1
8011.629826307,36,36,29,1.447772213,23.080967350,-8.059261286,23.080967350,-8.059261286,0.000000000,1
8012.701115847,36,36,27,1.342789528,23.080967350,-8.059261286,23.080967350,-8.059261286,0.000000000,1
8013.743053675,36,36,27,1.342789528,23.080967350,-8.059261286,23.080967350,-8.059261286,0.000000000,1
8014.733116627,36,36,25,1.248734271,23.080967350,-8.059261286,23.080967350,-8.059261286,0.000000000,1
8015.789459467,36,36,23,1.144625788,23.080967350,-8.059261286,23.080967350,-8.059261286,0.000000000,1
8016.830633163,36,36,20,1.026841965,23.080967350,-8.059261286,23.080967350,-8.059261286,0.000000000,1
8017.854339123,36,36,18,0.918544722,23.080967350,-8.059261286,23.080967350,-8.059261286,0.000000000,1
8018.880776167,36,36,18,0.918544722,23.080967350,-8.059261286,23.080967350,-8.059261286,0.000000000,1
8019.961983204,36,36,16,0.823161740,23.080967350,-8.059261286,23.080967350,-8.059261286,0.000000000,1
8020.972418070,36,36,16,0.789890814,23.080967350,-8.059261286,23.080967350,-8.059261286,0.000000000,1
8022.003509283,36,36,13,0.679278909,23.080967350,-8.059261286,23.080967350,-8.059261286,0.000000000,1
8023.027945518,36,36,13,0.679278909,23.080967350,-8.059261286,23.080967350,-8.059261286,0.000000000,1
8024.077673912,36,36,10,0.537473089,23.080967350,-8.059261286,23.080967350,-8.059261286,0.000000000,1
8025.098059654,36,36,10,0.537473089,23.080967350,-8.059261286,23.080967350,-8.059261286,0.000000000,1
8026.126396418,36,36,10,0.537473089,23.080967350,-8.059261286,23.080967350,-8.059261286,0.000000000,1
8027.148173809,36,36,8,0.398613868,23.080967350,-8.059261286,23.080967350,-8.059261286,0.000000000,1
8072.401434183,37,37,142,7.194730614,25.381336168,-7.770892592,25.381336168,-7.770892592,0.000000000,1
8073.373849154,37,37,142,7.194730614,25.381336168,-7.770892592,25.381336168,-7.770892592,0.000000000,1
8074.380275726,37,37,140,7.094215750,25.381336168,-7.770892592,25.381336168,-7.770892592,0.000000000,1
8075.445140600,37,37,139,7.061008884,25.381336168,-7.770892592,25.381336168,-7.770892592,0.000000000,1
8076.470938444,37,37,137,6.954314228,25.381336168,-7.770892592,25.381336168,-7.770892592,0.000000000,1
8077.506047010,37,37,137,6.954314228,25.381336168,-7.770892592,25.381336168,-7.770892592,0.000000000,1
8078.555934191,37,37,134,6.805309676,25.381336168,-7.770892592,25.381336168,-7.770892592,0.000000000,1
8079.557905436,37,37,134,6.805309676,25.381336168,-7.770892592,25.381336168,-7.770892592,0.000000000,1
8080.602947235,37,37,134,6.805309676,25.381336168,-7.770892592,25.381336168,-7.770892592,0.000000000,1
8081.672569036,37,37,134,6.805309676,25.381336168,-7.770892592,25.381336168,-7.770892592,0.000000000,1
8082.706190586,37,37,135,6.842176589,25.381336168,-7.770892592,25.381336168,-7.770892592,0.000000000,1
8083.706598759,37,37,135,6.853363100,25.381336168,-7.770892592,25.381336168,-7.770892592,0.000000000,1
8084.756462812,37,37,135,6.842931209,25.381336168,-7.770892592,25.381336168,-7.770892592,0.000000000,1
8085.789388418,37,37,133,6.763508427,25.381336168,-7.770892592,25.381336168,-7.770892592,0.000000000,1
8086.880283356,37,37,131,6.621221467,25.381336168,-7.770892592,25.381336168,-7.770892592,0.000000000,1
8087.866640568,37,37,130,6.585870574,25.381336168,-7.770892592,25.381336168,-7.770892592,0.000000000,1
8088.914316654,37,37,128,6.486718702,25.381336168,-7.770892592,25.381336168,-7.770892592,0.000000000,1
8089.946571827,37,37,126,6.385871798,25.381336168,-7.770892592,25.381336168,-7.770892592,0.000000000,1
8091.027430534,37,37,124,6.286720307,25.381336168,-7.770892592,25.381336168,-7.770892592,0.000000000,1
8092.028717518,37,37,120,6.081227386,25.381336168,-7.770892592,25.381336168,-7.770892592,0.000000000,1
8093.021659851,37,37,118,5.982912907,25.381336168,-7.770892592,25.381336168,-7.770892592,0.000000000,1
8094.090619564,37,37,116,5.881251127,25.381336168,-7.770892592,25.381336168,-7.770892592,0.000000000,1
8095.104470730,37,37,114,5.782932622,25.381336168,-7.770892592,25.381336168,-7.770892592,0.000000000,1
8096.141879320,37,37,112,5.681278959,25.381336168,-7.770892592,25.381336168,-7.770892592,0.000000000,1
8097.176196337,37,37,110,5.570283997,25.381336168,-7.770892592,25.381336168,-7.770892592,0.000000000,1
8098.209134340,37,37,108,5.466863148,25.381336168,-7.770892592,25.381336168,-7.770892592,0.000000000,1
8099.271505594,37,37,106,5.370768033,25.381336168,-7.770892592,25.381336168,-7.770892592,0.000000000,1
8100.295073271,37,37,104,5.267254840,25.381336168,-7.770892592,25.381336168,-7.770892592,0.000000000,1
8101.311055660,37,37,102,5.171312679,25.381336168,-7.770892592,25.381336168,-7.770892592,0.000000000,1
8102.361057758,37,37,100,5.067917799,25.381336168,-7.770892592,25.381336168,-7.770892592,0.000000000,1
8103.376424313,37,37,98,4.972071516,25.381336168,-7.770892592,25.381336168,-7.770892592,0.000000000,1
8104.447234154,37,37,96,4.868848153,25.381336168,-7.770892592,25.381336168,-7.770892592,0.000000000,1
8105.463125467,37,37,94,4.773150776,25.381336168,-7.770892592,25.381336168,-7.770892592,0.000000000,1
8106.496893644,37,37,91,4.657567045,25.381336168,-7.770892592,25.381336168,-7.770892592,0.000000000,1
8107.541805744,37,37,90,4.562618691,25.381336168,-7.770892592,25.381336168,-7.770892592,0.000000000,1
8108.600013256,37,37,90,4.562618691,25.381336168,-7.770892592,25.381336168,-7.770892592,0.000000000,1
8109.648617029,37,37,87,4.458876654,25.381336168,-7.770892592,25.381336168,-7.770892592,0.000000000,1
8110.659747362,37,37,86,4.364175306,25.381336168,-7.770892592,25.381336168,-7.770892592,0.000000000,1
8111.701387167,37,37,83,4.261150649,25.381336168,-7.770892592,25.381336168,-7.770892592,0.000000000,1
8112.742758512,37,37,80,4.066775738,25.381336168,-7.770892592,25.381336168,-7.770892592,0.000000000,1
8113.797322035,37,37,80,4.066775738,25.381336168,-7.770892592,25.381336168,-7.770892592,0.000000000,1
8114.849254131,37,37,78,3.972673765,25.381336168,-7.770892592,25.381336168,-7.770892592,0.000000000,1
8115.937025309,37,37,74,3.768359238,25.381336168,-7.770892592,25.381336168,-7.770892592,0.000000000,1
8116.897484779,37,37,71,3.642506813,25.381336168,-7.770892592,25.381336168,-7.770892592,0.000000000,1
8117.923421383,37,37,69,3.539811616,25.381336168,-7.770892592,25.381336168,-7.770892592,0.000000000,1
8118.983440876,37,37,67,3.433911444,25.381336168,-7.770892592,25.381336168,-7.770892592,0.000000000,1
8120.006521225,37,37,67,3.434176399,25.381336168,-7.770892592,25.381336168,-7.770892592,0.000000000,1
8121.033894300,37,37,63,3.236755016,25.381336168,-7.770892592,25.381336168,-7.770892592,0.000000000,1
8122.055249453,37,37,62,3.191324666,25.381336168,-7.770892592,25.381336168,-7.770892592,0.000000000,1
8123.066320181,37,37,60,3.075303474,25.381336168,-7.770892592,25.381336168,-7.770892592,0.000000000,1
8124.123042107,37,37,57,2.931852395,25.381336168,-7.770892592,25.381336168,-7.770892592,0.000000000,1
8125.139566183,37,37,55,2.835061257,25.381336168,-7.770892592,25.381336168,-7.770892592,0.000000000,1
8126.196448565,37,37,52,2.692507439,25.381336168,-7.770892592,25.381336168,-7.770892592,0.000000000,1
8127.226711988,37,37,50,2.595718237,25.381336168,-7.770892592,25.381336168,-7.770892592,0.000000000,1
8128.222052574,37,37,48,2.498356435,25.381336168,-7.770892592,25.381336168,-7.770892592,0.000000000,1
8129.265625477,37,37,46,2.386548805,25.381336168,-7.770892592,25.381336168,-7.770892592,0.000000000,1
8130.295799971,37,37,44,2.286436489,25.381336168,-7.770892592,25.381336168,-7.770892592,0.000000000,1
8131.326767206,37,37,42,2.180196319,25.381336168,-7.770892592,25.381336168,-7.770892592,0.000000000,1
8132.373373747,37,37,40,2.091740989,25.381336168,-7.770892592,25.381336168,-7.770892592,0.000000000,1
8133.439847946,37,37,37,1.945294779,25.381336168,-7.770892592,25.381336168,-7.770892592,0.000000000,1
8134.458513021,37,37,37,1.958288679,25.381336168,-7.770892592,25.381336168,-7.770892592,0.000000000,1
8135.487360716,37,37,34,1.799416696,25.381336168,-7.770892592,25.381336168,-7.770892592,0.000000000,1
8136.544833183,37,37,32,1.704607865,25.381336168,-7.770892592,25.381336168,-7.770892592,0.000000000,1
8137.564543009,37,37,30,1.597082436,25.381336168,-7.770892592,25.381336168,-7.770892592,0.000000000,1
8138.585544825,37,37,28,1.498703337,25.381336168,-7.770892592,25.381336168,-7.770892592,0.000000000,1
8139.618274450,37,37,26,1.400307084,25.381336168,-7.770892592,25.381336168,-7.770892592,0.000000000,1
8140.654739380,37,37,24,1.301725088,25.381336168,-7.770892592,25.381336168,-7.770892592,0.000000000,1
8141.688166618,37,37,24,1.301725088,25.381336168,-7.770892592,25.381336168,-7.770892592,0.000000000,1
8142.737678528,37,37,22,1.203143207,25.381336168,-7.770892592,25.381336168,-7.770892592,0.000000000,1
8143.742325783,37,37,20,1.113463732,25.381336168,-7.770892592,25.381336168,-7.770892592,0.000000000,1
8144.845680237,37,37,19,1.028373914,25.381336168,-7.770892592,25.381336168,-7.770892592,0.000000000,1
8145.925162792,37,37,19,1.028373914,25.381336168,-7.770892592,25.381336168,-7.770892592,0.000000000,1
8146.853764296,37,37,19,1.028373914,25.381336168,-7.770892592,25.381336168,-7.770892592,0.000000000,1
8147.886147261,37,37,17,0.931046249,25.381336168,-7.770892592,25.381336168,-7.770892592,0.000000000,1
8149.008284092,37,37,17,0.931046249,25.381336168,-7.770892592,25.381336168,-7.770892592,0.000000000,1
8149.954037666,37,37,15,0.828640028,25.381336168,-7.770892592,25.381336168,-7.770892592,0.000000000,1
8150.994359732,37,37,14,0.798715400,25.381336168,-7.770892592,25.381336168,-7.770892592,0.000000000,1
8152.011253119,37,37,14,0.798715400,25.381336168,-7.770892592,25.381336168,-7.770892592,0.000000000,1
8153.064037800,37,37,12,0.681556740,25.381336168,-7.770892592,25.381336168,-7.770892592,0.000000000,1
8154.085254908,37,37,12,0.692677654,25.381336168,-7.770892592,25.381336168,-7.770892592,0.000000000,1
8155.114712238,37,37,12,0.692677654,25.381336168,-7.770892592,25.381336168,-7.770892592,0.000000000,1
8156.143149853,37,37,10,0.593483533,25.381336168,-7.770892592,25.381336168,-7.770892592,0.000000000,1
8157.163660049,37,37,10,0.593483533,25.381336168,-7.770892592,25.381336168,-7.770892592,0.000000000,1
8158.188379765,37,37,9,0.543445951,25.381336168,-7.770892592,25.381336168,-7.770892592,0.000000000,1
8159.264842749,37,37,9,0.543445951,25.381336168,-7.770892592,25.381336168,-7.770892592,0.000000000,1
8160.294419765,37,37,9,0.543445951,25.381336168,-7.770892592,25.381336168,-7.770892592,0.000000000,1
8161.288664579,37,37,7,0.443859040,25.381336168,-7.770892592,25.381336168,-7.770892592,0.000000000,1
8162.326997042,37,37,7,0.443859040,25.381336168,-7.770892592,25.381336168,-7.770892592,0.000000000,1
8204.571596146,38,38,664,33.269532535,18.481336065,-10.370892630,18.481336065,-10.370892630,0.000000000,1
8205.566836119,38,38,664,33.269532535,18.481336065,-10.370892630,18.481336065,-10.370892630,0.000000000,1
8206.689236403,38,38,662,33.169318715,18.481336065,-10.370892630,18.481336065,-10.370892630,0.000000000,1
8207.675422430,38,38,661,33.113555452,18.481336065,-10.370892630,18.481336065,-10.370892630,0.000000000,1
8208.824554920,38,38,660,33.096518596,18.481336065,-10.370892630,18.481336065,-10.370892630,0.000000000,1
8209.784397125,38,38,659,33.020753468,18.481336065,-10.370892630,18.481336065,-10.370892630,0.000000000,1
8210.912034035,38,38,658,32.991927229,18.481336065,-10.370892630,18.481336065,-10.370892630,0.000000000,1
8211.883790493,38,38,658,32.973654252,18.481336065,-10.370892630,18.481336065,-10.370892630,0.000000000,1
8212.984785795,38,38,657,32.956016063,18.481336065,-10.370892630,18.481336065,-10.370892630,0.000000000,1
8214.155072451,38,38,657,32.956016063,18.481336065,-10.370892630,18.481336065,-10.370892630,0.000000000,1
8215.226765871,38,38,657,32.956016063,18.481336065,-10.370892630,18.481336065,-10.370892630,0.000000000,1
8216.080128431,38,38,657,32.956016063,18.481336065,-10.370892630,18.481336065,-10.370892630,0.000000000,1
8217.157723904,38,38,657,32.956016063,18.481336065,-10.370892630,18.481336065,-10.370892630,0.000000000,1
8218.246640682,38,38,657,32.956016063,18.481336065,-10.370892630,18.481336065,-10.370892630,0.000000000,1
8219.254796505,38,38,657,32.956016063,18.481336065,-10.370892630,18.481336065,-10.370892630,0.000000000,1
8220.239414930,38,38,657,32.956016063,18.481336065,-10.370892630,18.481336065,-10.370892630,0.000000000,1
8221.383611441,38,38,657,32.956016063,18.481336065,-10.370892630,18.481336065,-10.370892630,0.000000000,1
8222.384644985,38,38,655,32.861983671,18.481336065,-10.370892630,18.481336065,-10.370892630,0.000000000,1
8223.364344358,38,38,657,32.919974122,18.481336065,-10.370892630,18.481336065,-10.370892630,0.000000000,1
8224.498548985,38,38,654,32.797160600,18.481336065,-10.370892630,18.481336065,-10.370892630,0.000000000,1
8225.603609562,38,38,654,32.797160600,18.481336065,-10.370892630,18.481336065,-10.370892630,0.000000000,1
8226.549713612,38,38,652,32.691082802,18.481336065,-10.370892630,18.481336065,-10.370892630,0.000000000,1
8227.605525017,38,38,650,32.589187597,18.481336065,-10.370892630,18.481336065,-10.370892630,0.000000000,1
8228.696662903,38,38,650,32.589187597,18.481336065,-10.370892630,18.481336065,-10.370892630,0.000000000,1
8229.684175253,38,38,648,32.491016492,18.481336065,-10.370892630,18.481336065,-10.370892630,0.000000000,1
8230.824242592,38,38,648,32.493805135,18.481336065,-10.370892630,18.481336065,-10.370892630,0.000000000,1
8231.748982430,38,38,646,32.396972994,18.481336065,-10.370892630,18.481336065,-10.370892630,0.000000000,1
8232.866584778,38,38,643,32.254742162,18.481336065,-10.370892630,18.481336065,-10.370892630,0.000000000,1
8233.925760984,38,38,641,32.164408337,18.481336065,-10.370892630,18.481336065,-10.370892630,0.000000000,1
8235.153672695,38,38,641,32.164408337,18.481336065,-10.370892630,18.481336065,-10.370892630,0.000000000,1
8236.152129173,38,38,640,32.068692441,18.481336065,-10.370892630,18.481336065,-10.370892630,0.000000000,1
8237.214995623,38,38,637,31.971353529,18.481336065,-10.370892630,18.481336065,-10.370892630,0.000000000,1
8238.236063242,38,38,636,31.876306560,18.481336065,-10.370892630,18.481336065,-10.370892630,0.000000000,1
8239.318747282,38,38,633,31.760422895,18.481336065,-10.370892630,18.481336065,-10.370892630,0.000000000,1
8240.313493729,38,38,631,31.661309173,18.481336065,-10.370892630,18.481336065,-10.370892630,0.000000000,1
8241.426885843,38,38,629,31.559986287,18.481336065,-10.370892630,18.481336065,-10.370892630,0.000000000,1
8242.339797974,38,38,627,31.461310053,18.481336065,-10.370892630,18.481336065,-10.370892630,0.000000000,1
8243.457107306,38,38,625,31.359985829,18.481336065,-10.370892630,18.481336065,-10.370892630,0.000000000,1
8244.559440851,38,38,623,31.261313921,18.481336065,-10.370892630,18.481336065,-10.370892630,0.000000000,1
8245.501995325,38,38,621,31.159990480,18.481336065,-10.370892630,18.481336065,-10.370892630,0.000000000,1
8246.594877005,38,38,619,31.061315379,18.481336065,-10.370892630,18.481336065,-10.370892630,0.000000000,1
8247.685372829,38,38,617,30.959992266,18.481336065,-10.370892630,18.481336065,-10.370892630,0.000000000,1
8248.779802084,38,38,615,30.861317992,18.481336065,-10.370892630,18.481336065,-10.370892630,0.000000000,1
8249.793386698,38,38,613,30.759991487,18.481336065,-10.370892630,18.481336065,-10.370892630,0.000000000,1
8250.908291578,38,38,611,30.661319470,18.481336065,-10.370892630,18.481336065,-10.370892630,0.000000000,1
8252.096393585,38,38,609,30.559997609,18.481336065,-10.370892630,18.481336065,-10.370892630,0.000000000,1
8253.330941439,38,38,607,30.461323412,18.481336065,-10.370892630,18.481336065,-10.370892630,0.000000000,1
8253.982588530,38,38,605,30.359997846,18.481336065,-10.370892630,18.481336065,-10.370892630,0.000000000,1
8255.092682123,38,38,603,30.261331012,18.481336065,-10.370892630,18.481336065,-10.370892630,0.000000000,1
8256.180503368,38,38,601,30.160002229,18.481336065,-10.370892630,18.481336065,-10.370892630,0.000000000,1
8257.193863869,38,38,599,30.061328502,18.481336065,-10.370892630,18.481336065,-10.370892630,0.000000000,1
8258.237084627,38,38,597,29.960010624,18.481336065,-10.370892630,18.481336065,-10.370892630,0.000000000,1
8259.234729528,38,38,595,29.861341285,18.481336065,-10.370892630,18.481336065,-10.370892630,0.000000000,1
8260.297433138,38,38,595,29.861341285,18.481336065,-10.370892630,18.481336065,-10.370892630,0.000000000,1
8261.535853863,38,38,591,29.661347352,18.481336065,-10.370892630,18.481336065,-10.370892630,0.000000000,1
8262.427129984,38,38,589,29.560023314,18.481336065,-10.370892630,18.481336065,-10.370892630,0.000000000,1
8263.535604239,38,38,587,29.461354732,18.481336065,-10.370892630,18.481336065,-10.370892630,0.000000000,1
8264.510207176,38,38,585,29.360034527,18.481336065,-10.370892630,18.481336065,-10.370892630,0.000000000,1
8265.630293369,38,38,583,29.261367292,18.481336065,-10.370892630,18.481336065,-10.370892630,0.000000000,1
8266.597815514,38,38,581,29.160050779,18.481336065,-10.370892630,18.481336065,-10.370892630,0.000000000,1
8267.689389229,38,38,581,29.160050779,18.481336065,-10.370892630,18.481336065,-10.370892630,0.000000000,1
8268.770631075,38,38,577,28.960062819,18.481336065,-10.370892630,18.481336065,-10.370892630,0.000000000,1
8269.818811178,38,38,575,28.861396236,18.481336065,-10.370892630,18.481336065,-10.370892630,0.000000000,1
8270.861749887,38,38,573,28.760083503,18.481336065,-10.370892630,18.481336065,-10.370892630,0.000000000,1
8271.961044788,38,38,571,28.661419755,18.481336065,-10.370892630,18.481336065,-10.370892630,0.000000000,1
8272.918542624,38,38,569,28.560107962,18.481336065,-10.370892630,18.481336065,-10.370892630,0.000000000,1
8274.067520618,38,38,567,28.461446439,18.481336065,-10.370892630,18.481336065,-10.370892630,0.000000000,1
8275.060467243,38,38,565,28.360137438,18.481336065,-10.370892630,18.481336065,-10.370892630,0.000000000,1
8276.050539494,38,38,563,28.261477812,18.481336065,-10.370892630,18.481336065,-10.370892630,0.000000000,1
8277.169665337,38,38,561,28.160171780,18.481336065,-10.370892630,18.481336065,-10.370892630,0.000000000,1
8278.224620104,38,38,559,28.061517483,18.481336065,-10.370892630,18.481336065,-10.370892630,0.000000000,1
8279.395263910,38,38,557,27.960216223,18.481336065,-10.370892630,18.481336065,-10.370892630,0.000000000,1
8280.355062008,38,38,555,27.861565373,18.481336065,-10.370892630,18.481336065,-10.370892630,0.000000000,1
8281.300447702,38,38,551,27.661629056,18.481336065,-10.370892630,18.481336065,-10.370892630,0.000000000,1
8282.391397953,38,38,549,27.560340625,18.481336065,-10.370892630,18.481336065,-10.370892630,0.000000000,1
8283.556048632,38,38,547,27.461704359,18.481336065,-10.370892630,18.481336065,-10.370892630,0.000000000,1
8284.562622786,38,38,545,27.360428698,18.481336065,-10.370892630,18.481336065,-10.370892630,0.000000000,1
8285.672562838,38,38,543,27.261799660,18.481336065,-10.370892630,18.481336065,-10.370892630,0.000000000,1
8286.692516327,38,38,541,27.160534839,18.481336065,-10.370892630,18.481336065,-10.370892630,0.000000000,1
8287.810770512,38,38,539,27.061980662,18.481336065,-10.370892630,18.481336065,-10.370892630,0.000000000,1
8288.835695028,38,38,537,26.960671195,18.481336065,-10.370892630,18.481336065,-10.370892630,0.000000000,1
8289.876258850,38,38,536,26.862135450,18.481336065,-10.370892630,18.481336065,-10.370892630,0.000000000,1
8290.875797987,38,38,533,26.760841091,18.481336065,-10.370892630,18.481336065,-10.370892630,0.000000000,1
8292.014684916,38,38,529,26.560652978,18.481336065,-10.370892630,18.481336065,-10.370892630,0.000000000,1
8293.094252110,38,38,528,26.464173581,18.481336065,-10.370892630,18.481336065,-10.370892630,0.000000000,1
8294.053582191,38,38,525,26.361342253,18.481336065,-10.370892630,18.481336065,-10.370892630,0.000000000,1
8295.074295521,38,38,524,26.264497654,18.481336065,-10.370892630,18.481336065,-10.370892630,0.000000000,1
8296.148514986,38,38,521,26.161712154,18.481336065,-10.370892630,18.481336065,-10.370892630,0.000000000,1
8297.198568106,38,38,520,26.064829948,18.481336065,-10.370892630,18.481336065,-10.370892630,0.000000000,1
8298.212999105,38,38,518,25.962169736,18.481336065,-10.370892630,18.481336065,-10.370892630,0.000000000,1
8299.304124832,38,38,516,25.865407203,18.481336065,-10.370892630,18.481336065,-10.370892630,0.000000000,1
8300.419395685,38,38,514,25.762779397,18.481336065,-10.370892630,18.481336065,-10.370892630,0.000000000,1
8301.415766239,38,38,512,25.666202227,18.481336065,-10.370892630,18.481336065,-10.370892630,0.000000000,1
8302.442578793,38,38,509,25.550838375,18.481336065,-10.370892630,18.481336065,-10.370892630,0.000000000,1
8303.571002007,38,38,507,25.454490846,18.481336065,-10.370892630,18.481336065,-10.370892630,0.000000000,1
8304.542477131,38,38,505,25.351704882,18.481336065,-10.370892630,18.481336065,-10.370892630,0.000000000,1
8305.623567104,38,38,503,25.255543853,18.481336065,-10.370892630,18.481336065,-10.370892630,0.000000000,1
8306.644675016,38,38,501,25.153074316,18.481336065,-10.370892630,18.481336065,-10.370892630,0.000000000,1
8307.775517941,38,38,499,25.057340426,18.481336065,-10.370892630,18.481336065,-10.370892630,0.000000000,1
8308.958529234,38,38,497,24.955454735,18.481336065,-10.370892630,18.481336065,-10.370892630,0.000000000,1
8309.946248770,38,38,493,24.760143178,18.481336065,-10.370892630,18.481336065,-10.370892630,0.000000000,1
8310.910939455,38,38,492,24.667625353,18.481336065,-10.370892630,18.481336065,-10.370892630,0.000000000,1
8311.971079350,38,38,489,24.554135062,18.481336065,-10.370892630,18.481336065,-10.370892630,0.000000000,1
8313.117496252,38,38,488,24.465621603,18.481336065,-10.370892630,18.481336065,-10.370892630,0.000000000,1
8314.030411720,38,38,485,24.338386576,18.481336065,-10.370892630,18.481336065,-10.370892630,0.000000000,1
8315.179706812,38,38,483,24.231153641,18.481336065,-10.370892630,18.481336065,-10.370892630,0.000000000,1
8316.249680996,38,38,481,24.126331262,18.481336065,-10.370892630,18.481336065,-10.370892630,0.000000000,1
8317.319293737,38,38,481,24.126331262,18.481336065,-10.370892630,18.481336065,-10.370892630,0.000000000,1
8318.270128250,38,38,478,23.974186895,18.481336065,-10.370892630,18.481336065,-10.370892630,0.000000000,1
8319.485988617,38,38,476,23.886772478,18.481336065,-10.370892630,18.481336065,-10.370892630,0.000000000,1
8320.449876785,38,38,474,23.771503079,18.481336065,-10.370892630,18.481336065,-10.370892630,0.000000000,1
8321.527137280,38,38,470,23.613903754,18.481336065,-10.370892630,18.481336065,-10.370892630,0.000000000,1
8322.554767370,38,38,469,23.534789178,18.481336065,-10.370892630,18.481336065,-10.370892630,0.000000000,1
8323.509656429,38,38,466,23.418240819,18.481336065,-10.370892630,18.481336065,-10.370892630,0.000000000,1
8324.555473328,38,38,465,23.321099335,18.481336065,-10.370892630,18.481336065,-10.370892630,0.000000000,1
8325.627226830,38,38,462,23.198379963,18.481336065,-10.370892630,18.481336065,-10.370892630,0.000000000,1
8326.742003918,38,38,460,23.096019324,18.481336065,-10.370892630,18.481336065,-10.370892630,0.000000000,1
8327.759222746,38,38,459,23.019090798,18.481336065,-10.370892630,18.481336065,-10.370892630,0.000000000,1
8328.822494030,38,38,455,22.857493905,18.481336065,-10.370892630,18.481336065,-10.370892630,0.000000000,1
8330.072675467,38,38,454,22.791129014,18.481336065,-10.370892630,18.481336065,-10.370892630,0.000000000,1
8330.878536940,38,38,452,22.666169469,18.481336065,-10.370892630,18.481336065,-10.370892630,0.000000000,1
8331.981587410,38,38,450,22.567828212,18.481336065,-10.370892630,18.481336065,-10.370892630,0.000000000,1
8332.989349365,38,38,447,22.439223089,18.481336065,-10.370892630,18.481336065,-10.370892630,0.000000000,1
8334.177924871,38,38,445,22.344873576,18.481336065,-10.370892630,18.481336065,-10.370892630,0.000000000,1
8335.060531378,38,38,441,22.136346916,18.481336065,-10.370892630,18.481336065,-10.370892630,0.000000000,1
8336.162418604,38,38,439,22.034654046,18.481336065,-10.370892630,18.481336065,-10.370892630,0.000000000,1
8337.274160147,38,38,437,21.936346913,18.481336065,-10.370892630,18.481336065,-10.370892630,0.000000000,1
8338.277149677,38,38,435,21.834654080,18.481336065,-10.370892630,18.481336065,-10.370892630,0.000000000,1
8339.341486692,38,38,433,21.736346809,18.481336065,-10.370892630,18.481336065,-10.370892630,0.000000000,1
8340.411340475,38,38,431,21.634653994,18.481336065,-10.370892630,18.481336065,-10.370892630,0.000000000,1
8341.528704643,38,38,429,21.536346807,18.481336065,-10.370892630,18.481336065,-10.370892630,0.000000000,1
8342.569900990,38,38,427,21.434654077,18.481336065,-10.370892630,18.481336065,-10.370892630,0.000000000,1
8343.707344055,38,38,423,21.234654718,18.481336065,-10.370892630,18.481336065,-10.370892630,0.000000000,1
8344.863460779,38,38,421,21.136349236,18.481336065,-10.370892630,18.481336065,-10.370892630,0.000000000,1
8345.724169493,38,38,419,21.034654057,18.481336065,-10.370892630,18.481336065,-10.370892630,0.000000000,1
8346.763487816,38,38,417,20.936346990,18.481336065,-10.370892630,18.481336065,-10.370892630,0.000000000,1
8347.875311852,38,38,415,20.834654682,18.481336065,-10.370892630,18.481336065,-10.370892630,0.000000000,1
8348.914176226,38,38,413,20.736346908,18.481336065,-10.370892630,18.481336065,-10.370892630,0.000000000,1
8349.913510799,38,38,409,20.536349290,18.481336065,-10.370892630,18.481336065,-10.370892630,0.000000000,1
8350.961294651,38,38,407,20.434653605,18.481336065,-10.370892630,18.481336065,-10.370892630,0.000000000,1
8352.000021696,38,38,405,20.336346924,18.481336065,-10.370892630,18.481336065,-10.370892630,0.000000000,1
8353.097497225,38,38,403,20.234654639,18.481336065,-10.370892630,18.481336065,-10.370892630,0.000000000,1
8354.091854334,38,38,399,20.034654243,18.481336065,-10.370892630,18.481336065,-10.370892630,0.000000000,1
8355.128072500,38,38,397,19.936346961,18.481336065,-10.370892630,18.481336065,-10.370892630,0.000000000,1
8356.261865377,38,38,395,19.834654226,18.481336065,-10.370892630,18.481336065,-10.370892630,0.000000000,1
8357.296574831,38,38,393,19.736346785,18.481336065,-10.370892630,18.481336065,-10.370892630,0.000000000,1
8358.318626404,38,38,391,19.634654098,18.481336065,-10.370892630,18.481336065,-10.370892630,0.000000000,1
8359.363197327,38,38,387,19.434654068,18.481336065,-10.370892630,18.481336065,-10.370892630,0.000000000,1
8360.412129164,38,38,385,19.336349507,18.481336065,-10.370892630,18.481336065,-10.370892630,0.000000000,1
8361.451451063,38,38,383,19.234654059,18.481336065,-10.370892630,18.481336065,-10.370892630,0.000000000,1
8362.486750126,38,38,381,19.136349451,18.481336065,-10.370892630,18.481336065,-10.370892630,0.000000000,1
8363.588426828,38,38,379,19.034654041,18.481336065,-10.370892630,18.481336065,-10.370892630,0.000000000,1
8364.595919847,38,38,375,18.834654038,18.481336065,-10.370892630,18.481336065,-10.370892630,0.000000000,1
8365.734984398,38,38,373,18.736348808,18.481336065,-10.370892630,18.481336065,-10.370892630,0.000000000,1
8366.765523672,38,38,371,18.634654035,18.481336065,-10.370892630,18.481336065,-10.370892630,0.000000000,1
8367.743600845,38,38,369,18.536348982,18.481336065,-10.370892630,18.481336065,-10.370892630,0.000000000,1
8368.804622650,38,38,367,18.434653085,18.481336065,-10.370892630,18.481336065,-10.370892630,0.000000000,1
8369.971214533,38,38,363,18.234653077,18.481336065,-10.370892630,18.481336065,-10.370892630,0.000000000,1
8370.964587927,38,38,361,18.136346698,18.481336065,-10.370892630,18.481336065,-10.370892630,0.000000000,1
8371.955751419,38,38,359,18.034653081,18.481336065,-10.370892630,18.481336065,-10.370892630,0.000000000,1
8373.085303068,38,38,357,17.936346728,18.481336065,-10.370892630,18.481336065,-10.370892630,0.000000000,1
8374.145211935,38,38,355,17.834653262,18.481336065,-10.370892630,18.481336065,-10.370892630,0.000000000,1
8375.142047405,38,38,353,17.736346950,18.481336065,-10.370892630,18.481336065,-10.370892630,0.000000000,1
8376.266415119,38,38,349,17.536347744,18.481336065,-10.370892630,18.481336065,-10.370892630,0.000000000,1
8377.271405697,38,38,347,17.434654086,18.481336065,-10.370892630,18.481336065,-10.370892630,0.000000000,1
8378.326530457,38,38,345,17.336348349,18.481336065,-10.370892630,18.481336065,-10.370892630,0.000000000,1
8379.337697268,38,38,343,17.234654616,18.481336065,-10.370892630,18.481336065,-10.370892630,0.000000000,1
8380.374153137,38,38,341,17.136350195,18.481336065,-10.370892630,18.481336065,-10.370892630,0.000000000,1
8381.537025690,38,38,339,17.034654801,18.481336065,-10.370892630,18.481336065,-10.370892630,0.000000000,1
8382.569470167,38,38,335,16.834655560,18.481336065,-10.370892630,18.481336065,-10.370892630,0.000000000,1
8383.572458744,38,38,333,16.736349777,18.481336065,-10.370892630,18.481336065,-10.370892630,0.000000000,1
8384.586942673,38,38,329,16.536350467,18.481336065,-10.370892630,18.481336065,-10.370892630,0.000000000,1
8385.679988861,38,38,327,16.434656148,18.481336065,-10.370892630,18.481336065,-10.370892630,0.000000000,1
8386.745745897,38,38,325,16.336353468,18.481336065,-10.370892630,18.481336065,-10.370892630,0.000000000,1
8387.731328726,38,38,323,16.234658098,18.481336065,-10.370892630,18.481336065,-10.370892630,0.000000000,1
8388.821293116,38,38,321,16.136354689,18.481336065,-10.370892630,18.481336065,-10.370892630,0.000000000,1
8389.853397608,38,38,317,15.936356182,18.481336065,-10.370892630,18.481336065,-10.370892630,0.000000000,1
8391.095757484,38,38,315,15.834660558,18.481336065,-10.370892630,18.481336065,-10.370892630,0.000000000,1
8391.942072868,38,38,313,15.736355766,18.481336065,-10.370892630,18.481336065,-10.370892630,0.000000000,1
8393.049923897,38,38,311,15.634663351,18.481336065,-10.370892630,18.481336065,-10.370892630,0.000000000,1
8394.059731007,38,38,309,15.536359398,18.481336065,-10.370892630,18.481336065,-10.370892630,0.000000000,1
8395.223096371,38,38,307,15.434665902,18.481336065,-10.370892630,18.481336065,-10.370892630,0.000000000,1
8396.191627026,38,38,305,15.336360058,18.481336065,-10.370892630,18.481336065,-10.370892630,0.000000000,1
8397.207860231,38,38,301,15.136365642,18.481336065,-10.370892630,18.481336065,-10.370892630,0.000000000,1
8398.229794264,38,38,299,15.034671514,18.481336065,-10.370892630,18.481336065,-10.370892630,0.000000000,1
8399.292794943,38,38,297,14.936369067,18.481336065,-10.370892630,18.481336065,-10.370892630,0.000000000,1
8400.361748934,38,38,295,14.834676449,18.481336065,-10.370892630,18.481336065,-10.370892630,0.000000000,1
8401.374471188,38,38,293,14.736373371,18.481336065,-10.370892630,18.481336065,-10.370892630,0.000000000,1
8402.505574942,38,38,291,14.634681542,18.481336065,-10.370892630,18.481336065,-10.370892630,0.000000000,1
8403.593132019,38,38,289,14.536377009,18.481336065,-10.370892630,18.481336065,-10.370892630,0.000000000,1
8404.610260963,38,38,287,14.434688473,18.481336065,-10.370892630,18.481336065,-10.370892630,0.000000000,1
8405.684190750,38,38,285,14.336384546,18.481336065,-10.370892630,18.481336065,-10.370892630,0.000000000,1
8406.692015409,38,38,281,14.136394822,18.481336065,-10.370892630,18.481336065,-10.370892630,0.000000000,1
8407.700344086,38,38,279,14.034706216,18.481336065,-10.370892630,18.481336065,-10.370892630,0.000000000,1
8408.737066031,38,38,277,13.936404653,18.481336065,-10.370892630,18.481336065,-10.370892630,0.000000000,1
8409.751954794,38,38,275,13.834717281,18.481336065,-10.370892630,18.481336065,-10.370892630,0.000000000,1
8410.802795887,38,38,273,13.736418498,18.481336065,-10.370892630,18.481336065,-10.370892630,0.000000000,1
8411.911206961,38,38,271,13.634733456,18.481336065,-10.370892630,18.481336065,-10.370892630,0.000000000,1
8412.956130266,38,38,269,13.536433918,18.481336065,-10.370892630,18.481336065,-10.370892630,0.000000000,1
8413.972974777,38,38,267,13.434752863,18.481336065,-10.370892630,18.481336065,-10.370892630,0.000000000,1
8415.016251802,38,38,263,13.234777113,18.481336065,-10.370892630,18.481336065,-10.370892630,0.000000000,1
8416.069458961,38,38,261,13.136481684,18.481336065,-10.370892630,18.481336065,-10.370892630,0.000000000,1
8417.099628687,38,38,259,13.034804302,18.481336065,-10.370892630,18.481336065,-10.370892630,0.000000000,1
8418.147834778,38,38,257,12.936513444,18.481336065,-10.370892630,18.481336065,-10.370892630,0.000000000,1
8419.133521557,38,38,255,12.834840976,18.481336065,-10.370892630,18.481336065,-10.370892630,0.000000000,1
8420.242109060,38,38,253,12.736552213,18.481336065,-10.370892630,18.481336065,-10.370892630,0.000000000,1
8421.340221405,38,38,251,12.634882208,18.481336065,-10.370892630,18.481336065,-10.370892630,0.000000000,1
8422.349732161,38,38,247,12.434936312,18.481336065,-10.370892630,18.481336065,-10.370892630,0.000000000,1
8423.318609953,38,38,245,12.336662698,18.481336065,-10.370892630,18.481336065,-10.370892630,0.000000000,1
8424.367446423,38,38,243,12.235003069,18.481336065,-10.370892630,18.481336065,-10.370892630,0.000000000,1
8425.466020107,38,38,241,12.136739128,18.481336065,-10.370892630,18.481336065,-10.370892630,0.000000000,1
8426.423085451,38,38,239,12.035088057,18.481336065,-10.370892630,18.481336065,-10.370892630,0.000000000,1
8427.480371237,38,38,237,11.936833716,18.481336065,-10.370892630,18.481336065,-10.370892630,0.000000000,1
8428.473773718,38,38,233,11.736955339,18.481336065,-10.370892630,18.481336065,-10.370892630,0.000000000,1
8429.537575245,38,38,231,11.635887845,18.481336065,-10.370892630,18.481336065,-10.370892630,0.000000000,1
8430.623275995,38,38,229,11.537109555,18.481336065,-10.370892630,18.481336065,-10.370892630,0.000000000,1
8431.627645254,38,38,227,11.436061531,18.481336065,-10.370892630,18.481336065,-10.370892630,0.000000000,1
8432.648055315,38,38,225,11.337303766,18.481336065,-10.370892630,18.481336065,-10.370892630,0.000000000,1
8433.772887468,38,38,221,11.137529336,18.481336065,-10.370892630,18.481336065,-10.370892630,0.000000000,1
8434.755291700,38,38,219,11.035836521,18.481336065,-10.370892630,18.481336065,-10.370892630,0.000000000,1
8435.819756031,38,38,217,10.937872371,18.481336065,-10.370892630,18.481336065,-10.370892630,0.000000000,1
8436.834802866,38,38,215,10.836227992,18.481336065,-10.370892630,18.481336065,-10.370892630,0.000000000,1
8437.858533144,38,38,213,10.738335529,18.481336065,-10.370892630,18.481336065,-10.370892630,0.000000000,1
8438.949863195,38,38,211,10.636765132,18.481336065,-10.370892630,18.481336065,-10.370892630,0.000000000,1
8439.995961189,38,38,209,10.537970065,18.481336065,-10.370892630,18.481336065,-10.370892630,0.000000000,1
8440.983473301,38,38,207,10.437529841,18.481336065,-10.370892630,18.481336065,-10.370892630,0.000000000,1
8441.994603157,38,38,205,10.338912709,18.481336065,-10.370892630,18.481336065,-10.370892630,0.000000000,1
8443.049123287,38,38,203,10.239464184,18.481336065,-10.370892630,18.481336065,-10.370892630,0.000000000,1
8444.093838215,38,38,199,10.041317337,18.481336065,-10.370892630,18.481336065,-10.370892630,0.000000000,1
8445.139541864,38,38,197,9.942476982,18.481336065,-10.370892630,18.481336065,-10.370892630,0.000000000,1
8446.170655489,38,38,195,9.843895560,18.481336065,-10.370892630,18.481336065,-10.370892630,0.000000000,1
8447.272525549,38,38,193,9.747119981,18.481336065,-10.370892630,18.481336065,-10.370892630,0.000000000,1
8448.262068272,38,38,191,9.651283571,18.481336065,-10.370892630,18.481336065,-10.370892630,0.000000000,1
8449.266298294,38,38,189,9.517896535,18.481336065,-10.370892630,18.481336065,-10.370892630,0.000000000,1
8450.307379484,38,38,187,9.421670819,18.481336065,-10.370892630,18.481336065,-10.370892630,0.000000000,1
8451.365413904,38,38,184,9.281567419,18.481336065,-10.370892630,18.481336065,-10.370892630,0.000000000,1
8452.412161350,38,38,182,9.190693973,18.481336065,-10.370892630,18.481336065,-10.370892630,0.000000000,1
8453.450360298,38,38,179,9.053000113,18.481336065,-10.370892630,18.481336065,-10.370892630,0.000000000,1
8454.495737791,38,38,177,8.958450529,18.481336065,-10.370892630,18.481336065,-10.370892630,0.000000000,1
8455.523651123,38,38,175,8.830217506,18.481336065,-10.370892630,18.481336065,-10.370892630,0.000000000,1
8456.528511524,38,38,173,8.735730982,18.481336065,-10.370892630,18.481336065,-10.370892630,0.000000000,1
8457.547650576,38,38,171,8.639124064,18.481336065,-10.370892630,18.481336065,-10.370892630,0.000000000,1
8458.582454205,38,38,169,8.514233440,18.481336065,-10.370892630,18.481336065,-10.370892630,0.000000000,1
8459.678355932,38,38,167,8.414570325,18.481336065,-10.370892630,18.481336065,-10.370892630,0.000000000,1
8460.720965862,38,38,165,8.315199815,18.481336065,-10.370892630,18.481336065,-10.370892630,0.000000000,1
8461.732042789,38,38,163,8.215657565,18.481336065,-10.370892630,18.481336065,-10.370892630,0.000000000,1
8462.761547327,38,38,161,8.116382867,18.481336065,-10.370892630,18.481336065,-10.370892630,0.000000000,1
8463.803696871,38,38,157,7.917575348,18.481336065,-10.370892630,18.481336065,-10.370892630,0.000000000,1
8464.841264009,38,38,155,7.818272477,18.481336065,-10.370892630,18.481336065,-10.370892630,0.000000000,1
8465.896006346,38,38,153,7.719006957,18.481336065,-10.370892630,18.481336065,-10.370892630,0.000000000,1
8466.978609800,38,38,151,7.619771651,18.481336065,-10.370892630,18.481336065,-10.370892630,0.000000000,1
8468.000008106,38,38,149,7.520578446,18.481336065,-10.370892630,18.481336065,-10.370892630,0.000000000,1
8468.942132473,38,38,147,7.421420682,18.481336065,-10.370892630,18.481336065,-10.370892630,0.000000000,1
8469.955589056,38,38,143,7.223234829,18.481336065,-10.370892630,18.481336065,-10.370892630,0.000000000,1
8471.046103239,38,38,141,7.124212635,18.481336065,-10.370892630,18.481336065,-10.370892630,0.000000000,1
8472.026657343,38,38,139,7.025239661,18.481336065,-10.370892630,18.481336065,-10.370892630,0.000000000,1
8473.067277193,38,38,137,6.926327434,18.481336065,-10.370892630,18.481336065,-10.370892630,0.000000000,1
8474.101900578,38,38,135,6.827470912,18.481336065,-10.370892630,18.481336065,-10.370892630,0.000000000,1
8475.116989851,38,38,133,6.728681704,18.481336065,-10.370892630,18.481336065,-10.370892630,0.000000000,1
8476.141539812,38,38,131,6.629954163,18.481336065,-10.370892630,18.481336065,-10.370892630,0.000000000,1
8477.138880968,38,38,128,6.500561637,18.481336065,-10.370892630,18.481336065,-10.370892630,0.000000000,1
8478.196238995,38,38,126,6.402127420,18.481336065,-10.370892630,18.481336065,-10.370892630,0.000000000,1
8479.266975880,38,38,124,6.303531691,18.481336065,-10.370892630,18.481336065,-10.370892630,0.000000000,1
8480.221534729,38,38,122,6.205269945,18.481336065,-10.370892630,18.481336065,-10.370892630,0.000000000,1
8481.270417213,38,38,120,6.108208629,18.481336065,-10.370892630,18.481336065,-10.370892630,0.000000000,1
8482.320089579,38,38,118,6.008830001,18.481336065,-10.370892630,18.481336065,-10.370892630,0.000000000,1
8483.304263830,38,38,116,5.911833362,18.481336065,-10.370892630,18.481336065,-10.370892630,0.000000000,1
8484.372337341,38,38,113,5.716114320,18.481336065,-10.370892630,18.481336065,-10.370892630,0.000000000,1
8485.361030102,38,38,113,5.732304515,18.481336065,-10.370892630,18.481336065,-10.370892630,0.000000000,1
8486.422515631,38,38,109,5.537082710,18.481336065,-10.370892630,18.481336065,-10.370892630,0.000000000,1
8487.496033669,38,38,107,5.438963699,18.481336065,-10.370892630,18.481336065,-10.370892630,0.000000000,1
8488.476838827,38,38,99,5.384844146,18.481336065,-10.370892630,18.481336065,-10.370892630,0.000000000,1
8489.535882473,38,38,96,5.297839378,18.481336065,-10.370892630,18.481336065,-10.370892630,0.000000000,1
8490.525145054,38,38,94,5.193146463,18.481336065,-10.370892630,18.481336065,-10.370892630,0.000000000,1
8491.595488071,38,38,90,5.003091313,18.481336065,-10.370892630,18.481336065,-10.370892630,0.000000000,1
8492.645616293,38,38,92,5.057379121,18.481336065,-10.370892630,18.481336065,-10.370892630,0.000000000,1
8493.638799906,38,38,92,5.058343777,18.481336065,-10.370892630,18.481336065,-10.370892630,0.000000000,1
8494.699491501,38,38,91,5.063029220,18.481336065,-10.370892630,18.481336065,-10.370892630,0.000000000,1
8646.333335161,41,41,588,29.499226128,9.182598465,8.039244660,9.182598465,8.039244660,0.000000000,1
8647.278693676,41,41,588,29.499226128,9.182598465,8.039244660,9.182598465,8.039244660,0.000000000,1
8648.285749197,41,41,588,29.499226128,9.182598465,8.039244660,9.182598465,8.039244660,0.000000000,1
8649.378878117,41,41,586,29.366129501,9.182598465,8.039244660,9.182598465,8.039244660,0.000000000,1
8650.402151108,41,41,586,29.366129501,9.182598465,8.039244660,9.182598465,8.039244660,0.000000000,1
8651.540731430,41,41,584,29.299290871,9.182598465,8.039244660,9.182598465,8.039244660,0.000000000,1
8652.562244415,41,41,582,29.166210659,9.182598465,8.039244660,9.182598465,8.039244660,0.000000000,1
8653.511009693,41,41,580,29.099365049,9.182598465,8.039244660,9.182598465,8.039244660,0.000000000,1
8654.661178112,41,41,580,29.099365049,9.182598465,8.039244660,9.182598465,8.039244660,0.000000000,1
8655.685668707,41,41,578,28.966302635,9.182598465,8.039244660,9.182598465,8.039244660,0.000000000,1
8656.759757757,41,41,576,28.899449644,9.182598465,8.039244660,9.182598465,8.039244660,0.000000000,1
8657.743322372,41,41,574,28.766408811,9.182598465,8.039244660,9.182598465,8.039244660,0.000000000,1
8658.873665810,41,41,574,28.766408811,9.182598465,8.039244660,9.182598465,8.039244660,0.000000000,1
8660.015112400,41,41,572,28.699544394,9.182598465,8.039244660,9.182598465,8.039244660,0.000000000,1
8661.018839598,41,41,570,28.566531048,9.182598465,8.039244660,9.182598465,8.039244660,0.000000000,1
8662.126996279,41,41,570,28.566531048,9.182598465,8.039244660,9.182598465,8.039244660,0.000000000,1
8663.062741995,41,41,568,28.499651769,9.182598465,8.039244660,9.182598465,8.039244660,0.000000000,1
8664.091837645,41,41,566,28.366672086,9.182598465,8.039244660,9.182598465,8.039244660,0.000000000,1
8665.204590321,41,41,566,28.366672086,9.182598465,8.039244660,9.182598465,8.039244660,0.000000000,1
8666.258267879,41,41,564,28.299774338,9.182598465,8.039244660,9.182598465,8.039244660,0.000000000,1
8667.211190939,41,41,562,28.166834492,9.182598465,8.039244660,9.182598465,8.039244660,0.000000000,1
8668.310793638,41,41,560,28.099915326,9.182598465,8.039244660,9.182598465,8.039244660,0.000000000,1
8669.339991570,41,41,560,28.099915326,9.182598465,8.039244660,9.182598465,8.039244660,0.000000000,1
8670.391737461,41,41,558,27.967026247,9.182598465,8.039244660,9.182598465,8.039244660,0.000000000,1
8671.549529314,41,41,556,27.900077408,9.182598465,8.039244660,9.182598465,8.039244660,0.000000000,1
8672.580879211,41,41,554,27.767246386,9.182598465,8.039244660,9.182598465,8.039244660,0.000000000,1
8673.581089258,41,41,554,27.767246386,9.182598465,8.039244660,9.182598465,8.039244660,0.000000000,1
8674.697408199,41,41,552,27.700263560,9.182598465,8.039244660,9.182598465,8.039244660,0.000000000,1
8675.723510265,41,41,550,27.567507854,9.182598465,8.039244660,9.182598465,8.039244660,0.000000000,1
8676.801170349,41,41,548,27.500478027,9.182598465,8.039244660,9.182598465,8.039244660,0.000000000,1
8677.832628727,41,41,548,27.500478027,9.182598465,8.039244660,9.182598465,8.039244660,0.000000000,1
8678.838429451,41,41,546,27.367815770,9.182598465,8.039244660,9.182598465,8.039244660,0.000000000,1
8679.924676895,41,41,544,27.300729425,9.182598465,8.039244660,9.182598465,8.039244660,0.000000000,1
8680.970950603,41,41,544,27.300729425,9.182598465,8.039244660,9.182598465,8.039244660,0.000000000,1
8682.169822931,41,41,542,27.168181137,9.182598465,8.039244660,9.182598465,8.039244660,0.000000000,1
8683.122122765,41,41,540,27.101013104,9.182598465,8.039244660,9.182598465,8.039244660,0.000000000,1
8684.203814268,41,41,538,26.968618681,9.182598465,8.039244660,9.182598465,8.039244660,0.000000000,1
8685.236879587,41,41,538,26.968618681,9.182598465,8.039244660,9.182598465,8.039244660,0.000000000,1
8686.364049196,41,41,536,26.901295619,9.182598465,8.039244660,9.182598465,8.039244660,0.000000000,1
8687.339530468,41,41,534,26.769146620,9.182598465,8.039244660,9.182598465,8.039244660,0.000000000,1
8688.384064913,41,41,532,26.701691684,9.182598465,8.039244660,9.182598465,8.039244660,0.000000000,1
8689.495595694,41,41,532,26.701691684,9.182598465,8.039244660,9.182598465,8.039244660,0.000000000,1
8690.487759113,41,41,530,26.569793964,9.182598465,8.039244660,9.182598465,8.039244660,0.000000000,1
8691.631410599,41,41,528,26.502156979,9.182598465,8.039244660,9.182598465,8.039244660,0.000000000,1
8692.667338371,41,41,526,26.370575601,9.182598465,8.039244660,9.182598465,8.039244660,0.000000000,1
8693.775607347,41,41,524,26.302714366,9.182598465,8.039244660,9.182598465,8.039244660,0.000000000,1
8694.744701147,41,41,524,26.302714366,9.182598465,8.039244660,9.182598465,8.039244660,0.000000000,1
8695.781736851,41,41,522,26.171548829,9.182598465,8.039244660,9.182598465,8.039244660,0.000000000,1
8696.986049175,41,41,520,26.103413778,9.182598465,8.039244660,9.182598465,8.039244660,0.000000000,1
8697.996134043,41,41,518,25.972786709,9.182598465,8.039244660,9.182598465,8.039244660,0.000000000,1
8698.967880726,41,41,516,25.904451115,9.182598465,8.039244660,9.182598465,8.039244660,0.000000000,1
8700.123402357,41,41,516,25.904451115,9.182598465,8.039244660,9.182598465,8.039244660,0.000000000,1
8701.163265467,41,41,514,25.776309552,9.182598465,8.039244660,9.182598465,8.039244660,0.000000000,1
8702.209423304,41,41,512,25.709585795,9.182598465,8.039244660,9.182598465,8.039244660,0.000000000,1
8703.285861731,41,41,512,25.709585795,9.182598465,8.039244660,9.182598465,8.039244660,0.000000000,1
8704.279900312,41,41,510,25.589642181,9.182598465,8.039244660,9.182598465,8.039244660,0.000000000,1
8705.425488949,41,41,508,25.500327551,9.182598465,8.039244660,9.182598465,8.039244660,0.000000000,1
8706.308946848,41,41,508,25.500327551,9.182598465,8.039244660,9.182598465,8.039244660,0.000000000,1
8707.479182482,41,41,506,25.363779837,9.182598465,8.039244660,9.182598465,8.039244660,0.000000000,1
8708.464765549,41,41,504,25.295635425,9.182598465,8.039244660,9.182598465,8.039244660,0.000000000,1
8709.535732508,41,41,504,25.295635425,9.182598465,8.039244660,9.182598465,8.039244660,0.000000000,1
8710.587163925,41,41,502,25.162355194,9.182598465,8.039244660,9.182598465,8.039244660,0.000000000,1
8711.646383047,41,41,500,25.095633672,9.182598465,8.039244660,9.182598465,8.039244660,0.000000000,1
8712.757004499,41,41,498,24.962352605,9.182598465,8.039244660,9.182598465,8.039244660,0.000000000,1
8713.847985029,41,41,496,24.895634072,9.182598465,8.039244660,9.182598465,8.039244660,0.000000000,1
8714.915532589,41,41,494,24.762353355,9.182598465,8.039244660,9.182598465,8.039244660,0.000000000,1
8715.882059574,41,41,492,24.695635265,9.182598465,8.039244660,9.182598465,8.039244660,0.000000000,1
8716.947159052,41,41,490,24.562358578,9.182598465,8.039244660,9.182598465,8.039244660,0.000000000,1
8718.072567701,41,41,490,24.562358578,9.182598465,8.039244660,9.182598465,8.039244660,0.000000000,1
8719.105553627,41,41,488,24.495634494,9.182598465,8.039244660,9.182598465,8.039244660,0.000000000,1
8720.159703255,41,41,486,24.362358166,9.182598465,8.039244660,9.182598465,8.039244660,0.000000000,1
8721.218715191,41,41,486,24.362358166,9.182598465,8.039244660,9.182598465,8.039244660,0.000000000,1
8722.356300831,41,41,484,24.295634926,9.182598465,8.039244660,9.182598465,8.039244660,0.000000000,1
8723.435455084,41,41,482,24.162358706,9.182598465,8.039244660,9.182598465,8.039244660,0.000000000,1
8724.388406754,41,41,480,24.095636082,9.182598465,8.039244660,9.182598465,8.039244660,0.000000000,1
8725.462345362,41,41,480,24.095636082,9.182598465,8.039244660,9.182598465,8.039244660,0.000000000,1
8726.482652187,41,41,478,23.962358985,9.182598465,8.039244660,9.182598465,8.039244660,0.000000000,1
8727.629217148,41,41,476,23.895637375,9.182598465,8.039244660,9.182598465,8.039244660,0.000000000,1
8728.681307554,41,41,474,23.762359168,9.182598465,8.039244660,9.182598465,8.039244660,0.000000000,1
8729.683476448,41,41,472,23.695633626,9.182598465,8.039244660,9.182598465,8.039244660,0.000000000,1
8730.700824022,41,41,472,23.695633626,9.182598465,8.039244660,9.182598465,8.039244660,0.000000000,1
8731.702738285,41,41,470,23.562358501,9.182598465,8.039244660,9.182598465,8.039244660,0.000000000,1
8732.882733583,41,41,468,23.495635374,9.182598465,8.039244660,9.182598465,8.039244660,0.000000000,1
8733.930971622,41,41,466,23.362357864,9.182598465,8.039244660,9.182598465,8.039244660,0.000000000,1
8734.884628534,41,41,464,23.295628937,9.182598465,8.039244660,9.182598465,8.039244660,0.000000000,1
8735.918825626,41,41,464,23.295628937,9.182598465,8.039244660,9.182598465,8.039244660,0.000000000,1
8736.996753216,41,41,462,23.162358031,9.182598465,8.039244660,9.182598465,8.039244660,0.000000000,1
8737.999578476,41,41,460,23.095629939,9.182598465,8.039244660,9.182598465,8.039244660,0.000000000,1
8739.119654179,41,41,458,22.962364254,9.182598465,8.039244660,9.182598465,8.039244660,0.000000000,1
8740.128225565,41,41,456,22.895632229,9.182598465,8.039244660,9.182598465,8.039244660,0.000000000,1
8741.274528265,41,41,454,22.762361673,9.182598465,8.039244660,9.182598465,8.039244660,0.000000000,1
8742.269943476,41,41,452,22.695632890,9.182598465,8.039244660,9.182598465,8.039244660,0.000000000,1
8743.256185055,41,41,450,22.562362871,9.182598465,8.039244660,9.182598465,8.039244660,0.000000000,1
8744.352607250,41,41,450,22.562362871,9.182598465,8.039244660,9.182598465,8.039244660,0.000000000,1
8745.527219534,41,41,448,22.495630350,9.182598465,8.039244660,9.182598465,8.039244660,0.000000000,1
8746.519525766,41,41,446,22.362366579,9.182598465,8.039244660,9.182598465,8.039244660,0.000000000,1
8747.549650908,41,41,444,22.295630963,9.182598465,8.039244660,9.182598465,8.039244660,0.000000000,1
8748.600977659,41,41,444,22.295630963,9.182598465,8.039244660,9.182598465,8.039244660,0.000000000,1
8749.728625298,41,41,442,22.162363042,9.182598465,8.039244660,9.182598465,8.039244660,0.000000000,1
8750.830185890,41,41,440,22.095628415,9.182598465,8.039244660,9.182598465,8.039244660,0.000000000,1
8751.794340372,41,41,438,21.962363828,9.182598465,8.039244660,9.182598465,8.039244660,0.000000000,1
8752.837855339,41,41,436,21.895633050,9.182598465,8.039244660,9.182598465,8.039244660,0.000000000,1
8754.184414387,41,41,436,21.895633050,9.182598465,8.039244660,9.182598465,8.039244660,0.000000000,1
8755.063702345,41,41,434,21.762366473,9.182598465,8.039244660,9.182598465,8.039244660,0.000000000,1
8756.052951336,41,41,432,21.695628157,9.182598465,8.039244660,9.182598465,8.039244660,0.000000000,1
8757.058451176,41,41,430,21.562365660,9.182598465,8.039244660,9.182598465,8.039244660,0.000000000,1
8758.098179579,41,41,428,21.495629051,9.182598465,8.039244660,9.182598465,8.039244660,0.000000000,1
8759.108579636,41,41,426,21.362366844,9.182598465,8.039244660,9.182598465,8.039244660,0.000000000,1
8760.244017124,41,41,426,21.362366844,9.182598465,8.039244660,9.182598465,8.039244660,0.000000000,1
8761.299799919,41,41,424,21.295633808,9.182598465,8.039244660,9.182598465,8.039244660,0.000000000,1
8762.280496597,41,41,422,21.162368610,9.182598465,8.039244660,9.182598465,8.039244660,0.000000000,1
8763.378146172,41,41,420,21.095639356,9.182598465,8.039244660,9.182598465,8.039244660,0.000000000,1
8764.399360418,41,41,420,21.095639356,9.182598465,8.039244660,9.182598465,8.039244660,0.000000000,1
8765.384554386,41,41,418,20.962370634,9.182598465,8.039244660,9.182598465,8.039244660,0.000000000,1
8766.455476761,41,41,416,20.895641090,9.182598465,8.039244660,9.182598465,8.039244660,0.000000000,1
8767.472843170,41,41,414,20.762371531,9.182598465,8.039244660,9.182598465,8.039244660,0.000000000,1
8768.615801811,41,41,412,20.695640738,9.182598465,8.039244660,9.182598465,8.039244660,0.000000000,1
8769.648082495,41,41,410,20.562374605,9.182598465,8.039244660,9.182598465,8.039244660,0.000000000,1
8770.607714415,41,41,408,20.495641790,9.182598465,8.039244660,9.182598465,8.039244660,0.000000000,1
8771.719702482,41,41,408,20.495641790,9.182598465,8.039244660,9.182598465,8.039244660,0.000000000,1
8772.764659643,41,41,406,20.362376768,9.182598465,8.039244660,9.182598465,8.039244660,0.000000000,1
8773.688208342,41,41,404,20.295642347,9.182598465,8.039244660,9.182598465,8.039244660,0.000000000,1
8774.868875265,41,41,402,20.162379505,9.182598465,8.039244660,9.182598465,8.039244660,0.000000000,1
8775.922213316,41,41,402,20.162379505,9.182598465,8.039244660,9.182598465,8.039244660,0.000000000,1
8777.105799198,41,41,400,20.095651293,9.182598465,8.039244660,9.182598465,8.039244660,0.000000000,1
8777.995958090,41,41,398,19.962384241,9.182598465,8.039244660,9.182598465,8.039244660,0.000000000,1
8779.043902874,41,41,396,19.895654726,9.182598465,8.039244660,9.182598465,8.039244660,0.000000000,1
8780.085209370,41,41,394,19.762389986,9.182598465,8.039244660,9.182598465,8.039244660,0.000000000,1
8781.154544115,41,41,394,19.762389986,9.182598465,8.039244660,9.182598465,8.039244660,0.000000000,1
8782.154322386,41,41,392,19.695657938,9.182598465,8.039244660,9.182598465,8.039244660,0.000000000,1
8783.242764950,41,41,390,19.562392945,9.182598465,8.039244660,9.182598465,8.039244660,0.000000000,1
8784.286744118,41,41,388,19.495669148,9.182598465,8.039244660,9.182598465,8.039244660,0.000000000,1
8785.298739672,41,41,386,19.362395779,9.182598465,8.039244660,9.182598465,8.039244660,0.000000000,1
8786.425402880,41,41,386,19.362395779,9.182598465,8.039244660,9.182598465,8.039244660,0.000000000,1
8787.421533585,41,41,384,19.295666462,9.182598465,8.039244660,9.182598465,8.039244660,0.000000000,1
8788.548732281,41,41,382,19.162401857,9.182598465,8.039244660,9.182598465,8.039244660,0.000000000,1
8789.532403946,41,41,380,19.095675153,9.182598465,8.039244660,9.182598465,8.039244660,0.000000000,1
8790.500816107,41,41,378,18.962403508,9.182598465,8.039244660,9.182598465,8.039244660,0.000000000,1
8791.663322926,41,41,376,18.895683777,9.182598465,8.039244660,9.182598465,8.039244660,0.000000000,1
8792.655357122,41,41,376,18.895683777,9.182598465,8.039244660,9.182598465,8.039244660,0.000000000,1
8793.659316301,41,41,374,18.762412071,9.182598465,8.039244660,9.182598465,8.039244660,0.000000000,1
8794.709150314,41,41,372,18.695692263,9.182598465,8.039244660,9.182598465,8.039244660,0.000000000,1
8795.751687527,41,41,370,18.562417070,9.182598465,8.039244660,9.182598465,8.039244660,0.000000000,1
8796.897738695,41,41,368,18.495699570,9.182598465,8.039244660,9.182598465,8.039244660,0.000000000,1
8797.879985571,41,41,366,18.362424601,9.182598465,8.039244660,9.182598465,8.039244660,0.000000000,1
8798.936589718,41,41,366,18.362424601,9.182598465,8.039244660,9.182598465,8.039244660,0.000000000,1
8800.002224207,41,41,364,18.295710427,9.182598465,8.039244660,9.182598465,8.039244660,0.000000000,1
8800.987270832,41,41,362,18.162436155,9.182598465,8.039244660,9.182598465,8.039244660,0.000000000,1
8802.012789965,41,41,360,18.095717357,9.182598465,8.039244660,9.182598465,8.039244660,0.000000000,1
8803.063113689,41,41,360,18.095717357,9.182598465,8.039244660,9.182598465,8.039244660,0.000000000,1
8804.166260242,41,41,358,17.962443885,9.182598465,8.039244660,9.182598465,8.039244660,0.000000000,1
8805.175023317,41,41,356,17.895728199,9.182598465,8.039244660,9.182598465,8.039244660,0.000000000,1
8806.366996288,41,41,354,17.762447918,9.182598465,8.039244660,9.182598465,8.039244660,0.000000000,1
8807.355063677,41,41,352,17.695739731,9.182598465,8.039244660,9.182598465,8.039244660,0.000000000,1
8808.376655579,41,41,350,17.562461105,9.182598465,8.039244660,9.182598465,8.039244660,0.000000000,1
8809.397762299,41,41,350,17.562461105,9.182598465,8.039244660,9.182598465,8.039244660,0.000000000,1
8810.513820887,41,41,348,17.495815859,9.182598465,8.039244660,9.182598465,8.039244660,0.000000000,1
8811.549490452,41,41,346,17.362469839,9.182598465,8.039244660,9.182598465,8.039244660,0.000000000,1
8812.572836876,41,41,346,17.362469839,9.182598465,8.039244660,9.182598465,8.039244660,0.000000000,1
8813.584755182,41,41,344,17.295766577,9.182598465,8.039244660,9.182598465,8.039244660,0.000000000,1
8814.747692823,41,41,342,17.162483046,9.182598465,8.039244660,9.182598465,8.039244660,0.000000000,1
8815.759086132,41,41,340,17.095844175,9.182598465,8.039244660,9.182598465,8.039244660,0.000000000,1
8816.764657259,41,41,340,17.095844175,9.182598465,8.039244660,9.182598465,8.039244660,0.000000000,1
8818.011996746,41,41,338,16.962493558,9.182598465,8.039244660,9.182598465,8.039244660,0.000000000,1
8818.857873201,41,41,336,16.895795194,9.182598465,8.039244660,9.182598465,8.039244660,0.000000000,1
8820.095870018,41,41,334,16.762506679,9.182598465,8.039244660,9.182598465,8.039244660,0.000000000,1
8820.943059444,41,41,332,16.695876373,9.182598465,8.039244660,9.182598465,8.039244660,0.000000000,1
8822.026517391,41,41,330,16.562518175,9.182598465,8.039244660,9.182598465,8.039244660,0.000000000,1
8823.047561169,41,41,330,16.562518175,9.182598465,8.039244660,9.182598465,8.039244660,0.000000000,1
8824.176034212,41,41,328,16.495890728,9.182598465,8.039244660,9.182598465,8.039244660,0.000000000,1
8825.196841717,41,41,326,16.362530267,9.182598465,8.039244660,9.182598465,8.039244660,0.000000000,1
8826.168293953,41,41,324,16.295905537,9.182598465,8.039244660,9.182598465,8.039244660,0.000000000,1
8827.240824223,41,41,322,16.162541534,9.182598465,8.039244660,9.182598465,8.039244660,0.000000000,1
8828.317925453,41,41,322,16.162541534,9.182598465,8.039244660,9.182598465,8.039244660,0.000000000,1
8829.283568859,41,41,318,15.962551188,9.182598465,8.039244660,9.182598465,8.039244660,0.000000000,1
8830.413850546,41,41,318,15.962551188,9.182598465,8.039244660,9.182598465,8.039244660,0.000000000,1
8831.347737312,41,41,316,15.895937028,9.182598465,8.039244660,9.182598465,8.039244660,0.000000000,1
8832.404543877,41,41,314,15.762557692,9.182598465,8.039244660,9.182598465,8.039244660,0.000000000,1
8833.468362808,41,41,312,15.695952245,9.182598465,8.039244660,9.182598465,8.039244660,0.000000000,1
8834.497615099,41,41,312,15.695952245,9.182598465,8.039244660,9.182598465,8.039244660,0.000000000,1
8835.569255590,41,41,310,15.562563993,9.182598465,8.039244660,9.182598465,8.039244660,0.000000000,1
8836.591253042,41,41,308,15.495903103,9.182598465,8.039244660,9.182598465,8.039244660,0.000000000,1
8837.583109856,41,41,306,15.362564290,9.182598465,8.039244660,9.182598465,8.039244660,0.000000000,1
8838.680795670,41,41,304,15.295914410,9.182598465,8.039244660,9.182598465,8.039244660,0.000000000,1
8839.685639143,41,41,302,15.162561012,9.182598465,8.039244660,9.182598465,8.039244660,0.000000000,1
8840.794744492,41,41,302,15.162561012,9.182598465,8.039244660,9.182598465,8.039244660,0.000000000,1
8841.797201395,41,41,300,15.095921374,9.182598465,8.039244660,9.182598465,8.039244660,0.000000000,1
8842.894640207,41,41,298,14.962548545,9.182598465,8.039244660,9.182598465,8.039244660,0.000000000,1
8843.915735245,41,41,296,14.895925291,9.182598465,8.039244660,9.182598465,8.039244660,0.000000000,1
8844.917716265,41,41,294,14.762528444,9.182598465,8.039244660,9.182598465,8.039244660,0.000000000,1
8846.057041645,41,41,294,14.762528444,9.182598465,8.039244660,9.182598465,8.039244660,0.000000000,1
8847.153641224,41,41,292,14.695921201,9.182598465,8.039244660,9.182598465,8.039244660,0.000000000,1
8848.046821594,41,41,290,14.562496796,9.182598465,8.039244660,9.182598465,8.039244660,0.000000000,1
8849.218544245,41,41,288,14.495911537,9.182598465,8.039244660,9.182598465,8.039244660,0.000000000,1
8850.154396057,41,41,286,14.362446166,9.182598465,8.039244660,9.182598465,8.039244660,0.000000000,1
8851.210533857,41,41,286,14.362446166,9.182598465,8.039244660,9.182598465,8.039244660,0.000000000,1
8852.223595619,41,41,284,14.295891376,9.182598465,8.039244660,9.182598465,8.039244660,0.000000000,1
8853.229151249,41,41,282,14.162379100,9.182598465,8.039244660,9.182598465,8.039244660,0.000000000,1
8854.311085701,41,41,280,14.095856739,9.182598465,8.039244660,9.182598465,8.039244660,0.000000000,1
8855.313550711,41,41,280,14.095856739,9.182598465,8.039244660,9.182598465,8.039244660,0.000000000,1
8856.358423710,41,41,278,13.962291291,9.182598465,8.039244660,9.182598465,8.039244660,0.000000000,1
8857.455706120,41,41,276,13.895818062,9.182598465,8.039244660,9.182598465,8.039244660,0.000000000,1
8858.467008114,41,41,274,13.785150499,9.182598465,8.039244660,9.182598465,8.039244660,0.000000000,1
8859.460508347,41,41,274,13.785150499,9.182598465,8.039244660,9.182598465,8.039244660,0.000000000,1
8860.518766642,41,41,272,13.695757934,9.182598465,8.039244660,9.182598465,8.039244660,0.000000000,1
8861.593709707,41,41,270,13.585153692,9.182598465,8.039244660,9.182598465,8.039244660,0.000000000,1
8862.643429756,41,41,268,13.495683999,9.182598465,8.039244660,9.182598465,8.039244660,0.000000000,1
8863.706887484,41,41,266,13.385164785,9.182598465,8.039244660,9.182598465,8.039244660,0.000000000,1
8864.718356371,41,41,266,13.385164785,9.182598465,8.039244660,9.182598465,8.039244660,0.000000000,1
8865.799623489,41,41,264,13.296702566,9.182598465,8.039244660,9.182598465,8.039244660,0.000000000,1
8866.760126829,41,41,262,13.185215336,9.182598465,8.039244660,9.182598465,8.039244660,0.000000000,1
8867.885551929,41,41,260,13.096628232,9.182598465,8.039244660,9.182598465,8.039244660,0.000000000,1
8868.824295282,41,41,258,12.985387476,9.182598465,8.039244660,9.182598465,8.039244660,0.000000000,1
8869.937724113,41,41,258,12.985387476,9.182598465,8.039244660,9.182598465,8.039244660,0.000000000,1
8871.079463720,41,41,256,12.896739497,9.182598465,8.039244660,9.182598465,8.039244660,0.000000000,1
8872.077505350,41,41,254,12.806874272,9.182598465,8.039244660,9.182598465,8.039244660,0.000000000,1
8872.980661869,41,41,254,12.806874272,9.182598465,8.039244660,9.182598465,8.039244660,0.000000000,1
8874.070718527,41,41,252,12.708801042,9.182598465,8.039244660,9.182598465,8.039244660,0.000000000,1
8875.174898386,41,41,252,12.708801042,9.182598465,8.039244660,9.182598465,8.039244660,0.000000000,1
8876.089298725,41,41,252,12.708801042,9.182598465,8.039244660,9.182598465,8.039244660,0.000000000,1
8877.186285734,41,41,252,12.708801042,9.182598465,8.039244660,9.182598465,8.039244660,0.000000000,1
8878.196969271,41,41,252,12.708801042,9.182598465,8.039244660,9.182598465,8.039244660,0.000000000,1
8879.308400631,41,41,252,12.708801042,9.182598465,8.039244660,9.182598465,8.039244660,0.000000000,1
8880.222708225,41,41,252,12.708801042,9.182598465,8.039244660,9.182598465,8.039244660,0.000000000,1
8881.271080732,41,41,250,12.585086507,9.182598465,8.039244660,9.182598465,8.039244660,0.000000000,1
8882.374628782,41,41,250,12.585086507,9.182598465,8.039244660,9.182598465,8.039244660,0.000000000,1
8883.347527981,41,41,248,12.496035237,9.182598465,8.039244660,9.182598465,8.039244660,0.000000000,1
8884.418062925,41,41,247,12.451412953,9.182598465,8.039244660,9.182598465,8.039244660,0.000000000,1
8885.410972118,41,41,244,12.278942605,9.182598465,8.039244660,9.182598465,8.039244660,0.000000000,1
8886.493032455,41,41,238,11.999261534,9.182598465,8.039244660,9.182598465,8.039244660,0.000000000,1
8887.532669306,41,41,237,11.913889305,9.182598465,8.039244660,9.182598465,8.039244660,0.000000000,1
8888.637385130,41,41,236,11.877235202,9.182598465,8.039244660,9.182598465,8.039244660,0.000000000,1
8889.607243776,41,41,231,11.659408734,9.182598465,8.039244660,9.182598465,8.039244660,0.000000000,1
8890.653844118,41,41,231,11.637882251,9.182598465,8.039244660,9.182598465,8.039244660,0.000000000,1
8891.755499840,41,41,229,11.544003913,9.182598465,8.039244660,9.182598465,8.039244660,0.000000000,1
8892.746135473,41,41,226,11.408897128,9.182598465,8.039244660,9.182598465,8.039244660,0.000000000,1
8893.823683739,41,41,224,11.308024730,9.182598465,8.039244660,9.182598465,8.039244660,0.000000000,1
8894.796619415,41,41,222,11.208584225,9.182598465,8.039244660,9.182598465,8.039244660,0.000000000,1
8895.802604437,41,41,220,11.087093356,9.182598465,8.039244660,9.182598465,8.039244660,0.000000000,1
8896.982924938,41,41,218,10.988804355,9.182598465,8.039244660,9.182598465,8.039244660,0.000000000,1
8897.896763325,41,41,216,10.887016103,9.182598465,8.039244660,9.182598465,8.039244660,0.000000000,1
8898.948437214,41,41,211,10.650535077,9.182598465,8.039244660,9.182598465,8.039244660,0.000000000,1
8899.933930159,41,41,211,10.650535077,9.182598465,8.039244660,9.182598465,8.039244660,0.000000000,1
8900.986571789,41,41,209,10.549467481,9.182598465,8.039244660,9.182598465,8.039244660,0.000000000,1
8902.035372972,41,41,205,10.349515776,9.182598465,8.039244660,9.182598465,8.039244660,0.000000000,1
8903.019716501,41,41,203,10.243173501,9.182598465,8.039244660,9.182598465,8.039244660,0.000000000,1
8904.107112408,41,41,201,10.143135998,9.182598465,8.039244660,9.182598465,8.039244660,0.000000000,1
8905.168200731,41,41,199,10.043739012,9.182598465,8.039244660,9.182598465,8.039244660,0.000000000,1
8906.180735111,41,41,197,9.942935671,9.182598465,8.039244660,9.182598465,8.039244660,0.000000000,1
8907.233578444,41,41,195,9.843531465,9.182598465,8.039244660,9.182598465,8.039244660,0.000000000,1
8908.230454922,41,41,193,9.742733944,9.182598465,8.039244660,9.182598465,8.039244660,0.000000000,1
8909.271068096,41,41,191,9.643311557,9.182598465,8.039244660,9.182598465,8.039244660,0.000000000,1
8910.289282799,41,41,188,9.495500099,9.182598465,8.039244660,9.182598465,8.039244660,0.000000000,1
8911.322276592,41,41,186,9.399920529,9.182598465,8.039244660,9.182598465,8.039244660,0.000000000,1
8912.346862793,41,41,184,9.299038479,9.182598465,8.039244660,9.182598465,8.039244660,0.000000000,1
8913.355232477,41,41,182,9.198711893,9.182598465,8.039244660,9.182598465,8.039244660,0.000000000,1
8914.396543741,41,41,180,9.099356877,9.182598465,8.039244660,9.182598465,8.039244660,0.000000000,1
8915.437490463,41,41,178,9.002176702,9.182598465,8.039244660,9.182598465,8.039244660,0.000000000,1
8916.430166960,41,41,175,8.813003722,9.182598465,8.039244660,9.182598465,8.039244660,0.000000000,1
8917.474217176,41,41,173,8.718140429,9.182598465,8.039244660,9.182598465,8.039244660,0.000000000,1
8918.491447210,41,41,171,8.626580546,9.182598465,8.039244660,9.182598465,8.039244660,0.000000000,1
8919.559205532,41,41,169,8.532456363,9.182598465,8.039244660,9.182598465,8.039244660,0.000000000,1
8920.580844879,41,41,167,8.435650944,9.182598465,8.039244660,9.182598465,8.039244660,0.000000000,1
8921.641813755,41,41,165,8.333582568,9.182598465,8.039244660,9.182598465,8.039244660,0.000000000,1
8922.641860962,41,41,163,8.216789383,9.182598465,8.039244660,9.182598465,8.039244660,0.000000000,1
8923.790476322,41,41,161,8.119085736,9.182598465,8.039244660,9.182598465,8.039244660,0.000000000,1
8924.822131395,41,41,159,8.020557977,9.182598465,8.039244660,9.182598465,8.039244660,0.000000000,1
8925.771343470,41,41,157,7.924580948,9.182598465,8.039244660,9.182598465,8.039244660,0.000000000,1
8926.835797310,41,41,153,7.731482512,9.182598465,8.039244660,9.182598465,8.039244660,0.000000000,1
8927.901674986,41,41,150,7.610331897,9.182598465,8.039244660,9.182598465,8.039244660,0.000000000,1
8928.893728971,41,41,149,7.513441189,9.182598465,8.039244660,9.182598465,8.039244660,0.000000000,1
8930.236262083,41,41,147,7.414320891,9.182598465,8.039244660,9.182598465,8.039244660,0.000000000,1
8930.910707712,41,41,145,7.317647189,9.182598465,8.039244660,9.182598465,8.039244660,0.000000000,1
8931.944232702,41,41,143,7.220775904,9.182598465,8.039244660,9.182598465,8.039244660,0.000000000,1
8932.967473507,41,41,140,7.089506940,9.182598465,8.039244660,9.182598465,8.039244660,0.000000000,1
8933.980479717,41,41,138,6.987924683,9.182598465,8.039244660,9.182598465,8.039244660,0.000000000,1
8935.099522114,41,41,136,6.898317543,9.182598465,8.039244660,9.182598465,8.039244660,0.000000000,1
8936.051061392,41,41,134,6.797565719,9.182598465,8.039244660,9.182598465,8.039244660,0.000000000,1
8937.063929558,41,41,132,6.674695646,9.182598465,8.039244660,9.182598465,8.039244660,0.000000000,1
8938.165516138,41,41,130,6.576026793,9.182598465,8.039244660,9.182598465,8.039244660,0.000000000,1
8939.144952059,41,41,128,6.482813085,9.182598465,8.039244660,9.182598465,8.039244660,0.000000000,1
8940.167130947,41,41,126,6.384707144,9.182598465,8.039244660,9.182598465,8.039244660,0.000000000,1
8941.170901537,41,41,124,6.266045354,9.182598465,8.039244660,9.182598465,8.039244660,0.000000000,1
8942.193421125,41,41,122,6.165130436,9.182598465,8.039244660,9.182598465,8.039244660,0.000000000,1
8943.216963291,41,41,120,6.069493049,9.182598465,8.039244660,9.182598465,8.039244660,0.000000000,1
8944.300026417,41,41,118,5.971347050,9.182598465,8.039244660,9.182598465,8.039244660,0.000000000,1
8945.267782211,41,41,115,5.841046876,9.182598465,8.039244660,9.182598465,8.039244660,0.000000000,1
8946.319612265,41,41,113,5.746393734,9.182598465,8.039244660,9.182598465,8.039244660,0.000000000,1
8947.359517097,41,41,111,5.649406849,9.182598465,8.039244660,9.182598465,8.039244660,0.000000000,1
8948.331773520,41,41,109,5.559358587,9.182598465,8.039244660,9.182598465,8.039244660,0.000000000,1
8949.359755993,41,41,107,5.431905624,9.182598465,8.039244660,9.182598465,8.039244660,0.000000000,1
8950.417133570,41,41,105,5.339416508,9.182598465,8.039244660,9.182598465,8.039244660,0.000000000,1
8951.418084621,41,41,101,5.151099404,9.182598465,8.039244660,9.182598465,8.039244660,0.000000000,1
8952.412722588,41,41,101,5.151099404,9.182598465,8.039244660,9.182598465,8.039244660,0.000000000,1
8953.487811565,41,41,99,5.023597618,9.182598465,8.039244660,9.182598465,8.039244660,0.000000000,1
8954.521720171,41,41,97,4.927317051,9.182598465,8.039244660,9.182598465,8.039244660,0.000000000,1
8955.527225733,41,41,95,4.827903370,9.182598465,8.039244660,9.182598465,8.039244660,0.000000000,1
8956.592476130,41,41,92,4.707382911,9.182598465,8.039244660,9.182598465,8.039244660,0.000000000,1
8957.615809679,41,41,90,4.608320809,9.182598465,8.039244660,9.182598465,8.039244660,0.000000000,1
8958.598849297,41,41,89,4.529312929,9.182598465,8.039244660,9.182598465,8.039244660,0.000000000,1
8959.606674433,41,41,87,4.430540249,9.182598465,8.039244660,9.182598465,8.039244660,0.000000000,1
8960.648900986,41,41,84,4.302772700,9.182598465,8.039244660,9.182598465,8.039244660,0.000000000,1
8961.743946791,41,41,81,4.122928139,9.182598465,8.039244660,9.182598465,8.039244660,0.000000000,1
8962.739322424,41,41,78,3.975288574,9.182598465,8.039244660,9.182598465,8.039244660,0.000000000,1
8963.798310041,41,41,76,3.880949458,9.182598465,8.039244660,9.182598465,8.039244660,0.000000000,1
8964.849769115,41,41,76,3.884522934,9.182598465,8.039244660,9.182598465,8.039244660,0.000000000,1
8965.835273504,41,41,73,3.741772036,9.182598465,8.039244660,9.182598465,8.039244660,0.000000000,1
8966.952921152,41,41,71,3.635818011,9.182598465,8.039244660,9.182598465,8.039244660,0.000000000,1
8967.925371170,41,41,70,3.571360406,9.182598465,8.039244660,9.182598465,8.039244660,0.000000000,1
8968.918057442,41,41,67,3.454914729,9.182598465,8.039244660,9.182598465,8.039244660,0.000000000,1
8969.939441919,41,41,65,3.354784584,9.182598465,8.039244660,9.182598465,8.039244660,0.000000000,1
8970.977660894,41,41,63,3.255769128,9.182598465,8.039244660,9.182598465,8.039244660,0.000000000,1
8972.018191576,41,41,61,3.156096741,9.182598465,8.039244660,9.182598465,8.039244660,0.000000000,1
8973.015878677,41,41,61,3.138740374,9.182598465,8.039244660,9.182598465,8.039244660,0.000000000,1
8974.084887743,41,41,57,2.923003381,9.182598465,8.039244660,9.182598465,8.039244660,0.000000000,1
8975.085690260,41,41,55,2.859214750,9.182598465,8.039244660,9.182598465,8.039244660,0.000000000,1
8976.084744692,41,41,53,2.758750567,9.182598465,8.039244660,9.182598465,8.039244660,0.000000000,1
8977.119629860,41,41,52,2.676926500,9.182598465,8.039244660,9.182598465,8.039244660,0.000000000,1
8978.148120165,41,41,47,2.456780054,9.182598465,8.039244660,9.182598465,8.039244660,0.000000000,1
8979.135434151,41,41,46,2.372971445,9.182598465,8.039244660,9.182598465,8.039244660,0.000000000,1
8980.196485043,41,41,43,2.307517589,9.182598465,8.039244660,9.182598465,8.039244660,0.000000000,1
8981.214266539,41,41,42,2.195270937,9.182598465,8.039244660,9.182598465,8.039244660,0.000000000,1
8982.216564894,41,41,39,2.108087675,9.182598465,8.039244660,9.182598465,8.039244660,0.000000000,1
8983.264002323,41,41,37,2.008787768,9.182598465,8.039244660,9.182598465,8.039244660,0.000000000,1
8984.254651308,41,41,36,1.893906179,9.182598465,8.039244660,9.182598465,8.039244660,0.000000000,1
8985.282381058,41,41,31,1.710100731,9.182598465,8.039244660,9.182598465,8.039244660,0.000000000,1
8986.358225822,41,41,29,1.611282580,9.182598465,8.039244660,9.182598465,8.039244660,0.000000000,1
8987.339222193,41,41,27,1.512014232,9.182598465,8.039244660,9.182598465,8.039244660,0.000000000,1
8988.399036884,41,41,26,1.413725690,9.182598465,8.039244660,9.182598465,8.039244660,0.000000000,1
8989.416619062,41,41,24,1.301250546,9.182598465,8.039244660,9.182598465,8.039244660,0.000000000,1
8990.466094971,41,41,20,1.108524211,9.182598465,8.039244660,9.182598465,8.039244660,0.000000000,1
8991.462655306,41,41,18,0.975093296,9.182598465,8.039244660,9.182598465,8.039244660,0.000000000,1
8992.522579670,41,41,18,0.975093296,9.182598465,8.039244660,9.182598465,8.039244660,0.000000000,1
8993.551358461,41,41,16,0.878641997,9.182598465,8.039244660,9.182598465,8.039244660,0.000000000,1
8994.567470312,41,41,16,0.878641997,9.182598465,8.039244660,9.182598465,8.039244660,0.000000000,1
8995.609389544,41,41,13,0.739471530,9.182598465,8.039244660,9.182598465,8.039244660,0.000000000,1
8996.641731977,41,41,13,0.739471530,9.182598465,8.039244660,9.182598465,8.039244660,0.000000000,1
8997.681986570,41,41,12,0.666736311,9.182598465,8.039244660,9.182598465,8.039244660,0.000000000,1
8998.724128723,41,41,10,0.587277170,9.182598465,8.039244660,9.182598465,8.039244660,0.000000000,1
8999.792137861,41,41,10,0.587277170,9.182598465,8.039244660,9.182598465,8.039244660,0.000000000,1
9000.826363802,41,41,7,0.427816221,9.182598465,8.039244660,9.182598465,8.039244660,0.000000000,1
9052.865354538,42,42,144,7.271825246,11.182598495,7.739244656,11.182598495,7.739244656,0.000000000,1
9053.811268568,42,42,144,7.271825246,11.182598495,7.739244656,11.182598495,7.739244656,0.000000000,1
9054.866458416,42,42,144,7.271825246,11.182598495,7.739244656,11.182598495,7.739244656,0.000000000,1
9055.874285221,42,42,141,7.130507943,11.182598495,7.739244656,11.182598495,7.739244656,0.000000000,1
9056.919311762,42,42,141,7.133665555,11.182598495,7.739244656,11.182598495,7.739244656,0.000000000,1
9057.935182810,42,42,139,7.033187099,11.182598495,7.739244656,11.182598495,7.739244656,0.000000000,1
9058.968731642,42,42,135,6.860675321,11.182598495,7.739244656,11.182598495,7.739244656,0.000000000,1
9060.012170553,42,42,135,6.860675321,11.182598495,7.739244656,11.182598495,7.739244656,0.000000000,1
9061.035488844,42,42,135,6.860675321,11.182598495,7.739244656,11.182598495,7.739244656,0.000000000,1
9062.083709240,42,42,135,6.860675321,11.182598495,7.739244656,11.182598495,7.739244656,0.000000000,1
9063.118346453,42,42,135,6.860675321,11.182598495,7.739244656,11.182598495,7.739244656,0.000000000,1
9064.146390200,42,42,135,6.860675321,11.182598495,7.739244656,11.182598495,7.739244656,0.000000000,1
9065.183867455,42,42,135,6.860675321,11.182598495,7.739244656,11.182598495,7.739244656,0.000000000,1
9066.241118670,42,42,134,6.802287330,11.182598495,7.739244656,11.182598495,7.739244656,0.000000000,1
9067.270018816,42,42,134,6.773913079,11.182598495,7.739244656,11.182598495,7.739244656,0.000000000,1
9068.292254448,42,42,131,6.644396508,11.182598495,7.739244656,11.182598495,7.739244656,0.000000000,1
9069.338703156,42,42,130,6.573911814,11.182598495,7.739244656,11.182598495,7.739244656,0.000000000,1
9070.370149136,42,42,127,6.444386432,11.182598495,7.739244656,11.182598495,7.739244656,0.000000000,1
9071.401235104,42,42,123,6.265656829,11.182598495,7.739244656,11.182598495,7.739244656,0.000000000,1
9072.535726786,42,42,121,6.170357000,11.182598495,7.739244656,11.182598495,7.739244656,0.000000000,1
9073.489387989,42,42,119,6.065450108,11.182598495,7.739244656,11.182598495,7.739244656,0.000000000,1
9074.550314903,42,42,117,5.970127709,11.182598495,7.739244656,11.182598495,7.739244656,0.000000000,1
9075.537762403,42,42,113,5.769849665,11.182598495,7.739244656,11.182598495,7.739244656,0.000000000,1
9076.604074717,42,42,112,5.664064921,11.182598495,7.739244656,11.182598495,7.739244656,0.000000000,1
9077.605115652,42,42,110,5.563909105,11.182598495,7.739244656,11.182598495,7.739244656,0.000000000,1
9078.661278963,42,42,107,5.460628785,11.182598495,7.739244656,11.182598495,7.739244656,0.000000000,1
9079.657876015,42,42,105,5.361718583,11.182598495,7.739244656,11.182598495,7.739244656,0.000000000,1
9080.744366646,42,42,101,5.162113333,11.182598495,7.739244656,11.182598495,7.739244656,0.000000000,1
9081.780802011,42,42,99,5.055007030,11.182598495,7.739244656,11.182598495,7.739244656,0.000000000,1
9082.900944710,42,42,98,4.962714542,11.182598495,7.739244656,11.182598495,7.739244656,0.000000000,1
9083.895152569,42,42,95,4.855677438,11.182598495,7.739244656,11.182598495,7.739244656,0.000000000,1
9085.127566099,42,42,94,4.763479783,11.182598495,7.739244656,11.182598495,7.739244656,0.000000000,1
9085.911406040,42,42,92,4.665541068,11.182598495,7.739244656,11.182598495,7.739244656,0.000000000,1
9086.937958479,42,42,90,4.564905256,11.182598495,7.739244656,11.182598495,7.739244656,0.000000000,1
9087.956617832,42,42,86,4.366737814,11.182598495,7.739244656,11.182598495,7.739244656,0.000000000,1
9089.003549576,42,42,84,4.269431280,11.182598495,7.739244656,11.182598495,7.739244656,0.000000000,1
9089.998449087,42,42,81,4.161292045,11.182598495,7.739244656,11.182598495,7.739244656,0.000000000,1
9091.038270712,42,42,80,4.072589153,11.182598495,7.739244656,11.182598495,7.739244656,0.000000000,1
9092.057446480,42,42,77,3.945525609,11.182598495,7.739244656,11.182598495,7.739244656,0.000000000,1
9093.085457087,42,42,77,3.943015933,11.182598495,7.739244656,11.182598495,7.739244656,0.000000000,1
9094.091308594,42,42,75,3.861764813,11.182598495,7.739244656,11.182598495,7.739244656,0.000000000,1
9095.124629498,42,42,73,3.714578706,11.182598495,7.739244656,11.182598495,7.739244656,0.000000000,1
9096.160276413,42,42,69,3.560341430,11.182598495,7.739244656,11.182598495,7.739244656,0.000000000,1
9097.243118048,42,42,67,3.414060398,11.182598495,7.739244656,11.182598495,7.739244656,0.000000000,1
9098.256659746,42,42,64,3.266517507,11.182598495,7.739244656,11.182598495,7.739244656,0.000000000,1
9099.288174868,42,42,62,3.191630229,11.182598495,7.739244656,11.182598495,7.739244656,0.000000000,1
9100.321192503,42,42,60,3.072127072,11.182598495,7.739244656,11.182598495,7.739244656,0.000000000,1
9101.350086927,42,42,58,2.985576696,11.182598495,7.739244656,11.182598495,7.739244656,0.000000000,1
9102.384546995,42,42,56,2.874417757,11.182598495,7.739244656,11.182598495,7.739244656,0.000000000,1
9103.408815145,42,42,52,2.710473756,11.182598495,7.739244656,11.182598495,7.739244656,0.000000000,1
9104.447943449,42,42,50,2.588843896,11.182598495,7.739244656,11.182598495,7.739244656,0.000000000,1
9105.476718903,42,42,48,2.474674900,11.182598495,7.739244656,11.182598495,7.739244656,0.000000000,1
9106.536008120,42,42,45,2.358876895,11.182598495,7.739244656,11.182598495,7.739244656,0.000000000,1
9159.002892971,43,43,554,27.690689566,18.082598598,2.939244584,18.082598598,2.939244584,0.000000000,1
9159.993054390,43,43,551,27.566757146,18.082598598,2.939244584,18.082598598,2.939244584,0.000000000,1
9160.991957188,43,43,551,27.566757146,18.082598598,2.939244584,18.082598598,2.939244584,0.000000000,1
9162.093670607,43,43,549,27.428919849,18.082598598,2.939244584,18.082598598,2.939244584,0.000000000,1
9163.180881023,43,43,549,27.428919849,18.082598598,2.939244584,18.082598598,2.939244584,0.000000000,1
9164.145064831,43,43,547,27.358198331,18.082598598,2.939244584,18.082598598,2.939244584,0.000000000,1
9165.311494827,43,43,547,27.358198331,18.082598598,2.939244584,18.082598598,2.939244584,0.000000000,1
9166.369988680,43,43,547,27.358147151,18.082598598,2.939244584,18.082598598,2.939244584,0.000000000,1
9167.397899389,43,43,547,27.358147151,18.082598598,2.939244584,18.082598598,2.939244584,0.000000000,1
9168.422026396,43,43,547,27.358147151,18.082598598,2.939244584,18.082598598,2.939244584,0.000000000,1
9169.496979475,43,43,547,27.358147151,18.082598598,2.939244584,18.082598598,2.939244584,0.000000000,1
9170.633852720,43,43,547,27.356988878,18.082598598,2.939244584,18.082598598,2.939244584,0.000000000,1
9171.614477873,43,43,545,27.228936770,18.082598598,2.939244584,18.082598598,2.939244584,0.000000000,1
9172.570229292,43,43,543,27.157115486,18.082598598,2.939244584,18.082598598,2.939244584,0.000000000,1
9173.605663776,43,43,541,27.028955633,18.082598598,2.939244584,18.082598598,2.939244584,0.000000000,1
9174.795451403,43,43,539,26.947627595,18.082598598,2.939244584,18.082598598,2.939244584,0.000000000,1
9175.800732851,43,43,535,26.747628370,18.082598598,2.939244584,18.082598598,2.939244584,0.000000000,1
9176.814873457,43,43,534,26.671149187,18.082598598,2.939244584,18.082598598,2.939244584,0.000000000,1
9177.801084042,43,43,531,26.547627260,18.082598598,2.939244584,18.082598598,2.939244584,0.000000000,1
9178.929347277,43,43,530,26.471149155,18.082598598,2.939244584,18.082598598,2.939244584,0.000000000,1
9179.946933508,43,43,526,26.271154622,18.082598598,2.939244584,18.082598598,2.939244584,0.000000000,1
9181.010251760,43,43,523,26.147631978,18.082598598,2.939244584,18.082598598,2.939244584,0.000000000,1
9182.002858162,43,43,522,26.071155514,18.082598598,2.939244584,18.082598598,2.939244584,0.000000000,1
9183.100707531,43,43,519,25.947634816,18.082598598,2.939244584,18.082598598,2.939244584,0.000000000,1
9184.177472830,43,43,518,25.871158707,18.082598598,2.939244584,18.082598598,2.939244584,0.000000000,1
9185.188594580,43,43,514,25.671160944,18.082598598,2.939244584,18.082598598,2.939244584,0.000000000,1
9186.258594036,43,43,511,25.547642687,18.082598598,2.939244584,18.082598598,2.939244584,0.000000000,1
9187.250198126,43,43,510,25.471164861,18.082598598,2.939244584,18.082598598,2.939244584,0.000000000,1
9188.267504454,43,43,507,25.347647388,18.082598598,2.939244584,18.082598598,2.939244584,0.000000000,1
9189.412100554,43,43,506,25.271168598,18.082598598,2.939244584,18.082598598,2.939244584,0.000000000,1
9190.359488487,43,43,501,25.057878221,18.082598598,2.939244584,18.082598598,2.939244584,0.000000000,1
9191.481295824,43,43,499,24.947659493,18.082598598,2.939244584,18.082598598,2.939244584,0.000000000,1
9192.519269705,43,43,497,24.857884749,18.082598598,2.939244584,18.082598598,2.939244584,0.000000000,1
9193.461087942,43,43,495,24.747667713,18.082598598,2.939244584,18.082598598,2.939244584,0.000000000,1
9194.514415741,43,43,493,24.667391458,18.082598598,2.939244584,18.082598598,2.939244584,0.000000000,1
9195.596130371,43,43,491,24.547678029,18.082598598,2.939244584,18.082598598,2.939244584,0.000000000,1
9196.692193747,43,43,489,24.467402081,18.082598598,2.939244584,18.082598598,2.939244584,0.000000000,1
9197.753646135,43,43,485,24.269908905,18.082598598,2.939244584,18.082598598,2.939244584,0.000000000,1
9198.772309065,43,43,483,24.147705462,18.082598598,2.939244584,18.082598598,2.939244584,0.000000000,1
9199.884068012,43,43,481,24.069923006,18.082598598,2.939244584,18.082598598,2.939244584,0.000000000,1
9200.808042049,43,43,479,23.947723751,18.082598598,2.939244584,18.082598598,2.939244584,0.000000000,1
9201.887853861,43,43,475,23.747746308,18.082598598,2.939244584,18.082598598,2.939244584,0.000000000,1
9203.190769911,43,43,473,23.669970049,18.082598598,2.939244584,18.082598598,2.939244584,0.000000000,1
9204.058739901,43,43,471,23.539792565,18.082598598,2.939244584,18.082598598,2.939244584,0.000000000,1
9205.012797594,43,43,469,23.470001773,18.082598598,2.939244584,18.082598598,2.939244584,0.000000000,1
9205.981843710,43,43,467,23.339672143,18.082598598,2.939244584,18.082598598,2.939244584,0.000000000,1
9207.207387924,43,43,465,23.270041288,18.082598598,2.939244584,18.082598598,2.939244584,0.000000000,1
9208.077508211,43,43,461,23.070091844,18.082598598,2.939244584,18.082598598,2.939244584,0.000000000,1
9209.214740038,43,43,459,22.939771649,18.082598598,2.939244584,18.082598598,2.939244584,0.000000000,1
9210.218503237,43,43,458,22.871225235,18.082598598,2.939244584,18.082598598,2.939244584,0.000000000,1
9211.295151472,43,43,455,22.740457070,18.082598598,2.939244584,18.082598598,2.939244584,0.000000000,1
9212.355042934,43,43,451,22.536804148,18.082598598,2.939244584,18.082598598,2.939244584,0.000000000,1
9213.362737179,43,43,449,22.466840215,18.082598598,2.939244584,18.082598598,2.939244584,0.000000000,1
9214.347647190,43,43,447,22.337220614,18.082598598,2.939244584,18.082598598,2.939244584,0.000000000,1
9215.513365269,43,43,445,22.268259131,18.082598598,2.939244584,18.082598598,2.939244584,0.000000000,1
9216.472780228,43,43,443,22.137890734,18.082598598,2.939244584,18.082598598,2.939244584,0.000000000,1
9217.537652731,43,43,441,22.045433927,18.082598598,2.939244584,18.082598598,2.939244584,0.000000000,1
9218.516709805,43,43,437,21.848801506,18.082598598,2.939244584,18.082598598,2.939244584,0.000000000,1
9219.593288898,43,43,435,21.750123437,18.082598598,2.939244584,18.082598598,2.939244584,0.000000000,1
9220.618589878,43,43,433,21.624217419,18.082598598,2.939244584,18.082598598,2.939244584,0.000000000,1
9221.701459885,43,43,431,21.555658903,18.082598598,2.939244584,18.082598598,2.939244584,0.000000000,1
9222.737202644,43,43,429,21.427851418,18.082598598,2.939244584,18.082598598,2.939244584,0.000000000,1
9223.743259907,43,43,427,21.343805824,18.082598598,2.939244584,18.082598598,2.939244584,0.000000000,1
9224.870702028,43,43,423,21.155399545,18.082598598,2.939244584,18.082598598,2.939244584,0.000000000,1
9226.013275623,43,43,421,21.030878310,18.082598598,2.939244584,18.082598598,2.939244584,0.000000000,1
9226.883590221,43,43,419,20.938947019,18.082598598,2.939244584,18.082598598,2.939244584,0.000000000,1
9227.973933220,43,43,417,20.835054762,18.082598598,2.939244584,18.082598598,2.939244584,0.000000000,1
9229.066679001,43,43,415,20.748327004,18.082598598,2.939244584,18.082598598,2.939244584,0.000000000,1
9229.988005877,43,43,411,20.526081186,18.082598598,2.939244584,18.082598598,2.939244584,0.000000000,1
9231.051970482,43,43,409,20.450406943,18.082598598,2.939244584,18.082598598,2.939244584,0.000000000,1
9232.112712145,43,43,407,20.357394787,18.082598598,2.939244584,18.082598598,2.939244584,0.000000000,1
9233.157450676,43,43,405,20.249801773,18.082598598,2.939244584,18.082598598,2.939244584,0.000000000,1
9234.178369522,43,43,402,20.108198835,18.082598598,2.939244584,18.082598598,2.939244584,0.000000000,1
9235.246619701,43,43,400,20.014947495,18.082598598,2.939244584,18.082598598,2.939244584,0.000000000,1
9236.377609253,43,43,399,19.924553588,18.082598598,2.939244584,18.082598598,2.939244584,0.000000000,1
9237.266591787,43,43,396,19.775772806,18.082598598,2.939244584,18.082598598,2.939244584,0.000000000,1
9238.362785101,43,43,393,19.653767958,18.082598598,2.939244584,18.082598598,2.939244584,0.000000000,1
9239.333548307,43,43,392,19.582920311,18.082598598,2.939244584,18.082598598,2.939244584,0.000000000,1
9240.448167324,43,43,390,19.501901744,18.082598598,2.939244584,18.082598598,2.939244584,0.000000000,1
9241.450571537,43,43,387,19.360158796,18.082598598,2.939244584,18.082598598,2.939244584,0.000000000,1
9242.454410315,43,43,385,19.257922053,18.082598598,2.939244584,18.082598598,2.939244584,0.000000000,1
9243.549373150,43,43,381,19.070711634,18.082598598,2.939244584,18.082598598,2.939244584,0.000000000,1
9244.706181526,43,43,380,19.010659623,18.082598598,2.939244584,18.082598598,2.939244584,0.000000000,1
9245.788823843,43,43,377,18.865567539,18.082598598,2.939244584,18.082598598,2.939244584,0.000000000,1
9246.800131083,43,43,375,18.779970263,18.082598598,2.939244584,18.082598598,2.939244584,0.000000000,1
9247.773065090,43,43,372,18.610421453,18.082598598,2.939244584,18.082598598,2.939244584,0.000000000,1
9248.805943966,43,43,370,18.506046709,18.082598598,2.939244584,18.082598598,2.939244584,0.000000000,1
9249.995106220,43,43,368,18.394080843,18.082598598,2.939244584,18.082598598,2.939244584,0.000000000,1
9250.886465073,43,43,365,18.262882129,18.082598598,2.939244584,18.082598598,2.939244584,0.000000000,1
9251.991668940,43,43,363,18.140420801,18.082598598,2.939244584,18.082598598,2.939244584,0.000000000,1
9253.034147978,43,43,361,18.054757769,18.082598598,2.939244584,18.082598598,2.939244584,0.000000000,1
9254.055733681,43,43,359,17.937952604,18.082598598,2.939244584,18.082598598,2.939244584,0.000000000,1
9255.198747635,43,43,355,17.737447029,18.082598598,2.939244584,18.082598598,2.939244584,0.000000000,1
9256.139531851,43,43,353,17.651577588,18.082598598,2.939244584,18.082598598,2.939244584,0.000000000,1
9257.297662735,43,43,351,17.538438946,18.082598598,2.939244584,18.082598598,2.939244584,0.000000000,1
9258.292043209,43,43,349,17.452658219,18.082598598,2.939244584,18.082598598,2.939244584,0.000000000,1
9259.272890329,43,43,345,17.253895109,18.082598598,2.939244584,18.082598598,2.939244584,0.000000000,1
9260.316158056,43,43,343,17.140955675,18.082598598,2.939244584,18.082598598,2.939244584,0.000000000,1
9261.413900614,43,43,341,17.055464456,18.082598598,2.939244584,18.082598598,2.939244584,0.000000000,1
9262.380236387,43,43,339,16.942737253,18.082598598,2.939244584,18.082598598,2.939244584,0.000000000,1
9263.415493965,43,43,335,16.744837256,18.082598598,2.939244584,18.082598598,2.939244584,0.000000000,1
9264.471223116,43,43,333,16.659766297,18.082598598,2.939244584,18.082598598,2.939244584,0.000000000,1
9265.556175470,43,43,331,16.547482150,18.082598598,2.939244584,18.082598598,2.939244584,0.000000000,1
9266.626923084,43,43,329,16.462712565,18.082598598,2.939244584,18.082598598,2.939244584,0.000000000,1
9267.664148092,43,43,325,16.266797240,18.082598598,2.939244584,18.082598598,2.939244584,0.000000000,1
9268.689218283,43,43,323,16.156025571,18.082598598,2.939244584,18.082598598,2.939244584,0.000000000,1
9269.681662798,43,43,322,16.073131920,18.082598598,2.939244584,18.082598598,2.939244584,0.000000000,1
9270.784145594,43,43,318,15.881504277,18.082598598,2.939244584,18.082598598,2.939244584,0.000000000,1
9271.825314045,43,43,316,15.772290588,18.082598598,2.939244584,18.082598598,2.939244584,0.000000000,1
9272.950510025,43,43,314,15.689887239,18.082598598,2.939244584,18.082598598,2.939244584,0.000000000,1
9273.954411030,43,43,312,15.579652962,18.082598598,2.939244584,18.082598598,2.939244584,0.000000000,1
9275.011579514,43,43,308,15.384203252,18.082598598,2.939244584,18.082598598,2.939244584,0.000000000,1
9276.048179865,43,43,306,15.302433483,18.082598598,2.939244584,18.082598598,2.939244584,0.000000000,1
9277.110844612,43,43,304,15.193781416,18.082598598,2.939244584,18.082598598,2.939244584,0.000000000,1
9278.043025255,43,43,302,15.103304566,18.082598598,2.939244584,18.082598598,2.939244584,0.000000000,1
9279.149840593,43,43,298,14.895685824,18.082598598,2.939244584,18.082598598,2.939244584,0.000000000,1
9280.185528278,43,43,296,14.788524198,18.082598598,2.939244584,18.082598598,2.939244584,0.000000000,1
9281.246533871,43,43,294,14.697351697,18.082598598,2.939244584,18.082598598,2.939244584,0.000000000,1
9282.267814159,43,43,290,14.502422656,18.082598598,2.939244584,18.082598598,2.939244584,0.000000000,1
9283.320540428,43,43,288,14.398129962,18.082598598,2.939244584,18.082598598,2.939244584,0.000000000,1
9284.335242033,43,43,284,14.218824071,18.082598598,2.939244584,18.082598598,2.939244584,0.000000000,1
9285.448551655,43,43,283,14.130271648,18.082598598,2.939244584,18.082598598,2.939244584,0.000000000,1
9286.447873592,43,43,281,14.036664446,18.082598598,2.939244584,18.082598598,2.939244584,0.000000000,1
9287.478593826,43,43,279,13.936562363,18.082598598,2.939244584,18.082598598,2.939244584,0.000000000,1
9288.487704992,43,43,277,13.826995806,18.082598598,2.939244584,18.082598598,2.939244584,0.000000000,1
9289.549072266,43,43,275,13.744513742,18.082598598,2.939244584,18.082598598,2.939244584,0.000000000,1
9290.557528496,43,43,272,13.609265666,18.082598598,2.939244584,18.082598598,2.939244584,0.000000000,1
9291.631566525,43,43,268,13.416707902,18.082598598,2.939244584,18.082598598,2.939244584,0.000000000,1
9292.683794022,43,43,267,13.336908982,18.082598598,2.939244584,18.082598598,2.939244584,0.000000000,1
9293.692178488,43,43,265,13.225045733,18.082598598,2.939244584,18.082598598,2.939244584,0.000000000,1
9294.671572924,43,43,262,13.119746397,18.082598598,2.939244584,18.082598598,2.939244584,0.000000000,1
9295.729701281,43,43,259,12.926209202,18.082598598,2.939244584,18.082598598,2.939244584,0.000000000,1
9296.812656879,43,43,256,12.814446120,18.082598598,2.939244584,18.082598598,2.939244584,0.000000000,1
9297.844594955,43,43,254,12.709566713,18.082598598,2.939244584,18.082598598,2.939244584,0.000000000,1
9298.842752457,43,43,252,12.593214244,18.082598598,2.939244584,18.082598598,2.939244584,0.000000000,1
9299.862463951,43,43,250,12.514710068,18.082598598,2.939244584,18.082598598,2.939244584,0.000000000,1
9300.923886776,43,43,245,12.310164593,18.082598598,2.939244584,18.082598598,2.939244584,0.000000000,1
9302.159675837,43,43,242,12.177482955,18.082598598,2.939244584,18.082598598,2.939244584,0.000000000,1
9302.998328447,43,43,240,12.086504724,18.082598598,2.939244584,18.082598598,2.939244584,0.000000000,1
9304.021092415,43,43,238,11.992049564,18.082598598,2.939244584,18.082598598,2.939244584,0.000000000,1
9305.057134628,43,43,234,11.770090724,18.082598598,2.939244584,18.082598598,2.939244584,0.000000000,1
9306.165776253,43,43,232,11.687057996,18.082598598,2.939244584,18.082598598,2.939244584,0.000000000,1
9307.220053434,43,43,231,11.649506133,18.082598598,2.939244584,18.082598598,2.939244584,0.000000000,1
9308.190104485,43,43,229,11.541932222,18.082598598,2.939244584,18.082598598,2.939244584,0.000000000,1
9309.173437834,43,43,227,11.452704099,18.082598598,2.939244584,18.082598598,2.939244584,0.000000000,1
9310.222899199,43,43,226,11.360524869,18.082598598,2.939244584,18.082598598,2.939244584,0.000000000,1
9311.337334633,43,43,221,11.135627528,18.082598598,2.939244584,18.082598598,2.939244584,0.000000000,1
9312.327195406,43,43,219,11.053672424,18.082598598,2.939244584,18.082598598,2.939244584,0.000000000,1
9313.380453348,43,43,217,10.915124989,18.082598598,2.939244584,18.082598598,2.939244584,0.000000000,1
9314.415971756,43,43,215,10.825069263,18.082598598,2.939244584,18.082598598,2.939244584,0.000000000,1
9315.454943895,43,43,213,10.731632771,18.082598598,2.939244584,18.082598598,2.939244584,0.000000000,1
9316.470286608,43,43,210,10.602769627,18.082598598,2.939244584,18.082598598,2.939244584,0.000000000,1
9317.552670240,43,43,209,10.510689537,18.082598598,2.939244584,18.082598598,2.939244584,0.000000000,1
9318.540307045,43,43,204,10.274935535,18.082598598,2.939244584,18.082598598,2.939244584,0.000000000,1
9319.694669485,43,43,202,10.187027544,18.082598598,2.939244584,18.082598598,2.939244584,0.000000000,1
9320.566881657,43,43,199,10.049979199,18.082598598,2.939244584,18.082598598,2.939244584,0.000000000,1
9321.623280287,43,43,197,9.962341361,18.082598598,2.939244584,18.082598598,2.939244584,0.000000000,1
9322.736380339,43,43,195,9.829252646,18.082598598,2.939244584,18.082598598,2.939244584,0.000000000,1
9323.729154587,43,43,193,9.742761479,18.082598598,2.939244584,18.082598598,2.939244584,0.000000000,1
9324.802073240,43,43,192,9.703170591,18.082598598,2.939244584,18.082598598,2.939244584,0.000000000,1
9325.805244207,43,43,190,9.579574935,18.082598598,2.939244584,18.082598598,2.939244584,0.000000000,1
9326.824017048,43,43,189,9.508716923,18.082598598,2.939244584,18.082598598,2.939244584,0.000000000,1
9327.870482206,43,43,185,9.341242569,18.082598598,2.939244584,18.082598598,2.939244584,0.000000000,1
9328.864105463,43,43,183,9.257347466,18.082598598,2.939244584,18.082598598,2.939244584,0.000000000,1
9329.944189310,43,43,180,9.113960210,18.082598598,2.939244584,18.082598598,2.939244584,0.000000000,1
9330.993077040,43,43,178,9.016793178,18.082598598,2.939244584,18.082598598,2.939244584,0.000000000,1
9331.978794813,43,43,176,8.904335773,18.082598598,2.939244584,18.082598598,2.939244584,0.000000000,1
9333.013772726,43,43,174,8.779992734,18.082598598,2.939244584,18.082598598,2.939244584,0.000000000,1
9334.078845739,43,43,170,8.573794119,18.082598598,2.939244584,18.082598598,2.939244584,0.000000000,1
9335.079019308,43,43,168,8.486694729,18.082598598,2.939244584,18.082598598,2.939244584,0.000000000,1
9336.105526924,43,43,166,8.384788693,18.082598598,2.939244584,18.082598598,2.939244584,0.000000000,1
9337.119720936,43,43,164,8.274568472,18.082598598,2.939244584,18.082598598,2.939244584,0.000000000,1
9338.161167860,43,43,161,8.153615823,18.082598598,2.939244584,18.082598598,2.939244584,0.000000000,1
9339.284921646,43,43,159,8.045700235,18.082598598,2.939244584,18.082598598,2.939244584,0.000000000,1
9340.215364456,43,43,155,7.820755654,18.082598598,2.939244584,18.082598598,2.939244584,0.000000000,1
9341.239619732,43,43,153,7.719892205,18.082598598,2.939244584,18.082598598,2.939244584,0.000000000,1
9342.340083838,43,43,149,7.527624348,18.082598598,2.939244584,18.082598598,2.939244584,0.000000000,1
9343.296988010,43,43,147,7.428643242,18.082598598,2.939244584,18.082598598,2.939244584,0.000000000,1
9344.385936499,43,43,145,7.351209011,18.082598598,2.939244584,18.082598598,2.939244584,0.000000000,1
9345.379233837,43,43,145,7.351209011,18.082598598,2.939244584,18.082598598,2.939244584,0.000000000,1
9346.401499033,43,43,143,7.250273513,18.082598598,2.939244584,18.082598598,2.939244584,0.000000000,1
9347.478598595,43,43,141,7.146149547,18.082598598,2.939244584,18.082598598,2.939244584,0.000000000,1
9348.441455364,43,43,139,7.044659496,18.082598598,2.939244584,18.082598598,2.939244584,0.000000000,1
9349.446658850,43,43,139,7.044659496,18.082598598,2.939244584,18.082598598,2.939244584,0.000000000,1
9350.472392559,43,43,136,6.910362806,18.082598598,2.939244584,18.082598598,2.939244584,0.000000000,1
9351.498772621,43,43,135,6.822313952,18.082598598,2.939244584,18.082598598,2.939244584,0.000000000,1
9352.540564775,43,43,135,6.822313952,18.082598598,2.939244584,18.082598598,2.939244584,0.000000000,1
9353.598284721,43,43,131,6.630913872,18.082598598,2.939244584,18.082598598,2.939244584,0.000000000,1
9354.598270655,43,43,129,6.542539477,18.082598598,2.939244584,18.082598598,2.939244584,0.000000000,1
9355.615869045,43,43,128,6.493090897,18.082598598,2.939244584,18.082598598,2.939244584,0.000000000,1
9356.654553652,43,43,127,6.428503788,18.082598598,2.939244584,18.082598598,2.939244584,0.000000000,1
9357.678652525,43,43,125,6.353520389,18.082598598,2.939244584,18.082598598,2.939244584,0.000000000,1
9358.717021704,43,43,125,6.353520389,18.082598598,2.939244584,18.082598598,2.939244584,0.000000000,1
9359.730148792,43,43,122,6.183889190,18.082598598,2.939244584,18.082598598,2.939244584,0.000000000,1
9360.797461033,43,43,121,6.149095246,18.082598598,2.939244584,18.082598598,2.939244584,0.000000000,1
9361.772436380,43,43,118,5.982925459,18.082598598,2.939244584,18.082598598,2.939244584,0.000000000,1
9362.814795017,43,43,117,5.931920653,18.082598598,2.939244584,18.082598598,2.939244584,0.000000000,1
9363.836262703,43,43,114,5.783628290,18.082598598,2.939244584,18.082598598,2.939244584,0.000000000,1
9364.868073702,43,43,113,5.755700276,18.082598598,2.939244584,18.082598598,2.939244584,0.000000000,1
9365.939246655,43,43,110,5.591505930,18.082598598,2.939244584,18.082598598,2.939244584,0.000000000,1
9366.917099953,43,43,110,5.590708488,18.082598598,2.939244584,18.082598598,2.939244584,0.000000000,1
9367.974422455,43,43,106,5.393016135,18.082598598,2.939244584,18.082598598,2.939244584,0.000000000,1
9368.955313921,43,43,104,5.278308401,18.082598598,2.939244584,18.082598598,2.939244584,0.000000000,1
9369.968405008,43,43,101,5.133120248,18.082598598,2.939244584,18.082598598,2.939244584,0.000000000,1
9370.974086523,43,43,99,5.036154567,18.082598598,2.939244584,18.082598598,2.939244584,0.000000000,1
9371.995813131,43,43,97,4.934799133,18.082598598,2.939244584,18.082598598,2.939244584,0.000000000,1
9373.030164242,43,43,95,4.819343500,18.082598598,2.939244584,18.082598598,2.939244584,0.000000000,1
9374.088523149,43,43,93,4.720998548,18.082598598,2.939244584,18.082598598,2.939244584,0.000000000,1
9375.093593359,43,43,91,4.619406088,18.082598598,2.939244584,18.082598598,2.939244584,0.000000000,1
9376.142227411,43,43,89,4.521086416,18.082598598,2.939244584,18.082598598,2.939244584,0.000000000,1
9377.115767717,43,43,87,4.419487515,18.082598598,2.939244584,18.082598598,2.939244584,0.000000000,1
9378.138562679,43,43,85,4.321197060,18.082598598,2.939244584,18.082598598,2.939244584,0.000000000,1
9379.201730251,43,43,83,4.219593100,18.082598598,2.939244584,18.082598598,2.939244584,0.000000000,1
9380.203482151,43,43,81,4.121336308,18.082598598,2.939244584,18.082598598,2.939244584,0.000000000,1
9381.199465752,43,43,79,4.019720214,18.082598598,2.939244584,18.082598598,2.939244584,0.000000000,1
9382.234878540,43,43,77,3.921513012,18.082598598,2.939244584,18.082598598,2.939244584,0.000000000,1
9383.294767857,43,43,75,3.819612205,18.082598598,2.939244584,18.082598598,2.939244584,0.000000000,1
9384.281708717,43,43,71,3.620102333,18.082598598,2.939244584,18.082598598,2.939244584,0.000000000,1
9385.292492151,43,43,71,3.620102333,18.082598598,2.939244584,18.082598598,2.939244584,0.000000000,1
9386.327285051,43,43,69,3.519957765,18.082598598,2.939244584,18.082598598,2.939244584,0.000000000,1
9387.338016272,43,43,67,3.420389145,18.082598598,2.939244584,18.082598598,2.939244584,0.000000000,1
9388.375675201,43,43,63,3.220747972,18.082598598,2.939244584,18.082598598,2.939244584,0.000000000,1
9389.402731895,43,43,61,3.121035090,18.082598598,2.939244584,18.082598598,2.939244584,0.000000000,1
9390.420307159,43,43,61,3.121035090,18.082598598,2.939244584,18.082598598,2.939244584,0.000000000,1
9391.454687357,43,43,59,3.021268872,18.082598598,2.939244584,18.082598598,2.939244584,0.000000000,1
9392.487391472,43,43,57,2.921648248,18.082598598,2.939244584,18.082598598,2.939244584,0.000000000,1
9393.513381481,43,43,53,2.714592270,18.082598598,2.939244584,18.082598598,2.939244584,0.000000000,1
9394.544830322,43,43,51,2.618227585,18.082598598,2.939244584,18.082598598,2.939244584,0.000000000,1
9395.575439692,43,43,48,2.506808041,18.082598598,2.939244584,18.082598598,2.939244584,0.000000000,1
9396.622178078,43,43,46,2.407327659,18.082598598,2.939244584,18.082598598,2.939244584,0.000000000,1
9397.639329672,43,43,44,2.307892459,18.082598598,2.939244584,18.082598598,2.939244584,0.000000000,1
9398.665471077,43,43,43,2.209540205,18.082598598,2.939244584,18.082598598,2.939244584,0.000000000,1
9399.637869596,43,43,41,2.108432047,18.082598598,2.939244584,18.082598598,2.939244584,0.000000000,1
9400.688257694,43,43,39,2.014330175,18.082598598,2.939244584,18.082598598,2.939244584,0.000000000,1
9401.723821163,43,43,37,1.917442729,18.082598598,2.939244584,18.082598598,2.939244584,0.000000000,1
9402.760143280,43,43,35,1.813047826,18.082598598,2.939244584,18.082598598,2.939244584,0.000000000,1
9403.788437366,43,43,33,1.716026076,18.082598598,2.939244584,18.082598598,2.939244584,0.000000000,1
9404.785753012,43,43,30,1.592133423,18.082598598,2.939244584,18.082598598,2.939244584,0.000000000,1
9405.855221748,43,43,30,1.592133423,18.082598598,2.939244584,18.082598598,2.939244584,0.000000000,1
9406.842715025,43,43,28,1.483792529,18.082598598,2.939244584,18.082598598,2.939244584,0.000000000,1
9408.006771088,43,43,26,1.382997148,18.082598598,2.939244584,18.082598598,2.939244584,0.000000000,1
9408.884618521,43,43,23,1.237218210,18.082598598,2.939244584,18.082598598,2.939244584,0.000000000,1
9409.909355640,43,43,23,1.225154407,18.082598598,2.939244584,18.082598598,2.939244584,0.000000000,1
9410.947302341,43,43,21,1.127212099,18.082598598,2.939244584,18.082598598,2.939244584,0.000000000,1
9411.977468491,43,43,19,1.018602479,18.082598598,2.939244584,18.082598598,2.939244584,0.000000000,1
9412.989991426,43,43,19,1.018602479,18.082598598,2.939244584,18.082598598,2.939244584,0.000000000,1
9414.016516924,43,43,16,0.867064575,18.082598598,2.939244584,18.082598598,2.939244584,0.000000000,1
9415.042166233,43,43,16,0.867064575,18.082598598,2.939244584,18.082598598,2.939244584,0.000000000,1
9416.061568260,43,43,13,0.733418679,18.082598598,2.939244584,18.082598598,2.939244584,0.000000000,1
9417.061324835,43,43,11,0.635191352,18.082598598,2.939244584,18.082598598,2.939244584,0.000000000,1
9418.080146074,43,43,11,0.635191352,18.082598598,2.939244584,18.082598598,2.939244584,0.000000000,1
9419.119666100,43,43,11,0.635191352,18.082598598,2.939244584,18.082598598,2.939244584,0.000000000,1
9420.125488520,43,43,8,0.507958831,18.082598598,2.939244584,18.082598598,2.939244584,0.000000000,1
9421.166256666,43,43,8,0.507958831,18.082598598,2.939244584,18.082598598,2.939244584,0.000000000,1
9422.184608459,43,43,6,0.407958829,18.082598598,2.939244584,18.082598598,2.939244584,0.000000000,1
9468.463227510,44,44,658,33.343404835,18.082865483,-10.054958005,18.082865483,-10.054958005,0.000000000,1
9469.141474247,44,44,657,33.299433571,18.082865483,-10.054958005,18.082865483,-10.054958005,0.000000000,1
9470.152863503,44,44,657,33.299433571,18.082865483,-10.054958005,18.082865483,-10.054958005,0.000000000,1
9471.197495937,44,44,655,33.175794251,18.082865483,-10.054958005,18.082865483,-10.054958005,0.000000000,1
9472.291117668,44,44,654,33.151965088,18.082865483,-10.054958005,18.082865483,-10.054958005,0.000000000,1
9473.339720488,44,44,653,33.086449213,18.082865483,-10.054958005,18.082865483,-10.054958005,0.000000000,1
9474.487951279,44,44,653,33.086449213,18.082865483,-10.054958005,18.082865483,-10.054958005,0.000000000,1
9475.495113850,44,44,651,32.960414854,18.082865483,-10.054958005,18.082865483,-10.054958005,0.000000000,1
9476.510396004,44,44,648,32.840730980,18.082865483,-10.054958005,18.082865483,-10.054958005,0.000000000,1
9477.521034956,44,44,648,32.840730980,18.082865483,-10.054958005,18.082865483,-10.054958005,0.000000000,1
9478.613694191,44,44,645,32.688776757,18.082865483,-10.054958005,18.082865483,-10.054958005,0.000000000,1
9479.656377316,44,44,645,32.688776757,18.082865483,-10.054958005,18.082865483,-10.054958005,0.000000000,1
9480.713827610,44,44,642,32.534799437,18.082865483,-10.054958005,18.082865483,-10.054958005,0.000000000,1
9481.766009092,44,44,642,32.534799437,18.082865483,-10.054958005,18.082865483,-10.054958005,0.000000000,1
9482.955749750,44,44,638,32.351939033,18.082865483,-10.054958005,18.082865483,-10.054958005,0.000000000,1
9483.870145798,44,44,637,32.276975938,18.082865483,-10.054958005,18.082865483,-10.054958005,0.000000000,1
9485.131957769,44,44,637,32.276975938,18.082865483,-10.054958005,18.082865483,-10.054958005,0.000000000,1
9485.944524050,44,44,634,32.147404894,18.082865483,-10.054958005,18.082865483,-10.054958005,0.000000000,1
9486.976128817,44,44,634,32.147404894,18.082865483,-10.054958005,18.082865483,-10.054958005,0.000000000,1
9488.053791285,44,44,632,32.052582131,18.082865483,-10.054958005,18.082865483,-10.054958005,0.000000000,1
9489.127206564,44,44,630,31.949252718,18.082865483,-10.054958005,18.082865483,-10.054958005,0.000000000,1
9490.145693064,44,44,630,31.949252718,18.082865483,-10.054958005,18.082865483,-10.054958005,0.000000000,1
9491.159224272,44,44,628,31.816992913,18.082865483,-10.054958005,18.082865483,-10.054958005,0.000000000,1
9492.280427694,44,44,626,31.706716722,18.082865483,-10.054958005,18.082865483,-10.054958005,0.000000000,1
9493.331382513,44,44,626,31.706716722,18.082865483,-10.054958005,18.082865483,-10.054958005,0.000000000,1
9494.294382095,44,44,624,31.614113455,18.082865483,-10.054958005,18.082865483,-10.054958005,0.000000000,1
9495.546933413,44,44,622,31.526570558,18.082865483,-10.054958005,18.082865483,-10.054958005,0.000000000,1
9496.569865704,44,44,620,31.414225323,18.082865483,-10.054958005,18.082865483,-10.054958005,0.000000000,1
9497.586435318,44,44,620,31.414225323,18.082865483,-10.054958005,18.082865483,-10.054958005,0.000000000,1
9498.575434208,44,44,618,31.316242751,18.082865483,-10.054958005,18.082865483,-10.054958005,0.000000000,1
9499.611838341,44,44,616,31.225520188,18.082865483,-10.054958005,18.082865483,-10.054958005,0.000000000,1
9500.726647139,44,44,616,31.225520188,18.082865483,-10.054958005,18.082865483,-10.054958005,0.000000000,1
9501.784551144,44,44,614,31.128303055,18.082865483,-10.054958005,18.082865483,-10.054958005,0.000000000,1
9502.831784010,44,44,612,31.014223453,18.082865483,-10.054958005,18.082865483,-10.054958005,0.000000000,1
9504.043267488,44,44,610,30.933941035,18.082865483,-10.054958005,18.082865483,-10.054958005,0.000000000,1
9504.994304419,44,44,610,30.933941035,18.082865483,-10.054958005,18.082865483,-10.054958005,0.000000000,1
9506.063714743,44,44,608,30.847767901,18.082865483,-10.054958005,18.082865483,-10.054958005,0.000000000,1
9507.193495512,44,44,607,30.755584555,18.082865483,-10.054958005,18.082865483,-10.054958005,0.000000000,1
9508.145266294,44,44,607,30.755584555,18.082865483,-10.054958005,18.082865483,-10.054958005,0.000000000,1
9509.230869055,44,44,604,30.643878627,18.082865483,-10.054958005,18.082865483,-10.054958005,0.000000000,1
9510.275312901,44,44,602,30.533832461,18.082865483,-10.054958005,18.082865483,-10.054958005,0.000000000,1
9511.258228540,44,44,602,30.550342098,18.082865483,-10.054958005,18.082865483,-10.054958005,0.000000000,1
9512.458520174,44,44,600,30.422315077,18.082865483,-10.054958005,18.082865483,-10.054958005,0.000000000,1
9513.432704210,44,44,598,30.332570784,18.082865483,-10.054958005,18.082865483,-10.054958005,0.000000000,1
9514.506541967,44,44,597,30.273212810,18.082865483,-10.054958005,18.082865483,-10.054958005,0.000000000,1
9515.565469980,44,44,596,30.241418668,18.082865483,-10.054958005,18.082865483,-10.054958005,0.000000000,1
9516.536894321,44,44,594,30.133585637,18.082865483,-10.054958005,18.082865483,-10.054958005,0.000000000,1
9517.585152149,44,44,592,30.024783400,18.082865483,-10.054958005,18.082865483,-10.054958005,0.000000000,1
9518.666433573,44,44,590,29.950168255,18.082865483,-10.054958005,18.082865483,-10.054958005,0.000000000,1
9519.778384447,44,44,590,29.928834365,18.082865483,-10.054958005,18.082865483,-10.054958005,0.000000000,1
9520.676296711,44,44,589,29.879214904,18.082865483,-10.054958005,18.082865483,-10.054958005,0.000000000,1
9521.726954699,44,44,586,29.735703717,18.082865483,-10.054958005,18.082865483,-10.054958005,0.000000000,1
9522.796240568,44,44,586,29.751015373,18.082865483,-10.054958005,18.082865483,-10.054958005,0.000000000,1
9523.885977268,44,44,585,29.682697264,18.082865483,-10.054958005,18.082865483,-10.054958005,0.000000000,1
9524.927736044,44,44,582,29.551639433,18.082865483,-10.054958005,18.082865483,-10.054958005,0.000000000,1
9525.969585896,44,44,580,29.453731620,18.082865483,-10.054958005,18.082865483,-10.054958005,0.000000000,1
9527.022248983,44,44,580,29.453731620,18.082865483,-10.054958005,18.082865483,-10.054958005,0.000000000,1
9528.061394691,44,44,579,29.355613224,18.082865483,-10.054958005,18.082865483,-10.054958005,0.000000000,1
9529.127258778,44,44,576,29.221700623,18.082865483,-10.054958005,18.082865483,-10.054958005,0.000000000,1
9530.209749699,44,44,576,29.221700623,18.082865483,-10.054958005,18.082865483,-10.054958005,0.000000000,1
9531.184401512,44,44,575,29.160141408,18.082865483,-10.054958005,18.082865483,-10.054958005,0.000000000,1
9532.204112053,44,44,572,29.036509968,18.082865483,-10.054958005,18.082865483,-10.054958005,0.000000000,1
9533.245112181,44,44,572,29.036509968,18.082865483,-10.054958005,18.082865483,-10.054958005,0.000000000,1
9534.437733650,44,44,571,28.960170691,18.082865483,-10.054958005,18.082865483,-10.054958005,0.000000000,1
9535.403508425,44,44,568,28.834974970,18.082865483,-10.054958005,18.082865483,-10.054958005,0.000000000,1
9536.437212944,44,44,567,28.786801008,18.082865483,-10.054958005,18.082865483,-10.054958005,0.000000000,1
9537.539081335,44,44,566,28.735029880,18.082865483,-10.054958005,18.082865483,-10.054958005,0.000000000,1
9538.590957165,44,44,564,28.629671868,18.082865483,-10.054958005,18.082865483,-10.054958005,0.000000000,1
9539.642179012,44,44,562,28.540731646,18.082865483,-10.054958005,18.082865483,-10.054958005,0.000000000,1
9540.723427534,44,44,562,28.540731646,18.082865483,-10.054958005,18.082865483,-10.054958005,0.000000000,1
9541.828013182,44,44,559,28.410136581,18.082865483,-10.054958005,18.082865483,-10.054958005,0.000000000,1
9542.783829212,44,44,559,28.410136581,18.082865483,-10.054958005,18.082865483,-10.054958005,0.000000000,1
9543.929483652,44,44,557,28.306790223,18.082865483,-10.054958005,18.082865483,-10.054958005,0.000000000,1
9544.833676100,44,44,557,28.306790223,18.082865483,-10.054958005,18.082865483,-10.054958005,0.000000000,1
9545.957147360,44,44,554,28.146101651,18.082865483,-10.054958005,18.082865483,-10.054958005,0.000000000,1
9546.917058468,44,44,554,28.146101651,18.082865483,-10.054958005,18.082865483,-10.054958005,0.000000000,1
9547.955389738,44,44,551,28.019730143,18.082865483,-10.054958005,18.082865483,-10.054958005,0.000000000,1
9549.098517656,44,44,550,27.952135154,18.082865483,-10.054958005,18.082865483,-10.054958005,0.000000000,1
9550.092165947,44,44,549,27.885442578,18.082865483,-10.054958005,18.082865483,-10.054958005,0.000000000,1
9551.133657455,44,44,548,27.824971097,18.082865483,-10.054958005,18.082865483,-10.054958005,0.000000000,1
9552.194959879,44,44,546,27.736127258,18.082865483,-10.054958005,18.082865483,-10.054958005,0.000000000,1
9553.271457672,44,44,544,27.638955520,18.082865483,-10.054958005,18.082865483,-10.054958005,0.000000000,1
9554.357771158,44,44,542,27.565103628,18.082865483,-10.054958005,18.082865483,-10.054958005,0.000000000,1
9555.465829134,44,44,542,27.565103628,18.082865483,-10.054958005,18.082865483,-10.054958005,0.000000000,1
9556.412351131,44,44,540,27.466861455,18.082865483,-10.054958005,18.082865483,-10.054958005,0.000000000,1
9557.401018381,44,44,540,27.466861455,18.082865483,-10.054958005,18.082865483,-10.054958005,0.000000000,1
9558.496433973,44,44,539,27.394931734,18.082865483,-10.054958005,18.082865483,-10.054958005,0.000000000,1
9559.556840420,44,44,539,27.394931734,18.082865483,-10.054958005,18.082865483,-10.054958005,0.000000000,1
9560.623030186,44,44,539,27.394931734,18.082865483,-10.054958005,18.082865483,-10.054958005,0.000000000,1
9561.634009600,44,44,539,27.394931734,18.082865483,-10.054958005,18.082865483,-10.054958005,0.000000000,1
9562.759566307,44,44,539,27.394931734,18.082865483,-10.054958005,18.082865483,-10.054958005,0.000000000,1
9563.744797945,44,44,539,27.394931734,18.082865483,-10.054958005,18.082865483,-10.054958005,0.000000000,1
9564.798817396,44,44,539,27.394931734,18.082865483,-10.054958005,18.082865483,-10.054958005,0.000000000,1
9565.835139751,44,44,539,27.394931734,18.082865483,-10.054958005,18.082865483,-10.054958005,0.000000000,1
9566.863748789,44,44,537,27.276724662,18.082865483,-10.054958005,18.082865483,-10.054958005,0.000000000,1
9567.917104483,44,44,537,27.276724662,18.082865483,-10.054958005,18.082865483,-10.054958005,0.000000000,1
9568.995375395,44,44,538,27.347927054,18.082865483,-10.054958005,18.082865483,-10.054958005,0.000000000,1
9570.045809507,44,44,535,27.165632226,18.082865483,-10.054958005,18.082865483,-10.054958005,0.000000000,1
9571.099738598,44,44,535,27.165632226,18.082865483,-10.054958005,18.082865483,-10.054958005,0.000000000,1
9572.101726532,44,44,530,26.955778830,18.082865483,-10.054958005,18.082865483,-10.054958005,0.000000000,1
9573.161557913,44,44,528,26.866065914,18.082865483,-10.054958005,18.082865483,-10.054958005,0.000000000,1
9574.175659180,44,44,528,26.866065914,18.082865483,-10.054958005,18.082865483,-10.054958005,0.000000000,1
9575.336994886,44,44,526,26.732345712,18.082865483,-10.054958005,18.082865483,-10.054958005,0.000000000,1
9576.321731806,44,44,524,26.642280305,18.082865483,-10.054958005,18.082865483,-10.054958005,0.000000000,1
9577.319312811,44,44,522,26.535968973,18.082865483,-10.054958005,18.082865483,-10.054958005,0.000000000,1
9578.436770201,44,44,522,26.535968973,18.082865483,-10.054958005,18.082865483,-10.054958005,0.000000000,1
9579.507243633,44,44,520,26.448767223,18.082865483,-10.054958005,18.082865483,-10.054958005,0.000000000,1
9580.494732141,44,44,516,26.220565094,18.082865483,-10.054958005,18.082865483,-10.054958005,0.000000000,1
9581.494607687,44,44,516,26.242337379,18.082865483,-10.054958005,18.082865483,-10.054958005,0.000000000,1
9582.536009073,44,44,524,26.680713145,18.082865483,-10.054958005,18.082865483,-10.054958005,0.000000000,1
9583.719780207,44,44,523,26.642673633,18.082865483,-10.054958005,18.082865483,-10.054958005,0.000000000,1
9584.772885799,44,44,519,26.449158553,18.082865483,-10.054958005,18.082865483,-10.054958005,0.000000000,1
9585.909882069,44,44,518,26.369380396,18.082865483,-10.054958005,18.082865483,-10.054958005,0.000000000,1
9586.834052801,44,44,512,26.083103896,18.082865483,-10.054958005,18.082865483,-10.054958005,0.000000000,1
9587.889662504,44,44,510,25.977262509,18.082865483,-10.054958005,18.082865483,-10.054958005,0.000000000,1
9589.036251545,44,44,508,25.885762821,18.082865483,-10.054958005,18.082865483,-10.054958005,0.000000000,1
9590.021493196,44,44,506,25.777326216,18.082865483,-10.054958005,18.082865483,-10.054958005,0.000000000,1
9591.105622292,44,44,504,25.685811611,18.082865483,-10.054958005,18.082865483,-10.054958005,0.000000000,1
9592.148843050,44,44,502,25.577366075,18.082865483,-10.054958005,18.082865483,-10.054958005,0.000000000,1
9593.228985786,44,44,500,25.485854298,18.082865483,-10.054958005,18.082865483,-10.054958005,0.000000000,1
9594.302890539,44,44,496,25.285904687,18.082865483,-10.054958005,18.082865483,-10.054958005,0.000000000,1
9595.331505299,44,44,494,25.177468807,18.082865483,-10.054958005,18.082865483,-10.054958005,0.000000000,1
9596.382195950,44,44,492,25.086047700,18.082865483,-10.054958005,18.082865483,-10.054958005,0.000000000,1
9597.444551468,44,44,490,24.974831852,18.082865483,-10.054958005,18.082865483,-10.054958005,0.000000000,1
9598.482512236,44,44,488,24.886213056,18.082865483,-10.054958005,18.082865483,-10.054958005,0.000000000,1
9599.626805782,44,44,484,24.686297834,18.082865483,-10.054958005,18.082865483,-10.054958005,0.000000000,1
9600.569865942,44,44,482,24.589820571,18.082865483,-10.054958005,18.082865483,-10.054958005,0.000000000,1
9601.683977365,44,44,480,24.486397947,18.082865483,-10.054958005,18.082865483,-10.054958005,0.000000000,1
9602.663241386,44,44,478,24.389931683,18.082865483,-10.054958005,18.082865483,-10.054958005,0.000000000,1
9603.778006315,44,44,474,24.190063692,18.082865483,-10.054958005,18.082865483,-10.054958005,0.000000000,1
9604.769690037,44,44,472,24.087264365,18.082865483,-10.054958005,18.082865483,-10.054958005,0.000000000,1
9605.855704069,44,44,470,23.990223219,18.082865483,-10.054958005,18.082865483,-10.054958005,0.000000000,1
9606.955605507,44,44,468,23.887507946,18.082865483,-10.054958005,18.082865483,-10.054958005,0.000000000,1
9608.018199682,44,44,466,23.790412544,18.082865483,-10.054958005,18.082865483,-10.054958005,0.000000000,1
9608.956571102,44,44,462,23.590141555,18.082865483,-10.054958005,18.082865483,-10.054958005,0.000000000,1
9610.052341938,44,44,460,23.485333065,18.082865483,-10.054958005,18.082865483,-10.054958005,0.000000000,1
9611.112104416,44,44,458,23.376170419,18.082865483,-10.054958005,18.082865483,-10.054958005,0.000000000,1
9612.165303230,44,44,456,23.266655467,18.082865483,-10.054958005,18.082865483,-10.054958005,0.000000000,1
9613.219760895,44,44,454,23.177291622,18.082865483,-10.054958005,18.082865483,-10.054958005,0.000000000,1
9614.294550896,44,44,450,22.995412947,18.082865483,-10.054958005,18.082865483,-10.054958005,0.000000000,1
9615.438503504,44,44,448,22.898083026,18.082865483,-10.054958005,18.082865483,-10.054958005,0.000000000,1
9616.414022684,44,44,446,22.796876255,18.082865483,-10.054958005,18.082865483,-10.054958005,0.000000000,1
9617.467385530,44,44,444,22.693385764,18.082865483,-10.054958005,18.082865483,-10.054958005,0.000000000,1
9618.552195311,44,44,440,22.496054980,18.082865483,-10.054958005,18.082865483,-10.054958005,0.000000000,1
9619.624963522,44,44,438,22.372073926,18.082865483,-10.054958005,18.082865483,-10.054958005,0.000000000,1
9620.611265182,44,44,435,22.206034558,18.082865483,-10.054958005,18.082865483,-10.054958005,0.000000000,1
9621.647247076,44,44,432,22.091060994,18.082865483,-10.054958005,18.082865483,-10.054958005,0.000000000,1
9622.745029688,44,44,431,22.001759340,18.082865483,-10.054958005,18.082865483,-10.054958005,0.000000000,1
9623.722454786,44,44,428,21.898714448,18.082865483,-10.054958005,18.082865483,-10.054958005,0.000000000,1
9624.862180471,44,44,426,21.788235425,18.082865483,-10.054958005,18.082865483,-10.054958005,0.000000000,1
9625.870869637,44,44,424,21.666340089,18.082865483,-10.054958005,18.082865483,-10.054958005,0.000000000,1
9626.897469044,44,44,420,21.491136039,18.082865483,-10.054958005,18.082865483,-10.054958005,0.000000000,1
9628.031995058,44,44,419,21.401589587,18.082865483,-10.054958005,18.082865483,-10.054958005,0.000000000,1
9629.072084427,44,44,416,21.290707890,18.082865483,-10.054958005,18.082865483,-10.054958005,0.000000000,1
9630.117406607,44,44,415,21.204417159,18.082865483,-10.054958005,18.082865483,-10.054958005,0.000000000,1
9631.205103397,44,44,412,21.091281708,18.082865483,-10.054958005,18.082865483,-10.054958005,0.000000000,1
9632.177437544,44,44,408,20.891077641,18.082865483,-10.054958005,18.082865483,-10.054958005,0.000000000,1
9633.364442110,44,44,407,20.818773233,18.082865483,-10.054958005,18.082865483,-10.054958005,0.000000000,1
9634.318077564,44,44,405,20.712759117,18.082865483,-10.054958005,18.082865483,-10.054958005,0.000000000,1
9635.333208561,44,44,401,20.522583784,18.082865483,-10.054958005,18.082865483,-10.054958005,0.000000000,1
9636.495809317,44,44,398,20.385260739,18.082865483,-10.054958005,18.082865483,-10.054958005,0.000000000,1
9637.468455076,44,44,394,20.194149070,18.082865483,-10.054958005,18.082865483,-10.054958005,0.000000000,1
9638.481216669,44,44,391,20.038091811,18.082865483,-10.054958005,18.082865483,-10.054958005,0.000000000,1
9639.598514795,44,44,390,19.978383733,18.082865483,-10.054958005,18.082865483,-10.054958005,0.000000000,1
9640.624060154,44,44,387,19.819595129,18.082865483,-10.054958005,18.082865483,-10.054958005,0.000000000,1
9641.772804976,44,44,386,19.779987697,18.082865483,-10.054958005,18.082865483,-10.054958005,0.000000000,1
9642.790216208,44,44,382,19.578346141,18.082865483,-10.054958005,18.082865483,-10.054958005,0.000000000,1
9643.780416727,44,44,379,19.446600120,18.082865483,-10.054958005,18.082865483,-10.054958005,0.000000000,1
9644.898169518,44,44,377,19.350029422,18.082865483,-10.054958005,18.082865483,-10.054958005,0.000000000,1
9645.886758327,44,44,375,19.251140324,18.082865483,-10.054958005,18.082865483,-10.054958005,0.000000000,1
9646.996819019,44,44,373,19.134023286,18.082865483,-10.054958005,18.082865483,-10.054958005,0.000000000,1
9648.081971169,44,44,371,19.033927933,18.082865483,-10.054958005,18.082865483,-10.054958005,0.000000000,1
9649.174319029,44,44,369,18.934800993,18.082865483,-10.054958005,18.082865483,-10.054958005,0.000000000,1
9650.229137182,44,44,365,18.735740600,18.082865483,-10.054958005,18.082865483,-10.054958005,0.000000000,1
9651.250149488,44,44,363,18.635947816,18.082865483,-10.054958005,18.082865483,-10.054958005,0.000000000,1
9652.324682474,44,44,361,18.536781162,18.082865483,-10.054958005,18.082865483,-10.054958005,0.000000000,1
9653.418468237,44,44,359,18.437080288,18.082865483,-10.054958005,18.082865483,-10.054958005,0.000000000,1
9654.415680408,44,44,357,18.338050366,18.082865483,-10.054958005,18.082865483,-10.054958005,0.000000000,1
9655.445612192,44,44,353,18.139665160,18.082865483,-10.054958005,18.082865483,-10.054958005,0.000000000,1
9656.491072893,44,44,351,18.040294522,18.082865483,-10.054958005,18.082865483,-10.054958005,0.000000000,1
9657.559751272,44,44,347,17.842439307,18.082865483,-10.054958005,18.082865483,-10.054958005,0.000000000,1
9658.674901962,44,44,347,17.842439307,18.082865483,-10.054958005,18.082865483,-10.054958005,0.000000000,1
9659.607514143,44,44,343,17.645142310,18.082865483,-10.054958005,18.082865483,-10.054958005,0.000000000,1
9660.683386564,44,44,341,17.547005891,18.082865483,-10.054958005,18.082865483,-10.054958005,0.000000000,1
9661.811678171,44,44,339,17.448593221,18.082865483,-10.054958005,18.082865483,-10.054958005,0.000000000,1
9662.845235825,44,44,337,17.351181833,18.082865483,-10.054958005,18.082865483,-10.054958005,0.000000000,1
9663.807946444,44,44,334,17.157847890,18.082865483,-10.054958005,18.082865483,-10.054958005,0.000000000,1
9664.846807241,44,44,400,20.514857252,18.082865483,-10.054958005,18.082865483,-10.054958005,0.000000000,1
9666.111111879,44,44,400,20.514857252,18.082865483,-10.054958005,18.082865483,-10.054958005,0.000000000,1
9667.139675856,44,44,396,20.324588902,18.082865483,-10.054958005,18.082865483,-10.054958005,0.000000000,1
9668.033055544,44,44,392,20.132059564,18.082865483,-10.054958005,18.082865483,-10.054958005,0.000000000,1
9669.125299692,44,44,390,20.035641051,18.082865483,-10.054958005,18.082865483,-10.054958005,0.000000000,1
9670.126143217,44,44,388,19.936764398,18.082865483,-10.054958005,18.082865483,-10.054958005,0.000000000,1
9671.208793163,44,44,384,19.747751505,18.082865483,-10.054958005,18.082865483,-10.054958005,0.000000000,1
9672.314615965,44,44,382,19.641923121,18.082865483,-10.054958005,18.082865483,-10.054958005,0.000000000,1
9673.239654064,44,44,380,19.537831224,18.082865483,-10.054958005,18.082865483,-10.054958005,0.000000000,1
9674.373407125,44,44,378,19.436077688,18.082865483,-10.054958005,18.082865483,-10.054958005,0.000000000,1
9675.339536428,44,44,376,19.335739856,18.082865483,-10.054958005,18.082865483,-10.054958005,0.000000000,1
9676.441470146,44,44,372,19.140627671,18.082865483,-10.054958005,18.082865483,-10.054958005,0.000000000,1
9677.513357639,44,44,370,19.045125520,18.082865483,-10.054958005,18.082865483,-10.054958005,0.000000000,1
9678.530652285,44,44,366,18.815641659,18.082865483,-10.054958005,18.082865483,-10.054958005,0.000000000,1
9679.611974716,44,44,364,18.719640195,18.082865483,-10.054958005,18.082865483,-10.054958005,0.000000000,1
9680.580892324,44,44,362,18.623884595,18.082865483,-10.054958005,18.082865483,-10.054958005,0.000000000,1
9681.623803616,44,44,360,18.527620667,18.082865483,-10.054958005,18.082865483,-10.054958005,0.000000000,1
9682.747202158,44,44,356,18.334043083,18.082865483,-10.054958005,18.082865483,-10.054958005,0.000000000,1
9683.759027481,44,44,354,18.215165117,18.082865483,-10.054958005,18.082865483,-10.054958005,0.000000000,1
9684.859687805,44,44,352,18.118675846,18.082865483,-10.054958005,18.082865483,-10.054958005,0.000000000,1
9685.897708654,44,44,350,18.022011962,18.082865483,-10.054958005,18.082865483,-10.054958005,0.000000000,1
9686.910257816,44,44,348,17.924719389,18.082865483,-10.054958005,18.082865483,-10.054958005,0.000000000,1
9688.205187321,44,44,344,17.707323049,18.082865483,-10.054958005,18.082865483,-10.054958005,0.000000000,1
9688.976012230,44,44,342,17.609986881,18.082865483,-10.054958005,18.082865483,-10.054958005,0.000000000,1
9690.089492559,44,44,340,17.513880413,18.082865483,-10.054958005,18.082865483,-10.054958005,0.000000000,1
9691.154458761,44,44,337,17.394351762,18.082865483,-10.054958005,18.082865483,-10.054958005,0.000000000,1
9692.113845348,44,44,330,17.028460517,18.082865483,-10.054958005,18.082865483,-10.054958005,0.000000000,1
9693.201534748,44,44,327,16.832786181,18.082865483,-10.054958005,18.082865483,-10.054958005,0.000000000,1
9694.217075109,44,44,330,17.007116535,18.082865483,-10.054958005,18.082865483,-10.054958005,0.000000000,1
9695.292592049,44,44,322,16.615671415,18.082865483,-10.054958005,18.082865483,-10.054958005,0.000000000,1
9696.256049156,44,44,320,16.519765572,18.082865483,-10.054958005,18.082865483,-10.054958005,0.000000000,1
9697.380564928,44,44,318,16.426491689,18.082865483,-10.054958005,18.082865483,-10.054958005,0.000000000,1
9698.321950912,44,44,321,16.560927499,18.082865483,-10.054958005,18.082865483,-10.054958005,0.000000000,1
9699.441024303,44,44,312,16.106485705,18.082865483,-10.054958005,18.082865483,-10.054958005,0.000000000,1
9700.473308563,44,44,315,16.285103473,18.082865483,-10.054958005,18.082865483,-10.054958005,0.000000000,1
9701.469027519,44,44,313,16.154972770,18.082865483,-10.054958005,18.082865483,-10.054958005,0.000000000,1
9702.629905462,44,44,311,16.063327071,18.082865483,-10.054958005,18.082865483,-10.054958005,0.000000000,1
9703.569003582,44,44,309,15.972516003,18.082865483,-10.054958005,18.082865483,-10.054958005,0.000000000,1
9704.574965715,44,44,301,15.572384934,18.082865483,-10.054958005,18.082865483,-10.054958005,0.000000000,1
9705.625804186,44,44,298,15.390160235,18.082865483,-10.054958005,18.082865483,-10.054958005,0.000000000,1
9706.677138567,44,44,300,15.525448288,18.082865483,-10.054958005,18.082865483,-10.054958005,0.000000000,1
9707.703765631,44,44,298,15.434420381,18.082865483,-10.054958005,18.082865483,-10.054958005,0.000000000,1
9708.715322256,44,44,296,15.343664402,18.082865483,-10.054958005,18.082865483,-10.054958005,0.000000000,1
9709.785248280,44,44,294,15.210290314,18.082865483,-10.054958005,18.082865483,-10.054958005,0.000000000,1
9710.918000460,44,44,292,15.119496557,18.082865483,-10.054958005,18.082865483,-10.054958005,0.000000000,1
9711.920981169,44,44,290,15.031091635,18.082865483,-10.054958005,18.082865483,-10.054958005,0.000000000,1
9712.966709614,44,44,287,14.895701464,18.082865483,-10.054958005,18.082865483,-10.054958005,0.000000000,1
9713.993280411,44,44,279,14.438792437,18.082865483,-10.054958005,18.082865483,-10.054958005,0.000000000,1
9714.991862774,44,44,285,14.782967113,18.082865483,-10.054958005,18.082865483,-10.054958005,0.000000000,1
9716.039671183,44,44,273,14.195817008,18.082865483,-10.054958005,18.082865483,-10.054958005,0.000000000,1
9717.151879549,44,44,276,14.289533872,18.082865483,-10.054958005,18.082865483,-10.054958005,0.000000000,1
9718.121273518,44,44,271,14.051817597,18.082865483,-10.054958005,18.082865483,-10.054958005,0.000000000,1
9719.140732050,44,44,269,13.963148593,18.082865483,-10.054958005,18.082865483,-10.054958005,0.000000000,1
9720.198818445,44,44,264,13.721463328,18.082865483,-10.054958005,18.082865483,-10.054958005,0.000000000,1
9721.199975729,44,44,262,13.645338612,18.082865483,-10.054958005,18.082865483,-10.054958005,0.000000000,1
9722.253695250,44,44,258,13.423630204,18.082865483,-10.054958005,18.082865483,-10.054958005,0.000000000,1
9723.306870699,44,44,256,13.285293309,18.082865483,-10.054958005,18.082865483,-10.054958005,0.000000000,1
9724.344758034,44,44,253,13.145801785,18.082865483,-10.054958005,18.082865483,-10.054958005,0.000000000,1
9725.375985861,44,44,251,13.050830455,18.082865483,-10.054958005,18.082865483,-10.054958005,0.000000000,1
9726.417173862,44,44,249,12.953680459,18.082865483,-10.054958005,18.082865483,-10.054958005,0.000000000,1
9727.442493916,44,44,249,12.945050814,18.082865483,-10.054958005,18.082865483,-10.054958005,0.000000000,1
9728.543796539,44,44,245,12.745467341,18.082865483,-10.054958005,18.082865483,-10.054958005,0.000000000,1
9729.557015657,44,44,245,12.745980006,18.082865483,-10.054958005,18.082865483,-10.054958005,0.000000000,1
9730.568827152,44,44,241,12.546511310,18.082865483,-10.054958005,18.082865483,-10.054958005,0.000000000,1
9731.634317160,44,44,241,12.547112314,18.082865483,-10.054958005,18.082865483,-10.054958005,0.000000000,1
9732.620266199,44,44,235,12.248355777,18.082865483,-10.054958005,18.082865483,-10.054958005,0.000000000,1
9733.671607018,44,44,235,12.249021064,18.082865483,-10.054958005,18.082865483,-10.054958005,0.000000000,1
9734.710328579,44,44,233,12.149733802,18.082865483,-10.054958005,18.082865483,-10.054958005,0.000000000,1
9735.757886887,44,44,231,12.050455297,18.082865483,-10.054958005,18.082865483,-10.054958005,0.000000000,1
9736.798130035,44,44,227,11.851231667,18.082865483,-10.054958005,18.082865483,-10.054958005,0.000000000,1
9737.854801655,44,44,223,11.652889564,18.082865483,-10.054958005,18.082865483,-10.054958005,0.000000000,1
9738.867976904,44,44,223,11.653775276,18.082865483,-10.054958005,18.082865483,-10.054958005,0.000000000,1
9739.889648914,44,44,219,11.454715203,18.082865483,-10.054958005,18.082865483,-10.054958005,0.000000000,1
9740.941797495,44,44,219,11.455699002,18.082865483,-10.054958005,18.082865483,-10.054958005,0.000000000,1
9741.978690147,44,44,218,11.425005701,18.082865483,-10.054958005,18.082865483,-10.054958005,0.000000000,1
9743.003948212,44,44,209,10.959026102,18.082865483,-10.054958005,18.082865483,-10.054958005,0.000000000,1
9744.014626503,44,44,207,10.860240388,18.082865483,-10.054958005,18.082865483,-10.054958005,0.000000000,1
9745.048580170,44,44,205,10.761544384,18.082865483,-10.054958005,18.082865483,-10.054958005,0.000000000,1
9746.062630177,44,44,208,10.931143934,18.082865483,-10.054958005,18.082865483,-10.054958005,0.000000000,1
9747.168751001,44,44,201,10.564367796,18.082865483,-10.054958005,18.082865483,-10.054958005,0.000000000,1
9748.196970224,44,44,205,10.765864782,18.082865483,-10.054958005,18.082865483,-10.054958005,0.000000000,1
9749.165028095,44,44,195,10.269251798,18.082865483,-10.054958005,18.082865483,-10.054958005,0.000000000,1
9750.282441139,44,44,199,10.471116603,18.082865483,-10.054958005,18.082865483,-10.054958005,0.000000000,1
9751.284076214,44,44,201,10.572269323,18.082865483,-10.054958005,18.082865483,-10.054958005,0.000000000,1
9752.343495369,44,44,195,10.276687933,18.082865483,-10.054958005,18.082865483,-10.054958005,0.000000000,1
9753.361764908,44,44,134,7.213921118,18.082865483,-10.054958005,18.082865483,-10.054958005,0.000000000,1
9754.348954678,44,44,133,7.116563113,18.082865483,-10.054958005,18.082865483,-10.054958005,0.000000000,1
9755.345124006,44,44,131,7.019466161,18.082865483,-10.054958005,18.082865483,-10.054958005,0.000000000,1
9756.407154799,44,44,129,6.922763201,18.082865483,-10.054958005,18.082865483,-10.054958005,0.000000000,1
9757.440162420,44,44,164,8.634438042,18.082865483,-10.054958005,18.082865483,-10.054958005,0.000000000,1
9758.469823122,44,44,160,8.435388992,18.082865483,-10.054958005,18.082865483,-10.054958005,0.000000000,1
9759.498325348,44,44,160,8.433566348,18.082865483,-10.054958005,18.082865483,-10.054958005,0.000000000,1
9760.544707775,44,44,154,8.139808827,18.082865483,-10.054958005,18.082865483,-10.054958005,0.000000000,1
9909.596004009,47,47,728,36.494776062,25.180417577,7.751482655,25.180417577,7.751482655,0.000000000,1
9910.797583103,47,47,728,36.494776062,25.180417577,7.751482655,25.180417577,7.751482655,0.000000000,1
9911.825623989,47,47,725,36.334255137,25.180417577,7.751482655,25.180417577,7.751482655,0.000000000,1
9912.827937603,47,47,724,36.294158673,25.180417577,7.751482655,25.180417577,7.751482655,0.000000000,1
9913.859524727,47,47,724,36.294158673,25.180417577,7.751482655,25.180417577,7.751482655,0.000000000,1
9915.083400249,47,47,721,36.133879438,25.180417577,7.751482655,25.180417577,7.751482655,0.000000000,1
9916.073856831,47,47,721,36.125403807,25.180417577,7.751482655,25.180417577,7.751482655,0.000000000,1
9917.148471594,47,47,719,36.026953566,25.180417577,7.751482655,25.180417577,7.751482655,0.000000000,1
9918.107076883,47,47,719,36.026953566,25.180417577,7.751482655,25.180417577,7.751482655,0.000000000,1
9919.248869896,47,47,718,35.980869794,25.180417577,7.751482655,25.180417577,7.751482655,0.000000000,1
9920.325041771,47,47,714,35.781722440,25.180417577,7.751482655,25.180417577,7.751482655,0.000000000,1
9921.550480843,47,47,714,35.781722440,25.180417577,7.751482655,25.180417577,7.751482655,0.000000000,1
9922.517540932,47,47,713,35.728068338,25.180417577,7.751482655,25.180417577,7.751482655,0.000000000,1
9923.622511625,47,47,711,35.623849013,25.180417577,7.751482655,25.180417577,7.751482655,0.000000000,1
9924.688179731,47,47,710,35.583470925,25.180417577,7.751482655,25.180417577,7.751482655,0.000000000,1
9925.667482376,47,47,705,35.337869634,25.180417577,7.751482655,25.180417577,7.751482655,0.000000000,1
9926.830140352,47,47,705,35.337869634,25.180417577,7.751482655,25.180417577,7.751482655,0.000000000,1
9927.885728836,47,47,705,35.330491106,25.180417577,7.751482655,25.180417577,7.751482655,0.000000000,1
9929.003638268,47,47,702,35.185938675,25.180417577,7.751482655,25.180417577,7.751482655,0.000000000,1
9930.057146072,47,47,698,34.987095443,25.180417577,7.751482655,25.180417577,7.751482655,0.000000000,1
9931.086020470,47,47,698,34.987095443,25.180417577,7.751482655,25.180417577,7.751482655,0.000000000,1
9932.154665232,47,47,699,35.042209374,25.180417577,7.751482655,25.180417577,7.751482655,0.000000000,1
9933.150615215,47,47,695,34.828672432,25.180417577,7.751482655,25.180417577,7.751482655,0.000000000,1
9934.195842505,47,47,693,34.746327706,25.180417577,7.751482655,25.180417577,7.751482655,0.000000000,1
9935.359723330,47,47,693,34.758612629,25.180417577,7.751482655,25.180417577,7.751482655,0.000000000,1
9936.421532869,47,47,692,34.690472699,25.180417577,7.751482655,25.180417577,7.751482655,0.000000000,1
9937.371418238,47,47,690,34.586095551,25.180417577,7.751482655,25.180417577,7.751482655,0.000000000,1
9938.421375275,47,47,689,34.529259233,25.180417577,7.751482655,25.180417577,7.751482655,0.000000000,1
9939.531854630,47,47,687,34.420576660,25.180417577,7.751482655,25.180417577,7.751482655,0.000000000,1
9940.586612225,47,47,686,34.409719842,25.180417577,7.751482655,25.180417577,7.751482655,0.000000000,1
9941.771319866,47,47,685,34.330525301,25.180417577,7.751482655,25.180417577,7.751482655,0.000000000,1
9942.785692930,47,47,682,34.163971929,25.180417577,7.751482655,25.180417577,7.751482655,0.000000000,1
9943.908294439,47,47,680,34.082395844,25.180417577,7.751482655,25.180417577,7.751482655,0.000000000,1
9945.011603117,47,47,679,34.014489165,25.180417577,7.751482655,25.180417577,7.751482655,0.000000000,1
9946.035073757,47,47,677,33.949941407,25.180417577,7.751482655,25.180417577,7.751482655,0.000000000,1
9947.154666662,47,47,676,33.897793861,25.180417577,7.751482655,25.180417577,7.751482655,0.000000000,1
9948.117242813,47,47,675,33.828911906,25.180417577,7.751482655,25.180417577,7.751482655,0.000000000,1
9949.295868635,47,47,672,33.679795024,25.180417577,7.751482655,25.180417577,7.751482655,0.000000000,1
9950.295896530,47,47,672,33.671261244,25.180417577,7.751482655,25.180417577,7.751482655,0.000000000,1
9951.484215736,47,47,672,33.671261244,25.180417577,7.751482655,25.180417577,7.751482655,0.000000000,1
9952.494225979,47,47,670,33.569837659,25.180417577,7.751482655,25.180417577,7.751482655,0.000000000,1
9953.492237091,47,47,666,33.390966669,25.180417577,7.751482655,25.180417577,7.751482655,0.000000000,1
9954.626582384,47,47,666,33.370051830,25.180417577,7.751482655,25.180417577,7.751482655,0.000000000,1
9955.693473339,47,47,661,33.154263282,25.180417577,7.751482655,25.180417577,7.751482655,0.000000000,1
9956.855973482,47,47,661,33.154263282,25.180417577,7.751482655,25.180417577,7.751482655,0.000000000,1
9957.826787472,47,47,660,33.100004080,25.180417577,7.751482655,25.180417577,7.751482655,0.000000000,1
9958.878681421,47,47,659,33.051392324,25.180417577,7.751482655,25.180417577,7.751482655,0.000000000,1
9960.005116701,47,47,656,32.904369609,25.180417577,7.751482655,25.180417577,7.751482655,0.000000000,1
9960.963172674,47,47,655,32.856317282,25.180417577,7.751482655,25.180417577,7.751482655,0.000000000,1
9962.217772722,47,47,655,32.856317282,25.180417577,7.751482655,25.180417577,7.751482655,0.000000000,1
9963.203404903,47,47,652,32.706887421,25.180417577,7.751482655,25.180417577,7.751482655,0.000000000,1
9964.286889315,47,47,651,32.614318555,25.180417577,7.751482655,25.180417577,7.751482655,0.000000000,1
9965.300922394,47,47,650,32.564509996,25.180417577,7.751482655,25.180417577,7.751482655,0.000000000,1
9966.373744249,47,47,650,32.564509996,25.180417577,7.751482655,25.180417577,7.751482655,0.000000000,1
9967.370726585,47,47,645,32.338639517,25.180417577,7.751482655,25.180417577,7.751482655,0.000000000,1
9968.498789310,47,47,644,32.277023338,25.180417577,7.751482655,25.180417577,7.751482655,0.000000000,1
9969.623850822,47,47,644,32.276410614,25.180417577,7.751482655,25.180417577,7.751482655,0.000000000,1
9970.634112120,47,47,642,32.197431105,25.180417577,7.751482655,25.180417577,7.751482655,0.000000000,1
9971.727099180,47,47,640,32.100802501,25.180417577,7.751482655,25.180417577,7.751482655,0.000000000,1
9972.803623676,47,47,640,32.070591752,25.180417577,7.751482655,25.180417577,7.751482655,0.000000000,1
9973.914695740,47,47,636,31.875504009,25.180417577,7.751482655,25.180417577,7.751482655,0.000000000,1
9975.143227100,47,47,633,31.756191693,25.180417577,7.751482655,25.180417577,7.751482655,0.000000000,1
9976.026333332,47,47,630,31.585725187,25.180417577,7.751482655,25.180417577,7.751482655,0.000000000,1
9977.222364902,47,47,630,31.571024291,25.180417577,7.751482655,25.180417577,7.751482655,0.000000000,1
9978.239395142,47,47,629,31.524463349,25.180417577,7.751482655,25.180417577,7.751482655,0.000000000,1
9979.194526911,47,47,627,31.443863512,25.180417577,7.751482655,25.180417577,7.751482655,0.000000000,1
9980.230605125,47,47,624,31.294211377,25.180417577,7.751482655,25.180417577,7.751482655,0.000000000,1
9981.290685892,47,47,624,31.294211377,25.180417577,7.751482655,25.180417577,7.751482655,0.000000000,1
9982.469214201,47,47,622,31.165829635,25.180417577,7.751482655,25.180417577,7.751482655,0.000000000,1
9983.537328959,47,47,620,31.097623377,25.180417577,7.751482655,25.180417577,7.751482655,0.000000000,1
9984.527641535,47,47,618,30.965673676,25.180417577,7.751482655,25.180417577,7.751482655,0.000000000,1
9985.650613308,47,47,615,30.833301115,25.180417577,7.751482655,25.180417577,7.751482655,0.000000000,1
9986.635196924,47,47,616,30.883365165,25.180417577,7.751482655,25.180417577,7.751482655,0.000000000,1
9987.784159660,47,47,615,30.819114164,25.180417577,7.751482655,25.180417577,7.751482655,0.000000000,1
9988.809885502,47,47,615,30.819114164,25.180417577,7.751482655,25.180417577,7.751482655,0.000000000,1
9989.940533638,47,47,615,30.819115531,25.180417577,7.751482655,25.180417577,7.751482655,0.000000000,1
9990.992178917,47,47,615,30.819115531,25.180417577,7.751482655,25.180417577,7.751482655,0.000000000,1
9991.977002144,47,47,615,30.819115531,25.180417577,7.751482655,25.180417577,7.751482655,0.000000000,1
9993.057886839,47,47,614,30.785087252,25.180417577,7.751482655,25.180417577,7.751482655,0.000000000,1
9994.180980921,47,47,611,30.650353851,25.180417577,7.751482655,25.180417577,7.751482655,0.000000000,1
9995.220987797,47,47,610,30.606766566,25.180417577,7.751482655,25.180417577,7.751482655,0.000000000,1
9996.271022797,47,47,608,30.497812242,25.180417577,7.751482655,25.180417577,7.751482655,0.000000000,1
9997.419740915,47,47,605,30.354640885,25.180417577,7.751482655,25.180417577,7.751482655,0.000000000,1
9998.428982973,47,47,601,30.145938268,25.180417577,7.751482655,25.180417577,7.751482655,0.000000000,1
9999.500056744,47,47,601,30.120926843,25.180417577,7.751482655,25.180417577,7.751482655,0.000000000,1
10000.637601614,47,47,599,30.022157508,25.180417577,7.751482655,25.180417577,7.751482655,0.000000000,1
10001.639418602,47,47,595,29.834435535,25.180417577,7.751482655,25.180417577,7.751482655,0.000000000,1
10002.699477911,47,47,595,29.818733719,25.180417577,7.751482655,25.180417577,7.751482655,0.000000000,1
10003.858778238,47,47,591,29.634273332,25.180417577,7.751482655,25.180417577,7.751482655,0.000000000,1
10004.777981043,47,47,590,29.582536090,25.180417577,7.751482655,25.180417577,7.751482655,0.000000000,1
10005.917193651,47,47,588,29.493619499,25.180417577,7.751482655,25.180417577,7.751482655,0.000000000,1
10006.920101881,47,47,584,29.283217270,25.180417577,7.751482655,25.180417577,7.751482655,0.000000000,1
10008.200557232,47,47,584,29.292784372,25.180417577,7.751482655,25.180417577,7.751482655,0.000000000,1
10009.122824430,47,47,582,29.172737458,25.180417577,7.751482655,25.180417577,7.751482655,0.000000000,1
10010.155645847,47,47,578,28.968510135,25.180417577,7.751482655,25.180417577,7.751482655,0.000000000,1
10011.304784536,47,47,577,28.935065183,25.180417577,7.751482655,25.180417577,7.751482655,0.000000000,1
10012.293884993,47,47,573,28.717865162,25.180417577,7.751482655,25.180417577,7.751482655,0.000000000,1
10013.392122269,47,47,573,28.717865162,25.180417577,7.751482655,25.180417577,7.751482655,0.000000000,1
10014.451678514,47,47,568,28.478950451,25.180417577,7.751482655,25.180417577,7.751482655,0.000000000,1
10015.702703714,47,47,567,28.437653470,25.180417577,7.751482655,25.180417577,7.751482655,0.000000000,1
10016.613814116,47,47,563,28.250705263,25.180417577,7.751482655,25.180417577,7.751482655,0.000000000,1
10017.741545916,47,47,561,28.122948396,25.180417577,7.751482655,25.180417577,7.751482655,0.000000000,1
10018.823325157,47,47,558,27.987546181,25.180417577,7.751482655,25.180417577,7.751482655,0.000000000,1
10019.793886662,47,47,556,27.884775770,25.180417577,7.751482655,25.180417577,7.751482655,0.000000000,1
10020.863762140,47,47,555,27.814735126,25.180417577,7.751482655,25.180417577,7.751482655,0.000000000,1
10021.999172211,47,47,553,27.736869707,25.180417577,7.751482655,25.180417577,7.751482655,0.000000000,1
10022.924036264,47,47,548,27.491527483,25.180417577,7.751482655,25.180417577,7.751482655,0.000000000,1
10023.988330126,47,47,547,27.432094306,25.180417577,7.751482655,25.180417577,7.751482655,0.000000000,1
10025.147745132,47,47,544,27.271621826,25.180417577,7.751482655,25.180417577,7.751482655,0.000000000,1
10026.313873768,47,47,543,27.222336750,25.180417577,7.751482655,25.180417577,7.751482655,0.000000000,1
10027.158721209,47,47,537,26.943384786,25.180417577,7.751482655,25.180417577,7.751482655,0.000000000,1
10028.359320164,47,47,534,26.814375181,25.180417577,7.751482655,25.180417577,7.751482655,0.000000000,1
10029.492863894,47,47,531,26.664880219,25.180417577,7.751482655,25.180417577,7.751482655,0.000000000,1
10030.344790459,47,47,528,26.508749674,25.180417577,7.751482655,25.180417577,7.751482655,0.000000000,1
10031.571426153,47,47,526,26.367818283,25.180417577,7.751482655,25.180417577,7.751482655,0.000000000,1
10032.596750498,47,47,525,26.312184504,25.180417577,7.751482655,25.180417577,7.751482655,0.000000000,1
10033.584664822,47,47,522,26.177775607,25.180417577,7.751482655,25.180417577,7.751482655,0.000000000,1
10034.720064640,47,47,517,25.954528515,25.180417577,7.751482655,25.180417577,7.751482655,0.000000000,1
10035.749052048,47,47,517,25.957262687,25.180417577,7.751482655,25.180417577,7.751482655,0.000000000,1
10036.900045872,47,47,515,25.834299225,25.180417577,7.751482655,25.180417577,7.751482655,0.000000000,1
10037.876228809,47,47,511,25.638252050,25.180417577,7.751482655,25.180417577,7.751482655,0.000000000,1
10038.889638424,47,47,511,25.642904363,25.180417577,7.751482655,25.180417577,7.751482655,0.000000000,1
10039.960199833,47,47,507,25.425685647,25.180417577,7.751482655,25.180417577,7.751482655,0.000000000,1
10040.962989092,47,47,504,25.279061981,25.180417577,7.751482655,25.180417577,7.751482655,0.000000000,1
10042.089322567,47,47,503,25.253372829,25.180417577,7.751482655,25.180417577,7.751482655,0.000000000,1
10043.163297653,47,47,502,25.185706645,25.180417577,7.751482655,25.180417577,7.751482655,0.000000000,1
10044.228516579,47,47,500,25.076101832,25.180417577,7.751482655,25.180417577,7.751482655,0.000000000,1
10045.341072083,47,47,496,24.902544509,25.180417577,7.751482655,25.180417577,7.751482655,0.000000000,1
10046.354738712,47,47,496,24.898534866,25.180417577,7.751482655,25.180417577,7.751482655,0.000000000,1
10047.388890743,47,47,493,24.729821275,25.180417577,7.751482655,25.180417577,7.751482655,0.000000000,1
10048.418842077,47,47,492,24.665635065,25.180417577,7.751482655,25.180417577,7.751482655,0.000000000,1
10049.571619272,47,47,487,24.452974357,25.180417577,7.751482655,25.180417577,7.751482655,0.000000000,1
10050.616578817,47,47,484,24.288876210,25.180417577,7.751482655,25.180417577,7.751482655,0.000000000,1
10051.743499994,47,47,484,24.284851764,25.180417577,7.751482655,25.180417577,7.751482655,0.000000000,1
10052.806267023,47,47,481,24.126695109,25.180417577,7.751482655,25.180417577,7.751482655,0.000000000,1
10053.786017179,47,47,478,24.009541351,25.180417577,7.751482655,25.180417577,7.751482655,0.000000000,1
10054.957630634,47,47,474,23.797504691,25.180417577,7.751482655,25.180417577,7.751482655,0.000000000,1
10055.889685869,47,47,473,23.727613934,25.180417577,7.751482655,25.180417577,7.751482655,0.000000000,1
10056.947688103,47,47,472,23.696234786,25.180417577,7.751482655,25.180417577,7.751482655,0.000000000,1
10058.057072878,47,47,471,23.636589513,25.180417577,7.751482655,25.180417577,7.751482655,0.000000000,1
10059.102898121,47,47,470,23.562482766,25.180417577,7.751482655,25.180417577,7.751482655,0.000000000,1
10060.157605648,47,47,465,23.314459890,25.180417577,7.751482655,25.180417577,7.751482655,0.000000000,1
10061.234897137,47,47,462,23.170325387,25.180417577,7.751482655,25.180417577,7.751482655,0.000000000,1
10062.301347017,47,47,460,23.077891703,25.180417577,7.751482655,25.180417577,7.751482655,0.000000000,1
10063.311229229,47,47,459,23.040039895,25.180417577,7.751482655,25.180417577,7.751482655,0.000000000,1
10064.413993120,47,47,455,22.854963693,25.180417577,7.751482655,25.180417577,7.751482655,0.000000000,1
10065.499548912,47,47,453,22.715986384,25.180417577,7.751482655,25.180417577,7.751482655,0.000000000,1
10066.516665936,47,47,453,22.745433093,25.180417577,7.751482655,25.180417577,7.751482655,0.000000000,1
10067.615878582,47,47,449,22.544146624,25.180417577,7.751482655,25.180417577,7.751482655,0.000000000,1
10068.596485376,47,47,446,22.407017759,25.180417577,7.751482655,25.180417577,7.751482655,0.000000000,1
10069.680708647,47,47,443,22.238949971,25.180417577,7.751482655,25.180417577,7.751482655,0.000000000,1
10070.854690313,47,47,441,22.126236099,25.180417577,7.751482655,25.180417577,7.751482655,0.000000000,1
10071.791680574,47,47,441,22.136236951,25.180417577,7.751482655,25.180417577,7.751482655,0.000000000,1
10072.844984293,47,47,436,21.897217174,25.180417577,7.751482655,25.180417577,7.751482655,0.000000000,1
10073.875607729,47,47,434,21.780052119,25.180417577,7.751482655,25.180417577,7.751482655,0.000000000,1
10074.994168758,47,47,431,21.620366779,25.180417577,7.751482655,25.180417577,7.751482655,0.000000000,1
10076.037750721,47,47,428,21.487263363,25.180417577,7.751482655,25.180417577,7.751482655,0.000000000,1
10077.029320955,47,47,428,21.469884378,25.180417577,7.751482655,25.180417577,7.751482655,0.000000000,1
10078.104606867,47,47,426,21.400298584,25.180417577,7.751482655,25.180417577,7.751482655,0.000000000,1
10079.170183897,47,47,423,21.247276585,25.180417577,7.751482655,25.180417577,7.751482655,0.000000000,1
10080.196185827,47,47,422,21.169317856,25.180417577,7.751482655,25.180417577,7.751482655,0.000000000,1
10081.245221376,47,47,418,21.008299255,25.180417577,7.751482655,25.180417577,7.751482655,0.000000000,1
10082.268455029,47,47,416,20.867671703,25.180417577,7.751482655,25.180417577,7.751482655,0.000000000,1
10083.358281612,47,47,412,20.681879996,25.180417577,7.751482655,25.180417577,7.751482655,0.000000000,1
10084.414989471,47,47,408,20.503208475,25.180417577,7.751482655,25.180417577,7.751482655,0.000000000,1
10085.453781366,47,47,407,20.424224768,25.180417577,7.751482655,25.180417577,7.751482655,0.000000000,1
10086.674942493,47,47,404,20.305248604,25.180417577,7.751482655,25.180417577,7.751482655,0.000000000,1
10087.668009996,47,47,403,20.243315897,25.180417577,7.751482655,25.180417577,7.751482655,0.000000000,1
10088.640192986,47,47,400,20.077223396,25.180417577,7.751482655,25.180417577,7.751482655,0.000000000,1
10089.754779100,47,47,399,20.023266988,25.180417577,7.751482655,25.180417577,7.751482655,0.000000000,1
10090.695301056,47,47,398,19.990287279,25.180417577,7.751482655,25.180417577,7.751482655,0.000000000,1
10091.903677702,47,47,392,19.689602932,25.180417577,7.751482655,25.180417577,7.751482655,0.000000000,1
10092.895580053,47,47,388,19.492967295,25.180417577,7.751482655,25.180417577,7.751482655,0.000000000,1
10094.013515472,47,47,387,19.424363740,25.180417577,7.751482655,25.180417577,7.751482655,0.000000000,1
10094.953868151,47,47,387,19.424363740,25.180417577,7.751482655,25.180417577,7.751482655,0.000000000,1
10095.975504875,47,47,386,19.403671355,25.180417577,7.751482655,25.180417577,7.751482655,0.000000000,1
10097.067265987,47,47,381,19.127936176,25.180417577,7.751482655,25.180417577,7.751482655,0.000000000,1
10098.076882362,47,47,379,19.028165959,25.180417577,7.751482655,25.180417577,7.751482655,0.000000000,1
10099.118547916,47,47,376,18.915472474,25.180417577,7.751482655,25.180417577,7.751482655,0.000000000,1
10100.180665731,47,47,374,18.770506492,25.180417577,7.751482655,25.180417577,7.751482655,0.000000000,1
10101.245992184,47,47,372,18.692993671,25.180417577,7.751482655,25.180417577,7.751482655,0.000000000,1
10102.272212982,47,47,369,18.523024854,25.180417577,7.751482655,25.180417577,7.751482655,0.000000000,1
10103.308417797,47,47,364,18.310524429,25.180417577,7.751482655,25.180417577,7.751482655,0.000000000,1
10104.364587545,47,47,362,18.210252448,25.180417577,7.751482655,25.180417577,7.751482655,0.000000000,1
10105.404715061,47,47,362,18.196674036,25.180417577,7.751482655,25.180417577,7.751482655,0.000000000,1
10106.437935352,47,47,360,18.095063670,25.180417577,7.751482655,25.180417577,7.751482655,0.000000000,1
10107.502795219,47,47,358,18.004233978,25.180417577,7.751482655,25.180417577,7.751482655,0.000000000,1
10108.493672371,47,47,354,17.804376372,25.180417577,7.751482655,25.180417577,7.751482655,0.000000000,1
10109.518553972,47,47,352,17.663135878,25.180417577,7.751482655,25.180417577,7.751482655,0.000000000,1
10110.628661871,47,47,349,17.549212315,25.180417577,7.751482655,25.180417577,7.751482655,0.000000000,1
10111.601053953,47,47,347,17.450710315,25.180417577,7.751482655,25.180417577,7.751482655,0.000000000,1
10112.660806179,47,47,345,17.323997320,25.180417577,7.751482655,25.180417577,7.751482655,0.000000000,1
10113.848154306,47,47,343,17.224070248,25.180417577,7.751482655,25.180417577,7.751482655,0.000000000,1
10114.876467705,47,47,340,17.071666132,25.180417577,7.751482655,25.180417577,7.751482655,0.000000000,1
10115.880610228,47,47,338,16.970114512,25.180417577,7.751482655,25.180417577,7.751482655,0.000000000,1
10116.991860628,47,47,334,16.767127332,25.180417577,7.751482655,25.180417577,7.751482655,0.000000000,1
10118.025489092,47,47,330,16.610268156,25.180417577,7.751482655,25.180417577,7.751482655,0.000000000,1
10119.089529276,47,47,329,16.517698460,25.180417577,7.751482655,25.180417577,7.751482655,0.000000000,1
10120.155752182,47,47,326,16.411319760,25.180417577,7.751482655,25.180417577,7.751482655,0.000000000,1
10121.165324926,47,47,322,16.211817182,25.180417577,7.751482655,25.180417577,7.751482655,0.000000000,1
10122.222878695,47,47,321,16.119633320,25.180417577,7.751482655,25.180417577,7.751482655,0.000000000,1
10123.165954113,47,47,319,16.013989039,25.180417577,7.751482655,25.180417577,7.751482655,0.000000000,1
10124.211369514,47,47,317,15.928151664,25.180417577,7.751482655,25.180417577,7.751482655,0.000000000,1
10125.330260992,47,47,315,15.825739070,25.180417577,7.751482655,25.180417577,7.751482655,0.000000000,1
10126.371274233,47,47,313,15.732893558,25.180417577,7.751482655,25.180417577,7.751482655,0.000000000,1
10127.368831635,47,47,311,15.638017776,25.180417577,7.751482655,25.180417577,7.751482655,0.000000000,1
10128.446733475,47,47,307,15.442915840,25.180417577,7.751482655,25.180417577,7.751482655,0.000000000,1
10129.443221807,47,47,305,15.356050959,25.180417577,7.751482655,25.180417577,7.751482655,0.000000000,1
10130.572343588,47,47,303,15.241916427,25.180417577,7.751482655,25.180417577,7.751482655,0.000000000,1
10131.579064131,47,47,301,15.143240701,25.180417577,7.751482655,25.180417577,7.751482655,0.000000000,1
10132.551940680,47,47,298,14.989630871,25.180417577,7.751482655,25.180417577,7.751482655,0.000000000,1
10133.633637428,47,47,294,14.794675917,25.180417577,7.751482655,25.180417577,7.751482655,0.000000000,1
10134.680094957,47,47,292,14.698466107,25.180417577,7.751482655,25.180417577,7.751482655,0.000000000,1
10135.767360210,47,47,290,14.572309936,25.180417577,7.751482655,25.180417577,7.751482655,0.000000000,1
10136.712324619,47,47,287,14.436958212,25.180417577,7.751482655,25.180417577,7.751482655,0.000000000,1
10137.854116678,47,47,284,14.300533908,25.180417577,7.751482655,25.180417577,7.751482655,0.000000000,1
10138.846466303,47,47,282,14.191186635,25.180417577,7.751482655,25.180417577,7.751482655,0.000000000,1
10140.084403515,47,47,280,14.087628207,25.180417577,7.751482655,25.180417577,7.751482655,0.000000000,1
10141.021715164,47,47,278,13.979799854,25.180417577,7.751482655,25.180417577,7.751482655,0.000000000,1
10141.951104641,47,47,276,13.867705122,25.180417577,7.751482655,25.180417577,7.751482655,0.000000000,1
10143.022146225,47,47,274,13.805174943,25.180417577,7.751482655,25.180417577,7.751482655,0.000000000,1
10144.083118200,47,47,272,13.682543303,25.180417577,7.751482655,25.180417577,7.751482655,0.000000000,1
10145.128063202,47,47,270,13.589662737,25.180417577,7.751482655,25.180417577,7.751482655,0.000000000,1
10146.118808270,47,47,265,13.361301942,25.180417577,7.751482655,25.180417577,7.751482655,0.000000000,1
10147.173439503,47,47,264,13.288450576,25.180417577,7.751482655,25.180417577,7.751482655,0.000000000,1
10148.207609892,47,47,262,13.189237316,25.180417577,7.751482655,25.180417577,7.751482655,0.000000000,1
10149.317198038,47,47,258,12.984761356,25.180417577,7.751482655,25.180417577,7.751482655,0.000000000,1
10150.322247744,47,47,255,12.828811928,25.180417577,7.751482655,25.180417577,7.751482655,0.000000000,1
10151.318658352,47,47,254,12.763058509,25.180417577,7.751482655,25.180417577,7.751482655,0.000000000,1
10152.423717260,47,47,251,12.657503598,25.180417577,7.751482655,25.180417577,7.751482655,0.000000000,1
10153.445746422,47,47,250,12.570127826,25.180417577,7.751482655,25.180417577,7.751482655,0.000000000,1
10154.468462467,47,47,248,12.465534600,25.180417577,7.751482655,25.180417577,7.751482655,0.000000000,1
10155.474891186,47,47,244,12.286142240,25.180417577,7.751482655,25.180417577,7.751482655,0.000000000,1
10156.503810406,47,47,241,12.156222136,25.180417577,7.751482655,25.180417577,7.751482655,0.000000000,1
10157.564859629,47,47,239,12.060523403,25.180417577,7.751482655,25.180417577,7.751482655,0.000000000,1
10158.570664883,47,47,237,11.948676881,25.180417577,7.751482655,25.180417577,7.751482655,0.000000000,1
10159.608999968,47,47,235,11.825932729,25.180417577,7.751482655,25.180417577,7.751482655,0.000000000,1
10160.681879997,47,47,233,11.726808501,25.180417577,7.751482655,25.180417577,7.751482655,0.000000000,1
10161.711210489,47,47,231,11.579084944,25.180417577,7.751482655,25.180417577,7.751482655,0.000000000,1
10162.719480753,47,47,228,11.394306278,25.180417577,7.751482655,25.180417577,7.751482655,0.000000000,1
10163.824618101,47,47,228,11.394306278,25.180417577,7.751482655,25.180417577,7.751482655,0.000000000,1
10164.846564293,47,47,225,11.262663484,25.180417577,7.751482655,25.180417577,7.751482655,0.000000000,1
10166.000923634,47,47,222,11.110628021,25.180417577,7.751482655,25.180417577,7.751482655,0.000000000,1
10166.854415417,47,47,219,10.946062804,25.180417577,7.751482655,25.180417577,7.751482655,0.000000000,1
10167.912732840,47,47,215,10.783736975,25.180417577,7.751482655,25.180417577,7.751482655,0.000000000,1
10168.953743219,47,47,213,10.688459761,25.180417577,7.751482655,25.180417577,7.751482655,0.000000000,1
10170.027502775,47,47,211,10.588650502,25.180417577,7.751482655,25.180417577,7.751482655,0.000000000,1
10171.052601099,47,47,209,10.476319895,25.180417577,7.751482655,25.180417577,7.751482655,0.000000000,1
10172.068641901,47,47,207,10.367993028,25.180417577,7.751482655,25.180417577,7.751482655,0.000000000,1
10173.112421036,47,47,205,10.265024256,25.180417577,7.751482655,25.180417577,7.751482655,0.000000000,1
10174.169101954,47,47,203,10.175825548,25.180417577,7.751482655,25.180417577,7.751482655,0.000000000,1
10175.199959993,47,47,200,10.001889695,25.180417577,7.751482655,25.180417577,7.751482655,0.000000000,1
10176.214879036,47,47,199,9.963010970,25.180417577,7.751482655,25.180417577,7.751482655,0.000000000,1
10177.255792141,47,47,197,9.863986185,25.180417577,7.751482655,25.180417577,7.751482655,0.000000000,1
10178.301720858,47,47,195,9.751321311,25.180417577,7.751482655,25.180417577,7.751482655,0.000000000,1
10179.295998096,47,47,192,9.597578541,25.180417577,7.751482655,25.180417577,7.751482655,0.000000000,1
10180.322751045,47,47,190,9.503507742,25.180417577,7.751482655,25.180417577,7.751482655,0.000000000,1
10181.412831306,47,47,188,9.404746611,25.180417577,7.751482655,25.180417577,7.751482655,0.000000000,1
10182.415203571,47,47,186,9.295375384,25.180417577,7.751482655,25.180417577,7.751482655,0.000000000,1
10183.385602713,47,47,184,9.197317916,25.180417577,7.751482655,25.180417577,7.751482655,0.000000000,1
10184.449493647,47,47,182,9.095375838,25.180417577,7.751482655,25.180417577,7.751482655,0.000000000,1
10185.498199940,47,47,180,8.997318417,25.180417577,7.751482655,25.180417577,7.751482655,0.000000000,1
10186.510263443,47,47,178,8.895376186,25.180417577,7.751482655,25.180417577,7.751482655,0.000000000,1
10187.562885523,47,47,176,8.797319187,25.180417577,7.751482655,25.180417577,7.751482655,0.000000000,1
10188.558635712,47,47,174,8.695377139,25.180417577,7.751482655,25.180417577,7.751482655,0.000000000,1
10189.588584185,47,47,170,8.495377677,25.180417577,7.751482655,25.180417577,7.751482655,0.000000000,1
10190.617601156,47,47,168,8.397322437,25.180417577,7.751482655,25.180417577,7.751482655,0.000000000,1
10191.691814184,47,47,166,8.295378834,25.180417577,7.751482655,25.180417577,7.751482655,0.000000000,1
10192.703830242,47,47,164,8.197322992,25.180417577,7.751482655,25.180417577,7.751482655,0.000000000,1
10193.774649620,47,47,162,8.095380183,25.180417577,7.751482655,25.180417577,7.751482655,0.000000000,1
10194.765297413,47,47,160,7.997324850,25.180417577,7.751482655,25.180417577,7.751482655,0.000000000,1
10195.795570850,47,47,158,7.895381613,25.180417577,7.751482655,25.180417577,7.751482655,0.000000000,1
10196.903149366,47,47,154,7.695383301,25.180417577,7.751482655,25.180417577,7.751482655,0.000000000,1
10197.831540346,47,47,152,7.597328315,25.180417577,7.751482655,25.180417577,7.751482655,0.000000000,1
10198.890243769,47,47,150,7.495385462,25.180417577,7.751482655,25.180417577,7.751482655,0.000000000,1
10199.849062443,47,47,148,7.397330735,25.180417577,7.751482655,25.180417577,7.751482655,0.000000000,1
10200.903539896,47,47,146,7.295388310,25.180417577,7.751482655,25.180417577,7.751482655,0.000000000,1
10201.917193413,47,47,144,7.197333824,25.180417577,7.751482655,25.180417577,7.751482655,0.000000000,1
10202.980406523,47,47,142,7.095391543,25.180417577,7.751482655,25.180417577,7.751482655,0.000000000,1
10203.964423656,47,47,140,6.997337442,25.180417577,7.751482655,25.180417577,7.751482655,0.000000000,1
10205.055428982,47,47,138,6.895395518,25.180417577,7.751482655,25.180417577,7.751482655,0.000000000,1
10206.007336855,47,47,136,6.797341897,25.180417577,7.751482655,25.180417577,7.751482655,0.000000000,1
10207.044644356,47,47,134,6.695400656,25.180417577,7.751482655,25.180417577,7.751482655,0.000000000,1
10208.081522942,47,47,132,6.597347605,25.180417577,7.751482655,25.180417577,7.751482655,0.000000000,1
10209.085630655,47,47,128,6.397354529,25.180417577,7.751482655,25.180417577,7.751482655,0.000000000,1
10210.164481163,47,47,126,6.295414337,25.180417577,7.751482655,25.180417577,7.751482655,0.000000000,1
10211.163585186,47,47,124,6.197362871,25.180417577,7.751482655,25.180417577,7.751482655,0.000000000,1
10212.198080301,47,47,122,6.095423619,25.180417577,7.751482655,25.180417577,7.751482655,0.000000000,1
10213.190087795,47,47,120,5.997373398,25.180417577,7.751482655,25.180417577,7.751482655,0.000000000,1
10214.250106812,47,47,118,5.895435341,25.180417577,7.751482655,25.180417577,7.751482655,0.000000000,1
10215.298673153,47,47,116,5.797386579,25.180417577,7.751482655,25.180417577,7.751482655,0.000000000,1
10216.320326567,47,47,114,5.695449884,25.180417577,7.751482655,25.180417577,7.751482655,0.000000000,1
10217.363856316,47,47,112,5.597402783,25.180417577,7.751482655,25.180417577,7.751482655,0.000000000,1
10218.394560099,47,47,108,5.397423548,25.180417577,7.751482655,25.180417577,7.751482655,0.000000000,1
10219.427036047,47,47,106,5.295491033,25.180417577,7.751482655,25.180417577,7.751482655,0.000000000,1
10220.430875540,47,47,104,5.194637378,25.180417577,7.751482655,25.180417577,7.751482655,0.000000000,1
10221.477209806,47,47,102,5.090078085,25.180417577,7.751482655,25.180417577,7.751482655,0.000000000,1
10222.432313204,47,47,100,4.994669758,25.180417577,7.751482655,25.180417577,7.751482655,0.000000000,1
10223.496014357,47,47,98,4.890113283,25.180417577,7.751482655,25.180417577,7.751482655,0.000000000,1
10224.502641201,47,47,96,4.794703400,25.180417577,7.751482655,25.180417577,7.751482655,0.000000000,1
10225.546238661,47,47,94,4.690152262,25.180417577,7.751482655,25.180417577,7.751482655,0.000000000,1
10226.533431053,47,47,92,4.594757072,25.180417577,7.751482655,25.180417577,7.751482655,0.000000000,1
10227.615403891,47,47,88,4.394833134,25.180417577,7.751482655,25.180417577,7.751482655,0.000000000,1
10228.595773220,47,47,86,4.288752701,25.180417577,7.751482655,25.180417577,7.751482655,0.000000000,1
10229.658815622,47,47,84,4.192897827,25.180417577,7.751482655,25.180417577,7.751482655,0.000000000,1
10230.644296408,47,47,82,4.088916265,25.180417577,7.751482655,25.180417577,7.751482655,0.000000000,1
10231.696113110,47,47,80,3.995043256,25.180417577,7.751482655,25.180417577,7.751482655,0.000000000,1
10232.683002949,47,47,78,3.891770526,25.180417577,7.751482655,25.180417577,7.751482655,0.000000000,1
10233.719362736,47,47,76,3.804110490,25.180417577,7.751482655,25.180417577,7.751482655,0.000000000,1
10234.748846531,47,47,74,3.690119741,25.180417577,7.751482655,25.180417577,7.751482655,0.000000000,1
10235.773074627,47,47,72,3.605987478,25.180417577,7.751482655,25.180417577,7.751482655,0.000000000,1
10236.787279367,47,47,70,3.490540395,25.180417577,7.751482655,25.180417577,7.751482655,0.000000000,1
10237.882970095,47,47,66,3.293734923,25.180417577,7.751482655,25.180417577,7.751482655,0.000000000,1
10239.049132586,47,47,64,3.205286646,25.180417577,7.751482655,25.180417577,7.751482655,0.000000000,1
10239.879460096,47,47,62,3.118468072,25.180417577,7.751482655,25.180417577,7.751482655,0.000000000,1
10240.885233164,47,47,60,3.028227323,25.180417577,7.751482655,25.180417577,7.751482655,0.000000000,1
10241.912416458,47,47,58,2.930902808,25.180417577,7.751482655,25.180417577,7.751482655,0.000000000,1
10242.916064501,47,47,56,2.830912581,25.180417577,7.751482655,25.180417577,7.751482655,0.000000000,1
10243.933727980,47,47,54,2.721516517,25.180417577,7.751482655,25.180417577,7.751482655,0.000000000,1
10294.098426342,48,48,41,2.038256193,25.785352174,7.736269552,25.785352174,7.736269552,0.000000000,1
10294.910139561,48,48,41,2.028965552,25.785352174,7.736269552,25.785352174,7.736269552,0.000000000,1
10295.950477839,48,48,42,2.147201768,25.785352174,7.736269552,25.785352174,7.736269552,0.000000000,1
10296.980121136,48,48,37,1.920980314,25.785352174,7.736269552,25.785352174,7.736269552,0.000000000,1
10349.619774342,49,49,120,6.082973442,22.885352131,7.536269549,22.885352131,7.536269549,0.000000000,1
10350.386370420,49,49,120,6.082973442,22.885352131,7.536269549,22.885352131,7.536269549,0.000000000,1
10351.571645737,49,49,119,6.031115467,22.885352131,7.536269549,22.885352131,7.536269549,0.000000000,1
10352.513635397,49,49,119,6.031115467,22.885352131,7.536269549,22.885352131,7.536269549,0.000000000,1
10353.516059399,49,49,119,6.031115467,22.885352131,7.536269549,22.885352131,7.536269549,0.000000000,1
10354.588873148,49,49,119,6.031115467,22.885352131,7.536269549,22.885352131,7.536269549,0.000000000,1
10355.594696522,49,49,119,6.031115467,22.885352131,7.536269549,22.885352131,7.536269549,0.000000000,1
10356.614785433,49,49,119,6.031115467,22.885352131,7.536269549,22.885352131,7.536269549,0.000000000,1
10357.658982754,49,49,119,6.031115467,22.885352131,7.536269549,22.885352131,7.536269549,0.000000000,1
10358.723176241,49,49,117,5.920882357,22.885352131,7.536269549,22.885352131,7.536269549,0.000000000,1
10359.759658098,49,49,114,5.794791299,22.885352131,7.536269549,22.885352131,7.536269549,0.000000000,1
10360.781477451,49,49,113,5.739485535,22.885352131,7.536269549,22.885352131,7.536269549,0.000000000,1
10361.846443653,49,49,111,5.641986696,22.885352131,7.536269549,22.885352131,7.536269549,0.000000000,1
10362.892839909,49,49,109,5.539726217,22.885352131,7.536269549,22.885352131,7.536269549,0.000000000,1
10363.902368307,49,49,105,5.352521751,22.885352131,7.536269549,22.885352131,7.536269549,0.000000000,1
10364.968623400,49,49,103,5.242252550,22.885352131,7.536269549,22.885352131,7.536269549,0.000000000,1
10365.990401983,49,49,101,5.128281966,22.885352131,7.536269549,22.885352131,7.536269549,0.000000000,1
10367.015246153,49,49,99,5.028128640,22.885352131,7.536269549,22.885352131,7.536269549,0.000000000,1
10368.050069809,49,49,96,4.906852864,22.885352131,7.536269549,22.885352131,7.536269549,0.000000000,1
10369.066082239,49,49,94,4.789220498,22.885352131,7.536269549,22.885352131,7.536269549,0.000000000,1
10370.063191414,49,49,91,4.641147289,22.885352131,7.536269549,22.885352131,7.536269549,0.000000000,1
10371.122277021,49,49,90,4.594142110,22.885352131,7.536269549,22.885352131,7.536269549,0.000000000,1
10372.162296295,49,49,88,4.488203778,22.885352131,7.536269549,22.885352131,7.536269549,0.000000000,1
10373.198597431,49,49,85,4.364959328,22.885352131,7.536269549,22.885352131,7.536269549,0.000000000,1
10374.218158960,49,49,83,4.268036276,22.885352131,7.536269549,22.885352131,7.536269549,0.000000000,1
10375.253845692,49,49,81,4.161559400,22.885352131,7.536269549,22.885352131,7.536269549,0.000000000,1
10376.300613642,49,49,80,4.062158081,22.885352131,7.536269549,22.885352131,7.536269549,0.000000000,1
10377.290155172,49,49,77,3.961644471,22.885352131,7.536269549,22.885352131,7.536269549,0.000000000,1
10378.311953068,49,49,73,3.761750852,22.885352131,7.536269549,22.885352131,7.536269549,0.000000000,1
10379.380600452,49,49,72,3.662373253,22.885352131,7.536269549,22.885352131,7.536269549,0.000000000,1
10380.412862539,49,49,70,3.562444575,22.885352131,7.536269549,22.885352131,7.536269549,0.000000000,1
10381.453662395,49,49,68,3.462525952,22.885352131,7.536269549,22.885352131,7.536269549,0.000000000,1
10382.481487274,49,49,66,3.362617443,22.885352131,7.536269549,22.885352131,7.536269549,0.000000000,1
10383.493865967,49,49,64,3.262721292,22.885352131,7.536269549,22.885352131,7.536269549,0.000000000,1
10384.541623354,49,49,62,3.162451614,22.885352131,7.536269549,22.885352131,7.536269549,0.000000000,1
10385.562852383,49,49,58,2.962743225,22.885352131,7.536269549,22.885352131,7.536269549,0.000000000,1
10386.618827820,49,49,56,2.863350831,22.885352131,7.536269549,22.885352131,7.536269549,0.000000000,1
10387.609159231,49,49,54,2.763135803,22.885352131,7.536269549,22.885352131,7.536269549,0.000000000,1
10388.714311361,49,49,52,2.663811394,22.885352131,7.536269549,22.885352131,7.536269549,0.000000000,1
10389.731118202,49,49,50,2.563673829,22.885352131,7.536269549,22.885352131,7.536269549,0.000000000,1
10390.759600163,49,49,48,2.464464932,22.885352131,7.536269549,22.885352131,7.536269549,0.000000000,1
10391.769745111,49,49,44,2.265392928,22.885352131,7.536269549,22.885352131,7.536269549,0.000000000,1
10393.038817406,49,49,42,2.165992339,22.885352131,7.536269549,22.885352131,7.536269549,0.000000000,1
10393.871337891,49,49,40,2.066817899,22.885352131,7.536269549,22.885352131,7.536269549,0.000000000,1
10394.911093950,49,49,38,1.967805897,22.885352131,7.536269549,22.885352131,7.536269549,0.000000000,1
10395.876142025,49,49,36,1.869119457,22.885352131,7.536269549,22.885352131,7.536269549,0.000000000,1
10396.926420927,49,49,32,1.673638692,22.885352131,7.536269549,22.885352131,7.536269549,0.000000000,1
10397.955095768,49,49,30,1.577811420,22.885352131,7.536269549,22.885352131,7.536269549,0.000000000,1
10398.975659847,49,49,27,1.443374060,22.885352131,7.536269549,22.885352131,7.536269549,0.000000000,1
10400.033571482,49,49,25,1.348266217,22.885352131,7.536269549,22.885352131,7.536269549,0.000000000,1
10401.047281027,49,49,22,1.206141250,22.885352131,7.536269549,22.885352131,7.536269549,0.000000000,1
10402.064654827,49,49,21,1.133999475,22.885352131,7.536269549,22.885352131,7.536269549,0.000000000,1
10403.117578745,49,49,19,1.048183810,22.885352131,7.536269549,22.885352131,7.536269549,0.000000000,1
10404.153080463,49,49,18,0.980406537,22.885352131,7.536269549,22.885352131,7.536269549,0.000000000,1
10405.160903931,49,49,16,0.888686452,22.885352131,7.536269549,22.885352131,7.536269549,0.000000000,1
10406.201969862,49,49,15,0.849139328,22.885352131,7.536269549,22.885352131,7.536269549,0.000000000,1
10407.259746075,49,49,13,0.755330643,22.885352131,7.536269549,22.885352131,7.536269549,0.000000000,1
10408.258573532,49,49,13,0.724830967,22.885352131,7.536269549,22.885352131,7.536269549,0.000000000,1
10409.301148415,49,49,11,0.627041669,22.885352131,7.536269549,22.885352131,7.536269549,0.000000000,1
10410.320082903,49,49,11,0.627041669,22.885352131,7.536269549,22.885352131,7.536269549,0.000000000,1
10411.365441561,49,49,9,0.530431853,22.885352131,7.536269549,22.885352131,7.536269549,0.000000000,1
10412.416524172,49,49,8,0.512132042,22.885352131,7.536269549,22.885352131,7.536269549,0.000000000,1
10413.449259996,49,49,8,0.512132042,22.885352131,7.536269549,22.885352131,7.536269549,0.000000000,1
10457.602962732,50,50,840,42.448304065,18.785352070,-10.963730726,18.785352070,-10.963730726,0.000000000,1
10458.736366749,50,50,840,42.448304065,18.785352070,-10.963730726,18.785352070,-10.963730726,0.000000000,1
10459.641674280,50,50,838,42.323668062,18.785352070,-10.963730726,18.785352070,-10.963730726,0.000000000,1
10460.688079596,50,50,838,42.323668062,18.785352070,-10.963730726,18.785352070,-10.963730726,0.000000000,1
10461.867401838,50,50,838,42.323668062,18.785352070,-10.963730726,18.785352070,-10.963730726,0.000000000,1
10462.906678915,50,50,836,42.274931399,18.785352070,-10.963730726,18.785352070,-10.963730726,0.000000000,1
10463.979563951,50,50,836,42.235814538,18.785352070,-10.963730726,18.785352070,-10.963730726,0.000000000,1
10465.096831560,50,50,833,42.101501285,18.785352070,-10.963730726,18.785352070,-10.963730726,0.000000000,1
10466.166191816,50,50,833,42.101501285,18.785352070,-10.963730726,18.785352070,-10.963730726,0.000000000,1
10467.140024185,50,50,831,41.980522995,18.785352070,-10.963730726,18.785352070,-10.963730726,0.000000000,1
10468.334033012,50,50,831,41.980522995,18.785352070,-10.963730726,18.785352070,-10.963730726,0.000000000,1
10469.194796562,50,50,828,41.832432870,18.785352070,-10.963730726,18.785352070,-10.963730726,0.000000000,1
10470.256729841,50,50,828,41.832432870,18.785352070,-10.963730726,18.785352070,-10.963730726,0.000000000,1
10471.428294420,50,50,826,41.733323355,18.785352070,-10.963730726,18.785352070,-10.963730726,0.000000000,1
10472.364384174,50,50,826,41.733323355,18.785352070,-10.963730726,18.785352070,-10.963730726,0.000000000,1
10473.341048002,50,50,824,41.640280709,18.785352070,-10.963730726,18.785352070,-10.963730726,0.000000000,1
10474.461146116,50,50,822,41.557623868,18.785352070,-10.963730726,18.785352070,-10.963730726,0.000000000,1
10475.551331520,50,50,822,41.557623868,18.785352070,-10.963730726,18.785352070,-10.963730726,0.000000000,1
10476.594852209,50,50,822,41.557623868,18.785352070,-10.963730726,18.785352070,-10.963730726,0.000000000,1
10477.694830656,50,50,821,41.483689686,18.785352070,-10.963730726,18.785352070,-10.963730726,0.000000000,1
10478.687011957,50,50,822,41.557623868,18.785352070,-10.963730726,18.785352070,-10.963730726,0.000000000,1
10479.736946583,50,50,822,41.557623868,18.785352070,-10.963730726,18.785352070,-10.963730726,0.000000000,1
10480.801630735,50,50,822,41.557623868,18.785352070,-10.963730726,18.785352070,-10.963730726,0.000000000,1
10481.891606569,50,50,820,41.431729103,18.785352070,-10.963730726,18.785352070,-10.963730726,0.000000000,1
10482.822190285,50,50,819,41.396148697,18.785352070,-10.963730726,18.785352070,-10.963730726,0.000000000,1
10484.022451878,50,50,815,41.196149457,18.785352070,-10.963730726,18.785352070,-10.963730726,0.000000000,1
10485.009617329,50,50,813,41.082935960,18.785352070,-10.963730726,18.785352070,-10.963730726,0.000000000,1
10486.220444918,50,50,811,40.996149255,18.785352070,-10.963730726,18.785352070,-10.963730726,0.000000000,1
10487.129498005,50,50,806,40.772609962,18.785352070,-10.963730726,18.785352070,-10.963730726,0.000000000,1
10488.310567379,50,50,802,40.572547727,18.785352070,-10.963730726,18.785352070,-10.963730726,0.000000000,1
10489.209135294,50,50,801,40.492302765,18.785352070,-10.963730726,18.785352070,-10.963730726,0.000000000,1
10490.395058632,50,50,798,40.372476869,18.785352070,-10.963730726,18.785352070,-10.963730726,0.000000000,1
10491.242595911,50,50,797,40.284130520,18.785352070,-10.963730726,18.785352070,-10.963730726,0.000000000,1
10492.435972452,50,50,794,40.169726848,18.785352070,-10.963730726,18.785352070,-10.963730726,0.000000000,1
10493.504264355,50,50,793,40.082183009,18.785352070,-10.963730726,18.785352070,-10.963730726,0.000000000,1
10494.538750172,50,50,791,39.981738895,18.785352070,-10.963730726,18.785352070,-10.963730726,0.000000000,1
10495.572430134,50,50,789,39.895884735,18.785352070,-10.963730726,18.785352070,-10.963730726,0.000000000,1
10496.604115963,50,50,787,39.784670492,18.785352070,-10.963730726,18.785352070,-10.963730726,0.000000000,1
10497.752237082,50,50,784,39.670804439,18.785352070,-10.963730726,18.785352070,-10.963730726,0.000000000,1
10498.764546156,50,50,781,39.479671770,18.785352070,-10.963730726,18.785352070,-10.963730726,0.000000000,1
10499.776550055,50,50,781,39.479671770,18.785352070,-10.963730726,18.785352070,-10.963730726,0.000000000,1
10500.901000738,50,50,776,39.258084832,18.785352070,-10.963730726,18.785352070,-10.963730726,0.000000000,1
10502.017623425,50,50,776,39.258084832,18.785352070,-10.963730726,18.785352070,-10.963730726,0.000000000,1
10502.999100208,50,50,773,39.071435217,18.785352070,-10.963730726,18.785352070,-10.963730726,0.000000000,1
10504.035675526,50,50,771,38.971409104,18.785352070,-10.963730726,18.785352070,-10.963730726,0.000000000,1
10505.043929577,50,50,768,38.870074973,18.785352070,-10.963730726,18.785352070,-10.963730726,0.000000000,1
10506.302430153,50,50,767,38.772937300,18.785352070,-10.963730726,18.785352070,-10.963730726,0.000000000,1
10507.249562025,50,50,765,38.695077486,18.785352070,-10.963730726,18.785352070,-10.963730726,0.000000000,1
10508.416243792,50,50,763,38.578243517,18.785352070,-10.963730726,18.785352070,-10.963730726,0.000000000,1
10509.321569204,50,50,761,38.491456355,18.785352070,-10.963730726,18.785352070,-10.963730726,0.000000000,1
10510.433222055,50,50,757,38.299065746,18.785352070,-10.963730726,18.785352070,-10.963730726,0.000000000,1
10511.554601908,50,50,755,38.175335793,18.785352070,-10.963730726,18.785352070,-10.963730726,0.000000000,1
10512.628930807,50,50,753,38.081478409,18.785352070,-10.963730726,18.785352070,-10.963730726,0.000000000,1
10513.630803347,50,50,751,38.006453183,18.785352070,-10.963730726,18.785352070,-10.963730726,0.000000000,1
10514.819532394,50,50,749,37.883479365,18.785352070,-10.963730726,18.785352070,-10.963730726,0.000000000,1
10515.786467075,50,50,745,37.685812266,18.785352070,-10.963730726,18.785352070,-10.963730726,0.000000000,1
10516.788113832,50,50,743,37.611290885,18.785352070,-10.963730726,18.785352070,-10.963730726,0.000000000,1
10517.927481413,50,50,741,37.488784518,18.785352070,-10.963730726,18.785352070,-10.963730726,0.000000000,1
10518.907291412,50,50,739,37.414723180,18.785352070,-10.963730726,18.785352070,-10.963730726,0.000000000,1
10520.098033905,50,50,737,37.292918563,18.785352070,-10.963730726,18.785352070,-10.963730726,0.000000000,1
10521.015944958,50,50,735,37.219906744,18.785352070,-10.963730726,18.785352070,-10.963730726,0.000000000,1
10522.111211300,50,50,732,37.027897027,18.785352070,-10.963730726,18.785352070,-10.963730726,0.000000000,1
10523.181864262,50,50,729,36.908671951,18.785352070,-10.963730726,18.785352070,-10.963730726,0.000000000,1
10524.251787901,50,50,728,36.837243831,18.785352070,-10.963730726,18.785352070,-10.963730726,0.000000000,1
10525.294541597,50,50,725,36.718258444,18.785352070,-10.963730726,18.785352070,-10.963730726,0.000000000,1
10526.336033344,50,50,724,36.645357170,18.785352070,-10.963730726,18.785352070,-10.963730726,0.000000000,1
10527.372254133,50,50,722,36.523024516,18.785352070,-10.963730726,18.785352070,-10.963730726,0.000000000,1
10528.515760660,50,50,720,36.440157639,18.785352070,-10.963730726,18.785352070,-10.963730726,0.000000000,1
10529.507559061,50,50,718,36.343701666,18.785352070,-10.963730726,18.785352070,-10.963730726,0.000000000,1
10530.592437744,50,50,716,36.248959295,18.785352070,-10.963730726,18.785352070,-10.963730726,0.000000000,1
10531.746757746,50,50,714,36.144582052,18.785352070,-10.963730726,18.785352070,-10.963730726,0.000000000,1
10532.774383068,50,50,710,35.945396119,18.785352070,-10.963730726,18.785352070,-10.963730726,0.000000000,1
10533.637944698,50,50,708,35.828918026,18.785352070,-10.963730726,18.785352070,-10.963730726,0.000000000,1
10534.846800089,50,50,706,35.748288840,18.785352070,-10.963730726,18.785352070,-10.963730726,0.000000000,1
10535.819586992,50,50,704,35.633669010,18.785352070,-10.963730726,18.785352070,-10.963730726,0.000000000,1
10536.827726841,50,50,702,35.554087227,18.785352070,-10.963730726,18.785352070,-10.963730726,0.000000000,1
10537.982089758,50,50,700,35.440017457,18.785352070,-10.963730726,18.785352070,-10.963730726,0.000000000,1
10538.987564802,50,50,697,35.317707602,18.785352070,-10.963730726,18.785352070,-10.963730726,0.000000000,1
10540.022080183,50,50,695,35.204981779,18.785352070,-10.963730726,18.785352070,-10.963730726,0.000000000,1
10541.005519867,50,50,693,35.112396990,18.785352070,-10.963730726,18.785352070,-10.963730726,0.000000000,1
10542.126343012,50,50,691,35.016254455,18.785352070,-10.963730726,18.785352070,-10.963730726,0.000000000,1
10543.207495928,50,50,690,34.924180035,18.785352070,-10.963730726,18.785352070,-10.963730726,0.000000000,1
10544.300110579,50,50,687,34.801178186,18.785352070,-10.963730726,18.785352070,-10.963730726,0.000000000,1
10545.223848104,50,50,683,34.605281173,18.785352070,-10.963730726,18.785352070,-10.963730726,0.000000000,1
10546.271891117,50,50,682,34.550936270,18.785352070,-10.963730726,18.785352070,-10.963730726,0.000000000,1
10547.369858742,50,50,680,34.426874012,18.785352070,-10.963730726,18.785352070,-10.963730726,0.000000000,1
10548.337150574,50,50,678,34.349378373,18.785352070,-10.963730726,18.785352070,-10.963730726,0.000000000,1
10549.547086477,50,50,675,34.208836128,18.785352070,-10.963730726,18.785352070,-10.963730726,0.000000000,1
10550.521858692,50,50,673,34.109337160,18.785352070,-10.963730726,18.785352070,-10.963730726,0.000000000,1
10551.541345358,50,50,671,34.004439549,18.785352070,-10.963730726,18.785352070,-10.963730726,0.000000000,1
10552.724480391,50,50,669,33.899372049,18.785352070,-10.963730726,18.785352070,-10.963730726,0.000000000,1
10553.640513420,50,50,667,33.820030426,18.785352070,-10.963730726,18.785352070,-10.963730726,0.000000000,1
10554.799770832,50,50,665,33.700557011,18.785352070,-10.963730726,18.785352070,-10.963730726,0.000000000,1
10555.747822046,50,50,663,33.601589986,18.785352070,-10.963730726,18.785352070,-10.963730726,0.000000000,1
10556.885803461,50,50,661,33.509634298,18.785352070,-10.963730726,18.785352070,-10.963730726,0.000000000,1
10557.942308426,50,50,659,33.402968845,18.785352070,-10.963730726,18.785352070,-10.963730726,0.000000000,1
10558.859353781,50,50,657,33.279632447,18.785352070,-10.963730726,18.785352070,-10.963730726,0.000000000,1
10559.938402891,50,50,655,33.214277058,18.785352070,-10.963730726,18.785352070,-10.963730726,0.000000000,1
10561.062164545,50,50,652,33.038152064,18.785352070,-10.963730726,18.785352070,-10.963730726,0.000000000,1
10562.150222540,50,50,650,32.963772455,18.785352070,-10.963730726,18.785352070,-10.963730726,0.000000000,1
10563.219007730,50,50,648,32.868185902,18.785352070,-10.963730726,18.785352070,-10.963730726,0.000000000,1
10564.281768084,50,50,647,32.773705841,18.785352070,-10.963730726,18.785352070,-10.963730726,0.000000000,1
10565.363104105,50,50,644,32.645928566,18.785352070,-10.963730726,18.785352070,-10.963730726,0.000000000,1
10566.367261648,50,50,642,32.541807718,18.785352070,-10.963730726,18.785352070,-10.963730726,0.000000000,1
10567.378054142,50,50,640,32.467967027,18.785352070,-10.963730726,18.785352070,-10.963730726,0.000000000,1
10568.388597965,50,50,638,32.337792740,18.785352070,-10.963730726,18.785352070,-10.963730726,0.000000000,1
10569.487719536,50,50,636,32.250213425,18.785352070,-10.963730726,18.785352070,-10.963730726,0.000000000,1
10570.496458292,50,50,634,32.150739436,18.785352070,-10.963730726,18.785352070,-10.963730726,0.000000000,1
10571.723281860,50,50,630,31.936711892,18.785352070,-10.963730726,18.785352070,-10.963730726,0.000000000,1
10572.557837725,50,50,628,31.856703634,18.785352070,-10.963730726,18.785352070,-10.963730726,0.000000000,1
10573.621671200,50,50,625,31.705249661,18.785352070,-10.963730726,18.785352070,-10.963730726,0.000000000,1
10574.828342676,50,50,623,31.611932510,18.785352070,-10.963730726,18.785352070,-10.963730726,0.000000000,1
10575.812454700,50,50,621,31.518814136,18.785352070,-10.963730726,18.785352070,-10.963730726,0.000000000,1
10576.793430567,50,50,620,31.426306871,18.785352070,-10.963730726,18.785352070,-10.963730726,0.000000000,1
10577.852351665,50,50,617,31.300891181,18.785352070,-10.963730726,18.785352070,-10.963730726,0.000000000,1
10578.900254488,50,50,615,31.176535665,18.785352070,-10.963730726,18.785352070,-10.963730726,0.000000000,1
10579.965022564,50,50,613,31.081490398,18.785352070,-10.963730726,18.785352070,-10.963730726,0.000000000,1
10581.059020042,50,50,611,30.990069319,18.785352070,-10.963730726,18.785352070,-10.963730726,0.000000000,1
10582.126645803,50,50,608,30.848494295,18.785352070,-10.963730726,18.785352070,-10.963730726,0.000000000,1
10583.299156666,50,50,606,30.766143022,18.785352070,-10.963730726,18.785352070,-10.963730726,0.000000000,1
10584.286566019,50,50,603,30.625445296,18.785352070,-10.963730726,18.785352070,-10.963730726,0.000000000,1
10585.348944426,50,50,601,30.534501175,18.785352070,-10.963730726,18.785352070,-10.963730726,0.000000000,1
10586.319335699,50,50,599,30.407689323,18.785352070,-10.963730726,18.785352070,-10.963730726,0.000000000,1
10587.382452965,50,50,596,30.243470735,18.785352070,-10.963730726,18.785352070,-10.963730726,0.000000000,1
10588.569068193,50,50,594,30.140966897,18.785352070,-10.963730726,18.785352070,-10.963730726,0.000000000,1
10589.555289745,50,50,591,30.004067341,18.785352070,-10.963730726,18.785352070,-10.963730726,0.000000000,1
10590.579933882,50,50,590,29.927926896,18.785352070,-10.963730726,18.785352070,-10.963730726,0.000000000,1
10591.653271675,50,50,586,29.758482195,18.785352070,-10.963730726,18.785352070,-10.963730726,0.000000000,1
10592.672719717,50,50,584,29.672887425,18.785352070,-10.963730726,18.785352070,-10.963730726,0.000000000,1
10593.670397282,50,50,582,29.555007213,18.785352070,-10.963730726,18.785352070,-10.963730726,0.000000000,1
10594.974938154,50,50,581,29.475378978,18.785352070,-10.963730726,18.785352070,-10.963730726,0.000000000,1
10595.912212372,50,50,578,29.346431128,18.785352070,-10.963730726,18.785352070,-10.963730726,0.000000000,1
10597.008864641,50,50,573,29.109229465,18.785352070,-10.963730726,18.785352070,-10.963730726,0.000000000,1
10598.110545397,50,50,571,29.013527825,18.785352070,-10.963730726,18.785352070,-10.963730726,0.000000000,1
10599.052185535,50,50,568,28.869376022,18.785352070,-10.963730726,18.785352070,-10.963730726,0.000000000,1
10600.169572115,50,50,567,28.792844709,18.785352070,-10.963730726,18.785352070,-10.963730726,0.000000000,1
10601.304658175,50,50,564,28.662906332,18.785352070,-10.963730726,18.785352070,-10.963730726,0.000000000,1
10602.342168570,50,50,562,28.547103305,18.785352070,-10.963730726,18.785352070,-10.963730726,0.000000000,1
10603.388663769,50,50,560,28.468576062,18.785352070,-10.963730726,18.785352070,-10.963730726,0.000000000,1
10604.463396072,50,50,556,28.276093587,18.785352070,-10.963730726,18.785352070,-10.963730726,0.000000000,1
10605.451998234,50,50,555,28.182672389,18.785352070,-10.963730726,18.785352070,-10.963730726,0.000000000,1
10606.497195959,50,50,553,28.084823054,18.785352070,-10.963730726,18.785352070,-10.963730726,0.000000000,1
10607.685559273,50,50,549,27.892174849,18.785352070,-10.963730726,18.785352070,-10.963730726,0.000000000,1
10608.633562088,50,50,547,27.796372453,18.785352070,-10.963730726,18.785352070,-10.963730726,0.000000000,1
10609.787418842,50,50,545,27.695068585,18.785352070,-10.963730726,18.785352070,-10.963730726,0.000000000,1
10610.894761324,50,50,543,27.593943367,18.785352070,-10.963730726,18.785352070,-10.963730726,0.000000000,1
10611.819118738,50,50,539,27.395986289,18.785352070,-10.963730726,18.785352070,-10.963730726,0.000000000,1
10613.112867832,50,50,537,27.290472672,18.785352070,-10.963730726,18.785352070,-10.963730726,0.000000000,1
10614.064418077,50,50,535,27.192380906,18.785352070,-10.963730726,18.785352070,-10.963730726,0.000000000,1
10615.144098043,50,50,533,27.088220779,18.785352070,-10.963730726,18.785352070,-10.963730726,0.000000000,1
10616.157967567,50,50,529,26.892128610,18.785352070,-10.963730726,18.785352070,-10.963730726,0.000000000,1
10617.281368256,50,50,527,26.799253380,18.785352070,-10.963730726,18.785352070,-10.963730726,0.000000000,1
10618.403632402,50,50,525,26.697960825,18.785352070,-10.963730726,18.785352070,-10.963730726,0.000000000,1
10619.449956656,50,50,523,26.605332645,18.785352070,-10.963730726,18.785352070,-10.963730726,0.000000000,1
10620.536747217,50,50,518,26.378433475,18.785352070,-10.963730726,18.785352070,-10.963730726,0.000000000,1
10621.534491301,50,50,516,26.276448879,18.785352070,-10.963730726,18.785352070,-10.963730726,0.000000000,1
10622.564986944,50,50,515,26.184769079,18.785352070,-10.963730726,18.785352070,-10.963730726,0.000000000,1
10623.552556276,50,50,513,26.095784781,18.785352070,-10.963730726,18.785352070,-10.963730726,0.000000000,1
10624.666946173,50,50,509,25.905897540,18.785352070,-10.963730726,18.785352070,-10.963730726,0.000000000,1
10625.798518419,50,50,506,25.777584283,18.785352070,-10.963730726,18.785352070,-10.963730726,0.000000000,1
10626.723777533,50,50,505,25.684840741,18.785352070,-10.963730726,18.785352070,-10.963730726,0.000000000,1
10627.974778175,50,50,501,25.492588530,18.785352070,-10.963730726,18.785352070,-10.963730726,0.000000000,1
10628.897595644,50,50,498,25.374748563,18.785352070,-10.963730726,18.785352070,-10.963730726,0.000000000,1
10629.977138758,50,50,496,25.266535416,18.785352070,-10.963730726,18.785352070,-10.963730726,0.000000000,1
10631.014233589,50,50,494,25.170627095,18.785352070,-10.963730726,18.785352070,-10.963730726,0.000000000,1
10632.161832809,50,50,493,25.083856262,18.785352070,-10.963730726,18.785352070,-10.963730726,0.000000000,1
10633.241104841,50,50,490,24.965922566,18.785352070,-10.963730726,18.785352070,-10.963730726,0.000000000,1
10634.265005112,50,50,486,24.773458267,18.785352070,-10.963730726,18.785352070,-10.963730726,0.000000000,1
10635.314723730,50,50,484,24.667597308,18.785352070,-10.963730726,18.785352070,-10.963730726,0.000000000,1
10636.301584005,50,50,482,24.541653992,18.785352070,-10.963730726,18.785352070,-10.963730726,0.000000000,1
10637.455081224,50,50,480,24.449027647,18.785352070,-10.963730726,18.785352070,-10.963730726,0.000000000,1
10638.520408869,50,50,478,24.353121597,18.785352070,-10.963730726,18.785352070,-10.963730726,0.000000000,1
10639.635432005,50,50,474,24.132337663,18.785352070,-10.963730726,18.785352070,-10.963730726,0.000000000,1
10640.582896709,50,50,472,24.038173777,18.785352070,-10.963730726,18.785352070,-10.963730726,0.000000000,1
10641.618021965,50,50,470,23.955789283,18.785352070,-10.963730726,18.785352070,-10.963730726,0.000000000,1
10642.692956686,50,50,465,23.727792437,18.785352070,-10.963730726,18.785352070,-10.963730726,0.000000000,1
10643.712300062,50,50,464,23.633225779,18.785352070,-10.963730726,18.785352070,-10.963730726,0.000000000,1
10644.742555618,50,50,461,23.502357599,18.785352070,-10.963730726,18.785352070,-10.963730726,0.000000000,1
10645.890518665,50,50,459,23.430629525,18.785352070,-10.963730726,18.785352070,-10.963730726,0.000000000,1
10646.952023268,50,50,457,23.318632666,18.785352070,-10.963730726,18.785352070,-10.963730726,0.000000000,1
10648.026264429,50,50,455,23.197814369,18.785352070,-10.963730726,18.785352070,-10.963730726,0.000000000,1
10649.067586184,50,50,453,23.096253206,18.785352070,-10.963730726,18.785352070,-10.963730726,0.000000000,1
10650.125838757,50,50,449,22.916872866,18.785352070,-10.963730726,18.785352070,-10.963730726,0.000000000,1
10651.217048645,50,50,447,22.786348409,18.785352070,-10.963730726,18.785352070,-10.963730726,0.000000000,1
10652.340667248,50,50,445,22.692597283,18.785352070,-10.963730726,18.785352070,-10.963730726,0.000000000,1
10653.387932301,50,50,442,22.549956585,18.785352070,-10.963730726,18.785352070,-10.963730726,0.000000000,1
10654.363868713,50,50,438,22.333275219,18.785352070,-10.963730726,18.785352070,-10.963730726,0.000000000,1
10655.394513130,50,50,436,22.244791328,18.785352070,-10.963730726,18.785352070,-10.963730726,0.000000000,1
10656.482514381,50,50,433,22.116044470,18.785352070,-10.963730726,18.785352070,-10.963730726,0.000000000,1
10657.607020140,50,50,431,22.018349131,18.785352070,-10.963730726,18.785352070,-10.963730726,0.000000000,1
10658.664361477,50,50,428,21.881339780,18.785352070,-10.963730726,18.785352070,-10.963730726,0.000000000,1
10659.719397306,50,50,426,21.744209712,18.785352070,-10.963730726,18.785352070,-10.963730726,0.000000000,1
10660.773850441,50,50,424,21.667523223,18.785352070,-10.963730726,18.785352070,-10.963730726,0.000000000,1
10661.848370314,50,50,421,21.510382302,18.785352070,-10.963730726,18.785352070,-10.963730726,0.000000000,1
10662.899816990,50,50,418,21.365625010,18.785352070,-10.963730726,18.785352070,-10.963730726,0.000000000,1
10663.972186089,50,50,415,21.229862329,18.785352070,-10.963730726,18.785352070,-10.963730726,0.000000000,1
10665.026346445,50,50,413,21.128084523,18.785352070,-10.963730726,18.785352070,-10.963730726,0.000000000,1
10666.130804300,50,50,411,20.997199058,18.785352070,-10.963730726,18.785352070,-10.963730726,0.000000000,1
10667.151721478,50,50,407,20.812485746,18.785352070,-10.963730726,18.785352070,-10.963730726,0.000000000,1
10668.307317495,50,50,405,20.695174604,18.785352070,-10.963730726,18.785352070,-10.963730726,0.000000000,1
10669.262258530,50,50,403,20.602024148,18.785352070,-10.963730726,18.785352070,-10.963730726,0.000000000,1
10670.348394156,50,50,401,20.495835528,18.785352070,-10.963730726,18.785352070,-10.963730726,0.000000000,1
10671.443428040,50,50,397,20.308109142,18.785352070,-10.963730726,18.785352070,-10.963730726,0.000000000,1
10672.470340014,50,50,395,20.197016333,18.785352070,-10.963730726,18.785352070,-10.963730726,0.000000000,1
10673.469654799,50,50,393,20.099116368,18.785352070,-10.963730726,18.785352070,-10.963730726,0.000000000,1
10674.563777208,50,50,391,20.007611826,18.785352070,-10.963730726,18.785352070,-10.963730726,0.000000000,1
10675.581891298,50,50,389,19.905760746,18.785352070,-10.963730726,18.785352070,-10.963730726,0.000000000,1
10676.653871775,50,50,387,19.816963316,18.785352070,-10.963730726,18.785352070,-10.963730726,0.000000000,1
10677.719493628,50,50,383,19.619965120,18.785352070,-10.963730726,18.785352070,-10.963730726,0.000000000,1
10678.768638372,50,50,381,19.523856292,18.785352070,-10.963730726,18.785352070,-10.963730726,0.000000000,1
10679.858353853,50,50,380,19.432777015,18.785352070,-10.963730726,18.785352070,-10.963730726,0.000000000,1
10680.953183651,50,50,377,19.326408053,18.785352070,-10.963730726,18.785352070,-10.963730726,0.000000000,1
10681.959762812,50,50,374,19.135033515,18.785352070,-10.963730726,18.785352070,-10.963730726,0.000000000,1
10682.903093815,50,50,372,19.032080003,18.785352070,-10.963730726,18.785352070,-10.963730726,0.000000000,1
10684.073160887,50,50,370,18.942547867,18.785352070,-10.963730726,18.785352070,-10.963730726,0.000000000,1
10685.055272102,50,50,368,18.845551929,18.785352070,-10.963730726,18.785352070,-10.963730726,0.000000000,1
10686.130379915,50,50,366,18.754585565,18.785352070,-10.963730726,18.785352070,-10.963730726,0.000000000,1
10687.113250494,50,50,362,18.559631638,18.785352070,-10.963730726,18.785352070,-10.963730726,0.000000000,1
10688.127400875,50,50,360,18.472928692,18.785352070,-10.963730726,18.785352070,-10.963730726,0.000000000,1
10689.172717810,50,50,358,18.339488067,18.785352070,-10.963730726,18.785352070,-10.963730726,0.000000000,1
10690.245483875,50,50,356,18.242882903,18.785352070,-10.963730726,18.785352070,-10.963730726,0.000000000,1
10691.329904318,50,50,354,18.152375517,18.785352070,-10.963730726,18.785352070,-10.963730726,0.000000000,1
10692.327018738,50,50,352,18.052547513,18.785352070,-10.963730726,18.785352070,-10.963730726,0.000000000,1
10693.353854656,50,50,348,17.874218466,18.785352070,-10.963730726,18.785352070,-10.963730726,0.000000000,1
10694.482760906,50,50,346,17.773952514,18.785352070,-10.963730726,18.785352070,-10.963730726,0.000000000,1
10695.592131138,50,50,345,17.686422105,18.785352070,-10.963730726,18.785352070,-10.963730726,0.000000000,1
10696.555850029,50,50,340,17.457893742,18.785352070,-10.963730726,18.785352070,-10.963730726,0.000000000,1
10697.543937683,50,50,338,17.363255725,18.785352070,-10.963730726,18.785352070,-10.963730726,0.000000000,1
10698.680126905,50,50,336,17.274323740,18.785352070,-10.963730726,18.785352070,-10.963730726,0.000000000,1
10699.671679497,50,50,334,17.173784022,18.785352070,-10.963730726,18.785352070,-10.963730726,0.000000000,1
10700.789696455,50,50,332,17.079236521,18.785352070,-10.963730726,18.785352070,-10.963730726,0.000000000,1
10701.884710789,50,50,328,16.866926216,18.785352070,-10.963730726,18.785352070,-10.963730726,0.000000000,1
10702.815879583,50,50,326,16.762733167,18.785352070,-10.963730726,18.785352070,-10.963730726,0.000000000,1
10703.942564964,50,50,324,16.679164826,18.785352070,-10.963730726,18.785352070,-10.963730726,0.000000000,1
10704.936224461,50,50,321,16.502096419,18.785352070,-10.963730726,18.785352070,-10.963730726,0.000000000,1
10706.006411791,50,50,318,16.356654991,18.785352070,-10.963730726,18.785352070,-10.963730726,0.000000000,1
10707.163866758,50,50,316,16.269132098,18.785352070,-10.963730726,18.785352070,-10.963730726,0.000000000,1
10708.073023796,50,50,314,16.169463146,18.785352070,-10.963730726,18.785352070,-10.963730726,0.000000000,1
10709.118614435,50,50,311,15.989261512,18.785352070,-10.963730726,18.785352070,-10.963730726,0.000000000,1
10710.231794357,50,50,308,15.862906327,18.785352070,-10.963730726,18.785352070,-10.963730726,0.000000000,1
10711.237413168,50,50,306,15.765618197,18.785352070,-10.963730726,18.785352070,-10.963730726,0.000000000,1
10712.323042154,50,50,304,15.673979399,18.785352070,-10.963730726,18.785352070,-10.963730726,0.000000000,1
10713.326690435,50,50,302,15.543497081,18.785352070,-10.963730726,18.785352070,-10.963730726,0.000000000,1
10714.373018026,50,50,300,15.461684296,18.785352070,-10.963730726,18.785352070,-10.963730726,0.000000000,1
10715.364984035,50,50,296,15.271784073,18.785352070,-10.963730726,18.785352070,-10.963730726,0.000000000,1
10716.496252537,50,50,294,15.137387270,18.785352070,-10.963730726,18.785352070,-10.963730726,0.000000000,1
10717.456303596,50,50,292,15.077793445,18.785352070,-10.963730726,18.785352070,-10.963730726,0.000000000,1
10718.550956726,50,50,289,14.911148870,18.785352070,-10.963730726,18.785352070,-10.963730726,0.000000000,1
10719.589576006,50,50,287,14.823347376,18.785352070,-10.963730726,18.785352070,-10.963730726,0.000000000,1
10720.633303881,50,50,283,14.602072318,18.785352070,-10.963730726,18.785352070,-10.963730726,0.000000000,1
10721.752134562,50,50,281,14.512155095,18.785352070,-10.963730726,18.785352070,-10.963730726,0.000000000,1
10722.764044762,50,50,278,14.376196665,18.785352070,-10.963730726,18.785352070,-10.963730726,0.000000000,1
10723.879381180,50,50,277,14.304408903,18.785352070,-10.963730726,18.785352070,-10.963730726,0.000000000,1
10724.858393908,50,50,274,14.154435181,18.785352070,-10.963730726,18.785352070,-10.963730726,0.000000000,1
10725.918802500,50,50,272,14.074943928,18.785352070,-10.963730726,18.785352070,-10.963730726,0.000000000,1
10726.998020887,50,50,269,13.927633582,18.785352070,-10.963730726,18.785352070,-10.963730726,0.000000000,1
10728.006550789,50,50,268,13.851656148,18.785352070,-10.963730726,18.785352070,-10.963730726,0.000000000,1
10728.956616402,50,50,265,13.720895241,18.785352070,-10.963730726,18.785352070,-10.963730726,0.000000000,1
10730.021528959,50,50,262,13.567552408,18.785352070,-10.963730726,18.785352070,-10.963730726,0.000000000,1
10731.058373690,50,50,259,13.424129631,18.785352070,-10.963730726,18.785352070,-10.963730726,0.000000000,1
10732.069291115,50,50,257,13.342465006,18.785352070,-10.963730726,18.785352070,-10.963730726,0.000000000,1
10733.154883862,50,50,255,13.212438387,18.785352070,-10.963730726,18.785352070,-10.963730726,0.000000000,1
10734.154473066,50,50,252,13.061275773,18.785352070,-10.963730726,18.785352070,-10.963730726,0.000000000,1
10735.177740097,50,50,249,12.917584355,18.785352070,-10.963730726,18.785352070,-10.963730726,0.000000000,1
10736.193039894,50,50,247,12.827810582,18.785352070,-10.963730726,18.785352070,-10.963730726,0.000000000,1
10737.290663958,50,50,245,12.697547083,18.785352070,-10.963730726,18.785352070,-10.963730726,0.000000000,1
10738.345164061,50,50,242,12.567257377,18.785352070,-10.963730726,18.785352070,-10.963730726,0.000000000,1
10739.335603237,50,50,240,12.474976168,18.785352070,-10.963730726,18.785352070,-10.963730726,0.000000000,1
10740.429407597,50,50,239,12.383152365,18.785352070,-10.963730726,18.785352070,-10.963730726,0.000000000,1
10741.417344332,50,50,236,12.250652447,18.785352070,-10.963730726,18.785352070,-10.963730726,0.000000000,1
10742.457088232,50,50,234,12.159316867,18.785352070,-10.963730726,18.785352070,-10.963730726,0.000000000,1
10743.481929064,50,50,231,12.026641873,18.785352070,-10.963730726,18.785352070,-10.963730726,0.000000000,1
10744.562383175,50,50,230,11.935221868,18.785352070,-10.963730726,18.785352070,-10.963730726,0.000000000,1
10745.522076607,50,50,228,11.843263833,18.785352070,-10.963730726,18.785352070,-10.963730726,0.000000000,1
10746.623942137,50,50,225,11.709936247,18.785352070,-10.963730726,18.785352070,-10.963730726,0.000000000,1
10747.689048767,50,50,223,11.619355365,18.785352070,-10.963730726,18.785352070,-10.963730726,0.000000000,1
10748.706509829,50,50,221,11.528757015,18.785352070,-10.963730726,18.785352070,-10.963730726,0.000000000,1
10749.714990139,50,50,219,11.394758554,18.785352070,-10.963730726,18.785352070,-10.963730726,0.000000000,1
10750.755686283,50,50,217,11.303962029,18.785352070,-10.963730726,18.785352070,-10.963730726,0.000000000,1
10751.761962414,50,50,214,11.171766669,18.785352070,-10.963730726,18.785352070,-10.963730726,0.000000000,1
10752.821230888,50,50,211,10.992304400,18.785352070,-10.963730726,18.785352070,-10.963730726,0.000000000,1
10753.999005318,50,50,209,10.903690147,18.785352070,-10.963730726,18.785352070,-10.963730726,0.000000000,1
10754.870648384,50,50,207,10.797779158,18.785352070,-10.963730726,18.785352070,-10.963730726,0.000000000,1
10755.961378336,50,50,205,10.709862403,18.785352070,-10.963730726,18.785352070,-10.963730726,0.000000000,1
10756.986339092,50,50,202,10.546415203,18.785352070,-10.963730726,18.785352070,-10.963730726,0.000000000,1
10758.045708179,50,50,201,10.486425322,18.785352070,-10.963730726,18.785352070,-10.963730726,0.000000000,1
10759.021404028,50,50,199,10.397086502,18.785352070,-10.963730726,18.785352070,-10.963730726,0.000000000,1
10760.084461212,50,50,196,10.262396049,18.785352070,-10.963730726,18.785352070,-10.963730726,0.000000000,1
10761.121039867,50,50,193,10.086752904,18.785352070,-10.963730726,18.785352070,-10.963730726,0.000000000,1
10762.169076204,50,50,190,9.948828553,18.785352070,-10.963730726,18.785352070,-10.963730726,0.000000000,1
10763.169368744,50,50,190,9.948828553,18.785352070,-10.963730726,18.785352070,-10.963730726,0.000000000,1
10764.174293280,50,50,187,9.813541401,18.785352070,-10.963730726,18.785352070,-10.963730726,0.000000000,1
10765.267456770,50,50,183,9.611456744,18.785352070,-10.963730726,18.785352070,-10.963730726,0.000000000,1
10766.242553473,50,50,184,9.639244764,18.785352070,-10.963730726,18.785352070,-10.963730726,0.000000000,1
10767.271199942,50,50,181,9.503800937,18.785352070,-10.963730726,18.785352070,-10.963730726,0.000000000,1
10768.345831156,50,50,179,9.415548013,18.785352070,-10.963730726,18.785352070,-10.963730726,0.000000000,1
10769.369129419,50,50,176,9.278100752,18.785352070,-10.963730726,18.785352070,-10.963730726,0.000000000,1
10770.393884182,50,50,175,9.192918042,18.785352070,-10.963730726,18.785352070,-10.963730726,0.000000000,1
10771.424617767,50,50,172,9.053230715,18.785352070,-10.963730726,18.785352070,-10.963730726,0.000000000,1
10772.525741816,50,50,169,8.913906898,18.785352070,-10.963730726,18.785352070,-10.963730726,0.000000000,1
10773.484340668,50,50,167,8.835700878,18.785352070,-10.963730726,18.785352070,-10.963730726,0.000000000,1
10774.545890570,50,50,164,8.686892484,18.785352070,-10.963730726,18.785352070,-10.963730726,0.000000000,1
10775.609025478,50,50,162,8.547228163,18.785352070,-10.963730726,18.785352070,-10.963730726,0.000000000,1
10776.618575335,50,50,159,8.400597534,18.785352070,-10.963730726,18.785352070,-10.963730726,0.000000000,1
10777.627427578,50,50,156,8.263064549,18.785352070,-10.963730726,18.785352070,-10.963730726,0.000000000,1
10778.600616217,50,50,154,8.167398858,18.785352070,-10.963730726,18.785352070,-10.963730726,0.000000000,1
10779.693856955,50,50,152,8.041366216,18.785352070,-10.963730726,18.785352070,-10.963730726,0.000000000,1
10780.662458420,50,50,150,7.947421857,18.785352070,-10.963730726,18.785352070,-10.963730726,0.000000000,1
10781.738093615,50,50,149,7.882984472,18.785352070,-10.963730726,18.785352070,-10.963730726,0.000000000,1
10782.754089355,50,50,146,7.738516112,18.785352070,-10.963730726,18.785352070,-10.963730726,0.000000000,1
10783.813823938,50,50,144,7.637744304,18.785352070,-10.963730726,18.785352070,-10.963730726,0.000000000,1
10784.904753923,50,50,142,7.538604906,18.785352070,-10.963730726,18.785352070,-10.963730726,0.000000000,1
10785.829142094,50,50,140,7.439504723,18.785352070,-10.963730726,18.785352070,-10.963730726,0.000000000,1
10787.121330976,50,50,138,7.340441901,18.785352070,-10.963730726,18.785352070,-10.963730726,0.000000000,1
10787.925252676,50,50,136,7.241421041,18.785352070,-10.963730726,18.785352070,-10.963730726,0.000000000,1
10788.963748455,50,50,134,7.142445060,18.785352070,-10.963730726,18.785352070,-10.963730726,0.000000000,1
10789.982301474,50,50,132,7.043514127,18.785352070,-10.963730726,18.785352070,-10.963730726,0.000000000,1
10791.032727242,50,50,128,6.845805613,18.785352070,-10.963730726,18.785352070,-10.963730726,0.000000000,1
10792.032827854,50,50,128,6.845805613,18.785352070,-10.963730726,18.785352070,-10.963730726,0.000000000,1
10793.045156002,50,50,126,6.747037908,18.785352070,-10.963730726,18.785352070,-10.963730726,0.000000000,1
10794.054038048,50,50,122,6.549680429,18.785352070,-10.963730726,18.785352070,-10.963730726,0.000000000,1
10795.122189283,50,50,120,6.451103516,18.785352070,-10.963730726,18.785352070,-10.963730726,0.000000000,1
10796.135393858,50,50,118,6.352597433,18.785352070,-10.963730726,18.785352070,-10.963730726,0.000000000,1
10797.188470125,50,50,116,6.254168018,18.785352070,-10.963730726,18.785352070,-10.963730726,0.000000000,1
10798.170837164,50,50,114,6.155823902,18.785352070,-10.963730726,18.785352070,-10.963730726,0.000000000,1
10799.213965893,50,50,112,6.057571215,18.785352070,-10.963730726,18.785352070,-10.963730726,0.000000000,1
10800.264219761,50,50,110,5.959414597,18.785352070,-10.963730726,18.785352070,-10.963730726,0.000000000,1
10801.315383911,50,50,108,5.861358981,18.785352070,-10.963730726,18.785352070,-10.963730726,0.000000000,1
10802.280001163,50,50,104,5.665600874,18.785352070,-10.963730726,18.785352070,-10.963730726,0.000000000,1
10803.321406841,50,50,104,5.665600874,18.785352070,-10.963730726,18.785352070,-10.963730726,0.000000000,1
10804.356703281,50,50,100,5.470408762,18.785352070,-10.963730726,18.785352070,-10.963730726,0.000000000,1
10805.402920485,50,50,98,5.373108827,18.785352070,-10.963730726,18.785352070,-10.963730726,0.000000000,1
10806.432579041,50,50,96,5.276211768,18.785352070,-10.963730726,18.785352070,-10.963730726,0.000000000,1
10807.454985857,50,50,95,5.180330457,18.785352070,-10.963730726,18.785352070,-10.963730726,0.000000000,1
10808.471334219,50,50,93,5.085672350,18.785352070,-10.963730726,18.785352070,-10.963730726,0.000000000,1
10809.480139256,50,50,91,4.985201174,18.785352070,-10.963730726,18.785352070,-10.963730726,0.000000000,1
10810.539515257,50,50,89,4.889090197,18.785352070,-10.963730726,18.785352070,-10.963730726,0.000000000,1
10811.520716429,50,50,85,4.697353145,18.785352070,-10.963730726,18.785352070,-10.963730726,0.000000000,1
10812.556018114,50,50,83,4.602002297,18.785352070,-10.963730726,18.785352070,-10.963730726,0.000000000,1
10813.574882030,50,50,79,4.486300714,18.785352070,-10.963730726,18.785352070,-10.963730726,0.000000000,1
10814.586387634,50,50,78,4.380243352,18.785352070,-10.963730726,18.785352070,-10.963730726,0.000000000,1
10815.634756565,50,50,75,4.189971934,18.785352070,-10.963730726,18.785352070,-10.963730726,0.000000000,1
10953.151491642,53,53,639,32.032374003,36.787110410,6.738149188,36.787110410,6.738149188,0.000000000,1
10954.184432030,53,53,639,32.032374003,36.787110410,6.738149188,36.787110410,6.738149188,0.000000000,1
10955.217379570,53,53,639,32.031784187,36.787110410,6.738149188,36.787110410,6.738149188,0.000000000,1
10956.371656179,53,53,637,31.935653304,36.787110410,6.738149188,36.787110410,6.738149188,0.000000000,1
10957.426247358,53,53,635,31.836409625,36.787110410,6.738149188,36.787110410,6.738149188,0.000000000,1
10958.603608608,53,53,634,31.795469279,36.787110410,6.738149188,36.787110410,6.738149188,0.000000000,1
10959.498226881,53,53,632,31.668463077,36.787110410,6.738149188,36.787110410,6.738149188,0.000000000,1
10960.700110912,53,53,632,31.668463077,36.787110410,6.738149188,36.787110410,6.738149188,0.000000000,1
10961.623071671,53,53,632,31.668463077,36.787110410,6.738149188,36.787110410,6.738149188,0.000000000,1
10962.693766117,53,53,632,31.668463077,36.787110410,6.738149188,36.787110410,6.738149188,0.000000000,1
10963.799510241,53,53,632,31.668463077,36.787110410,6.738149188,36.787110410,6.738149188,0.000000000,1
10964.929036140,53,53,632,31.668463077,36.787110410,6.738149188,36.787110410,6.738149188,0.000000000,1
10966.100229263,53,53,632,31.668463077,36.787110410,6.738149188,36.787110410,6.738149188,0.000000000,1
10966.933492184,53,53,629,31.561936190,36.787110410,6.738149188,36.787110410,6.738149188,0.000000000,1
10968.018545389,53,53,631,31.628845599,36.787110410,6.738149188,36.787110410,6.738149188,0.000000000,1
10969.123558521,53,53,627,31.429186535,36.787110410,6.738149188,36.787110410,6.738149188,0.000000000,1
10970.149930000,53,53,625,31.321698327,36.787110410,6.738149188,36.787110410,6.738149188,0.000000000,1
10971.174890757,53,53,622,31.192933868,36.787110410,6.738149188,36.787110410,6.738149188,0.000000000,1
10972.203380585,53,53,621,31.122143988,36.787110410,6.738149188,36.787110410,6.738149188,0.000000000,1
10973.219464779,53,53,620,31.070106431,36.787110410,6.738149188,36.787110410,6.738149188,0.000000000,1
10974.415035725,53,53,617,30.912883641,36.787110410,6.738149188,36.787110410,6.738149188,0.000000000,1
10975.526245117,53,53,616,30.864019311,36.787110410,6.738149188,36.787110410,6.738149188,0.000000000,1
10976.455702782,53,53,612,30.681186247,36.787110410,6.738149188,36.787110410,6.738149188,0.000000000,1
10977.528904676,53,53,611,30.631034589,36.787110410,6.738149188,36.787110410,6.738149188,0.000000000,1
10978.540732622,53,53,610,30.579854380,36.787110410,6.738149188,36.787110410,6.738149188,0.000000000,1
10979.626892805,53,53,606,30.368883752,36.787110410,6.738149188,36.787110410,6.738149188,0.000000000,1
10980.827895403,53,53,606,30.378860376,36.787110410,6.738149188,36.787110410,6.738149188,0.000000000,1
10981.816084862,53,53,601,30.155965572,36.787110410,6.738149188,36.787110410,6.738149188,0.000000000,1
10982.852190971,53,53,600,30.073300361,36.787110410,6.738149188,36.787110410,6.738149188,0.000000000,1
10983.894568443,53,53,597,29.920394223,36.787110410,6.738149188,36.787110410,6.738149188,0.000000000,1
10984.987020969,53,53,595,29.824885940,36.787110410,6.738149188,36.787110410,6.738149188,0.000000000,1
10986.173561573,53,53,592,29.706743734,36.787110410,6.738149188,36.787110410,6.738149188,0.000000000,1
10987.055857897,53,53,591,29.623464050,36.787110410,6.738149188,36.787110410,6.738149188,0.000000000,1
10988.182295561,53,53,588,29.474696689,36.787110410,6.738149188,36.787110410,6.738149188,0.000000000,1
10989.154903412,53,53,586,29.409924135,36.787110410,6.738149188,36.787110410,6.738149188,0.000000000,1
10990.293633699,53,53,583,29.225817822,36.787110410,6.738149188,36.787110410,6.738149188,0.000000000,1
10991.358543873,53,53,582,29.162215445,36.787110410,6.738149188,36.787110410,6.738149188,0.000000000,1
10992.421005726,53,53,579,29.026544415,36.787110410,6.738149188,36.787110410,6.738149188,0.000000000,1
10993.608453512,53,53,577,28.951497278,36.787110410,6.738149188,36.787110410,6.738149188,0.000000000,1
10994.677240610,53,53,575,28.828291953,36.787110410,6.738149188,36.787110410,6.738149188,0.000000000,1
10995.567928791,53,53,571,28.639805480,36.787110410,6.738149188,36.787110410,6.738149188,0.000000000,1
10996.697710752,53,53,569,28.543226178,36.787110410,6.738149188,36.787110410,6.738149188,0.000000000,1
10997.808230162,53,53,568,28.469953486,36.787110410,6.738149188,36.787110410,6.738149188,0.000000000,1
10998.786619186,53,53,565,28.316990583,36.787110410,6.738149188,36.787110410,6.738149188,0.000000000,1
10999.885603428,53,53,563,28.234435471,36.787110410,6.738149188,36.787110410,6.738149188,0.000000000,1
11000.908821106,53,53,561,28.132466676,36.787110410,6.738149188,36.787110410,6.738149188,0.000000000,1
11001.932714939,53,53,559,28.026393192,36.787110410,6.738149188,36.787110410,6.738149188,0.000000000,1
11003.322154999,53,53,557,27.916294938,36.787110410,6.738149188,36.787110410,6.738149188,0.000000000,1
11004.159645557,53,53,554,27.785157649,36.787110410,6.738149188,36.787110410,6.738149188,0.000000000,1
11005.287853718,53,53,553,27.740892534,36.787110410,6.738149188,36.787110410,6.738149188,0.000000000,1
11006.268893719,53,53,549,27.574962502,36.787110410,6.738149188,36.787110410,6.738149188,0.000000000,1
11007.295939684,53,53,549,27.574962502,36.787110410,6.738149188,36.787110410,6.738149188,0.000000000,1
11008.425403833,53,53,546,27.386141074,36.787110410,6.738149188,36.787110410,6.738149188,0.000000000,1
11009.396241665,53,53,544,27.275161159,36.787110410,6.738149188,36.787110410,6.738149188,0.000000000,1
11010.481463909,53,53,541,27.146760308,36.787110410,6.738149188,36.787110410,6.738149188,0.000000000,1
11011.624332190,53,53,540,27.088006053,36.787110410,6.738149188,36.787110410,6.738149188,0.000000000,1
11012.588656425,53,53,537,26.938742632,36.787110410,6.738149188,36.787110410,6.738149188,0.000000000,1
11013.724425793,53,53,535,26.842158315,36.787110410,6.738149188,36.787110410,6.738149188,0.000000000,1
11014.842143297,53,53,533,26.740357946,36.787110410,6.738149188,36.787110410,6.738149188,0.000000000,1
11015.853056431,53,53,531,26.614127044,36.787110410,6.738149188,36.787110410,6.738149188,0.000000000,1
11016.896970749,53,53,529,26.543078296,36.787110410,6.738149188,36.787110410,6.738149188,0.000000000,1
11017.933176279,53,53,526,26.364549702,36.787110410,6.738149188,36.787110410,6.738149188,0.000000000,1
11019.094092607,53,53,523,26.262250350,36.787110410,6.738149188,36.787110410,6.738149188,0.000000000,1
11020.220984459,53,53,519,26.045961971,36.787110410,6.738149188,36.787110410,6.738149188,0.000000000,1
11021.135884523,53,53,518,25.996804456,36.787110410,6.738149188,36.787110410,6.738149188,0.000000000,1
11022.123022318,53,53,515,25.857512484,36.787110410,6.738149188,36.787110410,6.738149188,0.000000000,1
11023.167008162,53,53,513,25.726277017,36.787110410,6.738149188,36.787110410,6.738149188,0.000000000,1
11024.258386850,53,53,510,25.565704386,36.787110410,6.738149188,36.787110410,6.738149188,0.000000000,1
11025.373229027,53,53,506,25.411862867,36.787110410,6.738149188,36.787110410,6.738149188,0.000000000,1
11026.362277031,53,53,505,25.323060710,36.787110410,6.738149188,36.787110410,6.738149188,0.000000000,1
11027.410781145,53,53,502,25.182133878,36.787110410,6.738149188,36.787110410,6.738149188,0.000000000,1
11028.466527462,53,53,500,25.083569098,36.787110410,6.738149188,36.787110410,6.738149188,0.000000000,1
11029.588988066,53,53,498,25.002453208,36.787110410,6.738149188,36.787110410,6.738149188,0.000000000,1
11030.635887861,53,53,496,24.868266444,36.787110410,6.738149188,36.787110410,6.738149188,0.000000000,1
11031.637387991,53,53,493,24.732606129,36.787110410,6.738149188,36.787110410,6.738149188,0.000000000,1
11032.695658684,53,53,491,24.657471870,36.787110410,6.738149188,36.787110410,6.738149188,0.000000000,1
11033.778621674,53,53,488,24.472058004,36.787110410,6.738149188,36.787110410,6.738149188,0.000000000,1
11034.862430096,53,53,486,24.409449212,36.787110410,6.738149188,36.787110410,6.738149188,0.000000000,1
11035.795340776,53,53,482,24.187105582,36.787110410,6.738149188,36.787110410,6.738149188,0.000000000,1
11036.951361656,53,53,480,24.088950886,36.787110410,6.738149188,36.787110410,6.738149188,0.000000000,1
11037.984083414,53,53,478,23.970219939,36.787110410,6.738149188,36.787110410,6.738149188,0.000000000,1
11038.966318130,53,53,476,23.869403462,36.787110410,6.738149188,36.787110410,6.738149188,0.000000000,1
11040.108831644,53,53,471,23.613160850,36.787110410,6.738149188,36.787110410,6.738149188,0.000000000,1
11041.180443287,53,53,468,23.499271889,36.787110410,6.738149188,36.787110410,6.738149188,0.000000000,1
11042.094967604,53,53,467,23.414074169,36.787110410,6.738149188,36.787110410,6.738149188,0.000000000,1
11043.243323565,53,53,464,23.293514624,36.787110410,6.738149188,36.787110410,6.738149188,0.000000000,1
11044.218225956,53,53,462,23.188884821,36.787110410,6.738149188,36.787110410,6.738149188,0.000000000,1
11045.399080515,53,53,460,23.073031294,36.787110410,6.738149188,36.787110410,6.738149188,0.000000000,1
11046.322561979,53,53,457,22.927851476,36.787110410,6.738149188,36.787110410,6.738149188,0.000000000,1
11047.435829878,53,53,453,22.721120966,36.787110410,6.738149188,36.787110410,6.738149188,0.000000000,1
11048.453009844,53,53,450,22.598394437,36.787110410,6.738149188,36.787110410,6.738149188,0.000000000,1
11049.438844681,53,53,450,22.602260066,36.787110410,6.738149188,36.787110410,6.738149188,0.000000000,1
11050.530938864,53,53,446,22.390180675,36.787110410,6.738149188,36.787110410,6.738149188,0.000000000,1
11051.584342480,53,53,443,22.230454068,36.787110410,6.738149188,36.787110410,6.738149188,0.000000000,1
11052.689244747,53,53,441,22.149857045,36.787110410,6.738149188,36.787110410,6.738149188,0.000000000,1
11053.728103399,53,53,439,22.045352012,36.787110410,6.738149188,36.787110410,6.738149188,0.000000000,1
11054.828522682,53,53,437,21.943552665,36.787110410,6.738149188,36.787110410,6.738149188,0.000000000,1
11055.943820477,53,53,433,21.747353274,36.787110410,6.738149188,36.787110410,6.738149188,0.000000000,1
11057.057591200,53,53,432,21.704317492,36.787110410,6.738149188,36.787110410,6.738149188,0.000000000,1
11057.981883764,53,53,429,21.522393092,36.787110410,6.738149188,36.787110410,6.738149188,0.000000000,1
11059.020072937,53,53,427,21.458378334,36.787110410,6.738149188,36.787110410,6.738149188,0.000000000,1
11060.042779207,53,53,426,21.392348224,36.787110410,6.738149188,36.787110410,6.738149188,0.000000000,1
11061.103116512,53,53,423,21.243296069,36.787110410,6.738149188,36.787110410,6.738149188,0.000000000,1
11062.090116262,53,53,420,21.068295817,36.787110410,6.738149188,36.787110410,6.738149188,0.000000000,1
11063.174168110,53,53,418,21.002296019,36.787110410,6.738149188,36.787110410,6.738149188,0.000000000,1
11064.226600885,53,53,415,20.858152819,36.787110410,6.738149188,36.787110410,6.738149188,0.000000000,1
11065.224650621,53,53,414,20.808097258,36.787110410,6.738149188,36.787110410,6.738149188,0.000000000,1
11066.381622553,53,53,412,20.703033561,36.787110410,6.738149188,36.787110410,6.738149188,0.000000000,1
11067.380681515,53,53,408,20.495884015,36.787110410,6.738149188,36.787110410,6.738149188,0.000000000,1
11068.401663780,53,53,404,20.303936776,36.787110410,6.738149188,36.787110410,6.738149188,0.000000000,1
11069.447857380,53,53,402,20.185527336,36.787110410,6.738149188,36.787110410,6.738149188,0.000000000,1
11070.500962019,53,53,401,20.128398583,36.787110410,6.738149188,36.787110410,6.738149188,0.000000000,1
11071.534184933,53,53,398,20.009980764,36.787110410,6.738149188,36.787110410,6.738149188,0.000000000,1
11072.717014551,53,53,396,19.893760244,36.787110410,6.738149188,36.787110410,6.738149188,0.000000000,1
11073.646768808,53,53,392,19.702377394,36.787110410,6.738149188,36.787110410,6.738149188,0.000000000,1
11074.745750427,53,53,390,19.584613324,36.787110410,6.738149188,36.787110410,6.738149188,0.000000000,1
11075.804104090,53,53,388,19.480070026,36.787110410,6.738149188,36.787110410,6.738149188,0.000000000,1
11076.840025663,53,53,387,19.416466492,36.787110410,6.738149188,36.787110410,6.738149188,0.000000000,1
11077.848586559,53,53,385,19.322970213,36.787110410,6.738149188,36.787110410,6.738149188,0.000000000,1
11078.927039623,53,53,381,19.122821447,36.787110410,6.738149188,36.787110410,6.738149188,0.000000000,1
11080.013075352,53,53,379,19.013676752,36.787110410,6.738149188,36.787110410,6.738149188,0.000000000,1
11081.080028296,53,53,377,18.912822102,36.787110410,6.738149188,36.787110410,6.738149188,0.000000000,1
11082.066034079,53,53,375,18.828237661,36.787110410,6.738149188,36.787110410,6.738149188,0.000000000,1
11083.072551489,53,53,373,18.721702432,36.787110410,6.738149188,36.787110410,6.738149188,0.000000000,1
11084.070812225,53,53,370,18.610101888,36.787110410,6.738149188,36.787110410,6.738149188,0.000000000,1
11085.147269011,53,53,366,18.404708511,36.787110410,6.738149188,36.787110410,6.738149188,0.000000000,1
11086.215902328,53,53,364,18.302629632,36.787110410,6.738149188,36.787110410,6.738149188,0.000000000,1
11087.341871977,53,53,363,18.224406498,36.787110410,6.738149188,36.787110410,6.738149188,0.000000000,1
11088.325361967,53,53,360,18.106846785,36.787110410,6.738149188,36.787110410,6.738149188,0.000000000,1
11089.276316881,53,53,358,17.976135991,36.787110410,6.738149188,36.787110410,6.738149188,0.000000000,1
11090.376379013,53,53,355,17.835006229,36.787110410,6.738149188,36.787110410,6.738149188,0.000000000,1
11091.397212029,53,53,352,17.701673679,36.787110410,6.738149188,36.787110410,6.738149188,0.000000000,1
11092.444067478,53,53,350,17.600487153,36.787110410,6.738149188,36.787110410,6.738149188,0.000000000,1
11093.496252060,53,53,348,17.496359437,36.787110410,6.738149188,36.787110410,6.738149188,0.000000000,1
11094.497778416,53,53,346,17.409395963,36.787110410,6.738149188,36.787110410,6.738149188,0.000000000,1
11095.622376680,53,53,344,17.278649921,36.787110410,6.738149188,36.787110410,6.738149188,0.000000000,1
11096.584609032,53,53,342,17.165885179,36.787110410,6.738149188,36.787110410,6.738149188,0.000000000,1
11097.589103460,53,53,340,17.076369854,36.787110410,6.738149188,36.787110410,6.738149188,0.000000000,1
11098.745629549,53,53,337,16.939599649,36.787110410,6.738149188,36.787110410,6.738149188,0.000000000,1
11099.765184164,53,53,334,16.776219231,36.787110410,6.738149188,36.787110410,6.738149188,0.000000000,1
11100.778632879,53,53,333,16.739173440,36.787110410,6.738149188,36.787110410,6.738149188,0.000000000,1
11101.812780142,53,53,330,16.587667585,36.787110410,6.738149188,36.787110410,6.738149188,0.000000000,1
11102.834036350,53,53,327,16.419575716,36.787110410,6.738149188,36.787110410,6.738149188,0.000000000,1
11103.846712589,53,53,324,16.298431462,36.787110410,6.738149188,36.787110410,6.738149188,0.000000000,1
11104.981750250,53,53,322,16.198674550,36.787110410,6.738149188,36.787110410,6.738149188,0.000000000,1
11105.969022989,53,53,320,16.091389587,36.787110410,6.738149188,36.787110410,6.738149188,0.000000000,1
11107.044057131,53,53,318,15.984691428,36.787110410,6.738149188,36.787110410,6.738149188,0.000000000,1
11108.107234478,53,53,315,15.852328470,36.787110410,6.738149188,36.787110410,6.738149188,0.000000000,1
11109.074830294,53,53,313,15.721973676,36.787110410,6.738149188,36.787110410,6.738149188,0.000000000,1
11110.094461203,53,53,311,15.638747629,36.787110410,6.738149188,36.787110410,6.738149188,0.000000000,1
11111.148608208,53,53,308,15.474762856,36.787110410,6.738149188,36.787110410,6.738149188,0.000000000,1
11112.222252131,53,53,307,15.415074739,36.787110410,6.738149188,36.787110410,6.738149188,0.000000000,1
11113.240341902,53,53,302,15.170557324,36.787110410,6.738149188,36.787110410,6.738149188,0.000000000,1
11114.313615561,53,53,300,15.084530999,36.787110410,6.738149188,36.787110410,6.738149188,0.000000000,1
11115.330625057,53,53,299,15.020934055,36.787110410,6.738149188,36.787110410,6.738149188,0.000000000,1
11116.301674128,53,53,296,14.865308572,36.787110410,6.738149188,36.787110410,6.738149188,0.000000000,1
11117.400593281,53,53,292,14.671424840,36.787110410,6.738149188,36.787110410,6.738149188,0.000000000,1
11118.418631077,53,53,290,14.570484305,36.787110410,6.738149188,36.787110410,6.738149188,0.000000000,1
11119.484953165,53,53,287,14.463110420,36.787110410,6.738149188,36.787110410,6.738149188,0.000000000,1
11120.533852339,53,53,285,14.335399725,36.787110410,6.738149188,36.787110410,6.738149188,0.000000000,1
11121.530762434,53,53,284,14.299179339,36.787110410,6.738149188,36.787110410,6.738149188,0.000000000,1
11122.522477627,53,53,281,14.127431356,36.787110410,6.738149188,36.787110410,6.738149188,0.000000000,1
11123.569733381,53,53,277,13.938835003,36.787110410,6.738149188,36.787110410,6.738149188,0.000000000,1
11124.602204800,53,53,274,13.785329337,36.787110410,6.738149188,36.787110410,6.738149188,0.000000000,1
11125.676881313,53,53,272,13.675313056,36.787110410,6.738149188,36.787110410,6.738149188,0.000000000,1
11126.750362396,53,53,270,13.585308668,36.787110410,6.738149188,36.787110410,6.738149188,0.000000000,1
11127.768054247,53,53,266,13.385286604,36.787110410,6.738149188,36.787110410,6.738149188,0.000000000,1
11128.777417660,53,53,264,13.275295104,36.787110410,6.738149188,36.787110410,6.738149188,0.000000000,1
11129.828102112,53,53,262,13.185259065,36.787110410,6.738149188,36.787110410,6.738149188,0.000000000,1
11130.825763226,53,53,260,13.075281453,36.787110410,6.738149188,36.787110410,6.738149188,0.000000000,1
11131.947431564,53,53,258,12.985233665,36.787110410,6.738149188,36.787110410,6.738149188,0.000000000,1
11132.923617125,53,53,254,12.785198258,36.787110410,6.738149188,36.787110410,6.738149188,0.000000000,1
11133.878662586,53,53,252,12.675259772,36.787110410,6.738149188,36.787110410,6.738149188,0.000000000,1
11134.907561064,53,53,250,12.585155924,36.787110410,6.738149188,36.787110410,6.738149188,0.000000000,1
11135.980210066,53,53,248,12.474847097,36.787110410,6.738149188,36.787110410,6.738149188,0.000000000,1
11137.004754543,53,53,246,12.385109624,36.787110410,6.738149188,36.787110410,6.738149188,0.000000000,1
11138.085480452,53,53,242,12.185054205,36.787110410,6.738149188,36.787110410,6.738149188,0.000000000,1
11139.093553305,53,53,240,12.074805068,36.787110410,6.738149188,36.787110410,6.738149188,0.000000000,1
11140.093818426,53,53,238,11.984999127,36.787110410,6.738149188,36.787110410,6.738149188,0.000000000,1
11141.132627249,53,53,236,11.874790152,36.787110410,6.738149188,36.787110410,6.738149188,0.000000000,1
11142.163562298,53,53,232,11.682726494,36.787110410,6.738149188,36.787110410,6.738149188,0.000000000,1
11143.217726231,53,53,230,11.584860946,36.787110410,6.738149188,36.787110410,6.738149188,0.000000000,1
11144.282453060,53,53,228,11.484566547,36.787110410,6.738149188,36.787110410,6.738149188,0.000000000,1
11145.350549698,53,53,226,11.384780015,36.787110410,6.738149188,36.787110410,6.738149188,0.000000000,1
11146.286751986,53,53,222,11.184697933,36.787110410,6.738149188,36.787110410,6.738149188,0.000000000,1
11147.275561571,53,53,220,11.084350950,36.787110410,6.738149188,36.787110410,6.738149188,0.000000000,1
11148.382644892,53,53,218,10.984613268,36.787110410,6.738149188,36.787110410,6.738149188,0.000000000,1
11149.471623421,53,53,216,10.884234274,36.787110410,6.738149188,36.787110410,6.738149188,0.000000000,1
11150.427073479,53,53,214,10.785182487,36.787110410,6.738149188,36.787110410,6.738149188,0.000000000,1
11151.435599804,53,53,212,10.684109351,36.787110410,6.738149188,36.787110410,6.738149188,0.000000000,1
11152.500296593,53,53,210,10.585121825,36.787110410,6.738149188,36.787110410,6.738149188,0.000000000,1
11153.543093920,53,53,208,10.476372602,36.787110410,6.738149188,36.787110410,6.738149188,0.000000000,1
11154.553617477,53,53,206,10.385082070,36.787110410,6.738149188,36.787110410,6.738149188,0.000000000,1
11155.566905260,53,53,202,10.185088451,36.787110410,6.738149188,36.787110410,6.738149188,0.000000000,1
11156.665287495,53,53,200,10.077701693,36.787110410,6.738149188,36.787110410,6.738149188,0.000000000,1
11157.654411077,53,53,198,9.985139270,36.787110410,6.738149188,36.787110410,6.738149188,0.000000000,1
11158.719016075,53,53,194,9.785310529,36.787110410,6.738149188,36.787110410,6.738149188,0.000000000,1
11159.683968782,53,53,192,9.678983773,36.787110410,6.738149188,36.787110410,6.738149188,0.000000000,1
11160.744049072,53,53,190,9.584940820,36.787110410,6.738149188,36.787110410,6.738149188,0.000000000,1
11161.781488657,53,53,188,9.477351493,36.787110410,6.738149188,36.787110410,6.738149188,0.000000000,1
11162.830960751,53,53,184,9.283415301,36.787110410,6.738149188,36.787110410,6.738149188,0.000000000,1
11163.832489014,53,53,182,9.195514172,36.787110410,6.738149188,36.787110410,6.738149188,0.000000000,1
11164.918255091,53,53,178,9.006318230,36.787110410,6.738149188,36.787110410,6.738149188,0.000000000,1
11165.896431923,53,53,176,8.904340143,36.787110410,6.738149188,36.787110410,6.738149188,0.000000000,1
11166.949814558,53,53,175,8.819850866,36.787110410,6.738149188,36.787110410,6.738149188,0.000000000,1
11167.949200869,53,53,172,8.692427965,36.787110410,6.738149188,36.787110410,6.738149188,0.000000000,1
11168.989575148,53,53,168,8.469612096,36.787110410,6.738149188,36.787110410,6.738149188,0.000000000,1
11170.068479300,53,53,166,8.367028850,36.787110410,6.738149188,36.787110410,6.738149188,0.000000000,1
11171.095423222,53,53,164,8.277685719,36.787110410,6.738149188,36.787110410,6.738149188,0.000000000,1
11172.113339186,53,53,162,8.174270212,36.787110410,6.738149188,36.787110410,6.738149188,0.000000000,1
11173.118495464,53,53,160,8.083094719,36.787110410,6.738149188,36.787110410,6.738149188,0.000000000,1
11174.144921303,53,53,157,7.953921973,36.787110410,6.738149188,36.787110410,6.738149188,0.000000000,1
11175.190708876,53,53,153,7.760350009,36.787110410,6.738149188,36.787110410,6.738149188,0.000000000,1
11176.212008953,53,53,152,7.673622904,36.787110410,6.738149188,36.787110410,6.738149188,0.000000000,1
11177.249772787,53,53,150,7.573169682,36.787110410,6.738149188,36.787110410,6.738149188,0.000000000,1
11178.281074047,53,53,147,7.449263422,36.787110410,6.738149188,36.787110410,6.738149188,0.000000000,1
11179.317252874,53,53,145,7.351017193,36.787110410,6.738149188,36.787110410,6.738149188,0.000000000,1
11180.332320929,53,53,146,7.325332145,36.787110410,6.738149188,36.787110410,6.738149188,0.000000000,1
11181.372250557,53,53,144,7.223122612,36.787110410,6.738149188,36.787110410,6.738149188,0.000000000,1
11182.383997917,53,53,140,7.019405130,36.787110410,6.738149188,36.787110410,6.738149188,0.000000000,1
11183.403269529,53,53,137,6.887525524,36.787110410,6.738149188,36.787110410,6.738149188,0.000000000,1
11184.425604343,53,53,136,6.805874968,36.787110410,6.738149188,36.787110410,6.738149188,0.000000000,1
11185.469897509,53,53,134,6.701285177,36.787110410,6.738149188,36.787110410,6.738149188,0.000000000,1
11186.506304502,53,53,132,6.603141948,36.787110410,6.738149188,36.787110410,6.738149188,0.000000000,1
11187.506862402,53,53,129,6.472754641,36.787110410,6.738149188,36.787110410,6.738149188,0.000000000,1
11188.580177784,53,53,125,6.286269203,36.787110410,6.738149188,36.787110410,6.738149188,0.000000000,1
11189.635876417,53,53,123,6.189579676,36.787110410,6.738149188,36.787110410,6.738149188,0.000000000,1
11190.705843925,53,53,121,6.064352952,36.787110410,6.738149188,36.787110410,6.738149188,0.000000000,1
11191.618839502,53,53,119,5.972704731,36.787110410,6.738149188,36.787110410,6.738149188,0.000000000,1
11192.694408655,53,53,117,5.879038949,36.787110410,6.738149188,36.787110410,6.738149188,0.000000000,1
11193.759541035,53,53,116,5.808947144,36.787110410,6.738149188,36.787110410,6.738149188,0.000000000,1
11194.745516062,53,53,114,5.720585285,36.787110410,6.738149188,36.787110410,6.738149188,0.000000000,1
11195.776267767,53,53,112,5.629674001,36.787110410,6.738149188,36.787110410,6.738149188,0.000000000,1
11196.814322233,53,53,109,5.448366114,36.787110410,6.738149188,36.787110410,6.738149188,0.000000000,1
11197.842446566,53,53,106,5.312303508,36.787110410,6.738149188,36.787110410,6.738149188,0.000000000,1
11198.836154938,53,53,102,5.119547482,36.787110410,6.738149188,36.787110410,6.738149188,0.000000000,1
11199.906171560,53,53,100,5.001505376,36.787110410,6.738149188,36.787110410,6.738149188,0.000000000,1
11200.920943260,53,53,98,4.904538320,36.787110410,6.738149188,36.787110410,6.738149188,0.000000000,1
11201.960201979,53,53,96,4.810383235,36.787110410,6.738149188,36.787110410,6.738149188,0.000000000,1
11202.985851765,53,53,94,4.723508308,36.787110410,6.738149188,36.787110410,6.738149188,0.000000000,1
11204.001065731,53,53,89,4.486436907,36.787110410,6.738149188,36.787110410,6.738149188,0.000000000,1
11205.019592047,53,53,88,4.405194144,36.787110410,6.738149188,36.787110410,6.738149188,0.000000000,1
11206.065287590,53,53,86,4.299154668,36.787110410,6.738149188,36.787110410,6.738149188,0.000000000,1
11207.107281685,53,53,83,4.155527324,36.787110410,6.738149188,36.787110410,6.738149188,0.000000000,1
11208.109495878,53,53,81,4.072873698,36.787110410,6.738149188,36.787110410,6.738149188,0.000000000,1
11209.140945673,53,53,79,3.941586743,36.787110410,6.738149188,36.787110410,6.738149188,0.000000000,1
11210.179753780,53,53,77,3.850271201,36.787110410,6.738149188,36.787110410,6.738149188,0.000000000,1
11211.205291510,53,53,77,3.850271201,36.787110410,6.738149188,36.787110410,6.738149188,0.000000000,1
11212.277083397,53,53,72,3.616228509,36.787110410,6.738149188,36.787110410,6.738149188,0.000000000,1
11213.272596598,53,53,70,3.504424307,36.787110410,6.738149188,36.787110410,6.738149188,0.000000000,1
11214.299731016,53,53,67,3.354504780,36.787110410,6.738149188,36.787110410,6.738149188,0.000000000,1
11215.345558643,53,53,63,3.170489366,36.787110410,6.738149188,36.787110410,6.738149188,0.000000000,1
11216.331687927,53,53,63,3.170489366,36.787110410,6.738149188,36.787110410,6.738149188,0.000000000,1
11217.363725185,53,53,58,2.920448248,36.787110410,6.738149188,36.787110410,6.738149188,0.000000000,1
11218.391067266,53,53,56,2.809894414,36.787110410,6.738149188,36.787110410,6.738149188,0.000000000,1
11219.420530081,53,53,54,2.723296911,36.787110410,6.738149188,36.787110410,6.738149188,0.000000000,1
11220.460862160,53,53,52,2.625235139,36.787110410,6.738149188,36.787110410,6.738149188,0.000000000,1
11221.461847067,53,53,50,2.519794944,36.787110410,6.738149188,36.787110410,6.738149188,0.000000000,1
11222.497273445,53,53,47,2.384025137,36.787110410,6.738149188,36.787110410,6.738149188,0.000000000,1
11223.508596182,53,53,45,2.283051535,36.787110410,6.738149188,36.787110410,6.738149188,0.000000000,1
11224.544204235,53,53,44,2.215377777,36.787110410,6.738149188,36.787110410,6.738149188,0.000000000,1
11225.566076994,53,53,39,1.981999133,36.787110410,6.738149188,36.787110410,6.738149188,0.000000000,1
11226.619012594,53,53,38,1.903275218,36.787110410,6.738149188,36.787110410,6.738149188,0.000000000,1
11227.637821436,53,53,35,1.756490811,36.787110410,6.738149188,36.787110410,6.738149188,0.000000000,1
11228.667207718,53,53,34,1.725634201,36.787110410,6.738149188,36.787110410,6.738149188,0.000000000,1
11229.674310923,53,53,32,1.616617798,36.787110410,6.738149188,36.787110410,6.738149188,0.000000000,1
11230.718338966,53,53,30,1.520283246,36.787110410,6.738149188,36.787110410,6.738149188,0.000000000,1
11231.734967232,53,53,28,1.420551690,36.787110410,6.738149188,36.787110410,6.738149188,0.000000000,1
11232.759670496,53,53,24,1.222042990,36.787110410,6.738149188,36.787110410,6.738149188,0.000000000,1
11233.787111044,53,53,22,1.123112038,36.787110410,6.738149188,36.787110410,6.738149188,0.000000000,1
11234.826071739,53,53,22,1.123112038,36.787110410,6.738149188,36.787110410,6.738149188,0.000000000,1
11235.865254879,53,53,20,1.024529964,36.787110410,6.738149188,36.787110410,6.738149188,0.000000000,1
11236.877279758,53,53,18,0.926478878,36.787110410,6.738149188,36.787110410,6.738149188,0.000000000,1
11237.887808323,53,53,16,0.829288815,36.787110410,6.738149188,36.787110410,6.738149188,0.000000000,1
11239.088345289,53,53,16,0.829288815,36.787110410,6.738149188,36.787110410,6.738149188,0.000000000,1
11239.966207981,53,53,14,0.733620374,36.787110410,6.738149188,36.787110410,6.738149188,0.000000000,1
11240.998345137,53,53,12,0.614070589,36.787110410,6.738149188,36.787110410,6.738149188,0.000000000,1
11242.002105474,53,53,12,0.614070589,36.787110410,6.738149188,36.787110410,6.738149188,0.000000000,1
11243.008020163,53,53,10,0.500990912,36.787110410,6.738149188,36.787110410,6.738149188,0.000000000,1
11244.020076275,53,53,10,0.500990912,36.787110410,6.738149188,36.787110410,6.738149188,0.000000000,1
11345.074542284,54,55,715,36.231266503,18.589017847,-10.238402089,18.589017847,-10.238402089,0.000000000,1
11346.197067499,54,55,715,36.231266503,18.589017847,-10.238402089,18.589017847,-10.238402089,0.000000000,1
11347.198302031,54,55,710,36.007135308,18.589017847,-10.238402089,18.589017847,-10.238402089,0.000000000,1
11348.341850281,54,55,710,36.007135308,18.589017847,-10.238402089,18.589017847,-10.238402089,0.000000000,1
11349.263159752,54,55,708,35.891473440,18.589017847,-10.238402089,18.589017847,-10.238402089,0.000000000,1
11350.400534630,54,55,708,35.891473440,18.589017847,-10.238402089,18.589017847,-10.238402089,0.000000000,1
11351.446043015,54,55,708,35.891473440,18.589017847,-10.238402089,18.589017847,-10.238402089,0.000000000,1
11352.574201822,54,55,708,35.891473440,18.589017847,-10.238402089,18.589017847,-10.238402089,0.000000000,1
11353.493346930,54,55,708,35.891473440,18.589017847,-10.238402089,18.589017847,-10.238402089,0.000000000,1
11354.517127275,54,55,708,35.891473440,18.589017847,-10.238402089,18.589017847,-10.238402089,0.000000000,1
11355.580482006,54,55,707,35.820837848,18.589017847,-10.238402089,18.589017847,-10.238402089,0.000000000,1
11356.751254797,54,55,705,35.727186467,18.589017847,-10.238402089,18.589017847,-10.238402089,0.000000000,1
11357.725118160,54,55,702,35.605277603,18.589017847,-10.238402089,18.589017847,-10.238402089,0.000000000,1
11358.919456720,54,55,698,35.404199208,18.589017847,-10.238402089,18.589017847,-10.238402089,0.000000000,1
11359.955556870,54,55,696,35.311498554,18.589017847,-10.238402089,18.589017847,-10.238402089,0.000000000,1
11360.985805511,54,55,694,35.190552608,18.589017847,-10.238402089,18.589017847,-10.238402089,0.000000000,1
11362.012557745,54,55,692,35.091643907,18.589017847,-10.238402089,18.589017847,-10.238402089,0.000000000,1
11363.055567980,54,55,692,35.087485466,18.589017847,-10.238402089,18.589017847,-10.238402089,0.000000000,1
11364.277240515,54,55,689,34.949415597,18.589017847,-10.238402089,18.589017847,-10.238402089,0.000000000,1
11365.148556948,54,55,687,34.850187185,18.589017847,-10.238402089,18.589017847,-10.238402089,0.000000000,1
11366.167966843,54,55,684,34.679498740,18.589017847,-10.238402089,18.589017847,-10.238402089,0.000000000,1
11367.249377012,54,55,681,34.537492703,18.589017847,-10.238402089,18.589017847,-10.238402089,0.000000000,1
11368.414677143,54,55,678,34.392853175,18.589017847,-10.238402089,18.589017847,-10.238402089,0.000000000,1
11369.363791466,54,55,676,34.313588467,18.589017847,-10.238402089,18.589017847,-10.238402089,0.000000000,1
11370.522805452,54,55,674,34.205283385,18.589017847,-10.238402089,18.589017847,-10.238402089,0.000000000,1
11371.527198792,54,55,673,34.121015211,18.589017847,-10.238402089,18.589017847,-10.238402089,0.000000000,1
11372.608390808,54,55,670,34.004688054,18.589017847,-10.238402089,18.589017847,-10.238402089,0.000000000,1
11373.795756340,54,55,667,33.819435074,18.589017847,-10.238402089,18.589017847,-10.238402089,0.000000000,1
11374.741472960,54,55,664,33.696623494,18.589017847,-10.238402089,18.589017847,-10.238402089,0.000000000,1
11375.747510433,54,55,662,33.603753523,18.589017847,-10.238402089,18.589017847,-10.238402089,0.000000000,1
11376.836069107,54,55,660,33.460197616,18.589017847,-10.238402089,18.589017847,-10.238402089,0.000000000,1
11377.875025272,54,55,657,33.367895635,18.589017847,-10.238402089,18.589017847,-10.238402089,0.000000000,1
11379.099989653,54,55,655,33.250020978,18.589017847,-10.238402089,18.589017847,-10.238402089,0.000000000,1
11379.996302605,54,55,653,33.142031487,18.589017847,-10.238402089,18.589017847,-10.238402089,0.000000000,1
11381.075043440,54,55,651,33.015953148,18.589017847,-10.238402089,18.589017847,-10.238402089,0.000000000,1
11382.076006174,54,55,649,32.919705376,18.589017847,-10.238402089,18.589017847,-10.238402089,0.000000000,1
11383.199547529,54,55,646,32.784930070,18.589017847,-10.238402089,18.589017847,-10.238402089,0.000000000,1
11384.187111378,54,55,644,32.691254196,18.589017847,-10.238402089,18.589017847,-10.238402089,0.000000000,1
11385.285320759,54,55,642,32.577889101,18.589017847,-10.238402089,18.589017847,-10.238402089,0.000000000,1
11386.225800991,54,55,638,32.395645013,18.589017847,-10.238402089,18.589017847,-10.238402089,0.000000000,1
11387.354790688,54,55,636,32.297226944,18.589017847,-10.238402089,18.589017847,-10.238402089,0.000000000,1
11388.338746309,54,55,634,32.202163025,18.589017847,-10.238402089,18.589017847,-10.238402089,0.000000000,1
11389.514587879,54,55,632,32.099945161,18.589017847,-10.238402089,18.589017847,-10.238402089,0.000000000,1
11390.554049730,54,55,628,31.900085813,18.589017847,-10.238402089,18.589017847,-10.238402089,0.000000000,1
11391.614551544,54,55,626,31.797647472,18.589017847,-10.238402089,18.589017847,-10.238402089,0.000000000,1
11392.732836246,54,55,624,31.700246114,18.589017847,-10.238402089,18.589017847,-10.238402089,0.000000000,1
11393.748577595,54,55,622,31.597831453,18.589017847,-10.238402089,18.589017847,-10.238402089,0.000000000,1
11394.844231844,54,55,620,31.500427825,18.589017847,-10.238402089,18.589017847,-10.238402089,0.000000000,1
11396.044740915,54,55,618,31.397988773,18.589017847,-10.238402089,18.589017847,-10.238402089,0.000000000,1
11397.047277212,54,55,614,31.198219820,18.589017847,-10.238402089,18.589017847,-10.238402089,0.000000000,1
11397.995990038,54,55,612,31.100863901,18.589017847,-10.238402089,18.589017847,-10.238402089,0.000000000,1
11398.984901428,54,55,610,30.998496454,18.589017847,-10.238402089,18.589017847,-10.238402089,0.000000000,1
11400.148807287,54,55,608,30.901135162,18.589017847,-10.238402089,18.589017847,-10.238402089,0.000000000,1
11401.138350248,54,55,606,30.798762205,18.589017847,-10.238402089,18.589017847,-10.238402089,0.000000000,1
11402.237619877,54,55,604,30.701462649,18.589017847,-10.238402089,18.589017847,-10.238402089,0.000000000,1
11403.239288807,54,55,600,30.501831654,18.589017847,-10.238402089,18.589017847,-10.238402089,0.000000000,1
11404.425411463,54,55,598,30.399518046,18.589017847,-10.238402089,18.589017847,-10.238402089,0.000000000,1
11405.280065775,54,55,596,30.302277373,18.589017847,-10.238402089,18.589017847,-10.238402089,0.000000000,1
11406.448074341,54,55,594,30.200001478,18.589017847,-10.238402089,18.589017847,-10.238402089,0.000000000,1
11407.465016603,54,55,590,30.000563711,18.589017847,-10.238402089,18.589017847,-10.238402089,0.000000000,1
11408.622419834,54,55,588,29.903375925,18.589017847,-10.238402089,18.589017847,-10.238402089,0.000000000,1
11409.616489649,54,55,586,29.801211426,18.589017847,-10.238402089,18.589017847,-10.238402089,0.000000000,1
11410.653775215,54,55,582,29.601970054,18.589017847,-10.238402089,18.589017847,-10.238402089,0.000000000,1
11411.721515656,54,55,580,29.504942643,18.589017847,-10.238402089,18.589017847,-10.238402089,0.000000000,1
11412.696386337,54,55,578,29.402884251,18.589017847,-10.238402089,18.589017847,-10.238402089,0.000000000,1
11413.860089540,54,55,577,29.305932020,18.589017847,-10.238402089,18.589017847,-10.238402089,0.000000000,1
11414.798230648,54,55,574,29.203983339,18.589017847,-10.238402089,18.589017847,-10.238402089,0.000000000,1
11415.982445955,54,55,571,29.005330882,18.589017847,-10.238402089,18.589017847,-10.238402089,0.000000000,1
11416.954814196,54,55,569,28.921354409,18.589017847,-10.238402089,18.589017847,-10.238402089,0.000000000,1
11418.031564236,54,55,565,28.723328574,18.589017847,-10.238402089,18.589017847,-10.238402089,0.000000000,1
11419.129033804,54,55,563,28.609247556,18.589017847,-10.238402089,18.589017847,-10.238402089,0.000000000,1
11420.189429760,54,55,561,28.513298553,18.589017847,-10.238402089,18.589017847,-10.238402089,0.000000000,1
11421.178792238,54,55,559,28.412060106,18.589017847,-10.238402089,18.589017847,-10.238402089,0.000000000,1
11422.274026394,54,55,555,28.215810196,18.589017847,-10.238402089,18.589017847,-10.238402089,0.000000000,1
11423.448764563,54,55,553,28.118106852,18.589017847,-10.238402089,18.589017847,-10.238402089,0.000000000,1
11424.441688776,54,55,549,27.930293234,18.589017847,-10.238402089,18.589017847,-10.238402089,0.000000000,1
11425.513926268,54,55,547,27.830547254,18.589017847,-10.238402089,18.589017847,-10.238402089,0.000000000,1
11426.511852026,54,55,545,27.739802089,18.589017847,-10.238402089,18.589017847,-10.238402089,0.000000000,1
11427.627758503,54,55,543,27.641233874,18.589017847,-10.238402089,18.589017847,-10.238402089,0.000000000,1
11428.591578484,54,55,541,27.548195961,18.589017847,-10.238402089,18.589017847,-10.238402089,0.000000000,1
11429.755647898,54,55,539,27.453862981,18.589017847,-10.238402089,18.589017847,-10.238402089,0.000000000,1
11430.705859900,54,55,537,27.350433403,18.589017847,-10.238402089,18.589017847,-10.238402089,0.000000000,1
11431.761828423,54,55,533,27.149351721,18.589017847,-10.238402089,18.589017847,-10.238402089,0.000000000,1
11432.823294401,54,55,531,27.053957817,18.589017847,-10.238402089,18.589017847,-10.238402089,0.000000000,1
11433.933656454,54,55,529,26.948784569,18.589017847,-10.238402089,18.589017847,-10.238402089,0.000000000,1
11434.986472607,54,55,527,26.846896275,18.589017847,-10.238402089,18.589017847,-10.238402089,0.000000000,1
11436.036625385,54,55,525,26.750286330,18.589017847,-10.238402089,18.589017847,-10.238402089,0.000000000,1
11437.127755642,54,55,524,26.668426406,18.589017847,-10.238402089,18.589017847,-10.238402089,0.000000000,1
11438.209521294,54,55,520,26.471421907,18.589017847,-10.238402089,18.589017847,-10.238402089,0.000000000,1
11439.217251062,54,55,518,26.375598580,18.589017847,-10.238402089,18.589017847,-10.238402089,0.000000000,1
11440.316173553,54,55,515,26.242656136,18.589017847,-10.238402089,18.589017847,-10.238402089,0.000000000,1
11441.368989468,54,55,513,26.151743833,18.589017847,-10.238402089,18.589017847,-10.238402089,0.000000000,1
11442.498202324,54,55,512,26.060035192,18.589017847,-10.238402089,18.589017847,-10.238402089,0.000000000,1
11443.594865084,54,55,510,25.957210727,18.589017847,-10.238402089,18.589017847,-10.238402089,0.000000000,1
11444.565495253,54,55,506,25.763317536,18.589017847,-10.238402089,18.589017847,-10.238402089,0.000000000,1
11445.773660183,54,55,503,25.640811365,18.589017847,-10.238402089,18.589017847,-10.238402089,0.000000000,1
11446.771744728,54,55,501,25.546606876,18.589017847,-10.238402089,18.589017847,-10.238402089,0.000000000,1
11447.849678993,54,55,499,25.455067602,18.589017847,-10.238402089,18.589017847,-10.238402089,0.000000000,1
11448.902890444,54,55,498,25.356328190,18.589017847,-10.238402089,18.589017847,-10.238402089,0.000000000,1
11449.975093126,54,55,493,25.134282552,18.589017847,-10.238402089,18.589017847,-10.238402089,0.000000000,1
11451.026496172,54,55,491,25.044818020,18.589017847,-10.238402089,18.589017847,-10.238402089,0.000000000,1
11451.998673439,54,55,489,24.945856193,18.589017847,-10.238402089,18.589017847,-10.238402089,0.000000000,1
11453.150758982,54,55,487,24.816621716,18.589017847,-10.238402089,18.589017847,-10.238402089,0.000000000,1
11454.170713663,54,55,485,24.731936951,18.589017847,-10.238402089,18.589017847,-10.238402089,0.000000000,1
11455.160587788,54,55,481,24.555154991,18.589017847,-10.238402089,18.589017847,-10.238402089,0.000000000,1
11456.300388098,54,55,479,24.406356946,18.589017847,-10.238402089,18.589017847,-10.238402089,0.000000000,1
11457.285639048,54,55,477,24.326826459,18.589017847,-10.238402089,18.589017847,-10.238402089,0.000000000,1
11458.405345678,54,55,475,24.228132150,18.589017847,-10.238402089,18.589017847,-10.238402089,0.000000000,1
11459.383806229,54,55,472,24.088547821,18.589017847,-10.238402089,18.589017847,-10.238402089,0.000000000,1
11460.573035955,54,55,469,23.915981188,18.589017847,-10.238402089,18.589017847,-10.238402089,0.000000000,1
11461.529547691,54,55,466,23.778923308,18.589017847,-10.238402089,18.589017847,-10.238402089,0.000000000,1
11462.642953396,54,55,464,23.695928277,18.589017847,-10.238402089,18.589017847,-10.238402089,0.000000000,1
11463.681977987,54,55,462,23.597922069,18.589017847,-10.238402089,18.589017847,-10.238402089,0.000000000,1
11464.784271240,54,55,460,23.465090573,18.589017847,-10.238402089,18.589017847,-10.238402089,0.000000000,1
11465.790515184,54,55,458,23.378388306,18.589017847,-10.238402089,18.589017847,-10.238402089,0.000000000,1
11466.940556526,54,55,456,23.289125870,18.589017847,-10.238402089,18.589017847,-10.238402089,0.000000000,1
11467.971964359,54,55,454,23.165610620,18.589017847,-10.238402089,18.589017847,-10.238402089,0.000000000,1
11468.955527544,54,55,452,23.066803544,18.589017847,-10.238402089,18.589017847,-10.238402089,0.000000000,1
11470.451300621,54,55,449,22.933621708,18.589017847,-10.238402089,18.589017847,-10.238402089,0.000000000,1
11471.240811586,54,55,444,22.701990401,18.589017847,-10.238402089,18.589017847,-10.238402089,0.000000000,1
11472.178821564,54,55,443,22.614666306,18.589017847,-10.238402089,18.589017847,-10.238402089,0.000000000,1
11473.144569159,54,55,440,22.475483406,18.589017847,-10.238402089,18.589017847,-10.238402089,0.000000000,1
11474.298817158,54,55,438,22.408311157,18.589017847,-10.238402089,18.589017847,-10.238402089,0.000000000,1
11475.488797665,54,55,435,22.252380703,18.589017847,-10.238402089,18.589017847,-10.238402089,0.000000000,1
11476.293683767,54,55,432,22.107447027,18.589017847,-10.238402089,18.589017847,-10.238402089,0.000000000,1
11477.392055511,54,55,431,22.033676033,18.589017847,-10.238402089,18.589017847,-10.238402089,0.000000000,1
11478.494356394,54,55,428,21.876645995,18.589017847,-10.238402089,18.589017847,-10.238402089,0.000000000,1
11479.515794992,54,55,425,21.738810406,18.589017847,-10.238402089,18.589017847,-10.238402089,0.000000000,1
11480.549206734,54,55,423,21.654390083,18.589017847,-10.238402089,18.589017847,-10.238402089,0.000000000,1
11481.645568371,54,55,421,21.551141807,18.589017847,-10.238402089,18.589017847,-10.238402089,0.000000000,1
11482.679389238,54,55,419,21.437310427,18.589017847,-10.238402089,18.589017847,-10.238402089,0.000000000,1
11483.796820641,54,55,417,21.343525762,18.589017847,-10.238402089,18.589017847,-10.238402089,0.000000000,1
11484.921276569,54,55,415,21.237673291,18.589017847,-10.238402089,18.589017847,-10.238402089,0.000000000,1
11485.945130110,54,55,411,21.050189635,18.589017847,-10.238402089,18.589017847,-10.238402089,0.000000000,1
11486.964878559,54,55,409,20.949262344,18.589017847,-10.238402089,18.589017847,-10.238402089,0.000000000,1
11488.080448151,54,55,407,20.840605193,18.589017847,-10.238402089,18.589017847,-10.238402089,0.000000000,1
11489.145821810,54,55,405,20.749079011,18.589017847,-10.238402089,18.589017847,-10.238402089,0.000000000,1
11490.130954266,54,55,403,20.647110251,18.589017847,-10.238402089,18.589017847,-10.238402089,0.000000000,1
11491.212633848,54,55,400,20.480905361,18.589017847,-10.238402089,18.589017847,-10.238402089,0.000000000,1
11492.325467110,54,55,399,20.408906637,18.589017847,-10.238402089,18.589017847,-10.238402089,0.000000000,1
11493.241989374,54,55,396,20.266274688,18.589017847,-10.238402089,18.589017847,-10.238402089,0.000000000,1
11494.373376369,54,55,394,20.172892706,18.589017847,-10.238402089,18.589017847,-10.238402089,0.000000000,1
11495.357756853,54,55,391,20.048402487,18.589017847,-10.238402089,18.589017847,-10.238402089,0.000000000,1
11496.433985472,54,55,389,19.947051320,18.589017847,-10.238402089,18.589017847,-10.238402089,0.000000000,1
11497.440312862,54,55,385,19.754495976,18.589017847,-10.238402089,18.589017847,-10.238402089,0.000000000,1
11498.561601162,54,55,384,19.669483947,18.589017847,-10.238402089,18.589017847,-10.238402089,0.000000000,1
11499.615420103,54,55,382,19.558771335,18.589017847,-10.238402089,18.589017847,-10.238402089,0.000000000,1
11500.694013357,54,55,380,19.464874430,18.589017847,-10.238402089,18.589017847,-10.238402089,0.000000000,1
11501.715859652,54,55,378,19.373378628,18.589017847,-10.238402089,18.589017847,-10.238402089,0.000000000,1
11502.710837603,54,55,374,19.170743235,18.589017847,-10.238402089,18.589017847,-10.238402089,0.000000000,1
11503.751337528,54,55,372,19.080561955,18.589017847,-10.238402089,18.589017847,-10.238402089,0.000000000,1
11504.874854088,54,55,370,18.984711275,18.589017847,-10.238402089,18.589017847,-10.238402089,0.000000000,1
11505.921507120,54,55,368,18.894100473,18.589017847,-10.238402089,18.589017847,-10.238402089,0.000000000,1
11507.003168106,54,55,366,18.770203620,18.589017847,-10.238402089,18.589017847,-10.238402089,0.000000000,1
11508.007164478,54,55,364,18.672266612,18.589017847,-10.238402089,18.589017847,-10.238402089,0.000000000,1
11509.019690037,54,55,360,18.478715582,18.589017847,-10.238402089,18.589017847,-10.238402089,0.000000000,1
11510.123574495,54,55,358,18.383394580,18.589017847,-10.238402089,18.589017847,-10.238402089,0.000000000,1
11511.124756336,54,55,356,18.289591892,18.589017847,-10.238402089,18.589017847,-10.238402089,0.000000000,1
11512.199873924,54,55,352,18.104329237,18.589017847,-10.238402089,18.589017847,-10.238402089,0.000000000,1
11513.377350807,54,55,350,17.967675669,18.589017847,-10.238402089,18.589017847,-10.238402089,0.000000000,1
11514.333019495,54,55,346,17.792927814,18.589017847,-10.238402089,18.589017847,-10.238402089,0.000000000,1
11515.362828493,54,55,344,17.693503418,18.589017847,-10.238402089,18.589017847,-10.238402089,0.000000000,1
11516.433166027,54,55,343,17.609064622,18.589017847,-10.238402089,18.589017847,-10.238402089,0.000000000,1
11517.439976931,54,55,341,17.506643765,18.589017847,-10.238402089,18.589017847,-10.238402089,0.000000000,1
11518.522512197,54,55,339,17.419589731,18.589017847,-10.238402089,18.589017847,-10.238402089,0.000000000,1
11519.578233004,54,55,336,17.279847278,18.589017847,-10.238402089,18.589017847,-10.238402089,0.000000000,1
11520.601996660,54,55,334,17.195561596,18.589017847,-10.238402089,18.589017847,-10.238402089,0.000000000,1
11521.653500795,54,55,331,17.011242678,18.589017847,-10.238402089,18.589017847,-10.238402089,0.000000000,1
11522.702592611,54,55,329,16.911521611,18.589017847,-10.238402089,18.589017847,-10.238402089,0.000000000,1
11523.787044048,54,55,326,16.785151960,18.589017847,-10.238402089,18.589017847,-10.238402089,0.000000000,1
11524.693373680,54,55,324,16.689689395,18.589017847,-10.238402089,18.589017847,-10.238402089,0.000000000,1
11525.799519539,54,55,322,16.605447835,18.589017847,-10.238402089,18.589017847,-10.238402089,0.000000000,1
11526.817574263,54,55,318,16.371941061,18.589017847,-10.238402089,18.589017847,-10.238402089,0.000000000,1
11527.845877171,54,55,316,16.285443483,18.589017847,-10.238402089,18.589017847,-10.238402089,0.000000000,1
11528.940018177,54,55,314,16.203977336,18.589017847,-10.238402089,18.589017847,-10.238402089,0.000000000,1
11530.021476984,54,55,312,16.058684560,18.589017847,-10.238402089,18.589017847,-10.238402089,0.000000000,1
11530.982873201,54,55,310,15.967584419,18.589017847,-10.238402089,18.589017847,-10.238402089,0.000000000,1
11532.103734016,54,55,307,15.819591629,18.589017847,-10.238402089,18.589017847,-10.238402089,0.000000000,1
11533.115786791,54,55,303,15.653372665,18.589017847,-10.238402089,18.589017847,-10.238402089,0.000000000,1
11534.165342569,54,55,302,15.565574886,18.589017847,-10.238402089,18.589017847,-10.238402089,0.000000000,1
11535.194752693,54,55,299,15.442916770,18.589017847,-10.238402089,18.589017847,-10.238402089,0.000000000,1
11536.230373383,54,55,297,15.340095554,18.589017847,-10.238402089,18.589017847,-10.238402089,0.000000000,1
11537.260477066,54,55,294,15.206356033,18.589017847,-10.238402089,18.589017847,-10.238402089,0.000000000,1
11538.374332666,54,55,291,15.044943548,18.589017847,-10.238402089,18.589017847,-10.238402089,0.000000000,1
11539.373111248,54,55,288,14.895268916,18.589017847,-10.238402089,18.589017847,-10.238402089,0.000000000,1
11540.420772552,54,55,287,14.817410993,18.589017847,-10.238402089,18.589017847,-10.238402089,0.000000000,1
11541.483514309,54,55,284,14.669851413,18.589017847,-10.238402089,18.589017847,-10.238402089,0.000000000,1
11542.488475561,54,55,282,14.592807362,18.589017847,-10.238402089,18.589017847,-10.238402089,0.000000000,1
11543.553541899,54,55,280,14.462898707,18.589017847,-10.238402089,18.589017847,-10.238402089,0.000000000,1
11544.608073711,54,55,278,14.371555955,18.589017847,-10.238402089,18.589017847,-10.238402089,0.000000000,1
11545.581156492,54,55,275,14.234186181,18.589017847,-10.238402089,18.589017847,-10.238402089,0.000000000,1
11546.661195517,54,55,272,14.085105958,18.589017847,-10.238402089,18.589017847,-10.238402089,0.000000000,1
11547.715369940,54,55,272,14.085105958,18.589017847,-10.238402089,18.589017847,-10.238402089,0.000000000,1
11548.761815310,54,55,269,13.962578138,18.589017847,-10.238402089,18.589017847,-10.238402089,0.000000000,1
11549.752500534,54,55,266,13.803194041,18.589017847,-10.238402089,18.589017847,-10.238402089,0.000000000,1
11550.810467720,54,55,263,13.658887426,18.589017847,-10.238402089,18.589017847,-10.238402089,0.000000000,1
11551.861617088,54,55,261,13.531146599,18.589017847,-10.238402089,18.589017847,-10.238402089,0.000000000,1
11552.938158989,54,55,259,13.439679414,18.589017847,-10.238402089,18.589017847,-10.238402089,0.000000000,1
11554.135947227,54,55,257,13.309255156,18.589017847,-10.238402089,18.589017847,-10.238402089,0.000000000,1
11555.004853964,54,55,255,13.217033477,18.589017847,-10.238402089,18.589017847,-10.238402089,0.000000000,1
11556.078481197,54,55,252,13.085632264,18.589017847,-10.238402089,18.589017847,-10.238402089,0.000000000,1
11557.054384232,54,55,250,12.992684604,18.589017847,-10.238402089,18.589017847,-10.238402089,0.000000000,1
11558.109170198,54,55,246,12.768598977,18.589017847,-10.238402089,18.589017847,-10.238402089,0.000000000,1
11559.169098139,54,55,246,12.768598977,18.589017847,-10.238402089,18.589017847,-10.238402089,0.000000000,1
11560.198338747,54,55,242,12.585535365,18.589017847,-10.238402089,18.589017847,-10.238402089,0.000000000,1
11561.240435839,54,55,239,12.452156368,18.589017847,-10.238402089,18.589017847,-10.238402089,0.000000000,1
11562.285091639,54,55,238,12.361656372,18.589017847,-10.238402089,18.589017847,-10.238402089,0.000000000,1
11563.307374239,54,55,235,12.227501804,18.589017847,-10.238402089,18.589017847,-10.238402089,0.000000000,1
11564.373622179,54,55,233,12.137092420,18.589017847,-10.238402089,18.589017847,-10.238402089,0.000000000,1
11565.410315275,54,55,231,12.046409201,18.589017847,-10.238402089,18.589017847,-10.238402089,0.000000000,1
11566.447578669,54,55,227,11.823280398,18.589017847,-10.238402089,18.589017847,-10.238402089,0.000000000,1
11567.425703049,54,55,225,11.734792957,18.589017847,-10.238402089,18.589017847,-10.238402089,0.000000000,1
11568.497799158,54,55,223,11.628275989,18.589017847,-10.238402089,18.589017847,-10.238402089,0.000000000,1
11569.536145926,54,55,221,11.512834829,18.589017847,-10.238402089,18.589017847,-10.238402089,0.000000000,1
11570.568351746,54,55,219,11.452164716,18.589017847,-10.238402089,18.589017847,-10.238402089,0.000000000,1
11571.600335836,54,55,217,11.317240314,18.589017847,-10.238402089,18.589017847,-10.238402089,0.000000000,1
11572.645774603,54,55,215,11.232215945,18.589017847,-10.238402089,18.589017847,-10.238402089,0.000000000,1
11573.696366787,54,55,213,11.139481484,18.589017847,-10.238402089,18.589017847,-10.238402089,0.000000000,1
11574.764713764,54,55,210,11.004823812,18.589017847,-10.238402089,18.589017847,-10.238402089,0.000000000,1
11575.797421455,54,55,209,10.915645222,18.589017847,-10.238402089,18.589017847,-10.238402089,0.000000000,1
11576.768826723,54,55,206,10.780425738,18.589017847,-10.238402089,18.589017847,-10.238402089,0.000000000,1
11577.867920399,54,55,204,10.691193890,18.589017847,-10.238402089,18.589017847,-10.238402089,0.000000000,1
11578.937469959,54,55,201,10.555945776,18.589017847,-10.238402089,18.589017847,-10.238402089,0.000000000,1
11579.889091730,54,55,198,10.381843358,18.589017847,-10.238402089,18.589017847,-10.238402089,0.000000000,1
11580.920854807,54,55,195,10.245188245,18.589017847,-10.238402089,18.589017847,-10.238402089,0.000000000,1
11581.963363886,54,55,193,10.158320177,18.589017847,-10.238402089,18.589017847,-10.238402089,0.000000000,1
11582.967823029,54,55,191,10.021047472,18.589017847,-10.238402089,18.589017847,-10.238402089,0.000000000,1
11583.996919870,54,55,189,9.935465933,18.589017847,-10.238402089,18.589017847,-10.238402089,0.000000000,1
11585.059535503,54,55,186,9.795925551,18.589017847,-10.238402089,18.589017847,-10.238402089,0.000000000,1
11586.161324263,54,55,186,9.795925551,18.589017847,-10.238402089,18.589017847,-10.238402089,0.000000000,1
11587.295924664,54,55,182,9.572603453,18.589017847,-10.238402089,18.589017847,-10.238402089,0.000000000,1
11588.238254070,54,55,179,9.436626700,18.589017847,-10.238402089,18.589017847,-10.238402089,0.000000000,1
11589.246148825,54,55,176,9.293756097,18.589017847,-10.238402089,18.589017847,-10.238402089,0.000000000,1
11590.243731022,54,55,173,9.143466548,18.589017847,-10.238402089,18.589017847,-10.238402089,0.000000000,1
11591.311152935,54,55,172,9.075171473,18.589017847,-10.238402089,18.589017847,-10.238402089,0.000000000,1
11592.312932730,54,55,170,9.005074312,18.589017847,-10.238402089,18.589017847,-10.238402089,0.000000000,1
11593.366445303,54,55,166,8.818419896,18.589017847,-10.238402089,18.589017847,-10.238402089,0.000000000,1
11594.400418043,54,55,166,8.784402330,18.589017847,-10.238402089,18.589017847,-10.238402089,0.000000000,1
11595.435719967,54,55,164,8.689551101,18.589017847,-10.238402089,18.589017847,-10.238402089,0.000000000,1
11596.487442732,54,55,162,8.592348539,18.589017847,-10.238402089,18.589017847,-10.238402089,0.000000000,1
11597.543818474,54,55,160,8.481078730,18.589017847,-10.238402089,18.589017847,-10.238402089,0.000000000,1
11598.567308664,54,55,158,8.380848353,18.589017847,-10.238402089,18.589017847,-10.238402089,0.000000000,1
11599.605167150,54,55,154,8.182506868,18.589017847,-10.238402089,18.589017847,-10.238402089,0.000000000,1
11600.629573822,54,55,152,8.083377639,18.589017847,-10.238402089,18.589017847,-10.238402089,0.000000000,1
11601.651160717,54,55,150,7.984310941,18.589017847,-10.238402089,18.589017847,-10.238402089,0.000000000,1
11602.661578417,54,55,148,7.885260018,18.589017847,-10.238402089,18.589017847,-10.238402089,0.000000000,1
11603.744097471,54,55,144,7.687318962,18.589017847,-10.238402089,18.589017847,-10.238402089,0.000000000,1
11604.744539499,54,55,142,7.588429407,18.589017847,-10.238402089,18.589017847,-10.238402089,0.000000000,1
11605.760671139,54,55,140,7.489569467,18.589017847,-10.238402089,18.589017847,-10.238402089,0.000000000,1
11606.797364473,54,55,138,7.390787995,18.589017847,-10.238402089,18.589017847,-10.238402089,0.000000000,1
11607.874329329,54,55,136,7.292041149,18.589017847,-10.238402089,18.589017847,-10.238402089,0.000000000,1
11609.230011463,54,55,134,7.193377245,18.589017847,-10.238402089,18.589017847,-10.238402089,0.000000000,1
11609.880601645,54,55,132,7.094759748,18.589017847,-10.238402089,18.589017847,-10.238402089,0.000000000,1
11610.906526089,54,55,130,6.996235245,18.589017847,-10.238402089,18.589017847,-10.238402089,0.000000000,1
11611.949576139,54,55,128,6.897762022,18.589017847,-10.238402089,18.589017847,-10.238402089,0.000000000,1
11613.013818502,54,55,126,6.799390600,18.589017847,-10.238402089,18.589017847,-10.238402089,0.000000000,1
11614.012544870,54,55,124,6.701088722,18.589017847,-10.238402089,18.589017847,-10.238402089,0.000000000,1
11615.038291454,54,55,122,6.602901438,18.589017847,-10.238402089,18.589017847,-10.238402089,0.000000000,1
11616.087164879,54,55,120,6.504794530,18.589017847,-10.238402089,18.589017847,-10.238402089,0.000000000,1
11617.115243673,54,55,119,6.406814251,18.589017847,-10.238402089,18.589017847,-10.238402089,0.000000000,1
11618.159749031,54,55,115,6.211208533,18.589017847,-10.238402089,18.589017847,-10.238402089,0.000000000,1
11619.298816204,54,55,113,6.113620457,18.589017847,-10.238402089,18.589017847,-10.238402089,0.000000000,1
11620.249103546,54,55,111,6.016246204,18.589017847,-10.238402089,18.589017847,-10.238402089,0.000000000,1
11621.261785507,54,55,111,6.016246204,18.589017847,-10.238402089,18.589017847,-10.238402089,0.000000000,1
11622.230566502,54,55,109,5.919177272,18.589017847,-10.238402089,18.589017847,-10.238402089,0.000000000,1
11623.294588089,54,55,107,5.822882742,18.589017847,-10.238402089,18.589017847,-10.238402089,0.000000000,1
11624.317038298,54,55,105,5.728024934,18.589017847,-10.238402089,18.589017847,-10.238402089,0.000000000,1
11625.363522530,54,55,103,5.628212638,18.589017847,-10.238402089,18.589017847,-10.238402089,0.000000000,1
11626.402464628,54,55,101,5.545067668,18.589017847,-10.238402089,18.589017847,-10.238402089,0.000000000,1
11627.415227413,54,55,97,5.379582973,18.589017847,-10.238402089,18.589017847,-10.238402089,0.000000000,1
11628.413195372,54,55,97,5.379582973,18.589017847,-10.238402089,18.589017847,-10.238402089,0.000000000,1
