time_s,goal_id,decision_id,poses,path_length_m,endpoint_x,endpoint_y,frontier_x,frontier_y,endpoint_error_m,usable
1.807293415,1,1,17,0.929798918,0.880995705,0.208488921,0.880995705,0.208488921,0.000000000,1
2.440367222,1,1,14,0.690022553,0.880995705,0.208488921,0.880995705,0.208488921,0.000000000,1
3.465699196,1,1,8,0.408974942,0.880995705,0.208488921,0.880995705,0.208488921,0.000000000,1
9.445325613,2,2,73,3.759931108,-2.322838870,-2.405386373,-2.322838870,-2.405386373,0.000000000,1
10.302745581,2,2,70,3.609453775,-2.322838870,-2.405386373,-2.322838870,-2.405386373,0.000000000,1
11.311434031,2,2,63,3.253628797,-2.322838870,-2.405386373,-2.322838870,-2.405386373,0.000000000,1
12.346533537,2,2,61,3.119871757,-2.322838870,-2.405386373,-2.322838870,-2.405386373,0.000000000,1
13.364313364,2,2,61,3.119871757,-2.322838870,-2.405386373,-2.322838870,-2.405386373,0.000000000,1
14.408469439,2,2,52,2.681753499,-2.322838870,-2.405386373,-2.322838870,-2.405386373,0.000000000,1
15.413447142,2,2,42,2.181188273,-2.322838870,-2.405386373,-2.322838870,-2.405386373,0.000000000,1
16.439057350,2,2,29,1.543697556,-2.322838870,-2.405386373,-2.322838870,-2.405386373,0.000000000,1
17.466318369,2,2,21,1.110089297,-2.322838870,-2.405386373,-2.322838870,-2.405386373,0.000000000,1
18.487599134,2,2,13,0.752855448,-2.322838870,-2.405386373,-2.322838870,-2.405386373,0.000000000,1
19.511434317,2,2,8,0.470012732,-2.322838870,-2.405386373,-2.322838870,-2.405386373,0.000000000,1
24.422285318,3,3,75,3.829243903,-3.237601531,-5.234719667,-3.237601531,-5.234719667,0.000000000,1
25.004936218,3,3,72,3.622033025,-3.237601531,-5.234719667,-3.237601531,-5.234719667,0.000000000,1
26.064853907,3,3,63,3.223448844,-3.237601531,-5.234719667,-3.237601531,-5.234719667,0.000000000,1
27.053141356,3,3,53,2.733202970,-3.237601531,-5.234719667,-3.237601531,-5.234719667,0.000000000,1
28.087208509,3,3,44,2.248311981,-3.237601531,-5.234719667,-3.237601531,-5.234719667,0.000000000,1
29.092263699,3,3,32,1.653107993,-3.237601531,-5.234719667,-3.237601531,-5.234719667,0.000000000,1
30.118268490,3,3,22,1.213740791,-3.237601531,-5.234719667,-3.237601531,-5.234719667,0.000000000,1
31.151045084,3,3,17,0.826568820,-3.237601531,-5.234719667,-3.237601531,-5.234719667,0.000000000,1
32.169542313,3,3,11,0.604956058,-3.237601531,-5.234719667,-3.237601531,-5.234719667,0.000000000,1
38.705054283,4,4,72,3.668942643,-6.016295675,-6.234719682,-6.016295675,-6.234719682,0.000000000,1
39.326099396,4,4,66,3.369247731,-6.016295675,-6.234719682,-6.016295675,-6.234719682,0.000000000,1
40.361569643,4,4,56,2.871743727,-6.016295675,-6.234719682,-6.016295675,-6.234719682,0.000000000,1
41.365272760,4,4,45,2.327158394,-6.016295675,-6.234719682,-6.016295675,-6.234719682,0.000000000,1
42.422712088,4,4,36,1.872419562,-6.016295675,-6.234719682,-6.016295675,-6.234719682,0.000000000,1
43.437574625,4,4,26,1.364183804,-6.016295675,-6.234719682,-6.016295675,-6.234719682,0.000000000,1
44.453573942,4,4,16,0.888123024,-6.016295675,-6.234719682,-6.016295675,-6.234719682,0.000000000,1
45.460225582,4,4,11,0.621618642,-6.016295675,-6.234719682,-6.016295675,-6.234719682,0.000000000,1
50.696075201,5,5,253,12.746524924,1.777496209,-11.134719755,1.777496209,-11.134719755,0.000000000,1
51.402451992,5,5,249,12.529712113,1.777496209,-11.134719755,1.777496209,-11.134719755,0.000000000,1
52.427046537,5,5,245,12.322054273,1.777496209,-11.134719755,1.777496209,-11.134719755,0.000000000,1
53.463041544,5,5,244,12.265915329,1.777496209,-11.134719755,1.777496209,-11.134719755,0.000000000,1
54.486608028,5,5,241,12.158819507,1.777496209,-11.134719755,1.777496209,-11.134719755,0.000000000,1
55.529544592,5,5,233,11.768406476,1.777496209,-11.134719755,1.777496209,-11.134719755,0.000000000,1
56.545085430,5,5,224,11.271011554,1.777496209,-11.134719755,1.777496209,-11.134719755,0.000000000,1
57.567531586,5,5,212,10.672009511,1.777496209,-11.134719755,1.777496209,-11.134719755,0.000000000,1
58.643841743,5,5,202,10.177349836,1.777496209,-11.134719755,1.777496209,-11.134719755,0.000000000,1
59.608475924,5,5,191,9.659357461,1.777496209,-11.134719755,1.777496209,-11.134719755,0.000000000,1
60.633278131,5,5,179,9.119551868,1.777496209,-11.134719755,1.777496209,-11.134719755,0.000000000,1
61.750592709,5,5,171,8.653543368,1.777496209,-11.134719755,1.777496209,-11.134719755,0.000000000,1
62.693692446,5,5,162,8.161796179,1.777496209,-11.134719755,1.777496209,-11.134719755,0.000000000,1
63.705075741,5,5,151,7.658921486,1.777496209,-11.134719755,1.777496209,-11.134719755,0.000000000,1
64.732823610,5,5,142,7.178695739,1.777496209,-11.134719755,1.777496209,-11.134719755,0.000000000,1
65.799166441,5,5,131,6.658981691,1.777496209,-11.134719755,1.777496209,-11.134719755,0.000000000,1
66.813755989,5,5,122,6.201122484,1.777496209,-11.134719755,1.777496209,-11.134719755,0.000000000,1
67.809079885,5,5,111,5.638071442,1.777496209,-11.134719755,1.777496209,-11.134719755,0.000000000,1
68.822777748,5,5,99,5.137776592,1.777496209,-11.134719755,1.777496209,-11.134719755,0.000000000,1
69.861575365,5,5,89,4.639593860,1.777496209,-11.134719755,1.777496209,-11.134719755,0.000000000,1
70.885584831,5,5,82,4.163857485,1.777496209,-11.134719755,1.777496209,-11.134719755,0.000000000,1
71.945561171,5,5,72,3.697135745,1.777496209,-11.134719755,1.777496209,-11.134719755,0.000000000,1
72.926242590,5,5,61,3.110245499,1.777496209,-11.134719755,1.777496209,-11.134719755,0.000000000,1
73.950916529,5,5,50,2.603418499,1.777496209,-11.134719755,1.777496209,-11.134719755,0.000000000,1
74.984028339,5,5,45,2.316019839,1.777496209,-11.134719755,1.777496209,-11.134719755,0.000000000,1
76.002348423,5,5,30,1.575780250,1.777496209,-11.134719755,1.777496209,-11.134719755,0.000000000,1
77.025534868,5,5,20,1.074286709,1.777496209,-11.134719755,1.777496209,-11.134719755,0.000000000,1
78.053023577,5,5,13,0.712326342,1.777496209,-11.134719755,1.777496209,-11.134719755,0.000000000,1
79.162354946,5,5,8,0.486931710,1.777496209,-11.134719755,1.777496209,-11.134719755,0.000000000,1
83.712297916,6,6,200,10.116343574,7.268875614,-9.337833929,7.268875614,-9.337833929,0.000000000,1
84.618434191,6,6,195,9.838824122,7.268875614,-9.337833929,7.268875614,-9.337833929,0.000000000,1
85.620515585,6,6,189,9.530980663,7.268875614,-9.337833929,7.268875614,-9.337833929,0.000000000,1
86.645745039,6,6,181,9.167270261,7.268875614,-9.337833929,7.268875614,-9.337833929,0.000000000,1
87.665189028,6,6,174,8.805304741,7.268875614,-9.337833929,7.268875614,-9.337833929,0.000000000,1
88.740900755,6,6,169,8.531595275,7.268875614,-9.337833929,7.268875614,-9.337833929,0.000000000,1
89.711257935,6,6,169,8.531595275,7.268875614,-9.337833929,7.268875614,-9.337833929,0.000000000,1
90.727955341,6,6,168,8.474918087,7.268875614,-9.337833929,7.268875614,-9.337833929,0.000000000,1
91.763729572,6,6,160,8.108916426,7.268875614,-9.337833929,7.268875614,-9.337833929,0.000000000,1
92.851081371,6,6,151,7.617989901,7.268875614,-9.337833929,7.268875614,-9.337833929,0.000000000,1
93.815443754,6,6,139,7.045935147,7.268875614,-9.337833929,7.268875614,-9.337833929,0.000000000,1
94.850812435,6,6,127,6.446066394,7.268875614,-9.337833929,7.268875614,-9.337833929,0.000000000,1
95.885427475,6,6,117,5.947089279,7.268875614,-9.337833929,7.268875614,-9.337833929,0.000000000,1
96.910658360,6,6,107,5.445879286,7.268875614,-9.337833929,7.268875614,-9.337833929,0.000000000,1
97.947396517,6,6,97,4.947568519,7.268875614,-9.337833929,7.268875614,-9.337833929,0.000000000,1
98.965229750,6,6,87,4.445972506,7.268875614,-9.337833929,7.268875614,-9.337833929,0.000000000,1
100.004181623,6,6,77,3.945501492,7.268875614,-9.337833929,7.268875614,-9.337833929,0.000000000,1
101.018738031,6,6,67,3.444080781,7.268875614,-9.337833929,7.268875614,-9.337833929,0.000000000,1
102.044500113,6,6,57,2.939539356,7.268875614,-9.337833929,7.268875614,-9.337833929,0.000000000,1
103.082356453,6,6,47,2.438248484,7.268875614,-9.337833929,7.268875614,-9.337833929,0.000000000,1
104.208898544,6,6,35,1.838873036,7.268875614,-9.337833929,7.268875614,-9.337833929,0.000000000,1
105.128561020,6,6,25,1.332114689,7.268875614,-9.337833929,7.268875614,-9.337833929,0.000000000,1
106.213870287,6,6,19,1.028497892,7.268875614,-9.337833929,7.268875614,-9.337833929,0.000000000,1
107.184705734,6,6,15,0.818042574,7.268875614,-9.337833929,7.268875614,-9.337833929,0.000000000,1
108.237892628,6,6,11,0.726698395,7.268875614,-9.337833929,7.268875614,-9.337833929,0.000000000,1
112.133311749,7,7,165,8.265937023,12.468875692,-5.137833866,12.468875692,-5.137833866,0.000000000,1
112.811697483,7,7,162,8.081061025,12.468875692,-5.137833866,12.468875692,-5.137833866,0.000000000,1
113.824020863,7,7,151,7.741261299,12.468875692,-5.137833866,12.468875692,-5.137833866,0.000000000,1
114.843489170,7,7,144,7.282364301,12.468875692,-5.137833866,12.468875692,-5.137833866,0.000000000,1
115.882796049,7,7,137,7.011758069,12.468875692,-5.137833866,12.468875692,-5.137833866,0.000000000,1
116.896982193,7,7,129,6.600462182,12.468875692,-5.137833866,12.468875692,-5.137833866,0.000000000,1
117.910306215,7,7,126,6.291830458,12.468875692,-5.137833866,12.468875692,-5.137833866,0.000000000,1
118.953297377,7,7,114,5.903021085,12.468875692,-5.137833866,12.468875692,-5.137833866,0.000000000,1
119.968860865,7,7,109,5.572263585,12.468875692,-5.137833866,12.468875692,-5.137833866,0.000000000,1
120.995372295,7,7,100,5.121104780,12.468875692,-5.137833866,12.468875692,-5.137833866,0.000000000,1
122.032573700,7,7,94,4.695607723,12.468875692,-5.137833866,12.468875692,-5.137833866,0.000000000,1
123.039214849,7,7,87,4.365441065,12.468875692,-5.137833866,12.468875692,-5.137833866,0.000000000,1
124.056523561,7,7,79,3.959479875,12.468875692,-5.137833866,12.468875692,-5.137833866,0.000000000,1
125.082269669,7,7,74,3.717575333,12.468875692,-5.137833866,12.468875692,-5.137833866,0.000000000,1
126.122292757,7,7,74,3.695727664,12.468875692,-5.137833866,12.468875692,-5.137833866,0.000000000,1
127.130172014,7,7,72,3.622697262,12.468875692,-5.137833866,12.468875692,-5.137833866,0.000000000,1
128.210927725,7,7,62,3.082625399,12.468875692,-5.137833866,12.468875692,-5.137833866,0.000000000,1
129.196729898,7,7,50,2.597713266,12.468875692,-5.137833866,12.468875692,-5.137833866,0.000000000,1
130.208203077,7,7,40,2.096546508,12.468875692,-5.137833866,12.468875692,-5.137833866,0.000000000,1
131.242231607,7,7,32,1.575313128,12.468875692,-5.137833866,12.468875692,-5.137833866,0.000000000,1
132.249926805,7,7,23,1.170843651,12.468875692,-5.137833866,12.468875692,-5.137833866,0.000000000,1
133.267318010,7,7,14,0.719919608,12.468875692,-5.137833866,12.468875692,-5.137833866,0.000000000,1
134.300084591,7,7,8,0.407001988,12.468875692,-5.137833866,12.468875692,-5.137833866,0.000000000,1
139.484956980,8,8,198,9.898663636,21.568875827,-3.037833835,21.568875827,-3.037833835,0.000000000,1
140.204694271,8,8,191,9.614443830,21.568875827,-3.037833835,21.568875827,-3.037833835,0.000000000,1
141.223877192,8,8,184,9.191811744,21.568875827,-3.037833835,21.568875827,-3.037833835,0.000000000,1
142.248015404,8,8,171,8.617451398,21.568875827,-3.037833835,21.568875827,-3.037833835,0.000000000,1
143.310283184,8,8,161,8.027033107,21.568875827,-3.037833835,21.568875827,-3.037833835,0.000000000,1
144.310272932,8,8,149,7.518998641,21.568875827,-3.037833835,21.568875827,-3.037833835,0.000000000,1
145.379211903,8,8,141,7.035369159,21.568875827,-3.037833835,21.568875827,-3.037833835,0.000000000,1
146.366202831,8,8,131,6.561035019,21.568875827,-3.037833835,21.568875827,-3.037833835,0.000000000,1
147.387493610,8,8,120,6.015865801,21.568875827,-3.037833835,21.568875827,-3.037833835,0.000000000,1
148.411921263,8,8,110,5.503253483,21.568875827,-3.037833835,21.568875827,-3.037833835,0.000000000,1
149.446149111,8,8,100,4.987039197,21.568875827,-3.037833835,21.568875827,-3.037833835,0.000000000,1
150.472192526,8,8,89,4.545485522,21.568875827,-3.037833835,21.568875827,-3.037833835,0.000000000,1
151.504720211,8,8,79,4.018381046,21.568875827,-3.037833835,21.568875827,-3.037833835,0.000000000,1
152.507332802,8,8,69,3.525124552,21.568875827,-3.037833835,21.568875827,-3.037833835,0.000000000,1
153.532729387,8,8,58,2.915656630,21.568875827,-3.037833835,21.568875827,-3.037833835,0.000000000,1
154.565805912,8,8,50,2.517879860,21.568875827,-3.037833835,21.568875827,-3.037833835,0.000000000,1
155.592741489,8,8,40,1.984588645,21.568875827,-3.037833835,21.568875827,-3.037833835,0.000000000,1
156.611100197,8,8,29,1.460102578,21.568875827,-3.037833835,21.568875827,-3.037833835,0.000000000,1
157.642366171,8,8,17,0.921687944,21.568875827,-3.037833835,21.568875827,-3.037833835,0.000000000,1
158.671863794,8,8,14,0.668445867,21.568875827,-3.037833835,21.568875827,-3.037833835,0.000000000,1
165.862398148,9,9,68,3.399433195,23.568875857,-1.286187840,23.568875857,-1.286187840,0.000000000,1
166.682008982,9,9,61,3.027563652,23.568875857,-1.286187840,23.568875857,-1.286187840,0.000000000,1
167.710352182,9,9,50,2.486308216,23.568875857,-1.286187840,23.568875857,-1.286187840,0.000000000,1
168.726324797,9,9,39,1.947154834,23.568875857,-1.286187840,23.568875857,-1.286187840,0.000000000,1
169.782818794,9,9,28,1.392678677,23.568875857,-1.286187840,23.568875857,-1.286187840,0.000000000,1
170.788342237,9,9,18,0.895233061,23.568875857,-1.286187840,23.568875857,-1.286187840,0.000000000,1
171.816717625,9,9,12,0.575641720,23.568875857,-1.286187840,23.568875857,-1.286187840,0.000000000,1
178.897544861,10,10,188,9.393514480,26.468875900,-3.386187871,26.468875900,-3.386187871,0.000000000,1
179.701190472,10,10,183,9.125060738,26.468875900,-3.386187871,26.468875900,-3.386187871,0.000000000,1
180.785856247,10,10,174,8.707666536,26.468875900,-3.386187871,26.468875900,-3.386187871,0.000000000,1
181.751222610,10,10,169,8.440318322,26.468875900,-3.386187871,26.468875900,-3.386187871,0.000000000,1
182.787551403,10,10,161,8.069356290,26.468875900,-3.386187871,26.468875900,-3.386187871,0.000000000,1
183.800841331,10,10,163,8.152540150,26.468875900,-3.386187871,26.468875900,-3.386187871,0.000000000,1
184.911840200,10,10,162,8.079155056,26.468875900,-3.386187871,26.468875900,-3.386187871,0.000000000,1
185.866305351,10,10,159,7.937361110,26.468875900,-3.386187871,26.468875900,-3.386187871,0.000000000,1
186.881590128,10,10,147,7.449608346,26.468875900,-3.386187871,26.468875900,-3.386187871,0.000000000,1
187.918566227,10,10,140,6.980353088,26.468875900,-3.386187871,26.468875900,-3.386187871,0.000000000,1
188.908439636,10,10,130,6.501302999,26.468875900,-3.386187871,26.468875900,-3.386187871,0.000000000,1
189.977551937,10,10,119,5.954236516,26.468875900,-3.386187871,26.468875900,-3.386187871,0.000000000,1
190.999216080,10,10,116,5.787849500,26.468875900,-3.386187871,26.468875900,-3.386187871,0.000000000,1
192.026792049,10,10,98,4.881041416,26.468875900,-3.386187871,26.468875900,-3.386187871,0.000000000,1
193.041676521,10,10,88,4.411346750,26.468875900,-3.386187871,26.468875900,-3.386187871,0.000000000,1
194.058996439,10,10,76,3.788159993,26.468875900,-3.386187871,26.468875900,-3.386187871,0.000000000,1
195.102768183,10,10,66,3.280261934,26.468875900,-3.386187871,26.468875900,-3.386187871,0.000000000,1
196.110560179,10,10,55,2.762021505,26.468875900,-3.386187871,26.468875900,-3.386187871,0.000000000,1
197.156207561,10,10,45,2.270998552,26.468875900,-3.386187871,26.468875900,-3.386187871,0.000000000,1
198.158596992,10,10,35,1.773751865,26.468875900,-3.386187871,26.468875900,-3.386187871,0.000000000,1
199.198757410,10,10,24,1.226147070,26.468875900,-3.386187871,26.468875900,-3.386187871,0.000000000,1
200.239201546,10,10,17,0.862551110,26.468875900,-3.386187871,26.468875900,-3.386187871,0.000000000,1
201.228948593,10,10,12,0.584772510,26.468875900,-3.386187871,26.468875900,-3.386187871,0.000000000,1
208.826235056,11,11,97,4.860573416,29.968875952,-1.198434120,29.968875952,-1.198434120,0.000000000,1
209.643604517,11,11,90,4.505379875,29.968875952,-1.198434120,29.968875952,-1.198434120,0.000000000,1
210.638743162,11,11,82,4.094020714,29.968875952,-1.198434120,29.968875952,-1.198434120,0.000000000,1
211.664908409,11,11,71,3.555740100,29.968875952,-1.198434120,29.968875952,-1.198434120,0.000000000,1
212.679566860,11,11,58,2.907754926,29.968875952,-1.198434120,29.968875952,-1.198434120,0.000000000,1
213.719172716,11,11,47,2.332394431,29.968875952,-1.198434120,29.968875952,-1.198434120,0.000000000,1
214.731351614,11,11,36,1.776235332,29.968875952,-1.198434120,29.968875952,-1.198434120,0.000000000,1
215.788978100,11,11,25,1.275311337,29.968875952,-1.198434120,29.968875952,-1.198434120,0.000000000,1
216.792234659,11,11,17,0.853420592,29.968875952,-1.198434120,29.968875952,-1.198434120,0.000000000,1
217.810915232,11,11,10,0.494974754,29.968875952,-1.198434120,29.968875952,-1.198434120,0.000000000,1
225.245988131,12,12,224,11.296256983,28.468875930,4.901565970,28.468875930,4.901565970,0.000000000,1
226.004046917,12,12,222,11.082207046,28.468875930,4.901565970,28.468875930,4.901565970,0.000000000,1
227.008530378,12,12,215,10.739469014,28.468875930,4.901565970,28.468875930,4.901565970,0.000000000,1
228.047196627,12,12,207,10.370331569,28.468875930,4.901565970,28.468875930,4.901565970,0.000000000,1
229.084494829,12,12,198,9.972888764,28.468875930,4.901565970,28.468875930,4.901565970,0.000000000,1
230.105536699,12,12,195,9.844201078,28.468875930,4.901565970,28.468875930,4.901565970,0.000000000,1
231.110513210,12,12,195,9.844201078,28.468875930,4.901565970,28.468875930,4.901565970,0.000000000,1
232.145171881,12,12,192,9.595900403,28.468875930,4.901565970,28.468875930,4.901565970,0.000000000,1
233.204339027,12,12,182,9.098834248,28.468875930,4.901565970,28.468875930,4.901565970,0.000000000,1
234.207225323,12,12,170,8.593642942,28.468875930,4.901565970,28.468875930,4.901565970,0.000000000,1
235.250184536,12,12,157,7.954992402,28.468875930,4.901565970,28.468875930,4.901565970,0.000000000,1
236.262023926,12,12,150,7.497384710,28.468875930,4.901565970,28.468875930,4.901565970,0.000000000,1
237.304613590,12,12,137,6.924358927,28.468875930,4.901565970,28.468875930,4.901565970,0.000000000,1
238.321260214,12,12,130,6.502947454,28.468875930,4.901565970,28.468875930,4.901565970,0.000000000,1
239.347369671,12,12,117,5.924614497,28.468875930,4.901565970,28.468875930,4.901565970,0.000000000,1
240.405705452,12,12,110,5.503270404,28.468875930,4.901565970,28.468875930,4.901565970,0.000000000,1
241.418252230,12,12,98,4.903777303,28.468875930,4.901565970,28.468875930,4.901565970,0.000000000,1
242.467212915,12,12,85,4.326585279,28.468875930,4.901565970,28.468875930,4.901565970,0.000000000,1
243.462820292,12,12,79,3.933921042,28.468875930,4.901565970,28.468875930,4.901565970,0.000000000,1
244.518683672,12,12,69,3.433918518,28.468875930,4.901565970,28.468875930,4.901565970,0.000000000,1
245.529743910,12,12,58,2.890827190,28.468875930,4.901565970,28.468875930,4.901565970,0.000000000,1
246.527848959,12,12,47,2.354959317,28.468875930,4.901565970,28.468875930,4.901565970,0.000000000,1
247.574542046,12,12,37,1.828429664,28.468875930,4.901565970,28.468875930,4.901565970,0.000000000,1
248.583050966,12,12,25,1.275319262,28.468875930,4.901565970,28.468875930,4.901565970,0.000000000,1
249.613691092,12,12,17,0.853420770,28.468875930,4.901565970,28.468875930,4.901565970,0.000000000,1
250.661779642,12,12,12,0.575641682,28.468875930,4.901565970,28.468875930,4.901565970,0.000000000,1
259.457643270,13,13,173,8.715000043,36.668876052,3.701565953,36.668876052,3.701565953,0.000000000,1
260.199340343,13,13,169,8.519358395,36.668876052,3.701565953,36.668876052,3.701565953,0.000000000,1
261.229681015,13,13,158,8.011208600,36.668876052,3.701565953,36.668876052,3.701565953,0.000000000,1
262.280746698,13,13,149,7.513379886,36.668876052,3.701565953,36.668876052,3.701565953,0.000000000,1
263.298964739,13,13,137,6.917438256,36.668876052,3.701565953,36.668876052,3.701565953,0.000000000,1
264.325199604,13,13,127,6.417593421,36.668876052,3.701565953,36.668876052,3.701565953,0.000000000,1
265.332898855,13,13,117,5.920240915,36.668876052,3.701565953,36.668876052,3.701565953,0.000000000,1
266.368795633,13,13,107,5.418416844,36.668876052,3.701565953,36.668876052,3.701565953,0.000000000,1
267.410443783,13,13,97,4.934024069,36.668876052,3.701565953,36.668876052,3.701565953,0.000000000,1
268.417637348,13,13,87,4.434587907,36.668876052,3.701565953,36.668876052,3.701565953,0.000000000,1
269.424101114,13,13,77,3.958869471,36.668876052,3.701565953,36.668876052,3.701565953,0.000000000,1
270.462066412,13,13,66,3.486739077,36.668876052,3.701565953,36.668876052,3.701565953,0.000000000,1
271.481660128,13,13,58,2.972422389,36.668876052,3.701565953,36.668876052,3.701565953,0.000000000,1
272.515771866,13,13,48,2.468537588,36.668876052,3.701565953,36.668876052,3.701565953,0.000000000,1
273.528050184,13,13,37,1.929618847,36.668876052,3.701565953,36.668876052,3.701565953,0.000000000,1
274.567842722,13,13,26,1.390801350,36.668876052,3.701565953,36.668876052,3.701565953,0.000000000,1
275.601965427,13,13,18,0.979591199,36.668876052,3.701565953,36.668876052,3.701565953,0.000000000,1
276.600455999,13,13,11,0.661470572,36.668876052,3.701565953,36.668876052,3.701565953,0.000000000,1
285.869167328,14,14,105,5.345574233,40.968876116,4.601565966,40.968876116,4.601565966,0.000000000,1
286.521310091,14,14,105,5.345574233,40.968876116,4.601565966,40.968876116,4.601565966,0.000000000,1
287.592595100,14,14,101,5.148085194,40.968876116,4.601565966,40.968876116,4.601565966,0.000000000,1
288.570670128,14,14,90,4.584530455,40.968876116,4.601565966,40.968876116,4.601565966,0.000000000,1
289.609232187,14,14,81,4.115952062,40.968876116,4.601565966,40.968876116,4.601565966,0.000000000,1
290.650417566,14,14,69,3.526224391,40.968876116,4.601565966,40.968876116,4.601565966,0.000000000,1
291.643493414,14,14,60,3.100898732,40.968876116,4.601565966,40.968876116,4.601565966,0.000000000,1
292.683300972,14,14,50,2.590740909,40.968876116,4.601565966,40.968876116,4.601565966,0.000000000,1
293.704152346,14,14,38,1.994209156,40.968876116,4.601565966,40.968876116,4.601565966,0.000000000,1
294.732775450,14,14,28,1.485787916,40.968876116,4.601565966,40.968876116,4.601565966,0.000000000,1
295.761224747,14,14,20,1.073357070,40.968876116,4.601565966,40.968876116,4.601565966,0.000000000,1
296.771980524,14,14,13,0.754125094,40.968876116,4.601565966,40.968876116,4.601565966,0.000000000,1
306.224768639,15,15,320,16.125870146,36.968876057,-7.498434214,36.968876057,-7.498434214,0.000000000,1
307.020193338,15,15,316,15.890433937,36.968876057,-7.498434214,36.968876057,-7.498434214,0.000000000,1
308.011257887,15,15,308,15.544682544,36.968876057,-7.498434214,36.968876057,-7.498434214,0.000000000,1
309.042103052,15,15,309,15.541624376,36.968876057,-7.498434214,36.968876057,-7.498434214,0.000000000,1
310.138208389,15,15,304,15.347734880,36.968876057,-7.498434214,36.968876057,-7.498434214,0.000000000,1
311.108008623,15,15,294,14.848758817,36.968876057,-7.498434214,36.968876057,-7.498434214,0.000000000,1
312.161408424,15,15,284,14.356474860,36.968876057,-7.498434214,36.968876057,-7.498434214,0.000000000,1
313.152620316,15,15,275,13.838574779,36.968876057,-7.498434214,36.968876057,-7.498434214,0.000000000,1
314.200801611,15,15,265,13.339567993,36.968876057,-7.498434214,36.968876057,-7.498434214,0.000000000,1
315.210385799,15,15,254,12.797867619,36.968876057,-7.498434214,36.968876057,-7.498434214,0.000000000,1
316.282180548,15,15,245,12.340578978,36.968876057,-7.498434214,36.968876057,-7.498434214,0.000000000,1
317.277009964,15,15,235,11.827312060,36.968876057,-7.498434214,36.968876057,-7.498434214,0.000000000,1
318.311852217,15,15,225,11.326991687,36.968876057,-7.498434214,36.968876057,-7.498434214,0.000000000,1
319.341084719,15,15,217,10.927005718,36.968876057,-7.498434214,36.968876057,-7.498434214,0.000000000,1
320.359449863,15,15,207,10.427040832,36.968876057,-7.498434214,36.968876057,-7.498434214,0.000000000,1
321.383892298,15,15,197,9.927066234,36.968876057,-7.498434214,36.968876057,-7.498434214,0.000000000,1
322.435875416,15,15,185,9.327129902,36.968876057,-7.498434214,36.968876057,-7.498434214,0.000000000,1
323.446031570,15,15,175,8.827217846,36.968876057,-7.498434214,36.968876057,-7.498434214,0.000000000,1
324.479521990,15,15,165,8.327317024,36.968876057,-7.498434214,36.968876057,-7.498434214,0.000000000,1
325.526211977,15,15,155,7.827475465,36.968876057,-7.498434214,36.968876057,-7.498434214,0.000000000,1
326.526064157,15,15,145,7.327663188,36.968876057,-7.498434214,36.968876057,-7.498434214,0.000000000,1
327.548187971,15,15,135,6.827938684,36.968876057,-7.498434214,36.968876057,-7.498434214,0.000000000,1
328.600033998,15,15,125,6.328273298,36.968876057,-7.498434214,36.968876057,-7.498434214,0.000000000,1
329.585876226,15,15,115,5.828859744,36.968876057,-7.498434214,36.968876057,-7.498434214,0.000000000,1
330.653786898,15,15,105,5.329460179,36.968876057,-7.498434214,36.968876057,-7.498434214,0.000000000,1
331.647748947,15,15,95,4.830190786,36.968876057,-7.498434214,36.968876057,-7.498434214,0.000000000,1
332.667008162,15,15,85,4.331137278,36.968876057,-7.498434214,36.968876057,-7.498434214,0.000000000,1
333.687181234,15,15,75,3.832327872,36.968876057,-7.498434214,36.968876057,-7.498434214,0.000000000,1
334.713068008,15,15,65,3.343763231,36.968876057,-7.498434214,36.968876057,-7.498434214,0.000000000,1
335.786768913,15,15,55,2.844299171,36.968876057,-7.498434214,36.968876057,-7.498434214,0.000000000,1
336.781917810,15,15,45,2.345387535,36.968876057,-7.498434214,36.968876057,-7.498434214,0.000000000,1
337.846393347,15,15,35,1.833057872,36.968876057,-7.498434214,36.968876057,-7.498434214,0.000000000,1
338.808728695,15,15,26,1.377066969,36.968876057,-7.498434214,36.968876057,-7.498434214,0.000000000,1
339.852755070,15,15,14,0.770782494,36.968876057,-7.498434214,36.968876057,-7.498434214,0.000000000,1
340.912485123,15,15,10,0.570782491,36.968876057,-7.498434214,36.968876057,-7.498434214,0.000000000,1
350.560475588,16,16,131,6.655466906,35.068875542,-9.898332270,35.068875542,-9.898332270,0.000000000,1
351.400823832,16,16,127,6.456658978,35.068875542,-9.898332270,35.068875542,-9.898332270,0.000000000,1
352.387961149,16,16,121,6.143912654,35.068875542,-9.898332270,35.068875542,-9.898332270,0.000000000,1
353.422143459,16,16,119,5.996937026,35.068875542,-9.898332270,35.068875542,-9.898332270,0.000000000,1
354.464220524,16,16,119,5.996937026,35.068875542,-9.898332270,35.068875542,-9.898332270,0.000000000,1
355.489954472,16,16,113,5.783880379,35.068875542,-9.898332270,35.068875542,-9.898332270,0.000000000,1
356.524221420,16,16,104,5.275346064,35.068875542,-9.898332270,35.068875542,-9.898332270,0.000000000,1
357.620647669,16,16,93,4.751752559,35.068875542,-9.898332270,35.068875542,-9.898332270,0.000000000,1
358.547672033,16,16,83,4.188047076,35.068875542,-9.898332270,35.068875542,-9.898332270,0.000000000,1
359.602207661,16,16,72,3.677106878,35.068875542,-9.898332270,35.068875542,-9.898332270,0.000000000,1
360.593597651,16,16,62,3.161125735,35.068875542,-9.898332270,35.068875542,-9.898332270,0.000000000,1
361.666668653,16,16,51,2.656937960,35.068875542,-9.898332270,35.068875542,-9.898332270,0.000000000,1
362.648373127,16,16,41,2.156937952,35.068875542,-9.898332270,35.068875542,-9.898332270,0.000000000,1
363.716637135,16,16,31,1.656937945,35.068875542,-9.898332270,35.068875542,-9.898332270,0.000000000,1
364.708626747,16,16,21,1.156937937,35.068875542,-9.898332270,35.068875542,-9.898332270,0.000000000,1
365.723409653,16,16,13,0.756937931,35.068875542,-9.898332270,35.068875542,-9.898332270,0.000000000,1
366.841441870,16,16,7,0.456572890,35.068875542,-9.898332270,35.068875542,-9.898332270,0.000000000,1
376.122658491,17,17,303,15.248098923,45.768875701,-8.521865456,45.768875701,-8.521865456,0.000000000,1
376.776403904,17,17,297,14.913100105,45.768875701,-8.521865456,45.768875701,-8.521865456,0.000000000,1
377.792960167,17,17,291,14.648688342,45.768875701,-8.521865456,45.768875701,-8.521865456,0.000000000,1
378.841057777,17,17,283,14.244739437,45.768875701,-8.521865456,45.768875701,-8.521865456,0.000000000,1
379.870872974,17,17,275,13.845557104,45.768875701,-8.521865456,45.768875701,-8.521865456,0.000000000,1
380.900790215,17,17,269,13.513559765,45.768875701,-8.521865456,45.768875701,-8.521865456,0.000000000,1
381.948368311,17,17,261,13.115608763,45.768875701,-8.521865456,45.768875701,-8.521865456,0.000000000,1
383.053575754,17,17,255,12.824451410,45.768875701,-8.521865456,45.768875701,-8.521865456,0.000000000,1
383.993783712,17,17,247,12.434812694,45.768875701,-8.521865456,45.768875701,-8.521865456,0.000000000,1
385.007816076,17,17,240,12.075112029,45.768875701,-8.521865456,45.768875701,-8.521865456,0.000000000,1
386.026822329,17,17,231,11.637388330,45.768875701,-8.521865456,45.768875701,-8.521865456,0.000000000,1
387.089785099,17,17,228,11.494317431,45.768875701,-8.521865456,45.768875701,-8.521865456,0.000000000,1
388.064185381,17,17,226,11.398191654,45.768875701,-8.521865456,45.768875701,-8.521865456,0.000000000,1
389.126202822,17,17,224,11.295762514,45.768875701,-8.521865456,45.768875701,-8.521865456,0.000000000,1
390.135915279,17,17,216,10.900499575,45.768875701,-8.521865456,45.768875701,-8.521865456,0.000000000,1
391.161988497,17,17,205,10.334286775,45.768875701,-8.521865456,45.768875701,-8.521865456,0.000000000,1
392.174243212,17,17,195,9.850395600,45.768875701,-8.521865456,45.768875701,-8.521865456,0.000000000,1
393.225135326,17,17,185,9.308968928,45.768875701,-8.521865456,45.768875701,-8.521865456,0.000000000,1
394.234009981,17,17,173,8.724798479,45.768875701,-8.521865456,45.768875701,-8.521865456,0.000000000,1
395.391889572,17,17,164,8.288606953,45.768875701,-8.521865456,45.768875701,-8.521865456,0.000000000,1
396.307518482,17,17,154,7.789095650,45.768875701,-8.521865456,45.768875701,-8.521865456,0.000000000,1
397.324014902,17,17,144,7.288766550,45.768875701,-8.521865456,45.768875701,-8.521865456,0.000000000,1
398.332625866,17,17,134,6.789315697,45.768875701,-8.521865456,45.768875701,-8.521865456,0.000000000,1
399.362070560,17,17,124,6.289066551,45.768875701,-8.521865456,45.768875701,-8.521865456,0.000000000,1
400.366516590,17,17,114,5.789720552,45.768875701,-8.521865456,45.768875701,-8.521865456,0.000000000,1
401.437751770,17,17,104,5.289621249,45.768875701,-8.521865456,45.768875701,-8.521865456,0.000000000,1
402.424159050,17,17,94,4.790495004,45.768875701,-8.521865456,45.768875701,-8.521865456,0.000000000,1
403.453629255,17,17,84,4.290771636,45.768875701,-8.521865456,45.768875701,-8.521865456,0.000000000,1
404.470618248,17,17,75,3.803336096,45.768875701,-8.521865456,45.768875701,-8.521865456,0.000000000,1
405.499349117,17,17,64,3.302725744,45.768875701,-8.521865456,45.768875701,-8.521865456,0.000000000,1
406.546400070,17,17,55,2.811073090,45.768875701,-8.521865456,45.768875701,-8.521865456,0.000000000,1
407.530219316,17,17,44,2.301317479,45.768875701,-8.521865456,45.768875701,-8.521865456,0.000000000,1
408.585841417,17,17,33,1.748296080,45.768875701,-8.521865456,45.768875701,-8.521865456,0.000000000,1
409.584172726,17,17,24,1.288628550,45.768875701,-8.521865456,45.768875701,-8.521865456,0.000000000,1
410.614000797,17,17,15,0.844194951,45.768875701,-8.521865456,45.768875701,-8.521865456,0.000000000,1
411.627822876,17,17,10,0.564700364,45.768875701,-8.521865456,45.768875701,-8.521865456,0.000000000,1
421.206570864,18,18,183,9.183591560,45.568879461,0.864526529,45.568879461,0.864526529,0.000000000,1
421.525390148,18,18,184,9.197868852,45.568879461,0.864526529,45.568879461,0.864526529,0.000000000,1
422.561411142,18,18,182,9.097926724,45.568879461,0.864526529,45.568879461,0.864526529,0.000000000,1
423.643149376,18,18,177,8.883550105,45.568879461,0.864526529,45.568879461,0.864526529,0.000000000,1
424.624962091,18,18,167,8.383618896,45.568879461,0.864526529,45.568879461,0.864526529,0.000000000,1
425.671494722,18,18,157,7.883679651,45.568879461,0.864526529,45.568879461,0.864526529,0.000000000,1
426.665610790,18,18,145,7.283570417,45.568879461,0.864526529,45.568879461,0.864526529,0.000000000,1
427.670929670,18,18,135,6.770710779,45.568879461,0.864526529,45.568879461,0.864526529,0.000000000,1
428.780083895,18,18,125,6.270710772,45.568879461,0.864526529,45.568879461,0.864526529,0.000000000,1
429.732747555,18,18,115,5.770710764,45.568879461,0.864526529,45.568879461,0.864526529,0.000000000,1
430.842316628,18,18,105,5.270710757,45.568879461,0.864526529,45.568879461,0.864526529,0.000000000,1
431.783455610,18,18,95,4.770710749,45.568879461,0.864526529,45.568879461,0.864526529,0.000000000,1
432.805956841,18,18,85,4.270710742,45.568879461,0.864526529,45.568879461,0.864526529,0.000000000,1
433.853384733,18,18,75,3.770710734,45.568879461,0.864526529,45.568879461,0.864526529,0.000000000,1
434.874544859,18,18,65,3.270710727,45.568879461,0.864526529,45.568879461,0.864526529,0.000000000,1
435.897319078,18,18,55,2.770710719,45.568879461,0.864526529,45.568879461,0.864526529,0.000000000,1
437.012826443,18,18,45,2.270710712,45.568879461,0.864526529,45.568879461,0.864526529,0.000000000,1
437.946638823,18,18,33,1.670710703,45.568879461,0.864526529,45.568879461,0.864526529,0.000000000,1
438.986101151,18,18,23,1.170710696,45.568879461,0.864526529,45.568879461,0.864526529,0.000000000,1
440.005173445,18,18,15,0.770710690,45.568879461,0.864526529,45.568879461,0.864526529,0.000000000,1
441.042179108,18,18,9,0.470710685,45.568879461,0.864526529,45.568879461,0.864526529,0.000000000,1
450.337726116,19,19,489,24.519013899,28.168879202,8.664526645,28.168879202,8.664526645,0.000000000,1
450.994055510,19,19,484,24.293126115,28.168879202,8.664526645,28.168879202,8.664526645,0.000000000,1
451.991778851,19,19,478,24.002452139,28.168879202,8.664526645,28.168879202,8.664526645,0.000000000,1
453.038190365,19,19,472,23.664248935,28.168879202,8.664526645,28.168879202,8.664526645,0.000000000,1
454.047094584,19,19,463,23.255741653,28.168879202,8.664526645,28.168879202,8.664526645,0.000000000,1
455.171854973,19,19,457,22.954814992,28.168879202,8.664526645,28.168879202,8.664526645,0.000000000,1
456.133792639,19,19,451,22.629533605,28.168879202,8.664526645,28.168879202,8.664526645,0.000000000,1
457.150944471,19,19,442,22.211532207,28.168879202,8.664526645,28.168879202,8.664526645,0.000000000,1
458.170895100,19,19,436,21.873666622,28.168879202,8.664526645,28.168879202,8.664526645,0.000000000,1
459.219935656,19,19,431,21.634837493,28.168879202,8.664526645,28.168879202,8.664526645,0.000000000,1
460.193553686,19,19,423,21.213565890,28.168879202,8.664526645,28.168879202,8.664526645,0.000000000,1
461.225935936,19,19,413,20.843263798,28.168879202,8.664526645,28.168879202,8.664526645,0.000000000,1
462.277274132,19,19,413,20.729976022,28.168879202,8.664526645,28.168879202,8.664526645,0.000000000,1
463.309422255,19,19,398,19.972220522,28.168879202,8.664526645,28.168879202,8.664526645,0.000000000,1
464.351730585,19,19,394,19.787107925,28.168879202,8.664526645,28.168879202,8.664526645,0.000000000,1
465.332136154,19,19,384,19.304912631,28.168879202,8.664526645,28.168879202,8.664526645,0.000000000,1
466.344034195,19,19,378,18.968966697,28.168879202,8.664526645,28.168879202,8.664526645,0.000000000,1
467.407027245,19,19,371,18.623645469,28.168879202,8.664526645,28.168879202,8.664526645,0.000000000,1
468.431351423,19,19,364,18.285230239,28.168879202,8.664526645,28.168879202,8.664526645,0.000000000,1
469.436454773,19,19,357,17.932930555,28.168879202,8.664526645,28.168879202,8.664526645,0.000000000,1
470.470726967,19,19,350,17.570427540,28.168879202,8.664526645,28.168879202,8.664526645,0.000000000,1
471.501909256,19,19,342,17.190968760,28.168879202,8.664526645,28.168879202,8.664526645,0.000000000,1
472.513703346,19,19,335,16.826894068,28.168879202,8.664526645,28.168879202,8.664526645,0.000000000,1
473.614740372,19,19,327,16.518483077,28.168879202,8.664526645,28.168879202,8.664526645,0.000000000,1
474.570983648,19,19,320,16.116022259,28.168879202,8.664526645,28.168879202,8.664526645,0.000000000,1
475.585508585,19,19,314,15.778625416,28.168879202,8.664526645,28.168879202,8.664526645,0.000000000,1
476.616832495,19,19,307,15.419838300,28.168879202,8.664526645,28.168879202,8.664526645,0.000000000,1
477.663379431,19,19,299,15.049993311,28.168879202,8.664526645,28.168879202,8.664526645,0.000000000,1
478.675279617,19,19,292,14.684608267,28.168879202,8.664526645,28.168879202,8.664526645,0.000000000,1
479.760250568,19,19,284,14.310815837,28.168879202,8.664526645,28.168879202,8.664526645,0.000000000,1
480.731658220,19,19,277,13.967074591,28.168879202,8.664526645,28.168879202,8.664526645,0.000000000,1
481.774245024,19,19,269,13.568630198,28.168879202,8.664526645,28.168879202,8.664526645,0.000000000,1
482.836628675,19,19,264,13.399036550,28.168879202,8.664526645,28.168879202,8.664526645,0.000000000,1
483.838134289,19,19,257,13.026807729,28.168879202,8.664526645,28.168879202,8.664526645,0.000000000,1
484.882422686,19,19,250,12.693216175,28.168879202,8.664526645,28.168879202,8.664526645,0.000000000,1
485.860413313,19,19,245,12.332091598,28.168879202,8.664526645,28.168879202,8.664526645,0.000000000,1
486.903674364,19,19,235,11.947708442,28.168879202,8.664526645,28.168879202,8.664526645,0.000000000,1
487.911774635,19,19,228,11.589790159,28.168879202,8.664526645,28.168879202,8.664526645,0.000000000,1
488.986563444,19,19,222,11.157019824,28.168879202,8.664526645,28.168879202,8.664526645,0.000000000,1
489.987385273,19,19,220,11.191154104,28.168879202,8.664526645,28.168879202,8.664526645,0.000000000,1
491.020180464,19,19,222,11.180674099,28.168879202,8.664526645,28.168879202,8.664526645,0.000000000,1
492.029742718,19,19,215,10.932519333,28.168879202,8.664526645,28.168879202,8.664526645,0.000000000,1
493.060538292,19,19,209,10.526254427,28.168879202,8.664526645,28.168879202,8.664526645,0.000000000,1
494.089144468,19,19,197,10.034655616,28.168879202,8.664526645,28.168879202,8.664526645,0.000000000,1
495.119863033,19,19,189,9.504254255,28.168879202,8.664526645,28.168879202,8.664526645,0.000000000,1
496.181803703,19,19,175,8.833420269,28.168879202,8.664526645,28.168879202,8.664526645,0.000000000,1
497.180178881,19,19,167,8.436249377,28.168879202,8.664526645,28.168879202,8.664526645,0.000000000,1
498.190568924,19,19,154,7.777199093,28.168879202,8.664526645,28.168879202,8.664526645,0.000000000,1
499.205856800,19,19,145,7.329653125,28.168879202,8.664526645,28.168879202,8.664526645,0.000000000,1
500.246640444,19,19,134,6.842588335,28.168879202,8.664526645,28.168879202,8.664526645,0.000000000,1
501.409697294,19,19,124,6.244232883,28.168879202,8.664526645,28.168879202,8.664526645,0.000000000,1
502.278589010,19,19,113,5.725437017,28.168879202,8.664526645,28.168879202,8.664526645,0.000000000,1
503.323301554,19,19,103,5.332061774,28.168879202,8.664526645,28.168879202,8.664526645,0.000000000,1
504.327135086,19,19,94,4.856357403,28.168879202,8.664526645,28.168879202,8.664526645,0.000000000,1
505.350620270,19,19,83,4.222087064,28.168879202,8.664526645,28.168879202,8.664526645,0.000000000,1
506.443138361,19,19,73,3.715105198,28.168879202,8.664526645,28.168879202,8.664526645,0.000000000,1
507.418045521,19,19,63,3.317954147,28.168879202,8.664526645,28.168879202,8.664526645,0.000000000,1
508.468919516,19,19,54,2.761860342,28.168879202,8.664526645,28.168879202,8.664526645,0.000000000,1
509.471215248,19,19,42,2.263698540,28.168879202,8.664526645,28.168879202,8.664526645,0.000000000,1
510.501975060,19,19,34,1.743563454,28.168879202,8.664526645,28.168879202,8.664526645,0.000000000,1
511.522126198,19,19,23,1.235410603,28.168879202,8.664526645,28.168879202,8.664526645,0.000000000,1
512.543514967,19,19,14,0.788194595,28.168879202,8.664526645,28.168879202,8.664526645,0.000000000,1
513.563182831,19,19,10,0.566427469,28.168879202,8.664526645,28.168879202,8.664526645,0.000000000,1
522.553728342,20,20,208,10.807341719,19.068916818,8.082876329,19.068916818,8.082876329,0.000000000,1
523.160128593,20,20,204,10.586584228,19.068916818,8.082876329,19.068916818,8.082876329,0.000000000,1
524.227186441,20,20,195,10.129682704,19.068916818,8.082876329,19.068916818,8.082876329,0.000000000,1
525.229500294,20,20,184,9.577558380,19.068916818,8.082876329,19.068916818,8.082876329,0.000000000,1
526.249486923,20,20,173,9.064518132,19.068916818,8.082876329,19.068916818,8.082876329,0.000000000,1
527.293289423,20,20,164,8.574000828,19.068916818,8.082876329,19.068916818,8.082876329,0.000000000,1
528.298556328,20,20,153,8.038419644,19.068916818,8.082876329,19.068916818,8.082876329,0.000000000,1
529.381877899,20,20,142,7.517875543,19.068916818,8.082876329,19.068916818,8.082876329,0.000000000,1
530.345769167,20,20,132,7.069122433,19.068916818,8.082876329,19.068916818,8.082876329,0.000000000,1
531.379398584,20,20,580,29.062446962,19.068916818,8.082876329,19.068916818,8.082876329,0.000000000,1
532.424946070,20,20,585,29.372520641,19.068916818,8.082876329,19.068916818,8.082876329,0.000000000,1
533.441494942,20,20,583,29.250851135,19.068916818,8.082876329,19.068916818,8.082876329,0.000000000,1
534.534655094,20,20,583,29.250851135,19.068916818,8.082876329,19.068916818,8.082876329,0.000000000,1
535.497184038,20,20,575,28.846938798,19.068916818,8.082876329,19.068916818,8.082876329,0.000000000,1
536.545553446,20,20,565,28.352345033,19.068916818,8.082876329,19.068916818,8.082876329,0.000000000,1
537.537955046,20,20,555,27.855605494,19.068916818,8.082876329,19.068916818,8.082876329,0.000000000,1
538.592445850,20,20,545,27.355821570,19.068916818,8.082876329,19.068916818,8.082876329,0.000000000,1
539.592257023,20,20,536,26.878756402,19.068916818,8.082876329,19.068916818,8.082876329,0.000000000,1
540.707817793,20,20,526,26.370133276,19.068916818,8.082876329,19.068916818,8.082876329,0.000000000,1
541.731543541,20,20,514,25.773800447,19.068916818,8.082876329,19.068916818,8.082876329,0.000000000,1
542.665124893,20,20,504,25.294438424,19.068916818,8.082876329,19.068916818,8.082876329,0.000000000,1
543.702237129,20,20,494,24.809570262,19.068916818,8.082876329,19.068916818,8.082876329,0.000000000,1
544.738048315,20,20,484,24.304596589,19.068916818,8.082876329,19.068916818,8.082876329,0.000000000,1
545.719583035,20,20,474,23.802092195,19.068916818,8.082876329,19.068916818,8.082876329,0.000000000,1
546.816447496,20,20,464,23.308759471,19.068916818,8.082876329,19.068916818,8.082876329,0.000000000,1
547.785759449,20,20,453,22.716830891,19.068916818,8.082876329,19.068916818,8.082876329,0.000000000,1
548.802613735,20,20,443,22.214019126,19.068916818,8.082876329,19.068916818,8.082876329,0.000000000,1
549.838713646,20,20,432,21.699320103,19.068916818,8.082876329,19.068916818,8.082876329,0.000000000,1
550.849582672,20,20,424,21.296903738,19.068916818,8.082876329,19.068916818,8.082876329,0.000000000,1
551.889718533,20,20,413,20.749632760,19.068916818,8.082876329,19.068916818,8.082876329,0.000000000,1
552.888200998,20,20,403,20.255617877,19.068916818,8.082876329,19.068916818,8.082876329,0.000000000,1
553.918003082,20,20,393,19.713090039,19.068916818,8.082876329,19.068916818,8.082876329,0.000000000,1
554.940037251,20,20,382,19.173598991,19.068916818,8.082876329,19.068916818,8.082876329,0.000000000,1
556.008164883,20,20,373,18.727413705,19.068916818,8.082876329,19.068916818,8.082876329,0.000000000,1
556.994372368,20,20,362,18.190896854,19.068916818,8.082876329,19.068916818,8.082876329,0.000000000,1
558.078627110,20,20,352,17.718990015,19.068916818,8.082876329,19.068916818,8.082876329,0.000000000,1
559.069167852,20,20,342,17.177794039,19.068916818,8.082876329,19.068916818,8.082876329,0.000000000,1
560.100153685,20,20,329,16.552483355,19.068916818,8.082876329,19.068916818,8.082876329,0.000000000,1
561.132377148,20,20,321,16.138571344,19.068916818,8.082876329,19.068916818,8.082876329,0.000000000,1
562.191714048,20,20,311,15.642166989,19.068916818,8.082876329,19.068916818,8.082876329,0.000000000,1
563.146842241,20,20,299,15.042166980,19.068916818,8.082876329,19.068916818,8.082876329,0.000000000,1
564.214647055,20,20,289,14.538571320,19.068916818,8.082876329,19.068916818,8.082876329,0.000000000,1
565.225441217,20,20,279,14.042166965,19.068916818,8.082876329,19.068916818,8.082876329,0.000000000,1
566.217387199,20,20,269,13.538571305,19.068916818,8.082876329,19.068916818,8.082876329,0.000000000,1
567.256059170,20,20,259,13.042166951,19.068916818,8.082876329,19.068916818,8.082876329,0.000000000,1
568.334599257,20,20,249,12.538571290,19.068916818,8.082876329,19.068916818,8.082876329,0.000000000,1
569.313567638,20,20,239,12.042167238,19.068916818,8.082876329,19.068916818,8.082876329,0.000000000,1
570.374279737,20,20,229,11.538573674,19.068916818,8.082876329,19.068916818,8.082876329,0.000000000,1
571.363888979,20,20,219,11.042172289,19.068916818,8.082876329,19.068916818,8.082876329,0.000000000,1
572.415009260,20,20,207,10.442175431,19.068916818,8.082876329,19.068916818,8.082876329,0.000000000,1
573.387046576,20,20,199,10.042180637,19.068916818,8.082876329,19.068916818,8.082876329,0.000000000,1
574.485376835,20,20,187,9.442191316,19.068916818,8.082876329,19.068916818,8.082876329,0.000000000,1
575.445747375,20,20,177,8.938613511,19.068916818,8.082876329,19.068916818,8.082876329,0.000000000,1
576.488197565,20,20,167,8.442234426,19.068916818,8.082876329,19.068916818,8.082876329,0.000000000,1
577.625812292,20,20,157,7.937787034,19.068916818,8.082876329,19.068916818,8.082876329,0.000000000,1
578.551496983,20,20,147,7.441555809,19.068916818,8.082876329,19.068916818,8.082876329,0.000000000,1
579.576147079,20,20,137,6.937996583,19.068916818,8.082876329,19.068916818,8.082876329,0.000000000,1
580.621145725,20,20,127,6.441915504,19.068916818,8.082876329,19.068916818,8.082876329,0.000000000,1
581.610165358,20,20,117,5.939352275,19.068916818,8.082876329,19.068916818,8.082876329,0.000000000,1
582.673155785,20,20,107,5.443216385,19.068916818,8.082876329,19.068916818,8.082876329,0.000000000,1
583.668890476,20,20,97,4.942343164,19.068916818,8.082876329,19.068916818,8.082876329,0.000000000,1
584.686216593,20,20,85,4.344720251,19.068916818,8.082876329,19.068916818,8.082876329,0.000000000,1
585.779184580,20,20,76,3.906923818,19.068916818,8.082876329,19.068916818,8.082876329,0.000000000,1
586.752475023,20,20,64,3.315683576,19.068916818,8.082876329,19.068916818,8.082876329,0.000000000,1
587.768773556,20,20,55,2.831029711,19.068916818,8.082876329,19.068916818,8.082876329,0.000000000,1
588.805867434,20,20,44,2.266645164,19.068916818,8.082876329,19.068916818,8.082876329,0.000000000,1
589.813498497,20,20,34,1.795267253,19.068916818,8.082876329,19.068916818,8.082876329,0.000000000,1
590.856075287,20,20,24,1.259147658,19.068916818,8.082876329,19.068916818,8.082876329,0.000000000,1
591.865340710,20,20,15,0.818082251,19.068916818,8.082876329,19.068916818,8.082876329,0.000000000,1
592.887543440,20,20,10,0.576269397,19.068916818,8.082876329,19.068916818,8.082876329,0.000000000,1
601.887568712,21,21,366,18.413069918,1.569053812,10.788589507,1.569053812,10.788589507,0.000000000,1
602.724194288,21,21,359,18.084690390,1.569053812,10.788589507,1.569053812,10.788589507,0.000000000,1
603.732883930,21,21,372,18.955925185,1.569053812,10.788589507,1.569053812,10.788589507,0.000000000,1
604.764244556,21,21,436,21.851809249,1.569053812,10.788589507,1.569053812,10.788589507,0.000000000,1
605.814974785,21,21,427,21.390699903,1.569053812,10.788589507,1.569053812,10.788589507,0.000000000,1
606.842901945,21,21,419,20.981192476,1.569053812,10.788589507,1.569053812,10.788589507,0.000000000,1
607.852439880,21,21,409,20.523019076,1.569053812,10.788589507,1.569053812,10.788589507,0.000000000,1
608.909613609,21,21,398,19.939346382,1.569053812,10.788589507,1.569053812,10.788589507,0.000000000,1
609.924648523,21,21,388,19.536400046,1.569053812,10.788589507,1.569053812,10.788589507,0.000000000,1
610.945881367,21,21,380,18.994231574,1.569053812,10.788589507,1.569053812,10.788589507,0.000000000,1
612.008137941,21,21,355,18.203214654,1.569053812,10.788589507,1.569053812,10.788589507,0.000000000,1
613.129369497,21,21,341,17.597070417,1.569053812,10.788589507,1.569053812,10.788589507,0.000000000,1
614.016990900,21,21,643,32.168133716,1.569053812,10.788589507,1.569053812,10.788589507,0.000000000,1
615.050904036,21,21,642,32.211341894,1.569053812,10.788589507,1.569053812,10.788589507,0.000000000,1
616.170021296,21,21,640,32.086276787,1.569053812,10.788589507,1.569053812,10.788589507,0.000000000,1
617.133886099,21,21,640,32.086276787,1.569053812,10.788589507,1.569053812,10.788589507,0.000000000,1
618.153540850,21,21,637,31.827097163,1.569053812,10.788589507,1.569053812,10.788589507,0.000000000,1
619.144363403,21,21,627,31.369339012,1.569053812,10.788589507,1.569053812,10.788589507,0.000000000,1
620.162742138,21,21,617,30.827437961,1.569053812,10.788589507,1.569053812,10.788589507,0.000000000,1
621.196499109,21,21,608,30.382343707,1.569053812,10.788589507,1.569053812,10.788589507,0.000000000,1
622.247770071,21,21,597,29.824674283,1.569053812,10.788589507,1.569053812,10.788589507,0.000000000,1
623.273167849,21,21,588,29.376385434,1.569053812,10.788589507,1.569053812,10.788589507,0.000000000,1
624.308150530,21,21,574,28.787632654,1.569053812,10.788589507,1.569053812,10.788589507,0.000000000,1
625.313938856,21,21,568,28.397278473,1.569053812,10.788589507,1.569053812,10.788589507,0.000000000,1
626.361868620,21,21,555,27.841658313,1.569053812,10.788589507,1.569053812,10.788589507,0.000000000,1
627.398867607,21,21,547,27.321060724,1.569053812,10.788589507,1.569053812,10.788589507,0.000000000,1
628.443250656,21,21,536,26.803645141,1.569053812,10.788589507,1.569053812,10.788589507,0.000000000,1
629.468842268,21,21,527,26.339761330,1.569053812,10.788589507,1.569053812,10.788589507,0.000000000,1
630.486184835,21,21,516,25.782959677,1.569053812,10.788589507,1.569053812,10.788589507,0.000000000,1
631.505713940,21,21,507,25.338356552,1.569053812,10.788589507,1.569053812,10.788589507,0.000000000,1
632.587295532,21,21,493,24.730174083,1.569053812,10.788589507,1.569053812,10.788589507,0.000000000,1
633.730455637,21,21,484,24.179128114,1.569053812,10.788589507,1.569053812,10.788589507,0.000000000,1
634.589575052,21,21,475,23.778483645,1.569053812,10.788589507,1.569053812,10.788589507,0.000000000,1
635.670764685,21,21,465,23.250763707,1.569053812,10.788589507,1.569053812,10.788589507,0.000000000,1
636.647252560,21,21,452,22.702740953,1.569053812,10.788589507,1.569053812,10.788589507,0.000000000,1
637.706226587,21,21,444,22.212228583,1.569053812,10.788589507,1.569053812,10.788589507,0.000000000,1
638.772108555,21,21,434,21.697564907,1.569053812,10.788589507,1.569053812,10.788589507,0.000000000,1
639.796815157,21,21,413,20.645244499,1.569053812,10.788589507,1.569053812,10.788589507,0.000000000,1
640.799505711,21,21,410,20.510694484,1.569053812,10.788589507,1.569053812,10.788589507,0.000000000,1
641.810098886,21,21,398,19.900480577,1.569053812,10.788589507,1.569053812,10.788589507,0.000000000,1
642.860985994,21,21,386,19.299103772,1.569053812,10.788589507,1.569053812,10.788589507,0.000000000,1
643.857455730,21,21,372,18.682336456,1.569053812,10.788589507,1.569053812,10.788589507,0.000000000,1
644.867292404,21,21,363,18.141897784,1.569053812,10.788589507,1.569053812,10.788589507,0.000000000,1
645.912003756,21,21,352,17.606238342,1.569053812,10.788589507,1.569053812,10.788589507,0.000000000,1
646.952827692,21,21,340,17.006280395,1.569053812,10.788589507,1.569053812,10.788589507,0.000000000,1
648.002467871,21,21,330,16.607884018,1.569053812,10.788589507,1.569053812,10.788589507,0.000000000,1
649.012064219,21,21,318,16.007479020,1.569053812,10.788589507,1.569053812,10.788589507,0.000000000,1
650.020454884,21,21,310,15.477082273,1.569053812,10.788589507,1.569053812,10.788589507,0.000000000,1
651.065355539,21,21,298,15.010237281,1.569053812,10.788589507,1.569053812,10.788589507,0.000000000,1
652.056903601,21,21,290,14.479379418,1.569053812,10.788589507,1.569053812,10.788589507,0.000000000,1
653.086879015,21,21,278,14.010154020,1.569053812,10.788589507,1.569053812,10.788589507,0.000000000,1
654.093896866,21,21,270,13.471065824,1.569053812,10.788589507,1.569053812,10.788589507,0.000000000,1
655.147823811,21,21,260,12.996661908,1.569053812,10.788589507,1.569053812,10.788589507,0.000000000,1
656.143694639,21,21,249,12.460163185,1.569053812,10.788589507,1.569053812,10.788589507,0.000000000,1
657.165737152,21,21,239,11.920812479,1.569053812,10.788589507,1.569053812,10.788589507,0.000000000,1
658.193509102,21,21,230,11.471218573,1.569053812,10.788589507,1.569053812,10.788589507,0.000000000,1
659.242530107,21,21,217,10.856811794,1.569053812,10.788589507,1.569053812,10.788589507,0.000000000,1
660.269326448,21,21,212,10.617052547,1.569053812,10.788589507,1.569053812,10.788589507,0.000000000,1
661.300731421,21,21,199,9.951507557,1.569053812,10.788589507,1.569053812,10.788589507,0.000000000,1
662.301015854,21,21,190,9.493664433,1.569053812,10.788589507,1.569053812,10.788589507,0.000000000,1
663.331736803,21,21,179,8.970113270,1.569053812,10.788589507,1.569053812,10.788589507,0.000000000,1
664.421470881,21,21,168,8.409021718,1.569053812,10.788589507,1.569053812,10.788589507,0.000000000,1
665.423327446,21,21,156,7.803089257,1.569053812,10.788589507,1.569053812,10.788589507,0.000000000,1
666.414219141,21,21,147,7.326483949,1.569053812,10.788589507,1.569053812,10.788589507,0.000000000,1
667.478028536,21,21,138,6.884162310,1.569053812,10.788589507,1.569053812,10.788589507,0.000000000,1
668.482124805,21,21,126,6.315632856,1.569053812,10.788589507,1.569053812,10.788589507,0.000000000,1
669.504930973,21,21,116,5.776828632,1.569053812,10.788589507,1.569053812,10.788589507,0.000000000,1
670.522512913,21,21,105,5.238189852,1.569053812,10.788589507,1.569053812,10.788589507,0.000000000,1
671.588305235,21,21,97,4.822250536,1.569053812,10.788589507,1.569053812,10.788589507,0.000000000,1
672.579458952,21,21,85,4.267143159,1.569053812,10.788589507,1.569053812,10.788589507,0.000000000,1
673.651570559,21,21,75,3.722993371,1.569053812,10.788589507,1.569053812,10.788589507,0.000000000,1
674.613311768,21,21,63,3.143429009,1.569053812,10.788589507,1.569053812,10.788589507,0.000000000,1
675.668752193,21,21,53,2.669236784,1.569053812,10.788589507,1.569053812,10.788589507,0.000000000,1
676.664562464,21,21,42,2.079172787,1.569053812,10.788589507,1.569053812,10.788589507,0.000000000,1
677.697939634,21,21,31,1.548837280,1.569053812,10.788589507,1.569053812,10.788589507,0.000000000,1
678.723172426,21,21,21,1.031929658,1.569053812,10.788589507,1.569053812,10.788589507,0.000000000,1
679.747320652,21,21,13,0.661105990,1.569053812,10.788589507,1.569053812,10.788589507,0.000000000,1
680.778879642,21,21,9,0.435732455,1.569053812,10.788589507,1.569053812,10.788589507,0.000000000,1
688.182641029,22,22,142,7.210619564,-2.430946248,7.788589462,-2.430946248,7.788589462,0.000000000,1
688.571008205,22,22,138,6.965850891,-2.430946248,7.788589462,-2.430946248,7.788589462,0.000000000,1
689.640195131,22,22,130,6.599386776,-2.430946248,7.788589462,-2.430946248,7.788589462,0.000000000,1
690.619648933,22,22,127,6.442017903,-2.430946248,7.788589462,-2.430946248,7.788589462,0.000000000,1
691.638489723,22,22,127,6.442017903,-2.430946248,7.788589462,-2.430946248,7.788589462,0.000000000,1
692.687691689,22,22,119,6.041436806,-2.430946248,7.788589462,-2.430946248,7.788589462,0.000000000,1
693.722865105,22,22,110,5.568733183,-2.430946248,7.788589462,-2.430946248,7.788589462,0.000000000,1
694.737771273,22,22,100,5.072318176,-2.430946248,7.788589462,-2.430946248,7.788589462,0.000000000,1
695.753002882,22,22,89,4.557585204,-2.430946248,7.788589462,-2.430946248,7.788589462,0.000000000,1
696.773531437,22,22,78,3.998845011,-2.430946248,7.788589462,-2.430946248,7.788589462,0.000000000,1
697.803971767,22,22,71,3.617310523,-2.430946248,7.788589462,-2.430946248,7.788589462,0.000000000,1
698.840669155,22,22,58,3.008005551,-2.430946248,7.788589462,-2.430946248,7.788589462,0.000000000,1
699.887723684,22,22,69,3.539266320,-2.430946248,7.788589462,-2.430946248,7.788589462,0.000000000,1
700.887803555,22,22,37,1.934247795,-2.430946248,7.788589462,-2.430946248,7.788589462,0.000000000,1
701.943143606,22,22,26,1.399503998,-2.430946248,7.788589462,-2.430946248,7.788589462,0.000000000,1
702.957178354,22,22,17,0.943664686,-2.430946248,7.788589462,-2.430946248,7.788589462,0.000000000,1
703.963907003,22,22,10,0.580289932,-2.430946248,7.788589462,-2.430946248,7.788589462,0.000000000,1
711.814125299,23,23,205,10.317661322,-5.230946289,4.488589413,-5.230946289,4.488589413,0.000000000,1
712.642693520,23,23,200,10.078518907,-5.230946289,4.488589413,-5.230946289,4.488589413,0.000000000,1
713.670956612,23,23,193,9.725597194,-5.230946289,4.488589413,-5.230946289,4.488589413,0.000000000,1
714.740253925,23,23,185,9.337125609,-5.230946289,4.488589413,-5.230946289,4.488589413,0.000000000,1
715.727076530,23,23,178,9.013724918,-5.230946289,4.488589413,-5.230946289,4.488589413,0.000000000,1
716.741280317,23,23,171,8.638534639,-5.230946289,4.488589413,-5.230946289,4.488589413,0.000000000,1
717.921371222,23,23,166,8.412329375,-5.230946289,4.488589413,-5.230946289,4.488589413,0.000000000,1
718.855079412,23,23,165,8.319665350,-5.230946289,4.488589413,-5.230946289,4.488589413,0.000000000,1
719.843770742,23,23,162,8.217951502,-5.230946289,4.488589413,-5.230946289,4.488589413,0.000000000,1
720.880965710,23,23,153,7.739741645,-5.230946289,4.488589413,-5.230946289,4.488589413,0.000000000,1
721.905395746,23,23,143,7.219065300,-5.230946289,4.488589413,-5.230946289,4.488589413,0.000000000,1
722.920300961,23,23,132,6.702729727,-5.230946289,4.488589413,-5.230946289,4.488589413,0.000000000,1
723.963231802,23,23,123,6.247610053,-5.230946289,4.488589413,-5.230946289,4.488589413,0.000000000,1
725.015813351,23,23,111,5.638376102,-5.230946289,4.488589413,-5.230946289,4.488589413,0.000000000,1
725.983052969,23,23,103,5.235828185,-5.230946289,4.488589413,-5.230946289,4.488589413,0.000000000,1
727.020245075,23,23,93,4.737484436,-5.230946289,4.488589413,-5.230946289,4.488589413,0.000000000,1
728.031340361,23,23,81,4.137398514,-5.230946289,4.488589413,-5.230946289,4.488589413,0.000000000,1
729.043705463,23,23,71,3.640027165,-5.230946289,4.488589413,-5.230946289,4.488589413,0.000000000,1
730.084296942,23,23,61,3.139126728,-5.230946289,4.488589413,-5.230946289,4.488589413,0.000000000,1
731.093170404,23,23,51,2.637930672,-5.230946289,4.488589413,-5.230946289,4.488589413,0.000000000,1
732.145215273,23,23,41,2.150948416,-5.230946289,4.488589413,-5.230946289,4.488589413,0.000000000,1
733.143344879,23,23,31,1.646926202,-5.230946289,4.488589413,-5.230946289,4.488589413,0.000000000,1
734.167734146,23,23,22,1.199646068,-5.230946289,4.488589413,-5.230946289,4.488589413,0.000000000,1
735.192644596,23,23,14,0.793638572,-5.230946289,4.488589413,-5.230946289,4.488589413,0.000000000,1
736.213882923,23,23,7,0.431545381,-5.230946289,4.488589413,-5.230946289,4.488589413,0.000000000,1
743.784325361,24,24,83,4.240364158,-5.938678339,8.488589472,-5.938678339,8.488589472,0.000000000,1
744.575776577,24,24,82,4.212218027,-5.938678339,8.488589472,-5.938678339,8.488589472,0.000000000,1
745.604556799,24,24,81,4.142518177,-5.938678339,8.488589472,-5.938678339,8.488589472,0.000000000,1
746.667031050,24,24,71,3.645144119,-5.938678339,8.488589472,-5.938678339,8.488589472,0.000000000,1
747.645149946,24,24,67,3.431008591,-5.938678339,8.488589472,-5.938678339,8.488589472,0.000000000,1
748.703688383,24,24,51,2.629392681,-5.938678339,8.488589472,-5.938678339,8.488589472,0.000000000,1
749.701025486,24,24,42,2.212132067,-5.938678339,8.488589472,-5.938678339,8.488589472,0.000000000,1
750.715806961,24,24,32,1.712132060,-5.938678339,8.488589472,-5.938678339,8.488589472,0.000000000,1
751.795941114,24,24,22,1.212132052,-5.938678339,8.488589472,-5.938678339,8.488589472,0.000000000,1
752.771256685,24,24,16,0.912132048,-5.938678339,8.488589472,-5.938678339,8.488589472,0.000000000,1
753.781838894,24,24,10,0.612132043,-5.938678339,8.488589472,-5.938678339,8.488589472,0.000000000,1
761.502749920,25,25,778,38.991835668,16.061321988,-10.211410806,16.061321988,-10.211410806,0.000000000,1
762.176680565,25,25,774,38.792099540,16.061321988,-10.211410806,16.061321988,-10.211410806,0.000000000,1
763.277091026,25,25,765,38.349008301,16.061321988,-10.211410806,16.061321988,-10.211410806,0.000000000,1
764.232236147,25,25,760,38.108928041,16.061321988,-10.211410806,16.061321988,-10.211410806,0.000000000,1
765.262151480,25,25,757,37.931195278,16.061321988,-10.211410806,16.061321988,-10.211410806,0.000000000,1
766.351859570,25,25,757,37.931195278,16.061321988,-10.211410806,16.061321988,-10.211410806,0.000000000,1
767.317153931,25,25,752,37.692852801,16.061321988,-10.211410806,16.061321988,-10.211410806,0.000000000,1
768.395999432,25,25,742,37.198221643,16.061321988,-10.211410806,16.061321988,-10.211410806,0.000000000,1
769.392855406,25,25,733,36.747196435,16.061321988,-10.211410806,16.061321988,-10.211410806,0.000000000,1
770.412026882,25,25,721,36.140854774,16.061321988,-10.211410806,16.061321988,-10.211410806,0.000000000,1
771.444715261,25,25,711,35.631532353,16.061321988,-10.211410806,16.061321988,-10.211410806,0.000000000,1
772.531337500,25,25,700,35.101674780,16.061321988,-10.211410806,16.061321988,-10.211410806,0.000000000,1
773.514617205,25,25,690,34.605319527,16.061321988,-10.211410806,16.061321988,-10.211410806,0.000000000,1
774.539360285,25,25,680,34.099812845,16.061321988,-10.211410806,16.061321988,-10.211410806,0.000000000,1
775.543611765,25,25,671,33.641318822,16.061321988,-10.211410806,16.061321988,-10.211410806,0.000000000,1
776.626241922,25,25,660,33.105633383,16.061321988,-10.211410806,16.061321988,-10.211410806,0.000000000,1
777.625142813,25,25,651,32.658457734,16.061321988,-10.211410806,16.061321988,-10.211410806,0.000000000,1
778.649957657,25,25,641,32.146360541,16.061321988,-10.211410806,16.061321988,-10.211410806,0.000000000,1
779.678452969,25,25,630,31.572609279,16.061321988,-10.211410806,16.061321988,-10.211410806,0.000000000,1
780.720500708,25,25,621,31.148188486,16.061321988,-10.211410806,16.061321988,-10.211410806,0.000000000,1
781.706339359,25,25,611,30.659638921,16.061321988,-10.211410806,16.061321988,-10.211410806,0.000000000,1
782.758109808,25,25,599,30.038870261,16.061321988,-10.211410806,16.061321988,-10.211410806,0.000000000,1
783.846460819,25,25,590,29.565425151,16.061321988,-10.211410806,16.061321988,-10.211410806,0.000000000,1
784.812757254,25,25,579,29.056855659,16.061321988,-10.211410806,16.061321988,-10.211410806,0.000000000,1
785.852005720,25,25,570,28.607579584,16.061321988,-10.211410806,16.061321988,-10.211410806,0.000000000,1
786.857314825,25,25,559,28.051059021,16.061321988,-10.211410806,16.061321988,-10.211410806,0.000000000,1
787.922932625,25,25,549,27.523503107,16.061321988,-10.211410806,16.061321988,-10.211410806,0.000000000,1
788.947105169,25,25,539,27.037296226,16.061321988,-10.211410806,16.061321988,-10.211410806,0.000000000,1
790.001230478,25,25,527,26.445093735,16.061321988,-10.211410806,16.061321988,-10.211410806,0.000000000,1
790.960639954,25,25,518,25.991322218,16.061321988,-10.211410806,16.061321988,-10.211410806,0.000000000,1
791.968706846,25,25,508,25.501217768,16.061321988,-10.211410806,16.061321988,-10.211410806,0.000000000,1
793.002539635,25,25,497,24.927833259,16.061321988,-10.211410806,16.061321988,-10.211410806,0.000000000,1
794.036032438,25,25,487,24.437094333,16.061321988,-10.211410806,16.061321988,-10.211410806,0.000000000,1
795.179796219,25,25,478,23.977078425,16.061321988,-10.211410806,16.061321988,-10.211410806,0.000000000,1
796.105771780,25,25,468,23.497084060,16.061321988,-10.211410806,16.061321988,-10.211410806,0.000000000,1
797.115190029,25,25,457,22.916951004,16.061321988,-10.211410806,16.061321988,-10.211410806,0.000000000,1
798.165080070,25,25,447,22.415160783,16.061321988,-10.211410806,16.061321988,-10.211410806,0.000000000,1
799.167309046,25,25,437,21.929668043,16.061321988,-10.211410806,16.061321988,-10.211410806,0.000000000,1
800.192373276,25,25,426,21.403839875,16.061321988,-10.211410806,16.061321988,-10.211410806,0.000000000,1
801.244872332,25,25,417,20.914803833,16.061321988,-10.211410806,16.061321988,-10.211410806,0.000000000,1
802.265768766,25,25,407,20.419927086,16.061321988,-10.211410806,16.061321988,-10.211410806,0.000000000,1
803.314326048,25,25,395,19.844670225,16.061321988,-10.211410806,16.061321988,-10.211410806,0.000000000,1
804.301533699,25,25,385,19.330060351,16.061321988,-10.211410806,16.061321988,-10.211410806,0.000000000,1
805.356973648,25,25,375,18.840471210,16.061321988,-10.211410806,16.061321988,-10.211410806,0.000000000,1
806.374212980,25,25,366,18.408633793,16.061321988,-10.211410806,16.061321988,-10.211410806,0.000000000,1
807.400902271,25,25,356,17.913672625,16.061321988,-10.211410806,16.061321988,-10.211410806,0.000000000,1
808.444628239,25,25,345,17.345042803,16.061321988,-10.211410806,16.061321988,-10.211410806,0.000000000,1
809.485689640,25,25,337,16.951764524,16.061321988,-10.211410806,16.061321988,-10.211410806,0.000000000,1
810.490768671,25,25,324,16.304025292,16.061321988,-10.211410806,16.061321988,-10.211410806,0.000000000,1
811.514566660,25,25,314,15.799830089,16.061321988,-10.211410806,16.061321988,-10.211410806,0.000000000,1
812.573043346,25,25,304,15.265546874,16.061321988,-10.211410806,16.061321988,-10.211410806,0.000000000,1
813.564464569,25,25,294,14.770111273,16.061321988,-10.211410806,16.061321988,-10.211410806,0.000000000,1
814.594534874,25,25,284,14.274457728,16.061321988,-10.211410806,16.061321988,-10.211410806,0.000000000,1
815.690109491,25,25,274,13.782336433,16.061321988,-10.211410806,16.061321988,-10.211410806,0.000000000,1
816.697366714,25,25,262,13.206566309,16.061321988,-10.211410806,16.061321988,-10.211410806,0.000000000,1
817.730494022,25,25,253,12.714378320,16.061321988,-10.211410806,16.061321988,-10.211410806,0.000000000,1
818.738921881,25,25,243,12.218013839,16.061321988,-10.211410806,16.061321988,-10.211410806,0.000000000,1
819.733819723,25,25,233,11.712675466,16.061321988,-10.211410806,16.061321988,-10.211410806,0.000000000,1
820.768198967,25,25,222,11.196207565,16.061321988,-10.211410806,16.061321988,-10.211410806,0.000000000,1
821.794265985,25,25,212,10.697878907,16.061321988,-10.211410806,16.061321988,-10.211410806,0.000000000,1
822.802136183,25,25,202,10.179936809,16.061321988,-10.211410806,16.061321988,-10.211410806,0.000000000,1
823.834259272,25,25,192,9.671799124,16.061321988,-10.211410806,16.061321988,-10.211410806,0.000000000,1
824.862649202,25,25,179,9.039242340,16.061321988,-10.211410806,16.061321988,-10.211410806,0.000000000,1
825.907720089,25,25,171,8.648875648,16.061321988,-10.211410806,16.061321988,-10.211410806,0.000000000,1
826.909632683,25,25,160,8.079527498,16.061321988,-10.211410806,16.061321988,-10.211410806,0.000000000,1
827.934363127,25,25,151,7.633896721,16.061321988,-10.211410806,16.061321988,-10.211410806,0.000000000,1
828.978664637,25,25,141,7.135030879,16.061321988,-10.211410806,16.061321988,-10.211410806,0.000000000,1
830.045925140,25,25,129,6.538555291,16.061321988,-10.211410806,16.061321988,-10.211410806,0.000000000,1
831.078030348,25,25,119,6.027150336,16.061321988,-10.211410806,16.061321988,-10.211410806,0.000000000,1
832.031597614,25,25,109,5.519496533,16.061321988,-10.211410806,16.061321988,-10.211410806,0.000000000,1
833.063956499,25,25,100,5.073191225,16.061321988,-10.211410806,16.061321988,-10.211410806,0.000000000,1
834.083802938,25,25,89,4.542985228,16.061321988,-10.211410806,16.061321988,-10.211410806,0.000000000,1
835.127610445,25,25,79,4.045705186,16.061321988,-10.211410806,16.061321988,-10.211410806,0.000000000,1
836.147069454,25,25,69,3.513726951,16.061321988,-10.211410806,16.061321988,-10.211410806,0.000000000,1
837.163512230,25,25,59,3.015762401,16.061321988,-10.211410806,16.061321988,-10.211410806,0.000000000,1
838.204162121,25,25,48,2.484601785,16.061321988,-10.211410806,16.061321988,-10.211410806,0.000000000,1
839.213093996,25,25,38,1.983479657,16.061321988,-10.211410806,16.061321988,-10.211410806,0.000000000,1
840.243090868,25,25,28,1.480734018,16.061321988,-10.211410806,16.061321988,-10.211410806,0.000000000,1
841.305331707,25,25,18,0.980273453,16.061321988,-10.211410806,16.061321988,-10.211410806,0.000000000,1
842.301029205,25,25,12,0.699588362,16.061321988,-10.211410806,16.061321988,-10.211410806,0.000000000,1
851.553531170,26,26,667,33.424940150,23.168971652,-9.823489957,23.168971652,-9.823489957,0.000000000,1
852.293953419,26,26,662,33.274540049,23.168971652,-9.823489957,23.168971652,-9.823489957,0.000000000,1
853.377702475,26,26,656,32.873884399,23.168971652,-9.823489957,23.168971652,-9.823489957,0.000000000,1
854.384381771,26,26,648,32.498857310,23.168971652,-9.823489957,23.168971652,-9.823489957,0.000000000,1
855.371229887,26,26,641,32.136204542,23.168971652,-9.823489957,23.168971652,-9.823489957,0.000000000,1
856.418287992,26,26,634,31.787034730,23.168971652,-9.823489957,23.168971652,-9.823489957,0.000000000,1
857.426163673,26,26,628,31.464735354,23.168971652,-9.823489957,23.168971652,-9.823489957,0.000000000,1
858.451694965,26,26,618,31.078710656,23.168971652,-9.823489957,23.168971652,-9.823489957,0.000000000,1
859.497606993,26,26,612,30.698171815,23.168971652,-9.823489957,23.168971652,-9.823489957,0.000000000,1
860.518988371,26,26,605,30.337820473,23.168971652,-9.823489957,23.168971652,-9.823489957,0.000000000,1
861.607369423,26,26,597,29.944184628,23.168971652,-9.823489957,23.168971652,-9.823489957,0.000000000,1
862.655808449,26,26,591,29.628833980,23.168971652,-9.823489957,23.168971652,-9.823489957,0.000000000,1
863.626271009,26,26,584,29.272982712,23.168971652,-9.823489957,23.168971652,-9.823489957,0.000000000,1
864.613660097,26,26,577,28.939455675,23.168971652,-9.823489957,23.168971652,-9.823489957,0.000000000,1
865.680799246,26,26,570,28.602476251,23.168971652,-9.823489957,23.168971652,-9.823489957,0.000000000,1
866.728966951,26,26,561,28.130383228,23.168971652,-9.823489957,23.168971652,-9.823489957,0.000000000,1
867.727786779,26,26,555,27.827699602,23.168971652,-9.823489957,23.168971652,-9.823489957,0.000000000,1
868.751447201,26,26,548,27.487050262,23.168971652,-9.823489957,23.168971652,-9.823489957,0.000000000,1
869.796370506,26,26,539,27.030026751,23.168971652,-9.823489957,23.168971652,-9.823489957,0.000000000,1
870.867203236,26,26,537,26.957820314,23.168971652,-9.823489957,23.168971652,-9.823489957,0.000000000,1
871.840857029,26,26,537,26.957820314,23.168971652,-9.823489957,23.168971652,-9.823489957,0.000000000,1
872.872633219,26,26,529,26.523827340,23.168971652,-9.823489957,23.168971652,-9.823489957,0.000000000,1
873.911346912,26,26,517,25.933390043,23.168971652,-9.823489957,23.168971652,-9.823489957,0.000000000,1
874.937790632,26,26,508,25.464106422,23.168971652,-9.823489957,23.168971652,-9.823489957,0.000000000,1
876.020580769,26,26,497,24.916187772,23.168971652,-9.823489957,23.168971652,-9.823489957,0.000000000,1
876.969724178,26,26,488,24.464108620,23.168971652,-9.823489957,23.168971652,-9.823489957,0.000000000,1
878.025956154,26,26,477,23.916188191,23.168971652,-9.823489957,23.168971652,-9.823489957,0.000000000,1
879.029210567,26,26,468,23.464105385,23.168971652,-9.823489957,23.168971652,-9.823489957,0.000000000,1
880.094610214,26,26,456,22.864105943,23.168971652,-9.823489957,23.168971652,-9.823489957,0.000000000,1
881.077470779,26,26,445,22.316189628,23.168971652,-9.823489957,23.168971652,-9.823489957,0.000000000,1
882.123995304,26,26,436,21.863326435,23.168971652,-9.823489957,23.168971652,-9.823489957,0.000000000,1
883.208885670,26,26,425,21.316191563,23.168971652,-9.823489957,23.168971652,-9.823489957,0.000000000,1
884.186948299,26,26,416,20.875173682,23.168971652,-9.823489957,23.168971652,-9.823489957,0.000000000,1
885.199029684,26,26,405,20.316193715,23.168971652,-9.823489957,23.168971652,-9.823489957,0.000000000,1
886.220263720,26,26,396,19.875178082,23.168971652,-9.823489957,23.168971652,-9.823489957,0.000000000,1
887.232421875,26,26,385,19.315274912,23.168971652,-9.823489957,23.168971652,-9.823489957,0.000000000,1
888.262861967,26,26,373,18.715289133,23.168971652,-9.823489957,23.168971652,-9.823489957,0.000000000,1
889.280021667,26,26,362,18.285314927,23.168971652,-9.823489957,23.168971652,-9.823489957,0.000000000,1
890.314541101,26,26,353,17.713472532,23.168971652,-9.823489957,23.168971652,-9.823489957,0.000000000,1
891.396353960,26,26,342,17.273060555,23.168971652,-9.823489957,23.168971652,-9.823489957,0.000000000,1
892.456745863,26,26,333,16.720540525,23.168971652,-9.823489957,23.168971652,-9.823489957,0.000000000,1
893.408235788,26,26,324,16.266384676,23.168971652,-9.823489957,23.168971652,-9.823489957,0.000000000,1
894.532346249,26,26,313,15.722867811,23.168971652,-9.823489957,23.168971652,-9.823489957,0.000000000,1
895.468269587,26,26,303,15.214137194,23.168971652,-9.823489957,23.168971652,-9.823489957,0.000000000,1
896.482553720,26,26,291,14.617254750,23.168971652,-9.823489957,23.168971652,-9.823489957,0.000000000,1
897.647048950,26,26,281,14.130784786,23.168971652,-9.823489957,23.168971652,-9.823489957,0.000000000,1
898.578499794,26,26,269,13.650839647,23.168971652,-9.823489957,23.168971652,-9.823489957,0.000000000,1
899.600853443,26,26,260,13.095737882,23.168971652,-9.823489957,23.168971652,-9.823489957,0.000000000,1
900.601531267,26,26,252,12.663788936,23.168971652,-9.823489957,23.168971652,-9.823489957,0.000000000,1
901.650854588,26,26,240,12.158688978,23.168971652,-9.823489957,23.168971652,-9.823489957,0.000000000,1
902.661842346,26,26,231,11.607333022,23.168971652,-9.823489957,23.168971652,-9.823489957,0.000000000,1
903.690514803,26,26,219,11.110030479,23.168971652,-9.823489957,23.168971652,-9.823489957,0.000000000,1
904.708837509,26,26,209,10.615884682,23.168971652,-9.823489957,23.168971652,-9.823489957,0.000000000,1
905.725709677,26,26,199,10.127798425,23.168971652,-9.823489957,23.168971652,-9.823489957,0.000000000,1
906.763222456,26,26,190,9.648539599,23.168971652,-9.823489957,23.168971652,-9.823489957,0.000000000,1
907.819300175,26,26,180,9.163170734,23.168971652,-9.823489957,23.168971652,-9.823489957,0.000000000,1
908.841818094,26,26,172,8.642481262,23.168971652,-9.823489957,23.168971652,-9.823489957,0.000000000,1
909.877488613,26,26,160,8.151880694,23.168971652,-9.823489957,23.168971652,-9.823489957,0.000000000,1
910.880416632,26,26,151,7.620382304,23.168971652,-9.823489957,23.168971652,-9.823489957,0.000000000,1
911.942876339,26,26,141,7.112992430,23.168971652,-9.823489957,23.168971652,-9.823489957,0.000000000,1
912.927552223,26,26,129,6.592905869,23.168971652,-9.823489957,23.168971652,-9.823489957,0.000000000,1
913.991208792,26,26,120,6.068364939,23.168971652,-9.823489957,23.168971652,-9.823489957,0.000000000,1
915.006820917,26,26,110,5.557223237,23.168971652,-9.823489957,23.168971652,-9.823489957,0.000000000,1
916.021711588,26,26,100,5.143949239,23.168971652,-9.823489957,23.168971652,-9.823489957,0.000000000,1
917.063623667,26,26,90,4.585229139,23.168971652,-9.823489957,23.168971652,-9.823489957,0.000000000,1
918.063211679,26,26,79,4.046303276,23.168971652,-9.823489957,23.168971652,-9.823489957,0.000000000,1
919.093248367,26,26,70,3.674036455,23.168971652,-9.823489957,23.168971652,-9.823489957,0.000000000,1
920.129976749,26,26,61,3.119466997,23.168971652,-9.823489957,23.168971652,-9.823489957,0.000000000,1
921.145705462,26,26,51,2.635940974,23.168971652,-9.823489957,23.168971652,-9.823489957,0.000000000,1
922.180853367,26,26,41,2.098159974,23.168971652,-9.823489957,23.168971652,-9.823489957,0.000000000,1
923.191628218,26,26,31,1.592900742,23.168971652,-9.823489957,23.168971652,-9.823489957,0.000000000,1
924.223996878,26,26,20,1.053657372,23.168971652,-9.823489957,23.168971652,-9.823489957,0.000000000,1
925.252725124,26,26,13,0.735068615,23.168971652,-9.823489957,23.168971652,-9.823489957,0.000000000,1
926.272111654,26,26,7,0.416117484,23.168971652,-9.823489957,23.168971652,-9.823489957,0.000000000,1
934.326733351,27,27,968,48.468943963,15.568925288,1.323504346,15.568925288,1.323504346,0.000000000,1
935.221095085,27,27,962,48.101673035,15.568925288,1.323504346,15.568925288,1.323504346,0.000000000,1
936.222043276,27,27,956,47.873988797,15.568925288,1.323504346,15.568925288,1.323504346,0.000000000,1
937.247903347,27,27,947,47.445972443,15.568925288,1.323504346,15.568925288,1.323504346,0.000000000,1
938.275967121,27,27,939,47.022881655,15.568925288,1.323504346,15.568925288,1.323504346,0.000000000,1
939.306433916,27,27,936,46.738954004,15.568925288,1.323504346,15.568925288,1.323504346,0.000000000,1
940.325977325,27,27,928,46.390251263,15.568925288,1.323504346,15.568925288,1.323504346,0.000000000,1
941.515353680,27,27,916,45.893238093,15.568925288,1.323504346,15.568925288,1.323504346,0.000000000,1
942.387511969,27,27,910,45.573890385,15.568925288,1.323504346,15.568925288,1.323504346,0.000000000,1
943.391893387,27,27,905,45.255139603,15.568925288,1.323504346,15.568925288,1.323504346,0.000000000,1
944.515608072,27,27,899,44.960295687,15.568925288,1.323504346,15.568925288,1.323504346,0.000000000,1
945.482042551,27,27,894,44.761396189,15.568925288,1.323504346,15.568925288,1.323504346,0.000000000,1
946.509297371,27,27,884,44.305536806,15.568925288,1.323504346,15.568925288,1.323504346,0.000000000,1
947.532335997,27,27,876,43.904255983,15.568925288,1.323504346,15.568925288,1.323504346,0.000000000,1
948.574608564,27,27,870,43.488034183,15.568925288,1.323504346,15.568925288,1.323504346,0.000000000,1
949.644214153,27,27,863,43.115246595,15.568925288,1.323504346,15.568925288,1.323504346,0.000000000,1
950.713401079,27,27,855,42.757593719,15.568925288,1.323504346,15.568925288,1.323504346,0.000000000,1
951.650109291,27,27,849,42.425166874,15.568925288,1.323504346,15.568925288,1.323504346,0.000000000,1
952.670436382,27,27,841,42.026214372,15.568925288,1.323504346,15.568925288,1.323504346,0.000000000,1
953.697711468,27,27,830,41.593041654,15.568925288,1.323504346,15.568925288,1.323504346,0.000000000,1
954.746457338,27,27,824,41.260277754,15.568925288,1.323504346,15.568925288,1.323504346,0.000000000,1
955.810437918,27,27,816,40.887315021,15.568925288,1.323504346,15.568925288,1.323504346,0.000000000,1
956.794481039,27,27,811,40.618849236,15.568925288,1.323504346,15.568925288,1.323504346,0.000000000,1
957.813125610,27,27,802,40.266695913,15.568925288,1.323504346,15.568925288,1.323504346,0.000000000,1
958.873573780,27,27,799,39.931580433,15.568925288,1.323504346,15.568925288,1.323504346,0.000000000,1
959.982718945,27,27,790,39.601076892,15.568925288,1.323504346,15.568925288,1.323504346,0.000000000,1
960.970116615,27,27,788,39.323862513,15.568925288,1.323504346,15.568925288,1.323504346,0.000000000,1
961.941730738,27,27,776,38.788847283,15.568925288,1.323504346,15.568925288,1.323504346,0.000000000,1
962.980685711,27,27,767,38.364186573,15.568925288,1.323504346,15.568925288,1.323504346,0.000000000,1
964.000517845,27,27,765,38.240774643,15.568925288,1.323504346,15.568925288,1.323504346,0.000000000,1
965.054134846,27,27,761,38.060630754,15.568925288,1.323504346,15.568925288,1.323504346,0.000000000,1
966.042389154,27,27,760,38.029337673,15.568925288,1.323504346,15.568925288,1.323504346,0.000000000,1
967.106209993,27,27,755,37.675150486,15.568925288,1.323504346,15.568925288,1.323504346,0.000000000,1
968.134307623,27,27,741,37.077697984,15.568925288,1.323504346,15.568925288,1.323504346,0.000000000,1
969.182117939,27,27,731,36.638778021,15.568925288,1.323504346,15.568925288,1.323504346,0.000000000,1
970.196345091,27,27,717,35.954845880,15.568925288,1.323504346,15.568925288,1.323504346,0.000000000,1
971.202506304,27,27,709,35.545693840,15.568925288,1.323504346,15.568925288,1.323504346,0.000000000,1
972.230772257,27,27,697,34.942220077,15.568925288,1.323504346,15.568925288,1.323504346,0.000000000,1
973.245212793,27,27,692,34.576375087,15.568925288,1.323504346,15.568925288,1.323504346,0.000000000,1
974.345429182,27,27,680,34.099613169,15.568925288,1.323504346,15.568925288,1.323504346,0.000000000,1
975.329559326,27,27,667,33.420114770,15.568925288,1.323504346,15.568925288,1.323504346,0.000000000,1
976.361157656,27,27,659,32.949999601,15.568925288,1.323504346,15.568925288,1.323504346,0.000000000,1
977.380025387,27,27,647,32.421171886,15.568925288,1.323504346,15.568925288,1.323504346,0.000000000,1
978.394132376,27,27,639,31.950001278,15.568925288,1.323504346,15.568925288,1.323504346,0.000000000,1
979.482614756,27,27,627,31.421171341,15.568925288,1.323504346,15.568925288,1.323504346,0.000000000,1
980.490686655,27,27,619,30.949998808,15.568925288,1.323504346,15.568925288,1.323504346,0.000000000,1
981.591947079,27,27,607,30.421171140,15.568925288,1.323504346,15.568925288,1.323504346,0.000000000,1
982.536637783,27,27,595,29.824335388,15.568925288,1.323504346,15.568925288,1.323504346,0.000000000,1
983.583999395,27,27,587,29.350088002,15.568925288,1.323504346,15.568925288,1.323504346,0.000000000,1
984.747962475,27,27,575,28.820668019,15.568925288,1.323504346,15.568925288,1.323504346,0.000000000,1
985.634221554,27,27,567,28.349496275,15.568925288,1.323504346,15.568925288,1.323504346,0.000000000,1
986.704203844,27,27,555,27.820666734,15.568925288,1.323504346,15.568925288,1.323504346,0.000000000,1
987.698161602,27,27,543,27.220668570,15.568925288,1.323504346,15.568925288,1.323504346,0.000000000,1
988.730502605,27,27,535,26.753772253,15.568925288,1.323504346,15.568925288,1.323504346,0.000000000,1
989.772034645,27,27,523,26.220388329,15.568925288,1.323504346,15.568925288,1.323504346,0.000000000,1
990.787328243,27,27,515,25.749000518,15.568925288,1.323504346,15.568925288,1.323504346,0.000000000,1
991.826768160,27,27,503,25.223885322,15.568925288,1.323504346,15.568925288,1.323504346,0.000000000,1
992.889725685,27,27,491,24.684904400,15.568925288,1.323504346,15.568925288,1.323504346,0.000000000,1
993.865169048,27,27,481,24.225357121,15.568925288,1.323504346,15.568925288,1.323504346,0.000000000,1
994.946225882,27,27,471,23.684909547,15.568925288,1.323504346,15.568925288,1.323504346,0.000000000,1
995.909049988,27,27,461,23.225307385,15.568925288,1.323504346,15.568925288,1.323504346,0.000000000,1
996.948387146,27,27,451,22.684737914,15.568925288,1.323504346,15.568925288,1.323504346,0.000000000,1
998.048500538,27,27,439,22.084698993,15.568925288,1.323504346,15.568925288,1.323504346,0.000000000,1
999.023282290,27,27,430,21.623731006,15.568925288,1.323504346,15.568925288,1.323504346,0.000000000,1
1000.038315296,27,27,419,21.084584790,15.568925288,1.323504346,15.568925288,1.323504346,0.000000000,1
1001.166759491,27,27,410,20.625768491,15.568925288,1.323504346,15.568925288,1.323504346,0.000000000,1
1002.137185574,27,27,399,20.084680531,15.568925288,1.323504346,15.568925288,1.323504346,0.000000000,1
1003.132167339,27,27,390,19.625652420,15.568925288,1.323504346,15.568925288,1.323504346,0.000000000,1
1004.128275394,27,27,379,19.083710695,15.568925288,1.323504346,15.568925288,1.323504346,0.000000000,1
1005.163485765,27,27,367,18.495291849,15.568925288,1.323504346,15.568925288,1.323504346,0.000000000,1
1006.220198870,27,27,358,18.041601087,15.568925288,1.323504346,15.568925288,1.323504346,0.000000000,1
1007.230391502,27,27,347,17.505586699,15.568925288,1.323504346,15.568925288,1.323504346,0.000000000,1
1008.284271479,27,27,338,17.042796627,15.568925288,1.323504346,15.568925288,1.323504346,0.000000000,1
1009.276729107,27,27,328,16.510159274,15.568925288,1.323504346,15.568925288,1.323504346,0.000000000,1
1010.321857214,27,27,319,16.014801219,15.568925288,1.323504346,15.568925288,1.323504346,0.000000000,1
1011.306865215,27,27,311,15.534577353,15.568925288,1.323504346,15.568925288,1.323504346,0.000000000,1
1012.443119526,27,27,297,15.028028075,15.568925288,1.323504346,15.568925288,1.323504346,0.000000000,1
1013.408656359,27,27,286,14.485910070,15.568925288,1.323504346,15.568925288,1.323504346,0.000000000,1
1014.533691645,27,27,277,13.876385387,15.568925288,1.323504346,15.568925288,1.323504346,0.000000000,1
1015.446308136,27,27,268,13.455298738,15.568925288,1.323504346,15.568925288,1.323504346,0.000000000,1
1016.450739145,27,27,255,12.912179393,15.568925288,1.323504346,15.568925288,1.323504346,0.000000000,1
1017.494122982,27,27,245,12.412081703,15.568925288,1.323504346,15.568925288,1.323504346,0.000000000,1
1018.525815248,27,27,239,11.957379008,15.568925288,1.323504346,15.568925288,1.323504346,0.000000000,1
1019.564293861,27,27,224,11.370170506,15.568925288,1.323504346,15.568925288,1.323504346,0.000000000,1
1020.570958138,27,27,215,10.861369082,15.568925288,1.323504346,15.568925288,1.323504346,0.000000000,1
1021.605211735,27,27,203,10.358938329,15.568925288,1.323504346,15.568925288,1.323504346,0.000000000,1
1022.614551306,27,27,195,9.861414295,15.568925288,1.323504346,15.568925288,1.323504346,0.000000000,1
1023.650538206,27,27,183,9.359146748,15.568925288,1.323504346,15.568925288,1.323504346,0.000000000,1
1024.714366913,27,27,175,8.861672309,15.568925288,1.323504346,15.568925288,1.323504346,0.000000000,1
1025.809847593,27,27,165,8.314460978,15.568925288,1.323504346,15.568925288,1.323504346,0.000000000,1
1026.705725431,27,27,155,7.780107645,15.568925288,1.323504346,15.568925288,1.323504346,0.000000000,1
1027.772223234,27,27,145,7.315107280,15.568925288,1.323504346,15.568925288,1.323504346,0.000000000,1
1028.772064924,27,27,131,6.729667767,15.568925288,1.323504346,15.568925288,1.323504346,0.000000000,1
1029.793053865,27,27,122,6.249680827,15.568925288,1.323504346,15.568925288,1.323504346,0.000000000,1
1030.812505007,27,27,111,5.687987015,15.568925288,1.323504346,15.568925288,1.323504346,0.000000000,1
1031.846959829,27,27,104,5.207993608,15.568925288,1.323504346,15.568925288,1.323504346,0.000000000,1
1032.871646881,27,27,95,4.752431275,15.568925288,1.323504346,15.568925288,1.323504346,0.000000000,1
1033.888301134,27,27,84,4.204281759,15.568925288,1.323504346,15.568925288,1.323504346,0.000000000,1
1034.906178713,27,27,72,3.728118260,15.568925288,1.323504346,15.568925288,1.323504346,0.000000000,1
1035.933925629,27,27,63,3.219930803,15.568925288,1.323504346,15.568925288,1.323504346,0.000000000,1
1036.976692438,27,27,52,2.678330560,15.568925288,1.323504346,15.568925288,1.323504346,0.000000000,1
1037.979738235,27,27,42,2.195381506,15.568925288,1.323504346,15.568925288,1.323504346,0.000000000,1
1038.994758368,27,27,30,1.656992105,15.568925288,1.323504346,15.568925288,1.323504346,0.000000000,1
1040.014596939,27,27,20,1.160006679,15.568925288,1.323504346,15.568925288,1.323504346,0.000000000,1
1041.041900396,27,27,13,0.722384735,15.568925288,1.323504346,15.568925288,1.323504346,0.000000000,1
1042.071294546,27,27,9,0.527992417,15.568925288,1.323504346,15.568925288,1.323504346,0.000000000,1
1049.272751331,28,28,336,16.907553741,17.969836339,-2.378885945,17.969836339,-2.378885945,0.000000000,1
1050.066499949,28,28,332,16.687273882,17.969836339,-2.378885945,17.969836339,-2.378885945,0.000000000,1
1051.067293406,28,28,326,16.370560223,17.969836339,-2.378885945,17.969836339,-2.378885945,0.000000000,1
1052.140710115,28,28,318,16.003800725,17.969836339,-2.378885945,17.969836339,-2.378885945,0.000000000,1
1053.126943111,28,28,312,15.668128656,17.969836339,-2.378885945,17.969836339,-2.378885945,0.000000000,1
1054.131447315,28,28,305,15.340448214,17.969836339,-2.378885945,17.969836339,-2.378885945,0.000000000,1
1055.170689821,28,28,298,14.993447361,17.969836339,-2.378885945,17.969836339,-2.378885945,0.000000000,1
1056.196798086,28,28,289,14.577071361,17.969836339,-2.378885945,17.969836339,-2.378885945,0.000000000,1
1057.211829424,28,28,282,14.215610394,17.969836339,-2.378885945,17.969836339,-2.378885945,0.000000000,1
1058.233845472,28,28,275,13.861668205,17.969836339,-2.378885945,17.969836339,-2.378885945,0.000000000,1
1059.273881197,28,28,275,13.823804273,17.969836339,-2.378885945,17.969836339,-2.378885945,0.000000000,1
1060.297200918,28,28,273,13.751431910,17.969836339,-2.378885945,17.969836339,-2.378885945,0.000000000,1
1061.314073324,28,28,269,13.543580045,17.969836339,-2.378885945,17.969836339,-2.378885945,0.000000000,1
1062.327868223,28,28,261,13.154375831,17.969836339,-2.378885945,17.969836339,-2.378885945,0.000000000,1
1063.362362862,28,28,250,12.586784173,17.969836339,-2.378885945,17.969836339,-2.378885945,0.000000000,1
1064.404727697,28,28,239,12.032148289,17.969836339,-2.378885945,17.969836339,-2.378885945,0.000000000,1
1065.460003138,28,28,229,11.526088595,17.969836339,-2.378885945,17.969836339,-2.378885945,0.000000000,1
1066.432641745,28,28,219,11.032298559,17.969836339,-2.378885945,17.969836339,-2.378885945,0.000000000,1
1067.450149298,28,28,209,10.526352806,17.969836339,-2.378885945,17.969836339,-2.378885945,0.000000000,1
1068.470019341,28,28,199,10.032746623,17.969836339,-2.378885945,17.969836339,-2.378885945,0.000000000,1
1069.509789705,28,28,192,9.674562304,17.969836339,-2.378885945,17.969836339,-2.378885945,0.000000000,1
1070.614817142,28,28,179,9.034306807,17.969836339,-2.378885945,17.969836339,-2.378885945,0.000000000,1
1071.600099325,28,28,173,8.746778801,17.969836339,-2.378885945,17.969836339,-2.378885945,0.000000000,1
1072.567081690,28,28,164,8.269244236,17.969836339,-2.378885945,17.969836339,-2.378885945,0.000000000,1
1073.643641472,28,28,153,7.748469561,17.969836339,-2.378885945,17.969836339,-2.378885945,0.000000000,1
1074.709829807,28,28,144,7.282761273,17.969836339,-2.378885945,17.969836339,-2.378885945,0.000000000,1
1075.641817331,28,28,133,6.744460955,17.969836339,-2.378885945,17.969836339,-2.378885945,0.000000000,1
1076.665503740,28,28,124,6.281145401,17.969836339,-2.378885945,17.969836339,-2.378885945,0.000000000,1
1077.704238892,28,28,112,5.707370197,17.969836339,-2.378885945,17.969836339,-2.378885945,0.000000000,1
1078.733068705,28,28,103,5.219935252,17.969836339,-2.378885945,17.969836339,-2.378885945,0.000000000,1
1079.791613579,28,28,92,4.676459439,17.969836339,-2.378885945,17.969836339,-2.378885945,0.000000000,1
1080.794845104,28,28,82,4.180220612,17.969836339,-2.378885945,17.969836339,-2.378885945,0.000000000,1
1081.911494017,28,28,72,3.680943125,17.969836339,-2.378885945,17.969836339,-2.378885945,0.000000000,1
1082.842746496,28,28,62,3.180612991,17.969836339,-2.378885945,17.969836339,-2.378885945,0.000000000,1
1083.928490639,28,28,52,2.680533470,17.969836339,-2.378885945,17.969836339,-2.378885945,0.000000000,1
1084.913280249,28,28,42,2.182650875,17.969836339,-2.378885945,17.969836339,-2.378885945,0.000000000,1
1085.906761646,28,28,32,1.684207563,17.969836339,-2.378885945,17.969836339,-2.378885945,0.000000000,1
1086.965153694,28,28,22,1.191876123,17.969836339,-2.378885945,17.969836339,-2.378885945,0.000000000,1
1087.964272499,28,28,14,0.780373690,17.969836339,-2.378885945,17.969836339,-2.378885945,0.000000000,1
1088.989157915,28,28,10,0.580004033,17.969836339,-2.378885945,17.969836339,-2.378885945,0.000000000,1
1096.929499388,29,29,521,26.124169386,22.569915593,1.121440575,22.569915593,1.121440575,0.000000000,1
1097.613371372,29,29,516,25.891624573,22.569915593,1.121440575,22.569915593,1.121440575,0.000000000,1
1098.646091938,29,29,509,25.567448430,22.569915593,1.121440575,22.569915593,1.121440575,0.000000000,1
1099.651926517,29,29,501,25.168659194,22.569915593,1.121440575,22.569915593,1.121440575,0.000000000,1
1100.705960512,29,29,496,24.867468028,22.569915593,1.121440575,22.569915593,1.121440575,0.000000000,1
1101.732908487,29,29,488,24.467541494,22.569915593,1.121440575,22.569915593,1.121440575,0.000000000,1
1102.776302576,29,29,482,24.170426969,22.569915593,1.121440575,22.569915593,1.121440575,0.000000000,1
1103.831729174,29,29,473,23.758689107,22.569915593,1.121440575,22.569915593,1.121440575,0.000000000,1
1104.796069860,29,29,468,23.463322286,22.569915593,1.121440575,22.569915593,1.121440575,0.000000000,1
1105.837881804,29,29,460,23.064507137,22.569915593,1.121440575,22.569915593,1.121440575,0.000000000,1
1106.908785343,29,29,452,22.671384945,22.569915593,1.121440575,22.569915593,1.121440575,0.000000000,1
1107.893205404,29,29,445,22.365160111,22.569915593,1.121440575,22.569915593,1.121440575,0.000000000,1
1108.910465956,29,29,439,22.047550572,22.569915593,1.121440575,22.569915593,1.121440575,0.000000000,1
1109.949177504,29,29,430,21.594790661,22.569915593,1.121440575,22.569915593,1.121440575,0.000000000,1
1110.945902348,29,29,423,21.237906619,22.569915593,1.121440575,22.569915593,1.121440575,0.000000000,1
1111.973516226,29,29,417,20.947207710,22.569915593,1.121440575,22.569915593,1.121440575,0.000000000,1
1112.996352196,29,29,409,20.542626658,22.569915593,1.121440575,22.569915593,1.121440575,0.000000000,1
1114.024015427,29,29,403,20.219954739,22.569915593,1.121440575,22.569915593,1.121440575,0.000000000,1
1115.046035051,29,29,395,19.823046248,22.569915593,1.121440575,22.569915593,1.121440575,0.000000000,1
1116.086249590,29,29,388,19.503865346,22.569915593,1.121440575,22.569915593,1.121440575,0.000000000,1
1117.108131647,29,29,388,19.503865346,22.569915593,1.121440575,22.569915593,1.121440575,0.000000000,1
1118.221280813,29,29,389,19.534413458,22.569915593,1.121440575,22.569915593,1.121440575,0.000000000,1
1119.153765917,29,29,382,19.197649988,22.569915593,1.121440575,22.569915593,1.121440575,0.000000000,1
1120.184278488,29,29,372,18.711031839,22.569915593,1.121440575,22.569915593,1.121440575,0.000000000,1
1121.206018686,29,29,362,18.180459288,22.569915593,1.121440575,22.569915593,1.121440575,0.000000000,1
1122.250841618,29,29,353,17.625306728,22.569915593,1.121440575,22.569915593,1.121440575,0.000000000,1
1123.274054050,29,29,343,17.135494059,22.569915593,1.121440575,22.569915593,1.121440575,0.000000000,1
1124.280337095,29,29,333,16.625314626,22.569915593,1.121440575,22.569915593,1.121440575,0.000000000,1
1125.317841053,29,29,321,16.025569261,22.569915593,1.121440575,22.569915593,1.121440575,0.000000000,1
1126.407016277,29,29,311,15.535769127,22.569915593,1.121440575,22.569915593,1.121440575,0.000000000,1
1127.426713467,29,29,301,15.025621388,22.569915593,1.121440575,22.569915593,1.121440575,0.000000000,1
1128.385292768,29,29,291,14.535826398,22.569915593,1.121440575,22.569915593,1.121440575,0.000000000,1
1129.414033413,29,29,281,14.025985446,22.569915593,1.121440575,22.569915593,1.121440575,0.000000000,1
1130.497140169,29,29,271,13.536228103,22.569915593,1.121440575,22.569915593,1.121440575,0.000000000,1
1131.533183575,29,29,261,13.026383733,22.569915593,1.121440575,22.569915593,1.121440575,0.000000000,1
1132.504655123,29,29,251,12.536495650,22.569915593,1.121440575,22.569915593,1.121440575,0.000000000,1
1133.508237839,29,29,239,11.937591362,22.569915593,1.121440575,22.569915593,1.121440575,0.000000000,1
1134.526859760,29,29,229,11.464641112,22.569915593,1.121440575,22.569915593,1.121440575,0.000000000,1
1135.616697550,29,29,219,10.944756716,22.569915593,1.121440575,22.569915593,1.121440575,0.000000000,1
1136.578926086,29,29,209,10.425009781,22.569915593,1.121440575,22.569915593,1.121440575,0.000000000,1
1137.669216156,29,29,199,9.948278720,22.569915593,1.121440575,22.569915593,1.121440575,0.000000000,1
1138.632604122,29,29,187,9.347014227,22.569915593,1.121440575,22.569915593,1.121440575,0.000000000,1
1139.648286581,29,29,177,8.849691952,22.569915593,1.121440575,22.569915593,1.121440575,0.000000000,1
1140.666610241,29,29,167,8.334407911,22.569915593,1.121440575,22.569915593,1.121440575,0.000000000,1
1141.717999697,29,29,156,7.789879951,22.569915593,1.121440575,22.569915593,1.121440575,0.000000000,1
1142.722288847,29,29,146,7.295310065,22.569915593,1.121440575,22.569915593,1.121440575,0.000000000,1
1143.744142294,29,29,135,6.762521536,22.569915593,1.121440575,22.569915593,1.121440575,0.000000000,1
1144.814027786,29,29,125,6.266473759,22.569915593,1.121440575,22.569915593,1.121440575,0.000000000,1
1145.784377337,29,29,115,5.731061568,22.569915593,1.121440575,22.569915593,1.121440575,0.000000000,1
1146.899678946,29,29,103,5.239470368,22.569915593,1.121440575,22.569915593,1.121440575,0.000000000,1
1147.853091717,29,29,94,4.718799186,22.569915593,1.121440575,22.569915593,1.121440575,0.000000000,1
1148.864439487,29,29,86,4.307182089,22.569915593,1.121440575,22.569915593,1.121440575,0.000000000,1
1149.914155483,29,29,75,3.754945936,22.569915593,1.121440575,22.569915593,1.121440575,0.000000000,1
1150.899959326,29,29,61,3.162881872,22.569915593,1.121440575,22.569915593,1.121440575,0.000000000,1
1151.927571774,29,29,52,2.620172518,22.569915593,1.121440575,22.569915593,1.121440575,0.000000000,1
1152.945989847,29,29,43,2.141138892,22.569915593,1.121440575,22.569915593,1.121440575,0.000000000,1
1153.980755091,29,29,31,1.627712447,22.569915593,1.121440575,22.569915593,1.121440575,0.000000000,1
1155.057189465,29,29,21,1.139519635,22.569915593,1.121440575,22.569915593,1.121440575,0.000000000,1
1156.014096260,29,29,17,0.857979133,22.569915593,1.121440575,22.569915593,1.121440575,0.000000000,1
1157.044537783,29,29,11,0.562844514,22.569915593,1.121440575,22.569915593,1.121440575,0.000000000,1
1164.079421759,30,30,436,21.789138391,18.170171906,2.722872098,18.170171906,2.722872098,0.000000000,1
1164.886991739,30,30,434,21.675293567,18.170171906,2.722872098,18.170171906,2.722872098,0.000000000,1
1165.889684439,30,30,429,21.430012756,18.170171906,2.722872098,18.170171906,2.722872098,0.000000000,1
1166.927609921,30,30,426,21.316167889,18.170171906,2.722872098,18.170171906,2.722872098,0.000000000,1
1167.961035490,30,30,426,21.316167889,18.170171906,2.722872098,18.170171906,2.722872098,0.000000000,1
1168.985196352,30,30,426,21.286662945,18.170171906,2.722872098,18.170171906,2.722872098,0.000000000,1
1170.005766153,30,30,424,21.173117760,18.170171906,2.722872098,18.170171906,2.722872098,0.000000000,1
1171.145121813,30,30,412,20.613371683,18.170171906,2.722872098,18.170171906,2.722872098,0.000000000,1
1172.108937979,30,30,401,20.072989430,18.170171906,2.722872098,18.170171906,2.722872098,0.000000000,1
1173.119498730,30,30,394,19.709111792,18.170171906,2.722872098,18.170171906,2.722872098,0.000000000,1
1174.316970348,30,30,381,19.027575367,18.170171906,2.722872098,18.170171906,2.722872098,0.000000000,1
1175.160384417,30,30,371,18.532633177,18.170171906,2.722872098,18.170171906,2.722872098,0.000000000,1
1176.180161476,30,30,359,17.934644825,18.170171906,2.722872098,18.170171906,2.722872098,0.000000000,1
1177.188746691,30,30,349,17.441307673,18.170171906,2.722872098,18.170171906,2.722872098,0.000000000,1
1178.238189936,30,30,339,16.941391847,18.170171906,2.722872098,18.170171906,2.722872098,0.000000000,1
1179.312684774,30,30,328,16.411340413,18.170171906,2.722872098,18.170171906,2.722872098,0.000000000,1
1180.312592268,30,30,318,15.913356826,18.170171906,2.722872098,18.170171906,2.722872098,0.000000000,1
1181.309363365,30,30,308,15.405627365,18.170171906,2.722872098,18.170171906,2.722872098,0.000000000,1
1182.321977139,30,30,298,14.913371488,18.170171906,2.722872098,18.170171906,2.722872098,0.000000000,1
1183.427977800,30,30,288,14.405648793,18.170171906,2.722872098,18.170171906,2.722872098,0.000000000,1
1184.382266521,30,30,278,13.913407236,18.170171906,2.722872098,18.170171906,2.722872098,0.000000000,1
1185.407576323,30,30,268,13.405708267,18.170171906,2.722872098,18.170171906,2.722872098,0.000000000,1
1186.436627865,30,30,256,12.805787295,18.170171906,2.722872098,18.170171906,2.722872098,0.000000000,1
1187.480515242,30,30,246,12.313644090,18.170171906,2.722872098,18.170171906,2.722872098,0.000000000,1
1188.487639427,30,30,236,11.804255870,18.170171906,2.722872098,18.170171906,2.722872098,0.000000000,1
1189.665848255,30,30,226,11.304838999,18.170171906,2.722872098,18.170171906,2.722872098,0.000000000,1
1190.576319933,30,30,216,10.804926356,18.170171906,2.722872098,18.170171906,2.722872098,0.000000000,1
1191.580585003,30,30,204,10.209125017,18.170171906,2.722872098,18.170171906,2.722872098,0.000000000,1
1192.627867460,30,30,196,9.812933634,18.170171906,2.722872098,18.170171906,2.722872098,0.000000000,1
1193.665754318,30,30,184,9.204351769,18.170171906,2.722872098,18.170171906,2.722872098,0.000000000,1
1194.705369473,30,30,175,8.742677794,18.170171906,2.722872098,18.170171906,2.722872098,0.000000000,1
1195.683619738,30,30,169,8.442702662,18.170171906,2.722872098,18.170171906,2.722872098,0.000000000,1
1196.724211693,30,30,158,7.894558842,18.170171906,2.722872098,18.170171906,2.722872098,0.000000000,1
1197.781849146,30,30,145,7.259499993,18.170171906,2.722872098,18.170171906,2.722872098,0.000000000,1
1198.785400629,30,30,135,6.751432603,18.170171906,2.722872098,18.170171906,2.722872098,0.000000000,1
1199.785747766,30,30,123,6.263620179,18.170171906,2.722872098,18.170171906,2.722872098,0.000000000,1
1200.840203762,30,30,113,5.766310442,18.170171906,2.722872098,18.170171906,2.722872098,0.000000000,1
1201.848690510,30,30,102,5.201355930,18.170171906,2.722872098,18.170171906,2.722872098,0.000000000,1
1202.910600185,30,30,91,4.659541980,18.170171906,2.722872098,18.170171906,2.722872098,0.000000000,1
1203.893588781,30,30,81,4.133168021,18.170171906,2.722872098,18.170171906,2.722872098,0.000000000,1
1204.917468786,30,30,71,3.634031545,18.170171906,2.722872098,18.170171906,2.722872098,0.000000000,1
1205.943830013,30,30,61,3.134305678,18.170171906,2.722872098,18.170171906,2.722872098,0.000000000,1
1206.977726221,30,30,51,2.636187808,18.170171906,2.722872098,18.170171906,2.722872098,0.000000000,1
1207.992481470,30,30,41,2.134962490,18.170171906,2.722872098,18.170171906,2.722872098,0.000000000,1
1209.021127462,30,30,31,1.639874895,18.170171906,2.722872098,18.170171906,2.722872098,0.000000000,1
1210.053558350,30,30,22,1.168388415,18.170171906,2.722872098,18.170171906,2.722872098,0.000000000,1
1211.083541155,30,30,14,0.802065316,18.170171906,2.722872098,18.170171906,2.722872098,0.000000000,1
1212.113566399,30,30,9,0.547961137,18.170171906,2.722872098,18.170171906,2.722872098,0.000000000,1
1219.111949682,31,31,354,17.776312972,6.270231640,10.923467478,6.270231640,10.923467478,0.000000000,1
1219.959736586,31,31,348,17.487345207,6.270231640,10.923467478,6.270231640,10.923467478,0.000000000,1
1220.983754158,31,31,340,17.120015178,6.270231640,10.923467478,6.270231640,10.923467478,0.000000000,1
1222.009598255,31,31,333,16.753396211,6.270231640,10.923467478,6.270231640,10.923467478,0.000000000,1
1223.021710396,31,31,327,16.457372988,6.270231640,10.923467478,6.270231640,10.923467478,0.000000000,1
1224.060557127,31,31,319,16.042832154,6.270231640,10.923467478,6.270231640,10.923467478,0.000000000,1
1225.073090076,31,31,313,15.743244972,6.270231640,10.923467478,6.270231640,10.923467478,0.000000000,1
1226.112260580,31,31,305,15.343451188,6.270231640,10.923467478,6.270231640,10.923467478,0.000000000,1
1227.131411076,31,31,299,15.043783123,6.270231640,10.923467478,6.270231640,10.923467478,0.000000000,1
1228.164498329,31,31,291,14.647157515,6.270231640,10.923467478,6.270231640,10.923467478,0.000000000,1
1229.229101896,31,31,283,14.249772065,6.270231640,10.923467478,6.270231640,10.923467478,0.000000000,1
1230.259484291,31,31,277,13.948944062,6.270231640,10.923467478,6.270231640,10.923467478,0.000000000,1
1231.242198467,31,31,269,13.551393500,6.270231640,10.923467478,6.270231640,10.923467478,0.000000000,1
1232.254056931,31,31,263,13.235752113,6.270231640,10.923467478,6.270231640,10.923467478,0.000000000,1
1233.327866316,31,31,257,12.938611529,6.270231640,10.923467478,6.270231640,10.923467478,0.000000000,1
1234.323366404,31,31,249,12.551076176,6.270231640,10.923467478,6.270231640,10.923467478,0.000000000,1
1235.322448015,31,31,244,12.294019891,6.270231640,10.923467478,6.270231640,10.923467478,0.000000000,1
1236.340544939,31,31,238,11.963911267,6.270231640,10.923467478,6.270231640,10.923467478,0.000000000,1
1237.376836777,31,31,237,11.954242715,6.270231640,10.923467478,6.270231640,10.923467478,0.000000000,1
1238.420077562,31,31,233,11.729879238,6.270231640,10.923467478,6.270231640,10.923467478,0.000000000,1
1239.427250624,31,31,225,11.343534161,6.270231640,10.923467478,6.270231640,10.923467478,0.000000000,1
1240.451616287,31,31,214,10.800060879,6.270231640,10.923467478,6.270231640,10.923467478,0.000000000,1
1241.474524021,31,31,204,10.268551597,6.270231640,10.923467478,6.270231640,10.923467478,0.000000000,1
1242.551285982,31,31,194,9.766356456,6.270231640,10.923467478,6.270231640,10.923467478,0.000000000,1
1243.553251505,31,31,184,9.267180065,6.270231640,10.923467478,6.270231640,10.923467478,0.000000000,1
1244.556225538,31,31,172,8.700569620,6.270231640,10.923467478,6.270231640,10.923467478,0.000000000,1
1245.614944458,31,31,162,8.200198714,6.270231640,10.923467478,6.270231640,10.923467478,0.000000000,1
1246.633395433,31,31,152,7.701167130,6.270231640,10.923467478,6.270231640,10.923467478,0.000000000,1
1247.650233030,31,31,143,7.233382978,6.270231640,10.923467478,6.270231640,10.923467478,0.000000000,1
1248.688276291,31,31,131,6.634362969,6.270231640,10.923467478,6.270231640,10.923467478,0.000000000,1
1249.726557255,31,31,122,6.167806994,6.270231640,10.923467478,6.270231640,10.923467478,0.000000000,1
1250.729576349,31,31,114,5.776285697,6.270231640,10.923467478,6.270231640,10.923467478,0.000000000,1
1251.791424990,31,31,102,5.188589178,6.270231640,10.923467478,6.270231640,10.923467478,0.000000000,1
1252.773936272,31,31,91,4.634381435,6.270231640,10.923467478,6.270231640,10.923467478,0.000000000,1
1253.827833176,31,31,81,4.140835119,6.270231640,10.923467478,6.270231640,10.923467478,0.000000000,1
1254.829147100,31,31,71,3.640667058,6.270231640,10.923467478,6.270231640,10.923467478,0.000000000,1
1255.865274429,31,31,60,3.082726582,6.270231640,10.923467478,6.270231640,10.923467478,0.000000000,1
1256.918030500,31,31,50,2.594336173,6.270231640,10.923467478,6.270231640,10.923467478,0.000000000,1
1257.940360785,31,31,38,1.993856477,6.270231640,10.923467478,6.270231640,10.923467478,0.000000000,1
1258.932873011,31,31,30,1.575050419,6.270231640,10.923467478,6.270231640,10.923467478,0.000000000,1
1259.945501566,31,31,20,1.074634352,6.270231640,10.923467478,6.270231640,10.923467478,0.000000000,1
1260.984414339,31,31,12,0.712656375,6.270231640,10.923467478,6.270231640,10.923467478,0.000000000,1
1268.581351042,32,32,619,31.017621629,9.970265975,8.023764012,9.970265975,8.023764012,0.000000000,1
1269.261294127,32,32,613,30.733112969,9.970265975,8.023764012,9.970265975,8.023764012,0.000000000,1
1270.268790007,32,32,605,30.352086700,9.970265975,8.023764012,9.970265975,8.023764012,0.000000000,1
1271.337965012,32,32,600,30.099038828,9.970265975,8.023764012,9.970265975,8.023764012,0.000000000,1
1272.347167969,32,32,592,29.689250042,9.970265975,8.023764012,9.970265975,8.023764012,0.000000000,1
1273.336203814,32,32,584,29.300286967,9.970265975,8.023764012,9.970265975,8.023764012,0.000000000,1
1274.374003410,32,32,577,28.953230421,9.970265975,8.023764012,9.970265975,8.023764012,0.000000000,1
1275.410158396,32,32,570,28.591354681,9.970265975,8.023764012,9.970265975,8.023764012,0.000000000,1
1276.446915388,32,32,560,28.111166929,9.970265975,8.023764012,9.970265975,8.023764012,0.000000000,1
1277.508384466,32,32,556,27.893353272,9.970265975,8.023764012,9.970265975,8.023764012,0.000000000,1
1278.479826450,32,32,547,27.439304453,9.970265975,8.023764012,9.970265975,8.023764012,0.000000000,1
1279.573167562,32,32,540,27.099592154,9.970265975,8.023764012,9.970265975,8.023764012,0.000000000,1
1280.568649530,32,32,543,27.259361193,9.970265975,8.023764012,9.970265975,8.023764012,0.000000000,1
1281.586500883,32,32,538,26.978362634,9.970265975,8.023764012,9.970265975,8.023764012,0.000000000,1
1282.619598627,32,32,528,26.496442856,9.970265975,8.023764012,9.970265975,8.023764012,0.000000000,1
1283.649585485,32,32,525,26.324963810,9.970265975,8.023764012,9.970265975,8.023764012,0.000000000,1
1284.700162411,32,32,523,26.250374123,9.970265975,8.023764012,9.970265975,8.023764012,0.000000000,1
1285.757509232,32,32,518,25.992836755,9.970265975,8.023764012,9.970265975,8.023764012,0.000000000,1
1286.717886448,32,32,505,25.334107029,9.970265975,8.023764012,9.970265975,8.023764012,0.000000000,1
1287.770925045,32,32,495,24.817322849,9.970265975,8.023764012,9.970265975,8.023764012,0.000000000,1
1288.798242807,32,32,485,24.358393496,9.970265975,8.023764012,9.970265975,8.023764012,0.000000000,1
1289.824076176,32,32,475,23.817320647,9.970265975,8.023764012,9.970265975,8.023764012,0.000000000,1
1290.847294807,32,32,465,23.358397152,9.970265975,8.023764012,9.970265975,8.023764012,0.000000000,1
1291.870503902,32,32,453,22.758396667,9.970265975,8.023764012,9.970265975,8.023764012,0.000000000,1
1292.894091129,32,32,443,22.217322562,9.970265975,8.023764012,9.970265975,8.023764012,0.000000000,1
1293.919495106,32,32,433,21.758397215,9.970265975,8.023764012,9.970265975,8.023764012,0.000000000,1
1294.952746630,32,32,423,21.217325188,9.970265975,8.023764012,9.970265975,8.023764012,0.000000000,1
1296.011789560,32,32,413,20.758403154,9.970265975,8.023764012,9.970265975,8.023764012,0.000000000,1
1296.976066351,32,32,403,20.217092645,9.970265975,8.023764012,9.970265975,8.023764012,0.000000000,1
1298.128262997,32,32,393,19.752909703,9.970265975,8.023764012,9.970265975,8.023764012,0.000000000,1
1299.128693819,32,32,383,19.217105765,9.970265975,8.023764012,9.970265975,8.023764012,0.000000000,1
1300.124431849,32,32,373,18.752936064,9.970265975,8.023764012,9.970265975,8.023764012,0.000000000,1
1301.090679407,32,32,361,18.152969073,9.970265975,8.023764012,9.970265975,8.023764012,0.000000000,1
1302.153187513,32,32,351,17.619050034,9.970265975,8.023764012,9.970265975,8.023764012,0.000000000,1
1303.148217201,32,32,342,17.200640949,9.970265975,8.023764012,9.970265975,8.023764012,0.000000000,1
1304.168676853,32,32,331,16.618134827,9.970265975,8.023764012,9.970265975,8.023764012,0.000000000,1
1305.191166878,32,32,321,16.125896701,9.970265975,8.023764012,9.970265975,8.023764012,0.000000000,1
1306.231375217,32,32,313,15.711855852,9.970265975,8.023764012,9.970265975,8.023764012,0.000000000,1
1307.240584850,32,32,301,15.115559588,9.970265975,8.023764012,9.970265975,8.023764012,0.000000000,1
1308.266623020,32,32,293,14.809912073,9.970265975,8.023764012,9.970265975,8.023764012,0.000000000,1
1309.288622379,32,32,281,14.143992726,9.970265975,8.023764012,9.970265975,8.023764012,0.000000000,1
1310.322198391,32,32,271,13.727157184,9.970265975,8.023764012,9.970265975,8.023764012,0.000000000,1
1311.380154133,32,32,261,13.132531083,9.970265975,8.023764012,9.970265975,8.023764012,0.000000000,1
1312.388183594,32,32,250,12.603516024,9.970265975,8.023764012,9.970265975,8.023764012,0.000000000,1
1313.402314425,32,32,240,12.166032279,9.970265975,8.023764012,9.970265975,8.023764012,0.000000000,1
1314.430012703,32,32,229,11.625488164,9.970265975,8.023764012,9.970265975,8.023764012,0.000000000,1
1315.443899155,32,32,218,11.092205184,9.970265975,8.023764012,9.970265975,8.023764012,0.000000000,1
1316.524707794,32,32,207,10.456936313,9.970265975,8.023764012,9.970265975,8.023764012,0.000000000,1
1317.504538536,32,32,198,10.056016237,9.970265975,8.023764012,9.970265975,8.023764012,0.000000000,1
1318.525837421,32,32,187,9.458469611,9.970265975,8.023764012,9.970265975,8.023764012,0.000000000,1
1319.577749491,32,32,178,9.060925428,9.970265975,8.023764012,9.970265975,8.023764012,0.000000000,1
1320.586915970,32,32,168,8.496334010,9.970265975,8.023764012,9.970265975,8.023764012,0.000000000,1
1321.645640373,32,32,158,8.068549628,9.970265975,8.023764012,9.970265975,8.023764012,0.000000000,1
1322.642696142,32,32,147,7.452998292,9.970265975,8.023764012,9.970265975,8.023764012,0.000000000,1
1323.670809984,32,32,137,7.046291217,9.970265975,8.023764012,9.970265975,8.023764012,0.000000000,1
1324.697842360,32,32,127,6.528758451,9.970265975,8.023764012,9.970265975,8.023764012,0.000000000,1
1325.784530163,32,32,116,5.892373684,9.970265975,8.023764012,9.970265975,8.023764012,0.000000000,1
1326.752604246,32,32,106,5.484919065,9.970265975,8.023764012,9.970265975,8.023764012,0.000000000,1
1327.777344465,32,32,96,4.882671225,9.970265975,8.023764012,9.970265975,8.023764012,0.000000000,1
1328.806356430,32,32,85,4.334200678,9.970265975,8.023764012,9.970265975,8.023764012,0.000000000,1
1329.826751232,32,32,75,3.937947795,9.970265975,8.023764012,9.970265975,8.023764012,0.000000000,1
1330.853638887,32,32,66,3.419858402,9.970265975,8.023764012,9.970265975,8.023764012,0.000000000,1
1331.890912533,32,32,60,3.180296902,9.970265975,8.023764012,9.970265975,8.023764012,0.000000000,1
1340.571416616,33,33,54,2.789766727,9.070436297,7.825383049,9.070436297,7.825383049,0.000000000,1
1341.081425667,33,33,46,2.388632533,9.070436297,7.825383049,9.070436297,7.825383049,0.000000000,1
1342.113229752,33,33,36,1.899498917,9.070436297,7.825383049,9.070436297,7.825383049,0.000000000,1
1343.127854109,33,33,26,1.378535887,9.070436297,7.825383049,9.070436297,7.825383049,0.000000000,1
1344.151702642,33,33,17,0.946757940,9.070436297,7.825383049,9.070436297,7.825383049,0.000000000,1
1345.178643942,33,33,11,0.662562071,9.070436297,7.825383049,9.070436297,7.825383049,0.000000000,1
1346.206620216,33,33,6,0.412132040,9.070436297,7.825383049,9.070436297,7.825383049,0.000000000,1
1353.072152376,34,34,145,7.348493953,11.570436334,7.725383048,11.570436334,7.725383048,0.000000000,1
1353.805972338,34,34,142,7.173927546,11.570436334,7.725383048,11.570436334,7.725383048,0.000000000,1
1354.809331417,34,34,136,6.882581734,11.570436334,7.725383048,11.570436334,7.725383048,0.000000000,1
1355.830136538,34,34,129,6.543014081,11.570436334,7.725383048,11.570436334,7.725383048,0.000000000,1
1356.897628784,34,34,126,6.390850875,11.570436334,7.725383048,11.570436334,7.725383048,0.000000000,1
1357.887512445,34,34,126,6.390850875,11.570436334,7.725383048,11.570436334,7.725383048,0.000000000,1
1358.927197456,34,34,118,5.979673213,11.570436334,7.725383048,11.570436334,7.725383048,0.000000000,1
1359.948582649,34,34,108,5.479338480,11.570436334,7.725383048,11.570436334,7.725383048,0.000000000,1
1360.978162289,34,34,98,4.993140634,11.570436334,7.725383048,11.570436334,7.725383048,0.000000000,1
1362.017789841,34,34,88,4.494888622,11.570436334,7.725383048,11.570436334,7.725383048,0.000000000,1
1363.078916788,34,34,78,4.003371339,11.570436334,7.725383048,11.570436334,7.725383048,0.000000000,1
1364.123488665,34,34,68,3.493393257,11.570436334,7.725383048,11.570436334,7.725383048,0.000000000,1
1365.107812643,34,34,59,3.044895352,11.570436334,7.725383048,11.570436334,7.725383048,0.000000000,1
1366.126880169,34,34,49,2.547339931,11.570436334,7.725383048,11.570436334,7.725383048,0.000000000,1
1367.127500534,34,34,40,2.063700552,11.570436334,7.725383048,11.570436334,7.725383048,0.000000000,1
1368.138182878,34,34,29,1.528057564,11.570436334,7.725383048,11.570436334,7.725383048,0.000000000,1
1369.173753738,34,34,26,1.387925426,11.570436334,7.725383048,11.570436334,7.725383048,0.000000000,1
1370.192523956,34,34,16,0.868987990,11.570436334,7.725383048,11.570436334,7.725383048,0.000000000,1
1371.213167906,34,34,15,0.847531455,11.570436334,7.725383048,11.570436334,7.725383048,0.000000000,1
1378.247497082,35,35,820,41.078409846,-2.929537911,-10.674205900,-2.929537911,-10.674205900,0.000000000,1
1379.014308691,35,35,818,40.975998478,-2.929537911,-10.674205900,-2.929537911,-10.674205900,0.000000000,1
1380.122580767,35,35,818,41.008607282,-2.929537911,-10.674205900,-2.929537911,-10.674205900,0.000000000,1
1381.088394642,35,35,815,40.831230599,-2.929537911,-10.674205900,-2.929537911,-10.674205900,0.000000000,1
1382.094355106,35,35,803,40.257700678,-2.929537911,-10.674205900,-2.929537911,-10.674205900,0.000000000,1
1383.130017996,35,35,793,39.751577909,-2.929537911,-10.674205900,-2.929537911,-10.674205900,0.000000000,1
1384.178439379,35,35,783,39.248701008,-2.929537911,-10.674205900,-2.929537911,-10.674205900,0.000000000,1
1385.194231033,35,35,773,38.737633124,-2.929537911,-10.674205900,-2.929537911,-10.674205900,0.000000000,1
1386.207355261,35,35,763,38.230898237,-2.929537911,-10.674205900,-2.929537911,-10.674205900,0.000000000,1
1387.258315802,35,35,753,37.737662628,-2.929537911,-10.674205900,-2.929537911,-10.674205900,0.000000000,1
1388.274622679,35,35,743,37.230932967,-2.929537911,-10.674205900,-2.929537911,-10.674205900,0.000000000,1
1389.295470715,35,35,731,36.630965496,-2.929537911,-10.674205900,-2.929537911,-10.674205900,0.000000000,1
1390.349229097,35,35,721,36.137736790,-2.929537911,-10.674205900,-2.929537911,-10.674205900,0.000000000,1
1391.380965948,35,35,711,35.631033340,-2.929537911,-10.674205900,-2.929537911,-10.674205900,0.000000000,1
1392.372482777,35,35,703,35.231064540,-2.929537911,-10.674205900,-2.929537911,-10.674205900,0.000000000,1
1393.486027956,35,35,691,34.631075128,-2.929537911,-10.674205900,-2.929537911,-10.674205900,0.000000000,1
1394.500507355,35,35,681,34.150747144,-2.929537911,-10.674205900,-2.929537911,-10.674205900,0.000000000,1
1395.465618610,35,35,671,33.653247922,-2.929537911,-10.674205900,-2.929537911,-10.674205900,0.000000000,1
1396.496334314,35,35,661,33.151864775,-2.929537911,-10.674205900,-2.929537911,-10.674205900,0.000000000,1
1397.534350634,35,35,654,32.689060394,-2.929537911,-10.674205900,-2.929537911,-10.674205900,0.000000000,1
1398.585448742,35,35,643,32.141982294,-2.929537911,-10.674205900,-2.929537911,-10.674205900,0.000000000,1
1399.629678011,35,35,632,31.611125619,-2.929537911,-10.674205900,-2.929537911,-10.674205900,0.000000000,1
1400.611081839,35,35,622,31.080816140,-2.929537911,-10.674205900,-2.929537911,-10.674205900,0.000000000,1
1401.661184311,35,35,610,30.530283440,-2.929537911,-10.674205900,-2.929537911,-10.674205900,0.000000000,1
1402.670402765,35,35,602,30.086223710,-2.929537911,-10.674205900,-2.929537911,-10.674205900,0.000000000,1
1403.732486963,35,35,592,29.591561595,-2.929537911,-10.674205900,-2.929537911,-10.674205900,0.000000000,1
1404.733914614,35,35,582,29.091552761,-2.929537911,-10.674205900,-2.929537911,-10.674205900,0.000000000,1
1405.851154804,35,35,570,28.498644824,-2.929537911,-10.674205900,-2.929537911,-10.674205900,0.000000000,1
1406.803919077,35,35,560,28.015550895,-2.929537911,-10.674205900,-2.929537911,-10.674205900,0.000000000,1
1407.882807493,35,35,551,27.531174919,-2.929537911,-10.674205900,-2.929537911,-10.674205900,0.000000000,1
1408.906913757,35,35,541,27.044948034,-2.929537911,-10.674205900,-2.929537911,-10.674205900,0.000000000,1
1409.907835007,35,35,531,26.543250236,-2.929537911,-10.674205900,-2.929537911,-10.674205900,0.000000000,1
1410.939536810,35,35,521,26.025053073,-2.929537911,-10.674205900,-2.929537911,-10.674205900,0.000000000,1
1411.989031553,35,35,509,25.425568442,-2.929537911,-10.674205900,-2.929537911,-10.674205900,0.000000000,1
1413.013692856,35,35,498,24.918183813,-2.929537911,-10.674205900,-2.929537911,-10.674205900,0.000000000,1
1414.029450417,35,35,490,24.486972131,-2.929537911,-10.674205900,-2.929537911,-10.674205900,0.000000000,1
1415.061942577,35,35,479,23.969468381,-2.929537911,-10.674205900,-2.929537911,-10.674205900,0.000000000,1
1416.148014545,35,35,469,23.433767905,-2.929537911,-10.674205900,-2.929537911,-10.674205900,0.000000000,1
1417.112037182,35,35,458,22.896678236,-2.929537911,-10.674205900,-2.929537911,-10.674205900,0.000000000,1
1418.208724737,35,35,448,22.390308449,-2.929537911,-10.674205900,-2.929537911,-10.674205900,0.000000000,1
1419.183644056,35,35,437,21.852269708,-2.929537911,-10.674205900,-2.929537911,-10.674205900,0.000000000,1
1420.207496881,35,35,428,21.401282439,-2.929537911,-10.674205900,-2.929537911,-10.674205900,0.000000000,1
1421.225759268,35,35,416,20.820370337,-2.929537911,-10.674205900,-2.929537911,-10.674205900,0.000000000,1
1422.260994196,35,35,402,20.223246154,-2.929537911,-10.674205900,-2.929537911,-10.674205900,0.000000000,1
1423.284984589,35,35,396,19.826697569,-2.929537911,-10.674205900,-2.929537911,-10.674205900,0.000000000,1
1424.394897461,35,35,382,19.231950512,-2.929537911,-10.674205900,-2.929537911,-10.674205900,0.000000000,1
1425.354917049,35,35,375,18.770235954,-2.929537911,-10.674205900,-2.929537911,-10.674205900,0.000000000,1
1426.384821892,35,35,365,18.272528983,-2.929537911,-10.674205900,-2.929537911,-10.674205900,0.000000000,1
1427.428166151,35,35,355,17.780343190,-2.929537911,-10.674205900,-2.929537911,-10.674205900,0.000000000,1
1428.430856705,35,35,345,17.282567925,-2.929537911,-10.674205900,-2.929537911,-10.674205900,0.000000000,1
1429.443911791,35,35,334,16.718027249,-2.929537911,-10.674205900,-2.929537911,-10.674205900,0.000000000,1
1430.480387211,35,35,324,16.225534836,-2.929537911,-10.674205900,-2.929537911,-10.674205900,0.000000000,1
1431.496602774,35,35,314,15.728081157,-2.929537911,-10.674205900,-2.929537911,-10.674205900,0.000000000,1
1432.551632643,35,35,304,15.231654606,-2.929537911,-10.674205900,-2.929537911,-10.674205900,0.000000000,1
1433.541703463,35,35,294,14.738167029,-2.929537911,-10.674205900,-2.929537911,-10.674205900,0.000000000,1
1434.561749220,35,35,285,14.265104225,-2.929537911,-10.674205900,-2.929537911,-10.674205900,0.000000000,1
1435.633604288,35,35,275,13.768765425,-2.929537911,-10.674205900,-2.929537911,-10.674205900,0.000000000,1
1436.673406839,35,35,264,13.203740752,-2.929537911,-10.674205900,-2.929537911,-10.674205900,0.000000000,1
1437.668917418,35,35,255,12.778805333,-2.929537911,-10.674205900,-2.929537911,-10.674205900,0.000000000,1
1438.705949306,35,35,244,12.213769318,-2.929537911,-10.674205900,-2.929537911,-10.674205900,0.000000000,1
1439.703356028,35,35,233,11.648138662,-2.929537911,-10.674205900,-2.929537911,-10.674205900,0.000000000,1
1440.738353491,35,35,224,11.224065380,-2.929537911,-10.674205900,-2.929537911,-10.674205900,0.000000000,1
1441.797095299,35,35,213,10.657863783,-2.929537911,-10.674205900,-2.929537911,-10.674205900,0.000000000,1
1442.831915855,35,35,204,10.214324067,-2.929537911,-10.674205900,-2.929537911,-10.674205900,0.000000000,1
1443.802518606,35,35,193,9.649847927,-2.929537911,-10.674205900,-2.929537911,-10.674205900,0.000000000,1
1444.839042187,35,35,184,9.224459617,-2.929537911,-10.674205900,-2.929537911,-10.674205900,0.000000000,1
1445.874795437,35,35,173,8.659995524,-2.929537911,-10.674205900,-2.929537911,-10.674205900,0.000000000,1
1446.912425041,35,35,162,8.092098649,-2.929537911,-10.674205900,-2.929537911,-10.674205900,0.000000000,1
1447.954160213,35,35,153,7.674528720,-2.929537911,-10.674205900,-2.929537911,-10.674205900,0.000000000,1
1448.978290796,35,35,142,7.105875779,-2.929537911,-10.674205900,-2.929537911,-10.674205900,0.000000000,1
1449.957024813,35,35,133,6.688217018,-2.929537911,-10.674205900,-2.929537911,-10.674205900,0.000000000,1
1450.982708931,35,35,124,6.192728820,-2.929537911,-10.674205900,-2.929537911,-10.674205900,0.000000000,1
1452.024662495,35,35,111,5.557757360,-2.929537911,-10.674205900,-2.929537911,-10.674205900,0.000000000,1
1453.057472467,35,35,102,5.097749571,-2.929537911,-10.674205900,-2.929537911,-10.674205900,0.000000000,1
1454.092540741,35,35,84,4.305417184,-2.929537911,-10.674205900,-2.929537911,-10.674205900,0.000000000,1
1455.091780663,35,35,78,3.982789682,-2.929537911,-10.674205900,-2.929537911,-10.674205900,0.000000000,1
1456.107967615,35,35,67,3.446887937,-2.929537911,-10.674205900,-2.929537911,-10.674205900,0.000000000,1
1457.138910770,35,35,58,2.999300178,-2.929537911,-10.674205900,-2.929537911,-10.674205900,0.000000000,1
1458.162744522,35,35,48,2.465459493,-2.929537911,-10.674205900,-2.929537911,-10.674205900,0.000000000,1
1459.190630198,35,35,36,1.881134937,-2.929537911,-10.674205900,-2.929537911,-10.674205900,0.000000000,1
1460.206460953,35,35,27,1.435014673,-2.929537911,-10.674205900,-2.929537911,-10.674205900,0.000000000,1
1461.226697445,35,35,17,0.934778268,-2.929537911,-10.674205900,-2.929537911,-10.674205900,0.000000000,1
1462.257251024,35,35,10,0.572580597,-2.929537911,-10.674205900,-2.929537911,-10.674205900,0.000000000,1
1470.004828453,36,36,306,15.431273687,5.170418145,-9.971646798,5.170418145,-9.971646798,0.000000000,1
1470.852046251,36,36,304,15.335285485,5.170418145,-9.971646798,5.170418145,-9.971646798,0.000000000,1
1471.845493078,36,36,297,14.967007580,5.170418145,-9.971646798,5.170418145,-9.971646798,0.000000000,1
1472.912848711,36,36,288,14.541188315,5.170418145,-9.971646798,5.170418145,-9.971646798,0.000000000,1
1473.907927752,36,36,284,14.210751219,5.170418145,-9.971646798,5.170418145,-9.971646798,0.000000000,1
1474.933821201,36,36,275,13.869811283,5.170418145,-9.971646798,5.170418145,-9.971646798,0.000000000,1
1475.951062918,36,36,267,13.500859440,5.170418145,-9.971646798,5.170418145,-9.971646798,0.000000000,1
1476.965519428,36,36,258,13.052386586,5.170418145,-9.971646798,5.170418145,-9.971646798,0.000000000,1
1478.024656057,36,36,254,12.853268379,5.170418145,-9.971646798,5.170418145,-9.971646798,0.000000000,1
1479.007530451,36,36,246,12.427483963,5.170418145,-9.971646798,5.170418145,-9.971646798,0.000000000,1
1480.035190344,36,36,239,12.098133107,5.170418145,-9.971646798,5.170418145,-9.971646798,0.000000000,1
1481.064903021,36,36,233,11.802219155,5.170418145,-9.971646798,5.170418145,-9.971646798,0.000000000,1
1482.083269835,36,36,231,11.703738221,5.170418145,-9.971646798,5.170418145,-9.971646798,0.000000000,1
1483.148151159,36,36,227,11.511234993,5.170418145,-9.971646798,5.170418145,-9.971646798,0.000000000,1
1484.130885601,36,36,219,11.058741629,5.170418145,-9.971646798,5.170418145,-9.971646798,0.000000000,1
1485.162116051,36,36,207,10.512128951,5.170418145,-9.971646798,5.170418145,-9.971646798,0.000000000,1
1486.182358265,36,36,198,10.000001790,5.170418145,-9.971646798,5.170418145,-9.971646798,0.000000000,1
1487.210147619,36,36,189,9.516148512,5.170418145,-9.971646798,5.170418145,-9.971646798,0.000000000,1
1488.229874372,36,36,177,9.026956933,5.170418145,-9.971646798,5.170418145,-9.971646798,0.000000000,1
1489.269730330,36,36,168,8.505058190,5.170418145,-9.971646798,5.170418145,-9.971646798,0.000000000,1
1490.291366100,36,36,158,7.991626215,5.170418145,-9.971646798,5.170418145,-9.971646798,0.000000000,1
1491.302099228,36,36,148,7.468905612,5.170418145,-9.971646798,5.170418145,-9.971646798,0.000000000,1
1492.328948259,36,36,138,6.972453672,5.170418145,-9.971646798,5.170418145,-9.971646798,0.000000000,1
1493.382467747,36,36,127,6.440793907,5.170418145,-9.971646798,5.170418145,-9.971646798,0.000000000,1
1494.378706932,36,36,117,5.922153880,5.170418145,-9.971646798,5.170418145,-9.971646798,0.000000000,1
1495.410373688,36,36,106,5.394333222,5.170418145,-9.971646798,5.170418145,-9.971646798,0.000000000,1
1496.433213711,36,36,98,4.990205329,5.170418145,-9.971646798,5.170418145,-9.971646798,0.000000000,1
1497.471107960,36,36,87,4.450167712,5.170418145,-9.971646798,5.170418145,-9.971646798,0.000000000,1
1498.526618481,36,36,76,3.911579773,5.170418145,-9.971646798,5.170418145,-9.971646798,0.000000000,1
1499.529736757,36,36,67,3.442910384,5.170418145,-9.971646798,5.170418145,-9.971646798,0.000000000,1
1500.523186684,36,36,56,2.872023020,5.170418145,-9.971646798,5.170418145,-9.971646798,0.000000000,1
1501.552238464,36,36,45,2.329816218,5.170418145,-9.971646798,5.170418145,-9.971646798,0.000000000,1
1502.567689657,36,36,34,1.861535013,5.170418145,-9.971646798,5.170418145,-9.971646798,0.000000000,1
1503.604412556,36,36,25,1.318120891,5.170418145,-9.971646798,5.170418145,-9.971646798,0.000000000,1
1504.631047487,36,36,17,0.921222964,5.170418145,-9.971646798,5.170418145,-9.971646798,0.000000000,1
1505.660015345,36,36,11,0.626282677,5.170418145,-9.971646798,5.170418145,-9.971646798,0.000000000,1
1512.979022264,37,37,644,32.372230773,9.170168700,-7.870821170,9.170168700,-7.870821170,0.000000000,1
1513.726995230,37,37,640,32.168385062,9.170168700,-7.870821170,9.170168700,-7.870821170,0.000000000,1
1514.770698309,37,37,636,31.888346044,9.170168700,-7.870821170,9.170168700,-7.870821170,0.000000000,1
1515.775595665,37,37,628,31.505508565,9.170168700,-7.870821170,9.170168700,-7.870821170,0.000000000,1
1516.805348158,37,37,629,31.559694879,9.170168700,-7.870821170,9.170168700,-7.870821170,0.000000000,1
1517.867049932,37,37,625,31.346356785,9.170168700,-7.870821170,9.170168700,-7.870821170,0.000000000,1
1518.853111744,37,37,622,31.198594696,9.170168700,-7.870821170,9.170168700,-7.870821170,0.000000000,1
1519.870452404,37,37,612,30.703467381,9.170168700,-7.870821170,9.170168700,-7.870821170,0.000000000,1
1520.922534704,37,37,599,30.154871197,9.170168700,-7.870821170,9.170168700,-7.870821170,0.000000000,1
1521.950467825,37,37,593,29.740053236,9.170168700,-7.870821170,9.170168700,-7.870821170,0.000000000,1
1522.989912748,37,37,582,29.183520710,9.170168700,-7.870821170,9.170168700,-7.870821170,0.000000000,1
1523.987255335,37,37,570,28.584647474,9.170168700,-7.870821170,9.170168700,-7.870821170,0.000000000,1
1525.009742022,37,37,561,28.143700588,9.170168700,-7.870821170,9.170168700,-7.870821170,0.000000000,1
1526.027738571,37,37,550,27.583975667,9.170168700,-7.870821170,9.170168700,-7.870821170,0.000000000,1
1527.084388733,37,37,539,27.031714537,9.170168700,-7.870821170,9.170168700,-7.870821170,0.000000000,1
1528.121243000,37,37,529,26.570765303,9.170168700,-7.870821170,9.170168700,-7.870821170,0.000000000,1
1529.125581503,37,37,519,26.032596255,9.170168700,-7.870821170,9.170168700,-7.870821170,0.000000000,1
1530.137686729,37,37,509,25.516647740,9.170168700,-7.870821170,9.170168700,-7.870821170,0.000000000,1
1531.166375399,37,37,499,25.032596809,9.170168700,-7.870821170,9.170168700,-7.870821170,0.000000000,1
1532.183998346,37,37,487,24.432597843,9.170168700,-7.870821170,9.170168700,-7.870821170,0.000000000,1
1533.237164736,37,37,477,23.916651315,9.170168700,-7.870821170,9.170168700,-7.870821170,0.000000000,1
1534.244241238,37,37,467,23.432597291,9.170168700,-7.870821170,9.170168700,-7.870821170,0.000000000,1
1535.339073420,37,37,457,22.916653791,9.170168700,-7.870821170,9.170168700,-7.870821170,0.000000000,1
1536.321499825,37,37,447,22.432612834,9.170168700,-7.870821170,9.170168700,-7.870821170,0.000000000,1
1537.343821526,37,37,437,21.916679912,9.170168700,-7.870821170,9.170168700,-7.870821170,0.000000000,1
1538.352955818,37,37,427,21.432648966,9.170168700,-7.870821170,9.170168700,-7.870821170,0.000000000,1
1539.387308836,37,37,417,20.916744995,9.170168700,-7.870821170,9.170168700,-7.870821170,0.000000000,1
1540.452337027,37,37,407,20.432754897,9.170168700,-7.870821170,9.170168700,-7.870821170,0.000000000,1
1541.452036381,37,37,397,19.916870984,9.170168700,-7.870821170,9.170168700,-7.870821170,0.000000000,1
1542.468215227,37,37,384,19.305195863,9.170168700,-7.870821170,9.170168700,-7.870821170,0.000000000,1
1543.492347717,37,37,374,18.798792178,9.170168700,-7.870821170,9.170168700,-7.870821170,0.000000000,1
1544.533332348,37,37,364,18.303260989,9.170168700,-7.870821170,9.170168700,-7.870821170,0.000000000,1
1545.619125128,37,37,354,17.799504914,9.170168700,-7.870821170,9.170168700,-7.870821170,0.000000000,1
1546.597285271,37,37,344,17.291558975,9.170168700,-7.870821170,9.170168700,-7.870821170,0.000000000,1
1547.644644260,37,37,335,16.814665084,9.170168700,-7.870821170,9.170168700,-7.870821170,0.000000000,1
1548.630107164,37,37,323,16.215019226,9.170168700,-7.870821170,9.170168700,-7.870821170,0.000000000,1
1549.657737732,37,37,312,15.706607961,9.170168700,-7.870821170,9.170168700,-7.870821170,0.000000000,1
1550.666043520,37,37,303,15.212503405,9.170168700,-7.870821170,9.170168700,-7.870821170,0.000000000,1
1551.721267223,37,37,293,14.730674888,9.170168700,-7.870821170,9.170168700,-7.870821170,0.000000000,1
1552.750022650,37,37,282,14.205772883,9.170168700,-7.870821170,9.170168700,-7.870821170,0.000000000,1
1553.772214651,37,37,272,13.682925223,9.170168700,-7.870821170,9.170168700,-7.870821170,0.000000000,1
1554.823727846,37,37,264,13.266579057,9.170168700,-7.870821170,9.170168700,-7.870821170,0.000000000,1
1555.857469320,37,37,253,12.730749216,9.170168700,-7.870821170,9.170168700,-7.870821170,0.000000000,1
1556.848373175,37,37,240,12.117725729,9.170168700,-7.870821170,9.170168700,-7.870821170,0.000000000,1
1557.924685001,37,37,232,11.695260738,9.170168700,-7.870821170,9.170168700,-7.870821170,0.000000000,1
1558.889582396,37,37,223,11.246613443,9.170168700,-7.870821170,9.170168700,-7.870821170,0.000000000,1
1559.926316977,37,37,213,10.758954734,9.170168700,-7.870821170,9.170168700,-7.870821170,0.000000000,1
1561.002335310,37,37,204,10.277807043,9.170168700,-7.870821170,9.170168700,-7.870821170,0.000000000,1
1561.967729092,37,37,192,9.690530790,9.170168700,-7.870821170,9.170168700,-7.870821170,0.000000000,1
1563.018422127,37,37,182,9.190422592,9.170168700,-7.870821170,9.170168700,-7.870821170,0.000000000,1
1564.042732239,37,37,172,8.682058720,9.170168700,-7.870821170,9.170168700,-7.870821170,0.000000000,1
1565.050895691,37,37,160,8.100526444,9.170168700,-7.870821170,9.170168700,-7.870821170,0.000000000,1
1566.157716513,37,37,150,7.588787798,9.170168700,-7.870821170,9.170168700,-7.870821170,0.000000000,1
1567.128922701,37,37,140,7.086231994,9.170168700,-7.870821170,9.170168700,-7.870821170,0.000000000,1
1568.121577740,37,37,129,6.547980203,9.170168700,-7.870821170,9.170168700,-7.870821170,0.000000000,1
1569.146533012,37,37,121,6.134729369,9.170168700,-7.870821170,9.170168700,-7.870821170,0.000000000,1
1570.186006784,37,37,110,5.592235094,9.170168700,-7.870821170,9.170168700,-7.870821170,0.000000000,1
1571.220350981,37,37,99,5.046596557,9.170168700,-7.870821170,9.170168700,-7.870821170,0.000000000,1
1572.226448536,37,37,89,4.560992292,9.170168700,-7.870821170,9.170168700,-7.870821170,0.000000000,1
1573.260016680,37,37,79,4.020971523,9.170168700,-7.870821170,9.170168700,-7.870821170,0.000000000,1
1574.289046288,37,37,69,3.515017208,9.170168700,-7.870821170,9.170168700,-7.870821170,0.000000000,1
1575.327182531,37,37,60,3.146311957,9.170168700,-7.870821170,9.170168700,-7.870821170,0.000000000,1
1576.350898743,37,37,50,2.650915665,9.170168700,-7.870821170,9.170168700,-7.870821170,0.000000000,1
1577.417178392,37,37,41,2.153145897,9.170168700,-7.870821170,9.170168700,-7.870821170,0.000000000,1
1578.406981945,37,37,31,1.655683245,9.170168700,-7.870821170,9.170168700,-7.870821170,0.000000000,1
1579.470157385,37,37,20,1.140799440,9.170168700,-7.870821170,9.170168700,-7.870821170,0.000000000,1
1580.492902994,37,37,12,0.743911988,9.170168700,-7.870821170,9.170168700,-7.870821170,0.000000000,1
1581.491903305,37,37,9,0.561201662,9.170168700,-7.870821170,9.170168700,-7.870821170,0.000000000,1
1587.912591219,38,38,145,7.344561297,11.469271809,-7.769498809,11.469271809,-7.769498809,0.000000000,1
1588.707509518,38,38,140,7.112135075,11.469271809,-7.769498809,11.469271809,-7.769498809,0.000000000,1
1589.729971886,38,38,134,6.797344075,11.469271809,-7.769498809,11.469271809,-7.769498809,0.000000000,1
1590.778184175,38,38,130,6.581207215,11.469271809,-7.769498809,11.469271809,-7.769498809,0.000000000,1
1591.771723747,38,38,130,6.593781109,11.469271809,-7.769498809,11.469271809,-7.769498809,0.000000000,1
1592.866230726,38,38,126,6.389498940,11.469271809,-7.769498809,11.469271809,-7.769498809,0.000000000,1
1593.837134123,38,38,116,5.880663207,11.469271809,-7.769498809,11.469271809,-7.769498809,0.000000000,1
1594.874123573,38,38,106,5.382761501,11.469271809,-7.769498809,11.469271809,-7.769498809,0.000000000,1
1595.865741491,38,38,96,4.886550060,11.469271809,-7.769498809,11.469271809,-7.769498809,0.000000000,1
1596.788683176,38,38,88,4.491287255,11.469271809,-7.769498809,11.469271809,-7.769498809,0.000000000,1
1597.785959959,38,38,80,4.087379112,11.469271809,-7.769498809,11.469271809,-7.769498809,0.000000000,1
1598.838094473,38,38,69,3.542460783,11.469271809,-7.769498809,11.469271809,-7.769498809,0.000000000,1
1599.867621183,38,38,59,3.064088926,11.469271809,-7.769498809,11.469271809,-7.769498809,0.000000000,1
1600.869456530,38,38,48,2.510342434,11.469271809,-7.769498809,11.469271809,-7.769498809,0.000000000,1
1601.940262318,38,38,39,2.042810581,11.469271809,-7.769498809,11.469271809,-7.769498809,0.000000000,1
1602.931721926,38,38,28,1.507028702,11.469271809,-7.769498809,11.469271809,-7.769498809,0.000000000,1
1603.968702793,38,38,18,1.011704869,11.469271809,-7.769498809,11.469271809,-7.769498809,0.000000000,1
1604.998858929,38,38,14,0.771319028,11.469271809,-7.769498809,11.469271809,-7.769498809,0.000000000,1
1605.993633270,38,38,10,0.589443470,11.469271809,-7.769498809,11.469271809,-7.769498809,0.000000000,1
1613.053302288,39,39,499,25.014733389,28.569272063,1.130501324,28.569272063,1.130501324,0.000000000,1
1613.611750126,39,39,495,24.838418505,28.569272063,1.130501324,28.569272063,1.130501324,0.000000000,1
1614.667335033,39,39,495,24.843531516,28.569272063,1.130501324,28.569272063,1.130501324,0.000000000,1
1615.737681150,39,39,493,24.718929270,28.569272063,1.130501324,28.569272063,1.130501324,0.000000000,1
1616.774258614,39,39,483,24.219291277,28.569272063,1.130501324,28.569272063,1.130501324,0.000000000,1
1617.774502516,39,39,473,23.756426340,28.569272063,1.130501324,28.569272063,1.130501324,0.000000000,1
1618.778200865,39,39,462,23.211515060,28.569272063,1.130501324,28.569272063,1.130501324,0.000000000,1
1619.829055786,39,39,452,22.708957988,28.569272063,1.130501324,28.569272063,1.130501324,0.000000000,1
1620.823871136,39,39,440,22.108966118,28.569272063,1.130501324,28.569272063,1.130501324,0.000000000,1
1621.847681046,39,39,430,21.611545956,28.569272063,1.130501324,28.569272063,1.130501324,0.000000000,1
1622.891878128,39,39,420,21.109003260,28.569272063,1.130501324,28.569272063,1.130501324,0.000000000,1
1623.783453703,39,39,412,20.709037927,28.569272063,1.130501324,28.569272063,1.130501324,0.000000000,1
1624.801100731,39,39,404,20.309086445,28.569272063,1.130501324,28.569272063,1.130501324,0.000000000,1
1625.859194994,39,39,394,19.811743091,28.569272063,1.130501324,28.569272063,1.130501324,0.000000000,1
1626.862566948,39,39,384,19.309262847,28.569272063,1.130501324,28.569272063,1.130501324,0.000000000,1
1627.900632381,39,39,375,18.840025173,28.569272063,1.130501324,28.569272063,1.130501324,0.000000000,1
1628.932372332,39,39,364,18.311947482,28.569272063,1.130501324,28.569272063,1.130501324,0.000000000,1
1629.993606329,39,39,356,17.873124955,28.569272063,1.130501324,28.569272063,1.130501324,0.000000000,1
1630.993147135,39,39,346,17.368655097,28.569272063,1.130501324,28.569272063,1.130501324,0.000000000,1
1632.000841618,39,39,335,16.859671130,28.569272063,1.130501324,28.569272063,1.130501324,0.000000000,1
1633.033461332,39,39,326,16.399853746,28.569272063,1.130501324,28.569272063,1.130501324,0.000000000,1
1634.072601557,39,39,317,15.841554048,28.569272063,1.130501324,28.569272063,1.130501324,0.000000000,1
1635.058565378,39,39,306,15.318459754,28.569272063,1.130501324,28.569272063,1.130501324,0.000000000,1
1636.169985533,39,39,297,14.830699950,28.569272063,1.130501324,28.569272063,1.130501324,0.000000000,1
1637.140563726,39,39,285,14.271602327,28.569272063,1.130501324,28.569272063,1.130501324,0.000000000,1
1638.134788752,39,39,277,13.822933860,28.569272063,1.130501324,28.569272063,1.130501324,0.000000000,1
1639.164940596,39,39,266,13.275377114,28.569272063,1.130501324,28.569272063,1.130501324,0.000000000,1
1640.206891298,39,39,255,12.726946061,28.569272063,1.130501324,28.569272063,1.130501324,0.000000000,1
1641.232655048,39,39,246,12.302658448,28.569272063,1.130501324,28.569272063,1.130501324,0.000000000,1
1642.308495522,39,39,235,11.756382767,28.569272063,1.130501324,28.569272063,1.130501324,0.000000000,1
1643.309285641,39,39,224,11.197673555,28.569272063,1.130501324,28.569272063,1.130501324,0.000000000,1
1644.339425564,39,39,213,10.669591624,28.569272063,1.130501324,28.569272063,1.130501324,0.000000000,1
1645.357402086,39,39,202,10.108525489,28.569272063,1.130501324,28.569272063,1.130501324,0.000000000,1
1646.367318869,39,39,192,9.601804562,28.569272063,1.130501324,28.569272063,1.130501324,0.000000000,1
1647.392642021,39,39,181,9.060742897,28.569272063,1.130501324,28.569272063,1.130501324,0.000000000,1
1648.416932344,39,39,172,8.577883386,28.569272063,1.130501324,28.569272063,1.130501324,0.000000000,1
1649.446208000,39,39,162,8.074683553,28.569272063,1.130501324,28.569272063,1.130501324,0.000000000,1
1650.472876310,39,39,152,7.574433723,28.569272063,1.130501324,28.569272063,1.130501324,0.000000000,1
1651.528707027,39,39,141,7.058404495,28.569272063,1.130501324,28.569272063,1.130501324,0.000000000,1
1652.528557062,39,39,131,6.546873439,28.569272063,1.130501324,28.569272063,1.130501324,0.000000000,1
1653.574373960,39,39,121,6.029243962,28.569272063,1.130501324,28.569272063,1.130501324,0.000000000,1
1654.601675510,39,39,110,5.491083673,28.569272063,1.130501324,28.569272063,1.130501324,0.000000000,1
1655.615913630,39,39,100,4.977685187,28.569272063,1.130501324,28.569272063,1.130501324,0.000000000,1
1656.637171030,39,39,89,4.436246815,28.569272063,1.130501324,28.569272063,1.130501324,0.000000000,1
1657.667116404,39,39,79,3.944666015,28.569272063,1.130501324,28.569272063,1.130501324,0.000000000,1
1658.685472727,39,39,69,3.464934647,28.569272063,1.130501324,28.569272063,1.130501324,0.000000000,1
1659.701480150,39,39,57,2.857958301,28.569272063,1.130501324,28.569272063,1.130501324,0.000000000,1
1660.848001480,39,39,48,2.413959077,28.569272063,1.130501324,28.569272063,1.130501324,0.000000000,1
1661.448258162,40,39,14,0.767490965,28.737018020,2.342273165,28.569272063,1.130501324,1.223327308,0
1662.481883049,40,39,8,0.530147998,28.737018020,2.342273165,28.569272063,1.130501324,1.223327308,0
1662.713181496,41,39,32,1.583276570,28.569272063,1.130501324,28.569272063,1.130501324,0.000000000,1
1663.768360615,41,39,29,1.444248421,28.569272063,1.130501324,28.569272063,1.130501324,0.000000000,1
1664.764928341,41,39,21,1.056947377,28.569272063,1.130501324,28.569272063,1.130501324,0.000000000,1
1665.824169636,41,39,15,0.759543364,28.569272063,1.130501324,28.569272063,1.130501324,0.000000000,1
1666.828425646,41,39,11,0.552826230,28.569272063,1.130501324,28.569272063,1.130501324,0.000000000,1
1673.447823286,42,40,442,22.198174343,25.469360501,7.732733451,25.469360501,7.732733451,0.000000000,1
1674.221565008,42,40,440,22.068876489,25.469360501,7.732733451,25.469360501,7.732733451,0.000000000,1
1674.811187506,42,40,434,21.794323462,25.469360501,7.732733451,25.469360501,7.732733451,0.000000000,1
1675.821321726,42,40,433,21.723260156,25.469360501,7.732733451,25.469360501,7.732733451,0.000000000,1
1676.924602509,42,40,427,21.424986231,25.469360501,7.732733451,25.469360501,7.732733451,0.000000000,1
1677.881066561,42,40,426,21.389303080,25.469360501,7.732733451,25.469360501,7.732733451,0.000000000,1
1678.926841974,42,40,423,21.247706788,25.469360501,7.732733451,25.469360501,7.732733451,0.000000000,1
1680.046770573,42,40,415,20.824615420,25.469360501,7.732733451,25.469360501,7.732733451,0.000000000,1
1681.053842545,42,40,409,20.520532016,25.469360501,7.732733451,25.469360501,7.732733451,0.000000000,1
1682.012212753,42,40,394,19.795976049,25.469360501,7.732733451,25.469360501,7.732733451,0.000000000,1
1683.017863035,42,40,385,19.317967059,25.469360501,7.732733451,25.469360501,7.732733451,0.000000000,1
1684.101273537,42,40,374,18.777698018,25.469360501,7.732733451,25.469360501,7.732733451,0.000000000,1
1685.070062876,42,40,365,18.343034863,25.469360501,7.732733451,25.469360501,7.732733451,0.000000000,1
1686.121581078,42,40,354,17.796058684,25.469360501,7.732733451,25.469360501,7.732733451,0.000000000,1
1687.132335186,42,40,345,17.359083355,25.469360501,7.732733451,25.469360501,7.732733451,0.000000000,1
1688.133658171,42,40,335,16.815273465,25.469360501,7.732733451,25.469360501,7.732733451,0.000000000,1
1689.200371504,42,40,324,16.303356207,25.469360501,7.732733451,25.469360501,7.732733451,0.000000000,1
1690.225855112,42,40,314,15.776229397,25.469360501,7.732733451,25.469360501,7.732733451,0.000000000,1
1691.224195480,42,40,305,15.342621648,25.469360501,7.732733451,25.469360501,7.732733451,0.000000000,1
1692.291644812,42,40,294,14.777469034,25.469360501,7.732733451,25.469360501,7.732733451,0.000000000,1
1692.566802979,43,40,13,0.718400784,31.833032471,4.995048779,25.469360501,7.732733451,6.927570880,0
1693.509436369,43,40,10,0.559822138,31.833032471,4.995048779,25.469360501,7.732733451,6.927570880,0
1694.504598141,44,40,286,14.375046664,25.469360501,7.732733451,25.469360501,7.732733451,0.000000000,1
1695.529658079,44,40,277,13.953573441,25.469360501,7.732733451,25.469360501,7.732733451,0.000000000,1
1696.581843376,44,40,267,13.433844356,25.469360501,7.732733451,25.469360501,7.732733451,0.000000000,1
1697.560359478,44,40,257,12.913963166,25.469360501,7.732733451,25.469360501,7.732733451,0.000000000,1
1698.584460258,44,40,247,12.461567057,25.469360501,7.732733451,25.469360501,7.732733451,0.000000000,1
1699.596102953,44,40,237,11.923860158,25.469360501,7.732733451,25.469360501,7.732733451,0.000000000,1
1700.631642103,44,40,226,11.399542052,25.469360501,7.732733451,25.469360501,7.732733451,0.000000000,1
1701.669344187,44,40,218,10.976653687,25.469360501,7.732733451,25.469360501,7.732733451,0.000000000,1
1702.690859079,44,40,205,10.323608874,25.469360501,7.732733451,25.469360501,7.732733451,0.000000000,1
1703.716022730,44,40,196,9.873249295,25.469360501,7.732733451,25.469360501,7.732733451,0.000000000,1
1704.750383377,44,40,185,9.356681846,25.469360501,7.732733451,25.469360501,7.732733451,0.000000000,1
1705.811594486,44,40,175,8.850880169,25.469360501,7.732733451,25.469360501,7.732733451,0.000000000,1
1706.832828760,44,40,169,8.561522481,25.469360501,7.732733451,25.469360501,7.732733451,0.000000000,1
1707.475264549,45,40,12,0.699450694,32.619914889,7.182811749,25.469360501,7.732733451,7.171669397,0
1708.394897223,46,40,157,7.961494084,25.469360501,7.732733451,25.469360501,7.732733451,0.000000000,1
1709.424470901,46,40,149,7.561370292,25.469360501,7.732733451,25.469360501,7.732733451,0.000000000,1
1710.454383135,46,40,139,7.050645866,25.469360501,7.732733451,25.469360501,7.732733451,0.000000000,1
1711.489651203,46,40,130,6.568483347,25.469360501,7.732733451,25.469360501,7.732733451,0.000000000,1
1712.570647478,46,40,119,6.051181149,25.469360501,7.732733451,25.469360501,7.732733451,0.000000000,1
1713.807138443,46,40,107,5.451000365,25.469360501,7.732733451,25.469360501,7.732733451,0.000000000,1
1714.813264608,46,40,102,5.167891089,25.469360501,7.732733451,25.469360501,7.732733451,0.000000000,1
1715.827111244,46,40,91,4.658396018,25.469360501,7.732733451,25.469360501,7.732733451,0.000000000,1
1716.860832691,46,40,82,4.166656777,25.469360501,7.732733451,25.469360501,7.732733451,0.000000000,1
1717.899169207,46,40,71,3.656213207,25.469360501,7.732733451,25.469360501,7.732733451,0.000000000,1
1718.912703514,46,40,59,3.039473671,25.469360501,7.732733451,25.469360501,7.732733451,0.000000000,1
1719.925153971,46,40,49,2.550736967,25.469360501,7.732733451,25.469360501,7.732733451,0.000000000,1
1720.941756964,46,40,40,2.082880388,25.469360501,7.732733451,25.469360501,7.732733451,0.000000000,1
1722.350879908,47,40,29,1.529312972,25.469360501,7.732733451,nan,nan,nan,0
1723.379339933,47,40,21,1.139945853,25.469360501,7.732733451,nan,nan,nan,0
1724.411414146,47,40,16,0.892885124,25.469360501,7.732733451,nan,nan,nan,0
1725.448724747,47,40,13,0.724029928,25.469360501,7.732733451,nan,nan,nan,0
1726.470834732,47,40,7,0.445754893,25.469360501,7.732733451,nan,nan,nan,0
1732.259335279,48,41,791,39.627942034,18.969366783,-11.067058007,18.969366783,-11.067058007,0.000000000,1
1733.062477350,48,41,787,39.458920805,18.969366783,-11.067058007,18.969366783,-11.067058007,0.000000000,1
1734.088984728,48,41,786,39.380029647,18.969366783,-11.067058007,18.969366783,-11.067058007,0.000000000,1
1735.121692419,48,41,785,39.336100333,18.969366783,-11.067058007,18.969366783,-11.067058007,0.000000000,1
1736.150995731,48,41,774,38.787333713,18.969366783,-11.067058007,18.969366783,-11.067058007,0.000000000,1
1737.181522369,48,41,763,38.255550497,18.969366783,-11.067058007,18.969366783,-11.067058007,0.000000000,1
1738.240237236,48,41,754,37.779271042,18.969366783,-11.067058007,18.969366783,-11.067058007,0.000000000,1
1739.234205246,48,41,743,37.256641251,18.969366783,-11.067058007,18.969366783,-11.067058007,0.000000000,1
1740.292408705,48,41,734,36.779275809,18.969366783,-11.067058007,18.969366783,-11.067058007,0.000000000,1
1741.287751198,48,41,723,36.256653549,18.969366783,-11.067058007,18.969366783,-11.067058007,0.000000000,1
1742.322118521,48,41,714,35.774951448,18.969366783,-11.067058007,18.969366783,-11.067058007,0.000000000,1
1742.813999653,48,41,710,35.610880480,18.969366783,-11.067058007,18.969366783,-11.067058007,0.000000000,1
1743.814504862,48,41,703,35.214596500,18.969366783,-11.067058007,18.969366783,-11.067058007,0.000000000,1
1744.879408121,48,41,691,34.656721255,18.969366783,-11.067058007,18.969366783,-11.067058007,0.000000000,1
1745.936599970,48,41,682,34.207952173,18.969366783,-11.067058007,18.969366783,-11.067058007,0.000000000,1
1746.959073067,48,41,670,33.589975597,18.969366783,-11.067058007,18.969366783,-11.067058007,0.000000000,1
1747.964941025,48,41,660,33.066072849,18.969366783,-11.067058007,18.969366783,-11.067058007,0.000000000,1
1748.962715864,48,41,649,32.548833756,18.969366783,-11.067058007,18.969366783,-11.067058007,0.000000000,1
1750.026242018,48,41,639,32.046133649,18.969366783,-11.067058007,18.969366783,-11.067058007,0.000000000,1
1750.461235285,49,41,13,0.734004571,33.853369690,7.182585210,18.969366783,-11.067058007,23.549586410,0
1751.494821787,49,41,7,0.434004567,33.853369690,7.182585210,18.969366783,-11.067058007,23.549586410,0
1751.649512768,50,41,629,31.554853433,18.969366783,-11.067058007,18.969366783,-11.067058007,0.000000000,1
1752.641656399,50,41,620,31.065362512,18.969366783,-11.067058007,18.969366783,-11.067058007,0.000000000,1
1753.669448614,50,41,611,30.642871589,18.969366783,-11.067058007,18.969366783,-11.067058007,0.000000000,1
1754.744377375,50,41,601,30.123591329,18.969366783,-11.067058007,18.969366783,-11.067058007,0.000000000,1
1755.725672960,50,41,591,29.645806089,18.969366783,-11.067058007,18.969366783,-11.067058007,0.000000000,1
1756.830929041,50,41,577,28.961776322,18.969366783,-11.067058007,18.969366783,-11.067058007,0.000000000,1
1757.774232149,50,41,568,28.525287450,18.969366783,-11.067058007,18.969366783,-11.067058007,0.000000000,1
1758.791373730,50,41,559,28.104921642,18.969366783,-11.067058007,18.969366783,-11.067058007,0.000000000,1
1759.822886229,50,41,549,27.531992665,18.969366783,-11.067058007,18.969366783,-11.067058007,0.000000000,1
1760.851407290,50,41,538,27.017280442,18.969366783,-11.067058007,18.969366783,-11.067058007,0.000000000,1
1761.895439625,50,41,528,26.565348048,18.969366783,-11.067058007,18.969366783,-11.067058007,0.000000000,1
1762.896702528,50,41,518,26.064909216,18.969366783,-11.067058007,18.969366783,-11.067058007,0.000000000,1
1763.920474768,50,41,507,25.550703656,18.969366783,-11.067058007,18.969366783,-11.067058007,0.000000000,1
1764.961848021,50,41,497,24.938827416,18.969366783,-11.067058007,18.969366783,-11.067058007,0.000000000,1
1766.081438541,50,41,487,24.510559481,18.969366783,-11.067058007,18.969366783,-11.067058007,0.000000000,1
1767.019810677,50,41,476,24.002246367,18.969366783,-11.067058007,18.969366783,-11.067058007,0.000000000,1
1768.027002335,50,41,467,23.422174450,18.969366783,-11.067058007,18.969366783,-11.067058007,0.000000000,1
1769.084572792,50,41,457,23.017467965,18.969366783,-11.067058007,18.969366783,-11.067058007,0.000000000,1
1770.086845398,50,41,446,22.468171376,18.969366783,-11.067058007,18.969366783,-11.067058007,0.000000000,1
1771.160935640,50,41,437,22.023093908,18.969366783,-11.067058007,18.969366783,-11.067058007,0.000000000,1
1772.131420135,50,41,425,21.422158653,18.969366783,-11.067058007,18.969366783,-11.067058007,0.000000000,1
1773.150350094,50,41,414,20.871891118,18.969366783,-11.067058007,18.969366783,-11.067058007,0.000000000,1
1774.206592560,50,41,404,20.299411844,18.969366783,-11.067058007,18.969366783,-11.067058007,0.000000000,1
1775.250621319,50,41,395,19.829118141,18.969366783,-11.067058007,18.969366783,-11.067058007,0.000000000,1
1776.231318951,50,41,384,19.303665572,18.969366783,-11.067058007,18.969366783,-11.067058007,0.000000000,1
1777.260758638,50,41,375,18.904993339,18.969366783,-11.067058007,18.969366783,-11.067058007,0.000000000,1
1778.290170908,50,41,364,18.313919029,18.969366783,-11.067058007,18.969366783,-11.067058007,0.000000000,1
1778.816923380,50,41,361,18.211302716,18.969366783,-11.067058007,18.969366783,-11.067058007,0.000000000,1
1779.851731539,50,41,353,17.827716530,18.969366783,-11.067058007,18.969366783,-11.067058007,0.000000000,1
1780.473433971,51,41,15,0.826375280,26.851000902,-0.721585008,18.969366783,-11.067058007,13.005728275,0
1781.493297338,51,41,7,0.426375274,26.851000902,-0.721585008,18.969366783,-11.067058007,13.005728275,0
1781.549179792,52,41,341,17.226290858,18.969366783,-11.067058007,18.969366783,-11.067058007,0.000000000,1
1782.823050737,52,41,331,16.667008177,18.969366783,-11.067058007,18.969366783,-11.067058007,0.000000000,1
1783.813155890,52,41,323,16.257861570,18.969366783,-11.067058007,18.969366783,-11.067058007,0.000000000,1
1784.456888199,53,41,12,0.622415639,26.566027753,-2.110774940,18.969366783,-11.067058007,11.744116155,0
1785.386044979,54,41,341,17.196393980,18.969366783,-11.067058007,18.969366783,-11.067058007,0.000000000,1
1786.410162926,54,41,331,16.692359818,18.969366783,-11.067058007,18.969366783,-11.067058007,0.000000000,1
1787.466694355,54,41,323,16.264792888,18.969366783,-11.067058007,18.969366783,-11.067058007,0.000000000,1
1788.474920511,54,41,312,15.720054253,18.969366783,-11.067058007,18.969366783,-11.067058007,0.000000000,1
1789.535951138,54,41,302,15.259121561,18.969366783,-11.067058007,18.969366783,-11.067058007,0.000000000,1
1790.531151533,54,41,289,14.575427234,18.969366783,-11.067058007,18.969366783,-11.067058007,0.000000000,1
1791.579221964,54,41,280,14.127274080,18.969366783,-11.067058007,18.969366783,-11.067058007,0.000000000,1
1792.572200060,54,41,267,13.487348059,18.969366783,-11.067058007,18.969366783,-11.067058007,0.000000000,1
1793.797627926,54,41,258,13.038928484,18.969366783,-11.067058007,18.969366783,-11.067058007,0.000000000,1
1794.653126717,54,41,226,11.401503459,18.969366783,-11.067058007,18.969366783,-11.067058007,0.000000000,1
1795.697322607,54,41,216,10.866759646,18.969366783,-11.067058007,18.969366783,-11.067058007,0.000000000,1
1796.701854229,54,41,205,10.329396480,18.969366783,-11.067058007,18.969366783,-11.067058007,0.000000000,1
1797.727017164,54,41,194,9.790311607,18.969366783,-11.067058007,18.969366783,-11.067058007,0.000000000,1
1798.757837296,54,41,185,9.342883548,18.969366783,-11.067058007,18.969366783,-11.067058007,0.000000000,1
1799.764973164,54,41,174,8.799456960,18.969366783,-11.067058007,18.969366783,-11.067058007,0.000000000,1
1800.822962999,54,41,164,8.315836182,18.969366783,-11.067058007,18.969366783,-11.067058007,0.000000000,1
1801.817066431,54,41,178,9.031449478,18.969366783,-11.067058007,18.969366783,-11.067058007,0.000000000,1
1802.858765841,54,41,169,8.580543110,18.969366783,-11.067058007,18.969366783,-11.067058007,0.000000000,1
1803.884051323,54,41,157,7.986416107,18.969366783,-11.067058007,18.969366783,-11.067058007,0.000000000,1
1804.939309120,54,41,147,7.493189333,18.969366783,-11.067058007,18.969366783,-11.067058007,0.000000000,1
1805.937941551,54,41,140,7.157690506,18.969366783,-11.067058007,18.969366783,-11.067058007,0.000000000,1
1806.945301533,54,41,111,5.638549556,18.969366783,-11.067058007,18.969366783,-11.067058007,0.000000000,1
1807.763648272,54,41,100,5.270704002,18.969366783,-11.067058007,18.969366783,-11.067058007,0.000000000,1
1808.810408115,54,41,79,4.209375329,18.969366783,-11.067058007,18.969366783,-11.067058007,0.000000000,1
1822.154617071,56,43,579,29.057268908,25.469359656,-7.862737683,25.469359656,-7.862737683,0.000000000,1
1822.565405369,56,43,573,28.746386454,25.469359656,-7.862737683,25.469359656,-7.862737683,0.000000000,1
1823.808800220,56,43,567,28.459009119,25.469359656,-7.862737683,25.469359656,-7.862737683,0.000000000,1
1824.822883844,56,43,561,28.148710667,25.469359656,-7.862737683,25.469359656,-7.862737683,0.000000000,1
1825.993505239,56,43,553,27.738912228,25.469359656,-7.862737683,25.469359656,-7.862737683,0.000000000,1
1826.898267031,56,43,547,27.443677238,25.469359656,-7.862737683,25.469359656,-7.862737683,0.000000000,1
1827.932230473,56,43,539,27.047035266,25.469359656,-7.862737683,25.469359656,-7.862737683,0.000000000,1
1828.959867716,56,43,535,26.813133276,25.469359656,-7.862737683,25.469359656,-7.862737683,0.000000000,1
1829.974049568,56,43,526,26.407681737,25.469359656,-7.862737683,25.469359656,-7.862737683,0.000000000,1
1831.002158642,56,43,519,26.038850171,25.469359656,-7.862737683,25.469359656,-7.862737683,0.000000000,1
1832.038500547,56,43,514,25.763418336,25.469359656,-7.862737683,25.469359656,-7.862737683,0.000000000,1
1833.093090296,56,43,506,25.367756058,25.469359656,-7.862737683,25.469359656,-7.862737683,0.000000000,1
1834.109066010,56,43,499,25.063165943,25.469359656,-7.862737683,25.469359656,-7.862737683,0.000000000,1
1835.150278330,56,43,491,24.626352979,25.469359656,-7.862737683,25.469359656,-7.862737683,0.000000000,1
1836.178278208,56,43,484,24.276954570,25.469359656,-7.862737683,25.469359656,-7.862737683,0.000000000,1
1837.165042877,56,43,476,23.918498587,25.469359656,-7.862737683,25.469359656,-7.862737683,0.000000000,1
1838.219543219,56,43,471,23.641405857,25.469359656,-7.862737683,25.469359656,-7.862737683,0.000000000,1
1839.221323729,56,43,469,23.544981011,25.469359656,-7.862737683,25.469359656,-7.862737683,0.000000000,1
1840.245724916,56,43,469,23.538621856,25.469359656,-7.862737683,25.469359656,-7.862737683,0.000000000,1
1841.310835361,56,43,459,23.041406418,25.469359656,-7.862737683,25.469359656,-7.862737683,0.000000000,1
1842.330754757,56,43,449,22.538623270,25.469359656,-7.862737683,25.469359656,-7.862737683,0.000000000,1
1843.326742649,56,43,439,22.041408812,25.469359656,-7.862737683,25.469359656,-7.862737683,0.000000000,1
1844.374189854,56,43,429,21.538627626,25.469359656,-7.862737683,25.469359656,-7.862737683,0.000000000,1
1845.389837980,56,43,419,21.041415349,25.469359656,-7.862737683,25.469359656,-7.862737683,0.000000000,1
1846.443822145,56,43,407,20.441422555,25.469359656,-7.862737683,25.469359656,-7.862737683,0.000000000,1
1847.446586609,56,43,401,20.117343763,25.469359656,-7.862737683,25.469359656,-7.862737683,0.000000000,1
1848.495559454,56,43,389,19.517359118,25.469359656,-7.862737683,25.469359656,-7.862737683,0.000000000,1
1849.503784895,56,43,379,19.015606135,25.469359656,-7.862737683,25.469359656,-7.862737683,0.000000000,1
1850.541406870,56,43,369,18.517404453,25.469359656,-7.862737683,25.469359656,-7.862737683,0.000000000,1
1851.558878899,56,43,359,18.015235127,25.469359656,-7.862737683,25.469359656,-7.862737683,0.000000000,1
1852.589498043,56,43,349,17.517059770,25.469359656,-7.862737683,25.469359656,-7.862737683,0.000000000,1
1853.611018658,56,43,337,16.917152323,25.469359656,-7.862737683,25.469359656,-7.862737683,0.000000000,1
1854.656836271,56,43,327,16.415490114,25.469359656,-7.862737683,25.469359656,-7.862737683,0.000000000,1
1855.654140472,56,43,317,15.917407070,25.469359656,-7.862737683,25.469359656,-7.862737683,0.000000000,1
1856.678188801,56,43,307,15.415112478,25.469359656,-7.862737683,25.469359656,-7.862737683,0.000000000,1
1857.723468781,56,43,297,14.917144878,25.469359656,-7.862737683,25.469359656,-7.862737683,0.000000000,1
1858.731165171,56,43,287,14.415732382,25.469359656,-7.862737683,25.469359656,-7.862737683,0.000000000,1
1859.822769403,56,43,277,13.917992931,25.469359656,-7.862737683,25.469359656,-7.862737683,0.000000000,1
1860.827550411,56,43,267,13.367989127,25.469359656,-7.862737683,25.469359656,-7.862737683,0.000000000,1
1861.823875189,56,43,258,12.879586563,25.469359656,-7.862737683,25.469359656,-7.862737683,0.000000000,1
1862.822669029,56,43,246,12.283764781,25.469359656,-7.862737683,25.469359656,-7.862737683,0.000000000,1
1863.881527424,56,43,235,11.770037001,25.469359656,-7.862737683,25.469359656,-7.862737683,0.000000000,1
1864.902977467,56,43,225,11.262180202,25.469359656,-7.862737683,25.469359656,-7.862737683,0.000000000,1
1865.902630806,56,43,216,10.810104177,25.469359656,-7.862737683,25.469359656,-7.862737683,0.000000000,1
1866.927414656,56,43,207,10.345961718,25.469359656,-7.862737683,25.469359656,-7.862737683,0.000000000,1
1867.979053020,56,43,196,9.788362433,25.469359656,-7.862737683,25.469359656,-7.862737683,0.000000000,1
1869.007587671,56,43,185,9.275119358,25.469359656,-7.862737683,25.469359656,-7.862737683,0.000000000,1
1870.008679152,56,43,175,8.774210880,25.469359656,-7.862737683,25.469359656,-7.862737683,0.000000000,1
1871.073494673,56,43,165,8.258393522,25.469359656,-7.862737683,25.469359656,-7.862737683,0.000000000,1
1872.059277058,56,43,155,7.757014310,25.469359656,-7.862737683,25.469359656,-7.862737683,0.000000000,1
1872.513410568,57,43,13,0.731518566,31.987880399,-7.406206627,25.469359656,-7.862737683,6.534487989,0
1873.542882204,57,43,7,0.431518561,31.987880399,-7.406206627,25.469359656,-7.862737683,6.534487989,0
1873.702339411,58,43,143,7.157742001,25.469359656,-7.862737683,25.469359656,-7.862737683,0.000000000,1
1874.759802341,58,43,135,6.757181506,25.469359656,-7.862737683,25.469359656,-7.862737683,0.000000000,1
1875.745393276,58,43,125,6.260328686,25.469359656,-7.862737683,25.469359656,-7.862737683,0.000000000,1
1876.766481876,58,43,115,5.756762918,25.469359656,-7.862737683,25.469359656,-7.862737683,0.000000000,1
1877.843618155,58,43,105,5.260010330,25.469359656,-7.862737683,25.469359656,-7.862737683,0.000000000,1
1878.827570677,58,43,95,4.762401119,25.469359656,-7.862737683,25.469359656,-7.862737683,0.000000000,1
1879.845653296,58,43,85,4.265852879,25.469359656,-7.862737683,25.469359656,-7.862737683,0.000000000,1
1880.872336626,58,43,75,3.765484905,25.469359656,-7.862737683,25.469359656,-7.862737683,0.000000000,1
1881.930165291,58,43,65,3.256283887,25.469359656,-7.862737683,25.469359656,-7.862737683,0.000000000,1
1882.973314285,58,43,55,2.771074433,25.469359656,-7.862737683,25.469359656,-7.862737683,0.000000000,1
1883.925475597,58,43,45,2.260815762,25.469359656,-7.862737683,25.469359656,-7.862737683,0.000000000,1
1884.804869890,58,43,37,1.838703534,25.469359656,-7.862737683,25.469359656,-7.862737683,0.000000000,1
1891.457769871,59,44,710,35.476951064,45.469421525,12.045948587,45.469421525,12.045948587,0.000000000,1
1892.280317307,59,44,706,35.290301017,45.469421525,12.045948587,45.469421525,12.045948587,0.000000000,1
1893.299743891,59,44,697,34.866981534,45.469421525,12.045948587,45.469421525,12.045948587,0.000000000,1
1894.363388062,59,44,691,34.566398904,45.469421525,12.045948587,45.469421525,12.045948587,0.000000000,1
1894.888900280,59,44,687,34.366543078,45.469421525,12.045948587,45.469421525,12.045948587,0.000000000,1
1895.906717777,59,44,683,34.159918284,45.469421525,12.045948587,45.469421525,12.045948587,0.000000000,1
1896.893747568,59,44,675,33.759941271,45.469421525,12.045948587,45.469421525,12.045948587,0.000000000,1
1897.517431259,60,44,12,0.689224253,29.008645523,-7.404051703,45.469421525,12.045948587,25.480574127,0
1898.535434723,60,44,6,0.389224249,29.008645523,-7.404051703,45.469421525,12.045948587,25.480574127,0
1898.918389797,61,44,668,33.374063602,45.469421525,12.045948587,45.469421525,12.045948587,0.000000000,1
1899.821133614,61,44,659,32.962596957,45.469421525,12.045948587,45.469421525,12.045948587,0.000000000,1
1900.808197021,61,44,651,32.550687050,45.469421525,12.045948587,45.469421525,12.045948587,0.000000000,1
1901.867123604,61,44,645,32.234430640,45.469421525,12.045948587,45.469421525,12.045948587,0.000000000,1
1902.870532751,61,44,640,31.974349664,45.469421525,12.045948587,45.469421525,12.045948587,0.000000000,1
1903.905445099,61,44,631,31.527481748,45.469421525,12.045948587,45.469421525,12.045948587,0.000000000,1
1904.965721369,61,44,623,31.154000146,45.469421525,12.045948587,45.469421525,12.045948587,0.000000000,1
1905.937312365,61,44,615,30.749797022,45.469421525,12.045948587,45.469421525,12.045948587,0.000000000,1
1906.980053902,61,44,609,30.426856049,45.469421525,12.045948587,45.469421525,12.045948587,0.000000000,1
1908.012917757,61,44,603,30.134903508,45.469421525,12.045948587,45.469421525,12.045948587,0.000000000,1
1908.874243975,61,44,599,29.928678159,45.469421525,12.045948587,45.469421525,12.045948587,0.000000000,1
1909.933182001,61,44,595,29.734054826,45.469421525,12.045948587,45.469421525,12.045948587,0.000000000,1
1910.888756037,61,44,587,29.350387488,45.469421525,12.045948587,45.469421525,12.045948587,0.000000000,1
1911.937991142,61,44,580,28.986483999,45.469421525,12.045948587,45.469421525,12.045948587,0.000000000,1
1912.965296268,61,44,572,28.606803967,45.469421525,12.045948587,45.469421525,12.045948587,0.000000000,1
1914.037274122,61,44,566,28.275294413,45.469421525,12.045948587,45.469421525,12.045948587,0.000000000,1
1915.006876707,61,44,560,28.018600572,45.469421525,12.045948587,45.469421525,12.045948587,0.000000000,1
1916.111400604,61,44,550,27.515350883,45.469421525,12.045948587,45.469421525,12.045948587,0.000000000,1
1917.051401615,61,44,546,27.315226008,45.469421525,12.045948587,45.469421525,12.045948587,0.000000000,1
1918.072986841,61,44,544,27.196897233,45.469421525,12.045948587,45.469421525,12.045948587,0.000000000,1
1919.130561829,61,44,541,27.050944547,45.469421525,12.045948587,45.469421525,12.045948587,0.000000000,1
1920.165223598,61,44,530,26.504160307,45.469421525,12.045948587,45.469421525,12.045948587,0.000000000,1
1921.152735710,61,44,522,26.094182329,45.469421525,12.045948587,45.469421525,12.045948587,0.000000000,1
1922.227301359,61,44,508,25.399273856,45.469421525,12.045948587,45.469421525,12.045948587,0.000000000,1
1923.214053631,61,44,499,24.955165414,45.469421525,12.045948587,45.469421525,12.045948587,0.000000000,1
1924.277897120,61,44,490,24.585982591,45.469421525,12.045948587,45.469421525,12.045948587,0.000000000,1
1925.268819571,61,44,480,24.063156063,45.469421525,12.045948587,45.469421525,12.045948587,0.000000000,1
1926.361670017,61,44,469,23.518788069,45.469421525,12.045948587,45.469421525,12.045948587,0.000000000,1
1927.348904371,61,44,459,23.015259535,45.469421525,12.045948587,45.469421525,12.045948587,0.000000000,1
1928.362370968,61,44,449,22.519099786,45.469421525,12.045948587,45.469421525,12.045948587,0.000000000,1
1929.395399094,61,44,437,21.919972339,45.469421525,12.045948587,45.469421525,12.045948587,0.000000000,1
1930.439742327,61,44,427,21.418015215,45.469421525,12.045948587,45.469421525,12.045948587,0.000000000,1
1931.439607859,61,44,418,20.979483337,45.469421525,12.045948587,45.469421525,12.045948587,0.000000000,1
1932.464349508,61,44,407,20.417276397,45.469421525,12.045948587,45.469421525,12.045948587,0.000000000,1
1933.523169756,61,44,396,19.902283640,45.469421525,12.045948587,45.469421525,12.045948587,0.000000000,1
1934.567835331,61,44,388,19.502086685,45.469421525,12.045948587,45.469421525,12.045948587,0.000000000,1
1935.562382936,61,44,377,18.945232235,45.469421525,12.045948587,45.469421525,12.045948587,0.000000000,1
1936.602523565,61,44,367,18.435658337,45.469421525,12.045948587,45.469421525,12.045948587,0.000000000,1
1937.594669342,61,44,357,17.938051400,45.469421525,12.045948587,45.469421525,12.045948587,0.000000000,1
1938.640059948,61,44,345,17.319927519,45.469421525,12.045948587,45.469421525,12.045948587,0.000000000,1
1939.648684263,61,44,337,16.906681860,45.469421525,12.045948587,45.469421525,12.045948587,0.000000000,1
1940.772611618,61,44,325,16.329964228,45.469421525,12.045948587,45.469421525,12.045948587,0.000000000,1
1941.715743542,61,44,313,15.731810401,45.469421525,12.045948587,45.469421525,12.045948587,0.000000000,1
1942.732689142,61,44,303,15.233135451,45.469421525,12.045948587,45.469421525,12.045948587,0.000000000,1
1943.784490108,61,44,293,14.731773815,45.469421525,12.045948587,45.469421525,12.045948587,0.000000000,1
1944.553896189,62,44,11,0.631331669,44.819512190,-1.488671025,45.469421525,12.045948587,13.550214396,0
1945.630509138,63,44,279,14.031234366,45.469421525,12.045948587,45.469421525,12.045948587,0.000000000,1
1946.828227282,63,44,271,13.631251777,45.469421525,12.045948587,45.469421525,12.045948587,0.000000000,1
1947.845621586,63,44,265,13.330009863,45.469421525,12.045948587,45.469421525,12.045948587,0.000000000,1
1948.588338137,64,44,12,0.678186814,44.819502217,-0.041815858,45.469421525,12.045948587,12.105223847,0
1949.579138279,64,44,6,0.378186810,44.819502217,-0.041815858,45.469421525,12.045948587,12.105223847,0
1949.628521204,65,44,251,12.631501420,45.469421525,12.045948587,45.469421525,12.045948587,0.000000000,1
1950.857939720,65,44,239,12.047246798,45.469421525,12.045948587,45.469421525,12.045948587,0.000000000,1
1951.904622555,65,44,234,11.725005254,45.469421525,12.045948587,45.469421525,12.045948587,0.000000000,1
1952.531973362,66,44,11,0.640448343,44.819386443,1.318298063,45.469421525,12.045948587,10.747326708,0
1953.171416283,67,44,223,11.210131771,45.469421525,12.045948587,45.469421525,12.045948587,0.000000000,1
1954.158213854,67,44,216,10.812121857,45.469421525,12.045948587,45.469421525,12.045948587,0.000000000,1
1955.186445475,67,44,207,10.416518393,45.469421525,12.045948587,45.469421525,12.045948587,0.000000000,1
1956.212827921,67,44,197,9.917284885,45.469421525,12.045948587,45.469421525,12.045948587,0.000000000,1
1957.236605883,67,44,185,9.318253013,45.469421525,12.045948587,45.469421525,12.045948587,0.000000000,1
1957.846868277,67,44,181,9.118637396,45.469421525,12.045948587,45.469421525,12.045948587,0.000000000,1
1958.863380194,67,44,173,8.719471139,45.469421525,12.045948587,45.469421525,12.045948587,0.000000000,1
1959.906497478,67,44,163,8.220636613,45.469421525,12.045948587,45.469421525,12.045948587,0.000000000,1
1960.920484543,67,44,153,7.722006485,45.469421525,12.045948587,45.469421525,12.045948587,0.000000000,1
1961.948902369,67,44,143,7.223615865,45.469421525,12.045948587,45.469421525,12.045948587,0.000000000,1
1963.017239571,67,44,133,6.725537271,45.469421525,12.045948587,45.469421525,12.045948587,0.000000000,1
1964.038816929,67,44,123,6.227820946,45.469421525,12.045948587,45.469421525,12.045948587,0.000000000,1
1965.020214081,67,44,113,5.730212205,45.469421525,12.045948587,45.469421525,12.045948587,0.000000000,1
1966.077710152,67,44,103,5.233460370,45.469421525,12.045948587,45.469421525,12.045948587,0.000000000,1
1967.081712008,67,44,93,4.737450579,45.469421525,12.045948587,45.469421525,12.045948587,0.000000000,1
1968.089331865,67,44,83,4.242359656,45.469421525,12.045948587,45.469421525,12.045948587,0.000000000,1
1969.112926245,67,44,71,3.650542841,45.469421525,12.045948587,45.469421525,12.045948587,0.000000000,1
1970.125232458,67,44,62,3.158826445,45.469421525,12.045948587,45.469421525,12.045948587,0.000000000,1
1971.141186237,67,44,52,2.670278465,45.469421525,12.045948587,45.469421525,12.045948587,0.000000000,1
1972.167833328,67,44,42,2.161336046,45.469421525,12.045948587,45.469421525,12.045948587,0.000000000,1
1973.196138144,67,44,32,1.613198250,45.469421525,12.045948587,45.469421525,12.045948587,0.000000000,1
1974.218398333,67,44,22,1.177411049,45.469421525,12.045948587,45.469421525,12.045948587,0.000000000,1
1975.249014139,67,44,15,0.822361227,45.469421525,12.045948587,45.469421525,12.045948587,0.000000000,1
1976.267340183,67,44,8,0.500622370,45.469421525,12.045948587,45.469421525,12.045948587,0.000000000,1
1982.018568993,68,45,544,27.357784618,37.169551124,7.227850153,37.169551124,7.227850153,0.000000000,1
1982.827612162,68,45,540,27.154746931,37.169551124,7.227850153,37.169551124,7.227850153,0.000000000,1
1983.921539545,68,45,534,26.856012994,37.169551124,7.227850153,37.169551124,7.227850153,0.000000000,1
1984.912843704,68,45,535,26.837719223,37.169551124,7.227850153,37.169551124,7.227850153,0.000000000,1
1985.963921070,68,45,530,26.656012581,37.169551124,7.227850153,37.169551124,7.227850153,0.000000000,1
1986.964943886,68,45,519,26.149112256,37.169551124,7.227850153,37.169551124,7.227850153,0.000000000,1
1988.012338877,68,45,510,25.656018071,37.169551124,7.227850153,37.169551124,7.227850153,0.000000000,1
1989.000688314,68,45,499,25.149124030,37.169551124,7.227850153,37.169551124,7.227850153,0.000000000,1
1990.034362555,68,45,490,24.656034906,37.169551124,7.227850153,37.169551124,7.227850153,0.000000000,1
1991.067202568,68,45,479,24.149149331,37.169551124,7.227850153,37.169551124,7.227850153,0.000000000,1
1992.262726545,68,45,470,23.656073856,37.169551124,7.227850153,37.169551124,7.227850153,0.000000000,1
1993.214536905,68,45,459,23.149208206,37.169551124,7.227850153,37.169551124,7.227850153,0.000000000,1
1994.146370888,68,45,450,22.656159500,37.169551124,7.227850153,37.169551124,7.227850153,0.000000000,1
1995.229780912,68,45,439,22.149332563,37.169551124,7.227850153,37.169551124,7.227850153,0.000000000,1
1996.246294975,68,45,430,21.656335590,37.169551124,7.227850153,37.169551124,7.227850153,0.000000000,1
1997.227746964,68,45,418,21.056518149,37.169551124,7.227850153,37.169551124,7.227850153,0.000000000,1
1998.281986952,68,45,407,20.549839568,37.169551124,7.227850153,37.169551124,7.227850153,0.000000000,1
1998.851271629,68,45,403,20.349949780,37.169551124,7.227850153,37.169551124,7.227850153,0.000000000,1
1999.866112232,68,45,395,19.950215279,37.169551124,7.227850153,37.169551124,7.227850153,0.000000000,1
2000.468774319,69,45,13,0.746708459,45.017421114,3.431190245,37.169551124,7.227850153,8.718009511,0
2001.259066343,70,45,383,19.350760844,37.169551124,7.227850153,37.169551124,7.227850153,0.000000000,1
2002.282480955,70,45,375,18.951247053,37.169551124,7.227850153,37.169551124,7.227850153,0.000000000,1
2002.829399586,70,45,371,18.751535591,37.169551124,7.227850153,37.169551124,7.227850153,0.000000000,1
2003.853796721,70,45,366,18.458935971,37.169551124,7.227850153,37.169551124,7.227850153,0.000000000,1
2004.462823153,71,45,14,0.755716518,45.013221895,1.822494237,37.169551124,7.227850153,9.525809348,0
2005.442545891,72,45,353,17.715845079,37.169551124,7.227850153,37.169551124,7.227850153,0.000000000,1
2006.499098301,72,45,347,17.427214537,37.169551124,7.227850153,37.169551124,7.227850153,0.000000000,1
2007.577993393,72,45,337,16.918603450,37.169551124,7.227850153,37.169551124,7.227850153,0.000000000,1
2008.522285223,72,45,325,16.322248334,37.169551124,7.227850153,37.169551124,7.227850153,0.000000000,1
2009.548513651,72,45,315,15.836945751,37.169551124,7.227850153,37.169551124,7.227850153,0.000000000,1
2010.569388151,72,45,306,15.309161098,37.169551124,7.227850153,37.169551124,7.227850153,0.000000000,1
2011.626414537,72,45,297,14.868137639,37.169551124,7.227850153,37.169551124,7.227850153,0.000000000,1
2012.629524708,72,45,287,14.360273904,37.169551124,7.227850153,37.169551124,7.227850153,0.000000000,1
2013.927645445,72,45,275,13.766317602,37.169551124,7.227850153,37.169551124,7.227850153,0.000000000,1
2014.952563286,72,45,266,13.413356186,37.169551124,7.227850153,37.169551124,7.227850153,0.000000000,1
2015.529932261,73,45,17,0.884082449,43.754255886,-2.434668310,37.169551124,7.227850153,11.692843959,0
2016.547621965,73,45,10,0.550964673,43.754255886,-2.434668310,37.169551124,7.227850153,11.692843959,0
2016.934188843,74,45,255,12.823201677,37.169551124,7.227850153,37.169551124,7.227850153,0.000000000,1
2017.971601009,74,45,251,12.571132053,37.169551124,7.227850153,37.169551124,7.227850153,0.000000000,1
2018.991319180,74,45,236,11.814344001,37.169551124,7.227850153,37.169551124,7.227850153,0.000000000,1
2020.028205633,74,45,225,11.315252496,37.169551124,7.227850153,37.169551124,7.227850153,0.000000000,1
2021.121563435,74,45,215,10.833080383,37.169551124,7.227850153,37.169551124,7.227850153,0.000000000,1
2021.822315693,74,45,209,10.451836855,37.169551124,7.227850153,37.169551124,7.227850153,0.000000000,1
2022.944454908,74,45,201,10.051432751,37.169551124,7.227850153,37.169551124,7.227850153,0.000000000,1
2023.871511698,74,45,190,9.509525746,37.169551124,7.227850153,37.169551124,7.227850153,0.000000000,1
2024.900485516,74,45,180,9.085802550,37.169551124,7.227850153,37.169551124,7.227850153,0.000000000,1
2025.593741894,75,45,15,0.832179210,41.869705329,1.391100360,37.169551124,7.227850153,7.493937396,0
2026.621898413,75,45,9,0.512367875,41.869705329,1.391100360,37.169551124,7.227850153,7.493937396,0
2027.086389780,76,45,166,8.315421007,37.169551124,7.227850153,37.169551124,7.227850153,0.000000000,1
2028.099573612,76,45,159,8.027123391,37.169551124,7.227850153,37.169551124,7.227850153,0.000000000,1
2029.151118994,76,45,149,7.468991042,37.169551124,7.227850153,37.169551124,7.227850153,0.000000000,1
2030.141372681,76,45,138,6.913950488,37.169551124,7.227850153,37.169551124,7.227850153,0.000000000,1
2031.173257113,76,45,127,6.512343632,37.169551124,7.227850153,37.169551124,7.227850153,0.000000000,1
2032.205027580,76,45,116,5.929412151,37.169551124,7.227850153,37.169551124,7.227850153,0.000000000,1
2033.226088047,76,45,109,5.460077843,37.169551124,7.227850153,37.169551124,7.227850153,0.000000000,1
2034.250005245,76,45,97,4.875860416,37.169551124,7.227850153,37.169551124,7.227850153,0.000000000,1
2035.281777620,76,45,88,4.423650421,37.169551124,7.227850153,37.169551124,7.227850153,0.000000000,1
2036.311190128,76,45,77,3.848644687,37.169551124,7.227850153,37.169551124,7.227850153,0.000000000,1
2037.369956017,76,45,66,3.326570378,37.169551124,7.227850153,37.169551124,7.227850153,0.000000000,1
2038.371902704,76,45,57,2.853963994,37.169551124,7.227850153,37.169551124,7.227850153,0.000000000,1
2039.411863089,76,45,47,2.353178012,37.169551124,7.227850153,37.169551124,7.227850153,0.000000000,1
2040.436480045,76,45,35,1.879874785,37.169551124,7.227850153,37.169551124,7.227850153,0.000000000,1
2041.494615793,76,45,27,1.344085007,37.169551124,7.227850153,37.169551124,7.227850153,0.000000000,1
2042.485489845,76,45,18,0.918512441,37.169551124,7.227850153,37.169551124,7.227850153,0.000000000,1
2043.512882710,76,45,11,0.573853424,37.169551124,7.227850153,37.169551124,7.227850153,0.000000000,1
