scope,outer_heldout,inner_heldout,run_id,decision_id,decision_index,score_area,score_topo,u_hat,Y_area_severe,Y_topo_severe,T2b_evaluable,U3_cells,U3_evaluable
OUTER_TRAINING_INNER,mpx_001,mpx_002,mpx_002,3,3,0.8744137125697856,0.9461787358023643,10845.58041549659,1,1,1,15128.000000000002,1
OUTER_TRAINING_INNER,mpx_001,mpx_002,mpx_002,4,4,0.8023909873447846,0.915121195570144,9341.685957240881,1,,0,15646.0,1
OUTER_TRAINING_INNER,mpx_001,mpx_002,mpx_002,5,5,0.7443747738361484,0.8958767994715903,8354.655699078863,1,1,1,15116.999999999998,1
OUTER_TRAINING_INNER,mpx_001,mpx_002,mpx_002,6,6,0.7539006719072558,0.9134130762826357,8073.079778046038,1,,0,11099.999999999998,1
OUTER_TRAINING_INNER,mpx_001,mpx_002,mpx_002,7,7,0.70191090284201,0.9251910154750504,6580.668087678928,1,1,1,4104.999999999998,1
OUTER_TRAINING_INNER,mpx_001,mpx_002,mpx_002,8,8,0.6135393606068366,0.8687299562784034,6073.21344866402,1,,0,4837.000000000002,1
OUTER_TRAINING_INNER,mpx_001,mpx_002,mpx_002,9,9,0.5563483906151722,0.8571285039275804,5270.97543459613,1,1,1,5665.000000000001,1
OUTER_TRAINING_INNER,mpx_001,mpx_002,mpx_002,10,10,0.5143411372451162,0.8282807377809969,4961.203750827811,1,1,1,5517.000000000001,1
OUTER_TRAINING_INNER,mpx_001,mpx_002,mpx_002,11,11,0.517854975121642,0.8576994983064796,4608.867339922977,1,,0,5848.999999999999,1
OUTER_TRAINING_INNER,mpx_001,mpx_002,mpx_002,12,12,0.5516960762029888,0.9015355891415411,4354.0674446484445,1,,0,4123.999999999999,1
OUTER_TRAINING_INNER,mpx_001,mpx_002,mpx_002,13,13,0.4810879491211887,0.8514532619633746,4008.059400104265,1,,0,3666.0000000000014,1
OUTER_TRAINING_INNER,mpx_001,mpx_002,mpx_002,14,14,0.4142640678370979,0.8411603398204567,3100.410374318435,0,1,1,1594.000000000001,1
OUTER_TRAINING_INNER,mpx_001,mpx_002,mpx_002,15,15,0.4163776390838618,0.8522510685780224,2925.988191311353,0,1,1,2349.9999999999995,1
OUTER_TRAINING_INNER,mpx_001,mpx_002,mpx_002,16,16,0.37408537935616265,0.8234492768805591,2578.725777842872,0,,0,2031.999999999998,1
OUTER_TRAINING_INNER,mpx_001,mpx_002,mpx_002,17,17,0.34905183064844164,0.8049007335288614,2331.1436143402198,0,1,1,2430.999999999998,1
OUTER_TRAINING_INNER,mpx_001,mpx_002,mpx_002,18,18,0.3312476417443878,0.7863518927009582,2097.67748389487,0,1,1,955.9999999999984,1
OUTER_TRAINING_INNER,mpx_001,mpx_002,mpx_002,19,19,0.28596829901904874,0.7586913339354092,1509.3768295814737,0,,0,909.0000000000034,1
OUTER_TRAINING_INNER,mpx_001,mpx_002,mpx_002,20,20,0.23329131235114592,0.6467771135592528,1378.0911085126213,0,1,1,380.9999999999986,1
OUTER_TRAINING_INNER,mpx_001,mpx_002,mpx_002,21,21,0.20629875026008954,0.6011538583091578,1093.9162355329424,0,,0,127.99999999999929,1
OUTER_TRAINING_INNER,mpx_001,mpx_002,mpx_002,22,22,0.17641920172856024,0.5326930284942301,800.7270465050653,0,1,1,326.9999999999995,1
OUTER_TRAINING_INNER,mpx_001,mpx_002,mpx_002,23,23,0.1622125351855988,0.4999014558718457,626.8593887507745,0,1,1,309.0000000000036,1
OUTER_TRAINING_INNER,mpx_001,mpx_002,mpx_002,24,24,0.19269901976134862,0.562974493465866,929.7909142172954,0,,0,399.9999999999999,1
OUTER_TRAINING_INNER,mpx_001,mpx_002,mpx_002,25,25,0.14395447479761334,0.44063382119948374,413.5652144405353,0,,0,90.99999999999635,1
OUTER_TRAINING_INNER,mpx_001,mpx_002,mpx_002,26,26,0.12410050448681736,0.3977730507596323,84.86470607362085,0,,0,129.99999999999315,1
OUTER_TRAINING_INNER,mpx_001,mpx_002,mpx_002,27,27,0.12996810785948806,0.4068602049181079,187.33290440382558,0,,0,38.99999999999681,1
OUTER_TRAINING_INNER,mpx_001,mpx_002,mpx_002,28,28,0.13097243375966514,0.41284022983707813,149.1972624079478,0,0,1,40.999999999996355,1
OUTER_TRAINING_INNER,mpx_001,mpx_002,mpx_002,29,29,0.12341037942608664,0.3846928820911745,83.0605548296576,0,0,1,1.9999999999995448,1
OUTER_TRAINING_INNER,mpx_001,mpx_002,mpx_002,30,30,0.11094751615632208,0.35650437177187727,0.0,0,0,1,1.9999999999995448,1
OUTER_TRAINING_INNER,mpx_001,mpx_002,mpx_002,31,31,0.10758007162845142,0.3512577851019987,0.0,0,0,1,0.0,1
OUTER_TRAINING_INNER,mpx_001,mpx_002,mpx_002,32,32,0.10670750616775004,0.34964784578346725,0.0,0,0,1,0.0,1
OUTER_TRAINING_INNER,mpx_001,mpx_002,mpx_002,33,33,0.1058647243797082,0.34808375330405084,0.0,0,0,1,0.0,1
OUTER_TRAINING_INNER,mpx_001,mpx_002,mpx_002,34,34,0.10509699546133616,0.3467056778554449,0.0,0,0,1,0.0,1
OUTER_TRAINING_INNER,mpx_001,mpx_002,mpx_002,35,35,0.10435692052077172,0.3453711496912006,0.0,0,0,1,nan,0
OUTER_TRAINING_INNER,mpx_001,mpx_002,mpx_002,36,36,0.10364017778846751,0.3440733416621795,0.0,0,0,1,nan,0
OUTER_TRAINING_INNER,mpx_001,mpx_002,mpx_002,37,37,0.10294626352711685,0.3428116727990194,0.0,0,0,1,nan,0
OUTER_TRAINING_INNER,mpx_001,mpx_003,mpx_003,3,3,0.8749239800134762,0.9438921800863707,11417.880077058573,1,1,1,10673.0,1
OUTER_TRAINING_INNER,mpx_001,mpx_003,mpx_003,4,4,0.8180759502479471,0.9227142885734115,9999.713851527255,1,,0,5346.0,1
OUTER_TRAINING_INNER,mpx_001,mpx_003,mpx_003,5,5,0.7550829397948438,0.8955326597911294,8986.33922890155,1,1,1,6256.0,1
OUTER_TRAINING_INNER,mpx_001,mpx_003,mpx_003,6,6,0.7630238213636509,0.9066490506969149,8843.147257333665,1,1,1,5883.999999999999,1
OUTER_TRAINING_INNER,mpx_001,mpx_003,mpx_003,7,7,0.7331449093372893,0.8985160418981233,8253.382051835657,1,1,1,4840.000000000001,1
OUTER_TRAINING_INNER,mpx_001,mpx_003,mpx_003,8,8,0.6854918047815353,0.8815517586226548,7542.7365978055295,1,,0,8275.999999999998,1
OUTER_TRAINING_INNER,mpx_001,mpx_003,mpx_003,9,9,0.6406607774381835,0.8658976770772743,6950.282234362109,1,1,1,8792.0,1
OUTER_TRAINING_INNER,mpx_001,mpx_003,mpx_003,10,10,0.6570110728803648,0.8978416218296724,6557.056134829268,1,1,1,11184.000000000002,1
OUTER_TRAINING_INNER,mpx_001,mpx_003,mpx_003,11,11,0.6472662702343924,0.9062870168574381,5946.217526019081,1,1,1,6445.0000000000055,1
OUTER_TRAINING_INNER,mpx_001,mpx_003,mpx_003,12,12,0.5810658585131487,0.8547259771924943,5753.762863545129,1,1,1,5945.0,1
OUTER_TRAINING_INNER,mpx_001,mpx_003,mpx_003,13,13,0.5427288714511908,0.8553956398041274,5035.25377655501,1,,0,2718.000000000001,1
OUTER_TRAINING_INNER,mpx_001,mpx_003,mpx_003,14,14,0.4931537430018863,0.8406684804167758,4418.723607244294,1,1,1,2317.9999999999955,1
OUTER_TRAINING_INNER,mpx_001,mpx_003,mpx_003,15,15,0.45243107017946166,0.8190783269171675,3987.352958263045,1,1,1,3454.000000000004,1
OUTER_TRAINING_INNER,mpx_001,mpx_003,mpx_003,16,16,0.4283524220792455,0.7997077983318046,3802.320253665014,1,1,1,3705.9999999999977,1
OUTER_TRAINING_INNER,mpx_001,mpx_003,mpx_003,17,17,0.4679225655123458,0.8296015455152195,4006.8067739703283,1,1,1,2944.000000000001,1
OUTER_TRAINING_INNER,mpx_001,mpx_003,mpx_003,18,18,0.5073913567529365,0.8741714503425594,3876.055579161656,0,,0,2873.0,1
OUTER_TRAINING_INNER,mpx_001,mpx_003,mpx_003,19,19,0.4164014645586979,0.8153142402940199,3215.1462276994534,0,,0,3020.0000000000005,1
OUTER_TRAINING_INNER,mpx_001,mpx_003,mpx_003,20,20,0.3770610528368373,0.7870829665514074,2888.903239838732,0,,0,3369.0000000000005,1
OUTER_TRAINING_INNER,mpx_001,mpx_003,mpx_003,21,21,0.3312363672904823,0.7535996506412213,2377.3519272476183,0,1,1,1514.9999999999964,1
OUTER_TRAINING_INNER,mpx_001,mpx_003,mpx_003,22,22,0.33367770475930497,0.8012095797007652,1730.5295263167686,0,1,1,795.0000000000009,1
OUTER_TRAINING_INNER,mpx_001,mpx_003,mpx_003,23,23,0.2823458116783546,0.7172920389735686,1658.6583759543382,0,1,1,365.0000000000022,1
OUTER_TRAINING_INNER,mpx_001,mpx_003,mpx_003,24,24,0.226024986671399,0.6698988565319841,885.5062482771896,0,1,1,517.0000000000017,1
OUTER_TRAINING_INNER,mpx_001,mpx_003,mpx_003,25,25,0.1980452953974841,0.5736457895044473,990.3920597251456,0,1,1,536.9999999999972,1
OUTER_TRAINING_INNER,mpx_001,mpx_003,mpx_003,26,26,0.1837782363850413,0.5576533547995315,731.9821389094141,0,,0,536.9999999999972,1
OUTER_TRAINING_INNER,mpx_001,mpx_003,mpx_003,27,27,0.1730192721966203,0.5194765799492175,697.309100766045,0,1,1,154.99999999999883,1
OUTER_TRAINING_INNER,mpx_001,mpx_003,mpx_003,28,28,0.1460283943565952,0.4459781260288019,426.50337150034125,0,0,1,56.000000000004306,1
OUTER_TRAINING_INNER,mpx_001,mpx_003,mpx_003,29,29,0.14028799152013982,0.4423850361191794,230.5392483296745,0,0,1,209.00000000000358,1
OUTER_TRAINING_INNER,mpx_001,mpx_003,mpx_003,30,30,0.1359657616489184,0.3885340317468405,477.371788939075,0,0,1,228.99999999999903,1
OUTER_TRAINING_INNER,mpx_001,mpx_003,mpx_003,31,31,0.12524207440518254,0.3874346817739485,120.97405004890618,0,,0,172.99999999999474,1
OUTER_TRAINING_INNER,mpx_001,mpx_003,mpx_003,32,32,0.1126178203813074,0.3910076158832782,0.0,0,0,1,19.99999999999545,1
OUTER_TRAINING_INNER,mpx_001,mpx_003,mpx_003,33,33,0.10824851132348408,0.37819809970129753,0.0,0,,0,0.0,1
OUTER_TRAINING_INNER,mpx_001,mpx_003,mpx_003,34,34,0.10424631109706918,0.36874403120772153,0.0,0,,0,0.0,1
OUTER_TRAINING_INNER,mpx_001,mpx_003,mpx_003,35,35,0.10217013990229978,0.36378832971419856,0.0,0,,0,0.0,1
OUTER_TRAINING_INNER,mpx_001,mpx_003,mpx_003,36,36,0.1014665766172583,0.3624099861993329,0.0,0,,0,0.0,1
OUTER_TRAINING_INNER,mpx_001,mpx_003,mpx_003,37,37,0.1007839601569541,0.36106724020670367,0.0,0,,0,0.0,1
OUTER_TRAINING_INNER,mpx_001,mpx_003,mpx_003,38,38,0.10012498683078244,0.35976507882179554,0.0,0,,0,0.0,1
OUTER_TRAINING_INNER,mpx_001,mpx_003,mpx_003,39,39,0.0994847760718064,0.3584950953470031,0.0,0,,0,nan,0
OUTER_TRAINING_INNER,mpx_001,mpx_003,mpx_003,40,40,0.09886168081222602,0.3572545262647388,0.0,0,,0,nan,0
OUTER_TRAINING_INNER,mpx_001,mpx_003,mpx_003,41,41,0.09825842127213873,0.3560484049569221,0.0,0,,0,nan,0
OUTER_TRAINING_INNER,mpx_001,mpx_004,mpx_004,3,3,0.8729491925751712,0.9372491202798008,10898.02818590165,1,1,1,16319.999999999998,1
OUTER_TRAINING_INNER,mpx_001,mpx_004,mpx_004,4,4,0.7902019287959311,0.9040112988988275,9182.211845733826,1,1,1,14220.999999999998,1
OUTER_TRAINING_INNER,mpx_001,mpx_004,mpx_004,5,5,0.7921948657756466,0.915776742066308,8857.426088465936,1,1,1,10523.000000000002,1
OUTER_TRAINING_INNER,mpx_001,mpx_004,mpx_004,6,6,0.7350098700592077,0.8988942253222482,7822.721880613701,1,1,1,4285.000000000003,1
OUTER_TRAINING_INNER,mpx_001,mpx_004,mpx_004,7,7,0.6913293165022262,0.8920275712823272,7018.38574956952,1,1,1,8679.000000000004,1
OUTER_TRAINING_INNER,mpx_001,mpx_004,mpx_004,8,8,0.6204266170330687,0.8495007124062055,6395.112599504414,1,1,1,11343.999999999998,1
OUTER_TRAINING_INNER,mpx_001,mpx_004,mpx_004,9,9,0.583494234804427,0.8281119401243998,5990.399693966225,1,,0,10434.000000000002,1
OUTER_TRAINING_INNER,mpx_001,mpx_004,mpx_004,10,10,0.6542610730653408,0.9007971918466564,5906.156015736896,1,1,1,6842.0,1
OUTER_TRAINING_INNER,mpx_001,mpx_004,mpx_004,11,11,0.5796209247176305,0.868665259344395,5142.255534619996,1,1,1,4879.000000000004,1
OUTER_TRAINING_INNER,mpx_001,mpx_004,mpx_004,12,12,0.5302833731155571,0.8397084967712463,4742.22297532409,1,1,1,4905.999999999997,1
OUTER_TRAINING_INNER,mpx_001,mpx_004,mpx_004,13,13,0.5145033194916934,0.8440608383718489,4323.037592537666,1,1,1,4575.999999999999,1
OUTER_TRAINING_INNER,mpx_001,mpx_004,mpx_004,14,14,0.4125923985370616,0.7975391756815682,3238.444506544723,0,,0,3157.9999999999973,1
OUTER_TRAINING_INNER,mpx_001,mpx_004,mpx_004,15,15,0.33909057856807306,0.7509656474181031,2468.429258278416,0,1,1,2886.0000000000027,1
OUTER_TRAINING_INNER,mpx_001,mpx_004,mpx_004,16,16,0.47016682602909277,0.8356988954109645,3583.1307078237064,0,1,1,765.0000000000022,1
OUTER_TRAINING_INNER,mpx_001,mpx_004,mpx_004,17,17,0.3561043856547166,0.7611393538908582,2599.25055891053,0,,0,753.999999999999,1
OUTER_TRAINING_INNER,mpx_001,mpx_004,mpx_004,18,18,0.33073363040416887,0.7435639861231281,2284.344473791199,0,1,1,651.9999999999994,1
OUTER_TRAINING_INNER,mpx_001,mpx_004,mpx_004,19,19,0.29776686746505326,0.7105357706313113,1924.4972403367249,0,1,1,526.9999999999994,1
OUTER_TRAINING_INNER,mpx_001,mpx_004,mpx_004,20,20,0.24171739237729553,0.6508274090145874,1297.17634505552,0,1,1,635.0000000000033,1
OUTER_TRAINING_INNER,mpx_001,mpx_004,mpx_004,21,21,0.2190168249052166,0.6021684552060622,1168.957846588208,0,,0,377.99999999999926,1
OUTER_TRAINING_INNER,mpx_001,mpx_004,mpx_004,22,22,0.2213158305935649,0.5843495266738775,1291.6376117515665,0,,0,437.99999999999693,1
OUTER_TRAINING_INNER,mpx_001,mpx_004,mpx_004,23,23,0.2346514587777995,0.5642581208444907,1600.8988204512589,0,1,1,185.99999999999747,1
OUTER_TRAINING_INNER,mpx_001,mpx_004,mpx_004,24,24,0.18051574261775274,0.4886870681032777,908.6667551114034,0,,0,182.99999999999815,1
OUTER_TRAINING_INNER,mpx_001,mpx_004,mpx_004,25,25,0.1791016724108207,0.4763133492026657,968.2394559402203,0,0,1,118.00000000000156,1
OUTER_TRAINING_INNER,mpx_001,mpx_004,mpx_004,26,26,0.1523801343356686,0.4136089122419329,667.4021788499805,0,0,1,72.00000000000067,1
OUTER_TRAINING_INNER,mpx_001,mpx_004,mpx_004,27,27,0.13364948490842402,0.37503211312704415,359.52236772715435,0,,0,82.00000000000408,1
OUTER_TRAINING_INNER,mpx_001,mpx_004,mpx_004,28,28,0.13109088125769996,0.37108138649198097,289.63366639634864,0,,0,17.000000000001815,1
OUTER_TRAINING_INNER,mpx_001,mpx_004,mpx_004,29,29,0.12787185389290445,0.3626349078762296,237.11840344354215,0,,0,17.000000000001815,1
OUTER_TRAINING_INNER,mpx_001,mpx_004,mpx_004,30,30,0.1408001709826855,0.38423321294839363,476.25400637467783,0,,0,0.0,1
OUTER_TRAINING_INNER,mpx_001,mpx_004,mpx_004,31,31,0.13334417369090776,0.37121660672324586,335.76562351884434,0,,0,0.0,1
OUTER_TRAINING_INNER,mpx_001,mpx_004,mpx_004,32,32,0.12627803173447097,0.3585607796503904,196.37047380211845,0,,0,0.0,1
OUTER_TRAINING_INNER,mpx_001,mpx_004,mpx_004,33,33,0.12535915503094644,0.35707352964244476,169.18177686938782,0,,0,0.0,1
OUTER_TRAINING_INNER,mpx_001,mpx_004,mpx_004,34,34,0.12446645658661952,0.35562328698364043,142.59291563713134,0,,0,nan,0
OUTER_TRAINING_INNER,mpx_001,mpx_004,mpx_004,35,35,0.12360628627080684,0.35421974721027805,116.81996274988921,0,,0,nan,0
OUTER_TRAINING_INNER,mpx_001,mpx_004,mpx_004,36,36,0.12277722258725488,0.35286111491752087,91.83600687607134,0,,0,nan,0
OUTER_TRAINING_INNER,mpx_001,mpx_005,mpx_005,3,3,0.8774426289477604,0.9514680531816451,11017.59809673698,1,1,1,12022.0,1
OUTER_TRAINING_INNER,mpx_001,mpx_005,mpx_005,4,4,0.8198891430825596,0.9247960552840613,9766.397991691154,1,,0,8560.000000000002,1
OUTER_TRAINING_INNER,mpx_001,mpx_005,mpx_005,5,5,0.7570349647145749,0.9033581248287547,8585.56690950421,1,1,1,8196.000000000002,1
OUTER_TRAINING_INNER,mpx_001,mpx_005,mpx_005,6,6,0.7489468642799092,0.906455666797429,8255.236418895336,1,1,1,11210.000000000002,1
OUTER_TRAINING_INNER,mpx_001,mpx_005,mpx_005,7,7,0.7050772612332153,0.8931534135880153,7491.392917937367,1,1,1,9394.999999999998,1
OUTER_TRAINING_INNER,mpx_001,mpx_005,mpx_005,8,8,0.6896242303134779,0.9057305050877427,6852.921726662812,1,1,1,11936.0,1
OUTER_TRAINING_INNER,mpx_001,mpx_005,mpx_005,9,9,0.6387754658371216,0.8817743348718867,6283.018342697471,1,1,1,8981.999999999996,1
OUTER_TRAINING_INNER,mpx_001,mpx_005,mpx_005,10,10,0.6171660090881328,0.8862799202427742,5772.263604329037,1,1,1,8682.999999999996,1
OUTER_TRAINING_INNER,mpx_001,mpx_005,mpx_005,11,11,0.5454181646810129,0.8583573195186744,4945.415213176375,1,1,1,5811.999999999996,1
OUTER_TRAINING_INNER,mpx_001,mpx_005,mpx_005,12,12,0.510341839468844,0.8492980556107169,4457.4265638263605,1,,0,4132.000000000003,1
OUTER_TRAINING_INNER,mpx_001,mpx_005,mpx_005,13,13,0.4037392126843208,0.7880600864715065,3414.014506509159,0,,0,3279.000000000004,1
OUTER_TRAINING_INNER,mpx_001,mpx_005,mpx_005,14,14,0.33696117667335035,0.7395319284078649,2703.6865213119054,0,,0,2340.000000000002,1
OUTER_TRAINING_INNER,mpx_001,mpx_005,mpx_005,15,15,0.33415336093958586,0.7331915553495565,2666.6629658350603,0,,0,1690.0000000000018,1
OUTER_TRAINING_INNER,mpx_001,mpx_005,mpx_005,16,16,0.30284096315609615,0.7066060581769108,2315.006572756746,0,1,1,638.9999999999967,1
OUTER_TRAINING_INNER,mpx_001,mpx_005,mpx_005,17,17,0.27348857277005917,0.6695127296995994,2025.8068206232767,0,1,1,1306.9999999999982,1
OUTER_TRAINING_INNER,mpx_001,mpx_005,mpx_005,18,18,0.28293423876789037,0.6916667743299315,2003.2543784376862,0,,0,1289.9999999999964,1
OUTER_TRAINING_INNER,mpx_001,mpx_005,mpx_005,19,19,0.2850748850013948,0.7411931602442476,1524.1399502856043,0,1,1,1226.9999999999993,1
OUTER_TRAINING_INNER,mpx_001,mpx_005,mpx_005,20,20,0.24961565357027365,0.7225847273797977,964.7120909293841,0,1,1,686.0000000000031,1
OUTER_TRAINING_INNER,mpx_001,mpx_005,mpx_005,21,21,0.21758553333431507,0.6671488331947393,764.8312761139734,0,1,1,319.0000000000013,1
OUTER_TRAINING_INNER,mpx_001,mpx_005,mpx_005,22,22,0.18201190666690972,0.5870578293379284,495.93160144083737,0,,0,239.00000000000244,1
OUTER_TRAINING_INNER,mpx_001,mpx_005,mpx_005,23,23,0.16819406261576816,0.5276444519077028,552.3416922061961,0,,0,114.99999999999656,1
OUTER_TRAINING_INNER,mpx_001,mpx_005,mpx_005,24,24,0.15823748244850866,0.504439771019582,416.2446856646272,0,,0,240.00000000000222,1
OUTER_TRAINING_INNER,mpx_001,mpx_005,mpx_005,25,25,0.15658528131520347,0.48720141773629766,481.8056318094159,0,,0,216.000000000002,1
OUTER_TRAINING_INNER,mpx_001,mpx_005,mpx_005,26,26,0.15092442991366398,0.4634228857048007,467.37379732953985,0,,0,178.00000000000497,1
OUTER_TRAINING_INNER,mpx_001,mpx_005,mpx_005,27,27,0.28182187035499884,0.7102645379193837,1743.1060482014534,0,0,1,0.0,1
OUTER_TRAINING_INNER,mpx_001,mpx_005,mpx_005,28,28,0.20259455116525518,0.5952244818772006,897.5055206544386,0,0,1,0.0,1
OUTER_TRAINING_INNER,mpx_001,mpx_005,mpx_005,29,29,0.14147282728018656,0.4694432359266929,54.11196348930275,0,0,1,0.0,1
OUTER_TRAINING_INNER,mpx_001,mpx_005,mpx_005,30,30,0.14035557365430848,0.46776951593648647,22.7859432627549,0,0,1,0.0,1
OUTER_TRAINING_INNER,mpx_001,mpx_005,mpx_005,31,31,0.13927946666669555,0.4661479131242164,0.0,0,0,1,0.0,1
OUTER_TRAINING_INNER,mpx_001,mpx_005,mpx_005,32,32,0.13824203154917922,0.4645755938221917,0.0,0,0,1,nan,0
OUTER_TRAINING_INNER,mpx_001,mpx_005,mpx_005,33,33,0.137242373292933,0.46305184992155207,0.0,0,0,1,nan,0
OUTER_TRAINING_INNER,mpx_001,mpx_005,mpx_005,34,34,0.1362775209164894,0.4615730646914189,0.0,0,0,1,nan,0
OUTER_TRAINING_INNER,mpx_001,mpx_006,mpx_006,3,3,0.8745012373755937,0.9522512350700807,11066.106138248382,1,1,1,16202.000000000002,1
OUTER_TRAINING_INNER,mpx_001,mpx_006,mpx_006,4,4,0.7992696083180634,0.9243312796316501,9555.720382863647,1,,0,10009.999999999998,1
OUTER_TRAINING_INNER,mpx_001,mpx_006,mpx_006,5,5,0.7302675604704462,0.8948553345261285,8623.63130703151,1,1,1,8824.999999999998,1
OUTER_TRAINING_INNER,mpx_001,mpx_006,mpx_006,6,6,0.7144939393254701,0.8995067490145993,7955.593943157187,1,1,1,2748.0,1
OUTER_TRAINING_INNER,mpx_001,mpx_006,mpx_006,7,7,0.711172939811013,0.9199410352811678,7362.54136645945,1,,0,6090.000000000001,1
OUTER_TRAINING_INNER,mpx_001,mpx_006,mpx_006,8,8,0.6276300170786142,0.89035903262643,6511.086567064151,1,1,1,8053.000000000004,1
OUTER_TRAINING_INNER,mpx_001,mpx_006,mpx_006,9,9,0.6432817516846296,0.9025978299148169,6412.55856483417,1,,0,10693.0,1
OUTER_TRAINING_INNER,mpx_001,mpx_006,mpx_006,10,10,0.6117221073465284,0.867829512100206,6403.750511496356,1,1,1,7261.000000000002,1
OUTER_TRAINING_INNER,mpx_001,mpx_006,mpx_006,11,11,0.6013860382854377,0.8883982495667896,5660.238386564461,1,1,1,5897.999999999999,1
OUTER_TRAINING_INNER,mpx_001,mpx_006,mpx_006,12,12,0.5690015938897516,0.8788914945910794,5311.104012591598,1,1,1,2806.9999999999977,1
OUTER_TRAINING_INNER,mpx_001,mpx_006,mpx_006,13,13,0.49248942174896904,0.8475437809742336,4614.410519190953,1,1,1,1639.9999999999961,1
OUTER_TRAINING_INNER,mpx_001,mpx_006,mpx_006,14,14,0.4348660731657458,0.8137254861042493,4151.316277623807,1,,0,1329.9999999999986,1
OUTER_TRAINING_INNER,mpx_001,mpx_006,mpx_006,15,15,0.4088050280432361,0.793081661854029,3966.0955801975365,1,1,1,2889.000000000002,1
OUTER_TRAINING_INNER,mpx_001,mpx_006,mpx_006,16,16,0.3886815606413104,0.7750069577929819,3804.339563279968,1,1,1,4718.000000000001,1
OUTER_TRAINING_INNER,mpx_001,mpx_006,mpx_006,17,17,0.41339942212615155,0.789733321330882,3996.776947391638,1,1,1,4975.999999999999,1
OUTER_TRAINING_INNER,mpx_001,mpx_006,mpx_006,18,18,0.458283731165092,0.8473472074275246,3782.1699749497134,0,,0,3559.999999999997,1
OUTER_TRAINING_INNER,mpx_001,mpx_006,mpx_006,19,19,0.35667466523972324,0.8085036939727478,2534.2242638031616,0,,0,2387.0000000000023,1
OUTER_TRAINING_INNER,mpx_001,mpx_006,mpx_006,20,20,0.27998799040879807,0.7557865083267408,1759.0586951056573,0,1,1,1679.0000000000043,1
OUTER_TRAINING_INNER,mpx_001,mpx_006,mpx_006,21,21,0.3261684436481448,0.8204927033944287,1694.3079119785803,0,,0,1108.0000000000036,1
OUTER_TRAINING_INNER,mpx_001,mpx_006,mpx_006,22,22,0.298121212553937,0.809710181256606,1276.2840248023572,0,,0,278.99999999999903,1
OUTER_TRAINING_INNER,mpx_001,mpx_006,mpx_006,23,23,0.30970253963063077,0.8314074798557366,1045.7955194601968,0,1,1,307.9999999999981,1
OUTER_TRAINING_INNER,mpx_001,mpx_006,mpx_006,24,24,0.3042008227415902,0.7509200082649262,1631.72775251027,0,0,1,307.9999999999981,1
OUTER_TRAINING_INNER,mpx_001,mpx_006,mpx_006,25,25,0.19399656562900394,0.6170371292708778,651.1711427274889,0,,0,272.0000000000006,1
OUTER_TRAINING_INNER,mpx_001,mpx_006,mpx_006,26,26,0.19482405408138762,0.668589270448231,196.21550227347223,0,,0,0.0,1
OUTER_TRAINING_INNER,mpx_001,mpx_006,mpx_006,27,27,0.16805633127484182,0.6245734542897879,0.0,0,,0,0.0,1
OUTER_TRAINING_INNER,mpx_001,mpx_006,mpx_006,28,28,0.1420823592448621,0.5754328304389904,0.0,0,,0,0.0,1
OUTER_TRAINING_INNER,mpx_001,mpx_006,mpx_006,29,29,0.15074951361177644,0.5159331114985916,396.9266890070467,0,0,1,0.0,1
OUTER_TRAINING_INNER,mpx_001,mpx_006,mpx_006,30,30,0.1323327169612584,0.4768732710768272,132.46706108382529,0,0,1,0.0,1
OUTER_TRAINING_INNER,mpx_001,mpx_006,mpx_006,31,31,0.11591097493777952,0.4381833263541139,0.0,0,0,1,0.0,1
OUTER_TRAINING_INNER,mpx_001,mpx_006,mpx_006,32,32,0.11503637282648801,0.43661961815699135,0.0,0,0,1,0.0,1
OUTER_TRAINING_INNER,mpx_001,mpx_006,mpx_006,33,33,0.11419471465674093,0.43510611691279855,0.0,0,0,1,0.0,1
OUTER_TRAINING_INNER,mpx_001,mpx_006,mpx_006,34,34,0.11337856954564794,0.4336312031548287,0.0,0,0,1,nan,0
OUTER_TRAINING_INNER,mpx_001,mpx_006,mpx_006,35,35,0.11259155324354495,0.4322011500771983,0.0,0,0,1,nan,0
OUTER_TRAINING_INNER,mpx_001,mpx_006,mpx_006,36,36,0.11183147406210821,0.43081278122446587,0.0,0,0,1,nan,0
OUTER_TRAINING_INNER,mpx_001,mpx_007,mpx_007,3,3,0.8565676716937807,0.94234848994172,10410.766568377627,1,1,1,9875.999999999998,1
OUTER_TRAINING_INNER,mpx_001,mpx_007,mpx_007,4,4,0.8024918083678517,0.9292377210014829,9113.095847275232,1,1,1,13190.000000000002,1
OUTER_TRAINING_INNER,mpx_001,mpx_007,mpx_007,5,5,0.7886782757314434,0.9242084906866198,8695.545098614235,1,1,1,8086.999999999998,1
OUTER_TRAINING_INNER,mpx_001,mpx_007,mpx_007,6,6,0.7263949526724893,0.9044197514982157,7679.8152507688665,1,1,1,7104.000000000004,1
OUTER_TRAINING_INNER,mpx_001,mpx_007,mpx_007,7,7,0.6787325510904518,0.8860485757829254,6988.933499731359,1,1,1,7542.0,1
OUTER_TRAINING_INNER,mpx_001,mpx_007,mpx_007,8,8,0.6124625246373792,0.8587540308300384,6204.815773593201,1,1,1,8043.0,1
OUTER_TRAINING_INNER,mpx_001,mpx_007,mpx_007,9,9,0.606258321030446,0.8635428624061026,5969.467397469701,1,1,1,8152.999999999997,1
OUTER_TRAINING_INNER,mpx_001,mpx_007,mpx_007,10,10,0.5781686302280546,0.8801541171160724,5063.760743305539,1,1,1,3253.999999999998,1
OUTER_TRAINING_INNER,mpx_001,mpx_007,mpx_007,11,11,0.5135058076072231,0.8507694600087811,4430.105748288831,1,1,1,4397.0,1
OUTER_TRAINING_INNER,mpx_001,mpx_007,mpx_007,12,12,0.45850659123453313,0.8318389220854608,3740.2868325068084,1,1,1,2961.0000000000027,1
OUTER_TRAINING_INNER,mpx_001,mpx_007,mpx_007,13,13,0.43055290280239744,0.8075823503420324,3556.8939125390907,1,1,1,3321.0,1
OUTER_TRAINING_INNER,mpx_001,mpx_007,mpx_007,14,14,0.4590839880045565,0.8170723275037075,3832.6987827642856,0,,0,880.9999999999984,1
OUTER_TRAINING_INNER,mpx_001,mpx_007,mpx_007,15,15,0.40788185252622555,0.7806337497434092,3374.05176305269,0,1,1,2508.9999999999973,1
OUTER_TRAINING_INNER,mpx_001,mpx_007,mpx_007,16,16,0.3570236101911822,0.7643373538606871,2649.612408884091,0,,0,2801.999999999999,1
OUTER_TRAINING_INNER,mpx_001,mpx_007,mpx_007,17,17,0.4077227835608625,0.8133069691322748,2931.91834036955,0,,0,2894.000000000001,1
OUTER_TRAINING_INNER,mpx_001,mpx_007,mpx_007,18,18,0.33538582757412466,0.7819826308299457,1991.8710752990635,0,1,1,1149.0,1
OUTER_TRAINING_INNER,mpx_001,mpx_007,mpx_007,19,19,0.27668822186508457,0.7680971353988759,1019.6202156443991,0,1,1,733.0000000000038,1
OUTER_TRAINING_INNER,mpx_001,mpx_007,mpx_007,20,20,0.27027297615657286,0.7339574680380933,1174.850220356961,0,1,1,622.0000000000006,1
OUTER_TRAINING_INNER,mpx_001,mpx_007,mpx_007,21,21,0.2596527185303134,0.7176168487918755,1091.668980523562,0,1,1,631.9999999999983,1
OUTER_TRAINING_INNER,mpx_001,mpx_007,mpx_007,22,22,0.2098779847470904,0.6215926360935651,774.442845324611,0,,0,163.9999999999968,1
OUTER_TRAINING_INNER,mpx_001,mpx_007,mpx_007,23,23,0.20058245028863347,0.6305783285651545,446.27817933609623,0,1,1,419.00000000000125,1
OUTER_TRAINING_INNER,mpx_001,mpx_007,mpx_007,24,24,0.17883706904537866,0.5763846204196378,299.1430343258187,0,,0,439.0000000000024,1
OUTER_TRAINING_INNER,mpx_001,mpx_007,mpx_007,25,25,0.1683925929642913,0.5183992677282099,418.80921653223504,0,,0,336.0000000000031,1
OUTER_TRAINING_INNER,mpx_001,mpx_007,mpx_007,26,26,0.14578886626394538,0.46386179657622073,128.3468551044179,0,0,1,119.00000000000134,1
OUTER_TRAINING_INNER,mpx_001,mpx_007,mpx_007,27,27,0.1367491441820851,0.43160143937937034,56.43857334614145,0,,0,71.0000000000009,1
OUTER_TRAINING_INNER,mpx_001,mpx_007,mpx_007,28,28,0.13457761339132326,0.4322440841031151,0.0,0,0,1,54.99999999999885,1
OUTER_TRAINING_INNER,mpx_001,mpx_007,mpx_007,29,29,0.13055737980430224,0.41035414997126235,0.0,0,,0,0.0,1
OUTER_TRAINING_INNER,mpx_001,mpx_007,mpx_007,30,30,0.12351380474235267,0.3946465292945262,0.0,0,,0,0.0,1
OUTER_TRAINING_INNER,mpx_001,mpx_007,mpx_007,31,31,0.11944153308130794,0.38541177253629333,0.0,0,,0,0.0,1
OUTER_TRAINING_INNER,mpx_001,mpx_007,mpx_007,32,32,0.1185426157109311,0.3838348879964702,0.0,0,,0,0.0,1
OUTER_TRAINING_INNER,mpx_001,mpx_007,mpx_007,33,33,0.11767393066599262,0.38230404067031454,0.0,0,,0,nan,0
OUTER_TRAINING_INNER,mpx_001,mpx_007,mpx_007,34,34,0.11683626484223265,0.38082081691427677,0.0,0,,0,nan,0
OUTER_TRAINING_INNER,mpx_001,mpx_007,mpx_007,35,35,0.11600687442289685,0.37934901631286283,0.0,0,,0,nan,0
OUTER_TRAINING_INNER,mpx_001,mpx_008,mpx_008,3,3,0.8840283144300817,0.9500362341045312,11049.09616178692,1,1,1,16309.0,1
OUTER_TRAINING_INNER,mpx_001,mpx_008,mpx_008,4,4,0.8289485980966194,0.9308431371139984,9655.031422741975,1,1,1,13634.000000000004,1
OUTER_TRAINING_INNER,mpx_001,mpx_008,mpx_008,5,5,0.765558879894803,0.9042355448546315,8667.13493426891,1,1,1,13576.0,1
OUTER_TRAINING_INNER,mpx_001,mpx_008,mpx_008,6,6,0.7647391581135388,0.9242431493176996,7992.247214353223,1,1,1,10204.999999999996,1
OUTER_TRAINING_INNER,mpx_001,mpx_008,mpx_008,7,7,0.712437354492923,0.9282781080123191,6810.398243543365,1,1,1,7451.999999999998,1
OUTER_TRAINING_INNER,mpx_001,mpx_008,mpx_008,8,8,0.6309121637872529,0.8808260493812534,6242.212482826004,1,1,1,6065.000000000001,1
OUTER_TRAINING_INNER,mpx_001,mpx_008,mpx_008,9,9,0.5728996253059535,0.8593859504102391,5542.24969980558,1,1,1,2917.0000000000014,1
OUTER_TRAINING_INNER,mpx_001,mpx_008,mpx_008,10,10,0.5249855560717072,0.8707531161933632,4661.541005210808,1,,0,1457.999999999998,1
OUTER_TRAINING_INNER,mpx_001,mpx_008,mpx_008,11,11,0.475440978036086,0.8445551201902761,4253.645568845063,1,1,1,3200.999999999999,1
OUTER_TRAINING_INNER,mpx_001,mpx_008,mpx_008,12,12,0.472143033546469,0.8476180013828761,4105.038037199712,1,1,1,3494.0000000000005,1
OUTER_TRAINING_INNER,mpx_001,mpx_008,mpx_008,13,13,0.4774367382422979,0.8516276439504888,4064.5356192473937,1,1,1,4109.000000000003,1
OUTER_TRAINING_INNER,mpx_001,mpx_008,mpx_008,14,14,0.5105411781883145,0.8571103768516729,4323.196848411036,1,1,1,4693.000000000001,1
OUTER_TRAINING_INNER,mpx_001,mpx_008,mpx_008,15,15,0.4178625582328242,0.7886284373529301,3659.281574951131,1,1,1,4020.0000000000005,1
OUTER_TRAINING_INNER,mpx_001,mpx_008,mpx_008,16,16,0.346778233741351,0.7565694314405681,2855.270618850403,0,1,1,3303.999999999998,1
OUTER_TRAINING_INNER,mpx_001,mpx_008,mpx_008,17,17,0.38706665598611395,0.7587828163509865,3211.0983458413384,0,,0,1000.9999999999995,1
OUTER_TRAINING_INNER,mpx_001,mpx_008,mpx_008,18,18,0.33507522228741127,0.7381719687626156,2607.585525979739,0,,0,1258.9999999999977,1
OUTER_TRAINING_INNER,mpx_001,mpx_008,mpx_008,19,19,0.2757373039795589,0.6960515156878908,1927.711361559784,0,1,1,686.0000000000031,1
OUTER_TRAINING_INNER,mpx_001,mpx_008,mpx_008,20,20,0.27402032809124305,0.7175671881747159,1708.6886440760968,0,1,1,528.999999999999,1
OUTER_TRAINING_INNER,mpx_001,mpx_008,mpx_008,21,21,0.24572343142753794,0.6940860265492764,1357.4965013765288,0,1,1,1065.000000000002,1
OUTER_TRAINING_INNER,mpx_001,mpx_008,mpx_008,22,22,0.24642481669425734,0.650860250142682,1591.1180397981004,0,1,1,1399.0,1
OUTER_TRAINING_INNER,mpx_001,mpx_008,mpx_008,23,23,0.2314453559952672,0.6285129873549855,1435.4936905627624,0,,0,1629.0000000000043,1
OUTER_TRAINING_INNER,mpx_001,mpx_008,mpx_008,24,24,0.2753541594973681,0.6810892878757243,1772.2706708668118,0,,0,777.9999999999991,1
OUTER_TRAINING_INNER,mpx_001,mpx_008,mpx_008,25,25,0.2056405717971711,0.5801615572809034,993.8621645705824,0,,0,350.9999999999997,1
OUTER_TRAINING_INNER,mpx_001,mpx_008,mpx_008,26,26,0.18088009416784767,0.52314872026768,737.697966700637,0,0,1,74.99999999999999,1
OUTER_TRAINING_INNER,mpx_001,mpx_008,mpx_008,27,27,0.14886042878566186,0.46749355650374386,278.1467028047151,0,0,1,13.000000000002725,1
OUTER_TRAINING_INNER,mpx_001,mpx_008,mpx_008,28,28,0.14390092036735758,0.4542846397662947,194.7749278273348,0,,0,0.0,1
OUTER_TRAINING_INNER,mpx_001,mpx_008,mpx_008,29,29,0.13455199964822911,0.43348178288294015,57.937834349640625,0,,0,0.0,1
OUTER_TRAINING_INNER,mpx_001,mpx_008,mpx_008,30,30,0.1278769011383283,0.41813801181694293,0.0,0,,0,0.0,1
OUTER_TRAINING_INNER,mpx_001,mpx_008,mpx_008,31,31,0.12689288051293096,0.4164646468095234,0.0,0,,0,0.0,1
OUTER_TRAINING_INNER,mpx_001,mpx_008,mpx_008,32,32,0.12594607047992942,0.4148459257088367,0.0,0,,0,0.0,1
OUTER_TRAINING_INNER,mpx_001,mpx_008,mpx_008,33,33,0.12503240021953857,0.4132760210026404,0.0,0,,0,nan,0
OUTER_TRAINING_INNER,mpx_001,mpx_008,mpx_008,34,34,0.12415017479236397,0.41175269347813986,0.0,0,,0,nan,0
OUTER_TRAINING_INNER,mpx_001,mpx_008,mpx_008,35,35,0.12328801726770454,0.4102585096023317,0.0,0,,0,nan,0
OUTER_TRAINING_INNER,mpx_001,mpx_009,mpx_009,3,3,0.8790881998531326,0.9521938523570408,11076.12089555961,1,1,1,11873.0,1
OUTER_TRAINING_INNER,mpx_001,mpx_009,mpx_009,4,4,0.8203470927004303,0.9365635289458446,9558.50269674636,1,,0,8400.000000000002,1
OUTER_TRAINING_INNER,mpx_001,mpx_009,mpx_009,5,5,0.7663778369795218,0.9305998354622678,8412.7815862547,1,1,1,8474.000000000002,1
OUTER_TRAINING_INNER,mpx_001,mpx_009,mpx_009,6,6,0.7635008557762004,0.9190613634649941,8490.013881562722,1,1,1,11294.000000000002,1
OUTER_TRAINING_INNER,mpx_001,mpx_009,mpx_009,7,7,0.6998283254621479,0.8927940200682395,7567.1753559824265,1,1,1,10927.999999999996,1
OUTER_TRAINING_INNER,mpx_001,mpx_009,mpx_009,8,8,0.6832852792210035,0.9066246121073471,6981.232987230603,1,1,1,11375.999999999996,1
OUTER_TRAINING_INNER,mpx_001,mpx_009,mpx_009,9,9,0.6408833962391245,0.8997704654520029,6186.699577507391,1,1,1,8141.0,1
OUTER_TRAINING_INNER,mpx_001,mpx_009,mpx_009,10,10,0.6045895662752224,0.8872424261964584,5688.931583868256,1,1,1,4396.0,1
OUTER_TRAINING_INNER,mpx_001,mpx_009,mpx_009,11,11,0.5123448554432313,0.8608952786029498,4690.298509909132,1,,0,2846.0000000000005,1
OUTER_TRAINING_INNER,mpx_001,mpx_009,mpx_009,12,12,0.47570419327584934,0.8392225069560196,4313.7881125193135,1,1,1,2088.9999999999964,1
OUTER_TRAINING_INNER,mpx_001,mpx_009,mpx_009,13,13,0.42720972363952625,0.8107356413232563,3923.247621949784,1,1,1,3509.0000000000027,1
OUTER_TRAINING_INNER,mpx_001,mpx_009,mpx_009,14,14,0.38390501181813225,0.784102634513695,3497.1846936860807,1,,0,4806.000000000004,1
OUTER_TRAINING_INNER,mpx_001,mpx_009,mpx_009,15,15,0.3961670706822259,0.7677034122019045,3743.3343131316637,1,,0,4282.000000000003,1
OUTER_TRAINING_INNER,mpx_001,mpx_009,mpx_009,16,16,0.40942899394288257,0.7746708685405463,3701.584153119734,0,1,1,3074.999999999999,1
OUTER_TRAINING_INNER,mpx_001,mpx_009,mpx_009,17,17,0.31510763472609377,0.7418936877127104,2465.35143349059,0,,0,1404.9999999999986,1
OUTER_TRAINING_INNER,mpx_001,mpx_009,mpx_009,18,18,0.24861316326285607,0.6858400068533758,1766.3743769793687,0,,0,628.999999999999,1
OUTER_TRAINING_INNER,mpx_001,mpx_009,mpx_009,19,19,0.28324536322515975,0.7365203886643229,1900.1552840859479,0,1,1,902.9999999999991,1
OUTER_TRAINING_INNER,mpx_001,mpx_009,mpx_009,20,20,0.255636902666794,0.6917390274212603,1729.4054550690134,0,,0,1315.000000000002,1
OUTER_TRAINING_INNER,mpx_001,mpx_009,mpx_009,21,21,0.2316807893055573,0.6576068916308838,1523.9198044347181,0,,0,1348.0000000000002,1
OUTER_TRAINING_INNER,mpx_001,mpx_009,mpx_009,22,22,0.25294522727797625,0.7191622113649332,1259.1016728475206,0,1,1,900.9999999999995,1
OUTER_TRAINING_INNER,mpx_001,mpx_009,mpx_009,23,23,0.2223707233693421,0.6732357175116794,984.3771805010922,0,1,1,564.9999999999965,1
OUTER_TRAINING_INNER,mpx_001,mpx_009,mpx_009,24,24,0.18097593074615842,0.6033325250388932,620.708182888558,0,1,1,571.0000000000008,1
OUTER_TRAINING_INNER,mpx_001,mpx_009,mpx_009,25,25,0.20048400427194887,0.6178691510111408,848.9617225897985,0,,0,274.99999999999994,1
OUTER_TRAINING_INNER,mpx_001,mpx_009,mpx_009,26,26,0.20296485481432397,0.6314160232861377,800.5441414696714,0,,0,76.99999999999953,1
OUTER_TRAINING_INNER,mpx_001,mpx_009,mpx_009,27,27,0.21757543962626638,0.6534258013212828,971.4617391331748,0,0,1,12.99999999999704,1
OUTER_TRAINING_INNER,mpx_001,mpx_009,mpx_009,28,28,0.18504178429430596,0.6049479487571913,574.8813523236295,0,0,1,0.0,1
OUTER_TRAINING_INNER,mpx_001,mpx_009,mpx_009,29,29,0.17260167613748983,0.5871007418500362,413.94328909442805,0,0,1,0.0,1
OUTER_TRAINING_INNER,mpx_001,mpx_009,mpx_009,30,30,0.15251924124666597,0.5577303055276304,134.71970662250536,0,0,1,0.0,1
OUTER_TRAINING_INNER,mpx_001,mpx_009,mpx_009,31,31,0.15123344610707096,0.5558192573453835,102.39362737983214,0,0,1,0.0,1
OUTER_TRAINING_INNER,mpx_001,mpx_009,mpx_009,32,32,0.14998628989691526,0.5539498635358836,70.85995722611565,0,0,1,0.0,1
OUTER_TRAINING_INNER,mpx_001,mpx_009,mpx_009,33,33,0.1489204485967919,0.5524231093613456,41.88968559128392,0,0,1,0.0,1
OUTER_TRAINING_INNER,mpx_001,mpx_009,mpx_009,34,34,0.14789127856681794,0.5509395134041788,13.75106587261115,0,0,1,nan,0
OUTER_TRAINING_INNER,mpx_001,mpx_009,mpx_009,35,35,0.14689639856389894,0.5494965080041222,0.0,0,0,1,nan,0
OUTER_TRAINING_INNER,mpx_001,mpx_009,mpx_009,36,36,0.14593445738382146,0.5480928218545422,0.0,0,0,1,nan,0
OUTER_TRAINING_INNER,mpx_001,mpx_010,mpx_010,3,3,0.8790062631163301,0.9481951752509682,11260.417718576526,1,1,1,11898.000000000002,1
OUTER_TRAINING_INNER,mpx_001,mpx_010,mpx_010,4,4,0.8194889863464352,0.9241300943206298,9888.63714756121,1,,0,8578.999999999996,1
OUTER_TRAINING_INNER,mpx_001,mpx_010,mpx_010,5,5,0.7539189470476034,0.9017293677185515,8777.325959181082,1,1,1,8547.000000000002,1
OUTER_TRAINING_INNER,mpx_001,mpx_010,mpx_010,6,6,0.7539007425117367,0.9104583728451243,8449.845243084896,1,1,1,11191.0,1
OUTER_TRAINING_INNER,mpx_001,mpx_010,mpx_010,7,7,0.686051110671043,0.8731720646625158,7674.021047748949,1,1,1,7695.0000000000055,1
OUTER_TRAINING_INNER,mpx_001,mpx_010,mpx_010,8,8,0.6845959299725476,0.9077939540324618,6913.449463363109,1,1,1,11511.999999999995,1
OUTER_TRAINING_INNER,mpx_001,mpx_010,mpx_010,9,9,0.6567151863641629,0.9019449725495311,6356.2356158310895,1,1,1,7552.999999999997,1
OUTER_TRAINING_INNER,mpx_001,mpx_010,mpx_010,10,10,0.6181893556687689,0.8867247581912053,5980.008415209575,1,,0,8195.999999999998,1
OUTER_TRAINING_INNER,mpx_001,mpx_010,mpx_010,11,11,0.5727957350430143,0.8786135919711231,5201.039041341708,1,1,1,3020.0000000000005,1
OUTER_TRAINING_INNER,mpx_001,mpx_010,mpx_010,12,12,0.5057069534147455,0.8503398241703175,4575.887145516577,1,,0,1836.0000000000027,1
OUTER_TRAINING_INNER,mpx_001,mpx_010,mpx_010,13,13,0.4505551901050498,0.8269954759038927,3997.8094686526456,1,1,1,1426.9999999999993,1
OUTER_TRAINING_INNER,mpx_001,mpx_010,mpx_010,14,14,0.4056257753324955,0.7852335137461994,3747.8425960721765,1,,0,2836.0000000000027,1
OUTER_TRAINING_INNER,mpx_001,mpx_010,mpx_010,15,15,0.38835278534867435,0.7657344001465991,3629.0082057640348,1,1,1,4509.999999999996,1
OUTER_TRAINING_INNER,mpx_001,mpx_010,mpx_010,16,16,0.40101594466741874,0.7419083403308036,3993.331713728113,1,1,1,4244.0,1
OUTER_TRAINING_INNER,mpx_001,mpx_010,mpx_010,17,17,0.4339793618894018,0.8234517373444524,3515.434634137537,0,,0,3041.0000000000014,1
OUTER_TRAINING_INNER,mpx_001,mpx_010,mpx_010,18,18,0.347033977833407,0.801356364834381,2343.8577013318304,0,1,1,1336.000000000003,1
OUTER_TRAINING_INNER,mpx_001,mpx_010,mpx_010,19,19,0.287649443996804,0.7604527944725384,1747.1798897627646,0,1,1,563.9999999999967,1
OUTER_TRAINING_INNER,mpx_001,mpx_010,mpx_010,20,20,0.3049951280327529,0.7512724006093787,2061.7382720939554,0,,0,315.9999999999963,1
OUTER_TRAINING_INNER,mpx_001,mpx_010,mpx_010,21,21,0.26728268249061715,0.7123772495431787,1680.7338032409077,0,,0,161.99999999999724,1
OUTER_TRAINING_INNER,mpx_001,mpx_010,mpx_010,22,22,0.2406433854506145,0.6753149133155378,1471.6758928791846,0,1,1,772.0000000000005,1
OUTER_TRAINING_INNER,mpx_001,mpx_010,mpx_010,23,23,0.26931707756882906,0.7106843016311145,1643.4802091303422,0,1,1,1166.0000000000018,1
OUTER_TRAINING_INNER,mpx_001,mpx_010,mpx_010,24,24,0.23940658527923997,0.679449381783321,1313.4589310235926,0,1,1,1224.9999999999998,1
OUTER_TRAINING_INNER,mpx_001,mpx_010,mpx_010,25,25,0.2162762128712378,0.6653235082245776,904.4713328225735,0,1,1,894.0000000000011,1
OUTER_TRAINING_INNER,mpx_001,mpx_010,mpx_010,26,26,0.22490634517144129,0.6953208545564468,762.358060918868,0,,0,360.99999999999744,1
OUTER_TRAINING_INNER,mpx_001,mpx_010,mpx_010,27,27,0.19037036114100656,0.6416082459751281,425.0876489206686,0,1,1,327.99999999999926,1
OUTER_TRAINING_INNER,mpx_001,mpx_010,mpx_010,28,28,0.19629103160138375,0.6817621346697943,203.9407427658081,0,0,1,36.999999999997264,1
OUTER_TRAINING_INNER,mpx_001,mpx_010,mpx_010,29,29,0.19105957136308088,0.6615828756139523,241.56091157476453,0,0,1,25.999999999999766,1
OUTER_TRAINING_INNER,mpx_001,mpx_010,mpx_010,30,30,0.1822582339766825,0.6286871808058376,261.27548038223586,0,,0,0.0,1
OUTER_TRAINING_INNER,mpx_001,mpx_010,mpx_010,31,31,0.20997333519543443,0.5461339503350492,1209.9548702036486,0,,0,0.0,1
OUTER_TRAINING_INNER,mpx_001,mpx_010,mpx_010,32,32,0.14637084735071026,0.433903268441369,469.4924030470057,0,0,1,0.0,1
OUTER_TRAINING_INNER,mpx_001,mpx_010,mpx_010,33,33,0.10042363402950377,0.3369927754957981,0.0,0,0,1,0.0,1
OUTER_TRAINING_INNER,mpx_001,mpx_010,mpx_010,34,34,0.09839755592531013,0.33226056421067746,0.0,0,0,1,0.0,1
OUTER_TRAINING_INNER,mpx_001,mpx_010,mpx_010,35,35,0.09770543289788769,0.3309415908402671,0.0,0,0,1,0.0,1
OUTER_TRAINING_INNER,mpx_001,mpx_010,mpx_010,36,36,0.09703466441679304,0.3296583482196184,0.0,0,0,1,0.0,1
OUTER_TRAINING_INNER,mpx_001,mpx_010,mpx_010,37,37,0.0963852179882365,0.32841096506073236,0.0,0,0,1,0.0,1
OUTER_TRAINING_INNER,mpx_001,mpx_010,mpx_010,38,38,0.09575708301471135,0.32719961875317144,0.0,0,0,1,nan,0
OUTER_TRAINING_INNER,mpx_001,mpx_010,mpx_010,39,39,0.09514758043035873,0.32601985107461073,0.0,0,0,1,nan,0
OUTER_TRAINING_INNER,mpx_001,mpx_010,mpx_010,40,40,0.09454791007712333,0.3248564464523418,0.0,0,0,1,nan,0
OUTER_TRAINING_INNER,mpx_002,mpx_001,mpx_001,3,3,0.8759148801846788,0.9467822233094918,10861.571631554398,1,1,1,11143.999999999998,1
OUTER_TRAINING_INNER,mpx_002,mpx_001,mpx_001,4,4,0.8029027387669788,0.9090127902545166,9497.533191792352,1,,0,8574.000000000002,1
OUTER_TRAINING_INNER,mpx_002,mpx_001,mpx_001,5,5,0.7498958754120216,0.90329174587448,8316.887822481294,1,1,1,8540.999999999998,1
OUTER_TRAINING_INNER,mpx_002,mpx_001,mpx_001,6,6,0.7530165103825984,0.9096293173119097,8195.075192046734,1,1,1,6961.000000000002,1
OUTER_TRAINING_INNER,mpx_002,mpx_001,mpx_001,7,7,0.7048484628325217,0.9010592886269759,7287.2590963817265,1,1,1,2499.9999999999995,1
OUTER_TRAINING_INNER,mpx_002,mpx_001,mpx_001,8,8,0.6934269597123199,0.913600061731125,6787.539350497238,1,,0,6284.000000000002,1
OUTER_TRAINING_INNER,mpx_002,mpx_001,mpx_001,9,9,0.6227143397218383,0.8851729681647988,6006.163996747338,1,,0,7054.999999999997,1
OUTER_TRAINING_INNER,mpx_002,mpx_001,mpx_001,10,10,0.5711504576414577,0.863447754603645,5470.528266675509,1,1,1,11917.0,1
OUTER_TRAINING_INNER,mpx_002,mpx_001,mpx_001,11,11,0.6215782433875469,0.8865141059641826,5805.250294442027,1,1,1,7568.0,1
OUTER_TRAINING_INNER,mpx_002,mpx_001,mpx_001,12,12,0.5735843403333118,0.8730879567703678,5231.395431701158,1,1,1,7904.000000000003,1
OUTER_TRAINING_INNER,mpx_002,mpx_001,mpx_001,13,13,0.5695339004557025,0.8876098541119584,4805.996737377281,1,1,1,2673.9999999999995,1
OUTER_TRAINING_INNER,mpx_002,mpx_001,mpx_001,14,14,0.5131243517628749,0.8556833298075902,4409.2318223098955,1,1,1,1854.9999999999984,1
OUTER_TRAINING_INNER,mpx_002,mpx_001,mpx_001,15,15,0.44495004395984167,0.8235465107541654,3714.6652971648095,1,1,1,486.99999999999716,1
OUTER_TRAINING_INNER,mpx_002,mpx_001,mpx_001,16,16,0.4180402074733807,0.8030114662149143,3498.595480101643,1,,0,1658.0000000000034,1
OUTER_TRAINING_INNER,mpx_002,mpx_001,mpx_001,17,17,0.41829671668706203,0.808015736088747,3420.272965817424,1,1,1,3888.000000000002,1
OUTER_TRAINING_INNER,mpx_002,mpx_001,mpx_001,18,18,0.3951431131014562,0.7941799879248908,3188.347027508383,1,1,1,5014.000000000002,1
OUTER_TRAINING_INNER,mpx_002,mpx_001,mpx_001,19,19,0.43322835387465736,0.8241281816526763,3405.6821895228895,0,,0,4327.999999999998,1
OUTER_TRAINING_INNER,mpx_002,mpx_001,mpx_001,20,20,0.3708856509019602,0.7921553568802795,2655.672960469929,0,1,1,2030.9999999999982,1
OUTER_TRAINING_INNER,mpx_002,mpx_001,mpx_001,21,21,0.2635378103406516,0.6851898102088556,1710.22950326148,0,,0,1246.0000000000007,1
OUTER_TRAINING_INNER,mpx_002,mpx_001,mpx_001,22,22,0.2394864311255699,0.651124495876284,1429.3328955119905,0,,0,481.9999999999983,1
OUTER_TRAINING_INNER,mpx_002,mpx_001,mpx_001,23,23,0.21432809990154308,0.5992575390535132,1235.3019976386881,0,1,1,415.00000000000216,1
OUTER_TRAINING_INNER,mpx_002,mpx_001,mpx_001,24,24,0.18261276785071062,0.5597171882051223,739.0223570867842,0,,0,138.0000000000027,1
OUTER_TRAINING_INNER,mpx_002,mpx_001,mpx_001,25,25,0.16771716768091813,0.5411819239429553,475.0744016342389,0,,0,111.00000000000315,1
OUTER_TRAINING_INNER,mpx_002,mpx_001,mpx_001,26,26,0.16449421427355324,0.55360961751271,273.2883958566955,0,,0,81.9999999999984,1
OUTER_TRAINING_INNER,mpx_002,mpx_001,mpx_001,27,27,0.15718746041463555,0.5082991125187796,325.42997085943085,0,0,1,17.999999999995904,1
OUTER_TRAINING_INNER,mpx_002,mpx_001,mpx_001,28,28,0.15456408196577737,0.521519661659597,158.19378543732768,0,,0,17.999999999995904,1
OUTER_TRAINING_INNER,mpx_002,mpx_001,mpx_001,29,29,0.13997856209080053,0.48923084558113406,0.0,0,,0,0.0,1
OUTER_TRAINING_INNER,mpx_002,mpx_001,mpx_001,30,30,0.13158122126578434,0.47128909774559397,0.0,0,,0,0.0,1
OUTER_TRAINING_INNER,mpx_002,mpx_001,mpx_001,31,31,0.12821677648447924,0.4641440080600712,0.0,0,,0,0.0,1
OUTER_TRAINING_INNER,mpx_002,mpx_001,mpx_001,32,32,0.1272600529562958,0.46254789841095184,0.0,0,,0,0.0,1
OUTER_TRAINING_INNER,mpx_002,mpx_001,mpx_001,33,33,0.1263372674577506,0.46099959464417856,0.0,0,,0,nan,0
OUTER_TRAINING_INNER,mpx_002,mpx_001,mpx_001,34,34,0.12544652268847759,0.45949671150118665,0.0,0,,0,nan,0
OUTER_TRAINING_INNER,mpx_002,mpx_001,mpx_001,35,35,0.12458411933581715,0.4580340065987127,0.0,0,,0,nan,0
OUTER_TRAINING_INNER,mpx_002,mpx_003,mpx_003,3,3,0.8782832794838534,0.9485078685683136,10894.108074202531,1,1,1,10673.0,1
OUTER_TRAINING_INNER,mpx_002,mpx_003,mpx_003,4,4,0.826141292266048,0.9299902664797682,9589.602383020287,1,,0,5346.0,1
OUTER_TRAINING_INNER,mpx_002,mpx_003,mpx_003,5,5,0.7679085957613748,0.9055306169525478,8627.6978785686,1,1,1,6256.0,1
OUTER_TRAINING_INNER,mpx_002,mpx_003,mpx_003,6,6,0.7765353973198237,0.9164897328861991,8531.9414467571,1,1,1,5883.999999999999,1
OUTER_TRAINING_INNER,mpx_002,mpx_003,mpx_003,7,7,0.747316729901618,0.9089730065758806,7958.64058365693,1,1,1,4840.000000000001,1
OUTER_TRAINING_INNER,mpx_002,mpx_003,mpx_003,8,8,0.7031326488230034,0.8939620437642616,7291.69148670509,1,,0,8275.999999999998,1
OUTER_TRAINING_INNER,mpx_002,mpx_003,mpx_003,9,9,0.6637562958379095,0.8808287740342143,6763.42386794775,1,1,1,8792.0,1
OUTER_TRAINING_INNER,mpx_002,mpx_003,mpx_003,10,10,0.6815744247700593,0.9107462320004889,6436.69935184345,1,1,1,11184.000000000002,1
OUTER_TRAINING_INNER,mpx_002,mpx_003,mpx_003,11,11,0.6631059793366579,0.9164719459012093,5787.46484763153,1,1,1,6445.0000000000055,1
OUTER_TRAINING_INNER,mpx_002,mpx_003,mpx_003,12,12,0.5988659650278723,0.8693667054823692,5594.630155194411,1,1,1,5945.0,1
OUTER_TRAINING_INNER,mpx_002,mpx_003,mpx_003,13,13,0.5685194127711183,0.872651513558136,4994.374854966123,1,,0,2718.000000000001,1
OUTER_TRAINING_INNER,mpx_002,mpx_003,mpx_003,14,14,0.5240574570640029,0.8604275780833932,4423.6923604684625,1,1,1,2317.9999999999955,1
OUTER_TRAINING_INNER,mpx_002,mpx_003,mpx_003,15,15,0.48247223972164655,0.8402506170959496,3986.8620790622886,1,1,1,3454.000000000004,1
OUTER_TRAINING_INNER,mpx_002,mpx_003,mpx_003,16,16,0.4582949309389237,0.82244650982698,3801.8963955690165,1,1,1,3705.9999999999977,1
OUTER_TRAINING_INNER,mpx_002,mpx_003,mpx_003,17,17,0.4967725084496839,0.8498983384025878,4013.88544877593,1,1,1,2944.000000000001,1
OUTER_TRAINING_INNER,mpx_002,mpx_003,mpx_003,18,18,0.5340012812688476,0.8905003600085883,3923.3199059649737,0,,0,2873.0,1
OUTER_TRAINING_INNER,mpx_002,mpx_003,mpx_003,19,19,0.4398211221382933,0.8353869654919042,3218.768757191901,0,,0,3020.0000000000005,1
OUTER_TRAINING_INNER,mpx_002,mpx_003,mpx_003,20,20,0.40143717672951856,0.8097811414793913,2909.8487638022903,0,,0,3369.0000000000005,1
OUTER_TRAINING_INNER,mpx_002,mpx_003,mpx_003,21,21,0.3522475730839078,0.7782583359461032,2415.7382705140667,0,1,1,1514.9999999999964,1
OUTER_TRAINING_INNER,mpx_002,mpx_003,mpx_003,22,22,0.3482286758023118,0.8204109053687964,1768.8522742492814,0,1,1,795.0000000000009,1
OUTER_TRAINING_INNER,mpx_002,mpx_003,mpx_003,23,23,0.2958631264967366,0.741605037241717,1694.9818821753615,0,1,1,365.0000000000022,1
OUTER_TRAINING_INNER,mpx_002,mpx_003,mpx_003,24,24,0.23989836405406292,0.6966488528097677,936.5112053019188,0,1,1,517.0000000000017,1
OUTER_TRAINING_INNER,mpx_002,mpx_003,mpx_003,25,25,0.20882155415002082,0.6010901700118324,1005.5233518451946,0,1,1,536.9999999999972,1
OUTER_TRAINING_INNER,mpx_002,mpx_003,mpx_003,26,26,0.19483807028899858,0.585911715115109,758.1407987214725,0,,0,536.9999999999972,1
OUTER_TRAINING_INNER,mpx_002,mpx_003,mpx_003,27,27,0.18177338690706693,0.5465977256595635,713.7589304136114,0,1,1,154.99999999999883,1
OUTER_TRAINING_INNER,mpx_002,mpx_003,mpx_003,28,28,0.15226209191468607,0.4697453247163049,402.46674964478376,0,0,1,56.000000000004306,1
OUTER_TRAINING_INNER,mpx_002,mpx_003,mpx_003,29,29,0.14499216955481573,0.46465970218600944,196.010959668675,0,0,1,209.00000000000358,1
OUTER_TRAINING_INNER,mpx_002,mpx_003,mpx_003,30,30,0.1381502661191977,0.4067149006130401,393.4271449389802,0,0,1,228.99999999999903,1
OUTER_TRAINING_INNER,mpx_002,mpx_003,mpx_003,31,31,0.12931702191812752,0.40831367427034443,79.68736115663506,0,,0,172.99999999999474,1
OUTER_TRAINING_INNER,mpx_002,mpx_003,mpx_003,32,32,0.1164526784099066,0.41189458425927755,0.0,0,0,1,19.99999999999545,1
OUTER_TRAINING_INNER,mpx_002,mpx_003,mpx_003,33,33,0.11274914179935543,0.39995593387092926,0.0,0,,0,0.0,1
OUTER_TRAINING_INNER,mpx_002,mpx_003,mpx_003,34,34,0.10900787473588967,0.3907577013229871,0.0,0,,0,0.0,1
OUTER_TRAINING_INNER,mpx_002,mpx_003,mpx_003,35,35,0.1070209746203498,0.38590608856449093,0.0,0,,0,0.0,1
OUTER_TRAINING_INNER,mpx_002,mpx_003,mpx_003,36,36,0.10629128030616684,0.38454001179097025,0.0,0,,0,0.0,1
OUTER_TRAINING_INNER,mpx_002,mpx_003,mpx_003,37,37,0.10558328067771885,0.3832088311189392,0.0,0,,0,0.0,1
OUTER_TRAINING_INNER,mpx_002,mpx_003,mpx_003,38,38,0.10489971116050058,0.3819174893606629,0.0,0,,0,0.0,1
OUTER_TRAINING_INNER,mpx_002,mpx_003,mpx_003,39,39,0.10423557557820202,0.3806577102232219,0.0,0,,0,nan,0
OUTER_TRAINING_INNER,mpx_002,mpx_003,mpx_003,40,40,0.10358917842887817,0.37942678161694054,0.0,0,,0,nan,0
OUTER_TRAINING_INNER,mpx_002,mpx_003,mpx_003,41,41,0.10296328386527298,0.378229691487517,0.0,0,,0,nan,0
OUTER_TRAINING_INNER,mpx_002,mpx_004,mpx_004,3,3,0.8766145456128365,0.9420832366247035,10375.53278077175,1,1,1,16319.999999999998,1
OUTER_TRAINING_INNER,mpx_002,mpx_004,mpx_004,4,4,0.8020118631998375,0.9128124259207621,8802.214034462248,1,1,1,14220.999999999998,1
OUTER_TRAINING_INNER,mpx_002,mpx_004,mpx_004,5,5,0.8016796776794989,0.9235446104581374,8492.267148797098,1,1,1,10523.000000000002,1
OUTER_TRAINING_INNER,mpx_002,mpx_004,mpx_004,6,6,0.7497673220308259,0.909126029936507,7551.648309691296,1,1,1,4285.000000000003,1
OUTER_TRAINING_INNER,mpx_002,mpx_004,mpx_004,7,7,0.7091019184620253,0.9033083721709839,6797.986699210124,1,1,1,8679.000000000004,1
OUTER_TRAINING_INNER,mpx_002,mpx_004,mpx_004,8,8,0.6423818730783881,0.8643849624896582,6193.118356386003,1,1,1,11343.999999999998,1
OUTER_TRAINING_INNER,mpx_002,mpx_004,mpx_004,9,9,0.6042925568593142,0.8437052008943695,5777.823460692065,1,,0,10434.000000000002,1
OUTER_TRAINING_INNER,mpx_002,mpx_004,mpx_004,10,10,0.669916750444051,0.9116383050633554,5773.070313693437,1,1,1,6842.0,1
OUTER_TRAINING_INNER,mpx_002,mpx_004,mpx_004,11,11,0.5987305515371041,0.8826551168337239,5048.319388337197,1,1,1,4879.000000000004,1
OUTER_TRAINING_INNER,mpx_002,mpx_004,mpx_004,12,12,0.5517109546129417,0.8562851861627155,4661.250962222156,1,1,1,4905.999999999997,1
OUTER_TRAINING_INNER,mpx_002,mpx_004,mpx_004,13,13,0.5301172302556056,0.8590381563485576,4232.394215031747,1,1,1,4575.999999999999,1
OUTER_TRAINING_INNER,mpx_002,mpx_004,mpx_004,14,14,0.43221947662329807,0.8164000805910027,3187.633764453326,0,,0,3157.9999999999973,1
OUTER_TRAINING_INNER,mpx_002,mpx_004,mpx_004,15,15,0.36165400434642503,0.7737363999615575,2456.410226004323,0,1,1,2886.0000000000027,1
OUTER_TRAINING_INNER,mpx_002,mpx_004,mpx_004,16,16,0.4810849450016173,0.8515002308999563,3560.1441708722687,0,1,1,765.0000000000022,1
OUTER_TRAINING_INNER,mpx_002,mpx_004,mpx_004,17,17,0.37506468125318426,0.7841146143581788,2626.085654477601,0,,0,753.999999999999,1
OUTER_TRAINING_INNER,mpx_002,mpx_004,mpx_004,18,18,0.3464672170116131,0.7669601494074074,2327.3815540587775,0,1,1,651.9999999999994,1
OUTER_TRAINING_INNER,mpx_002,mpx_004,mpx_004,19,19,0.31039290451402174,0.7335074535610667,1931.5234564953914,0,1,1,526.9999999999994,1
OUTER_TRAINING_INNER,mpx_002,mpx_004,mpx_004,20,20,0.25471815122649594,0.6760890872266007,1308.6084960969947,0,1,1,635.0000000000033,1
OUTER_TRAINING_INNER,mpx_002,mpx_004,mpx_004,21,21,0.2308263695335447,0.6286913041529177,1183.6230685563426,0,,0,377.99999999999926,1
OUTER_TRAINING_INNER,mpx_002,mpx_004,mpx_004,22,22,0.22921036469009953,0.6079334387654196,1259.0524299381932,0,,0,437.99999999999693,1
OUTER_TRAINING_INNER,mpx_002,mpx_004,mpx_004,23,23,0.2311099021157537,0.5795332486449829,1464.213552168761,0,1,1,185.99999999999747,1
OUTER_TRAINING_INNER,mpx_002,mpx_004,mpx_004,24,24,0.18235712454420827,0.5072729563805648,813.5195369816386,0,,0,182.99999999999815,1
OUTER_TRAINING_INNER,mpx_002,mpx_004,mpx_004,25,25,0.18332227460865957,0.4972348117942866,898.7898131886869,0,0,1,118.00000000000156,1
OUTER_TRAINING_INNER,mpx_002,mpx_004,mpx_004,26,26,0.15652607670811913,0.4332313444896489,589.4239025405274,0,0,1,72.00000000000067,1
OUTER_TRAINING_INNER,mpx_002,mpx_004,mpx_004,27,27,0.13798461625259856,0.39360379027903386,276.7477071468752,0,,0,82.00000000000408,1
OUTER_TRAINING_INNER,mpx_002,mpx_004,mpx_004,28,28,0.1358146274585462,0.3900605570733521,215.33251222644066,0,,0,17.000000000001815,1
OUTER_TRAINING_INNER,mpx_002,mpx_004,mpx_004,29,29,0.1326546711320337,0.3815479524249359,164.06994126935808,0,,0,17.000000000001815,1
OUTER_TRAINING_INNER,mpx_002,mpx_004,mpx_004,30,30,0.14576319709393365,0.40409117331415323,408.44148026692926,0,,0,0.0,1
OUTER_TRAINING_INNER,mpx_002,mpx_004,mpx_004,31,31,0.1388491220216515,0.3914843533288799,278.09865951651,0,,0,0.0,1
OUTER_TRAINING_INNER,mpx_002,mpx_004,mpx_004,32,32,0.13226400353488768,0.3791960555749437,148.92836344405828,0,,0,0.0,1
OUTER_TRAINING_INNER,mpx_002,mpx_004,mpx_004,33,33,0.13130989911684096,0.37772633867945976,123.26185895851995,0,,0,0.0,1
OUTER_TRAINING_INNER,mpx_002,mpx_004,mpx_004,34,34,0.13038299508234266,0.376292761753289,98.16929796441264,0,,0,nan,0
OUTER_TRAINING_INNER,mpx_002,mpx_004,mpx_004,35,35,0.12948974467885568,0.37490491435856443,73.84510562859145,0,,0,nan,0
OUTER_TRAINING_INNER,mpx_002,mpx_004,mpx_004,36,36,0.12862867331779718,0.3735610589066643,50.26329016120758,0,,0,nan,0
OUTER_TRAINING_INNER,mpx_002,mpx_005,mpx_005,3,3,0.8811526268943399,0.9556501806160436,10521.83374608741,1,1,1,12022.0,1
OUTER_TRAINING_INNER,mpx_002,mpx_005,mpx_005,4,4,0.8258469450949477,0.9314437306632428,9327.201743866659,1,,0,8560.000000000002,1
OUTER_TRAINING_INNER,mpx_002,mpx_005,mpx_005,5,5,0.7703380944280256,0.9133119464213615,8252.723839063778,1,1,1,8196.000000000002,1
OUTER_TRAINING_INNER,mpx_002,mpx_005,mpx_005,6,6,0.7636537121386406,0.9169214843256943,7975.093942451077,1,1,1,11210.000000000002,1
OUTER_TRAINING_INNER,mpx_002,mpx_005,mpx_005,7,7,0.7198598323084617,0.9044893655606389,7224.675393326621,1,1,1,9394.999999999998,1
OUTER_TRAINING_INNER,mpx_002,mpx_005,mpx_005,8,8,0.7092686048552109,0.9171977291905808,6680.244946990577,1,1,1,11936.0,1
OUTER_TRAINING_INNER,mpx_002,mpx_005,mpx_005,9,9,0.6524027694576737,0.8934536699135233,6065.908023355957,1,1,1,8981.999999999996,1
OUTER_TRAINING_INNER,mpx_002,mpx_005,mpx_005,10,10,0.6331615791514631,0.8983649053024363,5605.9377425531475,1,1,1,8682.999999999996,1
OUTER_TRAINING_INNER,mpx_002,mpx_005,mpx_005,11,11,0.5637584160754879,0.8734029792443004,4827.635512371027,1,1,1,5811.999999999996,1
OUTER_TRAINING_INNER,mpx_002,mpx_005,mpx_005,12,12,0.5304954832879076,0.8664117144139573,4403.624500829043,1,,0,4132.000000000003,1
OUTER_TRAINING_INNER,mpx_002,mpx_005,mpx_005,13,13,0.42530473806424823,0.8105491814945777,3386.61165614245,0,,0,3279.000000000004,1
OUTER_TRAINING_INNER,mpx_002,mpx_005,mpx_005,14,14,0.3624652048012789,0.7679417406160447,2729.6429852641127,0,,0,2340.000000000002,1
OUTER_TRAINING_INNER,mpx_002,mpx_005,mpx_005,15,15,0.35449282268758087,0.7596577869448515,2660.327312625998,0,,0,1690.0000000000018,1
OUTER_TRAINING_INNER,mpx_002,mpx_005,mpx_005,16,16,0.31928298005378664,0.7333192428494922,2301.1168390088824,0,1,1,638.9999999999967,1
OUTER_TRAINING_INNER,mpx_002,mpx_005,mpx_005,17,17,0.290825876252202,0.6988411092424359,2021.8025213261985,0,1,1,1306.9999999999982,1
OUTER_TRAINING_INNER,mpx_002,mpx_005,mpx_005,18,18,0.3015206256425375,0.7212163880862444,2031.1414881571866,0,,0,1289.9999999999964,1
OUTER_TRAINING_INNER,mpx_002,mpx_005,mpx_005,19,19,0.3049324726151575,0.7679400706853846,1592.1644587853743,0,1,1,1226.9999999999993,1
OUTER_TRAINING_INNER,mpx_002,mpx_005,mpx_005,20,20,0.2650798436728916,0.7485190895213074,1020.275248011668,0,1,1,686.0000000000031,1
OUTER_TRAINING_INNER,mpx_002,mpx_005,mpx_005,21,21,0.2281986420115879,0.6941577443886301,798.5876720573974,0,1,1,319.0000000000013,1
OUTER_TRAINING_INNER,mpx_002,mpx_005,mpx_005,22,22,0.19275998052324722,0.6179059396849221,530.1678749016307,0,,0,239.00000000000244,1
OUTER_TRAINING_INNER,mpx_002,mpx_005,mpx_005,23,23,0.17649677978572714,0.5579851409751797,557.1294599574251,0,,0,114.99999999999656,1
OUTER_TRAINING_INNER,mpx_002,mpx_005,mpx_005,24,24,0.16706985282400214,0.5359231432988781,429.69118357099217,0,,0,240.00000000000222,1
OUTER_TRAINING_INNER,mpx_002,mpx_005,mpx_005,25,25,0.16455246412309435,0.5180537431363281,482.9904068568411,0,,0,216.000000000002,1
OUTER_TRAINING_INNER,mpx_002,mpx_005,mpx_005,26,26,0.15847511867873168,0.49395311337878195,461.06723373412837,0,,0,178.00000000000497,1
OUTER_TRAINING_INNER,mpx_002,mpx_005,mpx_005,27,27,0.27425879855036644,0.7246455269251142,1610.5296828501082,0,0,1,0.0,1
OUTER_TRAINING_INNER,mpx_002,mpx_005,mpx_005,28,28,0.20564954514277006,0.6194450029231846,848.957123720339,0,0,1,0.0,1
OUTER_TRAINING_INNER,mpx_002,mpx_005,mpx_005,29,29,0.1508460384885125,0.5024410240535309,90.1526628109321,0,0,1,0.0,1
OUTER_TRAINING_INNER,mpx_002,mpx_005,mpx_005,30,30,0.14966821863956858,0.5008283328312461,60.45372858442289,0,0,1,0.0,1
OUTER_TRAINING_INNER,mpx_002,mpx_005,mpx_005,31,31,0.14853362890881056,0.4992651863219663,31.65720374763538,0,0,1,0.0,1
OUTER_TRAINING_INNER,mpx_002,mpx_005,mpx_005,32,32,0.14743967083629528,0.49774891100157187,3.7153165749835466,0,0,1,nan,0
OUTER_TRAINING_INNER,mpx_002,mpx_005,mpx_005,33,33,0.14638538519210784,0.4962788727004933,0.0,0,0,1,nan,0
OUTER_TRAINING_INNER,mpx_002,mpx_005,mpx_005,34,34,0.1453676660691301,0.4948516371222653,0.0,0,0,1,nan,0
OUTER_TRAINING_INNER,mpx_002,mpx_006,mpx_006,3,3,0.878179856331827,0.9562845995762602,10560.208355635523,1,1,1,16202.000000000002,1
OUTER_TRAINING_INNER,mpx_002,mpx_006,mpx_006,4,4,0.8076264140046311,0.9315121645562064,9149.891642151126,1,,0,10009.999999999998,1
OUTER_TRAINING_INNER,mpx_002,mpx_006,mpx_006,5,5,0.7436531091233424,0.9053103836582096,8267.93637507993,1,1,1,8824.999999999998,1
OUTER_TRAINING_INNER,mpx_002,mpx_006,mpx_006,6,6,0.7253309046549978,0.909038912226812,7620.284035089315,1,1,1,2748.0,1
OUTER_TRAINING_INNER,mpx_002,mpx_006,mpx_006,7,7,0.7317444447668063,0.9301803354233781,7204.869812212676,1,,0,6090.000000000001,1
OUTER_TRAINING_INNER,mpx_002,mpx_006,mpx_006,8,8,0.6579522900011581,0.9054313289575877,6432.3179589300835,1,1,1,8053.000000000004,1
OUTER_TRAINING_INNER,mpx_002,mpx_006,mpx_006,9,9,0.6704364508295036,0.9156277723686509,6319.440632210893,1,,0,10693.0,1
OUTER_TRAINING_INNER,mpx_002,mpx_006,mpx_006,10,10,0.6259893232293208,0.8811749648542319,6192.19981740305,1,1,1,7261.000000000002,1
OUTER_TRAINING_INNER,mpx_002,mpx_006,mpx_006,11,11,0.6157934974035115,0.8996577075569872,5473.101353271054,1,1,1,5897.999999999999,1
OUTER_TRAINING_INNER,mpx_002,mpx_006,mpx_006,12,12,0.5897376589254034,0.8931315449338567,5225.372524444076,1,1,1,2806.9999999999977,1
OUTER_TRAINING_INNER,mpx_002,mpx_006,mpx_006,13,13,0.5214648805823157,0.8670454549316764,4608.50052940116,1,1,1,1639.9999999999961,1
OUTER_TRAINING_INNER,mpx_002,mpx_006,mpx_006,14,14,0.467070451622253,0.8378201418250366,4177.832527968573,1,,0,1329.9999999999986,1
OUTER_TRAINING_INNER,mpx_002,mpx_006,mpx_006,15,15,0.44113752274700285,0.8194777381829803,3998.3450516013977,1,1,1,2889.000000000002,1
OUTER_TRAINING_INNER,mpx_002,mpx_006,mpx_006,16,16,0.42002658587896297,0.8028867542489097,3832.93575743697,1,1,1,4718.000000000001,1
OUTER_TRAINING_INNER,mpx_002,mpx_006,mpx_006,17,17,0.44100176866450713,0.8150629705228566,4000.1129875028582,1,1,1,4975.999999999999,1
OUTER_TRAINING_INNER,mpx_002,mpx_006,mpx_006,18,18,0.480403328534007,0.8656279480373869,3792.440658799057,0,,0,3559.999999999997,1
OUTER_TRAINING_INNER,mpx_002,mpx_006,mpx_006,19,19,0.3806006250675766,0.831269961530548,2603.1734591531886,0,,0,2387.0000000000023,1
OUTER_TRAINING_INNER,mpx_002,mpx_006,mpx_006,20,20,0.30743796446695204,0.7860180196174344,1893.0041586595082,0,1,1,1679.0000000000043,1
OUTER_TRAINING_INNER,mpx_002,mpx_006,mpx_006,21,21,0.35129921936221037,0.8428497660182824,1825.5631033741756,0,,0,1108.0000000000036,1
OUTER_TRAINING_INNER,mpx_002,mpx_006,mpx_006,22,22,0.32160446278058724,0.8335279518312845,1444.2645777461062,0,,0,278.99999999999903,1
OUTER_TRAINING_INNER,mpx_002,mpx_006,mpx_006,23,23,0.3283333548512551,0.8508147433196651,1180.5539604997803,0,1,1,307.9999999999981,1
OUTER_TRAINING_INNER,mpx_002,mpx_006,mpx_006,24,24,0.2902695929652344,0.7606554637073053,1463.0936613567883,0,0,1,307.9999999999981,1
OUTER_TRAINING_INNER,mpx_002,mpx_006,mpx_006,25,25,0.19278313567741864,0.6367900362069541,558.6331218582671,0,,0,272.0000000000006,1
OUTER_TRAINING_INNER,mpx_002,mpx_006,mpx_006,26,26,0.20008441071509314,0.691096944726276,173.7104755818708,0,,0,0.0,1
OUTER_TRAINING_INNER,mpx_002,mpx_006,mpx_006,27,27,0.17602593787583384,0.6514783981247916,0.0,0,,0,0.0,1
OUTER_TRAINING_INNER,mpx_002,mpx_006,mpx_006,28,28,0.1519104290381392,0.6065808445331624,0.0,0,,0,0.0,1
OUTER_TRAINING_INNER,mpx_002,mpx_006,mpx_006,29,29,0.154880583576723,0.5436392324583798,368.8041390433867,0,0,1,0.0,1
OUTER_TRAINING_INNER,mpx_002,mpx_006,mpx_006,30,30,0.13802694571816107,0.5069826412205355,126.26639162325333,0,0,1,0.0,1
OUTER_TRAINING_INNER,mpx_002,mpx_006,mpx_006,31,31,0.12279503320305198,0.47033727606844256,0.0,0,0,1,0.0,1
OUTER_TRAINING_INNER,mpx_002,mpx_006,mpx_006,32,32,0.12187906649052148,0.46881760854113563,0.0,0,0,1,0.0,1
OUTER_TRAINING_INNER,mpx_002,mpx_006,mpx_006,33,33,0.1209974690598267,0.4673461166226366,0.0,0,0,1,0.0,1
OUTER_TRAINING_INNER,mpx_002,mpx_006,mpx_006,34,34,0.12014256853226493,0.46591157279139567,0.0,0,0,1,nan,0
OUTER_TRAINING_INNER,mpx_002,mpx_006,mpx_006,35,35,0.11931806097859743,0.46452010615951517,0.0,0,0,1,nan,0
OUTER_TRAINING_INNER,mpx_002,mpx_006,mpx_006,36,36,0.1185216694194101,0.4631686748920426,0.0,0,0,1,nan,0
OUTER_TRAINING_INNER,mpx_002,mpx_007,mpx_007,3,3,0.8633554258850864,0.9479282121760615,10004.175407562449,1,1,1,9875.999999999998,1
OUTER_TRAINING_INNER,mpx_002,mpx_007,mpx_007,4,4,0.8165529357445446,0.9370713015860737,8819.890028976915,1,1,1,13190.000000000002,1
OUTER_TRAINING_INNER,mpx_002,mpx_007,mpx_007,5,5,0.7986412186121459,0.9319194494082246,8399.274381544834,1,1,1,8086.999999999998,1
OUTER_TRAINING_INNER,mpx_002,mpx_007,mpx_007,6,6,0.7394435604629022,0.9137360086066285,7407.299348137989,1,1,1,7104.000000000004,1
OUTER_TRAINING_INNER,mpx_002,mpx_007,mpx_007,7,7,0.6961145782599903,0.8977761655244443,6783.739888928169,1,1,1,7542.0,1
OUTER_TRAINING_INNER,mpx_002,mpx_007,mpx_007,8,8,0.6368652390800528,0.8739319306550055,6063.713629787885,1,1,1,8043.0,1
OUTER_TRAINING_INNER,mpx_002,mpx_007,mpx_007,9,9,0.6269968529388874,0.8775096897008201,5812.462121949084,1,1,1,8152.999999999997,1
OUTER_TRAINING_INNER,mpx_002,mpx_007,mpx_007,10,10,0.5975917317916208,0.892826740659509,4970.273401166215,1,1,1,3253.999999999998,1
OUTER_TRAINING_INNER,mpx_002,mpx_007,mpx_007,11,11,0.5409661153163821,0.8676765119666752,4404.703376738589,1,1,1,4397.0,1
OUTER_TRAINING_INNER,mpx_002,mpx_007,mpx_007,12,12,0.48918775109005835,0.8511755667593959,3759.685393292061,1,1,1,2961.0000000000027,1
OUTER_TRAINING_INNER,mpx_002,mpx_007,mpx_007,13,13,0.46083194752499546,0.8288964374610539,3573.8470948640634,1,1,1,3321.0,1
OUTER_TRAINING_INNER,mpx_002,mpx_007,mpx_007,14,14,0.4825090287932011,0.836371173985927,3821.9893172799766,0,,0,880.9999999999984,1
OUTER_TRAINING_INNER,mpx_002,mpx_007,mpx_007,15,15,0.43446216168738583,0.8037914659402011,3397.954358980837,0,1,1,2508.9999999999973,1
OUTER_TRAINING_INNER,mpx_002,mpx_007,mpx_007,16,16,0.38745601248075184,0.790303862036563,2730.1458646194064,0,,0,2801.999999999999,1
OUTER_TRAINING_INNER,mpx_002,mpx_007,mpx_007,17,17,0.4363448335955287,0.8349049557933123,3009.0446300807225,0,,0,2894.000000000001,1
OUTER_TRAINING_INNER,mpx_002,mpx_007,mpx_007,18,18,0.3588016518452957,0.8049183599485797,2078.7888578522948,0,1,1,1149.0,1
OUTER_TRAINING_INNER,mpx_002,mpx_007,mpx_007,19,19,0.30297625531305433,0.7941979537194235,1183.618269366482,0,1,1,733.0000000000038,1
OUTER_TRAINING_INNER,mpx_002,mpx_007,mpx_007,20,20,0.2876563490125411,0.7581263348023711,1253.4700576049477,0,1,1,622.0000000000006,1
OUTER_TRAINING_INNER,mpx_002,mpx_007,mpx_007,21,21,0.2787354889137884,0.7439238831636474,1189.604830107853,0,1,1,631.9999999999983,1
OUTER_TRAINING_INNER,mpx_002,mpx_007,mpx_007,22,22,0.22420332001745985,0.6502702830695549,844.9901946995122,0,,0,163.9999999999968,1
OUTER_TRAINING_INNER,mpx_002,mpx_007,mpx_007,23,23,0.21311550165760032,0.6574774242889718,507.22689833474146,0,1,1,419.00000000000125,1
OUTER_TRAINING_INNER,mpx_002,mpx_007,mpx_007,24,24,0.19149829716520744,0.605170978464493,360.9650833178331,0,,0,439.0000000000024,1
OUTER_TRAINING_INNER,mpx_002,mpx_007,mpx_007,25,25,0.17740988750617973,0.5449520570444069,435.0589900166009,0,,0,336.0000000000031,1
OUTER_TRAINING_INNER,mpx_002,mpx_007,mpx_007,26,26,0.1519281282110903,0.4879744984491443,121.41692405408156,0,0,1,119.00000000000134,1
OUTER_TRAINING_INNER,mpx_002,mpx_007,mpx_007,27,27,0.14227212580553983,0.45488125833848514,41.14926094123028,0,,0,71.0000000000009,1
OUTER_TRAINING_INNER,mpx_002,mpx_007,mpx_007,28,28,0.1404725505134273,0.45606582642401,0.0,0,0,1,54.99999999999885,1
OUTER_TRAINING_INNER,mpx_002,mpx_007,mpx_007,29,29,0.135965574381206,0.4332856434925868,0.0,0,,0,0.0,1
OUTER_TRAINING_INNER,mpx_002,mpx_007,mpx_007,30,30,0.1294665356072732,0.4180503438816752,0.0,0,,0,0.0,1
OUTER_TRAINING_INNER,mpx_002,mpx_007,mpx_007,31,31,0.12564403669795093,0.40905003101426773,0.0,0,,0,0.0,1
OUTER_TRAINING_INNER,mpx_002,mpx_007,mpx_007,32,32,0.1247068595890942,0.4074945962295112,0.0,0,,0,0.0,1
OUTER_TRAINING_INNER,mpx_002,mpx_007,mpx_007,33,33,0.12380115232153394,0.4059840516094773,0.0,0,,0,nan,0
OUTER_TRAINING_INNER,mpx_002,mpx_007,mpx_007,34,34,0.12292769113209215,0.4045199981907497,0.0,0,,0,nan,0
OUTER_TRAINING_INNER,mpx_002,mpx_007,mpx_007,35,35,0.1220631523054024,0.4030668027197392,0.0,0,,0,nan,0
OUTER_TRAINING_INNER,mpx_002,mpx_008,mpx_008,3,3,0.8879869991454563,0.9543842149217651,10559.706115706773,1,1,1,16309.0,1
OUTER_TRAINING_INNER,mpx_002,mpx_008,mpx_008,4,4,0.838594226416311,0.937883506884426,9293.461646885658,1,1,1,13634.000000000004,1
OUTER_TRAINING_INNER,mpx_002,mpx_008,mpx_008,5,5,0.7809522436045379,0.914159412402486,8366.219897402165,1,1,1,13576.0,1
OUTER_TRAINING_INNER,mpx_002,mpx_008,mpx_008,6,6,0.7750751151399964,0.9319027512834583,7711.365842042958,1,1,1,10204.999999999996,1
OUTER_TRAINING_INNER,mpx_002,mpx_008,mpx_008,7,7,0.7263778374268084,0.9361968666483681,6631.219227218315,1,1,1,7451.999999999998,1
OUTER_TRAINING_INNER,mpx_002,mpx_008,mpx_008,8,8,0.6471793907075409,0.8923724466365431,6047.543411446493,1,1,1,6065.000000000001,1
OUTER_TRAINING_INNER,mpx_002,mpx_008,mpx_008,9,9,0.5950965999578682,0.8738830007047445,5415.854554811209,1,1,1,2917.0000000000014,1
OUTER_TRAINING_INNER,mpx_002,mpx_008,mpx_008,10,10,0.5526036213855615,0.8857653182168619,4628.078300553874,1,,0,1457.999999999998,1
OUTER_TRAINING_INNER,mpx_002,mpx_008,mpx_008,11,11,0.5069663546331175,0.8626951303742735,4251.6684143675875,1,1,1,3200.999999999999,1
OUTER_TRAINING_INNER,mpx_002,mpx_008,mpx_008,12,12,0.5028873819336321,0.8655348030077394,4112.333995296468,1,1,1,3494.0000000000005,1
OUTER_TRAINING_INNER,mpx_002,mpx_008,mpx_008,13,13,0.5037047001787859,0.8681150945842626,4045.218770467778,1,1,1,4109.000000000003,1
OUTER_TRAINING_INNER,mpx_002,mpx_008,mpx_008,14,14,0.5320330681135639,0.872741970313971,4285.476172183263,1,1,1,4693.000000000001,1
OUTER_TRAINING_INNER,mpx_002,mpx_008,mpx_008,15,15,0.4375191963554887,0.8079302691825951,3596.987905719533,1,1,1,4020.0000000000005,1
OUTER_TRAINING_INNER,mpx_002,mpx_008,mpx_008,16,16,0.370746141498704,0.7797758158163198,2861.0362796425184,0,1,1,3303.999999999998,1
OUTER_TRAINING_INNER,mpx_002,mpx_008,mpx_008,17,17,0.399985020364249,0.778410398489764,3141.088286904174,0,,0,1000.9999999999995,1
OUTER_TRAINING_INNER,mpx_002,mpx_008,mpx_008,18,18,0.3556793144761353,0.7625996524507336,2627.0320885696888,0,,0,1258.9999999999977,1
OUTER_TRAINING_INNER,mpx_002,mpx_008,mpx_008,19,19,0.29809166209260174,0.7245167848170659,1995.832470490914,0,1,1,686.0000000000031,1
OUTER_TRAINING_INNER,mpx_002,mpx_008,mpx_008,20,20,0.29369281569973654,0.7438720260198727,1776.0347824338673,0,1,1,528.999999999999,1
OUTER_TRAINING_INNER,mpx_002,mpx_008,mpx_008,21,21,0.26538405697628537,0.7219682384355812,1438.8695697097276,0,1,1,1065.000000000002,1
OUTER_TRAINING_INNER,mpx_002,mpx_008,mpx_008,22,22,0.2637950036443014,0.678720978159014,1630.6148103497587,0,1,1,1399.0,1
OUTER_TRAINING_INNER,mpx_002,mpx_008,mpx_008,23,23,0.24888347439945968,0.6574538346440123,1480.4525331166603,0,,0,1629.0000000000043,1
OUTER_TRAINING_INNER,mpx_002,mpx_008,mpx_008,24,24,0.2907859334059818,0.7081891276851535,1822.0920205175316,0,,0,777.9999999999991,1
OUTER_TRAINING_INNER,mpx_002,mpx_008,mpx_008,25,25,0.21514841160642667,0.606893628071999,1014.8685589000771,0,,0,350.9999999999997,1
OUTER_TRAINING_INNER,mpx_002,mpx_008,mpx_008,26,26,0.19022788632937823,0.5509727314971696,765.5968918602853,0,0,1,74.99999999999999,1
OUTER_TRAINING_INNER,mpx_002,mpx_008,mpx_008,27,27,0.15839381138295358,0.49574558730797247,318.9424175461976,0,0,1,13.000000000002725,1
OUTER_TRAINING_INNER,mpx_002,mpx_008,mpx_008,28,28,0.15262062015576444,0.4815543715325698,226.5578730178092,0,,0,0.0,1
OUTER_TRAINING_INNER,mpx_002,mpx_008,mpx_008,29,29,0.14389125678337972,0.4614581558512063,102.01350221126984,0,,0,0.0,1
OUTER_TRAINING_INNER,mpx_002,mpx_008,mpx_008,30,30,0.1375833899775365,0.44656076835942754,4.697568857204828,0,,0,0.0,1
OUTER_TRAINING_INNER,mpx_002,mpx_008,mpx_008,31,31,0.13653921738260216,0.4449163823951669,0.0,0,,0,0.0,1
OUTER_TRAINING_INNER,mpx_002,mpx_008,mpx_008,32,32,0.13553434764194028,0.44332504276361545,0.0,0,,0,0.0,1
OUTER_TRAINING_INNER,mpx_002,mpx_008,mpx_008,33,33,0.13456450974193382,0.44178108613908856,0.0,0,,0,nan,0
OUTER_TRAINING_INNER,mpx_002,mpx_008,mpx_008,34,34,0.13362791144733835,0.44028236085786193,0.0,0,,0,nan,0
OUTER_TRAINING_INNER,mpx_002,mpx_008,mpx_008,35,35,0.13271266280795904,0.43881179537685056,0.0,0,,0,nan,0
OUTER_TRAINING_INNER,mpx_002,mpx_009,mpx_009,3,3,0.8829267366775839,0.9562143586508023,10584.465246469517,1,1,1,11873.0,1
OUTER_TRAINING_INNER,mpx_002,mpx_009,mpx_009,4,4,0.8289433693266557,0.9429687801479827,9182.258171133151,1,,0,8400.000000000002,1
OUTER_TRAINING_INNER,mpx_002,mpx_009,mpx_009,5,5,0.7810524655859199,0.9384713021314401,8123.827064851625,1,1,1,8474.000000000002,1
OUTER_TRAINING_INNER,mpx_002,mpx_009,mpx_009,6,6,0.7784551153481708,0.928934980253754,8227.260134933325,1,1,1,11294.000000000002,1
OUTER_TRAINING_INNER,mpx_002,mpx_009,mpx_009,7,7,0.7122348285756821,0.9033909483765314,7272.520919887093,1,1,1,10927.999999999996,1
OUTER_TRAINING_INNER,mpx_002,mpx_009,mpx_009,8,8,0.7033218806589259,0.9183791642398514,6805.80199835206,1,1,1,11375.999999999996,1
OUTER_TRAINING_INNER,mpx_002,mpx_009,mpx_009,9,9,0.658733589938275,0.9112778841845289,6028.876700080629,1,1,1,8141.0,1
OUTER_TRAINING_INNER,mpx_002,mpx_009,mpx_009,10,10,0.6220593671711423,0.900015848880882,5550.504667441198,1,1,1,4396.0,1
OUTER_TRAINING_INNER,mpx_002,mpx_009,mpx_009,11,11,0.5368588040490011,0.8775897124709702,4614.293320621719,1,,0,2846.0000000000005,1
OUTER_TRAINING_INNER,mpx_002,mpx_009,mpx_009,12,12,0.49703153888865875,0.8568022639341145,4226.13949741247,1,1,1,2088.9999999999964,1
OUTER_TRAINING_INNER,mpx_002,mpx_009,mpx_009,13,13,0.4516433994225282,0.8320365580827599,3860.7489796805316,1,1,1,3509.0000000000027,1
OUTER_TRAINING_INNER,mpx_002,mpx_009,mpx_009,14,14,0.40906569314264135,0.8081377723022398,3450.9841825423864,1,,0,4806.000000000004,1
OUTER_TRAINING_INNER,mpx_002,mpx_009,mpx_009,15,15,0.41790870125224144,0.7920656318169973,3670.8030894595177,1,,0,4282.000000000003,1
OUTER_TRAINING_INNER,mpx_002,mpx_009,mpx_009,16,16,0.4222031709544395,0.794992073546432,3591.52698431986,0,1,1,3074.999999999999,1
OUTER_TRAINING_INNER,mpx_002,mpx_009,mpx_009,17,17,0.33034789641729323,0.7660242089038807,2425.1636929857923,0,,0,1404.9999999999986,1
OUTER_TRAINING_INNER,mpx_002,mpx_009,mpx_009,18,18,0.2669055581810531,0.7169506693015657,1777.6336047102427,0,,0,628.999999999999,1
OUTER_TRAINING_INNER,mpx_002,mpx_009,mpx_009,19,19,0.30069414833082597,0.763590706147147,1922.4211001012725,0,1,1,902.9999999999991,1
OUTER_TRAINING_INNER,mpx_002,mpx_009,mpx_009,20,20,0.27175849122450724,0.7212832983333332,1740.589577974946,0,,0,1315.000000000002,1
OUTER_TRAINING_INNER,mpx_002,mpx_009,mpx_009,21,21,0.24815640769254582,0.689906739877668,1539.7045640133501,0,,0,1348.0000000000002,1
OUTER_TRAINING_INNER,mpx_002,mpx_009,mpx_009,22,22,0.26257734354457146,0.7423009750571335,1249.8983170110503,0,1,1,900.9999999999995,1
OUTER_TRAINING_INNER,mpx_002,mpx_009,mpx_009,23,23,0.23230458419136804,0.7006946485422609,1002.22329521242,0,1,1,564.9999999999965,1
OUTER_TRAINING_INNER,mpx_002,mpx_009,mpx_009,24,24,0.19255563450433716,0.6365276886636502,655.8721718311756,0,1,1,571.0000000000008,1
OUTER_TRAINING_INNER,mpx_002,mpx_009,mpx_009,25,25,0.20866949036189028,0.6478497551789015,868.872134366324,0,,0,274.99999999999994,1
OUTER_TRAINING_INNER,mpx_002,mpx_009,mpx_009,26,26,0.21234214468542306,0.6621227824275875,837.8074554890145,0,,0,76.99999999999953,1
OUTER_TRAINING_INNER,mpx_002,mpx_009,mpx_009,27,27,0.22941677784855513,0.6852659492403981,1027.357048741526,0,0,1,12.99999999999704,1
OUTER_TRAINING_INNER,mpx_002,mpx_009,mpx_009,28,28,0.1956095287599798,0.6381062158202613,621.9999268953195,0,0,1,0.0,1
OUTER_TRAINING_INNER,mpx_002,mpx_009,mpx_009,29,29,0.18399266305690504,0.6222966459941818,473.55004269866146,0,0,1,0.0,1
OUTER_TRAINING_INNER,mpx_002,mpx_009,mpx_009,30,30,0.16530566494916116,0.5966619656452906,221.65598384715767,0,0,1,0.0,1
OUTER_TRAINING_INNER,mpx_002,mpx_009,mpx_009,31,31,0.16395510593458307,0.5948866952904341,190.94931473428076,0,0,1,0.0,1
OUTER_TRAINING_INNER,mpx_002,mpx_009,mpx_009,32,32,0.16264520692450712,0.5931494122463419,160.99966891905254,0,0,1,0.0,1
OUTER_TRAINING_INNER,mpx_002,mpx_009,mpx_009,33,33,0.161509684841476,0.591722616831119,133.51971227194647,0,0,1,0.0,1
OUTER_TRAINING_INNER,mpx_002,mpx_009,mpx_009,34,34,0.1604130069122345,0.5903355592556979,106.82957766012171,0,0,1,nan,0
OUTER_TRAINING_INNER,mpx_002,mpx_009,mpx_009,35,35,0.15935266040038273,0.5889858863838164,80.88110275429156,0,0,1,nan,0
OUTER_TRAINING_INNER,mpx_002,mpx_009,mpx_009,36,36,0.15832721270874153,0.587672452169683,55.652589302037114,0,0,1,nan,0
OUTER_TRAINING_INNER,mpx_002,mpx_010,mpx_010,3,3,0.8818209228725691,0.9524515403885253,10739.489335839686,1,1,1,11898.000000000002,1
OUTER_TRAINING_INNER,mpx_002,mpx_010,mpx_010,4,4,0.8267354722380712,0.9312766926212777,9468.993946800234,1,,0,8578.999999999996,1
OUTER_TRAINING_INNER,mpx_002,mpx_010,mpx_010,5,5,0.7673692387746297,0.9118245067975111,8436.180064809636,1,1,1,8547.000000000002,1
OUTER_TRAINING_INNER,mpx_002,mpx_010,mpx_010,6,6,0.767182234309481,0.9203061375535001,8147.466707895139,1,1,1,11191.0,1
OUTER_TRAINING_INNER,mpx_002,mpx_010,mpx_010,7,7,0.7004217352116004,0.885709383417899,7384.694836513094,1,1,1,7695.0000000000055,1
OUTER_TRAINING_INNER,mpx_002,mpx_010,mpx_010,8,8,0.7069448846500085,0.9202465547436799,6772.991538588587,1,1,1,11511.999999999995,1
OUTER_TRAINING_INNER,mpx_002,mpx_010,mpx_010,9,9,0.6747487883557045,0.9138850199287573,6210.151047325154,1,1,1,7552.999999999997,1
OUTER_TRAINING_INNER,mpx_002,mpx_010,mpx_010,10,10,0.6403300341714563,0.9009132966034104,5863.261059416557,1,,0,8195.999999999998,1
OUTER_TRAINING_INNER,mpx_002,mpx_010,mpx_010,11,11,0.5900883855352836,0.8921524395654226,5080.081890173485,1,1,1,3020.0000000000005,1
OUTER_TRAINING_INNER,mpx_002,mpx_010,mpx_010,12,12,0.5294421561541804,0.8680036814096753,4510.417450010493,1,,0,1836.0000000000027,1
OUTER_TRAINING_INNER,mpx_002,mpx_010,mpx_010,13,13,0.47994933105116566,0.8487683690087044,3992.072203040546,1,1,1,1426.9999999999993,1
OUTER_TRAINING_INNER,mpx_002,mpx_010,mpx_010,14,14,0.4339396205976928,0.8098696674505502,3729.276685918103,1,,0,2836.0000000000027,1
OUTER_TRAINING_INNER,mpx_002,mpx_010,mpx_010,15,15,0.4160166977566893,0.7916825415933785,3609.909937584529,1,1,1,4509.999999999996,1
OUTER_TRAINING_INNER,mpx_002,mpx_010,mpx_010,16,16,0.42490235320664294,0.7680045729621657,3941.3821998721655,1,1,1,4244.0,1
OUTER_TRAINING_INNER,mpx_002,mpx_010,mpx_010,17,17,0.4526501256748654,0.8428898461345276,3487.013129156178,0,,0,3041.0000000000014,1
OUTER_TRAINING_INNER,mpx_002,mpx_010,mpx_010,18,18,0.3705782066136421,0.8252600051034822,2406.8702109341675,0,1,1,1336.000000000003,1
OUTER_TRAINING_INNER,mpx_002,mpx_010,mpx_010,19,19,0.3151971043572032,0.7908842076703557,1873.4618628951152,0,1,1,563.9999999999967,1
OUTER_TRAINING_INNER,mpx_002,mpx_010,mpx_010,20,20,0.32760375150369225,0.7799109976087003,2147.518791764141,0,,0,315.9999999999963,1
OUTER_TRAINING_INNER,mpx_002,mpx_010,mpx_010,21,21,0.2870449514182225,0.7418826024245765,1746.6600423583,0,,0,161.99999999999724,1
OUTER_TRAINING_INNER,mpx_002,mpx_010,mpx_010,22,22,0.26186915593027177,0.7085336364026662,1557.7391595079932,0,1,1,772.0000000000005,1
OUTER_TRAINING_INNER,mpx_002,mpx_010,mpx_010,23,23,0.2865723839062382,0.739114041484692,1699.9561518698727,0,1,1,1166.0000000000018,1
OUTER_TRAINING_INNER,mpx_002,mpx_010,mpx_010,24,24,0.2585118420140686,0.711446064859212,1398.2569141442036,0,1,1,1224.9999999999998,1
OUTER_TRAINING_INNER,mpx_002,mpx_010,mpx_010,25,25,0.235104217102532,0.6996702443472702,1026.5258755263842,0,1,1,894.0000000000011,1
OUTER_TRAINING_INNER,mpx_002,mpx_010,mpx_010,26,26,0.24079396176819773,0.7266453406802884,887.0321276790669,0,,0,360.99999999999744,1
OUTER_TRAINING_INNER,mpx_002,mpx_010,mpx_010,27,27,0.2066284295246371,0.6766857550549633,560.3125731613255,0,1,1,327.99999999999926,1
OUTER_TRAINING_INNER,mpx_002,mpx_010,mpx_010,28,28,0.21271520998005994,0.7155300262642343,363.1625186197473,0,0,1,36.999999999997264,1
OUTER_TRAINING_INNER,mpx_002,mpx_010,mpx_010,29,29,0.2082586176992329,0.6972685008089033,406.3753667569159,0,0,1,25.999999999999766,1
OUTER_TRAINING_INNER,mpx_002,mpx_010,mpx_010,30,30,0.19771226167919206,0.6642473371245955,402.8505108126129,0,,0,0.0,1
OUTER_TRAINING_INNER,mpx_002,mpx_010,mpx_010,31,31,0.2018939700407362,0.5573208680749856,1056.0956084541306,0,,0,0.0,1
OUTER_TRAINING_INNER,mpx_002,mpx_010,mpx_010,32,32,0.14565618257219692,0.44989191132982376,369.4979667933327,0,0,1,0.0,1
OUTER_TRAINING_INNER,mpx_002,mpx_010,mpx_010,33,33,0.1047820596407274,0.35789398259046934,0.0,0,0,1,0.0,1
OUTER_TRAINING_INNER,mpx_002,mpx_010,mpx_010,34,34,0.10285288119282894,0.3532925359790681,0.0,0,0,1,0.0,1
OUTER_TRAINING_INNER,mpx_002,mpx_010,mpx_010,35,35,0.10213574365302604,0.3519862097941906,0.0,0,0,1,0.0,1
OUTER_TRAINING_INNER,mpx_002,mpx_010,mpx_010,36,36,0.10144071139561357,0.3507148905826137,0.0,0,0,1,0.0,1
OUTER_TRAINING_INNER,mpx_002,mpx_010,mpx_010,37,37,0.10076773059453692,0.34947872632711496,0.0,0,0,1,0.0,1
OUTER_TRAINING_INNER,mpx_002,mpx_010,mpx_010,38,38,0.10011677179449185,0.34827791337927533,0.0,0,0,1,nan,0
OUTER_TRAINING_INNER,mpx_002,mpx_010,mpx_010,39,39,0.09948509120716835,0.3471080721674837,0.0,0,0,1,nan,0
OUTER_TRAINING_INNER,mpx_002,mpx_010,mpx_010,40,40,0.09886371473579596,0.34595419562936175,0.0,0,0,1,nan,0
OUTER_TRAINING_INNER,mpx_003,mpx_001,mpx_001,3,3,0.8761485890879,0.9437226969462539,11465.293279465099,1,1,1,11143.999999999998,1
OUTER_TRAINING_INNER,mpx_003,mpx_001,mpx_001,4,4,0.8009507261245972,0.9033091373143638,10032.132687238634,1,,0,8574.000000000002,1
OUTER_TRAINING_INNER,mpx_003,mpx_001,mpx_001,5,5,0.7469663936894646,0.8972967600778715,8751.96707537181,1,1,1,8540.999999999998,1
OUTER_TRAINING_INNER,mpx_003,mpx_001,mpx_001,6,6,0.7504258466284097,0.903335115966981,8600.644504624088,1,1,1,6961.000000000002,1
OUTER_TRAINING_INNER,mpx_003,mpx_001,mpx_001,7,7,0.7013445259439499,0.8938374669450092,7616.830329214752,1,1,1,2499.9999999999995,1
OUTER_TRAINING_INNER,mpx_003,mpx_001,mpx_001,8,8,0.6868675194914419,0.9051888645275115,7027.117815367436,1,,0,6284.000000000002,1
OUTER_TRAINING_INNER,mpx_003,mpx_001,mpx_001,9,9,0.6142483101786276,0.874669976402594,6214.582428892225,1,,0,7054.999999999997,1
OUTER_TRAINING_INNER,mpx_003,mpx_001,mpx_001,10,10,0.5605487059088695,0.8510420394919402,5652.439137794126,1,1,1,11917.0,1
OUTER_TRAINING_INNER,mpx_003,mpx_001,mpx_001,11,11,0.6167522469303369,0.8764667229175571,5996.75827410617,1,1,1,7568.0,1
OUTER_TRAINING_INNER,mpx_003,mpx_001,mpx_001,12,12,0.565964334869892,0.8614173384395909,5380.2745243018535,1,1,1,7904.000000000003,1
OUTER_TRAINING_INNER,mpx_003,mpx_001,mpx_001,13,13,0.5651068649515443,0.8773703898982116,4901.75987560766,1,1,1,2673.9999999999995,1
OUTER_TRAINING_INNER,mpx_003,mpx_001,mpx_001,14,14,0.5045817134456514,0.8418723945465574,4494.497535251796,1,1,1,1854.9999999999984,1
OUTER_TRAINING_INNER,mpx_003,mpx_001,mpx_001,15,15,0.43520398658743886,0.8078559954721598,3769.025891312177,1,1,1,486.99999999999716,1
OUTER_TRAINING_INNER,mpx_003,mpx_001,mpx_001,16,16,0.40793940856332594,0.7862560922157221,3551.4935665229195,1,,0,1658.0000000000034,1
OUTER_TRAINING_INNER,mpx_003,mpx_001,mpx_001,17,17,0.40845008589051135,0.7913620135665668,3460.005487802974,1,1,1,3888.000000000002,1
OUTER_TRAINING_INNER,mpx_003,mpx_001,mpx_001,18,18,0.3844239481779867,0.776399036248452,3216.3714570908087,1,1,1,5014.000000000002,1
OUTER_TRAINING_INNER,mpx_003,mpx_001,mpx_001,19,19,0.4270438803793671,0.8088769378560343,3433.24865844155,0,,0,4327.999999999998,1
OUTER_TRAINING_INNER,mpx_003,mpx_001,mpx_001,20,20,0.36874742885431283,0.777703262838023,2662.3033039234383,0,1,1,2030.9999999999982,1
OUTER_TRAINING_INNER,mpx_003,mpx_001,mpx_001,21,21,0.2579601096635151,0.6655866516818798,1693.5934728788384,0,,0,1246.0000000000007,1
OUTER_TRAINING_INNER,mpx_003,mpx_001,mpx_001,22,22,0.2358554518522339,0.631738240154218,1412.17270871828,0,,0,481.9999999999983,1
OUTER_TRAINING_INNER,mpx_003,mpx_001,mpx_001,23,23,0.21034522885280277,0.5791905365766574,1228.8253730621889,0,1,1,415.00000000000216,1
OUTER_TRAINING_INNER,mpx_003,mpx_001,mpx_001,24,24,0.1786047166001997,0.5391841646217835,707.0930181518886,0,,0,138.0000000000027,1
OUTER_TRAINING_INNER,mpx_003,mpx_001,mpx_001,25,25,0.16308809411356054,0.5197205743347065,423.9933837568602,0,,0,111.00000000000315,1
OUTER_TRAINING_INNER,mpx_003,mpx_001,mpx_001,26,26,0.1603999768947981,0.5330131567909338,200.68523237860666,0,,0,81.9999999999984,1
OUTER_TRAINING_INNER,mpx_003,mpx_001,mpx_001,27,27,0.15396390317450548,0.48997244308193916,290.25309843309105,0,0,1,17.999999999995904,1
OUTER_TRAINING_INNER,mpx_003,mpx_001,mpx_001,28,28,0.15124122843219173,0.5021801629665691,96.62606280837869,0,,0,17.999999999995904,1
OUTER_TRAINING_INNER,mpx_003,mpx_001,mpx_001,29,29,0.1367437036976713,0.4708728376862972,0.0,0,,0,0.0,1
OUTER_TRAINING_INNER,mpx_003,mpx_001,mpx_001,30,30,0.1280209437366309,0.45261426301534213,0.0,0,,0,0.0,1
OUTER_TRAINING_INNER,mpx_003,mpx_001,mpx_001,31,31,0.12457105264710291,0.44534261169279105,0.0,0,,0,0.0,1
OUTER_TRAINING_INNER,mpx_003,mpx_001,mpx_001,32,32,0.12363354146963146,0.4436918208537912,0.0,0,,0,0.0,1
OUTER_TRAINING_INNER,mpx_003,mpx_001,mpx_001,33,33,0.12272937599785547,0.44209096008975374,0.0,0,,0,nan,0
OUTER_TRAINING_INNER,mpx_003,mpx_001,mpx_001,34,34,0.1218566864608505,0.44053751084511894,0.0,0,,0,nan,0
OUTER_TRAINING_INNER,mpx_003,mpx_001,mpx_001,35,35,0.12101185097653669,0.43902609260274744,0.0,0,,0,nan,0
OUTER_TRAINING_INNER,mpx_003,mpx_002,mpx_002,3,3,0.8782267626626944,0.9477528617389768,10933.252242821043,1,1,1,15128.000000000002,1
OUTER_TRAINING_INNER,mpx_003,mpx_002,mpx_002,4,4,0.8086184881670238,0.9177366939088649,9424.395442855468,1,,0,15646.0,1
OUTER_TRAINING_INNER,mpx_003,mpx_002,mpx_002,5,5,0.7543600572271518,0.8995651051660822,8444.268086199452,1,1,1,15116.999999999998,1
OUTER_TRAINING_INNER,mpx_003,mpx_002,mpx_002,6,6,0.7635164544171914,0.9162631435563059,8149.517834099082,1,,0,11099.999999999998,1
OUTER_TRAINING_INNER,mpx_003,mpx_002,mpx_002,7,7,0.7141429317473895,0.9277395632255624,6609.973193623063,1,1,1,4104.999999999998,1
OUTER_TRAINING_INNER,mpx_003,mpx_002,mpx_002,8,8,0.6259780505679421,0.8726461482611397,6136.194103865372,1,,0,4837.000000000002,1
OUTER_TRAINING_INNER,mpx_003,mpx_002,mpx_002,9,9,0.5722233674489972,0.862002589799273,5330.4079193387015,1,1,1,5665.000000000001,1
OUTER_TRAINING_INNER,mpx_003,mpx_002,mpx_002,10,10,0.5317059298359799,0.8341058904673009,5047.929975443224,1,1,1,5517.000000000001,1
OUTER_TRAINING_INNER,mpx_003,mpx_002,mpx_002,11,11,0.53850623702565,0.8630991895253106,4695.430789812854,1,,0,5848.999999999999,1
OUTER_TRAINING_INNER,mpx_003,mpx_002,mpx_002,12,12,0.5720442903599586,0.9051278222540606,4408.542649464221,1,,0,4123.999999999999,1
OUTER_TRAINING_INNER,mpx_003,mpx_002,mpx_002,13,13,0.499273512830367,0.8562788640536264,4067.808568728863,1,,0,3666.0000000000014,1
OUTER_TRAINING_INNER,mpx_003,mpx_002,mpx_002,14,14,0.43642090137983935,0.8469296840504934,3177.8452939486624,0,1,1,1594.000000000001,1
OUTER_TRAINING_INNER,mpx_003,mpx_002,mpx_002,15,15,0.43737958151677697,0.8574047690714065,2981.1416412333006,0,1,1,2349.9999999999995,1
OUTER_TRAINING_INNER,mpx_003,mpx_002,mpx_002,16,16,0.39412689310306487,0.8295458686378537,2628.76399111726,0,,0,2031.999999999998,1
OUTER_TRAINING_INNER,mpx_003,mpx_002,mpx_002,17,17,0.3682397933622916,0.8116261593675881,2373.206279926858,0,1,1,2430.999999999998,1
OUTER_TRAINING_INNER,mpx_003,mpx_002,mpx_002,18,18,0.34236691311871714,0.7912024269465329,2084.6335370285115,0,1,1,955.9999999999984,1
OUTER_TRAINING_INNER,mpx_003,mpx_002,mpx_002,19,19,0.29623552596146463,0.7648054715261055,1454.1578965617866,0,,0,909.0000000000034,1
OUTER_TRAINING_INNER,mpx_003,mpx_002,mpx_002,20,20,0.24049295465854437,0.6529392917586233,1370.318725213881,0,1,1,380.9999999999986,1
OUTER_TRAINING_INNER,mpx_003,mpx_002,mpx_002,21,21,0.21274206418778346,0.607591790882507,1090.131231921359,0,,0,127.99999999999929,1
OUTER_TRAINING_INNER,mpx_003,mpx_002,mpx_002,22,22,0.18109582015240258,0.5390069783694996,789.7236090485127,0,1,1,326.9999999999995,1
OUTER_TRAINING_INNER,mpx_003,mpx_002,mpx_002,23,23,0.16666047792799837,0.5066132184928582,613.2068451317189,0,1,1,309.0000000000036,1
OUTER_TRAINING_INNER,mpx_003,mpx_002,mpx_002,24,24,0.19527832315805144,0.5677545625221095,884.461161449215,0,,0,399.9999999999999,1
OUTER_TRAINING_INNER,mpx_003,mpx_002,mpx_002,25,25,0.14442877465624118,0.4443304553060087,364.4144587033906,0,,0,90.99999999999635,1
OUTER_TRAINING_INNER,mpx_003,mpx_002,mpx_002,26,26,0.12550238684810347,0.4024928749764523,45.04742140828449,0,,0,129.99999999999315,1
OUTER_TRAINING_INNER,mpx_003,mpx_002,mpx_002,27,27,0.131168879702025,0.4114555311047957,144.7889414006452,0,,0,38.99999999999681,1
OUTER_TRAINING_INNER,mpx_003,mpx_002,mpx_002,28,28,0.13157160121752617,0.4169028418741951,95.39098461873469,0,0,1,40.999999999996355,1
OUTER_TRAINING_INNER,mpx_003,mpx_002,mpx_002,29,29,0.12404774263867589,0.3886463155706129,41.68706655331836,0,0,1,1.9999999999995448,1
OUTER_TRAINING_INNER,mpx_003,mpx_002,mpx_002,30,30,0.11217242876841547,0.36107144319358436,0.0,0,0,1,1.9999999999995448,1
OUTER_TRAINING_INNER,mpx_003,mpx_002,mpx_002,31,31,0.10896156680607783,0.35606996357125653,0.0,0,0,1,0.0,1
OUTER_TRAINING_INNER,mpx_003,mpx_002,mpx_002,32,32,0.10808237945932915,0.35444434298213584,0.0,0,0,1,0.0,1
OUTER_TRAINING_INNER,mpx_003,mpx_002,mpx_002,33,33,0.10723327849582454,0.35286519067160943,0.0,0,0,1,0.0,1
OUTER_TRAINING_INNER,mpx_003,mpx_002,mpx_002,34,34,0.10645696532600675,0.3514676064820257,0.0,0,0,1,0.0,1
OUTER_TRAINING_INNER,mpx_003,mpx_002,mpx_002,35,35,0.10570858256638492,0.3501140911057443,0.0,0,0,1,nan,0
OUTER_TRAINING_INNER,mpx_003,mpx_002,mpx_002,36,36,0.10498382119152981,0.34879786612169256,0.0,0,0,1,nan,0
OUTER_TRAINING_INNER,mpx_003,mpx_002,mpx_002,37,37,0.10428215049134694,0.3475182941976623,0.0,0,0,1,nan,0
OUTER_TRAINING_INNER,mpx_003,mpx_004,mpx_004,3,3,0.8767352554329232,0.9388913449910627,10987.143606835169,1,1,1,16319.999999999998,1
OUTER_TRAINING_INNER,mpx_003,mpx_004,mpx_004,4,4,0.798654785275582,0.9068104956078168,9301.68926325316,1,1,1,14220.999999999998,1
OUTER_TRAINING_INNER,mpx_003,mpx_004,mpx_004,5,5,0.8002778328612177,0.9183530826645833,8934.36177706727,1,1,1,10523.000000000002,1
OUTER_TRAINING_INNER,mpx_003,mpx_004,mpx_004,6,6,0.746131772618323,0.9019580786795696,7908.9248672914255,1,1,1,4285.000000000003,1
OUTER_TRAINING_INNER,mpx_003,mpx_004,mpx_004,7,7,0.7046654275315442,0.8955018318878016,7089.981844455736,1,1,1,8679.000000000004,1
OUTER_TRAINING_INNER,mpx_003,mpx_004,mpx_004,8,8,0.6356536625485443,0.8542968417651755,6488.317754780679,1,1,1,11343.999999999998,1
OUTER_TRAINING_INNER,mpx_003,mpx_004,mpx_004,9,9,0.5983785948865368,0.8334681230800584,6067.50207390635,1,,0,10434.000000000002,1
OUTER_TRAINING_INNER,mpx_003,mpx_004,mpx_004,10,10,0.6674389705039359,0.9035784412302235,5925.564024116675,1,1,1,6842.0,1
OUTER_TRAINING_INNER,mpx_003,mpx_004,mpx_004,11,11,0.5942448961219186,0.8721880538470638,5175.370536197841,1,1,1,4879.000000000004,1
OUTER_TRAINING_INNER,mpx_003,mpx_004,mpx_004,12,12,0.5457398319438628,0.8440236653019094,4787.350046137429,1,1,1,4905.999999999997,1
OUTER_TRAINING_INNER,mpx_003,mpx_004,mpx_004,13,13,0.5275051685998849,0.847917526788311,4319.820959032518,1,1,1,4575.999999999999,1
OUTER_TRAINING_INNER,mpx_003,mpx_004,mpx_004,14,14,0.4272450357016331,0.8030731925036834,3230.6691014441467,0,,0,3157.9999999999973,1
OUTER_TRAINING_INNER,mpx_003,mpx_004,mpx_004,15,15,0.35454940761836895,0.7581034555040255,2470.1930034910934,0,1,1,2886.0000000000027,1
OUTER_TRAINING_INNER,mpx_003,mpx_004,mpx_004,16,16,0.4796434166863189,0.8383459658204153,3561.6701630594544,0,1,1,765.0000000000022,1
OUTER_TRAINING_INNER,mpx_003,mpx_004,mpx_004,17,17,0.368492209382558,0.7660350149393974,2607.2384147635385,0,,0,753.999999999999,1
OUTER_TRAINING_INNER,mpx_003,mpx_004,mpx_004,18,18,0.3407653272317035,0.7477284339176936,2285.732310972112,0,1,1,651.9999999999994,1
OUTER_TRAINING_INNER,mpx_003,mpx_004,mpx_004,19,19,0.3064662037242359,0.7154804656059705,1900.0033646425036,0,1,1,526.9999999999994,1
OUTER_TRAINING_INNER,mpx_003,mpx_004,mpx_004,20,20,0.25010309526567936,0.6571466426260958,1268.0075208197998,0,1,1,635.0000000000033,1
OUTER_TRAINING_INNER,mpx_003,mpx_004,mpx_004,21,21,0.22582317876423147,0.6079853268600318,1153.343063612205,0,,0,377.99999999999926,1
OUTER_TRAINING_INNER,mpx_003,mpx_004,mpx_004,22,22,0.2261570902063256,0.5895021105834146,1261.1079129915458,0,,0,437.99999999999693,1
OUTER_TRAINING_INNER,mpx_003,mpx_004,mpx_004,23,23,0.23337409576134688,0.5664608778573216,1525.1529514264043,0,1,1,185.99999999999747,1
OUTER_TRAINING_INNER,mpx_003,mpx_004,mpx_004,24,24,0.18147686066420948,0.4924855111075652,851.2257949073314,0,,0,182.99999999999815,1
OUTER_TRAINING_INNER,mpx_003,mpx_004,mpx_004,25,25,0.18115297627841043,0.4805631753875909,938.6536110576917,0,0,1,118.00000000000156,1
OUTER_TRAINING_INNER,mpx_003,mpx_004,mpx_004,26,26,0.15408400963627417,0.4179196390367965,642.5827075782463,0,0,1,72.00000000000067,1
OUTER_TRAINING_INNER,mpx_003,mpx_004,mpx_004,27,27,0.13543817985392714,0.37974755340277944,331.818522461449,0,,0,82.00000000000408,1
OUTER_TRAINING_INNER,mpx_003,mpx_004,mpx_004,28,28,0.13313588172690335,0.37602977978439,265.11218300702575,0,,0,17.000000000001815,1
OUTER_TRAINING_INNER,mpx_003,mpx_004,mpx_004,29,29,0.12992079233185996,0.3676023524191215,214.04773037152387,0,,0,17.000000000001815,1
OUTER_TRAINING_INNER,mpx_003,mpx_004,mpx_004,30,30,0.14303182542285656,0.38913554172225573,461.7266826818436,0,,0,0.0,1
OUTER_TRAINING_INNER,mpx_003,mpx_004,mpx_004,31,31,0.13579739128667653,0.3763101414662343,324.99800672339427,0,,0,0.0,1
OUTER_TRAINING_INNER,mpx_003,mpx_004,mpx_004,32,32,0.1289252592292822,0.3638248531980043,189.38322642378944,0,,0,0.0,1
OUTER_TRAINING_INNER,mpx_003,mpx_004,mpx_004,33,33,0.12798975372197385,0.36231737986211776,161.65695950759482,0,,0,0.0,1
OUTER_TRAINING_INNER,mpx_003,mpx_004,mpx_004,34,34,0.1270810077381728,0.3608476330133457,134.5482427376346,0,,0,nan,0
OUTER_TRAINING_INNER,mpx_003,mpx_004,mpx_004,35,35,0.12620530736654154,0.35942507931047796,108.27015025081937,0,,0,nan,0
OUTER_TRAINING_INNER,mpx_003,mpx_004,mpx_004,36,36,0.1253611988532993,0.3580478841924702,82.79479165678663,0,,0,nan,0
OUTER_TRAINING_INNER,mpx_003,mpx_005,mpx_005,3,3,0.8811764329709253,0.9527319580668222,11106.32220970173,1,1,1,12022.0,1
OUTER_TRAINING_INNER,mpx_003,mpx_005,mpx_005,4,4,0.8254826118532449,0.9269405247505484,9853.45035015729,1,,0,8560.000000000002,1
OUTER_TRAINING_INNER,mpx_003,mpx_005,mpx_005,5,5,0.7669251201848919,0.9066490368321374,8685.963473672158,1,1,1,8196.000000000002,1
OUTER_TRAINING_INNER,mpx_003,mpx_005,mpx_005,6,6,0.7597011692116473,0.909584597656329,8363.629861317992,1,1,1,11210.000000000002,1
OUTER_TRAINING_INNER,mpx_003,mpx_005,mpx_005,7,7,0.7164839718553004,0.8967007118770475,7569.975689996585,1,1,1,9394.999999999998,1
OUTER_TRAINING_INNER,mpx_003,mpx_005,mpx_005,8,8,0.7039295601651825,0.9090549351433158,6932.87041572778,1,1,1,11936.0,1
OUTER_TRAINING_INNER,mpx_003,mpx_005,mpx_005,9,9,0.6504816594046815,0.8854242943457494,6325.211443372847,1,1,1,8981.999999999996,1
OUTER_TRAINING_INNER,mpx_003,mpx_005,mpx_005,10,10,0.6301890872927732,0.889793081758367,5805.047632587743,1,1,1,8682.999999999996,1
OUTER_TRAINING_INNER,mpx_003,mpx_005,mpx_005,11,11,0.5593266767060198,0.8625894628423312,4980.958690667774,1,1,1,5811.999999999996,1
OUTER_TRAINING_INNER,mpx_003,mpx_005,mpx_005,12,12,0.5243284771006437,0.8532338013781862,4512.395067253845,1,,0,4132.000000000003,1
OUTER_TRAINING_INNER,mpx_003,mpx_005,mpx_005,13,13,0.4176901948340495,0.7939055373391457,3453.2224494373186,0,,0,3279.000000000004,1
OUTER_TRAINING_INNER,mpx_003,mpx_005,mpx_005,14,14,0.352153239366063,0.7472876285992219,2751.887094354284,0,,0,2340.000000000002,1
OUTER_TRAINING_INNER,mpx_003,mpx_005,mpx_005,15,15,0.34693907641506433,0.7403822129429203,2697.7022539493055,0,,0,1690.0000000000018,1
OUTER_TRAINING_INNER,mpx_003,mpx_005,mpx_005,16,16,0.3130687473607208,0.713498364608901,2330.763381139348,0,1,1,638.9999999999967,1
OUTER_TRAINING_INNER,mpx_003,mpx_005,mpx_005,17,17,0.2839356308709388,0.6776457915901459,2043.0763391861612,0,1,1,1306.9999999999982,1
OUTER_TRAINING_INNER,mpx_003,mpx_005,mpx_005,18,18,0.29406725948717116,0.6991462727902783,2030.4084503133781,0,,0,1289.9999999999964,1
OUTER_TRAINING_INNER,mpx_003,mpx_005,mpx_005,19,19,0.29800914890819846,0.7486076761208668,1514.0324881137542,0,1,1,1226.9999999999993,1
OUTER_TRAINING_INNER,mpx_003,mpx_005,mpx_005,20,20,0.2599786588968429,0.7300250064910083,914.4703795535721,0,1,1,686.0000000000031,1
OUTER_TRAINING_INNER,mpx_003,mpx_005,mpx_005,21,21,0.2242055715183939,0.6737601799810027,716.245378089711,0,1,1,319.0000000000013,1
OUTER_TRAINING_INNER,mpx_003,mpx_005,mpx_005,22,22,0.18795463168792373,0.594926938248339,462.04606119610025,0,,0,239.00000000000244,1
OUTER_TRAINING_INNER,mpx_003,mpx_005,mpx_005,23,23,0.17240980542982823,0.5349500857658944,532.2252472712337,0,,0,114.99999999999656,1
OUTER_TRAINING_INNER,mpx_003,mpx_005,mpx_005,24,24,0.1626209219352269,0.5122349540600103,400.3888956983272,0,,0,240.00000000000222,1
OUTER_TRAINING_INNER,mpx_003,mpx_005,mpx_005,25,25,0.1604415154302792,0.49466239684865054,471.9544108570677,0,,0,216.000000000002,1
OUTER_TRAINING_INNER,mpx_003,mpx_005,mpx_005,26,26,0.15449743321925205,0.4708987142416125,462.10282435047833,0,,0,178.00000000000497,1
OUTER_TRAINING_INNER,mpx_003,mpx_005,mpx_005,27,27,0.2799446503731782,0.712217166636789,1661.5210094128033,0,0,1,0.0,1
OUTER_TRAINING_INNER,mpx_003,mpx_005,mpx_005,28,28,0.20499828847725005,0.6006407364939927,849.5483128274011,0,0,1,0.0,1
OUTER_TRAINING_INNER,mpx_003,mpx_005,mpx_005,29,29,0.14625118550448635,0.4782595310373681,39.83148460516105,0,0,1,0.0,1
OUTER_TRAINING_INNER,mpx_003,mpx_005,mpx_005,30,30,0.14510207193826782,0.47657064480777844,7.8917495401072415,0,0,1,0.0,1
OUTER_TRAINING_INNER,mpx_003,mpx_005,mpx_005,31,31,0.14399524176702722,0.474934265709939,0.0,0,0,1,0.0,1
OUTER_TRAINING_INNER,mpx_003,mpx_005,mpx_005,32,32,0.1429281476082219,0.47334753107601,0.0,0,0,1,nan,0
OUTER_TRAINING_INNER,mpx_003,mpx_005,mpx_005,33,33,0.14189983773672193,0.4718096674321945,0.0,0,0,1,nan,0
OUTER_TRAINING_INNER,mpx_003,mpx_005,mpx_005,34,34,0.14090727543765177,0.4703170607204607,0.0,0,0,1,nan,0
OUTER_TRAINING_INNER,mpx_003,mpx_006,mpx_006,3,3,0.8784295246480358,0.9535585707776615,11139.731950198016,1,1,1,16202.000000000002,1
OUTER_TRAINING_INNER,mpx_003,mpx_006,mpx_006,4,4,0.8064008514419297,0.9266333326255549,9644.148247130282,1,,0,10009.999999999998,1
OUTER_TRAINING_INNER,mpx_003,mpx_006,mpx_006,5,5,0.740449291035874,0.898428662532438,8721.066178216684,1,1,1,8824.999999999998,1
OUTER_TRAINING_INNER,mpx_003,mpx_006,mpx_006,6,6,0.7241011033383936,0.9027092873909549,8009.4299447496305,1,1,1,2748.0,1
OUTER_TRAINING_INNER,mpx_003,mpx_006,mpx_006,7,7,0.7257550681147464,0.9226026742040124,7462.861638150607,1,,0,6090.000000000001,1
OUTER_TRAINING_INNER,mpx_003,mpx_006,mpx_006,8,8,0.6473065487901222,0.8944738822854431,6646.809202805414,1,1,1,8053.000000000004,1
OUTER_TRAINING_INNER,mpx_003,mpx_006,mpx_006,9,9,0.6619442173759806,0.9062267297245612,6512.024296149465,1,,0,10693.0,1
OUTER_TRAINING_INNER,mpx_003,mpx_006,mpx_006,10,10,0.6233871542957903,0.8715552751244041,6469.630943209827,1,1,1,7261.000000000002,1
OUTER_TRAINING_INNER,mpx_003,mpx_006,mpx_006,11,11,0.614328462922301,0.891890168348559,5658.151060857532,1,1,1,5897.999999999999,1
OUTER_TRAINING_INNER,mpx_003,mpx_006,mpx_006,12,12,0.5842899433798122,0.8823891432838413,5367.981768436075,1,1,1,2806.9999999999977,1
OUTER_TRAINING_INNER,mpx_003,mpx_006,mpx_006,13,13,0.511481887467105,0.8524214161128028,4707.35067097772,1,1,1,1639.9999999999961,1
OUTER_TRAINING_INNER,mpx_003,mpx_006,mpx_006,14,14,0.45503536204557876,0.8199634251237801,4260.94394384457,1,,0,1329.9999999999986,1
OUTER_TRAINING_INNER,mpx_003,mpx_006,mpx_006,15,15,0.4287431973691569,0.7999810527560693,4082.1565640823687,1,1,1,2889.000000000002,1
OUTER_TRAINING_INNER,mpx_003,mpx_006,mpx_006,16,16,0.4080663420054693,0.7824920195840696,3919.255009908321,1,1,1,4718.000000000001,1
OUTER_TRAINING_INNER,mpx_003,mpx_006,mpx_006,17,17,0.4310626169651253,0.7961509728854265,4097.525905959887,1,1,1,4975.999999999999,1
OUTER_TRAINING_INNER,mpx_003,mpx_006,mpx_006,18,18,0.4737962045613291,0.8513237026408335,3822.765837056919,0,,0,3559.999999999997,1
OUTER_TRAINING_INNER,mpx_003,mpx_006,mpx_006,19,19,0.3722606388003452,0.8138308578781673,2551.614267938887,0,,0,2387.0000000000023,1
OUTER_TRAINING_INNER,mpx_003,mpx_006,mpx_006,20,20,0.29621613531424196,0.7631745208638668,1795.4663883060705,0,1,1,1679.0000000000043,1
OUTER_TRAINING_INNER,mpx_003,mpx_006,mpx_006,21,21,0.34265865098888837,0.8257997856964686,1677.6147564977275,0,,0,1108.0000000000036,1
OUTER_TRAINING_INNER,mpx_003,mpx_006,mpx_006,22,22,0.3127391216583381,0.8145537282396276,1261.278245059355,0,,0,278.99999999999903,1
OUTER_TRAINING_INNER,mpx_003,mpx_006,mpx_006,23,23,0.32280489160121056,0.8355789846289353,974.4485965583698,0,1,1,307.9999999999981,1
OUTER_TRAINING_INNER,mpx_003,mpx_006,mpx_006,24,24,0.29934874385962296,0.7519030052567323,1480.9508352434682,0,0,1,307.9999999999981,1
OUTER_TRAINING_INNER,mpx_003,mpx_006,mpx_006,25,25,0.19428261654296586,0.6216674126206021,538.7269121076254,0,,0,272.0000000000006,1
OUTER_TRAINING_INNER,mpx_003,mpx_006,mpx_006,26,26,0.1996522854608465,0.6756651606474771,61.5556904950047,0,,0,0.0,1
OUTER_TRAINING_INNER,mpx_003,mpx_006,mpx_006,27,27,0.17383235971718758,0.6333531346107596,0.0,0,,0,0.0,1
OUTER_TRAINING_INNER,mpx_003,mpx_006,mpx_006,28,28,0.14838567846653591,0.5859786862630074,0.0,0,,0,0.0,1
OUTER_TRAINING_INNER,mpx_003,mpx_006,mpx_006,29,29,0.15297241177618087,0.5222933535468297,352.9444382173933,0,0,1,0.0,1
OUTER_TRAINING_INNER,mpx_003,mpx_006,mpx_006,30,30,0.13520715941894404,0.4843200610602437,98.87725764076166,0,0,1,0.0,1
OUTER_TRAINING_INNER,mpx_003,mpx_006,mpx_006,31,31,0.11926751243910397,0.4466160011554241,0.0,0,0,1,0.0,1
OUTER_TRAINING_INNER,mpx_003,mpx_006,mpx_006,32,32,0.1183712452414287,0.44503469088542275,0.0,0,0,1,0.0,1
OUTER_TRAINING_INNER,mpx_003,mpx_006,mpx_006,33,33,0.11750867494813556,0.4435039729307858,0.0,0,0,1,0.0,1
OUTER_TRAINING_INNER,mpx_003,mpx_006,mpx_006,34,34,0.11667231756598578,0.4420123671333419,0.0,0,0,1,nan,0
OUTER_TRAINING_INNER,mpx_003,mpx_006,mpx_006,35,35,0.11586575182759852,0.4405659643860598,0.0,0,0,1,nan,0
OUTER_TRAINING_INNER,mpx_003,mpx_006,mpx_006,36,36,0.11508674645279347,0.43916158504128416,0.0,0,0,1,nan,0
OUTER_TRAINING_INNER,mpx_003,mpx_007,mpx_007,3,3,0.8622623453627811,0.9439278627130703,10505.525634969339,1,1,1,9875.999999999998,1
OUTER_TRAINING_INNER,mpx_003,mpx_007,mpx_007,4,4,0.8126621161745551,0.9315645067177384,9214.020034042334,1,1,1,13190.000000000002,1
OUTER_TRAINING_INNER,mpx_003,mpx_007,mpx_007,5,5,0.7969213297522788,0.9261973572416548,8774.86650841726,1,1,1,8086.999999999998,1
OUTER_TRAINING_INNER,mpx_003,mpx_007,mpx_007,6,6,0.7372870990269436,0.9073814960071918,7729.582825895207,1,1,1,7104.000000000004,1
OUTER_TRAINING_INNER,mpx_003,mpx_007,mpx_007,7,7,0.6918483764690425,0.8894613945696977,7060.266481344037,1,1,1,7542.0,1
OUTER_TRAINING_INNER,mpx_003,mpx_007,mpx_007,8,8,0.6292297281956595,0.8632991215945034,6292.592633747275,1,1,1,8043.0,1
OUTER_TRAINING_INNER,mpx_003,mpx_007,mpx_007,9,9,0.6215433363311329,0.8677895321017239,6022.266840020968,1,1,1,8152.999999999997,1
OUTER_TRAINING_INNER,mpx_003,mpx_007,mpx_007,10,10,0.5933204853081232,0.8836266702731873,5078.086251051682,1,1,1,3253.999999999998,1
OUTER_TRAINING_INNER,mpx_003,mpx_007,mpx_007,11,11,0.5322821893393599,0.8554075813263249,4473.992335570313,1,1,1,4397.0,1
OUTER_TRAINING_INNER,mpx_003,mpx_007,mpx_007,12,12,0.47888914681616235,0.8373532440297179,3779.8422464675077,1,1,1,2961.0000000000027,1
OUTER_TRAINING_INNER,mpx_003,mpx_007,mpx_007,13,13,0.4503485037929673,0.813708685780093,3600.4961496607707,1,1,1,3321.0,1
OUTER_TRAINING_INNER,mpx_003,mpx_007,mpx_007,14,14,0.47497533665203445,0.8215908785147454,3873.2454134662617,0,,0,880.9999999999984,1
OUTER_TRAINING_INNER,mpx_003,mpx_007,mpx_007,15,15,0.42482212742870756,0.7862096466502232,3430.310656747198,0,1,1,2508.9999999999973,1
OUTER_TRAINING_INNER,mpx_003,mpx_007,mpx_007,16,16,0.37581419213483186,0.7710796386618,2699.3324297284184,0,,0,2801.999999999999,1
OUTER_TRAINING_INNER,mpx_003,mpx_007,mpx_007,17,17,0.42655033701289713,0.8185714047266477,2966.4065468691815,0,,0,2894.000000000001,1
OUTER_TRAINING_INNER,mpx_003,mpx_007,mpx_007,18,18,0.3507790303083056,0.7875986270653714,1984.9064475175392,0,1,1,1149.0,1
OUTER_TRAINING_INNER,mpx_003,mpx_007,mpx_007,19,19,0.2928920680777145,0.7746627404066995,996.7046206165031,0,1,1,733.0000000000038,1
OUTER_TRAINING_INNER,mpx_003,mpx_007,mpx_007,20,20,0.2819036048900022,0.7401502283986962,1131.119652336496,0,1,1,622.0000000000006,1
OUTER_TRAINING_INNER,mpx_003,mpx_007,mpx_007,21,21,0.2718299958523634,0.7242305838473637,1063.7134089197405,0,1,1,631.9999999999983,1
OUTER_TRAINING_INNER,mpx_003,mpx_007,mpx_007,22,22,0.21815115170118266,0.6281664211556771,754.3028240190697,0,,0,163.9999999999968,1
OUTER_TRAINING_INNER,mpx_003,mpx_007,mpx_007,23,23,0.20851122446660714,0.637784742411096,389.76713233307794,0,1,1,419.00000000000125,1
OUTER_TRAINING_INNER,mpx_003,mpx_007,mpx_007,24,24,0.18627922415499978,0.5841402879273111,256.8730354425969,0,,0,439.0000000000024,1
OUTER_TRAINING_INNER,mpx_003,mpx_007,mpx_007,25,25,0.17344621253964898,0.5250173853884581,384.0874580060596,0,,0,336.0000000000031,1
OUTER_TRAINING_INNER,mpx_003,mpx_007,mpx_007,26,26,0.1489676122720516,0.4697159055199444,80.84974936379031,0,0,1,119.00000000000134,1
OUTER_TRAINING_INNER,mpx_003,mpx_007,mpx_007,27,27,0.1394491406852415,0.43722838768857236,12.92714032530425,0,,0,71.0000000000009,1
OUTER_TRAINING_INNER,mpx_003,mpx_007,mpx_007,28,28,0.13755170021655258,0.4381976615536357,0.0,0,0,1,54.99999999999885,1
OUTER_TRAINING_INNER,mpx_003,mpx_007,mpx_007,29,29,0.1332193258625485,0.41615554921773784,0.0,0,,0,0.0,1
OUTER_TRAINING_INNER,mpx_003,mpx_007,mpx_007,30,30,0.12639677359534418,0.4007110648504107,0.0,0,,0,0.0,1
OUTER_TRAINING_INNER,mpx_003,mpx_007,mpx_007,31,31,0.12242495795566595,0.3916131249713115,0.0,0,,0,0.0,1
OUTER_TRAINING_INNER,mpx_003,mpx_007,mpx_007,32,32,0.12150658517577616,0.3900152207093952,0.0,0,,0,0.0,1
OUTER_TRAINING_INNER,mpx_003,mpx_007,mpx_007,33,33,0.12061912264338069,0.3884639983616377,0.0,0,,0,nan,0
OUTER_TRAINING_INNER,mpx_003,mpx_007,mpx_007,34,34,0.11976331289214659,0.38696093990495944,0.0,0,,0,nan,0
OUTER_TRAINING_INNER,mpx_003,mpx_007,mpx_007,35,35,0.11891638377973746,0.38547033702827627,0.0,0,,0,nan,0
OUTER_TRAINING_INNER,mpx_003,mpx_008,mpx_008,3,3,0.8877498239363751,0.9512132611571291,11146.177992877498,1,1,1,16309.0,1
OUTER_TRAINING_INNER,mpx_003,mpx_008,mpx_008,4,4,0.8361647318469471,0.9326484323336706,9767.041965069617,1,1,1,13634.000000000004,1
OUTER_TRAINING_INNER,mpx_003,mpx_008,mpx_008,5,5,0.7762548530500674,0.9070591729744345,8780.488614965669,1,1,1,13576.0,1
OUTER_TRAINING_INNER,mpx_003,mpx_008,mpx_008,6,6,0.7737653648196506,0.9262717487965927,8049.872353679356,1,1,1,10204.999999999996,1
OUTER_TRAINING_INNER,mpx_003,mpx_008,mpx_008,7,7,0.7244234369934771,0.9303888592083067,6843.045908361708,1,1,1,7451.999999999998,1
OUTER_TRAINING_INNER,mpx_003,mpx_008,mpx_008,8,8,0.6439138037907113,0.8842659907799759,6281.508181057047,1,1,1,6065.000000000001,1
OUTER_TRAINING_INNER,mpx_003,mpx_008,mpx_008,9,9,0.5890887201403799,0.863694252253606,5595.079049057956,1,1,1,2917.0000000000014,1
OUTER_TRAINING_INNER,mpx_003,mpx_008,mpx_008,10,10,0.5449501907452933,0.8753924050126265,4695.824659433382,1,,0,1457.999999999998,1
OUTER_TRAINING_INNER,mpx_003,mpx_008,mpx_008,11,11,0.4971461831714724,0.8503739194593883,4298.928634834021,1,1,1,3200.999999999999,1
OUTER_TRAINING_INNER,mpx_003,mpx_008,mpx_008,12,12,0.4937320359823506,0.8533312942939537,4143.471592004115,1,1,1,3494.0000000000005,1
OUTER_TRAINING_INNER,mpx_003,mpx_008,mpx_008,13,13,0.49718119447151715,0.8569951176055263,4080.784562590915,1,1,1,4109.000000000003,1
OUTER_TRAINING_INNER,mpx_003,mpx_008,mpx_008,14,14,0.5266200327150343,0.8609775502242639,4352.934142650932,1,1,1,4693.000000000001,1
OUTER_TRAINING_INNER,mpx_003,mpx_008,mpx_008,15,15,0.4323044465954776,0.7942428178112316,3673.0954564496196,1,1,1,4020.0000000000005,1
OUTER_TRAINING_INNER,mpx_003,mpx_008,mpx_008,16,16,0.363098425553357,0.7638124886326733,2867.9369997353238,0,1,1,3303.999999999998,1
OUTER_TRAINING_INNER,mpx_003,mpx_008,mpx_008,17,17,0.3966010157936535,0.7629960220275444,3220.270582321236,0,,0,1000.9999999999995,1
OUTER_TRAINING_INNER,mpx_003,mpx_008,mpx_008,18,18,0.34834609234979985,0.7439636609013037,2632.831391061835,0,,0,1258.9999999999977,1
OUTER_TRAINING_INNER,mpx_003,mpx_008,mpx_008,19,19,0.28922360059109053,0.7031791334438159,1951.1536065374971,0,1,1,686.0000000000031,1
OUTER_TRAINING_INNER,mpx_003,mpx_008,mpx_008,20,20,0.2866217037054534,0.7242890498671876,1705.5328821410333,0,1,1,528.999999999999,1
OUTER_TRAINING_INNER,mpx_003,mpx_008,mpx_008,21,21,0.2582383741677279,0.70183795343756,1345.3160441695134,0,1,1,1065.000000000002,1
OUTER_TRAINING_INNER,mpx_003,mpx_008,mpx_008,22,22,0.25723873016659005,0.6581974192666953,1594.6721632943368,0,1,1,1399.0,1
OUTER_TRAINING_INNER,mpx_003,mpx_008,mpx_008,23,23,0.24207627610535126,0.636314187198608,1439.7940963956162,0,,0,1629.0000000000043,1
OUTER_TRAINING_INNER,mpx_003,mpx_008,mpx_008,24,24,0.2842754970629098,0.6855592300636746,1796.4284010031697,0,,0,777.9999999999991,1
OUTER_TRAINING_INNER,mpx_003,mpx_008,mpx_008,25,25,0.21061515932560565,0.5845855101575284,988.8427642438196,0,,0,350.9999999999997,1
OUTER_TRAINING_INNER,mpx_003,mpx_008,mpx_008,26,26,0.18515466889230808,0.5274137933997821,743.2544511511941,0,0,1,74.99999999999999,1
OUTER_TRAINING_INNER,mpx_003,mpx_008,mpx_008,27,27,0.15327467140215184,0.47304067817871126,272.84107521767595,0,0,1,13.000000000002725,1
OUTER_TRAINING_INNER,mpx_003,mpx_008,mpx_008,28,28,0.1479691641351754,0.45988557129561797,183.07546767986457,0,,0,0.0,1
OUTER_TRAINING_INNER,mpx_003,mpx_008,mpx_008,29,29,0.13888029515430625,0.43951424570615744,49.32731754436222,0,,0,0.0,1
OUTER_TRAINING_INNER,mpx_003,mpx_008,mpx_008,30,30,0.13235691340281666,0.4244636665488904,0.0,0,,0,0.0,1
OUTER_TRAINING_INNER,mpx_003,mpx_008,mpx_008,31,31,0.13134327414080368,0.422770361813643,0.0,0,,0,0.0,1
OUTER_TRAINING_INNER,mpx_003,mpx_008,mpx_008,32,32,0.13036789676428495,0.42113223485079154,0.0,0,,0,0.0,1
OUTER_TRAINING_INNER,mpx_003,mpx_008,mpx_008,33,33,0.12942663197257143,0.41954347173063167,0.0,0,,0,nan,0
OUTER_TRAINING_INNER,mpx_003,mpx_008,mpx_008,34,34,0.12851772718979593,0.4180017920454065,0.0,0,,0,nan,0
OUTER_TRAINING_INNER,mpx_003,mpx_008,mpx_008,35,35,0.1276296829340068,0.4164899876119149,0.0,0,,0,nan,0
OUTER_TRAINING_INNER,mpx_003,mpx_009,mpx_009,3,3,0.8830040200745872,0.9536071438720775,11153.701469796106,1,1,1,11873.0,1
OUTER_TRAINING_INNER,mpx_003,mpx_009,mpx_009,4,4,0.8275250272008874,0.9386233216487169,9640.004728662341,1,,0,8400.000000000002,1
OUTER_TRAINING_INNER,mpx_003,mpx_009,mpx_009,5,5,0.7776824018505836,0.9332241940199779,8483.603902225019,1,1,1,8474.000000000002,1
OUTER_TRAINING_INNER,mpx_003,mpx_009,mpx_009,6,6,0.7741909043953905,0.9217432767405342,8603.164526916757,1,1,1,11294.000000000002,1
OUTER_TRAINING_INNER,mpx_003,mpx_009,mpx_009,7,7,0.7102031503972576,0.8962910035943736,7625.508935924595,1,1,1,10927.999999999996,1
OUTER_TRAINING_INNER,mpx_003,mpx_009,mpx_009,8,8,0.6977784026601713,0.9099515746137115,7064.710577541644,1,1,1,11375.999999999996,1
OUTER_TRAINING_INNER,mpx_003,mpx_009,mpx_009,9,9,0.6549075034359609,0.9031748771076961,6236.271830796807,1,1,1,8141.0,1
OUTER_TRAINING_INNER,mpx_003,mpx_009,mpx_009,10,10,0.618186544983852,0.8907749870938685,5730.343464777623,1,1,1,4396.0,1
OUTER_TRAINING_INNER,mpx_003,mpx_009,mpx_009,11,11,0.529938400606547,0.8658877354319077,4731.499238644868,1,,0,2846.0000000000005,1
OUTER_TRAINING_INNER,mpx_003,mpx_009,mpx_009,12,12,0.49156388997381717,0.8446397735156631,4338.945473297659,1,1,1,2088.9999999999964,1
OUTER_TRAINING_INNER,mpx_003,mpx_009,mpx_009,13,13,0.4443144616821244,0.817356807907541,3960.3874922506548,1,1,1,3509.0000000000027,1
OUTER_TRAINING_INNER,mpx_003,mpx_009,mpx_009,14,14,0.40118796024119474,0.7917935481439106,3533.6278760094465,1,,0,4806.000000000004,1
OUTER_TRAINING_INNER,mpx_003,mpx_009,mpx_009,15,15,0.41120348203317114,0.7749532917969527,3789.35749425234,1,,0,4282.000000000003,1
OUTER_TRAINING_INNER,mpx_003,mpx_009,mpx_009,16,16,0.41940498458757924,0.7802081395187811,3712.6342334620667,0,1,1,3074.999999999999,1
OUTER_TRAINING_INNER,mpx_003,mpx_009,mpx_009,17,17,0.3257429281945099,0.7486805236860551,2454.478419019054,0,,0,1404.9999999999986,1
OUTER_TRAINING_INNER,mpx_003,mpx_009,mpx_009,18,18,0.2597745834679718,0.6943341096238232,1769.0154596889195,0,,0,628.999999999999,1
OUTER_TRAINING_INNER,mpx_003,mpx_009,mpx_009,19,19,0.2946014566686777,0.7435552388874145,1894.1712775336937,0,1,1,902.9999999999991,1
OUTER_TRAINING_INNER,mpx_003,mpx_009,mpx_009,20,20,0.2658410187393554,0.6995186699227145,1727.1476904053902,0,,0,1315.000000000002,1
OUTER_TRAINING_INNER,mpx_003,mpx_009,mpx_009,21,21,0.24173681893918578,0.6662694995109613,1526.5559900371566,0,,0,1348.0000000000002,1
OUTER_TRAINING_INNER,mpx_003,mpx_009,mpx_009,22,22,0.2605073594144769,0.7259139967992756,1194.7757488440711,0,1,1,900.9999999999995,1
OUTER_TRAINING_INNER,mpx_003,mpx_009,mpx_009,23,23,0.22887342800863147,0.6799837618690152,941.9312634489986,0,1,1,564.9999999999965,1
OUTER_TRAINING_INNER,mpx_003,mpx_009,mpx_009,24,24,0.18761357648286633,0.611515580620987,594.2456963462058,0,1,1,571.0000000000008,1
OUTER_TRAINING_INNER,mpx_003,mpx_009,mpx_009,25,25,0.20503042804815444,0.6238965377402971,824.0992889828564,0,,0,274.99999999999994,1
OUTER_TRAINING_INNER,mpx_003,mpx_009,mpx_009,26,26,0.2083228776346781,0.6377305973887571,778.1064559380013,0,,0,76.99999999999953,1
OUTER_TRAINING_INNER,mpx_003,mpx_009,mpx_009,27,27,0.22448241418026224,0.6600320847168305,965.0375272273129,0,0,1,12.99999999999704,1
OUTER_TRAINING_INNER,mpx_003,mpx_009,mpx_009,28,28,0.191088990403136,0.6124144342933068,554.4103977082821,0,0,1,0.0,1
OUTER_TRAINING_INNER,mpx_003,mpx_009,mpx_009,29,29,0.17894261191675243,0.5951277915827333,397.5419999187528,0,0,1,0.0,1
OUTER_TRAINING_INNER,mpx_003,mpx_009,mpx_009,30,30,0.15933584589577546,0.5666646072897009,128.01584463852078,0,0,1,0.0,1
OUTER_TRAINING_INNER,mpx_003,mpx_009,mpx_009,31,31,0.15801207867609424,0.5647634360465454,95.15908594001584,0,0,1,0.0,1
OUTER_TRAINING_INNER,mpx_003,mpx_009,mpx_009,32,32,0.15672822040789555,0.5629039909503764,63.11468002821641,0,0,1,0.0,1
OUTER_TRAINING_INNER,mpx_003,mpx_009,mpx_009,33,33,0.15562304357271525,0.5613741925562193,33.59899379173487,0,0,1,0.0,1
OUTER_TRAINING_INNER,mpx_003,mpx_009,mpx_009,34,34,0.1545558002904537,0.5598875123785387,4.931506947965431,0,0,1,nan,0
OUTER_TRAINING_INNER,mpx_003,mpx_009,mpx_009,35,35,0.15352403314720067,0.5584413926604177,0.0,0,0,1,nan,0
OUTER_TRAINING_INNER,mpx_003,mpx_009,mpx_009,36,36,0.15252633285483705,0.5570345420475102,0.0,0,0,1,nan,0
OUTER_TRAINING_INNER,mpx_003,mpx_010,mpx_010,3,3,0.8823019204019458,0.9495804704413718,11341.799050841371,1,1,1,11898.000000000002,1
OUTER_TRAINING_INNER,mpx_003,mpx_010,mpx_010,4,4,0.8256761126961737,0.9263276059769412,9985.195815951589,1,,0,8578.999999999996,1
OUTER_TRAINING_INNER,mpx_003,mpx_010,mpx_010,5,5,0.7639361697179704,0.9050305941532275,8876.693010139861,1,1,1,8547.000000000002,1
OUTER_TRAINING_INNER,mpx_003,mpx_010,mpx_010,6,6,0.76416162547481,0.9134641138730362,8538.501685071842,1,1,1,11191.0,1
OUTER_TRAINING_INNER,mpx_003,mpx_010,mpx_010,7,7,0.6969343835316679,0.8769982420749963,7763.577236710348,1,1,1,7695.0000000000055,1
OUTER_TRAINING_INNER,mpx_003,mpx_010,mpx_010,8,8,0.7003251013297184,0.9111853962634758,7003.485682786088,1,1,1,11511.999999999995,1
OUTER_TRAINING_INNER,mpx_003,mpx_010,mpx_010,9,9,0.6705488876512582,0.9051250862399364,6414.496321853263,1,1,1,7552.999999999997,1
OUTER_TRAINING_INNER,mpx_003,mpx_010,mpx_010,10,10,0.6342356121745598,0.8906313075134227,6048.305875567765,1,,0,8195.999999999998,1
OUTER_TRAINING_INNER,mpx_003,mpx_010,mpx_010,11,11,0.5868033484916201,0.8824450606215224,5221.121958358713,1,1,1,3020.0000000000005,1
OUTER_TRAINING_INNER,mpx_003,mpx_010,mpx_010,12,12,0.522717341476377,0.8554431739751908,4614.56436217987,1,,0,1836.0000000000027,1
OUTER_TRAINING_INNER,mpx_003,mpx_010,mpx_010,13,13,0.4701520958910022,0.8332958288547543,4053.5140624322994,1,1,1,1426.9999999999993,1
OUTER_TRAINING_INNER,mpx_003,mpx_010,mpx_010,14,14,0.42417039828418596,0.7926976401273477,3808.729178793366,1,,0,2836.0000000000027,1
OUTER_TRAINING_INNER,mpx_003,mpx_010,mpx_010,15,15,0.4063521568240307,0.7736006412717829,3694.6700952709243,1,1,1,4509.999999999996,1
OUTER_TRAINING_INNER,mpx_003,mpx_010,mpx_010,16,16,0.41620797565574036,0.7486738695528526,4082.2333019629873,1,1,1,4244.0,1
OUTER_TRAINING_INNER,mpx_003,mpx_010,mpx_010,17,17,0.4477100279888823,0.8282709403406733,3526.5782359575715,0,,0,3041.0000000000014,1
OUTER_TRAINING_INNER,mpx_003,mpx_010,mpx_010,18,18,0.3626721406195481,0.8075582535101006,2342.2515023279566,0,1,1,1336.000000000003,1
OUTER_TRAINING_INNER,mpx_003,mpx_010,mpx_010,19,19,0.3041851819109777,0.7681528479302858,1767.055080884919,0,1,1,563.9999999999967,1
OUTER_TRAINING_INNER,mpx_003,mpx_010,mpx_010,20,20,0.3186117338193667,0.7574885012450462,2089.10938688522,0,,0,315.9999999999963,1
OUTER_TRAINING_INNER,mpx_003,mpx_010,mpx_010,21,21,0.2794592015030876,0.7197266006720046,1688.7932268019997,0,,0,161.99999999999724,1
OUTER_TRAINING_INNER,mpx_003,mpx_010,mpx_010,22,22,0.2530308377255449,0.6836297161051191,1495.9538912211347,0,1,1,772.0000000000005,1
OUTER_TRAINING_INNER,mpx_003,mpx_010,mpx_010,23,23,0.2802594559285517,0.7174462014182791,1646.0657230199408,0,1,1,1166.0000000000018,1
OUTER_TRAINING_INNER,mpx_003,mpx_010,mpx_010,24,24,0.2509609784829423,0.6874308107813438,1325.0994173763208,0,1,1,1224.9999999999998,1
OUTER_TRAINING_INNER,mpx_003,mpx_010,mpx_010,25,25,0.22697168291321504,0.6730025219289136,915.7060432492958,0,1,1,894.0000000000011,1
OUTER_TRAINING_INNER,mpx_003,mpx_010,mpx_010,26,26,0.23411038019706618,0.70144938338642,751.3201467484209,0,,0,360.99999999999744,1
OUTER_TRAINING_INNER,mpx_003,mpx_010,mpx_010,27,27,0.19931685703899882,0.6490335647644659,419.97285590538064,0,1,1,327.99999999999926,1
OUTER_TRAINING_INNER,mpx_003,mpx_010,mpx_010,28,28,0.205705921872116,0.6889777082834778,177.4670317459148,0,0,1,36.999999999997264,1
OUTER_TRAINING_INNER,mpx_003,mpx_010,mpx_010,29,29,0.20065530557334524,0.6690615265706956,232.0974964577141,0,0,1,25.999999999999766,1
OUTER_TRAINING_INNER,mpx_003,mpx_010,mpx_010,30,30,0.19075958559894546,0.6360851278585984,255.35521219153793,0,,0,0.0,1
OUTER_TRAINING_INNER,mpx_003,mpx_010,mpx_010,31,31,0.2058571577452322,0.5464256584265376,1143.652218814772,0,,0,0.0,1
OUTER_TRAINING_INNER,mpx_003,mpx_010,mpx_010,32,32,0.14558512404650706,0.4364943858773144,423.57763293275195,0,0,1,0.0,1
OUTER_TRAINING_INNER,mpx_003,mpx_010,mpx_010,33,33,0.10198259644050318,0.3417116195746146,0.0,0,0,1,0.0,1
OUTER_TRAINING_INNER,mpx_003,mpx_010,mpx_010,34,34,0.10000506551798946,0.33703831898721676,0.0,0,0,1,0.0,1
OUTER_TRAINING_INNER,mpx_003,mpx_010,mpx_010,35,35,0.09930274311447634,0.33569826532562314,0.0,0,0,1,0.0,1
OUTER_TRAINING_INNER,mpx_003,mpx_010,mpx_010,36,36,0.0986221295783252,0.33439459163999724,0.0,0,0,1,0.0,1
OUTER_TRAINING_INNER,mpx_003,mpx_010,mpx_010,37,37,0.0979631598378091,0.3331273565998631,0.0,0,0,1,0.0,1
OUTER_TRAINING_INNER,mpx_003,mpx_010,mpx_010,38,38,0.09732579338904244,0.3318966724667841,0.0,0,0,1,nan,0
OUTER_TRAINING_INNER,mpx_003,mpx_010,mpx_010,39,39,0.0967073485410248,0.33069809677463735,0.0,0,0,1,nan,0
OUTER_TRAINING_INNER,mpx_003,mpx_010,mpx_010,40,40,0.09609908113870835,0.3295166091507206,0.0,0,0,1,nan,0
OUTER_TRAINING_INNER,mpx_004,mpx_001,mpx_001,3,3,0.8797298298234636,0.9427754864783503,10962.147538958188,1,1,1,11143.999999999998,1
OUTER_TRAINING_INNER,mpx_004,mpx_001,mpx_001,4,4,0.8059505586719554,0.9024557179352393,9553.614165945584,1,,0,8574.000000000002,1
OUTER_TRAINING_INNER,mpx_004,mpx_001,mpx_001,5,5,0.7512241720933397,0.8962808089618364,8303.488463480246,1,1,1,8540.999999999998,1
OUTER_TRAINING_INNER,mpx_004,mpx_001,mpx_001,6,6,0.7552233867110073,0.9021158717463029,8217.018016352364,1,1,1,6961.000000000002,1
OUTER_TRAINING_INNER,mpx_004,mpx_001,mpx_001,7,7,0.7064733406390296,0.8924408539785013,7289.389710942504,1,1,1,2499.9999999999995,1
OUTER_TRAINING_INNER,mpx_004,mpx_001,mpx_001,8,8,0.6923200658444919,0.9043058107433876,6757.470854446856,1,,0,6284.000000000002,1
OUTER_TRAINING_INNER,mpx_004,mpx_001,mpx_001,9,9,0.6196908981078634,0.8739142272273273,5935.557514441497,1,,0,7054.999999999997,1
OUTER_TRAINING_INNER,mpx_004,mpx_001,mpx_001,10,10,0.5659337715219719,0.8507675745685515,5359.017719765248,1,1,1,11917.0,1
OUTER_TRAINING_INNER,mpx_004,mpx_001,mpx_001,11,11,0.6242512761032906,0.8745154481104772,5841.369499826433,1,1,1,7568.0,1
OUTER_TRAINING_INNER,mpx_004,mpx_001,mpx_001,12,12,0.5726331288220282,0.8599585754886334,5201.508806365434,1,1,1,7904.000000000003,1
OUTER_TRAINING_INNER,mpx_004,mpx_001,mpx_001,13,13,0.5725912876788924,0.8748425302043153,4839.06141146322,1,1,1,2673.9999999999995,1
OUTER_TRAINING_INNER,mpx_004,mpx_001,mpx_001,14,14,0.5121715785385553,0.8400866454691813,4386.585484146938,1,1,1,1854.9999999999984,1
OUTER_TRAINING_INNER,mpx_004,mpx_001,mpx_001,15,15,0.441648471545659,0.8062564158464235,3640.7444685450714,1,1,1,486.99999999999716,1
OUTER_TRAINING_INNER,mpx_004,mpx_001,mpx_001,16,16,0.41410278556754726,0.784881845693314,3409.080848596462,1,,0,1658.0000000000034,1
OUTER_TRAINING_INNER,mpx_004,mpx_001,mpx_001,17,17,0.4145423156418225,0.7898467858763641,3335.5223003559895,1,1,1,3888.000000000002,1
OUTER_TRAINING_INNER,mpx_004,mpx_001,mpx_001,18,18,0.390095251946511,0.7752607152021744,3078.3351262080737,1,1,1,5014.000000000002,1
OUTER_TRAINING_INNER,mpx_004,mpx_001,mpx_001,19,19,0.4355894609450213,0.8057772813736386,3428.825281708836,0,,0,4327.999999999998,1
OUTER_TRAINING_INNER,mpx_004,mpx_001,mpx_001,20,20,0.3789082198365565,0.7719606163198165,2755.910998220057,0,1,1,2030.9999999999982,1
OUTER_TRAINING_INNER,mpx_004,mpx_001,mpx_001,21,21,0.2660275738036604,0.6611151779029188,1725.4807423282612,0,,0,1246.0000000000007,1
OUTER_TRAINING_INNER,mpx_004,mpx_001,mpx_001,22,22,0.24529859579996902,0.6257128306583515,1519.4477289023491,0,,0,481.9999999999983,1
OUTER_TRAINING_INNER,mpx_004,mpx_001,mpx_001,23,23,0.2191702457635718,0.573568110394467,1316.404981487607,0,1,1,415.00000000000216,1
OUTER_TRAINING_INNER,mpx_004,mpx_001,mpx_001,24,24,0.18644925642689325,0.5336434288995408,806.6672671444549,0,,0,138.0000000000027,1
OUTER_TRAINING_INNER,mpx_004,mpx_001,mpx_001,25,25,0.169911324753058,0.5149399498519853,506.3299167487279,0,,0,111.00000000000315,1
OUTER_TRAINING_INNER,mpx_004,mpx_001,mpx_001,26,26,0.16672759180135333,0.5275807959805304,297.42596630103816,0,,0,81.9999999999984,1
OUTER_TRAINING_INNER,mpx_004,mpx_001,mpx_001,27,27,0.16031735856061466,0.4841807610263556,373.8489676173132,0,0,1,17.999999999995904,1
OUTER_TRAINING_INNER,mpx_004,mpx_001,mpx_001,28,28,0.15753969895162606,0.4962676680138374,205.4321597332709,0,,0,17.999999999995904,1
OUTER_TRAINING_INNER,mpx_004,mpx_001,mpx_001,29,29,0.1421621449375141,0.46528280145753864,0.0,0,,0,0.0,1
OUTER_TRAINING_INNER,mpx_004,mpx_001,mpx_001,30,30,0.13292775129376994,0.4476777075011118,0.0,0,,0,0.0,1
OUTER_TRAINING_INNER,mpx_004,mpx_001,mpx_001,31,31,0.12929724506762394,0.44062905218925186,0.0,0,,0,0.0,1
OUTER_TRAINING_INNER,mpx_004,mpx_001,mpx_001,32,32,0.12833524275974542,0.43899202016639,0.0,0,,0,0.0,1
OUTER_TRAINING_INNER,mpx_004,mpx_001,mpx_001,33,33,0.12740733407803054,0.43740452906177085,0.0,0,,0,nan,0
OUTER_TRAINING_INNER,mpx_004,mpx_001,mpx_001,34,34,0.1265116154261557,0.4358640911350473,0.0,0,,0,nan,0
OUTER_TRAINING_INNER,mpx_004,mpx_001,mpx_001,35,35,0.1256443631086665,0.43436528532854557,0.0,0,,0,nan,0
OUTER_TRAINING_INNER,mpx_004,mpx_002,mpx_002,3,3,0.8816580090006346,0.9467870852197229,10427.139358906956,1,1,1,15128.000000000002,1
OUTER_TRAINING_INNER,mpx_004,mpx_002,mpx_002,4,4,0.8130625090017803,0.9163860557633563,8967.763447432544,1,,0,15646.0,1
OUTER_TRAINING_INNER,mpx_004,mpx_002,mpx_002,5,5,0.7587612734003115,0.8984569243418369,7990.589425762613,1,1,1,15116.999999999998,1
OUTER_TRAINING_INNER,mpx_004,mpx_002,mpx_002,6,6,0.7686590003812996,0.9147081787313821,7836.2103581869305,1,,0,11099.999999999998,1
OUTER_TRAINING_INNER,mpx_004,mpx_002,mpx_002,7,7,0.719176028865396,0.9257834691729949,6446.178258303058,1,1,1,4104.999999999998,1
OUTER_TRAINING_INNER,mpx_004,mpx_002,mpx_002,8,8,0.6334652755187311,0.8704490740128871,5920.661609831533,1,,0,4837.000000000002,1
OUTER_TRAINING_INNER,mpx_004,mpx_002,mpx_002,9,9,0.5785591213746495,0.8600253177056788,5117.001162776495,1,1,1,5665.000000000001,1
OUTER_TRAINING_INNER,mpx_004,mpx_002,mpx_002,10,10,0.5386631893443109,0.8326990955996809,4818.796336891828,1,1,1,5517.000000000001,1
OUTER_TRAINING_INNER,mpx_004,mpx_002,mpx_002,11,11,0.5447291999585695,0.8618858006316743,4522.438711391201,1,,0,5848.999999999999,1
OUTER_TRAINING_INNER,mpx_004,mpx_002,mpx_002,12,12,0.5788039591567266,0.9033729210973218,4383.696560584727,1,,0,4123.999999999999,1
OUTER_TRAINING_INNER,mpx_004,mpx_002,mpx_002,13,13,0.507288584569324,0.854125330204685,4005.3922806399955,1,,0,3666.0000000000014,1
OUTER_TRAINING_INNER,mpx_004,mpx_002,mpx_002,14,14,0.44368997393098125,0.8456710228929941,3136.9593187490236,0,1,1,1594.000000000001,1
OUTER_TRAINING_INNER,mpx_004,mpx_002,mpx_002,15,15,0.444824639172014,0.8555037485487033,2997.482326393813,0,1,1,2349.9999999999995,1
OUTER_TRAINING_INNER,mpx_004,mpx_002,mpx_002,16,16,0.40103965408951464,0.8275728323938087,2625.063124525752,0,,0,2031.999999999998,1
OUTER_TRAINING_INNER,mpx_004,mpx_002,mpx_002,17,17,0.3746792856357168,0.8094013165720606,2365.631013190294,0,1,1,2430.999999999998,1
OUTER_TRAINING_INNER,mpx_004,mpx_002,mpx_002,18,18,0.3518983681813901,0.7861299912279877,2197.6286844757337,0,1,1,955.9999999999984,1
OUTER_TRAINING_INNER,mpx_004,mpx_002,mpx_002,19,19,0.302906289364658,0.7588467563645169,1535.9506837720076,0,,0,909.0000000000034,1
OUTER_TRAINING_INNER,mpx_004,mpx_002,mpx_002,20,20,0.24903352034146228,0.6474706749528033,1434.0110330696975,0,1,1,380.9999999999986,1
OUTER_TRAINING_INNER,mpx_004,mpx_002,mpx_002,21,21,0.2208333466315538,0.6024110104973829,1147.744766697929,0,,0,127.99999999999929,1
OUTER_TRAINING_INNER,mpx_004,mpx_002,mpx_002,22,22,0.18852226693857368,0.5337574290206227,833.1673696204738,0,1,1,326.9999999999995,1
OUTER_TRAINING_INNER,mpx_004,mpx_002,mpx_002,23,23,0.17332767487768108,0.501726941164413,633.9731403443498,0,1,1,309.0000000000036,1
OUTER_TRAINING_INNER,mpx_004,mpx_002,mpx_002,24,24,0.2038922554021399,0.5599278732751866,990.6939401192823,0,,0,399.9999999999999,1
OUTER_TRAINING_INNER,mpx_004,mpx_002,mpx_002,25,25,0.15206505842502827,0.4371222344770451,457.0349428827923,0,,0,90.99999999999635,1
OUTER_TRAINING_INNER,mpx_004,mpx_002,mpx_002,26,26,0.13172764789197403,0.3970473530884935,93.45099316086092,0,,0,129.99999999999315,1
OUTER_TRAINING_INNER,mpx_004,mpx_002,mpx_002,27,27,0.13764740884278354,0.40546975646340205,200.7236816842763,0,,0,38.99999999999681,1
OUTER_TRAINING_INNER,mpx_004,mpx_002,mpx_002,28,28,0.1383719362327494,0.4099892651485241,182.0120280433623,0,0,1,40.999999999996355,1
OUTER_TRAINING_INNER,mpx_004,mpx_002,mpx_002,29,29,0.13067494056006881,0.38256336767685584,118.95243667513985,0,0,1,1.9999999999995448,1
OUTER_TRAINING_INNER,mpx_004,mpx_002,mpx_002,30,30,0.11788782203393978,0.3562812402100583,0.0,0,0,1,1.9999999999995448,1
OUTER_TRAINING_INNER,mpx_004,mpx_002,mpx_002,31,31,0.1143832686105089,0.3514685843549868,0.0,0,0,1,0.0,1
OUTER_TRAINING_INNER,mpx_004,mpx_002,mpx_002,32,32,0.11346761184280818,0.34986693195015167,0.0,0,0,1,0.0,1
OUTER_TRAINING_INNER,mpx_004,mpx_002,mpx_002,33,33,0.11258314087875389,0.3483110654696956,0.0,0,0,1,0.0,1
OUTER_TRAINING_INNER,mpx_004,mpx_002,mpx_002,34,34,0.11177564088477826,0.3469335797825928,0.0,0,0,1,0.0,1
OUTER_TRAINING_INNER,mpx_004,mpx_002,mpx_002,35,35,0.1109971171566609,0.3455996180197198,0.0,0,0,1,nan,0
OUTER_TRAINING_INNER,mpx_004,mpx_002,mpx_002,36,36,0.11024307101481724,0.3443023536444753,0.0,0,0,1,nan,0
OUTER_TRAINING_INNER,mpx_004,mpx_002,mpx_002,37,37,0.10951296686136422,0.3430412073627279,0.0,0,0,1,nan,0
OUTER_TRAINING_INNER,mpx_004,mpx_003,mpx_003,3,3,0.8820546901375614,0.944437325089403,10991.798680962733,1,1,1,10673.0,1
OUTER_TRAINING_INNER,mpx_004,mpx_003,mpx_003,4,4,0.8290919113037188,0.9239088713498849,9652.00880774049,1,,0,5346.0,1
OUTER_TRAINING_INNER,mpx_004,mpx_003,mpx_003,5,5,0.7694443223540132,0.897847371677161,8638.637284909244,1,1,1,6256.0,1
OUTER_TRAINING_INNER,mpx_004,mpx_003,mpx_003,6,6,0.7780367891959254,0.9086557165064493,8556.6980438113,1,1,1,5883.999999999999,1
OUTER_TRAINING_INNER,mpx_004,mpx_003,mpx_003,7,7,0.7490984718891149,0.9004907892850423,7980.575476045721,1,1,1,4840.000000000001,1
OUTER_TRAINING_INNER,mpx_004,mpx_003,mpx_003,8,8,0.7038439446271136,0.8841207301533541,7289.046529646522,1,,0,8275.999999999998,1
OUTER_TRAINING_INNER,mpx_004,mpx_003,mpx_003,9,9,0.6621257708833715,0.869581748805493,6720.646156119176,1,1,1,8792.0,1
OUTER_TRAINING_INNER,mpx_004,mpx_003,mpx_003,10,10,0.6793376671963602,0.9004518920148765,6390.8311845649605,1,1,1,11184.000000000002,1
OUTER_TRAINING_INNER,mpx_004,mpx_003,mpx_003,11,11,0.6664240354378215,0.9070282467460994,5809.103906121921,1,1,1,6445.0000000000055,1
OUTER_TRAINING_INNER,mpx_004,mpx_003,mpx_003,12,12,0.6020240996746808,0.8564176382514387,5623.340404346187,1,1,1,5945.0,1
OUTER_TRAINING_INNER,mpx_004,mpx_003,mpx_003,13,13,0.5681199633899995,0.8578470006269846,4986.077181519248,1,,0,2718.000000000001,1
OUTER_TRAINING_INNER,mpx_004,mpx_003,mpx_003,14,14,0.5201358768753597,0.8444633551698838,4355.535634582741,1,1,1,2317.9999999999955,1
OUTER_TRAINING_INNER,mpx_004,mpx_003,mpx_003,15,15,0.4783250051524715,0.8234095929591134,3903.066950199721,1,1,1,3454.000000000004,1
OUTER_TRAINING_INNER,mpx_004,mpx_003,mpx_003,16,16,0.45389808428152406,0.8046210562968711,3712.404173947286,1,1,1,3705.9999999999977,1
OUTER_TRAINING_INNER,mpx_004,mpx_003,mpx_003,17,17,0.4938612819973562,0.8331386846465306,3957.9589905895946,1,1,1,2944.000000000001,1
OUTER_TRAINING_INNER,mpx_004,mpx_003,mpx_003,18,18,0.5340220474345535,0.8754660474466615,3925.064443866437,0,,0,2873.0,1
OUTER_TRAINING_INNER,mpx_004,mpx_003,mpx_003,19,19,0.43996644051802103,0.817472822428316,3194.7785720430948,0,,0,3020.0000000000005,1
OUTER_TRAINING_INNER,mpx_004,mpx_003,mpx_003,20,20,0.4003906173464442,0.7901581513190602,2866.5183763119685,0,,0,3369.0000000000005,1
OUTER_TRAINING_INNER,mpx_004,mpx_003,mpx_003,21,21,0.35332181740177226,0.755679549076775,2413.5217186116047,0,1,1,1514.9999999999964,1
OUTER_TRAINING_INNER,mpx_004,mpx_003,mpx_003,22,22,0.3536878955103873,0.8003032714974526,1810.7913798158547,0,1,1,795.0000000000009,1
OUTER_TRAINING_INNER,mpx_004,mpx_003,mpx_003,23,23,0.3011580185945742,0.7166187430400023,1764.2824302318118,0,1,1,365.0000000000022,1
OUTER_TRAINING_INNER,mpx_004,mpx_003,mpx_003,24,24,0.2419255102535048,0.6710764647396126,937.2018330380179,0,1,1,517.0000000000017,1
OUTER_TRAINING_INNER,mpx_004,mpx_003,mpx_003,25,25,0.2119785031190566,0.5746302851247265,1048.510606103691,0,1,1,536.9999999999972,1
OUTER_TRAINING_INNER,mpx_004,mpx_003,mpx_003,26,26,0.19705538235591044,0.5593493130974151,781.1833954141936,0,,0,536.9999999999972,1
OUTER_TRAINING_INNER,mpx_004,mpx_003,mpx_003,27,27,0.18535540778243814,0.5198514903403816,780.7551800439433,0,1,1,154.99999999999883,1
OUTER_TRAINING_INNER,mpx_004,mpx_003,mpx_003,28,28,0.15571503659566688,0.4464153462582012,467.28284834719955,0,0,1,56.000000000004306,1
OUTER_TRAINING_INNER,mpx_004,mpx_003,mpx_003,29,29,0.14921127197593367,0.44151927383848183,281.2849866572524,0,0,1,209.00000000000358,1
OUTER_TRAINING_INNER,mpx_004,mpx_003,mpx_003,30,30,0.14394857461725238,0.38624436562148384,534.8333230047355,0,0,1,228.99999999999903,1
OUTER_TRAINING_INNER,mpx_004,mpx_003,mpx_003,31,31,0.13330030441721605,0.38676186809734453,176.80302643883954,0,,0,172.99999999999474,1
OUTER_TRAINING_INNER,mpx_004,mpx_003,mpx_003,32,32,0.11971499293038705,0.3903671441899198,0.0,0,0,1,19.99999999999545,1
OUTER_TRAINING_INNER,mpx_004,mpx_003,mpx_003,33,33,0.1153809438179522,0.37839895482261393,0.0,0,,0,0.0,1
OUTER_TRAINING_INNER,mpx_004,mpx_003,mpx_003,34,34,0.11122933136617763,0.369445010010297,0.0,0,,0,0.0,1
OUTER_TRAINING_INNER,mpx_004,mpx_003,mpx_003,35,35,0.10907233838267145,0.3646915273374532,0.0,0,,0,0.0,1
OUTER_TRAINING_INNER,mpx_004,mpx_003,mpx_003,36,36,0.10833130584284831,0.3633101523511365,0.0,0,,0,0.0,1
OUTER_TRAINING_INNER,mpx_004,mpx_003,mpx_003,37,37,0.10761226536569284,0.36196443737466855,0.0,0,,0,0.0,1
OUTER_TRAINING_INNER,mpx_004,mpx_003,mpx_003,38,38,0.1069180175361703,0.3606593881394691,0.0,0,,0,0.0,1
OUTER_TRAINING_INNER,mpx_004,mpx_003,mpx_003,39,39,0.10624347283097678,0.35938657437290084,0.0,0,,0,nan,0
OUTER_TRAINING_INNER,mpx_004,mpx_003,mpx_003,40,40,0.10558690879049211,0.3581432263587634,0.0,0,,0,nan,0
OUTER_TRAINING_INNER,mpx_004,mpx_003,mpx_003,41,41,0.10495115347442059,0.3569343957254713,0.0,0,,0,nan,0
OUTER_TRAINING_INNER,mpx_004,mpx_005,mpx_005,3,3,0.8850471469365595,0.9523177305044058,10620.450538740053,1,1,1,12022.0,1
OUTER_TRAINING_INNER,mpx_004,mpx_005,mpx_005,4,4,0.8303101640181306,0.9261483788081161,9412.41919797638,1,,0,8560.000000000002,1
OUTER_TRAINING_INNER,mpx_004,mpx_005,mpx_005,5,5,0.771641411164003,0.9059405285220382,8242.522677013503,1,1,1,8196.000000000002,1
OUTER_TRAINING_INNER,mpx_004,mpx_005,mpx_005,6,6,0.7648601804158206,0.9089324600348593,7985.123664659393,1,1,1,11210.000000000002,1
OUTER_TRAINING_INNER,mpx_004,mpx_005,mpx_005,7,7,0.7219607219558434,0.895505148016123,7244.404283351543,1,1,1,9394.999999999998,1
OUTER_TRAINING_INNER,mpx_004,mpx_005,mpx_005,8,8,0.7090659787579245,0.9080923993435736,6666.849566352806,1,1,1,11936.0,1
OUTER_TRAINING_INNER,mpx_004,mpx_005,mpx_005,9,9,0.6569266263307019,0.883581102370075,6105.732227373659,1,1,1,8981.999999999996,1
OUTER_TRAINING_INNER,mpx_004,mpx_005,mpx_005,10,10,0.6368116398404365,0.8879498126001534,5640.637640739773,1,1,1,8682.999999999996,1
OUTER_TRAINING_INNER,mpx_004,mpx_005,mpx_005,11,11,0.5668935080167059,0.860453779053401,4847.789636053018,1,1,1,5811.999999999996,1
OUTER_TRAINING_INNER,mpx_004,mpx_005,mpx_005,12,12,0.5341344216908367,0.8513383149752815,4453.829762903331,1,,0,4132.000000000003,1
OUTER_TRAINING_INNER,mpx_004,mpx_005,mpx_005,13,13,0.4264482341386652,0.7912304908420936,3379.332237440938,0,,0,3279.000000000004,1
OUTER_TRAINING_INNER,mpx_004,mpx_005,mpx_005,14,14,0.3592692479830968,0.7446728770817573,2650.559757316968,0,,0,2340.000000000002,1
OUTER_TRAINING_INNER,mpx_004,mpx_005,mpx_005,15,15,0.3548913266678915,0.7370015906055468,2636.741114017245,0,,0,1690.0000000000018,1
OUTER_TRAINING_INNER,mpx_004,mpx_005,mpx_005,16,16,0.32183173539112797,0.709469870356541,2314.959065364565,0,1,1,638.9999999999967,1
OUTER_TRAINING_INNER,mpx_004,mpx_005,mpx_005,17,17,0.2913774612669176,0.6734974089366907,1995.3843170340522,0,1,1,1306.9999999999982,1
OUTER_TRAINING_INNER,mpx_004,mpx_005,mpx_005,18,18,0.3020880221189718,0.6954617678899663,2018.0299775631634,0,,0,1289.9999999999964,1
OUTER_TRAINING_INNER,mpx_004,mpx_005,mpx_005,19,19,0.30419748037052274,0.7444282447828908,1541.8048770141747,0,1,1,1226.9999999999993,1
OUTER_TRAINING_INNER,mpx_004,mpx_005,mpx_005,20,20,0.26603667304344925,0.7246413825077661,987.3369941837371,0,1,1,686.0000000000031,1
OUTER_TRAINING_INNER,mpx_004,mpx_005,mpx_005,21,21,0.2319561094511559,0.6678446337786226,836.5593596909385,0,1,1,319.0000000000013,1
OUTER_TRAINING_INNER,mpx_004,mpx_005,mpx_005,22,22,0.19472183424076941,0.58900530946944,539.1552014622677,0,,0,239.00000000000244,1
OUTER_TRAINING_INNER,mpx_004,mpx_005,mpx_005,23,23,0.1797696706534019,0.5290738217231526,608.8920262822431,0,,0,114.99999999999656,1
OUTER_TRAINING_INNER,mpx_004,mpx_005,mpx_005,24,24,0.16943451902782966,0.506529574380161,462.59677219498565,0,,0,240.00000000000222,1
OUTER_TRAINING_INNER,mpx_004,mpx_005,mpx_005,25,25,0.16756361215091967,0.4890165120859573,537.0266955292177,0,,0,216.000000000002,1
OUTER_TRAINING_INNER,mpx_004,mpx_005,mpx_005,26,26,0.16146091437810847,0.465368503609303,517.0550257514628,0,,0,178.00000000000497,1
OUTER_TRAINING_INNER,mpx_004,mpx_005,mpx_005,27,27,0.29559006178357966,0.7043356898718518,1964.6654107846748,0,0,1,0.0,1
OUTER_TRAINING_INNER,mpx_004,mpx_005,mpx_005,28,28,0.2149687358400298,0.5933293120184608,1024.2343825729113,0,0,1,0.0,1
OUTER_TRAINING_INNER,mpx_004,mpx_005,mpx_005,29,29,0.15180954690221687,0.4726413880095979,86.46495262612834,0,0,1,0.0,1
OUTER_TRAINING_INNER,mpx_004,mpx_005,mpx_005,30,30,0.1506276054420773,0.4709654589746668,57.07259495063076,0,0,1,0.0,1
OUTER_TRAINING_INNER,mpx_004,mpx_005,mpx_005,31,31,0.14948900068889298,0.4693416451646051,28.573802437402122,0,0,1,0.0,1
OUTER_TRAINING_INNER,mpx_004,mpx_005,mpx_005,32,32,0.1483911310085672,0.46776711587191194,0.9212037178575372,0,0,1,nan,0
OUTER_TRAINING_INNER,mpx_004,mpx_005,mpx_005,33,33,0.1473330457239459,0.4662411696484305,0.0,0,0,1,nan,0
OUTER_TRAINING_INNER,mpx_004,mpx_005,mpx_005,34,34,0.14631162825213295,0.4647601895519357,0.0,0,0,1,nan,0
OUTER_TRAINING_INNER,mpx_004,mpx_006,mpx_006,3,3,0.8822582549922398,0.9531420956371015,10655.19978889009,1,1,1,16202.000000000002,1
OUTER_TRAINING_INNER,mpx_004,mpx_006,mpx_006,4,4,0.8112115931564178,0.9259763296974614,9202.15175799998,1,,0,10009.999999999998,1
OUTER_TRAINING_INNER,mpx_004,mpx_006,mpx_006,5,5,0.745390367765146,0.8976246048218284,8260.895089315454,1,1,1,8824.999999999998,1
OUTER_TRAINING_INNER,mpx_004,mpx_006,mpx_006,6,6,0.7298635783773444,0.901350292124913,7674.22172749635,1,1,1,2748.0,1
OUTER_TRAINING_INNER,mpx_004,mpx_006,mpx_006,7,7,0.7318834818044477,0.9219863937960335,7206.261897722476,1,,0,6090.000000000001,1
OUTER_TRAINING_INNER,mpx_004,mpx_006,mpx_006,8,8,0.653047187749298,0.8941038945122991,6340.23029989221,1,1,1,8053.000000000004,1
OUTER_TRAINING_INNER,mpx_004,mpx_006,mpx_006,9,9,0.6674351560813374,0.9055193579509903,6257.972626341596,1,,0,10693.0,1
OUTER_TRAINING_INNER,mpx_004,mpx_006,mpx_006,10,10,0.63168292093589,0.8700206058880257,6261.0534009221765,1,1,1,7261.000000000002,1
OUTER_TRAINING_INNER,mpx_004,mpx_006,mpx_006,11,11,0.6217939042206405,0.8898029600793979,5534.526904577109,1,1,1,5897.999999999999,1
OUTER_TRAINING_INNER,mpx_004,mpx_006,mpx_006,12,12,0.5935411209012386,0.8808783972747358,5277.456731902772,1,1,1,2806.9999999999977,1
OUTER_TRAINING_INNER,mpx_004,mpx_006,mpx_006,13,13,0.5197226845768669,0.8512122152303185,4574.086669163655,1,1,1,1639.9999999999961,1
OUTER_TRAINING_INNER,mpx_004,mpx_006,mpx_006,14,14,0.4622646453959214,0.818823919094579,4096.242567967479,1,,0,1329.9999999999986,1
OUTER_TRAINING_INNER,mpx_004,mpx_006,mpx_006,15,15,0.4357744259592299,0.798844092884533,3907.2743751338735,1,1,1,2889.000000000002,1
OUTER_TRAINING_INNER,mpx_004,mpx_006,mpx_006,16,16,0.4147876326209635,0.7811870881535147,3740.4725766916445,1,1,1,4718.000000000001,1
OUTER_TRAINING_INNER,mpx_004,mpx_006,mpx_006,17,17,0.439103342563335,0.7945757200785769,3968.8467798756915,1,1,1,4975.999999999999,1
OUTER_TRAINING_INNER,mpx_004,mpx_006,mpx_006,18,18,0.4849448420839844,0.8492639079409904,3862.5278460420727,0,,0,3559.999999999997,1
OUTER_TRAINING_INNER,mpx_004,mpx_006,mpx_006,19,19,0.3820803226608958,0.8111010690653837,2613.0447953760026,0,,0,2387.0000000000023,1
OUTER_TRAINING_INNER,mpx_004,mpx_006,mpx_006,20,20,0.30346418795185,0.7604738028151763,1811.291677437355,0,1,1,1679.0000000000043,1
OUTER_TRAINING_INNER,mpx_004,mpx_006,mpx_006,21,21,0.35165305713239564,0.8227349941929365,1813.4689943900885,0,,0,1108.0000000000036,1
OUTER_TRAINING_INNER,mpx_004,mpx_006,mpx_006,22,22,0.3232767383237379,0.8114544865027682,1466.2471205704999,0,,0,278.99999999999903,1
OUTER_TRAINING_INNER,mpx_004,mpx_006,mpx_006,23,23,0.33402441230567625,0.831813454720313,1249.9086223799816,0,1,1,307.9999999999981,1
OUTER_TRAINING_INNER,mpx_004,mpx_006,mpx_006,24,24,0.319083880063042,0.7442884465426917,1903.6559695214032,0,0,1,307.9999999999981,1
OUTER_TRAINING_INNER,mpx_004,mpx_006,mpx_006,25,25,0.2052772356687613,0.6135128040855679,791.0403151365334,0,,0,272.0000000000006,1
OUTER_TRAINING_INNER,mpx_004,mpx_006,mpx_006,26,26,0.20718568228608322,0.667708577799208,264.72406104120455,0,,0,0.0,1
OUTER_TRAINING_INNER,mpx_004,mpx_006,mpx_006,27,27,0.17951030668415108,0.6254296602287592,0.0,0,,0,0.0,1
OUTER_TRAINING_INNER,mpx_004,mpx_006,mpx_006,28,28,0.15234344726254273,0.5781568288926222,0.0,0,,0,0.0,1
OUTER_TRAINING_INNER,mpx_004,mpx_006,mpx_006,29,29,0.16052739470459215,0.5159368239860308,489.59807417780615,0,0,1,0.0,1
OUTER_TRAINING_INNER,mpx_004,mpx_006,mpx_006,30,30,0.14131739842332888,0.47828529343432935,192.98936563083384,0,0,1,0.0,1
OUTER_TRAINING_INNER,mpx_004,mpx_006,mpx_006,31,31,0.12412105146444265,0.44096811662239666,0.0,0,0,1,0.0,1
OUTER_TRAINING_INNER,mpx_004,mpx_006,mpx_006,32,32,0.12319885941404893,0.4394018630729271,0.0,0,0,1,0.0,1
OUTER_TRAINING_INNER,mpx_004,mpx_006,mpx_006,33,33,0.12231123889230004,0.437885846447884,0.0,0,0,1,0.0,1
OUTER_TRAINING_INNER,mpx_004,mpx_006,mpx_006,34,34,0.1214504467897515,0.43640842535194907,0.0,0,0,1,nan,0
OUTER_TRAINING_INNER,mpx_004,mpx_006,mpx_006,35,35,0.12062023004063645,0.4349758952148294,0.0,0,0,1,nan,0
OUTER_TRAINING_INNER,mpx_004,mpx_006,mpx_006,36,36,0.11981829712036615,0.43358507769905713,0.0,0,0,1,nan,0
OUTER_TRAINING_INNER,mpx_004,mpx_007,mpx_007,3,3,0.8658251162888362,0.9431337922446663,10072.262897748842,1,1,1,9875.999999999998,1
OUTER_TRAINING_INNER,mpx_004,mpx_007,mpx_007,4,4,0.8162478750115179,0.931035688203634,8795.38242194585,1,1,1,13190.000000000002,1
OUTER_TRAINING_INNER,mpx_004,mpx_007,mpx_007,5,5,0.8019626421391778,0.9249500662131483,8478.716577191673,1,1,1,8086.999999999998,1
OUTER_TRAINING_INNER,mpx_004,mpx_007,mpx_007,6,6,0.7417821806096393,0.9058061476609625,7425.460711430847,1,1,1,7104.000000000004,1
OUTER_TRAINING_INNER,mpx_004,mpx_007,mpx_007,7,7,0.6973638006444906,0.8880290605636508,6787.852249863052,1,1,1,7542.0,1
OUTER_TRAINING_INNER,mpx_004,mpx_007,mpx_007,8,8,0.634743709128044,0.8624053558216763,6002.502757278144,1,1,1,8043.0,1
OUTER_TRAINING_INNER,mpx_004,mpx_007,mpx_007,9,9,0.6271179401293737,0.8661008339886397,5783.819749129949,1,1,1,8152.999999999997,1
OUTER_TRAINING_INNER,mpx_004,mpx_007,mpx_007,10,10,0.5998860936092829,0.8810911359446231,4978.699806696085,1,1,1,3253.999999999998,1
OUTER_TRAINING_INNER,mpx_004,mpx_007,mpx_007,11,11,0.538554976274692,0.8535360079478393,4344.150517142706,1,1,1,4397.0,1
OUTER_TRAINING_INNER,mpx_004,mpx_007,mpx_007,12,12,0.48439324097718495,0.8355968424207453,3656.502142671717,1,1,1,2961.0000000000027,1
OUTER_TRAINING_INNER,mpx_004,mpx_007,mpx_007,13,13,0.45600663486748294,0.8119795894827224,3469.45606354934,1,1,1,3321.0,1
OUTER_TRAINING_INNER,mpx_004,mpx_007,mpx_007,14,14,0.48352002561202523,0.8188642355045689,3830.3460818625326,0,,0,880.9999999999984,1
OUTER_TRAINING_INNER,mpx_004,mpx_007,mpx_007,15,15,0.4328771479736665,0.7840214925962395,3367.905224795142,0,1,1,2508.9999999999973,1
OUTER_TRAINING_INNER,mpx_004,mpx_007,mpx_007,16,16,0.3822456818251027,0.769379866876584,2631.9184027127767,0,,0,2801.999999999999,1
OUTER_TRAINING_INNER,mpx_004,mpx_007,mpx_007,17,17,0.43357911029438523,0.8161521078040498,2958.468579047905,0,,0,2894.000000000001,1
OUTER_TRAINING_INNER,mpx_004,mpx_007,mpx_007,18,18,0.3581928002617658,0.7838363639706719,2046.0571261481275,0,1,1,1149.0,1
OUTER_TRAINING_INNER,mpx_004,mpx_007,mpx_007,19,19,0.2988332010280713,0.7712248818731638,1083.1928509067661,0,1,1,733.0000000000038,1
OUTER_TRAINING_INNER,mpx_004,mpx_007,mpx_007,20,20,0.28885318752718686,0.7349928084377975,1233.51861576169,0,1,1,622.0000000000006,1
OUTER_TRAINING_INNER,mpx_004,mpx_007,mpx_007,21,21,0.27863395990386636,0.7195673254221505,1155.397226435332,0,1,1,631.9999999999983,1
OUTER_TRAINING_INNER,mpx_004,mpx_007,mpx_007,22,22,0.22550953692571524,0.6232844337555264,847.3401596030402,0,,0,163.9999999999968,1
OUTER_TRAINING_INNER,mpx_004,mpx_007,mpx_007,23,23,0.21467246758056283,0.6317973739554147,493.2274384442548,0,1,1,419.00000000000125,1
OUTER_TRAINING_INNER,mpx_004,mpx_007,mpx_007,24,24,0.19198206739165902,0.5790036520106923,328.96980027075665,0,,0,439.0000000000024,1
OUTER_TRAINING_INNER,mpx_004,mpx_007,mpx_007,25,25,0.1799674224737737,0.5195911352345045,460.8302460036928,0,,0,336.0000000000031,1
OUTER_TRAINING_INNER,mpx_004,mpx_007,mpx_007,26,26,0.15529022675153667,0.46395808745899964,173.68859547937748,0,0,1,119.00000000000134,1
OUTER_TRAINING_INNER,mpx_004,mpx_007,mpx_007,27,27,0.14559987098459629,0.4317946155674507,99.38369927897061,0,,0,71.0000000000009,1
OUTER_TRAINING_INNER,mpx_004,mpx_007,mpx_007,28,28,0.14342933544286332,0.4327906403297009,1.2388836023361733,0,0,1,54.99999999999885,1
OUTER_TRAINING_INNER,mpx_004,mpx_007,mpx_007,29,29,0.1390172117432876,0.41096818606893903,5.980543397779144,0,,0,0.0,1
OUTER_TRAINING_INNER,mpx_004,mpx_007,mpx_007,30,30,0.13175827379305416,0.3961082437241279,0.0,0,,0,0.0,1
OUTER_TRAINING_INNER,mpx_004,mpx_007,mpx_007,31,31,0.1275494480550064,0.38731198489199403,0.0,0,,0,0.0,1
OUTER_TRAINING_INNER,mpx_004,mpx_007,mpx_007,32,32,0.12660088060339908,0.38572865945793394,0.0,0,,0,0.0,1
OUTER_TRAINING_INNER,mpx_004,mpx_007,mpx_007,33,33,0.12568411804451618,0.3841915239024433,0.0,0,,0,nan,0
OUTER_TRAINING_INNER,mpx_004,mpx_007,mpx_007,34,34,0.12479996270262213,0.38270217645915466,0.0,0,,0,nan,0
OUTER_TRAINING_INNER,mpx_004,mpx_007,mpx_007,35,35,0.12392471547597321,0.3812242532658736,0.0,0,,0,nan,0
OUTER_TRAINING_INNER,mpx_004,mpx_008,mpx_008,3,3,0.8913664996145948,0.9506621480772238,10664.432565384224,1,1,1,16309.0,1
OUTER_TRAINING_INNER,mpx_004,mpx_008,mpx_008,4,4,0.8407983694153223,0.9321661838064411,9355.923990844434,1,1,1,13634.000000000004,1
OUTER_TRAINING_INNER,mpx_004,mpx_008,mpx_008,5,5,0.7814038233638362,0.9067501393929759,8364.65536203826,1,1,1,13576.0,1
OUTER_TRAINING_INNER,mpx_004,mpx_008,mpx_008,6,6,0.7791157047697697,0.9249553587699029,7790.2473008229545,1,1,1,10204.999999999996,1
OUTER_TRAINING_INNER,mpx_004,mpx_008,mpx_008,7,7,0.7295400036801186,0.9289877784297069,6660.329041522722,1,1,1,7451.999999999998,1
OUTER_TRAINING_INNER,mpx_004,mpx_008,mpx_008,8,8,0.6500698934659899,0.8825119062503068,6053.28324161546,1,1,1,6065.000000000001,1
OUTER_TRAINING_INNER,mpx_004,mpx_008,mpx_008,9,9,0.5952270794833028,0.86210621075304,5379.048072718271,1,1,1,2917.0000000000014,1
OUTER_TRAINING_INNER,mpx_004,mpx_008,mpx_008,10,10,0.5490528116037791,0.8738404376036452,4519.799522211877,1,,0,1457.999999999998,1
OUTER_TRAINING_INNER,mpx_004,mpx_008,mpx_008,11,11,0.5007922150765676,0.849111422048229,4099.439342726329,1,1,1,3200.999999999999,1
OUTER_TRAINING_INNER,mpx_004,mpx_008,mpx_008,12,12,0.49731689567808374,0.8517989238887967,3973.0323944872916,1,1,1,3494.0000000000005,1
OUTER_TRAINING_INNER,mpx_004,mpx_008,mpx_008,13,13,0.5007501230877318,0.8548416663044244,3941.2594275640417,1,1,1,4109.000000000003,1
OUTER_TRAINING_INNER,mpx_004,mpx_008,mpx_008,14,14,0.5341831482170888,0.8586267993257096,4298.102851405842,1,1,1,4693.000000000001,1
OUTER_TRAINING_INNER,mpx_004,mpx_008,mpx_008,15,15,0.4395387535116074,0.7910851649025163,3583.382735338867,1,1,1,4020.0000000000005,1
OUTER_TRAINING_INNER,mpx_004,mpx_008,mpx_008,16,16,0.3683858216472349,0.7611066193090115,2764.431993919706,0,1,1,3303.999999999998,1
OUTER_TRAINING_INNER,mpx_004,mpx_008,mpx_008,17,17,0.4079835190954493,0.7585027094202718,3246.188818123193,0,,0,1000.9999999999995,1
OUTER_TRAINING_INNER,mpx_004,mpx_008,mpx_008,18,18,0.35727903454005056,0.740707394664109,2633.5767850006773,0,,0,1258.9999999999977,1
OUTER_TRAINING_INNER,mpx_004,mpx_008,mpx_008,19,19,0.29662868939826365,0.7003736355120859,1944.2377314084838,0,1,1,686.0000000000031,1
OUTER_TRAINING_INNER,mpx_004,mpx_008,mpx_008,20,20,0.2936011538151526,0.7206036222741057,1735.961217118774,0,1,1,528.999999999999,1
OUTER_TRAINING_INNER,mpx_004,mpx_008,mpx_008,21,21,0.26392017896172715,0.6980745199870635,1362.5783293469824,0,1,1,1065.000000000002,1
OUTER_TRAINING_INNER,mpx_004,mpx_008,mpx_008,22,22,0.2643228465300816,0.6543935858602884,1604.631128118248,0,1,1,1399.0,1
OUTER_TRAINING_INNER,mpx_004,mpx_008,mpx_008,23,23,0.24879320782717443,0.6326198902360414,1442.6575817831213,0,,0,1629.0000000000043,1
OUTER_TRAINING_INNER,mpx_004,mpx_008,mpx_008,24,24,0.2957476264110207,0.6815261064345779,1915.8281485892448,0,,0,777.9999999999991,1
OUTER_TRAINING_INNER,mpx_004,mpx_008,mpx_008,25,25,0.2207702029525952,0.5794062475072794,1127.1556073882773,0,,0,350.9999999999997,1
OUTER_TRAINING_INNER,mpx_004,mpx_008,mpx_008,26,26,0.19515020243533052,0.522699958095861,884.4669259469767,0,0,1,74.99999999999999,1
OUTER_TRAINING_INNER,mpx_004,mpx_008,mpx_008,27,27,0.16092083043310154,0.4688629058936669,378.5492344984391,0,0,1,13.000000000002725,1
OUTER_TRAINING_INNER,mpx_004,mpx_008,mpx_008,28,28,0.15532359170513194,0.45543596040284284,288.69894499946463,0,,0,0.0,1
OUTER_TRAINING_INNER,mpx_004,mpx_008,mpx_008,29,29,0.14559347549717322,0.43563702921023295,139.1209500052988,0,,0,0.0,1
OUTER_TRAINING_INNER,mpx_004,mpx_008,mpx_008,30,30,0.13862451773746218,0.4209933711871947,23.930993457477143,0,,0,0.0,1
OUTER_TRAINING_INNER,mpx_004,mpx_008,mpx_008,31,31,0.1375752209830646,0.4193130009585246,0.0,0,,0,0.0,1
OUTER_TRAINING_INNER,mpx_004,mpx_008,mpx_008,32,32,0.13656539159852013,0.41768744436945354,0.0,0,,0,0.0,1
OUTER_TRAINING_INNER,mpx_004,mpx_008,mpx_008,33,33,0.13559073311390527,0.4161108523936133,0.0,0,,0,nan,0
OUTER_TRAINING_INNER,mpx_004,mpx_008,mpx_008,34,34,0.13464944966290243,0.41458098228798196,0.0,0,,0,nan,0
OUTER_TRAINING_INNER,mpx_004,mpx_008,mpx_008,35,35,0.13372955056554015,0.41308031394941663,0.0,0,,0,nan,0
OUTER_TRAINING_INNER,mpx_004,mpx_009,mpx_009,3,3,0.886326264760997,0.9526753652593851,10669.505822688754,1,1,1,11873.0,1
OUTER_TRAINING_INNER,mpx_004,mpx_009,mpx_009,4,4,0.8316133429058944,0.9375210001954544,9230.827757821911,1,,0,8400.000000000002,1
OUTER_TRAINING_INNER,mpx_004,mpx_009,mpx_009,5,5,0.7811876685837934,0.9322222982737242,8087.636475043923,1,1,1,8474.000000000002,1
OUTER_TRAINING_INNER,mpx_004,mpx_009,mpx_009,6,6,0.7796493516272346,0.920778529783451,8259.617201096096,1,1,1,11294.000000000002,1
OUTER_TRAINING_INNER,mpx_004,mpx_009,mpx_009,7,7,0.7158731626069638,0.8942656186269627,7313.762360202355,1,1,1,10927.999999999996,1
OUTER_TRAINING_INNER,mpx_004,mpx_009,mpx_009,8,8,0.7032588033942172,0.9086101997936261,6799.161446747823,1,1,1,11375.999999999996,1
OUTER_TRAINING_INNER,mpx_004,mpx_009,mpx_009,9,9,0.6610595183307744,0.901127494548157,6043.976957898509,1,1,1,8141.0,1
OUTER_TRAINING_INNER,mpx_004,mpx_009,mpx_009,10,10,0.6256364683963694,0.8882702236440587,5593.356057463306,1,1,1,4396.0,1
OUTER_TRAINING_INNER,mpx_004,mpx_009,mpx_009,11,11,0.5357668630621735,0.8635624605863345,4560.052565372762,1,,0,2846.0000000000005,1
OUTER_TRAINING_INNER,mpx_004,mpx_009,mpx_009,12,12,0.49785507937181794,0.8416195287429828,4191.609463242419,1,1,1,2088.9999999999964,1
OUTER_TRAINING_INNER,mpx_004,mpx_009,mpx_009,13,13,0.4499680728679287,0.8145915338188223,3784.630035023448,1,1,1,3509.0000000000027,1
OUTER_TRAINING_INNER,mpx_004,mpx_009,mpx_009,14,14,0.4061791693272229,0.7889714565639627,3349.1258259466204,1,,0,4806.000000000004,1
OUTER_TRAINING_INNER,mpx_004,mpx_009,mpx_009,15,15,0.41810351303751925,0.7716322713327924,3636.7001359966184,1,,0,4282.000000000003,1
OUTER_TRAINING_INNER,mpx_004,mpx_009,mpx_009,16,16,0.429354559639456,0.7750584744729896,3672.6094745088176,0,1,1,3074.999999999999,1
OUTER_TRAINING_INNER,mpx_004,mpx_009,mpx_009,17,17,0.33373345400568616,0.743419672291143,2434.045609939634,0,,0,1404.9999999999986,1
OUTER_TRAINING_INNER,mpx_004,mpx_009,mpx_009,18,18,0.26613197894665147,0.6900555283447505,1716.7186815238472,0,,0,628.999999999999,1
OUTER_TRAINING_INNER,mpx_004,mpx_009,mpx_009,19,19,0.3021950925210732,0.7386708225051416,1910.4196906364962,0,1,1,902.9999999999991,1
OUTER_TRAINING_INNER,mpx_004,mpx_009,mpx_009,20,20,0.2730837115677203,0.6944900469072165,1725.3231232934795,0,,0,1315.000000000002,1
OUTER_TRAINING_INNER,mpx_004,mpx_009,mpx_009,21,21,0.24825624590188194,0.661526904116101,1500.902880720668,0,,0,1348.0000000000002,1
OUTER_TRAINING_INNER,mpx_004,mpx_009,mpx_009,22,22,0.2681084768667865,0.7184164908951194,1292.3904617007527,0,1,1,900.9999999999995,1
OUTER_TRAINING_INNER,mpx_004,mpx_009,mpx_009,23,23,0.23719281449740515,0.6726893387474437,1060.9399241272986,0,1,1,564.9999999999965,1
OUTER_TRAINING_INNER,mpx_004,mpx_009,mpx_009,24,24,0.19424953966993824,0.6053916660626738,658.2292349734391,0,1,1,571.0000000000008,1
OUTER_TRAINING_INNER,mpx_004,mpx_009,mpx_009,25,25,0.21446034319863833,0.6165200594045783,974.7382008039973,0,,0,274.99999999999994,1
OUTER_TRAINING_INNER,mpx_004,mpx_009,mpx_009,26,26,0.21750352262517084,0.630556961459644,930.6954742746415,0,,0,76.99999999999953,1
OUTER_TRAINING_INNER,mpx_004,mpx_009,mpx_009,27,27,0.23377137032879666,0.6534941591095023,1106.0506837026387,0,0,1,12.99999999999704,1
OUTER_TRAINING_INNER,mpx_004,mpx_009,mpx_009,28,28,0.19885032412464113,0.6056304902332825,675.0638994706314,0,0,1,0.0,1
OUTER_TRAINING_INNER,mpx_004,mpx_009,mpx_009,29,29,0.18598449160124977,0.5888762345864126,500.5444053073353,0,0,1,0.0,1
OUTER_TRAINING_INNER,mpx_004,mpx_009,mpx_009,30,30,0.16517504748483747,0.5616635566164889,197.98478792693973,0,0,1,0.0,1
OUTER_TRAINING_INNER,mpx_004,mpx_009,mpx_009,31,31,0.16381405168250895,0.5597697108280597,167.2031875884927,0,0,1,0.0,1
OUTER_TRAINING_INNER,mpx_004,mpx_009,mpx_009,32,32,0.16249375679753347,0.557917386584185,137.17246556062358,0,0,1,0.0,1
OUTER_TRAINING_INNER,mpx_004,mpx_009,mpx_009,33,33,0.16136098378403527,0.5563917503147726,109.9497543363598,0,0,1,0.0,1
OUTER_TRAINING_INNER,mpx_004,mpx_009,mpx_009,34,34,0.1602669481839649,0.5549091659266361,83.50963827768922,0,0,1,nan,0
OUTER_TRAINING_INNER,mpx_004,mpx_009,mpx_009,35,35,0.15920914395866406,0.5534670735895372,57.8044091367033,0,0,1,nan,0
OUTER_TRAINING_INNER,mpx_004,mpx_009,mpx_009,36,36,0.15818614628498062,0.552064209932567,32.812452656493434,0,0,1,nan,0
OUTER_TRAINING_INNER,mpx_004,mpx_010,mpx_010,3,3,0.885884822340623,0.9486863455863259,10853.197257149104,1,1,1,11898.000000000002,1
OUTER_TRAINING_INNER,mpx_004,mpx_010,mpx_010,4,4,0.8302871425826821,0.9252834504373254,9550.727885780689,1,,0,8578.999999999996,1
OUTER_TRAINING_INNER,mpx_004,mpx_010,mpx_010,5,5,0.7685752750431984,0.9041303876753473,8437.074800486917,1,1,1,8547.000000000002,1
OUTER_TRAINING_INNER,mpx_004,mpx_010,mpx_010,6,6,0.7689799091874355,0.9123394455859822,8176.761078441318,1,1,1,11191.0,1
OUTER_TRAINING_INNER,mpx_004,mpx_010,mpx_010,7,7,0.7031505721668412,0.875546183627302,7424.107428907662,1,1,1,7695.0000000000055,1
OUTER_TRAINING_INNER,mpx_004,mpx_010,mpx_010,8,8,0.7055920726068353,0.9101688671911864,6749.255080095214,1,1,1,11511.999999999995,1
OUTER_TRAINING_INNER,mpx_004,mpx_010,mpx_010,9,9,0.677180253049284,0.9033989670081869,6243.88058067979,1,1,1,7552.999999999997,1
OUTER_TRAINING_INNER,mpx_004,mpx_010,mpx_010,10,10,0.640492450814011,0.8890612570998985,5855.021127178562,1,,0,8195.999999999998,1
OUTER_TRAINING_INNER,mpx_004,mpx_010,mpx_010,11,11,0.5940094437182568,0.8797894513702506,5115.65781883263,1,1,1,3020.0000000000005,1
OUTER_TRAINING_INNER,mpx_004,mpx_010,mpx_010,12,12,0.5293086152067439,0.8530843940001671,4479.426334288058,1,,0,1836.0000000000027,1
OUTER_TRAINING_INNER,mpx_004,mpx_010,mpx_010,13,13,0.4760230494409355,0.8313676613290022,3905.3281739036943,1,1,1,1426.9999999999993,1
OUTER_TRAINING_INNER,mpx_004,mpx_010,mpx_010,14,14,0.4298314066866847,0.790813837219855,3630.352688036229,1,,0,2836.0000000000027,1
OUTER_TRAINING_INNER,mpx_004,mpx_010,mpx_010,15,15,0.41215095094451143,0.7717169082196004,3516.5566123860076,1,1,1,4509.999999999996,1
OUTER_TRAINING_INNER,mpx_004,mpx_010,mpx_010,16,16,0.42455813582077734,0.7468404618822658,3930.4321056106555,1,1,1,4244.0,1
OUTER_TRAINING_INNER,mpx_004,mpx_010,mpx_010,17,17,0.4570116253340185,0.8245571869429251,3538.5545780530138,0,,0,3041.0000000000014,1
OUTER_TRAINING_INNER,mpx_004,mpx_010,mpx_010,18,18,0.37015674036477925,0.80395506900424,2370.669786059131,0,1,1,1336.000000000003,1
OUTER_TRAINING_INNER,mpx_004,mpx_010,mpx_010,19,19,0.3104796808733566,0.7654730492544686,1768.369426255146,0,1,1,563.9999999999967,1
OUTER_TRAINING_INNER,mpx_004,mpx_010,mpx_010,20,20,0.32756476117863365,0.7541966667135588,2141.0112671808174,0,,0,315.9999999999963,1
OUTER_TRAINING_INNER,mpx_004,mpx_010,mpx_010,21,21,0.28682402851246147,0.7158458979488326,1717.0368986050948,0,,0,161.99999999999724,1
OUTER_TRAINING_INNER,mpx_004,mpx_010,mpx_010,22,22,0.2596702841062102,0.6805082639073696,1494.0741909175524,0,1,1,772.0000000000005,1
OUTER_TRAINING_INNER,mpx_004,mpx_010,mpx_010,23,23,0.2885302671277242,0.7128843132312878,1716.2531958676864,0,1,1,1166.0000000000018,1
OUTER_TRAINING_INNER,mpx_004,mpx_010,mpx_010,24,24,0.2579420036112413,0.6834450596891162,1367.2772619870484,0,1,1,1224.9999999999998,1
OUTER_TRAINING_INNER,mpx_004,mpx_010,mpx_010,25,25,0.23428186179250543,0.6691550314453848,999.5877805665075,0,1,1,894.0000000000011,1
OUTER_TRAINING_INNER,mpx_004,mpx_010,mpx_010,26,26,0.24301817799369768,0.6964307523105803,925.0933477078505,0,,0,360.99999999999744,1
OUTER_TRAINING_INNER,mpx_004,mpx_010,mpx_010,27,27,0.20655168942735935,0.6446095976372281,548.8830755960604,0,1,1,327.99999999999926,1
OUTER_TRAINING_INNER,mpx_004,mpx_010,mpx_010,28,28,0.21302045925605687,0.6838769499552714,355.55243471366435,0,0,1,36.999999999997264,1
OUTER_TRAINING_INNER,mpx_004,mpx_010,mpx_010,29,29,0.20783001538690168,0.664543837247475,390.1978617866573,0,0,1,25.999999999999766,1
OUTER_TRAINING_INNER,mpx_004,mpx_010,mpx_010,30,30,0.19788832710676402,0.6315392538601473,399.9787529980732,0,,0,0.0,1
OUTER_TRAINING_INNER,mpx_004,mpx_010,mpx_010,31,31,0.2202137818766378,0.5347847224771584,1440.3334785174575,0,,0,0.0,1
OUTER_TRAINING_INNER,mpx_004,mpx_010,mpx_010,32,32,0.15473009831449147,0.42823987736385566,607.3475816658297,0,0,1,0.0,1
OUTER_TRAINING_INNER,mpx_004,mpx_010,mpx_010,33,33,0.10729608800851442,0.3375722789378018,0.0,0,0,1,0.0,1
OUTER_TRAINING_INNER,mpx_004,mpx_010,mpx_010,34,34,0.10518563525992933,0.33303392853877595,0.0,0,0,1,0.0,1
OUTER_TRAINING_INNER,mpx_004,mpx_010,mpx_010,35,35,0.10445530252741289,0.33171351110709296,0.0,0,0,1,0.0,1
OUTER_TRAINING_INNER,mpx_004,mpx_010,mpx_010,36,36,0.10374743980665486,0.33042885128495925,0.0,0,0,1,0.0,1
OUTER_TRAINING_INNER,mpx_004,mpx_010,mpx_010,37,37,0.10306200113778484,0.32918007914542585,0.0,0,0,1,0.0,1
OUTER_TRAINING_INNER,mpx_004,mpx_010,mpx_010,38,38,0.10239896487130123,0.32796737345801785,0.0,0,0,1,nan,0
OUTER_TRAINING_INNER,mpx_004,mpx_010,mpx_010,39,39,0.10175553269760422,0.3267862716036692,0.0,0,0,1,nan,0
OUTER_TRAINING_INNER,mpx_004,mpx_010,mpx_010,40,40,0.10112253300835586,0.32562154001900057,0.0,0,0,1,nan,0
OUTER_TRAINING_INNER,mpx_005,mpx_001,mpx_001,3,3,0.8782370827563034,0.9497094656169137,11112.584219078393,1,1,1,11143.999999999998,1
OUTER_TRAINING_INNER,mpx_005,mpx_001,mpx_001,4,4,0.8054480669769591,0.9119267864788061,9693.01843926714,1,,0,8574.000000000002,1
OUTER_TRAINING_INNER,mpx_005,mpx_001,mpx_001,5,5,0.7538270012891152,0.9045721106869025,8475.869970154574,1,1,1,8540.999999999998,1
OUTER_TRAINING_INNER,mpx_005,mpx_001,mpx_001,6,6,0.7559213463823689,0.9113890196591198,8316.836517327429,1,1,1,6961.000000000002,1
OUTER_TRAINING_INNER,mpx_005,mpx_001,mpx_001,7,7,0.707908091646024,0.9023453509433552,7369.5158646184145,1,1,1,2499.9999999999995,1
OUTER_TRAINING_INNER,mpx_005,mpx_001,mpx_001,8,8,0.6931134352433,0.9120363761034033,6786.352353062217,1,,0,6284.000000000002,1
OUTER_TRAINING_INNER,mpx_005,mpx_001,mpx_001,9,9,0.6231800635204772,0.8822114012511711,5998.1135404972465,1,,0,7054.999999999997,1
OUTER_TRAINING_INNER,mpx_005,mpx_001,mpx_001,10,10,0.5716555189868123,0.8582210003893157,5456.233309913822,1,1,1,11917.0,1
OUTER_TRAINING_INNER,mpx_005,mpx_001,mpx_001,11,11,0.6225644191436458,0.8884492446871468,5783.216566642455,1,1,1,7568.0,1
OUTER_TRAINING_INNER,mpx_005,mpx_001,mpx_001,12,12,0.5741459823980358,0.8719964342622817,5190.277161788782,1,1,1,7904.000000000003,1
OUTER_TRAINING_INNER,mpx_005,mpx_001,mpx_001,13,13,0.5709180154586879,0.8896530626061405,4739.491912823822,1,1,1,2673.9999999999995,1
OUTER_TRAINING_INNER,mpx_005,mpx_001,mpx_001,14,14,0.5130256333890366,0.8545207987770073,4334.984023724711,1,1,1,1854.9999999999984,1
OUTER_TRAINING_INNER,mpx_005,mpx_001,mpx_001,15,15,0.4460418367610744,0.8199892813001074,3644.0829597164297,1,1,1,486.99999999999716,1
OUTER_TRAINING_INNER,mpx_005,mpx_001,mpx_001,16,16,0.41955614617164777,0.7985956548929131,3434.049823983814,1,,0,1658.0000000000034,1
OUTER_TRAINING_INNER,mpx_005,mpx_001,mpx_001,17,17,0.41958541265165405,0.8038809320971759,3342.1145260302783,1,1,1,3888.000000000002,1
OUTER_TRAINING_INNER,mpx_005,mpx_001,mpx_001,18,18,0.3963551496703537,0.7881352085924324,3108.240288897984,1,1,1,5014.000000000002,1
OUTER_TRAINING_INNER,mpx_005,mpx_001,mpx_001,19,19,0.4351257928133374,0.8266093542240243,3321.892813073621,0,,0,4327.999999999998,1
OUTER_TRAINING_INNER,mpx_005,mpx_001,mpx_001,20,20,0.37668168493866677,0.803087750441595,2621.982316021152,0,1,1,2030.9999999999982,1
OUTER_TRAINING_INNER,mpx_005,mpx_001,mpx_001,21,21,0.26854305531078293,0.6907559026108484,1691.0990515935905,0,,0,1246.0000000000007,1
OUTER_TRAINING_INNER,mpx_005,mpx_001,mpx_001,22,22,0.24522883093942505,0.6645622270728083,1430.3923833251301,0,,0,481.9999999999983,1
OUTER_TRAINING_INNER,mpx_005,mpx_001,mpx_001,23,23,0.21986655627708515,0.6128589287697318,1249.87392677779,0,1,1,415.00000000000216,1
OUTER_TRAINING_INNER,mpx_005,mpx_001,mpx_001,24,24,0.18793923692855904,0.5719702509135154,757.4452565170903,0,,0,138.0000000000027,1
OUTER_TRAINING_INNER,mpx_005,mpx_001,mpx_001,25,25,0.17250507109672938,0.5489295610104383,483.4381094936907,0,,0,111.00000000000315,1
OUTER_TRAINING_INNER,mpx_005,mpx_001,mpx_001,26,26,0.16968291940069483,0.5617353598645491,275.3133500708985,0,,0,81.9999999999984,1
OUTER_TRAINING_INNER,mpx_005,mpx_001,mpx_001,27,27,0.1630321885772185,0.5216763722775425,358.4418746604341,0,0,1,17.999999999995904,1
OUTER_TRAINING_INNER,mpx_005,mpx_001,mpx_001,28,28,0.16006754593400616,0.5336108646109033,173.9776529267112,0,,0,17.999999999995904,1
OUTER_TRAINING_INNER,mpx_005,mpx_001,mpx_001,29,29,0.14551820733745585,0.49993119927261304,0.0,0,,0,0.0,1
OUTER_TRAINING_INNER,mpx_005,mpx_001,mpx_001,30,30,0.13677286303171038,0.4791022871481953,0.0,0,,0,0.0,1
OUTER_TRAINING_INNER,mpx_005,mpx_001,mpx_001,31,31,0.13327080206598957,0.4710218871456365,0.0,0,,0,0.0,1
OUTER_TRAINING_INNER,mpx_005,mpx_001,mpx_001,32,32,0.13227544934296698,0.4694536058301065,0.0,0,,0,0.0,1
OUTER_TRAINING_INNER,mpx_005,mpx_001,mpx_001,33,33,0.13131536061985433,0.4679321641664155,0.0,0,,0,nan,0
OUTER_TRAINING_INNER,mpx_005,mpx_001,mpx_001,34,34,0.13038856760651066,0.4664552267218002,0.0,0,,0,nan,0
OUTER_TRAINING_INNER,mpx_005,mpx_001,mpx_001,35,35,0.1294912217459549,0.4650176662515723,0.0,0,,0,nan,0
OUTER_TRAINING_INNER,mpx_005,mpx_002,mpx_002,3,3,0.8801123641485489,0.9529947404381205,10578.274564527706,1,1,1,15128.000000000002,1
OUTER_TRAINING_INNER,mpx_005,mpx_002,mpx_002,4,4,0.8127872807692377,0.9255466801251624,9112.446321218446,1,,0,15646.0,1
OUTER_TRAINING_INNER,mpx_005,mpx_002,mpx_002,5,5,0.7612163737224282,0.9071746508041986,8172.764755883539,1,1,1,15116.999999999998,1
OUTER_TRAINING_INNER,mpx_005,mpx_002,mpx_002,6,6,0.7670332910686555,0.9244508413632879,7862.891505756942,1,,0,11099.999999999998,1
OUTER_TRAINING_INNER,mpx_005,mpx_002,mpx_002,7,7,0.7168676495526394,0.9348557832866717,6395.571377455617,1,1,1,4104.999999999998,1
OUTER_TRAINING_INNER,mpx_005,mpx_002,mpx_002,8,8,0.6329456965559012,0.8848906529422175,5936.144526198666,1,,0,4837.000000000002,1
OUTER_TRAINING_INNER,mpx_005,mpx_002,mpx_002,9,9,0.5814491762152613,0.8728168871983092,5170.923168298107,1,1,1,5665.000000000001,1
OUTER_TRAINING_INNER,mpx_005,mpx_002,mpx_002,10,10,0.5425788266277357,0.8460104490324989,4890.215396852717,1,1,1,5517.000000000001,1
OUTER_TRAINING_INNER,mpx_005,mpx_002,mpx_002,11,11,0.5478875128998575,0.8720513845106108,4545.893952573749,1,,0,5848.999999999999,1
OUTER_TRAINING_INNER,mpx_005,mpx_002,mpx_002,12,12,0.5765967857580676,0.9129567293946751,4262.932111966442,1,,0,4123.999999999999,1
OUTER_TRAINING_INNER,mpx_005,mpx_002,mpx_002,13,13,0.5070385149056892,0.868503917800609,3941.161104136245,1,,0,3666.0000000000014,1
OUTER_TRAINING_INNER,mpx_005,mpx_002,mpx_002,14,14,0.4460128359391319,0.8562211251827859,3087.655135957691,0,1,1,1594.000000000001,1
OUTER_TRAINING_INNER,mpx_005,mpx_002,mpx_002,15,15,0.4454014697955537,0.8675746535409318,2898.252388460187,0,1,1,2349.9999999999995,1
OUTER_TRAINING_INNER,mpx_005,mpx_002,mpx_002,16,16,0.40386200795317145,0.840700447123006,2567.4491345361025,0,,0,2031.999999999998,1
OUTER_TRAINING_INNER,mpx_005,mpx_002,mpx_002,17,17,0.37865560020323596,0.8237004905329088,2326.6812269139446,0,1,1,2430.999999999998,1
OUTER_TRAINING_INNER,mpx_005,mpx_002,mpx_002,18,18,0.3503546720090298,0.8132395382483584,2064.975155822664,0,1,1,955.9999999999984,1
OUTER_TRAINING_INNER,mpx_005,mpx_002,mpx_002,19,19,0.30616513601681494,0.7860182103606277,1486.6868795629273,0,,0,909.0000000000034,1
OUTER_TRAINING_INNER,mpx_005,mpx_002,mpx_002,20,20,0.25095924495868965,0.6833035316956514,1387.549291307565,0,1,1,380.9999999999986,1
OUTER_TRAINING_INNER,mpx_005,mpx_002,mpx_002,21,21,0.22338760574407976,0.6392173373365946,1119.9908056985696,0,,0,127.99999999999929,1
OUTER_TRAINING_INNER,mpx_005,mpx_002,mpx_002,22,22,0.19178036760650335,0.5730570668254557,838.5362926819018,0,1,1,326.9999999999995,1
OUTER_TRAINING_INNER,mpx_005,mpx_002,mpx_002,23,23,0.17752009402453178,0.5395433592387082,673.6691383430143,0,1,1,309.0000000000036,1
OUTER_TRAINING_INNER,mpx_005,mpx_002,mpx_002,24,24,0.20490872240579114,0.609067830053607,937.2714249904589,0,,0,399.9999999999999,1
OUTER_TRAINING_INNER,mpx_005,mpx_002,mpx_002,25,25,0.1538200396093217,0.4882728820754346,449.484413502109,0,,0,90.99999999999635,1
OUTER_TRAINING_INNER,mpx_005,mpx_002,mpx_002,26,26,0.13511165623655283,0.4397093986093169,145.41655055559352,0,,0,129.99999999999315,1
OUTER_TRAINING_INNER,mpx_005,mpx_002,mpx_002,27,27,0.14072548135387766,0.45088403023617146,237.4396011396114,0,,0,38.99999999999681,1
OUTER_TRAINING_INNER,mpx_005,mpx_002,mpx_002,28,28,0.14074557836283605,0.45944242842549493,193.01441577355862,0,0,1,40.999999999996355,1
OUTER_TRAINING_INNER,mpx_005,mpx_002,mpx_002,29,29,0.13307778777697635,0.4301684493054691,135.08973821059186,0,0,1,1.9999999999995448,1
OUTER_TRAINING_INNER,mpx_005,mpx_002,mpx_002,30,30,0.12124816283619565,0.39743142341339466,0.0,0,0,1,1.9999999999995448,1
OUTER_TRAINING_INNER,mpx_005,mpx_002,mpx_002,31,31,0.1180049124641846,0.3911807704999847,0.0,0,0,1,0.0,1
OUTER_TRAINING_INNER,mpx_005,mpx_002,mpx_002,32,32,0.1170606470926899,0.38958339015525595,0.0,0,0,1,0.0,1
OUTER_TRAINING_INNER,mpx_005,mpx_002,mpx_002,33,33,0.11614866426944043,0.3880301879226207,0.0,0,0,1,0.0,1
OUTER_TRAINING_INNER,mpx_005,mpx_002,mpx_002,34,34,0.11531088123122145,0.3866724743287385,0.0,0,0,1,0.0,1
OUTER_TRAINING_INNER,mpx_005,mpx_002,mpx_002,35,35,0.11450316189265503,0.3853569201419243,0.0,0,0,1,nan,0
OUTER_TRAINING_INNER,mpx_005,mpx_002,mpx_002,36,36,0.11372084607737332,0.38407689613790935,0.0,0,0,1,nan,0
OUTER_TRAINING_INNER,mpx_005,mpx_002,mpx_002,37,37,0.11296337557079003,0.3828318697159614,0.0,0,0,1,nan,0
OUTER_TRAINING_INNER,mpx_005,mpx_003,mpx_003,3,3,0.8805669310502199,0.9511158067081176,11146.096871190004,1,1,1,10673.0,1
OUTER_TRAINING_INNER,mpx_005,mpx_003,mpx_003,4,4,0.8279947165395972,0.9320031164377557,9760.202250659702,1,,0,5346.0,1
OUTER_TRAINING_INNER,mpx_005,mpx_003,mpx_003,5,5,0.7706697517839114,0.9066908023565171,8786.647757225965,1,1,1,6256.0,1
OUTER_TRAINING_INNER,mpx_005,mpx_003,mpx_003,6,6,0.7776243248034438,0.9172356470696923,8637.729208656308,1,1,1,5883.999999999999,1
OUTER_TRAINING_INNER,mpx_005,mpx_003,mpx_003,7,7,0.749202376201232,0.910163040999369,8054.73715498397,1,1,1,4840.000000000001,1
OUTER_TRAINING_INNER,mpx_005,mpx_003,mpx_003,8,8,0.7051399469309567,0.8944780184250494,7370.041612724826,1,,0,8275.999999999998,1
OUTER_TRAINING_INNER,mpx_005,mpx_003,mpx_003,9,9,0.6646895132943599,0.8791229280082417,6813.086556223924,1,1,1,8792.0,1
OUTER_TRAINING_INNER,mpx_005,mpx_003,mpx_003,10,10,0.680181105412969,0.9083853140119381,6410.346278020413,1,1,1,11184.000000000002,1
OUTER_TRAINING_INNER,mpx_005,mpx_003,mpx_003,11,11,0.6655515916597857,0.9182849109198,5769.993230201945,1,1,1,6445.0000000000055,1
OUTER_TRAINING_INNER,mpx_005,mpx_003,mpx_003,12,12,0.6017383243698099,0.8722562794699636,5611.708977620344,1,1,1,5945.0,1
OUTER_TRAINING_INNER,mpx_005,mpx_003,mpx_003,13,13,0.5670941040135826,0.8716393442302974,4931.188585722662,1,,0,2718.000000000001,1
OUTER_TRAINING_INNER,mpx_005,mpx_003,mpx_003,14,14,0.5223831859149883,0.8562861336156453,4343.56507814656,1,1,1,2317.9999999999955,1
OUTER_TRAINING_INNER,mpx_005,mpx_003,mpx_003,15,15,0.4827478616268709,0.8360253960545975,3921.2657087420066,1,1,1,3454.000000000004,1
OUTER_TRAINING_INNER,mpx_005,mpx_003,mpx_003,16,16,0.4591597745496069,0.817981446001605,3744.8782600096242,1,1,1,3705.9999999999977,1
OUTER_TRAINING_INNER,mpx_005,mpx_003,mpx_003,17,17,0.49622424454026975,0.8472076619740018,3922.839676501829,1,1,1,2944.000000000001,1
OUTER_TRAINING_INNER,mpx_005,mpx_003,mpx_003,18,18,0.5310356801677929,0.8896560865168848,3772.046278430624,0,,0,2873.0,1
OUTER_TRAINING_INNER,mpx_005,mpx_003,mpx_003,19,19,0.4419253129911422,0.835709470563567,3138.5726101928144,0,,0,3020.0000000000005,1
OUTER_TRAINING_INNER,mpx_005,mpx_003,mpx_003,20,20,0.4036474337238496,0.8087471968505533,2835.009130594611,0,,0,3369.0000000000005,1
OUTER_TRAINING_INNER,mpx_005,mpx_003,mpx_003,21,21,0.3545891356422325,0.7795591799735816,2346.5569466448896,0,1,1,1514.9999999999964,1
OUTER_TRAINING_INNER,mpx_005,mpx_003,mpx_003,22,22,0.35302168639769244,0.826205342323146,1682.860999934658,0,1,1,795.0000000000009,1
OUTER_TRAINING_INNER,mpx_005,mpx_003,mpx_003,23,23,0.3000005641344732,0.750067080213136,1641.798177775868,0,1,1,365.0000000000022,1
OUTER_TRAINING_INNER,mpx_005,mpx_003,mpx_003,24,24,0.24504500698535323,0.7008703829040059,893.2552635382503,0,1,1,517.0000000000017,1
OUTER_TRAINING_INNER,mpx_005,mpx_003,mpx_003,25,25,0.21427852514009893,0.610727188089585,1012.4363165265557,0,1,1,536.9999999999972,1
OUTER_TRAINING_INNER,mpx_005,mpx_003,mpx_003,26,26,0.20018072940717577,0.5936596717719929,762.5526277919706,0,,0,536.9999999999972,1
OUTER_TRAINING_INNER,mpx_005,mpx_003,mpx_003,27,27,0.1870762120061896,0.5588971859200057,732.5918024612141,0,1,1,154.99999999999883,1
OUTER_TRAINING_INNER,mpx_005,mpx_003,mpx_003,28,28,0.1585956202938293,0.48497788218867866,469.8391977921569,0,0,1,56.000000000004306,1
OUTER_TRAINING_INNER,mpx_005,mpx_003,mpx_003,29,29,0.15170457039639815,0.48319532035434126,274.65837412420126,0,0,1,209.00000000000358,1
OUTER_TRAINING_INNER,mpx_005,mpx_003,mpx_003,30,30,0.1454412944397678,0.43268303094361293,519.690477790518,0,0,1,228.99999999999903,1
OUTER_TRAINING_INNER,mpx_005,mpx_003,mpx_003,31,31,0.13563133483195486,0.42767152411951326,177.11793294454378,0,,0,172.99999999999474,1
OUTER_TRAINING_INNER,mpx_005,mpx_003,mpx_003,32,32,0.12276002887712271,0.4292398106299662,0.0,0,0,1,19.99999999999545,1
OUTER_TRAINING_INNER,mpx_005,mpx_003,mpx_003,33,33,0.11859436554777196,0.41480822391091493,0.0,0,,0,0.0,1
OUTER_TRAINING_INNER,mpx_005,mpx_003,mpx_003,34,34,0.11464869258345642,0.4040559360810125,0.0,0,,0,0.0,1
OUTER_TRAINING_INNER,mpx_005,mpx_003,mpx_003,35,35,0.11255984558770893,0.398623602885603,0.0,0,,0,0.0,1
OUTER_TRAINING_INNER,mpx_005,mpx_003,mpx_003,36,36,0.11179162057967207,0.39726940458121013,0.0,0,,0,0.0,1
OUTER_TRAINING_INNER,mpx_005,mpx_003,mpx_003,37,37,0.11104619727251132,0.3959495930285751,0.0,0,,0,0.0,1
OUTER_TRAINING_INNER,mpx_005,mpx_003,mpx_003,38,38,0.11032647232444735,0.3946690591188514,0.0,0,,0,0.0,1
OUTER_TRAINING_INNER,mpx_005,mpx_003,mpx_003,39,39,0.10962717626959766,0.39341963679164266,0.0,0,,0,nan,0
OUTER_TRAINING_INNER,mpx_005,mpx_003,mpx_003,40,40,0.10894652466134112,0.3921986532865484,0.0,0,,0,nan,0
OUTER_TRAINING_INNER,mpx_005,mpx_003,mpx_003,41,41,0.10828744296333147,0.3910110443811822,0.0,0,,0,nan,0
OUTER_TRAINING_INNER,mpx_005,mpx_004,mpx_004,3,3,0.8794033783946956,0.9452451755007396,10635.942099160111,1,1,1,16319.999999999998,1
OUTER_TRAINING_INNER,mpx_005,mpx_004,mpx_004,4,4,0.8045120790615453,0.9136500360171452,8992.595864004208,1,1,1,14220.999999999998,1
OUTER_TRAINING_INNER,mpx_005,mpx_004,mpx_004,5,5,0.8046886279043531,0.9256792070529613,8642.92553859214,1,1,1,10523.000000000002,1
OUTER_TRAINING_INNER,mpx_005,mpx_004,mpx_004,6,6,0.7516907029626952,0.9099977148727331,7641.254437260658,1,1,1,4285.000000000003,1
OUTER_TRAINING_INNER,mpx_005,mpx_004,mpx_004,7,7,0.7113615411248474,0.9033225626841255,6859.054922942036,1,1,1,8679.000000000004,1
OUTER_TRAINING_INNER,mpx_005,mpx_004,mpx_004,8,8,0.6457778780925102,0.8631596447892224,6276.80668003001,1,1,1,11343.999999999998,1
OUTER_TRAINING_INNER,mpx_005,mpx_004,mpx_004,9,9,0.6097406354950643,0.8436959565141728,5877.115876586423,1,,0,10434.000000000002,1
OUTER_TRAINING_INNER,mpx_005,mpx_004,mpx_004,10,10,0.6713108673088497,0.9141298305362487,5742.7537183857585,1,1,1,6842.0,1
OUTER_TRAINING_INNER,mpx_005,mpx_004,mpx_004,11,11,0.6004163179966016,0.8849037749644805,5017.706479938162,1,1,1,4879.000000000004,1
OUTER_TRAINING_INNER,mpx_005,mpx_004,mpx_004,12,12,0.5539162840266169,0.8577469673389538,4641.253131863198,1,1,1,4905.999999999997,1
OUTER_TRAINING_INNER,mpx_005,mpx_004,mpx_004,13,13,0.5345439199272765,0.8646115070853636,4213.024801014543,1,1,1,4575.999999999999,1
OUTER_TRAINING_INNER,mpx_005,mpx_004,mpx_004,14,14,0.438045748349172,0.8186096626717956,3175.0235135928106,0,,0,3157.9999999999973,1
OUTER_TRAINING_INNER,mpx_005,mpx_004,mpx_004,15,15,0.36750914866767115,0.7706247296135738,2440.773535265552,0,1,1,2886.0000000000027,1
OUTER_TRAINING_INNER,mpx_005,mpx_004,mpx_004,16,16,0.48406541086818744,0.8622957086177292,3497.2724229628434,0,1,1,765.0000000000022,1
OUTER_TRAINING_INNER,mpx_005,mpx_004,mpx_004,17,17,0.3778133906964437,0.7884608295487959,2569.699463220993,0,,0,753.999999999999,1
OUTER_TRAINING_INNER,mpx_005,mpx_004,mpx_004,18,18,0.34927935922821074,0.7744780507310417,2263.999978071436,0,1,1,651.9999999999994,1
OUTER_TRAINING_INNER,mpx_005,mpx_004,mpx_004,19,19,0.3160197214282374,0.7436201041398955,1905.3944910223195,0,1,1,526.9999999999994,1
OUTER_TRAINING_INNER,mpx_005,mpx_004,mpx_004,20,20,0.2609695075595552,0.6825298347780633,1300.0309957502102,0,1,1,635.0000000000033,1
OUTER_TRAINING_INNER,mpx_005,mpx_004,mpx_004,21,21,0.23642665814384647,0.6370208151171342,1187.565688391259,0,,0,377.99999999999926,1
OUTER_TRAINING_INNER,mpx_005,mpx_004,mpx_004,22,22,0.23646733595662267,0.6248242874883806,1300.4176513131233,0,,0,437.99999999999693,1
OUTER_TRAINING_INNER,mpx_005,mpx_004,mpx_004,23,23,0.2422154374140887,0.6213751401478189,1589.4743178409417,0,1,1,185.99999999999747,1
OUTER_TRAINING_INNER,mpx_005,mpx_004,mpx_004,24,24,0.19125120601366344,0.5369492993423648,930.410237352398,0,,0,182.99999999999815,1
OUTER_TRAINING_INNER,mpx_005,mpx_004,mpx_004,25,25,0.19102234536032522,0.5219731247606962,994.0917338864998,0,0,1,118.00000000000156,1
OUTER_TRAINING_INNER,mpx_005,mpx_004,mpx_004,26,26,0.16391418805474844,0.45537515131475187,706.1186652087813,0,0,1,72.00000000000067,1
OUTER_TRAINING_INNER,mpx_005,mpx_004,mpx_004,27,27,0.14520858072715567,0.4118688248967423,406.67432783176207,0,,0,82.00000000000408,1
OUTER_TRAINING_INNER,mpx_005,mpx_004,mpx_004,28,28,0.1428304989038426,0.4069222134942653,337.86205336326157,0,,0,17.000000000001815,1
OUTER_TRAINING_INNER,mpx_005,mpx_004,mpx_004,29,29,0.13954335386350797,0.39790492631271385,288.0633538737296,0,,0,17.000000000001815,1
OUTER_TRAINING_INNER,mpx_005,mpx_004,mpx_004,30,30,0.15271842572856878,0.42312787689048553,520.2374186118002,0,,0,0.0,1
OUTER_TRAINING_INNER,mpx_005,mpx_004,mpx_004,31,31,0.14540813736333325,0.4077329320310738,386.00574779110957,0,,0,0.0,1
OUTER_TRAINING_INNER,mpx_005,mpx_004,mpx_004,32,32,0.13844123048816792,0.3926714282541387,252.69506507307645,0,,0,0.0,1
OUTER_TRAINING_INNER,mpx_005,mpx_004,mpx_004,33,33,0.1374417408072101,0.3912091769155283,225.85785563326365,0,,0,0.0,1
OUTER_TRAINING_INNER,mpx_005,mpx_004,mpx_004,34,34,0.1364706779794953,0.38978266509748427,199.6141385959841,0,,0,nan,0
OUTER_TRAINING_INNER,mpx_005,mpx_004,mpx_004,35,35,0.1355348275182051,0.38840138881472097,174.17544075253775,0,,0,nan,0
OUTER_TRAINING_INNER,mpx_005,mpx_004,mpx_004,36,36,0.1346326512692821,0.38706363813774525,149.5150909341635,0,,0,nan,0
OUTER_TRAINING_INNER,mpx_005,mpx_006,mpx_006,3,3,0.8805949960915883,0.9592840019406975,10797.707790767025,1,1,1,16202.000000000002,1
OUTER_TRAINING_INNER,mpx_005,mpx_006,mpx_006,4,4,0.8105733177929758,0.9343638953241673,9324.878156698594,1,,0,10009.999999999998,1
OUTER_TRAINING_INNER,mpx_005,mpx_006,mpx_006,5,5,0.7475231900229172,0.9069384060522144,8433.740966407377,1,1,1,8824.999999999998,1
OUTER_TRAINING_INNER,mpx_005,mpx_006,mpx_006,6,6,0.729937603224948,0.9133447808087006,7748.56866884163,1,1,1,2748.0,1
OUTER_TRAINING_INNER,mpx_005,mpx_006,mpx_006,7,7,0.7299179277260621,0.9300762514879999,7190.603944599757,1,,0,6090.000000000001,1
OUTER_TRAINING_INNER,mpx_005,mpx_006,mpx_006,8,8,0.6548153694991188,0.9010500420692933,6397.888162956887,1,1,1,8053.000000000004,1
OUTER_TRAINING_INNER,mpx_005,mpx_006,mpx_006,9,9,0.6680832568994793,0.9132751022927533,6275.147885166774,1,,0,10693.0,1
OUTER_TRAINING_INNER,mpx_005,mpx_006,mpx_006,10,10,0.6300370578119624,0.8868615874066647,6240.285855564972,1,1,1,7261.000000000002,1
OUTER_TRAINING_INNER,mpx_005,mpx_006,mpx_006,11,11,0.6205175832720798,0.9050612570296046,5495.993598789258,1,1,1,5897.999999999999,1
OUTER_TRAINING_INNER,mpx_005,mpx_006,mpx_006,12,12,0.5902049602169733,0.8965944393282508,5180.683693028191,1,1,1,2806.9999999999977,1
OUTER_TRAINING_INNER,mpx_005,mpx_006,mpx_006,13,13,0.5199176973496237,0.865421767845853,4533.177926350428,1,1,1,1639.9999999999961,1
OUTER_TRAINING_INNER,mpx_005,mpx_006,mpx_006,14,14,0.46522487756402936,0.8323468490273156,4096.912346815834,1,,0,1329.9999999999986,1
OUTER_TRAINING_INNER,mpx_005,mpx_006,mpx_006,15,15,0.43960368830898366,0.8129315861295691,3922.166623420752,1,1,1,2889.000000000002,1
OUTER_TRAINING_INNER,mpx_005,mpx_006,mpx_006,16,16,0.41929698807454596,0.7963242065747798,3763.9844105967522,1,1,1,4718.000000000001,1
OUTER_TRAINING_INNER,mpx_005,mpx_006,mpx_006,17,17,0.44082653428633306,0.8133985324473514,3930.5752774916664,1,1,1,4975.999999999999,1
OUTER_TRAINING_INNER,mpx_005,mpx_006,mpx_006,18,18,0.4803418333736707,0.8704350987184352,3694.2605003983617,0,,0,3559.999999999997,1
OUTER_TRAINING_INNER,mpx_005,mpx_006,mpx_006,19,19,0.38124823201035085,0.8330936140872426,2501.2485091541503,0,,0,2387.0000000000023,1
OUTER_TRAINING_INNER,mpx_005,mpx_006,mpx_006,20,20,0.30674699732199306,0.778461942289728,1770.5093293943132,0,1,1,1679.0000000000043,1
OUTER_TRAINING_INNER,mpx_005,mpx_006,mpx_006,21,21,0.35111895055202896,0.8428559458722568,1677.2261185831833,0,,0,1108.0000000000036,1
OUTER_TRAINING_INNER,mpx_005,mpx_006,mpx_006,22,22,0.32074077849279004,0.8344890781249632,1279.2615580354966,0,,0,278.99999999999903,1
OUTER_TRAINING_INNER,mpx_005,mpx_006,mpx_006,23,23,0.3300927877647144,0.8569145627201932,1034.7141935514032,0,1,1,307.9999999999981,1
OUTER_TRAINING_INNER,mpx_005,mpx_006,mpx_006,24,24,0.3062830595339955,0.8109276646799136,1583.3998708350077,0,0,1,307.9999999999981,1
OUTER_TRAINING_INNER,mpx_005,mpx_006,mpx_006,25,25,0.20337547748022622,0.6750515381135311,657.9028208892793,0,,0,272.0000000000006,1
OUTER_TRAINING_INNER,mpx_005,mpx_006,mpx_006,26,26,0.20905028697536274,0.7113002827041847,200.477572821435,0,,0,0.0,1
OUTER_TRAINING_INNER,mpx_005,mpx_006,mpx_006,27,27,0.1834265795470281,0.6637070891244278,0.0,0,,0,0.0,1
OUTER_TRAINING_INNER,mpx_005,mpx_006,mpx_006,28,28,0.1579586235229372,0.6090712465431459,0.0,0,,0,0.0,1
OUTER_TRAINING_INNER,mpx_005,mpx_006,mpx_006,29,29,0.16186574989058927,0.5650778855694699,427.3449410260626,0,0,1,0.0,1
OUTER_TRAINING_INNER,mpx_005,mpx_006,mpx_006,30,30,0.14403308888187785,0.5206902789340717,179.636381171839,0,0,1,0.0,1
OUTER_TRAINING_INNER,mpx_005,mpx_006,mpx_006,31,31,0.12792179073788768,0.476057762113141,0.0,0,0,1,0.0,1
OUTER_TRAINING_INNER,mpx_005,mpx_006,mpx_006,32,32,0.1269668873032625,0.4745740485434521,0.0,0,0,1,0.0,1
OUTER_TRAINING_INNER,mpx_005,mpx_006,mpx_006,33,33,0.12604777483955898,0.47313725501513515,0.0,0,0,1,0.0,1
OUTER_TRAINING_INNER,mpx_005,mpx_006,mpx_006,34,34,0.125156446352633,0.4717364812207858,0.0,0,0,1,nan,0
OUTER_TRAINING_INNER,mpx_005,mpx_006,mpx_006,35,35,0.1242967726269132,0.47037766371518847,0.0,0,0,1,nan,0
OUTER_TRAINING_INNER,mpx_005,mpx_006,mpx_006,36,36,0.12346638250276115,0.46905784425215,0.0,0,0,1,nan,0
OUTER_TRAINING_INNER,mpx_005,mpx_007,mpx_007,3,3,0.8639456825805304,0.9492490554634779,10158.26840703962,1,1,1,9875.999999999998,1
OUTER_TRAINING_INNER,mpx_005,mpx_007,mpx_007,4,4,0.8165429159316003,0.9361837012620705,8915.562231823145,1,1,1,13190.000000000002,1
OUTER_TRAINING_INNER,mpx_005,mpx_007,mpx_007,5,5,0.7988816856138716,0.9338217328485228,8471.753959708009,1,1,1,8086.999999999998,1
OUTER_TRAINING_INNER,mpx_005,mpx_007,mpx_007,6,6,0.7421216194509803,0.9153497029830571,7485.3705891235095,1,1,1,7104.000000000004,1
OUTER_TRAINING_INNER,mpx_005,mpx_007,mpx_007,7,7,0.6976573704819664,0.8986557732855555,6827.627600924018,1,1,1,7542.0,1
OUTER_TRAINING_INNER,mpx_005,mpx_007,mpx_007,8,8,0.6382325402049205,0.8720121565367833,6092.715185212601,1,1,1,8043.0,1
OUTER_TRAINING_INNER,mpx_005,mpx_007,mpx_007,9,9,0.6296973397385544,0.8777277029518203,5840.271840694689,1,1,1,8152.999999999997,1
OUTER_TRAINING_INNER,mpx_005,mpx_007,mpx_007,10,10,0.5994842063609224,0.8943788590574688,4938.196989179846,1,1,1,3253.999999999998,1
OUTER_TRAINING_INNER,mpx_005,mpx_007,mpx_007,11,11,0.5414527699898254,0.8655073245853542,4351.808215006445,1,1,1,4397.0,1
OUTER_TRAINING_INNER,mpx_005,mpx_007,mpx_007,12,12,0.48989850002587276,0.8465922782864468,3689.0744967954774,1,1,1,2961.0000000000027,1
OUTER_TRAINING_INNER,mpx_005,mpx_007,mpx_007,13,13,0.4621918117828889,0.824027959865436,3515.347629375957,1,1,1,3321.0,1
OUTER_TRAINING_INNER,mpx_005,mpx_007,mpx_007,14,14,0.4829844404722446,0.8375674581819333,3759.370325327276,0,,0,880.9999999999984,1
OUTER_TRAINING_INNER,mpx_005,mpx_007,mpx_007,15,15,0.43473239483152987,0.8022533850541355,3329.602884839225,0,1,1,2508.9999999999973,1
OUTER_TRAINING_INNER,mpx_005,mpx_007,mpx_007,16,16,0.38762809301785506,0.7837199069978229,2637.903021636624,0,,0,2801.999999999999,1
OUTER_TRAINING_INNER,mpx_005,mpx_007,mpx_007,17,17,0.43545601439072645,0.8319646973773948,2886.6190009025286,0,,0,2894.000000000001,1
OUTER_TRAINING_INNER,mpx_005,mpx_007,mpx_007,18,18,0.3604647588726505,0.8039335264171803,1970.9726057566088,0,1,1,1149.0,1
OUTER_TRAINING_INNER,mpx_005,mpx_007,mpx_007,19,19,0.3039100083809288,0.7871543175439429,1038.858568480673,0,1,1,733.0000000000038,1
OUTER_TRAINING_INNER,mpx_005,mpx_007,mpx_007,20,20,0.29205850605792016,0.7599317611686522,1171.6967352870197,0,1,1,622.0000000000006,1
OUTER_TRAINING_INNER,mpx_005,mpx_007,mpx_007,21,21,0.28220592251463933,0.7437196534676388,1098.9576420629785,0,1,1,631.9999999999983,1
OUTER_TRAINING_INNER,mpx_005,mpx_007,mpx_007,22,22,0.22851098919481902,0.6535601474832587,803.3058238639766,0,,0,163.9999999999968,1
OUTER_TRAINING_INNER,mpx_005,mpx_007,mpx_007,23,23,0.21895966013904458,0.6618965282433725,470.27300364654695,0,1,1,419.00000000000125,1
OUTER_TRAINING_INNER,mpx_005,mpx_007,mpx_007,24,24,0.1970299933380743,0.6075698643959944,339.3759612258325,0,,0,439.0000000000024,1
OUTER_TRAINING_INNER,mpx_005,mpx_007,mpx_007,25,25,0.18356160521520898,0.5545039682239121,456.10958758703447,0,,0,336.0000000000031,1
OUTER_TRAINING_INNER,mpx_005,mpx_007,mpx_007,26,26,0.15848144727681576,0.5014511893135938,173.6971366451141,0,0,1,119.00000000000134,1
OUTER_TRAINING_INNER,mpx_005,mpx_007,mpx_007,27,27,0.14876065140454636,0.4691487684604158,106.34507821944301,0,,0,71.0000000000009,1
OUTER_TRAINING_INNER,mpx_005,mpx_007,mpx_007,28,28,0.14683648434895857,0.4692753363847651,11.237042216381838,0,0,1,54.99999999999885,1
OUTER_TRAINING_INNER,mpx_005,mpx_007,mpx_007,29,29,0.14241041035642105,0.4475227812235931,22.238701814807527,0,,0,0.0,1
OUTER_TRAINING_INNER,mpx_005,mpx_007,mpx_007,30,30,0.13560679870396855,0.4297128845082521,0.0,0,,0,0.0,1
OUTER_TRAINING_INNER,mpx_005,mpx_007,mpx_007,31,31,0.13160806043544288,0.4194031066012452,0.0,0,,0,0.0,1
OUTER_TRAINING_INNER,mpx_005,mpx_007,mpx_007,32,32,0.13062474000432686,0.4178643062704221,0.0,0,,0,0.0,1
OUTER_TRAINING_INNER,mpx_005,mpx_007,mpx_007,33,33,0.12967438974831494,0.4163697211794511,0.0,0,,0,nan,0
OUTER_TRAINING_INNER,mpx_005,mpx_007,mpx_007,34,34,0.12875783399427132,0.41492092553301463,0.0,0,,0,nan,0
OUTER_TRAINING_INNER,mpx_005,mpx_007,mpx_007,35,35,0.12785056873163703,0.41348287599664774,0.0,0,,0,nan,0
OUTER_TRAINING_INNER,mpx_005,mpx_008,mpx_008,3,3,0.8890941704400599,0.9566591189105673,10766.917159193716,1,1,1,16309.0,1
OUTER_TRAINING_INNER,mpx_005,mpx_008,mpx_008,4,4,0.8386442629992655,0.9390789612145861,9416.944885382445,1,1,1,13634.000000000004,1
OUTER_TRAINING_INNER,mpx_005,mpx_008,mpx_008,5,5,0.7814951973024906,0.9139662702813627,8478.517140205084,1,1,1,13576.0,1
OUTER_TRAINING_INNER,mpx_005,mpx_008,mpx_008,6,6,0.776295333089195,0.9344304142089349,7762.321748597486,1,1,1,10204.999999999996,1
OUTER_TRAINING_INNER,mpx_005,mpx_008,mpx_008,7,7,0.7278966716982811,0.9374025578813316,6618.183384008398,1,1,1,7451.999999999998,1
OUTER_TRAINING_INNER,mpx_005,mpx_008,mpx_008,8,8,0.6510485603607504,0.8944921799771591,6086.631634799013,1,1,1,6065.000000000001,1
OUTER_TRAINING_INNER,mpx_005,mpx_008,mpx_008,9,9,0.5980125390870638,0.8739825253254622,5424.845113591752,1,1,1,2917.0000000000014,1
OUTER_TRAINING_INNER,mpx_005,mpx_008,mpx_008,10,10,0.5552336840173002,0.8824685809991502,4575.44934189473,1,,0,1457.999999999998,1
OUTER_TRAINING_INNER,mpx_005,mpx_008,mpx_008,11,11,0.509624274693555,0.8566173864481276,4200.60596080098,1,1,1,3200.999999999999,1
OUTER_TRAINING_INNER,mpx_005,mpx_008,mpx_008,12,12,0.5054564160425546,0.8602856071532851,4044.5982678573746,1,1,1,3494.0000000000005,1
OUTER_TRAINING_INNER,mpx_005,mpx_008,mpx_008,13,13,0.5076955187619149,0.8656688212724422,3979.1034271313088,1,1,1,4109.000000000003,1
OUTER_TRAINING_INNER,mpx_005,mpx_008,mpx_008,14,14,0.5334822092892278,0.8743919492629495,4210.171228255024,1,1,1,4693.000000000001,1
OUTER_TRAINING_INNER,mpx_005,mpx_008,mpx_008,15,15,0.4427144066087918,0.8112574573705963,3580.578568585228,1,1,1,4020.0000000000005,1
OUTER_TRAINING_INNER,mpx_005,mpx_008,mpx_008,16,16,0.37585567223178884,0.7770566572166759,2825.433848321319,0,1,1,3303.999999999998,1
OUTER_TRAINING_INNER,mpx_005,mpx_008,mpx_008,17,17,0.4046366216609714,0.7902201119641818,3130.6963205853567,0,,0,1000.9999999999995,1
OUTER_TRAINING_INNER,mpx_005,mpx_008,mpx_008,18,18,0.35853437488920714,0.7652218850094963,2574.1665108445113,0,,0,1258.9999999999977,1
OUTER_TRAINING_INNER,mpx_005,mpx_008,mpx_008,19,19,0.300859111939387,0.7215384175956526,1936.2698947895929,0,1,1,686.0000000000031,1
OUTER_TRAINING_INNER,mpx_005,mpx_008,mpx_008,20,20,0.2975968880588348,0.7432232001346646,1705.7627700500734,0,1,1,528.999999999999,1
OUTER_TRAINING_INNER,mpx_005,mpx_008,mpx_008,21,21,0.26982661409199604,0.7188642161000071,1370.587399175244,0,1,1,1065.000000000002,1
OUTER_TRAINING_INNER,mpx_005,mpx_008,mpx_008,22,22,0.2683282841367639,0.6807264813229712,1594.2300628408677,0,1,1,1399.0,1
OUTER_TRAINING_INNER,mpx_005,mpx_008,mpx_008,23,23,0.25337972843640993,0.6584356618116836,1448.981957623406,0,,0,1629.0000000000043,1
OUTER_TRAINING_INNER,mpx_005,mpx_008,mpx_008,24,24,0.29266640139475414,0.7169280900827157,1760.3499775065543,0,,0,777.9999999999991,1
OUTER_TRAINING_INNER,mpx_005,mpx_008,mpx_008,25,25,0.21932344604228002,0.6214434212277093,1006.6533142336718,0,,0,350.9999999999997,1
OUTER_TRAINING_INNER,mpx_005,mpx_008,mpx_008,26,26,0.19381661656731666,0.5655979307405967,772.4703581805038,0,0,1,74.99999999999999,1
OUTER_TRAINING_INNER,mpx_005,mpx_008,mpx_008,27,27,0.16232617865579968,0.504878745806665,336.2938868113697,0,0,1,13.000000000002725,1
OUTER_TRAINING_INNER,mpx_005,mpx_008,mpx_008,28,28,0.15687749562311454,0.49216555806726364,251.5602488560626,0,,0,0.0,1
OUTER_TRAINING_INNER,mpx_005,mpx_008,mpx_008,29,29,0.14787460539991254,0.46874067039804224,126.17571664993498,0,,0,0.0,1
OUTER_TRAINING_INNER,mpx_005,mpx_008,mpx_008,30,30,0.14137154417696837,0.45149813111796044,28.127851139618116,0,,0,0.0,1
OUTER_TRAINING_INNER,mpx_005,mpx_008,mpx_008,31,31,0.14029483633638412,0.4498821386061611,0.0,0,,0,0.0,1
OUTER_TRAINING_INNER,mpx_005,mpx_008,mpx_008,32,32,0.13925863938710317,0.448318156750719,0.0,0,,0,0.0,1
OUTER_TRAINING_INNER,mpx_005,mpx_008,mpx_008,33,33,0.13825854822025954,0.44680064356228744,0.0,0,,0,nan,0
OUTER_TRAINING_INNER,mpx_005,mpx_008,mpx_008,34,34,0.13729271794269307,0.44532748842702685,0.0,0,,0,nan,0
OUTER_TRAINING_INNER,mpx_005,mpx_008,mpx_008,35,35,0.1363488695838171,0.4438820013363913,0.0,0,,0,nan,0
OUTER_TRAINING_INNER,mpx_005,mpx_009,mpx_009,3,3,0.8846987038569274,0.9582432643674588,10797.804882749391,1,1,1,11873.0,1
OUTER_TRAINING_INNER,mpx_005,mpx_009,mpx_009,4,4,0.8304895878263987,0.9443000684748789,9318.596798983654,1,,0,8400.000000000002,1
OUTER_TRAINING_INNER,mpx_005,mpx_009,mpx_009,5,5,0.782957813941252,0.938066539388237,8219.133069725609,1,1,1,8474.000000000002,1
OUTER_TRAINING_INNER,mpx_005,mpx_009,mpx_009,6,6,0.778099449918199,0.9288029747836805,8292.933017744152,1,1,1,11294.000000000002,1
OUTER_TRAINING_INNER,mpx_005,mpx_009,mpx_009,7,7,0.7159765675837275,0.9063223172731538,7367.040321939999,1,1,1,10927.999999999996,1
OUTER_TRAINING_INNER,mpx_005,mpx_009,mpx_009,8,8,0.7034477997522587,0.9176850612793587,6817.657301950139,1,1,1,11375.999999999996,1
OUTER_TRAINING_INNER,mpx_005,mpx_009,mpx_009,9,9,0.660688552407639,0.912577439889685,6029.76918918284,1,1,1,8141.0,1
OUTER_TRAINING_INNER,mpx_005,mpx_009,mpx_009,10,10,0.6239696661132907,0.9022875414599928,5539.605238361175,1,1,1,4396.0,1
OUTER_TRAINING_INNER,mpx_005,mpx_009,mpx_009,11,11,0.5399041587446638,0.8767046525543344,4596.267640460129,1,,0,2846.0000000000005,1
OUTER_TRAINING_INNER,mpx_005,mpx_009,mpx_009,12,12,0.5018913598992993,0.8580682031502372,4221.118666622535,1,1,1,2088.9999999999964,1
OUTER_TRAINING_INNER,mpx_005,mpx_009,mpx_009,13,13,0.4566144997250432,0.831022355787856,3859.9862199507907,1,1,1,3509.0000000000027,1
OUTER_TRAINING_INNER,mpx_005,mpx_009,mpx_009,14,14,0.41465694284015164,0.8059542565725919,3453.4415855845823,1,,0,4806.000000000004,1
OUTER_TRAINING_INNER,mpx_005,mpx_009,mpx_009,15,15,0.4230280017077326,0.7936251891571742,3678.265511748058,1,,0,4282.000000000003,1
OUTER_TRAINING_INNER,mpx_005,mpx_009,mpx_009,16,16,0.42837090197056404,0.804827744803685,3607.258154896812,0,1,1,3074.999999999999,1
OUTER_TRAINING_INNER,mpx_005,mpx_009,mpx_009,17,17,0.33695986154495033,0.7719235567890546,2428.0607809327207,0,,0,1404.9999999999986,1
OUTER_TRAINING_INNER,mpx_005,mpx_009,mpx_009,18,18,0.27241948832679325,0.7156833893762331,1777.9988955304093,0,,0,628.999999999999,1
OUTER_TRAINING_INNER,mpx_005,mpx_009,mpx_009,19,19,0.305617120242489,0.7658971946438142,1887.8350619253642,0,1,1,902.9999999999991,1
OUTER_TRAINING_INNER,mpx_005,mpx_009,mpx_009,20,20,0.27719840632987186,0.7241167527211225,1725.8990095759111,0,,0,1315.000000000002,1
OUTER_TRAINING_INNER,mpx_005,mpx_009,mpx_009,21,21,0.2535760772854713,0.6908407753689062,1535.7741830269006,0,,0,1348.0000000000002,1
OUTER_TRAINING_INNER,mpx_005,mpx_009,mpx_009,22,22,0.27032244187959564,0.7539562671334703,1236.470037582665,0,1,1,900.9999999999995,1
OUTER_TRAINING_INNER,mpx_005,mpx_009,mpx_009,23,23,0.2384163462666531,0.7114043784766453,987.397058910781,0,1,1,564.9999999999965,1
OUTER_TRAINING_INNER,mpx_005,mpx_009,mpx_009,24,24,0.19792040952145226,0.6411304053672314,654.6118746914194,0,1,1,571.0000000000008,1
OUTER_TRAINING_INNER,mpx_005,mpx_009,mpx_009,25,25,0.21385215168698485,0.6611480198490077,865.1196989487491,0,,0,274.99999999999994,1
OUTER_TRAINING_INNER,mpx_005,mpx_009,mpx_009,26,26,0.21712971811960471,0.6735986198250895,817.8550904656541,0,,0,76.99999999999953,1
OUTER_TRAINING_INNER,mpx_005,mpx_009,mpx_009,27,27,0.2333375098090493,0.6940222269186885,986.1460586457418,0,0,1,12.99999999999704,1
OUTER_TRAINING_INNER,mpx_005,mpx_009,mpx_009,28,28,0.20033878697972737,0.6466770938713499,603.0009047195841,0,0,1,0.0,1
OUTER_TRAINING_INNER,mpx_005,mpx_009,mpx_009,29,29,0.18841871398869187,0.6278381118134065,453.747735806962,0,0,1,0.0,1
OUTER_TRAINING_INNER,mpx_005,mpx_009,mpx_009,30,30,0.16909746382653768,0.5954802568223565,195.85008675295646,0,0,1,0.0,1
OUTER_TRAINING_INNER,mpx_005,mpx_009,mpx_009,31,31,0.16771450178306263,0.5937033701546369,164.06430492657393,0,0,1,0.0,1
OUTER_TRAINING_INNER,mpx_005,mpx_009,mpx_009,32,32,0.1663731637523843,0.5919637760808371,133.06327037587943,0,0,1,0.0,1
OUTER_TRAINING_INNER,mpx_005,mpx_009,mpx_009,33,33,0.16520846987051999,0.5905642321538862,104.3975814883375,0,0,1,0.0,1
OUTER_TRAINING_INNER,mpx_005,mpx_009,mpx_009,34,34,0.16408359164105407,0.589203722771127,76.5549193981588,0,0,1,nan,0
OUTER_TRAINING_INNER,mpx_005,mpx_009,mpx_009,35,35,0.16299595464806718,0.5878799352907335,49.48502670392401,0,0,1,nan,0
OUTER_TRAINING_INNER,mpx_005,mpx_009,mpx_009,36,36,0.16194409380106514,0.5865917351524396,23.16589394003978,0,0,1,nan,0
OUTER_TRAINING_INNER,mpx_005,mpx_010,mpx_010,3,3,0.8839386394813561,0.9551175398191308,10983.540276125375,1,1,1,11898.000000000002,1
OUTER_TRAINING_INNER,mpx_005,mpx_010,mpx_010,4,4,0.8287192692000989,0.9338689072208153,9647.060101980054,1,,0,8578.999999999996,1
OUTER_TRAINING_INNER,mpx_005,mpx_010,mpx_010,5,5,0.7698314202197922,0.912596925239978,8583.878840988587,1,1,1,8547.000000000002,1
OUTER_TRAINING_INNER,mpx_005,mpx_010,mpx_010,6,6,0.7685975271003932,0.9212180549355947,8244.364177691361,1,1,1,11191.0,1
OUTER_TRAINING_INNER,mpx_005,mpx_010,mpx_010,7,7,0.7034544117696653,0.8884936198694251,7490.991413045194,1,1,1,7695.0000000000055,1
OUTER_TRAINING_INNER,mpx_005,mpx_010,mpx_010,8,8,0.7053673505797499,0.9182537987945297,6758.851543826879,1,1,1,11511.999999999995,1
OUTER_TRAINING_INNER,mpx_005,mpx_010,mpx_010,9,9,0.6749450303130761,0.9146209312361601,6196.768035791803,1,1,1,7552.999999999997,1
OUTER_TRAINING_INNER,mpx_005,mpx_010,mpx_010,10,10,0.6403622207792559,0.9002630660499484,5843.167368317179,1,,0,8195.999999999998,1
OUTER_TRAINING_INNER,mpx_005,mpx_010,mpx_010,11,11,0.5928434212686416,0.8945892478936781,5063.296746169583,1,1,1,3020.0000000000005,1
OUTER_TRAINING_INNER,mpx_005,mpx_010,mpx_010,12,12,0.5316015109331145,0.8675459768914,4481.513516330344,1,,0,1836.0000000000027,1
OUTER_TRAINING_INNER,mpx_005,mpx_010,mpx_010,13,13,0.4809169922373684,0.8446259742157167,3939.94840970163,1,1,1,1426.9999999999993,1
OUTER_TRAINING_INNER,mpx_005,mpx_010,mpx_010,14,14,0.4366249445298165,0.8057765089616131,3705.1342874711872,1,,0,2836.0000000000027,1
OUTER_TRAINING_INNER,mpx_005,mpx_010,mpx_010,15,15,0.4190031393053759,0.7881316612692625,3589.9721053149524,1,1,1,4509.999999999996,1
OUTER_TRAINING_INNER,mpx_005,mpx_010,mpx_010,16,16,0.4273392727811712,0.769696113957057,3934.794638714606,1,1,1,4244.0,1
OUTER_TRAINING_INNER,mpx_005,mpx_010,mpx_010,17,17,0.455317286077006,0.8469692546025231,3433.368211663658,0,,0,3041.0000000000014,1
OUTER_TRAINING_INNER,mpx_005,mpx_010,mpx_010,18,18,0.3726003580200825,0.8235172904469769,2318.1935048640826,0,1,1,1336.000000000003,1
OUTER_TRAINING_INNER,mpx_005,mpx_010,mpx_010,19,19,0.3156771125596385,0.7820555570850872,1764.4648478572615,0,1,1,563.9999999999967,1
OUTER_TRAINING_INNER,mpx_005,mpx_010,mpx_010,20,20,0.32845431290922145,0.7783533000903103,2056.919097099282,0,,0,315.9999999999963,1
OUTER_TRAINING_INNER,mpx_005,mpx_010,mpx_010,21,21,0.2902390072219983,0.7412686494922341,1682.895658839348,0,,0,161.99999999999724,1
OUTER_TRAINING_INNER,mpx_005,mpx_010,mpx_010,22,22,0.26448267226148464,0.704283120758119,1494.7495096316568,0,1,1,772.0000000000005,1
OUTER_TRAINING_INNER,mpx_005,mpx_010,mpx_010,23,23,0.29007341239634993,0.7427169263363262,1635.8759934146972,0,1,1,1166.0000000000018,1
OUTER_TRAINING_INNER,mpx_005,mpx_010,mpx_010,24,24,0.2615340073696021,0.7108000962415408,1327.721340824922,0,1,1,1224.9999999999998,1
OUTER_TRAINING_INNER,mpx_005,mpx_010,mpx_010,25,25,0.23711893772182516,0.6969646137647026,939.2884921715698,0,1,1,894.0000000000011,1
OUTER_TRAINING_INNER,mpx_005,mpx_010,mpx_010,26,26,0.2428998430236117,0.729040078223783,788.7586156733806,0,,0,360.99999999999744,1
OUTER_TRAINING_INNER,mpx_005,mpx_010,mpx_010,27,27,0.20889950109061986,0.6750135358041401,472.9837631168167,0,1,1,327.99999999999926,1
OUTER_TRAINING_INNER,mpx_005,mpx_010,mpx_010,28,28,0.21476506736912537,0.7137501389651765,249.82298294393746,0,0,1,36.999999999997264,1
OUTER_TRAINING_INNER,mpx_005,mpx_010,mpx_010,29,29,0.20984131597523212,0.6941108544079131,291.8199023811658,0,0,1,25.999999999999766,1
OUTER_TRAINING_INNER,mpx_005,mpx_010,mpx_010,30,30,0.1999571662130823,0.663547929601374,309.92868540451144,0,,0,0.0,1
OUTER_TRAINING_INNER,mpx_005,mpx_010,mpx_010,31,31,0.21244978746375104,0.6137159569836301,1185.703015874595,0,,0,0.0,1
OUTER_TRAINING_INNER,mpx_005,mpx_010,mpx_010,32,32,0.15361557886369928,0.4901567505096308,491.25555278323657,0,0,1,0.0,1
OUTER_TRAINING_INNER,mpx_005,mpx_010,mpx_010,33,33,0.1101843725335091,0.3758621617578312,0.0,0,0,1,0.0,1
OUTER_TRAINING_INNER,mpx_005,mpx_010,mpx_010,34,34,0.10814906286867276,0.3705880110858981,0.0,0,0,1,0.0,1
OUTER_TRAINING_INNER,mpx_005,mpx_010,mpx_010,35,35,0.10739391890765031,0.36928316334183536,0.0,0,0,1,0.0,1
OUTER_TRAINING_INNER,mpx_005,mpx_010,mpx_010,36,36,0.10666201912647813,0.3680130135912067,0.0,0,0,1,0.0,1
OUTER_TRAINING_INNER,mpx_005,mpx_010,mpx_010,37,37,0.10595331322325184,0.3667777207494962,0.0,0,0,1,0.0,1
OUTER_TRAINING_INNER,mpx_005,mpx_010,mpx_010,38,38,0.10526777616705137,0.36557749233665615,0.0,0,0,1,nan,0
OUTER_TRAINING_INNER,mpx_005,mpx_010,mpx_010,39,39,0.10460251704479011,0.36440798398153773,0.0,0,0,1,nan,0
OUTER_TRAINING_INNER,mpx_005,mpx_010,mpx_010,40,40,0.1039480668083742,0.3632542730914973,0.0,0,0,1,nan,0
OUTER_TRAINING_INNER,mpx_006,mpx_001,mpx_001,3,3,0.8745484049494252,0.9495088096377308,11185.081721467617,1,1,1,11143.999999999998,1
OUTER_TRAINING_INNER,mpx_006,mpx_001,mpx_001,4,4,0.7917440860011409,0.9106943406455197,9790.879139253517,1,,0,8574.000000000002,1
OUTER_TRAINING_INNER,mpx_006,mpx_001,mpx_001,5,5,0.7379071814333305,0.9039630274363349,8540.864821712568,1,1,1,8540.999999999998,1
OUTER_TRAINING_INNER,mpx_006,mpx_001,mpx_001,6,6,0.7437878266857927,0.9110573489401957,8414.532056610748,1,1,1,6961.000000000002,1
OUTER_TRAINING_INNER,mpx_006,mpx_001,mpx_001,7,7,0.6946395572365001,0.9024243363669557,7465.169387755454,1,1,1,2499.9999999999995,1
OUTER_TRAINING_INNER,mpx_006,mpx_001,mpx_001,8,8,0.6798950289269429,0.912365882014182,6903.535005406809,1,,0,6284.000000000002,1
OUTER_TRAINING_INNER,mpx_006,mpx_001,mpx_001,9,9,0.6025403609714665,0.8821997638813099,6102.075960782945,1,,0,7054.999999999997,1
OUTER_TRAINING_INNER,mpx_006,mpx_001,mpx_001,10,10,0.5447381813970464,0.8578306274989084,5542.57988940859,1,1,1,11917.0,1
OUTER_TRAINING_INNER,mpx_006,mpx_001,mpx_001,11,11,0.6123837878387747,0.8892564906842914,5928.5180994351185,1,1,1,7568.0,1
OUTER_TRAINING_INNER,mpx_006,mpx_001,mpx_001,12,12,0.5575675057338182,0.872655306187856,5313.915294386861,1,1,1,7904.000000000003,1
OUTER_TRAINING_INNER,mpx_006,mpx_001,mpx_001,13,13,0.5659839196852048,0.8916475610057173,4879.341778126486,1,1,1,2673.9999999999995,1
OUTER_TRAINING_INNER,mpx_006,mpx_001,mpx_001,14,14,0.4966336247563182,0.8556118466403463,4464.331006588093,1,1,1,1854.9999999999984,1
OUTER_TRAINING_INNER,mpx_006,mpx_001,mpx_001,15,15,0.42438645210681064,0.821081947516312,3741.9337705478542,1,1,1,486.99999999999716,1
OUTER_TRAINING_INNER,mpx_006,mpx_001,mpx_001,16,16,0.3951839483952801,0.799381510917137,3522.8912082547904,1,,0,1658.0000000000034,1
OUTER_TRAINING_INNER,mpx_006,mpx_001,mpx_001,17,17,0.39667353479612694,0.8049093798452972,3440.0586460346303,1,1,1,3888.000000000002,1
OUTER_TRAINING_INNER,mpx_006,mpx_001,mpx_001,18,18,0.3710182881015405,0.7888582602392117,3195.4926490226107,1,1,1,5014.000000000002,1
OUTER_TRAINING_INNER,mpx_006,mpx_001,mpx_001,19,19,0.4243794827851486,0.8293233120335882,3445.5891908963927,0,,0,4327.999999999998,1
OUTER_TRAINING_INNER,mpx_006,mpx_001,mpx_001,20,20,0.37528998523378093,0.8080287237353461,2704.0765477348814,0,1,1,2030.9999999999982,1
OUTER_TRAINING_INNER,mpx_006,mpx_001,mpx_001,21,21,0.2547694504047355,0.6953340387675218,1720.2608049189118,0,,0,1246.0000000000007,1
OUTER_TRAINING_INNER,mpx_006,mpx_001,mpx_001,22,22,0.23615654406525508,0.6707524228191484,1456.2690581787638,0,,0,481.9999999999983,1
OUTER_TRAINING_INNER,mpx_006,mpx_001,mpx_001,23,23,0.2080517100444454,0.6179994005838891,1269.350327870573,0,1,1,415.00000000000216,1
OUTER_TRAINING_INNER,mpx_006,mpx_001,mpx_001,24,24,0.17639099453648957,0.5776881969972587,752.9168452852119,0,,0,138.0000000000027,1
OUTER_TRAINING_INNER,mpx_006,mpx_001,mpx_001,25,25,0.15965516154038448,0.5541440047953095,469.30021160383217,0,,0,111.00000000000315,1
OUTER_TRAINING_INNER,mpx_006,mpx_001,mpx_001,26,26,0.15842279615094074,0.5681328427548207,254.39851308492965,0,,0,81.9999999999984,1
OUTER_TRAINING_INNER,mpx_006,mpx_001,mpx_001,27,27,0.15128567967758474,0.5270047126726967,340.7138139520798,0,0,1,17.999999999995904,1
OUTER_TRAINING_INNER,mpx_006,mpx_001,mpx_001,28,28,0.14946453043081748,0.5398917650404438,155.6215310469156,0,,0,17.999999999995904,1
OUTER_TRAINING_INNER,mpx_006,mpx_001,mpx_001,29,29,0.13424486234782465,0.5057655398293796,0.0,0,,0,0.0,1
OUTER_TRAINING_INNER,mpx_006,mpx_001,mpx_001,30,30,0.12469854920361756,0.4843050656613798,0.0,0,,0,0.0,1
OUTER_TRAINING_INNER,mpx_006,mpx_001,mpx_001,31,31,0.1210230688882908,0.475992962137725,0.0,0,,0,0.0,1
OUTER_TRAINING_INNER,mpx_006,mpx_001,mpx_001,32,32,0.12012247761191304,0.4744198454528246,0.0,0,,0,0.0,1
OUTER_TRAINING_INNER,mpx_006,mpx_001,mpx_001,33,33,0.11925387319850145,0.47289363059569556,0.0,0,,0,nan,0
OUTER_TRAINING_INNER,mpx_006,mpx_001,mpx_001,34,34,0.11841546575820547,0.4714119800583051,0.0,0,,0,nan,0
OUTER_TRAINING_INNER,mpx_006,mpx_001,mpx_001,35,35,0.11760376352893148,0.46996977100788656,0.0,0,,0,nan,0
OUTER_TRAINING_INNER,mpx_006,mpx_002,mpx_002,3,3,0.8755014281147583,0.9527430828047773,10649.648410119371,1,1,1,15128.000000000002,1
OUTER_TRAINING_INNER,mpx_006,mpx_002,mpx_002,4,4,0.8015631322938155,0.9249108669273709,9189.234817550554,1,,0,15646.0,1
OUTER_TRAINING_INNER,mpx_006,mpx_002,mpx_002,5,5,0.7432503145527861,0.9062686421320875,8232.530070978948,1,1,1,15116.999999999998,1
OUTER_TRAINING_INNER,mpx_006,mpx_002,mpx_002,6,6,0.7579138382214294,0.9243133575294469,7989.38473561704,1,,0,11099.999999999998,1
OUTER_TRAINING_INNER,mpx_006,mpx_002,mpx_002,7,7,0.7174160624534488,0.9363523147003465,6518.3282750583385,1,1,1,4104.999999999998,1
OUTER_TRAINING_INNER,mpx_006,mpx_002,mpx_002,8,8,0.6190683682619844,0.8856433234730887,6032.314105534057,1,,0,4837.000000000002,1
OUTER_TRAINING_INNER,mpx_006,mpx_002,mpx_002,9,9,0.5641766237502435,0.8739846610523074,5244.667858304113,1,1,1,5665.000000000001,1
OUTER_TRAINING_INNER,mpx_006,mpx_002,mpx_002,10,10,0.5177637887938781,0.8463196834575113,4964.9046254612695,1,1,1,5517.000000000001,1
OUTER_TRAINING_INNER,mpx_006,mpx_002,mpx_002,11,11,0.5282741024648215,0.8732220127883222,4641.068170517053,1,,0,5848.999999999999,1
OUTER_TRAINING_INNER,mpx_006,mpx_002,mpx_002,12,12,0.5742243234631323,0.9154446259927451,4401.049940115173,1,,0,4123.999999999999,1
OUTER_TRAINING_INNER,mpx_006,mpx_002,mpx_002,13,13,0.4950815428347227,0.8707786439101547,4050.003091472308,1,,0,3666.0000000000014,1
OUTER_TRAINING_INNER,mpx_006,mpx_002,mpx_002,14,14,0.4301976242846689,0.8591829035060268,3183.2517091786876,0,1,1,1594.000000000001,1
OUTER_TRAINING_INNER,mpx_006,mpx_002,mpx_002,15,15,0.4361803436822204,0.871233968277842,3004.9479816719963,0,1,1,2349.9999999999995,1
OUTER_TRAINING_INNER,mpx_006,mpx_002,mpx_002,16,16,0.3905902360549468,0.8445501166428129,2651.471978839638,0,,0,2031.999999999998,1
OUTER_TRAINING_INNER,mpx_006,mpx_002,mpx_002,17,17,0.36422492545945734,0.8276655629566808,2399.3500002144046,0,1,1,2430.999999999998,1
OUTER_TRAINING_INNER,mpx_006,mpx_002,mpx_002,18,18,0.34813882536188434,0.8192049366870477,2130.567528925781,0,1,1,955.9999999999984,1
OUTER_TRAINING_INNER,mpx_006,mpx_002,mpx_002,19,19,0.30248780038760775,0.7933388014668566,1500.9232131871966,0,,0,909.0000000000034,1
OUTER_TRAINING_INNER,mpx_006,mpx_002,mpx_002,20,20,0.2381143303380272,0.688860056262401,1405.4807368768797,0,1,1,380.9999999999986,1
OUTER_TRAINING_INNER,mpx_006,mpx_002,mpx_002,21,21,0.2088047491441095,0.6443335710912838,1126.2421860295383,0,,0,127.99999999999929,1
OUTER_TRAINING_INNER,mpx_006,mpx_002,mpx_002,22,22,0.17610987604996145,0.5774844347914415,822.03358272096,0,1,1,326.9999999999995,1
OUTER_TRAINING_INNER,mpx_006,mpx_002,mpx_002,23,23,0.16081911711727762,0.5432629835501055,642.4302713294494,0,1,1,309.0000000000036,1
OUTER_TRAINING_INNER,mpx_006,mpx_002,mpx_002,24,24,0.19502253290862784,0.6153063114732716,927.5424004776484,0,,0,399.9999999999999,1
OUTER_TRAINING_INNER,mpx_006,mpx_002,mpx_002,25,25,0.14193594708350277,0.4932675950592109,400.03712202120954,0,,0,90.99999999999635,1
OUTER_TRAINING_INNER,mpx_006,mpx_002,mpx_002,26,26,0.12102586345980336,0.4433291741977138,76.44803334393944,0,,0,129.99999999999315,1
OUTER_TRAINING_INNER,mpx_006,mpx_002,mpx_002,27,27,0.12694583266436474,0.4544803475053689,178.46007416773605,0,,0,38.99999999999681,1
OUTER_TRAINING_INNER,mpx_006,mpx_002,mpx_002,28,28,0.1286979452652938,0.4638679814492384,135.90871586409472,0,0,1,40.999999999996355,1
OUTER_TRAINING_INNER,mpx_006,mpx_002,mpx_002,29,29,0.12002277664436879,0.43337746914483805,81.09279512205315,0,0,1,1.9999999999995448,1
OUTER_TRAINING_INNER,mpx_006,mpx_002,mpx_002,30,30,0.10704142781480092,0.399743283515169,0.0,0,0,1,1.9999999999995448,1
OUTER_TRAINING_INNER,mpx_006,mpx_002,mpx_002,31,31,0.10379613405203374,0.39339215968675195,0.0,0,0,1,0.0,1
OUTER_TRAINING_INNER,mpx_006,mpx_002,mpx_002,32,32,0.1029601432460136,0.39177822794930883,0.0,0,0,1,0.0,1
OUTER_TRAINING_INNER,mpx_006,mpx_002,mpx_002,33,33,0.10215262459084265,0.3902086681417931,0.0,0,0,1,0.0,1
OUTER_TRAINING_INNER,mpx_006,mpx_002,mpx_002,34,34,0.10141952220816398,0.3888449040371065,0.0,0,0,1,0.0,1
OUTER_TRAINING_INNER,mpx_006,mpx_002,mpx_002,35,35,0.10071279317521312,0.3875234540493502,0.0,0,0,1,nan,0
OUTER_TRAINING_INNER,mpx_006,mpx_002,mpx_002,36,36,0.1000283487899197,0.3862376802433311,0.0,0,0,1,nan,0
OUTER_TRAINING_INNER,mpx_006,mpx_002,mpx_002,37,37,0.09936569560539851,0.38498704294526126,0.0,0,0,1,nan,0
OUTER_TRAINING_INNER,mpx_006,mpx_003,mpx_003,3,3,0.8768907102856635,0.9509449485117127,11210.684520689261,1,1,1,10673.0,1
OUTER_TRAINING_INNER,mpx_006,mpx_003,mpx_003,4,4,0.8194127025455089,0.9315223794346218,9864.141174307028,1,,0,5346.0,1
OUTER_TRAINING_INNER,mpx_006,mpx_003,mpx_003,5,5,0.7547799813854148,0.9057578087252486,8870.89578125804,1,1,1,6256.0,1
OUTER_TRAINING_INNER,mpx_006,mpx_003,mpx_003,6,6,0.7653308619686636,0.916657595030002,8756.154040486885,1,1,1,5883.999999999999,1
OUTER_TRAINING_INNER,mpx_006,mpx_003,mpx_003,7,7,0.7368040572238833,0.9098121728698345,8165.666304134691,1,1,1,4840.000000000001,1
OUTER_TRAINING_INNER,mpx_006,mpx_003,mpx_003,8,8,0.6889913277159272,0.8940329689865261,7474.055216067176,1,,0,8275.999999999998,1
OUTER_TRAINING_INNER,mpx_006,mpx_003,mpx_003,9,9,0.6431737331559337,0.878445857583978,6913.559937481462,1,1,1,8792.0,1
OUTER_TRAINING_INNER,mpx_006,mpx_003,mpx_003,10,10,0.66755033176781,0.9089156156154335,6530.979733693547,1,1,1,11184.000000000002,1
OUTER_TRAINING_INNER,mpx_006,mpx_003,mpx_003,11,11,0.6657010164839448,0.9201218652591964,5874.05138053541,1,1,1,6445.0000000000055,1
OUTER_TRAINING_INNER,mpx_006,mpx_003,mpx_003,12,12,0.5898952840395938,0.8732218974780412,5721.276512587639,1,1,1,5945.0,1
OUTER_TRAINING_INNER,mpx_006,mpx_003,mpx_003,13,13,0.553486742136961,0.8727954982281848,5063.11815871106,1,,0,2718.000000000001,1
OUTER_TRAINING_INNER,mpx_006,mpx_003,mpx_003,14,14,0.5039478879786258,0.857461912565007,4455.187689290015,1,1,1,2317.9999999999955,1
OUTER_TRAINING_INNER,mpx_006,mpx_003,mpx_003,15,15,0.46247090113554684,0.837393363165335,4012.044301470926,1,1,1,3454.000000000004,1
OUTER_TRAINING_INNER,mpx_006,mpx_003,mpx_003,16,16,0.43652099571231245,0.8190382575253765,3830.8217764247925,1,1,1,3705.9999999999977,1
OUTER_TRAINING_INNER,mpx_006,mpx_003,mpx_003,17,17,0.4795231622725832,0.8486352087436537,4045.64664047901,1,1,1,2944.000000000001,1
OUTER_TRAINING_INNER,mpx_006,mpx_003,mpx_003,18,18,0.5288111748016359,0.8922754563827211,3920.968227228363,0,,0,2873.0,1
OUTER_TRAINING_INNER,mpx_006,mpx_003,mpx_003,19,19,0.4319559896519725,0.838848675024097,3227.2011489826336,0,,0,3020.0000000000005,1
OUTER_TRAINING_INNER,mpx_006,mpx_003,mpx_003,20,20,0.38964314655397525,0.8118585134892529,2910.055070493696,0,,0,3369.0000000000005,1
OUTER_TRAINING_INNER,mpx_006,mpx_003,mpx_003,21,21,0.3427230998695535,0.7835500395524192,2410.903370242775,0,1,1,1514.9999999999964,1
OUTER_TRAINING_INNER,mpx_006,mpx_003,mpx_003,22,22,0.35717365250805844,0.8330986194457816,1715.8015427695675,0,1,1,795.0000000000009,1
OUTER_TRAINING_INNER,mpx_006,mpx_003,mpx_003,23,23,0.2948898931732977,0.7563180670116353,1685.6448902771153,0,1,1,365.0000000000022,1
OUTER_TRAINING_INNER,mpx_006,mpx_003,mpx_003,24,24,0.23615244603409902,0.7082095713776423,888.549828414688,0,1,1,517.0000000000017,1
OUTER_TRAINING_INNER,mpx_006,mpx_003,mpx_003,25,25,0.20090950476558983,0.6158692105693112,1016.2431667010371,0,1,1,536.9999999999972,1
OUTER_TRAINING_INNER,mpx_006,mpx_003,mpx_003,26,26,0.1864484727505608,0.5988290614952054,756.1935541703897,0,,0,536.9999999999972,1
OUTER_TRAINING_INNER,mpx_006,mpx_003,mpx_003,27,27,0.17392395273463665,0.5638042168766998,733.8043110158226,0,1,1,154.99999999999883,1
OUTER_TRAINING_INNER,mpx_006,mpx_003,mpx_003,28,28,0.1446083656707785,0.4890273455753179,441.8490738134387,0,0,1,56.000000000004306,1
OUTER_TRAINING_INNER,mpx_006,mpx_003,mpx_003,29,29,0.1399111676928574,0.4884495180721922,231.30382605193068,0,0,1,209.00000000000358,1
OUTER_TRAINING_INNER,mpx_006,mpx_003,mpx_003,30,30,0.13308765845802528,0.43598239025201885,484.1190403685553,0,0,1,228.99999999999903,1
OUTER_TRAINING_INNER,mpx_006,mpx_003,mpx_003,31,31,0.12297546822446531,0.4312266651179021,134.86230301578956,0,,0,172.99999999999474,1
OUTER_TRAINING_INNER,mpx_006,mpx_003,mpx_003,32,32,0.11215454600937416,0.4349718493628616,0.0,0,0,1,19.99999999999545,1
OUTER_TRAINING_INNER,mpx_006,mpx_003,mpx_003,33,33,0.10726114178375505,0.41973328501333623,0.0,0,,0,0.0,1
OUTER_TRAINING_INNER,mpx_006,mpx_003,mpx_003,34,34,0.10305686722331274,0.40864770674756784,0.0,0,,0,0.0,1
OUTER_TRAINING_INNER,mpx_006,mpx_003,mpx_003,35,35,0.10092044387596354,0.40303430493687975,0.0,0,,0,0.0,1
OUTER_TRAINING_INNER,mpx_006,mpx_003,mpx_003,36,36,0.10023521886829519,0.4016720306569044,0.0,0,,0,0.0,1
OUTER_TRAINING_INNER,mpx_006,mpx_003,mpx_003,37,37,0.09957037792889671,0.40034430735916776,0.0,0,,0,0.0,1
OUTER_TRAINING_INNER,mpx_006,mpx_003,mpx_003,38,38,0.09892849680773388,0.3990560256997286,0.0,0,,0,0.0,1
OUTER_TRAINING_INNER,mpx_006,mpx_003,mpx_003,39,39,0.09830487411047843,0.3977990061899533,0.0,0,,0,nan,0
OUTER_TRAINING_INNER,mpx_006,mpx_003,mpx_003,40,40,0.09769791517535478,0.3965705682419187,0.0,0,,0,nan,0
OUTER_TRAINING_INNER,mpx_006,mpx_003,mpx_003,41,41,0.09711022248299013,0.3953756491235978,0.0,0,,0,nan,0
OUTER_TRAINING_INNER,mpx_006,mpx_004,mpx_004,3,3,0.87389552596386,0.9448925996308027,10703.606791031585,1,1,1,16319.999999999998,1
OUTER_TRAINING_INNER,mpx_006,mpx_004,mpx_004,4,4,0.788263392114951,0.9126278661036666,9041.859655743565,1,1,1,14220.999999999998,1
OUTER_TRAINING_INNER,mpx_006,mpx_004,mpx_004,5,5,0.7958586099736542,0.9255323003491646,8727.094693858828,1,1,1,10523.000000000002,1
OUTER_TRAINING_INNER,mpx_006,mpx_004,mpx_004,6,6,0.7386879353955978,0.9098467859271113,7736.11633031676,1,1,1,4285.000000000003,1
OUTER_TRAINING_INNER,mpx_006,mpx_004,mpx_004,7,7,0.6978724872007797,0.9035975246217273,6942.122129461002,1,1,1,8679.000000000004,1
OUTER_TRAINING_INNER,mpx_006,mpx_004,mpx_004,8,8,0.6211725281312732,0.8624748286575765,6326.493289681272,1,1,1,11343.999999999998,1
OUTER_TRAINING_INNER,mpx_006,mpx_004,mpx_004,9,9,0.583467524502926,0.8430145298992338,5915.074692245572,1,,0,10434.000000000002,1
OUTER_TRAINING_INNER,mpx_006,mpx_004,mpx_004,10,10,0.6716031956883596,0.9158883529098238,5886.399814648367,1,1,1,6842.0,1
OUTER_TRAINING_INNER,mpx_006,mpx_004,mpx_004,11,11,0.5940356840315046,0.8868155071657782,5139.454763943404,1,1,1,4879.000000000004,1
OUTER_TRAINING_INNER,mpx_006,mpx_004,mpx_004,12,12,0.5408224670466548,0.8593868985468106,4741.921816983128,1,1,1,4905.999999999997,1
OUTER_TRAINING_INNER,mpx_006,mpx_004,mpx_004,13,13,0.5320470838742513,0.867604319934845,4322.057925739761,1,1,1,4575.999999999999,1
OUTER_TRAINING_INNER,mpx_006,mpx_004,mpx_004,14,14,0.4269464827505874,0.8222011007461089,3222.554298372271,0,,0,3157.9999999999973,1
OUTER_TRAINING_INNER,mpx_006,mpx_004,mpx_004,15,15,0.34857640466819007,0.7742745450023722,2446.0883664048265,0,1,1,2886.0000000000027,1
OUTER_TRAINING_INNER,mpx_006,mpx_004,mpx_004,16,16,0.49487737297591927,0.8670283683402145,3643.636901277049,0,1,1,765.0000000000022,1
OUTER_TRAINING_INNER,mpx_006,mpx_004,mpx_004,17,17,0.36990677029810604,0.7929396726098776,2645.028474515495,0,,0,753.999999999999,1
OUTER_TRAINING_INNER,mpx_006,mpx_004,mpx_004,18,18,0.34491687465645604,0.7803055897952546,2345.2139011504055,0,1,1,651.9999999999994,1
OUTER_TRAINING_INNER,mpx_006,mpx_004,mpx_004,19,19,0.31045671763311633,0.7500098864956164,1957.922425892077,0,1,1,526.9999999999994,1
OUTER_TRAINING_INNER,mpx_006,mpx_004,mpx_004,20,20,0.2496953796800732,0.6889793511469753,1307.5318384464374,0,1,1,635.0000000000033,1
OUTER_TRAINING_INNER,mpx_006,mpx_004,mpx_004,21,21,0.22381575629154105,0.6430268546901814,1192.1116051485938,0,,0,377.99999999999926,1
OUTER_TRAINING_INNER,mpx_006,mpx_004,mpx_004,22,22,0.22606372142538542,0.6310358975866391,1310.5015318822402,0,,0,437.99999999999693,1
OUTER_TRAINING_INNER,mpx_006,mpx_004,mpx_004,23,23,0.2424941792216637,0.6300274438167529,1620.177966233193,0,1,1,185.99999999999747,1
OUTER_TRAINING_INNER,mpx_006,mpx_004,mpx_004,24,24,0.18285023663862693,0.5437981513755584,912.2274250548246,0,,0,182.99999999999815,1
OUTER_TRAINING_INNER,mpx_006,mpx_004,mpx_004,25,25,0.17917868284646452,0.5268752973489153,988.3574466977308,0,0,1,118.00000000000156,1
OUTER_TRAINING_INNER,mpx_006,mpx_004,mpx_004,26,26,0.14974107501219944,0.4589057234290823,675.2748403586917,0,0,1,72.00000000000067,1
OUTER_TRAINING_INNER,mpx_006,mpx_004,mpx_004,27,27,0.12986278448326127,0.4145937077188707,349.67506915584397,0,,0,82.00000000000408,1
OUTER_TRAINING_INNER,mpx_006,mpx_004,mpx_004,28,28,0.12712468838947122,0.40932001833368586,282.54123424689544,0,,0,17.000000000001815,1
OUTER_TRAINING_INNER,mpx_006,mpx_004,mpx_004,29,29,0.12370405961370008,0.39997420748642026,230.44459033223703,0,,0,17.000000000001815,1
OUTER_TRAINING_INNER,mpx_006,mpx_004,mpx_004,30,30,0.13682435865455286,0.4249940945735211,488.87464091770414,0,,0,0.0,1
OUTER_TRAINING_INNER,mpx_006,mpx_004,mpx_004,31,31,0.12899053714733455,0.4091639069090144,346.73382780318104,0,,0,0.0,1
OUTER_TRAINING_INNER,mpx_006,mpx_004,mpx_004,32,32,0.12158861907160672,0.39369256681519577,205.60073298727565,0,,0,0.0,1
OUTER_TRAINING_INNER,mpx_006,mpx_004,mpx_004,33,33,0.12071272437111596,0.3922265575317723,179.1921220207891,0,,0,0.0,1
OUTER_TRAINING_INNER,mpx_006,mpx_004,mpx_004,34,34,0.11986185875929925,0.39079641633916656,153.37475571014846,0,,0,nan,0
OUTER_TRAINING_INNER,mpx_006,mpx_004,mpx_004,35,35,0.11904196118556964,0.3894116012479183,128.3478033454457,0,,0,nan,0
OUTER_TRAINING_INNER,mpx_006,mpx_004,mpx_004,36,36,0.11825167111803825,0.3880703954110375,104.08446768758284,0,,0,nan,0
OUTER_TRAINING_INNER,mpx_006,mpx_005,mpx_005,3,3,0.8796866454982593,0.9586365704950832,10829.034938597366,1,1,1,12022.0,1
OUTER_TRAINING_INNER,mpx_006,mpx_005,mpx_005,4,4,0.82038795052146,0.93510384914698,9619.738308250937,1,,0,8560.000000000002,1
OUTER_TRAINING_INNER,mpx_006,mpx_005,mpx_005,5,5,0.7568229697197609,0.9134591484292358,8471.447529131936,1,1,1,8196.000000000002,1
OUTER_TRAINING_INNER,mpx_006,mpx_005,mpx_005,6,6,0.7502333019012459,0.9169943654274821,8176.862221870397,1,1,1,11210.000000000002,1
OUTER_TRAINING_INNER,mpx_006,mpx_005,mpx_005,7,7,0.7078455257535159,0.9062287240401272,7416.936167981979,1,1,1,9394.999999999998,1
OUTER_TRAINING_INNER,mpx_006,mpx_005,mpx_005,8,8,0.6971031457751032,0.9172112317083195,6810.231677056119,1,1,1,11936.0,1
OUTER_TRAINING_INNER,mpx_006,mpx_005,mpx_005,9,9,0.6462424036517607,0.8989740410756053,6224.28056389544,1,1,1,8981.999999999996,1
OUTER_TRAINING_INNER,mpx_006,mpx_005,mpx_005,10,10,0.6280680811735776,0.9032381891892104,5729.372964456084,1,1,1,8682.999999999996,1
OUTER_TRAINING_INNER,mpx_006,mpx_005,mpx_005,11,11,0.5554333355883976,0.8785742048005684,4923.929106151067,1,1,1,5811.999999999996,1
OUTER_TRAINING_INNER,mpx_006,mpx_005,mpx_005,12,12,0.5204602351682093,0.8718483462165111,4479.2650282512695,1,,0,4132.000000000003,1
OUTER_TRAINING_INNER,mpx_006,mpx_005,mpx_005,13,13,0.41112513364305747,0.8145528517289465,3426.805193663639,0,,0,3279.000000000004,1
OUTER_TRAINING_INNER,mpx_006,mpx_005,mpx_005,14,14,0.3413898018313194,0.7640605904682752,2726.0619205472863,0,,0,2340.000000000002,1
OUTER_TRAINING_INNER,mpx_006,mpx_005,mpx_005,15,15,0.33907695239200025,0.7632961855253114,2685.7699863825587,0,,0,1690.0000000000018,1
OUTER_TRAINING_INNER,mpx_006,mpx_005,mpx_005,16,16,0.3076648848732391,0.7421021600701438,2331.564779788692,0,1,1,638.9999999999967,1
OUTER_TRAINING_INNER,mpx_006,mpx_005,mpx_005,17,17,0.2761373626555259,0.7034193716113502,2039.3913162049757,0,1,1,1306.9999999999982,1
OUTER_TRAINING_INNER,mpx_006,mpx_005,mpx_005,18,18,0.2868178950575946,0.725422341386523,2037.769209823762,0,,0,1289.9999999999964,1
OUTER_TRAINING_INNER,mpx_006,mpx_005,mpx_005,19,19,0.2960927998412173,0.7722994816640968,1548.2802568585546,0,1,1,1226.9999999999993,1
OUTER_TRAINING_INNER,mpx_006,mpx_005,mpx_005,20,20,0.2623676245565983,0.7586755503600179,965.2613311756367,0,1,1,686.0000000000031,1
OUTER_TRAINING_INNER,mpx_006,mpx_005,mpx_005,21,21,0.2266577924055566,0.7119025470196712,769.1467996363484,0,1,1,319.0000000000013,1
OUTER_TRAINING_INNER,mpx_006,mpx_005,mpx_005,22,22,0.1862158568466634,0.6306880111714167,502.6806408056095,0,,0,239.00000000000244,1
OUTER_TRAINING_INNER,mpx_006,mpx_005,mpx_005,23,23,0.16917704785689477,0.5749371309979139,567.2281808440275,0,,0,114.99999999999656,1
OUTER_TRAINING_INNER,mpx_006,mpx_005,mpx_005,24,24,0.15841980381565637,0.5493159654792018,433.8314377494585,0,,0,240.00000000000222,1
OUTER_TRAINING_INNER,mpx_006,mpx_005,mpx_005,25,25,0.15583687034502872,0.533704755941423,505.01886697527897,0,,0,216.000000000002,1
OUTER_TRAINING_INNER,mpx_006,mpx_005,mpx_005,26,26,0.1491625425129896,0.509250404865848,492.6101340437143,0,,0,178.00000000000497,1
OUTER_TRAINING_INNER,mpx_006,mpx_005,mpx_005,27,27,0.29697131550177136,0.7806008080762415,1760.3197708352507,0,0,1,0.0,1
OUTER_TRAINING_INNER,mpx_006,mpx_005,mpx_005,28,28,0.2082568791043701,0.65791998686919,919.3413231584609,0,0,1,0.0,1
OUTER_TRAINING_INNER,mpx_006,mpx_005,mpx_005,29,29,0.14092765696297185,0.5103940210479159,80.22711994135477,0,0,1,0.0,1
OUTER_TRAINING_INNER,mpx_006,mpx_005,mpx_005,30,30,0.13983017069035567,0.5088181362430226,49.64409399102908,0,0,1,0.0,1
OUTER_TRAINING_INNER,mpx_006,mpx_005,mpx_005,31,31,0.13877304834659848,0.5072905496905008,19.990854392017695,0,0,1,0.0,1
OUTER_TRAINING_INNER,mpx_006,mpx_005,mpx_005,32,32,0.1377538597739692,0.5058086541342094,0.0,0,0,1,nan,0
OUTER_TRAINING_INNER,mpx_006,mpx_005,mpx_005,33,33,0.13677170782718157,0.5043718160927219,0.0,0,0,1,nan,0
OUTER_TRAINING_INNER,mpx_006,mpx_005,mpx_005,34,34,0.13582368820111348,0.5029766970376965,0.0,0,0,1,nan,0
OUTER_TRAINING_INNER,mpx_006,mpx_007,mpx_007,3,3,0.8593255024496539,0.9491130614022534,10268.889885013421,1,1,1,9875.999999999998,1
OUTER_TRAINING_INNER,mpx_006,mpx_007,mpx_007,4,4,0.8069452534947309,0.9360989728529187,9005.200451471866,1,1,1,13190.000000000002,1
OUTER_TRAINING_INNER,mpx_006,mpx_007,mpx_007,5,5,0.7942115545667965,0.9340451204350427,8612.24783341452,1,1,1,8086.999999999998,1
OUTER_TRAINING_INNER,mpx_006,mpx_007,mpx_007,6,6,0.7334781237402829,0.9158180846388927,7581.94027671485,1,1,1,7104.000000000004,1
OUTER_TRAINING_INNER,mpx_006,mpx_007,mpx_007,7,7,0.6850206516130994,0.898956887774349,6935.319506629644,1,1,1,7542.0,1
OUTER_TRAINING_INNER,mpx_006,mpx_007,mpx_007,8,8,0.6174904017135235,0.8720181160796374,6174.438783470861,1,1,1,8043.0,1
OUTER_TRAINING_INNER,mpx_006,mpx_007,mpx_007,9,9,0.6146476788333164,0.87852333188985,5921.90336913283,1,1,1,8152.999999999997,1
OUTER_TRAINING_INNER,mpx_006,mpx_007,mpx_007,10,10,0.5960201124565531,0.8968064593678623,5029.418000777569,1,1,1,3253.999999999998,1
OUTER_TRAINING_INNER,mpx_006,mpx_007,mpx_007,11,11,0.5282454941583158,0.8676621775078913,4428.474309177708,1,1,1,4397.0,1
OUTER_TRAINING_INNER,mpx_006,mpx_007,mpx_007,12,12,0.4736755976868561,0.849220892233901,3746.7095197903473,1,1,1,2961.0000000000027,1
OUTER_TRAINING_INNER,mpx_006,mpx_007,mpx_007,13,13,0.4428675638609648,0.8263604733475873,3568.4428334892223,1,1,1,3321.0,1
OUTER_TRAINING_INNER,mpx_006,mpx_007,mpx_007,14,14,0.4717711054712256,0.8400380069780706,3862.3855220839796,0,,0,880.9999999999984,1
OUTER_TRAINING_INNER,mpx_006,mpx_007,mpx_007,15,15,0.4170962961554613,0.8043099344452842,3421.6715190290033,0,1,1,2508.9999999999973,1
OUTER_TRAINING_INNER,mpx_006,mpx_007,mpx_007,16,16,0.36757324483007925,0.7864878872132448,2699.0123688989283,0,,0,2801.999999999999,1
OUTER_TRAINING_INNER,mpx_006,mpx_007,mpx_007,17,17,0.42416256862230634,0.8353918774967313,2981.5762614804394,0,,0,2894.000000000001,1
OUTER_TRAINING_INNER,mpx_006,mpx_007,mpx_007,18,18,0.3536532924157887,0.80955916074727,2021.996112914818,0,1,1,1149.0,1
OUTER_TRAINING_INNER,mpx_006,mpx_007,mpx_007,19,19,0.29662047062889796,0.7945757820790182,1049.0236273722498,0,1,1,733.0000000000038,1
OUTER_TRAINING_INNER,mpx_006,mpx_007,mpx_007,20,20,0.28688343499963076,0.7677828749657657,1182.6627019573505,0,1,1,622.0000000000006,1
OUTER_TRAINING_INNER,mpx_006,mpx_007,mpx_007,21,21,0.27430223914614293,0.7509733885184926,1116.318386106464,0,1,1,631.9999999999983,1
OUTER_TRAINING_INNER,mpx_006,mpx_007,mpx_007,22,22,0.21732054002924756,0.6604856820206666,803.8503791006935,0,,0,163.9999999999968,1
OUTER_TRAINING_INNER,mpx_006,mpx_007,mpx_007,23,23,0.21039618574629781,0.6705490264018809,446.19138597333784,0,1,1,419.00000000000125,1
OUTER_TRAINING_INNER,mpx_006,mpx_007,mpx_007,24,24,0.18493674298995724,0.6149020019308657,306.94938754957985,0,,0,439.0000000000024,1
OUTER_TRAINING_INNER,mpx_006,mpx_007,mpx_007,25,25,0.17093781619203052,0.5605199635626976,430.47833504244244,0,,0,336.0000000000031,1
OUTER_TRAINING_INNER,mpx_006,mpx_007,mpx_007,26,26,0.14683385290568915,0.5077443135459531,128.66569331310183,0,0,1,119.00000000000134,1
OUTER_TRAINING_INNER,mpx_006,mpx_007,mpx_007,27,27,0.13652721444451324,0.4745164677511182,59.78591125717607,0,,0,71.0000000000009,1
OUTER_TRAINING_INNER,mpx_006,mpx_007,mpx_007,28,28,0.13464608680456058,0.47466501107682285,0.0,0,0,1,54.99999999999885,1
OUTER_TRAINING_INNER,mpx_006,mpx_007,mpx_007,29,29,0.12964436706757435,0.4519681308574466,0.0,0,,0,0.0,1
OUTER_TRAINING_INNER,mpx_006,mpx_007,mpx_007,30,30,0.12223052544852671,0.4336567651429505,0.0,0,,0,0.0,1
OUTER_TRAINING_INNER,mpx_006,mpx_007,mpx_007,31,31,0.11799405410654833,0.4230426347040309,0.0,0,,0,0.0,1
OUTER_TRAINING_INNER,mpx_006,mpx_007,mpx_007,32,32,0.11711727228118811,0.4214974271466505,0.0,0,,0,0.0,1
OUTER_TRAINING_INNER,mpx_006,mpx_007,mpx_007,33,33,0.11626996231074838,0.4199965758781558,0.0,0,,0,nan,0
OUTER_TRAINING_INNER,mpx_006,mpx_007,mpx_007,34,34,0.11545285582578328,0.4185416460363104,0.0,0,,0,nan,0
OUTER_TRAINING_INNER,mpx_006,mpx_007,mpx_007,35,35,0.11464405826711678,0.41709760390768175,0.0,0,,0,nan,0
OUTER_TRAINING_INNER,mpx_006,mpx_008,mpx_008,3,3,0.8861478293993257,0.9564840433603654,10863.219548808565,1,1,1,16309.0,1
OUTER_TRAINING_INNER,mpx_006,mpx_008,mpx_008,4,4,0.8308730573036849,0.9386338191274753,9542.527802559527,1,1,1,13634.000000000004,1
OUTER_TRAINING_INNER,mpx_006,mpx_008,mpx_008,5,5,0.766296070309662,0.9131078204931163,8576.571389987037,1,1,1,13576.0,1
OUTER_TRAINING_INNER,mpx_006,mpx_008,mpx_008,6,6,0.7731438504630869,0.9349225651583442,7902.844000538105,1,1,1,10204.999999999996,1
OUTER_TRAINING_INNER,mpx_006,mpx_008,mpx_008,7,7,0.7282528011415164,0.938849471102839,6737.815512872612,1,1,1,7451.999999999998,1
OUTER_TRAINING_INNER,mpx_006,mpx_008,mpx_008,8,8,0.6410214066596679,0.8957295102108441,6171.619698186182,1,1,1,6065.000000000001,1
OUTER_TRAINING_INNER,mpx_006,mpx_008,mpx_008,9,9,0.5823579841940323,0.8750368579507795,5507.85458394395,1,1,1,2917.0000000000014,1
OUTER_TRAINING_INNER,mpx_006,mpx_008,mpx_008,10,10,0.5414212414673166,0.8846475686725134,4641.478095594704,1,,0,1457.999999999998,1
OUTER_TRAINING_INNER,mpx_006,mpx_008,mpx_008,11,11,0.4893006731074196,0.8585830406614602,4247.96589422836,1,1,1,3200.999999999999,1
OUTER_TRAINING_INNER,mpx_006,mpx_008,mpx_008,12,12,0.48759055278207486,0.8624289457649503,4105.510516153275,1,1,1,3494.0000000000005,1
OUTER_TRAINING_INNER,mpx_006,mpx_008,mpx_008,13,13,0.4945889702835239,0.8682305395829268,4051.4433150377504,1,1,1,4109.000000000003,1
OUTER_TRAINING_INNER,mpx_006,mpx_008,mpx_008,14,14,0.5264609710580734,0.8767800705078429,4332.413695135415,1,1,1,4693.000000000001,1
OUTER_TRAINING_INNER,mpx_006,mpx_008,mpx_008,15,15,0.42844820893023516,0.8138621639839697,3649.179887929068,1,1,1,4020.0000000000005,1
OUTER_TRAINING_INNER,mpx_006,mpx_008,mpx_008,16,16,0.35676374767827146,0.780242353263146,2857.802490006295,0,1,1,3303.999999999998,1
OUTER_TRAINING_INNER,mpx_006,mpx_008,mpx_008,17,17,0.39698645419146084,0.7935665835238912,3220.4063771041256,0,,0,1000.9999999999995,1
OUTER_TRAINING_INNER,mpx_006,mpx_008,mpx_008,18,18,0.34403430037980914,0.7685483898512951,2645.4106405321463,0,,0,1258.9999999999977,1
OUTER_TRAINING_INNER,mpx_006,mpx_008,mpx_008,19,19,0.2831573091939907,0.7253130743962459,1973.2648474456537,0,1,1,686.0000000000031,1
OUTER_TRAINING_INNER,mpx_006,mpx_008,mpx_008,20,20,0.28492651958078064,0.7486583094474509,1739.062741827433,0,1,1,528.999999999999,1
OUTER_TRAINING_INNER,mpx_006,mpx_008,mpx_008,21,21,0.25581983894209437,0.7246031797407223,1383.8565050192287,0,1,1,1065.000000000002,1
OUTER_TRAINING_INNER,mpx_006,mpx_008,mpx_008,22,22,0.2522248176051169,0.6849635324220474,1623.84358974517,0,1,1,1399.0,1
OUTER_TRAINING_INNER,mpx_006,mpx_008,mpx_008,23,23,0.23623997077431005,0.662293747430337,1470.4593262332035,0,,0,1629.0000000000043,1
OUTER_TRAINING_INNER,mpx_006,mpx_008,mpx_008,24,24,0.28271436533248456,0.7215943419018248,1838.7955069330903,0,,0,777.9999999999991,1
OUTER_TRAINING_INNER,mpx_006,mpx_008,mpx_008,25,25,0.2095610275276578,0.6275855643154843,1034.5214495984608,0,,0,350.9999999999997,1
OUTER_TRAINING_INNER,mpx_006,mpx_008,mpx_008,26,26,0.18239339026291196,0.5706712234499567,790.1490530992057,0,0,1,74.99999999999999,1
OUTER_TRAINING_INNER,mpx_006,mpx_008,mpx_008,27,27,0.14917382381695618,0.5094839055275675,321.61062599554464,0,0,1,13.000000000002725,1
OUTER_TRAINING_INNER,mpx_006,mpx_008,mpx_008,28,28,0.14408292156740832,0.49672721760168276,233.34592348275604,0,,0,0.0,1
OUTER_TRAINING_INNER,mpx_006,mpx_008,mpx_008,29,29,0.13413722189623478,0.4726117411296714,100.1232429229644,0,,0,0.0,1
OUTER_TRAINING_INNER,mpx_006,mpx_008,mpx_008,30,30,0.12708634416617282,0.45485081123493426,0.0,0,,0,0.0,1
OUTER_TRAINING_INNER,mpx_006,mpx_008,mpx_008,31,31,0.1261211894826432,0.45323008695048717,0.0,0,,0,0.0,1
OUTER_TRAINING_INNER,mpx_006,mpx_008,mpx_008,32,32,0.12519246267001707,0.4516614611775181,0.0,0,,0,0.0,1
OUTER_TRAINING_INNER,mpx_006,mpx_008,mpx_008,33,33,0.12429619965296729,0.4501393930480847,0.0,0,,0,nan,0
OUTER_TRAINING_INNER,mpx_006,mpx_008,mpx_008,34,34,0.12343073581314197,0.4486617671267428,0.0,0,,0,nan,0
OUTER_TRAINING_INNER,mpx_006,mpx_008,mpx_008,35,35,0.12258504611798025,0.44721191536981586,0.0,0,,0,nan,0
OUTER_TRAINING_INNER,mpx_006,mpx_009,mpx_009,3,3,0.8820724712052398,0.9582536560498497,10878.227243903752,1,1,1,11873.0,1
OUTER_TRAINING_INNER,mpx_006,mpx_009,mpx_009,4,4,0.8240723685358057,0.9443027975448106,9421.433167136727,1,,0,8400.000000000002,1
OUTER_TRAINING_INNER,mpx_006,mpx_009,mpx_009,5,5,0.772879268337464,0.9383552253820834,8291.972704965381,1,1,1,8474.000000000002,1
OUTER_TRAINING_INNER,mpx_006,mpx_009,mpx_009,6,6,0.7663183329011246,0.9285365777671643,8425.481165040654,1,1,1,11294.000000000002,1
OUTER_TRAINING_INNER,mpx_006,mpx_009,mpx_009,7,7,0.7038514561129946,0.9063266074530745,7475.075081967543,1,1,1,10927.999999999996,1
OUTER_TRAINING_INNER,mpx_006,mpx_009,mpx_009,8,8,0.6902934068874053,0.917977296060917,6941.529706497483,1,1,1,11375.999999999996,1
OUTER_TRAINING_INNER,mpx_006,mpx_009,mpx_009,9,9,0.6520841498952085,0.9136148428829229,6146.512010577683,1,1,1,8141.0,1
OUTER_TRAINING_INNER,mpx_006,mpx_009,mpx_009,10,10,0.6161808653239552,0.9035757917167452,5663.505274295623,1,1,1,4396.0,1
OUTER_TRAINING_INNER,mpx_006,mpx_009,mpx_009,11,11,0.5232207731877123,0.8782450038555211,4672.915604340695,1,,0,2846.0000000000005,1
OUTER_TRAINING_INNER,mpx_006,mpx_009,mpx_009,12,12,0.48594493030788777,0.8599692706685039,4291.69887349989,1,1,1,2088.9999999999964,1
OUTER_TRAINING_INNER,mpx_006,mpx_009,mpx_009,13,13,0.4343099642691088,0.8325313609246715,3912.131631157061,1,1,1,3509.0000000000027,1
OUTER_TRAINING_INNER,mpx_006,mpx_009,mpx_009,14,14,0.3895043914988762,0.8073187330342544,3490.827671512385,1,,0,4806.000000000004,1
OUTER_TRAINING_INNER,mpx_006,mpx_009,mpx_009,15,15,0.39892194074333737,0.7943262465222792,3751.107262282869,1,,0,4282.000000000003,1
OUTER_TRAINING_INNER,mpx_006,mpx_009,mpx_009,16,16,0.41637587960039624,0.8070909965088144,3697.477606427557,0,1,1,3074.999999999999,1
OUTER_TRAINING_INNER,mpx_006,mpx_009,mpx_009,17,17,0.32355182691150425,0.7760477344068335,2458.012123217662,0,,0,1404.9999999999986,1
OUTER_TRAINING_INNER,mpx_006,mpx_009,mpx_009,18,18,0.25294793837391416,0.7197242434592404,1771.4269509275484,0,,0,628.999999999999,1
OUTER_TRAINING_INNER,mpx_006,mpx_009,mpx_009,19,19,0.29225237415530964,0.7707143577590935,1916.1857370960126,0,1,1,902.9999999999991,1
OUTER_TRAINING_INNER,mpx_006,mpx_009,mpx_009,20,20,0.2612043852757776,0.7285830688810044,1745.2711552544827,0,,0,1315.000000000002,1
OUTER_TRAINING_INNER,mpx_006,mpx_009,mpx_009,21,21,0.23507895432407727,0.6946879230887704,1541.6523481198506,0,,0,1348.0000000000002,1
OUTER_TRAINING_INNER,mpx_006,mpx_009,mpx_009,22,22,0.26588633122967337,0.7609926919985633,1245.8835961704985,0,1,1,900.9999999999995,1
OUTER_TRAINING_INNER,mpx_006,mpx_009,mpx_009,23,23,0.23135332060711866,0.7186522779101019,994.7009263390987,0,1,1,564.9999999999965,1
OUTER_TRAINING_INNER,mpx_006,mpx_009,mpx_009,24,24,0.1849449695592333,0.6474677001227473,635.7704818980955,0,1,1,571.0000000000008,1
OUTER_TRAINING_INNER,mpx_006,mpx_009,mpx_009,25,25,0.20584575363437924,0.6684493100157771,877.60084297643,0,,0,274.99999999999994,1
OUTER_TRAINING_INNER,mpx_006,mpx_009,mpx_009,26,26,0.2090962086747753,0.680697887037366,836.9516856109549,0,,0,76.99999999999953,1
OUTER_TRAINING_INNER,mpx_006,mpx_009,mpx_009,27,27,0.22403719185420237,0.7000222702831984,1025.4375961171602,0,0,1,12.99999999999704,1
OUTER_TRAINING_INNER,mpx_006,mpx_009,mpx_009,28,28,0.1897172134825837,0.6529082921589211,613.5620957517549,0,0,1,0.0,1
OUTER_TRAINING_INNER,mpx_006,mpx_009,mpx_009,29,29,0.1762478220874245,0.6337042839082475,454.98285617091886,0,0,1,0.0,1
OUTER_TRAINING_INNER,mpx_006,mpx_009,mpx_009,30,30,0.15444560339203184,0.6008334270174517,180.79489451579386,0,0,1,0.0,1
OUTER_TRAINING_INNER,mpx_006,mpx_009,mpx_009,31,31,0.15315656389062363,0.5990443882913432,149.2259640390133,0,0,1,0.0,1
OUTER_TRAINING_INNER,mpx_006,mpx_009,mpx_009,32,32,0.151906027345312,0.5972923238193647,118.43718914125375,0,0,1,0.0,1
OUTER_TRAINING_INNER,mpx_006,mpx_009,mpx_009,33,33,0.15084480855686447,0.5958977197377298,90.16224135953135,0,0,1,0.0,1
OUTER_TRAINING_INNER,mpx_006,mpx_009,mpx_009,34,34,0.14981999794749104,0.5945419308046874,62.7001832445512,0,0,1,nan,0
OUTER_TRAINING_INNER,mpx_006,mpx_009,mpx_009,35,35,0.148829235589946,0.5932226593343636,36.001463355032655,0,0,1,nan,0
OUTER_TRAINING_INNER,mpx_006,mpx_009,mpx_009,36,36,0.14787117479849318,0.5919387797250705,10.04359989224119,0,0,1,nan,0
OUTER_TRAINING_INNER,mpx_006,mpx_010,mpx_010,3,3,0.8807911616580301,0.954934004772767,11061.887669056085,1,1,1,11898.000000000002,1
OUTER_TRAINING_INNER,mpx_006,mpx_010,mpx_010,4,4,0.8197979158833352,0.9331423577480359,9755.97680472081,1,,0,8578.999999999996,1
OUTER_TRAINING_INNER,mpx_006,mpx_010,mpx_010,5,5,0.7533298369898047,0.911607250706285,8666.164437059291,1,1,1,8547.000000000002,1
OUTER_TRAINING_INNER,mpx_006,mpx_010,mpx_010,6,6,0.7567813270714787,0.9207660948903817,8360.641254690612,1,1,1,11191.0,1
OUTER_TRAINING_INNER,mpx_006,mpx_010,mpx_010,7,7,0.685001288152175,0.8873524098655621,7604.671636120778,1,1,1,7695.0000000000055,1
OUTER_TRAINING_INNER,mpx_006,mpx_010,mpx_010,8,8,0.6931655096023738,0.9185435295905698,6888.751779247991,1,1,1,11511.999999999995,1
OUTER_TRAINING_INNER,mpx_006,mpx_010,mpx_010,9,9,0.6684008369651686,0.9156275961181403,6329.39730604025,1,1,1,7552.999999999997,1
OUTER_TRAINING_INNER,mpx_006,mpx_010,mpx_010,10,10,0.6281874814849222,0.9010182588155691,5965.210961111589,1,,0,8195.999999999998,1
OUTER_TRAINING_INNER,mpx_006,mpx_010,mpx_010,11,11,0.5876781582978705,0.8965210087123533,5172.093271522572,1,1,1,3020.0000000000005,1
OUTER_TRAINING_INNER,mpx_006,mpx_010,mpx_010,12,12,0.5176346366325318,0.869257097762196,4568.5240191499015,1,,0,1836.0000000000027,1
OUTER_TRAINING_INNER,mpx_006,mpx_010,mpx_010,13,13,0.4605065718053641,0.8460381265645235,4016.149992166132,1,1,1,1426.9999999999993,1
OUTER_TRAINING_INNER,mpx_006,mpx_010,mpx_010,14,14,0.4106437304099685,0.8064650178197308,3764.9545751914466,1,,0,2836.0000000000027,1
OUTER_TRAINING_INNER,mpx_006,mpx_010,mpx_010,15,15,0.391448641442494,0.7882843733431039,3653.9093409059933,1,1,1,4509.999999999996,1
OUTER_TRAINING_INNER,mpx_006,mpx_010,mpx_010,16,16,0.3986513712046425,0.7682231336014236,4042.762197655583,1,1,1,4244.0,1
OUTER_TRAINING_INNER,mpx_006,mpx_010,mpx_010,17,17,0.44916082162830956,0.8499403448454594,3536.2360068872463,0,,0,3041.0000000000014,1
OUTER_TRAINING_INNER,mpx_006,mpx_010,mpx_010,18,18,0.36391334963690464,0.8281404184286492,2369.891364308181,0,1,1,1336.000000000003,1
OUTER_TRAINING_INNER,mpx_006,mpx_010,mpx_010,19,19,0.2996900040714559,0.786668183058319,1794.5955495969201,0,1,1,563.9999999999967,1
OUTER_TRAINING_INNER,mpx_006,mpx_010,mpx_010,20,20,0.31543153459709866,0.7825292788220193,2123.060587102855,0,,0,315.9999999999963,1
OUTER_TRAINING_INNER,mpx_006,mpx_010,mpx_010,21,21,0.27566161751365537,0.7458955855727146,1720.4559197869366,0,,0,161.99999999999724,1
OUTER_TRAINING_INNER,mpx_006,mpx_010,mpx_010,22,22,0.24573746342652128,0.7078934530386446,1523.380274192979,0,1,1,772.0000000000005,1
OUTER_TRAINING_INNER,mpx_006,mpx_010,mpx_010,23,23,0.27849373458862886,0.7474885720636874,1691.0012487034226,0,1,1,1166.0000000000018,1
OUTER_TRAINING_INNER,mpx_006,mpx_010,mpx_010,24,24,0.2462588547939748,0.7150730577970891,1369.0742636309244,0,1,1,1224.9999999999998,1
OUTER_TRAINING_INNER,mpx_006,mpx_010,mpx_010,25,25,0.22331166655613338,0.7022308657013274,971.5805512672865,0,1,1,894.0000000000011,1
OUTER_TRAINING_INNER,mpx_006,mpx_010,mpx_010,26,26,0.2362468571538968,0.7362911820768222,828.3527151164961,0,,0,360.99999999999744,1
OUTER_TRAINING_INNER,mpx_006,mpx_010,mpx_010,27,27,0.1976455396872516,0.6817376554380381,489.1095985414139,0,1,1,327.99999999999926,1
OUTER_TRAINING_INNER,mpx_006,mpx_010,mpx_010,28,28,0.20795064187591414,0.7220996895207482,264.20003427668024,0,0,1,36.999999999997264,1
OUTER_TRAINING_INNER,mpx_006,mpx_010,mpx_010,29,29,0.20037676951428546,0.7014403251492866,315.0036189777613,0,0,1,25.999999999999766,1
OUTER_TRAINING_INNER,mpx_006,mpx_010,mpx_010,30,30,0.18911750091721902,0.670268715886559,332.7500911467089,0,,0,0.0,1
OUTER_TRAINING_INNER,mpx_006,mpx_010,mpx_010,31,31,0.21547838815201548,0.6205918080037752,1226.8321754863737,0,,0,0.0,1
OUTER_TRAINING_INNER,mpx_006,mpx_010,mpx_010,32,32,0.14574780266158027,0.49459181551532744,485.659552481098,0,0,1,0.0,1
OUTER_TRAINING_INNER,mpx_006,mpx_010,mpx_010,33,33,0.09674818055244692,0.37735790651535,0.0,0,0,1,0.0,1
OUTER_TRAINING_INNER,mpx_006,mpx_010,mpx_010,34,34,0.0947028455812263,0.3719313324671036,0.0,0,0,1,0.0,1
OUTER_TRAINING_INNER,mpx_006,mpx_010,mpx_010,35,35,0.09404456284878948,0.3706218836175452,0.0,0,0,1,0.0,1
OUTER_TRAINING_INNER,mpx_006,mpx_010,mpx_010,36,36,0.09340659572349434,0.3693472563629741,0.0,0,0,1,0.0,1
OUTER_TRAINING_INNER,mpx_006,mpx_010,mpx_010,37,37,0.09278889568445761,0.36810760174820967,0.0,0,0,1,0.0,1
OUTER_TRAINING_INNER,mpx_006,mpx_010,mpx_010,38,38,0.09219143645245488,0.3669031200835093,0.0,0,0,1,nan,0
OUTER_TRAINING_INNER,mpx_006,mpx_010,mpx_010,39,39,0.09161169236223175,0.3657294633172632,0.0,0,0,1,nan,0
OUTER_TRAINING_INNER,mpx_006,mpx_010,mpx_010,40,40,0.09104140170082702,0.36457171219433543,0.0,0,0,1,nan,0
OUTER_TRAINING_INNER,mpx_007,mpx_001,mpx_001,3,3,0.8750278507005631,0.9432844492344543,11181.433311680765,1,1,1,11143.999999999998,1
OUTER_TRAINING_INNER,mpx_007,mpx_001,mpx_001,4,4,0.8012839314014538,0.9021058348739618,9769.370768937233,1,,0,8574.000000000002,1
OUTER_TRAINING_INNER,mpx_007,mpx_001,mpx_001,5,5,0.7487758904391302,0.8957907576520007,8539.240828286373,1,1,1,8540.999999999998,1
OUTER_TRAINING_INNER,mpx_007,mpx_001,mpx_001,6,6,0.7520364549278831,0.9021433157163063,8398.65121150006,1,1,1,6961.000000000002,1
OUTER_TRAINING_INNER,mpx_007,mpx_001,mpx_001,7,7,0.7040971982191119,0.8924711883189362,7453.06861543993,1,1,1,2499.9999999999995,1
OUTER_TRAINING_INNER,mpx_007,mpx_001,mpx_001,8,8,0.6917086558797944,0.9037111580860614,6891.220442371891,1,,0,6284.000000000002,1
OUTER_TRAINING_INNER,mpx_007,mpx_001,mpx_001,9,9,0.62080958065167,0.8723307148839836,6086.312544233023,1,,0,7054.999999999997,1
OUTER_TRAINING_INNER,mpx_007,mpx_001,mpx_001,10,10,0.5687224261006253,0.8478273588127373,5529.563826394541,1,1,1,11917.0,1
OUTER_TRAINING_INNER,mpx_007,mpx_001,mpx_001,11,11,0.6209686547317707,0.8750826059864206,5890.525403782072,1,1,1,7568.0,1
OUTER_TRAINING_INNER,mpx_007,mpx_001,mpx_001,12,12,0.5724578312301388,0.8592894953923429,5287.012854449308,1,1,1,7904.000000000003,1
OUTER_TRAINING_INNER,mpx_007,mpx_001,mpx_001,13,13,0.5700833913970853,0.8762211361911888,4850.880995683454,1,1,1,2673.9999999999995,1
OUTER_TRAINING_INNER,mpx_007,mpx_001,mpx_001,14,14,0.5121181033674745,0.8395307854928566,4434.867488086355,1,1,1,1854.9999999999984,1
OUTER_TRAINING_INNER,mpx_007,mpx_001,mpx_001,15,15,0.44411063445103616,0.8045507327804194,3723.3924352893455,1,1,1,486.99999999999716,1
OUTER_TRAINING_INNER,mpx_007,mpx_001,mpx_001,16,16,0.41712163976429345,0.7824092554598472,3504.580824971265,1,,0,1658.0000000000034,1
OUTER_TRAINING_INNER,mpx_007,mpx_001,mpx_001,17,17,0.41755960940983955,0.7877054406065497,3418.8977627248532,1,1,1,3888.000000000002,1
OUTER_TRAINING_INNER,mpx_007,mpx_001,mpx_001,18,18,0.3941428692050697,0.7721547739933686,3177.343889616285,1,1,1,5014.000000000002,1
OUTER_TRAINING_INNER,mpx_007,mpx_001,mpx_001,19,19,0.4338769436486775,0.806891988561999,3411.4961040808503,0,,0,4327.999999999998,1
OUTER_TRAINING_INNER,mpx_007,mpx_001,mpx_001,20,20,0.373452254249361,0.7766195358042065,2675.336038271293,0,1,1,2030.9999999999982,1
OUTER_TRAINING_INNER,mpx_007,mpx_001,mpx_001,21,21,0.2648189734602606,0.662334623563708,1706.9363489121015,0,,0,1246.0000000000007,1
OUTER_TRAINING_INNER,mpx_007,mpx_001,mpx_001,22,22,0.24131130867613046,0.6295164094330558,1433.6494204752532,0,,0,481.9999999999983,1
OUTER_TRAINING_INNER,mpx_007,mpx_001,mpx_001,23,23,0.21580220129073108,0.5763916536257572,1243.3727065160158,0,1,1,415.00000000000216,1
OUTER_TRAINING_INNER,mpx_007,mpx_001,mpx_001,24,24,0.18406353016173596,0.536130809301956,735.5673273731315,0,,0,138.0000000000027,1
OUTER_TRAINING_INNER,mpx_007,mpx_001,mpx_001,25,25,0.16894022496858713,0.5160083136023935,458.52185561954013,0,,0,111.00000000000315,1
OUTER_TRAINING_INNER,mpx_007,mpx_001,mpx_001,26,26,0.16609316478481442,0.5295410844525906,249.27761616734773,0,,0,81.9999999999984,1
OUTER_TRAINING_INNER,mpx_007,mpx_001,mpx_001,27,27,0.1588911432030026,0.48670172255673305,324.615191783823,0,0,1,17.999999999995904,1
OUTER_TRAINING_INNER,mpx_007,mpx_001,mpx_001,28,28,0.15630379874860073,0.4990345532831159,142.72137420655514,0,,0,17.999999999995904,1
OUTER_TRAINING_INNER,mpx_007,mpx_001,mpx_001,29,29,0.1416842794770524,0.4673726100232023,0.0,0,,0,0.0,1
OUTER_TRAINING_INNER,mpx_007,mpx_001,mpx_001,30,30,0.1330935206976775,0.4486723720987164,0.0,0,,0,0.0,1
OUTER_TRAINING_INNER,mpx_007,mpx_001,mpx_001,31,31,0.12966222080589093,0.44126182878124043,0.0,0,,0,0.0,1
OUTER_TRAINING_INNER,mpx_007,mpx_001,mpx_001,32,32,0.12869894191549566,0.43962191629358593,0.0,0,,0,0.0,1
OUTER_TRAINING_INNER,mpx_007,mpx_001,mpx_001,33,33,0.12776980835504145,0.43803167660914233,0.0,0,,0,nan,0
OUTER_TRAINING_INNER,mpx_007,mpx_001,mpx_001,34,34,0.12687290961703523,0.4364886026311883,0.0,0,,0,nan,0
OUTER_TRAINING_INNER,mpx_007,mpx_001,mpx_001,35,35,0.12600454041623488,0.4349873338625757,0.0,0,,0,nan,0
OUTER_TRAINING_INNER,mpx_007,mpx_002,mpx_002,3,3,0.877307089960491,0.9471731225928589,10661.84926663395,1,1,1,15128.000000000002,1
OUTER_TRAINING_INNER,mpx_007,mpx_002,mpx_002,4,4,0.808490818100406,0.9166869456296024,9188.32805693604,1,,0,15646.0,1
OUTER_TRAINING_INNER,mpx_007,mpx_002,mpx_002,5,5,0.7562824403999108,0.8977592899031238,8235.867266263347,1,1,1,15116.999999999998,1
OUTER_TRAINING_INNER,mpx_007,mpx_002,mpx_002,6,6,0.7649470825415754,0.9151318088862477,7973.327943671937,1,,0,11099.999999999998,1
OUTER_TRAINING_INNER,mpx_007,mpx_002,mpx_002,7,7,0.7166124185440367,0.9269081892013112,6518.571309769996,1,1,1,4104.999999999998,1
OUTER_TRAINING_INNER,mpx_007,mpx_002,mpx_002,8,8,0.6297639333928136,0.8708139836735148,6016.102743699844,1,,0,4837.000000000002,1
OUTER_TRAINING_INNER,mpx_007,mpx_002,mpx_002,9,9,0.578347789949384,0.8594910150919711,5240.128180998576,1,1,1,5665.000000000001,1
OUTER_TRAINING_INNER,mpx_007,mpx_002,mpx_002,10,10,0.5393015928146674,0.8305937420431921,4950.444477759533,1,1,1,5517.000000000001,1
OUTER_TRAINING_INNER,mpx_007,mpx_002,mpx_002,11,11,0.5476418030696057,0.8598438176765695,4630.552752521984,1,,0,5848.999999999999,1
OUTER_TRAINING_INNER,mpx_007,mpx_002,mpx_002,12,12,0.5803543870797362,0.9033050436681692,4391.052349990779,1,,0,4123.999999999999,1
OUTER_TRAINING_INNER,mpx_007,mpx_002,mpx_002,13,13,0.5077271802912555,0.853587374275158,4032.8248195542496,1,,0,3666.0000000000014,1
OUTER_TRAINING_INNER,mpx_007,mpx_002,mpx_002,14,14,0.4486771574970283,0.8431391672291362,3176.078759867709,0,1,1,1594.000000000001,1
OUTER_TRAINING_INNER,mpx_007,mpx_002,mpx_002,15,15,0.4486911076577576,0.8543330325604162,2996.9093080930256,0,1,1,2349.9999999999995,1
OUTER_TRAINING_INNER,mpx_007,mpx_002,mpx_002,16,16,0.4057084568901398,0.8258299684423576,2647.275482119716,0,,0,2031.999999999998,1
OUTER_TRAINING_INNER,mpx_007,mpx_002,mpx_002,17,17,0.3796286387706145,0.8076053127862544,2396.4560104959937,0,1,1,2430.999999999998,1
OUTER_TRAINING_INNER,mpx_007,mpx_002,mpx_002,18,18,0.3495687404668467,0.7890998023071547,2119.9488319633488,0,1,1,955.9999999999984,1
OUTER_TRAINING_INNER,mpx_007,mpx_002,mpx_002,19,19,0.30347135363420696,0.7625282310458064,1515.470862573917,0,,0,909.0000000000034,1
OUTER_TRAINING_INNER,mpx_007,mpx_002,mpx_002,20,20,0.24743103262944083,0.6495740280039333,1391.6837687544576,0,1,1,380.9999999999986,1
OUTER_TRAINING_INNER,mpx_007,mpx_002,mpx_002,21,21,0.2196617899412771,0.6037625028099685,1111.2550082284395,0,,0,127.99999999999929,1
OUTER_TRAINING_INNER,mpx_007,mpx_002,mpx_002,22,22,0.18728583852565403,0.5351605212698802,807.280746985944,0,1,1,326.9999999999995,1
OUTER_TRAINING_INNER,mpx_007,mpx_002,mpx_002,23,23,0.1727537328389196,0.5024498535285506,631.0418616030505,0,1,1,309.0000000000036,1
OUTER_TRAINING_INNER,mpx_007,mpx_002,mpx_002,24,24,0.19982839188872736,0.5658671385615507,908.9189401602239,0,,0,399.9999999999999,1
OUTER_TRAINING_INNER,mpx_007,mpx_002,mpx_002,25,25,0.14833126847655065,0.4425535829811479,381.1521441514129,0,,0,90.99999999999635,1
OUTER_TRAINING_INNER,mpx_007,mpx_002,mpx_002,26,26,0.13001773591304078,0.3995835916493481,65.48073629648881,0,,0,129.99999999999315,1
OUTER_TRAINING_INNER,mpx_007,mpx_002,mpx_002,27,27,0.13541235269255064,0.40887846693362007,162.2074194076524,0,,0,38.99999999999681,1
OUTER_TRAINING_INNER,mpx_007,mpx_002,mpx_002,28,28,0.13540619571969975,0.4149455745058696,117.82201042523454,0,0,1,40.999999999996355,1
OUTER_TRAINING_INNER,mpx_007,mpx_002,mpx_002,29,29,0.12791511304033457,0.3864193114353119,56.7764783111696,0,0,1,1.9999999999995448,1
OUTER_TRAINING_INNER,mpx_007,mpx_002,mpx_002,30,30,0.11640625958290435,0.3581154125241764,0.0,0,0,1,1.9999999999995448,1
OUTER_TRAINING_INNER,mpx_007,mpx_002,mpx_002,31,31,0.11325163337717474,0.3529517668019335,0.0,0,0,1,0.0,1
OUTER_TRAINING_INNER,mpx_007,mpx_002,mpx_002,32,32,0.11234847264528496,0.3513370439900135,0.0,0,0,1,0.0,1
OUTER_TRAINING_INNER,mpx_007,mpx_002,mpx_002,33,33,0.11147617532410292,0.34976837565239693,0.0,0,0,1,0.0,1
OUTER_TRAINING_INNER,mpx_007,mpx_002,mpx_002,34,34,0.11067667826399634,0.34838495813173426,0.0,0,0,1,0.0,1
OUTER_TRAINING_INNER,mpx_007,mpx_002,mpx_002,35,35,0.10990586738925459,0.3470452045607365,0.0,0,0,1,nan,0
OUTER_TRAINING_INNER,mpx_007,mpx_002,mpx_002,36,36,0.10915932663030097,0.34574237521495704,0.0,0,0,1,nan,0
OUTER_TRAINING_INNER,mpx_007,mpx_002,mpx_002,37,37,0.10843651011576932,0.34447584642234863,0.0,0,0,1,nan,0
OUTER_TRAINING_INNER,mpx_007,mpx_003,mpx_003,3,3,0.8774920904472125,0.9449024468089,11211.539406288774,1,1,1,10673.0,1
OUTER_TRAINING_INNER,mpx_007,mpx_003,mpx_003,4,4,0.8249288801371721,0.9240250639006529,9845.60672511421,1,,0,5346.0,1
OUTER_TRAINING_INNER,mpx_007,mpx_003,mpx_003,5,5,0.7663918866433527,0.897188039454335,8852.839417977932,1,1,1,6256.0,1
OUTER_TRAINING_INNER,mpx_007,mpx_003,mpx_003,6,6,0.7748743246991695,0.9082227168818644,8726.446067917717,1,1,1,5883.999999999999,1
OUTER_TRAINING_INNER,mpx_007,mpx_003,mpx_003,7,7,0.7461046790445945,0.9003315139830591,8140.1328882787175,1,1,1,4840.000000000001,1
OUTER_TRAINING_INNER,mpx_007,mpx_003,mpx_003,8,8,0.7017472024382766,0.883541431635255,7448.726261548539,1,,0,8275.999999999998,1
OUTER_TRAINING_INNER,mpx_007,mpx_003,mpx_003,9,9,0.6615106475901974,0.8678139375472111,6885.318829474577,1,1,1,8792.0,1
OUTER_TRAINING_INNER,mpx_007,mpx_003,mpx_003,10,10,0.679717120921933,0.8996691702238562,6512.87204727198,1,1,1,11184.000000000002,1
OUTER_TRAINING_INNER,mpx_007,mpx_003,mpx_003,11,11,0.6642904252943672,0.9085294179690387,5872.716761172739,1,1,1,6445.0000000000055,1
OUTER_TRAINING_INNER,mpx_007,mpx_003,mpx_003,12,12,0.5988269199987919,0.8570958128664494,5693.444902897298,1,1,1,5945.0,1
OUTER_TRAINING_INNER,mpx_007,mpx_003,mpx_003,13,13,0.5669362124345567,0.8573415125580375,5030.7524275951255,1,,0,2718.000000000001,1
OUTER_TRAINING_INNER,mpx_007,mpx_003,mpx_003,14,14,0.5222042828447222,0.8428326473165904,4431.973295284696,1,1,1,2317.9999999999955,1
OUTER_TRAINING_INNER,mpx_007,mpx_003,mpx_003,15,15,0.48141289881134713,0.8216727494779367,3994.84130914443,1,1,1,3454.000000000004,1
OUTER_TRAINING_INNER,mpx_007,mpx_003,mpx_003,16,16,0.4572416750106903,0.8024346043861291,3810.6501184266326,1,1,1,3705.9999999999977,1
OUTER_TRAINING_INNER,mpx_007,mpx_003,mpx_003,17,17,0.49591381318800326,0.8321977347666346,4017.0575905227056,1,1,1,2944.000000000001,1
OUTER_TRAINING_INNER,mpx_007,mpx_003,mpx_003,18,18,0.5337173247317238,0.8763751633612534,3898.3955224241413,0,,0,2873.0,1
OUTER_TRAINING_INNER,mpx_007,mpx_003,mpx_003,19,19,0.4408399411027814,0.8183682119685134,3215.6980412482844,0,,0,3020.0000000000005,1
OUTER_TRAINING_INNER,mpx_007,mpx_003,mpx_003,20,20,0.40209381890657697,0.7901611064964486,2898.1461562339546,0,,0,3369.0000000000005,1
OUTER_TRAINING_INNER,mpx_007,mpx_003,mpx_003,21,21,0.35297321007393545,0.7564006429146083,2396.8485171564344,0,1,1,1514.9999999999964,1
OUTER_TRAINING_INNER,mpx_007,mpx_003,mpx_003,22,22,0.3517127063132989,0.8047301378278079,1731.6235506923088,0,1,1,795.0000000000009,1
OUTER_TRAINING_INNER,mpx_007,mpx_003,mpx_003,23,23,0.2978110068332766,0.7202042457859389,1673.1292131821413,0,1,1,365.0000000000022,1
OUTER_TRAINING_INNER,mpx_007,mpx_003,mpx_003,24,24,0.2422239456530009,0.6735882051261138,898.3389486438132,0,1,1,517.0000000000017,1
OUTER_TRAINING_INNER,mpx_007,mpx_003,mpx_003,25,25,0.2104451364712163,0.5762914091713499,999.3985260433345,0,1,1,536.9999999999972,1
OUTER_TRAINING_INNER,mpx_007,mpx_003,mpx_003,26,26,0.19645039323154814,0.5605049277949026,743.8361982332968,0,,0,536.9999999999972,1
OUTER_TRAINING_INNER,mpx_007,mpx_003,mpx_003,27,27,0.18326673544777092,0.5215660821965246,708.79590057508,0,1,1,154.99999999999883,1
OUTER_TRAINING_INNER,mpx_007,mpx_003,mpx_003,28,28,0.15401630684934517,0.4480520975088704,419.3182862478254,0,0,1,56.000000000004306,1
OUTER_TRAINING_INNER,mpx_007,mpx_003,mpx_003,29,29,0.14705421375028,0.4446792134545316,215.23624625541626,0,0,1,209.00000000000358,1
OUTER_TRAINING_INNER,mpx_007,mpx_003,mpx_003,30,30,0.14011299846930106,0.3899675057682422,448.0892348537459,0,0,1,228.99999999999903,1
OUTER_TRAINING_INNER,mpx_007,mpx_003,mpx_003,31,31,0.1310268449375602,0.38903990769466035,107.27855818521279,0,,0,172.99999999999474,1
OUTER_TRAINING_INNER,mpx_007,mpx_003,mpx_003,32,32,0.11849709906195584,0.3934342193401433,0.0,0,0,1,19.99999999999545,1
OUTER_TRAINING_INNER,mpx_007,mpx_003,mpx_003,33,33,0.11455834188291363,0.38043245092168754,0.0,0,,0,0.0,1
OUTER_TRAINING_INNER,mpx_007,mpx_003,mpx_003,34,34,0.11071955301534384,0.37093648881655156,0.0,0,,0,0.0,1
OUTER_TRAINING_INNER,mpx_007,mpx_003,mpx_003,35,35,0.10868545349981247,0.3659676167206904,0.0,0,,0,0.0,1
OUTER_TRAINING_INNER,mpx_007,mpx_003,mpx_003,36,36,0.1079477120992086,0.3645821658097078,0.0,0,,0,0.0,1
OUTER_TRAINING_INNER,mpx_007,mpx_003,mpx_003,37,37,0.10723189959340433,0.36323257637109374,0.0,0,,0,0.0,1
OUTER_TRAINING_INNER,mpx_007,mpx_003,mpx_003,38,38,0.10654074460363963,0.3619236834040165,0.0,0,,0,0.0,1
OUTER_TRAINING_INNER,mpx_007,mpx_003,mpx_003,39,39,0.10586923333397301,0.36064720038085685,0.0,0,,0,nan,0
OUTER_TRAINING_INNER,mpx_007,mpx_003,mpx_003,40,40,0.10521565821499719,0.35940037442524525,0.0,0,,0,nan,0
OUTER_TRAINING_INNER,mpx_007,mpx_003,mpx_003,41,41,0.10458277935413468,0.35818809726136813,0.0,0,,0,nan,0
OUTER_TRAINING_INNER,mpx_007,mpx_004,mpx_004,3,3,0.8756837444311395,0.9383114673077345,10705.781534016953,1,1,1,16319.999999999998,1
OUTER_TRAINING_INNER,mpx_007,mpx_004,mpx_004,4,4,0.799906789153632,0.9052569422818268,9055.868480971634,1,1,1,14220.999999999998,1
OUTER_TRAINING_INNER,mpx_007,mpx_004,mpx_004,5,5,0.8008435676290442,0.9173679112448979,8723.977858037159,1,1,1,10523.000000000002,1
OUTER_TRAINING_INNER,mpx_007,mpx_004,mpx_004,6,6,0.7484046498788295,0.9005763694079467,7730.6364974308935,1,1,1,4285.000000000003,1
OUTER_TRAINING_INNER,mpx_007,mpx_004,mpx_004,7,7,0.7081399446638387,0.8939242896800508,6943.134458117497,1,1,1,8679.000000000004,1
OUTER_TRAINING_INNER,mpx_007,mpx_004,mpx_004,8,8,0.6407318111699564,0.8516003883264449,6334.434243323093,1,1,1,11343.999999999998,1
OUTER_TRAINING_INNER,mpx_007,mpx_004,mpx_004,9,9,0.6034533490058615,0.830545835142781,5923.390190813092,1,,0,10434.000000000002,1
OUTER_TRAINING_INNER,mpx_007,mpx_004,mpx_004,10,10,0.670446517190119,0.9027926532494068,5853.477565847768,1,1,1,6842.0,1
OUTER_TRAINING_INNER,mpx_007,mpx_004,mpx_004,11,11,0.5988661227375993,0.870824638341582,5110.841814479271,1,1,1,4879.000000000004,1
OUTER_TRAINING_INNER,mpx_007,mpx_004,mpx_004,12,12,0.5515076234657826,0.8420164692915917,4719.925083705299,1,1,1,4905.999999999997,1
OUTER_TRAINING_INNER,mpx_007,mpx_004,mpx_004,13,13,0.531865760199468,0.8467274273001081,4287.122998974019,1,1,1,4575.999999999999,1
OUTER_TRAINING_INNER,mpx_007,mpx_004,mpx_004,14,14,0.4343272944430745,0.8007135247540123,3220.0005340524376,0,,0,3157.9999999999973,1
OUTER_TRAINING_INNER,mpx_007,mpx_004,mpx_004,15,15,0.3635070731214625,0.7543790002301767,2468.3964545265985,0,1,1,2886.0000000000027,1
OUTER_TRAINING_INNER,mpx_007,mpx_004,mpx_004,16,16,0.48295488393435043,0.8380649314693788,3568.303778443296,0,1,1,765.0000000000022,1
OUTER_TRAINING_INNER,mpx_007,mpx_004,mpx_004,17,17,0.37587658863872214,0.7637763462925634,2614.1553883230117,0,,0,753.999999999999,1
OUTER_TRAINING_INNER,mpx_007,mpx_004,mpx_004,18,18,0.34750874384923747,0.7459361512137599,2302.214058103275,0,1,1,651.9999999999994,1
OUTER_TRAINING_INNER,mpx_007,mpx_004,mpx_004,19,19,0.3126596409848876,0.7135907568812598,1924.775463984314,0,1,1,526.9999999999994,1
OUTER_TRAINING_INNER,mpx_007,mpx_004,mpx_004,20,20,0.2570770781837241,0.6542078631279491,1300.2591743628093,0,1,1,635.0000000000033,1
OUTER_TRAINING_INNER,mpx_007,mpx_004,mpx_004,21,21,0.23249909403796187,0.6049173457351518,1177.139871598851,0,,0,377.99999999999926,1
OUTER_TRAINING_INNER,mpx_007,mpx_004,mpx_004,22,22,0.23143705435958845,0.5872419859343365,1279.0529108339854,0,,0,437.99999999999693,1
OUTER_TRAINING_INNER,mpx_007,mpx_004,mpx_004,23,23,0.23478160339673362,0.5671333059858144,1538.2927993689773,0,1,1,185.99999999999747,1
OUTER_TRAINING_INNER,mpx_007,mpx_004,mpx_004,24,24,0.18500279775671427,0.4912688207276411,868.60872974687,0,,0,182.99999999999815,1
OUTER_TRAINING_INNER,mpx_007,mpx_004,mpx_004,25,25,0.18528598132587462,0.47856527863294507,944.5032678775264,0,0,1,118.00000000000156,1
OUTER_TRAINING_INNER,mpx_007,mpx_004,mpx_004,26,26,0.15825602200677055,0.41546767365645876,643.0044574889538,0,0,1,72.00000000000067,1
OUTER_TRAINING_INNER,mpx_007,mpx_004,mpx_004,27,27,0.13970113217933094,0.3768526787133916,333.71047454091524,0,,0,82.00000000000408,1
OUTER_TRAINING_INNER,mpx_007,mpx_004,mpx_004,28,28,0.13748025717141854,0.3729497670306069,267.69694441445205,0,,0,17.000000000001815,1
OUTER_TRAINING_INNER,mpx_007,mpx_004,mpx_004,29,29,0.13425164860005626,0.3644465488064366,216.22216819673906,0,,0,17.000000000001815,1
OUTER_TRAINING_INNER,mpx_007,mpx_004,mpx_004,30,30,0.1472893007519172,0.38611375452637753,458.64460186436133,0,,0,0.0,1
OUTER_TRAINING_INNER,mpx_007,mpx_004,mpx_004,31,31,0.14023350569225382,0.3729928752792359,323.08808767616165,0,,0,0.0,1
OUTER_TRAINING_INNER,mpx_007,mpx_004,mpx_004,32,32,0.1335163898257525,0.360228733197021,188.60989624765259,0,,0,0.0,1
OUTER_TRAINING_INNER,mpx_007,mpx_004,mpx_004,33,33,0.13255662348747482,0.358733118913038,161.69730884201542,0,,0,0.0,1
OUTER_TRAINING_INNER,mpx_007,mpx_004,mpx_004,34,34,0.13162425751391374,0.3572749604860778,135.3844257319574,0,,0,nan,0
OUTER_TRAINING_INNER,mpx_007,mpx_004,mpx_004,35,35,0.13072569954689464,0.35586368405365826,109.87772359568882,0,,0,nan,0
OUTER_TRAINING_INNER,mpx_007,mpx_004,mpx_004,36,36,0.1298594642607536,0.3544974666062711,85.15010936663222,0,,0,nan,0
OUTER_TRAINING_INNER,mpx_007,mpx_005,mpx_005,3,3,0.8801373592623484,0.9521623074452306,10828.698380759772,1,1,1,12022.0,1
OUTER_TRAINING_INNER,mpx_007,mpx_005,mpx_005,4,4,0.8248126519420931,0.9259572146181374,9604.506757779272,1,,0,8560.000000000002,1
OUTER_TRAINING_INNER,mpx_007,mpx_005,mpx_005,5,5,0.7687226498809423,0.9048696787591146,8467.96287967058,1,1,1,8196.000000000002,1
OUTER_TRAINING_INNER,mpx_007,mpx_005,mpx_005,6,6,0.7618358986146752,0.907914613258822,8159.662447822256,1,1,1,11210.000000000002,1
OUTER_TRAINING_INNER,mpx_007,mpx_005,mpx_005,7,7,0.7188573279122712,0.8949876414790192,7398.36386532363,1,1,1,9394.999999999998,1
OUTER_TRAINING_INNER,mpx_007,mpx_005,mpx_005,8,8,0.7080244295239619,0.9074111758012913,6796.713685076568,1,1,1,11936.0,1
OUTER_TRAINING_INNER,mpx_007,mpx_005,mpx_005,9,9,0.6528757697757147,0.8838698486602176,6202.979359669514,1,1,1,8981.999999999996,1
OUTER_TRAINING_INNER,mpx_007,mpx_005,mpx_005,10,10,0.6337447977328368,0.8883245960806365,5711.473601213328,1,1,1,8682.999999999996,1
OUTER_TRAINING_INNER,mpx_007,mpx_005,mpx_005,11,11,0.5642945792943894,0.8605624761343942,4906.982793917107,1,1,1,5811.999999999996,1
OUTER_TRAINING_INNER,mpx_007,mpx_005,mpx_005,12,12,0.5301133120872639,0.8510195990638912,4450.82920196697,1,,0,4132.000000000003,1
OUTER_TRAINING_INNER,mpx_007,mpx_005,mpx_005,13,13,0.4255378534835891,0.7904571625682963,3416.093743799054,0,,0,3279.000000000004,1
OUTER_TRAINING_INNER,mpx_007,mpx_005,mpx_005,14,14,0.3622491726383089,0.7423464961443567,2729.1923975318296,0,,0,2340.000000000002,1
OUTER_TRAINING_INNER,mpx_007,mpx_005,mpx_005,15,15,0.3551630485818585,0.7360991126252029,2676.4058283213126,0,,0,1690.0000000000018,1
OUTER_TRAINING_INNER,mpx_007,mpx_005,mpx_005,16,16,0.32044450847559014,0.70942201876813,2319.423239016427,0,1,1,638.9999999999967,1
OUTER_TRAINING_INNER,mpx_007,mpx_005,mpx_005,17,17,0.2919014168914289,0.6727358715762475,2034.1896304000645,0,1,1,1306.9999999999982,1
OUTER_TRAINING_INNER,mpx_007,mpx_005,mpx_005,18,18,0.3022793590127878,0.6945189389650134,2025.6624195494262,0,,0,1289.9999999999964,1
OUTER_TRAINING_INNER,mpx_007,mpx_005,mpx_005,19,19,0.307011251924212,0.7448602400862783,1551.951490095302,0,1,1,1226.9999999999993,1
OUTER_TRAINING_INNER,mpx_007,mpx_005,mpx_005,20,20,0.26816418321547797,0.7267143644461587,979.2895542720219,0,1,1,686.0000000000031,1
OUTER_TRAINING_INNER,mpx_007,mpx_005,mpx_005,21,21,0.230937653815185,0.6705930857185541,772.1104297617206,0,1,1,319.0000000000013,1
OUTER_TRAINING_INNER,mpx_007,mpx_005,mpx_005,22,22,0.19476457266818678,0.5905359900949515,508.10542537646376,0,,0,239.00000000000244,1
OUTER_TRAINING_INNER,mpx_007,mpx_005,mpx_005,23,23,0.17814469249090456,0.530440226038394,557.3554040362613,0,,0,114.99999999999656,1
OUTER_TRAINING_INNER,mpx_007,mpx_005,mpx_005,24,24,0.16851664028994212,0.5072982520591999,425.9582844125189,0,,0,240.00000000000222,1
OUTER_TRAINING_INNER,mpx_007,mpx_005,mpx_005,25,25,0.1658936975558986,0.4897784488590827,488.4831897664319,0,,0,216.000000000002,1
OUTER_TRAINING_INNER,mpx_007,mpx_005,mpx_005,26,26,0.15971757047553167,0.4658941219292213,472.3555830221976,0,,0,178.00000000000497,1
OUTER_TRAINING_INNER,mpx_007,mpx_005,mpx_005,27,27,0.2786348001778716,0.7123325220400613,1683.9489383099458,0,0,1,0.0,1
OUTER_TRAINING_INNER,mpx_007,mpx_005,mpx_005,28,28,0.20829309977929775,0.5980488151609306,877.1296365505328,0,0,1,0.0,1
OUTER_TRAINING_INNER,mpx_007,mpx_005,mpx_005,29,29,0.15218371799590616,0.47276446006779566,72.48547011254902,0,0,1,0.0,1
OUTER_TRAINING_INNER,mpx_007,mpx_005,mpx_005,30,30,0.1510001310813999,0.4710842277058627,41.45747774186805,0,0,1,0.0,1
OUTER_TRAINING_INNER,mpx_007,mpx_005,mpx_005,31,31,0.14985996852096073,0.4694563370215214,11.371918296982244,0,0,1,0.0,1
OUTER_TRAINING_INNER,mpx_007,mpx_005,mpx_005,32,32,0.14876061784241243,0.46787793175729464,0.0,0,0,1,nan,0
OUTER_TRAINING_INNER,mpx_007,mpx_005,mpx_005,33,33,0.14770109955349783,0.4663482415520453,0.0,0,0,1,nan,0
OUTER_TRAINING_INNER,mpx_007,mpx_005,mpx_005,34,34,0.1466783016699763,0.4648636594742322,0.0,0,0,1,nan,0
OUTER_TRAINING_INNER,mpx_007,mpx_006,mpx_006,3,3,0.8774199224478458,0.9530374999848892,10871.123383888824,1,1,1,16202.000000000002,1
OUTER_TRAINING_INNER,mpx_007,mpx_006,mpx_006,4,4,0.8066490713041619,0.9255558447625153,9407.419046686746,1,,0,10009.999999999998,1
OUTER_TRAINING_INNER,mpx_007,mpx_006,mpx_006,5,5,0.7423756667101917,0.8965381346852583,8497.832449524187,1,1,1,8824.999999999998,1
OUTER_TRAINING_INNER,mpx_007,mpx_006,mpx_006,6,6,0.7252842560904278,0.9013825979258835,7830.333262828651,1,1,1,2748.0,1
OUTER_TRAINING_INNER,mpx_007,mpx_006,mpx_006,7,7,0.7297930727080556,0.9213202595399469,7314.729331879977,1,,0,6090.000000000001,1
OUTER_TRAINING_INNER,mpx_007,mpx_006,mpx_006,8,8,0.6547571654232572,0.8920546795042077,6501.362857766965,1,1,1,8053.000000000004,1
OUTER_TRAINING_INNER,mpx_007,mpx_006,mpx_006,9,9,0.6683480044548628,0.904412418629415,6387.685113453339,1,,0,10693.0,1
OUTER_TRAINING_INNER,mpx_007,mpx_006,mpx_006,10,10,0.6259128235750597,0.8697700685618994,6330.2266337840765,1,1,1,7261.000000000002,1
OUTER_TRAINING_INNER,mpx_007,mpx_006,mpx_006,11,11,0.6173525810479727,0.8907729341698353,5580.129271409292,1,1,1,5897.999999999999,1
OUTER_TRAINING_INNER,mpx_007,mpx_006,mpx_006,12,12,0.5892158867400523,0.8807592017036939,5287.653932316756,1,1,1,2806.9999999999977,1
OUTER_TRAINING_INNER,mpx_007,mpx_006,mpx_006,13,13,0.5197109630994254,0.8495978272751644,4630.368676615692,1,1,1,1639.9999999999961,1
OUTER_TRAINING_INNER,mpx_007,mpx_006,mpx_006,14,14,0.46490335874269073,0.8160585416761362,4184.45821151163,1,,0,1329.9999999999986,1
OUTER_TRAINING_INNER,mpx_007,mpx_006,mpx_006,15,15,0.43887028593597416,0.7955060918840265,4003.667644719668,1,1,1,2889.000000000002,1
OUTER_TRAINING_INNER,mpx_007,mpx_006,mpx_006,16,16,0.41801651974781173,0.7776364337813538,3840.431431394488,1,1,1,4718.000000000001,1
OUTER_TRAINING_INNER,mpx_007,mpx_006,mpx_006,17,17,0.4395410709144241,0.792173794746697,4020.1384273329086,1,1,1,4975.999999999999,1
OUTER_TRAINING_INNER,mpx_007,mpx_006,mpx_006,18,18,0.4803332883301417,0.8494174803520131,3795.1876581594756,0,,0,3559.999999999997,1
OUTER_TRAINING_INNER,mpx_007,mpx_006,mpx_006,19,19,0.38107103453214003,0.8111908921510302,2565.8881797805034,0,,0,2387.0000000000023,1
OUTER_TRAINING_INNER,mpx_007,mpx_006,mpx_006,20,20,0.30725573392074496,0.7589993942287875,1820.316159580502,0,1,1,1679.0000000000043,1
OUTER_TRAINING_INNER,mpx_007,mpx_006,mpx_006,21,21,0.35252121493251526,0.8235914628652797,1740.098916698345,0,,0,1108.0000000000036,1
OUTER_TRAINING_INNER,mpx_007,mpx_006,mpx_006,22,22,0.32257640607491156,0.8124289810466991,1338.3562234192777,0,,0,278.99999999999903,1
OUTER_TRAINING_INNER,mpx_007,mpx_006,mpx_006,23,23,0.3310130715050516,0.8343980407301128,1081.0585512935709,0,1,1,307.9999999999981,1
OUTER_TRAINING_INNER,mpx_007,mpx_006,mpx_006,24,24,0.2964272815985725,0.7528176793844557,1545.1305177583693,0,0,1,307.9999999999981,1
OUTER_TRAINING_INNER,mpx_007,mpx_006,mpx_006,25,25,0.19672237814951402,0.6201030788161146,600.5856497627858,0,,0,272.0000000000006,1
OUTER_TRAINING_INNER,mpx_007,mpx_006,mpx_006,26,26,0.2044018381200602,0.6737228058796887,160.04889515336504,0,,0,0.0,1
OUTER_TRAINING_INNER,mpx_007,mpx_006,mpx_006,27,27,0.17954641265330937,0.6302553398384685,0.0,0,,0,0.0,1
OUTER_TRAINING_INNER,mpx_007,mpx_006,mpx_006,28,28,0.15475893723853443,0.581678497842769,0.0,0,,0,0.0,1
OUTER_TRAINING_INNER,mpx_007,mpx_006,mpx_006,29,29,0.15718251774167902,0.5185028084607332,384.487090815323,0,0,1,0.0,1
OUTER_TRAINING_INNER,mpx_007,mpx_006,mpx_006,30,30,0.13992130477579812,0.4796890162161365,130.93499902188057,0,0,1,0.0,1
OUTER_TRAINING_INNER,mpx_007,mpx_006,mpx_006,31,31,0.12433048557281597,0.4412074291633313,0.0,0,0,1,0.0,1
OUTER_TRAINING_INNER,mpx_007,mpx_006,mpx_006,32,32,0.12340717776178413,0.4396371481609855,0.0,0,0,1,0.0,1
OUTER_TRAINING_INNER,mpx_007,mpx_006,mpx_006,33,33,0.12251847117841293,0.4381172082592373,0.0,0,0,1,0.0,1
OUTER_TRAINING_INNER,mpx_007,mpx_006,mpx_006,34,34,0.12165668876759086,0.4366361672599653,0.0,0,0,1,nan,0
OUTER_TRAINING_INNER,mpx_007,mpx_006,mpx_006,35,35,0.12082550424647061,0.4352001000983194,0.0,0,0,1,nan,0
OUTER_TRAINING_INNER,mpx_007,mpx_006,mpx_006,36,36,0.12002262991084488,0.43380583913618337,0.0,0,0,1,nan,0
OUTER_TRAINING_INNER,mpx_007,mpx_008,mpx_008,3,3,0.8868172172551358,0.9507873059449801,10868.148953218988,1,1,1,16309.0,1
OUTER_TRAINING_INNER,mpx_007,mpx_008,mpx_008,4,4,0.8367243439056259,0.9317987661942996,9529.310352750861,1,1,1,13634.000000000004,1
OUTER_TRAINING_INNER,mpx_007,mpx_008,mpx_008,5,5,0.7785321305933488,0.9054978548157991,8566.23702355129,1,1,1,13576.0,1
OUTER_TRAINING_INNER,mpx_007,mpx_008,mpx_008,6,6,0.7745533420081997,0.9257389870620116,7890.529617871347,1,1,1,10204.999999999996,1
OUTER_TRAINING_INNER,mpx_007,mpx_008,mpx_008,7,7,0.7267948157150084,0.9299564863018925,6744.722906581101,1,1,1,7451.999999999998,1
OUTER_TRAINING_INNER,mpx_007,mpx_008,mpx_008,8,8,0.6473138745217887,0.8830450015039956,6172.791723480646,1,1,1,6065.000000000001,1
OUTER_TRAINING_INNER,mpx_007,mpx_008,mpx_008,9,9,0.5945822010722029,0.8617768742298463,5504.852824063724,1,1,1,2917.0000000000014,1
OUTER_TRAINING_INNER,mpx_007,mpx_008,mpx_008,10,10,0.5529321878453021,0.8735630613997643,4658.202097359994,1,,0,1457.999999999998,1
OUTER_TRAINING_INNER,mpx_007,mpx_008,mpx_008,11,11,0.5067223127183389,0.8476818265406459,4265.197847259052,1,1,1,3200.999999999999,1
OUTER_TRAINING_INNER,mpx_007,mpx_008,mpx_008,12,12,0.503040151503239,0.85087301104431,4118.449627731454,1,1,1,3494.0000000000005,1
OUTER_TRAINING_INNER,mpx_007,mpx_008,mpx_008,13,13,0.5050215517402074,0.8550800900358076,4062.1424375291767,1,1,1,4109.000000000003,1
OUTER_TRAINING_INNER,mpx_007,mpx_008,mpx_008,14,14,0.5325630880085991,0.8596444874822009,4316.308677270851,1,1,1,4693.000000000001,1
OUTER_TRAINING_INNER,mpx_007,mpx_008,mpx_008,15,15,0.43865178594319887,0.791947118789448,3641.8000822026256,1,1,1,4020.0000000000005,1
OUTER_TRAINING_INNER,mpx_007,mpx_008,mpx_008,16,16,0.3717755768773916,0.7604669704972441,2865.8293441350525,0,1,1,3303.999999999998,1
OUTER_TRAINING_INNER,mpx_007,mpx_008,mpx_008,17,17,0.401124007651341,0.7613217231202556,3192.562191185195,0,,0,1000.9999999999995,1
OUTER_TRAINING_INNER,mpx_007,mpx_008,mpx_008,18,18,0.3560414315658833,0.7410481978832202,2627.33998872219,0,,0,1258.9999999999977,1
OUTER_TRAINING_INNER,mpx_007,mpx_008,mpx_008,19,19,0.2983127790075538,0.6992573860693311,1967.8450118873857,0,1,1,686.0000000000031,1
OUTER_TRAINING_INNER,mpx_007,mpx_008,mpx_008,20,20,0.2950505364851841,0.721322158607688,1742.2965402389336,0,1,1,528.999999999999,1
OUTER_TRAINING_INNER,mpx_007,mpx_008,mpx_008,21,21,0.26693354580694345,0.6984164030076577,1395.5476100261374,0,1,1,1065.000000000002,1
OUTER_TRAINING_INNER,mpx_007,mpx_008,mpx_008,22,22,0.2648271361010816,0.6544050097044991,1614.9855873463378,0,1,1,1399.0,1
OUTER_TRAINING_INNER,mpx_007,mpx_008,mpx_008,23,23,0.2497709410995513,0.6321137962584474,1462.2197846469617,0,,0,1629.0000000000043,1
OUTER_TRAINING_INNER,mpx_007,mpx_008,mpx_008,24,24,0.2909883276432008,0.6829131799827618,1803.7132530915485,0,,0,777.9999999999991,1
OUTER_TRAINING_INNER,mpx_007,mpx_008,mpx_008,25,25,0.2161621728040063,0.581911588799242,1009.813354088909,0,,0,350.9999999999997,1
OUTER_TRAINING_INNER,mpx_007,mpx_008,mpx_008,26,26,0.1907068920330544,0.5241279433201677,760.0832181386675,0,0,1,74.99999999999999,1
OUTER_TRAINING_INNER,mpx_007,mpx_008,mpx_008,27,27,0.15901954408678312,0.4690448610498214,304.23357457343315,0,0,1,13.000000000002725,1
OUTER_TRAINING_INNER,mpx_007,mpx_008,mpx_008,28,28,0.15340065640422904,0.455990034537524,215.93364449831734,0,,0,0.0,1
OUTER_TRAINING_INNER,mpx_007,mpx_008,mpx_008,29,29,0.14451090422416604,0.4351836136275998,84.7791338576635,0,,0,0.0,1
OUTER_TRAINING_INNER,mpx_007,mpx_008,mpx_008,30,30,0.13809435350677737,0.4198349230090356,0.0,0,,0,0.0,1
OUTER_TRAINING_INNER,mpx_007,mpx_008,mpx_008,31,31,0.13704943745291645,0.4181536478004458,0.0,0,,0,0.0,1
OUTER_TRAINING_INNER,mpx_007,mpx_008,mpx_008,32,32,0.1360438301853453,0.416527252410384,0.0,0,,0,0.0,1
OUTER_TRAINING_INNER,mpx_007,mpx_008,mpx_008,33,33,0.13507327627536458,0.41494994808023034,0.0,0,,0,nan,0
OUTER_TRAINING_INNER,mpx_007,mpx_008,mpx_008,34,34,0.1341359782868446,0.4134194651842597,0.0,0,,0,nan,0
OUTER_TRAINING_INNER,mpx_007,mpx_008,mpx_008,35,35,0.1332201358528333,0.41191867069650384,0.0,0,,0,nan,0
OUTER_TRAINING_INNER,mpx_007,mpx_009,mpx_009,3,3,0.882099610807843,0.9530822431304492,10885.789589173273,1,1,1,11873.0,1
OUTER_TRAINING_INNER,mpx_007,mpx_009,mpx_009,4,4,0.8278962450980151,0.9377633952596331,9418.707134935243,1,,0,8400.000000000002,1
OUTER_TRAINING_INNER,mpx_007,mpx_009,mpx_009,5,5,0.7801055407931372,0.9321593073790344,8305.153299616106,1,1,1,8474.000000000002,1
OUTER_TRAINING_INNER,mpx_007,mpx_009,mpx_009,6,6,0.7763304093931911,0.9202940904536693,8401.944713240073,1,1,1,11294.000000000002,1
OUTER_TRAINING_INNER,mpx_007,mpx_009,mpx_009,7,7,0.7118903723340827,0.8948181216145391,7457.300391280622,1,1,1,10927.999999999996,1
OUTER_TRAINING_INNER,mpx_007,mpx_009,mpx_009,8,8,0.7018934745651471,0.9083972029663978,6924.629533001487,1,1,1,11375.999999999996,1
OUTER_TRAINING_INNER,mpx_007,mpx_009,mpx_009,9,9,0.6586731976962629,0.9018923711117136,6131.339075350478,1,1,1,8141.0,1
OUTER_TRAINING_INNER,mpx_007,mpx_009,mpx_009,10,10,0.6221851952859211,0.8894340065591457,5642.867949135173,1,1,1,4396.0,1
OUTER_TRAINING_INNER,mpx_007,mpx_009,mpx_009,11,11,0.5370567507112959,0.8637008280056522,4670.146054125398,1,,0,2846.0000000000005,1
OUTER_TRAINING_INNER,mpx_007,mpx_009,mpx_009,12,12,0.49805239921930766,0.8423560711260474,4286.3074852099,1,1,1,2088.9999999999964,1
OUTER_TRAINING_INNER,mpx_007,mpx_009,mpx_009,13,13,0.45214722716368366,0.8141197839088341,3908.928274060022,1,1,1,3509.0000000000027,1
OUTER_TRAINING_INNER,mpx_007,mpx_009,mpx_009,14,14,0.4096550457696096,0.7878980134755376,3489.792814437108,1,,0,4806.000000000004,1
OUTER_TRAINING_INNER,mpx_007,mpx_009,mpx_009,15,15,0.41816915646495356,0.7709507461529204,3728.297184872058,1,,0,4282.000000000003,1
OUTER_TRAINING_INNER,mpx_007,mpx_009,mpx_009,16,16,0.42373284170444614,0.7777220951621161,3665.160089820052,0,1,1,3074.999999999999,1
OUTER_TRAINING_INNER,mpx_007,mpx_009,mpx_009,17,17,0.33238808610858606,0.7457856220623813,2453.3536851538533,0,,0,1404.9999999999986,1
OUTER_TRAINING_INNER,mpx_007,mpx_009,mpx_009,18,18,0.26809368266885747,0.6898527253202043,1779.1983892799758,0,,0,628.999999999999,1
OUTER_TRAINING_INNER,mpx_007,mpx_009,mpx_009,19,19,0.30235617707159096,0.7404240026637214,1914.1938197454178,0,1,1,902.9999999999991,1
OUTER_TRAINING_INNER,mpx_007,mpx_009,mpx_009,20,20,0.2732712041074643,0.6956477093568683,1740.0570704982383,0,,0,1315.000000000002,1
OUTER_TRAINING_INNER,mpx_007,mpx_009,mpx_009,21,21,0.2493776330130476,0.6615912313086704,1538.2628591099756,0,,0,1348.0000000000002,1
OUTER_TRAINING_INNER,mpx_007,mpx_009,mpx_009,22,22,0.2661442953704547,0.724253279728102,1248.0286375818177,0,1,1,900.9999999999995,1
OUTER_TRAINING_INNER,mpx_007,mpx_009,mpx_009,23,23,0.23479165549226666,0.6775114046247301,989.7983179331756,0,1,1,564.9999999999965,1
OUTER_TRAINING_INNER,mpx_007,mpx_009,mpx_009,24,24,0.1942264085896116,0.607431874650904,637.3697863935463,0,1,1,571.0000000000008,1
OUTER_TRAINING_INNER,mpx_007,mpx_009,mpx_009,25,25,0.21040746018637568,0.6208612706808098,859.16407131461,0,,0,274.99999999999994,1
OUTER_TRAINING_INNER,mpx_007,mpx_009,mpx_009,26,26,0.214025558677517,0.6346488434967134,818.0979164045611,0,,0,76.99999999999953,1
OUTER_TRAINING_INNER,mpx_007,mpx_009,mpx_009,27,27,0.2307079671944975,0.6566087603645325,1000.0583961715777,0,0,1,12.99999999999704,1
OUTER_TRAINING_INNER,mpx_007,mpx_009,mpx_009,28,28,0.19713987993475612,0.6086230566462073,597.4387413476567,0,0,1,0.0,1
OUTER_TRAINING_INNER,mpx_007,mpx_009,mpx_009,29,29,0.18530200236082928,0.5908163946705075,442.57827419598243,0,0,1,0.0,1
OUTER_TRAINING_INNER,mpx_007,mpx_009,mpx_009,30,30,0.16623492190147282,0.5614027088493895,176.21046302568257,0,0,1,0.0,1
OUTER_TRAINING_INNER,mpx_007,mpx_009,mpx_009,31,31,0.16487866660573852,0.5594944249591592,144.22020519178426,0,0,1,0.0,1
OUTER_TRAINING_INNER,mpx_007,mpx_009,mpx_009,32,32,0.16356320244187947,0.5576279087519329,113.02025366040155,0,0,1,0.0,1
OUTER_TRAINING_INNER,mpx_007,mpx_009,mpx_009,33,33,0.16242569954074335,0.556100734322951,84.30574207326552,0,0,1,0.0,1
OUTER_TRAINING_INNER,mpx_007,mpx_009,mpx_009,34,34,0.16132708637129967,0.5546166987132992,56.41640704606431,0,0,1,nan,0
OUTER_TRAINING_INNER,mpx_007,mpx_009,mpx_009,35,35,0.16026484898755347,0.553173240030767,29.301920037214188,0,0,1,nan,0
OUTER_TRAINING_INNER,mpx_007,mpx_009,mpx_009,36,36,0.15923754685233316,0.5517690654078453,2.93969992598187,0,0,1,nan,0
OUTER_TRAINING_INNER,mpx_007,mpx_010,mpx_010,3,3,0.8810056165017226,0.9490930438390947,11060.180069296532,1,1,1,11898.000000000002,1
OUTER_TRAINING_INNER,mpx_007,mpx_010,mpx_010,4,4,0.8254543607630752,0.9253599840827957,9735.770642361445,1,,0,8578.999999999996,1
OUTER_TRAINING_INNER,mpx_007,mpx_010,mpx_010,5,5,0.7657323595100196,0.9033589025229767,8655.781339023428,1,1,1,8547.000000000002,1
OUTER_TRAINING_INNER,mpx_007,mpx_010,mpx_010,6,6,0.765862684217475,0.9121709654551701,8340.000680762112,1,1,1,11191.0,1
OUTER_TRAINING_INNER,mpx_007,mpx_010,mpx_010,7,7,0.6992031574656186,0.8751393097550295,7572.856151560836,1,1,1,7695.0000000000055,1
OUTER_TRAINING_INNER,mpx_007,mpx_010,mpx_010,8,8,0.7050097176915231,0.9096182775140469,6870.616724693822,1,1,1,11511.999999999995,1
OUTER_TRAINING_INNER,mpx_007,mpx_010,mpx_010,9,9,0.6740979010383138,0.9039161591145759,6306.467530581955,1,1,1,7552.999999999997,1
OUTER_TRAINING_INNER,mpx_007,mpx_010,mpx_010,10,10,0.6392651720170668,0.8889102228202803,5943.937369426141,1,,0,8195.999999999998,1
OUTER_TRAINING_INNER,mpx_007,mpx_010,mpx_010,11,11,0.5909910512540909,0.8811851036343282,5157.07380753781,1,1,1,3020.0000000000005,1
OUTER_TRAINING_INNER,mpx_007,mpx_010,mpx_010,12,12,0.529521812170765,0.8532024881117051,4558.757984934217,1,,0,1836.0000000000027,1
OUTER_TRAINING_INNER,mpx_007,mpx_010,mpx_010,13,13,0.47921918106197803,0.8300789504671056,4008.9886545333034,1,1,1,1426.9999999999993,1
OUTER_TRAINING_INNER,mpx_007,mpx_010,mpx_010,14,14,0.43333577861864253,0.7885767401963253,3754.9693033624994,1,,0,2836.0000000000027,1
OUTER_TRAINING_INNER,mpx_007,mpx_010,mpx_010,15,15,0.4153872314332692,0.7691321415534174,3636.916933624301,1,1,1,4509.999999999996,1
OUTER_TRAINING_INNER,mpx_007,mpx_010,mpx_010,16,16,0.4236500277967253,0.7443235235724706,3993.7310563182077,1,1,1,4244.0,1
OUTER_TRAINING_INNER,mpx_007,mpx_010,mpx_010,17,17,0.45378430716428875,0.8264768797602541,3510.121557507396,0,,0,3041.0000000000014,1
OUTER_TRAINING_INNER,mpx_007,mpx_010,mpx_010,18,18,0.37173495654098204,0.8049558947487468,2373.193115575131,0,1,1,1336.000000000003,1
OUTER_TRAINING_INNER,mpx_007,mpx_010,mpx_010,19,19,0.3152972480085777,0.7641187920443018,1806.518512403354,0,1,1,563.9999999999967,1
OUTER_TRAINING_INNER,mpx_007,mpx_010,mpx_010,20,20,0.32775652793988536,0.7541665338194998,2106.8214816518635,0,,0,315.9999999999963,1
OUTER_TRAINING_INNER,mpx_007,mpx_010,mpx_010,21,21,0.2881222362237451,0.7160277187040704,1713.7302960283994,0,,0,161.99999999999724,1
OUTER_TRAINING_INNER,mpx_007,mpx_010,mpx_010,22,22,0.2623183960733976,0.6788565863616675,1516.5162500894749,0,1,1,772.0000000000005,1
OUTER_TRAINING_INNER,mpx_007,mpx_010,mpx_010,23,23,0.28795615206553177,0.7142819362294595,1671.6212188437123,0,1,1,1166.0000000000018,1
OUTER_TRAINING_INNER,mpx_007,mpx_010,mpx_010,24,24,0.2594818812434042,0.6832818837312112,1354.9360624469768,0,1,1,1224.9999999999998,1
OUTER_TRAINING_INNER,mpx_007,mpx_010,mpx_010,25,25,0.23578942687078927,0.6687732929352441,961.3815183415613,0,1,1,894.0000000000011,1
OUTER_TRAINING_INNER,mpx_007,mpx_010,mpx_010,26,26,0.24205999775879142,0.6985829953441117,815.6894303001507,0,,0,360.99999999999744,1
OUTER_TRAINING_INNER,mpx_007,mpx_010,mpx_010,27,27,0.2076137878394594,0.6450568152276689,484.23732576246755,0,1,1,327.99999999999926,1
OUTER_TRAINING_INNER,mpx_007,mpx_010,mpx_010,28,28,0.2141379100370179,0.6857372210416393,267.8708648097528,0,0,1,36.999999999997264,1
OUTER_TRAINING_INNER,mpx_007,mpx_010,mpx_010,29,29,0.20924101564004957,0.665272496093836,311.20933184139125,0,0,1,25.999999999999766,1
OUTER_TRAINING_INNER,mpx_007,mpx_010,mpx_010,30,30,0.19873903177555707,0.6321454173581625,322.3053209761071,0,,0,0.0,1
OUTER_TRAINING_INNER,mpx_007,mpx_010,mpx_010,31,31,0.20558779322248533,0.5475101823448246,1147.5409693557967,0,,0,0.0,1
OUTER_TRAINING_INNER,mpx_007,mpx_010,mpx_010,32,32,0.1480813222776149,0.43519785507855263,431.6724733916162,0,0,1,0.0,1
OUTER_TRAINING_INNER,mpx_007,mpx_010,mpx_010,33,33,0.10610731430752747,0.3380540484089384,0.0,0,0,1,0.0,1
OUTER_TRAINING_INNER,mpx_007,mpx_010,mpx_010,34,34,0.10413865545266142,0.3333204491278803,0.0,0,0,1,0.0,1
OUTER_TRAINING_INNER,mpx_007,mpx_010,mpx_010,35,35,0.10341540714057873,0.3319968264811594,0.0,0,0,1,0.0,1
OUTER_TRAINING_INNER,mpx_007,mpx_010,mpx_010,36,36,0.10271445090750898,0.3307091523848354,0.0,0,0,1,0.0,1
OUTER_TRAINING_INNER,mpx_007,mpx_010,mpx_010,37,37,0.1020357207630858,0.32945749579326233,0.0,0,0,1,0.0,1
OUTER_TRAINING_INNER,mpx_007,mpx_010,mpx_010,38,38,0.10137917622336458,0.32824197790728477,0.0,0,0,1,nan,0
OUTER_TRAINING_INNER,mpx_007,mpx_010,mpx_010,39,39,0.10074206659038529,0.32705819222104365,0.0,0,0,1,nan,0
OUTER_TRAINING_INNER,mpx_007,mpx_010,mpx_010,40,40,0.10011541831627661,0.3258912191228477,0.0,0,0,1,nan,0
OUTER_TRAINING_INNER,mpx_008,mpx_001,mpx_001,3,3,0.8749432901093903,0.9446467539588957,10908.468649754024,1,1,1,11143.999999999998,1
OUTER_TRAINING_INNER,mpx_008,mpx_001,mpx_001,4,4,0.8024668660304036,0.903089756599178,9561.403641508618,1,,0,8574.000000000002,1
OUTER_TRAINING_INNER,mpx_008,mpx_001,mpx_001,5,5,0.7451196226652705,0.8957787991358243,8420.741342631589,1,1,1,8540.999999999998,1
OUTER_TRAINING_INNER,mpx_008,mpx_001,mpx_001,6,6,0.7483448375840229,0.9027427949125664,8259.773468927435,1,1,1,6961.000000000002,1
OUTER_TRAINING_INNER,mpx_008,mpx_001,mpx_001,7,7,0.6980596346244223,0.8928685890484304,7351.466585654772,1,1,1,2499.9999999999995,1
OUTER_TRAINING_INNER,mpx_008,mpx_001,mpx_001,8,8,0.6821387230883489,0.9039740535749605,6811.714145116646,1,,0,6284.000000000002,1
OUTER_TRAINING_INNER,mpx_008,mpx_001,mpx_001,9,9,0.6101266551292939,0.8714704911155677,6062.042710780265,1,,0,7054.999999999997,1
OUTER_TRAINING_INNER,mpx_008,mpx_001,mpx_001,10,10,0.5571142791792371,0.8457537023923808,5546.964765315804,1,1,1,11917.0,1
OUTER_TRAINING_INNER,mpx_008,mpx_001,mpx_001,11,11,0.6133000727426741,0.8762953068644213,5802.346855243845,1,1,1,7568.0,1
OUTER_TRAINING_INNER,mpx_008,mpx_001,mpx_001,12,12,0.5618750279944013,0.8592118843569727,5257.425987545227,1,1,1,7904.000000000003,1
OUTER_TRAINING_INNER,mpx_008,mpx_001,mpx_001,13,13,0.558249033274111,0.8776633735191274,4793.404369580759,1,1,1,2673.9999999999995,1
OUTER_TRAINING_INNER,mpx_008,mpx_001,mpx_001,14,14,0.501155354919868,0.8396460800369656,4416.52571166026,1,1,1,1854.9999999999984,1
OUTER_TRAINING_INNER,mpx_008,mpx_001,mpx_001,15,15,0.4317950971552742,0.8029687992070065,3762.1144907192133,1,1,1,486.99999999999716,1
OUTER_TRAINING_INNER,mpx_008,mpx_001,mpx_001,16,16,0.40548160611475614,0.7799855333082357,3561.099449343644,1,,0,1658.0000000000034,1
OUTER_TRAINING_INNER,mpx_008,mpx_001,mpx_001,17,17,0.4054381275430925,0.7855206126310057,3475.99637118471,1,1,1,3888.000000000002,1
OUTER_TRAINING_INNER,mpx_008,mpx_001,mpx_001,18,18,0.3817194754831538,0.7689577151632813,3257.3855698158004,1,1,1,5014.000000000002,1
OUTER_TRAINING_INNER,mpx_008,mpx_001,mpx_001,19,19,0.42374609204736036,0.8082204034286291,3395.8840011985662,0,,0,4327.999999999998,1
OUTER_TRAINING_INNER,mpx_008,mpx_001,mpx_001,20,20,0.3650261442590075,0.7803682392960902,2634.1919587647403,0,1,1,2030.9999999999982,1
OUTER_TRAINING_INNER,mpx_008,mpx_001,mpx_001,21,21,0.2583936427772006,0.6630240442768621,1738.9228254951702,0,,0,1246.0000000000007,1
OUTER_TRAINING_INNER,mpx_008,mpx_001,mpx_001,22,22,0.23768605025463987,0.6333175478757901,1421.225210584481,0,,0,481.9999999999983,1
OUTER_TRAINING_INNER,mpx_008,mpx_001,mpx_001,23,23,0.21370876488123985,0.5792503321493268,1241.3774076912616,0,1,1,415.00000000000216,1
OUTER_TRAINING_INNER,mpx_008,mpx_001,mpx_001,24,24,0.18176085235291997,0.5383626498145538,754.4673520936179,0,,0,138.0000000000027,1
OUTER_TRAINING_INNER,mpx_008,mpx_001,mpx_001,25,25,0.165964223533383,0.5164678480106711,508.2454695776247,0,,0,111.00000000000315,1
OUTER_TRAINING_INNER,mpx_008,mpx_001,mpx_001,26,26,0.1620212634170824,0.5298724605624708,315.55797015280154,0,,0,81.9999999999984,1
OUTER_TRAINING_INNER,mpx_008,mpx_001,mpx_001,27,27,0.15676713442634224,0.487158956132447,379.31687773713344,0,0,1,17.999999999995904,1
OUTER_TRAINING_INNER,mpx_008,mpx_001,mpx_001,28,28,0.15345454891926377,0.4998758264899625,200.89854620480622,0,,0,17.999999999995904,1
OUTER_TRAINING_INNER,mpx_008,mpx_001,mpx_001,29,29,0.13885952636660337,0.4667246950087279,0.0,0,,0,0.0,1
OUTER_TRAINING_INNER,mpx_008,mpx_001,mpx_001,30,30,0.1301797872190217,0.4468127888608011,0.0,0,,0,0.0,1
OUTER_TRAINING_INNER,mpx_008,mpx_001,mpx_001,31,31,0.12673786725516858,0.4389984274778777,0.0,0,,0,0.0,1
OUTER_TRAINING_INNER,mpx_008,mpx_001,mpx_001,32,32,0.12579491689306413,0.43736225704635806,0.0,0,,0,0.0,1
OUTER_TRAINING_INNER,mpx_008,mpx_001,mpx_001,33,33,0.12488540558341929,0.4357756644688927,0.0,0,,0,nan,0
OUTER_TRAINING_INNER,mpx_008,mpx_001,mpx_001,34,34,0.12400746543389152,0.4342361520461825,0.0,0,,0,nan,0
OUTER_TRAINING_INNER,mpx_008,mpx_001,mpx_001,35,35,0.12315744256244611,0.43273833463770384,0.0,0,,0,nan,0
OUTER_TRAINING_INNER,mpx_008,mpx_002,mpx_002,3,3,0.8773399778776416,0.9482726160026855,10391.01060643251,1,1,1,15128.000000000002,1
OUTER_TRAINING_INNER,mpx_008,mpx_002,mpx_002,4,4,0.8090227802955557,0.9175115378817928,8991.636506391935,1,,0,15646.0,1
OUTER_TRAINING_INNER,mpx_008,mpx_002,mpx_002,5,5,0.7545944766358637,0.8975014288063787,8114.067757143452,1,1,1,15116.999999999998,1
OUTER_TRAINING_INNER,mpx_008,mpx_002,mpx_002,6,6,0.762156582239912,0.9160757580639851,7801.035731926035,1,,0,11099.999999999998,1
OUTER_TRAINING_INNER,mpx_008,mpx_002,mpx_002,7,7,0.7057336273514325,0.9281168987727672,6395.3664768459585,1,1,1,4104.999999999998,1
OUTER_TRAINING_INNER,mpx_008,mpx_002,mpx_002,8,8,0.624968847298186,0.8717868194541004,5915.651060271873,1,,0,4837.000000000002,1
OUTER_TRAINING_INNER,mpx_008,mpx_002,mpx_002,9,9,0.5690359213515306,0.8592211812533006,5207.57073572539,1,1,1,5665.000000000001,1
OUTER_TRAINING_INNER,mpx_008,mpx_002,mpx_002,10,10,0.5317165909097024,0.8293396447699889,4937.648750709487,1,1,1,5517.000000000001,1
OUTER_TRAINING_INNER,mpx_008,mpx_002,mpx_002,11,11,0.534229807667037,0.8587831998949739,4632.4878604574515,1,,0,5848.999999999999,1
OUTER_TRAINING_INNER,mpx_008,mpx_002,mpx_002,12,12,0.5614349053702326,0.9041410525354115,4349.100324749338,1,,0,4123.999999999999,1
OUTER_TRAINING_INNER,mpx_008,mpx_002,mpx_002,13,13,0.4946532136266721,0.8541153648335259,4004.240625347831,1,,0,3666.0000000000014,1
OUTER_TRAINING_INNER,mpx_008,mpx_002,mpx_002,14,14,0.4303967522840356,0.8423679259238166,3207.3887316324117,0,1,1,1594.000000000001,1
OUTER_TRAINING_INNER,mpx_008,mpx_002,mpx_002,15,15,0.4293594257922147,0.8545368552742038,3014.3717745124286,0,1,1,2349.9999999999995,1
OUTER_TRAINING_INNER,mpx_008,mpx_002,mpx_002,16,16,0.387785182458152,0.8252128576188091,2693.0646431587897,0,,0,2031.999999999998,1
OUTER_TRAINING_INNER,mpx_008,mpx_002,mpx_002,17,17,0.3625134885404025,0.8064617406949928,2459.6258360729908,0,1,1,2430.999999999998,1
OUTER_TRAINING_INNER,mpx_008,mpx_002,mpx_002,18,18,0.33797150956116473,0.7922481583223726,2099.261841171283,0,1,1,955.9999999999984,1
OUTER_TRAINING_INNER,mpx_008,mpx_002,mpx_002,19,19,0.29013178702991504,0.7640253376394095,1564.6837919215152,0,,0,909.0000000000034,1
OUTER_TRAINING_INNER,mpx_008,mpx_002,mpx_002,20,20,0.2430143593595691,0.6514680734688001,1407.62328852652,0,1,1,380.9999999999986,1
OUTER_TRAINING_INNER,mpx_008,mpx_002,mpx_002,21,21,0.21652785092898189,0.6049715323274605,1139.5237355917895,0,,0,127.99999999999929,1
OUTER_TRAINING_INNER,mpx_008,mpx_002,mpx_002,22,22,0.18626528315894428,0.535753460529575,847.1481031622689,0,1,1,326.9999999999995,1
OUTER_TRAINING_INNER,mpx_008,mpx_002,mpx_002,23,23,0.17203139391313194,0.5017042812603382,693.0204703804324,0,1,1,309.0000000000036,1
OUTER_TRAINING_INNER,mpx_008,mpx_002,mpx_002,24,24,0.19959687872592125,0.5701007932490467,902.0718254723561,0,,0,399.9999999999999,1
OUTER_TRAINING_INNER,mpx_008,mpx_002,mpx_002,25,25,0.15088917483964068,0.44632205813424547,381.157206395372,0,,0,90.99999999999635,1
OUTER_TRAINING_INNER,mpx_008,mpx_002,mpx_002,26,26,0.13176425252802734,0.40022190341935604,114.29603778592333,0,,0,129.99999999999315,1
OUTER_TRAINING_INNER,mpx_008,mpx_002,mpx_002,27,27,0.1375590667093802,0.41006880103422755,202.05563291532917,0,,0,38.99999999999681,1
OUTER_TRAINING_INNER,mpx_008,mpx_002,mpx_002,28,28,0.13772746986173268,0.41753122221727396,140.5816676757132,0,0,1,40.999999999996355,1
OUTER_TRAINING_INNER,mpx_008,mpx_002,mpx_002,29,29,0.13086296982346213,0.38838009940466445,82.2416299017182,0,0,1,1.9999999999995448,1
OUTER_TRAINING_INNER,mpx_008,mpx_002,mpx_002,30,30,0.11875277153367839,0.35799681006907375,0.0,0,0,1,1.9999999999995448,1
OUTER_TRAINING_INNER,mpx_008,mpx_002,mpx_002,31,31,0.11528427844106856,0.3522667280668545,0.0,0,0,1,0.0,1
OUTER_TRAINING_INNER,mpx_008,mpx_002,mpx_002,32,32,0.11436811839549425,0.35064313892085847,0.0,0,0,1,0.0,1
OUTER_TRAINING_INNER,mpx_008,mpx_002,mpx_002,33,33,0.11348316900515058,0.34906557658410486,0.0,0,0,1,0.0,1
OUTER_TRAINING_INNER,mpx_008,mpx_002,mpx_002,34,34,0.11267313157584577,0.3476838125388683,0.0,0,0,1,0.0,1
OUTER_TRAINING_INNER,mpx_008,mpx_002,mpx_002,35,35,0.11189213229969999,0.3463456848751843,0.0,0,0,1,nan,0
OUTER_TRAINING_INNER,mpx_008,mpx_002,mpx_002,36,36,0.11113565909777633,0.3450444072632625,0.0,0,0,1,nan,0
OUTER_TRAINING_INNER,mpx_008,mpx_002,mpx_002,37,37,0.11040317787252824,0.34377937626421795,0.0,0,0,1,nan,0
OUTER_TRAINING_INNER,mpx_008,mpx_003,mpx_003,3,3,0.8772741210791577,0.9461432868000413,10945.653868019694,1,1,1,10673.0,1
OUTER_TRAINING_INNER,mpx_008,mpx_003,mpx_003,4,4,0.8241907674638532,0.9250494417199884,9634.93840060629,1,,0,5346.0,1
OUTER_TRAINING_INNER,mpx_008,mpx_003,mpx_003,5,5,0.7648255248061316,0.8974312099863484,8707.46374161989,1,1,1,6256.0,1
OUTER_TRAINING_INNER,mpx_008,mpx_003,mpx_003,6,6,0.7722972752890807,0.9088420864338215,8571.092575372551,1,1,1,5883.999999999999,1
OUTER_TRAINING_INNER,mpx_008,mpx_003,mpx_003,7,7,0.7424973926969118,0.9008904310787548,8007.05212430376,1,1,1,4840.000000000001,1
OUTER_TRAINING_INNER,mpx_008,mpx_003,mpx_003,8,8,0.697106163259755,0.883661241604979,7349.186585775833,1,,0,8275.999999999998,1
OUTER_TRAINING_INNER,mpx_008,mpx_003,mpx_003,9,9,0.6556248381117961,0.8672280496223373,6821.260610546092,1,1,1,8792.0,1
OUTER_TRAINING_INNER,mpx_008,mpx_003,mpx_003,10,10,0.6688282036649627,0.8997360256060156,6453.011839882698,1,1,1,11184.000000000002,1
OUTER_TRAINING_INNER,mpx_008,mpx_003,mpx_003,11,11,0.6514158026924141,0.9096190268392278,5805.289332688846,1,1,1,6445.0000000000055,1
OUTER_TRAINING_INNER,mpx_008,mpx_003,mpx_003,12,12,0.5920517146728708,0.8580900388327988,5619.365731412128,1,1,1,5945.0,1
OUTER_TRAINING_INNER,mpx_008,mpx_003,mpx_003,13,13,0.557123101453161,0.8581215217299636,4976.234058795592,1,,0,2718.000000000001,1
OUTER_TRAINING_INNER,mpx_008,mpx_003,mpx_003,14,14,0.5093771079314194,0.8422563120424357,4434.314580190844,1,1,1,2317.9999999999955,1
OUTER_TRAINING_INNER,mpx_008,mpx_003,mpx_003,15,15,0.46823441001072236,0.820278038756811,4029.2935669054295,1,1,1,3454.000000000004,1
OUTER_TRAINING_INNER,mpx_008,mpx_003,mpx_003,16,16,0.44502082714109964,0.8004546930073333,3856.4914455199782,1,1,1,3705.9999999999977,1
OUTER_TRAINING_INNER,mpx_008,mpx_003,mpx_003,17,17,0.4831852636093322,0.8315621656550127,4032.4575547772715,1,1,1,2944.000000000001,1
OUTER_TRAINING_INNER,mpx_008,mpx_003,mpx_003,18,18,0.5176941076205248,0.8778182580710382,3864.2719902138456,0,,0,2873.0,1
OUTER_TRAINING_INNER,mpx_008,mpx_003,mpx_003,19,19,0.42707805245456154,0.8186771688379322,3236.871487217724,0,,0,3020.0000000000005,1
OUTER_TRAINING_INNER,mpx_008,mpx_003,mpx_003,20,20,0.3892582725199454,0.7897645322063962,2938.9195567254847,0,,0,3369.0000000000005,1
OUTER_TRAINING_INNER,mpx_008,mpx_003,mpx_003,21,21,0.3427059811554317,0.757425500348004,2413.392363004044,0,1,1,1514.9999999999964,1
OUTER_TRAINING_INNER,mpx_008,mpx_003,mpx_003,22,22,0.33621633475880996,0.8077346472523593,1749.4641781756657,0,1,1,795.0000000000009,1
OUTER_TRAINING_INNER,mpx_008,mpx_003,mpx_003,23,23,0.2899647661378526,0.7239403065935952,1662.5297908267853,0,1,1,365.0000000000022,1
OUTER_TRAINING_INNER,mpx_008,mpx_003,mpx_003,24,24,0.23300140150777898,0.6746011021203414,964.5955217088657,0,1,1,517.0000000000017,1
OUTER_TRAINING_INNER,mpx_008,mpx_003,mpx_003,25,25,0.20734286166908922,0.5776595201753089,1032.35636531925,0,1,1,536.9999999999972,1
OUTER_TRAINING_INNER,mpx_008,mpx_003,mpx_003,26,26,0.19284299312835007,0.5608621606047113,798.8766148147233,0,,0,536.9999999999972,1
OUTER_TRAINING_INNER,mpx_008,mpx_003,mpx_003,27,27,0.18211052375696737,0.523569871802081,731.4608535725266,0,1,1,154.99999999999883,1
OUTER_TRAINING_INNER,mpx_008,mpx_003,mpx_003,28,28,0.15426927207811653,0.44869289760454095,463.8663252075953,0,0,1,56.000000000004306,1
OUTER_TRAINING_INNER,mpx_008,mpx_003,mpx_003,29,29,0.14716401110335786,0.4463291638506143,254.53768606340975,0,0,1,209.00000000000358,1
OUTER_TRAINING_INNER,mpx_008,mpx_003,mpx_003,30,30,0.1432961488117618,0.392817876021045,446.48805903851144,0,0,1,228.99999999999903,1
OUTER_TRAINING_INNER,mpx_008,mpx_003,mpx_003,31,31,0.13261147915341698,0.3903596596480814,140.39305044066379,0,,0,172.99999999999474,1
OUTER_TRAINING_INNER,mpx_008,mpx_003,mpx_003,32,32,0.11823045104706635,0.39405859006398475,0.0,0,0,1,19.99999999999545,1
OUTER_TRAINING_INNER,mpx_008,mpx_003,mpx_003,33,33,0.11434147203101859,0.3803093302565159,0.0,0,,0,0.0,1
OUTER_TRAINING_INNER,mpx_008,mpx_003,mpx_003,34,34,0.11041258297504783,0.3702402854958551,0.0,0,,0,0.0,1
OUTER_TRAINING_INNER,mpx_008,mpx_003,mpx_003,35,35,0.10834674158065934,0.36502330148230533,0.0,0,,0,0.0,1
OUTER_TRAINING_INNER,mpx_008,mpx_003,mpx_003,36,36,0.10761213725220481,0.36364039158868183,0.0,0,,0,0.0,1
OUTER_TRAINING_INNER,mpx_008,mpx_003,mpx_003,37,37,0.10689933021723705,0.36229323603506275,0.0,0,,0,0.0,1
OUTER_TRAINING_INNER,mpx_008,mpx_003,mpx_003,38,38,0.10621109657959611,0.3609867501027923,0.0,0,,0,0.0,1
OUTER_TRAINING_INNER,mpx_008,mpx_003,mpx_003,39,39,0.10554239165068655,0.3597125806782583,0.0,0,,0,nan,0
OUTER_TRAINING_INNER,mpx_008,mpx_003,mpx_003,40,40,0.10489150818077991,0.3584679675515714,0.0,0,,0,nan,0
OUTER_TRAINING_INNER,mpx_008,mpx_003,mpx_003,41,41,0.10426124954227123,0.3572578775055341,0.0,0,,0,nan,0
OUTER_TRAINING_INNER,mpx_008,mpx_004,mpx_004,3,3,0.8762447689593756,0.9396187358424861,10447.950346441963,1,1,1,16319.999999999998,1
OUTER_TRAINING_INNER,mpx_008,mpx_004,mpx_004,4,4,0.7995568066580263,0.9056099610645175,8894.689150143808,1,1,1,14220.999999999998,1
OUTER_TRAINING_INNER,mpx_008,mpx_004,mpx_004,5,5,0.7982456095735779,0.9182460653004787,8558.603628398925,1,1,1,10523.000000000002,1
OUTER_TRAINING_INNER,mpx_008,mpx_004,mpx_004,6,6,0.7445150161872045,0.9011837251593356,7602.648264035764,1,1,1,4285.000000000003,1
OUTER_TRAINING_INNER,mpx_008,mpx_004,mpx_004,7,7,0.701010019767119,0.8941484868008811,6856.6456492617635,1,1,1,8679.000000000004,1
OUTER_TRAINING_INNER,mpx_008,mpx_004,mpx_004,8,8,0.6351663277990949,0.8504562665128067,6293.823031714882,1,1,1,11343.999999999998,1
OUTER_TRAINING_INNER,mpx_008,mpx_004,mpx_004,9,9,0.5982259443136859,0.828970323143117,5902.14880204232,1,,0,10434.000000000002,1
OUTER_TRAINING_INNER,mpx_008,mpx_004,mpx_004,10,10,0.6598459477537596,0.904582369084162,5744.575098473772,1,1,1,6842.0,1
OUTER_TRAINING_INNER,mpx_008,mpx_004,mpx_004,11,11,0.588856386215973,0.8723650857317892,5037.7142670499115,1,1,1,4879.000000000004,1
OUTER_TRAINING_INNER,mpx_008,mpx_004,mpx_004,12,12,0.5424246175138941,0.8428225356869183,4677.614126547344,1,1,1,4905.999999999997,1
OUTER_TRAINING_INNER,mpx_008,mpx_004,mpx_004,13,13,0.5213792610091309,0.8490004400263892,4224.989246727042,1,1,1,4575.999999999999,1
OUTER_TRAINING_INNER,mpx_008,mpx_004,mpx_004,14,14,0.42107468564306566,0.8008183105324972,3242.701921836033,0,,0,3157.9999999999973,1
OUTER_TRAINING_INNER,mpx_008,mpx_004,mpx_004,15,15,0.3495946303943198,0.7517187568702911,2559.6012964286297,0,1,1,2886.0000000000027,1
OUTER_TRAINING_INNER,mpx_008,mpx_004,mpx_004,16,16,0.4742141902856829,0.8437824780665064,3438.181825202148,0,1,1,765.0000000000022,1
OUTER_TRAINING_INNER,mpx_008,mpx_004,mpx_004,17,17,0.3663340230380145,0.7663630287782044,2592.067658404607,0,,0,753.999999999999,1
OUTER_TRAINING_INNER,mpx_008,mpx_004,mpx_004,18,18,0.3397263839653972,0.7504729123238507,2256.718639995636,0,1,1,651.9999999999994,1
OUTER_TRAINING_INNER,mpx_008,mpx_004,mpx_004,19,19,0.3050825962192529,0.717295664694515,1911.9894827494493,0,1,1,526.9999999999994,1
OUTER_TRAINING_INNER,mpx_008,mpx_004,mpx_004,20,20,0.2495601297902672,0.6551965019293478,1347.3176845327207,0,1,1,635.0000000000033,1
OUTER_TRAINING_INNER,mpx_008,mpx_004,mpx_004,21,21,0.22805722109291912,0.606727317091996,1204.999287797165,0,,0,377.99999999999926,1
OUTER_TRAINING_INNER,mpx_008,mpx_004,mpx_004,22,22,0.22929564115490528,0.5908059002295755,1279.5842678656577,0,,0,437.99999999999693,1
OUTER_TRAINING_INNER,mpx_008,mpx_004,mpx_004,23,23,0.23823970346655388,0.5781386538557269,1431.8170428796418,0,1,1,185.99999999999747,1
OUTER_TRAINING_INNER,mpx_008,mpx_004,mpx_004,24,24,0.18661246166102372,0.4970982562238319,842.497376174559,0,,0,182.99999999999815,1
OUTER_TRAINING_INNER,mpx_008,mpx_004,mpx_004,25,25,0.18744037747404307,0.482760929475362,931.3210102483372,0,0,1,118.00000000000156,1
OUTER_TRAINING_INNER,mpx_008,mpx_004,mpx_004,26,26,0.1610443367724664,0.41771120579630633,656.4096271698219,0,0,1,72.00000000000067,1
OUTER_TRAINING_INNER,mpx_008,mpx_004,mpx_004,27,27,0.14202433133761683,0.3769170352018455,383.9848947656886,0,,0,82.00000000000408,1
OUTER_TRAINING_INNER,mpx_008,mpx_004,mpx_004,28,28,0.13962792214383496,0.37239382217021705,328.7159684873882,0,,0,17.000000000001815,1
OUTER_TRAINING_INNER,mpx_008,mpx_004,mpx_004,29,29,0.13645958797843427,0.3636005120891888,281.4285286621283,0,,0,17.000000000001815,1
OUTER_TRAINING_INNER,mpx_008,mpx_004,mpx_004,30,30,0.15014169042014192,0.3862486959340009,503.1376450711372,0,,0,0.0,1
OUTER_TRAINING_INNER,mpx_008,mpx_004,mpx_004,31,31,0.14276868842071674,0.37220026789701766,382.81371292639113,0,,0,0.0,1
OUTER_TRAINING_INNER,mpx_008,mpx_004,mpx_004,32,32,0.13575328278804139,0.35854522309626646,263.51765504124717,0,,0,0.0,1
OUTER_TRAINING_INNER,mpx_008,mpx_004,mpx_004,33,33,0.1347830274183244,0.35705430016498535,237.364103071645,0,,0,0.0,1
OUTER_TRAINING_INNER,mpx_008,mpx_004,mpx_004,34,34,0.13384031315487094,0.3556006092969583,211.7945285735383,0,,0,nan,0
OUTER_TRAINING_INNER,mpx_008,mpx_004,mpx_004,35,35,0.13293175581619746,0.3541937121750563,187.00811061788283,0,,0,nan,0
OUTER_TRAINING_INNER,mpx_008,mpx_004,mpx_004,36,36,0.1320558663634074,0.3528317990212181,162.9784296357808,0,,0,nan,0
OUTER_TRAINING_INNER,mpx_008,mpx_005,mpx_005,3,3,0.879893604043033,0.9535909208504338,10545.738848376343,1,1,1,12022.0,1
OUTER_TRAINING_INNER,mpx_008,mpx_005,mpx_005,4,4,0.8254329301167675,0.9273917757419281,9373.148415333744,1,,0,8560.000000000002,1
OUTER_TRAINING_INNER,mpx_008,mpx_005,mpx_005,5,5,0.7666834575776484,0.9050814717444053,8332.17169371116,1,1,1,8196.000000000002,1
OUTER_TRAINING_INNER,mpx_008,mpx_005,mpx_005,6,6,0.7594297162941077,0.9084992518783538,8015.73881385417,1,1,1,11210.000000000002,1
OUTER_TRAINING_INNER,mpx_008,mpx_005,mpx_005,7,7,0.7156296726291611,0.8955775055825611,7274.917837143217,1,1,1,9394.999999999998,1
OUTER_TRAINING_INNER,mpx_008,mpx_005,mpx_005,8,8,0.7005412875264424,0.9078233077264705,6705.523718793456,1,1,1,11936.0,1
OUTER_TRAINING_INNER,mpx_008,mpx_005,mpx_005,9,9,0.647504455941717,0.8850053091866092,6105.294472026775,1,1,1,8981.999999999996,1
OUTER_TRAINING_INNER,mpx_008,mpx_005,mpx_005,10,10,0.6258015011872737,0.8895714524046802,5624.913998506662,1,1,1,8682.999999999996,1
OUTER_TRAINING_INNER,mpx_008,mpx_005,mpx_005,11,11,0.5561172998740337,0.8616727525743383,4849.693920412489,1,1,1,5811.999999999996,1
OUTER_TRAINING_INNER,mpx_008,mpx_005,mpx_005,12,12,0.523167348440374,0.853217581594538,4372.983105101446,1,,0,4132.000000000003,1
OUTER_TRAINING_INNER,mpx_008,mpx_005,mpx_005,13,13,0.4173924168446601,0.7909905754668033,3409.4267124589824,0,,0,3279.000000000004,1
OUTER_TRAINING_INNER,mpx_008,mpx_005,mpx_005,14,14,0.35273078668350544,0.7400456709368589,2787.7449845437764,0,,0,2340.000000000002,1
OUTER_TRAINING_INNER,mpx_008,mpx_005,mpx_005,15,15,0.34787958706373684,0.7354571093468426,2705.2826295083432,0,,0,1690.0000000000018,1
OUTER_TRAINING_INNER,mpx_008,mpx_005,mpx_005,16,16,0.314852759356941,0.7101218070626006,2331.687127414915,0,1,1,638.9999999999967,1
OUTER_TRAINING_INNER,mpx_008,mpx_005,mpx_005,17,17,0.2861476349398138,0.6712797653284948,2084.4679730240896,0,1,1,1306.9999999999982,1
OUTER_TRAINING_INNER,mpx_008,mpx_005,mpx_005,18,18,0.2961445510142666,0.6941494974006858,2062.171419250403,0,,0,1289.9999999999964,1
OUTER_TRAINING_INNER,mpx_008,mpx_005,mpx_005,19,19,0.29478137011289035,0.7439291136025795,1632.953250643493,0,1,1,1226.9999999999993,1
OUTER_TRAINING_INNER,mpx_008,mpx_005,mpx_005,20,20,0.25583384192755654,0.7264737515622591,1067.2142534749341,0,1,1,686.0000000000031,1
OUTER_TRAINING_INNER,mpx_008,mpx_005,mpx_005,21,21,0.22352277513007224,0.6730687421859531,810.5798956029764,0,1,1,319.0000000000013,1
OUTER_TRAINING_INNER,mpx_008,mpx_005,mpx_005,22,22,0.18958739807786656,0.59078379658132,572.5543034050936,0,,0,239.00000000000244,1
OUTER_TRAINING_INNER,mpx_008,mpx_005,mpx_005,23,23,0.17640916926827038,0.5317244593071607,591.9643569257722,0,,0,114.99999999999656,1
OUTER_TRAINING_INNER,mpx_008,mpx_005,mpx_005,24,24,0.16681429626111446,0.507340238231072,477.03541266120993,0,,0,240.00000000000222,1
OUTER_TRAINING_INNER,mpx_008,mpx_005,mpx_005,25,25,0.165432725291791,0.49041122077740296,524.7978184299948,0,,0,216.000000000002,1
OUTER_TRAINING_INNER,mpx_008,mpx_005,mpx_005,26,26,0.16001172215241097,0.4661403816713437,509.53491135146464,0,,0,178.00000000000497,1
OUTER_TRAINING_INNER,mpx_008,mpx_005,mpx_005,27,27,0.28139465294028343,0.725803285191338,1501.5923940835412,0,0,1,0.0,1
OUTER_TRAINING_INNER,mpx_008,mpx_005,mpx_005,28,28,0.2081442901018329,0.6048466696399252,831.7477332288422,0,0,1,0.0,1
OUTER_TRAINING_INNER,mpx_008,mpx_005,mpx_005,29,29,0.15018954264441786,0.4703260312225079,163.80604828266345,0,0,1,0.0,1
OUTER_TRAINING_INNER,mpx_008,mpx_005,mpx_005,30,30,0.14902249184662203,0.4686495887939868,133.56996678385698,0,0,1,0.0,1
OUTER_TRAINING_INNER,mpx_008,mpx_005,mpx_005,31,31,0.147898235676859,0.4670253772095695,104.2525030045625,0,0,1,0.0,1
OUTER_TRAINING_INNER,mpx_008,mpx_005,mpx_005,32,32,0.1468142046757967,0.4654505506286966,75.80504345554331,0,0,1,nan,0
OUTER_TRAINING_INNER,mpx_008,mpx_005,mpx_005,33,33,0.14576946030804414,0.4639243676930272,48.222843327431605,0,0,1,nan,0
OUTER_TRAINING_INNER,mpx_008,mpx_005,mpx_005,34,34,0.14476092435097035,0.46244321674135497,21.438952757050032,0,0,1,nan,0
OUTER_TRAINING_INNER,mpx_008,mpx_006,mpx_006,3,3,0.8768375403677371,0.9543513535751952,10605.247904676402,1,1,1,16202.000000000002,1
OUTER_TRAINING_INNER,mpx_008,mpx_006,mpx_006,4,4,0.8059744882295143,0.9266703122175528,9207.411547665713,1,,0,10009.999999999998,1
OUTER_TRAINING_INNER,mpx_008,mpx_006,mpx_006,5,5,0.7411044714331235,0.8966807970170164,8362.470125967959,1,1,1,8824.999999999998,1
OUTER_TRAINING_INNER,mpx_008,mpx_006,mpx_006,6,6,0.7229842569810595,0.9024116648640955,7686.038245593335,1,1,1,2748.0,1
OUTER_TRAINING_INNER,mpx_008,mpx_006,mpx_006,7,7,0.7223694221975696,0.9222359084389453,7186.431152834415,1,,0,6090.000000000001,1
OUTER_TRAINING_INNER,mpx_008,mpx_006,mpx_006,8,8,0.6450648777323407,0.8915150294116311,6447.649677484284,1,1,1,8053.000000000004,1
OUTER_TRAINING_INNER,mpx_008,mpx_006,mpx_006,9,9,0.657416541299562,0.90439089711189,6329.944279773644,1,,0,10693.0,1
OUTER_TRAINING_INNER,mpx_008,mpx_006,mpx_006,10,10,0.6237507578206365,0.8714512705078288,6211.280987660219,1,1,1,7261.000000000002,1
OUTER_TRAINING_INNER,mpx_008,mpx_006,mpx_006,11,11,0.6082366034856465,0.8922717004117914,5502.211992492288,1,1,1,5897.999999999999,1
OUTER_TRAINING_INNER,mpx_008,mpx_006,mpx_006,12,12,0.5812073931671066,0.882592566016457,5193.824627921442,1,1,1,2806.9999999999977,1
OUTER_TRAINING_INNER,mpx_008,mpx_006,mpx_006,13,13,0.5099427564185882,0.8498475205802044,4597.135654636737,1,1,1,1639.9999999999961,1
OUTER_TRAINING_INNER,mpx_008,mpx_006,mpx_006,14,14,0.4552175562435762,0.8147302552177556,4190.058130740034,1,,0,1329.9999999999986,1
OUTER_TRAINING_INNER,mpx_008,mpx_006,mpx_006,15,15,0.43015346192950915,0.7935017780396468,4019.8831321845387,1,1,1,2889.000000000002,1
OUTER_TRAINING_INNER,mpx_008,mpx_006,mpx_006,16,16,0.4101886065681491,0.7750696948124409,3866.512699011556,1,1,1,4718.000000000001,1
OUTER_TRAINING_INNER,mpx_008,mpx_006,mpx_006,17,17,0.4334047955914339,0.7915528634044309,4005.5330299768866,1,1,1,4975.999999999999,1
OUTER_TRAINING_INNER,mpx_008,mpx_006,mpx_006,18,18,0.4709142770998278,0.8521206542469252,3725.469842682646,0,,0,3559.999999999997,1
OUTER_TRAINING_INNER,mpx_008,mpx_006,mpx_006,19,19,0.3683372629122646,0.8128445426496695,2566.5032396358574,0,,0,2387.0000000000023,1
OUTER_TRAINING_INNER,mpx_008,mpx_006,mpx_006,20,20,0.2938928347060703,0.7578014012636489,1888.148575484524,0,1,1,1679.0000000000043,1
OUTER_TRAINING_INNER,mpx_008,mpx_006,mpx_006,21,21,0.3349177199919347,0.8250942233537533,1780.9361626704722,0,,0,1108.0000000000036,1
OUTER_TRAINING_INNER,mpx_008,mpx_006,mpx_006,22,22,0.3063124186378591,0.8153962700234577,1354.7602906135735,0,,0,278.99999999999903,1
OUTER_TRAINING_INNER,mpx_008,mpx_006,mpx_006,23,23,0.3127871767897325,0.8382646617670036,1095.6487800020946,0,1,1,307.9999999999981,1
OUTER_TRAINING_INNER,mpx_008,mpx_006,mpx_006,24,24,0.29810875838174583,0.7675128818130718,1353.9601773642821,0,0,1,307.9999999999981,1
OUTER_TRAINING_INNER,mpx_008,mpx_006,mpx_006,25,25,0.19568529246971136,0.6289339832671451,552.3204701084768,0,,0,272.0000000000006,1
OUTER_TRAINING_INNER,mpx_008,mpx_006,mpx_006,26,26,0.19633040185922435,0.6768449621705828,227.21959727640612,0,,0,0.0,1
OUTER_TRAINING_INNER,mpx_008,mpx_006,mpx_006,27,27,0.17154896870687908,0.6301586925711463,0.0,0,,0,0.0,1
OUTER_TRAINING_INNER,mpx_008,mpx_006,mpx_006,28,28,0.14690678462772302,0.5778326426453542,0.0,0,,0,0.0,1
OUTER_TRAINING_INNER,mpx_008,mpx_006,mpx_006,29,29,0.15718134924455354,0.5221286737751538,392.6176490995785,0,0,1,0.0,1
OUTER_TRAINING_INNER,mpx_008,mpx_006,mpx_006,30,30,0.13938193655706568,0.48043363219614027,176.8726159611258,0,0,1,0.0,1
OUTER_TRAINING_INNER,mpx_008,mpx_006,mpx_006,31,31,0.1233574869112536,0.4390981003519678,0.0,0,0,1,0.0,1
OUTER_TRAINING_INNER,mpx_008,mpx_006,mpx_006,32,32,0.12244167223282346,0.43753215898353637,0.0,0,0,1,0.0,1
OUTER_TRAINING_INNER,mpx_008,mpx_006,mpx_006,33,33,0.12156019267326647,0.43601646866321103,0.0,0,0,1,0.0,1
OUTER_TRAINING_INNER,mpx_008,mpx_006,mpx_006,34,34,0.12070535237884732,0.43453950688596676,0.0,0,0,1,nan,0
OUTER_TRAINING_INNER,mpx_008,mpx_006,mpx_006,35,35,0.11988087834918956,0.43310744107251686,0.0,0,0,1,nan,0
OUTER_TRAINING_INNER,mpx_008,mpx_006,mpx_006,36,36,0.1190844941751101,0.4317171006069388,0.0,0,0,1,nan,0
OUTER_TRAINING_INNER,mpx_008,mpx_007,mpx_007,3,3,0.8606578911659192,0.9444683175099597,10019.96514332171,1,1,1,9875.999999999998,1
OUTER_TRAINING_INNER,mpx_008,mpx_007,mpx_007,4,4,0.8097073526259921,0.9308942153698736,8862.305565249306,1,1,1,13190.000000000002,1
OUTER_TRAINING_INNER,mpx_008,mpx_007,mpx_007,5,5,0.7946949906272186,0.9270336443416354,8386.010361709368,1,1,1,8086.999999999998,1
OUTER_TRAINING_INNER,mpx_008,mpx_007,mpx_007,6,6,0.7333041319736705,0.907122863770755,7458.494823022285,1,1,1,7104.000000000004,1
OUTER_TRAINING_INNER,mpx_008,mpx_007,mpx_007,7,7,0.6891030719059079,0.8885482740057692,6820.264073259024,1,1,1,7542.0,1
OUTER_TRAINING_INNER,mpx_008,mpx_007,mpx_007,8,8,0.6269886265330407,0.860082589643897,6127.5168234779,1,1,1,8043.0,1
OUTER_TRAINING_INNER,mpx_008,mpx_007,mpx_007,9,9,0.6175869197748991,0.8659238733473404,5869.558332633394,1,1,1,8152.999999999997,1
OUTER_TRAINING_INNER,mpx_008,mpx_007,mpx_007,10,10,0.5850092048498734,0.8839197277106063,4975.283900565945,1,1,1,3253.999999999998,1
OUTER_TRAINING_INNER,mpx_008,mpx_007,mpx_007,11,11,0.5257267571549117,0.8532465585133416,4431.360911932494,1,1,1,4397.0,1
OUTER_TRAINING_INNER,mpx_008,mpx_007,mpx_007,12,12,0.47168961955080707,0.8336576406833464,3806.498754170305,1,1,1,2961.0000000000027,1
OUTER_TRAINING_INNER,mpx_008,mpx_007,mpx_007,13,13,0.44502294435713124,0.8089501024202135,3631.571607379703,1,1,1,3321.0,1
OUTER_TRAINING_INNER,mpx_008,mpx_007,mpx_007,14,14,0.471860724547039,0.8207975479068694,3807.5905615907154,0,,0,880.9999999999984,1
OUTER_TRAINING_INNER,mpx_008,mpx_007,mpx_007,15,15,0.42358052011461594,0.783101245857656,3403.1303788177056,0,1,1,2508.9999999999973,1
OUTER_TRAINING_INNER,mpx_008,mpx_007,mpx_007,16,16,0.37280830675502674,0.7654581098888283,2763.7153870738994,0,,0,2801.999999999999,1
OUTER_TRAINING_INNER,mpx_008,mpx_007,mpx_007,17,17,0.42062664784212955,0.8164150278765949,3000.0080644349814,0,,0,2894.000000000001,1
OUTER_TRAINING_INNER,mpx_008,mpx_007,mpx_007,18,18,0.344314041762509,0.7864894255843062,2072.263540197476,0,1,1,1149.0,1
OUTER_TRAINING_INNER,mpx_008,mpx_007,mpx_007,19,19,0.2847889734021003,0.7719074084764039,1189.8788119218723,0,1,1,733.0000000000038,1
OUTER_TRAINING_INNER,mpx_008,mpx_007,mpx_007,20,20,0.27623830346709494,0.7395600421168856,1267.0343797835767,0,1,1,622.0000000000006,1
OUTER_TRAINING_INNER,mpx_008,mpx_007,mpx_007,21,21,0.26737883120081096,0.7223881680849334,1203.1261000374736,0,1,1,631.9999999999983,1
OUTER_TRAINING_INNER,mpx_008,mpx_007,mpx_007,22,22,0.2184795064852327,0.6259944599253928,860.8442063923898,0,,0,163.9999999999968,1
OUTER_TRAINING_INNER,mpx_008,mpx_007,mpx_007,23,23,0.20655870060838177,0.6356742867093447,553.5657563048894,0,1,1,419.00000000000125,1
OUTER_TRAINING_INNER,mpx_008,mpx_007,mpx_007,24,24,0.18629502496606856,0.5795199627309662,425.68501477052274,0,,0,439.0000000000024,1
OUTER_TRAINING_INNER,mpx_008,mpx_007,mpx_007,25,25,0.1761436006120075,0.5218258884440358,490.72444581766536,0,,0,336.0000000000031,1
OUTER_TRAINING_INNER,mpx_008,mpx_007,mpx_007,26,26,0.1524596452948699,0.4675062717698519,181.84031782928054,0,0,1,119.00000000000134,1
OUTER_TRAINING_INNER,mpx_008,mpx_007,mpx_007,27,27,0.14363946372147263,0.43455640371652093,107.32053113930375,0,,0,71.0000000000009,1
OUTER_TRAINING_INNER,mpx_008,mpx_007,mpx_007,28,28,0.14142434642864476,0.43495970653768184,24.594637626822376,0,0,1,54.99999999999885,1
OUTER_TRAINING_INNER,mpx_008,mpx_007,mpx_007,29,29,0.1376517656015496,0.4125179785891022,30.146669235826764,0,,0,0.0,1
OUTER_TRAINING_INNER,mpx_008,mpx_007,mpx_007,30,30,0.13080478499129275,0.39577562072794864,0.0,0,,0,0.0,1
OUTER_TRAINING_INNER,mpx_008,mpx_007,mpx_007,31,31,0.12680482977058785,0.3859907281009036,0.0,0,,0,0.0,1
OUTER_TRAINING_INNER,mpx_008,mpx_007,mpx_007,32,32,0.12586493995748335,0.38440907830866416,0.0,0,,0,0.0,1
OUTER_TRAINING_INNER,mpx_008,mpx_007,mpx_007,33,33,0.124956548939636,0.3828736626349526,0.0,0,,0,nan,0
OUTER_TRAINING_INNER,mpx_008,mpx_007,mpx_007,34,34,0.12408045514675992,0.3813860112794216,0.0,0,,0,nan,0
OUTER_TRAINING_INNER,mpx_008,mpx_007,mpx_007,35,35,0.12321315962045694,0.37991025567440195,0.0,0,,0,nan,0
OUTER_TRAINING_INNER,mpx_008,mpx_009,mpx_009,3,3,0.8811004792285663,0.9541877956249384,10615.488373221582,1,1,1,11873.0,1
OUTER_TRAINING_INNER,mpx_008,mpx_009,mpx_009,4,4,0.8254635502730233,0.9386737076897971,9214.706770956089,1,,0,8400.000000000002,1
OUTER_TRAINING_INNER,mpx_008,mpx_009,mpx_009,5,5,0.7730250951931993,0.9322524782895784,8195.185745867939,1,1,1,8474.000000000002,1
OUTER_TRAINING_INNER,mpx_008,mpx_009,mpx_009,6,6,0.7738344836072754,0.9211115799872793,8231.290432221578,1,1,1,11294.000000000002,1
OUTER_TRAINING_INNER,mpx_008,mpx_009,mpx_009,7,7,0.7087500168817324,0.8956096865446467,7325.055714511618,1,1,1,10927.999999999996,1
OUTER_TRAINING_INNER,mpx_008,mpx_009,mpx_009,8,8,0.6949161523573721,0.9087249225186061,6827.338957180732,1,1,1,11375.999999999996,1
OUTER_TRAINING_INNER,mpx_008,mpx_009,mpx_009,9,9,0.6499141213808547,0.9026174997667404,6046.598647552674,1,1,1,8141.0,1
OUTER_TRAINING_INNER,mpx_008,mpx_009,mpx_009,10,10,0.614236025136278,0.8906692074444383,5547.503429424505,1,1,1,4396.0,1
OUTER_TRAINING_INNER,mpx_008,mpx_009,mpx_009,11,11,0.5247559155034185,0.8630599947723039,4674.56141403971,1,,0,2846.0000000000005,1
OUTER_TRAINING_INNER,mpx_008,mpx_009,mpx_009,12,12,0.4870668365021846,0.8418917544061247,4292.445622966317,1,1,1,2088.9999999999964,1
OUTER_TRAINING_INNER,mpx_008,mpx_009,mpx_009,13,13,0.44121535955281843,0.8121879617238337,3956.2007945299883,1,1,1,3509.0000000000027,1
OUTER_TRAINING_INNER,mpx_008,mpx_009,mpx_009,14,14,0.3986067425468805,0.7846980352178823,3570.466760367919,1,,0,4806.000000000004,1
OUTER_TRAINING_INNER,mpx_008,mpx_009,mpx_009,15,15,0.41210712022851315,0.7693512346993171,3752.3977463184337,1,,0,4282.000000000003,1
OUTER_TRAINING_INNER,mpx_008,mpx_009,mpx_009,16,16,0.4204307856061252,0.77998657845812,3604.6458484740533,0,1,1,3074.999999999999,1
OUTER_TRAINING_INNER,mpx_008,mpx_009,mpx_009,17,17,0.32450713003209425,0.7462489817453208,2473.879176248776,0,,0,1404.9999999999986,1
OUTER_TRAINING_INNER,mpx_008,mpx_009,mpx_009,18,18,0.2600843742653741,0.6875066470369974,1861.8523074361754,0,,0,628.999999999999,1
OUTER_TRAINING_INNER,mpx_008,mpx_009,mpx_009,19,19,0.29315474539977004,0.7405017656912884,1957.1149120128262,0,1,1,902.9999999999991,1
OUTER_TRAINING_INNER,mpx_008,mpx_009,mpx_009,20,20,0.26626137239011655,0.6950580114661151,1793.1750892389496,0,,0,1315.000000000002,1
OUTER_TRAINING_INNER,mpx_008,mpx_009,mpx_009,21,21,0.2430590231970423,0.6595921386221151,1614.820444639304,0,,0,1348.0000000000002,1
OUTER_TRAINING_INNER,mpx_008,mpx_009,mpx_009,22,22,0.2569527676698335,0.7261387451033762,1282.5709213509474,0,1,1,900.9999999999995,1
OUTER_TRAINING_INNER,mpx_008,mpx_009,mpx_009,23,23,0.22849398737892226,0.6801800061234865,1007.8642472112226,0,1,1,564.9999999999965,1
OUTER_TRAINING_INNER,mpx_008,mpx_009,mpx_009,24,24,0.1891445727007202,0.6072789361332529,703.0714490964164,0,1,1,571.0000000000008,1
OUTER_TRAINING_INNER,mpx_008,mpx_009,mpx_009,25,25,0.20785494293069887,0.6255501554640484,837.794243500952,0,,0,274.99999999999994,1
OUTER_TRAINING_INNER,mpx_008,mpx_009,mpx_009,26,26,0.21060460809150086,0.6387568227758248,807.6885825233735,0,,0,76.99999999999953,1
OUTER_TRAINING_INNER,mpx_008,mpx_009,mpx_009,27,27,0.2267650337035104,0.659946797382751,994.6742090592795,0,0,1,12.99999999999704,1
OUTER_TRAINING_INNER,mpx_008,mpx_009,mpx_009,28,28,0.19333795913185195,0.610548118114847,626.3490310025516,0,0,1,0.0,1
OUTER_TRAINING_INNER,mpx_008,mpx_009,mpx_009,29,29,0.18134171650877626,0.5914766217617596,493.72362213184266,0,0,1,0.0,1
OUTER_TRAINING_INNER,mpx_008,mpx_009,mpx_009,30,30,0.16195217630572717,0.559702829780694,268.35617990686944,0,0,1,0.0,1
OUTER_TRAINING_INNER,mpx_008,mpx_009,mpx_009,31,31,0.16062380612986296,0.5577709387895418,237.49679696837921,0,0,1,0.0,1
OUTER_TRAINING_INNER,mpx_008,mpx_009,mpx_009,32,32,0.1593353154928808,0.5558807311040339,207.40645511066484,0,0,1,0.0,1
OUTER_TRAINING_INNER,mpx_008,mpx_009,mpx_009,33,33,0.15822436521047217,0.5543532342442621,179.47418747057233,0,0,1,0.0,1
OUTER_TRAINING_INNER,mpx_008,mpx_009,mpx_009,34,34,0.15715143917019087,0.5528688990892074,152.3446636744927,0,0,1,nan,0
OUTER_TRAINING_INNER,mpx_008,mpx_009,mpx_009,35,35,0.1561140760239008,0.5514251601519795,125.96892714185171,0,0,1,nan,0
OUTER_TRAINING_INNER,mpx_008,mpx_009,mpx_009,36,36,0.15511087570530127,0.55002073497846,100.32497846213278,0,0,1,nan,0
OUTER_TRAINING_INNER,mpx_008,mpx_010,mpx_010,3,3,0.8813471631118641,0.9503690788368863,10773.2269279206,1,1,1,11898.000000000002,1
OUTER_TRAINING_INNER,mpx_008,mpx_010,mpx_010,4,4,0.8260337328310453,0.9264655000165359,9506.437049422228,1,,0,8578.999999999996,1
OUTER_TRAINING_INNER,mpx_008,mpx_010,mpx_010,5,5,0.7641805529136356,0.9034685012921535,8513.35592916938,1,1,1,8547.000000000002,1
OUTER_TRAINING_INNER,mpx_008,mpx_010,mpx_010,6,6,0.7631022929270486,0.9127523255541763,8187.090974597064,1,1,1,11191.0,1
OUTER_TRAINING_INNER,mpx_008,mpx_010,mpx_010,7,7,0.6989143814308205,0.8756201174488702,7437.528447803733,1,1,1,7695.0000000000055,1
OUTER_TRAINING_INNER,mpx_008,mpx_010,mpx_010,8,8,0.6964892502482923,0.9098529547663678,6781.653347020791,1,1,1,11511.999999999995,1
OUTER_TRAINING_INNER,mpx_008,mpx_010,mpx_010,9,9,0.6659887905169598,0.905005187908469,6199.3228008099595,1,1,1,7552.999999999997,1
OUTER_TRAINING_INNER,mpx_008,mpx_010,mpx_010,10,10,0.6302708796219546,0.8892915005127273,5876.055098776225,1,,0,8195.999999999998,1
OUTER_TRAINING_INNER,mpx_008,mpx_010,mpx_010,11,11,0.5808649259270555,0.8823929698337685,5086.942451907747,1,1,1,3020.0000000000005,1
OUTER_TRAINING_INNER,mpx_008,mpx_010,mpx_010,12,12,0.5179452564393588,0.8530684767877393,4547.2491275122975,1,,0,1836.0000000000027,1
OUTER_TRAINING_INNER,mpx_008,mpx_010,mpx_010,13,13,0.4661117941765079,0.8284752936250624,4046.704704839196,1,1,1,1426.9999999999993,1
OUTER_TRAINING_INNER,mpx_008,mpx_010,mpx_010,14,14,0.4227977147986172,0.7856998904219517,3813.908585486249,1,,0,2836.0000000000027,1
OUTER_TRAINING_INNER,mpx_008,mpx_010,mpx_010,15,15,0.40638048204427424,0.7658782221489021,3697.635809444694,1,1,1,4509.999999999996,1
OUTER_TRAINING_INNER,mpx_008,mpx_010,mpx_010,16,16,0.4216958722438362,0.7429009982268138,3984.2234354708125,1,1,1,4244.0,1
OUTER_TRAINING_INNER,mpx_008,mpx_010,mpx_010,17,17,0.4440789946625017,0.8282856042630555,3468.490205530763,0,,0,3041.0000000000014,1
OUTER_TRAINING_INNER,mpx_008,mpx_010,mpx_010,18,18,0.35674087570687507,0.8051853515968298,2414.9244073221194,0,1,1,1336.000000000003,1
OUTER_TRAINING_INNER,mpx_008,mpx_010,mpx_010,19,19,0.30031975242754544,0.7622674483924387,1900.7645708449415,0,1,1,563.9999999999967,1
OUTER_TRAINING_INNER,mpx_008,mpx_010,mpx_010,20,20,0.31786433271760606,0.7550243143879316,2125.077695721862,0,,0,315.9999999999963,1
OUTER_TRAINING_INNER,mpx_008,mpx_010,mpx_010,21,21,0.27874645803681575,0.715553708266962,1770.1218983118092,0,,0,161.99999999999724,1
OUTER_TRAINING_INNER,mpx_008,mpx_010,mpx_010,22,22,0.25383847400274373,0.6766679524237904,1598.968373856541,0,1,1,772.0000000000005,1
OUTER_TRAINING_INNER,mpx_008,mpx_010,mpx_010,23,23,0.2800085807693374,0.7151953328013717,1700.682415505513,0,1,1,1166.0000000000018,1
OUTER_TRAINING_INNER,mpx_008,mpx_010,mpx_010,24,24,0.2512238086813884,0.6822121587584901,1424.2752005421044,0,1,1,1224.9999999999998,1
OUTER_TRAINING_INNER,mpx_008,mpx_010,mpx_010,25,25,0.22755682857010995,0.6683940355247693,1027.5262227942728,0,1,1,894.0000000000011,1
OUTER_TRAINING_INNER,mpx_008,mpx_010,mpx_010,26,26,0.233490808665322,0.7013456410585969,837.6415118643773,0,,0,360.99999999999744,1
OUTER_TRAINING_INNER,mpx_008,mpx_010,mpx_010,27,27,0.19988923448982462,0.6455308258919914,549.7023652715733,0,1,1,327.99999999999926,1
OUTER_TRAINING_INNER,mpx_008,mpx_010,mpx_010,28,28,0.20386413971912679,0.6870776456213167,336.0229015743445,0,0,1,36.999999999997264,1
OUTER_TRAINING_INNER,mpx_008,mpx_010,mpx_010,29,29,0.20011431818458353,0.6659385513909193,382.6655052957437,0,0,1,25.999999999999766,1
OUTER_TRAINING_INNER,mpx_008,mpx_010,mpx_010,30,30,0.19162948119479042,0.6327607825968466,387.9561386849259,0,,0,0.0,1
OUTER_TRAINING_INNER,mpx_008,mpx_010,mpx_010,31,31,0.2129704096834446,0.5614203384356216,960.8995819870202,0,,0,0.0,1
OUTER_TRAINING_INNER,mpx_008,mpx_010,mpx_010,32,32,0.15248208005614314,0.44213197911230906,360.16646031637435,0,0,1,0.0,1
OUTER_TRAINING_INNER,mpx_008,mpx_010,mpx_010,33,33,0.10800568042754222,0.3376394626130218,0.0,0,0,1,0.0,1
OUTER_TRAINING_INNER,mpx_008,mpx_010,mpx_010,34,34,0.10596313245293681,0.3326609867918385,0.0,0,0,1,0.0,1
OUTER_TRAINING_INNER,mpx_008,mpx_010,mpx_010,35,35,0.10523016324872353,0.3313395169505025,0.0,0,0,1,0.0,1
OUTER_TRAINING_INNER,mpx_008,mpx_010,mpx_010,36,36,0.10451972181797502,0.3300538963194835,0.0,0,0,1,0.0,1
OUTER_TRAINING_INNER,mpx_008,mpx_010,mpx_010,37,37,0.10383176531970865,0.3288042222830483,0.0,0,0,1,0.0,1
OUTER_TRAINING_INNER,mpx_008,mpx_010,mpx_010,38,38,0.10316627516471195,0.3275906427672975,0.0,0,0,1,nan,0
OUTER_TRAINING_INNER,mpx_008,mpx_010,mpx_010,39,39,0.10252044281983475,0.3264087260154314,0.0,0,0,1,nan,0
OUTER_TRAINING_INNER,mpx_008,mpx_010,mpx_010,40,40,0.10188505571603058,0.32524340955797887,0.0,0,0,1,nan,0
OUTER_TRAINING_INNER,mpx_009,mpx_001,mpx_001,3,3,0.8747942151560991,0.945918602316555,11134.043426649956,1,1,1,11143.999999999998,1
OUTER_TRAINING_INNER,mpx_009,mpx_001,mpx_001,4,4,0.7992198100835906,0.9096263368388121,9710.786657130397,1,,0,8574.000000000002,1
OUTER_TRAINING_INNER,mpx_009,mpx_001,mpx_001,5,5,0.744399832577363,0.9049098467686807,8525.02989175498,1,1,1,8540.999999999998,1
OUTER_TRAINING_INNER,mpx_009,mpx_001,mpx_001,6,6,0.7479626312883996,0.910484245745,8360.80118360185,1,1,1,6961.000000000002,1
OUTER_TRAINING_INNER,mpx_009,mpx_001,mpx_001,7,7,0.6984086706464206,0.9024453580866005,7420.693160464096,1,1,1,2499.9999999999995,1
OUTER_TRAINING_INNER,mpx_009,mpx_001,mpx_001,8,8,0.6831098708363068,0.91458762787305,6841.944823285116,1,,0,6284.000000000002,1
OUTER_TRAINING_INNER,mpx_009,mpx_001,mpx_001,9,9,0.6102878274204913,0.8880470749604233,6057.0255699312465,1,,0,7054.999999999997,1
OUTER_TRAINING_INNER,mpx_009,mpx_001,mpx_001,10,10,0.5565223255528151,0.8681364390907645,5516.488947855448,1,1,1,11917.0,1
OUTER_TRAINING_INNER,mpx_009,mpx_001,mpx_001,11,11,0.6136724449778617,0.8878646318832727,5822.187619007284,1,1,1,7568.0,1
OUTER_TRAINING_INNER,mpx_009,mpx_001,mpx_001,12,12,0.562398021665153,0.8759604753418458,5241.347890318415,1,1,1,7904.000000000003,1
OUTER_TRAINING_INNER,mpx_009,mpx_001,mpx_001,13,13,0.5617583456774925,0.8888824289473828,4791.89706516831,1,1,1,2673.9999999999995,1
OUTER_TRAINING_INNER,mpx_009,mpx_001,mpx_001,14,14,0.5013785042165999,0.859302431903352,4379.039701322384,1,1,1,1854.9999999999984,1
OUTER_TRAINING_INNER,mpx_009,mpx_001,mpx_001,15,15,0.432269426042323,0.8299811884192373,3698.3974251157615,1,1,1,486.99999999999716,1
OUTER_TRAINING_INNER,mpx_009,mpx_001,mpx_001,16,16,0.40524372756120286,0.8110504633808787,3488.1127503041307,1,,0,1658.0000000000034,1
OUTER_TRAINING_INNER,mpx_009,mpx_001,mpx_001,17,17,0.4055818333875595,0.8155834369187133,3398.5807173638386,1,1,1,3888.000000000002,1
OUTER_TRAINING_INNER,mpx_009,mpx_001,mpx_001,18,18,0.38160870922603757,0.8031464794885537,3166.4847981241674,1,1,1,5014.000000000002,1
OUTER_TRAINING_INNER,mpx_009,mpx_001,mpx_001,19,19,0.42550034501875456,0.8286140757283995,3362.192612904535,0,,0,4327.999999999998,1
OUTER_TRAINING_INNER,mpx_009,mpx_001,mpx_001,20,20,0.36965899568034305,0.7970441299879286,2645.3901834778703,0,1,1,2030.9999999999982,1
OUTER_TRAINING_INNER,mpx_009,mpx_001,mpx_001,21,21,0.26000493334757074,0.6981778278337276,1714.210477490858,0,,0,1246.0000000000007,1
OUTER_TRAINING_INNER,mpx_009,mpx_001,mpx_001,22,22,0.2393110923080397,0.6638592538273337,1432.0407809356689,0,,0,481.9999999999983,1
OUTER_TRAINING_INNER,mpx_009,mpx_001,mpx_001,23,23,0.2139505401590387,0.6149342595990112,1243.9400659421608,0,1,1,415.00000000000216,1
OUTER_TRAINING_INNER,mpx_009,mpx_001,mpx_001,24,24,0.18238509869405148,0.5777487317774687,753.2903823500283,0,,0,138.0000000000027,1
OUTER_TRAINING_INNER,mpx_009,mpx_001,mpx_001,25,25,0.1665550061490277,0.5612116773376538,487.29030354717895,0,,0,111.00000000000315,1
OUTER_TRAINING_INNER,mpx_009,mpx_001,mpx_001,26,26,0.16366888340981886,0.5733449442728882,291.07145165724194,0,,0,81.9999999999984,1
OUTER_TRAINING_INNER,mpx_009,mpx_001,mpx_001,27,27,0.1574051537607557,0.529228046357847,363.10187226827315,0,0,1,17.999999999995904,1
OUTER_TRAINING_INNER,mpx_009,mpx_001,mpx_001,28,28,0.15467048267226638,0.5418907890837359,182.5684715305997,0,,0,17.999999999995904,1
OUTER_TRAINING_INNER,mpx_009,mpx_001,mpx_001,29,29,0.13997651503862052,0.5116900208747627,0.0,0,,0,0.0,1
OUTER_TRAINING_INNER,mpx_009,mpx_001,mpx_001,30,30,0.13108816629764952,0.49513522690107525,0.0,0,,0,0.0,1
OUTER_TRAINING_INNER,mpx_009,mpx_001,mpx_001,31,31,0.12757547812396794,0.48845893893166586,0.0,0,,0,0.0,1
OUTER_TRAINING_INNER,mpx_009,mpx_001,mpx_001,32,32,0.12662627025459186,0.48688253772929607,0.0,0,,0,0.0,1
OUTER_TRAINING_INNER,mpx_009,mpx_001,mpx_001,33,33,0.12571071606835182,0.4853528876715504,0.0,0,,0,nan,0
OUTER_TRAINING_INNER,mpx_009,mpx_001,mpx_001,34,34,0.12482693610977524,0.4838676702978396,0.0,0,,0,nan,0
OUTER_TRAINING_INNER,mpx_009,mpx_001,mpx_001,35,35,0.12397125277160526,0.4824217546766931,0.0,0,,0,nan,0
OUTER_TRAINING_INNER,mpx_009,mpx_002,mpx_002,3,3,0.8767956968129571,0.9499525094882317,10606.978766217257,1,1,1,15128.000000000002,1
OUTER_TRAINING_INNER,mpx_009,mpx_002,mpx_002,4,4,0.8070251874094221,0.9230497314428835,9143.87880327375,1,,0,15646.0,1
OUTER_TRAINING_INNER,mpx_009,mpx_002,mpx_002,5,5,0.7522319358096836,0.9083597681168767,8212.902744416026,1,1,1,15116.999999999998,1
OUTER_TRAINING_INNER,mpx_009,mpx_002,mpx_002,6,6,0.7608471684958282,0.922967666352004,7896.986319127795,1,,0,11099.999999999998,1
OUTER_TRAINING_INNER,mpx_009,mpx_002,mpx_002,7,7,0.7101466050169227,0.9331885118294891,6458.331781597691,1,1,1,4104.999999999998,1
OUTER_TRAINING_INNER,mpx_009,mpx_002,mpx_002,8,8,0.6239790777204025,0.8849256045944571,5968.870987395612,1,,0,4837.000000000002,1
OUTER_TRAINING_INNER,mpx_009,mpx_002,mpx_002,9,9,0.5695548426021397,0.8771402978269909,5219.111350743278,1,1,1,5665.000000000001,1
OUTER_TRAINING_INNER,mpx_009,mpx_002,mpx_002,10,10,0.5293083535569435,0.8545178146028342,4927.0160620486795,1,1,1,5517.000000000001,1
OUTER_TRAINING_INNER,mpx_009,mpx_002,mpx_002,11,11,0.5343643294491754,0.8811212744836581,4594.7459527278215,1,,0,5848.999999999999,1
OUTER_TRAINING_INNER,mpx_009,mpx_002,mpx_002,12,12,0.5667323621986223,0.9164667464914141,4322.493179993777,1,,0,4123.999999999999,1
OUTER_TRAINING_INNER,mpx_009,mpx_002,mpx_002,13,13,0.49627777256982636,0.8741301537926366,3980.788205855818,1,,0,3666.0000000000014,1
OUTER_TRAINING_INNER,mpx_009,mpx_002,mpx_002,14,14,0.4329522986748962,0.8696266984133298,3137.571582335371,0,1,1,1594.000000000001,1
OUTER_TRAINING_INNER,mpx_009,mpx_002,mpx_002,15,15,0.43391746768347356,0.8773330491747074,2952.453308017985,0,1,1,2349.9999999999995,1
OUTER_TRAINING_INNER,mpx_009,mpx_002,mpx_002,16,16,0.391625011895485,0.8538549014674536,2621.7196222262605,0,,0,2031.999999999998,1
OUTER_TRAINING_INNER,mpx_009,mpx_002,mpx_002,17,17,0.36625318034712073,0.8383501396726255,2381.7047657364224,0,1,1,2430.999999999998,1
OUTER_TRAINING_INNER,mpx_009,mpx_002,mpx_002,18,18,0.3434442640279111,0.8143559764828667,2096.11351036424,0,1,1,955.9999999999984,1
OUTER_TRAINING_INNER,mpx_009,mpx_002,mpx_002,19,19,0.2977352400486085,0.7901885695373976,1543.5924912355338,0,,0,909.0000000000034,1
OUTER_TRAINING_INNER,mpx_009,mpx_002,mpx_002,20,20,0.244143621638279,0.6916972328784509,1399.184618260487,0,1,1,380.9999999999986,1
OUTER_TRAINING_INNER,mpx_009,mpx_002,mpx_002,21,21,0.21677332342883696,0.651352204814874,1125.749898383464,0,,0,127.99999999999929,1
OUTER_TRAINING_INNER,mpx_009,mpx_002,mpx_002,22,22,0.18571550940916792,0.5867629643638295,837.4424143127965,0,1,1,326.9999999999995,1
OUTER_TRAINING_INNER,mpx_009,mpx_002,mpx_002,23,23,0.17123742667626132,0.556690765394831,674.3478268615015,0,1,1,309.0000000000036,1
OUTER_TRAINING_INNER,mpx_009,mpx_002,mpx_002,24,24,0.20048906063990124,0.6071108496455291,930.1280449874803,0,,0,399.9999999999999,1
OUTER_TRAINING_INNER,mpx_009,mpx_002,mpx_002,25,25,0.1502795965331158,0.48870285999005697,424.05149892384577,0,,0,90.99999999999635,1
OUTER_TRAINING_INNER,mpx_009,mpx_002,mpx_002,26,26,0.13078711222609307,0.4518557535763491,127.58398070677363,0,,0,129.99999999999315,1
OUTER_TRAINING_INNER,mpx_009,mpx_002,mpx_002,27,27,0.13651677710124444,0.45913079722370476,218.21726271535135,0,,0,38.99999999999681,1
OUTER_TRAINING_INNER,mpx_009,mpx_002,mpx_002,28,28,0.13709617727298526,0.462409194895426,169.91368505692208,0,0,1,40.999999999996355,1
OUTER_TRAINING_INNER,mpx_009,mpx_002,mpx_002,29,29,0.1294834736963789,0.4356536775401839,105.38491522420988,0,0,1,1.9999999999995448,1
OUTER_TRAINING_INNER,mpx_009,mpx_002,mpx_002,30,30,0.1172049981066599,0.41104191825924663,0.0,0,0,1,1.9999999999995448,1
OUTER_TRAINING_INNER,mpx_009,mpx_002,mpx_002,31,31,0.11384936048624163,0.40663693262652906,0.0,0,0,1,0.0,1
OUTER_TRAINING_INNER,mpx_009,mpx_002,mpx_002,32,32,0.11294094331441293,0.4050466048274877,0.0,0,0,1,0.0,1
OUTER_TRAINING_INNER,mpx_009,mpx_002,mpx_002,33,33,0.11206347527839272,0.40350059939454974,0.0,0,0,1,0.0,1
OUTER_TRAINING_INNER,mpx_009,mpx_002,mpx_002,34,34,0.11126146000262702,0.40212567216173173,0.0,0,0,1,0.0,1
OUTER_TRAINING_INNER,mpx_009,mpx_002,mpx_002,35,35,0.11048821794071244,0.4007932081986068,0.0,0,0,1,nan,0
OUTER_TRAINING_INNER,mpx_009,mpx_002,mpx_002,36,36,0.10973927869562794,0.39949650232822803,0.0,0,0,1,nan,0
OUTER_TRAINING_INNER,mpx_009,mpx_002,mpx_002,37,37,0.10901411189327541,0.3982350370728679,0.0,0,0,1,nan,0
OUTER_TRAINING_INNER,mpx_009,mpx_003,mpx_003,3,3,0.8772026178303618,0.9476929404247019,11168.425493022687,1,1,1,10673.0,1
OUTER_TRAINING_INNER,mpx_009,mpx_003,mpx_003,4,4,0.8227951725434014,0.9298169242251096,9785.262171022048,1,,0,5346.0,1
OUTER_TRAINING_INNER,mpx_009,mpx_003,mpx_003,5,5,0.7625552959901459,0.9068438752458361,8816.701423090717,1,1,1,6256.0,1
OUTER_TRAINING_INNER,mpx_009,mpx_003,mpx_003,6,6,0.7706020085686967,0.9169845293583921,8669.003977957436,1,1,1,5883.999999999999,1
OUTER_TRAINING_INNER,mpx_009,mpx_003,mpx_003,7,7,0.7413986860587828,0.9098185840963162,8091.662486278925,1,1,1,4840.000000000001,1
OUTER_TRAINING_INNER,mpx_009,mpx_003,mpx_003,8,8,0.6956257169566036,0.8957466762304752,7407.774757635076,1,,0,8275.999999999998,1
OUTER_TRAINING_INNER,mpx_009,mpx_003,mpx_003,9,9,0.6532752511890099,0.8836672970714633,6850.431434388519,1,1,1,8792.0,1
OUTER_TRAINING_INNER,mpx_009,mpx_003,mpx_003,10,10,0.6698808997730916,0.9118276573125936,6467.771261722675,1,1,1,11184.000000000002,1
OUTER_TRAINING_INNER,mpx_009,mpx_003,mpx_003,11,11,0.6571227961215717,0.916756168696126,5843.420370045459,1,1,1,6445.0000000000055,1
OUTER_TRAINING_INNER,mpx_009,mpx_003,mpx_003,12,12,0.5923180839965615,0.8718399346899204,5648.750097700318,1,1,1,5945.0,1
OUTER_TRAINING_INNER,mpx_009,mpx_003,mpx_003,13,13,0.5569229319565318,0.875102169640954,4966.284689069456,1,,0,2718.000000000001,1
OUTER_TRAINING_INNER,mpx_009,mpx_003,mpx_003,14,14,0.5096559532351561,0.8643533417203874,4391.535762636961,1,1,1,2317.9999999999955,1
OUTER_TRAINING_INNER,mpx_009,mpx_003,mpx_003,15,15,0.46901099786057476,0.8457754284748411,3976.600906552135,1,1,1,3454.000000000004,1
OUTER_TRAINING_INNER,mpx_009,mpx_003,mpx_003,16,16,0.4450298701319013,0.8292673125611264,3796.756576773484,1,1,1,3705.9999999999977,1
OUTER_TRAINING_INNER,mpx_009,mpx_003,mpx_003,17,17,0.48377641194484183,0.8542430832868726,3975.772994091164,1,1,1,2944.000000000001,1
OUTER_TRAINING_INNER,mpx_009,mpx_003,mpx_003,18,18,0.5220403380929423,0.8916715435886206,3827.035232763956,0,,0,2873.0,1
OUTER_TRAINING_INNER,mpx_009,mpx_003,mpx_003,19,19,0.43084189258037114,0.8402591099701854,3195.8960682906345,0,,0,3020.0000000000005,1
OUTER_TRAINING_INNER,mpx_009,mpx_003,mpx_003,20,20,0.3920294243121568,0.8165997537970071,2888.322891815814,0,,0,3369.0000000000005,1
OUTER_TRAINING_INNER,mpx_009,mpx_003,mpx_003,21,21,0.34512150803521907,0.7863346975093611,2379.0149223502935,0,1,1,1514.9999999999964,1
OUTER_TRAINING_INNER,mpx_009,mpx_003,mpx_003,22,22,0.34555520437627074,0.825175257267441,1742.4811034444745,0,1,1,795.0000000000009,1
OUTER_TRAINING_INNER,mpx_009,mpx_003,mpx_003,23,23,0.2936721364956871,0.750549512588504,1658.7535754497812,0,1,1,365.0000000000022,1
OUTER_TRAINING_INNER,mpx_009,mpx_003,mpx_003,24,24,0.2373689384545036,0.7102635014382765,935.6488570871479,0,1,1,517.0000000000017,1
OUTER_TRAINING_INNER,mpx_009,mpx_003,mpx_003,25,25,0.20790994249916597,0.6194049718293119,1016.1940193149707,0,1,1,536.9999999999972,1
OUTER_TRAINING_INNER,mpx_009,mpx_003,mpx_003,26,26,0.19361192510193906,0.6056516916341214,772.1672091095628,0,,0,536.9999999999972,1
OUTER_TRAINING_INNER,mpx_009,mpx_003,mpx_003,27,27,0.18184503173532252,0.5670241649652804,721.4542061912756,0,1,1,154.99999999999883,1
OUTER_TRAINING_INNER,mpx_009,mpx_003,mpx_003,28,28,0.15357125299466354,0.4938659698823655,456.87420181200815,0,0,1,56.000000000004306,1
OUTER_TRAINING_INNER,mpx_009,mpx_003,mpx_003,29,29,0.1472346560688433,0.488492096077092,261.04010421760177,0,0,1,209.00000000000358,1
OUTER_TRAINING_INNER,mpx_009,mpx_003,mpx_003,30,30,0.14185025296616668,0.430714814397138,475.62789338912114,0,0,1,228.99999999999903,1
OUTER_TRAINING_INNER,mpx_009,mpx_003,mpx_003,31,31,0.13162745623168218,0.4334483063414191,146.84354171464304,0,,0,172.99999999999474,1
OUTER_TRAINING_INNER,mpx_009,mpx_003,mpx_003,32,32,0.11873599273996846,0.43788961260086795,0.0,0,0,1,19.99999999999545,1
OUTER_TRAINING_INNER,mpx_009,mpx_003,mpx_003,33,33,0.11448212121881086,0.4265257087814882,0.0,0,,0,0.0,1
OUTER_TRAINING_INNER,mpx_009,mpx_003,mpx_003,34,34,0.11047438728715085,0.4178332556850173,0.0,0,,0,0.0,1
OUTER_TRAINING_INNER,mpx_009,mpx_003,mpx_003,35,35,0.10837519888082728,0.4131890998016841,0.0,0,,0,0.0,1
OUTER_TRAINING_INNER,mpx_009,mpx_003,mpx_003,36,36,0.10763968190447872,0.411817126753785,0.0,0,,0,0.0,1
OUTER_TRAINING_INNER,mpx_009,mpx_003,mpx_003,37,37,0.10692599261325404,0.41047977131717756,0.0,0,,0,0.0,1
OUTER_TRAINING_INNER,mpx_009,mpx_003,mpx_003,38,38,0.10623691131373633,0.4091820159481403,0.0,0,,0,0.0,1
OUTER_TRAINING_INNER,mpx_009,mpx_003,mpx_003,39,39,0.10556738579375058,0.40791559342493283,0.0,0,,0,nan,0
OUTER_TRAINING_INNER,mpx_009,mpx_003,mpx_003,40,40,0.10491570631359717,0.40667780712424073,0.0,0,,0,nan,0
OUTER_TRAINING_INNER,mpx_009,mpx_003,mpx_003,41,41,0.10428468043629067,0.4054736827956499,0.0,0,,0,nan,0
OUTER_TRAINING_INNER,mpx_009,mpx_004,mpx_004,3,3,0.8754810518693764,0.941540231978885,10660.186776945136,1,1,1,16319.999999999998,1
OUTER_TRAINING_INNER,mpx_009,mpx_004,mpx_004,4,4,0.7968031129258336,0.913885615269433,9023.987406562988,1,1,1,14220.999999999998,1
OUTER_TRAINING_INNER,mpx_009,mpx_004,mpx_004,5,5,0.7981508824076942,0.9237793019630284,8685.135609444484,1,1,1,10523.000000000002,1
OUTER_TRAINING_INNER,mpx_009,mpx_004,mpx_004,6,6,0.7434897952019908,0.9100119965909396,7683.5667418190915,1,1,1,4285.000000000003,1
OUTER_TRAINING_INNER,mpx_009,mpx_004,mpx_004,7,7,0.701589671119373,0.9046916683380997,6913.189161089947,1,1,1,8679.000000000004,1
OUTER_TRAINING_INNER,mpx_009,mpx_004,mpx_004,8,8,0.6331041611382342,0.8683984816471346,6324.0545501959,1,1,1,11343.999999999998,1
OUTER_TRAINING_INNER,mpx_009,mpx_004,mpx_004,9,9,0.5962783487940468,0.8491031773036856,5926.142475173202,1,,0,10434.000000000002,1
OUTER_TRAINING_INNER,mpx_009,mpx_004,mpx_004,10,10,0.6639366507235308,0.9116653101197648,5789.784814799758,1,1,1,6842.0,1
OUTER_TRAINING_INNER,mpx_009,mpx_004,mpx_004,11,11,0.5912661582165882,0.8841486693867787,5058.497017239324,1,1,1,4879.000000000004,1
OUTER_TRAINING_INNER,mpx_009,mpx_004,mpx_004,12,12,0.5432598875411437,0.8595063842191005,4680.615847108659,1,1,1,4905.999999999997,1
OUTER_TRAINING_INNER,mpx_009,mpx_004,mpx_004,13,13,0.5257467344147699,0.861428809238782,4248.308396046924,1,1,1,4575.999999999999,1
OUTER_TRAINING_INNER,mpx_009,mpx_004,mpx_004,14,14,0.42616525267147504,0.8226394543984166,3230.7016911337505,0,,0,3157.9999999999973,1
OUTER_TRAINING_INNER,mpx_009,mpx_004,mpx_004,15,15,0.3539081227207779,0.7841526383062294,2513.369252615579,0,1,1,2886.0000000000027,1
OUTER_TRAINING_INNER,mpx_009,mpx_004,mpx_004,16,16,0.4798918497775462,0.8523144185400165,3491.167937244946,0,1,1,765.0000000000022,1
OUTER_TRAINING_INNER,mpx_009,mpx_004,mpx_004,17,17,0.3693366187618302,0.7906432424515901,2586.2745291352244,0,,0,753.999999999999,1
OUTER_TRAINING_INNER,mpx_009,mpx_004,mpx_004,18,18,0.3428420952063576,0.773492586456212,2267.8849059557456,0,1,1,651.9999999999994,1
OUTER_TRAINING_INNER,mpx_009,mpx_004,mpx_004,19,19,0.3089586566936785,0.742657977555026,1919.4750159450928,0,1,1,526.9999999999994,1
OUTER_TRAINING_INNER,mpx_009,mpx_004,mpx_004,20,20,0.2529021480495043,0.6903356310024181,1331.1705664435194,0,1,1,635.0000000000033,1
OUTER_TRAINING_INNER,mpx_009,mpx_004,mpx_004,21,21,0.22952579871394602,0.6449563239640241,1197.414657379497,0,,0,377.99999999999926,1
OUTER_TRAINING_INNER,mpx_009,mpx_004,mpx_004,22,22,0.23049196562228122,0.6241943167781581,1293.8822755935223,0,,0,437.99999999999693,1
OUTER_TRAINING_INNER,mpx_009,mpx_004,mpx_004,23,23,0.23995526370912787,0.5929661464438014,1530.0151306230207,0,1,1,185.99999999999747,1
OUTER_TRAINING_INNER,mpx_009,mpx_004,mpx_004,24,24,0.18718559963125395,0.5268590840748836,894.6654247738788,0,,0,182.99999999999815,1
OUTER_TRAINING_INNER,mpx_009,mpx_004,mpx_004,25,25,0.18647320686111388,0.5176503248078805,958.3844713830266,0,0,1,118.00000000000156,1
OUTER_TRAINING_INNER,mpx_009,mpx_004,mpx_004,26,26,0.15931446614459113,0.45666833852222066,672.7003985321088,0,0,1,72.00000000000067,1
OUTER_TRAINING_INNER,mpx_009,mpx_004,mpx_004,27,27,0.14032764235613077,0.4192268429800143,385.5029033457764,0,,0,82.00000000000408,1
OUTER_TRAINING_INNER,mpx_009,mpx_004,mpx_004,28,28,0.13783572058116345,0.4159980307650183,320.28061382351035,0,,0,17.000000000001815,1
OUTER_TRAINING_INNER,mpx_009,mpx_004,mpx_004,29,29,0.1345614146882088,0.4077198628449203,269.71541051123444,0,,0,17.000000000001815,1
OUTER_TRAINING_INNER,mpx_009,mpx_004,mpx_004,30,30,0.1477445291962427,0.4289804890379236,491.9055256218952,0,,0,0.0,1
OUTER_TRAINING_INNER,mpx_009,mpx_004,mpx_004,31,31,0.1403304660962886,0.4171308097855896,362.0376068055888,0,,0,0.0,1
OUTER_TRAINING_INNER,mpx_009,mpx_004,mpx_004,32,32,0.13328386920047822,0.4055472997621991,233.2735585949799,0,,0,0.0,1
OUTER_TRAINING_INNER,mpx_009,mpx_004,mpx_004,33,33,0.13232781101302993,0.40406500543017826,206.20772271276152,0,,0,0.0,1
OUTER_TRAINING_INNER,mpx_009,mpx_004,mpx_004,34,34,0.13139893074867245,0.4026187082475083,179.74214188576795,0,,0,nan,0
OUTER_TRAINING_INNER,mpx_009,mpx_004,mpx_004,35,35,0.13050374565205042,0.40121806853865505,154.08802542257442,0,,0,nan,0
OUTER_TRAINING_INNER,mpx_009,mpx_004,mpx_004,36,36,0.1296407845530233,0.3998613730654842,129.21834464468017,0,,0,nan,0
OUTER_TRAINING_INNER,mpx_009,mpx_005,mpx_005,3,3,0.879785747112487,0.954816046132659,10768.87613614976,1,1,1,12022.0,1
OUTER_TRAINING_INNER,mpx_009,mpx_005,mpx_005,4,4,0.8237995036944643,0.9311937795696194,9537.395291826711,1,,0,8560.000000000002,1
OUTER_TRAINING_INNER,mpx_009,mpx_005,mpx_005,5,5,0.7646630670825172,0.9146326025031244,8433.514277966951,1,1,1,8196.000000000002,1
OUTER_TRAINING_INNER,mpx_009,mpx_005,mpx_005,6,6,0.7572079336308083,0.9178397093669641,8100.039301818157,1,1,1,11210.000000000002,1
OUTER_TRAINING_INNER,mpx_009,mpx_005,mpx_005,7,7,0.7139439419594458,0.90600438508042,7343.350966914971,1,1,1,9394.999999999998,1
OUTER_TRAINING_INNER,mpx_009,mpx_005,mpx_005,8,8,0.7005229932960892,0.9185677368795009,6743.080601458351,1,1,1,11936.0,1
OUTER_TRAINING_INNER,mpx_009,mpx_005,mpx_005,9,9,0.6479798458201934,0.8954097240293295,6159.049655985693,1,1,1,8981.999999999996,1
OUTER_TRAINING_INNER,mpx_009,mpx_005,mpx_005,10,10,0.6275498729558048,0.9002805172493408,5664.813386702736,1,1,1,8682.999999999996,1
OUTER_TRAINING_INNER,mpx_009,mpx_005,mpx_005,11,11,0.5573303889058004,0.8767630541664446,4870.016064153726,1,1,1,5811.999999999996,1
OUTER_TRAINING_INNER,mpx_009,mpx_005,mpx_005,12,12,0.5230385568254152,0.8695408640762892,4387.645482308906,1,,0,4132.000000000003,1
OUTER_TRAINING_INNER,mpx_009,mpx_005,mpx_005,13,13,0.41788779026503076,0.8181598773526432,3400.453679516751,0,,0,3279.000000000004,1
OUTER_TRAINING_INNER,mpx_009,mpx_005,mpx_005,14,14,0.3527962687488397,0.7799256956022267,2742.641493794347,0,,0,2340.000000000002,1
OUTER_TRAINING_INNER,mpx_009,mpx_005,mpx_005,15,15,0.34802003764844613,0.7709225342925781,2676.922485240581,0,,0,1690.0000000000018,1
OUTER_TRAINING_INNER,mpx_009,mpx_005,mpx_005,16,16,0.3153044336765433,0.7454687444312907,2319.3562662493837,0,1,1,638.9999999999967,1
OUTER_TRAINING_INNER,mpx_009,mpx_005,mpx_005,17,17,0.2862182408412435,0.7141663231786368,2053.139357163905,0,1,1,1306.9999999999982,1
OUTER_TRAINING_INNER,mpx_009,mpx_005,mpx_005,18,18,0.2960699395758298,0.7346202829365441,2026.2645495673567,0,,0,1289.9999999999964,1
OUTER_TRAINING_INNER,mpx_009,mpx_005,mpx_005,19,19,0.2989107252769283,0.7799602072351345,1578.7631193223644,0,1,1,1226.9999999999993,1
OUTER_TRAINING_INNER,mpx_009,mpx_005,mpx_005,20,20,0.2619035807341284,0.7620954014489815,1030.6207406192946,0,1,1,686.0000000000031,1
OUTER_TRAINING_INNER,mpx_009,mpx_005,mpx_005,21,21,0.22781489472758287,0.7091462956101448,808.369755353744,0,1,1,319.0000000000013,1
OUTER_TRAINING_INNER,mpx_009,mpx_005,mpx_005,22,22,0.1918612926603959,0.6378793249515291,555.8089410285739,0,,0,239.00000000000244,1
OUTER_TRAINING_INNER,mpx_009,mpx_005,mpx_005,23,23,0.1768334158417358,0.5789873754177134,588.5072499596225,0,,0,114.99999999999656,1
OUTER_TRAINING_INNER,mpx_009,mpx_005,mpx_005,24,24,0.16691626257724876,0.5584612071046707,462.5555905548692,0,,0,240.00000000000222,1
OUTER_TRAINING_INNER,mpx_009,mpx_005,mpx_005,25,25,0.16485691912974954,0.540336023103487,514.7133612824356,0,,0,216.000000000002,1
OUTER_TRAINING_INNER,mpx_009,mpx_005,mpx_005,26,26,0.1589088275628287,0.5168390687163199,496.96072569934944,0,,0,178.00000000000497,1
OUTER_TRAINING_INNER,mpx_009,mpx_005,mpx_005,27,27,0.2852243230467159,0.7295086869867022,1617.2478875003178,0,0,1,0.0,1
OUTER_TRAINING_INNER,mpx_009,mpx_005,mpx_005,28,28,0.20958183604607242,0.6340254643226793,866.8743345098061,0,0,1,0.0,1
OUTER_TRAINING_INNER,mpx_009,mpx_005,mpx_005,29,29,0.1500090339272745,0.5273997070783368,118.69290512989107,0,0,1,0.0,1
OUTER_TRAINING_INNER,mpx_009,mpx_005,mpx_005,30,30,0.1488428255136601,0.5258251579928437,87.48950059062216,0,0,1,0.0,1
OUTER_TRAINING_INNER,mpx_009,mpx_005,mpx_005,31,31,0.1477193854414217,0.5242985203165305,57.23285082016335,0,0,1,0.0,1
OUTER_TRAINING_INNER,mpx_009,mpx_005,mpx_005,32,32,0.14663614574304715,0.5228172222832574,27.8730335448395,0,0,1,nan,0
OUTER_TRAINING_INNER,mpx_009,mpx_005,mpx_005,33,33,0.14559216873259131,0.521380674528273,0.0,0,0,1,nan,0
OUTER_TRAINING_INNER,mpx_009,mpx_005,mpx_005,34,34,0.14458437776006822,0.5199855601566217,0.0,0,0,1,nan,0
OUTER_TRAINING_INNER,mpx_009,mpx_006,mpx_006,3,3,0.8770539015613554,0.955549229146838,10825.807853946613,1,1,1,16202.000000000002,1
OUTER_TRAINING_INNER,mpx_009,mpx_006,mpx_006,4,4,0.8046889561783876,0.9316887210208343,9354.473667103422,1,,0,10009.999999999998,1
OUTER_TRAINING_INNER,mpx_009,mpx_006,mpx_006,5,5,0.738650673403248,0.9071546957511204,8466.374593280243,1,1,1,8824.999999999998,1
OUTER_TRAINING_INNER,mpx_009,mpx_006,mpx_006,6,6,0.7220872529104978,0.9101973399551536,7784.278064807347,1,1,1,2748.0,1
OUTER_TRAINING_INNER,mpx_009,mpx_006,mpx_006,7,7,0.7220733944420016,0.9308087086179482,7232.6466637205685,1,,0,6090.000000000001,1
OUTER_TRAINING_INNER,mpx_009,mpx_006,mpx_006,8,8,0.6432203704987568,0.9080656690574763,6444.134146865306,1,1,1,8053.000000000004,1
OUTER_TRAINING_INNER,mpx_009,mpx_006,mpx_006,9,9,0.657475273360755,0.9174689071737178,6332.058833968382,1,,0,10693.0,1
OUTER_TRAINING_INNER,mpx_009,mpx_006,mpx_006,10,10,0.6217134289218456,0.8833272084071108,6262.3640974766,1,1,1,7261.000000000002,1
OUTER_TRAINING_INNER,mpx_009,mpx_006,mpx_006,11,11,0.6115352178207368,0.9013138333780178,5548.624569332383,1,1,1,5897.999999999999,1
OUTER_TRAINING_INNER,mpx_009,mpx_006,mpx_006,12,12,0.5815212270629283,0.8950483541322215,5208.862950805998,1,1,1,2806.9999999999977,1
OUTER_TRAINING_INNER,mpx_009,mpx_006,mpx_006,13,13,0.5086141283171707,0.8713713214450756,4566.058733228061,1,1,1,1639.9999999999961,1
OUTER_TRAINING_INNER,mpx_009,mpx_006,mpx_006,14,14,0.45252378751365907,0.8446539778598215,4130.957573741587,1,,0,1329.9999999999986,1
OUTER_TRAINING_INNER,mpx_009,mpx_006,mpx_006,15,15,0.4266264938255943,0.8276883072304736,3951.8380390693005,1,1,1,2889.000000000002,1
OUTER_TRAINING_INNER,mpx_009,mpx_006,mpx_006,16,16,0.4062350343833777,0.8122499055970287,3792.077420243592,1,1,1,4718.000000000001,1
OUTER_TRAINING_INNER,mpx_009,mpx_006,mpx_006,17,17,0.42954798673316263,0.8225120234348938,3949.976102008927,1,1,1,4975.999999999999,1
OUTER_TRAINING_INNER,mpx_009,mpx_006,mpx_006,18,18,0.47218321768305405,0.8688225535463996,3712.748612296328,0,,0,3559.999999999997,1
OUTER_TRAINING_INNER,mpx_009,mpx_006,mpx_006,19,19,0.3717592758521197,0.8376250613917053,2534.907512947925,0,,0,2387.0000000000023,1
OUTER_TRAINING_INNER,mpx_009,mpx_006,mpx_006,20,20,0.2962580082454882,0.7970612767657785,1816.511673739803,0,1,1,1679.0000000000043,1
OUTER_TRAINING_INNER,mpx_009,mpx_006,mpx_006,21,21,0.34168894604589317,0.8490163143862302,1734.9022122245528,0,,0,1108.0000000000036,1
OUTER_TRAINING_INNER,mpx_009,mpx_006,mpx_006,22,22,0.3131099067780763,0.8398184809044957,1321.4264761303068,0,,0,278.99999999999903,1
OUTER_TRAINING_INNER,mpx_009,mpx_006,mpx_006,23,23,0.32301084245235084,0.8555457386187502,1087.1151458369163,0,1,1,307.9999999999981,1
OUTER_TRAINING_INNER,mpx_009,mpx_006,mpx_006,24,24,0.30601925978029965,0.7633528365774771,1519.7777605370836,0,0,1,307.9999999999981,1
OUTER_TRAINING_INNER,mpx_009,mpx_006,mpx_006,25,25,0.19975030197165003,0.6503541295395856,633.6247633979858,0,,0,272.0000000000006,1
OUTER_TRAINING_INNER,mpx_009,mpx_006,mpx_006,26,26,0.20283132205965596,0.7054709136701874,244.5986855948001,0,,0,0.0,1
OUTER_TRAINING_INNER,mpx_009,mpx_006,mpx_006,27,27,0.1766674266861034,0.6699755770063746,0.0,0,,0,0.0,1
OUTER_TRAINING_INNER,mpx_009,mpx_006,mpx_006,28,28,0.15090851766094338,0.6296745810958428,0.0,0,,0,0.0,1
OUTER_TRAINING_INNER,mpx_009,mpx_006,mpx_006,29,29,0.15771041730256913,0.563935197049832,409.9341986718751,0,0,1,0.0,1
OUTER_TRAINING_INNER,mpx_009,mpx_006,mpx_006,30,30,0.13950083662531515,0.5303789019594577,169.9378591559477,0,0,1,0.0,1
OUTER_TRAINING_INNER,mpx_009,mpx_006,mpx_006,31,31,0.12314068798128859,0.49663042670326524,0.0,0,0,1,0.0,1
OUTER_TRAINING_INNER,mpx_009,mpx_006,mpx_006,32,32,0.12222594783537175,0.4951397756031898,0.0,0,0,1,0.0,1
OUTER_TRAINING_INNER,mpx_009,mpx_006,mpx_006,33,33,0.12134550777912938,0.49369592109961985,0.0,0,0,1,0.0,1
OUTER_TRAINING_INNER,mpx_009,mpx_006,mpx_006,34,34,0.12049167873724999,0.49228789263673806,0.0,0,0,1,nan,0
OUTER_TRAINING_INNER,mpx_009,mpx_006,mpx_006,35,35,0.11966818471555796,0.49092173236471914,0.0,0,0,1,nan,0
OUTER_TRAINING_INNER,mpx_009,mpx_006,mpx_006,36,36,0.11887275141377673,0.48959448969663055,0.0,0,0,1,nan,0
OUTER_TRAINING_INNER,mpx_009,mpx_007,mpx_007,3,3,0.8601329749313859,0.9471000054054408,10189.210879435464,1,1,1,9875.999999999998,1
OUTER_TRAINING_INNER,mpx_009,mpx_007,mpx_007,4,4,0.8096176271055361,0.937206966548212,8966.596547973902,1,1,1,13190.000000000002,1
OUTER_TRAINING_INNER,mpx_009,mpx_007,mpx_007,5,5,0.7942498434313131,0.931284869253406,8502.871802505091,1,1,1,8086.999999999998,1
OUTER_TRAINING_INNER,mpx_009,mpx_007,mpx_007,6,6,0.7342948728491278,0.9144022697663768,7538.6146420876685,1,1,1,7104.000000000004,1
OUTER_TRAINING_INNER,mpx_009,mpx_007,mpx_007,7,7,0.6886434499870008,0.8991657596368299,6871.165715770667,1,1,1,7542.0,1
OUTER_TRAINING_INNER,mpx_009,mpx_007,mpx_007,8,8,0.6258459872279818,0.8773830825504632,6140.478527852625,1,1,1,8043.0,1
OUTER_TRAINING_INNER,mpx_009,mpx_007,mpx_007,9,9,0.6184894041308436,0.880401958305772,5892.863751902862,1,1,1,8152.999999999997,1
OUTER_TRAINING_INNER,mpx_009,mpx_007,mpx_007,10,10,0.590112864271646,0.8945379014308176,4997.938851574083,1,1,1,3253.999999999998,1
OUTER_TRAINING_INNER,mpx_009,mpx_007,mpx_007,11,11,0.5289613591274158,0.8716047846681106,4411.754164954291,1,1,1,4397.0,1
OUTER_TRAINING_INNER,mpx_009,mpx_007,mpx_007,12,12,0.4756819472420838,0.85684486685272,3759.924603599951,1,1,1,2961.0000000000027,1
OUTER_TRAINING_INNER,mpx_009,mpx_007,mpx_007,13,13,0.44773995486190205,0.8360188724750358,3579.443659006852,1,1,1,3321.0,1
OUTER_TRAINING_INNER,mpx_009,mpx_007,mpx_007,14,14,0.47314118805770145,0.8408014759487815,3792.6101651969607,0,,0,880.9999999999984,1
OUTER_TRAINING_INNER,mpx_009,mpx_007,mpx_007,15,15,0.4234235276514887,0.8108081848789119,3362.6359376146056,0,1,1,2508.9999999999973,1
OUTER_TRAINING_INNER,mpx_009,mpx_007,mpx_007,16,16,0.3743448270484884,0.7997779172532662,2690.8797132981063,0,,0,2801.999999999999,1
OUTER_TRAINING_INNER,mpx_009,mpx_007,mpx_007,17,17,0.424081358695253,0.8404939722366362,2942.24605524464,0,,0,2894.000000000001,1
OUTER_TRAINING_INNER,mpx_009,mpx_007,mpx_007,18,18,0.3504735726488274,0.8124008065167219,2028.5956680628094,0,1,1,1149.0,1
OUTER_TRAINING_INNER,mpx_009,mpx_007,mpx_007,19,19,0.2930179861880396,0.8041168848429613,1119.3352290173802,0,1,1,733.0000000000038,1
OUTER_TRAINING_INNER,mpx_009,mpx_007,mpx_007,20,20,0.2833591936776103,0.7685919714105247,1232.715085074512,0,1,1,622.0000000000006,1
OUTER_TRAINING_INNER,mpx_009,mpx_007,mpx_007,21,21,0.27321429594899843,0.7555357979191983,1155.063004582281,0,1,1,631.9999999999983,1
OUTER_TRAINING_INNER,mpx_009,mpx_007,mpx_007,22,22,0.2213188567207751,0.6665508965458045,830.6233045622068,0,,0,163.9999999999968,1
OUTER_TRAINING_INNER,mpx_009,mpx_007,mpx_007,23,23,0.21149839458707678,0.6741847010596447,519.5863354864819,0,1,1,419.00000000000125,1
OUTER_TRAINING_INNER,mpx_009,mpx_007,mpx_007,24,24,0.18948436622178863,0.6252944447134838,380.8185346772783,0,,0,439.0000000000024,1
OUTER_TRAINING_INNER,mpx_009,mpx_007,mpx_007,25,25,0.17745488075351495,0.5659093422786543,470.0102713129845,0,,0,336.0000000000031,1
OUTER_TRAINING_INNER,mpx_009,mpx_007,mpx_007,26,26,0.15347446147470853,0.5104393424668907,178.0727445809868,0,0,1,119.00000000000134,1
OUTER_TRAINING_INNER,mpx_009,mpx_007,mpx_007,27,27,0.1440129407279175,0.47813018974388627,103.52077557611726,0,,0,71.0000000000009,1
OUTER_TRAINING_INNER,mpx_009,mpx_007,mpx_007,28,28,0.14194301995502798,0.4796564081109798,12.504160617261405,0,0,1,54.99999999999885,1
OUTER_TRAINING_INNER,mpx_009,mpx_007,mpx_007,29,29,0.137631105515525,0.4571997017376201,17.51399025894696,0,,0,0.0,1
OUTER_TRAINING_INNER,mpx_009,mpx_007,mpx_007,30,30,0.13064693487027756,0.44298876332184023,0.0,0,,0,0.0,1
OUTER_TRAINING_INNER,mpx_009,mpx_007,mpx_007,31,31,0.12657787006097537,0.4345200406313604,0.0,0,,0,0.0,1
OUTER_TRAINING_INNER,mpx_009,mpx_007,mpx_007,32,32,0.12563872940462437,0.4329651116118515,0.0,0,,0,0.0,1
OUTER_TRAINING_INNER,mpx_009,mpx_007,mpx_007,33,33,0.12473106844080184,0.4314545719794938,0.0,0,,0,nan,0
OUTER_TRAINING_INNER,mpx_009,mpx_007,mpx_007,34,34,0.12385568583077819,0.429990044199218,0.0,0,,0,nan,0
OUTER_TRAINING_INNER,mpx_009,mpx_007,mpx_007,35,35,0.12298908986668604,0.42853607479345956,0.0,0,,0,nan,0
OUTER_TRAINING_INNER,mpx_009,mpx_008,mpx_008,3,3,0.8862534219520131,0.9533436726901559,10791.661207352283,1,1,1,16309.0,1
OUTER_TRAINING_INNER,mpx_009,mpx_008,mpx_008,4,4,0.8339671192849717,0.9374087746375791,9443.442681729806,1,1,1,13634.000000000004,1
OUTER_TRAINING_INNER,mpx_009,mpx_008,mpx_008,5,5,0.7736847194358449,0.9150863161855947,8511.747748663534,1,1,1,13576.0,1
OUTER_TRAINING_INNER,mpx_009,mpx_008,mpx_008,6,6,0.7710139610351706,0.9314092528166021,7805.25706669163,1,1,1,10204.999999999996,1
OUTER_TRAINING_INNER,mpx_009,mpx_008,mpx_008,7,7,0.7211132603409869,0.9359197741855971,6685.367078403169,1,1,1,7451.999999999998,1
OUTER_TRAINING_INNER,mpx_009,mpx_008,mpx_008,8,8,0.6413666145063558,0.894132919602628,6141.965475323731,1,1,1,6065.000000000001,1
OUTER_TRAINING_INNER,mpx_009,mpx_008,mpx_008,9,9,0.5860604858865026,0.8771186919061383,5479.603171630713,1,1,1,2917.0000000000014,1
OUTER_TRAINING_INNER,mpx_009,mpx_008,mpx_008,10,10,0.5410792116444022,0.8892241500759341,4658.54963601437,1,,0,1457.999999999998,1
OUTER_TRAINING_INNER,mpx_009,mpx_008,mpx_008,11,11,0.49337522532227013,0.8682280030878329,4283.921167069875,1,1,1,3200.999999999999,1
OUTER_TRAINING_INNER,mpx_009,mpx_008,mpx_008,12,12,0.48982963595051604,0.8706568204439499,4129.2734743842775,1,1,1,3494.0000000000005,1
OUTER_TRAINING_INNER,mpx_009,mpx_008,mpx_008,13,13,0.4934104063681232,0.8725388839299267,4067.0219273520465,1,1,1,4109.000000000003,1
OUTER_TRAINING_INNER,mpx_009,mpx_008,mpx_008,14,14,0.5239448368852239,0.8751688288920056,4261.080726593696,1,1,1,4693.000000000001,1
OUTER_TRAINING_INNER,mpx_009,mpx_008,mpx_008,15,15,0.43127386716052485,0.8145734242306789,3629.386577075932,1,1,1,4020.0000000000005,1
OUTER_TRAINING_INNER,mpx_009,mpx_008,mpx_008,16,16,0.36218946425408227,0.7899430584006027,2890.27843568229,0,1,1,3303.999999999998,1
OUTER_TRAINING_INNER,mpx_009,mpx_008,mpx_008,17,17,0.39773619377024777,0.7842552081883961,3139.7174521148277,0,,0,1000.9999999999995,1
OUTER_TRAINING_INNER,mpx_009,mpx_008,mpx_008,18,18,0.3489223476135108,0.771504942858594,2600.9963113002623,0,,0,1258.9999999999977,1
OUTER_TRAINING_INNER,mpx_009,mpx_008,mpx_008,19,19,0.29032605534158995,0.7372677399684131,1970.78095407841,0,1,1,686.0000000000031,1
OUTER_TRAINING_INNER,mpx_009,mpx_008,mpx_008,20,20,0.28780592587953063,0.7550856990654797,1752.3156930811779,0,1,1,528.999999999999,1
OUTER_TRAINING_INNER,mpx_009,mpx_008,mpx_008,21,21,0.259448741576877,0.7355393646835298,1426.7090068862485,0,1,1,1065.000000000002,1
OUTER_TRAINING_INNER,mpx_009,mpx_008,mpx_008,22,22,0.2589467963891462,0.6935778791617446,1626.9981803825367,0,1,1,1399.0,1
OUTER_TRAINING_INNER,mpx_009,mpx_008,mpx_008,23,23,0.24389504102272305,0.6739389405629779,1480.5073421061172,0,,0,1629.0000000000043,1
OUTER_TRAINING_INNER,mpx_009,mpx_008,mpx_008,24,24,0.2870406170186886,0.7179555675853974,1752.4818855030435,0,,0,777.9999999999991,1
OUTER_TRAINING_INNER,mpx_009,mpx_008,mpx_008,25,25,0.21482777528796154,0.6216536945978628,991.861912597946,0,,0,350.9999999999997,1
OUTER_TRAINING_INNER,mpx_009,mpx_008,mpx_008,26,26,0.18968643899162083,0.5682125890138094,741.6349523286732,0,0,1,74.99999999999999,1
OUTER_TRAINING_INNER,mpx_009,mpx_008,mpx_008,27,27,0.15739922942731963,0.5172625896388514,319.95877554076753,0,0,1,13.000000000002725,1
OUTER_TRAINING_INNER,mpx_009,mpx_008,mpx_008,28,28,0.15204956272918596,0.503494612458113,236.17943484113107,0,,0,0.0,1
OUTER_TRAINING_INNER,mpx_009,mpx_008,mpx_008,29,29,0.14277557504441774,0.48488976618827434,113.40445551915843,0,,0,0.0,1
OUTER_TRAINING_INNER,mpx_009,mpx_008,mpx_008,30,30,0.13611543042131727,0.47102140642296597,17.068829995987954,0,,0,0.0,1
OUTER_TRAINING_INNER,mpx_009,mpx_008,mpx_008,31,31,0.13508501843810886,0.4693916222618531,0.0,0,,0,0.0,1
OUTER_TRAINING_INNER,mpx_009,mpx_008,mpx_008,32,32,0.13409338865702364,0.4678138982316409,0.0,0,,0,0.0,1
OUTER_TRAINING_INNER,mpx_009,mpx_008,mpx_008,33,33,0.13313631755067745,0.46628267745526186,0.0,0,,0,nan,0
OUTER_TRAINING_INNER,mpx_009,mpx_008,mpx_008,34,34,0.13221203963386144,0.4647958640435149,0.0,0,,0,nan,0
OUTER_TRAINING_INNER,mpx_009,mpx_008,mpx_008,35,35,0.13130876967207136,0.4633366214353659,0.0,0,,0,nan,0
OUTER_TRAINING_INNER,mpx_009,mpx_010,mpx_010,3,3,0.8809775206944791,0.9514592933985754,11002.086429499439,1,1,1,11898.000000000002,1
OUTER_TRAINING_INNER,mpx_009,mpx_010,mpx_010,4,4,0.8238882113602877,0.9311383998352307,9663.994398687923,1,,0,8578.999999999996,1
OUTER_TRAINING_INNER,mpx_009,mpx_010,mpx_010,5,5,0.7616716354953057,0.9132591430448036,8616.665094073946,1,1,1,8547.000000000002,1
OUTER_TRAINING_INNER,mpx_009,mpx_010,mpx_010,6,6,0.7615788356048705,0.9208203813822067,8280.407751820854,1,1,1,11191.0,1
OUTER_TRAINING_INNER,mpx_009,mpx_010,mpx_010,7,7,0.6950629275543458,0.888196939871616,7513.857472785018,1,1,1,7695.0000000000055,1
OUTER_TRAINING_INNER,mpx_009,mpx_010,mpx_010,8,8,0.6962442922954419,0.9207640898041899,6808.536940533725,1,1,1,11511.999999999995,1
OUTER_TRAINING_INNER,mpx_009,mpx_010,mpx_010,9,9,0.667062170720137,0.9141676930056156,6240.681521130761,1,1,1,7552.999999999997,1
OUTER_TRAINING_INNER,mpx_009,mpx_010,mpx_010,10,10,0.6305269739964521,0.9022778697570987,5890.4823159839025,1,,0,8195.999999999998,1
OUTER_TRAINING_INNER,mpx_009,mpx_010,mpx_010,11,11,0.5838882897520378,0.8935116886218918,5112.4850820515785,1,1,1,3020.0000000000005,1
OUTER_TRAINING_INNER,mpx_009,mpx_010,mpx_010,12,12,0.5197962225492958,0.8716245697467883,4534.043193763874,1,,0,1836.0000000000027,1
OUTER_TRAINING_INNER,mpx_009,mpx_010,mpx_010,13,13,0.4670456921723935,0.8544242026197899,3995.9629931353943,1,1,1,1426.9999999999993,1
OUTER_TRAINING_INNER,mpx_009,mpx_010,mpx_010,14,14,0.42205674689132,0.8189874277998762,3755.7596658757975,1,,0,2836.0000000000027,1
OUTER_TRAINING_INNER,mpx_009,mpx_010,mpx_010,15,15,0.4046152816252375,0.8022443380856351,3634.814224832127,1,1,1,4509.999999999996,1
OUTER_TRAINING_INNER,mpx_009,mpx_010,mpx_010,16,16,0.4156530058685526,0.7790389665459921,3945.338099449573,1,1,1,4244.0,1
OUTER_TRAINING_INNER,mpx_009,mpx_010,mpx_010,17,17,0.44668203514526245,0.8467713637080881,3463.3997197295894,0,,0,3041.0000000000014,1
OUTER_TRAINING_INNER,mpx_009,mpx_010,mpx_010,18,18,0.36195915328392925,0.8314073217410299,2371.4956367393615,0,1,1,1336.000000000003,1
OUTER_TRAINING_INNER,mpx_009,mpx_010,mpx_010,19,19,0.3039637947293869,0.8007241755848278,1822.0620778926127,0,1,1,563.9999999999967,1
OUTER_TRAINING_INNER,mpx_009,mpx_010,mpx_010,20,20,0.3194715546096198,0.7888380571860374,2082.793372693744,0,,0,315.9999999999963,1
OUTER_TRAINING_INNER,mpx_009,mpx_010,mpx_010,21,21,0.2808111185820841,0.754422747032164,1719.5252540221302,0,,0,161.99999999999724,1
OUTER_TRAINING_INNER,mpx_009,mpx_010,mpx_010,22,22,0.2545386744283753,0.7244945319357985,1528.9275729493722,0,1,1,772.0000000000005,1
OUTER_TRAINING_INNER,mpx_009,mpx_010,mpx_010,23,23,0.2819322077894762,0.7508421227357178,1661.3288906262128,0,1,1,1166.0000000000018,1
OUTER_TRAINING_INNER,mpx_009,mpx_010,mpx_010,24,24,0.2525491648704996,0.7263251518475642,1359.2029209165687,0,1,1,1224.9999999999998,1
OUTER_TRAINING_INNER,mpx_009,mpx_010,mpx_010,25,25,0.22915782794927575,0.7150696767549217,965.1296039838147,0,1,1,894.0000000000011,1
OUTER_TRAINING_INNER,mpx_009,mpx_010,mpx_010,26,26,0.23682087998747345,0.7382353268763691,806.094282282153,0,,0,360.99999999999744,1
OUTER_TRAINING_INNER,mpx_009,mpx_010,mpx_010,27,27,0.2021426880746205,0.693278638178445,495.86879467568014,0,1,1,327.99999999999926,1
OUTER_TRAINING_INNER,mpx_009,mpx_010,mpx_010,28,28,0.2082140051010145,0.7288087472161268,283.41230282298125,0,0,1,36.999999999997264,1
OUTER_TRAINING_INNER,mpx_009,mpx_010,mpx_010,29,29,0.20313698233714717,0.7121518110492432,319.71128710959556,0,0,1,25.999999999999766,1
OUTER_TRAINING_INNER,mpx_009,mpx_010,mpx_010,30,30,0.1936087648847247,0.6814552965408632,329.9445507933327,0,,0,0.0,1
OUTER_TRAINING_INNER,mpx_009,mpx_010,mpx_010,31,31,0.2131394703140961,0.5728716082265896,1092.959651037086,0,,0,0.0,1
OUTER_TRAINING_INNER,mpx_009,mpx_010,mpx_010,32,32,0.15150383177637528,0.47496889653780333,427.05623687003094,0,0,1,0.0,1
OUTER_TRAINING_INNER,mpx_009,mpx_010,mpx_010,33,33,0.1064544572916872,0.390100270952111,0.0,0,0,1,0.0,1
OUTER_TRAINING_INNER,mpx_009,mpx_010,mpx_010,34,34,0.10440760944794375,0.3856848924153086,0.0,0,0,1,0.0,1
OUTER_TRAINING_INNER,mpx_009,mpx_010,mpx_010,35,35,0.10368346751220561,0.3843605143331575,0.0,0,0,1,0.0,1
OUTER_TRAINING_INNER,mpx_009,mpx_010,mpx_010,36,36,0.10298160208999066,0.38307112692995926,0.0,0,0,1,0.0,1
OUTER_TRAINING_INNER,mpx_009,mpx_010,mpx_010,37,37,0.10230196934656237,0.3818169150831024,0.0,0,0,1,0.0,1
OUTER_TRAINING_INNER,mpx_009,mpx_010,mpx_010,38,38,0.10164454943656512,0.38059811234018137,0.0,0,0,1,nan,0
OUTER_TRAINING_INNER,mpx_009,mpx_010,mpx_010,39,39,0.10100656579935403,0.37941031609411413,0.0,0,0,1,nan,0
OUTER_TRAINING_INNER,mpx_009,mpx_010,mpx_010,40,40,0.10037891452920955,0.3782383463517599,0.0,0,0,1,nan,0
OUTER_TRAINING_INNER,mpx_010,mpx_001,mpx_001,3,3,0.8757191256574587,0.9465691742313085,11201.886259779752,1,1,1,11143.999999999998,1
OUTER_TRAINING_INNER,mpx_010,mpx_001,mpx_001,4,4,0.7988963845715492,0.9071819408239801,9786.042606763433,1,,0,8574.000000000002,1
OUTER_TRAINING_INNER,mpx_010,mpx_001,mpx_001,5,5,0.7447127601466381,0.9020205548278731,8570.407832211364,1,1,1,8540.999999999998,1
OUTER_TRAINING_INNER,mpx_010,mpx_001,mpx_001,6,6,0.7491117714768575,0.9084450992956544,8412.96087608418,1,1,1,6961.000000000002,1
OUTER_TRAINING_INNER,mpx_010,mpx_001,mpx_001,7,7,0.7001216119472108,0.8998881725355221,7467.847124751743,1,1,1,2499.9999999999995,1
OUTER_TRAINING_INNER,mpx_010,mpx_001,mpx_001,8,8,0.6871465884968896,0.9115852510079878,6898.861167409373,1,,0,6284.000000000002,1
OUTER_TRAINING_INNER,mpx_010,mpx_001,mpx_001,9,9,0.6132951957136005,0.8821758337112695,6104.951034071204,1,,0,7054.999999999997,1
OUTER_TRAINING_INNER,mpx_010,mpx_001,mpx_001,10,10,0.5588448285527863,0.8592536734549137,5559.762784250253,1,1,1,11917.0,1
OUTER_TRAINING_INNER,mpx_010,mpx_001,mpx_001,11,11,0.6171207997430982,0.8848630459537666,5881.891189801466,1,1,1,7568.0,1
OUTER_TRAINING_INNER,mpx_010,mpx_001,mpx_001,12,12,0.5658116805033272,0.8704625682893049,5292.257273394207,1,1,1,7904.000000000003,1
OUTER_TRAINING_INNER,mpx_010,mpx_001,mpx_001,13,13,0.5667072507564235,0.886987171184446,4838.44924578806,1,1,1,2673.9999999999995,1
OUTER_TRAINING_INNER,mpx_010,mpx_001,mpx_001,14,14,0.505104662110798,0.8525966243912462,4435.238591615934,1,1,1,1854.9999999999984,1
OUTER_TRAINING_INNER,mpx_010,mpx_001,mpx_001,15,15,0.4347630536984129,0.8197629285189084,3739.022986886361,1,1,1,486.99999999999716,1
OUTER_TRAINING_INNER,mpx_010,mpx_001,mpx_001,16,16,0.40684374681053104,0.798551134001586,3525.7835221235077,1,,0,1658.0000000000034,1
OUTER_TRAINING_INNER,mpx_010,mpx_001,mpx_001,17,17,0.4075425451425912,0.803819795101407,3435.9421242009385,1,1,1,3888.000000000002,1
OUTER_TRAINING_INNER,mpx_010,mpx_001,mpx_001,18,18,0.3832479943364315,0.7891601730022976,3201.434134179172,1,1,1,5014.000000000002,1
OUTER_TRAINING_INNER,mpx_010,mpx_001,mpx_001,19,19,0.42818577519249873,0.8224764311930709,3401.269204565256,0,,0,4327.999999999998,1
OUTER_TRAINING_INNER,mpx_010,mpx_001,mpx_001,20,20,0.37146588217558907,0.7941998753347811,2665.633759923023,0,1,1,2030.9999999999982,1
OUTER_TRAINING_INNER,mpx_010,mpx_001,mpx_001,21,21,0.25880383280590097,0.6842977246240141,1718.9036277567127,0,,0,1246.0000000000007,1
OUTER_TRAINING_INNER,mpx_010,mpx_001,mpx_001,22,22,0.23740320459602413,0.6523384564857175,1433.382204901894,0,,0,481.9999999999983,1
OUTER_TRAINING_INNER,mpx_010,mpx_001,mpx_001,23,23,0.21121984960179524,0.5992480894572777,1247.5626185087074,0,1,1,415.00000000000216,1
OUTER_TRAINING_INNER,mpx_010,mpx_001,mpx_001,24,24,0.1795146993987754,0.5599093330949635,744.153434208808,0,,0,138.0000000000027,1
OUTER_TRAINING_INNER,mpx_010,mpx_001,mpx_001,25,25,0.16377567186372194,0.5402176399740217,472.84756467622947,0,,0,111.00000000000315,1
OUTER_TRAINING_INNER,mpx_010,mpx_001,mpx_001,26,26,0.16117809537627012,0.5543553098074651,264.876209627259,0,,0,81.9999999999984,1
OUTER_TRAINING_INNER,mpx_010,mpx_001,mpx_001,27,27,0.15411799545357638,0.5095629382616944,340.7310060327034,0,0,1,17.999999999995904,1
OUTER_TRAINING_INNER,mpx_010,mpx_001,mpx_001,28,28,0.1517691771369253,0.5230487051117065,155.73881473415537,0,,0,17.999999999995904,1
OUTER_TRAINING_INNER,mpx_010,mpx_001,mpx_001,29,29,0.13688143529574798,0.49080114589290147,0.0,0,,0,0.0,1
OUTER_TRAINING_INNER,mpx_010,mpx_001,mpx_001,30,30,0.12800380272309142,0.471923438670881,0.0,0,,0,0.0,1
OUTER_TRAINING_INNER,mpx_010,mpx_001,mpx_001,31,31,0.12451245989642155,0.4644482525740888,0.0,0,,0,0.0,1
OUTER_TRAINING_INNER,mpx_010,mpx_001,mpx_001,32,32,0.12358229221938422,0.4628293300359016,0.0,0,,0,0.0,1
OUTER_TRAINING_INNER,mpx_010,mpx_001,mpx_001,33,33,0.1226851561239655,0.4612589350649649,0.0,0,,0,nan,0
OUTER_TRAINING_INNER,mpx_010,mpx_001,mpx_001,34,34,0.12181920368069671,0.45973463912910806,0.0,0,,0,nan,0
OUTER_TRAINING_INNER,mpx_010,mpx_001,mpx_001,35,35,0.12098083137151641,0.45825116671361965,0.0,0,,0,nan,0
OUTER_TRAINING_INNER,mpx_010,mpx_002,mpx_002,3,3,0.8774056359475708,0.9503524968319221,10669.644887598111,1,1,1,15128.000000000002,1
OUTER_TRAINING_INNER,mpx_010,mpx_002,mpx_002,4,4,0.806525917905653,0.9214524149214095,9196.692026587762,1,,0,15646.0,1
OUTER_TRAINING_INNER,mpx_010,mpx_002,mpx_002,5,5,0.7517963723945986,0.9042758074974663,8260.468763516654,1,1,1,15116.999999999998,1
OUTER_TRAINING_INNER,mpx_010,mpx_002,mpx_002,6,6,0.7627435471956487,0.9215539027819353,7965.758727814216,1,,0,11099.999999999998,1
OUTER_TRAINING_INNER,mpx_010,mpx_002,mpx_002,7,7,0.7153840589736782,0.9341013261429383,6508.611490454705,1,1,1,4104.999999999998,1
OUTER_TRAINING_INNER,mpx_010,mpx_002,mpx_002,8,8,0.6251569423881813,0.881022939648438,6018.589881492338,1,,0,4837.000000000002,1
OUTER_TRAINING_INNER,mpx_010,mpx_002,mpx_002,9,9,0.5715395500603151,0.8715894077852887,5258.838708907427,1,1,1,5665.000000000001,1
OUTER_TRAINING_INNER,mpx_010,mpx_002,mpx_002,10,10,0.5303999603969087,0.8446251375265341,4975.462234213613,1,1,1,5517.000000000001,1
OUTER_TRAINING_INNER,mpx_010,mpx_002,mpx_002,11,11,0.539180701163106,0.8739787233029084,4653.365861798728,1,,0,5848.999999999999,1
OUTER_TRAINING_INNER,mpx_010,mpx_002,mpx_002,12,12,0.5760439945881349,0.9151540799381543,4387.451916641909,1,,0,4123.999999999999,1
OUTER_TRAINING_INNER,mpx_010,mpx_002,mpx_002,13,13,0.5014826170343483,0.8687260403317898,4038.3630066372607,1,,0,3666.0000000000014,1
OUTER_TRAINING_INNER,mpx_010,mpx_002,mpx_002,14,14,0.4399749276209748,0.861578223416103,3195.515410077362,0,1,1,1594.000000000001,1
OUTER_TRAINING_INNER,mpx_010,mpx_002,mpx_002,15,15,0.44164948946539556,0.8719681753778672,3005.215150496269,0,1,1,2349.9999999999995,1
OUTER_TRAINING_INNER,mpx_010,mpx_002,mpx_002,16,16,0.3975409208903835,0.8457002656951611,2664.3610782565706,0,,0,2031.999999999998,1
OUTER_TRAINING_INNER,mpx_010,mpx_002,mpx_002,17,17,0.37117437346772003,0.8286822725878169,2417.5033834669944,0,1,1,2430.999999999998,1
OUTER_TRAINING_INNER,mpx_010,mpx_002,mpx_002,18,18,0.34615098479084694,0.8097446348361473,2116.220280697139,0,1,1,955.9999999999984,1
OUTER_TRAINING_INNER,mpx_010,mpx_002,mpx_002,19,19,0.2989593779842225,0.7845836441761868,1529.225646426726,0,,0,909.0000000000034,1
OUTER_TRAINING_INNER,mpx_010,mpx_002,mpx_002,20,20,0.24196103050492382,0.6742841569951296,1401.0543509188851,0,1,1,380.9999999999986,1
OUTER_TRAINING_INNER,mpx_010,mpx_002,mpx_002,21,21,0.21389630896534131,0.6292816596260408,1124.3890524312712,0,,0,127.99999999999929,1
OUTER_TRAINING_INNER,mpx_010,mpx_002,mpx_002,22,22,0.18158070134213808,0.559643653888669,824.5334495755937,0,1,1,326.9999999999995,1
OUTER_TRAINING_INNER,mpx_010,mpx_002,mpx_002,23,23,0.166767356520024,0.526335613847818,655.0726684761983,0,1,1,309.0000000000036,1
OUTER_TRAINING_INNER,mpx_010,mpx_002,mpx_002,24,24,0.19619679594963135,0.5887536102562967,912.3668644168877,0,,0,399.9999999999999,1
OUTER_TRAINING_INNER,mpx_010,mpx_002,mpx_002,25,25,0.14468067338174764,0.4625920819984586,390.3191747291905,0,,0,90.99999999999635,1
OUTER_TRAINING_INNER,mpx_010,mpx_002,mpx_002,26,26,0.12546503562758174,0.4196048612965964,88.00872966048325,0,,0,129.99999999999315,1
OUTER_TRAINING_INNER,mpx_010,mpx_002,mpx_002,27,27,0.1310066688409251,0.4283840980874859,180.664281758593,0,,0,38.99999999999681,1
OUTER_TRAINING_INNER,mpx_010,mpx_002,mpx_002,28,28,0.13163014285972377,0.4344013721432577,131.16189455309492,0,0,1,40.999999999996355,1
OUTER_TRAINING_INNER,mpx_010,mpx_002,mpx_002,29,29,0.12392311824100508,0.40489548328153036,70.2045320785846,0,0,1,1.9999999999995448,1
OUTER_TRAINING_INNER,mpx_010,mpx_002,mpx_002,30,30,0.1118910140030298,0.3764655293439242,0.0,0,0,1,1.9999999999995448,1
OUTER_TRAINING_INNER,mpx_010,mpx_002,mpx_002,31,31,0.10867572381620767,0.37141732387051,0.0,0,0,1,0.0,1
OUTER_TRAINING_INNER,mpx_010,mpx_002,mpx_002,32,32,0.1078042844912491,0.3698055646567181,0.0,0,0,1,0.0,1
OUTER_TRAINING_INNER,mpx_010,mpx_002,mpx_002,33,33,0.10696261528921838,0.36823917189302524,0.0,0,0,1,0.0,1
OUTER_TRAINING_INNER,mpx_010,mpx_002,mpx_002,34,34,0.10619327464860132,0.3668613373375861,0.0,0,0,1,0.0,1
OUTER_TRAINING_INNER,mpx_010,mpx_002,mpx_002,35,35,0.10545158932789224,0.3655266438987163,0.0,0,0,1,nan,0
OUTER_TRAINING_INNER,mpx_010,mpx_002,mpx_002,36,36,0.10473327442405653,0.3642283859919349,0.0,0,0,1,nan,0
OUTER_TRAINING_INNER,mpx_010,mpx_002,mpx_002,37,37,0.10403781280521449,0.3629659767262377,0.0,0,0,1,nan,0
OUTER_TRAINING_INNER,mpx_010,mpx_003,mpx_003,3,3,0.8779949093990468,0.9482397067592949,11232.745212007703,1,1,1,10673.0,1
OUTER_TRAINING_INNER,mpx_010,mpx_003,mpx_003,4,4,0.8236641188946023,0.9288087615201802,9857.804548845246,1,,0,5346.0,1
OUTER_TRAINING_INNER,mpx_010,mpx_003,mpx_003,5,5,0.7626816670553414,0.9035094466928107,8879.086737052381,1,1,1,6256.0,1
OUTER_TRAINING_INNER,mpx_010,mpx_003,mpx_003,6,6,0.7719778180595098,0.9144972240339365,8737.042908707212,1,1,1,5883.999999999999,1
OUTER_TRAINING_INNER,mpx_010,mpx_003,mpx_003,7,7,0.7428587201470672,0.9072606414231086,8151.7276065547885,1,1,1,4840.000000000001,1
OUTER_TRAINING_INNER,mpx_010,mpx_003,mpx_003,8,8,0.6970056822960078,0.8917112668600748,7465.876829790504,1,,0,8275.999999999998,1
OUTER_TRAINING_INNER,mpx_010,mpx_003,mpx_003,9,9,0.6547248482881396,0.8773472148410186,6909.274384252931,1,1,1,8792.0,1
OUTER_TRAINING_INNER,mpx_010,mpx_003,mpx_003,10,10,0.6746029258142023,0.9084961457188299,6521.074203338931,1,1,1,11184.000000000002,1
OUTER_TRAINING_INNER,mpx_010,mpx_003,mpx_003,11,11,0.6625095486858584,0.9168987676899122,5869.817304359116,1,1,1,6445.0000000000055,1
OUTER_TRAINING_INNER,mpx_010,mpx_003,mpx_003,12,12,0.5943261098712352,0.8679926512776266,5696.716122634965,1,1,1,5945.0,1
OUTER_TRAINING_INNER,mpx_010,mpx_003,mpx_003,13,13,0.5611201158378862,0.8696608211726068,5028.2919967965145,1,,0,2718.000000000001,1
OUTER_TRAINING_INNER,mpx_010,mpx_003,mpx_003,14,14,0.5140502442890802,0.8566668584203653,4443.620474665718,1,1,1,2317.9999999999955,1
OUTER_TRAINING_INNER,mpx_010,mpx_003,mpx_003,15,15,0.47231277489450557,0.8367157846776931,4015.2148919555543,1,1,1,3454.000000000004,1
OUTER_TRAINING_INNER,mpx_010,mpx_003,mpx_003,16,16,0.4474942867419087,0.8183639871857114,3835.4716660317436,1,1,1,3705.9999999999977,1
OUTER_TRAINING_INNER,mpx_010,mpx_003,mpx_003,17,17,0.48783049363845926,0.8466595786061495,4023.8300639711797,1,1,1,2944.000000000001,1
OUTER_TRAINING_INNER,mpx_010,mpx_003,mpx_003,18,18,0.529793221157696,0.8890425908924627,3877.8626455014055,0,,0,2873.0,1
OUTER_TRAINING_INNER,mpx_010,mpx_003,mpx_003,19,19,0.4345594250170257,0.8343583779052717,3220.3774804962986,0,,0,3020.0000000000005,1
OUTER_TRAINING_INNER,mpx_010,mpx_003,mpx_003,20,20,0.39463467817147235,0.807878328561118,2909.958714179023,0,,0,3369.0000000000005,1
OUTER_TRAINING_INNER,mpx_010,mpx_003,mpx_003,21,21,0.34684927090264517,0.7763985616730388,2402.204784541021,0,1,1,1514.9999999999964,1
OUTER_TRAINING_INNER,mpx_010,mpx_003,mpx_003,22,22,0.34957702252231526,0.8236597842527671,1726.6444058293248,0,1,1,795.0000000000009,1
OUTER_TRAINING_INNER,mpx_010,mpx_003,mpx_003,23,23,0.2943369509184626,0.742438367479492,1667.7142845266399,0,1,1,365.0000000000022,1
OUTER_TRAINING_INNER,mpx_010,mpx_003,mpx_003,24,24,0.2369384227179061,0.6981945368795913,911.6499582684955,0,1,1,517.0000000000017,1
OUTER_TRAINING_INNER,mpx_010,mpx_003,mpx_003,25,25,0.20502107289344632,0.600378634539237,1012.579932560631,0,1,1,536.9999999999972,1
OUTER_TRAINING_INNER,mpx_010,mpx_003,mpx_003,26,26,0.19077271137975796,0.585081250790722,761.7436868711087,0,,0,536.9999999999972,1
OUTER_TRAINING_INNER,mpx_010,mpx_003,mpx_003,27,27,0.17827764946304,0.5454959010249225,718.5466436719835,0,1,1,154.99999999999883,1
OUTER_TRAINING_INNER,mpx_010,mpx_003,mpx_003,28,28,0.14897964148572862,0.46969559132874644,440.1528395613799,0,0,1,56.000000000004306,1
OUTER_TRAINING_INNER,mpx_010,mpx_003,mpx_003,29,29,0.14278483425466393,0.4666223746475851,235.27236768637925,0,0,1,209.00000000000358,1
OUTER_TRAINING_INNER,mpx_010,mpx_003,mpx_003,30,30,0.1363699256193748,0.4083766945880167,465.7505787397127,0,0,1,228.99999999999903,1
OUTER_TRAINING_INNER,mpx_010,mpx_003,mpx_003,31,31,0.1268035093268877,0.40884487692270305,128.62753795464545,0,,0,172.99999999999474,1
OUTER_TRAINING_INNER,mpx_010,mpx_003,mpx_003,32,32,0.11453322703325801,0.41486145562828486,0.0,0,0,1,19.99999999999545,1
OUTER_TRAINING_INNER,mpx_010,mpx_003,mpx_003,33,33,0.11034855885724248,0.40157498720641704,0.0,0,,0,0.0,1
OUTER_TRAINING_INNER,mpx_010,mpx_003,mpx_003,34,34,0.10640404911863612,0.39189067591951726,0.0,0,,0,0.0,1
OUTER_TRAINING_INNER,mpx_010,mpx_003,mpx_003,35,35,0.10435335357596723,0.3868221271513451,0.0,0,,0,0.0,1
OUTER_TRAINING_INNER,mpx_010,mpx_003,mpx_003,36,36,0.10364171678161976,0.3854344311420873,0.0,0,,0,0.0,1
OUTER_TRAINING_INNER,mpx_010,mpx_003,mpx_003,37,37,0.10295125223021474,0.384082267300554,0.0,0,,0,0.0,1
OUTER_TRAINING_INNER,mpx_010,mpx_003,mpx_003,38,38,0.10228462880637801,0.38277053866393085,0.0,0,,0,0.0,1
OUTER_TRAINING_INNER,mpx_010,mpx_003,mpx_003,39,39,0.10163697012667744,0.3814909429035857,0.0,0,,0,nan,0
OUTER_TRAINING_INNER,mpx_010,mpx_003,mpx_003,40,40,0.10100662116514836,0.38024073985336754,0.0,0,,0,nan,0
OUTER_TRAINING_INNER,mpx_010,mpx_003,mpx_003,41,41,0.10039627887007208,0.3790248849775864,0.0,0,,0,nan,0
OUTER_TRAINING_INNER,mpx_010,mpx_004,mpx_004,3,3,0.8757605026029907,0.941700169683449,10726.74491548424,1,1,1,16319.999999999998,1
OUTER_TRAINING_INNER,mpx_010,mpx_004,mpx_004,4,4,0.7965876557306057,0.9106978247504918,9085.091713411979,1,1,1,14220.999999999998,1
OUTER_TRAINING_INNER,mpx_010,mpx_004,mpx_004,5,5,0.7991735453612528,0.92276427251926,8737.695114720273,1,1,1,10523.000000000002,1
OUTER_TRAINING_INNER,mpx_010,mpx_004,mpx_004,6,6,0.7449340437767709,0.907466052958861,7741.1228992818715,1,1,1,4285.000000000003,1
OUTER_TRAINING_INNER,mpx_010,mpx_004,mpx_004,7,7,0.7036980913958361,0.9018182440335237,6958.007085301644,1,1,1,8679.000000000004,1
OUTER_TRAINING_INNER,mpx_010,mpx_004,mpx_004,8,8,0.6330124289143093,0.861330382440069,6363.470011965162,1,1,1,11343.999999999998,1
OUTER_TRAINING_INNER,mpx_010,mpx_004,mpx_004,9,9,0.5949922226184332,0.841020807868208,5955.377619599671,1,,0,10434.000000000002,1
OUTER_TRAINING_INNER,mpx_010,mpx_004,mpx_004,10,10,0.6692709066000401,0.9115313147332083,5845.491983196245,1,1,1,6842.0,1
OUTER_TRAINING_INNER,mpx_010,mpx_004,mpx_004,11,11,0.595403399373357,0.8818264469355146,5111.127608319809,1,1,1,4879.000000000004,1
OUTER_TRAINING_INNER,mpx_010,mpx_004,mpx_004,12,12,0.545907586500245,0.8545815557813948,4727.874567125959,1,1,1,4905.999999999997,1
OUTER_TRAINING_INNER,mpx_010,mpx_004,mpx_004,13,13,0.5293684787184032,0.8596564783086248,4289.447808834736,1,1,1,4575.999999999999,1
OUTER_TRAINING_INNER,mpx_010,mpx_004,mpx_004,14,14,0.4280179864736134,0.8167837904890195,3241.616408709858,0,,0,3157.9999999999973,1
OUTER_TRAINING_INNER,mpx_010,mpx_004,mpx_004,15,15,0.35403823963275843,0.772972546515762,2502.0671106327004,0,1,1,2886.0000000000027,1
OUTER_TRAINING_INNER,mpx_010,mpx_004,mpx_004,16,16,0.48550896462792026,0.8532028858059226,3554.6468746616715,0,1,1,765.0000000000022,1
OUTER_TRAINING_INNER,mpx_010,mpx_004,mpx_004,17,17,0.3716226792298794,0.7832032991654576,2622.5116534870167,0,,0,753.999999999999,1
OUTER_TRAINING_INNER,mpx_010,mpx_004,mpx_004,18,18,0.3446601728324598,0.766828794558672,2302.558672937239,0,1,1,651.9999999999994,1
OUTER_TRAINING_INNER,mpx_010,mpx_004,mpx_004,19,19,0.3091972489734123,0.7352211984238803,1933.402025699623,0,1,1,526.9999999999994,1
OUTER_TRAINING_INNER,mpx_010,mpx_004,mpx_004,20,20,0.25143826540159225,0.6775115858357607,1319.8516396704615,0,1,1,635.0000000000033,1
OUTER_TRAINING_INNER,mpx_010,mpx_004,mpx_004,21,21,0.22723173245203554,0.6288886115899084,1195.11528141439,0,,0,377.99999999999926,1
OUTER_TRAINING_INNER,mpx_010,mpx_004,mpx_004,22,22,0.2274913719455646,0.6102724915045393,1295.992522101036,0,,0,437.99999999999693,1
OUTER_TRAINING_INNER,mpx_010,mpx_004,mpx_004,23,23,0.23598723535305266,0.5887683928794306,1547.5294585472138,0,1,1,185.99999999999747,1
OUTER_TRAINING_INNER,mpx_010,mpx_004,mpx_004,24,24,0.18266520396436045,0.5129443726327413,889.5556682123712,0,,0,182.99999999999815,1
OUTER_TRAINING_INNER,mpx_010,mpx_004,mpx_004,25,25,0.18182732155208844,0.49969863787183216,963.2197022043998,0,0,1,118.00000000000156,1
OUTER_TRAINING_INNER,mpx_010,mpx_004,mpx_004,26,26,0.15401225241135583,0.4346657448767027,666.3198228263785,0,0,1,72.00000000000067,1
OUTER_TRAINING_INNER,mpx_010,mpx_004,mpx_004,27,27,0.1348234357790157,0.3946605316742568,362.9321507081878,0,,0,82.00000000000408,1
OUTER_TRAINING_INNER,mpx_010,mpx_004,mpx_004,28,28,0.13238260998494258,0.3906500565920665,296.7327910153875,0,,0,17.000000000001815,1
OUTER_TRAINING_INNER,mpx_010,mpx_004,mpx_004,29,29,0.12912679028539578,0.38183970695278013,246.30002879400556,0,,0,17.000000000001815,1
OUTER_TRAINING_INNER,mpx_010,mpx_004,mpx_004,30,30,0.14233344218815572,0.4040153251802937,484.35592134252755,0,,0,0.0,1
OUTER_TRAINING_INNER,mpx_010,mpx_004,mpx_004,31,31,0.1349930086005841,0.3906488830387894,350.60768647713684,0,,0,0.0,1
OUTER_TRAINING_INNER,mpx_010,mpx_004,mpx_004,32,32,0.12802258044332487,0.37762342186125275,217.78550324864727,0,,0,0.0,1
OUTER_TRAINING_INNER,mpx_010,mpx_004,mpx_004,33,33,0.12709926740780916,0.3761344184853377,190.72080768369688,0,,0,0.0,1
OUTER_TRAINING_INNER,mpx_010,mpx_004,mpx_004,34,34,0.1262022998809851,0.374682256868695,164.2566911262029,0,,0,nan,0
OUTER_TRAINING_INNER,mpx_010,mpx_004,mpx_004,35,35,0.1253379333293551,0.37327644084120604,138.60392027336457,0,,0,nan,0
OUTER_TRAINING_INNER,mpx_010,mpx_004,mpx_004,36,36,0.12450473795945186,0.3719151928184234,113.7354409223874,0,,0,nan,0
OUTER_TRAINING_INNER,mpx_010,mpx_005,mpx_005,3,3,0.8807447838445074,0.9554043450579665,10843.966870888484,1,1,1,12022.0,1
OUTER_TRAINING_INNER,mpx_010,mpx_005,mpx_005,4,4,0.8239253349569801,0.9306709208410359,9612.814168425175,1,,0,8560.000000000002,1
OUTER_TRAINING_INNER,mpx_010,mpx_005,mpx_005,5,5,0.7647614020214477,0.9113723265717035,8492.407686889494,1,1,1,8196.000000000002,1
OUTER_TRAINING_INNER,mpx_010,mpx_005,mpx_005,6,6,0.7582031843145147,0.914746920452387,8168.001959883069,1,1,1,11210.000000000002,1
OUTER_TRAINING_INNER,mpx_010,mpx_005,mpx_005,7,7,0.7147987011316753,0.9027566809940916,7404.967244552826,1,1,1,9394.999999999998,1
OUTER_TRAINING_INNER,mpx_010,mpx_005,mpx_005,8,8,0.7036894100304998,0.9154288762155376,6801.671214124042,1,1,1,11936.0,1
OUTER_TRAINING_INNER,mpx_010,mpx_005,mpx_005,9,9,0.6491040051484798,0.8930003858718869,6204.492882907214,1,1,1,8981.999999999996,1
OUTER_TRAINING_INNER,mpx_010,mpx_005,mpx_005,10,10,0.63010563736688,0.8979385337378034,5709.087859052442,1,1,1,8682.999999999996,1
OUTER_TRAINING_INNER,mpx_010,mpx_005,mpx_005,11,11,0.5592074687129668,0.8725272413626677,4910.415278140522,1,1,1,5811.999999999996,1
OUTER_TRAINING_INNER,mpx_010,mpx_005,mpx_005,12,12,0.5255636609756744,0.8645797752119132,4443.248876274068,1,,0,4132.000000000003,1
OUTER_TRAINING_INNER,mpx_010,mpx_005,mpx_005,13,13,0.41832512252740645,0.8081565597233975,3430.341350138476,0,,0,3279.000000000004,1
OUTER_TRAINING_INNER,mpx_010,mpx_005,mpx_005,14,14,0.3524508444871381,0.7632955891110833,2759.1374308835843,0,,0,2340.000000000002,1
OUTER_TRAINING_INNER,mpx_010,mpx_005,mpx_005,15,15,0.34699869952071544,0.7567551009919721,2695.529497315808,0,,0,1690.0000000000018,1
OUTER_TRAINING_INNER,mpx_010,mpx_005,mpx_005,16,16,0.3135736710839149,0.7314478306907729,2333.8226728018262,0,1,1,638.9999999999967,1
OUTER_TRAINING_INNER,mpx_010,mpx_005,mpx_005,17,17,0.28377156432611406,0.6959258789849612,2058.4329989208663,0,1,1,1306.9999999999982,1
OUTER_TRAINING_INNER,mpx_010,mpx_005,mpx_005,18,18,0.2944707649975039,0.7178018629459366,2039.44178371634,0,,0,1289.9999999999964,1
OUTER_TRAINING_INNER,mpx_010,mpx_005,mpx_005,19,19,0.299433502124362,0.7673497843019818,1567.3299211850676,0,1,1,1226.9999999999993,1
OUTER_TRAINING_INNER,mpx_010,mpx_005,mpx_005,20,20,0.2620745475854033,0.7506915596217139,998.6389706742867,0,1,1,686.0000000000031,1
OUTER_TRAINING_INNER,mpx_010,mpx_005,mpx_005,21,21,0.2263764230563594,0.6968509496783581,780.9137465765451,0,1,1,319.0000000000013,1
OUTER_TRAINING_INNER,mpx_010,mpx_005,mpx_005,22,22,0.1892437794756452,0.6183112902325769,527.477780303106,0,,0,239.00000000000244,1
OUTER_TRAINING_INNER,mpx_010,mpx_005,mpx_005,23,23,0.17309908965438786,0.5574646778077469,572.0191805224231,0,,0,114.99999999999656,1
OUTER_TRAINING_INNER,mpx_010,mpx_005,mpx_005,24,24,0.163150672562036,0.5343388303766736,445.2116770406762,0,,0,240.00000000000222,1
OUTER_TRAINING_INNER,mpx_010,mpx_005,mpx_005,25,25,0.16075843223102454,0.5161481148430083,504.60268236235714,0,,0,216.000000000002,1
OUTER_TRAINING_INNER,mpx_010,mpx_005,mpx_005,26,26,0.1545111682222033,0.491494334572607,489.0327830569163,0,,0,178.00000000000497,1
OUTER_TRAINING_INNER,mpx_010,mpx_005,mpx_005,27,27,0.2835257065811468,0.7342909985153016,1655.1022019291465,0,0,1,0.0,1
OUTER_TRAINING_INNER,mpx_010,mpx_005,mpx_005,28,28,0.2065098091060588,0.6238593339724854,875.310555484746,0,0,1,0.0,1
OUTER_TRAINING_INNER,mpx_010,mpx_005,mpx_005,29,29,0.14633526052072227,0.4996207890324892,96.87078974288747,0,0,1,0.0,1
OUTER_TRAINING_INNER,mpx_010,mpx_005,mpx_005,30,30,0.14519327485838934,0.49798612024678934,65.61569238439105,0,0,1,0.0,1
OUTER_TRAINING_INNER,mpx_010,mpx_005,mpx_005,31,31,0.14409324604167043,0.49640178563268467,35.309001961179405,0,0,1,0.0,1
OUTER_TRAINING_INNER,mpx_010,mpx_005,mpx_005,32,32,0.14303265039445864,0.494865059738868,5.900697007788835,0,0,1,nan,0
OUTER_TRAINING_INNER,mpx_010,mpx_005,mpx_005,33,33,0.14201055732323767,0.4933752549002311,0.0,0,0,1,nan,0
OUTER_TRAINING_INNER,mpx_010,mpx_005,mpx_005,34,34,0.14102394976346658,0.4919288979140746,0.0,0,0,1,nan,0
OUTER_TRAINING_INNER,mpx_010,mpx_006,mpx_006,3,3,0.878150820790021,0.9561885746105164,10887.891924683543,1,1,1,16202.000000000002,1
OUTER_TRAINING_INNER,mpx_010,mpx_006,mpx_006,4,4,0.8049446257019189,0.9305192878395708,9420.018786371927,1,,0,10009.999999999998,1
OUTER_TRAINING_INNER,mpx_010,mpx_006,mpx_006,5,5,0.737643875121017,0.9031948969394161,8524.703667411613,1,1,1,8824.999999999998,1
OUTER_TRAINING_INNER,mpx_010,mpx_006,mpx_006,6,6,0.7223707756851852,0.9082603983879459,7838.79262873504,1,1,1,2748.0,1
OUTER_TRAINING_INNER,mpx_010,mpx_006,mpx_006,7,7,0.7264546913996076,0.9284388519736609,7311.403195488652,1,,0,6090.000000000001,1
OUTER_TRAINING_INNER,mpx_010,mpx_006,mpx_006,8,8,0.6467698525534231,0.9016676487832942,6517.917147185403,1,1,1,8053.000000000004,1
OUTER_TRAINING_INNER,mpx_010,mpx_006,mpx_006,9,9,0.6621107046899598,0.9132243205016196,6395.311018581485,1,,0,10693.0,1
OUTER_TRAINING_INNER,mpx_010,mpx_006,mpx_006,10,10,0.621819310885878,0.8796137735786401,6326.189308194925,1,1,1,7261.000000000002,1
OUTER_TRAINING_INNER,mpx_010,mpx_006,mpx_006,11,11,0.6150181391476593,0.9002370892618057,5578.970653322931,1,1,1,5897.999999999999,1
OUTER_TRAINING_INNER,mpx_010,mpx_006,mpx_006,12,12,0.5857487482055924,0.8917072233127021,5278.355472191912,1,1,1,2806.9999999999977,1
OUTER_TRAINING_INNER,mpx_010,mpx_006,mpx_006,13,13,0.5119014241718549,0.8632898241530803,4635.321999082764,1,1,1,1639.9999999999961,1
OUTER_TRAINING_INNER,mpx_010,mpx_006,mpx_006,14,14,0.45433464831921655,0.8320284645883194,4198.607478764987,1,,0,1329.9999999999986,1
OUTER_TRAINING_INNER,mpx_010,mpx_006,mpx_006,15,15,0.4275348336330578,0.812592964446565,4021.5088963345033,1,1,1,2889.000000000002,1
OUTER_TRAINING_INNER,mpx_010,mpx_006,mpx_006,16,16,0.40630481403828267,0.7954573921529576,3860.1704148014055,1,1,1,4718.000000000001,1
OUTER_TRAINING_INNER,mpx_010,mpx_006,mpx_006,17,17,0.4299138234849425,0.8090521847305533,4024.8560478278405,1,1,1,4975.999999999999,1
OUTER_TRAINING_INNER,mpx_010,mpx_006,mpx_006,18,18,0.4770522986482737,0.8641259965280387,3779.628994288392,0,,0,3559.999999999997,1
OUTER_TRAINING_INNER,mpx_010,mpx_006,mpx_006,19,19,0.37591255357391196,0.829883171268557,2568.017815836034,0,,0,2387.0000000000023,1
OUTER_TRAINING_INNER,mpx_010,mpx_006,mpx_006,20,20,0.2986859691294529,0.7818820685447478,1836.2092658648385,0,1,1,1679.0000000000043,1
OUTER_TRAINING_INNER,mpx_010,mpx_006,mpx_006,21,21,0.3478534999072574,0.8429134242821269,1740.997352076254,0,,0,1108.0000000000036,1
OUTER_TRAINING_INNER,mpx_010,mpx_006,mpx_006,22,22,0.3192281249577899,0.8336312848748512,1331.1861819494227,0,,0,278.99999999999903,1
OUTER_TRAINING_INNER,mpx_010,mpx_006,mpx_006,23,23,0.33053364879722397,0.8538916984773416,1072.7651278632638,0,1,1,307.9999999999981,1
OUTER_TRAINING_INNER,mpx_010,mpx_006,mpx_006,24,24,0.3066176188635112,0.7737815510726428,1525.7338759421236,0,0,1,307.9999999999981,1
OUTER_TRAINING_INNER,mpx_010,mpx_006,mpx_006,25,25,0.19715512149236447,0.6460833145358432,607.1635493729835,0,,0,272.0000000000006,1
OUTER_TRAINING_INNER,mpx_010,mpx_006,mpx_006,26,26,0.2021299581402019,0.6997367551165427,177.90517630499693,0,,0,0.0,1
OUTER_TRAINING_INNER,mpx_010,mpx_006,mpx_006,27,27,0.1754192754171537,0.6577525484207382,0.0,0,,0,0.0,1
OUTER_TRAINING_INNER,mpx_010,mpx_006,mpx_006,28,28,0.14919882573770032,0.6103294106885166,0.0,0,,0,0.0,1
OUTER_TRAINING_INNER,mpx_010,mpx_006,mpx_006,29,29,0.1534997753967956,0.5450219975270602,393.5433825747753,0,0,1,0.0,1
OUTER_TRAINING_INNER,mpx_010,mpx_006,mpx_006,30,30,0.1352996229384582,0.5061384828032804,148.8903560111247,0,0,1,0.0,1
OUTER_TRAINING_INNER,mpx_010,mpx_006,mpx_006,31,31,0.11900665931208158,0.4672675305994301,0.0,0,0,1,0.0,1
OUTER_TRAINING_INNER,mpx_010,mpx_006,mpx_006,32,32,0.11811911826554308,0.46572917869900426,0.0,0,0,1,0.0,1
OUTER_TRAINING_INNER,mpx_010,mpx_006,mpx_006,33,33,0.11726491037876567,0.4642396436301814,0.0,0,0,1,0.0,1
OUTER_TRAINING_INNER,mpx_010,mpx_006,mpx_006,34,34,0.11643658841569497,0.4627876965266792,0.0,0,0,1,nan,0
OUTER_TRAINING_INNER,mpx_010,mpx_006,mpx_006,35,35,0.11563774095571179,0.4613793910525751,0.0,0,0,1,nan,0
OUTER_TRAINING_INNER,mpx_010,mpx_006,mpx_006,36,36,0.11486615822153262,0.4600116552921748,0.0,0,0,1,nan,0
OUTER_TRAINING_INNER,mpx_010,mpx_007,mpx_007,3,3,0.8618108689264211,0.9471332297726525,10267.068697012362,1,1,1,9875.999999999998,1
OUTER_TRAINING_INNER,mpx_010,mpx_007,mpx_007,4,4,0.8122313881377305,0.9356566426124645,9029.954605559898,1,1,1,13190.000000000002,1
OUTER_TRAINING_INNER,mpx_010,mpx_007,mpx_007,5,5,0.7967496640626024,0.9309943500502557,8577.390049418687,1,1,1,8086.999999999998,1
OUTER_TRAINING_INNER,mpx_010,mpx_007,mpx_007,6,6,0.7363860137372701,0.9131558491541324,7585.687549432974,1,1,1,7104.000000000004,1
OUTER_TRAINING_INNER,mpx_010,mpx_007,mpx_007,7,7,0.6909042252111368,0.8961932001517369,6927.401070272525,1,1,1,7542.0,1
OUTER_TRAINING_INNER,mpx_010,mpx_007,mpx_007,8,8,0.6278596440727813,0.8710266862709808,6189.876868831996,1,1,1,8043.0,1
OUTER_TRAINING_INNER,mpx_010,mpx_007,mpx_007,9,9,0.6207516630495405,0.8760350781595584,5933.214917123082,1,1,1,8152.999999999997,1
OUTER_TRAINING_INNER,mpx_010,mpx_007,mpx_007,10,10,0.5951227932554409,0.8930323256491133,5032.250635310338,1,1,1,3253.999999999998,1
OUTER_TRAINING_INNER,mpx_010,mpx_007,mpx_007,11,11,0.5336890554612302,0.866118819968967,4448.140742906333,1,1,1,4397.0,1
OUTER_TRAINING_INNER,mpx_010,mpx_007,mpx_007,12,12,0.4803194064960733,0.8493370162560573,3784.5249023174056,1,1,1,2961.0000000000027,1
OUTER_TRAINING_INNER,mpx_010,mpx_007,mpx_007,13,13,0.451192938684715,0.8263858860991566,3604.6776708026646,1,1,1,3321.0,1
OUTER_TRAINING_INNER,mpx_010,mpx_007,mpx_007,14,14,0.4766908563796946,0.8344744933156389,3841.2716481662833,0,,0,880.9999999999984,1
OUTER_TRAINING_INNER,mpx_010,mpx_007,mpx_007,15,15,0.4259138292177434,0.8002072261489348,3408.4106584864176,0,1,1,2508.9999999999973,1
OUTER_TRAINING_INNER,mpx_010,mpx_007,mpx_007,16,16,0.37723704922323176,0.7863839238383682,2719.1198552078336,0,,0,2801.999999999999,1
OUTER_TRAINING_INNER,mpx_010,mpx_007,mpx_007,17,17,0.42909726679601173,0.8328881551143533,2976.375071399943,0,,0,2894.000000000001,1
OUTER_TRAINING_INNER,mpx_010,mpx_007,mpx_007,18,18,0.3544066253657902,0.8050199342555412,2036.7332325572836,0,1,1,1149.0,1
OUTER_TRAINING_INNER,mpx_010,mpx_007,mpx_007,19,19,0.2975709743757695,0.7945175867061582,1103.3236579827346,0,1,1,733.0000000000038,1
OUTER_TRAINING_INNER,mpx_010,mpx_007,mpx_007,20,20,0.2852177435146545,0.7606559303714441,1212.8157622164085,0,1,1,622.0000000000006,1
OUTER_TRAINING_INNER,mpx_010,mpx_007,mpx_007,21,21,0.2749555043747328,0.7450033141617616,1142.6405346897552,0,1,1,631.9999999999983,1
OUTER_TRAINING_INNER,mpx_010,mpx_007,mpx_007,22,22,0.22033385842552328,0.6503261944934517,818.8748258088682,0,,0,163.9999999999968,1
OUTER_TRAINING_INNER,mpx_010,mpx_007,mpx_007,23,23,0.21060166303248243,0.6607241758480911,483.8069136351171,0,1,1,419.00000000000125,1
OUTER_TRAINING_INNER,mpx_010,mpx_007,mpx_007,24,24,0.1877147783278694,0.6064722577556673,347.591289771322,0,,0,439.0000000000024,1
OUTER_TRAINING_INNER,mpx_010,mpx_007,mpx_007,25,25,0.17423823533642527,0.5458457622718662,445.46403151332703,0,,0,336.0000000000031,1
OUTER_TRAINING_INNER,mpx_010,mpx_007,mpx_007,26,26,0.1495565219734794,0.4899641402943906,143.1903010886469,0,0,1,119.00000000000134,1
OUTER_TRAINING_INNER,mpx_010,mpx_007,mpx_007,27,27,0.139772411145667,0.4562254638251302,69.90015702783215,0,,0,71.0000000000009,1
OUTER_TRAINING_INNER,mpx_010,mpx_007,mpx_007,28,28,0.13788160269742433,0.4573693762888901,0.0,0,0,1,54.99999999999885,1
OUTER_TRAINING_INNER,mpx_010,mpx_007,mpx_007,29,29,0.13327800757164038,0.4340736586969132,0.0,0,,0,0.0,1
OUTER_TRAINING_INNER,mpx_010,mpx_007,mpx_007,30,30,0.12637285997505207,0.41806400584111997,0.0,0,,0,0.0,1
OUTER_TRAINING_INNER,mpx_010,mpx_007,mpx_007,31,31,0.12236742092724115,0.40864313188679113,0.0,0,,0,0.0,1
OUTER_TRAINING_INNER,mpx_010,mpx_007,mpx_007,32,32,0.12145561905363533,0.4070659011139978,0.0,0,,0,0.0,1
OUTER_TRAINING_INNER,mpx_010,mpx_007,mpx_007,33,33,0.12057444967876317,0.40553430280822683,0.0,0,,0,nan,0
OUTER_TRAINING_INNER,mpx_010,mpx_007,mpx_007,34,34,0.11972467225690261,0.4040498816754764,0.0,0,,0,nan,0
OUTER_TRAINING_INNER,mpx_010,mpx_007,mpx_007,35,35,0.1188835464555022,0.40257705368206453,0.0,0,,0,nan,0
OUTER_TRAINING_INNER,mpx_010,mpx_008,mpx_008,3,3,0.8876182249796964,0.953869162798851,10867.343503956045,1,1,1,16309.0,1
OUTER_TRAINING_INNER,mpx_010,mpx_008,mpx_008,4,4,0.8358420340454025,0.9363454041564868,9525.344527172227,1,1,1,13634.000000000004,1
OUTER_TRAINING_INNER,mpx_010,mpx_008,mpx_008,5,5,0.7751303221312799,0.9116587455821071,8580.948938211519,1,1,1,13576.0,1
OUTER_TRAINING_INNER,mpx_010,mpx_008,mpx_008,6,6,0.7742352320484108,0.931407635548846,7873.502158357394,1,1,1,10204.999999999996,1
OUTER_TRAINING_INNER,mpx_010,mpx_008,mpx_008,7,7,0.7261175205961315,0.9362854130485542,6734.613969337431,1,1,1,7451.999999999998,1
OUTER_TRAINING_INNER,mpx_010,mpx_008,mpx_008,8,8,0.6436532841801563,0.8919382959692826,6179.611981336656,1,1,1,6065.000000000001,1
OUTER_TRAINING_INNER,mpx_010,mpx_008,mpx_008,9,9,0.5885845384662186,0.8723603633685014,5522.085068255712,1,1,1,2917.0000000000014,1
OUTER_TRAINING_INNER,mpx_010,mpx_008,mpx_008,10,10,0.5455235266129573,0.8848028153772565,4687.062779458284,1,,0,1457.999999999998,1
OUTER_TRAINING_INNER,mpx_010,mpx_008,mpx_008,11,11,0.4970048891439221,0.8607137843216494,4308.710791128194,1,1,1,3200.999999999999,1
OUTER_TRAINING_INNER,mpx_010,mpx_008,mpx_008,12,12,0.4938900254905157,0.8638776539882004,4155.218658559249,1,1,1,3494.0000000000005,1
OUTER_TRAINING_INNER,mpx_010,mpx_008,mpx_008,13,13,0.4972586028740724,0.8676396616641947,4087.4773643392114,1,1,1,4109.000000000003,1
OUTER_TRAINING_INNER,mpx_010,mpx_008,mpx_008,14,14,0.5283280881255251,0.871864200464734,4307.895546803508,1,1,1,4693.000000000001,1
OUTER_TRAINING_INNER,mpx_010,mpx_008,mpx_008,15,15,0.4322840473933812,0.8073228120649837,3653.4400936903917,1,1,1,4020.0000000000005,1
OUTER_TRAINING_INNER,mpx_010,mpx_008,mpx_008,16,16,0.3628228010599556,0.7783871813591818,2899.2464602146874,0,1,1,3303.999999999998,1
OUTER_TRAINING_INNER,mpx_010,mpx_008,mpx_008,17,17,0.3983742341046804,0.7783856110246077,3177.409386198101,0,,0,1000.9999999999995,1
OUTER_TRAINING_INNER,mpx_010,mpx_008,mpx_008,18,18,0.3498291012149909,0.7603247798935991,2631.6735463890554,0,,0,1258.9999999999977,1
OUTER_TRAINING_INNER,mpx_010,mpx_008,mpx_008,19,19,0.2905982884654583,0.7211603344655315,1988.6096551603498,0,1,1,686.0000000000031,1
OUTER_TRAINING_INNER,mpx_010,mpx_008,mpx_008,20,20,0.2884418149219912,0.7430328459685105,1757.3412116695379,0,1,1,528.999999999999,1
OUTER_TRAINING_INNER,mpx_010,mpx_008,mpx_008,21,21,0.2596253945362203,0.721262726717246,1421.3423627607722,0,1,1,1065.000000000002,1
OUTER_TRAINING_INNER,mpx_010,mpx_008,mpx_008,22,22,0.25783051147010977,0.6769028821968178,1631.7944869330834,0,1,1,1399.0,1
OUTER_TRAINING_INNER,mpx_010,mpx_008,mpx_008,23,23,0.24252297460084066,0.6550870487420901,1483.9952539770952,0,,0,1629.0000000000043,1
OUTER_TRAINING_INNER,mpx_010,mpx_008,mpx_008,24,24,0.28720602711406223,0.7055815700965129,1786.332307666736,0,,0,777.9999999999991,1
OUTER_TRAINING_INNER,mpx_010,mpx_008,mpx_008,25,25,0.212707103025693,0.6063697646655776,996.8083068080525,0,,0,350.9999999999997,1
OUTER_TRAINING_INNER,mpx_010,mpx_008,mpx_008,26,26,0.18713297688125727,0.5487343659462749,749.9228548399914,0,0,1,74.99999999999999,1
OUTER_TRAINING_INNER,mpx_010,mpx_008,mpx_008,27,27,0.15444283959727406,0.4932891517016439,310.64181208290546,0,0,1,13.000000000002725,1
OUTER_TRAINING_INNER,mpx_010,mpx_008,mpx_008,28,28,0.1489461248491871,0.4797492188923011,222.97627280262353,0,,0,0.0,1
OUTER_TRAINING_INNER,mpx_010,mpx_008,mpx_008,29,29,0.13966189840614132,0.45867204349180085,98.28364603564124,0,,0,0.0,1
OUTER_TRAINING_INNER,mpx_010,mpx_008,mpx_008,30,30,0.1330119520002287,0.4430784778504285,0.6829471797067299,0,,0,0.0,1
OUTER_TRAINING_INNER,mpx_010,mpx_008,mpx_008,31,31,0.13200134729919716,0.44141369448455764,0.0,0,,0,0.0,1
OUTER_TRAINING_INNER,mpx_010,mpx_008,mpx_008,32,32,0.13102883250871286,0.43980271188032977,0.0,0,,0,0.0,1
OUTER_TRAINING_INNER,mpx_010,mpx_008,mpx_008,33,33,0.13009026513248842,0.4382398284103434,0.0,0,,0,nan,0
OUTER_TRAINING_INNER,mpx_010,mpx_008,mpx_008,34,34,0.12918390675781408,0.43672284515875176,0.0,0,,0,nan,0
OUTER_TRAINING_INNER,mpx_010,mpx_008,mpx_008,35,35,0.128298228482452,0.4352347133313456,0.0,0,,0,nan,0
OUTER_TRAINING_INNER,mpx_010,mpx_009,mpx_009,3,3,0.8827355488797064,0.9560523920720024,10897.502409472792,1,1,1,11873.0,1
OUTER_TRAINING_INNER,mpx_010,mpx_009,mpx_009,4,4,0.8269922681801066,0.9422371922873222,9424.454003034813,1,,0,8400.000000000002,1
OUTER_TRAINING_INNER,mpx_010,mpx_009,mpx_009,5,5,0.7770343798566895,0.9376602142142748,8328.296962248221,1,1,1,8474.000000000002,1
OUTER_TRAINING_INNER,mpx_010,mpx_009,mpx_009,6,6,0.7737152710116831,0.9267253037315651,8399.365587308292,1,1,1,11294.000000000002,1
OUTER_TRAINING_INNER,mpx_010,mpx_009,mpx_009,7,7,0.7085985946631654,0.9023901309277074,7459.451501623667,1,1,1,10927.999999999996,1
OUTER_TRAINING_INNER,mpx_010,mpx_009,mpx_009,8,8,0.6974644750600054,0.9164294748509842,6926.021894521667,1,1,1,11375.999999999996,1
OUTER_TRAINING_INNER,mpx_010,mpx_009,mpx_009,9,9,0.6549823400364259,0.910502340936277,6129.209383917024,1,1,1,8141.0,1
OUTER_TRAINING_INNER,mpx_010,mpx_009,mpx_009,10,10,0.6187952506574766,0.8991947599113761,5633.308790495197,1,1,1,4396.0,1
OUTER_TRAINING_INNER,mpx_010,mpx_009,mpx_009,11,11,0.529493654910365,0.8761047377280092,4687.793146912323,1,,0,2846.0000000000005,1
OUTER_TRAINING_INNER,mpx_010,mpx_009,mpx_009,12,12,0.49068992391328764,0.8559524913347355,4302.296094568063,1,1,1,2088.9999999999964,1
OUTER_TRAINING_INNER,mpx_010,mpx_009,mpx_009,13,13,0.4426643264315757,0.829901789951626,3938.048668624502,1,1,1,3509.0000000000027,1
OUTER_TRAINING_INNER,mpx_010,mpx_009,mpx_009,14,14,0.399055241454975,0.805483143609545,3527.4103888436,1,,0,4806.000000000004,1
OUTER_TRAINING_INNER,mpx_010,mpx_009,mpx_009,15,15,0.40893532063762617,0.7886740976354335,3747.6382872542727,1,,0,4282.000000000003,1
OUTER_TRAINING_INNER,mpx_010,mpx_009,mpx_009,16,16,0.4191798913621422,0.7945946574116542,3658.554210406497,0,1,1,3074.999999999999,1
OUTER_TRAINING_INNER,mpx_010,mpx_009,mpx_009,17,17,0.3261588690005754,0.7663231376673296,2466.9751475680637,0,,0,1404.9999999999986,1
OUTER_TRAINING_INNER,mpx_010,mpx_009,mpx_009,18,18,0.2597726433063126,0.7145641708299556,1810.5189412151362,0,,0,628.999999999999,1
OUTER_TRAINING_INNER,mpx_010,mpx_009,mpx_009,19,19,0.29573038718878697,0.7629225931726299,1926.8754062912894,0,1,1,902.9999999999991,1
OUTER_TRAINING_INNER,mpx_010,mpx_009,mpx_009,20,20,0.2661627751375481,0.7198713653423557,1756.6108023836157,0,,0,1315.000000000002,1
OUTER_TRAINING_INNER,mpx_010,mpx_009,mpx_009,21,21,0.2416196944933103,0.6872735525023801,1563.3558647630114,0,,0,1348.0000000000002,1
OUTER_TRAINING_INNER,mpx_010,mpx_009,mpx_009,22,22,0.26228230702382876,0.7468962432269831,1255.1290862439128,0,1,1,900.9999999999995,1
OUTER_TRAINING_INNER,mpx_010,mpx_009,mpx_009,23,23,0.2308386085831881,0.7031680078568662,992.6422086385711,0,1,1,564.9999999999965,1
OUTER_TRAINING_INNER,mpx_010,mpx_009,mpx_009,24,24,0.18853993076594458,0.6359652412237076,654.6861792961196,0,1,1,571.0000000000008,1
OUTER_TRAINING_INNER,mpx_010,mpx_009,mpx_009,25,25,0.20705036012477307,0.6485796865580117,851.9434596822942,0,,0,274.99999999999994,1
OUTER_TRAINING_INNER,mpx_010,mpx_009,mpx_009,26,26,0.21046000724998115,0.6624520990591048,811.453661271815,0,,0,76.99999999999953,1
OUTER_TRAINING_INNER,mpx_010,mpx_009,mpx_009,27,27,0.2266514424771138,0.6839934280405648,993.2118793592007,0,0,1,12.99999999999704,1
OUTER_TRAINING_INNER,mpx_010,mpx_009,mpx_009,28,28,0.19258019238293825,0.6373313158519037,600.7924238903587,0,0,1,0.0,1
OUTER_TRAINING_INNER,mpx_010,mpx_009,mpx_009,29,29,0.18018269541144918,0.6204043426588837,452.0010173886975,0,0,1,0.0,1
OUTER_TRAINING_INNER,mpx_010,mpx_009,mpx_009,30,30,0.16013734540553176,0.5925242105054395,195.3764077905761,0,0,1,0.0,1
OUTER_TRAINING_INNER,mpx_010,mpx_009,mpx_009,31,31,0.15881646180754294,0.590705916724761,163.3485929252207,0,0,1,0.0,1
OUTER_TRAINING_INNER,mpx_010,mpx_009,mpx_009,32,32,0.15753525184681075,0.5889264220573031,132.11432128058482,0,0,1,0.0,1
OUTER_TRAINING_INNER,mpx_010,mpx_009,mpx_009,33,33,0.15643339665167638,0.5874756857820068,103.20328036534076,0,0,1,0.0,1
OUTER_TRAINING_INNER,mpx_010,mpx_009,mpx_009,34,34,0.15536929532333893,0.5860654276286648,75.12267893477002,0,0,1,nan,0
OUTER_TRAINING_INNER,mpx_010,mpx_009,mpx_009,35,35,0.15434050304597738,0.5846932520508695,47.821836549079364,0,0,1,nan,0
OUTER_TRAINING_INNER,mpx_010,mpx_009,mpx_009,36,36,0.15334562533669494,0.5833579739569117,21.278292326049097,0,0,1,nan,0
